code,name,trading_value,open_price,high_price,low_price,close_price
00411A,主動統一前沿科技,55714507,9.68,9.72,9.62,9.64
006201,元大富櫃50,5879583,43.8,44.11,43.1,43.12
00679B,元大美債20年,472934900,25.38,25.42,25.32,25.32
00687B,國泰20年美債,329949258,26.71,26.75,26.66,26.66
00687C,國泰20年美債+櫃U,223500,8.94,8.94,8.94,8.94
00694B,富邦美債1-3,11216693,41.42,41.7,41.42,41.7
00695B,富邦美債7-10,12574319,34.1,34.14,34.09,34.13
00696B,富邦美債20年,93981753,27.67,27.69,27.6,27.61
00697B,元大美債7-10,13513122,34.68,34.71,34.62,34.69
00719B,元大美債1-3,31938551,30.87,31.04,30.87,31.04
00720B,元大投資級公司債,82532963,31.48,31.52,31.42,31.46
00722B,群益投資級電信債,81782799,33.7,33.82,33.7,33.76
00723B,群益投資級科技債,2987950,29.05,29.05,28.99,28.99
00724B,群益投資級金融債,130712965,32.22,32.26,32.17,32.18
00725B,國泰投資級公司債,48245773,33.55,33.59,33.51,33.51
00726B,國泰新興投等債,15721879,31.72,31.73,31.69,31.71
00727B,國泰優選非投等債,4277426,39.23,39.23,39.15,39.16
00734B,台新JPM新興債,3079260,15.24,15.26,15.23,15.23
00740B,富邦全球投等債,43480418,36.79,36.94,36.79,36.85
00741B,富邦全球非投等債,4433632,36.87,37.08,36.87,37.06
00746B,富邦A級公司債,17263769,33.75,33.92,33.75,33.85
00749B,凱基新興債10+,3223240,30.35,30.44,30.35,30.4
00750B,凱基科技債10+,3227880,31.34,31.34,31.28,31.28
00751B,元大AAA至A公司債,68914522,29.95,30.0,29.91,29.93
00754B,群益AAA-AA公司債,3290859,31.04,31.04,30.94,30.96
00755B,群益投資級公用債,3679633,31.08,31.13,31.08,31.11
00756B,群益投等新興公債,4896419,29.77,29.82,29.72,29.72
00758B,復華能源債,5112509,49.49,49.49,49.33,49.4
00759B,復華製藥債,5293549,51.9,51.9,51.75,51.75
00760B,復華新興企業債,5430472,51.2,51.35,51.2,51.35
00761B,國泰A級公司債,10206652,32.58,32.58,32.48,32.5
00764B,群益25年美債,116802980,26.6,26.65,26.58,26.58
00768B,復華20年美債,21613295,47.17,47.4,47.15,47.16
00772B,中信高評級公司債,35163086,31.88,31.98,31.88,31.92
00773B,中信優先金融債,58983142,34.1,34.21,34.1,34.15
00777B,凱基AAA至A公司債,3573209,30.84,30.84,30.77,30.77
00778B,凱基金融債20+,3309137,32.74,32.74,32.66,32.66
00779B,凱基美債25+,8351100,26.9,26.94,26.9,26.92
00780B,國泰A級金融債,3768868,35.82,35.83,35.81,35.82
00781B,國泰A級科技債,3249270,26.81,26.86,26.76,26.77
00782B,國泰A級公用債,3168081,28.96,28.96,28.93,28.93
00785B,富邦金融投等債,1729365,33.29,33.29,33.24,33.24
00786B,元大10年IG銀行債,749677,31.22,31.22,31.19,31.2
00787B,元大10年IG醫療債,136766,31.33,31.33,31.25,31.25
00788B,元大10年IG電能債,948148,28.67,28.68,28.58,28.58
00789B,復華公司債A3,4917480,45.49,45.49,45.42,45.42
00791B,復華信用債1-5,7287202,56.4,56.55,56.4,56.5
00792B,群益A級公司債,4390782,30.38,30.4,30.28,30.28
00793B,群益AAA-A醫療債,3224285,29.3,29.36,29.26,29.26
00795B,中信美國公債20年,125774142,25.5,25.54,25.46,25.47
00799B,國泰A級醫療債,4088764,28.05,28.1,28.03,28.03
00834B,第一金金融債10+,3265000,32.65,32.65,32.65,32.65
00836B,永豐10年A公司債,2933544,27.41,27.48,27.32,27.32
00840B,凱基IG精選15+,2837467,28.35,28.35,28.35,28.35
00841B,凱基AAA-AA公司債,2700000,27.0,27.0,27.0,27.0
00842B,台新美元銀行債,10008837,28.86,28.88,28.79,28.79
00844B,台新15年IG金融債,2433210,30.01,30.04,30.01,30.04
00845B,富邦新興投等債,3623280,31.85,32.09,31.85,32.06
00846B,富邦歐洲銀行債,3540027,34.48,34.68,34.48,34.66
00847B,中信美國市政債,8032696,24.15,24.15,24.08,24.08
00848B,中信新興亞洲債,10606862,32.94,32.95,32.89,32.89
00849B,中信EM主權債0-5,11457095,37.12,37.22,37.12,37.22
00853B,統一美債10年Aa-A,29011633,26.39,26.42,26.38,26.39
00856B,永豐1-3年美公債,48108,37.33,37.33,37.33,37.33
00857B,永豐20年美公債,49356010,22.15,22.21,22.13,22.13
00858,永豐美國500大,10403319,35.47,35.64,35.47,35.55
00859B,群益0-1年美債,134090492,41.04,41.17,41.03,41.17
00860B,群益1-5Y投資級債,3780802,37.81,37.81,37.8,37.8
00862B,中信投資級公司債,11798521,30.35,30.37,30.3,30.34
00863B,中信全球電信債,9390090,30.51,30.52,30.48,30.48
00864B,中信美國公債0-1,56677486,45.93,46.13,45.93,46.12
00867B,台新A-BBB電信債,89727,28.89,28.9,28.89,28.9
00870B,元大15年EM主權債,647227,26.96,26.96,26.94,26.94
00877,復華中國5G,60122919,36.53,37.25,36.53,36.66
00884B,中信低碳新興債,9967678,28.06,28.08,28.04,28.04
00886,永豐美國科技,1562104,47.64,48.01,47.61,47.91
00887,永豐中國科技50大,45862697,15.34,15.62,15.34,15.43
00888,永豐台灣ESG,121646655,33.78,33.93,33.6,33.62
00890B,凱基ESG BBB債15+,3113583,30.79,30.8,30.79,30.8
00928,中信上櫃ESG 30,4720461,31.64,32.19,31.31,31.31
00931B,統一美債20年,43756756,12.81,12.85,12.81,12.82
00933B,國泰10Y+金融債,84628619,15.3,15.33,15.3,15.3
00937B,群益ESG投等債20+,435805014,14.15,14.18,14.13,14.13
00942B,台新美A公司債20+,20934776,13.49,13.53,13.48,13.48
00948B,中信優息投資級債,23353607,9.03,9.05,9.02,9.03
00950B,凱基A級公司債,18674220,13.38,13.42,13.38,13.39
00955,中信日本商社,85046628,16.45,16.48,16.39,16.47
00957B,兆豐US優選投等債,1602684,12.77,12.83,12.77,12.79
00958B,永豐ESG銀行債15+,5844752,8.88,8.89,8.86,8.87
00959B,大華投等美債15Y+,4168713,8.94,8.99,8.94,8.95
00966B,統一ESG投等債15+,3618722,13.24,13.3,13.24,13.27
00967B,元大優息美債,3828561,8.76,8.76,8.74,8.75
00968B,元大優息投等債,3115937,8.9,8.9,8.84,8.85
00969B,元大零息超長美債,11382001,7.85,7.87,7.81,7.81
00970B,台新BBB投等債20+,9897439,8.9,8.91,8.89,8.9
009806,台新標普500,347767,13.82,13.82,13.57,13.57
009807,台新標普科技精選,295200,16.7,16.7,16.66,16.66
00980B,台新特選IG債10+,6148367,9.04,9.04,9.01,9.01
00980D,主動聯博投等入息,11468368,19.86,19.89,19.86,19.87
00980T,平衡凱基美國TOP,2643702,11.79,11.79,11.75,11.76
009814,富邦標普500,3882688,11.26,11.28,11.26,11.27
009815,大華美國MAG7+,23634679,11.44,11.51,11.44,11.45
00981B,第一金優選非投債,71203468,9.08,9.12,9.08,9.11
00981D,主動中信非投等債,21012818,10.25,10.26,10.23,10.26
009822,華南永昌未來金融,313069,9.72,9.77,9.7,9.7
009823,群益S&P500,22282188,10.33,10.36,10.33,10.33
009825,聯邦美國金融創新,3061931,10.0,10.02,9.99,10.0
00982B,FT投資級債20+,235888,9.35,9.35,9.34,9.34
00983B,大華優利美公債20,6537633,14.87,14.89,14.85,14.85
00984B,大華優利美A債15,17149967,15.5,15.55,15.5,15.52
00985D,主動貝萊德優投等,15491642,9.71,9.72,9.7,9.71
00986B,FT金融債10+,290590,9.37,9.39,9.37,9.38
00986D,主動復華金融債息,14113859,14.21,14.22,14.2,14.21
00987B,野村10+澳洲公債,18400347,15.51,15.54,15.5,15.5
00987D,主動統一美債量化,25879193,9.78,9.81,9.76,9.76
00988B,玉山嚴選非投債,28507260,19.33,19.33,19.27,19.32
00989B,台新美國非投等債,30800245,9.95,9.95,9.93,9.94
00990B,國泰收益非投等債,17238990,9.91,9.95,9.91,9.94
00998A,主動復華金融股息,221394508,17.81,17.82,17.74,17.75
020001,富邦存股雙十N,0,,,,
020025,統一亞洲半導體N,75730,37.69,38.04,37.69,38.04
020033,統一恒生科期N,172880,3.47,3.47,3.44,3.45
020035,元大上櫃ESG高息N,0,,,,
020040,元大上櫃ESG龍頭N,0,,,,
020041,兆豐半導體氣候N,78770,19.77,19.77,19.46,19.46
1240,茂生農經,218958,55.0,55.2,55.0,55.2
1259,安心,6208,,,,
1264,德麥,18963359,245.5,245.5,242.0,243.0
1268,漢來美食,2867137,171.5,172.0,171.0,172.0
1294,漢田生技,452169,50.8,50.9,50.7,50.7
1295,生合,197803,45.0,45.0,44.45,44.85
1336,台翰,3161968,16.5,16.55,16.1,16.1
1565,精華,12540746,96.7,96.8,96.0,96.4
1569,濱川,33043923,48.7,50.4,48.3,49.4
1570,力肯,549143,33.1,33.1,31.95,32.45
1580,新麥,21677997,96.2,96.2,95.4,96.0
1584,精剛,4527395,17.9,18.0,17.75,18.0
1586,和勤,5875840,18.05,18.05,17.75,18.0
1591,駿吉-KY,49349272,40.8,42.3,39.0,39.0
1593,祺驊,190582,31.4,31.4,31.35,31.4
1595,川寶,6112493,61.5,63.0,61.4,61.7
1599,宏佳騰,448703,23.5,23.6,23.45,23.45
1742,台蠟,349644,17.7,17.7,17.35,17.6
1777,生泰,1047929,73.7,73.7,73.0,73.4
1780,立弘,409614,24.3,24.8,24.3,24.8
1781,合世,61200,10.15,10.2,10.15,10.2
1784,訊聯,357295,58.5,58.5,58.5,58.5
1785,光洋科,226719545,94.6,96.0,93.8,93.8
1788,杏昌,1049690,128.0,128.5,128.0,128.5
1796,金穎生技,117700,29.8,29.8,29.2,29.2
1799,易威,1886047,29.1,29.1,28.85,28.85
1813,寶利徠,81475,11.25,11.35,11.25,11.25
1815,富喬,5394510280,119.0,121.5,114.5,114.5
2035,唐榮,407400,27.1,27.1,26.9,26.9
2061,風青,23394580,46.8,47.85,46.8,47.2
2063,世鎧,626327,24.0,24.0,23.55,23.65
2064,晉椿,3834100,12.55,12.7,12.15,12.15
2065,世豐,1013471,35.4,35.4,35.0,35.05
2066,世德,408353,51.5,51.5,50.7,50.7
2067,嘉鋼,4880,4.88,4.88,4.88,4.88
2070,精湛,2436497,58.8,60.9,58.6,60.1
2073,雄順,28963,25.7,25.7,25.7,25.7
2221,大甲,690894167,88.3,98.8,88.2,96.1
2230,泰茂,1224766,21.3,21.65,21.0,21.1
2235,謚源,113684,27.4,28.05,27.4,28.05
2596,綠意,5365771,36.6,36.75,36.1,36.35
2640,大車隊,7346785,155.0,157.0,155.0,156.0
2641,正德,16346198,17.55,17.55,17.25,17.25
2643,捷迅,197908,62.9,62.9,62.8,62.8
2718,全心投控,1036321,39.65,40.05,39.3,39.65
2719,燦星旅,1072,,,,
2724,藝舍-KY,86053,10.15,10.3,10.15,10.3
2726,雅茗-KY,199625,8.08,8.08,7.97,8.04
2729,瓦城,5744044,152.0,152.0,149.5,149.5
2732,六角,1810323,62.0,62.4,61.8,62.4
2734,易飛網,222861,14.55,14.7,14.55,14.6
2736,富野,187210,11.4,11.45,11.35,11.4
2740,華軒,79250,32.1,32.1,32.1,32.1
2743,山富,2017087,51.1,51.4,51.0,51.0
2745,五福,5712937,84.2,84.2,83.6,83.7
2751,王座,254699,54.0,54.4,53.1,54.3
2752,豆府,2320898,177.0,177.5,176.5,176.5
2754,亞洲藏壽司,439172,69.4,69.4,69.0,69.3
2755,揚秦,2858816,98.5,98.5,97.9,98.1
2756,聯發國際,2282185,61.2,62.0,61.2,62.0
2916,滿心,1245615,40.5,40.5,40.2,40.4
2924,宏太-KY,406644,17.0,18.75,17.0,18.2
2926,誠品生活,185705,29.8,30.0,29.75,30.0
2937,集雅社,222700,43.95,44.45,43.95,44.45
2941,米斯特,0,,,,
2947,振宇五金,1047266,60.5,60.8,60.2,60.2
2948,寶陞,112050,36.8,37.65,36.8,37.65
2949,欣新網,183816,61.2,61.2,61.1,61.2
3064,泰偉,0,,,,
3066,李洲,24928913,23.65,25.05,23.4,24.15
3067,全域,0,,,,
3071,協禧,2996176,23.5,23.55,22.75,22.8
3073,天方能源,328893,21.6,21.65,21.0,21.0
3078,僑威,14949951,43.5,43.9,43.5,43.5
3081,聯亞,6283659475,2725.0,2745.0,2650.0,2675.0
3083,網龍,2640218,22.15,22.15,21.7,21.75
3085,新零售,34759,11.15,11.5,11.15,11.4
3086,華義*,2189360,29.25,29.65,28.7,28.7
3088,艾訊,46321736,123.5,126.0,122.5,122.5
3093,港建*,7558047,44.75,44.75,43.0,43.15
3095,及成,195959,36.75,36.75,34.7,35.15
3105,穩懋,16699344578,447.5,476.0,445.5,454.0
3114,好德,2714227,29.7,30.15,29.25,29.35
3115,富榮綱,66059,8.2,8.36,8.2,8.36
3118,進階,613590,31.4,31.65,31.3,31.65
3122,笙泉,860345,23.55,23.7,23.5,23.5
3128,昇銳,13173986,20.6,21.95,20.3,20.8
3131,弘塑,586545895,2295.0,2420.0,2295.0,2320.0
3141,晶宏,471142722,88.4,94.1,87.6,91.6
3147,大綜,175403369,229.0,233.5,225.0,227.0
3152,璟德,12274685,219.5,222.5,217.0,217.0
3158,嘉實,1734168,89.4,89.4,86.1,86.1
3162,精確,145365443,71.8,71.8,68.0,68.0
3163,波若威,850037342,650.0,655.0,631.0,635.0
3169,亞信,7726499,100.0,101.0,99.6,100.0
3171,炎洲流通,275907,59.6,59.6,58.6,59.2
3176,基亞,38841508,36.5,39.0,36.5,38.05
3178,公準,2672933,58.2,59.9,58.2,59.5
3188,鑫龍騰,2113780,23.75,23.75,23.45,23.45
3191,雲嘉南,104836,16.4,16.75,16.4,16.5
3205,佰研,246340,46.4,46.4,46.35,46.35
3206,志豐,417995,34.95,34.95,34.45,34.7
3207,耀勝,3071126,36.7,37.2,36.35,36.65
3211,順達,699844952,361.0,369.5,358.0,361.0
3213,茂訊,12176316,121.0,122.0,120.5,121.0
3217,優群,20678798,126.0,127.5,126.0,127.0
3218,大學光,14296596,134.0,135.0,133.0,133.0
3219,倚強科,31058749,85.4,86.0,83.5,83.5
3221,台嘉碩,56202061,45.8,47.85,45.8,46.3
3224,三顧,130932,33.2,33.2,32.3,32.75
3226,龍鋒,1996920,55.1,55.9,55.0,55.5
3227,原相,97237722,182.0,182.0,180.0,180.0
3228,金麗科,35064569,164.0,164.5,160.0,160.5
3230,錦明,8519553,41.5,41.8,41.3,41.3
3232,昱捷,5570221,19.85,21.55,19.85,21.55
3234,光環,399095073,172.5,173.5,163.0,163.5
3236,千如,57831206,43.1,44.45,42.45,42.45
3252,海灣,333550,15.35,15.35,15.0,15.3
3259,鑫創,278769,11.0,11.05,10.9,10.9
3260,威剛,2388307429,395.0,395.0,385.0,388.5
3264,欣銓,1037701010,225.0,228.5,220.5,221.0
3265,台星科,54361732,162.0,165.5,160.5,160.5
3268,海德威,753992,17.35,17.35,17.0,17.0
3272,東碩,318621,14.0,14.05,13.95,14.05
3276,宇環,1971283,13.95,14.0,13.55,13.55
3284,太普高,1250234,19.3,19.7,19.2,19.25
3285,微端,1072088,39.8,41.5,38.3,38.3
3287,廣寰科,2088462,34.55,34.75,34.4,34.4
3288,點晶,941896,19.2,20.9,19.2,20.65
3289,宜特,48973805,134.5,134.5,129.5,129.5
3290,東浦,16825523,45.8,47.2,45.8,46.6
3293,鈊象,600801975,699.0,701.0,695.0,696.0
3294,英濟,5991555,28.75,29.4,28.65,28.65
3297,杭特,10647119,28.8,30.85,28.4,30.85
3303,岱稜,11952852,47.7,48.85,47.7,48.35
3306,鼎天,6483376,46.55,46.55,45.15,45.35
3310,佳穎,1591457,69.4,69.4,67.9,68.9
3313,斐成,419353,10.7,10.7,10.5,10.65
3317,尼克森,11991269,55.1,55.2,53.7,53.8
3322,建舜電,4196934,10.65,10.9,10.45,10.55
3323,加百裕,3848659,26.75,27.2,26.6,26.6
3324,雙鴻,5597933310,1310.0,1365.0,1240.0,1260.0
3325,旭品,1099023,11.2,11.3,11.0,11.1
3332,幸康,378260,61.5,61.5,60.1,61.4
3339,泰谷,28586840,42.35,42.4,40.9,41.5
3349,寶德,27929290,19.9,20.1,19.5,20.1
3354,律勝,44216688,27.45,30.2,27.3,27.75
3357,臺慶科,115633897,200.0,204.5,199.0,199.0
3360,尚立,4167709,14.4,14.45,14.0,14.05
3362,先進光,605710364,170.0,176.0,166.5,168.0
3363,上詮,1746877565,669.0,672.0,647.0,648.0
3372,典範,4415814,14.55,14.55,14.15,14.2
3373,熱映,290377,15.8,15.85,15.8,15.8
3374,精材,3391846168,429.0,430.5,407.0,408.5
3379,彬台,1102582,26.9,27.3,26.85,26.95
3388,崇越電,21392147,81.6,81.6,80.0,80.0
3390,旭軟,2422785,21.65,21.65,21.2,21.4
3402,漢科,11792920,123.5,124.5,123.0,123.0
3430,奇鈦科,18891961,100.5,105.0,100.5,101.0
3434,哲固,24856690,29.85,32.5,29.55,32.5
3438,類比科,2648471,62.0,62.2,60.7,61.0
3441,聯一光,6411295042,162.0,176.5,159.0,169.5
3444,利機,5648139,77.7,78.4,77.0,77.2
3455,由田,181015564,228.5,233.5,225.5,225.5
3465,進泰電子,116600,29.3,29.3,29.0,29.0
3466,德晉,2245402,24.0,24.3,23.7,24.3
3467,台灣精材,43167671,70.8,70.8,70.8,70.8
3479,安勤,49817999,132.0,133.5,129.5,129.5
3483,力致,17300362,76.0,76.2,73.3,73.4
3484,崧騰,6805319,44.05,44.55,43.6,43.8
3485,敘豐,12134459,189.5,191.5,187.0,187.0
3489,森寶,1671052,21.25,21.5,21.0,21.3
3490,單井,233515594,42.1,43.8,41.75,42.0
3491,昇達科,953130250,1390.0,1410.0,1340.0,1355.0
3492,長盛,2568328,19.0,19.2,18.65,18.8
3498,陽程,726437719,188.5,190.0,173.5,173.5
3499,環天科,387145,13.1,13.2,12.9,12.95
3508,位速,4740699,22.05,22.9,21.8,21.8
3511,矽瑪,2724794,18.5,18.6,17.8,18.15
3512,皇龍,431521,19.2,19.2,19.05,19.05
3516,亞帝歐,48243,25.35,25.35,25.35,25.35
3520,華盈,983845,17.2,17.4,17.0,17.15
3521,台鋼建設,158564,12.2,12.3,12.05,12.05
3522,御嵿,1750333,12.85,13.05,12.7,12.95
3523,迎輝,801893,15.85,15.85,15.85,15.85
3526,凡甲,65076893,266.0,266.5,262.0,262.0
3527,聚積,2531668,49.9,49.9,48.6,48.6
3529,力旺,2440504670,2720.0,2720.0,2610.0,2625.0
3531,先益,0,,,,
3537,堡達,8774415,53.5,53.5,51.7,51.8
3540,曜越,9909965,22.55,22.55,21.9,21.9
3541,西柏,133146,22.05,22.1,21.85,22.05
3546,宇峻,3940919,72.4,72.4,71.6,72.0
3548,兆利,7959611,78.6,78.6,76.4,76.4
3551,世禾,15453361,169.5,170.5,168.0,168.5
3552,同致,6927086,41.3,41.45,40.3,40.3
3555,博士旺,11735087,183.5,185.5,171.0,171.0
3556,禾瑞亞,5098605,55.7,56.0,55.6,55.8
3558,神準,4370577,118.5,120.0,118.5,119.5
3564,其陽,8579378,48.5,48.85,46.6,46.7
3567,逸昌,482140,25.25,25.4,25.0,25.0
3570,大塚,3135911,168.0,169.0,167.5,167.5
3577,泓格,12319812,112.0,112.5,109.5,109.5
3580,友威科,101605717,85.8,90.0,85.8,88.0
3581,博磊,26806465,96.5,97.8,92.8,92.8
3587,閎康,58436692,232.5,234.0,229.0,229.0
3594,磐儀,10811820,46.35,46.75,45.4,45.45
3597,映興,52600,26.3,26.3,26.3,26.3
3609,三一東林,7635228,20.0,20.75,19.3,20.75
3611,鼎翰,4376567,182.0,183.0,180.5,180.5
3615,安可,12330222,34.3,34.3,32.8,32.8
3623,富晶通,9420263,26.85,27.05,26.0,26.05
3624,光頡,4144093426,122.5,129.5,120.0,123.5
3625,西勝,1325199,12.45,12.45,12.05,12.3
3628,盈正,14561983,72.7,73.8,71.8,72.0
3629,地心引力,189758,17.0,19.6,17.0,19.6
3630,新鉅科,9169592,25.9,26.3,25.75,25.75
3631,晟楠,2740517,37.7,38.1,36.7,36.7
3632,研勤,68512,7.11,7.11,7.1,7.1
3646,艾恩特,251877,24.9,24.95,24.75,24.85
3663,鑫科,37123416,58.2,61.2,58.1,60.0
3664,安瑞-KY,362595,6.98,7.67,6.98,7.67
3666,光耀,75171,25.0,25.0,25.0,25.0
3672,康聯訊,200682,11.8,11.85,11.8,11.8
3675,德微,559993540,288.0,291.5,269.0,269.0
3680,家登,702274910,498.0,504.0,488.5,488.5
3684,榮昌,1997439,52.3,54.2,52.3,54.2
3685,元創精密,10022796,36.5,36.65,35.65,35.65
3687,歐買尬,1590172,61.4,61.6,60.5,61.4
3689,湧德,45657932,106.5,107.0,105.5,105.5
3691,碩禾,13625229,95.2,96.8,94.1,94.1
3693,營邦,1305442454,680.0,685.0,662.0,666.0
3707,漢磊,248037866,60.4,62.3,58.9,58.9
3709,鑫聯大投控,18211530,61.8,61.9,60.5,60.8
3713,新晶投控,98940,14.1,14.1,14.0,14.05
3718,中光電投控,377453350,60.3,61.5,59.3,59.6
4102,永日,328834,18.7,18.8,18.25,18.8
4105,東洋,38073466,78.1,78.7,77.9,78.3
4107,邦特,3081902,112.0,112.0,110.5,111.0
4109,加捷生醫,915068,11.05,11.15,10.9,11.05
4111,濟生,732882,28.6,28.75,28.6,28.65
4113,聯上,2307801,15.8,16.0,15.7,15.9
4114,健喬,14210190,29.45,29.5,29.3,29.35
4116,明基醫,1179650,39.3,39.6,39.25,39.6
4120,友華,1057064,47.0,47.0,45.5,46.95
4121,優盛,248052,12.85,12.85,12.6,12.65
4123,晟德,34826314,30.1,30.75,30.1,30.35
4126,太醫,587901,76.8,77.7,76.8,77.7
4127,天良,8069354,62.8,62.8,59.0,59.0
4128,中天,6756004,14.55,14.7,14.4,14.5
4129,聯合,13548313,82.1,83.0,81.9,82.6
4131,浩泰,31400,31.4,31.4,31.4,31.4
4138,曜亞,2262567,53.2,53.9,53.0,53.9
4139,馬光-KY,975950,40.0,41.9,40.0,40.45
4147,中裕,18208079,59.7,60.3,59.5,59.6
4153,鈺緯,159200,31.9,31.9,31.8,31.8
4154,樂威科-KY,283100,11.75,11.8,11.75,11.8
4157,太景*-KY,6136455,8.67,8.8,8.66,8.69
4160,訊聯基因,203926,39.7,39.7,38.8,39.55
4161,聿新科,228463,22.15,22.45,22.05,22.3
4162,智擎,11838759,54.2,55.0,54.1,54.8
4163,鐿鈦,2578561,130.0,132.0,130.0,132.0
4166,友霖,833150,24.05,24.05,23.65,23.8
4167,松瑞藥,7043828,18.9,19.2,18.9,19.05
4168,醣聯,1069379,21.5,21.9,21.5,21.6
4171,瑞基,535991,16.05,16.2,16.05,16.15
4173,久裕,127369,17.1,17.1,17.1,17.1
4174,浩鼎,10068975,25.1,26.25,25.1,26.0
4175,杏一,334632,51.2,51.5,51.2,51.5
4183,福永生技,13271,13.2,13.2,13.2,13.2
4188,安克,1451616,14.6,14.6,14.0,14.2
4192,杏國,5938,,,,
4198,欣大健康,149847,49.5,49.95,49.5,49.9
4205,中華食,877456,68.8,68.9,68.8,68.9
4207,環泰,1992391,19.35,19.35,19.3,19.3
4303,信立,14934588,35.25,35.4,34.85,34.85
4304,勝昱,2445494,16.05,16.1,15.5,15.5
4305,世坤,336250,42.5,42.5,41.8,42.0
4401,東隆興,956309,14.25,14.25,13.55,13.55
4402,郡都開發,18497259,14.35,14.65,14.35,14.35
4406,新昕纖,1520651,9.85,10.1,9.85,10.1
4413,飛寶企業,78904,19.85,19.85,18.8,18.8
4416,三圓,24487355,10.7,11.8,10.7,11.6
4417,金洲,3627121,49.65,49.65,49.3,49.45
4419,皇家美食,680936,45.2,46.7,45.1,46.6
4420,光明,2273695,39.75,39.8,39.0,39.25
4430,耀億,292587,17.4,17.55,17.1,17.25
4432,銘旺實,321413,15.8,15.8,15.5,15.75
4433,興采,3037749,18.2,18.8,18.2,18.4
4442,竣邦-KY,5077121,56.8,57.0,55.7,56.6
4502,健信,313520,15.65,15.7,15.5,15.7
4503,金雨,2162747,22.5,22.6,22.15,22.2
4506,崇友,5655726,118.5,119.0,118.5,118.5
4510,高鋒,18490719,41.8,42.45,41.8,41.85
4513,福裕,1864983,15.5,15.6,15.25,15.25
4523,永彰,881305,23.8,23.8,23.35,23.45
4527,方土霖,856768,41.0,41.0,40.5,40.8
4528,江興鍛,294903,15.15,15.15,14.8,14.85
4529,淳紳,88500,3.54,3.54,3.54,3.54
4530,天意能創,25700,25.7,25.7,25.7,25.7
4533,協易機,10010848,24.55,24.55,24.05,24.35
4534,慶騰,7224206,27.85,28.2,27.25,27.25
4535,至興,536234,27.0,27.0,26.2,26.9
4538,大詠城,260600,17.5,17.65,17.2,17.3
4541,晟田,31706732,56.6,57.4,56.1,56.3
4542,科嶠,81252120,249.0,266.0,249.0,250.0
4543,萬在,1825312,27.6,28.0,27.55,27.6
4549,桓達,4254605,94.6,94.6,93.0,94.2
4550,長佳,151366,24.2,24.2,24.2,24.2
4554,橙的,304093,28.0,28.35,28.0,28.1
4556,旭然,133519038,92.0,95.2,84.4,85.0
4558,寶緯,117884,17.25,17.25,17.05,17.25
4561,健椿,2159231,39.5,40.4,39.5,39.5
4563,百德,1918477,45.0,45.05,44.5,44.65
4568,科際精密,82293,39.85,39.85,39.85,39.85
4577,達航科技,26588110,83.7,84.5,82.2,84.5
4580,捷流閥業,3409797,80.8,80.8,80.1,80.8
4584,君帆,387974,37.5,37.5,37.0,37.0
4609,唐鋒,4240,4.24,4.24,4.24,4.24
4702,中美實,145237,9.19,9.29,9.18,9.25
4706,大恭,729801,35.8,35.95,34.1,34.1
4707,磐亞,26203385,25.85,26.3,25.65,26.15
4711,永純,206903,16.4,16.4,16.2,16.3
4714,永捷,22550528,11.5,11.7,11.1,11.1
4716,大立,4653717,16.6,16.6,16.3,16.3
4721,美琪瑪,15820251,71.1,72.8,70.8,71.0
4726,永昕,1870520,22.95,23.0,22.45,22.6
4728,雙美,2464474,395.0,395.0,392.5,395.0
4729,熒茂,566700,18.35,18.35,18.2,18.3
4735,豪展,506257,35.7,35.7,35.5,35.6
4741,泓瀚,2436624,38.25,38.25,36.8,36.8
4743,合一,32140857,43.9,44.4,43.25,43.5
4744,皇將,1775543,26.65,27.6,26.6,27.45
4745,合富-KY,195900,11.55,11.65,11.5,11.65
4747,強生*,519653,25.0,25.0,24.45,24.5
4749,新應材,182842039,709.0,715.0,704.0,705.0
4754,國碳科,1049471,37.25,37.3,36.95,37.15
4760,勤凱,95167854,262.0,269.5,257.0,257.0
4767,誠泰科技,166600,28.3,28.3,27.45,27.75
4768,晶呈科技,70484476,301.0,302.0,292.5,292.5
4772,台特化,58654385,238.5,238.5,235.0,238.5
4806,桂田文創,2364,,,,
4903,聯光通,28776943,34.8,34.95,33.8,34.2
4905,台聯電,3766526,76.1,77.1,75.6,76.5
4907,富宇,2327437,43.85,44.2,43.1,43.9
4908,前鼎,1789318086,223.0,245.0,218.0,224.0
4909,新復興,9114351,33.75,34.1,33.3,33.45
4911,德英,169916,28.5,28.5,28.1,28.4
4923,力士,14372295,51.8,55.2,51.8,53.1
4924,欣厚-KY,6590063,13.5,13.5,13.5,13.5
4931,新盛力,425029987,229.5,233.0,225.0,225.0
4933,友輝,1349320,51.2,51.5,50.8,51.2
4939,亞電,638213999,80.2,82.8,77.7,78.0
4946,辣椒,214685,91.8,92.2,91.8,92.2
4950,金耘國際,1050599,15.7,16.0,15.45,15.7
4951,精拓科,14818722,81.1,81.9,79.8,80.2
4953,緯致,87643672,124.5,125.5,120.5,121.0
4966,譜瑞-KY,133605249,538.0,538.0,522.0,523.0
4971,IET-KY,772171873,524.0,557.0,520.0,522.0
4972,湯石照明,121401,16.3,16.35,16.25,16.25
4973,廣穎,72170436,136.5,137.5,135.0,135.0
4974,亞泰,3430399,70.6,70.8,70.2,70.3
4979,華星光,958404406,542.0,542.0,501.0,509.0
4991,環宇-KY,1285373265,445.5,448.0,418.0,418.0
4995,晶達,1040096,51.6,52.0,50.8,51.9
5009,榮剛,45389733,31.8,32.2,31.8,31.95
5011,久陽,2757919,18.3,18.3,17.85,17.85
5013,強新,1530925,28.35,30.0,28.35,30.0
5014,建錩,921944,9.89,9.89,9.76,9.76
5015,華祺,222293,21.75,21.8,21.75,21.8
5016,松和,465050,24.15,24.6,24.15,24.35
5201,凱衛,5732953,29.85,31.2,29.85,30.5
5202,力新,27312778,12.8,14.15,12.75,14.15
5205,中茂,18719,18.7,18.7,18.7,18.7
5206,坤悅,25976912,21.0,22.0,21.0,21.3
5209,新鼎,21634916,175.0,175.0,171.5,172.5
5210,寶碩,1859454,28.95,28.95,28.5,28.5
5211,蒙恬,1334006,21.0,21.0,20.4,20.6
5212,凌網,670616,46.95,46.95,46.1,46.35
5213,亞昕,2282988,20.6,20.6,20.35,20.4
5220,萬達光電,354398,19.55,19.75,19.4,19.75
5223,安力-KY,207190,23.1,23.15,22.9,22.9
5227,立凱-KY,5103896,30.1,30.1,29.1,29.1
5228,鈺鎧,5980800,39.7,40.1,38.8,38.8
5230,雷笛克光學,2944142,18.5,18.8,18.2,18.3
5245,智晶,1434664,22.55,22.55,21.05,21.05
5251,天鉞電,19553960,27.65,29.15,27.0,29.15
5263,智崴,33126384,91.2,91.2,88.0,89.4
5272,笙科,1032896,16.8,16.8,16.4,16.5
5274,信驊,2251460900,17980.0,18160.0,17405.0,17520.0
5276,達輝-KY,17900,17.9,17.9,17.9,17.9
5278,尚凡*,1069556,23.45,23.5,23.2,23.3
5287,數字,4130342,135.0,135.0,134.5,134.5
5289,宜鼎,1244835125,1295.0,1305.0,1260.0,1275.0
5291,邑昇,26936843,57.3,59.7,56.5,56.7
5299,杰力,4992064,93.0,93.5,92.1,92.3
5301,寶得利,202551,5.06,5.2,5.0,5.0
5302,太欣,1783427,9.66,9.72,9.6,9.6
5309,系統電,25978450,49.5,49.7,49.1,49.25
5310,天剛,231943,25.0,25.0,25.0,25.0
5312,寶島科,567449,91.0,91.0,89.7,89.7
5314,世紀*,239071352,34.2,34.2,34.2,34.2
5315,光聯,1304582,18.05,18.15,18.0,18.0
5321,美而快,51120602,72.8,73.6,66.0,66.4
5324,士開,2917398,12.25,12.3,12.2,12.25
5328,華容,197945715,53.9,55.2,51.5,51.5
5340,建榮,226068558,83.9,85.5,81.7,81.8
5344,立衛,106369,13.1,13.15,13.1,13.15
5345,馥鴻,148190,21.0,21.0,21.0,21.0
5347,世界,1385681652,157.5,157.5,153.0,153.0
5348,正能量智能,176232,15.45,16.15,15.35,16.0
5351,鈺創,662085175,105.0,106.0,102.5,102.5
5353,台林,667853,28.0,28.0,27.3,27.6
5355,佳總,3223054,6.01,6.54,6.01,6.54
5356,協益,555127,25.85,25.85,25.75,25.85
5364,力麗店,419306,8.32,8.43,8.29,8.33
5381,光譜,5551242,22.8,23.05,22.65,22.65
5386,青雲,669891041,294.5,298.0,279.0,279.5
5392,能率,19815435,40.2,40.2,39.2,39.2
5398,慕康生醫,214749,14.3,14.5,14.25,14.25
5403,中菲,2947096,93.2,93.2,92.7,93.1
5410,國眾,6634338,33.1,33.2,32.7,32.8
5425,台半,1350847543,88.8,93.6,88.8,89.4
5426,振發,7084380,27.55,27.85,27.15,27.15
5432,新門,8047111,145.5,146.5,143.0,143.0
5438,東友,398013,16.4,16.6,16.35,16.35
5439,高技,232110948,245.0,247.5,237.5,237.5
5443,均豪,99073818,103.0,105.0,102.0,102.0
5450,南良,566546,14.5,14.5,14.35,14.35
5452,佶優,6384306,25.7,25.85,25.45,25.45
5455,昇益,93054,29.6,29.6,29.0,29.45
5457,宣德,15414540,24.5,24.85,24.15,24.4
5460,同協,341699,16.7,16.7,16.55,16.7
5464,霖宏,63293748,89.4,89.4,85.0,85.2
5465,富驊,969665,24.3,24.3,24.1,24.2
5468,凱鈺,3431275,24.55,24.8,24.2,24.2
5474,聰泰,16882463,151.5,152.5,150.0,150.5
5475,德宏,636832732,173.0,179.5,169.5,170.0
5478,智冠,4046772,96.8,96.9,96.5,96.6
5481,新華,3710796,21.25,21.25,20.6,21.2
5483,中美晶,2206929642,176.5,185.5,175.0,176.0
5487,通泰,960175,28.9,29.85,28.9,29.6
5488,松普,2172697,11.6,11.7,11.5,11.6
5489,彩富,1883211,39.95,39.95,39.25,39.4
5490,同亨,6853135,25.3,25.4,25.0,25.0
5493,三聯,2393491,84.4,84.4,82.9,83.3
5498,凱崴,34378485,50.4,51.0,49.05,49.05
5508,永信建,8219259,52.1,52.5,51.7,51.9
5511,德昌,6553653,69.2,69.5,69.0,69.1
5512,力麒,4890194,7.73,7.74,7.64,7.67
5514,三豐,64514,15.2,15.3,15.15,15.15
5516,雙喜,88725,11.75,12.0,11.65,11.9
5520,力泰,981500,82.0,82.0,81.5,81.8
5523,豐謙,545100,30.2,30.35,30.2,30.35
5529,鉅陞,19867631,25.2,26.15,24.05,24.7
5530,龍巖,5027703,49.55,49.85,49.3,49.85
5536,聖暉*,344818342,841.0,865.0,828.0,837.0
5543,桓鼎-KY,353001,28.2,28.2,26.5,27.45
5547,久舜,202306,19.85,19.9,19.85,19.9
5548,安倉,190092,20.3,20.3,20.15,20.3
5601,台聯櫃,0,,,,
5603,陸海,799583,13.6,13.6,13.4,13.55
5604,中連,288461,30.85,30.85,30.85,30.85
5609,中菲行,6566742,78.9,78.9,78.3,78.4
5701,劍湖山,513465,4.11,4.23,4.1,4.23
5703,亞都,3739,,,,
5704,老爺知,654781,22.9,22.9,22.55,22.65
5864,致和證,64865636,35.3,35.4,34.1,34.1
5878,台名,121308,38.1,38.1,38.05,38.05
5902,德記,3911884,34.25,34.5,34.05,34.4
5903,全家,3575767,184.0,185.0,183.5,184.5
5904,寶雅*,394985206,73.0,73.8,72.5,73.0
5905,南仁湖,1608067,7.38,7.4,7.3,7.31
6015,宏遠證,28533567,17.25,17.25,16.75,16.85
6016,康和證,87028516,22.5,22.6,21.85,21.9
6020,大展證,185187,20.55,20.55,20.3,20.45
6021,美好證,20890330,44.8,44.9,43.8,44.2
6023,元大期,27815306,84.8,84.9,84.3,84.4
6026,福邦證,13827887,15.25,15.3,15.0,15.0
6028,公勝保經,1151409,95.0,95.2,94.2,94.2
6101,寬魚國際,13962687,38.2,38.35,37.5,38.0
6103,合邦,363461,29.8,30.4,29.35,29.35
6104,創惟,24958083,91.1,91.2,89.2,89.2
6109,亞元,1642588,10.75,10.75,10.4,10.45
6111,光聚晶電,4774986,34.1,34.1,33.2,33.3
6113,亞矽,863553,22.5,22.55,22.0,22.05
6114,久威,690870,23.55,23.55,22.7,22.8
6118,建達,940594,15.1,15.15,14.85,15.1
6121,新普,123395875,378.5,378.5,372.5,373.0
6122,擎邦,12926497,51.5,51.5,50.7,50.7
6123,上奇,2854198,42.95,43.5,42.9,42.95
6124,業強,90130,27.0,27.0,26.5,26.5
6125,廣運,21015340,48.0,48.35,47.55,47.55
6126,信音,8577340,28.8,29.05,28.45,28.5
6127,九豪,98849070,47.15,48.8,46.75,46.75
6129,普誠,3591324,14.2,14.2,13.45,13.55
6130,上亞科技,11964059,24.2,24.5,23.2,24.0
6134,萬旭,1557861,28.35,28.7,27.95,28.15
6138,茂達,60195746,268.5,271.0,264.0,265.0
6140,訊達,6604579,20.05,20.05,20.05,20.05
6143,振曜,41430131,80.2,82.6,80.0,81.3
6144,得利影,182608,13.25,13.25,12.8,13.1
6146,耕興,39573155,179.0,181.0,178.0,178.0
6147,頎邦,13047608622,194.5,206.5,194.5,200.0
6148,驊宏資,178733419,37.5,37.5,35.7,37.5
6150,撼訊,9078694,60.4,62.0,60.0,60.1
6151,晉倫,2295018,34.5,34.5,34.2,34.25
6154,順發,212753,13.95,14.05,13.85,14.05
6156,松上,5142967,20.05,20.15,19.9,20.05
6158,禾昌,388354,17.0,17.0,16.65,16.8
6160,欣技,732453,14.25,14.45,14.2,14.3
6161,捷波,3040454,48.3,48.8,47.7,47.7
6163,華電網,62676801,39.35,41.2,39.3,39.75
6167,久正,1439689,10.05,10.05,9.97,9.98
6169,昱泉,24432,12.15,12.15,12.15,12.15
6170,統振,4237140,48.05,48.1,47.95,48.0
6171,大城地產,152343,25.6,25.85,25.25,25.85
6173,信昌電,8735029465,299.0,308.0,289.5,294.5
6174,安碁,25298191,41.85,43.35,41.35,42.45
6175,立敦,24042936,69.3,70.3,68.8,69.0
6179,亞通,327898023,33.9,35.4,33.15,34.85
6180,橘子,5483468,41.15,41.4,40.7,40.7
6182,合晶,4373803837,103.5,110.5,103.0,105.5
6185,幃翔,5009052,12.4,12.5,12.2,12.25
6186,新潤,23099095,30.15,30.15,29.25,29.6
6187,萬潤,1401722075,1230.0,1265.0,1210.0,1215.0
6188,廣明,28893448,62.1,62.6,61.6,61.6
6190,萬泰科,40357429,66.4,66.9,65.7,66.0
6194,育富,2173836,30.0,30.3,29.95,30.3
6195,詩肯,277631,27.55,27.7,27.45,27.7
6198,瑞築,0,,,,
6199,天品,310487240,100.5,102.5,98.0,102.5
6203,海韻電,2393372,60.0,60.4,59.3,59.3
6204,艾華,19007589,91.0,91.8,89.5,89.5
6207,雷科,204730497,106.0,109.5,104.0,104.0
6208,日揚,8621000,73.1,73.3,72.0,72.0
6210,慶生,153757,16.45,17.3,16.45,16.8
6212,理銘,49250,33.15,33.15,33.15,33.15
6217,中探針,477493074,159.0,169.5,156.0,156.5
6218,豪勉,190178961,44.75,49.25,44.15,49.25
6219,富旺,301950,12.25,12.25,12.0,12.0
6220,岳豐,2496773,25.35,25.75,25.3,25.45
6221,晉泰,29800883,28.15,28.15,28.15,28.15
6222,立軒,346396,19.1,19.2,18.55,18.6
6223,旺矽,3678651670,5685.0,5800.0,5430.0,5440.0
6227,茂綸,350241374,127.0,134.5,124.5,132.5
6228,全譜,3131,,,,
6229,研通,559390,23.9,23.9,23.2,23.2
6231,系微,58230865,210.0,214.5,205.5,205.5
6233,旺玖,1549428,20.3,20.3,20.0,20.05
6234,高僑,4717378,33.75,34.3,33.5,33.5
6236,中湛,0,,,,
6237,驊訊,2644627,33.85,33.85,33.2,33.2
6240,松崗,4025399,23.1,25.45,23.1,24.6
6241,鑫永洋,510721,15.45,15.8,15.2,15.8
6242,立康,310348,33.85,34.0,33.7,33.8
6244,茂迪,22525384,22.15,22.35,21.7,21.7
6245,立端,176762771,87.2,88.5,83.5,83.7
6246,臺龍,12821,12.7,12.7,12.7,12.7
6248,沛波,489859,16.6,16.8,16.6,16.8
6259,百徽,2513916,28.2,28.4,27.8,27.8
6261,久元,29341829,73.6,76.8,73.0,75.5
6263,普萊德,7483259,154.5,155.5,152.0,153.0
6264,富裔,465256,6.03,6.03,5.94,6.02
6265,方土昶,91228378,48.5,49.55,47.1,47.1
6266,泰詠,2078481,24.85,25.15,24.75,24.85
6270,倍微,2061011,27.75,28.5,27.75,28.05
6274,台燿,9353211060,1430.0,1450.0,1370.0,1370.0
6275,元山,4301308,45.0,45.3,44.75,44.8
6276,安鈦克,147480,19.05,19.5,19.05,19.1
6279,胡連,26880116,111.5,111.5,110.0,110.5
6284,佳邦,44037859,75.1,77.7,75.0,75.0
6290,良維,429470708,260.0,265.5,253.5,253.5
6291,沛亨,416914635,459.0,467.5,445.0,446.0
6292,迅德,20617972,66.5,66.5,63.7,64.1
6294,智基,49005,28.5,28.5,28.5,28.5
6411,晶焱,12528862,76.9,77.5,75.8,75.8
6417,韋僑,7657103,102.5,103.5,100.0,100.5
6418,詠昇,2251258,34.4,35.2,34.4,34.7
6419,京晨科,20916501,148.0,148.0,143.0,143.0
6423,億而得,1195413,80.8,80.8,79.3,79.7
6425,易發,8839803,61.2,61.6,59.6,59.6
6432,今展科,10069351,52.6,54.0,52.2,52.2
6435,大中,48918216,240.0,245.0,235.5,235.5
6441,廣錠,4714042,23.85,24.45,23.6,24.3
6461,益得,1469533,25.0,25.05,24.6,24.6
6462,神盾,27411334,98.3,99.0,96.5,96.5
6465,威潤,3369709,40.9,41.6,40.65,41.1
6469,大樹,28536320,65.5,65.5,64.3,64.4
6470,宇智,232664,43.25,43.25,42.6,43.0
6474,華豫寧,744049,35.2,35.45,35.2,35.2
6482,弘煜科,174822,24.85,25.0,24.75,24.75
6485,點序,6666695,59.5,59.5,58.5,58.5
6486,互動,4924296,80.5,81.2,79.6,79.6
6488,環球晶,7614502796,901.0,959.0,895.0,914.0
6492,生華科,5859904,33.25,33.6,33.15,33.3
6494,九齊,2239216,49.5,49.9,48.8,49.05
6496,科懋,82573,24.5,24.7,24.5,24.7
6498,久禾光,7503898,66.3,66.3,64.2,64.2
6499,益安,9154238,70.4,71.8,70.0,70.5
6506,雙邦,671237,17.9,17.9,17.9,17.9
6508,惠光,435389,25.45,25.45,24.75,24.75
6509,聚和,34589861,44.85,46.5,44.85,46.15
6510,精測,2624721900,3325.0,3390.0,3215.0,3255.0
6512,啟發電,149580,20.1,20.35,20.1,20.35
6516,勤崴國際,8508513,55.9,56.9,54.9,56.9
6517,保勝光學,10960701,62.1,62.6,61.0,61.0
6523,達爾膚,1426652,89.3,89.4,89.3,89.4
6527,明達醫,1207750,73.9,75.0,73.9,75.0
6530,創威,96054682,90.1,93.0,89.4,89.5
6532,瑞耘,27163944,93.4,94.0,91.4,91.7
6535,順藥,8835046,75.8,76.6,75.2,75.2
6538,倉和,66680726,372.5,376.0,364.0,365.0
6542,隆中,44300,44.3,44.3,44.3,44.3
6546,正基,6527503,59.9,59.9,58.7,59.1
6547,高端疫苗,152104500,58.7,60.7,58.0,59.7
6548,長科*,125412730,72.4,73.4,71.2,71.7
6556,勝品,555566,62.2,62.2,60.4,60.4
6560,欣普羅,3450999,30.7,32.75,30.7,31.85
6561,是方,35855825,313.5,313.5,307.0,308.0
6568,宏觀,4746316,135.5,136.0,131.5,131.5
6569,醫揚,1225043,90.5,90.5,89.9,89.9
6570,維田,6846119,47.25,47.25,46.0,46.2
6574,霈方,1275338,120.0,120.0,118.0,119.5
6576,逸達,5140624,82.1,82.2,80.8,81.9
6577,勁豐,1484073,79.0,79.4,78.5,79.4
6578,達邦蛋白,441082,17.15,17.15,16.85,17.0
6584,南俊國際,107135946,554.0,557.0,537.0,537.0
6588,東典光電,101745467,106.5,107.0,100.0,100.0
6590,普鴻,10865519,64.8,68.7,62.7,68.7
6593,台灣銘板,662120,31.95,31.95,31.6,31.6
6596,寬宏藝術,9262252,93.9,94.5,93.0,94.0
6597,立誠,0,,,,
6603,富強鑫,51550061,25.65,25.9,25.0,25.05
6609,瀧澤科,4207368,38.8,39.0,38.7,38.85
6612,奈米醫材,2829393,71.3,71.3,69.7,69.7
6613,朋億*,45525489,251.0,258.5,249.5,255.0
6615,慧智,68398,33.7,33.7,33.7,33.7
6616,特昇-KY,84987,8.3,8.59,8.3,8.55
6617,共信-KY,109362012,128.0,135.0,125.5,125.5
6620,漢達,264611534,127.5,132.5,122.0,122.0
6624,萬年清,435279,39.55,40.4,38.3,39.3
6629,泰金-KY,723500,104.0,104.0,103.0,103.0
6637,醫影,549118,54.0,54.0,53.2,54.0
6640,均華,222228720,1140.0,1155.0,1100.0,1100.0
6642,富致,3910061,75.4,76.4,75.1,75.1
6643,M31,85762563,420.5,420.5,410.0,410.0
6649,台生材,815757,35.95,36.05,35.3,36.05
6651,全宇昕,6315570,140.0,142.0,140.0,141.5
6654,天正國際,3333474,202.0,204.0,199.0,199.0
6661,威健生技,98002,16.6,16.6,15.8,16.6
6662,樂斯科,57100,28.6,28.6,28.5,28.5
6664,群翊,40118194,332.5,339.5,332.0,333.0
6667,信紘科,45215421,245.5,246.5,236.0,236.0
6679,鈺太,26407440,196.5,196.5,193.0,194.0
6680,鑫創電子,55464,53.8,53.8,53.8,53.8
6683,雍智科技,3214251045,1390.0,1465.0,1390.0,1450.0
6684,安格,1879565,45.4,45.5,44.2,44.4
6690,安碁資訊,445877336,201.0,201.0,182.5,183.5
6692,進能服,140,,,,
6693,廣閎科,140366606,178.0,181.5,173.5,173.5
6697,東捷資訊,3417831,41.5,43.0,41.05,41.05
6703,軒郁,2760721,100.5,100.5,100.0,100.5
6708,天擎,1104291,37.35,38.65,37.35,37.35
6712,長聖,17492120,155.0,157.0,154.5,155.5
6716,應廣,67616593,118.0,121.0,114.0,115.0
6720,久昌,819200,131.5,131.5,129.5,129.5
6721,信實,422868,49.35,49.5,49.35,49.5
6725,矽科宏晟,8033722,205.5,210.0,205.5,207.0
6727,亞泰金屬,517991541,494.5,504.0,468.0,469.5
6728,上洋,1133688,108.0,108.0,107.0,107.5
6730,常廣,94900,31.5,31.9,31.5,31.9
6732,昇佳電子,6765677,147.0,147.0,145.0,145.0
6733,博晟生醫,859652,25.1,25.15,24.9,25.05
6735,美達科技,1841282,60.5,61.0,59.5,59.5
6739,竹陞科技,336955145,1125.0,1125.0,1065.0,1065.0
6741,91APP*-KY,4543644,59.0,59.1,58.5,58.8
6751,智聯服務,84770,41.3,41.5,41.3,41.5
6752,叡揚,20272289,96.6,105.5,96.6,99.0
6761,穩得,17221839,165.0,165.0,160.0,160.0
6762,達亞,40844,,,,
6763,綠界科技*,3032096,41.4,41.4,40.7,40.9
6767,台微醫,24650,24.65,24.65,24.65,24.65
6785,昱展新藥,2599245,91.3,94.5,91.3,94.0
6788,華景電,46155675,326.0,326.5,318.0,318.5
6791,虎門科技,1955167,104.5,104.5,99.8,100.0
6803,崑鼎,11175729,268.0,269.5,267.5,269.0
6804,明係,977529,17.85,18.45,17.85,18.25
6811,宏碁資訊,337024501,255.5,255.5,242.5,251.0
6821,聯寶,1315271,40.8,40.8,39.95,40.1
6823,濾能,3331943,60.9,60.9,57.6,57.6
6829,千附精密,264637486,211.0,213.0,202.5,204.0
6840,東研信超,12180329,90.7,90.9,89.1,90.0
6841,長佳智能,3942678,52.3,52.7,51.9,51.9
6843,進典,455600,37.9,38.5,37.7,38.5
6844,諾貝兒,1731394,59.0,59.0,58.2,58.7
6846,綠茵,233351,57.4,58.7,57.4,58.7
6855,數泓科,820379,111.5,112.5,111.5,112.0
6856,鑫傳,81950,41.0,41.0,40.95,40.95
6859,伯特光,1137088,116.0,117.0,116.0,116.0
6865,偉康科技,4240367,27.7,29.55,25.45,26.7
6870,騰雲,127316191,306.0,334.5,306.0,329.0
6872,浩宇生醫,6759399,22.0,23.1,22.0,22.9
6874,倍力,4024374,70.2,72.5,69.1,69.4
6875,國邑*,3274197,32.0,32.5,31.8,32.25
6877,鏵友益,5583526,110.5,112.5,108.0,108.0
6881,潤德,668189,210.0,211.0,210.0,211.0
6884,海柏特,249050,30.2,31.0,30.2,30.65
6894,衛司特,13449233,357.0,363.5,351.5,352.5
6895,宏碩系統,3826425,149.5,149.5,145.0,146.0
6899,創為精密,393650,49.1,49.4,49.05,49.15
6903,巨漢,33583413,291.0,295.0,290.5,290.5
6904,伯鑫,481622,122.0,122.0,118.5,122.0
6907,雅特力-KY,92813215,178.0,180.5,176.0,176.5
6910,德鴻,375200,24.85,25.25,24.85,24.9
6913,鴻呈,28618701,126.0,127.0,124.5,124.5
6922,宸曜,15821166,185.5,189.5,181.5,181.5
6925,意藍,9357072,60.7,60.7,60.7,60.7
6929,佑全,260312,21.1,22.05,20.5,22.05
6945,圓祥生技,89371688,100.0,109.5,100.0,109.5
6953,家碩,7151132,231.0,231.0,220.0,224.5
6961,旅天下,1379943,49.0,49.0,48.5,48.55
6967,汎瑋材料,5007830,64.5,65.5,64.5,65.4
6968,萬達寵物,838802,41.2,41.55,41.2,41.55
6971,惠民實業,296690,24.8,24.8,24.55,24.55
6982,大井泵浦,2170685,43.8,43.85,43.0,43.85
6983,華洋精機,2949583,346.0,350.0,343.5,349.5
6986,和迅,845550,40.1,40.5,40.1,40.25
6996,力領科技,10196604,165.5,171.0,165.5,169.5
6997,博弘,873050,66.5,66.8,66.5,66.7
700019,宏捷科統一5C購01,0,,,,
700020,佳邦統一5C購01,0,,,,
700021,長佳智統一5C購02,0,,,,
700022,華星光統一5C購01,130470,3.07,3.07,3.01,3.03
700023,新應材統一5B購02,1800,0.02,0.02,0.02,0.02
700024,新應材統一64購02,720,0.18,0.18,0.18,0.18
700025,雙鴻統一5B購01,0,,,,
700028,雙鴻中信59購01,488760,0.58,0.68,0.29,0.29
700043,新應材永豐59購01,0,,,,
700047,宏捷科凱基59購01,0,,,,
700065,系統電統一5A購01,0,,,,
700074,驊訊元富5A購01,0,,,,
700079,華義永豐5A購01,0,,,,
700086,博智群益5A購01,0,,,,
700103,中光電元大5A購01,0,,,,
700113,雙鴻元大5A購01,35900,1.62,1.88,1.62,1.88
700126,威剛國票61購01,0,,,,
700155,中光電元大5A購02,0,,,,
700173,雙鴻元大5A購02,123500,2.47,2.47,2.47,2.47
700176,中光電群益5A購01,0,,,,
700186,中光電統一6A購01,5640,0.07,0.07,0.06,0.06
700188,中美晶統一5A購02,6750,1.35,1.35,1.35,1.35
700189,協易機統一5A購01,0,,,,
700190,昇達科統一65購01,111920,4.45,4.45,3.45,3.47
700191,朋程統一5A購01,0,,,,
700192,朋程統一6A購01,52320,0.31,0.31,0.3,0.3
700193,東洋統一61購01,0,,,,
700194,長聖統一61購01,0,,,,
700195,家登統一5A購01,7700,0.77,0.77,0.77,0.77
700196,振曜統一5A購01,0,,,,
700197,晶宏統一5A購01,0,,,,
700198,智冠統一5C購01,0,,,,
700199,華景電統一61購01,0,,,,
700201,萬潤統一6A購01,6200,3.1,3.1,3.1,3.1
700202,鈺太統一5A購01,0,,,,
700203,聰泰統一5A購01,0,,,,
700204,雙鴻統一5A購01,241300,1.0,1.0,0.85,0.85
700205,雙鴻統一61購01,268470,0.67,0.75,0.67,0.7
700206,雙鴻統一61購02,121400,0.55,0.57,0.55,0.57
700207,雙鴻統一6A購01,345340,0.88,0.89,0.76,0.76
700208,騰雲統一6A購01,4050,1.35,1.35,1.35,1.35
700231,旺矽元大5A購01,0,,,,
700257,大世科統一6A購01,0,,,,
700258,大綜統一6A購01,118360,0.56,0.58,0.56,0.58
700259,光焱統一5A購02,0,,,,
700260,同致統一5A購01,0,,,,
700261,宜鼎統一6A購01,0,,,,
700262,尚凡*統一6A購01,0,,,,
700263,旺矽統一6A購01,125390,3.58,3.66,3.54,3.54
700264,長聖統一6A購01,0,,,,
700267,建榮統一6A購01,0,,,,
700269,昱展統一6A購01,0,,,,
700270,創惟統一5A購01,100,0.01,0.01,0.01,0.01
700271,新鉅科統一6A購01,0,,,,
700273,優群統一6A購01,0,,,,
700274,鴻呈統一5A購01,0,,,,
700275,雙鴻統一6A購02,63220,1.02,1.02,1.0,1.0
700276,鏵友益統一6A購01,0,,,,
700277,鑫聯統一5A購01,0,,,,
700279,良維國票5C購01,0,,,,
700300,雙鴻中信5A購01,0,,,,
700330,旺矽凱基5A購01,0,,,,
700342,大世科統一6A購02,0,,,,
700343,中光電統一6A購02,0,,,,
700344,尼克森統一5A購01,0,,,,
700345,立碁統一6A購01,12680,0.59,0.59,0.54,0.54
700346,良維統一6A購01,0,,,,
700347,尚凡*統一5A購01,0,,,,
700348,昱展統一6A購02,0,,,,
700350,茂達統一61購01,0,,,,
700351,竑騰統一5A購01,0,,,,
700352,新鉅科統一5A購01,0,,,,
700353,新鉅科統一6A購02,2210,0.17,0.17,0.17,0.17
700354,聖暉*統一6A購01,0,,,,
700355,撼訊統一6A購01,0,,,,
700356,擎亞統一6A購01,8980,1.5,1.5,1.48,1.48
700357,聰泰統一6A購01,0,,,,
700358,寶島科統一64購01,0,,,,
700359,鏵友益統一5A購01,0,,,,
700360,鑫聯統一5A購02,0,,,,
700385,中光電元富5A購01,0,,,,
700410,中光電統一5C購01,0,,,,
700412,旺矽統一6A購02,0,,,,
700413,金山電統一5C購01,0,,,,
700414,長聖統一6A購02,0,,,,
700415,建榮統一6A購02,31350,0.9,0.9,0.89,0.89
700416,高技統一5A購01,0,,,,
700417,聰泰統一6A購02,0,,,,
700451,臺慶科國票5A購01,0,,,,
700580,宜鼎兆豐5A購01,0,,,,
700594,原相元大5A購01,900,0.06,0.06,0.06,0.06
700638,原相元大5A購02,0,,,,
700670,中光電統一6A購03,12290,0.07,0.07,0.06,0.06
700671,正德統一5A購01,0,,,,
700672,旺矽統一5A購01,0,,,,
700673,信昌電統一6A購01,118600,6.6,6.6,6.4,6.4
700674,信昌電統一6A購02,0,,,,
700675,高技統一5A購02,2000,0.01,0.01,0.01,0.01
700676,高技統一6A購01,1700,0.17,0.17,0.17,0.17
700677,高技統一6A購02,0,,,,
700678,智通*統一6A購01,0,,,,
700679,智擎統一6A購01,176460,0.34,0.34,0.34,0.34
700681,鈊象統一6A購01,0,,,,
700682,萬潤統一6A購02,22450,3.69,4.0,3.69,4.0
700683,雍智統一6A購01,39600,4.4,4.4,4.4,4.4
700684,雍智統一6A購02,24150,4.83,4.83,4.83,4.83
700685,臺慶科統一5A購01,0,,,,
700686,臺慶科統一6A購01,0,,,,
700687,緯軟統一6A購01,34490,0.41,0.41,0.39,0.39
700688,營邦統一6A購01,0,,,,
700689,聯合統一61購01,0,,,,
700706,中光電統一5A購01,0,,,,
700708,信立統一6A購01,6000,0.3,0.3,0.3,0.3
700709,神盾統一5C購02,0,,,,
700710,智通*統一6A購02,4900,0.49,0.49,0.49,0.49
700711,華星光統一6A購01,58720,3.75,3.75,3.39,3.75
700712,聖暉*統一6A購02,0,,,,
700717,宜鼎元大5A購01,0,,,,
700737,鴻呈國票59購01,0,,,,
700742,聖暉*永豐5A購01,0,,,,
700746,雙鴻中信5A購02,0,,,,
700754,台半統一5C購02,0,,,,
700755,宜鼎統一6A購02,0,,,,
700756,威剛統一5C購03,0,,,,
700757,竑騰統一5C購01,0,,,,
700758,穩得統一5C購01,0,,,,
700786,威剛永豐5A購01,0,,,,
700810,山富統一5C購01,0,,,,
700811,光頡統一5C購01,21510,3.09,3.09,3.03,3.03
700812,信昌電統一5C購01,0,,,,
700827,信立永豐5A購01,0,,,,
700828,威剛永豐64購01,0,,,,
700830,中美晶元大5A購01,1000,1.0,1.0,1.0,1.0
700843,世界統一5C購01,0,,,,
700844,立敦統一5C購01,0,,,,
700845,臺慶科統一5C購01,0,,,,
700850,臺慶科國票5C購01,0,,,,
700857,良維元大5A購01,0,,,,
700875,良維元大5A購02,0,,,,
700898,力旺統一5A購01,450,0.09,0.09,0.09,0.09
700899,力旺統一6A購01,466490,0.64,0.69,0.61,0.62
700900,台半統一5C購03,14200,1.06,1.06,0.89,0.89
700901,尼克森統一5C購01,0,,,,
700902,光頡統一5A購01,0,,,,
700904,波若威統一6A購01,149280,3.3,3.89,3.16,3.16
700920,波若威永豐5A購01,0,,,,
700929,蜜望實國票5A購01,0,,,,
700938,中美晶兆豐5A購01,45160,2.7,2.7,2.27,2.27
700955,撼訊元大5A購01,0,,,,
700983,威剛兆豐5A購01,0,,,,
701010,雙鴻元富5A購01,14210,0.49,0.49,0.49,0.49
701037,威剛永豐5C購01,0,,,,
701064,元債20群益61購01,0,,,,
701095,擎亞元大5A購01,0,,,,
701097,營邦元大5A購01,0,,,,
701130,元債20元大5B購01,0,,,,
701131,元債20元大61購01,42330,0.02,0.03,0.02,0.02
701153,雙鴻群益5A購01,0,,,,
701200,雙鴻元大5A購03,0,,,,
701211,威剛凱基5B購01,0,,,,
701227,雙鴻元大5A購04,0,,,,
701253,穩懋國票5B購01,0,,,,
701273,撼訊凱基5B購01,0,,,,
701279,雙鴻國票5B購01,126180,0.47,0.51,0.3,0.3
701287,威剛元大5B購01,0,,,,
701288,訊聯元大5B購01,0,,,,
701294,新應材元大5B購01,0,,,,
701311,雙鴻群益5B購01,0,,,,
701374,台燿元大5B購01,0,,,,
701379,威剛元大5B購02,0,,,,
701381,新應材元大5B購02,0,,,,
701388,中光電凱基5A購01,0,,,,
701400,台燿元大5B購02,0,,,,
701403,神盾元大5B購01,0,,,,
701422,中光電兆豐5B購01,0,,,,
701430,台燿統一5B購01,326600,7.1,7.1,7.1,7.1
701431,台燿統一5B購02,0,,,,
701432,正基統一5C購01,0,,,,
701434,良維統一6B購01,0,,,,
701437,威剛統一5B購01,0,,,,
701438,威剛統一6B購01,19800,1.98,1.98,1.98,1.98
701440,華星光統一5B購04,0,,,,
701441,華星光統一61購04,0,,,,
701442,雙鴻統一6B購01,191880,0.48,0.49,0.42,0.43
701460,神盾凱基5B購01,0,,,,
701471,台燿統一65購01,0,,,,
701472,雙鴻統一61購03,7700,0.77,0.77,0.77,0.77
701473,穩懋統一5B購01,0,,,,
701474,穩懋統一6B購01,0,,,,
701479,威剛元大5A購02,0,,,,
701484,擎亞元大5B購01,0,,,,
701500,雙鴻中信5B購01,0,,,,
701511,新應材凱基5B購01,0,,,,
701524,雙鴻群益5A購02,12160,0.19,0.19,0.19,0.19
701571,擎亞元大5B購02,194420,0.74,0.82,0.73,0.73
701592,竹陞統一6B購01,63590,1.01,1.01,1.0,1.0
701593,竹陞統一6B購02,114850,0.9,0.9,0.87,0.87
701594,海韻電統一61購01,0,,,,
701614,信立元大5B購01,0,,,,
701615,威剛元大5B購03,0,,,,
701623,元太統一5B購01,930,0.03,0.04,0.03,0.03
701624,竹陞統一5C購03,0,,,,
701625,竹陞統一6B購03,0,,,,
701626,東捷統一5C購01,10830,2.77,2.77,2.64,2.64
701650,台燿元大5B購03,0,,,,
701658,信昌電統一5C購02,10700,5.35,5.35,5.35,5.35
701667,雙鴻群益5B購02,21560,0.4,0.4,0.39,0.39
701680,宜鼎兆豐5B購01,0,,,,
701692,台燿統一6B購01,6760,3.38,3.38,3.38,3.38
701693,系統電統一5C購01,0,,,,
701694,系統電統一6B購01,7400,0.3,0.31,0.3,0.31
701695,系統電統一6B購02,0,,,,
701696,宜鼎統一5A購01,0,,,,
701697,宜鼎統一5C購04,0,,,,
701698,宜鼎統一6B購01,0,,,,
701699,訊聯統一6B購01,420,0.14,0.14,0.14,0.14
701707,威剛凱基59購02,14400,2.4,2.4,2.4,2.4
701720,系統電永豐5A購01,180,0.09,0.09,0.09,0.09
701725,台燿中信59購01,0,,,,
701762,信昌電國票5B購01,0,,,,
701788,訊聯永豐5B購01,0,,,,
701803,威剛富邦59購01,0,,,,
701804,巨有統一6B購01,297110,0.86,0.91,0.86,0.87
701805,濱川統一65購01,0,,,,
701806,濱川統一6B購01,6000,0.3,0.3,0.3,0.3
701807,濱川統一6B購02,0,,,,
701808,濱川統一6B購03,13100,0.33,0.33,0.32,0.32
701822,訊聯元大5B購02,0,,,,
701828,威剛兆豐5B購01,0,,,,
701853,巨有統一6B購02,70370,1.35,1.35,1.14,1.14
701854,弘塑中信5B購01,0,,,,
701855,威剛中信5B購01,17600,2.2,2.2,2.2,2.2
701878,神盾元大59購01,0,,,,
701908,信立凱基5B購01,0,,,,
701919,信驊元富5B購01,0,,,,
701971,臺慶科凱基59購01,0,,,,
702018,台燿凱基5B購02,0,,,,
702028,昇達科中信5A購01,0,,,,
702047,信立元大59購01,0,,,,
702060,IET中信59購01,0,,,,
702125,旺矽元大5B購01,0,,,,
702133,良維凱基5B購01,0,,,,
702161,精測中信5A購01,0,,,,
702170,昇達科元富5C購01,0,,,,
702194,博智凱基5A購01,0,,,,
702216,穩懋中信5A購01,0,,,,
702222,立碁元大5A購01,0,,,,
702223,訊聯元大5A購01,0,,,,
702228,穩懋元大5C購01,0,,,,
702252,弘塑中信5C購01,0,,,,
702281,精測元大5C購01,0,,,,
702283,穩懋元大5B購01,0,,,,
702284,穩懋元大5C購02,0,,,,
702287,威剛凱基5B購02,0,,,,
702300,順達元大5B購01,0,,,,
702304,穩懋元大5B購02,0,,,,
702311,雙鴻中信5C購01,0,,,,
702312,穩懋中信5A購02,0,,,,
702331,昇達科群益5C購01,0,,,,
702352,華電網國票5C購01,0,,,,
702363,順達元大5A購01,0,,,,
702364,順達元大5B購02,0,,,,
702373,光焱永豐5C購01,44500,0.89,0.89,0.89,0.89
702375,訊聯永豐5C購01,0,,,,
702386,訊聯凱基5C購01,0,,,,
702413,順達元大5A購02,0,,,,
702415,雍智元大5C購01,0,,,,
702441,高技元富5C購01,0,,,,
702451,新應材富邦5C購01,0,,,,
702459,擎亞元大5A購02,0,,,,
702467,順達凱基5B購01,516040,2.41,2.66,2.41,2.47
702490,台燿富邦5C購01,0,,,,
702526,昇達科國票5A購01,0,,,,
702553,穩懋元大5A購01,0,,,,
702560,昇達科中信5C購01,7490,3.75,3.75,3.74,3.74
702576,富喬凱基5A購01,0,,,,
702578,新應材凱基5B購02,0,,,,
702592,富喬國票5C購01,0,,,,
702593,富喬國票62購01,159950,3.07,3.11,2.84,2.84
702605,系統電元大5C購01,0,,,,
702611,高技元大5C購01,0,,,,
702627,富喬富邦5C購01,26600,1.33,1.33,1.33,1.33
702639,IET中信5C購01,0,,,,
702641,富喬中信5C購01,986580,0.58,0.58,0.58,0.58
702642,穩懋中信5C購01,0,,,,
702667,系統電元大5B購01,0,,,,
702695,穩懋凱基5A購01,31700,15.7,16.0,15.7,16.0
702712,良維中信5B購01,0,,,,
702719,系統電元大5C購02,0,,,,
702752,台特化統一6C購01,540,0.18,0.18,0.18,0.18
702753,精測統一66購01,910,0.91,0.91,0.91,0.91
702775,訊聯永豐5C購02,0,,,,
702776,新應材永豐5C購01,0,,,,
702786,威剛中信5C購01,0,,,,
702802,台特化元大59購01,0,,,,
702804,良維元大59購01,7540,0.58,0.58,0.58,0.58
702808,高技元大5A購01,0,,,,
702810,聖暉*元大59購01,0,,,,
702811,聖暉*元大5A購01,0,,,,
702828,勤凱統一5C購01,0,,,,
702829,勤凱統一6C購01,58720,0.91,0.95,0.91,0.95
702830,擎亞統一6C購01,143040,1.03,1.09,1.03,1.05
702831,宜鼎元富5C購01,0,,,,
702833,高技元富5C購02,0,,,,
702837,雙鴻中信59購03,12060,0.99,1.08,0.99,1.08
702850,創惟國票59購01,0,,,,
702856,家登凱基59購01,0,,,,
702858,順達凱基59購02,0,,,,
702878,櫃200群益5B購01,9000,9.0,9.0,9.0,9.0
702884,家登元大5C購01,0,,,,
702885,高技元大5A購02,1650,0.11,0.11,0.11,0.11
702886,高技元大5B購01,0,,,,
702888,穩懋元大59購05,0,,,,
702898,穩懋永豐59購02,0,,,,
702912,元太元大59購01,0,,,,
702919,高技元大5B購02,0,,,,
702943,力旺元富59購02,39900,2.7,2.7,2.64,2.64
702951,新應材永豐5C購02,0,,,,
702953,力旺中信5C購01,0,,,,
702966,元債20凱基5C購01,0,,,,
702968,系微凱基59購01,0,,,,
702969,宜鼎凱基5C購01,0,,,,
702980,訊聯統一6C購01,0,,,,
702987,穩懋元大5C購03,0,,,,
702990,華景電元富5C購01,0,,,,
702993,宜鼎中信5A購02,0,,,,
703002,新應材永豐5C購03,0,,,,
703004,鑫科永豐5C購01,10400,1.04,1.04,1.04,1.04
703011,宜特國票5A購01,0,,,,
703030,金益鼎凱基5A購01,0,,,,
703036,元太群益5B購01,0,,,,
703043,高技中信5C購01,0,,,,
703045,雙鴻中信5C購02,28600,1.43,1.43,1.43,1.43
703048,順達永豐5A購01,0,,,,
703049,順達永豐5C購01,0,,,,
703051,穩得永豐5A購01,0,,,,
703062,元太凱基5B購01,0,,,,
703075,台特化元大5A購01,0,,,,
703093,順達中信5B購01,11780,0.62,0.62,0.62,0.62
703102,穩懋永豐5C購01,0,,,,
703112,雙鴻凱基59購04,0,,,,
703113,雙鴻凱基5A購01,0,,,,
703117,新復興國票59購01,0,,,,
703125,台特化元大5A購02,0,,,,
703132,聖暉*元大5C購01,454660,0.97,1.08,0.97,1.04
703135,金山電統一5C購02,0,,,,
703136,博智統一5C購01,0,,,,
703137,璟德統一5C購01,0,,,,
703144,穩懋中信5C購02,0,,,,
703145,千附精永豐59購01,0,,,,
703149,中光電群益5A購02,0,,,,
703153,弘塑群益59購01,0,,,,
703171,宜鼎元大5C購03,0,,,,
703178,台星科國票59購01,0,,,,
703181,元太凱基59購01,0,,,,
703210,威剛群益5A購01,0,,,,
703217,欣銓中信59購01,0,,,,
703224,新應材永豐59購02,0,,,,
703229,台特化凱基5A購01,0,,,,
703260,雙鴻中信5C購03,0,,,,
703266,雙鴻永豐59購01,0,,,,
703271,湧德統一5C購02,0,,,,
703295,信驊群益5B購02,0,,,,
703296,威剛群益5B購01,46790,2.04,2.04,2.03,2.03
703308,家登元大5B購01,0,,,,
703315,欣銓元富5A購01,0,,,,
703320,鈊象中信61購01,0,,,,
703324,金益鼎永豐5A購01,0,,,,
703330,廣明永豐5A購01,0,,,,
703339,台燿富邦61購01,0,,,,
703340,信驊富邦5A購01,0,,,,
703341,新應材富邦61購01,0,,,,
703353,富喬凱基5A購02,0,,,,
703354,富喬凱基5B購01,1800,0.9,0.9,0.9,0.9
703355,富喬凱基61購01,0,,,,
703371,富喬國票5B購01,402460,0.96,1.05,0.88,0.88
703372,富喬國票61購01,68000,2.28,2.28,2.24,2.24
703380,富喬群益5B購01,254760,0.44,0.44,0.44,0.44
703386,富喬富邦5A購01,0,,,,
703389,富喬統一65購01,900230,0.55,0.57,0.5,0.51
703390,撼訊統一65購01,0,,,,
703395,信驊元富5A購01,0,,,,
703396,信驊元富5A購02,3667650,7.35,7.35,7.35,7.35
703399,順達元富61購01,0,,,,
703400,信驊中信61購01,0,,,,
703401,富喬中信61購01,0,,,,
703407,富喬永豐5A購01,1500,0.15,0.15,0.15,0.15
703418,富喬元大5B購01,0,,,,
703419,富喬元大5C購01,0,,,,
703420,富喬元大61購02,8700,0.87,0.87,0.87,0.87
703443,安碁元富61購01,1557650,2.99,2.99,1.65,1.65
703459,鏵友益永豐5B購01,0,,,,
703463,台特化統一62購01,0,,,,
703464,台特化統一63購01,1620,0.05,0.05,0.04,0.04
703465,台特化統一71購01,2600,0.26,0.26,0.26,0.26
703466,台燿統一5C購03,57000,5.7,5.7,5.7,5.7
703467,台燿統一61購02,0,,,,
703468,宏捷科統一71購01,320550,0.4,0.4,0.38,0.38
703469,欣銓統一5A購01,0,,,,
703470,欣銓統一5C購01,0,,,,
703471,欣銓統一61購01,0,,,,
703472,欣銓統一65購01,1220,1.22,1.22,1.22,1.22
703473,欣銓統一6C購01,30050,1.32,1.34,1.28,1.28
703474,金益鼎統一65購01,0,,,,
703475,茂迪統一65購01,1960,0.28,0.28,0.28,0.28
703476,神盾統一61購01,0,,,,
703477,雙鴻統一61購04,0,,,,
703478,穩得統一65購01,0,,,,
703479,穩懋統一5B購02,0,,,,
703480,穩懋統一5C購01,0,,,,
703481,穩懋統一5C購02,0,,,,
703482,穩懋統一5C購03,0,,,,
703483,穩懋統一6C購01,2700,2.7,2.7,2.7,2.7
703515,雍智兆豐61購01,0,,,,
703520,宜鼎富邦5A購01,0,,,,
703528,系統電元大5A購01,0,,,,
703535,欣銓元大5A購01,0,,,,
703581,臺慶科凱基5C購01,147320,1.5,1.57,1.45,1.45
703589,佶優元富5A購01,0,,,,
703604,欣銓國票61購01,0,,,,
703616,矽科統一6C購01,0,,,,
703617,金益鼎統一6C購01,0,,,,
703618,長科*統一64購01,0,,,,
703619,家登統一6C購01,124760,0.72,0.72,0.7,0.7
703620,捷創統一61購01,1800,0.09,0.09,0.09,0.09
703632,穩懋凱基5C購01,0,,,,
703639,台特化國票5A購01,0,,,,
703643,新應材國票5A購01,0,,,,
703648,宜鼎元大5A購02,0,,,,
703651,家登元大5C購02,38090,1.03,1.03,1.0,1.0
703652,湧德元大61購01,66020,0.35,0.36,0.35,0.35
703654,勤凱元大61購01,0,,,,
703660,聖暉*元大5C購02,187020,0.81,0.87,0.81,0.85
703661,雍智元大61購01,0,,,,
703665,家登凱基5C購01,16590,0.79,0.79,0.79,0.79
703682,家登元大5C購03,0,,,,
703684,聖暉*元大5A購02,0,,,,
703713,訊聯凱基5B購01,0,,,,
703725,宜鼎元大5B購01,0,,,,
703728,順達元大5A購03,0,,,,
703729,聖暉*元大5A購03,0,,,,
703740,精材群益5A購01,0,,,,
703745,加百裕永豐5A購01,0,,,,
703771,系統電凱基5C購01,3600,0.06,0.06,0.06,0.06
703773,新復興凱基5A購01,0,,,,
703785,世界國票61購01,162630,2.21,2.21,2.07,2.14
703813,聖暉*元大5A購04,0,,,,
703823,弘塑永豐5A購01,0,,,,
703829,世界富邦5A購01,0,,,,
703837,系統電元大5B購02,0,,,,
703838,順達元大5A購04,0,,,,
703839,聖暉*元大5B購01,0,,,,
703842,世界凱基61購01,310120,3.76,3.76,3.55,3.59
703860,世界統一61購01,0,,,,
703861,世界統一71購01,0,,,,
703862,巨漢統一61購01,0,,,,
703863,弘塑統一61購01,0,,,,
703864,光頡統一61購01,9580,2.44,2.44,2.38,2.38
703865,光頡統一71購01,581360,1.94,1.97,1.86,1.86
703866,均豪統一61購02,1200,0.4,0.4,0.4,0.4
703867,金山電統一64購01,0,,,,
703868,捷創統一61購02,0,,,,
703869,捷創統一71購01,80820,0.28,0.29,0.27,0.27
703870,富強鑫統一61購01,0,,,,
703871,富強鑫統一71購01,0,,,,
703872,富強鑫統一71購02,0,,,,
703873,崴寶統一71購01,0,,,,
703874,鉅橡統一61購01,0,,,,
703875,鉅橡統一61購02,0,,,,
703876,鉅橡統一61購03,0,,,,
703877,鉅橡統一71購01,1900,0.38,0.38,0.38,0.38
703878,精材統一71購01,35100,2.34,2.34,2.34,2.34
703879,臺慶科統一71購01,23600,0.83,0.85,0.83,0.85
703880,穩懋統一61購02,0,,,,
703881,穩懋統一61購03,0,,,,
703882,穩懋統一71購01,6700,2.26,2.26,2.2,2.2
703886,精材群益5C購01,0,,,,
703887,耀勝群益5A購01,0,,,,
703895,穩懋國票5A購02,0,,,,
703902,中美晶永豐5A購01,0,,,,
703906,鉅橡永豐5A購01,0,,,,
703914,聖暉*凱基61購01,11100,1.11,1.11,1.11,1.11
703917,耀勝凱基5A購01,0,,,,
703923,創惟國票61購01,0,,,,
703942,聖暉*元大5B購02,192550,1.44,1.63,1.44,1.58
703950,雙鴻群益5A購03,0,,,,
703954,世界永豐5A購01,340090,0.75,0.81,0.73,0.77
703960,雙鴻永豐5A購01,0,,,,
703961,久元統一61購01,0,,,,
703962,中美晶統一61購01,18080,1.13,1.13,1.13,1.13
703963,中探針統一71購01,0,,,,
703964,世禾統一65購01,0,,,,
703965,世界統一5B購01,0,,,,
703966,台半統一71購01,187890,1.28,1.3,1.26,1.3
703967,台半統一71購02,179000,0.92,0.95,0.91,0.95
703968,台星科統一71購01,0,,,,
703969,弘塑統一61購02,446960,0.86,0.98,0.86,0.98
703970,弘塑統一61購03,541360,1.09,1.2,1.09,1.2
703971,光頡統一61購02,0,,,,
703972,合晶統一5C購03,0,,,,
703973,均華統一5C購03,0,,,,
703974,長科*統一64購02,14750,0.98,0.99,0.98,0.99
703975,佶優統一71購01,77420,0.38,0.38,0.37,0.37
703976,信昌電統一61購01,0,,,,
703977,捷創統一71購02,0,,,,
703978,富強鑫統一61購02,0,,,,
703979,順達統一5C購05,0,,,,
703980,順達統一61購01,349070,0.51,0.55,0.5,0.51
703981,萬潤統一61購01,0,,,,
703982,鉅橡統一64購01,0,,,,
703983,精材統一61購01,0,,,,
703984,廣明統一61購01,100,0.01,0.01,0.01,0.01
703985,穩懋統一63購01,87670,2.83,2.83,2.77,2.77
703989,穩懋元富5A購01,0,,,,
703991,元債20凱基71購01,50860,0.62,0.64,0.62,0.62
704009,中探針統一61購01,0,,,,
704010,中探針統一61購02,0,,,,
704011,元太統一61購01,2540,0.11,0.11,0.1,0.1
704012,世禾統一71購01,0,,,,
704013,台半統一61購01,0,,,,
704014,台星科統一61購01,1700,0.43,0.43,0.42,0.42
704015,台燿統一71購01,0,,,,
704016,巨漢統一61購02,0,,,,
704017,巨漢統一71購01,0,,,,
704018,光頡統一61購03,0,,,,
704019,均華統一61購01,0,,,,
704020,宏捷科統一61購02,2100,0.21,0.21,0.21,0.21
704021,矽科統一61購01,0,,,,
704022,金山電統一61購01,1430,1.43,1.43,1.43,1.43
704023,金益鼎統一61購01,0,,,,
704024,佶優統一61購01,18360,0.27,0.27,0.27,0.27
704025,創惟統一61購01,0,,,,
704026,精材統一61購02,0,,,,
704027,穩懋統一61購04,0,,,,
704028,穩懋統一65購01,7260,2.41,2.43,2.41,2.43
704029,穩懋統一71購02,91640,2.43,2.44,2.2,2.2
704030,耀勝統一71購01,0,,,,
704038,湧德元大5A購01,0,,,,
704041,聖暉*元大5C購03,545810,0.71,0.77,0.71,0.73
704046,台星科群益5A購01,0,,,,
704051,信驊群益61購01,0,,,,
704053,聖暉*群益5A購01,0,,,,
704058,信驊元富5A購03,0,,,,
704067,世界凱基59購01,0,,,,
704068,台半凱基59購01,0,,,,
704074,世紀*兆豐59購01,0,,,,
704075,台星科兆豐59購02,0,,,,
704080,世禾富邦5C購01,11150,0.05,0.05,0.05,0.05
704081,家登富邦59購02,0,,,,
704082,群翊富邦5A購01,0,,,,
704083,璟德富邦59購01,0,,,,
704084,中探針統一67購01,0,,,,
704085,世界統一61購02,4800,0.48,0.48,0.48,0.48
704086,世界統一64購01,1810,0.57,0.67,0.57,0.67
704087,世紀*統一71購01,265070,0.9,1.21,0.87,1.21
704088,世紀*統一71購02,24480,1.44,1.44,1.44,1.44
704089,台半統一61購02,358860,0.88,0.97,0.88,0.97
704090,台半統一71購03,74190,1.11,1.15,1.11,1.15
704091,巨漢統一71購02,0,,,,
704092,光頡統一64購01,7500,1.5,1.5,1.5,1.5
704093,系統電統一71購01,11750,0.25,0.25,0.25,0.25
704094,佳邦統一71購01,1160,0.29,0.29,0.29,0.29
704095,矽科統一71購01,0,,,,
704096,金山電統一71購01,461610,1.09,1.13,1.06,1.06
704097,金益鼎統一71購01,0,,,,
704099,信昌電統一64購01,0,,,,
704100,信昌電統一71購01,57500,3.3,3.44,3.3,3.44
704101,家登統一61購02,17920,0.34,0.34,0.33,0.33
704102,能率亞統一61購01,0,,,,
704103,博智統一61購01,0,,,,
704104,湧德統一61購01,0,,,,
704105,精材統一5B購01,0,,,,
704106,精材統一64購01,0,,,,
704107,璟德統一65購01,0,,,,
704108,璟德統一71購01,0,,,,
704109,穩懋統一61購05,0,,,,
704110,鑫科統一71購01,0,,,,
704111,家登永豐59購01,0,,,,
704115,金益鼎國票61購01,690,0.23,0.23,0.23,0.23
704125,合晶群益59購02,0,,,,
704126,佳邦群益59購01,0,,,,
704127,佳邦群益5A購01,0,,,,
704134,鑫科群益5A購01,0,,,,
704135,世禾元大5A購01,0,,,,
704141,訊聯元大61購01,0,,,,
704146,穩懋元大5B購03,0,,,,
704151,系統電凱基5A購01,0,,,,
704161,合晶兆豐59購01,0,,,,
704163,旺矽兆豐59購01,0,,,,
704170,世界元大5A購01,2120,1.06,1.06,1.06,1.06
704176,勤凱元大5A購01,0,,,,
704180,鑫科元大5B購01,0,,,,
704189,旺矽元富5A購02,0,,,,
704191,家登元富5C購01,12700,1.27,1.27,1.27,1.27
704196,泓格永豐59購01,0,,,,
704202,鑫科永豐61購01,0,,,,
704203,中美晶統一71購01,207000,0.96,1.04,0.94,1.01
704204,元太統一61購02,0,,,,
704205,世紀*統一61購01,723060,1.07,1.07,1.06,1.06
704206,世紀*統一71購03,443150,0.81,0.81,0.76,0.8
704207,合晶統一71購01,73850,3.04,3.29,3.0,3.17
704208,沛亨統一61購01,0,,,,
704209,沛亨統一61購02,0,,,,
704210,宜鼎統一61購02,0,,,,
704211,宜鼎統一63購01,0,,,,
704212,旺矽統一61購02,25720,2.5,2.58,2.5,2.58
704213,旺矽統一63購02,0,,,,
704214,旺矽統一71購01,0,,,,
704215,松瑞藥統一61購01,11160,0.36,0.36,0.36,0.36
704216,松瑞藥統一71購01,0,,,,
704217,信昌電統一61購03,0,,,,
704218,信昌電統一71購02,173740,3.37,3.47,3.23,3.23
704219,家登統一61購03,27000,0.55,0.55,0.52,0.52
704220,家登統一71購01,19480,0.7,0.7,0.68,0.68
704221,高鋒統一61購01,0,,,,
704222,高鋒統一71購01,0,,,,
704223,湧德統一61購02,0,,,,
704224,新復興統一71購01,0,,,,
704225,廣運統一71購01,0,,,,
704236,世界元大59購01,0,,,,
704237,世界元大5A購02,10200,0.51,0.51,0.51,0.51
704244,富喬元大5A購01,5520,0.92,0.92,0.92,0.92
704256,富喬永豐5B購01,164070,0.97,1.06,0.93,0.93
704257,富喬永豐5C購01,257170,1.08,1.25,1.04,1.04
704258,富喬永豐64購01,370840,1.73,1.93,1.73,1.75
704259,華容永豐5A購01,0,,,,
704260,聖暉*永豐61購01,100160,1.25,1.28,1.25,1.28
704261,世界兆豐59購02,189500,0.45,0.45,0.44,0.44
704262,宜鼎兆豐61購01,7300,7.3,7.3,7.3,7.3
704268,點序群益59購01,0,,,,
704273,台星科富邦59購01,0,,,,
704274,合晶富邦59購01,0,,,,
704275,宜鼎富邦5C購01,0,,,,
704276,鈊象富邦59購01,0,,,,
704277,鈊象富邦5A購01,0,,,,
704278,萬潤富邦59購02,0,,,,
704279,廣明富邦59購01,0,,,,
704280,世界統一71購02,0,,,,
704281,台星科統一61購02,38860,0.32,0.33,0.31,0.31
704282,宜鼎統一71購01,65400,2.2,2.2,2.14,2.14
704283,東捷統一71購01,0,,,,
704284,佶優統一71購02,0,,,,
704285,高鋒統一64購01,0,,,,
704286,高鋒統一67購01,0,,,,
704287,富喬統一61購01,700,0.39,0.39,0.31,0.31
704288,富喬統一61購02,89900,0.65,0.67,0.65,0.65
704289,富喬統一61購03,0,,,,
704290,富喬統一61購04,183460,0.5,0.5,0.43,0.45
704291,富喬統一64購01,309420,0.6,0.6,0.58,0.58
704292,富喬統一65購02,2200,0.55,0.55,0.55,0.55
704293,富喬統一6C購01,0,,,,
704294,富喬統一71購01,12900,0.65,0.65,0.64,0.64
704295,富喬統一71購02,504380,0.58,0.58,0.55,0.55
704296,湧德統一71購01,0,,,,
704297,新復興統一71購02,0,,,,
704298,聖暉*統一67購01,46630,0.51,0.55,0.51,0.55
704308,鈊象兆豐59購01,0,,,,
704313,世界元大59購02,0,,,,
704315,系統電元大5B購03,0,,,,
704320,鈊象元大5A購01,0,,,,
704321,勤凱元大61購02,61700,1.1,1.16,1.1,1.16
704322,聖暉*元大61購01,129190,2.4,2.59,2.33,2.59
704325,精測元大5B購01,1260,0.63,0.63,0.63,0.63
704339,精測群益59購02,0,,,,
704340,點序群益59購02,0,,,,
704341,力旺富邦59購01,0,,,,
704343,世界富邦5C購01,0,,,,
704344,捷創富邦59購01,0,,,,
704346,精測富邦59購01,0,,,,
704347,世界統一5C購02,0,,,,
704348,合晶統一61購01,0,,,,
704349,東捷統一71購02,0,,,,
704350,佶優統一71購03,0,,,,
704351,精測統一61購01,60280,0.58,0.59,0.47,0.54
704352,精測統一61購02,10720,0.67,0.67,0.67,0.67
704353,精測統一71購01,480900,1.24,1.32,1.22,1.24
704358,竹陞永豐5A購01,0,,,,
704359,宜鼎永豐59購02,0,,,,
704361,華容永豐5C購01,0,,,,
704362,雷科永豐59購02,55500,5.55,5.55,5.55,5.55
704365,精測永豐5A購01,0,,,,
704367,點序永豐59購02,0,,,,
704368,點序永豐61購01,0,,,,
704370,世界國票5B購01,277950,0.51,0.51,0.49,0.49
704373,精測國票5A購01,87220,0.35,0.42,0.32,0.33
704374,精測國票5A購02,225250,0.51,0.54,0.37,0.37
704377,精測兆豐59購01,6100,0.61,0.61,0.61,0.61
704379,中探針凱基59購01,0,,,,
704380,宜鼎凱基5B購01,0,,,,
704381,鈊象凱基5A購01,0,,,,
704382,精測凱基5B購01,0,,,,
704388,中探針元大5B購01,0,,,,
704391,世界元大5B購01,0,,,,
704394,系統電元大61購01,0,,,,
704396,順達元大5A購05,100080,1.88,2.07,1.88,2.01
704400,宜鼎富邦61購01,0,,,,
704401,信昌電富邦5C購01,0,,,,
704403,高鋒統一61購02,0,,,,
704404,精測統一5C購01,200440,0.6,0.62,0.53,0.53
704405,尼克森永豐59購01,0,,,,
704406,亞電永豐59購01,319200,3.99,3.99,3.99,3.99
704409,精測永豐5A購02,25800,0.33,0.4,0.33,0.37
704416,創惟群益59購01,0,,,,
704418,精測群益59購03,0,,,,
704419,力旺元大5A購01,34400,2.23,2.42,2.23,2.42
704421,中美晶元大5C購01,0,,,,
704424,湧德元大61購02,0,,,,
704426,精材元大5B購01,0,,,,
704427,精材元大61購02,0,,,,
704430,大中凱基59購01,0,,,,
704448,新復興富邦59購01,0,,,,
704450,系統電元富59購01,0,,,,
704453,東捷永豐59購01,0,,,,
704481,中探針元大61購01,0,,,,
704482,元太元大61購01,0,,,,
704491,湧德元大5B購01,0,,,,
704492,鈊象元大5B購01,41480,0.34,0.34,0.34,0.34
704494,精材元大5A購01,0,,,,
704495,精材元大5B購02,0,,,,
704496,精材元大61購03,0,,,,
704502,大中永豐59購01,0,,,,
704506,系統電永豐5C購01,0,,,,
704507,亞電永豐5B購01,135060,2.79,2.79,2.42,2.42
704511,萬泰科永豐59購01,0,,,,
704526,能率群益59購01,0,,,,
704529,擎亞群益59購01,0,,,,
704532,大中統一5C購01,0,,,,
704533,大中統一71購01,127020,1.38,1.4,1.38,1.38
704534,台半統一5C購04,0,,,,
704535,台燿統一66購01,0,,,,
704536,尼克森統一5B購01,0,,,,
704537,巨漢統一5C購01,0,,,,
704538,合晶統一61購02,0,,,,
704539,竹陞統一64購01,0,,,,
704540,宏捷科統一61購03,0,,,,
704541,系統電統一64購01,0,,,,
704542,宜鼎統一5B購01,0,,,,
704543,宜鼎統一66購01,0,,,,
704544,宜鼎統一71購02,20320,1.25,1.28,1.25,1.27
704545,東捷統一64購01,0,,,,
704546,長科*統一71購01,68400,0.7,0.72,0.7,0.72
704547,佶優統一61購02,0,,,,
704548,昱展統一61購01,100,0.01,0.01,0.01,0.01
704549,茂迪統一5B購01,0,,,,
704550,能率亞統一61購02,2150,0.43,0.43,0.43,0.43
704551,能率亞統一71購01,0,,,,
704552,順達統一63購01,0,,,,
704553,雍智統一71購01,24680,5.0,5.0,4.9,4.98
704556,力旺凱基5A購01,0,,,,
704560,系統電凱基5B購01,0,,,,
704566,天品永豐59購01,0,,,,
704567,萬泰科永豐5B購01,0,,,,
704572,家登群益59購01,0,,,,
704578,元太元大61購02,0,,,,
704579,合晶元大5A購01,0,,,,
704584,精材元大5A購02,0,,,,
704590,能率亞統一63購01,0,,,,
704591,能率亞統一71購02,3700,0.74,0.74,0.74,0.74
704592,能率統一71購01,0,,,,
704605,系統電凱基5B購02,0,,,,
704607,原相凱基5A購01,0,,,,
704609,力旺群益59購01,0,,,,
704618,宜鼎群益59購01,0,,,,
704619,旺矽群益59購01,0,,,,
704620,博智群益5B購01,0,,,,
704628,中光電統一61購01,0,,,,
704629,智通*統一61購01,0,,,,
704636,博智永豐59購01,0,,,,
704637,智通*永豐59購01,0,,,,
704638,廣運永豐61購01,450,0.1,0.1,0.07,0.07
704649,宜鼎凱基59購03,0,,,,
704650,聖暉*凱基5B購01,0,,,,
704653,台燿兆豐59購02,0,,,,
704665,鈊象元大5C購01,70000,0.35,0.35,0.35,0.35
704668,穩得元大5B購01,72960,0.58,0.58,0.56,0.56
704678,中光電永豐59購01,0,,,,
704679,中美晶永豐59購01,0,,,,
704683,擎亞永豐59購02,0,,,,
704685,穩懋永豐5A購02,12750,6.5,6.5,6.25,6.25
704686,世界兆豐5A購01,0,,,,
704687,M31凱基5A購01,0,,,,
704702,竹陞元大5A購01,190,0.19,0.19,0.19,0.19
704707,家登元大5A購01,1480,0.01,0.01,0.01,0.01
704712,精材元大61購04,0,,,,
704715,M31永豐5A購01,0,,,,
704719,世界永豐5B購01,0,,,,
704721,台燿永豐5A購02,0,,,,
704725,家登永豐5B購01,14900,1.52,1.52,1.47,1.47
704728,精材永豐5A購01,0,,,,
704730,廣明永豐5A購02,0,,,,
704731,點序永豐5A購01,0,,,,
704733,鑫聯永豐5A購01,0,,,,
704736,印能凱基5A購01,0,,,,
704745,宜特國票5B購01,0,,,,
704750,系統電兆豐5A購01,0,,,,
704751,穩懋兆豐5A購01,0,,,,
704760,宜鼎元大5A購03,0,,,,
704766,精材元大61購05,0,,,,
704767,印能永豐5A購01,44880,4.08,4.08,4.08,4.08
704771,東浦永豐5A購01,0,,,,
704773,大樹群益62購01,0,,,,
704775,博智群益62購01,0,,,,
704778,榮剛群益5A購01,0,,,,
704781,點序群益62購01,0,,,,
704786,信驊凱基5A購02,0,,,,
704789,雍智凱基5A購01,0,,,,
704793,擎亞永豐5A購02,0,,,,
704794,擎亞永豐5B購01,0,,,,
704807,宜鼎元大5A購04,32300,3.23,3.23,3.23,3.23
704831,信驊國票5C購01,0,,,,
704839,擎亞國票5A購01,0,,,,
704841,台半富邦5B購01,3264810,0.94,1.15,0.94,0.96
704842,台星科富邦5B購01,13810,0.27,0.27,0.26,0.26
704843,合晶富邦5B購01,0,,,,
704844,宜特富邦5A購01,6000,0.03,0.03,0.03,0.03
704845,信驊富邦5B購01,0,,,,
704846,智通*富邦5A購01,0,,,,
704847,智通*富邦5B購01,0,,,,
704848,順達富邦5A購01,0,,,,
704849,廣明富邦5B購01,0,,,,
704850,廣運富邦5B購01,0,,,,
704852,雙鴻富邦5A購01,1652880,1.94,1.94,1.94,1.94
704858,東捷凱基5A購01,0,,,,
704880,榮剛富邦5A購01,0,,,,
704881,譜瑞兆豐62購01,2200,1.1,1.1,1.1,1.1
704893,青雲永豐5A購01,0,,,,
704895,世界統一62購01,45250,0.45,0.45,0.44,0.45
704896,台星科統一62購01,0,,,,
704897,台燿統一62購01,366300,4.39,4.42,4.08,4.08
704898,光頡統一5C購02,31400,3.14,3.14,3.14,3.14
704899,長科*統一61購01,0,,,,
704900,茂達統一62購01,4800,0.48,0.48,0.48,0.48
704901,茂達統一62購02,0,,,,
704902,訊聯統一72購01,0,,,,
704903,智通*統一68購01,0,,,,
704904,新復興統一72購01,180,0.18,0.18,0.18,0.18
704905,穩懋統一72購01,11930,2.35,2.42,2.35,2.39
704906,穩懋統一72購02,0,,,,
704907,鑫聯統一62購01,25800,0.43,0.43,0.43,0.43
704911,宜鼎凱基5A購02,0,,,,
704915,穩懋凱基5B購02,0,,,,
704925,系統電元大62購01,4800,0.24,0.24,0.24,0.24
704929,勤凱元大5A購02,0,,,,
704937,茂迪富邦61購01,0,,,,
704941,印能國票5A購01,0,,,,
704944,印能統一65購01,3720,1.74,1.98,1.74,1.98
704945,良維統一5C購01,0,,,,
704946,閎康統一72購01,0,,,,
704947,順達統一65購01,0,,,,
704948,雙鴻統一5C購01,2520,0.84,0.84,0.84,0.84
704949,雙鴻統一65購01,0,,,,
704950,耀勝統一5C購03,0,,,,
704951,鑫科統一72購01,0,,,,
704952,鑫聯統一72購01,68000,0.68,0.68,0.68,0.68
704953,鑫聯統一72購02,0,,,,
704954,系微兆豐62購01,322000,1.62,1.62,1.6,1.6
704957,雙鴻永豐5A購02,1809600,1.04,1.04,1.04,1.04
704958,中探針群益5C購01,69000,6.9,6.9,6.9,6.9
704963,協易機群益5A購01,0,,,,
704966,訊聯群益5A購01,0,,,,
704968,精材群益5A購02,0,,,,
704983,雙鴻元富5A購02,0,,,,
704984,雙鴻元富5A購03,35600,1.78,1.78,1.78,1.78
704997,雙鴻元大5B購01,0,,,,
704998,雙鴻元大61購02,189710,0.77,0.77,0.65,0.65
705002,世界富邦5C購02,581190,0.64,0.65,0.61,0.61
705003,世界統一72購01,60560,0.73,0.73,0.72,0.72
705004,宏觀統一62購01,0,,,,
705005,茂迪統一72購01,3510,0.36,0.36,0.35,0.35
705006,茂達統一61購02,0,,,,
705007,智通*統一62購01,136000,0.48,0.48,0.43,0.43
705008,湧德統一61購03,1700,0.17,0.17,0.17,0.17
705009,穩懋統一72購03,0,,,,
705010,穩懋統一72購04,7940,2.0,2.0,1.97,1.97
705011,鑫聯統一61購01,0,,,,
705012,台燿永豐5C購01,0,,,,
705013,台燿永豐61購01,0,,,,
705014,宏捷科永豐5A購01,0,,,,
705023,雙鴻凱基5C購01,5460,1.82,1.82,1.82,1.82
705027,系統電群益5A購01,0,,,,
705028,宜特群益5A購01,0,,,,
705029,金山電群益5A購01,0,,,,
705031,訊聯群益5A購02,0,,,,
705034,精材群益5A購03,201000,20.1,20.1,20.1,20.1
705038,宏觀國票5C購01,1400,0.14,0.14,0.14,0.14
705063,穩懋元大61購02,4470,2.21,2.26,2.21,2.26
705072,新應材凱基5A購01,0,,,,
705081,閎康群益5A購01,0,,,,
705083,精測群益5A購01,0,,,,
705084,精測群益62購03,956590,0.68,0.77,0.64,0.64
705087,世界富邦5C購03,0,,,,
705089,新應材富邦63購01,8500,0.17,0.17,0.17,0.17
705090,精測富邦5A購01,1960,0.01,0.03,0.01,0.02
705091,正淩統一62購01,38000,0.38,0.38,0.38,0.38
705092,正淩統一65購01,10400,0.4,0.4,0.4,0.4
705093,宏觀統一72購01,0,,,,
705094,宜特統一62購01,21950,0.33,0.33,0.32,0.32
705095,新復興統一62購01,0,,,,
705096,精測統一62購01,135460,0.16,0.19,0.15,0.15
705097,精測統一64購02,0,,,,
705098,精測統一72購01,47080,1.03,1.03,1.0,1.0
705099,雙鴻統一62購03,381630,0.62,0.67,0.5,0.5
705100,鑫科統一62購01,1550,0.31,0.31,0.31,0.31
705101,世界中信5B購01,0,,,,
705103,弘塑元富5A購02,0,,,,
705108,精測元富5B購01,0,,,,
705109,精測元富5B購02,0,,,,
705110,精測元富5B購03,0,,,,
705111,系統電永豐61購01,2030,0.29,0.29,0.29,0.29
705112,茂迪永豐5A購01,0,,,,
705114,新應材永豐61購01,0,,,,
705117,系統電凱基5A購02,0,,,,
705126,大中統一62購01,0,,,,
705127,宏觀統一72購02,0,,,,
705128,良維統一72購01,63280,1.24,1.24,1.2,1.2
705129,宜特統一72購01,0,,,,
705130,長科*統一72購01,271280,1.13,1.15,1.12,1.12
705131,茂迪統一61購01,0,,,,
705132,茂迪統一72購02,0,,,,
705133,博智統一62購01,0,,,,
705134,博智統一62購02,0,,,,
705135,穩懋統一72購05,43800,2.1,2.1,2.04,2.1
705136,鏵友益統一72購01,41870,0.79,0.79,0.79,0.79
705137,台燿中信5A購01,0,,,,
705138,良維中信5C購01,73420,1.69,1.77,1.67,1.7
705142,新應材永豐5B購01,0,,,,
705143,正淩國票5B購01,12180,0.21,0.21,0.21,0.21
705161,雙鴻元大61購03,0,,,,
705169,正淩凱基5B購01,0,,,,
705171,系統電凱基61購01,0,,,,
705173,宜鼎凱基59購04,286200,3.76,3.86,3.45,3.75
705175,崴寶凱基59購01,27500,0.1,0.1,0.1,0.1
705179,雙鴻凱基5C購02,175020,1.21,1.33,0.9,0.9
705181,家登國泰59購01,0,,,,
705182,雙鴻國泰59購02,0,,,,
705183,雙鴻國泰59購03,0,,,,
705185,弘塑富邦59購03,0,,,,
705186,閎康富邦5A購01,0,,,,
705188,元太統一62購01,62640,0.2,0.32,0.19,0.23
705190,弘塑統一72購01,46760,1.13,1.22,1.13,1.15
705191,正淩統一72購01,0,,,,
705192,沛亨統一72購01,0,,,,
705193,宜鼎統一72購01,426260,1.31,1.31,1.26,1.28
705194,崴寶統一64購01,0,,,,
705195,崴寶統一72購01,0,,,,
705196,雙鴻統一72購01,1446430,1.0,1.03,0.9,0.9
705197,鑫聯統一65購01,7600,0.38,0.38,0.38,0.38
705199,凡甲國票59購01,0,,,,
705201,加百裕國票59購01,0,,,,
705203,匯鑽科國票59購02,5000,0.01,0.02,0.01,0.02
705205,鑫聯國票59購03,0,,,,
705212,雙鴻元大5C購01,54370,0.9,0.97,0.84,0.84
705213,雙鴻元大61購04,5250,0.75,0.75,0.75,0.75
705214,神盾永豐5B購01,0,,,,
705215,崴寶永豐5B購01,0,,,,
705216,雙鴻永豐61購01,0,,,,
705221,雙鴻元富5A購04,6720,2.24,2.24,2.24,2.24
705222,雙鴻元富5A購05,158140,1.56,1.56,1.49,1.49
705223,雙鴻元富5A購06,0,,,,
705224,穩懋元富5A購02,0,,,,
705225,穩懋元富5A購03,0,,,,
705235,力旺凱基5B購01,200750,4.15,6.35,3.99,3.99
705236,凡甲凱基59購01,0,,,,
705238,穩懋凱基61購01,150370,2.84,2.84,2.68,2.68
705241,力旺永豐59購01,0,,,,
705242,宸曜永豐59購01,200,0.02,0.02,0.02,0.02
705243,萬潤永豐62購01,0,,,,
705246,力旺元富5A購01,0,,,,
705249,力旺國泰59購01,0,,,,
705250,凡甲國泰59購02,0,,,,
705251,中美晶國泰59購01,0,,,,
705252,神盾國泰59購01,0,,,,
705253,穩懋國泰59購01,0,,,,
705254,雙鴻富邦5A購02,684270,0.67,0.72,0.48,0.48
705255,雙鴻富邦5A購03,43400,0.83,0.89,0.83,0.84
705257,力旺統一65購01,12990,0.99,1.0,0.99,1.0
705258,力旺統一72購01,581220,1.11,1.12,1.07,1.1
705259,凡甲統一72購01,0,,,,
705260,凡甲統一72購02,14490,0.63,0.63,0.63,0.63
705261,元太統一62購02,240,0.24,0.24,0.24,0.24
705262,元太統一72購01,0,,,,
705263,弘塑統一72購02,1140,1.14,1.14,1.14,1.14
705264,正淩統一72購02,0,,,,
705265,沛亨統一72購02,35150,1.42,1.42,1.39,1.39
705266,博智統一72購01,0,,,,
705267,閎康統一72購02,0,,,,
705268,雙鴻統一62購04,0,,,,
705269,穩懋統一65購02,76700,1.68,1.74,1.68,1.72
705272,世紀*國票59購02,0,,,,
705273,穩懋國票59購02,0,,,,
705276,力旺群益5A購01,11690,1.67,1.67,1.67,1.67
705279,良維群益5C購01,8000,1.6,1.6,1.6,1.6
705284,力旺元大5A購03,220120,1.77,1.77,1.6,1.68
705289,鈊象元大5C購02,125580,0.95,0.95,0.94,0.94
705291,世紀*凱基59購01,2450,2.45,2.45,2.45,2.45
705292,宏觀凱基5B購01,0,,,,
705300,鈊象凱基61購01,4090,1.37,1.37,1.35,1.35
705302,雙鴻凱基59購07,0,,,,
705303,台星科富邦5A購01,0,,,,
705304,台燿富邦5C購02,0,,,,
705305,宏觀富邦5A購01,0,,,,
705306,良維富邦59購02,0,,,,
705307,富喬富邦5B購01,137350,0.6,0.6,0.52,0.52
705308,亞泰統一64購01,0,,,,
705309,亞泰統一72購01,0,,,,
705310,博智統一72購02,376840,0.89,0.89,0.85,0.85
705311,富喬統一62購01,24700,0.6,0.6,0.53,0.53
705312,富喬統一62購02,307940,0.53,0.58,0.49,0.49
705313,精材統一65購01,0,,,,
705314,精材統一72購01,28980,1.95,1.95,1.92,1.92
705315,鑫科統一72購02,8010,0.43,0.43,0.42,0.42
705316,沛亨國票59購02,0,,,,
705318,宜鼎國票5A購01,0,,,,
705319,泰茂國票59購01,0,,,,
705320,泰茂國票59購02,0,,,,
705321,富強鑫國票59購01,0,,,,
705323,富喬國票59購02,26750,1.07,1.07,1.07,1.07
705324,富喬國票5A購01,192940,1.25,1.25,1.11,1.11
705325,聚和國票59購01,16100,0.07,0.07,0.07,0.07
705326,寶雅國票59購01,0,,,,
705330,富喬元大59購01,0,,,,
705331,富喬元大5B購02,0,,,,
705333,鈊象元大5C購03,83840,0.81,0.81,0.8,0.8
705337,穩懋元大61購04,38760,2.28,2.28,2.28,2.28
705340,富喬群益59購01,0,,,,
705341,富喬群益5A購01,0,,,,
705343,弘塑永豐5B購01,2940,2.94,2.94,2.94,2.94
705346,富喬永豐5A購02,0,,,,
705347,富喬永豐61購01,561480,0.87,0.95,0.82,0.82
705348,富喬永豐65購01,597410,1.08,1.14,1.04,1.04
705349,雙鴻永豐5B購01,1980,0.66,0.66,0.66,0.66
705357,穩懋凱基61購02,0,,,,
705358,良維兆豐5A購01,0,,,,
705360,中美晶元大5B購01,0,,,,
705365,雙鴻元大5B購02,98300,1.08,1.11,1.08,1.11
705366,雙鴻元大5C購02,95680,1.04,1.04,1.04,1.04
705370,穩懋元大61購05,132840,1.4,1.52,1.4,1.5
705371,穩懋富邦59購04,0,,,,
705372,力致統一64購01,0,,,,
705373,凡甲統一61購01,0,,,,
705374,元太統一72購02,0,,,,
705375,台燿統一62購02,0,,,,
705376,正基統一64購01,0,,,,
705377,兆利統一64購01,0,,,,
705378,宏捷科統一61購04,0,,,,
705379,沛亨統一68購01,0,,,,
705380,系統電統一5C購02,0,,,,
705381,系微統一64購01,19200,0.5,0.5,0.46,0.46
705382,亞泰統一72購02,293810,2.77,2.77,2.72,2.72
705383,宜特統一65購01,700,0.35,0.35,0.35,0.35
705384,東捷統一72購01,0,,,,
705385,前鼎統一72購01,3680,1.84,1.84,1.84,1.84
705386,茂達統一72購01,99750,0.73,0.75,0.72,0.72
705387,原相統一64購01,0,,,,
705388,能率統一72購01,0,,,,
705389,富強鑫統一72購01,0,,,,
705390,新漢統一64購02,2160,0.24,0.24,0.24,0.24
705391,新漢統一72購01,4000,0.4,0.4,0.4,0.4
705392,萬潤統一62購01,0,,,,
705393,鈺太統一64購01,0,,,,
705394,精材統一5C購02,0,,,,
705395,聚和統一64購01,0,,,,
705396,廣明統一72購01,1700,0.17,0.17,0.17,0.17
705397,穩得統一72購01,7700,0.77,0.77,0.77,0.77
705398,穩懋統一61購06,0,,,,
705399,穩懋統一62購01,309950,1.33,1.34,1.22,1.27
705400,穩懋統一62購02,2070,2.07,2.07,2.07,2.07
705401,穩懋統一62購03,102920,1.21,1.5,1.2,1.2
705402,耀勝統一64購01,4640,0.11,0.11,0.1,0.1
705403,耀勝統一72購01,0,,,,
705404,鑫科統一72購03,0,,,,
705405,正基國票59購01,0,,,,
705406,昱展國票59購02,0,,,,
705409,台星科永豐59購01,0,,,,
705410,沛亨永豐5B購01,742800,1.68,1.68,1.58,1.58
705411,良維永豐59購01,1440,0.72,0.72,0.72,0.72
705412,萬潤永豐59購01,0,,,,
705413,鉅橡永豐5A購02,0,,,,
705415,鑫科永豐59購01,0,,,,
705422,大中群益59購02,0,,,,
705425,翔名群益59購01,0,,,,
705426,勤凱群益5A購01,0,,,,
705428,萬潤群益59購01,0,,,,
705433,中美晶凱基5C購01,35910,3.99,3.99,3.99,3.99
705437,弘塑凱基5C購01,126660,3.9,4.5,3.9,4.5
705438,沛亨凱基5A購01,0,,,,
705439,信驊凱基5A購03,0,,,,
705442,台特化兆豐5B購01,0,,,,
705443,新應材兆豐5B購01,0,,,,
705444,良維國票62購01,4500,2.25,2.25,2.25,2.25
705445,東浦國票5A購01,0,,,,
705446,信驊國票62購01,6750,6.75,6.75,6.75,6.75
705447,博智國票5A購01,0,,,,
705448,萬潤國票5A購01,0,,,,
705449,鉅橡國票5B購01,150,0.03,0.03,0.03,0.03
705451,穩懋國票5A購03,41050,1.82,2.03,1.66,1.66
705452,世界國泰5A購01,0,,,,
705453,宏捷科國泰5A購01,0,,,,
705455,世界群益5B購02,3500,0.7,0.7,0.7,0.7
705457,宏捷科群益5A購01,0,,,,
705458,良維群益5B購01,0,,,,
705460,信驊群益5B購04,0,,,,
705461,湧德群益61購01,0,,,,
705462,順達群益5B購01,0,,,,
705475,雙鴻元大5C購03,564650,1.83,1.83,1.4,1.4
705476,雙鴻元大61購05,712970,1.41,1.41,1.09,1.09
705477,台特化統一63購02,0,,,,
705478,台特化統一73購01,0,,,,
705479,良維統一61購01,38700,1.02,1.02,0.96,0.96
705480,良維統一63購01,302580,0.74,0.77,0.74,0.77
705481,亞泰統一62購01,0,,,,
705482,信昌電統一61購04,0,,,,
705483,新應材統一62購02,1460,0.13,0.13,0.12,0.12
705484,萬潤統一62購02,0,,,,
705485,萬潤統一73購01,11130,3.71,3.71,3.71,3.71
705486,德微統一63購01,394330,1.52,1.53,1.37,1.37
705487,穩懋統一66購01,33590,1.18,1.25,1.11,1.11
705488,穩懋統一73購01,73620,1.54,1.63,1.54,1.61
705489,穩懋統一73購02,1104730,1.49,1.6,1.47,1.5
705491,世界永豐5A購02,1200,0.04,0.04,0.04,0.04
705492,世界永豐5B購02,0,,,,
705494,台特化永豐5B購01,0,,,,
705496,光頡永豐5A購01,34600,3.46,3.46,3.46,3.46
705497,宜鼎永豐5A購02,0,,,,
705500,原相永豐5B購01,0,,,,
705502,萬潤永豐5B購01,0,,,,
705503,德微永豐5A購01,64380,1.74,1.74,1.74,1.74
705504,雙鴻永豐5C購01,1340,1.34,1.34,1.34,1.34
705505,穩懋永豐5A購03,76400,0.97,0.97,0.93,0.93
705508,宜特元富5A購01,0,,,,
705509,信驊元富5A購04,0,,,,
705519,均華兆豐63購01,0,,,,
705520,宜鼎兆豐63購01,359520,3.21,3.21,3.21,3.21
705521,順達兆豐5B購01,0,,,,
705522,雙鴻兆豐5B購01,0,,,,
705525,良維凱基5B購02,3480,0.87,0.87,0.87,0.87
705527,萬潤凱基5B購01,36200,18.1,18.1,18.1,18.1
705534,雙鴻凱基5B購01,74900,0.69,0.69,0.47,0.47
705539,中探針元大5A購02,0,,,,
705544,萬潤元大5B購01,0,,,,
705548,雙鴻元大61購06,8100,0.56,0.56,0.5,0.5
705551,穩懋元大5A購03,87540,0.96,0.96,0.91,0.91
705552,穩懋元大5B購04,0,,,,
705553,穩懋元大5C購04,429830,0.94,1.15,0.94,1.01
705554,宜鼎富邦5C購02,0,,,,
705555,中探針永豐5C購01,0,,,,
705556,正基永豐5A購01,0,,,,
705557,茂迪永豐5C購01,0,,,,
705558,神盾永豐5C購01,400,0.04,0.04,0.04,0.04
705559,博智永豐5B購01,0,,,,
705560,萬潤永豐5C購01,0,,,,
705562,環球晶永豐5B購01,0,,,,
705564,雙鴻永豐5A購03,0,,,,
705565,穩懋永豐5C購02,3341530,1.21,1.31,1.18,1.19
705566,耀勝永豐5C購01,0,,,,
705567,宏觀國泰5A購01,0,,,,
705568,沛亨國泰5A購01,0,,,,
705569,宜鼎國泰5A購01,0,,,,
705570,世界凱基5C購01,0,,,,
705572,旺矽凱基5A購02,0,,,,
705575,原相凱基5B購01,110,0.11,0.11,0.11,0.11
705577,鉅橡凱基5B購01,0,,,,
705580,宏觀永豐5A購01,0,,,,
705581,良維永豐5B購01,61770,0.87,0.87,0.87,0.87
705583,旺矽永豐5A購01,0,,,,
705584,旺矽永豐5B購01,0,,,,
705585,博磊永豐5A購01,0,,,,
705587,精材永豐5B購01,0,,,,
705589,鏵友益永豐5C購01,0,,,,
705590,鑫聯永豐5C購01,0,,,,
705599,雙鴻元大61購07,0,,,,
705600,凡甲國泰5A購01,0,,,,
705601,旺矽國泰5A購01,0,,,,
705602,鑫聯國泰5A購01,0,,,,
705603,元太國票5A購01,0,,,,
705604,良維國票67購01,34640,2.15,2.17,2.15,2.17
705605,亞信國票5A購01,0,,,,
705606,旺矽國票61購01,0,,,,
705608,是方國票5A購01,0,,,,
705610,精材國票5C購01,0,,,,
705611,雙鴻國票5C購01,27000,0.5,0.5,0.44,0.44
705614,弘塑群益5A購02,0,,,,
705615,正基群益5A購01,0,,,,
705616,宏捷科群益5A購02,0,,,,
705617,良維群益5B購02,0,,,,
705619,亞信群益5A購01,0,,,,
705620,宜鼎群益5A購01,0,,,,
705621,旺矽群益5B購01,20250,4.05,4.05,4.05,4.05
705622,順達群益5A購01,0,,,,
705627,環球晶群益5A購01,0,,,,
705630,旺矽兆豐5B購01,0,,,,
705631,大綜永豐5A購01,0,,,,
705633,順達永豐5B購01,178630,1.77,1.97,1.77,1.86
705634,新復興永豐5B購01,0,,,,
705637,系統電群益5A購02,0,,,,
705638,宜鼎群益5B購01,455600,1.89,1.92,1.84,1.84
705643,茂迪群益5A購01,0,,,,
705644,原相群益5C購01,0,,,,
705648,正基凱基5A購01,0,,,,
705652,宜鼎凱基5A購03,0,,,,
705653,前鼎凱基5A購01,0,,,,
705656,鉅橡凱基5A購01,0,,,,
705659,印能元大5C購01,0,,,,
705665,環球晶元大61購01,0,,,,
705666,鑫聯元大61購01,0,,,,
705667,萬泰科國泰5A購01,0,,,,
705668,鉅橡國泰5A購01,0,,,,
705671,鈊象富邦5B購01,2300,0.23,0.23,0.23,0.23
705672,聖暉*富邦5B購01,133340,0.5,0.5,0.47,0.47
705674,環球晶富邦5C購01,0,,,,
705675,雙鴻富邦5C購01,124180,0.73,0.84,0.73,0.74
705676,雙鴻富邦5C購02,120180,0.48,0.56,0.4,0.4
705677,譜瑞富邦5C購01,2950,2.95,2.95,2.95,2.95
705679,九豪國票5A購01,0,,,,
705680,正基國票5A購01,0,,,,
705681,沛亨國票5A購01,0,,,,
705682,宜鼎國票5A購02,0,,,,
705683,岳豐國票5A購01,0,,,,
705684,茂迪國票5A購01,0,,,,
705685,茂迪國票5A購02,0,,,,
705686,晟德國票5A購01,0,,,,
705690,僑威國票5A購01,0,,,,
705691,聚和國票5A購01,0,,,,
705692,臺慶科國票5A購02,0,,,,
705694,正基凱基5A購02,0,,,,
705697,新復興凱基5B購01,0,,,,
705698,鉅橡凱基5A購02,0,,,,
705699,聚和凱基5A購01,0,,,,
705700,寶雅凱基5A購01,0,,,,
705702,宏捷科國票62購01,16300,0.14,0.14,0.13,0.13
705704,昱展國票5A購01,0,,,,
705705,新復興國票5B購01,0,,,,
705706,萬泰科國票5A購01,0,,,,
705707,德勝國票5A購01,0,,,,
705708,正基國泰5A購01,0,,,,
705709,勤凱國泰5A購01,0,,,,
705711,台特化元大5C購01,0,,,,
705712,台燿元大61購03,271500,9.05,9.05,9.05,9.05
705718,宜鼎元大5C購04,0,,,,
705719,宜鼎元大61購02,0,,,,
705726,雙鴻元大61購08,116900,1.69,1.69,1.41,1.41
705727,九豪群益5A購01,0,,,,
705728,台特化群益62購01,0,,,,
705729,正基群益5A購02,0,,,,
705733,宜特群益5B購01,0,,,,
705736,正基永豐5B購01,0,,,,
705737,印能永豐5C購01,224150,1.75,1.8,1.75,1.8
705739,系統電永豐64購01,0,,,,
705740,陽程永豐5A購01,0,,,,
705753,晟德凱基5A購01,0,,,,
705754,精材凱基61購01,0,,,,
705755,雙鴻凱基5C購03,2374460,2.26,2.26,1.88,1.88
705758,世界元大5C購01,45250,1.81,1.81,1.81,1.81
705759,台特化元大5C購02,0,,,,
705769,新應材元大5A購01,0,,,,
705770,新應材元大61購01,0,,,,
705774,雙鴻元大61購09,158440,1.38,1.52,1.38,1.52
705775,宜特國票5A購02,0,,,,
705776,前鼎國票5B購01,0,,,,
705777,閎康國票5A購01,0,,,,
705778,鈊象國票5A購01,17970,0.03,0.03,0.03,0.03
705779,榮剛國票5A購01,0,,,,
705781,鏵友益國票5B購01,0,,,,
705782,鑫聯國票5A購01,0,,,,
705783,良維中信61購01,0,,,,
705785,新應材永豐63購01,7200,0.73,0.73,0.71,0.71
705791,宏捷科元富5C購01,0,,,,
705800,大綜統一73購01,122070,0.67,0.68,0.67,0.68
705801,印能統一62購01,155520,1.44,1.44,1.44,1.44
705802,旺矽統一63購03,0,,,,
705803,前鼎統一62購01,0,,,,
705804,環球晶統一63購01,2720,2.72,2.72,2.72,2.72
705805,環球晶統一63購02,0,,,,
705806,環球晶統一73購01,29200,2.45,2.45,2.41,2.41
705807,環球晶統一73購02,165840,1.97,2.07,1.97,2.02
705808,前鼎國泰5A購01,0,,,,
705809,元太國票5A購02,0,,,,
705810,岳豐國票5A購02,0,,,,
705811,長佳智國票5A購01,0,,,,
705812,前鼎國票61購01,0,,,,
705813,晟德國票5A購02,0,,,,
705814,精星國票5A購01,0,,,,
705816,寶雅國票5A購01,0,,,,
705818,凡甲永豐5B購01,0,,,,
705819,台星科永豐5C購01,9920,0.8,0.84,0.8,0.84
705820,宜特永豐5C購01,0,,,,
705823,前鼎永豐5C購01,0,,,,
705824,能率永豐5C購01,11000,0.22,0.22,0.22,0.22
705826,順達永豐61購01,294570,2.56,2.82,2.56,2.68
705827,良維兆豐5B購01,32490,0.57,0.57,0.57,0.57
705828,雙鴻兆豐5B購02,0,,,,
705841,元太元大5B購01,22040,0.36,0.4,0.36,0.4
705845,信驊元大5C購01,0,,,,
705846,新應材元大5A購02,0,,,,
705847,新應材元大61購02,0,,,,
705853,雙鴻元大61購10,4067440,1.46,1.49,1.18,1.18
705854,台特化統一63購03,0,,,,
705855,弘塑統一73購01,39200,0.98,0.98,0.98,0.98
705856,印能統一73購01,236110,1.41,1.47,1.4,1.45
705857,沛亨統一73購01,2280,1.14,1.14,1.14,1.14
705858,良維統一73購01,53660,0.48,0.48,0.47,0.47
705859,旺矽統一73購01,16700,3.34,3.34,3.34,3.34
705860,順達統一73購01,154740,0.51,0.54,0.51,0.54
705861,新應材統一73購01,10000,0.25,0.25,0.25,0.25
705862,萬泰科統一62購01,0,,,,
705863,德微統一73購01,124640,1.53,1.55,1.53,1.55
705864,環球晶統一62購01,0,,,,
705865,穩得統一73購01,0,,,,
705870,信驊凱基5B購01,0,,,,
705871,信驊凱基61購02,0,,,,
705872,信驊凱基61購03,0,,,,
705874,鈊象凱基61購02,132340,1.26,1.27,1.17,1.27
705875,新應材凱基61購01,0,,,,
705876,榮剛凱基5A購01,0,,,,
705877,環球晶凱基61購01,169300,9.1,9.8,9.1,9.45
705878,弘塑富邦5B購01,66260,1.2,1.29,1.2,1.29
705879,良維富邦5B購01,0,,,,
705880,新應材富邦63購02,0,,,,
705881,雙鴻國泰5A購01,137900,2.55,2.55,2.09,2.09
705887,新應材群益5A購01,0,,,,
705894,元太凱基5B購02,125710,0.48,0.5,0.45,0.45
705896,台特化凱基5C購01,0,,,,
705899,旺矽凱基5B購01,0,,,,
705901,新應材凱基5A購02,0,,,,
705903,精材凱基61購02,0,,,,
705908,旺矽兆豐5B購02,0,,,,
705909,新應材兆豐5B購02,0,,,,
705913,宜鼎群益5B購02,0,,,,
705917,雙鴻群益63購01,177000,0.92,0.97,0.92,0.92
705923,弘塑永豐5B購02,46750,0.55,0.55,0.55,0.55
705924,匯鑽科永豐5A購01,0,,,,
705925,新應材永豐5A購01,0,,,,
705926,新應材永豐5C購04,0,,,,
705927,新應材永豐63購02,1200,0.12,0.12,0.12,0.12
705928,雙鴻永豐63購01,0,,,,
705929,新應材國泰5A購02,0,,,,
705931,台半國票5A購01,0,,,,
705932,弘塑國票5A購01,0,,,,
705933,宜鼎國票5C購01,0,,,,
705934,松瑞藥國票5A購01,0,,,,
705935,胡連國票5A購01,0,,,,
705936,順達國票5A購01,0,,,,
705938,新應材國票5A購02,0,,,,
705939,新應材國票5B購01,0,,,,
705940,新應材國票5C購01,3250,0.05,0.06,0.05,0.06
705941,群翊國票5A購01,20000,1.0,1.0,1.0,1.0
705942,聖暉*國票5A購02,0,,,,
705943,德微國票5A購01,0,,,,
705944,新應材富邦5C購02,0,,,,
705945,均豪統一73購01,0,,,,
705946,宏捷科統一63購01,11900,0.2,0.2,0.19,0.19
705947,系微統一73購01,10500,0.53,0.53,0.52,0.52
705948,良維統一63購02,89060,0.73,0.73,0.73,0.73
705949,良維統一73購02,0,,,,
705950,宜特統一73購01,2200,0.44,0.44,0.44,0.44
705951,信紘科統一63購01,0,,,,
705952,前鼎統一73購01,126540,1.69,1.84,1.69,1.84
705953,鉅橡統一73購01,0,,,,
705954,鈺太統一66購01,0,,,,
705968,新應材元大5A購03,0,,,,
705969,新應材元大61購03,0,,,,
705984,博智元大5C購02,0,,,,
705986,世紀*國票5A購01,27300,9.1,9.1,9.1,9.1
705987,台特化國票5A購03,0,,,,
705988,閎康國票5A購02,0,,,,
705989,雙鴻國票5A購02,0,,,,
705991,弘塑國泰5A購01,0,,,,
705992,均華國泰5A購01,493460,4.57,4.57,3.99,4.09
705993,宜鼎富邦63購01,0,,,,
705994,蜜望實統一63購01,0,,,,
705995,蜜望實統一73購01,0,,,,
705996,世界群益5B購03,0,,,,
705997,旺矽群益5B購02,0,,,,
705998,神盾群益5B購01,0,,,,
706001,雙鴻群益5B購03,107000,5.35,5.35,5.35,5.35
706004,精材中信61購01,0,,,,
706005,蜜望實永豐5B購01,0,,,,
706006,穩得永豐5B購01,39600,0.44,0.44,0.44,0.44
706010,旺矽凱基5C購01,0,,,,
706011,博智凱基5C購01,195430,3.5,3.5,3.13,3.13
706015,緯軟國票5B購01,0,,,,
706016,雙鴻國票5A購03,12500,1.25,1.25,1.25,1.25
706017,宜鼎中信61購01,0,,,,
706018,弘塑永豐63購01,30260,1.78,1.78,1.78,1.78
706019,均華永豐5B購01,88800,4.6,4.6,4.28,4.28
706020,旺矽永豐61購01,0,,,,
706021,鈊象永豐5A購01,0,,,,
706027,大中統一73購01,96900,1.02,1.02,1.02,1.02
706028,台特化統一66購01,0,,,,
706029,台特化統一68購01,0,,,,
706030,均華統一62購01,0,,,,
706031,均華統一63購03,1240,0.62,0.62,0.62,0.62
706032,均華統一73購01,0,,,,
706033,均豪統一63購01,0,,,,
706034,宜鼎統一62購01,0,,,,
706035,旺矽統一63購04,0,,,,
706036,新普統一63購01,0,,,,
706037,新普統一73購01,570,0.57,0.57,0.57,0.57
706038,聖暉*統一61購01,0,,,,
706039,蜜望實統一62購01,0,,,,
706040,鑫聯統一62購02,0,,,,
706044,鈺太群益5A購01,0,,,,
706047,台燿富邦63購01,0,,,,
706049,博智富邦5B購01,0,,,,
706050,蜜望實富邦5B購01,0,,,,
706051,印能國泰5A購01,0,,,,
706052,均華國泰5A購02,19050,1.27,1.27,1.27,1.27
706053,鈊象國泰5A購01,600,0.3,0.3,0.3,0.3
706054,台特化元大5B購01,0,,,,
706055,台特化元大63購01,3200,0.32,0.32,0.32,0.32
706060,弘塑元大63購02,63620,2.81,3.04,2.81,3.04
706071,雙鴻元大63購01,1894770,1.34,1.34,1.2,1.2
706072,弘塑凱基5A購01,12480,0.48,0.48,0.48,0.48
706073,宜鼎凱基5A購04,10700,0.52,0.59,0.52,0.59
706074,鈊象凱基5C購01,54600,0.91,0.91,0.91,0.91
706081,雙鴻中信63購01,64700,0.59,0.62,0.58,0.62
706086,旺矽永豐5A購02,3570,3.57,3.57,3.57,3.57
706087,旺矽永豐61購02,26400,2.67,2.67,2.61,2.61
706088,旺矽永豐64購01,88570,3.92,3.92,3.63,3.63
706089,茂迪永豐61購01,0,,,,
706090,萬泰科永豐5C購01,0,,,,
706092,力致國泰5A購01,0,,,,
706093,弘塑國泰5A購02,0,,,,
706094,均豪國泰5A購01,0,,,,
706095,系統電國泰5A購01,0,,,,
706096,東捷國泰5A購01,0,,,,
706097,弘塑富邦5C購01,250140,0.75,0.85,0.75,0.79
706098,宜鼎富邦5C購03,554740,0.76,0.82,0.74,0.79
706099,旺矽富邦5B購02,0,,,,
706100,旺矽富邦63購01,0,,,,
706101,茂迪富邦63購01,0,,,,
706103,台特化元大63購02,0,,,,
706105,宏捷科元大5C購01,0,,,,
706115,雙鴻元大63購02,287260,1.06,1.06,1.06,1.06
706116,力致國票5A購01,0,,,,
706117,台半國票5A購02,0,,,,
706118,台星科國票61購01,88640,1.14,1.18,1.1,1.1
706119,宏捷科國票5A購01,0,,,,
706120,良維國票5A購01,0,,,,
706121,宜鼎國票5A購03,0,,,,
706122,旺矽國票5B購02,0,,,,
706124,臺慶科國票61購01,0,,,,
706125,鑫聯國票5C購01,0,,,,
706126,大綜統一63購01,10680,0.89,0.89,0.89,0.89
706127,大綜統一66購01,46030,0.75,0.79,0.74,0.78
706128,台特化統一62購02,0,,,,
706129,巨漢統一63購01,14000,0.28,0.28,0.28,0.28
706130,正基統一62購01,0,,,,
706131,正基統一63購01,0,,,,
706132,正基統一63購02,0,,,,
706133,均豪統一66購01,0,,,,
706134,宜鼎統一63購02,643880,0.84,0.88,0.83,0.84
706135,宜鼎統一63購03,416670,0.5,0.5,0.49,0.5
706136,宜鼎統一66購02,702330,0.71,0.71,0.67,0.7
706137,宜鼎統一73購01,320560,0.6,0.63,0.6,0.61
706138,茂迪統一67購01,0,,,,
706139,聚和統一73購01,50540,0.64,0.64,0.63,0.64
706140,蜜望實統一66購01,0,,,,
706141,蜜望實統一68購01,0,,,,
706142,雙鴻統一63購01,3750,0.75,0.75,0.75,0.75
706146,台特化群益5A購01,0,,,,
706150,旺矽群益63購01,959000,3.75,3.86,3.45,3.45
706153,德微群益63購01,135660,2.55,2.55,2.4,2.4
706154,雙鴻群益63購02,99980,0.63,0.63,0.53,0.53
706155,台特化凱基5C購02,0,,,,
706160,宜鼎凱基5C購02,0,,,,
706161,旺矽凱基63購01,23190,2.61,2.61,2.55,2.55
706162,旺矽凱基63購02,32700,3.27,3.27,3.27,3.27
706163,東捷凱基63購01,0,,,,
706166,德微凱基5A購01,0,,,,
706168,雙鴻凱基63購01,5840,0.98,0.98,0.97,0.97
706170,良維群益5C購02,242030,1.59,1.65,1.44,1.44
706173,精測群益5B購01,0,,,,
706175,宜鼎國泰5A購02,0,,,,
706176,宜鼎國泰61購01,0,,,,
706177,旺矽國泰5A購02,0,,,,
706178,弘塑富邦63購01,221590,0.7,0.73,0.68,0.73
706179,均華富邦5B購01,149080,0.75,0.82,0.75,0.75
706180,均華統一63購04,5900,0.59,0.59,0.59,0.59
706181,良維統一63購03,57000,0.57,0.57,0.57,0.57
706182,旺矽統一63購05,0,,,,
706183,茂迪統一63購01,0,,,,
706184,台特化元大63購03,0,,,,
706185,均華元大5C購01,0,,,,
706186,宏捷科元大5C購02,0,,,,
706198,精測元大5C購02,3000,0.15,0.15,0.15,0.15
706203,鑫聯元大63購01,0,,,,
706204,中美晶國票61購01,13920,3.48,3.48,3.48,3.48
706206,均華國票5B購01,511680,0.89,0.95,0.78,0.78
706207,宜鼎國票65購01,296240,1.52,1.57,1.49,1.51
706208,旺矽國票5C購01,1404220,3.94,4.2,3.55,3.55
706209,旺矽國票67購01,4711180,3.72,3.92,3.43,3.43
706210,德微國票65購01,28370,3.58,3.58,3.52,3.55
706213,精測中信5B購01,0,,,,
706214,宜鼎永豐5B購01,596030,0.58,0.62,0.58,0.59
706215,旺矽永豐5C購01,539900,2.42,2.47,2.2,2.2
706216,東捷永豐61購01,51000,5.1,5.1,5.1,5.1
706218,精測永豐5B購01,0,,,,
706219,精測永豐61購01,116310,0.18,0.18,0.17,0.17
706220,鑫科永豐5C購02,0,,,,
706223,弘塑元富5C購01,184350,1.2,1.43,1.2,1.41
706225,宏捷科元富5C購02,0,,,,
706239,中美晶兆豐63購01,0,,,,
706240,元太兆豐63購01,897680,1.2,1.28,1.2,1.26
706241,環球晶兆豐5B購01,0,,,,
706242,M31凱基59購01,0,,,,
706243,M31凱基59購02,0,,,,
706244,M31凱基59購03,0,,,,
706245,M31凱基5B購01,0,,,,
706246,台燿凱基61購01,44400,14.8,14.8,14.8,14.8
706247,巨漢凱基59購02,0,,,,
706248,弘塑凱基5A購02,0,,,,
706249,宏捷科凱基5C購01,7000,0.12,0.12,0.11,0.12
706250,信驊凱基59購05,58800,8.4,8.4,8.4,8.4
706251,信驊凱基59購06,0,,,,
706252,信驊凱基5B購02,0,,,,
706253,信驊凱基5C購01,30500,6.1,6.1,6.1,6.1
706255,優群凱基59購01,0,,,,
706256,譜瑞凱基59購03,0,,,,
706257,台燿中信59購04,0,,,,
706258,信驊中信59購01,0,,,,
706259,M31永豐5B購01,12680,0.22,0.22,0.21,0.21
706260,M31永豐5C購01,1480,0.26,0.26,0.24,0.24
706261,大中永豐5B購01,3960,0.99,0.99,0.99,0.99
706264,台燿永豐5B購01,0,,,,
706265,良維永豐5B購02,30400,1.9,1.9,1.9,1.9
706267,M31元富59購01,0,,,,
706268,M31元富59購02,0,,,,
706269,M31元富5A購01,0,,,,
706271,M31群益59購01,0,,,,
706273,台燿群益59購01,0,,,,
706274,良維群益5C購03,7750,1.55,1.55,1.55,1.55
706275,信驊群益5B購05,0,,,,
706276,聖暉*群益61購01,0,,,,
706278,雙鴻群益59購10,0,,,,
706279,台燿國泰5A購01,0,,,,
706280,台燿國泰5A購02,0,,,,
706281,德微國泰5A購01,32550,2.17,2.17,2.17,2.17
706282,M31統一63購03,0,,,,
706283,M31富邦5B購01,22000,0.11,0.11,0.11,0.11
706284,台特化富邦5C購01,2700,0.03,0.03,0.03,0.03
706285,信驊富邦5C購01,4770,4.77,4.77,4.77,4.77
706286,茂迪富邦5C購01,0,,,,
706287,雙鴻富邦5C購03,572330,0.7,0.82,0.7,0.71
706288,M31國票5A購01,0,,,,
706289,天品國票59購01,9440,0.07,0.15,0.07,0.13
706291,均豪國票59購01,0,,,,
706292,宏觀國票5C購02,0,,,,
706293,沛亨國票5A購02,162360,0.7,0.7,0.62,0.62
706294,信驊國票5B購03,10100,5.05,5.05,5.05,5.05
706295,陽程國票59購01,0,,,,
706296,環球晶國票59購01,0,,,,
706297,環球晶國票5A購01,0,,,,
706298,鑫科國票5A購01,0,,,,
706299,M31元大59購02,0,,,,
706300,M31元大59購03,0,,,,
706301,巨漢元大59購03,0,,,,
706302,沛亨元大59購02,0,,,,
706303,良維元大59購11,0,,,,
706305,亞泰元大59購01,28700,2.87,2.87,2.87,2.87
706306,東捷元大59購01,0,,,,
706308,信驊元大59購03,12250,4.05,4.15,4.05,4.15
706310,湧德元大59購02,0,,,,
706311,雙鴻元大59購18,0,,,,
706312,雙鴻元大59購19,0,,,,
706313,雙鴻元大5C購04,457140,0.86,0.86,0.76,0.76
706314,鑫科元大59購02,0,,,,
706316,台燿兆豐5B購01,0,,,,
706317,弘塑兆豐5B購01,6400,0.64,0.64,0.64,0.64
706318,聖暉*兆豐5B購01,0,,,,
706319,印能凱基5B購01,47040,1.96,1.96,1.96,1.96
706320,均豪凱基59購01,0,,,,
706321,沛亨凱基59購02,7800,0.13,0.13,0.13,0.13
706322,亞泰凱基5A購01,0,,,,
706324,聖暉*凱基5B購02,138590,1.58,1.78,1.58,1.78
706325,環球晶凱基5C購01,0,,,,
706326,雙鴻凱基59購15,0,,,,
706327,穩得凱基5C購01,0,,,,
706328,弘塑國票65購01,55800,1.6,1.6,1.58,1.58
706329,正德國票59購01,440,0.44,0.44,0.44,0.44
706330,亞泰國票59購02,0,,,,
706331,亞泰國票5A購01,271150,2.38,2.38,2.1,2.1
706332,華宏國票5A購01,0,,,,
706334,良維元大59購13,0,,,,
706335,前鼎元大59購03,13350,4.45,4.45,4.45,4.45
706336,茂迪元大5C購01,0,,,,
706337,雙鴻元大59購20,0,,,,
706338,雙鴻元大59購21,0,,,,
706339,雙鴻元大5C購05,515450,0.93,0.99,0.74,0.74
706340,穩得元大63購01,154860,0.58,0.58,0.58,0.58
706341,鑫聯元大63購02,0,,,,
706342,雙鴻國泰61購01,184920,1.81,1.81,1.51,1.51
706343,台燿富邦63購02,0,,,,
706344,德微富邦5C購01,272490,0.73,0.76,0.66,0.66
706345,世界統一63購01,150120,1.12,1.12,1.1,1.12
706346,台特化統一63購04,0,,,,
706347,印能統一63購01,71790,0.71,0.79,0.71,0.79
706348,亞泰統一62購02,44500,2.04,2.04,2.02,2.03
706349,博智統一63購01,0,,,,
706350,鈺太統一63購01,0,,,,
706351,弘塑永豐5C購03,363750,0.72,0.82,0.67,0.82
706353,均豪永豐59購01,0,,,,
706354,雙鴻永豐61購02,0,,,,
706355,雙鴻永豐64購01,212680,1.71,1.71,1.37,1.37
706357,印能元富59購04,0,,,,
706358,亞泰元富59購02,0,,,,
706359,亞泰元富59購03,0,,,,
706360,鑫聯元富59購01,0,,,,
706361,台燿群益59購02,0,,,,
706362,弘塑群益59購05,0,,,,
706363,宏捷科群益59購04,0,,,,
706364,宏觀群益59購02,0,,,,
706365,宏觀群益59購03,0,,,,
706366,優群群益59購01,0,,,,
706367,譜瑞群益59購02,0,,,,
706368,天品凱基59購01,0,,,,
706369,台燿凱基59購02,0,,,,
706370,弘塑凱基59購06,0,,,,
706371,良維凱基61購01,215000,1.19,1.22,1.13,1.13
706372,茂迪凱基59購03,0,,,,
706373,華義凱基59購01,0,,,,
706374,頎邦凱基59購01,0,,,,
706375,譜瑞凱基59購04,0,,,,
706376,鑫聯凱基59購02,0,,,,
706378,正淩永豐5B購01,0,,,,
706379,東捷永豐5A購01,0,,,,
706380,信紘科永豐59購01,0,,,,
706382,中美晶元富59購02,26700,4.45,4.45,4.45,4.45
706383,均豪元富59購01,0,,,,
706384,華宏元富59購01,0,,,,
706385,華宏元富59購02,0,,,,
706386,頎邦元富59購02,0,,,,
706387,廣運元富59購03,0,,,,
706388,雙鴻元富59購08,0,,,,
706389,美琪瑪群益5A購01,0,,,,
706390,湧德群益5B購01,0,,,,
706391,環球晶群益59購06,0,,,,
706392,雙鴻群益5B購04,24440,0.52,0.52,0.52,0.52
706393,雙鴻群益5B購05,0,,,,
706394,宏觀國泰5A購02,0,,,,
706395,大學光國票59購01,0,,,,
706396,東捷國票59購01,0,,,,
706398,原相國票59購01,0,,,,
706399,華義國票5A購02,265440,0.08,0.08,0.08,0.08
706400,陽程國票59購02,376000,9.4,9.4,9.4,9.4
706401,頎邦國票5A購01,0,,,,
706402,聚和國票5A購02,0,,,,
706403,正淩元大59購01,0,,,,
706404,均豪元大59購01,0,,,,
706405,均豪元大59購02,0,,,,
706406,良維元大59購14,0,,,,
706407,良維元大59購15,0,,,,
706408,良維元大59購16,0,,,,
706410,雙鴻元大59購22,0,,,,
706411,中美晶凱基5A購01,19400,1.9,1.9,1.75,1.75
706412,弘塑凱基5B購01,33700,0.22,0.25,0.22,0.25
706413,印能凱基5B購02,0,,,,
706414,湧德凱基5A購01,0,,,,
706415,閎康凱基5B購01,0,,,,
706416,鈺太凱基59購02,0,,,,
706417,雙鴻凱基59購16,0,,,,
706418,精材國泰5A購01,0,,,,
706419,弘塑富邦61購01,677070,0.55,0.61,0.55,0.57
706420,宏捷科富邦5B購01,0,,,,
706421,宏捷科富邦5C購01,1360,0.09,0.1,0.09,0.1
706422,家登富邦5B購01,0,,,,
706423,智通*富邦5B購02,6600,0.66,0.66,0.66,0.66
706424,環球晶富邦5A購01,0,,,,
706425,雙鴻富邦5C購04,78280,0.97,1.09,0.97,0.98
706426,弘塑元大59購06,0,,,,
706427,弘塑元大59購07,0,,,,
706428,印能元大59購07,0,,,,
706429,良維元大59購17,0,,,,
706431,茂迪元大59購08,0,,,,
706432,茂迪元大63購05,5500,0.11,0.11,0.11,0.11
706433,華宏元大59購01,0,,,,
706434,萬泰科元大59購01,0,,,,
706436,臺慶科元大59購03,0,,,,
706437,雙鴻元大59購23,0,,,,
706438,雙鴻元大59購24,0,,,,
706439,穩得元大5A購01,0,,,,
706441,弘塑群益5A購03,0,,,,
706442,印能群益5B購01,11700,1.35,1.8,1.35,1.8
706443,系微群益59購01,0,,,,
706444,系微群益59購02,0,,,,
706445,良維群益59購02,0,,,,
706446,湧德群益5C購01,0,,,,
706447,華宏群益59購01,0,,,,
706448,環球晶群益5A購02,0,,,,
706449,穩得群益5A購01,0,,,,
706450,環球晶中信59購02,71000,2.47,2.47,2.16,2.16
706451,中美晶永豐5A購02,0,,,,
706452,中美晶永豐5C購01,54050,0.72,0.8,0.72,0.74
706453,弘塑永豐63購02,74960,0.6,0.67,0.6,0.63
706454,合晶永豐59購01,0,,,,
706455,系微永豐5C購01,0,,,,
706456,博智永豐5C購01,35200,1.85,1.85,1.67,1.67
706457,華宏永豐5A購01,0,,,,
706458,華義永豐59購01,0,,,,
706459,鴻呈永豐59購01,0,,,,
706460,雙鴻永豐5B購02,0,,,,
706461,鑫聯永豐61購01,0,,,,
706462,中美晶元富59購03,0,,,,
706463,台特化元富59購02,0,,,,
706464,台燿元富63購01,0,,,,
706465,弘塑元富59購04,0,,,,
706466,宏觀元富59購01,0,,,,
706467,信昌電元富59購01,0,,,,
706468,華宏元富5B購01,0,,,,
706470,頎邦元富59購05,0,,,,
706471,力致凱基59購01,0,,,,
706472,中美晶凱基61購01,383760,4.33,4.72,4.33,4.54
706474,沛亨凱基5B購01,65480,0.98,0.98,0.96,0.96
706475,系微凱基59購02,0,,,,
706476,良維凱基5C購01,287800,1.5,1.5,1.36,1.36
706477,宜特凱基59購03,0,,,,
706479,博智凱基61購01,17150,1.16,1.16,1.11,1.11
706480,湧德凱基5B購01,0,,,,
706481,閎康凱基5A購01,0,,,,
706482,萬泰科凱基59購02,0,,,,
706484,臺慶科凱基5A購01,101070,1.67,1.76,1.6,1.6
706485,雙鴻凱基5C購04,0,,,,
706486,九豪國票59購02,0,,,,
706488,合晶國票5A購01,0,,,,
706489,均豪國票5A購01,0,,,,
706490,頎邦國票5A購02,0,,,,
706491,鑫聯國票5A購04,0,,,,
706492,廣明兆豐63購01,0,,,,
706493,九豪群益59購01,0,,,,
706496,宜特群益63購01,1620,0.54,0.54,0.54,0.54
706497,博智群益69購01,0,,,,
706498,閎康群益63購02,0,,,,
706499,頎邦群益59購01,0,,,,
706500,中美晶國泰5A購01,0,,,,
706501,合晶國泰5A購01,0,,,,
706502,良維國泰5A購01,0,,,,
706503,世界富邦61購01,1008830,0.81,0.82,0.78,0.78
706504,台特化富邦5A購01,0,,,,
706505,台燿富邦63購03,0,,,,
706506,中美晶元大59購01,18000,1.8,1.8,1.8,1.8
706507,中美晶元大5C購02,64380,2.22,2.22,2.22,2.22
706508,中美晶元大63購01,0,,,,
706509,台特化元大5A購03,0,,,,
706510,宜特元大59購01,0,,,,
706511,宜特元大59購02,0,,,,
706512,博智元大59購03,1500,0.1,0.1,0.1,0.1
706513,博智元大63購01,0,,,,
706514,湧德元大59購03,0,,,,
706515,湧德元大59購04,0,,,,
706516,湧德元大59購05,0,,,,
706517,萬泰科元大5C購01,0,,,,
706519,環球晶元大59購05,57400,8.5,8.5,7.45,7.45
706520,環球晶元大59購06,0,,,,
706521,雙鴻元大59購25,0,,,,
706522,台燿中信59購05,0,,,,
706523,博智中信59購01,0,,,,
706524,雙鴻中信63購02,12790,0.44,0.47,0.44,0.47
706526,均豪永豐59購02,0,,,,
706528,勤凱永豐5C購02,0,,,,
706530,合晶國票59購01,22500,22.5,22.5,22.5,22.5
706531,均豪國票59購02,0,,,,
706532,系微國票5A購01,0,,,,
706533,佶優國票59購01,0,,,,
706534,前鼎國票61購02,0,,,,
706535,閎康國票5A購03,14660,0.13,0.13,0.12,0.12
706536,順達國票5A購02,0,,,,
706537,鈺太國票59購02,0,,,,
706538,鈺太國票5A購01,0,,,,
706539,點序國票59購02,1100,0.01,0.01,0.01,0.01
706540,台特化凱基59購05,0,,,,
706541,台燿凱基59購04,0,,,,
706543,均豪凱基59購02,0,,,,
706544,博智凱基59購07,1590,0.01,0.01,0.01,0.01
706545,閎康凱基61購01,810,0.81,0.81,0.81,0.81
706547,精測凱基59購03,0,,,,
706548,雙鴻凱基5A購03,123520,1.18,1.32,1.18,1.32
706549,穩得凱基63購01,0,,,,
706550,鑫聯凱基61購01,0,,,,
706551,聚和中信59購01,0,,,,
706553,台燿永豐64購01,0,,,,
706554,宏觀永豐59購01,0,,,,
706555,系微永豐5A購01,0,,,,
706557,聖暉*永豐5B購01,35360,0.52,0.52,0.52,0.52
706558,聚和永豐5B購01,30000,0.25,0.25,0.25,0.25
706559,博智元富59購01,0,,,,
706560,台燿國泰5A購03,0,,,,
706561,宜特國泰5A購01,0,,,,
706562,鑫聯國泰5A購02,0,,,,
706563,台燿富邦73購01,0,,,,
706564,良維富邦5C購01,47800,0.49,0.49,0.47,0.47
706565,博智富邦61購01,0,,,,
706566,順達富邦5C購01,730810,0.7,0.78,0.69,0.72
706567,精測富邦5B購01,120480,0.19,0.23,0.19,0.19
706568,力致群益59購01,0,,,,
706569,中美晶群益5B購01,162420,1.98,2.34,1.98,2.34
706570,永信建群益59購01,0,,,,
706571,宏觀群益59購04,0,,,,
706572,良維群益61購01,6300,1.26,1.26,1.26,1.26
706573,博智群益63購01,216750,2.55,2.55,2.55,2.55
706574,閎康群益5B購02,0,,,,
706575,閎康群益5B購03,0,,,,
706576,順達群益5C購01,44300,1.35,1.38,1.31,1.31
706578,精測群益59購05,0,,,,
706579,精測群益63購01,520620,0.67,0.78,0.6,0.6
706580,雙鴻群益59購11,0,,,,
706581,九豪元大59購01,0,,,,
706585,宏捷科元大59購02,0,,,,
706588,博智元大63購02,7500,0.75,0.75,0.75,0.75
706589,閎康元大59購04,100,0.01,0.01,0.01,0.01
706590,萬泰科元大5C購02,0,,,,
706591,鈺太元大59購02,0,,,,
706592,鈺太元大59購03,0,,,,
706593,精測元大59購03,0,,,,
706594,精測元大5C購03,63300,0.24,0.24,0.21,0.21
706595,雙鴻台新59購04,0,,,,
706596,中美晶凱基5B購01,64460,2.38,2.91,2.38,2.63
706597,元太凱基59購02,0,,,,
706599,弘塑凱基59購07,0,,,,
706600,永信建凱基59購01,0,,,,
706601,系微凱基5A購01,0,,,,
706603,宜特凱基59購04,0,,,,
706604,華電網凱基59購01,0,,,,
706605,華電網凱基5B購01,0,,,,
706606,華電網凱基61購01,0,,,,
706607,閎康凱基5A購02,0,,,,
706608,順達凱基5A購01,0,,,,
706609,鈺太凱基59購03,0,,,,
706610,精材凱基59購02,110400,13.8,13.8,13.8,13.8
706611,元太國票5A購03,0,,,,
706612,弘塑國票5C購01,930,0.31,0.31,0.31,0.31
706613,弘塑國票63購01,389210,0.77,0.83,0.77,0.83
706615,宏觀國票5A購02,0,,,,
706616,系微國票5A購02,0,,,,
706617,美琪瑪國票5A購01,0,,,,
706618,神盾國票5A購01,0,,,,
706619,常珵國票59購01,0,,,,
706620,創泓國票59購01,5860,1.93,2.04,1.89,1.89
706621,華電網國票59購02,0,,,,
706622,鈊象國票5A購02,0,,,,
706623,萬泰科國票5A購03,13700,0.67,0.7,0.67,0.7
706624,穩得國票5A購01,0,,,,
706625,譜瑞國票5A購01,14900,0.25,0.25,0.24,0.24
706626,元太元大59購02,0,,,,
706627,台特化元大59購07,0,,,,
706630,台燿元大59購11,0,,,,
706631,弘塑元大59購08,0,,,,
706632,弘塑元大59購09,0,,,,
706633,弘塑元大59購10,0,,,,
706634,弘塑元大59購11,0,,,,
706635,弘塑元大59購12,0,,,,
706636,弘塑元大59購13,0,,,,
706638,弘塑元大59購15,0,,,,
706639,系微元大59購03,0,,,,
706640,系微元大59購04,0,,,,
706641,系微元大59購05,0,,,,
706642,系微元大59購06,0,,,,
706643,佶優元大59購01,0,,,,
706645,華電網元大59購01,0,,,,
706646,台特化群益59購03,0,,,,
706647,弘塑群益5B購02,24800,0.25,0.3,0.25,0.28
706648,沛亨群益59購01,0,,,,
706649,華電網群益59購01,0,,,,
706650,雙鴻群益59購12,0,,,,
706652,華電網中信59購01,0,,,,
706653,弘塑國泰5A購03,22200,0.37,0.37,0.37,0.37
706654,弘塑國泰5A購04,0,,,,
706655,系微國泰5A購01,0,,,,
706656,佶優國泰5A購01,0,,,,
706657,順達國泰5A購01,0,,,,
706658,中美晶富邦63購01,0,,,,
706659,弘塑富邦61購02,8120,0.42,0.45,0.4,0.4
706660,均豪富邦61購01,80280,0.36,0.36,0.36,0.36
706661,宏觀富邦5B購01,0,,,,
706662,沛亨富邦61購01,883150,0.69,0.72,0.65,0.65
706663,華電網富邦5C購01,0,,,,
706664,系微永豐5C購02,19000,0.2,0.2,0.18,0.18
706665,長佳智永豐59購01,0,,,,
706666,華電網永豐5A購01,0,,,,
706667,閎康永豐5B購01,0,,,,
706669,聚和永豐59購01,0,,,,
706670,友輝元富59購01,0,,,,
706671,友輝元富59購02,0,,,,
706672,友輝元富59購03,0,,,,
706673,弘塑元富5C購02,21150,0.6,0.63,0.6,0.63
706674,華義元富5A購01,0,,,,
706675,鑫聯元富59購02,0,,,,
706676,台特化兆豐5B購02,0,,,,
706677,順達兆豐5B購02,0,,,,
706678,雙鴻兆豐5B購03,0,,,,
706679,立碁群益59購01,0,,,,
706680,茂迪群益59購03,0,,,,
706681,華電網群益59購02,0,,,,
706683,家登國泰5A購01,0,,,,
706684,閎康國泰5A購01,0,,,,
706685,元太富邦5B購01,0,,,,
706686,頎邦富邦5B購01,0,,,,
706687,台特化凱基63購01,0,,,,
706689,邑錡凱基59購01,0,,,,
706690,朋億*凱基59購01,0,,,,
706691,美琪瑪凱基5A購01,0,,,,
706692,茂迪凱基59購04,0,,,,
706693,家登凱基5C購02,5740,2.87,2.87,2.87,2.87
706694,雙鴻凱基59購17,0,,,,
706695,立碁永豐5A購01,14500,0.58,0.58,0.58,0.58
706696,立碁永豐5B購01,0,,,,
706697,捷創永豐59購01,0,,,,
706698,穩得永豐61購01,0,,,,
706699,立碁元富59購01,182960,1.12,1.12,0.88,0.88
706700,立碁元富59購02,117480,0.44,0.44,0.44,0.44
706701,立碁元富59購03,9180,0.06,0.06,0.06,0.06
706702,系統電元富59購03,0,,,,
706703,鈊象中信5C購01,0,,,,
706704,聖暉*中信59購01,0,,,,
706705,立碁國票5A購01,33210,0.41,0.41,0.41,0.41
706707,邑錡國票59購01,0,,,,
706708,閎康國票61購01,0,,,,
706710,良維統一62購02,140350,0.75,0.75,0.74,0.74
706711,宜特統一62購02,15010,0.35,0.35,0.33,0.33
706712,信紘科統一63購02,0,,,,
706713,前鼎統一63購01,0,,,,
706714,閎康統一63購01,2400,0.24,0.24,0.24,0.24
706715,萬泰科統一62購02,0,,,,
706716,中美晶元大59購02,0,,,,
706717,世紀*元大59購01,0,,,,
706721,立碁元大59購01,0,,,,
706723,均豪元大59購03,0,,,,
706724,良維元大59購18,0,,,,
706726,宜特元大59購03,0,,,,
706727,宜特元大5C購01,17020,0.74,0.74,0.74,0.74
706729,閎康元大59購05,0,,,,
706730,閎康元大59購07,0,,,,
706731,閎康元大59購08,0,,,,
706732,閎康元大5A購01,0,,,,
706733,閎康元大63購03,167900,0.44,0.44,0.42,0.42
706734,雷科元大59購01,78300,8.7,8.7,8.7,8.7
706735,雙鴻元大59購26,0,,,,
706736,譜瑞元大59購03,0,,,,
706737,中美晶凱基59購02,765000,3.06,3.06,3.06,3.06
706738,世紀*凱基59購03,0,,,,
706740,立碁凱基59購01,0,,,,
706741,均豪凱基59購03,0,,,,
706742,宜特凱基59購05,0,,,,
706743,前鼎凱基61購01,0,,,,
706744,順達凱基59購03,0,,,,
706745,聖暉*凱基5A購01,0,,,,
706746,頎邦凱基59購03,0,,,,
706747,精材凱基59購03,0,,,,
706748,聚和凱基5A購02,0,,,,
706749,雙鴻凱基61購01,64190,1.31,1.31,1.31,1.31
706750,鑫聯凱基59購03,0,,,,
706751,聖暉*兆豐5B購02,33600,0.56,0.56,0.56,0.56
706752,久元國票5A購01,122060,0.26,0.31,0.26,0.31
706753,元債20國票59購01,0,,,,
706754,世紀*國票5A購02,11600,5.8,5.8,5.8,5.8
706755,矽科國票5A購01,0,,,,
706756,矽科國票5A購02,0,,,,
706757,常珵國票59購02,0,,,,
706758,捷創國票59購01,0,,,,
706759,捷創國票5A購01,0,,,,
706760,順達國票5B購01,54000,0.54,0.54,0.54,0.54
706761,聖暉*國票5A購04,5600,0.28,0.28,0.28,0.28
706762,久元元大59購01,0,,,,
706765,巨漢元大59購04,0,,,,
706766,立碁元大59購02,0,,,,
706767,宏捷科元大59購03,0,,,,
706768,良維元大59購20,0,,,,
706769,協易機元大59購02,0,,,,
706770,矽科元大59購01,0,,,,
706771,矽科元大59購02,0,,,,
706772,捷創元大59購01,0,,,,
706773,捷創元大59購02,0,,,,
706774,順達元大59購03,0,,,,
706775,順達元大59購04,0,,,,
706776,順達元大59購05,0,,,,
706779,精材元大59購02,0,,,,
706780,臺慶科元大59購04,0,,,,
706781,雙鴻元大59購27,3000,1.0,1.0,1.0,1.0
706782,印能國泰5A購02,0,,,,
706783,前鼎國泰5A購02,0,,,,
706784,聖暉*國泰5A購01,36240,0.6,0.72,0.6,0.72
706785,聖暉*國泰5A購02,0,,,,
706786,世界群益59購03,0,,,,
706787,台特化群益5A購02,0,,,,
706788,宜特群益59購02,0,,,,
706789,前鼎群益5B購01,56400,3.76,3.76,3.76,3.76
706790,順達群益5B購02,132110,0.93,0.94,0.93,0.94
706791,萬泰科群益5A購01,0,,,,
706792,雙鴻群益59購13,0,,,,
706793,元太富邦5B購02,14430,0.39,0.39,0.39,0.39
706794,宜特富邦5B購01,0,,,,
706795,前鼎富邦5B購01,0,,,,
706796,鈊象富邦5B購02,68680,0.68,0.68,0.68,0.68
706797,頎邦富邦5C購01,0,,,,
706798,雙鴻富邦5B購01,14900,1.49,1.49,1.49,1.49
706799,立碁統一63購01,0,,,,
706800,立碁統一66購01,0,,,,
706801,順達統一63購02,49200,0.57,0.6,0.57,0.6
706802,順達統一66購01,0,,,,
706803,聖暉*統一65購01,178690,0.61,0.64,0.61,0.64
706804,雙鴻統一66購01,3300,0.55,0.55,0.55,0.55
706805,順達中信59購01,0,,,,
706806,世界永豐59購04,0,,,,
706807,矽科永豐5B購01,0,,,,
706808,聖暉*永豐5B購02,0,,,,
706809,頎邦永豐5A購01,0,,,,
706810,久元元富59購01,0,,,,
706812,前鼎元富59購02,0,,,,
706813,勤凱元富59購02,0,,,,
706814,聖暉*元富59購03,0,,,,
706815,鑫聯元富59購03,0,,,,
706816,聖暉*台新59購01,53600,0.58,0.75,0.58,0.75
706819,台特化凱基59購06,0,,,,
706820,台燿凱基59購07,0,,,,
706821,巨漢凱基59購03,0,,,,
706823,東捷凱基59購02,0,,,,
706825,前鼎凱基5B購01,0,,,,
706826,順達凱基5B購02,0,,,,
706827,聚和康和59購01,0,,,,
706828,凡甲元大59購02,0,,,,
706829,元債20元大5B購02,0,,,,
706830,元債20元大62購01,0,,,,
706831,元債20元大65購01,0,,,,
706833,台燿元大59購18,0,,,,
706835,台燿元大59購20,0,,,,
706836,宏捷科元大59購04,0,,,,
706838,良維元大59購22,0,,,,
706839,宜特元大59購04,0,,,,
706840,東捷元大59購02,108330,1.57,1.57,1.57,1.57
706841,華電網元大5C購01,0,,,,
706842,鈊象元大59購02,0,,,,
706843,鈊象元大5C購04,0,,,,
706844,鈊象元大63購04,2400,0.24,0.24,0.24,0.24
706845,萬泰科元大63購01,0,,,,
706846,雙鴻元大59購28,8240,1.03,1.03,1.03,1.03
706847,雙鴻元大59購29,15020,0.98,1.14,0.98,1.14
706848,台燿中信59購07,0,,,,
706849,台燿永豐5B購02,0,,,,
706850,東捷永豐5C購01,96240,2.33,2.44,2.33,2.36
706851,前鼎永豐5B購02,0,,,,
706852,鈊象永豐5B購01,44440,0.22,0.22,0.22,0.22
706853,東捷國泰5A購02,400240,3.24,3.31,2.84,2.84
706855,宜特元富59購01,1650,0.15,0.15,0.15,0.15
706856,宜特元富5C購01,0,,,,
706857,匯鑽科元富5A購01,55410,0.22,0.22,0.18,0.19
706858,聖暉*元富59購04,0,,,,
706859,漢科元富5A購01,0,,,,
706860,廣運元富5C購01,0,,,,
706861,德微元富59購04,120300,3.13,3.13,2.89,2.89
706862,穩得元富59購02,0,,,,
706863,中美晶群益62購01,0,,,,
706865,東捷群益62購01,0,,,,
706866,東捷群益63購02,35500,3.55,3.55,3.55,3.55
706868,順達群益5A購02,0,,,,
706869,鈊象群益59購02,0,,,,
706870,鈊象群益59購03,0,,,,
706871,鈊象群益5B購01,9000,0.09,0.09,0.09,0.09
706872,聖暉*群益5C購01,9000,0.9,0.9,0.9,0.9
706873,精材群益59購05,0,,,,
706874,雙鴻群益59購14,0,,,,
706875,鑫科群益5B購01,170,0.17,0.17,0.17,0.17
706876,久元國票5A購02,197000,0.13,0.15,0.13,0.15
706877,美琪瑪國票5A購02,0,,,,
706878,神盾國票62購01,0,,,,
706879,鈊象國票5A購03,0,,,,
706880,頎邦國票5A購03,0,,,,
706881,世紀*元大59購02,0,,,,
706886,良維元大59購23,0,,,,
706887,東捷元大5C購01,0,,,,
706889,順達元大59購07,0,,,,
706890,順達元大59購08,0,,,,
706891,順達元大59購09,0,,,,
706892,鈊象元大63購05,322170,0.98,0.99,0.97,0.97
706893,頎邦元大59購03,0,,,,
706894,頎邦元大63購05,0,,,,
706895,均豪國泰5B購01,10270,0.79,0.79,0.79,0.79
706896,宏觀富邦5B購02,0,,,,
706897,凡甲凱基59購02,0,,,,
706898,元債20凱基5B購01,0,,,,
706899,宜特凱基59購06,0,,,,
706900,鈊象凱基5B購01,0,,,,
706901,聖暉*凱基5B購03,0,,,,
706902,雙鴻凱基59購18,0,,,,
706903,台燿國票5B購02,38000,9.5,9.5,9.5,9.5
706904,信音國票59購01,0,,,,
706905,宣德國票5B購01,300,0.02,0.02,0.02,0.02
706906,蜜望實國票59購01,7400,3.7,3.7,3.7,3.7
706907,雙鴻國票5B購02,0,,,,
706908,台燿群益59購07,35000,8.75,8.75,8.75,8.75
706909,順達群益59購01,0,,,,
706910,元太元富63購01,66690,1.67,1.75,1.67,1.71
706911,台燿元富59購07,0,,,,
706912,神盾元富59購01,0,,,,
706913,神盾元富59購02,0,,,,
706914,鈊象中信63購01,13000,0.13,0.13,0.13,0.13
706915,中光電永豐5B購01,22110,0.15,0.16,0.13,0.16
706916,元太永豐5B購01,100810,0.57,0.64,0.57,0.6
706917,宜特永豐59購03,0,,,,
706918,環球晶永豐5B購02,0,,,,
706919,雙鴻永豐5C購02,184690,1.39,1.39,1.27,1.27
706920,久元永豐5A購01,0,,,,
706921,協易機永豐5C購01,0,,,,
706922,宜特永豐5C購02,0,,,,
706923,信音永豐5C購01,0,,,,
706924,勤凱永豐61購01,0,,,,
706925,匯鑽科永豐61購01,42810,0.52,0.54,0.47,0.49
706926,精星永豐5B購01,800,0.08,0.08,0.08,0.08
706927,廣閎科永豐5C購01,0,,,,
706928,台燿凱基5B購03,0,,,,
706929,宏觀凱基5A購01,0,,,,
706930,良維凱基5A購03,0,,,,
706932,順達凱基5A購02,0,,,,
706934,千附國票5B購01,0,,,,
706935,千附精國票5B購01,0,,,,
706936,盈正國票5B購01,0,,,,
706937,寬宏國票5A購01,0,,,,
706938,廣閎科國票5B購01,0,,,,
706939,久元國泰5B購01,0,,,,
706940,華電網國泰5B購01,37350,0.03,0.05,0.03,0.05
706941,精材國泰5B購01,0,,,,
706942,久元富邦5C購01,0,,,,
706946,台燿元大64購01,0,,,,
706947,印能元大5A購01,0,,,,
706948,印能元大64購01,134120,1.63,1.74,1.63,1.74
706949,良維元大61購01,90010,2.68,2.89,2.56,2.56
706951,順達元大5A購06,0,,,,
706952,順達元大64購01,0,,,,
706953,鈊象元大64購02,0,,,,
706954,匯鑽科元大5A購01,0,,,,
706955,匯鑽科元大5A購02,0,,,,
706956,點序元大5A購01,0,,,,
706957,雙鴻元大5A購05,0,,,,
706958,世紀*群益5A購01,0,,,,
706959,台燿群益5A購01,0,,,,
706960,印能群益5A購01,0,,,,
706962,亞電群益5C購01,0,,,,
706963,匯鑽科群益5C購01,158450,0.45,0.51,0.45,0.5
706964,鈺太群益5A購02,0,,,,
706965,千附凱基5B購01,0,,,,
706966,千附精凱基5B購01,0,,,,
706967,世紀*凱基5A購01,24000,6.0,6.0,6.0,6.0
706968,印能凱基64購01,1536140,1.07,1.24,1.06,1.2
706969,神盾凱基63購01,0,,,,
706970,鈊象凱基64購01,0,,,,
706971,雙鴻凱基5A購05,20880,2.32,2.32,2.32,2.32
706972,印能國票5A購03,0,,,,
706973,宏碩國票5C購01,0,,,,
706975,高僑國票61購01,700,0.7,0.7,0.7,0.7
706976,新門國票61購01,330,0.33,0.33,0.33,0.33
706977,耀勝國票61購01,400,0.02,0.02,0.02,0.02
706978,印能國泰5B購01,87070,1.29,1.61,1.29,1.61
706979,穩得國泰5B購01,0,,,,
706980,神盾統一64購01,0,,,,
706981,神盾統一64購02,0,,,,
706982,印能永豐64購01,728860,1.66,1.8,1.66,1.75
706983,宏觀永豐5C購01,0,,,,
706984,亞電永豐61購01,0,,,,
706985,原相永豐5B購02,0,,,,
706986,神盾永豐5C購02,0,,,,
706987,創泓永豐5C購01,162650,1.51,1.66,1.42,1.42
706988,撼訊永豐5C購01,0,,,,
706989,元太元大5A購01,0,,,,
706990,天品元大5A購01,0,,,,
706991,世紀*元大5A購01,16370,2.35,2.35,2.33,2.33
706994,宏捷科元大5A購01,0,,,,
706995,匯鑽科元大5A購03,0,,,,
706996,精材元大5A購03,0,,,,
706997,加百裕群益5A購01,0,,,,
706998,印能群益5A購02,0,,,,
706999,均豪群益62購01,0,,,,
707000,高僑群益5B購01,0,,,,
707001,常珵群益5A購01,0,,,,
707002,鈊象群益5A購01,0,,,,
707003,群翊群益5B購01,0,,,,
707004,雙鴻群益5A購05,0,,,,
707006,台嘉碩元大5A購01,7600,0.38,0.38,0.38,0.38
707007,印能元大5A購02,38400,0.17,0.23,0.17,0.21
707008,印能元大5A購03,0,,,,
707009,印能元大5A購05,0,,,,
707010,印能元大5A購06,0,,,,
707011,印能元大5B購01,102280,0.79,0.89,0.79,0.89
707012,印能元大5C購02,159950,0.58,0.64,0.58,0.64
707013,印能元大61購01,0,,,,
707014,印能元大64購02,1400,0.7,0.7,0.7,0.7
707015,均豪元大5A購01,0,,,,
707016,宏捷科元大5A購02,0,,,,
707017,宏捷科元大5C購03,0,,,,
707018,系微元大5A購01,0,,,,
707019,宜特元大5A購01,0,,,,
707020,信立元大5A購01,0,,,,
707022,美琪瑪元大5A購01,0,,,,
707024,廣閎科元大5A購01,0,,,,
707025,雙鴻元大61購11,4800,2.4,2.4,2.4,2.4
707026,久昌凱基5A購01,0,,,,
707027,台燿凱基5B購04,41200,10.3,10.3,10.3,10.3
707028,印能凱基5A購03,810,0.09,0.09,0.09,0.09
707029,宏觀凱基5B購02,0,,,,
707030,系微凱基5A購02,400,0.04,0.04,0.04,0.04
707031,協易機凱基5A購01,0,,,,
707033,前鼎凱基5A購03,0,,,,
707035,陽程凱基5A購01,0,,,,
707036,陽程凱基5A購02,0,,,,
707037,廣閎科凱基5B購01,0,,,,
707038,衛司特凱基5A購01,0,,,,
707039,久昌國票5B購01,0,,,,
707040,千如國票5B購01,0,,,,
707041,台嘉碩國票5A購01,0,,,,
707042,印能國票5B購01,80670,0.32,0.35,0.32,0.32
707043,沛亨國票5B購01,29500,0.59,0.59,0.59,0.59
707044,威聯通國票5B購01,0,,,,
707045,茂綸國票5B購01,228700,0.87,1.08,0.87,1.01
707046,博盛國票5B購01,198130,0.87,0.87,0.8,0.8
707047,衛司特國票5B購01,4070,0.25,0.25,0.23,0.23
707048,雙鴻中信64購01,0,,,,
707049,久昌永豐5A購01,0,,,,
707050,印能永豐5A購02,0,,,,
707051,印能永豐61購01,123430,0.72,0.85,0.72,0.85
707052,同致永豐5C購01,0,,,,
707053,同致永豐61購01,0,,,,
707054,安葆永豐5B購01,510,0.51,0.51,0.51,0.51
707055,宏碩永豐61購01,13500,0.15,0.15,0.15,0.15
707056,宜特永豐5B購01,0,,,,
707057,威聯通永豐5A購01,0,,,,
707058,晟德永豐5B購01,6000,0.12,0.12,0.12,0.12
707060,智通*永豐5C購01,80340,1.1,1.1,0.99,0.99
707061,鈺太永豐5C購01,0,,,,
707062,磐亞永豐5B購01,0,,,,
707063,台嘉碩國泰5B購01,202150,2.01,2.05,1.98,1.98
707064,金山電國泰5B購01,0,,,,
707065,群翊國泰5B購01,0,,,,
707066,元太富邦5C購01,188680,0.66,0.69,0.65,0.65
707067,雙鴻富邦5C購05,0,,,,
707068,雙鴻富邦5C購06,0,,,,
707069,台燿統一67購01,0,,,,
707070,台燿統一74購01,0,,,,
707071,立碁統一67購01,72500,0.74,0.74,0.71,0.71
707072,立碁統一74購01,150000,0.75,0.75,0.75,0.75
707073,印能統一63購02,31950,0.73,0.73,0.58,0.58
707074,印能統一74購01,2540,1.27,1.27,1.27,1.27
707075,沛亨統一74購01,274520,0.73,0.73,0.7,0.7
707076,系統電統一67購01,640,0.32,0.32,0.32,0.32
707077,東捷統一63購01,0,,,,
707078,能率統一67購01,30100,0.62,0.62,0.59,0.6
707079,華電網統一64購01,70790,0.12,0.15,0.12,0.15
707080,華電網統一74購01,0,,,,
707082,順達統一63購03,5000,0.5,0.5,0.5,0.5
707083,頎邦統一63購01,72700,4.6,4.6,4.52,4.52
707084,頎邦統一64購01,0,,,,
707085,頎邦統一66購01,0,,,,
707086,廣閎科統一64購01,0,,,,
707087,廣閎科統一74購01,101000,1.01,1.01,1.01,1.01
707088,德微統一67購01,0,,,,
707089,雙鴻統一62購05,0,,,,
707090,雙鴻統一66購02,12600,0.84,0.84,0.84,0.84
707091,久元群益5A購01,0,,,,
707092,千附群益5A購01,0,,,,
707093,友輝群益5A購01,0,,,,
707094,正淩群益5A購01,0,,,,
707095,同致群益5A購01,0,,,,
707096,岳豐群益5A購01,0,,,,
707097,茂綸群益5A購01,0,,,,
707098,倚強群益5A購01,940,0.94,0.94,0.94,0.94
707100,聚和群益5A購01,0,,,,
707102,寶雅群益5A購01,0,,,,
707103,中光電兆豐64購01,49500,0.84,0.84,0.81,0.81
707106,矽科群益5A購01,0,,,,
707107,矽科群益5A購02,0,,,,
707108,群翊群益5C購01,0,,,,
707110,頎邦群益5B購01,0,,,,
707112,九豪凱基5A購02,0,,,,
707113,元太凱基5A購01,0,,,,
707115,矽科凱基5A購01,0,,,,
707116,茂綸凱基5A購01,0,,,,
707117,頎邦凱基64購01,0,,,,
707118,廣閎科凱基5A購01,30100,3.01,3.01,3.01,3.01
707119,雙鴻凱基5C購05,0,,,,
707120,友輝國票5A購01,0,,,,
707121,正淩國票5B購02,0,,,,
707122,矽科國票5B購01,0,,,,
707123,耕興國票5B購01,0,,,,
707124,翔名國票5B購01,10200,0.6,0.6,0.6,0.6
707125,群翊國票5B購01,42460,0.11,0.11,0.11,0.11
707126,頎邦國票5B購01,0,,,,
707127,磐亞國票5B購01,0,,,,
707128,元太國泰5B購01,81480,0.8,0.8,0.79,0.79
707129,宜特富邦5C購01,37440,0.42,0.42,0.39,0.39
707130,頎邦富邦61購01,0,,,,
707131,精材富邦5A購01,0,,,,
707132,聚和富邦5A購01,0,,,,
707133,正淩統一63購01,45100,0.41,0.41,0.41,0.41
707134,同致統一64購01,0,,,,
707135,同致統一74購01,0,,,,
707136,協易機統一66購01,0,,,,
707137,翔名統一74購01,28500,0.75,0.75,0.75,0.75
707138,陽程統一64購02,0,,,,
707139,陽程統一74購01,0,,,,
707140,萬泰科統一74購01,0,,,,
707141,群翊統一63購01,2340,0.4,0.4,0.38,0.38
707142,群翊統一74購01,0,,,,
707143,頎邦統一64購02,0,,,,
707144,頎邦統一67購01,0,,,,
707146,均豪永豐5A購01,159640,0.76,0.82,0.76,0.82
707147,宏捷科永豐5C購01,1540,0.32,0.32,0.3,0.3
707149,美琪瑪永豐5B購01,0,,,,
707150,茂訊永豐5B購01,0,,,,
707151,茂綸永豐5A購01,4040,1.01,1.01,1.01,1.01
707152,湧德永豐5B購01,0,,,,
707153,陽程永豐5C購01,0,,,,
707154,群翊永豐5A購01,0,,,,
707155,衛司特永豐5A購01,0,,,,
707156,璟德永豐5A購01,0,,,,
707157,環球晶永豐5A購01,0,,,,
707158,雙鴻永豐5C購03,0,,,,
707159,九豪元大5A購01,0,,,,
707161,台燿元大61購04,0,,,,
707163,前鼎元大5A購02,0,,,,
707164,翔名元大5A購01,0,,,,
707166,頎邦元大5A購02,0,,,,
707167,雙鴻元大61購12,0,,,,
707168,鑫聯元大5A購01,0,,,,
707169,台燿凱基61購02,650600,4.87,5.1,4.71,4.73
707170,同致凱基5A購01,0,,,,
707171,捷創凱基5A購01,0,,,,
707172,翔名凱基5A購01,0,,,,
707173,華景電凱基5A購01,0,,,,
707174,華景電凱基5A購02,0,,,,
707175,鈊象凱基64購02,0,,,,
707176,群翊凱基5C購01,0,,,,
707177,頎邦凱基5A購02,0,,,,
707178,世界群益5C購01,5150,1.03,1.03,1.03,1.03
707179,台半群益5A購01,0,,,,
707180,台燿群益5A購03,0,,,,
707181,台燿群益5B購02,0,,,,
707182,捷創群益5B購01,0,,,,
707183,華景電群益5A購01,0,,,,
707184,陽程群益5A購01,0,,,,
707185,勤凱群益5B購01,221200,1.25,1.43,1.2,1.2
707186,元債20國票5B購01,0,,,,
707187,台燿國票5B購03,0,,,,
707188,安葆國票5B購01,3600,0.18,0.18,0.18,0.18
707189,華景電國票5B購01,0,,,,
707191,廣閎科國票5B購02,0,,,,
707192,鈺太國泰5B購01,0,,,,
707193,雙鴻國泰67購01,7594280,3.73,3.73,3.73,3.73
707194,久元統一64購01,4300,0.39,0.4,0.39,0.4
707195,湧德統一74購01,0,,,,
707196,華景電統一64購01,0,,,,
707197,華景電統一64購02,0,,,,
707198,華景電統一65購01,18800,0.47,0.47,0.47,0.47
707199,華景電統一68購01,3190,0.29,0.29,0.29,0.29
707200,華景電統一74購01,0,,,,
707201,陽程統一65購01,0,,,,
707202,陽程統一68購01,0,,,,
707203,群翊統一64購01,0,,,,
707204,群翊統一74購02,0,,,,
707205,頎邦統一64購03,32980,2.79,2.79,2.64,2.64
707206,大中元大5A購01,0,,,,
707208,台燿元大61購05,0,,,,
707209,台燿元大64購04,0,,,,
707210,宏觀元大64購01,0,,,,
707211,系微元大5A購02,0,,,,
707213,良維元大5B購01,3200,1.6,1.6,1.6,1.6
707214,東捷元大5A購01,0,,,,
707215,信紘科元大5A購01,52000,0.26,0.26,0.26,0.26
707216,華景電元大5A購01,0,,,,
707217,華景電元大5A購02,0,,,,
707218,順達元大5A購07,0,,,,
707219,順達元大5A購08,0,,,,
707220,群翊元大5A購01,0,,,,
707221,雙鴻元大64購02,405000,3.01,3.01,2.5,2.5
707222,世界永豐61購01,201900,1.56,1.56,1.54,1.54
707223,台半永豐5B購01,0,,,,
707224,台燿永豐5A購03,0,,,,
707225,台燿永豐61購02,432000,7.2,7.2,7.2,7.2
707226,矽科永豐5B購02,0,,,,
707227,華景電永豐5C購01,110000,0.44,0.44,0.44,0.44
707228,華景電永豐61購01,0,,,,
707229,順達永豐5B購02,0,,,,
707230,頎邦永豐5C購01,25440,4.24,4.24,4.24,4.24
707231,順達兆豐5C購01,0,,,,
707232,安葆凱基5A購01,0,,,,
707233,陽程凱基5A購03,0,,,,
707234,順達凱基5A購03,0,,,,
707235,新盛力凱基5A購01,28900,2.89,2.89,2.89,2.89
707236,新盛力凱基5A購02,0,,,,
707237,頎邦凱基5B購01,98600,5.45,5.6,5.15,5.15
707238,廣閎科凱基5A購02,0,,,,
707239,雙鴻凱基5A購06,14610,0.42,0.47,0.37,0.37
707240,久元元大61購01,33000,0.33,0.33,0.33,0.33
707242,家登元大5A購02,0,,,,
707243,湧德元大5A購02,0,,,,
707244,湧德元大5A購03,0,,,,
707245,順達元大64購02,0,,,,
707246,鈊象元大61購01,165440,0.88,0.88,0.88,0.88
707247,新盛力元大5A購01,100500,2.36,2.36,2.3,2.3
707248,萬泰科元大5A購01,0,,,,
707249,台星科國票5B購01,0,,,,
707250,台燿國票5B購04,64750,6.65,6.65,6.3,6.3
707251,順達國票5B購02,57580,0.25,0.27,0.24,0.25
707252,新盛力國票5A購01,0,,,,
707253,新盛力國票5B購01,0,,,,
707255,宏捷科國泰5B購01,0,,,,
707256,宏捷科國泰5B購02,1900,0.1,0.1,0.09,0.09
707257,台特化永豐5C購01,0,,,,
707258,東捷永豐64購01,475200,2.79,2.81,2.79,2.81
707259,凌陽創永豐5A購01,0,,,,
707260,勤凱永豐5C購03,0,,,,
707261,新盛力永豐5B購01,0,,,,
707262,新盛力永豐5C購01,0,,,,
707263,萬泰科永豐64購01,0,,,,
707264,台燿統一64購02,0,,,,
707265,宏捷科統一74購01,0,,,,
707266,東捷統一64購02,39550,1.29,1.38,1.29,1.32
707267,東捷統一66購01,0,,,,
707268,華景電統一63購01,0,,,,
707269,勤凱統一74購01,0,,,,
707270,新盛力統一64購01,0,,,,
707271,新盛力統一68購01,0,,,,
707272,新盛力統一74購01,0,,,,
707273,新盛力統一74購02,200010,1.02,1.03,1.01,1.03
707274,群翊統一64購02,0,,,,
707275,鉅橡統一66購01,1800,0.36,0.36,0.36,0.36
707276,頎邦統一74購01,127980,1.38,1.44,1.38,1.38
707277,廣閎科統一74購02,63200,0.8,0.8,0.8,0.8
707278,德微統一64購01,417820,0.9,0.9,0.8,0.8
707279,久元凱基61購01,260,0.26,0.26,0.26,0.26
707280,中美晶凱基5A購02,0,,,,
707281,台星科凱基5A購01,480,0.06,0.06,0.06,0.06
707282,台燿凱基5A購02,193230,4.73,4.98,4.73,4.98
707283,均豪凱基5B購01,3600,0.06,0.06,0.06,0.06
707284,宏觀凱基64購01,0,,,,
707285,旺矽凱基5A購04,25300,0.43,0.43,0.42,0.42
707286,順達凱基64購01,0,,,,
707287,廣閎科凱基5A購03,0,,,,
707288,鑫聯凱基5B購01,0,,,,
707289,台燿兆豐5C購01,0,,,,
707290,均豪兆豐5C購01,0,,,,
707291,雙鴻兆豐5C購01,0,,,,
707292,台星科元大5A購01,0,,,,
707293,台星科元大5A購02,0,,,,
707294,台燿元大5A購05,0,,,,
707295,台燿元大5A購06,0,,,,
707296,台燿元大5A購07,0,,,,
707297,台燿元大5A購08,28200,2.82,2.82,2.82,2.82
707298,台燿元大5A購09,0,,,,
707299,台燿元大61購06,24040,2.4,2.44,2.4,2.44
707300,旺矽元大5A購02,0,,,,
707301,旺矽元大61購01,0,,,,
707302,信驊元大5B購01,53450,3.66,3.66,3.37,3.37
707303,華景電元大5A購03,0,,,,
707304,陽程元大63購01,0,,,,
707305,頎邦元大63購06,0,,,,
707306,台燿永豐5C購03,601680,3.83,3.83,3.47,3.49
707307,台燿永豐64購02,1672310,3.38,3.61,3.19,3.19
707308,台燿永豐67購01,267520,3.87,4.03,3.76,3.76
707309,巨漢永豐5C購01,0,,,,
707310,安葆永豐5C購01,1100,0.22,0.22,0.22,0.22
707311,均豪永豐5C購01,0,,,,
707312,良維永豐5C購01,95280,1.85,1.85,1.71,1.71
707313,旺矽永豐5A購03,109150,0.55,0.7,0.41,0.41
707314,旺矽永豐61購03,277710,1.66,1.74,1.45,1.45
707315,旺矽永豐64購02,805760,2.6,2.66,2.37,2.37
707316,長科*永豐5A購01,0,,,,
707317,信驊永豐5A購03,20270,2.02,2.03,2.02,2.03
707318,前鼎永豐61購01,0,,,,
707319,翔名永豐5B購01,0,,,,
707320,翔名永豐5B購02,0,,,,
707321,鉅橡永豐5B購01,100,0.1,0.1,0.1,0.1
707322,廣閎科永豐5A購01,0,,,,
707323,均豪國泰61購01,115010,0.72,0.73,0.69,0.69
707324,精材國泰5B購02,0,,,,
707325,台燿富邦5A購02,0,,,,
707326,台燿富邦64購01,132570,1.61,1.61,1.51,1.51
707327,旺矽富邦5C購01,219200,0.94,1.1,0.93,0.96
707328,旺矽富邦64購01,1901120,1.13,1.26,1.07,1.07
707329,群翊富邦62購01,0,,,,
707330,台燿國票5B購05,121720,3.58,3.58,3.58,3.58
707331,台燿統一63購01,8440,2.15,2.15,2.07,2.07
707332,台燿統一64購03,14390,1.33,1.33,1.29,1.29
707333,台燿統一64購04,38780,2.05,2.08,1.9,1.9
707334,台燿統一66購02,733770,1.49,1.61,1.48,1.48
707335,台燿統一74購02,1061110,1.38,1.46,1.33,1.35
707336,台燿統一74購03,176380,0.99,0.99,0.94,0.95
707337,巨漢統一63購02,10000,0.2,0.2,0.2,0.2
707338,巨漢統一74購01,0,,,,
707339,均豪統一64購01,179730,0.33,0.33,0.31,0.31
707340,旺矽統一63購06,8220,1.21,1.21,1.09,1.09
707341,旺矽統一64購01,106450,1.13,1.13,1.05,1.05
707342,東捷統一74購01,4810,0.7,0.7,0.68,0.68
707343,前鼎統一64購01,123110,2.13,2.3,1.95,1.95
707344,翔名統一74購02,14560,0.91,0.91,0.91,0.91
707345,華景電統一74購02,0,,,,
707346,順達統一64購01,0,,,,
707347,勤凱統一74購02,0,,,,
707348,新盛力統一63購01,0,,,,
707349,新盛力統一64購02,0,,,,
707350,新盛力統一74購03,474280,1.56,1.58,1.55,1.56
707351,鉅橡統一64購02,0,,,,
707352,頎邦統一74購02,1058330,1.45,1.52,1.43,1.46
707353,頎邦統一74購03,106170,1.63,1.63,1.49,1.49
707354,廣閎科統一64購02,540150,0.93,0.93,0.9,0.9
707355,廣閎科統一67購01,660,0.66,0.66,0.66,0.66
707356,廣閎科統一74購03,188240,1.14,1.14,1.13,1.13
707357,勤凱台新5A購01,0,,,,
707358,頎邦台新5A購01,0,,,,
707359,元太凱基5A購02,6190,0.48,0.48,0.47,0.47
707360,宏捷科凱基5A購01,0,,,,
707361,宜特凱基61購01,0,,,,
707362,信紘科凱基5A購01,78320,0.23,0.24,0.18,0.18
707363,威聯通凱基5A購01,400,0.04,0.04,0.04,0.04
707364,頎邦凱基63購01,41900,4.19,4.19,4.19,4.19
707365,精材凱基5A購02,0,,,,
707366,衛司特凱基5B購01,0,,,,
707367,璟德凱基5A購01,0,,,,
707368,鴻呈凱基5A購01,0,,,,
707369,鈊象中信5C購02,0,,,,
707370,立碁永豐5C購01,195550,0.75,0.78,0.63,0.63
707371,前鼎永豐61購02,113460,1.43,1.68,1.43,1.46
707372,群翊永豐5B購01,0,,,,
707373,聖暉*永豐5C購01,0,,,,
707374,頎邦永豐61購01,1967050,2.16,2.38,2.16,2.19
707375,環球晶永豐5C購01,0,,,,
707376,譜瑞永豐5C購01,10000,0.5,0.5,0.5,0.5
707377,天品國票5A購01,0,,,,
707378,泓格國票5A購01,0,,,,
707379,前鼎國票5B購02,2770,2.77,2.77,2.77,2.77
707380,群翊國票5B購02,0,,,,
707381,頎邦國票5B購04,98840,3.15,3.28,3.15,3.17
707382,廣閎科國票5B購03,437430,0.77,0.84,0.77,0.84
707383,衛司特國票5B購02,0,,,,
707384,中美晶群益5A購01,0,,,,
707385,立敦群益5A購01,0,,,,
707387,前鼎群益5A購01,0,,,,
707388,湧德群益5B購02,0,,,,
707389,順達群益5A購03,0,,,,
707390,群翊群益61購01,0,,,,
707392,頎邦群益5A購02,4880,4.88,4.88,4.88,4.88
707393,頎邦群益5B購02,32200,4.57,4.63,4.57,4.63
707394,廣閎科群益5B購01,396380,1.59,1.59,1.4,1.4
707395,譜瑞群益5B購01,0,,,,
707396,千附精元大5A購01,0,,,,
707397,天品元大61購01,0,,,,
707398,東捷元大5A購02,2650,0.53,0.53,0.53,0.53
707399,勤凱元大5A購03,0,,,,
707400,群翊元大5A購02,0,,,,
707401,頎邦元大5B購01,0,,,,
707402,頎邦元大5C購02,0,,,,
707403,廣閎科元大5A購02,0,,,,
707404,衛司特元大5A購01,0,,,,
707405,群翊國泰5B購02,0,,,,
707406,久元統一64購02,2900,0.29,0.29,0.29,0.29
707407,巨漢統一74購02,0,,,,
707408,安葆統一74購01,105560,0.65,0.66,0.65,0.66
707409,均豪統一63購02,78480,0.36,0.36,0.36,0.36
707410,均豪統一74購01,860,0.43,0.43,0.43,0.43
707411,宜特統一74購01,0,,,,
707412,東捷統一63購02,49800,1.23,1.26,1.23,1.26
707413,東捷統一74購02,13450,0.93,0.93,0.88,0.88
707414,前鼎統一74購01,1523990,1.08,1.15,1.08,1.08
707415,宣德統一74購01,0,,,,
707416,順達統一64購02,0,,,,
707417,萬泰科統一74購02,0,,,,
707418,群翊統一74購03,0,,,,
707419,鈺太統一74購01,660,0.33,0.33,0.33,0.33
707420,宏觀富邦5C購01,0,,,,
707421,頎邦富邦5C購02,22200,2.22,2.22,2.22,2.22
707422,頎邦富邦61購02,30700,2.01,2.3,2.01,2.05
707423,廣閎科富邦5B購01,351080,0.74,0.75,0.68,0.68
707424,環球晶兆豐5C購01,0,,,,
707425,譜瑞兆豐64購01,5900,0.59,0.59,0.59,0.59
707426,千附精永豐5B購01,36210,1.49,1.49,1.44,1.45
707427,大車隊永豐5B購01,0,,,,
707428,兆利永豐5A購01,0,,,,
707429,沛亨永豐61購01,69020,0.58,0.59,0.58,0.59
707430,宜特永豐61購01,0,,,,
707431,朋億*永豐5B購01,0,,,,
707433,華景電永豐5B購01,0,,,,
707434,陽程永豐5B購01,0,,,,
707435,萬泰科永豐5C購02,0,,,,
707436,群翊永豐5C購01,0,,,,
707437,穩得永豐5C購01,0,,,,
707438,元太群益5A購01,0,,,,
707439,台星科群益61購01,8850,0.59,0.59,0.59,0.59
707440,立碁群益5A購01,0,,,,
707441,宜特群益5C購01,90,0.09,0.09,0.09,0.09
707442,湧德群益61購02,0,,,,
707443,勤凱群益5B購02,0,,,,
707444,新應材群益5A購02,770,0.01,0.03,0.01,0.03
707445,群翊群益64購01,0,,,,
707447,巨漢國泰5B購01,5160,0.12,0.12,0.12,0.12
707448,正淩國泰5B購01,0,,,,
707449,立碁國泰5B購01,214200,1.19,1.19,1.19,1.19
707450,陽程國泰5B購01,0,,,,
707451,順達國泰5B購01,0,,,,
707452,穩得國泰5B購02,0,,,,
707453,千附統一64購01,0,,,,
707454,千附精統一74購01,338700,0.86,0.86,0.83,0.83
707455,台星科統一74購01,0,,,,
707456,巨漢統一64購01,0,,,,
707457,巨漢統一67購01,0,,,,
707458,正淩統一74購01,87000,0.44,0.44,0.43,0.43
707459,立敦統一74購01,0,,,,
707460,兆利統一64購02,0,,,,
707461,金山電統一74購01,0,,,,
707462,信昌電統一64購02,0,,,,
707463,美琪瑪統一63購01,0,,,,
707464,美琪瑪統一64購02,0,,,,
707465,湧德統一64購01,0,,,,
707466,湧德統一64購02,0,,,,
707467,陽程統一66購01,0,,,,
707468,陽程統一74購02,246600,1.37,1.37,1.37,1.37
707469,陽程統一74購03,0,,,,
707470,順達統一74購01,84150,0.51,0.54,0.51,0.52
707471,新應材統一67購01,1350,0.27,0.27,0.27,0.27
707472,聖暉*統一63購01,488390,0.58,0.62,0.55,0.6
707473,鉅橡統一64購03,0,,,,
707474,蜜望實統一74購01,4600,0.92,0.92,0.92,0.92
707475,天品凱基61購01,111890,0.32,0.33,0.3,0.33
707476,台星科凱基5A購02,0,,,,
707477,立敦凱基5A購02,0,,,,
707478,立碁凱基5A購01,0,,,,
707479,宜特凱基5A購01,0,,,,
707480,美琪瑪凱基5A購02,0,,,,
707481,湧德凱基5B購02,0,,,,
707482,順達凱基5C購01,74880,1.13,1.14,1.13,1.14
707483,勤凱凱基5A購01,0,,,,
707484,萬泰科凱基5A購01,0,,,,
707485,群翊凱基61購01,5000,0.2,0.2,0.2,0.2
707487,巨漢元大5A購01,0,,,,
707488,巨漢元大5A購02,0,,,,
707489,巨漢元大5A購03,0,,,,
707490,巨漢元大5A購04,0,,,,
707491,均豪元大5A購02,0,,,,
707492,均豪元大5C購01,700,0.1,0.1,0.1,0.1
707493,宏觀元大61購01,130,0.13,0.13,0.13,0.13
707494,沛亨元大5A購01,0,,,,
707495,沛亨元大5A購02,0,,,,
707496,沛亨元大5A購03,0,,,,
707497,沛亨元大5A購04,0,,,,
707498,矽科元大5A購01,0,,,,
707499,矽科元大61購01,0,,,,
707500,美琪瑪元大5A購02,0,,,,
707503,華景電元大5A購04,0,,,,
707504,新應材元大5A購04,0,,,,
707505,新應材元大5A購05,0,,,,
707506,新應材元大5C購01,0,,,,
707507,新應材元大61購04,0,,,,
707508,群翊元大5A購06,0,,,,
707509,巨漢國票5A購01,0,,,,
707510,巨漢國票5B購01,0,,,,
707511,沛亨國票5B購02,0,,,,
707512,東捷國票5A購02,0,,,,
707513,矽科國票5B購03,0,,,,
707514,萬泰科國票5B購01,0,,,,
707515,榮田國票5A購01,11510,0.27,0.27,0.21,0.21
707516,久元富邦61購01,0,,,,
707517,宏捷科富邦5C購02,0,,,,
707518,宏捷科富邦61購01,0,,,,
707519,家登富邦5C購01,0,,,,
707520,湧德富邦5C購01,0,,,,
707521,新應材富邦61購02,0,,,,
707522,萬泰科富邦5B購01,0,,,,
707523,雙鴻富邦5C購07,5100,1.7,1.7,1.7,1.7
707524,雙鴻富邦5C購08,12600,1.26,1.26,1.26,1.26
707525,譜瑞富邦5C購02,40710,0.47,0.47,0.42,0.42
707526,千附精凱基5A購01,0,,,,
707527,元太凱基61購01,12900,0.43,0.43,0.43,0.43
707528,均豪凱基5A購01,0,,,,
707529,宏觀凱基61購01,0,,,,
707530,宜特凱基5A購02,0,,,,
707531,前鼎凱基5B購02,26530,3.01,3.5,3.01,3.5
707533,華景電凱基5A購03,0,,,,
707534,陽程凱基63購01,0,,,,
707535,新應材凱基61購02,11400,0.17,0.17,0.16,0.16
707536,萬泰科凱基5B購01,0,,,,
707537,新應材兆豐5C購01,0,,,,
707538,弘塑國票5B購01,19960,0.04,0.04,0.04,0.04
707539,宜特國票5B購02,2600,0.02,0.02,0.02,0.02
707541,前鼎國票5B購03,213320,1.49,2.19,1.49,1.63
707542,陽程國票5A購01,0,,,,
707543,新應材國票5A購04,0,,,,
707544,弘塑永豐5B購03,0,,,,
707545,弘塑永豐5C購04,150,0.05,0.05,0.05,0.05
707546,弘塑永豐61購02,0,,,,
707547,弘塑永豐64購01,0,,,,
707548,新應材永豐5B購02,0,,,,
707549,新應材永豐5B購03,0,,,,
707550,新應材永豐64購01,0,,,,
707551,精材永豐5C購01,0,,,,
707552,台星科台新5A購01,0,,,,
707553,弘塑台新5A購01,0,,,,
707554,弘塑台新5A購02,0,,,,
707555,安葆台新5A購01,0,,,,
707556,前鼎台新5A購01,139590,2.79,3.21,2.79,2.95
707557,威聯通台新5A購01,0,,,,
707558,新應材台新5A購01,0,,,,
707559,新應材台新5A購02,0,,,,
707560,群翊台新5A購01,0,,,,
707561,群翊台新5A購02,0,,,,
707562,力致群益5B購01,0,,,,
707563,千附精群益5A購01,0,,,,
707564,弘塑群益5A購04,0,,,,
707565,弘塑群益5C購01,50200,0.12,0.12,0.11,0.11
707566,萬泰科群益5A購02,0,,,,
707567,鑫聯群益5C購01,0,,,,
707568,弘塑國泰61購01,0,,,,
707569,弘塑國泰61購02,0,,,,
707570,環球晶國泰5B購01,0,,,,
707571,環球晶國泰5B購02,0,,,,
707572,弘塑富邦5C購02,1960,0.13,0.14,0.13,0.14
707573,弘塑富邦64購01,6220,0.17,0.17,0.16,0.16
707574,前鼎富邦5C購01,0,,,,
707575,力致統一74購01,0,,,,
707576,中美晶統一64購01,0,,,,
707577,元太統一64購01,353000,0.48,0.51,0.48,0.49
707578,元太統一74購01,860,0.86,0.86,0.86,0.86
707579,弘塑統一62購02,26300,0.12,0.15,0.11,0.11
707580,弘塑統一64購01,72790,0.18,0.19,0.17,0.17
707581,弘塑統一64購02,7250,0.14,0.15,0.13,0.13
707582,弘塑統一64購03,0,,,,
707583,立敦統一64購01,0,,,,
707584,兆利統一74購01,310,0.31,0.31,0.31,0.31
707585,宜特統一63購01,0,,,,
707586,宜特統一64購01,0,,,,
707587,金山電統一63購01,0,,,,
707588,金山電統一64購02,0,,,,
707589,前鼎統一63購02,19940,1.9,1.9,1.42,1.42
707590,美琪瑪統一74購01,0,,,,
707592,陽程統一64購03,0,,,,
707593,意德士統一62購01,0,,,,
707594,意德士統一64購01,0,,,,
707595,意德士統一74購01,0,,,,
707596,臺慶科統一64購01,213070,0.87,0.89,0.87,0.87
707597,蜜望實統一63購02,0,,,,
707598,蜜望實統一64購01,39600,1.39,1.39,1.25,1.25
707599,蜜望實統一74購02,0,,,,
707600,環球晶統一63購03,14280,2.39,2.39,2.33,2.33
707601,弘塑元大5A購02,0,,,,
707602,弘塑元大61購01,450,0.45,0.45,0.45,0.45
707603,立碁元大5C購01,0,,,,
707604,宜特元大5A購02,0,,,,
707605,宜特元大5C購02,0,,,,
707606,前鼎元大5A購03,0,,,,
707608,前鼎元大5C購02,0,,,,
707609,前鼎元大61購01,625640,1.74,1.94,1.72,1.73
707610,勤凱元大5A購04,0,,,,
707611,勤凱元大5A購05,0,,,,
707612,勤凱元大5A購06,1360,0.68,0.68,0.68,0.68
707613,雙鴻元大5A購07,0,,,,
707614,雙鴻元大61購13,2637640,1.2,1.31,1.03,1.07
707615,穩得元大5A購02,0,,,,
707616,鑫聯元大5A購02,0,,,,
707617,九豪永豐5C購01,0,,,,
707618,天品永豐5B購01,2000,0.2,0.2,0.2,0.2
707619,立敦永豐5A購01,0,,,,
707620,宜特永豐5B購02,0,,,,
707621,美琪瑪永豐5C購01,0,,,,
707622,鈊象永豐5C購01,0,,,,
707623,精材永豐61購01,0,,,,
707624,蜜望實永豐5C購01,0,,,,
707625,環球晶永豐5C購02,14370,3.75,3.75,3.42,3.42
707626,九豪凱基5A購03,0,,,,
707627,力致凱基5B購01,0,,,,
707628,宏捷科凱基5B購01,0,,,,
707629,長科*凱基5A購01,119280,2.84,2.84,2.84,2.84
707631,群翊凱基5A購01,0,,,,
707632,精材凱基5A購03,320000,16.0,16.0,16.0,16.0
707633,蜜望實凱基5A購01,0,,,,
707634,環球晶凱基5B購01,0,,,,
707635,穩得凱基5A購01,1350,0.01,0.01,0.01,0.01
707636,九豪台新5A購01,0,,,,
707637,九豪台新5A購02,0,,,,
707638,九豪台新5A購03,0,,,,
707639,中美晶台新5A購01,0,,,,
707640,中美晶台新5B購01,0,,,,
707641,宜特台新5B購01,0,,,,
707642,宜特台新61購01,0,,,,
707643,茂迪台新5A購01,0,,,,
707644,博磊台新5A購01,0,,,,
707645,博磊台新5A購02,0,,,,
707646,博磊台新5A購03,0,,,,
707647,環球晶台新5A購01,0,,,,
707648,環球晶台新5A購02,46050,9.2,9.25,9.2,9.25
707649,譜瑞台新5A購01,0,,,,
707650,聖暉*兆豐5C購01,78660,0.57,0.57,0.57,0.57
707651,九豪元大5A購02,0,,,,
707652,九豪元大5A購03,0,,,,
707653,力致元大5A購01,0,,,,
707654,安葆元大5A購01,1900,0.04,0.05,0.04,0.05
707655,系統電元大5A購02,0,,,,
707656,宜特元大5A購03,0,,,,
707657,宜特元大5B購01,0,,,,
707658,宜特元大5C購03,0,,,,
707659,宜特元大61購01,0,,,,
707660,宜特元大63購02,0,,,,
707661,朋億*元大5A購01,0,,,,
707664,博磊元大5A購02,0,,,,
707665,意德士元大5A購01,0,,,,
707666,新盛力元大5A購02,8340,2.78,2.78,2.78,2.78
707667,鉅橡元大5A購01,0,,,,
707668,蜜望實元大5A購01,0,,,,
707669,蜜望實元大5A購02,0,,,,
707670,九豪群益5A購03,0,,,,
707671,元太群益5A購02,0,,,,
707672,美琪瑪群益5A購02,0,,,,
707673,蜜望實群益5A購01,0,,,,
707674,優群群益5A購01,0,,,,
707676,加高國票5B購01,39680,0.37,0.38,0.36,0.38
707677,艾訊國票5B購01,6560,0.82,0.82,0.82,0.82
707678,均豪國票5A購02,0,,,,
707679,宜特國票5B購03,0,,,,
707680,博磊國票5B購01,0,,,,
707681,漢達國票5B購01,172480,2.25,2.35,2.15,2.15
707682,蜜望實國票5A購02,0,,,,
707683,九豪富邦5C購01,57290,0.34,0.34,0.33,0.33
707684,宜特富邦61購01,0,,,,
707685,九豪統一64購01,0,,,,
707686,九豪統一64購02,0,,,,
707687,九豪統一74購01,11670,0.56,0.57,0.55,0.57
707688,千附統一74購01,0,,,,
707689,千附精統一74購02,350700,1.17,1.17,1.12,1.12
707690,台星科統一74購02,0,,,,
707691,兆利統一74購02,0,,,,
707692,兆利統一74購03,0,,,,
707693,宏觀統一74購01,0,,,,
707694,系統電統一64購02,0,,,,
707695,宜特統一64購02,0,,,,
707696,宜特統一65購02,0,,,,
707697,宜特統一74購02,0,,,,
707698,茂迪統一67購02,0,,,,
707699,意德士統一65購01,0,,,,
707700,意德士統一74購02,0,,,,
707701,萬泰科統一74購03,0,,,,
707702,臺慶科統一66購01,54100,0.77,0.8,0.77,0.8
707703,優群統一66購01,0,,,,
707704,環球晶統一64購03,0,,,,
707705,環球晶統一74購01,216350,1.73,1.87,1.73,1.76
707706,力致台新5A購01,0,,,,
707707,力致台新5A購02,0,,,,
707708,久元台新5A購01,0,,,,
707709,美琪瑪台新5A購01,90,0.09,0.09,0.09,0.09
707710,千附精國票5B購02,36250,0.57,0.57,0.51,0.51
707711,千附精國票5B購03,3300,0.66,0.66,0.66,0.66
707712,方土昶國票5B購01,0,,,,
707713,立碁國票5B購01,0,,,,
707714,邑昇國票5B購01,750,0.08,0.08,0.07,0.07
707715,欣銓國票5B購02,415720,0.89,0.9,0.78,0.78
707716,信紘科國票5A購01,20000,0.1,0.1,0.1,0.1
707717,信紘科國票5B購01,0,,,,
707718,家登國票5A購01,14700,0.98,0.98,0.98,0.98
707719,能率亞國票5B購01,9670,0.98,0.98,0.94,0.94
707720,華容國票5B購01,0,,,,
707721,群聯國票5B購01,333680,0.93,1.01,0.92,0.95
707722,蜜望實國票5B購01,624410,1.21,1.21,1.12,1.12
707724,千附精元大5A購02,0,,,,
707725,千附精元大5A購03,0,,,,
707726,千附精元大5A購04,0,,,,
707727,千附精元大5A購05,0,,,,
707728,千附精元大5A購06,0,,,,
707729,欣銓元大5A購02,0,,,,
707730,欣銓元大63購03,10380,2.1,2.1,2.07,2.07
707731,美琪瑪元大5A購03,0,,,,
707732,華容元大5A購01,0,,,,
707733,群翊元大5A購07,0,,,,
707734,群聯元大5A購01,607110,0.56,0.64,0.56,0.58
707735,群聯元大5A購02,451220,0.36,0.4,0.35,0.38
707736,鈺太元大61購01,0,,,,
707738,蜜望實元大5A購04,0,,,,
707739,蜜望實元大5A購05,0,,,,
707740,千附精凱基5A購02,7500,0.52,0.52,0.46,0.46
707741,方土昶凱基5A購01,0,,,,
707742,欣銓凱基5A購01,0,,,,
707743,欣銓凱基5A購02,5340,1.78,1.78,1.78,1.78
707744,信紘科凱基5A購02,24000,0.03,0.03,0.03,0.03
707746,萬泰科凱基5A購02,0,,,,
707747,群聯凱基5A購01,434810,0.49,0.56,0.49,0.51
707748,群聯凱基5A購02,702090,0.91,1.0,0.9,0.94
707749,蜜望實凱基5A購02,0,,,,
707750,千附精永豐5C購01,31820,0.56,0.57,0.56,0.57
707751,方土昶永豐5A購01,0,,,,
707752,世禾永豐5B購01,1800,0.06,0.06,0.06,0.06
707753,立碁永豐61購01,621320,0.36,0.36,0.28,0.28
707754,欣銓永豐5A購01,0,,,,
707755,欣銓永豐5C購01,212490,1.28,1.32,1.22,1.22
707756,新盛力永豐5A購01,0,,,,
707757,群聯永豐61購01,898160,0.63,0.66,0.6,0.63
707758,群聯永豐64購01,1681240,0.79,0.84,0.79,0.81
707759,蜜望實永豐61購01,941390,0.92,0.92,0.82,0.82
707760,信昌電國泰5B購01,0,,,,
707761,信紘科國泰5B購01,0,,,,
707762,群翊國泰5C購01,0,,,,
707763,群聯群益5B購01,244210,1.27,1.36,1.21,1.32
707764,群聯群益61購01,333870,1.28,1.34,1.25,1.34
707765,群聯群益64購01,1587680,1.63,1.69,1.58,1.64
707766,蜜望實國泰5B購01,0,,,,
707767,精材兆豐5C購01,0,,,,
707768,力旺永豐5A購01,0,,,,
707769,力旺永豐5B購01,0,,,,
707770,力旺永豐5C購01,2800,0.14,0.14,0.14,0.14
707771,台半永豐5C購01,196440,1.66,1.77,1.64,1.7
707772,巨有永豐5C購01,207070,2.61,2.83,2.61,2.65
707773,立端永豐5A購01,0,,,,
707774,宏捷科永豐5C購02,0,,,,
707775,亞通永豐5A購01,2160,1.02,1.14,1.02,1.14
707776,旺矽永豐5B購02,10240,0.71,0.71,0.6,0.6
707777,信昌電永豐5C購01,0,,,,
707778,信驊永豐5B購04,116840,2.5,2.5,2.19,2.19
707779,華景電永豐5C購02,0,,,,
707780,精測永豐61購02,29880,0.58,0.58,0.25,0.25
707781,臺慶科永豐5B購01,105400,0.75,0.75,0.74,0.74
707782,聰泰永豐5A購01,130,0.13,0.13,0.13,0.13
707783,力旺凱基5A購03,0,,,,
707784,力旺凱基5A購04,0,,,,
707785,力旺凱基5B購02,0,,,,
707786,力旺凱基5C購01,3100,0.31,0.31,0.31,0.31
707787,力旺凱基61購01,185610,0.36,0.36,0.29,0.29
707788,立碁凱基5B購01,850,0.17,0.17,0.17,0.17
707789,宏捷科凱基5A購02,0,,,,
707790,旺矽凱基5A購05,0,,,,
707791,旺矽凱基5B購02,0,,,,
707792,旺矽凱基5C購02,0,,,,
707793,信昌電凱基5A購02,0,,,,
707794,信昌電凱基5A購03,0,,,,
707795,信驊凱基5A購04,69900,3.47,3.52,3.47,3.52
707796,信驊凱基5B購03,392610,3.13,3.14,2.82,2.82
707797,信驊凱基5C購02,207070,2.94,2.94,2.69,2.69
707798,信驊凱基61購04,591540,2.75,2.85,2.67,2.67
707799,家登凱基5A購01,232880,0.81,0.81,0.66,0.66
707800,華景電凱基5A購04,0,,,,
707801,群翊凱基5A購02,0,,,,
707802,精測凱基5A購01,0,,,,
707803,精測凱基5A購02,20000,0.1,0.1,0.1,0.1
707804,精測凱基5A購03,22400,0.15,0.15,0.13,0.13
707805,力領台新5A購01,33000,0.3,0.3,0.3,0.3
707806,世界台新5A購01,6000,1.5,1.5,1.5,1.5
707807,宏捷科台新5A購01,0,,,,
707808,宏捷科台新5A購02,0,,,,
707809,宏捷科台新61購01,0,,,,
707810,旺矽台新5A購01,0,,,,
707811,旺矽台新5A購02,0,,,,
707812,信驊台新5A購01,0,,,,
707813,信驊台新5A購02,13500,2.33,2.33,2.17,2.17
707814,群翊台新5A購03,0,,,,
707815,璟德台新5A購01,0,,,,
707816,力旺元大5A購04,1800,0.18,0.18,0.18,0.18
707817,力旺元大5A購05,0,,,,
707818,力旺元大5B購01,120,0.04,0.04,0.04,0.04
707819,均豪元大5A購03,0,,,,
707820,旺矽元大5A購04,12590,0.6,0.6,0.59,0.59
707821,旺矽元大5B購02,85280,0.8,0.8,0.71,0.71
707822,旺矽元大61購02,138590,1.05,1.1,1.05,1.05
707823,長科*元大5A購01,0,,,,
707824,信昌電元大5A購03,0,,,,
707825,信昌電元大5A購04,0,,,,
707827,信昌電元大5A購06,43800,21.9,21.9,21.9,21.9
707828,信驊元大5A購02,3300,1.65,1.65,1.65,1.65
707829,信驊元大63購01,611510,4.09,4.24,3.9,3.9
707830,美琪瑪元大5A購04,0,,,,
707831,華景電元大5A購05,0,,,,
707832,新盛力元大61購01,0,,,,
707833,群翊元大61購01,0,,,,
707834,精測元大5B購02,380190,0.54,0.61,0.51,0.51
707835,精測元大63購04,320860,0.42,0.42,0.39,0.39
707836,穩得元大5A購03,0,,,,
707837,中光電國泰5B購01,0,,,,
707838,立碁國泰5B購02,30500,0.61,0.61,0.61,0.61
707839,旺矽國泰5B購01,97130,0.89,0.92,0.79,0.79
707840,旺矽國泰5B購02,0,,,,
707841,信昌電國泰5B購02,0,,,,
707842,新盛力國泰5B購01,0,,,,
707843,旺矽統一64購02,10500,1.05,1.05,1.05,1.05
707844,群聯統一64購01,122050,0.8,0.82,0.78,0.8
707845,精測統一64購03,60200,0.37,0.39,0.37,0.37
707846,力旺富邦5C購01,43780,0.19,0.2,0.19,0.2
707847,良維富邦62購01,381340,0.66,0.71,0.66,0.66
707848,旺矽富邦64購02,1283120,0.87,0.94,0.78,0.79
707849,欣銓富邦5A購01,271240,0.68,0.72,0.68,0.68
707850,欣銓富邦64購01,851160,0.8,0.82,0.76,0.76
707851,信紘科富邦62購01,75700,0.32,0.32,0.3,0.3
707852,信驊富邦61購01,268830,2.92,3.0,2.81,2.81
707853,華電網富邦62購01,0,,,,
707854,順達富邦62購01,43100,0.56,0.56,0.55,0.55
707855,新盛力富邦5C購01,0,,,,
707856,新盛力富邦61購01,0,,,,
707857,群翊富邦5B購01,0,,,,
707858,群聯富邦5C購01,725410,0.69,0.71,0.65,0.7
707859,群聯富邦61購01,1700910,0.86,0.89,0.81,0.85
707860,精測富邦61購01,325090,0.25,0.25,0.2,0.2
707861,M31凱基5A購02,0,,,,
707862,M31凱基5A購03,0,,,,
707863,宏觀凱基61購02,0,,,,
707864,良維凱基5B購03,0,,,,
707865,家登凱基5A購02,158270,0.3,0.31,0.27,0.27
707866,華景電凱基5C購01,0,,,,
707867,新盛力凱基5A購03,0,,,,
707868,聖暉*凱基5A購02,0,,,,
707869,鏵友益凱基5A購01,0,,,,
707870,環球晶兆豐5C購02,0,,,,
707871,M31元大5A購01,0,,,,
707872,M31元大5A購02,0,,,,
707873,M31元大61購01,22500,0.15,0.15,0.15,0.15
707874,M31元大63購01,1330,0.19,0.19,0.19,0.19
707875,久元元大5A購02,0,,,,
707876,千附元大5A購01,0,,,,
707877,加高元大5A購01,0,,,,
707878,台嘉碩元大5A購02,140,0.14,0.14,0.14,0.14
707879,立敦元大5A購01,0,,,,
707881,立碁元大63購01,1016580,0.95,0.97,0.86,0.87
707882,宏觀元大5C購01,0,,,,
707883,欣銓元大5A購03,0,,,,
707884,家登元大61購01,47700,1.59,1.59,1.59,1.59
707885,華電網元大5A購02,0,,,,
707886,鈺太元大5A購01,0,,,,
707887,鏵友益元大5A購01,0,,,,
707888,元債20群益5A購01,0,,,,
707889,世界群益5A購02,0,,,,
707890,宏觀群益5A購01,0,,,,
707891,欣銓群益5A購01,0,,,,
707892,翔名群益5A購01,0,,,,
707893,環球晶群益5A購04,0,,,,
707894,M31富邦5C購01,0,,,,
707895,元太富邦61購01,5100,0.54,0.58,0.54,0.58
707896,台星科富邦61購01,308240,0.3,0.31,0.29,0.29
707897,均豪富邦62購01,0,,,,
707898,宏捷科富邦5C購03,0,,,,
707899,宏捷科富邦61購02,0,,,,
707900,華景電富邦61購01,0,,,,
707901,鈊象富邦61購01,0,,,,
707902,萬泰科富邦62購01,0,,,,
707903,欣銓群益5A購02,0,,,,
707904,新盛力群益5A購01,13280,1.66,1.66,1.66,1.66
707906,久元元大5A購03,0,,,,
707907,方土昶元大5A購01,0,,,,
707908,世界元大5A購03,0,,,,
707909,尼克森元大5A購01,0,,,,
707910,立碁元大5A購03,0,,,,
707911,兆利元大5A購01,0,,,,
707912,均華元大5A購01,0,,,,
707913,均華元大5A購02,2000,0.1,0.1,0.1,0.1
707914,均豪元大5A購04,530,0.27,0.27,0.26,0.26
707915,沛亨元大5A購05,0,,,,
707916,邑昇元大5A購01,0,,,,
707917,信紘科元大5A購02,44200,0.22,0.22,0.21,0.21
707918,家登元大5A購03,2100,0.14,0.14,0.14,0.14
707919,家登元大5A購04,2760,0.46,0.46,0.46,0.46
707920,華景電元大5A購06,0,,,,
707921,華景電元大63購01,0,,,,
707922,新盛力元大5A購03,0,,,,
707923,德微元大5A購01,0,,,,
707924,久元凱基5A購01,0,,,,
707925,合晶凱基5A購01,0,,,,
707926,均華凱基5A購01,0,,,,
707927,系微凱基5A購03,0,,,,
707928,欣銓凱基63購01,82750,0.95,0.95,0.9,0.9
707929,家登凱基5A購03,0,,,,
707930,鈺太凱基61購01,0,,,,
707931,環球晶凱基5A購01,442000,3.66,4.29,3.55,3.55
707932,世禾富邦5C購02,0,,,,
707933,均華富邦61購01,173920,0.22,0.23,0.2,0.2
707934,沛亨富邦5B購01,0,,,,
707935,欣銓富邦5B購01,12000,0.3,0.3,0.3,0.3
707936,中美晶兆豐64購01,24550,2.6,2.6,2.31,2.31
707937,順達兆豐5C購02,20600,0.22,0.24,0.22,0.24
707938,世界群益5A購03,0,,,,
707939,合晶群益5B購01,0,,,,
707940,良維群益5A購01,0,,,,
707941,原相群益5A購01,0,,,,
707942,創惟群益5B購01,0,,,,
707943,富喬群益5A購03,0,,,,
707944,富喬群益5A購04,0,,,,
707945,聖暉*群益5B購01,0,,,,
707946,德微群益5A購01,122630,2.11,2.19,2.11,2.19
707947,雙鴻群益5B購06,152890,0.68,0.73,0.58,0.58
707948,久元凱基5A購02,0,,,,
707949,千附凱基5A購01,0,,,,
707950,世界凱基5A購02,1380,0.46,0.46,0.46,0.46
707951,兆利凱基5A購01,0,,,,
707952,艾訊凱基5B購01,0,,,,
707953,均豪凱基5A購02,0,,,,
707954,沛亨凱基5A購02,0,,,,
707955,家登凱基5A購04,0,,,,
707956,勤凱凱基5A購02,0,,,,
707957,新盛力凱基5B購01,69000,1.8,1.8,1.65,1.65
707958,鉅橡凱基5A購03,0,,,,
707959,雙鴻凱基5A購07,0,,,,
707960,雙鴻凱基61購02,21360,0.89,0.89,0.89,0.89
707961,中美晶富邦5A購01,159050,1.06,1.25,1.05,1.15
707962,長科*富邦62購01,499270,0.89,0.97,0.89,0.94
707963,家登富邦61購01,403880,0.45,0.47,0.42,0.42
707964,富喬富邦61購01,213410,0.38,0.4,0.36,0.36
707965,聖暉*富邦5C購01,8400,0.42,0.42,0.42,0.42
707966,鉅橡富邦5B購01,0,,,,
707967,鈺太富邦5A購01,0,,,,
707968,優群富邦61購01,0,,,,
707969,環球晶富邦5B購01,0,,,,
707970,雙鴻富邦5C購09,166580,0.69,0.77,0.64,0.7
707971,巨有元大5A購01,183460,1.66,2.1,1.66,1.92
707972,富喬元大5C購02,91650,0.37,0.39,0.37,0.37
707973,華義元大5A購01,0,,,,
707974,環球晶元大5A購01,0,,,,
707975,雙鴻兆豐5C購02,0,,,,
707976,世界兆豐5C購01,4200,0.84,0.84,0.84,0.84
707977,富喬國票5A購02,62120,0.27,0.32,0.25,0.25
707978,富喬國票5B購02,263420,0.4,0.4,0.36,0.36
707979,華義國票5B購01,0,,,,
707980,華義國票5B購02,0,,,,
707981,新盛力國票5A購02,362770,1.12,1.12,1.07,1.07
707982,雙鴻凱基5A購08,68900,0.3,0.3,0.17,0.17
707983,良維凱基5A購04,0,,,,
707984,聖暉*凱基5C購01,0,,,,
707985,德微凱基5A購02,0,,,,
707986,環球晶凱基5A購02,46920,3.91,3.91,3.91,3.91
707987,雙鴻凱基5C購06,28600,1.43,1.43,1.43,1.43
707988,譜瑞群益5A購01,0,,,,
707989,系統電國泰5B購01,0,,,,
707990,新盛力國泰5B購02,0,,,,
707991,群聯國泰5B購01,31640,1.13,1.13,1.13,1.13
707992,群聯國泰5B購02,0,,,,
707993,立碁元大5A購04,0,,,,
707994,系微元大5C購01,0,,,,
707995,德微元大5A購02,0,,,,
707996,立碁永豐5B購02,19600,0.38,0.38,0.34,0.34
707997,新盛力永豐61購01,665800,1.3,1.39,1.3,1.33
707998,群聯永豐5C購01,982050,1.03,1.03,0.7,0.71
707999,聖暉*永豐5C購02,0,,,,
708000,德微永豐5B購01,0,,,,
708001,雙鴻永豐5C購04,99510,1.16,1.19,1.03,1.03
708002,雙鴻永豐61購03,43130,1.02,1.02,0.89,0.89
708003,立碁國票5B購02,35010,0.62,0.62,0.57,0.57
708004,兆利國票5B購01,2200,0.04,0.04,0.04,0.04
708005,系微國票5B購01,0,,,,
708006,良維國票5B購01,174650,0.18,0.18,0.17,0.17
708007,凌陽創國票5B購01,0,,,,
708008,群聯國票5B購03,330630,0.62,0.67,0.6,0.61
708009,聖暉*國票5B購01,0,,,,
708010,鉅橡國票5B購02,0,,,,
708011,矽科台新5A購01,0,,,,
708012,捷創台新5A購01,0,,,,
708013,富強鑫台新5A購01,0,,,,
708014,崴寶台新5A購01,0,,,,
708015,群聯台新5A購01,56310,2.24,4.45,2.24,3.5
708016,群聯台新5A購02,34500,1.38,1.38,1.38,1.38
708017,群聯台新5A購03,40020,0.68,0.78,0.68,0.78
708018,穩得台新5A購01,0,,,,
708019,良維凱基5B購04,23580,0.09,0.09,0.09,0.09
708020,東捷凱基5A購03,1800,0.9,0.9,0.9,0.9
708021,群聯凱基5B購01,303230,0.78,0.82,0.74,0.78
708022,精材凱基5C購01,0,,,,
708023,譜瑞凱基5A購01,0,,,,
708024,三聯國票5A購01,0,,,,
708025,大綜國票5A購01,63000,0.63,0.63,0.63,0.63
708026,太景*國票5B購01,10000,0.1,0.1,0.1,0.1
708027,良維國票5B購02,499000,0.22,0.22,0.19,0.19
708028,朋程國票5A購01,0,,,,
708029,崴寶國票5B購01,0,,,,
708030,群翊國票5B購03,0,,,,
708031,群聯國票5B購04,621230,0.86,0.86,0.81,0.85
708032,環球晶國票5A購02,62780,2.43,2.69,2.43,2.53
708033,譜瑞國票5B購01,19710,0.09,0.09,0.09,0.09
708034,久元永豐5C購01,0,,,,
708035,良維永豐5C購02,0,,,,
708036,精材永豐5C購02,0,,,,
708037,雙鴻永豐5B購03,66450,0.56,0.56,0.46,0.46
708038,雙鴻永豐63購02,34460,0.86,0.86,0.82,0.82
708039,力致國泰5C購01,0,,,,
708040,良維元大5A購04,0,,,,
708041,良維元大63購01,68680,0.38,0.4,0.38,0.38
708042,新盛力元大5A購04,10260,0.96,0.96,0.93,0.93
708043,良維富邦61購01,19000,0.2,0.22,0.2,0.2
708044,新盛力富邦61購02,398810,0.92,0.98,0.92,0.97
708045,兆利群益5A購01,0,,,,
708046,系統電群益5B購01,0,,,,
708047,良維群益5B購03,0,,,,
708048,臺慶科群益5A購01,0,,,,
708049,雙鴻群益5A購07,0,,,,
708050,中美晶台新5B購02,11950,1.33,1.33,1.31,1.31
708051,兆利台新5A購01,0,,,,
708052,兆利台新5A購02,0,,,,
708053,環球晶台新5A購03,0,,,,
708054,環球晶台新5A購04,77850,2.69,3.17,2.69,2.78
708055,群聯元大5A購03,29970,0.37,0.37,0.37,0.37
708056,環球晶元大5A購02,0,,,,
708057,環球晶元大5A購03,0,,,,
708058,環球晶元大5A購04,0,,,,
708059,世界凱基5A購03,1890,0.63,0.63,0.63,0.63
708060,系統電凱基5A購03,0,,,,
708061,欣銓凱基5A購03,10490,0.53,0.55,0.48,0.48
708062,順達凱基5A購04,17820,0.18,0.18,0.18,0.18
708063,群聯凱基5B購02,63100,0.26,0.27,0.26,0.26
708064,群聯兆豐64購01,98800,1.52,1.52,1.52,1.52
708065,中美晶群益5C購01,143970,1.08,1.23,1.08,1.2
708066,群聯群益5B購02,12210,0.42,0.45,0.42,0.45
708067,群聯群益5C購01,136580,0.79,0.81,0.78,0.8
708068,精材群益5A購05,0,,,,
708069,精材群益5A購06,0,,,,
708070,雙鴻群益5B購07,100470,0.47,0.5,0.47,0.5
708071,凡甲國票5B購01,1530,0.17,0.17,0.17,0.17
708072,久元國票5B購01,0,,,,
708073,中美晶國票5B購01,212980,0.92,1.08,0.92,1.06
708074,欣銓國票5C購01,0,,,,
708075,萬泰科國票5B購02,0,,,,
708076,群聯國票5B購05,167110,0.72,0.79,0.71,0.74
708077,精材國票5B購01,37970,3.77,3.77,3.42,3.42
708078,鑫聯國票5B購01,0,,,,
708079,鴻呈國泰5C購01,0,,,,
708080,譜瑞國泰5B購01,0,,,,
708081,久元富邦61購02,0,,,,
708082,系統電富邦61購01,0,,,,
708083,家登富邦5C購02,529360,0.71,0.73,0.68,0.68
708084,群聯富邦5C購02,107110,0.75,0.78,0.74,0.78
708085,群聯富邦61購02,546510,0.63,0.67,0.63,0.65
708086,譜瑞富邦5C購03,0,,,,
708087,譜瑞富邦61購01,23670,0.13,0.13,0.11,0.11
708088,群聯永豐5C購02,287410,0.39,0.43,0.39,0.43
708089,群聯永豐64購02,483560,0.76,0.8,0.76,0.8
708090,精材永豐5B購02,51830,3.56,3.64,3.33,3.33
708091,中美晶凱基61購02,552460,1.4,1.6,1.4,1.43
708092,矽科凱基5B購01,0,,,,
708093,群聯凱基61購01,336740,0.32,0.35,0.32,0.33
708094,精材凱基5B購02,0,,,,
708095,環球晶凱基5B購02,0,,,,
708096,譜瑞凱基5B購01,0,,,,
708097,久元國票5C購01,0,,,,
708098,台星科國票5C購01,0,,,,
708099,正淩國票5C購01,0,,,,
708100,亞信國票5C購01,0,,,,
708101,佳邦國票5C購01,4500,0.23,0.23,0.21,0.21
708102,金山電國票5C購01,0,,,,
708103,原相國票5B購01,0,,,,
708104,原相國票5C購01,0,,,,
708105,家登國票5B購01,440,0.22,0.22,0.22,0.22
708106,新潤國票5C購01,0,,,,
708107,群聯國票61購01,0,,,,
708108,精華國票5C購01,0,,,,
708109,磐儀國票5C購01,4200,0.14,0.14,0.14,0.14
708110,世界台新5B購01,0,,,,
708111,矽科台新5B購01,0,,,,
708112,家登台新5B購01,0,,,,
708113,家登台新5B購02,0,,,,
708114,家登台新62購01,7430,0.94,0.94,0.91,0.91
708115,勤凱台新5B購01,780280,0.99,1.1,0.93,0.93
708116,群聯台新5B購01,616480,0.47,0.5,0.45,0.5
708117,群聯台新5B購02,213680,0.17,0.2,0.16,0.18
708118,世界群益5B購05,198920,1.12,1.16,1.1,1.14
708119,欣銓群益5B購01,487390,1.74,1.8,1.6,1.6
708120,家登群益5B購01,0,,,,
708121,家登群益61購01,0,,,,
708122,世界永豐65購01,0,,,,
708123,台特化永豐62購01,0,,,,
708124,高鋒永豐5C購01,0,,,,
708125,群聯永豐65購01,264360,0.72,0.74,0.71,0.74
708126,群聯中信62購01,0,,,,
708127,凡甲國泰61購01,0,,,,
708128,東捷國泰61購01,259880,2.53,2.69,2.51,2.51
708129,欣銓國泰5C購01,10300,1.29,1.29,1.27,1.27
708130,群聯國泰61購01,0,,,,
708131,中美晶富邦61購01,691070,1.23,1.4,1.21,1.28
708132,環球晶富邦5C購02,0,,,,
708133,中美晶元大5B購02,0,,,,
708134,中美晶元大5B購03,0,,,,
708135,世界元大5B購02,0,,,,
708136,世界元大5B購03,0,,,,
708137,均豪元大5B購01,0,,,,
708138,群聯元大5B購01,255070,0.66,0.73,0.66,0.72
708139,群聯元大5B購02,348420,0.64,0.69,0.64,0.69
708140,群聯元大64購01,264770,0.77,0.81,0.76,0.78
708141,精材元大5B購03,0,,,,
708142,精材元大5B購04,0,,,,
708143,精材元大5B購05,0,,,,
708144,雙鴻元大61購14,62000,0.62,0.62,0.62,0.62
708145,大學光凱基5B購01,0,,,,
708146,世界凱基5B購01,0,,,,
708147,正淩凱基5C購01,0,,,,
708148,欣銓凱基61購01,309040,0.84,0.86,0.78,0.78
708149,原相凱基5B購02,0,,,,
708150,家登凱基5B購01,0,,,,
708151,群翊凱基61購02,0,,,,
708152,群聯凱基63購01,304050,0.5,0.53,0.5,0.51
708153,鈺太凱基5B購01,0,,,,
708154,安葆台新5B購01,0,,,,
708155,家碩台新5B購01,0,,,,
708156,家碩台新5B購02,0,,,,
708157,鉅橡台新5B購01,0,,,,
708158,華景電國泰5C購01,0,,,,
708159,世界富邦5B購01,0,,,,
708160,系微富邦63購01,4820,0.15,0.16,0.15,0.16
708161,茂迪富邦63購02,0,,,,
708162,原相富邦5B購01,450,0.09,0.09,0.09,0.09
708163,萬泰科富邦5B購02,0,,,,
708164,群聯富邦62購01,375980,0.48,0.5,0.47,0.5
708165,群聯富邦62購02,244880,0.35,0.36,0.35,0.36
708166,凡甲永豐5C購01,0,,,,
708167,東捷永豐64購02,234040,1.1,1.13,1.03,1.03
708168,東捷永豐67購01,55600,1.28,1.3,1.28,1.3
708169,華景電永豐61購02,0,,,,
708170,璟德永豐61購01,0,,,,
708171,家登中信5B購01,0,,,,
708172,譜瑞中信5B購01,0,,,,
708173,欣銓兆豐61購01,0,,,,
708174,凡甲國票5C購01,0,,,,
708175,安葆國票5C購01,0,,,,
708176,東捷國票5C購01,641180,0.91,1.03,0.85,0.85
708177,華景電國票5C購01,0,,,,
708178,群翊國票5C購01,0,,,,
708179,群聯國票66購01,174420,0.64,0.66,0.63,0.65
708180,東捷群益5B購02,0,,,,
708181,東捷群益5B購03,1133250,0.52,0.62,0.48,0.48
708182,華景電群益5B購01,0,,,,
708183,群聯群益61購03,135350,0.34,0.35,0.34,0.34
708184,久元元大64購01,900,0.3,0.3,0.3,0.3
708185,正淩元大5B購01,0,,,,
708186,東捷元大5B購01,64210,1.07,1.07,0.9,0.9
708187,東捷元大5B購02,120000,2.0,2.0,2.0,2.0
708188,東捷元大5B購03,75900,1.1,1.1,1.1,1.1
708189,東捷元大5B購04,711260,0.42,0.42,0.36,0.36
708190,家登元大5B購02,44160,0.46,0.46,0.46,0.46
708191,順達元大64購03,0,,,,
708192,萬泰科元大5B購01,0,,,,
708193,群翊元大5B購01,91000,0.13,0.13,0.13,0.13
708194,群聯元大5B購03,4400,0.22,0.22,0.22,0.22
708195,群聯元大64購02,351860,0.55,0.58,0.54,0.55
708197,精材元大5B購07,0,,,,
708198,精材元大61購06,0,,,,
708199,環球晶元大5B購01,0,,,,
708201,凡甲凱基5B購01,0,,,,
708202,久元凱基5B購01,0,,,,
708203,台特化凱基5B購01,0,,,,
708204,安葆凱基5C購01,0,,,,
708205,家登凱基5B購02,0,,,,
708206,華景電凱基5B購01,0,,,,
708207,順達凱基63購01,7400,0.74,0.74,0.74,0.74
708208,萬泰科凱基5C購01,0,,,,
708209,群聯凱基64購01,398660,0.46,0.48,0.46,0.47
708210,環球晶凱基5B購03,313600,2.65,3.13,2.63,2.63
708211,穩得凱基5B購01,270,0.09,0.09,0.09,0.09
708212,鑫聯凱基5C購01,450,0.09,0.09,0.09,0.09
708213,台特化台新5B購01,0,,,,
708214,台特化台新5B購02,0,,,,
708215,系微台新5B購01,0,,,,
708216,欣銓台新5B購01,0,,,,
708217,欣銓台新5B購02,0,,,,
708218,湧德台新5B購01,0,,,,
708219,華景電台新5B購01,0,,,,
708220,鈊象台新5B購01,0,,,,
708221,萬泰科台新5B購01,0,,,,
708222,萬泰科台新5B購02,0,,,,
708223,精材台新5B購01,0,,,,
708225,璟德中信5B購01,0,,,,
708226,安葆國泰5C購01,0,,,,
708227,群翊國泰5C購02,0,,,,
708228,凡甲富邦61購01,850,0.17,0.17,0.17,0.17
708229,中光電富邦62購01,451640,0.5,0.54,0.49,0.49
708230,均豪富邦5B購01,0,,,,
708231,捷創富邦62購01,158380,0.63,0.63,0.61,0.61
708232,世界永豐5C購01,85800,0.66,0.66,0.66,0.66
708233,家登永豐61購01,0,,,,
708234,家碩永豐5B購01,0,,,,
708235,群聯永豐65購02,95120,0.5,0.53,0.5,0.53
708236,鉅橡永豐5C購01,1600,0.02,0.02,0.02,0.02
708237,環球晶兆豐61購01,5040,2.52,2.52,2.52,2.52
708238,艾訊國票63購01,40540,0.78,0.78,0.77,0.77
708239,美琪瑪國票5C購01,0,,,,
708240,晶宏國票5C購01,107300,2.71,2.72,2.62,2.62
708241,翔名國票5C購01,0,,,,
708242,聰泰國票5C購01,13500,0.27,0.27,0.27,0.27
708243,寶雅國票5C購01,16600,1.66,1.66,1.66,1.66
708244,久元群益61購01,0,,,,
708245,方土昶群益5B購01,0,,,,
708246,世界群益5B購06,38610,0.99,1.02,0.99,1.02
708247,艾訊群益5B購01,0,,,,
708248,家登群益5B購02,0,,,,
708249,陽程群益5B購01,5700,5.7,5.7,5.7,5.7
708250,群聯群益5B購03,160370,0.15,0.17,0.14,0.15
708252,凡甲元大5B購01,0,,,,
708253,均豪元大5B購02,0,,,,
708254,均豪元大65購01,0,,,,
708255,家登元大5B購03,54900,0.72,0.72,0.68,0.69
708256,群聯元大5B購04,11040,0.46,0.46,0.46,0.46
708257,群聯元大5B購05,115390,0.23,0.24,0.21,0.24
708258,群聯元大64購03,97500,0.63,0.66,0.63,0.66
708259,精材元大5B購08,0,,,,
708260,精材元大5B購09,0,,,,
708261,精材元大5B購10,0,,,,
708262,璟德元大5B購01,0,,,,
708263,環球晶元大5B購03,38800,3.88,3.88,3.88,3.88
708264,環球晶元大5B購04,0,,,,
708265,大中元大5B購01,0,,,,
708266,威剛元大5B購04,3410,0.18,0.18,0.17,0.17
708267,威剛元大5B購05,4840,0.22,0.22,0.22,0.22
708268,威剛元大64購01,242710,0.48,0.5,0.48,0.49
708269,陽程元大61購03,8070,2.69,2.69,2.69,2.69
708270,群聯元大5B購06,5460,0.14,0.14,0.14,0.14
708271,鉅橡元大5B購01,0,,,,
708272,鉅橡元大5B購02,0,,,,
708273,安葆國泰5C購02,98290,0.53,0.53,0.49,0.49
708274,勤凱國泰5C購01,1580,0.79,0.79,0.79,0.79
708275,雷科國泰5C購01,0,,,,
708276,久元凱基64購01,0,,,,
708277,均豪凱基65購01,2500,0.25,0.25,0.25,0.25
708278,金山電凱基5B購01,0,,,,
708279,威剛凱基5B購03,28890,0.09,0.09,0.09,0.09
708280,群聯凱基64購02,31820,0.43,0.43,0.43,0.43
708281,精材凱基5B購03,0,,,,
708282,寶雅凱基5B購01,79320,1.09,1.14,1.08,1.08
708283,鉅橡台新5B購02,0,,,,
708284,鉅橡台新5B購03,0,,,,
708285,系微兆豐65購01,0,,,,
708286,群聯兆豐65購01,31550,1.1,1.1,0.97,0.97
708287,凡甲國票5C購02,0,,,,
708288,久元國票5C購02,0,,,,
708289,方土昶國票5C購01,0,,,,
708290,世界國票5C購02,0,,,,
708291,宏捷科國票5C購01,0,,,,
708292,威剛國票5C購01,0,,,,
708293,耕興國票5C購01,0,,,,
708294,港建*國票5B購01,33000,0.11,0.11,0.11,0.11
708295,華宏國票5C購01,0,,,,
708296,鉅橡國票5C購01,0,,,,
708297,廣穎國票5C購01,0,,,,
708298,久元永豐5C購02,0,,,,
708299,台星科永豐61購01,0,,,,
708300,合晶永豐5B購01,0,,,,
708301,均豪永豐5C購02,0,,,,
708302,欣銓永豐61購01,26980,0.71,0.71,0.71,0.71
708303,威剛永豐5B購01,120,0.12,0.12,0.12,0.12
708304,威剛永豐5C購02,0,,,,
708305,威剛永豐61購01,0,,,,
708306,威剛永豐65購01,0,,,,
708307,威剛永豐68購01,13800,1.15,1.15,1.15,1.15
708308,鉅橡永豐61購01,0,,,,
708309,廣穎永豐65購01,111020,1.19,1.19,1.18,1.18
708310,凡甲群益5B購01,0,,,,
708311,台特化群益5C購01,0,,,,
708312,正淩群益63購01,24000,0.6,0.6,0.6,0.6
708313,均豪群益5B購01,140,0.07,0.07,0.07,0.07
708314,宏捷科群益5B購01,0,,,,
708315,岳豐群益65購01,35610,0.33,0.33,0.32,0.32
708316,威剛群益5B購02,48300,0.23,0.23,0.23,0.23
708317,威剛群益5C購01,0,,,,
708318,威剛群益61購01,0,,,,
708319,茂綸群益5B購01,0,,,,
708320,廣穎群益5B購01,0,,,,
708322,寶雅群益61購01,38440,1.09,1.1,1.09,1.09
708323,凡甲凱基5B購02,350,0.01,0.01,0.01,0.01
708324,久元凱基5C購01,0,,,,
708325,大中凱基5B購01,0,,,,
708326,方土昶凱基5C購01,6880,0.72,0.72,0.68,0.68
708327,台特化凱基5B購02,0,,,,
708328,合晶凱基5B購01,44700,7.45,7.45,7.45,7.45
708329,艾訊凱基5B購02,0,,,,
708330,良維凱基5B購05,0,,,,
708331,威剛凱基5B購04,68820,0.06,0.07,0.06,0.07
708332,家登凱基5B購03,0,,,,
708333,耕興凱基5B購01,0,,,,
708334,港建*凱基5B購01,0,,,,
708335,群聯凱基61購02,80370,0.27,0.29,0.27,0.27
708336,廣穎凱基5B購01,0,,,,
708337,環球晶凱基5C購02,303590,1.33,1.62,1.33,1.38
708339,合晶台新5B購02,0,,,,
708340,合晶台新5B購03,0,,,,
708341,安葆台新5B購02,15200,0.8,0.8,0.8,0.8
708342,艾訊台新5B購01,17550,1.17,1.17,1.17,1.17
708343,艾訊台新5B購02,0,,,,
708344,良維台新5B購01,0,,,,
708345,良維台新5B購02,0,,,,
708346,良維台新5B購03,0,,,,
708347,湧德台新5B購02,0,,,,
708348,湧德台新5B購03,0,,,,
708349,順達台新5B購01,7200,1.2,1.2,1.2,1.2
708350,順達台新5B購02,97750,1.15,1.15,1.15,1.15
708351,鈊象台新5B購02,0,,,,
708352,萬泰科台新5B購03,480,0.24,0.24,0.24,0.24
708353,群聯台新5B購03,0,,,,
708354,群聯台新5B購04,27500,0.25,0.25,0.25,0.25
708355,精材台新5B購03,0,,,,
708356,臺慶科台新5B購01,4800,2.4,2.4,2.4,2.4
708357,璟德台新5B購01,0,,,,
708358,台星科兆豐61購01,0,,,,
708359,均豪兆豐61購01,0,,,,
708360,欣銓群益5B購02,0,,,,
708361,精材群益5B購01,0,,,,
708362,環球晶群益5B購02,216780,1.7,2.03,1.66,1.66
708363,環球晶群益5B購03,62100,1.41,1.5,1.41,1.5
708364,凡甲元大5B購02,0,,,,
708365,凡甲元大5B購03,0,,,,
708366,凡甲元大65購01,1440,0.48,0.48,0.48,0.48
708367,久元元大5B購01,0,,,,
708368,久元元大61購02,0,,,,
708369,久元元大65購01,0,,,,
708370,台星科元大5B購02,165300,0.45,0.47,0.41,0.41
708371,台星科元大65購01,0,,,,
708372,沛亨元大5B購01,258960,0.65,0.68,0.63,0.64
708373,欣銓元大5B購01,107520,0.75,0.77,0.75,0.77
708374,欣銓元大64購01,201560,0.68,0.7,0.68,0.68
708376,威剛元大5B購06,0,,,,
708377,威剛元大5B購07,138050,0.29,0.3,0.28,0.28
708378,原相元大5B購01,0,,,,
708379,家登元大5B購04,0,,,,
708380,家登元大64購01,0,,,,
708381,陽程元大61購04,8460,2.82,2.82,2.82,2.82
708382,群聯元大5B購07,320,0.32,0.32,0.32,0.32
708383,群聯元大61購05,0,,,,
708384,凡甲國泰5C購01,0,,,,
708385,合晶國泰61購01,0,,,,
708386,合晶國泰62購01,0,,,,
708387,均豪國泰62購01,14700,0.7,0.7,0.7,0.7
708388,良維國泰5C購01,0,,,,
708389,家登國泰5C購01,0,,,,
708390,家登國泰5C購02,0,,,,
708391,力領台新5B購01,0,,,,
708392,正淩台新5B購01,0,,,,
708393,合晶台新5B購04,0,,,,
708395,新盛力台新62購01,0,,,,
708396,群聯台新5B購05,0,,,,
708397,群聯台新5B購06,0,,,,
708398,聖暉*台新5B購02,0,,,,
708399,優群台新5B購01,0,,,,
708400,久元凱基5B購02,0,,,,
708401,中美晶凱基61購03,564840,1.16,1.32,1.16,1.24
708402,世禾凱基5B購01,0,,,,
708403,世界凱基5C購03,0,,,,
708404,尼克森凱基5B購01,0,,,,
708405,亞信凱基5B購01,0,,,,
708406,欣銓凱基5B購01,10800,0.19,0.19,0.17,0.17
708407,信立凱基5B購02,20550,0.47,0.47,0.44,0.44
708408,威剛凱基5C購01,22000,0.1,0.1,0.1,0.1
708409,智通*凱基5B購01,50600,0.88,0.89,0.68,0.68
708410,群聯凱基64購03,660,0.33,0.33,0.33,0.33
708411,優群凱基5B購01,0,,,,
708412,環球晶兆豐61購02,31900,1.65,1.65,1.54,1.54
708413,FH中5G元大5B購01,9460,1.1,1.1,0.99,0.99
708414,FH中5G元大5C購01,0,,,,
708415,世界元大64購03,0,,,,
708416,世界元大65購01,0,,,,
708417,合晶元大5B購01,0,,,,
708418,順達元大64購04,1177850,1.89,1.99,1.89,1.93
708419,新盛力元大64購01,12100,2.42,2.42,2.42,2.42
708420,萬泰科元大5B購02,0,,,,
708421,鈺太元大5B購02,0,,,,
708422,鈺太元大65購01,20850,0.19,0.19,0.18,0.19
708423,精材元大5B購11,0,,,,
708424,環球晶元大5B購05,0,,,,
708425,世界國票5C購03,2400,0.24,0.24,0.24,0.24
708426,台半國票5C購01,70530,1.81,1.93,1.72,1.72
708427,朋億*國票5C購01,0,,,,
708428,群聯國票61購02,0,,,,
708429,雷科國票5B購01,10800,2.16,2.16,2.16,2.16
708430,久元富邦61購03,0,,,,
708431,久元富邦62購01,0,,,,
708432,合晶富邦62購01,0,,,,
708433,家登富邦61購02,245850,0.34,0.34,0.32,0.32
708434,家登富邦62購01,75220,0.34,0.34,0.32,0.32
708435,鈊象富邦61購02,244200,0.55,0.55,0.55,0.55
708436,新盛力富邦61購03,0,,,,
708437,群聯富邦62購03,0,,,,
708438,環球晶富邦5C購03,124510,0.8,0.93,0.79,0.93
708439,世界群益5B購07,0,,,,
708440,立碁群益5C購01,781670,1.59,1.59,1.39,1.39
708441,合晶群益5B購02,0,,,,
708442,艾訊群益5B購02,320,0.32,0.32,0.32,0.32
708443,家登群益61購02,46600,0.32,0.32,0.3,0.3
708444,新盛力群益5B購01,0,,,,
708445,群聯群益5B購04,2550,0.09,0.11,0.09,0.11
708446,環球晶群益5C購02,276050,1.84,2.08,1.79,1.79
708447,久元凱基63購01,0,,,,
708448,世界凱基65購01,1320,0.33,0.33,0.33,0.33
708449,台半凱基5C購01,127770,1.4,1.58,1.4,1.58
708450,合晶凱基5B購02,255140,3.64,4.31,3.64,4.2
708451,合晶凱基61購01,155490,3.75,4.0,3.75,3.88
708452,欣銓凱基64購01,239270,0.4,0.4,0.37,0.37
708453,金山電凱基5B購02,166860,0.98,1.04,0.87,0.87
708454,威剛凱基5B購06,0,,,,
708455,胡連凱基5B購01,380,0.19,0.19,0.19,0.19
708456,家登凱基5B購04,0,,,,
708457,新盛力凱基5B購02,13460,1.31,1.39,1.31,1.37
708458,群聯凱基5B購03,180,0.09,0.09,0.09,0.09
708459,鈺太凱基5B購02,0,,,,
708460,營邦凱基5B購01,190380,0.26,0.27,0.23,0.24
708461,營邦凱基5B購02,40000,0.4,0.4,0.4,0.4
708462,營邦凱基5B購03,110510,0.45,0.5,0.44,0.47
708463,環球晶凱基5B購04,197700,0.45,0.59,0.45,0.46
708464,環球晶凱基5B購05,380900,0.78,0.85,0.68,0.7
708465,久元台新5B購01,0,,,,
708466,久元台新5B購02,0,,,,
708467,世界台新5B購02,0,,,,
708468,華景電台新5B購02,0,,,,
708469,華景電台新5B購03,0,,,,
708470,環球晶台新5B購01,798840,2.51,3.07,2.5,2.69
708471,環球晶台新5B購02,75600,1.31,1.41,1.06,1.06
708472,環球晶台新62購01,340100,1.06,1.06,0.97,0.97
708473,環球晶台新62購02,409420,0.83,0.86,0.68,0.71
708474,久元元大5B購02,3200,0.02,0.02,0.02,0.02
708475,久元元大5B購03,0,,,,
708477,久元元大5B購05,0,,,,
708478,久元元大5B購06,0,,,,
708479,世禾元大5B購01,0,,,,
708480,世界元大64購04,72160,0.88,0.88,0.88,0.88
708482,合晶元大5B購03,0,,,,
708484,合晶元大5B購05,0,,,,
708485,合晶元大64購01,0,,,,
708486,合晶元大65購01,5600,2.8,2.8,2.8,2.8
708487,金山電元大5B購02,0,,,,
708489,金山電元大5B購04,0,,,,
708490,群聯元大5B購08,23100,0.11,0.11,0.11,0.11
708491,群聯元大5B購09,130,0.13,0.13,0.13,0.13
708492,營邦元大5B購01,429320,0.62,0.66,0.58,0.62
708493,營邦元大5B購02,176300,0.43,0.44,0.42,0.43
708494,環球晶元大5B購06,3400,3.4,3.4,3.4,3.4
708495,環球晶元大5B購07,683690,1.52,1.85,1.52,1.62
708496,環球晶元大5B購08,0,,,,
708497,環球晶元大5B購09,8400,0.42,0.42,0.42,0.42
708498,環球晶元大61購02,0,,,,
708499,環球晶元大64購01,0,,,,
708500,譜瑞元大61購02,80150,0.35,0.35,0.35,0.35
708501,威剛兆豐65購01,323080,1.23,1.23,1.22,1.22
708502,金山電國泰61購01,23040,2.56,2.56,2.56,2.56
708503,群聯國泰62購01,0,,,,
708504,群聯國泰63購01,279870,0.79,0.84,0.79,0.84
708505,群聯國泰63購02,95120,0.58,0.58,0.58,0.58
708506,雷科國泰5C購02,0,,,,
708507,環球晶國泰61購01,489140,2.61,2.92,2.61,2.61
708508,環球晶國泰61購02,2994780,3.19,3.32,2.98,2.98
708509,久元國票5B購02,0,,,,
708510,久元國票5C購03,0,,,,
708511,久元國票5C購04,0,,,,
708512,合晶國票5B購01,0,,,,
708513,合晶國票5C購01,159080,3.5,3.54,3.13,3.13
708514,金山電國票5C購02,1014460,1.04,1.1,0.99,1.0
708515,環球晶國票5B購01,15690,1.32,1.32,1.29,1.29
708516,環球晶國票5C購01,127770,1.24,1.43,1.23,1.23
708517,世界富邦5B購02,1280,0.06,0.08,0.06,0.08
708518,精材富邦5B購01,0,,,,
708519,營邦富邦61購01,310460,0.49,0.49,0.46,0.46
708520,環球晶富邦5B購02,144370,0.54,0.62,0.54,0.54
708521,環球晶富邦61購01,898030,0.63,0.72,0.62,0.62
708522,中美晶群益5C購02,12420,1.01,1.16,1.01,1.16
708523,世界群益5B購08,27800,0.08,0.08,0.07,0.07
708524,朋程群益5B購01,880,0.22,0.22,0.22,0.22
708525,金山電群益5B購01,11580,1.93,1.93,1.93,1.93
708526,新盛力群益5B購02,0,,,,
708527,精材群益5B購02,0,,,,
708528,臺慶科群益5B購01,2250,0.75,0.75,0.75,0.75
708529,德微群益5B購01,28100,1.2,1.2,1.15,1.15
708530,營邦群益5B購01,6600,0.55,0.55,0.55,0.55
708531,營邦群益5B購02,0,,,,
708532,環球晶群益5B購04,47080,0.86,1.04,0.85,0.85
708533,譜瑞群益5C購02,0,,,,
708534,中美晶凱基5B購02,43740,1.62,1.62,1.62,1.62
708535,世禾凱基5B購02,0,,,,
708536,立碁凱基5C購01,0,,,,
708537,朋程凱基5B購01,0,,,,
708538,倚強凱基5B購01,0,,,,
708539,原相凱基5B購03,0,,,,
708540,精材凱基5B購04,0,,,,
708541,臺慶科凱基5B購01,0,,,,
708542,譜瑞凱基61購01,1610,0.16,0.17,0.16,0.17
708543,群聯永豐65購03,36970,0.35,0.37,0.34,0.37
708544,精材永豐63購01,125400,4.18,4.18,4.18,4.18
708545,世界兆豐61購01,0,,,,
708546,譜瑞兆豐65購01,0,,,,
708547,群聯群益67購01,462700,0.44,0.46,0.44,0.44
708548,精材群益5B購03,0,,,,
708549,廣穎群益61購01,265950,1.35,1.35,1.35,1.35
708550,世界元大63購03,22370,1.06,1.07,1.06,1.07
708551,新盛力元大61購02,42400,3.0,3.09,2.99,3.09
708552,群聯元大5C購01,91570,0.39,0.4,0.38,0.4
708553,譜瑞元大5B購01,6600,0.11,0.11,0.11,0.11
708554,譜瑞元大5B購02,0,,,,
708555,中美晶國泰61購01,515310,2.17,2.57,2.17,2.33
708556,台半國泰5C購01,467320,2.3,2.57,2.24,2.4
708557,欣銓國泰5C購02,352560,0.97,1.01,0.89,0.9
708558,立碁富邦5B購01,8990,0.29,0.29,0.29,0.29
708559,欣銓富邦5B購02,8640,0.18,0.18,0.18,0.18
708560,威剛富邦5B購01,0,,,,
708561,順達富邦5C購02,230500,0.5,0.5,0.5,0.5
708562,群聯富邦62購04,2400,0.24,0.24,0.24,0.24
708563,中美晶國票5C購01,17700,0.69,0.74,0.69,0.73
708564,台特化國票5C購01,0,,,,
708565,尼克森國票5B購01,0,,,,
708566,立敦國票5B購01,0,,,,
708567,美琪瑪國票5C購02,0,,,,
708568,宸曜國票5B購01,340,0.34,0.34,0.34,0.34
708569,新盛力國票5C購01,0,,,,
708570,新漢國票5B購01,13000,0.13,0.13,0.13,0.13
708571,群聯國票5C購01,0,,,,
708572,世界凱基5B購03,0,,,,
708573,家登凱基5B購05,0,,,,
708574,創惟凱基5B購01,0,,,,
708575,華宏凱基5B購01,0,,,,
708576,閎康凱基5B購02,0,,,,
708577,閎康凱基5B購03,0,,,,
708578,閎康凱基5B購04,0,,,,
708579,群聯凱基5B購04,900,0.09,0.09,0.09,0.09
708580,群聯凱基5C購01,2000,0.1,0.1,0.1,0.1
708581,群聯凱基61購03,0,,,,
708582,榮剛凱基5B購01,0,,,,
708583,精材凱基5B購05,0,,,,
708584,廣穎凱基5B購02,0,,,,
708585,譜瑞凱基5B購02,0,,,,
708586,美琪瑪富邦5B購01,0,,,,
708587,閎康富邦62購01,0,,,,
708588,群聯富邦62購05,287750,0.12,0.13,0.11,0.12
708589,宏捷科兆豐65購01,54580,0.31,0.33,0.31,0.32
708590,群聯兆豐65購02,2570,0.49,0.52,0.49,0.52
708591,精材兆豐61購01,24400,2.44,2.44,2.44,2.44
708592,元太元大5B購02,0,,,,
708593,世禾元大5B購02,1710,0.09,0.09,0.09,0.09
708594,欣銓元大5B購02,154170,0.87,0.89,0.83,0.83
708595,順達元大5B購03,0,,,,
708596,新盛力元大61購03,0,,,,
708597,群聯元大5B購10,0,,,,
708598,群聯元大5B購11,9520,0.07,0.18,0.07,0.18
708599,群聯元大5B購12,26000,0.13,0.13,0.13,0.13
708600,群聯元大5B購13,0,,,,
708601,群聯元大5B購14,0,,,,
708602,群聯元大5C購02,0,,,,
708603,群聯元大61購06,0,,,,
708604,群聯元大63購03,17850,0.21,0.21,0.21,0.21
708605,精材元大61購07,54000,5.4,5.4,5.4,5.4
708606,譜瑞元大5B購03,0,,,,
708607,中美晶永豐65購01,531810,0.75,0.83,0.75,0.77
708608,台半永豐63購01,21420,1.02,1.02,1.02,1.02
708609,茂達永豐61購01,0,,,,
708610,新盛力永豐63購01,1013180,1.02,1.03,0.99,1.0
708611,群聯永豐5C購03,121060,0.11,0.12,0.11,0.11
708612,群聯永豐5C購04,0,,,,
708613,精材永豐64購01,0,,,,
708614,德微永豐63購01,66800,1.17,1.17,1.13,1.15
708615,元太群益5B購03,0,,,,
708616,方土昶群益5B購02,72000,0.37,0.37,0.3,0.3
708617,台半群益5B購01,28290,0.6,0.69,0.54,0.54
708618,家登群益5B購03,11660,0.05,0.05,0.04,0.05
708619,閎康群益61購01,9700,0.1,0.1,0.1,0.1
708620,陽程群益5B購02,629110,3.51,3.51,3.11,3.11
708621,順達群益5B購03,0,,,,
708622,新盛力群益5B購03,79110,0.63,0.63,0.61,0.61
708623,群聯群益5B購05,0,,,,
708624,群聯群益61購04,0,,,,
708625,榮剛群益5B購01,0,,,,
708626,精材群益5B購04,0,,,,
708627,廣穎群益5B購02,334600,0.98,0.99,0.98,0.99
708628,譜瑞群益5B購02,1500,0.06,0.06,0.06,0.06
708629,元太凱基5B購04,0,,,,
708630,元太凱基5B購05,0,,,,
708631,閎康凱基61購02,0,,,,
708632,順達凱基5B購03,5350,0.2,0.23,0.2,0.23
708633,新盛力凱基61購01,70560,0.73,0.76,0.7,0.7
708634,譜瑞凱基5B購03,0,,,,
708635,譜瑞凱基5B購04,0,,,,
708636,中美晶元大63購02,101460,1.78,1.9,1.78,1.9
708637,沛亨元大5B購02,0,,,,
708638,威剛元大5B購08,0,,,,
708639,閎康元大5B購01,0,,,,
708640,順達元大5B購04,555960,0.55,0.55,0.53,0.55
708642,優群元大5B購01,0,,,,
708643,譜瑞元大5B購04,1350,0.09,0.09,0.09,0.09
708644,譜瑞元大5B購05,0,,,,
708645,譜瑞元大5B購06,0,,,,
708646,譜瑞元大5B購07,300,0.03,0.03,0.03,0.03
708647,台特化永豐61購01,0,,,,
708648,沛亨永豐5C購01,81500,0.21,0.21,0.2,0.2
708649,金益鼎永豐5C購01,0,,,,
708650,廣穎永豐61購01,0,,,,
708651,中美晶富邦5B購01,526720,0.53,0.62,0.53,0.57
708652,元太富邦62購01,1440,0.08,0.08,0.08,0.08
708653,元太富邦62購02,0,,,,
708654,系統電富邦5B購01,0,,,,
708655,新盛力富邦62購01,537570,0.78,0.8,0.74,0.74
708656,元太群益5B購04,0,,,,
708657,閎康群益5B購04,0,,,,
708658,廣穎群益61購02,0,,,,
708659,元太群益5B購05,0,,,,
708660,臺慶科群益5B購02,0,,,,
708661,元太元大5B購03,0,,,,
708662,元太元大5B購04,0,,,,
708664,元太元大5B購06,0,,,,
708665,元太元大5B購07,0,,,,
708666,元太元大5B購08,0,,,,
708667,元太元大5B購09,0,,,,
708668,元太元大5B購10,0,,,,
708669,博盛元大5B購01,0,,,,
708670,陽程元大63購02,376530,2.03,2.06,1.8,1.8
708671,新盛力元大5B購03,385840,1.16,1.21,1.16,1.16
708672,元太永豐5C購01,0,,,,
708673,元太永豐61購01,0,,,,
708674,威剛永豐67購01,7500,0.75,0.75,0.75,0.75
708675,智通*永豐61購01,0,,,,
708676,閎康永豐61購01,0,,,,
708677,新漢永豐5C購01,0,,,,
708678,臺慶科永豐5C購01,0,,,,
708679,凡甲凱基5C購01,0,,,,
708680,中美晶凱基5B購03,0,,,,
708681,元太凱基5B購06,0,,,,
708682,威剛凱基5B購07,455280,0.24,0.24,0.24,0.24
708683,美琪瑪凱基5C購01,0,,,,
708684,陽程凱基5B購01,876370,1.7,1.7,1.25,1.25
708685,新盛力凱基5B購03,238760,0.52,0.53,0.46,0.46
708686,新盛力凱基61購02,89370,0.86,0.89,0.82,0.82
708688,凡甲台新5B購01,0,,,,
708689,凡甲台新5B購02,0,,,,
708690,凡甲台新5B購03,0,,,,
708691,中美晶台新5B購03,0,,,,
708692,元太台新5B購01,0,,,,
708693,方土昶台新5B購01,0,,,,
708694,台特化台新5B購03,0,,,,
708695,閎康台新5B購01,0,,,,
708696,閎康台新5B購02,0,,,,
708697,閎康台新5B購03,0,,,,
708698,順達台新5B購03,171620,0.62,0.65,0.62,0.62
708699,臺慶科台新5B購02,65600,1.11,1.18,1.11,1.18
708700,凡甲國泰61購02,0,,,,
708701,元太國泰5C購01,0,,,,
708702,元太國泰5C購02,0,,,,
708703,元太國泰5C購03,0,,,,
708704,台半富邦62購01,177990,0.57,0.64,0.56,0.57
708705,華景電富邦5B購01,0,,,,
708706,新盛力富邦61購04,737730,0.68,0.7,0.64,0.64
708707,德微富邦63購01,340600,0.81,0.83,0.73,0.73
708708,雙鴻富邦61購01,0,,,,
708709,元太國票5C購01,0,,,,
708710,元太國票5C購02,0,,,,
708711,光頡國票5B購01,30000,6.0,6.0,6.0,6.0
708712,光頡國票5B購02,45350,6.55,6.55,6.45,6.45
708713,朋程國票5B購01,280,0.14,0.14,0.14,0.14
708714,閎康國票5C購01,0,,,,
708715,新盛力國票5B購02,299860,0.63,0.63,0.58,0.58
708716,中美晶台新5B購04,20230,4.15,4.15,3.63,3.63
708717,台半台新5B購01,145010,3.51,3.56,3.51,3.55
708718,台半台新5B購02,91440,2.41,2.41,2.34,2.34
708719,台半台新5B購03,179270,1.24,1.29,1.23,1.23
708720,光頡凱基5B購01,41800,4.18,4.18,4.18,4.18
708721,陽程凱基61購01,43880,1.37,1.39,1.37,1.39
708722,陽程凱基63購02,71450,1.18,1.18,1.14,1.15
708723,勤凱凱基5B購01,0,,,,
708724,臺慶科凱基5B購02,0,,,,
708725,擎亞凱基5B購02,0,,,,
708726,擎亞凱基5B購03,0,,,,
708727,台半元大63購02,0,,,,
708728,威剛元大5B購09,0,,,,
708729,博盛元大5B購02,17110,0.29,0.29,0.29,0.29
708730,閎康元大5B購02,0,,,,
708731,陽程元大5B購01,821900,1.49,1.49,1.22,1.22
708732,陽程元大5B購02,0,,,,
708733,陽程元大65購02,683090,0.94,0.97,0.82,0.82
708734,勤凱元大5B購01,114780,0.46,0.5,0.46,0.46
708735,勤凱元大5B購02,0,,,,
708736,勤凱元大5B購03,0,,,,
708737,群翊元大5B購02,0,,,,
708738,德微元大5B購01,0,,,,
708739,德微元大5B購02,2760,0.92,0.92,0.92,0.92
708740,擎亞元大5B購03,4000,0.2,0.2,0.2,0.2
708741,擎亞元大5B購04,0,,,,
708742,尼克森永豐5C購01,0,,,,
708743,光頡永豐61購01,2279560,2.86,2.95,2.54,2.67
708744,翔名永豐5C購01,0,,,,
708745,陽程永豐5B購02,121400,0.74,0.75,0.58,0.58
708746,精材永豐61購02,2940,2.94,2.94,2.94,2.94
708747,臺慶科永豐65購01,0,,,,
708748,擎亞永豐5C購01,16000,0.32,0.32,0.32,0.32
708749,擎亞永豐61購01,27280,0.44,0.44,0.44,0.44
708750,雙鴻永豐65購01,303800,1.69,1.75,1.52,1.52
708751,精材富邦5B購02,8160,2.72,2.72,2.72,2.72
708752,博盛國泰5C購01,13110,0.57,0.57,0.57,0.57
708753,擎亞國泰61購01,0,,,,
708754,凡甲群益5B購02,0,,,,
708755,中美晶群益5B購03,833830,1.51,1.87,1.47,1.75
708756,正淩群益5B購01,0,,,,
708757,威剛群益61購02,840,0.84,0.84,0.84,0.84
708758,陽程群益5B購03,19400,0.97,0.97,0.97,0.97
708759,聖暉*群益5B購02,0,,,,
708760,精材群益5B購06,0,,,,
708761,擎亞群益5B購02,0,,,,
708762,大中國票5B購01,0,,,,
708763,世界國票5C購04,8750,0.25,0.25,0.25,0.25
708764,立端國票5C購01,434920,0.43,0.44,0.36,0.36
708765,均豪國票5B購01,0,,,,
708766,沛亨國票5C購01,56160,0.39,0.39,0.39,0.39
708767,威剛國票5C購03,46500,0.38,0.38,0.37,0.37
708768,原相國票5B購02,0,,,,
708769,家碩國票5C購01,25000,0.2,0.2,0.2,0.2
708770,博盛國票5B購02,0,,,,
708771,博盛國票5C購01,0,,,,
708772,博盛國票5C購02,0,,,,
708773,陽程國票5B購01,149880,1.2,1.21,0.95,0.95
708774,新鉅科國票5C購01,0,,,,
708775,聖暉*國票5C購01,0,,,,
708776,榮剛國票5C購01,0,,,,
708777,精材國票5C購02,0,,,,
708778,臺慶科國票5C購02,0,,,,
708779,廣閎科國票5C購01,65700,0.73,0.73,0.73,0.73
708780,擎亞國票5B購01,124110,0.21,0.21,0.21,0.21
708781,FH中5G凱基5B購01,0,,,,
708782,世界凱基64購01,91440,0.66,0.66,0.64,0.64
708783,正淩凱基5B購02,0,,,,
708784,光頡凱基5B購02,11160,2.79,2.79,2.79,2.79
708785,均豪凱基5B購02,0,,,,
708786,沛亨凱基5B購02,42210,0.31,0.31,0.28,0.28
708787,群翊凱基5B購01,0,,,,
708788,聖暉*凱基5B購04,0,,,,
708789,精材凱基5B購06,5530,1.9,1.9,1.75,1.75
708790,精材凱基5B購07,0,,,,
708791,精材凱基5C購02,0,,,,
708792,精材凱基61購04,0,,,,
708793,德微凱基5B購01,3210,1.07,1.07,1.07,1.07
708794,世界中信5B購02,25270,0.1,0.17,0.1,0.17
708795,正淩永豐61購01,0,,,,
708796,茂綸永豐61購01,0,,,,
708797,神準永豐5C購01,650,0.32,0.33,0.32,0.33
708798,精材永豐65購01,60090,1.74,1.77,1.69,1.69
708799,台半元大5B購01,276150,2.01,2.19,1.99,2.19
708800,光頡元大5B購01,271830,2.84,3.01,2.67,2.67
708801,光頡元大5B購03,43700,3.7,3.7,3.57,3.57
708802,聖暉*元大5B購03,0,,,,
708803,聖暉*元大5B購04,0,,,,
708804,雷科元大5B購01,0,,,,
708805,精材元大5B購13,0,,,,
708806,精材元大5B購14,39900,3.99,3.99,3.99,3.99
708807,精材元大5B購15,231340,3.29,3.43,3.29,3.32
708808,精材元大5B購16,115100,3.67,3.76,3.65,3.76
708809,精材元大5B購17,168970,3.54,3.69,3.37,3.37
708810,精材元大63購03,0,,,,
708811,臺慶科元大63購01,0,,,,
708812,世界台新5B購04,99430,0.55,0.58,0.5,0.5
708813,光頡台新5B購01,0,,,,
708814,欣銓台新5B購03,0,,,,
708815,欣銓台新5B購04,0,,,,
708816,倚強台新5B購01,0,,,,
708817,聖暉*台新5B購03,0,,,,
708818,榮剛台新5B購01,0,,,,
708819,精材台新5B購04,0,,,,
708820,精材台新5B購05,0,,,,
708821,精材台新5C購01,187820,3.82,3.82,3.68,3.68
708822,臺慶科台新5B購03,11040,0.48,0.48,0.48,0.48
708823,臺慶科台新5B購04,15830,0.31,0.31,0.3,0.3
708824,伍豐國票5C購01,27950,0.19,0.19,0.18,0.18
708825,光頡國票5B購03,448920,2.98,2.98,2.83,2.87
708826,翔名國票5C購02,0,,,,
708827,聖暉*兆豐61購01,0,,,,
708828,立敦群益5B購01,0,,,,
708829,光頡群益5B購01,0,,,,
708830,金益鼎群益5B購01,0,,,,
708831,茂綸群益5C購01,336940,0.47,0.55,0.47,0.53
708832,翔名群益5B購01,0,,,,
708833,精材群益5B購07,1360810,3.54,3.7,3.34,3.34
708834,千如國泰5C購01,0,,,,
708835,聖暉*國泰5C購01,0,,,,
708836,精材國泰5C購01,0,,,,
708837,精材國泰5C購02,0,,,,
708838,臺慶科國泰5C購01,0,,,,
708839,萬泰科富邦63購01,0,,,,
708840,中美晶元大5B購04,156550,1.82,1.91,1.82,1.87
708841,台半元大5B購02,1840,0.92,0.92,0.92,0.92
708842,光頡元大5B購04,118120,2.95,2.95,2.8,2.94
708843,威剛元大5B購10,60950,1.15,1.15,1.15,1.15
708844,威剛元大5B購11,0,,,,
708845,翔名元大5B購01,0,,,,
708846,順達元大5B購05,634500,0.85,0.92,0.82,0.92
708847,新盛力元大5B購04,68640,1.43,1.43,1.43,1.43
708848,群翊元大5B購03,0,,,,
708849,擎亞元大5B購05,0,,,,
708850,擎亞元大5B購06,2200,0.22,0.22,0.22,0.22
708851,久元凱基5B購03,0,,,,
708852,台半凱基5B購01,22800,0.77,0.77,0.74,0.74
708853,立碁凱基5C購02,10500,1.05,1.05,1.05,1.05
708854,光頡凱基5B購03,143320,1.72,1.73,1.52,1.52
708855,光頡凱基5B購04,0,,,,
708856,茂綸凱基5C購01,199380,0.68,0.89,0.68,0.84
708857,翔名凱基5B購01,0,,,,
708858,德微凱基5B購02,30000,0.5,0.5,0.5,0.5
708859,立敦台新5B購01,0,,,,
708860,立敦台新5B購02,0,,,,
708861,沛亨台新5B購01,0,,,,
708862,沛亨台新5B購02,0,,,,
708863,沛亨台新5B購03,0,,,,
708864,捷創台新5B購01,0,,,,
708865,新盛力台新5B購02,0,,,,
708866,新盛力台新5B購03,45530,1.57,1.57,1.57,1.57
708867,新盛力台新5C購01,0,,,,
708868,新盛力台新62購02,26130,1.82,1.95,1.82,1.95
708869,中美晶中信5B購01,121100,0.16,0.9,0.16,0.85
708870,光頡中信5B購01,1495590,1.2,1.26,1.02,1.07
708871,威剛中信65購01,0,,,,
708872,台半永豐61購01,264390,1.22,1.29,1.2,1.21
708873,光頡永豐64購01,63730,2.78,2.78,2.54,2.6
708874,雅特力永豐5B購01,14800,1.48,1.48,1.48,1.48
708875,千如國票5C購01,165900,0.44,0.44,0.41,0.41
708876,台半國票5C購02,164050,1.13,1.24,1.11,1.24
708877,台星科國票5C購02,0,,,,
708878,光頡國票5C購01,1289360,2.63,2.7,2.3,2.3
708879,均豪國票5B購02,0,,,,
708880,亞通國票5B購01,9500,1.32,1.45,1.32,1.45
708881,金益鼎國票5C購01,0,,,,
708882,能率國票5C購01,0,,,,
708883,晶焱國票5B購01,0,,,,
708884,智通*國票5B購02,0,,,,
708885,翔名國票5C購03,0,,,,
708886,雅特力國票5C購01,7550,1.51,1.51,1.51,1.51
708887,萬泰科國票5C購01,0,,,,
708888,雷科國票5B購02,849180,0.91,0.91,0.8,0.8
708889,德微國票5C購01,2700,0.9,0.9,0.9,0.9
708890,擎亞國票5B購02,26000,0.26,0.26,0.26,0.26
708891,久元群益61購02,0,,,,
708892,世界群益62購02,12470,0.43,0.43,0.43,0.43
708893,立碁群益5B購01,14210,1.66,1.66,1.53,1.53
708894,光頡群益5B購02,885300,2.83,2.83,2.24,2.24
708895,均豪群益5B購02,0,,,,
708896,擎亞群益5C購01,71100,0.12,0.12,0.11,0.11
708897,雷科國泰61購01,37400,2.5,2.5,2.48,2.48
708898,寶雅富邦61購01,0,,,,
708899,凡甲統一65購01,0,,,,
708900,久元統一65購01,0,,,,
708901,久元統一65購02,0,,,,
708902,大中統一63購01,3200,0.64,0.64,0.64,0.64
708903,大中統一65購01,177270,0.58,0.58,0.54,0.54
708904,世界統一64購02,45600,0.49,0.5,0.49,0.5
708905,世界統一65購01,0,,,,
708906,世界統一65購02,0,,,,
708907,尼克森統一63購01,0,,,,
708908,立敦統一63購01,0,,,,
708909,立敦統一65購01,0,,,,
708910,立敦統一65購02,0,,,,
708911,立敦統一66購01,0,,,,
708912,光頡統一63購01,111410,1.81,1.83,1.81,1.83
708913,光頡統一65購01,2489130,1.68,1.68,1.26,1.26
708914,光頡統一65購02,153490,0.75,0.77,0.74,0.74
708915,安葆統一75購01,0,,,,
708916,艾訊統一65購01,0,,,,
708917,邑錡統一65購01,43860,0.43,0.43,0.43,0.43
708918,亞通統一65購01,17800,0.89,0.89,0.89,0.89
708919,欣銓統一63購01,131100,0.57,0.57,0.57,0.57
708920,欣銓統一65購02,0,,,,
708921,欣銓統一67購01,360670,0.98,1.01,0.97,1.0
708922,欣銓統一69購01,0,,,,
708923,威剛統一64購02,477650,0.38,0.39,0.38,0.39
708924,威剛統一65購01,0,,,,
708925,威剛統一65購02,0,,,,
708926,威剛統一65購03,32250,0.43,0.43,0.43,0.43
708927,威剛統一69購01,13580,0.41,0.42,0.41,0.41
708928,茂達統一64購01,2500,0.5,0.5,0.5,0.5
708929,茂綸統一63購01,810,0.81,0.81,0.81,0.81
708930,翔名統一63購01,0,,,,
708931,翔名統一65購01,0,,,,
708932,閎康統一65購01,0,,,,
708933,閎康統一65購02,0,,,,
708934,順達統一65購02,46060,0.49,0.49,0.49,0.49
708935,新盛力統一69購01,407560,0.65,0.66,0.65,0.65
708936,聖暉*統一63購02,270,0.27,0.27,0.27,0.27
708937,臺慶科統一63購01,148720,0.52,0.52,0.52,0.52
708938,臺慶科統一65購01,3600,0.36,0.36,0.36,0.36
708939,擎亞統一67購01,9900,0.33,0.33,0.33,0.33
708940,中美晶凱基5B購04,304550,1.38,1.56,1.38,1.56
708941,世界凱基63購01,5700,0.57,0.57,0.57,0.57
708942,台半凱基61購01,51000,0.83,0.87,0.83,0.87
708943,台星科凱基5C購01,0,,,,
708944,均豪凱基5B購03,0,,,,
708945,威剛凱基5B購08,112410,0.4,0.42,0.4,0.4
708946,德微凱基5C購01,22600,0.51,0.51,0.49,0.5
708947,擎亞凱基5B購04,104350,0.08,0.09,0.08,0.08
708948,順達台新61購01,37350,1.7,1.73,1.68,1.68
708949,鈊象台新5B購04,28800,0.96,0.96,0.96,0.96
708950,優群台新5B購02,0,,,,
708951,中美晶元大5B購05,0,,,,
708952,台半元大5B購03,0,,,,
708953,均豪元大5B購03,0,,,,
708954,威剛元大5B購12,0,,,,
708955,威剛元大5B購13,0,,,,
708956,順達元大5B購06,916320,1.33,1.42,1.3,1.39
708957,新盛力元大5B購05,0,,,,
708958,雷科元大5B購02,0,,,,
708959,雷科元大5B購03,201960,1.32,1.32,1.32,1.32
708960,雷科元大5B購04,91600,2.29,2.29,2.29,2.29
708961,擎亞元大5B購07,0,,,,
708962,點序元大5B購01,0,,,,
708963,台半永豐5C購02,2320,0.58,0.58,0.58,0.58
708964,凌陽創永豐61購01,0,,,,
708965,萬泰科永豐61購01,0,,,,
708966,久元群益5B購01,0,,,,
708967,均豪群益5B購03,0,,,,
708968,佳邦群益5B購01,0,,,,
708969,朋程群益5B購02,300,0.1,0.1,0.1,0.1
708970,欣銓群益5B購03,0,,,,
708971,鈊象群益5B購03,0,,,,
708972,鈺太群益5B購01,0,,,,
708973,德微群益5B購03,50400,0.5,0.53,0.5,0.53
708974,雙鴻群益5B購08,77680,2.3,2.3,2.17,2.17
708975,久元統一65購03,0,,,,
708976,久元統一65購04,0,,,,
708977,台半統一63購01,43000,0.84,0.88,0.84,0.88
708978,台半統一65購01,4900,0.49,0.49,0.49,0.49
708979,台半統一69購01,5150,0.53,0.53,0.5,0.5
708980,台星科統一65購01,0,,,,
708981,立敦統一65購03,0,,,,
708982,沛亨統一69購01,179340,0.49,0.49,0.49,0.49
708983,良維統一5B購01,0,,,,
708984,欣銓統一65購03,0,,,,
708985,金益鼎統一65購02,0,,,,
708986,威剛統一5B購02,0,,,,
708987,威剛統一65購04,0,,,,
708988,茂達統一65購01,0,,,,
708989,茂綸統一65購01,91810,0.58,0.63,0.58,0.62
708990,閎康統一63購02,0,,,,
708991,聖暉*統一65購02,0,,,,
708992,德微統一63購02,8620,0.42,0.42,0.41,0.41
708993,德微統一75購01,6500,0.65,0.65,0.65,0.65
708994,擎亞統一63購01,0,,,,
708995,擎亞統一65購01,50000,0.25,0.25,0.25,0.25
708996,擎亞統一66購01,0,,,,
708997,鑫科統一69購01,5740,0.27,0.27,0.26,0.26
708998,台半國票5C購03,0,,,,
708999,安葆國票5C購02,0,,,,
709000,欣銓國票5C購02,78780,0.81,0.85,0.78,0.78
709001,泓格國票5B購01,0,,,,
709002,泓格國票5C購01,0,,,,
709003,雷科國票5B購04,223080,1.33,1.4,1.24,1.24
709004,漢達國票5C購01,20050,1.81,1.95,1.81,1.95
709005,德微國票5C購02,0,,,,
709006,大中台新5B購01,62150,1.03,1.03,0.95,0.95
709007,元債20台新5B購01,0,,,,
709008,立敦台新5B購03,0,,,,
709009,佳邦台新5B購01,6190,0.42,0.42,0.39,0.39
709010,博大台新5B購01,0,,,,
709011,立敦凱基5B購01,0,,,,
709012,安葆凱基5C購02,123610,0.93,0.94,0.92,0.94
709013,佳邦凱基5C購01,0,,,,
709014,朋程凱基5B購02,0,,,,
709015,威剛凱基5C購02,0,,,,
709016,茂達凱基5B購01,0,,,,
709017,鈊象凱基5B購02,0,,,,
709018,鈺太凱基5B購03,0,,,,
709019,臺慶科凱基63購01,292160,0.36,0.4,0.34,0.4
709020,德微凱基5B購03,21000,0.21,0.21,0.21,0.21
709021,擎亞凱基5B購05,81000,0.18,0.18,0.18,0.18
709022,雙鴻凱基61購03,0,,,,
709023,中美晶群益5B購04,51500,2.46,2.69,2.46,2.69
709024,世界群益61購01,0,,,,
709025,台半群益5B購02,0,,,,
709026,台半群益5B購03,0,,,,
709027,均豪群益5B購04,0,,,,
709028,威剛群益5B購03,5800,0.58,0.58,0.58,0.58
709029,茂達群益5B購01,7860,0.48,0.48,0.45,0.45
709030,智通*群益5B購01,4700,0.47,0.47,0.47,0.47
709031,華宏群益5B購01,0,,,,
709032,新盛力群益61購01,30050,2.01,2.01,2.0,2.0
709033,擎亞群益65購01,0,,,,
709034,台半元大5B購04,337220,1.98,2.14,1.96,2.14
709035,正淩元大5B購02,0,,,,
709036,金益鼎元大5B購01,0,,,,
709037,威剛元大5B購14,44990,3.54,3.54,3.35,3.35
709038,原相元大5B購02,0,,,,
709039,順達元大5B購07,479550,7.0,7.25,6.85,7.25
709040,雷科元大5B購05,0,,,,
709041,德微元大5B購03,53600,0.55,0.56,0.53,0.53
709042,擎亞元大5B購08,2720,0.34,0.34,0.34,0.34
709043,寶雅元大5B購01,28650,1.91,1.91,1.91,1.91
709044,威剛國泰5C購01,0,,,,
709045,威剛國泰5C購02,0,,,,
709046,威剛國泰5C購03,1180,1.18,1.18,1.18,1.18
709047,擎亞國泰62購01,138200,0.77,0.81,0.76,0.76
709048,久元富邦61購04,0,,,,
709049,台半富邦62購02,219230,0.64,0.72,0.64,0.65
709050,閎康富邦61購01,0,,,,
709051,新盛力富邦61購05,39400,0.98,1.0,0.98,1.0
709052,擎亞富邦5C購01,37850,0.2,0.21,0.18,0.19
709053,久元統一65購05,0,,,,
709054,正淩統一65購02,0,,,,
709055,正淩統一69購01,20000,0.4,0.4,0.4,0.4
709056,立敦統一65購04,0,,,,
709057,沛亨統一65購01,0,,,,
709058,朋程統一63購01,500,0.25,0.25,0.25,0.25
709059,欣銓統一5B購01,0,,,,
709060,欣銓統一65購04,0,,,,
709061,茂達統一65購02,0,,,,
709062,凌陽創統一63購01,0,,,,
709063,閎康統一65購03,0,,,,
709064,新漢統一61購01,0,,,,
709065,德微統一5B購01,23000,0.23,0.23,0.23,0.23
709066,德微統一65購01,320,0.32,0.32,0.32,0.32
709067,德微統一65購02,24000,0.41,0.41,0.39,0.39
709068,擎亞統一63購02,5100,0.25,0.26,0.25,0.26
709069,擎亞統一65購02,0,,,,
709070,鑫科統一64購01,1700,0.17,0.17,0.17,0.17
709071,立敦永豐61購01,62400,0.4,0.4,0.4,0.4
709072,佳邦永豐63購01,0,,,,
709073,威剛永豐5B購02,23400,0.39,0.39,0.39,0.39
709074,威剛永豐61購02,0,,,,
709075,原相永豐5C購01,0,,,,
709076,德微永豐5C購01,0,,,,
709077,擎亞永豐64購01,0,,,,
709078,元債20國票5B購02,0,,,,
709079,台半國票61購01,429650,0.6,0.63,0.57,0.6
709080,佳邦國票5C購02,0,,,,
709081,茂達國票5C購01,0,,,,
709082,博大國票5C購01,0,,,,
709083,晶宏國票5C購02,177300,1.44,1.45,1.39,1.4
709086,德微國票5C購03,23260,0.43,0.43,0.36,0.36
709087,點序國票5B購01,0,,,,
709088,點序國票5C購01,0,,,,
709089,世紀*元大5B購01,40200,8.0,8.2,7.8,7.8
709090,台特化元大5B購02,4200,0.21,0.21,0.21,0.21
709091,博智元大5B購02,0,,,,
709092,智通*元大5B購01,0,,,,
709093,鈊象元大5B購02,78540,0.77,0.77,0.77,0.77
709094,群聯元大5B購15,193680,1.8,1.88,1.77,1.78
709095,群聯元大5B購16,0,,,,
709096,廣穎元大5B購01,0,,,,
709097,雙鴻元大5B購03,0,,,,
709098,尼克森國票5B購02,0,,,,
709099,朋程國票5B購02,0,,,,
709100,晶宏國票5C購03,1156450,0.89,1.04,0.88,0.97
709101,華容國票5C購02,0,,,,
709102,群聯國票61購03,0,,,,
709103,雷科國票5C購01,372650,0.92,0.97,0.85,0.85
709104,臺慶科國票5C購03,0,,,,
709105,廣穎國票5C購02,0,,,,
709106,優群國票5B購01,30,0.01,0.01,0.01,0.01
709107,擎亞國票5C購01,78000,0.19,0.2,0.19,0.2
709108,鑫聯國票5C購02,0,,,,
709109,中美晶凱基63購01,104650,1.18,1.35,1.18,1.25
709110,均豪凱基5C購01,0,,,,
709111,凌陽創凱基5B購01,0,,,,
709112,博智凱基5B購01,0,,,,
709113,博智凱基5B購02,0,,,,
709114,博智凱基5B購03,0,,,,
709115,群聯凱基5B購05,60000,0.2,0.2,0.2,0.2
709116,群聯凱基5B購06,0,,,,
709117,群聯凱基5B購07,2500,0.25,0.25,0.25,0.25
709118,雙鴻凱基5B購02,63610,1.61,1.61,1.49,1.49
709119,中光電台新5B購01,123700,0.42,0.44,0.41,0.41
709120,中美晶台新61購01,26280,2.19,2.19,2.19,2.19
709121,原相台新5B購01,0,,,,
709122,博盛台新5B購01,0,,,,
709123,博智台新5B購01,0,,,,
709124,博智台新5B購02,0,,,,
709125,博智台新5B購03,0,,,,
709126,順達台新5B購04,1340,1.34,1.34,1.34,1.34
709127,群聯台新5B購09,174400,0.4,0.4,0.4,0.4
709128,群聯台新5B購10,0,,,,
709129,群聯台新5B購11,0,,,,
709130,雷科台新5B購01,65120,1.77,1.77,1.6,1.6
709131,雷科台新5B購02,452740,1.08,1.14,1.0,1.0
709132,廣穎台新5B購01,0,,,,
709133,聯合台新5B購01,0,,,,
709134,鑫科台新5B購01,1300,0.13,0.13,0.13,0.13
709135,台特化富邦5C購02,0,,,,
709136,博智富邦61購02,3150,0.21,0.21,0.21,0.21
709137,群聯富邦61購03,0,,,,
709138,群聯富邦61購04,127000,0.33,0.34,0.33,0.34
709139,安勤永豐5C購01,0,,,,
709140,朋程永豐5C購01,0,,,,
709141,博智永豐5C購02,0,,,,
709142,群聯永豐5C購05,0,,,,
709143,群聯永豐63購01,0,,,,
709144,群聯永豐64購03,0,,,,
709145,群聯永豐65購04,0,,,,
709146,漢科永豐5C購01,0,,,,
709147,中美晶統一66購01,835970,0.69,0.74,0.68,0.7
709148,正淩統一65購03,0,,,,
709149,沛亨統一63購01,0,,,,
709150,沛亨統一64購01,108000,0.36,0.36,0.36,0.36
709151,沛亨統一65購02,0,,,,
709152,佳邦統一63購01,0,,,,
709153,佳邦統一65購01,2980,0.25,0.25,0.24,0.24
709154,朋程統一65購01,76080,0.31,0.31,0.3,0.3
709155,欣銓統一63購02,0,,,,
709156,茂達統一65購03,0,,,,
709157,茂達統一69購01,0,,,,
709158,茂綸統一65購02,162760,0.66,0.68,0.66,0.68
709159,茂綸統一65購03,142300,0.54,0.59,0.54,0.59
709160,神準統一66購01,13500,0.5,0.5,0.5,0.5
709161,博智統一63購02,2000,0.2,0.2,0.2,0.2
709162,博智統一65購01,0,,,,
709163,閎康統一65購04,0,,,,
709164,萬泰科統一75購01,0,,,,
709165,群聯統一5B購02,0,,,,
709166,群聯統一63購01,11200,0.28,0.28,0.28,0.28
709167,群聯統一63購02,0,,,,
709168,群聯統一65購01,9500,0.25,0.25,0.25,0.25
709169,群聯統一65購02,0,,,,
709170,群聯統一69購01,0,,,,
709171,群聯統一69購02,65830,0.48,0.49,0.48,0.49
709172,群聯統一6B購01,0,,,,
709173,群聯統一75購01,40750,1.02,1.02,1.01,1.02
709174,聖暉*統一65購03,12600,0.42,0.42,0.42,0.42
709175,鈺太統一69購01,0,,,,
709176,臺慶科統一65購02,0,,,,
709177,臺慶科統一65購03,0,,,,
709178,臺慶科統一69購01,0,,,,
709179,廣穎統一65購01,0,,,,
709180,廣穎統一69購01,0,,,,
709181,擎亞統一65購03,0,,,,
709182,擎亞統一65購04,12500,0.25,0.25,0.25,0.25
709183,鑫科統一69購02,0,,,,
709184,鑫聯統一69購01,0,,,,
709185,群聯中信63購01,0,,,,
709186,倚強群益5B購01,0,,,,
709187,原相群益5B購01,0,,,,
709188,博智群益5B購02,0,,,,
709189,博智群益5B購03,0,,,,
709190,華容群益5B購01,390000,3.25,3.25,3.25,3.25
709191,新盛力群益61購02,357900,1.6,1.67,1.59,1.67
709192,群聯群益5B購07,0,,,,
709193,臺慶科群益5B購03,0,,,,
709194,優群群益5B購01,0,,,,
709195,擎亞群益62購01,0,,,,
709196,寶雅群益5B購01,249790,2.39,2.42,2.39,2.42
709197,鑫科群益5B購02,0,,,,
709198,久元永豐5B購01,0,,,,
709199,威聯通永豐61購01,0,,,,
709200,富喬永豐61購02,138850,0.93,0.97,0.89,0.89
709201,富喬永豐66購01,55180,1.11,1.11,1.1,1.1
709202,富喬永豐68購01,386870,1.16,1.16,1.05,1.05
709203,順達永豐64購01,59930,0.77,0.79,0.77,0.79
709204,順達永豐67購01,0,,,,
709205,鈊象永豐63購01,0,,,,
709206,新盛力永豐5C購02,0,,,,
709207,擎亞永豐63購01,32440,0.24,0.26,0.23,0.23
709208,沛亨凱基5B購03,181960,0.18,0.18,0.14,0.14
709209,佳邦凱基5B購01,0,,,,
709210,富喬凱基5B購02,0,,,,
709211,富喬凱基61購02,20000,1.12,1.12,1.11,1.11
709212,富喬凱基61購03,28800,0.9,0.9,0.9,0.9
709213,勤凱凱基5B購02,340,0.12,0.12,0.11,0.11
709214,勤凱凱基5B購03,0,,,,
709215,勤凱凱基5B購04,0,,,,
709216,群聯凱基61購04,0,,,,
709217,臺慶科凱基5B購03,0,,,,
709218,擎亞凱基61購01,8600,0.21,0.22,0.21,0.22
709219,中光電台新5B購02,0,,,,
709220,台星科台新5B購01,0,,,,
709221,台星科台新5B購02,0,,,,
709222,立碁台新62購01,2180,1.09,1.09,1.09,1.09
709223,沛亨台新5B購04,0,,,,
709224,佳邦台新5B購02,0,,,,
709225,佳邦台新5B購03,2940,0.14,0.14,0.14,0.14
709226,順達台新5B購05,0,,,,
709227,勤凱台新5B購02,0,,,,
709228,勤凱台新5B購03,0,,,,
709229,擎亞台新5B購01,125860,0.36,0.38,0.36,0.38
709230,擎亞台新5B購02,0,,,,
709231,雙鴻台新5B購01,0,,,,
709232,雙鴻台新5B購02,0,,,,
709233,雙鴻台新5B購03,211440,1.27,1.4,1.27,1.4
709234,台半國泰5C購02,0,,,,
709235,良維國泰5C購02,46840,0.87,0.95,0.85,0.85
709236,富喬國泰5C購01,0,,,,
709237,順達國泰5C購01,610,0.61,0.61,0.61,0.61
709238,群聯國泰5C購01,0,,,,
709239,群聯國泰5C購02,0,,,,
709240,威剛富邦5B購02,5550,0.37,0.37,0.37,0.37
709241,富喬富邦5B購02,1092900,0.55,0.62,0.51,0.51
709242,群聯富邦62購06,0,,,,
709243,均豪元大5B購04,94470,2.01,2.01,2.01,2.01
709244,欣銓元大5B購03,131580,0.8,0.81,0.75,0.75
709245,威剛元大5B購15,5990,1.21,1.21,1.19,1.19
709246,原相元大5B購03,5400,0.27,0.27,0.27,0.27
709247,博智元大5B購03,0,,,,
709248,富喬元大5B購03,38610,1.72,1.79,1.72,1.79
709249,富喬元大5B購04,277210,0.68,0.75,0.64,0.64
709250,富喬元大5B購05,208240,0.78,0.84,0.76,0.82
709251,勤凱元大5B購04,0,,,,
709252,新盛力元大5B購06,9400,0.94,0.94,0.94,0.94
709253,新盛力元大5B購07,24000,1.2,1.2,1.2,1.2
709254,群聯元大5B購17,15450,1.92,1.98,1.89,1.98
709255,群聯元大5B購18,228840,0.34,0.36,0.33,0.35
709256,臺慶科元大5B購01,0,,,,
709257,擎亞元大5B購09,0,,,,
709258,中美晶群益5B購05,5450,5.45,5.45,5.45,5.45
709259,均豪群益5B購05,79500,0.5,0.5,0.5,0.5
709260,富喬群益5B購02,54530,1.01,1.01,1.0,1.0
709261,勤凱群益5B購03,0,,,,
709262,新盛力群益63購01,378660,1.06,1.06,1.03,1.03
709263,萬泰科群益5C購01,0,,,,
709264,群聯群益5B購08,0,,,,
709265,擎亞群益5B購03,0,,,,
709266,雙鴻群益5B購09,26850,1.79,1.79,1.79,1.79
709267,方土昶永豐5C購01,48230,0.3,0.3,0.26,0.26
709268,茂達永豐63購01,21200,0.4,0.4,0.4,0.4
709269,精確永豐5B購01,2340,0.12,0.12,0.08,0.08
709270,優群永豐5C購01,0,,,,
709271,中美晶凱基5B購05,125920,0.68,0.68,0.61,0.61
709272,台半凱基5B購02,0,,,,
709273,立碁凱基5B購02,42900,0.35,0.35,0.29,0.29
709274,均豪凱基5B購04,0,,,,
709275,沛亨凱基5C購01,17390,0.31,0.34,0.3,0.3
709276,原相凱基5B購04,0,,,,
709277,華容凱基5B購01,83400,1.58,1.58,1.39,1.39
709278,華容凱基5C購01,0,,,,
709279,萬泰科凱基5B購02,0,,,,
709280,精材凱基5B購09,41000,1.64,1.64,1.64,1.64
709281,大中台新5B購02,0,,,,
709282,立碁台新5B購01,70060,0.89,0.89,0.73,0.73
709283,立碁台新5B購02,0,,,,
709284,艾訊台新5B購03,0,,,,
709285,艾訊台新5B購04,0,,,,
709286,佳邦台新5B購04,0,,,,
709287,南俊台新5B購01,37990,0.38,0.38,0.34,0.34
709288,南俊台新5B購02,48800,0.23,0.3,0.23,0.3
709289,順達台新5B購06,57640,0.48,0.49,0.48,0.49
709290,勤凱台新5B購04,0,,,,
709291,臺慶科台新5B購06,52370,0.34,0.36,0.34,0.35
709292,臺慶科台新5B購07,21360,0.32,0.32,0.31,0.31
709293,群聯兆豐65購03,231270,0.45,0.45,0.44,0.44
709294,中美晶元大5B購06,0,,,,
709295,方土昶元大5B購01,0,,,,
709296,世界元大5B購04,28350,0.81,0.81,0.81,0.81
709297,台半元大5B購05,438890,0.78,0.86,0.77,0.77
709298,倚強元大5B購01,0,,,,
709299,華容元大5B購01,0,,,,
709300,群聯元大61購07,440,0.44,0.44,0.44,0.44
709301,聖暉*元大5B購05,0,,,,
709302,臺慶科元大5B購02,0,,,,
709303,優群元大5B購02,0,,,,
709304,鑫科元大5B購02,0,,,,
709305,鑫科元大5B購03,0,,,,
709306,久元群益65購01,0,,,,
709307,中美晶群益5B購06,200470,1.26,1.57,1.26,1.43
709308,世界群益5C購02,390,0.39,0.39,0.39,0.39
709309,南俊群益5B購01,0,,,,
709310,茂達群益5B購02,0,,,,
709311,富喬群益5B購03,363460,1.12,1.28,1.02,1.02
709312,群聯群益5B購09,4700,0.15,0.16,0.15,0.16
709313,精材群益5B購09,32130,3.57,3.57,3.57,3.57
709314,雙鴻群益5B購10,141870,1.35,1.35,0.94,0.94
709315,沛亨永豐65購01,0,,,,
709316,長科*永豐61購01,126720,1.44,1.44,1.44,1.44
709317,順達永豐64購02,400,0.4,0.4,0.4,0.4
709318,群聯永豐5C購06,0,,,,
709319,群聯永豐5C購07,0,,,,
709320,群聯永豐65購05,0,,,,
709321,沛亨元大5B購03,1250,0.25,0.25,0.25,0.25
709322,沛亨元大5B購04,85610,0.47,0.51,0.47,0.48
709323,沛亨元大5B購05,0,,,,
709324,良維元大5B購02,0,,,,
709325,佳邦元大5B購01,1000,0.02,0.02,0.02,0.02
709326,朋程元大5B購01,0,,,,
709327,茂達元大5B購01,0,,,,
709328,富喬元大61購03,1751330,1.32,1.32,1.19,1.19
709329,群聯元大61購08,0,,,,
709330,良維富邦5C購02,0,,,,
709331,朋程富邦61購01,0,,,,
709332,順達富邦61購01,210,0.21,0.21,0.21,0.21
709333,大中群益5B購01,990,0.99,0.99,0.99,0.99
709334,大中群益5B購02,0,,,,
709335,均豪群益5B購06,0,,,,
709336,宏捷科群益5B購02,0,,,,
709337,良維群益5B購04,0,,,,
709338,佳邦群益5B購02,0,,,,
709339,佳邦群益5B購03,0,,,,
709340,朋程群益5B購03,0,,,,
709341,長科*群益5B購01,18160,1.19,1.23,1.19,1.23
709342,順達群益5B購04,0,,,,
709343,群翊群益5B購02,0,,,,
709344,漢科群益5B購01,0,,,,
709345,精材群益5B購10,14850,4.95,4.95,4.95,4.95
709346,台半凱基5B購03,375070,0.18,0.18,0.17,0.17
709347,沛亨凱基5B購04,13580,0.2,0.2,0.17,0.17
709348,朋程凱基5B購03,0,,,,
709349,順達凱基5B購04,0,,,,
709350,群聯凱基5B購09,0,,,,
709351,聖暉*凱基5B購05,0,,,,
709352,優群凱基5B購02,0,,,,
709353,大中台新5B購03,0,,,,
709354,台半台新5B購04,121940,0.64,0.73,0.64,0.73
709355,台半台新5B購05,0,,,,
709356,金益鼎台新5B購01,0,,,,
709357,博盛台新5B購02,0,,,,
709358,順達台新5B購07,0,,,,
709359,勤凱台新5B購05,0,,,,
709360,群翊台新5B購01,0,,,,
709361,穩得台新5B購01,0,,,,
709362,台半凱基5B購04,540,0.27,0.27,0.27,0.27
709363,台特化凱基5B購03,0,,,,
709364,宏捷科凱基5B購02,0,,,,
709365,長科*凱基5B購01,0,,,,
709366,富喬凱基62購01,0,,,,
709367,萊德光凱基5B購01,42280,0.07,0.09,0.07,0.07
709368,萊德光凱基5B購02,116630,0.25,0.33,0.15,0.15
709369,順達凱基5B購05,19200,0.09,0.09,0.08,0.08
709370,勤凱凱基5B購05,0,,,,
709371,群翊凱基62購01,0,,,,
709372,聖暉*凱基5B購06,0,,,,
709373,漢科凱基5B購01,0,,,,
709374,廣穎凱基5B購03,0,,,,
709375,雙鴻凱基5B購03,35880,1.35,1.35,1.15,1.15
709376,系統電台新5B購01,0,,,,
709377,華容台新5B購01,10880,2.72,2.72,2.72,2.72
709378,鈺太台新5B購01,0,,,,
709379,鈺太台新5B購02,0,,,,
709380,鈺太台新5B購03,0,,,,
709381,精材台新5B購07,0,,,,
709382,廣穎台新5B購02,120280,0.62,0.62,0.62,0.62
709383,點序台新5B購01,0,,,,
709384,點序台新62購01,1700,0.17,0.17,0.17,0.17
709385,佳邦元大5B購02,0,,,,
709386,長科*元大5B購01,14980,1.07,1.07,1.07,1.07
709387,順達元大5B購08,0,,,,
709388,順達元大62購01,37800,0.7,0.7,0.7,0.7
709389,群聯元大5B購19,86320,0.28,0.28,0.27,0.28
709390,群聯元大63購04,0,,,,
709391,聖暉*元大5B購06,0,,,,
709392,佳邦富邦5B購01,0,,,,
709393,精材富邦5B購03,21100,2.11,2.11,2.11,2.11
709394,台半群益62購01,0,,,,
709395,聖暉*群益5B購03,0,,,,
709396,優群群益62購01,0,,,,
709397,佳邦國泰5C購01,0,,,,
709398,威聯通國泰5C購01,0,,,,
709399,勤凱國泰5C購02,1740,0.29,0.29,0.29,0.29
709400,台半永豐63購02,100480,0.66,0.71,0.66,0.71
709401,台特化永豐63購01,0,,,,
709402,佳邦永豐5C購01,0,,,,
709403,萊德光永豐5C購01,900,0.18,0.18,0.18,0.18
709404,勤凱永豐5C購04,0,,,,
709405,群聯永豐5B購01,0,,,,
709406,鏵友益永豐5C購02,0,,,,
709407,久元元大5C購01,0,,,,
709408,中美晶元大5C購03,546920,1.33,1.33,1.25,1.25
709409,世界元大5C購02,0,,,,
709410,台半元大5C購02,0,,,,
709411,良維元大5C購02,0,,,,
709412,佳邦元大5C購02,0,,,,
709413,富喬元大5C購03,258580,0.96,0.97,0.88,0.88
709414,順達元大5C購02,0,,,,
709415,勤凱元大5C購01,0,,,,
709416,群聯元大5C購03,184860,1.22,1.26,1.22,1.26
709417,精材元大5C購01,0,,,,
709418,中美晶永豐64購01,92890,0.79,0.79,0.78,0.78
709419,長科*永豐61購02,59850,0.95,0.95,0.95,0.95
709420,晶焱永豐61購01,0,,,,
709421,華容永豐64購01,0,,,,
709422,臺慶科永豐66購01,0,,,,
709423,廣穎永豐61購02,0,,,,
709424,台半凱基5C購02,0,,,,
709425,巨漢凱基5C購01,0,,,,
709426,良維凱基5C購03,0,,,,
709427,佳邦凱基5C購02,0,,,,
709428,佳邦凱基5C購03,0,,,,
709429,威剛凱基64購01,0,,,,
709430,順達凱基5C購02,0,,,,
709431,勤凱凱基5C購01,0,,,,
709432,勤凱凱基5C購02,0,,,,
709433,勤凱凱基62購01,0,,,,
709434,群聯凱基66購01,0,,,,
709435,廣穎凱基5C購01,0,,,,
709436,巨漢台新5C購01,0,,,,
709437,巨漢台新5C購02,0,,,,
709438,湧德台新61購01,0,,,,
709439,華容台新5C購01,0,,,,
709440,華容台新5C購02,0,,,,
709441,鈊象台新5C購01,0,,,,
709442,鑫聯台新5C購01,0,,,,
709443,台半群益5C購01,0,,,,
709444,台特化群益5C購02,0,,,,
709445,立敦群益5C購01,0,,,,
709446,勤凱群益5C購01,0,,,,
709447,廣穎群益5C購01,0,,,,
709448,雙鴻群益5C購01,0,,,,
709449,聖暉*國泰61購01,0,,,,
709450,雙鴻國泰61購02,217500,1.74,1.74,1.74,1.74
709451,久元富邦66購01,0,,,,
709452,台半富邦64購01,126140,0.28,0.3,0.27,0.27
709453,台半富邦66購01,51000,0.34,0.34,0.34,0.34
709454,宏捷科富邦66購01,0,,,,
709455,宏捷科富邦66購02,0,,,,
709456,長科*富邦63購01,81480,0.84,0.87,0.84,0.87
709457,威剛富邦62購01,0,,,,
709458,富喬富邦66購01,40810,0.91,0.98,0.9,0.9
709459,智通*富邦64購01,16810,1.15,1.15,1.11,1.11
709460,智通*富邦66購01,0,,,,
709461,閎康富邦66購01,0,,,,
709462,鈊象富邦66購01,0,,,,
709463,群聯富邦64購01,31600,0.4,0.4,0.4,0.4
709464,雙鴻富邦64購01,61700,1.53,1.64,1.46,1.46
709465,台半國票61購02,1930,0.19,0.21,0.18,0.21
709466,台半國票61購03,20000,0.2,0.2,0.2,0.2
709467,佳邦國票61購01,0,,,,
709468,佳邦國票61購02,0,,,,
709469,萊德光國票61購01,126520,0.13,0.16,0.13,0.15
709470,順達國票61購01,0,,,,
709471,中美晶群益62購02,18750,0.54,0.63,0.54,0.55
709472,台星科群益62購01,0,,,,
709473,威剛群益62購01,36900,0.41,0.41,0.41,0.41
709474,茂綸群益62購01,323240,1.22,1.42,1.22,1.38
709475,振曜群益5C購01,1560,0.13,0.13,0.13,0.13
709476,創惟群益5C購01,0,,,,
709477,群聯群益5C購02,0,,,,
709478,鈊象國泰61購01,76230,0.77,0.77,0.77,0.77
709479,臺慶科國泰61購01,0,,,,
709480,朋程永豐5C購02,0,,,,
709481,欣銓永豐64購01,0,,,,
709482,達航永豐61購01,46000,0.23,0.23,0.23,0.23
709483,達航永豐64購01,0,,,,
709484,立敦富邦66購01,0,,,,
709485,宏觀富邦66購01,0,,,,
709486,順達富邦61購02,0,,,,
709487,漢科富邦66購01,23040,0.48,0.48,0.48,0.48
709488,廣明富邦66購01,0,,,,
709489,璟德富邦66購01,0,,,,
709490,久元凱基5C購02,0,,,,
709491,中美晶凱基5C購02,241940,0.37,0.37,0.31,0.31
709492,立敦凱基5C購01,0,,,,
709493,良維凱基64購01,0,,,,
709494,朋程凱基61購01,0,,,,
709495,能率亞凱基5C購01,0,,,,
709496,富喬凱基5C購01,67840,0.65,0.65,0.63,0.63
709497,華容凱基5C購02,0,,,,
709498,群聯凱基5C購02,7000,0.07,0.07,0.07,0.07
709499,廣穎凱基61購01,4500,0.28,0.28,0.16,0.16
709500,中美晶台新63購01,43200,1.08,1.08,1.08,1.08
709501,立敦台新5C購01,0,,,,
709502,宏觀台新5C購01,160,0.16,0.16,0.16,0.16
709503,南俊台新5C購01,0,,,,
709504,聖暉*台新5C購01,0,,,,
709505,精材台新5C購02,0,,,,
709506,精材台新5C購03,0,,,,
709507,璟德台新5C購01,0,,,,
709508,久元元大5C購02,0,,,,
709510,朋程元大5C購01,0,,,,
709511,長科*元大5C購01,197350,0.8,0.88,0.8,0.85
709512,富喬元大61購04,670960,0.85,0.93,0.8,0.8
709513,晶焱元大5C購01,0,,,,
709514,順達元大5C購03,0,,,,
709515,順達元大64購05,318340,1.0,1.01,1.0,1.01
709516,群聯元大61購09,0,,,,
709517,臺慶科元大5C購01,0,,,,
709518,中美晶富邦62購01,398350,0.53,0.59,0.52,0.56
709519,世界凱基5C購04,0,,,,
709520,世紀*凱基5C購01,0,,,,
709521,台半凱基61購02,0,,,,
709522,立端凱基61購01,55320,0.48,0.48,0.4,0.4
709523,宏觀凱基61購03,0,,,,
709524,系統電凱基5C購02,0,,,,
709525,宜特凱基61購02,0,,,,
709526,長科*凱基5C購01,1900,0.19,0.19,0.19,0.19
709527,宸曜凱基5C購01,0,,,,
709528,順達凱基64購02,0,,,,
709529,群聯凱基5C購03,8050,0.07,0.07,0.07,0.07
709530,大綜台新5C購01,13200,1.29,1.34,1.29,1.34
709531,系統電台新5C購01,0,,,,
709532,萊德光台新5C購01,201340,0.18,0.21,0.17,0.17
709533,廣運台新5C購01,0,,,,
709534,台半永豐61購02,0,,,,
709535,安葆永豐63購01,0,,,,
709536,良維永豐5C購03,0,,,,
709537,雙鴻永豐64購02,211180,1.12,1.19,0.97,0.97
709538,久元元大5C購03,0,,,,
709539,中美晶元大5C購04,260900,0.65,0.69,0.65,0.66
709540,世界元大5C購03,46500,0.62,0.62,0.62,0.62
709541,世界元大64購05,216050,0.58,0.6,0.57,0.58
709542,台半元大5C購03,100280,0.57,0.59,0.57,0.58
709543,台半元大5C購04,0,,,,
709544,台半元大66購02,353620,1.03,1.09,1.03,1.09
709545,良維元大5C購03,0,,,,
709546,欣銓元大5C購01,0,,,,
709547,長科*元大5C購02,258200,0.88,0.88,0.86,0.86
709548,長科*元大5C購03,185290,1.09,1.1,1.08,1.09
709549,長科*元大66購01,20060,0.93,0.93,0.91,0.91
709550,富喬元大61購05,25800,0.75,0.75,0.72,0.72
709551,順達元大5C購04,0,,,,
709552,順達元大64購06,22500,0.9,0.9,0.9,0.9
709553,群聯元大61購10,0,,,,
709554,聖暉*元大5C購04,0,,,,
709555,方土昶群益5C購01,1260,0.21,0.21,0.21,0.21
709556,世界群益5C購03,0,,,,
709557,台半群益5C購02,48000,0.48,0.48,0.48,0.48
709558,台半群益61購01,78440,0.64,0.64,0.62,0.62
709559,系微群益5C購01,0,,,,
709560,長科*群益61購01,0,,,,
709561,南俊群益5C購01,332150,0.23,0.24,0.2,0.22
709562,富喬群益5C購02,105380,1.62,1.62,1.53,1.53
709563,群聯群益5C購03,0,,,,
709564,臺慶科群益5C購01,0,,,,
709565,廣運群益5C購01,0,,,,
709566,雙鴻群益5C購02,651280,1.24,1.24,0.86,0.86
709567,方土昶凱基5C購02,0,,,,
709568,威剛凱基61購01,2205730,0.16,0.17,0.15,0.16
709569,雅特力凱基5C購01,0,,,,
709570,聰泰凱基5C購01,0,,,,
709571,雙鴻凱基5C購07,0,,,,
709572,雙鴻凱基5C購08,0,,,,
709573,能率台新5C購01,0,,,,
709574,良維富邦61購02,12000,0.12,0.12,0.12,0.12
709575,群聯富邦63購01,380,0.19,0.19,0.19,0.19
709576,雙鴻富邦62購01,0,,,,
709577,達航國票61購01,0,,,,
709579,中美晶元大5C購05,0,,,,
709580,世界元大5C購04,99300,0.83,0.83,0.8,0.8
709581,世界元大64購06,10880,0.61,0.61,0.6,0.6
709582,台半元大5C購05,1200,0.3,0.3,0.3,0.3
709583,台半元大66購03,591720,1.2,1.26,1.19,1.26
709584,宏觀元大5C購03,0,,,,
709585,威剛元大5C購01,9850,0.19,0.19,0.17,0.17
709586,富喬元大64購01,213130,0.93,1.0,0.89,0.89
709587,順達元大5C購05,118040,0.98,0.99,0.98,0.99
709588,群聯元大61購11,0,,,,
709589,群聯元大64購04,123480,0.28,0.28,0.28,0.28
709591,威剛群益5C購03,31000,0.31,0.31,0.31,0.31
709592,群聯群益5C購04,0,,,,
709593,桓達永豐61購01,0,,,,
709594,宏觀國票61購01,0,,,,
709595,富喬國票5C購03,157300,1.17,1.23,1.12,1.12
709596,群聯國票61購04,0,,,,
709597,精確國票61購01,5600,0.28,0.28,0.28,0.28
709598,磐亞國票61購01,19600,0.98,0.98,0.98,0.98
709599,雙鴻國票61購01,59940,0.81,0.81,0.81,0.81
709600,中美晶元大5C購06,87100,1.34,1.34,1.34,1.34
709601,世界元大5C購05,45920,0.82,0.82,0.82,0.82
709602,世界元大64購07,177230,0.98,0.98,0.97,0.98
709603,世界元大66購02,156410,0.62,0.63,0.62,0.63
709604,系統電元大5C購03,0,,,,
709605,威剛元大5C購02,81800,0.82,0.82,0.81,0.81
709606,威剛元大61購02,0,,,,
709607,群聯元大5C購04,188180,0.36,0.38,0.36,0.38
709608,群聯元大5C購05,0,,,,
709609,群聯元大61購12,5200,0.26,0.26,0.26,0.26
709610,群聯元大64購05,0,,,,
709611,磐亞元大5C購01,0,,,,
709612,系統電富邦61購02,0,,,,
709613,大綜永豐61購01,33960,0.73,0.81,0.73,0.77
709614,磐亞永豐61購01,0,,,,
709615,方土昶凱基5C購03,0,,,,
709616,華電網凱基5C購01,0,,,,
709617,磐亞凱基5C購01,0,,,,
709618,雙鴻凱基61購04,15000,0.79,0.79,0.71,0.71
709619,大綜台新5C購02,10530,0.81,0.81,0.81,0.81
709620,系統電台新61購01,0,,,,
709621,良維台新5C購01,0,,,,
709622,順達台新5C購02,147000,0.36,0.39,0.36,0.36
709623,精材台新62購01,16000,4.0,4.0,4.0,4.0
709624,雙鴻台新5C購01,0,,,,
709625,力致群益5C購01,0,,,,
709626,威剛群益5C購04,0,,,,
709627,群聯群益5C購05,0,,,,
709628,雙鴻群益62購01,156600,0.58,0.58,0.58,0.58
709629,方土昶永豐63購01,3300,0.3,0.3,0.3,0.3
709630,系微永豐61購01,0,,,,
709631,宜特永豐5C購03,0,,,,
709632,家登永豐5C購01,0,,,,
709633,鈊象永豐64購01,0,,,,
709634,群聯永豐5C購08,0,,,,
709635,雙鴻群益5C購03,0,,,,
709636,大綜國票5C購01,3400,0.34,0.34,0.34,0.34
709637,台特化國票61購01,0,,,,
709638,光聚晶國票61購01,0,,,,
709639,系統電國票61購01,0,,,,
709640,家登國票5C購01,0,,,,
709641,海韻電國票61購01,0,,,,
709642,鈊象國票61購01,0,,,,
709643,聖暉*國票61購01,0,,,,
709644,大綜凱基5C購01,119940,0.15,0.17,0.15,0.16
709645,伍豐凱基5C購01,0,,,,
709646,系統電凱基5C購03,0,,,,
709647,朋億*凱基5C購01,0,,,,
709648,威剛凱基5C購03,72630,0.24,0.24,0.23,0.23
709649,茂訊凱基5C購01,4600,0.46,0.46,0.46,0.46
709650,富喬凱基5C購02,0,,,,
709651,晶焱凱基5C購01,0,,,,
709652,雅特力凱基5C購02,323120,0.52,0.53,0.49,0.49
709653,群聯凱基5C購04,1800,0.12,0.12,0.12,0.12
709654,精確凱基5C購01,153510,0.21,0.21,0.2,0.2
709655,大綜台新5C購03,28100,0.41,0.41,0.38,0.38
709656,大綜台新5C購04,0,,,,
709657,方土昶台新5C購01,0,,,,
709658,富喬台新5C購01,102480,1.23,1.35,1.18,1.18
709659,富喬台新5C購02,110120,1.69,1.91,1.62,1.62
709660,晶焱台新5C購01,0,,,,
709661,晶焱台新5C購02,0,,,,
709662,晶焱台新5C購03,0,,,,
709663,群聯台新5C購01,0,,,,
709664,大綜元大5C購01,15200,0.2,0.2,0.2,0.2
709665,中美晶元大5C購07,64170,1.49,1.54,1.47,1.47
709666,台半元大5C購06,3400,0.34,0.34,0.34,0.34
709668,威剛元大61購03,64800,0.36,0.36,0.36,0.36
709669,家登元大5C購04,6000,0.33,0.33,0.3,0.3
709670,群聯元大5C購06,28000,0.28,0.28,0.28,0.28
709671,群聯元大5C購07,15920,0.3,0.32,0.3,0.32
709672,群聯元大5C購08,2400,0.24,0.24,0.24,0.24
709673,群聯元大66購05,0,,,,
709674,聖暉*元大5C購05,0,,,,
709675,聖暉*元大5C購06,0,,,,
709676,家登富邦63購01,0,,,,
709677,正德群益5C購01,0,,,,
709678,威剛群益5C購05,0,,,,
709679,家登群益5C購01,0,,,,
709680,富喬群益5C購03,414840,1.8,1.92,1.61,1.61
709681,華容群益5C購01,3310,1.72,1.72,1.59,1.59
709682,群聯群益5C購06,0,,,,
709683,聖暉*群益5C購02,0,,,,
709684,立端永豐64購01,555490,0.65,0.65,0.57,0.58
709685,威剛永豐6C購01,0,,,,
709686,建榮永豐61購01,12600,0.42,0.42,0.42,0.42
709687,茂訊永豐5C購01,0,,,,
709688,雅特力永豐61購01,562560,0.96,0.96,0.92,0.92
709689,群聯永豐5C購09,0,,,,
709690,綠界*永豐61購01,0,,,,
709691,聰泰永豐61購01,25800,0.43,0.43,0.43,0.43
709692,立敦國票5C購01,0,,,,
709693,立敦國票5C購02,0,,,,
709694,伍豐國票61購01,0,,,,
709695,光焱國票61購01,6410,0.47,0.47,0.33,0.33
709696,安勤國票61購01,54900,0.51,0.51,0.49,0.49
709697,系統電國票61購02,0,,,,
709698,邑昇國票61購01,9300,0.31,0.31,0.31,0.31
709699,信音國票5C購01,0,,,,
709700,建榮國票5C購01,3230,0.19,0.19,0.19,0.19
709701,博士旺國票5C購01,0,,,,
709702,博智國票5C購01,0,,,,
709703,博智國票5C購02,0,,,,
709704,晶焱國票5C購01,0,,,,
709705,雅特力國票61購01,50030,0.67,0.67,0.64,0.64
709706,雅特力國票61購02,150320,0.61,0.61,0.58,0.58
709707,意德士國票61購01,0,,,,
709708,聚和國票61購01,0,,,,
709709,臺慶科國票61購02,0,,,,
709710,廣閎科國票61購01,0,,,,
709711,騰雲國票61購01,0,,,,
709712,威剛國泰61購01,0,,,,
709713,湧德國泰61購01,0,,,,
709714,光焱台新5C購01,25500,0.58,0.58,0.56,0.56
709715,兆利台新5C購01,0,,,,
709716,兆利台新5C購02,0,,,,
709717,雅特力台新5C購01,217150,0.82,0.82,0.79,0.79
709718,雅特力台新5C購02,578250,0.6,0.6,0.57,0.57
709719,鈊象台新5C購02,0,,,,
709720,雙鴻台新5C購02,0,,,,
709721,雙鴻台新5C購03,0,,,,
709722,穩得台新5C購01,0,,,,
709723,中美晶元大5C購08,260340,1.55,1.7,1.55,1.69
709724,中美晶元大5C購09,589850,1.11,1.17,1.09,1.1
709725,方土昶元大5C購01,0,,,,
709726,系統電元大5C購05,0,,,,
709727,系統電元大5C購06,0,,,,
709728,信音元大5C購01,0,,,,
709729,威剛元大61購04,0,,,,
709730,富喬元大64購02,1579870,1.42,1.45,1.42,1.43
709731,順達元大5C購06,816010,1.06,1.17,1.06,1.09
709732,鈊象元大5C購05,336360,0.93,0.93,0.92,0.92
709733,群聯元大5C購09,0,,,,
709734,群聯元大5C購10,0,,,,
709735,群聯元大5C購11,0,,,,
709736,群聯元大66購06,92810,0.54,0.56,0.54,0.56
709737,精材元大5C購03,0,,,,
709738,精材元大64購01,0,,,,
709739,精材元大66購04,128090,4.31,4.32,4.1,4.1
709740,順達凱基5C購03,64000,0.16,0.16,0.16,0.16
709741,群聯凱基5C購05,0,,,,
709742,聖暉*凱基5C購02,0,,,,
709743,精材凱基61購05,0,,,,
709744,臺慶科凱基5C購02,0,,,,
709745,宜鼎元大5C購05,46500,0.3,0.3,0.3,0.3
709746,宜鼎元大61購04,2800,0.28,0.28,0.28,0.28
709747,廣閎科元大5C購01,88820,0.8,0.8,0.78,0.78
709748,宜鼎群益5C購01,81200,0.18,0.19,0.18,0.19
709749,宜鼎群益5C購02,130,0.13,0.13,0.13,0.13
709750,宜鼎群益5C購03,0,,,,
709751,方土昶國票61購01,0,,,,
709752,加高國票61購01,0,,,,
709753,宜鼎國票61購01,3300,0.33,0.33,0.33,0.33
709754,威聯通國票61購01,0,,,,
709755,凱崴國票61購01,34000,0.31,0.31,0.29,0.29
709756,港建*國票61購01,0,,,,
709757,華容國票61購01,0,,,,
709758,萊德光國票61購02,0,,,,
709759,萊德光國票61購03,159010,0.31,0.36,0.31,0.32
709760,宜特國泰61購01,0,,,,
709761,宜鼎國泰61購02,0,,,,
709762,宜鼎國泰61購03,9680,0.44,0.44,0.44,0.44
709763,宜鼎國泰61購04,0,,,,
709764,台半富邦62購03,0,,,,
709765,台半富邦63購01,0,,,,
709766,宜特富邦62購01,0,,,,
709767,宜鼎富邦5C購04,0,,,,
709768,朋程富邦62購01,56560,0.28,0.28,0.28,0.28
709769,朋程富邦63購01,0,,,,
709770,家登富邦62購02,0,,,,
709771,家登富邦62購03,46000,0.51,0.51,0.5,0.5
709772,鈊象富邦62購01,0,,,,
709773,鈊象富邦63購01,0,,,,
709774,雙鴻富邦63購01,8500,0.85,0.85,0.85,0.85
709775,系統電凱基5C購04,0,,,,
709776,威剛凱基5C購04,29250,0.45,0.45,0.45,0.45
709777,家登凱基5C購03,10510,0.48,0.48,0.43,0.43
709778,博智凱基5C購03,0,,,,
709779,富喬凱基5C購03,11900,1.19,1.19,1.19,1.19
709780,勤凱凱基5C購03,0,,,,
709781,群聯凱基61購05,172950,0.3,0.31,0.3,0.3
709782,廣閎科凱基61購01,254390,0.48,0.5,0.43,0.43
709783,宜鼎台新5C購01,37200,0.31,0.31,0.31,0.31
709784,宜鼎台新5C購02,0,,,,
709785,宜鼎台新5C購03,0,,,,
709786,宜鼎中信5C購02,0,,,,
709787,宜鼎永豐64購01,0,,,,
709788,宜鼎永豐65購01,64100,0.31,0.31,0.3,0.31
709789,宇峻國泰61購01,0,,,,
709790,華景電國泰61購01,0,,,,
709791,群聯國泰61購02,19710,0.73,0.73,0.73,0.73
709792,漢達國泰61購01,105300,6.1,6.2,5.65,5.65
709793,世界凱基5C購05,0,,,,
709794,宜鼎凱基5C購03,42640,0.08,0.08,0.08,0.08
709795,宜鼎凱基5C購04,4950,0.11,0.11,0.11,0.11
709796,宜鼎凱基5C購05,75000,0.15,0.15,0.15,0.15
709797,威聯通凱基61購01,0,,,,
709798,凱崴凱基61購01,0,,,,
709799,華景電凱基5C購02,0,,,,
709800,順達凱基61購01,0,,,,
709801,璟德凱基5C購01,0,,,,
709802,立敦台新5C購02,0,,,,
709803,宏捷科台新5C購01,0,,,,
709804,宜鼎台新5C購04,2240,0.29,0.29,0.27,0.28
709805,宜鼎台新61購01,0,,,,
709806,東浦台新5C購01,30800,0.44,0.44,0.44,0.44
709807,家登台新5C購01,8570,0.81,0.82,0.74,0.74
709808,順達台新61購02,0,,,,
709809,新漢台新5C購01,0,,,,
709810,廣閎科台新5C購01,0,,,,
709811,富喬中信5C購03,10600,1.06,1.06,1.06,1.06
709812,創惟永豐5C購01,0,,,,
709813,華容永豐61購01,9400,1.19,1.19,1.13,1.13
709814,群聯永豐64購04,0,,,,
709815,群聯永豐64購05,0,,,,
709816,宜鼎元大5C購06,0,,,,
709817,宜鼎元大5C購07,77300,0.29,0.3,0.29,0.3
709818,宜鼎元大5C購08,0,,,,
709819,威剛元大5C購03,509060,1.04,1.05,1.04,1.05
709820,群聯元大5C購12,0,,,,
709821,群聯元大5C購13,0,,,,
709822,群聯元大5C購14,73200,0.61,0.61,0.61,0.61
709823,群聯元大61購13,0,,,,
709824,廣閎科元大5C購02,0,,,,
709825,雙鴻元大61購15,1091630,0.91,0.92,0.79,0.79
709826,力領國票61購01,490,0.23,0.26,0.23,0.26
709827,加高國票61購02,0,,,,
709828,立端國票61購01,19680,0.53,0.54,0.53,0.54
709829,邑錡國票5C購01,2250,0.45,0.45,0.45,0.45
709830,佳邦國票61購03,0,,,,
709831,宜鼎國票61購02,0,,,,
709832,東浦國票61購01,0,,,,
709833,杰力國票61購01,380,0.38,0.38,0.38,0.38
709834,金益鼎國票61購02,0,,,,
709835,長聖國票61購01,6160,0.56,0.56,0.56,0.56
709836,胡連國票61購01,0,,,,
709837,韋僑國票61購01,0,,,,
709838,宸曜國票5C購01,0,,,,
709839,能率亞國票61購01,0,,,,
709840,凱崴國票61購02,0,,,,
709841,湧德國票5C購01,0,,,,
709842,湧德國票5C購02,0,,,,
709843,華容國票61購02,0,,,,
709844,華景電國票61購01,0,,,,
709845,華電網國票5C購02,0,,,,
709846,華電網國票5C購03,0,,,,
709847,廣閎科國票61購02,0,,,,
709848,騰雲國票61購02,0,,,,
709849,系統電群益5C購01,0,,,,
709850,宜鼎群益5C購04,0,,,,
709851,威剛群益5C購06,0,,,,
709852,群聯群益5C購07,0,,,,
709853,兆利富邦62購01,0,,,,
709854,智通*富邦62購01,0,,,,
709855,湧德富邦62購01,28050,0.33,0.33,0.33,0.33
709856,閎康富邦62購02,0,,,,
709857,聖暉*富邦5C購02,0,,,,
709858,廣閎科富邦5C購01,97840,0.4,0.42,0.4,0.4
709859,方土昶國票61購02,0,,,,
709860,台嘉碩國票5C購01,660,0.33,0.33,0.33,0.33
709861,台嘉碩國票5C購02,1730,0.29,0.29,0.28,0.28
709862,永信建國票61購01,0,,,,
709863,兆利國票61購01,0,,,,
709864,系統電國票61購03,0,,,,
709865,朋程國票5C購01,0,,,,
709866,東浦國票61購02,0,,,,
709867,順達國票61購02,0,,,,
709868,緯軟國票61購01,11730,0.48,0.49,0.48,0.49
709869,華容群益5C購02,0,,,,
709870,廣閎科群益5C購01,0,,,,
709871,順達中信5C購01,0,,,,
709872,聖暉*中信5C購01,0,,,,
709873,世紀*永豐5C購01,59150,7.85,11.6,7.85,8.3
709874,博智永豐5C購03,0,,,,
709875,中美晶元大5C購10,206580,1.2,1.2,1.11,1.11
709876,宏觀元大5C購04,0,,,,
709877,良維元大5C購04,164780,0.34,0.34,0.33,0.33
709878,博智元大5C購03,0,,,,
709879,華容元大5C購01,0,,,,
709880,順達元大5C購07,0,,,,
709881,精材元大5C購04,0,,,,
709882,臺慶科元大5C購02,0,,,,
709883,系統電凱基5C購05,0,,,,
709884,佳邦凱基5C購04,0,,,,
709885,泓格凱基5C購01,0,,,,
709886,金益鼎凱基5C購01,0,,,,
709887,茂迪凱基61購01,0,,,,
709888,創惟凱基61購01,2800,0.28,0.28,0.28,0.28
709889,湧德凱基61購01,0,,,,
709890,華容凱基61購01,223150,0.68,0.68,0.57,0.57
709891,群聯凱基5C購06,2590,0.37,0.37,0.37,0.37
709892,臺慶科凱基61購01,0,,,,
709893,廣閎科凱基5C購01,92550,0.51,0.51,0.46,0.46
709894,雙鴻凱基5C購09,352850,0.98,1.01,0.82,0.83
709895,騰雲凱基61購01,122070,0.48,0.83,0.48,0.63
709896,中美晶統一66購02,184210,0.85,0.85,0.79,0.79
709897,立敦統一63購02,0,,,,
709898,立敦統一64購02,0,,,,
709899,立敦統一64購03,0,,,,
709900,佳邦統一64購01,0,,,,
709901,佳邦統一66購01,0,,,,
709902,宜鼎統一64購01,0,,,,
709903,宜鼎統一64購02,12000,0.24,0.24,0.24,0.24
709904,宜鼎統一64購03,0,,,,
709905,宜鼎統一64購04,222880,0.17,0.18,0.17,0.17
709906,宜鼎統一66購03,31080,0.28,0.28,0.28,0.28
709907,宜鼎統一66購04,0,,,,
709908,威剛統一6A購01,7200,0.72,0.72,0.72,0.72
709909,建榮統一66購01,0,,,,
709910,建榮統一6A購03,920,0.46,0.46,0.46,0.46
709911,家登統一66購01,88320,0.48,0.48,0.48,0.48
709912,凱崴統一66購01,0,,,,
709913,博智統一6C購01,0,,,,
709914,富喬統一64購02,308330,0.86,0.91,0.83,0.83
709915,富喬統一64購03,506610,0.83,0.88,0.8,0.8
709916,富喬統一66購01,364040,1.18,1.21,1.13,1.13
709917,群聯統一64購02,0,,,,
709918,精材統一66購01,12950,1.85,1.85,1.85,1.85
709919,精材統一6C購01,0,,,,
709920,臺慶科統一64購02,0,,,,
709921,臺慶科統一66購02,0,,,,
709922,臺慶科統一66購03,0,,,,
709923,臺慶科統一6A購02,0,,,,
709924,廣閎科統一66購01,0,,,,
709925,廣運統一66購01,1040,0.26,0.26,0.26,0.26
709926,廣運統一6C購01,0,,,,
709927,優群統一66購02,0,,,,
709928,雙鴻統一64購01,0,,,,
709929,雙鴻統一65購02,70100,1.12,1.12,1.02,1.03
709930,宏觀國泰61購01,3200,0.32,0.32,0.32,0.32
709931,金益鼎國泰61購01,0,,,,
709932,立敦台新5C購03,0,,,,
709933,威剛台新5C購01,0,,,,
709934,威剛台新5C購02,568000,1.42,1.42,1.42,1.42
709935,威剛台新5C購03,19770,2.48,2.48,2.47,2.47
709936,威剛台新61購01,0,,,,
709937,威剛台新62購01,468500,1.75,1.75,1.74,1.75
709938,威剛台新63購01,0,,,,
709939,威剛台新66購01,0,,,,
709940,茂迪台新5C購01,0,,,,
709941,凱崴台新5C購01,0,,,,
709942,華容台新5C購03,521260,1.3,1.3,1.26,1.26
709943,威剛富邦5C購01,0,,,,
709944,宜鼎永豐61購01,0,,,,
709945,胡連永豐61購01,2220,0.37,0.37,0.37,0.37
709946,艾訊國票61購01,0,,,,
709947,良維國票61購01,0,,,,
709948,朋億*國票61購01,0,,,,
709949,東浦國票61購03,0,,,,
709950,茂迪國票61購01,0,,,,
709951,凱崴國票61購03,0,,,,
709952,寶雅國票61購01,406890,1.45,1.5,1.45,1.5
709953,台半群益62購02,76360,0.89,0.94,0.89,0.94
709954,中美晶凱基5C購03,57190,1.07,1.11,1.07,1.11
709955,宏觀凱基5C購01,0,,,,
709956,良維凱基5C購04,0,,,,
709957,朋程凱基5C購01,0,,,,
709958,博智凱基5C購04,18480,0.31,0.32,0.31,0.32
709959,群ESG凱基61購01,0,,,,
709961,緯軟凱基5C購01,0,,,,
709962,世界統一6A購01,0,,,,
709963,正基統一66購01,0,,,,
709964,立敦統一68購01,0,,,,
709965,宏觀統一6A購01,0,,,,
709966,家登統一6A購01,1020,0.51,0.51,0.51,0.51
709967,富喬統一66購02,132180,1.03,1.04,1.0,1.0
709968,晶焱統一6A購01,0,,,,
709969,順達統一6A購01,0,,,,
709970,群聯統一63購03,0,,,,
709971,群聯國泰61購03,78100,1.1,1.1,1.1,1.1
709972,富喬台新5C購04,10770,3.59,3.59,3.59,3.59
709973,世界富邦61購02,0,,,,
709974,立碁富邦5C購01,1153850,1.1,1.13,0.95,0.95
709975,良維富邦61購03,0,,,,
709976,世界元大5C購06,216560,0.78,0.78,0.76,0.76
709977,宜鼎元大5C購09,261510,0.39,0.4,0.38,0.38
709978,順達元大5C購08,773490,0.68,0.74,0.67,0.72
709979,臺慶科元大5C購03,0,,,,
709980,雙鴻元大5C購06,632520,1.1,1.1,0.95,0.95
709981,家登永豐5C購02,14600,0.73,0.73,0.73,0.73
709982,漢達永豐61購01,0,,,,
709983,宜鼎元大5C購10,382420,0.35,0.36,0.34,0.35
709984,千附國票61購01,0,,,,
709985,世禾國票61購01,0,,,,
709986,台特化國票61購02,0,,,,
709987,伯特光國票61購01,66000,0.33,0.33,0.33,0.33
709988,岱稜國票61購01,0,,,,
709989,昇佳電國票61購01,0,,,,
709990,朋億*國票61購02,0,,,,
709991,欣銓國票61購02,0,,,,
709992,信音國票61購01,0,,,,
709993,茂綸國票61購01,103060,0.72,0.79,0.72,0.79
709994,新普國票61購01,0,,,,
709995,聖暉*國票61購02,0,,,,
709996,精材國票61購01,0,,,,
709997,綠界*國票61購01,0,,,,
709998,中美晶群益5C購03,88050,0.74,0.88,0.74,0.88
709999,順達群益5C購02,19230,0.69,0.75,0.69,0.75
710000,精材群益5C購02,0,,,,
710001,加高國泰61購01,0,,,,
710002,宜鼎國泰61購05,12980,0.59,0.59,0.59,0.59
710003,宜鼎國泰61購06,0,,,,
710004,信音國泰61購01,0,,,,
710005,臺慶科國泰61購02,0,,,,
710006,中美晶凱基5C購04,46800,0.66,0.66,0.64,0.64
710007,台半凱基61購03,1050,0.35,0.35,0.35,0.35
710008,宜鼎凱基5C購06,1100,0.22,0.22,0.22,0.22
710009,順達凱基5C購04,0,,,,
710010,群聯凱基5C購07,0,,,,
710011,臺慶科凱基5C購04,0,,,,
710012,雙鴻凱基5C購10,0,,,,
710013,大中統一6A購01,0,,,,
710014,中美晶統一64購02,946540,0.75,0.85,0.74,0.76
710015,朋億*統一63購01,0,,,,
710016,朋億*統一68購01,0,,,,
710017,宣德統一66購01,32000,0.32,0.32,0.32,0.32
710018,建榮統一63購01,59060,0.39,0.4,0.35,0.35
710019,凱崴統一63購01,10000,0.2,0.2,0.2,0.2
710020,凱崴統一65購01,0,,,,
710021,博智統一62購03,0,,,,
710022,富喬統一63購01,1220,1.22,1.22,1.22,1.22
710023,富喬統一65購03,24100,1.1,1.1,1.09,1.09
710024,富喬統一6C購02,734290,0.83,0.83,0.81,0.81
710025,聖暉*統一6A購03,0,,,,
710026,精材統一63購01,99400,2.21,2.21,2.2,2.2
710027,雙鴻統一63購02,52000,1.0,1.0,1.0,1.0
710028,穩得統一68購01,30800,0.44,0.44,0.44,0.44
710029,佳邦富邦5C購01,0,,,,
710030,宜鼎富邦63購02,0,,,,
710031,富喬富邦63購01,271350,0.84,0.9,0.8,0.8
710032,群聯富邦62購07,0,,,,
710033,群聯富邦62購08,0,,,,
710034,中美晶台新5C購01,0,,,,
710035,台半台新5C購01,15080,0.58,0.58,0.58,0.58
710036,台半台新5C購02,0,,,,
710037,廣閎科台新5C購02,80900,1.17,1.17,1.15,1.15
710038,良維永豐5C購04,0,,,,
710039,朋億*永豐61購01,52040,0.35,0.38,0.35,0.36
710040,華景電永豐63購01,0,,,,
710041,群聯永豐5C購10,0,,,,
710042,群聯永豐5C購11,0,,,,
710043,群聯永豐5C購12,0,,,,
710044,臺慶科永豐5C購02,0,,,,
710045,力致國票61購01,0,,,,
710046,千附國票61購02,0,,,,
710047,中美晶國票61購02,7290,0.81,0.81,0.81,0.81
710048,加高國票61購03,0,,,,
710049,宏碁資國票61購01,124680,0.52,0.55,0.5,0.53
710050,朋億*國票61購03,0,,,,
710051,美琪瑪國票61購01,0,,,,
710052,高鋒國票61購01,0,,,,
710053,博士旺國票5C購02,19860,0.55,0.55,0.45,0.45
710054,閎康國票61購02,0,,,,
710055,聖暉*國票61購03,0,,,,
710056,臺慶科國票61購03,0,,,,
710057,廣閎科國票61購03,22260,0.46,0.46,0.43,0.43
710058,廣運國票61購01,0,,,,
710059,營邦國票5C購01,29640,1.56,1.56,1.56,1.56
710060,營邦國票5C購02,15480,1.72,1.72,1.72,1.72
710061,鴻呈國票61購01,0,,,,
710062,中美晶凱基61購04,0,,,,
710063,威剛凱基5C購06,2700,0.27,0.27,0.27,0.27
710064,宣德凱基5C購01,0,,,,
710065,精材凱基5C購04,13860,2.31,2.31,2.31,2.31
710066,臺慶科凱基5C購05,0,,,,
710067,廣閎科凱基5C購02,27000,0.27,0.27,0.27,0.27
710068,營邦凱基5C購01,1120,1.12,1.12,1.12,1.12
710069,營邦凱基5C購02,206020,1.14,1.14,1.1,1.1
710070,營邦凱基5C購03,88440,0.92,1.0,0.92,0.94
710071,中美晶群益5C購04,212000,0.72,0.72,0.68,0.68
710072,兆利群益5C購01,0,,,,
710073,營邦群益5C購01,1680,1.68,1.68,1.68,1.68
710074,營邦群益5C購02,224700,1.61,1.61,1.54,1.55
710075,世界元大5C購07,37960,0.73,0.73,0.73,0.73
710076,世界元大63購04,140110,0.58,0.58,0.57,0.58
710077,宜鼎元大5C購11,0,,,,
710078,威剛元大61購05,0,,,,
710079,廣閎科元大5C購03,313920,0.4,0.42,0.39,0.4
710080,營邦元大5C購01,432090,1.85,1.96,1.83,1.91
710081,凱崴國泰61購01,1850,0.37,0.37,0.37,0.37
710082,廣閎科國泰61購01,79440,0.87,0.87,0.84,0.84
710083,營邦國泰61購01,238950,2.7,2.7,2.65,2.69
710084,營邦富邦62購01,0,,,,
710085,營邦富邦63購01,1129650,0.64,0.64,0.6,0.62
710086,中美晶統一66購03,269760,0.51,0.54,0.51,0.51
710087,台特化統一6C購02,0,,,,
710088,朋程統一65購02,0,,,,
710089,朋億*統一66購01,0,,,,
710090,威剛統一63購01,0,,,,
710091,威剛統一65購05,480,0.48,0.48,0.48,0.48
710092,美琪瑪統一6A購01,0,,,,
710093,華景電統一64購03,0,,,,
710094,群聯統一66購01,0,,,,
710095,聖暉*統一66購01,0,,,,
710096,博智國泰61購01,0,,,,
710097,營邦統一66購01,1660500,1.03,1.07,1.0,1.01
710098,營邦統一66購02,7350,1.05,1.05,1.05,1.05
710099,營邦統一66購03,15010,0.79,0.79,0.79,0.79
710100,營邦統一6C購01,776910,0.85,0.86,0.85,0.85
710101,中美晶台新5C購02,1420,0.71,0.71,0.71,0.71
710102,中美晶台新5C購03,82950,3.24,3.39,3.24,3.39
710103,東浦台新5C購02,0,,,,
710104,東浦台新5C購03,0,,,,
710105,勤凱台新5C購01,0,,,,
710106,聖暉*台新5C購02,0,,,,
710107,聖暉*台新5C購03,0,,,,
710108,聖暉*台新5C購04,0,,,,
710109,廣閎科台新5C購03,15200,0.76,0.76,0.76,0.76
710110,銳澤台新5C購01,40300,0.62,0.62,0.62,0.62
710111,騰雲台新5C購01,105600,1.79,2.34,1.79,2.25
710112,中美晶凱基61購05,12460,0.44,0.47,0.43,0.47
710113,世界凱基5C購06,0,,,,
710114,宜鼎凱基5C購07,0,,,,
710115,朋億*凱基61購01,0,,,,
710116,威剛凱基5C購07,2900,0.29,0.29,0.29,0.29
710117,威剛凱基5C購08,0,,,,
710118,宜鼎元大5C購12,0,,,,
710119,朋億*元大5C購01,0,,,,
710120,東浦元大5C購01,0,,,,
710121,威剛元大5C購04,112500,0.75,0.75,0.75,0.75
710122,安碁台新5C購01,701880,1.2,1.35,1.19,1.3
710123,臺慶科台新5C購01,0,,,,
710124,中美晶國票61購03,6700,0.67,0.67,0.67,0.67
710125,宏捷科國票61購01,0,,,,
710126,朋億*國票61購04,0,,,,
710127,東浦國票61購04,0,,,,
710128,宣德國票61購01,0,,,,
710129,能率亞國票61購02,0,,,,
710130,宏捷科中信5C購01,0,,,,
710131,博智中信5C購01,0,,,,
710132,中美晶永豐5C購02,84120,1.06,1.07,1.04,1.04
710133,中美晶永豐5C購03,0,,,,
710134,世界永豐66購01,0,,,,
710135,亞通永豐64購01,102060,1.48,1.48,1.45,1.48
710136,宣德永豐61購01,1400,0.14,0.14,0.14,0.14
710137,博智永豐61購01,0,,,,
710138,中美晶富邦5C購01,674650,0.58,0.63,0.58,0.61
710139,順達富邦62購02,0,,,,
710140,聖暉*富邦5C購03,0,,,,
710141,中美晶中信5C購01,0,,,,
710142,宏捷科凱基5C購02,0,,,,
710143,富喬凱基5C購05,108500,1.11,1.11,0.99,0.99
710144,群聯凱基5C購08,0,,,,
710145,廣閎科凱基5C購03,0,,,,
710146,中美晶台新5C購04,473780,0.54,0.63,0.54,0.58
710147,台半台新5C購03,0,,,,
710148,均豪台新5C購01,28510,1.13,1.15,1.13,1.15
710149,均豪台新5C購02,8790,0.8,0.8,0.79,0.79
710150,均豪台新5C購03,0,,,,
710151,宜鼎台新5C購06,6600,0.55,0.55,0.55,0.55
710152,凱崴台新5C購02,19800,0.36,0.36,0.36,0.36
710153,廣閎科台新5C購04,264940,0.65,0.7,0.64,0.64
710154,台半元大5C購07,0,,,,
710155,宜鼎元大5C購13,272010,0.35,0.36,0.35,0.36
710156,威剛元大5C購05,0,,,,
710158,台半國泰61購01,128800,0.7,0.7,0.7,0.7
710159,博智國泰61購02,0,,,,
710160,順達國泰61購01,0,,,,
710161,台半富邦62購04,0,,,,
710162,台半富邦63購02,0,,,,
710163,朋程富邦62購02,1900,0.19,0.19,0.19,0.19
710164,朋程富邦63購02,0,,,,
710165,鈊象富邦62購02,0,,,,
710166,營邦富邦62購02,4480,1.12,1.12,1.12,1.12
710167,兆利永豐64購01,0,,,,
710168,宜鼎永豐63購01,76900,0.41,0.41,0.4,0.4
710169,精確永豐61購01,32140,0.33,0.33,0.31,0.31
710170,雙鴻永豐66購01,110300,1.4,1.41,1.22,1.22
710171,廣閎科國票61購04,0,,,,
710172,台半群益5C購04,0,,,,
710173,宏捷科群益5C購02,0,,,,
710174,臺慶科群益5C購02,0,,,,
710175,台半凱基5C購04,37200,0.21,0.21,0.2,0.2
710176,尼克森凱基5C購01,0,,,,
710177,宏捷科凱基5C購03,0,,,,
710178,朋程凱基5C購02,0,,,,
710179,茂達凱基5C購01,0,,,,
710180,臺慶科凱基5C購06,0,,,,
710181,廣閎科凱基5C購04,12000,0.2,0.2,0.2,0.2
710182,大中台新5C購01,50140,0.35,0.35,0.34,0.34
710183,台半台新5C購04,0,,,,
710184,宜鼎台新61購02,0,,,,
710185,晶焱台新5C購04,0,,,,
710186,晶焱台新5C購05,0,,,,
710187,廣閎科台新61購01,148100,0.52,0.52,0.51,0.51
710188,中美晶元大5C購11,670,0.67,0.67,0.67,0.67
710189,台半元大5C購08,0,,,,
710190,宜鼎元大5C購14,33830,0.28,0.29,0.28,0.29
710191,威剛元大5C購06,0,,,,
710192,群聯中信64購01,30210,0.21,0.21,0.2,0.2
710193,雙鴻中信66購01,670,0.67,0.67,0.67,0.67
710194,雙鴻中信66購02,15440,0.82,0.86,0.82,0.86
710195,大中永豐64購01,0,,,,
710196,台半永豐64購01,0,,,,
710197,尼克森永豐64購01,0,,,,
710198,信紘科永豐64購01,12570,0.31,0.31,0.29,0.29
710199,家登永豐64購01,0,,,,
710200,富喬永豐5C購02,112150,1.43,1.49,1.37,1.37
710201,鈊象永豐61購01,11310,0.39,0.39,0.39,0.39
710202,鴻呈永豐61購01,0,,,,
710203,世禾國票61購02,0,,,,
710204,世紀*國票61購01,4560,4.56,4.56,4.56,4.56
710205,亞泰國票61購01,0,,,,
710206,矽科國票61購01,0,,,,
710207,茂迪國票61購02,0,,,,
710208,茂達國票61購01,0,,,,
710209,崧騰國票61購01,0,,,,
710210,統振國票61購01,0,,,,
710211,博盛國票61購01,0,,,,
710212,閎康國票61購03,0,,,,
710213,萬泰科國票61購01,0,,,,
710214,漢達國票61購01,0,,,,
710215,臺慶科國票61購04,0,,,,
710216,廣閎科國票61購05,0,,,,
710217,聰泰國票61購01,0,,,,
710218,能率亞國泰61購01,18500,0.93,0.93,0.92,0.92
710219,能率國泰61購01,2560,1.28,1.28,1.28,1.28
710220,廣閎科國泰61購02,0,,,,
710221,凡甲富邦63購01,0,,,,
710222,立碁富邦5C購02,0,,,,
710223,智通*富邦62購02,96230,0.73,0.75,0.65,0.65
710224,宜鼎群益5C購05,0,,,,
710225,威剛群益5C購07,0,,,,
710226,威剛群益62購02,0,,,,
710227,宣德群益5C購01,0,,,,
710228,家登群益63購01,0,,,,
710229,凱崴群益5C購01,0,,,,
710230,博智群益5C購01,0,,,,
710231,富喬群益5C購04,82800,2.76,2.76,2.76,2.76
710232,群聯群益5C購08,0,,,,
710233,群聯群益5C購09,0,,,,
710234,群聯群益61購05,0,,,,
710235,雙鴻群益62購02,135000,4.5,4.5,4.5,4.5
710236,威剛中信66購01,11100,0.38,0.38,0.36,0.36
710237,富喬中信66購01,6800,0.68,0.68,0.68,0.68
710238,大中永豐5C購01,0,,,,
710239,中光電永豐61購01,0,,,,
710240,世界永豐5C購02,0,,,,
710241,台半永豐61購03,0,,,,
710242,宜鼎永豐61購02,3150,0.21,0.21,0.21,0.21
710243,原相永豐61購01,0,,,,
710244,達航永豐63購01,0,,,,
710245,漢達永豐64購01,0,,,,
710246,台半元大5C購09,0,,,,
710247,台半元大63購03,194640,0.35,0.37,0.34,0.36
710248,宏捷科元大5C購04,0,,,,
710249,佳邦元大5C購01,0,,,,
710250,朋程元大5C購02,0,,,,
710251,欣銓元大5C購02,195160,0.91,0.92,0.88,0.88
710252,欣銓元大5C購03,170140,0.64,0.67,0.64,0.67
710253,家登元大5C購05,52300,0.85,0.85,0.81,0.81
710254,家登元大66購01,121510,0.9,0.9,0.89,0.89
710255,臺慶科元大5C購05,0,,,,
710256,台半國票61購04,570,0.19,0.19,0.19,0.19
710257,台半國票61購05,1500,0.15,0.15,0.15,0.15
710258,青雲國票5C購01,70660,0.49,0.49,0.45,0.45
710259,大中台新61購01,0,,,,
710260,台半台新5C購05,0,,,,
710261,晶焱台新5C購06,0,,,,
710262,漢達台新5C購01,32800,3.28,3.28,3.28,3.28
710263,臺慶科台新5C購03,20000,0.1,0.1,0.1,0.1
710264,世界凱基5C購07,0,,,,
710265,台半凱基5C購05,0,,,,
710266,朋程凱基5C購03,0,,,,
710267,富喬凱基63購01,43620,0.68,0.68,0.6,0.6
710268,群聯凱基5C購09,0,,,,
710269,漢達凱基5C購01,1370,1.37,1.37,1.37,1.37
710270,精材凱基63購01,136430,1.1,1.13,1.04,1.05
710271,世界國泰61購01,0,,,,
710272,穩得國泰61購01,19580,0.89,0.89,0.89,0.89
710273,中光電富邦62購02,0,,,,
710274,台半富邦63購03,0,,,,
710275,朋程富邦63購03,0,,,,
710276,FH中5G群益5C購01,1100,0.11,0.11,0.11,0.11
710277,大中群益5C購01,0,,,,
710278,中光電群益5C購01,0,,,,
710279,中光電群益5C購02,0,,,,
710280,世界群益5C購04,0,,,,
710281,台半群益62購03,0,,,,
710282,尼克森群益61購01,0,,,,
710283,宏捷科群益5C購03,0,,,,
710284,朋程群益5C購01,0,,,,
710285,茂達群益5C購01,0,,,,
710286,榮剛群益61購01,0,,,,
710287,精材群益61購01,38880,2.16,2.16,2.16,2.16
710288,世界元大5C購08,0,,,,
710289,朋程元大5C購03,0,,,,
710290,博盛元大5C購01,147000,0.42,0.42,0.42,0.42
710291,世界台新5C購01,0,,,,
710292,萬泰科台新5C購01,0,,,,
710293,大中國票5C購01,0,,,,
710294,天品國票5C購01,33540,0.43,0.43,0.43,0.43
710295,世界國票61購02,0,,,,
710296,立碁國票61購01,242530,1.65,1.68,1.59,1.63
710297,亞通國票5C購01,1682110,1.46,1.65,1.46,1.61
710298,朋程國票5C購02,0,,,,
710299,杰力國票61購02,0,,,,
710300,博盛國票61購02,0,,,,
710301,晶宏國票61購01,520080,0.92,1.0,0.91,0.96
710302,漢達國票63購01,0,,,,
710303,寶雅國票61購02,124440,1.05,1.06,1.04,1.04
710304,大中凱基5C購01,0,,,,
710305,中光電凱基5C購01,70,0.07,0.07,0.07,0.07
710306,中光電凱基5C購02,0,,,,
710307,世界凱基63購02,0,,,,
710308,宏捷科凱基5C購04,0,,,,
710309,欣銓凱基5C購01,0,,,,
710310,青雲凱基5C購01,144490,0.39,0.39,0.33,0.33
710311,威剛凱基61購02,0,,,,
710312,茂達凱基5C購02,0,,,,
710313,家登凱基5C購04,0,,,,
710314,家登凱基5C購05,0,,,,
710315,臺慶科凱基5C購07,0,,,,
710316,聖暉*群益5C購03,0,,,,
710317,台嘉碩國泰61購01,0,,,,
710318,宜鼎國泰62購01,0,,,,
710319,朋程國泰61購01,0,,,,
710320,原相國泰61購01,19470,0.59,0.59,0.59,0.59
710321,博盛國泰61購01,0,,,,
710322,世界富邦5C購04,5550,0.15,0.15,0.15,0.15
710323,宜鼎富邦5C購05,0,,,,
710324,信紘科永豐5C購01,0,,,,
710325,順達永豐5C購02,0,,,,
710326,順達永豐5C購03,0,,,,
710327,順達永豐5C購04,0,,,,
710328,群聯永豐64購06,0,,,,
710329,群聯永豐66購01,0,,,,
710330,鴻呈永豐5C購01,0,,,,
710331,中光電台新5C購01,0,,,,
710332,中光電台新5C購02,26200,0.12,0.12,0.11,0.11
710333,亞信台新5C購01,0,,,,
710334,精材台新61購01,65400,3.27,3.27,3.27,3.27
710335,精材台新61購02,44550,2.97,2.97,2.97,2.97
710336,亞通凱基5C購01,56200,1.13,1.37,1.13,1.29
710337,朋程凱基5C購04,0,,,,
710338,聖暉*凱基5C購03,0,,,,
710339,宜鼎元大5C購15,455710,0.46,0.48,0.46,0.47
710340,富喬元大65購01,3524610,1.59,1.59,1.46,1.46
710341,漢達元大5C購01,37690,1.16,1.22,1.05,1.05
710342,精材元大5C購05,90400,2.83,2.87,2.79,2.79
710343,臺慶科元大5C購06,0,,,,
710344,宜特永豐64購01,0,,,,
710345,朋程永豐5C購03,0,,,,
710346,朋程永豐5C購04,0,,,,
710347,威剛永豐64購02,590,0.59,0.59,0.59,0.59
710348,威剛永豐66購01,0,,,,
710349,富喬永豐5C購03,267350,1.15,1.22,1.09,1.09
710350,漢達永豐5C購01,378580,1.13,1.23,1.12,1.12
710351,雙鴻永豐63購03,536610,1.3,1.38,1.12,1.12
710352,寶雅永豐5C購01,30240,1.12,1.12,1.12,1.12
710353,鏵友益永豐64購01,0,,,,
710354,精材中信64購01,74170,0.97,0.98,0.92,0.92
710355,大世科國票61購01,0,,,,
710356,元山國票61購01,760,0.38,0.38,0.38,0.38
710357,世界國票61購03,0,,,,
710358,安葆國票61購01,59220,0.94,0.94,0.94,0.94
710359,亞信國票61購01,0,,,,
710360,明安國票61購01,0,,,,
710361,桓達國票61購01,0,,,,
710362,神準國票61購01,0,,,,
710363,晶焱國票5C購02,0,,,,
710364,智擎國票61購01,410,0.41,0.41,0.41,0.41
710365,聖暉*國票61購04,0,,,,
710366,漢達國票65購01,96170,1.14,1.21,1.12,1.14
710367,精材國票61購02,0,,,,
710368,鈊象群益5C購01,0,,,,
710369,富喬國泰61購01,70860,1.43,1.43,1.35,1.35
710370,漢達國泰61購02,0,,,,
710371,世界凱基5C購08,0,,,,
710372,宜鼎凱基5C購08,0,,,,
710373,群聯凱基5C購10,153660,0.34,0.35,0.33,0.35
710374,群聯凱基61購06,0,,,,
710375,精材凱基5C購05,603470,1.84,1.88,1.71,1.71
710376,世界台新5C購03,2100,0.21,0.21,0.21,0.21
710377,巨有台新5C購01,0,,,,
710378,巨有台新5C購02,97370,1.98,2.33,1.98,2.33
710379,東浦台新5C購04,0,,,,
710380,東浦台新5C購05,0,,,,
710381,杰力台新5C購01,0,,,,
710382,青雲台新5C購01,13600,0.46,0.46,0.45,0.45
710383,能率亞台新5C購01,0,,,,
710384,中光電元大5C購01,0,,,,
710385,宜鼎元大5C購16,310230,0.39,0.4,0.38,0.4
710386,富喬元大65購02,272080,1.38,1.44,1.34,1.34
710387,精材元大5C購06,49020,3.09,3.09,3.06,3.06
710388,精材元大5C購07,258580,2.13,2.16,2.01,2.01
710389,精材元大61購08,136670,2.59,2.59,2.55,2.59
710390,精材元大61購09,113550,2.55,2.61,2.41,2.41
710391,精材元大63購04,57540,2.32,2.32,2.22,2.22
710392,世界中信63購01,0,,,,
710393,久元永豐5C購03,0,,,,
710394,久元永豐5C購04,0,,,,
710395,世禾永豐5C購01,0,,,,
710396,世界永豐5C購03,0,,,,
710397,巨有永豐5C購02,137550,1.21,1.3,1.21,1.25
710398,安勤永豐63購01,0,,,,
710399,均豪永豐5C購03,11110,1.01,1.01,1.01,1.01
710400,均豪永豐5C購04,7770,1.11,1.11,1.11,1.11
710401,宏觀永豐5C購02,34050,0.35,0.35,0.31,0.31
710402,宏觀永豐5C購03,0,,,,
710403,晶焱永豐5C購01,0,,,,
710404,晶焱永豐5C購02,0,,,,
710405,智通*永豐63購01,0,,,,
710406,湧德永豐5C購01,10830,0.57,0.57,0.57,0.57
710407,湧德永豐5C購02,13260,0.51,0.51,0.51,0.51
710408,聖暉*永豐5C購03,0,,,,
710409,聖暉*永豐5C購04,0,,,,
710410,精材永豐5C購03,0,,,,
710411,精材永豐5C購04,0,,,,
710412,精材永豐63購02,84400,3.6,3.6,3.4,3.4
710413,優群永豐5C購02,0,,,,
710414,雙鴻永豐5C購05,251220,1.58,1.58,1.58,1.58
710415,世界國票61購04,0,,,,
710416,巨有國票5C購01,279840,1.57,1.75,1.57,1.72
710417,巨有國票5C購02,0,,,,
710418,宇峻國票61購01,0,,,,
710419,安勤國票61購02,0,,,,
710420,青雲國票5C購02,39610,0.32,0.33,0.29,0.3
710421,能率國票61購01,0,,,,
710422,精材國票61購03,0,,,,
710423,鑫科國票5C購01,0,,,,
710424,巨有群益5C購01,88900,2.5,2.65,2.5,2.59
710425,智通*群益5C購01,0,,,,
710426,智通*群益63購01,237440,1.58,1.58,1.39,1.39
710427,東浦國泰61購01,25000,0.5,0.5,0.5,0.5
710428,杰力國泰61購01,0,,,,
710429,精材國泰61購01,493480,3.76,3.9,3.76,3.9
710430,威剛富邦5C購02,0,,,,
710431,精材富邦5C購01,57600,1.28,1.28,1.28,1.28
710432,安勤凱基62購01,0,,,,
710433,系微凱基5C購01,19000,0.19,0.19,0.19,0.19
710434,宜鼎凱基5C購09,390,0.39,0.39,0.39,0.39
710435,能率凱基62購01,3640,0.28,0.28,0.28,0.28
710436,富喬凱基63購02,0,,,,
710437,智通*凱基5C購01,0,,,,
710438,群聯凱基5C購11,0,,,,
710439,群聯凱基5C購12,0,,,,
710440,鑫科凱基5C購01,0,,,,
710441,中美晶元大5C購12,150280,1.45,1.6,1.45,1.59
710442,世界元大66購03,14280,0.68,0.68,0.68,0.68
710443,宜鼎元大5C購17,337920,0.75,0.77,0.74,0.77
710444,能率亞元大5C購01,0,,,,
710445,富喬元大5C購04,43580,1.1,1.15,1.08,1.08
710446,智通*元大5C購01,99960,0.86,0.88,0.86,0.86
710447,智通*元大5C購02,186900,0.68,0.69,0.6,0.6
710448,智通*元大63購01,143180,0.7,0.71,0.62,0.62
710449,五福國票64購01,0,,,,
710450,璟德國票64購01,20240,0.46,0.46,0.46,0.46
710451,磐儀國票64購01,0,,,,
710452,中光電國票61購01,0,,,,
710453,宜鼎國票62購01,3500,0.35,0.35,0.35,0.35
710454,竹陞國票64購01,51120,0.74,0.74,0.7,0.7
710455,崴寶國票64購01,0,,,,
710456,富強鑫國票62購01,157900,0.83,0.84,0.82,0.82
710457,千附國票64購01,590,0.59,0.59,0.59,0.59
710458,智通*國票61購01,0,,,,
710459,智通*國票61購02,0,,,,
710460,久元永豐5C購05,0,,,,
710461,久元永豐63購01,0,,,,
710462,久元永豐66購01,0,,,,
710463,中光電永豐5C購01,0,,,,
710464,系統電永豐5C購02,0,,,,
710465,營邦永豐5C購01,282100,1.82,1.82,1.82,1.82
710466,營邦永豐5C購02,30000,1.5,1.5,1.5,1.5
710467,宏觀台新5C購02,0,,,,
710468,聖暉*台新5C購06,0,,,,
710469,聖暉*台新5C購07,0,,,,
710470,能率國泰63購01,0,,,,
710471,久元富邦63購01,0,,,,
710472,原相富邦5C購01,1620,0.27,0.27,0.27,0.27
710473,達航富邦62購01,0,,,,
710474,營邦富邦63購02,0,,,,
710475,營邦富邦63購03,25300,1.11,1.11,1.09,1.09
710476,巨有群益5C購02,52480,1.73,1.98,1.73,1.88
710477,世界元大61購01,0,,,,
710478,世界元大66購04,113320,0.68,0.69,0.67,0.67
710479,世界元大67購01,6400,0.64,0.64,0.64,0.64
710480,巨有元大61購01,863450,0.9,1.06,0.9,0.97
710481,宜鼎元大61購05,14100,0.71,0.71,0.7,0.7
710482,富喬元大61購06,591270,1.25,1.38,1.25,1.26
710483,富喬元大62購01,630060,1.14,1.26,1.11,1.2
710484,富喬元大62購02,1709040,1.26,1.26,1.21,1.21
710485,臺慶科元大61購01,223060,0.38,0.38,0.38,0.38
710486,千附精台新61購01,374250,0.75,0.75,0.75,0.75
710487,元太台新61購01,0,,,,
710488,竹陞台新61購01,10810,1.01,1.01,0.98,0.98
710489,譜瑞台新61購01,1680,0.84,0.84,0.84,0.84
710490,譜瑞台新61購02,1520,0.76,0.76,0.76,0.76
710491,千附精凱基61購01,64000,0.66,0.68,0.62,0.62
710492,千附精凱基61購02,171250,0.55,0.57,0.53,0.53
710493,中光電凱基61購01,0,,,,
710494,元太凱基61購02,0,,,,
710495,元太凱基61購03,0,,,,
710496,元太凱基61購04,0,,,,
710497,元太凱基61購05,0,,,,
710498,元太凱基61購06,0,,,,
710499,世紀*凱基61購01,0,,,,
710500,竹陞凱基61購01,1722000,0.87,0.87,0.74,0.75
710501,原相凱基61購01,1800,0.18,0.18,0.18,0.18
710502,譜瑞凱基61購02,5100,0.58,0.58,0.55,0.55
710503,譜瑞凱基61購03,0,,,,
710504,譜瑞凱基61購04,0,,,,
710505,譜瑞凱基61購05,0,,,,
710506,千附精群益61購01,196340,0.65,0.66,0.63,0.63
710507,譜瑞群益61購01,0,,,,
710508,91APP*國票62購01,198000,0.45,0.45,0.45,0.45
710509,千附精國票62購01,0,,,,
710510,世紀*國票62購01,7960,3.74,4.22,3.74,4.22
710511,竹陞國票62購01,24880,0.62,0.62,0.57,0.58
710512,宜鼎國票62購02,3900,0.39,0.39,0.39,0.39
710513,長佳智國票62購01,0,,,,
710514,長聖國票62購01,0,,,,
710515,威剛國票62購02,0,,,,
710516,建榮國票61購01,1910,0.39,0.39,0.37,0.37
710517,昱展國票62購01,0,,,,
710518,茂迪國票62購01,0,,,,
710519,訊聯國票62購01,0,,,,
710520,博士旺國票61購01,314370,0.63,0.63,0.63,0.63
710521,精星國票62購01,0,,,,
710522,雙鴻國票62購01,0,,,,
710523,譜瑞國票62購01,0,,,,
710524,元太中信61購01,0,,,,
710525,久元永豐64購01,0,,,,
710526,大江永豐61購01,10450,0.55,0.55,0.55,0.55
710527,元太永豐61購02,0,,,,
710528,元太永豐61購03,21280,0.38,0.38,0.38,0.38
710529,邑錡永豐64購01,0,,,,
710530,威剛永豐61購04,110000,0.55,0.55,0.55,0.55
710531,威剛永豐61購05,0,,,,
710532,鈊象永豐65購01,7200,0.72,0.72,0.72,0.72
710533,勤凱永豐65購01,4100,0.41,0.41,0.41,0.41
710534,新普永豐61購01,0,,,,
710535,譜瑞永豐61購01,0,,,,
710536,譜瑞永豐61購02,0,,,,
710537,譜瑞永豐61購03,0,,,,
710538,譜瑞永豐61購04,0,,,,
710539,譜瑞永豐64購01,47400,0.79,0.79,0.79,0.79
710540,譜瑞永豐64購02,35640,0.66,0.66,0.66,0.66
710541,譜瑞永豐67購01,12320,1.06,1.06,1.02,1.02
710542,久元國泰62購01,0,,,,
710543,久元國泰62購02,429580,0.4,0.45,0.4,0.45
710544,中光電國泰62購01,0,,,,
710545,巨有國泰62購01,1129530,2.19,2.39,2.12,2.23
710546,竹陞國泰62購01,167860,1.66,1.76,1.59,1.59
710547,青雲國泰62購01,353980,0.72,0.72,0.64,0.64
710548,青雲國泰62購02,1054580,0.58,0.59,0.52,0.54
710549,智通*國泰62購01,130300,1.15,1.15,1.12,1.12
710550,元太富邦64購01,0,,,,
710551,安勤富邦62購01,0,,,,
710552,譜瑞富邦63購01,101740,0.37,0.38,0.36,0.36
710553,譜瑞富邦64購01,235400,0.39,0.39,0.37,0.37
710554,宜鼎中信61購02,0,,,,
710555,中光電永豐61購02,0,,,,
710556,竹陞永豐61購01,0,,,,
710557,竹陞永豐64購01,3660,1.22,1.22,1.22,1.22
710558,竹陞永豐65購01,156510,0.92,0.92,0.87,0.87
710559,均豪永豐64購01,134610,0.7,0.71,0.7,0.71
710560,宏捷科永豐61購01,0,,,,
710561,宜鼎永豐61購03,99210,0.48,0.48,0.46,0.46
710562,宜鼎永豐64購02,52240,0.53,0.54,0.53,0.54
710563,威剛永豐61購06,0,,,,
710564,威剛永豐61購07,0,,,,
710565,茂達永豐61購02,45450,0.34,0.34,0.32,0.32
710566,家登永豐61購02,94000,0.94,0.94,0.94,0.94
710567,富喬永豐61購03,125510,0.62,0.69,0.62,0.62
710568,富喬永豐66購02,119960,1.06,1.09,1.03,1.03
710569,群翊永豐61購01,0,,,,
710570,群聯永豐61購02,0,,,,
710571,群聯永豐61購03,0,,,,
710572,群聯永豐65購06,0,,,,
710573,雙鴻永豐61購05,185140,1.66,1.74,1.57,1.62
710574,雙鴻永豐66購02,37820,1.7,1.72,1.7,1.72
710575,雙鴻永豐67購01,23500,2.35,2.35,2.35,2.35
710576,中光電元大61購01,0,,,,
710577,中光電元大61購02,0,,,,
710578,中光電元大61購03,54900,0.5,0.51,0.49,0.51
710579,世界元大64購08,0,,,,
710580,世界元大66購05,6200,0.31,0.31,0.31,0.31
710581,均豪元大61購01,215340,0.31,0.31,0.3,0.3
710582,宏捷科元大67購01,147620,0.61,0.61,0.61,0.61
710583,佳邦元大61購01,0,,,,
710584,欣銓元大61購01,421250,0.95,0.99,0.94,0.94
710585,原相元大61購01,0,,,,
710586,富喬元大64購03,626890,0.77,0.84,0.77,0.77
710587,富喬元大65購03,679770,0.92,0.95,0.87,0.87
710588,群聯元大64購06,0,,,,
710589,臺慶科元大61購02,0,,,,
710590,中美晶群益64購01,99840,0.64,0.64,0.64,0.64
710591,竹陞群益61購01,204380,0.47,0.5,0.47,0.47
710592,均豪群益61購01,227320,0.91,0.93,0.91,0.93
710593,佳邦群益61購01,0,,,,
710594,宜特群益61購01,40100,0.94,0.94,0.91,0.91
710595,青雲群益62購01,115880,2.13,2.13,2.01,2.01
710596,臺慶科群益61購01,0,,,,
710597,中美晶國泰63購01,197610,1.28,1.33,1.23,1.23
710598,家登國泰62購01,20240,0.88,0.88,0.88,0.88
710599,凡甲富邦63購02,11700,0.39,0.39,0.39,0.39
710600,中光電富邦63購01,0,,,,
710601,宏觀富邦63購01,0,,,,
710602,茂達富邦63購01,0,,,,
710603,耕興富邦63購01,0,,,,
710604,湧德富邦63購01,30360,0.54,0.54,0.52,0.52
710605,中光電凱基61購02,46500,0.1,0.1,0.09,0.09
710606,巨有凱基61購01,30940,0.82,0.93,0.81,0.81
710607,宜鼎凱基61購01,35000,0.17,0.18,0.17,0.18
710608,富喬凱基61購04,164580,0.89,0.89,0.73,0.74
710609,臺慶科凱基61購02,0,,,,
710610,雙鴻凱基64購01,0,,,,
710611,中美晶台新61購02,0,,,,
710612,宜特台新61購02,0,,,,
710613,宜鼎台新61購03,126260,0.48,0.49,0.48,0.49
710614,原相台新61購01,0,,,,
710615,原相台新61購02,0,,,,
710616,原相台新61購03,0,,,,
710617,鈊象台新61購01,0,,,,
710618,群聯台新61購01,0,,,,
710619,九暘元大61購01,54760,0.37,0.37,0.37,0.37
710620,中光電元大61購04,0,,,,
710621,台嘉碩元大61購01,0,,,,
710622,安可元大61購01,0,,,,
710623,竹陞元大61購01,213540,0.66,0.66,0.63,0.63
710624,宜鼎元大61購06,451430,0.56,0.59,0.56,0.57
710625,松上元大61購01,0,,,,
710626,品安元大61購01,0,,,,
710628,晟田元大61購01,0,,,,
710629,堡達元大61購01,0,,,,
710630,富喬元大61購08,661670,0.91,1.0,0.87,0.87
710631,富喬元大64購04,1775270,0.75,0.82,0.72,0.72
710632,碩禾元大61購03,120000,0.1,0.1,0.1,0.1
710633,臺慶科元大64購01,268020,0.58,0.59,0.57,0.57
710634,臺慶科元大67購01,106000,0.5,0.5,0.5,0.5
710635,寶雅元大61購01,30220,1.63,1.74,1.63,1.74
710636,川寶國票65購01,1140,0.38,0.38,0.38,0.38
710637,中美晶國票61購04,18000,0.36,0.36,0.36,0.36
710638,中裕國票65購01,63600,0.53,0.53,0.53,0.53
710639,日揚國票65購01,0,,,,
710640,安可國票61購01,0,,,,
710641,金雨國票65購01,0,,,,
710642,品安國票65購01,0,,,,
710643,威潤國票65購01,0,,,,
710644,茂達國票65購01,0,,,,
710645,泰藝國票61購01,0,,,,
710646,晟田國票61購01,2850,0.95,0.95,0.95,0.95
710647,崇越電國票65購01,0,,,,
710648,富強鑫國票65購01,21000,0.7,0.7,0.7,0.7
710649,瑞耘國票65購01,14000,0.7,0.7,0.7,0.7
710650,精拓科國票65購01,2350,0.47,0.47,0.47,0.47
710651,廣積國票65購01,25800,0.86,0.86,0.86,0.86
710652,璟德國票65購01,24000,0.48,0.48,0.48,0.48
710653,中光電群益61購01,0,,,,
710654,中美晶群益63購01,0,,,,
710655,世紀*群益62購01,0,,,,
710656,台嘉碩群益61購01,0,,,,
710657,台嘉碩群益61購02,0,,,,
710658,巨漢群益61購01,0,,,,
710659,宜鼎群益61購01,0,,,,
710660,東浦群益61購01,0,,,,
710661,東浦群益61購02,0,,,,
710662,國眾群益64購01,0,,,,
710663,堡達群益61購01,0,,,,
710664,晶宏群益61購01,1008900,1.04,1.21,1.03,1.13
710665,陽程群益61購01,0,,,,
710666,九暘凱基61購01,0,,,,
710667,川寶凱基61購01,17560,0.3,0.3,0.28,0.28
710668,中美晶凱基61購06,10140,0.75,0.75,0.66,0.66
710669,日揚凱基61購01,0,,,,
710670,世界凱基66購01,45000,0.41,0.41,0.4,0.4
710671,加高凱基61購01,0,,,,
710672,加高凱基61購02,0,,,,
710673,台嘉碩凱基61購01,0,,,,
710674,台嘉碩凱基61購02,0,,,,
710675,全宇昕凱基61購01,0,,,,
710676,邑錡凱基61購01,10500,0.27,0.27,0.26,0.26
710677,奇鈦科凱基61購01,400,0.2,0.2,0.2,0.2
710678,東浦凱基61購01,0,,,,
710679,杰力凱基61購01,0,,,,
710680,茂達凱基61購01,0,,,,
710681,泰藝凱基61購01,0,,,,
710682,高僑凱基61購01,0,,,,
710683,崇越電凱基61購01,2040,0.51,0.51,0.51,0.51
710684,堡達凱基61購01,0,,,,
710685,晶宏凱基61購01,306610,1.17,1.21,1.07,1.13
710686,越峰凱基61購01,0,,,,
710687,陽程凱基61購02,362850,2.54,2.61,2.16,2.16
710688,碩禾凱基61購01,6500,0.13,0.13,0.13,0.13
710689,中光電台新61購01,0,,,,
710690,中光電台新61購02,0,,,,
710691,中美晶台新61購03,317050,0.67,0.67,0.63,0.63
710692,中美晶台新63購02,0,,,,
710693,世界台新61購01,130000,0.26,0.26,0.26,0.26
710694,台嘉碩台新61購01,0,,,,
710695,台嘉碩台新61購02,0,,,,
710696,巨漢台新61購01,0,,,,
710697,巨漢台新61購02,0,,,,
710698,全宇昕台新61購01,0,,,,
710699,欣銓台新61購01,23040,0.64,0.64,0.64,0.64
710700,欣銓台新61購02,660,0.66,0.66,0.66,0.66
710701,威剛台新61購02,0,,,,
710702,家登台新61購01,0,,,,
710703,家登台新64購01,0,,,,
710704,威剛中信61購01,0,,,,
710705,九暘永豐61購01,12000,0.24,0.24,0.24,0.24
710706,久禾光永豐61購01,0,,,,
710707,川寶永豐61購01,0,,,,
710708,加高永豐61購01,0,,,,
710709,台嘉碩永豐61購01,0,,,,
710710,巨漢永豐61購01,0,,,,
710711,立盈永豐61購01,0,,,,
710712,全宇昕永豐61購01,0,,,,
710713,利機永豐61購01,0,,,,
710714,良維永豐61購01,0,,,,
710715,奇鈦科永豐61購01,35000,0.17,0.18,0.17,0.18
710716,奇鈦科永豐61購02,6000,0.2,0.2,0.2,0.2
710717,東浦永豐61購01,0,,,,
710718,杰力永豐61購01,0,,,,
710719,欣銓永豐64購02,0,,,,
710720,信音永豐61購01,0,,,,
710721,泰藝永豐61購01,0,,,,
710722,泰藝永豐61購02,0,,,,
710723,崇越電永豐61購01,0,,,,
710724,崇越電永豐61購02,0,,,,
710725,堡達永豐61購01,0,,,,
710726,堡達永豐64購01,1000,0.5,0.5,0.5,0.5
710727,晶宏永豐61購01,42700,1.25,1.43,1.25,1.36
710728,華洋永豐61購01,97500,0.39,0.39,0.39,0.39
710729,越峰永豐61購01,8080,0.08,0.08,0.08,0.08
710730,陽程永豐61購01,31200,2.08,2.08,2.08,2.08
710731,碩禾永豐61購01,0,,,,
710732,精星永豐61購01,0,,,,
710733,寬魚永豐61購01,0,,,,
710734,寬魚永豐61購02,0,,,,
710735,威剛國泰62購01,0,,,,
710736,立碁富邦61購01,9420,1.57,1.57,1.57,1.57
710737,均豪富邦61購02,0,,,,
710738,中光電國票61購02,0,,,,
710739,中美晶國票65購01,0,,,,
710740,竹陞國票65購01,0,,,,
710741,松上國票61購01,0,,,,
710742,欣銓國票61購03,0,,,,
710743,青雲國票61購01,5850,1.17,1.17,1.17,1.17
710744,盈正國票65購01,448910,0.46,0.46,0.44,0.44
710745,茂達國票65購02,0,,,,
710746,家登國票61購01,0,,,,
710747,堡達國票61購01,0,,,,
710748,翔名國票65購01,8490,0.43,0.43,0.42,0.42
710749,華洋國票65購01,0,,,,
710750,勤凱國票61購01,0,,,,
710751,頎邦國票65購01,751080,0.78,0.84,0.78,0.79
710752,璟德國票61購01,0,,,,
710753,擎邦國票61購01,0,,,,
710754,耀穎國票65購01,104390,0.57,0.57,0.5,0.55
710756,大中元大67購01,0,,,,
710757,加高元大61購01,0,,,,
710758,佳邦元大61購02,0,,,,
710761,華景電元大64購01,0,,,,
710762,聖暉*元大61購02,0,,,,
710763,頎邦元大61購01,31370,1.06,1.08,1.0,1.0
710764,璟德元大61購02,0,,,,
710765,大中凱基61購01,0,,,,
710766,竹陞凱基61購02,1411690,0.31,0.34,0.28,0.29
710767,宜特凱基61購03,0,,,,
710768,欣銓凱基61購02,3000,0.75,0.75,0.75,0.75
710769,茂達凱基61購02,0,,,,
710770,富喬凱基61購05,113360,1.04,1.04,1.04,1.04
710771,聖暉*凱基61購02,0,,,,
710772,璟德凱基64購01,0,,,,
710773,中美晶永豐61購01,0,,,,
710774,中美晶永豐61購02,0,,,,
710775,元太永豐61購04,0,,,,
710776,台嘉碩永豐61購02,0,,,,
710777,竹陞永豐63購01,0,,,,
710778,宜鼎永豐66購01,270620,0.78,0.79,0.78,0.78
710779,昇佳電永豐61購01,0,,,,
710780,茂達永豐64購01,0,,,,
710781,能率亞永豐61購01,0,,,,
710782,高僑永豐61購01,0,,,,
710783,閎康永豐61購02,10320,0.43,0.43,0.43,0.43
710784,新漢永豐61購01,38400,0.6,0.6,0.6,0.6
710785,頎邦永豐61購02,321540,0.55,0.62,0.55,0.55
710786,頎邦永豐64購01,105400,1.0,1.08,1.0,1.01
710787,璟德永豐61購02,0,,,,
710788,寶雅永豐61購01,1460,0.73,0.73,0.73,0.73
710789,大中台新61購02,0,,,,
710790,巨有台新61購01,55200,0.92,0.92,0.92,0.92
710791,立碁台新61購01,148890,1.85,1.85,1.77,1.77
710792,竹陞台新61購02,99200,0.62,0.62,0.62,0.62
710793,宜鼎台新61購04,0,,,,
710794,晟田台新61購01,22920,0.72,0.73,0.69,0.69
710795,新漢台新61購01,0,,,,
710796,新漢台新64購01,0,,,,
710797,群聯台新61購02,20700,1.38,1.38,1.38,1.38
710798,中美晶富邦61購02,730,0.37,0.37,0.36,0.36
710799,欣銓富邦61購01,7730,0.32,0.32,0.28,0.28
710800,陽程富邦61購01,0,,,,
710801,頎邦富邦63購01,559660,0.54,0.58,0.54,0.54
710802,頎邦富邦64購01,88160,0.58,0.58,0.58,0.58
710803,久元群益63購01,0,,,,
710804,大中群益61購01,0,,,,
710805,中美晶群益61購01,140480,1.63,1.82,1.63,1.82
710806,世界群益61購02,79200,0.78,0.8,0.78,0.78
710807,台特化群益61購01,81600,0.68,0.68,0.68,0.68
710808,均豪群益61購02,71680,1.22,1.22,1.21,1.21
710809,良維群益61購03,288140,1.12,1.22,1.07,1.07
710810,杰力群益61購01,0,,,,
710811,威剛群益61購04,0,,,,
710812,茂達群益61購01,0,,,,
710813,能率群益61購01,410,0.41,0.41,0.41,0.41
710814,翔名群益61購01,0,,,,
710815,鈊象群益64購01,23560,0.19,0.19,0.19,0.19
710816,群聯群益67購02,249870,1.43,1.48,1.43,1.48
710817,頎邦群益61購01,538340,0.66,0.72,0.66,0.67
710818,頎邦群益61購02,44500,0.55,0.56,0.54,0.54
710819,雙鴻群益61購01,244190,3.96,3.96,3.3,3.3
710820,中光電凱基61購03,0,,,,
710821,世紀*凱基61購02,0,,,,
710822,良維凱基61購02,302110,1.11,1.13,0.93,0.93
710823,昇佳電凱基61購01,0,,,,
710824,家登凱基61購01,0,,,,
710825,翔名凱基61購01,0,,,,
710826,頎邦凱基61購01,962370,0.3,0.38,0.28,0.3
710827,精材凱基61購06,0,,,,
710828,竹陞台新61購03,993400,0.52,0.55,0.47,0.47
710829,朋程台新61購01,0,,,,
710830,朋程台新62購01,0,,,,
710831,朋程台新63購01,1030,1.03,1.03,1.03,1.03
710832,朋程台新64購01,0,,,,
710833,博大台新61購01,0,,,,
710834,群聯台新61購03,0,,,,
710835,群聯台新67購01,0,,,,
710836,群聯台新67購02,0,,,,
710837,頎邦台新61購01,854010,0.85,0.94,0.84,0.85
710838,頎邦台新61購02,3687590,0.61,0.83,0.61,0.73
710839,驊訊台新61購01,0,,,,
710840,驊訊台新61購02,0,,,,
710841,力致永豐61購01,0,,,,
710842,中美晶永豐65購02,0,,,,
710843,世紀*永豐61購01,0,,,,
710844,神準永豐65購01,0,,,,
710845,翔名永豐61購01,0,,,,
710846,翔名永豐65購01,0,,,,
710847,榮剛永豐61購01,122760,0.62,0.62,0.62,0.62
710848,榮剛永豐61購02,0,,,,
710849,九暘國票65購01,900,0.3,0.3,0.3,0.3
710850,大中國票61購01,2200,0.22,0.22,0.22,0.22
710851,中菲行國票65購01,0,,,,
710852,友威科國票65購01,112160,0.42,0.5,0.42,0.46
710853,全宇昕國票65購01,0,,,,
710854,竹陞國票66購01,1120,0.56,0.56,0.56,0.56
710855,邑錡國票61購01,0,,,,
710856,邑錡國票63購01,0,,,,
710857,尚凡*國票65購01,0,,,,
710858,易發國票65購01,0,,,,
710859,昇佳電國票65購01,0,,,,
710860,佶優國票61購01,0,,,,
710861,佶優國票63購01,0,,,,
710862,茂訊國票65購01,0,,,,
710863,原相國票61購01,0,,,,
710864,振曜國票65購01,17400,0.29,0.29,0.29,0.29
710865,泰詠國票65購01,0,,,,
710866,健喬國票65購01,0,,,,
710867,國眾國票65購01,0,,,,
710868,博大國票65購01,0,,,,
710869,普萊德國票65購01,7380,0.41,0.41,0.41,0.41
710870,晶宏國票65購01,211270,1.02,1.11,1.01,1.06
710871,越峰國票65購01,0,,,,
710872,萬泰科國票61購02,0,,,,
710873,碩禾國票65購01,0,,,,
710874,聚和國票61購02,0,,,,
710875,鐿鈦國票65購01,11800,0.59,0.59,0.59,0.59
710876,竹陞國泰63購01,0,,,,
710877,青雲國泰62購03,0,,,,
710878,茂達國泰62購01,0,,,,
710879,精材國泰62購01,59980,3.14,3.18,3.14,3.18
710880,大中富邦61購01,0,,,,
710881,宜鼎富邦61購02,0,,,,
710882,中光電群益61購02,0,,,,
710883,宜鼎群益61購02,0,,,,
710884,宜鼎群益61購03,0,,,,
710885,威剛群益61購05,0,,,,
710886,建榮群益62購01,5000,0.5,0.5,0.5,0.5
710887,群聯群益67購03,567070,2.14,2.2,2.14,2.17
710888,精材群益64購01,22700,1.43,1.43,1.35,1.35
710889,精剛群益61購01,0,,,,
710890,精剛群益61購02,0,,,,
710891,聚和群益61購01,0,,,,
710892,雙鴻群益61購02,13020,4.34,4.34,4.34,4.34
710893,中美晶元大64購01,389560,1.17,1.26,1.17,1.24
710894,中美晶元大66購04,276760,1.06,1.13,1.06,1.12
710895,台嘉碩元大61購02,0,,,,
710896,均豪元大61購02,200930,0.4,0.4,0.39,0.39
710897,宜特元大65購01,229720,0.69,0.69,0.67,0.67
710898,宜特元大67購02,128200,0.42,0.42,0.4,0.4
710899,欣銓元大61購02,123890,0.75,0.78,0.75,0.75
710900,家登元大61購02,52500,0.77,0.77,0.73,0.73
710901,能率元大61購02,0,,,,
710902,臺慶科元大64購02,107020,0.36,0.38,0.36,0.36
710903,鑫科元大61購01,9990,0.27,0.27,0.27,0.27
710904,太普高國票65購01,0,,,,
710905,安碁國票61購01,213970,1.1,1.1,0.77,0.77
710906,利機國票61購01,0,,,,
710907,杰力國票65購01,0,,,,
710908,倉和國票65購01,133800,4.46,4.46,4.46,4.46
710909,晟田國票61購02,600,0.6,0.6,0.6,0.6
710910,創泓國票61購01,71330,1.61,1.7,1.5,1.5
710911,博大國票61購01,0,,,,
710912,新普國票65購01,0,,,,
710913,聖暉*國票65購01,0,,,,
710914,類比科國票61購01,0,,,,
710915,寶雅國票61購03,545000,0.78,0.79,0.77,0.78
710916,驊訊國票61購01,0,,,,
710917,大中凱基61購02,0,,,,
710918,中美晶凱基66購01,0,,,,
710919,台嘉碩凱基61購03,0,,,,
710920,宏觀凱基61購04,0,,,,
710921,宜鼎凱基61購02,3700,0.37,0.37,0.37,0.37
710922,欣銓凱基61購03,960,0.48,0.48,0.48,0.48
710923,威剛凱基61購03,176000,0.88,0.88,0.88,0.88
710924,茂達凱基61購03,0,,,,
710925,博大凱基61購01,0,,,,
710926,群聯凱基61購07,0,,,,
710927,雙鴻凱基61購05,280980,3.37,3.37,3.03,3.03
710928,大中群益61購02,0,,,,
710929,中光電群益61購03,5800,0.06,0.06,0.05,0.05
710930,欣銓群益61購01,0,,,,
710931,茂達群益61購02,0,,,,
710932,家登群益61購04,13560,1.13,1.13,1.13,1.13
710933,新普群益61購01,0,,,,
710934,新普群益61購02,0,,,,
710935,精材群益64購02,50970,1.59,1.59,1.5,1.5
710936,中美晶國泰64購01,190070,1.06,1.2,1.06,1.09
710937,中光電富邦64購01,0,,,,
710938,威剛富邦64購01,5400,0.36,0.36,0.36,0.36
710939,茂達富邦63購02,0,,,,
710940,華電網富邦63購01,0,,,,
710941,萬泰科富邦63購02,0,,,,
710942,群聯中信67購01,0,,,,
710943,中光電永豐61購03,0,,,,
710944,艾訊永豐61購01,0,,,,
710945,杰力永豐64購01,0,,,,
710946,長聖永豐61購01,22480,0.51,0.52,0.51,0.52
710947,威剛永豐61購08,0,,,,
710948,威剛永豐64購03,0,,,,
710949,茂達永豐65購01,0,,,,
710950,倉和永豐61購01,38500,7.7,7.7,7.7,7.7
710951,倉和永豐64購01,0,,,,
710952,宸曜永豐61購01,0,,,,
710953,宸曜永豐67購01,0,,,,
710954,耕興永豐61購01,0,,,,
710955,博大永豐61購01,0,,,,
710956,智通*永豐64購01,69890,0.66,0.66,0.56,0.56
710957,新普永豐61購02,0,,,,
710958,精剛永豐61購01,1050,0.35,0.35,0.35,0.35
710959,磐儀永豐61購01,0,,,,
710960,中光電元大61購05,0,,,,
710961,中美晶元大64購02,768210,1.09,1.18,1.09,1.15
710962,中美晶元大66購05,263570,0.99,1.06,0.99,1.05
710963,世紀*元大61購01,0,,,,
710964,宜鼎元大61購07,2350,0.47,0.47,0.47,0.47
710965,晟田元大61購02,12780,0.71,0.71,0.71,0.71
710966,創惟元大61購01,0,,,,
710967,晶焱元大61購01,0,,,,
710968,翔名元大61購01,0,,,,
710969,群聯元大64購07,0,,,,
710970,頎邦元大61購02,0,,,,
710971,譜瑞元大61購03,0,,,,
710972,譜瑞元大65購03,287650,0.57,0.57,0.55,0.55
710973,久元台新61購01,0,,,,
710974,久元台新61購02,0,,,,
710975,大中台新61購03,0,,,,
710976,大中台新61購04,0,,,,
710977,中光電台新61購04,0,,,,
710978,杰力台新61購01,0,,,,
710979,宸曜台新61購01,110000,1.14,1.14,1.06,1.06
710980,博大台新61購02,0,,,,
710981,博大台新61購03,0,,,,
710982,精材台新61購03,72320,1.65,1.65,1.63,1.63
710983,立敦凱基61購01,0,,,,
710984,均豪凱基61購01,60660,0.79,0.79,0.77,0.78
710985,家登凱基61購02,62490,1.1,1.1,1.07,1.07
710986,振曜凱基61購01,0,,,,
710987,華景電凱基64購01,1800,0.36,0.36,0.36,0.36
710988,新普凱基61購01,0,,,,
710989,頎邦凱基61購02,175790,0.43,0.49,0.42,0.43
710990,精材凱基61購07,27720,4.62,4.62,4.62,4.62
710991,營邦凱基61購01,204960,1.41,1.46,1.4,1.42
710992,譜瑞凱基61購06,0,,,,
710993,寶雅凱基61購01,0,,,,
710994,欣銓台新61購03,0,,,,
710995,群聯台新61購04,0,,,,
710996,大江國票65購01,20900,0.55,0.55,0.55,0.55
710997,大學光國票61購01,480,0.48,0.48,0.48,0.48
710998,佰研國票65購01,0,,,,
710999,宜特國票61購01,0,,,,
711000,長聖國票65購01,5800,0.58,0.58,0.58,0.58
711001,能率國票61購02,0,,,,
711002,廣積國票66購01,54600,0.78,0.78,0.78,0.78
711003,陽程群益61購02,49030,1.81,1.81,1.52,1.52
711004,系統電國泰62購01,0,,,,
711005,宜鼎國泰62購02,0,,,,
711006,大中元大61購02,0,,,,
711007,大中元大66購01,0,,,,
711008,尼克森元大61購01,0,,,,
711009,巨有元大61購02,189950,1.8,1.81,1.75,1.75
711010,立敦元大61購01,0,,,,
711011,立敦元大67購01,0,,,,
711012,宜鼎元大61購08,679330,0.45,0.47,0.44,0.44
711013,宜鼎元大61購09,385040,0.71,0.74,0.71,0.74
711014,昇佳電元大61購01,7600,0.19,0.19,0.19,0.19
711015,朋程元大61購01,163680,0.33,0.33,0.33,0.33
711016,青雲元大61購01,0,,,,
711017,美琪瑪元大61購01,0,,,,
711018,茂達元大61購03,0,,,,
711019,原相元大61購02,0,,,,
711020,家登元大61購03,96540,1.14,1.15,1.14,1.15
711021,智通*元大61購01,0,,,,
711022,群聯元大64購08,0,,,,
711023,譜瑞元大61購04,1640,0.82,0.82,0.82,0.82
711024,中美晶統一65購01,60680,0.37,0.37,0.37,0.37
711025,均豪統一65購01,46870,0.43,0.43,0.43,0.43
711026,朋程統一65購03,6600,0.11,0.11,0.11,0.11
711027,茂訊統一67購01,9240,0.44,0.44,0.44,0.44
711028,群聯統一67購01,0,,,,
711029,精材統一67購01,99300,1.1,1.11,1.1,1.1
711030,營邦統一67購01,239600,1.12,1.12,1.08,1.08
711031,中光電永豐61購04,0,,,,
711032,中光電永豐61購05,0,,,,
711033,立敦永豐61購02,0,,,,
711034,立敦永豐64購01,0,,,,
711035,立敦永豐64購02,0,,,,
711036,宜鼎永豐63購02,158630,0.51,0.53,0.51,0.51
711037,長聖永豐61購02,0,,,,
711038,原相永豐61購02,0,,,,
711039,群聯永豐64購07,45360,0.84,0.84,0.84,0.84
711040,群聯永豐64購08,0,,,,
711041,群聯永豐67購01,0,,,,
711042,廣積永豐61購01,0,,,,
711043,宜鼎中信61購03,6100,0.3,0.31,0.3,0.31
711044,群聯中信61購01,0,,,,
711045,大中凱基61購03,0,,,,
711046,台特化凱基61購01,60830,0.79,0.79,0.79,0.79
711047,巨有凱基61購02,40330,2.15,2.15,2.0,2.0
711048,宜特凱基61購04,0,,,,
711049,宜鼎凱基61購03,416020,0.6,0.64,0.59,0.61
711050,茂達凱基61購04,0,,,,
711051,原相凱基61購02,0,,,,
711052,智通*凱基61購01,0,,,,
711053,順達凱基61購02,0,,,,
711054,鈊象凱基61購03,0,,,,
711055,群聯凱基64購04,0,,,,
711056,精材凱基61購08,35100,2.7,2.7,2.7,2.7
711057,廣積凱基65購01,0,,,,
711058,昱展台新61購01,0,,,,
711059,富喬台新61購01,0,,,,
711060,艾訊群益61購01,0,,,,
711061,家登群益61購05,0,,,,
711062,順達群益61購01,0,,,,
711063,群聯群益61購06,161880,2.84,2.84,2.84,2.84
711064,精材群益61購02,80760,4.76,4.76,4.68,4.68
711065,大樹國票65購01,550,0.55,0.55,0.55,0.55
711066,公準國票65購01,83250,0.45,0.45,0.45,0.45
711067,加百裕國票61購01,240,0.24,0.24,0.24,0.24
711068,尼克森國票61購01,0,,,,
711069,正基國票65購01,0,,,,
711070,艾訊國票61購02,0,,,,
711071,宜鼎國票65購02,0,,,,
711072,高僑國票65購01,700,0.35,0.35,0.35,0.35
711073,智崴國票65購01,44000,0.44,0.44,0.44,0.44
711074,僑威國票65購01,0,,,,
711075,廣明國票65購01,0,,,,
711076,撼訊國票65購01,60180,0.59,0.59,0.59,0.59
711077,中美晶元大61購03,0,,,,
711078,台嘉碩元大61購03,0,,,,
711079,宜鼎元大61購10,239260,0.63,0.65,0.62,0.65
711080,智通*元大61購02,5000,0.5,0.5,0.5,0.5
711081,群聯元大61購14,0,,,,
711082,臺慶科元大61購03,0,,,,
711083,世界國泰62購01,0,,,,
711084,博大國泰62購01,0,,,,
711085,陽程國泰62購01,0,,,,
711086,群聯國泰62購03,0,,,,
711087,精材國泰62購02,87190,3.27,3.31,3.13,3.15
711088,中美晶富邦61購03,7680,0.38,0.38,0.36,0.36
711089,立碁富邦64購01,121950,1.18,1.18,1.05,1.05
711090,翔名富邦61購01,0,,,,
711091,陽程富邦61購02,0,,,,
711092,精材富邦61購01,6710,1.5,1.5,1.29,1.34
711093,精材中信61購02,71180,0.81,0.81,0.79,0.8
711094,千附永豐61購01,0,,,,
711095,千附永豐61購02,0,,,,
711096,立端永豐61購01,71000,0.91,0.91,0.79,0.79
711097,松瑞藥永豐61購01,21170,0.73,0.73,0.73,0.73
711098,磐儀永豐61購02,30750,0.41,0.41,0.41,0.41
711099,千附精統一67購01,0,,,,
711100,大中統一65購02,0,,,,
711101,大中統一6C購01,0,,,,
711102,中裕統一69購01,0,,,,
711103,世界統一67購01,22030,0.45,0.45,0.43,0.43
711104,台嘉碩統一67購01,0,,,,
711105,台嘉碩統一6C購01,0,,,,
711106,尼克森統一65購01,0,,,,
711107,巨有統一6C購01,48350,0.87,0.88,0.87,0.88
711108,朋程統一65購04,0,,,,
711109,杰力統一6C購01,0,,,,
711110,青雲統一69購01,141510,0.89,0.89,0.89,0.89
711111,青雲統一6C購01,52360,0.68,0.68,0.68,0.68
711112,泰藝統一6C購01,0,,,,
711113,健喬統一69購01,2360,0.59,0.59,0.59,0.59
711114,堡達統一6C購01,0,,,,
711115,智通*統一67購01,0,,,,
711116,陽程統一6C購01,1718100,1.09,1.09,1.02,1.04
711117,順達統一65購03,0,,,,
711118,頎邦統一65購01,655690,0.56,0.61,0.56,0.56
711119,頎邦統一67購02,871420,0.56,0.61,0.56,0.6
711120,頎邦統一67購03,0,,,,
711121,頎邦統一6C購01,146620,0.63,0.67,0.63,0.65
711122,精材統一65購02,576960,1.04,1.06,0.95,0.95
711123,精材統一67購02,108230,0.79,0.79,0.79,0.79
711124,中美晶凱基64購01,22860,0.68,0.72,0.67,0.72
711125,家登凱基67購01,17800,0.89,0.89,0.89,0.89
711126,陽程凱基61購03,54190,1.88,1.88,1.71,1.71
711127,順達凱基61購03,0,,,,
711128,群聯凱基61購08,0,,,,
711129,群聯凱基61購09,0,,,,
711130,頎邦凱基61購03,20230,0.41,0.41,0.38,0.38
711131,精材凱基61購09,810930,1.21,1.25,1.1,1.1
711132,臺慶科凱基61購03,7130,0.31,0.31,0.31,0.31
711133,宜鼎台新62購01,91200,0.57,0.57,0.57,0.57
711134,茂達台新61購01,0,,,,
711135,茂達台新61購02,2100,0.42,0.42,0.42,0.42
711136,群聯台新67購03,0,,,,
711137,群聯台新67購04,134920,1.12,1.15,1.11,1.15
711138,頎邦台新61購04,2643150,1.16,1.31,1.15,1.19
711139,頎邦台新61購05,1245940,1.15,1.28,1.13,1.16
711140,精材台新61購04,0,,,,
711141,精材台新61購05,31400,1.57,1.57,1.57,1.57
711142,精材台新62購02,113250,1.55,1.57,1.55,1.57
711143,力麒國票65購01,0,,,,
711144,天良國票61購01,0,,,,
711145,巨漢國票61購01,66400,0.4,0.4,0.4,0.4
711146,協禧國票65購01,0,,,,
711147,奇鈦科國票65購01,162150,0.39,0.39,0.37,0.37
711148,陽程國票61購01,0,,,,
711149,陽程國票61購02,0,,,,
711150,順達國票65購01,177620,0.74,0.79,0.74,0.76
711151,精材國票61購04,36060,1.72,1.72,1.66,1.66
711152,精材國票65購01,55800,1.86,1.86,1.86,1.86
711153,營邦國票61購01,334200,2.37,2.37,2.27,2.29
711154,千附群益61購01,0,,,,
711155,千附群益61購02,0,,,,
711156,台特化群益61購02,247280,0.88,0.88,0.88,0.88
711157,青雲群益61購01,0,,,,
711158,青雲群益61購02,20950,1.29,1.29,1.19,1.19
711159,威剛群益61購06,136150,1.35,1.35,1.33,1.33
711160,鈊象群益61購02,27560,0.88,0.88,0.86,0.86
711161,新漢群益61購01,0,,,,
711162,群聯群益61購07,1150680,1.43,1.53,1.43,1.5
711163,精材群益63購03,64050,2.64,2.64,2.4,2.4
711164,中光電元大61購06,0,,,,
711165,中光電元大61購07,3400,0.17,0.17,0.17,0.17
711166,中美晶元大61購04,580420,0.37,0.42,0.37,0.38
711167,宜鼎元大63購02,260340,0.79,0.82,0.79,0.82
711168,茂達元大61購04,0,,,,
711169,智通*元大61購03,0,,,,
711170,翔名元大61購02,0,,,,
711171,順達元大61購01,99510,0.68,0.71,0.68,0.71
711172,群聯元大61購15,18160,0.7,0.73,0.7,0.73
711173,頎邦元大61購03,0,,,,
711174,精材元大61購10,26890,1.0,1.0,0.92,0.92
711175,精材元大61購11,18450,2.05,2.05,2.05,2.05
711176,精材元大63購05,421660,1.86,1.86,1.31,1.31
711177,營邦元大61購01,822870,1.5,1.57,1.48,1.54
711178,九暘統一63購01,0,,,,
711179,九暘統一6C購01,0,,,,
711180,千附精統一67購02,0,,,,
711181,千附精統一67購03,0,,,,
711182,大中統一65購03,600,0.12,0.12,0.12,0.12
711183,中光電統一65購01,17500,0.18,0.18,0.17,0.17
711184,中光電統一6C購01,0,,,,
711185,中美晶統一65購02,0,,,,
711186,中美晶統一67購01,5050,0.41,0.43,0.41,0.42
711187,中美晶統一6C購01,0,,,,
711188,台嘉碩統一65購01,360,0.36,0.36,0.36,0.36
711189,立敦統一67購01,0,,,,
711190,安勤統一67購01,0,,,,
711191,系統電統一6C購01,0,,,,
711192,亞通統一67購01,10080,0.84,0.84,0.84,0.84
711193,宜鼎統一67購01,164830,0.53,0.53,0.53,0.53
711194,昇佳電統一67購01,0,,,,
711195,杰力統一65購01,0,,,,
711196,青雲統一69購02,0,,,,
711197,茂達統一69購02,0,,,,
711198,神準統一67購01,13530,0.41,0.41,0.41,0.41
711199,堡達統一65購01,0,,,,
711200,翔名統一6C購01,0,,,,
711201,順達統一67購01,0,,,,
711202,順達統一67購02,0,,,,
711203,順達統一67購03,0,,,,
711204,順達統一6C購01,0,,,,
711205,群聯統一65購03,0,,,,
711206,頎邦統一65購02,31970,0.59,0.59,0.57,0.57
711207,頎邦統一67購04,91610,0.57,0.6,0.57,0.57
711208,頎邦統一68購01,0,,,,
711209,碩禾統一67購01,28600,0.26,0.26,0.26,0.26
711210,精材統一65購03,0,,,,
711211,精材統一6C購02,583440,0.93,0.94,0.93,0.94
711212,大樹永豐61購01,6000,0.6,0.6,0.6,0.6
711213,中美晶永豐61購03,0,,,,
711214,宜鼎永豐67購01,7400,0.74,0.74,0.74,0.74
711215,智通*永豐65購01,58710,0.57,0.57,0.57,0.57
711216,順達永豐61購02,0,,,,
711217,頎邦永豐65購01,110620,0.82,0.82,0.77,0.77
711218,精材永豐61購03,5460,0.91,0.91,0.91,0.91
711219,精材永豐61購04,0,,,,
711220,精材永豐64購02,3510,1.17,1.17,1.17,1.17
711221,營邦永豐64購01,112080,1.48,1.48,1.46,1.46
711222,廣積國泰62購01,66800,1.9,1.96,1.9,1.96
711223,營邦國泰62購01,138360,3.44,3.48,3.42,3.46
711224,久元富邦63購02,0,,,,
711225,元太富邦63購01,89410,0.31,0.31,0.3,0.3
711226,元太富邦63購02,0,,,,
711227,立敦富邦63購01,0,,,,
711228,宜特富邦63購01,76260,0.31,0.31,0.31,0.31
711229,智通*富邦64購02,0,,,,
711230,順達富邦63購01,2160,0.27,0.27,0.27,0.27
711231,鈊象富邦63購02,0,,,,
711232,中美晶台新61購04,0,,,,
711233,宜鼎台新63購01,4680,0.78,0.78,0.78,0.78
711234,宜鼎台新64購01,45440,1.08,1.12,1.08,1.12
711235,千附群益61購03,0,,,,
711236,陽程群益63購01,1187790,2.11,2.11,1.75,1.75
711237,順達群益61購02,5100,0.51,0.51,0.51,0.51
711238,璟德群益61購01,0,,,,
711239,千附凱基61購01,0,,,,
711240,中美晶凱基61購07,900,0.3,0.3,0.3,0.3
711241,宜鼎凱基64購01,20280,0.52,0.52,0.52,0.52
711242,青雲凱基61購01,0,,,,
711243,威剛凱基61購04,19600,0.98,0.98,0.98,0.98
711244,智通*凱基61購02,6480,0.66,0.66,0.63,0.63
711245,順達凱基61購04,0,,,,
711246,新漢凱基61購01,0,,,,
711247,營邦凱基61購02,55200,2.21,2.21,2.2,2.2
711248,雙鴻凱基61購06,47970,3.69,3.69,3.69,3.69
711249,M31國票61購01,0,,,,
711250,千附國票61購03,0,,,,
711251,中美晶國票65購02,58950,0.65,0.66,0.63,0.63
711252,巨有國票61購01,196680,2.7,2.84,2.55,2.72
711253,倉和國票66購01,0,,,,
711254,博智國票61購01,0,,,,
711255,晶呈國票65購01,1650,0.55,0.55,0.55,0.55
711256,千附元大61購01,0,,,,
711257,中光電元大61購08,0,,,,
711258,中光電元大61購09,0,,,,
711259,中光電元大63購01,0,,,,
711260,立敦元大61購02,0,,,,
711261,宜鼎元大63購03,323140,0.72,0.75,0.71,0.75
711262,朋程元大61購02,156060,0.34,0.34,0.34,0.34
711263,家登元大61購04,0,,,,
711264,家登元大61購05,59780,0.84,0.84,0.79,0.79
711265,凱崴元大61購01,30080,0.94,0.94,0.94,0.94
711266,群聯元大61購16,308320,0.94,0.94,0.94,0.94
711267,臺慶科元大61購04,148740,0.65,0.67,0.65,0.66
711268,營邦元大61購02,739260,2.15,2.22,2.11,2.15
711269,中美晶國泰62購01,0,,,,
711270,世界富邦61購03,0,,,,
711271,博智富邦63購01,0,,,,
711272,富喬富邦61購02,109610,1.03,1.13,1.0,1.0
711273,千附精永豐64購01,0,,,,
711274,大中永豐61購01,0,,,,
711275,世界永豐61購02,0,,,,
711276,家登永豐61購03,0,,,,
711277,璟德永豐67購01,0,,,,
711278,九暘統一67購01,0,,,,
711279,千附統一6C購01,0,,,,
711280,中光電統一65購02,5500,0.11,0.11,0.11,0.11
711281,安勤統一67購02,0,,,,
711282,青雲統一67購01,383210,1.23,1.23,1.17,1.17
711283,倉和統一6C購01,0,,,,
711284,神準統一67購02,7800,0.39,0.39,0.39,0.39
711285,翔名統一67購01,0,,,,
711286,順達統一65購04,314200,0.3,0.32,0.3,0.31
711287,M31台新61購01,1150,1.15,1.15,1.15,1.15
711288,M31台新62購01,172460,0.87,0.88,0.85,0.85
711289,M31台新64購01,134610,0.8,0.8,0.75,0.75
711290,千附精台新61購02,0,,,,
711291,富喬台新61購02,0,,,,
711292,頎邦台新61購06,22277970,1.2,1.39,0.54,1.28
711293,M31凱基61購01,0,,,,
711294,M31凱基61購02,55440,0.84,0.84,0.84,0.84
711295,M31凱基61購03,50220,0.93,0.93,0.93,0.93
711296,千附精凱基61購03,44000,0.45,0.45,0.43,0.43
711297,中光電凱基61購04,0,,,,
711298,中美晶凱基61購08,27930,0.47,0.53,0.47,0.53
711299,朋程凱基61購02,0,,,,
711300,博智凱基63購01,96400,1.61,1.61,1.6,1.6
711301,晶呈凱基61購01,13200,0.66,0.66,0.66,0.66
711302,翔名凱基61購02,0,,,,
711303,群聯凱基65購01,0,,,,
711304,臺慶科凱基64購01,62630,0.59,0.61,0.59,0.59
711305,營邦凱基61購03,3210,3.21,3.21,3.21,3.21
711306,千附精元大61購01,48300,0.57,0.57,0.5,0.5
711307,中光電元大61購10,0,,,,
711308,宏捷科元大66購01,328670,0.9,0.94,0.9,0.91
711309,宜鼎元大63購04,368160,0.82,0.86,0.81,0.83
711310,原相元大61購03,4120,1.03,1.03,1.03,1.03
711311,順達元大63購01,17420,1.21,1.25,1.21,1.25
711312,群聯元大61購17,521160,1.29,1.29,1.29,1.29
711313,臺慶科元大61購05,124930,0.81,0.82,0.81,0.81
711314,世界國泰62購02,0,,,,
711315,陽程國泰62購02,0,,,,
711316,鑫聯國泰62購01,0,,,,
711317,久禾光國票61購01,0,,,,
711318,千附精國票65購01,0,,,,
711319,中美晶國票61購05,0,,,,
711320,茂達國票61購02,0,,,,
711321,倉和國票67購01,2990,2.99,2.99,2.99,2.99
711322,晶呈國票64購01,0,,,,
711323,頎邦國票64購01,175200,1.41,1.49,1.41,1.44
711324,寬魚國票61購01,0,,,,
711325,M31群益61購01,55310,0.91,0.91,0.89,0.89
711326,千附精群益61購02,0,,,,
711327,杰力群益61購02,0,,,,
711328,博智群益61購02,61600,2.68,2.68,2.41,2.41
711329,陽程群益61購03,0,,,,
711330,群聯群益63購01,43910,1.16,1.2,1.16,1.2
711331,M31富邦63購01,74230,0.67,0.67,0.66,0.66
711332,九暘統一65購01,131840,0.43,0.44,0.43,0.43
711333,中美晶統一67購02,0,,,,
711334,M31永豐63購01,116470,0.74,0.74,0.73,0.73
711335,世紀*永豐63購01,0,,,,
711336,原相永豐61購03,0,,,,
711337,家登永豐61購04,0,,,,
711338,晶呈永豐61購01,27850,0.59,0.59,0.55,0.55
711339,晶呈永豐64購01,0,,,,
711340,千附精台新61購03,4500,0.45,0.45,0.45,0.45
711341,良維台新61購01,0,,,,
711342,創泓台新61購01,30200,0.63,0.63,0.56,0.56
711343,中美晶凱基61購09,0,,,,
711344,宜鼎凱基61購04,0,,,,
711345,原相凱基61購03,12000,1.0,1.0,1.0,1.0
711346,智通*凱基61購03,1800,0.18,0.18,0.18,0.18
711347,群聯凱基63購02,148970,1.23,1.25,1.22,1.23
711348,頎邦凱基64購02,8870,1.26,1.31,1.26,1.31
711349,雙鴻凱基63購02,49700,3.55,3.55,3.55,3.55
711350,中光電元大61購11,0,,,,
711351,中美晶元大61購05,237240,0.43,0.5,0.43,0.46
711352,創泓元大61購01,122570,0.93,0.93,0.88,0.88
711353,智通*元大61購04,29500,0.21,0.21,0.19,0.19
711354,智通*元大61購05,0,,,,
711355,中美晶群益61購02,0,,,,
711356,世界群益61購04,0,,,,
711357,加高群益61購01,10400,1.04,1.04,1.04,1.04
711358,巨有群益61購01,58690,3.62,3.8,3.49,3.49
711359,均豪群益66購01,149510,0.87,0.87,0.85,0.85
711360,智通*群益61購01,0,,,,
711361,群聯群益61購08,279600,3.03,3.19,3.03,3.07
711362,元太永豐61購05,14400,0.48,0.48,0.48,0.48
711363,加高永豐61購02,0,,,,
711364,良維永豐61購02,72360,1.34,1.34,1.34,1.34
711365,威剛永豐67購02,0,,,,
711366,敘豐永豐64購01,0,,,,
711367,凱崴永豐61購01,225300,0.49,0.49,0.48,0.48
711368,博智永豐61購02,36360,1.01,1.01,1.01,1.01
711369,華電網永豐61購01,0,,,,
711370,閎康永豐61購03,0,,,,
711371,順達永豐64購03,30510,1.13,1.13,1.13,1.13
711372,群聯永豐64購09,50050,1.43,1.43,1.43,1.43
711373,群聯永豐67購02,0,,,,
711374,聖暉*永豐64購01,33390,0.63,0.63,0.63,0.63
711375,千附國票65購01,0,,,,
711376,中美晶國票64購01,0,,,,
711377,原相國票61購02,0,,,,
711378,敘豐國票61購01,0,,,,
711379,創泓國票61購02,0,,,,
711380,創泓國票63購01,0,,,,
711381,智擎國票65購01,8800,0.44,0.44,0.44,0.44
711382,廣穎國票65購01,0,,,,
711383,營邦國票61購02,0,,,,
711384,千附精國泰62購01,0,,,,
711385,世界國泰62購03,372360,1.04,1.09,1.04,1.08
711386,宜鼎國泰62購03,59840,1.36,1.36,1.36,1.36
711387,青雲國泰62購04,524250,2.24,2.24,2.06,2.06
711388,倉和國泰62購01,0,,,,
711389,群聯國泰62購04,0,,,,
711390,群聯國泰62購05,0,,,,
711391,系統電富邦61購03,0,,,,
711392,宜鼎富邦61購03,191450,0.38,0.41,0.38,0.39
711393,群聯富邦63購02,75880,0.39,0.4,0.38,0.4
711394,M31統一67購01,0,,,,
711395,M31統一67購02,0,,,,
711396,M31統一6C購01,17640,0.63,0.63,0.63,0.63
711397,千附統一67購01,0,,,,
711398,千附精統一67購04,0,,,,
711399,大中統一67購01,0,,,,
711400,中光電統一67購01,0,,,,
711401,中光電統一6C購02,0,,,,
711402,中美晶統一66購04,2300,0.23,0.23,0.23,0.23
711403,世紀*統一67購01,2340,2.34,2.34,2.34,2.34
711404,杰力統一67購01,0,,,,
711405,智通*統一6C購01,0,,,,
711406,閎康統一67購01,0,,,,
711407,廣穎統一63購01,0,,,,
711408,廣穎統一69購02,0,,,,
711409,千附國票66購01,0,,,,
711410,元太國票61購01,0,,,,
711411,天品國票61購01,380990,0.53,0.58,0.49,0.58
711412,系統電國票64購01,0,,,,
711413,昇佳電國票66購01,0,,,,
711414,青雲國票61購02,8040,2.06,2.06,1.96,1.96
711415,耕興國票65購01,4130,0.59,0.59,0.59,0.59
711416,晟田國票62購01,6160,0.88,0.88,0.88,0.88
711417,博士旺國票61購02,893210,0.9,0.9,0.89,0.89
711418,華景電國票65購01,0,,,,
711419,碩禾國票64購01,2800,0.28,0.28,0.28,0.28
711420,中美晶台新61購05,0,,,,
711421,中美晶台新63購03,0,,,,
711422,晟田台新61購02,40500,0.41,0.41,0.4,0.4
711423,陽程台新61購01,0,,,,
711424,陽程台新61購02,0,,,,
711425,千附凱基61購02,0,,,,
711426,中光電凱基61購05,0,,,,
711427,中美晶凱基61購10,0,,,,
711428,世界凱基64購02,45700,0.96,0.96,0.95,0.95
711429,立敦凱基61購02,0,,,,
711430,均豪凱基66購01,29160,1.08,1.08,1.08,1.08
711431,千附元大61購02,1850,0.37,0.37,0.37,0.37
711432,千附元大61購03,0,,,,
711433,中美晶元大61購06,249140,0.91,1.03,0.91,1.0
711434,中美晶元大61購07,472340,0.43,0.49,0.43,0.48
711435,中美晶元大61購08,4600,0.23,0.23,0.23,0.23
711436,中美晶元大63購03,0,,,,
711437,中美晶元大65購04,254370,0.48,0.53,0.48,0.5
711438,世界元大63購05,10120,0.44,0.44,0.44,0.44
711439,家登元大63購01,130100,1.45,1.45,1.4,1.4
711440,智通*元大61購06,0,,,,
711441,智通*元大63購02,0,,,,
711442,翔名元大61購03,77140,0.38,0.38,0.38,0.38
711443,頎邦元大61購04,0,,,,
711444,漢科元大61購01,125740,0.51,0.52,0.51,0.52
711445,千附永豐61購03,0,,,,
711446,千附永豐61購04,0,,,,
711447,千附永豐61購05,0,,,,
711448,千附永豐64購01,0,,,,
711449,中美晶永豐61購04,93000,0.62,0.62,0.62,0.62
711450,中美晶永豐64購02,0,,,,
711451,世禾永豐61購01,0,,,,
711452,巨漢永豐61購02,0,,,,
711453,均豪永豐64購02,10150,1.45,1.45,1.45,1.45
711454,宏捷科永豐64購01,33240,0.6,0.6,0.56,0.56
711455,創惟永豐61購01,0,,,,
711456,智通*永豐61購02,0,,,,
711457,湧德永豐61購01,26320,0.47,0.47,0.47,0.47
711458,陽程永豐61購02,6780,2.26,2.26,2.26,2.26
711459,中光電國泰62購02,0,,,,
711460,中光電國泰62購03,0,,,,
711461,中美晶國泰63購02,0,,,,
711462,世禾國泰62購01,0,,,,
711463,翔名國泰62購01,0,,,,
711464,廣穎國泰62購01,59760,0.83,0.83,0.83,0.83
711465,千附統一67購02,0,,,,
711466,千附統一6C購02,0,,,,
711467,千附精統一67購05,0,,,,
711468,中美晶統一65購03,0,,,,
711469,中美晶統一67購03,0,,,,
711470,中美晶統一6C購02,0,,,,
711471,世界統一6C購01,0,,,,
711472,加高統一67購01,0,,,,
711473,系微統一6C購01,0,,,,
711474,家登統一6C購02,0,,,,
711475,博智統一6C購02,0,,,,
711476,廣穎統一6C購01,0,,,,
711477,雙鴻統一6C購01,8800,0.88,0.88,0.88,0.88
711478,中光電富邦62購03,0,,,,
711479,中美晶富邦61購04,0,,,,
711480,台特化富邦61購01,0,,,,
711481,宜鼎富邦61購04,52370,0.37,0.38,0.37,0.38
711482,宜鼎群益61購04,881740,1.24,1.3,1.23,1.23
711483,茂達群益61購03,0,,,,
711484,世界台新61購02,95370,0.46,0.48,0.46,0.47
711485,台嘉碩台新61購03,0,,,,
711486,巨漢台新61購03,0,,,,
711487,良維台新61購02,65310,1.07,1.15,1.07,1.15
711488,亞電台新61購01,467630,1.46,1.63,1.46,1.51
711489,長科*台新61購01,172060,0.95,1.02,0.93,0.96
711490,千附精群益61購03,48500,0.97,0.97,0.97,0.97
711491,亞電群益61購01,0,,,,
711492,亞電群益61購02,16000,1.6,1.6,1.6,1.6
711493,亞電群益61購03,32020,2.44,2.47,2.44,2.47
711494,陽程群益63購02,0,,,,
711495,世界凱基61購02,46200,0.84,0.84,0.84,0.84
711496,巨漢凱基61購01,55660,0.33,0.34,0.33,0.34
711497,系統電凱基61購02,2040,0.68,0.68,0.68,0.68
711498,宜鼎凱基61購05,482460,1.55,1.63,1.55,1.55
711499,昇佳電凱基61購02,0,,,,
711500,長科*凱基61購01,181660,1.4,1.42,1.34,1.34
711501,威剛凱基61購05,234580,1.45,1.46,1.4,1.44
711502,家登凱基63購01,228670,1.62,1.62,1.6,1.61
711503,富喬凱基61購06,20920,4.22,4.22,4.13,4.13
711504,智通*凱基61購04,0,,,,
711505,順達凱基61購05,30160,1.16,1.16,1.16,1.16
711506,群聯凱基61購11,454050,2.15,2.26,2.13,2.18
711507,頎邦凱基61購04,143730,1.88,1.94,1.82,1.82
711508,雙鴻凱基63購03,0,,,,
711509,千附精元大61購02,0,,,,
711510,立敦元大61購03,0,,,,
711511,亞電元大61購01,300820,2.33,2.33,2.14,2.14
711512,群聯元大61購18,109800,1.1,1.1,1.09,1.09
711513,千附精統一65購01,27600,0.46,0.46,0.46,0.46
711514,世界統一66購01,0,,,,
711515,亞電統一69購01,717190,0.94,0.95,0.86,0.86
711516,宜鼎統一64購05,183540,0.56,0.57,0.56,0.56
711517,倉和統一65購01,76050,3.76,3.81,3.76,3.81
711518,方土昶永豐61購01,0,,,,
711519,亞電永豐64購01,11150,2.23,2.23,2.23,2.23
711520,昇佳電永豐63購01,0,,,,
711521,長科*永豐64購01,4050,0.81,0.81,0.81,0.81
711522,陽程永豐61購03,0,,,,
711523,雙鴻永豐64購03,361050,5.05,5.3,5.05,5.3
711524,世界國泰62購04,0,,,,
711525,良維國泰62購01,42900,1.95,1.95,1.95,1.95
711526,亞電國泰62購01,0,,,,
711527,朋程國泰63購01,12040,0.86,0.86,0.86,0.86
711528,漢科國泰62購01,0,,,,
711529,千附精富邦61購01,67510,0.43,0.43,0.43,0.43
711530,立碁富邦61購02,0,,,,
711531,宜特富邦63購02,20140,0.38,0.38,0.38,0.38
711532,宜鼎富邦61購05,393680,0.57,0.6,0.55,0.57
711533,朋程富邦63購04,121720,0.33,0.35,0.33,0.33
711534,欣銓富邦61購02,62400,0.5,0.5,0.48,0.48
711535,長科*富邦62購02,37160,0.57,0.57,0.56,0.56
711536,富喬富邦61購03,277790,1.36,1.45,1.34,1.34
711537,智通*富邦63購01,0,,,,
711538,陽程富邦61購03,0,,,,
711539,群聯富邦63購03,182740,0.89,0.93,0.86,0.93
711540,營邦富邦62購03,0,,,,
711541,雙鴻富邦63購02,0,,,,
711542,譜瑞富邦63購02,2220,0.45,0.45,0.42,0.42
711543,M31國票65購01,0,,,,
711544,台特化國票65購01,0,,,,
711545,禾瑞亞國票61購01,0,,,,
711546,亞電國票61購01,20000,4.0,4.0,4.0,4.0
711547,長科*國票65購01,0,,,,
711548,榮田國票61購01,38960,0.96,0.96,0.95,0.95
711549,巨漢群益61購02,0,,,,
711550,群聯群益61購09,2088660,3.25,3.44,3.23,3.39
711551,千附精國票64購01,5750,1.15,1.15,1.15,1.15
711552,立碁國票65購01,44880,4.08,4.08,4.08,4.08
711553,亞電國票63購01,47500,2.4,2.4,2.35,2.35
711554,亞電國票64購01,15800,2.18,2.39,2.18,2.29
711555,宜鼎國票66購01,0,,,,
711556,朋程國票61購01,5950,0.85,0.85,0.85,0.85
711557,長科*國票64購01,0,,,,
711558,頎邦國票66購01,959700,1.56,1.67,1.56,1.58
711559,漢科國票61購01,0,,,,
711560,臺慶科國票66購01,0,,,,
711561,磐儀國票65購01,0,,,,
711562,亞電台新61購02,46230,1.53,1.66,1.48,1.48
711563,亞電台新61購03,34110,1.77,1.77,1.68,1.68
711564,青雲台新61購01,17970,1.0,1.0,0.97,0.97
711565,博士旺台新61購01,0,,,,
711566,千附精凱基61購04,16300,1.11,1.11,1.04,1.04
711567,世界凱基61購03,4040,1.01,1.01,1.01,1.01
711568,亞電凱基61購01,17660,2.53,2.53,2.49,2.49
711569,泓格凱基61購01,0,,,,
711570,陽程凱基63購03,58610,3.59,3.59,3.19,3.19
711571,群聯凱基66購02,92000,2.17,2.26,2.17,2.25
711572,泓格永豐61購01,0,,,,
711573,群聯永豐67購03,10300,1.27,1.31,1.27,1.28
711574,中光電元大61購12,0,,,,
711575,元太元大66購04,302920,0.9,0.94,0.9,0.92
711576,均豪元大61購03,156750,2.85,2.85,2.85,2.85
711577,青雲元大61購02,27380,2.29,2.29,2.28,2.28
711578,晟田元大61購03,0,,,,
711579,博智元大61購01,0,,,,
711580,群聯元大61購19,603790,1.47,1.53,1.45,1.52
711581,群聯元大63購05,276640,1.04,1.04,1.04,1.04
711582,聖暉*元大61購03,0,,,,
711583,營邦元大61購03,0,,,,
711584,雙鴻元大61購16,0,,,,
711585,雙鴻元大63購03,0,,,,
711586,千附精國泰62購02,31710,1.51,1.51,1.51,1.51
711587,元太國泰62購01,61010,0.53,0.55,0.53,0.55
711588,泓格國泰62購01,0,,,,
711589,能率亞國泰62購01,0,,,,
711590,晟田國泰62購01,0,,,,
711591,群聯國泰62購06,855070,1.88,1.96,1.88,1.91
711592,雙鴻國泰62購01,0,,,,
711593,禾瑞亞統一67購01,0,,,,
711594,長科*統一6C購01,29840,0.63,0.64,0.63,0.64
711595,群聯統一66購02,130270,0.48,0.5,0.48,0.49
711596,M31富邦63購02,414890,0.84,0.85,0.82,0.83
711597,久元富邦62購02,4800,0.48,0.48,0.48,0.48
711598,立敦富邦63購02,0,,,,
711599,宏捷科富邦63購01,97030,0.5,0.53,0.5,0.5
711600,威剛富邦61購01,0,,,,
711601,茂達富邦63購03,35250,0.47,0.47,0.47,0.47
711602,頎邦富邦62購01,909000,0.88,0.94,0.85,0.87
711603,頎邦富邦63購02,2109830,0.84,0.91,0.74,0.85
711604,中光電凱基61購06,0,,,,
711605,世禾凱基61購01,0,,,,
711606,由田凱基61購01,161230,2.08,2.17,2.02,2.02
711607,宜鼎凱基65購01,831660,1.57,1.59,1.52,1.54
711608,長科*凱基64購01,0,,,,
711609,青雲凱基61購02,442360,1.38,1.38,1.23,1.23
711610,家登凱基61購03,187440,1.52,1.52,1.48,1.5
711611,博智凱基63購02,427110,2.11,2.13,2.11,2.12
711612,雙鴻凱基61購08,301860,4.5,4.5,3.53,3.53
711613,世界台新61購03,234530,1.11,1.11,1.05,1.07
711614,台嘉碩台新61購04,3550,1.19,1.19,1.18,1.18
711615,巨漢台新61購04,0,,,,
711616,家登台新61購02,0,,,,
711617,M31元大61購02,82270,1.57,1.57,1.52,1.52
711618,千附精元大61購03,13850,0.56,0.56,0.53,0.53
711619,元太元大66購05,300160,0.8,0.86,0.8,0.83
711620,世禾元大61購01,30600,0.36,0.36,0.36,0.36
711621,世界元大61購02,86360,1.27,1.27,1.27,1.27
711622,世界元大63購06,326620,0.82,0.82,0.81,0.81
711623,艾訊元大61購01,0,,,,
711624,欣銓元大67購02,78460,1.66,1.68,1.66,1.67
711625,原相元大61購04,0,,,,
711626,家登元大61購06,99230,1.23,1.23,1.18,1.18
711627,家登元大65購01,98200,1.28,1.3,1.26,1.26
711628,陽程元大61購05,0,,,,
711629,臺慶科元大61購06,157830,1.04,1.04,1.03,1.03
711630,世界群益61購05,54900,3.67,3.67,3.59,3.59
711631,由田群益61購01,772470,2.33,2.44,2.3,2.3
711632,泓格群益61購01,0,,,,
711633,群聯群益65購01,855330,3.83,4.0,3.83,3.95
711634,頎邦群益61購03,1923880,2.46,2.67,2.46,2.51
711635,世界國票61購05,146200,0.84,0.84,0.83,0.83
711636,由田國票61購01,143770,2.22,2.23,2.09,2.09
711637,安勤國票65購01,0,,,,
711638,泓格國票61購01,0,,,,
711639,威剛國票64購01,0,,,,
711640,茂訊國票65購02,47430,0.51,0.51,0.51,0.51
711641,茂綸國票65購01,39220,1.06,1.06,1.06,1.06
711642,神準國票65購01,0,,,,
711643,創惟國票65購01,0,,,,
711644,鈊象國票63購01,175020,0.98,0.98,0.96,0.96
711645,精確國票65購01,49700,0.6,0.6,0.59,0.59
711646,銳澤國票65購01,0,,,,
711647,家登富邦63購02,286720,0.83,0.84,0.81,0.81
711648,創惟富邦61購01,36000,0.6,0.6,0.6,0.6
711649,巨漢國泰62購01,0,,,,
711650,威剛國泰62購02,13990,2.01,2.01,1.99,1.99
711651,家登國泰62購02,0,,,,
711652,順達國泰62購01,30520,1.09,1.09,1.09,1.09
711653,勤凱國泰62購01,194590,1.23,1.31,1.18,1.18
711654,由田統一67購01,20160,0.76,0.78,0.76,0.77
711655,由田統一6C購01,30020,0.79,0.79,0.79,0.79
711656,立碁統一67購02,303830,0.99,0.99,0.97,0.97
711657,立碁統一69購01,0,,,,
711658,聖暉*統一69購01,48940,0.26,0.28,0.26,0.28
711659,群聯中信61購03,0,,,,
711660,力領永豐61購01,0,,,,
711661,天品永豐64購01,124250,0.75,0.8,0.73,0.8
711662,世紀*永豐61購02,21600,7.2,7.2,7.2,7.2
711663,巨有永豐64購01,41910,2.04,2.12,2.04,2.12
711664,禾瑞亞永豐61購01,0,,,,
711665,禾瑞亞永豐64購01,0,,,,
711666,艾訊永豐61購02,0,,,,
711667,亞信永豐61購01,0,,,,
711668,朋程永豐61購01,5600,0.7,0.7,0.7,0.7
711669,昱展永豐64購01,0,,,,
711670,原相永豐61購04,9760,1.22,1.22,1.22,1.22
711671,家登永豐61購05,0,,,,
711672,振曜永豐64購01,0,,,,
711673,博士旺永豐67購01,0,,,,
711674,博智永豐61購03,0,,,,
711675,順達永豐61購03,26100,0.87,0.87,0.87,0.87
711676,順達永豐67購02,148730,1.78,1.78,1.77,1.77
711677,聖暉*永豐61購02,0,,,,
711678,中光電台新61購06,0,,,,
711679,系微台新61購01,36900,0.8,0.8,0.69,0.69
711680,高技台新61購01,0,,,,
711681,高技台新61購02,0,,,,
711682,博智台新61購01,0,,,,
711683,群聯台新61購05,16000,0.79,0.81,0.79,0.81
711684,群聯台新61購06,0,,,,
711685,雙鴻台新61購01,0,,,,
711686,雙鴻台新61購02,0,,,,
711687,世界凱基61購04,0,,,,
711688,安勤凱基63購01,0,,,,
711689,宜鼎凱基65購02,0,,,,
711690,翔名凱基61購03,0,,,,
711691,鈊象凱基61購04,43680,0.91,0.91,0.91,0.91
711692,中光電元大64購01,118000,0.59,0.59,0.59,0.59
711693,世界元大61購03,45580,1.06,1.06,1.06,1.06
711694,世界元大61購04,0,,,,
711695,世界元大63購07,0,,,,
711696,欣銓元大67購03,490960,1.15,1.16,1.12,1.12
711697,泓格元大61購01,20300,0.35,0.35,0.35,0.35
711698,家登元大61購07,123060,0.85,0.87,0.85,0.86
711699,家登元大61購08,0,,,,
711700,家登元大65購02,86880,0.76,0.76,0.75,0.75
711701,高技元大61購01,0,,,,
711702,博智元大61購02,0,,,,
711703,群聯元大64購09,109440,1.71,1.71,1.71,1.71
711704,頎邦元大61購05,0,,,,
711705,巨漢國票61購02,0,,,,
711706,巨漢國票61購03,0,,,,
711707,宏捷科國票64購01,0,,,,
711708,宜特國票63購01,2640,0.66,0.66,0.66,0.66
711709,高技國票65購01,0,,,,
711710,世界群益61購06,246120,3.96,3.98,3.96,3.98
711711,欣銓群益61購02,147530,0.99,1.03,0.99,1.03
711712,威剛群益63購01,2543390,2.85,2.85,2.78,2.78
711713,高技群益61購01,800,0.8,0.8,0.8,0.8
711714,鈊象群益61購03,2400,0.8,0.8,0.8,0.8
711715,群聯群益65購02,109000,1.78,1.8,1.78,1.79
711716,頎邦群益61購04,572000,1.29,1.33,1.27,1.29
711717,磐儀群益61購01,0,,,,
711718,營邦群益61購01,2137450,2.24,2.32,2.19,2.19
711719,雙鴻群益61購04,0,,,,
711720,宜鼎中信61購04,32880,0.57,0.58,0.56,0.58
711721,威剛中信61購02,3770,0.47,0.48,0.47,0.48
711722,中光電永豐61購06,0,,,,
711723,元太永豐61購06,0,,,,
711724,永信建永豐65購01,0,,,,
711725,由田永豐61購01,1076380,1.26,1.33,1.26,1.28
711726,岳豐永豐64購01,0,,,,
711727,原相永豐61購05,4760,0.68,0.68,0.68,0.68
711728,順達永豐61購04,0,,,,
711729,順達永豐61購05,28000,0.5,0.5,0.5,0.5
711730,群翊永豐61購02,4650,0.93,0.93,0.93,0.93
711731,群聯永豐67購04,0,,,,
711732,精華永豐61購01,60180,0.51,0.51,0.51,0.51
711733,臺慶科永豐61購01,73440,0.95,0.97,0.95,0.97
711734,倉和國泰63購01,0,,,,
711735,原相國泰62購01,91000,0.91,0.91,0.91,0.91
711736,雙鴻國泰62購02,0,,,,
711737,由田統一65購01,188810,0.87,0.9,0.85,0.85
711738,宏捷科統一65購01,109470,0.41,0.41,0.41,0.41
711739,長科*統一65購01,225020,0.62,0.64,0.62,0.64
711740,茂訊統一65購01,10340,0.47,0.47,0.47,0.47
711741,高技統一67購01,0,,,,
711742,高技統一69購01,14400,0.6,0.6,0.6,0.6
711743,高技統一6C購01,0,,,,
711744,博智統一65購02,0,,,,
711745,聖暉*統一65購04,0,,,,
711746,家登台新61購03,0,,,,
711747,敘豐台新61購01,23400,0.52,0.52,0.52,0.52
711748,博士旺台新61購02,511700,1.19,1.19,1.19,1.19
711749,群聯台新61購08,0,,,,
711750,群聯台新63購01,135900,4.53,4.53,4.53,4.53
711751,群聯台新64購01,135250,4.8,5.1,4.8,4.88
711752,雙鴻台新61購03,0,,,,
711753,雙鴻台新63購01,0,,,,
711754,中光電凱基61購07,2250,0.45,0.45,0.45,0.45
711755,艾訊凱基61購01,0,,,,
711756,威剛凱基61購07,0,,,,
711757,家登凱基61購04,8900,0.89,0.89,0.89,0.89
711758,高技凱基61購01,61950,1.05,1.05,1.05,1.05
711759,博智凱基61購02,1050,1.05,1.05,1.05,1.05
711760,群聯凱基61購12,372190,1.3,1.37,1.3,1.37
711761,磐儀凱基61購01,0,,,,
711762,雙鴻凱基61購09,0,,,,
711763,中光電國票61購03,0,,,,
711764,天正國票68購01,0,,,,
711765,好德國票61購01,0,,,,
711766,系微國票65購01,0,,,,
711767,振發國票65購01,0,,,,
711768,富喬國票61購02,0,,,,
711769,富喬國票63購01,101650,5.35,5.35,5.35,5.35
711770,達航國票65購01,0,,,,
711771,蜜望實國票61購01,0,,,,
711772,世禾群益61購01,0,,,,
711773,世禾群益61購02,0,,,,
711774,東浦群益61購03,0,,,,
711775,家登群益63購03,0,,,,
711776,神準群益61購01,18600,0.62,0.62,0.62,0.62
711777,博士旺群益61購01,1672100,1.7,1.7,1.37,1.37
711778,臺慶科群益61購02,0,,,,
711779,蜜望實群益61購01,940,0.94,0.94,0.94,0.94
711780,磐儀群益61購02,0,,,,
711781,磐儀群益61購03,0,,,,
711782,元太元大65購04,186080,0.64,0.65,0.64,0.64
711783,立碁元大61購01,221340,1.82,1.85,1.72,1.72
711784,艾訊元大61購02,117460,0.5,0.5,0.48,0.48
711785,泓格元大61購02,0,,,,
711786,博智元大61購03,0,,,,
711787,群聯元大64購10,701660,1.82,1.88,1.78,1.82
711788,頎邦元大64購01,0,,,,
711789,蜜望實元大61購01,244700,1.15,1.15,1.12,1.12
711790,磐儀元大61購01,0,,,,
711791,營邦元大61購04,0,,,,
711792,大學光永豐61購01,0,,,,
711793,立碁永豐61購02,7720,1.93,1.93,1.93,1.93
711794,全宇昕永豐61購02,18380,0.88,0.88,0.87,0.88
711795,伯特光永豐61購01,0,,,,
711796,宏碁資永豐61購01,3182050,0.74,0.77,0.72,0.73
711797,宜鼎永豐61購04,23490,0.81,0.81,0.81,0.81
711798,泓格永豐64購01,0,,,,
711799,能率永豐61購01,0,,,,
711800,高技永豐61購01,47300,0.83,0.83,0.76,0.76
711801,高技永豐61購02,0,,,,
711802,高技永豐63購01,0,,,,
711803,高技永豐67購01,0,,,,
711804,高鋒永豐61購01,0,,,,
711805,凱崴永豐61購02,520440,0.99,0.99,0.97,0.97
711806,富喬永豐61購04,0,,,,
711807,崴寶永豐64購01,0,,,,
711808,華電網永豐61購02,0,,,,
711809,聖暉*永豐64購02,0,,,,
711810,僑威永豐61購01,0,,,,
711811,蜜望實永豐61購02,44680,0.52,0.52,0.48,0.48
711812,蜜望實永豐61購03,4200,0.6,0.6,0.6,0.6
711813,艾訊國泰63購01,0,,,,
711814,泓格國泰63購01,0,,,,
711815,頎邦國泰63購01,0,,,,
711816,頎邦國泰63購02,113650,1.77,1.85,1.77,1.85
711817,巨漢富邦63購01,0,,,,
711818,安勤富邦63購01,42340,0.29,0.29,0.29,0.29
711819,宜鼎富邦67購01,162000,0.66,0.69,0.66,0.69
711820,富喬富邦67購01,0,,,,
711821,蜜望實富邦63購01,0,,,,
711822,艾訊統一6C購01,0,,,,
711823,泓格統一6B購01,0,,,,
711824,茂達統一65購04,0,,,,
711825,振發統一6C購01,0,,,,
711826,蜜望實統一65購01,0,,,,
711827,蜜望實統一6B購01,30160,0.58,0.58,0.58,0.58
711828,蜜望實統一6C購01,12200,0.61,0.61,0.61,0.61
711829,泓格群益61購02,0,,,,
711830,泓格群益61購03,0,,,,
711831,元債20國票61購01,0,,,,
711832,天品國票61購02,353900,0.86,0.91,0.85,0.91
711833,天品國票63購01,913340,0.73,0.79,0.72,0.79
711834,方土昶國票65購01,0,,,,
711835,宏碁資國票65購01,350260,0.75,0.8,0.75,0.78
711836,倚強國票61購01,56900,1.93,1.93,1.86,1.86
711837,智通*國票61購03,0,,,,
711838,雙鴻國票66購01,0,,,,
711839,穩得國票61購01,11270,1.04,1.04,1.01,1.01
711840,中光電中信61購01,0,,,,
711841,大世科永豐61購01,14000,0.56,0.56,0.56,0.56
711842,中美晶永豐64購03,0,,,,
711843,友輝永豐61購01,0,,,,
711844,安勤永豐61購01,66480,0.42,0.42,0.4,0.41
711845,岱稜永豐61購01,18000,0.45,0.45,0.45,0.45
711846,東洋永豐61購01,0,,,,
711847,統振永豐61購01,0,,,,
711848,智擎永豐61購01,0,,,,
711849,頎邦永豐63購01,220760,1.77,1.78,1.74,1.76
711850,銳澤永豐61購01,0,,,,
711851,雙鴻永豐61購06,0,,,,
711852,中美晶元大63購04,476100,0.61,0.64,0.57,0.57
711853,中美晶元大67購01,236680,0.46,0.48,0.46,0.48
711854,安勤元大61購01,192370,0.4,0.41,0.38,0.38
711855,艾訊元大61購03,0,,,,
711856,欣銓元大65購01,117810,1.41,1.42,1.37,1.37
711857,泓格元大67購01,174240,0.72,0.72,0.72,0.72
711858,晟田元大61購04,0,,,,
711859,順達元大63購02,241600,1.22,1.3,1.22,1.3
711860,群聯元大64購11,125920,1.26,1.3,1.26,1.3
711861,廣積元大61購01,171000,0.57,0.57,0.57,0.57
711862,雙鴻元大61購17,44360,3.5,3.5,3.12,3.12
711863,雙鴻元大61購18,2359970,2.0,2.03,1.67,1.67
711864,雙鴻元大63購04,447870,1.17,1.2,1.08,1.1
711865,中美晶台新65購01,0,,,,
711866,智通*台新61購01,0,,,,
711867,群聯台新61購09,18800,1.88,1.88,1.88,1.88
711868,頎邦台新61購07,602370,2.7,2.86,2.67,2.72
711869,蜜望實台新61購01,72240,1.29,1.29,1.29,1.29
711870,廣積台新61購01,0,,,,
711871,中美晶凱基61購11,408810,0.6,0.68,0.58,0.58
711872,中美晶凱基63購02,72130,0.99,0.99,0.91,0.91
711873,元太凱基66購01,45500,0.91,0.91,0.91,0.91
711874,立碁凱基61購01,13320,1.21,1.22,1.2,1.2
711875,宜鼎凱基61購06,339440,0.9,0.94,0.88,0.88
711876,宜鼎凱基63購01,225970,0.95,0.98,0.93,0.93
711877,富喬凱基61購07,0,,,,
711878,頎邦凱基61購06,10304660,2.56,2.7,2.56,2.64
711879,蜜望實凱基61購01,286590,0.86,0.86,0.75,0.75
711880,營邦凱基61購04,895760,2.75,2.91,2.72,2.76
711881,雙鴻凱基63購04,2787220,2.8,2.8,2.78,2.78
711882,中光電國泰63購01,1560,0.52,0.52,0.52,0.52
711883,立碁國泰63購01,156550,2.89,2.89,2.74,2.74
711884,博智國泰63購01,0,,,,
711885,富喬國泰63購01,0,,,,
711886,富喬國泰63購02,0,,,,
711887,智通*國泰63購01,54020,1.06,1.06,1.02,1.02
711888,廣積國泰63購01,34100,1.55,1.55,1.55,1.55
711889,中美晶富邦63購02,77100,0.66,0.72,0.66,0.72
711890,中美晶富邦67購01,142420,0.56,0.61,0.56,0.58
711891,中美晶富邦77購01,36480,0.8,0.84,0.8,0.84
711892,世界富邦61購04,39600,0.44,0.44,0.44,0.44
711893,世界富邦67購01,26000,0.57,0.58,0.57,0.58
711894,高技富邦63購01,192180,0.63,0.63,0.61,0.61
711895,昱展統一67購01,0,,,,
711896,高技統一67購02,0,,,,
711897,蜜望實統一67購01,26000,0.5,0.5,0.5,0.5
711898,磐儀統一67購01,0,,,,
711899,中美晶群益61購03,0,,,,
711900,元太群益61購01,338420,0.98,1.05,0.98,1.01
711901,高技群益61購02,546420,1.44,1.46,1.33,1.33
711902,廣積群益61購01,0,,,,
711903,廣積群益63購01,0,,,,
711904,雙鴻群益61購05,55550,2.59,2.76,2.59,2.76
711905,中光電凱基61購08,9800,0.49,0.49,0.49,0.49
711906,中美晶凱基61購12,111500,1.14,1.24,1.14,1.17
711907,立碁凱基61購02,113940,1.43,1.48,1.38,1.38
711908,艾訊凱基61購02,0,,,,
711909,欣銓凱基65購01,256520,1.31,1.31,1.25,1.25
711910,泓格凱基61購02,0,,,,
711911,威剛凱基63購01,0,,,,
711912,振發凱基61購01,32000,1.6,1.6,1.6,1.6
711913,智通*凱基61購05,10380,1.03,1.05,0.99,0.99
711914,順達凱基63購02,99170,1.29,1.36,1.29,1.36
711915,群聯凱基61購13,0,,,,
711916,M31台新67購01,150450,1.72,1.75,1.65,1.65
711917,世界台新61購04,86690,1.28,1.31,1.27,1.31
711918,群聯台新67購05,52910,3.08,3.19,3.08,3.19
711919,群聯台新67購06,0,,,,
711920,M31元大61購03,164690,1.15,1.15,1.11,1.11
711921,中美晶元大61購10,1840,0.92,0.92,0.92,0.92
711922,中美晶元大67購02,261880,0.52,0.53,0.52,0.53
711923,立碁元大61購02,148120,1.45,1.47,1.38,1.38
711924,宜鼎元大61購11,299360,1.03,1.09,1.02,1.09
711925,泓格元大61購03,323600,0.56,0.57,0.56,0.57
711926,威剛元大61購07,0,,,,
711927,鈊象元大61購02,56840,0.98,0.98,0.98,0.98
711928,群聯元大61購21,546040,1.25,1.28,1.23,1.28
711929,群聯元大63購06,253110,1.16,1.19,1.14,1.19
711930,中美晶永豐64購04,164700,1.3,1.3,1.27,1.27
711931,世界永豐64購01,0,,,,
711932,宜鼎永豐61購05,224770,0.88,0.95,0.87,0.95
711933,宜鼎永豐63購03,234860,1.03,1.08,1.01,1.03
711934,鈊象永豐61購02,39360,0.96,0.96,0.96,0.96
711935,廣積永豐61購02,9880,0.76,0.76,0.76,0.76
711936,加高國票65購01,0,,,,
711937,立碁國票64購01,40460,1.33,1.33,1.26,1.26
711938,泓格國票61購02,0,,,,
711939,茂迪國票64購01,0,,,,
711940,陽程國票61購03,0,,,,
711941,頎邦國票63購01,2192320,1.84,1.98,1.84,1.86
711942,廣積國票67購01,12540,0.66,0.66,0.66,0.66
711943,磐儀國票66購01,0,,,,
711944,晟田國泰63購01,31050,0.69,0.69,0.69,0.69
711945,立碁富邦61購03,48960,0.79,0.81,0.76,0.76
711946,威剛富邦64購02,0,,,,
711947,頎邦統一6A購01,353260,1.05,1.09,1.03,1.05
711948,中光電群益62購01,0,,,,
711949,正德國票62購01,1167180,0.98,0.98,0.98,0.98
711950,威剛國票62購03,68900,1.3,1.3,1.3,1.3
711951,美達國票62購01,0,,,,
711952,森鉅國票67購01,0,,,,
711953,群聯國票62購02,32640,1.16,1.18,1.16,1.18
711954,世界中信62購01,0,,,,
711955,宜鼎永豐63購04,195240,1.51,1.54,1.51,1.51
711956,富喬永豐62購01,0,,,,
711957,富喬永豐63購01,66960,4.15,4.22,4.15,4.22
711958,台嘉碩國泰63購01,0,,,,
711959,宜鼎國泰63購01,143720,1.97,1.97,1.94,1.94
711960,群聯國泰65購01,59930,2.17,2.26,2.16,2.25
711961,群聯富邦63購04,6250,1.25,1.25,1.25,1.25
711962,群聯富邦63購05,518400,1.15,1.17,1.12,1.14
711963,群聯富邦63購06,48800,1.21,1.24,1.19,1.24
711964,頎邦富邦63購03,0,,,,
711965,雙鴻富邦63購03,0,,,,
711966,雙鴻富邦63購04,19900,1.99,1.99,1.99,1.99
711967,M31台新62購02,0,,,,
711968,頎邦台新62購01,0,,,,
711969,元太凱基65購01,0,,,,
711970,宜鼎凱基62購01,0,,,,
711971,威剛凱基63購02,218510,2.06,2.11,2.06,2.08
711972,高技凱基62購01,173470,2.01,2.04,1.84,1.84
711973,富喬凱基62購02,0,,,,
711974,群聯凱基62購01,0,,,,
711975,頎邦凱基63購02,11360,3.77,3.89,3.7,3.7
711976,廣積凱基62購01,0,,,,
711977,磐儀凱基62購01,0,,,,
711978,雙鴻凱基62購01,116000,5.05,5.05,5.0,5.0
711979,M31元大62購01,81620,1.06,1.06,1.06,1.06
711980,M31元大65購01,352260,0.86,0.86,0.85,0.86
711981,巨漢元大62購01,0,,,,
711982,良維元大62購01,3220,1.61,1.61,1.61,1.61
711983,威剛元大62購03,7520,1.88,1.88,1.88,1.88
711984,博智元大62購01,0,,,,
711985,富喬元大67購01,0,,,,
711986,鈊象元大62購05,154770,0.77,0.77,0.77,0.77
711987,鈊象元大62購06,175650,1.42,1.42,1.41,1.41
711988,群聯元大62購04,255180,1.76,1.81,1.75,1.81
711989,中光電永豐63購01,55750,1.03,1.05,1.0,1.05
711990,家登永豐63購01,50100,3.86,3.86,3.85,3.85
711991,富喬永豐65購02,466560,4.6,4.74,4.36,4.36
711992,富喬永豐68購02,73980,4.11,4.11,4.11,4.11
711993,群聯永豐64購10,0,,,,
711994,新應材群益62購01,68740,1.1,1.11,1.09,1.11
711995,中美晶台新62購01,872360,0.99,1.06,0.99,0.99
711996,宜鼎台新62購02,0,,,,
711997,欣銓台新62購01,43110,2.83,2.89,2.71,2.71
711998,威剛台新62購02,0,,,,
711999,倉和台新68購01,0,,,,
712000,臺慶科台新62購01,88670,1.62,1.67,1.6,1.6
712001,中光電凱基63購01,0,,,,
712002,中美晶凱基63購04,0,,,,
712003,巨漢凱基63購01,172920,1.23,1.23,1.19,1.21
712004,良維凱基63購01,0,,,,
712005,博智凱基63購03,0,,,,
712006,順達凱基63購03,51420,2.06,2.06,2.02,2.02
712007,鈊象凱基64購03,0,,,,
712008,群聯凱基63購04,0,,,,
712009,群聯凱基64購05,197680,3.26,3.34,3.24,3.26
712010,元太國票64購01,12500,0.55,0.55,0.54,0.54
712011,世紀*國票66購01,0,,,,
712012,光焱國票66購01,177010,0.9,0.9,0.75,0.76
712013,光焱國票68購01,103700,1.36,1.36,1.24,1.24
712014,沛亨國票66購01,293670,2.2,2.2,2.11,2.11
712015,宜鼎國票68購01,0,,,,
712016,順達國票65購02,30200,1.51,1.51,1.51,1.51
712017,臺慶科國票64購01,0,,,,
712018,譜瑞國票66購01,0,,,,
712019,中美晶元大64購03,19300,0.62,0.68,0.62,0.68
712020,均華元大64購01,12850,2.57,2.57,2.57,2.57
712021,均豪元大64購03,170140,1.18,1.18,1.16,1.16
712022,系統電元大64購01,0,,,,
712023,良維元大63購02,0,,,,
712024,良維元大64購01,18840,1.35,1.35,1.33,1.33
712025,宜鼎元大64購01,498600,1.15,1.21,1.14,1.16
712026,陽程元大64購01,0,,,,
712027,鈊象元大63購06,148550,1.2,1.2,1.19,1.2
712028,鈊象元大63購07,65620,0.88,0.89,0.88,0.89
712029,鈊象元大64購03,0,,,,
712030,新應材元大63購01,73020,1.65,1.68,1.65,1.67
712031,新應材元大63購02,39000,1.56,1.56,1.56,1.56
712032,新應材元大63購03,0,,,,
712033,新應材元大64購01,0,,,,
712034,群聯元大63購07,227670,1.81,1.87,1.81,1.87
712035,群聯元大63購08,210940,2.18,2.24,2.17,2.24
712036,群聯元大64購12,135080,1.27,1.28,1.26,1.28
712037,威剛國泰63購01,0,,,,
712038,聖暉*國泰63購01,80550,0.86,0.86,0.82,0.82
712039,M31富邦65購01,121580,0.68,0.69,0.66,0.66
712040,群聯富邦64購02,0,,,,
712041,台特化國票67購01,0,,,,
712042,艾訊國票67購01,18400,0.92,0.92,0.92,0.92
712043,宏捷科國票69購01,21930,0.8,0.83,0.8,0.83
712044,高技國票65購02,0,,,,
712045,博磊國票66購01,0,,,,
712046,竑騰群益62購01,44740,2.25,2.27,2.2,2.2
712047,順達群益62購01,55680,2.32,2.32,2.32,2.32
712048,新應材群益62購02,42080,1.08,1.08,1.06,1.06
712049,聖暉*群益62購01,0,,,,
712050,營邦群益62購01,0,,,,
712051,營邦群益62購02,0,,,,
712052,中光電元大64購02,2000,0.4,0.4,0.4,0.4
712053,宜鼎元大63購05,449790,1.29,1.37,1.29,1.3
712054,宜鼎元大64購02,357290,1.11,1.17,1.1,1.17
712055,威剛元大63購01,4680,1.56,1.56,1.56,1.56
712056,威剛元大64購02,0,,,,
712057,倉和元大63購01,16000,8.0,8.0,8.0,8.0
712058,高技元大63購01,87320,2.32,2.32,2.29,2.29
712059,富喬元大63購02,0,,,,
712060,智通*元大63購03,97260,2.56,2.56,2.55,2.55
712061,智通*元大64購01,98540,1.76,1.76,1.75,1.75
712062,群聯元大63購09,3520,1.76,1.76,1.76,1.76
712063,蜜望實元大63購01,148860,0.78,0.79,0.72,0.72
712064,廣穎元大63購01,68600,0.7,0.7,0.7,0.7
712065,雙鴻元大63購05,0,,,,
712066,雙鴻元大63購06,5050,5.05,5.05,5.05,5.05
712067,雙鴻元大64購03,267060,1.65,1.65,1.62,1.62
712068,均華國泰63購01,44500,4.6,4.6,4.3,4.3
712069,家登國泰63購01,0,,,,
712070,順達國泰63購01,30000,2.0,2.0,2.0,2.0
712071,順達國泰63購02,207340,1.7,1.83,1.7,1.76
712072,鈊象國泰63購01,0,,,,
712073,新應材國泰63購01,40000,2.0,2.0,2.0,2.0
712074,營邦國泰63購01,45800,4.58,4.58,4.58,4.58
712075,新應材中信62購01,0,,,,
712076,竑騰永豐63購01,63460,1.53,1.53,1.48,1.48
712077,博磊永豐63購01,0,,,,
712078,順達永豐63購01,161050,2.0,2.09,2.0,2.06
712079,新應材永豐68購01,0,,,,
712080,新應材永豐68購02,39000,0.75,0.75,0.75,0.75
712081,新應材永豐68購03,0,,,,
712082,群聯永豐64購11,0,,,,
712083,均華凱基64購01,404370,3.24,3.24,3.05,3.05
712084,沛亨凱基63購01,142500,2.85,2.85,2.85,2.85
712085,宜鼎凱基68購01,1121980,2.04,2.11,1.99,2.03
712086,新應材凱基63購01,30480,1.27,1.27,1.27,1.27
712087,新應材凱基63購02,8450,1.69,1.69,1.69,1.69
712088,新應材凱基63購03,36860,1.94,1.94,1.94,1.94
712089,新應材凱基64購01,0,,,,
712090,群聯凱基63購05,26800,3.27,3.37,3.27,3.35
712091,臺慶科凱基63購02,681730,2.14,2.19,2.08,2.08
712092,雙鴻凱基63購05,0,,,,
712093,譜瑞凱基63購01,173190,1.27,1.27,1.26,1.27
712094,世界台新65購01,20400,2.07,2.07,2.01,2.01
712095,巨漢台新62購01,3845100,1.63,1.63,1.59,1.59
712096,均華台新62購01,0,,,,
712097,均華台新62購02,0,,,,
712098,宜鼎台新62購03,20800,1.6,1.6,1.6,1.6
712099,竑騰台新62購01,0,,,,
712100,家登台新62購02,0,,,,
712101,國眾台新65購01,0,,,,
712102,博磊台新62購01,114600,1.12,1.13,1.03,1.03
712103,群聯台新68購01,56520,3.14,3.14,3.14,3.14
712104,聚和台新62購01,12780,1.42,1.42,1.42,1.42
712105,營邦台新62購01,0,,,,
712106,營邦台新62購02,0,,,,
712107,營邦台新65購01,9570,3.19,3.19,3.19,3.19
712108,均華富邦63購01,0,,,,
712109,宜鼎富邦62購01,540940,0.87,0.91,0.85,0.87
712110,家登富邦64購01,0,,,,
712111,家登富邦64購02,0,,,,
712112,順達富邦63購02,132560,1.01,1.03,1.01,1.03
712113,新應材富邦63購03,0,,,,
712114,新應材富邦64購01,0,,,,
712115,營邦富邦64購01,0,,,,
712116,新應材統一71購01,0,,,,
712117,新應材統一71購02,0,,,,
712118,群聯統一6A購01,27720,0.99,0.99,0.99,0.99
712119,世禾國票66購01,0,,,,
712120,系統電國票67購01,0,,,,
712121,系微國票65購02,10620,0.84,0.84,0.81,0.81
712122,松上國票65購01,55680,0.64,0.64,0.64,0.64
712123,前鼎國票65購01,13740,2.29,2.29,2.29,2.29
712124,能率國票65購01,0,,,,
712125,華景電國票65購02,0,,,,
712126,順達國票67購01,32490,1.71,1.71,1.71,1.71
712127,廣穎國票65購02,0,,,,
712128,中美晶台新65購02,0,,,,
712129,宜鼎台新62購04,18720,1.56,1.56,1.56,1.56
712130,新應材台新62購01,0,,,,
712131,新應材台新62購02,0,,,,
712132,中光電元大64購03,0,,,,
712133,中美晶元大64購04,372570,1.42,1.55,1.42,1.53
712134,台特化元大64購01,117160,1.01,1.01,1.01,1.01
712135,富喬元大64購05,0,,,,
712136,廣積元大63購04,14040,2.34,2.34,2.34,2.34
712137,營邦元大64購01,0,,,,
712138,中美晶中信62購01,25580,0.69,0.75,0.68,0.75
712139,富喬中信64購01,330360,2.46,2.54,2.3,2.32
712140,中光電永豐63購02,0,,,,
712141,系統電永豐64購02,0,,,,
712142,宜鼎永豐63購05,13100,1.31,1.31,1.31,1.31
712143,宜鼎永豐64購03,343570,1.43,1.51,1.43,1.51
712144,宜鼎永豐65購02,221020,1.07,1.11,1.05,1.06
712145,倉和永豐63購01,0,,,,
712146,耕興永豐63購01,0,,,,
712147,晟德永豐63購01,0,,,,
712148,頎邦永豐63購02,190870,2.65,2.8,2.64,2.71
712149,雙鴻永豐63購04,58590,2.79,2.79,2.79,2.79
712150,雙鴻永豐64購04,281670,3.11,3.24,2.97,2.97
712151,M31群益62購01,0,,,,
712152,世界群益62購03,275880,1.79,1.82,1.73,1.73
712153,均華群益68購01,2268570,3.72,3.72,3.5,3.5
712154,宜特群益62購01,173470,1.3,1.3,1.25,1.25
712155,家登群益62購01,84000,2.8,2.8,2.8,2.8
712156,博智群益63購02,0,,,,
712157,群聯群益64購02,767900,3.22,3.4,3.22,3.34
712158,頎邦群益62購01,113020,2.53,2.74,2.53,2.57
712159,雙鴻群益64購01,38150,5.45,5.45,5.45,5.45
712160,中美晶凱基63購05,80660,2.18,2.18,2.18,2.18
712161,宏捷科凱基67購01,457150,1.09,1.11,1.04,1.04
712162,系統電凱基64購01,0,,,,
712163,宜鼎凱基63購02,266050,1.6,1.67,1.58,1.58
712164,威剛凱基64購02,13000,1.3,1.3,1.3,1.3
712165,倉和凱基63購01,0,,,,
712166,智通*凱基63購01,45800,2.4,2.4,2.18,2.18
712167,群聯凱基63購06,45360,1.08,1.08,1.08,1.08
712168,蜜望實凱基63購01,47800,1.19,1.2,1.19,1.2
712169,營邦凱基63購01,526760,4.26,4.26,4.08,4.08
712170,雙鴻凱基63購06,297900,4.47,4.47,4.22,4.22
712171,巨漢富邦63購02,0,,,,
712172,博智富邦63購02,138660,0.86,0.86,0.84,0.84
712173,頎邦富邦64購02,0,,,,
712174,中美晶國泰63購03,97700,1.95,1.96,1.95,1.96
712175,巨漢國泰63購01,0,,,,
712176,頎邦國泰63購03,0,,,,
712177,雙鴻國泰63購02,0,,,,
712178,元太統一6A購01,11250,0.45,0.45,0.45,0.45
712179,富喬統一6A購01,0,,,,
712180,中光電元大64購04,179460,0.78,0.78,0.77,0.77
712181,弘塑元大63購03,471410,0.85,0.93,0.85,0.93
712182,弘塑元大64購02,1177420,0.97,1.04,0.97,1.01
712183,艾訊元大63購01,5550,1.13,1.13,1.08,1.08
712184,威剛元大63購04,34850,1.4,1.4,1.39,1.39
712185,威剛元大64購03,2820,0.94,0.94,0.94,0.94
712186,博智元大64購01,0,,,,
712187,萬潤元大63購01,930980,1.13,1.16,1.08,1.08
712188,中光電台新65購01,0,,,,
712189,中美晶台新65購03,27040,1.04,1.12,1.04,1.12
712190,均華台新62購03,0,,,,
712191,欣銓台新62購02,0,,,,
712192,威剛台新65購01,0,,,,
712193,威剛台新68購01,0,,,,
712194,家登台新62購03,28730,1.69,1.69,1.69,1.69
712195,家登台新65購01,1340,1.34,1.34,1.34,1.34
712196,萬潤台新62購01,26200,1.33,1.33,1.29,1.29
712197,萬潤台新62購02,155140,1.83,1.93,1.83,1.87
712198,萬潤台新62購03,1118270,2.26,2.35,2.15,2.17
712199,萬潤台新65購01,1394680,1.84,1.9,1.75,1.78
712200,萬潤台新68購01,4133700,2.12,2.2,2.06,2.06
712201,世禾凱基66購01,0,,,,
712202,世界凱基63購04,0,,,,
712203,台特化凱基63購02,0,,,,
712204,宜特凱基63購01,14790,0.51,0.51,0.51,0.51
712205,高技凱基63購01,21600,1.35,1.35,1.35,1.35
712206,博智凱基63購04,0,,,,
712207,智通*凱基63購02,0,,,,
712208,新應材凱基63購05,0,,,,
712209,廣積凱基63購01,73800,1.22,1.24,1.22,1.24
712210,廣穎凱基63購01,0,,,,
712211,富喬中信64購02,29550,1.97,1.97,1.97,1.97
712212,中美晶永豐64購05,42200,0.94,1.0,0.93,0.93
712213,天正永豐65購01,0,,,,
712214,朋億*永豐63購01,890,0.89,0.89,0.89,0.89
712215,金山電永豐65購01,153950,0.78,0.79,0.75,0.75
712216,家登永豐63購02,30600,1.02,1.02,1.02,1.02
712217,港建*永豐64購01,0,,,,
712218,萬潤永豐65購01,1438230,1.1,1.15,1.07,1.08
712219,萬潤永豐66購01,78060,1.15,1.15,1.14,1.14
712220,萬潤永豐68購01,1398090,1.62,1.67,1.57,1.57
712221,德昌永豐65購01,0,,,,
712222,營邦永豐63購01,18360,2.04,2.04,2.04,2.04
712223,久元國票66購01,0,,,,
712224,互動國票66購01,6700,0.67,0.67,0.67,0.67
712225,朋億*國票66購01,720,0.72,0.72,0.72,0.72
712226,金山電國票65購01,12410,0.73,0.73,0.73,0.73
712227,金山電國票67購01,72160,0.85,0.85,0.79,0.79
712228,家登國票63購01,0,,,,
712229,高技國票66購01,0,,,,
712230,凱崴國票65購01,9100,0.91,0.91,0.91,0.91
712231,博磊國票68購01,0,,,,
712232,港建*國票63購01,0,,,,
712233,瑞穎國票63購01,0,,,,
712234,萬潤國票66購01,686170,0.9,0.94,0.88,0.88
712235,萬潤國票68購01,452130,0.97,0.99,0.97,0.99
712236,中美晶富邦62購02,685680,0.77,0.86,0.76,0.81
712237,弘塑富邦63購02,109250,0.58,0.62,0.58,0.62
712238,威剛富邦62購02,0,,,,
712239,中美晶群益62購03,46760,1.67,1.67,1.67,1.67
712240,台嘉碩群益62購01,0,,,,
712241,弘塑群益62購01,172000,0.86,0.86,0.86,0.86
712242,弘塑群益62購02,0,,,,
712243,宏捷科群益64購01,293770,0.92,0.98,0.92,0.95
712244,系統電群益62購01,9600,0.96,0.96,0.96,0.96
712245,宜鼎群益62購01,274900,0.88,0.9,0.83,0.86
712246,金山電群益62購01,484500,1.49,1.49,1.37,1.37
712247,前鼎群益68購01,74450,4.79,5.25,4.79,5.25
712248,威剛群益62購03,0,,,,
712249,原相群益62購01,69020,1.18,1.18,1.16,1.16
712250,智通*群益62購01,216240,1.36,1.36,1.14,1.14
712251,新應材群益66購01,0,,,,
712252,萬潤群益68購01,1197700,1.77,1.82,1.71,1.71
712253,群聯群益68購01,311710,3.07,3.07,3.04,3.05
712254,頎邦群益62購02,685510,3.08,3.33,3.08,3.11
712255,雙鴻群益62購03,24300,2.43,2.43,2.43,2.43
712256,元太統一66購01,0,,,,
712257,世禾統一68購01,29760,0.62,0.62,0.62,0.62
712258,沛亨統一68購02,90470,1.09,1.09,1.09,1.09
712259,金山電統一67購01,171460,0.53,0.54,0.52,0.54
712260,金山電統一6B購01,1304390,0.67,0.68,0.66,0.67
712261,金山電統一6C購01,930720,0.68,0.68,0.67,0.67
712262,能率亞統一68購01,11340,0.54,0.54,0.54,0.54
712263,港建*統一6B購01,0,,,,
712264,新應材統一68購01,0,,,,
712265,萬潤統一65購01,631300,0.97,1.03,0.94,0.95
712266,萬潤統一6A購03,729540,0.93,0.96,0.9,0.9
712267,萬潤統一6B購01,1290610,0.72,0.73,0.69,0.69
712268,萬潤統一6C購01,115870,0.68,0.69,0.66,0.66
712269,弘塑國泰63購01,60480,0.96,0.96,0.96,0.96
712270,弘塑國泰63購02,67280,0.84,0.9,0.84,0.9
712271,泓格國泰63購02,290400,0.88,0.88,0.88,0.88
712272,金山電國泰63購01,65190,2.09,2.18,2.05,2.18
712273,金山電國泰64購01,195360,2.01,2.05,2.01,2.05
712274,萬潤國泰63購01,1911570,1.51,1.57,1.45,1.46
712275,弘塑台新62購01,40170,1.03,1.03,1.03,1.03
712276,弘塑台新62購02,0,,,,
712277,弘塑台新62購03,0,,,,
712278,弘塑台新68購01,26800,1.34,1.34,1.34,1.34
712279,弘塑台新68購02,105090,0.93,0.99,0.93,0.99
712280,沛亨台新62購01,201970,1.99,1.99,1.98,1.98
712281,沛亨台新62購02,0,,,,
712282,韋僑台新62購01,0,,,,
712283,韋僑台新62購02,0,,,,
712284,竑騰台新62購02,492250,1.27,1.28,1.16,1.16
712285,博智台新62購01,0,,,,
712286,新應材台新62購03,0,,,,
712287,群聯台新62購01,0,,,,
712288,群聯台新62購02,0,,,,
712289,雙鴻台新62購01,0,,,,
712290,雙鴻台新68購01,0,,,,
712291,雙鴻台新68購02,0,,,,
712292,中光電元大63購02,0,,,,
712293,中光電元大64購05,88500,0.59,0.59,0.59,0.59
712294,世界元大63購08,14410,1.31,1.31,1.31,1.31
712295,世界元大63購09,28600,0.81,0.82,0.81,0.82
712296,世界元大64購09,80360,0.49,0.49,0.49,0.49
712297,弘塑元大64購03,412080,0.6,0.63,0.6,0.63
712298,良維元大64購02,92790,1.05,1.08,1.05,1.08
712299,宜鼎元大64購03,494370,0.96,1.01,0.96,1.0
712300,陽程元大64購02,27930,2.5,2.5,2.27,2.27
712301,鈊象元大63購08,216080,0.74,0.74,0.74,0.74
712302,中光電凱基65購01,0,,,,
712303,中美晶凱基63購06,606090,0.77,0.82,0.73,0.73
712304,弘塑凱基63購01,37100,0.53,0.53,0.53,0.53
712305,弘塑凱基64購01,74760,0.84,0.84,0.84,0.84
712306,金山電凱基63購01,329910,1.22,1.22,1.11,1.11
712307,金山電凱基63購02,445130,1.24,1.26,1.16,1.16
712308,威剛凱基63購04,0,,,,
712309,群聯凱基66購03,75400,1.16,1.16,1.16,1.16
712310,頎邦凱基64購03,93720,1.58,1.75,1.58,1.63
712311,雙鴻凱基63購08,32200,2.3,2.3,2.3,2.3
712312,均華國泰64購01,55660,2.42,2.42,2.42,2.42
712313,新應材國泰64購01,16800,1.2,1.2,1.2,1.2
712314,弘塑統一67購01,158080,0.5,0.52,0.5,0.52
712315,由田統一68購01,225400,0.85,0.85,0.83,0.83
712316,金山電統一66購01,152240,0.47,0.48,0.47,0.48
712317,金山電統一68購01,207590,0.69,0.71,0.67,0.67
712318,前鼎統一6C購01,1652430,0.97,1.04,0.96,0.97
712319,倉和統一68購01,0,,,,
712320,富喬中信64購03,9700,1.25,1.25,1.18,1.18
712321,元太永豐63購01,22800,0.95,0.95,0.95,0.95
712322,巨漢永豐63購01,0,,,,
712323,宏碁資永豐63購01,4450,0.91,0.91,0.86,0.86
712324,建榮永豐64購01,75740,1.3,1.3,1.23,1.23
712325,胡連永豐63購01,42070,0.78,0.78,0.77,0.77
712326,茂綸永豐64購01,68150,0.88,0.98,0.88,0.98
712327,茂綸永豐65購01,152940,1.1,1.28,1.1,1.28
712328,竑騰永豐64購01,92140,1.11,1.11,1.09,1.09
712329,富喬永豐64購02,95460,2.31,2.31,2.22,2.22
712330,富喬永豐67購01,0,,,,
712331,聖暉*永豐63購01,87040,1.22,1.35,1.22,1.35
712332,元太國票66購01,0,,,,
712333,世界國票67購01,143510,1.03,1.03,1.0,1.0
712334,弘塑國票66購01,0,,,,
712335,全宇昕國票65購02,1500,0.75,0.75,0.75,0.75
712336,均華國票63購01,70890,1.39,1.39,1.39,1.39
712337,長佳智國票65購01,0,,,,
712338,前鼎國票67購01,378910,1.79,1.88,1.76,1.76
712339,博智國票63購01,0,,,,
712340,智通*國票63購01,0,,,,
712341,新應材國票63購01,0,,,,
712342,新應材國票64購01,0,,,,
712343,廣穎國票67購01,0,,,,
712344,德勝國票66購01,0,,,,
712345,世界群益67購01,21840,0.84,0.84,0.84,0.84
712346,台特化群益67購01,133680,1.06,1.07,1.06,1.07
712347,由田群益62購01,210720,2.06,2.11,1.99,1.99
712348,宏捷科群益62購01,364320,0.6,0.67,0.6,0.62
712349,沛亨群益62購01,808710,2.01,2.13,2.01,2.02
712350,茂達群益62購01,27620,0.94,0.94,0.91,0.91
712351,矽科台新62購01,0,,,,
712352,新應材台新62購04,0,,,,
712353,世界凱基63購05,44020,0.88,0.89,0.88,0.89
712354,台特化凱基67購01,89700,1.55,1.55,1.53,1.53
712355,宜鼎凱基63購03,7740,0.86,0.86,0.86,0.86
712356,前鼎凱基67購01,972140,1.93,2.23,1.91,1.95
712357,新應材凱基64購02,0,,,,
712358,青雲元大63購01,10080,0.78,0.78,0.76,0.76
712359,鈊象中信62購01,0,,,,
712360,前鼎永豐68購01,690750,2.03,2.34,2.03,2.11
712361,博智永豐63購01,28700,1.43,1.44,1.43,1.44
712362,達航永豐63購02,0,,,,
712363,廣積永豐63購01,0,,,,
712364,東洋國票63購01,0,,,,
712365,前鼎國票68購01,354850,1.68,1.8,1.59,1.61
712366,竑騰國票63購01,282410,1.16,1.18,1.06,1.06
712367,聚和國票65購01,0,,,,
712368,廣積國票65購02,0,,,,
712369,中美晶群益64購02,0,,,,
712370,欣銓群益63購01,353760,1.86,1.88,1.8,1.8
712371,金山電群益63購01,227130,1.15,1.18,1.12,1.17
712372,青雲群益63購01,10900,1.09,1.09,1.09,1.09
712373,威剛群益64購01,63280,0.56,0.56,0.56,0.56
712374,家登群益63購04,52200,1.8,1.8,1.8,1.8
712375,群聯群益64購03,0,,,,
712376,雙鴻群益64購02,6062620,1.64,1.64,1.38,1.38
712377,群聯國泰67購01,41630,1.81,1.81,1.81,1.81
712378,世界富邦65購01,5300,0.53,0.53,0.53,0.53
712379,富喬富邦62購01,0,,,,
712380,新應材富邦64購02,66000,0.44,0.44,0.44,0.44
712381,沛亨統一65購03,250510,1.06,1.07,1.02,1.02
712382,長科*統一68購01,29900,0.64,0.66,0.64,0.66
712383,前鼎統一66購01,2560,1.28,1.28,1.28,1.28
712384,前鼎統一68購01,92710,0.96,1.03,0.92,0.92
712385,富喬統一65購04,118100,1.73,1.73,1.68,1.68
712386,頎邦統一66購02,2271750,1.11,1.22,1.11,1.14
712387,M31國票67購01,0,,,,
712388,博磊國票65購01,84000,0.4,0.4,0.4,0.4
712389,宜鼎台新65購01,0,,,,
712390,青雲台新63購01,91240,1.79,1.79,1.74,1.74
712391,宸曜台新62購01,9160,1.14,1.14,0.98,0.98
712392,宸曜台新62購02,0,,,,
712393,新應材台新64購01,0,,,,
712394,群聯台新65購01,0,,,,
712395,雙鴻台新65購01,0,,,,
712396,雙鴻台新65購02,0,,,,
712397,M31凱基63購01,192080,0.7,0.7,0.67,0.67
712398,中美晶凱基64購02,360290,1.1,1.14,1.05,1.09
712399,方土昶凱基63購01,0,,,,
712400,宜鼎凱基63購04,0,,,,
712401,青雲凱基63購01,51610,1.37,1.37,1.34,1.34
712402,威剛凱基64購03,0,,,,
712403,富喬凱基65購01,0,,,,
712404,富喬凱基68購01,0,,,,
712405,群聯凱基63購07,13800,1.15,1.15,1.15,1.15
712406,群聯凱基63購08,37300,0.98,1.01,0.98,1.01
712407,群聯凱基63購09,29670,1.14,1.15,1.14,1.15
712408,群聯凱基63購10,0,,,,
712409,雙鴻凱基63購09,156250,1.84,1.98,1.78,1.78
712410,方土昶群益63購01,0,,,,
712411,世界群益66購02,23120,0.68,0.68,0.68,0.68
712412,世紀*群益63購01,0,,,,
712413,世紀*群益63購02,0,,,,
712414,台特化群益66購01,0,,,,
712415,弘塑群益63購01,22720,0.71,0.71,0.71,0.71
712416,艾訊群益63購01,0,,,,
712417,艾訊群益63購02,0,,,,
712418,倚強群益69購01,0,,,,
712419,群聯群益64購04,610,0.61,0.61,0.61,0.61
712420,廣穎群益62購01,90240,0.94,0.94,0.94,0.94
712421,雙鴻群益65購01,171840,1.2,1.2,1.01,1.01
712422,閎康元大63購04,114810,0.43,0.43,0.43,0.43
712423,新應材元大63購04,0,,,,
712424,新應材元大64購02,0,,,,
712425,營邦元大64購02,812850,1.85,1.92,1.85,1.87
712426,宜鼎中信62購01,49690,0.49,0.51,0.48,0.49
712427,威剛中信63購01,0,,,,
712428,群聯中信66購01,0,,,,
712429,雙鴻中信63購03,144050,0.88,0.91,0.86,0.86
712430,均華永豐63購01,11480,1.64,1.64,1.64,1.64
712431,沛亨永豐64購01,0,,,,
712432,威剛永豐68購02,0,,,,
712433,茂訊永豐63購01,19430,0.67,0.67,0.67,0.67
712434,新潤永豐63購01,0,,,,
712435,新應材永豐68購04,0,,,,
712436,群聯永豐68購01,1260,0.63,0.63,0.63,0.63
712437,雙鴻永豐64購05,499650,1.66,1.66,1.36,1.36
712438,群聯國泰63購03,63070,1.38,1.38,1.37,1.37
712439,群聯國泰65購02,0,,,,
712440,聖暉*國泰63購02,59950,0.55,0.55,0.55,0.55
712441,譜瑞國泰63購01,0,,,,
712442,鑫聯國泰63購01,0,,,,
712443,宏捷科富邦64購01,28310,0.49,0.49,0.46,0.46
712444,宏捷科富邦65購01,40000,0.5,0.5,0.5,0.5
712445,宜鼎富邦68購01,83110,0.41,0.42,0.41,0.42
712446,頎邦富邦64購03,1224650,0.9,0.99,0.9,0.94
712447,頎邦富邦65購01,828960,0.75,0.79,0.72,0.74
712448,譜瑞富邦64購02,24480,0.51,0.51,0.51,0.51
712449,M31統一68購01,0,,,,
712450,陽程統一66購02,0,,,,
712451,雙鴻統一64購02,37130,0.79,0.79,0.79,0.79
712452,台特化台新65購01,203820,1.58,1.58,1.58,1.58
712453,宜鼎台新64購02,12240,1.02,1.02,1.02,1.02
712454,富喬台新65購01,26120,3.99,4.03,3.62,3.62
712455,順達台新64購01,139180,1.56,1.67,1.55,1.67
712456,新應材台新64購02,0,,,,
712457,頎邦台新68購01,226800,3.26,3.52,3.26,3.4
712458,營邦台新65購02,13620,2.27,2.27,2.27,2.27
712459,鴻呈台新62購01,0,,,,
712460,雙鴻台新62購02,263430,5.0,5.0,4.39,4.39
712461,世界凱基66購02,253850,1.03,1.04,1.01,1.02
712462,世紀*凱基63購01,0,,,,
712463,弘塑凱基63購02,45000,0.9,0.9,0.9,0.9
712464,弘塑凱基63購03,95050,1.15,1.22,1.15,1.22
712465,艾訊凱基63購01,0,,,,
712466,倚強凱基63購01,15900,1.59,1.59,1.59,1.59
712467,富喬凱基63購03,76050,1.89,1.89,1.75,1.75
712468,閎康凱基63購01,0,,,,
712469,順達凱基63購04,45630,1.17,1.17,1.17,1.17
712470,新應材凱基63購06,0,,,,
712471,廣積凱基64購01,0,,,,
712472,順達中信62購01,0,,,,
712473,群聯中信62購02,0,,,,
712474,均華永豐63購02,0,,,,
712475,良維永豐63購01,0,,,,
712476,宜鼎永豐66購02,31680,0.68,0.7,0.68,0.7
712477,順達永豐63購02,168200,1.59,1.67,1.58,1.67
712478,順達永豐63購03,117920,0.86,0.9,0.86,0.9
712479,群聯永豐65購07,0,,,,
712480,群聯永豐65購08,28800,0.96,0.96,0.96,0.96
712481,群聯永豐68購02,768810,1.41,1.45,1.41,1.45
712482,廣閎科永豐63購01,70940,0.81,0.81,0.79,0.79
712483,廣閎科永豐63購02,0,,,,
712484,廣閎科永豐65購01,87760,0.78,0.78,0.77,0.77
712485,廣閎科永豐68購01,34690,0.81,0.81,0.8,0.8
712486,廣穎永豐65購02,49720,1.13,1.13,1.13,1.13
712487,巨漢元大64購01,0,,,,
712488,宜鼎元大63購06,280560,0.71,0.73,0.7,0.73
712489,宜鼎元大64購04,296700,0.34,0.35,0.33,0.33
712490,富喬元大63購03,778560,1.87,1.9,1.87,1.89
712491,富喬元大63購04,1256940,1.75,1.76,1.67,1.67
712492,富喬元大63購05,0,,,,
712493,富喬元大63購06,582220,2.91,2.93,2.72,2.72
712494,富喬元大64購06,1133450,1.43,1.49,1.39,1.39
712495,群聯元大63購10,177460,1.49,1.56,1.49,1.56
712496,群聯元大63購13,0,,,,
712497,廣積元大63購05,16080,0.67,0.67,0.67,0.67
712498,廣穎元大63購02,0,,,,
712499,廣穎元大63購03,0,,,,
712500,營邦元大63購01,81200,1.4,1.4,1.4,1.4
712501,營邦元大63購03,313990,0.96,1.0,0.94,0.94
712502,營邦元大64購04,119520,0.95,0.98,0.95,0.95
712503,雙鴻元大64購04,71100,1.45,1.45,1.2,1.2
712504,千如國票66購01,110110,0.91,0.91,0.91,0.91
712505,富喬國票64購01,3160,3.16,3.16,3.16,3.16
712506,富喬國票66購01,28130,4.09,4.09,3.99,3.99
712507,鴻呈國票66購01,24500,0.49,0.49,0.49,0.49
712508,雙鴻國票69購01,0,,,,
712509,千如國泰63購01,0,,,,
712510,宜鼎國泰63購02,29440,1.28,1.28,1.28,1.28
712511,富喬國泰63購03,0,,,,
712512,新應材國泰63購02,0,,,,
712513,千附精富邦62購01,11400,0.57,0.57,0.57,0.57
712514,中美晶富邦65購01,281390,0.55,0.61,0.55,0.58
712515,順達富邦63購03,85690,0.79,0.85,0.79,0.85
712516,廣閎科富邦62購01,22420,0.38,0.38,0.38,0.38
712517,營邦富邦65購01,473270,1.32,1.32,1.24,1.27
712518,中美晶群益63購02,444470,2.09,2.33,2.09,2.21
712519,宜鼎群益63購01,0,,,,
712520,威剛群益63購02,0,,,,
712521,順達群益63購01,168160,1.63,1.71,1.63,1.71
712522,群聯群益63購03,683090,2.74,2.9,2.74,2.89
712523,廣閎科群益63購01,0,,,,
712524,磐儀群益63購01,0,,,,
712525,雙鴻群益63購04,67200,2.1,2.1,2.1,2.1
712526,譜瑞群益62購01,0,,,,
712527,弘塑統一66購01,220400,0.52,0.56,0.52,0.56
712528,均華統一69購01,840160,0.79,0.82,0.77,0.78
712529,高技統一66購01,102700,0.65,0.65,0.65,0.65
712530,陽程統一66購03,0,,,,
712531,順達統一6B購01,339300,0.75,0.76,0.74,0.76
712532,世界群益62購04,158520,1.37,1.39,1.34,1.34
712533,台半群益63購01,21800,1.05,1.14,1.05,1.14
712534,台特化群益62購02,205010,2.47,2.47,2.47,2.47
712535,東捷群益64購01,91510,1.1,1.1,0.96,0.96
712536,鉅橡群益63購01,4500,0.75,0.75,0.75,0.75
712537,臺慶科群益63購01,0,,,,
712538,廣閎科群益64購01,125920,1.2,1.28,1.2,1.28
712539,穩懋群益63購02,8947290,2.05,2.27,2.03,2.04
712540,穩懋群益64購01,331150,2.89,3.14,2.89,3.14
712541,中美晶元大64購05,330410,0.64,0.69,0.64,0.69
712542,方土昶元大63購02,0,,,,
712543,均華元大64購02,0,,,,
712544,朋億*元大63購01,51500,0.82,0.82,0.79,0.79
712545,東捷元大63購01,200670,1.14,1.14,1.02,1.02
712546,青雲元大63購02,201420,0.55,0.56,0.5,0.5
712547,高技元大63購02,0,,,,
712548,順達元大63購03,696160,0.81,0.85,0.79,0.85
712549,順達元大63購04,335980,1.31,1.38,1.3,1.38
712550,順達元大64購07,330950,1.09,1.13,1.06,1.1
712551,漢達元大64購01,0,,,,
712552,廣閎科元大64購01,350490,0.57,0.59,0.55,0.55
712553,廣積元大63購06,0,,,,
712554,廣穎元大63購04,0,,,,
712555,雙鴻元大63購08,197120,1.28,1.28,1.28,1.28
712556,雙鴻元大63購09,4748640,1.18,1.19,1.06,1.06
712557,雙鴻元大63購10,1501380,1.14,1.16,1.0,1.0
712558,雙鴻元大64購05,181720,1.18,1.18,1.18,1.18
712559,寶雅元大63購01,91540,0.83,0.84,0.83,0.84
712560,東捷統一66購02,359790,0.71,0.72,0.65,0.65
712561,東捷統一6B購01,22850,0.64,0.65,0.63,0.63
712562,穩懋統一66購02,71120,0.83,0.89,0.83,0.86
712563,穩懋統一67購01,172310,0.74,0.78,0.73,0.74
712564,穩懋統一68購01,0,,,,
712565,穩懋統一6C購02,141180,0.79,0.82,0.78,0.78
712566,穩懋統一6C購03,3030,1.01,1.01,1.01,1.01
712567,東捷富邦63購01,55140,0.72,0.72,0.69,0.69
712568,東捷國泰63購01,96560,1.69,1.75,1.69,1.75
712569,博盛國泰63購01,0,,,,
712570,營邦國泰63購02,8550,2.85,2.85,2.85,2.85
712571,鴻呈國泰63購01,26640,0.72,0.72,0.72,0.72
712572,穩懋國泰63購01,259800,2.43,2.5,2.43,2.5
712573,穩懋國泰63購03,155760,2.57,2.71,2.57,2.62
712574,穩懋國泰63購04,2703000,2.69,2.84,2.64,2.64
712575,穩懋國泰63購05,262530,3.04,3.16,2.93,2.93
712576,台半凱基63購01,1550,1.55,1.55,1.55,1.55
712577,宜鼎凱基64購02,64210,0.77,0.79,0.77,0.77
712578,威剛凱基63購06,990,0.99,0.99,0.99,0.99
712579,宸曜凱基63購01,0,,,,
712580,順達凱基63購05,0,,,,
712581,群聯凱基64購06,0,,,,
712582,漢達凱基63購01,91740,2.47,2.63,2.47,2.48
712583,營邦凱基63購02,0,,,,
712584,鴻呈凱基66購01,0,,,,
712585,雙鴻凱基64購02,224880,2.08,2.08,1.84,1.84
712586,穩懋凱基63購01,410320,1.73,1.88,1.66,1.66
712587,穩懋凱基63購02,167830,1.65,1.74,1.6,1.6
712588,穩懋凱基63購03,53000,2.65,2.65,2.65,2.65
712589,穩懋凱基63購04,36920,1.74,1.76,1.74,1.75
712590,穩懋凱基63購05,120140,2.59,2.64,2.59,2.64
712591,均華台新63購01,24000,2.0,2.0,2.0,2.0
712592,宜鼎台新64購03,13660,1.15,1.15,1.13,1.13
712593,東捷台新62購01,99850,1.26,1.34,1.2,1.2
712594,順達台新64購02,9880,1.16,1.26,1.16,1.26
712595,鈊象台新64購01,0,,,,
712596,穩懋台新62購01,1093470,1.82,1.94,1.73,1.73
712597,穩懋台新63購01,634520,2.28,2.41,2.2,2.2
712598,穩懋台新65購01,59770,1.26,1.3,1.23,1.29
712599,穩懋台新65購02,53800,1.54,1.59,1.51,1.51
712600,穩懋台新68購01,72020,1.85,1.89,1.83,1.83
712601,弘塑中信64購01,0,,,,
712602,穩懋中信68購01,21790,0.78,0.79,0.75,0.75
712603,台半永豐64購02,0,,,,
712604,台半永豐65購01,0,,,,
712605,台星科永豐64購01,9400,0.94,0.94,0.94,0.94
712606,由田永豐64購01,21770,1.13,1.18,1.12,1.15
712607,系統電永豐63購01,0,,,,
712608,東捷永豐63購01,182820,1.15,1.2,1.08,1.08
712609,東捷永豐63購02,111240,1.01,1.03,0.96,0.96
712610,東捷永豐63購03,34760,0.98,1.04,0.98,1.04
712611,東捷永豐65購01,150000,1.21,1.31,1.21,1.26
712612,東捷永豐65購02,100100,1.54,1.54,1.54,1.54
712613,東捷永豐68購01,325640,1.77,1.87,1.72,1.72
712614,欣銓永豐66購01,21150,1.41,1.41,1.41,1.41
712615,欣銓永豐68購01,348520,1.1,1.1,1.09,1.09
712616,彩富永豐63購01,0,,,,
712617,博盛永豐63購01,31320,1.08,1.08,1.08,1.08
712618,博盛永豐63購02,0,,,,
712619,博盛永豐65購01,0,,,,
712620,越峰永豐63購01,0,,,,
712621,穩得永豐63購01,0,,,,
712622,穩懋永豐64購01,277230,2.34,2.45,2.33,2.44
712623,穩懋永豐64購02,113150,2.98,3.01,2.8,2.8
712624,穩懋永豐66購01,0,,,,
712625,穩懋永豐68購01,135590,3.62,3.7,3.62,3.67
712626,均華國票63購02,0,,,,
712627,東捷國票63購01,101980,1.33,1.45,1.27,1.27
712628,東捷國票64購01,0,,,,
712629,元太群益63購01,1128380,0.84,0.9,0.84,0.86
712630,方土昶群益63購02,0,,,,
712631,世界群益63購01,152310,1.86,1.87,1.83,1.83
712632,巨有群益63購01,56240,2.9,3.08,2.9,2.96
712633,威剛群益62購04,20600,1.9,1.9,1.87,1.87
712634,胡連群益63購01,20880,0.72,0.72,0.72,0.72
712635,陽程群益63購03,0,,,,
712636,順達群益63購02,37290,1.13,1.13,1.13,1.13
712637,群聯群益62購01,3470,3.47,3.47,3.47,3.47
712638,漢達群益63購01,64300,2.44,2.53,2.42,2.42
712639,鴻呈群益63購01,0,,,,
712640,雙鴻群益62購04,0,,,,
712641,穩懋群益64購03,661850,2.75,2.98,2.72,2.72
712642,雙鴻中信64購02,156970,1.39,1.42,1.26,1.26
712643,新應材永豐64購02,0,,,,
712644,新應材永豐65購01,11700,1.17,1.17,1.17,1.17
712645,群聯永豐63購02,51000,0.85,0.85,0.85,0.85
712646,寶雅永豐63購01,0,,,,
712647,台半國泰63購01,18400,1.84,1.84,1.84,1.84
712648,胡連國泰63購01,0,,,,
712649,千附精元大63購01,0,,,,
712650,元太元大63購06,91800,0.51,0.51,0.51,0.51
712651,元太元大64購02,741280,0.73,0.78,0.73,0.76
712652,威剛元大64購04,0,,,,
712653,陽程元大63購03,66900,2.48,2.48,2.45,2.45
712654,陽程元大64購03,389520,1.2,1.24,1.06,1.06
712655,順達元大64購08,0,,,,
712656,鈊象元大64購04,0,,,,
712657,群聯元大64購13,0,,,,
712658,良維富邦63購01,669250,0.96,0.97,0.93,0.93
712659,穩懋富邦63購01,924810,1.18,1.25,1.15,1.15
712660,穩懋富邦64購01,274510,1.02,1.1,1.01,1.04
712661,台半統一68購01,76360,0.74,0.78,0.74,0.75
712662,東捷統一68購01,305940,0.59,0.63,0.57,0.57
712663,新普統一68購01,0,,,,
712664,穩懋統一68購02,150950,0.94,1.01,0.94,1.01
712665,千如凱基66購01,0,,,,
712666,中美晶凱基68購01,106820,1.56,1.66,1.56,1.63
712667,世界凱基63購06,51650,0.95,0.95,0.89,0.89
712668,弘塑凱基63購04,630310,0.87,0.98,0.87,0.88
712669,均華凱基64購02,170680,1.74,1.74,1.72,1.72
712670,宜鼎凱基66購01,246520,1.04,1.07,1.01,1.01
712671,東捷凱基63購02,203510,0.78,0.82,0.71,0.71
712672,金益鼎凱基63購01,0,,,,
712673,順達凱基63購06,0,,,,
712674,頎邦凱基63購03,1524060,2.16,2.27,2.15,2.15
712675,雙鴻凱基63購10,32480,2.03,2.03,2.03,2.03
712676,寶雅凱基63購01,630,0.63,0.63,0.63,0.63
712677,系統電台新62購01,0,,,,
712678,長科*台新65購01,166320,1.74,1.87,1.74,1.87
712679,威剛台新62購03,0,,,,
712680,威剛台新63購02,0,,,,
712681,順達台新62購01,22730,0.91,1.0,0.91,1.0
712682,中美晶元大64購06,0,,,,
712683,元太元大63購07,110440,0.97,0.97,0.96,0.96
712684,元太元大63購08,127210,0.59,0.59,0.58,0.58
712685,元太元大64購03,361860,0.74,0.74,0.74,0.74
712686,均華元大64購03,352030,1.16,1.2,1.13,1.14
712687,宜鼎元大64購05,469200,0.6,0.6,0.6,0.6
712688,威剛元大64購05,108420,0.49,0.49,0.48,0.48
712689,順達元大64購09,86580,0.98,1.02,0.98,1.02
712690,鈊象元大63購09,94240,0.76,0.76,0.76,0.76
712691,鈊象元大64購05,268380,0.8,0.8,0.79,0.8
712692,群聯元大64購14,0,,,,
712693,蜜望實元大63購02,23740,0.43,0.43,0.42,0.42
712694,寶雅元大63購02,90060,0.79,0.79,0.79,0.79
712695,元太台新65購01,3420,1.14,1.14,1.14,1.14
712696,沛亨台新65購01,2940,1.47,1.47,1.47,1.47
712697,威聯通台新62購01,0,,,,
712698,胡連台新62購01,0,,,,
712699,倉和台新62購01,0,,,,
712700,蜜望實台新62購01,0,,,,
712701,蜜望實台新65購01,25530,1.34,1.35,1.34,1.35
712702,中美晶凱基64購04,667770,0.72,0.79,0.72,0.73
712703,朋億*凱基63購01,0,,,,
712704,泓格凱基63購01,20250,0.81,0.81,0.81,0.81
712705,威剛凱基63購07,41000,1.1,1.12,1.1,1.12
712706,建榮凱基63購01,132300,0.95,0.95,0.94,0.94
712707,順達凱基66購01,314700,1.21,1.25,1.21,1.23
712708,鈊象凱基64購04,43310,0.61,0.61,0.61,0.61
712709,群聯凱基66購04,0,,,,
712710,鉅橡凱基63購01,0,,,,
712711,廣閎科凱基63購01,226670,0.79,0.79,0.73,0.73
712712,穩懋凱基63購08,839640,1.42,1.48,1.32,1.32
712713,中美晶群益62購04,20700,2.07,2.07,2.07,2.07
712714,弘塑群益63購02,0,,,,
712715,系統電群益63購01,0,,,,
712716,宜鼎群益63購02,14200,0.94,0.96,0.94,0.96
712717,威剛群益62購05,0,,,,
712718,原相群益62購02,0,,,,
712719,群聯群益62購02,1028820,1.74,1.85,1.74,1.76
712720,千如永豐63購01,0,,,,
712721,元太永豐63購02,14290,0.68,0.69,0.68,0.69
712722,世紀*永豐63購02,0,,,,
712723,沛亨永豐64購02,53200,0.95,0.95,0.95,0.95
712724,茂迪永豐64購01,0,,,,
712725,頎邦永豐65購02,214280,1.45,1.54,1.45,1.52
712726,榮剛永豐63購01,107920,0.71,0.71,0.71,0.71
712727,雙鴻永豐65購02,0,,,,
712728,雙鴻永豐6B購01,903650,1.65,1.71,1.47,1.5
712729,雙鴻永豐6C購01,977720,1.58,1.59,1.5,1.55
712730,穩懋永豐65購01,13230,1.66,1.66,1.65,1.65
712731,三聯國票63購01,0,,,,
712732,蜜望實國票63購01,9450,1.35,1.35,1.35,1.35
712733,寬宏國票63購01,0,,,,
712734,均華國泰63購02,91750,1.19,1.19,1.11,1.11
712735,順達國泰63購03,40660,1.07,1.07,1.07,1.07
712736,順達富邦64購01,38400,0.56,0.6,0.56,0.6
712737,巨有統一6B購03,268600,0.99,1.03,0.99,1.0
712738,倉和統一6B購01,0,,,,
712739,堡達統一6A購01,0,,,,
712740,新普統一66購01,0,,,,
712741,新普統一6B購01,0,,,,
712742,晶焱國票63購01,0,,,,
712743,鈺太國票63購01,5080,1.01,1.04,1.01,1.04
712744,鈺太國票64購01,3210,1.07,1.07,1.07,1.07
712745,中美晶群益62購05,229810,1.88,2.1,1.88,2.09
712746,台特化群益62購03,0,,,,
712747,弘塑群益63購03,0,,,,
712748,均華群益64購01,231880,1.87,1.87,1.87,1.87
712749,茂迪群益63購01,0,,,,
712750,鈊象群益62購01,44240,1.58,1.58,1.58,1.58
712751,群聯群益62購03,0,,,,
712752,營邦群益63購01,45990,2.19,2.19,2.19,2.19
712753,穩懋群益68購01,410570,3.1,3.35,3.09,3.09
712754,元太凱基63購01,8190,1.17,1.17,1.17,1.17
712755,弘塑凱基63購05,41820,0.48,0.53,0.48,0.53
712756,均華凱基68購01,130040,3.4,3.43,3.4,3.43
712757,系統電凱基64購02,0,,,,
712758,宜鼎凱基63購05,20540,0.79,0.79,0.79,0.79
712759,倉和凱基63購02,216100,3.4,3.66,3.4,3.46
712760,頎邦凱基66購01,1126930,1.81,1.96,1.81,1.85
712761,臺慶科凱基63購03,0,,,,
712762,弘塑台新63購01,201520,0.72,0.72,0.68,0.68
712763,東捷台新62購02,129030,1.25,1.33,1.25,1.33
712764,倉和台新62購02,658700,6.0,6.05,6.0,6.05
712765,家碩台新62購01,62500,1.25,1.25,1.25,1.25
712766,家碩台新62購02,7300,0.73,0.73,0.73,0.73
712767,順達台新64購03,2620,1.31,1.31,1.31,1.31
712768,勤凱台新62購01,94120,0.85,0.9,0.85,0.88
712769,營邦台新63購01,12530,1.55,1.58,1.55,1.58
712770,營邦台新65購03,0,,,,
712771,營邦台新66購01,0,,,,
712772,元太元大64購04,172890,0.66,0.69,0.66,0.69
712773,弘塑元大63購04,231120,0.45,0.47,0.45,0.47
712774,弘塑元大63購05,401260,0.64,0.67,0.64,0.67
712775,弘塑元大64購04,203360,0.41,0.41,0.41,0.41
712776,均華元大64購04,0,,,,
712777,威剛元大64購06,370980,0.89,0.89,0.84,0.84
712778,順達元大63購05,842810,0.86,0.9,0.86,0.9
712779,順達元大63購06,499970,0.74,0.79,0.73,0.79
712780,順達元大63購07,175500,0.72,0.77,0.71,0.77
712781,順達元大64購10,62940,0.56,0.58,0.56,0.58
712782,順達元大64購11,60600,0.3,0.3,0.3,0.3
712783,群聯元大63購14,14700,0.98,0.98,0.98,0.98
712784,群聯元大63購15,14500,0.97,0.97,0.96,0.96
712785,群聯元大63購16,0,,,,
712786,群聯元大64購15,0,,,,
712787,寶雅元大63購03,15450,1.03,1.03,1.03,1.03
712788,台星科統一6B購01,0,,,,
712789,沛亨統一6B購01,0,,,,
712790,宜鼎統一6B購02,51730,0.57,0.57,0.56,0.56
712791,倉和統一68購02,0,,,,
712792,陽程統一6C購02,859320,0.79,0.79,0.72,0.72
712793,新普統一66購02,0,,,,
712794,穩懋統一68購03,261030,1.19,1.23,1.19,1.23
712795,家登中信63購01,78540,0.77,0.77,0.77,0.77
712796,世禾永豐63購01,0,,,,
712797,安葆永豐63購02,117180,1.74,1.75,1.74,1.74
712798,宏捷科永豐63購01,694130,0.88,0.88,0.84,0.84
712799,倚強永豐64購01,0,,,,
712800,倚強永豐64購02,28500,0.95,0.95,0.95,0.95
712801,倉和永豐63購02,0,,,,
712802,家登永豐63購03,56100,1.02,1.02,1.02,1.02
712803,湧德永豐63購01,0,,,,
712804,順達永豐63購04,130960,0.82,0.86,0.82,0.86
712805,群聯永豐63購03,0,,,,
712806,磐儀永豐63購01,0,,,,
712807,鴻呈永豐63購01,0,,,,
712808,鴻呈永豐64購01,0,,,,
712809,弘塑富邦64購02,635840,0.64,0.7,0.63,0.66
712810,頎邦富邦65購02,1917530,0.82,0.88,0.8,0.82
712811,雙鴻富邦65購01,28800,1.38,1.5,1.38,1.5
712812,元太台新65購02,55380,0.96,0.96,0.94,0.94
712813,均華台新62購04,171440,1.06,1.06,1.04,1.04
712814,竑騰台新62購03,102430,1.25,1.26,1.21,1.21
712815,崇越電台新62購01,0,,,,
712816,博盛台新62購01,16950,1.13,1.13,1.13,1.13
712817,普萊德台新62購01,0,,,,
712818,晶呈台新62購01,463690,1.59,1.61,1.48,1.48
712819,晶呈台新62購02,98000,0.98,0.98,0.98,0.98
712820,晶呈台新65購01,0,,,,
712821,元太群益62購01,0,,,,
712822,均華群益64購02,318780,2.2,2.2,2.05,2.05
712823,群聯群益62購04,14300,1.1,1.1,1.1,1.1
712824,世紀*元大62購01,0,,,,
712825,世紀*元大62購02,0,,,,
712826,倉和元大62購01,70650,4.71,4.71,4.71,4.71
712827,倉和元大62購02,12000,2.0,2.0,2.0,2.0
712828,陽程元大62購01,127070,0.8,0.82,0.79,0.79
712829,陽程元大62購02,559340,0.78,0.79,0.66,0.67
712830,陽程元大62購03,346510,0.71,0.74,0.66,0.66
712831,陽程元大63購04,112420,0.73,0.73,0.73,0.73
712832,陽程元大65購03,181260,0.75,0.77,0.68,0.68
712833,群聯元大65購01,122900,0.94,0.95,0.93,0.95
712834,廣閎科元大62購01,143460,0.52,0.53,0.51,0.51
712835,營邦元大62購02,896380,1.32,1.34,1.26,1.29
712836,中美晶凱基66購02,0,,,,
712837,方土昶凱基63購02,0,,,,
712838,台特化凱基65購01,60420,1.06,1.06,1.06,1.06
712839,系統電凱基66購01,0,,,,
712840,威剛凱基64購04,0,,,,
712841,茂迪凱基63購01,1260,0.63,0.63,0.63,0.63
712842,博智凱基63購05,12480,2.08,2.08,2.08,2.08
712843,順達凱基63購07,88840,1.48,1.56,1.48,1.49
712844,鈊象凱基63購01,0,,,,
712845,群聯凱基68購01,0,,,,
712846,寶雅*凱基63購02,223040,1.26,1.32,1.26,1.31
712847,千附精永豐63購01,9700,0.99,0.99,0.95,0.95
712848,晶呈永豐64購02,0,,,,
712849,群聯永豐63購05,0,,,,
712850,群聯永豐63購06,29750,0.85,0.85,0.85,0.85
712851,群聯永豐65購09,0,,,,
712852,頎邦國泰63購04,177140,1.98,2.07,1.96,2.07
712853,聖暉*富邦62購01,0,,,,
712854,大中國票63購01,19320,1.07,1.08,1.07,1.07
712855,華義*國票68購01,0,,,,
712856,越峰國票68購01,0,,,,
712857,陽程國票64購01,0,,,,
712858,陽程國票65購01,58940,1.63,1.66,1.49,1.49
712859,陽程國票68購01,22300,1.85,1.86,1.85,1.86
712860,鏵友益國票66購01,0,,,,
712861,鏵友益國票68購01,0,,,,
712862,方土昶台新62購01,0,,,,
712863,巨漢台新65購01,0,,,,
712864,欣銓台新65購01,107360,1.95,2.0,1.92,1.92
712865,萬泰科台新65購01,0,,,,
712866,臺慶科台新65購01,11910,1.34,1.34,1.31,1.31
712867,元太凱基63購02,0,,,,
712868,世紀*凱基63購02,0,,,,
712869,均華凱基63購01,126650,1.67,1.67,1.54,1.54
712870,群聯凱基64購07,22160,1.67,1.73,1.67,1.73
712871,頎邦凱基63購04,4283940,1.92,2.58,1.92,1.96
712872,廣閎科凱基63購02,514730,1.18,1.21,1.11,1.11
712873,雙鴻凱基67購01,47040,2.82,2.82,2.64,2.64
712874,中美晶群益62購06,20600,1.31,1.5,1.31,1.5
712875,方土昶群益63購03,0,,,,
712876,世紀*群益63購03,29400,16.5,16.5,12.9,12.9
712877,由田群益63購01,22750,0.8,0.8,0.77,0.77
712878,威剛群益62購06,51300,0.57,0.57,0.57,0.57
712879,晶呈群益64購01,0,,,,
712880,華電網群益62購01,0,,,,
712881,鈊象群益62購02,50580,1.2,1.22,1.2,1.22
712882,新應材群益62購03,418860,1.71,1.71,1.69,1.69
712883,群聯群益62購05,4250,0.85,0.85,0.85,0.85
712884,雙鴻群益62購05,134740,1.42,1.42,1.38,1.38
712885,寶雅*群益62購01,0,,,,
712886,中美晶永豐63購01,38740,1.49,1.49,1.49,1.49
712887,方土昶永豐64購01,34160,0.56,0.56,0.56,0.56
712888,由田永豐63購01,30800,0.88,0.88,0.88,0.88
712889,群聯永豐63購07,204150,0.83,0.9,0.83,0.9
712890,廣運永豐63購01,6750,1.35,1.35,1.35,1.35
712891,穩懋永豐63購01,81460,3.07,3.15,3.07,3.15
712892,方土昶國票67購01,0,,,,
712893,世紀*國票67購01,2510,2.51,2.51,2.51,2.51
712894,台半國票66購01,2100,1.05,1.05,1.05,1.05
712895,由田國票65購01,30030,0.91,0.91,0.91,0.91
712896,利機國票63購01,0,,,,
712897,邑錡國票64購01,20790,0.82,0.82,0.79,0.79
712898,崇越電國票68購01,0,,,,
712899,博盛國票66購01,0,,,,
712900,富強鑫國票67購01,0,,,,
712901,漢達國票66購01,0,,,,
712902,寶雅國票66購01,3450,0.69,0.69,0.69,0.69
712903,中美晶元大62購01,56600,0.98,0.98,0.97,0.97
712904,方土昶元大62購01,0,,,,
712905,均華元大68購01,258100,1.1,1.1,1.04,1.04
712906,宜鼎元大65購02,257030,0.82,0.86,0.82,0.83
712907,建榮元大62購01,10350,1.15,1.15,1.15,1.15
712908,群聯元大65購02,0,,,,
712909,寶雅元大62購01,115180,1.06,1.12,1.06,1.12
712910,由田統一68購02,0,,,,
712911,均華統一6A購01,123540,0.76,0.76,0.72,0.72
712912,邑錡統一6C購01,0,,,,
712913,晶呈統一68購01,0,,,,
712914,晶呈統一6C購01,271030,0.75,0.76,0.75,0.75
712915,晶呈統一6C購02,18750,0.75,0.75,0.75,0.75
712916,穩懋富邦65購01,1532980,1.01,1.09,1.0,1.0
712917,寶雅富邦64購01,153640,0.56,0.59,0.56,0.59
712918,寶雅富邦65購01,75110,0.55,0.58,0.55,0.56
712919,方土昶元大62購02,0,,,,
712920,均華元大68購02,49590,1.29,1.29,1.27,1.27
712921,宜鼎元大65購03,218820,0.89,0.91,0.89,0.91
712922,倉和元大62購03,0,,,,
712923,群聯元大68購03,44750,0.68,0.69,0.68,0.69
712924,臺慶科元大62購01,318340,0.71,0.75,0.71,0.72
712925,川寶國票65購02,570,0.57,0.57,0.57,0.57
712926,世紀*國票69購01,6000,1.81,2.38,1.81,2.38
712927,宜特國票67購01,15790,0.84,0.84,0.81,0.81
712928,倉和國票69購01,1830,1.83,1.83,1.83,1.83
712929,倉和國票6A購01,0,,,,
712930,倉和國票6C購01,0,,,,
712931,晟德國票65購01,0,,,,
712932,崇越電國票67購01,0,,,,
712933,華景電國票68購01,0,,,,
712934,群聯中信62購03,275720,0.75,0.77,0.73,0.76
712935,雙鴻中信62購01,126200,1.23,1.31,1.22,1.22
712936,桓達永豐63購01,0,,,,
712937,崇越電永豐64購01,0,,,,
712938,雙鴻永豐63購05,401670,1.85,1.85,1.59,1.59
712939,穩懋永豐63購02,130700,1.53,1.58,1.52,1.58
712940,天良台新62購01,0,,,,
712941,崇越電台新62購02,0,,,,
712942,崴寶台新62購01,0,,,,
712943,新門台新62購01,0,,,,
712944,瑞耘台新62購01,8900,0.75,0.75,0.74,0.74
712945,中美晶凱基64購05,9540,1.59,1.59,1.59,1.59
712946,方土昶凱基63購03,0,,,,
712947,台半凱基64購01,0,,,,
712948,弘塑凱基68購01,758880,1.42,1.49,1.42,1.44
712949,均華凱基68購02,262410,1.6,1.63,1.53,1.53
712950,宜鼎凱基63購06,76950,0.95,0.95,0.95,0.95
712951,威剛凱基68購01,0,,,,
712952,崇越電凱基63購01,0,,,,
712953,博盛凱基66購01,0,,,,
712954,鈊象凱基63購02,0,,,,
712955,新應材凱基63購07,0,,,,
712956,群聯凱基66購05,88320,1.38,1.38,1.38,1.38
712957,寶雅*凱基63購03,95200,1.19,1.19,1.19,1.19
712958,均華群益62購01,72500,1.25,1.25,1.11,1.12
712959,群聯群益62購06,33590,0.91,0.94,0.91,0.94
712960,雙鴻群益62購06,0,,,,
712961,元太國泰63購01,135760,1.24,1.24,1.2,1.2
712962,倉和國泰63購02,0,,,,
712963,台特化富邦62購01,84600,0.45,0.45,0.45,0.45
712964,新應材富邦64購03,0,,,,
712965,安葆台新62購01,0,,,,
712966,彩富台新62購01,0,,,,
712967,台半凱基63購02,0,,,,
712968,安葆凱基63購01,52180,1.25,1.28,1.25,1.28
712969,矽科凱基63購01,0,,,,
712970,耕興凱基65購01,0,,,,
712971,崇越電凱基68購01,0,,,,
712972,群聯凱基63購11,0,,,,
712973,群聯凱基63購12,21200,2.12,2.12,2.12,2.12
712974,群聯凱基64購08,0,,,,
712975,臺慶科凱基63購04,315000,0.87,0.92,0.87,0.88
712976,營邦凱基63購03,136460,4.52,4.66,4.52,4.56
712977,雙鴻凱基63購11,81400,4.07,4.07,4.07,4.07
712978,穩懋凱基65購01,237740,3.13,3.23,3.01,3.01
712979,寶雅*凱基63購04,0,,,,
712980,鑫聯凱基63購01,0,,,,
712981,千如國票67購01,0,,,,
712982,世紀*國票65購01,13600,1.36,1.36,1.36,1.36
712983,世紀*國票6B購01,19050,1.75,1.97,1.53,1.53
712984,安葆國票65購01,0,,,,
712985,松瑞藥國票66購01,24140,0.71,0.71,0.71,0.71
712986,宸曜國票63購01,237470,0.98,0.98,0.88,0.88
712987,博智國票64購01,16400,1.64,1.64,1.64,1.64
712988,新應材國票63購02,0,,,,
712989,群翊國票65購01,0,,,,
712990,世紀*元大62購03,0,,,,
712991,世紀*元大62購04,0,,,,
712992,世紀*元大68購01,3420,3.42,3.42,3.42,3.42
712993,威剛元大65購12,2093550,1.77,1.8,1.77,1.77
712994,崇越電元大62購02,0,,,,
712995,順達元大68購01,231960,1.17,1.21,1.17,1.21
712996,群聯元大68購04,15180,1.38,1.38,1.38,1.38
712997,中美晶群益62購07,237930,1.8,2.02,1.8,1.99
712998,弘塑群益62購03,151350,2.24,2.47,2.24,2.47
712999,弘塑群益68購01,146840,1.71,1.86,1.71,1.86
713000,良維群益64購01,428390,2.43,2.54,2.35,2.35
713001,宜特群益62購03,40810,0.77,0.77,0.77,0.77
713002,宜鼎群益62購02,281290,1.38,1.44,1.34,1.41
713003,威剛群益62購07,19260,3.21,3.21,3.21,3.21
713004,茂綸群益63購01,418690,0.84,0.97,0.84,0.97
713005,倚強群益64購01,0,,,,
713006,原相群益62購03,0,,,,
713007,能率群益62購01,0,,,,
713008,高技群益62購01,36800,1.84,1.84,1.84,1.84
713009,崇越電群益64購01,0,,,,
713010,博智群益62購03,33400,3.34,3.34,3.34,3.34
713011,閎康群益62購01,0,,,,
713012,順達群益62購02,93130,0.99,1.04,0.99,1.04
713013,鈊象群益62購03,38610,1.17,1.17,1.17,1.17
713014,新應材群益62購04,56700,1.62,1.62,1.62,1.62
713015,群聯群益62購07,41490,1.13,1.13,1.12,1.12
713016,榮剛群益68購01,172880,2.7,2.71,2.7,2.71
713017,漢達群益62購01,0,,,,
713018,臺慶科群益65購01,40610,1.31,1.31,1.31,1.31
713019,雙鴻群益62購07,27700,2.77,2.77,2.77,2.77
713020,穩懋群益63購03,1176690,0.93,1.04,0.9,0.94
713021,穩懋群益64購04,264240,1.46,1.58,1.46,1.52
713022,台星科統一68購01,0,,,,
713023,良維中信62購01,146240,0.92,0.97,0.88,0.97
713024,宏觀永豐63購01,0,,,,
713025,宜鼎永豐62購01,54570,0.42,0.45,0.42,0.44
713026,宜鼎永豐63購06,170460,0.89,0.93,0.88,0.88
713027,朋程永豐63購01,19200,0.95,0.97,0.95,0.97
713028,晶焱永豐63購01,0,,,,
713029,新應材永豐64購03,0,,,,
713030,立敦台新65購01,50400,1.68,1.68,1.68,1.68
713031,宜鼎台新62購05,29400,1.96,1.96,1.96,1.96
713032,元太群益62購02,0,,,,
713033,群聯群益62購08,61720,1.14,1.15,1.11,1.15
713034,廣運群益62購01,0,,,,
713035,雙鴻群益62購08,0,,,,
713036,台星科元大62購02,0,,,,
713037,台星科元大62購03,453060,0.52,0.52,0.5,0.5
713038,安葆元大62購01,152520,1.1,1.12,1.1,1.12
713039,安葆元大62購02,126350,0.62,0.63,0.62,0.63
713040,竑騰元大62購01,202280,0.83,0.84,0.83,0.84
713041,雙鴻元大62購02,0,,,,
713042,雙鴻元大62購03,15640,1.97,1.97,1.94,1.94
713043,雙鴻元大62購04,1735670,1.47,1.47,1.44,1.44
713044,中美晶凱基63購07,243580,2.33,2.55,2.33,2.55
713045,弘塑凱基63購06,206510,1.67,1.93,1.67,1.69
713046,宜特凱基63購02,73800,0.97,0.97,0.9,0.9
713047,宜鼎凱基63購07,417300,1.2,1.26,1.2,1.2
713048,威剛凱基65購02,0,,,,
713049,原相凱基63購01,0,,,,
713050,能率凱基63購01,0,,,,
713051,順達凱基63購08,47600,1.4,1.4,1.4,1.4
713052,鈊象凱基63購03,0,,,,
713053,新應材凱基63購08,31000,1.55,1.55,1.55,1.55
713054,群聯凱基63購13,0,,,,
713055,群聯凱基63購14,0,,,,
713056,榮剛凱基68購01,99940,2.63,2.63,2.63,2.63
713057,大江國票68購01,0,,,,
713058,元太國票65購01,0,,,,
713059,安葆國票63購01,0,,,,
713060,信立國票63購01,117200,1.84,1.84,1.8,1.8
713061,群聯國票63購01,0,,,,
713062,聖暉*國票65購02,0,,,,
713063,廣運國票65購01,0,,,,
713064,世界永豐63購01,30240,1.68,1.68,1.68,1.68
713065,世界永豐64購02,61880,1.82,1.82,1.82,1.82
713066,安葆永豐64購01,10800,1.2,1.2,1.2,1.2
713067,威剛永豐63購01,0,,,,
713068,威剛永豐63購02,6500,1.3,1.3,1.3,1.3
713069,穩懋永豐63購03,62400,3.12,3.12,3.12,3.12
713070,元太富邦64購02,296370,0.49,0.52,0.49,0.51
713071,宜特富邦64購01,140970,0.73,0.73,0.69,0.69
713072,威剛富邦68購01,1270,0.64,0.64,0.63,0.63
713073,高技富邦64購01,9130,0.83,0.83,0.83,0.83
713074,博智富邦63購03,0,,,,
713075,智通*富邦64購03,63090,0.74,0.76,0.74,0.75
713076,雙鴻富邦64購02,117100,1.42,1.5,1.25,1.25
713077,寶雅*富邦64購02,75490,0.63,0.64,0.63,0.64
713078,建榮統一6B購01,183000,0.58,0.58,0.55,0.55
713079,巨有台新62購01,5150,5.15,5.15,5.15,5.15
713080,巨有台新62購02,146310,3.65,3.94,3.65,3.71
713081,竑騰台新62購04,15950,1.0,1.0,0.99,0.99
713082,高技台新62購01,28640,1.79,1.79,1.79,1.79
713083,群翊台新62購01,0,,,,
713084,群翊台新62購02,0,,,,
713085,榮剛台新65購01,29790,1.1,1.11,1.1,1.11
713086,穩懋台新62購02,38850,5.75,5.75,5.35,5.35
713087,穩懋台新62購03,940640,4.03,4.19,3.78,3.78
713088,大江凱基65購01,0,,,,
713089,元太凱基63購03,12840,1.07,1.07,1.07,1.07
713090,台星科凱基63購01,183010,1.06,1.06,1.01,1.01
713091,正德凱基63購01,0,,,,
713092,威剛凱基63購08,0,,,,
713093,威剛凱基63購09,0,,,,
713094,威剛凱基63購10,0,,,,
713095,威剛凱基63購11,27680,1.73,1.73,1.73,1.73
713096,竑騰凱基63購01,70470,0.65,0.65,0.63,0.65
713097,群聯凱基63購15,0,,,,
713098,群聯凱基63購16,23730,1.94,2.01,1.94,2.01
713099,聖暉*凱基63購01,74300,0.68,0.74,0.68,0.74
713100,廣運凱基65購01,0,,,,
713101,雙鴻凱基68購01,26300,4.45,4.45,4.35,4.35
713102,高技國泰63購01,48680,1.52,1.54,1.52,1.54
713103,群翊國泰63購01,9240,1.54,1.54,1.54,1.54
713104,大綜國票63購01,609140,1.79,1.87,1.73,1.78
713105,大綜國票64購01,4770,1.59,1.59,1.59,1.59
713106,宏捷科國票66購01,6210,0.69,0.69,0.69,0.69
713107,竑騰國票64購01,0,,,,
713108,群翊國票66購01,0,,,,
713109,聖暉*富邦62購02,117330,0.59,0.63,0.57,0.63
713110,台半中信62購01,0,,,,
713111,宜鼎中信62購02,46580,0.43,0.43,0.42,0.43
713112,威剛中信62購01,0,,,,
713113,大綜永豐63購01,59100,1.1,1.1,1.06,1.07
713114,宏碩永豐65購01,0,,,,
713115,威剛永豐63購03,0,,,,
713116,竑騰永豐63購02,6740,0.45,0.45,0.44,0.45
713117,頎邦永豐64購02,329630,2.06,2.22,2.06,2.14
713118,榮剛永豐63購02,0,,,,
713119,廣運永豐64購01,1190,1.19,1.19,1.19,1.19
713120,中美晶群益62購08,189710,1.33,1.52,1.33,1.45
713121,元太群益62購03,78500,0.75,0.79,0.75,0.79
713122,台半群益62購04,1943430,2.44,2.66,2.4,2.4
713123,系統電群益64購01,22400,1.12,1.12,1.12,1.12
713124,宜鼎群益64購01,74100,0.68,0.7,0.68,0.7
713125,欣銓群益62購01,132510,3.09,3.12,3.01,3.01
713126,青雲群益64購01,61070,1.98,1.98,1.82,1.84
713127,威剛群益62購08,48750,1.4,1.4,1.39,1.39
713128,博士旺群益62購01,0,,,,
713129,順達群益62購03,236250,2.71,2.91,2.71,2.91
713130,鈊象群益62購04,43120,0.98,0.98,0.98,0.98
713131,新應材群益62購05,0,,,,
713132,群翊群益62購01,572180,1.22,1.22,1.22,1.22
713133,群聯群益62購09,10050,0.99,1.02,0.99,1.02
713134,鉅橡群益62購01,0,,,,
713135,頎邦群益63購01,1182830,3.72,4.06,3.67,3.76
713136,臺慶科群益62購01,80700,2.66,2.68,2.59,2.59
713137,廣閎科群益62購01,218370,2.8,2.8,2.61,2.63
713138,大綜元大62購01,406690,1.3,1.36,1.29,1.36
713139,中美晶元大62購02,364240,1.04,1.14,1.04,1.13
713140,弘塑元大62購02,192150,0.99,1.07,0.99,1.07
713141,均華元大62購01,94430,0.98,0.98,0.91,0.91
713142,沛亨元大62購01,412490,1.23,1.3,1.22,1.22
713143,宜鼎元大62購03,339360,0.43,0.45,0.43,0.45
713144,威剛元大65購13,8460,1.41,1.41,1.41,1.41
713145,高技元大62購01,2440,0.61,0.61,0.61,0.61
713146,群聯元大62購05,88400,1.04,1.04,1.04,1.04
713147,群聯元大62購06,0,,,,
713148,中美晶凱基62購01,121350,1.89,2.1,1.89,2.1
713149,台半凱基66購01,582540,1.73,1.85,1.7,1.7
713150,弘塑凱基65購01,169100,2.75,3.03,2.75,3.01
713151,均華凱基62購01,79910,2.02,2.1,1.92,1.95
713152,系統電凱基64購03,0,,,,
713153,宜鼎凱基64購03,7500,0.75,0.75,0.75,0.75
713154,威剛凱基62購01,0,,,,
713155,高技凱基65購01,86700,1.7,1.7,1.7,1.7
713156,鈊象凱基62購01,0,,,,
713157,新應材凱基62購01,19800,0.99,0.99,0.99,0.99
713158,群聯凱基62購02,0,,,,
713159,頎邦凱基68購01,622770,4.41,4.49,4.34,4.34
713160,廣閎科凱基62購01,1348930,2.48,2.54,2.3,2.3
713161,磐亞凱基62購01,0,,,,
713162,磐亞凱基62購02,0,,,,
713163,磐亞凱基62購03,0,,,,
713164,磐亞凱基62購04,0,,,,
713165,磐亞凱基62購05,0,,,,
713166,環球晶凱基62購01,185390,0.84,0.89,0.84,0.89
713167,環球晶凱基62購02,0,,,,
713168,環球晶凱基62購03,0,,,,
713169,環球晶凱基62購04,3920,0.98,0.98,0.98,0.98
713170,環球晶凱基62購05,11440,1.04,1.04,1.04,1.04
713171,環球晶凱基64購01,27550,0.79,0.79,0.77,0.77
713172,環球晶凱基64購02,608150,0.62,0.71,0.62,0.63
713173,環球晶凱基64購03,0,,,,
713174,環球晶凱基64購04,0,,,,
713175,雙鴻凱基68購02,0,,,,
713176,宏碩台新62購01,0,,,,
713177,順達台新62購02,6560,1.64,1.64,1.64,1.64
713178,環球晶台新62購03,35530,1.03,1.14,1.03,1.03
713179,環球晶台新62購04,335440,0.87,0.94,0.82,0.82
713180,環球晶台新62購05,0,,,,
713181,環球晶台新62購06,0,,,,
713182,環球晶台新68購01,88400,2.21,2.21,2.21,2.21
713183,環球晶台新68購02,0,,,,
713184,元太群益62購04,43660,0.74,0.74,0.74,0.74
713185,宜鼎群益62購03,345440,1.24,1.28,1.2,1.2
713186,環球晶群益62購02,4800,0.96,0.96,0.96,0.96
713187,環球晶群益62購03,16050,0.81,0.81,0.8,0.8
713188,環球晶群益62購04,0,,,,
713189,環球晶群益63購01,23800,1.19,1.19,1.19,1.19
713190,環球晶統一66購01,8930,0.71,0.71,0.68,0.68
713191,環球晶統一6A購01,0,,,,
713192,環球晶統一6A購02,6000,0.6,0.6,0.6,0.6
713193,環球晶統一6C購01,0,,,,
713194,環球晶統一78購01,16990,0.53,0.55,0.53,0.55
713195,雙鴻統一6A購03,0,,,,
713196,威剛國泰63購02,0,,,,
713197,環球晶國泰63購01,220240,1.09,1.19,1.09,1.19
713198,環球晶國泰64購01,61520,1.14,1.22,1.14,1.22
713199,環球晶國泰67購01,196400,1.46,1.56,1.46,1.56
713200,良維富邦64購01,76260,0.91,0.96,0.91,0.96
713201,群翊富邦65購01,35100,0.45,0.45,0.45,0.45
713202,環球晶富邦62購01,182680,0.52,0.59,0.52,0.55
713203,環球晶富邦62購02,134660,0.43,0.48,0.43,0.45
713204,環球晶富邦65購01,40600,0.5,0.52,0.5,0.52
713205,環球晶中信62購01,45020,0.36,0.36,0.32,0.32
713206,環球晶中信62購02,0,,,,
713207,磐亞永豐63購01,0,,,,
713208,環球晶永豐63購01,24500,1.01,1.04,0.95,0.95
713209,環球晶永豐63購02,52440,0.79,0.8,0.77,0.77
713210,環球晶永豐63購03,36540,0.87,0.87,0.87,0.87
713211,環球晶永豐63購04,88920,0.76,0.76,0.76,0.76
713212,環球晶永豐63購05,1464670,0.78,0.89,0.78,0.79
713213,環球晶永豐63購06,0,,,,
713214,環球晶永豐65購01,177140,1.1,1.22,1.1,1.22
713215,環球晶永豐65購02,128420,1.04,1.14,1.04,1.13
713216,環球晶永豐65購03,0,,,,
713217,環球晶永豐68購01,178800,2.2,2.34,2.2,2.34
713218,環球晶永豐68購02,242340,1.78,1.86,1.78,1.86
713219,環球晶永豐72購01,101240,3.07,3.22,3.07,3.22
713220,雙鴻永豐63購06,0,,,,
713221,雙鴻永豐64購06,325330,2.01,2.11,2.0,2.11
713222,中美晶國票63購02,69520,0.94,0.97,0.94,0.97
713223,均華國票65購01,52000,2.6,2.6,2.6,2.6
713224,沛亨國票68購02,33120,1.38,1.38,1.38,1.38
713225,威剛國票64購02,0,,,,
713226,威聯通國票66購01,0,,,,
713227,博盛國票64購01,0,,,,
713228,磐亞國票66購01,0,,,,
713229,環球晶國票64購01,0,,,,
713230,雙鴻國票63購02,0,,,,
713231,中美晶元大62購03,10800,0.54,0.54,0.54,0.54
713232,均華元大62購02,199780,1.19,1.19,1.12,1.12
713233,均華元大66購01,470260,1.32,1.32,1.25,1.25
713234,均華元大67購01,278180,1.09,1.09,1.03,1.03
713235,威剛元大65購14,0,,,,
713236,群聯元大62購07,1140,1.14,1.14,1.14,1.14
713237,群聯元大62購08,217570,0.85,0.89,0.85,0.89
713238,磐亞元大62購01,0,,,,
713239,營邦元大65購01,163310,1.57,1.63,1.57,1.63
713240,環球晶元大62購01,173380,0.85,0.88,0.85,0.85
713241,環球晶元大62購02,44840,0.76,0.76,0.76,0.76
713242,環球晶元大62購03,450,0.45,0.45,0.45,0.45
713243,環球晶元大65購03,154420,0.93,0.98,0.93,0.98
713244,環球晶元大68購09,77440,1.21,1.21,1.21,1.21
713245,元太凱基63購04,228300,1.73,1.77,1.72,1.74
713246,威剛凱基65購03,3849400,1.88,1.92,1.88,1.92
713247,群聯凱基63購17,363530,1.25,1.32,1.24,1.29
713248,營邦凱基63購04,49800,2.29,2.38,2.29,2.38
713249,雙鴻凱基64購03,354410,2.7,2.76,2.34,2.34
713250,聖暉*台新63購01,0,,,,
713251,璟德台新65購01,80020,1.07,1.07,1.02,1.02
713252,優群台新65購01,38740,1.31,1.36,1.31,1.36
713253,雙鴻台新63購02,0,,,,
713254,雙鴻台新63購03,0,,,,
713255,中美晶群益63購04,254600,3.3,3.64,3.3,3.64
713256,弘塑群益63購04,111810,3.42,3.7,3.42,3.7
713257,宜鼎群益63購03,30330,0.65,0.67,0.64,0.67
713258,威剛群益63購03,0,,,,
713259,順達群益63購03,231450,2.78,2.98,2.78,2.98
713260,鈊象群益63購02,43680,1.56,1.56,1.56,1.56
713261,新應材群益64購01,0,,,,
713262,群聯群益63購04,5400,1.08,1.08,1.08,1.08
713263,雙鴻群益63購05,19700,1.97,1.97,1.97,1.97
713264,宜鼎中信68購01,15900,0.53,0.54,0.52,0.52
713265,群聯中信63購02,203060,0.61,0.63,0.6,0.63
713266,穩懋中信63購01,73800,1.01,1.07,1.0,1.07
713267,穩懋中信68購02,16460,0.94,1.0,0.94,1.0
713268,智通*永豐63購02,186490,0.83,0.83,0.81,0.81
713269,雙鴻永豐65購03,816040,4.89,5.1,4.3,4.3
713270,雙鴻永豐65購04,0,,,,
713271,譜瑞永豐63購01,6900,1.38,1.38,1.38,1.38
713272,中美晶元大63購05,377700,1.18,1.31,1.18,1.26
713273,中美晶元大63購06,297200,0.54,0.6,0.54,0.55
713274,中美晶元大63購07,355850,0.56,0.58,0.52,0.52
713275,宜鼎元大65購04,678030,1.2,1.25,1.19,1.2
713276,宜鼎元大66購01,427690,0.7,0.73,0.7,0.7
713277,威剛元大63購05,0,,,,
713278,威剛元大65購15,0,,,,
713279,高技元大63購03,131390,1.22,1.22,1.21,1.21
713280,高技元大63購04,176140,1.46,1.46,1.45,1.45
713281,順達元大65購01,272540,1.67,1.76,1.67,1.76
713282,鈊象元大63購10,172250,1.1,1.11,1.1,1.11
713283,群聯元大63購17,1809080,0.85,0.9,0.84,0.86
713284,群聯元大63購18,85100,0.85,0.86,0.85,0.85
713285,營邦元大65購02,1126910,2.37,2.48,2.35,2.43
713286,營邦元大66購01,1228160,2.04,2.12,2.01,2.08
713287,弘塑國票63購02,139180,1.11,1.11,1.1,1.1
713288,正德國票63購01,0,,,,
713289,正德國票64購01,0,,,,
713290,鈊象國票66購01,33600,0.96,0.96,0.96,0.96
713291,群翊國票68購01,0,,,,
713292,群聯國票68購01,0,,,,
713293,聖暉*國票68購01,188390,1.3,1.31,1.29,1.3
713294,頎邦國票64購04,89550,1.31,1.41,1.31,1.4
713295,營邦國票63購01,14400,2.88,2.88,2.88,2.88
713296,營邦國票64購01,796850,2.91,2.97,2.83,2.83
713297,環球晶國票63購01,0,,,,
713298,晶呈富邦64購01,305630,0.65,0.67,0.63,0.63
713299,廣閎科富邦63購01,428430,0.63,0.64,0.59,0.59
713300,穩懋富邦63購02,987310,1.49,1.58,1.44,1.46
713301,天良國泰63購01,0,,,,
713302,晶呈國泰63購01,198940,1.43,1.43,1.37,1.37
713303,晶呈國泰63購02,179430,1.28,1.28,1.23,1.23
713304,磐亞國泰63購01,540020,0.54,0.55,0.54,0.55
713305,穩懋國泰64購02,145920,2.57,2.61,2.57,2.61
713306,穩懋國泰65購01,281800,1.53,1.59,1.53,1.54
713307,環球晶統一67購01,0,,,,
713308,千附精凱基65購01,104000,1.04,1.04,1.04,1.04
713309,中美晶凱基63購08,42990,1.96,2.17,1.96,2.05
713310,台半凱基65購01,477140,0.93,1.02,0.9,0.9
713311,弘塑凱基63購07,45500,1.3,1.3,1.3,1.3
713312,良維凱基63購02,16000,3.2,3.2,3.2,3.2
713313,高技凱基63購02,385590,1.73,1.73,1.55,1.55
713314,順達凱基63購09,279650,3.7,3.85,3.62,3.63
713315,鈊象凱基63購04,0,,,,
713316,新應材凱基65購01,33760,2.11,2.11,2.11,2.11
713317,群翊凱基63購01,94380,1.43,1.43,1.43,1.43
713318,頎邦凱基63購05,277000,1.7,1.7,1.64,1.64
713319,頎邦凱基63購06,106460,1.33,1.45,1.33,1.38
713320,精材凱基63購03,63410,3.73,3.73,3.73,3.73
713321,精材凱基63購04,0,,,,
713322,精材凱基63購05,0,,,,
713323,精材凱基63購06,0,,,,
713324,環球晶凱基63購01,200630,1.57,1.73,1.57,1.59
713325,高技台新63購01,0,,,,
713326,華宏台新63購01,0,,,,
713327,華景電台新63購01,0,,,,
713328,華景電台新63購02,0,,,,
713329,順達台新63購01,22760,1.41,1.45,1.41,1.45
713330,頎邦台新65購01,481260,2.36,2.54,2.31,2.39
713331,精材台新63購01,302980,2.16,2.18,2.16,2.18
713332,精材台新63購02,315740,2.39,2.39,2.35,2.35
713333,雙鴻台新65購03,317150,11.5,11.5,9.35,9.35
713334,譜瑞台新65購01,0,,,,
713335,千附精元大63購02,0,,,,
713336,元太元大63購09,4060,0.65,0.69,0.65,0.69
713337,元太元大65購05,15190,0.79,0.81,0.79,0.81
713338,威剛元大63購06,0,,,,
713339,高技元大63購05,0,,,,
713340,鈊象元大63購11,86640,1.14,1.14,1.14,1.14
713341,群聯元大63購19,95630,0.95,0.96,0.93,0.95
713342,精材元大65購01,13860,1.38,1.39,1.38,1.39
713343,環球晶元大63購01,545230,1.28,1.45,1.28,1.32
713344,環球晶元大63購02,95580,1.32,1.32,1.3,1.3
713345,環球晶元大63購03,210970,0.89,0.98,0.89,0.96
713346,環球晶元大65購04,562670,0.82,0.89,0.82,0.87
713347,環球晶元大68購10,341050,0.67,0.73,0.67,0.69
713348,雙鴻元大63購11,0,,,,
713349,雙鴻元大63購12,0,,,,
713350,雙鴻元大63購13,3450,1.15,1.15,1.15,1.15
713351,雙鴻元大65購01,251600,1.31,1.37,1.18,1.18
713352,譜瑞元大63購05,1100,1.1,1.1,1.1,1.1
713353,弘塑中信65購01,78270,0.55,0.58,0.55,0.58
713354,博智中信65購01,15000,0.5,0.5,0.5,0.5
713355,精材中信68購01,151830,1.03,1.03,1.0,1.02
713356,千附精永豐63購02,0,,,,
713357,台半永豐63購03,0,,,,
713358,弘塑永豐63購03,262720,1.09,1.16,1.09,1.16
713359,弘塑永豐68購01,30420,2.34,2.34,2.34,2.34
713360,利機永豐63購01,0,,,,
713361,均華永豐63購03,0,,,,
713362,原相永豐63購01,0,,,,
713363,家登永豐63購04,0,,,,
713364,高技永豐65購01,0,,,,
713365,崇越電永豐65購01,0,,,,
713366,博智永豐63購02,0,,,,
713367,華宏永豐63購01,0,,,,
713368,閎康永豐63購01,0,,,,
713369,新應材永豐66購01,71380,0.83,0.83,0.83,0.83
713370,頎邦永豐63購03,89610,1.47,1.47,1.41,1.41
713371,頎邦永豐63購04,138740,1.0,1.09,1.0,1.06
713372,精材永豐63購03,0,,,,
713373,精材永豐63購04,0,,,,
713374,精材永豐68購01,0,,,,
713375,精材永豐68購02,0,,,,
713376,穩懋永豐63購04,189520,3.03,3.07,3.03,3.07
713377,中美晶群益63購05,378670,2.69,2.93,2.69,2.93
713378,世界群益63購02,21400,0.88,0.88,0.85,0.85
713379,台半群益63購02,46550,0.95,0.95,0.95,0.95
713380,弘塑群益63購05,165980,0.8,0.88,0.8,0.88
713381,均華群益66購01,42300,4.23,4.23,4.23,4.23
713382,威剛群益63購04,0,,,,
713383,威剛群益63購05,0,,,,
713384,博盛群益63購01,10400,1.04,1.04,1.04,1.04
713385,鈊象群益63購03,113510,1.76,1.76,1.73,1.74
713386,新應材群益63購01,0,,,,
713387,群聯群益63購05,379470,1.68,1.79,1.66,1.79
713388,群聯群益63購06,0,,,,
713389,精材群益63購04,251020,3.01,3.07,3.01,3.03
713390,雙鴻群益63購06,0,,,,
713391,雙鴻群益66購01,0,,,,
713392,穩懋群益65購01,141090,1.35,1.41,1.35,1.35
713393,元太國票63購01,0,,,,
713394,世界國票65購01,0,,,,
713395,台半國票68購01,1780,0.89,0.89,0.89,0.89
713396,沛亨國票63購01,59100,1.16,1.19,1.12,1.12
713397,良維國票69購01,0,,,,
713398,宜特國票65購01,2680,0.67,0.67,0.67,0.67
713399,杰力國票65購02,0,,,,
713400,長科*國票63購01,0,,,,
713401,茂達國票63購01,0,,,,
713402,晶呈國票63購01,0,,,,
713403,順達國票65購03,0,,,,
713404,萬泰科國票63購01,0,,,,
713405,鉅橡國票65購01,0,,,,
713406,精材國票65購03,1650,1.65,1.65,1.65,1.65
713407,環球晶國票63購02,86490,1.55,1.59,1.46,1.46
713408,譜瑞國票63購01,0,,,,
713409,頎邦國泰63購05,241860,1.73,1.78,1.72,1.72
713410,雙鴻國泰63購03,0,,,,
713411,雙鴻國泰63購04,26200,2.62,2.62,2.62,2.62
713412,均華統一67購01,166590,0.71,0.72,0.69,0.69
713413,東捷統一68購02,18480,0.84,0.84,0.84,0.84
713414,精材統一66購02,0,,,,
713415,精材統一67購03,10100,1.01,1.01,1.01,1.01
713416,精材統一6C購03,276710,1.01,1.01,0.98,0.98
713417,雙鴻統一65購03,199630,1.08,1.14,1.03,1.06
713418,穩懋統一65購03,100370,0.87,0.92,0.87,0.92
713419,弘塑富邦63購03,433920,0.69,0.78,0.69,0.78
713420,群聯富邦65購01,135140,0.8,0.83,0.8,0.81
713421,群聯富邦65購02,0,,,,
713422,精材富邦65購01,0,,,,
713423,精材富邦68購01,88500,1.39,1.39,1.33,1.34
713424,廣閎科富邦63購02,388740,0.7,0.7,0.66,0.66
713425,茂綸國票68購01,421650,0.83,0.84,0.83,0.84
713426,鴻呈國票68購01,0,,,,
713427,元太凱基65購02,0,,,,
713428,均華凱基65購01,0,,,,
713429,杰力凱基65購01,0,,,,
713430,威剛凱基63購12,0,,,,
713431,晶呈凱基63購01,0,,,,
713432,群聯凱基68購02,75380,2.3,2.43,2.3,2.43
713433,雙鴻凱基63購12,0,,,,
713434,穩懋凱基63購09,121330,1.92,2.08,1.92,2.08
713435,譜瑞凱基63購02,11000,1.1,1.1,1.1,1.1
713436,譜瑞凱基63購03,0,,,,
713437,譜瑞凱基63購04,82600,1.18,1.18,1.18,1.18
713438,譜瑞凱基65購01,22200,1.85,1.85,1.85,1.85
713439,譜瑞凱基65購02,309770,1.69,1.69,1.62,1.62
713440,久元台新63購01,42740,1.02,1.11,1.02,1.11
713441,均華台新63購02,20850,1.39,1.39,1.39,1.39
713442,宜鼎台新63購02,276970,1.62,1.71,1.61,1.71
713443,威剛台新63購03,0,,,,
713444,威剛台新63購04,0,,,,
713445,茂綸台新63購01,378230,1.45,1.63,1.45,1.55
713446,倚強台新63購01,0,,,,
713447,群聯台新63購02,0,,,,
713448,群聯台新63購03,0,,,,
713449,群聯台新63購04,42310,0.71,0.74,0.69,0.74
713450,群聯台新68購02,0,,,,
713451,頎邦台新63購01,1043710,1.8,1.98,1.79,1.83
713452,鴻呈台新63購01,2280,0.38,0.38,0.38,0.38
713453,穩懋台新63購02,973040,1.97,2.13,1.92,2.05
713454,穩懋台新65購03,92400,2.13,2.19,2.05,2.15
713455,高技中信65購01,0,,,,
713456,崇越電中信63購01,0,,,,
713457,群聯中信68購01,0,,,,
713458,雙鴻中信68購01,0,,,,
713459,穩懋中信68購03,6300,0.7,0.7,0.7,0.7
713460,互動永豐63購01,0,,,,
713461,均華永豐63購04,90300,1.05,1.05,1.05,1.05
713462,沛亨永豐63購01,665570,2.6,2.6,2.39,2.39
713463,良維永豐63購02,0,,,,
713464,宜鼎永豐63購07,69500,0.41,0.43,0.41,0.41
713465,順達永豐63購05,25080,0.76,0.76,0.76,0.76
713466,新復興永豐63購01,0,,,,
713467,新應材永豐66購02,0,,,,
713468,環球晶永豐63購07,35620,1.37,1.37,1.37,1.37
713469,環球晶永豐63購08,102870,1.09,1.2,1.09,1.1
713470,鴻呈永豐65購01,0,,,,
713471,台特化群益63購01,48000,0.6,0.6,0.6,0.6
713472,弘塑群益63購06,283730,1.86,1.99,1.86,1.9
713473,信立群益63購01,0,,,,
713474,倚強群益65購01,0,,,,
713475,高技群益63購01,136800,0.96,0.96,0.92,0.92
713476,博智群益63購03,0,,,,
713477,順達群益63購04,38250,0.75,0.75,0.75,0.75
713478,頎邦群益63購02,951270,3.51,3.81,3.49,3.51
713479,精材群益63購05,124950,2.45,2.45,2.45,2.45
713480,精材群益65購01,816900,1.85,1.88,1.7,1.7
713481,環球晶群益63購02,16640,1.28,1.28,1.28,1.28
713482,穩懋群益63購04,420410,1.57,1.77,1.55,1.55
713483,譜瑞群益63購01,0,,,,
713484,長科*國泰63購01,0,,,,
713485,高技國泰63購02,0,,,,
713486,世界富邦63購01,222250,0.55,0.56,0.54,0.54
713487,均華富邦63購02,340090,0.87,0.94,0.86,0.86
713488,沛亨富邦63購01,444040,0.78,0.81,0.78,0.79
713489,博智富邦63購04,0,,,,
713490,穩懋富邦63購03,1118600,0.77,0.85,0.76,0.76
713491,台半統一68購02,528520,0.49,0.53,0.49,0.51
713492,能率亞統一6B購01,0,,,,
713493,崇越電統一6B購01,0,,,,
713494,穩懋統一68購04,418200,0.71,0.77,0.71,0.71
713495,台半元大63購04,44150,0.59,0.59,0.58,0.58
713496,台半元大63購05,20320,0.54,0.56,0.54,0.56
713497,台半元大63購06,126500,0.62,0.64,0.62,0.62
713498,台半元大68購02,350330,0.69,0.72,0.68,0.68
713499,弘塑元大66購01,404300,1.08,1.17,1.08,1.17
713500,弘塑元大68購02,61770,1.02,1.07,1.02,1.07
713501,弘塑元大68購03,125070,1.31,1.4,1.31,1.4
713502,均華元大63購01,194960,1.04,1.04,0.95,0.95
713503,宜鼎元大63購07,491170,0.37,0.39,0.37,0.38
713504,威剛元大63購07,69000,1.38,1.38,1.38,1.38
713505,威剛元大63購08,0,,,,
713506,能率元大63購03,0,,,,
713507,晶呈元大63購01,0,,,,
713508,新應材元大65購01,0,,,,
713509,新應材元大68購01,247430,0.89,0.9,0.88,0.88
713510,群聯元大63購20,166280,0.85,0.89,0.85,0.89
713511,精材元大65購02,6210,2.07,2.07,2.07,2.07
713512,蜜望實元大63購03,78030,0.51,0.51,0.51,0.51
713513,環球晶元大63購04,0,,,,
713514,環球晶元大63購05,380480,0.78,0.83,0.76,0.76
713515,環球晶元大65購05,400200,0.92,0.92,0.92,0.92
713516,環球晶元大68購11,329220,0.71,0.77,0.71,0.72
713517,雙鴻元大63購14,4770,1.59,1.59,1.59,1.59
713518,雙鴻元大63購15,67770,1.83,1.85,1.83,1.85
713519,雙鴻元大63購16,19950,1.53,1.55,1.53,1.55
713520,雙鴻元大63購17,170920,1.44,1.44,1.22,1.22
713521,譜瑞元大63購06,0,,,,
713522,譜瑞元大63購07,0,,,,
713523,力致台新63購01,2540,1.27,1.27,1.27,1.27
713524,兆利台新64購01,0,,,,
713525,兆利台新65購01,0,,,,
713526,精材台新63購03,0,,,,
713527,廣閎科台新63購01,30000,1.0,1.0,1.0,1.0
713528,環球晶台新63購02,495290,2.85,3.08,2.78,2.8
713529,環球晶台新63購03,654760,2.0,2.29,1.99,2.02
713530,雙鴻台新64購01,0,,,,
713531,雙鴻台新64購02,0,,,,
713532,台半凱基63購03,0,,,,
713533,台特化凱基67購02,231050,1.28,1.32,1.28,1.31
713534,弘塑凱基69購01,137350,2.31,2.38,2.31,2.38
713535,宜鼎凱基63購08,0,,,,
713536,茂綸凱基64購01,1748740,1.41,1.61,1.41,1.56
713537,高技凱基63購03,120270,1.0,1.0,0.88,0.88
713538,博智凱基65購01,0,,,,
713539,順達凱基64購03,89810,1.07,1.11,1.07,1.11
713540,新應材凱基66購01,48380,1.18,1.18,1.18,1.18
713541,頎邦凱基65購01,42120,2.68,2.68,2.53,2.53
713542,精材凱基63購07,560260,2.0,2.04,1.88,1.88
713543,精材凱基66購01,8370,2.79,2.79,2.79,2.79
713544,蜜望實凱基63購02,0,,,,
713545,環球晶凱基69購01,83150,1.91,1.97,1.85,1.85
713546,雙鴻凱基63購13,103290,2.13,2.28,1.74,1.74
713547,台半群益66購01,25550,1.23,1.34,1.23,1.34
713548,宏捷科群益63購01,47100,0.66,0.69,0.66,0.69
713549,沛亨群益63購01,46330,1.63,1.66,1.63,1.66
713550,朋程群益63購01,0,,,,
713551,欣銓群益63購02,13280,1.24,1.24,1.18,1.18
713552,威剛群益63購06,0,,,,
713553,高技群益63購02,105090,1.13,1.13,1.13,1.13
713554,華景電群益63購01,0,,,,
713555,萬泰科群益63購01,0,,,,
713556,群聯群益63購07,3600,0.72,0.72,0.72,0.72
713557,聖暉*群益63購01,3514020,1.26,1.38,1.26,1.27
713558,精材群益63購06,62320,2.86,2.86,2.81,2.81
713559,鴻呈群益66購01,0,,,,
713560,雙鴻群益63購07,0,,,,
713561,青雲國票64購01,20100,2.01,2.01,2.01,2.01
713562,青雲國票65購01,2020,2.02,2.02,2.02,2.02
713563,倚強國票64購01,0,,,,
713564,家登國票64購01,0,,,,
713565,達航國票64購01,0,,,,
713566,精材國票64購01,33900,1.13,1.13,1.13,1.13
713567,雙鴻國票64購01,0,,,,
713568,頎邦中信69購01,68780,0.73,0.76,0.72,0.75
713569,精材中信69購01,3480,0.7,0.71,0.69,0.69
713570,雙鴻中信69購01,0,,,,
713571,安葆永豐64購02,216130,0.97,0.97,0.93,0.93
713572,宜鼎永豐65購03,1160,0.58,0.58,0.58,0.58
713573,宜鼎永豐68購01,210260,0.98,1.03,0.98,1.03
713574,博盛永豐64購01,49200,0.82,0.82,0.82,0.82
713575,華洋永豐65購01,0,,,,
713576,廣閎科永豐64購01,17640,0.98,0.98,0.98,0.98
713577,雙鴻永豐64購07,105330,1.61,1.61,1.58,1.58
713578,雙鴻永豐65購05,292280,2.6,2.61,2.23,2.23
713579,雙鴻永豐68購01,567570,1.3,1.33,1.12,1.12
713580,千附精元大63購03,0,,,,
713581,中美晶元大63購08,29640,0.57,0.57,0.57,0.57
713582,弘塑元大67購02,111820,1.21,1.33,1.21,1.26
713583,弘塑元大68購04,324680,1.1,1.14,1.1,1.14
713584,宜鼎元大63購08,304480,0.53,0.56,0.53,0.53
713585,宜鼎元大63購09,711540,0.51,0.54,0.5,0.54
713586,威剛元大63購09,0,,,,
713587,威剛元大63購10,0,,,,
713588,高技元大63購06,141360,0.33,0.33,0.32,0.32
713589,新應材元大66購01,0,,,,
713590,精材元大63購06,5610,1.87,1.87,1.87,1.87
713591,精材元大63購07,80500,1.5,1.52,1.5,1.52
713592,精材元大63購08,5600,1.4,1.4,1.4,1.4
713593,精材元大63購09,4300,0.86,0.86,0.86,0.86
713594,蜜望實元大63購04,50490,0.33,0.33,0.33,0.33
713595,營邦元大68購01,121300,1.0,1.03,1.0,1.02
713596,環球晶元大63購06,427480,0.66,0.73,0.66,0.69
713597,環球晶元大64購02,308700,0.7,0.7,0.7,0.7
713598,環球晶元大66購05,234000,0.6,0.6,0.58,0.58
713599,鴻呈元大63購01,0,,,,
713600,鴻呈元大63購02,205800,0.3,0.3,0.3,0.3
713601,雙鴻元大63購18,795460,1.21,1.21,1.19,1.21
713602,雙鴻元大64購06,5360,1.34,1.34,1.34,1.34
713603,雙鴻元大65購02,5800,1.45,1.45,1.45,1.45
713604,鴻呈國泰64購01,0,,,,
713605,中美晶富邦63購03,384840,0.53,0.59,0.53,0.58
713606,元太富邦65購01,302200,0.58,0.62,0.58,0.6
713607,威剛富邦66購01,0,,,,
713608,高技富邦66購01,0,,,,
713609,晶呈富邦65購01,262320,0.58,0.58,0.56,0.56
713610,閎康富邦65購01,0,,,,
713611,順達富邦64購02,136530,0.5,0.51,0.5,0.51
713612,頎邦富邦66購01,72380,0.66,0.7,0.66,0.7
713613,精材富邦65購02,85980,0.89,0.91,0.83,0.83
713614,精材富邦79購01,39520,1.04,1.04,1.04,1.04
713615,營邦富邦66購01,61690,0.95,0.95,0.89,0.94
713616,雙鴻富邦65購02,5960,1.49,1.49,1.49,1.49
713617,雙鴻富邦66購01,4800,1.6,1.6,1.6,1.6
713618,雙鴻富邦66購02,5120,1.28,1.28,1.28,1.28
713619,雙鴻統一69購01,0,,,,
713620,雙鴻統一6C購02,0,,,,
713621,千附群益63購01,0,,,,
713622,均華群益65購01,226410,1.11,1.11,1.03,1.03
713623,亞通群益63購01,7076910,1.75,2.11,1.75,2.03
713624,宜鼎群益65購01,7900,0.52,0.54,0.52,0.54
713625,威剛群益63購07,15020,0.59,0.63,0.59,0.6
713626,順達群益63購05,535910,1.04,1.13,0.99,1.06
713627,新應材群益64購02,0,,,,
713628,群聯群益63購08,19870,0.68,0.73,0.68,0.73
713629,頎邦群益63購03,1897840,3.43,3.8,3.38,3.54
713630,精材群益63購07,175310,2.79,2.8,2.6,2.6
713631,精材群益63購08,1260960,1.88,1.93,1.75,1.75
713632,擎亞群益63購01,55000,0.55,0.55,0.55,0.55
713633,環球晶群益63購03,81010,1.21,1.39,1.2,1.22
713634,雙鴻群益63購08,249980,2.29,2.29,2.0,2.0
713635,元太國票64購02,7020,0.78,0.78,0.78,0.78
713636,世界國票64購01,0,,,,
713637,弘塑國票64購01,0,,,,
713638,均華國票67購01,0,,,,
713639,良維國票64購01,0,,,,
713640,宜鼎國票64購01,6700,0.67,0.67,0.67,0.67
713641,欣銓國票64購01,115280,0.82,0.84,0.8,0.8
713642,威剛國票64購03,0,,,,
713643,高技國票64購01,0,,,,
713644,創泓國票64購01,69650,2.08,2.08,1.92,1.93
713645,智通*國票65購01,0,,,,
713646,萊德光國票64購01,669830,0.9,1.01,0.9,0.93
713647,雅特力國票64購01,17000,0.85,0.85,0.85,0.85
713648,順達國票64購01,0,,,,
713649,群聯國票64購02,0,,,,
713650,頎邦國票64購05,15580,1.12,1.14,1.11,1.11
713651,精材國票64購02,0,,,,
713652,蜜望實國票64購01,42220,1.51,1.51,1.48,1.48
713653,擎亞國票64購01,291030,0.63,0.64,0.61,0.61
713654,擎亞國票65購01,19720,0.68,0.68,0.68,0.68
713655,擎亞國票66購01,0,,,,
713656,環球晶國票64購02,170710,2.04,2.27,2.04,2.04
713657,環球晶國票65購01,402680,2.32,2.37,2.17,2.17
713658,環球晶國票66購01,75000,2.27,2.37,2.27,2.36
713659,鴻呈國票64購01,0,,,,
713660,雙鴻國票64購02,0,,,,
713661,安葆台新63購01,29700,0.99,0.99,0.99,0.99
713662,能率台新66購01,0,,,,
713663,萊德光台新63購01,955500,1.0,1.15,0.99,1.03
713664,雅特力台新63購01,27000,0.9,0.9,0.9,0.9
713665,精材台新63購04,209600,1.68,1.72,1.66,1.68
713666,擎亞台新63購01,30250,0.55,0.55,0.55,0.55
713667,擎亞台新66購01,0,,,,
713668,雙鴻台新66購01,0,,,,
713669,千附精元大66購01,0,,,,
713670,元太元大66購06,212640,1.23,1.28,1.23,1.25
713671,元太元大67購04,1100,1.1,1.1,1.1,1.1
713672,均華元大63購02,506140,0.84,0.84,0.77,0.77
713673,均華元大63購03,378420,0.85,0.85,0.79,0.79
713674,均華元大64購05,0,,,,
713675,宜鼎元大63購10,492550,0.63,0.67,0.63,0.64
713676,宜鼎元大63購11,624030,0.61,0.62,0.59,0.6
713677,青雲元大63購03,35040,0.73,0.73,0.73,0.73
713678,威剛元大63購11,1950,0.39,0.39,0.39,0.39
713679,高技元大63購07,836690,0.68,0.7,0.64,0.64
713680,智通*元大67購01,9900,0.99,0.99,0.99,0.99
713681,雅特力元大63購01,136050,0.99,1.01,0.98,0.99
713682,群聯元大63購21,295130,0.88,0.91,0.88,0.91
713683,精材元大63購10,169410,1.6,1.65,1.6,1.64
713684,精材元大63購11,8100,1.37,1.37,1.31,1.31
713685,精材元大63購12,5190,1.05,1.05,0.99,0.99
713686,精材元大64購02,5000,1.25,1.25,1.25,1.25
713687,精材元大65購03,164680,0.77,0.77,0.75,0.75
713688,蜜望實元大63購05,427790,0.53,0.53,0.51,0.51
713689,擎亞元大63購01,24390,0.46,0.51,0.46,0.48
713690,環球晶元大63購07,1050350,1.93,2.12,1.93,1.93
713691,環球晶元大63購08,1077770,1.23,1.23,1.13,1.13
713692,環球晶元大67購04,371820,1.08,1.11,1.08,1.09
713693,雙鴻元大63購19,5350,1.07,1.07,1.07,1.07
713694,雙鴻元大63購20,9270,1.03,1.03,1.03,1.03
713695,千附精凱基63購01,0,,,,
713696,中美晶凱基68購02,404920,2.39,2.39,2.2,2.2
713697,欣銓凱基68購01,349170,2.18,2.21,2.04,2.04
713698,青雲凱基64購01,174140,1.78,1.78,1.61,1.61
713699,家登凱基64購01,531000,1.97,1.97,1.84,1.84
713700,雅特力凱基63購01,425730,0.94,0.97,0.93,0.97
713701,雅特力凱基63購02,131860,1.06,1.1,1.06,1.08
713702,雅特力凱基63購03,591980,1.02,1.05,0.99,0.99
713703,萬泰科凱基63購01,0,,,,
713704,群聯凱基64購09,0,,,,
713705,群聯凱基69購01,1567360,2.03,2.11,2.02,2.05
713706,聖暉*凱基63購02,69750,1.55,1.55,1.55,1.55
713707,達航凱基66購01,0,,,,
713708,精材凱基63購08,0,,,,
713709,擎亞凱基63購01,0,,,,
713710,擎亞凱基63購02,737480,0.43,0.49,0.43,0.45
713711,擎亞凱基66購01,0,,,,
713712,營邦凱基68購01,960800,3.5,3.5,3.2,3.31
713713,鴻呈凱基63購01,0,,,,
713714,雙鴻凱基63購14,0,,,,
713715,環球晶中信69購01,331800,1.31,1.45,1.31,1.45
713716,千附永豐63購01,0,,,,
713717,宜鼎永豐67購02,240910,1.11,1.15,1.09,1.1
713718,宜鼎永豐69購01,176160,0.97,0.98,0.96,0.96
713719,青雲永豐64購01,0,,,,
713720,博士旺永豐63購01,0,,,,
713721,雅特力永豐64購01,40950,1.01,1.01,0.98,0.99
713722,雅特力永豐66購01,48070,1.31,1.31,1.29,1.29
713723,精材永豐64購03,37200,1.24,1.24,1.24,1.24
713724,精材永豐64購04,1680,1.68,1.68,1.68,1.68
713725,精材永豐64購05,0,,,,
713726,精材永豐66購01,0,,,,
713727,蜜望實永豐65購01,0,,,,
713728,擎亞永豐64購02,113140,0.52,0.55,0.52,0.55
713729,擎亞永豐65購01,134340,0.79,0.82,0.77,0.82
713730,擎亞永豐66購01,62570,0.49,0.51,0.49,0.5
713731,環球晶永豐63購09,0,,,,
713732,環球晶永豐69購01,2180,2.18,2.18,2.18,2.18
713733,雙鴻永豐66購03,18660,1.33,1.34,1.33,1.34
713734,精材國泰64購01,253620,1.74,1.78,1.73,1.77
713735,蜜望實國泰64購01,34880,1.12,1.14,1.12,1.14
713736,良維富邦64購02,3650,0.73,0.73,0.73,0.73
713737,宜鼎富邦63購03,148500,0.32,0.33,0.32,0.33
713738,精材富邦63購01,820280,0.81,0.83,0.73,0.73
713739,擎亞富邦64購01,208650,0.39,0.39,0.39,0.39
713740,環球晶富邦63購01,197960,0.66,0.74,0.65,0.68
713741,千附統一67購03,0,,,,
713742,精材統一67購04,76760,0.58,0.6,0.58,0.6
713743,精材統一69購01,0,,,,
713744,擎亞統一69購01,0,,,,
713745,環球晶統一6A購03,0,,,,
713746,雙鴻統一71購01,447720,0.82,0.82,0.82,0.82
713747,千附精台新63購01,0,,,,
713748,台半台新63購01,167340,1.92,2.11,1.91,2.11
713749,台半台新63購02,82640,1.3,1.4,1.27,1.4
713750,弘塑台新63購02,61920,1.84,1.94,1.84,1.94
713751,弘塑台新64購01,64700,1.58,1.68,1.58,1.68
713752,弘塑台新65購01,29440,1.28,1.28,1.28,1.28
713753,正淩台新66購01,64380,2.22,2.22,2.22,2.22
713754,亞信台新63購01,0,,,,
713755,東捷台新63購01,19600,1.4,1.4,1.4,1.4
713756,新應材台新63購01,0,,,,
713757,新應材台新63購02,0,,,,
713758,漢達台新63購01,49540,1.59,1.76,1.59,1.73
713759,漢達台新63購02,76360,1.81,2.01,1.79,1.79
713760,雙鴻台新63購04,619900,1.42,1.42,1.11,1.11
713761,元太凱基67購01,57720,1.56,1.56,1.56,1.56
713762,弘塑凱基68購02,807510,1.78,1.98,1.78,1.94
713763,良維凱基69購01,0,,,,
713764,宜鼎凱基63購09,883300,1.18,1.26,1.18,1.24
713765,威剛凱基63購13,53200,1.8,1.8,1.75,1.77
713766,家登凱基63購03,407450,1.07,1.09,1.02,1.03
713767,高技凱基63購04,0,,,,
713768,智通*凱基63購03,0,,,,
713769,順達凱基63購10,88780,1.26,1.33,1.25,1.33
713770,新應材凱基66購02,256440,1.5,1.5,1.45,1.45
713771,頎邦凱基63購07,1000160,2.4,2.54,2.34,2.34
713772,雙鴻凱基63購15,31800,1.59,1.59,1.59,1.59
713773,雙鴻凱基63購16,30800,1.54,1.54,1.54,1.54
713774,雙鴻凱基63購18,32780,1.49,1.49,1.49,1.49
713775,雙鴻凱基63購19,0,,,,
713776,雙鴻凱基64購04,32800,1.64,1.64,1.64,1.64
713777,雙鴻凱基65購01,0,,,,
713778,雙鴻凱基65購02,0,,,,
713779,雙鴻凱基65購03,8160,2.04,2.04,2.04,2.04
713780,雙鴻凱基65購04,30600,1.7,1.7,1.7,1.7
713781,中美晶群益68購01,18000,0.6,0.6,0.6,0.6
713782,宏捷科群益63購02,53380,0.44,0.49,0.44,0.49
713783,亞信群益63購01,0,,,,
713784,倚強群益63購01,0,,,,
713785,家登群益63購05,0,,,,
713786,晶宏群益64購01,14230,1.29,1.3,1.28,1.28
713787,群聯群益63購09,6200,1.24,1.24,1.24,1.24
713788,廣閎科群益63購02,331520,1.01,1.04,1.01,1.04
713789,雙鴻群益63購10,36900,1.23,1.23,1.23,1.23
713790,雙鴻群益69購01,6300,1.05,1.05,1.05,1.05
713791,中美晶元大63購09,271070,0.55,0.6,0.55,0.58
713792,宜鼎元大63購12,378010,0.57,0.6,0.56,0.57
713793,青雲元大63購04,122790,0.62,0.62,0.6,0.61
713794,威剛元大63購12,0,,,,
713795,威剛元大67購01,0,,,,
713796,高技元大63購08,250490,0.65,0.65,0.6,0.6
713797,群聯元大63購23,213620,0.78,0.78,0.76,0.77
713798,營邦元大63購04,818710,1.82,1.84,1.73,1.8
713799,雙鴻元大63購21,4900,0.98,0.98,0.98,0.98
713800,雙鴻元大63購26,0,,,,
713801,雙鴻元大63購28,7700,0.7,0.7,0.7,0.7
713802,雙鴻元大63購29,4980,0.83,0.83,0.83,0.83
713803,雙鴻元大64購07,5400,0.9,0.9,0.9,0.9
713804,雙鴻元大64購08,5340,0.89,0.89,0.89,0.89
713805,雙鴻元大64購09,4620,0.66,0.66,0.66,0.66
713806,雙鴻元大65購03,7880,0.71,0.72,0.71,0.72
713807,雙鴻元大65購04,32000,0.64,0.64,0.64,0.64
713808,久元國票65購01,0,,,,
713809,大綜國票66購01,0,,,,
713810,天良國票64購01,0,,,,
713811,晶宏國票68購01,50820,0.77,0.77,0.77,0.77
713812,瑞耘國票68購01,0,,,,
713813,萬泰科國票65購01,0,,,,
713814,聖暉*國票65購03,0,,,,
713815,廣閎科國票65購01,47900,0.92,0.95,0.92,0.95
713816,磐亞國票65購01,418710,0.51,0.51,0.51,0.51
713817,雙鴻國票69購02,0,,,,
713818,晶宏統一71購01,2750,0.55,0.55,0.55,0.55
713819,新應材統一69購01,0,,,,
713820,新應材統一6C購01,0,,,,
713821,擎亞統一69購02,14100,0.47,0.47,0.47,0.47
713822,雙鴻統一6B購02,0,,,,
713823,雙鴻統一71購02,768460,0.77,0.77,0.77,0.77
713824,千附精永豐64購02,0,,,,
713825,廣閎科永豐63購03,33410,0.98,0.99,0.98,0.99
713826,廣閎科永豐64購02,0,,,,
713827,能率富邦65購01,0,,,,
713828,雙鴻富邦65購03,13420,0.71,0.75,0.71,0.75
713829,雙鴻富邦66購03,0,,,,
713830,雙鴻富邦66購04,0,,,,
713831,朋億*國泰64購01,0,,,,
713832,穩得國泰64購01,0,,,,
713833,良維中信69購01,0,,,,
713834,力致台新63購02,0,,,,
713835,力致台新63購03,242550,0.99,0.99,0.88,0.88
713836,千附台新63購01,0,,,,
713837,天正台新63購01,0,,,,
713838,宜鼎台新65購02,29820,1.42,1.42,1.42,1.42
713839,華洋台新63購01,9900,0.66,0.66,0.66,0.66
713840,閎康台新63購01,0,,,,
713841,閎康台新63購02,0,,,,
713842,閎康台新63購03,0,,,,
713843,騰雲台新63購01,884080,0.92,1.12,0.92,1.06
713844,驊訊台新64購01,0,,,,
713845,驊訊台新64購02,0,,,,
713846,九暘國票65購02,0,,,,
713847,力致國票66購01,0,,,,
713848,利機國票64購01,0,,,,
713849,均豪國票64購01,82600,0.76,0.76,0.75,0.75
713850,均豪國票65購01,0,,,,
713851,亞通國票64購01,367160,1.36,1.58,1.36,1.57
713852,亞通國票65購01,0,,,,
713853,崴寶國票67購01,0,,,,
713854,晶宏國票6B購01,0,,,,
713855,智通*國票64購01,0,,,,
713856,華宏國票67購01,720,0.72,0.72,0.72,0.72
713857,閎康國票65購01,0,,,,
713858,新應材國票65購01,0,,,,
713859,榮剛國票67購01,46750,0.74,0.75,0.74,0.75
713860,營邦國票64購02,0,,,,
713861,營邦國票64購03,103510,2.01,2.06,2.01,2.06
713862,營邦國票66購01,27720,2.31,2.31,2.31,2.31
713863,大綜凱基63購01,1041600,1.35,1.35,1.28,1.31
713864,宏捷科凱基63購02,85860,0.55,0.61,0.55,0.58
713865,宏捷科凱基64購01,73690,0.81,0.82,0.79,0.79
713866,沛亨凱基63購02,1350,1.35,1.35,1.35,1.35
713867,亞信凱基63購01,0,,,,
713868,青雲凱基63購02,770180,2.07,2.07,1.82,1.82
713869,晶宏凱基64購01,93690,0.85,0.85,0.79,0.79
713870,鈊象凱基67購01,0,,,,
713871,群聯凱基63購18,74520,1.08,1.08,1.08,1.08
713872,群聯凱基63購19,5000,1.0,1.0,1.0,1.0
713873,聖暉*凱基65購01,104720,1.14,1.26,1.14,1.2
713874,漢達凱基65購01,17430,4.87,4.87,4.18,4.19
713875,廣閎科凱基63購03,108070,1.2,1.21,1.18,1.18
713876,營邦凱基63購05,740140,1.51,1.53,1.41,1.45
713877,威剛群益63購08,21400,1.07,1.07,1.07,1.07
713878,晶宏群益64購02,0,,,,
713879,新應材群益63購02,0,,,,
713880,元太永豐64購01,28560,1.68,1.68,1.68,1.68
713881,天正永豐66購01,0,,,,
713882,巨漢永豐64購01,0,,,,
713883,博盛永豐63購03,0,,,,
713884,晶宏永豐63購01,37200,0.62,0.62,0.62,0.62
713885,千附精富邦63購01,32340,0.33,0.33,0.33,0.33
713886,弘塑國泰64購01,33810,1.47,1.47,1.47,1.47
713887,威剛統一69購02,0,,,,
713888,晶宏統一69購01,15180,0.66,0.66,0.66,0.66
713889,擎亞統一71購01,219560,0.44,0.44,0.44,0.44
713890,千附精元大69購01,0,,,,
713891,宏捷科元大63購01,106000,0.53,0.53,0.53,0.53
713892,宏捷科元大67購02,77350,0.74,0.77,0.74,0.76
713893,良維元大63購03,100030,1.35,1.46,1.35,1.46
713894,良維元大67購01,42300,0.76,0.77,0.76,0.77
713895,宜鼎元大63購13,661110,0.53,0.57,0.53,0.53
713896,威剛元大67購02,0,,,,
713897,建榮元大63購01,0,,,,
713898,晶宏元大63購01,79690,0.68,0.68,0.6,0.6
713899,雅特力元大63購02,80570,1.01,1.02,0.99,1.02
713900,順達元大63購08,1791690,0.92,0.99,0.91,0.97
713901,群翊元大63購01,14740,1.34,1.34,1.34,1.34
713902,群聯元大63購24,1153990,0.85,0.88,0.83,0.87
713903,擎亞元大63購02,0,,,,
713904,擎亞元大63購03,259450,0.54,0.55,0.52,0.52
713905,天正台新63購02,0,,,,
713906,印能台新63購01,111130,0.93,0.95,0.92,0.95
713907,印能台新63購02,260350,1.09,1.17,1.09,1.17
713908,沛亨台新63購01,133410,1.41,1.41,1.32,1.32
713909,晶宏台新63購01,3500,0.7,0.7,0.7,0.7
713910,晶宏台新63購02,0,,,,
713911,鈊象台新63購01,14400,1.44,1.44,1.44,1.44
713912,群聯台新63購05,33250,1.33,1.33,1.33,1.33
713913,群聯台新63購06,24700,0.95,0.95,0.95,0.95
713914,力致凱基63購01,0,,,,
713915,印能凱基63購01,257120,1.24,1.39,1.24,1.39
713916,印能凱基63購02,987380,1.31,1.43,1.26,1.43
713917,印能凱基64購02,463140,1.23,1.32,1.23,1.32
713918,印能凱基65購01,265680,1.62,1.71,1.62,1.71
713919,印能凱基65購02,535470,1.53,1.72,1.53,1.72
713920,均豪凱基65購02,0,,,,
713921,良維凱基63購03,0,,,,
713922,亞通凱基63購01,10450,2.09,2.09,2.09,2.09
713923,宜鼎凱基63購10,316290,1.17,1.26,1.17,1.26
713924,威剛凱基67購01,11640,1.94,1.94,1.94,1.94
713925,建榮凱基63購02,68410,1.17,1.17,1.07,1.07
713926,晶宏凱基64購02,84550,1.07,1.07,1.0,1.06
713927,智通*凱基64購01,0,,,,
713928,閎康凱基63購02,0,,,,
713929,新應材凱基68購01,75110,1.34,1.36,1.33,1.34
713930,印能國票64購01,0,,,,
713931,印能國票65購01,0,,,,
713932,沛亨國票66購02,860,0.86,0.86,0.86,0.86
713933,泓格國票64購01,0,,,,
713934,晶宏國票66購01,280000,0.7,0.7,0.7,0.7
713935,群聯國票66購03,0,,,,
713936,印能群益63購01,14700,0.98,0.98,0.98,0.98
713937,印能群益65購01,52000,1.04,1.04,1.04,1.04
713938,沛亨群益64購01,28250,1.37,1.44,1.37,1.44
713939,鈊象群益63購04,19070,1.59,1.59,1.58,1.58
713940,群聯群益63購10,6300,1.26,1.26,1.26,1.26
713941,營邦群益63購02,69360,1.36,1.36,1.36,1.36
713942,營邦群益65購01,25500,1.5,1.5,1.5,1.5
713943,印能中信67購01,41090,0.66,0.72,0.66,0.7
713944,印能統一67購01,180640,0.59,0.64,0.59,0.63
713945,沛亨統一6A購01,0,,,,
713946,晶宏統一67購01,0,,,,
713947,印能國泰64購01,0,,,,
713948,印能國泰65購01,124880,1.08,1.1,1.08,1.09
713949,宜特國泰64購01,20560,1.45,1.47,1.45,1.47
713950,晶宏國泰64購01,166430,1.17,1.18,1.11,1.11
713951,營邦國泰64購01,116610,2.07,2.1,2.07,2.09
713952,均豪富邦63購01,72160,0.47,0.48,0.47,0.47
713953,營邦富邦66購02,301780,0.65,0.65,0.62,0.63
713954,九暘永豐64購01,46750,0.87,0.9,0.87,0.9
713955,川寶永豐63購01,0,,,,
713956,印能永豐63購01,134770,0.84,0.87,0.84,0.87
713957,印能永豐64購02,333170,1.0,1.08,1.0,1.08
713958,印能永豐65購01,60000,1.0,1.0,1.0,1.0
713959,晶宏永豐64購01,181680,1.09,1.15,1.05,1.11
713960,群翊永豐63購01,9440,1.18,1.18,1.18,1.18
713961,頎邦永豐64購03,297100,1.32,1.35,1.32,1.34
713962,頎邦永豐66購01,690250,1.7,1.74,1.69,1.74
713963,中美晶元大63購10,434380,1.16,1.19,1.16,1.19
713964,印能元大67購01,21030,0.7,0.74,0.69,0.74
713965,印能元大68購01,118930,0.73,0.74,0.73,0.74
713966,沛亨元大63購01,84820,0.95,0.98,0.95,0.96
713967,沛亨元大63購02,700080,0.99,1.04,0.98,1.03
713968,沛亨元大69購01,0,,,,
713969,良維元大63購04,658230,1.2,1.31,1.2,1.23
713970,良維元大67購02,3450,1.15,1.15,1.15,1.15
713971,宜鼎元大63購14,508960,0.79,0.84,0.79,0.8
713972,威剛元大63購13,3210,1.07,1.07,1.07,1.07
713973,晶宏元大63購02,104270,1.06,1.06,0.55,0.56
713974,湧德元大63購01,0,,,,
713975,順達元大63購09,1795840,1.01,1.08,1.01,1.05
713976,順達元大63購10,251430,0.51,0.51,0.51,0.51
713977,新應材元大63購05,0,,,,
713978,新應材元大63購06,0,,,,
713979,群聯元大63購25,1083750,0.8,0.83,0.79,0.83
713980,聖暉*元大63購01,724040,0.57,0.62,0.54,0.59
713981,漢達元大63購01,99000,3.43,3.43,3.13,3.13
713982,廣閎科元大63購01,31970,1.22,1.27,1.22,1.27
713983,廣閎科元大69購01,435570,0.58,0.59,0.57,0.57
713984,擎亞元大63購04,227220,0.41,0.43,0.41,0.43
713985,擎亞元大63購05,0,,,,
713986,擎亞元大68購01,104540,0.64,0.65,0.64,0.65
713987,譜瑞元大63購08,0,,,,
713988,東捷台新63購02,0,,,,
713989,東捷台新63購03,37500,1.25,1.25,1.25,1.25
713990,新應材台新64購03,0,,,,
713991,群聯台新63購07,0,,,,
713992,群聯台新63購08,0,,,,
713993,德微台新63購01,157770,2.05,2.07,2.04,2.04
713994,德微台新64購01,179880,1.95,1.95,1.92,1.92
713995,德微台新65購01,107090,1.24,1.24,1.22,1.22
713996,立敦群益63購01,61500,1.23,1.23,1.23,1.23
713997,良維群益63購02,5200,1.04,1.04,1.04,1.04
713998,良維群益65購01,53770,1.25,1.32,1.25,1.32
713999,東捷群益65購01,65000,1.09,1.09,1.05,1.05
714000,新應材群益63購03,0,,,,
714001,群聯群益63購11,5450,1.09,1.09,1.09,1.09
714002,漢達群益64購01,25100,2.51,2.51,2.51,2.51
714003,漢達群益65購01,89280,2.48,2.48,2.48,2.48
714004,沛亨凱基63購03,10870,1.86,1.86,1.74,1.74
714005,良維凱基63購04,21000,1.05,1.05,1.05,1.05
714006,信紘科凱基63購01,0,,,,
714007,萊德光凱基63購01,11240,0.79,0.82,0.79,0.82
714008,順達凱基65購01,120620,1.79,1.84,1.76,1.84
714009,鈊象凱基63購05,0,,,,
714010,群聯凱基64購10,234870,1.94,1.96,1.89,1.96
714011,聖暉*凱基63購03,546280,1.71,1.76,1.67,1.67
714012,鈺太凱基63購01,0,,,,
714013,漢達凱基63購02,0,,,,
714014,德微凱基63購01,1650,1.65,1.65,1.65,1.65
714015,德微凱基63購02,198430,1.89,1.89,1.66,1.66
714016,德微凱基65購01,110890,2.62,2.62,2.27,2.27
714017,營邦凱基63購06,99410,1.84,1.95,1.84,1.95
714018,台半元大63購07,289220,1.23,1.34,1.21,1.21
714019,台半元大63購08,583810,0.91,0.98,0.9,0.93
714020,台半元大63購09,672240,0.75,0.81,0.74,0.8
714021,沛亨元大63購03,181650,1.09,1.18,1.09,1.11
714022,宜鼎元大69購01,305110,0.9,0.94,0.9,0.9
714023,威剛元大63購14,3060,1.53,1.53,1.53,1.53
714024,晶宏元大63購03,157050,0.58,0.67,0.58,0.63
714025,群聯元大63購26,427740,1.07,1.09,1.07,1.09
714026,廣閎科元大63購02,24530,0.59,0.63,0.59,0.63
714027,廣閎科元大69購02,2900,0.58,0.58,0.58,0.58
714028,德微元大63購01,89700,1.3,1.3,1.3,1.3
714029,德微元大69購01,171370,1.29,1.3,1.23,1.23
714030,晶宏中信63購01,6820,0.32,0.33,0.32,0.33
714031,台半國票65購01,1980,0.99,0.99,0.99,0.99
714032,正淩國票67購01,0,,,,
714033,宸曜國票64購01,0,,,,
714034,宸曜國票65購01,0,,,,
714035,高鋒國票65購01,0,,,,
714036,新門國票69購01,0,,,,
714037,群翊國票65購02,0,,,,
714038,漢達國票69購01,48930,1.13,1.24,1.13,1.18
714039,德微國票65購02,0,,,,
714040,譜瑞國票66購02,0,,,,
714041,寶雅*國票66購02,10010,0.91,0.91,0.91,0.91
714042,沛亨永豐63購02,60260,1.31,1.31,1.31,1.31
714043,良維永豐64購01,0,,,,
714044,東捷永豐63購04,0,,,,
714045,東捷永豐64購03,0,,,,
714046,泓格永豐63購01,0,,,,
714047,泓格永豐64購02,0,,,,
714048,德微永豐64購01,373880,1.04,1.07,1.04,1.05
714049,德微永豐65購01,179420,1.4,1.4,1.36,1.37
714050,寶雅*永豐64購01,96620,1.32,1.32,1.3,1.3
714051,印能統一66購01,51020,0.57,0.6,0.57,0.6
714052,東捷國泰64購01,9400,0.94,0.94,0.94,0.94
714053,元太富邦65購02,83430,0.66,0.7,0.66,0.68
714054,宜鼎富邦64購01,24390,0.68,0.71,0.67,0.71
714055,高技富邦65購01,67450,0.71,0.71,0.71,0.71
714056,晶呈富邦65購02,411240,0.86,0.86,0.83,0.86
714057,新應材富邦63購04,0,,,,
714058,群聯富邦65購03,110960,0.73,0.73,0.73,0.73
714059,群聯富邦65購04,115590,0.82,0.85,0.81,0.85
714060,群聯富邦65購05,87200,0.96,0.96,0.93,0.96
714061,聖暉*富邦63購01,261130,0.64,0.69,0.64,0.67
714062,譜瑞富邦65購01,162510,0.76,0.76,0.75,0.75
714063,M31台新63購01,120480,2.51,2.51,2.51,2.51
714064,M31台新66購01,137660,2.06,2.1,2.04,2.04
714065,光頡台新63購01,119840,3.9,3.9,3.71,3.71
714066,光頡台新66購01,250700,3.38,3.38,3.23,3.29
714067,竹陞台新63購01,0,,,,
714068,均華台新63購03,0,,,,
714069,均華台新64購01,0,,,,
714070,昇達科台新63購01,30240,1.12,1.12,1.12,1.12
714071,昇達科台新66購01,62000,1.24,1.24,1.24,1.24
714072,信驊台新63購01,20560,2.57,2.57,2.57,2.57
714073,信驊台新63購02,15600,1.95,1.95,1.95,1.95
714074,信驊台新63購03,115920,1.28,1.28,1.18,1.18
714075,信驊台新66購01,15360,3.84,3.84,3.84,3.84
714076,信驊台新66購02,14500,2.9,2.9,2.9,2.9
714077,漢達台新63購03,0,,,,
714078,漢達台新63購04,0,,,,
714079,耀穎台新63購01,0,,,,
714080,M31凱基63購02,165220,1.8,1.8,1.72,1.72
714081,M31凱基63購03,70110,1.81,1.81,1.79,1.79
714082,M31凱基63購04,122830,1.81,1.81,1.79,1.79
714083,光頡凱基63購01,811180,1.94,1.94,1.79,1.79
714084,光頡凱基63購02,96000,1.92,1.92,1.92,1.92
714085,光頡凱基63購03,0,,,,
714086,竹陞凱基63購01,0,,,,
714087,竹陞凱基63購02,34590,1.05,1.05,1.03,1.05
714088,竹陞凱基63購03,0,,,,
714089,均華凱基63購02,0,,,,
714090,均華凱基64購03,0,,,,
714091,宜鼎凱基63購11,230160,1.02,1.09,1.02,1.09
714092,昇達科凱基63購01,293270,1.02,1.07,0.93,0.93
714093,昇達科凱基63購02,140310,1.2,1.2,1.01,1.01
714094,昇達科凱基63購03,102170,1.27,1.27,1.2,1.2
714095,昇達科凱基63購04,189810,1.31,1.37,1.22,1.23
714096,信驊凱基63購01,382120,1.43,1.46,1.41,1.44
714097,信驊凱基63購02,234360,1.72,1.76,1.72,1.73
714098,信驊凱基63購03,418950,2.08,2.12,2.08,2.09
714099,信驊凱基63購04,292430,2.28,2.29,2.2,2.2
714100,信驊凱基63購05,140200,2.82,2.82,2.74,2.74
714101,威剛凱基63購14,0,,,,
714102,新應材凱基63購09,0,,,,
714103,群聯凱基67購01,277650,2.02,2.12,2.01,2.09
714104,雷科凱基63購01,0,,,,
714105,雷科凱基63購02,0,,,,
714106,雷科凱基63購03,0,,,,
714107,頎邦凱基64購04,174090,1.51,1.88,1.51,1.52
714108,穩懋凱基66購01,147290,2.2,2.24,2.05,2.05
714109,光頡統一65購03,0,,,,
714110,光頡統一68購01,75280,1.05,1.07,0.99,0.99
714111,光頡統一6C購01,4090920,0.83,0.83,0.77,0.77
714112,光頡統一79購01,2064190,0.91,0.91,0.85,0.85
714113,均華統一67購02,2350,0.47,0.47,0.47,0.47
714114,均華統一6C購01,0,,,,
714115,良維統一65購01,120270,0.59,0.6,0.59,0.6
714116,良維統一6C購01,0,,,,
714117,昇達科統一67購01,121060,0.66,0.67,0.65,0.65
714118,昇達科統一6C購01,0,,,,
714119,昇達科統一6C購02,0,,,,
714120,金山電統一6C購02,0,,,,
714121,信紘科統一6C購01,0,,,,
714122,德微統一66購01,0,,,,
714123,營邦統一6C購02,0,,,,
714124,穩懋統一67購02,8000,0.54,0.54,0.53,0.53
714125,穩懋統一6C購04,0,,,,
714126,光頡國泰64購01,0,,,,
714127,均華國泰64購02,0,,,,
714128,良維國泰64購01,20540,1.58,1.58,1.58,1.58
714129,昇達科國泰64購01,219360,1.01,1.06,1.01,1.03
714130,昇達科國泰65購01,60320,1.16,1.16,1.16,1.16
714131,信紘科國泰64購01,149720,1.45,1.45,1.43,1.43
714132,鈊象國泰64購01,103540,1.67,1.67,1.67,1.67
714133,雷科國泰64購01,0,,,,
714134,雷科國泰65購01,0,,,,
714135,漢達國泰64購01,0,,,,
714136,穩懋國泰65購02,157640,2.52,2.56,2.52,2.56
714137,M31富邦65購02,18040,0.79,0.79,0.78,0.78
714138,弘塑富邦65購01,197970,0.62,0.68,0.62,0.68
714139,均華富邦65購01,58350,0.63,0.65,0.63,0.65
714140,信驊富邦66購01,0,,,,
714141,穩懋富邦65購02,542130,0.8,0.87,0.8,0.8
714142,M31中信66購01,0,,,,
714143,光頡中信63購01,1586940,1.06,1.06,0.83,0.86
714144,竹陞中信69購01,0,,,,
714145,均華中信69購01,0,,,,
714146,昇達科中信69購01,18200,0.65,0.65,0.65,0.65
714147,信驊中信63購01,238870,1.76,1.76,1.63,1.63
714148,群聯中信68購02,0,,,,
714149,穩懋中信65購01,21960,0.6,0.64,0.59,0.59
714150,M31永豐64購01,153380,0.78,0.79,0.78,0.79
714151,M31永豐65購01,29480,1.34,1.34,1.34,1.34
714152,元太永豐63購03,88880,0.97,0.98,0.97,0.98
714153,光焱永豐63購01,12600,1.26,1.26,1.26,1.26
714154,光頡永豐63購01,31100,1.56,1.56,1.55,1.55
714155,光頡永豐63購02,0,,,,
714156,光頡永豐69購01,34100,3.41,3.41,3.41,3.41
714157,竹陞永豐64購02,0,,,,
714158,竹陞永豐66購01,0,,,,
714159,昇達科永豐63購01,96250,0.77,0.78,0.77,0.78
714160,昇達科永豐63購02,70400,0.8,0.8,0.8,0.8
714161,昇達科永豐63購03,0,,,,
714162,昇達科永豐66購01,0,,,,
714163,昇達科永豐66購02,0,,,,
714164,昇達科永豐69購01,6990,1.86,1.86,1.71,1.71
714165,昇達科永豐69購02,16200,1.35,1.35,1.35,1.35
714166,信紘科永豐63購01,5390,0.77,0.77,0.77,0.77
714167,信驊永豐63購02,224880,1.49,1.49,1.4,1.4
714168,信驊永豐64購02,275960,2.54,2.54,2.45,2.45
714169,凱崴永豐64購01,0,,,,
714170,萊德光永豐63購01,40410,1.06,1.06,0.97,0.97
714171,聖暉*永豐63購02,155890,1.25,1.39,1.25,1.39
714172,雷科永豐63購01,0,,,,
714173,雷科永豐63購02,0,,,,
714174,雷科永豐66購01,51810,1.15,1.15,1.07,1.07
714175,雷科永豐69購01,2020,2.02,2.02,2.02,2.02
714176,穩懋永豐63購05,149420,1.33,1.38,1.32,1.36
714177,光頡元大63購01,194180,1.53,1.53,1.36,1.36
714178,光頡元大63購02,133220,1.51,1.51,1.41,1.41
714179,印能元大63購01,89340,0.72,0.74,0.72,0.74
714180,印能元大63購02,330470,0.61,0.67,0.61,0.67
714181,竹陞元大63購01,0,,,,
714182,昇達科元大63購01,17900,0.93,0.93,0.86,0.86
714183,信驊元大63購02,292310,2.83,2.83,2.66,2.66
714184,信驊元大64購01,286140,2.68,2.68,2.66,2.66
714185,信驊元大67購01,419650,3.58,3.58,3.51,3.51
714186,信驊元大69購01,50940,4.24,4.27,4.24,4.27
714187,高技元大63購09,13800,1.15,1.15,1.15,1.15
714188,高技元大63購10,0,,,,
714189,雅特力元大63購03,0,,,,
714190,新普元大63購01,0,,,,
714191,新應材元大63購07,187630,0.75,0.75,0.73,0.73
714192,新應材元大63購08,0,,,,
714193,新應材元大63購09,0,,,,
714194,群聯元大63購27,455850,0.86,0.9,0.85,0.9
714195,雷科元大63購01,0,,,,
714196,漢達元大63購02,69200,0.87,0.87,0.86,0.87
714197,漢達元大63購03,0,,,,
714198,漢達元大69購01,199100,0.87,0.88,0.8,0.8
714199,廣閎科元大63購03,40470,0.48,0.49,0.48,0.49
714200,營邦元大63購05,882970,1.4,1.42,1.33,1.37
714201,鴻呈元大63購03,0,,,,
714202,FH中5G群益63購01,229000,0.57,0.59,0.57,0.57
714203,M31群益63購01,339140,1.16,1.18,1.16,1.18
714204,千附精群益63購01,0,,,,
714205,中美晶群益63購06,257430,1.65,1.95,1.65,1.73
714206,世界群益65購01,96920,1.05,1.08,1.02,1.04
714207,均華群益63購02,0,,,,
714208,均豪群益63購01,51510,0.62,0.63,0.62,0.63
714209,宜鼎群益63購04,9300,0.92,0.94,0.92,0.94
714210,宜鼎群益63購05,242380,0.77,0.81,0.77,0.81
714211,泓格群益63購01,0,,,,
714212,信驊群益63購01,496920,2.29,2.37,2.28,2.28
714213,信驊群益63購02,145700,1.66,1.66,1.64,1.64
714214,能率群益63購01,0,,,,
714215,崇越電群益63購01,0,,,,
714216,順達群益63購06,12900,2.58,2.58,2.58,2.58
714217,鈊象群益66購01,0,,,,
714218,勤凱群益63購01,27160,1.19,1.19,1.17,1.18
714219,新應材群益63購04,0,,,,
714220,群聯群益63購12,129220,1.21,1.25,1.18,1.25
714221,群聯群益63購13,33280,1.01,1.01,1.0,1.0
714222,雷科群益63購01,0,,,,
714223,雷科群益63購02,0,,,,
714224,穩懋群益63購05,805060,0.91,0.91,0.86,0.86
714225,天良國票64購02,0,,,,
714226,光頡國票65購01,24340,2.7,2.72,2.7,2.72
714227,均華國票65購02,0,,,,
714228,昇達科國票65購01,3150,1.13,1.13,1.01,1.01
714229,金山電國票6A購01,12450,0.83,0.83,0.83,0.83
714230,信紘科國票64購01,0,,,,
714231,信紘科國票65購01,2240,1.12,1.12,1.12,1.12
714232,信驊國票64購01,16450,3.29,3.29,3.29,3.29
714233,華宏國票69購01,0,,,,
714234,雅特力國票67購01,0,,,,
714235,雷科國票65購01,0,,,,
714236,漢達國票6B購01,191280,1.16,1.19,1.1,1.1
714237,磐亞國票66購02,0,,,,
714238,穩懋國票66購01,44950,0.98,0.98,0.92,0.92
714239,穩懋國票67購01,0,,,,
714240,巨有元大63購01,0,,,,
714241,巨有元大63購02,0,,,,
714242,弘塑元大63購06,284920,1.09,1.19,1.09,1.19
714243,弘塑元大63購07,183040,0.52,0.53,0.52,0.53
714244,弘塑元大63購08,0,,,,
714245,竹陞元大63購02,0,,,,
714246,竹陞元大69購01,17670,0.68,0.68,0.67,0.67
714247,均華元大63購04,0,,,,
714248,均豪元大63購01,0,,,,
714249,均豪元大63購02,0,,,,
714250,均豪元大67購01,0,,,,
714251,東捷元大63購02,0,,,,
714252,東捷元大67購01,0,,,,
714253,東捷元大69購01,0,,,,
714254,南俊元大63購01,1080,1.08,1.08,1.08,1.08
714255,南俊元大69購01,0,,,,
714256,崇越電元大63購01,0,,,,
714257,群聯元大63購28,143470,1.06,1.09,1.06,1.09
714258,聖暉*元大63購02,28500,0.92,1.02,0.92,1.0
714259,聖暉*元大63購03,43740,0.86,0.86,0.83,0.83
714260,營邦元大63購06,169900,0.76,0.77,0.76,0.77
714261,FH中5G凱基64購01,5230,1.29,1.32,1.29,1.3
714262,世界凱基65購02,129480,1.96,2.03,1.96,2.01
714263,弘塑凱基66購01,439920,1.52,1.7,1.52,1.7
714264,印能凱基63購03,207350,0.9,1.05,0.9,1.05
714265,均豪凱基64購01,0,,,,
714266,泓格凱基64購01,0,,,,
714267,崇越電凱基63購02,0,,,,
714268,凱崴凱基65購01,0,,,,
714269,博士旺凱基63購01,5600,0.55,0.55,0.47,0.47
714270,華宏凱基63購01,0,,,,
714271,鈊象凱基63購06,0,,,,
714272,新普凱基63購01,6000,1.2,1.2,1.2,1.2
714273,新應材凱基63購10,9450,1.35,1.35,1.35,1.35
714274,群聯凱基63購20,114000,1.56,1.62,1.54,1.54
714275,營邦凱基66購01,115870,2.14,2.19,2.14,2.18
714276,世界台新63購01,7120,1.78,1.78,1.78,1.78
714277,宜鼎台新65購03,0,,,,
714278,東捷台新63購04,0,,,,
714279,南俊台新63購01,4520,1.13,1.13,1.13,1.13
714280,南俊台新63購02,0,,,,
714281,頎邦台新63購02,1420870,2.68,2.95,2.62,2.73
714282,頎邦台新66購01,200830,2.01,2.2,2.01,2.1
714283,安葆國票68購02,0,,,,
714284,南俊國票66購01,0,,,,
714285,新應材國票64購02,36900,1.23,1.23,1.23,1.23
714286,雷科國票64購01,0,,,,
714287,雷科國票64購02,0,,,,
714288,M31群益63購02,32010,0.97,0.97,0.97,0.97
714289,巨有群益63購02,235100,3.11,3.14,2.95,2.97
714290,光頡群益63購01,0,,,,
714291,光頡群益66購01,0,,,,
714292,竹陞群益63購01,0,,,,
714293,竹陞群益63購02,0,,,,
714294,均華群益65購02,0,,,,
714295,宏捷科群益63購03,0,,,,
714296,系微群益63購01,0,,,,
714297,良維群益63購03,52100,3.32,3.55,3.32,3.55
714298,宜鼎群益63購06,124240,1.87,1.96,1.87,1.96
714299,東捷群益65購02,94650,0.95,0.95,0.88,0.88
714300,南俊群益63購01,0,,,,
714301,南俊群益63購02,8800,0.88,0.88,0.88,0.88
714302,威剛群益63購09,83860,2.31,2.35,2.3,2.3
714303,雅特力群益63購01,0,,,,
714304,雅特力群益63購02,0,,,,
714305,新應材群益63購05,0,,,,
714306,群聯群益63購14,159300,2.79,2.85,2.79,2.85
714307,頎邦群益63購04,206620,1.38,1.52,1.38,1.39
714308,頎邦群益63購05,277070,1.25,1.41,1.25,1.29
714309,營邦群益64購01,0,,,,
714310,光頡統一68購02,56980,1.03,1.04,0.95,0.95
714311,光頡統一69購01,0,,,,
714312,佳邦統一6B購01,0,,,,
714313,昇達科統一68購01,0,,,,
714314,昇達科統一6C購03,42740,0.68,0.68,0.67,0.67
714315,昇達科統一6C購04,108230,0.67,0.68,0.64,0.64
714316,東捷統一6B購02,399740,0.47,0.49,0.47,0.49
714317,金山電統一69購01,0,,,,
714318,南俊統一6C購01,0,,,,
714319,雷科統一69購01,0,,,,
714320,雷科統一6B購01,0,,,,
714321,雷科統一6C購01,748500,0.5,0.5,0.5,0.5
714322,德微統一69購01,0,,,,
714323,宏捷科中信63購01,0,,,,
714324,宏捷科國泰64購01,0,,,,
714325,世界富邦63購02,0,,,,
714326,印能富邦65購01,43000,0.44,0.51,0.44,0.51
714327,東捷富邦65購01,3080,0.52,0.52,0.51,0.51
714328,M31永豐63購02,50960,1.04,1.04,1.04,1.04
714329,久元永豐63購02,45930,1.11,1.18,1.11,1.18
714330,均華永豐64購01,0,,,,
714331,均豪永豐63購01,35880,0.69,0.69,0.69,0.69
714332,沛亨永豐63購03,0,,,,
714333,亞通永豐63購01,2120,1.06,1.06,1.06,1.06
714334,群聯永豐63購08,0,,,,
714335,達航永豐65購01,0,,,,
714336,巨有凱基63購01,0,,,,
714337,弘塑凱基63購08,217490,1.39,1.55,1.36,1.52
714338,光頡凱基65購01,6530,2.19,2.19,2.17,2.17
714339,竹陞凱基63購04,0,,,,
714340,均華凱基65購02,0,,,,
714341,宏捷科凱基63購03,29400,0.98,0.98,0.98,0.98
714342,沛亨凱基63購04,0,,,,
714343,系微凱基63購01,39790,1.2,1.31,1.17,1.17
714344,良維凱基63購05,0,,,,
714345,宜鼎凱基63購12,168820,1.3,1.39,1.3,1.34
714346,東捷凱基64購01,0,,,,
714347,東捷凱基65購01,0,,,,
714348,青雲凱基63購03,0,,,,
714349,南俊凱基63購01,0,,,,
714350,南俊凱基63購02,97680,1.08,1.14,1.08,1.11
714351,威剛凱基67購02,0,,,,
714352,家登凱基64購02,0,,,,
714353,聖暉*凱基65購02,37710,2.21,2.23,2.21,2.23
714354,頎邦凱基65購02,45390,2.51,2.69,2.48,2.63
714355,環球晶凱基63購02,16300,1.63,1.63,1.63,1.63
714356,環球晶凱基63購03,60670,1.64,1.64,1.49,1.49
714357,環球晶凱基69購02,0,,,,
714358,巨有台新65購01,4880,2.44,2.44,2.44,2.44
714359,光頡台新63購02,38000,3.8,3.8,3.8,3.8
714360,印能台新63購03,1720,0.86,0.86,0.86,0.86
714361,竹陞台新63購02,0,,,,
714362,均豪台新64購01,0,,,,
714363,均豪台新64購02,0,,,,
714364,宜鼎台新63購03,0,,,,
714365,威剛台新66購02,0,,,,
714366,家登台新64購02,0,,,,
714367,家登台新66購01,101650,0.99,1.01,0.95,0.95
714368,家碩台新66購01,0,,,,
714369,創新服台新63購01,16090,1.45,1.45,1.22,1.22
714370,創新服台新63購02,2970,0.99,0.99,0.99,0.99
714371,創新服台新63購03,0,,,,
714372,創新服台新63購04,0,,,,
714373,環球晶台新64購01,164940,1.41,1.49,1.41,1.49
714374,環球晶台新64購02,30940,1.19,1.19,1.19,1.19
714375,耀穎台新63購02,0,,,,
714376,M31元大63購02,0,,,,
714377,M31元大63購03,0,,,,
714378,弘塑元大63購09,25560,1.57,1.67,1.56,1.67
714379,弘塑元大63購10,2820,0.92,0.98,0.92,0.98
714380,弘塑元大66購02,56500,0.83,0.86,0.83,0.86
714381,光頡元大63購03,11010,1.57,1.63,1.47,1.47
714382,光頡元大63購04,50000,1.2,1.2,1.13,1.13
714383,竹陞元大63購03,17500,0.7,0.7,0.7,0.7
714384,竹陞元大69購02,0,,,,
714385,均豪元大63購03,0,,,,
714386,亞通元大63購01,31200,1.3,1.3,1.3,1.3
714387,亞通元大63購02,554000,1.09,1.13,1.09,1.1
714388,宜鼎元大63購15,2880,0.71,0.73,0.71,0.73
714389,昇達科元大63購02,218400,0.85,0.86,0.85,0.86
714390,昇達科元大63購03,76450,0.8,0.8,0.73,0.73
714391,東捷元大63購03,35000,1.35,1.35,1.21,1.21
714392,東捷元大67購02,0,,,,
714393,東捷元大69購02,12320,0.56,0.56,0.56,0.56
714394,萊德光元大63購01,7500,0.75,0.75,0.75,0.75
714395,萊德光元大63購02,0,,,,
714396,雅特力元大63購04,0,,,,
714397,群聯元大63購29,0,,,,
714398,群聯元大69購01,131670,1.33,1.33,1.33,1.33
714399,聖暉*元大63購04,14690,1.13,1.13,1.13,1.13
714400,雷科元大63購02,0,,,,
714401,營邦元大63購07,0,,,,
714402,環球晶元大63購09,0,,,,
714403,環球晶元大63購10,0,,,,
714404,光頡國票64購01,10590,2.19,2.19,2.07,2.07
714405,光頡國票66購01,124810,2.35,2.35,2.21,2.21
714406,昇達科國票64購01,0,,,,
714407,創新服國票65購01,0,,,,
714408,萊德光國票66購01,0,,,,
714409,頎邦國票69購01,88290,1.09,1.09,1.09,1.09
714410,環球晶國票66購02,0,,,,
714411,群聯中信67購02,82840,0.78,0.79,0.77,0.79
714412,環球晶中信63購01,0,,,,
714413,尼克森永豐63購01,0,,,,
714414,正德永豐63購01,0,,,,
714415,安葆永豐65購01,4650,0.93,0.93,0.93,0.93
714416,亞信永豐64購01,0,,,,
714417,美琪瑪永豐63購01,0,,,,
714418,家登永豐65購01,0,,,,
714419,泰藝永豐63購01,355850,1.17,1.17,1.11,1.11
714420,高僑永豐63購01,0,,,,
714421,創新服永豐63購01,78840,1.46,1.46,1.46,1.46
714422,創新服永豐64購01,0,,,,
714423,創新服永豐65購01,74600,1.16,1.16,1.08,1.08
714424,創新服永豐66購01,79870,1.11,1.13,1.11,1.13
714425,博大永豐63購01,0,,,,
714426,博盛永豐64購02,14760,1.23,1.23,1.23,1.23
714427,晶呈永豐63購01,0,,,,
714428,華電網永豐63購01,10500,1.05,1.05,1.05,1.05
714429,廣明永豐63購01,0,,,,
714430,優群永豐63購01,0,,,,
714431,環球晶永豐64購01,0,,,,
714432,中美晶富邦69購01,6920,0.68,0.7,0.68,0.69
714433,台特化富邦63購01,0,,,,
714434,沛亨富邦63購02,0,,,,
714435,良維富邦65購01,0,,,,
714436,蜜望實富邦66購01,2840,0.71,0.71,0.71,0.71
714437,竹陞國泰64購01,0,,,,
714438,東捷國泰64購02,0,,,,
714439,家登國泰64購01,0,,,,
714440,雅特力國泰64購01,0,,,,
714441,頎邦國泰64購01,18300,1.83,1.83,1.83,1.83
714442,環球晶國泰64購02,0,,,,
714443,亞通統一6C購01,0,,,,
714444,昇達科統一74購01,37500,0.75,0.75,0.75,0.75
714445,東捷統一66購03,0,,,,
714446,東捷統一68購03,0,,,,
714447,東捷統一6A購01,0,,,,
714448,南俊統一74購01,0,,,,
714449,雷科統一67購01,0,,,,
714450,世界群益63購03,6120,1.53,1.53,1.53,1.53
714451,巨有群益63購03,7160,2.22,2.52,2.22,2.42
714452,均華群益63購03,0,,,,
714453,亞通群益63購02,291540,1.05,1.05,1.03,1.03
714454,亞通群益63購03,0,,,,
714455,東捷群益65購03,0,,,,
714456,青雲群益63購02,0,,,,
714457,信立群益63購02,0,,,,
714458,威剛群益63購10,32510,2.96,2.96,2.95,2.95
714459,家登群益63購06,0,,,,
714460,萊德光群益63購01,59750,1.67,1.75,1.58,1.58
714461,鈊象群益69購01,0,,,,
714462,新應材群益63購06,0,,,,
714463,群聯群益63購15,0,,,,
714464,群聯群益65購03,4250,0.85,0.85,0.85,0.85
714465,營邦群益69購01,20700,0.69,0.69,0.69,0.69
714466,環球晶群益63購04,0,,,,
714467,光頡元大63購05,0,,,,
714468,光頡元大63購06,0,,,,
714469,光頡元大63購07,54200,1.14,1.14,1.08,1.08
714470,均華元大63購05,0,,,,
714471,宏捷科元大63購02,0,,,,
714472,沛亨元大63購04,0,,,,
714473,沛亨元大63購05,0,,,,
714474,亞通元大63購03,0,,,,
714475,亞通元大63購04,0,,,,
714476,宜鼎元大63購16,0,,,,
714477,東捷元大63購04,0,,,,
714478,東捷元大68購01,12300,0.62,0.62,0.61,0.61
714479,欣銓元大63購04,0,,,,
714480,欣銓元大63購05,0,,,,
714481,信昌電元大63購01,0,,,,
714482,信昌電元大63購02,0,,,,
714483,信昌電元大63購03,35540,1.57,1.57,1.46,1.46
714484,南俊元大63購02,0,,,,
714485,威剛元大66購01,0,,,,
714486,群聯元大66購07,0,,,,
714487,群聯元大69購02,0,,,,
714488,雷科元大63購03,0,,,,
714489,營邦元大69購01,0,,,,
714490,環球晶元大63購11,0,,,,
714491,光頡國票66購02,0,,,,
714492,旭然國票67購01,0,,,,
714493,亞通國票64購02,0,,,,
714494,亞通國票66購01,0,,,,
714495,建榮國票64購01,0,,,,
714496,建榮國票65購01,0,,,,
714497,家登國票64購02,0,,,,
714498,新漢國票64購01,0,,,,
714499,擎亞國票64購02,5100,1.7,1.7,1.7,1.7
714500,穩懋國票65購02,8200,0.82,0.82,0.82,0.82
714501,世界凱基63購07,0,,,,
714502,巨有凱基63購02,0,,,,
714503,竹陞凱基63購05,0,,,,
714504,亞通凱基63購02,57620,0.86,0.86,0.86,0.86
714505,信立凱基63購01,0,,,,
714506,信昌電凱基63購01,0,,,,
714507,信昌電凱基63購02,0,,,,
714508,信昌電凱基63購03,0,,,,
714509,信昌電凱基63購04,368930,2.35,2.39,2.2,2.23
714510,創新服凱基63購01,106950,1.06,1.06,0.95,0.95
714511,新應材凱基63購11,0,,,,
714512,群聯凱基63購21,0,,,,
714513,營邦凱基63購07,0,,,,
714514,穩懋凱基63購10,0,,,,
714515,巨有群益63購04,55660,2.1,2.1,2.06,2.06
714516,光頡群益63購02,10420,2.71,2.71,2.5,2.5
714517,光頡群益65購01,0,,,,
714518,印能群益63購02,0,,,,
714519,竹陞群益64購01,0,,,,
714520,宜鼎群益63購07,0,,,,
714521,威剛群益63購11,0,,,,
714522,家登群益63購07,0,,,,
714523,環球晶群益63購05,4780,2.39,2.39,2.39,2.39
714524,環球晶群益63購06,0,,,,
714525,伍豐永豐63購01,1160,1.16,1.16,1.16,1.16
714526,竹陞永豐63購02,0,,,,
714527,沛亨永豐63購04,0,,,,
714528,亞通永豐65購01,0,,,,
714529,宜鼎永豐63購08,0,,,,
714530,信昌電永豐63購01,465610,1.63,1.68,1.51,1.55
714531,信昌電永豐63購02,896640,0.92,0.92,0.84,0.86
714532,信昌電永豐64購01,0,,,,
714533,信昌電永豐65購01,0,,,,
714534,南俊永豐63購01,0,,,,
714535,健喬永豐63購01,0,,,,
714536,群聯永豐63購09,0,,,,
714537,群聯永豐63購10,0,,,,
714538,穩懋永豐63購06,828830,1.78,1.88,1.78,1.82
714539,穩懋永豐63購07,0,,,,
714540,騰雲永豐63購01,57830,1.05,1.19,1.05,1.15
714541,系微富邦64購01,0,,,,
714542,宜鼎富邦63購04,0,,,,
714543,欣銓富邦63購01,0,,,,
714544,環球晶富邦69購01,0,,,,
714545,環球晶富邦69購02,0,,,,
714546,中美晶國泰65購01,0,,,,
714547,巨有國泰64購01,4580,2.29,2.29,2.29,2.29
714548,光頡國泰64購02,5500,1.76,1.87,1.76,1.87
714549,均豪國泰64購01,0,,,,
714550,沛亨國泰64購01,0,,,,
714551,亞通國泰64購01,0,,,,
714552,信昌電國泰64購01,53130,1.92,1.94,1.75,1.76
714553,信昌電國泰64購02,0,,,,
714554,萊德光國泰64購01,61360,1.18,1.18,1.18,1.18
714555,群聯國泰64購01,0,,,,
714556,擎亞國泰64購01,0,,,,
714557,穩懋國泰64購03,0,,,,
714558,巨有統一79購01,17040,0.77,0.78,0.77,0.77
714559,弘塑統一68購01,0,,,,
714560,竹陞統一6C購01,0,,,,
714561,信昌電統一68購01,0,,,,
714562,信昌電統一68購02,70140,0.85,0.87,0.85,0.87
714563,信昌電統一69購01,177160,0.77,0.77,0.73,0.73
714564,信昌電統一79購01,0,,,,
714565,穩懋統一69購01,7300,0.73,0.73,0.73,0.73
714566,台特化台新63購01,0,,,,
714567,旭然台新63購01,0,,,,
714568,竹陞台新63購03,0,,,,
714569,竹陞台新64購01,3340,1.14,1.14,1.06,1.06
714570,宏捷科台新63購01,0,,,,
714571,系微台新63購01,0,,,,
714572,良維台新66購01,0,,,,
714573,信昌電台新63購01,0,,,,
714574,信昌電台新66購01,0,,,,
714575,茂達台新63購01,0,,,,
714576,家登台新63購01,0,,,,
714577,穩懋台新63購03,0,,,,
714578,穩懋台新63購04,2560,1.27,1.29,1.27,1.29
714579,穩懋台新63購05,266050,1.24,1.3,1.24,1.26
72328U,環球晶群益59售01,0,,,,
72348U,良維群益59售01,0,,,,
72400U,博智群益5A售02,0,,,,
72414U,振曜群益5A售01,0,,,,
724372,正基統一59購01,0,,,,
724374,聰泰統一59購01,0,,,,
724431,原相統一59購01,0,,,,
724436,波若威元富59購01,0,,,,
724478,千附精統一59購01,0,,,,
724481,正基統一59購02,1320,0.66,0.66,0.66,0.66
724668,昇達科統一59購01,0,,,,
724669,昇達科統一59購02,0,,,,
724670,神盾統一59購01,0,,,,
72479U,擎亞群益5B售01,0,,,,
72485U,信驊群益5B售01,0,,,,
724979,鈊象統一5A購01,0,,,,
72501U,雙鴻中信5B售02,0,,,,
725048,原相統一5A購01,0,,,,
72523U,新應材群益5B售01,0,,,,
72572U,精測群益62售01,0,,,,
725744,新復興統一5A購01,80,0.04,0.04,0.04,0.04
72587U,華電網國票5A售01,0,,,,
725881,鈊象元富5A購01,0,,,,
726037,元債20元富5A購01,0,,,,
726070,元債20元富5A購02,0,,,,
72610U,富喬國票5C售02,66640,0.09,0.1,0.09,0.1
726119,華星光統一5B購01,0,,,,
72614U,富喬中信5C售02,3350,0.15,0.16,0.15,0.16
726194,元債20元富5B購01,0,,,,
72622U,精測群益62售02,49600,0.11,0.12,0.11,0.12
72629U,櫃200群益5B售02,3000,0.03,0.03,0.03,0.03
72638U,譜瑞群益5C售01,0,,,,
72650U,雙鴻群益59售01,0,,,,
72691U,信驊群益5B售03,0,,,,
726924,金麗科統一5B購01,0,,,,
726925,金麗科統一5B購02,0,,,,
726926,金麗科統一5B購03,0,,,,
726927,金麗科統一5B購04,9380,0.1,0.1,0.09,0.09
72692U,信驊群益61售02,500,0.04,0.05,0.04,0.05
72697U,穩懋凱基59售04,0,,,,
72700U,博智凱基59售03,0,,,,
72704U,點序群益61售01,0,,,,
727095,高鋒統一5A購01,0,,,,
72713U,世界群益5B售01,0,,,,
72724U,信驊國票5B售01,0,,,,
72733U,中探針群益62售01,3080,0.14,0.14,0.14,0.14
72735U,世界群益5A售01,0,,,,
72736U,精材群益5A售04,0,,,,
72737U,雙鴻群益5A售04,240,0.06,0.06,0.06,0.06
72747U,閎康群益5A售02,0,,,,
72748U,精測群益5A售02,0,,,,
72749U,精測群益62售04,58450,0.63,0.65,0.62,0.65
72754U,博智群益62售02,0,,,,
72759U,茂迪凱基59售01,0,,,,
72763U,譜瑞國票59售02,0,,,,
72766U,富喬群益5A售02,0,,,,
72772U,穩懋群益63售01,292170,0.17,0.18,0.16,0.18
72774U,信驊永豐5A售01,0,,,,
72781U,系統電國票5A售01,0,,,,
72782U,環球晶群益62售01,150,0.03,0.03,0.03,0.03
72785U,旺矽富邦5A售02,0,,,,
72790U,閎康群益63售01,0,,,,
72791U,榮剛群益63售01,0,,,,
72794U,雙鴻凱基5A售02,0,,,,
72795U,神盾群益61售01,0,,,,
72797U,台特化國票5A售02,0,,,,
72798U,宏觀國票5A售01,0,,,,
72799U,雙鴻國票5A售01,0,,,,
728003,金麗科統一5C購01,5120,0.04,0.12,0.04,0.12
72800U,信驊永豐5B售01,0,,,,
72807U,新應材國泰5A售01,0,,,,
72808U,新應材國票5A售03,0,,,,
72809U,萬泰科國票5A售02,0,,,,
72810U,鑫聯國票5A售02,0,,,,
72812U,茂迪國票5A售03,0,,,,
72813U,宜鼎群益5B售03,0,,,,
72814U,精測群益5B售02,50870,0.31,0.33,0.31,0.33
72817U,雙鴻台新59售03,0,,,,
72818U,信驊永豐5C售01,0,,,,
72819U,鑫科國票59售02,0,,,,
72820U,鑫聯國票5A售03,0,,,,
72821U,信驊元大59售04,0,,,,
72822U,信驊元大59售05,0,,,,
72823U,弘塑凱基59售05,0,,,,
72824U,亞泰國票59售03,0,,,,
72825U,頎邦元富59售03,0,,,,
728264,元債20永豐61購01,0,,,,
72826U,頎邦元富59售06,0,,,,
72827U,元太群益5B售02,850,0.17,0.17,0.17,0.17
72828U,台燿群益5B售01,0,,,,
72829U,宏捷科群益5C售01,0,,,,
72830U,元太凱基5B售03,0,,,,
72831U,台燿凱基59售05,0,,,,
72833U,台燿元富59售04,0,,,,
72834U,台燿中信59售08,0,,,,
72835U,東捷群益59售03,0,,,,
72836U,東捷群益5B售01,440,0.22,0.22,0.22,0.22
72837U,鈊象群益59售04,80,0.02,0.02,0.02,0.02
72838U,鈊象群益5B售02,0,,,,
72839U,台燿元大59售25,0,,,,
72840U,世界群益5B售04,0,,,,
72841U,神盾群益5C售01,0,,,,
72842U,鈊象群益63售01,0,,,,
72843U,精材群益63售01,35100,0.05,0.07,0.05,0.07
72844U,雙鴻群益59售15,0,,,,
72845U,雙鴻凱基5A售04,0,,,,
72846U,鈊象凱基5A售02,0,,,,
72847U,印能國票5A售04,0,,,,
72848U,雙鴻群益5A售06,0,,,,
72849U,印能凱基5A售04,0,,,,
72850U,印能國票5A售05,0,,,,
728516,系微統一5C購01,0,,,,
72851U,矽科國票5B售02,0,,,,
728520,金麗科統一5C購02,8750,0.06,0.06,0.05,0.05
72852U,旺矽元大5A售03,0,,,,
72853U,信驊元大5A售01,6800,0.05,0.09,0.05,0.09
72854U,信驊永豐61售01,5700,0.1,0.1,0.1,0.1
72855U,信驊富邦5C售02,458320,0.35,0.38,0.35,0.37
72856U,頎邦凱基5A售03,0,,,,
72857U,雙鴻元大5A售06,0,,,,
72858U,巨漢國票5A售02,0,,,,
72859U,弘塑國票5B售02,8330,0.41,0.42,0.37,0.42
72860U,弘塑元大5A售03,0,,,,
72861U,華電網凱基5A售01,37800,0.69,0.69,0.57,0.57
72862U,群聯國票5B售02,0,,,,
72863U,蜜望實國票5A售03,2400,0.04,0.04,0.04,0.04
72864U,群聯凱基5A售03,0,,,,
72865U,信驊永豐5B售03,0,,,,
72866U,旺矽凱基5A售06,44420,0.26,0.31,0.2,0.31
72867U,旺矽富邦61售01,685340,0.54,0.59,0.49,0.59
72868U,富喬群益5C售01,28350,0.44,0.46,0.42,0.46
72869U,立碁國票5B售03,55000,0.33,0.38,0.33,0.38
72870U,群聯國票5B售06,5300,0.22,0.22,0.21,0.21
72871U,群聯群益61售02,0,,,,
72872U,聖暉*台新5B售01,0,,,,
72873U,威剛國票5C售02,0,,,,
72874U,威剛群益5C售02,0,,,,
72875U,威剛凱基5B售05,6000,0.2,0.2,0.2,0.2
72876U,合晶台新5B售05,340,0.07,0.1,0.07,0.1
72877U,群聯台新5B售07,0,,,,
72878U,群聯台新5B售08,88200,1.49,1.49,1.43,1.47
72879U,世界凱基5B售02,5400,0.27,0.27,0.27,0.27
72880U,良維國票5C售02,400,0.4,0.4,0.4,0.4
72881U,鈊象台新5B售03,0,,,,
72882U,環球晶台新5B售03,35200,0.35,0.35,0.28,0.32
72883U,環球晶國票5B售02,26420,0.49,0.49,0.45,0.45
72884U,鈊象群益61售01,0,,,,
72885U,中美晶群益5B售02,0,,,,
72886U,群聯群益5B售06,0,,,,
72887U,精材群益5B售05,0,,,,
72888U,德微群益5B售02,15000,0.37,0.39,0.37,0.39
72889U,新盛力群益5B售04,0,,,,
72890U,廣穎群益5B售03,0,,,,
72891U,世界台新5B售03,0,,,,
728920,元債20元富61購01,49700,0.76,0.77,0.76,0.77
72892U,台特化台新5B售04,0,,,,
72893U,威剛中信64售01,0,,,,
72894U,世界群益62售01,14400,0.72,0.72,0.72,0.72
72895U,台特化群益5B售01,0,,,,
728967,驊訊統一61購01,0,,,,
72896U,精材凱基5B售08,54400,0.32,0.32,0.32,0.32
72897U,精材群益5B售08,0,,,,
72898U,雷科國票5B售03,117000,0.39,0.39,0.39,0.39
72899U,立敦台新5B售04,0,,,,
72900U,德微國票5C售04,0,,,,
72901U,德微國票5C售05,37800,0.81,0.87,0.81,0.87
72902U,擎亞國票5B售03,17410,0.98,1.05,0.98,1.05
72903U,群聯凱基5B售08,5000,1.0,1.0,1.0,1.0
72904U,欣銓台新5B售05,0,,,,
72905U,臺慶科台新5B售05,0,,,,
72906U,博智群益5B售04,0,,,,
72907U,群聯富邦61售05,6900,0.69,0.69,0.69,0.69
72908U,威剛群益65售01,137000,1.96,1.96,1.94,1.96
72909U,威剛凱基65售01,124630,0.62,0.63,0.62,0.63
72910U,精材台新5B售06,0,,,,
72911U,威剛元大5B售16,0,,,,
72912U,良維群益61售02,0,,,,
72913U,威剛群益5B售04,0,,,,
72914U,威剛群益5B售05,59000,0.79,0.79,0.78,0.78
72915U,威剛群益61售03,0,,,,
72916U,中美晶凱基5B售06,0,,,,
729171,M31統一61購01,0,,,,
729172,M31統一61購02,0,,,,
72917U,威剛凱基5B售09,16590,0.71,0.73,0.71,0.71
729186,華星光統一61購01,5500,2.75,2.75,2.75,2.75
729187,華星光統一61購02,34800,3.48,3.48,3.48,3.48
72918U,威剛永豐61售03,0,,,,
72919U,順達台新5C售01,36250,0.9,0.9,0.85,0.89
72920U,佳邦群益5C售01,0,,,,
72921U,富喬台新5C售03,225820,0.44,0.48,0.43,0.48
72922U,威剛凱基5C售05,6080,0.44,0.44,0.43,0.43
72923U,宜鼎台新5C售05,0,,,,
72924U,台半群益5C售03,0,,,,
72925U,台半凱基5C售03,739340,0.7,0.7,0.64,0.7
72926U,臺慶科凱基5C售03,0,,,,
72927U,聖暉*台新5C售05,0,,,,
72928U,富喬凱基5C售04,132410,0.2,0.22,0.19,0.22
72929U,臺慶科台新5C售02,0,,,,
72930U,威剛群益5C售08,0,,,,
729313,旺矽統一59購01,0,,,,
72931U,群聯群益5C售10,11500,2.3,2.3,2.3,2.3
72932U,威剛國泰61售02,0,,,,
72933U,世界群益66售01,11440,2.86,2.86,2.86,2.86
72934U,精材群益66售01,5470,1.07,1.1,1.07,1.1
72935U,世界台新5C售02,0,,,,
72936U,宜鼎凱基5C售10,108700,1.77,1.82,1.77,1.82
72937U,元太國票62售01,0,,,,
72938U,世界國票62售01,6100,1.22,1.22,1.22,1.22
72939U,威剛國票62售01,9500,0.95,0.95,0.95,0.95
72940U,臺慶科國票62售01,0,,,,
72941U,雙鴻永豐61售04,60200,0.48,0.53,0.48,0.53
72942U,家登群益61售03,30720,0.96,0.96,0.96,0.96
72943U,頎邦國票61售01,0,,,,
72944U,中光電台新61售03,0,,,,
72945U,頎邦台新61售03,169600,1.46,1.46,1.39,1.42
72946U,世界群益61售03,12240,1.01,1.03,1.01,1.03
72947U,台星科群益61售02,0,,,,
72948U,精材群益63售02,13850,1.16,1.16,1.14,1.14
72949U,威剛元大61售06,36550,1.83,1.83,1.81,1.83
72950U,精材凱基63售02,831180,1.06,1.09,1.03,1.09
72951U,中光電台新61售05,0,,,,
72952U,精材國票61售05,98490,0.86,0.91,0.84,0.91
72953U,精材國票65售02,114500,1.04,1.09,1.03,1.09
72954U,群聯中信61售02,13130,1.01,1.01,1.01,1.01
72955U,宜鼎國票61售03,3690,1.23,1.23,1.23,1.23
72956U,群聯國票61售05,225700,1.19,1.19,1.18,1.19
72957U,良維群益63售01,0,,,,
72958U,群聯群益63售02,0,,,,
72959U,雙鴻群益63售03,10250,0.45,0.5,0.45,0.5
72960U,良維凱基61售03,0,,,,
72961U,群聯凱基61售10,18000,1.2,1.2,1.2,1.2
72962U,宜鼎群益67售01,0,,,,
72963U,中美晶國票61售06,0,,,,
72964U,中美晶國票64售02,0,,,,
72965U,青雲國票61售03,330670,1.36,1.45,1.36,1.45
72966U,雙鴻凱基61售07,157800,0.22,0.26,0.21,0.24
72967U,順達國票61售03,0,,,,
72968U,群聯國票64售01,0,,,,
72969U,聖暉*國票61售05,0,,,,
72970U,雙鴻國票61售02,8800,0.44,0.44,0.44,0.44
72971U,良維群益67售01,0,,,,
72972U,雙鴻群益61售03,14860,0.29,0.36,0.29,0.36
72973U,M31國票61售02,9650,0.96,0.97,0.96,0.97
72974U,威剛國票65售01,0,,,,
72975U,譜瑞國票61售01,5750,1.15,1.15,1.15,1.15
72976U,順達凱基61售06,250200,1.27,1.28,1.21,1.21
72977U,雙鴻國泰63售01,52230,0.58,0.68,0.58,0.68
72978U,威剛凱基61售06,0,,,,
72979U,群聯台新61售07,0,,,,
729804,僑威統一5A購01,0,,,,
729808,騰雲統一5A購01,14700,0.66,0.74,0.66,0.74
72980U,頎邦凱基61售05,0,,,,
72981U,欣銓國票61售04,0,,,,
72982U,華景電國票61售02,0,,,,
72983U,家登群益63售02,0,,,,
72984U,凡甲國票61售01,0,,,,
72985U,中美晶國票63售01,22000,1.1,1.1,1.1,1.1
72986U,元太國票61售02,3780,1.26,1.26,1.26,1.26
72987U,宜特國票61售02,0,,,,
72988U,頎邦國票64售02,229410,0.51,0.51,0.49,0.51
72989U,廣穎國票61售01,21600,1.08,1.08,1.08,1.08
72990U,中美晶元大61售09,51680,0.88,0.88,0.83,0.84
72991U,群聯元大61售20,0,,,,
72992U,中美晶富邦67售02,4320,0.72,0.72,0.72,0.72
72993U,中美晶凱基63售03,0,,,,
72994U,元太凱基61售07,41830,1.43,1.47,1.43,1.47
72995U,群聯凱基63售03,0,,,,
72996U,立碁國票64售02,76210,0.74,0.79,0.74,0.79
72997U,良維國票61售02,0,,,,
72998U,新普國票61售02,0,,,,
72999U,世界國票62售02,0,,,,
73000U,宜鼎國票63售01,0,,,,
73001U,欣銓國票63售01,0,,,,
73002U,順達國票63售01,0,,,,
73003U,鈊象國票62售01,0,,,,
73004U,群翊國票62售01,0,,,,
73005U,群聯國票62售01,9900,0.66,0.66,0.66,0.66
73006U,雙鴻國票63售01,0,,,,
73007U,世界凱基63售03,0,,,,
73008U,中美晶國票64售03,0,,,,
73009U,光焱國票65售01,0,,,,
73010U,頎邦國票64售03,3010,0.43,0.43,0.43,0.43
73011U,中美晶國票66售01,0,,,,
73012U,威剛國票65售02,0,,,,
73013U,威剛元大63售02,34500,1.15,1.15,1.15,1.15
73014U,家登凱基63售02,24010,0.49,0.49,0.49,0.49
730157,綠界*統一5A購01,0,,,,
73015U,新應材凱基63售04,0,,,,
73016U,宜鼎國票66售02,0,,,,
73017U,順達國票66售01,0,,,,
73018U,群聯國票66售02,1780,0.89,0.89,0.89,0.89
73019U,雙鴻國票66售02,0,,,,
73020U,雙鴻元大63售07,13100,0.62,0.69,0.62,0.69
73021U,威剛凱基63售03,220000,1.1,1.1,1.1,1.1
73022U,威剛元大63售03,38850,1.17,1.19,1.17,1.19
73023U,雙鴻凱基63售07,14320,0.49,0.59,0.49,0.59
73024U,弘塑國票67售01,1542020,1.03,1.03,1.02,1.02
73025U,朋億*國票66售02,0,,,,
73026U,金山電國票68售01,0,,,,
73027U,萬潤國票66售02,6980,0.86,0.88,0.86,0.88
73028U,萬潤國票68售02,0,,,,
73029U,聖暉*國票66售01,0,,,,
73030U,中美晶台新62售02,0,,,,
73031U,威剛凱基63售05,0,,,,
73032U,M31國票66售01,0,,,,
73033U,富喬台新62售01,329290,0.89,0.93,0.81,0.93
73034U,中美晶凱基64售03,0,,,,
73035U,群聯永豐64售12,0,,,,
73036U,富喬國票63售02,222300,0.9,1.02,0.9,1.02
73037U,富喬國票65售01,2430,1.21,1.22,1.21,1.22
73038U,中美晶群益63售03,0,,,,
73039U,東捷群益64售02,93000,0.72,0.72,0.66,0.66
730401,M31統一62購01,0,,,,
730402,M31統一62購02,0,,,,
730403,M31統一62購03,0,,,,
73040U,穩懋群益64售02,437140,1.46,1.46,1.4,1.46
73041U,穩懋國泰64售01,1904920,1.11,1.16,1.1,1.16
73042U,穩懋凱基63售06,36880,1.06,1.08,1.03,1.07
73043U,穩懋凱基63售07,217000,0.53,0.54,0.51,0.52
73044U,宏捷科凱基63售01,0,,,,
73045U,蜜望實國票63售02,5490,1.83,1.83,1.83,1.83
73046U,中美晶中信62售02,6300,0.63,0.63,0.63,0.63
73047U,宜特群益62售02,0,,,,
73048U,東捷群益62售02,197480,2.56,2.63,2.56,2.63
730493,昇達科統一5C購01,0,,,,
73049U,振曜群益66售01,0,,,,
73050U,群聯永豐63售04,152970,1.26,1.26,1.22,1.24
73051U,陽程國票66售01,168180,0.63,0.68,0.63,0.68
73052U,世紀*國票6A售01,954530,0.84,0.84,0.72,0.77
73053U,頎邦台新62售02,16550,0.96,1.01,0.95,1.01
73054U,弘塑群益64售01,1352290,0.91,0.91,0.9,0.9
73055U,世紀*國票68售01,488490,1.4,1.54,1.3,1.49
73056U,沛亨國票68售01,2640,0.88,0.88,0.88,0.88
73057U,宜鼎元大62售02,142000,1.67,1.67,1.63,1.63
73058U,頎邦群益62售03,1140,0.38,0.38,0.38,0.38
73059U,安葆國票68售01,0,,,,
73060U,宏捷科國票63售01,0,,,,
73061U,環球晶凱基62售06,88230,1.52,1.59,1.46,1.59
73062U,環球晶群益64售01,0,,,,
73063U,環球晶中信62售03,0,,,,
73064U,環球晶元大62售04,0,,,,
73065U,環球晶台新63售01,42250,1.35,1.4,1.35,1.4
73066U,千附精國票63售01,112800,0.94,0.94,0.94,0.94
73067U,晶宏國票63售01,53280,0.73,0.73,0.68,0.7
73068U,均華群益63售01,0,,,,
73069U,精材群益63售09,171460,2.24,2.31,2.2,2.3
73070U,精材群益69售01,49920,1.92,2.02,1.92,2.02
73071U,雙鴻群益63售09,31000,0.94,1.08,0.94,1.08
73072U,精材國票64售03,60370,1.01,1.04,0.99,1.03
730733,原相統一5B購01,0,,,,
73073U,環球晶國票64售03,0,,,,
73074U,精材台新63售05,5170,1.28,1.33,1.28,1.33
73075U,環球晶台新63售04,5600,1.12,1.12,1.12,1.12
73076U,雙鴻凱基63售17,11450,1.61,1.79,1.61,1.79
73077U,漢達國票65售02,0,,,,
73078U,擎亞台新63售02,32600,2.18,2.18,2.17,2.17
73079U,博智凱基63售06,0,,,,
73080U,順達元大63售11,0,,,,
73081U,昇達科台新63售02,11460,1.91,1.91,1.91,1.91
73082U,信驊台新63售04,0,,,,
73083U,信驊凱基63售06,42790,2.47,2.55,2.47,2.52
73084U,信驊富邦66售02,3150,3.15,3.15,3.15,3.15
73085U,信驊永豐63售01,0,,,,
73086U,信驊永豐64售01,63550,2.11,2.13,2.11,2.12
73087U,信驊元大63售03,0,,,,
73088U,信驊群益63售03,27900,2.79,2.79,2.79,2.79
73089U,信驊群益63售04,33000,3.3,3.3,3.3,3.3
73090U,竹陞國票67售01,5350,1.07,1.07,1.07,1.07
73091U,信驊國票64售02,0,,,,
73092U,信驊國票65售01,72000,1.79,1.81,1.79,1.81
73093U,信驊國票65售02,0,,,,
73094U,漢達國票65售03,0,,,,
73095U,穩懋國票65售01,10000,1.0,1.0,1.0,1.0
73096U,穩懋國票69售01,6450,1.29,1.29,1.29,1.29
73097U,頎邦台新63售03,58280,1.94,1.94,1.84,1.91
73098U,台半國票65售02,0,,,,
73099U,弘塑國票65售02,5450,1.09,1.09,1.09,1.09
73100U,威聯通國票65售01,0,,,,
73101U,崴寶國票65售01,0,,,,
73102U,萊德光國票65售01,4200,0.84,0.84,0.84,0.84
73103U,雷科國票64售03,0,,,,
73104U,光頡台新63售03,567250,1.1,1.16,1.1,1.16
73105U,頎邦群益63售06,165920,0.77,0.78,0.74,0.78
73106U,竹陞國票65售02,0,,,,
73107U,南俊國票65售01,0,,,,
73108U,茂達國票65售03,0,,,,
73109U,茂綸國票65售02,61290,0.81,0.81,0.77,0.77
73110U,高技國票65售03,0,,,,
73111U,博盛國票65售01,0,,,,
73112U,雅特力國票65售01,0,,,,
73113U,弘塑凱基65售02,0,,,,
731240,金麗科元富61購01,4000,0.8,0.8,0.8,0.8
731265,順達統一5B購01,0,,,,
731495,英濟統一5B購01,2000,0.02,0.02,0.02,0.02
731584,群聯統一5B購01,34300,4.3,4.38,4.12,4.38
731874,茂訊統一59購01,0,,,,
731877,鈊象統一59購01,0,,,,
731945,千附精統一59購02,1970,0.5,0.5,0.49,0.49
731949,茂綸統一59購02,0,,,,
732049,系統電統一59購01,0,,,,
732050,信立統一59購01,0,,,,
732051,高鋒統一59購01,0,,,,
732054,博智統一59購01,0,,,,
732069,金山電統一59購01,3940,1.97,1.97,1.97,1.97
732167,精剛統一59購01,0,,,,
732269,M31統一63購01,0,,,,
732271,千附統一59購01,0,,,,
732272,千附統一5B購01,0,,,,
732275,萬泰科統一59購01,0,,,,
732277,精剛統一59購02,0,,,,
732332,M31統一63購02,0,,,,
732545,晟德統一5A購01,0,,,,
732586,印能統一5A購01,0,,,,
732653,光焱統一5A購01,0,,,,
733025,華星光統一5B購02,0,,,,
733248,宇峻統一5B購01,0,,,,
733332,大宇資統一5B購01,0,,,,
733411,美琪瑪統一61購01,0,,,,
733460,先進光統一5B購01,109900,0.69,0.88,0.69,0.88
733461,先進光統一65購01,122110,0.44,0.47,0.42,0.42
733467,新應材統一5B購01,0,,,,
733471,營邦統一5B購01,0,,,,
733560,大學光統一5B購01,0,,,,
733563,弘塑統一5B購01,0,,,,
733653,創惟統一5B購01,100,0.01,0.01,0.01,0.01
733654,創惟統一65購01,0,,,,
733655,創惟統一65購02,0,,,,
733656,創惟統一65購03,0,,,,
733695,高端統一5B購01,4600,0.57,0.6,0.57,0.6
733696,高端統一65購01,1006730,0.64,0.67,0.64,0.67
733702,創惟統一5C購01,0,,,,
733760,高端統一65購02,0,,,,
733800,華星光統一5B購03,0,,,,
733958,新應材統一5C購01,3600,0.21,0.21,0.15,0.15
733959,新應材統一5C購02,0,,,,
733983,富喬統一5C購01,0,,,,
734209,華星光統一66購01,411050,3.1,3.3,3.07,3.07
734284,竹陞統一5C購01,0,,,,
734285,良維統一5A購01,0,,,,
734352,竹陞統一5C購02,0,,,,
734355,南俊統一5C購01,0,,,,
734508,台燿統一5C購01,0,,,,
734519,建榮統一5C購01,960,0.96,0.96,0.96,0.96
734521,智通*統一5C購01,0,,,,
734707,智通*統一5C購02,0,,,,
734708,新漢統一5C購01,0,,,,
734710,雙鴻統一62購01,0,,,,
734782,宇峻統一5C購01,0,,,,
734783,均華統一5C購01,0,,,,
734785,萬潤統一5C購01,0,,,,
734873,前鼎統一5C購01,7200,3.6,3.6,3.6,3.6
734874,威剛統一5C購01,0,,,,
734994,新應材統一62購01,0,,,,
735028,新應材元富63購01,72700,0.72,0.74,0.72,0.72
735029,新應材元富64購01,0,,,,
735271,波若威統一62購01,0,,,,
735304,華景電統一5A購01,20000,0.2,0.2,0.2,0.2
735306,順達統一5C購01,0,,,,
735512,華星光統一61購03,0,,,,
735557,波若威統一63購01,29950,9.95,10.1,9.9,10.1
735647,久禾光統一61購01,0,,,,
735648,久禾光統一63購01,0,,,,
735654,信紘科統一5A購01,0,,,,
735658,彩富統一5B購01,0,,,,
735659,彩富統一61購01,0,,,,
735660,彩富統一63購01,33910,0.17,0.17,0.15,0.15
735661,富喬統一5A購01,0,,,,
735665,意德士統一61購01,0,,,,
735724,久禾光統一61購02,0,,,,
735848,生合統一63購01,0,,,,
735849,均華統一63購01,0,,,,
735852,宏觀統一61購01,0,,,,
735853,旺矽統一61購01,0,,,,
735855,南俊統一61購01,0,,,,
736081,均華統一63購02,0,,,,
736082,均豪統一61購01,0,,,,
736153,台燿統一61購01,0,,,,
736154,立碁統一61購01,0,,,,
736156,均華統一5C購02,12200,0.61,0.61,0.61,0.61
736160,金居統一62購01,13200,13.2,13.2,13.2,13.2
736243,宜特統一61購01,0,,,,
736244,金居統一61購01,37500,9.6,9.6,9.3,9.3
736249,家登統一61購01,0,,,,
736346,立碁統一59購01,0,,,,
736349,安國統一63購01,0,,,,
736350,安國統一65購01,0,,,,
736351,安國統一66購01,8800,0.11,0.11,0.11,0.11
736352,安國統一67購01,0,,,,
736353,安國統一67購02,0,,,,
736354,安國統一67購03,0,,,,
736360,閎康統一5B購01,0,,,,
736427,M31統一61購03,0,,,,
736428,立碁統一59購02,0,,,,
736430,宏捷科統一59購01,14500,0.29,0.29,0.29,0.29
736431,宏捷科統一61購01,0,,,,
736433,波若威統一59購04,0,,,,
736434,信紘科統一59購02,0,,,,
736436,晶呈統一59購01,0,,,,
736439,順達統一59購04,0,,,,
736443,雙鴻統一62購02,0,,,,
736444,穩懋統一61購01,0,,,,
736474,中美晶統一5A購01,73000,0.73,0.73,0.73,0.73
736475,立碁統一59購03,0,,,,
736476,系微統一5B購01,0,,,,
736477,神盾統一5A購01,0,,,,
736478,新盛力統一67購01,0,,,,
736479,漢磊統一61購01,88540,0.67,0.8,0.66,0.66
736480,廣運統一61購01,0,,,,
736585,振曜統一59購02,0,,,,
736586,神盾統一5C購01,0,,,,
736604,元債20凱基67購01,0,,,,
736736,力旺統一61購01,0,,,,
736740,安國統一59購01,0,,,,
736741,安國統一61購01,0,,,,
736834,中光電統一59購01,0,,,,
736933,系統電統一59購02,0,,,,
736934,金居統一5B購01,210750,8.55,8.8,8.1,8.1
736935,前鼎統一5B購01,0,,,,
736938,晶呈統一5B購01,0,,,,
736997,華景電統一59購01,0,,,,
737015,中美晶國票59購01,0,,,,
737086,良維統一62購01,0,,,,
737088,富喬統一5A購02,0,,,,
737153,正基統一5A購01,0,,,,
737161,富喬統一5A購03,0,,,,
737198,智通*國票5B購01,287570,1.64,1.64,1.19,1.19
737321,立碁統一5C購01,570,0.57,0.57,0.57,0.57
737801,漢磊國票5B購01,0,,,,
737929,台燿統一5A購01,0,,,,
737930,晶呈統一5C購01,1360,1.36,1.36,1.36,1.36
737931,萬泰科統一59購02,0,,,,
737933,譜瑞統一5B購01,100,0.01,0.01,0.01,0.01
738131,中光電統一5B購01,0,,,,
738135,台燿統一5C購02,0,,,,
738137,亞信統一5B購01,0,,,,
738138,亞信統一64購01,0,,,,
738140,美琪瑪統一64購01,0,,,,
738144,順達統一5B購02,0,,,,
738145,順達統一5C購02,0,,,,
738150,漢科統一5B購01,0,,,,
738151,漢科統一5C購01,0,,,,
738152,精測統一5B購01,0,,,,
738153,精測統一64購01,0,,,,
738154,廣明統一64購01,0,,,,
738155,擎亞統一5B購01,0,,,,
738156,譜瑞統一5C購01,11400,0.06,0.06,0.06,0.06
738157,譜瑞統一64購01,0,,,,
738183,凡甲統一5C購01,0,,,,
738184,世禾統一5B購01,0,,,,
738187,昱展統一64購01,0,,,,
738190,順達統一5A購01,0,,,,
738191,聖暉*統一5A購02,0,,,,
738192,聖暉*統一64購01,0,,,,
738281,M31統一5B購01,400,0.08,0.08,0.08,0.08
738282,M31統一5C購01,0,,,,
738284,千附精統一59購03,0,,,,
738285,旺矽統一63購01,0,,,,
738286,信紘科統一64購01,0,,,,
738288,新應材統一64購01,0,,,,
738291,環球晶統一64購01,55000,2.82,2.82,2.7,2.7
738567,精測國票5B購01,0,,,,
738726,宏捷科國票5B購01,2500,0.05,0.05,0.05,0.05
738736,M31統一5C購02,0,,,,
738737,M31統一62購04,0,,,,
738741,生合統一63購02,0,,,,
738743,宏觀統一5C購01,0,,,,
738746,朋程統一5C購01,0,,,,
738747,長佳智統一5C購01,0,,,,
738748,信紘科統一5C購01,0,,,,
738754,晶焱統一5C購01,0,,,,
738757,順達統一5C購03,4400,0.22,0.22,0.22,0.22
738758,萬泰科統一5C購01,0,,,,
738760,群翊統一5C購01,7220,0.19,0.19,0.19,0.19
738762,寬宏統一65購01,0,,,,
738764,廣明統一5C購01,0,,,,
738767,耀勝統一5C購01,0,,,,
738802,精測群益5C購01,0,,,,
738931,M31統一5C購03,0,,,,
738933,世禾統一5C購01,0,,,,
738934,台半統一5C購01,0,,,,
738938,永信建統一5C購01,0,,,,
738940,旺矽統一65購01,0,,,,
738943,湧德統一5C購01,0,,,,
738944,順達統一5C購04,0,,,,
738947,精測統一65購01,16200,1.62,1.62,1.62,1.62
739071,旺矽國票5A購01,0,,,,
739284,威剛國票5B購01,0,,,,
739303,中美晶凱基59購01,0,,,,
739372,力旺統一5C購01,640,0.64,0.64,0.64,0.64
739373,生合統一5C購01,0,,,,
739374,合晶統一59購01,0,,,,
739375,合晶統一5C購01,0,,,,
739376,均豪統一5B購01,160,0.08,0.08,0.08,0.08
739378,宜鼎統一5C購01,0,,,,
739379,宜鼎統一5C購02,0,,,,
739380,欣銓統一64購01,0,,,,
739381,信驊統一5C購01,0,,,,
739382,威剛統一5C購02,0,,,,
739383,威剛統一64購01,0,,,,
739384,鈊象統一5C購01,0,,,,
739385,萬泰科統一64購01,0,,,,
739386,群翊統一5C購02,0,,,,
739387,精材統一5C購01,0,,,,
739388,德微統一5C購01,0,,,,
739389,優群統一59購01,0,,,,
739419,永信建國票59購01,0,,,,
739425,泰茂國票5A購01,60,0.03,0.03,0.03,0.03
739433,威剛兆豐59購01,0,,,,
739441,中光電統一5B購02,0,,,,
739442,中美晶統一5C購01,3540,0.46,0.78,0.46,0.78
739443,永信建統一5C購02,0,,,,
739444,合晶統一59購02,0,,,,
739445,合晶統一59購03,0,,,,
739446,宜鼎統一5C購03,0,,,,
739447,朋程統一5C購02,0,,,,
739448,長佳智統一59購01,0,,,,
739451,威剛統一59購03,0,,,,
739452,茂達統一59購01,1550,0.01,0.01,0.01,0.01
739453,振曜統一5C購01,0,,,,
739454,能率統一5B購01,0,,,,
739455,鈊象統一59購03,0,,,,
739456,精測統一59購02,0,,,,
739457,營邦統一59購01,0,,,,
739458,環球晶統一59購01,0,,,,
739459,環球晶統一59購02,9240,3.08,3.08,3.08,3.08
739460,環球晶統一64購02,47500,1.75,1.75,1.6,1.6
739478,大宇資群益59購01,0,,,,
739519,系微統一5C購02,0,,,,
739520,旺矽統一5B購01,0,,,,
739521,茂迪統一59購01,0,,,,
739522,廣運統一5C購01,0,,,,
739523,擎亞統一5C購01,0,,,,
739549,聯合國票5A購01,0,,,,
739581,均華兆豐59購01,0,,,,
739598,中美晶國票59購02,97940,0.59,0.59,0.59,0.59
739634,中光電富邦59購02,0,,,,
739639,大宇資統一5C購01,0,,,,
739640,中光電統一59購03,0,,,,
739641,台燿統一64購01,0,,,,
739642,弘塑統一5C購01,1440,0.48,0.48,0.48,0.48
739643,合晶統一5B購01,0,,,,
739644,合晶統一5C購02,0,,,,
739645,均豪統一5C購01,0,,,,
739646,昇佳電統一5C購01,0,,,,
739647,昇佳電統一5C購02,0,,,,
739648,創惟統一5C購02,0,,,,
739649,新漢統一64購01,1200,0.12,0.12,0.12,0.12
739650,萬泰科統一5C購02,0,,,,
739651,德微統一5C購02,0,,,,
739652,耀勝統一5C購02,0,,,,
739696,鈊象元富59購01,0,,,,
739709,環球晶富邦59購01,0,,,,
739715,台半元富59購01,0,,,,
739716,台半元富59購02,0,,,,
739718,精測元富59購03,0,,,,
739723,環球晶元富59購01,0,,,,
739724,環球晶元富59購02,0,,,,
739742,威剛凱基59購01,0,,,,
739750,環球晶凱基59購01,0,,,,
739751,環球晶凱基59購02,0,,,,
739825,雙鴻元富59購01,0,,,,
739826,世界群益59購01,0,,,,
739841,世界國票5C購01,0,,,,
739842,威剛國票5A購01,0,,,,
739856,系微元大59購01,0,,,,
739858,昇達科元大59購01,0,,,,
739913,旺矽國票5B購01,0,,,,
739986,廣明國票5B購01,0,,,,
7402,邑錡,18575731,100.5,101.0,98.6,99.0
7547,碩網,3362022,50.5,52.7,50.5,50.9
7556,意德士,4443956,241.0,245.5,238.5,238.5
7584,樂意,111129,27.2,27.95,27.2,27.6
7642,昶瑞機電,1100682,72.6,72.6,70.1,71.3
7703,銳澤,13378803,195.0,201.0,195.0,199.0
7704,明遠精密,487110,60.6,61.6,60.5,61.4
7708,全家餐飲,805826,92.0,92.0,91.5,91.5
7709,榮田,11264887,83.6,83.6,80.0,80.2
7712,博盛半導體,9070140,150.5,151.5,148.5,150.0
7713,威力德生醫,238875,73.5,73.5,73.5,73.5
7714,創泓科技,189841336,184.0,190.0,178.0,178.0
7715,裕山,915835,27.65,27.65,27.3,27.4
7716,昱臺國際,255100,23.2,23.8,23.0,23.3
7717,萊德光電-KY,285515291,478.5,503.0,472.0,479.5
7718,友鋮,516844,46.25,46.5,46.0,46.0
7723,築間,481078,18.9,19.0,18.65,18.75
7728,光焱科技,83641278,679.0,696.0,635.0,635.0
7734,印能科技,412549260,2500.0,2585.0,2405.0,2555.0
7738,東聯互動,2292912,164.5,164.5,161.0,161.0
7743,金利食安,2213813,23.05,24.5,22.8,22.8
7744,崴寶,16121286,480.5,488.5,479.5,484.0
7747,昕奇雲端,649010,113.5,115.5,113.5,113.5
7751,竑騰,191589050,1405.0,1440.0,1360.0,1360.0
7753,星亞,491773,35.7,35.75,35.6,35.6
7757,金色三麥,1508187,87.7,87.8,87.0,87.0
7767,仁大資訊,2536133,47.15,47.15,46.15,46.15
7770,君曜,326600,36.0,37.0,34.9,37.0
7772,耀穎,15522973,126.0,133.0,121.5,130.0
7777,能率亞洲,24286030,35.7,36.05,35.35,35.35
7782,光速火箭,26136,25.65,25.65,25.65,25.65
7792,安葆,68524186,313.5,319.0,310.5,311.5
7794,宏碁智新,884203,32.2,32.2,31.1,31.3
7805,威聯通,17303812,501.0,505.0,497.0,497.0
7810,捷創科技,23894850,223.5,223.5,210.5,210.5
7811,民盛,216000,72.0,72.0,72.0,72.0
7814,海昌生技,201000,28.15,29.55,28.15,28.3
7819,精誠金融,1045580,34.9,35.0,34.1,34.15
7820,立盈,3448042,108.0,108.0,104.5,107.0
7825,和亞智慧,96669755,88.2,88.9,80.6,81.0
7828,創新服務,585339030,1910.0,2040.0,1845.0,1845.0
7839,達人網,880790,43.35,44.8,43.0,43.8
7842,天能綠電,1812795,97.4,98.1,97.4,97.6
8024,佑華,724083,12.7,13.35,12.6,12.9
8027,鈦昇,184781375,165.0,170.5,164.0,164.0
8032,光菱,1423564,35.7,35.7,34.45,34.85
8034,榮群,499847,20.0,20.0,19.6,19.65
8038,長園科,18866209,30.8,33.0,30.8,33.0
8040,九暘,34319438,77.7,78.8,77.2,77.6
8042,金山電,478262425,111.0,116.0,110.0,110.0
8043,蜜望實,198898492,134.0,137.0,128.5,128.5
8044,網家,6156247,23.6,23.75,23.3,23.45
8047,星雲,665765,46.7,46.7,46.65,46.7
8048,德勝,3327373,47.3,48.55,47.25,48.55
8049,晶采,2381023,24.65,24.7,24.45,24.55
8050,廣積,69393020,57.0,58.0,56.9,57.0
8054,安國,42394607,83.1,83.4,80.5,80.5
8064,東捷,697600344,113.0,115.5,108.0,108.0
8066,來思達,418867,14.25,14.5,14.25,14.5
8067,志旭,50627,12.2,12.6,12.2,12.5
8068,全達,1571334,16.3,16.3,15.9,15.9
8069,元太,554681805,145.5,149.0,144.5,146.0
8071,能率網通,2767377,21.25,21.45,21.05,21.1
8074,鉅橡,12874273,50.1,50.4,48.85,48.85
8076,伍豐,16492327,21.75,21.75,21.05,21.05
8077,洛碁,0,,,,
8080,泰霖,262500,29.65,29.65,29.0,29.1
8083,瑞穎,1184217,157.5,157.5,156.5,157.0
8084,巨虹,11388644,41.5,41.8,41.05,41.15
8085,福華,1814914,14.05,14.15,13.95,14.05
8086,宏捷科,199369377,105.5,109.5,105.5,106.0
8087,麗升能源,457264,24.3,24.4,23.5,24.0
8088,品安,10571048,41.85,41.85,40.8,40.8
8089,康全電訊,1221265,18.0,18.05,17.8,17.95
8091,翔名,30078442,205.0,207.0,204.0,204.0
8092,建暐,206300,13.2,13.2,12.7,12.7
8093,保銳,1350309,25.75,25.75,24.1,24.45
8096,擎亞,399344409,86.0,89.8,85.1,86.0
8097,常珵,2650868,48.05,48.3,47.8,48.3
8099,大世科,2921215,59.6,59.7,58.2,58.8
8102,傑霖科技,1399516,61.1,61.1,60.0,60.5
8107,大億金茂,47,,,,
8109,博大,11813443,128.0,128.0,126.5,126.5
8111,立碁,423898982,70.3,71.6,67.6,68.1
8121,越峰,5297725,26.55,26.55,26.05,26.05
8147,正淩,6982311,129.5,132.0,129.5,129.5
8155,博智,133269496,316.5,324.5,312.0,313.5
8171,天宇,3110402,19.8,20.2,19.7,19.8
8176,智捷,685324,10.0,10.0,9.81,9.91
8182,加高,18218118,37.5,38.95,37.5,37.95
8183,精星,6609830,28.15,28.15,27.55,27.55
8227,巨有科技,463757886,239.0,253.0,239.0,249.5
8234,新漢,17216451,62.1,62.7,61.3,61.3
8240,華宏,14487426,50.2,50.3,49.0,49.0
8255,朋程,22167686,132.5,135.0,132.0,132.5
8272,全景軟體,1623163,65.5,66.0,63.2,65.4
8279,生展,168575,78.2,78.4,78.2,78.4
8284,三竹,3706234,69.0,69.7,68.2,69.0
8289,泰藝,22566927,41.0,43.45,41.0,42.5
8291,尚茂,214347,31.75,31.85,29.35,29.55
8299,群聯,4151966040,1935.0,1960.0,1900.0,1920.0
8342,益張,506450,85.5,85.5,83.0,83.0
8349,恒耀,2467667,38.35,38.4,37.8,38.05
8349A,恒耀甲特,45400,45.4,45.4,45.4,45.4
8354,冠好,460122,17.0,17.0,16.8,16.8
8358,金居,13570428863,515.0,516.0,480.0,482.0
8383,千附,38567590,64.1,64.4,63.2,63.3
8390,金益鼎,17391390,90.4,91.0,90.0,90.3
8401,白紗科,660094,22.65,22.8,22.5,22.7
8403,盛弘,743008,18.9,18.9,18.8,18.8
8409,商之器,113747,18.05,18.05,18.05,18.05
8410,森田,639050,29.5,29.5,29.0,29.25
8415,大國鋼,16203021,35.3,35.3,34.55,34.55
8416,實威,352810,169.5,169.5,169.5,169.5
8421,旭源,2982103,12.2,13.1,12.1,12.65
8423,保綠-KY,278429,17.55,18.0,17.55,17.65
8424,惠普,139320,68.9,68.9,68.9,68.9
8426,紅木-KY,366620,20.4,20.65,20.3,20.3
8431,匯鑽科,161850908,61.5,63.0,60.0,60.1
8432,東生華,357611,49.8,50.0,49.8,49.9
8433,弘帆,268308,53.5,53.5,53.3,53.3
8435,鉅邁,831099,53.2,53.2,53.0,53.0
8436,大江,35530903,106.0,106.5,105.0,105.0
8437,大地-KY,122450,9.01,9.08,8.98,8.98
8440,綠電,900613,20.0,20.2,19.85,19.85
8444,綠河-KY,0,,,,
8446,華研,3256329,85.5,85.5,84.8,84.8
8450,霹靂,291142,14.25,14.4,14.0,14.35
8455,大拓-KY,25451,23.5,23.5,23.5,23.5
8472,納維康,1073785,79.0,82.3,79.0,80.2
8477,創業家,75450,15.05,15.25,15.05,15.25
8489,三貝德,836610,21.5,21.75,21.5,21.6
8905,裕國,88065,33.9,34.3,33.9,34.3
8906,花王,250509,28.3,28.8,28.3,28.8
8908,欣雄,432071,40.4,40.4,40.0,40.15
8916,光隆,3055114,40.75,41.55,40.75,40.8
8917,欣泰,260400,52.2,52.2,52.0,52.0
8921,沈氏,33200,16.55,16.65,16.55,16.65
8923,時報,1006900,18.5,18.5,18.05,18.5
8924,大田,2056426,50.0,50.0,49.65,49.9
8927,北基,1266184,19.2,19.2,18.8,18.8
8928,鉅明,185915,23.25,23.25,22.95,22.95
8929,富堡,122732,12.9,13.0,12.9,13.0
8930,青鋼,233218,29.1,29.1,28.9,29.1
8931,大汽電,2794490,43.9,43.9,42.8,43.1
8932,智通*,258435901,90.8,92.7,85.1,85.8
8933,愛地雅,132186,4.47,4.48,4.43,4.43
8935,邦泰,879307,17.6,17.7,17.45,17.45
8936,國統,42341894,51.0,51.5,50.9,51.0
8937,合騏*,8582529,28.6,28.7,27.5,27.65
8938,明安,1657176,52.2,52.2,51.5,52.0
8941,關中,92630,45.0,45.0,45.0,45.0
8942,森鉅,3771884,41.4,41.4,41.0,41.0
9949,琉園,126569,23.95,24.1,23.9,24.1
9950,萬國通,341560,10.25,10.3,10.2,10.25
9951,皇田,1138569,48.9,48.9,48.5,48.75
9960,邁達康,418274,30.25,31.7,30.15,30.6
9962,有益,305605,9.91,10.15,9.91,10.05
