code,name,trading_value,open_price,high_price,low_price,close_price
00411A,主動統一前沿科技,163955195,9.9,9.97,9.88,9.91
006201,元大富櫃50,11664718,45.45,45.68,44.2,44.34
00679B,元大美債20年,382767757,25.58,25.63,25.52,25.52
00687B,國泰20年美債,274393727,26.6,26.63,26.52,26.54
00687C,國泰20年美債+櫃U,224500,8.98,8.98,8.98,8.98
00694B,富邦美債1-3,5085901,41.65,41.76,41.65,41.73
00695B,富邦美債7-10,6750773,34.15,34.25,34.15,34.23
00696B,富邦美債20年,22152026,27.86,27.92,27.8,27.8
00697B,元大美債7-10,15089929,34.74,34.83,34.74,34.79
00719B,元大美債1-3,71899737,31.03,31.07,31.03,31.07
00720B,元大投資級公司債,94915730,31.86,31.94,31.79,31.79
00722B,群益投資級電信債,87070711,34.15,34.29,34.15,34.16
00723B,群益投資級科技債,4487095,29.25,29.44,29.25,29.29
00724B,群益投資級金融債,115254255,32.44,32.57,32.44,32.46
00725B,國泰投資級公司債,71954797,33.91,34.0,33.84,33.88
00726B,國泰新興投等債,5275191,31.88,31.93,31.82,31.82
00727B,國泰優選非投等債,5012174,39.33,39.38,39.32,39.32
00734B,台新JPM新興債,3799483,15.32,15.32,15.31,15.31
00740B,富邦全球投等債,63219900,37.2,37.2,37.05,37.05
00741B,富邦全球非投等債,4374547,36.97,37.0,36.96,36.96
00746B,富邦A級公司債,7939860,34.23,34.23,34.14,34.15
00749B,凱基新興債10+,3086525,30.54,30.56,30.54,30.56
00750B,凱基科技債10+,3163000,31.63,31.63,31.63,31.63
00751B,元大AAA至A公司債,116297668,30.31,30.38,30.25,30.26
00754B,群益AAA-AA公司債,3263602,31.47,31.47,31.37,31.38
00755B,群益投資級公用債,4216184,31.24,31.49,31.24,31.41
00756B,群益投等新興公債,5384153,29.92,30.0,29.89,29.89
00758B,復華能源債,4998000,49.98,49.98,49.98,49.98
00759B,復華製藥債,5349697,52.45,52.45,52.35,52.35
00760B,復華新興企業債,6352402,51.55,51.8,51.5,51.8
00761B,國泰A級公司債,8645627,32.9,32.91,32.83,32.83
00764B,群益25年美債,91964022,26.53,26.56,26.45,26.45
00768B,復華20年美債,68935069,47.52,47.68,47.5,47.5
00772B,中信高評級公司債,45745051,32.12,32.24,32.11,32.11
00773B,中信優先金融債,59756067,34.31,34.37,34.29,34.3
00777B,凱基AAA至A公司債,3159950,30.94,31.01,30.94,31.01
00778B,凱基金融債20+,3353660,32.85,32.88,32.81,32.88
00779B,凱基美債25+,8506930,26.75,26.8,26.71,26.71
00780B,國泰A級金融債,4175629,35.97,36.0,35.95,36.0
00781B,國泰A級科技債,8357599,26.44,26.66,26.44,26.54
00782B,國泰A級公用債,9357295,29.26,29.26,29.2,29.2
00785B,富邦金融投等債,1694603,33.54,33.54,33.54,33.54
00786B,元大10年IG銀行債,1526134,31.54,31.54,31.35,31.42
00787B,元大10年IG醫療債,46902,31.58,31.58,31.58,31.58
00788B,元大10年IG電能債,733503,28.94,28.98,28.94,28.94
00789B,復華公司債A3,4692491,45.99,45.99,45.99,45.99
00791B,復華信用債1-5,5716550,56.6,56.6,56.55,56.55
00792B,群益A級公司債,4659818,30.2,30.29,30.14,30.14
00793B,群益AAA-A醫療債,1630846,29.45,29.55,29.45,29.55
00795B,中信美國公債20年,161671863,25.68,25.75,25.64,25.64
00799B,國泰A級醫療債,3434892,28.14,28.35,28.14,28.3
00834B,第一金金融債10+,3295000,32.95,32.95,32.95,32.95
00836B,永豐10年A公司債,28441,27.81,27.81,27.81,27.81
00840B,凱基IG精選15+,2850000,28.5,28.5,28.5,28.5
00841B,凱基AAA-AA公司債,2730000,27.3,27.3,27.3,27.3
00842B,台新美元銀行債,1139395,29.08,29.08,29.05,29.07
00844B,台新15年IG金融債,2414400,30.18,30.18,30.18,30.18
00845B,富邦新興投等債,3253160,32.16,32.21,32.16,32.21
00846B,富邦歐洲銀行債,3558310,34.87,34.87,34.8,34.85
00847B,中信美國市政債,15082070,24.2,24.3,24.18,24.2
00848B,中信新興亞洲債,16686964,33.11,33.11,33.07,33.07
00849B,中信EM主權債0-5,19252234,37.31,37.37,37.31,37.35
00853B,統一美債10年Aa-A,31052978,26.51,26.51,26.31,26.31
00856B,永豐1-3年美公債,2621094,37.44,37.44,37.43,37.43
00857B,永豐20年美公債,14500327,22.33,22.4,22.31,22.31
00858,永豐美國500大,22398513,35.88,35.88,35.6,35.6
00859B,群益0-1年美債,130038776,40.73,40.74,40.62,40.69
00860B,群益1-5Y投資級債,4014831,37.84,37.86,37.84,37.84
00862B,中信投資級公司債,17792023,30.3,30.3,30.23,30.25
00863B,中信全球電信債,15262952,30.4,30.41,30.4,30.4
00864B,中信美國公債0-1,68794164,46.25,46.28,46.16,46.25
00867B,台新A-BBB電信債,29642,29.17,29.17,29.17,29.17
00870B,元大15年EM主權債,54280,27.16,27.16,27.12,27.12
00877,復華中國5G,70327532,37.96,38.62,37.8,38.2
00884B,中信低碳新興債,14995901,28.36,28.37,28.29,28.29
00886,永豐美國科技,969571,47.87,47.87,47.87,47.87
00887,永豐中國科技50大,64613291,15.69,15.96,15.67,15.79
00888,永豐台灣ESG,277610089,34.48,34.85,34.48,34.58
00890B,凱基ESG BBB債15+,3287874,30.96,30.99,30.96,30.96
00928,中信上櫃ESG 30,27213774,32.78,33.04,31.9,31.93
00931B,統一美債20年,43778929,12.94,12.96,12.9,12.9
00933B,國泰10Y+金融債,88994935,15.35,15.4,15.34,15.34
00937B,群益ESG投等債20+,742853278,14.24,14.29,14.21,14.21
00942B,台新美A公司債20+,23748429,13.62,13.69,13.62,13.65
00948B,中信優息投資級債,42489541,9.09,9.12,9.08,9.09
00950B,凱基A級公司債,13942199,13.5,13.55,13.5,13.5
00955,中信日本商社,58407158,16.53,16.61,16.47,16.56
00957B,兆豐US優選投等債,691763,12.91,12.92,12.88,12.88
00958B,永豐ESG銀行債15+,2181258,8.96,8.97,8.95,8.95
00959B,大華投等美債15Y+,11486527,9.02,9.08,9.02,9.04
00966B,統一ESG投等債15+,3653754,13.39,13.45,13.39,13.41
00967B,元大優息美債,6462263,8.97,8.97,8.79,8.79
00968B,元大優息投等債,13573613,8.95,8.98,8.94,8.95
00969B,元大零息超長美債,4326057,7.9,7.95,7.9,7.92
00970B,台新BBB投等債20+,12428549,8.98,9.02,8.98,8.98
009806,台新標普500,145374,13.58,13.6,13.58,13.6
009807,台新標普科技精選,107005,16.78,16.84,16.78,16.84
00980B,台新特選IG債10+,8048879,9.14,9.14,9.11,9.11
00980D,主動聯博投等入息,12260906,19.8,19.87,19.8,19.85
00980T,平衡凱基美國TOP,1462814,11.8,11.8,11.78,11.78
009814,富邦標普500,6893702,11.29,11.31,11.29,11.31
009815,大華美國MAG7+,16511072,11.52,11.56,11.52,11.52
00981B,第一金優選非投債,97307456,9.12,9.13,9.12,9.13
00981D,主動中信非投等債,25354960,10.19,10.22,10.19,10.2
009822,華南永昌未來金融,951172,9.52,9.52,9.48,9.5
009823,群益S&P500,21962689,10.35,10.36,10.34,10.34
009825,聯邦美國金融創新,2718691,9.94,9.97,9.89,9.97
00982B,FT投資級債20+,724493,9.38,9.41,9.38,9.4
00983B,大華優利美公債20,3406032,15.0,15.02,14.97,14.97
00984B,大華優利美A債15,17424804,15.67,15.73,15.67,15.67
00985D,主動貝萊德優投等,9693814,9.73,9.75,9.71,9.72
00986B,FT金融債10+,368382,9.43,9.45,9.43,9.45
00986D,主動復華金融債息,1701767,14.18,14.2,14.17,14.17
00987B,野村10+澳洲公債,5632740,15.58,15.59,15.56,15.59
00987D,主動統一美債量化,9814819,9.75,9.85,9.75,9.82
00988B,玉山嚴選非投債,21475571,19.35,19.4,19.34,19.37
00989B,台新美國非投等債,15206326,9.92,9.97,9.92,9.97
00990B,國泰收益非投等債,30392439,9.97,9.98,9.96,9.98
00998A,主動復華金融股息,198194246,17.44,17.44,17.3,17.3
020001,富邦存股雙十N,0,,,,
020025,統一亞洲半導體N,1058520,37.88,37.88,37.7,37.7
020033,統一恒生科期N,27440,3.41,3.44,3.41,3.43
020035,元大上櫃ESG高息N,0,,,,
020040,元大上櫃ESG龍頭N,11090,11.09,11.09,11.09,11.09
020041,兆豐半導體氣候N,0,,,,
1240,茂生農經,289126,55.1,55.7,55.1,55.6
1259,安心,1111885,63.5,64.5,63.5,64.5
1264,德麥,3348793,243.5,244.5,243.5,244.5
1268,漢來美食,3578153,172.0,173.5,172.0,173.0
1294,漢田生技,512167,51.0,51.5,51.0,51.5
1295,生合,552426,44.25,44.6,44.25,44.5
1336,台翰,6009755,16.15,17.0,16.15,16.75
1565,精華,11486998,96.1,96.9,95.7,96.5
1569,濱川,70899307,51.0,53.0,50.4,52.0
1570,力肯,1093474,32.35,32.6,32.0,32.6
1580,新麥,12064093,97.5,97.5,96.0,96.7
1584,精剛,6527738,18.0,18.2,18.0,18.2
1586,和勤,3736668,17.95,18.0,17.85,17.95
1591,駿吉-KY,8554193,38.35,39.5,38.35,39.4
1593,祺驊,837309,31.85,32.35,31.2,31.55
1595,川寶,20653820,68.8,68.8,64.4,64.4
1599,宏佳騰,209643,23.55,23.55,23.0,23.1
1742,台蠟,229496,17.9,17.9,17.5,17.55
1777,生泰,1031600,73.7,74.1,73.4,73.9
1780,立弘,3692102,24.5,25.2,24.35,25.15
1781,合世,120603,10.0,10.05,9.93,10.05
1784,訊聯,2486929,58.3,59.1,58.1,59.1
1785,光洋科,665202516,95.3,98.6,95.1,96.0
1788,杏昌,1483799,128.0,128.5,128.0,128.0
1796,金穎生技,118384,29.8,29.8,29.5,29.5
1799,易威,3094577,28.8,28.8,28.4,28.5
1813,寶利徠,351857,11.25,11.5,11.2,11.35
1815,富喬,6135195648,119.0,119.5,111.0,112.0
2035,唐榮,412774,27.25,27.8,27.25,27.8
2061,風青,150818582,52.5,56.0,51.9,52.4
2063,世鎧,455467,23.7,23.8,23.6,23.8
2064,晉椿,4355320,12.15,12.45,11.9,11.95
2065,世豐,1879920,35.5,35.65,35.0,35.25
2066,世德,1620621,52.9,52.9,51.0,52.3
2067,嘉鋼,260643,4.97,5.4,4.97,5.21
2070,精湛,4388688,61.5,62.0,61.4,61.7
2073,雄順,2058,,,,
2221,大甲,949181511,110.5,116.0,108.0,116.0
2230,泰茂,1944156,21.8,21.95,21.3,21.95
2235,謚源,225600,28.2,28.5,27.7,28.3
2596,綠意,5737303,35.45,35.45,34.45,34.7
2640,大車隊,33066452,159.0,172.0,159.0,172.0
2641,正德,16932109,17.4,17.65,17.4,17.6
2643,捷迅,507239,62.6,62.7,62.6,62.6
2718,全心投控,506960,40.0,40.1,40.0,40.1
2719,燦星旅,82303,19.5,19.5,19.45,19.5
2724,藝舍-KY,46641,10.4,10.75,10.4,10.75
2726,雅茗-KY,172505,8.13,8.13,7.94,8.1
2729,瓦城,5716014,155.0,157.0,153.5,154.5
2732,六角,777148,62.8,63.4,62.8,62.8
2734,易飛網,371279,14.5,14.6,14.5,14.55
2736,富野,335063,11.35,11.4,11.35,11.4
2740,華軒,40888,31.8,31.8,31.8,31.8
2743,山富,2553645,52.9,53.5,52.7,53.0
2745,五福,4758752,83.7,84.8,83.5,84.5
2751,王座,59358,53.5,53.5,53.5,53.5
2752,豆府,411019,179.0,180.0,179.0,180.0
2754,亞洲藏壽司,1400050,69.0,69.9,69.0,69.5
2755,揚秦,2941438,98.0,98.5,98.0,98.3
2756,聯發國際,319170,62.2,63.0,62.2,63.0
2916,滿心,527068,40.65,40.75,40.5,40.65
2924,宏太-KY,51200,16.85,17.45,16.85,17.45
2926,誠品生活,71613,29.95,30.0,29.95,30.0
2937,集雅社,224129,44.45,44.45,44.45,44.45
2938,床的世界,6665871,18.45,18.55,18.15,18.15
2941,米斯特,150660,29.9,30.9,29.9,30.0
2947,振宇五金,392984,60.1,60.2,60.0,60.2
2948,寶陞,55135,37.75,37.75,37.75,37.75
2949,欣新網,8159,,,,
3064,泰偉,1122,,,,
3066,李洲,149975854,25.8,28.3,25.6,28.3
3067,全域,0,,,,
3071,協禧,1944610,23.3,23.4,23.25,23.4
3073,天方能源,179374,20.85,22.1,20.85,20.85
3078,僑威,21910046,44.6,44.8,44.2,44.6
3081,聯亞,12023877395,2910.0,2930.0,2715.0,2720.0
3083,網龍,890908,21.85,22.2,21.85,22.15
3085,新零售,61873,11.75,11.75,11.7,11.7
3086,華義*,1707222,29.7,29.7,28.9,28.9
3088,艾訊,82796656,125.0,127.5,125.0,126.0
3093,港建*,4535502,44.5,45.0,44.05,44.15
3095,及成,240393,35.6,36.8,35.6,36.0
3105,穩懋,23134627183,482.0,507.0,469.0,471.0
3114,好德,3962586,30.35,30.7,30.15,30.35
3115,富榮綱,114706,8.2,8.45,7.94,8.18
3118,進階,354576,31.4,31.65,31.4,31.65
3122,笙泉,819281,24.05,24.45,23.9,24.45
3128,昇銳,2559465,20.75,20.85,20.25,20.25
3131,弘塑,761450820,2365.0,2465.0,2365.0,2395.0
3141,晶宏,517640301,93.4,97.5,93.2,94.4
3147,大綜,153832494,234.0,240.0,230.0,232.5
3152,璟德,21190724,222.5,223.5,219.5,219.5
3158,嘉實,998955,86.1,86.1,85.6,86.0
3162,精確,65167968,73.7,74.6,72.3,72.7
3163,波若威,1124803578,676.0,682.0,645.0,652.0
3169,亞信,12579371,100.0,103.5,100.0,101.5
3171,炎洲流通,68327,59.3,59.3,59.3,59.3
3176,基亞,52019510,37.95,39.95,37.95,39.9
3178,公準,3779134,61.3,62.9,61.3,62.8
3188,鑫龍騰,3263171,23.75,24.0,23.65,23.9
3191,雲嘉南,410289,16.5,16.6,16.4,16.55
3205,佰研,916242,46.4,47.4,46.3,46.65
3206,志豐,1186108,34.95,34.95,33.75,34.75
3207,耀勝,5350700,37.25,38.4,36.55,37.15
3211,順達,871097353,375.5,379.5,360.5,360.5
3213,茂訊,25322899,122.5,124.5,122.0,124.0
3217,優群,22387781,128.0,128.5,127.5,128.0
3218,大學光,15600121,134.5,135.5,134.5,134.5
3219,倚強科,37696478,82.6,84.6,81.3,81.7
3221,台嘉碩,44265091,47.55,48.6,47.05,47.1
3224,三顧,332466,33.45,33.45,32.9,33.3
3226,龍鋒,1019396,56.8,56.9,56.0,56.7
3227,原相,124804948,184.5,186.0,182.0,182.5
3228,金麗科,25615540,164.5,168.5,162.5,164.0
3230,錦明,10844803,41.75,42.45,41.75,41.8
3232,昱捷,1708404,21.8,22.05,21.05,21.3
3234,光環,698972822,180.0,194.0,176.0,177.0
3236,千如,56557119,43.65,44.7,42.75,42.75
3252,海灣,46050,15.35,15.35,15.35,15.35
3259,鑫創,10800,10.8,10.8,10.8,10.8
3260,威剛,1457512336,405.5,405.5,395.0,395.0
3264,欣銓,5186333165,229.5,245.0,229.5,244.5
3265,台星科,216696228,164.5,174.5,164.5,168.0
3268,海德威,1717466,17.4,18.1,17.15,18.1
3272,東碩,574462,13.95,14.0,13.95,14.0
3276,宇環,952447,13.7,13.9,13.6,13.9
3284,太普高,2371446,19.85,20.15,19.7,19.85
3285,微端,297321,39.0,39.5,39.0,39.35
3287,廣寰科,34412514,35.45,38.5,35.45,38.5
3288,點晶,614962,20.05,20.5,19.25,20.05
3289,宜特,52009020,133.5,134.0,131.5,133.5
3290,東浦,19788063,47.7,47.7,46.75,46.75
3293,鈊象,1546111285,712.0,725.0,708.0,725.0
3294,英濟,8331285,30.3,30.5,29.65,30.0
3297,杭特,15835027,32.0,32.0,30.1,30.1
3303,岱稜,5383656,48.6,48.65,48.25,48.4
3306,鼎天,1634912,45.15,45.15,44.75,44.8
3310,佳穎,1641800,69.5,69.5,68.0,68.2
3313,斐成,899213,10.55,10.6,10.45,10.45
3317,尼克森,22667335,56.1,56.2,55.1,55.1
3322,建舜電,2128932,10.85,10.95,10.65,10.65
3323,加百裕,4565911,27.1,27.25,26.95,27.0
3324,雙鴻,9070630640,1375.0,1460.0,1335.0,1385.0
3325,旭品,815744,11.15,11.25,11.05,11.15
3332,幸康,181500,60.5,60.5,60.5,60.5
3339,泰谷,166781998,44.2,46.35,43.65,44.95
3349,寶德,1126138,19.65,20.0,19.5,20.0
3354,律勝,77628216,30.65,31.7,29.25,29.25
3357,臺慶科,105798426,203.0,205.0,199.0,200.0
3360,尚立,3257071,14.65,14.7,14.45,14.6
3362,先進光,519729726,177.5,182.0,174.0,175.0
3363,上詮,2811471565,698.0,699.0,653.0,655.0
3372,典範,41413913,15.0,16.4,14.7,16.4
3373,熱映,368721,15.95,16.0,15.9,15.95
3374,精材,5654222540,429.0,445.0,423.0,429.0
3379,彬台,906473,27.6,28.0,27.2,27.3
3388,崇越電,30357004,81.0,82.6,80.6,80.6
3390,旭軟,3986189,21.6,21.8,21.4,21.65
3402,漢科,16723725,125.0,128.0,125.0,125.5
3430,奇鈦科,16369970,103.0,105.0,101.5,102.5
3434,哲固,10283641,31.5,31.85,30.9,31.2
3438,類比科,2675139,63.0,63.6,62.2,62.4
3441,聯一光,9255931166,198.5,201.0,188.5,192.5
3444,利機,50670355,79.6,86.7,79.6,85.4
3455,由田,1096976758,242.5,263.0,239.5,246.0
3465,進泰電子,587800,29.0,29.3,28.95,29.25
3466,德晉,3078275,24.6,24.6,23.8,23.8
3467,台灣精材,210056908,72.8,78.7,70.8,73.5
3479,安勤,56433154,130.0,132.0,129.5,130.0
3483,力致,9631380,75.2,76.3,74.0,74.0
3484,崧騰,5119621,45.4,45.9,45.0,45.9
3485,敘豐,15096780,199.0,202.5,195.5,196.0
3489,森寶,2857029,21.65,23.0,21.5,22.2
3490,單井,239985847,45.5,46.2,44.5,45.35
3491,昇達科,3106919180,1465.0,1540.0,1435.0,1485.0
3492,長盛,282314,18.8,18.9,18.75,18.9
3498,陽程,665126622,192.5,193.0,180.0,184.5
3499,環天科,2170451,13.25,14.1,13.05,13.75
3508,位速,4342283,21.5,22.1,21.35,21.6
3511,矽瑪,1693188,18.55,18.9,18.5,18.6
3512,皇龍,377094,19.15,19.15,19.0,19.1
3516,亞帝歐,454941,25.3,25.3,25.0,25.0
3520,華盈,1004352,17.4,17.4,17.2,17.4
3521,台鋼建設,449345,12.0,12.2,11.9,12.0
3522,御嵿,3404606,13.3,13.55,12.95,13.05
3523,迎輝,616683,14.1,15.5,14.1,15.05
3526,凡甲,36274785,267.5,269.5,265.0,265.0
3527,聚積,3542796,50.0,50.2,49.5,50.1
3529,力旺,2895585500,2735.0,2810.0,2660.0,2710.0
3531,先益,106200,21.05,21.3,21.05,21.3
3537,堡達,6451303,53.1,53.5,52.6,52.7
3540,曜越,4474920,23.0,23.3,22.9,23.0
3541,西柏,187197,21.85,22.0,21.8,22.0
3546,宇峻,4863975,72.0,72.7,71.6,71.9
3548,兆利,12534281,79.0,81.2,78.8,79.0
3551,世禾,52349279,172.0,177.5,172.0,176.0
3552,同致,3564196,41.5,41.6,40.85,41.15
3555,博士旺,8622661,175.5,179.0,173.5,173.5
3556,禾瑞亞,8230832,56.9,57.8,56.9,56.9
3558,神準,8826873,121.5,123.0,121.5,123.0
3564,其陽,5264178,48.2,49.15,47.6,48.2
3567,逸昌,341801,25.1,25.5,25.1,25.15
3570,大塚,11194655,166.5,170.5,166.5,169.5
3577,泓格,57176762,113.5,119.0,113.5,118.5
3580,友威科,204314467,90.8,99.5,90.8,94.6
3581,博磊,18579268,98.1,99.6,96.2,96.2
3587,閎康,55045126,237.5,241.0,235.0,236.0
3594,磐儀,8519612,46.0,46.4,45.85,46.1
3597,映興,419950,26.2,26.3,26.2,26.3
3609,三一東林,2840633,21.8,22.75,21.5,22.2
3611,鼎翰,13672161,182.0,182.0,181.0,181.0
3615,安可,72954659,34.55,37.5,34.55,36.2
3623,富晶通,20765112,29.25,29.5,28.15,28.4
3624,光頡,2654707749,124.5,130.0,115.0,118.0
3625,西勝,2666471,12.05,12.05,11.6,11.75
3628,盈正,11831647,73.7,74.8,73.3,74.0
3629,地心引力,0,,,,
3630,新鉅科,5910859,26.1,26.25,25.85,25.85
3631,晟楠,9508008,38.1,40.65,38.1,40.15
3632,研勤,80049,7.08,7.08,7.08,7.08
3646,艾恩特,75504,24.95,24.95,24.95,24.95
3663,鑫科,67107813,61.6,64.1,60.9,61.0
3664,安瑞-KY,97720,8.14,8.15,8.14,8.15
3666,光耀,349694,24.9,25.0,24.85,25.0
3672,康聯訊,43035,11.85,11.85,11.8,11.8
3675,德微,804424391,304.0,309.5,283.5,284.0
3680,家登,1083798512,508.0,535.0,506.0,527.0
3684,榮昌,1288796,54.5,54.5,54.0,54.1
3685,元創精密,7178715,35.3,35.9,35.05,35.85
3687,歐買尬,900163,61.5,61.5,61.0,61.0
3689,湧德,42809226,108.5,110.0,108.0,108.0
3691,碩禾,18939112,95.9,98.4,94.7,94.9
3693,營邦,2061039989,693.0,725.0,688.0,697.0
3707,漢磊,455391948,63.3,65.7,61.9,61.9
3709,鑫聯大投控,8589759,63.2,63.3,62.7,63.0
3713,新晶投控,406928,14.1,14.35,14.0,14.05
3718,中光電投控,209169835,64.4,65.5,63.9,64.1
4102,永日,579891,18.9,19.3,18.85,18.95
4105,東洋,50151898,78.6,78.8,78.0,78.6
4107,邦特,2264225,111.5,111.5,111.5,111.5
4109,加捷生醫,1453803,11.15,11.2,11.05,11.15
4111,濟生,3357651,28.75,28.85,28.75,28.8
4113,聯上,951326,15.8,15.9,15.7,15.85
4114,健喬,28777505,29.4,29.7,29.35,29.65
4116,明基醫,842206,39.5,39.65,39.4,39.55
4120,友華,856524,44.7,46.6,44.6,46.45
4121,優盛,589391,12.6,12.85,12.6,12.7
4123,晟德,34861412,30.8,30.95,30.45,30.8
4126,太醫,4067410,78.1,78.1,77.7,77.8
4127,天良,3314101,59.9,59.9,59.6,59.6
4128,中天,7335488,14.65,14.75,14.5,14.65
4129,聯合,7406547,83.5,83.5,82.3,82.3
4131,浩泰,351773,31.3,31.9,30.5,31.9
4138,曜亞,1149282,53.7,53.9,53.2,53.9
4139,馬光-KY,2952294,41.35,42.95,40.55,41.95
4147,中裕,46377520,61.4,62.7,61.0,62.5
4153,鈺緯,165898,31.8,32.0,31.7,32.0
4154,樂威科-KY,45250,11.25,11.5,11.25,11.25
4157,太景*-KY,8955682,8.96,9.09,8.96,9.06
4160,訊聯基因,497563,39.4,39.4,38.9,39.05
4161,聿新科,274382,22.25,22.35,22.15,22.25
4162,智擎,18877978,54.9,55.8,54.6,55.8
4163,鐿鈦,3291210,134.5,134.5,132.5,133.0
4166,友霖,2858000,24.1,24.5,23.9,24.45
4167,松瑞藥,22479892,19.1,19.55,19.0,19.5
4168,醣聯,3855253,21.55,21.8,21.4,21.8
4171,瑞基,432425,16.25,16.75,16.25,16.5
4173,久裕,292856,17.1,17.1,16.95,17.05
4174,浩鼎,19036990,26.95,28.35,26.8,27.75
4175,杏一,324483,51.5,51.5,51.5,51.5
4183,福永生技,26350,13.3,13.3,13.05,13.05
4188,安克,2338347,14.15,14.15,13.75,13.8
4192,杏國,513282,18.8,18.8,17.75,18.15
4198,欣大健康,477421,49.5,49.95,47.6,49.45
4205,中華食,1115440,68.9,69.0,68.9,69.0
4207,環泰,1000458,19.45,19.55,19.4,19.45
4303,信立,15526120,34.9,35.05,34.75,34.85
4304,勝昱,1148349,14.4,15.7,14.4,15.7
4305,世坤,87140,41.8,42.7,41.8,42.7
4401,東隆興,593158,13.9,14.0,13.65,13.95
4402,郡都開發,15554,14.45,14.45,14.45,14.45
4406,新昕纖,313552,10.1,10.1,10.05,10.1
4413,飛寶企業,332475,19.2,19.6,18.9,19.3
4416,三圓,16583794,11.25,11.3,10.8,11.05
4417,金洲,1928304,49.8,49.8,49.45,49.75
4419,皇家美食,192163,46.15,46.15,45.6,45.65
4420,光明,5256824,36.7,36.7,36.0,36.0
4430,耀億,242681,17.3,17.35,17.15,17.25
4432,銘旺實,275572,15.7,15.7,15.6,15.6
4433,興采,2305405,18.25,18.3,18.0,18.15
4442,竣邦-KY,3759165,56.0,56.0,54.5,54.6
4502,健信,311650,15.65,15.7,15.5,15.7
4503,金雨,1061016,22.95,22.95,22.5,22.8
4506,崇友,11796985,119.0,120.0,118.5,119.5
4510,高鋒,47704671,42.7,44.9,42.7,44.05
4513,福裕,2002967,15.65,16.0,15.65,15.8
4523,永彰,1923567,23.95,24.1,23.7,23.7
4527,方土霖,856211,40.7,40.7,40.55,40.7
4528,江興鍛,1532985,14.85,14.95,14.5,14.85
4529,淳紳,69339,3.53,3.53,3.45,3.45
4530,天意能創,2233527,24.55,24.55,22.6,24.3
4533,協易機,8910724,24.7,24.8,24.55,24.6
4534,慶騰,9518504,27.5,28.35,27.5,27.95
4535,至興,135154,27.0,27.1,27.0,27.1
4538,大詠城,226300,17.6,17.6,17.25,17.35
4541,晟田,32201889,56.9,57.6,56.7,57.5
4542,科嶠,210703126,258.0,278.5,257.5,278.5
4543,萬在,1800228,28.1,28.3,27.8,28.25
4549,桓達,2115575,95.1,96.0,95.1,95.1
4550,長佳,392456,24.2,24.2,23.95,23.95
4554,橙的,171989,28.45,28.5,28.3,28.4
4556,旭然,52774238,81.5,85.0,80.6,82.8
4558,寶緯,749500,17.5,17.55,17.2,17.55
4561,健椿,2858788,40.45,40.7,40.3,40.3
4563,百德,12325506,45.8,47.1,45.5,46.2
4568,科際精密,316241,38.7,39.6,38.7,39.6
4577,達航科技,29475368,84.4,87.1,82.6,83.2
4580,捷流閥業,3559411,81.5,81.6,81.0,81.0
4584,君帆,96500,37.3,37.3,37.0,37.0
4609,唐鋒,42320,4.23,4.24,4.23,4.24
4702,中美實,374514,9.35,9.43,9.3,9.34
4706,大恭,305238,34.0,34.0,33.6,33.7
4707,磐亞,42902615,27.0,27.65,26.8,26.8
4711,永純,190043,16.65,16.65,16.35,16.5
4714,永捷,26296510,11.5,11.8,11.4,11.5
4716,大立,5434580,17.0,17.0,16.7,16.8
4721,美琪瑪,13664697,71.7,73.1,71.7,73.1
4726,永昕,2171260,22.45,22.75,22.2,22.6
4728,雙美,5975273,392.0,392.0,391.0,392.0
4729,熒茂,1306724,18.55,18.8,18.4,18.55
4735,豪展,1887983,35.95,35.95,35.5,35.65
4741,泓瀚,1670708,37.45,38.6,37.45,37.85
4743,合一,33281137,44.4,44.8,44.25,44.6
4744,皇將,9885708,31.0,31.4,29.2,30.3
4745,合富-KY,36721,11.65,11.7,11.65,11.7
4747,強生*,573031,23.85,24.45,23.7,24.0
4749,新應材,285003379,722.0,743.0,722.0,740.0
4754,國碳科,387691,37.5,38.1,37.35,37.4
4760,勤凱,59810538,261.0,264.5,256.0,256.5
4767,誠泰科技,31096,28.1,28.1,28.1,28.1
4768,晶呈科技,118390169,314.5,324.0,308.5,308.5
4772,台特化,60208719,241.0,245.0,241.0,241.5
4806,桂田文創,65111,8.79,9.16,8.79,9.15
4903,聯光通,16281603,34.5,34.9,34.2,34.2
4905,台聯電,1666827,80.2,80.2,78.2,79.2
4907,富宇,509700,43.7,43.9,43.7,43.9
4908,前鼎,2527099534,245.0,262.0,232.5,238.0
4909,新復興,13706804,34.0,35.7,34.0,34.2
4911,德英,494859,28.25,28.85,28.25,28.65
4923,力士,21476814,54.9,56.0,54.1,55.3
4924,欣厚-KY,5131731,14.8,14.8,13.55,14.25
4931,新盛力,728270693,241.0,243.0,232.0,233.0
4933,友輝,2434693,51.2,51.7,50.9,51.3
4939,亞電,599278682,82.0,82.5,75.3,77.6
4946,辣椒,654531,89.1,90.6,89.1,89.8
4950,金耘國際,467763,15.6,15.6,15.4,15.55
4951,精拓科,32694478,81.6,84.5,81.6,82.5
4953,緯致,35357313,122.0,122.0,119.0,119.0
4966,譜瑞-KY,500331457,543.0,566.0,542.0,556.0
4971,IET-KY,1780253041,604.0,606.0,555.0,555.0
4972,湯石照明,70144,16.25,16.25,16.2,16.2
4973,廣穎,64716604,139.0,140.0,137.5,138.0
4974,亞泰,4604891,70.8,71.3,70.5,70.6
4979,華星光,540991638,556.0,561.0,532.0,556.0
4991,環宇-KY,1645847511,445.0,458.0,428.5,431.0
4995,晶達,1095324,50.1,50.9,50.0,50.5
5009,榮剛,26955733,32.3,32.75,32.25,32.55
5011,久陽,1453329,18.3,18.3,18.05,18.05
5013,強新,766368,29.8,30.2,29.5,29.8
5014,建錩,1091412,9.78,9.98,9.63,9.81
5015,華祺,50244,21.6,21.6,21.6,21.6
5016,松和,49250,24.55,24.7,24.55,24.7
5201,凱衛,580213,29.35,29.35,28.7,28.95
5202,力新,14326970,13.6,14.05,13.55,14.0
5205,中茂,4711,,,,
5206,坤悅,3829587,21.15,21.7,21.15,21.65
5209,新鼎,32208238,174.5,176.0,173.0,176.0
5210,寶碩,3249280,28.75,29.6,28.7,29.05
5211,蒙恬,447668,20.65,20.65,20.4,20.45
5212,凌網,1627535,46.7,47.3,46.7,47.1
5213,亞昕,2612845,20.4,20.45,20.3,20.45
5220,萬達光電,265583,19.75,19.75,19.45,19.7
5223,安力-KY,142292,22.95,23.0,22.9,22.9
5227,立凱-KY,19145455,30.45,32.8,29.4,32.7
5228,鈺鎧,7423738,39.85,40.4,38.9,39.05
5230,雷笛克光學,2658448,18.75,18.9,18.6,18.7
5245,智晶,2784001,21.7,21.7,20.55,20.7
5251,天鉞電,16848423,30.15,30.95,29.45,29.7
5263,智崴,15135340,90.4,91.0,89.0,89.7
5272,笙科,774802,16.65,16.75,16.55,16.75
5274,信驊,3368976600,18250.0,18800.0,18225.0,18275.0
5276,達輝-KY,0,,,,
5278,尚凡*,3442495,23.35,23.85,23.3,23.85
5287,數字,8517795,135.5,136.0,135.0,136.0
5289,宜鼎,1291396335,1310.0,1310.0,1260.0,1260.0
5291,邑昇,32881002,58.4,60.6,58.0,58.2
5299,杰力,15834449,95.0,95.8,94.4,95.0
5301,寶得利,393038,5.15,5.15,4.85,5.14
5302,太欣,1498957,9.67,9.78,9.67,9.77
5309,系統電,28199466,51.2,51.2,50.5,50.6
5310,天剛,550670,24.85,24.95,24.8,24.95
5312,寶島科,1966388,91.0,91.3,89.9,90.3
5314,世紀*,789869287,27.75,27.75,27.75,27.75
5315,光聯,8665221,18.5,19.2,18.4,18.85
5321,美而快,36278033,66.7,71.9,66.7,70.1
5324,士開,2107415,12.2,12.3,12.1,12.25
5328,華容,112635590,53.0,54.0,52.0,52.3
5340,建榮,196577753,84.8,85.2,81.5,81.5
5344,立衛,332339,13.25,13.25,13.1,13.2
5345,馥鴻,67886,21.0,22.6,21.0,22.6
5347,世界,5202194430,160.0,171.5,159.5,165.5
5348,正能量智能,65277,16.05,16.05,15.45,15.95
5351,鈺創,805400833,107.5,109.0,105.5,106.0
5353,台林,563627,27.45,27.95,27.45,27.75
5355,佳總,1567156,7.09,7.09,6.51,6.93
5356,協益,2784467,25.85,25.85,25.7,25.8
5364,力麗店,58370,8.38,8.38,8.32,8.32
5381,光譜,5647529,23.3,23.75,23.25,23.35
5386,青雲,444838399,291.5,297.0,281.0,283.5
5392,能率,19812257,40.3,40.35,39.9,40.0
5398,慕康生醫,240060,14.2,14.35,14.15,14.15
5403,中菲,2491910,93.2,93.4,93.1,93.3
5410,國眾,3913762,33.1,33.3,33.05,33.2
5425,台半,1364374657,95.6,95.7,91.6,92.6
5426,振發,25702500,29.0,29.5,28.5,29.05
5432,新門,6141968,147.0,148.0,145.5,145.5
5438,東友,621369,16.55,16.65,16.35,16.45
5439,高技,305238905,247.5,251.0,237.0,238.5
5443,均豪,300823184,106.0,114.0,106.0,108.0
5450,南良,720004,14.55,14.95,14.5,14.65
5452,佶優,5851125,26.55,26.75,26.35,26.7
5455,昇益,237150,29.5,29.95,29.5,29.95
5457,宣德,6411839,24.8,24.8,24.5,24.75
5460,同協,3166600,17.05,17.8,17.0,17.6
5464,霖宏,217780586,99.0,99.8,89.6,90.1
5465,富驊,1519728,24.05,24.5,24.05,24.3
5468,凱鈺,2848000,25.2,25.2,24.6,24.6
5474,聰泰,45261910,153.0,155.5,152.0,154.5
5475,德宏,1359185513,183.5,188.5,168.0,171.5
5478,智冠,5764859,97.0,97.8,97.0,97.6
5481,新華,12927987,22.25,22.3,21.65,21.85
5483,中美晶,3498796879,183.5,191.5,181.5,182.0
5487,通泰,388400,29.9,30.4,29.5,29.5
5488,松普,6012662,11.6,12.15,11.6,12.0
5489,彩富,1030132,40.4,41.0,40.4,40.9
5490,同亨,4083158,25.25,25.5,25.25,25.5
5493,三聯,3229306,85.6,85.6,84.5,85.3
5498,凱崴,72236676,51.2,53.1,50.4,50.4
5508,永信建,30874752,52.3,55.3,52.1,54.8
5511,德昌,5043568,69.1,69.9,69.1,69.7
5512,力麒,2227171,7.68,7.74,7.67,7.71
5514,三豐,31808,15.1,15.1,15.0,15.0
5516,雙喜,167728,11.85,11.85,11.5,11.65
5520,力泰,0,,,,
5523,豐謙,121300,30.3,30.35,30.3,30.35
5529,鉅陞,1361184,24.5,25.5,24.5,25.5
5530,龍巖,3123985,49.8,49.9,49.65,49.85
5536,聖暉*,313302641,845.0,858.0,825.0,825.0
5543,桓鼎-KY,297050,27.2,27.6,26.6,27.0
5547,久舜,525007,19.85,19.85,19.85,19.85
5548,安倉,429397,20.25,20.3,20.1,20.15
5601,台聯櫃,0,,,,
5603,陸海,3821970,13.6,13.6,13.45,13.5
5604,中連,202726,30.9,31.1,30.9,31.1
5609,中菲行,3859374,79.2,79.2,78.3,78.5
5701,劍湖山,303436,4.24,4.28,4.1,4.28
5703,亞都,27541,13.75,13.75,13.75,13.75
5704,老爺知,420607,22.95,22.95,22.5,22.8
5864,致和證,69210549,34.55,35.25,34.55,34.85
5878,台名,0,,,,
5902,德記,376650,34.9,34.9,34.1,34.45
5903,全家,3488253,184.0,184.0,184.0,184.0
5904,寶雅*,933888320,73.3,73.6,71.0,72.6
5905,南仁湖,1101250,7.39,7.45,7.35,7.4
6015,宏遠證,46243454,17.15,17.55,17.1,17.35
6016,康和證,124904962,22.2,23.1,22.2,22.9
6020,大展證,1862841,20.6,20.7,20.3,20.55
6021,美好證,28355794,44.9,45.3,44.05,45.1
6023,元大期,140802347,85.8,88.7,85.7,88.0
6026,福邦證,26636806,15.3,15.6,15.3,15.5
6028,公勝保經,547331,95.1,97.7,95.1,95.6
6101,寬魚國際,4787275,38.2,38.45,37.95,38.4
6103,合邦,1009836,34.45,35.45,34.45,35.45
6104,創惟,27659640,91.5,91.7,90.6,90.9
6109,亞元,1169902,10.35,10.5,10.3,10.45
6111,光聚晶電,6178488,34.25,34.75,33.95,34.75
6113,亞矽,768637,22.15,22.35,22.15,22.3
6114,久威,106274,23.2,23.2,22.9,23.0
6118,建達,385742,15.15,15.2,15.1,15.15
6121,新普,234575789,379.0,379.0,372.0,374.0
6122,擎邦,15496537,51.6,51.6,50.8,51.3
6123,上奇,1220807,43.0,43.4,42.8,43.1
6124,業強,222703,26.8,27.1,26.8,27.1
6125,廣運,18324187,48.45,49.0,48.35,48.35
6126,信音,68380918,29.5,31.6,29.2,31.6
6127,九豪,79506257,48.8,49.7,47.8,48.4
6129,普誠,14791503,14.9,15.05,14.5,14.55
6130,上亞科技,678291,24.15,24.25,23.95,24.05
6134,萬旭,4405896,29.0,29.25,28.65,28.7
6138,茂達,88862858,272.5,275.0,269.0,269.0
6140,訊達,17259289,20.45,20.9,19.6,19.85
6143,振曜,17805081,81.7,83.4,81.7,82.0
6144,得利影,78114,12.8,12.9,12.75,12.9
6146,耕興,65034537,175.5,177.5,175.5,176.0
6147,頎邦,14978091126,212.5,219.0,206.0,209.5
6148,驊宏資,201601866,37.0,38.45,35.95,36.25
6150,撼訊,5514090,61.3,61.8,60.7,61.4
6151,晉倫,2244045,34.2,34.45,34.2,34.35
6154,順發,490456,13.95,14.15,13.9,14.05
6156,松上,12777367,20.45,20.6,20.4,20.6
6158,禾昌,1596615,16.9,17.25,16.85,17.2
6160,欣技,544583,14.5,14.5,14.1,14.5
6161,捷波,4108357,48.6,49.05,48.55,48.9
6163,華電網,33088567,41.0,42.2,40.65,41.55
6167,久正,2032380,10.05,10.25,10.0,10.25
6169,昱泉,50978,11.9,12.3,11.9,12.3
6170,統振,7165072,48.1,48.25,48.1,48.25
6171,大城地產,1768753,25.7,25.7,25.2,25.4
6173,信昌電,8170613319,315.0,325.0,295.0,303.5
6174,安碁,24226861,44.45,45.75,43.85,43.9
6175,立敦,22024231,70.0,70.9,69.1,69.1
6179,亞通,551393630,38.0,41.45,37.75,41.45
6180,橘子,5490760,40.65,40.85,40.6,40.8
6182,合晶,6677616703,112.5,117.5,110.0,110.5
6185,幃翔,1191425,12.35,12.4,12.3,12.4
6186,新潤,9968483,30.05,30.25,29.9,30.05
6187,萬潤,1512751385,1250.0,1270.0,1210.0,1210.0
6188,廣明,33804426,61.4,62.5,61.4,61.9
6190,萬泰科,273165820,69.3,69.6,68.1,68.4
6194,育富,1680663,30.0,30.4,30.0,30.4
6195,詩肯,104512,27.7,27.7,27.7,27.7
6198,瑞築,0,,,,
6199,天品,363189350,102.5,106.0,101.0,105.0
6203,海韻電,2795092,60.1,60.3,59.4,59.6
6204,艾華,64060280,94.6,100.0,92.9,100.0
6207,雷科,853829863,110.0,117.5,110.0,113.5
6208,日揚,15682767,72.8,75.0,72.8,73.6
6210,慶生,155153,16.65,17.4,16.65,17.1
6212,理銘,289304,31.6,32.3,31.6,32.3
6217,中探針,481851498,167.0,171.5,162.5,162.5
6218,豪勉,1377712161,56.0,58.9,53.7,56.0
6219,富旺,548524,12.0,12.1,12.0,12.0
6220,岳豐,3706723,25.45,25.5,25.15,25.15
6221,晉泰,55749048,29.6,29.6,28.1,28.65
6222,立軒,227516,19.1,19.1,18.55,19.1
6223,旺矽,4667070705,5730.0,5860.0,5485.0,5500.0
6227,茂綸,683495496,132.5,145.5,132.5,137.5
6228,全譜,0,,,,
6229,研通,610500,23.6,23.6,23.25,23.3
6231,系微,61025226,212.0,217.5,211.0,212.0
6233,旺玖,2112882,20.25,20.65,20.25,20.4
6234,高僑,5012936,35.15,35.7,35.0,35.0
6236,中湛,0,,,,
6237,驊訊,5945914,34.25,34.45,33.55,33.9
6240,松崗,5120423,24.7,26.8,24.6,25.0
6241,鑫永洋,418880,16.0,16.0,15.45,15.75
6242,立康,145168,33.9,34.0,33.9,33.9
6244,茂迪,25666351,22.35,22.95,22.35,22.35
6245,立端,81521848,83.4,86.0,83.2,84.4
6246,臺龍,188389,12.8,12.8,12.5,12.6
6248,沛波,1303068,16.6,16.75,16.55,16.75
6259,百徽,2790731,28.3,28.5,28.15,28.15
6261,久元,49108076,76.2,76.8,74.2,75.4
6263,普萊德,6705651,156.5,157.0,155.5,156.5
6264,富裔,262565,5.98,6.01,5.98,6.01
6265,方土昶,57758843,49.2,49.55,48.7,48.7
6266,泰詠,2267906,25.05,25.05,24.8,25.0
6270,倍微,2393595,28.35,28.85,28.35,28.6
6274,台燿,30250394160,1445.0,1460.0,1275.0,1320.0
6275,元山,5618157,44.95,45.45,44.9,45.15
6276,安鈦克,220812,19.8,20.15,19.8,20.0
6279,胡連,31115421,111.5,112.0,111.0,111.0
6284,佳邦,32682657,76.7,77.2,75.0,75.1
6290,良維,1221304607,267.5,282.0,266.0,266.0
6291,沛亨,2597095812,494.5,539.0,494.5,517.0
6292,迅德,28426924,64.8,67.6,64.6,66.2
6294,智基,366229,28.65,28.65,28.55,28.65
6411,晶焱,18523455,77.3,79.7,77.3,77.7
6417,韋僑,22568969,103.0,105.0,103.0,104.0
6418,詠昇,1666771,34.65,34.9,34.5,34.5
6419,京晨科,15948917,151.0,153.5,148.0,152.0
6423,億而得,950088,81.7,81.7,79.3,79.6
6425,易發,20244875,62.0,63.8,61.9,62.9
6432,今展科,11786449,53.1,53.7,52.6,53.5
6435,大中,56827558,243.0,247.0,241.0,241.0
6441,廣錠,6075416,23.45,23.5,22.7,23.45
6461,益得,1920634,24.8,26.7,24.65,25.2
6462,神盾,42251477,98.8,100.5,97.6,97.6
6465,威潤,2998733,41.55,41.95,41.3,41.45
6469,大樹,26995181,63.7,64.3,63.7,64.0
6470,宇智,834108,43.6,43.6,43.0,43.1
6474,華豫寧,205495,35.5,35.6,35.5,35.55
6482,弘煜科,344361,24.5,24.9,24.5,24.7
6485,點序,17329749,60.8,61.5,59.4,59.4
6486,互動,7080378,81.1,81.8,80.5,81.2
6488,環球晶,9839227182,942.0,977.0,906.0,912.0
6492,生華科,11418399,33.8,34.95,33.8,34.35
6494,九齊,2796619,50.1,50.2,49.3,49.6
6496,科懋,107043,24.1,24.45,24.1,24.45
6498,久禾光,7741277,66.8,66.8,65.4,65.8
6499,益安,15028033,73.1,74.7,72.3,74.0
6506,雙邦,1446176,17.9,18.05,17.85,18.0
6508,惠光,2439122,25.25,25.4,25.25,25.25
6509,聚和,17778460,45.7,46.2,45.65,45.85
6510,精測,2173903250,3260.0,3355.0,3165.0,3200.0
6512,啟發電,74512,20.25,20.55,20.25,20.55
6516,勤崴國際,3047863,56.7,58.4,56.3,57.6
6517,保勝光學,11627878,63.4,63.6,62.7,63.5
6523,達爾膚,531520,89.7,89.7,89.7,89.7
6527,明達醫,826600,75.5,75.5,74.5,75.0
6530,創威,532673585,97.6,101.5,97.0,99.7
6532,瑞耘,65051271,92.1,96.4,92.1,93.9
6535,順藥,15021648,75.2,77.0,75.1,76.2
6538,倉和,299974108,377.0,392.5,344.0,353.0
6542,隆中,1021354,44.05,44.05,41.6,42.45
6546,正基,13600040,60.8,61.2,60.2,60.4
6547,高端疫苗,143242607,60.9,61.7,60.3,60.7
6548,長科*,240710270,72.0,75.3,72.0,72.6
6556,勝品,132197,61.3,61.4,61.3,61.4
6560,欣普羅,6796659,35.8,35.8,33.8,34.25
6561,是方,9040642,313.5,316.5,312.0,316.5
6568,宏觀,26840370,138.0,143.0,138.0,139.0
6569,醫揚,1118172,89.7,90.5,89.7,90.3
6570,維田,3880519,47.2,47.65,46.2,46.7
6574,霈方,5557214,120.0,121.5,118.0,120.0
6576,逸達,5887988,82.8,83.5,82.8,83.3
6577,勁豐,1199010,79.8,80.2,79.3,79.3
6578,達邦蛋白,1046957,17.05,17.05,16.7,16.7
6584,南俊國際,170612502,557.0,571.0,550.0,551.0
6588,東典光電,803670087,115.5,121.0,114.5,118.5
6590,普鴻,10835343,70.3,70.3,65.5,65.5
6593,台灣銘板,159420,31.5,31.5,31.45,31.45
6596,寬宏藝術,9732949,94.5,96.1,94.5,95.9
6597,立誠,760060,73.4,73.4,68.0,69.9
6603,富強鑫,174181298,25.45,27.9,25.3,27.9
6609,瀧澤科,6042503,38.75,39.05,38.7,39.0
6612,奈米醫材,1569571,71.1,71.1,71.0,71.0
6613,朋億*,51100658,264.0,268.0,260.5,261.0
6615,慧智,163760,33.4,33.5,33.4,33.5
6616,特昇-KY,114163,8.23,8.36,8.09,8.36
6617,共信-KY,455516173,138.0,149.0,137.5,143.0
6620,漢達,296071909,143.0,147.0,143.0,147.0
6624,萬年清,275047,39.15,39.15,38.15,38.75
6629,泰金-KY,4642109,103.0,104.5,101.5,103.5
6637,醫影,987151,54.0,54.4,53.9,54.4
6640,均華,388229545,1120.0,1200.0,1115.0,1120.0
6642,富致,3976233,76.4,76.5,75.4,75.6
6643,M31,344632048,425.0,451.0,425.0,438.0
6649,台生材,1418547,35.8,36.1,35.1,36.1
6651,全宇昕,21176240,145.0,148.0,145.0,147.0
6654,天正國際,1908029,201.0,202.0,199.0,200.0
6661,威健生技,81350,16.6,16.6,16.05,16.05
6662,樂斯科,260469,27.5,28.4,27.5,28.4
6664,群翊,94072325,336.0,343.0,332.0,332.0
6667,信紘科,30704609,239.0,244.0,238.0,238.5
6679,鈺太,49876188,198.0,199.5,196.0,196.5
6680,鑫創電子,9204,,,,
6683,雍智科技,3728662885,1605.0,1695.0,1530.0,1575.0
6684,安格,15419733,49.1,50.0,47.5,47.5
6690,安碁資訊,56754044,179.5,180.0,174.0,178.0
6692,進能服,268593,23.1,23.45,23.1,23.45
6693,廣閎科,241488921,184.0,188.5,180.5,180.5
6697,東捷資訊,1525185,41.0,41.0,40.7,40.85
6703,軒郁,1838322,100.0,100.5,99.9,100.5
6708,天擎,4107142,37.15,40.0,37.15,39.15
6712,長聖,61734906,158.0,161.5,157.5,159.0
6716,應廣,59031222,118.5,122.0,116.0,117.0
6720,久昌,524025,130.5,130.5,129.0,129.0
6721,信實,109328,50.9,51.0,50.9,51.0
6725,矽科宏晟,28205298,210.0,218.0,210.0,216.0
6727,亞泰金屬,751739166,481.5,508.0,463.0,470.5
6728,上洋,2489506,107.0,107.5,107.0,107.5
6730,常廣,127919,31.9,31.9,31.9,31.9
6732,昇佳電子,13509922,147.5,151.0,147.5,150.5
6733,博晟生醫,1989632,25.5,25.6,25.2,25.4
6735,美達科技,3801701,63.7,63.7,60.1,60.5
6739,竹陞科技,281479520,1055.0,1100.0,1055.0,1080.0
6741,91APP*-KY,3858274,58.6,59.1,58.6,59.1
6751,智聯服務,193076,41.8,42.0,41.8,42.0
6752,叡揚,2948427,96.6,98.5,96.1,96.1
6761,穩得,20166910,167.5,167.5,161.5,162.0
6762,達亞,13407,,,,
6763,綠界科技*,6438772,41.0,41.3,40.95,41.3
6767,台微醫,705434,24.65,24.65,22.25,24.55
6785,昱展新藥,17390148,95.0,104.0,94.1,104.0
6788,華景電,65698027,330.5,336.5,324.5,324.5
6791,虎門科技,812990,99.5,101.0,99.5,100.0
6803,崑鼎,11701591,268.5,268.5,267.5,267.5
6804,明係,1068200,18.05,18.45,17.85,18.4
6811,宏碁資訊,99929953,246.0,254.5,246.0,249.5
6821,聯寶,2054864,41.5,42.0,40.3,41.4
6823,濾能,3207569,61.0,61.0,59.3,59.4
6829,千附精密,116639293,213.0,217.5,211.0,211.5
6840,東研信超,121374514,92.9,101.5,92.9,101.5
6841,長佳智能,10079874,52.8,53.5,52.7,53.3
6843,進典,120950,39.85,39.85,39.1,39.1
6844,諾貝兒,1346048,57.5,57.5,56.7,57.1
6846,綠茵,58800,58.8,58.8,58.8,58.8
6855,數泓科,784,,,,
6856,鑫傳,135450,40.5,41.35,40.5,41.35
6859,伯特光,14650013,129.0,129.0,119.0,119.0
6865,偉康科技,769968,26.45,26.5,26.1,26.5
6870,騰雲,32825581,317.5,322.5,309.0,322.0
6872,浩宇生醫,9632438,23.0,23.4,21.0,21.0
6874,倍力,3373003,69.1,69.5,68.5,68.8
6875,國邑*,4984109,32.6,33.1,31.55,33.0
6877,鏵友益,3752644,115.0,117.0,114.5,114.5
6881,潤德,223236,212.0,212.0,212.0,212.0
6884,海柏特,78801,30.5,30.5,30.5,30.5
6894,衛司特,21288075,355.0,361.5,355.0,355.0
6895,宏碩系統,2736027,145.5,145.5,143.0,144.0
6899,創為精密,686000,49.3,49.6,48.7,49.6
6903,巨漢,45411756,298.0,305.5,297.5,297.5
6904,伯鑫,2684,,,,
6907,雅特力-KY,110063609,182.0,183.0,178.5,179.0
6910,德鴻,280850,25.15,25.2,25.0,25.05
6913,鴻呈,35366830,127.0,130.0,127.0,128.5
6922,宸曜,14935377,185.0,191.0,185.0,188.0
6925,意藍,13901885,57.5,61.8,56.6,56.7
6929,佑全,91350,22.0,22.0,21.35,21.35
6945,圓祥生技,223827778,119.5,130.0,118.0,124.0
6953,家碩,4446838,227.5,233.0,227.5,231.5
6961,旅天下,1939797,48.4,48.4,48.0,48.25
6967,汎瑋材料,4585390,66.5,66.6,65.5,66.0
6968,萬達寵物,5003875,41.5,41.6,41.25,41.5
6971,惠民實業,790702,24.5,24.5,24.4,24.4
6982,大井泵浦,489024,44.95,44.95,44.0,44.4
6983,華洋精機,4341267,351.0,352.0,346.0,350.0
6986,和迅,1502578,40.25,40.4,40.2,40.4
6996,力領科技,2977046,170.0,171.5,170.0,170.0
6997,博弘,136569,69.3,69.3,67.0,67.0
700019,宏捷科統一5C購01,0,,,,
700020,佳邦統一5C購01,0,,,,
700021,長佳智統一5C購02,0,,,,
700022,華星光統一5C購01,88010,3.2,3.45,3.2,3.44
700023,新應材統一5B購02,3440,0.02,0.03,0.02,0.02
700024,新應材統一64購02,6840,0.21,0.21,0.2,0.21
700025,雙鴻統一5B購01,16680,0.98,0.98,0.86,0.86
700028,雙鴻中信59購01,20470,0.95,1.19,0.95,1.19
700043,新應材永豐59購01,0,,,,
700047,宏捷科凱基59購01,0,,,,
700065,系統電統一5A購01,0,,,,
700074,驊訊元富5A購01,0,,,,
700079,華義永豐5A購01,0,,,,
700086,博智群益5A購01,0,,,,
700103,中光電元大5A購01,0,,,,
700113,雙鴻元大5A購01,115900,2.23,2.23,2.2,2.2
700126,威剛國票61購01,0,,,,
700155,中光電元大5A購02,0,,,,
700173,雙鴻元大5A購02,129600,3.24,3.24,3.24,3.24
700176,中光電群益5A購01,0,,,,
700186,中光電統一6A購01,700,0.07,0.07,0.07,0.07
700188,中美晶統一5A購02,101500,1.45,1.45,1.45,1.45
700189,協易機統一5A購01,0,,,,
700190,昇達科統一65購01,15800,3.9,4.1,3.9,4.1
700191,朋程統一5A購01,0,,,,
700192,朋程統一6A購01,1550,0.31,0.31,0.31,0.31
700193,東洋統一61購01,0,,,,
700194,長聖統一61購01,680,0.17,0.17,0.17,0.17
700195,家登統一5A購01,24020,1.01,1.12,1.01,1.1
700196,振曜統一5A購01,0,,,,
700197,晶宏統一5A購01,0,,,,
700198,智冠統一5C購01,360,0.12,0.12,0.12,0.12
700199,華景電統一61購01,0,,,,
700201,萬潤統一6A購01,34300,3.12,3.12,3.11,3.11
700202,鈺太統一5A購01,0,,,,
700203,聰泰統一5A購01,0,,,,
700204,雙鴻統一5A購01,281650,1.25,1.25,0.96,1.0
700205,雙鴻統一61購01,358890,0.75,0.89,0.75,0.78
700206,雙鴻統一61購02,49650,0.77,0.77,0.64,0.64
700207,雙鴻統一6A購01,451490,0.97,1.05,0.9,0.96
700208,騰雲統一6A購01,14760,1.23,1.23,1.23,1.23
700231,旺矽元大5A購01,0,,,,
700257,大世科統一6A購01,0,,,,
700258,大綜統一6A購01,26700,0.59,0.62,0.59,0.62
700259,光焱統一5A購02,0,,,,
700260,同致統一5A購01,0,,,,
700261,宜鼎統一6A購01,65600,4.1,4.1,4.1,4.1
700262,尚凡*統一6A購01,0,,,,
700263,旺矽統一6A購01,119840,3.75,4.0,3.69,3.69
700264,長聖統一6A購01,5600,0.28,0.28,0.28,0.28
700267,建榮統一6A購01,4900,0.98,0.98,0.98,0.98
700269,昱展統一6A購01,0,,,,
700270,創惟統一5A購01,0,,,,
700271,新鉅科統一6A購01,0,,,,
700273,優群統一6A購01,0,,,,
700274,鴻呈統一5A購01,0,,,,
700275,雙鴻統一6A購02,57420,1.12,1.12,1.1,1.11
700276,鏵友益統一6A購01,0,,,,
700277,鑫聯統一5A購01,0,,,,
700279,良維國票5C購01,0,,,,
700300,雙鴻中信5A購01,0,,,,
700330,旺矽凱基5A購01,0,,,,
700342,大世科統一6A購02,0,,,,
700343,中光電統一6A購02,0,,,,
700344,尼克森統一5A購01,0,,,,
700345,立碁統一6A購01,49150,0.63,0.63,0.6,0.63
700346,良維統一6A購01,0,,,,
700347,尚凡*統一5A購01,0,,,,
700348,昱展統一6A購02,0,,,,
700350,茂達統一61購01,0,,,,
700351,竑騰統一5A購01,0,,,,
700352,新鉅科統一5A購01,0,,,,
700353,新鉅科統一6A購02,0,,,,
700354,聖暉*統一6A購01,84000,0.4,0.4,0.4,0.4
700355,撼訊統一6A購01,0,,,,
700356,擎亞統一6A購01,57760,1.52,1.52,1.52,1.52
700357,聰泰統一6A購01,560,0.28,0.28,0.28,0.28
700358,寶島科統一64購01,0,,,,
700359,鏵友益統一5A購01,0,,,,
700360,鑫聯統一5A購02,0,,,,
700385,中光電元富5A購01,0,,,,
700410,中光電統一5C購01,0,,,,
700412,旺矽統一6A購02,0,,,,
700413,金山電統一5C購01,0,,,,
700414,長聖統一6A購02,0,,,,
700415,建榮統一6A購02,4050,0.81,0.81,0.81,0.81
700416,高技統一5A購01,0,,,,
700417,聰泰統一6A購02,0,,,,
700451,臺慶科國票5A購01,0,,,,
700580,宜鼎兆豐5A購01,0,,,,
700594,原相元大5A購01,0,,,,
700638,原相元大5A購02,0,,,,
700670,中光電統一6A購03,700,0.07,0.07,0.07,0.07
700671,正德統一5A購01,0,,,,
700672,旺矽統一5A購01,20700,6.9,6.9,6.9,6.9
700673,信昌電統一6A購01,69250,7.1,7.1,6.75,6.75
700674,信昌電統一6A購02,0,,,,
700675,高技統一5A購02,1390,0.01,0.01,0.01,0.01
700676,高技統一6A購01,1600,0.16,0.16,0.16,0.16
700677,高技統一6A購02,0,,,,
700678,智通*統一6A購01,0,,,,
700679,智擎統一6A購01,0,,,,
700681,鈊象統一6A購01,3930,0.3,0.31,0.3,0.31
700682,萬潤統一6A購02,0,,,,
700683,雍智統一6A購01,13650,5.05,5.05,4.3,4.3
700684,雍智統一6A購02,4081950,5.0,5.8,5.0,5.8
700685,臺慶科統一5A購01,0,,,,
700686,臺慶科統一6A購01,0,,,,
700687,緯軟統一6A購01,7800,0.39,0.39,0.39,0.39
700688,營邦統一6A購01,100700,2.75,3.02,2.75,3.0
700689,聯合統一61購01,0,,,,
700706,中光電統一5A購01,0,,,,
700708,信立統一6A購01,15210,0.3,0.3,0.2,0.3
700709,神盾統一5C購02,0,,,,
700710,智通*統一6A購02,0,,,,
700711,華星光統一6A購01,7500,3.75,3.75,3.75,3.75
700712,聖暉*統一6A購02,3500,0.35,0.35,0.35,0.35
700717,宜鼎元大5A購01,0,,,,
700737,鴻呈國票59購01,0,,,,
700742,聖暉*永豐5A購01,0,,,,
700746,雙鴻中信5A購02,0,,,,
700754,台半統一5C購02,0,,,,
700755,宜鼎統一6A購02,0,,,,
700756,威剛統一5C購03,9200,2.3,2.3,2.3,2.3
700757,竑騰統一5C購01,0,,,,
700758,穩得統一5C購01,0,,,,
700786,威剛永豐5A購01,0,,,,
700810,山富統一5C購01,0,,,,
700811,光頡統一5C購01,2920,2.92,2.92,2.92,2.92
700812,信昌電統一5C購01,0,,,,
700827,信立永豐5A購01,0,,,,
700828,威剛永豐64購01,0,,,,
700830,中美晶元大5A購01,2080,1.04,1.04,1.04,1.04
700843,世界統一5C購01,6300,0.63,0.63,0.63,0.63
700844,立敦統一5C購01,0,,,,
700845,臺慶科統一5C購01,0,,,,
700850,臺慶科國票5C購01,565140,1.11,1.12,1.11,1.11
700857,良維元大5A購01,0,,,,
700875,良維元大5A購02,0,,,,
700898,力旺統一5A購01,0,,,,
700899,力旺統一6A購01,303770,0.74,0.75,0.66,0.68
700900,台半統一5C購03,0,,,,
700901,尼克森統一5C購01,0,,,,
700902,光頡統一5A購01,0,,,,
700904,波若威統一6A購01,204300,3.88,3.89,3.44,3.44
700920,波若威永豐5A購01,0,,,,
700929,蜜望實國票5A購01,0,,,,
700938,中美晶兆豐5A購01,0,,,,
700955,撼訊元大5A購01,0,,,,
700983,威剛兆豐5A購01,0,,,,
701010,雙鴻元富5A購01,0,,,,
701037,威剛永豐5C購01,0,,,,
701064,元債20群益61購01,0,,,,
701095,擎亞元大5A購01,0,,,,
701097,營邦元大5A購01,0,,,,
701130,元債20元大5B購01,0,,,,
701131,元債20元大61購01,200,0.02,0.02,0.02,0.02
701153,雙鴻群益5A購01,0,,,,
701200,雙鴻元大5A購03,0,,,,
701211,威剛凱基5B購01,0,,,,
701227,雙鴻元大5A購04,0,,,,
701253,穩懋國票5B購01,0,,,,
701273,撼訊凱基5B購01,0,,,,
701279,雙鴻國票5B購01,85540,0.66,0.75,0.5,0.55
701287,威剛元大5B購01,0,,,,
701288,訊聯元大5B購01,0,,,,
701294,新應材元大5B購01,340,0.02,0.02,0.02,0.02
701311,雙鴻群益5B購01,7000,0.7,0.7,0.7,0.7
701374,台燿元大5B購01,88800,7.8,7.8,6.75,6.75
701379,威剛元大5B購02,0,,,,
701381,新應材元大5B購02,10,0.01,0.01,0.01,0.01
701388,中光電凱基5A購01,1000,0.01,0.01,0.01,0.01
701400,台燿元大5B購02,0,,,,
701403,神盾元大5B購01,0,,,,
701422,中光電兆豐5B購01,0,,,,
701430,台燿統一5B購01,0,,,,
701431,台燿統一5B購02,16000,8.0,8.0,8.0,8.0
701432,正基統一5C購01,0,,,,
701434,良維統一6B購01,165810,0.8,0.82,0.79,0.8
701437,威剛統一5B購01,0,,,,
701438,威剛統一6B購01,8260,2.07,2.07,2.06,2.06
701440,華星光統一5B購04,0,,,,
701441,華星光統一61購04,0,,,,
701442,雙鴻統一6B購01,403010,0.49,0.53,0.49,0.5
701460,神盾凱基5B購01,270,0.09,0.09,0.09,0.09
701471,台燿統一65購01,0,,,,
701472,雙鴻統一61購03,4740,0.47,0.98,0.47,0.98
701473,穩懋統一5B購01,0,,,,
701474,穩懋統一6B購01,0,,,,
701479,威剛元大5A購02,0,,,,
701484,擎亞元大5B購01,0,,,,
701500,雙鴻中信5B購01,190,0.19,0.19,0.19,0.19
701511,新應材凱基5B購01,0,,,,
701524,雙鴻群益5A購02,0,,,,
701571,擎亞元大5B購02,64840,0.84,0.84,0.8,0.8
701592,竹陞統一6B購01,97000,0.97,0.97,0.97,0.97
701593,竹陞統一6B購02,185510,0.88,0.89,0.85,0.88
701594,海韻電統一61購01,0,,,,
701614,信立元大5B購01,0,,,,
701615,威剛元大5B購03,0,,,,
701623,元太統一5B購01,10190,0.02,0.02,0.01,0.02
701624,竹陞統一5C購03,0,,,,
701625,竹陞統一6B購03,33900,0.9,0.9,0.83,0.83
701626,東捷統一5C購01,0,,,,
701650,台燿元大5B購03,0,,,,
701658,信昌電統一5C購02,33600,5.6,5.6,5.6,5.6
701667,雙鴻群益5B購02,9020,0.76,0.76,0.66,0.66
701680,宜鼎兆豐5B購01,0,,,,
701692,台燿統一6B購01,3630,3.63,3.63,3.63,3.63
701693,系統電統一5C購01,0,,,,
701694,系統電統一6B購01,0,,,,
701695,系統電統一6B購02,0,,,,
701696,宜鼎統一5A購01,0,,,,
701697,宜鼎統一5C購04,0,,,,
701698,宜鼎統一6B購01,33480,2.1,2.1,2.07,2.07
701699,訊聯統一6B購01,2700,0.15,0.16,0.15,0.15
701720,系統電永豐5A購01,0,,,,
701762,信昌電國票5B購01,0,,,,
701788,訊聯永豐5B購01,140,0.07,0.07,0.07,0.07
701803,威剛富邦59購01,0,,,,
701804,巨有統一6B購01,118180,1.2,1.2,0.88,0.95
701805,濱川統一65購01,0,,,,
701806,濱川統一6B購01,6500,0.32,0.33,0.32,0.33
701807,濱川統一6B購02,0,,,,
701808,濱川統一6B購03,14400,0.36,0.36,0.36,0.36
701822,訊聯元大5B購02,0,,,,
701828,威剛兆豐5B購01,0,,,,
701853,巨有統一6B購02,118590,1.49,1.53,1.3,1.3
701854,弘塑中信5B購01,0,,,,
701855,威剛中信5B購01,0,,,,
701878,神盾元大59購01,0,,,,
701908,信立凱基5B購01,0,,,,
701919,信驊元富5B購01,0,,,,
701971,臺慶科凱基59購01,4950,0.99,0.99,0.99,0.99
702018,台燿凱基5B購02,0,,,,
702028,昇達科中信5A購01,0,,,,
702047,信立元大59購01,0,,,,
702060,IET中信59購01,0,,,,
702125,旺矽元大5B購01,0,,,,
702133,良維凱基5B購01,0,,,,
702161,精測中信5A購01,0,,,,
702170,昇達科元富5C購01,0,,,,
702194,博智凱基5A購01,0,,,,
702216,穩懋中信5A購01,0,,,,
702222,立碁元大5A購01,200,0.1,0.1,0.1,0.1
702223,訊聯元大5A購01,0,,,,
702228,穩懋元大5C購01,0,,,,
702252,弘塑中信5C購01,0,,,,
702281,精測元大5C購01,6890,1.78,1.78,1.68,1.68
702283,穩懋元大5B購01,0,,,,
702284,穩懋元大5C購02,0,,,,
702287,威剛凱基5B購02,0,,,,
702300,順達元大5B購01,0,,,,
702304,穩懋元大5B購02,0,,,,
702311,雙鴻中信5C購01,0,,,,
702312,穩懋中信5A購02,0,,,,
702331,昇達科群益5C購01,0,,,,
702352,華電網國票5C購01,0,,,,
702363,順達元大5A購01,0,,,,
702364,順達元大5B購02,0,,,,
702373,光焱永豐5C購01,0,,,,
702375,訊聯永豐5C購01,0,,,,
702386,訊聯凱基5C購01,0,,,,
702413,順達元大5A購02,0,,,,
702415,雍智元大5C購01,9600,9.6,9.6,9.6,9.6
702441,高技元富5C購01,0,,,,
702451,新應材富邦5C購01,0,,,,
702459,擎亞元大5A購02,0,,,,
702467,順達凱基5B購01,162740,2.74,2.84,2.4,2.4
702490,台燿富邦5C購01,0,,,,
702526,昇達科國票5A購01,0,,,,
702553,穩懋元大5A購01,0,,,,
702560,昇達科中信5C購01,224010,4.6,4.68,4.31,4.68
702576,富喬凱基5A購01,1200,1.2,1.2,1.2,1.2
702578,新應材凱基5B購02,0,,,,
702592,富喬國票5C購01,99530,3.0,3.0,2.63,2.73
702593,富喬國票62購01,86870,3.02,3.02,2.66,2.66
702605,系統電元大5C購01,0,,,,
702611,高技元大5C購01,0,,,,
702627,富喬富邦5C購01,29690,1.48,1.48,1.39,1.39
702639,IET中信5C購01,8350,8.35,8.35,8.35,8.35
702641,富喬中信5C購01,0,,,,
702642,穩懋中信5C購01,0,,,,
702667,系統電元大5B購01,0,,,,
702695,穩懋凱基5A購01,80000,16.0,16.0,16.0,16.0
702712,良維中信5B購01,0,,,,
702719,系統電元大5C購02,400,0.02,0.02,0.02,0.02
702752,台特化統一6C購01,1300,0.26,0.26,0.26,0.26
702753,精測統一66購01,0,,,,
702775,訊聯永豐5C購02,0,,,,
702776,新應材永豐5C購01,14000,0.46,0.52,0.46,0.52
702786,威剛中信5C購01,0,,,,
702808,高技元大5A購01,0,,,,
702811,聖暉*元大5A購01,0,,,,
702828,勤凱統一5C購01,0,,,,
702829,勤凱統一6C購01,106800,0.89,0.89,0.89,0.89
702830,擎亞統一6C購01,0,,,,
702831,宜鼎元富5C購01,0,,,,
702833,高技元富5C購02,1300,0.13,0.13,0.13,0.13
702878,櫃200群益5B購01,0,,,,
702884,家登元大5C購01,0,,,,
702885,高技元大5A購02,0,,,,
702886,高技元大5B購01,2970,0.11,0.11,0.11,0.11
702912,元太元大59購01,0,,,,
702919,高技元大5B購02,0,,,,
702943,力旺元富59購02,0,,,,
702951,新應材永豐5C購02,13400,1.34,1.34,1.34,1.34
702953,力旺中信5C購01,0,,,,
702966,元債20凱基5C購01,0,,,,
702968,系微凱基59購01,0,,,,
702969,宜鼎凱基5C購01,0,,,,
702980,訊聯統一6C購01,0,,,,
702987,穩懋元大5C購03,0,,,,
702990,華景電元富5C購01,0,,,,
702993,宜鼎中信5A購02,0,,,,
703002,新應材永豐5C購03,33840,0.47,0.47,0.47,0.47
703004,鑫科永豐5C購01,0,,,,
703011,宜特國票5A購01,0,,,,
703030,金益鼎凱基5A購01,0,,,,
703036,元太群益5B購01,0,,,,
703043,高技中信5C購01,0,,,,
703045,雙鴻中信5C購02,509120,1.74,1.83,1.74,1.77
703048,順達永豐5A購01,0,,,,
703049,順達永豐5C購01,42300,2.14,2.14,2.09,2.09
703051,穩得永豐5A購01,0,,,,
703062,元太凱基5B購01,0,,,,
703075,台特化元大5A購01,0,,,,
703093,順達中信5B購01,0,,,,
703102,穩懋永豐5C購01,13600,13.6,13.6,13.6,13.6
703112,雙鴻凱基59購04,2740,2.74,2.74,2.74,2.74
703113,雙鴻凱基5A購01,0,,,,
703117,新復興國票59購01,0,,,,
703125,台特化元大5A購02,0,,,,
703132,聖暉*元大5C購01,140840,1.01,1.04,1.01,1.04
703135,金山電統一5C購02,15500,1.55,1.55,1.55,1.55
703136,博智統一5C購01,0,,,,
703137,璟德統一5C購01,0,,,,
703144,穩懋中信5C購02,0,,,,
703145,千附精永豐59購01,0,,,,
703149,中光電群益5A購02,0,,,,
703153,弘塑群益59購01,6480,2.16,2.16,2.16,2.16
703171,宜鼎元大5C購03,0,,,,
703178,台星科國票59購01,0,,,,
703181,元太凱基59購01,0,,,,
703210,威剛群益5A購01,0,,,,
703217,欣銓中信59購01,0,,,,
703224,新應材永豐59購02,0,,,,
703229,台特化凱基5A購01,0,,,,
703260,雙鴻中信5C購03,0,,,,
703266,雙鴻永豐59購01,0,,,,
703271,湧德統一5C購02,0,,,,
703295,信驊群益5B購02,0,,,,
703296,威剛群益5B購01,0,,,,
703308,家登元大5B購01,0,,,,
703315,欣銓元富5A購01,0,,,,
703320,鈊象中信61購01,0,,,,
703324,金益鼎永豐5A購01,0,,,,
703330,廣明永豐5A購01,0,,,,
703339,台燿富邦61購01,0,,,,
703340,信驊富邦5A購01,0,,,,
703341,新應材富邦61購01,6900,0.08,0.18,0.08,0.17
703353,富喬凱基5A購02,5880,0.49,0.49,0.49,0.49
703354,富喬凱基5B購01,18000,0.6,0.6,0.6,0.6
703355,富喬凱基61購01,0,,,,
703371,富喬國票5B購01,121030,1.0,1.0,0.67,0.7
703372,富喬國票61購01,144040,2.27,2.27,1.86,1.86
703380,富喬群益5B購01,430,0.43,0.43,0.43,0.43
703386,富喬富邦5A購01,6150,0.15,0.15,0.15,0.15
703389,富喬統一65購01,1753810,0.53,0.54,0.46,0.47
703390,撼訊統一65購01,0,,,,
703395,信驊元富5A購01,0,,,,
703396,信驊元富5A購02,0,,,,
703399,順達元富61購01,0,,,,
703400,信驊中信61購01,0,,,,
703401,富喬中信61購01,27780,0.45,0.45,0.37,0.37
703407,富喬永豐5A購01,1100,0.11,0.11,0.11,0.11
703418,富喬元大5B購01,0,,,,
703419,富喬元大5C購01,0,,,,
703420,富喬元大61購02,45100,0.8,0.8,0.75,0.75
703443,安碁元富61購01,542340,1.45,1.45,1.26,1.43
703459,鏵友益永豐5B購01,0,,,,
703463,台特化統一62購01,4500,0.1,0.1,0.1,0.1
703464,台特化統一63購01,0,,,,
703465,台特化統一71購01,64800,0.27,0.27,0.27,0.27
703466,台燿統一5C購03,0,,,,
703467,台燿統一61購02,0,,,,
703468,宏捷科統一71購01,13960,0.42,0.42,0.4,0.4
703469,欣銓統一5A購01,36040,3.26,3.29,3.26,3.29
703470,欣銓統一5C購01,35900,2.3,2.44,2.3,2.44
703471,欣銓統一61購01,0,,,,
703472,欣銓統一65購01,11440,1.31,1.46,1.31,1.46
703473,欣銓統一6C購01,22600,1.52,1.52,1.5,1.5
703474,金益鼎統一65購01,0,,,,
703475,茂迪統一65購01,0,,,,
703476,神盾統一61購01,0,,,,
703477,雙鴻統一61購04,23400,0.59,0.63,0.58,0.63
703478,穩得統一65購01,0,,,,
703479,穩懋統一5B購02,0,,,,
703480,穩懋統一5C購01,0,,,,
703481,穩懋統一5C購02,9120,4.56,4.56,4.56,4.56
703482,穩懋統一5C購03,0,,,,
703483,穩懋統一6C購01,88000,3.0,3.0,2.8,2.8
703515,雍智兆豐61購01,7300800,13.3,13.3,13.0,13.1
703520,宜鼎富邦5A購01,0,,,,
703528,系統電元大5A購01,0,,,,
703535,欣銓元大5A購01,11850,3.95,3.95,3.95,3.95
703581,臺慶科凱基5C購01,285010,1.46,1.52,1.38,1.38
703589,佶優元富5A購01,0,,,,
703604,欣銓國票61購01,0,,,,
703616,矽科統一6C購01,0,,,,
703617,金益鼎統一6C購01,0,,,,
703618,長科*統一64購01,5700,1.14,1.14,1.14,1.14
703619,家登統一6C購01,212540,0.81,0.83,0.81,0.83
703620,捷創統一61購01,0,,,,
703632,穩懋凱基5C購01,13000,13.0,13.0,13.0,13.0
703639,台特化國票5A購01,0,,,,
703643,新應材國票5A購01,0,,,,
703648,宜鼎元大5A購02,0,,,,
703651,家登元大5C購02,67970,1.47,1.6,1.45,1.45
703652,湧德元大61購01,129500,0.37,0.37,0.37,0.37
703654,勤凱元大61購01,0,,,,
703660,聖暉*元大5C購02,269580,0.8,0.82,0.8,0.82
703661,雍智元大61購01,9900,9.9,9.9,9.9,9.9
703665,家登凱基5C購01,12400,1.24,1.24,1.24,1.24
703682,家登元大5C購03,106140,1.22,1.22,1.22,1.22
703684,聖暉*元大5A購02,0,,,,
703713,訊聯凱基5B購01,0,,,,
703725,宜鼎元大5B購01,0,,,,
703728,順達元大5A購03,0,,,,
703729,聖暉*元大5A購03,0,,,,
703740,精材群益5A購01,0,,,,
703745,加百裕永豐5A購01,0,,,,
703771,系統電凱基5C購01,0,,,,
703773,新復興凱基5A購01,0,,,,
703785,世界國票61購01,123460,2.46,2.84,2.46,2.84
703813,聖暉*元大5A購04,0,,,,
703823,弘塑永豐5A購01,2160,0.36,0.36,0.36,0.36
703829,世界富邦5A購01,0,,,,
703837,系統電元大5B購02,0,,,,
703838,順達元大5A購04,0,,,,
703839,聖暉*元大5B購01,7250,1.45,1.45,1.45,1.45
703842,世界凱基61購01,112530,4.21,4.9,4.21,4.85
703860,世界統一61購01,15610,0.86,0.87,0.86,0.87
703861,世界統一71購01,90350,0.85,0.87,0.8,0.8
703862,巨漢統一61購01,0,,,,
703863,弘塑統一61購01,40200,0.81,0.81,0.8,0.8
703864,光頡統一61購01,4360,2.18,2.18,2.18,2.18
703865,光頡統一71購01,272050,1.97,1.97,1.84,1.84
703866,均豪統一61購02,4690,0.49,0.49,0.42,0.42
703867,金山電統一64購01,0,,,,
703868,捷創統一61購02,0,,,,
703869,捷創統一71購01,7250,0.29,0.29,0.29,0.29
703870,富強鑫統一61購01,0,,,,
703871,富強鑫統一71購01,0,,,,
703872,富強鑫統一71購02,0,,,,
703873,崴寶統一71購01,331520,1.1,1.14,1.1,1.14
703874,鉅橡統一61購01,0,,,,
703875,鉅橡統一61購02,0,,,,
703876,鉅橡統一61購03,0,,,,
703877,鉅橡統一71購01,0,,,,
703878,精材統一71購01,5100,2.55,2.55,2.55,2.55
703879,臺慶科統一71購01,0,,,,
703880,穩懋統一61購02,6880,3.44,3.44,3.44,3.44
703881,穩懋統一61購03,0,,,,
703882,穩懋統一71購01,2230,2.23,2.23,2.23,2.23
703886,精材群益5C購01,0,,,,
703887,耀勝群益5A購01,0,,,,
703895,穩懋國票5A購02,0,,,,
703902,中美晶永豐5A購01,0,,,,
703906,鉅橡永豐5A購01,0,,,,
703914,聖暉*凱基61購01,0,,,,
703917,耀勝凱基5A購01,0,,,,
703923,創惟國票61購01,0,,,,
703942,聖暉*元大5B購02,109270,1.5,1.55,1.38,1.38
703950,雙鴻群益5A購03,0,,,,
703954,世界永豐5A購01,227980,1.02,1.37,1.02,1.2
703960,雙鴻永豐5A購01,3050,3.05,3.05,3.05,3.05
703961,久元統一61購01,0,,,,
703962,中美晶統一61購01,0,,,,
703963,中探針統一71購01,4070,4.07,4.07,4.07,4.07
703964,世禾統一65購01,0,,,,
703965,世界統一5B購01,0,,,,
703966,台半統一71購01,115490,1.35,1.35,1.32,1.32
703967,台半統一71購02,56740,0.98,0.99,0.94,0.94
703968,台星科統一71購01,32800,0.82,0.82,0.82,0.82
703969,弘塑統一61購02,312840,0.96,1.03,0.96,0.97
703970,弘塑統一61購03,171670,1.27,1.27,1.16,1.16
703971,光頡統一61購02,0,,,,
703972,合晶統一5C購03,0,,,,
703973,均華統一5C購03,0,,,,
703974,長科*統一64購02,0,,,,
703975,佶優統一71購01,0,,,,
703976,信昌電統一61購01,0,,,,
703977,捷創統一71購02,0,,,,
703978,富強鑫統一61購02,3600,0.1,0.2,0.1,0.2
703979,順達統一5C購05,286440,0.66,0.66,0.66,0.66
703980,順達統一61購01,0,,,,
703981,萬潤統一61購01,0,,,,
703982,鉅橡統一64購01,39600,0.36,0.36,0.36,0.36
703983,精材統一61購01,312040,4.27,4.28,4.24,4.24
703984,廣明統一61購01,100,0.01,0.01,0.01,0.01
703985,穩懋統一63購01,0,,,,
703989,穩懋元富5A購01,0,,,,
703991,元債20凱基71購01,670,0.67,0.67,0.67,0.67
704009,中探針統一61購01,0,,,,
704010,中探針統一61購02,0,,,,
704011,元太統一61購01,1000,0.1,0.1,0.1,0.1
704012,世禾統一71購01,32640,0.32,0.32,0.32,0.32
704013,台半統一61購01,0,,,,
704014,台星科統一61購01,0,,,,
704015,台燿統一71購01,0,,,,
704016,巨漢統一61購02,0,,,,
704017,巨漢統一71購01,0,,,,
704018,光頡統一61購03,1900,1.9,1.9,1.9,1.9
704019,均華統一61購01,0,,,,
704020,宏捷科統一61購02,420,0.21,0.21,0.21,0.21
704021,矽科統一61購01,130,0.13,0.13,0.13,0.13
704022,金山電統一61購01,8050,1.61,1.61,1.61,1.61
704023,金益鼎統一61購01,0,,,,
704024,佶優統一61購01,0,,,,
704025,創惟統一61購01,680,0.17,0.17,0.17,0.17
704026,精材統一61購02,0,,,,
704027,穩懋統一61購04,0,,,,
704028,穩懋統一65購01,10830,2.7,2.72,2.69,2.69
704029,穩懋統一71購02,12450,2.49,2.49,2.49,2.49
704030,耀勝統一71購01,0,,,,
704038,湧德元大5A購01,0,,,,
704041,聖暉*元大5C購03,576060,0.71,0.73,0.71,0.73
704046,台星科群益5A購01,36690,0.47,0.52,0.47,0.52
704051,信驊群益61購01,0,,,,
704053,聖暉*群益5A購01,0,,,,
704058,信驊元富5A購03,0,,,,
704080,世禾富邦5C購01,0,,,,
704082,群翊富邦5A購01,1260,0.21,0.21,0.21,0.21
704084,中探針統一67購01,0,,,,
704085,世界統一61購02,0,,,,
704086,世界統一64購01,3660,0.72,0.78,0.72,0.78
704087,世紀*統一71購01,145700,1.05,1.13,1.04,1.13
704088,世紀*統一71購02,37620,1.14,1.14,1.14,1.14
704089,台半統一61購02,45480,1.0,1.0,0.98,0.98
704090,台半統一71購03,46020,1.18,1.18,1.18,1.18
704091,巨漢統一71購02,141120,0.63,0.63,0.63,0.63
704092,光頡統一64購01,18440,1.31,1.33,1.31,1.33
704093,系統電統一71購01,5200,0.26,0.26,0.26,0.26
704094,佳邦統一71購01,41500,0.29,0.29,0.28,0.28
704095,矽科統一71購01,35740,0.34,0.36,0.34,0.36
704096,金山電統一71購01,97650,1.16,1.16,1.07,1.07
704097,金益鼎統一71購01,0,,,,
704099,信昌電統一64購01,0,,,,
704100,信昌電統一71購01,17150,3.43,3.43,3.43,3.43
704101,家登統一61購02,40800,0.39,0.41,0.39,0.41
704102,能率亞統一61購01,0,,,,
704103,博智統一61購01,0,,,,
704104,湧德統一61購01,0,,,,
704105,精材統一5B購01,0,,,,
704106,精材統一64購01,0,,,,
704107,璟德統一65購01,180,0.18,0.18,0.18,0.18
704108,璟德統一71購01,0,,,,
704109,穩懋統一61購05,0,,,,
704110,鑫科統一71購01,0,,,,
704115,金益鼎國票61購01,0,,,,
704127,佳邦群益5A購01,0,,,,
704134,鑫科群益5A購01,0,,,,
704135,世禾元大5A購01,0,,,,
704141,訊聯元大61購01,0,,,,
704146,穩懋元大5B購03,0,,,,
704151,系統電凱基5A購01,0,,,,
704161,合晶兆豐59購01,4182000,10.2,10.2,10.2,10.2
704163,旺矽兆豐59購01,0,,,,
704170,世界元大5A購01,0,,,,
704176,勤凱元大5A購01,0,,,,
704180,鑫科元大5B購01,0,,,,
704189,旺矽元富5A購02,0,,,,
704191,家登元富5C購01,48400,1.56,1.72,1.56,1.72
704196,泓格永豐59購01,0,,,,
704202,鑫科永豐61購01,36000,0.36,0.36,0.36,0.36
704203,中美晶統一71購01,291690,1.04,1.09,1.02,1.03
704204,元太統一61購02,0,,,,
704205,世紀*統一61購01,1180810,0.72,0.8,0.61,0.72
704206,世紀*統一71購03,834520,0.66,0.66,0.58,0.63
704207,合晶統一71購01,62270,3.03,3.39,3.03,3.1
704208,沛亨統一61購01,0,,,,
704209,沛亨統一61購02,2910,2.91,2.91,2.91,2.91
704210,宜鼎統一61購02,0,,,,
704211,宜鼎統一63購01,1880,1.88,1.88,1.88,1.88
704212,旺矽統一61購02,0,,,,
704213,旺矽統一63購02,0,,,,
704214,旺矽統一71購01,0,,,,
704215,松瑞藥統一61購01,31820,0.37,0.37,0.37,0.37
704216,松瑞藥統一71購01,0,,,,
704217,信昌電統一61購03,102900,7.95,7.95,7.8,7.8
704218,信昌電統一71購02,385360,3.64,3.68,3.25,3.25
704219,家登統一61購03,15850,0.63,0.64,0.63,0.64
704220,家登統一71購01,151000,0.74,0.79,0.74,0.79
704221,高鋒統一61購01,11500,0.23,0.23,0.23,0.23
704222,高鋒統一71購01,35430,0.46,0.47,0.46,0.47
704223,湧德統一61購02,0,,,,
704224,新復興統一71購01,0,,,,
704225,廣運統一71購01,0,,,,
704236,世界元大59購01,0,,,,
704237,世界元大5A購02,76000,0.76,0.76,0.76,0.76
704244,富喬元大5A購01,0,,,,
704256,富喬永豐5B購01,56780,1.04,1.04,0.78,0.78
704257,富喬永豐5C購01,238680,1.11,1.11,0.89,0.9
704258,富喬永豐64購01,776600,1.83,1.83,1.51,1.51
704259,華容永豐5A購01,0,,,,
704260,聖暉*永豐61購01,67100,1.22,1.22,1.22,1.22
704261,世界兆豐59購02,181180,0.86,0.94,0.86,0.94
704262,宜鼎兆豐61購01,0,,,,
704268,點序群益59購01,0,,,,
704273,台星科富邦59購01,0,,,,
704274,合晶富邦59購01,0,,,,
704275,宜鼎富邦5C購01,0,,,,
704276,鈊象富邦59購01,0,,,,
704277,鈊象富邦5A購01,1800,0.09,0.09,0.09,0.09
704278,萬潤富邦59購02,0,,,,
704279,廣明富邦59購01,0,,,,
704280,世界統一71購02,51500,0.65,0.65,0.63,0.65
704281,台星科統一61購02,14400,0.36,0.36,0.36,0.36
704282,宜鼎統一71購01,20600,2.06,2.06,2.06,2.06
704283,東捷統一71購01,6750,2.29,2.29,2.23,2.23
704284,佶優統一71購02,0,,,,
704285,高鋒統一64購01,0,,,,
704286,高鋒統一67購01,0,,,,
704287,富喬統一61購01,7520,0.36,0.36,0.35,0.36
704288,富喬統一61購02,28500,0.57,0.57,0.57,0.57
704289,富喬統一61購03,0,,,,
704290,富喬統一61購04,52310,0.43,0.43,0.38,0.39
704291,富喬統一64購01,22000,0.55,0.55,0.55,0.55
704292,富喬統一65購02,5200,0.52,0.52,0.52,0.52
704293,富喬統一6C購01,0,,,,
704294,富喬統一71購01,121400,0.62,0.62,0.59,0.59
704295,富喬統一71購02,262600,0.52,0.52,0.52,0.52
704296,湧德統一71購01,0,,,,
704297,新復興統一71購02,0,,,,
704298,聖暉*統一67購01,384510,0.52,0.54,0.5,0.5
704308,鈊象兆豐59購01,0,,,,
704313,世界元大59購02,0,,,,
704315,系統電元大5B購03,0,,,,
704320,鈊象元大5A購01,1100,0.11,0.11,0.11,0.11
704321,勤凱元大61購02,10400,1.04,1.04,1.04,1.04
704322,聖暉*元大61購01,138580,2.39,2.46,2.39,2.46
704325,精測元大5B購01,3250,0.65,0.65,0.65,0.65
704339,精測群益59購02,0,,,,
704340,點序群益59購02,0,,,,
704341,力旺富邦59購01,0,,,,
704343,世界富邦5C購01,0,,,,
704344,捷創富邦59購01,0,,,,
704346,精測富邦59購01,0,,,,
704347,世界統一5C購02,11250,0.45,0.45,0.45,0.45
704348,合晶統一61購01,0,,,,
704349,東捷統一71購02,0,,,,
704350,佶優統一71購03,0,,,,
704351,精測統一61購01,104510,0.54,0.54,0.47,0.49
704352,精測統一61購02,0,,,,
704353,精測統一71購01,1450800,1.25,1.3,1.17,1.2
704358,竹陞永豐5A購01,57280,2.55,2.55,2.35,2.43
704359,宜鼎永豐59購02,262240,2.98,2.98,2.98,2.98
704361,華容永豐5C購01,0,,,,
704362,雷科永豐59購02,0,,,,
704365,精測永豐5A購01,146300,0.61,0.66,0.5,0.53
704367,點序永豐59購02,0,,,,
704368,點序永豐61購01,0,,,,
704370,世界國票5B購01,267060,0.62,0.79,0.62,0.75
704373,精測國票5A購01,72370,0.35,0.38,0.25,0.26
704374,精測國票5A購02,114600,0.44,0.44,0.32,0.33
704377,精測兆豐59購01,0,,,,
704379,中探針凱基59購01,0,,,,
704380,宜鼎凱基5B購01,22600,5.65,5.65,5.65,5.65
704381,鈊象凱基5A購01,0,,,,
704382,精測凱基5B購01,0,,,,
704388,中探針元大5B購01,0,,,,
704391,世界元大5B購01,0,,,,
704394,系統電元大61購01,0,,,,
704396,順達元大5A購05,103400,2.08,2.08,2.06,2.06
704400,宜鼎富邦61購01,0,,,,
704401,信昌電富邦5C購01,510000,10.2,10.2,10.2,10.2
704403,高鋒統一61購02,0,,,,
704404,精測統一5C購01,28160,0.44,0.44,0.44,0.44
704405,尼克森永豐59購01,0,,,,
704406,亞電永豐59購01,0,,,,
704409,精測永豐5A購02,9740,0.32,0.34,0.3,0.34
704416,創惟群益59購01,0,,,,
704418,精測群益59購03,0,,,,
704419,力旺元大5A購01,25000,2.5,2.5,2.5,2.5
704421,中美晶元大5C購01,0,,,,
704424,湧德元大61購02,0,,,,
704426,精材元大5B購01,0,,,,
704427,精材元大61購02,0,,,,
704430,大中凱基59購01,0,,,,
704448,新復興富邦59購01,0,,,,
704450,系統電元富59購01,0,,,,
704453,東捷永豐59購01,0,,,,
704481,中探針元大61購01,0,,,,
704482,元太元大61購01,0,,,,
704491,湧德元大5B購01,0,,,,
704492,鈊象元大5B購01,492080,0.4,0.42,0.4,0.42
704494,精材元大5A購01,0,,,,
704495,精材元大5B購02,453250,8.3,8.3,8.05,8.05
704496,精材元大61購03,0,,,,
704502,大中永豐59購01,0,,,,
704506,系統電永豐5C購01,0,,,,
704507,亞電永豐5B購01,788910,2.67,2.67,2.15,2.17
704511,萬泰科永豐59購01,0,,,,
704526,能率群益59購01,0,,,,
704529,擎亞群益59購01,0,,,,
704532,大中統一5C購01,0,,,,
704533,大中統一71購01,14100,1.41,1.41,1.41,1.41
704534,台半統一5C購04,0,,,,
704535,台燿統一66購01,0,,,,
704536,尼克森統一5B購01,0,,,,
704537,巨漢統一5C購01,0,,,,
704538,合晶統一61購02,82500,4.55,4.55,4.19,4.19
704539,竹陞統一64購01,0,,,,
704540,宏捷科統一61購03,0,,,,
704541,系統電統一64購01,0,,,,
704542,宜鼎統一5B購01,0,,,,
704543,宜鼎統一66購01,14200,1.42,1.42,1.42,1.42
704544,宜鼎統一71購02,13000,1.3,1.3,1.3,1.3
704545,東捷統一64購01,0,,,,
704546,長科*統一71購01,50700,0.74,0.74,0.71,0.71
704547,佶優統一61購02,0,,,,
704548,昱展統一61購01,0,,,,
704549,茂迪統一5B購01,0,,,,
704550,能率亞統一61購02,55940,0.49,0.49,0.46,0.46
704551,能率亞統一71購01,0,,,,
704552,順達統一63購01,0,,,,
704553,雍智統一71購01,5000,5.0,5.0,5.0,5.0
704556,力旺凱基5A購01,0,,,,
704560,系統電凱基5B購01,0,,,,
704566,天品永豐59購01,0,,,,
704567,萬泰科永豐5B購01,7740,2.58,2.58,2.58,2.58
704572,家登群益59購01,0,,,,
704578,元太元大61購02,270,0.27,0.27,0.27,0.27
704579,合晶元大5A購01,0,,,,
704584,精材元大5A購02,997500,10.5,10.5,10.5,10.5
704590,能率亞統一63購01,0,,,,
704591,能率亞統一71購02,7120,0.79,0.8,0.79,0.79
704592,能率統一71購01,0,,,,
704605,系統電凱基5B購02,0,,,,
704607,原相凱基5A購01,0,,,,
704609,力旺群益59購01,0,,,,
704618,宜鼎群益59購01,0,,,,
704619,旺矽群益59購01,0,,,,
704620,博智群益5B購01,0,,,,
704628,中光電統一61購01,0,,,,
704629,智通*統一61購01,0,,,,
704636,博智永豐59購01,0,,,,
704637,智通*永豐59購01,0,,,,
704638,廣運永豐61購01,420,0.13,0.15,0.13,0.15
704649,宜鼎凱基59購03,0,,,,
704650,聖暉*凱基5B購01,50400,2.52,2.52,2.52,2.52
704653,台燿兆豐59購02,0,,,,
704665,鈊象元大5C購01,229920,0.36,0.42,0.36,0.42
704668,穩得元大5B購01,18880,0.59,0.59,0.59,0.59
704678,中光電永豐59購01,0,,,,
704679,中美晶永豐59購01,0,,,,
704683,擎亞永豐59購02,0,,,,
704685,穩懋永豐5A購02,78650,4.15,7.45,4.15,7.45
704686,世界兆豐5A購01,0,,,,
704687,M31凱基5A購01,0,,,,
704702,竹陞元大5A購01,0,,,,
704707,家登元大5A購01,0,,,,
704712,精材元大61購04,0,,,,
704715,M31永豐5A購01,0,,,,
704719,世界永豐5B購01,700,0.14,0.14,0.14,0.14
704721,台燿永豐5A購02,0,,,,
704725,家登永豐5B購01,38220,1.82,1.82,1.82,1.82
704728,精材永豐5A購01,0,,,,
704730,廣明永豐5A購02,0,,,,
704731,點序永豐5A購01,0,,,,
704733,鑫聯永豐5A購01,0,,,,
704736,印能凱基5A購01,0,,,,
704745,宜特國票5B購01,0,,,,
704750,系統電兆豐5A購01,0,,,,
704751,穩懋兆豐5A購01,0,,,,
704760,宜鼎元大5A購03,0,,,,
704766,精材元大61購05,0,,,,
704767,印能永豐5A購01,10700,5.35,5.35,5.35,5.35
704771,東浦永豐5A購01,0,,,,
704773,大樹群益62購01,1250,0.05,0.05,0.05,0.05
704775,博智群益62購01,0,,,,
704778,榮剛群益5A購01,0,,,,
704781,點序群益62購01,0,,,,
704786,信驊凱基5A購02,0,,,,
704789,雍智凱基5A購01,0,,,,
704793,擎亞永豐5A購02,220,0.22,0.22,0.22,0.22
704794,擎亞永豐5B購01,630,0.63,0.63,0.63,0.63
704807,宜鼎元大5A購04,0,,,,
704831,信驊國票5C購01,0,,,,
704839,擎亞國票5A購01,360,0.12,0.12,0.12,0.12
704841,台半富邦5B購01,1182850,1.24,1.24,1.15,1.15
704842,台星科富邦5B購01,185220,0.32,0.38,0.32,0.38
704843,合晶富邦5B購01,108000,10.8,10.8,10.8,10.8
704844,宜特富邦5A購01,0,,,,
704845,信驊富邦5B購01,0,,,,
704846,智通*富邦5A購01,0,,,,
704847,智通*富邦5B購01,0,,,,
704848,順達富邦5A購01,0,,,,
704849,廣明富邦5B購01,0,,,,
704850,廣運富邦5B購01,0,,,,
704852,雙鴻富邦5A購01,0,,,,
704858,東捷凱基5A購01,0,,,,
704880,榮剛富邦5A購01,0,,,,
704881,譜瑞兆豐62購01,45700,1.2,1.21,1.2,1.2
704893,青雲永豐5A購01,42300,14.1,14.1,14.1,14.1
704895,世界統一62購01,459700,0.48,0.59,0.48,0.55
704896,台星科統一62購01,23200,0.58,0.58,0.58,0.58
704897,台燿統一62購01,167140,4.46,4.46,3.66,3.72
704898,光頡統一5C購02,0,,,,
704899,長科*統一61購01,4200,0.84,0.84,0.84,0.84
704900,茂達統一62購01,31500,0.5,0.5,0.5,0.5
704901,茂達統一62購02,0,,,,
704902,訊聯統一72購01,0,,,,
704903,智通*統一68購01,196200,0.45,0.45,0.45,0.45
704904,新復興統一72購01,190,0.19,0.19,0.19,0.19
704905,穩懋統一72購01,2640,2.64,2.64,2.64,2.64
704906,穩懋統一72購02,0,,,,
704907,鑫聯統一62購01,0,,,,
704911,宜鼎凱基5A購02,17300,3.46,3.46,3.46,3.46
704915,穩懋凱基5B購02,0,,,,
704925,系統電元大62購01,0,,,,
704929,勤凱元大5A購02,0,,,,
704937,茂迪富邦61購01,30000,0.15,0.15,0.15,0.15
704941,印能國票5A購01,0,,,,
704944,印能統一65購01,0,,,,
704945,良維統一5C購01,0,,,,
704946,閎康統一72購01,0,,,,
704947,順達統一65購01,3960,0.66,0.66,0.66,0.66
704948,雙鴻統一5C購01,1740280,1.3,1.41,1.09,1.12
704949,雙鴻統一65購01,920,0.92,0.92,0.92,0.92
704950,耀勝統一5C購03,0,,,,
704951,鑫科統一72購01,0,,,,
704952,鑫聯統一72購01,35280,0.72,0.72,0.72,0.72
704953,鑫聯統一72購02,0,,,,
704954,系微兆豐62購01,518770,1.69,1.77,1.69,1.7
704957,雙鴻永豐5A購02,27900,1.55,1.55,1.55,1.55
704958,中探針群益5C購01,83200,7.6,7.6,7.2,7.2
704963,協易機群益5A購01,0,,,,
704966,訊聯群益5A購01,0,,,,
704968,精材群益5A購02,0,,,,
704983,雙鴻元富5A購02,12900,0.86,0.86,0.86,0.86
704984,雙鴻元富5A購03,0,,,,
704997,雙鴻元大5B購01,41100,1.37,1.37,1.37,1.37
704998,雙鴻元大61購02,19100,0.9,0.91,0.9,0.91
705002,世界富邦5C購02,1888850,0.69,0.86,0.69,0.79
705003,世界統一72購01,198040,0.77,0.85,0.77,0.82
705004,宏觀統一62購01,0,,,,
705005,茂迪統一72購01,0,,,,
705006,茂達統一61購02,0,,,,
705007,智通*統一62購01,21500,0.43,0.43,0.43,0.43
705008,湧德統一61購03,2000,0.2,0.2,0.2,0.2
705009,穩懋統一72購03,5260,2.63,2.63,2.63,2.63
705010,穩懋統一72購04,18040,2.31,2.31,2.13,2.13
705011,鑫聯統一61購01,0,,,,
705012,台燿永豐5C購01,0,,,,
705013,台燿永豐61購01,0,,,,
705014,宏捷科永豐5A購01,0,,,,
705023,雙鴻凱基5C購01,17520,2.19,2.19,2.19,2.19
705027,系統電群益5A購01,0,,,,
705028,宜特群益5A購01,0,,,,
705029,金山電群益5A購01,0,,,,
705031,訊聯群益5A購02,0,,,,
705034,精材群益5A購03,21800,21.8,21.8,21.8,21.8
705038,宏觀國票5C購01,0,,,,
705063,穩懋元大61購02,54580,2.43,2.6,2.3,2.4
705072,新應材凱基5A購01,0,,,,
705081,閎康群益5A購01,0,,,,
705083,精測群益5A購01,0,,,,
705084,精測群益62購03,653240,0.65,0.71,0.57,0.6
705087,世界富邦5C購03,0,,,,
705089,新應材富邦63購01,0,,,,
705090,精測富邦5A購01,3500,0.01,0.01,0.01,0.01
705091,正淩統一62購01,11020,0.38,0.38,0.38,0.38
705092,正淩統一65購01,0,,,,
705093,宏觀統一72購01,0,,,,
705094,宜特統一62購01,0,,,,
705095,新復興統一62購01,0,,,,
705096,精測統一62購01,135020,0.15,0.18,0.14,0.14
705097,精測統一64購02,0,,,,
705098,精測統一72購01,10870,0.97,1.17,0.97,1.17
705099,雙鴻統一62購03,2179550,0.75,0.8,0.63,0.69
705100,鑫科統一62購01,0,,,,
705101,世界中信5B購01,0,,,,
705103,弘塑元富5A購02,0,,,,
705108,精測元富5B購01,0,,,,
705109,精測元富5B購02,0,,,,
705110,精測元富5B購03,0,,,,
705111,系統電永豐61購01,0,,,,
705112,茂迪永豐5A購01,0,,,,
705114,新應材永豐61購01,0,,,,
705117,系統電凱基5A購02,0,,,,
705126,大中統一62購01,0,,,,
705127,宏觀統一72購02,0,,,,
705128,良維統一72購01,365130,1.3,1.39,1.28,1.28
705129,宜特統一72購01,0,,,,
705130,長科*統一72購01,109970,1.15,1.19,1.14,1.14
705131,茂迪統一61購01,240,0.12,0.12,0.12,0.12
705132,茂迪統一72購02,760,0.38,0.38,0.38,0.38
705133,博智統一62購01,0,,,,
705134,博智統一62購02,0,,,,
705135,穩懋統一72購05,2200,2.2,2.2,2.2,2.2
705136,鏵友益統一72購01,46980,0.84,0.84,0.82,0.82
705137,台燿中信5A購01,0,,,,
705138,良維中信5C購01,92860,1.86,2.02,1.86,2.02
705142,新應材永豐5B購01,0,,,,
705143,正淩國票5B購01,0,,,,
705161,雙鴻元大61購03,69600,2.32,2.32,2.32,2.32
705169,正淩凱基5B購01,0,,,,
705171,系統電凱基61購01,0,,,,
705173,宜鼎凱基59購04,83200,4.16,4.16,4.16,4.16
705175,崴寶凱基59購01,0,,,,
705179,雙鴻凱基5C購02,70350,1.32,1.51,1.26,1.26
705181,家登國泰59購01,0,,,,
705182,雙鴻國泰59購02,0,,,,
705183,雙鴻國泰59購03,0,,,,
705185,弘塑富邦59購03,0,,,,
705186,閎康富邦5A購01,4120,0.48,0.48,0.45,0.46
705188,元太統一62購01,8600,0.23,0.23,0.19,0.19
705190,弘塑統一72購01,42990,1.19,1.26,1.19,1.21
705191,正淩統一72購01,0,,,,
705192,沛亨統一72購01,16380,2.34,2.34,2.34,2.34
705193,宜鼎統一72購01,216620,1.3,1.3,1.24,1.24
705194,崴寶統一64購01,0,,,,
705195,崴寶統一72購01,296370,0.96,0.98,0.96,0.98
705196,雙鴻統一72購01,363910,1.1,1.15,1.02,1.02
705197,鑫聯統一65購01,0,,,,
705199,凡甲國票59購01,0,,,,
705201,加百裕國票59購01,0,,,,
705203,匯鑽科國票59購02,2800,0.01,0.01,0.01,0.01
705205,鑫聯國票59購03,0,,,,
705212,雙鴻元大5C購01,0,,,,
705213,雙鴻元大61購04,0,,,,
705214,神盾永豐5B購01,0,,,,
705215,崴寶永豐5B購01,0,,,,
705216,雙鴻永豐61購01,11040,1.38,1.38,1.38,1.38
705221,雙鴻元富5A購04,0,,,,
705222,雙鴻元富5A購05,4310,2.13,2.18,2.13,2.18
705223,雙鴻元富5A購06,229680,1.19,1.27,1.19,1.27
705224,穩懋元富5A購02,0,,,,
705225,穩懋元富5A購03,0,,,,
705235,力旺凱基5B購01,16030,2.36,4.68,2.36,4.6
705236,凡甲凱基59購01,0,,,,
705238,穩懋凱基61購01,33300,3.33,3.33,3.33,3.33
705241,力旺永豐59購01,0,,,,
705242,宸曜永豐59購01,0,,,,
705243,萬潤永豐62購01,227000,22.7,22.7,22.7,22.7
705246,力旺元富5A購01,0,,,,
705249,力旺國泰59購01,0,,,,
705250,凡甲國泰59購02,0,,,,
705251,中美晶國泰59購01,0,,,,
705252,神盾國泰59購01,310,0.01,0.01,0.01,0.01
705253,穩懋國泰59購01,0,,,,
705254,雙鴻富邦5A購02,285080,0.91,0.94,0.71,0.83
705255,雙鴻富邦5A購03,415180,1.14,1.23,0.94,1.05
705257,力旺統一65購01,19500,1.2,1.2,1.0,1.0
705258,力旺統一72購01,440370,1.14,1.22,1.12,1.13
705259,凡甲統一72購01,0,,,,
705260,凡甲統一72購02,0,,,,
705261,元太統一62購02,0,,,,
705262,元太統一72購01,4160,0.3,0.3,0.29,0.29
705263,弘塑統一72購02,0,,,,
705264,正淩統一72購02,0,,,,
705265,沛亨統一72購02,35300,1.82,1.82,1.71,1.71
705266,博智統一72購01,61140,1.29,1.29,1.21,1.21
705267,閎康統一72購02,0,,,,
705268,雙鴻統一62購04,12400,0.62,0.62,0.62,0.62
705269,穩懋統一65購02,17160,1.88,1.96,1.88,1.96
705272,世紀*國票59購02,4090,0.28,0.28,0.27,0.27
705273,穩懋國票59購02,216600,5.7,5.7,5.7,5.7
705276,力旺群益5A購01,0,,,,
705279,良維群益5C購01,19450,1.8,2.09,1.8,2.09
705284,力旺元大5A購03,86730,2.04,2.04,1.7,1.84
705289,鈊象元大5C購02,75210,1.09,1.09,1.09,1.09
705291,世紀*凱基59購01,25350,0.61,0.65,0.61,0.63
705292,宏觀凱基5B購01,20200,0.17,0.17,0.16,0.16
705300,鈊象凱基61購01,8000,1.6,1.6,1.6,1.6
705302,雙鴻凱基59購07,0,,,,
705303,台星科富邦5A購01,26460,0.82,0.98,0.82,0.98
705304,台燿富邦5C購02,0,,,,
705305,宏觀富邦5A購01,0,,,,
705306,良維富邦59購02,0,,,,
705307,富喬富邦5B購01,254160,0.58,0.59,0.45,0.45
705308,亞泰統一64購01,0,,,,
705309,亞泰統一72購01,117280,2.27,2.32,2.11,2.11
705310,博智統一72購02,98960,0.91,0.91,0.86,0.86
705311,富喬統一62購01,20200,0.5,0.52,0.5,0.5
705312,富喬統一62購02,385230,0.53,0.53,0.44,0.45
705313,精材統一65購01,7200,3.6,3.6,3.6,3.6
705314,精材統一72購01,5820,1.94,1.94,1.94,1.94
705315,鑫科統一72購02,1440,0.48,0.48,0.48,0.48
705316,沛亨國票59購02,45500,4.55,4.55,4.55,4.55
705318,宜鼎國票5A購01,0,,,,
705319,泰茂國票59購01,0,,,,
705320,泰茂國票59購02,0,,,,
705321,富強鑫國票59購01,0,,,,
705323,富喬國票59購02,0,,,,
705324,富喬國票5A購01,53460,1.0,1.0,0.85,0.86
705325,聚和國票59購01,4500,0.03,0.03,0.03,0.03
705326,寶雅國票59購01,643200,2.85,2.94,2.85,2.92
705330,富喬元大59購01,0,,,,
705331,富喬元大5B購02,0,,,,
705333,鈊象元大5C購03,77490,0.94,1.0,0.93,0.96
705337,穩懋元大61購04,0,,,,
705340,富喬群益59購01,1800,0.18,0.18,0.18,0.18
705341,富喬群益5A購01,0,,,,
705343,弘塑永豐5B購01,0,,,,
705346,富喬永豐5A購02,0,,,,
705347,富喬永豐61購01,427690,0.89,0.89,0.73,0.74
705348,富喬永豐65購01,276190,1.1,1.1,0.95,0.95
705349,雙鴻永豐5B購01,51500,1.03,1.03,1.03,1.03
705357,穩懋凱基61購02,12200,6.1,6.1,6.1,6.1
705358,良維兆豐5A購01,0,,,,
705360,中美晶元大5B購01,0,,,,
705365,雙鴻元大5B購02,69000,1.64,1.7,1.39,1.39
705366,雙鴻元大5C購02,0,,,,
705370,穩懋元大61購05,54310,1.54,1.63,1.47,1.48
705371,穩懋富邦59購04,0,,,,
705372,力致統一64購01,0,,,,
705373,凡甲統一61購01,3680,0.23,0.23,0.23,0.23
705374,元太統一72購02,0,,,,
705375,台燿統一62購02,0,,,,
705376,正基統一64購01,0,,,,
705377,兆利統一64購01,0,,,,
705378,宏捷科統一61購04,0,,,,
705379,沛亨統一68購01,0,,,,
705380,系統電統一5C購02,0,,,,
705381,系微統一64購01,10670,0.51,0.51,0.47,0.47
705382,亞泰統一72購02,0,,,,
705383,宜特統一65購01,0,,,,
705384,東捷統一72購01,0,,,,
705385,前鼎統一72購01,0,,,,
705386,茂達統一72購01,30960,0.76,0.76,0.74,0.74
705387,原相統一64購01,82240,0.32,0.32,0.32,0.32
705388,能率統一72購01,0,,,,
705389,富強鑫統一72購01,197260,0.62,0.72,0.6,0.72
705390,新漢統一64購02,0,,,,
705391,新漢統一72購01,0,,,,
705392,萬潤統一62購01,0,,,,
705393,鈺太統一64購01,0,,,,
705394,精材統一5C購02,0,,,,
705395,聚和統一64購01,4800,0.48,0.48,0.48,0.48
705396,廣明統一72購01,0,,,,
705397,穩得統一72購01,7700,0.77,0.77,0.77,0.77
705398,穩懋統一61購06,0,,,,
705399,穩懋統一62購01,49020,1.42,1.5,1.35,1.36
705400,穩懋統一62購02,28170,2.21,2.41,2.21,2.25
705401,穩懋統一62購03,83090,1.4,1.59,1.31,1.31
705402,耀勝統一64購01,6600,0.11,0.11,0.11,0.11
705403,耀勝統一72購01,0,,,,
705404,鑫科統一72購03,0,,,,
705405,正基國票59購01,0,,,,
705406,昱展國票59購02,0,,,,
705409,台星科永豐59購01,0,,,,
705410,沛亨永豐5B購01,0,,,,
705411,良維永豐59購01,0,,,,
705412,萬潤永豐59購01,0,,,,
705413,鉅橡永豐5A購02,0,,,,
705415,鑫科永豐59購01,0,,,,
705422,大中群益59購02,0,,,,
705425,翔名群益59購01,0,,,,
705426,勤凱群益5A購01,0,,,,
705428,萬潤群益59購01,0,,,,
705433,中美晶凱基5C購01,61600,4.38,4.38,3.97,3.97
705437,弘塑凱基5C購01,187720,4.3,4.72,4.3,4.49
705438,沛亨凱基5A購01,161800,5.0,5.0,4.12,4.12
705439,信驊凱基5A購03,0,,,,
705442,台特化兆豐5B購01,0,,,,
705443,新應材兆豐5B購01,1600,0.08,0.08,0.08,0.08
705444,良維國票62購01,65120,2.73,2.8,2.65,2.65
705445,東浦國票5A購01,0,,,,
705446,信驊國票62購01,20950,6.95,7.05,6.95,7.05
705447,博智國票5A購01,0,,,,
705448,萬潤國票5A購01,0,,,,
705449,鉅橡國票5B購01,0,,,,
705451,穩懋國票5A購03,77720,2.41,2.8,1.96,1.96
705452,世界國泰5A購01,55850,1.68,1.87,1.68,1.81
705453,宏捷科國泰5A購01,0,,,,
705455,世界群益5B購02,0,,,,
705457,宏捷科群益5A購01,0,,,,
705458,良維群益5B購01,0,,,,
705460,信驊群益5B購04,0,,,,
705461,湧德群益61購01,0,,,,
705462,順達群益5B購01,0,,,,
705475,雙鴻元大5C購03,1074580,1.95,2.09,1.88,2.0
705476,雙鴻元大61購05,0,,,,
705477,台特化統一63購02,0,,,,
705478,台特化統一73購01,0,,,,
705479,良維統一61購01,80020,1.07,1.14,1.07,1.14
705480,良維統一63購01,497290,0.81,0.87,0.81,0.87
705481,亞泰統一62購01,74350,5.1,5.4,4.19,5.4
705482,信昌電統一61購04,0,,,,
705483,新應材統一62購02,71400,0.13,0.14,0.13,0.14
705484,萬潤統一62購02,0,,,,
705485,萬潤統一73購01,0,,,,
705486,德微統一63購01,17930,1.64,1.64,1.54,1.54
705487,穩懋統一66購01,275330,1.23,1.34,1.23,1.32
705488,穩懋統一73購01,172600,1.71,1.75,1.71,1.75
705489,穩懋統一73購02,2067510,1.62,1.71,1.56,1.56
705491,世界永豐5A購02,0,,,,
705492,世界永豐5B購02,16550,3.31,3.31,3.31,3.31
705494,台特化永豐5B購01,0,,,,
705496,光頡永豐5A購01,0,,,,
705497,宜鼎永豐5A購02,0,,,,
705500,原相永豐5B購01,0,,,,
705502,萬潤永豐5B購01,0,,,,
705503,德微永豐5A購01,0,,,,
705504,雙鴻永豐5C購01,103500,2.07,2.07,2.07,2.07
705505,穩懋永豐5A購03,168380,1.5,1.5,1.28,1.35
705508,宜特元富5A購01,0,,,,
705509,信驊元富5A購04,0,,,,
705519,均華兆豐63購01,0,,,,
705520,宜鼎兆豐63購01,30800,3.08,3.08,3.08,3.08
705521,順達兆豐5B購01,59720,1.05,1.07,1.05,1.07
705522,雙鴻兆豐5B購01,0,,,,
705525,良維凱基5B購02,72680,0.92,0.92,0.92,0.92
705527,萬潤凱基5B購01,0,,,,
705534,雙鴻凱基5B購01,178420,0.88,0.99,0.75,0.75
705539,中探針元大5A購02,0,,,,
705544,萬潤元大5B購01,0,,,,
705548,雙鴻元大61購06,1590,0.53,0.53,0.53,0.53
705551,穩懋元大5A購03,27930,1.04,1.25,1.04,1.25
705552,穩懋元大5B購04,15600,1.09,1.22,1.09,1.13
705553,穩懋元大5C購04,19800,1.08,1.08,0.9,0.9
705554,宜鼎富邦5C購02,0,,,,
705555,中探針永豐5C購01,3100,3.1,3.1,3.1,3.1
705556,正基永豐5A購01,0,,,,
705557,茂迪永豐5C購01,300,0.03,0.03,0.03,0.03
705558,神盾永豐5C購01,0,,,,
705559,博智永豐5B購01,0,,,,
705560,萬潤永豐5C購01,0,,,,
705562,環球晶永豐5B購01,0,,,,
705564,雙鴻永豐5A購03,0,,,,
705565,穩懋永豐5C購02,3457730,1.48,1.58,1.25,1.25
705566,耀勝永豐5C購01,0,,,,
705567,宏觀國泰5A購01,0,,,,
705568,沛亨國泰5A購01,0,,,,
705569,宜鼎國泰5A購01,0,,,,
705570,世界凱基5C購01,69600,1.0,1.0,0.98,0.98
705572,旺矽凱基5A購02,9700,9.7,9.7,9.7,9.7
705575,原相凱基5B購01,0,,,,
705577,鉅橡凱基5B購01,0,,,,
705580,宏觀永豐5A購01,0,,,,
705581,良維永豐5B購01,467380,1.08,1.24,1.06,1.18
705583,旺矽永豐5A購01,0,,,,
705584,旺矽永豐5B購01,0,,,,
705585,博磊永豐5A購01,960,0.32,0.32,0.32,0.32
705587,精材永豐5B購01,0,,,,
705589,鏵友益永豐5C購01,460,0.46,0.46,0.46,0.46
705590,鑫聯永豐5C購01,0,,,,
705599,雙鴻元大61購07,0,,,,
705600,凡甲國泰5A購01,0,,,,
705601,旺矽國泰5A購01,0,,,,
705602,鑫聯國泰5A購01,0,,,,
705603,元太國票5A購01,0,,,,
705604,良維國票67購01,232820,2.33,2.41,2.18,2.2
705605,亞信國票5A購01,0,,,,
705606,旺矽國票61購01,0,,,,
705608,是方國票5A購01,0,,,,
705610,精材國票5C購01,0,,,,
705611,雙鴻國票5C購01,32750,0.67,0.67,0.64,0.64
705614,弘塑群益5A購02,0,,,,
705615,正基群益5A購01,0,,,,
705616,宏捷科群益5A購02,0,,,,
705617,良維群益5B購02,0,,,,
705619,亞信群益5A購01,0,,,,
705620,宜鼎群益5A購01,0,,,,
705621,旺矽群益5B購01,0,,,,
705622,順達群益5A購01,0,,,,
705627,環球晶群益5A購01,0,,,,
705630,旺矽兆豐5B購01,0,,,,
705631,大綜永豐5A購01,0,,,,
705633,順達永豐5B購01,0,,,,
705634,新復興永豐5B購01,0,,,,
705637,系統電群益5A購02,0,,,,
705638,宜鼎群益5B購01,0,,,,
705643,茂迪群益5A購01,0,,,,
705644,原相群益5C購01,0,,,,
705648,正基凱基5A購01,0,,,,
705652,宜鼎凱基5A購03,0,,,,
705653,前鼎凱基5A購01,0,,,,
705656,鉅橡凱基5A購01,0,,,,
705659,印能元大5C購01,0,,,,
705665,環球晶元大61購01,0,,,,
705666,鑫聯元大61購01,0,,,,
705667,萬泰科國泰5A購01,0,,,,
705668,鉅橡國泰5A購01,0,,,,
705671,鈊象富邦5B購01,11500,0.27,0.3,0.27,0.3
705672,聖暉*富邦5B購01,157940,0.46,0.49,0.41,0.41
705674,環球晶富邦5C購01,0,,,,
705675,雙鴻富邦5C購01,664390,0.93,1.04,0.79,0.79
705676,雙鴻富邦5C購02,1043830,0.61,0.72,0.52,0.6
705677,譜瑞富邦5C購01,2950,2.95,2.95,2.95,2.95
705679,九豪國票5A購01,0,,,,
705680,正基國票5A購01,0,,,,
705681,沛亨國票5A購01,0,,,,
705682,宜鼎國票5A購02,96220,2.11,2.17,2.05,2.05
705683,岳豐國票5A購01,0,,,,
705684,茂迪國票5A購01,0,,,,
705685,茂迪國票5A購02,0,,,,
705686,晟德國票5A購01,0,,,,
705690,僑威國票5A購01,0,,,,
705691,聚和國票5A購01,0,,,,
705692,臺慶科國票5A購02,0,,,,
705694,正基凱基5A購02,0,,,,
705697,新復興凱基5B購01,0,,,,
705698,鉅橡凱基5A購02,0,,,,
705699,聚和凱基5A購01,0,,,,
705700,寶雅凱基5A購01,0,,,,
705702,宏捷科國票62購01,14000,0.15,0.15,0.13,0.13
705704,昱展國票5A購01,0,,,,
705705,新復興國票5B購01,0,,,,
705706,萬泰科國票5A購01,19500,1.95,1.95,1.95,1.95
705707,德勝國票5A購01,0,,,,
705708,正基國泰5A購01,0,,,,
705709,勤凱國泰5A購01,0,,,,
705711,台特化元大5C購01,3660,0.14,0.14,0.13,0.14
705712,台燿元大61購03,0,,,,
705718,宜鼎元大5C購04,30270,2.77,2.77,2.57,2.57
705719,宜鼎元大61購02,0,,,,
705726,雙鴻元大61購08,128750,2.0,2.0,1.79,1.82
705727,九豪群益5A購01,0,,,,
705728,台特化群益62購01,0,,,,
705729,正基群益5A購02,0,,,,
705733,宜特群益5B購01,0,,,,
705736,正基永豐5B購01,0,,,,
705737,印能永豐5C購01,282060,1.93,2.08,1.93,2.06
705739,系統電永豐64購01,0,,,,
705740,陽程永豐5A購01,0,,,,
705753,晟德凱基5A購01,0,,,,
705754,精材凱基61購01,0,,,,
705755,雙鴻凱基5C購03,127450,2.6,2.78,2.43,2.43
705758,世界元大5C購01,18300,2.0,2.05,2.0,2.05
705759,台特化元大5C購02,0,,,,
705769,新應材元大5A購01,0,,,,
705770,新應材元大61購01,4200,0.15,0.16,0.15,0.16
705774,雙鴻元大61購09,51130,1.78,1.8,1.52,1.57
705775,宜特國票5A購02,0,,,,
705776,前鼎國票5B購01,0,,,,
705777,閎康國票5A購01,0,,,,
705778,鈊象國票5A購01,0,,,,
705779,榮剛國票5A購01,0,,,,
705781,鏵友益國票5B購01,0,,,,
705782,鑫聯國票5A購01,0,,,,
705783,良維中信61購01,480140,1.08,1.18,1.08,1.1
705785,新應材永豐63購01,5840,0.78,0.78,0.7,0.7
705791,宏捷科元富5C購01,0,,,,
705800,大綜統一73購01,71500,0.7,0.71,0.7,0.71
705801,印能統一62購01,0,,,,
705802,旺矽統一63購03,0,,,,
705803,前鼎統一62購01,0,,,,
705804,環球晶統一63購01,0,,,,
705805,環球晶統一63購02,67700,2.75,2.8,2.63,2.63
705806,環球晶統一73購01,2420,2.42,2.42,2.42,2.42
705807,環球晶統一73購02,6210,2.06,2.09,2.06,2.09
705808,前鼎國泰5A購01,0,,,,
705809,元太國票5A購02,0,,,,
705810,岳豐國票5A購02,0,,,,
705811,長佳智國票5A購01,0,,,,
705812,前鼎國票61購01,0,,,,
705813,晟德國票5A購02,0,,,,
705814,精星國票5A購01,0,,,,
705816,寶雅國票5A購01,0,,,,
705818,凡甲永豐5B購01,0,,,,
705819,台星科永豐5C購01,525870,0.91,1.03,0.9,1.03
705820,宜特永豐5C購01,0,,,,
705823,前鼎永豐5C購01,0,,,,
705824,能率永豐5C購01,0,,,,
705826,順達永豐61購01,393400,2.98,2.98,2.62,2.62
705827,良維兆豐5B購01,0,,,,
705828,雙鴻兆豐5B購02,0,,,,
705841,元太元大5B購01,58470,0.42,0.42,0.41,0.41
705845,信驊元大5C購01,0,,,,
705846,新應材元大5A購02,0,,,,
705847,新應材元大61購02,0,,,,
705853,雙鴻元大61購10,673440,1.66,1.66,1.59,1.59
705854,台特化統一63購03,0,,,,
705855,弘塑統一73購01,0,,,,
705856,印能統一73購01,89840,1.52,1.59,1.51,1.53
705857,沛亨統一73購01,14500,1.45,1.45,1.45,1.45
705858,良維統一73購01,38250,0.51,0.51,0.51,0.51
705859,旺矽統一73購01,98520,3.31,3.36,3.2,3.2
705860,順達統一73購01,105720,0.55,0.55,0.52,0.52
705861,新應材統一73購01,10970,0.26,0.27,0.26,0.27
705862,萬泰科統一62購01,0,,,,
705863,德微統一73購01,0,,,,
705864,環球晶統一62購01,0,,,,
705865,穩得統一73購01,0,,,,
705870,信驊凱基5B購01,0,,,,
705871,信驊凱基61購02,131000,6.55,6.55,6.55,6.55
705872,信驊凱基61購03,0,,,,
705874,鈊象凱基61購02,25190,1.36,1.49,1.36,1.49
705875,新應材凱基61購01,0,,,,
705876,榮剛凱基5A購01,0,,,,
705877,環球晶凱基61購01,36400,9.1,9.1,9.1,9.1
705878,弘塑富邦5B購01,12700,1.27,1.27,1.27,1.27
705879,良維富邦5B購01,0,,,,
705880,新應材富邦63購02,0,,,,
705881,雙鴻國泰5A購01,4168700,2.65,3.07,2.65,3.07
705887,新應材群益5A購01,0,,,,
705894,元太凱基5B購02,41900,0.46,0.46,0.45,0.45
705896,台特化凱基5C購01,0,,,,
705899,旺矽凱基5B購01,7450,7.45,7.45,7.45,7.45
705901,新應材凱基5A購02,0,,,,
705903,精材凱基61購02,18950,9.5,9.5,9.45,9.45
705908,旺矽兆豐5B購02,0,,,,
705909,新應材兆豐5B購02,0,,,,
705913,宜鼎群益5B購02,0,,,,
705917,雙鴻群益63購01,8020,1.04,1.06,0.96,0.96
705923,弘塑永豐5B購02,0,,,,
705924,匯鑽科永豐5A購01,450,0.09,0.09,0.09,0.09
705925,新應材永豐5A購01,0,,,,
705926,新應材永豐5C購04,500,0.05,0.05,0.05,0.05
705927,新應材永豐63購02,6330,0.13,0.14,0.13,0.14
705928,雙鴻永豐63購01,84800,1.4,1.5,1.4,1.5
705929,新應材國泰5A購02,0,,,,
705931,台半國票5A購01,0,,,,
705932,弘塑國票5A購01,0,,,,
705933,宜鼎國票5C購01,152300,3.77,3.82,3.77,3.82
705934,松瑞藥國票5A購01,0,,,,
705935,胡連國票5A購01,39900,0.07,0.07,0.07,0.07
705936,順達國票5A購01,0,,,,
705938,新應材國票5A購02,0,,,,
705939,新應材國票5B購01,300,0.03,0.03,0.03,0.03
705940,新應材國票5C購01,0,,,,
705941,群翊國票5A購01,0,,,,
705942,聖暉*國票5A購02,0,,,,
705943,德微國票5A購01,4120,4.12,4.12,4.12,4.12
705944,新應材富邦5C購02,900,0.06,0.06,0.06,0.06
705945,均豪統一73購01,0,,,,
705946,宏捷科統一63購01,2220,0.22,0.22,0.2,0.2
705947,系微統一73購01,0,,,,
705948,良維統一63購02,276740,0.8,0.87,0.8,0.87
705949,良維統一73購02,22110,0.81,0.84,0.81,0.84
705950,宜特統一73購01,0,,,,
705951,信紘科統一63購01,0,,,,
705952,前鼎統一73購01,9350,1.87,1.87,1.87,1.87
705953,鉅橡統一73購01,0,,,,
705954,鈺太統一66購01,0,,,,
705968,新應材元大5A購03,0,,,,
705969,新應材元大61購03,3600,0.12,0.12,0.12,0.12
705984,博智元大5C購02,0,,,,
705986,世紀*國票5A購01,213820,4.55,6.3,3.77,6.3
705987,台特化國票5A購03,0,,,,
705988,閎康國票5A購02,0,,,,
705989,雙鴻國票5A購02,145900,5.55,5.65,5.55,5.65
705991,弘塑國泰5A購01,4040,2.02,2.02,2.02,2.02
705992,均華國泰5A購01,362000,4.85,4.85,4.33,4.33
705993,宜鼎富邦63購01,0,,,,
705994,蜜望實統一63購01,0,,,,
705995,蜜望實統一73購01,0,,,,
705996,世界群益5B購03,0,,,,
705997,旺矽群益5B購02,0,,,,
705998,神盾群益5B購01,0,,,,
706001,雙鴻群益5B購03,0,,,,
706004,精材中信61購01,0,,,,
706005,蜜望實永豐5B購01,0,,,,
706006,穩得永豐5B購01,460,0.46,0.46,0.46,0.46
706010,旺矽凱基5C購01,0,,,,
706011,博智凱基5C購01,297850,3.7,3.7,3.32,3.32
706015,緯軟國票5B購01,7200,0.15,0.15,0.14,0.14
706016,雙鴻國票5A購03,33640,1.51,1.63,1.19,1.19
706017,宜鼎中信61購01,0,,,,
706018,弘塑永豐63購01,0,,,,
706019,均華永豐5B購01,350650,4.74,4.85,4.57,4.57
706020,旺矽永豐61購01,19750,3.95,3.95,3.95,3.95
706021,鈊象永豐5A購01,0,,,,
706027,大中統一73購01,49680,1.05,1.06,1.05,1.06
706028,台特化統一66購01,0,,,,
706029,台特化統一68購01,0,,,,
706030,均華統一62購01,0,,,,
706031,均華統一63購03,3280,0.82,0.82,0.82,0.82
706032,均華統一73購01,0,,,,
706033,均豪統一63購01,1130,0.54,0.59,0.54,0.59
706034,宜鼎統一62購01,10300,1.03,1.03,1.03,1.03
706035,旺矽統一63購04,0,,,,
706036,新普統一63購01,0,,,,
706037,新普統一73購01,0,,,,
706038,聖暉*統一61購01,0,,,,
706039,蜜望實統一62購01,0,,,,
706040,鑫聯統一62購02,3320,0.17,0.18,0.17,0.18
706044,鈺太群益5A購01,0,,,,
706047,台燿富邦63購01,25500,5.1,5.1,5.1,5.1
706049,博智富邦5B購01,0,,,,
706050,蜜望實富邦5B購01,0,,,,
706051,印能國泰5A購01,0,,,,
706052,均華國泰5A購02,0,,,,
706053,鈊象國泰5A購01,0,,,,
706054,台特化元大5B購01,0,,,,
706055,台特化元大63購01,54060,0.34,0.34,0.34,0.34
706060,弘塑元大63購02,42070,3.05,3.1,2.93,2.93
706071,雙鴻元大63購01,31620,1.52,1.52,1.49,1.49
706072,弘塑凱基5A購01,11100,0.55,0.56,0.55,0.56
706073,宜鼎凱基5A購04,5750,0.53,0.53,0.45,0.45
706074,鈊象凱基5C購01,54100,0.98,1.02,0.98,1.02
706081,雙鴻中信63購01,347280,0.66,0.71,0.64,0.67
706086,旺矽永豐5A購02,0,,,,
706087,旺矽永豐61購02,59460,2.78,2.98,2.67,2.98
706088,旺矽永豐64購01,1007980,3.85,3.85,3.79,3.79
706089,茂迪永豐61購01,0,,,,
706090,萬泰科永豐5C購01,0,,,,
706092,力致國泰5A購01,0,,,,
706093,弘塑國泰5A購02,0,,,,
706094,均豪國泰5A購01,27460,0.46,0.67,0.46,0.58
706095,系統電國泰5A購01,0,,,,
706096,東捷國泰5A購01,0,,,,
706097,弘塑富邦5C購01,324330,0.89,0.89,0.81,0.85
706098,宜鼎富邦5C購03,758150,0.8,0.8,0.72,0.72
706099,旺矽富邦5B購02,0,,,,
706100,旺矽富邦63購01,0,,,,
706101,茂迪富邦63購01,0,,,,
706103,台特化元大63購02,85120,0.32,0.32,0.32,0.32
706105,宏捷科元大5C購01,0,,,,
706115,雙鴻元大63購02,0,,,,
706116,力致國票5A購01,0,,,,
706117,台半國票5A購02,0,,,,
706118,台星科國票61購01,63800,1.42,1.42,1.24,1.24
706119,宏捷科國票5A購01,0,,,,
706120,良維國票5A購01,393360,0.69,0.89,0.65,0.66
706121,宜鼎國票5A購03,10500,0.55,0.55,0.5,0.5
706122,旺矽國票5B購02,0,,,,
706124,臺慶科國票61購01,0,,,,
706125,鑫聯國票5C購01,0,,,,
706126,大綜統一63購01,18000,0.9,0.9,0.9,0.9
706127,大綜統一66購01,71700,0.81,0.82,0.78,0.78
706128,台特化統一62購02,0,,,,
706129,巨漢統一63購01,0,,,,
706130,正基統一62購01,0,,,,
706131,正基統一63購01,0,,,,
706132,正基統一63購02,0,,,,
706133,均豪統一66購01,0,,,,
706134,宜鼎統一63購02,1379090,0.87,0.87,0.8,0.8
706135,宜鼎統一63購03,237200,0.49,0.5,0.48,0.48
706136,宜鼎統一66購02,688200,0.71,0.71,0.68,0.68
706137,宜鼎統一73購01,141030,0.62,0.62,0.59,0.59
706138,茂迪統一67購01,0,,,,
706139,聚和統一73購01,0,,,,
706140,蜜望實統一66購01,0,,,,
706141,蜜望實統一68購01,0,,,,
706142,雙鴻統一63購01,50400,0.84,0.84,0.84,0.84
706146,台特化群益5A購01,0,,,,
706150,旺矽群益63購01,1137310,3.83,4.0,3.51,3.51
706153,德微群益63購01,65550,2.78,2.78,2.44,2.44
706154,雙鴻群益63購02,237140,0.72,0.76,0.64,0.72
706155,台特化凱基5C購02,0,,,,
706160,宜鼎凱基5C購02,1440,1.44,1.44,1.44,1.44
706161,旺矽凱基63購01,56960,2.71,2.76,2.71,2.76
706162,旺矽凱基63購02,1055800,3.36,3.41,3.0,3.08
706163,東捷凱基63購01,0,,,,
706166,德微凱基5A購01,0,,,,
706168,雙鴻凱基63購01,45580,1.06,1.06,1.06,1.06
706170,良維群益5C購02,109090,1.75,2.03,1.75,1.95
706173,精測群益5B購01,0,,,,
706175,宜鼎國泰5A購02,0,,,,
706176,宜鼎國泰61購01,0,,,,
706177,旺矽國泰5A購02,0,,,,
706178,弘塑富邦63購01,64800,0.8,0.8,0.8,0.8
706179,均華富邦5B購01,44150,0.86,0.94,0.79,0.79
706180,均華統一63購04,0,,,,
706181,良維統一63購03,22690,0.65,0.65,0.63,0.63
706182,旺矽統一63購05,48290,1.5,1.59,1.34,1.34
706183,茂迪統一63購01,0,,,,
706184,台特化元大63購03,0,,,,
706185,均華元大5C購01,15900,0.5,0.59,0.5,0.59
706186,宏捷科元大5C購02,4600,0.23,0.23,0.23,0.23
706198,精測元大5C購02,0,,,,
706203,鑫聯元大63購01,0,,,,
706204,中美晶國票61購01,147920,3.44,3.44,3.44,3.44
706206,均華國票5B購01,253800,0.94,0.94,0.8,0.8
706207,宜鼎國票65購01,395570,1.57,1.57,1.48,1.48
706208,旺矽國票5C購01,1271950,4.18,4.38,3.66,3.66
706209,旺矽國票67購01,2361510,3.85,3.96,3.46,3.49
706210,德微國票65購01,0,,,,
706213,精測中信5B購01,0,,,,
706214,宜鼎永豐5B購01,14820,0.57,0.57,0.57,0.57
706215,旺矽永豐5C購01,223700,2.57,2.66,2.2,2.2
706216,東捷永豐61購01,0,,,,
706218,精測永豐5B購01,0,,,,
706219,精測永豐61購01,79060,0.17,0.17,0.13,0.15
706220,鑫科永豐5C購02,0,,,,
706223,弘塑元富5C購01,79200,1.31,1.37,1.31,1.37
706225,宏捷科元富5C購02,0,,,,
706239,中美晶兆豐63購01,5250,5.25,5.25,5.25,5.25
706240,元太兆豐63購01,393870,1.3,1.3,1.29,1.29
706241,環球晶兆豐5B購01,0,,,,
706245,M31凱基5B購01,11350,0.13,0.17,0.13,0.17
706246,台燿凱基61購01,0,,,,
706248,弘塑凱基5A購02,0,,,,
706249,宏捷科凱基5C購01,3500,0.12,0.12,0.11,0.11
706252,信驊凱基5B購02,350400,9.7,10.0,9.4,9.4
706253,信驊凱基5C購01,0,,,,
706259,M31永豐5B購01,94000,0.31,0.33,0.3,0.3
706260,M31永豐5C購01,68680,0.34,0.34,0.34,0.34
706261,大中永豐5B購01,55070,1.07,1.08,1.07,1.08
706264,台燿永豐5B購01,0,,,,
706265,良維永豐5B購02,174550,2.11,2.19,2.11,2.19
706269,M31元富5A購01,0,,,,
706274,良維群益5C購03,8700,1.74,1.74,1.74,1.74
706275,信驊群益5B購05,60650,5.5,5.55,5.5,5.55
706276,聖暉*群益61購01,96820,1.52,1.52,1.38,1.38
706279,台燿國泰5A購01,0,,,,
706280,台燿國泰5A購02,0,,,,
706281,德微國泰5A購01,10850,2.17,2.17,2.17,2.17
706282,M31統一63購03,3120,0.34,0.37,0.34,0.37
706283,M31富邦5B購01,81150,0.15,0.15,0.13,0.13
706284,台特化富邦5C購01,0,,,,
706285,信驊富邦5C購01,0,,,,
706286,茂迪富邦5C購01,0,,,,
706287,雙鴻富邦5C購03,1251070,0.89,1.01,0.87,0.87
706288,M31國票5A購01,4200,0.03,0.03,0.03,0.03
706292,宏觀國票5C購02,0,,,,
706293,沛亨國票5A購02,321540,1.38,1.66,1.38,1.42
706294,信驊國票5B購03,0,,,,
706297,環球晶國票5A購01,0,,,,
706298,鑫科國票5A購01,0,,,,
706313,雙鴻元大5C購04,4550,0.91,0.91,0.91,0.91
706316,台燿兆豐5B購01,0,,,,
706317,弘塑兆豐5B購01,0,,,,
706318,聖暉*兆豐5B購01,0,,,,
706319,印能凱基5B購01,9960,2.49,2.49,2.49,2.49
706322,亞泰凱基5A購01,13640,3.41,3.41,3.41,3.41
706324,聖暉*凱基5B購02,0,,,,
706325,環球晶凱基5C購01,0,,,,
706327,穩得凱基5C購01,1770,0.6,0.6,0.58,0.58
706328,弘塑國票65購01,62690,1.6,1.7,1.51,1.6
706331,亞泰國票5A購01,250100,2.09,2.09,2.02,2.02
706332,華宏國票5A購01,24000,0.12,0.12,0.12,0.12
706336,茂迪元大5C購01,0,,,,
706339,雙鴻元大5C購05,1073490,1.1,1.13,1.03,1.07
706340,穩得元大63購01,151960,0.58,0.58,0.58,0.58
706341,鑫聯元大63購02,0,,,,
706342,雙鴻國泰61購01,166780,2.15,2.25,2.12,2.25
706343,台燿富邦63購02,0,,,,
706344,德微富邦5C購01,17880,0.8,0.8,0.74,0.74
706345,世界統一63購01,272680,1.2,1.32,1.19,1.31
706346,台特化統一63購04,0,,,,
706347,印能統一63購01,16170,0.75,0.82,0.75,0.75
706348,亞泰統一62購02,990970,1.81,2.0,1.58,1.65
706349,博智統一63購01,0,,,,
706350,鈺太統一63購01,0,,,,
706351,弘塑永豐5C購03,581670,0.71,0.77,0.71,0.77
706354,雙鴻永豐61購02,360940,1.84,1.9,1.84,1.9
706355,雙鴻永豐64購01,1960000,1.88,2.01,1.64,1.81
706368,天品凱基59購01,0,,,,
706369,台燿凱基59購02,0,,,,
706370,弘塑凱基59購06,0,,,,
706371,良維凱基61購01,579440,1.34,1.44,1.24,1.24
706372,茂迪凱基59購03,0,,,,
706373,華義凱基59購01,0,,,,
706374,頎邦凱基59購01,0,,,,
706375,譜瑞凱基59購04,0,,,,
706376,鑫聯凱基59購02,0,,,,
706378,正淩永豐5B購01,0,,,,
706379,東捷永豐5A購01,8180,4.09,4.09,4.09,4.09
706380,信紘科永豐59購01,0,,,,
706382,中美晶元富59購02,4713600,5.05,5.15,5.05,5.15
706383,均豪元富59購01,3100,0.08,0.08,0.05,0.05
706384,華宏元富59購01,0,,,,
706385,華宏元富59購02,0,,,,
706386,頎邦元富59購02,0,,,,
706387,廣運元富59購03,0,,,,
706388,雙鴻元富59購08,0,,,,
706389,美琪瑪群益5A購01,0,,,,
706390,湧德群益5B購01,0,,,,
706391,環球晶群益59購06,11100,11.1,11.1,11.1,11.1
706392,雙鴻群益5B購04,0,,,,
706393,雙鴻群益5B購05,0,,,,
706394,宏觀國泰5A購02,0,,,,
706395,大學光國票59購01,0,,,,
706396,東捷國票59購01,0,,,,
706398,原相國票59購01,0,,,,
706399,華義國票5A購02,3500,0.07,0.07,0.07,0.07
706400,陽程國票59購02,47500,9.5,9.5,9.5,9.5
706401,頎邦國票5A購01,0,,,,
706402,聚和國票5A購02,0,,,,
706403,正淩元大59購01,0,,,,
706404,均豪元大59購01,4580,0.05,0.05,0.04,0.04
706405,均豪元大59購02,0,,,,
706406,良維元大59購14,0,,,,
706407,良維元大59購15,0,,,,
706408,良維元大59購16,0,,,,
706410,雙鴻元大59購22,0,,,,
706411,中美晶凱基5A購01,42000,2.25,2.25,1.95,1.95
706412,弘塑凱基5B購01,71340,0.27,0.31,0.27,0.31
706413,印能凱基5B購02,0,,,,
706414,湧德凱基5A購01,0,,,,
706415,閎康凱基5B購01,0,,,,
706416,鈺太凱基59購02,0,,,,
706417,雙鴻凱基59購16,0,,,,
706418,精材國泰5A購01,0,,,,
706419,弘塑富邦61購01,1001980,0.56,0.64,0.56,0.59
706420,宏捷科富邦5B購01,0,,,,
706421,宏捷科富邦5C購01,0,,,,
706422,家登富邦5B購01,0,,,,
706423,智通*富邦5B購02,136670,0.61,0.66,0.61,0.66
706424,環球晶富邦5A購01,0,,,,
706425,雙鴻富邦5C購04,954400,1.2,1.31,1.14,1.15
706426,弘塑元大59購06,0,,,,
706427,弘塑元大59購07,0,,,,
706428,印能元大59購07,0,,,,
706429,良維元大59購17,0,,,,
706431,茂迪元大59購08,0,,,,
706432,茂迪元大63購05,12700,0.12,0.12,0.11,0.11
706433,華宏元大59購01,0,,,,
706434,萬泰科元大59購01,0,,,,
706436,臺慶科元大59購03,0,,,,
706437,雙鴻元大59購23,0,,,,
706438,雙鴻元大59購24,0,,,,
706439,穩得元大5A購01,0,,,,
706441,弘塑群益5A購03,0,,,,
706442,印能群益5B購01,13000,1.46,1.46,1.39,1.39
706443,系微群益59購01,0,,,,
706444,系微群益59購02,0,,,,
706445,良維群益59購02,0,,,,
706446,湧德群益5C購01,0,,,,
706447,華宏群益59購01,0,,,,
706448,環球晶群益5A購02,0,,,,
706449,穩得群益5A購01,0,,,,
706450,環球晶中信59購02,0,,,,
706451,中美晶永豐5A購02,0,,,,
706452,中美晶永豐5C購01,36000,0.9,0.9,0.9,0.9
706453,弘塑永豐63購02,23800,0.7,0.7,0.66,0.66
706454,合晶永豐59購01,0,,,,
706455,系微永豐5C購01,0,,,,
706456,博智永豐5C購01,0,,,,
706457,華宏永豐5A購01,0,,,,
706458,華義永豐59購01,0,,,,
706459,鴻呈永豐59購01,0,,,,
706460,雙鴻永豐5B購02,0,,,,
706461,鑫聯永豐61購01,5000,0.5,0.5,0.5,0.5
706462,中美晶元富59購03,0,,,,
706463,台特化元富59購02,0,,,,
706464,台燿元富63購01,0,,,,
706465,弘塑元富59購04,0,,,,
706466,宏觀元富59購01,0,,,,
706467,信昌電元富59購01,0,,,,
706468,華宏元富5B購01,9370,0.14,0.18,0.14,0.15
706470,頎邦元富59購05,0,,,,
706471,力致凱基59購01,0,,,,
706472,中美晶凱基61購01,124800,5.1,5.1,4.91,4.94
706474,沛亨凱基5B購01,406020,1.58,2.1,1.58,1.7
706475,系微凱基59購02,0,,,,
706476,良維凱基5C購01,818410,1.59,1.82,1.53,1.53
706477,宜特凱基59購03,0,,,,
706479,博智凱基61購01,93980,1.34,1.36,1.12,1.13
706480,湧德凱基5B購01,0,,,,
706481,閎康凱基5A購01,0,,,,
706482,萬泰科凱基59購02,0,,,,
706484,臺慶科凱基5A購01,23940,1.7,1.7,1.56,1.56
706485,雙鴻凱基5C購04,552440,0.59,1.75,0.59,1.45
706486,九豪國票59購02,0,,,,
706488,合晶國票5A購01,0,,,,
706489,均豪國票5A購01,58450,0.16,0.19,0.14,0.14
706490,頎邦國票5A購02,0,,,,
706491,鑫聯國票5A購04,0,,,,
706492,廣明兆豐63購01,0,,,,
706493,九豪群益59購01,0,,,,
706496,宜特群益63購01,0,,,,
706497,博智群益69購01,1940,0.66,0.67,0.61,0.61
706498,閎康群益63購02,41600,1.3,1.3,1.3,1.3
706499,頎邦群益59購01,0,,,,
706500,中美晶國泰5A購01,0,,,,
706501,合晶國泰5A購01,0,,,,
706502,良維國泰5A購01,0,,,,
706503,世界富邦61購01,1216330,0.86,1.05,0.86,1.01
706504,台特化富邦5A購01,0,,,,
706505,台燿富邦63購03,0,,,,
706506,中美晶元大59購01,0,,,,
706507,中美晶元大5C購02,124000,2.35,2.35,2.3,2.3
706508,中美晶元大63購01,0,,,,
706509,台特化元大5A購03,0,,,,
706510,宜特元大59購01,0,,,,
706511,宜特元大59購02,0,,,,
706512,博智元大59購03,0,,,,
706513,博智元大63購01,35340,1.06,1.06,0.99,0.99
706514,湧德元大59購03,0,,,,
706515,湧德元大59購04,0,,,,
706516,湧德元大59購05,0,,,,
706517,萬泰科元大5C購01,93280,2.12,2.12,2.12,2.12
706519,環球晶元大59購05,0,,,,
706520,環球晶元大59購06,0,,,,
706521,雙鴻元大59購25,0,,,,
706522,台燿中信59購05,0,,,,
706523,博智中信59購01,0,,,,
706524,雙鴻中信63購02,274470,0.54,0.54,0.47,0.52
706526,均豪永豐59購02,0,,,,
706528,勤凱永豐5C購02,24300,0.99,0.99,0.94,0.94
706530,合晶國票59購01,0,,,,
706531,均豪國票59購02,8980,0.04,0.05,0.04,0.04
706532,系微國票5A購01,0,,,,
706533,佶優國票59購01,0,,,,
706534,前鼎國票61購02,0,,,,
706535,閎康國票5A購03,0,,,,
706536,順達國票5A購02,5350,0.43,0.43,0.41,0.41
706537,鈺太國票59購02,0,,,,
706538,鈺太國票5A購01,0,,,,
706539,點序國票59購02,0,,,,
706540,台特化凱基59購05,0,,,,
706541,台燿凱基59購04,0,,,,
706543,均豪凱基59購02,0,,,,
706544,博智凱基59購07,0,,,,
706545,閎康凱基61購01,0,,,,
706547,精測凱基59購03,0,,,,
706548,雙鴻凱基5A購03,88400,1.57,1.71,1.15,1.44
706549,穩得凱基63購01,0,,,,
706550,鑫聯凱基61購01,0,,,,
706551,聚和中信59購01,0,,,,
706553,台燿永豐64購01,0,,,,
706554,宏觀永豐59購01,0,,,,
706555,系微永豐5A購01,0,,,,
706557,聖暉*永豐5B購01,40800,0.48,0.48,0.48,0.48
706558,聚和永豐5B購01,0,,,,
706559,博智元富59購01,0,,,,
706560,台燿國泰5A購03,0,,,,
706561,宜特國泰5A購01,0,,,,
706562,鑫聯國泰5A購02,0,,,,
706563,台燿富邦73購01,0,,,,
706564,良維富邦5C購01,656220,0.56,0.59,0.51,0.51
706565,博智富邦61購01,0,,,,
706566,順達富邦5C購01,285610,0.79,0.83,0.79,0.79
706567,精測富邦5B購01,366670,0.18,0.21,0.15,0.15
706568,力致群益59購01,0,,,,
706569,中美晶群益5B購01,24300,2.7,2.7,2.7,2.7
706570,永信建群益59購01,0,,,,
706571,宏觀群益59購04,0,,,,
706572,良維群益61購01,286990,1.41,1.62,1.41,1.43
706573,博智群益63購01,152950,2.7,2.7,2.65,2.65
706574,閎康群益5B購02,370,0.37,0.37,0.37,0.37
706575,閎康群益5B購03,227200,0.71,0.71,0.71,0.71
706576,順達群益5C購01,25670,1.29,1.29,1.28,1.28
706578,精測群益59購05,0,,,,
706579,精測群益63購01,575820,0.62,0.67,0.56,0.59
706580,雙鴻群益59購11,0,,,,
706581,九豪元大59購01,6800,0.04,0.04,0.04,0.04
706585,宏捷科元大59購02,0,,,,
706588,博智元大63購02,16290,0.8,0.8,0.74,0.74
706589,閎康元大59購04,0,,,,
706590,萬泰科元大5C購02,338210,1.04,1.06,1.02,1.02
706591,鈺太元大59購02,0,,,,
706592,鈺太元大59購03,0,,,,
706593,精測元大59購03,0,,,,
706594,精測元大5C購03,55170,0.2,0.22,0.18,0.18
706595,雙鴻台新59購04,0,,,,
706596,中美晶凱基5B購01,24270,3.24,3.24,2.8,2.8
706597,元太凱基59購02,0,,,,
706599,弘塑凱基59購07,0,,,,
706600,永信建凱基59購01,0,,,,
706601,系微凱基5A購01,0,,,,
706603,宜特凱基59購04,0,,,,
706604,華電網凱基59購01,0,,,,
706605,華電網凱基5B購01,0,,,,
706606,華電網凱基61購01,0,,,,
706607,閎康凱基5A購02,0,,,,
706608,順達凱基5A購01,0,,,,
706609,鈺太凱基59購03,0,,,,
706610,精材凱基59購02,0,,,,
706611,元太國票5A購03,10000,0.25,0.25,0.25,0.25
706612,弘塑國票5C購01,0,,,,
706613,弘塑國票63購01,16790,0.89,0.89,0.79,0.81
706615,宏觀國票5A購02,0,,,,
706616,系微國票5A購02,0,,,,
706617,美琪瑪國票5A購01,0,,,,
706618,神盾國票5A購01,2000,0.1,0.1,0.1,0.1
706619,常珵國票59購01,0,,,,
706620,創泓國票59購01,0,,,,
706621,華電網國票59購02,0,,,,
706622,鈊象國票5A購02,0,,,,
706623,萬泰科國票5A購03,1580,0.79,0.79,0.79,0.79
706624,穩得國票5A購01,0,,,,
706625,譜瑞國票5A購01,76650,0.26,0.36,0.26,0.32
706626,元太元大59購02,0,,,,
706627,台特化元大59購07,0,,,,
706630,台燿元大59購11,0,,,,
706631,弘塑元大59購08,0,,,,
706632,弘塑元大59購09,0,,,,
706633,弘塑元大59購10,0,,,,
706634,弘塑元大59購11,0,,,,
706635,弘塑元大59購12,0,,,,
706636,弘塑元大59購13,0,,,,
706638,弘塑元大59購15,0,,,,
706639,系微元大59購03,0,,,,
706640,系微元大59購04,0,,,,
706641,系微元大59購05,0,,,,
706642,系微元大59購06,0,,,,
706643,佶優元大59購01,0,,,,
706645,華電網元大59購01,0,,,,
706646,台特化群益59購03,0,,,,
706647,弘塑群益5B購02,18030,0.29,0.29,0.25,0.25
706648,沛亨群益59購01,0,,,,
706649,華電網群益59購01,0,,,,
706650,雙鴻群益59購12,0,,,,
706652,華電網中信59購01,0,,,,
706653,弘塑國泰5A購03,0,,,,
706654,弘塑國泰5A購04,4950,0.33,0.33,0.33,0.33
706655,系微國泰5A購01,0,,,,
706656,佶優國泰5A購01,0,,,,
706657,順達國泰5A購01,0,,,,
706658,中美晶富邦63購01,0,,,,
706659,弘塑富邦61購02,4670,0.43,0.43,0.42,0.42
706660,均豪富邦61購01,131340,0.38,0.48,0.38,0.45
706661,宏觀富邦5B購01,0,,,,
706662,沛亨富邦61購01,1147390,0.92,1.1,0.89,0.97
706663,華電網富邦5C購01,60,0.03,0.03,0.03,0.03
706664,系微永豐5C購02,0,,,,
706665,長佳智永豐59購01,0,,,,
706666,華電網永豐5A購01,0,,,,
706667,閎康永豐5B購01,0,,,,
706669,聚和永豐59購01,0,,,,
706670,友輝元富59購01,0,,,,
706671,友輝元富59購02,0,,,,
706672,友輝元富59購03,0,,,,
706673,弘塑元富5C購02,0,,,,
706674,華義元富5A購01,9600,0.48,0.48,0.48,0.48
706675,鑫聯元富59購02,0,,,,
706676,台特化兆豐5B購02,0,,,,
706677,順達兆豐5B購02,0,,,,
706678,雙鴻兆豐5B購03,0,,,,
706679,立碁群益59購01,200,0.2,0.2,0.2,0.2
706680,茂迪群益59購03,0,,,,
706681,華電網群益59購02,0,,,,
706683,家登國泰5A購01,0,,,,
706684,閎康國泰5A購01,0,,,,
706685,元太富邦5B購01,0,,,,
706686,頎邦富邦5B購01,0,,,,
706687,台特化凱基63購01,3500,0.35,0.35,0.35,0.35
706689,邑錡凱基59購01,0,,,,
706690,朋億*凱基59購01,0,,,,
706691,美琪瑪凱基5A購01,0,,,,
706692,茂迪凱基59購04,0,,,,
706693,家登凱基5C購02,0,,,,
706694,雙鴻凱基59購17,0,,,,
706695,立碁永豐5A購01,18600,0.93,0.93,0.93,0.93
706696,立碁永豐5B購01,0,,,,
706697,捷創永豐59購01,0,,,,
706698,穩得永豐61購01,0,,,,
706699,立碁元富59購01,20150,1.37,1.41,1.22,1.22
706700,立碁元富59購02,102760,0.52,0.52,0.4,0.48
706701,立碁元富59購03,81300,0.11,0.13,0.09,0.1
706702,系統電元富59購03,0,,,,
706703,鈊象中信5C購01,0,,,,
706704,聖暉*中信59購01,0,,,,
706705,立碁國票5A購01,86420,0.75,0.75,0.67,0.68
706707,邑錡國票59購01,0,,,,
706708,閎康國票61購01,3400,0.68,0.68,0.68,0.68
706710,良維統一62購02,1418430,0.81,0.9,0.79,0.79
706711,宜特統一62購02,0,,,,
706712,信紘科統一63購02,400,0.4,0.4,0.4,0.4
706713,前鼎統一63購01,18160,3.02,3.06,3.02,3.06
706714,閎康統一63購01,18820,0.33,0.33,0.24,0.24
706715,萬泰科統一62購02,4100,0.82,0.82,0.82,0.82
706716,中美晶元大59購02,0,,,,
706717,世紀*元大59購01,152830,4.93,4.93,4.93,4.93
706721,立碁元大59購01,0,,,,
706723,均豪元大59購03,0,,,,
706724,良維元大59購18,0,,,,
706726,宜特元大59購03,0,,,,
706727,宜特元大5C購01,0,,,,
706729,閎康元大59購05,0,,,,
706730,閎康元大59購07,0,,,,
706731,閎康元大59購08,0,,,,
706732,閎康元大5A購01,153200,0.4,0.4,0.4,0.4
706733,閎康元大63購03,233120,0.47,0.47,0.47,0.47
706734,雷科元大59購01,0,,,,
706735,雙鴻元大59購26,0,,,,
706736,譜瑞元大59購03,0,,,,
706737,中美晶凱基59購02,0,,,,
706738,世紀*凱基59購03,18960,4.74,4.74,4.74,4.74
706740,立碁凱基59購01,0,,,,
706741,均豪凱基59購03,0,,,,
706742,宜特凱基59購05,0,,,,
706743,前鼎凱基61購01,0,,,,
706744,順達凱基59購03,5040,0.03,0.03,0.03,0.03
706745,聖暉*凱基5A購01,0,,,,
706746,頎邦凱基59購03,0,,,,
706747,精材凱基59購03,0,,,,
706748,聚和凱基5A購02,0,,,,
706749,雙鴻凱基61購01,141600,1.96,1.98,1.8,1.8
706750,鑫聯凱基59購03,0,,,,
706751,聖暉*兆豐5B購02,33600,0.56,0.56,0.56,0.56
706752,久元國票5A購01,133110,0.29,0.29,0.29,0.29
706753,元債20國票59購01,0,,,,
706754,世紀*國票5A購02,495410,1.83,2.92,1.83,2.02
706755,矽科國票5A購01,0,,,,
706756,矽科國票5A購02,0,,,,
706757,常珵國票59購02,0,,,,
706758,捷創國票59購01,0,,,,
706759,捷創國票5A購01,0,,,,
706760,順達國票5B購01,0,,,,
706761,聖暉*國票5A購04,28570,0.29,0.29,0.24,0.24
706762,久元元大59購01,0,,,,
706765,巨漢元大59購04,0,,,,
706766,立碁元大59購02,0,,,,
706767,宏捷科元大59購03,0,,,,
706768,良維元大59購20,0,,,,
706769,協易機元大59購02,0,,,,
706770,矽科元大59購01,0,,,,
706771,矽科元大59購02,0,,,,
706772,捷創元大59購01,0,,,,
706773,捷創元大59購02,0,,,,
706774,順達元大59購03,0,,,,
706775,順達元大59購04,0,,,,
706776,順達元大59購05,25200,0.42,0.42,0.42,0.42
706779,精材元大59購02,0,,,,
706780,臺慶科元大59購04,0,,,,
706781,雙鴻元大59購27,0,,,,
706782,印能國泰5A購02,0,,,,
706783,前鼎國泰5A購02,0,,,,
706784,聖暉*國泰5A購01,0,,,,
706785,聖暉*國泰5A購02,440,0.44,0.44,0.44,0.44
706786,世界群益59購03,0,,,,
706787,台特化群益5A購02,0,,,,
706788,宜特群益59購02,0,,,,
706789,前鼎群益5B購01,0,,,,
706790,順達群益5B購02,133680,0.93,0.93,0.83,0.83
706791,萬泰科群益5A購01,0,,,,
706792,雙鴻群益59購13,0,,,,
706793,元太富邦5B購02,0,,,,
706794,宜特富邦5B購01,0,,,,
706795,前鼎富邦5B購01,0,,,,
706796,鈊象富邦5B購02,760930,0.71,0.78,0.71,0.78
706797,頎邦富邦5C購01,0,,,,
706798,雙鴻富邦5B購01,0,,,,
706799,立碁統一63購01,6300,0.63,0.63,0.63,0.63
706800,立碁統一66購01,125300,0.64,0.65,0.64,0.65
706801,順達統一63購02,36830,0.63,0.63,0.59,0.59
706802,順達統一66購01,0,,,,
706803,聖暉*統一65購01,91100,0.62,0.62,0.6,0.6
706804,雙鴻統一66購01,128100,0.7,0.7,0.63,0.63
706805,順達中信59購01,0,,,,
706806,世界永豐59購04,0,,,,
706807,矽科永豐5B購01,0,,,,
706808,聖暉*永豐5B購02,0,,,,
706809,頎邦永豐5A購01,0,,,,
706810,久元元富59購01,0,,,,
706812,前鼎元富59購02,0,,,,
706813,勤凱元富59購02,0,,,,
706814,聖暉*元富59購03,23250,0.75,0.75,0.75,0.75
706815,鑫聯元富59購03,0,,,,
706816,聖暉*台新59購01,18820,0.58,0.62,0.58,0.62
706819,台特化凱基59購06,200,0.02,0.02,0.02,0.02
706820,台燿凱基59購07,0,,,,
706821,巨漢凱基59購03,0,,,,
706823,東捷凱基59購02,0,,,,
706825,前鼎凱基5B購01,0,,,,
706826,順達凱基5B購02,0,,,,
706827,聚和康和59購01,0,,,,
706828,凡甲元大59購02,0,,,,
706829,元債20元大5B購02,1850,0.37,0.37,0.37,0.37
706830,元債20元大62購01,0,,,,
706831,元債20元大65購01,0,,,,
706833,台燿元大59購18,0,,,,
706835,台燿元大59購20,0,,,,
706836,宏捷科元大59購04,0,,,,
706838,良維元大59購22,0,,,,
706839,宜特元大59購04,0,,,,
706840,東捷元大59購02,0,,,,
706841,華電網元大5C購01,0,,,,
706842,鈊象元大59購02,0,,,,
706843,鈊象元大5C購04,800,0.39,0.41,0.39,0.41
706844,鈊象元大63購04,41300,0.26,0.28,0.26,0.28
706845,萬泰科元大63購01,197410,0.9,0.92,0.89,0.89
706846,雙鴻元大59購28,0,,,,
706847,雙鴻元大59購29,0,,,,
706848,台燿中信59購07,0,,,,
706849,台燿永豐5B購02,0,,,,
706850,東捷永豐5C購01,13880,3.47,3.47,3.47,3.47
706851,前鼎永豐5B購02,0,,,,
706852,鈊象永豐5B購01,26000,0.26,0.26,0.26,0.26
706853,東捷國泰5A購02,0,,,,
706855,宜特元富59購01,0,,,,
706856,宜特元富5C購01,0,,,,
706857,匯鑽科元富5A購01,183150,0.32,0.33,0.22,0.25
706858,聖暉*元富59購04,0,,,,
706859,漢科元富5A購01,2970,0.33,0.33,0.33,0.33
706860,廣運元富5C購01,0,,,,
706861,德微元富59購04,0,,,,
706862,穩得元富59購02,0,,,,
706863,中美晶群益62購01,0,,,,
706865,東捷群益62購01,32400,6.4,6.5,6.4,6.5
706866,東捷群益63購02,0,,,,
706868,順達群益5A購02,0,,,,
706869,鈊象群益59購02,0,,,,
706870,鈊象群益59購03,0,,,,
706871,鈊象群益5B購01,9000,0.1,0.1,0.1,0.1
706872,聖暉*群益5C購01,179180,0.94,0.94,0.88,0.88
706873,精材群益59購05,0,,,,
706874,雙鴻群益59購14,0,,,,
706875,鑫科群益5B購01,91700,0.18,0.18,0.17,0.17
706876,久元國票5A購02,421120,0.13,0.13,0.12,0.13
706877,美琪瑪國票5A購02,0,,,,
706878,神盾國票62購01,0,,,,
706879,鈊象國票5A購03,0,,,,
706880,頎邦國票5A購03,0,,,,
706881,世紀*元大59購02,0,,,,
706886,良維元大59購23,0,,,,
706887,東捷元大5C購01,0,,,,
706889,順達元大59購07,0,,,,
706890,順達元大59購08,0,,,,
706891,順達元大59購09,0,,,,
706892,鈊象元大63購05,412730,1.04,1.11,1.04,1.11
706893,頎邦元大59購03,0,,,,
706894,頎邦元大63購05,6150,6.15,6.15,6.15,6.15
706895,均豪國泰5B購01,0,,,,
706896,宏觀富邦5B購02,0,,,,
706897,凡甲凱基59購02,0,,,,
706898,元債20凱基5B購01,2640,0.44,0.44,0.44,0.44
706899,宜特凱基59購06,0,,,,
706900,鈊象凱基5B購01,21000,0.35,0.35,0.35,0.35
706901,聖暉*凱基5B購03,0,,,,
706902,雙鴻凱基59購18,0,,,,
706903,台燿國票5B購02,0,,,,
706904,信音國票59購01,7680,0.02,0.02,0.02,0.02
706905,宣德國票5B購01,0,,,,
706906,蜜望實國票59購01,0,,,,
706907,雙鴻國票5B購02,0,,,,
706908,台燿群益59購07,0,,,,
706909,順達群益59購01,0,,,,
706910,元太元富63購01,87360,1.84,1.86,1.84,1.86
706911,台燿元富59購07,503200,16.6,16.6,13.0,13.0
706912,神盾元富59購01,0,,,,
706913,神盾元富59購02,0,,,,
706914,鈊象中信63購01,53000,0.14,0.15,0.14,0.15
706915,中光電永豐5B購01,0,,,,
706916,元太永豐5B購01,12000,0.61,0.61,0.59,0.59
706917,宜特永豐59購03,0,,,,
706918,環球晶永豐5B購02,0,,,,
706919,雙鴻永豐5C購02,3040,1.52,1.52,1.52,1.52
706920,久元永豐5A購01,0,,,,
706921,協易機永豐5C購01,0,,,,
706922,宜特永豐5C購02,22200,0.37,0.37,0.37,0.37
706923,信音永豐5C購01,18540,0.33,0.34,0.33,0.34
706924,勤凱永豐61購01,53280,0.63,0.65,0.63,0.65
706925,匯鑽科永豐61購01,254700,0.65,0.65,0.56,0.59
706926,精星永豐5B購01,0,,,,
706927,廣閎科永豐5C購01,0,,,,
706928,台燿凱基5B購03,0,,,,
706929,宏觀凱基5A購01,0,,,,
706930,良維凱基5A購03,0,,,,
706932,順達凱基5A購02,0,,,,
706934,千附國票5B購01,0,,,,
706935,千附精國票5B購01,0,,,,
706936,盈正國票5B購01,177000,0.22,0.23,0.22,0.23
706937,寬宏國票5A購01,0,,,,
706938,廣閎科國票5B購01,0,,,,
706939,久元國泰5B購01,0,,,,
706940,華電網國泰5B購01,48160,0.04,0.04,0.04,0.04
706941,精材國泰5B購01,0,,,,
706942,久元富邦5C購01,0,,,,
706946,台燿元大64購01,0,,,,
706947,印能元大5A購01,0,,,,
706948,印能元大64購01,454710,1.84,1.96,1.81,1.81
706949,良維元大61購01,425040,3.07,3.2,2.88,2.88
706951,順達元大5A購06,0,,,,
706952,順達元大64購01,0,,,,
706953,鈊象元大64購02,5800,0.58,0.58,0.58,0.58
706954,匯鑽科元大5A購01,0,,,,
706955,匯鑽科元大5A購02,0,,,,
706956,點序元大5A購01,0,,,,
706957,雙鴻元大5A購05,0,,,,
706958,世紀*群益5A購01,0,,,,
706959,台燿群益5A購01,0,,,,
706960,印能群益5A購01,0,,,,
706962,亞電群益5C購01,0,,,,
706963,匯鑽科群益5C購01,0,,,,
706964,鈺太群益5A購02,0,,,,
706965,千附凱基5B購01,0,,,,
706966,千附精凱基5B購01,0,,,,
706967,世紀*凱基5A購01,69750,2.79,2.79,2.79,2.79
706968,印能凱基64購01,176630,1.31,1.75,1.24,1.24
706969,神盾凱基63購01,0,,,,
706970,鈊象凱基64購01,75400,0.88,0.9,0.88,0.9
706971,雙鴻凱基5A購05,648500,2.8,2.9,2.5,2.7
706972,印能國票5A購03,18450,0.25,0.27,0.25,0.25
706973,宏碩國票5C購01,0,,,,
706975,高僑國票61購01,0,,,,
706976,新門國票61購01,0,,,,
706977,耀勝國票61購01,180,0.02,0.02,0.02,0.02
706978,印能國泰5B購01,67640,1.78,1.78,1.78,1.78
706979,穩得國泰5B購01,12200,0.61,0.61,0.61,0.61
706980,神盾統一64購01,0,,,,
706981,神盾統一64購02,0,,,,
706982,印能永豐64購01,723220,1.86,2.1,1.8,1.8
706983,宏觀永豐5C購01,0,,,,
706984,亞電永豐61購01,0,,,,
706985,原相永豐5B購02,0,,,,
706986,神盾永豐5C購02,0,,,,
706987,創泓永豐5C購01,105560,1.31,1.31,1.2,1.2
706988,撼訊永豐5C購01,0,,,,
706989,元太元大5A購01,0,,,,
706990,天品元大5A購01,0,,,,
706991,世紀*元大5A購01,6040,0.81,1.18,0.81,1.18
706994,宏捷科元大5A購01,0,,,,
706995,匯鑽科元大5A購03,0,,,,
706996,精材元大5A購03,0,,,,
706997,加百裕群益5A購01,0,,,,
706998,印能群益5A購02,0,,,,
706999,均豪群益62購01,29700,0.45,0.54,0.45,0.54
707000,高僑群益5B購01,0,,,,
707001,常珵群益5A購01,0,,,,
707002,鈊象群益5A購01,0,,,,
707003,群翊群益5B購01,105000,1.1,1.1,1.0,1.0
707004,雙鴻群益5A購05,0,,,,
707006,台嘉碩元大5A購01,0,,,,
707007,印能元大5A購02,0,,,,
707008,印能元大5A購03,0,,,,
707009,印能元大5A購05,0,,,,
707010,印能元大5A購06,0,,,,
707011,印能元大5B購01,104760,0.95,1.06,0.95,1.06
707012,印能元大5C購02,112350,0.7,0.78,0.7,0.71
707013,印能元大61購01,0,,,,
707014,印能元大64購02,14110,0.69,0.69,0.5,0.69
707015,均豪元大5A購01,0,,,,
707016,宏捷科元大5A購02,0,,,,
707017,宏捷科元大5C購03,0,,,,
707018,系微元大5A購01,0,,,,
707019,宜特元大5A購01,0,,,,
707020,信立元大5A購01,0,,,,
707022,美琪瑪元大5A購01,0,,,,
707024,廣閎科元大5A購01,25280,3.16,3.16,3.16,3.16
707025,雙鴻元大61購11,312960,3.21,3.27,2.82,2.82
707026,久昌凱基5A購01,0,,,,
707027,台燿凱基5B購04,0,,,,
707028,印能凱基5A購03,1560,0.12,0.12,0.12,0.12
707029,宏觀凱基5B購02,0,,,,
707030,系微凱基5A購02,0,,,,
707031,協易機凱基5A購01,0,,,,
707033,前鼎凱基5A購03,0,,,,
707035,陽程凱基5A購01,0,,,,
707036,陽程凱基5A購02,0,,,,
707037,廣閎科凱基5B購01,0,,,,
707038,衛司特凱基5A購01,0,,,,
707039,久昌國票5B購01,0,,,,
707040,千如國票5B購01,0,,,,
707041,台嘉碩國票5A購01,0,,,,
707042,印能國票5B購01,8220,0.41,0.41,0.33,0.33
707043,沛亨國票5B購01,587350,1.2,1.77,1.05,1.05
707044,威聯通國票5B購01,0,,,,
707045,茂綸國票5B購01,233190,1.26,1.45,1.17,1.21
707046,博盛國票5B購01,519820,0.94,0.94,0.94,0.94
707047,衛司特國票5B購01,0,,,,
707048,雙鴻中信64購01,17710,1.11,1.11,1.1,1.1
707049,久昌永豐5A購01,0,,,,
707050,印能永豐5A購02,0,,,,
707051,印能永豐61購01,31150,1.04,1.04,0.85,0.85
707052,同致永豐5C購01,0,,,,
707053,同致永豐61購01,0,,,,
707054,安葆永豐5B購01,490,0.49,0.49,0.49,0.49
707055,宏碩永豐61購01,0,,,,
707056,宜特永豐5B購01,29400,0.49,0.49,0.49,0.49
707057,威聯通永豐5A購01,0,,,,
707058,晟德永豐5B購01,0,,,,
707060,智通*永豐5C購01,10500,1.05,1.05,1.05,1.05
707061,鈺太永豐5C購01,0,,,,
707062,磐亞永豐5B購01,0,,,,
707063,台嘉碩國泰5B購01,148090,2.18,2.27,2.08,2.08
707064,金山電國泰5B購01,0,,,,
707065,群翊國泰5B購01,0,,,,
707066,元太富邦5C購01,69440,0.72,0.72,0.68,0.68
707067,雙鴻富邦5C購05,130800,2.18,2.18,2.18,2.18
707068,雙鴻富邦5C購06,0,,,,
707069,台燿統一67購01,0,,,,
707070,台燿統一74購01,74800,2.63,2.63,2.35,2.35
707071,立碁統一67購01,8300,0.83,0.83,0.83,0.83
707072,立碁統一74購01,41820,0.82,0.82,0.82,0.82
707073,印能統一63購02,79900,0.58,0.78,0.53,0.77
707074,印能統一74購01,2720,1.36,1.36,1.36,1.36
707075,沛亨統一74購01,243290,0.87,0.96,0.85,0.89
707076,系統電統一67購01,3400,0.34,0.34,0.34,0.34
707077,東捷統一63購01,37350,2.39,2.54,2.39,2.54
707078,能率統一67購01,0,,,,
707079,華電網統一64購01,75270,0.13,0.13,0.13,0.13
707080,華電網統一74購01,0,,,,
707082,順達統一63購03,38840,0.53,0.53,0.5,0.5
707083,頎邦統一63購01,20200,5.05,5.05,5.05,5.05
707084,頎邦統一64購01,0,,,,
707085,頎邦統一66購01,0,,,,
707086,廣閎科統一64購01,0,,,,
707087,廣閎科統一74購01,19640,1.1,1.1,1.06,1.06
707088,德微統一67購01,0,,,,
707089,雙鴻統一62購05,13000,1.3,1.3,1.3,1.3
707090,雙鴻統一66購02,22930,1.07,1.09,1.0,1.07
707091,久元群益5A購01,0,,,,
707092,千附群益5A購01,0,,,,
707093,友輝群益5A購01,0,,,,
707094,正淩群益5A購01,0,,,,
707095,同致群益5A購01,0,,,,
707096,岳豐群益5A購01,0,,,,
707097,茂綸群益5A購01,15350,3.07,3.07,3.07,3.07
707098,倚強群益5A購01,0,,,,
707100,聚和群益5A購01,0,,,,
707102,寶雅群益5A購01,0,,,,
707103,中光電兆豐64購01,120500,0.97,1.0,0.97,1.0
707106,矽科群益5A購01,0,,,,
707107,矽科群益5A購02,0,,,,
707108,群翊群益5C購01,860,0.43,0.43,0.43,0.43
707110,頎邦群益5B購01,0,,,,
707112,九豪凱基5A購02,0,,,,
707113,元太凱基5A購01,0,,,,
707115,矽科凱基5A購01,0,,,,
707116,茂綸凱基5A購01,267200,3.34,3.34,3.34,3.34
707117,頎邦凱基64購01,0,,,,
707118,廣閎科凱基5A購01,0,,,,
707119,雙鴻凱基5C購05,0,,,,
707120,友輝國票5A購01,0,,,,
707121,正淩國票5B購02,1100,0.11,0.11,0.11,0.11
707122,矽科國票5B購01,0,,,,
707123,耕興國票5B購01,0,,,,
707124,翔名國票5B購01,2880,0.72,0.72,0.72,0.72
707125,群翊國票5B購01,15000,0.1,0.1,0.1,0.1
707126,頎邦國票5B購01,0,,,,
707127,磐亞國票5B購01,0,,,,
707128,元太國泰5B購01,77000,0.86,0.86,0.83,0.83
707129,宜特富邦5C購01,118540,0.41,0.42,0.41,0.42
707130,頎邦富邦61購01,0,,,,
707131,精材富邦5A購01,0,,,,
707132,聚和富邦5A購01,0,,,,
707133,正淩統一63購01,0,,,,
707134,同致統一64購01,0,,,,
707135,同致統一74購01,0,,,,
707136,協易機統一66購01,0,,,,
707137,翔名統一74購01,0,,,,
707138,陽程統一64購02,0,,,,
707139,陽程統一74購01,0,,,,
707140,萬泰科統一74購01,66490,0.78,0.79,0.78,0.78
707141,群翊統一63購01,0,,,,
707142,群翊統一74購01,3740,0.42,0.42,0.4,0.4
707143,頎邦統一64購02,0,,,,
707144,頎邦統一67購01,28720,2.12,2.12,2.04,2.04
707146,均豪永豐5A購01,2100,1.05,1.05,1.05,1.05
707147,宏捷科永豐5C購01,1650,0.33,0.33,0.33,0.33
707149,美琪瑪永豐5B購01,0,,,,
707150,茂訊永豐5B購01,119880,1.9,1.94,1.9,1.94
707151,茂綸永豐5A購01,13750,2.1,2.33,2.1,2.33
707152,湧德永豐5B購01,0,,,,
707153,陽程永豐5C購01,0,,,,
707154,群翊永豐5A購01,0,,,,
707155,衛司特永豐5A購01,0,,,,
707156,璟德永豐5A購01,0,,,,
707157,環球晶永豐5A購01,0,,,,
707158,雙鴻永豐5C購03,0,,,,
707159,九豪元大5A購01,0,,,,
707161,台燿元大61購04,269600,3.86,3.86,3.83,3.83
707163,前鼎元大5A購02,0,,,,
707164,翔名元大5A購01,0,,,,
707166,頎邦元大5A購02,0,,,,
707167,雙鴻元大61購12,0,,,,
707168,鑫聯元大5A購01,0,,,,
707169,台燿凱基61購02,615640,4.92,5.0,3.78,4.18
707170,同致凱基5A購01,0,,,,
707171,捷創凱基5A購01,0,,,,
707172,翔名凱基5A購01,0,,,,
707173,華景電凱基5A購01,0,,,,
707174,華景電凱基5A購02,0,,,,
707175,鈊象凱基64購02,0,,,,
707176,群翊凱基5C購01,780,0.26,0.26,0.26,0.26
707177,頎邦凱基5A購02,0,,,,
707178,世界群益5C購01,11500,1.15,1.15,1.15,1.15
707179,台半群益5A購01,0,,,,
707180,台燿群益5A購03,45000,7.5,7.5,7.5,7.5
707181,台燿群益5B購02,59400,6.0,6.0,4.9,4.9
707182,捷創群益5B購01,0,,,,
707183,華景電群益5A購01,0,,,,
707184,陽程群益5A購01,165350,8.75,9.0,8.15,8.15
707185,勤凱群益5B購01,2300,1.21,1.21,1.09,1.09
707186,元債20國票5B購01,0,,,,
707187,台燿國票5B購03,0,,,,
707188,安葆國票5B購01,0,,,,
707189,華景電國票5B購01,0,,,,
707191,廣閎科國票5B購02,0,,,,
707192,鈺太國泰5B購01,0,,,,
707193,雙鴻國泰67購01,0,,,,
707194,久元統一64購01,4100,0.41,0.41,0.41,0.41
707195,湧德統一74購01,0,,,,
707196,華景電統一64購01,1020,0.34,0.34,0.34,0.34
707197,華景電統一64購02,0,,,,
707198,華景電統一65購01,0,,,,
707199,華景電統一68購01,0,,,,
707200,華景電統一74購01,2250,0.45,0.45,0.45,0.45
707201,陽程統一65購01,0,,,,
707202,陽程統一68購01,0,,,,
707203,群翊統一64購01,0,,,,
707204,群翊統一74購02,0,,,,
707205,頎邦統一64購03,604740,3.04,3.06,2.95,3.06
707206,大中元大5A購01,0,,,,
707208,台燿元大61購05,0,,,,
707209,台燿元大64購04,176320,2.76,2.76,2.49,2.63
707210,宏觀元大64購01,0,,,,
707211,系微元大5A購02,0,,,,
707213,良維元大5B購01,104330,1.8,1.99,1.8,1.99
707214,東捷元大5A購01,0,,,,
707215,信紘科元大5A購01,0,,,,
707216,華景電元大5A購01,0,,,,
707217,華景電元大5A購02,0,,,,
707218,順達元大5A購07,28400,0.71,0.71,0.71,0.71
707219,順達元大5A購08,0,,,,
707220,群翊元大5A購01,0,,,,
707221,雙鴻元大64購02,2220430,3.29,3.29,2.99,3.09
707222,世界永豐61購01,212600,1.67,1.96,1.67,1.86
707223,台半永豐5B購01,0,,,,
707224,台燿永豐5A購03,0,,,,
707225,台燿永豐61購02,36200,5.95,6.45,5.95,6.45
707226,矽科永豐5B購02,0,,,,
707227,華景電永豐5C購01,0,,,,
707228,華景電永豐61購01,0,,,,
707229,順達永豐5B購02,0,,,,
707230,頎邦永豐5C購01,0,,,,
707231,順達兆豐5C購01,22400,0.35,0.35,0.35,0.35
707232,安葆凱基5A購01,170,0.17,0.17,0.17,0.17
707233,陽程凱基5A購03,0,,,,
707234,順達凱基5A購03,0,,,,
707235,新盛力凱基5A購01,0,,,,
707236,新盛力凱基5A購02,0,,,,
707237,頎邦凱基5B購01,0,,,,
707238,廣閎科凱基5A購02,4700,0.94,0.94,0.94,0.94
707239,雙鴻凱基5A購06,28080,0.69,0.71,0.69,0.71
707240,久元元大61購01,43600,0.32,0.34,0.32,0.34
707242,家登元大5A購02,0,,,,
707243,湧德元大5A購02,0,,,,
707244,湧德元大5A購03,0,,,,
707245,順達元大64購02,0,,,,
707246,鈊象元大61購01,277370,0.95,1.02,0.95,1.01
707247,新盛力元大5A購01,49400,2.47,2.47,2.47,2.47
707248,萬泰科元大5A購01,0,,,,
707249,台星科國票5B購01,0,,,,
707250,台燿國票5B購04,0,,,,
707251,順達國票5B購02,102130,0.29,0.29,0.23,0.23
707252,新盛力國票5A購01,0,,,,
707253,新盛力國票5B購01,0,,,,
707255,宏捷科國泰5B購01,0,,,,
707256,宏捷科國泰5B購02,0,,,,
707257,台特化永豐5C購01,0,,,,
707258,東捷永豐64購01,197920,3.8,3.96,3.8,3.96
707259,凌陽創永豐5A購01,0,,,,
707260,勤凱永豐5C購03,8100,0.54,0.54,0.54,0.54
707261,新盛力永豐5B購01,0,,,,
707262,新盛力永豐5C購01,0,,,,
707263,萬泰科永豐64購01,121720,0.74,0.74,0.71,0.72
707264,台燿統一64購02,0,,,,
707265,宏捷科統一74購01,0,,,,
707266,東捷統一64購02,197070,1.71,1.81,1.71,1.81
707267,東捷統一66購01,0,,,,
707268,華景電統一63購01,1200,0.24,0.24,0.24,0.24
707269,勤凱統一74購01,0,,,,
707270,新盛力統一64購01,0,,,,
707271,新盛力統一68購01,0,,,,
707272,新盛力統一74購01,0,,,,
707273,新盛力統一74購02,111240,1.08,1.08,1.08,1.08
707274,群翊統一64購02,0,,,,
707275,鉅橡統一66購01,0,,,,
707276,頎邦統一74購01,593040,1.47,1.55,1.46,1.46
707277,廣閎科統一74購02,228030,0.83,0.85,0.83,0.84
707278,德微統一64購01,383100,1.03,1.04,0.88,0.88
707279,久元凱基61購01,0,,,,
707280,中美晶凱基5A購02,0,,,,
707281,台星科凱基5A購01,380,0.06,0.08,0.06,0.06
707282,台燿凱基5A購02,35520,3.22,3.32,3.22,3.32
707283,均豪凱基5B購01,0,,,,
707284,宏觀凱基64購01,0,,,,
707285,旺矽凱基5A購04,284390,0.4,0.47,0.4,0.47
707286,順達凱基64購01,0,,,,
707287,廣閎科凱基5A購03,0,,,,
707288,鑫聯凱基5B購01,0,,,,
707289,台燿兆豐5C購01,0,,,,
707290,均豪兆豐5C購01,0,,,,
707291,雙鴻兆豐5C購01,0,,,,
707292,台星科元大5A購01,0,,,,
707293,台星科元大5A購02,0,,,,
707294,台燿元大5A購05,0,,,,
707295,台燿元大5A購06,0,,,,
707296,台燿元大5A購07,0,,,,
707297,台燿元大5A購08,0,,,,
707298,台燿元大5A購09,183260,1.87,1.87,1.87,1.87
707299,台燿元大61購06,500770,2.45,2.45,1.74,1.95
707300,旺矽元大5A購02,14440,1.3,1.44,1.3,1.44
707301,旺矽元大61購01,0,,,,
707302,信驊元大5B購01,477470,4.05,4.18,4.0,4.0
707303,華景電元大5A購03,0,,,,
707304,陽程元大63購01,0,,,,
707305,頎邦元大63購06,0,,,,
707306,台燿永豐5C購03,3911590,4.02,4.02,2.82,3.0
707307,台燿永豐64購02,2684320,3.51,3.61,2.73,2.88
707308,台燿永豐67購01,1339560,3.94,4.06,3.26,3.43
707309,巨漢永豐5C購01,0,,,,
707310,安葆永豐5C購01,0,,,,
707311,均豪永豐5C購01,10230,0.33,0.33,0.33,0.33
707312,良維永豐5C購01,296910,2.11,2.11,1.92,1.92
707313,旺矽永豐5A購03,2271860,0.53,0.56,0.53,0.56
707314,旺矽永豐61購03,1480440,1.72,1.78,1.44,1.44
707315,旺矽永豐64購02,636140,2.68,2.8,2.41,2.41
707316,長科*永豐5A購01,0,,,,
707317,信驊永豐5A購03,24400,2.44,2.44,2.44,2.44
707318,前鼎永豐61購01,301950,3.05,3.05,3.05,3.05
707319,翔名永豐5B購01,8000,0.8,0.8,0.8,0.8
707320,翔名永豐5B購02,5800,0.29,0.29,0.29,0.29
707321,鉅橡永豐5B購01,0,,,,
707322,廣閎科永豐5A購01,0,,,,
707323,均豪國泰61購01,200440,0.86,0.95,0.84,0.84
707324,精材國泰5B購02,36800,18.4,18.4,18.4,18.4
707325,台燿富邦5A購02,0,,,,
707326,台燿富邦64購01,121110,1.5,1.5,1.3,1.3
707327,旺矽富邦5C購01,390900,0.96,1.04,0.85,0.85
707328,旺矽富邦64購01,5705140,1.21,1.29,1.09,1.09
707329,群翊富邦62購01,390,0.39,0.39,0.39,0.39
707330,台燿國票5B購05,115800,3.68,3.68,3.0,3.2
707331,台燿統一63購01,1320010,1.84,1.84,1.65,1.72
707332,台燿統一64購03,12400,1.28,1.28,1.2,1.2
707333,台燿統一64購04,421860,2.02,2.12,1.59,1.64
707334,台燿統一66購02,2439190,1.5,1.5,1.27,1.28
707335,台燿統一74購02,2748040,1.44,1.45,1.19,1.23
707336,台燿統一74購03,1236970,0.99,0.99,0.85,0.89
707337,巨漢統一63購02,3780,0.21,0.21,0.21,0.21
707338,巨漢統一74購01,0,,,,
707339,均豪統一64購01,0,,,,
707340,旺矽統一63購06,218420,1.28,1.31,1.11,1.11
707341,旺矽統一64購01,57770,1.13,1.13,1.1,1.1
707342,東捷統一74購01,10490,0.84,0.93,0.84,0.85
707343,前鼎統一64購01,130500,2.43,2.43,2.36,2.36
707344,翔名統一74購02,0,,,,
707345,華景電統一74購02,0,,,,
707346,順達統一64購01,50190,0.51,0.51,0.48,0.48
707347,勤凱統一74購02,0,,,,
707348,新盛力統一63購01,0,,,,
707349,新盛力統一64購02,0,,,,
707350,新盛力統一74購03,457400,1.64,1.68,1.64,1.68
707351,鉅橡統一64購02,0,,,,
707352,頎邦統一74購02,317350,1.55,1.63,1.55,1.56
707353,頎邦統一74購03,38640,1.61,1.61,1.61,1.61
707354,廣閎科統一64購02,474300,1.01,1.03,1.0,1.0
707355,廣閎科統一67購01,0,,,,
707356,廣閎科統一74購03,148240,1.21,1.22,1.18,1.18
707357,勤凱台新5A購01,0,,,,
707358,頎邦台新5A購01,0,,,,
707359,元太凱基5A購02,0,,,,
707360,宏捷科凱基5A購01,0,,,,
707361,宜特凱基61購01,18400,0.46,0.46,0.46,0.46
707362,信紘科凱基5A購01,9000,0.19,0.2,0.16,0.16
707363,威聯通凱基5A購01,0,,,,
707364,頎邦凱基63購01,103910,4.84,4.84,4.6,4.6
707365,精材凱基5A購02,0,,,,
707366,衛司特凱基5B購01,3100,0.16,0.16,0.15,0.15
707367,璟德凱基5A購01,0,,,,
707368,鴻呈凱基5A購01,0,,,,
707369,鈊象中信5C購02,0,,,,
707370,立碁永豐5C購01,1008820,0.86,0.86,0.8,0.86
707371,前鼎永豐61購02,59430,1.78,1.87,1.6,1.61
707372,群翊永豐5B購01,0,,,,
707373,聖暉*永豐5C購01,66340,1.07,1.07,1.07,1.07
707374,頎邦永豐61購01,595110,2.52,2.62,2.41,2.54
707375,環球晶永豐5C購01,0,,,,
707376,譜瑞永豐5C購01,0,,,,
707377,天品國票5A購01,0,,,,
707378,泓格國票5A購01,0,,,,
707379,前鼎國票5B購02,0,,,,
707380,群翊國票5B購02,0,,,,
707381,頎邦國票5B購04,17850,3.57,3.57,3.57,3.57
707382,廣閎科國票5B購03,3998930,1.0,1.0,0.85,0.85
707383,衛司特國票5B購02,0,,,,
707384,中美晶群益5A購01,0,,,,
707385,立敦群益5A購01,0,,,,
707387,前鼎群益5A購01,0,,,,
707388,湧德群益5B購02,0,,,,
707389,順達群益5A購03,1200,0.06,0.06,0.06,0.06
707390,群翊群益61購01,1650,0.33,0.33,0.33,0.33
707392,頎邦群益5A購02,0,,,,
707393,頎邦群益5B購02,4860,4.86,4.86,4.86,4.86
707394,廣閎科群益5B購01,871600,1.77,1.87,1.6,1.62
707395,譜瑞群益5B購01,1190,1.19,1.19,1.19,1.19
707396,千附精元大5A購01,0,,,,
707397,天品元大61購01,15900,0.24,0.25,0.23,0.23
707398,東捷元大5A購02,1280,1.28,1.28,1.28,1.28
707399,勤凱元大5A購03,0,,,,
707400,群翊元大5A購02,0,,,,
707401,頎邦元大5B購01,0,,,,
707402,頎邦元大5C購02,94130,3.07,3.14,3.07,3.14
707403,廣閎科元大5A購02,0,,,,
707404,衛司特元大5A購01,0,,,,
707405,群翊國泰5B購02,19720,0.68,0.68,0.68,0.68
707406,久元統一64購02,15500,0.31,0.31,0.31,0.31
707407,巨漢統一74購02,0,,,,
707408,安葆統一74購01,36300,0.66,0.66,0.66,0.66
707409,均豪統一63購02,78240,0.41,0.44,0.41,0.41
707410,均豪統一74購01,0,,,,
707411,宜特統一74購01,0,,,,
707412,東捷統一63購02,65800,1.63,1.66,1.63,1.66
707413,東捷統一74購02,22000,1.1,1.1,1.1,1.1
707414,前鼎統一74購01,229890,1.27,1.28,1.15,1.15
707415,宣德統一74購01,0,,,,
707416,順達統一64購02,0,,,,
707417,萬泰科統一74購02,15120,0.72,0.72,0.72,0.72
707418,群翊統一74購03,0,,,,
707419,鈺太統一74購01,0,,,,
707420,宏觀富邦5C購01,0,,,,
707421,頎邦富邦5C購02,0,,,,
707422,頎邦富邦61購02,47380,2.38,2.45,2.32,2.45
707423,廣閎科富邦5B購01,610300,0.85,0.87,0.76,0.76
707424,環球晶兆豐5C購01,0,,,,
707425,譜瑞兆豐64購01,0,,,,
707426,千附精永豐5B購01,19000,1.55,1.63,1.55,1.63
707427,大車隊永豐5B購01,0,,,,
707428,兆利永豐5A購01,0,,,,
707429,沛亨永豐61購01,16400,0.82,0.82,0.82,0.82
707430,宜特永豐61購01,0,,,,
707431,朋億*永豐5B購01,4320,0.48,0.48,0.48,0.48
707433,華景電永豐5B購01,0,,,,
707434,陽程永豐5B購01,0,,,,
707435,萬泰科永豐5C購02,0,,,,
707436,群翊永豐5C購01,660,0.33,0.33,0.33,0.33
707437,穩得永豐5C購01,0,,,,
707438,元太群益5A購01,0,,,,
707439,台星科群益61購01,222090,0.7,0.74,0.66,0.66
707440,立碁群益5A購01,0,,,,
707441,宜特群益5C購01,0,,,,
707442,湧德群益61購02,0,,,,
707443,勤凱群益5B購02,0,,,,
707444,新應材群益5A購02,0,,,,
707445,群翊群益64購01,0,,,,
707447,巨漢國泰5B購01,0,,,,
707448,正淩國泰5B購01,0,,,,
707449,立碁國泰5B購01,75660,1.67,1.67,1.64,1.64
707450,陽程國泰5B購01,0,,,,
707451,順達國泰5B購01,0,,,,
707452,穩得國泰5B購02,0,,,,
707453,千附統一64購01,36000,0.72,0.72,0.72,0.72
707454,千附精統一74購01,1332100,0.88,0.9,0.88,0.9
707455,台星科統一74購01,31500,0.75,0.75,0.75,0.75
707456,巨漢統一64購01,0,,,,
707457,巨漢統一67購01,0,,,,
707458,正淩統一74購01,0,,,,
707459,立敦統一74購01,0,,,,
707460,兆利統一64購02,0,,,,
707461,金山電統一74購01,0,,,,
707462,信昌電統一64購02,0,,,,
707463,美琪瑪統一63購01,2150,0.43,0.43,0.43,0.43
707464,美琪瑪統一64購02,0,,,,
707465,湧德統一64購01,2640,0.24,0.24,0.24,0.24
707466,湧德統一64購02,66000,0.22,0.22,0.22,0.22
707467,陽程統一66購01,0,,,,
707468,陽程統一74購02,0,,,,
707469,陽程統一74購03,0,,,,
707470,順達統一74購01,0,,,,
707471,新應材統一67購01,1120,0.28,0.28,0.28,0.28
707472,聖暉*統一63購01,1504200,0.58,0.6,0.55,0.55
707473,鉅橡統一64購03,0,,,,
707474,蜜望實統一74購01,0,,,,
707475,天品凱基61購01,142460,0.33,0.39,0.33,0.37
707476,台星科凱基5A購02,0,,,,
707477,立敦凱基5A購02,0,,,,
707478,立碁凱基5A購01,0,,,,
707479,宜特凱基5A購01,0,,,,
707480,美琪瑪凱基5A購02,0,,,,
707481,湧德凱基5B購02,0,,,,
707482,順達凱基5C購01,41760,1.16,1.16,1.16,1.16
707483,勤凱凱基5A購01,0,,,,
707484,萬泰科凱基5A購01,0,,,,
707485,群翊凱基61購01,4750,0.19,0.19,0.19,0.19
707487,巨漢元大5A購01,0,,,,
707488,巨漢元大5A購02,10150,0.07,0.07,0.07,0.07
707489,巨漢元大5A購03,0,,,,
707490,巨漢元大5A購04,0,,,,
707491,均豪元大5A購02,0,,,,
707492,均豪元大5C購01,460,0.15,0.16,0.15,0.15
707493,宏觀元大61購01,140,0.14,0.14,0.14,0.14
707494,沛亨元大5A購01,0,,,,
707495,沛亨元大5A購02,0,,,,
707496,沛亨元大5A購03,0,,,,
707497,沛亨元大5A購04,0,,,,
707498,矽科元大5A購01,0,,,,
707499,矽科元大61購01,0,,,,
707500,美琪瑪元大5A購02,0,,,,
707503,華景電元大5A購04,0,,,,
707504,新應材元大5A購04,420,0.14,0.14,0.14,0.14
707505,新應材元大5A購05,0,,,,
707506,新應材元大5C購01,570,0.28,0.29,0.28,0.29
707507,新應材元大61購04,0,,,,
707508,群翊元大5A購06,0,,,,
707509,巨漢國票5A購01,0,,,,
707510,巨漢國票5B購01,0,,,,
707511,沛亨國票5B購02,321270,0.69,0.69,0.63,0.63
707512,東捷國票5A購02,215820,1.98,1.98,1.98,1.98
707513,矽科國票5B購03,0,,,,
707514,萬泰科國票5B購01,0,,,,
707515,榮田國票5A購01,17170,0.17,0.17,0.17,0.17
707516,久元富邦61購01,0,,,,
707517,宏捷科富邦5C購02,0,,,,
707518,宏捷科富邦61購01,0,,,,
707519,家登富邦5C購01,0,,,,
707520,湧德富邦5C購01,0,,,,
707521,新應材富邦61購02,0,,,,
707522,萬泰科富邦5B購01,0,,,,
707523,雙鴻富邦5C購07,13510,1.93,1.93,1.93,1.93
707524,雙鴻富邦5C購08,92110,1.51,1.51,1.51,1.51
707525,譜瑞富邦5C購02,108670,0.5,0.58,0.5,0.56
707526,千附精凱基5A購01,0,,,,
707527,元太凱基61購01,21960,0.46,0.46,0.43,0.43
707528,均豪凱基5A購01,0,,,,
707529,宏觀凱基61購01,0,,,,
707530,宜特凱基5A購02,0,,,,
707531,前鼎凱基5B購02,984290,4.41,4.47,3.45,3.64
707533,華景電凱基5A購03,0,,,,
707534,陽程凱基63購01,52500,5.25,5.25,5.25,5.25
707535,新應材凱基61購02,22960,0.18,0.19,0.18,0.19
707536,萬泰科凱基5B購01,2180,1.09,1.09,1.09,1.09
707537,新應材兆豐5C購01,0,,,,
707538,弘塑國票5B購01,19960,0.04,0.04,0.04,0.04
707539,宜特國票5B購02,0,,,,
707541,前鼎國票5B購03,629200,2.2,2.98,1.94,1.98
707542,陽程國票5A購01,0,,,,
707543,新應材國票5A購04,0,,,,
707544,弘塑永豐5B購03,0,,,,
707545,弘塑永豐5C購04,0,,,,
707546,弘塑永豐61購02,0,,,,
707547,弘塑永豐64購01,14840,0.23,0.24,0.22,0.22
707548,新應材永豐5B購02,0,,,,
707549,新應材永豐5B購03,0,,,,
707550,新應材永豐64購01,0,,,,
707551,精材永豐5C購01,0,,,,
707552,台星科台新5A購01,0,,,,
707553,弘塑台新5A購01,0,,,,
707554,弘塑台新5A購02,0,,,,
707555,安葆台新5A購01,0,,,,
707556,前鼎台新5A購01,3610,3.61,3.61,3.61,3.61
707557,威聯通台新5A購01,36200,0.2,0.2,0.2,0.2
707558,新應材台新5A購01,0,,,,
707559,新應材台新5A購02,50,0.05,0.05,0.05,0.05
707560,群翊台新5A購01,0,,,,
707561,群翊台新5A購02,0,,,,
707562,力致群益5B購01,0,,,,
707563,千附精群益5A購01,0,,,,
707564,弘塑群益5A購04,0,,,,
707565,弘塑群益5C購01,235310,0.12,0.13,0.1,0.1
707566,萬泰科群益5A購02,0,,,,
707567,鑫聯群益5C購01,0,,,,
707568,弘塑國泰61購01,3700,0.37,0.37,0.37,0.37
707569,弘塑國泰61購02,6780,0.26,0.26,0.24,0.24
707570,環球晶國泰5B購01,0,,,,
707571,環球晶國泰5B購02,0,,,,
707572,弘塑富邦5C購02,1310,0.12,0.14,0.12,0.13
707573,弘塑富邦64購01,2040,0.17,0.17,0.17,0.17
707574,前鼎富邦5C購01,1800,1.8,1.8,1.8,1.8
707575,力致統一74購01,0,,,,
707576,中美晶統一64購01,2760,1.38,1.38,1.38,1.38
707577,元太統一64購01,217110,0.53,0.53,0.48,0.49
707578,元太統一74購01,0,,,,
707579,弘塑統一62購02,50070,0.12,0.15,0.12,0.13
707580,弘塑統一64購01,136150,0.18,0.2,0.18,0.18
707581,弘塑統一64購02,85530,0.15,0.15,0.14,0.15
707582,弘塑統一64購03,540,0.27,0.27,0.27,0.27
707583,立敦統一64購01,0,,,,
707584,兆利統一74購01,320,0.32,0.32,0.32,0.32
707585,宜特統一63購01,0,,,,
707586,宜特統一64購01,0,,,,
707587,金山電統一63購01,46200,2.21,2.21,2.14,2.14
707588,金山電統一64購02,0,,,,
707589,前鼎統一63購02,51000,1.7,1.7,1.7,1.7
707590,美琪瑪統一74購01,101200,0.46,0.46,0.46,0.46
707592,陽程統一64購03,0,,,,
707593,意德士統一62購01,0,,,,
707594,意德士統一64購01,0,,,,
707595,意德士統一74購01,0,,,,
707596,臺慶科統一64購01,62260,0.88,0.88,0.86,0.86
707597,蜜望實統一63購02,0,,,,
707598,蜜望實統一64購01,1270,1.27,1.27,1.27,1.27
707599,蜜望實統一74購02,11380,1.04,1.04,0.98,0.98
707600,環球晶統一63購03,0,,,,
707601,弘塑元大5A購02,0,,,,
707602,弘塑元大61購01,0,,,,
707603,立碁元大5C購01,0,,,,
707604,宜特元大5A購02,0,,,,
707605,宜特元大5C購02,0,,,,
707606,前鼎元大5A購03,10400,2.08,2.08,2.08,2.08
707608,前鼎元大5C購02,0,,,,
707609,前鼎元大61購01,5169440,2.3,2.3,1.87,1.9
707610,勤凱元大5A購04,0,,,,
707611,勤凱元大5A購05,0,,,,
707612,勤凱元大5A購06,0,,,,
707613,雙鴻元大5A購07,7000,1.4,1.4,1.4,1.4
707614,雙鴻元大61購13,2734550,1.44,1.46,1.26,1.36
707615,穩得元大5A購02,0,,,,
707616,鑫聯元大5A購02,0,,,,
707617,九豪永豐5C購01,22410,0.47,0.47,0.42,0.42
707618,天品永豐5B購01,0,,,,
707619,立敦永豐5A購01,760,0.19,0.19,0.19,0.19
707620,宜特永豐5B購02,0,,,,
707621,美琪瑪永豐5C購01,0,,,,
707622,鈊象永豐5C購01,25520,0.44,0.44,0.44,0.44
707623,精材永豐61購01,0,,,,
707624,蜜望實永豐5C購01,11760,1.68,1.68,1.68,1.68
707625,環球晶永豐5C購02,0,,,,
707626,九豪凱基5A購03,900,0.45,0.45,0.45,0.45
707627,力致凱基5B購01,0,,,,
707628,宏捷科凱基5B購01,630,0.21,0.21,0.21,0.21
707629,長科*凱基5A購01,0,,,,
707631,群翊凱基5A購01,0,,,,
707632,精材凱基5A購03,17200,17.2,17.2,17.2,17.2
707633,蜜望實凱基5A購01,14300,1.43,1.43,1.43,1.43
707634,環球晶凱基5B購01,0,,,,
707635,穩得凱基5A購01,0,,,,
707636,九豪台新5A購01,1340,0.67,0.67,0.67,0.67
707637,九豪台新5A購02,0,,,,
707638,九豪台新5A購03,0,,,,
707639,中美晶台新5A購01,0,,,,
707640,中美晶台新5B購01,0,,,,
707641,宜特台新5B購01,0,,,,
707642,宜特台新61購01,0,,,,
707643,茂迪台新5A購01,0,,,,
707644,博磊台新5A購01,0,,,,
707645,博磊台新5A購02,0,,,,
707646,博磊台新5A購03,0,,,,
707647,環球晶台新5A購01,0,,,,
707648,環球晶台新5A購02,0,,,,
707649,譜瑞台新5A購01,0,,,,
707650,聖暉*兆豐5C購01,0,,,,
707651,九豪元大5A購02,0,,,,
707652,九豪元大5A購03,0,,,,
707653,力致元大5A購01,0,,,,
707654,安葆元大5A購01,3000,0.03,0.03,0.03,0.03
707655,系統電元大5A購02,0,,,,
707656,宜特元大5A購03,0,,,,
707657,宜特元大5B購01,0,,,,
707658,宜特元大5C購03,0,,,,
707659,宜特元大61購01,0,,,,
707660,宜特元大63購02,0,,,,
707661,朋億*元大5A購01,0,,,,
707664,博磊元大5A購02,70,0.07,0.07,0.07,0.07
707665,意德士元大5A購01,0,,,,
707666,新盛力元大5A購02,17280,2.88,2.88,2.88,2.88
707667,鉅橡元大5A購01,0,,,,
707668,蜜望實元大5A購01,0,,,,
707669,蜜望實元大5A購02,0,,,,
707670,九豪群益5A購03,0,,,,
707671,元太群益5A購02,0,,,,
707672,美琪瑪群益5A購02,0,,,,
707673,蜜望實群益5A購01,0,,,,
707674,優群群益5A購01,200,0.01,0.01,0.01,0.01
707676,加高國票5B購01,78500,0.43,0.43,0.37,0.37
707677,艾訊國票5B購01,25500,0.85,0.85,0.85,0.85
707678,均豪國票5A購02,0,,,,
707679,宜特國票5B購03,0,,,,
707680,博磊國票5B購01,0,,,,
707681,漢達國票5B購01,2224230,3.18,3.48,3.18,3.4
707682,蜜望實國票5A購02,0,,,,
707683,九豪富邦5C購01,56780,0.34,0.34,0.33,0.33
707684,宜特富邦61購01,0,,,,
707685,九豪統一64購01,0,,,,
707686,九豪統一64購02,0,,,,
707687,九豪統一74購01,6590,0.59,0.6,0.59,0.6
707688,千附統一74購01,30600,1.02,1.02,1.02,1.02
707689,千附精統一74購02,504140,1.22,1.24,1.21,1.22
707690,台星科統一74購02,33100,0.44,0.45,0.44,0.44
707691,兆利統一74購02,0,,,,
707692,兆利統一74購03,0,,,,
707693,宏觀統一74購01,0,,,,
707694,系統電統一64購02,0,,,,
707695,宜特統一64購02,0,,,,
707696,宜特統一65購02,3000,0.15,0.15,0.15,0.15
707697,宜特統一74購02,0,,,,
707698,茂迪統一67購02,0,,,,
707699,意德士統一65購01,0,,,,
707700,意德士統一74購02,0,,,,
707701,萬泰科統一74購03,69550,0.75,0.75,0.74,0.74
707702,臺慶科統一66購01,0,,,,
707703,優群統一66購01,0,,,,
707704,環球晶統一64購03,0,,,,
707705,環球晶統一74購01,53350,1.88,1.88,1.74,1.75
707706,力致台新5A購01,30,0.03,0.03,0.03,0.03
707707,力致台新5A購02,0,,,,
707708,久元台新5A購01,0,,,,
707709,美琪瑪台新5A購01,0,,,,
707710,千附精國票5B購02,58700,0.6,0.64,0.57,0.57
707711,千附精國票5B購03,0,,,,
707712,方土昶國票5B購01,0,,,,
707713,立碁國票5B購01,4050,0.81,0.81,0.81,0.81
707714,邑昇國票5B購01,350,0.07,0.07,0.07,0.07
707715,欣銓國票5B購02,59180,1.09,1.19,1.09,1.16
707716,信紘科國票5A購01,0,,,,
707717,信紘科國票5B購01,3000,0.1,0.1,0.1,0.1
707718,家登國票5A購01,24610,1.29,1.35,1.25,1.29
707719,能率亞國票5B購01,180270,1.18,1.2,1.13,1.13
707720,華容國票5B購01,0,,,,
707721,群聯國票5B購01,431940,1.08,1.15,1.02,1.02
707722,蜜望實國票5B購01,11440,1.15,1.15,1.13,1.13
707724,千附精元大5A購02,0,,,,
707725,千附精元大5A購03,0,,,,
707726,千附精元大5A購04,6000,0.3,0.3,0.3,0.3
707727,千附精元大5A購05,0,,,,
707728,千附精元大5A購06,15290,1.39,1.39,1.39,1.39
707729,欣銓元大5A購02,0,,,,
707730,欣銓元大63購03,273140,2.25,2.46,2.25,2.45
707731,美琪瑪元大5A購03,0,,,,
707732,華容元大5A購01,0,,,,
707733,群翊元大5A購07,0,,,,
707734,群聯元大5A購01,63640,0.68,0.72,0.67,0.72
707735,群聯元大5A購02,373410,0.42,0.47,0.42,0.45
707736,鈺太元大61購01,0,,,,
707738,蜜望實元大5A購04,0,,,,
707739,蜜望實元大5A購05,0,,,,
707740,千附精凱基5A購02,10870,0.67,0.67,0.51,0.51
707741,方土昶凱基5A購01,9200,0.92,0.92,0.92,0.92
707742,欣銓凱基5A購01,71000,1.56,1.63,1.47,1.63
707743,欣銓凱基5A購02,7350,2.45,2.45,2.45,2.45
707744,信紘科凱基5A購02,0,,,,
707746,萬泰科凱基5A購02,15640,0.38,0.38,0.34,0.34
707747,群聯凱基5A購01,254540,0.63,0.65,0.63,0.65
707748,群聯凱基5A購02,289730,1.11,1.21,1.03,1.03
707749,蜜望實凱基5A購02,0,,,,
707750,千附精永豐5C購01,0,,,,
707751,方土昶永豐5A購01,0,,,,
707752,世禾永豐5B購01,28130,0.06,0.07,0.06,0.07
707753,立碁永豐61購01,28870,0.39,0.4,0.39,0.39
707754,欣銓永豐5A購01,44310,1.4,1.55,1.4,1.49
707755,欣銓永豐5C購01,413140,1.35,1.65,1.35,1.63
707756,新盛力永豐5A購01,0,,,,
707757,群聯永豐61購01,849830,0.69,0.72,0.64,0.64
707758,群聯永豐64購01,631850,0.89,0.92,0.85,0.85
707759,蜜望實永豐61購01,728010,0.89,0.89,0.83,0.83
707760,信昌電國泰5B購01,0,,,,
707761,信紘科國泰5B購01,0,,,,
707762,群翊國泰5C購01,0,,,,
707763,群聯群益5B購01,540770,1.46,1.55,1.37,1.39
707764,群聯群益61購01,673120,1.43,1.52,1.37,1.37
707765,群聯群益64購01,711610,1.76,1.86,1.76,1.85
707766,蜜望實國泰5B購01,0,,,,
707767,精材兆豐5C購01,6159800,7.65,7.65,7.5,7.5
707768,力旺永豐5A購01,0,,,,
707769,力旺永豐5B購01,0,,,,
707770,力旺永豐5C購01,31500,0.15,0.15,0.15,0.15
707771,台半永豐5C購01,345010,1.85,1.85,1.76,1.76
707772,巨有永豐5C購01,220440,3.51,3.51,3.41,3.41
707773,立端永豐5A購01,0,,,,
707774,宏捷科永豐5C購02,0,,,,
707775,亞通永豐5A購01,217830,2.05,3.2,2.05,3.1
707776,旺矽永豐5B購02,59000,0.75,0.78,0.63,0.63
707777,信昌電永豐5C購01,12500,12.5,12.5,12.5,12.5
707778,信驊永豐5B購04,553920,2.85,2.85,2.52,2.6
707779,華景電永豐5C購02,0,,,,
707780,精測永豐61購02,500,0.5,0.5,0.5,0.5
707781,臺慶科永豐5B購01,770,0.77,0.77,0.77,0.77
707782,聰泰永豐5A購01,5340,0.08,0.14,0.08,0.14
707783,力旺凱基5A購03,0,,,,
707784,力旺凱基5A購04,0,,,,
707785,力旺凱基5B購02,4500,0.1,0.1,0.1,0.1
707786,力旺凱基5C購01,1700,0.34,0.34,0.34,0.34
707787,力旺凱基61購01,0,,,,
707788,立碁凱基5B購01,27740,0.21,0.29,0.21,0.29
707789,宏捷科凱基5A購02,0,,,,
707790,旺矽凱基5A購05,0,,,,
707791,旺矽凱基5B購02,0,,,,
707792,旺矽凱基5C購02,458920,0.61,0.63,0.61,0.63
707793,信昌電凱基5A購02,0,,,,
707794,信昌電凱基5A購03,0,,,,
707795,信驊凱基5A購04,253720,3.77,4.06,3.77,3.9
707796,信驊凱基5B購03,1388760,3.6,3.71,3.28,3.41
707797,信驊凱基5C購02,797520,3.35,3.44,3.08,3.18
707798,信驊凱基61購04,1211820,3.09,3.27,2.97,3.11
707799,家登凱基5A購01,167260,0.88,1.29,0.88,1.12
707800,華景電凱基5A購04,0,,,,
707801,群翊凱基5A購02,0,,,,
707802,精測凱基5A購01,0,,,,
707803,精測凱基5A購02,0,,,,
707804,精測凱基5A購03,0,,,,
707805,力領台新5A購01,32000,0.28,0.3,0.28,0.3
707806,世界台新5A購01,209700,2.16,2.25,2.04,2.04
707807,宏捷科台新5A購01,0,,,,
707808,宏捷科台新5A購02,0,,,,
707809,宏捷科台新61購01,0,,,,
707810,旺矽台新5A購01,9970,0.93,0.93,0.67,0.67
707811,旺矽台新5A購02,0,,,,
707812,信驊台新5A購01,90980,4.54,4.55,4.54,4.55
707813,信驊台新5A購02,8160,2.74,2.74,2.68,2.68
707814,群翊台新5A購03,0,,,,
707815,璟德台新5A購01,18000,0.09,0.09,0.09,0.09
707816,力旺元大5A購04,0,,,,
707817,力旺元大5A購05,0,,,,
707818,力旺元大5B購01,1000,0.03,0.07,0.03,0.07
707819,均豪元大5A購03,0,,,,
707820,旺矽元大5A購04,0,,,,
707821,旺矽元大5B購02,91490,0.79,0.82,0.7,0.7
707822,旺矽元大61購02,0,,,,
707823,長科*元大5A購01,0,,,,
707824,信昌電元大5A購03,0,,,,
707825,信昌電元大5A購04,0,,,,
707827,信昌電元大5A購06,0,,,,
707828,信驊元大5A購02,488220,2.22,2.25,2.1,2.13
707829,信驊元大63購01,1907420,4.32,4.64,4.26,4.4
707830,美琪瑪元大5A購04,0,,,,
707831,華景電元大5A購05,0,,,,
707832,新盛力元大61購01,0,,,,
707833,群翊元大61購01,0,,,,
707834,精測元大5B購02,199840,0.53,0.58,0.45,0.45
707835,精測元大63購04,259080,0.38,0.41,0.34,0.35
707836,穩得元大5A購03,0,,,,
707837,中光電國泰5B購01,23000,0.23,0.23,0.23,0.23
707838,立碁國泰5B購02,0,,,,
707839,旺矽國泰5B購01,54200,0.93,1.0,0.81,0.81
707840,旺矽國泰5B購02,128970,0.71,0.72,0.58,0.58
707841,信昌電國泰5B購02,0,,,,
707842,新盛力國泰5B購01,0,,,,
707843,旺矽統一64購02,1097800,0.95,1.07,0.93,0.93
707844,群聯統一64購01,399420,0.86,0.89,0.81,0.81
707845,精測統一64購03,139200,0.37,0.37,0.33,0.33
707846,力旺富邦5C購01,146620,0.19,0.2,0.18,0.19
707847,良維富邦62購01,550680,0.74,0.87,0.74,0.75
707848,旺矽富邦64購02,4196670,0.9,0.97,0.8,0.8
707849,欣銓富邦5A購01,1080,1.08,1.08,1.08,1.08
707850,欣銓富邦64購01,291060,0.85,1.02,0.85,0.96
707851,信紘科富邦62購01,0,,,,
707852,信驊富邦61購01,847480,3.28,3.47,3.15,3.29
707853,華電網富邦62購01,0,,,,
707854,順達富邦62購01,65100,0.57,0.6,0.57,0.6
707855,新盛力富邦5C購01,0,,,,
707856,新盛力富邦61購01,0,,,,
707857,群翊富邦5B購01,29940,0.03,0.03,0.03,0.03
707858,群聯富邦5C購01,1025710,0.75,0.82,0.75,0.75
707859,群聯富邦61購01,1921770,0.94,1.0,0.9,0.9
707860,精測富邦61購01,659960,0.23,0.24,0.2,0.2
707861,M31凱基5A購02,0,,,,
707862,M31凱基5A購03,0,,,,
707863,宏觀凱基61購02,0,,,,
707864,良維凱基5B購03,0,,,,
707865,家登凱基5A購02,41620,0.38,0.39,0.38,0.39
707866,華景電凱基5C購01,0,,,,
707867,新盛力凱基5A購03,0,,,,
707868,聖暉*凱基5A購02,0,,,,
707869,鏵友益凱基5A購01,0,,,,
707870,環球晶兆豐5C購02,0,,,,
707871,M31元大5A購01,0,,,,
707872,M31元大5A購02,0,,,,
707873,M31元大61購01,41490,0.19,0.21,0.18,0.21
707874,M31元大63購01,3160,0.21,0.23,0.21,0.23
707875,久元元大5A購02,0,,,,
707876,千附元大5A購01,5700,0.19,0.19,0.19,0.19
707877,加高元大5A購01,0,,,,
707878,台嘉碩元大5A購02,260,0.13,0.13,0.13,0.13
707879,立敦元大5A購01,0,,,,
707881,立碁元大63購01,186630,1.06,1.08,1.01,1.04
707882,宏觀元大5C購01,0,,,,
707883,欣銓元大5A購03,14360,1.11,1.35,1.1,1.35
707884,家登元大61購01,1950,1.95,1.95,1.95,1.95
707885,華電網元大5A購02,0,,,,
707886,鈺太元大5A購01,0,,,,
707887,鏵友益元大5A購01,0,,,,
707888,元債20群益5A購01,0,,,,
707889,世界群益5A購02,0,,,,
707890,宏觀群益5A購01,100,0.01,0.01,0.01,0.01
707891,欣銓群益5A購01,1840,1.84,1.84,1.84,1.84
707892,翔名群益5A購01,0,,,,
707893,環球晶群益5A購04,0,,,,
707894,M31富邦5C購01,0,,,,
707895,元太富邦61購01,163150,0.59,0.59,0.54,0.54
707896,台星科富邦61購01,272790,0.34,0.4,0.34,0.35
707897,均豪富邦62購01,0,,,,
707898,宏捷科富邦5C購03,0,,,,
707899,宏捷科富邦61購02,0,,,,
707900,華景電富邦61購01,800,0.08,0.08,0.08,0.08
707901,鈊象富邦61購01,19800,0.33,0.33,0.33,0.33
707902,萬泰科富邦62購01,173340,0.57,0.59,0.56,0.56
707903,欣銓群益5A購02,335730,0.47,0.48,0.47,0.48
707904,新盛力群益5A購01,0,,,,
707906,久元元大5A購03,0,,,,
707907,方土昶元大5A購01,0,,,,
707908,世界元大5A購03,1340,0.67,0.67,0.67,0.67
707909,尼克森元大5A購01,0,,,,
707910,立碁元大5A購03,0,,,,
707911,兆利元大5A購01,0,,,,
707912,均華元大5A購01,4000,0.04,0.04,0.04,0.04
707913,均華元大5A購02,530,0.01,0.01,0.01,0.01
707914,均豪元大5A購04,0,,,,
707915,沛亨元大5A購05,54640,0.24,0.24,0.2,0.2
707916,邑昇元大5A購01,0,,,,
707917,信紘科元大5A購02,0,,,,
707918,家登元大5A購03,0,,,,
707919,家登元大5A購04,110330,0.51,0.66,0.51,0.63
707920,華景電元大5A購06,0,,,,
707921,華景電元大63購01,0,,,,
707922,新盛力元大5A購03,0,,,,
707923,德微元大5A購01,0,,,,
707924,久元凱基5A購01,0,,,,
707925,合晶凱基5A購01,0,,,,
707926,均華凱基5A購01,0,,,,
707927,系微凱基5A購03,0,,,,
707928,欣銓凱基63購01,125180,1.03,1.2,1.03,1.2
707929,家登凱基5A購03,17000,0.34,0.34,0.34,0.34
707930,鈺太凱基61購01,0,,,,
707931,環球晶凱基5A購01,612950,4.53,4.53,3.48,3.48
707932,世禾富邦5C購02,0,,,,
707933,均華富邦61購01,250500,0.23,0.25,0.2,0.2
707934,沛亨富邦5B購01,34900,0.32,0.36,0.32,0.36
707935,欣銓富邦5B購01,225810,0.37,0.52,0.37,0.45
707936,中美晶兆豐64購01,34700,2.72,2.78,2.54,2.54
707937,順達兆豐5C購02,0,,,,
707938,世界群益5A購03,23250,0.75,0.75,0.75,0.75
707939,合晶群益5B購01,0,,,,
707940,良維群益5A購01,3630,0.13,0.13,0.1,0.1
707941,原相群益5A購01,0,,,,
707942,創惟群益5B購01,0,,,,
707943,富喬群益5A購03,0,,,,
707944,富喬群益5A購04,4000,0.2,0.2,0.2,0.2
707945,聖暉*群益5B購01,19600,0.19,0.6,0.19,0.6
707946,德微群益5A購01,0,,,,
707947,雙鴻群益5B購06,224820,0.86,0.92,0.71,0.71
707948,久元凱基5A購02,55850,0.19,0.19,0.18,0.18
707949,千附凱基5A購01,900,0.03,0.03,0.03,0.03
707950,世界凱基5A購02,2160,0.66,0.75,0.66,0.75
707951,兆利凱基5A購01,0,,,,
707952,艾訊凱基5B購01,0,,,,
707953,均豪凱基5A購02,0,,,,
707954,沛亨凱基5A購02,44720,0.15,0.2,0.12,0.13
707955,家登凱基5A購04,1700,0.17,0.17,0.17,0.17
707956,勤凱凱基5A購02,9450,0.35,0.35,0.35,0.35
707957,新盛力凱基5B購01,66290,2.05,2.08,2.05,2.08
707958,鉅橡凱基5A購03,0,,,,
707959,雙鴻凱基5A購07,0,,,,
707960,雙鴻凱基61購02,28560,0.99,1.05,0.99,1.05
707961,中美晶富邦5A購01,168800,1.42,1.44,1.32,1.32
707962,長科*富邦62購01,112290,0.94,1.03,0.94,0.94
707963,家登富邦61購01,979210,0.5,0.56,0.5,0.53
707964,富喬富邦61購01,277480,0.38,0.39,0.31,0.31
707965,聖暉*富邦5C購01,42020,0.4,0.4,0.39,0.39
707966,鉅橡富邦5B購01,4000,0.04,0.04,0.04,0.04
707967,鈺太富邦5A購01,0,,,,
707968,優群富邦61購01,0,,,,
707969,環球晶富邦5B購01,0,,,,
707970,雙鴻富邦5C購09,577160,0.84,0.93,0.84,0.86
707971,巨有元大5A購01,153760,3.01,3.19,2.74,2.74
707972,富喬元大5C購02,13500,0.3,0.3,0.3,0.3
707973,華義元大5A購01,0,,,,
707974,環球晶元大5A購01,3720,1.24,1.24,1.24,1.24
707975,雙鴻兆豐5C購02,7000,1.0,1.0,1.0,1.0
707976,世界兆豐5C購01,0,,,,
707977,富喬國票5A購02,11350,0.25,0.25,0.19,0.19
707978,富喬國票5B購02,0,,,,
707979,華義國票5B購01,0,,,,
707980,華義國票5B購02,0,,,,
707981,新盛力國票5A購02,63720,1.08,1.08,1.08,1.08
707982,雙鴻凱基5A購08,52150,0.4,0.4,0.26,0.26
707983,良維凱基5A購04,0,,,,
707984,聖暉*凱基5C購01,590,0.59,0.59,0.59,0.59
707985,德微凱基5A購02,192000,0.64,0.64,0.64,0.64
707986,環球晶凱基5A購02,0,,,,
707987,雙鴻凱基5C購06,191540,1.8,1.95,1.71,1.71
707988,譜瑞群益5A購01,0,,,,
707989,系統電國泰5B購01,0,,,,
707990,新盛力國泰5B購02,0,,,,
707991,群聯國泰5B購01,1320,1.32,1.32,1.32,1.32
707992,群聯國泰5B購02,3960,0.99,0.99,0.99,0.99
707993,立碁元大5A購04,0,,,,
707994,系微元大5C購01,0,,,,
707995,德微元大5A購02,0,,,,
707996,立碁永豐5B購02,49820,0.48,0.48,0.46,0.46
707997,新盛力永豐61購01,244650,1.51,1.53,1.51,1.52
707998,群聯永豐5C購01,1202590,0.78,0.82,0.75,0.75
707999,聖暉*永豐5C購02,0,,,,
708000,德微永豐5B購01,800,0.8,0.8,0.8,0.8
708001,雙鴻永豐5C購04,414320,1.4,1.44,1.27,1.27
708002,雙鴻永豐61購03,0,,,,
708003,立碁國票5B購02,0,,,,
708004,兆利國票5B購01,0,,,,
708005,系微國票5B購01,0,,,,
708006,良維國票5B購01,538920,0.23,0.23,0.2,0.2
708007,凌陽創國票5B購01,0,,,,
708008,群聯國票5B購03,138200,0.72,0.76,0.67,0.69
708009,聖暉*國票5B購01,0,,,,
708010,鉅橡國票5B購02,0,,,,
708011,矽科台新5A購01,0,,,,
708012,捷創台新5A購01,0,,,,
708013,富強鑫台新5A購01,7490,0.27,0.47,0.27,0.47
708014,崴寶台新5A購01,0,,,,
708015,群聯台新5A購01,185240,2.7,4.2,2.53,4.2
708016,群聯台新5A購02,73950,1.71,1.78,1.71,1.78
708017,群聯台新5A購03,136900,0.82,0.92,0.82,0.85
708018,穩得台新5A購01,0,,,,
708019,良維凱基5B購04,2760,0.09,0.09,0.08,0.08
708020,東捷凱基5A購03,4940,1.6,1.7,1.6,1.7
708021,群聯凱基5B購01,268350,0.87,0.95,0.82,0.82
708022,精材凱基5C購01,0,,,,
708023,譜瑞凱基5A購01,0,,,,
708024,三聯國票5A購01,0,,,,
708025,大綜國票5A購01,78510,0.6,0.74,0.59,0.63
708026,太景*國票5B購01,11000,0.11,0.11,0.11,0.11
708027,良維國票5B購02,1046080,0.27,0.27,0.22,0.22
708028,朋程國票5A購01,210,0.21,0.21,0.21,0.21
708029,崴寶國票5B購01,3960,0.18,0.18,0.18,0.18
708030,群翊國票5B購03,0,,,,
708031,群聯國票5B購04,69360,1.02,1.02,1.02,1.02
708032,環球晶國票5A購02,0,,,,
708033,譜瑞國票5B購01,0,,,,
708034,久元永豐5C購01,0,,,,
708035,良維永豐5C購02,0,,,,
708036,精材永豐5C購02,0,,,,
708037,雙鴻永豐5B購03,149850,0.68,0.73,0.55,0.61
708038,雙鴻永豐63購02,75900,1.02,1.02,0.96,0.96
708039,力致國泰5C購01,0,,,,
708040,良維元大5A購04,600,0.1,0.1,0.1,0.1
708041,良維元大63購01,115800,0.42,0.47,0.42,0.47
708042,新盛力元大5A購04,5190,1.06,1.08,0.93,0.93
708043,良維富邦61購01,172050,0.24,0.27,0.22,0.22
708044,新盛力富邦61購02,1825300,1.08,1.1,1.0,1.0
708045,兆利群益5A購01,0,,,,
708046,系統電群益5B購01,0,,,,
708047,良維群益5B購03,0,,,,
708048,臺慶科群益5A購01,0,,,,
708049,雙鴻群益5A購07,98050,0.37,0.37,0.37,0.37
708050,中美晶台新5B購02,67510,1.57,1.57,1.57,1.57
708051,兆利台新5A購01,0,,,,
708052,兆利台新5A購02,0,,,,
708053,環球晶台新5A購03,0,,,,
708054,環球晶台新5A購04,175540,3.14,3.33,2.5,2.55
708055,群聯元大5A購03,327840,0.4,0.41,0.4,0.41
708056,環球晶元大5A購02,0,,,,
708057,環球晶元大5A購03,0,,,,
708058,環球晶元大5A購04,0,,,,
708059,世界凱基5A購03,51000,0.85,0.85,0.85,0.85
708060,系統電凱基5A購03,0,,,,
708061,欣銓凱基5A購03,39300,0.78,0.84,0.77,0.81
708062,順達凱基5A購04,0,,,,
708063,群聯凱基5B購02,47620,0.31,0.32,0.31,0.32
708064,群聯兆豐64購01,60120,1.72,1.72,1.61,1.61
708065,中美晶群益5C購01,659490,1.45,1.48,1.3,1.3
708066,群聯群益5B購02,60950,0.48,0.52,0.45,0.45
708067,群聯群益5C購01,521300,0.87,0.89,0.87,0.87
708068,精材群益5A購05,0,,,,
708069,精材群益5A購06,0,,,,
708070,雙鴻群益5B購07,107790,0.64,0.74,0.6,0.61
708071,凡甲國票5B購01,2500,0.17,0.17,0.16,0.16
708072,久元國票5B購01,0,,,,
708073,中美晶國票5B購01,0,,,,
708074,欣銓國票5C購01,3720,1.24,1.24,1.24,1.24
708075,萬泰科國票5B購02,0,,,,
708076,群聯國票5B購05,90590,0.84,0.9,0.78,0.81
708077,精材國票5B購01,0,,,,
708078,鑫聯國票5B購01,0,,,,
708079,鴻呈國泰5C購01,0,,,,
708080,譜瑞國泰5B購01,0,,,,
708081,久元富邦61購02,0,,,,
708082,系統電富邦61購01,1200,0.24,0.24,0.24,0.24
708083,家登富邦5C購02,1309650,0.78,0.89,0.77,0.84
708084,群聯富邦5C購02,931780,0.83,0.87,0.83,0.84
708085,群聯富邦61購02,890350,0.69,0.73,0.67,0.67
708086,譜瑞富邦5C購03,14500,0.21,0.21,0.2,0.2
708087,譜瑞富邦61購01,33280,0.16,0.16,0.15,0.15
708088,群聯永豐5C購02,880,0.44,0.44,0.44,0.44
708089,群聯永豐64購02,45450,0.84,0.88,0.82,0.82
708090,精材永豐5B購02,20150,4.03,4.03,4.03,4.03
708091,中美晶凱基61購02,0,,,,
708092,矽科凱基5B購01,0,,,,
708093,群聯凱基61購01,23850,0.4,0.4,0.35,0.35
708094,精材凱基5B購02,0,,,,
708095,環球晶凱基5B購02,0,,,,
708096,譜瑞凱基5B購01,0,,,,
708097,久元國票5C購01,0,,,,
708098,台星科國票5C購01,0,,,,
708099,正淩國票5C購01,0,,,,
708100,亞信國票5C購01,0,,,,
708101,佳邦國票5C購01,1800,0.18,0.18,0.18,0.18
708102,金山電國票5C購01,0,,,,
708103,原相國票5B購01,31200,0.12,0.12,0.12,0.12
708104,原相國票5C購01,0,,,,
708105,家登國票5B購01,0,,,,
708106,新潤國票5C購01,0,,,,
708107,群聯國票61購01,0,,,,
708108,精華國票5C購01,0,,,,
708109,磐儀國票5C購01,27420,0.13,0.13,0.12,0.12
708110,世界台新5B購01,535720,0.61,0.64,0.61,0.62
708111,矽科台新5B購01,0,,,,
708112,家登台新5B購01,144110,1.34,1.49,1.34,1.46
708113,家登台新5B購02,0,,,,
708114,家登台新62購01,0,,,,
708115,勤凱台新5B購01,288850,0.97,0.97,0.85,0.85
708116,群聯台新5B購01,0,,,,
708117,群聯台新5B購02,86420,0.2,0.22,0.17,0.17
708118,世界群益5B購05,710490,1.32,1.58,1.32,1.58
708119,欣銓群益5B購01,203080,2.03,2.45,1.99,2.27
708120,家登群益5B購01,4970,0.7,0.7,0.61,0.61
708121,家登群益61購01,0,,,,
708122,世界永豐65購01,38100,0.79,0.81,0.76,0.81
708123,台特化永豐62購01,0,,,,
708124,高鋒永豐5C購01,200,0.2,0.2,0.2,0.2
708125,群聯永豐65購01,0,,,,
708126,群聯中信62購01,0,,,,
708127,凡甲國泰61購01,0,,,,
708128,東捷國泰61購01,44220,3.68,3.71,3.68,3.71
708129,欣銓國泰5C購01,275800,1.46,1.72,1.46,1.7
708130,群聯國泰61購01,0,,,,
708131,中美晶富邦61購01,259560,1.5,1.55,1.49,1.5
708132,環球晶富邦5C購02,5850,1.17,1.17,1.17,1.17
708133,中美晶元大5B購02,0,,,,
708134,中美晶元大5B購03,3240,1.08,1.08,1.08,1.08
708135,世界元大5B購02,35460,0.94,0.94,0.88,0.88
708136,世界元大5B購03,51580,0.98,1.06,0.98,1.06
708137,均豪元大5B購01,0,,,,
708138,群聯元大5B購01,323460,0.77,0.82,0.77,0.8
708139,群聯元大5B購02,573720,0.74,0.78,0.73,0.74
708140,群聯元大64購01,513660,0.85,0.88,0.85,0.85
708141,精材元大5B購03,0,,,,
708142,精材元大5B購04,0,,,,
708143,精材元大5B購05,0,,,,
708144,雙鴻元大61購14,0,,,,
708145,大學光凱基5B購01,0,,,,
708146,世界凱基5B購01,34300,0.41,0.46,0.41,0.46
708147,正淩凱基5C購01,0,,,,
708148,欣銓凱基61購01,18700,1.02,1.12,1.02,1.06
708149,原相凱基5B購02,0,,,,
708150,家登凱基5B購01,0,,,,
708151,群翊凱基61購02,0,,,,
708152,群聯凱基63購01,418070,0.56,0.57,0.53,0.53
708153,鈺太凱基5B購01,0,,,,
708154,安葆台新5B購01,0,,,,
708155,家碩台新5B購01,1120,0.28,0.28,0.28,0.28
708156,家碩台新5B購02,0,,,,
708157,鉅橡台新5B購01,0,,,,
708158,華景電國泰5C購01,0,,,,
708159,世界富邦5B購01,365680,0.33,0.41,0.33,0.36
708160,系微富邦63購01,375660,0.16,0.17,0.15,0.15
708161,茂迪富邦63購02,0,,,,
708162,原相富邦5B購01,2900,0.1,0.1,0.09,0.09
708163,萬泰科富邦5B購02,0,,,,
708164,群聯富邦62購01,684120,0.54,0.57,0.54,0.56
708165,群聯富邦62購02,682770,0.39,0.41,0.39,0.4
708166,凡甲永豐5C購01,0,,,,
708167,東捷永豐64購02,9400,1.47,1.65,1.47,1.65
708168,東捷永豐67購01,66860,1.65,1.7,1.65,1.68
708169,華景電永豐61購02,0,,,,
708170,璟德永豐61購01,0,,,,
708171,家登中信5B購01,0,,,,
708172,譜瑞中信5B購01,1810,0.12,0.13,0.12,0.12
708173,欣銓兆豐61購01,123610,1.11,1.14,1.07,1.14
708174,凡甲國票5C購01,0,,,,
708175,安葆國票5C購01,0,,,,
708176,東捷國票5C購01,71570,1.53,1.62,1.53,1.53
708177,華景電國票5C購01,0,,,,
708178,群翊國票5C購01,0,,,,
708179,群聯國票66購01,359300,0.7,0.72,0.66,0.66
708180,東捷群益5B購02,850,0.85,0.85,0.85,0.85
708181,東捷群益5B購03,239080,1.09,1.11,1.09,1.1
708182,華景電群益5B購01,0,,,,
708183,群聯群益61購03,177460,0.38,0.38,0.38,0.38
708184,久元元大64購01,0,,,,
708185,正淩元大5B購01,0,,,,
708186,東捷元大5B購01,33720,1.61,1.82,1.58,1.82
708187,東捷元大5B購02,0,,,,
708188,東捷元大5B購03,19400,1.94,1.94,1.94,1.94
708189,東捷元大5B購04,94050,0.65,0.8,0.65,0.74
708190,家登元大5B購02,103500,0.53,0.6,0.52,0.59
708191,順達元大64購03,0,,,,
708192,萬泰科元大5B購01,0,,,,
708193,群翊元大5B購01,0,,,,
708194,群聯元大5B購03,6150,0.25,0.25,0.22,0.22
708195,群聯元大64購02,37700,0.63,0.63,0.62,0.62
708197,精材元大5B購07,0,,,,
708198,精材元大61購06,0,,,,
708199,環球晶元大5B購01,0,,,,
708201,凡甲凱基5B購01,0,,,,
708202,久元凱基5B購01,0,,,,
708203,台特化凱基5B購01,0,,,,
708204,安葆凱基5C購01,0,,,,
708205,家登凱基5B購02,0,,,,
708206,華景電凱基5B購01,0,,,,
708207,順達凱基63購01,71520,0.82,0.82,0.75,0.75
708208,萬泰科凱基5C購01,0,,,,
708209,群聯凱基64購01,293280,0.52,0.52,0.52,0.52
708210,環球晶凱基5B購03,239360,3.05,3.05,2.56,2.56
708211,穩得凱基5B購01,0,,,,
708212,鑫聯凱基5C購01,0,,,,
708213,台特化台新5B購01,1110,0.27,0.28,0.27,0.28
708214,台特化台新5B購02,0,,,,
708215,系微台新5B購01,0,,,,
708216,欣銓台新5B購01,36300,1.85,1.85,1.78,1.78
708217,欣銓台新5B購02,111760,1.4,1.76,1.4,1.71
708218,湧德台新5B購01,0,,,,
708219,華景電台新5B購01,0,,,,
708220,鈊象台新5B購01,46000,0.92,0.92,0.92,0.92
708221,萬泰科台新5B購01,0,,,,
708222,萬泰科台新5B購02,63920,0.47,0.47,0.47,0.47
708223,精材台新5B購01,0,,,,
708225,璟德中信5B購01,0,,,,
708226,安葆國泰5C購01,0,,,,
708227,群翊國泰5C購02,0,,,,
708228,凡甲富邦61購01,0,,,,
708229,中光電富邦62購01,639210,0.7,0.7,0.65,0.65
708230,均豪富邦5B購01,1890,0.09,0.09,0.09,0.09
708231,捷創富邦62購01,0,,,,
708232,世界永豐5C購01,215900,0.77,0.81,0.77,0.81
708233,家登永豐61購01,6160,0.36,0.39,0.36,0.38
708234,家碩永豐5B購01,60,0.02,0.02,0.02,0.02
708235,群聯永豐65購02,130060,0.56,0.57,0.54,0.54
708236,鉅橡永豐5C購01,0,,,,
708237,環球晶兆豐61購01,0,,,,
708238,艾訊國票63購01,33600,0.8,0.8,0.8,0.8
708239,美琪瑪國票5C購01,0,,,,
708240,晶宏國票5C購01,94800,2.97,3.03,2.94,2.97
708241,翔名國票5C購01,0,,,,
708242,聰泰國票5C購01,6410,0.27,0.28,0.27,0.27
708243,寶雅國票5C購01,0,,,,
708244,久元群益61購01,0,,,,
708245,方土昶群益5B購01,0,,,,
708246,世界群益5B購06,6600,1.32,1.32,1.32,1.32
708247,艾訊群益5B購01,0,,,,
708248,家登群益5B購02,0,,,,
708249,陽程群益5B購01,32200,6.4,6.45,6.4,6.45
708250,群聯群益5B購03,85650,0.23,0.25,0.16,0.16
708252,凡甲元大5B購01,0,,,,
708253,均豪元大5B購02,0,,,,
708254,均豪元大65購01,0,,,,
708255,家登元大5B購03,127350,0.79,0.9,0.79,0.88
708256,群聯元大5B購04,268400,0.5,0.51,0.5,0.51
708257,群聯元大5B購05,1440,0.24,0.24,0.24,0.24
708258,群聯元大64購03,256690,0.7,0.72,0.66,0.66
708259,精材元大5B購08,11500,5.75,5.75,5.75,5.75
708260,精材元大5B購09,0,,,,
708261,精材元大5B購10,0,,,,
708262,璟德元大5B購01,0,,,,
708263,環球晶元大5B購03,0,,,,
708264,環球晶元大5B購04,0,,,,
708265,大中元大5B購01,0,,,,
708266,威剛元大5B購04,0,,,,
708267,威剛元大5B購05,0,,,,
708268,威剛元大64購01,153330,0.51,0.52,0.5,0.5
708269,陽程元大61購03,0,,,,
708270,群聯元大5B購06,2670,0.15,0.15,0.14,0.14
708271,鉅橡元大5B購01,0,,,,
708272,鉅橡元大5B購02,0,,,,
708273,安葆國泰5C購02,4900,0.49,0.49,0.49,0.49
708274,勤凱國泰5C購01,0,,,,
708275,雷科國泰5C購01,0,,,,
708276,久元凱基64購01,0,,,,
708277,均豪凱基65購01,0,,,,
708278,金山電凱基5B購01,0,,,,
708279,威剛凱基5B購03,105300,0.09,0.09,0.09,0.09
708280,群聯凱基64購02,37500,0.46,0.46,0.44,0.44
708281,精材凱基5B購03,0,,,,
708282,寶雅凱基5B購01,149780,0.89,0.89,0.83,0.83
708283,鉅橡台新5B購02,0,,,,
708284,鉅橡台新5B購03,0,,,,
708285,系微兆豐65購01,0,,,,
708286,群聯兆豐65購01,17550,1.18,1.18,1.15,1.15
708287,凡甲國票5C購02,1200,0.06,0.06,0.06,0.06
708288,久元國票5C購02,0,,,,
708289,方土昶國票5C購01,0,,,,
708290,世界國票5C購02,47460,0.5,0.55,0.5,0.55
708291,宏捷科國票5C購01,0,,,,
708292,威剛國票5C購01,36000,0.36,0.36,0.36,0.36
708293,耕興國票5C購01,0,,,,
708294,港建*國票5B購01,0,,,,
708295,華宏國票5C購01,0,,,,
708296,鉅橡國票5C購01,0,,,,
708297,廣穎國票5C購01,0,,,,
708298,久元永豐5C購02,0,,,,
708299,台星科永豐61購01,0,,,,
708300,合晶永豐5B購01,0,,,,
708301,均豪永豐5C購02,0,,,,
708302,欣銓永豐61購01,233000,0.76,0.93,0.76,0.91
708303,威剛永豐5B購01,7200,0.12,0.12,0.12,0.12
708304,威剛永豐5C購02,0,,,,
708305,威剛永豐61購01,0,,,,
708306,威剛永豐65購01,99180,1.14,1.14,1.14,1.14
708307,威剛永豐68購01,0,,,,
708308,鉅橡永豐61購01,0,,,,
708309,廣穎永豐65購01,146410,1.21,1.21,1.21,1.21
708310,凡甲群益5B購01,0,,,,
708311,台特化群益5C購01,0,,,,
708312,正淩群益63購01,48800,0.61,0.61,0.61,0.61
708313,均豪群益5B購01,0,,,,
708314,宏捷科群益5B購01,0,,,,
708315,岳豐群益65購01,0,,,,
708316,威剛群益5B購02,8200,0.25,0.25,0.24,0.24
708317,威剛群益5C購01,39010,0.47,0.47,0.47,0.47
708318,威剛群益61購01,0,,,,
708319,茂綸群益5B購01,6450,2.15,2.15,2.15,2.15
708320,廣穎群益5B購01,0,,,,
708322,寶雅群益61購01,69500,1.01,1.01,0.97,1.0
708323,凡甲凱基5B購02,0,,,,
708324,久元凱基5C購01,0,,,,
708325,大中凱基5B購01,9750,0.65,0.65,0.65,0.65
708326,方土昶凱基5C購01,3600,0.72,0.72,0.72,0.72
708327,台特化凱基5B購02,0,,,,
708328,合晶凱基5B購01,0,,,,
708329,艾訊凱基5B購02,0,,,,
708330,良維凱基5B購05,0,,,,
708331,威剛凱基5B購04,60630,0.06,0.15,0.06,0.06
708332,家登凱基5B購03,0,,,,
708333,耕興凱基5B購01,0,,,,
708334,港建*凱基5B購01,100,0.01,0.01,0.01,0.01
708335,群聯凱基61購02,40410,0.31,0.31,0.29,0.29
708336,廣穎凱基5B購01,0,,,,
708337,環球晶凱基5C購02,419060,1.62,1.67,1.29,1.29
708339,合晶台新5B購02,0,,,,
708340,合晶台新5B購03,46600,23.3,23.3,23.3,23.3
708341,安葆台新5B購02,0,,,,
708342,艾訊台新5B購01,17100,1.14,1.14,1.14,1.14
708343,艾訊台新5B購02,0,,,,
708344,良維台新5B購01,377950,0.82,1.0,0.82,1.0
708345,良維台新5B購02,0,,,,
708346,良維台新5B購03,52440,0.38,0.38,0.38,0.38
708347,湧德台新5B購02,0,,,,
708348,湧德台新5B購03,0,,,,
708349,順達台新5B購01,103240,1.28,1.28,1.22,1.22
708350,順達台新5B購02,268880,1.29,1.29,1.17,1.17
708351,鈊象台新5B購02,0,,,,
708352,萬泰科台新5B購03,0,,,,
708353,群聯台新5B購03,18600,0.31,0.31,0.31,0.31
708354,群聯台新5B購04,0,,,,
708355,精材台新5B購03,0,,,,
708356,臺慶科台新5B購01,16000,2.34,2.34,2.26,2.27
708357,璟德台新5B購01,0,,,,
708358,台星科兆豐61購01,0,,,,
708359,均豪兆豐61購01,0,,,,
708360,欣銓群益5B購02,0,,,,
708361,精材群益5B購01,0,,,,
708362,環球晶群益5B購02,0,,,,
708363,環球晶群益5B購03,0,,,,
708364,凡甲元大5B購02,0,,,,
708365,凡甲元大5B購03,0,,,,
708366,凡甲元大65購01,11570,0.49,0.49,0.47,0.47
708367,久元元大5B購01,0,,,,
708368,久元元大61購02,0,,,,
708369,久元元大65購01,0,,,,
708370,台星科元大5B購02,73390,0.53,0.53,0.49,0.49
708371,台星科元大65購01,448920,0.77,0.83,0.75,0.75
708372,沛亨元大5B購01,627320,0.83,1.06,0.83,0.93
708373,欣銓元大5B購01,0,,,,
708374,欣銓元大64購01,97530,0.72,0.83,0.72,0.81
708376,威剛元大5B購06,120,0.12,0.12,0.12,0.12
708377,威剛元大5B購07,9930,0.31,0.32,0.3,0.3
708378,原相元大5B購01,0,,,,
708379,家登元大5B購04,0,,,,
708380,家登元大64購01,0,,,,
708381,陽程元大61購04,41040,2.94,2.94,2.9,2.9
708382,群聯元大5B購07,15200,0.35,0.37,0.35,0.37
708383,群聯元大61購05,3840,0.64,0.64,0.64,0.64
708384,凡甲國泰5C購01,5000,0.25,0.25,0.25,0.25
708385,合晶國泰61購01,11600,11.6,11.6,11.6,11.6
708386,合晶國泰62購01,0,,,,
708387,均豪國泰62購01,55840,0.78,0.92,0.78,0.84
708388,良維國泰5C購01,0,,,,
708389,家登國泰5C購01,0,,,,
708390,家登國泰5C購02,0,,,,
708391,力領台新5B購01,0,,,,
708392,正淩台新5B購01,0,,,,
708393,合晶台新5B購04,0,,,,
708395,新盛力台新62購01,0,,,,
708396,群聯台新5B購05,168840,0.42,0.42,0.42,0.42
708397,群聯台新5B購06,49500,0.15,0.15,0.15,0.15
708398,聖暉*台新5B購02,0,,,,
708399,優群台新5B購01,0,,,,
708400,久元凱基5B購02,0,,,,
708401,中美晶凱基61購03,553950,1.5,1.51,1.3,1.3
708402,世禾凱基5B購01,0,,,,
708403,世界凱基5C購03,0,,,,
708404,尼克森凱基5B購01,0,,,,
708405,亞信凱基5B購01,0,,,,
708406,欣銓凱基5B購01,104400,0.28,0.28,0.26,0.28
708407,信立凱基5B購02,18310,0.38,0.4,0.38,0.4
708408,威剛凱基5C購01,550,0.11,0.11,0.11,0.11
708409,智通*凱基5B購01,11200,0.8,0.8,0.8,0.8
708410,群聯凱基64購03,7840,0.36,0.36,0.34,0.34
708411,優群凱基5B購01,0,,,,
708412,環球晶兆豐61購02,0,,,,
708413,FH中5G元大5B購01,4050,1.35,1.35,1.35,1.35
708414,FH中5G元大5C購01,192720,2.17,2.19,1.94,1.97
708415,世界元大64購03,277280,0.59,0.65,0.59,0.63
708416,世界元大65購01,491410,0.54,0.57,0.53,0.54
708417,合晶元大5B購01,0,,,,
708418,順達元大64購04,193610,2.04,2.08,2.02,2.02
708419,新盛力元大64購01,0,,,,
708420,萬泰科元大5B購02,0,,,,
708421,鈺太元大5B購02,0,,,,
708422,鈺太元大65購01,200,0.2,0.2,0.2,0.2
708423,精材元大5B購11,0,,,,
708424,環球晶元大5B購05,0,,,,
708425,世界國票5C購03,16920,0.33,0.35,0.33,0.34
708426,台半國票5C購01,99500,1.99,1.99,1.99,1.99
708427,朋億*國票5C購01,49560,0.59,0.59,0.59,0.59
708428,群聯國票61購02,48100,0.31,0.31,0.3,0.3
708429,雷科國票5B購01,31500,3.15,3.15,3.15,3.15
708430,久元富邦61購03,0,,,,
708431,久元富邦62購01,0,,,,
708432,合晶富邦62購01,0,,,,
708433,家登富邦61購02,551470,0.38,0.45,0.38,0.45
708434,家登富邦62購01,17220,0.41,0.41,0.41,0.41
708435,鈊象富邦61購02,459830,0.59,0.64,0.59,0.63
708436,新盛力富邦61購03,0,,,,
708437,群聯富邦62購03,412320,0.34,0.34,0.32,0.32
708438,環球晶富邦5C購03,71560,0.87,0.93,0.78,0.78
708439,世界群益5B購07,540,0.27,0.27,0.27,0.27
708440,立碁群益5C購01,0,,,,
708441,合晶群益5B購02,0,,,,
708442,艾訊群益5B購02,49820,0.32,0.33,0.32,0.33
708443,家登群益61購02,227620,0.4,0.4,0.38,0.38
708444,新盛力群益5B購01,11400,1.14,1.14,1.14,1.14
708445,群聯群益5B購04,55440,0.11,0.11,0.11,0.11
708446,環球晶群益5C購02,11570,1.98,1.98,1.67,1.67
708447,久元凱基63購01,0,,,,
708448,世界凱基65購01,9550,0.36,0.42,0.36,0.41
708449,台半凱基5C購01,73780,1.6,1.61,1.6,1.61
708450,合晶凱基5B購02,62090,4.83,4.83,4.76,4.76
708451,合晶凱基61購01,232840,4.56,4.56,4.01,4.01
708452,欣銓凱基64購01,30870,0.5,0.5,0.47,0.49
708453,金山電凱基5B購02,0,,,,
708454,威剛凱基5B購06,0,,,,
708455,胡連凱基5B購01,0,,,,
708456,家登凱基5B購04,0,,,,
708457,新盛力凱基5B購02,6110,1.57,1.57,1.4,1.4
708458,群聯凱基5B購03,0,,,,
708459,鈺太凱基5B購02,0,,,,
708460,營邦凱基5B購01,20450,0.3,0.33,0.3,0.33
708461,營邦凱基5B購02,13100,0.53,0.53,0.5,0.5
708462,營邦凱基5B購03,2051270,0.52,0.62,0.52,0.53
708463,環球晶凱基5B購04,265950,0.56,0.65,0.43,0.43
708464,環球晶凱基5B購05,224470,0.86,0.86,0.66,0.66
708465,久元台新5B購01,0,,,,
708466,久元台新5B購02,0,,,,
708467,世界台新5B購02,1050,0.21,0.21,0.21,0.21
708468,華景電台新5B購02,0,,,,
708469,華景電台新5B購03,0,,,,
708470,環球晶台新5B購01,378690,3.02,3.07,2.41,2.41
708471,環球晶台新5B購02,995090,1.28,1.3,0.97,0.97
708472,環球晶台新62購01,48310,1.07,1.07,0.95,0.95
708473,環球晶台新62購02,606060,0.77,0.85,0.67,0.68
708474,久元元大5B購02,0,,,,
708475,久元元大5B購03,0,,,,
708477,久元元大5B購05,0,,,,
708478,久元元大5B購06,0,,,,
708479,世禾元大5B購01,0,,,,
708480,世界元大64購04,186090,1.03,1.05,1.02,1.05
708482,合晶元大5B購03,0,,,,
708484,合晶元大5B購05,11610,3.87,3.87,3.87,3.87
708485,合晶元大64購01,0,,,,
708486,合晶元大65購01,44540,3.15,3.15,2.94,2.96
708487,金山電元大5B購02,0,,,,
708489,金山電元大5B購04,0,,,,
708490,群聯元大5B購08,1200,0.12,0.12,0.12,0.12
708491,群聯元大5B購09,1260,0.09,0.09,0.09,0.09
708492,營邦元大5B購01,942140,0.67,0.77,0.67,0.74
708493,營邦元大5B購02,678320,0.46,0.54,0.46,0.52
708494,環球晶元大5B購06,0,,,,
708495,環球晶元大5B購07,514550,1.71,1.84,1.54,1.54
708496,環球晶元大5B購08,0,,,,
708497,環球晶元大5B購09,11840,0.37,0.37,0.37,0.37
708498,環球晶元大61購02,0,,,,
708499,環球晶元大64購01,9190,1.81,1.98,1.8,1.98
708500,譜瑞元大61購02,1900,0.38,0.38,0.38,0.38
708501,威剛兆豐65購01,1267900,1.29,1.29,1.26,1.26
708502,金山電國泰61購01,267090,2.89,2.89,2.62,2.62
708503,群聯國泰62購01,109980,0.61,0.61,0.56,0.56
708504,群聯國泰63購01,21160,0.92,0.92,0.92,0.92
708505,群聯國泰63購02,65400,0.64,0.67,0.6,0.6
708506,雷科國泰5C購02,0,,,,
708507,環球晶國泰61購01,1977720,2.81,3.03,2.57,2.59
708508,環球晶國泰61購02,3876900,3.16,3.44,2.9,2.9
708509,久元國票5B購02,0,,,,
708510,久元國票5C購03,0,,,,
708511,久元國票5C購04,0,,,,
708512,合晶國票5B購01,4390,4.39,4.39,4.39,4.39
708513,合晶國票5C購01,198540,3.98,4.03,3.54,3.54
708514,金山電國票5C購02,720950,1.06,1.12,1.01,1.01
708515,環球晶國票5B購01,52000,1.34,1.34,1.18,1.18
708516,環球晶國票5C購01,744530,1.46,1.46,1.16,1.16
708517,世界富邦5B購02,40220,0.1,0.11,0.1,0.11
708518,精材富邦5B購01,0,,,,
708519,營邦富邦61購01,585760,0.51,0.57,0.51,0.57
708520,環球晶富邦5B購02,480270,0.6,0.66,0.52,0.53
708521,環球晶富邦61購01,1091980,0.67,0.75,0.6,0.6
708522,中美晶群益5C購02,136050,1.36,1.36,1.15,1.15
708523,世界群益5B購08,34820,0.09,0.13,0.09,0.11
708524,朋程群益5B購01,0,,,,
708525,金山電群益5B購01,18000,1.98,2.04,1.98,2.04
708526,新盛力群益5B購02,0,,,,
708527,精材群益5B購02,27400,13.7,13.7,13.7,13.7
708528,臺慶科群益5B購01,33120,0.72,0.72,0.72,0.72
708529,德微群益5B購01,562790,1.4,1.4,1.14,1.14
708530,營邦群益5B購01,148260,0.72,0.78,0.66,0.66
708531,營邦群益5B購02,0,,,,
708532,環球晶群益5B購04,104500,1.01,1.06,0.8,0.9
708533,譜瑞群益5C購02,64000,0.25,0.25,0.25,0.25
708534,中美晶凱基5B購02,0,,,,
708535,世禾凱基5B購02,0,,,,
708536,立碁凱基5C購01,17300,0.99,1.02,0.99,1.02
708537,朋程凱基5B購01,0,,,,
708538,倚強凱基5B購01,10000,1.25,1.25,1.25,1.25
708539,原相凱基5B購03,0,,,,
708540,精材凱基5B購04,0,,,,
708541,臺慶科凱基5B購01,0,,,,
708542,譜瑞凱基61購01,13110,0.18,0.21,0.18,0.2
708543,群聯永豐65購03,229160,0.38,0.39,0.37,0.37
708544,精材永豐63購01,0,,,,
708545,世界兆豐61購01,5280,0.48,0.48,0.48,0.48
708546,譜瑞兆豐65購01,31370,0.55,0.59,0.51,0.51
708547,群聯群益67購01,10890,0.47,0.48,0.46,0.46
708548,精材群益5B購03,0,,,,
708549,廣穎群益61購01,0,,,,
708550,世界元大63購03,131930,1.27,1.27,1.26,1.26
708551,新盛力元大61購02,249120,3.31,3.35,3.2,3.2
708552,群聯元大5C購01,0,,,,
708553,譜瑞元大5B購01,0,,,,
708554,譜瑞元大5B購02,0,,,,
708555,中美晶國泰61購01,300410,2.68,2.74,2.46,2.48
708556,台半國泰5C購01,152190,2.66,2.66,2.4,2.4
708557,欣銓國泰5C購02,175700,1.1,1.28,1.07,1.25
708558,立碁富邦5B購01,248090,0.37,0.37,0.33,0.36
708559,欣銓富邦5B購02,94310,0.22,0.28,0.22,0.28
708560,威剛富邦5B購01,0,,,,
708561,順達富邦5C購02,64900,0.51,0.52,0.51,0.52
708562,群聯富邦62購04,143310,0.26,0.27,0.26,0.26
708563,中美晶國票5C購01,16200,0.86,0.86,0.76,0.76
708564,台特化國票5C購01,0,,,,
708565,尼克森國票5B購01,0,,,,
708566,立敦國票5B購01,0,,,,
708567,美琪瑪國票5C購02,0,,,,
708568,宸曜國票5B購01,0,,,,
708569,新盛力國票5C購01,0,,,,
708570,新漢國票5B購01,6500,0.13,0.13,0.13,0.13
708571,群聯國票5C購01,20000,0.2,0.2,0.2,0.2
708572,世界凱基5B購03,0,,,,
708573,家登凱基5B購05,0,,,,
708574,創惟凱基5B購01,0,,,,
708575,華宏凱基5B購01,0,,,,
708576,閎康凱基5B購02,0,,,,
708577,閎康凱基5B購03,0,,,,
708578,閎康凱基5B購04,0,,,,
708579,群聯凱基5B購04,29150,0.11,0.11,0.11,0.11
708580,群聯凱基5C購01,0,,,,
708581,群聯凱基61購03,0,,,,
708582,榮剛凱基5B購01,0,,,,
708583,精材凱基5B購05,39400,3.94,3.94,3.94,3.94
708584,廣穎凱基5B購02,12480,0.78,0.78,0.78,0.78
708585,譜瑞凱基5B購02,0,,,,
708586,美琪瑪富邦5B購01,0,,,,
708587,閎康富邦62購01,0,,,,
708588,群聯富邦62購05,77720,0.13,0.14,0.12,0.12
708589,宏捷科兆豐65購01,71300,0.35,0.35,0.32,0.32
708590,群聯兆豐65購02,557020,0.55,0.57,0.54,0.54
708591,精材兆豐61購01,0,,,,
708592,元太元大5B購02,0,,,,
708593,世禾元大5B購02,1200,0.12,0.12,0.12,0.12
708594,欣銓元大5B購02,195700,0.91,1.1,0.91,1.1
708595,順達元大5B購03,0,,,,
708596,新盛力元大61購03,10740,1.79,1.79,1.79,1.79
708597,群聯元大5B購10,0,,,,
708598,群聯元大5B購11,640,0.08,0.08,0.08,0.08
708599,群聯元大5B購12,2200,0.14,0.15,0.14,0.15
708600,群聯元大5B購13,0,,,,
708601,群聯元大5B購14,25130,0.19,0.19,0.17,0.17
708602,群聯元大5C購02,0,,,,
708603,群聯元大61購06,184530,0.36,0.38,0.36,0.37
708604,群聯元大63購03,21450,0.24,0.24,0.21,0.21
708605,精材元大61購07,154350,5.4,5.75,5.4,5.75
708606,譜瑞元大5B購03,0,,,,
708607,中美晶永豐65購01,395800,0.89,0.9,0.83,0.83
708608,台半永豐63購01,19760,1.04,1.04,1.04,1.04
708609,茂達永豐61購01,0,,,,
708610,新盛力永豐63購01,39160,1.12,1.13,1.11,1.13
708611,群聯永豐5C購03,129100,0.11,0.13,0.11,0.12
708612,群聯永豐5C購04,0,,,,
708613,精材永豐64購01,55200,2.76,2.76,2.76,2.76
708614,德微永豐63購01,0,,,,
708615,元太群益5B購03,3420,0.06,0.06,0.06,0.06
708616,方土昶群益5B購02,0,,,,
708617,台半群益5B購01,24640,0.66,0.66,0.59,0.6
708618,家登群益5B購03,40630,0.07,0.07,0.06,0.07
708619,閎康群益61購01,0,,,,
708620,陽程群益5B購02,62820,3.85,3.97,3.37,3.37
708621,順達群益5B購03,0,,,,
708622,新盛力群益5B購03,67380,0.76,0.78,0.7,0.7
708623,群聯群益5B購05,0,,,,
708624,群聯群益61購04,0,,,,
708625,榮剛群益5B購01,0,,,,
708626,精材群益5B購04,0,,,,
708627,廣穎群益5B購02,142320,0.98,0.98,0.95,0.96
708628,譜瑞群益5B購02,0,,,,
708629,元太凱基5B購04,0,,,,
708630,元太凱基5B購05,0,,,,
708631,閎康凱基61購02,0,,,,
708632,順達凱基5B購03,0,,,,
708633,新盛力凱基61購01,114610,0.87,0.87,0.77,0.77
708634,譜瑞凱基5B購03,0,,,,
708635,譜瑞凱基5B購04,0,,,,
708636,中美晶元大63購02,137750,1.99,2.04,1.89,1.89
708637,沛亨元大5B購02,0,,,,
708638,威剛元大5B購08,0,,,,
708639,閎康元大5B購01,0,,,,
708640,順達元大5B購04,206190,0.59,0.61,0.49,0.49
708642,優群元大5B購01,0,,,,
708643,譜瑞元大5B購04,0,,,,
708644,譜瑞元大5B購05,630,0.07,0.07,0.07,0.07
708645,譜瑞元大5B購06,0,,,,
708646,譜瑞元大5B購07,4880,0.04,0.06,0.04,0.04
708647,台特化永豐61購01,0,,,,
708648,沛亨永豐5C購01,219750,0.3,0.4,0.3,0.34
708649,金益鼎永豐5C購01,0,,,,
708650,廣穎永豐61購01,20800,0.52,0.52,0.52,0.52
708651,中美晶富邦5B購01,592020,0.64,0.71,0.58,0.58
708652,元太富邦62購01,800,0.08,0.08,0.08,0.08
708653,元太富邦62購02,0,,,,
708654,系統電富邦5B購01,0,,,,
708655,新盛力富邦62購01,1627550,0.87,0.89,0.8,0.81
708656,元太群益5B購04,0,,,,
708657,閎康群益5B購04,0,,,,
708658,廣穎群益61購02,15400,0.77,0.77,0.77,0.77
708659,元太群益5B購05,0,,,,
708660,臺慶科群益5B購02,0,,,,
708661,元太元大5B購03,0,,,,
708662,元太元大5B購04,0,,,,
708664,元太元大5B購06,0,,,,
708665,元太元大5B購07,0,,,,
708666,元太元大5B購08,0,,,,
708667,元太元大5B購09,0,,,,
708668,元太元大5B購10,0,,,,
708669,博盛元大5B購01,27520,0.64,0.64,0.64,0.64
708670,陽程元大63購02,461120,2.0,2.05,1.91,1.91
708671,新盛力元大5B購03,209460,1.32,1.35,1.22,1.22
708672,元太永豐5C購01,0,,,,
708673,元太永豐61購01,0,,,,
708674,威剛永豐67購01,100870,0.77,0.77,0.77,0.77
708675,智通*永豐61購01,0,,,,
708676,閎康永豐61購01,0,,,,
708677,新漢永豐5C購01,0,,,,
708678,臺慶科永豐5C購01,0,,,,
708679,凡甲凱基5C購01,1400,0.14,0.14,0.14,0.14
708680,中美晶凱基5B購03,0,,,,
708681,元太凱基5B購06,0,,,,
708682,威剛凱基5B購07,0,,,,
708683,美琪瑪凱基5C購01,0,,,,
708684,陽程凱基5B購01,383460,1.69,1.69,1.4,1.47
708685,新盛力凱基5B購03,131950,0.64,0.65,0.61,0.61
708686,新盛力凱基61購02,302360,1.0,1.01,0.9,0.9
708688,凡甲台新5B購01,0,,,,
708689,凡甲台新5B購02,0,,,,
708690,凡甲台新5B購03,0,,,,
708691,中美晶台新5B購03,0,,,,
708692,元太台新5B購01,0,,,,
708693,方土昶台新5B購01,2300,1.15,1.15,1.15,1.15
708694,台特化台新5B購03,0,,,,
708695,閎康台新5B購01,0,,,,
708696,閎康台新5B購02,0,,,,
708697,閎康台新5B購03,0,,,,
708698,順達台新5B購03,0,,,,
708699,臺慶科台新5B購02,46770,1.1,1.1,1.05,1.05
708700,凡甲國泰61購02,0,,,,
708701,元太國泰5C購01,0,,,,
708702,元太國泰5C購02,0,,,,
708703,元太國泰5C購03,0,,,,
708704,台半富邦62購01,961830,0.66,0.66,0.58,0.59
708705,華景電富邦5B購01,0,,,,
708706,新盛力富邦61購04,563410,0.77,0.78,0.72,0.72
708707,德微富邦63購01,613260,0.99,0.99,0.82,0.82
708708,雙鴻富邦61購01,0,,,,
708709,元太國票5C購01,0,,,,
708710,元太國票5C購02,0,,,,
708711,光頡國票5B購01,0,,,,
708712,光頡國票5B購02,42850,5.7,5.7,5.15,5.15
708713,朋程國票5B購01,10500,0.15,0.15,0.15,0.15
708714,閎康國票5C購01,0,,,,
708715,新盛力國票5B購02,1542490,0.76,0.76,0.75,0.75
708716,中美晶台新5B購04,34900,4.44,4.44,4.13,4.13
708717,台半台新5B購01,0,,,,
708718,台半台新5B購02,0,,,,
708719,台半台新5B購03,4320,1.44,1.44,1.44,1.44
708720,光頡凱基5B購01,42600,4.26,4.26,4.26,4.26
708721,陽程凱基61購01,0,,,,
708722,陽程凱基63購02,461100,1.36,1.36,1.25,1.25
708723,勤凱凱基5B購01,0,,,,
708724,臺慶科凱基5B購02,0,,,,
708725,擎亞凱基5B購02,0,,,,
708726,擎亞凱基5B購03,2400,2.4,2.4,2.4,2.4
708727,台半元大63購02,0,,,,
708728,威剛元大5B購09,0,,,,
708729,博盛元大5B購02,99000,0.33,0.33,0.33,0.33
708730,閎康元大5B購02,0,,,,
708731,陽程元大5B購01,332910,1.51,1.51,1.33,1.33
708732,陽程元大5B購02,338790,1.08,1.09,1.06,1.06
708733,陽程元大65購02,543010,0.98,0.98,0.89,0.9
708734,勤凱元大5B購01,0,,,,
708735,勤凱元大5B購02,18240,0.38,0.38,0.38,0.38
708736,勤凱元大5B購03,0,,,,
708737,群翊元大5B購02,850,0.17,0.17,0.17,0.17
708738,德微元大5B購01,0,,,,
708739,德微元大5B購02,960,0.96,0.96,0.96,0.96
708740,擎亞元大5B購03,10850,0.21,0.21,0.19,0.19
708741,擎亞元大5B購04,220,0.11,0.11,0.11,0.11
708742,尼克森永豐5C購01,0,,,,
708743,光頡永豐61購01,1881640,2.86,2.89,2.22,2.23
708744,翔名永豐5C購01,0,,,,
708745,陽程永豐5B購02,116210,0.75,0.75,0.66,0.66
708746,精材永豐61購02,0,,,,
708747,臺慶科永豐65購01,0,,,,
708748,擎亞永豐5C購01,42000,0.3,0.3,0.3,0.3
708749,擎亞永豐61購01,0,,,,
708750,雙鴻永豐65購01,574070,1.96,1.99,1.81,1.81
708751,精材富邦5B購02,0,,,,
708752,博盛國泰5C購01,0,,,,
708753,擎亞國泰61購01,0,,,,
708754,凡甲群益5B購02,1000,0.02,0.02,0.02,0.02
708755,中美晶群益5B購03,266550,1.98,1.98,1.69,1.72
708756,正淩群益5B購01,0,,,,
708757,威剛群益61購02,11970,0.7,0.71,0.7,0.71
708758,陽程群益5B購03,0,,,,
708759,聖暉*群益5B購02,0,,,,
708760,精材群益5B購06,0,,,,
708761,擎亞群益5B購02,0,,,,
708762,大中國票5B購01,0,,,,
708763,世界國票5C購04,17000,0.34,0.34,0.34,0.34
708764,立端國票5C購01,381080,0.36,0.4,0.36,0.37
708765,均豪國票5B購01,0,,,,
708766,沛亨國票5C購01,6900,0.69,0.69,0.69,0.69
708767,威剛國票5C購03,0,,,,
708768,原相國票5B購02,0,,,,
708769,家碩國票5C購01,0,,,,
708770,博盛國票5B購02,0,,,,
708771,博盛國票5C購01,0,,,,
708772,博盛國票5C購02,0,,,,
708773,陽程國票5B購01,93990,1.28,1.29,1.05,1.05
708774,新鉅科國票5C購01,0,,,,
708775,聖暉*國票5C購01,0,,,,
708776,榮剛國票5C購01,0,,,,
708777,精材國票5C購02,86400,2.88,2.88,2.88,2.88
708778,臺慶科國票5C購02,22000,0.22,0.22,0.22,0.22
708779,廣閎科國票5C購01,12500,0.84,0.84,0.83,0.83
708780,擎亞國票5B購01,0,,,,
708781,FH中5G凱基5B購01,12000,0.41,0.41,0.38,0.38
708782,世界凱基64購01,0,,,,
708783,正淩凱基5B購02,0,,,,
708784,光頡凱基5B購02,71130,2.24,2.28,2.21,2.28
708785,均豪凱基5B購02,0,,,,
708786,沛亨凱基5B購02,263910,0.44,0.65,0.44,0.5
708787,群翊凱基5B購01,0,,,,
708788,聖暉*凱基5B購04,0,,,,
708789,精材凱基5B購06,193740,2.11,2.19,1.92,1.92
708790,精材凱基5B購07,0,,,,
708791,精材凱基5C購02,0,,,,
708792,精材凱基61購04,0,,,,
708793,德微凱基5B購01,68000,1.42,1.42,1.24,1.24
708794,世界中信5B購02,185720,0.12,0.18,0.12,0.18
708795,正淩永豐61購01,0,,,,
708796,茂綸永豐61購01,0,,,,
708797,神準永豐5C購01,0,,,,
708798,精材永豐65購01,13210,1.87,1.91,1.87,1.91
708799,台半元大5B購01,84530,2.17,2.17,2.13,2.13
708800,光頡元大5B購01,32140,2.78,2.78,2.38,2.38
708801,光頡元大5B購03,14720,2.89,2.98,2.89,2.98
708802,聖暉*元大5B購03,0,,,,
708803,聖暉*元大5B購04,0,,,,
708804,雷科元大5B購01,11520,2.37,2.37,2.26,2.26
708805,精材元大5B購13,0,,,,
708806,精材元大5B購14,165860,4.04,4.21,4.04,4.21
708807,精材元大5B購15,572120,3.51,3.74,3.47,3.74
708808,精材元大5B購16,941360,3.84,4.07,3.84,4.07
708809,精材元大5B購17,452820,3.69,3.96,3.69,3.88
708810,精材元大63購03,7600,1.9,1.9,1.9,1.9
708811,臺慶科元大63購01,15510,0.33,0.33,0.33,0.33
708812,世界台新5B購04,103770,0.69,0.87,0.69,0.8
708813,光頡台新5B購01,0,,,,
708814,欣銓台新5B購03,203310,0.79,0.96,0.79,0.93
708815,欣銓台新5B購04,16400,0.82,0.82,0.82,0.82
708816,倚強台新5B購01,0,,,,
708817,聖暉*台新5B購03,0,,,,
708818,榮剛台新5B購01,0,,,,
708819,精材台新5B購04,0,,,,
708820,精材台新5B購05,0,,,,
708821,精材台新5C購01,0,,,,
708822,臺慶科台新5B購03,14100,0.47,0.47,0.47,0.47
708823,臺慶科台新5B購04,0,,,,
708824,伍豐國票5C購01,0,,,,
708825,光頡國票5B購03,77300,3.48,3.48,3.31,3.31
708826,翔名國票5C購02,1550,0.31,0.31,0.31,0.31
708827,聖暉*兆豐61購01,0,,,,
708828,立敦群益5B購01,0,,,,
708829,光頡群益5B購01,0,,,,
708830,金益鼎群益5B購01,0,,,,
708831,茂綸群益5C購01,724480,0.58,0.77,0.58,0.63
708832,翔名群益5B購01,0,,,,
708833,精材群益5B購07,66680,3.89,4.15,3.62,3.81
708834,千如國泰5C購01,0,,,,
708835,聖暉*國泰5C購01,0,,,,
708836,精材國泰5C購01,30800,4.4,4.4,4.4,4.4
708837,精材國泰5C購02,0,,,,
708838,臺慶科國泰5C購01,0,,,,
708839,萬泰科富邦63購01,14500,0.29,0.29,0.29,0.29
708840,中美晶元大5B購04,121520,2.0,2.0,1.96,1.96
708841,台半元大5B購02,0,,,,
708842,光頡元大5B購04,140550,2.67,2.67,2.19,2.19
708843,威剛元大5B購10,226210,1.25,1.25,1.23,1.23
708844,威剛元大5B購11,7100,0.6,0.6,0.59,0.59
708845,翔名元大5B購01,0,,,,
708846,順達元大5B購05,280700,0.91,0.95,0.87,0.87
708847,新盛力元大5B購04,51210,1.59,1.67,1.59,1.67
708848,群翊元大5B購03,0,,,,
708849,擎亞元大5B購05,0,,,,
708850,擎亞元大5B購06,0,,,,
708851,久元凱基5B購03,0,,,,
708852,台半凱基5B購01,80280,0.86,0.86,0.74,0.74
708853,立碁凱基5C購02,33400,1.34,1.34,1.33,1.33
708854,光頡凱基5B購03,114760,1.79,1.84,1.18,1.22
708855,光頡凱基5B購04,10700,2.14,2.14,2.14,2.14
708856,茂綸凱基5C購01,354870,0.94,1.14,0.94,0.94
708857,翔名凱基5B購01,0,,,,
708858,德微凱基5B購02,5920,0.53,0.56,0.47,0.47
708859,立敦台新5B購01,7640,0.97,0.97,0.93,0.93
708860,立敦台新5B購02,0,,,,
708861,沛亨台新5B購01,0,,,,
708862,沛亨台新5B購02,27810,1.03,1.03,1.03,1.03
708863,沛亨台新5B購03,79110,0.59,0.62,0.59,0.62
708864,捷創台新5B購01,0,,,,
708865,新盛力台新5B購02,0,,,,
708866,新盛力台新5B購03,34200,1.9,1.9,1.9,1.9
708867,新盛力台新5C購01,0,,,,
708868,新盛力台新62購02,0,,,,
708869,中美晶中信5B購01,26700,0.87,0.93,0.87,0.93
708870,光頡中信5B購01,1309680,1.17,1.27,0.87,0.91
708871,威剛中信65購01,24940,0.43,0.43,0.43,0.43
708872,台半永豐61購01,148200,1.3,1.3,1.3,1.3
708873,光頡永豐64購01,30140,2.83,2.83,2.31,2.31
708874,雅特力永豐5B購01,0,,,,
708875,千如國票5C購01,260960,0.44,0.44,0.38,0.38
708876,台半國票5C購02,324950,1.26,1.26,1.24,1.24
708877,台星科國票5C購02,0,,,,
708878,光頡國票5C購01,1310160,2.5,2.7,1.98,2.01
708879,均豪國票5B購02,0,,,,
708880,亞通國票5B購01,60910,2.29,2.77,2.21,2.77
708881,金益鼎國票5C購01,0,,,,
708882,能率國票5C購01,0,,,,
708883,晶焱國票5B購01,840,0.21,0.21,0.21,0.21
708884,智通*國票5B購02,60000,0.2,0.2,0.2,0.2
708885,翔名國票5C購03,0,,,,
708886,雅特力國票5C購01,103150,1.59,1.63,1.54,1.54
708887,萬泰科國票5C購01,0,,,,
708888,雷科國票5B購02,1314280,1.07,1.2,1.02,1.03
708889,德微國票5C購01,697750,1.0,1.0,0.87,0.87
708890,擎亞國票5B購02,0,,,,
708891,久元群益61購02,0,,,,
708892,世界群益62購02,29640,0.57,0.57,0.57,0.57
708893,立碁群益5B購01,83380,1.86,1.86,1.73,1.79
708894,光頡群益5B購02,506360,2.62,2.62,1.86,1.95
708895,均豪群益5B購02,48000,0.48,0.48,0.48,0.48
708896,擎亞群益5C購01,0,,,,
708897,雷科國泰61購01,142300,3.13,3.3,3.02,3.02
708898,寶雅富邦61購01,0,,,,
708899,凡甲統一65購01,0,,,,
708900,久元統一65購01,0,,,,
708901,久元統一65購02,0,,,,
708902,大中統一63購01,46200,0.66,0.66,0.66,0.66
708903,大中統一65購01,610900,0.57,0.59,0.56,0.57
708904,世界統一64購02,1191030,0.51,0.61,0.51,0.57
708905,世界統一65購01,0,,,,
708906,世界統一65購02,190850,0.43,0.47,0.43,0.47
708907,尼克森統一63購01,0,,,,
708908,立敦統一63購01,0,,,,
708909,立敦統一65購01,820,0.41,0.41,0.41,0.41
708910,立敦統一65購02,0,,,,
708911,立敦統一66購01,0,,,,
708912,光頡統一63購01,0,,,,
708913,光頡統一65購01,2812540,1.34,1.41,1.1,1.16
708914,光頡統一65購02,202440,0.77,0.8,0.68,0.68
708915,安葆統一75購01,0,,,,
708916,艾訊統一65購01,2800,0.28,0.28,0.28,0.28
708917,邑錡統一65購01,26710,0.44,0.44,0.43,0.43
708918,亞通統一65購01,459260,1.01,1.18,1.01,1.17
708919,欣銓統一63購01,20160,0.63,0.63,0.63,0.63
708920,欣銓統一65購02,101360,0.55,0.61,0.55,0.6
708921,欣銓統一67購01,2227950,1.02,1.25,1.02,1.17
708922,欣銓統一69購01,11520,0.82,0.86,0.82,0.86
708923,威剛統一64購02,96030,0.43,0.43,0.41,0.41
708924,威剛統一65購01,0,,,,
708925,威剛統一65購02,0,,,,
708926,威剛統一65購03,0,,,,
708927,威剛統一69購01,31080,0.42,0.42,0.42,0.42
708928,茂達統一64購01,0,,,,
708929,茂綸統一63購01,10490,0.9,0.9,0.85,0.87
708930,翔名統一63購01,82650,0.29,0.29,0.29,0.29
708931,翔名統一65購01,0,,,,
708932,閎康統一65購01,0,,,,
708933,閎康統一65購02,0,,,,
708934,順達統一65購02,0,,,,
708935,新盛力統一69購01,100880,0.69,0.71,0.67,0.67
708936,聖暉*統一63購02,980,0.25,0.25,0.24,0.24
708937,臺慶科統一63購01,24500,0.53,0.53,0.51,0.51
708938,臺慶科統一65購01,0,,,,
708939,擎亞統一67購01,320,0.32,0.32,0.32,0.32
708940,中美晶凱基5B購04,32600,1.63,1.63,1.63,1.63
708941,世界凱基63購01,354180,0.66,0.71,0.66,0.67
708942,台半凱基61購01,54000,0.9,0.9,0.9,0.9
708943,台星科凱基5C購01,16820,0.41,0.42,0.41,0.42
708944,均豪凱基5B購03,0,,,,
708945,威剛凱基5B購08,3080,0.44,0.44,0.44,0.44
708946,德微凱基5C購01,14060,0.57,0.57,0.5,0.5
708947,擎亞凱基5B購04,5000,0.09,0.09,0.08,0.08
708948,順達台新61購01,845670,1.76,1.78,1.61,1.61
708949,鈊象台新5B購04,1050,1.05,1.05,1.05,1.05
708950,優群台新5B購02,0,,,,
708951,中美晶元大5B購05,0,,,,
708952,台半元大5B購03,0,,,,
708953,均豪元大5B購03,8400,0.28,0.28,0.28,0.28
708954,威剛元大5B購12,3500,0.7,0.7,0.7,0.7
708955,威剛元大5B購13,0,,,,
708956,順達元大5B購06,61720,1.44,1.44,1.42,1.42
708957,新盛力元大5B購05,0,,,,
708958,雷科元大5B購02,0,,,,
708959,雷科元大5B購03,321950,1.65,1.75,1.65,1.7
708960,雷科元大5B購04,12950,2.59,2.59,2.59,2.59
708961,擎亞元大5B購07,0,,,,
708962,點序元大5B購01,0,,,,
708963,台半永豐5C購02,1320,0.66,0.66,0.66,0.66
708964,凌陽創永豐61購01,0,,,,
708965,萬泰科永豐61購01,0,,,,
708966,久元群益5B購01,0,,,,
708967,均豪群益5B購03,0,,,,
708968,佳邦群益5B購01,0,,,,
708969,朋程群益5B購02,0,,,,
708970,欣銓群益5B購03,0,,,,
708971,鈊象群益5B購03,3150,0.31,0.32,0.31,0.32
708972,鈺太群益5B購01,0,,,,
708973,德微群益5B購03,0,,,,
708974,雙鴻群益5B購08,0,,,,
708975,久元統一65購03,0,,,,
708976,久元統一65購04,0,,,,
708977,台半統一63購01,24250,0.97,0.97,0.97,0.97
708978,台半統一65購01,980,0.49,0.49,0.49,0.49
708979,台半統一69購01,13200,0.53,0.53,0.52,0.52
708980,台星科統一65購01,26400,0.48,0.48,0.48,0.48
708981,立敦統一65購03,0,,,,
708982,沛亨統一69購01,31400,0.64,0.64,0.62,0.62
708983,良維統一5B購01,0,,,,
708984,欣銓統一65購03,0,,,,
708985,金益鼎統一65購02,0,,,,
708986,威剛統一5B購02,0,,,,
708987,威剛統一65購04,77470,0.61,0.61,0.61,0.61
708988,茂達統一65購01,0,,,,
708989,茂綸統一65購01,54500,0.63,0.67,0.63,0.67
708990,閎康統一63購02,0,,,,
708991,聖暉*統一65購02,1110,0.37,0.37,0.37,0.37
708992,德微統一63購02,58140,0.5,0.5,0.44,0.44
708993,德微統一75購01,1320,0.66,0.66,0.66,0.66
708994,擎亞統一63購01,0,,,,
708995,擎亞統一65購01,0,,,,
708996,擎亞統一66購01,0,,,,
708997,鑫科統一69購01,31200,0.3,0.3,0.3,0.3
708998,台半國票5C購03,3200,0.64,0.64,0.64,0.64
708999,安葆國票5C購02,0,,,,
709000,欣銓國票5C購02,0,,,,
709001,泓格國票5B購01,33000,0.33,0.33,0.33,0.33
709002,泓格國票5C購01,15120,0.39,0.41,0.39,0.41
709003,雷科國票5B購04,106840,1.67,1.67,1.53,1.53
709004,漢達國票5C購01,34290,3.19,3.2,2.5,2.8
709005,德微國票5C購02,0,,,,
709006,大中台新5B購01,0,,,,
709007,元債20台新5B購01,0,,,,
709008,立敦台新5B購03,0,,,,
709009,佳邦台新5B購01,3800,0.38,0.38,0.38,0.38
709010,博大台新5B購01,0,,,,
709011,立敦凱基5B購01,0,,,,
709012,安葆凱基5C購02,265920,0.93,0.93,0.84,0.87
709013,佳邦凱基5C購01,0,,,,
709014,朋程凱基5B購02,0,,,,
709015,威剛凱基5C購02,0,,,,
709016,茂達凱基5B購01,0,,,,
709017,鈊象凱基5B購02,0,,,,
709018,鈺太凱基5B購03,0,,,,
709019,臺慶科凱基63購01,12600,0.35,0.35,0.35,0.35
709020,德微凱基5B購03,3960,0.22,0.22,0.22,0.22
709021,擎亞凱基5B購05,0,,,,
709022,雙鴻凱基61購03,0,,,,
709023,中美晶群益5B購04,0,,,,
709024,世界群益61購01,356810,0.58,0.58,0.55,0.55
709025,台半群益5B購02,0,,,,
709026,台半群益5B購03,17290,1.33,1.33,1.33,1.33
709027,均豪群益5B購04,39600,0.36,0.36,0.36,0.36
709028,威剛群益5B購03,0,,,,
709029,茂達群益5B購01,0,,,,
709030,智通*群益5B購01,0,,,,
709031,華宏群益5B購01,2000,0.2,0.2,0.2,0.2
709032,新盛力群益61購01,579440,2.24,2.3,2.06,2.06
709033,擎亞群益65購01,0,,,,
709034,台半元大5B購04,96270,2.17,2.17,2.09,2.09
709035,正淩元大5B購02,600,0.12,0.12,0.12,0.12
709036,金益鼎元大5B購01,60,0.06,0.06,0.06,0.06
709037,威剛元大5B購14,174270,3.66,3.66,3.61,3.64
709038,原相元大5B購02,0,,,,
709039,順達元大5B購07,157050,7.45,7.7,7.4,7.4
709040,雷科元大5B購05,33000,2.0,2.1,2.0,2.1
709041,德微元大5B購03,75680,0.65,0.65,0.54,0.54
709042,擎亞元大5B購08,0,,,,
709043,寶雅元大5B購01,40250,1.75,1.75,1.75,1.75
709044,威剛國泰5C購01,0,,,,
709045,威剛國泰5C購02,437080,0.98,0.98,0.98,0.98
709046,威剛國泰5C購03,26040,0.84,0.84,0.84,0.84
709047,擎亞國泰62購01,299750,0.85,0.85,0.79,0.79
709048,久元富邦61購04,0,,,,
709049,台半富邦62購02,468710,0.73,0.73,0.68,0.68
709050,閎康富邦61購01,0,,,,
709051,新盛力富邦61購05,88740,1.02,1.02,1.02,1.02
709052,擎亞富邦5C購01,4000,0.2,0.2,0.2,0.2
709053,久元統一65購05,0,,,,
709054,正淩統一65購02,0,,,,
709055,正淩統一69購01,0,,,,
709056,立敦統一65購04,0,,,,
709057,沛亨統一65購01,9690,0.57,0.57,0.57,0.57
709058,朋程統一63購01,134730,0.27,0.27,0.27,0.27
709059,欣銓統一5B購01,0,,,,
709060,欣銓統一65購04,59780,0.61,0.61,0.61,0.61
709061,茂達統一65購02,0,,,,
709062,凌陽創統一63購01,0,,,,
709063,閎康統一65購03,0,,,,
709064,新漢統一61購01,0,,,,
709065,德微統一5B購01,1440,0.26,0.26,0.22,0.22
709066,德微統一65購01,43330,0.43,0.43,0.33,0.33
709067,德微統一65購02,0,,,,
709068,擎亞統一63購02,0,,,,
709069,擎亞統一65購02,0,,,,
709070,鑫科統一64購01,4050,0.2,0.21,0.2,0.21
709071,立敦永豐61購01,0,,,,
709072,佳邦永豐63購01,99000,0.55,0.55,0.55,0.55
709073,威剛永豐5B購02,0,,,,
709074,威剛永豐61購02,25900,0.7,0.7,0.7,0.7
709075,原相永豐5C購01,0,,,,
709076,德微永豐5C購01,0,,,,
709077,擎亞永豐64購01,0,,,,
709078,元債20國票5B購02,0,,,,
709079,台半國票61購01,18600,0.6,0.6,0.6,0.6
709080,佳邦國票5C購02,0,,,,
709081,茂達國票5C購01,0,,,,
709082,博大國票5C購01,0,,,,
709083,晶宏國票5C購02,211590,1.52,1.66,1.51,1.51
709086,德微國票5C購03,0,,,,
709087,點序國票5B購01,0,,,,
709088,點序國票5C購01,0,,,,
709089,世紀*元大5B購01,64650,5.0,5.1,4.45,5.1
709090,台特化元大5B購02,0,,,,
709091,博智元大5B購02,0,,,,
709092,智通*元大5B購01,0,,,,
709093,鈊象元大5B購02,389800,0.81,0.91,0.81,0.91
709094,群聯元大5B購15,170560,1.97,2.05,1.87,1.87
709095,群聯元大5B購16,0,,,,
709096,廣穎元大5B購01,0,,,,
709097,雙鴻元大5B購03,0,,,,
709098,尼克森國票5B購02,0,,,,
709099,朋程國票5B購02,0,,,,
709100,晶宏國票5C購03,747400,1.1,1.2,1.08,1.09
709101,華容國票5C購02,0,,,,
709102,群聯國票61購03,0,,,,
709103,雷科國票5C購01,1812730,1.15,1.19,1.03,1.06
709104,臺慶科國票5C購03,0,,,,
709105,廣穎國票5C購02,0,,,,
709106,優群國票5B購01,0,,,,
709107,擎亞國票5C購01,132000,0.22,0.22,0.2,0.2
709108,鑫聯國票5C購02,0,,,,
709109,中美晶凱基63購01,68000,1.36,1.36,1.36,1.36
709110,均豪凱基5C購01,2700,0.27,0.27,0.27,0.27
709111,凌陽創凱基5B購01,0,,,,
709112,博智凱基5B購01,0,,,,
709113,博智凱基5B購02,0,,,,
709114,博智凱基5B購03,0,,,,
709115,群聯凱基5B購05,2200,0.22,0.22,0.22,0.22
709116,群聯凱基5B購06,0,,,,
709117,群聯凱基5B購07,2500,0.25,0.25,0.25,0.25
709118,雙鴻凱基5B購02,301300,1.87,2.07,1.55,1.82
709119,中光電台新5B購01,0,,,,
709120,中美晶台新61購01,0,,,,
709121,原相台新5B購01,0,,,,
709122,博盛台新5B購01,5650,0.41,0.41,0.35,0.37
709123,博智台新5B購01,0,,,,
709124,博智台新5B購02,0,,,,
709125,博智台新5B購03,0,,,,
709126,順達台新5B購04,43400,1.55,1.55,1.55,1.55
709127,群聯台新5B購09,930,0.46,0.47,0.46,0.47
709128,群聯台新5B購10,0,,,,
709129,群聯台新5B購11,0,,,,
709130,雷科台新5B購01,1910,1.91,1.91,1.91,1.91
709131,雷科台新5B購02,489920,1.28,1.45,1.26,1.26
709132,廣穎台新5B購01,0,,,,
709133,聯合台新5B購01,0,,,,
709134,鑫科台新5B購01,0,,,,
709135,台特化富邦5C購02,0,,,,
709136,博智富邦61購02,8300,0.23,0.23,0.19,0.19
709137,群聯富邦61購03,176230,0.37,0.39,0.37,0.37
709138,群聯富邦61購04,13320,0.36,0.36,0.36,0.36
709139,安勤永豐5C購01,0,,,,
709140,朋程永豐5C購01,1400,0.2,0.2,0.2,0.2
709141,博智永豐5C購02,0,,,,
709142,群聯永豐5C購05,0,,,,
709143,群聯永豐63購01,0,,,,
709144,群聯永豐64購03,0,,,,
709145,群聯永豐65購04,0,,,,
709146,漢科永豐5C購01,0,,,,
709147,中美晶統一66購01,609890,0.75,0.77,0.73,0.73
709148,正淩統一65購03,0,,,,
709149,沛亨統一63購01,0,,,,
709150,沛亨統一64購01,360820,0.47,0.58,0.47,0.52
709151,沛亨統一65購02,999470,0.51,0.63,0.49,0.54
709152,佳邦統一63購01,660,0.33,0.33,0.33,0.33
709153,佳邦統一65購01,50000,0.25,0.25,0.25,0.25
709154,朋程統一65購01,64000,0.32,0.32,0.32,0.32
709155,欣銓統一63購02,0,,,,
709156,茂達統一65購03,0,,,,
709157,茂達統一69購01,0,,,,
709158,茂綸統一65購02,99870,0.68,0.77,0.68,0.7
709159,茂綸統一65購03,236190,0.63,0.68,0.63,0.65
709160,神準統一66購01,0,,,,
709161,博智統一63購02,0,,,,
709162,博智統一65購01,0,,,,
709163,閎康統一65購04,0,,,,
709164,萬泰科統一75購01,3410,0.49,0.49,0.48,0.48
709165,群聯統一5B購02,2430,0.09,0.09,0.09,0.09
709166,群聯統一63購01,3100,0.31,0.31,0.31,0.31
709167,群聯統一63購02,0,,,,
709168,群聯統一65購01,86600,0.27,0.27,0.26,0.26
709169,群聯統一65購02,0,,,,
709170,群聯統一69購01,478660,0.92,0.92,0.9,0.9
709171,群聯統一69購02,15080,0.52,0.52,0.52,0.52
709172,群聯統一6B購01,96570,1.0,1.0,0.95,0.95
709173,群聯統一75購01,278880,1.05,1.06,1.03,1.03
709174,聖暉*統一65購03,0,,,,
709175,鈺太統一69購01,0,,,,
709176,臺慶科統一65購02,0,,,,
709177,臺慶科統一65購03,2450,0.49,0.49,0.49,0.49
709178,臺慶科統一69購01,0,,,,
709179,廣穎統一65購01,61340,0.64,0.64,0.63,0.63
709180,廣穎統一69購01,710,0.71,0.71,0.71,0.71
709181,擎亞統一65購03,4000,0.4,0.4,0.4,0.4
709182,擎亞統一65購04,20440,0.28,0.28,0.28,0.28
709183,鑫科統一69購02,0,,,,
709184,鑫聯統一69購01,0,,,,
709185,群聯中信63購01,23600,0.4,0.4,0.4,0.4
709186,倚強群益5B購01,0,,,,
709187,原相群益5B購01,0,,,,
709188,博智群益5B購02,0,,,,
709189,博智群益5B購03,0,,,,
709190,華容群益5B購01,0,,,,
709191,新盛力群益61購02,661180,1.82,1.84,1.67,1.67
709192,群聯群益5B購07,0,,,,
709193,臺慶科群益5B購03,450,0.09,0.09,0.09,0.09
709194,優群群益5B購01,0,,,,
709195,擎亞群益62購01,0,,,,
709196,寶雅群益5B購01,19700,1.97,1.97,1.97,1.97
709197,鑫科群益5B購02,0,,,,
709198,久元永豐5B購01,0,,,,
709199,威聯通永豐61購01,0,,,,
709200,富喬永豐61購02,71030,0.92,0.92,0.8,0.8
709201,富喬永豐66購01,405400,1.12,1.12,1.03,1.03
709202,富喬永豐68購01,477540,1.11,1.11,0.97,0.97
709203,順達永豐64購01,0,,,,
709204,順達永豐67購01,0,,,,
709205,鈊象永豐63購01,13450,0.89,0.9,0.89,0.9
709206,新盛力永豐5C購02,3480,0.58,0.58,0.58,0.58
709207,擎亞永豐63購01,10300,0.25,0.26,0.25,0.26
709208,沛亨凱基5B購03,383780,0.32,0.34,0.29,0.29
709209,佳邦凱基5B購01,0,,,,
709210,富喬凱基5B購02,0,,,,
709211,富喬凱基61購02,196000,0.98,0.98,0.98,0.98
709212,富喬凱基61購03,323680,0.96,0.96,0.92,0.92
709213,勤凱凱基5B購02,180,0.09,0.09,0.09,0.09
709214,勤凱凱基5B購03,0,,,,
709215,勤凱凱基5B購04,0,,,,
709216,群聯凱基61購04,0,,,,
709217,臺慶科凱基5B購03,0,,,,
709218,擎亞凱基61購01,0,,,,
709219,中光電台新5B購02,0,,,,
709220,台星科台新5B購01,0,,,,
709221,台星科台新5B購02,30200,0.4,0.4,0.35,0.35
709222,立碁台新62購01,27720,1.26,1.26,1.26,1.26
709223,沛亨台新5B購04,0,,,,
709224,佳邦台新5B購02,0,,,,
709225,佳邦台新5B購03,0,,,,
709226,順達台新5B購05,62200,1.83,1.83,1.82,1.82
709227,勤凱台新5B購02,2800,0.28,0.28,0.28,0.28
709228,勤凱台新5B購03,0,,,,
709229,擎亞台新5B購01,117000,0.39,0.39,0.39,0.39
709230,擎亞台新5B購02,0,,,,
709231,雙鴻台新5B購01,0,,,,
709232,雙鴻台新5B購02,0,,,,
709233,雙鴻台新5B購03,0,,,,
709234,台半國泰5C購02,0,,,,
709235,良維國泰5C購02,309530,1.07,1.2,1.06,1.2
709236,富喬國泰5C購01,0,,,,
709237,順達國泰5C購01,65680,0.7,0.7,0.64,0.64
709238,群聯國泰5C購01,0,,,,
709239,群聯國泰5C購02,0,,,,
709240,威剛富邦5B購02,0,,,,
709241,富喬富邦5B購02,599170,0.56,0.56,0.44,0.44
709242,群聯富邦62購06,0,,,,
709243,均豪元大5B購04,51200,2.56,2.56,2.56,2.56
709244,欣銓元大5B購03,133550,0.86,1.02,0.84,1.02
709245,威剛元大5B購15,204800,1.26,1.26,1.24,1.24
709246,原相元大5B購03,5500,0.28,0.28,0.27,0.27
709247,博智元大5B購03,0,,,,
709248,富喬元大5B購03,84320,1.65,1.65,1.46,1.46
709249,富喬元大5B購04,56900,0.7,0.7,0.55,0.55
709250,富喬元大5B購05,776720,0.79,0.79,0.62,0.63
709251,勤凱元大5B購04,0,,,,
709252,新盛力元大5B購06,131960,1.19,1.21,1.04,1.04
709253,新盛力元大5B購07,65300,1.41,1.46,1.41,1.46
709254,群聯元大5B購17,139860,2.07,2.17,1.99,1.99
709255,群聯元大5B購18,0,,,,
709256,臺慶科元大5B購01,0,,,,
709257,擎亞元大5B購09,0,,,,
709258,中美晶群益5B購05,54450,6.05,6.05,6.05,6.05
709259,均豪群益5B購05,26030,0.62,0.71,0.61,0.61
709260,富喬群益5B購02,178600,0.82,0.84,0.82,0.84
709261,勤凱群益5B購03,0,,,,
709262,新盛力群益63購01,350810,1.17,1.17,1.1,1.1
709263,萬泰科群益5C購01,0,,,,
709264,群聯群益5B購08,0,,,,
709265,擎亞群益5B購03,0,,,,
709266,雙鴻群益5B購09,0,,,,
709267,方土昶永豐5C購01,0,,,,
709268,茂達永豐63購01,0,,,,
709269,精確永豐5B購01,0,,,,
709270,優群永豐5C購01,0,,,,
709271,中美晶凱基5B購05,70000,0.75,0.75,0.65,0.65
709272,台半凱基5B購02,0,,,,
709273,立碁凱基5B購02,175760,0.42,0.42,0.39,0.39
709274,均豪凱基5B購04,0,,,,
709275,沛亨凱基5C購01,685830,0.47,0.68,0.47,0.48
709276,原相凱基5B購04,0,,,,
709277,華容凱基5B購01,1350,1.35,1.35,1.35,1.35
709278,華容凱基5C購01,0,,,,
709279,萬泰科凱基5B購02,0,,,,
709280,精材凱基5B購09,6030,2.01,2.01,2.01,2.01
709281,大中台新5B購02,0,,,,
709282,立碁台新5B購01,71560,1.07,1.07,1.0,1.0
709283,立碁台新5B購02,57720,0.97,0.97,0.94,0.94
709284,艾訊台新5B購03,0,,,,
709285,艾訊台新5B購04,57720,0.37,0.37,0.37,0.37
709286,佳邦台新5B購04,0,,,,
709287,南俊台新5B購01,7750,0.31,0.31,0.31,0.31
709288,南俊台新5B購02,20200,0.27,0.33,0.27,0.32
709289,順達台新5B購06,4400,0.55,0.55,0.55,0.55
709290,勤凱台新5B購04,0,,,,
709291,臺慶科台新5B購06,20890,0.34,0.34,0.31,0.31
709292,臺慶科台新5B購07,15950,0.29,0.29,0.29,0.29
709293,群聯兆豐65購03,2370,0.49,0.49,0.47,0.47
709294,中美晶元大5B購06,0,,,,
709295,方土昶元大5B購01,1410,0.47,0.47,0.47,0.47
709296,世界元大5B購04,255850,0.89,1.02,0.89,0.94
709297,台半元大5B購05,138720,0.86,0.86,0.83,0.83
709298,倚強元大5B購01,142000,0.4,0.4,0.4,0.4
709299,華容元大5B購01,137280,2.76,2.76,2.7,2.7
709300,群聯元大61購07,29590,0.47,0.47,0.45,0.45
709301,聖暉*元大5B購05,0,,,,
709302,臺慶科元大5B購02,0,,,,
709303,優群元大5B購02,0,,,,
709304,鑫科元大5B購02,0,,,,
709305,鑫科元大5B購03,0,,,,
709306,久元群益65購01,0,,,,
709307,中美晶群益5B購06,159920,1.61,1.75,1.49,1.49
709308,世界群益5C購02,13040,0.49,0.52,0.49,0.52
709309,南俊群益5B購01,6980,0.17,0.19,0.14,0.14
709310,茂達群益5B購02,0,,,,
709311,富喬群益5B購03,119530,1.08,1.08,0.86,0.86
709312,群聯群益5B購09,98320,0.18,0.18,0.17,0.17
709313,精材群益5B購09,0,,,,
709314,雙鴻群益5B購10,133950,1.55,1.58,1.23,1.23
709315,沛亨永豐65購01,84020,0.52,0.54,0.52,0.52
709316,長科*永豐61購01,37750,1.51,1.51,1.51,1.51
709317,順達永豐64購02,0,,,,
709318,群聯永豐5C購06,0,,,,
709319,群聯永豐5C購07,0,,,,
709320,群聯永豐65購05,0,,,,
709321,沛亨元大5B購03,20380,0.37,0.4,0.37,0.4
709322,沛亨元大5B購04,384050,0.75,0.75,0.69,0.69
709323,沛亨元大5B購05,76170,0.5,0.53,0.48,0.48
709324,良維元大5B購02,0,,,,
709325,佳邦元大5B購01,0,,,,
709326,朋程元大5B購01,0,,,,
709327,茂達元大5B購01,0,,,,
709328,富喬元大61購03,523040,1.26,1.26,1.07,1.07
709329,群聯元大61購08,0,,,,
709330,良維富邦5C購02,0,,,,
709331,朋程富邦61購01,0,,,,
709332,順達富邦61購01,0,,,,
709333,大中群益5B購01,0,,,,
709334,大中群益5B購02,0,,,,
709335,均豪群益5B購06,0,,,,
709336,宏捷科群益5B購02,0,,,,
709337,良維群益5B購04,0,,,,
709338,佳邦群益5B購02,0,,,,
709339,佳邦群益5B購03,0,,,,
709340,朋程群益5B購03,0,,,,
709341,長科*群益5B購01,6700,1.34,1.34,1.34,1.34
709342,順達群益5B購04,0,,,,
709343,群翊群益5B購02,0,,,,
709344,漢科群益5B購01,0,,,,
709345,精材群益5B購10,0,,,,
709346,台半凱基5B購03,309370,0.19,0.19,0.17,0.17
709347,沛亨凱基5B購04,15230,0.35,0.36,0.31,0.31
709348,朋程凱基5B購03,0,,,,
709349,順達凱基5B購04,1820,0.07,0.07,0.07,0.07
709350,群聯凱基5B購09,0,,,,
709351,聖暉*凱基5B購05,0,,,,
709352,優群凱基5B購02,0,,,,
709353,大中台新5B購03,0,,,,
709354,台半台新5B購04,64080,0.72,0.72,0.72,0.72
709355,台半台新5B購05,8500,0.34,0.34,0.34,0.34
709356,金益鼎台新5B購01,0,,,,
709357,博盛台新5B購02,28880,0.38,0.38,0.38,0.38
709358,順達台新5B購07,0,,,,
709359,勤凱台新5B購05,0,,,,
709360,群翊台新5B購01,0,,,,
709361,穩得台新5B購01,0,,,,
709362,台半凱基5B購04,1500,0.3,0.3,0.3,0.3
709363,台特化凱基5B購03,0,,,,
709364,宏捷科凱基5B購02,0,,,,
709365,長科*凱基5B購01,0,,,,
709366,富喬凱基62購01,1560,0.78,0.78,0.78,0.78
709367,萊德光凱基5B購01,251370,0.13,0.21,0.12,0.21
709368,萊德光凱基5B購02,621450,0.27,0.39,0.24,0.38
709369,順達凱基5B購05,0,,,,
709370,勤凱凱基5B購05,0,,,,
709371,群翊凱基62購01,0,,,,
709372,聖暉*凱基5B購06,0,,,,
709373,漢科凱基5B購01,0,,,,
709374,廣穎凱基5B購03,0,,,,
709375,雙鴻凱基5B購03,0,,,,
709376,系統電台新5B購01,0,,,,
709377,華容台新5B購01,0,,,,
709378,鈺太台新5B購01,0,,,,
709379,鈺太台新5B購02,0,,,,
709380,鈺太台新5B購03,0,,,,
709381,精材台新5B購07,0,,,,
709382,廣穎台新5B購02,0,,,,
709383,點序台新5B購01,0,,,,
709384,點序台新62購01,0,,,,
709385,佳邦元大5B購02,0,,,,
709386,長科*元大5B購01,18310,1.11,1.11,1.03,1.03
709387,順達元大5B購08,0,,,,
709388,順達元大62購01,92820,0.72,0.72,0.7,0.71
709389,群聯元大5B購19,0,,,,
709390,群聯元大63購04,24500,0.35,0.35,0.35,0.35
709391,聖暉*元大5B購06,0,,,,
709392,佳邦富邦5B購01,0,,,,
709393,精材富邦5B購03,69300,2.31,2.31,2.31,2.31
709394,台半群益62購01,0,,,,
709395,聖暉*群益5B購03,0,,,,
709396,優群群益62購01,0,,,,
709397,佳邦國泰5C購01,0,,,,
709398,威聯通國泰5C購01,0,,,,
709399,勤凱國泰5C購02,0,,,,
709400,台半永豐63購02,0,,,,
709401,台特化永豐63購01,0,,,,
709402,佳邦永豐5C購01,0,,,,
709403,萊德光永豐5C購01,117850,0.29,0.35,0.27,0.34
709404,勤凱永豐5C購04,0,,,,
709405,群聯永豐5B購01,0,,,,
709406,鏵友益永豐5C購02,0,,,,
709407,久元元大5C購01,0,,,,
709408,中美晶元大5C購03,44670,1.44,1.45,1.44,1.45
709409,世界元大5C購02,4931850,1.21,1.22,1.15,1.16
709410,台半元大5C購02,0,,,,
709411,良維元大5C購02,0,,,,
709412,佳邦元大5C購02,0,,,,
709413,富喬元大5C購03,389750,0.94,0.94,0.76,0.78
709414,順達元大5C購02,0,,,,
709415,勤凱元大5C購01,0,,,,
709416,群聯元大5C購03,543880,1.35,1.43,1.34,1.43
709417,精材元大5C購01,0,,,,
709418,中美晶永豐64購01,121800,0.87,0.87,0.87,0.87
709419,長科*永豐61購02,60390,0.99,0.99,0.99,0.99
709420,晶焱永豐61購01,0,,,,
709421,華容永豐64購01,9120,3.04,3.04,3.04,3.04
709422,臺慶科永豐66購01,9000,0.3,0.3,0.3,0.3
709423,廣穎永豐61購02,0,,,,
709424,台半凱基5C購02,0,,,,
709425,巨漢凱基5C購01,0,,,,
709426,良維凱基5C購03,0,,,,
709427,佳邦凱基5C購02,0,,,,
709428,佳邦凱基5C購03,0,,,,
709429,威剛凱基64購01,17400,0.58,0.58,0.58,0.58
709430,順達凱基5C購02,650,0.13,0.13,0.13,0.13
709431,勤凱凱基5C購01,0,,,,
709432,勤凱凱基5C購02,0,,,,
709433,勤凱凱基62購01,101650,0.14,0.15,0.14,0.15
709434,群聯凱基66購01,5220,0.37,0.38,0.37,0.38
709435,廣穎凱基5C購01,50220,0.18,0.18,0.18,0.18
709436,巨漢台新5C購01,560,0.14,0.14,0.14,0.14
709437,巨漢台新5C購02,0,,,,
709438,湧德台新61購01,57350,0.64,0.64,0.63,0.63
709439,華容台新5C購01,0,,,,
709440,華容台新5C購02,0,,,,
709441,鈊象台新5C購01,15080,0.58,0.58,0.58,0.58
709442,鑫聯台新5C購01,0,,,,
709443,台半群益5C購01,1050,0.21,0.21,0.21,0.21
709444,台特化群益5C購02,0,,,,
709445,立敦群益5C購01,60,0.02,0.02,0.02,0.02
709446,勤凱群益5C購01,1360,0.04,0.04,0.04,0.04
709447,廣穎群益5C購01,0,,,,
709448,雙鴻群益5C購01,0,,,,
709449,聖暉*國泰61購01,0,,,,
709450,雙鴻國泰61購02,115640,2.68,2.68,2.23,2.23
709451,久元富邦66購01,0,,,,
709452,台半富邦64購01,157710,0.29,0.29,0.28,0.29
709453,台半富邦66購01,0,,,,
709454,宏捷科富邦66購01,160,0.16,0.16,0.16,0.16
709455,宏捷科富邦66購02,0,,,,
709456,長科*富邦63購01,197600,0.86,0.92,0.84,0.84
709457,威剛富邦62購01,0,,,,
709458,富喬富邦66購01,175210,0.91,0.91,0.81,0.81
709459,智通*富邦64購01,86040,1.1,1.12,1.1,1.12
709460,智通*富邦66購01,23790,0.61,0.61,0.61,0.61
709461,閎康富邦66購01,0,,,,
709462,鈊象富邦66購01,85460,0.77,0.81,0.76,0.81
709463,群聯富邦64購01,63000,0.42,0.42,0.42,0.42
709464,雙鴻富邦64購01,160100,1.73,1.84,1.73,1.84
709465,台半國票61購02,0,,,,
709466,台半國票61購03,27500,0.19,0.19,0.18,0.18
709467,佳邦國票61購01,0,,,,
709468,佳邦國票61購02,0,,,,
709469,萊德光國票61購01,2937630,0.24,0.4,0.21,0.4
709470,順達國票61購01,0,,,,
709471,中美晶群益62購02,5610,0.65,0.65,0.62,0.62
709472,台星科群益62購01,0,,,,
709473,威剛群益62購01,520,0.52,0.52,0.52,0.52
709474,茂綸群益62購01,928850,1.56,1.87,1.54,1.6
709475,振曜群益5C購01,0,,,,
709476,創惟群益5C購01,0,,,,
709477,群聯群益5C購02,0,,,,
709478,鈊象國泰61購01,20010,0.87,0.87,0.87,0.87
709479,臺慶科國泰61購01,0,,,,
709480,朋程永豐5C購02,0,,,,
709481,欣銓永豐64購01,14040,0.8,0.92,0.8,0.92
709482,達航永豐61購01,0,,,,
709483,達航永豐64購01,0,,,,
709484,立敦富邦66購01,0,,,,
709485,宏觀富邦66購01,0,,,,
709486,順達富邦61購02,0,,,,
709487,漢科富邦66購01,49000,0.49,0.49,0.49,0.49
709488,廣明富邦66購01,0,,,,
709489,璟德富邦66購01,0,,,,
709490,久元凱基5C購02,0,,,,
709491,中美晶凱基5C購02,101530,0.42,0.43,0.33,0.34
709492,立敦凱基5C購01,2400,0.12,0.12,0.12,0.12
709493,良維凱基64購01,0,,,,
709494,朋程凱基61購01,0,,,,
709495,能率亞凱基5C購01,27010,0.28,0.28,0.27,0.27
709496,富喬凱基5C購01,2040,0.51,0.51,0.51,0.51
709497,華容凱基5C購02,0,,,,
709498,群聯凱基5C購02,23140,0.08,0.08,0.07,0.08
709499,廣穎凱基61購01,23990,0.36,0.36,0.17,0.17
709500,中美晶台新63購01,1200,1.2,1.2,1.2,1.2
709501,立敦台新5C購01,0,,,,
709502,宏觀台新5C購01,850,0.17,0.17,0.17,0.17
709503,南俊台新5C購01,0,,,,
709504,聖暉*台新5C購01,0,,,,
709505,精材台新5C購02,0,,,,
709506,精材台新5C購03,702240,4.73,5.05,4.73,5.05
709507,璟德台新5C購01,0,,,,
709508,久元元大5C購02,0,,,,
709510,朋程元大5C購01,0,,,,
709511,長科*元大5C購01,0,,,,
709512,富喬元大61購04,84130,0.86,0.86,0.83,0.83
709513,晶焱元大5C購01,0,,,,
709514,順達元大5C購03,0,,,,
709515,順達元大64購05,200820,1.06,1.06,1.05,1.05
709516,群聯元大61購09,0,,,,
709517,臺慶科元大5C購01,0,,,,
709518,中美晶富邦62購01,57650,0.65,0.66,0.64,0.65
709519,世界凱基5C購04,0,,,,
709520,世紀*凱基5C購01,5250,5.25,5.25,5.25,5.25
709521,台半凱基61購02,2500,0.25,0.25,0.25,0.25
709522,立端凱基61購01,25260,0.42,0.42,0.4,0.4
709523,宏觀凱基61購03,0,,,,
709524,系統電凱基5C購02,0,,,,
709525,宜特凱基61購02,0,,,,
709526,長科*凱基5C購01,7820,0.2,0.21,0.18,0.18
709527,宸曜凱基5C購01,0,,,,
709528,順達凱基64購02,2300,0.46,0.46,0.46,0.46
709529,群聯凱基5C購03,16000,0.08,0.08,0.08,0.08
709530,大綜台新5C購01,189230,1.36,1.37,1.36,1.37
709531,系統電台新5C購01,0,,,,
709532,萊德光台新5C購01,2240280,0.31,0.5,0.28,0.49
709533,廣運台新5C購01,0,,,,
709534,台半永豐61購02,0,,,,
709535,安葆永豐63購01,0,,,,
709536,良維永豐5C購03,3600,0.24,0.24,0.24,0.24
709537,雙鴻永豐64購02,263020,1.29,1.29,1.17,1.28
709538,久元元大5C購03,0,,,,
709539,中美晶元大5C購04,113120,0.73,0.74,0.73,0.74
709540,世界元大5C購03,158870,0.67,0.8,0.67,0.8
709541,世界元大64購05,228520,0.73,0.73,0.72,0.72
709542,台半元大5C購03,29240,0.63,0.63,0.62,0.62
709543,台半元大5C購04,22850,0.42,0.42,0.41,0.41
709544,台半元大66購02,0,,,,
709545,良維元大5C購03,0,,,,
709546,欣銓元大5C購01,388380,0.47,0.58,0.47,0.56
709547,長科*元大5C購02,0,,,,
709548,長科*元大5C購03,0,,,,
709549,長科*元大66購01,9500,0.95,0.95,0.95,0.95
709550,富喬元大61購05,75730,0.72,0.72,0.62,0.62
709551,順達元大5C購04,136950,0.3,0.3,0.27,0.27
709552,順達元大64購06,65300,0.95,0.95,0.91,0.91
709553,群聯元大61購10,0,,,,
709554,聖暉*元大5C購04,2100,0.21,0.21,0.21,0.21
709555,方土昶群益5C購01,2850,0.19,0.19,0.19,0.19
709556,世界群益5C購03,2100,0.42,0.42,0.42,0.42
709557,台半群益5C購02,0,,,,
709558,台半群益61購01,0,,,,
709559,系微群益5C購01,0,,,,
709560,長科*群益61購01,0,,,,
709561,南俊群益5C購01,64860,0.25,0.27,0.2,0.21
709562,富喬群益5C購02,1016750,1.64,1.64,1.26,1.28
709563,群聯群益5C購03,0,,,,
709564,臺慶科群益5C購01,0,,,,
709565,廣運群益5C購01,0,,,,
709566,雙鴻群益5C購02,85840,1.51,1.63,1.24,1.47
709567,方土昶凱基5C購02,0,,,,
709568,威剛凱基61購01,16280,0.18,0.18,0.17,0.17
709569,雅特力凱基5C購01,0,,,,
709570,聰泰凱基5C購01,4960,0.24,0.25,0.24,0.25
709571,雙鴻凱基5C購07,86550,1.03,1.07,1.03,1.07
709572,雙鴻凱基5C購08,0,,,,
709573,能率台新5C購01,0,,,,
709574,良維富邦61購02,17500,0.15,0.16,0.15,0.16
709575,群聯富邦63購01,0,,,,
709576,雙鴻富邦62購01,181390,0.83,0.88,0.8,0.82
709577,達航國票61購01,0,,,,
709579,中美晶元大5C購05,0,,,,
709580,世界元大5C購04,268000,0.88,1.03,0.88,1.03
709581,世界元大64購06,168160,0.67,0.69,0.67,0.69
709582,台半元大5C購05,5380,0.3,0.3,0.29,0.29
709583,台半元大66購03,42770,1.28,1.28,1.25,1.25
709584,宏觀元大5C購03,0,,,,
709585,威剛元大5C購01,0,,,,
709586,富喬元大64購01,1883320,0.93,0.93,0.82,0.82
709587,順達元大5C購05,255010,1.02,1.02,0.91,0.91
709588,群聯元大61購11,0,,,,
709589,群聯元大64購04,3100,0.31,0.31,0.31,0.31
709591,威剛群益5C購03,115500,0.33,0.33,0.33,0.33
709592,群聯群益5C購04,0,,,,
709593,桓達永豐61購01,2500,0.25,0.25,0.25,0.25
709594,宏觀國票61購01,0,,,,
709595,富喬國票5C購03,21600,1.2,1.2,0.96,0.96
709596,群聯國票61購04,0,,,,
709597,精確國票61購01,17160,0.33,0.33,0.33,0.33
709598,磐亞國票61購01,0,,,,
709599,雙鴻國票61購01,241410,0.86,0.9,0.76,0.83
709600,中美晶元大5C購06,196160,1.44,1.46,1.43,1.43
709601,世界元大5C購05,137230,0.89,0.98,0.89,0.97
709602,世界元大64購07,781180,1.15,1.15,1.08,1.11
709603,世界元大66購02,8520,0.71,0.71,0.71,0.71
709604,系統電元大5C購03,0,,,,
709605,威剛元大5C購02,85400,0.87,0.87,0.84,0.84
709606,威剛元大61購02,0,,,,
709607,群聯元大5C購04,0,,,,
709608,群聯元大5C購05,0,,,,
709609,群聯元大61購12,0,,,,
709610,群聯元大64購05,0,,,,
709611,磐亞元大5C購01,100400,1.9,1.9,1.89,1.89
709612,系統電富邦61購02,0,,,,
709613,大綜永豐61購01,57090,0.75,0.79,0.75,0.79
709614,磐亞永豐61購01,379900,1.36,1.36,1.33,1.33
709615,方土昶凱基5C購03,3600,0.2,0.2,0.2,0.2
709616,華電網凱基5C購01,0,,,,
709617,磐亞凱基5C購01,45140,1.24,1.24,1.19,1.19
709618,雙鴻凱基61購04,95900,0.92,0.98,0.8,0.8
709619,大綜台新5C購02,25110,0.81,0.81,0.81,0.81
709620,系統電台新61購01,0,,,,
709621,良維台新5C購01,0,,,,
709622,順達台新5C購02,0,,,,
709623,精材台新62購01,40050,4.45,4.45,4.45,4.45
709624,雙鴻台新5C購01,0,,,,
709625,力致群益5C購01,0,,,,
709626,威剛群益5C購04,0,,,,
709627,群聯群益5C購05,0,,,,
709628,雙鴻群益62購01,83730,0.75,0.78,0.66,0.68
709629,方土昶永豐63購01,0,,,,
709630,系微永豐61購01,32590,0.18,0.19,0.18,0.18
709631,宜特永豐5C購03,0,,,,
709632,家登永豐5C購01,40920,0.6,0.64,0.6,0.64
709633,鈊象永豐64購01,0,,,,
709634,群聯永豐5C購08,0,,,,
709635,雙鴻群益5C購03,0,,,,
709636,大綜國票5C購01,0,,,,
709637,台特化國票61購01,0,,,,
709638,光聚晶國票61購01,200,0.2,0.2,0.2,0.2
709639,系統電國票61購01,0,,,,
709640,家登國票5C購01,0,,,,
709641,海韻電國票61購01,0,,,,
709642,鈊象國票61購01,3800,0.38,0.38,0.38,0.38
709643,聖暉*國票61購01,0,,,,
709644,大綜凱基5C購01,90400,0.15,0.17,0.15,0.15
709645,伍豐凱基5C購01,0,,,,
709646,系統電凱基5C購03,0,,,,
709647,朋億*凱基5C購01,320,0.32,0.32,0.32,0.32
709648,威剛凱基5C購03,9800,0.24,0.25,0.24,0.25
709649,茂訊凱基5C購01,470,0.47,0.47,0.47,0.47
709650,富喬凱基5C購02,0,,,,
709651,晶焱凱基5C購01,0,,,,
709652,雅特力凱基5C購02,227650,0.53,0.53,0.49,0.49
709653,群聯凱基5C購04,0,,,,
709654,精確凱基5C購01,28260,0.26,0.26,0.23,0.23
709655,大綜台新5C購03,45570,0.37,0.43,0.37,0.43
709656,大綜台新5C購04,0,,,,
709657,方土昶台新5C購01,0,,,,
709658,富喬台新5C購01,45380,1.23,1.28,1.23,1.28
709659,富喬台新5C購02,93050,1.73,1.73,1.43,1.43
709660,晶焱台新5C購01,0,,,,
709661,晶焱台新5C購02,0,,,,
709662,晶焱台新5C購03,1000,0.1,0.1,0.1,0.1
709663,群聯台新5C購01,0,,,,
709664,大綜元大5C購01,0,,,,
709665,中美晶元大5C購07,0,,,,
709666,台半元大5C購06,0,,,,
709668,威剛元大61購03,1520,0.38,0.38,0.38,0.38
709669,家登元大5C購04,54260,0.4,0.4,0.39,0.39
709670,群聯元大5C購06,0,,,,
709671,群聯元大5C購07,0,,,,
709672,群聯元大5C購08,2600,0.26,0.26,0.26,0.26
709673,群聯元大66購05,302970,0.52,0.53,0.52,0.52
709674,聖暉*元大5C購05,0,,,,
709675,聖暉*元大5C購06,0,,,,
709676,家登富邦63購01,305780,0.48,0.51,0.48,0.5
709677,正德群益5C購01,0,,,,
709678,威剛群益5C購05,0,,,,
709679,家登群益5C購01,26180,0.77,0.77,0.77,0.77
709680,富喬群益5C購03,1812130,1.79,1.79,1.38,1.38
709681,華容群益5C購01,3150,1.62,1.62,1.53,1.53
709682,群聯群益5C購06,0,,,,
709683,聖暉*群益5C購02,0,,,,
709684,立端永豐64購01,61000,0.61,0.61,0.61,0.61
709685,威剛永豐6C購01,0,,,,
709686,建榮永豐61購01,11240,0.37,0.37,0.35,0.35
709687,茂訊永豐5C購01,0,,,,
709688,雅特力永豐61購01,190000,0.95,0.95,0.95,0.95
709689,群聯永豐5C購09,0,,,,
709690,綠界*永豐61購01,0,,,,
709691,聰泰永豐61購01,31800,0.44,0.47,0.44,0.45
709692,立敦國票5C購01,900,0.18,0.18,0.18,0.18
709693,立敦國票5C購02,0,,,,
709694,伍豐國票61購01,0,,,,
709695,光焱國票61購01,560,0.28,0.28,0.28,0.28
709696,安勤國票61購01,0,,,,
709697,系統電國票61購02,0,,,,
709698,邑昇國票61購01,15700,0.33,0.33,0.29,0.29
709699,信音國票5C購01,570,0.19,0.19,0.19,0.19
709700,建榮國票5C購01,8720,0.16,0.16,0.15,0.15
709701,博士旺國票5C購01,0,,,,
709702,博智國票5C購01,11100,0.37,0.37,0.37,0.37
709703,博智國票5C購02,0,,,,
709704,晶焱國票5C購01,0,,,,
709705,雅特力國票61購01,0,,,,
709706,雅特力國票61購02,73690,0.61,0.61,0.58,0.58
709707,意德士國票61購01,0,,,,
709708,聚和國票61購01,0,,,,
709709,臺慶科國票61購02,280,0.28,0.28,0.28,0.28
709710,廣閎科國票61購01,1620,0.81,0.81,0.81,0.81
709711,騰雲國票61購01,16800,0.84,0.84,0.84,0.84
709712,威剛國泰61購01,26230,0.61,0.61,0.61,0.61
709713,湧德國泰61購01,0,,,,
709714,光焱台新5C購01,0,,,,
709715,兆利台新5C購01,0,,,,
709716,兆利台新5C購02,0,,,,
709717,雅特力台新5C購01,102000,0.85,0.85,0.85,0.85
709718,雅特力台新5C購02,50220,0.62,0.62,0.62,0.62
709719,鈊象台新5C購02,14700,0.42,0.42,0.42,0.42
709720,雙鴻台新5C購02,140580,3.13,3.23,2.99,2.99
709721,雙鴻台新5C購03,55560,1.72,1.72,1.62,1.62
709722,穩得台新5C購01,0,,,,
709723,中美晶元大5C購08,172010,1.74,1.82,1.74,1.78
709724,中美晶元大5C購09,215550,1.22,1.24,1.21,1.21
709725,方土昶元大5C購01,0,,,,
709726,系統電元大5C購05,0,,,,
709727,系統電元大5C購06,0,,,,
709728,信音元大5C購01,0,,,,
709729,威剛元大61購04,0,,,,
709730,富喬元大64購02,272960,1.47,1.47,1.29,1.29
709731,順達元大5C購06,257910,1.22,1.22,1.04,1.04
709732,鈊象元大5C購05,400240,1.03,1.08,1.03,1.08
709733,群聯元大5C購09,0,,,,
709734,群聯元大5C購10,0,,,,
709735,群聯元大5C購11,0,,,,
709736,群聯元大66購06,2330,0.6,0.6,0.57,0.58
709737,精材元大5C購03,0,,,,
709738,精材元大64購01,0,,,,
709739,精材元大66購04,937320,4.46,4.55,4.4,4.4
709740,順達凱基5C購03,107370,0.18,0.18,0.16,0.16
709741,群聯凱基5C購05,0,,,,
709742,聖暉*凱基5C購02,0,,,,
709743,精材凱基61購05,0,,,,
709744,臺慶科凱基5C購02,0,,,,
709745,宜鼎元大5C購05,280,0.28,0.28,0.28,0.28
709746,宜鼎元大61購04,93700,0.29,0.29,0.28,0.28
709747,廣閎科元大5C購01,73820,0.82,0.84,0.82,0.84
709748,宜鼎群益5C購01,103100,0.19,0.19,0.16,0.16
709749,宜鼎群益5C購02,1800,0.12,0.12,0.12,0.12
709750,宜鼎群益5C購03,0,,,,
709751,方土昶國票61購01,560,0.56,0.56,0.56,0.56
709752,加高國票61購01,0,,,,
709753,宜鼎國票61購01,0,,,,
709754,威聯通國票61購01,0,,,,
709755,凱崴國票61購01,85950,0.35,0.37,0.33,0.33
709756,港建*國票61購01,0,,,,
709757,華容國票61購01,0,,,,
709758,萊德光國票61購02,91220,0.55,0.65,0.54,0.65
709759,萊德光國票61購03,1485670,0.45,0.7,0.43,0.7
709760,宜特國泰61購01,0,,,,
709761,宜鼎國泰61購02,3070,0.66,0.66,0.49,0.63
709762,宜鼎國泰61購03,0,,,,
709763,宜鼎國泰61購04,420,0.42,0.42,0.42,0.42
709764,台半富邦62購03,0,,,,
709765,台半富邦63購01,0,,,,
709766,宜特富邦62購01,0,,,,
709767,宜鼎富邦5C購04,0,,,,
709768,朋程富邦62購01,0,,,,
709769,朋程富邦63購01,0,,,,
709770,家登富邦62購02,357200,0.55,0.59,0.54,0.59
709771,家登富邦62購03,0,,,,
709772,鈊象富邦62購01,39750,0.53,0.53,0.53,0.53
709773,鈊象富邦63購01,0,,,,
709774,雙鴻富邦63購01,405450,0.95,1.01,0.94,0.94
709775,系統電凱基5C購04,0,,,,
709776,威剛凱基5C購04,43470,0.48,0.48,0.46,0.46
709777,家登凱基5C購03,15390,0.57,0.57,0.57,0.57
709778,博智凱基5C購03,5800,0.2,0.2,0.19,0.19
709779,富喬凱基5C購03,9040,1.13,1.13,1.13,1.13
709780,勤凱凱基5C購03,0,,,,
709781,群聯凱基61購05,346860,0.33,0.34,0.32,0.32
709782,廣閎科凱基61購01,138380,0.5,0.5,0.48,0.48
709783,宜鼎台新5C購01,146200,0.32,0.32,0.29,0.29
709784,宜鼎台新5C購02,35200,0.32,0.32,0.32,0.32
709785,宜鼎台新5C購03,1250,0.25,0.25,0.25,0.25
709786,宜鼎中信5C購02,0,,,,
709787,宜鼎永豐64購01,0,,,,
709788,宜鼎永豐65購01,141700,0.31,0.31,0.3,0.3
709789,宇峻國泰61購01,150850,1.05,1.07,1.05,1.07
709790,華景電國泰61購01,0,,,,
709791,群聯國泰61購02,40020,0.87,0.87,0.87,0.87
709792,漢達國泰61購01,1080350,8.05,8.2,8.05,8.2
709793,世界凱基5C購05,319990,0.46,0.46,0.45,0.45
709794,宜鼎凱基5C購03,0,,,,
709795,宜鼎凱基5C購04,0,,,,
709796,宜鼎凱基5C購05,0,,,,
709797,威聯通凱基61購01,1000,0.2,0.2,0.2,0.2
709798,凱崴凱基61購01,0,,,,
709799,華景電凱基5C購02,0,,,,
709800,順達凱基61購01,0,,,,
709801,璟德凱基5C購01,0,,,,
709802,立敦台新5C購02,0,,,,
709803,宏捷科台新5C購01,0,,,,
709804,宜鼎台新5C購04,6300,0.3,0.3,0.27,0.27
709805,宜鼎台新61購01,0,,,,
709806,東浦台新5C購01,41880,0.46,0.46,0.45,0.45
709807,家登台新5C購01,610510,0.93,1.05,0.93,0.99
709808,順達台新61購02,11700,1.17,1.17,1.17,1.17
709809,新漢台新5C購01,0,,,,
709810,廣閎科台新5C購01,0,,,,
709811,富喬中信5C購03,26770,1.03,1.03,0.88,0.88
709812,創惟永豐5C購01,0,,,,
709813,華容永豐61購01,1110,1.11,1.11,1.11,1.11
709814,群聯永豐64購04,0,,,,
709815,群聯永豐64購05,0,,,,
709816,宜鼎元大5C購06,30150,0.15,0.15,0.15,0.15
709817,宜鼎元大5C購07,5700,0.29,0.29,0.28,0.28
709818,宜鼎元大5C購08,0,,,,
709819,威剛元大5C購03,55480,1.12,1.12,1.1,1.11
709820,群聯元大5C購12,0,,,,
709821,群聯元大5C購13,590,0.59,0.59,0.59,0.59
709822,群聯元大5C購14,6550,0.65,0.66,0.65,0.66
709823,群聯元大61購13,0,,,,
709824,廣閎科元大5C購02,0,,,,
709825,雙鴻元大61購15,626660,1.06,1.06,0.87,0.87
709826,力領國票61購01,0,,,,
709827,加高國票61購02,0,,,,
709828,立端國票61購01,0,,,,
709829,邑錡國票5C購01,0,,,,
709830,佳邦國票61購03,0,,,,
709831,宜鼎國票61購02,0,,,,
709832,東浦國票61購01,0,,,,
709833,杰力國票61購01,4100,0.41,0.41,0.41,0.41
709834,金益鼎國票61購02,0,,,,
709835,長聖國票61購01,1860,0.62,0.62,0.62,0.62
709836,胡連國票61購01,0,,,,
709837,韋僑國票61購01,0,,,,
709838,宸曜國票5C購01,0,,,,
709839,能率亞國票61購01,5700,0.57,0.57,0.57,0.57
709840,凱崴國票61購02,0,,,,
709841,湧德國票5C購01,0,,,,
709842,湧德國票5C購02,0,,,,
709843,華容國票61購02,108500,1.09,1.09,1.08,1.08
709844,華景電國票61購01,0,,,,
709845,華電網國票5C購02,5250,0.35,0.35,0.35,0.35
709846,華電網國票5C購03,0,,,,
709847,廣閎科國票61購02,0,,,,
709848,騰雲國票61購02,0,,,,
709849,系統電群益5C購01,0,,,,
709850,宜鼎群益5C購04,0,,,,
709851,威剛群益5C購06,0,,,,
709852,群聯群益5C購07,0,,,,
709853,兆利富邦62購01,180,0.18,0.18,0.18,0.18
709854,智通*富邦62購01,0,,,,
709855,湧德富邦62購01,92630,0.34,0.35,0.34,0.34
709856,閎康富邦62購02,0,,,,
709857,聖暉*富邦5C購02,0,,,,
709858,廣閎科富邦5C購01,169760,0.45,0.45,0.42,0.42
709859,方土昶國票61購02,0,,,,
709860,台嘉碩國票5C購01,310,0.31,0.31,0.31,0.31
709861,台嘉碩國票5C購02,580,0.58,0.58,0.58,0.58
709862,永信建國票61購01,10100,0.51,0.51,0.5,0.5
709863,兆利國票61購01,0,,,,
709864,系統電國票61購03,0,,,,
709865,朋程國票5C購01,0,,,,
709866,東浦國票61購02,0,,,,
709867,順達國票61購02,0,,,,
709868,緯軟國票61購01,73130,0.43,0.43,0.42,0.42
709869,華容群益5C購02,0,,,,
709870,廣閎科群益5C購01,89240,0.97,0.97,0.97,0.97
709871,順達中信5C購01,1100,0.22,0.22,0.22,0.22
709872,聖暉*中信5C購01,0,,,,
709873,世紀*永豐5C購01,323700,5.1,5.1,5.05,5.05
709874,博智永豐5C購03,0,,,,
709875,中美晶元大5C購10,304100,1.34,1.34,1.18,1.18
709876,宏觀元大5C購04,0,,,,
709877,良維元大5C購04,547120,0.36,0.42,0.36,0.36
709878,博智元大5C購03,0,,,,
709879,華容元大5C購01,14160,1.77,1.77,1.77,1.77
709880,順達元大5C購07,0,,,,
709881,精材元大5C購04,0,,,,
709882,臺慶科元大5C購02,0,,,,
709883,系統電凱基5C購05,0,,,,
709884,佳邦凱基5C購04,0,,,,
709885,泓格凱基5C購01,21500,0.31,0.31,0.3,0.3
709886,金益鼎凱基5C購01,0,,,,
709887,茂迪凱基61購01,0,,,,
709888,創惟凱基61購01,0,,,,
709889,湧德凱基61購01,0,,,,
709890,華容凱基61購01,59000,0.59,0.59,0.59,0.59
709891,群聯凱基5C購06,0,,,,
709892,臺慶科凱基61購01,0,,,,
709893,廣閎科凱基5C購01,622420,0.56,0.58,0.51,0.51
709894,雙鴻凱基5C購09,896020,1.19,1.19,0.97,1.18
709895,騰雲凱基61購01,213730,0.5,0.57,0.49,0.57
709896,中美晶統一66購02,1280250,0.87,0.91,0.83,0.83
709897,立敦統一63購02,0,,,,
709898,立敦統一64購02,0,,,,
709899,立敦統一64購03,0,,,,
709900,佳邦統一64購01,0,,,,
709901,佳邦統一66購01,0,,,,
709902,宜鼎統一64購01,2600,0.26,0.26,0.26,0.26
709903,宜鼎統一64購02,12000,0.24,0.24,0.24,0.24
709904,宜鼎統一64購03,0,,,,
709905,宜鼎統一64購04,315950,0.17,0.17,0.16,0.16
709906,宜鼎統一66購03,3610,0.28,0.28,0.27,0.27
709907,宜鼎統一66購04,62560,0.4,0.4,0.39,0.39
709908,威剛統一6A購01,0,,,,
709909,建榮統一66購01,0,,,,
709910,建榮統一6A購03,0,,,,
709911,家登統一66購01,520,0.52,0.52,0.52,0.52
709912,凱崴統一66購01,0,,,,
709913,博智統一6C購01,1880,0.47,0.47,0.47,0.47
709914,富喬統一64購02,135640,0.86,0.86,0.78,0.78
709915,富喬統一64購03,10520,0.76,0.76,0.75,0.75
709916,富喬統一66購01,193170,1.17,1.17,1.04,1.04
709917,群聯統一64購02,0,,,,
709918,精材統一66購01,35910,1.93,2.02,1.88,1.88
709919,精材統一6C購01,57600,1.44,1.44,1.44,1.44
709920,臺慶科統一64購02,0,,,,
709921,臺慶科統一66購02,0,,,,
709922,臺慶科統一66購03,4420,0.17,0.17,0.17,0.17
709923,臺慶科統一6A購02,0,,,,
709924,廣閎科統一66購01,0,,,,
709925,廣運統一66購01,3240,0.27,0.27,0.27,0.27
709926,廣運統一6C購01,0,,,,
709927,優群統一66購02,0,,,,
709928,雙鴻統一64購01,274960,0.75,0.75,0.73,0.75
709929,雙鴻統一65購02,519230,1.19,1.27,1.19,1.22
709930,宏觀國泰61購01,8400,0.43,0.43,0.41,0.41
709931,金益鼎國泰61購01,41900,0.52,0.53,0.52,0.53
709932,立敦台新5C購03,0,,,,
709933,威剛台新5C購01,88280,0.96,0.96,0.92,0.92
709934,威剛台新5C購02,0,,,,
709935,威剛台新5C購03,29290,2.67,2.69,2.6,2.6
709936,威剛台新61購01,0,,,,
709937,威剛台新62購01,15040,1.88,1.88,1.88,1.88
709938,威剛台新63購01,0,,,,
709939,威剛台新66購01,0,,,,
709940,茂迪台新5C購01,0,,,,
709941,凱崴台新5C購01,0,,,,
709942,華容台新5C購03,0,,,,
709943,威剛富邦5C購01,0,,,,
709944,宜鼎永豐61購01,30600,0.51,0.51,0.51,0.51
709945,胡連永豐61購01,91000,0.36,0.37,0.36,0.37
709946,艾訊國票61購01,0,,,,
709947,良維國票61購01,0,,,,
709948,朋億*國票61購01,0,,,,
709949,東浦國票61購03,0,,,,
709950,茂迪國票61購01,0,,,,
709951,凱崴國票61購03,2800,0.32,0.32,0.3,0.3
709952,寶雅國票61購01,131340,1.3,1.34,1.3,1.34
709953,台半群益62購02,29450,0.95,0.95,0.95,0.95
709954,中美晶凱基5C購03,0,,,,
709955,宏觀凱基5C購01,0,,,,
709956,良維凱基5C購04,0,,,,
709957,朋程凱基5C購01,0,,,,
709958,博智凱基5C購04,0,,,,
709959,群ESG凱基61購01,357000,0.51,0.51,0.51,0.51
709961,緯軟凱基5C購01,0,,,,
709962,世界統一6A購01,107640,0.52,0.52,0.52,0.52
709963,正基統一66購01,0,,,,
709964,立敦統一68購01,0,,,,
709965,宏觀統一6A購01,0,,,,
709966,家登統一6A購01,0,,,,
709967,富喬統一66購02,191050,1.03,1.03,1.01,1.01
709968,晶焱統一6A購01,0,,,,
709969,順達統一6A購01,0,,,,
709970,群聯統一63購03,58330,0.4,0.4,0.39,0.39
709971,群聯國泰61購03,124900,1.17,1.22,1.11,1.11
709972,富喬台新5C購04,0,,,,
709973,世界富邦61購02,1450,0.51,0.51,0.47,0.47
709974,立碁富邦5C購01,208340,1.25,1.29,1.21,1.22
709975,良維富邦61購03,17480,0.46,0.46,0.46,0.46
709976,世界元大5C購06,65860,0.97,0.97,0.95,0.95
709977,宜鼎元大5C購09,0,,,,
709978,順達元大5C購08,2990,0.75,0.75,0.74,0.74
709979,臺慶科元大5C購03,0,,,,
709980,雙鴻元大5C購06,537610,1.25,1.29,1.18,1.18
709981,家登永豐5C購02,108000,0.9,0.9,0.9,0.9
709982,漢達永豐61購01,0,,,,
709983,宜鼎元大5C購10,32900,0.35,0.35,0.35,0.35
709984,千附國票61購01,52780,0.93,0.93,0.91,0.92
709985,世禾國票61購01,0,,,,
709986,台特化國票61購02,0,,,,
709987,伯特光國票61購01,19830,0.37,0.37,0.35,0.35
709988,岱稜國票61購01,0,,,,
709989,昇佳電國票61購01,0,,,,
709990,朋億*國票61購02,0,,,,
709991,欣銓國票61購02,0,,,,
709992,信音國票61購01,21080,0.31,0.31,0.31,0.31
709993,茂綸國票61購01,33580,0.92,1.04,0.92,1.04
709994,新普國票61購01,400,0.4,0.4,0.4,0.4
709995,聖暉*國票61購02,0,,,,
709996,精材國票61購01,0,,,,
709997,綠界*國票61購01,0,,,,
709998,中美晶群益5C購03,92170,0.93,0.97,0.86,0.86
709999,順達群益5C購02,0,,,,
710000,精材群益5C購02,117450,6.5,6.55,6.1,6.2
710001,加高國泰61購01,430,0.43,0.43,0.43,0.43
710002,宜鼎國泰61購05,16240,0.6,0.61,0.6,0.61
710003,宜鼎國泰61購06,1410,0.47,0.47,0.47,0.47
710004,信音國泰61購01,21000,0.42,0.42,0.42,0.42
710005,臺慶科國泰61購02,0,,,,
710006,中美晶凱基5C購04,35150,0.7,0.75,0.7,0.71
710007,台半凱基61購03,0,,,,
710008,宜鼎凱基5C購06,0,,,,
710009,順達凱基5C購04,0,,,,
710010,群聯凱基5C購07,0,,,,
710011,臺慶科凱基5C購04,0,,,,
710012,雙鴻凱基5C購10,0,,,,
710013,大中統一6A購01,0,,,,
710014,中美晶統一64購02,281160,0.84,0.9,0.84,0.9
710015,朋億*統一63購01,0,,,,
710016,朋億*統一68購01,0,,,,
710017,宣德統一66購01,0,,,,
710018,建榮統一63購01,26630,0.36,0.36,0.34,0.34
710019,凱崴統一63購01,0,,,,
710020,凱崴統一65購01,0,,,,
710021,博智統一62購03,0,,,,
710022,富喬統一63購01,0,,,,
710023,富喬統一65購03,117600,0.98,0.98,0.98,0.98
710024,富喬統一6C購02,2789340,0.83,0.83,0.76,0.76
710025,聖暉*統一6A購03,0,,,,
710026,精材統一63購01,71100,2.37,2.37,2.37,2.37
710027,雙鴻統一63購02,409810,1.11,1.27,1.08,1.16
710028,穩得統一68購01,35550,0.45,0.45,0.45,0.45
710029,佳邦富邦5C購01,0,,,,
710030,宜鼎富邦63購02,0,,,,
710031,富喬富邦63購01,189910,0.86,0.86,0.74,0.75
710032,群聯富邦62購07,50050,0.65,0.65,0.65,0.65
710033,群聯富邦62購08,92800,0.58,0.58,0.58,0.58
710034,中美晶台新5C購01,0,,,,
710035,台半台新5C購01,37200,0.62,0.62,0.62,0.62
710036,台半台新5C購02,2500,0.5,0.5,0.5,0.5
710037,廣閎科台新5C購02,167330,1.3,1.33,1.23,1.24
710038,良維永豐5C購04,0,,,,
710039,朋億*永豐61購01,28320,0.39,0.39,0.38,0.38
710040,華景電永豐63購01,0,,,,
710041,群聯永豐5C購10,0,,,,
710042,群聯永豐5C購11,0,,,,
710043,群聯永豐5C購12,0,,,,
710044,臺慶科永豐5C購02,0,,,,
710045,力致國票61購01,0,,,,
710046,千附國票61購02,1340,0.67,0.67,0.67,0.67
710047,中美晶國票61購02,7040,0.88,0.88,0.88,0.88
710048,加高國票61購03,0,,,,
710049,宏碁資國票61購01,84570,0.52,0.53,0.51,0.53
710050,朋億*國票61購03,0,,,,
710051,美琪瑪國票61購01,0,,,,
710052,高鋒國票61購01,19350,0.45,0.45,0.45,0.45
710053,博士旺國票5C購02,0,,,,
710054,閎康國票61購02,0,,,,
710055,聖暉*國票61購03,7000,0.14,0.14,0.14,0.14
710056,臺慶科國票61購03,0,,,,
710057,廣閎科國票61購03,0,,,,
710058,廣運國票61購01,0,,,,
710059,營邦國票5C購01,99240,1.66,1.8,1.66,1.8
710060,營邦國票5C購02,3860,1.95,1.95,1.91,1.91
710061,鴻呈國票61購01,0,,,,
710062,中美晶凱基61購04,0,,,,
710063,威剛凱基5C購06,0,,,,
710064,宣德凱基5C購01,0,,,,
710065,精材凱基5C購04,0,,,,
710066,臺慶科凱基5C購05,0,,,,
710067,廣閎科凱基5C購02,0,,,,
710068,營邦凱基5C購01,2530,1.28,1.28,1.25,1.25
710069,營邦凱基5C購02,112570,1.32,1.32,1.24,1.24
710070,營邦凱基5C購03,116740,1.03,1.15,1.03,1.08
710071,中美晶群益5C購04,74330,0.83,0.83,0.7,0.7
710072,兆利群益5C購01,0,,,,
710073,營邦群益5C購01,58940,1.94,1.94,1.9,1.9
710074,營邦群益5C購02,248960,1.88,1.92,1.84,1.84
710075,世界元大5C購07,25990,0.82,0.89,0.82,0.89
710076,世界元大63購04,217580,0.7,0.7,0.68,0.68
710077,宜鼎元大5C購11,0,,,,
710078,威剛元大61購05,0,,,,
710079,廣閎科元大5C購03,189960,0.45,0.45,0.43,0.43
710080,營邦元大5C購01,569910,1.97,2.2,1.97,2.07
710081,凱崴國泰61購01,0,,,,
710082,廣閎科國泰61購01,106560,0.96,0.96,0.96,0.96
710083,營邦國泰61購01,795000,3.15,3.22,2.97,2.97
710084,營邦富邦62購01,24230,0.9,0.9,0.89,0.89
710085,營邦富邦63購01,210090,0.66,0.74,0.66,0.69
710086,中美晶統一66購03,46200,0.6,0.6,0.6,0.6
710087,台特化統一6C購02,0,,,,
710088,朋程統一65購02,0,,,,
710089,朋億*統一66購01,0,,,,
710090,威剛統一63購01,0,,,,
710091,威剛統一65購05,0,,,,
710092,美琪瑪統一6A購01,0,,,,
710093,華景電統一64購03,0,,,,
710094,群聯統一66購01,0,,,,
710095,聖暉*統一66購01,0,,,,
710096,博智國泰61購01,65000,0.65,0.65,0.65,0.65
710097,營邦統一66購01,901980,1.09,1.2,1.09,1.13
710098,營邦統一66購02,0,,,,
710099,營邦統一66購03,8500,0.85,0.85,0.85,0.85
710100,營邦統一6C購01,276620,0.89,0.92,0.89,0.91
710101,中美晶台新5C購02,0,,,,
710102,中美晶台新5C購03,47520,3.96,3.96,3.96,3.96
710103,東浦台新5C購02,0,,,,
710104,東浦台新5C購03,0,,,,
710105,勤凱台新5C購01,0,,,,
710106,聖暉*台新5C購02,0,,,,
710107,聖暉*台新5C購03,0,,,,
710108,聖暉*台新5C購04,0,,,,
710109,廣閎科台新5C購03,452350,0.93,0.93,0.8,0.8
710110,銳澤台新5C購01,0,,,,
710111,騰雲台新5C購01,22950,1.79,2.0,1.79,2.0
710112,中美晶凱基61購05,38880,0.54,0.54,0.54,0.54
710113,世界凱基5C購06,0,,,,
710114,宜鼎凱基5C購07,66990,0.11,0.11,0.11,0.11
710115,朋億*凱基61購01,0,,,,
710116,威剛凱基5C購07,0,,,,
710117,威剛凱基5C購08,0,,,,
710118,宜鼎元大5C購12,0,,,,
710119,朋億*元大5C購01,0,,,,
710120,東浦元大5C購01,0,,,,
710121,威剛元大5C購04,81500,0.81,0.82,0.81,0.82
710122,安碁台新5C購01,192040,0.85,0.85,0.8,0.84
710123,臺慶科台新5C購01,0,,,,
710124,中美晶國票61購03,0,,,,
710125,宏捷科國票61購01,360,0.18,0.18,0.18,0.18
710126,朋億*國票61購04,0,,,,
710127,東浦國票61購04,0,,,,
710128,宣德國票61購01,1400,0.14,0.14,0.14,0.14
710129,能率亞國票61購02,0,,,,
710130,宏捷科中信5C購01,0,,,,
710131,博智中信5C購01,0,,,,
710132,中美晶永豐5C購02,110460,1.13,1.15,1.05,1.05
710133,中美晶永豐5C購03,0,,,,
710134,世界永豐66購01,64000,0.8,0.8,0.8,0.8
710135,亞通永豐64購01,19100,1.91,1.91,1.91,1.91
710136,宣德永豐61購01,1400,0.14,0.14,0.14,0.14
710137,博智永豐61購01,0,,,,
710138,中美晶富邦5C購01,618620,0.69,0.71,0.68,0.68
710139,順達富邦62購02,1750,0.35,0.35,0.35,0.35
710140,聖暉*富邦5C購03,0,,,,
710141,中美晶中信5C購01,3570,0.37,0.37,0.32,0.32
710142,宏捷科凱基5C購02,0,,,,
710143,富喬凱基5C購05,175310,1.02,1.02,0.85,0.85
710144,群聯凱基5C購08,0,,,,
710145,廣閎科凱基5C購03,8770,0.27,0.27,0.25,0.25
710146,中美晶台新5C購04,107870,0.67,0.67,0.67,0.67
710147,台半台新5C購03,0,,,,
710148,均豪台新5C購01,20960,1.42,1.42,1.28,1.28
710149,均豪台新5C購02,134070,0.93,0.99,0.93,0.99
710150,均豪台新5C購03,0,,,,
710151,宜鼎台新5C購06,0,,,,
710152,凱崴台新5C購02,0,,,,
710153,廣閎科台新5C購04,14660,0.76,0.76,0.71,0.71
710154,台半元大5C購07,0,,,,
710155,宜鼎元大5C購13,0,,,,
710156,威剛元大5C購05,52300,1.18,1.18,1.14,1.14
710158,台半國泰61購01,66000,0.75,0.75,0.75,0.75
710159,博智國泰61購02,0,,,,
710160,順達國泰61購01,56580,0.69,0.69,0.69,0.69
710161,台半富邦62購04,19000,0.38,0.38,0.38,0.38
710162,台半富邦63購02,0,,,,
710163,朋程富邦62購02,1500,0.15,0.15,0.15,0.15
710164,朋程富邦63購02,0,,,,
710165,鈊象富邦62購02,10240,0.64,0.64,0.64,0.64
710166,營邦富邦62購02,0,,,,
710167,兆利永豐64購01,1320,0.44,0.44,0.44,0.44
710168,宜鼎永豐63購01,166180,0.4,0.4,0.38,0.38
710169,精確永豐61購01,0,,,,
710170,雙鴻永豐66購01,172400,1.52,1.58,1.52,1.58
710171,廣閎科國票61購04,0,,,,
710172,台半群益5C購04,0,,,,
710173,宏捷科群益5C購02,0,,,,
710174,臺慶科群益5C購02,0,,,,
710175,台半凱基5C購04,0,,,,
710176,尼克森凱基5C購01,0,,,,
710177,宏捷科凱基5C購03,0,,,,
710178,朋程凱基5C購02,0,,,,
710179,茂達凱基5C購01,0,,,,
710180,臺慶科凱基5C購06,0,,,,
710181,廣閎科凱基5C購04,0,,,,
710182,大中台新5C購01,0,,,,
710183,台半台新5C購04,0,,,,
710184,宜鼎台新61購02,8100,0.27,0.27,0.27,0.27
710185,晶焱台新5C購04,0,,,,
710186,晶焱台新5C購05,0,,,,
710187,廣閎科台新61購01,0,,,,
710188,中美晶元大5C購11,0,,,,
710189,台半元大5C購08,0,,,,
710190,宜鼎元大5C購14,0,,,,
710191,威剛元大5C購06,129060,0.79,0.79,0.78,0.78
710192,群聯中信64購01,3300,0.22,0.22,0.22,0.22
710193,雙鴻中信66購01,0,,,,
710194,雙鴻中信66購02,315840,0.98,0.99,0.91,0.94
710195,大中永豐64購01,0,,,,
710196,台半永豐64購01,0,,,,
710197,尼克森永豐64購01,2200,0.22,0.22,0.22,0.22
710198,信紘科永豐64購01,87360,0.28,0.28,0.28,0.28
710199,家登永豐64購01,71650,1.08,1.12,1.08,1.09
710200,富喬永豐5C購02,20800,1.46,1.46,1.24,1.24
710201,鈊象永豐61購01,0,,,,
710202,鴻呈永豐61購01,28320,0.48,0.48,0.48,0.48
710203,世禾國票61購02,0,,,,
710204,世紀*國票61購01,0,,,,
710205,亞泰國票61購01,3600,0.4,0.4,0.4,0.4
710206,矽科國票61購01,0,,,,
710207,茂迪國票61購02,0,,,,
710208,茂達國票61購01,0,,,,
710209,崧騰國票61購01,0,,,,
710210,統振國票61購01,0,,,,
710211,博盛國票61購01,0,,,,
710212,閎康國票61購03,0,,,,
710213,萬泰科國票61購01,0,,,,
710214,漢達國票61購01,0,,,,
710215,臺慶科國票61購04,0,,,,
710216,廣閎科國票61購05,0,,,,
710217,聰泰國票61購01,0,,,,
710218,能率亞國泰61購01,21400,1.07,1.07,1.07,1.07
710219,能率國泰61購01,0,,,,
710220,廣閎科國泰61購02,33600,0.68,0.68,0.64,0.64
710221,凡甲富邦63購01,0,,,,
710222,立碁富邦5C購02,19140,1.74,1.74,1.74,1.74
710223,智通*富邦62購02,63800,0.7,0.71,0.7,0.71
710224,宜鼎群益5C購05,0,,,,
710225,威剛群益5C購07,0,,,,
710226,威剛群益62購02,0,,,,
710227,宣德群益5C購01,0,,,,
710228,家登群益63購01,498980,0.96,1.06,0.96,1.02
710229,凱崴群益5C購01,0,,,,
710230,博智群益5C購01,0,,,,
710231,富喬群益5C購04,0,,,,
710232,群聯群益5C購08,0,,,,
710233,群聯群益5C購09,3300,0.33,0.33,0.33,0.33
710234,群聯群益61購05,0,,,,
710235,雙鴻群益62購02,113690,5.6,5.6,4.6,4.6
710236,威剛中信66購01,0,,,,
710237,富喬中信66購01,30500,0.69,0.7,0.63,0.63
710238,大中永豐5C購01,0,,,,
710239,中光電永豐61購01,0,,,,
710240,世界永豐5C購02,32300,0.4,0.4,0.37,0.37
710241,台半永豐61購03,0,,,,
710242,宜鼎永豐61購02,0,,,,
710243,原相永豐61購01,0,,,,
710244,達航永豐63購01,0,,,,
710245,漢達永豐64購01,0,,,,
710246,台半元大5C購09,0,,,,
710247,台半元大63購03,0,,,,
710248,宏捷科元大5C購04,0,,,,
710249,佳邦元大5C購01,0,,,,
710250,朋程元大5C購02,0,,,,
710251,欣銓元大5C購02,313400,0.95,1.11,0.95,1.05
710252,欣銓元大5C購03,114400,0.8,0.8,0.8,0.8
710253,家登元大5C購05,265010,0.94,1.03,0.92,1.03
710254,家登元大66購01,572380,0.96,1.04,0.96,1.02
710255,臺慶科元大5C購05,0,,,,
710256,台半國票61購04,0,,,,
710257,台半國票61購05,300,0.15,0.15,0.15,0.15
710258,青雲國票5C購01,30320,0.48,0.48,0.41,0.41
710259,大中台新61購01,7610,0.46,0.46,0.43,0.43
710260,台半台新5C購05,0,,,,
710261,晶焱台新5C購06,0,,,,
710262,漢達台新5C購01,0,,,,
710263,臺慶科台新5C購03,0,,,,
710264,世界凱基5C購07,0,,,,
710265,台半凱基5C購05,0,,,,
710266,朋程凱基5C購03,0,,,,
710267,富喬凱基63購01,142660,0.66,0.66,0.53,0.53
710268,群聯凱基5C購09,4600,0.23,0.23,0.23,0.23
710269,漢達凱基5C購01,3830,1.91,1.92,1.91,1.92
710270,精材凱基63購01,500870,1.21,1.21,1.12,1.12
710271,世界國泰61購01,116880,0.72,0.76,0.72,0.76
710272,穩得國泰61購01,0,,,,
710273,中光電富邦62購02,730,0.36,0.37,0.36,0.37
710274,台半富邦63購03,0,,,,
710275,朋程富邦63購03,0,,,,
710276,FH中5G群益5C購01,6500,0.13,0.13,0.13,0.13
710277,大中群益5C購01,0,,,,
710278,中光電群益5C購01,7400,0.5,0.5,0.49,0.49
710279,中光電群益5C購02,0,,,,
710280,世界群益5C購04,0,,,,
710281,台半群益62購03,0,,,,
710282,尼克森群益61購01,0,,,,
710283,宏捷科群益5C購03,0,,,,
710284,朋程群益5C購01,0,,,,
710285,茂達群益5C購01,260,0.26,0.26,0.26,0.26
710286,榮剛群益61購01,8200,0.41,0.41,0.41,0.41
710287,精材群益61購01,47350,2.33,2.43,2.33,2.43
710288,世界元大5C購08,258620,0.31,0.32,0.31,0.32
710289,朋程元大5C購03,550,0.11,0.11,0.11,0.11
710290,博盛元大5C購01,0,,,,
710291,世界台新5C購01,0,,,,
710292,萬泰科台新5C購01,0,,,,
710293,大中國票5C購01,0,,,,
710294,天品國票5C購01,31000,0.46,0.54,0.46,0.54
710295,世界國票61購02,0,,,,
710296,立碁國票61購01,55680,1.74,1.74,1.74,1.74
710297,亞通國票5C購01,867710,2.3,3.14,2.24,3.14
710298,朋程國票5C購02,0,,,,
710299,杰力國票61購02,0,,,,
710300,博盛國票61購02,0,,,,
710301,晶宏國票61購01,4360,1.09,1.09,1.09,1.09
710302,漢達國票63購01,12880,1.61,1.61,1.61,1.61
710303,寶雅國票61購02,86220,0.95,0.96,0.95,0.96
710304,大中凱基5C購01,0,,,,
710305,中光電凱基5C購01,0,,,,
710306,中光電凱基5C購02,0,,,,
710307,世界凱基63購02,11000,0.22,0.22,0.22,0.22
710308,宏捷科凱基5C購04,0,,,,
710309,欣銓凱基5C購01,13100,0.57,0.57,0.56,0.56
710310,青雲凱基5C購01,243070,0.38,0.38,0.33,0.33
710311,威剛凱基61購02,0,,,,
710312,茂達凱基5C購02,0,,,,
710313,家登凱基5C購04,0,,,,
710314,家登凱基5C購05,72000,0.24,0.24,0.24,0.24
710315,臺慶科凱基5C購07,0,,,,
710316,聖暉*群益5C購03,0,,,,
710317,台嘉碩國泰61購01,0,,,,
710318,宜鼎國泰62購01,0,,,,
710319,朋程國泰61購01,10920,0.52,0.52,0.52,0.52
710320,原相國泰61購01,0,,,,
710321,博盛國泰61購01,0,,,,
710322,世界富邦5C購04,0,,,,
710323,宜鼎富邦5C購05,0,,,,
710324,信紘科永豐5C購01,0,,,,
710325,順達永豐5C購02,0,,,,
710326,順達永豐5C購03,0,,,,
710327,順達永豐5C購04,0,,,,
710328,群聯永豐64購06,0,,,,
710329,群聯永豐66購01,0,,,,
710330,鴻呈永豐5C購01,0,,,,
710331,中光電台新5C購01,0,,,,
710332,中光電台新5C購02,18600,0.17,0.17,0.16,0.16
710333,亞信台新5C購01,0,,,,
710334,精材台新61購01,63890,3.54,3.58,3.45,3.45
710335,精材台新61購02,84710,3.09,3.21,3.09,3.21
710336,亞通凱基5C購01,107430,1.92,2.5,1.92,2.5
710337,朋程凱基5C購04,0,,,,
710338,聖暉*凱基5C購03,0,,,,
710339,宜鼎元大5C購15,450,0.45,0.45,0.45,0.45
710340,富喬元大65購01,1107260,1.54,1.54,1.37,1.37
710341,漢達元大5C購01,47170,1.63,1.63,1.62,1.62
710342,精材元大5C購05,725380,3.0,3.11,2.85,2.92
710343,臺慶科元大5C購06,0,,,,
710344,宜特永豐64購01,0,,,,
710345,朋程永豐5C購03,0,,,,
710346,朋程永豐5C購04,0,,,,
710347,威剛永豐64購02,0,,,,
710348,威剛永豐66購01,0,,,,
710349,富喬永豐5C購03,0,,,,
710350,漢達永豐5C購01,2110,2.11,2.11,2.11,2.11
710351,雙鴻永豐63購03,272310,1.49,1.49,1.42,1.49
710352,寶雅永豐5C購01,90040,1.0,1.01,1.0,1.0
710353,鏵友益永豐64購01,0,,,,
710354,精材中信64購01,109750,0.99,1.02,0.97,0.98
710355,大世科國票61購01,0,,,,
710356,元山國票61購01,0,,,,
710357,世界國票61購03,0,,,,
710358,安葆國票61購01,0,,,,
710359,亞信國票61購01,10920,0.42,0.42,0.42,0.42
710360,明安國票61購01,0,,,,
710361,桓達國票61購01,0,,,,
710362,神準國票61購01,8510,0.37,0.37,0.37,0.37
710363,晶焱國票5C購02,0,,,,
710364,智擎國票61購01,2150,0.43,0.43,0.43,0.43
710365,聖暉*國票61購04,0,,,,
710366,漢達國票65購01,32750,1.73,1.73,1.72,1.73
710367,精材國票61購02,1073680,2.06,2.14,2.04,2.09
710368,鈊象群益5C購01,154150,1.05,1.09,1.05,1.09
710369,富喬國泰61購01,269680,1.39,1.41,1.19,1.19
710370,漢達國泰61購02,0,,,,
710371,世界凱基5C購08,0,,,,
710372,宜鼎凱基5C購08,0,,,,
710373,群聯凱基5C購10,23400,0.39,0.39,0.39,0.39
710374,群聯凱基61購06,5000,0.5,0.5,0.5,0.5
710375,精材凱基5C購05,179820,1.94,2.1,1.94,1.99
710376,世界台新5C購03,8570,0.29,0.29,0.28,0.28
710377,巨有台新5C購01,0,,,,
710378,巨有台新5C購02,0,,,,
710379,東浦台新5C購04,0,,,,
710380,東浦台新5C購05,0,,,,
710381,杰力台新5C購01,0,,,,
710382,青雲台新5C購01,78470,0.44,0.44,0.39,0.39
710383,能率亞台新5C購01,3400,0.34,0.34,0.34,0.34
710384,中光電元大5C購01,0,,,,
710385,宜鼎元大5C購16,267430,0.4,0.4,0.39,0.39
710386,富喬元大65購02,99520,1.41,1.41,1.24,1.25
710387,精材元大5C購06,125160,3.27,3.36,3.18,3.18
710388,精材元大5C購07,871950,2.21,2.38,2.16,2.16
710389,精材元大61購08,736900,2.77,2.86,2.63,2.7
710390,精材元大61購09,271980,2.65,2.8,2.58,2.58
710391,精材元大63購04,47110,2.45,2.49,2.45,2.49
710392,世界中信63購01,0,,,,
710393,久元永豐5C購03,0,,,,
710394,久元永豐5C購04,0,,,,
710395,世禾永豐5C購01,185720,0.56,0.56,0.55,0.55
710396,世界永豐5C購03,3300,0.17,0.17,0.16,0.16
710397,巨有永豐5C購02,401110,1.63,1.64,1.42,1.42
710398,安勤永豐63購01,0,,,,
710399,均豪永豐5C購03,106490,1.2,1.37,1.2,1.27
710400,均豪永豐5C購04,53900,1.24,1.34,1.24,1.34
710401,宏觀永豐5C購02,0,,,,
710402,宏觀永豐5C購03,0,,,,
710403,晶焱永豐5C購01,0,,,,
710404,晶焱永豐5C購02,0,,,,
710405,智通*永豐63購01,0,,,,
710406,湧德永豐5C購01,269310,0.62,0.62,0.61,0.61
710407,湧德永豐5C購02,15950,0.55,0.55,0.55,0.55
710408,聖暉*永豐5C購03,0,,,,
710409,聖暉*永豐5C購04,0,,,,
710410,精材永豐5C購03,0,,,,
710411,精材永豐5C購04,0,,,,
710412,精材永豐63購02,0,,,,
710413,優群永豐5C購02,0,,,,
710414,雙鴻永豐5C購05,249200,1.78,1.88,1.66,1.73
710415,世界國票61購04,0,,,,
710416,巨有國票5C購01,0,,,,
710417,巨有國票5C購02,0,,,,
710418,宇峻國票61購01,0,,,,
710419,安勤國票61購02,0,,,,
710420,青雲國票5C購02,52310,0.34,0.34,0.28,0.28
710421,能率國票61購01,0,,,,
710422,精材國票61購03,151540,1.91,2.02,1.91,2.01
710423,鑫科國票5C購01,0,,,,
710424,巨有群益5C購01,400930,3.53,3.53,2.86,2.86
710425,智通*群益5C購01,0,,,,
710426,智通*群益63購01,0,,,,
710427,東浦國泰61購01,9800,0.49,0.49,0.49,0.49
710428,杰力國泰61購01,0,,,,
710429,精材國泰61購01,82070,4.05,4.21,4.05,4.21
710430,威剛富邦5C購02,0,,,,
710431,精材富邦5C購01,1316870,1.33,1.46,1.29,1.29
710432,安勤凱基62購01,19900,0.39,0.4,0.39,0.4
710433,系微凱基5C購01,0,,,,
710434,宜鼎凱基5C購09,0,,,,
710435,能率凱基62購01,2800,0.28,0.28,0.28,0.28
710436,富喬凱基63購02,0,,,,
710437,智通*凱基5C購01,0,,,,
710438,群聯凱基5C購11,433780,0.35,0.37,0.32,0.32
710439,群聯凱基5C購12,0,,,,
710440,鑫科凱基5C購01,0,,,,
710441,中美晶元大5C購12,0,,,,
710442,世界元大66購03,198500,0.77,0.77,0.75,0.75
710443,宜鼎元大5C購17,638640,0.78,0.78,0.73,0.73
710444,能率亞元大5C購01,0,,,,
710445,富喬元大5C購04,291800,1.12,1.12,0.92,0.94
710446,智通*元大5C購01,157870,0.84,0.84,0.77,0.77
710447,智通*元大5C購02,0,,,,
710448,智通*元大63購01,96940,0.67,0.68,0.66,0.68
710449,五福國票64購01,0,,,,
710450,璟德國票64購01,0,,,,
710451,磐儀國票64購01,0,,,,
710452,中光電國票61購01,0,,,,
710453,宜鼎國票62購01,0,,,,
710454,竹陞國票64購01,13650,0.68,0.7,0.67,0.67
710455,崴寶國票64購01,0,,,,
710456,富強鑫國票62購01,284060,0.84,1.07,0.84,1.07
710457,千附國票64購01,0,,,,
710458,智通*國票61購01,0,,,,
710459,智通*國票61購02,7260,0.33,0.33,0.33,0.33
710460,久元永豐5C購05,0,,,,
710461,久元永豐63購01,0,,,,
710462,久元永豐66購01,0,,,,
710463,中光電永豐5C購01,0,,,,
710464,系統電永豐5C購02,0,,,,
710465,營邦永豐5C購01,0,,,,
710466,營邦永豐5C購02,90940,1.58,1.72,1.57,1.71
710467,宏觀台新5C購02,0,,,,
710468,聖暉*台新5C購06,0,,,,
710469,聖暉*台新5C購07,40000,0.1,0.1,0.1,0.1
710470,能率國泰63購01,0,,,,
710471,久元富邦63購01,0,,,,
710472,原相富邦5C購01,0,,,,
710473,達航富邦62購01,0,,,,
710474,營邦富邦63購02,0,,,,
710475,營邦富邦63購03,54000,1.22,1.22,1.17,1.18
710476,巨有群益5C購02,61770,2.26,2.29,2.26,2.29
710477,世界元大61購01,181220,0.58,0.64,0.58,0.61
710478,世界元大66購04,89870,0.72,0.79,0.72,0.79
710479,世界元大67購01,3750,0.75,0.75,0.75,0.75
710480,巨有元大61購01,112680,1.3,1.38,1.13,1.13
710481,宜鼎元大61購05,124690,0.7,0.7,0.66,0.66
710482,富喬元大61購06,3721070,1.28,1.28,1.11,1.11
710483,富喬元大62購01,490940,1.18,1.18,1.0,1.01
710484,富喬元大62購02,636260,1.29,1.29,1.11,1.12
710485,臺慶科元大61購01,0,,,,
710486,千附精台新61購01,850,0.85,0.85,0.85,0.85
710487,元太台新61購01,0,,,,
710488,竹陞台新61購01,0,,,,
710489,譜瑞台新61購01,172720,0.99,1.02,0.98,0.98
710490,譜瑞台新61購02,37260,0.81,0.81,0.81,0.81
710491,千附精凱基61購01,0,,,,
710492,千附精凱基61購02,9100,0.63,0.63,0.56,0.56
710493,中光電凱基61購01,260000,0.52,0.52,0.52,0.52
710494,元太凱基61購02,39500,0.12,0.12,0.11,0.11
710495,元太凱基61購03,0,,,,
710496,元太凱基61購04,0,,,,
710497,元太凱基61購05,0,,,,
710498,元太凱基61購06,0,,,,
710499,世紀*凱基61購01,0,,,,
710500,竹陞凱基61購01,850080,0.73,0.9,0.69,0.75
710501,原相凱基61購01,21600,0.18,0.18,0.18,0.18
710502,譜瑞凱基61購02,9650,0.59,0.65,0.59,0.64
710503,譜瑞凱基61購03,40200,0.6,0.6,0.6,0.6
710504,譜瑞凱基61購04,79750,0.5,0.53,0.5,0.53
710505,譜瑞凱基61購05,0,,,,
710506,千附精群益61購01,46700,0.66,0.67,0.66,0.67
710507,譜瑞群益61購01,127680,0.48,0.48,0.48,0.48
710508,91APP*國票62購01,0,,,,
710509,千附精國票62購01,0,,,,
710510,世紀*國票62購01,6840,3.42,3.42,3.42,3.42
710511,竹陞國票62購01,86490,0.56,0.56,0.53,0.53
710512,宜鼎國票62購02,7400,0.37,0.37,0.37,0.37
710513,長佳智國票62購01,0,,,,
710514,長聖國票62購01,0,,,,
710515,威剛國票62購02,12600,0.63,0.63,0.63,0.63
710516,建榮國票61購01,0,,,,
710517,昱展國票62購01,0,,,,
710518,茂迪國票62購01,0,,,,
710519,訊聯國票62購01,0,,,,
710520,博士旺國票61購01,0,,,,
710521,精星國票62購01,0,,,,
710522,雙鴻國票62購01,0,,,,
710523,譜瑞國票62購01,0,,,,
710524,元太中信61購01,0,,,,
710525,久元永豐64購01,0,,,,
710526,大江永豐61購01,19430,0.51,0.52,0.5,0.5
710527,元太永豐61購02,0,,,,
710528,元太永豐61購03,9910,0.41,0.41,0.39,0.39
710529,邑錡永豐64購01,0,,,,
710530,威剛永豐61購04,0,,,,
710531,威剛永豐61購05,25460,0.67,0.67,0.67,0.67
710532,鈊象永豐65購01,39000,0.78,0.78,0.78,0.78
710533,勤凱永豐65購01,0,,,,
710534,新普永豐61購01,0,,,,
710535,譜瑞永豐61購01,770,0.36,0.41,0.36,0.41
710536,譜瑞永豐61購02,0,,,,
710537,譜瑞永豐61購03,0,,,,
710538,譜瑞永豐61購04,0,,,,
710539,譜瑞永豐64購01,131370,0.87,0.87,0.87,0.87
710540,譜瑞永豐64購02,71780,0.74,0.74,0.74,0.74
710541,譜瑞永豐67購01,146940,1.12,1.12,1.11,1.11
710542,久元國泰62購01,0,,,,
710543,久元國泰62購02,0,,,,
710544,中光電國泰62購01,0,,,,
710545,巨有國泰62購01,350810,3.15,3.15,2.54,2.54
710546,竹陞國泰62購01,158260,1.56,1.66,1.56,1.56
710547,青雲國泰62購01,15680,0.67,0.67,0.63,0.63
710548,青雲國泰62購02,126530,0.55,0.55,0.52,0.52
710549,智通*國泰62購01,163630,1.06,1.11,1.03,1.03
710550,元太富邦64購01,0,,,,
710551,安勤富邦62購01,42140,0.43,0.44,0.43,0.44
710552,譜瑞富邦63購01,4100,0.41,0.41,0.41,0.41
710553,譜瑞富邦64購01,448160,0.46,0.46,0.44,0.44
710554,宜鼎中信61購02,0,,,,
710555,中光電永豐61購02,0,,,,
710556,竹陞永豐61購01,0,,,,
710557,竹陞永豐64購01,0,,,,
710558,竹陞永豐65購01,180780,0.88,0.88,0.87,0.88
710559,均豪永豐64購01,75930,0.8,0.83,0.8,0.83
710560,宏捷科永豐61購01,0,,,,
710561,宜鼎永豐61購03,7050,0.47,0.47,0.47,0.47
710562,宜鼎永豐64購02,59950,0.55,0.55,0.55,0.55
710563,威剛永豐61購06,0,,,,
710564,威剛永豐61購07,0,,,,
710565,茂達永豐61購02,0,,,,
710566,家登永豐61購02,387700,1.08,1.21,1.08,1.18
710567,富喬永豐61購03,89500,0.63,0.63,0.6,0.6
710568,富喬永豐66購02,132940,1.08,1.08,0.95,0.95
710569,群翊永豐61購01,14130,0.64,0.64,0.59,0.59
710570,群聯永豐61購02,0,,,,
710571,群聯永豐61購03,31500,0.35,0.35,0.35,0.35
710572,群聯永豐65購06,0,,,,
710573,雙鴻永豐61購05,91450,1.98,1.98,1.73,1.83
710574,雙鴻永豐66購02,227440,1.93,2.06,1.74,1.9
710575,雙鴻永豐67購01,115410,2.68,2.77,2.63,2.63
710576,中光電元大61購01,0,,,,
710577,中光電元大61購02,0,,,,
710578,中光電元大61購03,20220,0.62,0.64,0.61,0.61
710579,世界元大64購08,499760,0.35,0.39,0.35,0.37
710580,世界元大66購05,96480,0.36,0.36,0.36,0.36
710581,均豪元大61購01,79500,0.36,0.38,0.36,0.38
710582,宏捷科元大67購01,5990,0.66,0.67,0.66,0.67
710583,佳邦元大61購01,0,,,,
710584,欣銓元大61購01,373650,0.99,1.17,0.99,1.16
710585,原相元大61購01,0,,,,
710586,富喬元大64購03,146800,0.79,0.79,0.68,0.68
710587,富喬元大65購03,210620,0.92,0.92,0.8,0.8
710588,群聯元大64購06,0,,,,
710589,臺慶科元大61購02,0,,,,
710590,中美晶群益64購01,174860,0.71,0.71,0.65,0.65
710591,竹陞群益61購01,107640,0.46,0.46,0.46,0.46
710592,均豪群益61購01,82670,1.0,1.21,1.0,1.21
710593,佳邦群益61購01,0,,,,
710594,宜特群益61購01,0,,,,
710595,青雲群益62購01,4120,2.06,2.06,2.06,2.06
710596,臺慶科群益61購01,0,,,,
710597,中美晶國泰63購01,115180,1.41,1.42,1.31,1.31
710598,家登國泰62購01,256220,0.97,1.05,0.96,1.05
710599,凡甲富邦63購02,1620,0.41,0.41,0.4,0.4
710600,中光電富邦63購01,0,,,,
710601,宏觀富邦63購01,44470,0.33,0.33,0.31,0.31
710602,茂達富邦63購01,0,,,,
710603,耕興富邦63購01,0,,,,
710604,湧德富邦63購01,60580,0.56,0.57,0.55,0.56
710605,中光電凱基61購02,1950,0.13,0.13,0.13,0.13
710606,巨有凱基61購01,346850,1.35,1.35,0.95,0.95
710607,宜鼎凱基61購01,77740,0.17,0.17,0.15,0.15
710608,富喬凱基61購04,31770,0.83,0.83,0.65,0.67
710609,臺慶科凱基61購02,0,,,,
710610,雙鴻凱基64購01,0,,,,
710611,中美晶台新61購02,0,,,,
710612,宜特台新61購02,0,,,,
710613,宜鼎台新61購03,0,,,,
710614,原相台新61購01,0,,,,
710615,原相台新61購02,0,,,,
710616,原相台新61購03,0,,,,
710617,鈊象台新61購01,15080,0.58,0.58,0.58,0.58
710618,群聯台新61購01,39600,0.9,0.9,0.9,0.9
710619,九暘元大61購01,136000,0.38,0.41,0.38,0.41
710620,中光電元大61購04,0,,,,
710621,台嘉碩元大61購01,0,,,,
710622,安可元大61購01,0,,,,
710623,竹陞元大61購01,2540,0.65,0.65,0.61,0.61
710624,宜鼎元大61購06,0,,,,
710625,松上元大61購01,0,,,,
710626,品安元大61購01,0,,,,
710628,晟田元大61購01,0,,,,
710629,堡達元大61購01,0,,,,
710630,富喬元大61購08,240510,0.92,0.92,0.76,0.76
710631,富喬元大64購04,118840,0.75,0.77,0.67,0.68
710632,碩禾元大61購03,0,,,,
710633,臺慶科元大64購01,68970,0.57,0.57,0.57,0.57
710634,臺慶科元大67購01,4800,0.48,0.48,0.48,0.48
710635,寶雅元大61購01,0,,,,
710636,川寶國票65購01,0,,,,
710637,中美晶國票61購04,0,,,,
710638,中裕國票65購01,39210,0.55,0.57,0.55,0.57
710639,日揚國票65購01,17500,0.35,0.35,0.35,0.35
710640,安可國票61購01,28360,0.24,0.24,0.21,0.21
710641,金雨國票65購01,0,,,,
710642,品安國票65購01,0,,,,
710643,威潤國票65購01,10140,0.26,0.26,0.26,0.26
710644,茂達國票65購01,0,,,,
710645,泰藝國票61購01,0,,,,
710646,晟田國票61購01,21120,0.96,0.96,0.96,0.96
710647,崇越電國票65購01,0,,,,
710648,富強鑫國票65購01,0,,,,
710649,瑞耘國票65購01,0,,,,
710650,精拓科國票65購01,0,,,,
710651,廣積國票65購01,0,,,,
710652,璟德國票65購01,0,,,,
710653,中光電群益61購01,0,,,,
710654,中美晶群益63購01,69930,0.78,0.79,0.78,0.79
710655,世紀*群益62購01,0,,,,
710656,台嘉碩群益61購01,0,,,,
710657,台嘉碩群益61購02,0,,,,
710658,巨漢群益61購01,0,,,,
710659,宜鼎群益61購01,5200,0.52,0.52,0.52,0.52
710660,東浦群益61購01,0,,,,
710661,東浦群益61購02,0,,,,
710662,國眾群益64購01,0,,,,
710663,堡達群益61購01,0,,,,
710664,晶宏群益61購01,1342020,1.24,1.34,1.23,1.25
710665,陽程群益61購01,0,,,,
710666,九暘凱基61購01,210,0.21,0.21,0.21,0.21
710667,川寶凱基61購01,52100,0.37,0.38,0.33,0.33
710668,中美晶凱基61購06,46500,0.85,0.85,0.76,0.76
710669,日揚凱基61購01,0,,,,
710670,世界凱基66購01,0,,,,
710671,加高凱基61購01,0,,,,
710672,加高凱基61購02,0,,,,
710673,台嘉碩凱基61購01,0,,,,
710674,台嘉碩凱基61購02,0,,,,
710675,全宇昕凱基61購01,5500,0.55,0.55,0.55,0.55
710676,邑錡凱基61購01,500,0.25,0.25,0.25,0.25
710677,奇鈦科凱基61購01,0,,,,
710678,東浦凱基61購01,0,,,,
710679,杰力凱基61購01,0,,,,
710680,茂達凱基61購01,0,,,,
710681,泰藝凱基61購01,0,,,,
710682,高僑凱基61購01,0,,,,
710683,崇越電凱基61購01,2790,0.55,0.57,0.55,0.57
710684,堡達凱基61購01,0,,,,
710685,晶宏凱基61購01,548460,1.27,1.37,1.24,1.24
710686,越峰凱基61購01,0,,,,
710687,陽程凱基61購02,203700,2.7,2.7,2.3,2.38
710688,碩禾凱基61購01,2700,0.14,0.14,0.13,0.13
710689,中光電台新61購01,0,,,,
710690,中光電台新61購02,0,,,,
710691,中美晶台新61購03,0,,,,
710692,中美晶台新63購02,0,,,,
710693,世界台新61購01,181700,0.36,0.36,0.34,0.34
710694,台嘉碩台新61購01,0,,,,
710695,台嘉碩台新61購02,0,,,,
710696,巨漢台新61購01,0,,,,
710697,巨漢台新61購02,0,,,,
710698,全宇昕台新61購01,163060,0.62,0.62,0.62,0.62
710699,欣銓台新61購01,0,,,,
710700,欣銓台新61購02,0,,,,
710701,威剛台新61購02,0,,,,
710702,家登台新61購01,59630,0.67,0.67,0.67,0.67
710703,家登台新64購01,14960,0.88,0.88,0.88,0.88
710704,威剛中信61購01,0,,,,
710705,九暘永豐61購01,10080,0.24,0.24,0.24,0.24
710706,久禾光永豐61購01,13000,0.13,0.13,0.13,0.13
710707,川寶永豐61購01,0,,,,
710708,加高永豐61購01,0,,,,
710709,台嘉碩永豐61購01,0,,,,
710710,巨漢永豐61購01,0,,,,
710711,立盈永豐61購01,0,,,,
710712,全宇昕永豐61購01,0,,,,
710713,利機永豐61購01,70430,0.75,0.85,0.75,0.85
710714,良維永豐61購01,64380,0.74,0.74,0.74,0.74
710715,奇鈦科永豐61購01,0,,,,
710716,奇鈦科永豐61購02,0,,,,
710717,東浦永豐61購01,0,,,,
710718,杰力永豐61購01,0,,,,
710719,欣銓永豐64購02,8600,0.62,0.62,0.6,0.6
710720,信音永豐61購01,39880,0.26,0.27,0.26,0.27
710721,泰藝永豐61購01,0,,,,
710722,泰藝永豐61購02,0,,,,
710723,崇越電永豐61購01,6450,0.59,0.59,0.55,0.55
710724,崇越電永豐61購02,0,,,,
710725,堡達永豐61購01,0,,,,
710726,堡達永豐64購01,0,,,,
710727,晶宏永豐61購01,98960,1.51,1.58,1.51,1.58
710728,華洋永豐61購01,0,,,,
710729,越峰永豐61購01,5400,0.09,0.09,0.09,0.09
710730,陽程永豐61購01,36900,2.46,2.46,2.46,2.46
710731,碩禾永豐61購01,0,,,,
710732,精星永豐61購01,0,,,,
710733,寬魚永豐61購01,0,,,,
710734,寬魚永豐61購02,0,,,,
710735,威剛國泰62購01,0,,,,
710736,立碁富邦61購01,98760,1.7,1.76,1.7,1.75
710737,均豪富邦61購02,0,,,,
710738,中光電國票61購02,2000,0.2,0.2,0.2,0.2
710739,中美晶國票65購01,48200,1.0,1.0,0.96,0.96
710740,竹陞國票65購01,0,,,,
710741,松上國票61購01,0,,,,
710742,欣銓國票61購03,0,,,,
710743,青雲國票61購01,237600,1.22,1.22,1.16,1.16
710744,盈正國票65購01,4500,0.45,0.45,0.45,0.45
710745,茂達國票65購02,0,,,,
710746,家登國票61購01,121350,0.84,0.84,0.83,0.83
710747,堡達國票61購01,0,,,,
710748,翔名國票65購01,24000,0.48,0.48,0.48,0.48
710749,華洋國票65購01,50000,0.5,0.5,0.5,0.5
710750,勤凱國票61購01,0,,,,
710751,頎邦國票65購01,556950,0.93,0.95,0.85,0.86
710752,璟德國票61購01,0,,,,
710753,擎邦國票61購01,0,,,,
710754,耀穎國票65購01,169920,0.6,0.72,0.58,0.69
710756,大中元大67購01,0,,,,
710757,加高元大61購01,0,,,,
710758,佳邦元大61購02,0,,,,
710761,華景電元大64購01,0,,,,
710762,聖暉*元大61購02,0,,,,
710763,頎邦元大61購01,52300,1.1,1.1,1.05,1.05
710764,璟德元大61購02,0,,,,
710765,大中凱基61購01,0,,,,
710766,竹陞凱基61購02,1023450,0.28,0.3,0.26,0.28
710767,宜特凱基61購03,0,,,,
710768,欣銓凱基61購02,112530,0.81,0.98,0.81,0.98
710769,茂達凱基61購02,0,,,,
710770,富喬凱基61購05,290470,1.05,1.05,0.87,0.87
710771,聖暉*凱基61購02,0,,,,
710772,璟德凱基64購01,0,,,,
710773,中美晶永豐61購01,0,,,,
710774,中美晶永豐61購02,0,,,,
710775,元太永豐61購04,0,,,,
710776,台嘉碩永豐61購02,0,,,,
710777,竹陞永豐63購01,445710,0.84,0.89,0.84,0.87
710778,宜鼎永豐66購01,27680,0.82,0.82,0.78,0.78
710779,昇佳電永豐61購01,0,,,,
710780,茂達永豐64購01,0,,,,
710781,能率亞永豐61購01,0,,,,
710782,高僑永豐61購01,0,,,,
710783,閎康永豐61購02,450,0.45,0.45,0.45,0.45
710784,新漢永豐61購01,0,,,,
710785,頎邦永豐61購02,356950,0.67,0.67,0.61,0.64
710786,頎邦永豐64購01,269530,1.17,1.17,1.13,1.13
710787,璟德永豐61購02,0,,,,
710788,寶雅永豐61購01,241170,0.63,0.65,0.62,0.65
710789,大中台新61購02,0,,,,
710790,巨有台新61購01,0,,,,
710791,立碁台新61購01,728000,2.03,2.06,1.95,2.05
710792,竹陞台新61購02,1114520,0.58,0.63,0.58,0.58
710793,宜鼎台新61購04,0,,,,
710794,晟田台新61購01,29660,0.72,0.73,0.72,0.72
710795,新漢台新61購01,0,,,,
710796,新漢台新64購01,0,,,,
710797,群聯台新61購02,0,,,,
710798,中美晶富邦61購02,0,,,,
710799,欣銓富邦61購01,21090,0.36,0.39,0.36,0.37
710800,陽程富邦61購01,353430,1.93,1.93,1.75,1.75
710801,頎邦富邦63購01,1782350,0.61,0.62,0.58,0.6
710802,頎邦富邦64購01,35020,0.62,0.63,0.61,0.61
710803,久元群益63購01,0,,,,
710804,大中群益61購01,0,,,,
710805,中美晶群益61購01,238010,2.09,2.12,1.89,1.89
710806,世界群益61購02,554960,0.84,0.99,0.84,0.92
710807,台特化群益61購01,37500,0.75,0.75,0.75,0.75
710808,均豪群益61購02,275600,1.28,1.38,1.28,1.38
710809,良維群益61購03,165950,1.3,1.5,1.25,1.25
710810,杰力群益61購01,0,,,,
710811,威剛群益61購04,0,,,,
710812,茂達群益61購01,0,,,,
710813,能率群益61購01,0,,,,
710814,翔名群益61購01,0,,,,
710815,鈊象群益64購01,34230,0.21,0.22,0.21,0.22
710816,群聯群益67購02,223060,1.61,1.61,1.47,1.47
710817,頎邦群益61購01,552340,0.77,0.8,0.73,0.73
710818,頎邦群益61購02,7080,0.59,0.59,0.59,0.59
710819,雙鴻群益61購01,636360,4.71,5.0,4.38,4.67
710820,中光電凱基61購03,39000,0.13,0.13,0.13,0.13
710821,世紀*凱基61購02,0,,,,
710822,良維凱基61購02,91790,1.28,1.28,1.25,1.25
710823,昇佳電凱基61購01,6800,0.34,0.34,0.34,0.34
710824,家登凱基61購01,28500,0.95,0.95,0.95,0.95
710825,翔名凱基61購01,0,,,,
710826,頎邦凱基61購01,922900,0.38,0.45,0.34,0.36
710827,精材凱基61購06,151440,2.63,2.86,2.63,2.85
710828,竹陞台新61購03,759980,0.49,0.49,0.45,0.47
710829,朋程台新61購01,0,,,,
710830,朋程台新62購01,9180,0.34,0.34,0.34,0.34
710831,朋程台新63購01,0,,,,
710832,朋程台新64購01,0,,,,
710833,博大台新61購01,0,,,,
710834,群聯台新61購03,0,,,,
710835,群聯台新67購01,0,,,,
710836,群聯台新67購02,0,,,,
710837,頎邦台新61購01,324240,1.03,1.08,0.95,0.99
710838,頎邦台新61購02,2339470,1.0,1.0,0.79,0.84
710839,驊訊台新61購01,0,,,,
710840,驊訊台新61購02,0,,,,
710841,力致永豐61購01,0,,,,
710842,中美晶永豐65購02,30380,1.07,1.07,0.98,0.98
710843,世紀*永豐61購01,32400,2.7,2.7,2.7,2.7
710844,神準永豐65購01,0,,,,
710845,翔名永豐61購01,0,,,,
710846,翔名永豐65購01,0,,,,
710847,榮剛永豐61購01,0,,,,
710848,榮剛永豐61購02,1440,0.48,0.48,0.48,0.48
710849,九暘國票65購01,0,,,,
710850,大中國票61購01,23000,0.23,0.23,0.23,0.23
710851,中菲行國票65購01,0,,,,
710852,友威科國票65購01,270650,0.5,0.57,0.5,0.52
710853,全宇昕國票65購01,21730,0.41,0.41,0.41,0.41
710854,竹陞國票66購01,0,,,,
710855,邑錡國票61購01,2940,0.21,0.21,0.21,0.21
710856,邑錡國票63購01,0,,,,
710857,尚凡*國票65購01,0,,,,
710858,易發國票65購01,410820,0.41,0.41,0.41,0.41
710859,昇佳電國票65購01,0,,,,
710860,佶優國票61購01,0,,,,
710861,佶優國票63購01,0,,,,
710862,茂訊國票65購01,0,,,,
710863,原相國票61購01,0,,,,
710864,振曜國票65購01,0,,,,
710865,泰詠國票65購01,0,,,,
710866,健喬國票65購01,3480,0.58,0.58,0.58,0.58
710867,國眾國票65購01,0,,,,
710868,博大國票65購01,0,,,,
710869,普萊德國票65購01,0,,,,
710870,晶宏國票65購01,344150,1.13,1.21,1.13,1.13
710871,越峰國票65購01,0,,,,
710872,萬泰科國票61購02,3960,0.44,0.44,0.44,0.44
710873,碩禾國票65購01,0,,,,
710874,聚和國票61購02,0,,,,
710875,鐿鈦國票65購01,29500,0.59,0.59,0.59,0.59
710876,竹陞國泰63購01,0,,,,
710877,青雲國泰62購03,60680,1.48,1.48,1.48,1.48
710878,茂達國泰62購01,0,,,,
710879,精材國泰62購01,20340,3.39,3.39,3.39,3.39
710880,大中富邦61購01,0,,,,
710881,宜鼎富邦61購02,0,,,,
710882,中光電群益61購02,0,,,,
710883,宜鼎群益61購02,0,,,,
710884,宜鼎群益61購03,0,,,,
710885,威剛群益61購05,0,,,,
710886,建榮群益62購01,0,,,,
710887,群聯群益67購03,201630,2.29,2.35,2.29,2.35
710888,精材群益64購01,34560,1.44,1.44,1.44,1.44
710889,精剛群益61購01,0,,,,
710890,精剛群益61購02,0,,,,
710891,聚和群益61購01,0,,,,
710892,雙鴻群益61購02,1619450,6.2,6.5,5.65,5.9
710893,中美晶元大64購01,0,,,,
710894,中美晶元大66購04,5800,1.16,1.16,1.16,1.16
710895,台嘉碩元大61購02,0,,,,
710896,均豪元大61購02,438710,0.43,0.52,0.43,0.5
710897,宜特元大65購01,215260,0.7,0.7,0.69,0.7
710898,宜特元大67購02,109160,0.42,0.42,0.41,0.41
710899,欣銓元大61購02,249460,0.81,0.94,0.81,0.94
710900,家登元大61購02,579980,0.83,0.95,0.83,0.91
710901,能率元大61購02,1080,0.54,0.54,0.54,0.54
710902,臺慶科元大64購02,3600,0.36,0.36,0.36,0.36
710903,鑫科元大61購01,9800,0.28,0.28,0.28,0.28
710904,太普高國票65購01,0,,,,
710905,安碁國票61購01,26540,0.64,0.66,0.64,0.66
710906,利機國票61購01,0,,,,
710907,杰力國票65購01,0,,,,
710908,倉和國票65購01,141800,4.82,4.82,4.68,4.68
710909,晟田國票61購02,0,,,,
710910,創泓國票61購01,311810,1.45,1.45,1.3,1.3
710911,博大國票61購01,0,,,,
710912,新普國票65購01,0,,,,
710913,聖暉*國票65購01,0,,,,
710914,類比科國票61購01,19000,0.38,0.38,0.38,0.38
710915,寶雅國票61購03,4830,0.69,0.69,0.69,0.69
710916,驊訊國票61購01,0,,,,
710917,大中凱基61購02,0,,,,
710918,中美晶凱基66購01,0,,,,
710919,台嘉碩凱基61購03,0,,,,
710920,宏觀凱基61購04,0,,,,
710921,宜鼎凱基61購02,0,,,,
710922,欣銓凱基61購03,1040,0.52,0.52,0.52,0.52
710923,威剛凱基61購03,467830,0.92,0.92,0.91,0.91
710924,茂達凱基61購03,0,,,,
710925,博大凱基61購01,0,,,,
710926,群聯凱基61購07,427550,0.96,1.01,0.96,1.01
710927,雙鴻凱基61購05,5050,5.05,5.05,5.05,5.05
710928,大中群益61購02,0,,,,
710929,中光電群益61購03,0,,,,
710930,欣銓群益61購01,0,,,,
710931,茂達群益61購02,0,,,,
710932,家登群益61購04,172960,1.3,1.46,1.3,1.42
710933,新普群益61購01,1050,0.35,0.35,0.35,0.35
710934,新普群益61購02,0,,,,
710935,精材群益64購02,37890,1.65,1.65,1.63,1.63
710936,中美晶國泰64購01,96380,1.26,1.28,1.26,1.28
710937,中光電富邦64購01,0,,,,
710938,威剛富邦64購01,0,,,,
710939,茂達富邦63購02,0,,,,
710940,華電網富邦63購01,15200,0.31,0.31,0.3,0.3
710941,萬泰科富邦63購02,5000,0.25,0.25,0.25,0.25
710942,群聯中信67購01,0,,,,
710943,中光電永豐61購03,0,,,,
710944,艾訊永豐61購01,0,,,,
710945,杰力永豐64購01,0,,,,
710946,長聖永豐61購01,355000,0.54,0.56,0.53,0.53
710947,威剛永豐61購08,0,,,,
710948,威剛永豐64購03,0,,,,
710949,茂達永豐65購01,0,,,,
710950,倉和永豐61購01,0,,,,
710951,倉和永豐64購01,0,,,,
710952,宸曜永豐61購01,30210,0.53,0.53,0.53,0.53
710953,宸曜永豐67購01,0,,,,
710954,耕興永豐61購01,0,,,,
710955,博大永豐61購01,0,,,,
710956,智通*永豐64購01,0,,,,
710957,新普永豐61購02,0,,,,
710958,精剛永豐61購01,0,,,,
710959,磐儀永豐61購01,0,,,,
710960,中光電元大61購05,0,,,,
710961,中美晶元大64購02,41820,1.23,1.23,1.23,1.23
710962,中美晶元大66購05,65900,1.12,1.12,1.05,1.05
710963,世紀*元大61購01,14300,14.3,14.3,14.3,14.3
710964,宜鼎元大61購07,0,,,,
710965,晟田元大61購02,69000,0.69,0.69,0.69,0.69
710966,創惟元大61購01,0,,,,
710967,晶焱元大61購01,0,,,,
710968,翔名元大61購01,0,,,,
710969,群聯元大64購07,0,,,,
710970,頎邦元大61購02,0,,,,
710971,譜瑞元大61購03,299010,0.43,0.47,0.43,0.46
710972,譜瑞元大65購03,133660,0.63,0.64,0.62,0.64
710973,久元台新61購01,0,,,,
710974,久元台新61購02,0,,,,
710975,大中台新61購03,0,,,,
710976,大中台新61購04,0,,,,
710977,中光電台新61購04,0,,,,
710978,杰力台新61購01,0,,,,
710979,宸曜台新61購01,329160,1.06,1.07,1.06,1.07
710980,博大台新61購02,0,,,,
710981,博大台新61購03,0,,,,
710982,精材台新61購03,107830,1.72,1.84,1.71,1.83
710983,立敦凱基61購01,0,,,,
710984,均豪凱基61購01,102140,0.84,0.98,0.84,0.96
710985,家登凱基61購02,115720,1.18,1.29,1.18,1.29
710986,振曜凱基61購01,0,,,,
710987,華景電凱基64購01,410,0.41,0.41,0.41,0.41
710988,新普凱基61購01,0,,,,
710989,頎邦凱基61購02,1011230,0.52,0.56,0.47,0.48
710990,精材凱基61購07,0,,,,
710991,營邦凱基61購01,778690,1.54,1.75,1.54,1.63
710992,譜瑞凱基61購06,40120,0.59,0.59,0.59,0.59
710993,寶雅凱基61購01,22310,1.07,1.11,1.05,1.11
710994,欣銓台新61購03,21590,0.72,0.84,0.72,0.84
710995,群聯台新61購04,0,,,,
710996,大江國票65購01,0,,,,
710997,大學光國票61購01,100000,0.5,0.5,0.5,0.5
710998,佰研國票65購01,0,,,,
710999,宜特國票61購01,0,,,,
711000,長聖國票65購01,20160,0.63,0.63,0.63,0.63
711001,能率國票61購02,0,,,,
711002,廣積國票66購01,117800,0.82,0.83,0.82,0.83
711003,陽程群益61購02,0,,,,
711004,系統電國泰62購01,0,,,,
711005,宜鼎國泰62購02,0,,,,
711006,大中元大61購02,0,,,,
711007,大中元大66購01,0,,,,
711008,尼克森元大61購01,0,,,,
711009,巨有元大61購02,36830,2.44,2.44,2.05,2.05
711010,立敦元大61購01,0,,,,
711011,立敦元大67購01,0,,,,
711012,宜鼎元大61購08,52450,0.46,0.46,0.43,0.43
711013,宜鼎元大61購09,329900,0.74,0.74,0.68,0.68
711014,昇佳電元大61購01,0,,,,
711015,朋程元大61購01,117640,0.34,0.34,0.34,0.34
711016,青雲元大61購01,177230,1.5,1.5,1.47,1.48
711017,美琪瑪元大61購01,0,,,,
711018,茂達元大61購03,0,,,,
711019,原相元大61購02,0,,,,
711020,家登元大61購03,519880,1.24,1.32,1.24,1.31
711021,智通*元大61購01,0,,,,
711022,群聯元大64購08,310410,0.63,0.64,0.61,0.61
711023,譜瑞元大61購04,572080,0.85,0.94,0.85,0.92
711024,中美晶統一65購01,261990,0.39,0.4,0.39,0.4
711025,均豪統一65購01,49980,0.49,0.49,0.49,0.49
711026,朋程統一65購03,3850,0.11,0.11,0.11,0.11
711027,茂訊統一67購01,66350,0.43,0.45,0.43,0.45
711028,群聯統一67購01,0,,,,
711029,精材統一67購01,429870,1.14,1.18,1.11,1.11
711030,營邦統一67購01,52370,1.19,1.22,1.19,1.22
711031,中光電永豐61購04,0,,,,
711032,中光電永豐61購05,0,,,,
711033,立敦永豐61購02,0,,,,
711034,立敦永豐64購01,0,,,,
711035,立敦永豐64購02,0,,,,
711036,宜鼎永豐63購02,32240,0.52,0.52,0.52,0.52
711037,長聖永豐61購02,53030,0.33,0.33,0.3,0.3
711038,原相永豐61購02,0,,,,
711039,群聯永豐64購07,40420,0.94,0.94,0.94,0.94
711040,群聯永豐64購08,0,,,,
711041,群聯永豐67購01,0,,,,
711042,廣積永豐61購01,0,,,,
711043,宜鼎中信61購03,0,,,,
711044,群聯中信61購01,0,,,,
711045,大中凱基61購03,8700,0.17,0.18,0.17,0.18
711046,台特化凱基61購01,23490,0.87,0.87,0.87,0.87
711047,巨有凱基61購02,2400,2.4,2.4,2.4,2.4
711048,宜特凱基61購04,0,,,,
711049,宜鼎凱基61購03,257320,0.64,0.64,0.58,0.58
711050,茂達凱基61購04,0,,,,
711051,原相凱基61購02,0,,,,
711052,智通*凱基61購01,0,,,,
711053,順達凱基61購02,0,,,,
711054,鈊象凱基61購03,85600,1.07,1.07,1.07,1.07
711055,群聯凱基64購04,87100,1.79,1.85,1.79,1.83
711056,精材凱基61購08,235070,2.98,3.01,2.78,2.78
711057,廣積凱基65購01,0,,,,
711058,昱展台新61購01,14500,0.29,0.29,0.29,0.29
711059,富喬台新61購01,0,,,,
711060,艾訊群益61購01,0,,,,
711061,家登群益61購05,7900,0.77,0.81,0.77,0.81
711062,順達群益61購01,0,,,,
711063,群聯群益61購06,261830,3.13,3.17,3.13,3.17
711064,精材群益61購02,1397500,5.1,5.35,4.94,5.05
711065,大樹國票65購01,1590,0.53,0.53,0.53,0.53
711066,公準國票65購01,85520,0.48,0.49,0.48,0.49
711067,加百裕國票61購01,0,,,,
711068,尼克森國票61購01,0,,,,
711069,正基國票65購01,0,,,,
711070,艾訊國票61購02,0,,,,
711071,宜鼎國票65購02,100200,0.81,0.81,0.79,0.79
711072,高僑國票65購01,0,,,,
711073,智崴國票65購01,24200,0.44,0.44,0.44,0.44
711074,僑威國票65購01,0,,,,
711075,廣明國票65購01,0,,,,
711076,撼訊國票65購01,0,,,,
711077,中美晶元大61購03,0,,,,
711078,台嘉碩元大61購03,15080,0.67,0.7,0.67,0.69
711079,宜鼎元大61購10,0,,,,
711080,智通*元大61購02,0,,,,
711081,群聯元大61購14,0,,,,
711082,臺慶科元大61購03,0,,,,
711083,世界國泰62購01,49770,0.79,0.79,0.79,0.79
711084,博大國泰62購01,13570,0.59,0.59,0.59,0.59
711085,陽程國泰62購01,0,,,,
711086,群聯國泰62購03,19400,0.97,0.97,0.97,0.97
711087,精材國泰62購02,169400,3.52,3.66,3.37,3.37
711088,中美晶富邦61購03,0,,,,
711089,立碁富邦64購01,491090,1.29,1.33,1.24,1.26
711090,翔名富邦61購01,0,,,,
711091,陽程富邦61購02,79300,1.38,1.39,1.26,1.26
711092,精材富邦61購01,398810,1.4,1.49,1.4,1.45
711093,精材中信61購02,18700,0.83,0.87,0.83,0.85
711094,千附永豐61購01,24880,1.44,1.48,1.44,1.48
711095,千附永豐61購02,14650,0.7,0.7,0.64,0.69
711096,立端永豐61購01,84820,0.76,0.84,0.76,0.77
711097,松瑞藥永豐61購01,19760,0.76,0.76,0.76,0.76
711098,磐儀永豐61購02,0,,,,
711099,千附精統一67購01,0,,,,
711100,大中統一65購02,0,,,,
711101,大中統一6C購01,0,,,,
711102,中裕統一69購01,0,,,,
711103,世界統一67購01,81740,0.46,0.52,0.46,0.52
711104,台嘉碩統一67購01,0,,,,
711105,台嘉碩統一6C購01,0,,,,
711106,尼克森統一65購01,0,,,,
711107,巨有統一6C購01,173540,1.14,1.14,1.0,1.0
711108,朋程統一65購04,0,,,,
711109,杰力統一6C購01,0,,,,
711110,青雲統一69購01,42500,0.85,0.85,0.85,0.85
711111,青雲統一6C購01,0,,,,
711112,泰藝統一6C購01,0,,,,
711113,健喬統一69購01,0,,,,
711114,堡達統一6C購01,0,,,,
711115,智通*統一67購01,0,,,,
711116,陽程統一6C購01,724480,1.11,1.11,1.1,1.1
711117,順達統一65購03,0,,,,
711118,頎邦統一65購01,1058450,0.68,0.68,0.61,0.61
711119,頎邦統一67購02,1110490,0.63,0.65,0.61,0.62
711120,頎邦統一67購03,37800,0.6,0.6,0.6,0.6
711121,頎邦統一6C購01,57120,0.7,0.7,0.68,0.68
711122,精材統一65購02,1570510,1.05,1.15,1.03,1.04
711123,精材統一67購02,131800,0.8,0.84,0.8,0.84
711124,中美晶凱基64購01,8000,0.8,0.8,0.8,0.8
711125,家登凱基67購01,114200,1.02,1.06,1.02,1.06
711126,陽程凱基61購03,479910,1.95,1.97,1.7,1.73
711127,順達凱基61購03,0,,,,
711128,群聯凱基61購08,0,,,,
711129,群聯凱基61購09,54400,0.85,0.85,0.85,0.85
711130,頎邦凱基61購03,416130,0.42,0.46,0.39,0.41
711131,精材凱基61購09,199920,1.28,1.43,1.25,1.25
711132,臺慶科凱基61購03,0,,,,
711133,宜鼎台新62購01,18000,0.6,0.6,0.6,0.6
711134,茂達台新61購01,0,,,,
711135,茂達台新61購02,0,,,,
711136,群聯台新67購03,0,,,,
711137,群聯台新67購04,45980,1.21,1.21,1.21,1.21
711138,頎邦台新61購04,5007650,1.42,1.51,1.27,1.33
711139,頎邦台新61購05,2680120,1.4,1.49,1.27,1.35
711140,精材台新61購04,179920,1.59,1.75,1.54,1.54
711141,精材台新61購05,161870,1.64,1.78,1.64,1.78
711142,精材台新62購02,0,,,,
711143,力麒國票65購01,0,,,,
711144,天良國票61購01,9600,0.48,0.48,0.48,0.48
711145,巨漢國票61購01,0,,,,
711146,協禧國票65購01,0,,,,
711147,奇鈦科國票65購01,0,,,,
711148,陽程國票61購01,0,,,,
711149,陽程國票61購02,0,,,,
711150,順達國票65購01,86900,0.79,0.79,0.79,0.79
711151,精材國票61購04,191330,1.85,1.91,1.85,1.91
711152,精材國票65購01,17640,2.0,2.0,1.88,1.88
711153,營邦國票61購01,55720,2.72,2.72,2.58,2.58
711154,千附群益61購01,5050,1.01,1.01,1.01,1.01
711155,千附群益61購02,0,,,,
711156,台特化群益61購02,0,,,,
711157,青雲群益61購01,18880,0.86,0.86,0.84,0.84
711158,青雲群益61購02,4950,1.25,1.25,1.2,1.2
711159,威剛群益61購06,0,,,,
711160,鈊象群益61購02,49950,0.99,1.0,0.99,1.0
711161,新漢群益61購01,980,0.49,0.49,0.49,0.49
711162,群聯群益61購07,16750,1.71,1.71,1.64,1.64
711163,精材群益63購03,95660,2.82,2.82,2.71,2.71
711164,中光電元大61購06,0,,,,
711165,中光電元大61購07,660,0.22,0.22,0.22,0.22
711166,中美晶元大61購04,2810,0.43,0.43,0.39,0.39
711167,宜鼎元大63購02,33110,0.77,0.77,0.77,0.77
711168,茂達元大61購04,0,,,,
711169,智通*元大61購03,0,,,,
711170,翔名元大61購02,0,,,,
711171,順達元大61購01,92080,0.73,0.73,0.71,0.72
711172,群聯元大61購15,122140,0.76,0.8,0.73,0.73
711173,頎邦元大61購03,0,,,,
711174,精材元大61購10,617280,1.02,1.09,0.99,0.99
711175,精材元大61購11,108310,2.13,2.26,2.13,2.23
711176,精材元大63購05,638390,1.42,1.5,1.4,1.41
711177,營邦元大61購01,988540,1.58,1.77,1.58,1.69
711178,九暘統一63購01,0,,,,
711179,九暘統一6C購01,0,,,,
711180,千附精統一67購02,0,,,,
711181,千附精統一67購03,0,,,,
711182,大中統一65購03,0,,,,
711183,中光電統一65購01,0,,,,
711184,中光電統一6C購01,0,,,,
711185,中美晶統一65購02,0,,,,
711186,中美晶統一67購01,48340,0.46,0.46,0.42,0.42
711187,中美晶統一6C購01,2650,0.53,0.53,0.53,0.53
711188,台嘉碩統一65購01,42120,0.39,0.39,0.39,0.39
711189,立敦統一67購01,0,,,,
711190,安勤統一67購01,0,,,,
711191,系統電統一6C購01,0,,,,
711192,亞通統一67購01,16080,0.98,1.04,0.98,1.04
711193,宜鼎統一67購01,91850,0.55,0.55,0.55,0.55
711194,昇佳電統一67購01,19800,0.36,0.36,0.36,0.36
711195,杰力統一65購01,0,,,,
711196,青雲統一69購02,0,,,,
711197,茂達統一69購02,47940,0.34,0.34,0.34,0.34
711198,神準統一67購01,27720,0.42,0.42,0.42,0.42
711199,堡達統一65購01,0,,,,
711200,翔名統一6C購01,0,,,,
711201,順達統一67購01,0,,,,
711202,順達統一67購02,0,,,,
711203,順達統一67購03,0,,,,
711204,順達統一6C購01,0,,,,
711205,群聯統一65購03,0,,,,
711206,頎邦統一65購02,54450,0.65,0.66,0.65,0.65
711207,頎邦統一67購04,143440,0.66,0.66,0.62,0.62
711208,頎邦統一68購01,117990,0.57,0.57,0.57,0.57
711209,碩禾統一67購01,0,,,,
711210,精材統一65購03,23490,0.81,0.81,0.81,0.81
711211,精材統一6C購02,97100,0.98,0.98,0.95,0.95
711212,大樹永豐61購01,0,,,,
711213,中美晶永豐61購03,0,,,,
711214,宜鼎永豐67購01,14800,0.74,0.74,0.74,0.74
711215,智通*永豐65購01,0,,,,
711216,順達永豐61購02,0,,,,
711217,頎邦永豐65購01,242880,0.88,0.88,0.84,0.84
711218,精材永豐61購03,128700,0.94,1.0,0.91,0.92
711219,精材永豐61購04,4650,1.51,1.57,1.51,1.57
711220,精材永豐64購02,0,,,,
711221,營邦永豐64購01,66020,1.55,1.59,1.55,1.59
711222,廣積國泰62購01,5910,1.97,1.97,1.97,1.97
711223,營邦國泰62購01,108270,4.0,4.05,4.0,4.01
711224,久元富邦63購02,0,,,,
711225,元太富邦63購01,42500,0.32,0.32,0.3,0.3
711226,元太富邦63購02,0,,,,
711227,立敦富邦63購01,0,,,,
711228,宜特富邦63購01,0,,,,
711229,智通*富邦64購02,0,,,,
711230,順達富邦63購01,2800,0.3,0.3,0.26,0.26
711231,鈊象富邦63購02,679440,0.52,0.54,0.52,0.53
711232,中美晶台新61購04,0,,,,
711233,宜鼎台新63購01,33110,0.77,0.77,0.77,0.77
711234,宜鼎台新64購01,14690,1.13,1.13,1.13,1.13
711235,千附群益61購03,0,,,,
711236,陽程群益63購01,57000,2.05,2.05,2.03,2.03
711237,順達群益61購02,0,,,,
711238,璟德群益61購01,0,,,,
711239,千附凱基61購01,0,,,,
711240,中美晶凱基61購07,1160,0.29,0.29,0.29,0.29
711241,宜鼎凱基64購01,14700,0.49,0.49,0.49,0.49
711242,青雲凱基61購01,10220,1.46,1.46,1.46,1.46
711243,威剛凱基61購04,0,,,,
711244,智通*凱基61購02,0,,,,
711245,順達凱基61購04,0,,,,
711246,新漢凱基61購01,0,,,,
711247,營邦凱基61購02,0,,,,
711248,雙鴻凱基61購06,41760,4.64,4.64,4.64,4.64
711249,M31國票61購01,25300,1.1,1.1,1.1,1.1
711250,千附國票61購03,0,,,,
711251,中美晶國票65購02,140280,0.68,0.7,0.67,0.67
711252,巨有國票61購01,419240,3.59,3.59,2.97,2.97
711253,倉和國票66購01,3520,3.52,3.52,3.52,3.52
711254,博智國票61購01,51200,0.8,0.8,0.8,0.8
711255,晶呈國票65購01,0,,,,
711256,千附元大61購01,0,,,,
711257,中光電元大61購08,0,,,,
711258,中光電元大61購09,0,,,,
711259,中光電元大63購01,0,,,,
711260,立敦元大61購02,0,,,,
711261,宜鼎元大63購03,289640,0.75,0.75,0.74,0.74
711262,朋程元大61購02,34000,0.34,0.34,0.34,0.34
711263,家登元大61購04,242850,0.63,0.71,0.62,0.69
711264,家登元大61購05,325400,0.9,1.0,0.9,0.99
711265,凱崴元大61購01,0,,,,
711266,群聯元大61購16,102750,0.99,1.02,0.99,1.02
711267,臺慶科元大61購04,33950,0.65,0.65,0.64,0.64
711268,營邦元大61購02,274670,2.26,2.49,2.26,2.38
711269,中美晶國泰62購01,0,,,,
711270,世界富邦61購03,35150,0.37,0.39,0.37,0.39
711271,博智富邦63購01,13400,0.44,0.45,0.44,0.45
711272,富喬富邦61購02,69180,1.02,1.02,1.0,1.0
711273,千附精永豐64購01,0,,,,
711274,大中永豐61購01,0,,,,
711275,世界永豐61購02,1190,0.59,0.6,0.59,0.6
711276,家登永豐61購03,523890,0.82,0.91,0.8,0.9
711277,璟德永豐67購01,0,,,,
711278,九暘統一67購01,0,,,,
711279,千附統一6C購01,0,,,,
711280,中光電統一65購02,0,,,,
711281,安勤統一67購02,0,,,,
711282,青雲統一67購01,52480,1.2,1.2,1.15,1.15
711283,倉和統一6C購01,0,,,,
711284,神準統一67購02,0,,,,
711285,翔名統一67購01,0,,,,
711286,順達統一65購04,201750,0.32,0.33,0.32,0.32
711287,M31台新61購01,171100,1.32,1.34,1.31,1.31
711288,M31台新62購01,1040,1.04,1.04,1.04,1.04
711289,M31台新64購01,167800,0.88,0.97,0.88,0.97
711290,千附精台新61購02,0,,,,
711291,富喬台新61購02,0,,,,
711292,頎邦台新61購06,3353300,1.45,1.62,1.41,1.44
711293,M31凱基61購01,43150,0.87,0.89,0.87,0.89
711294,M31凱基61購02,155480,1.02,1.03,1.02,1.02
711295,M31凱基61購03,166050,0.98,1.16,0.98,1.1
711296,千附精凱基61購03,0,,,,
711297,中光電凱基61購04,0,,,,
711298,中美晶凱基61購08,0,,,,
711299,朋程凱基61購02,0,,,,
711300,博智凱基63購01,321170,1.75,1.81,1.52,1.53
711301,晶呈凱基61購01,0,,,,
711302,翔名凱基61購02,0,,,,
711303,群聯凱基65購01,0,,,,
711304,臺慶科凱基64購01,0,,,,
711305,營邦凱基61購03,99110,3.67,3.72,3.47,3.47
711306,千附精元大61購01,3600,0.6,0.6,0.6,0.6
711307,中光電元大61購10,0,,,,
711308,宏捷科元大66購01,106470,0.98,0.98,0.93,0.93
711309,宜鼎元大63購04,74020,0.85,0.85,0.84,0.84
711310,原相元大61購03,533930,1.07,1.07,1.07,1.07
711311,順達元大63購01,46900,1.32,1.32,1.29,1.29
711312,群聯元大61購17,133270,1.37,1.4,1.35,1.4
711313,臺慶科元大61購05,157680,0.81,0.81,0.8,0.8
711314,世界國泰62購02,93680,1.04,1.06,1.04,1.06
711315,陽程國泰62購02,12960,4.32,4.32,4.32,4.32
711316,鑫聯國泰62購01,0,,,,
711317,久禾光國票61購01,21000,0.21,0.21,0.21,0.21
711318,千附精國票65購01,0,,,,
711319,中美晶國票61購05,0,,,,
711320,茂達國票61購02,0,,,,
711321,倉和國票67購01,0,,,,
711322,晶呈國票64購01,0,,,,
711323,頎邦國票64購01,974980,1.64,1.64,1.49,1.49
711324,寬魚國票61購01,0,,,,
711325,M31群益61購01,61800,1.03,1.03,1.03,1.03
711326,千附精群益61購02,0,,,,
711327,杰力群益61購02,0,,,,
711328,博智群益61購02,64770,2.79,2.87,2.49,2.49
711329,陽程群益61購03,0,,,,
711330,群聯群益63購01,32430,1.25,1.29,1.22,1.23
711331,M31富邦63購01,318180,0.74,0.8,0.74,0.79
711332,九暘統一65購01,24060,0.49,0.49,0.44,0.44
711333,中美晶統一67購02,0,,,,
711334,M31永豐63購01,0,,,,
711335,世紀*永豐63購01,0,,,,
711336,原相永豐61購03,0,,,,
711337,家登永豐61購04,224410,2.13,2.17,2.11,2.11
711338,晶呈永豐61購01,301450,0.68,0.68,0.62,0.62
711339,晶呈永豐64購01,0,,,,
711340,千附精台新61購03,0,,,,
711341,良維台新61購01,207920,1.0,1.1,1.0,1.1
711342,創泓台新61購01,1960,0.49,0.49,0.49,0.49
711343,中美晶凱基61購09,0,,,,
711344,宜鼎凱基61購04,78640,0.83,0.83,0.8,0.8
711345,原相凱基61購03,0,,,,
711346,智通*凱基61購03,0,,,,
711347,群聯凱基63購02,245010,1.34,1.38,1.29,1.29
711348,頎邦凱基64購02,37420,1.44,1.52,1.44,1.5
711349,雙鴻凱基63購02,182270,4.85,4.87,4.43,4.43
711350,中光電元大61購11,0,,,,
711351,中美晶元大61購05,0,,,,
711352,創泓元大61購01,76440,0.78,0.78,0.78,0.78
711353,智通*元大61購04,0,,,,
711354,智通*元大61購05,0,,,,
711355,中美晶群益61購02,0,,,,
711356,世界群益61購04,0,,,,
711357,加高群益61購01,22000,1.12,1.12,1.08,1.08
711358,巨有群益61購01,207830,4.63,4.63,3.94,3.94
711359,均豪群益66購01,164310,0.91,0.99,0.91,0.99
711360,智通*群益61購01,0,,,,
711361,群聯群益61購08,567670,3.43,3.49,3.14,3.18
711362,元太永豐61購05,0,,,,
711363,加高永豐61購02,0,,,,
711364,良維永豐61購02,597460,1.5,1.52,1.37,1.42
711365,威剛永豐67購02,0,,,,
711366,敘豐永豐64購01,0,,,,
711367,凱崴永豐61購01,617640,0.57,0.58,0.49,0.49
711368,博智永豐61購02,0,,,,
711369,華電網永豐61購01,0,,,,
711370,閎康永豐61購03,39200,1.12,1.12,1.12,1.12
711371,順達永豐64購03,0,,,,
711372,群聯永豐64購09,0,,,,
711373,群聯永豐67購02,37120,1.16,1.16,1.16,1.16
711374,聖暉*永豐64購01,0,,,,
711375,千附國票65購01,0,,,,
711376,中美晶國票64購01,0,,,,
711377,原相國票61購02,0,,,,
711378,敘豐國票61購01,0,,,,
711379,創泓國票61購02,82720,0.58,0.6,0.58,0.6
711380,創泓國票63購01,1820,0.91,0.91,0.91,0.91
711381,智擎國票65購01,0,,,,
711382,廣穎國票65購01,7920,0.99,0.99,0.99,0.99
711383,營邦國票61購02,0,,,,
711384,千附精國泰62購01,0,,,,
711385,世界國泰62購03,463610,1.16,1.31,1.16,1.31
711386,宜鼎國泰62購03,29190,1.39,1.39,1.39,1.39
711387,青雲國泰62購04,838810,2.26,2.26,2.08,2.08
711388,倉和國泰62購01,0,,,,
711389,群聯國泰62購04,111130,1.24,1.29,1.24,1.29
711390,群聯國泰62購05,47380,1.03,1.03,1.03,1.03
711391,系統電富邦61購03,0,,,,
711392,宜鼎富邦61購03,1950,0.39,0.39,0.39,0.39
711393,群聯富邦63購02,0,,,,
711394,M31統一67購01,680,0.68,0.68,0.68,0.68
711395,M31統一67購02,19250,0.77,0.77,0.77,0.77
711396,M31統一6C購01,35580,0.69,0.69,0.67,0.67
711397,千附統一67購01,0,,,,
711398,千附精統一67購04,0,,,,
711399,大中統一67購01,0,,,,
711400,中光電統一67購01,0,,,,
711401,中光電統一6C購02,0,,,,
711402,中美晶統一66購04,38400,0.24,0.24,0.24,0.24
711403,世紀*統一67購01,95930,1.81,1.81,1.81,1.81
711404,杰力統一67購01,0,,,,
711405,智通*統一6C購01,0,,,,
711406,閎康統一67購01,2600,0.52,0.52,0.52,0.52
711407,廣穎統一63購01,0,,,,
711408,廣穎統一69購02,0,,,,
711409,千附國票66購01,0,,,,
711410,元太國票61購01,0,,,,
711411,天品國票61購01,951190,0.58,0.6,0.57,0.59
711412,系統電國票64購01,0,,,,
711413,昇佳電國票66購01,0,,,,
711414,青雲國票61購02,19600,1.96,1.96,1.96,1.96
711415,耕興國票65購01,0,,,,
711416,晟田國票62購01,0,,,,
711417,博士旺國票61購02,0,,,,
711418,華景電國票65購01,0,,,,
711419,碩禾國票64購01,2800,0.28,0.28,0.28,0.28
711420,中美晶台新61購05,0,,,,
711421,中美晶台新63購03,0,,,,
711422,晟田台新61購02,15350,0.42,0.43,0.42,0.43
711423,陽程台新61購01,0,,,,
711424,陽程台新61購02,17230,3.47,3.47,3.42,3.42
711425,千附凱基61購02,0,,,,
711426,中光電凱基61購05,0,,,,
711427,中美晶凱基61購10,0,,,,
711428,世界凱基64購02,25300,1.15,1.15,1.15,1.15
711429,立敦凱基61購02,0,,,,
711430,均豪凱基66購01,40500,1.14,1.29,1.14,1.28
711431,千附元大61購02,0,,,,
711432,千附元大61購03,0,,,,
711433,中美晶元大61購06,120180,1.1,1.1,1.08,1.08
711434,中美晶元大61購07,510,0.51,0.51,0.51,0.51
711435,中美晶元大61購08,2300,0.23,0.23,0.23,0.23
711436,中美晶元大63購03,5700,0.57,0.57,0.57,0.57
711437,中美晶元大65購04,0,,,,
711438,世界元大63購05,88600,0.5,0.58,0.5,0.58
711439,家登元大63購01,242550,1.54,1.66,1.53,1.62
711440,智通*元大61購06,0,,,,
711441,智通*元大63購02,0,,,,
711442,翔名元大61購03,0,,,,
711443,頎邦元大61購04,0,,,,
711444,漢科元大61購01,0,,,,
711445,千附永豐61購03,0,,,,
711446,千附永豐61購04,0,,,,
711447,千附永豐61購05,0,,,,
711448,千附永豐64購01,870,0.43,0.44,0.43,0.44
711449,中美晶永豐61購04,101640,0.66,0.66,0.66,0.66
711450,中美晶永豐64購02,0,,,,
711451,世禾永豐61購01,0,,,,
711452,巨漢永豐61購02,0,,,,
711453,均豪永豐64購02,13290,1.64,1.81,1.64,1.81
711454,宏捷科永豐64購01,15940,0.64,0.64,0.58,0.58
711455,創惟永豐61購01,0,,,,
711456,智通*永豐61購02,0,,,,
711457,湧德永豐61購01,3570,0.51,0.51,0.51,0.51
711458,陽程永豐61購02,123490,2.51,2.51,2.28,2.35
711459,中光電國泰62購02,870,0.29,0.29,0.29,0.29
711460,中光電國泰62購03,0,,,,
711461,中美晶國泰63購02,0,,,,
711462,世禾國泰62購01,10000,0.5,0.5,0.5,0.5
711463,翔名國泰62購01,0,,,,
711464,廣穎國泰62購01,0,,,,
711465,千附統一67購02,650,0.33,0.33,0.32,0.32
711466,千附統一6C購02,0,,,,
711467,千附精統一67購05,0,,,,
711468,中美晶統一65購03,0,,,,
711469,中美晶統一67購03,0,,,,
711470,中美晶統一6C購02,51340,0.34,0.34,0.34,0.34
711471,世界統一6C購01,0,,,,
711472,加高統一67購01,0,,,,
711473,系微統一6C購01,0,,,,
711474,家登統一6C購02,263440,0.74,0.74,0.74,0.74
711475,博智統一6C購02,2140,0.71,0.72,0.71,0.72
711476,廣穎統一6C購01,0,,,,
711477,雙鴻統一6C購01,3751710,0.94,0.99,0.92,0.96
711478,中光電富邦62購03,0,,,,
711479,中美晶富邦61購04,3740,0.14,0.14,0.12,0.12
711480,台特化富邦61購01,0,,,,
711481,宜鼎富邦61購04,58250,0.39,0.39,0.36,0.36
711482,宜鼎群益61購04,116810,1.29,1.29,1.21,1.21
711483,茂達群益61購03,0,,,,
711484,世界台新61購02,18460,0.53,0.57,0.53,0.57
711485,台嘉碩台新61購03,2010,1.02,1.02,0.99,0.99
711486,巨漢台新61購03,0,,,,
711487,良維台新61購02,376390,1.23,1.38,1.22,1.22
711488,亞電台新61購01,501340,1.6,1.6,1.38,1.38
711489,長科*台新61購01,80550,1.0,1.07,0.99,0.99
711490,千附精群益61購03,0,,,,
711491,亞電群益61購01,87070,1.99,1.99,1.75,1.75
711492,亞電群益61購02,87910,1.76,1.76,1.46,1.46
711493,亞電群益61購03,11350,2.27,2.27,2.27,2.27
711494,陽程群益63購02,0,,,,
711495,世界凱基61購02,33520,0.97,1.03,0.97,1.03
711496,巨漢凱基61購01,72000,0.36,0.36,0.36,0.36
711497,系統電凱基61購02,0,,,,
711498,宜鼎凱基61購05,19760,1.66,1.66,1.58,1.58
711499,昇佳電凱基61購02,0,,,,
711500,長科*凱基61購01,1390,1.39,1.39,1.39,1.39
711501,威剛凱基61購05,192500,1.58,1.58,1.5,1.5
711502,家登凱基63購01,223770,1.81,1.92,1.79,1.92
711503,富喬凱基61購06,42400,4.24,4.24,4.24,4.24
711504,智通*凱基61購04,0,,,,
711505,順達凱基61購05,627100,1.25,1.28,1.16,1.17
711506,群聯凱基61購11,19270,2.37,2.46,2.37,2.37
711507,頎邦凱基61購04,194020,2.08,2.13,2.04,2.04
711508,雙鴻凱基63購03,509050,7.1,7.1,6.15,6.15
711509,千附精元大61購02,102500,0.65,0.65,0.64,0.64
711510,立敦元大61購03,0,,,,
711511,亞電元大61購01,83540,2.29,2.29,2.1,2.1
711512,群聯元大61購18,172360,1.17,1.17,1.13,1.13
711513,千附精統一65購01,2400,0.48,0.48,0.48,0.48
711514,世界統一66購01,22000,0.44,0.44,0.44,0.44
711515,亞電統一69購01,667830,0.93,0.94,0.86,0.86
711516,宜鼎統一64購05,154840,0.57,0.57,0.55,0.55
711517,倉和統一65購01,1080220,3.96,3.96,3.3,3.3
711518,方土昶永豐61購01,50100,1.0,1.0,0.97,0.97
711519,亞電永豐64購01,177940,2.17,2.17,2.17,2.17
711520,昇佳電永豐63購01,0,,,,
711521,長科*永豐64購01,71600,0.87,0.89,0.87,0.89
711522,陽程永豐61購03,0,,,,
711523,雙鴻永豐64購03,793100,5.65,5.8,5.25,5.5
711524,世界國泰62購04,120430,0.69,0.78,0.69,0.74
711525,良維國泰62購01,298180,2.28,2.46,2.18,2.18
711526,亞電國泰62購01,42750,2.85,2.85,2.85,2.85
711527,朋程國泰63購01,20020,0.91,0.91,0.91,0.91
711528,漢科國泰62購01,0,,,,
711529,千附精富邦61購01,20050,0.49,0.49,0.45,0.45
711530,立碁富邦61購02,0,,,,
711531,宜特富邦63購02,45010,0.41,0.41,0.4,0.4
711532,宜鼎富邦61購05,131380,0.59,0.59,0.58,0.58
711533,朋程富邦63購04,0,,,,
711534,欣銓富邦61購02,29280,0.61,0.61,0.61,0.61
711535,長科*富邦62購02,60140,0.62,0.62,0.62,0.62
711536,富喬富邦61購03,0,,,,
711537,智通*富邦63購01,0,,,,
711538,陽程富邦61購03,419310,1.47,1.48,1.32,1.34
711539,群聯富邦63購03,1036980,0.97,1.02,0.97,0.99
711540,營邦富邦62購03,0,,,,
711541,雙鴻富邦63購02,0,,,,
711542,譜瑞富邦63購02,69980,0.46,0.49,0.46,0.49
711543,M31國票65購01,6760,1.69,1.69,1.69,1.69
711544,台特化國票65購01,0,,,,
711545,禾瑞亞國票61購01,0,,,,
711546,亞電國票61購01,290520,4.32,4.32,4.07,4.07
711547,長科*國票65購01,0,,,,
711548,榮田國票61購01,27490,0.95,0.95,0.92,0.92
711549,巨漢群益61購02,0,,,,
711550,群聯群益61購09,1519790,3.62,3.78,3.53,3.53
711551,千附精國票64購01,60040,1.23,1.23,1.19,1.2
711552,立碁國票65購01,55720,4.81,4.81,4.61,4.61
711553,亞電國票63購01,11330,2.27,2.27,2.26,2.26
711554,亞電國票64購01,91800,2.31,2.31,2.28,2.28
711555,宜鼎國票66購01,112000,1.0,1.0,1.0,1.0
711556,朋程國票61購01,7360,0.92,0.92,0.92,0.92
711557,長科*國票64購01,0,,,,
711558,頎邦國票66購01,301140,1.78,1.81,1.7,1.7
711559,漢科國票61購01,0,,,,
711560,臺慶科國票66購01,16800,1.2,1.2,1.2,1.2
711561,磐儀國票65購01,0,,,,
711562,亞電台新61購02,92910,1.65,1.66,1.47,1.47
711563,亞電台新61購03,7040,1.82,1.82,1.69,1.71
711564,青雲台新61購01,41700,0.96,0.97,0.96,0.97
711565,博士旺台新61購01,0,,,,
711566,千附精凱基61購04,71340,1.23,1.23,1.23,1.23
711567,世界凱基61購03,198640,1.14,1.35,1.14,1.28
711568,亞電凱基61購01,73550,2.7,2.7,2.33,2.33
711569,泓格凱基61購01,10700,0.33,0.38,0.33,0.36
711570,陽程凱基63購03,13920,3.48,3.48,3.48,3.48
711571,群聯凱基66購02,0,,,,
711572,泓格永豐61購01,380,0.38,0.38,0.38,0.38
711573,群聯永豐67購03,523750,1.36,1.39,1.33,1.33
711574,中光電元大61購12,0,,,,
711575,元太元大66購04,9100,0.91,0.91,0.91,0.91
711576,均豪元大61購03,24320,3.32,3.55,3.32,3.49
711577,青雲元大61購02,24980,2.32,2.32,2.16,2.16
711578,晟田元大61購03,0,,,,
711579,博智元大61購01,0,,,,
711580,群聯元大61購19,523360,1.59,1.66,1.58,1.58
711581,群聯元大63購05,1999650,1.07,1.13,1.07,1.09
711582,聖暉*元大61購03,1300,0.26,0.26,0.26,0.26
711583,營邦元大61購03,0,,,,
711584,雙鴻元大61購16,0,,,,
711585,雙鴻元大63購03,2843930,3.1,3.1,2.81,2.81
711586,千附精國泰62購02,0,,,,
711587,元太國泰62購01,94760,0.58,0.58,0.54,0.54
711588,泓格國泰62購01,0,,,,
711589,能率亞國泰62購01,35160,1.6,1.6,1.58,1.58
711590,晟田國泰62購01,0,,,,
711591,群聯國泰62購06,514750,2.09,2.14,2.01,2.01
711592,雙鴻國泰62購01,0,,,,
711593,禾瑞亞統一67購01,0,,,,
711594,長科*統一6C購01,31360,0.64,0.64,0.64,0.64
711595,群聯統一66購02,429310,0.53,0.53,0.52,0.52
711596,M31富邦63購02,629180,0.89,1.02,0.88,1.02
711597,久元富邦62購02,0,,,,
711598,立敦富邦63購02,0,,,,
711599,宏捷科富邦63購01,0,,,,
711600,威剛富邦61購01,73160,0.65,0.65,0.64,0.64
711601,茂達富邦63購03,0,,,,
711602,頎邦富邦62購01,19000,1.05,1.05,0.96,1.0
711603,頎邦富邦63購02,1669560,0.99,1.01,0.93,0.93
711604,中光電凱基61購06,0,,,,
711605,世禾凱基61購01,4080,0.34,0.34,0.34,0.34
711606,由田凱基61購01,688290,2.67,2.97,2.51,2.51
711607,宜鼎凱基65購01,646500,1.59,1.59,1.48,1.48
711608,長科*凱基64購01,0,,,,
711609,青雲凱基61購02,66640,1.38,1.38,1.23,1.23
711610,家登凱基61購03,115680,1.73,1.9,1.73,1.83
711611,博智凱基63購02,389770,2.29,2.35,2.04,2.04
711612,雙鴻凱基61購08,0,,,,
711613,世界台新61購03,418750,1.23,1.41,1.23,1.36
711614,台嘉碩台新61購04,12690,1.29,1.32,1.24,1.25
711615,巨漢台新61購04,0,,,,
711616,家登台新61購02,52480,1.74,1.92,1.74,1.92
711617,M31元大61購02,217190,1.7,1.86,1.7,1.78
711618,千附精元大61購03,295620,0.57,0.6,0.57,0.58
711619,元太元大66購05,359940,0.87,0.87,0.84,0.84
711620,世禾元大61購01,74340,0.39,0.42,0.39,0.41
711621,世界元大61購02,15820,1.4,1.47,1.4,1.47
711622,世界元大63購06,127850,0.89,0.98,0.89,0.98
711623,艾訊元大61購01,140660,0.56,0.57,0.56,0.56
711624,欣銓元大67購02,196430,1.73,1.92,1.73,1.9
711625,原相元大61購04,0,,,,
711626,家登元大61購06,324530,1.34,1.46,1.33,1.46
711627,家登元大65購01,793120,1.36,1.49,1.36,1.44
711628,陽程元大61購05,0,,,,
711629,臺慶科元大61購06,10200,1.02,1.02,1.02,1.02
711630,世界群益61購05,773780,3.94,4.44,3.94,4.34
711631,由田群益61購01,2608820,2.78,3.22,2.72,2.79
711632,泓格群益61購01,0,,,,
711633,群聯群益65購01,129060,4.21,4.31,4.07,4.07
711634,頎邦群益61購03,2523240,2.86,2.96,2.71,2.75
711635,世界國票61購05,331480,0.93,1.03,0.93,0.99
711636,由田國票61購01,1008110,2.57,2.94,2.5,2.52
711637,安勤國票65購01,0,,,,
711638,泓格國票61購01,10160,0.3,0.32,0.3,0.32
711639,威剛國票64購01,0,,,,
711640,茂訊國票65購02,85180,0.52,0.52,0.51,0.51
711641,茂綸國票65購01,285640,1.2,1.33,1.16,1.32
711642,神準國票65購01,0,,,,
711643,創惟國票65購01,0,,,,
711644,鈊象國票63購01,15150,1.01,1.01,1.01,1.01
711645,精確國票65購01,234290,0.67,0.67,0.64,0.64
711646,銳澤國票65購01,0,,,,
711647,家登富邦63購02,339150,0.89,0.98,0.88,0.96
711648,創惟富邦61購01,30740,0.58,0.58,0.58,0.58
711649,巨漢國泰62購01,0,,,,
711650,威剛國泰62購02,62640,2.16,2.16,2.16,2.16
711651,家登國泰62購02,47660,1.56,1.56,1.49,1.49
711652,順達國泰62購01,39600,1.2,1.2,1.2,1.2
711653,勤凱國泰62購01,18050,1.21,1.21,1.19,1.19
711654,由田統一67購01,180830,0.83,0.93,0.82,0.86
711655,由田統一6C購01,18960,0.82,0.92,0.82,0.92
711656,立碁統一67購02,448340,1.04,1.05,1.04,1.05
711657,立碁統一69購01,46200,1.1,1.1,1.1,1.1
711658,聖暉*統一69購01,0,,,,
711659,群聯中信61購03,30210,0.57,0.57,0.57,0.57
711660,力領永豐61購01,0,,,,
711661,天品永豐64購01,117790,0.84,0.85,0.84,0.85
711662,世紀*永豐61購02,26510,5.0,6.7,4.9,6.7
711663,巨有永豐64購01,152870,2.55,2.55,2.27,2.27
711664,禾瑞亞永豐61購01,0,,,,
711665,禾瑞亞永豐64購01,0,,,,
711666,艾訊永豐61購02,80330,0.52,0.53,0.52,0.53
711667,亞信永豐61購01,54400,0.59,0.6,0.59,0.59
711668,朋程永豐61購01,5110,0.73,0.73,0.73,0.73
711669,昱展永豐64購01,0,,,,
711670,原相永豐61購04,0,,,,
711671,家登永豐61購05,92130,2.85,3.06,2.85,2.97
711672,振曜永豐64購01,2450,0.49,0.49,0.49,0.49
711673,博士旺永豐67購01,5160,0.86,0.86,0.86,0.86
711674,博智永豐61購03,0,,,,
711675,順達永豐61購03,0,,,,
711676,順達永豐67購02,5850,1.95,1.95,1.95,1.95
711677,聖暉*永豐61購02,0,,,,
711678,中光電台新61購06,0,,,,
711679,系微台新61購01,0,,,,
711680,高技台新61購01,38980,1.22,1.22,1.19,1.19
711681,高技台新61購02,34190,1.18,1.18,1.15,1.15
711682,博智台新61購01,0,,,,
711683,群聯台新61購05,22600,0.86,0.91,0.86,0.91
711684,群聯台新61購06,7800,0.78,0.78,0.78,0.78
711685,雙鴻台新61購01,0,,,,
711686,雙鴻台新61購02,0,,,,
711687,世界凱基61購04,124350,0.56,0.68,0.56,0.59
711688,安勤凱基63購01,0,,,,
711689,宜鼎凱基65購02,21680,1.09,1.09,1.06,1.06
711690,翔名凱基61購03,0,,,,
711691,鈊象凱基61購04,45450,1.01,1.01,1.01,1.01
711692,中光電元大64購01,0,,,,
711693,世界元大61購03,185540,1.14,1.25,1.14,1.25
711694,世界元大61購04,150650,0.61,0.67,0.61,0.67
711695,世界元大63購07,408750,0.34,0.38,0.34,0.35
711696,欣銓元大67購03,629640,1.11,1.24,1.11,1.2
711697,泓格元大61購01,0,,,,
711698,家登元大61購07,555800,1.02,1.04,1.0,1.04
711699,家登元大61購08,493280,1.12,1.21,1.11,1.2
711700,家登元大65購02,161280,0.82,0.89,0.82,0.88
711701,高技元大61購01,54660,1.1,1.11,1.06,1.06
711702,博智元大61購02,0,,,,
711703,群聯元大64購09,586210,1.8,1.86,1.79,1.86
711704,頎邦元大61購05,610,0.61,0.61,0.61,0.61
711705,巨漢國票61購02,0,,,,
711706,巨漢國票61購03,0,,,,
711707,宏捷科國票64購01,0,,,,
711708,宜特國票63購01,0,,,,
711709,高技國票65購01,29900,1.01,1.01,0.9,0.9
711710,世界群益61購06,475200,4.24,4.87,4.24,4.68
711711,欣銓群益61購02,94770,1.12,1.29,1.12,1.27
711712,威剛群益63購01,3289950,2.98,2.99,2.94,2.94
711713,高技群益61購01,43200,0.75,0.75,0.69,0.69
711714,鈊象群益61購03,488150,0.93,0.95,0.93,0.94
711715,群聯群益65購02,43160,1.93,2.01,1.93,2.01
711716,頎邦群益61購04,468200,1.43,1.49,1.37,1.38
711717,磐儀群益61購01,0,,,,
711718,營邦群益61購01,2245220,2.4,2.66,2.39,2.43
711719,雙鴻群益61購04,76900,3.75,3.94,3.75,3.94
711720,宜鼎中信61購04,34400,0.58,0.58,0.57,0.57
711721,威剛中信61購02,102000,0.51,0.51,0.51,0.51
711722,中光電永豐61購06,0,,,,
711723,元太永豐61購06,0,,,,
711724,永信建永豐65購01,16720,0.44,0.44,0.44,0.44
711725,由田永豐61購01,1909790,1.53,1.76,1.5,1.51
711726,岳豐永豐64購01,2100,0.21,0.21,0.21,0.21
711727,原相永豐61購05,0,,,,
711728,順達永豐61購04,0,,,,
711729,順達永豐61購05,0,,,,
711730,群翊永豐61購02,5400,0.9,0.9,0.9,0.9
711731,群聯永豐67購04,0,,,,
711732,精華永豐61購01,0,,,,
711733,臺慶科永豐61購01,20460,0.93,0.93,0.93,0.93
711734,倉和國泰63購01,0,,,,
711735,原相國泰62購01,9800,0.98,0.98,0.98,0.98
711736,雙鴻國泰62購02,0,,,,
711737,由田統一65購01,671210,0.95,1.14,0.95,0.98
711738,宏捷科統一65購01,583830,0.39,0.39,0.39,0.39
711739,長科*統一65購01,85760,0.67,0.67,0.67,0.67
711740,茂訊統一65購01,80200,0.47,0.49,0.47,0.48
711741,高技統一67購01,0,,,,
711742,高技統一69購01,0,,,,
711743,高技統一6C購01,0,,,,
711744,博智統一65購02,95700,0.66,0.66,0.66,0.66
711745,聖暉*統一65購04,0,,,,
711746,家登台新61購03,85330,1.15,1.28,1.15,1.28
711747,敘豐台新61購01,0,,,,
711748,博士旺台新61購02,1100,1.1,1.1,1.1,1.1
711749,群聯台新61購08,12000,5.95,6.05,5.95,6.05
711750,群聯台新63購01,63200,5.1,5.3,5.1,5.3
711751,群聯台新64購01,423000,5.3,5.45,5.2,5.25
711752,雙鴻台新61購03,576000,14.4,14.4,14.4,14.4
711753,雙鴻台新63購01,150700,13.7,13.7,13.7,13.7
711754,中光電凱基61購07,0,,,,
711755,艾訊凱基61購01,0,,,,
711756,威剛凱基61購07,14980,2.14,2.14,2.14,2.14
711757,家登凱基61購04,76180,1.04,1.04,1.01,1.01
711758,高技凱基61購01,0,,,,
711759,博智凱基61購02,71400,1.19,1.19,1.19,1.19
711760,群聯凱基61購12,146510,1.48,1.53,1.47,1.53
711761,磐儀凱基61購01,0,,,,
711762,雙鴻凱基61購09,97060,4.22,4.22,4.22,4.22
711763,中光電國票61購03,0,,,,
711764,天正國票68購01,0,,,,
711765,好德國票61購01,0,,,,
711766,系微國票65購01,620,0.62,0.62,0.62,0.62
711767,振發國票65購01,0,,,,
711768,富喬國票61購02,0,,,,
711769,富喬國票63購01,9500,4.75,4.75,4.75,4.75
711770,達航國票65購01,3400,0.68,0.68,0.68,0.68
711771,蜜望實國票61購01,4320,0.54,0.54,0.54,0.54
711772,世禾群益61購01,71000,0.71,0.71,0.71,0.71
711773,世禾群益61購02,0,,,,
711774,東浦群益61購03,0,,,,
711775,家登群益63購03,586650,1.07,1.21,1.07,1.14
711776,神準群益61購01,19500,0.65,0.65,0.65,0.65
711777,博士旺群益61購01,0,,,,
711778,臺慶科群益61購02,0,,,,
711779,蜜望實群益61購01,0,,,,
711780,磐儀群益61購02,0,,,,
711781,磐儀群益61購03,0,,,,
711782,元太元大65購04,277450,0.65,0.65,0.64,0.64
711783,立碁元大61購01,227800,2.01,2.04,1.93,1.97
711784,艾訊元大61購02,0,,,,
711785,泓格元大61購02,85120,0.38,0.38,0.38,0.38
711786,博智元大61購03,27160,1.42,1.44,1.42,1.44
711787,群聯元大64購10,900900,1.93,2.01,1.93,1.94
711788,頎邦元大64購01,0,,,,
711789,蜜望實元大61購01,77140,1.11,1.11,1.1,1.1
711790,磐儀元大61購01,0,,,,
711791,營邦元大61購04,311930,1.3,1.41,1.3,1.38
711792,大學光永豐61購01,0,,,,
711793,立碁永豐61購02,91120,2.21,2.23,2.2,2.2
711794,全宇昕永豐61購02,32300,0.97,0.99,0.97,0.98
711795,伯特光永豐61購01,250680,0.93,0.94,0.9,0.9
711796,宏碁資永豐61購01,541060,0.76,0.76,0.7,0.72
711797,宜鼎永豐61購04,50150,0.85,0.85,0.85,0.85
711798,泓格永豐64購01,10750,0.43,0.43,0.43,0.43
711799,能率永豐61購01,0,,,,
711800,高技永豐61購01,90800,0.84,0.84,0.76,0.76
711801,高技永豐61購02,7500,0.75,0.75,0.75,0.75
711802,高技永豐63購01,59400,0.9,0.9,0.9,0.9
711803,高技永豐67購01,0,,,,
711804,高鋒永豐61購01,840,0.84,0.84,0.84,0.84
711805,凱崴永豐61購02,1110,1.11,1.11,1.11,1.11
711806,富喬永豐61購04,0,,,,
711807,崴寶永豐64購01,0,,,,
711808,華電網永豐61購02,11650,0.78,0.78,0.77,0.77
711809,聖暉*永豐64購02,0,,,,
711810,僑威永豐61購01,0,,,,
711811,蜜望實永豐61購02,17160,0.53,0.53,0.5,0.5
711812,蜜望實永豐61購03,14080,0.64,0.64,0.64,0.64
711813,艾訊國泰63購01,4850,0.97,0.97,0.97,0.97
711814,泓格國泰63購01,94350,0.51,0.51,0.51,0.51
711815,頎邦國泰63購01,276440,1.64,1.64,1.54,1.54
711816,頎邦國泰63購02,5258460,1.98,2.06,1.94,1.95
711817,巨漢富邦63購01,61560,0.27,0.27,0.26,0.26
711818,安勤富邦63購01,0,,,,
711819,宜鼎富邦67購01,9660,0.69,0.69,0.69,0.69
711820,富喬富邦67購01,0,,,,
711821,蜜望實富邦63購01,100360,0.47,0.48,0.41,0.42
711822,艾訊統一6C購01,8800,0.44,0.44,0.44,0.44
711823,泓格統一6B購01,46440,0.43,0.43,0.43,0.43
711824,茂達統一65購04,0,,,,
711825,振發統一6C購01,0,,,,
711826,蜜望實統一65購01,77610,0.39,0.39,0.39,0.39
711827,蜜望實統一6B購01,0,,,,
711828,蜜望實統一6C購01,5580,0.62,0.62,0.62,0.62
711829,泓格群益61購02,9700,0.8,0.85,0.8,0.85
711830,泓格群益61購03,0,,,,
711831,元債20國票61購01,0,,,,
711832,天品國票61購02,265080,0.89,1.02,0.89,0.97
711833,天品國票63購01,693910,0.74,0.86,0.74,0.81
711834,方土昶國票65購01,8720,0.73,0.73,0.72,0.72
711835,宏碁資國票65購01,31200,0.8,0.8,0.76,0.76
711836,倚強國票61購01,44210,1.64,1.64,1.63,1.63
711837,智通*國票61購03,0,,,,
711838,雙鴻國票66購01,16560,2.07,2.07,2.07,2.07
711839,穩得國票61購01,16600,1.12,1.12,1.08,1.08
711840,中光電中信61購01,0,,,,
711841,大世科永豐61購01,0,,,,
711842,中美晶永豐64購03,0,,,,
711843,友輝永豐61購01,0,,,,
711844,安勤永豐61購01,0,,,,
711845,岱稜永豐61購01,0,,,,
711846,東洋永豐61購01,6800,0.68,0.68,0.68,0.68
711847,統振永豐61購01,0,,,,
711848,智擎永豐61購01,0,,,,
711849,頎邦永豐63購01,141350,1.91,1.95,1.82,1.82
711850,銳澤永豐61購01,0,,,,
711851,雙鴻永豐61購06,21280,3.04,3.04,3.04,3.04
711852,中美晶元大63購04,0,,,,
711853,中美晶元大67購01,0,,,,
711854,安勤元大61購01,0,,,,
711855,艾訊元大61購03,378770,0.61,0.62,0.61,0.62
711856,欣銓元大65購01,270290,1.49,1.6,1.49,1.6
711857,泓格元大67購01,375900,0.79,0.8,0.79,0.8
711858,晟田元大61購04,0,,,,
711859,順達元大63購02,142490,1.32,1.32,1.25,1.25
711860,群聯元大64購11,179960,1.36,1.4,1.36,1.4
711861,廣積元大61購01,0,,,,
711862,雙鴻元大61購17,0,,,,
711863,雙鴻元大61購18,1587270,2.24,2.24,1.97,2.16
711864,雙鴻元大63購04,810740,1.31,1.32,1.16,1.3
711865,中美晶台新65購01,4100,0.82,0.82,0.82,0.82
711866,智通*台新61購01,0,,,,
711867,群聯台新61購09,54520,1.98,2.08,1.98,2.08
711868,頎邦台新61購07,71970,3.12,3.25,3.09,3.25
711869,蜜望實台新61購01,159740,1.21,1.31,1.14,1.15
711870,廣積台新61購01,19720,1.16,1.16,1.16,1.16
711871,中美晶凱基61購11,0,,,,
711872,中美晶凱基63購02,0,,,,
711873,元太凱基66購01,90780,0.89,0.89,0.89,0.89
711874,立碁凱基61購01,977230,1.41,1.41,1.39,1.39
711875,宜鼎凱基61購06,41900,0.94,0.94,0.91,0.91
711876,宜鼎凱基63購01,0,,,,
711877,富喬凱基61購07,0,,,,
711878,頎邦凱基61購06,87600,2.92,2.92,2.92,2.92
711879,蜜望實凱基61購01,146600,0.86,0.86,0.74,0.74
711880,營邦凱基61購04,791400,3.08,3.22,3.08,3.12
711881,雙鴻凱基63購04,3017000,2.99,3.04,2.99,3.01
711882,中光電國泰63購01,24790,0.67,0.67,0.67,0.67
711883,立碁國泰63購01,41020,3.24,3.24,3.13,3.13
711884,博智國泰63購01,0,,,,
711885,富喬國泰63購01,0,,,,
711886,富喬國泰63購02,0,,,,
711887,智通*國泰63購01,81870,1.03,1.04,1.03,1.04
711888,廣積國泰63購01,4740,1.58,1.58,1.58,1.58
711889,中美晶富邦63購02,235920,0.76,0.76,0.72,0.72
711890,中美晶富邦67購01,0,,,,
711891,中美晶富邦77購01,0,,,,
711892,世界富邦61購04,52250,0.49,0.54,0.49,0.53
711893,世界富邦67購01,119600,0.65,0.65,0.65,0.65
711894,高技富邦63購01,19200,0.64,0.64,0.64,0.64
711895,昱展統一67購01,26500,0.53,0.53,0.53,0.53
711896,高技統一67購02,15600,0.65,0.65,0.65,0.65
711897,蜜望實統一67購01,28080,0.54,0.54,0.54,0.54
711898,磐儀統一67購01,0,,,,
711899,中美晶群益61購03,0,,,,
711900,元太群益61購01,520150,1.05,1.05,0.94,0.94
711901,高技群益61購02,0,,,,
711902,廣積群益61購01,89910,0.81,0.81,0.81,0.81
711903,廣積群益63購01,89640,0.83,0.83,0.83,0.83
711904,雙鴻群益61購05,126290,3.05,3.09,3.05,3.09
711905,中光電凱基61購08,34800,0.58,0.58,0.58,0.58
711906,中美晶凱基61購12,0,,,,
711907,立碁凱基61購02,332860,1.64,1.64,1.62,1.62
711908,艾訊凱基61購02,50700,0.49,0.51,0.49,0.51
711909,欣銓凱基65購01,1034890,1.52,1.69,1.49,1.55
711910,泓格凱基61購02,15100,0.72,0.79,0.72,0.79
711911,威剛凱基63購01,79870,1.19,1.19,1.16,1.16
711912,振發凱基61購01,49760,1.78,1.88,1.78,1.88
711913,智通*凱基61購05,0,,,,
711914,順達凱基63購02,7100,1.42,1.42,1.42,1.42
711915,群聯凱基61購13,106230,1.48,1.48,1.45,1.45
711916,M31台新67購01,36800,1.83,2.06,1.83,2.06
711917,世界台新61購04,196070,1.56,1.64,1.56,1.6
711918,群聯台新67購05,33400,3.34,3.34,3.34,3.34
711919,群聯台新67購06,0,,,,
711920,M31元大61購03,76100,1.41,1.41,1.37,1.37
711921,中美晶元大61購10,0,,,,
711922,中美晶元大67購02,1590,0.53,0.53,0.53,0.53
711923,立碁元大61購02,545530,1.61,1.61,1.54,1.56
711924,宜鼎元大61購11,435490,1.07,1.07,1.07,1.07
711925,泓格元大61購03,184180,0.65,0.65,0.64,0.65
711926,威剛元大61購07,267880,1.78,1.78,1.73,1.73
711927,鈊象元大61購02,370350,1.04,1.1,1.04,1.1
711928,群聯元大61購21,214750,1.35,1.38,1.35,1.36
711929,群聯元大63購06,83780,1.24,1.27,1.24,1.26
711930,中美晶永豐64購04,28300,1.42,1.43,1.35,1.35
711931,世界永豐64購01,1202620,1.61,1.61,1.49,1.49
711932,宜鼎永豐61購05,930,0.93,0.93,0.93,0.93
711933,宜鼎永豐63購03,191100,1.05,1.05,1.05,1.05
711934,鈊象永豐61購02,62250,1.05,1.08,1.05,1.08
711935,廣積永豐61購02,191560,0.82,0.84,0.82,0.84
711936,加高國票65購01,0,,,,
711937,立碁國票64購01,14900,1.49,1.49,1.49,1.49
711938,泓格國票61購02,187460,0.71,0.72,0.71,0.72
711939,茂迪國票64購01,0,,,,
711940,陽程國票61購03,0,,,,
711941,頎邦國票63購01,6346670,2.16,2.16,2.0,2.02
711942,廣積國票67購01,180500,0.7,0.71,0.7,0.71
711943,磐儀國票66購01,0,,,,
711944,晟田國泰63購01,0,,,,
711945,立碁富邦61購03,184450,0.88,0.9,0.85,0.85
711946,威剛富邦64購02,202660,0.57,0.57,0.56,0.56
711947,頎邦統一6A購01,553090,1.14,1.16,1.11,1.11
711948,中光電群益62購01,0,,,,
711949,正德國票62購01,1010,1.01,1.01,1.01,1.01
711950,威剛國票62購03,1370,1.37,1.37,1.37,1.37
711951,美達國票62購01,51000,0.85,0.85,0.85,0.85
711952,森鉅國票67購01,0,,,,
711953,群聯國票62購02,11430,1.27,1.27,1.27,1.27
711954,世界中信62購01,102990,0.38,0.47,0.38,0.47
711955,宜鼎永豐63購04,128000,1.6,1.6,1.6,1.6
711956,富喬永豐62購01,0,,,,
711957,富喬永豐63購01,0,,,,
711958,台嘉碩國泰63購01,10740,1.79,1.79,1.79,1.79
711959,宜鼎國泰63購01,0,,,,
711960,群聯國泰65購01,11780,2.35,2.37,2.34,2.34
711961,群聯富邦63購04,12700,1.27,1.27,1.27,1.27
711962,群聯富邦63購05,72740,1.23,1.27,1.23,1.27
711963,群聯富邦63購06,207000,1.29,1.32,1.29,1.32
711964,頎邦富邦63購03,0,,,,
711965,雙鴻富邦63購03,0,,,,
711966,雙鴻富邦63購04,0,,,,
711967,M31台新62購02,0,,,,
711968,頎邦台新62購01,0,,,,
711969,元太凱基65購01,102610,1.01,1.01,0.95,0.96
711970,宜鼎凱基62購01,0,,,,
711971,威剛凱基63購02,92880,2.16,2.16,2.16,2.16
711972,高技凱基62購01,81800,2.03,2.05,2.03,2.05
711973,富喬凱基62購02,0,,,,
711974,群聯凱基62購01,93930,3.03,3.03,3.03,3.03
711975,頎邦凱基63購02,4020,4.02,4.02,4.02,4.02
711976,廣積凱基62購01,0,,,,
711977,磐儀凱基62購01,0,,,,
711978,雙鴻凱基62購01,298400,7.25,7.25,6.55,6.55
711979,M31元大62購01,153580,1.24,1.34,1.24,1.34
711980,M31元大65購01,531770,0.94,1.03,0.94,0.98
711981,巨漢元大62購01,2160,1.08,1.08,1.08,1.08
711982,良維元大62購01,352980,1.78,1.94,1.78,1.88
711983,威剛元大62購03,285280,1.99,2.0,1.93,1.93
711984,博智元大62購01,0,,,,
711985,富喬元大67購01,0,,,,
711986,鈊象元大62購05,445110,0.86,0.89,0.86,0.89
711987,鈊象元大62購06,317730,1.51,1.54,1.51,1.54
711988,群聯元大62購04,193370,1.91,1.97,1.89,1.91
711989,中光電永豐63購01,67110,1.27,1.27,1.25,1.27
711990,家登永豐63購01,0,,,,
711991,富喬永豐65購02,390040,4.48,4.48,4.37,4.37
711992,富喬永豐68購02,0,,,,
711993,群聯永豐64購10,84160,1.61,1.65,1.61,1.65
711994,新應材群益62購01,774930,1.16,1.23,1.16,1.21
711995,中美晶台新62購01,53500,1.07,1.07,1.07,1.07
711996,宜鼎台新62購02,0,,,,
711997,欣銓台新62購01,131650,3.01,3.48,3.01,3.4
711998,威剛台新62購02,11430,1.27,1.27,1.27,1.27
711999,倉和台新68購01,0,,,,
712000,臺慶科台新62購01,49600,1.6,1.6,1.6,1.6
712001,中光電凱基63購01,0,,,,
712002,中美晶凱基63購04,0,,,,
712003,巨漢凱基63購01,0,,,,
712004,良維凱基63購01,197770,2.68,2.91,2.65,2.65
712005,博智凱基63購03,4740,2.37,2.37,2.37,2.37
712006,順達凱基63購03,76750,2.25,2.25,2.09,2.09
712007,鈊象凱基64購03,847280,2.1,2.16,2.06,2.11
712008,群聯凱基63購04,0,,,,
712009,群聯凱基64購05,81690,3.54,3.61,3.53,3.53
712010,元太國票64購01,0,,,,
712011,世紀*國票66購01,213880,4.55,4.55,4.44,4.44
712012,光焱國票66購01,35220,0.74,0.75,0.72,0.74
712013,光焱國票68購01,125950,1.21,1.21,1.19,1.19
712014,沛亨國票66購01,190260,2.67,2.87,2.67,2.77
712015,宜鼎國票68購01,0,,,,
712016,順達國票65購02,196420,1.57,1.57,1.46,1.46
712017,臺慶科國票64購01,85490,1.17,1.19,1.13,1.13
712018,譜瑞國票66購01,0,,,,
712019,中美晶元大64購03,5280,0.66,0.66,0.66,0.66
712020,均華元大64購01,409840,2.71,2.91,2.55,2.55
712021,均豪元大64購03,92970,1.28,1.35,1.26,1.26
712022,系統電元大64購01,0,,,,
712023,良維元大63購02,0,,,,
712024,良維元大64購01,170310,1.43,1.54,1.43,1.52
712025,宜鼎元大64購01,191990,1.2,1.2,1.19,1.19
712026,陽程元大64購01,0,,,,
712027,鈊象元大63購06,286330,1.25,1.32,1.25,1.32
712028,鈊象元大63購07,293010,0.93,0.97,0.93,0.97
712029,鈊象元大64購03,6600,0.66,0.66,0.66,0.66
712030,新應材元大63購01,124630,1.77,1.83,1.77,1.83
712031,新應材元大63購02,150110,1.64,1.72,1.64,1.72
712032,新應材元大63購03,3580,1.79,1.79,1.79,1.79
712033,新應材元大64購01,92840,1.75,1.81,1.75,1.81
712034,群聯元大63購07,113750,1.95,2.0,1.94,2.0
712035,群聯元大63購08,630880,2.34,2.41,2.33,2.34
712036,群聯元大64購12,282080,1.38,1.38,1.37,1.37
712037,威剛國泰63購01,0,,,,
712038,聖暉*國泰63購01,64520,0.82,0.82,0.78,0.78
712039,M31富邦65購01,200420,0.75,0.84,0.75,0.84
712040,群聯富邦64購02,0,,,,
712041,台特化國票67購01,0,,,,
712042,艾訊國票67購01,44080,0.92,0.92,0.91,0.92
712043,宏捷科國票69購01,8200,0.82,0.82,0.82,0.82
712044,高技國票65購02,267290,1.53,1.53,1.49,1.5
712045,博磊國票66購01,3870,0.77,0.78,0.77,0.78
712046,竑騰群益62購01,61920,2.24,2.24,2.16,2.16
712047,順達群益62購01,0,,,,
712048,新應材群益62購02,0,,,,
712049,聖暉*群益62購01,0,,,,
712050,營邦群益62購01,0,,,,
712051,營邦群益62購02,0,,,,
712052,中光電元大64購02,6720,0.48,0.48,0.48,0.48
712053,宜鼎元大63購05,403700,1.36,1.36,1.28,1.28
712054,宜鼎元大64購02,2220,1.11,1.11,1.11,1.11
712055,威剛元大63購01,355410,1.68,1.68,1.62,1.62
712056,威剛元大64購02,25820,1.43,1.44,1.43,1.44
712057,倉和元大63購01,1105000,7.4,7.45,7.1,7.1
712058,高技元大63購01,16590,2.37,2.37,2.37,2.37
712059,富喬元大63購02,0,,,,
712060,智通*元大63購03,0,,,,
712061,智通*元大64購01,112670,1.68,1.72,1.67,1.72
712062,群聯元大63購09,398560,1.83,1.91,1.79,1.79
712063,蜜望實元大63購01,297780,0.76,0.79,0.75,0.75
712064,廣穎元大63購01,92130,0.71,0.71,0.7,0.7
712065,雙鴻元大63購05,0,,,,
712066,雙鴻元大63購06,0,,,,
712067,雙鴻元大64購03,2888140,1.88,1.92,1.72,1.89
712068,均華國泰63購01,23900,4.78,4.78,4.78,4.78
712069,家登國泰63購01,0,,,,
712070,順達國泰63購01,0,,,,
712071,順達國泰63購02,206960,1.9,1.9,1.87,1.87
712072,鈊象國泰63購01,43750,1.25,1.25,1.25,1.25
712073,新應材國泰63購01,54020,2.16,2.2,2.15,2.2
712074,營邦國泰63購01,49400,4.94,4.94,4.94,4.94
712075,新應材中信62購01,100250,0.73,0.8,0.73,0.8
712076,竑騰永豐63購01,37700,1.52,1.52,1.46,1.46
712077,博磊永豐63購01,254650,1.08,1.09,1.01,1.01
712078,順達永豐63購01,0,,,,
712079,新應材永豐68購01,0,,,,
712080,新應材永豐68購02,228180,0.78,0.79,0.78,0.79
712081,新應材永豐68購03,0,,,,
712082,群聯永豐64購11,0,,,,
712083,均華凱基64購01,646020,3.25,3.48,3.24,3.24
712084,沛亨凱基63購01,840880,4.21,4.21,3.84,4.1
712085,宜鼎凱基68購01,1064260,2.12,2.12,1.98,1.98
712086,新應材凱基63購01,68500,1.37,1.37,1.37,1.37
712087,新應材凱基63購02,91780,1.82,1.88,1.82,1.88
712088,新應材凱基63購03,0,,,,
712089,新應材凱基64購01,839080,1.82,1.89,1.8,1.89
712090,群聯凱基63購05,49640,3.55,3.55,3.52,3.52
712091,臺慶科凱基63購02,70420,2.1,2.1,2.03,2.03
712092,雙鴻凱基63購05,42210,4.69,4.69,4.69,4.69
712093,譜瑞凱基63購01,907380,1.38,1.5,1.38,1.46
712094,世界台新65購01,1371130,2.27,2.49,2.27,2.49
712095,巨漢台新62購01,3510300,1.71,1.81,1.71,1.71
712096,均華台新62購01,0,,,,
712097,均華台新62購02,0,,,,
712098,宜鼎台新62購03,0,,,,
712099,竑騰台新62購01,0,,,,
712100,家登台新62購02,0,,,,
712101,國眾台新65購01,0,,,,
712102,博磊台新62購01,226900,1.14,1.18,1.09,1.1
712103,群聯台新68購01,16100,3.22,3.22,3.22,3.22
712104,聚和台新62購01,0,,,,
712105,營邦台新62購01,0,,,,
712106,營邦台新62購02,6580,3.29,3.29,3.29,3.29
712107,營邦台新65購01,32360,3.44,3.64,3.44,3.64
712108,均華富邦63購01,0,,,,
712109,宜鼎富邦62購01,129870,0.9,0.9,0.87,0.87
712110,家登富邦64購01,0,,,,
712111,家登富邦64購02,0,,,,
712112,順達富邦63購02,132740,1.11,1.11,1.03,1.03
712113,新應材富邦63購03,139460,0.8,0.83,0.8,0.83
712114,新應材富邦64購01,170760,0.72,0.76,0.72,0.76
712115,營邦富邦64購01,0,,,,
712116,新應材統一71購01,16400,0.78,0.8,0.78,0.8
712117,新應材統一71購02,15200,0.76,0.76,0.76,0.76
712118,群聯統一6A購01,94610,1.02,1.03,1.01,1.01
712119,世禾國票66購01,7560,0.84,0.84,0.84,0.84
712120,系統電國票67購01,0,,,,
712121,系微國票65購02,1640,0.82,0.82,0.82,0.82
712122,松上國票65購01,0,,,,
712123,前鼎國票65購01,0,,,,
712124,能率國票65購01,0,,,,
712125,華景電國票65購02,4280,1.07,1.07,1.07,1.07
712126,順達國票67購01,0,,,,
712127,廣穎國票65購02,0,,,,
712128,中美晶台新65購02,0,,,,
712129,宜鼎台新62購04,3100,1.55,1.55,1.55,1.55
712130,新應材台新62購01,89530,1.31,1.32,1.31,1.32
712131,新應材台新62購02,12940,2.11,2.21,2.11,2.21
712132,中光電元大64購03,0,,,,
712133,中美晶元大64購04,367270,1.63,1.63,1.58,1.58
712134,台特化元大64購01,0,,,,
712135,富喬元大64購05,0,,,,
712136,廣積元大63購04,7590,2.53,2.53,2.53,2.53
712137,營邦元大64購01,0,,,,
712138,中美晶中信62購01,76340,0.76,0.8,0.76,0.78
712139,富喬中信64購01,36560,2.34,2.34,2.23,2.23
712140,中光電永豐63購02,0,,,,
712141,系統電永豐64購02,10700,1.07,1.07,1.07,1.07
712142,宜鼎永豐63購05,89110,1.33,1.33,1.33,1.33
712143,宜鼎永豐64購03,0,,,,
712144,宜鼎永豐65購02,100100,1.1,1.1,1.1,1.1
712145,倉和永豐63購01,0,,,,
712146,耕興永豐63購01,0,,,,
712147,晟德永豐63購01,0,,,,
712148,頎邦永豐63購02,2933340,2.9,3.01,2.84,2.86
712149,雙鴻永豐63購04,134710,3.21,3.31,3.21,3.31
712150,雙鴻永豐64購04,524360,3.48,3.5,3.32,3.4
712151,M31群益62購01,674580,0.68,0.79,0.68,0.79
712152,世界群益62購03,1311240,1.95,2.3,1.95,2.15
712153,均華群益68購01,3148320,3.83,3.93,3.7,3.7
712154,宜特群益62購01,51900,1.3,1.3,1.29,1.29
712155,家登群益62購01,224530,3.1,3.29,3.1,3.29
712156,博智群益63購02,0,,,,
712157,群聯群益64購02,115270,3.56,3.61,3.56,3.61
712158,頎邦群益62購01,0,,,,
712159,雙鴻群益64購01,729550,6.25,6.45,6.0,6.45
712160,中美晶凱基63購05,97170,2.37,2.37,2.37,2.37
712161,宏捷科凱基67購01,80040,1.16,1.16,1.16,1.16
712162,系統電凱基64購01,0,,,,
712163,宜鼎凱基63購02,0,,,,
712164,威剛凱基64購02,38640,1.38,1.38,1.38,1.38
712165,倉和凱基63購01,7450,7.45,7.45,7.45,7.45
712166,智通*凱基63購01,0,,,,
712167,群聯凱基63購06,7980,1.14,1.14,1.14,1.14
712168,蜜望實凱基63購01,24640,1.12,1.12,1.12,1.12
712169,營邦凱基63購01,241530,4.41,4.73,4.41,4.73
712170,雙鴻凱基63購06,42750,4.75,4.75,4.75,4.75
712171,巨漢富邦63購02,1050,0.54,0.54,0.51,0.51
712172,博智富邦63購02,14850,0.99,0.99,0.99,0.99
712173,頎邦富邦64購02,0,,,,
712174,中美晶國泰63購03,183470,2.06,2.1,1.99,1.99
712175,巨漢國泰63購01,0,,,,
712176,頎邦國泰63購03,0,,,,
712177,雙鴻國泰63購02,917270,5.05,5.2,4.79,5.2
712178,元太統一6A購01,0,,,,
712179,富喬統一6A購01,0,,,,
712180,中光電元大64購04,0,,,,
712181,弘塑元大63購03,4500,0.9,0.9,0.9,0.9
712182,弘塑元大64購02,141530,1.06,1.09,1.06,1.09
712183,艾訊元大63購01,39900,1.14,1.14,1.14,1.14
712184,威剛元大63購04,305630,1.49,1.5,1.46,1.46
712185,威剛元大64購03,47000,1.0,1.0,1.0,1.0
712186,博智元大64購01,0,,,,
712187,萬潤元大63購01,651600,1.11,1.16,1.05,1.05
712188,中光電台新65購01,4440,1.11,1.11,1.11,1.11
712189,中美晶台新65購03,19680,1.2,1.2,1.14,1.14
712190,均華台新62購03,32640,2.72,2.72,2.72,2.72
712191,欣銓台新62購02,0,,,,
712192,威剛台新65購01,26670,0.93,0.93,0.9,0.9
712193,威剛台新68購01,11070,1.23,1.23,1.23,1.23
712194,家登台新62購03,8080,2.02,2.02,2.02,2.02
712195,家登台新65購01,39630,1.48,1.57,1.48,1.55
712196,萬潤台新62購01,0,,,,
712197,萬潤台新62購02,9550,1.91,1.91,1.91,1.91
712198,萬潤台新62購03,528800,2.35,2.37,2.17,2.17
712199,萬潤台新65購01,1366100,1.81,1.89,1.71,1.71
712200,萬潤台新68購01,3246490,2.11,2.21,2.05,2.05
712201,世禾凱基66購01,7680,0.64,0.64,0.64,0.64
712202,世界凱基63購04,220650,0.84,0.97,0.84,0.95
712203,台特化凱基63購02,14580,1.62,1.62,1.62,1.62
712204,宜特凱基63購01,5200,0.52,0.52,0.52,0.52
712205,高技凱基63購01,28030,0.97,0.97,0.95,0.95
712206,博智凱基63購04,0,,,,
712207,智通*凱基63購02,0,,,,
712208,新應材凱基63購05,0,,,,
712209,廣積凱基63購01,101500,1.25,1.3,1.25,1.3
712210,廣穎凱基63購01,0,,,,
712211,富喬中信64購02,52880,1.96,1.96,1.74,1.74
712212,中美晶永豐64購05,212650,1.05,1.1,1.05,1.1
712213,天正永豐65購01,0,,,,
712214,朋億*永豐63購01,225730,0.95,0.96,0.94,0.94
712215,金山電永豐65購01,26980,0.79,0.8,0.79,0.79
712216,家登永豐63購02,0,,,,
712217,港建*永豐64購01,0,,,,
712218,萬潤永豐65購01,576870,1.12,1.14,1.07,1.07
712219,萬潤永豐66購01,0,,,,
712220,萬潤永豐68購01,899320,1.64,1.7,1.64,1.66
712221,德昌永豐65購01,31000,0.62,0.62,0.62,0.62
712222,營邦永豐63購01,0,,,,
712223,久元國票66購01,0,,,,
712224,互動國票66購01,2760,0.69,0.69,0.69,0.69
712225,朋億*國票66購01,780,0.78,0.78,0.78,0.78
712226,金山電國票65購01,35520,0.74,0.74,0.74,0.74
712227,金山電國票67購01,19360,0.88,0.88,0.88,0.88
712228,家登國票63購01,37570,2.89,2.89,2.89,2.89
712229,高技國票66購01,2200,1.11,1.11,1.09,1.09
712230,凱崴國票65購01,0,,,,
712231,博磊國票68購01,0,,,,
712232,港建*國票63購01,0,,,,
712233,瑞穎國票63購01,0,,,,
712234,萬潤國票66購01,558300,0.91,0.94,0.86,0.86
712235,萬潤國票68購01,174500,0.99,1.01,0.98,1.0
712236,中美晶富邦62購02,42070,0.86,0.91,0.86,0.91
712237,弘塑富邦63購02,0,,,,
712238,威剛富邦62購02,0,,,,
712239,中美晶群益62購03,0,,,,
712240,台嘉碩群益62購01,0,,,,
712241,弘塑群益62購01,0,,,,
712242,弘塑群益62購02,0,,,,
712243,宏捷科群益64購01,249090,1.05,1.05,1.0,1.0
712244,系統電群益62購01,0,,,,
712245,宜鼎群益62購01,229070,0.89,0.89,0.83,0.83
712246,金山電群益62購01,95930,1.52,1.52,1.39,1.39
712247,前鼎群益68購01,296050,5.6,5.6,5.35,5.35
712248,威剛群益62購03,32200,1.15,1.15,1.15,1.15
712249,原相群益62購01,60840,1.17,1.17,1.17,1.17
712250,智通*群益62購01,0,,,,
712251,新應材群益66購01,0,,,,
712252,萬潤群益68購01,2516960,1.77,1.82,1.67,1.67
712253,群聯群益68購01,3290,3.29,3.29,3.29,3.29
712254,頎邦群益62購02,622080,3.53,3.7,3.38,3.39
712255,雙鴻群益62購03,144480,2.86,3.06,2.75,2.75
712256,元太統一66購01,0,,,,
712257,世禾統一68購01,0,,,,
712258,沛亨統一68購02,361200,1.31,1.44,1.31,1.36
712259,金山電統一67購01,137140,0.54,0.55,0.54,0.54
712260,金山電統一6B購01,351030,0.69,0.69,0.67,0.67
712261,金山電統一6C購01,2582180,0.67,0.67,0.67,0.67
712262,能率亞統一68購01,23600,0.59,0.59,0.59,0.59
712263,港建*統一6B購01,0,,,,
712264,新應材統一68購01,0,,,,
712265,萬潤統一65購01,1280590,0.97,1.01,0.93,0.93
712266,萬潤統一6A購03,728250,0.93,0.96,0.89,0.89
712267,萬潤統一6B購01,365190,0.73,0.73,0.69,0.69
712268,萬潤統一6C購01,53890,0.69,0.69,0.67,0.67
712269,弘塑國泰63購01,0,,,,
712270,弘塑國泰63購02,0,,,,
712271,泓格國泰63購02,159210,1.0,1.01,0.99,1.01
712272,金山電國泰63購01,124310,2.16,2.18,2.01,2.01
712273,金山電國泰64購01,83130,2.02,2.1,2.02,2.07
712274,萬潤國泰63購01,888140,1.55,1.58,1.42,1.43
712275,弘塑台新62購01,0,,,,
712276,弘塑台新62購02,0,,,,
712277,弘塑台新62購03,40050,0.89,0.89,0.89,0.89
712278,弘塑台新68購01,0,,,,
712279,弘塑台新68購02,30450,1.05,1.05,1.05,1.05
712280,沛亨台新62購01,2830,2.83,2.83,2.83,2.83
712281,沛亨台新62購02,58230,2.08,2.08,2.07,2.07
712282,韋僑台新62購01,160120,0.81,0.82,0.79,0.82
712283,韋僑台新62購02,14500,0.58,0.58,0.58,0.58
712284,竑騰台新62購02,57460,1.29,1.29,1.23,1.23
712285,博智台新62購01,0,,,,
712286,新應材台新62購03,92230,0.84,0.93,0.84,0.93
712287,群聯台新62購01,0,,,,
712288,群聯台新62購02,0,,,,
712289,雙鴻台新62購01,0,,,,
712290,雙鴻台新68購01,15100,2.8,2.8,2.46,2.46
712291,雙鴻台新68購02,152620,2.44,2.44,2.26,2.28
712292,中光電元大63購02,0,,,,
712293,中光電元大64購05,0,,,,
712294,世界元大63購08,141650,1.41,1.53,1.41,1.51
712295,世界元大63購09,369920,0.89,0.99,0.89,0.93
712296,世界元大64購09,203280,0.54,0.57,0.54,0.57
712297,弘塑元大64購03,10680,0.64,0.64,0.62,0.64
712298,良維元大64購02,1160150,1.15,1.26,1.13,1.13
712299,宜鼎元大64購03,86790,0.99,1.0,0.99,1.0
712300,陽程元大64購02,179700,2.6,2.6,2.45,2.45
712301,鈊象元大63購08,134840,0.81,0.84,0.81,0.84
712302,中光電凱基65購01,0,,,,
712303,中美晶凱基63購06,0,,,,
712304,弘塑凱基63購01,18900,0.54,0.54,0.54,0.54
712305,弘塑凱基64購01,34100,0.85,0.89,0.82,0.82
712306,金山電凱基63購01,76710,1.15,1.15,1.14,1.14
712307,金山電凱基63購02,18250,1.23,1.23,1.21,1.21
712308,威剛凱基63購04,0,,,,
712309,群聯凱基66購03,0,,,,
712310,頎邦凱基64購03,61670,1.9,1.9,1.79,1.79
712311,雙鴻凱基63購08,279550,2.68,2.75,2.32,2.54
712312,均華國泰64購01,57270,2.49,2.49,2.49,2.49
712313,新應材國泰64購01,51320,1.34,1.36,1.34,1.36
712314,弘塑統一67購01,18020,0.53,0.55,0.52,0.52
712315,由田統一68購01,55120,0.99,1.05,0.95,0.95
712316,金山電統一66購01,208250,0.49,0.5,0.45,0.45
712317,金山電統一68購01,167840,0.72,0.73,0.72,0.72
712318,前鼎統一6C購01,1457760,1.11,1.11,1.0,1.01
712319,倉和統一68購01,0,,,,
712320,富喬中信64購03,1160020,1.2,1.2,1.07,1.07
712321,元太永豐63購01,0,,,,
712322,巨漢永豐63購01,0,,,,
712323,宏碁資永豐63購01,22410,0.86,0.87,0.86,0.87
712324,建榮永豐64購01,10730,1.2,1.2,1.19,1.19
712325,胡連永豐63購01,108680,0.76,0.76,0.76,0.76
712326,茂綸永豐64購01,262320,1.07,1.23,1.07,1.07
712327,茂綸永豐65購01,559730,1.33,1.45,1.33,1.45
712328,竑騰永豐64購01,27750,1.11,1.11,1.11,1.11
712329,富喬永豐64購02,70800,2.36,2.36,2.36,2.36
712330,富喬永豐67購01,0,,,,
712331,聖暉*永豐63購01,0,,,,
712332,元太國票66購01,0,,,,
712333,世界國票67購01,152400,1.1,1.18,1.1,1.14
712334,弘塑國票66購01,0,,,,
712335,全宇昕國票65購02,0,,,,
712336,均華國票63購01,119850,1.54,1.54,1.53,1.53
712337,長佳智國票65購01,0,,,,
712338,前鼎國票67購01,236080,2.23,2.23,1.89,1.89
712339,博智國票63購01,0,,,,
712340,智通*國票63購01,86960,1.2,1.2,1.16,1.16
712341,新應材國票63購01,0,,,,
712342,新應材國票64購01,16440,1.37,1.37,1.37,1.37
712343,廣穎國票67購01,0,,,,
712344,德勝國票66購01,0,,,,
712345,世界群益67購01,131730,0.91,1.01,0.91,0.97
712346,台特化群益67購01,0,,,,
712347,由田群益62購01,468830,2.44,2.78,2.38,2.39
712348,宏捷科群益62購01,21300,0.71,0.71,0.71,0.71
712349,沛亨群益62購01,1014910,2.57,3.1,2.57,2.79
712350,茂達群益62購01,57950,0.95,0.95,0.95,0.95
712351,矽科台新62購01,0,,,,
712352,新應材台新62購04,15100,1.51,1.51,1.51,1.51
712353,世界凱基63購05,2160,1.08,1.08,1.08,1.08
712354,台特化凱基67購01,182600,1.62,1.62,1.58,1.59
712355,宜鼎凱基63購03,30460,0.9,0.9,0.89,0.89
712356,前鼎凱基67購01,582490,2.16,2.45,2.09,2.1
712357,新應材凱基64購02,64200,1.07,1.07,1.07,1.07
712358,青雲元大63購01,126120,0.8,0.82,0.77,0.77
712359,鈊象中信62購01,0,,,,
712360,前鼎永豐68購01,560170,2.46,2.46,2.22,2.23
712361,博智永豐63購01,0,,,,
712362,達航永豐63購02,0,,,,
712363,廣積永豐63購01,0,,,,
712364,東洋國票63購01,0,,,,
712365,前鼎國票68購01,474400,1.78,1.93,1.7,1.7
712366,竑騰國票63購01,148070,1.12,1.17,1.07,1.09
712367,聚和國票65購01,0,,,,
712368,廣積國票65購02,0,,,,
712369,中美晶群益64購02,0,,,,
712370,欣銓群益63購01,17520,2.19,2.19,2.19,2.19
712371,金山電群益63購01,62100,1.21,1.21,1.11,1.11
712372,青雲群益63購01,62700,1.07,1.07,1.02,1.02
712373,威剛群益64購01,0,,,,
712374,家登群益63購04,11770,1.95,2.02,1.95,2.02
712375,群聯群益64購03,627900,1.05,1.05,1.05,1.05
712376,雙鴻群益64購02,566290,1.84,1.94,1.65,1.76
712377,群聯國泰67購01,0,,,,
712378,世界富邦65購01,302680,0.59,0.66,0.59,0.61
712379,富喬富邦62購01,0,,,,
712380,新應材富邦64購02,121470,0.45,0.47,0.45,0.46
712381,沛亨統一65購03,909600,1.26,1.48,1.26,1.36
712382,長科*統一68購01,0,,,,
712383,前鼎統一66購01,72300,1.61,1.61,1.6,1.6
712384,前鼎統一68購01,112430,1.1,1.11,0.99,0.99
712385,富喬統一65購04,891000,1.65,1.65,1.54,1.54
712386,頎邦統一66購02,2767170,1.33,1.33,1.21,1.25
712387,M31國票67購01,0,,,,
712388,博磊國票65購01,0,,,,
712389,宜鼎台新65購01,14690,1.13,1.13,1.13,1.13
712390,青雲台新63購01,8700,1.74,1.74,1.74,1.74
712391,宸曜台新62購01,9700,1.06,1.08,1.06,1.08
712392,宸曜台新62購02,0,,,,
712393,新應材台新64購01,16650,1.11,1.11,1.11,1.11
712394,群聯台新65購01,19800,1.1,1.1,1.1,1.1
712395,雙鴻台新65購01,0,,,,
712396,雙鴻台新65購02,0,,,,
712397,M31凱基63購01,38000,0.76,0.76,0.76,0.76
712398,中美晶凱基64購02,78610,1.24,1.24,1.21,1.21
712399,方土昶凱基63購01,0,,,,
712400,宜鼎凱基63購04,70350,0.35,0.35,0.35,0.35
712401,青雲凱基63購01,1280,1.28,1.28,1.28,1.28
712402,威剛凱基64購03,38220,0.98,0.98,0.98,0.98
712403,富喬凱基65購01,0,,,,
712404,富喬凱基68購01,11400,2.28,2.28,2.28,2.28
712405,群聯凱基63購07,74820,1.29,1.29,1.29,1.29
712406,群聯凱基63購08,76240,1.13,1.13,1.09,1.09
712407,群聯凱基63購09,60160,1.28,1.28,1.28,1.28
712408,群聯凱基63購10,0,,,,
712409,雙鴻凱基63購09,549780,2.16,2.19,1.84,1.93
712410,方土昶群益63購01,4700,0.94,0.94,0.94,0.94
712411,世界群益66購02,69590,0.74,0.81,0.74,0.8
712412,世紀*群益63購01,0,,,,
712413,世紀*群益63購02,0,,,,
712414,台特化群益66購01,0,,,,
712415,弘塑群益63購01,0,,,,
712416,艾訊群益63購01,132360,0.59,0.61,0.59,0.61
712417,艾訊群益63購02,13630,0.47,0.47,0.47,0.47
712418,倚強群益69購01,0,,,,
712419,群聯群益64購04,660,0.66,0.66,0.66,0.66
712420,廣穎群益62購01,0,,,,
712421,雙鴻群益65購01,144720,1.42,1.42,1.21,1.21
712422,閎康元大63購04,0,,,,
712423,新應材元大63購04,0,,,,
712424,新應材元大64購02,70840,0.77,0.77,0.77,0.77
712425,營邦元大64購02,347030,1.95,2.15,1.95,2.06
712426,宜鼎中信62購01,28500,0.5,0.5,0.5,0.5
712427,威剛中信63購01,0,,,,
712428,群聯中信66購01,0,,,,
712429,雙鴻中信63購03,251600,1.01,1.06,0.91,0.91
712430,均華永豐63購01,38140,1.72,1.78,1.72,1.78
712431,沛亨永豐64購01,410860,2.54,2.64,2.52,2.52
712432,威剛永豐68購02,0,,,,
712433,茂訊永豐63購01,0,,,,
712434,新潤永豐63購01,0,,,,
712435,新應材永豐68購04,10200,0.68,0.68,0.68,0.68
712436,群聯永豐68購01,1360,0.68,0.68,0.68,0.68
712437,雙鴻永豐64購05,160680,1.86,1.86,1.73,1.73
712438,群聯國泰63購03,64500,1.5,1.5,1.5,1.5
712439,群聯國泰65購02,0,,,,
712440,聖暉*國泰63購02,59950,0.55,0.55,0.55,0.55
712441,譜瑞國泰63購01,94640,1.17,1.3,1.17,1.3
712442,鑫聯國泰63購01,12390,0.59,0.59,0.59,0.59
712443,宏捷科富邦64購01,65630,0.53,0.53,0.51,0.51
712444,宏捷科富邦65購01,41920,0.5,0.52,0.5,0.52
712445,宜鼎富邦68購01,32800,0.41,0.41,0.41,0.41
712446,頎邦富邦64購03,87060,1.08,1.08,1.04,1.08
712447,頎邦富邦65購01,1231030,0.87,0.89,0.81,0.82
712448,譜瑞富邦64購02,334000,0.47,0.5,0.47,0.5
712449,M31統一68購01,0,,,,
712450,陽程統一66購02,0,,,,
712451,雙鴻統一64購02,64200,0.91,0.93,0.9,0.9
712452,台特化台新65購01,3430,1.7,1.73,1.7,1.73
712453,宜鼎台新64購02,0,,,,
712454,富喬台新65購01,84450,3.73,3.73,3.29,3.29
712455,順達台新64購01,40820,1.69,1.72,1.69,1.72
712456,新應材台新64購02,85900,0.63,0.67,0.63,0.67
712457,頎邦台新68購01,191470,3.74,3.86,3.65,3.66
712458,營邦台新65購02,0,,,,
712459,鴻呈台新62購01,89640,0.54,0.54,0.54,0.54
712460,雙鴻台新62購02,278750,5.9,5.95,5.9,5.95
712461,世界凱基66購02,13320,1.26,1.26,1.2,1.2
712462,世紀*凱基63購01,0,,,,
712463,弘塑凱基63購02,0,,,,
712464,弘塑凱基63購03,0,,,,
712465,艾訊凱基63購01,54060,0.53,0.53,0.53,0.53
712466,倚強凱基63購01,0,,,,
712467,富喬凱基63購03,102730,1.8,1.8,1.53,1.53
712468,閎康凱基63購01,0,,,,
712469,順達凱基63購04,0,,,,
712470,新應材凱基63購06,0,,,,
712471,廣積凱基64購01,5130,0.57,0.57,0.57,0.57
712472,順達中信62購01,0,,,,
712473,群聯中信62購02,7610,0.46,0.46,0.43,0.43
712474,均華永豐63購02,380480,1.32,1.46,1.32,1.44
712475,良維永豐63購01,0,,,,
712476,宜鼎永豐66購02,0,,,,
712477,順達永豐63購02,10020,1.7,1.7,1.65,1.65
712478,順達永豐63購03,195570,0.97,0.99,0.96,0.96
712479,群聯永豐65購07,11300,1.13,1.13,1.13,1.13
712480,群聯永豐65購08,90260,1.06,1.08,1.06,1.08
712481,群聯永豐68購02,1500,1.5,1.5,1.5,1.5
712482,廣閎科永豐63購01,115080,0.91,0.92,0.91,0.92
712483,廣閎科永豐63購02,66990,0.77,0.77,0.77,0.77
712484,廣閎科永豐65購01,0,,,,
712485,廣閎科永豐68購01,0,,,,
712486,廣穎永豐65購02,0,,,,
712487,巨漢元大64購01,91080,0.99,0.99,0.99,0.99
712488,宜鼎元大63購06,646960,0.74,0.74,0.7,0.7
712489,宜鼎元大64購04,369760,0.35,0.35,0.33,0.33
712490,富喬元大63購03,62470,1.86,1.87,1.7,1.7
712491,富喬元大63購04,1821090,1.72,1.72,1.51,1.51
712492,富喬元大63購05,4840,2.42,2.42,2.42,2.42
712493,富喬元大63購06,238000,2.89,2.89,2.53,2.53
712494,富喬元大64購06,1867550,1.47,1.47,1.29,1.29
712495,群聯元大63購10,258360,1.66,1.7,1.65,1.7
712496,群聯元大63購13,0,,,,
712497,廣積元大63購05,15180,0.69,0.69,0.69,0.69
712498,廣穎元大63購02,0,,,,
712499,廣穎元大63購03,135320,0.34,0.34,0.34,0.34
712500,營邦元大63購01,358280,1.46,1.57,1.46,1.57
712501,營邦元大63購03,539020,1.01,1.11,1.01,1.08
712502,營邦元大64購04,87800,1.01,1.1,1.01,1.08
712503,雙鴻元大64購04,2009420,1.61,1.68,1.44,1.54
712504,千如國票66購01,0,,,,
712505,富喬國票64購01,8820,2.94,2.94,2.94,2.94
712506,富喬國票66購01,22140,3.69,3.69,3.69,3.69
712507,鴻呈國票66購01,27000,0.5,0.5,0.5,0.5
712508,雙鴻國票69購01,100800,1.63,1.68,1.59,1.68
712509,千如國泰63購01,0,,,,
712510,宜鼎國泰63購02,0,,,,
712511,富喬國泰63購03,0,,,,
712512,新應材國泰63購02,0,,,,
712513,千附精富邦62購01,41490,0.59,0.61,0.59,0.61
712514,中美晶富邦65購01,27570,0.64,0.65,0.64,0.65
712515,順達富邦63購03,171610,0.87,0.88,0.86,0.86
712516,廣閎科富邦62購01,15910,0.43,0.43,0.43,0.43
712517,營邦富邦65購01,279000,1.36,1.46,1.36,1.44
712518,中美晶群益63購02,263160,2.58,2.58,2.58,2.58
712519,宜鼎群益63購01,0,,,,
712520,威剛群益63購02,0,,,,
712521,順達群益63購01,0,,,,
712522,群聯群益63購03,186240,3.06,3.18,3.04,3.18
712523,廣閎科群益63購01,0,,,,
712524,磐儀群益63購01,0,,,,
712525,雙鴻群益63購04,472270,2.54,2.57,2.28,2.28
712526,譜瑞群益62購01,103470,0.87,0.9,0.87,0.9
712527,弘塑統一66購01,310800,0.54,0.58,0.54,0.55
712528,均華統一69購01,1300780,0.78,0.86,0.78,0.8
712529,高技統一66購01,106440,0.65,0.65,0.64,0.64
712530,陽程統一66購03,0,,,,
712531,順達統一6B購01,0,,,,
712532,世界群益62購04,728670,1.52,1.8,1.52,1.75
712533,台半群益63購01,81270,1.17,1.17,1.08,1.09
712534,台特化群益62購02,81060,2.73,2.73,2.7,2.7
712535,東捷群益64購01,14300,1.38,1.48,1.38,1.48
712536,鉅橡群益63購01,3200,0.8,0.8,0.8,0.8
712537,臺慶科群益63購01,0,,,,
712538,廣閎科群益64購01,77340,1.41,1.41,1.35,1.35
712539,穩懋群益63購02,4613170,2.3,2.6,2.18,2.19
712540,穩懋群益64購01,0,,,,
712541,中美晶元大64購05,0,,,,
712542,方土昶元大63購02,0,,,,
712543,均華元大64購02,8700,2.1,2.2,2.1,2.2
712544,朋億*元大63購01,15640,0.85,0.87,0.85,0.87
712545,東捷元大63購01,57200,1.39,1.48,1.37,1.48
712546,青雲元大63購02,13340,0.54,0.54,0.5,0.5
712547,高技元大63購02,6300,0.42,0.42,0.42,0.42
712548,順達元大63購03,223740,0.9,0.9,0.87,0.87
712549,順達元大63購04,139490,1.42,1.45,1.34,1.34
712550,順達元大64購07,259900,1.15,1.18,1.11,1.11
712551,漢達元大64購01,0,,,,
712552,廣閎科元大64購01,0,,,,
712553,廣積元大63購06,57420,0.64,0.66,0.64,0.66
712554,廣穎元大63購04,154670,0.5,0.5,0.48,0.48
712555,雙鴻元大63購08,2846080,1.53,1.62,1.36,1.46
712556,雙鴻元大63購09,1788310,1.32,1.35,1.21,1.21
712557,雙鴻元大63購10,1247940,1.28,1.3,1.17,1.17
712558,雙鴻元大64購05,802010,1.52,1.52,1.35,1.48
712559,寶雅元大63購01,0,,,,
712560,東捷統一66購02,89350,0.93,1.04,0.93,1.04
712561,東捷統一6B購01,67590,0.74,0.82,0.74,0.81
712562,穩懋統一66購02,240580,0.93,1.0,0.89,0.89
712563,穩懋統一67購01,1048820,0.82,0.85,0.77,0.77
712564,穩懋統一68購01,3520,0.88,0.88,0.88,0.88
712565,穩懋統一6C購02,559500,0.84,0.88,0.82,0.82
712566,穩懋統一6C購03,22560,1.11,1.13,1.11,1.13
712567,東捷富邦63購01,27500,1.1,1.1,1.1,1.1
712568,東捷國泰63購01,48930,2.33,2.33,2.33,2.33
712569,博盛國泰63購01,44400,1.6,1.6,1.52,1.52
712570,營邦國泰63購02,708050,3.12,3.28,3.12,3.27
712571,鴻呈國泰63購01,259090,0.77,0.78,0.77,0.77
712572,穩懋國泰63購01,768190,2.76,2.84,2.48,2.49
712573,穩懋國泰63購03,788380,3.07,3.07,2.75,2.75
712574,穩懋國泰63購04,5701170,3.11,3.22,2.78,2.79
712575,穩懋國泰63購05,225580,3.49,3.49,3.11,3.11
712576,台半凱基63購01,14900,1.49,1.49,1.49,1.49
712577,宜鼎凱基64購02,130290,0.81,0.81,0.76,0.76
712578,威剛凱基63購06,39440,1.11,1.11,1.09,1.09
712579,宸曜凱基63購01,7300,0.73,0.73,0.73,0.73
712580,順達凱基63購05,0,,,,
712581,群聯凱基64購06,50280,1.19,1.22,1.19,1.22
712582,漢達凱基63購01,18960,3.79,3.8,3.79,3.8
712583,營邦凱基63購02,0,,,,
712584,鴻呈凱基66購01,0,,,,
712585,雙鴻凱基64購02,38840,2.45,2.45,2.39,2.39
712586,穩懋凱基63購01,163920,2.12,2.14,1.81,1.81
712587,穩懋凱基63購02,495110,1.9,1.94,1.74,1.74
712588,穩懋凱基63購03,0,,,,
712589,穩懋凱基63購04,508590,2.09,2.14,2.02,2.07
712590,穩懋凱基63購05,0,,,,
712591,均華台新63購01,28600,2.2,2.2,2.2,2.2
712592,宜鼎台新64購03,0,,,,
712593,東捷台新62購01,73980,1.73,1.84,1.73,1.84
712594,順達台新64購02,19650,1.31,1.31,1.31,1.31
712595,鈊象台新64購01,28050,0.61,0.64,0.61,0.64
712596,穩懋台新62購01,298100,2.0,2.1,1.88,1.88
712597,穩懋台新63購01,2153840,2.58,2.77,2.35,2.35
712598,穩懋台新65購01,298750,1.44,1.44,1.33,1.35
712599,穩懋台新65購02,74140,1.7,1.7,1.59,1.59
712600,穩懋台新68購01,58960,2.04,2.09,1.97,1.97
712601,弘塑中信64購01,64080,0.89,0.89,0.89,0.89
712602,穩懋中信68購01,196380,0.87,0.87,0.8,0.8
712603,台半永豐64購02,1120,1.12,1.12,1.12,1.12
712604,台半永豐65購01,79260,1.3,1.31,1.29,1.29
712605,台星科永豐64購01,51460,1.06,1.13,1.06,1.13
712606,由田永豐64購01,726460,1.26,1.53,1.26,1.37
712607,系統電永豐63購01,0,,,,
712608,東捷永豐63購01,71440,1.7,1.74,1.7,1.74
712609,東捷永豐63購02,33400,1.51,1.54,1.51,1.54
712610,東捷永豐63購03,19600,1.4,1.4,1.4,1.4
712611,東捷永豐65購01,53060,1.77,1.89,1.75,1.89
712612,東捷永豐65購02,23540,2.14,2.14,2.14,2.14
712613,東捷永豐68購01,12250,2.45,2.45,2.45,2.45
712614,欣銓永豐66購01,49850,1.49,1.52,1.49,1.52
712615,欣銓永豐68購01,1279430,1.19,1.32,1.19,1.32
712616,彩富永豐63購01,0,,,,
712617,博盛永豐63購01,0,,,,
712618,博盛永豐63購02,0,,,,
712619,博盛永豐65購01,75060,1.39,1.39,1.39,1.39
712620,越峰永豐63購01,0,,,,
712621,穩得永豐63購01,17360,0.56,0.56,0.56,0.56
712622,穩懋永豐64購01,543800,2.6,2.74,2.39,2.39
712623,穩懋永豐64購02,181670,3.34,3.34,3.21,3.26
712624,穩懋永豐66購01,0,,,,
712625,穩懋永豐68購01,108650,3.96,4.01,3.69,3.69
712626,均華國票63購02,219820,2.18,2.3,2.18,2.3
712627,東捷國票63購01,0,,,,
712628,東捷國票64購01,0,,,,
712629,元太群益63購01,426740,0.93,0.93,0.87,0.87
712630,方土昶群益63購02,0,,,,
712631,世界群益63購01,614070,2.01,2.3,2.01,2.18
712632,巨有群益63購01,48380,3.74,3.76,3.61,3.61
712633,威剛群益62購04,70220,2.02,2.02,1.98,1.98
712634,胡連群益63購01,19600,0.7,0.7,0.7,0.7
712635,陽程群益63購03,24800,2.48,2.48,2.48,2.48
712636,順達群益63購02,0,,,,
712637,群聯群益62購01,742300,3.7,3.76,3.51,3.51
712638,漢達群益63購01,975890,3.22,3.33,3.21,3.33
712639,鴻呈群益63購01,163530,0.79,0.79,0.79,0.79
712640,雙鴻群益62購04,175610,2.07,2.07,1.98,1.98
712641,穩懋群益64購03,235740,3.17,3.17,2.92,2.92
712642,雙鴻中信64購02,807430,1.54,1.61,1.36,1.41
712643,新應材永豐64購02,59940,1.11,1.11,1.11,1.11
712644,新應材永豐65購01,0,,,,
712645,群聯永豐63購02,49820,0.94,0.94,0.94,0.94
712646,寶雅永豐63購01,0,,,,
712647,台半國泰63購01,613200,1.96,1.97,1.95,1.95
712648,胡連國泰63購01,690,0.69,0.69,0.69,0.69
712649,千附精元大63購01,115420,0.58,0.58,0.58,0.58
712650,元太元大63購06,168890,0.55,0.55,0.49,0.49
712651,元太元大64購02,317620,0.8,0.8,0.77,0.77
712652,威剛元大64購04,14280,0.51,0.51,0.51,0.51
712653,陽程元大63購03,467880,2.21,2.24,2.05,2.05
712654,陽程元大64購03,392840,1.22,1.22,1.15,1.15
712655,順達元大64購08,0,,,,
712656,鈊象元大64購04,163790,0.59,0.62,0.59,0.62
712657,群聯元大64購13,5300,0.53,0.53,0.53,0.53
712658,良維富邦63購01,596790,1.02,1.15,1.02,1.15
712659,穩懋富邦63購01,188240,1.39,1.39,1.32,1.34
712660,穩懋富邦64購01,208680,1.2,1.22,1.1,1.1
712661,台半統一68購01,72870,0.79,0.79,0.76,0.76
712662,東捷統一68購01,59460,0.78,0.85,0.78,0.85
712663,新普統一68購01,0,,,,
712664,穩懋統一68購02,197480,1.05,1.15,1.01,1.03
712665,千如凱基66購01,720,0.72,0.72,0.72,0.72
712666,中美晶凱基68購01,0,,,,
712667,世界凱基63購06,106300,1.15,1.15,1.1,1.1
712668,弘塑凱基63購04,753850,0.94,0.94,0.93,0.93
712669,均華凱基64購02,124070,1.83,1.99,1.83,1.99
712670,宜鼎凱基66購01,0,,,,
712671,東捷凱基63購02,51760,1.2,1.24,1.2,1.24
712672,金益鼎凱基63購01,0,,,,
712673,順達凱基63購06,0,,,,
712674,頎邦凱基63購03,82560,2.44,2.44,2.39,2.39
712675,雙鴻凱基63購10,0,,,,
712676,寶雅凱基63購01,0,,,,
712677,系統電台新62購01,0,,,,
712678,長科*台新65購01,157360,1.98,1.98,1.88,1.88
712679,威剛台新62購03,11900,1.19,1.19,1.19,1.19
712680,威剛台新63購02,12000,1.2,1.2,1.2,1.2
712681,順達台新62購01,0,,,,
712682,中美晶元大64購06,0,,,,
712683,元太元大63購07,0,,,,
712684,元太元大63購08,197410,0.63,0.63,0.57,0.57
712685,元太元大64購03,374560,0.78,0.78,0.73,0.73
712686,均華元大64購03,757040,1.14,1.24,1.14,1.24
712687,宜鼎元大64購05,577200,0.6,0.6,0.6,0.6
712688,威剛元大64購05,0,,,,
712689,順達元大64購09,171260,1.05,1.05,0.99,0.99
712690,鈊象元大63購09,179760,0.84,0.84,0.84,0.84
712691,鈊象元大64購05,298380,0.83,0.9,0.83,0.9
712692,群聯元大64購14,23000,0.78,0.78,0.74,0.74
712693,蜜望實元大63購02,130230,0.42,0.43,0.41,0.41
712694,寶雅元大63購02,61570,0.73,0.73,0.71,0.72
712695,元太台新65購01,140090,1.27,1.27,1.25,1.25
712696,沛亨台新65購01,75880,1.84,2.05,1.84,1.9
712697,威聯通台新62購01,0,,,,
712698,胡連台新62購01,0,,,,
712699,倉和台新62購01,11300,11.3,11.3,11.3,11.3
712700,蜜望實台新62購01,11280,0.94,0.94,0.94,0.94
712701,蜜望實台新65購01,105680,1.29,1.36,1.26,1.26
712702,中美晶凱基64購04,33200,0.83,0.83,0.83,0.83
712703,朋億*凱基63購01,5850,0.65,0.65,0.65,0.65
712704,泓格凱基63購01,200900,0.93,0.93,0.9,0.91
712705,威剛凱基63購07,0,,,,
712706,建榮凱基63購01,0,,,,
712707,順達凱基66購01,257600,1.27,1.27,1.19,1.19
712708,鈊象凱基64購04,0,,,,
712709,群聯凱基66購04,0,,,,
712710,鉅橡凱基63購01,6000,0.6,0.6,0.6,0.6
712711,廣閎科凱基63購01,311800,0.88,0.88,0.79,0.79
712712,穩懋凱基63購08,714610,1.69,1.72,1.44,1.44
712713,中美晶群益62購04,214040,2.5,2.5,2.47,2.47
712714,弘塑群益63購02,4960,0.62,0.62,0.62,0.62
712715,系統電群益63購01,45360,0.84,0.84,0.84,0.84
712716,宜鼎群益63購02,59780,0.98,0.98,0.98,0.98
712717,威剛群益62購05,0,,,,
712718,原相群益62購02,11400,0.38,0.38,0.38,0.38
712719,群聯群益62購02,69990,2.06,2.06,2.05,2.05
712720,千如永豐63購01,0,,,,
712721,元太永豐63購02,56850,0.69,0.69,0.65,0.66
712722,世紀*永豐63購02,0,,,,
712723,沛亨永豐64購02,54590,1.39,1.39,1.33,1.33
712724,茂迪永豐64購01,7320,0.57,0.57,0.54,0.54
712725,頎邦永豐65購02,21060,1.62,1.62,1.62,1.62
712726,榮剛永豐63購01,0,,,,
712727,雙鴻永豐65購02,17800,1.78,1.78,1.78,1.78
712728,雙鴻永豐6B購01,367570,1.86,1.91,1.67,1.79
712729,雙鴻永豐6C購01,542670,1.75,1.8,1.69,1.69
712730,穩懋永豐65購01,12810,1.78,1.85,1.78,1.85
712731,三聯國票63購01,0,,,,
712732,蜜望實國票63購01,19200,1.28,1.28,1.28,1.28
712733,寬宏國票63購01,0,,,,
712734,均華國泰63購02,174200,1.23,1.28,1.23,1.28
712735,順達國泰63購03,0,,,,
712736,順達富邦64購01,0,,,,
712737,巨有統一6B購03,92800,1.15,1.17,1.15,1.17
712738,倉和統一6B購01,65950,1.89,1.89,1.87,1.87
712739,堡達統一6A購01,0,,,,
712740,新普統一66購01,880,0.44,0.44,0.44,0.44
712741,新普統一6B購01,0,,,,
712742,晶焱國票63購01,0,,,,
712743,鈺太國票63購01,15300,1.02,1.02,1.02,1.02
712744,鈺太國票64購01,0,,,,
712745,中美晶群益62購05,257670,2.21,2.33,2.21,2.33
712746,台特化群益62購03,0,,,,
712747,弘塑群益63購03,0,,,,
712748,均華群益64購01,626500,2.05,2.15,1.97,1.97
712749,茂迪群益63購01,0,,,,
712750,鈊象群益62購01,58180,1.79,1.82,1.79,1.82
712751,群聯群益62購03,0,,,,
712752,營邦群益63購01,66880,2.36,2.46,2.36,2.46
712753,穩懋群益68購01,440780,3.49,3.63,3.49,3.63
712754,元太凱基63購01,8960,1.12,1.12,1.12,1.12
712755,弘塑凱基63購05,0,,,,
712756,均華凱基68購01,491200,3.57,3.68,3.3,3.3
712757,系統電凱基64購02,0,,,,
712758,宜鼎凱基63購05,0,,,,
712759,倉和凱基63購02,792550,3.7,3.98,2.99,3.13
712760,頎邦凱基66購01,6193830,2.15,2.2,2.02,2.02
712761,臺慶科凱基63購03,14510,0.52,0.52,0.49,0.49
712762,弘塑台新63購01,0,,,,
712763,東捷台新62購02,0,,,,
712764,倉和台新62購02,117050,6.3,6.3,5.45,5.45
712765,家碩台新62購01,0,,,,
712766,家碩台新62購02,0,,,,
712767,順達台新64購03,35100,1.25,1.27,1.25,1.27
712768,勤凱台新62購01,0,,,,
712769,營邦台新63購01,115800,1.78,1.79,1.78,1.79
712770,營邦台新65購03,17800,1.78,1.78,1.78,1.78
712771,營邦台新66購01,3700,1.85,1.85,1.85,1.85
712772,元太元大64購04,9800,0.49,0.49,0.49,0.49
712773,弘塑元大63購04,292040,0.49,0.49,0.49,0.49
712774,弘塑元大63購05,348560,0.7,0.71,0.7,0.71
712775,弘塑元大64購04,213280,0.43,0.43,0.43,0.43
712776,均華元大64購04,74560,1.08,1.16,1.08,1.08
712777,威剛元大64購06,40600,0.91,0.91,0.9,0.9
712778,順達元大63購05,46840,0.96,0.96,0.87,0.87
712779,順達元大63購06,45700,0.77,0.77,0.76,0.76
712780,順達元大63購07,92320,0.8,0.8,0.78,0.79
712781,順達元大64購10,12200,0.61,0.61,0.61,0.61
712782,順達元大64購11,0,,,,
712783,群聯元大63購14,752560,1.09,1.11,1.09,1.11
712784,群聯元大63購15,0,,,,
712785,群聯元大63購16,0,,,,
712786,群聯元大64購15,0,,,,
712787,寶雅元大63購03,12880,0.92,0.92,0.92,0.92
712788,台星科統一6B購01,0,,,,
712789,沛亨統一6B購01,476740,0.86,0.89,0.86,0.87
712790,宜鼎統一6B購02,12180,0.58,0.58,0.58,0.58
712791,倉和統一68購02,0,,,,
712792,陽程統一6C購02,659720,0.81,0.81,0.75,0.76
712793,新普統一66購02,860,0.43,0.43,0.43,0.43
712794,穩懋統一68購03,1081480,1.3,1.36,1.26,1.26
712795,家登中信63購01,824810,0.85,0.92,0.85,0.89
712796,世禾永豐63購01,16600,0.58,0.58,0.57,0.57
712797,安葆永豐63購02,0,,,,
712798,宏捷科永豐63購01,8900,0.91,0.91,0.87,0.87
712799,倚強永豐64購01,0,,,,
712800,倚強永豐64購02,24000,0.8,0.8,0.8,0.8
712801,倉和永豐63購02,0,,,,
712802,家登永豐63購03,59520,1.24,1.24,1.24,1.24
712803,湧德永豐63購01,58900,1.26,1.26,1.24,1.24
712804,順達永豐63購04,93390,0.92,0.94,0.92,0.94
712805,群聯永豐63購03,65800,0.94,0.94,0.94,0.94
712806,磐儀永豐63購01,0,,,,
712807,鴻呈永豐63購01,21000,0.5,0.5,0.5,0.5
712808,鴻呈永豐64購01,12000,0.4,0.4,0.4,0.4
712809,弘塑富邦64購02,297020,0.67,0.7,0.67,0.69
712810,頎邦富邦65購02,503130,0.98,0.98,0.9,0.9
712811,雙鴻富邦65購01,834140,1.62,1.71,1.48,1.54
712812,元太台新65購02,0,,,,
712813,均華台新62購04,15120,1.08,1.08,1.08,1.08
712814,竑騰台新62購03,8470,1.21,1.21,1.21,1.21
712815,崇越電台新62購01,0,,,,
712816,博盛台新62購01,32210,1.26,1.26,1.16,1.16
712817,普萊德台新62購01,0,,,,
712818,晶呈台新62購01,15630,1.75,1.75,1.73,1.73
712819,晶呈台新62購02,234000,1.15,1.18,1.15,1.18
712820,晶呈台新65購01,301920,1.36,1.36,1.36,1.36
712821,元太群益62購01,24720,0.71,0.73,0.71,0.73
712822,均華群益64購02,584880,2.21,2.32,2.21,2.32
712823,群聯群益62購04,38440,1.24,1.24,1.24,1.24
712824,世紀*元大62購01,0,,,,
712825,世紀*元大62購02,0,,,,
712826,倉和元大62購01,13410,4.47,4.47,4.47,4.47
712827,倉和元大62購02,39220,2.1,2.11,1.85,1.85
712828,陽程元大62購01,667730,0.8,0.81,0.75,0.76
712829,陽程元大62購02,136110,0.79,0.79,0.71,0.73
712830,陽程元大62購03,299780,0.8,0.8,0.72,0.73
712831,陽程元大63購04,541030,0.84,0.84,0.78,0.78
712832,陽程元大65購03,314600,0.78,0.78,0.7,0.72
712833,群聯元大65購01,0,,,,
712834,廣閎科元大62購01,427180,0.57,0.57,0.54,0.54
712835,營邦元大62購02,92540,1.37,1.52,1.37,1.52
712836,中美晶凱基66購02,0,,,,
712837,方土昶凱基63購02,0,,,,
712838,台特化凱基65購01,47580,1.18,1.18,1.14,1.16
712839,系統電凱基66購01,8700,0.87,0.87,0.87,0.87
712840,威剛凱基64購04,0,,,,
712841,茂迪凱基63購01,0,,,,
712842,博智凱基63購05,0,,,,
712843,順達凱基63購07,14900,1.5,1.5,1.48,1.48
712844,鈊象凱基63購01,0,,,,
712845,群聯凱基68購01,0,,,,
712846,寶雅*凱基63購02,118000,1.18,1.18,1.18,1.18
712847,千附精永豐63購01,10250,1.05,1.05,1.0,1.0
712848,晶呈永豐64購02,83520,0.84,0.9,0.84,0.9
712849,群聯永豐63購05,50400,1.12,1.12,1.12,1.12
712850,群聯永豐63購06,207580,0.9,0.93,0.86,0.86
712851,群聯永豐65購09,260360,1.05,1.12,1.04,1.04
712852,頎邦國泰63購04,0,,,,
712853,聖暉*富邦62購01,0,,,,
712854,大中國票63購01,9720,1.08,1.08,1.08,1.08
712855,華義*國票68購01,0,,,,
712856,越峰國票68購01,0,,,,
712857,陽程國票64購01,0,,,,
712858,陽程國票65購01,64260,1.66,1.66,1.52,1.52
712859,陽程國票68購01,35340,1.81,1.81,1.74,1.77
712860,鏵友益國票66購01,32460,0.86,0.86,0.85,0.85
712861,鏵友益國票68購01,0,,,,
712862,方土昶台新62購01,0,,,,
712863,巨漢台新65購01,0,,,,
712864,欣銓台新65購01,353580,2.08,2.5,2.08,2.5
712865,萬泰科台新65購01,227920,2.6,2.67,2.57,2.67
712866,臺慶科台新65購01,63970,1.31,1.32,1.3,1.3
712867,元太凱基63購02,19710,0.73,0.73,0.73,0.73
712868,世紀*凱基63購02,0,,,,
712869,均華凱基63購01,800000,1.63,1.75,1.61,1.61
712870,群聯凱基64購07,106730,1.83,1.9,1.83,1.89
712871,頎邦凱基63購04,295190,2.24,2.34,2.1,2.22
712872,廣閎科凱基63購02,268080,1.34,1.36,1.28,1.29
712873,雙鴻凱基67購01,259220,3.18,3.18,2.82,3.05
712874,中美晶群益62購06,7450,1.49,1.49,1.49,1.49
712875,方土昶群益63購03,0,,,,
712876,世紀*群益63購03,14300,14.3,14.3,14.3,14.3
712877,由田群益63購01,36170,0.95,1.05,0.92,0.94
712878,威剛群益62購06,1860,0.62,0.62,0.62,0.62
712879,晶呈群益64購01,19580,0.89,0.89,0.89,0.89
712880,華電網群益62購01,0,,,,
712881,鈊象群益62購02,277900,1.43,1.5,1.4,1.5
712882,新應材群益62購03,0,,,,
712883,群聯群益62購05,9700,0.94,1.0,0.94,1.0
712884,雙鴻群益62購05,2475700,1.87,1.91,1.54,1.84
712885,寶雅*群益62購01,0,,,,
712886,中美晶永豐63購01,45900,1.7,1.7,1.7,1.7
712887,方土昶永豐64購01,0,,,,
712888,由田永豐63購01,360820,1.09,1.23,1.06,1.06
712889,群聯永豐63購07,101040,0.94,0.96,0.94,0.96
712890,廣運永豐63購01,19850,1.41,1.42,1.41,1.42
712891,穩懋永豐63購01,437670,3.47,3.61,3.2,3.23
712892,方土昶國票67購01,0,,,,
712893,世紀*國票67購01,5250,1.75,1.75,1.75,1.75
712894,台半國票66購01,0,,,,
712895,由田國票65購01,27230,1.0,1.13,1.0,1.04
712896,利機國票63購01,195740,0.83,0.92,0.83,0.9
712897,邑錡國票64購01,327000,0.82,0.82,0.81,0.81
712898,崇越電國票68購01,5180,0.48,0.48,0.47,0.47
712899,博盛國票66購01,0,,,,
712900,富強鑫國票67購01,0,,,,
712901,漢達國票66購01,0,,,,
712902,寶雅國票66購01,3900,0.65,0.65,0.65,0.65
712903,中美晶元大62購01,157040,1.04,1.04,1.04,1.04
712904,方土昶元大62購01,0,,,,
712905,均華元大68購01,206780,1.07,1.14,1.07,1.14
712906,宜鼎元大65購02,8000,0.8,0.8,0.8,0.8
712907,建榮元大62購01,50460,1.21,1.21,1.14,1.14
712908,群聯元大65購02,284720,0.57,0.59,0.57,0.57
712909,寶雅元大62購01,47710,1.02,1.02,0.99,0.99
712910,由田統一68購02,87720,0.52,0.55,0.51,0.51
712911,均華統一6A購01,171090,0.78,0.79,0.77,0.79
712912,邑錡統一6C購01,0,,,,
712913,晶呈統一68購01,0,,,,
712914,晶呈統一6C購01,15390,0.81,0.81,0.81,0.81
712915,晶呈統一6C購02,24000,0.8,0.8,0.8,0.8
712916,穩懋富邦65購01,2198980,1.24,1.24,1.09,1.09
712917,寶雅富邦64購01,0,,,,
712918,寶雅富邦65購01,2120,0.53,0.53,0.53,0.53
712919,方土昶元大62購02,0,,,,
712920,均華元大68購02,16200,1.35,1.35,1.35,1.35
712921,宜鼎元大65購03,231200,0.93,0.93,0.92,0.92
712922,倉和元大62購03,0,,,,
712923,群聯元大68購03,12560,0.76,0.76,0.72,0.72
712924,臺慶科元大62購01,135830,0.71,0.71,0.7,0.7
712925,川寶國票65購02,287600,0.61,0.62,0.61,0.61
712926,世紀*國票69購01,4200,2.33,2.33,1.87,1.87
712927,宜特國票67購01,0,,,,
712928,倉和國票69購01,73940,1.75,1.8,1.67,1.67
712929,倉和國票6A購01,0,,,,
712930,倉和國票6C購01,116090,2.44,2.45,2.22,2.22
712931,晟德國票65購01,0,,,,
712932,崇越電國票67購01,0,,,,
712933,華景電國票68購01,0,,,,
712934,群聯中信62購03,219940,0.82,0.86,0.81,0.86
712935,雙鴻中信62購01,1410,1.41,1.41,1.41,1.41
712936,桓達永豐63購01,0,,,,
712937,崇越電永豐64購01,0,,,,
712938,雙鴻永豐63購05,185520,2.13,2.17,2.02,2.02
712939,穩懋永豐63購02,109190,1.73,1.76,1.67,1.67
712940,天良台新62購01,0,,,,
712941,崇越電台新62購02,0,,,,
712942,崴寶台新62購01,1210,1.21,1.21,1.21,1.21
712943,新門台新62購01,0,,,,
712944,瑞耘台新62購01,32280,0.81,0.81,0.78,0.78
712945,中美晶凱基64購05,17000,1.7,1.7,1.7,1.7
712946,方土昶凱基63購03,0,,,,
712947,台半凱基64購01,1380,0.69,0.69,0.69,0.69
712948,弘塑凱基68購01,162900,1.63,1.63,1.52,1.52
712949,均華凱基68購02,356440,1.62,1.76,1.62,1.63
712950,宜鼎凱基63購06,38000,0.95,0.95,0.95,0.95
712951,威剛凱基68購01,47560,1.64,1.64,1.64,1.64
712952,崇越電凱基63購01,0,,,,
712953,博盛凱基66購01,9900,0.99,0.99,0.99,0.99
712954,鈊象凱基63購02,0,,,,
712955,新應材凱基63購07,166110,1.65,1.68,1.65,1.68
712956,群聯凱基66購05,82500,1.5,1.5,1.5,1.5
712957,寶雅*凱基63購03,0,,,,
712958,均華群益62購01,1734340,1.28,1.38,1.16,1.16
712959,群聯群益62購06,152120,1.01,1.07,0.97,0.97
712960,雙鴻群益62購06,0,,,,
712961,元太國泰63購01,61440,1.28,1.28,1.28,1.28
712962,倉和國泰63購02,27000,6.85,6.85,6.65,6.65
712963,台特化富邦62購01,0,,,,
712964,新應材富邦64購03,0,,,,
712965,安葆台新62購01,0,,,,
712966,彩富台新62購01,0,,,,
712967,台半凱基63購02,0,,,,
712968,安葆凱基63購01,0,,,,
712969,矽科凱基63購01,21610,0.75,0.82,0.75,0.77
712970,耕興凱基65購01,5200,0.65,0.65,0.65,0.65
712971,崇越電凱基68購01,8700,0.87,0.87,0.87,0.87
712972,群聯凱基63購11,0,,,,
712973,群聯凱基63購12,79900,2.35,2.35,2.35,2.35
712974,群聯凱基64購08,100160,2.04,2.12,2.04,2.12
712975,臺慶科凱基63購04,8800,0.88,0.88,0.88,0.88
712976,營邦凱基63購03,36400,5.2,5.2,5.2,5.2
712977,雙鴻凱基63購11,206100,5.25,5.25,5.05,5.15
712978,穩懋凱基65購01,189930,3.58,3.73,3.2,3.2
712979,寶雅*凱基63購04,0,,,,
712980,鑫聯凱基63購01,45000,0.75,0.75,0.75,0.75
712981,千如國票67購01,0,,,,
712982,世紀*國票65購01,944020,1.05,1.05,1.0,1.0
712983,世紀*國票6B購01,37590,1.2,1.2,1.17,1.17
712984,安葆國票65購01,0,,,,
712985,松瑞藥國票66購01,0,,,,
712986,宸曜國票63購01,1860,0.92,0.94,0.92,0.94
712987,博智國票64購01,93500,1.87,1.87,1.87,1.87
712988,新應材國票63購02,0,,,,
712989,群翊國票65購01,0,,,,
712990,世紀*元大62購03,0,,,,
712991,世紀*元大62購04,0,,,,
712992,世紀*元大68購01,0,,,,
712993,威剛元大65購12,4085480,1.89,1.9,1.84,1.84
712994,崇越電元大62購02,7100,0.36,0.36,0.35,0.35
712995,順達元大68購01,75030,1.23,1.23,1.23,1.23
712996,群聯元大68購04,1122310,1.48,1.51,1.4,1.4
712997,中美晶群益62購07,232000,2.24,2.24,2.07,2.07
712998,弘塑群益62購03,37400,2.6,2.6,2.4,2.4
712999,弘塑群益68購01,186560,1.84,1.94,1.79,1.86
713000,良維群益64購01,1340570,2.59,2.93,2.59,2.6
713001,宜特群益62購03,1580,0.79,0.79,0.79,0.79
713002,宜鼎群益62購02,13300,1.33,1.33,1.33,1.33
713003,威剛群益62購07,27040,3.38,3.38,3.38,3.38
713004,茂綸群益63購01,68580,1.05,1.15,1.05,1.15
713005,倚強群益64購01,0,,,,
713006,原相群益62購03,36300,1.83,1.83,1.8,1.8
713007,能率群益62購01,0,,,,
713008,高技群益62購01,130380,1.59,1.59,1.59,1.59
713009,崇越電群益64購01,0,,,,
713010,博智群益62購03,113690,3.81,3.81,3.7,3.7
713011,閎康群益62購01,41580,1.26,1.26,1.26,1.26
713012,順達群益62購02,5250,1.05,1.05,1.05,1.05
713013,鈊象群益62購03,122690,1.32,1.39,1.32,1.39
713014,新應材群益62購04,152560,1.75,1.95,1.75,1.92
713015,群聯群益62購07,13050,1.27,1.34,1.27,1.34
713016,榮剛群益68購01,22160,2.77,2.77,2.77,2.77
713017,漢達群益62購01,7350,7.35,7.35,7.35,7.35
713018,臺慶科群益65購01,5220,1.31,1.31,1.3,1.3
713019,雙鴻群益62購07,633140,3.22,3.26,3.02,3.02
713020,穩懋群益63購03,543280,1.13,1.21,1.02,1.02
713021,穩懋群益64購04,34100,1.78,1.78,1.63,1.63
713022,台星科統一68購01,0,,,,
713023,良維中信62購01,566260,1.02,1.15,1.0,1.0
713024,宏觀永豐63購01,456440,1.36,1.39,1.36,1.39
713025,宜鼎永豐62購01,4400,0.44,0.44,0.44,0.44
713026,宜鼎永豐63購06,0,,,,
713027,朋程永豐63購01,130410,1.02,1.02,1.01,1.01
713028,晶焱永豐63購01,0,,,,
713029,新應材永豐64購03,0,,,,
713030,立敦台新65購01,50100,1.67,1.67,1.67,1.67
713031,宜鼎台新62購05,102700,2.05,2.05,1.87,1.87
713032,元太群益62購02,90150,0.82,0.82,0.73,0.73
713033,群聯群益62購08,52950,1.27,1.32,1.25,1.32
713034,廣運群益62購01,0,,,,
713035,雙鴻群益62購08,0,,,,
713036,台星科元大62購02,3750,1.25,1.25,1.25,1.25
713037,台星科元大62購03,232310,0.52,0.59,0.52,0.54
713038,安葆元大62購01,40320,1.12,1.12,1.12,1.12
713039,安葆元大62購02,0,,,,
713040,竑騰元大62購01,0,,,,
713041,雙鴻元大62購02,2453480,1.82,1.88,1.62,1.65
713042,雙鴻元大62購03,1045940,2.0,2.27,1.9,1.9
713043,雙鴻元大62購04,8150,1.63,1.63,1.63,1.63
713044,中美晶凱基63購07,220320,2.81,2.81,2.76,2.78
713045,弘塑凱基63購06,20420,1.85,1.92,1.85,1.92
713046,宜特凱基63購02,37440,0.96,0.96,0.96,0.96
713047,宜鼎凱基63購07,550830,1.22,1.22,1.12,1.12
713048,威剛凱基65購02,95680,2.99,2.99,2.99,2.99
713049,原相凱基63購01,0,,,,
713050,能率凱基63購01,0,,,,
713051,順達凱基63購08,0,,,,
713052,鈊象凱基63購03,0,,,,
713053,新應材凱基63購08,45500,1.75,1.75,1.75,1.75
713054,群聯凱基63購13,0,,,,
713055,群聯凱基63購14,49920,1.56,1.56,1.56,1.56
713056,榮剛凱基68購01,0,,,,
713057,大江國票68購01,0,,,,
713058,元太國票65購01,0,,,,
713059,安葆國票63購01,0,,,,
713060,信立國票63購01,88500,1.77,1.77,1.77,1.77
713061,群聯國票63購01,0,,,,
713062,聖暉*國票65購02,0,,,,
713063,廣運國票65購01,0,,,,
713064,世界永豐63購01,1910320,2.1,2.1,2.03,2.03
713065,世界永豐64購02,120340,2.2,2.2,2.09,2.09
713066,安葆永豐64購01,0,,,,
713067,威剛永豐63購01,139040,1.76,1.76,1.76,1.76
713068,威剛永豐63購02,84160,1.36,1.38,1.36,1.38
713069,穩懋永豐63購03,0,,,,
713070,元太富邦64購02,135690,0.54,0.54,0.51,0.51
713071,宜特富邦64購01,0,,,,
713072,威剛富邦68購01,20040,0.67,0.67,0.66,0.66
713073,高技富邦64購01,358690,0.84,0.86,0.78,0.78
713074,博智富邦63購03,0,,,,
713075,智通*富邦64購03,250230,0.64,0.67,0.64,0.66
713076,雙鴻富邦64購02,0,,,,
713077,寶雅*富邦64購02,48110,0.62,0.62,0.6,0.6
713078,建榮統一6B購01,3830,0.54,0.55,0.54,0.55
713079,巨有台新62購01,0,,,,
713080,巨有台新62購02,226530,4.5,5.5,4.18,4.27
713081,竑騰台新62購04,2880,0.96,0.96,0.96,0.96
713082,高技台新62購01,706450,1.78,1.79,1.53,1.57
713083,群翊台新62購01,0,,,,
713084,群翊台新62購02,0,,,,
713085,榮剛台新65購01,0,,,,
713086,穩懋台新62購02,330950,6.3,6.5,5.65,5.65
713087,穩懋台新62購03,996300,4.59,4.81,4.02,4.05
713088,大江凱基65購01,0,,,,
713089,元太凱基63購03,82020,1.13,1.13,1.05,1.05
713090,台星科凱基63購01,13010,1.31,1.31,1.17,1.17
713091,正德凱基63購01,0,,,,
713092,威剛凱基63購08,39000,1.5,1.5,1.5,1.5
713093,威剛凱基63購09,40250,1.75,1.75,1.75,1.75
713094,威剛凱基63購10,0,,,,
713095,威剛凱基63購11,10920,1.82,1.82,1.82,1.82
713096,竑騰凱基63購01,43300,0.66,0.66,0.6,0.6
713097,群聯凱基63購15,15300,1.7,1.7,1.7,1.7
713098,群聯凱基63購16,112960,2.15,2.22,2.12,2.22
713099,聖暉*凱基63購01,0,,,,
713100,廣運凱基65購01,0,,,,
713101,雙鴻凱基68購01,0,,,,
713102,高技國泰63購01,25990,1.57,1.57,1.5,1.5
713103,群翊國泰63購01,0,,,,
713104,大綜國票63購01,758090,1.85,1.99,1.82,1.92
713105,大綜國票64購01,332050,1.34,1.37,1.34,1.37
713106,宏捷科國票66購01,750,0.75,0.75,0.75,0.75
713107,竑騰國票64購01,9400,0.94,0.94,0.94,0.94
713108,群翊國票66購01,0,,,,
713109,聖暉*富邦62購02,213620,0.59,0.61,0.59,0.61
713110,台半中信62購01,21750,0.75,0.75,0.75,0.75
713111,宜鼎中信62購02,16280,0.44,0.44,0.44,0.44
713112,威剛中信62購01,14380,0.85,0.85,0.84,0.84
713113,大綜永豐63購01,26880,1.12,1.12,1.12,1.12
713114,宏碩永豐65購01,0,,,,
713115,威剛永豐63購03,0,,,,
713116,竑騰永豐63購02,0,,,,
713117,頎邦永豐64購02,83590,2.37,2.41,2.37,2.37
713118,榮剛永豐63購02,0,,,,
713119,廣運永豐64購01,0,,,,
713120,中美晶群益62購08,277960,1.6,1.64,1.5,1.5
713121,元太群益62購03,4300,0.86,0.86,0.86,0.86
713122,台半群益62購04,226790,2.79,2.79,2.56,2.56
713123,系統電群益64購01,1230,1.23,1.23,1.23,1.23
713124,宜鼎群益64購01,6330,0.73,0.73,0.67,0.67
713125,欣銓群益62購01,197120,3.39,3.82,3.36,3.63
713126,青雲群益64購01,51250,1.94,1.94,1.73,1.73
713127,威剛群益62購08,238700,1.54,1.54,1.54,1.54
713128,博士旺群益62購01,0,,,,
713129,順達群益62購03,49840,2.96,2.96,2.92,2.92
713130,鈊象群益62購04,264670,1.13,1.2,1.13,1.17
713131,新應材群益62購05,0,,,,
713132,群翊群益62購01,0,,,,
713133,群聯群益62購09,47660,1.13,1.17,1.13,1.17
713134,鉅橡群益62購01,0,,,,
713135,頎邦群益63購01,134940,4.55,4.55,4.04,4.27
713136,臺慶科群益62購01,230450,2.62,2.62,2.52,2.52
713137,廣閎科群益62購01,246000,3.0,3.0,3.0,3.0
713138,大綜元大62購01,204770,1.39,1.47,1.36,1.47
713139,中美晶元大62購02,43400,1.24,1.24,1.24,1.24
713140,弘塑元大62購02,76080,1.06,1.13,1.06,1.12
713141,均華元大62購01,102620,1.01,1.04,0.97,0.97
713142,沛亨元大62購01,159480,1.63,1.72,1.63,1.69
713143,宜鼎元大62購03,373860,0.45,0.45,0.43,0.43
713144,威剛元大65購13,84580,1.5,1.5,1.48,1.48
713145,高技元大62購01,0,,,,
713146,群聯元大62購05,675090,1.08,1.14,1.08,1.14
713147,群聯元大62購06,139680,0.96,1.0,0.96,1.0
713148,中美晶凱基62購01,0,,,,
713149,台半凱基66購01,30880,1.93,1.93,1.93,1.93
713150,弘塑凱基65購01,868670,2.85,3.1,2.78,2.89
713151,均華凱基62購01,578560,2.05,2.17,2.05,2.06
713152,系統電凱基64購03,0,,,,
713153,宜鼎凱基64購03,157550,0.77,0.77,0.71,0.71
713154,威剛凱基62購01,0,,,,
713155,高技凱基65購01,102070,1.73,1.73,1.73,1.73
713156,鈊象凱基62購01,0,,,,
713157,新應材凱基62購01,94750,1.09,1.15,1.09,1.15
713158,群聯凱基62購02,0,,,,
713159,頎邦凱基68購01,350600,4.8,4.9,4.54,4.69
713160,廣閎科凱基62購01,555920,2.86,2.86,2.55,2.55
713161,磐亞凱基62購01,186300,0.81,0.81,0.81,0.81
713162,磐亞凱基62購02,0,,,,
713163,磐亞凱基62購03,0,,,,
713164,磐亞凱基62購04,0,,,,
713165,磐亞凱基62購05,1120,1.12,1.12,1.12,1.12
713166,環球晶凱基62購01,9300,0.93,0.93,0.93,0.93
713167,環球晶凱基62購02,970,0.97,0.97,0.97,0.97
713168,環球晶凱基62購03,0,,,,
713169,環球晶凱基62購04,16350,1.09,1.09,1.09,1.09
713170,環球晶凱基62購05,19400,0.97,0.97,0.97,0.97
713171,環球晶凱基64購01,0,,,,
713172,環球晶凱基64購02,344600,0.7,0.74,0.62,0.63
713173,環球晶凱基64購03,0,,,,
713174,環球晶凱基64購04,0,,,,
713175,雙鴻凱基68購02,2900,2.9,2.9,2.9,2.9
713176,宏碩台新62購01,48650,1.39,1.39,1.39,1.39
713177,順達台新62購02,47720,1.68,1.73,1.68,1.7
713178,環球晶台新62購03,48850,1.15,1.15,1.02,1.02
713179,環球晶台新62購04,94410,0.96,0.96,0.81,0.81
713180,環球晶台新62購05,0,,,,
713181,環球晶台新62購06,0,,,,
713182,環球晶台新68購01,2020,2.02,2.02,2.02,2.02
713183,環球晶台新68購02,16600,1.67,1.67,1.65,1.65
713184,元太群益62購04,107240,0.76,0.76,0.72,0.73
713185,宜鼎群益62購03,0,,,,
713186,環球晶群益62購02,0,,,,
713187,環球晶群益62購03,12750,0.85,0.85,0.85,0.85
713188,環球晶群益62購04,0,,,,
713189,環球晶群益63購01,0,,,,
713190,環球晶統一66購01,37310,0.71,0.73,0.66,0.67
713191,環球晶統一6A購01,0,,,,
713192,環球晶統一6A購02,0,,,,
713193,環球晶統一6C購01,0,,,,
713194,環球晶統一78購01,60740,0.58,0.58,0.53,0.53
713195,雙鴻統一6A購03,114010,1.13,1.15,1.07,1.07
713196,威剛國泰63購02,0,,,,
713197,環球晶國泰63購01,118180,1.24,1.25,1.24,1.25
713198,環球晶國泰64購01,110740,1.24,1.25,1.24,1.25
713199,環球晶國泰67購01,0,,,,
713200,良維富邦64購01,687820,1.01,1.1,1.0,1.0
713201,群翊富邦65購01,72680,0.46,0.46,0.46,0.46
713202,環球晶富邦62購01,0,,,,
713203,環球晶富邦62購02,79430,0.47,0.48,0.44,0.44
713204,環球晶富邦65購01,0,,,,
713205,環球晶中信62購01,57170,0.36,0.37,0.31,0.31
713206,環球晶中信62購02,7660,0.59,0.59,0.53,0.53
713207,磐亞永豐63購01,0,,,,
713208,環球晶永豐63購01,52530,1.06,1.06,0.94,0.94
713209,環球晶永豐63購02,77710,0.87,0.87,0.76,0.76
713210,環球晶永豐63購03,0,,,,
713211,環球晶永豐63購04,0,,,,
713212,環球晶永豐63購05,2174890,0.84,0.89,0.75,0.75
713213,環球晶永豐63購06,0,,,,
713214,環球晶永豐65購01,0,,,,
713215,環球晶永豐65購02,2080,1.04,1.04,1.04,1.04
713216,環球晶永豐65購03,86120,1.35,1.35,1.33,1.33
713217,環球晶永豐68購01,0,,,,
713218,環球晶永豐68購02,0,,,,
713219,環球晶永豐72購01,28710,3.19,3.19,3.19,3.19
713220,雙鴻永豐63購06,0,,,,
713221,雙鴻永豐64購06,413830,2.3,2.34,2.06,2.19
713222,中美晶國票63購02,35900,1.1,1.1,1.0,1.0
713223,均華國票65購01,162730,2.83,2.83,2.8,2.8
713224,沛亨國票68購02,66880,1.7,1.78,1.7,1.73
713225,威剛國票64購02,0,,,,
713226,威聯通國票66購01,0,,,,
713227,博盛國票64購01,0,,,,
713228,磐亞國票66購01,0,,,,
713229,環球晶國票64購01,11880,0.93,0.93,0.86,0.86
713230,雙鴻國票63購02,0,,,,
713231,中美晶元大62購03,31800,0.53,0.53,0.53,0.53
713232,均華元大62購02,0,,,,
713233,均華元大66購01,15600,1.3,1.3,1.3,1.3
713234,均華元大67購01,29530,1.06,1.13,1.06,1.13
713235,威剛元大65購14,0,,,,
713236,群聯元大62購07,702870,1.24,1.31,1.24,1.26
713237,群聯元大62購08,289090,0.96,0.97,0.96,0.97
713238,磐亞元大62購01,0,,,,
713239,營邦元大65購01,43750,1.66,1.69,1.66,1.69
713240,環球晶元大62購01,0,,,,
713241,環球晶元大62購02,1540,0.77,0.77,0.77,0.77
713242,環球晶元大62購03,148450,0.5,0.5,0.43,0.43
713243,環球晶元大65購03,57000,0.95,0.95,0.95,0.95
713244,環球晶元大68購09,68860,1.26,1.26,1.17,1.17
713245,元太凱基63購04,177910,1.82,1.82,1.66,1.66
713246,威剛凱基65購03,0,,,,
713247,群聯凱基63購17,0,,,,
713248,營邦凱基63購04,348390,2.49,2.68,2.49,2.65
713249,雙鴻凱基64購03,384000,3.27,3.3,2.83,2.83
713250,聖暉*台新63購01,63310,1.92,1.92,1.73,1.73
713251,璟德台新65購01,53600,1.1,1.1,1.04,1.04
713252,優群台新65購01,0,,,,
713253,雙鴻台新63購02,0,,,,
713254,雙鴻台新63購03,233300,5.05,5.05,4.7,4.7
713255,中美晶群益63購04,77600,3.88,3.88,3.88,3.88
713256,弘塑群益63購04,93500,3.64,3.85,3.64,3.72
713257,宜鼎群益63購03,21440,0.67,0.67,0.67,0.67
713258,威剛群益63購03,44110,2.33,2.33,2.25,2.25
713259,順達群益63購03,160620,3.01,3.01,2.85,2.87
713260,鈊象群益63購02,223190,1.81,1.86,1.81,1.86
713261,新應材群益64購01,0,,,,
713262,群聯群益63購04,51520,1.2,1.25,1.19,1.25
713263,雙鴻群益63購05,188550,2.34,2.34,2.07,2.07
713264,宜鼎中信68購01,31200,0.52,0.52,0.52,0.52
713265,群聯中信63購02,39290,0.65,0.68,0.65,0.68
713266,穩懋中信63購01,236230,1.17,1.24,1.1,1.1
713267,穩懋中信68購02,395710,1.07,1.09,1.01,1.01
713268,智通*永豐63購02,64780,0.79,0.79,0.79,0.79
713269,雙鴻永豐65購03,1189450,5.65,5.85,5.25,5.45
713270,雙鴻永豐65購04,175960,2.35,2.35,2.27,2.27
713271,譜瑞永豐63購01,195000,1.5,1.5,1.5,1.5
713272,中美晶元大63購05,520780,1.37,1.37,1.3,1.31
713273,中美晶元大63購06,151140,0.65,0.67,0.65,0.66
713274,中美晶元大63購07,119320,0.61,0.64,0.59,0.59
713275,宜鼎元大65購04,578520,1.25,1.25,1.18,1.18
713276,宜鼎元大66購01,368540,0.73,0.73,0.69,0.69
713277,威剛元大63購05,192900,1.43,1.43,1.38,1.38
713278,威剛元大65購15,36000,0.72,0.72,0.72,0.72
713279,高技元大63購03,16900,1.3,1.3,1.3,1.3
713280,高技元大63購04,144300,1.48,1.48,1.45,1.45
713281,順達元大65購01,328140,1.79,1.83,1.7,1.7
713282,鈊象元大63購10,266910,1.23,1.23,1.23,1.23
713283,群聯元大63購17,366990,0.96,0.99,0.95,0.95
713284,群聯元大63購18,0,,,,
713285,營邦元大65購02,1067880,2.53,2.72,2.52,2.71
713286,營邦元大66購01,1898170,2.16,2.33,2.16,2.21
713287,弘塑國票63購02,11700,1.17,1.17,1.17,1.17
713288,正德國票63購01,0,,,,
713289,正德國票64購01,0,,,,
713290,鈊象國票66購01,441450,1.02,1.04,1.02,1.03
713291,群翊國票68購01,7120,0.72,0.72,0.7,0.7
713292,群聯國票68購01,0,,,,
713293,聖暉*國票68購01,0,,,,
713294,頎邦國票64購04,653860,1.56,1.56,1.46,1.5
713295,營邦國票63購01,6480,3.24,3.24,3.24,3.24
713296,營邦國票64購01,440310,3.02,3.31,3.02,3.19
713297,環球晶國票63購01,64950,1.7,1.7,1.58,1.59
713298,晶呈富邦64購01,204540,0.74,0.79,0.74,0.74
713299,廣閎科富邦63購01,187940,0.67,0.71,0.67,0.69
713300,穩懋富邦63購02,387970,1.65,1.81,1.58,1.62
713301,天良國泰63購01,1060,0.53,0.53,0.53,0.53
713302,晶呈國泰63購01,543000,1.64,1.64,1.58,1.58
713303,晶呈國泰63購02,59860,1.46,1.46,1.46,1.46
713304,磐亞國泰63購01,23850,0.6,0.6,0.59,0.59
713305,穩懋國泰64購02,927680,2.89,2.97,2.67,2.7
713306,穩懋國泰65購01,2586550,1.73,1.8,1.56,1.57
713307,環球晶統一67購01,0,,,,
713308,千附精凱基65購01,0,,,,
713309,中美晶凱基63購08,43700,2.3,2.3,2.3,2.3
713310,台半凱基65購01,0,,,,
713311,弘塑凱基63購07,0,,,,
713312,良維凱基63購02,931650,3.67,4.11,3.49,3.51
713313,高技凱基63購02,190180,1.72,1.74,1.63,1.63
713314,順達凱基63購09,176810,3.93,3.93,3.73,3.73
713315,鈊象凱基63購04,0,,,,
713316,新應材凱基65購01,110310,2.27,2.36,2.27,2.36
713317,群翊凱基63購01,0,,,,
713318,頎邦凱基63購05,510920,1.8,1.89,1.75,1.78
713319,頎邦凱基63購06,254810,1.62,1.7,1.51,1.62
713320,精材凱基63購03,174680,4.04,4.16,4.04,4.16
713321,精材凱基63購04,65970,4.37,4.43,4.31,4.31
713322,精材凱基63購05,0,,,,
713323,精材凱基63購06,58440,4.79,4.88,4.79,4.87
713324,環球晶凱基63購01,44020,1.57,1.59,1.54,1.54
713325,高技台新63購01,441250,1.44,1.44,1.22,1.22
713326,華宏台新63購01,212160,0.94,0.98,0.93,0.93
713327,華景電台新63購01,128030,1.1,1.1,1.09,1.09
713328,華景電台新63購02,62220,1.02,1.02,1.02,1.02
713329,順達台新63購01,7450,1.49,1.49,1.49,1.49
713330,頎邦台新65購01,1473140,2.72,2.83,2.6,2.6
713331,精材台新63購01,192240,2.01,2.16,2.01,2.16
713332,精材台新63購02,198780,2.29,2.46,2.29,2.46
713333,雙鴻台新65購03,912800,13.0,13.2,10.9,11.7
713334,譜瑞台新65購01,238170,1.75,1.91,1.73,1.84
713335,千附精元大63購02,22160,0.78,0.82,0.78,0.82
713336,元太元大63購09,230770,0.73,0.73,0.69,0.69
713337,元太元大65購05,54940,0.82,0.82,0.82,0.82
713338,威剛元大63購06,0,,,,
713339,高技元大63購05,46440,1.32,1.34,1.32,1.32
713340,鈊象元大63購11,409590,1.29,1.34,1.28,1.34
713341,群聯元大63購19,352600,1.04,1.08,1.04,1.08
713342,精材元大65購01,675330,1.41,1.48,1.4,1.4
713343,環球晶元大63購01,297360,1.43,1.46,1.31,1.31
713344,環球晶元大63購02,102870,1.36,1.36,1.31,1.31
713345,環球晶元大63購03,980,0.98,0.98,0.98,0.98
713346,環球晶元大65購04,21060,0.92,0.93,0.9,0.9
713347,環球晶元大68購10,172500,0.75,0.75,0.68,0.68
713348,雙鴻元大63購11,6860,1.72,1.72,1.71,1.71
713349,雙鴻元大63購12,0,,,,
713350,雙鴻元大63購13,0,,,,
713351,雙鴻元大65購01,68950,1.5,1.59,1.45,1.45
713352,譜瑞元大63購05,172010,1.16,1.24,1.15,1.24
713353,弘塑中信65購01,95620,0.56,0.63,0.56,0.59
713354,博智中信65購01,0,,,,
713355,精材中信68購01,68550,1.05,1.07,1.04,1.07
713356,千附精永豐63購02,0,,,,
713357,台半永豐63購03,0,,,,
713358,弘塑永豐63購03,100330,1.27,1.27,1.27,1.27
713359,弘塑永豐68購01,0,,,,
713360,利機永豐63購01,0,,,,
713361,均華永豐63購03,108320,1.05,1.05,1.01,1.01
713362,原相永豐63購01,0,,,,
713363,家登永豐63購04,33600,2.24,2.24,2.24,2.24
713364,高技永豐65購01,102170,0.94,0.94,0.86,0.86
713365,崇越電永豐65購01,0,,,,
713366,博智永豐63購02,0,,,,
713367,華宏永豐63購01,43470,1.07,1.09,1.07,1.07
713368,閎康永豐63購01,0,,,,
713369,新應材永豐66購01,0,,,,
713370,頎邦永豐63購03,57960,1.62,1.62,1.59,1.59
713371,頎邦永豐63購04,18880,1.18,1.18,1.18,1.18
713372,精材永豐63購03,0,,,,
713373,精材永豐63購04,0,,,,
713374,精材永豐68購01,43960,3.14,3.14,3.14,3.14
713375,精材永豐68購02,112530,3.51,3.7,3.51,3.54
713376,穩懋永豐63購04,82320,3.3,3.3,3.27,3.27
713377,中美晶群益63購05,32000,3.2,3.2,3.2,3.2
713378,世界群益63購02,243470,0.97,1.15,0.97,1.13
713379,台半群益63購02,0,,,,
713380,弘塑群益63購05,36710,0.94,0.97,0.94,0.97
713381,均華群益66購01,89400,4.42,4.52,4.42,4.52
713382,威剛群益63購04,0,,,,
713383,威剛群益63購05,0,,,,
713384,博盛群益63購01,207930,1.03,1.03,1.02,1.02
713385,鈊象群益63購03,279340,1.93,1.96,1.93,1.94
713386,新應材群益63購01,0,,,,
713387,群聯群益63購05,96200,1.92,2.0,1.91,2.0
713388,群聯群益63購06,16500,0.8,0.8,0.77,0.77
713389,精材群益63購04,397000,3.2,3.49,3.09,3.27
713390,雙鴻群益63購06,96400,3.78,3.97,3.78,3.97
713391,雙鴻群益66購01,20800,1.04,1.04,1.04,1.04
713392,穩懋群益65購01,85430,1.53,1.61,1.44,1.44
713393,元太國票63購01,0,,,,
713394,世界國票65購01,0,,,,
713395,台半國票68購01,0,,,,
713396,沛亨國票63購01,5100,1.7,1.7,1.7,1.7
713397,良維國票69購01,117000,1.3,1.3,1.3,1.3
713398,宜特國票65購01,0,,,,
713399,杰力國票65購02,0,,,,
713400,長科*國票63購01,5160,0.86,0.86,0.86,0.86
713401,茂達國票63購01,8300,0.83,0.83,0.83,0.83
713402,晶呈國票63購01,0,,,,
713403,順達國票65購03,0,,,,
713404,萬泰科國票63購01,2480,0.83,0.83,0.82,0.82
713405,鉅橡國票65購01,0,,,,
713406,精材國票65購03,1690,1.69,1.69,1.69,1.69
713407,環球晶國票63購02,28190,1.63,1.63,1.44,1.44
713408,譜瑞國票63購01,0,,,,
713409,頎邦國泰63購05,426630,1.9,1.99,1.85,1.85
713410,雙鴻國泰63購03,0,,,,
713411,雙鴻國泰63購04,155550,2.85,2.85,2.82,2.82
713412,均華統一67購01,146750,0.7,0.75,0.7,0.75
713413,東捷統一68購02,97640,1.04,1.06,1.04,1.06
713414,精材統一66購02,0,,,,
713415,精材統一67購03,253670,1.09,1.13,1.08,1.08
713416,精材統一6C購03,0,,,,
713417,雙鴻統一65購03,339430,1.21,1.29,1.11,1.22
713418,穩懋統一65購03,1051650,0.98,1.04,0.91,0.91
713419,弘塑富邦63購03,380140,0.76,0.82,0.76,0.77
713420,群聯富邦65購01,764610,0.87,0.9,0.86,0.86
713421,群聯富邦65購02,490130,0.81,0.82,0.78,0.78
713422,精材富邦65購01,167240,1.39,1.46,1.39,1.44
713423,精材富邦68購01,128600,1.43,1.51,1.43,1.46
713424,廣閎科富邦63購02,232090,0.75,0.76,0.75,0.76
713425,茂綸國票68購01,27710,0.94,0.95,0.9,0.9
713426,鴻呈國票68購01,0,,,,
713427,元太凱基65購02,39520,1.52,1.52,1.52,1.52
713428,均華凱基65購01,667020,1.9,1.99,1.9,1.9
713429,杰力凱基65購01,0,,,,
713430,威剛凱基63購12,0,,,,
713431,晶呈凱基63購01,558380,1.95,1.98,1.79,1.79
713432,群聯凱基68購02,543830,2.54,2.64,2.54,2.56
713433,雙鴻凱基63購12,179090,3.16,3.21,2.93,2.93
713434,穩懋凱基63購09,41770,2.37,2.37,2.04,2.2
713435,譜瑞凱基63購02,467340,1.26,1.37,1.26,1.35
713436,譜瑞凱基63購03,234000,1.48,1.68,1.48,1.61
713437,譜瑞凱基63購04,558860,1.2,1.37,1.2,1.29
713438,譜瑞凱基65購01,68750,1.96,2.16,1.96,2.05
713439,譜瑞凱基65購02,89760,1.87,1.87,1.87,1.87
713440,久元台新63購01,366380,1.1,1.1,1.05,1.09
713441,均華台新63購02,23360,1.46,1.46,1.46,1.46
713442,宜鼎台新63購02,33200,1.66,1.66,1.66,1.66
713443,威剛台新63購03,20520,1.14,1.14,1.14,1.14
713444,威剛台新63購04,46970,4.7,4.7,4.69,4.69
713445,茂綸台新63購01,98330,1.82,1.87,1.68,1.72
713446,倚強台新63購01,0,,,,
713447,群聯台新63購02,13700,1.37,1.37,1.37,1.37
713448,群聯台新63購03,0,,,,
713449,群聯台新63購04,0,,,,
713450,群聯台新68購02,56660,1.76,1.78,1.76,1.78
713451,頎邦台新63購01,1019450,2.14,2.24,2.0,2.07
713452,鴻呈台新63購01,0,,,,
713453,穩懋台新63購02,76490,2.25,2.33,2.25,2.33
713454,穩懋台新65購03,0,,,,
713455,高技中信65購01,101460,0.73,0.74,0.65,0.65
713456,崇越電中信63購01,0,,,,
713457,群聯中信68購01,0,,,,
713458,雙鴻中信68購01,20200,1.34,1.36,1.34,1.36
713459,穩懋中信68購03,0,,,,
713460,互動永豐63購01,0,,,,
713461,均華永豐63購04,0,,,,
713462,沛亨永豐63購01,279400,3.42,4.3,3.33,3.37
713463,良維永豐63購02,82440,1.32,1.32,1.18,1.2
713464,宜鼎永豐63購07,0,,,,
713465,順達永豐63購05,65580,0.79,0.79,0.78,0.78
713466,新復興永豐63購01,0,,,,
713467,新應材永豐66購02,59630,0.89,0.89,0.89,0.89
713468,環球晶永豐63購07,9730,1.39,1.39,1.39,1.39
713469,環球晶永豐63購08,0,,,,
713470,鴻呈永豐65購01,66700,0.58,0.58,0.58,0.58
713471,台特化群益63購01,0,,,,
713472,弘塑群益63購06,22000,2.2,2.2,2.2,2.2
713473,信立群益63購01,2450,0.49,0.49,0.49,0.49
713474,倚強群益65購01,0,,,,
713475,高技群益63購01,0,,,,
713476,博智群益63購03,0,,,,
713477,順達群益63購04,31800,0.6,0.6,0.6,0.6
713478,頎邦群益63購02,526020,4.15,4.28,3.88,3.93
713479,精材群益63購05,75820,2.54,2.73,2.47,2.47
713480,精材群益65購01,94920,2.0,2.04,1.89,1.89
713481,環球晶群益63購02,11630,1.42,1.51,1.42,1.51
713482,穩懋群益63購04,4059630,1.88,2.12,1.67,1.68
713483,譜瑞群益63購01,454340,1.21,1.3,1.21,1.3
713484,長科*國泰63購01,60380,1.44,1.44,1.34,1.34
713485,高技國泰63購02,74180,0.94,0.94,0.93,0.93
713486,世界富邦63購01,158150,0.59,0.67,0.59,0.66
713487,均華富邦63購02,361340,0.89,1.04,0.89,0.95
713488,沛亨富邦63購01,138220,1.02,1.16,1.02,1.11
713489,博智富邦63購04,0,,,,
713490,穩懋富邦63購03,3360110,0.9,0.97,0.81,0.81
713491,台半統一68購02,0,,,,
713492,能率亞統一6B購01,0,,,,
713493,崇越電統一6B購01,0,,,,
713494,穩懋統一68購04,462570,0.78,0.83,0.78,0.82
713495,台半元大63購04,97850,0.64,0.64,0.63,0.63
713496,台半元大63購05,114030,0.6,0.6,0.57,0.57
713497,台半元大63購06,96700,0.67,0.67,0.66,0.66
713498,台半元大68購02,153680,0.74,0.74,0.71,0.71
713499,弘塑元大66購01,47210,1.16,1.19,1.16,1.19
713500,弘塑元大68購02,707450,1.01,1.07,1.01,1.01
713501,弘塑元大68購03,21050,1.42,1.42,1.37,1.37
713502,均華元大63購01,38800,0.97,0.97,0.97,0.97
713503,宜鼎元大63購07,0,,,,
713504,威剛元大63購07,295830,1.5,1.5,1.43,1.43
713505,威剛元大63購08,0,,,,
713506,能率元大63購03,0,,,,
713507,晶呈元大63購01,16770,1.29,1.29,1.29,1.29
713508,新應材元大65購01,139120,1.55,1.59,1.55,1.59
713509,新應材元大68購01,455230,0.95,1.0,0.95,1.0
713510,群聯元大63購20,223850,0.95,0.96,0.95,0.96
713511,精材元大65購02,2052260,2.01,2.12,1.98,1.98
713512,蜜望實元大63購03,42530,0.45,0.46,0.45,0.45
713513,環球晶元大63購04,0,,,,
713514,環球晶元大63購05,88100,0.83,0.83,0.75,0.75
713515,環球晶元大65購05,0,,,,
713516,環球晶元大68購11,117650,0.74,0.79,0.71,0.71
713517,雙鴻元大63購14,1741770,1.76,1.81,1.54,1.74
713518,雙鴻元大63購15,541370,2.03,2.12,1.97,1.99
713519,雙鴻元大63購16,603820,1.76,1.79,1.64,1.64
713520,雙鴻元大63購17,401450,1.54,1.55,1.5,1.5
713521,譜瑞元大63購06,0,,,,
713522,譜瑞元大63購07,433240,0.74,0.8,0.74,0.79
713523,力致台新63購01,0,,,,
713524,兆利台新64購01,0,,,,
713525,兆利台新65購01,0,,,,
713526,精材台新63購03,118760,2.15,2.34,2.15,2.34
713527,廣閎科台新63購01,0,,,,
713528,環球晶台新63購02,468490,3.13,3.22,2.68,2.75
713529,環球晶台新63購03,0,,,,
713530,雙鴻台新64購01,0,,,,
713531,雙鴻台新64購02,31020,2.82,2.82,2.82,2.82
713532,台半凱基63購03,0,,,,
713533,台特化凱基67購02,0,,,,
713534,弘塑凱基69購01,42950,2.65,2.65,2.44,2.44
713535,宜鼎凱基63購08,0,,,,
713536,茂綸凱基64購01,3060770,1.57,1.93,1.57,1.72
713537,高技凱基63購03,0,,,,
713538,博智凱基65購01,0,,,,
713539,順達凱基64購03,0,,,,
713540,新應材凱基66購01,35470,1.28,1.35,1.28,1.35
713541,頎邦凱基65購01,88070,2.83,2.85,2.83,2.85
713542,精材凱基63購07,930890,2.11,2.26,2.06,2.06
713543,精材凱基66購01,144200,2.91,3.06,2.91,3.05
713544,蜜望實凱基63購02,0,,,,
713545,環球晶凱基69購01,259940,2.05,2.05,1.84,1.86
713546,雙鴻凱基63購13,123190,2.58,2.66,2.24,2.24
713547,台半群益66購01,0,,,,
713548,宏捷科群益63購01,0,,,,
713549,沛亨群益63購01,758630,2.54,2.55,2.25,2.27
713550,朋程群益63購01,94560,1.02,1.02,1.01,1.01
713551,欣銓群益63購02,494290,1.28,1.52,1.28,1.5
713552,威剛群益63購06,25020,1.39,1.39,1.39,1.39
713553,高技群益63購02,51660,1.26,1.26,1.26,1.26
713554,華景電群益63購01,93680,0.9,0.92,0.9,0.92
713555,萬泰科群益63購01,209040,1.56,1.56,1.56,1.56
713556,群聯群益63購07,8500,0.84,0.86,0.84,0.86
713557,聖暉*群益63購01,375000,1.25,1.25,1.25,1.25
713558,精材群益63購06,361860,2.98,3.23,2.98,3.23
713559,鴻呈群益66購01,56580,0.73,0.75,0.73,0.75
713560,雙鴻群益63購07,132560,4.39,4.53,4.35,4.35
713561,青雲國票64購01,21500,2.15,2.15,2.15,2.15
713562,青雲國票65購01,62770,2.1,2.1,1.94,1.94
713563,倚強國票64購01,0,,,,
713564,家登國票64購01,8500,1.7,1.7,1.7,1.7
713565,達航國票64購01,0,,,,
713566,精材國票64購01,32570,1.2,1.21,1.12,1.12
713567,雙鴻國票64購01,27800,1.39,1.39,1.39,1.39
713568,頎邦中信69購01,79070,0.85,0.85,0.8,0.84
713569,精材中信69購01,0,,,,
713570,雙鴻中信69購01,31200,0.96,0.96,0.83,0.83
713571,安葆永豐64購02,39770,0.97,0.97,0.97,0.97
713572,宜鼎永豐65購03,0,,,,
713573,宜鼎永豐68購01,78540,1.02,1.02,1.02,1.02
713574,博盛永豐64購01,26700,0.89,0.89,0.89,0.89
713575,華洋永豐65購01,0,,,,
713576,廣閎科永豐64購01,79920,1.11,1.11,1.11,1.11
713577,雙鴻永豐64購07,147200,1.85,1.85,1.64,1.74
713578,雙鴻永豐65購05,189930,2.93,2.96,2.87,2.87
713579,雙鴻永豐68購01,176810,1.48,1.5,1.29,1.42
713580,千附精元大63購03,0,,,,
713581,中美晶元大63購08,3360,0.56,0.56,0.56,0.56
713582,弘塑元大67購02,21800,1.36,1.39,1.35,1.35
713583,弘塑元大68購04,83820,1.17,1.23,1.17,1.23
713584,宜鼎元大63購08,19600,0.56,0.56,0.56,0.56
713585,宜鼎元大63購09,0,,,,
713586,威剛元大63購09,360000,1.5,1.5,1.5,1.5
713587,威剛元大63購10,0,,,,
713588,高技元大63購06,0,,,,
713589,新應材元大66購01,140000,1.13,1.17,1.13,1.17
713590,精材元大63購06,646390,1.91,2.04,1.91,1.99
713591,精材元大63購07,834660,1.57,1.68,1.53,1.53
713592,精材元大63購08,713250,1.44,1.54,1.44,1.5
713593,精材元大63購09,491090,0.87,0.94,0.87,0.92
713594,蜜望實元大63購04,35870,0.34,0.34,0.33,0.33
713595,營邦元大68購01,322990,1.05,1.13,1.05,1.1
713596,環球晶元大63購06,69630,0.69,0.75,0.66,0.66
713597,環球晶元大64購02,5110,0.73,0.73,0.73,0.73
713598,環球晶元大66購05,54610,0.62,0.62,0.55,0.55
713599,鴻呈元大63購01,202290,0.63,0.65,0.63,0.64
713600,鴻呈元大63購02,100960,0.32,0.33,0.32,0.33
713601,雙鴻元大63購18,312560,1.28,1.31,1.28,1.31
713602,雙鴻元大64購06,531680,1.3,1.44,1.3,1.44
713603,雙鴻元大65購02,321200,1.63,1.63,1.53,1.57
713604,鴻呈國泰64購01,36480,0.64,0.64,0.64,0.64
713605,中美晶富邦63購03,172150,0.59,0.64,0.59,0.63
713606,元太富邦65購01,101420,0.64,0.64,0.61,0.61
713607,威剛富邦66購01,140760,0.51,0.51,0.51,0.51
713608,高技富邦66購01,342020,0.6,0.61,0.54,0.54
713609,晶呈富邦65購01,187280,0.66,0.7,0.66,0.67
713610,閎康富邦65購01,21760,0.64,0.64,0.64,0.64
713611,順達富邦64購02,128460,0.5,0.52,0.47,0.47
713612,頎邦富邦66購01,288310,0.77,0.78,0.72,0.72
713613,精材富邦65購02,46300,0.91,0.97,0.91,0.91
713614,精材富邦79購01,396600,1.08,1.12,1.05,1.05
713615,營邦富邦66購01,338900,0.97,1.1,0.97,1.03
713616,雙鴻富邦65購02,195190,1.61,1.69,1.56,1.6
713617,雙鴻富邦66購01,363050,1.75,1.83,1.61,1.74
713618,雙鴻富邦66購02,343570,1.4,1.44,1.36,1.4
713619,雙鴻統一69購01,51480,1.13,1.13,1.07,1.07
713620,雙鴻統一6C購02,107020,0.68,0.7,0.64,0.64
713621,千附群益63購01,0,,,,
713622,均華群益65購01,475440,1.08,1.14,1.08,1.12
713623,亞通群益63購01,4038240,2.96,3.6,2.85,3.6
713624,宜鼎群益65購01,0,,,,
713625,威剛群益63購07,0,,,,
713626,順達群益63購05,146050,1.15,1.15,1.15,1.15
713627,新應材群益64購02,0,,,,
713628,群聯群益63購08,15600,0.8,0.82,0.75,0.75
713629,頎邦群益63購03,492570,4.1,4.35,3.87,3.87
713630,精材群益63購07,129850,2.88,3.15,2.88,3.15
713631,精材群益63購08,355660,1.95,2.13,1.91,1.91
713632,擎亞群益63購01,0,,,,
713633,環球晶群益63購03,246130,1.36,1.47,1.2,1.2
713634,雙鴻群益63購08,99520,2.59,2.75,2.4,2.48
713635,元太國票64購02,0,,,,
713636,世界國票64購01,21850,0.95,0.95,0.95,0.95
713637,弘塑國票64購01,0,,,,
713638,均華國票67購01,244960,1.24,1.3,1.24,1.3
713639,良維國票64購01,0,,,,
713640,宜鼎國票64購01,0,,,,
713641,欣銓國票64購01,4400,0.88,0.88,0.88,0.88
713642,威剛國票64購03,0,,,,
713643,高技國票64購01,0,,,,
713644,創泓國票64購01,58410,1.77,1.77,1.77,1.77
713645,智通*國票65購01,0,,,,
713646,萊德光國票64購01,324990,1.22,1.7,1.17,1.63
713647,雅特力國票64購01,12300,0.82,0.82,0.82,0.82
713648,順達國票64購01,0,,,,
713649,群聯國票64購02,0,,,,
713650,頎邦國票64購05,0,,,,
713651,精材國票64購02,0,,,,
713652,蜜望實國票64購01,26110,1.45,1.47,1.42,1.42
713653,擎亞國票64購01,0,,,,
713654,擎亞國票65購01,0,,,,
713655,擎亞國票66購01,0,,,,
713656,環球晶國票64購02,0,,,,
713657,環球晶國票65購01,932320,2.31,2.34,2.07,2.07
713658,環球晶國票66購01,0,,,,
713659,鴻呈國票64購01,0,,,,
713660,雙鴻國票64購02,0,,,,
713661,安葆台新63購01,0,,,,
713662,能率台新66購01,0,,,,
713663,萊德光台新63購01,1049680,1.45,1.99,1.34,1.66
713664,雅特力台新63購01,0,,,,
713665,精材台新63購04,371730,1.89,1.89,1.68,1.68
713666,擎亞台新63購01,52440,0.57,0.57,0.57,0.57
713667,擎亞台新66購01,70520,0.82,0.82,0.82,0.82
713668,雙鴻台新66購01,0,,,,
713669,千附精元大66購01,218200,0.47,0.48,0.47,0.48
713670,元太元大66購06,82900,1.33,1.33,1.28,1.28
713671,元太元大67購04,461440,1.19,1.19,1.11,1.11
713672,均華元大63購02,756620,0.86,0.91,0.83,0.83
713673,均華元大63購03,57560,0.89,0.93,0.86,0.86
713674,均華元大64購05,0,,,,
713675,宜鼎元大63購10,350980,0.66,0.66,0.63,0.63
713676,宜鼎元大63購11,278850,0.62,0.62,0.61,0.61
713677,青雲元大63購03,34030,0.71,0.71,0.7,0.7
713678,威剛元大63購11,0,,,,
713679,高技元大63購07,277300,0.7,0.7,0.65,0.65
713680,智通*元大67購01,124160,0.92,0.96,0.92,0.95
713681,雅特力元大63購01,15450,1.03,1.03,1.03,1.03
713682,群聯元大63購21,202900,0.84,0.84,0.82,0.82
713683,精材元大63購10,1004300,1.67,1.78,1.67,1.7
713684,精材元大63購11,239160,1.41,1.49,1.41,1.48
713685,精材元大63購12,402020,1.06,1.15,1.06,1.13
713686,精材元大64購02,165800,1.28,1.36,1.28,1.34
713687,精材元大65購03,60640,0.78,0.83,0.78,0.82
713688,蜜望實元大63購05,95500,0.51,0.51,0.5,0.5
713689,擎亞元大63購01,39900,0.5,0.5,0.48,0.48
713690,環球晶元大63購07,107970,2.08,2.15,1.94,1.94
713691,環球晶元大63購08,126980,1.2,1.27,1.1,1.1
713692,環球晶元大67購04,18080,1.13,1.13,1.13,1.13
713693,雙鴻元大63購19,9600,1.2,1.2,1.2,1.2
713694,雙鴻元大63購20,176980,1.14,1.14,1.09,1.09
713695,千附精凱基63購01,0,,,,
713696,中美晶凱基68購02,0,,,,
713697,欣銓凱基68購01,211110,2.36,2.57,2.35,2.48
713698,青雲凱基64購01,93840,1.77,1.77,1.6,1.6
713699,家登凱基64購01,56000,2.1,2.24,2.1,2.24
713700,雅特力凱基63購01,97600,1.0,1.0,0.95,0.95
713701,雅特力凱基63購02,158860,1.09,1.1,1.05,1.05
713702,雅特力凱基63購03,189080,1.06,1.07,1.02,1.02
713703,萬泰科凱基63購01,104310,1.71,1.71,1.71,1.71
713704,群聯凱基64購09,39440,1.36,1.36,1.36,1.36
713705,群聯凱基69購01,89150,2.23,2.3,2.2,2.3
713706,聖暉*凱基63購02,397820,1.47,1.52,1.43,1.43
713707,達航凱基66購01,0,,,,
713708,精材凱基63購08,90050,1.61,1.64,1.61,1.64
713709,擎亞凱基63購01,0,,,,
713710,擎亞凱基63購02,258160,0.48,0.48,0.47,0.47
713711,擎亞凱基66購01,0,,,,
713712,營邦凱基68購01,949720,3.46,3.7,3.46,3.57
713713,鴻呈凱基63購01,0,,,,
713714,雙鴻凱基63購14,40250,2.05,2.05,1.71,1.71
713715,環球晶中信69購01,613420,1.38,1.46,1.29,1.29
713716,千附永豐63購01,32670,0.95,1.0,0.95,0.96
713717,宜鼎永豐67購02,275360,1.11,1.11,1.1,1.11
713718,宜鼎永豐69購01,377940,0.99,1.0,0.96,0.96
713719,青雲永豐64購01,137340,1.35,1.36,1.35,1.36
713720,博士旺永豐63購01,11020,0.58,0.58,0.58,0.58
713721,雅特力永豐64購01,54520,1.04,1.04,0.99,0.99
713722,雅特力永豐66購01,47400,1.36,1.36,1.35,1.35
713723,精材永豐64購03,338680,1.26,1.36,1.26,1.36
713724,精材永豐64購04,25800,1.72,1.72,1.72,1.72
713725,精材永豐64購05,82470,1.35,1.42,1.35,1.42
713726,精材永豐66購01,71740,2.08,2.14,2.08,2.14
713727,蜜望實永豐65購01,28520,1.03,1.03,0.99,0.99
713728,擎亞永豐64購02,47880,0.56,0.56,0.54,0.54
713729,擎亞永豐65購01,85140,0.86,0.86,0.86,0.86
713730,擎亞永豐66購01,35360,0.52,0.52,0.52,0.52
713731,環球晶永豐63購09,0,,,,
713732,環球晶永豐69購01,0,,,,
713733,雙鴻永豐66購03,108180,1.46,1.48,1.46,1.48
713734,精材國泰64購01,92570,1.86,1.99,1.85,1.85
713735,蜜望實國泰64購01,31080,1.11,1.11,1.11,1.11
713736,良維富邦64購02,543350,0.8,0.91,0.79,0.79
713737,宜鼎富邦63購03,18700,0.34,0.34,0.34,0.34
713738,精材富邦63購01,1177020,0.84,0.91,0.8,0.83
713739,擎亞富邦64購01,0,,,,
713740,環球晶富邦63購01,116210,0.7,0.75,0.65,0.65
713741,千附統一67購03,0,,,,
713742,精材統一67購04,2500,0.65,0.65,0.6,0.6
713743,精材統一69購01,0,,,,
713744,擎亞統一69購01,0,,,,
713745,環球晶統一6A購03,0,,,,
713746,雙鴻統一71購01,882240,0.87,0.9,0.87,0.87
713747,千附精台新63購01,0,,,,
713748,台半台新63購01,249810,2.14,2.14,1.99,1.99
713749,台半台新63購02,125260,1.45,1.47,1.32,1.32
713750,弘塑台新63購02,61800,2.06,2.06,2.06,2.06
713751,弘塑台新64購01,0,,,,
713752,弘塑台新65購01,0,,,,
713753,正淩台新66購01,60930,2.27,2.27,2.24,2.24
713754,亞信台新63購01,0,,,,
713755,東捷台新63購01,27860,1.99,1.99,1.99,1.99
713756,新應材台新63購01,148100,1.07,1.16,1.07,1.16
713757,新應材台新63購02,500650,0.89,0.97,0.89,0.97
713758,漢達台新63購01,11250,2.25,2.25,2.25,2.25
713759,漢達台新63購02,0,,,,
713760,雙鴻台新63購04,84560,1.47,1.58,1.47,1.58
713761,元太凱基67購01,126440,1.61,1.61,1.52,1.52
713762,弘塑凱基68購02,482410,2.0,2.01,2.0,2.01
713763,良維凱基69購01,504470,2.38,2.4,2.25,2.25
713764,宜鼎凱基63購09,458650,1.24,1.24,1.15,1.15
713765,威剛凱基63購13,145810,1.92,1.92,1.83,1.83
713766,家登凱基63購03,791950,1.24,1.38,1.19,1.31
713767,高技凱基63購04,0,,,,
713768,智通*凱基63購03,0,,,,
713769,順達凱基63購10,10880,1.36,1.36,1.36,1.36
713770,新應材凱基66購02,132840,1.59,1.65,1.59,1.64
713771,頎邦凱基63購07,94300,2.68,2.78,2.68,2.78
713772,雙鴻凱基63購15,12120,2.02,2.02,2.02,2.02
713773,雙鴻凱基63購16,14600,1.88,1.88,1.66,1.66
713774,雙鴻凱基63購18,216520,1.75,1.75,1.5,1.5
713775,雙鴻凱基63購19,17000,1.7,1.7,1.7,1.7
713776,雙鴻凱基64購04,177200,1.87,1.96,1.65,1.76
713777,雙鴻凱基65購01,0,,,,
713778,雙鴻凱基65購02,12600,2.1,2.1,2.1,2.1
713779,雙鴻凱基65購03,14280,2.38,2.38,2.38,2.38
713780,雙鴻凱基65購04,12540,2.09,2.09,2.09,2.09
713781,中美晶群益68購01,25480,0.69,0.69,0.68,0.68
713782,宏捷科群益63購02,0,,,,
713783,亞信群益63購01,129930,0.61,0.61,0.61,0.61
713784,倚強群益63購01,0,,,,
713785,家登群益63購05,423910,1.05,1.18,1.05,1.12
713786,晶宏群益64購01,0,,,,
713787,群聯群益63購09,135930,1.37,1.47,1.35,1.35
713788,廣閎科群益63購02,376140,1.16,1.16,1.07,1.07
713789,雙鴻群益63購10,0,,,,
713790,雙鴻群益69購01,149190,1.19,1.19,1.07,1.19
713791,中美晶元大63購09,0,,,,
713792,宜鼎元大63購12,398590,0.6,0.6,0.56,0.56
713793,青雲元大63購04,189310,0.64,0.65,0.58,0.58
713794,威剛元大63購12,481380,1.67,1.67,1.62,1.62
713795,威剛元大67購01,12700,0.61,0.61,0.6,0.6
713796,高技元大63購08,0,,,,
713797,群聯元大63購23,80910,0.87,0.89,0.87,0.89
713798,營邦元大63購04,360460,1.87,2.09,1.87,1.94
713799,雙鴻元大63購21,913580,1.09,1.14,1.04,1.04
713800,雙鴻元大63購26,383150,0.89,0.9,0.81,0.89
713801,雙鴻元大63購28,399930,0.79,0.8,0.7,0.76
713802,雙鴻元大63購29,10920,0.91,0.91,0.91,0.91
713803,雙鴻元大64購07,632780,1.0,1.0,0.97,0.98
713804,雙鴻元大64購08,331610,1.0,1.05,0.93,0.93
713805,雙鴻元大64購09,174600,0.73,0.76,0.69,0.69
713806,雙鴻元大65購03,508450,0.77,0.79,0.7,0.78
713807,雙鴻元大65購04,561800,0.71,0.77,0.71,0.76
713808,久元國票65購01,0,,,,
713809,大綜國票66購01,415130,1.78,1.81,1.78,1.81
713810,天良國票64購01,59000,0.59,0.59,0.59,0.59
713811,晶宏國票68購01,4220,0.83,0.9,0.83,0.9
713812,瑞耘國票68購01,0,,,,
713813,萬泰科國票65購01,11280,0.91,0.91,0.86,0.86
713814,聖暉*國票65購03,0,,,,
713815,廣閎科國票65購01,27580,0.98,0.98,0.94,0.94
713816,磐亞國票65購01,0,,,,
713817,雙鴻國票69購02,0,,,,
713818,晶宏統一71購01,11900,0.59,0.6,0.59,0.6
713819,新應材統一69購01,0,,,,
713820,新應材統一6C購01,0,,,,
713821,擎亞統一69購02,0,,,,
713822,雙鴻統一6B購02,0,,,,
713823,雙鴻統一71購02,1134360,0.91,0.91,0.86,0.87
713824,千附精永豐64購02,0,,,,
713825,廣閎科永豐63購03,31640,1.13,1.13,1.13,1.13
713826,廣閎科永豐64購02,34350,1.17,1.17,1.12,1.12
713827,能率富邦65購01,0,,,,
713828,雙鴻富邦65購03,642110,0.9,0.96,0.86,0.88
713829,雙鴻富邦66購03,358060,0.8,0.87,0.77,0.77
713830,雙鴻富邦66購04,207860,0.68,0.72,0.67,0.68
713831,朋億*國泰64購01,26910,1.17,1.17,1.17,1.17
713832,穩得國泰64購01,0,,,,
713833,良維中信69購01,33800,0.65,0.65,0.65,0.65
713834,力致台新63購02,0,,,,
713835,力致台新63購03,146550,0.97,0.97,0.88,0.88
713836,千附台新63購01,16470,0.74,0.76,0.74,0.76
713837,天正台新63購01,0,,,,
713838,宜鼎台新65購02,0,,,,
713839,華洋台新63購01,0,,,,
713840,閎康台新63購01,0,,,,
713841,閎康台新63購02,0,,,,
713842,閎康台新63購03,33370,0.71,0.71,0.71,0.71
713843,騰雲台新63購01,113150,0.87,0.98,0.87,0.98
713844,驊訊台新64購01,0,,,,
713845,驊訊台新64購02,0,,,,
713846,九暘國票65購02,13960,0.6,0.62,0.6,0.62
713847,力致國票66購01,0,,,,
713848,利機國票64購01,119820,0.98,1.16,0.98,1.16
713849,均豪國票64購01,73520,0.87,0.91,0.84,0.84
713850,均豪國票65購01,0,,,,
713851,亞通國票64購01,32930,1.94,2.65,1.94,2.64
713852,亞通國票65購01,157200,2.13,2.8,2.1,2.8
713853,崴寶國票67購01,34760,0.79,0.79,0.79,0.79
713854,晶宏國票6B購01,20420,0.85,0.86,0.83,0.83
713855,智通*國票64購01,0,,,,
713856,華宏國票67購01,6240,0.78,0.78,0.78,0.78
713857,閎康國票65購01,0,,,,
713858,新應材國票65購01,21850,0.95,0.95,0.95,0.95
713859,榮剛國票67購01,0,,,,
713860,營邦國票64購02,32100,2.14,2.14,2.14,2.14
713861,營邦國票64購03,59160,2.04,2.04,2.04,2.04
713862,營邦國票66購01,60760,2.17,2.17,2.17,2.17
713863,大綜凱基63購01,703840,1.34,1.45,1.3,1.35
713864,宏捷科凱基63購02,6000,0.6,0.6,0.6,0.6
713865,宏捷科凱基64購01,0,,,,
713866,沛亨凱基63購02,109300,2.05,2.06,1.95,2.0
713867,亞信凱基63購01,0,,,,
713868,青雲凱基63購02,306760,2.1,2.1,1.85,1.85
713869,晶宏凱基64購01,9200,0.92,0.92,0.92,0.92
713870,鈊象凱基67購01,0,,,,
713871,群聯凱基63購18,56910,1.15,1.19,1.15,1.19
713872,群聯凱基63購19,42800,1.07,1.07,1.07,1.07
713873,聖暉*凱基65購01,0,,,,
713874,漢達凱基65購01,4700,4.7,4.7,4.7,4.7
713875,廣閎科凱基63購03,57900,1.34,1.34,1.22,1.22
713876,營邦凱基63購05,630870,1.55,1.76,1.55,1.7
713877,威剛群益63購08,5850,1.17,1.17,1.17,1.17
713878,晶宏群益64購02,0,,,,
713879,新應材群益63購02,0,,,,
713880,元太永豐64購01,5010,1.67,1.67,1.67,1.67
713881,天正永豐66購01,0,,,,
713882,巨漢永豐64購01,0,,,,
713883,博盛永豐63購03,128000,1.28,1.28,1.28,1.28
713884,晶宏永豐63購01,268510,0.66,0.71,0.65,0.71
713885,千附精富邦63購01,22860,0.26,0.27,0.26,0.27
713886,弘塑國泰64購01,0,,,,
713887,威剛統一69購02,0,,,,
713888,晶宏統一69購01,44800,0.7,0.7,0.7,0.7
713889,擎亞統一71購01,0,,,,
713890,千附精元大69購01,3360,0.56,0.56,0.56,0.56
713891,宏捷科元大63購01,0,,,,
713892,宏捷科元大67購02,0,,,,
713893,良維元大63購03,264820,1.51,1.68,1.51,1.63
713894,良維元大67購01,481430,0.88,0.91,0.87,0.87
713895,宜鼎元大63購13,236490,0.56,0.56,0.51,0.51
713896,威剛元大67購02,0,,,,
713897,建榮元大63購01,73040,1.1,1.1,1.06,1.07
713898,晶宏元大63購01,218340,0.68,0.77,0.68,0.72
713899,雅特力元大63購02,82690,1.04,1.04,1.03,1.03
713900,順達元大63購08,47250,1.05,1.05,1.05,1.05
713901,群翊元大63購01,0,,,,
713902,群聯元大63購24,501810,0.93,0.98,0.93,0.94
713903,擎亞元大63購02,0,,,,
713904,擎亞元大63購03,1680,0.56,0.56,0.56,0.56
713905,天正台新63購02,0,,,,
713906,印能台新63購01,10100,1.01,1.01,1.01,1.01
713907,印能台新63購02,85440,1.28,1.34,1.28,1.34
713908,沛亨台新63購01,755500,2.15,2.25,2.08,2.08
713909,晶宏台新63購01,18970,0.71,0.79,0.71,0.79
713910,晶宏台新63購02,18450,0.76,0.83,0.76,0.83
713911,鈊象台新63購01,41750,1.53,1.55,1.53,1.55
713912,群聯台新63購05,144320,1.4,1.44,1.4,1.44
713913,群聯台新63購06,154320,1.0,1.03,1.0,1.03
713914,力致凱基63購01,0,,,,
713915,印能凱基63購01,797420,1.45,1.63,1.37,1.37
713916,印能凱基63購02,180160,1.48,1.65,1.42,1.42
713917,印能凱基64購02,400570,1.44,1.58,1.37,1.37
713918,印能凱基65購01,928890,1.83,1.98,1.68,1.68
713919,印能凱基65購02,805200,1.79,2.0,1.68,1.68
713920,均豪凱基65購02,44920,1.06,1.1,1.06,1.1
713921,良維凱基63購03,410940,2.41,2.57,2.35,2.39
713922,亞通凱基63購01,117750,2.99,4.01,2.99,4.01
713923,宜鼎凱基63購10,69140,1.25,1.25,1.23,1.23
713924,威剛凱基67購01,53780,2.08,2.08,2.03,2.03
713925,建榮凱基63購02,248580,1.18,1.18,1.06,1.06
713926,晶宏凱基64購02,169000,1.18,1.2,1.13,1.18
713927,智通*凱基64購01,0,,,,
713928,閎康凱基63購02,214750,1.35,1.35,1.27,1.27
713929,新應材凱基68購01,417380,1.43,1.5,1.41,1.49
713930,印能國票64購01,11600,1.16,1.16,1.16,1.16
713931,印能國票65購01,0,,,,
713932,沛亨國票66購02,2260,1.14,1.14,1.12,1.12
713933,泓格國票64購01,13680,0.76,0.76,0.76,0.76
713934,晶宏國票66購01,355550,0.78,0.8,0.78,0.79
713935,群聯國票66購03,18270,1.23,1.23,1.17,1.17
713936,印能群益63購01,16950,1.13,1.13,1.13,1.13
713937,印能群益65購01,0,,,,
713938,沛亨群益64購01,683010,1.99,2.23,1.97,1.97
713939,鈊象群益63購04,141360,1.74,1.88,1.74,1.86
713940,群聯群益63購10,244980,1.39,1.46,1.39,1.45
713941,營邦群益63購02,356780,1.5,1.58,1.5,1.56
713942,營邦群益65購01,24960,1.56,1.56,1.56,1.56
713943,印能中信67購01,126720,0.7,0.74,0.7,0.71
713944,印能統一67購01,110540,0.68,0.7,0.65,0.66
713945,沛亨統一6A購01,0,,,,
713946,晶宏統一67購01,14750,0.59,0.59,0.59,0.59
713947,印能國泰64購01,27090,1.29,1.29,1.29,1.29
713948,印能國泰65購01,120650,1.18,1.25,1.16,1.16
713949,宜特國泰64購01,33810,1.47,1.47,1.47,1.47
713950,晶宏國泰64購01,411830,1.2,1.29,1.2,1.2
713951,營邦國泰64購01,0,,,,
713952,均豪富邦63購01,71120,0.5,0.56,0.5,0.56
713953,營邦富邦66購02,423180,0.67,0.76,0.67,0.72
713954,九暘永豐64購01,69370,0.94,1.0,0.91,0.91
713955,川寶永豐63購01,0,,,,
713956,印能永豐63購01,119310,0.97,0.97,0.97,0.97
713957,印能永豐64購02,20440,0.73,0.73,0.73,0.73
713958,印能永豐65購01,222040,1.1,1.2,1.1,1.13
713959,晶宏永豐64購01,410220,1.18,1.26,1.17,1.2
713960,群翊永豐63購01,0,,,,
713961,頎邦永豐64購03,44080,1.52,1.52,1.52,1.52
713962,頎邦永豐66購01,133500,1.89,1.91,1.89,1.91
713963,中美晶元大63購10,517600,1.3,1.3,1.25,1.25
713964,印能元大67購01,334170,0.79,0.79,0.79,0.79
713965,印能元大68購01,225630,0.79,0.84,0.79,0.8
713966,沛亨元大63購01,151570,1.3,1.39,1.29,1.29
713967,沛亨元大63購02,124200,1.34,1.47,1.33,1.33
713968,沛亨元大69購01,392410,0.9,1.03,0.9,0.97
713969,良維元大63購04,312130,1.42,1.53,1.42,1.48
713970,良維元大67購02,580110,1.25,1.38,1.25,1.3
713971,宜鼎元大63購14,659720,0.83,0.83,0.79,0.79
713972,威剛元大63購13,154100,1.15,1.15,1.15,1.15
713973,晶宏元大63購02,103610,0.63,0.68,0.61,0.61
713974,湧德元大63購01,210020,0.59,0.61,0.59,0.6
713975,順達元大63購09,88230,1.11,1.14,1.11,1.14
713976,順達元大63購10,82220,0.54,0.54,0.5,0.5
713977,新應材元大63購05,112890,0.71,0.71,0.71,0.71
713978,新應材元大63購06,101480,0.96,1.01,0.96,1.01
713979,群聯元大63購25,404410,0.9,0.92,0.89,0.92
713980,聖暉*元大63購01,632400,0.54,0.55,0.53,0.54
713981,漢達元大63購01,4290,4.29,4.29,4.29,4.29
713982,廣閎科元大63購01,7740,1.29,1.29,1.29,1.29
713983,廣閎科元大69購01,18600,0.62,0.62,0.62,0.62
713984,擎亞元大63購04,150920,0.44,0.44,0.44,0.44
713985,擎亞元大63購05,0,,,,
713986,擎亞元大68購01,119320,0.69,0.69,0.68,0.68
713987,譜瑞元大63購08,291980,1.49,1.61,1.48,1.57
713988,東捷台新63購02,0,,,,
713989,東捷台新63購03,27860,1.99,1.99,1.99,1.99
713990,新應材台新64購03,322220,1.26,1.3,1.25,1.3
713991,群聯台新63購07,0,,,,
713992,群聯台新63購08,171200,1.32,1.34,1.32,1.34
713993,德微台新63購01,4164170,2.31,2.31,2.06,2.06
713994,德微台新64購01,0,,,,
713995,德微台新65購01,65500,1.71,1.71,1.61,1.61
713996,立敦群益63購01,88900,1.27,1.27,1.27,1.27
713997,良維群益63購02,152290,1.18,1.37,1.18,1.32
713998,良維群益65購01,500790,1.36,1.48,1.35,1.35
713999,東捷群益65購01,89800,1.55,1.9,1.55,1.9
714000,新應材群益63購03,27600,1.2,1.2,1.2,1.2
714001,群聯群益63購11,212650,1.23,1.29,1.22,1.28
714002,漢達群益64購01,0,,,,
714003,漢達群益65購01,0,,,,
714004,沛亨凱基63購03,2960,2.96,2.96,2.96,2.96
714005,良維凱基63購04,52030,1.21,1.21,1.21,1.21
714006,信紘科凱基63購01,0,,,,
714007,萊德光凱基63購01,73470,1.09,1.27,1.04,1.27
714008,順達凱基65購01,72400,1.92,1.92,1.72,1.72
714009,鈊象凱基63購05,0,,,,
714010,群聯凱基64購10,6810,2.27,2.27,2.27,2.27
714011,聖暉*凱基63購03,5219980,1.62,1.68,1.59,1.59
714012,鈺太凱基63購01,80960,0.88,0.88,0.88,0.88
714013,漢達凱基63購02,0,,,,
714014,德微凱基63購01,55910,2.0,2.0,1.91,1.91
714015,德微凱基63購02,48500,2.23,2.23,1.99,1.99
714016,德微凱基65購01,65090,2.92,2.92,2.55,2.6
714017,營邦凱基63購06,343220,2.02,2.31,2.02,2.17
714018,台半元大63購07,231340,1.36,1.36,1.31,1.32
714019,台半元大63購08,667660,1.02,1.02,0.95,0.95
714020,台半元大63購09,223570,0.83,0.83,0.79,0.8
714021,沛亨元大63購03,146320,1.49,1.61,1.49,1.61
714022,宜鼎元大69購01,709290,0.93,0.93,0.89,0.9
714023,威剛元大63購14,346400,1.62,1.62,1.54,1.54
714024,晶宏元大63購03,128170,0.69,0.74,0.67,0.67
714025,群聯元大63購26,752430,1.15,1.22,1.15,1.17
714026,廣閎科元大63購02,534180,0.63,0.64,0.61,0.61
714027,廣閎科元大69購02,334060,0.6,0.6,0.58,0.58
714028,德微元大63購01,319250,1.53,1.53,1.33,1.33
714029,德微元大69購01,40260,1.47,1.47,1.42,1.42
714030,晶宏中信63購01,70950,0.34,0.37,0.34,0.36
714031,台半國票65購01,0,,,,
714032,正淩國票67購01,0,,,,
714033,宸曜國票64購01,1880,0.93,0.95,0.93,0.95
714034,宸曜國票65購01,0,,,,
714035,高鋒國票65購01,11600,0.58,0.58,0.58,0.58
714036,新門國票69購01,0,,,,
714037,群翊國票65購02,0,,,,
714038,漢達國票69購01,0,,,,
714039,德微國票65購02,0,,,,
714040,譜瑞國票66購02,0,,,,
714041,寶雅*國票66購02,0,,,,
714042,沛亨永豐63購02,0,,,,
714043,良維永豐64購01,77490,1.29,1.29,1.22,1.22
714044,東捷永豐63購04,85040,1.99,2.43,1.99,2.43
714045,東捷永豐64購03,23240,1.66,1.66,1.66,1.66
714046,泓格永豐63購01,169590,1.59,1.66,1.59,1.66
714047,泓格永豐64購02,94050,0.99,0.99,0.99,0.99
714048,德微永豐64購01,37280,1.3,1.3,1.09,1.09
714049,德微永豐65購01,0,,,,
714050,寶雅*永豐64購01,97200,1.2,1.2,1.2,1.2
714051,印能統一66購01,0,,,,
714052,東捷國泰64購01,0,,,,
714053,元太富邦65購02,233860,0.72,0.72,0.68,0.68
714054,宜鼎富邦64購01,275240,0.7,0.7,0.67,0.67
714055,高技富邦65購01,535530,0.66,0.69,0.61,0.61
714056,晶呈富邦65購02,204420,0.96,1.01,0.95,0.95
714057,新應材富邦63購04,211010,0.5,0.53,0.5,0.52
714058,群聯富邦65購03,947170,0.76,0.81,0.76,0.78
714059,群聯富邦65購04,1461500,0.88,0.93,0.88,0.9
714060,群聯富邦65購05,1000980,1.02,1.06,1.01,1.01
714061,聖暉*富邦63購01,244080,0.64,0.67,0.64,0.66
714062,譜瑞富邦65購01,1341260,0.73,0.8,0.73,0.78
714063,M31台新63購01,103710,3.01,3.01,2.83,2.83
714064,M31台新66購01,19920,2.49,2.49,2.49,2.49
714065,光頡台新63購01,84960,3.6,3.6,2.97,2.97
714066,光頡台新66購01,98680,3.15,3.45,2.68,2.68
714067,竹陞台新63購01,14880,1.24,1.24,1.24,1.24
714068,均華台新63購03,0,,,,
714069,均華台新64購01,17940,0.78,0.78,0.78,0.78
714070,昇達科台新63購01,347930,1.26,1.46,1.21,1.26
714071,昇達科台新66購01,132360,1.56,1.62,1.46,1.46
714072,信驊台新63購01,135770,2.92,3.14,2.87,2.87
714073,信驊台新63購02,114960,2.2,2.24,2.2,2.24
714074,信驊台新63購03,357890,1.49,1.49,1.27,1.34
714075,信驊台新66購01,149130,4.22,4.29,4.16,4.16
714076,信驊台新66購02,45590,3.21,3.26,3.21,3.26
714077,漢達台新63購03,0,,,,
714078,漢達台新63購04,0,,,,
714079,耀穎台新63購01,0,,,,
714080,M31凱基63購02,126640,1.99,2.13,1.98,2.13
714081,M31凱基63購03,119280,1.98,2.01,1.98,2.01
714082,M31凱基63購04,917330,1.97,2.25,1.97,2.08
714083,光頡凱基63購01,888350,1.94,1.94,1.68,1.68
714084,光頡凱基63購02,795580,1.97,1.97,1.67,1.67
714085,光頡凱基63購03,0,,,,
714086,竹陞凱基63購01,132580,0.88,0.93,0.88,0.92
714087,竹陞凱基63購02,303090,0.98,1.02,0.93,1.0
714088,竹陞凱基63購03,238520,1.16,1.24,1.16,1.21
714089,均華凱基63購02,200580,0.85,0.85,0.83,0.83
714090,均華凱基64購03,223600,1.04,1.04,1.04,1.04
714091,宜鼎凱基63購11,15260,1.09,1.09,1.09,1.09
714092,昇達科凱基63購01,807750,1.22,1.47,1.18,1.28
714093,昇達科凱基63購02,358850,1.28,1.46,1.23,1.34
714094,昇達科凱基63購03,99130,1.55,1.6,1.38,1.48
714095,昇達科凱基63購04,1433700,1.64,1.79,1.47,1.59
714096,信驊凱基63購01,620030,1.49,1.6,1.45,1.54
714097,信驊凱基63購02,331470,1.92,1.98,1.92,1.97
714098,信驊凱基63購03,553180,2.33,2.38,2.29,2.29
714099,信驊凱基63購04,518950,2.46,2.62,2.46,2.5
714100,信驊凱基63購05,325260,3.0,3.21,3.0,3.16
714101,威剛凱基63購14,48650,1.39,1.39,1.39,1.39
714102,新應材凱基63購09,86480,0.92,0.92,0.92,0.92
714103,群聯凱基67購01,25100,2.26,2.34,2.26,2.34
714104,雷科凱基63購01,15560,1.36,1.36,1.2,1.2
714105,雷科凱基63購02,96600,1.38,1.38,1.38,1.38
714106,雷科凱基63購03,101500,1.45,1.45,1.45,1.45
714107,頎邦凱基64購04,397930,2.45,2.7,1.69,1.75
714108,穩懋凱基66購01,128540,2.53,2.53,2.27,2.27
714109,光頡統一65購03,121050,1.03,1.03,0.89,0.89
714110,光頡統一68購01,221530,1.08,1.09,0.88,0.88
714111,光頡統一6C購01,821240,0.81,0.83,0.74,0.74
714112,光頡統一79購01,512440,0.92,0.92,0.84,0.84
714113,均華統一67購02,62000,0.5,0.5,0.5,0.5
714114,均華統一6C購01,50700,0.56,0.57,0.56,0.57
714115,良維統一65購01,122850,0.63,0.63,0.63,0.63
714116,良維統一6C購01,0,,,,
714117,昇達科統一67購01,625980,0.73,0.81,0.73,0.76
714118,昇達科統一6C購01,71640,0.81,0.82,0.79,0.79
714119,昇達科統一6C購02,45920,0.82,0.82,0.82,0.82
714120,金山電統一6C購02,0,,,,
714121,信紘科統一6C購01,0,,,,
714122,德微統一66購01,0,,,,
714123,營邦統一6C購02,0,,,,
714124,穩懋統一67購02,22780,0.62,0.64,0.62,0.64
714125,穩懋統一6C購04,38680,0.69,0.73,0.66,0.66
714126,光頡國泰64購01,0,,,,
714127,均華國泰64購02,59630,0.89,0.89,0.89,0.89
714128,良維國泰64購01,256270,1.81,1.84,1.8,1.84
714129,昇達科國泰64購01,85520,1.26,1.28,1.13,1.17
714130,昇達科國泰65購01,62400,1.2,1.2,1.2,1.2
714131,信紘科國泰64購01,43010,1.37,1.39,1.37,1.39
714132,鈊象國泰64購01,72410,1.85,1.87,1.84,1.87
714133,雷科國泰64購01,28970,1.14,1.14,1.05,1.05
714134,雷科國泰65購01,67910,1.66,1.78,1.66,1.73
714135,漢達國泰64購01,0,,,,
714136,穩懋國泰65購02,241750,2.97,2.97,2.74,2.74
714137,M31富邦65購02,670850,0.82,0.95,0.82,0.95
714138,弘塑富邦65購01,227200,0.7,0.7,0.69,0.69
714139,均華富邦65購01,216130,0.57,0.64,0.57,0.64
714140,信驊富邦66購01,11850,3.95,3.95,3.95,3.95
714141,穩懋富邦65購02,916970,0.93,1.0,0.9,0.92
714142,M31中信66購01,18400,0.46,0.46,0.46,0.46
714143,光頡中信63購01,2544720,0.93,0.99,0.72,0.76
714144,竹陞中信69購01,58780,0.55,0.58,0.55,0.58
714145,均華中信69購01,45960,0.49,0.5,0.49,0.5
714146,昇達科中信69購01,285820,0.73,0.81,0.72,0.79
714147,信驊中信63購01,262410,1.92,2.02,1.86,1.86
714148,群聯中信68購02,3500,0.7,0.7,0.7,0.7
714149,穩懋中信65購01,94380,0.69,0.72,0.64,0.67
714150,M31永豐64購01,60030,0.87,0.87,0.87,0.87
714151,M31永豐65購01,365450,1.47,1.57,1.46,1.57
714152,元太永豐63購03,396420,1.06,1.06,0.97,0.97
714153,光焱永豐63購01,0,,,,
714154,光頡永豐63購01,62900,1.62,1.62,1.51,1.51
714155,光頡永豐63購02,0,,,,
714156,光頡永豐69購01,0,,,,
714157,竹陞永豐64購02,264160,0.87,0.87,0.81,0.85
714158,竹陞永豐66購01,78980,0.73,0.75,0.73,0.75
714159,昇達科永豐63購01,179420,0.9,0.98,0.86,0.93
714160,昇達科永豐63購02,131750,0.88,0.99,0.88,0.91
714161,昇達科永豐63購03,35490,0.76,0.83,0.76,0.83
714162,昇達科永豐66購01,65370,1.86,1.9,1.76,1.76
714163,昇達科永豐66購02,105360,1.36,1.44,1.3,1.3
714164,昇達科永豐69購01,97990,2.1,2.1,1.96,2.04
714165,昇達科永豐69購02,69580,1.71,1.73,1.58,1.58
714166,信紘科永豐63購01,2340,0.78,0.78,0.78,0.78
714167,信驊永豐63購02,109360,1.68,1.75,1.62,1.62
714168,信驊永豐64購02,39300,2.65,2.87,2.65,2.87
714169,凱崴永豐64購01,0,,,,
714170,萊德光永豐63購01,163810,1.38,1.51,1.33,1.51
714171,聖暉*永豐63購02,59340,1.29,1.29,1.29,1.29
714172,雷科永豐63購01,16130,0.94,0.94,0.82,0.82
714173,雷科永豐63購02,71380,0.91,1.0,0.91,0.96
714174,雷科永豐66購01,285520,1.24,1.31,1.22,1.22
714175,雷科永豐69購01,176270,2.16,2.29,2.16,2.29
714176,穩懋永豐63購05,140720,1.47,1.57,1.43,1.43
714177,光頡元大63購01,1470,1.47,1.47,1.47,1.47
714178,光頡元大63購02,622250,1.53,1.54,1.22,1.22
714179,印能元大63購01,351710,0.79,0.87,0.79,0.87
714180,印能元大63購02,393210,0.71,0.77,0.69,0.69
714181,竹陞元大63購01,0,,,,
714182,昇達科元大63購01,314590,1.05,1.14,1.05,1.09
714183,信驊元大63購02,725210,3.0,3.09,3.0,3.03
714184,信驊元大64購01,491700,3.05,3.05,2.83,2.86
714185,信驊元大67購01,854000,3.97,3.97,3.77,3.77
714186,信驊元大69購01,564360,4.62,4.62,4.32,4.38
714187,高技元大63購09,68240,1.16,1.18,1.16,1.18
714188,高技元大63購10,13470,0.85,0.86,0.84,0.84
714189,雅特力元大63購03,29760,0.93,0.93,0.93,0.93
714190,新普元大63購01,0,,,,
714191,新應材元大63購07,0,,,,
714192,新應材元大63購08,0,,,,
714193,新應材元大63購09,0,,,,
714194,群聯元大63購27,261690,0.97,1.0,0.97,1.0
714195,雷科元大63購01,802870,0.79,0.85,0.76,0.76
714196,漢達元大63購02,0,,,,
714197,漢達元大63購03,0,,,,
714198,漢達元大69購01,220320,1.08,1.08,1.08,1.08
714199,廣閎科元大63購03,22240,0.54,0.55,0.54,0.54
714200,營邦元大63購05,535190,1.44,1.64,1.44,1.55
714201,鴻呈元大63購03,751630,0.65,0.67,0.65,0.66
714202,FH中5G群益63購01,88950,0.65,0.66,0.65,0.66
714203,M31群益63購01,81250,1.48,1.48,1.45,1.45
714204,千附精群益63購01,0,,,,
714205,中美晶群益63購06,109620,2.02,2.1,2.02,2.1
714206,世界群益65購01,255590,1.18,1.4,1.18,1.39
714207,均華群益63購02,137600,0.8,0.8,0.76,0.76
714208,均豪群益63購01,69560,0.74,0.74,0.74,0.74
714209,宜鼎群益63購04,82920,0.96,0.96,0.89,0.89
714210,宜鼎群益63購05,0,,,,
714211,泓格群益63購01,247210,1.34,1.48,1.34,1.48
714212,信驊群益63購01,1584810,2.42,2.67,2.42,2.52
714213,信驊群益63購02,734590,1.76,1.87,1.68,1.68
714214,能率群益63購01,0,,,,
714215,崇越電群益63購01,0,,,,
714216,順達群益63購06,0,,,,
714217,鈊象群益66購01,36400,0.68,0.7,0.67,0.7
714218,勤凱群益63購01,21620,1.02,1.03,1.02,1.03
714219,新應材群益63購04,0,,,,
714220,群聯群益63購12,130280,1.34,1.42,1.31,1.31
714221,群聯群益63購13,122670,1.15,1.23,1.15,1.23
714222,雷科群益63購01,169050,1.19,1.19,1.12,1.12
714223,雷科群益63購02,268880,1.1,1.16,1.04,1.04
714224,穩懋群益63購05,371310,0.97,1.03,0.88,0.88
714225,天良國票64購02,34200,0.76,0.76,0.76,0.76
714226,光頡國票65購01,5180,2.59,2.59,2.59,2.59
714227,均華國票65購02,67940,0.86,0.86,0.86,0.86
714228,昇達科國票65購01,96750,1.29,1.38,1.19,1.25
714229,金山電國票6A購01,20760,0.84,0.84,0.83,0.83
714230,信紘科國票64購01,25920,1.12,1.14,1.12,1.14
714231,信紘科國票65購01,38760,1.02,1.02,1.02,1.02
714232,信驊國票64購01,269190,3.4,3.48,3.33,3.33
714233,華宏國票69購01,0,,,,
714234,雅特力國票67購01,0,,,,
714235,雷科國票65購01,29970,1.11,1.11,1.11,1.11
714236,漢達國票6B購01,138800,1.42,1.42,1.4,1.4
714237,磐亞國票66購02,0,,,,
714238,穩懋國票66購01,72060,1.06,1.07,0.96,0.96
714239,穩懋國票67購01,125610,1.27,1.27,1.19,1.19
714240,巨有元大63購01,2970,2.97,2.97,2.97,2.97
714241,巨有元大63購02,0,,,,
714242,弘塑元大63購06,106200,1.27,1.27,1.16,1.16
714243,弘塑元大63購07,0,,,,
714244,弘塑元大63購08,0,,,,
714245,竹陞元大63購02,0,,,,
714246,竹陞元大69購01,0,,,,
714247,均華元大63購04,0,,,,
714248,均豪元大63購01,0,,,,
714249,均豪元大63購02,38710,0.79,0.79,0.79,0.79
714250,均豪元大67購01,0,,,,
714251,東捷元大63購02,0,,,,
714252,東捷元大67購01,0,,,,
714253,東捷元大69購01,0,,,,
714254,南俊元大63購01,0,,,,
714255,南俊元大69購01,51600,1.29,1.29,1.29,1.29
714256,崇越電元大63購01,0,,,,
714257,群聯元大63購28,591170,1.18,1.22,1.18,1.18
714258,聖暉*元大63購02,233880,0.98,1.0,0.98,1.0
714259,聖暉*元大63購03,90830,0.8,0.83,0.8,0.83
714260,營邦元大63購06,467150,0.79,0.88,0.79,0.84
714261,FH中5G凱基64購01,48300,1.55,1.55,1.45,1.46
714262,世界凱基65購02,104510,2.17,2.45,2.17,2.45
714263,弘塑凱基66購01,108800,1.6,1.6,1.6,1.6
714264,印能凱基63購03,578210,1.05,1.21,1.05,1.07
714265,均豪凱基64購01,3060,1.02,1.02,1.02,1.02
714266,泓格凱基64購01,14750,1.44,1.53,1.44,1.53
714267,崇越電凱基63購02,0,,,,
714268,凱崴凱基65購01,0,,,,
714269,博士旺凱基63購01,0,,,,
714270,華宏凱基63購01,0,,,,
714271,鈊象凱基63購06,0,,,,
714272,新普凱基63購01,0,,,,
714273,新應材凱基63購10,867000,1.48,1.59,1.48,1.55
714274,群聯凱基63購20,298170,1.73,1.81,1.69,1.77
714275,營邦凱基66購01,84180,2.28,2.42,2.28,2.42
714276,世界台新63購01,602160,2.05,2.34,2.05,2.32
714277,宜鼎台新65購03,0,,,,
714278,東捷台新63購04,0,,,,
714279,南俊台新63購01,42140,1.22,1.22,1.13,1.13
714280,南俊台新63購02,96600,0.92,0.92,0.92,0.92
714281,頎邦台新63購02,3942670,3.1,3.35,3.02,3.06
714282,頎邦台新66購01,705730,2.35,2.46,2.22,2.36
714283,安葆國票68購02,0,,,,
714284,南俊國票66購01,0,,,,
714285,新應材國票64購02,42000,1.4,1.4,1.4,1.4
714286,雷科國票64購01,132980,1.15,1.16,1.12,1.16
714287,雷科國票64購02,268240,1.26,1.26,1.19,1.19
714288,M31群益63購02,146770,1.19,1.19,1.11,1.11
714289,巨有群益63購02,554230,4.07,4.14,3.51,3.51
714290,光頡群益63購01,0,,,,
714291,光頡群益66購01,10120,2.51,2.59,2.51,2.59
714292,竹陞群益63購01,70930,0.96,1.03,0.96,1.03
714293,竹陞群益63購02,0,,,,
714294,均華群益65購02,85460,1.22,1.23,1.22,1.23
714295,宏捷科群益63購03,96820,0.94,0.94,0.94,0.94
714296,系微群益63購01,6180,1.03,1.03,1.03,1.03
714297,良維群益63購03,356550,3.75,4.14,3.75,4.14
714298,宜鼎群益63購06,0,,,,
714299,東捷群益65購02,0,,,,
714300,南俊群益63購01,48990,1.13,1.13,1.04,1.04
714301,南俊群益63購02,56400,0.94,0.94,0.94,0.94
714302,威剛群益63購09,110880,2.52,2.52,2.52,2.52
714303,雅特力群益63購01,0,,,,
714304,雅特力群益63購02,122070,0.68,0.68,0.66,0.66
714305,新應材群益63購05,0,,,,
714306,群聯群益63購14,153680,3.06,3.26,3.06,3.11
714307,頎邦群益63購04,1629610,1.63,1.64,1.5,1.55
714308,頎邦群益63購05,258260,1.53,1.57,1.44,1.44
714309,營邦群益64購01,73700,1.34,1.34,1.34,1.34
714310,光頡統一68購02,102840,1.01,1.01,0.91,0.91
714311,光頡統一69購01,84460,1.04,1.04,1.02,1.02
714312,佳邦統一6B購01,0,,,,
714313,昇達科統一68購01,448650,0.71,0.78,0.68,0.73
714314,昇達科統一6C購03,154800,0.72,0.73,0.71,0.73
714315,昇達科統一6C購04,138340,0.71,0.74,0.71,0.74
714316,東捷統一6B購02,0,,,,
714317,金山電統一69購01,0,,,,
714318,南俊統一6C購01,0,,,,
714319,雷科統一69購01,0,,,,
714320,雷科統一6B購01,1602890,0.58,0.59,0.58,0.58
714321,雷科統一6C購01,1270440,0.54,0.55,0.54,0.54
714322,德微統一69購01,0,,,,
714323,宏捷科中信63購01,19500,0.39,0.39,0.39,0.39
714324,宏捷科國泰64購01,66330,1.3,1.33,1.3,1.33
714325,世界富邦63購02,210720,0.67,0.75,0.66,0.73
714326,印能富邦65購01,0,,,,
714327,東捷富邦65購01,0,,,,
714328,M31永豐63購02,47940,1.1,1.28,1.08,1.28
714329,久元永豐63購02,13740,1.14,1.17,1.14,1.17
714330,均華永豐64購01,30240,1.89,1.89,1.89,1.89
714331,均豪永豐63購01,59500,0.85,0.85,0.85,0.85
714332,沛亨永豐63購03,5050,1.71,1.71,1.63,1.63
714333,亞通永豐63購01,17500,1.75,1.75,1.75,1.75
714334,群聯永豐63購08,90200,0.82,0.82,0.82,0.82
714335,達航永豐65購01,0,,,,
714336,巨有凱基63購01,0,,,,
714337,弘塑凱基63購08,0,,,,
714338,光頡凱基65購01,4420,2.21,2.21,2.21,2.21
714339,竹陞凱基63購04,37450,0.81,0.86,0.81,0.86
714340,均華凱基65購02,147120,1.4,1.41,1.4,1.41
714341,宏捷科凱基63購03,0,,,,
714342,沛亨凱基63購04,42300,2.17,2.17,2.06,2.06
714343,系微凱基63購01,88940,1.27,1.27,1.24,1.24
714344,良維凱基63購05,338310,2.39,2.67,2.28,2.28
714345,宜鼎凱基63購12,40540,1.36,1.36,1.29,1.29
714346,東捷凱基64購01,0,,,,
714347,東捷凱基65購01,0,,,,
714348,青雲凱基63購03,18000,1.8,1.8,1.8,1.8
714349,南俊凱基63購01,0,,,,
714350,南俊凱基63購02,1220,1.22,1.22,1.22,1.22
714351,威剛凱基67購02,95700,3.19,3.19,3.19,3.19
714352,家登凱基64購02,187610,1.28,1.37,1.26,1.37
714353,聖暉*凱基65購02,107660,2.17,2.17,2.15,2.15
714354,頎邦凱基65購02,185530,3.0,3.03,2.78,2.78
714355,環球晶凱基63購02,129780,1.66,1.72,1.61,1.61
714356,環球晶凱基63購03,93380,1.61,1.61,1.61,1.61
714357,環球晶凱基69購02,0,,,,
714358,巨有台新65購01,0,,,,
714359,光頡台新63購02,233300,3.58,3.62,2.96,2.96
714360,印能台新63購03,129700,0.95,1.0,0.93,1.0
714361,竹陞台新63購02,0,,,,
714362,均豪台新64購01,47210,2.03,2.22,2.03,2.22
714363,均豪台新64購02,0,,,,
714364,宜鼎台新63購03,0,,,,
714365,威剛台新66購02,25880,1.09,1.09,1.07,1.07
714366,家登台新64購02,54850,1.9,2.15,1.9,2.13
714367,家登台新66購01,6950,1.08,1.19,1.08,1.19
714368,家碩台新66購01,0,,,,
714369,創新服台新63購01,332690,1.47,1.47,1.27,1.28
714370,創新服台新63購02,141260,1.16,1.16,1.12,1.12
714371,創新服台新63購03,632210,1.32,1.32,1.21,1.21
714372,創新服台新63購04,230160,1.13,1.13,0.97,0.97
714373,環球晶台新64購01,0,,,,
714374,環球晶台新64購02,4220,1.07,1.07,1.05,1.05
714375,耀穎台新63購02,0,,,,
714376,M31元大63購02,195750,1.56,1.7,1.56,1.63
714377,M31元大63購03,350890,0.69,0.78,0.69,0.78
714378,弘塑元大63購09,15240,1.68,1.72,1.68,1.72
714379,弘塑元大63購10,11580,1.02,1.02,0.95,0.95
714380,弘塑元大66購02,95880,0.94,0.94,0.94,0.94
714381,光頡元大63購03,20580,1.58,1.58,1.34,1.34
714382,光頡元大63購04,209190,1.16,1.19,1.05,1.05
714383,竹陞元大63購03,0,,,,
714384,竹陞元大69購02,0,,,,
714385,均豪元大63購03,509620,0.81,0.82,0.79,0.8
714386,亞通元大63購01,110160,1.77,2.3,1.75,2.25
714387,亞通元大63購02,17760,1.62,2.49,1.62,2.49
714388,宜鼎元大63購15,0,,,,
714389,昇達科元大63購02,270640,1.0,1.1,1.0,1.04
714390,昇達科元大63購03,259280,0.87,0.98,0.85,0.88
714391,東捷元大63購03,0,,,,
714392,東捷元大67購02,0,,,,
714393,東捷元大69購02,0,,,,
714394,萊德光元大63購01,201730,0.91,1.01,0.89,0.98
714395,萊德光元大63購02,113830,1.12,1.21,1.11,1.21
714396,雅特力元大63購04,115720,1.0,1.0,0.97,0.98
714397,群聯元大63購29,309920,1.09,1.16,1.05,1.05
714398,群聯元大69購01,387090,1.39,1.45,1.39,1.42
714399,聖暉*元大63購04,261390,1.08,1.08,1.03,1.03
714400,雷科元大63購02,0,,,,
714401,營邦元大63購07,243130,1.01,1.12,1.01,1.1
714402,環球晶元大63購09,37400,0.78,0.8,0.78,0.8
714403,環球晶元大63購10,101430,0.89,0.89,0.8,0.8
714404,光頡國票64購01,8680,2.17,2.17,2.17,2.17
714405,光頡國票66購01,9000,2.25,2.25,2.25,2.25
714406,昇達科國票64購01,157200,1.33,1.37,1.3,1.3
714407,創新服國票65購01,32480,1.25,1.25,1.23,1.23
714408,萊德光國票66購01,27160,0.93,1.0,0.93,1.0
714409,頎邦國票69購01,53080,1.13,1.18,1.13,1.14
714410,環球晶國票66購02,0,,,,
714411,群聯中信67購02,181450,0.79,0.81,0.79,0.8
714412,環球晶中信63購01,140500,0.53,0.58,0.53,0.54
714413,尼克森永豐63購01,0,,,,
714414,正德永豐63購01,0,,,,
714415,安葆永豐65購01,39990,0.93,0.93,0.93,0.93
714416,亞信永豐64購01,0,,,,
714417,美琪瑪永豐63購01,0,,,,
714418,家登永豐65購01,60480,1.44,1.44,1.44,1.44
714419,泰藝永豐63購01,348000,1.16,1.16,1.16,1.16
714420,高僑永豐63購01,0,,,,
714421,創新服永豐63購01,270670,1.48,1.51,1.46,1.46
714422,創新服永豐64購01,437730,1.02,1.02,0.87,0.87
714423,創新服永豐65購01,263520,1.18,1.19,1.18,1.19
714424,創新服永豐66購01,335940,1.14,1.17,1.14,1.17
714425,博大永豐63購01,59940,0.81,0.81,0.81,0.81
714426,博盛永豐64購02,90420,1.37,1.37,1.37,1.37
714427,晶呈永豐63購01,135000,1.08,1.08,1.08,1.08
714428,華電網永豐63購01,0,,,,
714429,廣明永豐63購01,0,,,,
714430,優群永豐63購01,0,,,,
714431,環球晶永豐64購01,31780,1.47,1.47,1.29,1.29
714432,中美晶富邦69購01,3650,0.73,0.73,0.73,0.73
714433,台特化富邦63購01,0,,,,
714434,沛亨富邦63購02,21080,0.7,0.74,0.7,0.74
714435,良維富邦65購01,59910,0.68,0.71,0.68,0.71
714436,蜜望實富邦66購01,20400,0.68,0.68,0.68,0.68
714437,竹陞國泰64購01,0,,,,
714438,東捷國泰64購02,0,,,,
714439,家登國泰64購01,373460,1.21,1.27,1.21,1.27
714440,雅特力國泰64購01,0,,,,
714441,頎邦國泰64購01,197730,2.15,2.15,2.01,2.01
714442,環球晶國泰64購02,0,,,,
714443,亞通統一6C購01,0,,,,
714444,昇達科統一74購01,33100,0.8,0.82,0.8,0.8
714445,東捷統一66購03,1770,0.59,0.59,0.59,0.59
714446,東捷統一68購03,0,,,,
714447,東捷統一6A購01,0,,,,
714448,南俊統一74購01,0,,,,
714449,雷科統一67購01,219220,0.62,0.63,0.62,0.63
714450,世界群益63購03,164220,1.72,2.01,1.72,1.99
714451,巨有群益63購03,32070,2.91,2.97,2.91,2.97
714452,均華群益63購03,70100,1.06,1.12,1.06,1.12
714453,亞通群益63購02,53580,1.41,1.41,1.41,1.41
714454,亞通群益63購03,137510,1.36,1.7,1.36,1.69
714455,東捷群益65購03,0,,,,
714456,青雲群益63購02,5900,1.18,1.18,1.18,1.18
714457,信立群益63購02,0,,,,
714458,威剛群益63購10,335830,3.19,3.19,3.15,3.16
714459,家登群益63購06,4750,0.95,0.95,0.95,0.95
714460,萊德光群益63購01,360840,2.33,2.7,2.27,2.7
714461,鈊象群益69購01,0,,,,
714462,新應材群益63購06,143520,2.76,2.76,2.76,2.76
714463,群聯群益63購15,167710,1.84,1.96,1.76,1.76
714464,群聯群益65購03,9350,0.91,0.96,0.91,0.96
714465,營邦群益69購01,32130,0.73,0.8,0.73,0.77
714466,環球晶群益63購04,104030,1.46,1.46,1.31,1.31
714467,光頡元大63購05,57920,1.66,1.66,1.57,1.57
714468,光頡元大63購06,129940,1.62,1.63,1.62,1.63
714469,光頡元大63購07,63720,1.16,1.16,1.09,1.09
714470,均華元大63購05,0,,,,
714471,宏捷科元大63購02,0,,,,
714472,沛亨元大63購04,124960,1.42,1.42,1.42,1.42
714473,沛亨元大63購05,67540,1.05,1.28,1.05,1.22
714474,亞通元大63購03,0,,,,
714475,亞通元大63購04,14460,1.17,1.46,1.17,1.46
714476,宜鼎元大63購16,0,,,,
714477,東捷元大63購04,0,,,,
714478,東捷元大68購01,0,,,,
714479,欣銓元大63購04,6790,1.27,1.38,1.27,1.38
714480,欣銓元大63購05,13420,1.23,1.4,1.23,1.4
714481,信昌電元大63購01,488210,1.67,1.7,1.52,1.52
714482,信昌電元大63購02,1035180,1.65,1.69,1.46,1.48
714483,信昌電元大63購03,439070,1.64,1.71,1.53,1.53
714484,南俊元大63購02,15720,1.31,1.31,1.31,1.31
714485,威剛元大66購01,400170,1.73,1.73,1.67,1.67
714486,群聯元大66購07,294440,1.1,1.14,1.1,1.13
714487,群聯元大69購02,203450,1.06,1.1,1.06,1.1
714488,雷科元大63購03,0,,,,
714489,營邦元大69購01,129530,1.05,1.14,1.05,1.14
714490,環球晶元大63購11,155620,1.6,1.6,1.56,1.56
714491,光頡國票66購02,20600,1.5,1.5,1.46,1.46
714492,旭然國票67購01,0,,,,
714493,亞通國票64購02,0,,,,
714494,亞通國票66購01,0,,,,
714495,建榮國票64購01,112880,1.74,1.74,1.7,1.7
714496,建榮國票65購01,0,,,,
714497,家登國票64購02,0,,,,
714498,新漢國票64購01,0,,,,
714499,擎亞國票64購02,207440,1.87,1.87,1.78,1.78
714500,穩懋國票65購02,139360,0.92,0.92,0.84,0.84
714501,世界凱基63購07,359700,1.88,2.19,1.88,2.12
714502,巨有凱基63購02,256410,3.46,3.66,3.05,3.05
714503,竹陞凱基63購05,23290,0.78,0.83,0.78,0.83
714504,亞通凱基63購02,0,,,,
714505,信立凱基63購01,0,,,,
714506,信昌電凱基63購01,203290,3.02,3.08,2.46,2.46
714507,信昌電凱基63購02,65090,2.83,2.83,2.83,2.83
714508,信昌電凱基63購03,159140,2.56,2.61,2.17,2.17
714509,信昌電凱基63購04,267590,2.59,2.59,2.23,2.23
714510,創新服凱基63購01,852370,1.19,1.21,1.0,1.0
714511,新應材凱基63購11,52470,2.48,2.51,2.48,2.51
714512,群聯凱基63購21,0,,,,
714513,營邦凱基63購07,78840,2.01,2.16,2.01,2.16
714514,穩懋凱基63購10,301220,2.61,2.66,2.44,2.45
714515,巨有群益63購04,2670,2.67,2.67,2.67,2.67
714516,光頡群益63購02,12250,2.61,2.61,2.21,2.21
714517,光頡群益65購01,0,,,,
714518,印能群益63購02,4600,2.3,2.3,2.3,2.3
714519,竹陞群益64購01,0,,,,
714520,宜鼎群益63購07,0,,,,
714521,威剛群益63購11,38220,2.56,2.56,2.47,2.47
714522,家登群益63購07,61500,1.14,1.28,1.14,1.28
714523,環球晶群益63購05,16180,2.36,2.36,2.15,2.15
714524,環球晶群益63購06,11350,1.4,1.45,1.4,1.45
714525,伍豐永豐63購01,24150,1.15,1.15,1.15,1.15
714526,竹陞永豐63購02,0,,,,
714527,沛亨永豐63購04,218910,3.07,3.07,3.04,3.04
714528,亞通永豐65購01,7680,1.28,1.28,1.28,1.28
714529,宜鼎永豐63購08,64410,1.75,1.75,1.74,1.74
714530,信昌電永豐63購01,951060,1.81,1.88,1.55,1.55
714531,信昌電永豐63購02,1790160,0.98,1.04,0.86,0.89
714532,信昌電永豐64購01,310710,1.58,1.58,1.35,1.35
714533,信昌電永豐65購01,267080,1.35,1.41,1.21,1.21
714534,南俊永豐63購01,4530,1.51,1.51,1.51,1.51
714535,健喬永豐63購01,14040,0.78,0.78,0.78,0.78
714536,群聯永豐63購09,144480,2.99,3.03,2.99,3.03
714537,群聯永豐63購10,0,,,,
714538,穩懋永豐63購06,940740,1.96,2.14,1.9,1.9
714539,穩懋永豐63購07,0,,,,
714540,騰雲永豐63購01,0,,,,
714541,系微富邦64購01,208390,0.71,0.73,0.71,0.73
714542,宜鼎富邦63購04,134860,0.64,0.64,0.62,0.62
714543,欣銓富邦63購01,0,,,,
714544,環球晶富邦69購01,0,,,,
714545,環球晶富邦69購02,7800,0.6,0.6,0.6,0.6
714546,中美晶國泰65購01,0,,,,
714547,巨有國泰64購01,0,,,,
714548,光頡國泰64購02,5310,1.77,1.77,1.77,1.77
714549,均豪國泰64購01,28200,1.41,1.41,1.41,1.41
714550,沛亨國泰64購01,0,,,,
714551,亞通國泰64購01,0,,,,
714552,信昌電國泰64購01,468020,1.98,2.02,1.72,1.72
714553,信昌電國泰64購02,2191980,1.79,1.87,1.55,1.55
714554,萊德光國泰64購01,227540,1.49,1.68,1.45,1.65
714555,群聯國泰64購01,36330,1.73,1.73,1.73,1.73
714556,擎亞國泰64購01,85200,1.43,1.43,1.37,1.37
714557,穩懋國泰64購03,0,,,,
714558,巨有統一79購01,49790,0.89,0.9,0.82,0.82
714559,弘塑統一68購01,0,,,,
714560,竹陞統一6C購01,0,,,,
714561,信昌電統一68購01,413940,0.85,0.85,0.84,0.84
714562,信昌電統一68購02,99830,0.9,0.91,0.9,0.91
714563,信昌電統一69購01,3226910,0.82,0.88,0.73,0.74
714564,信昌電統一79購01,33000,0.75,0.75,0.75,0.75
714565,穩懋統一69購01,0,,,,
714566,台特化台新63購01,10800,1.8,1.8,1.8,1.8
714567,旭然台新63購01,0,,,,
714568,竹陞台新63購03,0,,,,
714569,竹陞台新64購01,3060,1.02,1.02,1.02,1.02
714570,宏捷科台新63購01,0,,,,
714571,系微台新63購01,0,,,,
714572,良維台新66購01,170180,1.87,2.06,1.86,1.99
714573,信昌電台新63購01,209070,1.62,1.73,1.43,1.43
714574,信昌電台新66購01,522240,1.77,1.83,1.58,1.58
714575,茂達台新63購01,9060,1.51,1.51,1.51,1.51
714576,家登台新63購01,0,,,,
714577,穩懋台新63購03,257380,1.68,1.77,1.68,1.75
714578,穩懋台新63購04,330450,1.39,1.48,1.27,1.34
714579,穩懋台新63購05,202390,1.38,1.53,1.28,1.3
714580,巨有永豐66購01,32820,1.09,1.12,1.09,1.12
714581,朋億*永豐64購01,0,,,,
714582,南俊永豐63購02,0,,,,
714583,南俊永豐67購01,3560,0.89,0.89,0.89,0.89
714584,智崴永豐64購01,0,,,,
714585,萊德光永豐63購02,476300,1.26,1.39,1.24,1.24
714586,頎邦永豐63購05,21240,1.79,1.79,1.67,1.67
714587,方土昶元大63購03,0,,,,
714588,台半元大65購01,77840,1.51,1.51,1.47,1.47
714589,巨有元大63購03,4260,2.13,2.13,2.13,2.13
714590,巨有元大63購04,0,,,,
714591,均華元大63購06,0,,,,
714592,均華元大63購07,1610,0.8,0.81,0.8,0.81
714593,宏捷科元大63購03,0,,,,
714594,宏捷科元大63購04,0,,,,
714595,沛亨元大63購06,0,,,,
714596,沛亨元大65購01,3760,0.94,0.94,0.94,0.94
714597,宜鼎元大64購06,0,,,,
714598,青雲元大63購05,2410,1.21,1.21,1.2,1.2
714599,威剛元大63購15,37600,1.88,1.88,1.88,1.88
714600,創新服元大63購01,0,,,,
714601,萊德光元大63購03,21700,0.86,0.94,0.86,0.94
714602,萊德光元大64購01,26800,0.92,0.94,0.92,0.94
714603,萊德光元大64購02,100320,0.99,1.02,0.9,0.9
714604,雅特力元大63購05,0,,,,
714605,群聯元大63購30,41820,1.54,1.56,1.54,1.56
714606,環球晶元大64購03,82000,1.64,1.64,1.64,1.64
714607,環球晶元大65購06,119640,1.36,1.38,1.36,1.38
714608,世界群益63購04,658300,2.59,2.7,2.51,2.51
714609,巨有群益64購01,5730,1.91,1.91,1.91,1.91
714610,茂綸群益63購02,489840,1.05,1.18,1.01,1.03
714611,順達群益63購07,0,,,,
714612,順達群益65購01,0,,,,
714613,新應材群益63購07,0,,,,
714614,營邦群益63購03,1848240,1.74,1.96,1.74,1.87
714615,穩懋群益63購06,346770,3.6,3.66,3.03,3.03
714616,方土昶國票65購02,0,,,,
714617,台星科國票65購01,22330,1.09,1.11,1.0,1.02
714618,巨有國票64購01,19400,1.94,1.94,1.94,1.94
714619,巨有國票65購01,6480,2.16,2.16,2.16,2.16
714620,旭然國票69購01,0,,,,
714621,均華國票64購01,0,,,,
714622,宏捷科國票65購01,0,,,,
714623,系微國票65購03,980,0.98,0.98,0.98,0.98
714624,良維國票66購01,0,,,,
714625,昇達科國票64購02,199950,1.87,1.94,1.73,1.82
714626,朋億*國票65購01,0,,,,
714627,南俊國票68購01,0,,,,
714628,萊德光國票65購02,412890,0.91,0.91,0.83,0.83
714629,群聯國票65購01,0,,,,
714630,磐亞國票65購02,0,,,,
714631,巨有台新63購01,0,,,,
714632,巨有台新66購01,0,,,,
714633,巨有台新69購01,0,,,,
714634,巨有台新69購02,0,,,,
714635,印能台新65購01,0,,,,
714636,昇達科台新63購03,789080,2.22,2.38,2.22,2.22
714637,茂綸台新63購02,70660,1.4,1.56,1.4,1.56
714638,創新服台新65購01,124360,1.47,1.47,1.37,1.37
714639,群聯台新63購09,0,,,,
714640,群聯台新63購10,0,,,,
714641,聖暉*台新66購01,0,,,,
714642,印能凱基64購03,1951050,2.15,2.15,2.0,2.0
714643,均華凱基63購03,69630,1.41,1.47,1.41,1.47
714644,沛亨凱基64購01,81180,2.67,2.78,2.67,2.7
714645,良維凱基67購01,0,,,,
714646,宜鼎凱基63購13,0,,,,
714647,欣銓凱基63購02,40050,1.6,1.75,1.6,1.75
714648,威剛凱基65購04,0,,,,
714649,建榮凱基64購01,0,,,,
714650,家登凱基63購04,0,,,,
714651,萊德光凱基63購02,51020,1.7,1.85,1.7,1.85
714652,環球晶凱基63購04,0,,,,
714653,穩懋凱基65購02,103470,3.02,3.17,2.76,2.76
714654,穩懋凱基68購01,3412400,3.71,3.83,3.46,3.46
714655,世界國泰64購01,143110,1.5,1.57,1.5,1.57
714656,世界國泰64購02,163180,1.35,1.5,1.35,1.5
714657,朋億*國泰65購01,0,,,,
714658,欣銓國泰64購01,0,,,,
714659,青雲國泰64購01,0,,,,
714660,德微國泰64購01,0,,,,
714661,巨有統一69購01,0,,,,
714662,巨有統一79購02,0,,,,
714663,信昌電統一6C購01,0,,,,
714664,信昌電統一6C購02,0,,,,
714665,信昌電統一79購02,705130,0.84,0.86,0.81,0.81
714666,寶雅*統一6C購01,0,,,,
714667,印能富邦64購01,5040,0.63,0.63,0.63,0.63
714668,印能富邦65購02,0,,,,
714669,威剛富邦63購01,0,,,,
714670,建榮富邦63購01,0,,,,
714671,鈊象富邦65購01,0,,,,
714672,群聯富邦65購06,139940,0.97,1.0,0.97,1.0
714673,群聯富邦65購07,188170,0.91,0.95,0.88,0.88
714674,群聯富邦65購08,164690,0.88,0.91,0.88,0.91
714675,群聯富邦66購01,228180,0.91,0.93,0.91,0.93
714676,群聯富邦66購02,221340,0.86,0.88,0.82,0.82
714677,群聯富邦69購01,39780,1.02,1.02,1.02,1.02
714678,台燿凱基63購01,236520,1.43,1.47,1.29,1.43
714679,台燿凱基63購02,244110,1.67,1.67,1.43,1.43
714680,台燿凱基63購03,0,,,,
714681,台燿凱基63購04,298990,2.09,2.09,1.61,1.73
714682,台燿凱基65購01,14060,1.8,1.8,1.74,1.76
714683,台燿凱基65購02,3520,1.76,1.76,1.76,1.76
714684,台燿凱基65購03,1322870,2.19,2.19,1.76,1.76
714685,青雲凱基63購04,0,,,,
714686,茂綸凱基63購01,8380,1.67,1.7,1.67,1.7
714687,新應材凱基63購12,0,,,,
714688,群聯凱基63購22,0,,,,
714689,台半台新64購01,0,,,,
714690,台燿台新63購01,1823830,2.02,2.08,1.46,1.58
714691,台燿台新66購01,9100,1.82,1.82,1.82,1.82
714692,台燿台新69購01,36060,1.73,1.85,1.71,1.85
714693,印能台新65購02,42160,1.81,1.81,1.65,1.65
714694,印能台新65購03,0,,,,
714695,良維台新63購01,6060,3.03,3.03,3.03,3.03
714696,宜鼎台新66購01,55200,2.82,2.82,2.7,2.7
714697,台燿群益63購01,295630,1.41,1.41,1.13,1.23
714698,台燿群益63購02,86700,1.23,1.29,1.23,1.29
714699,台燿群益63購03,1000,1.0,1.0,1.0,1.0
714700,印能群益63購03,0,,,,
714701,竹陞群益64購02,0,,,,
714702,亞通群益64購01,0,,,,
714703,亞通群益66購01,0,,,,
714704,宜鼎群益63購08,0,,,,
714705,欣銓群益63購03,46730,2.75,2.77,2.73,2.77
714706,青雲群益63購03,0,,,,
714707,青雲群益65購01,0,,,,
714708,威剛群益63購12,0,,,,
714709,家登群益63購08,33000,3.3,3.3,3.3,3.3
714710,頎邦群益65購01,35810,2.24,2.24,2.21,2.21
714711,穩懋群益63購07,432020,4.23,4.25,3.61,3.61
714712,台燿元大63購01,279800,1.09,1.09,0.96,1.02
714713,台燿元大64購05,9210,1.0,1.03,1.0,1.03
714714,台燿元大65購01,216350,1.11,1.14,1.05,1.05
714715,印能元大63購03,0,,,,
714716,沛亨元大63購07,0,,,,
714717,良維元大63購05,15530,0.94,0.99,0.94,0.99
714718,亞通元大63購05,0,,,,
714719,宜鼎元大64購07,149240,0.82,0.82,0.82,0.82
714720,昇達科元大63購04,304880,1.26,1.26,1.25,1.25
714721,昇達科元大63購05,0,,,,
714722,信昌電元大63購04,0,,,,
714723,信昌電元大63購05,7690,0.7,0.7,0.69,0.69
714724,威剛元大63購16,0,,,,
714725,茂綸元大63購01,0,,,,
714726,茂綸元大64購01,5700,0.95,0.95,0.95,0.95
714727,家登元大63購02,14480,1.81,1.81,1.81,1.81
714728,家登元大64購02,14000,1.75,1.75,1.75,1.75
714729,群聯元大63購31,0,,,,
714730,群聯元大63購33,0,,,,
714731,環球晶元大64購04,0,,,,
714732,環球晶元大65購07,20200,1.36,1.36,1.33,1.33
714733,台燿永豐63購01,0,,,,
714734,台燿永豐63購02,0,,,,
714735,台燿永豐63購03,0,,,,
714736,台燿永豐63購04,0,,,,
714737,台燿永豐64購03,0,,,,
714738,台燿永豐64購04,0,,,,
714739,台燿永豐65購01,99900,0.91,0.91,0.89,0.89
714740,台燿永豐65購02,0,,,,
714741,台燿永豐66購01,0,,,,
714742,台燿永豐66購02,0,,,,
714743,台燿永豐69購01,11880,1.98,1.98,1.98,1.98
714744,台燿永豐69購02,0,,,,
714745,台燿永豐73購01,0,,,,
714746,弘塑永豐64購02,0,,,,
714747,光焱永豐65購01,0,,,,
714748,欣銓永豐63購01,0,,,,
714749,博盛永豐64購03,0,,,,
714750,蜜望實永豐64購01,0,,,,
714751,營邦永豐65購01,0,,,,
714752,環球晶永豐64購02,62620,1.17,1.17,1.03,1.03
714753,穩懋永豐63購08,0,,,,
714754,台燿中信63購01,599900,0.69,0.69,0.45,0.5
714755,欣銓中信63購01,0,,,,
714756,信昌電中信63購01,0,,,,
714757,雷科中信63購01,0,,,,
714758,台燿國票67購01,0,,,,
714759,東捷國票66購01,0,,,,
714760,信昌電國票64購01,17600,1.76,1.76,1.76,1.76
714761,信昌電國票64購02,19000,1.9,1.9,1.9,1.9
714762,信昌電國票65購01,2350,2.35,2.35,2.35,2.35
714763,信昌電國票65購02,0,,,,
714764,信昌電國票66購01,14400,2.4,2.4,2.4,2.4
714765,宣德國票66購01,0,,,,
714766,風青國票67購01,95100,0.91,0.91,0.86,0.86
714767,營邦國票65購01,0,,,,
714768,環球晶國票64購04,0,,,,
714769,台燿統一65購02,44440,0.64,0.64,0.51,0.51
714770,台燿統一69購01,20330,0.69,0.69,0.64,0.64
714771,台燿統一69購02,14600,0.7,0.7,0.6,0.6
714772,台燿統一6C購01,83740,0.64,0.64,0.57,0.57
714773,台燿統一71購02,3700,0.74,0.74,0.74,0.74
714774,台燿統一79購01,718370,0.91,0.91,0.78,0.78
714775,印能統一69購01,0,,,,
714776,金山電統一79購01,0,,,,
714777,青雲統一79購01,6300,0.63,0.63,0.63,0.63
714778,信昌電統一68購03,0,,,,
714779,台燿國泰64購01,25330,1.19,1.23,1.17,1.23
714780,台燿國泰64購02,0,,,,
714781,信昌電國泰64購03,33000,2.04,2.04,1.76,1.76
714782,元太富邦64購03,0,,,,
714783,台半富邦65購01,0,,,,
714784,台燿富邦63購04,41000,0.82,0.82,0.82,0.82
714785,台燿富邦63購05,53380,0.7,0.75,0.66,0.7
714786,金山電富邦65購01,2610,0.87,0.87,0.87,0.87
714787,晶呈富邦65購03,0,,,,
714788,新應材富邦66購01,0,,,,
714789,穩懋富邦67購01,0,,,,
714790,譜瑞富邦64購03,0,,,,
72328U,環球晶群益59售01,0,,,,
72348U,良維群益59售01,0,,,,
72400U,博智群益5A售02,0,,,,
72414U,振曜群益5A售01,0,,,,
724478,千附精統一59購01,0,,,,
724481,正基統一59購02,700,0.7,0.7,0.7,0.7
724668,昇達科統一59購01,6350,6.35,6.35,6.35,6.35
724669,昇達科統一59購02,11400,3.8,3.8,3.8,3.8
724670,神盾統一59購01,0,,,,
72479U,擎亞群益5B售01,0,,,,
72485U,信驊群益5B售01,0,,,,
724979,鈊象統一5A購01,0,,,,
72501U,雙鴻中信5B售02,12400,0.14,0.17,0.14,0.17
725048,原相統一5A購01,0,,,,
72523U,新應材群益5B售01,1100,0.22,0.22,0.22,0.22
72572U,精測群益62售01,0,,,,
725744,新復興統一5A購01,80,0.04,0.04,0.04,0.04
72587U,華電網國票5A售01,0,,,,
725881,鈊象元富5A購01,0,,,,
726037,元債20元富5A購01,0,,,,
726070,元債20元富5A購02,0,,,,
72610U,富喬國票5C售02,60650,0.09,0.11,0.09,0.11
726119,華星光統一5B購01,0,,,,
72614U,富喬中信5C售02,7900,0.15,0.18,0.15,0.18
726194,元債20元富5B購01,0,,,,
72622U,精測群益62售02,0,,,,
72629U,櫃200群益5B售02,0,,,,
72638U,譜瑞群益5C售01,0,,,,
72650U,雙鴻群益59售01,0,,,,
72691U,信驊群益5B售03,0,,,,
726924,金麗科統一5B購01,0,,,,
726925,金麗科統一5B購02,0,,,,
726926,金麗科統一5B購03,0,,,,
726927,金麗科統一5B購04,10480,0.1,0.14,0.1,0.11
72692U,信驊群益61售02,1360,0.03,0.04,0.03,0.04
72700U,博智凱基59售03,0,,,,
72704U,點序群益61售01,0,,,,
727095,高鋒統一5A購01,0,,,,
72713U,世界群益5B售01,0,,,,
72724U,信驊國票5B售01,0,,,,
72733U,中探針群益62售01,0,,,,
72735U,世界群益5A售01,0,,,,
72736U,精材群益5A售04,0,,,,
72737U,雙鴻群益5A售04,0,,,,
72747U,閎康群益5A售02,0,,,,
72748U,精測群益5A售02,0,,,,
72749U,精測群益62售04,78600,0.61,0.68,0.61,0.67
72754U,博智群益62售02,0,,,,
72759U,茂迪凱基59售01,0,,,,
72763U,譜瑞國票59售02,0,,,,
72766U,富喬群益5A售02,0,,,,
72772U,穩懋群益63售01,162880,0.15,0.16,0.13,0.16
72774U,信驊永豐5A售01,0,,,,
72781U,系統電國票5A售01,0,,,,
72782U,環球晶群益62售01,0,,,,
72785U,旺矽富邦5A售02,0,,,,
72790U,閎康群益63售01,0,,,,
72791U,榮剛群益63售01,0,,,,
72794U,雙鴻凱基5A售02,0,,,,
72795U,神盾群益61售01,0,,,,
72797U,台特化國票5A售02,0,,,,
72798U,宏觀國票5A售01,0,,,,
72799U,雙鴻國票5A售01,0,,,,
728003,金麗科統一5C購01,0,,,,
72800U,信驊永豐5B售01,0,,,,
72807U,新應材國泰5A售01,0,,,,
72808U,新應材國票5A售03,0,,,,
72809U,萬泰科國票5A售02,0,,,,
72810U,鑫聯國票5A售02,0,,,,
72812U,茂迪國票5A售03,0,,,,
72813U,宜鼎群益5B售03,0,,,,
72814U,精測群益5B售02,27200,0.34,0.34,0.34,0.34
72818U,信驊永豐5C售01,270,0.03,0.03,0.03,0.03
72820U,鑫聯國票5A售03,0,,,,
72825U,頎邦元富59售03,0,,,,
728264,元債20永豐61購01,0,,,,
72826U,頎邦元富59售06,0,,,,
72827U,元太群益5B售02,0,,,,
72828U,台燿群益5B售01,0,,,,
72829U,宏捷科群益5C售01,0,,,,
72830U,元太凱基5B售03,0,,,,
72831U,台燿凱基59售05,0,,,,
72833U,台燿元富59售04,0,,,,
72834U,台燿中信59售08,0,,,,
72835U,東捷群益59售03,0,,,,
72836U,東捷群益5B售01,0,,,,
72837U,鈊象群益59售04,0,,,,
72838U,鈊象群益5B售02,0,,,,
72839U,台燿元大59售25,0,,,,
72840U,世界群益5B售04,0,,,,
72841U,神盾群益5C售01,0,,,,
72842U,鈊象群益63售01,0,,,,
72843U,精材群益63售01,150,0.05,0.05,0.05,0.05
72844U,雙鴻群益59售15,0,,,,
72845U,雙鴻凱基5A售04,0,,,,
72846U,鈊象凱基5A售02,0,,,,
72847U,印能國票5A售04,0,,,,
72848U,雙鴻群益5A售06,0,,,,
72849U,印能凱基5A售04,0,,,,
72850U,印能國票5A售05,0,,,,
728516,系微統一5C購01,0,,,,
72851U,矽科國票5B售02,0,,,,
728520,金麗科統一5C購02,0,,,,
72852U,旺矽元大5A售03,0,,,,
72853U,信驊元大5A售01,80,0.04,0.04,0.02,0.02
72854U,信驊永豐61售01,5920,0.08,0.08,0.08,0.08
72855U,信驊富邦5C售02,339390,0.31,0.31,0.28,0.31
72856U,頎邦凱基5A售03,0,,,,
72857U,雙鴻元大5A售06,700,0.07,0.07,0.07,0.07
72858U,巨漢國票5A售02,0,,,,
72859U,弘塑國票5B售02,215440,0.34,0.37,0.32,0.36
72860U,弘塑元大5A售03,0,,,,
72861U,華電網凱基5A售01,18500,0.49,0.49,0.44,0.46
72862U,群聯國票5B售02,420,0.06,0.06,0.06,0.06
72863U,蜜望實國票5A售03,0,,,,
72864U,群聯凱基5A售03,0,,,,
72865U,信驊永豐5B售03,0,,,,
72866U,旺矽凱基5A售06,83380,0.17,0.26,0.16,0.26
72867U,旺矽富邦61售01,250420,0.49,0.55,0.46,0.55
72868U,富喬群益5C售01,18400,0.45,0.49,0.45,0.49
72869U,立碁國票5B售03,21840,0.28,0.28,0.28,0.28
72870U,群聯國票5B售06,0,,,,
72871U,群聯群益61售02,18560,0.58,0.58,0.58,0.58
72872U,聖暉*台新5B售01,0,,,,
72873U,威剛國票5C售02,0,,,,
72874U,威剛群益5C售02,0,,,,
72875U,威剛凱基5B售05,300,0.15,0.15,0.15,0.15
72876U,合晶台新5B售05,0,,,,
72877U,群聯台新5B售07,0,,,,
72878U,群聯台新5B售08,417300,1.31,1.37,1.3,1.37
72879U,世界凱基5B售02,17000,0.2,0.2,0.2,0.2
72880U,良維國票5C售02,300,0.3,0.3,0.3,0.3
72881U,鈊象台新5B售03,0,,,,
72882U,環球晶台新5B售03,6890,0.25,0.33,0.25,0.33
72883U,環球晶國票5B售02,63200,0.41,0.45,0.41,0.45
72884U,鈊象群益61售01,0,,,,
72885U,中美晶群益5B售02,0,,,,
72886U,群聯群益5B售06,18400,0.92,0.92,0.92,0.92
72887U,精材群益5B售05,0,,,,
72888U,德微群益5B售02,128000,0.32,0.32,0.32,0.32
72889U,新盛力群益5B售04,33100,0.23,0.26,0.23,0.26
72890U,廣穎群益5B售03,0,,,,
72891U,世界台新5B售03,824540,0.86,0.86,0.78,0.78
728920,元債20元富61購01,50400,0.84,0.84,0.84,0.84
72892U,台特化台新5B售04,0,,,,
72893U,威剛中信64售01,680,0.68,0.68,0.68,0.68
72894U,世界群益62售01,53840,0.64,0.64,0.57,0.6
72895U,台特化群益5B售01,0,,,,
728967,驊訊統一61購01,0,,,,
72896U,精材凱基5B售08,0,,,,
72897U,精材群益5B售08,0,,,,
72898U,雷科國票5B售03,41380,0.31,0.31,0.24,0.28
72899U,立敦台新5B售04,0,,,,
72900U,德微國票5C售04,0,,,,
72901U,德微國票5C售05,66490,0.74,0.78,0.72,0.78
72902U,擎亞國票5B售03,1880,0.94,0.94,0.94,0.94
72903U,群聯凱基5B售08,0,,,,
72904U,欣銓台新5B售05,6100,0.61,0.61,0.61,0.61
72905U,臺慶科台新5B售05,0,,,,
72906U,博智群益5B售04,0,,,,
72907U,群聯富邦61售05,0,,,,
72908U,威剛群益65售01,150200,1.85,1.89,1.85,1.88
72909U,威剛凱基65售01,0,,,,
72910U,精材台新5B售06,7200,0.1,0.12,0.1,0.12
72911U,威剛元大5B售16,0,,,,
72912U,良維群益61售02,0,,,,
72913U,威剛群益5B售04,0,,,,
72914U,威剛群益5B售05,0,,,,
72915U,威剛群益61售03,14450,0.85,0.85,0.85,0.85
72916U,中美晶凱基5B售06,0,,,,
729171,M31統一61購01,0,,,,
729172,M31統一61購02,0,,,,
72917U,威剛凱基5B售09,6250,0.62,0.63,0.62,0.63
729186,華星光統一61購01,8460,2.82,2.82,2.82,2.82
729187,華星光統一61購02,18290,3.0,3.29,3.0,3.29
72918U,威剛永豐61售03,0,,,,
72919U,順達台新5C售01,4040,0.8,0.84,0.8,0.84
72920U,佳邦群益5C售01,0,,,,
72921U,富喬台新5C售03,14890,0.48,0.5,0.48,0.49
72922U,威剛凱基5C售05,3040,0.38,0.38,0.38,0.38
72923U,宜鼎台新5C售05,5800,2.9,2.9,2.9,2.9
72924U,台半群益5C售03,0,,,,
72925U,台半凱基5C售03,56340,0.61,0.64,0.61,0.64
72926U,臺慶科凱基5C售03,0,,,,
72927U,聖暉*台新5C售05,0,,,,
72928U,富喬凱基5C售04,204480,0.21,0.24,0.21,0.24
72929U,臺慶科台新5C售02,0,,,,
72930U,威剛群益5C售08,0,,,,
729313,旺矽統一59購01,0,,,,
72931U,群聯群益5C售10,6390,2.13,2.13,2.13,2.13
72932U,威剛國泰61售02,0,,,,
72933U,世界群益66售01,10600,2.65,2.65,2.65,2.65
72934U,精材群益66售01,0,,,,
72935U,世界台新5C售02,0,,,,
72936U,宜鼎凱基5C售10,306260,1.7,1.79,1.7,1.79
72937U,元太國票62售01,0,,,,
72938U,世界國票62售01,5550,1.11,1.11,1.11,1.11
72939U,威剛國票62售01,0,,,,
72940U,臺慶科國票62售01,0,,,,
72941U,雙鴻永豐61售04,10400,0.44,0.45,0.42,0.42
72942U,家登群益61售03,25000,0.83,0.84,0.83,0.84
72943U,頎邦國票61售01,0,,,,
72944U,中光電台新61售03,0,,,,
72945U,頎邦台新61售03,173300,1.21,1.29,1.19,1.28
72946U,世界群益61售03,4980,0.83,0.83,0.83,0.83
72947U,台星科群益61售02,37200,0.31,0.31,0.31,0.31
72948U,精材群益63售02,0,,,,
72949U,威剛元大61售06,12220,1.74,1.76,1.74,1.76
72950U,精材凱基63售02,584400,0.96,0.98,0.94,0.98
72951U,中光電台新61售05,0,,,,
72952U,精材國票61售05,16420,0.79,0.84,0.77,0.81
72953U,精材國票65售02,0,,,,
72954U,群聯中信61售02,26720,0.94,0.96,0.94,0.96
72955U,宜鼎國票61售03,0,,,,
72956U,群聯國票61售05,0,,,,
72957U,良維群益63售01,0,,,,
72958U,群聯群益63售02,0,,,,
72959U,雙鴻群益63售03,25290,0.38,0.43,0.34,0.4
72960U,良維凱基61售03,0,,,,
72961U,群聯凱基61售10,0,,,,
72962U,宜鼎群益67售01,0,,,,
72963U,中美晶國票61售06,1690,1.69,1.69,1.69,1.69
72964U,中美晶國票64售02,0,,,,
72965U,青雲國票61售03,295490,1.39,1.41,1.39,1.41
72966U,雙鴻凱基61售07,139720,0.18,0.18,0.13,0.17
72967U,順達國票61售03,14640,1.22,1.22,1.22,1.22
72968U,群聯國票64售01,15500,1.22,1.22,1.19,1.19
72969U,聖暉*國票61售05,0,,,,
72970U,雙鴻國票61售02,6800,0.34,0.34,0.34,0.34
72971U,良維群益67售01,111600,1.86,1.86,1.86,1.86
72972U,雙鴻群益61售03,41400,0.2,0.25,0.2,0.22
72973U,M31國票61售02,21000,0.84,0.84,0.84,0.84
72974U,威剛國票65售01,0,,,,
72975U,譜瑞國票61售01,7210,1.03,1.03,1.03,1.03
72976U,順達凱基61售06,0,,,,
72977U,雙鴻國泰63售01,40490,0.49,0.57,0.48,0.55
72978U,威剛凱基61售06,0,,,,
72979U,群聯台新61售07,0,,,,
729804,僑威統一5A購01,0,,,,
729808,騰雲統一5A購01,0,,,,
72980U,頎邦凱基61售05,0,,,,
72981U,欣銓國票61售04,22900,0.77,0.77,0.75,0.75
72982U,華景電國票61售02,0,,,,
72983U,家登群益63售02,21200,1.06,1.06,1.06,1.06
72984U,凡甲國票61售01,0,,,,
72985U,中美晶國票63售01,0,,,,
72986U,元太國票61售02,0,,,,
72987U,宜特國票61售02,0,,,,
72988U,頎邦國票64售02,172480,0.47,0.47,0.45,0.47
72989U,廣穎國票61售01,0,,,,
72990U,中美晶元大61售09,59690,0.78,0.81,0.75,0.8
72991U,群聯元大61售20,7100,0.71,0.71,0.71,0.71
72992U,中美晶富邦67售02,31200,0.65,0.65,0.65,0.65
72993U,中美晶凱基63售03,0,,,,
72994U,元太凱基61售07,0,,,,
72995U,群聯凱基63售03,1700,0.85,0.85,0.85,0.85
72996U,立碁國票64售02,92250,0.68,0.71,0.68,0.7
72997U,良維國票61售02,0,,,,
72998U,新普國票61售02,0,,,,
72999U,世界國票62售02,0,,,,
73000U,宜鼎國票63售01,0,,,,
73001U,欣銓國票63售01,2250,0.75,0.75,0.75,0.75
73002U,順達國票63售01,0,,,,
73003U,鈊象國票62售01,3920,0.98,0.98,0.98,0.98
73004U,群翊國票62售01,0,,,,
73005U,群聯國票62售01,0,,,,
73006U,雙鴻國票63售01,0,,,,
73007U,世界凱基63售03,0,,,,
73008U,中美晶國票64售03,0,,,,
73009U,光焱國票65售01,0,,,,
73010U,頎邦國票64售03,3360,0.42,0.42,0.42,0.42
73011U,中美晶國票66售01,0,,,,
73012U,威剛國票65售02,0,,,,
73013U,威剛元大63售02,7700,1.1,1.1,1.1,1.1
73014U,家登凱基63售02,143500,0.41,0.41,0.41,0.41
730157,綠界*統一5A購01,0,,,,
73015U,新應材凱基63售04,0,,,,
73016U,宜鼎國票66售02,33140,1.04,1.07,1.04,1.07
73017U,順達國票66售01,10400,1.04,1.04,1.04,1.04
73018U,群聯國票66售02,0,,,,
73019U,雙鴻國票66售02,0,,,,
73020U,雙鴻元大63售07,0,,,,
73021U,威剛凱基63售03,46050,1.02,1.05,1.02,1.05
73022U,威剛元大63售03,1140,1.14,1.14,1.14,1.14
73023U,雙鴻凱基63售07,470,0.47,0.47,0.47,0.47
73024U,弘塑國票67售01,486860,0.96,0.98,0.96,0.97
73025U,朋億*國票66售02,0,,,,
73026U,金山電國票68售01,0,,,,
73027U,萬潤國票66售02,61420,0.84,0.88,0.84,0.88
73028U,萬潤國票68售02,1190,1.19,1.19,1.19,1.19
73029U,聖暉*國票66售01,0,,,,
73030U,中美晶台新62售02,0,,,,
73031U,威剛凱基63售05,10800,1.08,1.08,1.08,1.08
73032U,M31國票66售01,0,,,,
73033U,富喬台新62售01,113550,0.87,0.98,0.87,0.98
73034U,中美晶凱基64售03,0,,,,
73035U,群聯永豐64售12,0,,,,
73036U,富喬國票63售02,70150,0.95,1.07,0.95,1.07
73037U,富喬國票65售01,168090,1.16,1.27,1.16,1.27
73038U,中美晶群益63售03,0,,,,
73039U,東捷群益64售02,41650,0.49,0.49,0.49,0.49
730401,M31統一62購01,0,,,,
730402,M31統一62購02,500,0.05,0.05,0.05,0.05
730403,M31統一62購03,0,,,,
73040U,穩懋群益64售02,678830,1.29,1.38,1.26,1.38
73041U,穩懋國泰64售01,22180,0.99,1.03,0.99,1.03
73042U,穩懋凱基63售06,1890,0.95,0.95,0.94,0.94
73043U,穩懋凱基63售07,139100,0.44,0.47,0.44,0.47
73044U,宏捷科凱基63售01,25680,1.07,1.07,1.07,1.07
73045U,蜜望實國票63售02,0,,,,
73046U,中美晶中信62售02,0,,,,
73047U,宜特群益62售02,0,,,,
73048U,東捷群益62售02,34900,1.87,1.87,1.62,1.62
730493,昇達科統一5C購01,0,,,,
73049U,振曜群益66售01,0,,,,
73050U,群聯永豐63售04,72780,1.16,1.16,1.14,1.14
73051U,陽程國票66售01,231950,0.61,0.65,0.61,0.65
73052U,世紀*國票6A售01,363090,0.76,0.77,0.76,0.76
73053U,頎邦台新62售02,80600,0.9,0.9,0.88,0.88
73054U,弘塑群益64售01,454990,0.85,0.9,0.85,0.9
73055U,世紀*國票68售01,327790,1.22,1.22,1.03,1.06
73056U,沛亨國票68售01,33490,0.76,0.77,0.76,0.76
73057U,宜鼎元大62售02,14670,1.63,1.63,1.63,1.63
73058U,頎邦群益62售03,930,0.31,0.31,0.31,0.31
73059U,安葆國票68售01,0,,,,
73060U,宏捷科國票63售01,5760,0.96,0.96,0.96,0.96
73061U,環球晶凱基62售06,198250,1.46,1.57,1.39,1.57
73062U,環球晶群益64售01,0,,,,
73063U,環球晶中信62售03,6300,0.63,0.63,0.63,0.63
73064U,環球晶元大62售04,27000,0.87,0.9,0.87,0.9
73065U,環球晶台新63售01,164150,1.41,1.43,1.41,1.43
73066U,千附精國票63售01,68600,0.85,0.86,0.85,0.86
73067U,晶宏國票63售01,63710,0.64,0.65,0.62,0.65
73068U,均華群益63售01,0,,,,
73069U,精材群益63售09,140850,2.08,2.15,2.01,2.12
73070U,精材群益69售01,0,,,,
73071U,雙鴻群益63售09,11650,0.79,0.79,0.75,0.75
73072U,精材國票64售03,3870,0.96,0.99,0.96,0.99
730733,原相統一5B購01,0,,,,
73073U,環球晶國票64售03,33290,1.58,1.69,1.58,1.69
73074U,精材台新63售05,4980,1.2,1.28,1.2,1.28
73075U,環球晶台新63售04,5500,1.1,1.1,1.1,1.1
73076U,雙鴻凱基63售17,0,,,,
73077U,漢達國票65售02,0,,,,
73078U,擎亞台新63售02,0,,,,
73079U,博智凱基63售06,0,,,,
73080U,順達元大63售11,0,,,,
73081U,昇達科台新63售02,0,,,,
73082U,信驊台新63售04,8360,2.07,2.11,2.07,2.11
73083U,信驊凱基63售06,20880,2.36,2.36,2.28,2.32
73084U,信驊富邦66售02,0,,,,
73085U,信驊永豐63售01,9700,0.97,0.97,0.97,0.97
73086U,信驊永豐64售01,0,,,,
73087U,信驊元大63售03,11450,2.29,2.29,2.29,2.29
73088U,信驊群益63售03,87300,2.51,2.51,2.4,2.4
73089U,信驊群益63售04,18540,3.09,3.09,3.09,3.09
73090U,竹陞國票67售01,0,,,,
73091U,信驊國票64售02,51460,3.16,3.22,3.16,3.22
73092U,信驊國票65售01,0,,,,
73093U,信驊國票65售02,31380,2.64,2.64,2.61,2.61
73094U,漢達國票65售03,0,,,,
73095U,穩懋國票65售01,19100,0.93,0.98,0.93,0.98
73096U,穩懋國票69售01,0,,,,
73097U,頎邦台新63售03,27900,1.65,1.76,1.63,1.76
73098U,台半國票65售02,0,,,,
73099U,弘塑國票65售02,0,,,,
73100U,威聯通國票65售01,0,,,,
73101U,崴寶國票65售01,0,,,,
73102U,萊德光國票65售01,0,,,,
73103U,雷科國票64售03,375000,1.88,1.88,1.87,1.87
73104U,光頡台新63售03,261380,1.07,1.22,1.0,1.22
73105U,頎邦群益63售06,54650,0.6,0.65,0.6,0.65
73106U,竹陞國票65售02,0,,,,
73107U,南俊國票65售01,0,,,,
73108U,茂達國票65售03,0,,,,
73109U,茂綸國票65售02,10790,0.74,0.74,0.69,0.73
73110U,高技國票65售03,0,,,,
73111U,博盛國票65售01,0,,,,
73112U,雅特力國票65售01,0,,,,
73113U,弘塑凱基65售02,19500,0.97,0.98,0.97,0.98
73114U,巨有國票64售02,116620,1.17,1.29,1.15,1.29
73115U,旭然國票68售01,0,,,,
73116U,昇達科國票64售03,0,,,,
73117U,萊德光國票64售02,79610,0.76,0.76,0.75,0.75
73118U,東捷凱基63售03,0,,,,
73119U,台燿台新63售02,241970,2.16,2.43,2.16,2.34
73120U,良維台新63售02,4500,2.25,2.25,2.25,2.25
73121U,穩懋群益63售08,0,,,,
73122U,台燿國票66售01,85100,1.44,1.45,1.42,1.44
73123U,信昌電國票64售03,0,,,,
731240,金麗科元富61購01,0,,,,
73124U,信昌電國票65售03,40780,1.85,1.89,1.85,1.89
731265,順達統一5B購01,17000,1.7,1.7,1.7,1.7
731495,英濟統一5B購01,5130,0.03,0.04,0.02,0.02
731584,群聯統一5B購01,68900,4.6,4.7,4.5,4.5
731945,千附精統一59購02,0,,,,
731949,茂綸統一59購02,0,,,,
732049,系統電統一59購01,0,,,,
732050,信立統一59購01,0,,,,
732051,高鋒統一59購01,0,,,,
732054,博智統一59購01,71000,1.42,1.42,1.42,1.42
732069,金山電統一59購01,0,,,,
732167,精剛統一59購01,0,,,,
732269,M31統一63購01,0,,,,
732271,千附統一59購01,4000,0.08,0.08,0.08,0.08
732272,千附統一5B購01,0,,,,
732275,萬泰科統一59購01,0,,,,
732277,精剛統一59購02,0,,,,
732332,M31統一63購02,3450,0.19,0.2,0.18,0.2
732545,晟德統一5A購01,0,,,,
732586,印能統一5A購01,0,,,,
732653,光焱統一5A購01,1100,1.1,1.1,1.1,1.1
733025,華星光統一5B購02,0,,,,
733248,宇峻統一5B購01,0,,,,
733332,大宇資統一5B購01,0,,,,
733411,美琪瑪統一61購01,0,,,,
733460,先進光統一5B購01,45180,0.92,0.92,0.8,0.89
733461,先進光統一65購01,354060,0.47,0.47,0.43,0.44
733467,新應材統一5B購01,0,,,,
733471,營邦統一5B購01,29700,2.7,2.7,2.7,2.7
733560,大學光統一5B購01,0,,,,
733563,弘塑統一5B購01,0,,,,
733653,創惟統一5B購01,100,0.01,0.01,0.01,0.01
733654,創惟統一65購01,0,,,,
733655,創惟統一65購02,0,,,,
733656,創惟統一65購03,0,,,,
733695,高端統一5B購01,590,0.59,0.59,0.59,0.59
733696,高端統一65購01,768130,0.67,0.69,0.66,0.67
733702,創惟統一5C購01,0,,,,
733760,高端統一65購02,0,,,,
733800,華星光統一5B購03,0,,,,
733958,新應材統一5C購01,0,,,,
733959,新應材統一5C購02,0,,,,
733983,富喬統一5C購01,0,,,,
734209,華星光統一66購01,13250,3.4,3.4,3.05,3.05
734284,竹陞統一5C購01,0,,,,
734285,良維統一5A購01,0,,,,
734352,竹陞統一5C購02,0,,,,
734355,南俊統一5C購01,0,,,,
734508,台燿統一5C購01,0,,,,
734519,建榮統一5C購01,0,,,,
734521,智通*統一5C購01,0,,,,
734707,智通*統一5C購02,0,,,,
734708,新漢統一5C購01,0,,,,
734710,雙鴻統一62購01,51510,1.01,1.01,1.01,1.01
734782,宇峻統一5C購01,0,,,,
734783,均華統一5C購01,13600,1.36,1.36,1.36,1.36
734785,萬潤統一5C購01,0,,,,
734873,前鼎統一5C購01,0,,,,
734874,威剛統一5C購01,0,,,,
734994,新應材統一62購01,49600,0.2,0.37,0.2,0.37
735028,新應材元富63購01,167800,0.76,0.82,0.76,0.82
735029,新應材元富64購01,87500,1.75,1.75,1.75,1.75
735271,波若威統一62購01,0,,,,
735304,華景電統一5A購01,0,,,,
735306,順達統一5C購01,171000,0.57,0.57,0.57,0.57
735512,華星光統一61購03,0,,,,
735557,波若威統一63購01,29050,9.3,10.5,9.25,10.5
735647,久禾光統一61購01,1400,0.02,0.02,0.02,0.02
735648,久禾光統一63購01,0,,,,
735654,信紘科統一5A購01,0,,,,
735658,彩富統一5B購01,0,,,,
735659,彩富統一61購01,0,,,,
735660,彩富統一63購01,0,,,,
735661,富喬統一5A購01,0,,,,
735665,意德士統一61購01,0,,,,
735724,久禾光統一61購02,0,,,,
735848,生合統一63購01,0,,,,
735849,均華統一63購01,0,,,,
735852,宏觀統一61購01,0,,,,
735853,旺矽統一61購01,0,,,,
735855,南俊統一61購01,0,,,,
736081,均華統一63購02,700,0.7,0.7,0.7,0.7
736082,均豪統一61購01,0,,,,
736153,台燿統一61購01,0,,,,
736154,立碁統一61購01,0,,,,
736156,均華統一5C購02,0,,,,
736160,金居統一62購01,0,,,,
736243,宜特統一61購01,0,,,,
736244,金居統一61購01,0,,,,
736249,家登統一61購01,0,,,,
736349,安國統一63購01,0,,,,
736350,安國統一65購01,0,,,,
736351,安國統一66購01,1200,0.12,0.12,0.12,0.12
736352,安國統一67購01,0,,,,
736353,安國統一67購02,0,,,,
736354,安國統一67購03,1250,0.25,0.25,0.25,0.25
736360,閎康統一5B購01,0,,,,
736427,M31統一61購03,3000,0.12,0.13,0.12,0.13
736428,立碁統一59購02,1320,0.33,0.33,0.33,0.33
736430,宏捷科統一59購01,0,,,,
736431,宏捷科統一61購01,4200,0.35,0.35,0.35,0.35
736433,波若威統一59購04,32000,6.4,6.4,6.4,6.4
736434,信紘科統一59購02,0,,,,
736436,晶呈統一59購01,0,,,,
736439,順達統一59購04,0,,,,
736443,雙鴻統一62購02,0,,,,
736444,穩懋統一61購01,0,,,,
736474,中美晶統一5A購01,33560,0.48,0.72,0.48,0.72
736475,立碁統一59購03,0,,,,
736476,系微統一5B購01,450,0.09,0.09,0.09,0.09
736477,神盾統一5A購01,0,,,,
736478,新盛力統一67購01,0,,,,
736479,漢磊統一61購01,50550,0.99,0.99,0.72,0.84
736480,廣運統一61購01,13000,0.13,0.13,0.13,0.13
736585,振曜統一59購02,0,,,,
736586,神盾統一5C購01,0,,,,
736604,元債20凱基67購01,18900,1.89,1.89,1.89,1.89
736736,力旺統一61購01,11360,2.2,2.3,2.2,2.3
736740,安國統一59購01,0,,,,
736741,安國統一61購01,0,,,,
736834,中光電統一59購01,0,,,,
736933,系統電統一59購02,0,,,,
736934,金居統一5B購01,204600,8.65,8.8,8.0,8.0
736935,前鼎統一5B購01,0,,,,
736938,晶呈統一5B購01,0,,,,
736997,華景電統一59購01,0,,,,
737015,中美晶國票59購01,0,,,,
737086,良維統一62購01,0,,,,
737088,富喬統一5A購02,0,,,,
737153,正基統一5A購01,0,,,,
737161,富喬統一5A購03,0,,,,
737198,智通*國票5B購01,306800,1.47,1.52,1.32,1.32
737321,立碁統一5C購01,6850,0.74,0.74,0.63,0.63
737801,漢磊國票5B購01,0,,,,
737929,台燿統一5A購01,0,,,,
737930,晶呈統一5C購01,0,,,,
737931,萬泰科統一59購02,0,,,,
737933,譜瑞統一5B購01,100,0.01,0.01,0.01,0.01
738131,中光電統一5B購01,0,,,,
738135,台燿統一5C購02,0,,,,
738137,亞信統一5B購01,540,0.18,0.18,0.18,0.18
738138,亞信統一64購01,240,0.24,0.24,0.24,0.24
738140,美琪瑪統一64購01,0,,,,
738144,順達統一5B購02,0,,,,
738145,順達統一5C購02,2600,0.26,0.26,0.26,0.26
738150,漢科統一5B購01,0,,,,
738151,漢科統一5C購01,0,,,,
738152,精測統一5B購01,0,,,,
738153,精測統一64購01,0,,,,
738154,廣明統一64購01,0,,,,
738155,擎亞統一5B購01,0,,,,
738156,譜瑞統一5C購01,0,,,,
738157,譜瑞統一64購01,1250,0.25,0.25,0.2,0.2
738183,凡甲統一5C購01,0,,,,
738184,世禾統一5B購01,0,,,,
738187,昱展統一64購01,0,,,,
738190,順達統一5A購01,0,,,,
738191,聖暉*統一5A購02,0,,,,
738192,聖暉*統一64購01,3500,0.35,0.35,0.35,0.35
738281,M31統一5B購01,2640,0.12,0.12,0.12,0.12
738282,M31統一5C購01,0,,,,
738284,千附精統一59購03,0,,,,
738285,旺矽統一63購01,0,,,,
738286,信紘科統一64購01,0,,,,
738288,新應材統一64購01,6030,0.36,0.36,0.24,0.31
738291,環球晶統一64購01,29500,2.95,2.95,2.95,2.95
738567,精測國票5B購01,0,,,,
738726,宏捷科國票5B購01,0,,,,
738736,M31統一5C購02,0,,,,
738737,M31統一62購04,22000,0.11,0.11,0.11,0.11
738741,生合統一63購02,0,,,,
738743,宏觀統一5C購01,0,,,,
738746,朋程統一5C購01,0,,,,
738747,長佳智統一5C購01,0,,,,
738748,信紘科統一5C購01,0,,,,
738754,晶焱統一5C購01,0,,,,
738757,順達統一5C購03,0,,,,
738758,萬泰科統一5C購01,0,,,,
738760,群翊統一5C購01,0,,,,
738762,寬宏統一65購01,0,,,,
738764,廣明統一5C購01,0,,,,
738767,耀勝統一5C購01,0,,,,
738802,精測群益5C購01,0,,,,
738931,M31統一5C購03,0,,,,
738933,世禾統一5C購01,0,,,,
738934,台半統一5C購01,0,,,,
738938,永信建統一5C購01,0,,,,
738940,旺矽統一65購01,0,,,,
738943,湧德統一5C購01,1150,0.23,0.23,0.23,0.23
738944,順達統一5C購04,0,,,,
738947,精測統一65購01,0,,,,
739071,旺矽國票5A購01,0,,,,
739284,威剛國票5B購01,0,,,,
739372,力旺統一5C購01,20030,0.4,0.4,0.28,0.3
739373,生合統一5C購01,0,,,,
739375,合晶統一5C購01,0,,,,
739376,均豪統一5B購01,0,,,,
739378,宜鼎統一5C購01,0,,,,
739379,宜鼎統一5C購02,0,,,,
739380,欣銓統一64購01,6890,2.27,2.37,2.25,2.37
739381,信驊統一5C購01,0,,,,
739382,威剛統一5C購02,0,,,,
739383,威剛統一64購01,36540,4.1,4.1,4.04,4.04
739384,鈊象統一5C購01,0,,,,
739385,萬泰科統一64購01,62050,0.85,0.85,0.85,0.85
739386,群翊統一5C購02,0,,,,
739387,精材統一5C購01,0,,,,
739388,德微統一5C購01,0,,,,
739425,泰茂國票5A購01,30,0.03,0.03,0.03,0.03
739441,中光電統一5B購02,0,,,,
739442,中美晶統一5C購01,0,,,,
739443,永信建統一5C購02,0,,,,
739446,宜鼎統一5C購03,0,,,,
739447,朋程統一5C購02,0,,,,
739453,振曜統一5C購01,0,,,,
739454,能率統一5B購01,0,,,,
739460,環球晶統一64購02,11460,1.91,1.91,1.91,1.91
739519,系微統一5C購02,0,,,,
739520,旺矽統一5B購01,0,,,,
739521,茂迪統一59購01,0,,,,
739522,廣運統一5C購01,0,,,,
739523,擎亞統一5C購01,0,,,,
739549,聯合國票5A購01,0,,,,
739581,均華兆豐59購01,0,,,,
739598,中美晶國票59購02,0,,,,
739634,中光電富邦59購02,0,,,,
739639,大宇資統一5C購01,0,,,,
739640,中光電統一59購03,0,,,,
739641,台燿統一64購01,0,,,,
739642,弘塑統一5C購01,0,,,,
739643,合晶統一5B購01,0,,,,
739644,合晶統一5C購02,12600,4.2,4.2,4.2,4.2
739645,均豪統一5C購01,0,,,,
739646,昇佳電統一5C購01,0,,,,
739647,昇佳電統一5C購02,0,,,,
739648,創惟統一5C購02,0,,,,
739649,新漢統一64購01,0,,,,
739650,萬泰科統一5C購02,0,,,,
739651,德微統一5C購02,0,,,,
739652,耀勝統一5C購02,0,,,,
739696,鈊象元富59購01,0,,,,
739709,環球晶富邦59購01,0,,,,
739715,台半元富59購01,0,,,,
739716,台半元富59購02,0,,,,
739718,精測元富59購03,0,,,,
739723,環球晶元富59購01,0,,,,
739724,環球晶元富59購02,0,,,,
739742,威剛凱基59購01,0,,,,
739750,環球晶凱基59購01,0,,,,
739751,環球晶凱基59購02,0,,,,
739825,雙鴻元富59購01,0,,,,
739826,世界群益59購01,0,,,,
739841,世界國票5C購01,0,,,,
739842,威剛國票5A購01,0,,,,
739856,系微元大59購01,0,,,,
739858,昇達科元大59購01,35000,7.0,7.0,7.0,7.0
739913,旺矽國票5B購01,0,,,,
739986,廣明國票5B購01,0,,,,
7402,邑錡,13562404,100.5,101.5,99.7,100.0
7547,碩網,354051,50.2,50.2,49.7,49.7
7556,意德士,2376909,246.5,253.5,245.0,247.5
7584,樂意,119433,26.9,27.95,26.9,27.95
7642,昶瑞機電,539638,70.7,71.0,69.5,70.0
7703,銳澤,13786611,202.0,202.5,197.0,198.5
7704,明遠精密,667703,60.5,60.8,60.4,60.7
7708,全家餐飲,2210487,91.9,92.0,91.9,92.0
7709,榮田,7428291,81.8,81.9,80.0,80.1
7712,博盛半導體,42548295,156.0,158.0,152.0,153.0
7713,威力德生醫,73245,73.1,73.1,73.1,73.1
7714,創泓科技,58430264,180.0,182.0,174.0,174.0
7715,裕山,458058,28.1,28.95,28.1,28.5
7716,昱臺國際,444500,23.45,23.45,23.3,23.3
7717,萊德光電-KY,1867840442,544.0,579.0,530.0,579.0
7718,友鋮,552050,46.05,46.05,46.0,46.0
7723,築間,889944,18.8,19.05,18.65,18.75
7728,光焱科技,13355391,637.0,637.0,626.0,632.0
7734,印能科技,1207991775,2565.0,2735.0,2555.0,2580.0
7738,東聯互動,3211164,160.0,161.0,158.0,161.0
7743,金利食安,1199323,24.45,24.5,23.65,24.3
7744,崴寶,44621058,499.0,517.0,499.0,508.0
7747,昕奇雲端,64038,,,,
7751,竑騰,107679315,1430.0,1455.0,1395.0,1420.0
7753,星亞,548115,35.8,35.9,35.7,35.7
7757,金色三麥,569554,87.1,88.2,87.1,88.2
7767,仁大資訊,1570750,46.0,46.45,46.0,46.2
7770,君曜,853771,37.6,38.7,37.6,38.3
7772,耀穎,66652822,133.0,146.0,133.0,146.0
7777,能率亞洲,36593725,38.0,38.4,36.9,36.9
7782,光速火箭,206200,25.2,26.3,25.2,25.45
7792,安葆,93948084,314.0,321.0,310.5,313.0
7794,宏碁智新,748907,31.2,31.2,30.6,31.0
7805,威聯通,9284360,500.0,503.0,500.0,503.0
7810,捷創科技,13628166,220.0,224.5,217.5,219.0
7811,民盛,145592,72.5,72.5,72.5,72.5
7814,海昌生技,344404,28.5,28.55,28.5,28.5
7819,精誠金融,307617,34.8,34.8,34.3,34.55
7820,立盈,1832020,106.0,107.0,105.0,106.0
7825,和亞智慧,46293264,88.6,90.0,83.2,83.9
7828,創新服務,721200980,2050.0,2055.0,1920.0,1935.0
7839,達人網,303931,44.3,44.3,43.0,43.0
7842,天能綠電,1325716,97.5,97.5,96.3,96.5
8024,佑華,556148,12.8,13.4,12.65,12.95
8027,鈦昇,477120681,174.5,183.5,172.0,173.0
8032,光菱,666233,34.65,35.1,34.65,34.7
8034,榮群,1545384,19.95,20.0,19.7,19.85
8038,長園科,4707134,32.1,33.0,31.65,31.9
8040,九暘,102406754,79.2,83.0,78.3,78.3
8042,金山電,398051085,115.5,118.0,110.5,110.5
8043,蜜望實,148818905,133.5,136.5,130.0,130.0
8044,網家,10602636,23.8,24.35,23.8,24.2
8047,星雲,302861,45.25,45.9,45.15,45.15
8048,德勝,5820170,49.5,49.6,48.7,49.0
8049,晶采,2824921,24.45,24.55,24.35,24.45
8050,廣積,114258038,57.5,59.2,57.5,58.9
8054,安國,62823972,83.0,84.7,82.6,83.5
8064,東捷,748204500,123.0,130.0,123.0,130.0
8066,來思達,415821,15.05,15.1,14.95,15.05
8067,志旭,152911,12.05,12.05,11.6,11.7
8068,全達,1737131,15.75,16.0,15.75,15.95
8069,元太,755663336,149.0,151.0,145.5,145.5
8071,能率網通,9180305,21.55,21.8,21.05,21.5
8074,鉅橡,15414487,50.5,51.5,49.7,49.75
8076,伍豐,11029636,21.35,21.65,21.35,21.5
8077,洛碁,582950,45.1,45.1,43.5,43.5
8080,泰霖,438618,28.9,29.0,28.75,28.75
8083,瑞穎,3459978,156.5,157.0,156.5,156.5
8084,巨虹,11283240,41.55,41.8,41.0,41.65
8085,福華,1873678,14.3,14.65,14.25,14.3
8086,宏捷科,334938100,109.0,112.5,107.5,108.0
8087,麗升能源,740948,24.3,24.4,23.1,24.0
8088,品安,8961972,42.5,42.9,41.8,41.8
8089,康全電訊,1202771,18.2,18.2,18.0,18.1
8091,翔名,58454341,215.0,215.5,212.0,213.5
8092,建暐,318514,12.7,12.75,12.6,12.65
8093,保銳,827483,24.3,25.5,24.3,24.5
8096,擎亞,312567224,90.1,91.0,88.1,88.2
8097,常珵,22679257,48.5,49.0,48.25,48.85
8099,大世科,4159199,59.7,59.7,58.9,59.6
8102,傑霖科技,559533,62.6,62.6,60.8,61.5
8107,大億金茂,322977,12.35,12.35,12.05,12.1
8109,博大,7272898,130.5,131.0,129.5,130.5
8111,立碁,867709736,73.9,74.8,72.0,73.5
8121,越峰,8162262,27.1,27.5,27.1,27.25
8147,正淩,8484463,130.5,133.5,130.5,132.0
8155,博智,166761809,326.0,334.0,315.0,317.5
8171,天宇,1428157,20.05,20.2,19.9,20.15
8176,智捷,1813518,9.83,9.89,9.5,9.78
8182,加高,18686223,39.55,40.2,38.7,38.85
8183,精星,4272242,28.15,28.4,28.0,28.0
8227,巨有科技,872042848,273.0,281.0,258.0,258.0
8234,新漢,11123203,62.4,62.9,62.2,62.3
8240,華宏,46357168,49.65,52.6,49.65,50.6
8255,朋程,23156928,136.0,137.0,135.0,135.5
8272,全景軟體,405745,65.1,65.3,63.6,64.9
8279,生展,594925,79.6,79.9,79.5,79.5
8284,三竹,1387905,69.0,69.6,68.5,69.1
8289,泰藝,14085305,42.6,44.25,42.6,43.05
8291,尚茂,533328,28.5,29.7,28.05,28.85
8299,群聯,5632958100,2000.0,2040.0,1950.0,1970.0
8342,益張,496175,82.0,82.0,82.0,82.0
8349,恒耀,3102703,37.8,38.35,37.5,38.35
8349A,恒耀甲特,136000,45.35,45.35,45.3,45.3
8354,冠好,2735181,16.7,17.25,16.7,17.05
8358,金居,15401056718,506.0,507.0,477.5,478.5
8383,千附,55223315,65.6,67.4,65.5,66.2
8390,金益鼎,11184679,92.4,92.6,91.7,92.3
8401,白紗科,331644,22.7,23.0,22.7,22.9
8403,盛弘,892603,18.95,19.05,18.9,19.05
8409,商之器,90793,18.15,18.15,18.1,18.1
8410,森田,389186,29.45,29.8,29.1,29.35
8415,大國鋼,18522685,34.75,35.15,34.7,34.8
8416,實威,466124,169.0,169.0,169.0,169.0
8421,旭源,3406539,12.85,13.8,12.85,13.15
8423,保綠-KY,235099,17.75,18.0,17.75,17.8
8424,惠普,144829,69.0,69.0,68.9,68.9
8426,紅木-KY,84836,20.55,20.65,20.5,20.65
8431,匯鑽科,212370251,65.0,68.0,63.4,64.8
8432,東生華,902827,50.1,50.7,49.9,50.1
8433,弘帆,321613,53.3,53.6,53.3,53.6
8435,鉅邁,2401332,53.5,53.7,52.9,53.0
8436,大江,263228889,105.0,107.0,102.5,104.0
8437,大地-KY,240677,9.24,9.24,9.0,9.12
8440,綠電,919910,20.15,20.15,19.75,19.9
8444,綠河-KY,82300,4.3,5.0,4.25,5.0
8446,華研,2264006,85.0,85.4,84.8,85.1
8450,霹靂,263915,14.35,14.35,14.1,14.15
8455,大拓-KY,9200,,,,
8472,納維康,2191988,79.0,81.6,76.0,76.0
8477,創業家,195278,15.0,15.15,15.0,15.0
8489,三貝德,589519,21.6,21.65,21.4,21.55
8905,裕國,237181,34.9,35.0,34.9,35.0
8906,花王,737506,29.2,29.5,29.0,29.4
8908,欣雄,1553191,40.1,40.5,40.0,40.25
8916,光隆,7333684,40.9,41.5,40.9,41.25
8917,欣泰,0,,,,
8921,沈氏,195650,16.35,16.35,16.3,16.3
8923,時報,0,,,,
8924,大田,3172404,49.4,49.95,49.4,49.9
8927,北基,1696739,18.9,19.1,18.75,19.0
8928,鉅明,377445,23.45,23.6,22.8,23.4
8929,富堡,177820,13.05,13.25,13.0,13.0
8930,青鋼,885444,28.85,29.0,28.6,28.85
8931,大汽電,3456068,42.95,44.15,42.95,43.6
8932,智通*,108060923,89.3,91.4,88.4,89.1
8933,愛地雅,98903,4.54,4.54,4.48,4.5
8935,邦泰,1889330,17.1,17.6,17.1,17.55
8936,國統,49060323,51.9,52.2,51.7,52.2
8937,合騏*,5043941,28.95,29.0,27.5,28.55
8938,明安,2955239,52.0,52.4,52.0,52.4
8941,關中,527459,44.5,44.6,42.3,43.4
8942,森鉅,10021197,41.55,41.55,41.2,41.35
9949,琉園,180872,23.95,24.15,23.95,24.15
9950,萬國通,746800,10.4,10.4,10.25,10.25
9951,皇田,2027719,47.7,48.0,47.65,48.0
9960,邁達康,251691,30.95,31.05,30.9,31.05
9962,有益,140168,10.0,10.1,9.95,9.95
