code,name,trading_value,open_price,high_price,low_price,close_price
00411A,主動統一前沿科技,121992186,11.01,11.07,11.0,11.05
006201,元大富櫃50,11799958,49.05,49.08,48.46,48.6
00679B,元大美債20年,709495612,24.37,24.37,24.29,24.33
00687B,國泰20年美債,538546385,25.32,25.32,25.23,25.29
00687C,國泰20年美債+櫃U,300350,8.59,8.59,8.58,8.58
00694B,富邦美債1-3,7373570,41.6,41.65,41.58,41.65
00695B,富邦美債7-10,12433893,33.5,33.5,33.38,33.5
00696B,富邦美債20年,126446130,26.54,26.54,26.47,26.51
00697B,元大美債7-10,14849477,33.86,33.86,33.73,33.8
00719B,元大美債1-3,127469956,31.0,31.0,30.94,30.97
00720B,元大投資級公司債,205060819,30.51,30.53,30.38,30.43
00722B,群益投資級電信債,117111159,32.81,32.81,32.62,32.67
00723B,群益投資級科技債,4764063,28.0,28.0,27.92,27.95
00724B,群益投資級金融債,116449571,31.25,31.25,31.2,31.22
00725B,國泰投資級公司債,208044706,32.55,32.55,32.42,32.51
00726B,國泰新興投等債,4703689,30.8,30.85,30.8,30.84
00727B,國泰優選非投等債,6395258,38.8,38.81,38.7,38.81
00734B,台新JPM新興債,1912100,14.71,14.71,14.69,14.71
00740B,富邦全球投等債,76766628,35.6,35.6,35.45,35.51
00741B,富邦全球非投等債,5082991,36.4,36.54,36.4,36.53
00746B,富邦A級公司債,23431253,33.0,33.0,32.88,32.94
00749B,凱基新興債10+,3162853,29.21,29.21,29.11,29.12
00750B,凱基科技債10+,3029000,30.29,30.29,30.29,30.29
00751B,元大AAA至A公司債,217661909,28.59,28.59,28.45,28.5
00754B,群益AAA-AA公司債,3404682,29.93,29.97,29.93,29.95
00755B,群益投資級公用債,4230489,30.15,30.15,30.02,30.03
00756B,群益投等新興公債,7328742,28.52,28.52,28.45,28.52
00758B,復華能源債,4788553,47.81,47.81,47.81,47.81
00759B,復華製藥債,5050964,50.2,50.2,50.2,50.2
00760B,復華新興企業債,14841791,49.62,49.67,49.4,49.65
00761B,國泰A級公司債,9771105,31.65,31.65,31.5,31.53
00764B,群益25年美債,103712237,25.32,25.32,25.18,25.24
00768B,復華20年美債,24075274,45.43,45.43,45.19,45.28
00772B,中信高評級公司債,124919338,30.85,30.85,30.74,30.8
00773B,中信優先金融債,64084361,33.04,33.04,32.93,32.98
00777B,凱基AAA至A公司債,3216193,29.75,29.75,29.65,29.65
00778B,凱基金融債20+,3135000,31.35,31.35,31.35,31.35
00779B,凱基美債25+,9388439,25.48,25.48,25.4,25.44
00780B,國泰A級金融債,3864769,35.18,35.18,35.09,35.12
00781B,國泰A級科技債,3938207,25.53,25.53,25.39,25.44
00782B,國泰A級公用債,8487830,28.14,28.14,27.98,28.0
00785B,富邦金融投等債,1774336,32.33,32.5,32.33,32.49
00786B,元大10年IG銀行債,2513926,30.23,30.29,30.23,30.29
00787B,元大10年IG醫療債,424182,29.92,29.94,29.89,29.9
00788B,元大10年IG電能債,1272790,27.92,27.92,27.75,27.78
00789B,復華公司債A3,4614859,44.07,44.07,43.86,43.88
00791B,復華信用債1-5,5666100,56.1,56.1,56.1,56.1
00792B,群益A級公司債,3063556,28.79,28.8,28.76,28.77
00795B,中信美國公債20年,163994174,24.5,24.5,24.42,24.47
00799B,國泰A級醫療債,4973799,27.26,27.26,27.11,27.14
00834B,第一金金融債10+,4220060,31.77,31.77,31.72,31.72
00836B,永豐10年A公司債,153460,26.17,26.17,26.16,26.16
00840B,凱基IG精選15+,2726000,27.26,27.26,27.26,27.26
00841B,凱基AAA-AA公司債,2810130,26.02,26.03,25.98,26.03
00842B,台新美元銀行債,9682145,27.97,27.97,27.88,27.9
00844B,台新15年IG金融債,2492221,28.94,28.94,28.92,28.92
00845B,富邦新興投等債,7406935,31.08,31.28,31.08,31.25
00846B,富邦歐洲銀行債,4131242,33.64,33.85,33.64,33.84
00848B,中信新興亞洲債,6747173,31.97,31.98,31.96,31.98
00849B,中信EM主權債0-5,8309642,37.01,37.15,37.01,37.13
00853B,統一美債10年Aa-A,26071258,25.29,25.3,25.27,25.27
00856B,永豐1-3年美公債,62137,37.09,37.09,37.09,37.09
00857B,永豐20年美公債,40421724,21.05,21.05,20.98,21.01
00858,永豐美國500大,21431807,36.44,36.68,36.44,36.66
00859B,群益0-1年美債,115790019,40.64,40.65,40.56,40.63
00860B,群益1-5Y投資級債,5023316,37.68,37.69,37.64,37.64
00862B,中信投資級公司債,6488351,28.83,28.87,28.83,28.83
00863B,中信全球電信債,6055496,29.05,29.07,29.02,29.07
00864B,中信美國公債0-1,36065298,46.16,46.16,46.05,46.15
00867B,台新A-BBB電信債,1523370,28.29,28.29,28.18,28.23
00870B,元大15年EM主權債,340857,25.81,25.81,25.79,25.79
00877,復華中國5G,30043455,34.92,34.92,34.83,34.89
00884B,中信低碳新興債,5962814,27.0,27.03,27.0,27.0
00886,永豐美國科技,1087365,49.73,49.73,49.7,49.7
00887,永豐中國科技50大,26640531,15.04,15.1,15.04,15.07
00888,永豐台灣ESG,273803218,37.0,37.05,36.71,36.87
00890B,凱基ESG BBB債15+,3627487,29.62,29.64,29.62,29.64
00928,中信上櫃ESG 30,16964553,35.9,35.9,35.18,35.63
00931B,統一美債20年,27844619,12.32,12.32,12.28,12.31
00933B,國泰10Y+金融債,165546402,14.83,14.83,14.77,14.81
00937B,群益ESG投等債20+,1142130699,13.58,13.58,13.52,13.54
00942B,台新美A公司債20+,40637516,13.06,13.06,12.99,13.01
00948B,中信優息投資級債,88726216,8.69,8.69,8.67,8.68
00950B,凱基A級公司債,76327339,12.96,12.96,12.91,12.95
00955,中信日本商社,41663558,15.85,15.9,15.82,15.9
00957B,兆豐US優選投等債,1425722,12.35,12.35,12.29,12.3
00958B,永豐ESG銀行債15+,2324278,8.55,8.55,8.5,8.51
00959B,大華投等美債15Y+,28131292,8.64,8.64,8.56,8.58
00966B,統一ESG投等債15+,8122080,12.81,12.81,12.77,12.78
00967B,元大優息美債,4338954,8.44,8.44,8.4,8.42
00968B,元大優息投等債,11100310,8.57,8.57,8.53,8.53
00969B,元大零息超長美債,9556009,7.32,7.32,7.24,7.26
00970B,台新BBB投等債20+,15058791,8.62,8.62,8.57,8.59
009806,台新標普500,1012723,13.84,13.87,13.83,13.87
009807,台新標普科技精選,548970,18.25,18.28,18.25,18.28
00980B,台新特選IG債10+,3555528,8.75,8.75,8.7,8.71
00980D,主動聯博投等入息,9015278,19.36,19.36,19.3,19.33
00980T,平衡凱基美國TOP,12429240,12.16,12.2,12.15,12.2
009814,富邦標普500,15259156,11.48,11.53,11.48,11.53
009815,大華美國MAG7+,20930352,12.22,12.27,12.22,12.27
00981B,第一金優選非投債,154457843,8.92,8.92,8.89,8.92
00981D,主動中信非投等債,35298893,10.04,10.06,10.02,10.06
009822,華南永昌未來金融,4988542,9.36,9.48,9.36,9.46
009823,群益S&P500,38173646,10.55,10.57,10.54,10.56
009825,聯邦美國金融創新,2877890,9.66,9.76,9.66,9.74
00982B,FT投資級債20+,462003,9.02,9.02,8.99,9.01
00983B,大華優利美公債20,13113078,14.2,14.2,14.17,14.19
00984B,大華優利美A債15,24007976,14.96,14.96,14.87,14.91
00985D,主動貝萊德優投等,21562148,9.4,9.4,9.35,9.37
00986B,FT金融債10+,245806,9.12,9.14,9.11,9.11
00986D,主動復華金融債息,8522901,13.81,13.81,13.75,13.79
00987B,野村10+澳洲公債,8390885,15.15,15.15,15.13,15.14
00987D,主動統一美債量化,10307928,9.4,9.4,9.38,9.38
00988B,玉山嚴選非投債,31383919,19.02,19.02,18.96,18.99
00989B,台新美國非投等債,40758611,9.82,9.83,9.8,9.83
00990B,國泰收益非投等債,15328328,9.81,9.81,9.78,9.81
00998A,主動復華金融股息,68082636,16.18,16.29,16.18,16.29
020001,富邦存股雙十N,0,,,,
020025,統一亞洲半導體N,618940,41.21,41.3,41.21,41.3
020033,統一恒生科期N,396930,3.38,3.38,3.36,3.37
020035,元大上櫃ESG高息N,13750,13.75,13.75,13.75,13.75
020040,元大上櫃ESG龍頭N,0,,,,
020041,兆豐半導體氣候N,1446220,22.6,22.6,22.14,22.15
1240,茂生農經,1757619,53.7,54.3,53.1,53.9
1259,安心,662833,66.0,66.0,66.0,66.0
1264,德麥,4910994,247.0,255.0,247.0,249.0
1268,漢來美食,1986825,175.5,175.5,174.5,175.0
1294,漢田生技,575633,49.7,49.9,49.45,49.9
1295,生合,1188684,48.5,48.8,48.4,48.4
1336,台翰,6268097,18.05,18.55,17.9,18.1
1565,精華,9682783,96.2,96.7,96.1,96.1
1569,濱川,545355517,70.0,72.3,68.6,70.0
1570,力肯,326650,32.3,32.7,32.2,32.7
1580,新麥,6257390,95.7,95.8,95.5,95.7
1584,精剛,5470039,18.15,18.25,18.0,18.15
1586,和勤,4681375,17.9,17.9,17.6,17.8
1591,駿吉-KY,7970414,42.9,42.9,41.05,41.35
1593,祺驊,413491,31.3,31.65,31.2,31.65
1595,川寶,82844146,73.5,75.3,71.6,71.8
1599,宏佳騰,421238,22.55,23.0,22.55,22.95
1742,台蠟,1291760,17.8,17.8,17.35,17.65
1777,生泰,7852876,74.6,75.5,74.6,75.5
1780,立弘,1708163,24.9,25.1,24.75,24.8
1781,合世,160220,9.97,9.99,9.97,9.98
1784,訊聯,2017226,60.0,60.0,59.5,59.5
1785,光洋科,4824467491,103.5,112.5,102.0,110.5
1788,杏昌,4148087,127.5,128.0,127.0,128.0
1796,金穎生技,177848,29.8,29.8,29.5,29.6
1799,易威,7387551,28.8,28.8,27.95,28.05
1813,寶利徠,22941,11.2,11.2,11.2,11.2
1815,富喬,9676522521,129.0,133.5,126.5,127.0
2035,唐榮,340,,,,
2061,風青,179417072,65.0,67.5,64.5,65.5
2063,世鎧,788570,23.7,23.8,23.4,23.5
2064,晉椿,71500,11.9,12.0,11.8,12.0
2065,世豐,1771522,35.6,35.75,35.4,35.55
2066,世德,2841270,52.0,53.6,51.6,51.6
2067,嘉鋼,230934,4.89,4.89,4.67,4.8
2070,精湛,3783920,62.5,62.5,61.7,62.2
2073,雄順,3660,,,,
2221,大甲,118890762,186.5,188.0,180.0,186.0
2230,泰茂,2941571,21.8,21.9,20.9,21.65
2235,謚源,232898,28.15,28.25,27.25,28.0
2596,綠意,3037733,34.8,34.8,33.65,34.0
2640,大車隊,3282825,156.0,159.5,154.5,155.0
2641,正德,19102599,17.25,17.5,17.15,17.2
2643,捷迅,593739,62.6,62.7,62.0,62.0
2718,全心投控,1093671,39.6,39.6,39.35,39.35
2719,燦星旅,138985,19.5,19.5,19.2,19.45
2724,藝舍-KY,275,,,,
2726,雅茗-KY,16070,8.07,8.07,8.0,8.0
2729,瓦城,1654835,154.5,155.5,154.0,155.0
2732,六角,1508433,63.1,63.5,63.0,63.2
2734,易飛網,366039,14.3,14.4,14.3,14.35
2736,富野,424406,11.2,11.2,11.1,11.15
2740,華軒,47531,31.4,31.4,31.4,31.4
2743,山富,6833592,51.0,51.0,50.0,50.3
2745,五福,4304392,84.5,85.3,84.5,85.1
2751,王座,704444,53.0,53.8,53.0,53.5
2752,豆府,1199631,177.0,178.0,177.0,178.0
2754,亞洲藏壽司,1765664,68.0,68.0,67.0,67.5
2755,揚秦,6891766,99.0,99.0,97.8,98.0
2756,聯發國際,1183756,62.6,62.6,60.5,61.4
2916,滿心,1306400,40.5,40.5,40.4,40.4
2924,宏太-KY,565221,18.9,18.95,17.4,18.35
2926,誠品生活,93342,29.75,30.35,29.75,30.35
2937,集雅社,182200,44.5,44.9,44.0,44.9
2938,床的世界,939265,18.2,18.25,18.05,18.15
2941,米斯特,3137,,,,
2947,振宇五金,1456227,61.5,62.6,61.3,62.6
2948,寶陞,16294,,,,
2949,欣新網,7210,,,,
3064,泰偉,63576,13.6,13.95,13.6,13.95
3066,李洲,24094922,28.2,28.2,26.8,27.35
3067,全域,0,,,,
3071,協禧,3257646,22.7,22.9,22.65,22.75
3073,天方能源,254876,20.6,20.6,20.4,20.5
3078,僑威,10352307,46.15,46.3,45.85,46.05
3081,聯亞,7391619430,3015.0,3055.0,2915.0,2920.0
3083,網龍,1253706,23.45,23.45,22.9,23.15
3086,華義*,2237570,27.45,27.45,27.0,27.4
3088,艾訊,183014150,135.5,139.5,135.0,135.5
3093,港建*,13291046,47.2,47.2,45.95,46.65
3095,及成,137545,33.05,33.5,33.05,33.5
3105,穩懋,11863581093,615.0,623.0,588.0,592.0
3114,好德,305120734,47.95,47.95,40.0,40.85
3115,富榮綱,8534,8.3,8.3,8.3,8.3
3118,進階,343272,31.2,31.2,30.9,31.1
3122,笙泉,3080237,23.4,24.35,23.3,24.3
3128,昇銳,2479918,20.0,20.4,19.5,20.15
3131,弘塑,744519040,2550.0,2580.0,2510.0,2530.0
3141,晶宏,436294734,85.1,85.1,79.2,80.2
3147,大綜,1000774389,282.0,300.0,278.0,292.0
3152,璟德,27408981,247.0,247.5,238.0,238.0
3158,嘉實,981363,86.5,86.5,85.3,85.9
3162,精確,203081633,86.7,88.7,84.0,84.3
3163,波若威,1522433254,711.0,718.0,688.0,689.0
3169,亞信,26491904,114.0,114.0,112.0,112.0
3171,炎洲流通,258531,57.2,57.7,57.1,57.7
3176,基亞,17335347,38.55,39.25,38.2,38.25
3178,公準,9199056,70.5,70.5,68.4,68.6
3188,鑫龍騰,3664634,22.6,22.65,22.35,22.4
3191,雲嘉南,51809,16.95,17.55,16.95,17.55
3205,佰研,516333,46.5,47.0,46.5,46.9
3206,志豐,579277,33.8,34.0,33.7,34.0
3207,耀勝,9657400,40.05,40.4,39.4,39.4
3211,順達,4774278609,368.0,401.0,361.0,395.0
3213,茂訊,37727648,126.5,127.5,125.5,125.5
3217,優群,29580318,129.0,129.0,127.5,128.0
3218,大學光,21432490,133.0,135.0,133.0,134.0
3219,倚強科,211743826,131.5,140.5,130.0,140.5
3221,台嘉碩,159547553,55.7,55.7,52.0,52.4
3224,三顧,1523128,32.35,33.0,31.75,32.3
3226,龍鋒,1027960,62.9,62.9,58.0,59.3
3227,原相,135060023,189.5,189.5,186.5,188.5
3228,金麗科,58788293,172.0,174.0,167.0,168.5
3230,錦明,23675938,41.45,41.45,40.2,40.4
3232,昱捷,1030002,20.45,20.45,20.0,20.2
3234,光環,335730880,180.0,181.0,172.5,176.0
3236,千如,338031381,53.0,54.4,51.5,52.6
3252,海灣,199271,15.1,15.3,15.05,15.3
3259,鑫創,1238006,13.0,14.0,12.2,12.25
3260,威剛,2341655687,379.0,379.0,370.0,370.0
3264,欣銓,3256612120,242.5,248.0,241.0,246.0
3265,台星科,1188309133,188.0,203.5,188.0,197.5
3268,海德威,18564770,23.5,24.75,23.4,24.15
3272,東碩,254865,13.95,13.95,13.9,13.95
3276,宇環,687722,14.05,14.15,14.0,14.05
3284,太普高,18335848,21.7,22.4,21.05,22.4
3285,微端,1010584,41.95,42.3,41.75,41.8
3287,廣寰科,13873917,40.55,40.55,39.75,39.75
3288,點晶,1604706,21.95,23.15,21.25,21.9
3289,宜特,69911106,145.0,145.0,141.5,143.0
3290,東浦,58803639,50.4,50.8,49.65,50.7
3293,鈊象,1164617657,794.0,794.0,772.0,780.0
3294,英濟,16963218,32.3,32.5,31.5,31.8
3297,杭特,33403589,33.0,35.3,33.0,35.3
3303,岱稜,5928922,48.8,49.45,48.8,49.3
3306,鼎天,2680551,46.5,47.05,46.5,46.8
3310,佳穎,1843420,68.2,68.2,67.5,67.9
3313,斐成,617194,10.25,10.45,10.25,10.3
3317,尼克森,538385592,70.0,73.2,67.8,69.0
3322,建舜電,1800446,11.25,11.25,11.05,11.1
3323,加百裕,14086708,30.65,30.65,29.75,30.1
3324,雙鴻,2715589305,1540.0,1560.0,1515.0,1530.0
3325,旭品,1631991,11.5,11.55,11.35,11.4
3332,幸康,853557,64.6,64.9,64.0,64.3
3339,泰谷,55939517,45.7,45.75,44.5,44.65
3349,寶德,1202390,19.0,19.0,18.45,18.5
3354,律勝,103983126,32.2,34.0,30.6,32.1
3357,臺慶科,263836553,218.5,222.0,214.0,221.0
3360,尚立,3063107,15.3,15.35,15.1,15.25
3362,先進光,2001229654,191.5,202.0,188.0,188.5
3363,上詮,1570691064,666.0,679.0,645.0,650.0
3372,典範,6253444,16.4,16.8,16.1,16.5
3373,熱映,1083232,15.9,16.15,15.9,15.95
3374,精材,11262959908,517.0,530.0,481.0,487.5
3379,彬台,945816,27.7,27.7,27.35,27.5
3388,崇越電,65110738,85.1,87.5,84.4,85.6
3390,旭軟,3295149,22.3,22.3,21.85,22.15
3402,漢科,48774760,140.5,141.0,138.5,140.5
3430,奇鈦科,17913882,113.0,113.5,111.0,111.5
3434,哲固,5135002,31.8,32.1,31.2,31.6
3438,類比科,3597981,62.0,62.5,61.2,61.3
3441,聯一光,4893504539,238.0,255.0,238.0,255.0
3444,利機,17910635,77.9,78.9,76.0,77.4
3455,由田,406566898,284.0,284.0,276.0,277.5
3465,進泰電子,456610,29.65,29.9,29.4,29.9
3466,德晉,30153694,24.65,26.7,24.6,26.15
3467,台灣精材,18173167,71.3,72.1,70.8,71.0
3479,安勤,56489330,137.5,137.5,135.5,135.5
3483,力致,25915977,81.3,82.2,80.5,81.4
3484,崧騰,5660437,49.5,49.7,49.1,49.1
3485,敘豐,38704034,222.0,229.5,215.5,215.5
3489,森寶,1396174,22.8,22.85,22.45,22.45
3490,單井,161590634,46.0,47.5,45.0,45.7
3491,昇達科,7670433080,1710.0,1755.0,1645.0,1715.0
3492,長盛,597292,19.65,19.7,19.4,19.4
3498,陽程,1475076611,248.5,257.0,230.5,234.5
3499,環天科,719088,13.5,13.55,13.25,13.45
3508,位速,6267860,24.8,25.8,24.8,25.35
3511,矽瑪,2766017,20.25,20.45,19.6,19.6
3512,皇龍,822298,19.1,19.1,19.0,19.05
3516,亞帝歐,979942,26.6,26.6,26.0,26.4
3520,華盈,5454753,18.2,18.3,17.6,17.8
3521,台鋼建設,290359,11.55,11.65,11.55,11.65
3522,御嵿,1093363,12.5,12.7,12.0,12.1
3523,迎輝,155060,14.1,14.1,13.85,14.1
3526,凡甲,112041382,278.0,285.5,276.0,278.0
3527,聚積,1595436,51.1,51.5,50.9,50.9
3529,力旺,2982851700,3160.0,3175.0,3050.0,3115.0
3531,先益,21292,21.25,21.25,21.25,21.25
3537,堡達,11221366,55.8,55.8,55.1,55.2
3540,曜越,11861978,24.5,24.5,24.0,24.0
3541,西柏,1642337,24.45,24.6,24.25,24.5
3546,宇峻,4563243,72.2,73.0,72.2,72.6
3548,兆利,14216892,75.6,75.7,74.5,74.5
3551,世禾,112116844,199.0,199.0,195.0,197.5
3552,同致,8363660,44.4,44.4,43.3,43.35
3555,博士旺,5193608,165.0,165.0,161.0,163.5
3556,禾瑞亞,77659227,59.3,64.3,59.3,64.3
3558,神準,11468549,130.5,132.0,130.0,132.0
3564,其陽,163220412,60.4,61.6,56.4,60.5
3567,逸昌,998751,26.3,26.3,25.85,26.05
3570,大塚,2865733,168.5,169.5,168.5,168.5
3577,泓格,13773975,113.0,113.0,111.0,111.0
3580,友威科,74769001,110.0,110.5,103.5,103.5
3581,博磊,48356643,117.5,117.5,112.0,113.5
3587,閎康,328929339,262.0,262.5,249.5,250.0
3594,磐儀,7875642,46.25,46.75,46.0,46.55
3597,映興,20215088,33.45,33.45,33.45,33.45
3609,三一東林,1665260,23.0,24.2,22.85,23.75
3611,鼎翰,6229647,182.5,182.5,181.5,182.5
3615,安可,69660615,44.55,46.4,43.3,43.5
3623,富晶通,5068397,30.0,30.3,29.95,30.0
3624,光頡,1900416990,147.5,153.0,144.0,145.0
3625,西勝,4296671,9.85,10.2,9.85,10.05
3628,盈正,3397171,74.3,74.3,71.8,71.8
3629,地心引力,67314,14.45,14.45,12.8,12.8
3630,新鉅科,111134949,27.3,29.9,27.15,29.5
3631,晟楠,14176105,41.25,42.15,40.7,42.1
3632,研勤,919952,7.05,7.2,7.02,7.1
3646,艾恩特,224754,25.2,25.2,24.8,25.1
3663,鑫科,27010666,63.8,64.0,62.6,63.1
3664,安瑞-KY,185415,8.0,8.2,8.0,8.2
3666,光耀,1567775,25.1,25.4,25.1,25.4
3672,康聯訊,74221,12.25,12.25,11.85,11.85
3675,德微,520460701,349.0,354.0,334.0,335.5
3680,家登,1617696452,569.0,594.0,562.0,563.0
3684,榮昌,6642448,55.5,57.2,55.0,57.0
3685,元創精密,43625413,35.75,36.8,35.2,35.85
3687,歐買尬,794319,60.8,61.3,60.7,60.7
3689,湧德,137958349,114.0,117.0,113.5,116.5
3691,碩禾,49973742,106.5,107.5,104.5,104.5
3693,營邦,1727294593,697.0,729.0,681.0,716.0
3707,漢磊,1778991435,87.2,87.5,83.1,86.0
3709,鑫聯大投控,11528555,65.2,65.2,64.1,64.4
3710,連展投控,1852806,7.98,8.09,7.96,8.0
3713,新晶投控,577274,13.45,13.65,13.3,13.65
3718,中光電投控,102491323,65.5,65.5,64.2,64.2
4102,永日,644222,18.0,18.65,18.0,18.25
4105,東洋,53172722,78.8,79.1,78.5,78.8
4107,邦特,7577329,110.0,110.0,109.0,109.0
4109,加捷生醫,564929,10.9,10.95,10.85,10.9
4111,濟生,2621789,29.0,29.0,28.45,28.75
4113,聯上,1319975,14.8,15.1,14.8,14.95
4114,健喬,15299553,29.1,29.2,29.05,29.05
4116,明基醫,1085371,40.0,40.1,39.55,39.75
4120,友華,975172,45.7,46.0,45.45,46.0
4121,優盛,569744,12.75,12.75,12.6,12.7
4123,晟德,33337614,30.85,31.15,30.6,30.8
4126,太醫,5926271,77.6,77.6,77.2,77.4
4127,天良,22345529,42.5,42.85,40.25,41.2
4128,中天,22822554,15.45,15.7,15.3,15.45
4129,聯合,6127934,82.5,83.1,82.5,82.8
4131,浩泰,723838,30.8,30.9,29.9,30.6
4138,曜亞,1139275,53.5,53.7,53.3,53.5
4139,馬光-KY,3167841,42.1,43.2,42.1,43.05
4147,中裕,42284647,60.5,61.8,59.7,61.3
4153,鈺緯,812780,31.45,31.45,31.2,31.2
4154,樂威科-KY,12013,12.0,12.0,12.0,12.0
4157,太景*-KY,5240663,8.56,8.56,8.44,8.47
4160,訊聯基因,624600,38.95,39.0,38.4,38.8
4161,聿新科,694791,21.55,21.7,21.5,21.5
4162,智擎,6043283,55.4,55.5,55.0,55.0
4163,鐿鈦,4764409,135.5,136.0,134.0,135.0
4166,友霖,1518070,24.0,24.5,24.0,24.1
4167,松瑞藥,11269990,19.45,19.65,19.4,19.45
4168,醣聯,1834888,22.7,22.75,22.5,22.75
4171,瑞基,1080817,16.85,17.0,16.5,16.75
4173,久裕,359138,17.3,17.3,17.15,17.25
4174,浩鼎,163797710,46.15,50.8,45.85,50.8
4175,杏一,423635,50.8,50.9,50.7,50.7
4183,福永生技,0,,,,
4188,安克,876287,14.3,14.3,13.8,13.9
4192,杏國,952941,17.8,17.8,17.5,17.5
4198,欣大健康,239797,47.7,47.7,47.0,47.0
4205,中華食,3128783,67.8,67.8,67.5,67.6
4207,環泰,5426681,19.35,19.35,19.15,19.3
4303,信立,30824061,32.15,32.15,31.2,31.2
4304,勝昱,558972,17.9,17.9,16.8,16.8
4305,世坤,82750,41.55,41.55,41.2,41.2
4401,東隆興,837892,13.8,13.9,13.7,13.85
4402,郡都開發,814003,13.55,13.55,12.95,13.3
4406,新昕纖,221570,10.1,10.1,10.0,10.05
4413,飛寶企業,895,,,,
4416,三圓,4903218,12.75,12.8,12.55,12.55
4417,金洲,2177892,49.9,50.0,48.85,48.9
4419,皇家美食,61969,49.0,49.0,49.0,49.0
4420,光明,1586825,35.45,35.45,35.0,35.0
4430,耀億,789902,19.3,19.3,17.6,18.05
4432,銘旺實,503342,15.2,15.25,15.05,15.2
4433,興采,1989803,17.55,18.0,17.5,18.0
4442,竣邦-KY,702188,53.5,53.8,53.2,53.2
4502,健信,344400,15.65,15.75,15.6,15.7
4503,金雨,2608209,23.9,24.1,23.75,24.1
4506,崇友,7658300,117.5,117.5,117.0,117.5
4510,高鋒,20113751,42.85,42.85,42.15,42.15
4513,福裕,2993553,16.15,16.25,16.0,16.15
4523,永彰,1179882,23.95,23.95,23.45,23.85
4528,江興鍛,502891,14.8,14.8,14.6,14.7
4529,淳紳,99289,3.5,3.5,3.33,3.39
4530,天意能創,257133,24.5,24.95,24.3,24.6
4533,協易機,12458583,25.3,25.55,25.15,25.45
4534,慶騰,16874918,30.3,30.45,29.8,30.35
4535,至興,87271,26.45,26.5,26.45,26.5
4538,大詠城,316346,17.45,17.5,17.2,17.3
4541,晟田,27376682,60.4,60.9,59.9,60.0
4542,科嶠,457597343,348.5,352.0,335.0,338.0
4543,萬在,2189000,30.3,30.3,29.8,29.8
4549,桓達,5144347,98.1,99.3,97.7,99.2
4550,長佳,432964,24.3,24.3,23.8,23.8
4554,橙的,353757,28.7,28.7,27.9,27.9
4556,旭然,496518317,124.5,138.0,123.5,137.5
4558,寶緯,475250,16.9,17.15,16.85,16.85
4561,健椿,8622099,43.7,44.4,42.5,42.7
4563,百德,16495565,54.2,55.3,53.5,53.8
4568,科際精密,157293,39.0,39.0,38.65,38.75
4577,達航科技,31586545,93.5,93.5,88.8,88.8
4580,捷流閥業,2785133,82.5,82.5,81.9,82.5
4584,君帆,278960,37.75,39.85,37.75,38.1
4609,唐鋒,4520,4.52,4.52,4.52,4.52
4702,中美實,431492,9.38,9.38,9.27,9.32
4706,大恭,7242947,38.4,39.25,36.1,39.25
4707,磐亞,408913319,30.35,33.25,30.3,33.25
4711,永純,32198006,16.8,18.45,16.8,18.45
4714,永捷,7244743,11.95,12.0,11.75,11.9
4716,大立,39459714,20.95,20.95,20.95,20.95
4721,美琪瑪,50058790,81.4,83.3,80.6,82.5
4726,永昕,2814541,22.95,22.95,22.5,22.85
4728,雙美,4770473,395.0,399.5,394.0,397.0
4729,熒茂,2856980,19.8,19.9,19.6,19.8
4735,豪展,11628415,36.45,39.05,36.45,38.2
4741,泓瀚,4253830,40.7,41.7,39.5,41.4
4743,合一,137938750,48.5,49.1,47.2,48.1
4744,皇將,1989671,28.45,28.5,28.1,28.1
4745,合富-KY,168568,12.1,12.15,12.0,12.15
4747,強生*,1169100,23.0,23.4,22.95,23.2
4749,新應材,528252790,810.0,810.0,793.0,801.0
4754,國碳科,243761,38.0,38.1,37.9,38.1
4760,勤凱,1169274211,335.0,356.0,320.0,335.0
4767,誠泰科技,458374,28.2,28.6,28.0,28.5
4768,晶呈科技,360081225,366.5,382.5,361.0,370.0
4772,台特化,229147366,278.0,279.0,274.0,276.0
4806,桂田文創,2387552,11.3,11.65,10.9,11.3
4903,聯光通,100560065,43.5,44.65,42.5,42.5
4905,台聯電,18284162,98.2,98.2,91.0,91.2
4907,富宇,1173098,43.45,43.45,42.85,42.85
4908,前鼎,612894759,236.5,237.0,225.0,231.0
4909,新復興,44723127,37.8,38.65,37.0,37.3
4911,德英,305213,28.0,28.1,28.0,28.1
4923,力士,76727156,63.5,64.4,60.8,63.4
4924,欣厚-KY,3566284,15.3,15.3,14.3,14.3
4931,新盛力,2140254703,248.0,260.0,242.0,258.5
4933,友輝,2245692,53.6,54.1,53.2,53.2
4939,亞電,323310431,79.2,79.2,76.2,76.3
4946,辣椒,491988,98.8,98.8,98.1,98.1
4950,金耘國際,91394,15.6,15.7,15.55,15.55
4951,精拓科,18659667,90.4,90.4,88.8,89.0
4953,緯致,22688384,117.0,118.0,116.5,117.0
4966,譜瑞-KY,341119622,574.0,574.0,562.0,563.0
4971,IET-KY,1878142562,588.0,620.0,581.0,585.0
4972,湯石照明,925715,16.2,16.2,16.05,16.1
4973,廣穎,56552487,137.5,138.0,136.5,136.5
4974,亞泰,10361943,70.1,70.4,69.8,70.0
4979,華星光,6620386124,610.0,622.0,561.0,568.0
4991,環宇-KY,2447221324,528.0,535.0,503.0,505.0
4995,晶達,3041999,47.6,47.6,45.1,47.35
5009,榮剛,34338443,32.45,32.9,32.2,32.7
5011,久陽,68424949,23.85,23.85,20.25,21.65
5013,強新,187547513,56.4,56.4,46.35,47.95
5014,建錩,1274445,10.0,10.05,9.99,9.99
5015,華祺,1511918,23.25,23.7,23.0,23.3
5016,松和,5647948,27.2,27.95,26.4,27.75
5201,凱衛,7296874,27.85,27.85,27.0,27.65
5202,力新,34459199,13.75,15.05,13.7,15.05
5205,中茂,1500586,27.55,27.55,27.55,27.55
5206,坤悅,1346096,22.55,22.8,22.5,22.7
5209,新鼎,7749905,175.0,175.0,172.5,173.5
5210,寶碩,4929934,30.0,30.05,29.6,29.85
5211,蒙恬,452693,20.9,20.9,20.6,20.6
5212,凌網,524881,49.0,49.2,49.0,49.2
5213,亞昕,4030010,20.25,20.25,20.05,20.15
5220,萬達光電,6248244,22.7,22.8,21.6,21.75
5223,安力-KY,68077,22.65,22.65,22.6,22.6
5227,立凱-KY,12448325,29.0,29.25,28.65,28.9
5228,鈺鎧,154126673,48.7,52.2,48.15,50.8
5230,雷笛克光學,6639963,22.45,22.7,22.15,22.3
5245,智晶,2029131,20.55,20.55,20.15,20.4
5251,天鉞電,38093846,30.15,32.3,29.95,32.3
5263,智崴,9376789,90.0,91.0,89.2,90.1
5272,笙科,1209911,17.8,17.8,17.45,17.55
5274,信驊,3627465565,19520.0,19895.0,18855.0,18985.0
5276,達輝-KY,38294,17.6,17.6,17.5,17.5
5278,尚凡*,1399153,23.95,23.95,23.4,23.5
5287,數字,5697682,137.0,137.0,136.5,136.5
5289,宜鼎,1609311900,1305.0,1310.0,1265.0,1265.0
5291,邑昇,49132512,65.5,67.5,63.6,64.1
5299,杰力,20519983,105.0,105.0,102.0,102.0
5302,太欣,1208591,9.73,9.93,9.73,9.81
5309,系統電,528612905,67.1,67.6,63.9,67.2
5310,天剛,1320103,29.6,31.6,29.0,29.8
5312,寶島科,1403244,89.6,89.6,89.0,89.6
5314,世紀*,590199063,29.0,29.6,28.2,28.6
5315,光聯,4733092,18.85,19.35,18.8,19.05
5321,美而快,16316602,67.1,70.9,67.1,70.0
5324,士開,1380129,12.35,12.45,12.35,12.45
5328,華容,151813630,58.0,58.4,57.0,57.0
5340,建榮,295453691,87.1,88.4,85.0,85.0
5344,立衛,523287,13.95,13.95,13.5,13.55
5345,馥鴻,360761,21.9,21.9,21.2,21.4
5347,世界,6615109776,184.5,195.0,184.5,191.0
5348,正能量智能,477693,17.5,17.5,17.2,17.4
5351,鈺創,772625221,114.0,115.5,112.0,113.0
5353,台林,1550657,29.5,29.5,28.85,29.05
5355,佳總,1167283,7.86,8.1,7.71,7.71
5356,協益,1452128,25.8,26.35,25.75,25.8
5364,力麗店,234197,8.36,8.36,8.26,8.29
5381,光譜,18329866,23.3,23.3,22.0,22.45
5386,青雲,143287767,291.5,293.5,286.5,286.5
5392,能率,27659175,39.9,40.2,39.05,39.05
5398,慕康生醫,771619,13.65,14.1,13.65,13.65
5403,中菲,4500195,92.5,92.5,91.6,91.8
5410,國眾,8206187,33.05,33.65,33.05,33.4
5425,台半,1980514212,105.5,105.5,99.0,100.5
5426,振發,14296575,29.55,29.55,28.8,28.8
5432,新門,220855811,192.0,195.5,185.5,195.5
5438,東友,723166,17.0,17.1,16.85,16.9
5439,高技,737825844,264.5,270.0,259.0,264.5
5443,均豪,146301649,115.5,115.5,112.5,113.0
5450,南良,1860907,14.4,14.65,14.3,14.55
5452,佶優,203353578,30.4,32.8,30.05,32.0
5455,昇益,42260,30.8,30.8,30.8,30.8
5457,宣德,10516101,24.45,24.7,24.0,24.3
5460,同協,1399233,17.55,17.6,17.3,17.5
5464,霖宏,38798715,95.0,96.0,90.5,90.9
5465,富驊,11047628,32.7,33.15,32.2,32.95
5468,凱鈺,2825234,24.4,24.7,24.35,24.65
5474,聰泰,37060019,162.5,165.0,160.0,163.0
5475,德宏,407718663,186.0,188.0,180.0,181.0
5478,智冠,3468276,97.1,97.2,97.0,97.0
5481,新華,13931438,21.7,21.7,19.55,20.4
5483,中美晶,3807034660,214.5,220.5,211.0,215.0
5487,通泰,3392358,29.2,29.45,28.75,28.8
5488,松普,2644454,12.05,12.2,11.85,12.15
5489,彩富,1091887,41.7,42.2,41.5,41.65
5490,同亨,3063062,25.3,25.55,25.3,25.35
5493,三聯,7982059,90.9,91.0,89.9,90.1
5498,凱崴,118599189,54.8,56.0,53.9,53.9
5508,永信建,6241449,53.0,53.4,52.9,53.0
5511,德昌,6647406,68.5,68.6,68.1,68.5
5512,力麒,7497380,7.5,7.5,7.44,7.49
5514,三豐,184659,15.05,15.05,15.05,15.05
5516,雙喜,390800,11.9,12.0,11.75,12.0
5520,力泰,548016,84.0,84.6,84.0,84.2
5523,豐謙,4572321,30.1,30.3,30.1,30.2
5529,鉅陞,1594034,25.95,26.5,25.95,26.05
5530,龍巖,13297634,48.2,48.2,47.8,47.85
5536,聖暉*,2024144604,955.0,994.0,950.0,994.0
5543,桓鼎-KY,82187,27.6,27.6,26.9,27.5
5547,久舜,370925,20.1,20.2,20.1,20.2
5548,安倉,591337,20.05,20.05,19.95,20.0
5601,台聯櫃,310085,29.55,29.55,28.9,28.9
5603,陸海,3436016,13.4,14.5,13.3,14.2
5604,中連,402323,31.7,31.75,31.35,31.5
5609,中菲行,19744140,77.7,78.5,77.5,78.3
5701,劍湖山,88042,4.0,4.03,4.0,4.0
5703,亞都,16542,13.5,13.5,13.5,13.5
5704,老爺知,512494,22.45,22.7,22.4,22.5
5864,致和證,198178703,40.35,40.8,38.7,38.85
5878,台名,199526,37.7,37.7,37.5,37.5
5902,德記,14223405,34.0,34.55,33.85,34.05
5903,全家,2202794,186.0,186.0,185.5,185.5
5904,寶雅*,185706890,68.8,69.4,68.6,68.7
5905,南仁湖,2516968,7.29,7.33,7.25,7.29
6015,宏遠證,29336204,18.3,18.4,17.85,17.85
6016,康和證,111879863,24.65,24.85,23.9,23.9
6020,大展證,126675,20.6,20.6,20.55,20.55
6021,美好證,12918697,43.25,44.3,42.5,42.6
6023,元大期,15057730,84.3,84.9,84.3,84.5
6026,福邦證,13237410,16.05,16.1,15.85,15.85
6028,公勝保經,5419967,99.0,103.0,99.0,102.0
6101,寬魚國際,11558894,37.8,37.8,37.3,37.6
6103,合邦,339772,36.0,36.3,36.0,36.3
6104,創惟,115753443,90.4,90.4,87.2,87.8
6109,亞元,696910,10.3,10.4,10.3,10.3
6111,光聚晶電,4153671,37.0,37.0,36.2,36.25
6113,亞矽,2617406,24.15,24.15,23.7,23.8
6114,久威,1239333,23.0,23.0,22.8,22.8
6118,建達,813623,16.05,16.2,16.05,16.1
6121,新普,417776426,378.0,378.0,368.0,372.5
6122,擎邦,170337998,61.8,61.8,56.8,57.1
6123,上奇,881957,42.7,42.7,42.55,42.65
6124,業強,813590,27.2,27.25,26.75,27.0
6125,廣運,23473665,50.5,50.5,49.8,49.8
6126,信音,41446071,33.0,33.1,32.35,32.65
6127,九豪,253440840,56.8,58.7,56.0,56.8
6129,普誠,4883484,14.55,14.55,14.25,14.4
6130,上亞科技,1550342,22.6,23.0,22.5,22.75
6134,萬旭,15819161,29.75,29.75,28.3,28.3
6138,茂達,153995565,287.5,287.5,279.0,282.5
6140,訊達,21981940,19.75,21.65,19.75,21.65
6143,振曜,42197049,80.5,80.5,79.1,79.1
6144,得利影,214633,13.4,13.6,13.15,13.2
6146,耕興,29468651,181.5,183.5,181.0,182.0
6147,頎邦,4635762676,218.5,220.0,211.0,216.5
6148,驊宏資,209370261,36.75,39.9,36.75,37.7
6150,撼訊,26620108,65.7,66.0,64.9,65.5
6151,晉倫,2340367,34.8,35.3,34.6,34.85
6154,順發,96885,14.15,14.15,14.1,14.1
6156,松上,64406432,22.45,24.45,22.1,23.9
6158,禾昌,1058192,17.8,17.8,17.55,17.8
6160,欣技,1452075,14.0,14.2,14.0,14.0
6161,捷波,1162065,49.3,49.3,49.0,49.0
6163,華電網,48371445,43.0,43.05,41.65,41.95
6167,久正,2048652,10.25,10.35,10.25,10.3
6169,昱泉,27773,12.0,12.0,12.0,12.0
6170,統振,6521564,48.65,48.85,48.65,48.85
6171,大城地產,925020,24.0,24.35,23.85,24.1
6173,信昌電,1659156570,292.5,298.5,284.0,284.0
6174,安碁,157417331,58.5,58.5,54.5,54.5
6175,立敦,79272219,75.0,76.1,74.1,76.0
6179,亞通,291355617,36.1,38.0,35.6,37.55
6180,橘子,9515239,41.0,41.5,40.75,41.2
6182,合晶,8840036859,132.0,134.5,126.5,128.0
6185,幃翔,1939006,12.35,12.55,12.35,12.5
6186,新潤,10028177,28.6,28.95,28.55,28.8
6187,萬潤,8675421230,1500.0,1590.0,1445.0,1535.0
6188,廣明,28631945,61.6,62.2,61.5,61.8
6190,萬泰科,713797386,78.8,79.7,76.2,76.2
6194,育富,7203905,30.9,32.3,30.9,31.55
6195,詩肯,489980,28.1,28.2,28.0,28.1
6198,瑞築,21344,19.7,19.7,19.7,19.7
6199,天品,694984141,133.5,135.5,133.5,135.5
6203,海韻電,2196658,60.0,60.0,59.8,59.8
6204,艾華,47678100,111.5,116.5,109.5,110.5
6207,雷科,1756140830,153.0,153.0,143.5,143.5
6208,日揚,14718272,80.0,80.6,79.3,79.8
6210,慶生,317458,17.7,17.7,17.25,17.6
6212,理銘,32050,32.05,32.05,32.05,32.05
6217,中探針,437633517,180.0,183.5,172.0,174.0
6218,豪勉,298919331,58.8,62.7,56.3,56.5
6219,富旺,1271145,12.15,12.2,12.05,12.2
6220,岳豐,18905332,25.4,26.8,25.4,25.6
6221,晉泰,67902172,30.25,32.6,30.2,30.8
6222,立軒,139850,19.95,20.0,19.95,20.0
6223,旺矽,5490009120,5530.0,5725.0,5425.0,5670.0
6227,茂綸,113703799,144.0,144.0,140.5,141.5
6228,全譜,72076,18.0,18.0,17.7,17.7
6229,研通,1266550,24.15,24.15,23.7,23.9
6231,系微,42231622,240.0,240.0,234.0,234.0
6233,旺玖,9139645,24.0,24.9,23.7,24.4
6234,高僑,10311000,39.05,39.05,38.0,38.0
6236,中湛,0,,,,
6237,驊訊,6318701,35.7,36.0,35.2,35.2
6240,松崗,422191,26.8,26.8,25.65,26.1
6241,鑫永洋,1333100,16.2,16.5,16.0,16.4
6242,立康,208066,33.9,33.9,33.85,33.85
6244,茂迪,63585468,23.6,23.9,22.95,22.95
6245,立端,53127246,90.0,90.9,87.8,87.8
6246,臺龍,39807,12.65,12.65,12.6,12.65
6248,沛波,561705,17.15,17.2,17.0,17.15
6259,百徽,7447876,33.4,33.4,32.1,32.3
6261,久元,28178276,78.6,79.3,77.9,78.3
6263,普萊德,122078721,168.0,177.0,166.0,175.5
6264,富裔,30360,6.03,6.09,6.03,6.09
6265,方土昶,37321805,49.3,49.65,48.6,48.65
6266,泰詠,13478580,27.3,27.4,26.35,26.55
6270,倍微,5431933,30.7,30.7,30.25,30.35
6274,台燿,30162941350,1775.0,1775.0,1680.0,1755.0
6275,元山,7855964,47.65,47.65,47.0,47.15
6276,安鈦克,202939,19.6,19.95,19.45,19.45
6279,胡連,27235169,116.5,117.0,115.5,116.5
6284,佳邦,65906023,79.6,79.7,78.0,78.7
6290,良維,1279252519,284.0,290.5,277.0,290.0
6291,沛亨,420672734,494.0,494.0,464.5,464.5
6292,迅德,42259797,71.5,73.9,70.0,70.2
6294,智基,453908,28.0,28.0,27.7,27.75
6411,晶焱,15202809,79.8,79.8,78.1,78.5
6417,韋僑,5152535,103.0,104.0,102.5,104.0
6418,詠昇,1483534,33.95,34.4,33.95,34.25
6419,京晨科,100487714,170.0,170.0,164.0,168.5
6423,億而得,10290937,92.0,92.0,88.4,88.4
6425,易發,56280666,77.3,78.3,72.5,74.5
6432,今展科,38917299,66.6,66.9,64.2,64.2
6435,大中,204676385,271.0,272.0,264.0,265.0
6441,廣錠,13047369,24.7,24.7,22.45,22.55
6461,益得,14987509,27.2,29.3,27.2,29.2
6462,神盾,33340617,103.5,104.0,102.0,102.5
6465,威潤,9046096,41.55,41.55,40.5,40.5
6469,大樹,20797674,63.3,63.3,62.6,62.8
6470,宇智,994060,42.7,42.75,42.4,42.7
6474,華豫寧,930686,35.65,35.8,35.65,35.8
6482,弘煜科,275146,23.5,23.5,23.3,23.3
6485,點序,66380538,79.0,80.8,76.0,77.9
6486,互動,3171441,77.5,78.4,77.0,78.0
6488,環球晶,16835605385,1175.0,1260.0,1145.0,1205.0
6492,生華科,3460602,34.3,34.3,33.7,33.7
6494,九齊,4998168,54.5,54.5,52.0,52.7
6496,科懋,310891,24.3,24.3,23.65,23.95
6498,久禾光,42769240,69.9,76.0,69.1,75.0
6499,益安,55389259,80.1,80.1,78.3,78.5
6506,雙邦,3549929,18.6,18.85,18.6,18.85
6508,惠光,1050068,26.1,26.6,26.0,26.05
6509,聚和,34514193,50.1,50.2,49.2,49.35
6510,精測,1729347985,3125.0,3140.0,3050.0,3055.0
6512,啟發電,19773,,,,
6516,勤崴國際,1366874,56.7,56.7,56.0,56.6
6517,保勝光學,11340321,66.5,67.1,65.9,66.8
6523,達爾膚,1009693,89.0,89.5,89.0,89.0
6527,明達醫,521200,74.4,74.5,74.3,74.3
6530,創威,122902211,99.0,99.5,95.4,95.4
6532,瑞耘,92069342,111.0,112.5,109.0,111.0
6535,順藥,21873764,86.2,86.2,80.8,80.8
6538,倉和,423800228,322.0,322.0,302.0,302.0
6542,隆中,80043,40.0,40.0,40.0,40.0
6546,正基,14497925,60.6,62.7,60.6,61.5
6547,高端疫苗,181417196,60.7,63.0,60.6,60.6
6548,長科*,341968693,78.1,78.3,75.9,76.6
6556,勝品,689390,61.0,62.0,61.0,62.0
6560,欣普羅,4981290,33.8,34.3,33.05,34.3
6561,是方,16710918,314.0,314.5,311.0,312.5
6568,宏觀,16467843,138.0,139.5,135.0,138.0
6569,醫揚,1626715,91.7,92.1,91.2,91.6
6570,維田,1757787,47.5,47.55,47.35,47.45
6574,霈方,3361655,120.5,121.0,118.5,119.5
6576,逸達,6367494,78.1,78.8,77.9,78.5
6577,勁豐,1686013,80.0,81.1,79.2,81.1
6578,達邦蛋白,614641,16.15,16.3,16.1,16.3
6584,南俊國際,381074741,538.0,560.0,533.0,551.0
6588,東典光電,74062833,112.5,113.0,108.5,109.5
6590,普鴻,1700835,64.3,64.3,63.7,64.3
6593,台灣銘板,654640,31.65,31.95,31.6,31.9
6596,寬宏藝術,7457362,95.9,96.6,95.8,96.5
6597,立誠,0,,,,
6603,富強鑫,50121775,28.3,28.7,28.0,28.35
6604,儒億,28811543,25.8,25.8,24.9,25.15
6609,瀧澤科,1901298,38.9,39.2,38.65,39.1
6612,奈米醫材,3376816,73.7,74.6,72.6,72.6
6613,朋億*,89613379,285.0,286.5,282.5,285.0
6615,慧智,1756154,33.95,34.25,33.35,33.35
6616,特昇-KY,66170,8.21,8.35,8.2,8.35
6617,共信-KY,52172666,128.5,131.0,126.5,126.5
6620,漢達,629550688,145.0,145.0,131.5,133.0
6624,萬年清,304091,39.35,39.35,36.9,38.0
6629,泰金-KY,930910,104.0,104.0,103.0,103.5
6637,醫影,991191,53.7,53.7,53.4,53.6
6640,均華,706956465,1160.0,1175.0,1110.0,1135.0
6642,富致,10201999,82.2,82.2,79.6,80.0
6643,M31,242010705,509.0,518.0,507.0,508.0
6649,台生材,5859640,37.15,38.65,37.1,37.65
6651,全宇昕,39812370,157.0,157.0,150.0,155.5
6654,天正國際,12248077,221.0,221.0,217.0,220.0
6661,威健生技,16950,16.95,16.95,16.95,16.95
6662,樂斯科,57000,28.5,28.5,28.5,28.5
6664,群翊,150790384,388.0,390.0,375.5,386.5
6667,信紘科,84601792,263.0,264.0,259.5,260.5
6679,鈺太,87945557,204.5,204.5,199.5,200.5
6680,鑫創電子,203451,51.0,51.0,50.7,50.8
6683,雍智科技,4568014515,1575.0,1580.0,1495.0,1505.0
6684,安格,2489818,49.05,49.1,48.35,48.9
6690,安碁資訊,32342057,178.0,180.5,176.0,176.5
6692,進能服,609383,22.65,22.65,22.0,22.15
6693,廣閎科,228307881,215.5,215.5,206.0,206.0
6697,東捷資訊,618584,41.0,41.05,41.0,41.05
6703,軒郁,1393602,100.0,100.5,99.9,99.9
6708,天擎,127725005,75.4,75.4,69.5,72.9
6712,長聖,37885177,160.0,161.5,158.5,160.0
6716,應廣,554561090,145.0,146.0,139.5,146.0
6720,久昌,20501715,123.0,124.5,116.5,124.5
6721,信實,1654243,50.0,50.0,48.2,49.35
6725,矽科宏晟,22024319,223.0,226.0,218.0,220.5
6727,亞泰金屬,959737974,537.0,558.0,522.0,528.0
6728,上洋,2284745,108.0,109.0,108.0,108.5
6730,常廣,32168,31.85,31.85,31.85,31.85
6732,昇佳電子,15860594,152.5,153.5,151.5,152.0
6733,博晟生醫,1576710,24.6,24.85,24.5,24.55
6735,美達科技,4225956,65.9,65.9,64.9,64.9
6739,竹陞科技,245513520,1150.0,1150.0,1110.0,1110.0
6741,91APP*-KY,5902211,54.8,54.8,54.5,54.5
6751,智聯服務,0,,,,
6752,叡揚,1319740,96.6,97.3,96.6,96.6
6761,穩得,17917022,168.5,169.0,167.0,167.5
6762,達亞,4263,,,,
6763,綠界科技*,4647796,41.25,41.25,41.0,41.05
6767,台微醫,155700,24.3,24.3,23.5,23.7
6785,昱展新藥,4264667,94.1,94.1,92.8,93.1
6788,華景電,107406517,376.5,380.0,367.5,370.5
6791,虎門科技,2336352,101.0,102.0,100.5,102.0
6803,崑鼎,27490899,266.0,266.0,263.0,263.0
6804,明係,573610,18.55,18.55,17.95,18.4
6811,宏碁資訊,94156877,246.5,254.0,245.5,248.5
6821,聯寶,12229532,45.5,47.25,44.95,45.8
6823,濾能,2502355,61.7,61.7,60.1,61.2
6829,千附精密,69305961,206.0,209.5,206.0,207.5
6840,東研信超,19321849,97.6,97.6,95.5,95.9
6841,長佳智能,5092568,55.6,56.2,55.2,56.1
6843,進典,383610,38.45,38.45,38.0,38.2
6844,諾貝兒,475040,56.5,57.0,56.3,57.0
6846,綠茵,121474,58.0,58.0,57.8,57.8
6855,數泓科,747760,112.0,112.0,111.5,111.5
6856,鑫傳,161,,,,
6859,伯特光,4223389,123.0,123.5,122.5,123.0
6865,偉康科技,334467,27.65,27.65,26.9,26.9
6870,騰雲,18758927,317.0,322.5,310.5,310.5
6872,浩宇生醫,1279330,23.0,23.0,22.1,22.2
6874,倍力,1534924,69.7,71.0,69.5,70.1
6875,國邑*,7076084,27.05,28.6,26.95,27.3
6877,鏵友益,57629413,144.0,144.0,131.0,132.5
6881,潤德,659909,214.5,215.0,214.5,215.0
6884,海柏特,165598,30.7,30.75,30.55,30.75
6894,衛司特,23355682,353.5,362.0,353.5,359.0
6895,宏碩系統,4213581,156.0,157.5,152.0,157.5
6899,創為精密,995434,50.1,50.1,49.1,49.5
6903,巨漢,105303729,332.0,334.5,321.0,323.5
6904,伯鑫,245123,122.0,123.0,122.0,123.0
6907,雅特力-KY,156023749,194.0,196.5,190.0,191.0
6910,德鴻,358736,25.6,25.6,25.55,25.6
6913,鴻呈,12531778,131.0,131.0,129.0,129.5
6922,宸曜,16138986,215.0,218.0,211.0,211.0
6925,意藍,66679866,69.2,75.5,68.2,71.5
6929,佑全,216550,22.9,22.9,21.2,21.5
6945,圓祥生技,93472594,128.5,142.0,128.5,142.0
6953,家碩,33872325,257.0,263.0,257.0,259.0
6961,旅天下,2223977,46.1,46.1,45.8,45.95
6967,汎瑋材料,14017451,71.4,73.5,71.4,73.5
6968,萬達寵物,1362249,41.3,41.4,41.1,41.3
6971,惠民實業,406026,23.95,23.95,23.6,23.85
6982,大井泵浦,446900,45.0,45.0,44.4,44.6
6983,華洋精機,147247027,375.5,395.0,360.5,395.0
6986,和迅,6431712,44.0,44.0,43.9,44.0
6996,力領科技,3948576,166.0,167.5,166.0,167.0
6997,博弘,686908,68.8,69.0,68.4,68.8
700019,宏捷科統一5C購01,0,,,,
700020,佳邦統一5C購01,0,,,,
700021,長佳智統一5C購02,0,,,,
700022,華星光統一5C購01,109640,3.81,3.81,3.22,3.65
700023,新應材統一5B購02,3020,0.02,0.02,0.02,0.02
700024,新應材統一64購02,0,,,,
700025,雙鴻統一5B購01,0,,,,
700126,威剛國票61購01,0,,,,
700186,中光電統一6A購01,780,0.08,0.08,0.07,0.07
700190,昇達科統一65購01,66030,4.32,4.47,4.32,4.44
700192,朋程統一6A購01,15600,0.39,0.39,0.39,0.39
700193,東洋統一61購01,0,,,,
700194,長聖統一61購01,0,,,,
700198,智冠統一5C購01,900,0.09,0.09,0.09,0.09
700199,華景電統一61購01,0,,,,
700201,萬潤統一6A購01,209940,4.16,4.52,4.16,4.52
700205,雙鴻統一61購01,1080,1.08,1.08,1.08,1.08
700206,雙鴻統一61購02,6550,0.81,0.82,0.81,0.82
700207,雙鴻統一6A購01,6840,1.14,1.14,1.14,1.14
700208,騰雲統一6A購01,0,,,,
700257,大世科統一6A購01,0,,,,
700258,大綜統一6A購01,796250,0.86,0.91,0.82,0.88
700261,宜鼎統一6A購01,41800,4.18,4.18,4.18,4.18
700262,尚凡*統一6A購01,0,,,,
700263,旺矽統一6A購01,126610,3.68,3.75,3.68,3.68
700264,長聖統一6A購01,0,,,,
700267,建榮統一6A購01,2120,1.06,1.06,1.06,1.06
700269,昱展統一6A購01,0,,,,
700271,新鉅科統一6A購01,81800,0.23,0.28,0.23,0.28
700273,優群統一6A購01,0,,,,
700275,雙鴻統一6A購02,0,,,,
700276,鏵友益統一6A購01,0,,,,
700279,良維國票5C購01,0,,,,
700342,大世科統一6A購02,0,,,,
700343,中光電統一6A購02,320,0.16,0.16,0.16,0.16
700345,立碁統一6A購01,410190,1.02,1.03,0.91,0.95
700346,良維統一6A購01,0,,,,
700348,昱展統一6A購02,0,,,,
700350,茂達統一61購01,0,,,,
700353,新鉅科統一6A購02,9020,0.21,0.22,0.21,0.22
700354,聖暉*統一6A購01,62210,0.49,0.52,0.49,0.52
700355,撼訊統一6A購01,30000,0.3,0.3,0.3,0.3
700356,擎亞統一6A購01,0,,,,
700357,聰泰統一6A購01,590,0.29,0.3,0.29,0.3
700358,寶島科統一64購01,0,,,,
700410,中光電統一5C購01,0,,,,
700412,旺矽統一6A購02,0,,,,
700413,金山電統一5C購01,0,,,,
700414,長聖統一6A購02,0,,,,
700415,建榮統一6A購02,8210,0.84,0.85,0.8,0.8
700416,高技統一5A購01,7510,0.01,0.01,0.01,0.01
700417,聰泰統一6A購02,0,,,,
700451,臺慶科國票5A購01,0,,,,
700580,宜鼎兆豐5A購01,0,,,,
700594,原相元大5A購01,0,,,,
700638,原相元大5A購02,0,,,,
700670,中光電統一6A購03,1400,0.07,0.07,0.07,0.07
700671,正德統一5A購01,0,,,,
700672,旺矽統一5A購01,13900,6.95,6.95,6.95,6.95
700673,信昌電統一6A購01,0,,,,
700674,信昌電統一6A購02,0,,,,
700675,高技統一5A購02,0,,,,
700676,高技統一6A購01,6040,0.22,0.22,0.14,0.16
700677,高技統一6A購02,12200,0.28,0.28,0.27,0.27
700678,智通*統一6A購01,0,,,,
700679,智擎統一6A購01,0,,,,
700681,鈊象統一6A購01,5150,0.35,0.35,0.34,0.34
700682,萬潤統一6A購02,42300,5.2,5.4,5.2,5.4
700683,雍智統一6A購01,0,,,,
700684,雍智統一6A購02,64650,5.2,5.45,5.2,5.45
700685,臺慶科統一5A購01,0,,,,
700686,臺慶科統一6A購01,0,,,,
700687,緯軟統一6A購01,0,,,,
700688,營邦統一6A購01,60200,3.01,3.01,3.01,3.01
700689,聯合統一61購01,0,,,,
700706,中光電統一5A購01,0,,,,
700708,信立統一6A購01,14500,0.26,0.26,0.25,0.25
700709,神盾統一5C購02,90,0.09,0.09,0.09,0.09
700710,智通*統一6A購02,470,0.47,0.47,0.47,0.47
700711,華星光統一6A購01,20430,3.55,3.55,3.36,3.36
700712,聖暉*統一6A購02,399130,0.41,0.42,0.41,0.42
700717,宜鼎元大5A購01,0,,,,
700742,聖暉*永豐5A購01,0,,,,
700746,雙鴻中信5A購02,0,,,,
700754,台半統一5C購02,5150,1.32,1.32,1.21,1.21
700755,宜鼎統一6A購02,0,,,,
700756,威剛統一5C購03,13460,2.26,2.26,2.24,2.24
700757,竑騰統一5C購01,3590,3.59,3.59,3.59,3.59
700758,穩得統一5C購01,0,,,,
700786,威剛永豐5A購01,6250,6.25,6.25,6.25,6.25
700810,山富統一5C購01,0,,,,
700811,光頡統一5C購01,0,,,,
700812,信昌電統一5C購01,0,,,,
700827,信立永豐5A購01,0,,,,
700828,威剛永豐64購01,0,,,,
700830,中美晶元大5A購01,0,,,,
700843,世界統一5C購01,27680,0.88,0.92,0.88,0.9
700844,立敦統一5C購01,0,,,,
700845,臺慶科統一5C購01,0,,,,
700850,臺慶科國票5C購01,87010,1.51,1.63,1.48,1.63
700857,良維元大5A購01,0,,,,
700875,良維元大5A購02,0,,,,
700898,力旺統一5A購01,220890,0.14,0.14,0.11,0.14
700899,力旺統一6A購01,1000910,0.95,0.96,0.83,0.9
700900,台半統一5C購03,0,,,,
700901,尼克森統一5C購01,0,,,,
700902,光頡統一5A購01,0,,,,
700904,波若威統一6A購01,256720,3.95,3.97,3.76,3.77
700920,波若威永豐5A購01,0,,,,
700929,蜜望實國票5A購01,0,,,,
700938,中美晶兆豐5A購01,0,,,,
700955,撼訊元大5A購01,0,,,,
700983,威剛兆豐5A購01,0,,,,
701010,雙鴻元富5A購01,0,,,,
701037,威剛永豐5C購01,51370,4.67,4.67,4.67,4.67
701064,元債20群益61購01,0,,,,
701095,擎亞元大5A購01,0,,,,
701097,營邦元大5A購01,9360,2.29,2.42,2.27,2.27
701130,元債20元大5B購01,0,,,,
701131,元債20元大61購01,850,0.02,0.03,0.02,0.03
701211,威剛凱基5B購01,0,,,,
701253,穩懋國票5B購01,0,,,,
701273,撼訊凱基5B購01,0,,,,
701279,雙鴻國票5B購01,26110,0.75,0.82,0.74,0.74
701287,威剛元大5B購01,0,,,,
701288,訊聯元大5B購01,160,0.16,0.16,0.16,0.16
701294,新應材元大5B購01,0,,,,
701311,雙鴻群益5B購01,0,,,,
701374,台燿元大5B購01,0,,,,
701379,威剛元大5B購02,0,,,,
701381,新應材元大5B購02,0,,,,
701388,中光電凱基5A購01,0,,,,
701400,台燿元大5B購02,117800,10.7,10.8,10.6,10.8
701403,神盾元大5B購01,0,,,,
701422,中光電兆豐5B購01,0,,,,
701430,台燿統一5B購01,10000,10.0,10.0,10.0,10.0
701431,台燿統一5B購02,0,,,,
701432,正基統一5C購01,500,0.1,0.1,0.1,0.1
701434,良維統一6B購01,41830,0.89,0.89,0.89,0.89
701437,威剛統一5B購01,0,,,,
701438,威剛統一6B購01,85280,2.21,2.21,2.1,2.2
701440,華星光統一5B購04,0,,,,
701441,華星光統一61購04,0,,,,
701442,雙鴻統一6B購01,197670,0.6,0.6,0.58,0.58
701460,神盾凱基5B購01,0,,,,
701471,台燿統一65購01,0,,,,
701472,雙鴻統一61購03,0,,,,
701473,穩懋統一5B購01,0,,,,
701474,穩懋統一6B購01,46200,6.6,6.6,6.6,6.6
701479,威剛元大5A購02,0,,,,
701484,擎亞元大5B購01,0,,,,
701500,雙鴻中信5B購01,0,,,,
701511,新應材凱基5B購01,0,,,,
701524,雙鴻群益5A購02,0,,,,
701571,擎亞元大5B購02,0,,,,
701592,竹陞統一6B購01,99000,1.0,1.0,1.0,1.0
701593,竹陞統一6B購02,123030,0.94,0.94,0.9,0.9
701594,海韻電統一61購01,0,,,,
701614,信立元大5B購01,0,,,,
701615,威剛元大5B購03,41800,2.2,2.2,2.2,2.2
701623,元太統一5B購01,30,0.01,0.01,0.01,0.01
701624,竹陞統一5C購03,0,,,,
701625,竹陞統一6B購03,0,,,,
701626,東捷統一5C購01,37100,3.71,3.71,3.71,3.71
701650,台燿元大5B購03,0,,,,
701658,信昌電統一5C購02,0,,,,
701667,雙鴻群益5B購02,0,,,,
701680,宜鼎兆豐5B購01,0,,,,
701692,台燿統一6B購01,52030,4.73,4.73,4.73,4.73
701693,系統電統一5C購01,103800,0.34,0.38,0.34,0.38
701694,系統電統一6B購01,85660,0.51,0.51,0.49,0.51
701695,系統電統一6B購02,4240,0.53,0.53,0.53,0.53
701696,宜鼎統一5A購01,37660,3.17,3.17,2.98,2.98
701697,宜鼎統一5C購04,0,,,,
701698,宜鼎統一6B購01,0,,,,
701699,訊聯統一6B購01,160,0.16,0.16,0.16,0.16
701720,系統電永豐5A購01,0,,,,
701762,信昌電國票5B購01,0,,,,
701788,訊聯永豐5B購01,0,,,,
701804,巨有統一6B購01,3300,1.65,1.65,1.65,1.65
701805,濱川統一65購01,40700,1.0,1.2,1.0,1.17
701806,濱川統一6B購01,54600,0.55,0.55,0.54,0.54
701807,濱川統一6B購02,291520,0.46,0.49,0.45,0.46
701808,濱川統一6B購03,441880,0.56,0.61,0.56,0.61
701822,訊聯元大5B購02,0,,,,
701828,威剛兆豐5B購01,0,,,,
701853,巨有統一6B購02,25030,2.07,2.3,2.07,2.3
701854,弘塑中信5B購01,0,,,,
701855,威剛中信5B購01,0,,,,
701908,信立凱基5B購01,0,,,,
701919,信驊元富5B購01,0,,,,
702018,台燿凱基5B購02,42400,42.4,42.4,42.4,42.4
702028,昇達科中信5A購01,10800,10.8,10.8,10.8,10.8
702125,旺矽元大5B購01,0,,,,
702133,良維凱基5B購01,0,,,,
702170,昇達科元富5C購01,0,,,,
702228,穩懋元大5C購01,0,,,,
702252,弘塑中信5C購01,2550,2.55,2.55,2.55,2.55
702281,精測元大5C購01,5310,1.32,1.35,1.32,1.35
702283,穩懋元大5B購01,0,,,,
702284,穩懋元大5C購02,0,,,,
702287,威剛凱基5B購02,12500,12.5,12.5,12.5,12.5
702300,順達元大5B購01,18170,0.86,0.87,0.86,0.87
702304,穩懋元大5B購02,0,,,,
702311,雙鴻中信5C購01,0,,,,
702331,昇達科群益5C購01,20700,20.7,20.7,20.7,20.7
702352,華電網國票5C購01,390,0.13,0.13,0.13,0.13
702364,順達元大5B購02,0,,,,
702373,光焱永豐5C購01,0,,,,
702375,訊聯永豐5C購01,0,,,,
702386,訊聯凱基5C購01,0,,,,
702413,順達元大5A購02,0,,,,
702415,雍智元大5C購01,0,,,,
702441,高技元富5C購01,0,,,,
702451,新應材富邦5C購01,0,,,,
702459,擎亞元大5A購02,0,,,,
702467,順達凱基5B購01,19680,2.0,3.06,2.0,3.06
702490,台燿富邦5C購01,0,,,,
702526,昇達科國票5A購01,0,,,,
702553,穩懋元大5A購01,0,,,,
702560,昇達科中信5C購01,338050,5.65,6.2,5.6,6.0
702576,富喬凱基5A購01,53820,2.99,2.99,2.99,2.99
702578,新應材凱基5B購02,0,,,,
702592,富喬國票5C購01,281490,4.04,4.04,3.6,3.73
702593,富喬國票62購01,327120,3.81,3.95,3.6,3.63
702605,系統電元大5C購01,475260,0.26,0.26,0.23,0.26
702611,高技元大5C購01,0,,,,
702627,富喬富邦5C購01,153870,1.89,2.07,1.81,1.81
702639,IET中信5C購01,214800,6.0,6.0,5.0,5.15
702641,富喬中信5C購01,2640,0.88,0.88,0.88,0.88
702642,穩懋中信5C購01,0,,,,
702667,系統電元大5B購01,2340,0.16,0.17,0.1,0.1
702695,穩懋凱基5A購01,0,,,,
702712,良維中信5B購01,4440,1.48,1.48,1.48,1.48
702719,系統電元大5C購02,13000,0.13,0.13,0.13,0.13
702752,台特化統一6C購01,60000,0.25,0.25,0.25,0.25
702753,精測統一66購01,0,,,,
702775,訊聯永豐5C購02,0,,,,
702776,新應材永豐5C購01,6930,0.63,0.63,0.63,0.63
702786,威剛中信5C購01,27120,3.39,3.39,3.39,3.39
702808,高技元大5A購01,0,,,,
702811,聖暉*元大5A購01,0,,,,
702828,勤凱統一5C購01,23730,1.15,1.26,1.15,1.26
702829,勤凱統一6C購01,426050,1.27,1.45,1.27,1.41
702830,擎亞統一6C購01,0,,,,
702831,宜鼎元富5C購01,13700,13.7,13.7,13.7,13.7
702833,高技元富5C購02,22850,0.13,0.13,0.12,0.12
702878,櫃200群益5B購01,0,,,,
702884,家登元大5C購01,61440,2.19,2.28,2.17,2.17
702885,高技元大5A購02,700,0.07,0.07,0.07,0.07
702886,高技元大5B購01,0,,,,
702919,高技元大5B購02,0,,,,
702951,新應材永豐5C購02,4590,0.27,0.27,0.27,0.27
702953,力旺中信5C購01,0,,,,
702966,元債20凱基5C購01,0,,,,
702969,宜鼎凱基5C購01,0,,,,
702980,訊聯統一6C購01,0,,,,
702987,穩懋元大5C購03,0,,,,
702990,華景電元富5C購01,150400,1.63,1.86,1.56,1.7
702993,宜鼎中信5A購02,0,,,,
703002,新應材永豐5C購03,0,,,,
703004,鑫科永豐5C購01,3450,1.15,1.15,1.15,1.15
703011,宜特國票5A購01,3750,0.25,0.25,0.25,0.25
703030,金益鼎凱基5A購01,0,,,,
703036,元太群益5B購01,0,,,,
703043,高技中信5C購01,0,,,,
703045,雙鴻中信5C購02,609880,2.12,2.18,2.05,2.05
703048,順達永豐5A購01,7990,0.05,0.08,0.05,0.08
703049,順達永豐5C購01,446640,1.87,2.65,1.76,2.61
703051,穩得永豐5A購01,8320,0.64,0.64,0.64,0.64
703062,元太凱基5B購01,300,0.01,0.01,0.01,0.01
703075,台特化元大5A購01,0,,,,
703093,順達中信5B購01,359460,0.5,0.66,0.46,0.66
703102,穩懋永豐5C購01,0,,,,
703113,雙鴻凱基5A購01,16500,1.65,1.65,1.65,1.65
703125,台特化元大5A購02,0,,,,
703132,聖暉*元大5C購01,44240,1.3,1.42,1.3,1.42
703135,金山電統一5C購02,0,,,,
703136,博智統一5C購01,74400,0.96,1.02,0.96,1.02
703137,璟德統一5C購01,0,,,,
703144,穩懋中信5C購02,0,,,,
703149,中光電群益5A購02,0,,,,
703171,宜鼎元大5C購03,0,,,,
703210,威剛群益5A購01,0,,,,
703229,台特化凱基5A購01,0,,,,
703260,雙鴻中信5C購03,0,,,,
703271,湧德統一5C購02,6110,0.13,0.13,0.13,0.13
703295,信驊群益5B購02,0,,,,
703296,威剛群益5B購01,1860,1.86,1.86,1.86,1.86
703308,家登元大5B購01,0,,,,
703320,鈊象中信61購01,0,,,,
703339,台燿富邦61購01,0,,,,
703341,新應材富邦61購01,0,,,,
703354,富喬凱基5B購01,21240,1.38,1.48,1.14,1.14
703355,富喬凱基61購01,0,,,,
703371,富喬國票5B購01,531860,1.2,1.28,0.99,1.04
703372,富喬國票61購01,2138760,2.96,3.04,2.69,2.69
703380,富喬群益5B購01,0,,,,
703389,富喬統一65購01,219530,0.6,0.63,0.58,0.63
703390,撼訊統一65購01,6600,0.33,0.33,0.33,0.33
703399,順達元富61購01,12200,1.22,1.22,1.22,1.22
703400,信驊中信61購01,179400,10.6,10.7,10.4,10.4
703401,富喬中信61購01,229070,0.66,0.66,0.58,0.6
703418,富喬元大5B購01,8280,0.7,0.7,0.63,0.65
703419,富喬元大5C購01,0,,,,
703420,富喬元大61購02,270970,0.99,1.07,0.92,0.94
703443,安碁元富61購01,51150,1.19,1.19,1.17,1.17
703459,鏵友益永豐5B購01,13900,1.39,1.39,1.39,1.39
703463,台特化統一62購01,0,,,,
703464,台特化統一63購01,0,,,,
703465,台特化統一71購01,0,,,,
703466,台燿統一5C購03,0,,,,
703467,台燿統一61購02,0,,,,
703468,宏捷科統一71購01,732460,0.51,0.53,0.5,0.52
703470,欣銓統一5C購01,0,,,,
703471,欣銓統一61購01,0,,,,
703472,欣銓統一65購01,30000,1.5,1.5,1.5,1.5
703473,欣銓統一6C購01,0,,,,
703474,金益鼎統一65購01,0,,,,
703475,茂迪統一65購01,1160,0.29,0.29,0.29,0.29
703476,神盾統一61購01,0,,,,
703477,雙鴻統一61購04,1680,0.85,0.85,0.83,0.83
703478,穩得統一65購01,190080,0.44,0.44,0.44,0.44
703479,穩懋統一5B購02,0,,,,
703480,穩懋統一5C購01,0,,,,
703481,穩懋統一5C購02,7550,7.55,7.55,7.55,7.55
703482,穩懋統一5C購03,0,,,,
703483,穩懋統一6C購01,40600,4.06,4.06,4.06,4.06
703515,雍智兆豐61購01,0,,,,
703581,臺慶科凱基5C購01,698620,1.6,1.86,1.6,1.84
703604,欣銓國票61購01,7140,3.57,3.57,3.57,3.57
703616,矽科統一6C購01,0,,,,
703617,金益鼎統一6C購01,0,,,,
703618,長科*統一64購01,3750,1.25,1.25,1.25,1.25
703619,家登統一6C購01,670760,0.97,0.98,0.9,0.9
703620,捷創統一61購01,0,,,,
703632,穩懋凱基5C購01,0,,,,
703651,家登元大5C購02,228710,1.99,2.31,1.83,1.83
703652,湧德元大61購01,436100,0.39,0.42,0.38,0.42
703654,勤凱元大61購01,0,,,,
703660,聖暉*元大5C購02,38900,1.12,1.12,1.09,1.12
703661,雍智元大61購01,0,,,,
703665,家登凱基5C購01,0,,,,
703682,家登元大5C購03,47400,1.58,1.58,1.58,1.58
703684,聖暉*元大5A購02,0,,,,
703713,訊聯凱基5B購01,0,,,,
703725,宜鼎元大5B購01,0,,,,
703728,順達元大5A購03,0,,,,
703729,聖暉*元大5A購03,0,,,,
703740,精材群益5A購01,0,,,,
703745,加百裕永豐5A購01,0,,,,
703771,系統電凱基5C購01,60250,0.31,0.38,0.27,0.38
703773,新復興凱基5A購01,0,,,,
703785,世界國票61購01,293890,3.9,4.15,3.9,3.93
703813,聖暉*元大5A購04,0,,,,
703823,弘塑永豐5A購01,0,,,,
703829,世界富邦5A購01,0,,,,
703837,系統電元大5B購02,240,0.06,0.06,0.06,0.06
703838,順達元大5A購04,0,,,,
703839,聖暉*元大5B購01,12960,2.55,2.62,2.55,2.62
703842,世界凱基61購01,1008400,7.15,7.15,6.8,7.05
703860,世界統一61購01,43800,1.46,1.46,1.46,1.46
703861,世界統一71購01,13620,1.03,1.13,1.03,1.06
703862,巨漢統一61購01,120460,0.64,0.64,0.58,0.58
703863,弘塑統一61購01,0,,,,
703864,光頡統一61購01,0,,,,
703865,光頡統一71購01,0,,,,
703866,均豪統一61購02,45610,0.48,0.48,0.47,0.47
703867,金山電統一64購01,0,,,,
703868,捷創統一61購02,430690,0.12,0.13,0.12,0.13
703869,捷創統一71購01,236300,0.34,0.34,0.34,0.34
703870,富強鑫統一61購01,0,,,,
703871,富強鑫統一71購01,0,,,,
703872,富強鑫統一71購02,0,,,,
703873,崴寶統一71購01,28450,1.15,1.15,1.13,1.13
703874,鉅橡統一61購01,16000,0.32,0.32,0.32,0.32
703875,鉅橡統一61購02,0,,,,
703876,鉅橡統一61購03,3100,0.31,0.31,0.31,0.31
703877,鉅橡統一71購01,0,,,,
703878,精材統一71購01,28600,2.86,2.86,2.86,2.86
703879,臺慶科統一71購01,167690,0.93,0.95,0.91,0.95
703880,穩懋統一61購02,5100,5.1,5.1,5.1,5.1
703881,穩懋統一61購03,0,,,,
703882,穩懋統一71購01,42230,3.31,3.31,3.21,3.21
703886,精材群益5C購01,0,,,,
703887,耀勝群益5A購01,0,,,,
703895,穩懋國票5A購02,0,,,,
703902,中美晶永豐5A購01,0,,,,
703906,鉅橡永豐5A購01,0,,,,
703914,聖暉*凱基61購01,678350,1.75,1.92,1.65,1.91
703917,耀勝凱基5A購01,0,,,,
703923,創惟國票61購01,6000,0.12,0.12,0.12,0.12
703942,聖暉*元大5B購02,44540,1.97,2.2,1.97,2.2
703950,雙鴻群益5A購03,0,,,,
703954,世界永豐5A購01,10700,2.14,2.14,2.14,2.14
703960,雙鴻永豐5A購01,0,,,,
703961,久元統一61購01,0,,,,
703962,中美晶統一61購01,0,,,,
703963,中探針統一71購01,257600,3.5,3.5,3.43,3.43
703964,世禾統一65購01,0,,,,
703965,世界統一5B購01,0,,,,
703966,台半統一71購01,42310,1.49,1.49,1.43,1.45
703967,台半統一71購02,564870,1.11,1.11,1.05,1.06
703968,台星科統一71購01,2425310,0.97,1.08,0.97,1.04
703969,弘塑統一61購02,318160,1.08,1.09,1.03,1.09
703970,弘塑統一61購03,425650,1.32,1.36,1.27,1.35
703971,光頡統一61購02,0,,,,
703972,合晶統一5C購03,110450,8.5,8.5,8.45,8.45
703973,均華統一5C購03,0,,,,
703974,長科*統一64購02,0,,,,
703975,佶優統一71購01,37690,0.55,0.56,0.53,0.53
703976,信昌電統一61購01,0,,,,
703977,捷創統一71購02,0,,,,
703978,富強鑫統一61購02,12500,0.13,0.13,0.12,0.12
703979,順達統一5C購05,107580,0.71,0.91,0.64,0.91
703980,順達統一61購01,213790,0.5,0.67,0.45,0.67
703981,萬潤統一61購01,18350,8.75,9.6,8.75,9.6
703982,鉅橡統一64購01,0,,,,
703983,精材統一61購01,11400,5.7,5.7,5.7,5.7
703984,廣明統一61購01,100,0.01,0.01,0.01,0.01
703985,穩懋統一63購01,0,,,,
703989,穩懋元富5A購01,0,,,,
703991,元債20凱基71購01,0,,,,
704009,中探針統一61購01,0,,,,
704010,中探針統一61購02,0,,,,
704011,元太統一61購01,0,,,,
704012,世禾統一71購01,0,,,,
704013,台半統一61購01,13000,1.3,1.3,1.3,1.3
704014,台星科統一61購01,22050,0.69,0.75,0.69,0.72
704015,台燿統一71購01,154560,3.54,3.6,3.45,3.6
704016,巨漢統一61購02,2750,0.55,0.55,0.55,0.55
704017,巨漢統一71購01,24540,0.88,0.88,0.87,0.87
704018,光頡統一61購03,91800,3.06,3.06,3.06,3.06
704019,均華統一61購01,8600,0.86,0.86,0.86,0.86
704020,宏捷科統一61購02,21050,0.35,0.39,0.35,0.38
704021,矽科統一61購01,0,,,,
704022,金山電統一61購01,0,,,,
704023,金益鼎統一61購01,2650,0.18,0.18,0.17,0.17
704024,佶優統一61購01,11400,0.55,0.55,0.5,0.5
704025,創惟統一61購01,1400,0.14,0.14,0.14,0.14
704026,精材統一61購02,0,,,,
704027,穩懋統一61購04,0,,,,
704028,穩懋統一65購01,0,,,,
704029,穩懋統一71購02,70560,3.36,3.36,3.36,3.36
704030,耀勝統一71購01,0,,,,
704038,湧德元大5A購01,0,,,,
704041,聖暉*元大5C購03,14090,1.01,1.01,1.0,1.0
704046,台星科群益5A購01,0,,,,
704051,信驊群益61購01,8850,8.85,8.85,8.85,8.85
704053,聖暉*群益5A購01,0,,,,
704058,信驊元富5A購03,0,,,,
704080,世禾富邦5C購01,0,,,,
704082,群翊富邦5A購01,2870,0.41,0.41,0.41,0.41
704084,中探針統一67購01,45650,4.15,4.15,4.15,4.15
704085,世界統一61購02,3120,1.04,1.04,1.04,1.04
704086,世界統一64購01,282250,0.99,1.1,0.99,1.0
704087,世紀*統一71購01,101640,1.11,1.12,1.0,1.1
704088,世紀*統一71購02,5750,1.15,1.15,1.15,1.15
704089,台半統一61購02,71300,1.15,1.16,1.13,1.13
704090,台半統一71購03,234660,1.34,1.34,1.25,1.26
704091,巨漢統一71購02,73190,0.7,0.7,0.69,0.69
704092,光頡統一64購01,2310,2.31,2.31,2.31,2.31
704093,系統電統一71購01,2430,0.43,0.43,0.4,0.4
704094,佳邦統一71購01,0,,,,
704095,矽科統一71購01,35000,0.35,0.35,0.35,0.35
704096,金山電統一71購01,285280,1.16,1.17,1.15,1.16
704097,金益鼎統一71購01,0,,,,
704099,信昌電統一64購01,0,,,,
704100,信昌電統一71購01,13750,2.75,2.75,2.75,2.75
704101,家登統一61購02,332050,0.57,0.57,0.49,0.49
704102,能率亞統一61購01,0,,,,
704103,博智統一61購01,0,,,,
704104,湧德統一61購01,0,,,,
704105,精材統一5B購01,0,,,,
704106,精材統一64購01,0,,,,
704107,璟德統一65購01,0,,,,
704108,璟德統一71購01,0,,,,
704109,穩懋統一61購05,167900,4.37,4.37,4.15,4.18
704110,鑫科統一71購01,0,,,,
704115,金益鼎國票61購01,0,,,,
704127,佳邦群益5A購01,0,,,,
704134,鑫科群益5A購01,0,,,,
704135,世禾元大5A購01,0,,,,
704141,訊聯元大61購01,0,,,,
704146,穩懋元大5B購03,0,,,,
704151,系統電凱基5A購01,0,,,,
704170,世界元大5A購01,0,,,,
704176,勤凱元大5A購01,0,,,,
704180,鑫科元大5B購01,0,,,,
704189,旺矽元富5A購02,0,,,,
704191,家登元富5C購01,0,,,,
704202,鑫科永豐61購01,164000,0.29,0.3,0.29,0.3
704203,中美晶統一71購01,24010,1.36,1.45,1.35,1.35
704204,元太統一61購02,0,,,,
704205,世紀*統一61購01,443460,0.76,0.84,0.71,0.73
704206,世紀*統一71購03,284070,0.72,0.8,0.67,0.71
704207,合晶統一71購01,297160,4.07,4.09,3.7,4.04
704208,沛亨統一61購01,0,,,,
704209,沛亨統一61購02,0,,,,
704210,宜鼎統一61購02,8600,1.72,1.72,1.72,1.72
704211,宜鼎統一63購01,17500,1.75,1.75,1.75,1.75
704212,旺矽統一61購02,13630,2.72,2.75,2.72,2.75
704213,旺矽統一63購02,0,,,,
704214,旺矽統一71購01,0,,,,
704215,松瑞藥統一61購01,0,,,,
704216,松瑞藥統一71購01,0,,,,
704217,信昌電統一61購03,0,,,,
704218,信昌電統一71購02,206500,3.27,3.27,3.1,3.1
704219,家登統一61購03,860,0.86,0.86,0.86,0.86
704220,家登統一71購01,157190,0.88,0.91,0.86,0.86
704221,高鋒統一61購01,17850,0.17,0.17,0.17,0.17
704222,高鋒統一71購01,0,,,,
704223,湧德統一61購02,0,,,,
704224,新復興統一71購01,0,,,,
704225,廣運統一71購01,1950,0.35,0.35,0.32,0.32
704237,世界元大5A購02,1750,0.92,0.92,0.83,0.83
704244,富喬元大5A購01,1100,1.1,1.1,1.1,1.1
704256,富喬永豐5B購01,62000,1.24,1.24,1.24,1.24
704257,富喬永豐5C購01,953860,1.38,1.39,1.31,1.31
704258,富喬永豐64購01,1255680,2.17,2.24,2.09,2.09
704259,華容永豐5A購01,0,,,,
704260,聖暉*永豐61購01,208600,1.69,1.79,1.69,1.79
704262,宜鼎兆豐61購01,0,,,,
704275,宜鼎富邦5C購01,0,,,,
704277,鈊象富邦5A購01,800,0.02,0.02,0.02,0.02
704280,世界統一71購02,239750,0.78,0.84,0.78,0.83
704281,台星科統一61購02,802180,0.57,0.69,0.57,0.69
704282,宜鼎統一71購01,22540,2.14,2.14,2.04,2.04
704283,東捷統一71購01,0,,,,
704284,佶優統一71購02,37500,0.38,0.38,0.37,0.37
704285,高鋒統一64購01,0,,,,
704286,高鋒統一67購01,0,,,,
704287,富喬統一61購01,12150,0.45,0.45,0.45,0.45
704288,富喬統一61購02,35340,0.82,0.82,0.75,0.75
704289,富喬統一61購03,8200,0.82,0.82,0.82,0.82
704290,富喬統一61購04,193420,0.62,0.62,0.54,0.56
704291,富喬統一64購01,0,,,,
704292,富喬統一65購02,710,0.71,0.71,0.71,0.71
704293,富喬統一6C購01,6900,0.69,0.69,0.69,0.69
704294,富喬統一71購01,26710,0.78,0.78,0.75,0.75
704295,富喬統一71購02,159190,0.68,0.68,0.65,0.65
704296,湧德統一71購01,0,,,,
704297,新復興統一71購02,0,,,,
704298,聖暉*統一67購01,102600,0.65,0.71,0.65,0.71
704315,系統電元大5B購03,820,0.11,0.14,0.11,0.14
704320,鈊象元大5A購01,0,,,,
704321,勤凱元大61購02,7680,1.92,1.92,1.92,1.92
704322,聖暉*元大61購01,165830,3.1,3.33,3.06,3.33
704325,精測元大5B購01,23710,0.39,0.48,0.38,0.48
704343,世界富邦5C購01,0,,,,
704347,世界統一5C購02,18650,0.8,0.82,0.8,0.82
704348,合晶統一61購01,0,,,,
704349,東捷統一71購02,0,,,,
704350,佶優統一71購03,0,,,,
704351,精測統一61購01,132440,0.39,0.4,0.35,0.38
704352,精測統一61購02,0,,,,
704353,精測統一71購01,1210530,1.1,1.1,1.06,1.06
704358,竹陞永豐5A購01,0,,,,
704361,華容永豐5C購01,0,,,,
704365,精測永豐5A購01,0,,,,
704368,點序永豐61購01,0,,,,
704370,世界國票5B購01,659520,1.03,1.18,1.03,1.18
704373,精測國票5A購01,94680,0.06,0.06,0.06,0.06
704374,精測國票5A購02,3590,0.12,0.13,0.11,0.13
704380,宜鼎凱基5B購01,5800,5.8,5.8,5.8,5.8
704381,鈊象凱基5A購01,0,,,,
704382,精測凱基5B購01,0,,,,
704388,中探針元大5B購01,0,,,,
704391,世界元大5B購01,0,,,,
704394,系統電元大61購01,203320,0.28,0.3,0.26,0.3
704396,順達元大5A購05,2100,2.1,2.1,2.1,2.1
704400,宜鼎富邦61購01,0,,,,
704401,信昌電富邦5C購01,144000,9.6,9.6,9.6,9.6
704403,高鋒統一61購02,0,,,,
704404,精測統一5C購01,3720,0.31,0.31,0.31,0.31
704409,精測永豐5A購02,0,,,,
704419,力旺元大5A購01,0,,,,
704421,中美晶元大5C購01,0,,,,
704424,湧德元大61購02,3750,0.15,0.15,0.15,0.15
704426,精材元大5B購01,0,,,,
704427,精材元大61購02,10500,10.5,10.5,10.5,10.5
704481,中探針元大61購01,0,,,,
704482,元太元大61購01,0,,,,
704491,湧德元大5B購01,0,,,,
704492,鈊象元大5B購01,5800,0.58,0.58,0.58,0.58
704494,精材元大5A購01,12800,12.8,12.8,12.8,12.8
704495,精材元大5B購02,0,,,,
704496,精材元大61購03,0,,,,
704506,系統電永豐5C購01,55100,0.25,0.29,0.23,0.29
704507,亞電永豐5B購01,143330,1.86,1.86,1.76,1.77
704532,大中統一5C購01,0,,,,
704533,大中統一71購01,0,,,,
704534,台半統一5C購04,12330,1.37,1.37,1.37,1.37
704535,台燿統一66購01,0,,,,
704536,尼克森統一5B購01,18980,0.99,0.99,0.85,0.85
704537,巨漢統一5C購01,21740,0.56,0.56,0.54,0.54
704538,合晶統一61購02,27450,5.5,5.5,5.45,5.45
704539,竹陞統一64購01,11500,1.15,1.15,1.15,1.15
704540,宏捷科統一61購03,2070,0.23,0.23,0.23,0.23
704541,系統電統一64購01,0,,,,
704542,宜鼎統一5B購01,0,,,,
704543,宜鼎統一66購01,0,,,,
704544,宜鼎統一71購02,38240,1.24,1.24,1.22,1.22
704545,東捷統一64購01,0,,,,
704546,長科*統一71購01,52500,0.75,0.75,0.75,0.75
704547,佶優統一61購02,2100,0.21,0.21,0.21,0.21
704548,昱展統一61購01,100,0.01,0.01,0.01,0.01
704549,茂迪統一5B購01,11980,0.22,0.22,0.2,0.2
704550,能率亞統一61購02,6760,0.52,0.52,0.52,0.52
704551,能率亞統一71購01,0,,,,
704552,順達統一63購01,10400,1.04,1.04,1.04,1.04
704553,雍智統一71購01,40450,5.85,5.85,5.75,5.8
704556,力旺凱基5A購01,0,,,,
704560,系統電凱基5B購01,24160,0.16,0.24,0.16,0.24
704567,萬泰科永豐5B購01,60680,4.09,4.3,3.96,3.96
704578,元太元大61購02,0,,,,
704579,合晶元大5A購01,0,,,,
704584,精材元大5A購02,0,,,,
704590,能率亞統一63購01,980,0.49,0.49,0.49,0.49
704591,能率亞統一71購02,461900,0.78,0.78,0.76,0.76
704592,能率統一71購01,0,,,,
704605,系統電凱基5B購02,146860,0.46,0.52,0.4,0.52
704607,原相凱基5A購01,0,,,,
704620,博智群益5B購01,0,,,,
704628,中光電統一61購01,0,,,,
704629,智通*統一61購01,270,0.27,0.27,0.27,0.27
704638,廣運永豐61購01,0,,,,
704650,聖暉*凱基5B購01,0,,,,
704665,鈊象元大5C購01,19340,0.6,0.6,0.58,0.58
704668,穩得元大5B購01,0,,,,
704685,穩懋永豐5A購02,0,,,,
704712,精材元大61購04,30000,6.0,6.0,6.0,6.0
704719,世界永豐5B購01,6360,0.14,0.19,0.14,0.16
704725,家登永豐5B購01,267790,2.61,2.62,2.32,2.62
704745,宜特國票5B購01,150,0.03,0.03,0.03,0.03
704766,精材元大61購05,0,,,,
704773,大樹群益62購01,0,,,,
704775,博智群益62購01,0,,,,
704781,點序群益62購01,36550,0.12,0.15,0.12,0.15
704794,擎亞永豐5B購01,0,,,,
704831,信驊國票5C購01,0,,,,
704841,台半富邦5B購01,1470420,1.46,1.46,1.44,1.46
704842,台星科富邦5B購01,269000,0.55,0.76,0.55,0.73
704843,合晶富邦5B購01,0,,,,
704845,信驊富邦5B購01,0,,,,
704847,智通*富邦5B購01,450,0.03,0.03,0.03,0.03
704849,廣明富邦5B購01,0,,,,
704850,廣運富邦5B購01,0,,,,
704881,譜瑞兆豐62購01,0,,,,
704895,世界統一62購01,1121480,0.78,0.86,0.78,0.82
704896,台星科統一62購01,1728160,0.79,0.95,0.79,0.95
704897,台燿統一62購01,0,,,,
704898,光頡統一5C購02,0,,,,
704899,長科*統一61購01,0,,,,
704900,茂達統一62購01,19760,0.52,0.52,0.52,0.52
704901,茂達統一62購02,0,,,,
704902,訊聯統一72購01,0,,,,
704903,智通*統一68購01,0,,,,
704904,新復興統一72購01,220,0.22,0.22,0.22,0.22
704905,穩懋統一72購01,3410,3.41,3.41,3.41,3.41
704906,穩懋統一72購02,0,,,,
704907,鑫聯統一62購01,14100,0.47,0.47,0.47,0.47
704915,穩懋凱基5B購02,0,,,,
704925,系統電元大62購01,29500,0.38,0.38,0.34,0.38
704937,茂迪富邦61購01,17000,0.15,0.15,0.14,0.14
704944,印能統一65購01,0,,,,
704945,良維統一5C購01,49850,1.95,2.03,1.95,2.03
704946,閎康統一72購01,262060,0.67,0.67,0.63,0.63
704947,順達統一65購01,6200,0.77,0.85,0.74,0.74
704948,雙鴻統一5C購01,46080,1.66,1.66,1.62,1.62
704949,雙鴻統一65購01,0,,,,
704950,耀勝統一5C購03,0,,,,
704951,鑫科統一72購01,670,0.67,0.67,0.67,0.67
704952,鑫聯統一72購01,0,,,,
704953,鑫聯統一72購02,0,,,,
704954,系微兆豐62購01,212000,2.12,2.12,2.12,2.12
704958,中探針群益5C購01,422500,8.55,8.55,8.25,8.25
704997,雙鴻元大5B購01,322800,1.53,1.58,1.45,1.47
704998,雙鴻元大61購02,267820,1.58,1.64,1.54,1.6
705002,世界富邦5C購02,82170,1.08,1.3,1.08,1.3
705003,世界統一72購01,131570,0.96,1.02,0.96,0.99
705004,宏觀統一62購01,7500,0.15,0.15,0.15,0.15
705005,茂迪統一72購01,50700,0.37,0.37,0.36,0.36
705006,茂達統一61購02,0,,,,
705007,智通*統一62購01,22820,0.44,0.44,0.41,0.41
705008,湧德統一61購03,2900,0.29,0.29,0.29,0.29
705009,穩懋統一72購03,3380,3.38,3.38,3.38,3.38
705010,穩懋統一72購04,6000,3.0,3.0,3.0,3.0
705011,鑫聯統一61購01,0,,,,
705012,台燿永豐5C購01,0,,,,
705013,台燿永豐61購01,20600,20.6,20.6,20.6,20.6
705014,宏捷科永豐5A購01,0,,,,
705023,雙鴻凱基5C購01,0,,,,
705027,系統電群益5A購01,0,,,,
705028,宜特群益5A購01,0,,,,
705029,金山電群益5A購01,0,,,,
705031,訊聯群益5A購02,0,,,,
705034,精材群益5A購03,297900,33.1,33.1,33.1,33.1
705038,宏觀國票5C購01,2250,0.09,0.09,0.09,0.09
705063,穩懋元大61購02,0,,,,
705072,新應材凱基5A購01,0,,,,
705081,閎康群益5A購01,0,,,,
705083,精測群益5A購01,0,,,,
705084,精測群益62購03,2175430,0.4,0.42,0.39,0.4
705087,世界富邦5C購03,36000,1.8,1.8,1.8,1.8
705089,新應材富邦63購01,0,,,,
705090,精測富邦5A購01,0,,,,
705091,正淩統一62購01,136760,0.45,0.45,0.44,0.45
705092,正淩統一65購01,1012950,0.45,0.47,0.45,0.46
705093,宏觀統一72購01,0,,,,
705094,宜特統一62購01,0,,,,
705095,新復興統一62購01,1200,0.03,0.03,0.03,0.03
705096,精測統一62購01,13110,0.11,0.11,0.09,0.09
705097,精測統一64購02,0,,,,
705098,精測統一72購01,0,,,,
705099,雙鴻統一62購03,1524730,0.9,0.97,0.89,0.89
705100,鑫科統一62購01,6080,0.32,0.32,0.32,0.32
705101,世界中信5B購01,0,,,,
705103,弘塑元富5A購02,0,,,,
705108,精測元富5B購01,0,,,,
705109,精測元富5B購02,0,,,,
705110,精測元富5B購03,0,,,,
705111,系統電永豐61購01,489840,0.94,1.0,0.86,1.0
705112,茂迪永豐5A購01,0,,,,
705114,新應材永豐61購01,4560,0.76,0.76,0.76,0.76
705117,系統電凱基5A購02,0,,,,
705126,大中統一62購01,0,,,,
705127,宏觀統一72購02,0,,,,
705128,良維統一72購01,462060,1.37,1.42,1.34,1.42
705129,宜特統一72購01,0,,,,
705130,長科*統一72購01,23480,1.24,1.24,1.2,1.2
705131,茂迪統一61購01,0,,,,
705132,茂迪統一72購02,0,,,,
705133,博智統一62購01,0,,,,
705134,博智統一62購02,0,,,,
705135,穩懋統一72購05,0,,,,
705136,鏵友益統一72購01,178000,1.1,1.1,1.01,1.01
705137,台燿中信5A購01,0,,,,
705138,良維中信5C購01,89690,2.05,2.11,1.97,2.11
705142,新應材永豐5B購01,0,,,,
705143,正淩國票5B購01,143290,0.23,0.23,0.23,0.23
705161,雙鴻元大61購03,0,,,,
705169,正淩凱基5B購01,167300,0.28,0.28,0.26,0.26
705171,系統電凱基61購01,1446520,0.71,0.82,0.68,0.82
705179,雙鴻凱基5C購02,278190,1.85,1.95,1.82,1.87
705186,閎康富邦5A購01,0,,,,
705188,元太統一62購01,5860,0.16,0.19,0.16,0.19
705190,弘塑統一72購01,285860,1.3,1.31,1.29,1.29
705191,正淩統一72購01,14740,0.67,0.67,0.67,0.67
705192,沛亨統一72購01,0,,,,
705193,宜鼎統一72購01,6230,1.25,1.25,1.23,1.23
705194,崴寶統一64購01,0,,,,
705195,崴寶統一72購01,0,,,,
705196,雙鴻統一72購01,1124160,1.27,1.27,1.23,1.23
705197,鑫聯統一65購01,0,,,,
705212,雙鴻元大5C購01,0,,,,
705213,雙鴻元大61購04,190810,1.7,1.82,1.69,1.82
705214,神盾永豐5B購01,0,,,,
705215,崴寶永豐5B購01,0,,,,
705216,雙鴻永豐61購01,0,,,,
705221,雙鴻元富5A購04,0,,,,
705222,雙鴻元富5A購05,0,,,,
705223,雙鴻元富5A購06,118870,1.18,1.25,1.18,1.25
705224,穩懋元富5A購02,0,,,,
705225,穩懋元富5A購03,0,,,,
705235,力旺凱基5B購01,31400,13.6,17.8,13.6,17.8
705238,穩懋凱基61購01,119800,4.8,4.8,4.79,4.79
705243,萬潤永豐62購01,0,,,,
705246,力旺元富5A購01,0,,,,
705254,雙鴻富邦5A購02,0,,,,
705255,雙鴻富邦5A購03,0,,,,
705257,力旺統一65購01,49830,1.27,1.34,1.27,1.28
705258,力旺統一72購01,133710,1.35,1.42,1.35,1.41
705259,凡甲統一72購01,5700,0.57,0.57,0.57,0.57
705260,凡甲統一72購02,14520,0.66,0.66,0.66,0.66
705261,元太統一62購02,62260,0.2,0.22,0.2,0.22
705262,元太統一72購01,330,0.33,0.33,0.33,0.33
705263,弘塑統一72購02,0,,,,
705264,正淩統一72購02,0,,,,
705265,沛亨統一72購02,14800,1.48,1.48,1.48,1.48
705266,博智統一72購01,58860,1.27,1.28,1.27,1.28
705267,閎康統一72購02,397440,0.83,0.83,0.82,0.82
705268,雙鴻統一62購04,0,,,,
705269,穩懋統一65購02,5580,2.79,2.79,2.79,2.79
705276,力旺群益5A購01,0,,,,
705279,良維群益5C購01,0,,,,
705284,力旺元大5A購03,52000,2.6,2.6,2.6,2.6
705289,鈊象元大5C購02,0,,,,
705292,宏觀凱基5B購01,0,,,,
705300,鈊象凱基61購01,676780,2.04,2.04,1.85,1.91
705303,台星科富邦5A購01,0,,,,
705304,台燿富邦5C購02,7600,7.6,7.6,7.6,7.6
705305,宏觀富邦5A購01,0,,,,
705307,富喬富邦5B購01,843880,0.73,0.79,0.66,0.69
705308,亞泰統一64購01,0,,,,
705309,亞泰統一72購01,0,,,,
705310,博智統一72購02,86190,0.87,0.9,0.87,0.9
705311,富喬統一62購01,70020,0.67,0.67,0.64,0.64
705312,富喬統一62購02,1028400,0.67,0.67,0.62,0.66
705313,精材統一65購01,0,,,,
705314,精材統一72購01,99290,2.53,2.62,2.32,2.37
705315,鑫科統一72購02,0,,,,
705318,宜鼎國票5A購01,8150,8.15,8.15,8.15,8.15
705324,富喬國票5A購01,994170,1.5,1.6,1.27,1.27
705331,富喬元大5B購02,16300,0.55,0.61,0.55,0.61
705333,鈊象元大5C購03,30050,1.3,1.31,1.3,1.3
705337,穩懋元大61購04,0,,,,
705341,富喬群益5A購01,720,0.72,0.72,0.72,0.72
705343,弘塑永豐5B購01,0,,,,
705346,富喬永豐5A購02,405910,0.66,0.72,0.64,0.64
705347,富喬永豐61購01,2017760,1.1,1.11,1.02,1.02
705348,富喬永豐65購01,1216200,1.28,1.34,1.25,1.3
705349,雙鴻永豐5B購01,297020,1.52,1.66,1.52,1.66
705357,穩懋凱基61購02,0,,,,
705358,良維兆豐5A購01,0,,,,
705360,中美晶元大5B購01,0,,,,
705365,雙鴻元大5B購02,125200,1.91,1.91,1.89,1.91
705366,雙鴻元大5C購02,0,,,,
705370,穩懋元大61購05,82100,2.43,2.44,2.31,2.44
705372,力致統一64購01,46500,0.31,0.31,0.31,0.31
705373,凡甲統一61購01,0,,,,
705374,元太統一72購02,0,,,,
705375,台燿統一62購02,46000,5.75,5.75,5.75,5.75
705376,正基統一64購01,1300,0.26,0.26,0.26,0.26
705377,兆利統一64購01,0,,,,
705378,宏捷科統一61購04,90300,0.34,0.34,0.3,0.32
705379,沛亨統一68購01,0,,,,
705380,系統電統一5C購02,3100,0.31,0.31,0.31,0.31
705381,系微統一64購01,0,,,,
705382,亞泰統一72購02,0,,,,
705383,宜特統一65購01,4350,0.43,0.44,0.43,0.44
705384,東捷統一72購01,0,,,,
705385,前鼎統一72購01,0,,,,
705386,茂達統一72購01,29590,0.8,0.8,0.79,0.79
705387,原相統一64購01,950,0.31,0.32,0.31,0.32
705388,能率統一72購01,2010,0.4,0.41,0.4,0.41
705389,富強鑫統一72購01,6800,0.68,0.68,0.68,0.68
705390,新漢統一64購02,0,,,,
705391,新漢統一72購01,0,,,,
705392,萬潤統一62購01,12800,6.0,6.8,6.0,6.8
705393,鈺太統一64購01,0,,,,
705394,精材統一5C購02,0,,,,
705395,聚和統一64購01,0,,,,
705396,廣明統一72購01,0,,,,
705397,穩得統一72購01,59800,0.8,0.8,0.79,0.79
705398,穩懋統一61購06,0,,,,
705399,穩懋統一62購01,363880,2.38,2.39,2.2,2.21
705400,穩懋統一62購02,3550,3.55,3.55,3.55,3.55
705401,穩懋統一62購03,60310,2.37,2.38,2.21,2.21
705402,耀勝統一64購01,0,,,,
705403,耀勝統一72購01,0,,,,
705404,鑫科統一72購03,0,,,,
705410,沛亨永豐5B購01,0,,,,
705413,鉅橡永豐5A購02,0,,,,
705426,勤凱群益5A購01,0,,,,
705433,中美晶凱基5C購01,0,,,,
705437,弘塑凱基5C購01,45750,5.05,5.1,5.05,5.1
705442,台特化兆豐5B購01,0,,,,
705443,新應材兆豐5B購01,2610,0.03,0.03,0.03,0.03
705444,良維國票62購01,0,,,,
705446,信驊國票62購01,0,,,,
705449,鉅橡國票5B購01,0,,,,
705455,世界群益5B購02,0,,,,
705458,良維群益5B購01,24000,0.6,0.6,0.6,0.6
705460,信驊群益5B購04,0,,,,
705461,湧德群益61購01,14100,0.3,0.3,0.3,0.3
705462,順達群益5B購01,0,,,,
705475,雙鴻元大5C購03,0,,,,
705476,雙鴻元大61購05,291440,1.92,1.92,1.89,1.89
705477,台特化統一63購02,0,,,,
705478,台特化統一73購01,77220,0.54,0.54,0.54,0.54
705479,良維統一61購01,0,,,,
705480,良維統一63購01,210520,0.89,0.92,0.88,0.92
705481,亞泰統一62購01,0,,,,
705483,新應材統一62購02,0,,,,
705484,萬潤統一62購02,0,,,,
705485,萬潤統一73購01,116000,4.99,5.2,4.99,5.2
705486,德微統一63購01,0,,,,
705487,穩懋統一66購01,519000,2.07,2.07,1.92,1.92
705488,穩懋統一73購01,0,,,,
705489,穩懋統一73購02,291450,2.3,2.33,2.22,2.22
705492,世界永豐5B購02,93800,4.39,4.99,4.39,4.99
705494,台特化永豐5B購01,0,,,,
705500,原相永豐5B購01,0,,,,
705502,萬潤永豐5B購01,47200,11.8,11.8,11.8,11.8
705504,雙鴻永豐5C購01,0,,,,
705519,均華兆豐63購01,114930,3.29,3.29,3.07,3.07
705520,宜鼎兆豐63購01,0,,,,
705521,順達兆豐5B購01,2820,1.41,1.41,1.41,1.41
705522,雙鴻兆豐5B購01,0,,,,
705525,良維凱基5B購02,0,,,,
705527,萬潤凱基5B購01,0,,,,
705534,雙鴻凱基5B購01,3180,1.06,1.06,1.06,1.06
705544,萬潤元大5B購01,12700,12.7,12.7,12.7,12.7
705548,雙鴻元大61購06,0,,,,
705552,穩懋元大5B購04,114960,2.28,2.28,2.04,2.04
705553,穩懋元大5C購04,332960,1.89,1.89,1.68,1.7
705554,宜鼎富邦5C購02,0,,,,
705555,中探針永豐5C購01,0,,,,
705557,茂迪永豐5C購01,0,,,,
705558,神盾永豐5C購01,0,,,,
705559,博智永豐5B購01,0,,,,
705560,萬潤永豐5C購01,454070,4.44,5.1,4.44,5.0
705562,環球晶永豐5B購01,0,,,,
705565,穩懋永豐5C購02,910180,2.55,2.6,2.29,2.35
705566,耀勝永豐5C購01,0,,,,
705570,世界凱基5C購01,158310,1.51,1.76,1.51,1.65
705575,原相凱基5B購01,0,,,,
705577,鉅橡凱基5B購01,0,,,,
705581,良維永豐5B購01,120790,0.89,1.03,0.81,1.03
705584,旺矽永豐5B購01,0,,,,
705587,精材永豐5B購01,0,,,,
705589,鏵友益永豐5C購01,0,,,,
705590,鑫聯永豐5C購01,0,,,,
705599,雙鴻元大61購07,0,,,,
705604,良維國票67購01,40120,2.37,2.62,2.37,2.62
705606,旺矽國票61購01,68000,6.8,6.8,6.8,6.8
705610,精材國票5C購01,0,,,,
705611,雙鴻國票5C購01,0,,,,
705617,良維群益5B購02,0,,,,
705621,旺矽群益5B購01,42600,4.26,4.26,4.26,4.26
705630,旺矽兆豐5B購01,0,,,,
705633,順達永豐5B購01,67330,1.5,2.31,1.5,2.31
705634,新復興永豐5B購01,0,,,,
705638,宜鼎群益5B購01,0,,,,
705644,原相群益5C購01,0,,,,
705659,印能元大5C購01,0,,,,
705665,環球晶元大61購01,0,,,,
705666,鑫聯元大61購01,0,,,,
705671,鈊象富邦5B購01,279800,0.43,0.43,0.37,0.39
705672,聖暉*富邦5B購01,36530,0.75,0.88,0.75,0.88
705674,環球晶富邦5C購01,0,,,,
705675,雙鴻富邦5C購01,1274490,1.16,1.21,1.12,1.13
705676,雙鴻富邦5C購02,2371020,0.79,0.83,0.75,0.77
705677,譜瑞富邦5C購01,2600,2.6,2.6,2.6,2.6
705697,新復興凱基5B購01,0,,,,
705702,宏捷科國票62購01,10400,0.26,0.26,0.26,0.26
705705,新復興國票5B購01,0,,,,
705711,台特化元大5C購01,0,,,,
705712,台燿元大61購03,0,,,,
705718,宜鼎元大5C購04,25000,2.5,2.5,2.5,2.5
705719,宜鼎元大61購02,5820,1.79,2.24,1.79,2.24
705726,雙鴻元大61購08,0,,,,
705728,台特化群益62購01,0,,,,
705733,宜特群益5B購01,0,,,,
705736,正基永豐5B購01,0,,,,
705737,印能永豐5C購01,160080,2.21,2.23,2.21,2.23
705739,系統電永豐64購01,312290,1.19,1.2,1.13,1.17
705753,晟德凱基5A購01,0,,,,
705755,雙鴻凱基5C購03,0,,,,
705758,世界元大5C購01,0,,,,
705759,台特化元大5C購02,0,,,,
705769,新應材元大5A購01,0,,,,
705770,新應材元大61購01,7610,0.19,0.19,0.18,0.18
705774,雙鴻元大61購09,139450,2.06,2.06,2.05,2.05
705775,宜特國票5A購02,0,,,,
705776,前鼎國票5B購01,0,,,,
705777,閎康國票5A購01,0,,,,
705778,鈊象國票5A購01,0,,,,
705779,榮剛國票5A購01,0,,,,
705781,鏵友益國票5B購01,0,,,,
705782,鑫聯國票5A購01,0,,,,
705783,良維中信61購01,537100,1.1,1.21,1.05,1.21
705785,新應材永豐63購01,10430,0.83,1.09,0.83,1.04
705791,宏捷科元富5C購01,317970,0.67,0.7,0.63,0.68
705800,大綜統一73購01,383640,0.91,0.98,0.89,0.96
705801,印能統一62購01,0,,,,
705802,旺矽統一63購03,0,,,,
705803,前鼎統一62購01,0,,,,
705804,環球晶統一63購01,38100,4.16,4.6,4.16,4.38
705805,環球晶統一63購02,8940,4.47,4.47,4.47,4.47
705806,環球晶統一73購01,10860,3.6,3.63,3.6,3.63
705807,環球晶統一73購02,245320,2.69,3.0,2.69,2.84
705808,前鼎國泰5A購01,0,,,,
705809,元太國票5A購02,0,,,,
705810,岳豐國票5A購02,0,,,,
705811,長佳智國票5A購01,0,,,,
705812,前鼎國票61購01,0,,,,
705813,晟德國票5A購02,0,,,,
705814,精星國票5A購01,0,,,,
705816,寶雅國票5A購01,5310,0.75,0.79,0.75,0.77
705818,凡甲永豐5B購01,0,,,,
705819,台星科永豐5C購01,528950,1.31,1.66,1.31,1.64
705820,宜特永豐5C購01,0,,,,
705823,前鼎永豐5C購01,126600,4.22,4.22,4.22,4.22
705824,能率永豐5C購01,57000,0.15,0.15,0.15,0.15
705826,順達永豐61購01,2937900,2.43,3.11,2.39,3.08
705827,良維兆豐5B購01,75760,0.73,0.92,0.73,0.92
705828,雙鴻兆豐5B購02,0,,,,
705841,元太元大5B購01,0,,,,
705845,信驊元大5C購01,0,,,,
705846,新應材元大5A購02,0,,,,
705847,新應材元大61購02,250,0.25,0.25,0.25,0.25
705853,雙鴻元大61購10,1205410,1.92,1.99,1.89,1.89
705854,台特化統一63購03,46000,0.23,0.23,0.23,0.23
705855,弘塑統一73購01,0,,,,
705856,印能統一73購01,0,,,,
705857,沛亨統一73購01,14280,1.19,1.19,1.19,1.19
705858,良維統一73購01,0,,,,
705859,旺矽統一73購01,105580,3.2,3.25,3.17,3.25
705860,順達統一73購01,87180,0.5,0.62,0.5,0.6
705861,新應材統一73購01,136770,0.29,0.29,0.28,0.28
705862,萬泰科統一62購01,0,,,,
705863,德微統一73購01,9920,1.99,1.99,1.98,1.98
705864,環球晶統一62購01,0,,,,
705865,穩得統一73購01,0,,,,
705870,信驊凱基5B購01,0,,,,
705871,信驊凱基61購02,0,,,,
705872,信驊凱基61購03,0,,,,
705874,鈊象凱基61購02,634150,1.88,1.88,1.71,1.77
705875,新應材凱基61購01,0,,,,
705876,榮剛凱基5A購01,0,,,,
705877,環球晶凱基61購01,0,,,,
705878,弘塑富邦5B購01,118400,1.49,1.52,1.46,1.52
705879,良維富邦5B購01,60000,0.6,0.6,0.6,0.6
705880,新應材富邦63購02,0,,,,
705881,雙鴻國泰5A購01,0,,,,
705887,新應材群益5A購01,0,,,,
705894,元太凱基5B購02,0,,,,
705896,台特化凱基5C購01,25920,0.12,0.12,0.12,0.12
705899,旺矽凱基5B購01,0,,,,
705901,新應材凱基5A購02,0,,,,
705903,精材凱基61購02,0,,,,
705908,旺矽兆豐5B購02,0,,,,
705909,新應材兆豐5B購02,0,,,,
705913,宜鼎群益5B購02,0,,,,
705917,雙鴻群益63購01,27600,1.2,1.2,1.2,1.2
705923,弘塑永豐5B購02,36150,0.61,0.61,0.59,0.59
705924,匯鑽科永豐5A購01,0,,,,
705925,新應材永豐5A購01,0,,,,
705926,新應材永豐5C購04,0,,,,
705927,新應材永豐63購02,8550,0.15,0.16,0.15,0.15
705928,雙鴻永豐63購01,42460,1.93,1.93,1.93,1.93
705929,新應材國泰5A購02,0,,,,
705931,台半國票5A購01,973730,5.25,5.25,4.27,4.43
705932,弘塑國票5A購01,0,,,,
705933,宜鼎國票5C購01,46550,3.77,3.77,3.47,3.47
705934,松瑞藥國票5A購01,0,,,,
705935,胡連國票5A購01,2020,0.01,0.01,0.01,0.01
705936,順達國票5A購01,0,,,,
705938,新應材國票5A購02,0,,,,
705939,新應材國票5B購01,0,,,,
705940,新應材國票5C購01,9000,0.06,0.06,0.06,0.06
705941,群翊國票5A購01,0,,,,
705942,聖暉*國票5A購02,0,,,,
705943,德微國票5A購01,0,,,,
705944,新應材富邦5C購02,0,,,,
705945,均豪統一73購01,0,,,,
705946,宏捷科統一63購01,311950,0.3,0.32,0.28,0.32
705947,系微統一73購01,0,,,,
705948,良維統一63購02,138840,0.84,0.88,0.84,0.88
705949,良維統一73購02,85350,0.85,0.91,0.84,0.91
705950,宜特統一73購01,0,,,,
705951,信紘科統一63購01,0,,,,
705952,前鼎統一73購01,40780,1.78,1.78,1.76,1.76
705953,鉅橡統一73購01,0,,,,
705954,鈺太統一66購01,190,0.19,0.19,0.19,0.19
705968,新應材元大5A購03,0,,,,
705969,新應材元大61購03,3960,0.09,0.09,0.09,0.09
705984,博智元大5C購02,0,,,,
705986,世紀*國票5A購01,1298510,4.21,4.21,3.69,3.69
705987,台特化國票5A購03,6070,0.01,0.01,0.01,0.01
705988,閎康國票5A購02,0,,,,
705989,雙鴻國票5A購02,45300,7.55,7.55,7.55,7.55
705991,弘塑國泰5A購01,0,,,,
705992,均華國泰5A購01,110400,3.68,3.68,3.68,3.68
705993,宜鼎富邦63購01,0,,,,
705994,蜜望實統一63購01,0,,,,
705995,蜜望實統一73購01,0,,,,
705996,世界群益5B購03,0,,,,
705997,旺矽群益5B購02,0,,,,
705998,神盾群益5B購01,73440,2.16,2.16,2.16,2.16
706001,雙鴻群益5B購03,0,,,,
706004,精材中信61購01,0,,,,
706005,蜜望實永豐5B購01,0,,,,
706006,穩得永豐5B購01,75000,0.37,0.38,0.37,0.38
706010,旺矽凱基5C購01,0,,,,
706011,博智凱基5C購01,246300,3.38,3.6,3.38,3.44
706015,緯軟國票5B購01,100,0.05,0.05,0.05,0.05
706016,雙鴻國票5A購03,27950,1.93,1.93,1.83,1.83
706017,宜鼎中信61購01,810,0.81,0.81,0.81,0.81
706018,弘塑永豐63購01,245120,2.1,2.15,2.08,2.14
706019,均華永豐5B購01,125300,3.85,3.85,3.57,3.57
706020,旺矽永豐61購01,71820,3.42,3.42,3.42,3.42
706021,鈊象永豐5A購01,0,,,,
706027,大中統一73購01,186900,1.18,1.22,1.18,1.22
706028,台特化統一66購01,0,,,,
706029,台特化統一68購01,0,,,,
706030,均華統一62購01,0,,,,
706031,均華統一63購03,1920,0.64,0.64,0.64,0.64
706032,均華統一73購01,0,,,,
706033,均豪統一63購01,0,,,,
706034,宜鼎統一62購01,0,,,,
706035,旺矽統一63購04,0,,,,
706036,新普統一63購01,48880,0.46,0.48,0.46,0.48
706037,新普統一73購01,0,,,,
706038,聖暉*統一61購01,990,0.99,0.99,0.99,0.99
706039,蜜望實統一62購01,0,,,,
706040,鑫聯統一62購02,5260,0.16,0.17,0.16,0.17
706044,鈺太群益5A購01,0,,,,
706047,台燿富邦63購01,0,,,,
706049,博智富邦5B購01,0,,,,
706050,蜜望實富邦5B購01,0,,,,
706051,印能國泰5A購01,0,,,,
706052,均華國泰5A購02,0,,,,
706053,鈊象國泰5A購01,0,,,,
706054,台特化元大5B購01,5440,0.34,0.34,0.34,0.34
706055,台特化元大63購01,201550,0.49,0.5,0.49,0.49
706060,弘塑元大63購02,112320,3.21,3.29,3.17,3.17
706071,雙鴻元大63購01,5420,1.8,1.81,1.8,1.81
706072,弘塑凱基5A購01,0,,,,
706073,宜鼎凱基5A購04,0,,,,
706074,鈊象凱基5C購01,67200,0.84,0.84,0.84,0.84
706081,雙鴻中信63購01,400440,0.78,0.81,0.75,0.76
706086,旺矽永豐5A購02,0,,,,
706087,旺矽永豐61購02,41340,2.42,2.62,2.42,2.62
706088,旺矽永豐64購01,239910,3.74,3.84,3.73,3.73
706089,茂迪永豐61購01,0,,,,
706090,萬泰科永豐5C購01,0,,,,
706092,力致國泰5A購01,0,,,,
706093,弘塑國泰5A購02,0,,,,
706094,均豪國泰5A購01,0,,,,
706095,系統電國泰5A購01,0,,,,
706096,東捷國泰5A購01,0,,,,
706097,弘塑富邦5C購01,664300,0.93,0.95,0.87,0.94
706098,宜鼎富邦5C購03,214860,0.72,0.72,0.65,0.65
706099,旺矽富邦5B購02,0,,,,
706100,旺矽富邦63購01,0,,,,
706101,茂迪富邦63購01,0,,,,
706103,台特化元大63購02,0,,,,
706105,宏捷科元大5C購01,0,,,,
706115,雙鴻元大63購02,0,,,,
706116,力致國票5A購01,0,,,,
706117,台半國票5A購02,55000,5.5,5.5,5.5,5.5
706118,台星科國票61購01,245050,1.78,2.21,1.76,2.08
706119,宏捷科國票5A購01,3150,0.01,0.01,0.01,0.01
706120,良維國票5A購01,51620,0.4,0.52,0.4,0.52
706121,宜鼎國票5A購03,1920,0.24,0.24,0.24,0.24
706122,旺矽國票5B購02,0,,,,
706124,臺慶科國票61購01,96650,1.34,1.43,1.28,1.41
706125,鑫聯國票5C購01,0,,,,
706126,大綜統一63購01,44040,1.32,1.45,1.32,1.45
706127,大綜統一66購01,954460,1.2,1.3,1.15,1.24
706128,台特化統一62購02,0,,,,
706129,巨漢統一63購01,7000,0.35,0.35,0.35,0.35
706130,正基統一62購01,0,,,,
706131,正基統一63購01,0,,,,
706132,正基統一63購02,0,,,,
706133,均豪統一66購01,46230,0.67,0.67,0.67,0.67
706134,宜鼎統一63購02,1002100,0.81,0.81,0.75,0.75
706135,宜鼎統一63購03,84380,0.48,0.48,0.47,0.47
706136,宜鼎統一66購02,313140,0.69,0.69,0.65,0.65
706137,宜鼎統一73購01,74630,0.59,0.6,0.58,0.59
706138,茂迪統一67購01,1100,0.22,0.22,0.22,0.22
706139,聚和統一73購01,3520,0.71,0.71,0.7,0.7
706140,蜜望實統一66購01,0,,,,
706141,蜜望實統一68購01,0,,,,
706142,雙鴻統一63購01,2340,1.17,1.17,1.17,1.17
706146,台特化群益5A購01,0,,,,
706150,旺矽群益63購01,161370,3.29,3.54,3.21,3.5
706153,德微群益63購01,0,,,,
706154,雙鴻群益63購02,8600,0.86,0.86,0.86,0.86
706155,台特化凱基5C購02,720,0.24,0.24,0.24,0.24
706160,宜鼎凱基5C購02,13500,1.35,1.35,1.35,1.35
706161,旺矽凱基63購01,795040,2.21,2.5,2.19,2.39
706162,旺矽凱基63購02,40580,2.89,3.01,2.89,3.01
706163,東捷凱基63購01,0,,,,
706166,德微凱基5A購01,0,,,,
706168,雙鴻凱基63購01,0,,,,
706170,良維群益5C購02,19350,1.89,1.98,1.89,1.98
706173,精測群益5B購01,0,,,,
706175,宜鼎國泰5A購02,0,,,,
706176,宜鼎國泰61購01,9650,1.93,1.93,1.93,1.93
706177,旺矽國泰5A購02,0,,,,
706178,弘塑富邦63購01,1807310,0.83,0.85,0.79,0.81
706179,均華富邦5B購01,204090,0.67,0.67,0.62,0.63
706180,均華統一63購04,330830,0.52,0.52,0.46,0.48
706181,良維統一63購03,211420,0.69,0.71,0.69,0.71
706182,旺矽統一63購05,520850,1.41,1.42,1.37,1.38
706183,茂迪統一63購01,0,,,,
706184,台特化元大63購03,4550,0.35,0.35,0.35,0.35
706185,均華元大5C購01,23000,0.39,0.39,0.35,0.35
706186,宏捷科元大5C購02,269980,0.34,0.35,0.33,0.34
706198,精測元大5C購02,0,,,,
706203,鑫聯元大63購01,0,,,,
706204,中美晶國票61購01,0,,,,
706206,均華國票5B購01,472010,0.61,0.62,0.53,0.59
706207,宜鼎國票65購01,362700,1.42,1.43,1.37,1.39
706208,旺矽國票5C購01,1735400,3.38,3.77,3.38,3.77
706209,旺矽國票67購01,2281530,3.34,3.63,3.26,3.51
706210,德微國票65購01,5050,5.05,5.05,5.05,5.05
706213,精測中信5B購01,800,0.1,0.1,0.1,0.1
706214,宜鼎永豐5B購01,57330,0.44,0.44,0.43,0.43
706215,旺矽永豐5C購01,593150,1.95,2.27,1.95,2.17
706216,東捷永豐61購01,0,,,,
706218,精測永豐5B購01,0,,,,
706219,精測永豐61購01,26300,0.1,0.1,0.09,0.09
706220,鑫科永豐5C購02,0,,,,
706223,弘塑元富5C購01,0,,,,
706225,宏捷科元富5C購02,86890,0.35,0.36,0.33,0.36
706239,中美晶兆豐63購01,0,,,,
706240,元太兆豐63購01,679180,1.16,1.26,1.14,1.25
706241,環球晶兆豐5B購01,922500,9.0,9.45,9.0,9.45
706245,M31凱基5B購01,105300,0.26,0.27,0.24,0.27
706246,台燿凱基61購01,840900,20.6,20.9,20.4,20.9
706248,弘塑凱基5A購02,0,,,,
706249,宏捷科凱基5C購01,27510,0.16,0.19,0.16,0.18
706252,信驊凱基5B購02,864000,10.8,10.8,10.8,10.8
706253,信驊凱基5C購01,0,,,,
706259,M31永豐5B購01,78640,0.46,0.48,0.46,0.48
706260,M31永豐5C購01,497480,0.53,0.53,0.48,0.5
706261,大中永豐5B購01,0,,,,
706264,台燿永豐5B購01,0,,,,
706265,良維永豐5B購02,0,,,,
706269,M31元富5A購01,0,,,,
706274,良維群益5C購03,0,,,,
706275,信驊群益5B購05,0,,,,
706276,聖暉*群益61購01,6700,2.17,2.36,2.17,2.36
706279,台燿國泰5A購01,0,,,,
706280,台燿國泰5A購02,0,,,,
706281,德微國泰5A購01,0,,,,
706282,M31統一63購03,16800,0.53,0.54,0.48,0.48
706283,M31富邦5B購01,139740,0.25,0.26,0.25,0.26
706284,台特化富邦5C購01,0,,,,
706285,信驊富邦5C購01,0,,,,
706286,茂迪富邦5C購01,0,,,,
706287,雙鴻富邦5C購03,123500,1.15,1.15,1.12,1.12
706288,M31國票5A購01,5760,0.02,0.02,0.02,0.02
706292,宏觀國票5C購02,400,0.04,0.04,0.04,0.04
706293,沛亨國票5A購02,72570,0.41,0.41,0.41,0.41
706294,信驊國票5B購03,0,,,,
706297,環球晶國票5A購01,0,,,,
706298,鑫科國票5A購01,0,,,,
706313,雙鴻元大5C購04,222100,1.38,1.38,1.35,1.35
706316,台燿兆豐5B購01,0,,,,
706317,弘塑兆豐5B購01,43800,0.73,0.73,0.73,0.73
706318,聖暉*兆豐5B購01,14300,1.43,1.43,1.43,1.43
706319,印能凱基5B購01,0,,,,
706322,亞泰凱基5A購01,0,,,,
706324,聖暉*凱基5B購02,96140,2.53,2.53,2.53,2.53
706325,環球晶凱基5C購01,0,,,,
706327,穩得凱基5C購01,0,,,,
706328,弘塑國票65購01,78780,1.79,1.81,1.79,1.81
706331,亞泰國票5A購01,0,,,,
706332,華宏國票5A購01,60,0.06,0.06,0.06,0.06
706336,茂迪元大5C購01,0,,,,
706339,雙鴻元大5C購05,713360,1.33,1.33,1.28,1.28
706340,穩得元大63購01,112560,0.57,0.57,0.56,0.56
706341,鑫聯元大63購02,0,,,,
706342,雙鴻國泰61購01,29260,2.66,2.66,2.66,2.66
706343,台燿富邦63購02,0,,,,
706344,德微富邦5C購01,47700,1.2,1.2,1.13,1.13
706345,世界統一63購01,8500,1.7,1.7,1.7,1.7
706346,台特化統一63購04,0,,,,
706347,印能統一63購01,7580,0.84,0.86,0.83,0.83
706348,亞泰統一62購02,29500,2.5,2.5,2.45,2.45
706349,博智統一63購01,258710,1.37,1.38,1.35,1.38
706350,鈺太統一63購01,0,,,,
706351,弘塑永豐5C購03,918990,0.74,0.76,0.72,0.73
706354,雙鴻永豐61購02,32550,2.17,2.17,2.17,2.17
706355,雙鴻永豐64購01,1153950,2.23,2.3,2.18,2.2
706371,良維凱基61購01,531120,1.34,1.51,1.28,1.51
706378,正淩永豐5B購01,0,,,,
706379,東捷永豐5A購01,0,,,,
706389,美琪瑪群益5A購01,2150,0.07,0.07,0.06,0.06
706390,湧德群益5B購01,0,,,,
706392,雙鴻群益5B購04,0,,,,
706393,雙鴻群益5B購05,0,,,,
706394,宏觀國泰5A購02,0,,,,
706399,華義國票5A購02,0,,,,
706401,頎邦國票5A購01,0,,,,
706402,聚和國票5A購02,0,,,,
706411,中美晶凱基5A購01,0,,,,
706412,弘塑凱基5B購01,105540,0.26,0.26,0.25,0.25
706413,印能凱基5B購02,0,,,,
706414,湧德凱基5A購01,0,,,,
706415,閎康凱基5B購01,81850,3.91,3.91,3.85,3.85
706418,精材國泰5A購01,0,,,,
706419,弘塑富邦61購01,1304150,0.62,0.67,0.62,0.62
706420,宏捷科富邦5B購01,430,0.22,0.22,0.21,0.21
706421,宏捷科富邦5C購01,291830,0.3,0.3,0.15,0.18
706422,家登富邦5B購01,0,,,,
706423,智通*富邦5B購02,38940,0.57,0.57,0.56,0.56
706424,環球晶富邦5A購01,4420,4.42,4.42,4.42,4.42
706425,雙鴻富邦5C購04,0,,,,
706432,茂迪元大63購05,0,,,,
706439,穩得元大5A購01,0,,,,
706441,弘塑群益5A購03,0,,,,
706442,印能群益5B購01,0,,,,
706446,湧德群益5C購01,8700,0.29,0.29,0.29,0.29
706448,環球晶群益5A購02,13000,13.0,13.0,13.0,13.0
706449,穩得群益5A購01,0,,,,
706451,中美晶永豐5A購02,0,,,,
706452,中美晶永豐5C購01,3690,1.23,1.23,1.23,1.23
706453,弘塑永豐63購02,605720,0.72,0.73,0.71,0.71
706455,系微永豐5C購01,0,,,,
706456,博智永豐5C購01,156900,1.72,1.79,1.72,1.79
706457,華宏永豐5A購01,0,,,,
706460,雙鴻永豐5B購02,0,,,,
706461,鑫聯永豐61購01,0,,,,
706464,台燿元富63購01,0,,,,
706468,華宏元富5B購01,2400,0.16,0.16,0.16,0.16
706472,中美晶凱基61購01,0,,,,
706474,沛亨凱基5B購01,23150,0.9,0.9,0.89,0.89
706476,良維凱基5C購01,322960,1.67,1.81,1.66,1.81
706479,博智凱基61購01,563900,1.12,1.19,1.08,1.15
706480,湧德凱基5B購01,0,,,,
706481,閎康凱基5A購01,0,,,,
706484,臺慶科凱基5A購01,0,,,,
706485,雙鴻凱基5C購04,423070,1.84,1.95,1.82,1.84
706488,合晶國票5A購01,0,,,,
706489,均豪國票5A購01,250,0.05,0.05,0.05,0.05
706490,頎邦國票5A購02,0,,,,
706491,鑫聯國票5A購04,0,,,,
706492,廣明兆豐63購01,0,,,,
706496,宜特群益63購01,0,,,,
706497,博智群益69購01,72960,0.64,0.66,0.64,0.66
706498,閎康群益63購02,8580,1.43,1.43,1.43,1.43
706500,中美晶國泰5A購01,0,,,,
706501,合晶國泰5A購01,0,,,,
706502,良維國泰5A購01,0,,,,
706503,世界富邦61購01,151400,1.32,1.43,1.32,1.43
706504,台特化富邦5A購01,0,,,,
706505,台燿富邦63購03,0,,,,
706507,中美晶元大5C購02,0,,,,
706508,中美晶元大63購01,0,,,,
706509,台特化元大5A購03,0,,,,
706513,博智元大63購01,513360,1.07,1.07,0.97,1.05
706517,萬泰科元大5C購01,0,,,,
706524,雙鴻中信63購02,587830,0.64,0.67,0.62,0.64
706528,勤凱永豐5C購02,8900,1.78,1.78,1.78,1.78
706532,系微國票5A購01,250,0.01,0.01,0.01,0.01
706534,前鼎國票61購02,0,,,,
706535,閎康國票5A購03,0,,,,
706536,順達國票5A購02,0,,,,
706538,鈺太國票5A購01,0,,,,
706545,閎康凱基61購01,0,,,,
706548,雙鴻凱基5A購03,0,,,,
706549,穩得凱基63購01,0,,,,
706550,鑫聯凱基61購01,9800,0.49,0.49,0.49,0.49
706553,台燿永豐64購01,0,,,,
706555,系微永豐5A購01,0,,,,
706557,聖暉*永豐5B購01,116920,0.77,0.82,0.71,0.82
706558,聚和永豐5B購01,0,,,,
706560,台燿國泰5A購03,0,,,,
706561,宜特國泰5A購01,0,,,,
706562,鑫聯國泰5A購02,0,,,,
706563,台燿富邦73購01,6840,3.51,3.51,3.33,3.33
706564,良維富邦5C購01,692850,0.53,0.65,0.52,0.65
706565,博智富邦61購01,891990,0.71,0.72,0.65,0.7
706566,順達富邦5C購01,437200,0.66,0.89,0.6,0.86
706567,精測富邦5B購01,93430,0.09,0.1,0.08,0.08
706569,中美晶群益5B購01,16720,4.18,4.18,4.18,4.18
706572,良維群益61購01,147490,1.47,1.57,1.47,1.57
706573,博智群益63購01,27560,2.47,2.6,2.47,2.6
706574,閎康群益5B購02,1450,1.45,1.45,1.45,1.45
706575,閎康群益5B購03,0,,,,
706576,順達群益5C購01,377490,1.16,1.58,1.05,1.54
706579,精測群益63購01,511530,0.44,0.44,0.41,0.42
706588,博智元大63購02,1797570,0.77,0.79,0.74,0.78
706590,萬泰科元大5C購02,107000,1.4,1.4,1.38,1.38
706594,精測元大5C購03,23440,0.11,0.12,0.11,0.11
706596,中美晶凱基5B購01,0,,,,
706601,系微凱基5A購01,0,,,,
706605,華電網凱基5B購01,0,,,,
706606,華電網凱基61購01,0,,,,
706607,閎康凱基5A購02,0,,,,
706608,順達凱基5A購01,0,,,,
706611,元太國票5A購03,0,,,,
706612,弘塑國票5C購01,2140,0.35,0.36,0.35,0.36
706613,弘塑國票63購01,0,,,,
706615,宏觀國票5A購02,0,,,,
706616,系微國票5A購02,0,,,,
706617,美琪瑪國票5A購01,3000,0.15,0.15,0.15,0.15
706618,神盾國票5A購01,0,,,,
706622,鈊象國票5A購02,0,,,,
706623,萬泰科國票5A購03,48890,1.38,1.38,1.19,1.19
706624,穩得國票5A購01,0,,,,
706625,譜瑞國票5A購01,600,0.12,0.12,0.12,0.12
706647,弘塑群益5B購02,0,,,,
706653,弘塑國泰5A購03,0,,,,
706654,弘塑國泰5A購04,2500,0.25,0.25,0.25,0.25
706655,系微國泰5A購01,0,,,,
706656,佶優國泰5A購01,0,,,,
706657,順達國泰5A購01,0,,,,
706658,中美晶富邦63購01,0,,,,
706659,弘塑富邦61購02,431760,0.47,0.49,0.46,0.47
706660,均豪富邦61購01,175710,0.42,0.43,0.42,0.42
706661,宏觀富邦5B購01,0,,,,
706662,沛亨富邦61購01,239700,0.75,0.75,0.68,0.68
706663,華電網富邦5C購01,0,,,,
706664,系微永豐5C購02,0,,,,
706666,華電網永豐5A購01,0,,,,
706667,閎康永豐5B購01,22690,0.34,0.34,0.32,0.32
706673,弘塑元富5C購02,27000,0.69,0.69,0.66,0.66
706674,華義元富5A購01,0,,,,
706676,台特化兆豐5B購02,0,,,,
706677,順達兆豐5B購02,0,,,,
706678,雙鴻兆豐5B購03,0,,,,
706683,家登國泰5A購01,3020,3.02,3.02,3.02,3.02
706684,閎康國泰5A購01,0,,,,
706685,元太富邦5B購01,0,,,,
706686,頎邦富邦5B購01,0,,,,
706687,台特化凱基63購01,34100,0.55,0.55,0.55,0.55
706691,美琪瑪凱基5A購01,4120,0.31,0.35,0.31,0.35
706693,家登凱基5C購02,97380,4.64,4.64,4.38,4.38
706695,立碁永豐5A購01,73340,2.32,2.32,2.17,2.28
706696,立碁永豐5B購01,2590,2.59,2.59,2.59,2.59
706698,穩得永豐61購01,40000,0.4,0.4,0.4,0.4
706703,鈊象中信5C購01,29800,0.31,0.31,0.3,0.3
706705,立碁國票5A購01,150300,2.78,2.92,1.98,2.33
706708,閎康國票61購01,14400,0.72,0.72,0.72,0.72
706710,良維統一62購02,886290,0.87,0.95,0.83,0.95
706711,宜特統一62購02,0,,,,
706712,信紘科統一63購02,215500,0.49,0.49,0.48,0.48
706713,前鼎統一63購01,0,,,,
706714,閎康統一63購01,2500,0.25,0.25,0.25,0.25
706715,萬泰科統一62購02,22200,1.11,1.11,1.11,1.11
706727,宜特元大5C購01,0,,,,
706732,閎康元大5A購01,0,,,,
706733,閎康元大63購03,72820,0.52,0.52,0.51,0.51
706743,前鼎凱基61購01,5150,5.15,5.15,5.15,5.15
706745,聖暉*凱基5A購01,0,,,,
706748,聚和凱基5A購02,0,,,,
706749,雙鴻凱基61購01,0,,,,
706751,聖暉*兆豐5B購02,0,,,,
706752,久元國票5A購01,0,,,,
706754,世紀*國票5A購02,50000,2.5,2.5,2.5,2.5
706755,矽科國票5A購01,0,,,,
706756,矽科國票5A購02,0,,,,
706759,捷創國票5A購01,0,,,,
706760,順達國票5B購01,1677680,0.45,0.66,0.38,0.62
706761,聖暉*國票5A購04,440,0.44,0.44,0.44,0.44
706782,印能國泰5A購02,0,,,,
706783,前鼎國泰5A購02,0,,,,
706784,聖暉*國泰5A購01,0,,,,
706785,聖暉*國泰5A購02,13920,0.87,0.87,0.87,0.87
706787,台特化群益5A購02,0,,,,
706789,前鼎群益5B購01,0,,,,
706790,順達群益5B購02,164940,0.73,0.97,0.71,0.97
706791,萬泰科群益5A購01,0,,,,
706793,元太富邦5B購02,61120,0.31,0.32,0.31,0.32
706794,宜特富邦5B購01,0,,,,
706795,前鼎富邦5B購01,0,,,,
706796,鈊象富邦5B購02,0,,,,
706797,頎邦富邦5C購01,0,,,,
706798,雙鴻富邦5B購01,0,,,,
706799,立碁統一63購01,973930,1.24,1.39,1.11,1.25
706800,立碁統一66購01,1114760,1.1,1.1,0.97,1.01
706801,順達統一63購02,154050,0.56,0.71,0.56,0.71
706802,順達統一66購01,0,,,,
706803,聖暉*統一65購01,99380,0.85,0.85,0.79,0.84
706804,雙鴻統一66購01,0,,,,
706807,矽科永豐5B購01,0,,,,
706808,聖暉*永豐5B購02,0,,,,
706809,頎邦永豐5A購01,0,,,,
706825,前鼎凱基5B購01,0,,,,
706826,順達凱基5B購02,42000,0.21,0.21,0.21,0.21
706829,元債20元大5B購02,0,,,,
706830,元債20元大62購01,0,,,,
706831,元債20元大65購01,0,,,,
706841,華電網元大5C購01,0,,,,
706843,鈊象元大5C購04,13520,0.52,0.52,0.52,0.52
706844,鈊象元大63購04,47800,0.38,0.38,0.36,0.36
706845,萬泰科元大63購01,102640,1.22,1.26,1.19,1.21
706849,台燿永豐5B購02,0,,,,
706850,東捷永豐5C購01,0,,,,
706851,前鼎永豐5B購02,0,,,,
706852,鈊象永豐5B購01,40550,0.33,0.33,0.32,0.33
706853,東捷國泰5A購02,0,,,,
706856,宜特元富5C購01,0,,,,
706857,匯鑽科元富5A購01,143220,0.09,0.1,0.07,0.1
706859,漢科元富5A購01,0,,,,
706860,廣運元富5C購01,0,,,,
706863,中美晶群益62購01,17900,3.58,3.58,3.58,3.58
706865,東捷群益62購01,0,,,,
706866,東捷群益63購02,0,,,,
706868,順達群益5A購02,0,,,,
706871,鈊象群益5B購01,23000,0.11,0.12,0.11,0.12
706872,聖暉*群益5C購01,0,,,,
706875,鑫科群益5B購01,0,,,,
706876,久元國票5A購02,0,,,,
706877,美琪瑪國票5A購02,0,,,,
706878,神盾國票62購01,0,,,,
706879,鈊象國票5A購03,0,,,,
706880,頎邦國票5A購03,0,,,,
706887,東捷元大5C購01,0,,,,
706892,鈊象元大63購05,175750,1.41,1.41,1.39,1.39
706894,頎邦元大63購05,0,,,,
706895,均豪國泰5B購01,0,,,,
706896,宏觀富邦5B購02,0,,,,
706898,元債20凱基5B購01,0,,,,
706900,鈊象凱基5B購01,0,,,,
706901,聖暉*凱基5B購03,3440,0.85,0.87,0.85,0.87
706903,台燿國票5B購02,78000,15.6,15.6,15.6,15.6
706905,宣德國票5B購01,0,,,,
706907,雙鴻國票5B購02,0,,,,
706910,元太元富63購01,205070,1.59,1.78,1.59,1.75
706914,鈊象中信63購01,60980,0.19,0.19,0.18,0.18
706915,中光電永豐5B購01,2790,0.09,0.09,0.09,0.09
706916,元太永豐5B購01,0,,,,
706919,雙鴻永豐5C購02,0,,,,
706921,協易機永豐5C購01,0,,,,
706922,宜特永豐5C購02,6460,0.38,0.38,0.38,0.38
706923,信音永豐5C購01,76560,0.33,0.35,0.32,0.32
706924,勤凱永豐61購01,18750,1.25,1.25,1.25,1.25
706925,匯鑽科永豐61購01,81030,0.45,0.46,0.43,0.43
706926,精星永豐5B購01,0,,,,
706927,廣閎科永豐5C購01,0,,,,
706928,台燿凱基5B購03,0,,,,
706934,千附國票5B購01,5560,1.3,1.48,1.3,1.48
706935,千附精國票5B購01,0,,,,
706936,盈正國票5B購01,4050,0.09,0.09,0.09,0.09
706938,廣閎科國票5B購01,0,,,,
706939,久元國泰5B購01,10000,0.5,0.5,0.5,0.5
706940,華電網國泰5B購01,0,,,,
706941,精材國泰5B購01,0,,,,
706942,久元富邦5C購01,0,,,,
706946,台燿元大64購01,0,,,,
706948,印能元大64購01,171400,1.94,2.02,1.94,2.0
706949,良維元大61購01,9420,3.14,3.14,3.14,3.14
706952,順達元大64購01,1320,0.66,0.66,0.66,0.66
706953,鈊象元大64購02,112920,0.74,0.74,0.72,0.72
706962,亞電群益5C購01,0,,,,
706963,匯鑽科群益5C購01,15220,0.38,0.38,0.34,0.34
706965,千附凱基5B購01,0,,,,
706966,千附精凱基5B購01,0,,,,
706968,印能凱基64購01,910240,1.41,1.49,1.41,1.45
706969,神盾凱基63購01,0,,,,
706970,鈊象凱基64購01,0,,,,
706973,宏碩國票5C購01,21250,0.1,0.12,0.09,0.12
706975,高僑國票61購01,31280,0.92,0.92,0.92,0.92
706976,新門國票61購01,162990,0.98,1.12,0.89,0.94
706977,耀勝國票61購01,180,0.02,0.02,0.02,0.02
706978,印能國泰5B購01,0,,,,
706979,穩得國泰5B購01,1000,0.5,0.5,0.5,0.5
706980,神盾統一64購01,226300,0.4,0.4,0.39,0.39
706981,神盾統一64購02,63080,0.38,0.38,0.38,0.38
706982,印能永豐64購01,115220,2.04,2.04,2.02,2.02
706983,宏觀永豐5C購01,0,,,,
706984,亞電永豐61購01,0,,,,
706985,原相永豐5B購02,0,,,,
706986,神盾永豐5C購02,22120,0.28,0.28,0.28,0.28
706987,創泓永豐5C購01,86000,1.0,1.0,0.92,0.92
706988,撼訊永豐5C購01,8250,1.65,1.65,1.65,1.65
706999,均豪群益62購01,0,,,,
707000,高僑群益5B購01,0,,,,
707003,群翊群益5B購01,0,,,,
707011,印能元大5B購01,40050,0.89,0.89,0.89,0.89
707012,印能元大5C購02,171240,0.68,0.73,0.67,0.73
707013,印能元大61購01,0,,,,
707014,印能元大64購02,284060,0.54,0.56,0.53,0.56
707017,宏捷科元大5C購03,198370,0.43,0.43,0.38,0.4
707025,雙鴻元大61購11,781080,3.75,3.88,3.68,3.68
707027,台燿凱基5B購04,0,,,,
707029,宏觀凱基5B購02,0,,,,
707037,廣閎科凱基5B購01,0,,,,
707039,久昌國票5B購01,0,,,,
707040,千如國票5B購01,0,,,,
707042,印能國票5B購01,39490,0.3,0.32,0.3,0.31
707043,沛亨國票5B購01,30550,0.47,0.47,0.47,0.47
707044,威聯通國票5B購01,4980,0.02,0.02,0.02,0.02
707045,茂綸國票5B購01,1250,1.25,1.25,1.25,1.25
707046,博盛國票5B購01,0,,,,
707047,衛司特國票5B購01,0,,,,
707048,雙鴻中信64購01,0,,,,
707051,印能永豐61購01,177570,0.98,1.01,0.98,1.0
707052,同致永豐5C購01,24900,0.08,0.09,0.08,0.09
707053,同致永豐61購01,0,,,,
707054,安葆永豐5B購01,44930,2.2,2.4,2.16,2.23
707055,宏碩永豐61購01,0,,,,
707056,宜特永豐5B購01,0,,,,
707058,晟德永豐5B購01,0,,,,
707060,智通*永豐5C購01,78400,1.01,1.01,0.97,0.97
707061,鈺太永豐5C購01,22000,0.11,0.11,0.11,0.11
707062,磐亞永豐5B購01,0,,,,
707063,台嘉碩國泰5B購01,16950,2.84,2.84,2.75,2.75
707064,金山電國泰5B購01,0,,,,
707065,群翊國泰5B購01,0,,,,
707066,元太富邦5C購01,436260,0.55,0.68,0.55,0.64
707067,雙鴻富邦5C購05,0,,,,
707068,雙鴻富邦5C購06,0,,,,
707069,台燿統一67購01,7460,3.73,3.73,3.73,3.73
707070,台燿統一74購01,269760,3.47,3.47,3.06,3.31
707071,立碁統一67購01,20400,1.36,1.36,1.36,1.36
707072,立碁統一74購01,130890,1.25,1.25,1.13,1.16
707073,印能統一63購02,55370,0.55,0.58,0.54,0.54
707074,印能統一74購01,1420,1.42,1.42,1.42,1.42
707075,沛亨統一74購01,174500,0.78,0.78,0.74,0.74
707076,系統電統一67購01,9450,0.63,0.63,0.63,0.63
707077,東捷統一63購01,0,,,,
707078,能率統一67購01,47050,0.56,0.57,0.56,0.57
707079,華電網統一64購01,0,,,,
707080,華電網統一74購01,0,,,,
707082,順達統一63購03,113270,0.46,0.66,0.45,0.62
707083,頎邦統一63購01,0,,,,
707084,頎邦統一64購01,0,,,,
707085,頎邦統一66購01,0,,,,
707086,廣閎科統一64購01,0,,,,
707087,廣閎科統一74購01,0,,,,
707088,德微統一67購01,0,,,,
707089,雙鴻統一62購05,0,,,,
707090,雙鴻統一66購02,0,,,,
707103,中光電兆豐64購01,47000,0.94,0.94,0.94,0.94
707106,矽科群益5A購01,0,,,,
707107,矽科群益5A購02,0,,,,
707108,群翊群益5C購01,0,,,,
707110,頎邦群益5B購01,0,,,,
707112,九豪凱基5A購02,0,,,,
707113,元太凱基5A購01,0,,,,
707115,矽科凱基5A購01,0,,,,
707116,茂綸凱基5A購01,0,,,,
707117,頎邦凱基64購01,0,,,,
707118,廣閎科凱基5A購01,0,,,,
707119,雙鴻凱基5C購05,0,,,,
707120,友輝國票5A購01,0,,,,
707121,正淩國票5B購02,0,,,,
707122,矽科國票5B購01,0,,,,
707123,耕興國票5B購01,0,,,,
707124,翔名國票5B購01,0,,,,
707125,群翊國票5B購01,0,,,,
707126,頎邦國票5B購01,142500,9.5,9.5,9.5,9.5
707127,磐亞國票5B購01,0,,,,
707128,元太國泰5B購01,66470,0.49,0.63,0.49,0.61
707129,宜特富邦5C購01,236380,0.46,0.47,0.46,0.47
707130,頎邦富邦61購01,0,,,,
707131,精材富邦5A購01,0,,,,
707132,聚和富邦5A購01,0,,,,
707133,正淩統一63購01,0,,,,
707134,同致統一64購01,3000,0.2,0.2,0.2,0.2
707135,同致統一74購01,0,,,,
707136,協易機統一66購01,0,,,,
707137,翔名統一74購01,9000,0.9,0.9,0.9,0.9
707138,陽程統一64購02,40000,4.0,4.0,4.0,4.0
707139,陽程統一74購01,0,,,,
707140,萬泰科統一74購01,264850,0.96,0.96,0.92,0.92
707141,群翊統一63購01,137840,0.58,0.6,0.56,0.6
707142,群翊統一74購01,3500,0.5,0.5,0.5,0.5
707143,頎邦統一64購02,0,,,,
707144,頎邦統一67購01,0,,,,
707146,均豪永豐5A購01,0,,,,
707147,宏捷科永豐5C購01,62100,0.55,0.55,0.52,0.55
707149,美琪瑪永豐5B購01,1320,0.33,0.33,0.33,0.33
707150,茂訊永豐5B購01,0,,,,
707151,茂綸永豐5A購01,0,,,,
707152,湧德永豐5B購01,300,0.15,0.15,0.15,0.15
707153,陽程永豐5C購01,0,,,,
707154,群翊永豐5A購01,0,,,,
707155,衛司特永豐5A購01,0,,,,
707156,璟德永豐5A購01,0,,,,
707157,環球晶永豐5A購01,0,,,,
707158,雙鴻永豐5C購03,0,,,,
707159,九豪元大5A購01,1380,0.69,0.69,0.69,0.69
707161,台燿元大61購04,0,,,,
707163,前鼎元大5A購02,0,,,,
707164,翔名元大5A購01,0,,,,
707166,頎邦元大5A購02,0,,,,
707167,雙鴻元大61購12,0,,,,
707168,鑫聯元大5A購01,0,,,,
707169,台燿凱基61購02,76000,7.6,7.6,7.6,7.6
707170,同致凱基5A購01,0,,,,
707171,捷創凱基5A購01,0,,,,
707172,翔名凱基5A購01,6240,0.26,0.26,0.26,0.26
707173,華景電凱基5A購01,0,,,,
707174,華景電凱基5A購02,0,,,,
707175,鈊象凱基64購02,124740,1.26,1.26,1.26,1.26
707176,群翊凱基5C購01,67360,0.42,0.49,0.42,0.49
707177,頎邦凱基5A購02,0,,,,
707178,世界群益5C購01,0,,,,
707179,台半群益5A購01,0,,,,
707180,台燿群益5A購03,0,,,,
707181,台燿群益5B購02,0,,,,
707182,捷創群益5B購01,700,0.35,0.35,0.35,0.35
707183,華景電群益5A購01,0,,,,
707184,陽程群益5A購01,0,,,,
707185,勤凱群益5B購01,32560,3.24,3.28,3.21,3.21
707186,元債20國票5B購01,0,,,,
707187,台燿國票5B購03,0,,,,
707188,安葆國票5B購01,950,0.95,0.95,0.95,0.95
707189,華景電國票5B購01,3000,0.1,0.1,0.1,0.1
707191,廣閎科國票5B購02,28800,2.88,2.88,2.88,2.88
707192,鈺太國泰5B購01,0,,,,
707193,雙鴻國泰67購01,0,,,,
707194,久元統一64購01,0,,,,
707195,湧德統一74購01,43860,0.43,0.43,0.43,0.43
707196,華景電統一64購01,422080,0.47,0.47,0.45,0.45
707197,華景電統一64購02,0,,,,
707198,華景電統一65購01,0,,,,
707199,華景電統一68購01,0,,,,
707200,華景電統一74購01,89100,0.54,0.54,0.54,0.54
707201,陽程統一65購01,0,,,,
707202,陽程統一68購01,0,,,,
707203,群翊統一64購01,10040,0.55,0.57,0.54,0.57
707204,群翊統一74購02,64050,0.67,0.69,0.67,0.69
707205,頎邦統一64購03,0,,,,
707206,大中元大5A購01,0,,,,
707208,台燿元大61購05,0,,,,
707209,台燿元大64購04,4220,4.22,4.22,4.22,4.22
707210,宏觀元大64購01,0,,,,
707211,系微元大5A購02,0,,,,
707213,良維元大5B購01,0,,,,
707214,東捷元大5A購01,0,,,,
707215,信紘科元大5A購01,6300,0.19,0.26,0.17,0.17
707216,華景電元大5A購01,0,,,,
707217,華景電元大5A購02,0,,,,
707218,順達元大5A購07,0,,,,
707219,順達元大5A購08,0,,,,
707220,群翊元大5A購01,0,,,,
707221,雙鴻元大64購02,716370,3.76,3.81,3.7,3.7
707222,世界永豐61購01,399940,2.6,2.72,2.6,2.6
707223,台半永豐5B購01,0,,,,
707224,台燿永豐5A購03,0,,,,
707225,台燿永豐61購02,75400,10.7,11.2,10.7,11.2
707226,矽科永豐5B購02,0,,,,
707227,華景電永豐5C購01,1420,0.71,0.71,0.71,0.71
707228,華景電永豐61購01,78800,0.47,0.5,0.47,0.49
707229,順達永豐5B購02,17480,0.21,0.36,0.21,0.36
707230,頎邦永豐5C購01,0,,,,
707231,順達兆豐5C購01,0,,,,
707232,安葆凱基5A購01,94080,1.58,1.8,1.58,1.78
707233,陽程凱基5A購03,0,,,,
707234,順達凱基5A購03,0,,,,
707235,新盛力凱基5A購01,0,,,,
707236,新盛力凱基5A購02,0,,,,
707237,頎邦凱基5B購01,0,,,,
707238,廣閎科凱基5A購02,0,,,,
707239,雙鴻凱基5A購06,0,,,,
707240,久元元大61購01,55900,0.34,0.35,0.34,0.35
707242,家登元大5A購02,157200,3.93,3.93,3.93,3.93
707243,湧德元大5A購02,0,,,,
707244,湧德元大5A購03,0,,,,
707245,順達元大64購02,6840,0.57,0.57,0.57,0.57
707246,鈊象元大61購01,0,,,,
707247,新盛力元大5A購01,80160,3.34,3.34,3.34,3.34
707248,萬泰科元大5A購01,1770,0.04,0.04,0.03,0.03
707249,台星科國票5B購01,2709010,0.49,0.75,0.49,0.64
707250,台燿國票5B購04,10900,10.9,10.9,10.9,10.9
707251,順達國票5B購02,1800,0.18,0.18,0.18,0.18
707252,新盛力國票5A購01,33440,4.18,4.18,4.18,4.18
707253,新盛力國票5B購01,0,,,,
707255,宏捷科國泰5B購01,23000,0.23,0.23,0.23,0.23
707256,宏捷科國泰5B購02,1300,0.13,0.13,0.13,0.13
707257,台特化永豐5C購01,0,,,,
707258,東捷永豐64購01,0,,,,
707259,凌陽創永豐5A購01,0,,,,
707260,勤凱永豐5C購03,53590,1.11,1.39,1.11,1.21
707261,新盛力永豐5B購01,0,,,,
707262,新盛力永豐5C購01,0,,,,
707263,萬泰科永豐64購01,124010,0.97,0.99,0.94,0.95
707264,台燿統一64購02,0,,,,
707265,宏捷科統一74購01,35040,0.41,0.41,0.4,0.41
707266,東捷統一64購02,9850,1.97,1.97,1.97,1.97
707267,東捷統一66購01,0,,,,
707268,華景電統一63購01,265950,0.34,0.34,0.32,0.33
707269,勤凱統一74購01,192530,1.06,1.12,0.97,1.04
707270,新盛力統一64購01,0,,,,
707271,新盛力統一68購01,0,,,,
707272,新盛力統一74購01,0,,,,
707273,新盛力統一74購02,36850,1.1,1.17,1.09,1.17
707274,群翊統一64購02,0,,,,
707275,鉅橡統一66購01,47000,0.47,0.47,0.47,0.47
707276,頎邦統一74購01,120800,1.49,1.5,1.49,1.5
707277,廣閎科統一74購02,14550,0.97,0.97,0.97,0.97
707278,德微統一64購01,104950,1.25,1.27,1.21,1.21
707279,久元凱基61購01,0,,,,
707280,中美晶凱基5A購02,0,,,,
707281,台星科凱基5A購01,2400,0.06,0.06,0.06,0.06
707282,台燿凱基5A購02,313800,9.6,9.6,9.5,9.6
707283,均豪凱基5B購01,0,,,,
707284,宏觀凱基64購01,1400,0.14,0.14,0.14,0.14
707285,旺矽凱基5A購04,1740,0.03,0.04,0.02,0.04
707286,順達凱基64購01,983410,0.78,1.02,0.75,1.02
707287,廣閎科凱基5A購03,0,,,,
707288,鑫聯凱基5B購01,0,,,,
707289,台燿兆豐5C購01,0,,,,
707290,均豪兆豐5C購01,0,,,,
707291,雙鴻兆豐5C購01,0,,,,
707292,台星科元大5A購01,0,,,,
707293,台星科元大5A購02,4450,0.89,0.89,0.89,0.89
707294,台燿元大5A購05,0,,,,
707295,台燿元大5A購06,19500,6.5,6.5,6.5,6.5
707296,台燿元大5A購07,0,,,,
707297,台燿元大5A購08,0,,,,
707298,台燿元大5A購09,477660,3.47,3.53,3.2,3.53
707299,台燿元大61購06,532950,2.7,3.27,2.51,3.0
707300,旺矽元大5A購02,5050,0.43,0.43,0.42,0.42
707301,旺矽元大61購01,81000,1.53,1.53,1.5,1.5
707302,信驊元大5B購01,137700,4.59,4.59,4.59,4.59
707303,華景電元大5A購03,0,,,,
707304,陽程元大63購01,0,,,,
707305,頎邦元大63購06,0,,,,
707306,台燿永豐5C購03,1999200,6.05,6.15,5.8,6.15
707307,台燿永豐64購02,329320,4.8,4.91,4.68,4.9
707308,台燿永豐67購01,801150,5.5,5.55,5.25,5.55
707309,巨漢永豐5C購01,0,,,,
707310,安葆永豐5C購01,125280,0.85,0.94,0.85,0.94
707311,均豪永豐5C購01,0,,,,
707312,良維永豐5C購01,220290,1.99,2.24,1.99,2.24
707313,旺矽永豐5A購03,3500,0.05,0.05,0.05,0.05
707314,旺矽永豐61購03,710910,1.24,1.47,1.24,1.39
707315,旺矽永豐64購02,686210,2.2,2.5,2.2,2.48
707316,長科*永豐5A購01,0,,,,
707317,信驊永豐5A購03,62970,2.44,2.44,2.08,2.08
707318,前鼎永豐61購01,51800,2.59,2.59,2.59,2.59
707319,翔名永豐5B購01,0,,,,
707320,翔名永豐5B購02,0,,,,
707321,鉅橡永豐5B購01,0,,,,
707322,廣閎科永豐5A購01,0,,,,
707323,均豪國泰61購01,39380,0.89,0.9,0.89,0.9
707324,精材國泰5B購02,0,,,,
707325,台燿富邦5A購02,0,,,,
707326,台燿富邦64購01,26760,2.23,2.23,2.23,2.23
707327,旺矽富邦5C購01,276960,0.75,0.86,0.74,0.82
707328,旺矽富邦64購01,2235780,1.05,1.14,1.0,1.09
707329,群翊富邦62購01,174930,0.54,0.55,0.53,0.55
707330,台燿國票5B購05,541050,7.0,7.0,6.7,6.95
707331,台燿統一63購01,81670,3.05,3.05,3.01,3.01
707332,台燿統一64購03,27600,1.84,1.84,1.84,1.84
707333,台燿統一64購04,174910,2.98,3.06,2.82,3.06
707334,台燿統一66購02,1404140,2.23,2.25,2.09,2.24
707335,台燿統一74購02,482900,1.84,2.2,1.79,1.93
707336,台燿統一74購03,1434370,1.23,1.25,1.14,1.25
707337,巨漢統一63購02,0,,,,
707338,巨漢統一74購01,0,,,,
707339,均豪統一64購01,108000,0.4,0.4,0.4,0.4
707340,旺矽統一63購06,340670,1.02,1.16,1.01,1.12
707341,旺矽統一64購01,30190,1.07,1.15,1.07,1.1
707342,東捷統一74購01,4600,0.92,0.92,0.92,0.92
707343,前鼎統一64購01,39820,2.01,2.01,1.91,1.91
707344,翔名統一74購02,0,,,,
707345,華景電統一74購02,160020,0.59,0.62,0.59,0.62
707346,順達統一64購01,116180,0.44,0.55,0.43,0.55
707347,勤凱統一74購02,164130,1.12,1.19,1.12,1.15
707348,新盛力統一63購01,0,,,,
707349,新盛力統一64購02,0,,,,
707350,新盛力統一74購03,18400,1.84,1.84,1.84,1.84
707351,鉅橡統一64購02,0,,,,
707352,頎邦統一74購02,110220,1.83,2.04,1.6,2.03
707353,頎邦統一74購03,22230,1.72,1.75,1.6,1.75
707354,廣閎科統一64購02,276150,1.36,1.36,1.32,1.32
707355,廣閎科統一67購01,0,,,,
707356,廣閎科統一74購03,118630,1.44,1.44,1.4,1.41
707357,勤凱台新5A購01,0,,,,
707358,頎邦台新5A購01,0,,,,
707359,元太凱基5A購02,0,,,,
707360,宏捷科凱基5A購01,0,,,,
707361,宜特凱基61購01,0,,,,
707362,信紘科凱基5A購01,0,,,,
707363,威聯通凱基5A購01,0,,,,
707364,頎邦凱基63購01,0,,,,
707365,精材凱基5A購02,0,,,,
707366,衛司特凱基5B購01,0,,,,
707367,璟德凱基5A購01,0,,,,
707368,鴻呈凱基5A購01,0,,,,
707369,鈊象中信5C購02,0,,,,
707370,立碁永豐5C購01,550990,2.2,2.2,1.77,1.86
707371,前鼎永豐61購02,45140,1.43,1.43,1.41,1.41
707372,群翊永豐5B購01,0,,,,
707373,聖暉*永豐5C購01,13230,1.47,1.47,1.47,1.47
707374,頎邦永豐61購01,232410,2.47,2.6,2.46,2.6
707375,環球晶永豐5C購01,0,,,,
707376,譜瑞永豐5C購01,0,,,,
707377,天品國票5A購01,0,,,,
707378,泓格國票5A購01,0,,,,
707379,前鼎國票5B購02,0,,,,
707380,群翊國票5B購02,0,,,,
707381,頎邦國票5B購04,6980,3.49,3.49,3.49,3.49
707382,廣閎科國票5B購03,148710,1.37,1.38,1.33,1.38
707383,衛司特國票5B購02,0,,,,
707384,中美晶群益5A購01,0,,,,
707385,立敦群益5A購01,0,,,,
707387,前鼎群益5A購01,0,,,,
707388,湧德群益5B購02,0,,,,
707389,順達群益5A購03,0,,,,
707390,群翊群益61購01,0,,,,
707392,頎邦群益5A購02,0,,,,
707393,頎邦群益5B購02,0,,,,
707394,廣閎科群益5B購01,0,,,,
707395,譜瑞群益5B購01,0,,,,
707396,千附精元大5A購01,0,,,,
707397,天品元大61購01,0,,,,
707398,東捷元大5A購02,15000,1.5,1.5,1.5,1.5
707399,勤凱元大5A購03,0,,,,
707400,群翊元大5A購02,2240,0.32,0.32,0.32,0.32
707401,頎邦元大5B購01,0,,,,
707402,頎邦元大5C購02,0,,,,
707403,廣閎科元大5A購02,0,,,,
707404,衛司特元大5A購01,0,,,,
707405,群翊國泰5B購02,8820,0.98,0.98,0.98,0.98
707406,久元統一64購02,6400,0.32,0.32,0.32,0.32
707407,巨漢統一74購02,71320,0.55,0.55,0.53,0.53
707408,安葆統一74購01,0,,,,
707409,均豪統一63購02,184750,0.45,0.45,0.42,0.42
707410,均豪統一74購01,0,,,,
707411,宜特統一74購01,209160,0.42,0.42,0.42,0.42
707412,東捷統一63購02,0,,,,
707413,東捷統一74購02,15860,1.22,1.22,1.22,1.22
707414,前鼎統一74購01,537770,1.13,1.13,1.09,1.11
707415,宣德統一74購01,0,,,,
707416,順達統一64購02,180310,0.41,0.5,0.41,0.5
707417,萬泰科統一74購02,0,,,,
707418,群翊統一74購03,53760,0.64,0.64,0.64,0.64
707419,鈺太統一74購01,0,,,,
707420,宏觀富邦5C購01,0,,,,
707421,頎邦富邦5C購02,3170,3.17,3.17,3.17,3.17
707422,頎邦富邦61購02,236220,2.26,2.63,2.26,2.63
707423,廣閎科富邦5B購01,13220,1.26,1.26,1.18,1.18
707424,環球晶兆豐5C購01,0,,,,
707425,譜瑞兆豐64購01,98010,0.74,0.77,0.74,0.77
707426,千附精永豐5B購01,6000,1.2,1.2,1.2,1.2
707427,大車隊永豐5B購01,0,,,,
707428,兆利永豐5A購01,0,,,,
707429,沛亨永豐61購01,0,,,,
707430,宜特永豐61購01,0,,,,
707431,朋億*永豐5B購01,0,,,,
707433,華景電永豐5B購01,0,,,,
707434,陽程永豐5B購01,450000,7.5,7.5,7.5,7.5
707435,萬泰科永豐5C購02,4000,0.8,0.8,0.8,0.8
707436,群翊永豐5C購01,0,,,,
707437,穩得永豐5C購01,0,,,,
707438,元太群益5A購01,0,,,,
707439,台星科群益61購01,179550,0.91,1.2,0.89,1.1
707440,立碁群益5A購01,40260,0.92,1.17,0.83,0.83
707441,宜特群益5C購01,0,,,,
707442,湧德群益61購02,0,,,,
707443,勤凱群益5B購02,1240,0.62,0.62,0.62,0.62
707444,新應材群益5A購02,0,,,,
707445,群翊群益64購01,1740,0.58,0.58,0.58,0.58
707447,巨漢國泰5B購01,0,,,,
707448,正淩國泰5B購01,0,,,,
707449,立碁國泰5B購01,65330,4.54,4.57,3.98,3.98
707450,陽程國泰5B購01,0,,,,
707451,順達國泰5B購01,0,,,,
707452,穩得國泰5B購02,0,,,,
707453,千附統一64購01,82080,0.75,0.8,0.75,0.8
707454,千附精統一74購01,549650,0.84,0.84,0.83,0.83
707455,台星科統一74購01,88620,0.92,0.94,0.92,0.94
707456,巨漢統一64購01,0,,,,
707457,巨漢統一67購01,0,,,,
707458,正淩統一74購01,0,,,,
707459,立敦統一74購01,0,,,,
707460,兆利統一64購02,3300,0.11,0.11,0.11,0.11
707461,金山電統一74購01,15800,1.58,1.58,1.58,1.58
707462,信昌電統一64購02,66400,8.3,8.3,8.3,8.3
707463,美琪瑪統一63購01,2330,0.58,0.6,0.57,0.6
707464,美琪瑪統一64購02,24080,0.43,0.43,0.43,0.43
707465,湧德統一64購01,6160,0.28,0.28,0.28,0.28
707466,湧德統一64購02,124600,0.23,0.24,0.23,0.24
707467,陽程統一66購01,0,,,,
707468,陽程統一74購02,0,,,,
707469,陽程統一74購03,0,,,,
707470,順達統一74購01,330520,0.52,0.59,0.49,0.59
707471,新應材統一67購01,0,,,,
707472,聖暉*統一63購01,128700,0.85,0.89,0.82,0.89
707473,鉅橡統一64購03,0,,,,
707474,蜜望實統一74購01,11160,0.93,0.93,0.93,0.93
707475,天品凱基61購01,45000,0.9,0.9,0.9,0.9
707476,台星科凱基5A購02,1060,0.39,0.67,0.39,0.67
707477,立敦凱基5A購02,0,,,,
707478,立碁凱基5A購01,0,,,,
707479,宜特凱基5A購01,0,,,,
707480,美琪瑪凱基5A購02,0,,,,
707481,湧德凱基5B購02,0,,,,
707482,順達凱基5C購01,56820,0.89,0.89,0.88,0.88
707483,勤凱凱基5A購01,2450,0.15,0.2,0.15,0.2
707484,萬泰科凱基5A購01,2100,0.03,0.03,0.03,0.03
707485,群翊凱基61購01,35000,0.35,0.35,0.35,0.35
707487,巨漢元大5A購01,0,,,,
707488,巨漢元大5A購02,0,,,,
707489,巨漢元大5A購03,0,,,,
707490,巨漢元大5A購04,0,,,,
707491,均豪元大5A購02,0,,,,
707492,均豪元大5C購01,1800,0.12,0.12,0.12,0.12
707493,宏觀元大61購01,20,0.02,0.02,0.02,0.02
707494,沛亨元大5A購01,3500,0.7,0.7,0.7,0.7
707495,沛亨元大5A購02,3800,0.38,0.38,0.38,0.38
707496,沛亨元大5A購03,0,,,,
707497,沛亨元大5A購04,0,,,,
707498,矽科元大5A購01,0,,,,
707499,矽科元大61購01,0,,,,
707500,美琪瑪元大5A購02,0,,,,
707503,華景電元大5A購04,500,0.05,0.05,0.05,0.05
707504,新應材元大5A購04,0,,,,
707505,新應材元大5A購05,0,,,,
707506,新應材元大5C購01,404820,0.39,0.39,0.35,0.36
707507,新應材元大61購04,0,,,,
707508,群翊元大5A購06,0,,,,
707509,巨漢國票5A購01,0,,,,
707510,巨漢國票5B購01,0,,,,
707511,沛亨國票5B購02,0,,,,
707512,東捷國票5A購02,59070,2.21,2.21,2.16,2.16
707513,矽科國票5B購03,0,,,,
707514,萬泰科國票5B購01,0,,,,
707515,榮田國票5A購01,1580,0.07,0.07,0.06,0.06
707516,久元富邦61購01,0,,,,
707517,宏捷科富邦5C購02,0,,,,
707518,宏捷科富邦61購01,0,,,,
707519,家登富邦5C購01,1890,1.89,1.89,1.89,1.89
707520,湧德富邦5C購01,3000,0.1,0.1,0.1,0.1
707521,新應材富邦61購02,450,0.15,0.15,0.15,0.15
707522,萬泰科富邦5B購01,389400,0.45,0.45,0.41,0.42
707523,雙鴻富邦5C購07,0,,,,
707524,雙鴻富邦5C購08,0,,,,
707525,譜瑞富邦5C購02,16000,0.53,0.54,0.53,0.54
707526,千附精凱基5A購01,0,,,,
707527,元太凱基61購01,70630,0.33,0.38,0.33,0.36
707528,均豪凱基5A購01,0,,,,
707529,宏觀凱基61購01,0,,,,
707530,宜特凱基5A購02,0,,,,
707531,前鼎凱基5B購02,126300,2.85,2.85,2.79,2.82
707533,華景電凱基5A購03,0,,,,
707534,陽程凱基63購01,0,,,,
707535,新應材凱基61購02,52900,0.26,0.26,0.24,0.24
707536,萬泰科凱基5B購01,0,,,,
707537,新應材兆豐5C購01,0,,,,
707538,弘塑國票5B購01,200,0.02,0.02,0.02,0.02
707539,宜特國票5B購02,0,,,,
707541,前鼎國票5B購03,54260,1.58,1.63,1.47,1.63
707542,陽程國票5A購01,0,,,,
707543,新應材國票5A購04,0,,,,
707544,弘塑永豐5B購03,0,,,,
707545,弘塑永豐5C購04,0,,,,
707546,弘塑永豐61購02,56650,0.21,0.23,0.21,0.23
707547,弘塑永豐64購01,20700,0.23,0.23,0.23,0.23
707548,新應材永豐5B購02,0,,,,
707549,新應材永豐5B購03,0,,,,
707550,新應材永豐64購01,7000,0.28,0.28,0.28,0.28
707551,精材永豐5C購01,0,,,,
707552,台星科台新5A購01,9780,0.25,0.34,0.23,0.3
707553,弘塑台新5A購01,0,,,,
707554,弘塑台新5A購02,0,,,,
707555,安葆台新5A購01,0,,,,
707556,前鼎台新5A購01,0,,,,
707557,威聯通台新5A購01,750,0.03,0.03,0.03,0.03
707558,新應材台新5A購01,0,,,,
707559,新應材台新5A購02,0,,,,
707560,群翊台新5A購01,0,,,,
707561,群翊台新5A購02,0,,,,
707562,力致群益5B購01,0,,,,
707563,千附精群益5A購01,0,,,,
707564,弘塑群益5A購04,0,,,,
707565,弘塑群益5C購01,17010,0.09,0.09,0.09,0.09
707566,萬泰科群益5A購02,0,,,,
707567,鑫聯群益5C購01,0,,,,
707568,弘塑國泰61購01,90880,0.37,0.38,0.35,0.38
707569,弘塑國泰61購02,47800,0.25,0.27,0.23,0.26
707570,環球晶國泰5B購01,0,,,,
707571,環球晶國泰5B購02,0,,,,
707572,弘塑富邦5C購02,0,,,,
707573,弘塑富邦64購01,0,,,,
707574,前鼎富邦5C購01,0,,,,
707575,力致統一74購01,8400,0.42,0.42,0.42,0.42
707576,中美晶統一64購01,57480,2.04,2.14,1.96,1.96
707577,元太統一64購01,567310,0.44,0.5,0.43,0.49
707578,元太統一74購01,192060,0.83,0.87,0.83,0.86
707579,弘塑統一62購02,0,,,,
707580,弘塑統一64購01,45290,0.19,0.2,0.19,0.2
707581,弘塑統一64購02,8000,0.16,0.16,0.16,0.16
707582,弘塑統一64購03,0,,,,
707583,立敦統一64購01,0,,,,
707584,兆利統一74購01,290,0.29,0.29,0.29,0.29
707585,宜特統一63購01,0,,,,
707586,宜特統一64購01,0,,,,
707587,金山電統一63購01,58400,2.35,2.35,2.31,2.34
707588,金山電統一64購02,0,,,,
707589,前鼎統一63購02,0,,,,
707590,美琪瑪統一74購01,0,,,,
707592,陽程統一64購03,117000,3.9,3.9,3.9,3.9
707593,意德士統一62購01,129360,0.72,0.72,0.59,0.59
707594,意德士統一64購01,0,,,,
707595,意德士統一74購01,0,,,,
707596,臺慶科統一64購01,558600,1.0,1.03,0.96,1.03
707597,蜜望實統一63購02,0,,,,
707598,蜜望實統一64購01,0,,,,
707599,蜜望實統一74購02,14850,1.06,1.07,1.06,1.06
707600,環球晶統一63購03,0,,,,
707601,弘塑元大5A購02,0,,,,
707602,弘塑元大61購01,0,,,,
707603,立碁元大5C購01,5750,1.15,1.15,1.15,1.15
707604,宜特元大5A購02,0,,,,
707605,宜特元大5C購02,0,,,,
707606,前鼎元大5A購03,0,,,,
707608,前鼎元大5C購02,0,,,,
707609,前鼎元大61購01,3906830,1.79,1.79,1.62,1.74
707610,勤凱元大5A購04,260,0.13,0.13,0.13,0.13
707611,勤凱元大5A購05,0,,,,
707612,勤凱元大5A購06,0,,,,
707613,雙鴻元大5A購07,0,,,,
707614,雙鴻元大61購13,1832510,1.67,1.73,1.67,1.67
707615,穩得元大5A購02,0,,,,
707616,鑫聯元大5A購02,0,,,,
707617,九豪永豐5C購01,4160,0.65,0.71,0.65,0.71
707618,天品永豐5B購01,5800,0.58,0.58,0.58,0.58
707619,立敦永豐5A購01,0,,,,
707620,宜特永豐5B購02,0,,,,
707621,美琪瑪永豐5C購01,0,,,,
707622,鈊象永豐5C購01,46480,0.64,0.64,0.62,0.62
707623,精材永豐61購01,0,,,,
707624,蜜望實永豐5C購01,25050,1.67,1.67,1.67,1.67
707625,環球晶永豐5C購02,0,,,,
707626,九豪凱基5A購03,0,,,,
707627,力致凱基5B購01,0,,,,
707628,宏捷科凱基5B購01,0,,,,
707629,長科*凱基5A購01,0,,,,
707631,群翊凱基5A購01,0,,,,
707632,精材凱基5A購03,528000,26.4,26.4,26.4,26.4
707633,蜜望實凱基5A購01,0,,,,
707634,環球晶凱基5B購01,0,,,,
707635,穩得凱基5A購01,0,,,,
707636,九豪台新5A購01,0,,,,
707637,九豪台新5A購02,0,,,,
707638,九豪台新5A購03,2400,0.12,0.12,0.12,0.12
707639,中美晶台新5A購01,0,,,,
707640,中美晶台新5B購01,0,,,,
707641,宜特台新5B購01,0,,,,
707642,宜特台新61購01,0,,,,
707643,茂迪台新5A購01,0,,,,
707644,博磊台新5A購01,0,,,,
707645,博磊台新5A購02,0,,,,
707646,博磊台新5A購03,0,,,,
707647,環球晶台新5A購01,0,,,,
707648,環球晶台新5A購02,0,,,,
707649,譜瑞台新5A購01,0,,,,
707650,聖暉*兆豐5C購01,33700,0.8,0.9,0.8,0.9
707651,九豪元大5A購02,0,,,,
707652,九豪元大5A購03,0,,,,
707653,力致元大5A購01,0,,,,
707654,安葆元大5A購01,24050,0.34,0.53,0.34,0.47
707655,系統電元大5A購02,10500,0.7,0.7,0.7,0.7
707656,宜特元大5A購03,0,,,,
707657,宜特元大5B購01,0,,,,
707658,宜特元大5C購03,0,,,,
707659,宜特元大61購01,10450,0.29,0.3,0.29,0.3
707660,宜特元大63購02,5760,0.24,0.24,0.24,0.24
707661,朋億*元大5A購01,0,,,,
707664,博磊元大5A購02,300,0.05,0.05,0.05,0.05
707665,意德士元大5A購01,0,,,,
707666,新盛力元大5A購02,40620,3.36,3.51,3.36,3.51
707667,鉅橡元大5A購01,0,,,,
707668,蜜望實元大5A購01,0,,,,
707669,蜜望實元大5A購02,0,,,,
707670,九豪群益5A購03,0,,,,
707671,元太群益5A購02,0,,,,
707672,美琪瑪群益5A購02,0,,,,
707673,蜜望實群益5A購01,0,,,,
707674,優群群益5A購01,0,,,,
707676,加高國票5B購01,67400,0.46,0.49,0.45,0.45
707677,艾訊國票5B購01,2200,1.07,1.13,1.07,1.13
707678,均豪國票5A購02,0,,,,
707679,宜特國票5B購03,0,,,,
707680,博磊國票5B購01,93720,0.26,0.26,0.24,0.25
707681,漢達國票5B購01,47040,2.94,2.94,2.94,2.94
707682,蜜望實國票5A購02,0,,,,
707683,九豪富邦5C購01,602350,0.51,0.59,0.5,0.53
707684,宜特富邦61購01,0,,,,
707685,九豪統一64購01,0,,,,
707686,九豪統一64購02,465520,0.51,0.56,0.5,0.54
707687,九豪統一74購01,19730,0.74,0.74,0.73,0.73
707688,千附統一74購01,11660,1.06,1.06,1.06,1.06
707689,千附精統一74購02,0,,,,
707690,台星科統一74購02,164420,0.54,0.58,0.54,0.57
707691,兆利統一74購02,0,,,,
707692,兆利統一74購03,0,,,,
707693,宏觀統一74購01,0,,,,
707694,系統電統一64購02,183940,0.61,0.61,0.58,0.58
707695,宜特統一64購02,0,,,,
707696,宜特統一65購02,0,,,,
707697,宜特統一74購02,0,,,,
707698,茂迪統一67購02,0,,,,
707699,意德士統一65購01,0,,,,
707700,意德士統一74購02,995990,1.38,1.38,1.27,1.27
707701,萬泰科統一74購03,870,0.87,0.87,0.87,0.87
707702,臺慶科統一66購01,485540,0.87,0.9,0.85,0.9
707703,優群統一66購01,0,,,,
707704,環球晶統一64購03,96510,3.49,3.63,3.49,3.62
707705,環球晶統一74購01,393930,2.61,2.81,2.6,2.66
707706,力致台新5A購01,0,,,,
707707,力致台新5A購02,0,,,,
707708,久元台新5A購01,0,,,,
707709,美琪瑪台新5A購01,89840,0.08,0.08,0.08,0.08
707710,千附精國票5B購02,0,,,,
707711,千附精國票5B購03,53750,0.47,0.47,0.45,0.45
707712,方土昶國票5B購01,0,,,,
707713,立碁國票5B購01,136760,1.9,1.9,1.63,1.63
707714,邑昇國票5B購01,1100,0.08,0.08,0.07,0.07
707715,欣銓國票5B購02,0,,,,
707716,信紘科國票5A購01,0,,,,
707717,信紘科國票5B購01,2000,0.1,0.1,0.1,0.1
707718,家登國票5A購01,110110,1.8,1.81,1.8,1.81
707719,能率亞國票5B購01,3900,0.98,0.98,0.97,0.97
707720,華容國票5B購01,0,,,,
707721,群聯國票5B購01,260640,1.11,1.11,1.05,1.06
707722,蜜望實國票5B購01,346240,1.12,1.12,1.11,1.11
707724,千附精元大5A購02,0,,,,
707725,千附精元大5A購03,0,,,,
707726,千附精元大5A購04,0,,,,
707727,千附精元大5A購05,0,,,,
707728,千附精元大5A購06,0,,,,
707729,欣銓元大5A購02,0,,,,
707730,欣銓元大63購03,72980,2.36,2.38,2.35,2.38
707731,美琪瑪元大5A購03,0,,,,
707732,華容元大5A購01,0,,,,
707733,群翊元大5A購07,0,,,,
707734,群聯元大5A購01,33380,0.53,0.54,0.53,0.53
707735,群聯元大5A購02,104650,0.33,0.36,0.31,0.32
707736,鈺太元大61購01,0,,,,
707738,蜜望實元大5A購04,0,,,,
707739,蜜望實元大5A購05,0,,,,
707740,千附精凱基5A購02,0,,,,
707741,方土昶凱基5A購01,0,,,,
707742,欣銓凱基5A購01,0,,,,
707743,欣銓凱基5A購02,0,,,,
707744,信紘科凱基5A購02,0,,,,
707746,萬泰科凱基5A購02,17250,10.5,10.5,6.75,6.75
707747,群聯凱基5A購01,2550,0.37,0.7,0.37,0.7
707748,群聯凱基5A購02,0,,,,
707749,蜜望實凱基5A購02,0,,,,
707750,千附精永豐5C購01,0,,,,
707751,方土昶永豐5A購01,730,0.73,0.73,0.73,0.73
707752,世禾永豐5B購01,0,,,,
707753,立碁永豐61購01,1507690,0.97,1.0,0.81,0.83
707754,欣銓永豐5A購01,0,,,,
707755,欣銓永豐5C購01,393930,1.47,1.5,1.47,1.47
707756,新盛力永豐5A購01,0,,,,
707757,群聯永豐61購01,423010,0.73,0.74,0.71,0.71
707758,群聯永豐64購01,324810,0.95,0.96,0.92,0.92
707759,蜜望實永豐61購01,0,,,,
707760,信昌電國泰5B購01,0,,,,
707761,信紘科國泰5B購01,0,,,,
707762,群翊國泰5C購01,10440,0.58,0.58,0.58,0.58
707763,群聯群益5B購01,2053130,1.56,1.58,1.5,1.5
707764,群聯群益61購01,293270,1.51,1.51,1.47,1.47
707765,群聯群益64購01,536710,1.91,1.94,1.89,1.89
707766,蜜望實國泰5B購01,0,,,,
707767,精材兆豐5C購01,0,,,,
707768,力旺永豐5A購01,0,,,,
707769,力旺永豐5B購01,0,,,,
707770,力旺永豐5C購01,6000,0.1,0.1,0.1,0.1
707771,台半永豐5C購01,154880,2.18,2.18,1.99,2.0
707772,巨有永豐5C購01,0,,,,
707773,立端永豐5A購01,0,,,,
707774,宏捷科永豐5C購02,0,,,,
707775,亞通永豐5A購01,0,,,,
707776,旺矽永豐5B購02,835420,0.4,0.5,0.4,0.46
707777,信昌電永豐5C購01,0,,,,
707778,信驊永豐5B購04,56420,2.6,2.73,2.6,2.73
707779,華景電永豐5C購02,0,,,,
707780,精測永豐61購02,31960,0.17,0.17,0.17,0.17
707781,臺慶科永豐5B購01,86140,0.79,0.89,0.79,0.86
707782,聰泰永豐5A購01,0,,,,
707783,力旺凱基5A購03,0,,,,
707784,力旺凱基5A購04,0,,,,
707785,力旺凱基5B購02,180,0.09,0.09,0.09,0.09
707786,力旺凱基5C購01,32000,0.12,0.15,0.12,0.15
707787,力旺凱基61購01,330,0.33,0.33,0.33,0.33
707788,立碁凱基5B購01,199250,1.1,1.1,0.54,0.66
707789,宏捷科凱基5A購02,0,,,,
707790,旺矽凱基5A購05,0,,,,
707791,旺矽凱基5B購02,1253160,0.32,0.39,0.3,0.36
707792,旺矽凱基5C購02,215180,0.58,0.58,0.48,0.48
707793,信昌電凱基5A購02,0,,,,
707794,信昌電凱基5A購03,0,,,,
707795,信驊凱基5A購04,0,,,,
707796,信驊凱基5B購03,100780,3.75,4.08,3.55,3.55
707797,信驊凱基5C購02,407400,3.46,3.75,3.3,3.3
707798,信驊凱基61購04,833410,3.29,3.52,3.15,3.17
707799,家登凱基5A購01,564080,1.75,2.0,1.51,1.57
707800,華景電凱基5A購04,0,,,,
707801,群翊凱基5A購02,0,,,,
707802,精測凱基5A購01,0,,,,
707803,精測凱基5A購02,0,,,,
707804,精測凱基5A購03,0,,,,
707805,力領台新5A購01,0,,,,
707806,世界台新5A購01,0,,,,
707807,宏捷科台新5A購01,0,,,,
707808,宏捷科台新5A購02,0,,,,
707809,宏捷科台新61購01,57730,0.38,0.4,0.37,0.4
707810,旺矽台新5A購01,0,,,,
707811,旺矽台新5A購02,0,,,,
707812,信驊台新5A購01,0,,,,
707813,信驊台新5A購02,0,,,,
707814,群翊台新5A購03,0,,,,
707815,璟德台新5A購01,0,,,,
707816,力旺元大5A購04,0,,,,
707817,力旺元大5A購05,0,,,,
707818,力旺元大5B購01,0,,,,
707819,均豪元大5A購03,0,,,,
707820,旺矽元大5A購04,66570,0.25,0.3,0.25,0.26
707821,旺矽元大5B購02,0,,,,
707822,旺矽元大61購02,125090,0.78,0.9,0.5,0.89
707823,長科*元大5A購01,680,0.68,0.68,0.68,0.68
707824,信昌電元大5A購03,0,,,,
707825,信昌電元大5A購04,0,,,,
707827,信昌電元大5A購06,0,,,,
707828,信驊元大5A購02,75550,2.01,2.27,1.74,1.84
707829,信驊元大63購01,1051110,4.72,5.05,4.47,4.6
707830,美琪瑪元大5A購04,0,,,,
707831,華景電元大5A購05,0,,,,
707832,新盛力元大61購01,0,,,,
707833,群翊元大61購01,149700,0.3,0.3,0.3,0.3
707834,精測元大5B購02,188880,0.28,0.29,0.28,0.28
707835,精測元大63購04,227270,0.28,0.29,0.27,0.27
707836,穩得元大5A購03,0,,,,
707837,中光電國泰5B購01,0,,,,
707838,立碁國泰5B購02,275890,3.0,3.0,2.29,2.29
707839,旺矽國泰5B購01,315570,0.67,0.81,0.67,0.79
707840,旺矽國泰5B購02,84540,0.47,0.54,0.46,0.5
707841,信昌電國泰5B購02,0,,,,
707842,新盛力國泰5B購01,0,,,,
707843,旺矽統一64購02,142460,0.96,0.97,0.93,0.94
707844,群聯統一64購01,789160,0.92,0.92,0.9,0.91
707845,精測統一64購03,28680,0.27,0.27,0.26,0.26
707846,力旺富邦5C購01,241470,0.2,0.2,0.14,0.15
707847,良維富邦62購01,1522230,0.78,0.88,0.76,0.88
707848,旺矽富邦64購02,2137990,0.76,0.83,0.71,0.8
707849,欣銓富邦5A購01,17600,0.88,0.88,0.88,0.88
707850,欣銓富邦64購01,1377850,0.9,0.97,0.9,0.95
707851,信紘科富邦62購01,0,,,,
707852,信驊富邦61購01,798200,3.55,3.61,3.31,3.39
707853,華電網富邦62購01,0,,,,
707854,順達富邦62購01,590410,0.49,0.66,0.47,0.63
707855,新盛力富邦5C購01,0,,,,
707856,新盛力富邦61購01,0,,,,
707857,群翊富邦5B購01,0,,,,
707858,群聯富邦5C購01,66140,0.84,0.86,0.81,0.85
707859,群聯富邦61購01,1039980,1.03,1.04,0.99,1.0
707860,精測富邦61購01,2900,0.14,0.15,0.14,0.15
707861,M31凱基5A購02,0,,,,
707862,M31凱基5A購03,0,,,,
707863,宏觀凱基61購02,0,,,,
707864,良維凱基5B購03,582000,0.2,0.26,0.2,0.26
707865,家登凱基5A購02,0,,,,
707866,華景電凱基5C購01,0,,,,
707867,新盛力凱基5A購03,0,,,,
707868,聖暉*凱基5A購02,60,0.03,0.03,0.03,0.03
707869,鏵友益凱基5A購01,0,,,,
707870,環球晶兆豐5C購02,0,,,,
707871,M31元大5A購01,0,,,,
707872,M31元大5A購02,0,,,,
707873,M31元大61購01,203010,0.3,0.31,0.29,0.3
707874,M31元大63購01,533780,0.36,0.36,0.34,0.35
707875,久元元大5A購02,0,,,,
707876,千附元大5A購01,0,,,,
707877,加高元大5A購01,0,,,,
707878,台嘉碩元大5A購02,0,,,,
707879,立敦元大5A購01,0,,,,
707881,立碁元大63購01,2827330,2.05,2.05,1.71,1.78
707882,宏觀元大5C購01,0,,,,
707883,欣銓元大5A購03,1070,1.07,1.07,1.07,1.07
707884,家登元大61購01,16800,2.4,2.4,2.4,2.4
707885,華電網元大5A購02,0,,,,
707886,鈺太元大5A購01,0,,,,
707887,鏵友益元大5A購01,0,,,,
707888,元債20群益5A購01,0,,,,
707889,世界群益5A購02,0,,,,
707890,宏觀群益5A購01,0,,,,
707891,欣銓群益5A購01,0,,,,
707892,翔名群益5A購01,0,,,,
707893,環球晶群益5A購04,0,,,,
707894,M31富邦5C購01,270,0.27,0.27,0.27,0.27
707895,元太富邦61購01,195030,0.49,0.54,0.49,0.54
707896,台星科富邦61購01,2778320,0.5,0.66,0.49,0.58
707897,均豪富邦62購01,0,,,,
707898,宏捷科富邦5C購03,5800,0.2,0.2,0.2,0.2
707899,宏捷科富邦61購02,50,0.05,0.05,0.05,0.05
707900,華景電富邦61購01,29900,0.1,0.1,0.1,0.1
707901,鈊象富邦61購01,37800,0.42,0.42,0.42,0.42
707902,萬泰科富邦62購01,19420,0.87,0.87,0.75,0.75
707903,欣銓群益5A購02,0,,,,
707904,新盛力群益5A購01,2350,2.35,2.35,2.35,2.35
707906,久元元大5A購03,0,,,,
707907,方土昶元大5A購01,0,,,,
707908,世界元大5A購03,0,,,,
707909,尼克森元大5A購01,0,,,,
707910,立碁元大5A購03,0,,,,
707911,兆利元大5A購01,0,,,,
707912,均華元大5A購01,1020,0.01,0.02,0.01,0.01
707913,均華元大5A購02,0,,,,
707914,均豪元大5A購04,2300,0.23,0.23,0.23,0.23
707915,沛亨元大5A購05,0,,,,
707916,邑昇元大5A購01,0,,,,
707917,信紘科元大5A購02,480,0.16,0.16,0.16,0.16
707918,家登元大5A購03,170,0.17,0.17,0.17,0.17
707919,家登元大5A購04,0,,,,
707920,華景電元大5A購06,0,,,,
707921,華景電元大63購01,42000,0.14,0.14,0.14,0.14
707922,新盛力元大5A購03,0,,,,
707923,德微元大5A購01,0,,,,
707924,久元凱基5A購01,0,,,,
707925,合晶凱基5A購01,0,,,,
707926,均華凱基5A購01,0,,,,
707927,系微凱基5A購03,0,,,,
707928,欣銓凱基63購01,286850,1.05,1.14,1.05,1.09
707929,家登凱基5A購03,28500,0.28,0.29,0.28,0.29
707930,鈺太凱基61購01,0,,,,
707931,環球晶凱基5A購01,0,,,,
707932,世禾富邦5C購02,0,,,,
707933,均華富邦61購01,217520,0.18,0.18,0.16,0.16
707934,沛亨富邦5B購01,0,,,,
707935,欣銓富邦5B購01,197370,0.36,0.38,0.36,0.36
707936,中美晶兆豐64購01,0,,,,
707937,順達兆豐5C購02,22990,0.22,0.29,0.22,0.29
707938,世界群益5A購03,0,,,,
707939,合晶群益5B購01,0,,,,
707940,良維群益5A購01,0,,,,
707941,原相群益5A購01,0,,,,
707942,創惟群益5B購01,0,,,,
707943,富喬群益5A購03,0,,,,
707944,富喬群益5A購04,0,,,,
707945,聖暉*群益5B購01,27260,0.33,0.38,0.33,0.38
707946,德微群益5A購01,0,,,,
707947,雙鴻群益5B購06,927650,0.98,1.06,0.96,0.96
707948,久元凱基5A購02,0,,,,
707949,千附凱基5A購01,0,,,,
707950,世界凱基5A購02,24400,1.22,1.22,1.22,1.22
707951,兆利凱基5A購01,0,,,,
707952,艾訊凱基5B購01,28740,1.31,1.31,1.27,1.31
707953,均豪凱基5A購02,0,,,,
707954,沛亨凱基5A購02,180,0.01,0.01,0.01,0.01
707955,家登凱基5A購04,0,,,,
707956,勤凱凱基5A購02,60000,1.2,1.2,1.2,1.2
707957,新盛力凱基5B購01,23300,2.33,2.33,2.33,2.33
707958,鉅橡凱基5A購03,0,,,,
707959,雙鴻凱基5A購07,0,,,,
707960,雙鴻凱基61購02,377110,1.21,1.28,1.21,1.22
707961,中美晶富邦5A購01,0,,,,
707962,長科*富邦62購01,692140,1.1,1.1,1.01,1.05
707963,家登富邦61購01,1373220,0.72,0.74,0.62,0.62
707964,富喬富邦61購01,840660,0.46,0.49,0.44,0.44
707965,聖暉*富邦5C購01,43750,0.62,0.63,0.62,0.63
707966,鉅橡富邦5B購01,0,,,,
707967,鈺太富邦5A購01,0,,,,
707968,優群富邦61購01,0,,,,
707969,環球晶富邦5B購01,0,,,,
707970,雙鴻富邦5C購09,31000,1.04,1.04,1.03,1.03
707971,巨有元大5A購01,0,,,,
707972,富喬元大5C購02,995480,0.45,0.49,0.41,0.42
707973,華義元大5A購01,0,,,,
707974,環球晶元大5A購01,19740,3.29,3.29,3.29,3.29
707975,雙鴻兆豐5C購02,0,,,,
707976,世界兆豐5C購01,0,,,,
707977,富喬國票5A購02,65780,0.22,0.22,0.22,0.22
707978,富喬國票5B購02,19200,0.44,0.44,0.42,0.42
707979,華義國票5B購01,0,,,,
707980,華義國票5B購02,0,,,,
707981,新盛力國票5A購02,166960,1.06,1.12,1.06,1.12
707982,雙鴻凱基5A購08,600,0.6,0.6,0.6,0.6
707983,良維凱基5A購04,0,,,,
707984,聖暉*凱基5C購01,29040,0.81,0.89,0.81,0.89
707985,德微凱基5A購02,12900,1.29,1.29,1.29,1.29
707986,環球晶凱基5A購02,0,,,,
707987,雙鴻凱基5C購06,0,,,,
707988,譜瑞群益5A購01,0,,,,
707989,系統電國泰5B購01,110350,0.81,0.81,0.79,0.79
707990,新盛力國泰5B購02,0,,,,
707991,群聯國泰5B購01,0,,,,
707992,群聯國泰5B購02,72800,1.04,1.04,1.04,1.04
707993,立碁元大5A購04,159210,0.87,0.87,0.87,0.87
707994,系微元大5C購01,700,0.07,0.07,0.07,0.07
707995,德微元大5A購02,0,,,,
707996,立碁永豐5B購02,484380,1.23,1.23,1.04,1.04
707997,新盛力永豐61購01,602640,1.45,1.76,1.45,1.73
707998,群聯永豐5C購01,244980,0.84,0.85,0.82,0.82
707999,聖暉*永豐5C購02,0,,,,
708000,德微永豐5B購01,19180,1.37,1.37,1.37,1.37
708001,雙鴻永豐5C購04,37840,1.72,1.72,1.72,1.72
708002,雙鴻永豐61購03,0,,,,
708003,立碁國票5B購02,217660,1.5,1.51,1.31,1.31
708004,兆利國票5B購01,0,,,,
708005,系微國票5B購01,2800,0.04,0.04,0.04,0.04
708006,良維國票5B購01,0,,,,
708007,凌陽創國票5B購01,0,,,,
708008,群聯國票5B購03,792280,0.7,0.71,0.68,0.69
708009,聖暉*國票5B購01,0,,,,
708011,矽科台新5A購01,0,,,,
708012,捷創台新5A購01,500,0.5,0.5,0.5,0.5
708013,富強鑫台新5A購01,0,,,,
708014,崴寶台新5A購01,0,,,,
708015,群聯台新5A購01,0,,,,
708016,群聯台新5A購02,44120,1.53,1.53,1.48,1.48
708017,群聯台新5A購03,150620,0.57,0.57,0.56,0.56
708018,穩得台新5A購01,0,,,,
708019,良維凱基5B購04,0,,,,
708020,東捷凱基5A購03,0,,,,
708021,群聯凱基5B購01,35990,0.91,0.92,0.89,0.89
708022,精材凱基5C購01,0,,,,
708023,譜瑞凱基5A購01,0,,,,
708024,三聯國票5A購01,2400,0.06,0.06,0.06,0.06
708025,大綜國票5A購01,203840,1.52,1.88,1.33,1.88
708026,太景*國票5B購01,0,,,,
708027,良維國票5B購02,0,,,,
708028,朋程國票5A購01,60830,0.26,0.27,0.26,0.27
708029,崴寶國票5B購01,0,,,,
708030,群翊國票5B購03,0,,,,
708031,群聯國票5B購04,10200,1.02,1.02,1.02,1.02
708032,環球晶國票5A購02,0,,,,
708033,譜瑞國票5B購01,39920,0.08,0.08,0.08,0.08
708034,久元永豐5C購01,0,,,,
708035,良維永豐5C購02,0,,,,
708036,精材永豐5C購02,0,,,,
708037,雙鴻永豐5B購03,121240,0.78,0.78,0.75,0.75
708038,雙鴻永豐63購02,520470,1.28,1.32,1.25,1.31
708039,力致國泰5C購01,0,,,,
708040,良維元大5A購04,0,,,,
708041,良維元大63購01,0,,,,
708042,新盛力元大5A購04,54650,1.25,1.25,1.2,1.25
708043,良維富邦61購01,36770,0.22,0.26,0.22,0.26
708044,新盛力富邦61購02,45180,1.23,1.27,1.23,1.25
708045,兆利群益5A購01,0,,,,
708046,系統電群益5B購01,35000,0.7,0.7,0.7,0.7
708047,良維群益5B購03,0,,,,
708048,臺慶科群益5A購01,0,,,,
708049,雙鴻群益5A購07,0,,,,
708050,中美晶台新5B購02,0,,,,
708051,兆利台新5A購01,0,,,,
708052,兆利台新5A購02,0,,,,
708053,環球晶台新5A購03,0,,,,
708054,環球晶台新5A購04,11400,5.7,5.7,5.7,5.7
708055,群聯元大5A購03,36500,0.25,0.25,0.24,0.24
708056,環球晶元大5A購02,0,,,,
708057,環球晶元大5A購03,0,,,,
708058,環球晶元大5A購04,0,,,,
708059,世界凱基5A購03,0,,,,
708060,系統電凱基5A購03,0,,,,
708061,欣銓凱基5A購03,246400,0.61,0.68,0.61,0.67
708062,順達凱基5A購04,147400,0.11,0.11,0.11,0.11
708063,群聯凱基5B購02,0,,,,
708064,群聯兆豐64購01,46260,1.72,1.72,1.7,1.7
708065,中美晶群益5C購01,19530,2.17,2.17,2.17,2.17
708066,群聯群益5B購02,33290,0.45,0.45,0.44,0.44
708067,群聯群益5C購01,1690230,0.86,0.86,0.82,0.83
708068,精材群益5A購05,57200,9.2,9.6,9.2,9.6
708069,精材群益5A購06,9450,9.45,9.45,9.45,9.45
708070,雙鴻群益5B購07,0,,,,
708071,凡甲國票5B購01,52390,0.14,0.15,0.14,0.14
708072,久元國票5B購01,200,0.1,0.1,0.1,0.1
708073,中美晶國票5B購01,3840,1.95,1.95,1.89,1.89
708074,欣銓國票5C購01,29900,1.15,1.15,1.15,1.15
708075,萬泰科國票5B購02,0,,,,
708076,群聯國票5B購05,61370,0.79,0.82,0.78,0.78
708077,精材國票5B購01,48300,5.5,5.5,5.3,5.3
708078,鑫聯國票5B購01,0,,,,
708079,鴻呈國泰5C購01,0,,,,
708080,譜瑞國泰5B購01,0,,,,
708081,久元富邦61購02,0,,,,
708082,系統電富邦61購01,429410,0.67,0.67,0.6,0.6
708083,家登富邦5C購02,1346890,1.01,1.13,0.97,0.97
708084,群聯富邦5C購02,482820,0.89,0.89,0.86,0.87
708085,群聯富邦61購02,831570,0.74,0.74,0.72,0.72
708086,譜瑞富邦5C購03,320,0.16,0.16,0.16,0.16
708087,譜瑞富邦61購01,17720,0.12,0.13,0.12,0.12
708088,群聯永豐5C購02,0,,,,
708089,群聯永豐64購02,0,,,,
708090,精材永豐5B購02,0,,,,
708091,中美晶凱基61購02,12800,2.56,2.56,2.56,2.56
708092,矽科凱基5B購01,0,,,,
708093,群聯凱基61購01,12580,0.37,0.37,0.37,0.37
708094,精材凱基5B購02,0,,,,
708095,環球晶凱基5B購02,0,,,,
708096,譜瑞凱基5B購01,0,,,,
708097,久元國票5C購01,0,,,,
708098,台星科國票5C購01,20400,0.68,0.68,0.68,0.68
708099,正淩國票5C購01,0,,,,
708100,亞信國票5C購01,0,,,,
708101,佳邦國票5C購01,20340,0.2,0.2,0.17,0.17
708102,金山電國票5C購01,0,,,,
708103,原相國票5B購01,0,,,,
708104,原相國票5C購01,0,,,,
708105,家登國票5B購01,0,,,,
708106,新潤國票5C購01,0,,,,
708107,群聯國票61購01,53800,0.57,0.57,0.56,0.56
708108,精華國票5C購01,0,,,,
708109,磐儀國票5C購01,0,,,,
708110,世界台新5B購01,58940,1.14,1.49,1.14,1.41
708111,矽科台新5B購01,0,,,,
708112,家登台新5B購01,0,,,,
708113,家登台新5B購02,0,,,,
708114,家登台新62購01,1450,1.45,1.45,1.45,1.45
708115,勤凱台新5B購01,0,,,,
708116,群聯台新5B購01,46000,0.46,0.46,0.46,0.46
708117,群聯台新5B購02,54000,0.12,0.12,0.12,0.12
708118,世界群益5B購05,383440,2.18,2.55,2.18,2.55
708119,欣銓群益5B購01,0,,,,
708120,家登群益5B購01,32920,0.66,0.78,0.66,0.66
708121,家登群益61購01,0,,,,
708122,世界永豐65購01,46170,1.1,1.11,1.08,1.08
708123,台特化永豐62購01,0,,,,
708124,高鋒永豐5C購01,0,,,,
708125,群聯永豐65購01,29050,0.83,0.83,0.83,0.83
708126,群聯中信62購01,2400,0.48,0.48,0.48,0.48
708127,凡甲國泰61購01,0,,,,
708128,東捷國泰61購01,24410,4.06,4.07,4.06,4.07
708129,欣銓國泰5C購01,525310,1.48,1.55,1.48,1.55
708130,群聯國泰61購01,12560,1.44,1.44,1.34,1.34
708131,中美晶富邦61購01,0,,,,
708132,環球晶富邦5C購02,22950,2.29,2.3,2.29,2.3
708133,中美晶元大5B購02,0,,,,
708134,中美晶元大5B購03,0,,,,
708135,世界元大5B購02,0,,,,
708136,世界元大5B購03,0,,,,
708137,均豪元大5B購01,0,,,,
708138,群聯元大5B購01,0,,,,
708139,群聯元大5B購02,0,,,,
708140,群聯元大64購01,559610,0.91,0.91,0.88,0.88
708141,精材元大5B購03,0,,,,
708142,精材元大5B購04,0,,,,
708143,精材元大5B購05,0,,,,
708144,雙鴻元大61購14,1080260,1.21,1.28,1.21,1.21
708145,大學光凱基5B購01,0,,,,
708146,世界凱基5B購01,22500,0.75,0.75,0.75,0.75
708147,正淩凱基5C購01,0,,,,
708148,欣銓凱基61購01,218240,0.97,1.02,0.95,1.0
708149,原相凱基5B購02,4650,0.16,0.17,0.16,0.17
708150,家登凱基5B購01,15560,0.51,0.56,0.45,0.45
708151,群翊凱基61購02,0,,,,
708152,群聯凱基63購01,736350,0.58,0.58,0.56,0.57
708153,鈺太凱基5B購01,0,,,,
708154,安葆台新5B購01,0,,,,
708155,家碩台新5B購01,3300,0.33,0.33,0.33,0.33
708156,家碩台新5B購02,0,,,,
708157,鉅橡台新5B購01,0,,,,
708158,華景電國泰5C購01,0,,,,
708159,世界富邦5B購01,256880,0.61,0.69,0.58,0.63
708160,系微富邦63購01,95000,0.19,0.19,0.19,0.19
708161,茂迪富邦63購02,0,,,,
708162,原相富邦5B購01,3000,0.05,0.05,0.05,0.05
708163,萬泰科富邦5B購02,4760,0.17,0.17,0.17,0.17
708164,群聯富邦62購01,524650,0.56,0.56,0.54,0.54
708165,群聯富邦62購02,185830,0.4,0.4,0.38,0.39
708166,凡甲永豐5C購01,0,,,,
708167,東捷永豐64購02,0,,,,
708168,東捷永豐67購01,38860,1.77,1.77,1.73,1.73
708169,華景電永豐61購02,0,,,,
708170,璟德永豐61購01,0,,,,
708171,家登中信5B購01,0,,,,
708172,譜瑞中信5B購01,0,,,,
708173,欣銓兆豐61購01,11000,1.1,1.1,1.1,1.1
708174,凡甲國票5C購01,0,,,,
708175,安葆國票5C購01,1150,0.57,0.58,0.57,0.58
708176,東捷國票5C購01,985680,1.67,1.67,1.51,1.51
708177,華景電國票5C購01,110,0.11,0.11,0.11,0.11
708178,群翊國票5C購01,0,,,,
708179,群聯國票66購01,616850,0.74,0.74,0.71,0.71
708180,東捷群益5B購02,9910,1.51,1.51,0.84,0.84
708181,東捷群益5B購03,0,,,,
708182,華景電群益5B購01,0,,,,
708183,群聯群益61購03,5350,0.36,0.36,0.35,0.35
708184,久元元大64購01,0,,,,
708185,正淩元大5B購01,0,,,,
708186,東捷元大5B購01,1780,1.78,1.78,1.78,1.78
708187,東捷元大5B購02,0,,,,
708188,東捷元大5B購03,0,,,,
708189,東捷元大5B購04,8960,0.71,0.71,0.68,0.68
708190,家登元大5B購02,0,,,,
708191,順達元大64購03,77860,0.87,0.98,0.84,0.98
708192,萬泰科元大5B購01,0,,,,
708193,群翊元大5B購01,0,,,,
708194,群聯元大5B購03,64320,0.16,0.16,0.16,0.16
708195,群聯元大64購02,506050,0.64,0.64,0.63,0.63
708197,精材元大5B購07,0,,,,
708198,精材元大61購06,0,,,,
708199,環球晶元大5B購01,0,,,,
708201,凡甲凱基5B購01,0,,,,
708202,久元凱基5B購01,0,,,,
708203,台特化凱基5B購01,0,,,,
708204,安葆凱基5C購01,0,,,,
708205,家登凱基5B購02,0,,,,
708206,華景電凱基5B購01,700,0.07,0.07,0.07,0.07
708207,順達凱基63購01,975290,0.66,0.87,0.64,0.86
708208,萬泰科凱基5C購01,34720,0.47,0.47,0.4,0.4
708209,群聯凱基64購01,540,0.54,0.54,0.54,0.54
708210,環球晶凱基5B購03,39100,6.5,6.55,6.5,6.55
708211,穩得凱基5B購01,0,,,,
708212,鑫聯凱基5C購01,0,,,,
708213,台特化台新5B購01,0,,,,
708214,台特化台新5B購02,0,,,,
708215,系微台新5B購01,0,,,,
708216,欣銓台新5B購01,2022910,1.56,1.74,1.56,1.72
708217,欣銓台新5B購02,23290,1.36,1.57,1.36,1.57
708218,湧德台新5B購01,0,,,,
708219,華景電台新5B購01,0,,,,
708220,鈊象台新5B購01,0,,,,
708221,萬泰科台新5B購01,0,,,,
708222,萬泰科台新5B購02,423160,0.72,0.72,0.7,0.7
708223,精材台新5B購01,0,,,,
708225,璟德中信5B購01,0,,,,
708226,安葆國泰5C購01,0,,,,
708227,群翊國泰5C購02,0,,,,
708228,凡甲富邦61購01,47500,0.19,0.19,0.19,0.19
708229,中光電富邦62購01,59400,0.6,0.6,0.58,0.6
708230,均豪富邦5B購01,0,,,,
708231,捷創富邦62購01,320840,0.81,0.87,0.81,0.87
708232,世界永豐5C購01,193900,1.2,1.28,1.2,1.28
708233,家登永豐61購01,33930,0.46,0.46,0.41,0.41
708234,家碩永豐5B購01,1980,0.02,0.02,0.02,0.02
708235,群聯永豐65購02,53510,0.6,0.6,0.59,0.59
708236,鉅橡永豐5C購01,0,,,,
708237,環球晶兆豐61購01,0,,,,
708238,艾訊國票63購01,215780,0.95,0.99,0.94,0.94
708239,美琪瑪國票5C購01,0,,,,
708240,晶宏國票5C購01,100760,1.58,1.73,1.56,1.7
708241,翔名國票5C購01,0,,,,
708242,聰泰國票5C購01,32400,0.27,0.27,0.27,0.27
708243,寶雅國票5C購01,9720,1.08,1.08,1.08,1.08
708244,久元群益61購01,0,,,,
708245,方土昶群益5B購01,0,,,,
708246,世界群益5B購06,7140,2.38,2.38,2.38,2.38
708247,艾訊群益5B購01,0,,,,
708248,家登群益5B購02,0,,,,
708249,陽程群益5B購01,541700,11.7,11.7,10.2,10.2
708250,群聯群益5B購03,139500,0.12,0.13,0.11,0.11
708252,凡甲元大5B購01,300,0.01,0.01,0.01,0.01
708253,均豪元大5B購02,0,,,,
708254,均豪元大65購01,248540,0.34,0.34,0.34,0.34
708255,家登元大5B購03,0,,,,
708256,群聯元大5B購04,209620,0.44,0.44,0.42,0.42
708257,群聯元大5B購05,89200,0.2,0.21,0.2,0.21
708258,群聯元大64購03,175500,0.75,0.75,0.72,0.72
708259,精材元大5B購08,0,,,,
708260,精材元大5B購09,0,,,,
708261,精材元大5B購10,0,,,,
708262,璟德元大5B購01,0,,,,
708263,環球晶元大5B購03,0,,,,
708264,環球晶元大5B購04,19000,3.8,3.8,3.8,3.8
708265,大中元大5B購01,0,,,,
708266,威剛元大5B購04,0,,,,
708267,威剛元大5B購05,0,,,,
708268,威剛元大64購01,207950,0.44,0.44,0.42,0.43
708269,陽程元大61購03,0,,,,
708270,群聯元大5B購06,0,,,,
708271,鉅橡元大5B購01,0,,,,
708272,鉅橡元大5B購02,0,,,,
708273,安葆國泰5C購02,64000,1.57,1.64,1.57,1.64
708274,勤凱國泰5C購01,124230,1.44,1.68,1.38,1.58
708275,雷科國泰5C購01,0,,,,
708276,久元凱基64購01,0,,,,
708277,均豪凱基65購01,9920,0.31,0.31,0.31,0.31
708278,金山電凱基5B購01,0,,,,
708279,威剛凱基5B購03,30430,0.02,0.04,0.02,0.03
708280,群聯凱基64購02,103780,0.47,0.48,0.46,0.46
708281,精材凱基5B購03,0,,,,
708282,寶雅凱基5B購01,0,,,,
708283,鉅橡台新5B購02,0,,,,
708284,鉅橡台新5B購03,0,,,,
708285,系微兆豐65購01,0,,,,
708286,群聯兆豐65購01,137860,1.24,1.24,1.23,1.23
708287,凡甲國票5C購02,11000,0.05,0.05,0.05,0.05
708288,久元國票5C購02,0,,,,
708289,方土昶國票5C購01,0,,,,
708290,世界國票5C購02,51180,0.78,0.86,0.74,0.85
708291,宏捷科國票5C購01,0,,,,
708292,威剛國票5C購01,0,,,,
708293,耕興國票5C購01,0,,,,
708294,港建*國票5B購01,0,,,,
708295,華宏國票5C購01,0,,,,
708296,鉅橡國票5C購01,0,,,,
708297,廣穎國票5C購01,0,,,,
708298,久元永豐5C購02,0,,,,
708299,台星科永豐61購01,238060,0.42,0.5,0.42,0.5
708300,合晶永豐5B購01,0,,,,
708301,均豪永豐5C購02,0,,,,
708302,欣銓永豐61購01,147850,0.79,0.81,0.79,0.8
708303,威剛永豐5B購01,15350,0.05,0.05,0.05,0.05
708304,威剛永豐5C購02,39750,0.25,0.25,0.25,0.25
708305,威剛永豐61購01,0,,,,
708306,威剛永豐65購01,8470,1.07,1.07,1.04,1.04
708307,威剛永豐68購01,0,,,,
708308,鉅橡永豐61購01,5110,0.05,0.11,0.05,0.11
708309,廣穎永豐65購01,17050,1.14,1.14,1.13,1.13
708310,凡甲群益5B購01,0,,,,
708311,台特化群益5C購01,0,,,,
708312,正淩群益63購01,0,,,,
708313,均豪群益5B購01,0,,,,
708314,宏捷科群益5B購01,0,,,,
708315,岳豐群益65購01,21000,0.29,0.34,0.29,0.3
708316,威剛群益5B購02,0,,,,
708317,威剛群益5C購01,0,,,,
708318,威剛群益61購01,0,,,,
708319,茂綸群益5B購01,0,,,,
708320,廣穎群益5B購01,0,,,,
708322,寶雅群益61購01,770,0.77,0.77,0.77,0.77
708323,凡甲凱基5B購02,0,,,,
708324,久元凱基5C購01,0,,,,
708325,大中凱基5B購01,30050,0.84,0.84,0.77,0.79
708326,方土昶凱基5C購01,16200,0.54,0.54,0.54,0.54
708327,台特化凱基5B購02,0,,,,
708328,合晶凱基5B購01,0,,,,
708329,艾訊凱基5B購02,38280,0.33,0.33,0.33,0.33
708330,良維凱基5B購05,0,,,,
708331,威剛凱基5B購04,250,0.02,0.05,0.02,0.05
708332,家登凱基5B購03,0,,,,
708333,耕興凱基5B購01,0,,,,
708334,港建*凱基5B購01,0,,,,
708335,群聯凱基61購02,71220,0.3,0.31,0.3,0.3
708336,廣穎凱基5B購01,0,,,,
708337,環球晶凱基5C購02,1120870,3.13,3.6,2.75,3.25
708339,合晶台新5B購02,0,,,,
708340,合晶台新5B購03,0,,,,
708341,安葆台新5B購02,0,,,,
708342,艾訊台新5B購01,0,,,,
708343,艾訊台新5B購02,1090,1.09,1.09,1.09,1.09
708344,良維台新5B購01,158030,0.73,0.83,0.73,0.83
708345,良維台新5B購02,0,,,,
708346,良維台新5B購03,0,,,,
708347,湧德台新5B購02,0,,,,
708348,湧德台新5B購03,0,,,,
708349,順達台新5B購01,0,,,,
708350,順達台新5B購02,148550,0.95,1.05,0.95,1.05
708351,鈊象台新5B購02,0,,,,
708352,萬泰科台新5B購03,0,,,,
708353,群聯台新5B購03,0,,,,
708354,群聯台新5B購04,0,,,,
708355,精材台新5B購03,0,,,,
708356,臺慶科台新5B購01,12990,2.63,2.63,2.55,2.55
708357,璟德台新5B購01,0,,,,
708358,台星科兆豐61購01,13150,0.61,0.72,0.61,0.72
708359,均豪兆豐61購01,0,,,,
708360,欣銓群益5B購02,0,,,,
708361,精材群益5B購01,0,,,,
708362,環球晶群益5B購02,13270,4.25,4.77,4.25,4.77
708363,環球晶群益5B購03,0,,,,
708364,凡甲元大5B購02,0,,,,
708365,凡甲元大5B購03,0,,,,
708366,凡甲元大65購01,0,,,,
708367,久元元大5B購01,0,,,,
708368,久元元大61購02,0,,,,
708369,久元元大65購01,0,,,,
708370,台星科元大5B購02,4500,0.9,0.9,0.9,0.9
708371,台星科元大65購01,364340,1.08,1.26,1.08,1.26
708372,沛亨元大5B購01,0,,,,
708373,欣銓元大5B購01,2960,0.74,0.74,0.74,0.74
708374,欣銓元大64購01,313550,0.77,0.81,0.77,0.8
708376,威剛元大5B購06,0,,,,
708377,威剛元大5B購07,170540,0.19,0.19,0.18,0.18
708378,原相元大5B購01,0,,,,
708379,家登元大5B購04,0,,,,
708380,家登元大64購01,138450,0.59,0.61,0.56,0.56
708381,陽程元大61購04,0,,,,
708382,群聯元大5B購07,0,,,,
708383,群聯元大61購05,150200,0.65,0.65,0.62,0.63
708384,凡甲國泰5C購01,74000,0.25,0.25,0.24,0.24
708385,合晶國泰61購01,0,,,,
708386,合晶國泰62購01,0,,,,
708387,均豪國泰62購01,40720,0.81,0.82,0.81,0.81
708388,良維國泰5C購01,0,,,,
708389,家登國泰5C購01,11710,0.57,0.57,0.53,0.53
708390,家登國泰5C購02,0,,,,
708391,力領台新5B購01,0,,,,
708392,正淩台新5B購01,0,,,,
708393,合晶台新5B購04,0,,,,
708395,新盛力台新62購01,0,,,,
708396,群聯台新5B購05,0,,,,
708397,群聯台新5B購06,0,,,,
708398,聖暉*台新5B購02,0,,,,
708399,優群台新5B購01,100,0.01,0.01,0.01,0.01
708400,久元凱基5B購02,0,,,,
708401,中美晶凱基61購03,6440,2.13,2.18,2.13,2.18
708402,世禾凱基5B購01,0,,,,
708403,世界凱基5C購03,44450,0.61,0.65,0.61,0.65
708404,尼克森凱基5B購01,390520,0.79,0.88,0.6,0.6
708405,亞信凱基5B購01,0,,,,
708406,欣銓凱基5B購01,1500,0.15,0.15,0.15,0.15
708407,信立凱基5B購02,0,,,,
708408,威剛凱基5C購01,63890,0.07,0.07,0.06,0.06
708409,智通*凱基5B購01,74450,0.73,0.73,0.7,0.7
708410,群聯凱基64購03,8820,0.34,0.35,0.33,0.34
708411,優群凱基5B購01,0,,,,
708412,環球晶兆豐61購02,128580,3.06,3.09,3.06,3.06
708413,FH中5G元大5B購01,0,,,,
708414,FH中5G元大5C購01,5410,0.77,0.78,0.77,0.78
708415,世界元大64購03,218710,0.83,0.89,0.83,0.86
708416,世界元大65購01,81200,0.72,0.74,0.72,0.74
708417,合晶元大5B購01,0,,,,
708418,順達元大64購04,485750,1.91,2.21,1.84,2.19
708419,新盛力元大64購01,154990,2.52,2.9,2.47,2.9
708420,萬泰科元大5B購02,5800,0.58,0.58,0.58,0.58
708421,鈺太元大5B購02,0,,,,
708422,鈺太元大65購01,3600,0.18,0.18,0.18,0.18
708423,精材元大5B購11,0,,,,
708424,環球晶元大5B購05,25040,2.22,2.22,2.02,2.02
708425,世界國票5C購03,14100,0.47,0.47,0.47,0.47
708426,台半國票5C購01,21600,2.16,2.16,2.16,2.16
708427,朋億*國票5C購01,51480,0.66,0.66,0.66,0.66
708428,群聯國票61購02,0,,,,
708429,雷科國票5B購01,0,,,,
708430,久元富邦61購03,0,,,,
708431,久元富邦62購01,0,,,,
708432,合晶富邦62購01,0,,,,
708433,家登富邦61購02,348760,0.58,0.6,0.51,0.51
708434,家登富邦62購01,254410,0.48,0.53,0.47,0.47
708435,鈊象富邦61購02,14960,0.82,0.84,0.81,0.83
708436,新盛力富邦61購03,15200,1.52,1.52,1.52,1.52
708437,群聯富邦62購03,0,,,,
708438,環球晶富邦5C購03,17300,1.75,1.75,1.71,1.71
708439,世界群益5B購07,0,,,,
708440,立碁群益5C購01,18250,3.65,3.65,3.65,3.65
708441,合晶群益5B購02,0,,,,
708442,艾訊群益5B購02,650,0.32,0.33,0.32,0.33
708443,家登群益61購02,15650,0.48,0.48,0.42,0.42
708444,新盛力群益5B購01,0,,,,
708445,群聯群益5B購04,39600,0.05,0.06,0.05,0.05
708446,環球晶群益5C購02,123560,3.44,4.54,3.44,4.16
708447,久元凱基63購01,0,,,,
708448,世界凱基65購01,12090,0.55,0.6,0.55,0.6
708449,台半凱基5C購01,76750,1.73,1.75,1.73,1.75
708450,合晶凱基5B購02,0,,,,
708451,合晶凱基61購01,94500,5.9,6.3,5.4,5.4
708452,欣銓凱基64購01,56400,0.47,0.47,0.47,0.47
708453,金山電凱基5B購02,14400,0.96,0.96,0.96,0.96
708454,威剛凱基5B購06,0,,,,
708455,胡連凱基5B購01,0,,,,
708456,家登凱基5B購04,0,,,,
708457,新盛力凱基5B購02,0,,,,
708458,群聯凱基5B購03,0,,,,
708459,鈺太凱基5B購02,0,,,,
708460,營邦凱基5B購01,680,0.39,0.39,0.29,0.29
708461,營邦凱基5B購02,13110,0.29,0.38,0.29,0.38
708462,營邦凱基5B購03,124540,0.38,0.48,0.36,0.44
708463,環球晶凱基5B購04,870580,1.32,2.0,1.13,1.4
708464,環球晶凱基5B購05,348520,1.55,2.05,1.55,1.78
708465,久元台新5B購01,0,,,,
708466,久元台新5B購02,0,,,,
708467,世界台新5B購02,52360,0.34,0.34,0.34,0.34
708468,華景電台新5B購02,2200,0.11,0.11,0.11,0.11
708469,華景電台新5B購03,0,,,,
708470,環球晶台新5B購01,363600,5.6,6.7,5.4,5.95
708471,環球晶台新5B購02,865190,2.76,4.12,2.76,3.51
708472,環球晶台新62購01,99730,1.8,1.91,1.8,1.89
708473,環球晶台新62購02,2180450,1.36,1.6,1.26,1.44
708474,久元元大5B購02,0,,,,
708475,久元元大5B購03,0,,,,
708477,久元元大5B購05,0,,,,
708478,久元元大5B購06,0,,,,
708479,世禾元大5B購01,0,,,,
708480,世界元大64購04,179740,1.25,1.32,1.25,1.32
708482,合晶元大5B購03,0,,,,
708484,合晶元大5B購05,10900,5.45,5.45,5.45,5.45
708485,合晶元大64購01,0,,,,
708486,合晶元大65購01,4010,4.01,4.01,4.01,4.01
708487,金山電元大5B購02,0,,,,
708489,金山電元大5B購04,0,,,,
708490,群聯元大5B購08,2400,0.08,0.08,0.08,0.08
708491,群聯元大5B購09,31700,0.05,0.05,0.05,0.05
708492,營邦元大5B購01,456430,0.48,0.6,0.47,0.6
708493,營邦元大5B購02,280110,0.33,0.43,0.31,0.42
708494,環球晶元大5B購06,4000,4.0,4.0,4.0,4.0
708495,環球晶元大5B購07,46830,2.91,3.2,2.91,3.2
708496,環球晶元大5B購08,114900,2.64,2.95,2.64,2.95
708497,環球晶元大5B購09,0,,,,
708498,環球晶元大61購02,0,,,,
708499,環球晶元大64購01,46920,2.38,2.38,2.0,2.33
708500,譜瑞元大61購02,0,,,,
708501,威剛兆豐65購01,31120,1.2,1.2,1.16,1.16
708502,金山電國泰61購01,222510,2.84,2.88,2.81,2.81
708503,群聯國泰62購01,88940,0.58,0.6,0.58,0.58
708504,群聯國泰63購01,66350,0.91,0.91,0.9,0.9
708505,群聯國泰63購02,13100,0.66,0.66,0.65,0.65
708506,雷科國泰5C購02,0,,,,
708507,環球晶國泰61購01,67000,4.31,4.78,4.31,4.78
708508,環球晶國泰61購02,90350,5.05,5.5,5.05,5.5
708509,久元國票5B購02,0,,,,
708510,久元國票5C購03,0,,,,
708511,久元國票5C購04,0,,,,
708512,合晶國票5B購01,0,,,,
708513,合晶國票5C購01,24450,4.89,4.89,4.89,4.89
708514,金山電國票5C購02,807210,1.1,1.1,1.03,1.03
708515,環球晶國票5B購01,38170,2.2,2.62,2.2,2.53
708516,環球晶國票5C購01,1011700,2.28,2.79,2.25,2.44
708517,世界富邦5B購02,25230,0.12,0.13,0.12,0.12
708518,精材富邦5B購01,0,,,,
708519,營邦富邦61購01,712630,0.46,0.53,0.44,0.5
708520,環球晶富邦5B購02,270660,1.16,1.34,1.05,1.24
708521,環球晶富邦61購01,2561230,1.17,1.4,1.09,1.24
708522,中美晶群益5C購02,74210,1.89,2.13,1.89,1.93
708523,世界群益5B購08,122820,0.13,0.18,0.13,0.16
708524,朋程群益5B購01,840,0.28,0.28,0.28,0.28
708525,金山電群益5B購01,0,,,,
708526,新盛力群益5B購02,0,,,,
708527,精材群益5B購02,0,,,,
708528,臺慶科群益5B購01,0,,,,
708529,德微群益5B購01,0,,,,
708530,營邦群益5B購01,0,,,,
708531,營邦群益5B購02,0,,,,
708532,環球晶群益5B購04,1475910,1.74,2.13,1.63,1.88
708533,譜瑞群益5C購02,0,,,,
708534,中美晶凱基5B購02,0,,,,
708535,世禾凱基5B購02,0,,,,
708536,立碁凱基5C購01,58130,2.06,2.06,1.79,1.83
708537,朋程凱基5B購01,0,,,,
708538,倚強凱基5B購01,5750,5.75,5.75,5.75,5.75
708539,原相凱基5B購03,0,,,,
708540,精材凱基5B購04,0,,,,
708541,臺慶科凱基5B購01,0,,,,
708542,譜瑞凱基61購01,16360,0.16,0.18,0.16,0.18
708543,群聯永豐65購03,19700,0.4,0.4,0.38,0.4
708544,精材永豐63購01,111000,5.55,5.55,5.55,5.55
708545,世界兆豐61購01,4200,0.7,0.7,0.7,0.7
708546,譜瑞兆豐65購01,0,,,,
708547,群聯群益67購01,52860,0.49,0.51,0.49,0.5
708548,精材群益5B購03,0,,,,
708549,廣穎群益61購01,0,,,,
708550,世界元大63購03,284930,1.54,1.62,1.53,1.62
708551,新盛力元大61購02,227320,3.21,3.67,3.21,3.67
708552,群聯元大5C購01,0,,,,
708553,譜瑞元大5B購01,0,,,,
708554,譜瑞元大5B購02,8140,0.11,0.11,0.11,0.11
708555,中美晶國泰61購01,26530,3.99,3.99,3.71,3.71
708556,台半國泰5C購01,268010,3.38,3.38,2.88,3.01
708557,欣銓國泰5C購02,224720,1.08,1.14,1.08,1.11
708558,立碁富邦5B購01,1066890,1.18,1.19,0.87,0.92
708559,欣銓富邦5B購02,15000,0.2,0.2,0.2,0.2
708560,威剛富邦5B購01,0,,,,
708561,順達富邦5C購02,221410,0.41,0.58,0.4,0.58
708562,群聯富邦62購04,0,,,,
708563,中美晶國票5C購01,9100,1.3,1.3,1.3,1.3
708564,台特化國票5C購01,0,,,,
708565,尼克森國票5B購01,0,,,,
708566,立敦國票5B購01,0,,,,
708567,美琪瑪國票5C購02,9900,0.33,0.33,0.33,0.33
708568,宸曜國票5B購01,2400,0.4,0.4,0.4,0.4
708569,新盛力國票5C購01,0,,,,
708570,新漢國票5B購01,0,,,,
708571,群聯國票5C購01,1800,0.18,0.18,0.18,0.18
708572,世界凱基5B購03,2220,0.74,0.74,0.74,0.74
708573,家登凱基5B購05,0,,,,
708574,創惟凱基5B購01,2100,0.07,0.07,0.07,0.07
708575,華宏凱基5B購01,400,0.08,0.08,0.08,0.08
708576,閎康凱基5B購02,0,,,,
708577,閎康凱基5B購03,0,,,,
708578,閎康凱基5B購04,0,,,,
708579,群聯凱基5B購04,43230,0.08,0.09,0.08,0.09
708580,群聯凱基5C購01,0,,,,
708581,群聯凱基61購03,38000,0.19,0.19,0.19,0.19
708582,榮剛凱基5B購01,0,,,,
708583,精材凱基5B購05,614600,6.0,6.0,5.2,5.2
708584,廣穎凱基5B購02,0,,,,
708585,譜瑞凱基5B購02,0,,,,
708586,美琪瑪富邦5B購01,14970,0.03,0.03,0.03,0.03
708587,閎康富邦62購01,1400,0.14,0.14,0.14,0.14
708588,群聯富邦62購05,33990,0.12,0.13,0.12,0.13
708589,宏捷科兆豐65購01,330950,0.51,0.53,0.51,0.53
708590,群聯兆豐65購02,138260,0.57,0.58,0.56,0.56
708591,精材兆豐61購01,0,,,,
708592,元太元大5B購02,16800,0.18,0.2,0.18,0.2
708593,世禾元大5B購02,180,0.18,0.18,0.18,0.18
708594,欣銓元大5B購02,70310,0.89,0.89,0.89,0.89
708595,順達元大5B購03,18000,0.18,0.18,0.18,0.18
708596,新盛力元大61購03,188070,1.85,2.02,1.71,2.02
708597,群聯元大5B購10,18000,0.18,0.18,0.18,0.18
708598,群聯元大5B購11,1900,0.05,0.05,0.05,0.05
708599,群聯元大5B購12,2080,0.09,0.1,0.09,0.1
708600,群聯元大5B購13,0,,,,
708601,群聯元大5B購14,1300,0.13,0.13,0.13,0.13
708602,群聯元大5C購02,0,,,,
708603,群聯元大61購06,0,,,,
708604,群聯元大63購03,4400,0.22,0.22,0.22,0.22
708605,精材元大61購07,27200,7.4,7.4,6.6,6.6
708606,譜瑞元大5B購03,0,,,,
708607,中美晶永豐65購01,219090,1.16,1.26,1.16,1.18
708608,台半永豐63購01,117310,1.25,1.25,1.19,1.19
708609,茂達永豐61購01,0,,,,
708610,新盛力永豐63購01,1464940,1.07,1.27,1.05,1.22
708611,群聯永豐5C購03,0,,,,
708612,群聯永豐5C購04,0,,,,
708613,精材永豐64購01,0,,,,
708614,德微永豐63購01,0,,,,
708615,元太群益5B購03,0,,,,
708616,方土昶群益5B購02,0,,,,
708617,台半群益5B購01,5360,0.9,0.9,0.69,0.75
708618,家登群益5B購03,13470,0.06,0.07,0.06,0.07
708619,閎康群益61購01,0,,,,
708620,陽程群益5B購02,294000,7.3,7.4,7.3,7.4
708621,順達群益5B購03,0,,,,
708622,新盛力群益5B購03,0,,,,
708623,群聯群益5B購05,0,,,,
708624,群聯群益61購04,9000,0.18,0.18,0.18,0.18
708625,榮剛群益5B購01,0,,,,
708626,精材群益5B購04,15900,15.9,15.9,15.9,15.9
708627,廣穎群益5B購02,0,,,,
708628,譜瑞群益5B購02,0,,,,
708629,元太凱基5B購04,0,,,,
708630,元太凱基5B購05,0,,,,
708631,閎康凱基61購02,0,,,,
708632,順達凱基5B購03,0,,,,
708633,新盛力凱基61購01,506260,0.77,1.03,0.75,1.03
708634,譜瑞凱基5B購03,0,,,,
708635,譜瑞凱基5B購04,0,,,,
708636,中美晶元大63購02,149390,2.55,2.69,2.55,2.55
708637,沛亨元大5B購02,0,,,,
708638,威剛元大5B購08,0,,,,
708639,閎康元大5B購01,0,,,,
708640,順達元大5B購04,154910,0.34,0.49,0.29,0.49
708642,優群元大5B購01,0,,,,
708643,譜瑞元大5B購04,0,,,,
708644,譜瑞元大5B購05,0,,,,
708645,譜瑞元大5B購06,0,,,,
708646,譜瑞元大5B購07,160,0.02,0.02,0.02,0.02
708647,台特化永豐61購01,0,,,,
708648,沛亨永豐5C購01,0,,,,
708649,金益鼎永豐5C購01,0,,,,
708650,廣穎永豐61購01,0,,,,
708651,中美晶富邦5B購01,17760,1.11,1.11,1.11,1.11
708652,元太富邦62購01,0,,,,
708653,元太富邦62購02,0,,,,
708654,系統電富邦5B購01,0,,,,
708655,新盛力富邦62購01,1863000,0.86,0.99,0.81,0.97
708656,元太群益5B購04,0,,,,
708657,閎康群益5B購04,0,,,,
708658,廣穎群益61購02,0,,,,
708659,元太群益5B購05,0,,,,
708660,臺慶科群益5B購02,180,0.18,0.18,0.18,0.18
708661,元太元大5B購03,0,,,,
708662,元太元大5B購04,0,,,,
708664,元太元大5B購06,0,,,,
708665,元太元大5B購07,0,,,,
708666,元太元大5B購08,0,,,,
708667,元太元大5B購09,0,,,,
708668,元太元大5B購10,0,,,,
708669,博盛元大5B購01,34000,0.68,0.68,0.68,0.68
708670,陽程元大63購02,952980,3.36,3.36,3.01,3.05
708671,新盛力元大5B購03,64760,1.14,1.33,1.14,1.33
708672,元太永豐5C購01,0,,,,
708673,元太永豐61購01,0,,,,
708674,威剛永豐67購01,0,,,,
708675,智通*永豐61購01,0,,,,
708676,閎康永豐61購01,0,,,,
708677,新漢永豐5C購01,0,,,,
708678,臺慶科永豐5C購01,0,,,,
708679,凡甲凱基5C購01,3900,0.13,0.13,0.13,0.13
708680,中美晶凱基5B購03,0,,,,
708681,元太凱基5B購06,0,,,,
708682,威剛凱基5B購07,0,,,,
708683,美琪瑪凱基5C購01,0,,,,
708684,陽程凱基5B購01,82760,3.65,3.65,3.31,3.31
708685,新盛力凱基5B購03,50590,0.48,0.79,0.48,0.79
708686,新盛力凱基61購02,93930,0.94,1.21,0.94,1.21
708688,凡甲台新5B購01,0,,,,
708689,凡甲台新5B購02,0,,,,
708690,凡甲台新5B購03,0,,,,
708691,中美晶台新5B購03,0,,,,
708692,元太台新5B購01,0,,,,
708693,方土昶台新5B購01,0,,,,
708694,台特化台新5B購03,0,,,,
708695,閎康台新5B購01,0,,,,
708696,閎康台新5B購02,0,,,,
708697,閎康台新5B購03,0,,,,
708698,順達台新5B購03,30740,0.48,0.6,0.41,0.6
708699,臺慶科台新5B購02,42940,1.13,1.13,1.13,1.13
708700,凡甲國泰61購02,3800,0.38,0.38,0.38,0.38
708701,元太國泰5C購01,0,,,,
708702,元太國泰5C購02,0,,,,
708703,元太國泰5C購03,0,,,,
708704,台半富邦62購01,960590,0.79,0.81,0.7,0.71
708705,華景電富邦5B購01,0,,,,
708706,新盛力富邦61購04,1646160,0.76,0.89,0.72,0.89
708707,德微富邦63購01,35550,1.23,1.23,1.22,1.22
708708,雙鴻富邦61購01,0,,,,
708709,元太國票5C購01,300,0.05,0.05,0.05,0.05
708710,元太國票5C購02,12000,0.05,0.05,0.05,0.05
708711,光頡國票5B購01,0,,,,
708712,光頡國票5B購02,0,,,,
708713,朋程國票5B購01,0,,,,
708714,閎康國票5C購01,0,,,,
708715,新盛力國票5B購02,1070630,0.57,0.78,0.56,0.78
708716,中美晶台新5B購04,82000,7.5,7.5,7.45,7.45
708717,台半台新5B購01,0,,,,
708718,台半台新5B購02,77710,3.13,3.13,2.79,2.79
708719,台半台新5B購03,63370,1.77,1.77,1.54,1.54
708720,光頡凱基5B購01,0,,,,
708721,陽程凱基61購01,30300,3.03,3.03,3.03,3.03
708722,陽程凱基63購02,1456070,2.46,2.46,2.14,2.17
708723,勤凱凱基5B購01,1084500,0.23,0.32,0.23,0.27
708724,臺慶科凱基5B購02,0,,,,
708725,擎亞凱基5B購02,0,,,,
708726,擎亞凱基5B購03,4690,0.17,0.18,0.17,0.18
708727,台半元大63購02,63280,2.74,2.74,2.5,2.5
708728,威剛元大5B購09,0,,,,
708729,博盛元大5B購02,26640,0.36,0.36,0.36,0.36
708730,閎康元大5B購02,0,,,,
708731,陽程元大5B購01,311710,2.64,2.68,2.53,2.61
708732,陽程元大5B購02,0,,,,
708733,陽程元大65購02,1529200,1.57,1.57,1.4,1.43
708734,勤凱元大5B購01,0,,,,
708735,勤凱元大5B購02,0,,,,
708736,勤凱元大5B購03,44880,0.51,0.51,0.51,0.51
708737,群翊元大5B購02,0,,,,
708738,德微元大5B購01,0,,,,
708739,德微元大5B購02,213410,1.35,1.35,1.25,1.28
708740,擎亞元大5B購03,0,,,,
708741,擎亞元大5B購04,0,,,,
708742,尼克森永豐5C購01,0,,,,
708743,光頡永豐61購01,0,,,,
708744,翔名永豐5C購01,0,,,,
708745,陽程永豐5B購02,303510,1.49,1.6,1.48,1.49
708746,精材永豐61購02,0,,,,
708747,臺慶科永豐65購01,35840,0.56,0.56,0.56,0.56
708748,擎亞永豐5C購01,0,,,,
708749,擎亞永豐61購01,0,,,,
708750,雙鴻永豐65購01,241500,2.26,2.28,2.2,2.2
708751,精材富邦5B購02,0,,,,
708752,博盛國泰5C購01,10500,0.75,0.75,0.75,0.75
708753,擎亞國泰61購01,0,,,,
708754,凡甲群益5B購02,0,,,,
708755,中美晶群益5B購03,30780,2.88,2.88,2.79,2.79
708756,正淩群益5B購01,0,,,,
708757,威剛群益61購02,830,0.83,0.83,0.83,0.83
708758,陽程群益5B購03,0,,,,
708759,聖暉*群益5B購02,0,,,,
708760,精材群益5B購06,0,,,,
708761,擎亞群益5B購02,0,,,,
708762,大中國票5B購01,0,,,,
708763,世界國票5C購04,0,,,,
708764,立端國票5C購01,18460,0.4,0.4,0.36,0.36
708766,沛亨國票5C購01,0,,,,
708767,威剛國票5C購03,0,,,,
708768,原相國票5B購02,0,,,,
708769,家碩國票5C購01,9900,0.3,0.3,0.3,0.3
708770,博盛國票5B購02,15000,0.3,0.3,0.3,0.3
708771,博盛國票5C購01,0,,,,
708772,博盛國票5C購02,0,,,,
708773,陽程國票5B購01,181800,2.3,2.35,2.03,2.03
708774,新鉅科國票5C購01,156660,0.45,0.54,0.44,0.51
708775,聖暉*國票5C購01,0,,,,
708776,榮剛國票5C購01,0,,,,
708777,精材國票5C購02,155600,4.03,4.24,3.53,3.53
708778,臺慶科國票5C購02,1750,0.25,0.25,0.25,0.25
708779,廣閎科國票5C購01,18250,1.2,1.25,1.2,1.25
708780,擎亞國票5B購01,0,,,,
708781,FH中5G凱基5B購01,0,,,,
708782,世界凱基64購01,1050,1.05,1.05,1.05,1.05
708783,正淩凱基5B購02,0,,,,
708784,光頡凱基5B購02,160580,4.82,4.97,4.46,4.46
708785,均豪凱基5B購02,0,,,,
708786,沛亨凱基5B購02,0,,,,
708787,群翊凱基5B購01,0,,,,
708788,聖暉*凱基5B購04,0,,,,
708789,精材凱基5B購06,66900,3.49,3.49,3.2,3.2
708790,精材凱基5B購07,0,,,,
708791,精材凱基5C購02,0,,,,
708792,精材凱基61購04,0,,,,
708793,德微凱基5B購01,61030,1.94,1.94,1.81,1.81
708794,世界中信5B購02,243150,0.19,0.22,0.17,0.19
708795,正淩永豐61購01,0,,,,
708796,茂綸永豐61購01,450750,0.75,0.75,0.75,0.75
708797,神準永豐5C購01,0,,,,
708798,精材永豐65購01,444390,2.57,2.64,2.25,2.25
708799,台半元大5B購01,9760,2.44,2.44,2.44,2.44
708800,光頡元大5B購01,0,,,,
708801,光頡元大5B購03,0,,,,
708802,聖暉*元大5B購03,102570,0.39,0.39,0.39,0.39
708803,聖暉*元大5B購04,0,,,,
708804,雷科元大5B購01,48700,4.87,4.87,4.87,4.87
708805,精材元大5B購13,0,,,,
708806,精材元大5B購14,0,,,,
708807,精材元大5B購15,23650,4.73,4.73,4.73,4.73
708808,精材元大5B購16,0,,,,
708809,精材元大5B購17,0,,,,
708810,精材元大63購03,35850,2.39,2.39,2.39,2.39
708811,臺慶科元大63購01,127620,0.38,0.41,0.37,0.4
708812,世界台新5B購04,154000,1.26,1.44,1.18,1.26
708813,光頡台新5B購01,0,,,,
708814,欣銓台新5B購03,890650,0.82,0.83,0.8,0.8
708815,欣銓台新5B購04,153040,0.66,0.66,0.63,0.63
708816,倚強台新5B購01,31760,3.05,3.43,3.05,3.43
708817,聖暉*台新5B購03,0,,,,
708818,榮剛台新5B購01,0,,,,
708819,精材台新5B購04,0,,,,
708820,精材台新5B購05,0,,,,
708821,精材台新5C購01,0,,,,
708822,臺慶科台新5B購03,69000,0.5,0.55,0.5,0.55
708823,臺慶科台新5B購04,0,,,,
708824,伍豐國票5C購01,0,,,,
708825,光頡國票5B購03,0,,,,
708826,翔名國票5C購02,168000,0.43,0.44,0.38,0.38
708827,聖暉*兆豐61購01,15860,0.34,0.38,0.34,0.38
708828,立敦群益5B購01,0,,,,
708829,光頡群益5B購01,0,,,,
708830,金益鼎群益5B購01,0,,,,
708831,茂綸群益5C購01,8260,0.59,0.59,0.59,0.59
708832,翔名群益5B購01,0,,,,
708833,精材群益5B購07,26900,6.55,7.65,6.35,6.35
708834,千如國泰5C購01,39130,3.0,3.09,2.76,3.09
708835,聖暉*國泰5C購01,0,,,,
708836,精材國泰5C購01,0,,,,
708837,精材國泰5C購02,0,,,,
708838,臺慶科國泰5C購01,0,,,,
708839,萬泰科富邦63購01,400,0.4,0.4,0.4,0.4
708840,中美晶元大5B購04,0,,,,
708841,台半元大5B購02,40370,1.11,1.11,0.98,0.98
708842,光頡元大5B購04,0,,,,
708843,威剛元大5B購10,76050,0.99,0.99,0.94,0.94
708844,威剛元大5B購11,480,0.48,0.48,0.48,0.48
708845,翔名元大5B購01,0,,,,
708846,順達元大5B購05,501430,0.65,0.87,0.56,0.87
708847,新盛力元大5B購04,75470,1.44,1.75,1.41,1.75
708848,群翊元大5B購03,61440,0.32,0.32,0.32,0.32
708849,擎亞元大5B購05,0,,,,
708850,擎亞元大5B購06,12000,0.15,0.15,0.15,0.15
708851,久元凱基5B購03,0,,,,
708852,台半凱基5B購01,36180,0.89,0.89,0.88,0.88
708853,立碁凱基5C購02,31510,2.58,2.65,2.43,2.65
708854,光頡凱基5B購03,0,,,,
708855,光頡凱基5B購04,0,,,,
708856,茂綸凱基5C購01,23750,0.95,0.95,0.95,0.95
708857,翔名凱基5B購01,0,,,,
708858,德微凱基5B購02,97660,0.9,0.9,0.81,0.81
708859,立敦台新5B購01,2100,1.05,1.05,1.05,1.05
708860,立敦台新5B購02,0,,,,
708861,沛亨台新5B購01,0,,,,
708862,沛亨台新5B購02,0,,,,
708863,沛亨台新5B購03,0,,,,
708864,捷創台新5B購01,0,,,,
708865,新盛力台新5B購02,0,,,,
708866,新盛力台新5B購03,0,,,,
708867,新盛力台新5C購01,1784330,2.41,3.02,2.34,3.01
708868,新盛力台新62購02,128760,2.02,2.44,1.95,2.44
708869,中美晶中信5B購01,149150,1.45,1.45,1.39,1.39
708870,光頡中信5B購01,310390,1.73,1.94,1.63,1.63
708871,威剛中信65購01,9490,0.37,0.38,0.37,0.38
708872,台半永豐61購01,0,,,,
708873,光頡永豐64購01,0,,,,
708874,雅特力永豐5B購01,0,,,,
708875,千如國票5C購01,827380,0.75,0.86,0.71,0.74
708876,台半國票5C購02,61380,1.45,1.45,1.33,1.36
708877,台星科國票5C購02,0,,,,
708878,光頡國票5C購01,0,,,,
708880,亞通國票5B購01,0,,,,
708881,金益鼎國票5C購01,0,,,,
708882,能率國票5C購01,0,,,,
708883,晶焱國票5B購01,0,,,,
708884,智通*國票5B購02,0,,,,
708885,翔名國票5C購03,0,,,,
708886,雅特力國票5C購01,17200,1.72,1.72,1.72,1.72
708887,萬泰科國票5C購01,89500,0.35,0.37,0.35,0.37
708888,雷科國票5B購02,13900,2.3,2.4,2.3,2.4
708889,德微國票5C購01,1397500,1.4,1.42,1.34,1.34
708890,擎亞國票5B購02,0,,,,
708891,久元群益61購02,0,,,,
708892,世界群益62購02,198450,0.79,0.84,0.78,0.81
708893,立碁群益5B購01,37900,3.79,3.79,3.79,3.79
708894,光頡群益5B購02,5150,5.15,5.15,5.15,5.15
708895,均豪群益5B購02,0,,,,
708896,擎亞群益5C購01,0,,,,
708897,雷科國泰61購01,107450,5.35,5.45,5.25,5.25
708898,寶雅富邦61購01,0,,,,
708899,凡甲統一65購01,1050,0.21,0.21,0.21,0.21
708900,久元統一65購01,0,,,,
708901,久元統一65購02,0,,,,
708902,大中統一63購01,28170,0.81,0.82,0.78,0.8
708903,大中統一65購01,527300,0.71,0.71,0.66,0.68
708904,世界統一64購02,122390,0.7,0.79,0.7,0.76
708905,世界統一65購01,75860,0.69,0.72,0.69,0.69
708906,世界統一65購02,140110,0.56,0.61,0.56,0.61
708907,尼克森統一63購01,5730,0.38,0.44,0.37,0.37
708908,立敦統一63購01,0,,,,
708909,立敦統一65購01,500,0.5,0.5,0.5,0.5
708910,立敦統一65購02,0,,,,
708911,立敦統一66購01,52800,0.33,0.33,0.33,0.33
708912,光頡統一63購01,0,,,,
708913,光頡統一65購01,179280,1.8,1.89,1.77,1.77
708914,光頡統一65購02,1100,1.1,1.1,1.1,1.1
708915,安葆統一75購01,0,,,,
708916,艾訊統一65購01,325520,0.31,0.32,0.3,0.31
708917,邑錡統一65購01,0,,,,
708918,亞通統一65購01,5940,0.99,0.99,0.99,0.99
708919,欣銓統一63購01,436900,0.66,0.7,0.66,0.7
708920,欣銓統一65購02,36070,0.59,0.61,0.58,0.61
708921,欣銓統一67購01,61150,1.16,1.17,1.12,1.15
708922,欣銓統一69購01,34160,0.84,0.86,0.84,0.86
708923,威剛統一64購02,3400,0.34,0.34,0.34,0.34
708924,威剛統一65購01,0,,,,
708925,威剛統一65購02,1080,0.54,0.54,0.54,0.54
708926,威剛統一65購03,0,,,,
708927,威剛統一69購01,0,,,,
708928,茂達統一64購01,0,,,,
708929,茂綸統一63購01,0,,,,
708930,翔名統一63購01,28710,0.4,0.4,0.34,0.34
708931,翔名統一65購01,0,,,,
708932,閎康統一65購01,0,,,,
708933,閎康統一65購02,0,,,,
708934,順達統一65購02,453490,0.47,0.58,0.45,0.58
708935,新盛力統一69購01,1036040,0.71,0.77,0.7,0.77
708936,聖暉*統一63購02,365220,0.35,0.36,0.35,0.35
708937,臺慶科統一63購01,387670,0.58,0.62,0.58,0.62
708938,臺慶科統一65購01,0,,,,
708939,擎亞統一67購01,310,0.31,0.31,0.31,0.31
708940,中美晶凱基5B購04,0,,,,
708941,世界凱基63購01,368190,0.96,1.04,0.96,0.97
708942,台半凱基61購01,287380,1.06,1.06,0.95,0.95
708943,台星科凱基5C購01,20750,0.69,0.74,0.69,0.74
708944,均豪凱基5B購03,0,,,,
708945,威剛凱基5B購08,134950,0.32,0.32,0.31,0.31
708946,德微凱基5C購01,170360,0.83,0.83,0.77,0.77
708947,擎亞凱基5B購04,0,,,,
708948,順達台新61購01,2630270,1.52,1.95,1.35,1.93
708949,鈊象台新5B購04,0,,,,
708950,優群台新5B購02,0,,,,
708951,中美晶元大5B購05,0,,,,
708952,台半元大5B購03,51310,0.61,0.61,0.55,0.57
708953,均豪元大5B購03,0,,,,
708954,威剛元大5B購12,0,,,,
708955,威剛元大5B購13,0,,,,
708956,順達元大5B購06,151940,1.04,1.45,1.04,1.44
708957,新盛力元大5B購05,402540,0.97,1.19,0.94,1.13
708958,雷科元大5B購02,138890,3.59,3.59,3.0,3.0
708959,雷科元大5B購03,59920,3.71,3.71,3.26,3.26
708960,雷科元大5B購04,0,,,,
708961,擎亞元大5B購07,0,,,,
708962,點序元大5B購01,0,,,,
708963,台半永豐5C購02,120680,0.76,0.76,0.72,0.72
708964,凌陽創永豐61購01,0,,,,
708965,萬泰科永豐61購01,3870,0.43,0.43,0.43,0.43
708966,久元群益5B購01,0,,,,
708967,均豪群益5B購03,0,,,,
708968,佳邦群益5B購01,0,,,,
708969,朋程群益5B購02,120,0.12,0.12,0.12,0.12
708970,欣銓群益5B購03,0,,,,
708971,鈊象群益5B購03,22350,0.47,0.47,0.4,0.4
708972,鈺太群益5B購01,0,,,,
708973,德微群益5B購03,76640,0.94,0.94,0.82,0.82
708974,雙鴻群益5B購08,0,,,,
708975,久元統一65購03,0,,,,
708976,久元統一65購04,0,,,,
708977,台半統一63購01,0,,,,
708978,台半統一65購01,69120,0.54,0.54,0.54,0.54
708979,台半統一69購01,73550,0.57,0.58,0.57,0.57
708980,台星科統一65購01,328730,0.66,0.72,0.66,0.72
708981,立敦統一65購03,0,,,,
708982,沛亨統一69購01,0,,,,
708983,良維統一5B購01,0,,,,
708984,欣銓統一65購03,0,,,,
708985,金益鼎統一65購02,0,,,,
708986,威剛統一5B購02,0,,,,
708987,威剛統一65購04,0,,,,
708988,茂達統一65購01,0,,,,
708989,茂綸統一65購01,18360,0.66,0.66,0.64,0.64
708990,閎康統一63購02,0,,,,
708991,聖暉*統一65購02,0,,,,
708992,德微統一63購02,133620,0.72,0.72,0.66,0.66
708993,德微統一75購01,0,,,,
708994,擎亞統一63購01,0,,,,
708995,擎亞統一65購01,0,,,,
708996,擎亞統一66購01,0,,,,
708997,鑫科統一69購01,0,,,,
708998,台半國票5C購03,2380,0.84,0.84,0.77,0.77
708999,安葆國票5C購02,1830,1.83,1.83,1.83,1.83
709000,欣銓國票5C購02,0,,,,
709001,泓格國票5B購01,0,,,,
709002,泓格國票5C購01,4900,0.25,0.25,0.24,0.24
709003,雷科國票5B購04,0,,,,
709004,漢達國票5C購01,3710,1.81,1.9,1.81,1.9
709005,德微國票5C購02,30190,1.0,1.0,0.95,0.95
709006,大中台新5B購01,7020,1.17,1.17,1.17,1.17
709007,元債20台新5B購01,0,,,,
709008,立敦台新5B購03,0,,,,
709009,佳邦台新5B購01,0,,,,
709010,博大台新5B購01,12220,0.54,0.54,0.53,0.53
709011,立敦凱基5B購01,9000,0.09,0.09,0.09,0.09
709012,安葆凱基5C購02,27950,2.59,2.88,2.59,2.84
709013,佳邦凱基5C購01,0,,,,
709014,朋程凱基5B購02,0,,,,
709015,威剛凱基5C購02,0,,,,
709016,茂達凱基5B購01,3720,0.31,0.31,0.31,0.31
709017,鈊象凱基5B購02,0,,,,
709018,鈺太凱基5B購03,0,,,,
709019,臺慶科凱基63購01,209020,0.5,0.5,0.39,0.43
709020,德微凱基5B購03,62200,0.31,0.31,0.29,0.3
709021,擎亞凱基5B購05,0,,,,
709022,雙鴻凱基61購03,12800,2.56,2.56,2.56,2.56
709023,中美晶群益5B購04,0,,,,
709024,世界群益61購01,40860,0.83,0.9,0.83,0.9
709025,台半群益5B購02,25080,1.14,1.14,1.14,1.14
709026,台半群益5B購03,0,,,,
709027,均豪群益5B購04,0,,,,
709028,威剛群益5B購03,0,,,,
709029,茂達群益5B購01,12540,0.38,0.38,0.38,0.38
709030,智通*群益5B購01,0,,,,
709031,華宏群益5B購01,30000,0.2,0.2,0.2,0.2
709032,新盛力群益61購01,1983330,2.13,2.54,2.05,2.47
709033,擎亞群益65購01,0,,,,
709034,台半元大5B購04,0,,,,
709035,正淩元大5B購02,0,,,,
709036,金益鼎元大5B購01,0,,,,
709037,威剛元大5B購14,0,,,,
709038,原相元大5B購02,0,,,,
709039,順達元大5B購07,313350,6.25,7.85,5.7,7.85
709040,雷科元大5B購05,0,,,,
709041,德微元大5B購03,129770,0.73,0.73,0.72,0.72
709042,擎亞元大5B購08,0,,,,
709043,寶雅元大5B購01,0,,,,
709044,威剛國泰5C購01,0,,,,
709045,威剛國泰5C購02,0,,,,
709046,威剛國泰5C購03,900,0.9,0.9,0.9,0.9
709047,擎亞國泰62購01,2840,0.7,0.72,0.7,0.72
709048,久元富邦61購04,0,,,,
709049,台半富邦62購02,415690,0.86,0.86,0.79,0.79
709050,閎康富邦61購01,0,,,,
709051,新盛力富邦61購05,0,,,,
709052,擎亞富邦5C購01,0,,,,
709053,久元統一65購05,0,,,,
709054,正淩統一65購02,0,,,,
709055,正淩統一69購01,67950,0.45,0.45,0.45,0.45
709056,立敦統一65購04,0,,,,
709057,沛亨統一65購01,0,,,,
709058,朋程統一63購01,0,,,,
709059,欣銓統一5B購01,0,,,,
709060,欣銓統一65購04,102200,0.63,0.66,0.62,0.65
709061,茂達統一65購02,430,0.43,0.43,0.43,0.43
709062,凌陽創統一63購01,1280,0.16,0.16,0.16,0.16
709063,閎康統一65購03,33990,0.33,0.33,0.33,0.33
709064,新漢統一61購01,0,,,,
709065,德微統一5B購01,76230,0.36,0.36,0.33,0.33
709066,德微統一65購01,47360,0.58,0.58,0.5,0.5
709067,德微統一65購02,0,,,,
709068,擎亞統一63購02,0,,,,
709069,擎亞統一65購02,0,,,,
709070,鑫科統一64購01,5880,0.19,0.19,0.18,0.18
709071,立敦永豐61購01,0,,,,
709072,佳邦永豐63購01,1100,0.54,0.56,0.54,0.56
709073,威剛永豐5B購02,0,,,,
709074,威剛永豐61購02,0,,,,
709075,原相永豐5C購01,0,,,,
709076,德微永豐5C購01,60900,0.7,0.71,0.69,0.69
709077,擎亞永豐64購01,0,,,,
709078,元債20國票5B購02,3600,0.3,0.3,0.3,0.3
709079,台半國票61購01,108390,0.75,0.76,0.71,0.72
709080,佳邦國票5C購02,0,,,,
709081,茂達國票5C購01,0,,,,
709082,博大國票5C購01,70000,0.35,0.35,0.35,0.35
709083,晶宏國票5C購02,191190,0.77,0.82,0.42,0.79
709086,德微國票5C購03,43200,0.66,0.67,0.65,0.65
709087,點序國票5B購01,71000,0.11,0.11,0.1,0.1
709088,點序國票5C購01,900,0.09,0.09,0.09,0.09
709089,世紀*元大5B購01,0,,,,
709090,台特化元大5B購02,0,,,,
709091,博智元大5B購02,0,,,,
709092,智通*元大5B購01,3400,0.34,0.34,0.34,0.34
709093,鈊象元大5B購02,0,,,,
709094,群聯元大5B購15,359110,1.73,1.73,1.65,1.65
709095,群聯元大5B購16,0,,,,
709096,廣穎元大5B購01,0,,,,
709097,雙鴻元大5B購03,0,,,,
709098,尼克森國票5B購02,0,,,,
709099,朋程國票5B購02,0,,,,
709100,晶宏國票5C購03,860500,0.53,0.56,0.51,0.53
709101,華容國票5C購02,0,,,,
709102,群聯國票61購03,0,,,,
709103,雷科國票5C購01,208300,2.3,2.3,2.0,2.0
709104,臺慶科國票5C購03,0,,,,
709105,廣穎國票5C購02,8700,0.87,0.87,0.87,0.87
709107,擎亞國票5C購01,0,,,,
709108,鑫聯國票5C購02,0,,,,
709109,中美晶凱基63購01,58900,2.03,2.03,1.93,1.93
709110,均豪凱基5C購01,0,,,,
709111,凌陽創凱基5B購01,0,,,,
709112,博智凱基5B購01,0,,,,
709113,博智凱基5B購02,0,,,,
709114,博智凱基5B購03,0,,,,
709115,群聯凱基5B購05,0,,,,
709116,群聯凱基5B購06,6800,0.17,0.17,0.17,0.17
709117,群聯凱基5B購07,28000,0.2,0.2,0.2,0.2
709118,雙鴻凱基5B購02,0,,,,
709119,中光電台新5B購01,0,,,,
709120,中美晶台新61購01,0,,,,
709121,原相台新5B購01,0,,,,
709122,博盛台新5B購01,40400,0.58,0.58,0.57,0.57
709123,博智台新5B購01,0,,,,
709124,博智台新5B購02,0,,,,
709125,博智台新5B購03,0,,,,
709126,順達台新5B購04,244400,1.09,1.5,1.0,1.5
709127,群聯台新5B購09,100700,0.38,0.38,0.38,0.38
709128,群聯台新5B購10,0,,,,
709129,群聯台新5B購11,0,,,,
709130,雷科台新5B購01,0,,,,
709131,雷科台新5B購02,280210,3.08,3.08,2.64,2.68
709132,廣穎台新5B購01,0,,,,
709133,聯合台新5B購01,0,,,,
709134,鑫科台新5B購01,0,,,,
709135,台特化富邦5C購02,0,,,,
709136,博智富邦61購02,3000,0.2,0.2,0.2,0.2
709137,群聯富邦61購03,0,,,,
709138,群聯富邦61購04,0,,,,
709139,安勤永豐5C購01,0,,,,
709140,朋程永豐5C購01,0,,,,
709141,博智永豐5C購02,0,,,,
709142,群聯永豐5C購05,84150,0.33,0.33,0.33,0.33
709143,群聯永豐63購01,0,,,,
709144,群聯永豐64購03,0,,,,
709145,群聯永豐65購04,72000,0.45,0.45,0.45,0.45
709146,漢科永豐5C購01,0,,,,
709147,中美晶統一66購01,207840,0.92,0.96,0.91,0.92
709148,正淩統一65購03,0,,,,
709149,沛亨統一63購01,0,,,,
709150,沛亨統一64購01,3800,0.38,0.38,0.38,0.38
709151,沛亨統一65購02,31080,0.41,0.41,0.38,0.38
709152,佳邦統一63購01,0,,,,
709153,佳邦統一65購01,0,,,,
709154,朋程統一65購01,40000,0.4,0.4,0.4,0.4
709155,欣銓統一63購02,0,,,,
709156,茂達統一65購03,0,,,,
709157,茂達統一69購01,55000,0.55,0.55,0.55,0.55
709158,茂綸統一65購02,147920,0.73,0.73,0.72,0.72
709159,茂綸統一65購03,67600,0.65,0.65,0.65,0.65
709160,神準統一66購01,72800,0.56,0.56,0.56,0.56
709161,博智統一63購02,27320,0.2,0.22,0.2,0.22
709162,博智統一65購01,0,,,,
709163,閎康統一65購04,0,,,,
709164,萬泰科統一75購01,0,,,,
709165,群聯統一5B購02,0,,,,
709166,群聯統一63購01,15500,0.31,0.31,0.31,0.31
709167,群聯統一63購02,250,0.25,0.25,0.25,0.25
709168,群聯統一65購01,560,0.28,0.28,0.28,0.28
709169,群聯統一65購02,0,,,,
709170,群聯統一69購01,47000,0.94,0.94,0.94,0.94
709171,群聯統一69購02,7950,0.53,0.53,0.53,0.53
709172,群聯統一6B購01,1010,1.01,1.01,1.01,1.01
709173,群聯統一75購01,362480,1.08,1.08,1.07,1.07
709174,聖暉*統一65購03,29720,0.5,0.54,0.5,0.54
709175,鈺太統一69購01,0,,,,
709176,臺慶科統一65購02,0,,,,
709177,臺慶科統一65購03,165040,0.53,0.54,0.53,0.54
709178,臺慶科統一69購01,87450,0.55,0.55,0.55,0.55
709179,廣穎統一65購01,0,,,,
709180,廣穎統一69購01,0,,,,
709181,擎亞統一65購03,0,,,,
709182,擎亞統一65購04,0,,,,
709183,鑫科統一69購02,0,,,,
709184,鑫聯統一69購01,0,,,,
709185,群聯中信63購01,3900,0.39,0.39,0.39,0.39
709186,倚強群益5B購01,2960,2.96,2.96,2.96,2.96
709187,原相群益5B購01,0,,,,
709188,博智群益5B購02,0,,,,
709189,博智群益5B購03,92520,0.09,0.09,0.09,0.09
709190,華容群益5B購01,0,,,,
709191,新盛力群益61購02,2400750,1.7,2.07,1.66,2.07
709192,群聯群益5B購07,9930,0.53,0.53,0.52,0.52
709193,臺慶科群益5B購03,0,,,,
709194,優群群益5B購01,0,,,,
709195,擎亞群益62購01,0,,,,
709196,寶雅群益5B購01,0,,,,
709197,鑫科群益5B購02,0,,,,
709198,久元永豐5B購01,0,,,,
709199,威聯通永豐61購01,0,,,,
709200,富喬永豐61購02,310960,1.12,1.14,1.08,1.08
709201,富喬永豐66購01,288540,1.34,1.35,1.32,1.32
709202,富喬永豐68購01,1048000,1.31,1.31,1.28,1.28
709203,順達永豐64購01,194310,0.73,0.91,0.73,0.91
709204,順達永豐67購01,294550,0.82,0.99,0.82,0.99
709205,鈊象永豐63購01,62100,1.13,1.13,1.12,1.12
709206,新盛力永豐5C購02,335890,0.6,0.75,0.6,0.73
709207,擎亞永豐63購01,0,,,,
709208,沛亨凱基5B購03,51700,0.14,0.14,0.11,0.11
709209,佳邦凱基5B購01,0,,,,
709210,富喬凱基5B購02,146940,0.93,0.93,0.83,0.91
709211,富喬凱基61購02,41100,1.37,1.37,1.37,1.37
709212,富喬凱基61購03,74600,1.2,1.2,1.15,1.15
709213,勤凱凱基5B購02,2520,0.28,0.28,0.28,0.28
709214,勤凱凱基5B購03,690400,0.33,0.4,0.33,0.4
709215,勤凱凱基5B購04,52000,0.54,0.66,0.54,0.65
709216,群聯凱基61購04,0,,,,
709217,臺慶科凱基5B購03,0,,,,
709218,擎亞凱基61購01,0,,,,
709219,中光電台新5B購02,0,,,,
709220,台星科台新5B購01,23660,0.7,0.7,0.68,0.68
709221,台星科台新5B購02,680,0.68,0.68,0.68,0.68
709222,立碁台新62購01,203870,2.4,2.4,2.04,2.11
709223,沛亨台新5B購04,0,,,,
709224,佳邦台新5B購02,2420,0.25,0.25,0.24,0.24
709225,佳邦台新5B購03,0,,,,
709226,順達台新5B購05,134080,1.48,1.48,1.38,1.38
709227,勤凱台新5B購02,1326990,0.65,0.72,0.64,0.72
709228,勤凱台新5B購03,74460,0.51,0.51,0.51,0.51
709229,擎亞台新5B購01,0,,,,
709230,擎亞台新5B購02,0,,,,
709231,雙鴻台新5B購01,0,,,,
709232,雙鴻台新5B購02,0,,,,
709233,雙鴻台新5B購03,0,,,,
709234,台半國泰5C購02,3360,1.12,1.12,1.12,1.12
709235,良維國泰5C購02,304320,1.05,1.18,1.05,1.18
709236,富喬國泰5C購01,11300,2.26,2.26,2.26,2.26
709237,順達國泰5C購01,23180,0.57,0.74,0.53,0.71
709238,群聯國泰5C購01,0,,,,
709239,群聯國泰5C購02,0,,,,
709240,威剛富邦5B購02,0,,,,
709241,富喬富邦5B購02,1412670,0.68,0.73,0.64,0.65
709242,群聯富邦62購06,1700,0.34,0.34,0.34,0.34
709243,均豪元大5B購04,0,,,,
709244,欣銓元大5B購03,251440,0.78,0.82,0.77,0.82
709245,威剛元大5B購15,80840,0.82,0.82,0.8,0.8
709246,原相元大5B購03,0,,,,
709248,富喬元大5B購03,513280,2.01,2.16,1.9,2.0
709249,富喬元大5B購04,164870,0.78,0.79,0.71,0.73
709250,富喬元大5B購05,471120,0.9,0.9,0.83,0.83
709251,勤凱元大5B購04,0,,,,
709252,新盛力元大5B購06,169820,0.99,1.14,0.94,1.14
709253,新盛力元大5B購07,215150,1.29,1.4,1.23,1.4
709254,群聯元大5B購17,198870,1.86,1.86,1.79,1.86
709255,群聯元大5B購18,135600,0.35,0.35,0.33,0.33
709256,臺慶科元大5B購01,0,,,,
709257,擎亞元大5B購09,0,,,,
709258,中美晶群益5B購05,0,,,,
709259,均豪群益5B購05,85800,0.55,0.55,0.55,0.55
709260,富喬群益5B購02,0,,,,
709261,勤凱群益5B購03,0,,,,
709262,新盛力群益63購01,2505680,1.11,1.33,1.08,1.3
709263,萬泰科群益5C購01,0,,,,
709264,群聯群益5B購08,39010,0.83,0.83,0.83,0.83
709265,擎亞群益5B購03,0,,,,
709266,雙鴻群益5B購09,0,,,,
709267,方土昶永豐5C購01,650,0.21,0.22,0.21,0.22
709268,茂達永豐63購01,0,,,,
709269,精確永豐5B購01,3360,0.14,0.14,0.14,0.14
709270,優群永豐5C購01,0,,,,
709271,中美晶凱基5B購05,77200,1.06,1.15,1.06,1.08
709272,台半凱基5B購02,0,,,,
709273,立碁凱基5B購02,350270,1.35,1.35,0.95,1.04
709274,均豪凱基5B購04,0,,,,
709275,沛亨凱基5C購01,42500,0.33,0.33,0.28,0.28
709276,原相凱基5B購04,0,,,,
709277,華容凱基5B購01,0,,,,
709278,華容凱基5C購01,5010,1.67,1.67,1.67,1.67
709279,萬泰科凱基5B購02,1200,0.12,0.12,0.12,0.12
709280,精材凱基5B購09,29300,2.93,2.93,2.93,2.93
709281,大中台新5B購02,28390,0.69,0.71,0.69,0.69
709282,立碁台新5B購01,125830,2.65,2.66,2.22,2.22
709283,立碁台新5B購02,474820,2.21,2.21,2.02,2.04
709284,艾訊台新5B購03,111240,0.54,0.54,0.54,0.54
709285,艾訊台新5B購04,20000,0.4,0.4,0.4,0.4
709286,佳邦台新5B購04,0,,,,
709287,南俊台新5B購01,1330,0.19,0.19,0.19,0.19
709288,南俊台新5B購02,0,,,,
709289,順達台新5B購06,0,,,,
709290,勤凱台新5B購04,18000,0.4,0.4,0.4,0.4
709291,臺慶科台新5B購06,3350,0.32,0.35,0.32,0.35
709292,臺慶科台新5B購07,0,,,,
709293,群聯兆豐65購03,95700,0.5,0.51,0.5,0.5
709294,中美晶元大5B購06,29900,1.0,1.0,0.99,0.99
709295,方土昶元大5B購01,0,,,,
709296,世界元大5B購04,270730,0.96,1.09,0.96,1.03
709297,台半元大5B購05,2700,0.9,0.9,0.9,0.9
709298,倚強元大5B購01,268760,2.09,2.79,2.09,2.79
709299,華容元大5B購01,0,,,,
709300,群聯元大61購07,0,,,,
709301,聖暉*元大5B購05,234060,0.47,0.47,0.47,0.47
709302,臺慶科元大5B購02,0,,,,
709303,優群元大5B購02,0,,,,
709305,鑫科元大5B購03,0,,,,
709306,久元群益65購01,0,,,,
709307,中美晶群益5B購06,1409390,2.5,2.75,2.48,2.48
709308,世界群益5C購02,63900,0.71,0.71,0.71,0.71
709309,南俊群益5B購01,0,,,,
709310,茂達群益5B購02,0,,,,
709311,富喬群益5B購03,714750,1.42,1.43,1.23,1.28
709312,群聯群益5B購09,1200,0.12,0.12,0.12,0.12
709313,精材群益5B購09,0,,,,
709314,雙鴻群益5B購10,0,,,,
709315,沛亨永豐65購01,0,,,,
709316,長科*永豐61購01,0,,,,
709317,順達永豐64購02,396280,0.37,0.37,0.36,0.36
709318,群聯永豐5C購06,0,,,,
709319,群聯永豐5C購07,0,,,,
709320,群聯永豐65購05,0,,,,
709321,沛亨元大5B購03,0,,,,
709322,沛亨元大5B購04,0,,,,
709323,沛亨元大5B購05,0,,,,
709324,良維元大5B購02,0,,,,
709325,佳邦元大5B購01,0,,,,
709326,朋程元大5B購01,0,,,,
709327,茂達元大5B購01,0,,,,
709328,富喬元大61購03,308680,1.47,1.5,1.4,1.4
709329,群聯元大61購08,0,,,,
709330,良維富邦5C購02,0,,,,
709331,朋程富邦61購01,0,,,,
709332,順達富邦61購01,25750,0.25,0.25,0.25,0.25
709333,大中群益5B購01,18360,1.06,1.06,0.35,0.36
709334,大中群益5B購02,19800,0.36,0.36,0.36,0.36
709335,均豪群益5B購06,0,,,,
709336,宏捷科群益5B購02,0,,,,
709337,良維群益5B購04,0,,,,
709338,佳邦群益5B購02,0,,,,
709339,佳邦群益5B購03,0,,,,
709340,朋程群益5B購03,0,,,,
709341,長科*群益5B購01,288380,1.2,1.2,1.12,1.18
709342,順達群益5B購04,0,,,,
709343,群翊群益5B購02,0,,,,
709344,漢科群益5B購01,0,,,,
709345,精材群益5B購10,0,,,,
709346,台半凱基5B購03,108600,0.2,0.2,0.16,0.16
709347,沛亨凱基5B購04,0,,,,
709348,朋程凱基5B購03,0,,,,
709349,順達凱基5B購04,0,,,,
709350,群聯凱基5B購09,0,,,,
709351,聖暉*凱基5B購05,0,,,,
709352,優群凱基5B購02,0,,,,
709353,大中台新5B購03,0,,,,
709354,台半台新5B購04,0,,,,
709355,台半台新5B購05,0,,,,
709356,金益鼎台新5B購01,0,,,,
709357,博盛台新5B購02,0,,,,
709358,順達台新5B購07,0,,,,
709359,勤凱台新5B購05,0,,,,
709360,群翊台新5B購01,0,,,,
709361,穩得台新5B購01,0,,,,
709362,台半凱基5B購04,7000,0.36,0.36,0.34,0.34
709363,台特化凱基5B購03,0,,,,
709364,宏捷科凱基5B購02,0,,,,
709365,長科*凱基5B購01,3720,0.62,0.62,0.62,0.62
709366,富喬凱基62購01,110640,1.15,1.15,1.08,1.09
709367,萊德光凱基5B購01,160720,0.17,0.25,0.13,0.13
709368,萊德光凱基5B購02,225000,0.45,0.49,0.31,0.31
709369,順達凱基5B購05,26800,0.04,0.07,0.04,0.06
709370,勤凱凱基5B購05,67070,0.07,0.11,0.07,0.11
709371,群翊凱基62購01,0,,,,
709372,聖暉*凱基5B購06,350,0.07,0.07,0.07,0.07
709373,漢科凱基5B購01,0,,,,
709374,廣穎凱基5B購03,0,,,,
709375,雙鴻凱基5B購03,0,,,,
709376,系統電台新5B購01,0,,,,
709377,華容台新5B購01,0,,,,
709378,鈺太台新5B購01,0,,,,
709379,鈺太台新5B購02,0,,,,
709380,鈺太台新5B購03,0,,,,
709381,精材台新5B購07,0,,,,
709382,廣穎台新5B購02,0,,,,
709383,點序台新5B購01,0,,,,
709384,點序台新62購01,325000,0.37,0.42,0.36,0.38
709385,佳邦元大5B購02,0,,,,
709386,長科*元大5B購01,0,,,,
709387,順達元大5B購08,1950,0.17,0.25,0.17,0.25
709388,順達元大62購01,33800,0.58,0.58,0.56,0.56
709389,群聯元大5B購19,0,,,,
709390,群聯元大63購04,184730,0.38,0.38,0.37,0.37
709391,聖暉*元大5B購06,0,,,,
709392,佳邦富邦5B購01,0,,,,
709393,精材富邦5B購03,124750,3.52,3.63,3.52,3.63
709394,台半群益62購01,15750,0.45,0.45,0.45,0.45
709395,聖暉*群益5B購03,0,,,,
709396,優群群益62購01,0,,,,
709397,佳邦國泰5C購01,0,,,,
709398,威聯通國泰5C購01,0,,,,
709399,勤凱國泰5C購02,76830,0.5,0.64,0.5,0.64
709400,台半永豐63購02,32340,0.77,0.77,0.77,0.77
709401,台特化永豐63購01,0,,,,
709402,佳邦永豐5C購01,0,,,,
709403,萊德光永豐5C購01,31290,0.38,0.43,0.33,0.33
709404,勤凱永豐5C購04,7500,0.5,0.5,0.5,0.5
709405,群聯永豐5B購01,0,,,,
709406,鏵友益永豐5C購02,104790,0.21,0.21,0.21,0.21
709407,久元元大5C購01,0,,,,
709408,中美晶元大5C購03,20900,1.9,1.9,1.9,1.9
709409,世界元大5C購02,0,,,,
709410,台半元大5C購02,0,,,,
709411,良維元大5C購02,0,,,,
709412,佳邦元大5C購02,0,,,,
709413,富喬元大5C購03,512310,1.09,1.15,1.03,1.03
709414,順達元大5C購02,0,,,,
709415,勤凱元大5C購01,0,,,,
709416,群聯元大5C購03,192790,1.13,1.13,1.08,1.09
709417,精材元大5C購01,0,,,,
709418,中美晶永豐64購01,72030,1.12,1.15,1.1,1.1
709419,長科*永豐61購02,18200,0.91,0.91,0.91,0.91
709420,晶焱永豐61購01,0,,,,
709421,華容永豐64購01,16850,3.37,3.37,3.37,3.37
709422,臺慶科永豐66購01,0,,,,
709423,廣穎永豐61購02,0,,,,
709424,台半凱基5C購02,200,0.1,0.1,0.1,0.1
709425,巨漢凱基5C購01,0,,,,
709426,良維凱基5C購03,0,,,,
709427,佳邦凱基5C購02,0,,,,
709428,佳邦凱基5C購03,0,,,,
709429,威剛凱基64購01,0,,,,
709430,順達凱基5C購02,0,,,,
709431,勤凱凱基5C購01,0,,,,
709432,勤凱凱基5C購02,0,,,,
709433,勤凱凱基62購01,165470,0.26,0.33,0.26,0.3
709434,群聯凱基66購01,214870,0.38,0.38,0.37,0.37
709435,廣穎凱基5C購01,0,,,,
709436,巨漢台新5C購01,0,,,,
709437,巨漢台新5C購02,0,,,,
709438,湧德台新61購01,0,,,,
709439,華容台新5C購01,0,,,,
709440,華容台新5C購02,0,,,,
709441,鈊象台新5C購01,0,,,,
709442,鑫聯台新5C購01,0,,,,
709443,台半群益5C購01,10000,0.24,0.24,0.2,0.2
709444,台特化群益5C購02,25500,0.75,0.75,0.75,0.75
709445,立敦群益5C購01,0,,,,
709446,勤凱群益5C購01,0,,,,
709447,廣穎群益5C購01,0,,,,
709448,雙鴻群益5C購01,12450,4.15,4.15,4.15,4.15
709449,聖暉*國泰61購01,0,,,,
709450,雙鴻國泰61購02,0,,,,
709451,久元富邦66購01,0,,,,
709452,台半富邦64購01,195640,0.36,0.36,0.32,0.32
709453,台半富邦66購01,307100,0.37,0.37,0.37,0.37
709454,宏捷科富邦66購01,190,0.19,0.19,0.19,0.19
709455,宏捷科富邦66購02,2530,0.23,0.23,0.23,0.23
709456,長科*富邦63購01,0,,,,
709457,威剛富邦62購01,0,,,,
709458,富喬富邦66購01,274530,1.07,1.08,1.04,1.07
709459,智通*富邦64購01,21380,1.08,1.08,1.06,1.06
709460,智通*富邦66購01,104750,0.58,0.58,0.56,0.56
709461,閎康富邦66購01,46720,0.32,0.32,0.32,0.32
709462,鈊象富邦66購01,0,,,,
709463,群聯富邦64購01,0,,,,
709464,雙鴻富邦64購01,0,,,,
709465,台半國票61購02,47900,0.23,0.23,0.22,0.22
709466,台半國票61購03,87500,0.22,0.22,0.2,0.21
709467,佳邦國票61購01,12000,0.04,0.04,0.04,0.04
709468,佳邦國票61購02,9600,0.04,0.04,0.04,0.04
709469,萊德光國票61購01,172270,0.36,0.5,0.26,0.26
709470,順達國票61購01,0,,,,
709471,中美晶群益62購02,164790,0.93,1.04,0.93,0.95
709472,台星科群益62購01,9210,0.5,0.58,0.5,0.58
709473,威剛群益62購01,0,,,,
709474,茂綸群益62購01,1058730,1.5,1.55,1.47,1.53
709475,振曜群益5C購01,0,,,,
709476,創惟群益5C購01,0,,,,
709477,群聯群益5C購02,0,,,,
709478,鈊象國泰61購01,0,,,,
709479,臺慶科國泰61購01,0,,,,
709480,朋程永豐5C購02,0,,,,
709481,欣銓永豐64購01,64710,0.84,0.87,0.84,0.87
709482,達航永豐61購01,0,,,,
709483,達航永豐64購01,167620,0.45,0.46,0.43,0.43
709484,立敦富邦66購01,0,,,,
709485,宏觀富邦66購01,0,,,,
709486,順達富邦61購02,48650,0.3,0.35,0.3,0.35
709487,漢科富邦66購01,44950,0.66,0.66,0.65,0.65
709488,廣明富邦66購01,0,,,,
709489,璟德富邦66購01,0,,,,
709490,久元凱基5C購02,0,,,,
709491,中美晶凱基5C購02,688950,0.59,0.71,0.54,0.59
709492,立敦凱基5C購01,0,,,,
709493,良維凱基64購01,0,,,,
709494,朋程凱基61購01,1800,0.09,0.09,0.09,0.09
709495,能率亞凱基5C購01,1040,0.21,0.21,0.2,0.2
709496,富喬凱基5C購01,0,,,,
709497,華容凱基5C購02,0,,,,
709498,群聯凱基5C購02,0,,,,
709499,廣穎凱基61購01,7410,0.21,0.21,0.12,0.12
709500,中美晶台新63購01,78530,1.76,1.87,1.76,1.87
709501,立敦台新5C購01,0,,,,
709502,宏觀台新5C購01,0,,,,
709503,南俊台新5C購01,11600,0.29,0.29,0.29,0.29
709504,聖暉*台新5C購01,0,,,,
709505,精材台新5C購02,0,,,,
709506,精材台新5C購03,0,,,,
709507,璟德台新5C購01,0,,,,
709508,久元元大5C購02,0,,,,
709510,朋程元大5C購01,0,,,,
709511,長科*元大5C購01,0,,,,
709512,富喬元大61購04,223440,0.98,0.98,0.98,0.98
709513,晶焱元大5C購01,0,,,,
709514,順達元大5C購03,148800,0.3,0.3,0.3,0.3
709515,順達元大64購05,434720,0.97,1.16,0.91,1.12
709516,群聯元大61購09,0,,,,
709517,臺慶科元大5C購01,0,,,,
709518,中美晶富邦62購01,349930,0.96,1.0,0.89,0.93
709519,世界凱基5C購04,0,,,,
709520,世紀*凱基5C購01,0,,,,
709521,台半凱基61購02,31550,0.28,0.28,0.27,0.27
709522,立端凱基61購01,0,,,,
709523,宏觀凱基61購03,0,,,,
709524,系統電凱基5C購02,0,,,,
709525,宜特凱基61購02,0,,,,
709526,長科*凱基5C購01,48480,0.16,0.16,0.16,0.16
709527,宸曜凱基5C購01,0,,,,
709528,順達凱基64購02,6840,0.48,0.54,0.48,0.54
709529,群聯凱基5C購03,0,,,,
709530,大綜台新5C購01,2719950,2.52,2.61,2.3,2.57
709531,系統電台新5C購01,0,,,,
709532,萊德光台新5C購01,565490,0.48,0.8,0.33,0.33
709533,廣運台新5C購01,0,,,,
709534,台半永豐61購02,0,,,,
709535,安葆永豐63購01,7230,2.41,2.41,2.41,2.41
709536,良維永豐5C購03,0,,,,
709537,雙鴻永豐64購02,252700,1.51,1.51,1.47,1.47
709538,久元元大5C購03,0,,,,
709539,中美晶元大5C購04,70560,0.98,0.98,0.98,0.98
709540,世界元大5C購03,275200,0.98,1.03,0.96,1.0
709541,世界元大64購05,86620,0.86,0.91,0.86,0.91
709542,台半元大5C購03,0,,,,
709543,台半元大5C購04,0,,,,
709544,台半元大66購02,0,,,,
709545,良維元大5C購03,3070,0.14,0.14,0.05,0.12
709546,欣銓元大5C購01,248580,0.46,0.5,0.46,0.5
709547,長科*元大5C購02,18100,0.75,0.76,0.75,0.75
709548,長科*元大5C購03,44840,1.06,1.06,1.03,1.05
709549,長科*元大66購01,187110,1.0,1.0,0.98,0.98
709550,富喬元大61購05,56800,0.8,0.8,0.8,0.8
709551,順達元大5C購04,0,,,,
709552,順達元大64購06,301260,0.88,1.03,0.86,1.0
709553,群聯元大61購10,0,,,,
709554,聖暉*元大5C購04,0,,,,
709555,方土昶群益5C購01,0,,,,
709556,世界群益5C購03,105300,0.58,0.6,0.58,0.6
709557,台半群益5C購02,0,,,,
709558,台半群益61購01,0,,,,
709559,系微群益5C購01,0,,,,
709560,長科*群益61購01,19600,0.49,0.49,0.49,0.49
709561,南俊群益5C購01,30720,0.14,0.29,0.12,0.18
709562,富喬群益5C購02,964160,1.92,2.34,1.9,1.9
709563,群聯群益5C購03,0,,,,
709564,臺慶科群益5C購01,0,,,,
709565,廣運群益5C購01,0,,,,
709566,雙鴻群益5C購02,715250,1.88,1.88,1.75,1.75
709567,方土昶凱基5C購02,0,,,,
709568,威剛凱基61購01,46700,0.13,0.13,0.11,0.12
709569,雅特力凱基5C購01,0,,,,
709570,聰泰凱基5C購01,0,,,,
709571,雙鴻凱基5C購07,212740,1.1,1.16,1.08,1.08
709572,雙鴻凱基5C購08,18960,1.15,1.22,1.15,1.22
709573,能率台新5C購01,0,,,,
709574,良維富邦61購02,1400,0.14,0.14,0.14,0.14
709575,群聯富邦63購01,2100,0.21,0.21,0.21,0.21
709576,雙鴻富邦62購01,0,,,,
709577,達航國票61購01,2310,0.21,0.21,0.21,0.21
709579,中美晶元大5C購05,23600,2.36,2.36,2.36,2.36
709580,世界元大5C購04,120870,1.24,1.37,1.24,1.29
709581,世界元大64購06,0,,,,
709582,台半元大5C購05,0,,,,
709583,台半元大66購03,0,,,,
709584,宏觀元大5C購03,0,,,,
709585,威剛元大5C購01,5500,0.11,0.11,0.11,0.11
709586,富喬元大64購01,531030,1.09,1.12,1.03,1.05
709587,順達元大5C購05,105840,0.84,0.84,0.84,0.84
709588,群聯元大61購11,5700,0.19,0.19,0.19,0.19
709589,群聯元大64購04,93000,0.31,0.31,0.31,0.31
709591,威剛群益5C購03,5700,0.19,0.19,0.19,0.19
709592,群聯群益5C購04,0,,,,
709593,桓達永豐61購01,0,,,,
709594,宏觀國票61購01,0,,,,
709595,富喬國票5C購03,0,,,,
709596,群聯國票61購04,0,,,,
709597,精確國票61購01,7820,0.48,0.48,0.42,0.42
709598,磐亞國票61購01,31840,1.36,1.68,1.36,1.68
709599,雙鴻國票61購01,0,,,,
709600,中美晶元大5C購06,58560,1.99,2.04,1.99,2.02
709601,世界元大5C購05,0,,,,
709602,世界元大64購07,97120,1.37,1.46,1.37,1.43
709603,世界元大66購02,9000,0.9,0.9,0.9,0.9
709604,系統電元大5C購03,0,,,,
709605,威剛元大5C購02,0,,,,
709606,威剛元大61購02,0,,,,
709607,群聯元大5C購04,0,,,,
709608,群聯元大5C購05,0,,,,
709609,群聯元大61購12,0,,,,
709610,群聯元大64購05,0,,,,
709611,磐亞元大5C購01,1799900,2.64,3.11,2.59,3.11
709612,系統電富邦61購02,0,,,,
709613,大綜永豐61購01,142930,1.25,1.33,1.22,1.28
709614,磐亞永豐61購01,2060,2.06,2.06,2.06,2.06
709615,方土昶凱基5C購03,0,,,,
709616,華電網凱基5C購01,0,,,,
709617,磐亞凱基5C購01,139370,1.81,2.16,1.81,2.16
709618,雙鴻凱基61購04,502390,1.08,1.13,1.06,1.06
709619,大綜台新5C購02,396520,1.5,1.78,1.41,1.62
709620,系統電台新61購01,0,,,,
709621,良維台新5C購01,0,,,,
709622,順達台新5C購02,509200,0.25,0.38,0.24,0.36
709623,精材台新62購01,0,,,,
709624,雙鴻台新5C購01,149830,1.26,1.3,1.21,1.21
709625,力致群益5C購01,0,,,,
709626,威剛群益5C購04,0,,,,
709627,群聯群益5C購05,0,,,,
709628,雙鴻群益62購01,1515610,0.82,0.85,0.8,0.81
709629,方土昶永豐63購01,0,,,,
709630,系微永豐61購01,27300,0.21,0.21,0.21,0.21
709631,宜特永豐5C購03,0,,,,
709632,家登永豐5C購01,9960,0.63,0.63,0.55,0.55
709633,鈊象永豐64購01,7000,0.7,0.7,0.7,0.7
709634,群聯永豐5C購08,0,,,,
709635,雙鴻群益5C購03,64030,3.37,3.37,3.37,3.37
709636,大綜國票5C購01,292900,0.63,0.68,0.63,0.64
709637,台特化國票61購01,0,,,,
709638,光聚晶國票61購01,1000,0.2,0.2,0.2,0.2
709639,系統電國票61購01,0,,,,
709640,家登國票5C購01,0,,,,
709641,海韻電國票61購01,0,,,,
709642,鈊象國票61購01,8700,0.44,0.44,0.43,0.43
709643,聖暉*國票61購01,0,,,,
709644,大綜凱基5C購01,286240,0.29,0.37,0.29,0.33
709645,伍豐凱基5C購01,0,,,,
709646,系統電凱基5C購03,0,,,,
709647,朋億*凱基5C購01,361180,0.4,0.4,0.38,0.38
709648,威剛凱基5C購03,72250,0.19,0.19,0.17,0.17
709649,茂訊凱基5C購01,26440,0.42,0.42,0.41,0.41
709650,富喬凱基5C購02,0,,,,
709651,晶焱凱基5C購01,0,,,,
709652,雅特力凱基5C購02,6140,0.52,0.52,0.51,0.51
709653,群聯凱基5C購04,100800,0.12,0.12,0.12,0.12
709654,精確凱基5C購01,110280,0.42,0.42,0.36,0.36
709655,大綜台新5C購03,197790,0.79,0.9,0.72,0.88
709656,大綜台新5C購04,7500,0.75,0.75,0.75,0.75
709657,方土昶台新5C購01,0,,,,
709658,富喬台新5C購01,52720,1.56,1.56,1.52,1.52
709659,富喬台新5C購02,98230,2.09,2.09,2.09,2.09
709660,晶焱台新5C購01,0,,,,
709661,晶焱台新5C購02,0,,,,
709662,晶焱台新5C購03,0,,,,
709663,群聯台新5C購01,0,,,,
709664,大綜元大5C購01,475890,0.4,0.47,0.37,0.43
709665,中美晶元大5C購07,21740,2.12,2.18,2.12,2.18
709666,台半元大5C購06,0,,,,
709668,威剛元大61購03,139280,0.3,0.3,0.28,0.28
709669,家登元大5C購04,2350,0.47,0.47,0.47,0.47
709670,群聯元大5C購06,0,,,,
709671,群聯元大5C購07,160320,0.32,0.32,0.32,0.32
709672,群聯元大5C購08,0,,,,
709673,群聯元大66購05,0,,,,
709674,聖暉*元大5C購05,0,,,,
709675,聖暉*元大5C購06,0,,,,
709676,家登富邦63購01,23180,0.61,0.61,0.61,0.61
709677,正德群益5C購01,0,,,,
709678,威剛群益5C購05,0,,,,
709679,家登群益5C購01,0,,,,
709680,富喬群益5C購03,8680,2.17,2.17,2.17,2.17
709681,華容群益5C購01,0,,,,
709682,群聯群益5C購06,46240,1.02,1.02,1.0,1.0
709683,聖暉*群益5C購02,0,,,,
709684,立端永豐64購01,63000,0.63,0.63,0.63,0.63
709685,威剛永豐6C購01,0,,,,
709686,建榮永豐61購01,39680,0.35,0.35,0.32,0.32
709687,茂訊永豐5C購01,0,,,,
709688,雅特力永豐61購01,1103840,1.07,1.07,1.0,1.0
709689,群聯永豐5C購09,0,,,,
709690,綠界*永豐61購01,0,,,,
709691,聰泰永豐61購01,0,,,,
709692,立敦國票5C購01,0,,,,
709693,立敦國票5C購02,0,,,,
709694,伍豐國票61購01,0,,,,
709695,光焱國票61購01,11000,0.22,0.22,0.22,0.22
709696,安勤國票61購01,470,0.47,0.47,0.47,0.47
709697,系統電國票61購02,0,,,,
709698,邑昇國票61購01,13890,0.39,0.39,0.38,0.38
709699,信音國票5C購01,0,,,,
709700,建榮國票5C購01,40500,0.14,0.14,0.13,0.13
709701,博士旺國票5C購01,0,,,,
709702,博智國票5C購01,0,,,,
709703,博智國票5C購02,0,,,,
709704,晶焱國票5C購01,0,,,,
709705,雅特力國票61購01,0,,,,
709706,雅特力國票61購02,237580,0.65,0.65,0.62,0.63
709707,意德士國票61購01,189000,0.54,0.54,0.54,0.54
709708,聚和國票61購01,0,,,,
709709,臺慶科國票61購02,19260,0.26,0.26,0.19,0.19
709710,廣閎科國票61購01,83080,1.15,1.15,1.1,1.1
709711,騰雲國票61購01,0,,,,
709712,威剛國泰61購01,0,,,,
709713,湧德國泰61購01,0,,,,
709714,光焱台新5C購01,2970,0.33,0.33,0.33,0.33
709715,兆利台新5C購01,0,,,,
709716,兆利台新5C購02,0,,,,
709717,雅特力台新5C購01,0,,,,
709718,雅特力台新5C購02,11920,0.63,0.63,0.62,0.62
709719,鈊象台新5C購02,11150,0.56,0.56,0.55,0.55
709720,雙鴻台新5C購02,0,,,,
709721,雙鴻台新5C購03,0,,,,
709722,穩得台新5C購01,0,,,,
709723,中美晶元大5C購08,0,,,,
709724,中美晶元大5C購09,12770,1.58,1.63,1.57,1.63
709725,方土昶元大5C購01,0,,,,
709728,信音元大5C購01,0,,,,
709729,威剛元大61購04,0,,,,
709730,富喬元大64購02,1421810,1.7,1.7,1.61,1.62
709731,順達元大5C購06,367790,0.89,1.19,0.89,1.19
709732,鈊象元大5C購05,0,,,,
709733,群聯元大5C購09,0,,,,
709734,群聯元大5C購10,0,,,,
709735,群聯元大5C購11,0,,,,
709736,群聯元大66購06,40260,0.61,0.61,0.6,0.6
709737,精材元大5C購03,0,,,,
709738,精材元大64購01,0,,,,
709739,精材元大66購04,278900,5.55,6.0,5.45,6.0
709740,順達凱基5C購03,3050,0.13,0.16,0.13,0.16
709741,群聯凱基5C購05,230,0.23,0.23,0.23,0.23
709742,聖暉*凱基5C購02,500,0.1,0.1,0.1,0.1
709743,精材凱基61購05,0,,,,
709744,臺慶科凱基5C購02,0,,,,
709745,宜鼎元大5C購05,1540,0.22,0.22,0.22,0.22
709746,宜鼎元大61購04,0,,,,
709747,廣閎科元大5C購01,250310,1.08,1.08,1.01,1.02
709748,宜鼎群益5C購01,3800,0.13,0.13,0.12,0.12
709749,宜鼎群益5C購02,1600,0.08,0.08,0.08,0.08
709750,宜鼎群益5C購03,80,0.08,0.08,0.08,0.08
709751,方土昶國票61購01,0,,,,
709752,加高國票61購01,0,,,,
709753,宜鼎國票61購01,2300,0.23,0.23,0.23,0.23
709754,威聯通國票61購01,0,,,,
709755,凱崴國票61購01,17500,0.35,0.35,0.35,0.35
709756,港建*國票61購01,0,,,,
709757,華容國票61購01,3560,1.78,1.78,1.78,1.78
709758,萊德光國票61購02,0,,,,
709759,萊德光國票61購03,1135440,0.64,0.7,0.51,0.51
709760,宜特國泰61購01,0,,,,
709761,宜鼎國泰61購02,0,,,,
709762,宜鼎國泰61購03,0,,,,
709763,宜鼎國泰61購04,330,0.33,0.33,0.33,0.33
709764,台半富邦62購03,5600,0.56,0.56,0.56,0.56
709765,台半富邦63購01,0,,,,
709766,宜特富邦62購01,0,,,,
709767,宜鼎富邦5C購04,4400,0.08,0.08,0.08,0.08
709768,朋程富邦62購01,66940,0.35,0.36,0.35,0.36
709769,朋程富邦63購01,12210,0.33,0.33,0.33,0.33
709770,家登富邦62購02,70150,0.67,0.71,0.67,0.7
709771,家登富邦62購03,15500,0.53,0.53,0.51,0.51
709772,鈊象富邦62購01,0,,,,
709773,鈊象富邦63購01,0,,,,
709774,雙鴻富邦63購01,631850,1.02,1.04,1.0,1.03
709775,系統電凱基5C購04,0,,,,
709776,威剛凱基5C購04,0,,,,
709777,家登凱基5C購03,1520,0.76,0.76,0.76,0.76
709778,博智凱基5C購03,0,,,,
709779,富喬凱基5C購03,28200,1.39,1.44,1.39,1.44
709780,勤凱凱基5C購03,108710,0.19,0.25,0.18,0.22
709781,群聯凱基61購05,24750,0.33,0.33,0.33,0.33
709782,廣閎科凱基61購01,317500,0.74,0.74,0.69,0.69
709783,宜鼎台新5C購01,70400,0.22,0.22,0.22,0.22
709784,宜鼎台新5C購02,44000,0.22,0.22,0.22,0.22
709785,宜鼎台新5C購03,0,,,,
709786,宜鼎中信5C購02,2000,0.04,0.04,0.04,0.04
709787,宜鼎永豐64購01,2100,0.3,0.3,0.3,0.3
709788,宜鼎永豐65購01,35710,0.28,0.29,0.27,0.28
709789,宇峻國泰61購01,15340,0.9,0.92,0.9,0.92
709790,華景電國泰61購01,0,,,,
709791,群聯國泰61購02,0,,,,
709792,漢達國泰61購01,6250,6.25,6.25,6.25,6.25
709793,世界凱基5C購05,2760,0.69,0.69,0.69,0.69
709794,宜鼎凱基5C購03,14400,0.04,0.04,0.04,0.04
709795,宜鼎凱基5C購04,0,,,,
709796,宜鼎凱基5C購05,279000,0.09,0.09,0.09,0.09
709797,威聯通凱基61購01,0,,,,
709798,凱崴凱基61購01,28750,0.25,0.25,0.25,0.25
709799,華景電凱基5C購02,2240,0.07,0.07,0.07,0.07
709800,順達凱基61購01,0,,,,
709801,璟德凱基5C購01,30660,0.09,0.09,0.08,0.09
709802,立敦台新5C購02,0,,,,
709803,宏捷科台新5C購01,42420,0.42,0.42,0.42,0.42
709804,宜鼎台新5C購04,5400,0.18,0.18,0.18,0.18
709805,宜鼎台新61購01,0,,,,
709806,東浦台新5C購01,61150,0.49,0.51,0.47,0.51
709807,家登台新5C購01,199000,1.35,1.36,1.11,1.11
709808,順達台新61購02,0,,,,
709809,新漢台新5C購01,59000,0.59,0.59,0.59,0.59
709810,廣閎科台新5C購01,49220,2.14,2.14,2.14,2.14
709811,富喬中信5C購03,462680,1.12,1.21,1.08,1.1
709812,創惟永豐5C購01,0,,,,
709813,華容永豐61購01,21260,1.33,1.33,1.32,1.32
709814,群聯永豐64購04,0,,,,
709815,群聯永豐64購05,0,,,,
709816,宜鼎元大5C購06,0,,,,
709817,宜鼎元大5C購07,2200,0.22,0.22,0.22,0.22
709818,宜鼎元大5C購08,0,,,,
709819,威剛元大5C購03,91000,0.91,0.91,0.91,0.91
709820,群聯元大5C購12,0,,,,
709821,群聯元大5C購13,0,,,,
709822,群聯元大5C購14,0,,,,
709823,群聯元大61購13,49000,0.49,0.49,0.49,0.49
709824,廣閎科元大5C購02,32940,1.83,1.83,1.83,1.83
709825,雙鴻元大61購15,1427160,1.2,1.23,1.18,1.18
709826,力領國票61購01,0,,,,
709827,加高國票61購02,0,,,,
709828,立端國票61購01,5000,0.5,0.5,0.5,0.5
709829,邑錡國票5C購01,34680,0.34,0.34,0.34,0.34
709830,佳邦國票61購03,10500,0.21,0.21,0.21,0.21
709831,宜鼎國票61購02,34000,0.17,0.17,0.17,0.17
709832,東浦國票61購01,0,,,,
709833,杰力國票61購01,0,,,,
709834,金益鼎國票61購02,0,,,,
709835,長聖國票61購01,0,,,,
709836,胡連國票61購01,13200,0.44,0.44,0.44,0.44
709837,韋僑國票61購01,0,,,,
709838,宸曜國票5C購01,0,,,,
709839,能率亞國票61購01,19200,0.49,0.49,0.47,0.47
709840,凱崴國票61購02,0,,,,
709841,湧德國票5C購01,1150,0.23,0.23,0.23,0.23
709842,湧德國票5C購02,0,,,,
709843,華容國票61購02,124440,1.22,1.23,1.21,1.21
709844,華景電國票61購01,0,,,,
709845,華電網國票5C購02,0,,,,
709846,華電網國票5C購03,0,,,,
709847,廣閎科國票61購02,426640,0.85,0.85,0.83,0.83
709848,騰雲國票61購02,0,,,,
709849,系統電群益5C購01,0,,,,
709850,宜鼎群益5C購04,0,,,,
709851,威剛群益5C購06,0,,,,
709852,群聯群益5C購07,0,,,,
709853,兆利富邦62購01,0,,,,
709854,智通*富邦62購01,0,,,,
709855,湧德富邦62購01,0,,,,
709856,閎康富邦62購02,0,,,,
709857,聖暉*富邦5C購02,0,,,,
709858,廣閎科富邦5C購01,99230,0.59,0.6,0.58,0.58
709859,方土昶國票61購02,0,,,,
709860,台嘉碩國票5C購01,380,0.38,0.38,0.38,0.38
709861,台嘉碩國票5C購02,76800,0.32,0.32,0.32,0.32
709862,永信建國票61購01,0,,,,
709863,兆利國票61購01,0,,,,
709864,系統電國票61購03,0,,,,
709865,朋程國票5C購01,0,,,,
709866,東浦國票61購02,0,,,,
709867,順達國票61購02,85000,0.42,0.43,0.42,0.43
709868,緯軟國票61購01,0,,,,
709869,華容群益5C購02,2500,1.25,1.25,1.25,1.25
709870,廣閎科群益5C購01,564620,1.27,1.27,1.18,1.18
709871,順達中信5C購01,17450,0.14,0.21,0.14,0.21
709872,聖暉*中信5C購01,0,,,,
709873,世紀*永豐5C購01,91950,5.25,5.25,5.1,5.1
709874,博智永豐5C購03,0,,,,
709875,中美晶元大5C購10,57850,1.88,1.96,1.88,1.96
709876,宏觀元大5C購04,0,,,,
709877,良維元大5C購04,0,,,,
709878,博智元大5C購03,155140,0.34,0.36,0.33,0.36
709879,華容元大5C購01,0,,,,
709880,順達元大5C購07,305460,0.31,0.39,0.28,0.39
709881,精材元大5C購04,0,,,,
709882,臺慶科元大5C購02,0,,,,
709883,系統電凱基5C購05,0,,,,
709884,佳邦凱基5C購04,0,,,,
709885,泓格凱基5C購01,0,,,,
709886,金益鼎凱基5C購01,0,,,,
709887,茂迪凱基61購01,0,,,,
709888,創惟凱基61購01,4600,0.19,0.19,0.18,0.18
709889,湧德凱基61購01,310,0.31,0.31,0.31,0.31
709890,華容凱基61購01,250170,0.69,0.7,0.68,0.69
709891,群聯凱基5C購06,0,,,,
709892,臺慶科凱基61購01,0,,,,
709893,廣閎科凱基5C購01,171430,0.8,0.8,0.75,0.75
709894,雙鴻凱基5C購09,94650,1.5,1.52,1.47,1.47
709895,騰雲凱基61購01,24000,0.48,0.48,0.48,0.48
709896,中美晶統一66購02,1553130,1.15,1.2,1.13,1.14
709897,立敦統一63購02,11590,0.19,0.19,0.19,0.19
709898,立敦統一64購02,0,,,,
709899,立敦統一64購03,0,,,,
709900,佳邦統一64購01,0,,,,
709901,佳邦統一66購01,0,,,,
709902,宜鼎統一64購01,2300,0.23,0.23,0.23,0.23
709903,宜鼎統一64購02,0,,,,
709904,宜鼎統一64購03,0,,,,
709905,宜鼎統一64購04,96000,0.15,0.15,0.15,0.15
709906,宜鼎統一66購03,50840,0.25,0.25,0.23,0.24
709907,宜鼎統一66購04,0,,,,
709908,威剛統一6A購01,0,,,,
709909,建榮統一66購01,3800,0.38,0.38,0.38,0.38
709910,建榮統一6A購03,0,,,,
709911,家登統一66購01,229710,0.67,0.69,0.64,0.64
709912,凱崴統一66購01,0,,,,
709913,博智統一6C購01,0,,,,
709914,富喬統一64購02,315540,0.99,1.0,0.94,0.94
709915,富喬統一64購03,1133370,0.92,0.98,0.92,0.97
709916,富喬統一66購01,967260,1.36,1.42,1.3,1.38
709917,群聯統一64購02,0,,,,
709918,精材統一66購01,51800,2.58,2.6,2.58,2.6
709919,精材統一6C購01,20140,1.65,1.69,1.65,1.69
709920,臺慶科統一64購02,0,,,,
709921,臺慶科統一66購02,0,,,,
709922,臺慶科統一66購03,4400,0.22,0.22,0.22,0.22
709923,臺慶科統一6A購02,0,,,,
709924,廣閎科統一66購01,0,,,,
709925,廣運統一66購01,270,0.27,0.27,0.27,0.27
709926,廣運統一6C購01,0,,,,
709927,優群統一66購02,0,,,,
709928,雙鴻統一64購01,1040490,0.87,0.9,0.86,0.87
709929,雙鴻統一65購02,495120,1.47,1.53,1.44,1.5
709930,宏觀國泰61購01,0,,,,
709931,金益鼎國泰61購01,4100,0.41,0.41,0.41,0.41
709932,立敦台新5C購03,0,,,,
709933,威剛台新5C購01,610000,0.82,0.82,0.8,0.8
709934,威剛台新5C購02,6200,1.24,1.24,1.24,1.24
709935,威剛台新5C購03,0,,,,
709936,威剛台新61購01,0,,,,
709937,威剛台新62購01,22000,1.57,1.58,1.57,1.57
709938,威剛台新63購01,0,,,,
709939,威剛台新66購01,15350,1.03,1.03,1.02,1.02
709940,茂迪台新5C購01,0,,,,
709941,凱崴台新5C購01,9430,0.22,0.22,0.21,0.21
709942,華容台新5C購03,15500,1.55,1.55,1.55,1.55
709943,威剛富邦5C購01,0,,,,
709944,宜鼎永豐61購01,0,,,,
709945,胡連永豐61購01,92330,0.35,0.35,0.34,0.35
709946,艾訊國票61購01,0,,,,
709947,良維國票61購01,0,,,,
709948,朋億*國票61購01,0,,,,
709949,東浦國票61購03,0,,,,
709950,茂迪國票61購01,0,,,,
709951,凱崴國票61購03,0,,,,
709952,寶雅國票61購01,0,,,,
709953,台半群益62購02,169300,1.05,1.05,1.0,1.0
709954,中美晶凱基5C購03,0,,,,
709955,宏觀凱基5C購01,0,,,,
709956,良維凱基5C購04,0,,,,
709957,朋程凱基5C購01,10540,0.34,0.34,0.34,0.34
709958,博智凱基5C購04,0,,,,
709959,群ESG凱基61購01,3450,0.23,0.23,0.23,0.23
709961,緯軟凱基5C購01,0,,,,
709962,世界統一6A購01,112240,0.61,0.61,0.61,0.61
709963,正基統一66購01,3500,0.35,0.35,0.35,0.35
709964,立敦統一68購01,0,,,,
709965,宏觀統一6A購01,0,,,,
709966,家登統一6A購01,0,,,,
709967,富喬統一66購02,961950,1.13,1.18,1.13,1.14
709968,晶焱統一6A購01,0,,,,
709969,順達統一6A購01,51000,0.51,0.51,0.51,0.51
709970,群聯統一63購03,0,,,,
709971,群聯國泰61購03,43980,1.18,1.19,1.18,1.19
709972,富喬台新5C購04,4480,4.48,4.48,4.48,4.48
709973,世界富邦61購02,72360,0.64,0.66,0.64,0.66
709974,立碁富邦5C購01,117110,2.85,2.85,2.38,2.38
709975,良維富邦61購03,0,,,,
709976,世界元大5C購06,161940,1.26,1.28,1.25,1.25
709977,宜鼎元大5C購09,1550,0.31,0.31,0.31,0.31
709978,順達元大5C購08,262770,0.59,0.79,0.59,0.79
709980,雙鴻元大5C購06,738390,1.47,1.5,1.42,1.44
709981,家登永豐5C購02,108480,1.14,1.14,1.12,1.12
709982,漢達永豐61購01,0,,,,
709983,宜鼎元大5C購10,13500,0.27,0.27,0.27,0.27
709984,千附國票61購01,42300,1.04,1.07,1.0,1.0
709985,世禾國票61購01,9970,0.56,0.56,0.55,0.55
709986,台特化國票61購02,0,,,,
709987,伯特光國票61購01,3860,0.33,0.33,0.32,0.32
709988,岱稜國票61購01,2780,0.22,0.24,0.22,0.24
709989,昇佳電國票61購01,1170,0.39,0.39,0.39,0.39
709990,朋億*國票61購02,0,,,,
709991,欣銓國票61購02,0,,,,
709992,信音國票61購01,0,,,,
709993,茂綸國票61購01,9400,0.94,0.94,0.94,0.94
709994,新普國票61購01,17380,0.31,0.32,0.31,0.32
709995,聖暉*國票61購02,0,,,,
709996,精材國票61購01,61550,4.2,4.2,3.91,3.91
709997,綠界*國票61購01,0,,,,
709998,中美晶群益5C購03,126370,1.3,1.4,1.3,1.39
709999,順達群益5C購02,0,,,,
710000,精材群益5C購02,140750,9.25,9.25,8.5,8.5
710001,加高國泰61購01,0,,,,
710002,宜鼎國泰61購05,10500,0.5,0.5,0.5,0.5
710003,宜鼎國泰61購06,0,,,,
710004,信音國泰61購01,0,,,,
710005,臺慶科國泰61購02,0,,,,
710006,中美晶凱基5C購04,4000,1.0,1.0,1.0,1.0
710007,台半凱基61購03,90300,0.44,0.44,0.41,0.42
710008,宜鼎凱基5C購06,64000,0.16,0.16,0.16,0.16
710009,順達凱基5C購04,0,,,,
710010,群聯凱基5C購07,0,,,,
710011,臺慶科凱基5C購04,0,,,,
710012,雙鴻凱基5C購10,0,,,,
710013,大中統一6A購01,0,,,,
710014,中美晶統一64購02,83200,1.26,1.26,1.21,1.21
710015,朋億*統一63購01,0,,,,
710016,朋億*統一68購01,490,0.49,0.49,0.49,0.49
710017,宣德統一66購01,0,,,,
710018,建榮統一63購01,66100,0.37,0.37,0.36,0.37
710019,凱崴統一63購01,98100,0.24,0.24,0.21,0.21
710020,凱崴統一65購01,0,,,,
710021,博智統一62購03,0,,,,
710022,富喬統一63購01,1615280,1.41,1.53,1.39,1.44
710023,富喬統一65購03,495640,1.25,1.32,1.23,1.23
710024,富喬統一6C購02,54360,0.91,0.91,0.89,0.91
710025,聖暉*統一6A購03,0,,,,
710026,精材統一63購01,0,,,,
710027,雙鴻統一63購02,0,,,,
710028,穩得統一68購01,0,,,,
710029,佳邦富邦5C購01,0,,,,
710030,宜鼎富邦63購02,16800,0.21,0.21,0.21,0.21
710031,富喬富邦63購01,378630,1.02,1.03,0.96,0.96
710032,群聯富邦62購07,0,,,,
710033,群聯富邦62購08,0,,,,
710034,中美晶台新5C購01,0,,,,
710035,台半台新5C購01,18360,0.68,0.68,0.68,0.68
710036,台半台新5C購02,0,,,,
710037,廣閎科台新5C購02,280390,1.87,1.87,1.76,1.76
710038,良維永豐5C購04,45050,0.28,0.28,0.27,0.27
710039,朋億*永豐61購01,0,,,,
710040,華景電永豐63購01,0,,,,
710041,群聯永豐5C購10,0,,,,
710042,群聯永豐5C購11,0,,,,
710043,群聯永豐5C購12,0,,,,
710044,臺慶科永豐5C購02,0,,,,
710045,力致國票61購01,0,,,,
710046,千附國票61購02,62400,0.75,0.79,0.75,0.79
710047,中美晶國票61購02,31110,1.21,1.3,1.21,1.3
710048,加高國票61購03,0,,,,
710049,宏碁資國票61購01,32480,0.44,0.47,0.44,0.47
710050,朋億*國票61購03,0,,,,
710051,美琪瑪國票61購01,0,,,,
710052,高鋒國票61購01,9300,0.31,0.31,0.31,0.31
710053,博士旺國票5C購02,0,,,,
710054,閎康國票61購02,0,,,,
710055,聖暉*國票61購03,0,,,,
710056,臺慶科國票61購03,0,,,,
710057,廣閎科國票61購03,9750,0.65,0.65,0.65,0.65
710058,廣運國票61購01,0,,,,
710059,營邦國票5C購01,0,,,,
710060,營邦國票5C購02,1940,1.94,1.94,1.94,1.94
710061,鴻呈國票61購01,0,,,,
710062,中美晶凱基61購04,17220,0.75,0.75,0.74,0.74
710063,威剛凱基5C購06,0,,,,
710064,宣德凱基5C購01,0,,,,
710065,精材凱基5C購04,7280,3.64,3.64,3.64,3.64
710066,臺慶科凱基5C購05,0,,,,
710067,廣閎科凱基5C購02,12100,0.42,0.42,0.39,0.39
710068,營邦凱基5C購01,2580,1.3,1.3,1.28,1.28
710069,營邦凱基5C購02,203100,1.13,1.28,1.13,1.23
710070,營邦凱基5C購03,794480,0.87,1.05,0.87,0.99
710071,中美晶群益5C購04,121860,1.04,1.2,1.04,1.07
710072,兆利群益5C購01,0,,,,
710073,營邦群益5C購01,3830,1.93,1.93,1.9,1.9
710074,營邦群益5C購02,801460,1.45,1.84,1.45,1.74
710075,世界元大5C購07,222940,1.11,1.21,1.11,1.21
710076,世界元大63購04,207540,0.87,0.89,0.85,0.85
710077,宜鼎元大5C購11,0,,,,
710078,威剛元大61購05,0,,,,
710079,廣閎科元大5C購03,92320,0.58,0.58,0.54,0.54
710080,營邦元大5C購01,899410,1.78,2.12,1.78,2.02
710081,凱崴國泰61購01,2200,0.44,0.44,0.44,0.44
710082,廣閎科國泰61購01,0,,,,
710083,營邦國泰61購01,2035400,2.63,3.06,2.63,3.01
710084,營邦富邦62購01,0,,,,
710085,營邦富邦63購01,852220,0.63,0.72,0.62,0.71
710086,中美晶統一66購03,2280,0.76,0.76,0.76,0.76
710087,台特化統一6C購02,0,,,,
710088,朋程統一65購02,0,,,,
710089,朋億*統一66購01,0,,,,
710090,威剛統一63購01,0,,,,
710091,威剛統一65購05,0,,,,
710092,美琪瑪統一6A購01,0,,,,
710093,華景電統一64購03,0,,,,
710094,群聯統一66購01,0,,,,
710095,聖暉*統一66購01,0,,,,
710096,博智國泰61購01,0,,,,
710097,營邦統一66購01,821840,1.07,1.18,1.04,1.16
710098,營邦統一66購02,211730,1.06,1.09,1.06,1.09
710099,營邦統一66購03,0,,,,
710100,營邦統一6C購01,1186060,0.88,0.92,0.88,0.91
710101,中美晶台新5C購02,215090,1.19,1.35,0.91,1.22
710102,中美晶台新5C購03,443000,5.05,5.65,5.05,5.25
710103,東浦台新5C購02,0,,,,
710104,東浦台新5C購03,0,,,,
710105,勤凱台新5C購01,58520,0.38,0.38,0.38,0.38
710106,聖暉*台新5C購02,0,,,,
710107,聖暉*台新5C購03,0,,,,
710108,聖暉*台新5C購04,0,,,,
710109,廣閎科台新5C購03,140860,1.26,1.26,1.22,1.22
710110,銳澤台新5C購01,244180,0.61,0.61,0.59,0.6
710111,騰雲台新5C購01,53940,1.86,1.86,1.86,1.86
710112,中美晶凱基61購05,125520,0.73,0.73,0.72,0.72
710113,世界凱基5C購06,0,,,,
710114,宜鼎凱基5C購07,0,,,,
710115,朋億*凱基61購01,0,,,,
710116,威剛凱基5C購07,0,,,,
710117,威剛凱基5C購08,0,,,,
710118,宜鼎元大5C購12,0,,,,
710119,朋億*元大5C購01,0,,,,
710120,東浦元大5C購01,0,,,,
710121,威剛元大5C購04,0,,,,
710122,安碁台新5C購01,40320,0.72,0.72,0.72,0.72
710123,臺慶科台新5C購01,0,,,,
710124,中美晶國票61購03,0,,,,
710125,宏捷科國票61購01,3900,0.26,0.26,0.26,0.26
710126,朋億*國票61購04,0,,,,
710127,東浦國票61購04,0,,,,
710128,宣德國票61購01,0,,,,
710129,能率亞國票61購02,0,,,,
710130,宏捷科中信5C購01,0,,,,
710131,博智中信5C購01,0,,,,
710132,中美晶永豐5C購02,0,,,,
710133,中美晶永豐5C購03,0,,,,
710134,世界永豐66購01,0,,,,
710135,亞通永豐64購01,199170,1.54,1.69,1.54,1.69
710136,宣德永豐61購01,0,,,,
710137,博智永豐61購01,16000,0.16,0.16,0.16,0.16
710138,中美晶富邦5C購01,59590,1.01,1.01,1.01,1.01
710139,順達富邦62購02,3300,0.33,0.33,0.33,0.33
710140,聖暉*富邦5C購03,0,,,,
710141,中美晶中信5C購01,16450,0.47,0.47,0.47,0.47
710142,宏捷科凱基5C購02,0,,,,
710143,富喬凱基5C購05,131170,1.31,1.33,1.25,1.25
710144,群聯凱基5C購08,0,,,,
710145,廣閎科凱基5C購03,70000,0.35,0.35,0.35,0.35
710146,中美晶台新5C購04,130640,0.96,1.0,0.96,1.0
710147,台半台新5C購03,0,,,,
710148,均豪台新5C購01,0,,,,
710149,均豪台新5C購02,18000,0.9,0.9,0.9,0.9
710150,均豪台新5C購03,0,,,,
710151,宜鼎台新5C購06,0,,,,
710152,凱崴台新5C購02,11400,0.39,0.39,0.37,0.37
710153,廣閎科台新5C購04,0,,,,
710154,台半元大5C購07,0,,,,
710155,宜鼎元大5C購13,0,,,,
710156,威剛元大5C購05,0,,,,
710158,台半國泰61購01,17380,0.79,0.79,0.79,0.79
710159,博智國泰61購02,8330,0.49,0.49,0.49,0.49
710160,順達國泰61購01,0,,,,
710161,台半富邦62購04,2290,0.49,0.49,0.45,0.45
710162,台半富邦63購02,0,,,,
710163,朋程富邦62購02,0,,,,
710164,朋程富邦63購02,0,,,,
710165,鈊象富邦62購02,0,,,,
710166,營邦富邦62購02,0,,,,
710167,兆利永豐64購01,0,,,,
710168,宜鼎永豐63購01,44450,0.35,0.35,0.35,0.35
710169,精確永豐61購01,134460,0.59,0.59,0.51,0.51
710170,雙鴻永豐66購01,0,,,,
710171,廣閎科國票61購04,8550,0.57,0.57,0.57,0.57
710172,台半群益5C購04,0,,,,
710173,宏捷科群益5C購02,0,,,,
710174,臺慶科群益5C購02,0,,,,
710175,台半凱基5C購04,4000,0.2,0.2,0.2,0.2
710176,尼克森凱基5C購01,35000,0.07,0.07,0.07,0.07
710177,宏捷科凱基5C購03,0,,,,
710178,朋程凱基5C購02,0,,,,
710179,茂達凱基5C購01,0,,,,
710180,臺慶科凱基5C購06,0,,,,
710181,廣閎科凱基5C購04,59240,0.29,0.29,0.27,0.27
710182,大中台新5C購01,23250,0.45,0.45,0.42,0.42
710183,台半台新5C購04,0,,,,
710184,宜鼎台新61購02,46800,0.18,0.18,0.18,0.18
710185,晶焱台新5C購04,0,,,,
710186,晶焱台新5C購05,0,,,,
710187,廣閎科台新61購01,89880,0.82,0.82,0.78,0.78
710188,中美晶元大5C購11,117030,0.94,1.05,0.94,0.96
710190,宜鼎元大5C購14,0,,,,
710191,威剛元大5C購06,0,,,,
710192,群聯中信64購01,8580,0.22,0.22,0.22,0.22
710193,雙鴻中信66購01,17200,0.86,0.86,0.86,0.86
710194,雙鴻中信66購02,720100,1.09,1.11,1.06,1.07
710195,大中永豐64購01,0,,,,
710196,台半永豐64購01,0,,,,
710197,尼克森永豐64購01,3300,0.33,0.33,0.33,0.33
710198,信紘科永豐64購01,0,,,,
710199,家登永豐64購01,314690,1.36,1.36,1.25,1.25
710200,富喬永豐5C購02,39700,1.7,1.74,1.7,1.74
710201,鈊象永豐61購01,0,,,,
710202,鴻呈永豐61購01,0,,,,
710203,世禾國票61購02,0,,,,
710204,世紀*國票61購01,35750,3.25,3.25,3.25,3.25
710205,亞泰國票61購01,9900,0.33,0.33,0.33,0.33
710206,矽科國票61購01,0,,,,
710207,茂迪國票61購02,0,,,,
710208,茂達國票61購01,0,,,,
710209,崧騰國票61購01,0,,,,
710210,統振國票61購01,0,,,,
710211,博盛國票61購01,8160,0.37,0.38,0.37,0.38
710212,閎康國票61購03,0,,,,
710213,萬泰科國票61購01,530,0.53,0.53,0.53,0.53
710214,漢達國票61購01,0,,,,
710215,臺慶科國票61購04,0,,,,
710216,廣閎科國票61購05,0,,,,
710217,聰泰國票61購01,11700,0.39,0.39,0.39,0.39
710218,能率亞國泰61購01,0,,,,
710219,能率國泰61購01,0,,,,
710220,廣閎科國泰61購02,0,,,,
710221,凡甲富邦63購01,0,,,,
710222,立碁富邦5C購02,23100,3.3,3.3,3.3,3.3
710223,智通*富邦62購02,0,,,,
710224,宜鼎群益5C購05,0,,,,
710225,威剛群益5C購07,0,,,,
710226,威剛群益62購02,0,,,,
710227,宣德群益5C購01,0,,,,
710228,家登群益63購01,0,,,,
710229,凱崴群益5C購01,0,,,,
710230,博智群益5C購01,0,,,,
710231,富喬群益5C購04,0,,,,
710232,群聯群益5C購08,0,,,,
710233,群聯群益5C購09,0,,,,
710234,群聯群益61購05,0,,,,
710235,雙鴻群益62購02,59500,5.95,5.95,5.95,5.95
710236,威剛中信66購01,0,,,,
710237,富喬中信66購01,124730,0.79,0.82,0.77,0.77
710238,大中永豐5C購01,0,,,,
710239,中光電永豐61購01,22440,0.33,0.33,0.33,0.33
710240,世界永豐5C購02,0,,,,
710241,台半永豐61購03,0,,,,
710242,宜鼎永豐61購02,0,,,,
710243,原相永豐61購01,0,,,,
710244,達航永豐63購01,0,,,,
710245,漢達永豐64購01,99210,1.82,1.82,1.7,1.73
710247,台半元大63購03,8790,0.42,0.42,0.39,0.39
710249,佳邦元大5C購01,0,,,,
710250,朋程元大5C購02,0,,,,
710251,欣銓元大5C購02,163050,0.95,0.96,0.95,0.96
710252,欣銓元大5C購03,0,,,,
710253,家登元大5C購05,264120,0.84,0.88,0.74,0.74
710254,家登元大66購01,174330,1.24,1.27,1.2,1.23
710255,臺慶科元大5C購05,0,,,,
710256,台半國票61購04,4200,0.21,0.21,0.21,0.21
710257,台半國票61購05,0,,,,
710258,青雲國票5C購01,11370,0.37,0.37,0.36,0.37
710259,大中台新61購01,80660,0.55,0.55,0.51,0.51
710260,台半台新5C購05,0,,,,
710261,晶焱台新5C購06,0,,,,
710262,漢達台新5C購01,0,,,,
710263,臺慶科台新5C購03,0,,,,
710264,世界凱基5C購07,0,,,,
710265,台半凱基5C購05,7280,0.13,0.13,0.13,0.13
710266,朋程凱基5C購03,0,,,,
710267,富喬凱基63購01,487720,0.8,0.8,0.74,0.78
710268,群聯凱基5C購09,0,,,,
710269,漢達凱基5C購01,16500,1.65,1.65,1.65,1.65
710270,精材凱基63購01,137610,1.69,1.8,1.62,1.62
710271,世界國泰61購01,96190,1.07,1.1,1.04,1.04
710272,穩得國泰61購01,18700,0.85,0.85,0.85,0.85
710273,中光電富邦62購02,0,,,,
710274,台半富邦63購03,0,,,,
710275,朋程富邦63購03,0,,,,
710276,FH中5G群益5C購01,0,,,,
710277,大中群益5C購01,57600,0.16,0.16,0.16,0.16
710278,中光電群益5C購01,0,,,,
710279,中光電群益5C購02,0,,,,
710280,世界群益5C購04,0,,,,
710281,台半群益62購03,0,,,,
710282,尼克森群益61購01,9630,0.32,0.35,0.3,0.3
710283,宏捷科群益5C購03,0,,,,
710284,朋程群益5C購01,0,,,,
710285,茂達群益5C購01,0,,,,
710286,榮剛群益61購01,0,,,,
710287,精材群益61購01,0,,,,
710288,世界元大5C購08,473550,0.38,0.43,0.38,0.42
710289,朋程元大5C購03,0,,,,
710290,博盛元大5C購01,0,,,,
710291,世界台新5C購01,0,,,,
710292,萬泰科台新5C購01,5500,0.38,0.38,0.36,0.36
710293,大中國票5C購01,0,,,,
710294,天品國票5C購01,0,,,,
710295,世界國票61購02,0,,,,
710296,立碁國票61購01,61310,3.29,3.5,3.15,3.15
710297,亞通國票5C購01,1046260,1.54,1.86,1.52,1.8
710298,朋程國票5C購02,0,,,,
710299,杰力國票61購02,0,,,,
710300,博盛國票61購02,0,,,,
710301,晶宏國票61購01,1670,0.55,0.56,0.55,0.56
710302,漢達國票63購01,39740,1.24,1.27,1.24,1.27
710303,寶雅國票61購02,0,,,,
710304,大中凱基5C購01,0,,,,
710305,中光電凱基5C購01,0,,,,
710306,中光電凱基5C購02,7920,0.11,0.11,0.11,0.11
710307,世界凱基63購02,0,,,,
710308,宏捷科凱基5C購04,0,,,,
710309,欣銓凱基5C購01,19550,0.49,0.5,0.48,0.48
710310,青雲凱基5C購01,0,,,,
710311,威剛凱基61購02,0,,,,
710312,茂達凱基5C購02,0,,,,
710313,家登凱基5C購04,0,,,,
710314,家登凱基5C購05,13500,0.27,0.27,0.27,0.27
710315,臺慶科凱基5C購07,0,,,,
710316,聖暉*群益5C購03,0,,,,
710317,台嘉碩國泰61購01,7800,1.56,1.56,1.56,1.56
710318,宜鼎國泰62購01,0,,,,
710319,朋程國泰61購01,12000,0.6,0.6,0.6,0.6
710320,原相國泰61購01,0,,,,
710321,博盛國泰61購01,0,,,,
710322,世界富邦5C購04,0,,,,
710323,宜鼎富邦5C購05,500,0.05,0.05,0.05,0.05
710324,信紘科永豐5C購01,0,,,,
710325,順達永豐5C購02,0,,,,
710326,順達永豐5C購03,0,,,,
710327,順達永豐5C購04,0,,,,
710328,群聯永豐64購06,0,,,,
710329,群聯永豐66購01,3990,0.57,0.57,0.57,0.57
710330,鴻呈永豐5C購01,0,,,,
710331,中光電台新5C購01,0,,,,
710332,中光電台新5C購02,19200,0.12,0.12,0.12,0.12
710333,亞信台新5C購01,103460,0.67,0.67,0.66,0.66
710334,精材台新61購01,0,,,,
710335,精材台新61購02,0,,,,
710336,亞通凱基5C購01,133660,1.43,1.62,1.43,1.6
710337,朋程凱基5C購04,0,,,,
710338,聖暉*凱基5C購03,0,,,,
710339,宜鼎元大5C購15,160410,0.38,0.38,0.37,0.37
710340,富喬元大65購01,518250,1.79,1.79,1.73,1.73
710341,漢達元大5C購01,305280,1.38,1.38,1.13,1.14
710342,精材元大5C購05,211290,4.01,4.3,3.6,3.6
710343,臺慶科元大5C購06,0,,,,
710344,宜特永豐64購01,0,,,,
710345,朋程永豐5C購03,0,,,,
710346,朋程永豐5C購04,0,,,,
710347,威剛永豐64購02,0,,,,
710348,威剛永豐66購01,0,,,,
710349,富喬永豐5C購03,0,,,,
710350,漢達永豐5C購01,46150,1.25,1.25,1.14,1.18
710351,雙鴻永豐63購03,162100,1.72,1.72,1.7,1.7
710352,寶雅永豐5C購01,0,,,,
710353,鏵友益永豐64購01,350090,0.53,0.54,0.48,0.48
710354,精材中信64購01,271880,1.3,1.43,1.22,1.25
710355,大世科國票61購01,0,,,,
710356,元山國票61購01,19000,0.38,0.38,0.38,0.38
710357,世界國票61購03,0,,,,
710358,安葆國票61購01,0,,,,
710359,亞信國票61購01,0,,,,
710360,明安國票61購01,0,,,,
710361,桓達國票61購01,0,,,,
710362,神準國票61購01,0,,,,
710363,晶焱國票5C購02,0,,,,
710364,智擎國票61購01,760,0.38,0.38,0.38,0.38
710365,聖暉*國票61購04,0,,,,
710366,漢達國票65購01,1280,1.28,1.28,1.28,1.28
710367,精材國票61購02,0,,,,
710368,鈊象群益5C購01,11980,1.38,1.38,1.3,1.32
710369,富喬國泰61購01,0,,,,
710370,漢達國泰61購02,28700,2.87,2.87,2.87,2.87
710371,世界凱基5C購08,0,,,,
710372,宜鼎凱基5C購08,0,,,,
710373,群聯凱基5C購10,37000,0.37,0.37,0.37,0.37
710374,群聯凱基61購06,88230,0.51,0.51,0.51,0.51
710375,精材凱基5C購05,0,,,,
710376,世界台新5C購03,115140,0.41,0.41,0.4,0.4
710377,巨有台新5C購01,0,,,,
710378,巨有台新5C購02,0,,,,
710379,東浦台新5C購04,0,,,,
710380,東浦台新5C購05,0,,,,
710381,杰力台新5C購01,0,,,,
710382,青雲台新5C購01,0,,,,
710383,能率亞台新5C購01,5510,0.29,0.29,0.29,0.29
710384,中光電元大5C購01,0,,,,
710385,宜鼎元大5C購16,79700,0.32,0.32,0.3,0.3
710386,富喬元大65購02,162070,1.62,1.69,1.57,1.57
710387,精材元大5C購06,67030,4.19,4.19,3.77,3.77
710388,精材元大5C購07,266540,3.0,3.42,2.73,2.73
710389,精材元大61購08,270110,3.7,3.91,3.35,3.35
710390,精材元大61購09,64140,3.53,3.73,3.53,3.73
710391,精材元大63購04,9750,3.25,3.25,3.25,3.25
710392,世界中信63購01,0,,,,
710393,久元永豐5C購03,0,,,,
710394,久元永豐5C購04,0,,,,
710395,世禾永豐5C購01,1319210,0.81,0.82,0.77,0.82
710396,世界永豐5C購03,0,,,,
710397,巨有永豐5C購02,125970,2.85,2.97,2.82,2.97
710398,安勤永豐63購01,89050,0.65,0.65,0.64,0.64
710399,均豪永豐5C購03,0,,,,
710400,均豪永豐5C購04,19950,1.33,1.33,1.33,1.33
710401,宏觀永豐5C購02,0,,,,
710402,宏觀永豐5C購03,0,,,,
710403,晶焱永豐5C購01,0,,,,
710404,晶焱永豐5C購02,0,,,,
710405,智通*永豐63購01,0,,,,
710406,湧德永豐5C購01,140580,0.65,0.73,0.65,0.73
710407,湧德永豐5C購02,225500,0.57,0.58,0.57,0.58
710408,聖暉*永豐5C購03,0,,,,
710409,聖暉*永豐5C購04,3900,0.13,0.13,0.13,0.13
710410,精材永豐5C購03,36000,3.6,3.6,3.6,3.6
710411,精材永豐5C購04,0,,,,
710412,精材永豐63購02,0,,,,
710413,優群永豐5C購02,0,,,,
710414,雙鴻永豐5C購05,493970,2.14,2.14,2.05,2.05
710415,世界國票61購04,0,,,,
710416,巨有國票5C購01,0,,,,
710418,宇峻國票61購01,0,,,,
710419,安勤國票61購02,18660,0.45,0.45,0.44,0.44
710420,青雲國票5C購02,0,,,,
710421,能率國票61購01,0,,,,
710422,精材國票61購03,0,,,,
710423,鑫科國票5C購01,0,,,,
710424,巨有群益5C購01,0,,,,
710425,智通*群益5C購01,0,,,,
710426,智通*群益63購01,0,,,,
710427,東浦國泰61購01,0,,,,
710428,杰力國泰61購01,0,,,,
710429,精材國泰61購01,0,,,,
710430,威剛富邦5C購02,0,,,,
710431,精材富邦5C購01,304440,1.99,2.15,1.81,1.81
710432,安勤凱基62購01,0,,,,
710433,系微凱基5C購01,31200,0.26,0.26,0.26,0.26
710434,宜鼎凱基5C購09,0,,,,
710435,能率凱基62購01,0,,,,
710436,富喬凱基63購02,0,,,,
710437,智通*凱基5C購01,0,,,,
710438,群聯凱基5C購11,680,0.34,0.34,0.34,0.34
710439,群聯凱基5C購12,15600,0.39,0.39,0.39,0.39
710440,鑫科凱基5C購01,0,,,,
710441,中美晶元大5C購12,17940,2.23,2.25,2.23,2.25
710442,世界元大66購03,20720,0.98,0.99,0.98,0.99
710443,宜鼎元大5C購17,3250,0.65,0.65,0.65,0.65
710444,能率亞元大5C購01,0,,,,
710445,富喬元大5C購04,356470,1.3,1.35,1.24,1.27
710446,智通*元大5C購01,114250,0.75,0.75,0.73,0.73
710447,智通*元大5C購02,168200,0.58,0.58,0.56,0.56
710448,智通*元大63購01,140240,0.64,0.64,0.62,0.63
710449,五福國票64購01,0,,,,
710450,璟德國票64購01,0,,,,
710451,磐儀國票64購01,37380,0.37,0.38,0.37,0.38
710452,中光電國票61購01,13000,0.13,0.13,0.13,0.13
710453,宜鼎國票62購01,0,,,,
710454,竹陞國票64購01,0,,,,
710455,崴寶國票64購01,1800,0.9,0.9,0.9,0.9
710456,富強鑫國票62購01,0,,,,
710457,千附國票64購01,11470,0.71,0.73,0.71,0.71
710458,智通*國票61購01,0,,,,
710459,智通*國票61購02,0,,,,
710460,久元永豐5C購05,0,,,,
710461,久元永豐63購01,0,,,,
710462,久元永豐66購01,0,,,,
710463,中光電永豐5C購01,0,,,,
710464,系統電永豐5C購02,153010,0.7,0.71,0.65,0.66
710465,營邦永豐5C購01,0,,,,
710466,營邦永豐5C購02,58830,1.59,1.59,1.59,1.59
710467,宏觀台新5C購02,0,,,,
710468,聖暉*台新5C購06,0,,,,
710469,聖暉*台新5C購07,49230,0.13,0.13,0.12,0.12
710470,能率國泰63購01,0,,,,
710471,久元富邦63購01,0,,,,
710472,原相富邦5C購01,0,,,,
710473,達航富邦62購01,38080,0.34,0.34,0.34,0.34
710474,營邦富邦63購02,0,,,,
710475,營邦富邦63購03,11400,1.14,1.14,1.14,1.14
710476,巨有群益5C購02,47740,4.3,4.74,4.3,4.74
710477,世界元大61購01,61030,0.8,0.85,0.79,0.83
710478,世界元大66購04,20790,0.98,1.0,0.98,1.0
710479,世界元大67購01,50200,0.88,0.92,0.88,0.92
710480,巨有元大61購01,37060,2.2,2.56,2.2,2.54
710481,宜鼎元大61購05,121550,0.61,0.61,0.57,0.57
710482,富喬元大61購06,46250,1.56,1.56,1.48,1.48
710483,富喬元大62購01,70700,1.36,1.38,1.35,1.35
710484,富喬元大62購02,1083680,1.51,1.53,1.45,1.45
710485,臺慶科元大61購01,0,,,,
710486,千附精台新61購01,0,,,,
710487,元太台新61購01,0,,,,
710488,竹陞台新61購01,0,,,,
710489,譜瑞台新61購01,0,,,,
710490,譜瑞台新61購02,0,,,,
710491,千附精凱基61購01,0,,,,
710492,千附精凱基61購02,43430,0.43,0.43,0.43,0.43
710493,中光電凱基61購01,0,,,,
710494,元太凱基61購02,0,,,,
710495,元太凱基61購03,0,,,,
710496,元太凱基61購04,0,,,,
710497,元太凱基61購05,0,,,,
710498,元太凱基61購06,0,,,,
710499,世紀*凱基61購01,0,,,,
710500,竹陞凱基61購01,2369630,1.31,1.31,0.71,0.74
710501,原相凱基61購01,0,,,,
710502,譜瑞凱基61購02,0,,,,
710503,譜瑞凱基61購03,0,,,,
710504,譜瑞凱基61購04,0,,,,
710505,譜瑞凱基61購05,0,,,,
710506,千附精群益61購01,3000,0.5,0.5,0.5,0.5
710507,譜瑞群益61購01,0,,,,
710508,91APP*國票62購01,0,,,,
710509,千附精國票62購01,0,,,,
710510,世紀*國票62購01,5760,2.88,2.88,2.88,2.88
710511,竹陞國票62購01,17100,0.57,0.57,0.57,0.57
710512,宜鼎國票62購02,0,,,,
710513,長佳智國票62購01,0,,,,
710514,長聖國票62購01,5400,0.54,0.54,0.54,0.54
710515,威剛國票62購02,23200,0.58,0.58,0.58,0.58
710516,建榮國票61購01,0,,,,
710517,昱展國票62購01,0,,,,
710518,茂迪國票62購01,0,,,,
710519,訊聯國票62購01,0,,,,
710520,博士旺國票61購01,214570,0.43,0.43,0.43,0.43
710521,精星國票62購01,0,,,,
710523,譜瑞國票62購01,0,,,,
710524,元太中信61購01,500,0.05,0.05,0.05,0.05
710525,久元永豐64購01,0,,,,
710526,大江永豐61購01,54600,0.41,0.41,0.39,0.39
710527,元太永豐61購02,0,,,,
710528,元太永豐61購03,33900,0.29,0.33,0.29,0.33
710529,邑錡永豐64購01,0,,,,
710530,威剛永豐61購04,0,,,,
710531,威剛永豐61購05,0,,,,
710532,鈊象永豐65購01,0,,,,
710533,勤凱永豐65購01,100320,0.66,0.78,0.65,0.73
710534,新普永豐61購01,3550,0.71,0.71,0.71,0.71
710535,譜瑞永豐61購01,0,,,,
710536,譜瑞永豐61購02,0,,,,
710537,譜瑞永豐61購03,0,,,,
710538,譜瑞永豐61購04,0,,,,
710539,譜瑞永豐64購01,0,,,,
710540,譜瑞永豐64購02,0,,,,
710541,譜瑞永豐67購01,0,,,,
710542,久元國泰62購01,10080,0.72,0.72,0.72,0.72
710543,久元國泰62購02,0,,,,
710544,中光電國泰62購01,0,,,,
710545,巨有國泰62購01,0,,,,
710546,竹陞國泰62購01,50600,1.75,1.75,1.65,1.66
710547,青雲國泰62購01,72850,0.61,0.61,0.59,0.59
710548,青雲國泰62購02,0,,,,
710549,智通*國泰62購01,0,,,,
710550,元太富邦64購01,0,,,,
710551,安勤富邦62購01,1320,0.45,0.45,0.42,0.42
710552,譜瑞富邦63購01,20000,0.4,0.4,0.4,0.4
710553,譜瑞富邦64購01,219410,0.41,0.42,0.41,0.42
710554,宜鼎中信61購02,0,,,,
710555,中光電永豐61購02,0,,,,
710556,竹陞永豐61購01,0,,,,
710557,竹陞永豐64購01,0,,,,
710558,竹陞永豐65購01,9000,0.9,0.9,0.9,0.9
710559,均豪永豐64購01,73020,0.84,0.85,0.84,0.85
710560,宏捷科永豐61購01,52210,0.55,0.55,0.53,0.53
710561,宜鼎永豐61購03,0,,,,
710562,宜鼎永豐64購02,41830,0.47,0.47,0.47,0.47
710563,威剛永豐61購06,0,,,,
710564,威剛永豐61購07,0,,,,
710565,茂達永豐61購02,0,,,,
710566,家登永豐61購02,878870,1.56,1.65,1.42,1.43
710567,富喬永豐61購03,478230,0.74,0.77,0.7,0.7
710568,富喬永豐66購02,456060,1.24,1.27,1.2,1.27
710569,群翊永豐61購01,44070,0.83,0.91,0.83,0.91
710570,群聯永豐61購02,25740,0.39,0.39,0.39,0.39
710571,群聯永豐61購03,25920,0.36,0.36,0.36,0.36
710572,群聯永豐65購06,0,,,,
710573,雙鴻永豐61購05,158560,2.3,2.3,2.29,2.29
710574,雙鴻永豐66購02,0,,,,
710575,雙鴻永豐67購01,89810,3.11,3.11,3.09,3.09
710576,中光電元大61購01,0,,,,
710577,中光電元大61購02,0,,,,
710578,中光電元大61購03,32200,0.54,0.54,0.53,0.53
710579,世界元大64購08,248000,0.5,0.5,0.5,0.5
710580,世界元大66購05,243240,0.47,0.47,0.46,0.46
710581,均豪元大61購01,163680,0.33,0.33,0.33,0.33
710582,宏捷科元大67購01,720240,0.83,0.89,0.81,0.88
710583,佳邦元大61購01,0,,,,
710584,欣銓元大61購01,369770,1.05,1.08,1.05,1.08
710585,原相元大61購01,0,,,,
710586,富喬元大64購03,539800,0.91,0.94,0.87,0.9
710587,富喬元大65購03,1887100,1.06,1.07,1.01,1.02
710588,群聯元大64購06,29580,1.02,1.02,1.02,1.02
710589,臺慶科元大61購02,0,,,,
710590,中美晶群益64購01,596170,0.92,0.99,0.9,0.92
710591,竹陞群益61購01,4230,0.47,0.47,0.47,0.47
710592,均豪群益61購01,183180,1.15,1.16,1.15,1.16
710593,佳邦群益61購01,0,,,,
710594,宜特群益61購01,0,,,,
710595,青雲群益62購01,0,,,,
710596,臺慶科群益61購01,0,,,,
710597,中美晶國泰63購01,155450,1.78,1.88,1.78,1.84
710598,家登國泰62購01,79800,1.33,1.33,1.33,1.33
710599,凡甲富邦63購02,44000,0.44,0.44,0.44,0.44
710600,中光電富邦63購01,0,,,,
710601,宏觀富邦63購01,520,0.26,0.26,0.26,0.26
710602,茂達富邦63購01,0,,,,
710603,耕興富邦63購01,55460,0.47,0.47,0.47,0.47
710604,湧德富邦63購01,183840,0.6,0.62,0.6,0.62
710605,中光電凱基61購02,3600,0.09,0.09,0.09,0.09
710606,巨有凱基61購01,802700,2.46,2.92,2.32,2.77
710607,宜鼎凱基61購01,161000,0.1,0.11,0.1,0.1
710608,富喬凱基61購04,830610,1.04,1.09,0.94,0.96
710609,臺慶科凱基61購02,0,,,,
710610,雙鴻凱基64購01,0,,,,
710611,中美晶台新61購02,0,,,,
710612,宜特台新61購02,0,,,,
710613,宜鼎台新61購03,0,,,,
710614,原相台新61購01,0,,,,
710615,原相台新61購02,43870,0.41,0.41,0.41,0.41
710616,原相台新61購03,0,,,,
710617,鈊象台新61購01,1560,0.78,0.78,0.78,0.78
710618,群聯台新61購01,0,,,,
710619,九暘元大61購01,0,,,,
710621,台嘉碩元大61購01,0,,,,
710622,安可元大61購01,0,,,,
710623,竹陞元大61購01,0,,,,
710624,宜鼎元大61購06,0,,,,
710625,松上元大61購01,0,,,,
710626,品安元大61購01,0,,,,
710628,晟田元大61購01,0,,,,
710629,堡達元大61購01,0,,,,
710630,富喬元大61購08,218750,1.08,1.09,1.0,1.09
710631,富喬元大64購04,349700,0.9,0.92,0.85,0.88
710632,碩禾元大61購03,0,,,,
710633,臺慶科元大64購01,82220,0.62,0.64,0.61,0.64
710634,臺慶科元大67購01,96600,0.53,0.55,0.52,0.55
710635,寶雅元大61購01,64100,1.12,1.14,1.12,1.12
710636,川寶國票65購01,24830,0.53,0.53,0.49,0.49
710637,中美晶國票61購04,0,,,,
710638,中裕國票65購01,2000,0.5,0.51,0.49,0.51
710639,日揚國票65購01,0,,,,
710640,安可國票61購01,2310,0.33,0.33,0.33,0.33
710641,金雨國票65購01,0,,,,
710642,品安國票65購01,0,,,,
710643,威潤國票65購01,0,,,,
710644,茂達國票65購01,30240,0.56,0.56,0.56,0.56
710645,泰藝國票61購01,28800,0.4,0.4,0.4,0.4
710646,晟田國票61購01,0,,,,
710647,崇越電國票65購01,0,,,,
710648,富強鑫國票65購01,57900,0.83,0.83,0.82,0.82
710649,瑞耘國票65購01,132490,0.92,0.94,0.92,0.93
710650,精拓科國票65購01,0,,,,
710651,廣積國票65購01,188800,0.96,0.96,0.93,0.93
710652,璟德國票65購01,0,,,,
710653,中光電群益61購01,0,,,,
710654,中美晶群益63購01,6580,0.94,0.94,0.94,0.94
710655,世紀*群益62購01,0,,,,
710656,台嘉碩群益61購01,0,,,,
710657,台嘉碩群益61購02,0,,,,
710658,巨漢群益61購01,0,,,,
710659,宜鼎群益61購01,0,,,,
710660,東浦群益61購01,0,,,,
710661,東浦群益61購02,0,,,,
710662,國眾群益64購01,0,,,,
710663,堡達群益61購01,0,,,,
710664,晶宏群益61購01,100620,0.63,0.68,0.63,0.66
710665,陽程群益61購01,0,,,,
710666,九暘凱基61購01,18850,0.29,0.29,0.29,0.29
710667,川寶凱基61購01,137220,0.46,0.5,0.42,0.42
710668,中美晶凱基61購06,82530,1.1,1.11,1.1,1.11
710669,日揚凱基61購01,0,,,,
710670,世界凱基66購01,680,0.68,0.68,0.68,0.68
710671,加高凱基61購01,0,,,,
710672,加高凱基61購02,7000,0.14,0.14,0.14,0.14
710673,台嘉碩凱基61購01,7500,0.25,0.25,0.25,0.25
710674,台嘉碩凱基61購02,0,,,,
710675,全宇昕凱基61購01,0,,,,
710676,邑錡凱基61購01,0,,,,
710677,奇鈦科凱基61購01,0,,,,
710678,東浦凱基61購01,2400,0.24,0.24,0.24,0.24
710679,杰力凱基61購01,0,,,,
710680,茂達凱基61購01,0,,,,
710681,泰藝凱基61購01,17100,0.21,0.21,0.19,0.2
710682,高僑凱基61購01,15000,0.3,0.3,0.3,0.3
710683,崇越電凱基61購01,2800,0.56,0.56,0.56,0.56
710684,堡達凱基61購01,0,,,,
710685,晶宏凱基61購01,607350,0.56,0.58,0.55,0.58
710686,越峰凱基61購01,5400,0.09,0.09,0.09,0.09
710687,陽程凱基61購02,60800,4.45,4.45,4.32,4.32
710688,碩禾凱基61購01,49910,0.14,0.14,0.13,0.13
710689,中光電台新61購01,0,,,,
710690,中光電台新61購02,0,,,,
710691,中美晶台新61購03,192960,0.96,0.96,0.96,0.96
710692,中美晶台新63購02,0,,,,
710693,世界台新61購01,6270,0.57,0.57,0.57,0.57
710694,台嘉碩台新61購01,22360,0.46,0.46,0.44,0.44
710695,台嘉碩台新61購02,0,,,,
710696,巨漢台新61購01,0,,,,
710697,巨漢台新61購02,0,,,,
710698,全宇昕台新61購01,335780,0.61,0.67,0.6,0.67
710699,欣銓台新61購01,9900,0.48,0.51,0.48,0.51
710700,欣銓台新61購02,145170,0.48,0.51,0.48,0.49
710701,威剛台新61購02,0,,,,
710702,家登台新61購01,461920,0.87,0.88,0.75,0.75
710703,家登台新64購01,750150,1.08,1.1,0.97,0.98
710704,威剛中信61購01,0,,,,
710705,九暘永豐61購01,1080,0.36,0.36,0.36,0.36
710706,久禾光永豐61購01,0,,,,
710707,川寶永豐61購01,0,,,,
710708,加高永豐61購01,0,,,,
710709,台嘉碩永豐61購01,0,,,,
710710,巨漢永豐61購01,42500,0.34,0.34,0.34,0.34
710711,立盈永豐61購01,0,,,,
710712,全宇昕永豐61購01,0,,,,
710713,利機永豐61購01,0,,,,
710714,良維永豐61購01,0,,,,
710715,奇鈦科永豐61購01,11700,0.18,0.18,0.18,0.18
710716,奇鈦科永豐61購02,230,0.23,0.23,0.23,0.23
710717,東浦永豐61購01,0,,,,
710718,杰力永豐61購01,0,,,,
710719,欣銓永豐64購02,46180,0.58,0.62,0.58,0.62
710720,信音永豐61購01,2560,0.26,0.26,0.25,0.25
710721,泰藝永豐61購01,188100,0.49,0.49,0.39,0.4
710722,泰藝永豐61購02,25300,0.23,0.26,0.23,0.25
710723,崇越電永豐61購01,21580,0.62,0.62,0.58,0.58
710724,崇越電永豐61購02,0,,,,
710725,堡達永豐61購01,0,,,,
710726,堡達永豐64購01,4900,0.49,0.49,0.49,0.49
710727,晶宏永豐61購01,17740,0.77,0.78,0.77,0.78
710728,華洋永豐61購01,106090,0.43,0.5,0.41,0.46
710729,越峰永豐61購01,36160,0.12,0.12,0.11,0.11
710730,陽程永豐61購01,0,,,,
710731,碩禾永豐61購01,0,,,,
710732,精星永豐61購01,0,,,,
710733,寬魚永豐61購01,0,,,,
710734,寬魚永豐61購02,0,,,,
710735,威剛國泰62購01,0,,,,
710736,立碁富邦61購01,28530,3.15,3.18,3.15,3.18
710737,均豪富邦61購02,0,,,,
710738,中光電國票61購02,0,,,,
710739,中美晶國票65購01,0,,,,
710740,竹陞國票65購01,0,,,,
710741,松上國票61購01,9960,0.16,0.18,0.16,0.18
710742,欣銓國票61購03,0,,,,
710743,青雲國票61購01,0,,,,
710744,盈正國票65購01,3690,0.41,0.41,0.41,0.41
710745,茂達國票65購02,0,,,,
710746,家登國票61購01,0,,,,
710747,堡達國票61購01,0,,,,
710748,翔名國票65購01,5310,0.59,0.59,0.59,0.59
710749,華洋國票65購01,21300,0.55,0.6,0.55,0.6
710750,勤凱國票61購01,151530,0.42,0.6,0.42,0.5
710751,頎邦國票65購01,1382520,0.86,0.88,0.83,0.88
710752,璟德國票61購01,0,,,,
710753,擎邦國票61購01,189870,0.72,0.72,0.6,0.6
710754,耀穎國票65購01,220930,0.62,0.83,0.62,0.67
710756,大中元大67購01,92520,0.39,0.41,0.38,0.38
710758,佳邦元大61購02,0,,,,
710761,華景電元大64購01,53090,0.56,0.56,0.53,0.55
710762,聖暉*元大61購02,6500,0.1,0.1,0.1,0.1
710763,頎邦元大61購01,0,,,,
710764,璟德元大61購02,0,,,,
710765,大中凱基61購01,18500,0.25,0.25,0.25,0.25
710766,竹陞凱基61購02,1199340,0.26,0.26,0.24,0.24
710767,宜特凱基61購03,0,,,,
710768,欣銓凱基61購02,0,,,,
710769,茂達凱基61購02,0,,,,
710770,富喬凱基61購05,90210,1.29,1.35,1.29,1.31
710771,聖暉*凱基61購02,2800,0.07,0.07,0.07,0.07
710772,璟德凱基64購01,0,,,,
710773,中美晶永豐61購01,54140,0.83,0.86,0.83,0.86
710774,中美晶永豐61購02,6100,0.61,0.61,0.61,0.61
710775,元太永豐61購04,0,,,,
710776,台嘉碩永豐61購02,0,,,,
710777,竹陞永豐63購01,0,,,,
710778,宜鼎永豐66購01,28500,0.75,0.75,0.75,0.75
710779,昇佳電永豐61購01,0,,,,
710780,茂達永豐64購01,0,,,,
710781,能率亞永豐61購01,0,,,,
710782,高僑永豐61購01,0,,,,
710783,閎康永豐61購02,2170,0.31,0.31,0.31,0.31
710784,新漢永豐61購01,0,,,,
710785,頎邦永豐61購02,23060,0.55,0.6,0.55,0.6
710786,頎邦永豐64購01,232310,1.11,1.16,1.11,1.16
710787,璟德永豐61購02,6200,0.31,0.31,0.31,0.31
710788,寶雅永豐61購01,156760,0.42,0.43,0.42,0.42
710789,大中台新61購02,0,,,,
710790,巨有台新61購01,57200,2.86,2.86,2.86,2.86
710791,立碁台新61購01,0,,,,
710792,竹陞台新61購02,1085340,0.63,0.63,0.59,0.6
710793,宜鼎台新61購04,0,,,,
710794,晟田台新61購01,7500,0.75,0.75,0.75,0.75
710795,新漢台新61購01,0,,,,
710796,新漢台新64購01,8850,0.59,0.59,0.59,0.59
710797,群聯台新61購02,109900,1.57,1.57,1.57,1.57
710798,中美晶富邦61購02,1049860,0.57,0.63,0.57,0.58
710799,欣銓富邦61購01,141570,0.33,0.35,0.33,0.35
710800,陽程富邦61購01,36000,3.6,3.6,3.6,3.6
710801,頎邦富邦63購01,120040,0.58,0.58,0.56,0.58
710802,頎邦富邦64購01,8500,0.61,0.61,0.6,0.6
710803,久元群益63購01,0,,,,
710804,大中群益61購01,0,,,,
710805,中美晶群益61購01,270250,2.78,3.04,2.78,3.04
710806,世界群益61購02,256060,1.3,1.38,1.3,1.32
710807,台特化群益61購01,0,,,,
710808,均豪群益61購02,307700,1.39,1.39,1.37,1.37
710809,良維群益61購03,1827960,1.27,1.47,1.24,1.47
710810,杰力群益61購01,0,,,,
710811,威剛群益61購04,0,,,,
710812,茂達群益61購01,0,,,,
710813,能率群益61購01,0,,,,
710814,翔名群益61購01,0,,,,
710815,鈊象群益64購01,12350,0.28,0.29,0.28,0.28
710816,群聯群益67購02,189340,1.66,1.66,1.62,1.62
710817,頎邦群益61購01,52300,0.69,0.74,0.68,0.72
710818,頎邦群益61購02,560,0.56,0.56,0.56,0.56
710819,雙鴻群益61購01,0,,,,
710820,中光電凱基61購03,0,,,,
710821,世紀*凱基61購02,0,,,,
710822,良維凱基61購02,61180,1.17,1.38,1.12,1.38
710823,昇佳電凱基61購01,0,,,,
710824,家登凱基61購01,14640,1.22,1.22,1.22,1.22
710825,翔名凱基61購01,0,,,,
710826,頎邦凱基61購01,560060,0.33,0.36,0.29,0.35
710827,精材凱基61購06,0,,,,
710828,竹陞台新61購03,978770,0.49,0.49,0.44,0.46
710829,朋程台新61購01,53200,0.35,0.35,0.35,0.35
710830,朋程台新62購01,0,,,,
710831,朋程台新63購01,36950,1.19,1.21,1.19,1.21
710832,朋程台新64購01,0,,,,
710833,博大台新61購01,590,0.59,0.59,0.59,0.59
710834,群聯台新61購03,37400,0.85,0.85,0.85,0.85
710835,群聯台新67購01,0,,,,
710836,群聯台新67購02,0,,,,
710837,頎邦台新61購01,113450,0.98,1.0,0.91,1.0
710838,頎邦台新61購02,749410,0.76,0.81,0.7,0.79
710839,驊訊台新61購01,0,,,,
710840,驊訊台新61購02,0,,,,
710841,力致永豐61購01,62000,0.45,0.45,0.44,0.45
710842,中美晶永豐65購02,0,,,,
710843,世紀*永豐61購01,338900,2.61,2.61,2.59,2.59
710844,神準永豐65購01,2960,0.74,0.74,0.74,0.74
710845,翔名永豐61購01,0,,,,
710846,翔名永豐65購01,9700,0.49,0.49,0.48,0.48
710847,榮剛永豐61購01,29480,0.57,0.59,0.57,0.59
710848,榮剛永豐61購02,1720,0.43,0.43,0.43,0.43
710849,九暘國票65購01,0,,,,
710850,大中國票61購01,0,,,,
710851,中菲行國票65購01,480,0.48,0.48,0.48,0.48
710852,友威科國票65購01,184360,0.63,0.63,0.58,0.58
710853,全宇昕國票65購01,0,,,,
710854,竹陞國票66購01,0,,,,
710855,邑錡國票61購01,800,0.16,0.16,0.16,0.16
710856,邑錡國票63購01,0,,,,
710857,尚凡*國票65購01,0,,,,
710858,易發國票65購01,0,,,,
710859,昇佳電國票65購01,5400,0.3,0.3,0.3,0.3
710860,佶優國票61購01,1138670,0.45,0.63,0.45,0.56
710861,佶優國票63購01,701590,0.48,0.59,0.47,0.53
710862,茂訊國票65購01,0,,,,
710863,原相國票61購01,0,,,,
710864,振曜國票65購01,0,,,,
710865,泰詠國票65購01,5000,0.5,0.5,0.5,0.5
710866,健喬國票65購01,0,,,,
710867,國眾國票65購01,0,,,,
710868,博大國票65購01,0,,,,
710869,普萊德國票65購01,14250,0.45,0.51,0.45,0.51
710870,晶宏國票65購01,94360,0.72,0.74,0.52,0.74
710871,越峰國票65購01,23000,0.23,0.23,0.23,0.23
710872,萬泰科國票61購02,334430,0.57,0.57,0.54,0.54
710873,碩禾國票65購01,0,,,,
710874,聚和國票61購02,0,,,,
710875,鐿鈦國票65購01,0,,,,
710876,竹陞國泰63購01,0,,,,
710877,青雲國泰62購03,0,,,,
710878,茂達國泰62購01,0,,,,
710879,精材國泰62購01,0,,,,
710880,大中富邦61購01,0,,,,
710881,宜鼎富邦61購02,0,,,,
710882,中光電群益61購02,0,,,,
710883,宜鼎群益61購02,28100,0.42,0.42,0.4,0.4
710884,宜鼎群益61購03,0,,,,
710885,威剛群益61購05,3050,0.61,0.61,0.61,0.61
710886,建榮群益62購01,2250,0.45,0.45,0.45,0.45
710887,群聯群益67購03,204750,2.4,2.4,2.37,2.37
710888,精材群益64購01,0,,,,
710889,精剛群益61購01,0,,,,
710890,精剛群益61購02,0,,,,
710891,聚和群益61購01,7840,0.49,0.49,0.49,0.49
710892,雙鴻群益61購02,51050,7.4,7.4,7.25,7.25
710893,中美晶元大64購01,254810,1.65,1.69,1.65,1.65
710894,中美晶元大66購04,216700,1.42,1.5,1.41,1.45
710895,台嘉碩元大61購02,39620,0.45,0.45,0.39,0.4
710896,均豪元大61購02,216920,0.44,0.44,0.44,0.44
710897,宜特元大65購01,22770,0.4,0.4,0.39,0.4
710898,宜特元大67購02,0,,,,
710899,欣銓元大61購02,45500,0.81,0.83,0.81,0.83
710900,家登元大61購02,99550,1.19,1.19,1.11,1.11
710901,能率元大61購02,0,,,,
710902,臺慶科元大64購02,233230,0.42,0.43,0.42,0.43
710903,鑫科元大61購01,17600,0.22,0.22,0.22,0.22
710904,太普高國票65購01,357600,0.28,0.29,0.26,0.29
710905,安碁國票61購01,2850,0.57,0.57,0.57,0.57
710906,利機國票61購01,0,,,,
710907,杰力國票65購01,0,,,,
710908,倉和國票65購01,174970,3.13,3.13,3.05,3.05
710909,晟田國票61購02,0,,,,
710910,創泓國票61購01,68650,1.05,1.05,1.04,1.04
710911,博大國票61購01,0,,,,
710912,新普國票65購01,0,,,,
710913,聖暉*國票65購01,810,0.27,0.27,0.27,0.27
710914,類比科國票61購01,8700,0.31,0.31,0.28,0.28
710915,寶雅國票61購03,39200,0.49,0.49,0.49,0.49
710916,驊訊國票61購01,0,,,,
710917,大中凱基61購02,0,,,,
710918,中美晶凱基66購01,0,,,,
710919,台嘉碩凱基61購03,0,,,,
710920,宏觀凱基61購04,0,,,,
710921,宜鼎凱基61購02,248130,0.27,0.27,0.27,0.27
710922,欣銓凱基61購03,1530,0.51,0.51,0.51,0.51
710923,威剛凱基61購03,38000,0.76,0.76,0.76,0.76
710924,茂達凱基61購03,0,,,,
710925,博大凱基61購01,0,,,,
710926,群聯凱基61購07,268770,0.97,0.97,0.96,0.96
710927,雙鴻凱基61購05,0,,,,
710928,大中群益61購02,0,,,,
710929,中光電群益61購03,0,,,,
710930,欣銓群益61購01,0,,,,
710931,茂達群益61購02,0,,,,
710932,家登群益61購04,158010,1.82,1.9,1.59,1.59
710933,新普群益61購01,0,,,,
710934,新普群益61購02,0,,,,
710935,精材群益64購02,42000,2.1,2.1,2.1,2.1
710936,中美晶國泰64購01,0,,,,
710937,中光電富邦64購01,0,,,,
710938,威剛富邦64購01,0,,,,
710939,茂達富邦63購02,0,,,,
710940,華電網富邦63購01,14060,0.29,0.29,0.28,0.28
710941,萬泰科富邦63購02,1800,0.36,0.36,0.36,0.36
710942,群聯中信67購01,0,,,,
710943,中光電永豐61購03,0,,,,
710944,艾訊永豐61購01,18300,0.3,0.3,0.3,0.3
710945,杰力永豐64購01,0,,,,
710946,長聖永豐61購01,25380,0.47,0.47,0.47,0.47
710947,威剛永豐61購08,0,,,,
710948,威剛永豐64購03,0,,,,
710949,茂達永豐65購01,0,,,,
710950,倉和永豐61購01,0,,,,
710951,倉和永豐64購01,0,,,,
710952,宸曜永豐61購01,665190,0.64,0.65,0.63,0.63
710953,宸曜永豐67購01,0,,,,
710954,耕興永豐61購01,0,,,,
710955,博大永豐61購01,0,,,,
710956,智通*永豐64購01,0,,,,
710957,新普永豐61購02,550,0.11,0.11,0.11,0.11
710958,精剛永豐61購01,0,,,,
710959,磐儀永豐61購01,0,,,,
710960,中光電元大61購05,0,,,,
710961,中美晶元大64購02,211390,1.54,1.56,1.53,1.53
710962,中美晶元大66購05,627580,1.36,1.4,1.36,1.37
710963,世紀*元大61購01,6750,6.75,6.75,6.75,6.75
710964,宜鼎元大61購07,76000,0.38,0.38,0.38,0.38
710965,晟田元大61購02,0,,,,
710966,創惟元大61購01,0,,,,
710968,翔名元大61購01,0,,,,
710969,群聯元大64購07,64200,1.07,1.07,1.07,1.07
710970,頎邦元大61購02,18800,0.94,0.94,0.94,0.94
710971,譜瑞元大61購03,0,,,,
710972,譜瑞元大65購03,0,,,,
710973,久元台新61購01,0,,,,
710974,久元台新61購02,0,,,,
710975,大中台新61購03,0,,,,
710976,大中台新61購04,0,,,,
710977,中光電台新61購04,0,,,,
710978,杰力台新61購01,0,,,,
710979,宸曜台新61購01,1970000,1.58,1.58,1.55,1.55
710980,博大台新61購02,0,,,,
710981,博大台新61購03,105600,0.22,0.22,0.22,0.22
710982,精材台新61購03,45350,2.69,2.69,2.31,2.31
710983,立敦凱基61購01,0,,,,
710984,均豪凱基61購01,8730,0.97,0.97,0.97,0.97
710985,家登凱基61購02,0,,,,
710986,振曜凱基61購01,2600,0.26,0.26,0.26,0.26
710987,華景電凱基64購01,167490,0.53,0.55,0.52,0.53
710988,新普凱基61購01,0,,,,
710989,頎邦凱基61購02,184610,0.42,0.49,0.42,0.47
710990,精材凱基61購07,0,,,,
710991,營邦凱基61購01,474030,1.31,1.6,1.31,1.55
710992,譜瑞凱基61購06,0,,,,
710993,寶雅凱基61購01,770,0.77,0.77,0.77,0.77
710994,欣銓台新61購03,129680,0.71,0.73,0.67,0.73
710995,群聯台新61購04,0,,,,
710996,大江國票65購01,18240,0.48,0.48,0.48,0.48
710997,大學光國票61購01,4100,0.41,0.41,0.41,0.41
710998,佰研國票65購01,0,,,,
710999,宜特國票61購01,0,,,,
711000,長聖國票65購01,114700,0.6,0.6,0.59,0.6
711001,能率國票61購02,0,,,,
711002,廣積國票66購01,0,,,,
711003,陽程群益61購02,0,,,,
711004,系統電國泰62購01,228650,1.04,1.04,1.02,1.02
711005,宜鼎國泰62購02,0,,,,
711007,大中元大66購01,0,,,,
711009,巨有元大61購02,0,,,,
711010,立敦元大61購01,300,0.3,0.3,0.3,0.3
711011,立敦元大67購01,0,,,,
711012,宜鼎元大61購08,101890,0.4,0.4,0.38,0.38
711013,宜鼎元大61購09,0,,,,
711014,昇佳電元大61購01,0,,,,
711015,朋程元大61購01,7200,0.4,0.4,0.4,0.4
711016,青雲元大61購01,0,,,,
711017,美琪瑪元大61購01,0,,,,
711020,家登元大61購03,148660,1.61,1.61,1.5,1.5
711021,智通*元大61購01,0,,,,
711022,群聯元大64購08,32340,0.66,0.67,0.65,0.66
711023,譜瑞元大61購04,0,,,,
711024,中美晶統一65購01,25000,0.5,0.5,0.5,0.5
711025,均豪統一65購01,63700,0.49,0.49,0.49,0.49
711026,朋程統一65購03,300,0.15,0.15,0.15,0.15
711027,茂訊統一67購01,0,,,,
711028,群聯統一67購01,51000,0.51,0.51,0.51,0.51
711029,精材統一67購01,277790,1.54,1.6,1.38,1.4
711030,營邦統一67購01,378050,1.11,1.23,1.11,1.23
711031,中光電永豐61購04,0,,,,
711032,中光電永豐61購05,0,,,,
711033,立敦永豐61購02,0,,,,
711034,立敦永豐64購01,0,,,,
711035,立敦永豐64購02,0,,,,
711036,宜鼎永豐63購02,0,,,,
711037,長聖永豐61購02,0,,,,
711038,原相永豐61購02,0,,,,
711039,群聯永豐64購07,67200,0.96,0.96,0.96,0.96
711040,群聯永豐64購08,0,,,,
711041,群聯永豐67購01,0,,,,
711042,廣積永豐61購01,0,,,,
711043,宜鼎中信61購03,0,,,,
711044,群聯中信61購01,0,,,,
711045,大中凱基61購03,380,0.19,0.19,0.19,0.19
711046,台特化凱基61購01,170700,1.38,1.38,1.29,1.32
711047,巨有凱基61購02,48200,4.82,4.82,4.82,4.82
711048,宜特凱基61購04,0,,,,
711049,宜鼎凱基61購03,40560,0.5,0.51,0.5,0.5
711050,茂達凱基61購04,2200,0.44,0.44,0.44,0.44
711051,原相凱基61購02,0,,,,
711052,智通*凱基61購01,0,,,,
711053,順達凱基61購02,6100,0.61,0.61,0.61,0.61
711054,鈊象凱基61購03,0,,,,
711055,群聯凱基64購04,162890,1.86,1.87,1.84,1.84
711056,精材凱基61購08,118700,3.81,4.05,3.81,4.01
711057,廣積凱基65購01,0,,,,
711058,昱展台新61購01,7500,0.15,0.15,0.15,0.15
711059,富喬台新61購01,0,,,,
711060,艾訊群益61購01,0,,,,
711061,家登群益61購05,0,,,,
711062,順達群益61購01,0,,,,
711063,群聯群益61購06,31540,3.19,3.19,3.15,3.15
711064,精材群益61購02,208400,7.35,7.8,6.55,6.55
711065,大樹國票65購01,890,0.44,0.45,0.44,0.45
711066,公準國票65購01,1710,0.57,0.57,0.57,0.57
711067,加百裕國票61購01,11380,0.28,0.28,0.27,0.27
711068,尼克森國票61購01,0,,,,
711069,正基國票65購01,0,,,,
711070,艾訊國票61購02,0,,,,
711071,宜鼎國票65購02,452040,0.76,0.76,0.73,0.74
711072,高僑國票65購01,58800,0.42,0.42,0.42,0.42
711073,智崴國票65購01,10250,0.41,0.41,0.41,0.41
711074,僑威國票65購01,0,,,,
711075,廣明國票65購01,0,,,,
711076,撼訊國票65購01,3250,0.65,0.65,0.65,0.65
711077,中美晶元大61購03,0,,,,
711078,台嘉碩元大61購03,30030,0.77,0.77,0.77,0.77
711079,宜鼎元大61購10,0,,,,
711080,智通*元大61購02,0,,,,
711081,群聯元大61購14,101420,0.9,0.9,0.88,0.89
711082,臺慶科元大61購03,0,,,,
711083,世界國泰62購01,60660,1.14,1.18,1.14,1.15
711084,博大國泰62購01,63640,0.63,0.64,0.63,0.64
711085,陽程國泰62購01,0,,,,
711086,群聯國泰62購03,0,,,,
711087,精材國泰62購02,808040,5.4,5.4,4.51,4.74
711088,中美晶富邦61購03,9150,0.61,0.61,0.61,0.61
711089,立碁富邦64購01,35600,2.22,2.4,2.07,2.14
711090,翔名富邦61購01,0,,,,
711091,陽程富邦61購02,0,,,,
711092,精材富邦61購01,0,,,,
711093,精材中信61購02,1089500,1.13,1.16,1.02,1.03
711094,千附永豐61購01,3180,1.59,1.59,1.59,1.59
711095,千附永豐61購02,7900,0.79,0.79,0.79,0.79
711096,立端永豐61購01,38540,0.82,0.82,0.82,0.82
711097,松瑞藥永豐61購01,33000,0.66,0.66,0.66,0.66
711098,磐儀永豐61購02,9900,0.33,0.33,0.33,0.33
711099,千附精統一67購01,0,,,,
711100,大中統一65購02,0,,,,
711101,大中統一6C購01,0,,,,
711102,中裕統一69購01,27760,0.51,0.52,0.51,0.52
711103,世界統一67購01,0,,,,
711104,台嘉碩統一67購01,0,,,,
711105,台嘉碩統一6C購01,0,,,,
711106,尼克森統一65購01,0,,,,
711107,巨有統一6C購01,0,,,,
711108,朋程統一65購04,34560,0.32,0.32,0.32,0.32
711109,杰力統一6C購01,22950,0.45,0.45,0.45,0.45
711110,青雲統一69購01,0,,,,
711111,青雲統一6C購01,0,,,,
711112,泰藝統一6C購01,4650,0.58,0.59,0.58,0.58
711113,健喬統一69購01,0,,,,
711114,堡達統一6C購01,0,,,,
711115,智通*統一67購01,0,,,,
711116,陽程統一6C購01,1097310,1.55,1.55,1.4,1.41
711117,順達統一65購03,0,,,,
711118,頎邦統一65購01,324800,0.63,0.63,0.62,0.63
711119,頎邦統一67購02,6400,0.64,0.64,0.64,0.64
711120,頎邦統一67購03,0,,,,
711121,頎邦統一6C購01,118130,0.69,0.7,0.68,0.7
711122,精材統一65購02,2844560,1.54,1.63,1.33,1.37
711123,精材統一67購02,679850,1.09,1.1,1.0,1.0
711124,中美晶凱基64購01,0,,,,
711125,家登凱基67購01,15540,1.38,1.38,1.18,1.18
711126,陽程凱基61購03,383780,3.21,3.22,3.11,3.12
711127,順達凱基61購03,0,,,,
711128,群聯凱基61購08,0,,,,
711129,群聯凱基61購09,340480,0.84,0.84,0.82,0.82
711130,頎邦凱基61購03,306780,0.39,0.4,0.36,0.38
711131,精材凱基61購09,3122640,2.18,2.31,1.71,1.72
711132,臺慶科凱基61購03,1020,0.34,0.34,0.34,0.34
711133,宜鼎台新62購01,0,,,,
711134,茂達台新61購01,0,,,,
711135,茂達台新61購02,2000,0.4,0.4,0.4,0.4
711136,群聯台新67購03,63700,1.6,1.6,1.58,1.58
711137,群聯台新67購04,0,,,,
711138,頎邦台新61購04,1003600,1.32,1.39,1.22,1.36
711139,頎邦台新61購05,459260,1.26,1.33,1.16,1.31
711140,精材台新61購04,308450,2.56,2.57,2.06,2.06
711141,精材台新61購05,167570,2.59,2.72,2.18,2.18
711142,精材台新62購02,109840,2.47,2.51,2.47,2.49
711143,力麒國票65購01,0,,,,
711144,天良國票61購01,5400,0.1,0.1,0.1,0.1
711145,巨漢國票61購01,5000,0.5,0.5,0.5,0.5
711146,協禧國票65購01,0,,,,
711147,奇鈦科國票65購01,0,,,,
711149,陽程國票61購02,0,,,,
711150,順達國票65購01,12320,0.77,0.77,0.77,0.77
711151,精材國票61購04,0,,,,
711152,精材國票65購01,566940,2.43,2.61,2.32,2.32
711153,營邦國票61購01,673090,2.33,2.55,2.33,2.54
711154,千附群益61購01,61340,1.03,1.13,1.03,1.13
711155,千附群益61購02,0,,,,
711156,台特化群益61購02,33780,1.46,1.48,1.46,1.47
711157,青雲群益61購01,0,,,,
711158,青雲群益61購02,0,,,,
711159,威剛群益61購06,17900,1.24,1.24,1.17,1.17
711160,鈊象群益61購02,0,,,,
711161,新漢群益61購01,10500,0.42,0.42,0.42,0.42
711162,群聯群益61購07,55160,1.64,1.64,1.58,1.58
711163,精材群益63購03,885520,3.92,4.08,3.61,3.61
711164,中光電元大61購06,0,,,,
711165,中光電元大61購07,0,,,,
711166,中美晶元大61購04,10800,0.54,0.54,0.54,0.54
711167,宜鼎元大63購02,188420,0.75,0.75,0.72,0.72
711169,智通*元大61購03,0,,,,
711171,順達元大61購01,271900,0.59,0.62,0.59,0.62
711172,群聯元大61購15,31400,0.79,0.79,0.78,0.78
711173,頎邦元大61購03,0,,,,
711174,精材元大61購10,1057690,1.37,1.49,1.23,1.24
711175,精材元大61購11,3000,3.0,3.0,3.0,3.0
711176,精材元大63購05,380410,2.3,2.31,1.73,2.31
711177,營邦元大61購01,1058390,1.44,1.67,1.4,1.63
711178,九暘統一63購01,410,0.41,0.41,0.41,0.41
711179,九暘統一6C購01,0,,,,
711180,千附精統一67購02,450,0.45,0.45,0.45,0.45
711181,千附精統一67購03,9800,0.49,0.49,0.49,0.49
711182,大中統一65購03,88530,0.12,0.12,0.11,0.11
711183,中光電統一65購01,0,,,,
711184,中光電統一6C購01,0,,,,
711185,中美晶統一65購02,0,,,,
711186,中美晶統一67購01,0,,,,
711187,中美晶統一6C購01,670,0.67,0.67,0.67,0.67
711188,台嘉碩統一65購01,92000,0.46,0.46,0.46,0.46
711189,立敦統一67購01,0,,,,
711190,安勤統一67購01,43430,0.43,0.43,0.43,0.43
711191,系統電統一6C購01,100160,0.67,0.67,0.66,0.66
711192,亞通統一67購01,65270,0.86,0.91,0.86,0.91
711193,宜鼎統一67購01,0,,,,
711194,昇佳電統一67購01,0,,,,
711195,杰力統一65購01,0,,,,
711196,青雲統一69購02,0,,,,
711197,茂達統一69購02,0,,,,
711198,神準統一67購01,0,,,,
711199,堡達統一65購01,0,,,,
711200,翔名統一6C購01,0,,,,
711201,順達統一67購01,0,,,,
711202,順達統一67購02,0,,,,
711203,順達統一67購03,0,,,,
711204,順達統一6C購01,0,,,,
711205,群聯統一65購03,0,,,,
711206,頎邦統一65購02,0,,,,
711207,頎邦統一67購04,20820,0.63,0.66,0.63,0.66
711208,頎邦統一68購01,58850,0.55,0.55,0.55,0.55
711209,碩禾統一67購01,0,,,,
711210,精材統一65購03,202490,1.09,1.14,1.03,1.13
711211,精材統一6C購02,43400,1.24,1.24,1.24,1.24
711212,大樹永豐61購01,450,0.45,0.45,0.45,0.45
711213,中美晶永豐61購03,56000,1.12,1.12,1.12,1.12
711214,宜鼎永豐67購01,0,,,,
711215,智通*永豐65購01,0,,,,
711216,順達永豐61購02,0,,,,
711217,頎邦永豐65購01,17400,0.87,0.87,0.87,0.87
711218,精材永豐61購03,396810,1.37,1.48,1.22,1.22
711219,精材永豐61購04,625050,2.22,2.26,1.91,1.91
711220,精材永豐64購02,20880,1.74,1.74,1.74,1.74
711221,營邦永豐64購01,177980,1.48,1.67,1.48,1.67
711222,廣積國泰62購01,0,,,,
711223,營邦國泰62購01,233050,3.48,3.96,3.48,3.96
711224,久元富邦63購02,60800,0.38,0.38,0.38,0.38
711225,元太富邦63購01,0,,,,
711226,元太富邦63購02,0,,,,
711227,立敦富邦63購01,0,,,,
711228,宜特富邦63購01,0,,,,
711229,智通*富邦64購02,0,,,,
711230,順達富邦63購01,19210,0.27,0.32,0.27,0.31
711231,鈊象富邦63購02,147300,0.65,0.65,0.63,0.64
711232,中美晶台新61購04,50600,0.55,0.55,0.55,0.55
711233,宜鼎台新63購01,0,,,,
711234,宜鼎台新64購01,0,,,,
711235,千附群益61購03,13600,0.68,0.68,0.68,0.68
711236,陽程群益63購01,32900,3.29,3.29,3.29,3.29
711237,順達群益61購02,5100,0.51,0.51,0.51,0.51
711238,璟德群益61購01,6100,0.61,0.61,0.61,0.61
711239,千附凱基61購01,8400,0.42,0.42,0.42,0.42
711240,中美晶凱基61購07,55500,0.5,0.5,0.45,0.45
711241,宜鼎凱基64購01,0,,,,
711242,青雲凱基61購01,0,,,,
711243,威剛凱基61購04,0,,,,
711244,智通*凱基61購02,0,,,,
711245,順達凱基61購04,2100,0.21,0.21,0.21,0.21
711246,新漢凱基61購01,10440,0.36,0.36,0.36,0.36
711247,營邦凱基61購02,0,,,,
711248,雙鴻凱基61購06,0,,,,
711249,M31國票61購01,0,,,,
711250,千附國票61購03,11240,0.46,0.47,0.46,0.47
711251,中美晶國票65購02,0,,,,
711252,巨有國票61購01,0,,,,
711253,倉和國票66購01,0,,,,
711254,博智國票61購01,3320,0.83,0.83,0.83,0.83
711255,晶呈國票65購01,23760,0.88,0.88,0.88,0.88
711256,千附元大61購01,0,,,,
711257,中光電元大61購08,0,,,,
711259,中光電元大63購01,0,,,,
711261,宜鼎元大63購03,289450,0.67,0.67,0.65,0.65
711262,朋程元大61購02,29930,0.41,0.41,0.41,0.41
711263,家登元大61購04,213660,0.91,0.91,0.83,0.83
711264,家登元大61購05,31220,1.25,1.25,1.17,1.17
711265,凱崴元大61購01,0,,,,
711266,群聯元大61購16,0,,,,
711267,臺慶科元大61購04,188560,0.68,0.73,0.66,0.72
711268,營邦元大61購02,580530,2.11,2.24,2.11,2.24
711269,中美晶國泰62購01,0,,,,
711270,世界富邦61購03,130140,0.54,0.54,0.54,0.54
711271,博智富邦63購01,0,,,,
711272,富喬富邦61購02,12500,1.25,1.25,1.25,1.25
711273,千附精永豐64購01,0,,,,
711274,大中永豐61購01,0,,,,
711275,世界永豐61購02,19800,0.9,0.9,0.9,0.9
711276,家登永豐61購03,424690,1.09,1.15,1.09,1.1
711277,璟德永豐67購01,168250,0.78,0.78,0.77,0.77
711278,九暘統一67購01,0,,,,
711279,千附統一6C購01,0,,,,
711280,中光電統一65購02,0,,,,
711281,安勤統一67購02,23000,0.46,0.46,0.46,0.46
711282,青雲統一67購01,4680,1.17,1.17,1.17,1.17
711283,倉和統一6C購01,0,,,,
711284,神準統一67購02,30160,0.45,0.46,0.45,0.45
711285,翔名統一67購01,35000,0.35,0.35,0.35,0.35
711286,順達統一65購04,0,,,,
711287,M31台新61購01,0,,,,
711288,M31台新62購01,0,,,,
711289,M31台新64購01,45850,1.31,1.31,1.31,1.31
711290,千附精台新61購02,0,,,,
711291,富喬台新61購02,0,,,,
711292,頎邦台新61購06,1987020,1.53,1.56,1.44,1.52
711293,M31凱基61購01,93150,1.39,1.46,1.39,1.41
711294,M31凱基61購02,103350,1.57,1.57,1.5,1.53
711295,M31凱基61購03,703210,1.71,1.71,1.63,1.65
711296,千附精凱基61購03,0,,,,
711297,中光電凱基61購04,0,,,,
711298,中美晶凱基61購08,37440,0.83,0.86,0.83,0.83
711299,朋程凱基61購02,15980,0.47,0.47,0.47,0.47
711300,博智凱基63購01,137670,1.51,1.61,1.51,1.56
711301,晶呈凱基61購01,169050,1.33,1.41,1.31,1.31
711302,翔名凱基61購02,0,,,,
711303,群聯凱基65購01,0,,,,
711304,臺慶科凱基64購01,0,,,,
711305,營邦凱基61購03,78230,3.43,3.67,3.43,3.6
711306,千附精元大61購01,0,,,,
711307,中光電元大61購10,0,,,,
711308,宏捷科元大66購01,166420,1.26,1.3,1.21,1.3
711309,宜鼎元大63購04,0,,,,
711310,原相元大61購03,298700,1.03,1.03,1.03,1.03
711311,順達元大63購01,370160,1.14,1.35,1.14,1.35
711312,群聯元大61購17,0,,,,
711313,臺慶科元大61購05,344680,0.87,0.92,0.84,0.92
711314,世界國泰62購02,191980,1.49,1.55,1.49,1.55
711315,陽程國泰62購02,0,,,,
711316,鑫聯國泰62購01,0,,,,
711317,久禾光國票61購01,4490,0.27,0.32,0.27,0.3
711318,千附精國票65購01,0,,,,
711319,中美晶國票61購05,0,,,,
711320,茂達國票61購02,6200,0.62,0.62,0.62,0.62
711321,倉和國票67購01,0,,,,
711322,晶呈國票64購01,0,,,,
711323,頎邦國票64購01,30210,1.59,1.59,1.59,1.59
711324,寬魚國票61購01,0,,,,
711325,M31群益61購01,31200,1.59,1.59,1.53,1.53
711326,千附精群益61購02,0,,,,
711327,杰力群益61購02,0,,,,
711328,博智群益61購02,667880,2.46,2.65,2.46,2.59
711329,陽程群益61購03,0,,,,
711330,群聯群益63購01,0,,,,
711331,M31富邦63購01,43320,1.14,1.14,1.14,1.14
711332,九暘統一65購01,392870,0.65,0.65,0.62,0.62
711333,中美晶統一67購02,0,,,,
711334,M31永豐63購01,0,,,,
711335,世紀*永豐63購01,0,,,,
711336,原相永豐61購03,9630,1.07,1.07,1.07,1.07
711337,家登永豐61購04,40500,2.7,2.7,2.7,2.7
711338,晶呈永豐61購01,86260,0.99,1.04,0.99,1.01
711339,晶呈永豐64購01,90720,1.26,1.26,1.26,1.26
711340,千附精台新61購03,0,,,,
711341,良維台新61購01,566600,1.06,1.17,1.04,1.17
711342,創泓台新61購01,720,0.36,0.36,0.36,0.36
711343,中美晶凱基61購09,0,,,,
711344,宜鼎凱基61購04,96700,0.7,0.7,0.66,0.66
711345,原相凱基61購03,20400,1.02,1.02,1.02,1.02
711346,智通*凱基61購03,0,,,,
711347,群聯凱基63購02,150470,1.42,1.44,1.41,1.41
711348,頎邦凱基64購02,7300,1.46,1.46,1.46,1.46
711350,中光電元大61購11,0,,,,
711351,中美晶元大61購05,1990,0.65,0.67,0.65,0.67
711352,創泓元大61購01,0,,,,
711353,智通*元大61購04,0,,,,
711355,中美晶群益61購02,0,,,,
711356,世界群益61購04,136680,1.68,1.8,1.68,1.8
711357,加高群益61購01,0,,,,
711358,巨有群益61購01,0,,,,
711359,均豪群益66購01,208060,1.01,1.01,1.01,1.01
711360,智通*群益61購01,0,,,,
711361,群聯群益61購08,522020,3.44,3.44,3.34,3.36
711362,元太永豐61購05,76300,0.4,0.43,0.4,0.43
711363,加高永豐61購02,7790,0.38,0.39,0.38,0.39
711364,良維永豐61購02,613960,1.24,1.47,1.24,1.47
711365,威剛永豐67購02,0,,,,
711366,敘豐永豐64購01,402600,0.6,0.6,0.6,0.6
711367,凱崴永豐61購01,186330,0.58,0.6,0.56,0.56
711368,博智永豐61購02,64020,0.97,0.97,0.97,0.97
711369,華電網永豐61購01,32600,0.54,0.56,0.54,0.56
711370,閎康永豐61購03,67470,1.23,1.23,1.21,1.21
711371,順達永豐64購03,0,,,,
711372,群聯永豐64購09,0,,,,
711373,群聯永豐67購02,0,,,,
711374,聖暉*永豐64購01,543480,0.8,0.86,0.79,0.86
711375,千附國票65購01,0,,,,
711376,中美晶國票64購01,0,,,,
711377,原相國票61購02,0,,,,
711378,敘豐國票61購01,5700,0.57,0.57,0.57,0.57
711379,創泓國票61購02,0,,,,
711380,創泓國票63購01,0,,,,
711381,智擎國票65購01,0,,,,
711382,廣穎國票65購01,0,,,,
711384,千附精國泰62購01,0,,,,
711385,世界國泰62購03,165430,1.75,1.9,1.75,1.9
711386,宜鼎國泰62購03,79520,1.22,1.22,1.17,1.17
711387,青雲國泰62購04,2020,2.02,2.02,2.02,2.02
711388,倉和國泰62購01,0,,,,
711389,群聯國泰62購04,49400,1.3,1.3,1.3,1.3
711390,群聯國泰62購05,0,,,,
711391,系統電富邦61購03,91640,0.57,0.57,0.54,0.54
711392,宜鼎富邦61購03,102680,0.34,0.34,0.34,0.34
711393,群聯富邦63購02,0,,,,
711394,M31統一67購01,19210,0.92,0.92,0.91,0.91
711395,M31統一67購02,28400,0.95,0.95,0.94,0.95
711396,M31統一6C購01,14700,0.81,0.83,0.81,0.82
711397,千附統一67購01,0,,,,
711398,千附精統一67購04,0,,,,
711399,大中統一67購01,0,,,,
711400,中光電統一67購01,0,,,,
711401,中光電統一6C購02,0,,,,
711402,中美晶統一66購04,0,,,,
711403,世紀*統一67購01,0,,,,
711404,杰力統一67購01,26880,0.56,0.56,0.56,0.56
711405,智通*統一6C購01,0,,,,
711406,閎康統一67購01,2800,0.56,0.56,0.56,0.56
711407,廣穎統一63購01,32200,0.35,0.35,0.35,0.35
711408,廣穎統一69購02,0,,,,
711409,千附國票66購01,0,,,,
711410,元太國票61購01,0,,,,
711411,天品國票61購01,233920,1.36,1.36,1.36,1.36
711412,系統電國票64購01,20720,1.41,1.41,1.35,1.35
711413,昇佳電國票66購01,0,,,,
711414,青雲國票61購02,0,,,,
711415,耕興國票65購01,0,,,,
711416,晟田國票62購01,0,,,,
711417,博士旺國票61購02,2100,0.7,0.7,0.7,0.7
711418,華景電國票65購01,0,,,,
711419,碩禾國票64購01,16750,0.33,0.33,0.32,0.32
711420,中美晶台新61購05,0,,,,
711421,中美晶台新63購03,0,,,,
711422,晟田台新61購02,0,,,,
711424,陽程台新61購02,0,,,,
711425,千附凱基61購02,0,,,,
711426,中光電凱基61購05,0,,,,
711427,中美晶凱基61購10,0,,,,
711428,世界凱基64購02,137890,1.64,1.65,1.61,1.61
711429,立敦凱基61購02,0,,,,
711430,均豪凱基66購01,0,,,,
711431,千附元大61購02,0,,,,
711432,千附元大61購03,25800,0.43,0.43,0.43,0.43
711433,中美晶元大61購06,0,,,,
711434,中美晶元大61購07,0,,,,
711435,中美晶元大61購08,96960,0.32,0.32,0.32,0.32
711436,中美晶元大63購03,0,,,,
711437,中美晶元大65購04,0,,,,
711438,世界元大63購05,480190,0.76,0.81,0.76,0.8
711439,家登元大63購01,98270,1.94,1.94,1.88,1.88
711440,智通*元大61購06,0,,,,
711441,智通*元大63購02,0,,,,
711442,翔名元大61購03,0,,,,
711443,頎邦元大61購04,0,,,,
711444,漢科元大61購01,566360,0.66,0.7,0.66,0.69
711445,千附永豐61購03,0,,,,
711446,千附永豐61購04,0,,,,
711447,千附永豐61購05,0,,,,
711448,千附永豐64購01,211500,0.47,0.47,0.47,0.47
711449,中美晶永豐61購04,4600,0.92,0.92,0.92,0.92
711450,中美晶永豐64購02,0,,,,
711451,世禾永豐61購01,0,,,,
711452,巨漢永豐61購02,36600,0.3,0.3,0.3,0.3
711453,均豪永豐64購02,0,,,,
711454,宏捷科永豐64購01,244390,0.89,0.95,0.86,0.95
711455,創惟永豐61購01,5130,0.57,0.57,0.57,0.57
711456,智通*永豐61購02,0,,,,
711457,湧德永豐61購01,97340,0.56,0.59,0.56,0.59
711458,陽程永豐61購02,0,,,,
711459,中光電國泰62購02,0,,,,
711460,中光電國泰62購03,0,,,,
711461,中美晶國泰63購02,0,,,,
711462,世禾國泰62購01,91340,0.63,0.64,0.63,0.64
711463,翔名國泰62購01,0,,,,
711464,廣穎國泰62購01,0,,,,
711465,千附統一67購02,0,,,,
711466,千附統一6C購02,0,,,,
711467,千附精統一67購05,0,,,,
711468,中美晶統一65購03,0,,,,
711469,中美晶統一67購03,17800,0.45,0.45,0.44,0.44
711470,中美晶統一6C購02,0,,,,
711471,世界統一6C購01,0,,,,
711472,加高統一67購01,0,,,,
711473,系微統一6C購01,0,,,,
711474,家登統一6C購02,15120,0.84,0.84,0.84,0.84
711475,博智統一6C購02,0,,,,
711476,廣穎統一6C購01,52000,0.52,0.52,0.52,0.52
711477,雙鴻統一6C購01,1070,1.07,1.07,1.07,1.07
711478,中光電富邦62購03,0,,,,
711479,中美晶富邦61購04,18000,0.18,0.18,0.18,0.18
711480,台特化富邦61購01,72450,0.45,0.45,0.45,0.45
711481,宜鼎富邦61購04,90560,0.32,0.32,0.32,0.32
711482,宜鼎群益61購04,85740,1.16,1.16,1.15,1.15
711483,茂達群益61購03,0,,,,
711484,世界台新61購02,178210,0.86,0.97,0.86,0.91
711485,台嘉碩台新61購03,6300,1.26,1.26,1.26,1.26
711486,巨漢台新61購03,156020,1.43,1.43,1.32,1.32
711487,良維台新61購02,0,,,,
711488,亞電台新61購01,474120,1.29,1.3,1.21,1.21
711489,長科*台新61購01,191120,1.09,1.09,1.05,1.08
711490,千附精群益61購03,0,,,,
711491,亞電群益61購01,0,,,,
711492,亞電群益61購02,39600,1.32,1.32,1.32,1.32
711493,亞電群益61購03,291800,2.09,2.09,2.01,2.01
711494,陽程群益63購02,0,,,,
711495,世界凱基61購02,668420,1.55,1.56,1.49,1.49
711496,巨漢凱基61購01,0,,,,
711497,系統電凱基61購02,391780,1.74,1.77,1.63,1.76
711498,宜鼎凱基61購05,11760,1.47,1.47,1.47,1.47
711499,昇佳電凱基61購02,0,,,,
711500,長科*凱基61購01,65180,1.44,1.48,1.44,1.48
711501,威剛凱基61購05,621180,1.34,1.34,1.29,1.29
711502,家登凱基63購01,12350,2.47,2.47,2.47,2.47
711503,富喬凱基61購06,0,,,,
711504,智通*凱基61購04,0,,,,
711505,順達凱基61購05,132270,1.06,1.34,1.03,1.34
711506,群聯凱基61購11,108380,2.54,2.54,2.48,2.5
711507,頎邦凱基61購04,8900,1.78,1.78,1.78,1.78
711509,千附精元大61購02,540,0.54,0.54,0.54,0.54
711511,亞電元大61購01,92740,1.9,1.9,1.8,1.84
711512,群聯元大61購18,123960,1.21,1.21,1.19,1.19
711513,千附精統一65購01,0,,,,
711514,世界統一66購01,137500,0.54,0.56,0.53,0.56
711515,亞電統一69購01,116020,0.82,0.82,0.8,0.81
711516,宜鼎統一64購05,379760,0.51,0.52,0.51,0.51
711517,倉和統一65購01,5240,2.62,2.62,2.62,2.62
711518,方土昶永豐61購01,0,,,,
711519,亞電永豐64購01,23220,1.94,1.94,1.91,1.91
711520,昇佳電永豐63購01,0,,,,
711521,長科*永豐64購01,8500,0.85,0.85,0.85,0.85
711522,陽程永豐61購03,4680,4.68,4.68,4.68,4.68
711523,雙鴻永豐64購03,0,,,,
711524,世界國泰62購04,306780,1.12,1.2,1.09,1.15
711525,良維國泰62購01,68590,2.3,2.57,2.3,2.57
711526,亞電國泰62購01,0,,,,
711527,朋程國泰63購01,44800,1.12,1.12,1.12,1.12
711528,漢科國泰62購01,22200,1.2,1.26,1.2,1.26
711529,千附精富邦61購01,0,,,,
711530,立碁富邦61購02,34340,3.09,3.09,2.84,2.85
711531,宜特富邦63購02,11960,0.46,0.46,0.46,0.46
711532,宜鼎富邦61購05,0,,,,
711533,朋程富邦63購04,46000,0.46,0.46,0.46,0.46
711534,欣銓富邦61購02,26960,0.52,0.54,0.52,0.54
711535,長科*富邦62購02,620,0.62,0.62,0.62,0.62
711536,富喬富邦61購03,0,,,,
711537,智通*富邦63購01,31500,0.21,0.21,0.21,0.21
711538,陽程富邦61購03,0,,,,
711539,群聯富邦63購03,214060,1.07,1.07,1.04,1.04
711540,營邦富邦62購03,0,,,,
711541,雙鴻富邦63購02,0,,,,
711542,譜瑞富邦63購02,73920,0.48,0.48,0.48,0.48
711543,M31國票65購01,0,,,,
711544,台特化國票65購01,0,,,,
711545,禾瑞亞國票61購01,88200,0.68,0.9,0.68,0.9
711546,亞電國票61購01,0,,,,
711547,長科*國票65購01,0,,,,
711548,榮田國票61購01,2160,1.08,1.08,1.08,1.08
711549,巨漢群益61購02,0,,,,
711550,群聯群益61購09,364760,3.75,3.8,3.73,3.73
711551,千附精國票64購01,5200,1.04,1.04,1.04,1.04
711552,立碁國票65購01,14600,7.3,7.3,7.3,7.3
711553,亞電國票63購01,26970,2.09,2.09,2.05,2.05
711554,亞電國票64購01,10100,2.02,2.02,2.02,2.02
711555,宜鼎國票66購01,93000,0.93,0.93,0.93,0.93
711556,朋程國票61購01,0,,,,
711557,長科*國票64購01,45200,1.13,1.13,1.13,1.13
711558,頎邦國票66購01,2333100,1.8,1.8,1.7,1.78
711559,漢科國票61購01,0,,,,
711560,臺慶科國票66購01,0,,,,
711561,磐儀國票65購01,0,,,,
711562,亞電台新61購02,59360,1.37,1.37,1.33,1.33
711563,亞電台新61購03,4260,1.42,1.42,1.42,1.42
711564,青雲台新61購01,8800,0.88,0.88,0.88,0.88
711565,博士旺台新61購01,0,,,,
711566,千附精凱基61購04,0,,,,
711567,世界凱基61購03,82800,1.8,1.8,1.8,1.8
711568,亞電凱基61購01,98330,2.2,2.2,2.17,2.17
711569,泓格凱基61購01,0,,,,
711570,陽程凱基63購03,0,,,,
711571,群聯凱基66購02,151350,2.54,2.54,2.51,2.51
711572,泓格永豐61購01,0,,,,
711573,群聯永豐67購03,930010,1.43,1.46,1.43,1.44
711574,中光電元大61購12,0,,,,
711575,元太元大66購04,187850,0.88,0.95,0.86,0.92
711576,均豪元大61購03,0,,,,
711577,青雲元大61購02,0,,,,
711578,晟田元大61購03,0,,,,
711579,博智元大61購01,0,,,,
711580,群聯元大61購19,677920,1.66,1.68,1.66,1.68
711581,群聯元大63購05,603250,1.18,1.18,1.15,1.15
711582,聖暉*元大61購03,178460,0.36,0.36,0.35,0.36
711586,千附精國泰62購02,13800,1.38,1.38,1.38,1.38
711587,元太國泰62購01,0,,,,
711588,泓格國泰62購01,0,,,,
711589,能率亞國泰62購01,22400,1.53,1.53,1.42,1.42
711590,晟田國泰62購01,0,,,,
711591,群聯國泰62購06,436740,2.19,2.21,2.18,2.21
711592,雙鴻國泰62購01,0,,,,
711593,禾瑞亞統一67購01,34890,0.58,0.61,0.58,0.61
711594,長科*統一6C購01,514800,0.66,0.66,0.66,0.66
711595,群聯統一66購02,0,,,,
711596,M31富邦63購02,46400,1.32,1.34,1.32,1.34
711597,久元富邦62購02,0,,,,
711598,立敦富邦63購02,0,,,,
711599,宏捷科富邦63購01,1661050,0.84,0.84,0.73,0.79
711600,威剛富邦61購01,27940,0.58,0.59,0.58,0.58
711601,茂達富邦63購03,598580,0.51,0.51,0.49,0.5
711602,頎邦富邦62購01,20000,1.0,1.0,1.0,1.0
711603,頎邦富邦63購02,26860,0.94,1.01,0.94,1.01
711604,中光電凱基61購06,0,,,,
711605,世禾凱基61購01,26000,0.52,0.52,0.52,0.52
711606,由田凱基61購01,17100,3.42,3.42,3.42,3.42
711607,宜鼎凱基65購01,117720,1.47,1.47,1.42,1.42
711608,長科*凱基64購01,0,,,,
711609,青雲凱基61購02,0,,,,
711610,家登凱基61購03,0,,,,
711611,博智凱基63購02,59960,2.25,2.25,2.16,2.22
711612,雙鴻凱基61購08,0,,,,
711613,世界台新61購03,38350,1.98,2.11,1.98,2.11
711614,台嘉碩台新61購04,3340,1.74,1.74,1.6,1.6
711615,巨漢台新61購04,64290,0.92,0.92,0.87,0.87
711616,家登台新61購02,16100,2.3,2.3,2.3,2.3
711617,M31元大61購02,12450,2.49,2.49,2.49,2.49
711618,千附精元大61購03,0,,,,
711619,元太元大66購05,698420,0.78,0.84,0.77,0.83
711620,世禾元大61購01,139780,0.58,0.62,0.58,0.6
711621,世界元大61購02,57900,1.92,1.94,1.92,1.94
711622,世界元大63購06,352040,0.93,1.0,0.93,0.97
711623,艾訊元大61購01,0,,,,
711624,欣銓元大67購02,331760,1.84,1.91,1.84,1.91
711625,原相元大61購04,0,,,,
711626,家登元大61購06,110880,1.78,1.81,1.63,1.63
711627,家登元大65購01,212010,1.75,1.76,1.62,1.62
711629,臺慶科元大61購06,118820,1.17,1.18,1.16,1.17
711630,世界群益61購05,565850,5.65,5.95,5.65,5.7
711631,由田群益61購01,1683380,3.6,3.6,3.36,3.38
711632,泓格群益61購01,0,,,,
711633,群聯群益65購01,853450,4.39,4.45,4.32,4.32
711634,頎邦群益61購03,138400,2.7,2.77,2.7,2.77
711635,世界國票61購05,0,,,,
711636,由田國票61購01,99990,3.13,3.13,3.12,3.12
711637,安勤國票65購01,47880,0.57,0.57,0.57,0.57
711638,泓格國票61購01,0,,,,
711639,威剛國票64購01,0,,,,
711640,茂訊國票65購02,31620,0.51,0.51,0.51,0.51
711641,茂綸國票65購01,0,,,,
711642,神準國票65購01,0,,,,
711643,創惟國票65購01,0,,,,
711644,鈊象國票63購01,1002100,1.33,1.33,1.26,1.27
711645,精確國票65購01,93880,0.92,0.94,0.92,0.94
711646,銳澤國票65購01,9940,0.71,0.71,0.71,0.71
711647,家登富邦63購02,0,,,,
711648,創惟富邦61購01,0,,,,
711649,巨漢國泰62購01,29040,0.66,0.66,0.66,0.66
711650,威剛國泰62購02,0,,,,
711651,家登國泰62購02,7520,1.88,1.88,1.88,1.88
711652,順達國泰62購01,26000,1.3,1.3,1.3,1.3
711653,勤凱國泰62購01,144830,2.05,2.31,2.05,2.31
711654,由田統一67購01,744920,1.02,1.04,0.99,1.0
711655,由田統一6C購01,444700,1.0,1.0,0.97,0.98
711656,立碁統一67購02,23450,1.57,1.57,1.55,1.55
711657,立碁統一69購01,520180,1.6,1.6,1.54,1.54
711658,聖暉*統一69購01,0,,,,
711659,群聯中信61購03,0,,,,
711660,力領永豐61購01,0,,,,
711661,天品永豐64購01,999680,1.45,1.46,1.45,1.46
711662,世紀*永豐61購02,63260,4.36,6.4,4.36,6.4
711663,巨有永豐64購01,0,,,,
711664,禾瑞亞永豐61購01,7300,0.73,0.73,0.73,0.73
711665,禾瑞亞永豐64購01,0,,,,
711666,艾訊永豐61購02,38430,0.49,0.49,0.45,0.49
711667,亞信永豐61購01,0,,,,
711668,朋程永豐61購01,0,,,,
711669,昱展永豐64購01,0,,,,
711670,原相永豐61購04,19350,1.29,1.29,1.29,1.29
711671,家登永豐61購05,196360,4.0,4.0,3.53,3.53
711672,振曜永豐64購01,0,,,,
711673,博士旺永豐67購01,0,,,,
711674,博智永豐61購03,305000,2.04,2.04,2.02,2.02
711675,順達永豐61購03,93460,0.78,0.95,0.78,0.88
711676,順達永豐67購02,0,,,,
711677,聖暉*永豐61購02,0,,,,
711678,中光電台新61購06,0,,,,
711679,系微台新61購01,105200,0.98,0.98,0.93,0.94
711680,高技台新61購01,96690,1.31,1.42,1.27,1.35
711681,高技台新61購02,550880,1.21,1.37,1.21,1.3
711682,博智台新61購01,275670,1.15,1.17,1.09,1.17
711683,群聯台新61購05,0,,,,
711684,群聯台新61購06,0,,,,
711685,雙鴻台新61購01,0,,,,
711686,雙鴻台新61購02,0,,,,
711687,世界凱基61購04,0,,,,
711688,安勤凱基63購01,0,,,,
711689,宜鼎凱基65購02,11110,1.01,1.01,1.01,1.01
711690,翔名凱基61購03,0,,,,
711691,鈊象凱基61購04,0,,,,
711692,中光電元大64購01,3150,0.63,0.63,0.63,0.63
711693,世界元大61購03,85290,1.6,1.61,1.6,1.61
711694,世界元大61購04,324910,0.76,0.83,0.75,0.83
711695,世界元大63購07,500,0.5,0.5,0.5,0.5
711696,欣銓元大67購03,174660,1.23,1.23,1.23,1.23
711698,家登元大61購07,82920,1.32,1.32,1.24,1.26
711699,家登元大61購08,65800,1.47,1.47,1.4,1.4
711700,家登元大65購02,0,,,,
711701,高技元大61購01,458190,1.17,1.29,1.14,1.22
711702,博智元大61購02,28080,1.08,1.08,1.08,1.08
711703,群聯元大64購09,18800,1.88,1.88,1.88,1.88
711704,頎邦元大61購05,0,,,,
711705,巨漢國票61購02,0,,,,
711706,巨漢國票61購03,0,,,,
711707,宏捷科國票64購01,28650,0.69,0.71,0.69,0.71
711708,宜特國票63購01,0,,,,
711709,高技國票65購01,0,,,,
711710,世界群益61購06,493200,6.2,6.2,6.1,6.2
711711,欣銓群益61購02,1819770,1.07,1.15,1.07,1.13
711712,威剛群益63購01,3728310,2.83,2.83,2.78,2.78
711713,高技群益61購01,627240,0.87,0.92,0.87,0.87
711714,鈊象群益61購03,131060,1.37,1.37,1.32,1.34
711715,群聯群益65購02,142700,2.05,2.05,2.03,2.03
711716,頎邦群益61購04,52600,1.33,1.41,1.3,1.41
711717,磐儀群益61購01,0,,,,
711718,營邦群益61購01,2868200,2.15,2.49,2.15,2.42
711719,雙鴻群益61購04,0,,,,
711720,宜鼎中信61購04,65500,0.5,0.5,0.5,0.5
711721,威剛中信61購02,79900,0.44,0.44,0.42,0.42
711722,中光電永豐61購06,0,,,,
711723,元太永豐61購06,102700,0.42,0.48,0.42,0.48
711724,永信建永豐65購01,0,,,,
711725,由田永豐61購01,66450,1.98,1.98,1.95,1.95
711726,岳豐永豐64購01,19470,0.2,0.23,0.2,0.2
711727,原相永豐61購05,43400,0.7,0.7,0.7,0.7
711728,順達永豐61購04,0,,,,
711729,順達永豐61購05,0,,,,
711730,群翊永豐61購02,65090,1.33,1.43,1.31,1.43
711731,群聯永豐67購04,0,,,,
711732,精華永豐61購01,0,,,,
711733,臺慶科永豐61購01,0,,,,
711734,倉和國泰63購01,0,,,,
711735,原相國泰62購01,0,,,,
711736,雙鴻國泰62購02,0,,,,
711737,由田統一65購01,705780,1.24,1.26,1.2,1.22
711738,宏捷科統一65購01,328900,0.59,0.6,0.57,0.6
711739,長科*統一65購01,0,,,,
711740,茂訊統一65購01,67720,0.48,0.48,0.47,0.47
711741,高技統一67購01,35840,0.64,0.64,0.64,0.64
711742,高技統一69購01,0,,,,
711743,高技統一6C購01,0,,,,
711744,博智統一65購02,156160,0.65,0.65,0.61,0.65
711745,聖暉*統一65購04,0,,,,
711746,家登台新61購03,0,,,,
711747,敘豐台新61購01,189880,0.66,0.66,0.64,0.64
711748,博士旺台新61購02,0,,,,
711749,群聯台新61購08,77050,6.45,6.45,6.3,6.3
711750,群聯台新63購01,0,,,,
711751,群聯台新64購01,138250,5.55,5.55,5.5,5.5
711752,雙鴻台新61購03,0,,,,
711753,雙鴻台新63購01,33000,16.5,16.5,16.5,16.5
711754,中光電凱基61購07,0,,,,
711755,艾訊凱基61購01,32620,0.42,0.45,0.42,0.42
711756,威剛凱基61購07,61520,1.94,1.94,1.91,1.91
711757,家登凱基61購04,0,,,,
711758,高技凱基61購01,19980,1.11,1.11,1.11,1.11
711759,博智凱基61購02,34000,1.0,1.0,1.0,1.0
711760,群聯凱基61購12,62800,1.57,1.57,1.57,1.57
711761,磐儀凱基61購01,0,,,,
711763,中光電國票61購03,0,,,,
711764,天正國票68購01,15200,0.76,0.76,0.76,0.76
711765,好德國票61購01,289970,1.8,1.8,0.92,0.92
711766,系微國票65購01,0,,,,
711767,振發國票65購01,0,,,,
711769,富喬國票63購01,0,,,,
711770,達航國票65購01,111820,0.81,0.81,0.76,0.76
711771,蜜望實國票61購01,0,,,,
711772,世禾群益61購01,231390,0.89,0.89,0.86,0.87
711773,世禾群益61購02,194710,0.71,0.71,0.69,0.7
711774,東浦群益61購03,0,,,,
711775,家登群益63購03,344590,1.5,1.5,1.36,1.36
711776,神準群益61購01,20160,0.72,0.72,0.72,0.72
711777,博士旺群益61購01,330000,1.1,1.1,1.1,1.1
711778,臺慶科群益61購02,133450,0.83,0.91,0.83,0.91
711779,蜜望實群益61購01,46750,0.85,0.85,0.85,0.85
711780,磐儀群益61購02,0,,,,
711781,磐儀群益61購03,0,,,,
711782,元太元大65購04,620490,0.57,0.62,0.57,0.62
711783,立碁元大61購01,117800,3.85,3.85,3.28,3.45
711784,艾訊元大61購02,266230,0.57,0.57,0.53,0.55
711785,泓格元大61購02,0,,,,
711786,博智元大61購03,0,,,,
711787,群聯元大64購10,122100,2.06,2.06,2.03,2.03
711788,頎邦元大64購01,3480,0.86,0.88,0.86,0.88
711789,蜜望實元大61購01,97220,0.5,0.5,0.49,0.49
711790,磐儀元大61購01,0,,,,
711791,營邦元大61購04,748110,1.22,1.37,1.22,1.36
711792,大學光永豐61購01,12970,0.41,0.41,0.4,0.4
711793,立碁永豐61購02,42440,3.83,3.9,3.58,3.58
711794,全宇昕永豐61購02,110250,0.97,1.03,0.93,1.01
711795,伯特光永豐61購01,17200,0.86,0.86,0.86,0.86
711796,宏碁資永豐61購01,101520,0.63,0.68,0.63,0.68
711797,宜鼎永豐61購04,0,,,,
711798,泓格永豐64購01,0,,,,
711799,能率永豐61購01,1800,0.45,0.45,0.45,0.45
711800,高技永豐61購01,534200,0.86,0.96,0.86,0.91
711801,高技永豐61購02,197530,0.81,0.82,0.81,0.82
711802,高技永豐63購01,59740,1.03,1.03,1.03,1.03
711803,高技永豐67購01,57510,0.81,0.81,0.81,0.81
711804,高鋒永豐61購01,4080,0.68,0.68,0.68,0.68
711805,凱崴永豐61購02,178040,1.22,1.22,1.18,1.18
711806,富喬永豐61購04,0,,,,
711807,崴寶永豐64購01,0,,,,
711808,華電網永豐61購02,83410,0.73,0.73,0.71,0.71
711809,聖暉*永豐64購02,690,0.69,0.69,0.69,0.69
711810,僑威永豐61購01,0,,,,
711811,蜜望實永豐61購02,0,,,,
711812,蜜望實永豐61購03,0,,,,
711813,艾訊國泰63購01,336950,1.11,1.16,1.08,1.11
711814,泓格國泰63購01,0,,,,
711815,頎邦國泰63購01,147300,1.65,1.65,1.61,1.61
711816,頎邦國泰63購02,7209400,1.94,2.01,1.9,1.99
711817,巨漢富邦63購01,0,,,,
711818,安勤富邦63購01,108620,0.31,0.31,0.3,0.31
711819,宜鼎富邦67購01,67810,0.65,0.65,0.63,0.63
711820,富喬富邦67購01,0,,,,
711821,蜜望實富邦63購01,285300,0.45,0.45,0.45,0.45
711822,艾訊統一6C購01,0,,,,
711823,泓格統一6B購01,21450,0.39,0.39,0.39,0.39
711824,茂達統一65購04,0,,,,
711825,振發統一6C購01,0,,,,
711826,蜜望實統一65購01,0,,,,
711827,蜜望實統一6B購01,0,,,,
711828,蜜望實統一6C購01,0,,,,
711829,泓格群益61購02,0,,,,
711830,泓格群益61購03,0,,,,
711831,元債20國票61購01,0,,,,
711832,天品國票61購02,404400,1.92,2.04,1.92,2.04
711833,天品國票63購01,335570,1.69,1.71,1.69,1.7
711834,方土昶國票65購01,8840,0.68,0.68,0.68,0.68
711835,宏碁資國票65購01,30360,0.71,0.74,0.71,0.74
711836,倚強國票61購01,0,,,,
711837,智通*國票61購03,65000,0.65,0.65,0.65,0.65
711838,雙鴻國票66購01,0,,,,
711839,穩得國票61購01,3090,1.03,1.03,1.03,1.03
711840,中光電中信61購01,0,,,,
711841,大世科永豐61購01,0,,,,
711842,中美晶永豐64購03,0,,,,
711843,友輝永豐61購01,0,,,,
711844,安勤永豐61購01,38100,0.4,0.4,0.39,0.39
711845,岱稜永豐61購01,0,,,,
711846,東洋永豐61購01,1280,0.64,0.64,0.64,0.64
711847,統振永豐61購01,0,,,,
711848,智擎永豐61購01,0,,,,
711849,頎邦永豐63購01,7160,1.79,1.79,1.79,1.79
711850,銳澤永豐61購01,0,,,,
711852,中美晶元大63購04,8900,0.9,0.9,0.84,0.84
711853,中美晶元大67購01,9200,0.6,0.64,0.6,0.64
711854,安勤元大61購01,244360,0.38,0.39,0.38,0.39
711855,艾訊元大61購03,463260,0.71,0.75,0.7,0.7
711856,欣銓元大65購01,73360,1.59,1.6,1.56,1.6
711857,泓格元大67購01,180090,0.69,0.69,0.69,0.69
711858,晟田元大61購04,0,,,,
711859,順達元大63購02,43560,1.22,1.29,1.18,1.29
711860,群聯元大64購11,398720,1.46,1.46,1.42,1.45
711861,廣積元大61購01,0,,,,
711862,雙鴻元大61購17,0,,,,
711863,雙鴻元大61購18,0,,,,
711864,雙鴻元大63購04,3216990,1.51,1.55,1.49,1.49
711865,中美晶台新65購01,0,,,,
711866,智通*台新61購01,10660,0.82,0.82,0.82,0.82
711867,群聯台新61購09,0,,,,
711868,頎邦台新61購07,28330,3.11,3.19,2.99,3.19
711869,蜜望實台新61購01,1280,1.28,1.28,1.28,1.28
711870,廣積台新61購01,56370,1.26,1.26,1.16,1.16
711871,中美晶凱基61購11,84240,1.17,1.17,1.17,1.17
711872,中美晶凱基63購02,21310,1.43,1.45,1.37,1.37
711873,元太凱基66購01,82000,0.82,0.82,0.82,0.82
711874,立碁凱基61購01,747490,3.2,3.23,2.71,2.89
711875,宜鼎凱基61購06,153400,0.74,0.74,0.73,0.73
711876,宜鼎凱基63購01,35640,0.81,0.81,0.81,0.81
711877,富喬凱基61購07,0,,,,
711878,頎邦凱基61購06,0,,,,
711879,蜜望實凱基61購01,0,,,,
711880,營邦凱基61購04,186560,2.72,3.16,2.67,3.1
711881,雙鴻凱基63購04,0,,,,
711882,中光電國泰63購01,0,,,,
711883,立碁國泰63購01,48130,5.65,5.65,4.97,4.97
711884,博智國泰63購01,0,,,,
711885,富喬國泰63購01,0,,,,
711886,富喬國泰63購02,0,,,,
711887,智通*國泰63購01,46000,0.92,0.92,0.92,0.92
711888,廣積國泰63購01,0,,,,
711889,中美晶富邦63購02,0,,,,
711890,中美晶富邦67購01,120870,0.79,0.79,0.79,0.79
711891,中美晶富邦77購01,0,,,,
711892,世界富邦61購04,38760,0.7,0.73,0.7,0.73
711893,世界富邦67購01,438860,0.8,0.84,0.8,0.82
711894,高技富邦63購01,516800,0.71,0.76,0.69,0.73
711895,昱展統一67購01,0,,,,
711896,高技統一67購02,0,,,,
711897,蜜望實統一67購01,25300,0.55,0.55,0.55,0.55
711898,磐儀統一67購01,0,,,,
711899,中美晶群益61購03,3400,1.7,1.7,1.7,1.7
711900,元太群益61購01,794270,0.77,0.88,0.75,0.88
711901,高技群益61購02,551970,1.54,1.72,1.54,1.62
711902,廣積群益61購01,0,,,,
711903,廣積群益63購01,0,,,,
711904,雙鴻群益61購05,0,,,,
711905,中光電凱基61購08,0,,,,
711906,中美晶凱基61購12,0,,,,
711907,立碁凱基61購02,79940,3.18,3.18,2.79,2.83
711908,艾訊凱基61購02,111280,0.6,0.64,0.57,0.61
711909,欣銓凱基65購01,46780,1.51,1.58,1.51,1.56
711910,泓格凱基61購02,0,,,,
711911,威剛凱基63購01,0,,,,
711912,振發凱基61購01,42500,1.72,1.72,1.68,1.7
711913,智通*凱基61購05,0,,,,
711914,順達凱基63購02,42750,1.25,1.4,1.25,1.4
711915,群聯凱基61購13,0,,,,
711916,M31台新67購01,87520,2.65,2.69,2.62,2.67
711917,世界台新61購04,0,,,,
711918,群聯台新67購05,0,,,,
711919,群聯台新67購06,0,,,,
711920,M31元大61購03,0,,,,
711921,中美晶元大61購10,4880,1.22,1.22,1.22,1.22
711922,中美晶元大67購02,306780,0.68,0.7,0.68,0.7
711923,立碁元大61購02,134450,3.06,3.06,2.66,2.75
711924,宜鼎元大61購11,0,,,,
711925,泓格元大61購03,0,,,,
711926,威剛元大61購07,16700,1.67,1.67,1.67,1.67
711927,鈊象元大61購02,45180,1.39,1.39,1.36,1.36
711928,群聯元大61購21,461970,1.44,1.44,1.4,1.4
711929,群聯元大63購06,279370,1.32,1.32,1.29,1.31
711930,中美晶永豐64購04,0,,,,
711931,世界永豐64購01,38190,2.01,2.01,2.01,2.01
711932,宜鼎永豐61購05,98770,0.78,0.78,0.76,0.76
711933,宜鼎永豐63購03,0,,,,
711934,鈊象永豐61購02,0,,,,
711935,廣積永豐61購02,0,,,,
711936,加高國票65購01,770,0.77,0.77,0.77,0.77
711937,立碁國票64購01,460810,2.51,2.57,2.23,2.27
711938,泓格國票61購02,0,,,,
711939,茂迪國票64購01,0,,,,
711940,陽程國票61購03,6400,6.4,6.4,6.4,6.4
711941,頎邦國票63購01,10300,2.06,2.06,2.06,2.06
711942,廣積國票67購01,55500,0.74,0.74,0.74,0.74
711943,磐儀國票66購01,0,,,,
711944,晟田國泰63購01,0,,,,
711945,立碁富邦61購03,1719080,1.77,1.77,1.47,1.57
711946,威剛富邦64購02,63840,0.42,0.42,0.42,0.42
711947,頎邦統一6A購01,131790,1.14,1.16,1.13,1.15
711948,中光電群益62購01,0,,,,
711949,正德國票62購01,0,,,,
711950,威剛國票62購03,25830,1.23,1.23,1.23,1.23
711951,美達國票62購01,0,,,,
711952,森鉅國票67購01,15000,0.75,0.75,0.75,0.75
711953,群聯國票62購02,0,,,,
711954,世界中信62購01,766860,0.62,0.69,0.61,0.66
711955,宜鼎永豐63購04,8520,1.42,1.42,1.42,1.42
711956,富喬永豐62購01,0,,,,
711957,富喬永豐63購01,1127180,4.69,4.72,4.59,4.59
711958,台嘉碩國泰63購01,37620,2.09,2.09,2.09,2.09
711959,宜鼎國泰63購01,0,,,,
711960,群聯國泰65購01,55220,2.51,2.51,2.51,2.51
711961,群聯富邦63購04,0,,,,
711962,群聯富邦63購05,0,,,,
711963,群聯富邦63購06,0,,,,
711964,頎邦富邦63購03,0,,,,
711965,雙鴻富邦63購03,0,,,,
711966,雙鴻富邦63購04,0,,,,
711967,M31台新62購02,0,,,,
711968,頎邦台新62購01,0,,,,
711969,元太凱基65購01,179500,0.87,0.95,0.87,0.95
711970,宜鼎凱基62購01,0,,,,
711971,威剛凱基63購02,0,,,,
711972,高技凱基62購01,840590,2.18,2.39,2.18,2.27
711973,富喬凱基62購02,9150,9.15,9.15,9.15,9.15
711974,群聯凱基62購01,0,,,,
711975,頎邦凱基63購02,12540,4.18,4.18,4.18,4.18
711976,廣積凱基62購01,23100,0.77,0.77,0.77,0.77
711977,磐儀凱基62購01,0,,,,
711978,雙鴻凱基62購01,0,,,,
711979,M31元大62購01,0,,,,
711980,M31元大65購01,422850,1.38,1.38,1.33,1.34
711981,巨漢元大62購01,26500,1.28,1.28,1.24,1.25
711982,良維元大62購01,115260,1.88,2.09,1.86,2.09
711983,威剛元大62購03,221860,1.83,1.83,1.77,1.77
711984,博智元大62購01,15240,2.54,2.54,2.54,2.54
711985,富喬元大67購01,0,,,,
711986,鈊象元大62購05,0,,,,
711987,鈊象元大62購06,56200,1.87,1.88,1.87,1.88
711988,群聯元大62購04,424330,2.02,2.02,1.97,1.99
711989,中光電永豐63購01,0,,,,
711990,家登永豐63購01,0,,,,
711991,富喬永豐65購02,0,,,,
711992,富喬永豐68購02,0,,,,
711993,群聯永豐64購10,0,,,,
711994,新應材群益62購01,0,,,,
711995,中美晶台新62購01,95400,1.45,1.52,1.45,1.52
711996,宜鼎台新62購02,82100,1.41,1.41,1.34,1.34
711997,欣銓台新62購01,67470,3.36,3.4,3.35,3.4
711998,威剛台新62購02,33240,1.21,1.21,1.17,1.17
711999,倉和台新68購01,0,,,,
712000,臺慶科台新62購01,169560,1.83,1.95,1.79,1.95
712001,中光電凱基63購01,0,,,,
712002,中美晶凱基63購04,0,,,,
712003,巨漢凱基63購01,710140,1.47,1.47,1.43,1.46
712004,良維凱基63購01,6300,3.15,3.15,3.15,3.15
712005,博智凱基63購03,13560,2.26,2.26,2.26,2.26
712006,順達凱基63購03,69900,2.33,2.33,2.33,2.33
712007,鈊象凱基64購03,5240,2.62,2.62,2.62,2.62
712008,群聯凱基63購04,198600,3.31,3.31,3.31,3.31
712009,群聯凱基64購05,0,,,,
712010,元太國票64購01,0,,,,
712011,世紀*國票66購01,14690,4.85,4.99,4.85,4.99
712012,光焱國票66購01,12230,0.71,0.72,0.71,0.72
712013,光焱國票68購01,0,,,,
712014,沛亨國票66購01,122950,2.27,2.27,2.17,2.17
712015,宜鼎國票68購01,0,,,,
712016,順達國票65購02,84470,1.41,1.69,1.41,1.69
712017,臺慶科國票64購01,2560,1.28,1.28,1.28,1.28
712018,譜瑞國票66購01,0,,,,
712019,中美晶元大64購03,0,,,,
712020,均華元大64購01,631450,2.63,2.63,2.49,2.54
712021,均豪元大64購03,40300,1.35,1.35,1.34,1.34
712022,系統電元大64購01,134830,2.97,3.06,2.83,2.97
712023,良維元大63購02,0,,,,
712024,良維元大64購01,0,,,,
712025,宜鼎元大64購01,350380,1.13,1.13,1.09,1.09
712026,陽程元大64購01,0,,,,
712027,鈊象元大63購06,54550,1.58,1.58,1.55,1.55
712028,鈊象元大63購07,0,,,,
712029,鈊象元大64購03,0,,,,
712030,新應材元大63購01,15260,2.18,2.18,2.18,2.18
712031,新應材元大63購02,14210,2.03,2.03,2.03,2.03
712032,新應材元大63購03,0,,,,
712033,新應材元大64購01,110730,2.13,2.13,2.08,2.08
712034,群聯元大63購07,165900,2.04,2.06,2.03,2.06
712035,群聯元大63購08,59760,2.49,2.49,2.49,2.49
712036,群聯元大64購12,119070,1.47,1.47,1.47,1.47
712037,威剛國泰63購01,59080,1.56,1.56,1.55,1.55
712038,聖暉*國泰63購01,519960,1.15,1.18,1.11,1.18
712039,M31富邦65購01,0,,,,
712040,群聯富邦64購02,0,,,,
712041,台特化國票67購01,0,,,,
712042,艾訊國票67購01,27940,1.08,1.08,1.06,1.06
712043,宏捷科國票69購01,14710,1.04,1.07,1.04,1.07
712044,高技國票65購02,172160,1.61,1.72,1.61,1.72
712045,博磊國票66購01,4080,1.02,1.02,1.02,1.02
712046,竑騰群益62購01,424800,2.71,2.71,2.55,2.55
712047,順達群益62購01,65920,2.25,2.25,2.12,2.12
712048,新應材群益62購02,352600,1.37,1.37,1.35,1.35
712049,聖暉*群益62購01,0,,,,
712050,營邦群益62購01,0,,,,
712051,營邦群益62購02,0,,,,
712052,中光電元大64購02,0,,,,
712053,宜鼎元大63購05,462170,1.27,1.27,1.24,1.24
712054,宜鼎元大64購02,241630,1.09,1.09,1.06,1.06
712055,威剛元大63購01,12130,1.52,1.52,1.51,1.51
712056,威剛元大64購02,38670,1.34,1.34,1.33,1.33
712057,倉和元大63購01,0,,,,
712058,高技元大63購01,213200,2.51,2.69,2.51,2.69
712059,富喬元大63購02,0,,,,
712060,智通*元大63購03,81770,2.21,2.21,2.21,2.21
712061,智通*元大64購01,124900,1.66,1.66,1.61,1.61
712062,群聯元大63購09,0,,,,
712063,蜜望實元大63購01,184030,0.77,0.77,0.77,0.77
712064,廣穎元大63購01,0,,,,
712065,雙鴻元大63購05,0,,,,
712066,雙鴻元大63購06,10240,3.99,3.99,2.86,3.39
712067,雙鴻元大64購03,0,,,,
712068,均華國泰63購01,190800,4.17,4.17,4.08,4.15
712069,家登國泰63購01,0,,,,
712070,順達國泰63購01,0,,,,
712071,順達國泰63購02,120140,1.78,2.08,1.73,2.08
712072,鈊象國泰63購01,0,,,,
712073,新應材國泰63購01,36550,2.66,2.66,2.55,2.56
712074,營邦國泰63購01,0,,,,
712075,新應材中信62購01,544220,0.96,0.96,0.89,0.92
712076,竑騰永豐63購01,393150,1.85,1.85,1.79,1.83
712077,博磊永豐63購01,897740,1.46,1.46,1.35,1.37
712078,順達永豐63購01,51110,2.03,2.37,2.03,2.37
712079,新應材永豐68購01,820,0.82,0.82,0.82,0.82
712080,新應材永豐68購02,0,,,,
712081,新應材永豐68購03,0,,,,
712082,群聯永豐64購11,197100,2.19,2.19,2.19,2.19
712083,均華凱基64購01,705530,3.06,3.16,2.96,3.1
712084,沛亨凱基63購01,31000,3.1,3.1,3.1,3.1
712085,宜鼎凱基68購01,677280,1.98,1.98,1.91,1.91
712086,新應材凱基63購01,13520,1.69,1.69,1.69,1.69
712087,新應材凱基63購02,0,,,,
712088,新應材凱基63購03,35140,2.51,2.51,2.51,2.51
712089,新應材凱基64購01,60760,2.17,2.17,2.17,2.17
712090,群聯凱基63購05,0,,,,
712091,臺慶科凱基63購02,241210,2.36,2.51,2.36,2.46
712092,雙鴻凱基63購05,0,,,,
712093,譜瑞凱基63購01,15620,1.42,1.42,1.42,1.42
712094,世界台新65購01,3210,3.21,3.21,3.21,3.21
712095,巨漢台新62購01,290130,2.15,2.15,1.98,1.98
712096,均華台新62購01,0,,,,
712097,均華台新62購02,0,,,,
712098,宜鼎台新62購03,2890,1.46,1.46,1.43,1.43
712099,竑騰台新62購01,0,,,,
712100,家登台新62購02,0,,,,
712101,國眾台新65購01,5300,1.06,1.06,1.06,1.06
712102,博磊台新62購01,3180,1.59,1.59,1.59,1.59
712103,群聯台新68購01,0,,,,
712104,聚和台新62購01,3240,1.62,1.62,1.62,1.62
712105,營邦台新62購01,0,,,,
712106,營邦台新62購02,0,,,,
712107,營邦台新65購01,56160,3.43,3.59,3.43,3.59
712108,均華富邦63購01,47700,1.59,1.59,1.59,1.59
712109,宜鼎富邦62購01,120560,0.83,0.83,0.81,0.81
712110,家登富邦64購01,0,,,,
712111,家登富邦64購02,0,,,,
712112,順達富邦63購02,448940,1.02,1.18,0.98,1.18
712113,新應材富邦63購03,183100,1.01,1.01,0.98,0.98
712114,新應材富邦64購01,211590,0.88,0.88,0.86,0.87
712115,營邦富邦64購01,0,,,,
712116,新應材統一71購01,136940,0.88,0.88,0.86,0.86
712117,新應材統一71購02,108390,0.87,0.87,0.85,0.85
712118,群聯統一6A購01,12850,1.07,1.08,1.07,1.08
712119,世禾國票66購01,52420,0.99,0.99,0.98,0.98
712120,系統電國票67購01,5040,1.26,1.26,1.26,1.26
712121,系微國票65購02,0,,,,
712122,松上國票65購01,212150,0.85,0.94,0.85,0.92
712123,前鼎國票65購01,0,,,,
712124,能率國票65購01,0,,,,
712125,華景電國票65購02,9450,1.35,1.35,1.35,1.35
712126,順達國票67購01,225120,1.71,1.96,1.71,1.96
712127,廣穎國票65購02,0,,,,
712128,中美晶台新65購02,28960,1.86,1.86,1.76,1.76
712129,宜鼎台新62購04,0,,,,
712130,新應材台新62購01,11060,1.58,1.58,1.58,1.58
712131,新應材台新62購02,639630,2.61,2.61,2.53,2.58
712132,中光電元大64購03,0,,,,
712133,中美晶元大64購04,246850,1.96,2.05,1.96,2.0
712134,台特化元大64購01,31700,1.6,1.6,1.57,1.57
712135,富喬元大64購05,0,,,,
712136,廣積元大63購04,0,,,,
712137,營邦元大64購01,0,,,,
712138,中美晶中信62購01,90200,1.03,1.07,0.98,1.07
712139,富喬中信64購01,0,,,,
712140,中光電永豐63購02,0,,,,
712141,系統電永豐64購02,173870,1.86,1.86,1.79,1.83
712142,宜鼎永豐63購05,81070,1.21,1.21,1.21,1.21
712143,宜鼎永豐64購03,12690,1.41,1.41,1.41,1.41
712144,宜鼎永豐65購02,0,,,,
712145,倉和永豐63購01,0,,,,
712146,耕興永豐63購01,0,,,,
712147,晟德永豐63購01,137640,0.74,0.74,0.74,0.74
712148,頎邦永豐63購02,0,,,,
712149,雙鴻永豐63購04,0,,,,
712150,雙鴻永豐64購04,0,,,,
712151,M31群益62購01,854550,1.13,1.17,1.12,1.13
712152,世界群益62購03,473390,2.81,3.1,2.81,2.96
712153,均華群益68購01,2234990,3.57,3.59,3.38,3.53
712154,宜特群益62購01,28600,1.43,1.43,1.43,1.43
712155,家登群益62購01,0,,,,
712156,博智群益63購02,0,,,,
712157,群聯群益64購02,129950,3.71,3.73,3.71,3.73
712158,頎邦群益62購01,0,,,,
712159,雙鴻群益64購01,81150,7.25,7.6,7.25,7.3
712160,中美晶凱基63購05,278040,3.0,3.06,3.0,3.02
712161,宏捷科凱基67購01,332870,1.49,1.55,1.46,1.54
712162,系統電凱基64購01,582280,2.65,2.9,2.57,2.9
712163,宜鼎凱基63購02,0,,,,
712164,威剛凱基64購02,0,,,,
712165,倉和凱基63購01,0,,,,
712166,智通*凱基63購01,214700,2.15,2.15,2.14,2.14
712167,群聯凱基63購06,45700,1.15,1.15,1.14,1.14
712168,蜜望實凱基63購01,32400,1.2,1.2,1.2,1.2
712169,營邦凱基63購01,180540,4.18,4.79,4.13,4.79
712170,雙鴻凱基63購06,0,,,,
712171,巨漢富邦63購02,30520,0.66,0.66,0.64,0.64
712172,博智富邦63購02,386120,0.9,0.91,0.86,0.9
712173,頎邦富邦64購02,0,,,,
712174,中美晶國泰63購03,0,,,,
712175,巨漢國泰63購01,240200,2.33,2.33,2.22,2.22
712176,頎邦國泰63購03,0,,,,
712177,雙鴻國泰63購02,0,,,,
712178,元太統一6A購01,29920,0.44,0.44,0.44,0.44
712179,富喬統一6A購01,0,,,,
712180,中光電元大64購04,0,,,,
712181,弘塑元大63購03,609160,0.97,1.0,0.93,0.98
712182,弘塑元大64購02,209230,1.06,1.12,1.06,1.12
712183,艾訊元大63購01,98820,1.32,1.37,1.31,1.31
712184,威剛元大63購04,27000,1.35,1.35,1.35,1.35
712185,威剛元大64購03,0,,,,
712186,博智元大64購01,251240,0.73,0.76,0.72,0.76
712187,萬潤元大63購01,2618410,1.46,1.72,1.41,1.6
712188,中光電台新65購01,5200,1.04,1.04,1.04,1.04
712189,中美晶台新65購03,25030,1.53,1.6,1.53,1.55
712190,均華台新62購03,35280,2.52,2.52,2.52,2.52
712191,欣銓台新62購02,0,,,,
712192,威剛台新65購01,0,,,,
712193,威剛台新68購01,14160,1.18,1.18,1.18,1.18
712194,家登台新62購03,0,,,,
712195,家登台新65購01,29100,1.94,1.94,1.94,1.94
712196,萬潤台新62購01,0,,,,
712197,萬潤台新62購02,10050,3.35,3.35,3.35,3.35
712198,萬潤台新62購03,930590,3.6,3.84,3.15,3.54
712199,萬潤台新65購01,2751190,2.52,3.02,2.45,2.77
712200,萬潤台新68購01,1720290,2.82,3.22,2.8,3.08
712201,世禾凱基66購01,12200,0.88,0.88,0.86,0.86
712202,世界凱基63購04,4290,1.43,1.43,1.43,1.43
712203,台特化凱基63購02,2320,2.32,2.32,2.32,2.32
712204,宜特凱基63購01,0,,,,
712205,高技凱基63購01,252680,1.02,1.09,1.02,1.09
712206,博智凱基63購04,43900,1.47,1.5,1.42,1.5
712207,智通*凱基63購02,0,,,,
712208,新應材凱基63購05,0,,,,
712209,廣積凱基63購01,8100,1.35,1.35,1.35,1.35
712210,廣穎凱基63購01,0,,,,
712211,富喬中信64購02,723380,2.34,2.37,2.18,2.2
712212,中美晶永豐64購05,17270,1.57,1.57,1.57,1.57
712213,天正永豐65購01,21500,0.86,0.86,0.86,0.86
712214,朋億*永豐63購01,118170,1.03,1.05,1.03,1.05
712215,金山電永豐65購01,0,,,,
712216,家登永豐63購02,0,,,,
712217,港建*永豐64購01,6240,0.52,0.52,0.52,0.52
712218,萬潤永豐65購01,4298020,1.55,1.73,1.45,1.61
712219,萬潤永豐66購01,25500,1.5,1.5,1.5,1.5
712220,萬潤永豐68購01,4648720,2.09,2.36,2.08,2.25
712221,德昌永豐65購01,0,,,,
712222,營邦永豐63購01,0,,,,
712223,久元國票66購01,0,,,,
712224,互動國票66購01,0,,,,
712225,朋億*國票66購01,8300,0.83,0.83,0.83,0.83
712226,金山電國票65購01,7400,0.74,0.74,0.74,0.74
712227,金山電國票67購01,0,,,,
712228,家登國票63購01,25840,3.72,3.72,3.52,3.52
712229,高技國票66購01,0,,,,
712230,凱崴國票65購01,126050,1.0,1.02,1.0,1.02
712231,博磊國票68購01,161560,0.71,0.71,0.68,0.69
712232,港建*國票63購01,2910,0.97,0.97,0.97,0.97
712233,瑞穎國票63購01,0,,,,
712234,萬潤國票66購01,832560,1.21,1.35,1.16,1.28
712235,萬潤國票68購01,855910,1.29,1.43,1.25,1.4
712236,中美晶富邦62購02,28600,1.2,1.2,1.19,1.19
712237,弘塑富邦63購02,745750,0.72,0.73,0.68,0.7
712238,威剛富邦62購02,0,,,,
712239,中美晶群益62購03,134120,2.51,2.51,2.47,2.47
712240,台嘉碩群益62購01,776010,1.33,1.37,1.33,1.35
712241,弘塑群益62購01,78300,0.9,0.9,0.9,0.9
712242,弘塑群益62購02,38000,0.95,0.95,0.95,0.95
712243,宏捷科群益64購01,431080,1.43,1.47,1.4,1.47
712244,系統電群益62購01,853410,2.04,2.04,1.93,2.0
712245,宜鼎群益62購01,3100,0.78,0.78,0.77,0.77
712246,金山電群益62購01,14100,1.41,1.41,1.41,1.41
712247,前鼎群益68購01,56000,4.65,4.76,4.65,4.76
712248,威剛群益62購03,0,,,,
712249,原相群益62購01,239970,1.1,1.1,1.07,1.07
712250,智通*群益62購01,0,,,,
712251,新應材群益66購01,1570,1.57,1.57,1.57,1.57
712252,萬潤群益68購01,5531720,2.26,2.6,2.23,2.54
712253,群聯群益68購01,3420,3.42,3.42,3.42,3.42
712254,頎邦群益62購02,3590,3.59,3.59,3.59,3.59
712255,雙鴻群益62購03,68300,3.41,3.42,3.41,3.42
712256,元太統一66購01,0,,,,
712257,世禾統一68購01,0,,,,
712258,沛亨統一68購02,22000,1.1,1.1,1.1,1.1
712259,金山電統一67購01,30800,0.56,0.56,0.56,0.56
712260,金山電統一6B購01,38300,0.69,0.7,0.69,0.7
712261,金山電統一6C購01,748860,0.69,0.7,0.69,0.7
712262,能率亞統一68購01,0,,,,
712263,港建*統一6B購01,0,,,,
712264,新應材統一68購01,29440,0.64,0.64,0.64,0.64
712265,萬潤統一65購01,2234530,1.37,1.61,1.33,1.47
712266,萬潤統一6A購03,2486570,1.23,1.38,1.19,1.3
712267,萬潤統一6B購01,1103170,0.87,0.96,0.85,0.94
712268,萬潤統一6C購01,1403490,0.83,0.92,0.8,0.9
712269,弘塑國泰63購01,24860,1.13,1.13,1.13,1.13
712270,弘塑國泰63購02,14250,0.95,0.95,0.95,0.95
712271,泓格國泰63購02,15850,0.79,0.8,0.79,0.8
712272,金山電國泰63購01,404730,2.17,2.2,2.14,2.14
712273,金山電國泰64購01,61600,2.07,2.07,2.02,2.02
712274,萬潤國泰63購01,543770,2.2,2.4,1.99,2.28
712275,弘塑台新62購01,67360,1.16,1.17,1.16,1.17
712276,弘塑台新62購02,668580,0.97,1.03,0.95,1.03
712277,弘塑台新62購03,361970,0.9,0.91,0.87,0.87
712278,弘塑台新68購01,704520,1.44,1.46,1.42,1.44
712279,弘塑台新68購02,730450,1.05,1.08,1.02,1.05
712280,沛亨台新62購01,95080,2.04,2.04,1.94,1.94
712281,沛亨台新62購02,48300,1.61,1.61,1.61,1.61
712282,韋僑台新62購01,0,,,,
712283,韋僑台新62購02,0,,,,
712284,竑騰台新62購02,708460,1.52,1.52,1.48,1.49
712285,博智台新62購01,0,,,,
712286,新應材台新62購03,20060,1.18,1.18,1.18,1.18
712287,群聯台新62購01,50990,2.05,2.05,2.03,2.03
712288,群聯台新62購02,0,,,,
712289,雙鴻台新62購01,0,,,,
712290,雙鴻台新68購01,0,,,,
712291,雙鴻台新68購02,464650,2.77,2.77,2.71,2.74
712292,中光電元大63購02,0,,,,
712293,中光電元大64購05,0,,,,
712294,世界元大63購08,46140,1.91,1.94,1.91,1.94
712295,世界元大63購09,32250,1.29,1.29,1.29,1.29
712296,世界元大64購09,329870,0.74,0.74,0.73,0.73
712297,弘塑元大64購03,484930,0.67,0.68,0.65,0.67
712298,良維元大64購02,464540,1.22,1.27,1.18,1.27
712299,宜鼎元大64購03,154180,0.93,0.93,0.91,0.91
712300,陽程元大64購02,0,,,,
712301,鈊象元大63購08,7110,1.02,1.02,0.99,0.99
712302,中光電凱基65購01,0,,,,
712303,中美晶凱基63購06,16300,1.2,1.27,1.2,1.27
712304,弘塑凱基63購01,211200,0.57,0.59,0.56,0.57
712305,弘塑凱基64購01,120570,0.93,0.93,0.92,0.92
712306,金山電凱基63購01,237340,1.16,1.23,1.16,1.23
712307,金山電凱基63購02,73180,1.23,1.26,1.23,1.23
712308,威剛凱基63購04,0,,,,
712309,群聯凱基66購03,72360,1.29,1.31,1.29,1.31
712310,頎邦凱基64購03,19670,1.78,1.87,1.78,1.87
712311,雙鴻凱基63購08,222360,2.83,2.93,2.83,2.88
712312,均華國泰64購01,314120,2.32,2.32,2.21,2.21
712313,新應材國泰64購01,0,,,,
712314,弘塑統一67購01,615540,0.56,0.57,0.55,0.56
712315,由田統一68購01,94060,1.14,1.14,1.12,1.12
712316,金山電統一66購01,2900,0.5,0.5,0.48,0.48
712317,金山電統一68購01,174210,0.72,0.73,0.72,0.72
712318,前鼎統一6C購01,2303640,0.98,0.98,0.96,0.98
712319,倉和統一68購01,0,,,,
712320,富喬中信64購03,23480,1.41,1.41,1.33,1.35
712321,元太永豐63購01,140060,0.66,0.68,0.66,0.67
712322,巨漢永豐63購01,143040,0.84,0.84,0.81,0.81
712323,宏碁資永豐63購01,203450,0.77,0.78,0.77,0.78
712324,建榮永豐64購01,0,,,,
712325,胡連永豐63購01,139040,0.79,0.79,0.79,0.79
712326,茂綸永豐64購01,45150,1.13,1.14,1.11,1.11
712327,茂綸永豐65購01,40800,1.36,1.36,1.36,1.36
712328,竑騰永豐64購01,95050,1.4,1.4,1.33,1.33
712329,富喬永豐64購02,41370,2.67,2.78,2.67,2.78
712330,富喬永豐67購01,0,,,,
712331,聖暉*永豐63購01,75390,1.69,1.77,1.69,1.77
712332,元太國票66購01,7050,0.47,0.47,0.47,0.47
712333,世界國票67購01,6020,1.5,1.51,1.5,1.51
712334,弘塑國票66購01,0,,,,
712335,全宇昕國票65購02,0,,,,
712336,均華國票63購01,116130,1.41,1.41,1.38,1.38
712337,長佳智國票65購01,0,,,,
712338,前鼎國票67購01,282090,1.74,1.78,1.72,1.75
712339,博智國票63購01,0,,,,
712340,智通*國票63購01,17920,1.12,1.12,1.12,1.12
712341,新應材國票63購01,2960,1.48,1.48,1.48,1.48
712342,新應材國票64購01,16000,1.6,1.6,1.6,1.6
712343,廣穎國票67購01,0,,,,
712344,德勝國票66購01,0,,,,
712345,世界群益67購01,68570,1.27,1.29,1.26,1.26
712346,台特化群益67購01,14600,1.46,1.46,1.46,1.46
712347,由田群益62購01,0,,,,
712348,宏捷科群益62購01,694270,1.0,1.04,0.92,1.03
712349,沛亨群益62購01,0,,,,
712350,茂達群益62購01,161280,0.95,0.95,0.91,0.93
712351,矽科台新62購01,0,,,,
712352,新應材台新62購04,23570,1.84,1.84,1.79,1.79
712353,世界凱基63購05,113460,1.22,1.22,1.22,1.22
712354,台特化凱基67購01,12820,2.12,2.14,2.12,2.14
712355,宜鼎凱基63購03,0,,,,
712356,前鼎凱基67購01,675390,1.95,2.0,1.8,1.94
712357,新應材凱基64購02,0,,,,
712358,青雲元大63購01,0,,,,
712359,鈊象中信62購01,0,,,,
712360,前鼎永豐68購01,586080,2.1,2.15,2.08,2.12
712361,博智永豐63購01,13900,1.39,1.39,1.39,1.39
712362,達航永豐63購02,13860,1.41,1.41,1.38,1.38
712363,廣積永豐63購01,0,,,,
712364,東洋國票63購01,10000,1.0,1.0,1.0,1.0
712365,前鼎國票68購01,139960,1.61,1.62,1.59,1.59
712366,竑騰國票63購01,367910,1.37,1.37,1.32,1.35
712367,聚和國票65購01,0,,,,
712368,廣積國票65購02,0,,,,
712369,中美晶群益64購02,23760,0.96,0.96,0.9,0.9
712370,欣銓群益63購01,950620,2.05,2.13,2.05,2.1
712371,金山電群益63購01,16500,1.19,1.19,1.15,1.15
712372,青雲群益63購01,0,,,,
712373,威剛群益64購01,0,,,,
712374,家登群益63購04,0,,,,
712375,群聯群益64購03,72800,1.04,1.04,1.04,1.04
712376,雙鴻群益64購02,0,,,,
712377,群聯國泰67購01,93080,1.79,1.79,1.79,1.79
712378,世界富邦65購01,40120,0.68,0.68,0.68,0.68
712379,富喬富邦62購01,0,,,,
712380,新應材富邦64購02,98780,0.48,0.48,0.46,0.46
712381,沛亨統一65購03,510050,1.12,1.12,1.03,1.03
712382,長科*統一68購01,0,,,,
712383,前鼎統一66購01,2698670,1.39,1.39,1.26,1.34
712384,前鼎統一68購01,88560,0.93,0.94,0.9,0.94
712385,富喬統一65購04,79550,1.94,1.95,1.94,1.95
712386,頎邦統一66購02,397220,1.3,1.3,1.22,1.28
712387,M31國票67購01,0,,,,
712388,博磊國票65購01,0,,,,
712389,宜鼎台新65購01,0,,,,
712390,青雲台新63購01,0,,,,
712391,宸曜台新62購01,4380,1.46,1.46,1.46,1.46
712392,宸曜台新62購02,62130,1.09,1.09,1.09,1.09
712393,新應材台新64購01,36590,1.47,1.47,1.45,1.45
712394,群聯台新65購01,72320,1.13,1.13,1.13,1.13
712395,雙鴻台新65購01,0,,,,
712396,雙鴻台新65購02,76030,2.21,2.31,2.19,2.31
712397,M31凱基63購01,198000,1.33,1.33,1.3,1.3
712398,中美晶凱基64購02,56350,1.61,1.61,1.61,1.61
712399,方土昶凱基63購01,0,,,,
712400,宜鼎凱基63購04,119760,0.29,0.29,0.26,0.26
712401,青雲凱基63購01,0,,,,
712402,威剛凱基64購03,0,,,,
712403,富喬凱基65購01,0,,,,
712404,富喬凱基68購01,0,,,,
712405,群聯凱基63購07,0,,,,
712406,群聯凱基63購08,0,,,,
712407,群聯凱基63購09,6500,1.3,1.3,1.3,1.3
712408,群聯凱基63購10,0,,,,
712409,雙鴻凱基63購09,98030,2.64,2.69,2.62,2.62
712410,方土昶群益63購01,0,,,,
712411,世界群益66購02,77340,1.05,1.09,1.05,1.09
712412,世紀*群益63購01,0,,,,
712413,世紀*群益63購02,0,,,,
712414,台特化群益66購01,7170,1.43,1.44,1.42,1.44
712415,弘塑群益63購01,653620,0.81,0.85,0.78,0.82
712416,艾訊群益63購01,105810,0.72,0.75,0.69,0.7
712417,艾訊群益63購02,17100,0.57,0.57,0.57,0.57
712418,倚強群益69購01,3130,3.13,3.13,3.13,3.13
712419,群聯群益64購04,0,,,,
712420,廣穎群益62購01,0,,,,
712421,雙鴻群益65購01,470910,1.68,1.68,1.62,1.65
712422,閎康元大63購04,960,0.48,0.48,0.48,0.48
712423,新應材元大63購04,0,,,,
712424,新應材元大64購02,58870,0.93,0.93,0.89,0.91
712425,營邦元大64購02,361730,1.93,2.03,1.84,2.03
712426,宜鼎中信62購01,32770,0.44,0.44,0.42,0.42
712427,威剛中信63購01,0,,,,
712428,群聯中信66購01,0,,,,
712429,雙鴻中信63購03,758050,1.15,1.17,1.11,1.17
712430,均華永豐63購01,27800,1.39,1.39,1.39,1.39
712431,沛亨永豐64購01,0,,,,
712432,威剛永豐68購02,0,,,,
712433,茂訊永豐63購01,67070,0.67,0.67,0.66,0.66
712434,新潤永豐63購01,0,,,,
712435,新應材永豐68購04,0,,,,
712436,群聯永豐68購01,0,,,,
712437,雙鴻永豐64購05,196470,2.21,2.21,2.18,2.18
712438,群聯國泰63購03,0,,,,
712439,群聯國泰65購02,0,,,,
712440,聖暉*國泰63購02,77760,0.77,0.79,0.77,0.79
712441,譜瑞國泰63購01,0,,,,
712442,鑫聯國泰63購01,0,,,,
712443,宏捷科富邦64購01,676340,0.74,0.74,0.67,0.72
712444,宏捷科富邦65購01,184570,0.74,0.75,0.71,0.75
712445,宜鼎富邦68購01,0,,,,
712446,頎邦富邦64購03,0,,,,
712447,頎邦富邦65購01,777180,0.87,0.87,0.8,0.86
712448,譜瑞富邦64購02,0,,,,
712449,M31統一68購01,0,,,,
712450,陽程統一66購02,0,,,,
712451,雙鴻統一64購02,262140,1.02,1.02,1.02,1.02
712452,台特化台新65購01,66520,2.44,2.44,2.34,2.34
712453,宜鼎台新64購02,0,,,,
712454,富喬台新65購01,0,,,,
712455,順達台新64購01,1933760,1.57,1.85,1.57,1.85
712456,新應材台新64購02,14620,0.86,0.86,0.86,0.86
712457,頎邦台新68購01,27060,3.83,3.88,3.83,3.88
712458,營邦台新65購02,64820,2.49,2.53,2.49,2.53
712459,鴻呈台新62購01,0,,,,
712460,雙鴻台新62購02,0,,,,
712461,世界凱基66購02,875620,1.58,1.71,1.58,1.62
712462,世紀*凱基63購01,0,,,,
712463,弘塑凱基63購02,302950,0.96,1.0,0.95,0.96
712464,弘塑凱基63購03,654520,1.25,1.28,1.24,1.24
712465,艾訊凱基63購01,47500,0.62,0.64,0.62,0.62
712466,倚強凱基63購01,0,,,,
712467,富喬凱基63購03,94480,2.3,2.3,2.11,2.11
712468,閎康凱基63購01,0,,,,
712469,順達凱基63購04,0,,,,
712470,新應材凱基63購06,0,,,,
712471,廣積凱基64購01,0,,,,
712472,順達中信62購01,860,0.43,0.43,0.43,0.43
712473,群聯中信62購02,0,,,,
712474,均華永豐63購02,233440,1.04,1.09,1.04,1.06
712475,良維永豐63購01,0,,,,
712476,宜鼎永豐66購02,0,,,,
712477,順達永豐63購02,1541010,1.3,1.6,1.23,1.6
712478,順達永豐63購03,260090,0.86,1.11,0.85,1.11
712479,群聯永豐65購07,0,,,,
712480,群聯永豐65購08,25990,1.13,1.13,1.13,1.13
712481,群聯永豐68購02,85660,1.62,1.62,1.61,1.61
712482,廣閎科永豐63購01,58610,1.21,1.21,1.17,1.17
712483,廣閎科永豐63購02,22840,1.0,1.0,0.98,0.98
712484,廣閎科永豐65購01,26750,1.07,1.07,1.07,1.07
712485,廣閎科永豐68購01,2200,1.1,1.1,1.1,1.1
712486,廣穎永豐65購02,0,,,,
712487,巨漢元大64購01,45250,1.1,1.12,1.1,1.1
712488,宜鼎元大63購06,0,,,,
712489,宜鼎元大64購04,0,,,,
712490,富喬元大63購03,93210,2.19,2.19,2.16,2.16
712491,富喬元大63購04,510110,2.01,2.07,1.93,2.02
712492,富喬元大63購05,0,,,,
712493,富喬元大63購06,0,,,,
712494,富喬元大64購06,660440,1.7,1.75,1.62,1.71
712495,群聯元大63購10,0,,,,
712496,群聯元大63購13,375710,0.58,0.58,0.56,0.56
712497,廣積元大63購05,18900,0.63,0.63,0.63,0.63
712498,廣穎元大63購02,0,,,,
712499,廣穎元大63購03,0,,,,
712500,營邦元大63購01,232260,1.44,1.45,1.44,1.45
712501,營邦元大63購03,395770,0.95,1.08,0.93,1.07
712502,營邦元大64購04,820220,0.96,1.1,0.96,1.04
712503,雙鴻元大64購04,835590,1.85,1.88,1.8,1.83
712504,千如國票66購01,115120,1.28,1.33,1.24,1.33
712505,富喬國票64購01,0,,,,
712506,富喬國票66購01,97860,4.67,4.86,4.63,4.86
712507,鴻呈國票66購01,0,,,,
712508,雙鴻國票69購01,153040,1.91,1.95,1.88,1.92
712509,千如國泰63購01,80600,2.63,2.72,2.63,2.68
712510,宜鼎國泰63購02,0,,,,
712511,富喬國泰63購03,0,,,,
712512,新應材國泰63購02,5550,1.11,1.11,1.11,1.11
712513,千附精富邦62購01,77300,0.52,0.52,0.5,0.5
712514,中美晶富邦65購01,90360,0.8,0.87,0.8,0.82
712515,順達富邦63購03,83970,0.79,0.92,0.77,0.92
712516,廣閎科富邦62購01,40570,0.58,0.58,0.57,0.57
712517,營邦富邦65購01,1467090,1.3,1.46,1.3,1.43
712518,中美晶群益63購02,34300,3.43,3.43,3.43,3.43
712519,宜鼎群益63購01,0,,,,
712520,威剛群益63購02,0,,,,
712521,順達群益63購01,167520,1.65,1.93,1.58,1.93
712522,群聯群益63購03,138170,3.22,3.22,3.13,3.13
712523,廣閎科群益63購01,16900,1.3,1.3,1.3,1.3
712524,磐儀群益63購01,0,,,,
712525,雙鴻群益63購04,59700,2.98,2.99,2.98,2.99
712526,譜瑞群益62購01,0,,,,
712527,弘塑統一66購01,426140,0.59,0.59,0.57,0.57
712528,均華統一69購01,1273630,0.8,0.8,0.73,0.74
712529,高技統一66購01,141920,0.71,0.77,0.71,0.77
712530,陽程統一66購03,177460,2.39,2.39,2.21,2.27
712531,順達統一6B購01,125890,0.76,0.85,0.76,0.85
712532,世界群益62購04,35860,2.38,2.55,2.37,2.37
712533,台半群益63購01,109620,1.34,1.35,1.25,1.25
712534,台特化群益62購02,22740,3.79,3.79,3.79,3.79
712535,東捷群益64購01,0,,,,
712536,鉅橡群益63購01,0,,,,
712537,臺慶科群益63購01,48000,0.75,0.75,0.75,0.75
712538,廣閎科群益64購01,16740,1.86,1.86,1.86,1.86
712539,穩懋群益63購02,339020,3.93,3.93,3.61,3.64
712540,穩懋群益64購01,224400,5.1,5.1,5.1,5.1
712541,中美晶元大64購05,68130,0.91,0.93,0.88,0.88
712542,方土昶元大63購02,0,,,,
712543,均華元大64購02,51190,1.95,1.99,1.95,1.99
712544,朋億*元大63購01,225750,0.94,0.95,0.94,0.94
712545,東捷元大63購01,4710,1.57,1.57,1.57,1.57
712546,青雲元大63購02,0,,,,
712547,高技元大63購02,91260,0.49,0.54,0.49,0.51
712548,順達元大63購03,993820,0.79,0.99,0.74,0.95
712549,順達元大63購04,268540,1.3,1.4,1.25,1.4
712550,順達元大64購07,1622370,1.22,1.23,1.05,1.23
712551,漢達元大64購01,0,,,,
712552,廣閎科元大64購01,0,,,,
712553,廣積元大63購06,0,,,,
712554,廣穎元大63購04,0,,,,
712555,雙鴻元大63購08,1474990,1.76,1.83,1.76,1.78
712556,雙鴻元大63購09,1697410,1.51,1.6,1.51,1.51
712557,雙鴻元大63購10,1680900,1.48,1.55,1.48,1.49
712558,雙鴻元大64購05,551240,1.81,1.81,1.74,1.74
712559,寶雅元大63購01,0,,,,
712560,東捷統一66購02,10400,1.04,1.04,1.04,1.04
712561,東捷統一6B購01,0,,,,
712562,穩懋統一66購02,712570,1.43,1.44,1.33,1.37
712563,穩懋統一67購01,1220390,1.2,1.2,1.14,1.15
712564,穩懋統一68購01,4800,1.2,1.2,1.2,1.2
712565,穩懋統一6C購02,525100,1.13,1.13,1.1,1.1
712566,穩懋統一6C購03,371300,1.48,1.48,1.42,1.42
712567,東捷富邦63購01,221000,1.19,1.2,1.16,1.17
712568,東捷國泰63購01,42300,2.82,2.82,2.82,2.82
712569,博盛國泰63購01,0,,,,
712570,營邦國泰63購02,283340,3.04,3.22,3.04,3.22
712571,鴻呈國泰63購01,0,,,,
712572,穩懋國泰63購01,81600,4.19,4.19,3.97,3.97
712573,穩懋國泰63購03,46610,4.68,4.74,4.43,4.43
712574,穩懋國泰63購04,0,,,,
712575,穩懋國泰63購05,25600,5.1,5.15,5.1,5.15
712576,台半凱基63購01,123600,1.84,1.84,1.75,1.75
712577,宜鼎凱基64購02,71410,0.72,0.73,0.71,0.71
712578,威剛凱基63購06,0,,,,
712579,宸曜凱基63購01,0,,,,
712580,順達凱基63購05,0,,,,
712581,群聯凱基64購06,39280,1.28,1.28,1.26,1.26
712582,漢達凱基63購01,0,,,,
712583,營邦凱基63購02,73800,3.57,3.81,3.57,3.81
712584,鴻呈凱基66購01,0,,,,
712585,雙鴻凱基64購02,38480,2.96,2.96,2.96,2.96
712586,穩懋凱基63購01,145000,3.37,3.42,3.21,3.26
712587,穩懋凱基63購02,65780,2.96,2.96,2.73,2.73
712588,穩懋凱基63購03,31500,3.15,3.15,3.15,3.15
712589,穩懋凱基63購04,0,,,,
712590,穩懋凱基63購05,0,,,,
712591,均華台新63購01,26910,2.07,2.07,2.07,2.07
712592,宜鼎台新64購03,0,,,,
712593,東捷台新62購01,0,,,,
712594,順達台新64購02,26430,1.16,1.39,1.16,1.39
712595,鈊象台新64購01,0,,,,
712596,穩懋台新62購01,6160,3.09,3.09,3.07,3.07
712597,穩懋台新63購01,0,,,,
712598,穩懋台新65購01,13790,1.97,1.97,1.97,1.97
712599,穩懋台新65購02,23640,2.65,2.65,2.44,2.44
712600,穩懋台新68購01,0,,,,
712601,弘塑中信64購01,357000,0.89,0.95,0.89,0.95
712602,穩懋中信68購01,144290,1.19,1.19,1.08,1.08
712603,台半永豐64購02,313180,1.26,1.26,1.23,1.25
712604,台半永豐65購01,1480,1.48,1.48,1.48,1.48
712605,台星科永豐64購01,599520,1.35,1.57,1.35,1.5
712606,由田永豐64購01,574120,1.71,1.71,1.62,1.64
712607,系統電永豐63購01,229610,0.84,0.89,0.84,0.88
712608,東捷永豐63購01,0,,,,
712609,東捷永豐63購02,6680,1.67,1.67,1.67,1.67
712610,東捷永豐63購03,0,,,,
712611,東捷永豐65購01,73710,2.03,2.03,1.96,1.96
712612,東捷永豐65購02,0,,,,
712613,東捷永豐68購01,0,,,,
712614,欣銓永豐66購01,205720,1.61,1.62,1.59,1.61
712615,欣銓永豐68購01,38250,1.25,1.29,1.25,1.29
712616,彩富永豐63購01,0,,,,
712617,博盛永豐63購01,73150,1.55,1.55,1.45,1.48
712618,博盛永豐63購02,103000,1.31,1.31,1.25,1.25
712619,博盛永豐65購01,106640,1.72,1.72,1.72,1.72
712620,越峰永豐63購01,59960,0.76,0.76,0.74,0.74
712621,穩得永豐63購01,55080,0.54,0.54,0.54,0.54
712622,穩懋永豐64購01,0,,,,
712623,穩懋永豐64購02,91900,4.63,4.63,4.56,4.56
712624,穩懋永豐66購01,0,,,,
712625,穩懋永豐68購01,0,,,,
712626,均華國票63購02,41970,2.09,2.09,1.93,1.93
712627,東捷國票63購01,0,,,,
712628,東捷國票64購01,20000,2.0,2.0,2.0,2.0
712629,元太群益63購01,91160,0.62,0.71,0.62,0.71
712630,方土昶群益63購02,0,,,,
712631,世界群益63購01,30400,3.04,3.04,3.04,3.04
712632,巨有群益63購01,0,,,,
712633,威剛群益62購04,69070,1.84,1.85,1.75,1.75
712634,胡連群益63購01,34500,0.69,0.69,0.69,0.69
712635,陽程群益63購03,0,,,,
712636,順達群益63購02,29870,1.03,1.03,1.03,1.03
712637,群聯群益62購01,119220,3.77,3.77,3.67,3.7
712638,漢達群益63購01,0,,,,
712639,鴻呈群益63購01,0,,,,
712640,雙鴻群益62購04,0,,,,
712641,穩懋群益64購03,47700,4.77,4.77,4.77,4.77
712642,雙鴻中信64購02,1074630,1.72,1.81,1.7,1.7
712643,新應材永豐64購02,0,,,,
712644,新應材永豐65購01,47850,1.45,1.45,1.45,1.45
712645,群聯永豐63購02,0,,,,
712646,寶雅永豐63購01,0,,,,
712647,台半國泰63購01,0,,,,
712648,胡連國泰63購01,50410,0.71,0.71,0.71,0.71
712649,千附精元大63購01,0,,,,
712650,元太元大63購06,375080,0.48,0.5,0.48,0.48
712651,元太元大64購02,955330,0.67,0.74,0.67,0.73
712652,威剛元大64購04,0,,,,
712653,陽程元大63購03,0,,,,
712654,陽程元大64購03,1915320,1.96,1.96,1.75,1.75
712655,順達元大64購08,0,,,,
712656,鈊象元大64購04,19100,0.8,0.8,0.75,0.75
712657,群聯元大64購13,0,,,,
712658,良維富邦63購01,462650,1.05,1.14,1.03,1.14
712659,穩懋富邦63購01,39500,1.98,1.98,1.97,1.97
712660,穩懋富邦64購01,1730,1.73,1.73,1.73,1.73
712661,台半統一68購01,63950,0.95,0.95,0.88,0.88
712662,東捷統一68購01,49850,0.84,0.84,0.83,0.83
712663,新普統一68購01,0,,,,
712664,穩懋統一68購02,348530,1.63,1.64,1.52,1.53
712665,千如凱基66購01,90740,1.06,1.06,1.04,1.06
712666,中美晶凱基68購01,4400,2.2,2.2,2.2,2.2
712667,世界凱基63購06,32630,1.54,1.63,1.54,1.63
712668,弘塑凱基63購04,1033440,1.02,1.07,1.01,1.03
712669,均華凱基64購02,302640,1.73,1.74,1.59,1.59
712670,宜鼎凱基66購01,0,,,,
712671,東捷凱基63購02,7840,1.34,1.34,1.3,1.3
712672,金益鼎凱基63購01,0,,,,
712673,順達凱基63購06,0,,,,
712674,頎邦凱基63購03,175300,2.42,2.55,2.42,2.55
712675,雙鴻凱基63購10,0,,,,
712676,寶雅凱基63購01,0,,,,
712677,系統電台新62購01,315130,1.68,1.68,1.59,1.62
712678,長科*台新65購01,134980,2.05,2.05,1.95,1.95
712679,威剛台新62購03,0,,,,
712680,威剛台新63購02,0,,,,
712681,順達台新62購01,63300,0.88,0.94,0.88,0.94
712682,中美晶元大64購06,16540,0.73,0.77,0.73,0.77
712683,元太元大63購07,157190,0.86,0.93,0.86,0.93
712684,元太元大63購08,682170,0.59,0.61,0.57,0.57
712685,元太元大64購03,574870,0.66,0.74,0.66,0.74
712686,均華元大64購03,87440,1.14,1.14,1.08,1.13
712687,宜鼎元大64購05,518000,0.56,0.56,0.56,0.56
712688,威剛元大64購05,0,,,,
712689,順達元大64購09,99860,0.69,0.82,0.69,0.82
712690,鈊象元大63購09,21140,1.06,1.06,1.04,1.04
712691,鈊象元大64購05,0,,,,
712692,群聯元大64購14,0,,,,
712693,蜜望實元大63購02,76110,0.43,0.43,0.43,0.43
712694,寶雅元大63購02,5800,0.58,0.58,0.58,0.58
712695,元太台新65購01,685420,1.07,1.2,1.07,1.17
712696,沛亨台新65購01,7300,1.46,1.46,1.46,1.46
712697,威聯通台新62購01,120320,0.64,0.64,0.64,0.64
712698,胡連台新62購01,116680,0.75,0.75,0.74,0.74
712699,倉和台新62購01,0,,,,
712700,蜜望實台新62購01,37080,0.94,0.94,0.92,0.92
712701,蜜望實台新65購01,0,,,,
712702,中美晶凱基64購04,7580,1.29,1.29,1.25,1.25
712703,朋億*凱基63購01,66220,0.77,0.77,0.77,0.77
712704,泓格凱基63購01,710,0.71,0.71,0.71,0.71
712705,威剛凱基63購07,45570,1.09,1.1,1.06,1.06
712706,建榮凱基63購01,13790,0.95,0.95,0.89,0.89
712707,順達凱基66購01,190310,1.19,1.46,1.15,1.42
712708,鈊象凱基64購04,0,,,,
712709,群聯凱基66購04,0,,,,
712710,鉅橡凱基63購01,48800,0.82,0.82,0.81,0.81
712711,廣閎科凱基63購01,1125990,1.18,1.18,1.08,1.09
712712,穩懋凱基63購08,430820,2.8,2.8,2.5,2.52
712713,中美晶群益62購04,32800,3.28,3.28,3.28,3.28
712714,弘塑群益63購02,244110,0.7,0.73,0.69,0.71
712715,系統電群益63購01,2481190,1.78,1.8,1.64,1.8
712716,宜鼎群益63購02,73960,0.86,0.86,0.86,0.86
712717,威剛群益62購05,0,,,,
712718,原相群益62購02,0,,,,
712719,群聯群益62購02,79120,2.09,2.09,2.06,2.06
712720,千如永豐63購01,256830,1.33,1.34,1.27,1.33
712721,元太永豐63購02,177290,0.6,0.66,0.6,0.64
712722,世紀*永豐63購02,0,,,,
712723,沛亨永豐64購02,0,,,,
712724,茂迪永豐64購01,345750,0.56,0.56,0.55,0.55
712725,頎邦永豐65購02,3340,1.67,1.67,1.67,1.67
712726,榮剛永豐63購01,0,,,,
712727,雙鴻永豐65購02,0,,,,
712728,雙鴻永豐6B購01,34680,2.04,2.04,2.04,2.04
712729,雙鴻永豐6C購01,292330,1.96,1.97,1.93,1.93
712730,穩懋永豐65購01,0,,,,
712731,三聯國票63購01,3200,0.8,0.8,0.8,0.8
712732,蜜望實國票63購01,0,,,,
712733,寬宏國票63購01,0,,,,
712734,均華國泰63購02,210460,1.1,1.1,1.06,1.06
712735,順達國泰63購03,25200,1.26,1.26,1.26,1.26
712736,順達富邦64購01,1032590,0.56,0.65,0.51,0.65
712737,巨有統一6B購03,73000,2.33,2.33,1.91,1.91
712738,倉和統一6B購01,0,,,,
712739,堡達統一6A購01,0,,,,
712740,新普統一66購01,0,,,,
712741,新普統一6B購01,0,,,,
712742,晶焱國票63購01,21900,0.73,0.73,0.73,0.73
712743,鈺太國票63購01,357000,1.0,1.0,0.99,0.99
712744,鈺太國票64購01,0,,,,
712745,中美晶群益62購05,45750,2.99,3.08,2.99,3.08
712746,台特化群益62購03,1983080,2.88,2.93,2.85,2.85
712747,弘塑群益63購03,1950,0.39,0.39,0.39,0.39
712748,均華群益64購01,394090,1.79,1.79,1.73,1.76
712749,茂迪群益63購01,0,,,,
712750,鈊象群益62購01,0,,,,
712751,群聯群益62購03,0,,,,
712752,營邦群益63購01,91030,2.06,2.21,2.02,2.21
712753,穩懋群益68購01,0,,,,
712754,元太凱基63購01,361280,0.87,1.02,0.87,1.01
712755,弘塑凱基63購05,7410,0.57,0.57,0.57,0.57
712756,均華凱基68購01,268150,3.23,3.4,3.2,3.2
712757,系統電凱基64購02,82720,1.55,1.55,1.46,1.5
712758,宜鼎凱基63購05,0,,,,
712759,倉和凱基63購02,2000,2.0,2.0,2.0,2.0
712760,頎邦凱基66購01,4200,2.1,2.1,2.1,2.1
712761,臺慶科凱基63購03,12700,0.57,0.57,0.53,0.54
712762,弘塑台新63購01,33150,0.85,0.85,0.85,0.85
712763,東捷台新62購02,848000,2.12,2.12,2.12,2.12
712764,倉和台新62購02,0,,,,
712765,家碩台新62購01,0,,,,
712766,家碩台新62購02,0,,,,
712767,順達台新64購03,10700,1.07,1.07,1.07,1.07
712768,勤凱台新62購01,921830,1.52,1.82,1.5,1.62
712769,營邦台新63購01,761900,1.55,1.77,1.55,1.72
712770,營邦台新65購03,129960,1.71,1.71,1.71,1.71
712771,營邦台新66購01,38800,1.94,1.94,1.94,1.94
712772,元太元大64購04,194720,0.39,0.44,0.39,0.43
712773,弘塑元大63購04,338290,0.5,0.51,0.5,0.51
712774,弘塑元大63購05,162200,0.73,0.75,0.71,0.74
712775,弘塑元大64購04,0,,,,
712776,均華元大64購04,620630,1.03,1.04,0.98,0.98
712777,威剛元大64購06,40500,0.81,0.81,0.81,0.81
712778,順達元大63購05,359810,0.57,0.63,0.54,0.63
712779,順達元大63購06,141990,0.69,0.84,0.69,0.84
712780,順達元大63購07,81230,0.7,0.86,0.65,0.86
712781,順達元大64購10,461280,0.47,0.51,0.45,0.51
712782,順達元大64購11,153760,0.31,0.31,0.31,0.31
712783,群聯元大63購14,0,,,,
712784,群聯元大63購15,0,,,,
712785,群聯元大63購16,0,,,,
712786,群聯元大64購15,0,,,,
712787,寶雅元大63購03,19500,0.75,0.75,0.75,0.75
712788,台星科統一6B購01,518070,0.82,0.86,0.82,0.85
712789,沛亨統一6B購01,0,,,,
712790,宜鼎統一6B購02,0,,,,
712791,倉和統一68購02,83200,1.85,1.85,1.84,1.84
712792,陽程統一6C購02,1157200,1.12,1.12,1.03,1.03
712793,新普統一66購02,0,,,,
712794,穩懋統一68購03,165000,1.84,1.84,1.81,1.81
712795,家登中信63購01,616330,1.17,1.19,1.05,1.05
712796,世禾永豐63購01,170560,0.79,0.81,0.78,0.81
712797,安葆永豐63購02,0,,,,
712798,宏捷科永豐63購01,1174820,1.29,1.34,1.23,1.31
712799,倚強永豐64購01,0,,,,
712800,倚強永豐64購02,11200,2.8,2.8,2.8,2.8
712801,倉和永豐63購02,0,,,,
712802,家登永豐63購03,108750,1.19,1.2,1.19,1.2
712803,湧德永豐63購01,162850,1.31,1.43,1.29,1.41
712804,順達永豐63購04,70940,0.81,1.01,0.81,1.0
712805,群聯永豐63購03,0,,,,
712806,磐儀永豐63購01,55000,0.55,0.55,0.55,0.55
712807,鴻呈永豐63購01,0,,,,
712808,鴻呈永豐64購01,50920,0.38,0.38,0.38,0.38
712809,弘塑富邦64購02,412200,0.68,0.7,0.65,0.68
712810,頎邦富邦65購02,114610,0.99,0.99,0.94,0.99
712811,雙鴻富邦65購01,0,,,,
712812,元太台新65購02,707400,0.83,0.93,0.83,0.93
712813,均華台新62購04,0,,,,
712814,竑騰台新62購03,58070,1.56,1.56,1.51,1.51
712815,崇越電台新62購01,0,,,,
712816,博盛台新62購01,0,,,,
712817,普萊德台新62購01,74950,0.82,0.85,0.81,0.83
712818,晶呈台新62購01,98690,2.76,2.88,2.76,2.84
712819,晶呈台新62購02,39270,1.87,1.87,1.87,1.87
712820,晶呈台新65購01,258620,2.13,2.23,2.13,2.16
712821,元太群益62購01,0,,,,
712822,均華群益64購02,349450,1.93,2.05,1.89,2.0
712823,群聯群益62購04,0,,,,
712824,世紀*元大62購01,0,,,,
712825,世紀*元大62購02,0,,,,
712826,倉和元大62購01,0,,,,
712827,倉和元大62購02,4720,1.02,1.3,1.02,1.3
712828,陽程元大62購01,802010,1.38,1.38,1.27,1.29
712829,陽程元大62購02,925420,1.32,1.32,1.17,1.17
712830,陽程元大62購03,801570,1.31,1.31,1.14,1.15
712831,陽程元大63購04,202500,1.29,1.31,1.22,1.22
712832,陽程元大65購03,338590,1.15,1.19,1.1,1.1
712833,群聯元大65購01,0,,,,
712834,廣閎科元大62購01,0,,,,
712835,營邦元大62購02,954330,1.29,1.48,1.29,1.48
712836,中美晶凱基66購02,0,,,,
712837,方土昶凱基63購02,0,,,,
712838,台特化凱基65購01,0,,,,
712839,系統電凱基66購01,361170,1.73,1.83,1.64,1.83
712840,威剛凱基64購04,0,,,,
712841,茂迪凱基63購01,25200,0.68,0.68,0.65,0.65
712842,博智凱基63購05,906290,1.86,1.86,1.85,1.85
712843,順達凱基63購07,752730,1.39,1.79,1.19,1.79
712844,鈊象凱基63購01,0,,,,
712845,群聯凱基68購01,338390,2.59,2.61,2.58,2.58
712846,寶雅*凱基63購02,0,,,,
712847,千附精永豐63購01,0,,,,
712848,晶呈永豐64購02,0,,,,
712849,群聯永豐63購05,0,,,,
712850,群聯永豐63購06,0,,,,
712851,群聯永豐65購09,72680,1.18,1.18,1.17,1.18
712852,頎邦國泰63購04,0,,,,
712853,聖暉*富邦62購01,5200,0.52,0.52,0.52,0.52
712854,大中國票63購01,928330,1.3,1.32,1.22,1.25
712855,華義*國票68購01,0,,,,
712856,越峰國票68購01,15000,0.75,0.75,0.75,0.75
712857,陽程國票64購01,13600,2.72,2.72,2.72,2.72
712858,陽程國票65購01,69550,2.62,2.62,2.49,2.61
712859,陽程國票68購01,301830,2.83,2.83,2.56,2.56
712860,鏵友益國票66購01,238880,1.32,1.32,1.14,1.14
712861,鏵友益國票68購01,6900,1.38,1.38,1.38,1.38
712862,方土昶台新62購01,0,,,,
712863,巨漢台新65購01,122560,2.29,2.29,2.12,2.12
712864,欣銓台新65購01,464540,2.3,2.33,2.29,2.33
712865,萬泰科台新65購01,1656710,3.48,3.75,3.3,3.3
712866,臺慶科台新65購01,136260,1.48,1.58,1.44,1.58
712867,元太凱基63購02,560,0.56,0.56,0.56,0.56
712868,世紀*凱基63購02,0,,,,
712869,均華凱基63購01,15900,1.59,1.59,1.59,1.59
712870,群聯凱基64購07,40810,1.94,1.95,1.94,1.95
712871,頎邦凱基63購04,1811950,2.13,3.25,2.08,3.0
712872,廣閎科凱基63購02,8690,1.72,1.75,1.72,1.75
712873,雙鴻凱基67購01,49650,3.8,3.85,3.8,3.85
712874,中美晶群益62購06,430600,2.14,2.29,2.12,2.12
712875,方土昶群益63購03,0,,,,
712876,世紀*群益63購03,41400,4.14,4.14,4.14,4.14
712877,由田群益63購01,672920,1.13,1.16,1.11,1.13
712878,威剛群益62購06,0,,,,
712879,晶呈群益64購01,352810,1.19,1.29,1.19,1.24
712880,華電網群益62購01,0,,,,
712881,鈊象群益62購02,4740,2.37,2.37,2.37,2.37
712882,新應材群益62購03,56320,2.61,2.61,2.48,2.5
712883,群聯群益62購05,10200,1.02,1.02,1.02,1.02
712884,雙鴻群益62購05,0,,,,
712885,寶雅*群益62購01,0,,,,
712886,中美晶永豐63購01,20970,2.33,2.33,2.33,2.33
712887,方土昶永豐64購01,0,,,,
712888,由田永豐63購01,287930,1.4,1.41,1.32,1.34
712889,群聯永豐63購07,114260,0.97,0.97,0.96,0.96
712890,廣運永豐63購01,12510,1.39,1.39,1.39,1.39
712891,穩懋永豐63購01,0,,,,
712892,方土昶國票67購01,0,,,,
712893,世紀*國票67購01,34890,1.74,1.75,1.74,1.74
712894,台半國票66購01,0,,,,
712895,由田國票65購01,13200,1.32,1.32,1.32,1.32
712896,利機國票63購01,0,,,,
712897,邑錡國票64購01,36500,0.73,0.73,0.73,0.73
712898,崇越電國票68購01,2550,0.51,0.51,0.51,0.51
712899,博盛國票66購01,0,,,,
712900,富強鑫國票67購01,0,,,,
712901,漢達國票66購01,0,,,,
712902,寶雅國票66購01,0,,,,
712903,中美晶元大62購01,7200,1.44,1.44,1.44,1.44
712904,方土昶元大62購01,0,,,,
712905,均華元大68購01,432330,1.05,1.06,1.02,1.02
712906,宜鼎元大65購02,0,,,,
712907,建榮元大62購01,0,,,,
712908,群聯元大65購02,68450,0.41,0.41,0.4,0.4
712909,寶雅元大62購01,15010,0.79,0.79,0.79,0.79
712910,由田統一68購02,17470,0.62,0.62,0.6,0.61
712911,均華統一6A購01,142880,0.77,0.77,0.73,0.73
712912,邑錡統一6C購01,0,,,,
712913,晶呈統一68購01,0,,,,
712914,晶呈統一6C購01,196880,0.99,1.04,0.99,1.01
712915,晶呈統一6C購02,18600,0.96,0.98,0.96,0.98
712916,穩懋富邦65購01,77090,1.83,1.84,1.75,1.75
712917,寶雅富邦64購01,63000,0.28,0.28,0.28,0.28
712918,寶雅富邦65購01,440,0.44,0.44,0.44,0.44
712919,方土昶元大62購02,0,,,,
712920,均華元大68購02,441470,1.3,1.31,1.24,1.27
712921,宜鼎元大65購03,209500,0.85,0.85,0.83,0.83
712922,倉和元大62購03,0,,,,
712923,群聯元大68購03,50000,0.77,0.78,0.76,0.77
712924,臺慶科元大62購01,283260,0.77,0.86,0.77,0.85
712925,川寶國票65購02,198860,0.76,0.78,0.72,0.72
712926,世紀*國票69購01,6500,1.3,1.3,1.3,1.3
712927,宜特國票67購01,950,0.95,0.95,0.95,0.95
712928,倉和國票69購01,0,,,,
712929,倉和國票6A購01,0,,,,
712930,倉和國票6C購01,19330,1.78,1.78,1.73,1.73
712931,晟德國票65購01,0,,,,
712932,崇越電國票67購01,0,,,,
712933,華景電國票68購01,9630,1.07,1.07,1.07,1.07
712934,群聯中信62購03,150220,0.87,0.87,0.86,0.87
712935,雙鴻中信62購01,0,,,,
712936,桓達永豐63購01,0,,,,
712937,崇越電永豐64購01,0,,,,
712938,雙鴻永豐63購05,153750,2.52,2.55,2.5,2.55
712939,穩懋永豐63購02,0,,,,
712940,天良台新62購01,0,,,,
712941,崇越電台新62購02,0,,,,
712942,崴寶台新62購01,0,,,,
712943,新門台新62購01,442900,1.35,1.36,1.24,1.36
712944,瑞耘台新62購01,131610,1.04,1.08,1.04,1.08
712945,中美晶凱基64購05,12620,2.03,2.14,2.03,2.14
712946,方土昶凱基63購03,0,,,,
712947,台半凱基64購01,8000,0.8,0.8,0.8,0.8
712948,弘塑凱基68購01,1440310,1.6,1.67,1.58,1.62
712949,均華凱基68購02,646630,1.51,1.56,1.46,1.5
712950,宜鼎凱基63購06,29750,0.85,0.85,0.85,0.85
712951,威剛凱基68購01,0,,,,
712952,崇越電凱基63購01,0,,,,
712953,博盛凱基66購01,35300,1.25,1.25,1.14,1.14
712954,鈊象凱基63購02,0,,,,
712955,新應材凱基63購07,0,,,,
712956,群聯凱基66購05,0,,,,
712957,寶雅*凱基63購03,0,,,,
712958,均華群益62購01,263600,1.02,1.08,1.0,1.08
712959,群聯群益62購06,48400,1.1,1.1,1.1,1.1
712960,雙鴻群益62購06,0,,,,
712961,元太國泰63購01,481030,1.1,1.24,1.09,1.2
712962,倉和國泰63購02,0,,,,
712963,台特化富邦62購01,34800,0.7,0.7,0.68,0.68
712964,新應材富邦64購03,86460,0.64,0.64,0.62,0.62
712965,安葆台新62購01,2770,2.77,2.77,2.77,2.77
712966,彩富台新62購01,0,,,,
712967,台半凱基63購02,12850,1.17,1.17,1.15,1.15
712968,安葆凱基63購01,90760,3.22,3.5,3.11,3.25
712969,矽科凱基63購01,0,,,,
712970,耕興凱基65購01,0,,,,
712971,崇越電凱基68購01,0,,,,
712972,群聯凱基63購11,0,,,,
712973,群聯凱基63購12,12400,2.48,2.48,2.48,2.48
712974,群聯凱基64購08,0,,,,
712975,臺慶科凱基63購04,131710,0.99,1.07,0.99,1.07
712976,營邦凱基63購03,173900,4.49,5.2,4.49,5.2
712977,雙鴻凱基63購11,0,,,,
712978,穩懋凱基65購01,191550,5.3,5.3,5.1,5.15
712979,寶雅*凱基63購04,0,,,,
712980,鑫聯凱基63購01,0,,,,
712981,千如國票67購01,130550,1.02,1.02,0.97,1.0
712982,世紀*國票65購01,59360,1.02,1.02,0.99,0.99
712983,世紀*國票6B購01,29900,1.19,1.21,1.19,1.2
712984,安葆國票65購01,16500,1.65,1.65,1.65,1.65
712985,松瑞藥國票66購01,0,,,,
712986,宸曜國票63購01,38400,1.28,1.28,1.28,1.28
712987,博智國票64購01,0,,,,
712988,新應材國票63購02,257670,1.62,1.62,1.58,1.62
712989,群翊國票65購01,15700,1.02,1.06,1.02,1.06
712990,世紀*元大62購03,0,,,,
712991,世紀*元大62購04,0,,,,
712992,世紀*元大68購01,0,,,,
712993,威剛元大65購12,62650,1.81,1.81,1.77,1.77
712994,崇越電元大62購02,0,,,,
712995,順達元大68購01,508310,1.16,1.35,1.16,1.35
712996,群聯元大68購04,1018110,1.6,1.6,1.57,1.58
712997,中美晶群益62購07,0,,,,
712998,弘塑群益62購03,725210,2.54,2.59,2.51,2.51
712999,弘塑群益68購01,745240,1.94,2.01,1.91,1.95
713000,良維群益64購01,1942530,2.75,3.03,2.68,3.03
713001,宜特群益62購03,155080,0.96,0.97,0.96,0.97
713002,宜鼎群益62購02,247120,1.15,1.17,1.15,1.17
713003,威剛群益62購07,67260,3.07,3.08,2.96,2.96
713004,茂綸群益63購01,21600,1.08,1.08,1.08,1.08
713005,倚強群益64購01,58400,14.5,14.9,14.5,14.9
713006,原相群益62購03,304800,1.75,1.78,1.75,1.78
713007,能率群益62購01,0,,,,
713008,高技群益62購01,93400,2.02,2.19,2.02,2.19
713009,崇越電群益64購01,0,,,,
713010,博智群益62購03,167490,3.4,3.63,3.4,3.58
713011,閎康群益62購01,89420,1.4,1.4,1.34,1.34
713012,順達群益62購02,54800,0.97,1.1,0.97,1.1
713013,鈊象群益62購03,0,,,,
713014,新應材群益62購04,220910,2.36,2.39,2.36,2.37
713015,群聯群益62購07,553800,1.38,1.38,1.35,1.35
713016,榮剛群益68購01,0,,,,
713017,漢達群益62購01,189000,6.85,6.85,5.85,5.85
713018,臺慶科群益65購01,513140,1.48,1.57,1.45,1.56
713019,雙鴻群益62購07,0,,,,
713020,穩懋群益63購03,1300390,1.95,1.95,1.79,1.82
713021,穩懋群益64購04,175400,2.57,2.57,2.47,2.47
713022,台星科統一68購01,63000,0.63,0.63,0.63,0.63
713023,良維中信62購01,445290,1.09,1.13,1.03,1.13
713024,宏觀永豐63購01,31720,1.22,1.22,1.22,1.22
713025,宜鼎永豐62購01,0,,,,
713026,宜鼎永豐63購06,0,,,,
713027,朋程永豐63購01,65900,1.27,1.33,1.27,1.33
713028,晶焱永豐63購01,28500,0.95,0.95,0.95,0.95
713029,新應材永豐64購03,0,,,,
713030,立敦台新65購01,261020,2.01,2.05,1.98,2.03
713031,宜鼎台新62購05,509070,1.79,1.79,1.68,1.68
713032,元太群益62購02,107380,0.65,0.74,0.65,0.74
713033,群聯群益62購08,13500,1.35,1.35,1.35,1.35
713034,廣運群益62購01,203670,0.36,0.36,0.35,0.35
713035,雙鴻群益62購08,0,,,,
713036,台星科元大62購02,530050,1.52,1.76,1.52,1.71
713037,台星科元大62購03,279270,0.74,0.79,0.74,0.77
713038,安葆元大62購01,26700,2.67,2.67,2.67,2.67
713039,安葆元大62購02,145160,1.56,1.6,1.56,1.6
713040,竑騰元大62購01,44650,0.95,0.95,0.95,0.95
713041,雙鴻元大62購02,0,,,,
713042,雙鴻元大62購03,0,,,,
713043,雙鴻元大62購04,0,,,,
713044,中美晶凱基63購07,0,,,,
713045,弘塑凱基63購06,954950,1.91,2.07,1.91,1.98
713046,宜特凱基63購02,11100,1.11,1.11,1.11,1.11
713047,宜鼎凱基63購07,197760,1.03,1.03,1.03,1.03
713048,威剛凱基65購02,0,,,,
713049,原相凱基63購01,31680,1.32,1.32,1.32,1.32
713050,能率凱基63購01,0,,,,
713051,順達凱基63購08,107180,1.38,1.66,1.38,1.66
713052,鈊象凱基63購03,75350,1.82,1.82,1.65,1.68
713053,新應材凱基63購08,325130,2.05,2.07,2.04,2.07
713054,群聯凱基63購13,0,,,,
713055,群聯凱基63購14,30780,1.71,1.71,1.71,1.71
713056,榮剛凱基68購01,0,,,,
713057,大江國票68購01,0,,,,
713058,元太國票65購01,0,,,,
713059,安葆國票63購01,0,,,,
713060,信立國票63購01,0,,,,
713061,群聯國票63購01,0,,,,
713062,聖暉*國票65購02,0,,,,
713063,廣運國票65購01,0,,,,
713064,世界永豐63購01,0,,,,
713065,世界永豐64購02,81000,3.0,3.0,3.0,3.0
713066,安葆永豐64購01,0,,,,
713067,威剛永豐63購01,33850,1.1,1.1,1.09,1.09
713068,威剛永豐63購02,0,,,,
713069,穩懋永豐63購03,0,,,,
713070,元太富邦64購02,291610,0.47,0.52,0.47,0.51
713071,宜特富邦64購01,191410,0.85,0.85,0.82,0.83
713072,威剛富邦68購01,0,,,,
713073,高技富邦64購01,971320,0.92,0.99,0.92,0.96
713074,博智富邦63購03,628240,0.74,0.76,0.7,0.74
713075,智通*富邦64購03,0,,,,
713076,雙鴻富邦64購02,0,,,,
713077,寶雅*富邦64購02,107610,0.51,0.51,0.51,0.51
713078,建榮統一6B購01,68400,0.57,0.57,0.57,0.57
713079,巨有台新62購01,0,,,,
713080,巨有台新62購02,0,,,,
713081,竑騰台新62購04,37120,1.16,1.16,1.16,1.16
713082,高技台新62購01,1096610,1.91,2.08,1.87,2.02
713083,群翊台新62購01,880310,2.12,2.17,2.03,2.17
713084,群翊台新62購02,40920,1.56,1.62,1.56,1.59
713085,榮剛台新65購01,9270,1.03,1.03,1.03,1.03
713086,穩懋台新62購02,0,,,,
713087,穩懋台新62購03,30050,7.5,7.55,7.5,7.5
713088,大江凱基65購01,4560,0.57,0.57,0.57,0.57
713089,元太凱基63購03,311450,0.9,1.05,0.9,1.05
713090,台星科凱基63購01,1113510,1.57,1.94,1.57,1.81
713091,正德凱基63購01,0,,,,
713092,威剛凱基63購08,0,,,,
713093,威剛凱基63購09,86100,1.23,1.23,1.23,1.23
713094,威剛凱基63購10,0,,,,
713095,威剛凱基63購11,0,,,,
713096,竑騰凱基63購01,2190920,0.8,0.8,0.73,0.75
713097,群聯凱基63購15,27450,1.83,1.83,1.83,1.83
713098,群聯凱基63購16,377320,2.18,2.22,2.16,2.16
713099,聖暉*凱基63購01,103650,1.01,1.11,1.0,1.1
713100,廣運凱基65購01,0,,,,
713101,雙鴻凱基68購01,0,,,,
713102,高技國泰63購01,290300,1.7,1.84,1.68,1.82
713103,群翊國泰63購01,8560,2.14,2.14,2.14,2.14
713104,大綜國票63購01,3541560,2.86,3.22,2.77,3.22
713105,大綜國票64購01,265800,2.19,2.62,2.15,2.48
713106,宏捷科國票66購01,0,,,,
713107,竑騰國票64購01,252200,1.14,1.14,1.07,1.07
713108,群翊國票66購01,0,,,,
713109,聖暉*富邦62購02,91660,0.76,0.82,0.76,0.82
713110,台半中信62購01,138290,0.93,0.93,0.79,0.81
713111,宜鼎中信62購02,0,,,,
713112,威剛中信62購01,0,,,,
713113,大綜永豐63購01,250920,1.7,1.8,1.61,1.8
713114,宏碩永豐65購01,362840,0.6,0.61,0.6,0.61
713115,威剛永豐63購03,0,,,,
713116,竑騰永豐63購02,0,,,,
713117,頎邦永豐64購02,21860,2.43,2.43,2.42,2.42
713118,榮剛永豐63購02,0,,,,
713119,廣運永豐64購01,0,,,,
713120,中美晶群益62購08,23450,2.33,2.36,2.33,2.36
713121,元太群益62購03,259500,0.66,0.78,0.66,0.75
713122,台半群益62購04,86980,3.11,3.11,3.08,3.1
713123,系統電群益64購01,18740,2.29,2.43,2.29,2.43
713124,宜鼎群益64購01,0,,,,
713125,欣銓群益62購01,75710,3.51,3.71,3.51,3.71
713126,青雲群益64購01,0,,,,
713127,威剛群益62購08,6950,1.39,1.39,1.39,1.39
713128,博士旺群益62購01,0,,,,
713129,順達群益62購03,4124640,2.68,3.32,2.46,3.32
713130,鈊象群益62購04,18200,1.82,1.82,1.82,1.82
713131,新應材群益62購05,0,,,,
713132,群翊群益62購01,22710,1.73,1.84,1.73,1.84
713133,群聯群益62購09,12100,1.21,1.21,1.21,1.21
713134,鉅橡群益62購01,77720,2.79,2.79,2.74,2.74
713135,頎邦群益63購01,43100,4.31,4.31,4.31,4.31
713136,臺慶科群益62購01,121780,2.92,3.16,2.92,3.14
713137,廣閎科群益62購01,0,,,,
713138,大綜元大62購01,669840,2.03,2.39,2.03,2.26
713139,中美晶元大62購02,444360,1.6,1.67,1.58,1.58
713140,弘塑元大62購02,467930,1.15,1.18,1.1,1.17
713141,均華元大62購01,456840,0.93,0.93,0.87,0.88
713142,沛亨元大62購01,108830,1.3,1.3,1.23,1.23
713143,宜鼎元大62購03,740,0.37,0.37,0.37,0.37
713144,威剛元大65購13,39150,1.35,1.35,1.35,1.35
713145,高技元大62購01,155030,0.67,0.69,0.66,0.69
713146,群聯元大62購05,204700,1.15,1.15,1.15,1.15
713147,群聯元大62購06,341890,1.03,1.03,0.99,0.99
713148,中美晶凱基62購01,0,,,,
713149,台半凱基66購01,40660,2.14,2.14,2.14,2.14
713150,弘塑凱基65購01,960800,3.07,3.22,3.0,3.1
713151,均華凱基62購01,281350,1.82,1.85,1.75,1.75
713152,系統電凱基64購03,66950,2.63,2.75,2.63,2.75
713153,宜鼎凱基64購03,14000,0.7,0.7,0.7,0.7
713154,威剛凱基62購01,1560,0.78,0.78,0.78,0.78
713155,高技凱基65購01,430600,2.03,2.09,1.95,1.96
713156,鈊象凱基62購01,0,,,,
713157,新應材凱基62購01,59680,1.21,1.24,1.21,1.24
713158,群聯凱基62購02,0,,,,
713159,頎邦凱基68購01,19300,4.78,4.88,4.78,4.86
713160,廣閎科凱基62購01,292600,3.67,3.67,3.65,3.65
713161,磐亞凱基62購01,33400,1.06,1.19,1.06,1.19
713162,磐亞凱基62購02,11100,1.11,1.11,1.11,1.11
713163,磐亞凱基62購03,1390,1.39,1.39,1.39,1.39
713164,磐亞凱基62購04,6600,1.32,1.32,1.32,1.32
713165,磐亞凱基62購05,19590,1.47,1.63,1.47,1.63
713166,環球晶凱基62購01,115030,1.51,1.74,1.51,1.74
713167,環球晶凱基62購02,234040,1.87,2.06,1.87,1.91
713168,環球晶凱基62購03,1467750,1.49,1.73,1.48,1.51
713169,環球晶凱基62購04,272480,1.91,2.02,1.91,1.91
713170,環球晶凱基62購05,37650,1.95,2.1,1.95,2.1
713171,環球晶凱基64購01,138480,1.28,1.48,1.27,1.48
713172,環球晶凱基64購02,1283600,1.06,1.28,1.06,1.18
713173,環球晶凱基64購03,600260,1.47,1.65,1.47,1.56
713174,環球晶凱基64購04,15500,1.45,1.45,1.4,1.4
713175,雙鴻凱基68購02,52700,3.47,3.52,3.47,3.52
713176,宏碩台新62購01,28440,1.58,1.58,1.58,1.58
713177,順達台新62購02,67610,1.68,1.88,1.68,1.88
713178,環球晶台新62購03,55070,1.83,1.97,1.74,1.97
713179,環球晶台新62購04,120280,1.43,1.73,1.43,1.61
713180,環球晶台新62購05,671020,1.23,1.38,1.17,1.31
713181,環球晶台新62購06,335820,1.15,1.32,1.1,1.27
713182,環球晶台新68購01,410400,3.25,3.63,3.25,3.46
713183,環球晶台新68購02,470520,2.68,2.68,2.57,2.57
713184,元太群益62購04,65930,0.61,0.71,0.61,0.71
713185,宜鼎群益62購03,476920,1.09,1.09,1.04,1.04
713186,環球晶群益62購02,288890,1.56,1.63,1.55,1.63
713187,環球晶群益62購03,1528120,1.39,1.62,1.29,1.48
713188,環球晶群益62購04,4338150,1.25,1.49,1.17,1.34
713189,環球晶群益63購01,2546480,1.9,2.16,1.76,2.0
713190,環球晶統一66購01,1803360,1.06,1.23,1.04,1.14
713191,環球晶統一6A購01,605630,0.95,1.03,0.9,0.98
713192,環球晶統一6A購02,737020,0.86,0.95,0.86,0.89
713193,環球晶統一6C購01,2206100,0.64,0.71,0.63,0.67
713194,環球晶統一78購01,938180,0.71,0.77,0.71,0.74
713195,雙鴻統一6A購03,171520,1.31,1.33,1.31,1.33
713196,威剛國泰63購02,0,,,,
713197,環球晶國泰63購01,235280,1.92,2.16,1.83,1.99
713198,環球晶國泰64購01,373490,1.86,2.08,1.86,1.95
713199,環球晶國泰67購01,0,,,,
713200,良維富邦64購01,227220,1.1,1.12,1.05,1.12
713201,群翊富邦65購01,141720,0.42,0.44,0.41,0.44
713202,環球晶富邦62購01,521560,0.93,1.05,0.9,0.98
713203,環球晶富邦62購02,2208650,0.8,0.96,0.73,0.85
713204,環球晶富邦65購01,978170,0.75,0.84,0.71,0.78
713205,環球晶中信62購01,1637080,0.65,0.78,0.58,0.69
713206,環球晶中信62購02,705290,0.94,1.09,0.87,0.98
713207,磐亞永豐63購01,17770,0.58,0.67,0.58,0.66
713208,環球晶永豐63購01,35270,1.55,1.72,1.55,1.72
713209,環球晶永豐63購02,943910,1.37,1.55,1.26,1.45
713210,環球晶永豐63購03,557060,1.44,1.64,1.44,1.53
713211,環球晶永豐63購04,369380,1.36,1.55,1.29,1.48
713212,環球晶永豐63購05,433880,1.37,1.54,1.37,1.52
713213,環球晶永豐63購06,37400,1.87,1.87,1.87,1.87
713214,環球晶永豐65購01,108000,2.16,2.16,2.16,2.16
713215,環球晶永豐65購02,58410,1.93,2.09,1.93,1.97
713216,環球晶永豐65購03,40640,2.09,2.21,2.09,2.21
713217,環球晶永豐68購01,462820,3.66,3.66,3.64,3.64
713218,環球晶永豐68購02,0,,,,
713219,環球晶永豐72購01,251720,4.41,4.46,4.35,4.46
713220,雙鴻永豐63購06,0,,,,
713221,雙鴻永豐64購06,326400,2.73,2.73,2.69,2.69
713222,中美晶國票63購02,0,,,,
713223,均華國票65購01,38140,2.58,2.58,2.5,2.5
713224,沛亨國票68購02,0,,,,
713225,威剛國票64購02,18440,0.73,0.74,0.73,0.74
713226,威聯通國票66購01,20470,0.67,0.67,0.66,0.66
713227,博盛國票64購01,16420,0.98,0.98,0.95,0.95
713228,磐亞國票66購01,12050,0.8,0.81,0.8,0.81
713229,環球晶國票64購01,176620,1.47,1.62,1.44,1.55
713230,雙鴻國票63購02,0,,,,
713231,中美晶元大62購03,0,,,,
713232,均華元大62購02,42780,1.13,1.14,1.1,1.14
713233,均華元大66購01,322130,1.25,1.27,1.23,1.23
713234,均華元大67購01,46000,1.03,1.03,1.02,1.02
713235,威剛元大65購14,0,,,,
713236,群聯元大62購07,173620,1.29,1.3,1.27,1.3
713237,群聯元大62購08,235500,1.01,1.01,0.97,1.0
713238,磐亞元大62購01,231000,0.56,0.59,0.56,0.59
713239,營邦元大65購01,1461650,1.49,1.65,1.49,1.64
713240,環球晶元大62購01,2689860,1.27,1.4,1.21,1.32
713241,環球晶元大62購02,93350,1.2,1.32,1.16,1.25
713242,環球晶元大62購03,1951480,0.72,0.82,0.65,0.81
713243,環球晶元大65購03,311330,1.33,1.54,1.33,1.54
713244,環球晶元大68購09,167490,1.67,1.82,1.67,1.72
713245,元太凱基63購04,509040,1.58,1.74,1.58,1.67
713246,威剛凱基65購03,138840,1.97,1.97,1.91,1.91
713247,群聯凱基63購17,30030,1.43,1.43,1.43,1.43
713248,營邦凱基63購04,305110,2.35,2.71,2.35,2.69
713249,雙鴻凱基64購03,46110,4.2,4.2,4.17,4.17
713250,聖暉*台新63購01,258490,2.68,2.82,2.68,2.82
713251,璟德台新65購01,397060,1.33,1.33,1.25,1.25
713252,優群台新65購01,25600,1.28,1.28,1.28,1.28
713253,雙鴻台新63購02,0,,,,
713254,雙鴻台新63購03,0,,,,
713255,中美晶群益63購04,156500,5.15,5.55,5.15,5.55
713256,弘塑群益63購04,420370,4.04,4.3,4.04,4.16
713257,宜鼎群益63購03,0,,,,
713258,威剛群益63購03,10250,2.05,2.05,2.05,2.05
713259,順達群益63購03,6304900,2.23,3.46,2.23,3.43
713260,鈊象群益63購02,0,,,,
713261,新應材群益64購01,0,,,,
713262,群聯群益63購04,12800,1.28,1.28,1.28,1.28
713263,雙鴻群益63購05,120100,2.77,2.8,2.77,2.8
713264,宜鼎中信68購01,51130,0.5,0.5,0.49,0.49
713265,群聯中信63購02,0,,,,
713266,穩懋中信63購01,166550,1.83,1.83,1.66,1.66
713267,穩懋中信68購02,295610,1.55,1.55,1.48,1.48
713268,智通*永豐63購02,9000,0.75,0.75,0.75,0.75
713269,雙鴻永豐65購03,107850,6.75,6.75,6.6,6.6
713270,雙鴻永豐65購04,0,,,,
713271,譜瑞永豐63購01,0,,,,
713272,中美晶元大63購05,5640,1.88,1.88,1.88,1.88
713273,中美晶元大63購06,35440,0.89,0.93,0.89,0.9
713274,中美晶元大63購07,110100,0.83,0.89,0.79,0.86
713275,宜鼎元大65購04,38040,1.18,1.18,1.14,1.14
713276,宜鼎元大66購01,48800,0.61,0.61,0.61,0.61
713277,威剛元大63購05,0,,,,
713278,威剛元大65購15,0,,,,
713279,高技元大63購03,266360,1.49,1.56,1.49,1.56
713280,高技元大63購04,284880,1.6,1.72,1.59,1.63
713281,順達元大65購01,850600,1.68,1.97,1.61,1.97
713282,鈊象元大63購10,415000,1.66,1.66,1.66,1.66
713283,群聯元大63購17,153100,1.03,1.03,1.02,1.02
713284,群聯元大63購18,411610,1.0,1.0,0.96,0.97
713285,營邦元大65購02,641390,2.41,2.71,2.37,2.71
713286,營邦元大66購01,1606570,2.05,2.35,2.03,2.35
713287,弘塑國票63購02,24180,1.28,1.28,1.27,1.27
713288,正德國票63購01,0,,,,
713289,正德國票64購01,0,,,,
713290,鈊象國票66購01,0,,,,
713291,群翊國票68購01,0,,,,
713292,群聯國票68購01,0,,,,
713293,聖暉*國票68購01,93300,1.6,1.67,1.6,1.67
713294,頎邦國票64購04,1661300,1.49,1.51,1.4,1.51
713295,營邦國票63購01,22840,2.83,3.03,2.83,3.03
713296,營邦國票64購01,1187380,2.81,3.18,2.81,3.18
713297,環球晶國票63購01,1489170,2.75,3.2,2.69,2.93
713298,晶呈富邦64購01,237590,1.06,1.16,1.03,1.11
713299,廣閎科富邦63購01,50130,0.92,0.92,0.87,0.87
713300,穩懋富邦63購02,0,,,,
713301,天良國泰63購01,1600,0.16,0.16,0.16,0.16
713302,晶呈國泰63購01,0,,,,
713303,晶呈國泰63購02,140560,2.04,2.16,2.04,2.16
713304,磐亞國泰63購01,256370,0.76,0.88,0.73,0.88
713305,穩懋國泰64購02,733410,4.38,4.39,4.18,4.18
713306,穩懋國泰65購01,12120,2.5,2.5,2.39,2.39
713307,環球晶統一67購01,281720,0.87,0.95,0.82,0.89
713308,千附精凱基65購01,0,,,,
713309,中美晶凱基63購08,321130,3.18,3.3,3.08,3.17
713310,台半凱基65購01,156550,1.15,1.15,1.12,1.12
713311,弘塑凱基63購07,235900,1.47,1.49,1.44,1.44
713312,良維凱基63購02,504440,3.84,4.13,3.7,4.13
713313,高技凱基63購02,1243080,1.87,2.11,1.84,1.97
713314,順達凱基63購09,1123720,3.45,4.34,3.06,4.29
713315,鈊象凱基63購04,0,,,,
713316,新應材凱基65購01,10970,2.75,2.75,2.74,2.74
713317,群翊凱基63購01,697670,2.01,2.15,1.95,2.09
713318,頎邦凱基63購05,62510,1.83,1.91,1.82,1.91
713319,頎邦凱基63購06,22250,1.43,1.59,1.43,1.59
713320,精材凱基63購03,254500,6.0,6.0,5.1,5.1
713321,精材凱基63購04,0,,,,
713322,精材凱基63購05,0,,,,
713323,精材凱基63購06,0,,,,
713324,環球晶凱基63購01,3704920,2.67,3.11,2.67,3.06
713325,高技台新63購01,867370,1.57,1.75,1.53,1.65
713326,華宏台新63購01,15130,1.17,1.17,1.13,1.13
713327,華景電台新63購01,160920,1.51,1.61,1.44,1.49
713328,華景電台新63購02,28770,1.37,1.37,1.37,1.37
713329,順達台新63購01,68500,1.33,1.63,1.29,1.61
713330,頎邦台新65購01,53410,2.68,2.68,2.61,2.65
713331,精材台新63購01,28700,2.87,2.87,2.87,2.87
713332,精材台新63購02,0,,,,
713333,雙鴻台新65購03,1250700,14.7,15.0,14.4,14.8
713334,譜瑞台新65購01,0,,,,
713335,千附精元大63購02,14950,0.65,0.65,0.65,0.65
713336,元太元大63購09,102000,0.51,0.51,0.51,0.51
713337,元太元大65購05,233460,0.72,0.78,0.72,0.78
713338,威剛元大63購06,21500,0.43,0.43,0.43,0.43
713339,高技元大63購05,207580,1.43,1.54,1.39,1.54
713340,鈊象元大63購11,0,,,,
713341,群聯元大63購19,273780,1.12,1.12,1.08,1.1
713342,精材元大65購01,124880,1.88,1.94,1.71,1.75
713343,環球晶元大63購01,445650,2.18,2.35,2.18,2.27
713344,環球晶元大63購02,1005770,1.94,2.18,1.84,2.11
713345,環球晶元大63購03,467720,1.35,1.58,1.35,1.5
713346,環球晶元大65購04,614510,1.27,1.38,1.21,1.38
713347,環球晶元大68購10,1775390,1.0,1.1,0.96,1.03
713348,雙鴻元大63購11,0,,,,
713349,雙鴻元大63購12,0,,,,
713350,雙鴻元大63購13,0,,,,
713351,雙鴻元大65購01,0,,,,
713352,譜瑞元大63購05,0,,,,
713353,弘塑中信65購01,446370,0.65,0.67,0.64,0.64
713354,博智中信65購01,0,,,,
713355,精材中信68購01,51600,1.5,1.51,1.39,1.46
713356,千附精永豐63購02,0,,,,
713357,台半永豐63購03,34200,0.57,0.57,0.57,0.57
713358,弘塑永豐63購03,63360,1.32,1.32,1.32,1.32
713359,弘塑永豐68購01,89320,2.68,2.72,2.68,2.72
713360,利機永豐63購01,0,,,,
713361,均華永豐63購03,61200,0.85,0.85,0.85,0.85
713362,原相永豐63購01,21200,1.06,1.06,1.06,1.06
713363,家登永豐63購04,137180,2.91,2.91,2.56,2.56
713364,高技永豐65購01,342900,1.0,1.12,0.99,1.08
713365,崇越電永豐65購01,1000,0.5,0.5,0.5,0.5
713366,博智永豐63購02,230450,0.99,1.08,0.99,1.08
713367,華宏永豐63購01,107930,1.25,1.25,1.22,1.22
713368,閎康永豐63購01,55100,0.95,0.95,0.95,0.95
713369,新應材永豐66購01,47840,0.92,0.92,0.92,0.92
713370,頎邦永豐63購03,52600,1.53,1.56,1.53,1.56
713371,頎邦永豐63購04,189450,1.12,1.19,1.11,1.19
713372,精材永豐63購03,421180,2.96,2.96,2.73,2.73
713373,精材永豐63購04,0,,,,
713374,精材永豐68購01,68280,4.02,4.02,3.99,3.99
713375,精材永豐68購02,376520,4.69,4.69,4.29,4.29
713376,穩懋永豐63購04,50000,5.0,5.0,5.0,5.0
713377,中美晶群益63購05,46700,4.67,4.67,4.67,4.67
713378,世界群益63購02,599740,1.51,1.64,1.51,1.59
713379,台半群益63購02,130440,1.21,1.21,1.12,1.12
713380,弘塑群益63購05,361330,0.94,0.98,0.91,0.96
713381,均華群益66購01,160900,4.04,4.04,3.97,3.97
713382,威剛群益63購04,0,,,,
713383,威剛群益63購05,0,,,,
713384,博盛群益63購01,47000,1.49,1.49,1.41,1.41
713385,鈊象群益63購03,7740,2.58,2.58,2.58,2.58
713386,新應材群益63購01,5240,0.75,0.75,0.74,0.74
713387,群聯群益63購05,533160,1.95,1.96,1.91,1.91
713388,群聯群益63購06,4000,0.8,0.8,0.8,0.8
713389,精材群益63購04,47510,4.32,4.38,4.31,4.31
713390,雙鴻群益63購06,0,,,,
713391,雙鴻群益66購01,0,,,,
713392,穩懋群益65購01,13730,2.28,2.29,2.28,2.29
713393,元太國票63購01,48050,0.7,0.75,0.7,0.75
713394,世界國票65購01,0,,,,
713395,台半國票68購01,0,,,,
713396,沛亨國票63購01,0,,,,
713397,良維國票69購01,0,,,,
713398,宜特國票65購01,0,,,,
713399,杰力國票65購02,52050,0.85,0.85,0.82,0.82
713400,長科*國票63購01,25900,0.87,0.87,0.86,0.86
713401,茂達國票63購01,14860,0.82,0.83,0.82,0.83
713402,晶呈國票63購01,26460,0.98,0.98,0.98,0.98
713403,順達國票65購03,0,,,,
713404,萬泰科國票63購01,4160,1.04,1.04,1.04,1.04
713405,鉅橡國票65購01,341680,0.9,0.9,0.88,0.88
713406,精材國票65購03,0,,,,
713407,環球晶國票63購02,695400,2.28,2.28,2.28,2.28
713408,譜瑞國票63購01,0,,,,
713409,頎邦國泰63購05,219860,1.81,1.94,1.81,1.94
713410,雙鴻國泰63購03,0,,,,
713411,雙鴻國泰63購04,217580,3.54,3.54,3.47,3.47
713412,均華統一67購01,214980,0.71,0.71,0.66,0.66
713413,東捷統一68購02,126200,1.21,1.21,1.2,1.2
713414,精材統一66購02,0,,,,
713415,精材統一67購03,2647180,1.52,1.6,1.38,1.38
713416,精材統一6C購03,0,,,,
713417,雙鴻統一65購03,335310,1.45,1.46,1.45,1.46
713418,穩懋統一65購03,389590,1.48,1.49,1.39,1.39
713419,弘塑富邦63購03,896930,0.83,0.87,0.83,0.84
713420,群聯富邦65購01,73850,0.95,0.95,0.91,0.94
713421,群聯富邦65購02,35060,0.86,0.86,0.85,0.86
713422,精材富邦65購01,47250,1.75,1.75,1.75,1.75
713423,精材富邦68購01,10830230,1.93,2.37,1.75,1.78
713424,廣閎科富邦63購02,44000,1.0,1.0,0.94,0.94
713425,茂綸國票68購01,0,,,,
713426,鴻呈國票68購01,0,,,,
713427,元太凱基65購02,561470,1.29,1.47,1.29,1.44
713428,均華凱基65購01,291930,1.8,1.82,1.66,1.66
713429,杰力凱基65購01,0,,,,
713430,威剛凱基63購12,88580,1.58,1.61,1.58,1.59
713431,晶呈凱基63購01,0,,,,
713432,群聯凱基68購02,126830,2.71,2.71,2.69,2.69
713433,雙鴻凱基63購12,57150,3.81,3.81,3.81,3.81
713434,穩懋凱基63購09,30080,3.76,3.76,3.76,3.76
713435,譜瑞凱基63購02,6600,1.32,1.32,1.32,1.32
713436,譜瑞凱基63購03,0,,,,
713437,譜瑞凱基63購04,0,,,,
713438,譜瑞凱基65購01,0,,,,
713439,譜瑞凱基65購02,0,,,,
713440,久元台新63購01,12680,1.15,1.18,1.15,1.18
713441,均華台新63購02,17220,1.23,1.23,1.23,1.23
713442,宜鼎台新63購02,13680,1.52,1.52,1.52,1.52
713443,威剛台新63購03,0,,,,
713444,威剛台新63購04,1983980,3.67,3.67,3.59,3.59
713445,茂綸台新63購01,133780,1.78,1.78,1.75,1.75
713446,倚強台新63購01,0,,,,
713447,群聯台新63購02,23840,1.49,1.49,1.49,1.49
713448,群聯台新63購03,0,,,,
713449,群聯台新63購04,48160,0.86,0.86,0.86,0.86
713450,群聯台新68購02,0,,,,
713451,頎邦台新63購01,133160,2.09,2.09,2.04,2.08
713452,鴻呈台新63購01,0,,,,
713453,穩懋台新63購02,403390,4.04,4.06,3.68,3.68
713454,穩懋台新65購03,21900,3.65,3.65,3.65,3.65
713455,高技中信65購01,29940,0.82,0.84,0.82,0.84
713456,崇越電中信63購01,0,,,,
713457,群聯中信68購01,0,,,,
713458,雙鴻中信68購01,687170,1.6,1.68,1.6,1.62
713459,穩懋中信68購03,23150,1.03,1.03,0.98,1.01
713460,互動永豐63購01,0,,,,
713461,均華永豐63購04,141100,0.85,0.85,0.85,0.85
713462,沛亨永豐63購01,87820,2.69,2.69,2.5,2.5
713463,良維永豐63購02,50320,1.36,1.36,1.36,1.36
713464,宜鼎永豐63購07,20460,0.33,0.33,0.33,0.33
713465,順達永豐63購05,105480,0.71,0.87,0.68,0.87
713466,新復興永豐63購01,0,,,,
713467,新應材永豐66購02,23920,1.04,1.04,1.04,1.04
713468,環球晶永豐63購07,69100,2.36,2.47,2.36,2.47
713469,環球晶永豐63購08,45960,1.93,2.16,1.93,2.04
713470,鴻呈永豐65購01,0,,,,
713471,台特化群益63購01,4560,1.14,1.14,1.14,1.14
713472,弘塑群益63購06,216060,2.1,2.26,2.1,2.26
713473,信立群益63購01,0,,,,
713474,倚強群益65購01,3870,3.87,3.87,3.87,3.87
713475,高技群益63購01,13830,1.23,1.29,1.23,1.29
713476,博智群益63購03,138440,1.42,1.44,1.41,1.41
713477,順達群益63購04,1682580,0.5,0.69,0.46,0.68
713478,頎邦群益63購02,163140,4.02,4.17,4.02,4.17
713479,精材群益63購05,245910,3.7,3.9,3.27,3.27
713480,精材群益65購01,1066930,2.68,2.75,2.4,2.4
713481,環球晶群益63購02,1590210,2.38,2.78,2.19,2.51
713482,穩懋群益63購04,1957340,3.45,3.48,3.09,3.1
713483,譜瑞群益63購01,0,,,,
713484,長科*國泰63購01,545530,1.54,1.54,1.41,1.45
713485,高技國泰63購02,217940,1.02,1.14,1.02,1.12
713486,世界富邦63購01,119360,0.77,0.82,0.76,0.82
713487,均華富邦63購02,198720,0.85,0.85,0.8,0.85
713488,沛亨富邦63購01,32000,0.81,0.81,0.77,0.77
713489,博智富邦63購04,138320,0.46,0.46,0.45,0.45
713490,穩懋富邦63購03,322480,1.51,1.52,1.38,1.41
713491,台半統一68購02,36200,0.63,0.63,0.6,0.6
713492,能率亞統一6B購01,0,,,,
713493,崇越電統一6B購01,0,,,,
713494,穩懋統一68購04,162520,1.17,1.18,1.1,1.11
713495,台半元大63購04,33000,0.75,0.75,0.69,0.7
713496,台半元大63購05,92840,0.67,0.67,0.61,0.61
713497,台半元大63購06,283460,0.52,0.8,0.49,0.49
713498,台半元大68購02,101300,0.86,0.86,0.79,0.8
713499,弘塑元大66購01,243750,1.21,1.25,1.21,1.22
713500,弘塑元大68購02,328820,1.09,1.14,1.09,1.12
713501,弘塑元大68購03,502830,1.51,1.53,1.46,1.5
713502,均華元大63購01,244270,0.94,0.94,0.89,0.93
713503,宜鼎元大63購07,158720,0.32,0.32,0.32,0.32
713504,威剛元大63購07,102100,1.27,1.28,1.27,1.27
713505,威剛元大63購08,6000,0.6,0.6,0.6,0.6
713506,能率元大63購03,0,,,,
713507,晶呈元大63購01,383670,1.76,2.08,1.76,2.03
713508,新應材元大65購01,51340,1.85,1.85,1.82,1.82
713509,新應材元大68購01,189140,1.08,1.08,1.04,1.06
713510,群聯元大63購20,152900,1.01,1.01,0.98,1.0
713511,精材元大65購02,897690,2.61,2.61,2.51,2.57
713512,蜜望實元大63購03,45540,0.46,0.46,0.46,0.46
713513,環球晶元大63購04,3468790,1.3,1.44,1.26,1.35
713514,環球晶元大63購05,972070,1.3,1.33,1.25,1.25
713515,環球晶元大65購05,162610,1.36,1.55,1.34,1.55
713516,環球晶元大68購11,1057870,1.05,1.16,1.01,1.09
713517,雙鴻元大63購14,0,,,,
713518,雙鴻元大63購15,147320,2.37,2.39,2.37,2.39
713519,雙鴻元大63購16,615100,2.06,2.1,2.01,2.02
713520,雙鴻元大63購17,824810,1.9,1.91,1.84,1.84
713521,譜瑞元大63購06,0,,,,
713522,譜瑞元大63購07,7800,0.78,0.78,0.78,0.78
713523,力致台新63購01,26350,1.55,1.55,1.55,1.55
713524,兆利台新64購01,0,,,,
713525,兆利台新65購01,0,,,,
713526,精材台新63購03,230570,3.53,3.53,2.99,2.99
713527,廣閎科台新63購01,0,,,,
713528,環球晶台新63購02,1042070,5.05,5.65,4.92,5.55
713529,環球晶台新63購03,583220,3.68,4.11,3.63,4.11
713530,雙鴻台新64購01,636160,4.18,4.31,4.07,4.07
713531,雙鴻台新64購02,221040,3.61,3.61,3.45,3.57
713532,台半凱基63購03,155820,1.14,1.14,0.93,0.93
713533,台特化凱基67購02,19400,1.94,1.94,1.94,1.94
713534,弘塑凱基69購01,918310,2.65,2.75,2.64,2.65
713535,宜鼎凱基63購08,12000,0.6,0.6,0.6,0.6
713536,茂綸凱基64購01,482630,1.79,1.8,1.74,1.77
713537,高技凱基63購03,175550,1.12,1.19,1.11,1.11
713538,博智凱基65購01,59610,1.98,2.01,1.98,2.01
713539,順達凱基64購03,36960,1.12,1.12,1.12,1.12
713540,新應材凱基66購01,0,,,,
713541,頎邦凱基65購01,94990,2.7,2.89,2.7,2.89
713542,精材凱基63購07,344110,2.91,3.47,2.69,2.7
713543,精材凱基66購01,43770,4.35,4.35,3.94,3.94
713544,蜜望實凱基63購02,11850,0.79,0.79,0.79,0.79
713545,環球晶凱基69購01,391850,2.98,3.3,2.93,3.11
713546,雙鴻凱基63購13,16600,3.32,3.32,3.32,3.32
713547,台半群益66購01,90160,1.61,1.61,1.61,1.61
713548,宏捷科群益63購01,840740,1.06,1.1,0.98,1.1
713549,沛亨群益63購01,88960,1.8,1.8,1.6,1.6
713550,朋程群益63購01,32250,1.29,1.29,1.29,1.29
713551,欣銓群益63購02,9500,1.36,1.36,1.35,1.35
713552,威剛群益63購06,6150,1.23,1.23,1.23,1.23
713553,高技群益63購02,215920,1.44,1.44,1.42,1.42
713554,華景電群益63購01,76860,1.22,1.22,1.22,1.22
713555,萬泰科群益63購01,594240,2.28,2.28,2.1,2.1
713556,群聯群益63購07,8700,0.87,0.87,0.87,0.87
713557,聖暉*群益63購01,127190,1.81,1.95,1.81,1.95
713558,精材群益63購06,877110,4.52,5.0,4.14,4.14
713559,鴻呈群益66購01,0,,,,
713560,雙鴻群益63購07,779840,5.0,5.2,4.95,5.1
713561,青雲國票64購01,0,,,,
713562,青雲國票65購01,0,,,,
713563,倚強國票64購01,4380,4.38,4.38,4.38,4.38
713564,家登國票64購01,101010,2.54,2.54,2.11,2.11
713565,達航國票64購01,0,,,,
713566,精材國票64購01,0,,,,
713567,雙鴻國票64購01,4790,1.61,1.61,1.59,1.59
713568,頎邦中信69購01,301640,0.8,0.81,0.77,0.81
713569,精材中信69購01,259700,1.02,1.04,0.99,1.04
713570,雙鴻中信69購01,572930,1.03,1.06,1.01,1.05
713571,安葆永豐64購02,15840,1.98,1.98,1.98,1.98
713572,宜鼎永豐65購03,243600,0.54,0.54,0.51,0.52
713573,宜鼎永豐68購01,0,,,,
713574,博盛永豐64購01,116370,1.17,1.17,1.13,1.16
713575,華洋永豐65購01,5700,0.57,0.57,0.57,0.57
713576,廣閎科永豐64購01,22350,1.49,1.49,1.49,1.49
713577,雙鴻永豐64購07,209000,2.16,2.18,2.08,2.1
713578,雙鴻永豐65購05,34900,3.49,3.49,3.49,3.49
713579,雙鴻永豐68購01,373910,1.62,1.65,1.62,1.63
713580,千附精元大63購03,0,,,,
713581,中美晶元大63購08,109660,0.63,0.67,0.63,0.64
713582,弘塑元大67購02,351240,1.43,1.48,1.4,1.45
713583,弘塑元大68購04,270800,1.2,1.23,1.18,1.23
713584,宜鼎元大63購08,0,,,,
713585,宜鼎元大63購09,45000,0.45,0.45,0.45,0.45
713586,威剛元大63購09,42470,1.37,1.37,1.37,1.37
713587,威剛元大63購10,0,,,,
713588,高技元大63購06,220410,0.35,0.4,0.35,0.37
713589,新應材元大66購01,35860,1.29,1.29,1.27,1.27
713590,精材元大63購06,51960,2.63,2.81,2.52,2.52
713591,精材元大63購07,149540,2.31,2.37,1.97,1.97
713592,精材元大63購08,138560,2.09,2.11,2.08,2.08
713593,精材元大63購09,121150,1.27,1.29,1.11,1.12
713594,蜜望實元大63購04,58740,0.33,0.33,0.33,0.33
713595,營邦元大68購01,333360,1.04,1.11,1.04,1.1
713596,環球晶元大63購06,1203100,1.06,1.19,1.0,1.12
713597,環球晶元大64購02,131580,1.12,1.24,1.12,1.18
713598,環球晶元大66購05,563910,0.86,0.94,0.83,0.89
713599,鴻呈元大63購01,177000,0.59,0.59,0.59,0.59
713600,鴻呈元大63購02,14500,0.29,0.29,0.29,0.29
713601,雙鴻元大63購18,578690,1.6,1.65,1.58,1.58
713602,雙鴻元大64購06,610360,1.73,1.79,1.73,1.73
713603,雙鴻元大65購02,610670,1.91,1.91,1.84,1.84
713604,鴻呈國泰64購01,0,,,,
713605,中美晶富邦63購03,560940,0.75,0.8,0.75,0.8
713606,元太富邦65購01,671150,0.55,0.61,0.55,0.6
713607,威剛富邦66購01,23200,0.44,0.44,0.42,0.42
713608,高技富邦66購01,164290,0.6,0.66,0.6,0.62
713609,晶呈富邦65購01,215010,0.94,1.04,0.91,1.02
713610,閎康富邦65購01,286260,0.72,0.72,0.67,0.67
713611,順達富邦64購02,55520,0.41,0.54,0.41,0.54
713612,頎邦富邦66購01,82740,0.75,0.76,0.72,0.74
713613,精材富邦65購02,1230460,1.23,1.3,1.11,1.14
713614,精材富邦79購01,1577230,1.32,1.39,1.24,1.24
713615,營邦富邦66購01,814760,0.96,1.05,0.9,1.02
713616,雙鴻富邦65購02,0,,,,
713617,雙鴻富邦66購01,235420,2.02,2.04,1.98,2.02
713618,雙鴻富邦66購02,520720,1.66,1.72,1.62,1.7
713619,雙鴻統一69購01,292290,1.23,1.23,1.21,1.21
713620,雙鴻統一6C購02,1470,0.74,0.74,0.73,0.73
713621,千附群益63購01,129900,1.01,1.12,1.01,1.06
713622,均華群益65購01,1934740,0.99,0.99,0.91,0.97
713623,亞通群益63購01,0,,,,
713624,宜鼎群益65購01,0,,,,
713625,威剛群益63購07,208940,0.58,0.58,0.55,0.55
713626,順達群益63購05,120680,0.99,1.16,0.99,1.09
713627,新應材群益64購02,0,,,,
713628,群聯群益63購08,28700,0.82,0.82,0.82,0.82
713629,頎邦群益63購03,180790,4.08,4.15,3.94,4.11
713630,精材群益63購07,255310,4.33,4.69,3.84,3.86
713631,精材群益63購08,1223590,2.95,3.38,2.58,2.58
713632,擎亞群益63購01,0,,,,
713633,環球晶群益63購03,2825910,2.44,2.87,2.3,2.59
713634,雙鴻群益63購08,385160,3.02,3.12,2.96,3.08
713635,元太國票64購02,27720,0.77,0.77,0.77,0.77
713636,世界國票64購01,0,,,,
713637,弘塑國票64購01,0,,,,
713638,均華國票67購01,10620,1.18,1.18,1.18,1.18
713639,良維國票64購01,64350,0.99,0.99,0.99,0.99
713640,宜鼎國票64購01,0,,,,
713641,欣銓國票64購01,22620,0.99,0.99,0.98,0.98
713642,威剛國票64購03,0,,,,
713643,高技國票64購01,0,,,,
713644,創泓國票64購01,445650,1.52,1.6,1.51,1.51
713645,智通*國票65購01,11340,1.26,1.27,1.25,1.25
713646,萊德光國票64購01,4122650,1.68,1.7,1.4,1.4
713647,雅特力國票64購01,4450,0.89,0.89,0.89,0.89
713648,順達國票64購01,1640,0.82,0.82,0.82,0.82
713649,群聯國票64購02,0,,,,
713650,頎邦國票64購05,0,,,,
713651,精材國票64購02,25360,1.22,1.26,1.06,1.06
713652,蜜望實國票64購01,79550,1.52,1.53,1.52,1.53
713653,擎亞國票64購01,0,,,,
713654,擎亞國票65購01,0,,,,
713655,擎亞國票66購01,0,,,,
713656,環球晶國票64購02,40300,4.03,4.03,4.03,4.03
713657,環球晶國票65購01,127830,3.59,3.86,3.52,3.76
713658,環球晶國票66購01,131100,3.51,3.93,3.51,3.93
713659,鴻呈國票64購01,0,,,,
713660,雙鴻國票64購02,0,,,,
713661,安葆台新63購01,9700,2.4,2.5,2.4,2.5
713662,能率台新66購01,0,,,,
713663,萊德光台新63購01,943430,1.85,2.22,1.67,1.67
713664,雅特力台新63購01,24040,1.01,1.01,0.98,1.0
713665,精材台新63購04,613800,2.81,2.81,2.23,2.23
713666,擎亞台新63購01,0,,,,
713667,擎亞台新66購01,0,,,,
713668,雙鴻台新66購01,196910,1.77,1.8,1.77,1.8
713669,千附精元大66購01,0,,,,
713670,元太元大66購06,171110,1.2,1.3,1.2,1.29
713671,元太元大67購04,31800,1.09,1.17,1.09,1.17
713672,均華元大63購02,399400,0.77,0.77,0.71,0.71
713673,均華元大63購03,247740,0.81,0.84,0.76,0.76
713674,均華元大64購05,558800,0.82,0.83,0.78,0.81
713675,宜鼎元大63購10,388730,0.6,0.6,0.57,0.57
713676,宜鼎元大63購11,0,,,,
713677,青雲元大63購03,3400,0.68,0.68,0.68,0.68
713678,威剛元大63購11,0,,,,
713679,高技元大63購07,323070,0.78,0.85,0.78,0.81
713680,智通*元大67購01,112150,0.9,0.9,0.88,0.88
713681,雅特力元大63購01,0,,,,
713682,群聯元大63購21,1760,0.88,0.88,0.88,0.88
713683,精材元大63購10,1051810,2.28,2.35,1.98,1.98
713684,精材元大63購11,6989050,1.98,2.14,1.73,1.77
713685,精材元大63購12,164790,1.5,1.59,1.38,1.38
713686,精材元大64購02,783400,1.75,1.85,1.58,1.58
713687,精材元大65購03,225100,1.07,1.07,0.95,0.95
713688,蜜望實元大63購05,320590,0.47,0.48,0.47,0.47
713689,擎亞元大63購01,0,,,,
713690,環球晶元大63購07,0,,,,
713691,環球晶元大63購08,0,,,,
713692,環球晶元大67購04,619350,1.55,1.69,1.55,1.58
713693,雙鴻元大63購19,196000,1.4,1.4,1.4,1.4
713694,雙鴻元大63購20,1408060,1.36,1.36,1.33,1.35
713695,千附精凱基63購01,0,,,,
713696,中美晶凱基68購02,894320,3.29,3.62,3.29,3.39
713697,欣銓凱基68購01,70200,2.47,2.58,2.47,2.57
713698,青雲凱基64購01,12400,1.55,1.55,1.55,1.55
713699,家登凱基64購01,0,,,,
713700,雅特力凱基63購01,51700,1.03,1.04,1.03,1.04
713701,雅特力凱基63購02,0,,,,
713702,雅特力凱基63購03,102500,1.14,1.14,1.13,1.14
713703,萬泰科凱基63購01,365130,2.4,2.5,2.23,2.23
713704,群聯凱基64購09,0,,,,
713705,群聯凱基69購01,564640,2.33,2.36,2.32,2.34
713706,聖暉*凱基63購02,183280,2.13,2.26,2.13,2.26
713707,達航凱基66購01,3480,0.9,0.9,0.86,0.86
713708,精材凱基63購08,685840,2.19,2.52,1.99,2.11
713709,擎亞凱基63購01,0,,,,
713710,擎亞凱基63購02,20090,0.41,0.41,0.41,0.41
713711,擎亞凱基66購01,0,,,,
713712,營邦凱基68購01,966810,3.18,3.64,3.13,3.49
713713,鴻呈凱基63購01,3100,0.31,0.31,0.31,0.31
713714,雙鴻凱基63購14,419710,2.34,2.44,2.3,2.34
713715,環球晶中信69購01,544020,2.18,2.47,2.12,2.3
713716,千附永豐63購01,439980,1.03,1.12,1.03,1.08
713717,宜鼎永豐67購02,106050,1.01,1.01,1.01,1.01
713718,宜鼎永豐69購01,24700,0.95,0.95,0.95,0.95
713719,青雲永豐64購01,2500,1.25,1.25,1.25,1.25
713720,博士旺永豐63購01,0,,,,
713721,雅特力永豐64購01,1079180,1.14,1.14,1.07,1.07
713722,雅特力永豐66購01,230600,1.45,1.45,1.43,1.44
713723,精材永豐64購03,407370,1.82,2.06,1.6,1.61
713724,精材永豐64購04,12450,2.49,2.49,2.49,2.49
713725,精材永豐64購05,353310,1.88,1.98,1.78,1.79
713726,精材永豐66購01,359890,2.71,3.07,2.61,2.61
713727,蜜望實永豐65購01,15000,1.0,1.0,1.0,1.0
713728,擎亞永豐64購02,0,,,,
713729,擎亞永豐65購01,0,,,,
713730,擎亞永豐66購01,0,,,,
713731,環球晶永豐63購09,68370,3.26,3.79,3.26,3.79
713732,環球晶永豐69購01,129140,3.35,3.56,3.35,3.37
713733,雙鴻永豐66購03,167390,1.8,1.81,1.75,1.75
713734,精材國泰64購01,2301430,2.55,2.88,2.38,2.38
713735,蜜望實國泰64購01,1130,1.13,1.13,1.13,1.13
713736,良維富邦64購02,287880,0.85,0.85,0.83,0.83
713737,宜鼎富邦63購03,0,,,,
713738,精材富邦63購01,1542100,1.2,1.36,1.05,1.07
713739,擎亞富邦64購01,0,,,,
713740,環球晶富邦63購01,36000,1.13,1.24,1.13,1.24
713741,千附統一67購03,156880,0.53,0.53,0.53,0.53
713742,精材統一67購04,156360,0.79,0.8,0.74,0.76
713743,精材統一69購01,18060,0.86,0.86,0.86,0.86
713744,擎亞統一69購01,0,,,,
713745,環球晶統一6A購03,196210,0.85,0.94,0.85,0.94
713746,雙鴻統一71購01,460930,1.0,1.01,0.99,1.0
713747,千附精台新63購01,0,,,,
713748,台半台新63購01,129290,2.64,2.64,2.41,2.41
713749,台半台新63購02,467300,1.7,1.7,1.54,1.55
713750,弘塑台新63購02,1184390,2.18,2.31,2.14,2.16
713751,弘塑台新64購01,0,,,,
713752,弘塑台新65購01,953970,1.5,1.52,1.44,1.47
713753,正淩台新66購01,2982010,2.58,2.68,2.56,2.58
713754,亞信台新63購01,2280,1.14,1.14,1.14,1.14
713755,東捷台新63購01,9000,2.25,2.25,2.25,2.25
713756,新應材台新63購01,80840,1.45,1.45,1.42,1.42
713757,新應材台新63購02,0,,,,
713758,漢達台新63購01,29110,1.73,1.73,1.68,1.68
713759,漢達台新63購02,38880,1.97,1.97,1.91,1.91
713760,雙鴻台新63購04,1509740,1.96,1.96,1.85,1.87
713761,元太凱基67購01,364330,1.43,1.59,1.43,1.55
713762,弘塑凱基68購02,1385700,2.08,2.1,2.0,2.03
713763,良維凱基69購01,4870,2.36,2.51,2.36,2.51
713764,宜鼎凱基63購09,72420,1.07,1.07,1.0,1.0
713765,威剛凱基63購13,50220,1.64,1.64,1.6,1.62
713766,家登凱基63購03,11480,1.64,1.64,1.64,1.64
713767,高技凱基63購04,62720,0.98,0.98,0.98,0.98
713768,智通*凱基63購03,0,,,,
713769,順達凱基63購10,37000,1.48,1.48,1.48,1.48
713770,新應材凱基66購02,21970,1.97,2.0,1.97,2.0
713771,頎邦凱基63購07,46410,2.73,2.73,2.73,2.73
713772,雙鴻凱基63購15,83250,2.36,2.49,2.36,2.49
713773,雙鴻凱基63購16,22100,2.21,2.21,2.21,2.21
713774,雙鴻凱基63購18,0,,,,
713775,雙鴻凱基63購19,461970,1.99,2.05,1.96,1.96
713776,雙鴻凱基64購04,532190,2.14,2.23,2.14,2.15
713777,雙鴻凱基65購01,48400,2.42,2.42,2.42,2.42
713778,雙鴻凱基65購02,418530,2.41,2.48,2.38,2.39
713779,雙鴻凱基65購03,357610,2.82,2.83,2.74,2.81
713780,雙鴻凱基65購04,477580,2.4,2.51,2.36,2.38
713781,中美晶群益68購01,634810,0.9,0.96,0.89,0.91
713782,宏捷科群益63購02,312910,0.77,0.8,0.71,0.8
713783,亞信群益63購01,110880,0.72,0.72,0.72,0.72
713784,倚強群益63購01,87230,2.73,3.23,2.73,3.23
713785,家登群益63購05,0,,,,
713786,晶宏群益64購01,0,,,,
713787,群聯群益63購09,24930,1.49,1.49,1.45,1.45
713788,廣閎科群益63購02,60360,1.57,1.57,1.49,1.49
713789,雙鴻群益63購10,0,,,,
713790,雙鴻群益69購01,439350,1.37,1.4,1.35,1.37
713791,中美晶元大63購09,14790,0.85,0.88,0.83,0.83
713792,宜鼎元大63購12,0,,,,
713793,青雲元大63購04,23600,0.6,0.6,0.58,0.58
713794,威剛元大63購12,0,,,,
713795,威剛元大67購01,58000,0.53,0.53,0.52,0.52
713796,高技元大63購08,176030,0.76,0.77,0.76,0.77
713797,群聯元大63購23,0,,,,
713798,營邦元大63購04,1224920,1.7,2.02,1.66,2.02
713799,雙鴻元大63購21,497280,1.33,1.33,1.27,1.27
713800,雙鴻元大63購26,1001990,1.08,1.1,1.04,1.05
713801,雙鴻元大63購28,275800,0.94,0.96,0.91,0.91
713802,雙鴻元大63購29,1320030,1.08,1.12,1.07,1.07
713803,雙鴻元大64購07,981830,1.19,1.22,1.16,1.17
713804,雙鴻元大64購08,823490,1.15,1.19,1.14,1.14
713805,雙鴻元大64購09,1074310,0.86,0.87,0.84,0.85
713806,雙鴻元大65購03,517270,0.93,0.96,0.91,0.93
713807,雙鴻元大65購04,281270,0.9,0.92,0.87,0.89
713808,久元國票65購01,0,,,,
713809,大綜國票66購01,486050,2.77,3.14,2.7,2.93
713810,天良國票64購01,52500,0.21,0.21,0.21,0.21
713811,晶宏國票68購01,100850,0.59,0.59,0.57,0.57
713812,瑞耘國票68購01,30540,0.76,0.79,0.76,0.79
713813,萬泰科國票65購01,1140,1.14,1.14,1.14,1.14
713814,聖暉*國票65購03,14700,1.05,1.05,1.05,1.05
713815,廣閎科國票65購01,0,,,,
713816,磐亞國票65購01,1590,0.78,0.81,0.78,0.81
713817,雙鴻國票69購02,37030,1.11,1.14,1.11,1.12
713818,晶宏統一71購01,47710,0.45,0.46,0.45,0.46
713819,新應材統一69購01,0,,,,
713820,新應材統一6C購01,29820,0.71,0.71,0.71,0.71
713821,擎亞統一69購02,0,,,,
713822,雙鴻統一6B購02,0,,,,
713823,雙鴻統一71購02,848150,0.98,0.99,0.97,0.99
713824,千附精永豐64購02,0,,,,
713825,廣閎科永豐63購03,303200,1.51,1.51,1.41,1.41
713826,廣閎科永豐64購02,320000,1.6,1.6,1.6,1.6
713827,能率富邦65購01,0,,,,
713828,雙鴻富邦65購03,583840,1.06,1.09,1.03,1.05
713829,雙鴻富邦66購03,1036120,0.96,0.98,0.93,0.94
713830,雙鴻富邦66購04,1121690,0.83,0.85,0.81,0.82
713831,朋億*國泰64購01,189930,1.3,1.3,1.28,1.29
713832,穩得國泰64購01,760,0.76,0.76,0.76,0.76
713833,良維中信69購01,0,,,,
713834,力致台新63購02,448510,1.51,1.51,1.49,1.49
713835,力致台新63購03,35970,1.09,1.09,1.09,1.09
713836,千附台新63購01,124740,0.78,0.87,0.78,0.87
713837,天正台新63購01,0,,,,
713838,宜鼎台新65購02,0,,,,
713839,華洋台新63購01,33230,0.71,0.84,0.71,0.84
713840,閎康台新63購01,1207920,1.27,1.27,1.21,1.21
713841,閎康台新63購02,97970,0.96,0.96,0.95,0.95
713842,閎康台新63購03,103750,0.76,0.76,0.75,0.75
713843,騰雲台新63購01,0,,,,
713844,驊訊台新64購01,0,,,,
713845,驊訊台新64購02,47000,0.47,0.47,0.47,0.47
713846,九暘國票65購02,0,,,,
713847,力致國票66購01,0,,,,
713848,利機國票64購01,0,,,,
713849,均豪國票64購01,9100,0.91,0.91,0.91,0.91
713850,均豪國票65購01,0,,,,
713851,亞通國票64購01,149780,1.61,1.82,1.57,1.82
713852,亞通國票65購01,113580,1.71,1.8,1.71,1.8
713853,崴寶國票67購01,328000,0.82,0.82,0.82,0.82
713854,晶宏國票6B購01,0,,,,
713855,智通*國票64購01,10530,1.17,1.17,1.17,1.17
713856,華宏國票67購01,112010,0.89,0.89,0.87,0.88
713857,閎康國票65購01,0,,,,
713858,新應材國票65購01,5900,1.18,1.18,1.18,1.18
713859,榮剛國票67購01,0,,,,
713860,營邦國票64購02,266680,1.91,2.15,1.87,2.15
713861,營邦國票64購03,206800,1.88,1.88,1.88,1.88
713862,營邦國票66購01,64180,1.98,2.18,1.98,2.18
713863,大綜凱基63購01,822060,2.21,2.59,2.21,2.48
713864,宏捷科凱基63購02,0,,,,
713865,宏捷科凱基64購01,842080,1.17,1.25,1.12,1.2
713866,沛亨凱基63購02,0,,,,
713867,亞信凱基63購01,6600,0.66,0.66,0.66,0.66
713868,青雲凱基63購02,1014480,1.87,1.87,1.8,1.8
713869,晶宏凱基64購01,134850,0.47,0.47,0.45,0.45
713870,鈊象凱基67購01,15830,2.27,2.27,2.24,2.24
713871,群聯凱基63購18,48260,1.23,1.24,1.23,1.24
713872,群聯凱基63購19,37620,1.14,1.14,1.14,1.14
713873,聖暉*凱基65購01,0,,,,
713874,漢達凱基65購01,0,,,,
713875,廣閎科凱基63購03,400250,1.68,1.74,1.65,1.65
713876,營邦凱基63購05,678910,1.4,1.67,1.38,1.67
713877,威剛群益63購08,5200,1.04,1.04,1.04,1.04
713878,晶宏群益64購02,0,,,,
713879,新應材群益63購02,39740,0.82,0.82,0.81,0.81
713880,元太永豐64購01,467500,1.51,1.68,1.51,1.68
713881,天正永豐66購01,0,,,,
713882,巨漢永豐64購01,87740,1.81,1.81,1.74,1.76
713883,博盛永豐63購03,168660,1.72,1.72,1.62,1.63
713884,晶宏永豐63購01,0,,,,
713885,千附精富邦63購01,0,,,,
713886,弘塑國泰64購01,256220,1.72,1.76,1.7,1.73
713887,威剛統一69購02,0,,,,
713888,晶宏統一69購01,14200,0.47,0.48,0.47,0.48
713889,擎亞統一71購01,0,,,,
713890,千附精元大69購01,0,,,,
713891,宏捷科元大63購01,304210,0.79,0.83,0.79,0.83
713892,宏捷科元大67購02,444280,1.06,1.14,1.06,1.1
713893,良維元大63購03,60990,1.61,1.63,1.58,1.58
713894,良維元大67購01,95400,0.9,0.9,0.9,0.9
713895,宜鼎元大63購13,4700,0.47,0.47,0.47,0.47
713896,威剛元大67購02,0,,,,
713897,建榮元大63購01,0,,,,
713898,晶宏元大63購01,11100,0.37,0.37,0.37,0.37
713899,雅特力元大63購02,0,,,,
713900,順達元大63購08,441590,0.8,1.0,0.73,0.98
713901,群翊元大63購01,216030,1.83,1.87,1.74,1.86
713902,群聯元大63購24,67000,1.0,1.0,1.0,1.0
713903,擎亞元大63購02,0,,,,
713904,擎亞元大63購03,0,,,,
713905,天正台新63購02,0,,,,
713906,印能台新63購01,119900,1.1,1.1,1.1,1.1
713907,印能台新63購02,0,,,,
713908,沛亨台新63購01,5720,1.43,1.43,1.43,1.43
713909,晶宏台新63購01,0,,,,
713910,晶宏台新63購02,0,,,,
713911,鈊象台新63購01,10200,2.04,2.04,2.04,2.04
713912,群聯台新63購05,49140,1.55,1.55,1.51,1.51
713913,群聯台新63購06,39240,1.09,1.09,1.09,1.09
713914,力致凱基63購01,15600,1.56,1.56,1.56,1.56
713915,印能凱基63購01,3227190,1.53,1.61,1.49,1.51
713916,印能凱基63購02,274070,1.62,1.66,1.58,1.58
713917,印能凱基64購02,0,,,,
713918,印能凱基65購01,0,,,,
713919,印能凱基65購02,294870,1.92,1.92,1.89,1.92
713920,均豪凱基65購02,0,,,,
713921,良維凱基63購03,69680,2.68,2.86,2.68,2.86
713922,亞通凱基63購01,0,,,,
713923,宜鼎凱基63購10,114490,1.07,1.07,1.07,1.07
713924,威剛凱基67購01,28200,1.89,1.89,1.86,1.86
713925,建榮凱基63購02,179600,1.06,1.06,1.04,1.04
713926,晶宏凱基64購02,0,,,,
713927,智通*凱基64購01,0,,,,
713928,閎康凱基63購02,125600,1.52,1.52,1.45,1.45
713929,新應材凱基68購01,0,,,,
713930,印能國票64購01,158630,1.35,1.35,1.34,1.35
713931,印能國票65購01,0,,,,
713932,沛亨國票66購02,0,,,,
713933,泓格國票64購01,0,,,,
713934,晶宏國票66購01,30520,0.48,0.52,0.48,0.52
713935,群聯國票66購03,0,,,,
713936,印能群益63購01,48000,1.2,1.2,1.2,1.2
713937,印能群益65購01,507120,1.07,1.14,1.07,1.12
713938,沛亨群益64購01,0,,,,
713939,鈊象群益63購04,0,,,,
713940,群聯群益63購10,648540,1.55,1.55,1.54,1.55
713941,營邦群益63購02,263160,1.3,1.56,1.3,1.49
713942,營邦群益65購01,380950,1.43,1.65,1.42,1.65
713943,印能中信67購01,86940,0.81,0.81,0.8,0.8
713944,印能統一67購01,14250,0.75,0.75,0.75,0.75
713945,沛亨統一6A購01,0,,,,
713946,晶宏統一67購01,0,,,,
713947,印能國泰64購01,59780,1.22,1.22,1.22,1.22
713948,印能國泰65購01,128640,0.97,0.99,0.97,0.99
713949,宜特國泰64購01,0,,,,
713950,晶宏國泰64購01,0,,,,
713951,營邦國泰64購01,153170,2.13,2.32,2.13,2.32
713952,均豪富邦63購01,0,,,,
713953,營邦富邦66購02,881320,0.66,0.73,0.62,0.7
713954,九暘永豐64購01,0,,,,
713955,川寶永豐63購01,18300,1.28,1.29,1.15,1.15
713956,印能永豐63購01,92400,1.05,1.05,1.05,1.05
713957,印能永豐64購02,107880,0.87,0.87,0.87,0.87
713958,印能永豐65購01,107950,1.27,1.27,1.27,1.27
713959,晶宏永豐64購01,0,,,,
713960,群翊永豐63購01,0,,,,
713961,頎邦永豐64購03,59670,1.53,1.53,1.53,1.53
713962,頎邦永豐66購01,59830,1.93,1.93,1.93,1.93
713963,中美晶元大63購10,10280,1.6,1.75,1.6,1.75
713964,印能元大67購01,119830,0.85,0.87,0.85,0.86
713965,印能元大68購01,258870,0.87,0.87,0.85,0.85
713966,沛亨元大63購01,0,,,,
713967,沛亨元大63購02,53500,1.07,1.07,1.07,1.07
713968,沛亨元大69購01,156740,0.8,0.8,0.77,0.77
713969,良維元大63購04,14190,1.29,1.29,1.29,1.29
713970,良維元大67購02,458570,1.25,1.27,1.21,1.27
713971,宜鼎元大63購14,26150,0.75,0.75,0.73,0.73
713972,威剛元大63購13,139080,1.01,1.01,0.97,0.97
713973,晶宏元大63購02,147600,0.32,0.32,0.3,0.3
713974,湧德元大63購01,497480,0.63,0.68,0.63,0.68
713975,順達元大63購09,684960,1.02,1.21,0.89,1.2
713976,順達元大63購10,161030,0.48,0.58,0.46,0.58
713977,新應材元大63購05,115240,0.79,0.79,0.74,0.75
713978,新應材元大63購06,29160,1.14,1.14,1.1,1.1
713979,群聯元大63購25,613910,0.97,0.97,0.93,0.94
713980,聖暉*元大63購01,553170,0.76,0.84,0.74,0.84
713981,漢達元大63購01,318650,3.75,3.75,3.17,3.2
713982,廣閎科元大63購01,269420,1.67,1.67,1.62,1.62
713983,廣閎科元大69購01,6340,0.71,0.71,0.7,0.7
713984,擎亞元大63購04,0,,,,
713985,擎亞元大63購05,0,,,,
713986,擎亞元大68購01,0,,,,
713987,譜瑞元大63購08,0,,,,
713988,東捷台新63購02,0,,,,
713989,東捷台新63購03,1272340,2.17,2.32,2.15,2.15
713990,新應材台新64購03,25790,1.64,1.64,1.61,1.61
713991,群聯台新63購07,30080,1.88,1.88,1.88,1.88
713992,群聯台新63購08,0,,,,
713993,德微台新63購01,0,,,,
713994,德微台新64購01,2463000,3.08,3.14,3.02,3.02
713995,德微台新65購01,2075610,2.39,2.39,2.29,2.29
713996,立敦群益63購01,57320,1.46,1.54,1.46,1.53
713997,良維群益63購02,425900,1.27,1.38,1.25,1.38
713998,良維群益65購01,29050,1.42,1.5,1.42,1.5
713999,東捷群益65購01,0,,,,
714000,新應材群益63購03,75590,1.46,1.46,1.44,1.45
714001,群聯群益63購11,52400,1.32,1.32,1.28,1.28
714002,漢達群益64購01,0,,,,
714003,漢達群益65購01,797160,2.87,2.87,2.36,2.36
714004,沛亨凱基63購03,27790,2.09,2.09,1.88,1.88
714005,良維凱基63購04,18690,1.09,1.25,1.09,1.25
714006,信紘科凱基63購01,62800,0.91,0.91,0.88,0.88
714007,萊德光凱基63購01,1164850,1.54,1.64,1.3,1.3
714008,順達凱基65購01,45910,1.51,1.51,1.42,1.42
714009,鈊象凱基63購05,0,,,,
714010,群聯凱基64購10,81490,2.31,2.33,2.31,2.33
714011,聖暉*凱基63購03,2407450,2.28,2.39,2.24,2.37
714012,鈺太凱基63購01,0,,,,
714013,漢達凱基63購02,477800,2.11,2.11,1.74,1.75
714014,德微凱基63購01,655940,2.85,2.85,2.58,2.58
714015,德微凱基63購02,31600,3.16,3.16,3.16,3.16
714016,德微凱基65購01,0,,,,
714017,營邦凱基63購06,466090,1.83,2.12,1.83,2.08
714018,台半元大63購07,56090,1.61,1.61,1.48,1.48
714019,台半元大63購08,11000,1.1,1.1,1.1,1.1
714020,台半元大63購09,37670,0.96,0.97,0.9,0.9
714021,沛亨元大63購03,33300,1.11,1.11,1.11,1.11
714022,宜鼎元大69購01,56730,0.88,0.88,0.86,0.86
714023,威剛元大63購14,54850,1.35,1.35,1.3,1.3
714024,晶宏元大63購03,0,,,,
714025,群聯元大63購26,860080,1.25,1.25,1.23,1.23
714026,廣閎科元大63購02,176170,0.85,0.85,0.8,0.8
714027,廣閎科元大69購02,178940,0.76,0.76,0.73,0.73
714028,德微元大63購01,324590,1.92,1.92,1.82,1.82
714029,德微元大69購01,55200,1.8,1.8,1.77,1.77
714030,晶宏中信63購01,70100,0.16,0.16,0.15,0.16
714031,台半國票65購01,40600,1.16,1.16,1.16,1.16
714032,正淩國票67購01,0,,,,
714033,宸曜國票64購01,6250,1.25,1.25,1.25,1.25
714034,宸曜國票65購01,0,,,,
714035,高鋒國票65購01,0,,,,
714036,新門國票69購01,89990,0.87,0.87,0.81,0.86
714037,群翊國票65購02,9500,0.95,0.95,0.95,0.95
714038,漢達國票69購01,0,,,,
714039,德微國票65購02,0,,,,
714040,譜瑞國票66購02,0,,,,
714041,寶雅*國票66購02,0,,,,
714042,沛亨永豐63購02,0,,,,
714043,良維永豐64購01,234570,1.14,1.22,1.14,1.22
714044,東捷永豐63購04,0,,,,
714045,東捷永豐64購03,0,,,,
714046,泓格永豐63購01,74150,1.35,1.35,1.33,1.33
714047,泓格永豐64購02,0,,,,
714048,德微永豐64購01,0,,,,
714049,德微永豐65購01,0,,,,
714050,寶雅*永豐64購01,0,,,,
714051,印能統一66購01,0,,,,
714052,東捷國泰64購01,2840,1.42,1.42,1.42,1.42
714053,元太富邦65購02,909570,0.64,0.71,0.63,0.68
714054,宜鼎富邦64購01,41940,0.6,0.6,0.59,0.59
714055,高技富邦65購01,182900,0.74,0.78,0.74,0.78
714056,晶呈富邦65購02,92360,1.43,1.43,1.39,1.39
714057,新應材富邦63購04,43150,0.61,0.61,0.58,0.58
714058,群聯富邦65購03,185340,0.85,0.85,0.82,0.84
714059,群聯富邦65購04,287710,0.99,0.99,0.95,0.98
714060,群聯富邦65購05,261110,1.12,1.14,1.1,1.1
714061,聖暉*富邦63購01,286330,0.87,0.91,0.82,0.91
714062,譜瑞富邦65購01,16630,0.8,0.8,0.78,0.79
714063,M31台新63購01,0,,,,
714064,M31台新66購01,84480,3.52,3.52,3.52,3.52
714065,光頡台新63購01,16500,5.5,5.5,5.5,5.5
714066,光頡台新66購01,330400,4.55,4.93,4.42,4.42
714067,竹陞台新63購01,0,,,,
714068,均華台新63購03,10400,0.8,0.8,0.8,0.8
714069,均華台新64購01,0,,,,
714070,昇達科台新63購01,2701110,1.75,1.97,1.67,1.87
714071,昇達科台新66購01,1368340,2.05,2.16,1.9,2.16
714072,信驊台新63購01,122320,3.18,3.35,3.04,3.05
714073,信驊台新63購02,28730,2.21,2.21,2.21,2.21
714074,信驊台新63購03,136810,1.48,1.48,1.38,1.39
714075,信驊台新66購01,274960,4.49,4.49,4.2,4.2
714076,信驊台新66購02,63400,3.3,3.4,3.3,3.4
714077,漢達台新63購03,3216800,1.32,1.32,1.08,1.21
714078,漢達台新63購04,579650,1.12,1.12,0.89,0.9
714079,耀穎台新63購01,54600,1.12,1.12,0.98,1.0
714080,M31凱基63購02,0,,,,
714081,M31凱基63購03,0,,,,
714082,M31凱基63購04,0,,,,
714083,光頡凱基63購01,125680,2.84,3.03,2.69,2.69
714084,光頡凱基63購02,0,,,,
714085,光頡凱基63購03,0,,,,
714086,竹陞凱基63購01,67200,0.96,0.96,0.96,0.96
714087,竹陞凱基63購02,76300,1.09,1.09,1.09,1.09
714088,竹陞凱基63購03,91470,1.33,1.33,1.27,1.27
714089,均華凱基63購02,21450,0.65,0.65,0.65,0.65
714090,均華凱基64購03,343200,0.85,0.94,0.83,0.86
714091,宜鼎凱基63購11,116950,0.95,0.95,0.9,0.9
714092,昇達科凱基63購01,656700,1.79,2.0,1.6,1.93
714093,昇達科凱基63購02,1722130,1.8,2.04,1.66,1.9
714094,昇達科凱基63購03,1506910,1.97,2.24,1.9,2.08
714095,昇達科凱基63購04,1643100,2.13,2.36,2.04,2.25
714096,信驊凱基63購01,968880,1.46,1.59,1.39,1.42
714097,信驊凱基63購02,309280,1.9,2.03,1.81,1.81
714098,信驊凱基63購03,456520,2.32,2.52,2.22,2.22
714099,信驊凱基63購04,510980,2.64,2.71,2.51,2.51
714100,信驊凱基63購05,662700,3.32,3.45,3.06,3.06
714101,威剛凱基63購14,33600,1.2,1.2,1.2,1.2
714102,新應材凱基63購09,0,,,,
714103,群聯凱基67購01,392910,2.36,2.37,2.32,2.32
714104,雷科凱基63購01,675590,2.26,2.31,2.21,2.21
714105,雷科凱基63購02,31850,2.45,2.45,2.45,2.45
714106,雷科凱基63購03,0,,,,
714107,頎邦凱基64購04,228890,1.65,1.77,1.61,1.77
714108,穩懋凱基66購01,453220,3.99,4.03,3.67,3.67
714109,光頡統一65購03,1398940,1.37,1.44,1.31,1.31
714110,光頡統一68購01,992020,1.38,1.45,1.35,1.36
714111,光頡統一6C購01,980,0.98,0.98,0.98,0.98
714112,光頡統一79購01,248290,1.07,1.11,1.05,1.05
714113,均華統一67購02,125910,0.49,0.49,0.44,0.44
714114,均華統一6C購01,271490,0.52,0.53,0.51,0.51
714115,良維統一65購01,210460,0.7,0.74,0.68,0.74
714116,良維統一6C購01,0,,,,
714117,昇達科統一67購01,1922390,0.94,1.01,0.91,0.98
714118,昇達科統一6C購01,872410,0.92,0.97,0.91,0.95
714119,昇達科統一6C購02,289420,0.93,0.96,0.93,0.94
714120,金山電統一6C購02,299880,0.63,0.63,0.63,0.63
714121,信紘科統一6C購01,72600,0.66,0.66,0.66,0.66
714122,德微統一66購01,59400,0.9,0.9,0.9,0.9
714123,營邦統一6C購02,0,,,,
714124,穩懋統一67購02,704640,0.89,0.9,0.84,0.85
714125,穩懋統一6C購04,201660,0.96,0.96,0.92,0.92
714126,光頡國泰64購01,0,,,,
714127,均華國泰64購02,66360,0.79,0.79,0.79,0.79
714128,良維國泰64購01,80900,1.8,2.03,1.8,2.03
714129,昇達科國泰64購01,181370,1.57,1.73,1.55,1.68
714130,昇達科國泰65購01,288530,1.67,1.87,1.67,1.72
714131,信紘科國泰64購01,0,,,,
714132,鈊象國泰64購01,0,,,,
714133,雷科國泰64購01,133840,1.96,1.96,1.8,1.82
714134,雷科國泰65購01,458780,2.92,2.92,2.8,2.82
714135,漢達國泰64購01,152570,2.54,2.54,2.07,2.08
714136,穩懋國泰65購02,0,,,,
714137,M31富邦65購02,47800,1.28,1.28,1.25,1.25
714138,弘塑富邦65購01,487680,0.69,0.73,0.69,0.7
714139,均華富邦65購01,484620,0.53,0.55,0.5,0.52
714140,信驊富邦66購01,164750,3.98,4.08,3.98,4.01
714141,穩懋富邦65購02,365100,1.55,1.56,1.44,1.44
714142,M31中信66購01,0,,,,
714143,光頡中信63購01,191080,1.42,1.49,1.35,1.36
714144,竹陞中信69購01,65340,0.61,0.61,0.6,0.6
714145,均華中信69購01,232000,0.44,0.45,0.43,0.43
714146,昇達科中信69購01,1419050,0.95,1.02,0.91,0.98
714147,信驊中信63購01,208140,1.95,2.09,1.87,1.87
714148,群聯中信68購02,0,,,,
714149,穩懋中信65購01,1126140,1.13,1.13,1.02,1.03
714150,M31永豐64購01,12700,1.27,1.27,1.27,1.27
714151,M31永豐65購01,36380,2.14,2.14,2.14,2.14
714152,元太永豐63購03,633720,0.88,1.03,0.88,0.99
714153,光焱永豐63購01,110000,1.1,1.1,1.1,1.1
714154,光頡永豐63購01,0,,,,
714155,光頡永豐63購02,60480,2.24,2.24,2.24,2.24
714156,光頡永豐69購01,0,,,,
714157,竹陞永豐64購02,0,,,,
714158,竹陞永豐66購01,7550,0.76,0.76,0.75,0.75
714159,昇達科永豐63購01,2971910,1.2,1.43,1.2,1.35
714160,昇達科永豐63購02,333640,1.25,1.34,1.23,1.32
714161,昇達科永豐63購03,4836280,0.97,1.06,0.96,1.02
714162,昇達科永豐66購01,132810,2.33,2.33,2.33,2.33
714163,昇達科永豐66購02,372830,1.78,1.91,1.73,1.86
714164,昇達科永豐69購01,463350,2.6,2.74,2.51,2.74
714165,昇達科永豐69購02,543040,2.06,2.18,2.01,2.05
714166,信紘科永豐63購01,93510,0.99,1.0,0.98,0.98
714167,信驊永豐63購02,206720,1.68,1.8,1.58,1.58
714168,信驊永豐64購02,141460,2.84,2.98,2.72,2.72
714169,凱崴永豐64購01,14550,0.97,0.97,0.97,0.97
714170,萊德光永豐63購01,204970,1.91,1.99,1.71,1.71
714171,聖暉*永豐63購02,150570,1.8,1.98,1.8,1.98
714172,雷科永豐63購01,91580,1.75,1.75,1.56,1.56
714173,雷科永豐63購02,514190,1.74,1.74,1.57,1.58
714174,雷科永豐66購01,136300,2.21,2.21,2.1,2.1
714175,雷科永豐69購01,96600,3.45,3.45,3.45,3.45
714176,穩懋永豐63購05,297980,2.58,2.58,2.36,2.39
714177,光頡元大63購01,210750,1.96,2.1,1.95,1.95
714178,光頡元大63購02,159120,1.94,2.07,1.94,2.06
714179,印能元大63購01,90300,0.86,0.86,0.86,0.86
714180,印能元大63購02,175500,0.78,0.78,0.78,0.78
714181,竹陞元大63購01,0,,,,
714182,昇達科元大63購01,100480,1.4,1.49,1.32,1.47
714183,信驊元大63購02,117400,3.16,3.16,2.96,2.96
714184,信驊元大64購01,159700,3.15,3.15,3.1,3.1
714185,信驊元大67購01,494780,4.26,4.26,3.95,3.95
714186,信驊元大69購01,352120,4.8,4.88,4.59,4.59
714187,高技元大63購09,140470,1.34,1.4,1.33,1.33
714188,高技元大63購10,336240,0.97,1.02,0.96,0.98
714189,雅特力元大63購03,62220,0.98,0.98,0.97,0.97
714190,新普元大63購01,20810,1.04,1.06,1.01,1.06
714191,新應材元大63購07,61750,0.97,0.97,0.92,0.92
714192,新應材元大63購08,0,,,,
714193,新應材元大63購09,950,0.47,0.48,0.47,0.48
714194,群聯元大63購27,105000,1.05,1.05,1.05,1.05
714195,雷科元大63購01,2960,1.48,1.48,1.48,1.48
714196,漢達元大63購02,332660,1.22,1.22,1.02,1.05
714197,漢達元大63購03,81000,1.62,1.62,1.62,1.62
714198,漢達元大69購01,624220,1.13,1.41,0.96,0.97
714199,廣閎科元大63購03,150050,0.71,0.71,0.67,0.68
714200,營邦元大63購05,1029120,1.36,1.52,1.36,1.52
714201,鴻呈元大63購03,6300,0.63,0.63,0.63,0.63
714202,FH中5G群益63購01,50800,0.37,0.37,0.36,0.36
714203,M31群益63購01,137320,2.13,2.19,2.13,2.18
714204,千附精群益63購01,0,,,,
714205,中美晶群益63購06,762130,2.93,3.25,2.93,3.01
714206,世界群益65購01,868630,1.96,2.14,1.91,2.01
714207,均華群益63購02,48100,0.69,0.69,0.67,0.67
714208,均豪群益63購01,0,,,,
714209,宜鼎群益63購04,45330,0.89,0.89,0.87,0.87
714210,宜鼎群益63購05,0,,,,
714211,泓格群益63購01,32200,1.15,1.15,1.15,1.15
714212,信驊群益63購01,1128290,2.64,2.79,2.43,2.43
714213,信驊群益63購02,242700,1.69,1.76,1.59,1.59
714214,能率群益63購01,0,,,,
714215,崇越電群益63購01,0,,,,
714216,順達群益63購06,616140,2.35,2.88,2.16,2.88
714217,鈊象群益66購01,36100,0.91,0.91,0.88,0.88
714218,勤凱群益63購01,0,,,,
714219,新應材群益63購04,9100,0.91,0.91,0.91,0.91
714220,群聯群益63購12,193000,1.51,1.51,1.46,1.46
714221,群聯群益63購13,142900,1.26,1.26,1.2,1.2
714222,雷科群益63購01,55100,2.27,2.27,2.16,2.16
714223,雷科群益63購02,4021580,2.11,2.11,1.97,1.98
714224,穩懋群益63購05,61440,1.7,1.72,1.57,1.57
714225,天良國票64購02,70800,0.3,0.3,0.29,0.29
714226,光頡國票65購01,205160,3.31,3.56,3.11,3.11
714227,均華國票65購02,38050,0.81,0.81,0.77,0.77
714228,昇達科國票65購01,2929650,1.6,1.79,1.6,1.69
714229,金山電國票6A購01,0,,,,
714230,信紘科國票64購01,112070,1.38,1.43,1.38,1.43
714231,信紘科國票65購01,0,,,,
714232,信驊國票64購01,3540,3.54,3.54,3.54,3.54
714233,華宏國票69購01,820,0.82,0.82,0.82,0.82
714234,雅特力國票67購01,57270,0.79,0.79,0.78,0.78
714235,雷科國票65購01,131940,2.07,2.07,1.94,1.96
714236,漢達國票6B購01,0,,,,
714237,磐亞國票66購02,0,,,,
714238,穩懋國票66購01,131240,1.54,1.55,1.46,1.47
714239,穩懋國票67購01,12170,1.73,1.75,1.73,1.75
714240,巨有元大63購01,0,,,,
714241,巨有元大63購02,0,,,,
714242,弘塑元大63購06,668600,1.29,1.34,1.26,1.27
714243,弘塑元大63購07,545260,0.59,0.61,0.56,0.57
714244,弘塑元大63購08,66200,0.54,0.56,0.52,0.52
714245,竹陞元大63購02,63740,0.8,0.8,0.77,0.77
714246,竹陞元大69購01,0,,,,
714247,均華元大63購04,407010,0.58,0.61,0.54,0.58
714248,均豪元大63購01,10150,2.03,2.03,2.03,2.03
714249,均豪元大63購02,0,,,,
714250,均豪元大67購01,150170,0.91,0.92,0.9,0.92
714251,東捷元大63購02,290000,1.23,1.28,1.23,1.23
714252,東捷元大67購01,227730,1.35,1.35,1.33,1.33
714253,東捷元大69購01,0,,,,
714254,南俊元大63購01,791180,0.91,0.98,0.87,0.93
714255,南俊元大69購01,635360,1.05,1.09,1.01,1.07
714256,崇越電元大63購01,0,,,,
714257,群聯元大63購28,252670,1.28,1.28,1.25,1.27
714258,聖暉*元大63購02,146250,1.3,1.36,1.27,1.36
714259,聖暉*元大63購03,207030,1.17,1.23,1.17,1.23
714260,營邦元大63購06,854200,0.74,0.81,0.74,0.8
714261,FH中5G凱基64購01,45500,0.91,0.91,0.91,0.91
714262,世界凱基65購02,74060,3.22,3.22,3.22,3.22
714263,弘塑凱基66購01,520360,1.79,1.88,1.79,1.85
714264,印能凱基63購03,476500,1.11,1.14,1.08,1.08
714265,均豪凱基64購01,0,,,,
714266,泓格凱基64購01,75200,1.27,1.3,1.27,1.3
714267,崇越電凱基63購02,9330,1.35,1.36,1.28,1.28
714268,凱崴凱基65購01,29500,1.01,1.01,0.96,0.96
714269,博士旺凱基63購01,0,,,,
714270,華宏凱基63購01,65950,1.24,1.25,1.21,1.21
714271,鈊象凱基63購06,0,,,,
714272,新普凱基63購01,17800,0.9,0.96,0.9,0.96
714273,新應材凱基63購10,14800,1.85,1.85,1.85,1.85
714274,群聯凱基63購20,170290,1.88,1.89,1.86,1.87
714275,營邦凱基66購01,122940,2.23,2.31,2.23,2.3
714276,世界台新63購01,162700,3.14,3.42,3.14,3.42
714277,宜鼎台新65購03,13260,2.21,2.21,2.21,2.21
714278,東捷台新63購04,0,,,,
714279,南俊台新63購01,86740,0.99,1.04,0.94,1.04
714280,南俊台新63購02,282990,0.74,0.75,0.72,0.75
714281,頎邦台新63購02,1672970,2.98,3.0,2.78,3.0
714282,頎邦台新66購01,812960,2.33,2.35,2.2,2.35
714283,安葆國票68購02,3320,1.66,1.66,1.66,1.66
714284,南俊國票66購01,59980,0.66,0.7,0.66,0.68
714285,新應材國票64購02,30090,1.77,1.77,1.77,1.77
714286,雷科國票64購01,1163260,2.25,2.25,1.99,1.99
714287,雷科國票64購02,23920,2.18,2.18,2.12,2.12
714288,M31群益63購02,38070,1.83,1.83,1.74,1.74
714289,巨有群益63購02,7850,7.85,7.85,7.85,7.85
714290,光頡群益63購01,0,,,,
714291,光頡群益66購01,90900,3.6,3.66,3.6,3.66
714292,竹陞群益63購01,214000,1.07,1.07,1.07,1.07
714293,竹陞群益63購02,0,,,,
714294,均華群益65購02,53500,1.07,1.07,1.07,1.07
714295,宏捷科群益63購03,274400,1.35,1.38,1.26,1.38
714296,系微群益63購01,0,,,,
714297,良維群益63購03,318660,4.11,4.49,3.98,4.49
714298,宜鼎群益63購06,116090,1.73,1.73,1.6,1.6
714299,東捷群益65購02,124700,1.6,1.6,1.51,1.51
714300,南俊群益63購01,200610,0.86,0.91,0.86,0.88
714301,南俊群益63購02,0,,,,
714302,威剛群益63購09,52670,2.29,2.29,2.29,2.29
714303,雅特力群益63購01,14400,0.96,0.96,0.96,0.96
714304,雅特力群益63購02,720,0.72,0.72,0.72,0.72
714305,新應材群益63購05,0,,,,
714306,群聯群益63購14,500060,3.27,3.35,3.27,3.31
714307,頎邦群益63購04,475720,1.72,1.72,1.58,1.58
714308,頎邦群益63購05,64900,1.45,1.55,1.45,1.53
714309,營邦群益64購01,144900,1.21,1.41,1.21,1.41
714310,光頡統一68購02,821860,1.34,1.41,1.28,1.31
714311,光頡統一69購01,875260,1.42,1.5,1.37,1.37
714312,佳邦統一6B購01,41300,0.55,0.56,0.55,0.55
714313,昇達科統一68購01,2423900,0.89,0.98,0.88,0.93
714314,昇達科統一6C購03,157140,0.86,0.91,0.86,0.88
714315,昇達科統一6C購04,3360,0.84,0.84,0.84,0.84
714316,東捷統一6B購02,12200,0.61,0.61,0.61,0.61
714317,金山電統一69購01,0,,,,
714318,南俊統一6C購01,5000,0.5,0.5,0.5,0.5
714319,雷科統一69購01,786870,1.21,1.21,1.1,1.1
714320,雷科統一6B購01,162520,0.8,0.8,0.76,0.77
714321,雷科統一6C購01,392000,0.72,0.72,0.71,0.71
714322,德微統一69購01,93840,1.02,1.02,1.02,1.02
714323,宏捷科中信63購01,469400,0.57,0.61,0.53,0.58
714324,宏捷科國泰64購01,545830,1.84,1.99,1.8,1.99
714325,世界富邦63購02,681710,0.94,1.01,0.93,0.97
714326,印能富邦65購01,0,,,,
714327,東捷富邦65購01,76270,0.69,0.69,0.64,0.64
714328,M31永豐63購02,28200,1.88,1.88,1.88,1.88
714329,久元永豐63購02,0,,,,
714330,均華永豐64購01,118940,1.39,1.39,1.38,1.38
714331,均豪永豐63購01,58290,0.87,0.87,0.87,0.87
714332,沛亨永豐63購03,0,,,,
714333,亞通永豐63購01,125140,1.37,1.46,1.34,1.46
714334,群聯永豐63購08,0,,,,
714335,達航永豐65購01,0,,,,
714336,巨有凱基63購01,0,,,,
714337,弘塑凱基63購08,1532810,1.57,1.64,1.52,1.59
714338,光頡凱基65購01,175300,3.15,3.31,2.95,2.95
714339,竹陞凱基63購04,1720,0.86,0.86,0.86,0.86
714340,均華凱基65購02,225180,1.17,1.25,1.13,1.13
714341,宏捷科凱基63購03,31440,1.64,1.7,1.64,1.64
714342,沛亨凱基63購04,0,,,,
714343,系微凱基63購01,58200,1.46,1.46,1.45,1.45
714344,良維凱基63購05,119540,2.58,2.82,2.56,2.82
714345,宜鼎凱基63購12,144670,1.23,1.24,1.2,1.21
714346,東捷凱基64購01,0,,,,
714347,東捷凱基65購01,43000,2.15,2.15,2.15,2.15
714348,青雲凱基63購03,0,,,,
714349,南俊凱基63購01,309120,0.76,0.87,0.76,0.84
714350,南俊凱基63購02,120750,0.95,0.99,0.95,0.99
714351,威剛凱基67購02,243140,2.62,2.65,2.62,2.65
714352,家登凱基64購02,144300,1.88,1.88,1.67,1.67
714353,聖暉*凱基65購02,376380,2.81,2.86,2.71,2.86
714354,頎邦凱基65購02,896540,2.72,2.86,2.65,2.86
714355,環球晶凱基63購02,112820,2.48,2.84,2.48,2.82
714356,環球晶凱基63購03,0,,,,
714357,環球晶凱基69購02,1483840,4.73,5.35,4.65,5.05
714358,巨有台新65購01,0,,,,
714359,光頡台新63購02,0,,,,
714360,印能台新63購03,119600,1.04,1.04,1.04,1.04
714361,竹陞台新63購02,0,,,,
714362,均豪台新64購01,26040,2.17,2.17,2.17,2.17
714363,均豪台新64購02,0,,,,
714364,宜鼎台新63購03,29000,1.0,1.0,1.0,1.0
714365,威剛台新66購02,43680,1.04,1.04,1.04,1.04
714366,家登台新64購02,134670,2.61,2.78,2.42,2.42
714367,家登台新66購01,13140,1.45,1.48,1.45,1.48
714368,家碩台新66購01,19900,1.99,1.99,1.99,1.99
714369,創新服台新63購01,127140,1.06,1.07,1.05,1.07
714370,創新服台新63購02,52200,0.8,0.8,0.79,0.79
714371,創新服台新63購03,48950,0.89,0.89,0.89,0.89
714372,創新服台新63購04,180250,0.76,0.76,0.75,0.75
714373,環球晶台新64購01,88860,2.82,3.0,2.82,2.94
714374,環球晶台新64購02,170310,2.19,2.48,2.19,2.43
714375,耀穎台新63購02,104380,1.13,1.16,1.05,1.14
714376,M31元大63購02,0,,,,
714377,M31元大63購03,208120,1.12,1.12,1.1,1.1
714378,弘塑元大63購09,131210,1.77,1.84,1.76,1.81
714379,弘塑元大63購10,317530,1.04,1.07,1.02,1.03
714380,弘塑元大66購02,423380,0.99,0.99,0.94,0.95
714381,光頡元大63購03,432370,2.08,2.22,2.05,2.05
714382,光頡元大63購04,89950,1.5,1.58,1.45,1.45
714383,竹陞元大63購03,280000,0.7,0.7,0.7,0.7
714384,竹陞元大69購02,301760,0.92,0.92,0.92,0.92
714385,均豪元大63購03,0,,,,
714386,亞通元大63購01,81640,1.6,1.71,1.6,1.71
714387,亞通元大63購02,6000,6.0,6.0,6.0,6.0
714388,宜鼎元大63購15,443170,0.63,0.63,0.59,0.59
714389,昇達科元大63購02,513840,1.31,1.43,1.31,1.35
714390,昇達科元大63購03,691200,1.14,1.26,1.09,1.22
714391,東捷元大63購03,44250,1.95,1.95,1.92,1.92
714392,東捷元大67購02,13900,1.39,1.39,1.39,1.39
714393,東捷元大69購02,40810,0.79,0.79,0.76,0.77
714394,萊德光元大63購01,424270,1.21,1.24,1.06,1.07
714395,萊德光元大63購02,324900,1.46,1.5,1.32,1.32
714396,雅特力元大63購04,65960,0.97,0.97,0.97,0.97
714397,群聯元大63購29,15560,1.12,1.12,1.1,1.1
714398,群聯元大69購01,581720,1.51,1.51,1.48,1.48
714399,聖暉*元大63購04,149320,1.28,1.42,1.28,1.42
714400,雷科元大63購02,0,,,,
714401,營邦元大63購07,832610,0.91,1.11,0.9,1.11
714402,環球晶元大63購09,1760860,1.18,1.36,1.1,1.23
714403,環球晶元大63購10,1804990,1.25,1.47,1.25,1.4
714404,光頡國票64購01,0,,,,
714405,光頡國票66購01,5320,2.66,2.66,2.66,2.66
714406,昇達科國票64購01,2213790,1.7,1.93,1.64,1.8
714407,創新服國票65購01,0,,,,
714408,萊德光國票66購01,18860,1.26,1.26,1.22,1.22
714409,頎邦國票69購01,32060,1.13,1.16,1.13,1.16
714410,環球晶國票66購02,196130,2.76,3.12,2.61,3.04
714411,群聯中信67購02,125440,0.74,0.74,0.73,0.74
714412,環球晶中信63購01,223300,0.95,1.04,0.92,1.01
714413,尼克森永豐63購01,405710,1.96,2.22,1.81,1.89
714414,正德永豐63購01,20600,0.68,0.68,0.65,0.65
714415,安葆永豐65購01,0,,,,
714416,亞信永豐64購01,50400,0.84,0.84,0.84,0.84
714417,美琪瑪永豐63購01,26400,1.76,1.76,1.76,1.76
714418,家登永豐65購01,248560,1.44,1.46,1.4,1.4
714419,泰藝永豐63購01,118780,2.31,2.31,1.99,1.99
714420,高僑永豐63購01,12790,0.98,0.99,0.98,0.99
714421,創新服永豐63購01,99320,1.12,1.12,1.11,1.11
714422,創新服永豐64購01,80130,0.7,0.71,0.7,0.71
714423,創新服永豐65購01,39990,0.93,0.93,0.93,0.93
714424,創新服永豐66購01,9000,0.9,0.9,0.9,0.9
714425,博大永豐63購01,8440,0.77,0.77,0.76,0.76
714426,博盛永豐64購02,125460,1.71,1.72,1.71,1.72
714427,晶呈永豐63購01,19440,1.62,1.62,1.62,1.62
714428,華電網永豐63購01,0,,,,
714429,廣明永豐63購01,70200,1.17,1.17,1.17,1.17
714430,優群永豐63購01,56240,0.74,0.74,0.74,0.74
714431,環球晶永豐64購01,18300,2.23,2.69,2.23,2.69
714432,中美晶富邦69購01,18560,0.88,0.91,0.87,0.87
714433,台特化富邦63購01,107810,0.71,0.71,0.7,0.7
714434,沛亨富邦63購02,0,,,,
714435,良維富邦65購01,375740,0.64,0.7,0.64,0.7
714436,蜜望實富邦66購01,0,,,,
714437,竹陞國泰64購01,0,,,,
714438,東捷國泰64購02,30300,1.18,1.22,1.18,1.22
714439,家登國泰64購01,0,,,,
714440,雅特力國泰64購01,171000,1.63,1.63,1.6,1.6
714441,頎邦國泰64購01,141920,1.96,2.14,1.96,2.14
714442,環球晶國泰64購02,266620,2.34,2.64,2.32,2.64
714443,亞通統一6C購01,19500,0.65,0.65,0.65,0.65
714444,昇達科統一74購01,1295160,0.97,1.0,0.95,0.98
714445,東捷統一66購03,32000,0.64,0.64,0.64,0.64
714446,東捷統一68購03,49400,0.72,0.72,0.7,0.7
714447,東捷統一6A購01,27360,0.57,0.57,0.57,0.57
714448,南俊統一74購01,5620,0.56,0.57,0.56,0.57
714449,雷科統一67購01,444630,1.02,1.03,0.93,0.93
714450,世界群益63購03,14050,2.81,2.81,2.81,2.81
714451,巨有群益63購03,342000,5.7,5.7,5.7,5.7
714452,均華群益63購03,50440,0.86,0.86,0.84,0.84
714453,亞通群益63購02,0,,,,
714454,亞通群益63購03,0,,,,
714455,東捷群益65購03,0,,,,
714456,青雲群益63購02,0,,,,
714457,信立群益63購02,0,,,,
714458,威剛群益63購10,134420,2.96,2.96,2.8,2.8
714459,家登群益63購06,0,,,,
714460,萊德光群益63購01,7800,3.9,3.9,3.9,3.9
714461,鈊象群益69購01,910,0.91,0.91,0.91,0.91
714462,新應材群益63購06,67550,3.42,3.42,3.33,3.33
714463,群聯群益63購15,20000,2.0,2.0,2.0,2.0
714464,群聯群益65購03,56900,1.0,1.0,0.99,1.0
714465,營邦群益69購01,220730,0.77,0.8,0.77,0.78
714466,環球晶群益63購04,117250,2.61,2.76,2.5,2.76
714467,光頡元大63購05,0,,,,
714468,光頡元大63購06,71900,2.04,2.18,2.04,2.18
714469,光頡元大63購07,909800,1.54,1.64,1.5,1.5
714470,均華元大63購05,540990,0.61,0.65,0.58,0.59
714471,宏捷科元大63購02,24020,1.08,1.16,1.08,1.16
714472,沛亨元大63購04,0,,,,
714473,沛亨元大63購05,0,,,,
714474,亞通元大63購03,111210,1.2,1.38,1.2,1.38
714475,亞通元大63購04,127540,0.99,1.18,0.99,1.17
714476,宜鼎元大63購16,116140,0.72,0.72,0.69,0.69
714477,東捷元大63購04,0,,,,
714478,東捷元大68購01,113380,0.88,0.88,0.83,0.83
714479,欣銓元大63購04,71070,1.35,1.35,1.32,1.34
714480,欣銓元大63購05,244200,1.32,1.32,1.32,1.32
714481,信昌電元大63購01,12200,1.22,1.22,1.22,1.22
714482,信昌電元大63購02,78500,1.31,1.31,1.29,1.29
714483,信昌電元大63購03,12700,1.27,1.27,1.27,1.27
714484,南俊元大63購02,222380,1.06,1.15,1.03,1.1
714485,威剛元大66購01,42960,1.6,1.6,1.58,1.58
714486,群聯元大66購07,841200,1.21,1.21,1.19,1.19
714487,群聯元大69購02,491430,1.17,1.17,1.14,1.14
714488,雷科元大63購03,0,,,,
714489,營邦元大69購01,1000190,1.0,1.14,1.0,1.1
714490,環球晶元大63購11,273810,2.3,2.62,2.18,2.43
714491,光頡國票66購02,203760,2.18,2.33,2.07,2.07
714492,旭然國票67購01,178510,1.4,1.54,1.34,1.52
714493,亞通國票64購02,3840,1.28,1.28,1.28,1.28
714494,亞通國票66購01,30780,1.71,1.71,1.71,1.71
714495,建榮國票64購01,0,,,,
714496,建榮國票65購01,121310,1.63,1.63,1.51,1.51
714497,家登國票64購02,113000,1.95,1.99,1.92,1.92
714498,新漢國票64購01,40000,1.0,1.0,1.0,1.0
714499,擎亞國票64購02,0,,,,
714500,穩懋國票65購02,180740,1.32,1.33,1.24,1.24
714501,世界凱基63購07,355020,2.89,3.11,2.89,3.11
714502,巨有凱基63購02,74350,6.75,6.85,6.75,6.85
714503,竹陞凱基63購05,0,,,,
714504,亞通凱基63購02,60420,1.06,1.06,1.06,1.06
714505,信立凱基63購01,0,,,,
714506,信昌電凱基63購01,983030,1.97,1.97,1.97,1.97
714507,信昌電凱基63購02,188020,1.85,1.85,1.74,1.74
714508,信昌電凱基63購03,3500,1.75,1.75,1.75,1.75
714509,信昌電凱基63購04,0,,,,
714510,創新服凱基63購01,573910,0.78,0.79,0.76,0.77
714511,新應材凱基63購11,19090,3.15,3.21,3.14,3.21
714512,群聯凱基63購21,38950,1.77,1.78,1.77,1.78
714513,營邦凱基63購07,1121820,1.65,2.03,1.62,1.95
714514,穩懋凱基63購10,99300,4.5,4.5,4.22,4.22
714515,巨有群益63購04,0,,,,
714516,光頡群益63購02,1448660,3.52,3.73,3.47,3.47
714517,光頡群益65購01,636840,2.28,2.43,2.28,2.31
714518,印能群益63購02,554240,2.27,2.33,2.27,2.33
714519,竹陞群益64購01,0,,,,
714520,宜鼎群益63購07,33120,1.84,1.84,1.84,1.84
714521,威剛群益63購11,332330,2.37,2.37,2.19,2.19
714522,家登群益63購07,25200,1.68,1.68,1.68,1.68
714523,環球晶群益63購05,0,,,,
714524,環球晶群益63購06,769300,2.48,2.86,2.27,2.62
714525,伍豐永豐63購01,0,,,,
714526,竹陞永豐63購02,0,,,,
714527,沛亨永豐63購04,0,,,,
714528,亞通永豐65購01,88650,0.81,0.96,0.81,0.95
714529,宜鼎永豐63購08,223890,1.57,1.57,1.48,1.48
714530,信昌電永豐63購01,176480,1.38,1.38,1.21,1.21
714531,信昌電永豐63購02,876970,0.79,0.8,0.73,0.73
714532,信昌電永豐64購01,52080,1.24,1.24,1.24,1.24
714533,信昌電永豐65購01,181210,1.09,1.11,1.04,1.04
714534,南俊永豐63購01,149590,1.18,1.24,1.17,1.24
714535,健喬永豐63購01,0,,,,
714536,群聯永豐63購09,22050,3.15,3.15,3.15,3.15
714537,群聯永豐63購10,0,,,,
714538,穩懋永豐63購06,28400,3.55,3.55,3.55,3.55
714539,穩懋永豐63購07,14940,4.98,4.98,4.98,4.98
714540,騰雲永豐63購01,0,,,,
714541,系微富邦64購01,17600,0.88,0.88,0.88,0.88
714542,宜鼎富邦63購04,120440,0.58,0.58,0.56,0.56
714543,欣銓富邦63購01,5550,0.55,0.56,0.55,0.56
714544,環球晶富邦69購01,461230,0.74,0.84,0.71,0.78
714545,環球晶富邦69購02,709190,0.89,1.0,0.87,0.94
714546,中美晶國泰65購01,0,,,,
714547,巨有國泰64購01,492160,4.72,4.78,4.72,4.78
714548,光頡國泰64購02,0,,,,
714549,均豪國泰64購01,0,,,,
714550,沛亨國泰64購01,0,,,,
714551,亞通國泰64購01,0,,,,
714552,信昌電國泰64購01,1207710,1.59,1.63,1.5,1.5
714553,信昌電國泰64購02,35630,1.45,1.45,1.4,1.4
714554,萊德光國泰64購01,162410,2.1,2.37,1.74,1.74
714555,群聯國泰64購01,0,,,,
714556,擎亞國泰64購01,10480,1.3,1.32,1.3,1.32
714557,穩懋國泰64購03,98730,4.2,4.2,3.82,3.82
714558,巨有統一79購01,14380,1.19,1.29,1.19,1.29
714559,弘塑統一68購01,167050,0.72,0.73,0.71,0.72
714560,竹陞統一6C購01,0,,,,
714561,信昌電統一68購01,0,,,,
714562,信昌電統一68購02,0,,,,
714563,信昌電統一69購01,146920,0.71,0.71,0.65,0.65
714564,信昌電統一79購01,47450,0.69,0.69,0.67,0.67
714565,穩懋統一69購01,3540,1.18,1.18,1.18,1.18
714566,台特化台新63購01,342250,2.59,2.68,2.59,2.64
714567,旭然台新63購01,116950,2.12,2.48,2.12,2.48
714568,竹陞台新63購03,0,,,,
714569,竹陞台新64購01,2160,1.09,1.09,1.07,1.07
714570,宏捷科台新63購01,112050,1.96,2.03,1.88,2.03
714571,系微台新63購01,30490,1.71,1.71,1.67,1.67
714572,良維台新66購01,0,,,,
714573,信昌電台新63購01,0,,,,
714574,信昌電台新66購01,229280,1.41,1.43,1.32,1.32
714575,茂達台新63購01,1130740,1.56,1.56,1.48,1.53
714576,家登台新63購01,0,,,,
714577,穩懋台新63購03,0,,,,
714578,穩懋台新63購04,46660,2.46,2.46,2.45,2.46
714579,穩懋台新63購05,208400,2.54,2.56,2.33,2.38
714580,巨有永豐66購01,1733070,1.78,1.91,1.71,1.83
714581,朋億*永豐64購01,184650,1.44,1.45,1.42,1.45
714582,南俊永豐63購02,238740,1.11,1.18,1.06,1.18
714583,南俊永豐67購01,61170,0.83,0.86,0.83,0.86
714584,智崴永豐64購01,0,,,,
714585,萊德光永豐63購02,493800,1.76,1.96,1.66,1.66
714586,頎邦永豐63購05,50400,1.68,1.68,1.68,1.68
714587,方土昶元大63購03,0,,,,
714588,台半元大65購01,52560,1.76,1.76,1.72,1.72
714589,巨有元大63購03,4150,4.15,4.15,4.15,4.15
714590,巨有元大63購04,0,,,,
714591,均華元大63購06,320120,0.68,0.69,0.65,0.69
714592,均華元大63購07,647570,0.7,0.7,0.65,0.69
714593,宏捷科元大63購03,345870,1.14,1.17,1.09,1.17
714594,宏捷科元大63購04,75720,1.26,1.29,1.2,1.29
714595,沛亨元大63購06,50150,1.45,1.45,1.31,1.31
714596,沛亨元大65購01,0,,,,
714597,宜鼎元大64購06,290120,0.8,0.8,0.77,0.77
714598,青雲元大63購05,0,,,,
714599,威剛元大63購15,59600,1.73,1.73,1.65,1.65
714600,創新服元大63購01,12610,0.97,0.97,0.97,0.97
714601,萊德光元大63購03,297430,1.1,1.13,1.03,1.03
714602,萊德光元大64購01,190750,1.2,1.2,1.15,1.17
714603,萊德光元大64購02,323130,1.15,1.22,1.11,1.11
714604,雅特力元大63購05,9680,1.21,1.21,1.21,1.21
714605,群聯元大63購30,452950,1.62,1.62,1.57,1.58
714606,環球晶元大64購03,135400,2.48,2.8,2.43,2.75
714607,環球晶元大65購06,773410,1.96,2.22,1.88,2.07
714608,世界群益63購04,269260,3.59,3.98,3.59,3.88
714609,巨有群益64購01,55070,3.31,3.78,3.31,3.67
714610,茂綸群益63購02,625170,1.06,1.06,1.04,1.05
714611,順達群益63購07,550730,1.5,1.88,1.39,1.88
714612,順達群益65購01,148210,1.63,1.93,1.63,1.93
714613,新應材群益63購07,49400,2.47,2.47,2.47,2.47
714614,營邦群益63購03,340540,1.64,1.92,1.64,1.84
714615,穩懋群益63購06,487900,6.3,6.4,5.7,5.7
714616,方土昶國票65購02,0,,,,
714617,台星科國票65購01,18460,1.35,1.45,1.35,1.45
714618,巨有國票64購01,0,,,,
714619,巨有國票65購01,278670,4.07,4.07,3.86,4.05
714620,旭然國票69購01,90590,1.16,1.31,1.16,1.27
714621,均華國票64購01,32140,0.99,1.0,0.91,0.91
714622,宏捷科國票65購01,111650,1.12,1.16,1.09,1.16
714623,系微國票65購03,0,,,,
714624,良維國票66購01,0,,,,
714625,昇達科國票64購02,440290,2.38,2.44,2.34,2.44
714626,朋億*國票65購01,0,,,,
714627,南俊國票68購01,25280,0.75,0.78,0.73,0.78
714628,萊德光國票65購02,217280,1.06,1.06,0.96,0.99
714629,群聯國票65購01,0,,,,
714630,磐亞國票65購02,1410,1.41,1.41,1.41,1.41
714631,巨有台新63購01,49140,4.04,4.15,4.04,4.15
714632,巨有台新66購01,0,,,,
714633,巨有台新69購01,0,,,,
714634,巨有台新69購02,0,,,,
714635,印能台新65購01,0,,,,
714636,昇達科台新63購03,388020,3.07,3.21,2.87,3.16
714637,茂綸台新63購02,0,,,,
714638,創新服台新65購01,34200,1.14,1.14,1.14,1.14
714639,群聯台新63購09,0,,,,
714640,群聯台新63購10,0,,,,
714641,聖暉*台新66購01,38500,2.37,2.48,2.34,2.43
714642,印能凱基64購03,636910,2.17,2.31,2.17,2.31
714643,均華凱基63購03,208400,1.22,1.22,1.1,1.1
714644,沛亨凱基64購01,0,,,,
714645,良維凱基67購01,101770,2.98,3.25,2.95,3.25
714646,宜鼎凱基63購13,48590,1.71,1.71,1.61,1.61
714647,欣銓凱基63購02,0,,,,
714648,威剛凱基65購04,3579110,2.83,2.83,2.71,2.71
714649,建榮凱基64購01,216690,2.72,2.73,2.55,2.58
714650,家登凱基63購04,0,,,,
714651,萊德光凱基63購02,902540,2.42,2.5,1.93,1.93
714652,環球晶凱基63購04,138150,4.65,4.65,4.56,4.56
714653,穩懋凱基65購02,25000,5.05,5.05,4.8,4.8
714654,穩懋凱基68購01,90400,5.65,5.65,5.65,5.65
714655,世界國泰64購01,0,,,,
714656,世界國泰64購02,344350,2.05,2.19,2.05,2.1
714657,朋億*國泰65購01,562200,2.17,2.19,2.16,2.16
714658,欣銓國泰64購01,227810,1.9,1.99,1.9,1.99
714659,青雲國泰64購01,0,,,,
714660,德微國泰64購01,7510,3.78,3.78,3.73,3.73
714661,巨有統一69購01,0,,,,
714662,巨有統一79購02,59720,1.02,1.14,1.02,1.08
714663,信昌電統一6C購01,36800,0.74,0.74,0.72,0.72
714664,信昌電統一6C購02,34160,0.67,0.67,0.66,0.66
714665,信昌電統一79購02,19970,0.77,0.77,0.75,0.75
714666,寶雅*統一6C購01,0,,,,
714667,印能富邦64購01,102240,0.71,0.71,0.71,0.71
714668,印能富邦65購02,10040,0.63,0.64,0.62,0.62
714669,威剛富邦63購01,1640,0.41,0.41,0.41,0.41
714670,建榮富邦63購01,26600,0.35,0.35,0.35,0.35
714671,鈊象富邦65購01,168050,1.06,1.06,1.05,1.05
714672,群聯富邦65購06,465340,0.77,0.77,0.74,0.75
714673,群聯富邦65購07,443300,0.72,0.72,0.69,0.7
714674,群聯富邦65購08,19400,0.74,0.75,0.74,0.75
714675,群聯富邦66購01,402080,0.76,0.76,0.74,0.75
714676,群聯富邦66購02,189300,0.7,0.7,0.68,0.68
714677,群聯富邦69購01,388090,0.82,0.82,0.81,0.81
714678,台燿凱基63購01,1994960,3.26,3.26,2.7,2.97
714679,台燿凱基63購02,1049560,2.74,2.93,2.69,2.88
714680,台燿凱基63購03,1627490,2.68,2.81,2.54,2.75
714681,台燿凱基63購04,101930,3.19,3.19,3.01,3.05
714682,台燿凱基65購01,36550,3.32,3.33,3.32,3.33
714683,台燿凱基65購02,560890,3.13,3.31,3.02,3.29
714684,台燿凱基65購03,1237370,3.14,3.2,2.97,3.2
714685,青雲凱基63購04,308320,1.39,1.39,1.38,1.38
714686,茂綸凱基63購01,312720,1.68,1.71,1.64,1.71
714687,新應材凱基63購12,718510,3.0,3.04,2.99,3.04
714688,群聯凱基63購22,72200,2.4,2.42,2.4,2.4
714689,台半台新64購01,163420,3.88,3.88,3.69,3.69
714690,台燿台新63購01,2121980,3.19,3.37,3.0,3.37
714691,台燿台新66購01,2697910,3.58,3.66,3.32,3.63
714692,台燿台新69購01,2554590,3.56,3.56,3.12,3.38
714693,印能台新65購02,0,,,,
714694,印能台新65購03,119700,1.33,1.33,1.33,1.33
714695,良維台新63購01,0,,,,
714696,宜鼎台新66購01,65600,2.66,2.66,2.6,2.6
714697,台燿群益63購01,356050,2.82,3.2,2.44,2.66
714698,台燿群益63購02,1869610,2.78,2.94,2.59,2.85
714699,台燿群益63購03,3740500,2.66,2.66,2.15,2.42
714700,印能群益63購03,221870,1.64,1.65,1.64,1.65
714701,竹陞群益64購02,201360,1.13,1.14,1.13,1.14
714702,亞通群益64購01,163600,1.5,1.69,1.5,1.69
714703,亞通群益66購01,81600,1.74,1.89,1.74,1.89
714704,宜鼎群益63購08,0,,,,
714705,欣銓群益63購03,244090,2.5,2.59,2.5,2.58
714706,青雲群益63購03,0,,,,
714707,青雲群益65購01,0,,,,
714708,威剛群益63購12,176150,2.72,2.72,2.57,2.58
714709,家登群益63購08,579030,4.44,4.55,3.79,3.79
714710,頎邦群益65購01,85840,2.32,2.32,2.32,2.32
714711,穩懋群益63購07,71000,7.1,7.1,7.1,7.1
714712,台燿元大63購01,915100,2.15,2.15,1.77,1.94
714713,台燿元大64購05,2228660,1.85,1.92,1.73,1.89
714714,台燿元大65購01,1932620,1.92,1.98,1.83,1.97
714715,印能元大63購03,223850,1.33,1.38,1.33,1.38
714716,沛亨元大63購07,16800,1.4,1.4,1.4,1.4
714717,良維元大63購05,784470,0.85,0.95,0.82,0.95
714718,亞通元大63購05,134870,2.01,2.03,2.01,2.03
714719,宜鼎元大64購07,445500,0.8,0.8,0.75,0.75
714720,昇達科元大63購04,356900,1.64,1.7,1.54,1.65
714721,昇達科元大63購05,475880,1.22,1.33,1.18,1.29
714722,信昌電元大63購04,0,,,,
714723,信昌電元大63購05,2080,0.52,0.52,0.52,0.52
714724,威剛元大63購16,116970,1.61,1.61,1.56,1.56
714725,茂綸元大63購01,0,,,,
714726,茂綸元大64購01,0,,,,
714727,家登元大63購02,1127480,2.16,2.16,1.96,1.96
714728,家登元大64購02,44100,2.1,2.1,2.1,2.1
714729,群聯元大63購31,992350,1.42,1.42,1.38,1.38
714730,群聯元大63購33,451380,1.75,1.75,1.69,1.71
714731,環球晶元大64購04,5040,2.52,2.52,2.52,2.52
714732,環球晶元大65購07,499990,1.94,2.16,1.88,2.05
714733,台燿永豐63購01,688990,1.93,1.95,1.8,1.95
714734,台燿永豐63購02,2734610,1.75,1.81,1.64,1.78
714735,台燿永豐63購03,994930,1.18,1.24,1.15,1.21
714736,台燿永豐63購04,502710,1.4,1.43,1.33,1.43
714737,台燿永豐64購03,195830,1.38,1.45,1.38,1.45
714738,台燿永豐64購04,0,,,,
714739,台燿永豐65購01,361100,1.63,1.63,1.55,1.58
714740,台燿永豐65購02,232200,2.28,2.34,2.28,2.34
714741,台燿永豐66購01,74700,2.74,2.75,2.61,2.7
714742,台燿永豐66購02,1770550,5.1,5.3,4.97,5.2
714743,台燿永豐69購01,308850,3.2,3.25,3.18,3.23
714744,台燿永豐69購02,0,,,,
714745,台燿永豐73購01,71040,4.44,4.44,4.44,4.44
714746,弘塑永豐64購02,164690,1.73,1.75,1.69,1.75
714747,光焱永豐65購01,0,,,,
714748,欣銓永豐63購01,155870,1.56,1.63,1.56,1.63
714749,博盛永豐64購03,151250,1.91,1.91,1.8,1.8
714750,蜜望實永豐64購01,0,,,,
714751,營邦永豐65購01,64360,0.74,0.85,0.74,0.85
714752,環球晶永豐64購02,5500,1.75,2.0,1.75,2.0
714753,穩懋永豐63購08,0,,,,
714754,台燿中信63購01,2798200,1.45,1.45,1.07,1.23
714755,欣銓中信63購01,90880,0.67,0.7,0.67,0.7
714756,信昌電中信63購01,550030,0.71,0.72,0.64,0.64
714757,雷科中信63購01,442870,1.66,1.66,1.46,1.46
714758,台燿國票67購01,559710,1.51,1.55,1.47,1.55
714759,東捷國票66購01,18500,1.85,1.85,1.85,1.85
714760,信昌電國票64購01,350770,1.41,1.41,1.28,1.28
714761,信昌電國票64購02,243860,1.62,1.62,1.5,1.5
714762,信昌電國票65購01,9040,1.84,1.84,1.76,1.76
714763,信昌電國票65購02,0,,,,
714764,信昌電國票66購01,0,,,,
714765,宣德國票66購01,0,,,,
714766,風青國票67購01,18350,1.21,1.24,1.21,1.24
714767,營邦國票65購01,0,,,,
714768,環球晶國票64購04,373920,4.02,4.53,2.58,4.35
714769,台燿統一65購02,2516520,1.1,1.1,0.85,0.94
714770,台燿統一69購01,2193160,1.05,1.05,0.94,1.01
714771,台燿統一69購02,281770,1.12,1.12,1.04,1.1
714772,台燿統一6C購01,25300,0.8,0.83,0.78,0.83
714773,台燿統一71購02,919480,0.99,0.99,0.94,0.98
714774,台燿統一79購01,808600,1.14,1.14,1.08,1.13
714775,印能統一69購01,15010,0.79,0.79,0.79,0.79
714776,金山電統一79購01,0,,,,
714777,青雲統一79購01,0,,,,
714778,信昌電統一68購03,5500,0.55,0.55,0.55,0.55
714779,台燿國泰64購01,367230,2.48,2.48,2.29,2.36
714780,台燿國泰64購02,4103370,2.17,2.28,2.04,2.26
714781,信昌電國泰64購03,61380,1.57,1.57,1.47,1.47
714782,元太富邦64購03,2034290,0.79,0.87,0.77,0.84
714783,台半富邦65購01,289860,1.02,1.02,0.93,0.93
714784,台燿富邦63購04,459180,1.61,1.61,1.48,1.55
714785,台燿富邦63購05,1895720,1.35,1.42,1.25,1.38
714786,金山電富邦65購01,813230,0.87,0.88,0.84,0.84
714787,晶呈富邦65購03,172800,1.34,1.46,1.34,1.39
714788,新應材富邦66購01,142740,0.98,0.98,0.94,0.94
714789,穩懋富邦67購01,1595110,1.6,1.62,1.5,1.5
714790,譜瑞富邦64購03,0,,,,
714791,印能台新63購04,13650,1.95,1.95,1.95,1.95
714792,茂綸台新63購03,0,,,,
714793,創新服台新65購02,45300,1.68,1.68,1.66,1.66
714794,富強鑫台新63購01,30640,1.28,1.28,1.24,1.24
714795,穩懋台新63購06,278100,7.35,7.35,6.75,6.75
714796,穩懋台新63購07,108350,5.9,5.9,5.45,5.45
714797,天品凱基63購01,90500,1.81,1.81,1.81,1.81
714798,台半凱基63購04,62800,2.6,2.6,2.4,2.4
714799,印能凱基63購04,0,,,,
714800,沛亨凱基63購05,297050,2.01,2.01,1.88,1.88
714801,良維凱基63購06,34760,3.03,3.25,3.03,3.25
714802,亞通凱基63購03,105670,2.7,2.71,2.7,2.71
714803,亞通凱基64購01,108750,3.02,3.03,3.02,3.03
714804,宜鼎凱基63購14,0,,,,
714805,昇達科凱基63購05,983640,2.79,2.94,2.74,2.94
714806,欣銓凱基63購03,4770,2.34,2.43,2.34,2.43
714807,威剛凱基63購15,0,,,,
714808,家登凱基63購05,330420,3.25,3.36,3.15,3.19
714809,頎邦凱基63購08,224110,1.93,2.07,1.93,2.07
714810,營邦凱基66購02,781820,2.52,2.99,2.52,2.89
714811,環球晶凱基68購01,169210,2.65,2.8,2.65,2.67
714812,穩懋凱基65購03,62970,4.6,4.6,4.31,4.31
714813,千附精統一79購01,0,,,,
714814,印能統一79購01,190940,1.75,1.79,1.75,1.77
714815,安碁統一69購01,9940,0.64,0.64,0.62,0.62
714816,均華統一79購01,0,,,,
714817,崴寶統一6C購01,0,,,,
714818,群聯統一69購03,91200,0.83,0.83,0.82,0.82
714819,茂綸國泰64購01,407330,1.62,1.67,1.61,1.66
714820,順達國泰64購01,28600,1.5,1.67,1.5,1.65
714821,環球晶國泰64購03,341100,3.13,3.27,3.04,3.27
714822,台燿富邦69購01,1163350,1.07,1.07,0.95,1.03
714823,台燿富邦79購01,191330,1.57,1.64,1.56,1.64
714824,沛亨富邦66購01,0,,,,
714825,家登富邦65購01,530470,1.11,1.15,1.07,1.07
714826,家登富邦65購02,559830,0.9,1.0,0.88,0.88
714827,順達富邦64購03,322460,0.73,0.86,0.7,0.86
714828,天品永豐63購01,341020,1.85,1.91,1.85,1.9
714829,世界永豐63購02,166480,3.12,3.22,3.11,3.11
714830,立端永豐63購01,55880,1.26,1.28,1.26,1.28
714831,宏碁資永豐64購01,72770,0.8,0.81,0.8,0.81
714832,青雲永豐64購02,0,,,,
714833,宣德永豐64購01,0,,,,
714834,晶宏永豐63購02,0,,,,
714835,群聯永豐63購11,16800,0.84,0.84,0.84,0.84
714836,穩懋永豐66購02,122990,1.75,1.77,1.64,1.65
714837,中美晶元大64購07,273160,1.87,1.95,1.87,1.88
714838,元太元大63購10,150580,0.8,0.89,0.8,0.89
714839,印能元大63購04,14880,0.93,0.93,0.93,0.93
714840,沛亨元大63購08,672000,1.49,1.49,1.45,1.45
714841,良維元大63購06,51640,1.98,2.0,1.97,1.99
714842,良維元大63購07,99730,2.15,2.18,2.14,2.16
714843,宜鼎元大66購02,14070,1.09,1.09,1.08,1.08
714844,東捷元大65購01,657930,0.99,0.99,0.96,0.96
714845,威剛元大63購17,101100,1.84,1.84,1.74,1.74
714846,家登元大63購03,64200,2.35,2.35,2.27,2.27
714847,家登元大64購03,1057580,2.24,2.24,2.06,2.06
714848,晶宏元大63購04,0,,,,
714849,群聯元大63購34,958910,1.65,1.67,1.65,1.65
714850,群聯元大67購01,350420,1.84,1.84,1.81,1.81
714851,群聯元大68購05,855980,2.18,2.18,2.13,2.13
714852,擎亞元大65購01,0,,,,
714853,營邦元大63購08,532530,1.51,1.83,1.51,1.83
714854,環球晶元大63購12,220680,2.53,2.89,2.53,2.72
714855,環球晶元大64購05,522020,2.61,2.96,2.61,2.84
714856,環球晶元大65購08,111470,1.8,2.14,1.79,2.14
714857,千附精國票65購02,0,,,,
714858,巨漢國票64購01,2097630,1.85,1.85,1.79,1.84
714859,印能國票64購02,0,,,,
714860,印能國票65購02,0,,,,
714861,宜鼎國票65購03,18000,0.9,0.9,0.9,0.9
714862,晶呈國票68購01,0,,,,
714863,M31群益63購03,0,,,,
714864,天品群益63購01,57500,2.3,2.3,2.3,2.3
714865,世界群益63購05,57600,1.92,1.92,1.92,1.92
714866,竹陞群益63購03,73020,1.41,1.41,1.39,1.39
714867,威剛群益63購13,95900,1.11,1.11,1.06,1.06
714868,威剛群益63購14,7150,1.43,1.43,1.43,1.43
714869,博盛群益63購02,90560,1.6,1.6,1.52,1.52
714870,順達群益63購08,2289190,2.8,3.69,2.73,3.65
714871,鈊象群益64購02,0,,,,
714872,新應材群益63購08,0,,,,
714873,新應材群益63購09,672500,4.42,4.42,4.26,4.35
714874,群聯群益63購16,391520,4.16,4.16,4.03,4.05
714875,頎邦群益64購01,7900,1.58,1.58,1.58,1.58
714876,臺慶科群益64購01,302950,1.47,1.61,1.43,1.6
714877,環球晶群益63購07,8160,4.08,4.08,4.08,4.08
714878,環球晶群益63購08,744390,2.62,3.14,2.62,2.85
714879,天品統一71購01,11850,0.79,0.79,0.79,0.79
714880,宏碁資統一69購01,0,,,,
714881,茂綸統一79購01,9660,0.69,0.69,0.69,0.69
714882,穩懋統一69購02,257880,1.01,1.02,1.01,1.02
714883,台半群益64購01,931730,2.05,2.05,1.9,1.9
714884,台燿群益64購01,1551730,2.29,2.4,2.1,2.36
714885,宏捷科群益63購04,1766220,1.77,1.85,1.64,1.8
714886,沛亨群益64購02,0,,,,
714887,欣銓群益63購04,411020,3.28,3.36,3.26,3.32
714888,家登群益63購09,129320,2.69,2.69,2.33,2.33
714889,營邦群益64購02,96930,0.76,0.87,0.76,0.87
714890,環球晶群益63購09,920700,3.18,3.46,2.95,3.42
714891,穩懋群益63購09,0,,,,
714892,宜鼎中信66購01,45430,0.59,0.59,0.57,0.57
714893,均華永豐64購02,84480,0.95,0.95,0.91,0.91
714894,宏捷科永豐63購02,233210,1.52,1.57,1.47,1.52
714895,宏捷科永豐64購02,350240,1.51,1.51,1.46,1.47
714896,良維永豐64購02,154870,2.26,2.48,2.26,2.48
714897,宜鼎永豐63購09,257910,1.31,1.32,1.29,1.29
714898,宜鼎永豐64購04,24320,3.04,3.04,3.04,3.04
714899,家登永豐63購05,274430,2.55,2.55,2.47,2.47
714900,群聯永豐63購12,0,,,,
714901,大綜元大63購01,449600,2.34,2.65,2.34,2.61
714902,台燿元大63購02,440340,1.89,1.99,1.85,1.95
714903,台燿元大63購03,511850,1.69,1.74,1.65,1.73
714904,台燿元大64購06,2032410,2.0,2.0,1.68,1.78
714905,台燿元大65購02,1484700,1.84,1.89,1.55,1.89
714906,印能元大63購05,8580,1.68,1.74,1.68,1.74
714907,沛亨元大63購09,354810,1.09,1.09,1.08,1.08
714908,宜鼎元大68購01,48450,0.97,0.97,0.96,0.96
714909,威剛元大63購18,790920,2.4,2.4,2.28,2.28
714910,家登元大63購04,16870,2.41,2.41,2.41,2.41
714911,家登元大64購04,255400,2.27,2.27,2.1,2.1
714912,晶宏元大63購05,0,,,,
714913,順達元大63購12,653080,1.34,1.62,1.34,1.62
714914,順達元大66購01,465360,1.25,1.49,1.25,1.48
714915,群聯元大63購35,315930,1.54,1.55,1.52,1.52
714916,群聯元大67購02,430910,1.58,1.6,1.57,1.6
714917,群聯元大68購06,482790,1.7,1.7,1.66,1.66
714918,德微元大63購02,718660,2.62,2.62,2.4,2.4
714919,營邦元大63購09,948860,1.56,1.81,1.53,1.76
714920,環球晶元大68購12,438890,2.16,2.41,2.16,2.27
714921,台半國票66購02,9360,1.17,1.17,1.17,1.17
714922,立端國票65購02,27300,0.91,0.91,0.91,0.91
714923,茂綸國票66購01,7520,0.94,0.94,0.94,0.94
714924,能率亞國票66購01,0,,,,
714925,翔名國票69購01,825550,1.05,1.06,1.0,1.0
714926,勤凱國票64購01,11680,2.75,3.05,2.75,3.05
714927,勤凱國票65購01,371880,2.78,3.32,2.77,3.02
714928,德微國票65購03,0,,,,
714929,穩懋國票6A購01,10850,2.17,2.17,2.17,2.17
714930,弘塑富邦63購04,553170,1.14,1.19,1.12,1.16
714931,良維富邦64購03,586480,0.78,0.87,0.76,0.87
714932,宜鼎富邦63購05,321390,0.74,0.74,0.7,0.7
714933,環球晶富邦63購02,510880,1.29,1.45,1.29,1.4
714934,順達國泰64購02,12320,1.76,1.76,1.76,1.76
714935,宏碁資台新63購01,220330,1.46,1.5,1.41,1.41
714936,宏碁資台新63購02,0,,,,
714937,東捷台新65購01,0,,,,
714938,高技台新63購02,371040,2.38,2.57,2.34,2.49
714939,創新服台新64購01,17880,1.11,1.14,1.11,1.14
714940,德微台新63購02,65720,2.12,2.12,2.12,2.12
714941,德微台新63購03,4530,1.51,1.54,1.48,1.48
714942,環球晶台新69購01,147340,1.32,1.44,1.3,1.4
714943,穩懋台新69購01,364880,1.57,1.57,1.52,1.52
714944,大綜凱基63購02,462760,3.04,3.4,3.04,3.4
714945,中美晶凱基63購09,38500,3.85,3.85,3.85,3.85
714946,宏捷科凱基63購04,1097760,1.71,1.89,1.69,1.86
714947,宏碁資凱基63購01,30400,0.76,0.76,0.76,0.76
714948,沛亨凱基64購02,0,,,,
714949,東捷凱基63購04,0,,,,
714950,茂綸凱基63購02,20480,1.58,1.58,1.55,1.55
714951,晶呈凱基63購02,208750,1.9,2.14,1.9,2.02
714952,群聯凱基65購02,86720,3.02,3.02,2.98,2.99
714953,擎亞凱基64購01,84600,1.88,1.88,1.88,1.88
714954,環球晶凱基64購05,41110,4.08,4.39,4.08,4.39
714955,台嘉碩台新66購01,42640,3.21,3.21,2.98,2.98
714956,立敦台新63購01,12320,3.08,3.08,3.08,3.08
714957,欣銓台新63購01,422610,4.89,5.05,4.79,5.0
714958,鈺創台新63購01,158200,1.72,1.76,1.72,1.76
714959,鈺創台新63購02,134800,3.37,3.37,3.37,3.37
714960,鈺創台新63購03,0,,,,
714961,鈺創台新63購04,0,,,,
714962,鈺創台新69購01,298450,1.0,1.01,1.0,1.01
714963,頎邦台新63購04,0,,,,
714964,霖宏台新63購01,0,,,,
714965,台燿凱基63購06,1759930,3.45,4.0,3.16,3.57
714966,印能凱基63購05,46750,2.07,2.15,2.06,2.15
714967,東捷凱基67購01,21600,2.16,2.16,2.16,2.16
714968,威剛凱基63購16,227190,1.77,1.77,1.69,1.69
714969,富喬凱基63購04,73500,2.45,2.45,2.45,2.45
714970,富喬凱基63購05,473790,2.14,2.26,1.93,1.93
714971,富喬凱基63購06,33160,2.19,2.19,2.02,2.07
714972,富喬凱基63購07,358000,2.15,2.2,2.0,2.0
714973,富喬凱基63購09,11350,2.27,2.27,2.27,2.27
714974,富喬凱基63購10,34200,2.28,2.28,2.28,2.28
714975,鈺創凱基63購01,0,,,,
714976,鈺創凱基63購02,22250,1.49,1.49,1.47,1.47
714977,鈺創凱基63購03,318000,1.7,1.8,1.62,1.68
714978,穩懋凱基63購12,26600,6.85,6.85,6.45,6.45
714979,天品國票64購01,7200,1.8,1.8,1.8,1.8
714980,台燿國票65購01,410970,1.45,1.5,1.43,1.48
714981,沛亨國票68購03,0,,,,
714982,原相國票64購01,3060,1.53,1.53,1.53,1.53
714983,創新服國票64購01,116140,1.42,1.42,1.4,1.4
714984,富喬國票64購02,12400,1.55,1.55,1.55,1.55
714985,富喬國票65購02,0,,,,
714986,華電網國票64購01,0,,,,
714987,鈺創國票65購01,66470,1.19,1.23,1.19,1.21
714988,霖宏國票65購01,0,,,,
714989,台燿元大65購03,1158090,2.14,2.2,2.03,2.17
714990,台燿元大68購01,192970,1.89,1.92,1.81,1.92
714991,竹陞元大66購01,0,,,,
714992,均華元大66購02,0,,,,
714993,宜鼎元大68購02,295950,0.91,0.91,0.89,0.89
714994,威剛元大63購19,139130,1.99,1.99,1.91,1.91
714995,風青元大63購01,263560,2.08,2.18,2.03,2.08
714996,富喬元大63購07,14690,0.86,0.87,0.86,0.87
714997,富喬元大63購08,668060,0.84,0.87,0.81,0.82
714998,晶宏元大63購06,27230,0.53,0.53,0.4,0.53
714999,群聯元大63購36,1163230,1.34,1.36,1.33,1.35
715000,群聯元大63購37,261600,1.4,1.42,1.38,1.38
715001,群聯元大64購16,329800,1.19,1.19,1.14,1.16
715002,鈺創元大63購01,0,,,,
715003,鈺創元大63購02,0,,,,
715004,霖宏元大63購01,112840,1.24,1.28,1.24,1.24
715005,擎亞元大66購01,52670,1.28,1.29,1.27,1.27
715006,營邦元大63購10,624090,0.78,0.91,0.78,0.88
715007,環球晶元大68購13,216740,2.68,2.99,2.68,2.88
715008,世界永豐63購03,2374460,1.31,1.4,1.31,1.34
715009,台嘉碩永豐63購01,6510,1.11,1.11,1.08,1.08
715010,台燿永豐63購06,116460,2.78,2.78,2.76,2.76
715011,台燿永豐64購05,281100,2.86,2.93,2.77,2.93
715012,伯特光永豐66購01,0,,,,
715013,東洋永豐64購01,0,,,,
715014,杰力永豐64購02,72510,0.86,0.87,0.86,0.86
715015,長佳智永豐63購01,0,,,,
715016,昱展永豐64購02,0,,,,
715017,茂綸永豐63購01,0,,,,
715018,博士旺永豐64購01,0,,,,
715019,富喬永豐63購03,183840,1.33,1.33,1.24,1.32
715020,富喬永豐63購04,267540,1.12,1.14,1.06,1.08
715021,富喬永豐63購05,123750,1.02,1.04,1.02,1.04
715022,富喬永豐64購03,251970,1.49,1.55,1.43,1.48
715023,智擎永豐64購01,0,,,,
715024,鈺創永豐63購01,246900,0.98,1.02,0.98,0.98
715025,鈺創永豐63購02,5050,1.01,1.01,1.01,1.01
715026,鈺創永豐63購03,137460,1.0,1.02,1.0,1.02
715027,鈺創永豐63購04,9900,0.99,0.99,0.99,0.99
715028,鈺創永豐64購01,311320,1.55,1.59,1.53,1.53
715029,廣穎永豐63購01,83830,0.83,0.83,0.83,0.83
715030,霖宏永豐63購01,32250,1.05,1.05,1.04,1.04
715031,環球晶永豐63購11,23280,1.91,2.09,1.91,2.09
715032,環球晶永豐63購12,1815250,2.74,3.37,2.67,3.01
715033,台燿中信63購02,304480,1.57,1.57,1.41,1.53
715034,富喬中信64購04,378140,0.75,0.82,0.74,0.78
715035,富喬國泰64購01,3610670,2.32,2.34,2.21,2.21
715036,富喬國泰64購02,406600,2.03,2.06,2.03,2.06
715037,宜鼎富邦63購06,64040,0.5,0.5,0.48,0.48
715038,富喬富邦63購02,409570,0.92,0.95,0.87,0.89
715039,德微富邦63購02,25610,0.84,0.84,0.77,0.78
715040,穩懋富邦66購01,180400,1.3,1.31,1.21,1.21
715041,M31群益63購04,60160,1.81,1.89,1.81,1.89
715042,中美晶群益63購07,164620,4.17,4.42,4.17,4.42
715043,弘塑群益64購02,812820,1.81,1.85,1.78,1.79
715044,印能群益64購01,143850,1.37,1.37,1.37,1.37
715045,欣銓群益63購05,175560,1.55,1.6,1.53,1.6
715046,環球晶群益63購10,2563810,3.09,3.58,3.03,3.27
715047,穩懋群益63購11,4307720,3.63,3.63,3.23,3.23
715048,譜瑞群益63購02,13340,1.33,1.34,1.33,1.34
715049,台半統一66購01,740,0.74,0.74,0.74,0.74
715050,台燿統一79購02,650970,1.01,1.02,0.97,1.02
715051,金山電統一6C購03,0,,,,
715052,富喬統一68購01,96990,0.67,0.72,0.67,0.69
715053,富喬統一69購01,1679880,0.78,0.81,0.74,0.75
715054,富喬統一6A購02,0,,,,
715055,富喬統一79購01,0,,,,
715056,群聯統一6B購02,27600,0.6,0.6,0.6,0.6
715057,鈺創統一68購01,159680,0.67,0.68,0.67,0.67
715058,鈺創統一69購01,415650,0.72,0.73,0.72,0.72
715059,鈺創統一71購01,23300,0.66,0.68,0.66,0.66
715060,鈺創統一79購01,897700,0.6,0.61,0.6,0.61
715061,旺矽台新63購01,308950,1.93,2.2,1.93,2.16
715062,旺矽台新63購02,69000,6.7,7.1,6.7,7.1
715063,旺矽台新63購03,96370,1.5,1.67,1.5,1.67
715064,旺矽台新63購04,262160,4.55,4.85,4.55,4.68
715065,旺矽台新63購05,0,,,,
715066,旺矽台新69購01,6900,1.73,1.73,1.71,1.71
715067,旺矽台新69購02,50520,1.48,1.49,1.48,1.49
715068,群聯台新69購01,46200,1.32,1.32,1.32,1.32
715069,群聯台新69購02,14560,1.12,1.12,1.12,1.12
715070,群聯台新69購03,0,,,,
715071,點序台新63購01,27720,2.08,2.08,1.89,1.89
715072,弘塑凱基63購09,855970,2.46,2.57,2.38,2.48
715073,印能凱基63購06,0,,,,
715074,竹陞凱基69購01,0,,,,
715075,均華凱基63購04,121570,1.02,1.07,0.98,0.98
715076,宜鼎凱基66購02,105010,1.85,1.86,1.83,1.84
715077,旺矽凱基63購03,728270,1.71,2.01,1.71,1.98
715078,旺矽凱基63購04,267960,1.94,2.24,1.94,2.24
715079,旺矽凱基63購05,155990,1.72,1.98,1.7,1.98
715080,旺矽凱基63購06,356080,2.22,2.5,2.22,2.5
715081,旺矽凱基63購07,160220,1.63,1.83,1.63,1.83
715082,旺矽凱基63購08,714030,2.08,2.26,2.05,2.22
715083,旺矽凱基65購01,0,,,,
715084,旺矽凱基65購02,48040,1.84,1.88,1.84,1.88
715085,旺矽凱基65購03,189130,2.19,2.44,2.17,2.37
715086,旺矽凱基67購01,1234330,1.89,2.11,1.89,2.06
715087,旺矽凱基67購02,1459020,2.32,2.56,2.32,2.49
715088,富喬凱基65購02,78100,1.91,2.0,1.85,1.85
715089,群聯凱基68購03,0,,,,
715090,頎邦凱基64購05,234000,1.17,1.17,1.17,1.17
715091,環球晶凱基63購05,0,,,,
715092,穩懋凱基63購14,227640,4.49,4.49,4.11,4.19
715093,譜瑞凱基65購03,50000,2.5,2.5,2.5,2.5
715094,大綜元大63購02,467850,2.23,2.55,2.23,2.38
715095,天品元大63購01,118150,1.39,1.39,1.39,1.39
715096,竹陞元大64購01,0,,,,
715097,竹陞元大66購02,0,,,,
715098,沛亨元大64購01,83660,0.47,0.47,0.47,0.47
715099,沛亨元大66購01,0,,,,
715100,旺矽元大63購01,1186000,1.2,1.33,1.18,1.3
715101,旺矽元大63購02,944180,1.13,1.24,1.11,1.2
715102,旺矽元大63購03,704670,0.93,1.02,0.91,1.02
715103,旺矽元大65購01,867900,1.31,1.43,1.3,1.41
715104,旺矽元大67購01,534830,1.34,1.47,1.34,1.47
715105,旺矽元大68購01,677080,1.47,1.58,1.46,1.55
715106,晶宏元大63購07,0,,,,
715107,雅特力元大63購06,0,,,,
715108,群聯元大63購38,717620,1.32,1.32,1.26,1.32
715109,群聯元大63購39,11470,1.29,1.29,1.27,1.27
715110,群聯元大66購08,64640,1.29,1.3,1.28,1.28
715111,營邦元大63購11,362210,1.04,1.2,1.04,1.2
715112,環球晶元大63購13,299700,2.86,3.24,2.86,2.98
715113,M31國票66購02,0,,,,
715114,大綜國票65購01,256310,2.2,2.52,2.2,2.46
715115,中美晶國票68購01,18240,1.52,1.52,1.52,1.52
715116,世界國票66購01,0,,,,
715117,安葆國票65購02,34630,1.94,1.94,1.91,1.92
715118,宏碁資國票68購01,35700,0.7,0.7,0.7,0.7
715119,良維國票69購02,0,,,,
715120,旺矽國票64購01,43520,1.44,1.48,1.44,1.48
715121,旺矽國票65購01,0,,,,
715122,旺矽國票66購01,0,,,,
715123,旺矽國票67購02,0,,,,
715124,欣銓國票67購01,0,,,,
715125,青雲國票64購02,0,,,,
715126,青雲國票65購02,0,,,,
715127,華景電國票65購03,22970,1.04,1.05,1.04,1.05
715128,聖暉*國票65購04,68310,1.11,1.17,1.11,1.17
715129,頎邦國票6A購01,0,,,,
715130,穩懋國票6C購01,41120,1.34,1.34,1.28,1.28
715131,大綜群益64購01,654170,2.0,2.23,2.0,2.16
715132,中美晶群益63購08,286870,1.79,1.92,1.74,1.75
715133,台星科群益63購01,918840,1.92,2.31,1.92,2.14
715134,巨漢群益63購01,242860,1.97,1.97,1.91,1.91
715135,安碁群益63購01,0,,,,
715136,竹陞群益63購04,0,,,,
715137,均華群益63購04,70700,0.95,0.95,0.9,0.9
715138,良維群益63購04,1144430,1.75,1.93,1.66,1.93
715139,宜鼎群益63購09,264090,1.12,1.12,1.06,1.06
715140,旺矽群益63購02,385350,1.91,2.17,1.91,2.15
715141,旺矽群益63購03,6284700,2.07,2.33,2.07,2.24
715142,旺矽群益63購04,2221190,3.06,3.45,3.06,3.29
715143,東捷群益63購04,54300,2.0,2.0,1.83,1.83
715144,南俊群益64購01,315170,1.29,1.42,1.25,1.35
715145,順達群益63購09,61800,1.14,1.28,1.14,1.26
715146,群聯群益63購17,86060,1.64,1.64,1.6,1.6
715147,聖暉*群益63購02,346810,1.63,1.78,1.63,1.78
715148,鈺創群益63購01,525140,1.35,1.49,1.35,1.44
715149,鈺創群益64購01,302330,1.71,1.79,1.71,1.75
715150,頎邦群益63購07,91400,0.87,0.96,0.87,0.96
715151,頎邦群益63購08,0,,,,
715152,環球晶群益63購11,175130,2.63,2.82,2.63,2.79
715153,順達國泰64購03,84470,1.21,1.47,1.21,1.47
715154,世界富邦66購01,286180,0.84,0.9,0.84,0.87
715155,均華富邦65購02,580090,0.64,0.64,0.58,0.59
715156,旺矽富邦65購01,554480,0.88,0.96,0.88,0.94
715157,旺矽富邦69購01,225400,1.25,1.33,1.2,1.32
715158,昇達科富邦67購01,655110,0.96,1.06,0.93,1.0
715159,原相富邦63購01,34750,0.67,0.67,0.65,0.65
715160,富喬富邦6C購01,297700,0.77,0.82,0.76,0.77
715161,新應材富邦69購01,138060,0.89,0.89,0.87,0.87
715162,德微富邦63購03,66400,0.83,0.83,0.83,0.83
715163,中美晶統一69購01,321850,0.83,0.87,0.81,0.82
715164,世界統一69購01,0,,,,
715165,台嘉碩統一69購01,150840,0.76,0.76,0.72,0.72
715166,竹陞統一79購01,0,,,,
715167,旺矽統一67購01,427860,1.11,1.19,1.1,1.14
715168,旺矽統一67購02,400800,1.42,1.51,1.37,1.51
715169,東捷統一6C購01,0,,,,
715170,欣銓統一6C購02,6300,0.63,0.63,0.63,0.63
715171,群聯統一69購04,0,,,,
715172,鈺創統一69購02,173880,0.71,0.74,0.71,0.74
715173,霖宏統一71購01,0,,,,
715174,環球晶統一69購01,245660,0.96,1.05,0.93,0.99
715175,世界中信66購01,793020,1.1,1.17,1.07,1.12
715176,旺矽中信63購01,103050,0.57,0.64,0.56,0.61
715177,順達中信63購01,837030,0.62,0.84,0.58,0.81
715178,群聯中信63購03,38210,0.57,0.58,0.57,0.58
715179,天品永豐66購01,365090,1.24,1.25,1.24,1.25
715180,均華永豐65購01,24960,0.96,0.96,0.96,0.96
715181,宏碁資永豐63購02,102830,0.67,0.72,0.67,0.72
715182,良維永豐64購03,28160,1.76,1.76,1.76,1.76
715183,旺矽永豐63購01,28340,1.09,1.09,1.09,1.09
715184,旺矽永豐63購02,39500,0.79,0.79,0.79,0.79
715185,旺矽永豐63購03,3750,0.75,0.75,0.75,0.75
715186,旺矽永豐66購01,112170,1.33,1.34,1.33,1.34
715187,旺矽永豐66購02,190900,1.15,1.15,1.15,1.15
715188,旺矽永豐69購01,56590,1.61,1.62,1.61,1.62
715189,昇達科永豐64購01,346230,1.18,1.25,1.14,1.22
715190,欣銓永豐63購02,10000,1.0,1.0,1.0,1.0
715191,倚強永豐63購01,28590,4.44,4.83,4.44,4.83
715192,創新服永豐63購02,0,,,,
715193,富喬永豐65購03,244660,1.06,1.06,0.99,1.05
715194,聖暉*永豐63購03,162600,1.48,1.53,1.48,1.52
715195,頎邦永豐65購03,0,,,,
715196,穩懋永豐63購09,363180,1.47,1.47,1.33,1.34
715197,台星科台新63購01,572570,1.63,1.82,1.63,1.82
715198,安碁台新63購01,0,,,,
715199,沛亨台新64購01,0,,,,
715200,旺矽台新63購06,69850,2.69,2.82,2.69,2.82
715201,欣銓台新63購03,147660,1.29,1.35,1.28,1.35
715202,欣銓台新63購04,1599700,1.17,1.26,1.17,1.22
715203,威剛台新63購05,13800,0.92,0.92,0.92,0.92
715204,威剛台新63購06,0,,,,
715205,威剛台新66購03,14130,1.57,1.57,1.57,1.57
715206,宸曜台新66購01,0,,,,
715207,宸曜台新69購01,0,,,,
715208,富喬台新63購01,278830,1.78,1.82,1.67,1.8
715209,富喬台新63購02,236770,1.73,1.8,1.73,1.78
715210,順達台新65購01,11060,1.58,1.58,1.58,1.58
715211,新盛力台新63購01,39680,1.24,1.24,1.24,1.24
715212,新盛力台新66購01,163710,1.0,1.09,1.0,1.09
715213,新盛力台新69購01,18590,1.43,1.43,1.43,1.43
715214,點序台新66購01,0,,,,
715215,M31凱基65購01,0,,,,
715216,大綜凱基64購01,427180,2.45,2.71,2.36,2.62
715217,中美晶凱基63購10,24000,2.4,2.4,2.4,2.4
715218,世界凱基63購08,1574770,2.42,2.62,2.42,2.44
715219,台星科凱基64購01,91620,1.05,1.26,1.03,1.22
715220,均華凱基67購01,165920,1.71,1.76,1.68,1.76
715221,沛亨凱基66購01,45000,1.5,1.5,1.5,1.5
715222,良維凱基69購02,41150,2.02,2.07,2.02,2.07
715223,宜鼎凱基66購03,0,,,,
715224,欣銓凱基65購02,59290,0.87,0.89,0.87,0.89
715225,青雲凱基64購02,0,,,,
715226,倚強凱基63購02,112890,2.73,3.15,2.73,3.15
715227,順達凱基63購11,149430,1.63,2.09,1.59,2.09
715228,新盛力凱基63購01,60450,1.6,1.95,1.57,1.95
715229,新盛力凱基63購02,1846300,1.86,1.86,1.84,1.84
715230,新盛力凱基63購03,0,,,,
715231,群聯凱基67購02,111840,2.8,2.8,2.76,2.76
715232,聖暉*凱基63購04,300320,2.34,2.47,2.34,2.45
715233,頎邦凱基63購09,223200,1.2,1.2,1.2,1.2
715234,頎邦凱基63購10,2420,1.21,1.21,1.21,1.21
715235,營邦凱基65購01,943610,1.79,2.15,1.79,2.08
715236,環球晶凱基66購01,130720,3.62,3.62,3.43,3.43
715237,立端國票66購01,0,,,,
715238,東捷國票65購01,0,,,,
715239,家登國票64購03,188240,1.85,1.87,1.8,1.8
715240,高僑國票65購02,0,,,,
715241,博盛國票68購01,0,,,,
715242,順達國票69購01,10900,1.09,1.09,1.09,1.09
715243,新盛力國票64購01,434650,1.98,2.15,1.98,2.14
715244,新盛力國票65購01,808000,2.02,2.02,2.02,2.02
715245,群聯國票68購02,0,,,,
715246,磐亞國票64購01,44400,1.11,1.11,1.11,1.11
715247,聰泰國票65購01,22750,0.65,0.65,0.65,0.65
715248,中美晶永豐63購02,0,,,,
715249,世界永豐63購04,329040,2.45,2.57,2.45,2.47
715250,富喬永豐64購04,321470,0.93,0.95,0.9,0.95
715251,華景電永豐64購01,155430,1.79,1.8,1.75,1.78
715252,新盛力永豐63購02,50450,1.2,1.3,1.19,1.3
715253,新盛力永豐64購01,27880,1.64,1.64,1.64,1.64
715254,新盛力永豐65購01,40500,1.62,1.62,1.62,1.62
715255,新應材永豐66購03,0,,,,
715256,頎邦永豐66購02,137190,1.26,1.27,1.22,1.27
715257,旺矽中信63購02,451490,0.76,0.83,0.71,0.8
715258,環球晶中信63購02,422560,1.14,1.14,1.07,1.13
715259,千附精元大65購01,143360,1.28,1.28,1.28,1.28
715260,天品元大63購02,540290,1.43,1.44,1.41,1.41
715261,竹陞元大63購04,3980,0.99,1.0,0.99,1.0
715262,竹陞元大64購02,0,,,,
715263,竹陞元大67購01,61880,0.95,0.95,0.93,0.93
715264,宏碁資元大63購01,371080,1.41,1.41,1.32,1.32
715265,宜鼎元大63購17,243740,0.8,0.8,0.79,0.79
715266,宜鼎元大63購18,151840,0.67,0.67,0.63,0.63
715267,旺矽元大65購02,1002280,1.65,1.87,1.65,1.79
715268,旺矽元大67購02,272580,1.46,1.56,1.46,1.56
715269,旺矽元大68購02,527090,1.34,1.45,1.33,1.45
715270,東捷元大63購05,192050,1.22,1.22,1.14,1.14
715271,東捷元大63購06,59920,1.07,1.07,1.07,1.07
715272,東捷元大63購07,0,,,,
715273,東捷元大66購01,0,,,,
715274,威剛元大67購03,124080,1.41,1.41,1.41,1.41
715275,倚強元大63購01,87970,1.68,2.19,1.65,2.19
715276,富喬元大63購10,32790,0.96,1.01,0.96,0.96
715277,富喬元大63購11,431020,0.87,0.89,0.86,0.87
715278,富喬元大63購12,74840,0.69,0.71,0.66,0.68
715279,富喬元大64購07,268680,0.73,0.75,0.69,0.71
715280,新盛力元大69購01,1142370,1.5,1.69,1.5,1.66
715281,群聯元大63購40,699490,1.06,1.06,1.01,1.03
715282,群聯元大66購09,124000,0.62,0.62,0.62,0.62
715283,雷科元大66購01,0,,,,
715284,雷科元大69購01,0,,,,
715285,鈺創元大63購03,4320,1.08,1.08,1.08,1.08
715286,鈺創元大63購04,52930,0.68,0.68,0.66,0.66
715287,磐亞元大63購01,2508620,2.38,2.74,2.28,2.74
715288,環球晶元大63購14,663050,2.59,3.02,2.43,2.8
715289,宜鼎群益63購10,202490,1.26,1.26,1.2,1.2
715290,宜鼎群益63購11,285680,1.07,1.07,1.03,1.03
715291,旺矽群益65購01,169370,0.94,1.04,0.91,1.04
715292,宣德群益63購01,0,,,,
715293,倚強群益63購02,157970,3.49,4.79,3.49,4.79
715294,高僑群益63購01,0,,,,
715295,新盛力群益63購02,1012800,1.41,1.59,1.41,1.57
715296,新盛力群益63購03,2452490,1.35,1.64,1.33,1.64
715297,群聯群益63購18,21100,2.11,2.11,2.11,2.11
715298,頎邦群益63購10,9030,3.01,3.01,3.01,3.01
715299,環球晶群益64購02,196660,2.06,2.65,2.06,2.35
715300,中美晶國泰64購02,33200,1.66,1.66,1.66,1.66
715301,宜鼎國泰64購01,29830,1.57,1.57,1.57,1.57
715302,旺矽國泰64購01,273280,1.12,1.23,1.12,1.23
715303,新盛力國泰64購01,4566860,1.84,2.11,1.74,2.1
715304,新盛力國泰64購02,318810,1.4,1.71,1.4,1.71
715305,德微國泰64購02,6590,1.67,1.67,1.63,1.63
715306,旺矽富邦66購01,735850,1.03,1.08,1.03,1.05
715307,創新服富邦64購01,31450,0.62,0.63,0.61,0.62
715308,鈊象富邦66購02,0,,,,
715309,新盛力富邦65購01,938860,0.83,0.92,0.8,0.92
715310,新盛力富邦66購01,152950,0.67,0.77,0.64,0.77
715311,頎邦富邦63購04,1260,0.42,0.42,0.42,0.42
715312,旺矽統一63購07,393530,1.09,1.09,1.05,1.08
715313,東捷統一79購01,0,,,,
715314,欣銓統一65購05,0,,,,
715315,欣銓統一69購02,0,,,,
715316,富喬統一6C購03,169740,0.61,0.62,0.61,0.61
715317,富喬統一6C購04,0,,,,
715318,新盛力統一67購02,33370,0.79,0.8,0.79,0.8
715319,新盛力統一69購02,343340,0.68,0.76,0.68,0.76
715320,新盛力統一71購01,0,,,,
715321,新盛力統一79購01,371680,0.82,0.86,0.82,0.85
715322,鈺創統一6C購01,69800,0.59,0.59,0.58,0.58
715323,頎邦統一6C購02,147340,0.53,0.53,0.53,0.53
715324,M31台新63購02,44880,1.87,1.87,1.87,1.87
715325,中美晶台新63購04,24720,1.71,1.77,1.71,1.77
715326,天品台新63購01,163800,2.1,2.1,2.1,2.1
715327,天品台新65購01,43000,2.15,2.15,2.15,2.15
715328,世界台新63購03,153100,2.81,3.06,2.81,3.06
715329,世界台新63購04,397510,2.37,2.66,2.37,2.5
715330,光焱台新64購01,216000,1.08,1.08,1.08,1.08
715331,安葆台新65購01,0,,,,
715332,安葆台新65購02,0,,,,
715333,旺矽台新63購07,745660,4.11,4.57,4.05,4.57
715334,旺矽台新63購08,236230,2.91,3.23,2.91,3.23
715335,南俊台新63購03,111440,1.38,1.46,1.33,1.41
715336,倚強台新65購01,0,,,,
715337,富喬台新63購05,305370,1.57,1.58,1.49,1.49
715338,富喬台新63購06,193110,1.68,1.68,1.51,1.53
715339,順達台新66購01,13950,1.55,1.55,1.55,1.55
715340,新盛力台新63購02,485090,2.85,3.41,2.78,3.41
715341,萬泰科台新63購01,136210,2.6,2.6,2.39,2.39
715342,雷科台新63購01,0,,,,
715343,頎邦台新63購06,145000,2.03,2.3,2.03,2.26
715344,環球晶台新64購03,604600,16.1,19.0,16.1,18.0
715345,環球晶台新64購04,493500,12.5,13.3,12.4,12.4
715346,M31凱基63購05,17000,1.7,1.7,1.7,1.7
715347,光頡凱基63購04,454340,3.14,3.4,2.94,3.02
715348,光頡凱基66購01,258020,2.44,2.56,2.29,2.29
715349,安葆凱基63購02,0,,,,
715350,宜鼎凱基64購04,0,,,,
715351,旺矽凱基65購04,290690,2.53,2.8,2.51,2.8
715352,金山電凱基63購03,687710,1.61,1.61,1.58,1.58
715353,金山電凱基63購04,37800,1.78,1.83,1.78,1.83
715354,威剛凱基66購01,69390,1.83,1.83,1.82,1.82
715355,倚強凱基63購03,50460,1.83,2.1,1.78,2.1
715356,博智凱基63購07,24220,1.13,1.2,1.13,1.2
715357,富喬凱基65購03,33060,1.74,1.74,1.74,1.74
715358,富喬凱基67購01,156970,1.83,1.83,1.72,1.72
715359,群聯凱基63購23,0,,,,
715360,群聯凱基69購02,17700,1.77,1.77,1.77,1.77
715361,頎邦凱基63購11,0,,,,
715362,德微凱基63購03,198150,1.96,1.96,1.91,1.91
715363,環球晶凱基64購06,690920,2.01,2.25,1.91,2.23
715364,M31國票69購01,0,,,,
715365,台星科國票66購01,37320,1.08,1.1,1.08,1.1
715366,安葆國票6A購01,0,,,,
715367,茂綸國票6A購01,0,,,,
715368,富喬康和63購01,0,,,,
715369,天品元大63購03,0,,,,
715370,光頡元大65購01,60670,1.81,1.92,1.81,1.92
715371,光頡元大66購01,136310,1.72,1.82,1.69,1.79
715372,光頡元大69購01,109350,0.93,0.98,0.89,0.89
715373,旺矽元大63購05,501190,1.36,1.48,1.33,1.48
715374,旺矽元大63購06,949990,2.07,2.32,2.07,2.29
715375,旺矽元大63購07,674920,1.67,1.86,1.65,1.86
715376,東捷元大63購08,238080,1.31,1.31,1.3,1.3
715377,東捷元大63購09,173070,1.06,1.07,1.06,1.07
715378,東捷元大63購10,619850,0.98,0.98,0.95,0.96
715379,東捷元大66購02,0,,,,
715380,欣銓元大63購06,733340,1.3,1.34,1.26,1.34
715381,欣銓元大65購02,962470,0.92,0.95,0.9,0.94
715382,欣銓元大66購01,256040,0.51,0.53,0.51,0.53
715383,倚強元大63購02,0,,,,
715384,富喬元大63購13,87110,1.06,1.06,1.01,1.01
715385,富喬元大63購14,241800,0.93,0.93,0.93,0.93
715386,晶呈元大63購02,524250,1.05,1.17,1.01,1.09
715387,群聯元大63購41,2400,1.2,1.2,1.2,1.2
715388,群聯元大63購42,2220,1.11,1.11,1.11,1.11
715389,群聯元大63購43,69640,1.02,1.04,1.02,1.04
715390,環球晶元大63購15,2005000,0.99,1.23,0.99,1.11
715391,光頡中信63購02,1055880,0.93,1.02,0.93,0.93
715392,欣銓中信66購01,0,,,,
715393,高技中信63購01,227280,0.76,0.83,0.76,0.79
715394,環球晶中信64購01,1548170,1.1,1.34,1.08,1.23
715395,M31永豐64購02,0,,,,
715396,世界永豐66購02,384820,2.43,2.65,2.43,2.49
715397,旺矽永豐67購01,87690,1.17,1.26,1.17,1.23
715398,旺矽永豐67購02,73330,0.97,1.09,0.97,1.09
715399,欣銓永豐63購03,81920,1.03,1.05,1.03,1.05
715400,倚強永豐63購02,0,,,,
715401,新盛力永豐66購01,593280,1.01,1.15,1.01,1.14
715402,碩禾永豐64購01,75810,0.68,0.68,0.67,0.67
715403,光頡國泰64購03,107190,2.43,2.54,2.43,2.54
715404,易發國泰64購01,13200,1.32,1.32,1.32,1.32
715405,威剛國泰64購01,0,,,,
715406,胡連國泰64購01,184130,1.04,1.05,1.04,1.05
715407,東捷富邦64購01,192220,0.73,0.73,0.68,0.69
715408,欣銓富邦63購02,27530,0.32,0.33,0.31,0.33
715409,群聯富邦65購09,331080,0.68,0.68,0.67,0.67
715410,群聯富邦66購03,45740,0.72,0.72,0.71,0.71
715411,頎邦富邦65購03,195830,0.62,0.65,0.59,0.64
715412,頎邦富邦66購02,310830,0.59,0.61,0.55,0.61
715413,環球晶富邦63購03,269450,1.11,1.16,1.11,1.16
715414,M31統一79購01,0,,,,
715415,光頡統一69購02,515200,0.92,0.98,0.89,0.89
715416,光頡統一79購02,0,,,,
715417,光頡統一79購03,42000,0.84,0.84,0.84,0.84
715418,安葆統一74購02,0,,,,
715419,均華統一6C購02,31000,0.62,0.62,0.62,0.62
715420,亞信統一6C購01,0,,,,
715421,昇達科統一69購01,301940,0.97,1.06,0.95,1.04
715422,欣銓統一69購03,0,,,,
715423,金山電統一79購02,0,,,,
715424,茂迪統一67購03,0,,,,
715425,高僑統一6C購01,0,,,,
715426,新盛力統一6B購01,111600,0.7,0.72,0.7,0.72
715427,頎邦統一79購01,178430,0.56,0.57,0.56,0.57
715428,M31群益63購05,1210000,1.21,1.21,1.21,1.21
715429,中美晶群益63購09,587560,2.37,2.61,2.37,2.52
715430,世界群益63購07,325100,1.38,1.52,1.35,1.42
715431,台特化群益6A購01,0,,,,
715432,弘塑群益63購07,48400,1.05,1.06,1.05,1.06
715433,光頡群益66購02,118450,2.2,2.27,2.2,2.25
715434,光頡群益69購01,1159870,3.23,3.39,3.16,3.22
715435,均豪群益63購02,16440,1.37,1.37,1.37,1.37
715436,旺矽群益68購01,66720,1.14,1.19,1.14,1.15
715437,朋程群益65購01,0,,,,
715438,欣銓群益66購01,0,,,,
715439,欣銓群益67購01,0,,,,
715440,倚強群益65購02,0,,,,
715441,順達群益64購01,194760,1.16,1.43,1.06,1.43
715442,新盛力群益66購01,981010,1.68,1.95,1.68,1.92
715443,新盛力群益69購01,422590,3.22,3.65,3.22,3.61
715444,新應材群益67購01,37570,0.94,0.94,0.91,0.91
715445,群聯群益63購19,36350,1.35,1.35,1.34,1.34
715446,頎邦群益63購11,0,,,,
715447,德微群益63購02,5260,2.63,2.63,2.63,2.63
715448,營邦群益65購02,42720,0.66,0.74,0.66,0.74
715449,M31凱基66購01,0,,,,
715450,台星科凱基65購01,393960,1.38,1.61,1.35,1.57
715451,光頡凱基63購05,287020,1.96,2.14,1.96,2.13
715452,安葆凱基63購03,0,,,,
715453,宜鼎凱基65購03,48380,1.18,1.18,1.18,1.18
715454,宜鼎凱基69購01,42120,1.62,1.62,1.62,1.62
715455,高技凱基64購01,232260,1.96,2.04,1.92,1.92
715456,富喬凱基65購04,124260,1.83,1.83,1.68,1.68
715457,順達凱基63購12,77510,1.46,1.79,1.39,1.79
715458,順達凱基66購02,64320,1.51,1.81,1.51,1.81
715459,新盛力凱基63購04,0,,,,
715460,聖暉*凱基68購01,22880,1.87,1.99,1.87,1.99
715461,德微凱基63購04,0,,,,
715462,環球晶凱基65購01,14050,2.81,2.81,2.81,2.81
715463,環球晶凱基69購03,10970,1.79,1.89,1.79,1.8
715464,光頡中信67購01,0,,,,
715465,旺矽中信63購03,74560,0.63,0.68,0.63,0.68
715466,環球晶中信63購03,444520,1.86,2.35,1.78,2.1
715467,九暘永豐64購02,0,,,,
715468,川寶永豐64購01,45950,1.03,1.03,1.02,1.02
715469,安葆永豐64購03,12320,1.76,1.76,1.76,1.76
715470,威剛永豐63購04,40330,1.45,1.45,1.42,1.42
715471,威剛永豐64購04,15450,1.03,1.03,1.03,1.03
715472,龍巖永豐63購01,2280,1.14,1.14,1.14,1.14
715473,川寶台新63購01,4680,0.59,0.59,0.57,0.59
715474,川寶台新63購02,27000,0.51,0.51,0.47,0.47
715475,安葆台新63購02,0,,,,
715476,博智台新63購01,37200,1.2,1.2,1.2,1.2
715477,博智台新64購01,0,,,,
715478,富喬台新66購01,144890,2.28,2.28,2.11,2.18
715479,廣閎科台新63購02,0,,,,
715480,德微台新64購02,46500,1.5,1.5,1.5,1.5
715481,M31元大63購04,0,,,,
715482,M31元大63購05,0,,,,
715483,M31元大65購02,7900,0.79,0.79,0.79,0.79
715484,M31元大69購01,0,,,,
715485,世界元大63購10,130050,1.26,1.35,1.26,1.35
715486,印能元大63購06,103740,1.82,1.82,1.82,1.82
715487,均華元大63購08,0,,,,
715488,旺矽元大63購08,644120,1.75,1.92,1.71,1.92
715489,旺矽元大63購09,384120,0.83,0.89,0.83,0.89
715490,欣銓元大65購03,772620,1.31,1.34,1.28,1.33
715491,建榮元大63購02,0,,,,
715492,茂綸元大66購01,21310,0.82,0.82,0.81,0.81
715493,高技元大63購11,216690,1.73,1.88,1.73,1.88
715494,富喬元大63購15,34980,0.66,0.66,0.66,0.66
715495,富喬元大63購16,0,,,,
715496,新盛力元大63購01,97670,1.86,2.18,1.85,2.17
715497,新盛力元大67購01,63140,1.48,1.69,1.48,1.69
715498,新盛力元大69購02,57040,1.54,1.55,1.54,1.55
715499,群聯元大69購03,153300,1.66,1.66,1.61,1.63
715500,環球晶元大63購16,670850,1.19,1.38,1.19,1.32
715501,環球晶元大63購17,548240,1.35,1.53,1.27,1.4
715502,環球晶元大66購06,324460,1.54,1.63,1.54,1.62
715503,環球晶元大67購05,520490,1.13,1.28,1.1,1.21
715504,川寶國票65購03,0,,,,
715505,光頡國票64購02,211570,1.61,1.73,1.6,1.73
715506,安葆國票67購01,0,,,,
715507,宜鼎國票6A購01,0,,,,
715508,昇達科國票66購01,522170,2.15,2.28,2.07,2.16
715509,創泓國票63購02,0,,,,
715510,富喬國票64購03,0,,,,
715511,雷科國票65購02,4490,2.26,2.26,2.23,2.23
715512,廣閎科國票66購01,0,,,,
715513,德微國票66購01,1820,0.91,0.91,0.91,0.91
715514,環球晶國票64購05,0,,,,
715515,環球晶國票65購02,921440,3.38,3.72,3.38,3.45
715516,光頡群益66購03,51650,2.03,2.09,2.03,2.09
715517,宜鼎群益64購02,306060,1.53,1.53,1.49,1.49
715518,旺矽群益64購01,3750,0.75,0.75,0.75,0.75
715519,南俊群益65購01,357570,3.04,3.16,3.03,3.03
715520,威剛群益68購01,0,,,,
715521,新盛力群益66購02,539030,1.76,1.94,1.76,1.91
715522,群聯群益63購20,44370,1.88,1.88,1.84,1.85
715523,德微群益64購01,438000,0.73,0.73,0.73,0.73
715524,環球晶群益64購03,3866820,3.54,3.98,3.45,3.68
715525,光頡國泰64購04,140610,1.55,1.58,1.55,1.58
715526,宏捷科國泰64購02,6500,2.2,2.2,2.1,2.1
715527,旺矽國泰64購02,149640,0.98,1.08,0.98,1.08
715528,博智國泰64購01,32550,1.55,1.55,1.55,1.55
715529,富喬國泰64購03,135500,1.66,1.66,1.59,1.59
715530,富喬國泰64購04,244480,1.45,1.49,1.33,1.39
715531,M31統一79購02,6800,0.68,0.68,0.68,0.68
715532,台星科統一69購01,448170,0.69,0.76,0.69,0.76
715533,光頡統一69購03,0,,,,
715534,光頡統一69購04,0,,,,
715535,宜鼎統一68購01,0,,,,
715536,金山電統一6C購04,13100,0.66,0.66,0.65,0.65
715537,環球晶統一6C購02,341500,1.02,1.11,0.99,1.06
715538,M31富邦65購03,0,,,,
715539,M31富邦66購01,0,,,,
715540,印能富邦65購03,86570,0.7,0.73,0.7,0.73
715541,印能富邦66購01,69920,0.62,0.62,0.6,0.6
715542,宜鼎富邦69購01,12650,0.64,0.64,0.62,0.62
715543,順達富邦66購01,533080,0.67,0.72,0.64,0.72
715544,鈊象富邦65購02,0,,,,
715545,M31台新63購03,0,,,,
715546,天品台新63購02,77970,1.13,1.13,1.13,1.13
715547,安葆台新63購03,0,,,,
715548,倚強台新63購02,0,,,,
715549,鈊象台新63購02,10250,2.05,2.05,2.05,2.05
715550,雷科台新65購01,2200,2.2,2.2,2.2,2.2
715551,M31凱基63購06,0,,,,
715552,川寶凱基65購01,20600,1.03,1.03,1.03,1.03
715553,天品凱基63購02,45540,1.38,1.38,1.38,1.38
715554,尼克森凱基63購01,0,,,,
715555,光頡凱基63購06,2770960,1.63,1.77,1.53,1.53
715556,光頡凱基65購02,460920,1.93,2.03,1.79,1.79
715557,光頡凱基65購03,209920,2.1,2.18,2.06,2.16
715558,宏捷科凱基63購05,136620,1.95,2.14,1.95,2.14
715559,宏捷科凱基66購01,123450,1.95,2.01,1.93,2.0
715560,宜鼎凱基63購15,80640,1.52,1.52,1.44,1.44
715561,昇達科凱基65購01,385330,2.05,2.2,1.99,1.99
715562,昇達科凱基66購01,159180,2.55,2.82,2.55,2.69
715563,威剛凱基63購17,9917980,2.8,2.8,2.39,2.4
715564,威剛凱基63購18,0,,,,
715565,威剛凱基66購02,42630,2.03,2.03,2.03,2.03
715566,新盛力凱基66購01,0,,,,
715567,新盛力凱基66購02,0,,,,
715568,群聯凱基63購24,33480,1.61,1.61,1.58,1.58
715569,群聯凱基63購25,13500,1.5,1.5,1.5,1.5
715570,群聯凱基63購26,19700,1.8,1.8,1.79,1.79
715571,群聯凱基65購03,51330,1.96,2.0,1.96,1.99
715572,群聯凱基65購04,56650,2.0,2.05,2.0,2.01
715573,雷科凱基69購01,53200,1.33,1.33,1.33,1.33
715574,鈺太凱基63購02,0,,,,
715575,M31元大63購06,0,,,,
715576,M31元大63購07,0,,,,
715577,M31元大63購09,0,,,,
715578,M31元大65購03,0,,,,
715579,M31元大65購04,0,,,,
715580,大綜元大63購03,236460,2.37,2.55,2.25,2.55
715581,光頡元大63購08,59340,0.69,0.69,0.69,0.69
715582,安葆元大63購01,105500,1.09,1.17,1.08,1.08
715583,安葆元大63購02,147120,1.17,1.26,1.15,1.21
715584,安葆元大63購03,0,,,,
715585,安葆元大65購01,0,,,,
715586,旺矽元大63購10,887040,2.63,2.9,2.58,2.88
715587,旺矽元大63購11,789150,2.26,2.51,2.26,2.51
715588,旺矽元大63購12,354330,0.83,0.92,0.82,0.92
715589,茂綸元大66購02,3833000,0.78,0.81,0.78,0.8
715590,倚強元大63購03,0,,,,
715591,富喬元大69購01,167300,0.74,0.77,0.71,0.72
715592,新盛力元大63購02,467430,1.47,1.65,1.47,1.65
715593,群聯元大69購04,149440,1.43,1.44,1.42,1.44
715594,雷科元大63購04,34200,1.66,1.66,1.6,1.6
715595,雷科元大63購05,38390,1.81,1.81,1.64,1.64
715596,雷科元大63購06,72190,1.7,1.7,1.65,1.65
715597,雷科元大65購01,61020,1.72,1.74,1.67,1.67
715598,雷科元大68購01,95480,1.03,1.03,0.98,0.99
715599,雷科元大68購02,378650,0.95,0.97,0.93,0.93
715600,廣閎科元大66購01,96000,0.61,0.62,0.61,0.62
715601,德微元大63購03,61750,1.89,1.89,1.86,1.87
715602,德微元大65購01,12670,1.81,1.81,1.81,1.81
715603,德微元大66購01,0,,,,
715604,宏捷科中信63購02,436710,1.2,1.2,1.13,1.15
715605,旺矽中信68購01,410430,1.25,1.38,1.25,1.37
715606,鈊象中信68購01,6800,0.68,0.68,0.68,0.68
715607,川寶國泰65購01,0,,,,
715608,友威科國泰65購01,11710,1.31,1.31,1.23,1.23
715609,東捷國泰65購01,0,,,,
715610,M31永豐65購02,35880,1.56,1.56,1.56,1.56
715611,大江永豐65購01,104800,0.8,0.8,0.8,0.8
715612,中美晶永豐65購03,50700,1.69,1.69,1.69,1.69
715613,尼克森永豐65購01,0,,,,
715614,安葆永豐65購02,0,,,,
715615,沛亨永豐63購05,0,,,,
715616,奇鈦科永豐63購01,15300,1.53,1.53,1.53,1.53
715617,旺矽永豐63購05,115780,0.94,0.98,0.94,0.98
715618,東聯互永豐69購01,0,,,,
715619,勤凱永豐63購01,0,,,,
715620,勤凱永豐65購02,0,,,,
715621,新復興永豐65購01,0,,,,
715622,M31統一7A購01,0,,,,
715623,九暘統一71購01,0,,,,
715624,大綜統一69購01,273380,0.79,0.86,0.77,0.85
715625,大綜統一71購01,0,,,,
715626,川寶統一7A購01,0,,,,
715627,光頡統一6B購01,80370,0.67,0.67,0.66,0.66
715628,光頡統一7A購01,0,,,,
715629,安葆統一71購01,0,,,,
715630,安葆統一7A購01,0,,,,
715631,宜鼎統一7A購01,14600,0.73,0.73,0.73,0.73
715632,金山電統一75購01,0,,,,
715633,金山電統一7A購01,0,,,,
715634,碩禾統一71購01,0,,,,
715635,碩禾統一7A購01,0,,,,
715636,德微統一68購01,0,,,,
715637,M31國票71購01,0,,,,
715638,雷科國票68購01,0,,,,
715639,雷科國票69購01,30120,2.51,2.51,2.51,2.51
715640,M31群益65購01,0,,,,
715641,光頡群益65購03,129480,1.69,1.72,1.69,1.72
715642,印能群益65購02,0,,,,
715643,印能群益66購01,359600,2.1,2.17,2.1,2.12
715644,宜鼎群益63購12,14800,1.48,1.48,1.48,1.48
715645,旺矽群益65購02,253970,1.1,1.22,1.09,1.2
715646,旺矽群益65購03,129700,1.45,1.53,1.45,1.53
715647,昇達科群益63購01,196250,1.58,1.61,1.56,1.56
715648,昇達科群益63購02,281020,1.73,1.88,1.71,1.88
715649,昇達科群益65購01,851230,1.95,2.22,1.95,2.1
715650,昇達科群益65購02,343270,2.17,2.3,2.03,2.21
715651,倚強群益68購01,0,,,,
715652,順達群益63購10,187210,1.55,1.81,1.46,1.81
715653,鈊象群益63購05,0,,,,
715654,雷科群益63購03,52060,3.1,3.1,2.94,2.94
715655,雷科群益65購01,19200,1.92,1.92,1.92,1.92
715656,德微群益65購01,0,,,,
715657,擎亞群益65購02,0,,,,
715658,台星科富邦65購01,975870,0.86,1.03,0.86,0.97
715659,宏捷科富邦65購02,58460,1.06,1.06,1.01,1.01
715660,沛亨富邦66購02,0,,,,
715661,昇達科富邦63購01,725420,1.01,1.13,1.01,1.07
715662,東捷富邦65購02,107460,0.81,0.81,0.75,0.76
715663,威剛富邦69購01,0,,,,
715664,威剛富邦75購01,9010,0.91,0.91,0.9,0.9
715665,富喬富邦66購02,110580,0.85,0.85,0.8,0.82
715666,新盛力富邦65購02,973830,0.73,0.84,0.7,0.84
715667,營邦富邦66購03,87130,0.71,0.74,0.67,0.74
715668,譜瑞富邦65購02,0,,,,
715669,光頡台新64購01,283150,2.19,2.39,2.19,2.33
715670,光頡台新64購02,256850,2.27,2.5,2.27,2.43
715671,系統電台新64購01,70180,1.61,1.61,1.52,1.52
715672,東捷台新64購01,6560,1.11,1.11,1.06,1.06
715673,欣銓台新6A購01,302790,2.4,2.47,2.4,2.47
715674,是方台新6A購01,19710,2.19,2.19,2.19,2.19
715675,富喬台新64購01,0,,,,
715676,晶呈台新64購01,105450,1.71,1.74,1.71,1.74
715677,陽程台新64購01,326830,2.48,2.48,2.25,2.25
715678,陽程台新64購02,392630,2.68,2.68,2.43,2.58
715679,陽程台新64購03,471550,2.43,2.43,2.06,2.06
715680,新應材台新65購01,36400,1.82,1.82,1.82,1.82
715681,瑞耘台新64購01,0,,,,
715682,廣積台新64購01,0,,,,
715683,廣積台新64購02,0,,,,
715684,九暘國票64購01,0,,,,
715685,中美晶國票64購04,0,,,,
715686,世禾國票64購01,0,,,,
715687,世界國票64購02,35470,1.48,1.59,1.48,1.59
715688,台特化國票6A購01,0,,,,
715689,竹陞國票64購02,0,,,,
715690,竹陞國票6A購01,0,,,,
715691,系統電國票64購02,0,,,,
715692,旺矽國票64購03,14400,1.44,1.44,1.44,1.44
715693,竑騰國票64購02,29920,1.76,1.76,1.76,1.76
715694,竑騰國票65購01,0,,,,
715695,倚強國票65購01,14700,1.47,1.47,1.47,1.47
715696,倚強國票66購01,0,,,,
715697,鈺太國票64購02,59000,1.18,1.18,1.18,1.18
715698,碩禾國票64購02,500,0.5,0.5,0.5,0.5
715699,碩禾國票66購01,0,,,,
715700,穩懋國票64購02,80990,1.99,1.99,1.87,1.87
715701,友威科元大64購01,54450,0.54,0.54,0.49,0.49
715702,台特化元大64購02,0,,,,
715703,台特化元大64購03,0,,,,
715704,台特化元大64購04,0,,,,
715705,光頡元大64購01,129070,1.49,1.54,1.49,1.52
715706,光頡元大64購02,12800,1.6,1.6,1.6,1.6
715707,光頡元大67購01,27070,1.38,1.47,1.38,1.46
715708,光頡元大68購01,82220,0.76,0.81,0.73,0.73
715709,光頡元大69購02,98630,0.76,0.82,0.76,0.82
715710,系微元大64購01,0,,,,
715711,旺矽元大64購01,840260,1.21,1.32,1.18,1.3
715712,旺矽元大64購02,2154010,1.42,1.56,1.4,1.53
715713,旺矽元大64購03,1036610,1.62,1.77,1.6,1.76
715714,旺矽元大65購03,770720,1.14,1.24,1.12,1.21
715715,昇達科元大64購01,250710,1.55,1.68,1.48,1.63
715716,昇達科元大66購01,253260,1.7,1.74,1.62,1.71
715717,昇達科元大67購01,4170030,0.84,0.93,0.8,0.92
715718,東捷元大64購01,5250,1.05,1.05,1.05,1.05
715719,東捷元大64購02,0,,,,
715720,東捷元大66購03,0,,,,
715721,欣銓元大64購02,367980,1.74,1.78,1.74,1.78
715722,欣銓元大64購03,0,,,,
715723,欣銓元大64購04,66930,0.69,0.69,0.69,0.69
715724,竑騰元大64購01,29120,1.57,1.57,1.52,1.53
715725,竑騰元大64購02,44460,1.41,1.41,1.38,1.38
715726,倚強元大64購01,0,,,,
715727,倚強元大64購02,0,,,,
715728,倚強元大66購01,0,,,,
715729,倚強元大67購01,0,,,,
715730,富喬元大6A購01,265660,1.53,1.53,1.42,1.47
715731,陽程元大64購04,46440,1.3,1.3,1.18,1.18
715732,陽程元大64購05,289610,0.99,1.03,0.99,1.01
715733,陽程元大64購06,25900,0.74,0.74,0.74,0.74
715734,陽程元大67購01,61860,0.71,0.8,0.71,0.8
715735,新盛力元大64購02,220100,1.6,1.85,1.6,1.82
715736,新盛力元大64購03,69750,0.73,0.87,0.73,0.87
715737,新盛力元大67購02,866590,0.8,0.8,0.79,0.8
715738,群翊元大64購01,30130,2.02,2.05,1.97,2.05
715739,群聯元大64購17,2480,1.24,1.24,1.24,1.24
715740,鈺太元大64購01,0,,,,
715741,鈺創元大64購01,56000,1.12,1.12,1.12,1.12
715742,博智中信66購01,37810,0.89,0.89,0.87,0.87
715743,穩懋中信65購02,72530,1.07,1.07,1.0,1.04
715744,台特化永豐64購01,23200,1.15,1.19,1.15,1.19
715745,弘塑永豐65購01,143940,1.42,1.43,1.35,1.35
715746,正基永豐64購01,179700,1.5,1.5,1.48,1.48
715747,正淩永豐64購01,10220,0.73,0.73,0.73,0.73
715748,光頡永豐64購02,100050,1.52,1.52,1.51,1.51
715749,光頡永豐65購01,0,,,,
715750,光頡永豐66購01,33880,1.54,1.54,1.54,1.54
715751,利機永豐66購01,0,,,,
715752,系統電永豐64購03,151610,2.05,2.05,1.98,1.98
715753,東捷永豐64購04,0,,,,
715754,東捷永豐64購05,0,,,,
715755,東捷永豐65購03,0,,,,
715756,東捷永豐67購02,0,,,,
715757,東捷永豐6A購01,0,,,,
715758,竑騰永豐65購01,30500,1.22,1.22,1.22,1.22
715759,竑騰永豐66購01,13530,1.23,1.23,1.23,1.23
715760,竑騰永豐67購01,13600,1.7,1.7,1.7,1.7
715761,倚強永豐67購01,0,,,,
715762,高僑永豐65購01,0,,,,
715763,博磊永豐65購01,0,,,,
715764,陽程永豐64購01,73690,0.92,0.94,0.92,0.93
715765,陽程永豐64購02,1040,1.04,1.04,1.04,1.04
715766,順達永豐64購04,110340,0.58,0.74,0.58,0.74
715767,新盛力永豐65購02,0,,,,
715768,德微永豐64購02,0,,,,
715769,穩懋永豐64購03,15400,3.08,3.08,3.08,3.08
715770,穩懋永豐67購01,0,,,,
715771,九暘群益64購01,0,,,,
715772,九暘群益65購01,0,,,,
715773,中美晶群益64購03,63910,2.88,2.93,2.88,2.93
715774,元債20群益64購01,0,,,,
715775,世界群益64購01,278750,1.54,1.65,1.5,1.65
715776,台特化群益64購01,4760,2.38,2.38,2.38,2.38
715777,均華群益64購03,0,,,,
715778,宜鼎群益64購03,147420,1.26,1.26,1.26,1.26
715779,威剛群益64購02,5750,1.15,1.15,1.15,1.15
715780,竑騰群益66購01,0,,,,
715781,倚強群益64購02,0,,,,
715782,陽程群益65購01,35750,1.46,1.46,1.4,1.4
715783,陽程群益66購01,151050,1.59,1.59,1.59,1.59
715784,鈊象群益64購03,0,,,,
715785,新盛力群益65購01,48280,1.42,1.42,1.42,1.42
715786,新應材群益67購02,14940,0.68,0.68,0.67,0.68
715787,群聯群益67購04,7500,0.75,0.75,0.75,0.75
715788,穩懋群益64購05,0,,,,
715789,九暘國泰65購01,0,,,,
715790,尼克森國泰65購01,258480,2.25,2.25,2.06,2.06
715791,倚強國泰65購01,1480270,1.16,1.4,1.15,1.4
715792,陽程國泰65購01,86370,1.24,1.24,1.2,1.21
715793,陽程國泰65購02,11660,1.06,1.06,1.06,1.06
715794,新應材富邦67購01,213750,0.76,0.76,0.75,0.76
715795,群聯富邦66購04,0,,,,
715796,川寶統一7A購02,0,,,,
715797,尼克森統一71購01,7110,0.71,0.72,0.71,0.72
715798,光頡統一75購01,0,,,,
715799,印能統一6A購01,14560,0.91,0.91,0.91,0.91
715800,宜鼎統一7A購02,15200,0.76,0.76,0.76,0.76
715801,昱展統一7A購01,0,,,,
715802,陽程統一6A購01,0,,,,
715803,陽程統一6A購02,0,,,,
715804,陽程統一71購01,0,,,,
715805,陽程統一72購01,800740,0.62,0.62,0.6,0.6
715806,陽程統一7A購01,334600,0.7,0.7,0.7,0.7
715807,新盛力統一6A購01,55250,0.73,0.74,0.73,0.74
715808,新應材統一7A購01,18290,0.59,0.59,0.59,0.59
715809,德微統一75購02,0,,,,
715810,九暘凱基64購01,0,,,,
715811,奇鈦科凱基64購01,0,,,,
715812,旺矽凱基64購01,226120,2.35,2.65,2.35,2.55
715813,竑騰凱基64購01,0,,,,
715814,竑騰凱基64購02,19600,1.96,1.96,1.96,1.96
715815,竑騰凱基64購03,19800,1.98,1.98,1.98,1.98
715816,竑騰凱基64購04,24200,2.42,2.42,2.42,2.42
715817,倚強凱基64購01,2060,2.06,2.06,2.06,2.06
715818,高僑凱基66購01,0,,,,
715819,晶呈凱基64購01,108730,1.74,1.96,1.74,1.84
715820,陽程凱基64購01,0,,,,
715821,陽程凱基64購02,95230,1.99,1.99,1.41,1.41
715822,陽程凱基64購03,49200,1.64,1.64,1.64,1.64
715823,陽程凱基66購01,17910,1.99,1.99,1.99,1.99
715824,陽程凱基66購02,28950,1.85,1.95,1.85,1.95
715825,鈊象凱基64購05,0,,,,
715826,新復興凱基64購01,421320,1.35,1.36,1.35,1.36
715827,新應材凱基64購03,0,,,,
715828,群聯凱基64購11,0,,,,
715829,群聯凱基65購05,39900,1.81,1.83,1.81,1.81
715830,群聯凱基65購06,1890,1.89,1.89,1.89,1.89
715831,群聯凱基65購07,1850,1.85,1.85,1.85,1.85
715832,穩懋凱基64購01,112160,3.73,3.73,3.38,3.38
715833,穩懋凱基6A購01,21400,5.35,5.35,5.35,5.35
715834,正淩國票6A購01,0,,,,
715835,邑錡國票64購02,0,,,,
715836,松上國票6C購01,0,,,,
715837,長佳智國票6C購01,710,0.71,0.71,0.71,0.71
715838,威潤國票6C購01,0,,,,
715839,美琪瑪國票66購01,0,,,,
715840,富喬國票64購04,5931550,1.39,1.54,1.37,1.39
715841,富喬國票64購05,147010,1.37,1.39,1.27,1.35
715842,晶呈國票6A購01,0,,,,
715843,新盛力國票64購02,138530,1.69,1.98,1.69,1.98
715844,新盛力國票64購03,1157280,1.62,1.94,1.62,1.94
715845,萬潤國票67購01,0,,,,
715846,萬潤國票69購01,0,,,,
715847,鈺創國票64購01,0,,,,
715848,穩懋國票69購02,24000,1.2,1.2,1.2,1.2
715849,天品元大64購01,0,,,,
715850,世界元大64購10,27720,1.32,1.32,1.32,1.32
715851,竹陞元大64購03,4400,0.88,0.88,0.88,0.88
715852,竹陞元大69購03,0,,,,
715853,宏捷科元大64購01,169290,0.96,1.03,0.96,1.03
715854,宏捷科元大64購02,2300,1.15,1.15,1.15,1.15
715855,沛亨元大68購01,0,,,,
715856,旺矽元大64購04,206390,3.12,3.46,3.12,3.46
715857,旺矽元大64購05,339690,2.58,2.87,2.58,2.87
715858,旺矽元大64購06,105760,1.16,1.22,1.16,1.22
715859,旺矽元大64購07,114380,1.12,1.19,1.12,1.19
715860,易發元大64購01,0,,,,
715861,欣銓元大64購05,0,,,,
715862,欣銓元大64購06,0,,,,
715863,青雲元大67購01,0,,,,
715864,風青元大64購01,189820,1.63,1.67,1.55,1.67
715865,竑騰元大67購01,5700,1.14,1.14,1.14,1.14
715866,創泓元大64購01,0,,,,
715867,創新服元大64購01,6860,0.98,0.98,0.98,0.98
715868,富強鑫元大64購01,0,,,,
715869,富喬元大64購08,3685050,1.19,1.22,1.15,1.15
715870,鈊象元大64購06,0,,,,
715871,勤凱元大64購01,0,,,,
715872,新盛力元大64購04,106070,1.73,1.77,1.73,1.77
715873,新盛力元大64購05,0,,,,
715874,新盛力元大64購06,0,,,,
715875,新盛力元大67購03,195840,0.68,0.68,0.68,0.68
715876,新應材元大64購03,0,,,,
715877,新應材元大64購04,0,,,,
715878,萬潤元大64購01,333940,1.25,1.48,1.24,1.48
715879,萬潤元大67購01,408370,1.44,1.66,1.44,1.57
715880,萬潤元大68購01,270100,1.48,1.65,1.47,1.64
715881,萬潤元大69購01,394810,0.97,1.12,0.97,1.12
715882,萬潤元大6A購01,893200,1.02,1.17,1.01,1.17
715883,群聯元大64購18,0,,,,
715884,鈺創元大64購02,0,,,,
715885,正淩台新64購01,0,,,,
715886,正淩台新67購01,0,,,,
715887,同致台新67購01,0,,,,
715888,沛亨台新64購02,0,,,,
715889,沛亨台新64購03,0,,,,
715890,東浦台新64購01,0,,,,
715891,東浦台新64購02,0,,,,
715892,博磊台新64購01,0,,,,
715893,晶呈台新64購02,101640,1.32,1.32,1.32,1.32
715894,瑞耘台新64購02,0,,,,
715895,點序台新64購01,0,,,,
715896,穩懋台新64購01,102000,1.02,1.02,1.02,1.02
715897,穩懋台新64購02,87260,2.21,2.21,1.98,2.0
715898,穩懋台新64購03,30300,1.01,1.01,1.01,1.01
715899,穩懋台新64購04,0,,,,
715900,中美晶凱基64購06,10760,2.69,2.69,2.69,2.69
715901,中美晶凱基64購07,0,,,,
715902,中美晶凱基64購08,18900,2.7,2.7,2.7,2.7
715903,中美晶凱基64購09,307000,1.21,1.3,1.21,1.3
715904,台特化凱基6A購01,0,,,,
715905,利機凱基64購01,0,,,,
715906,均華凱基67購02,31840,1.99,1.99,1.99,1.99
715907,宏捷科凱基68購01,173550,2.07,2.18,2.04,2.13
715908,系統電凱基64購04,0,,,,
715909,宜鼎凱基64購05,0,,,,
715910,昇達科凱基65購02,104510,2.4,2.43,2.3,2.4
715911,東捷凱基64購02,0,,,,
715912,富喬凱基66購01,0,,,,
715913,順達凱基66購03,60970,1.88,1.95,1.88,1.95
715914,新盛力凱基66購03,0,,,,
715915,萬潤凱基64購01,369110,2.66,3.19,2.48,2.88
715916,萬潤凱基64購02,952970,2.45,2.98,2.3,2.68
715917,萬潤凱基64購03,377040,2.55,2.73,2.55,2.68
715918,萬潤凱基64購04,26120,2.61,2.62,2.61,2.62
715919,萬潤凱基66購01,11160,2.79,2.79,2.79,2.79
715920,萬潤凱基66購02,216770,2.8,3.27,2.67,3.27
715921,萬潤凱基66購03,0,,,,
715922,群翊凱基64購01,2160,2.16,2.16,2.16,2.16
715923,鈺太凱基64購01,0,,,,
715924,碩禾凱基64購01,0,,,,
715925,碩禾凱基65購01,0,,,,
715926,穩懋凱基64購02,74270,3.16,3.16,2.86,2.86
715927,宜鼎中信6A購01,0,,,,
715928,順達中信64購01,0,,,,
715929,萬潤中信6A購01,71320,0.72,0.88,0.72,0.88
715930,群聯中信66購02,0,,,,
715931,穩懋中信6A購01,0,,,,
715932,中美晶永豐64購06,0,,,,
715933,邑錡永豐65購01,0,,,,
715934,奇鈦科永豐67購01,0,,,,
715935,昇達科永豐64購02,1920,1.92,1.92,1.92,1.92
715936,東浦永豐65購01,0,,,,
715937,家碩永豐64購01,7800,1.3,1.3,1.3,1.3
715938,泰藝永豐67購01,40590,1.94,1.94,1.89,1.93
715939,晶呈永豐67購01,14400,1.44,1.44,1.44,1.44
715940,順達永豐65購01,0,,,,
715941,萬潤永豐64購02,323200,2.2,2.58,2.2,2.54
715942,萬潤永豐65購02,42220,1.66,1.74,1.66,1.74
715943,萬潤永豐66購02,0,,,,
715944,萬潤永豐67購01,0,,,,
715945,萬潤永豐68購02,0,,,,
715946,群聯永豐64購13,0,,,,
715947,群聯永豐66購02,0,,,,
715948,群聯永豐67購05,0,,,,
715949,綠界*永豐67購01,0,,,,
715950,擎亞永豐64購03,0,,,,
715951,穩懋永豐65購02,0,,,,
715952,華景電國泰65購01,4590,1.53,1.53,1.53,1.53
715953,順達國泰65購01,701400,1.64,2.04,1.64,2.04
715954,萬潤國泰65購01,107810,3.08,3.08,2.88,2.88
715955,萬潤國泰65購02,206750,2.71,2.78,2.71,2.78
715956,群翊國泰65購01,0,,,,
715957,元太群益64購01,35030,1.18,1.22,1.18,1.22
715958,同致群益6A購01,0,,,,
715959,系統電群益66購01,67720,1.63,1.72,1.59,1.72
715960,東浦群益64購01,5150,1.03,1.03,1.03,1.03
715961,陽程群益64購01,88150,1.66,1.66,1.53,1.53
715962,順達群益64購02,11800,1.16,1.2,1.16,1.2
715963,新盛力群益65購02,47040,1.24,1.43,1.24,1.41
715964,萬潤群益64購01,524350,1.05,1.26,1.03,1.16
715965,群聯群益67購05,0,,,,
715966,漢科群益64購01,11900,1.19,1.19,1.19,1.19
715967,台半富邦65購02,0,,,,
715968,旺矽富邦64購03,403870,0.98,1.04,0.98,1.03
715969,萬潤富邦66購01,0,,,,
715970,萬潤富邦66購02,3120,1.04,1.04,1.04,1.04
715971,萬潤富邦67購01,0,,,,
715972,碩禾富邦64購01,0,,,,
715973,穩懋富邦67購02,2240,1.11,1.13,1.11,1.13
715974,川寶統一7A購03,0,,,,
715975,世界統一7A購01,43600,0.67,0.69,0.67,0.68
715976,台特化統一6A購01,0,,,,
715977,台特化統一7A購01,0,,,,
715978,宸曜統一7A購01,0,,,,
715979,博智統一7A購01,0,,,,
715980,晶呈統一7A購01,54240,0.67,0.67,0.65,0.65
715981,陽程統一68購02,0,,,,
715982,陽程統一7A購02,680,0.68,0.68,0.68,0.68
715983,萬潤統一68購01,481090,1.01,1.11,1.01,1.09
715984,萬潤統一69購01,0,,,,
715985,萬潤統一71購01,21900,0.73,0.73,0.73,0.73
715986,萬潤統一74購01,310050,0.71,0.77,0.71,0.75
715987,萬潤統一7A購01,1370820,0.97,1.02,0.95,1.01
715988,穩懋統一7A購01,16710,0.78,0.78,0.75,0.75
715989,均華台新65購01,0,,,,
715990,旺矽台新64購01,0,,,,
715991,旺矽台新64購02,90800,11.6,11.6,11.2,11.2
715992,旺矽台新64購03,0,,,,
715993,旺矽台新64購04,0,,,,
715994,旺矽台新65購01,0,,,,
715995,美琪瑪台新64購01,0,,,,
715996,美琪瑪台新64購02,0,,,,
715997,創威台新64購01,0,,,,
715998,博大台新64購01,0,,,,
715999,勤凱台新64購01,0,,,,
716000,漢測台新64購01,0,,,,
716001,漢測台新64購02,0,,,,
716002,點序台新64購02,0,,,,
716003,大綜凱基64購02,97130,2.27,2.3,2.21,2.21
716004,川寶凱基65購02,0,,,,
716005,友威科凱基65購01,0,,,,
716006,台特化凱基64購01,0,,,,
716007,台嘉碩凱基64購01,0,,,,
716008,正淩凱基66購01,0,,,,
716009,光焱凱基65購01,0,,,,
716010,印能凱基65購03,0,,,,
716011,旺矽凱基64購02,5530,2.75,2.78,2.75,2.78
716012,易發凱基64購01,0,,,,
716013,茂迪凱基64購01,0,,,,
716014,博智凱基64購01,0,,,,
716015,富強鑫凱基64購01,0,,,,
716016,陽程凱基64購04,0,,,,
716017,順達凱基68購01,0,,,,
716018,勤凱凱基64購01,0,,,,
716019,瑞耘凱基64購01,0,,,,
716020,群聯凱基6A購01,0,,,,
716021,聖暉*凱基64購01,0,,,,
716022,頎邦凱基65購03,0,,,,
716023,頎邦凱基6A購01,0,,,,
716024,漢科凱基64購01,0,,,,
716025,漢測凱基64購01,0,,,,
716026,漢測凱基64購02,200500,2.02,2.02,2.0,2.0
716027,漢測凱基64購03,166500,1.68,1.68,1.66,1.66
716028,德微凱基64購01,0,,,,
716029,擎亞凱基65購01,3400,1.7,1.7,1.7,1.7
716030,穩懋凱基64購03,0,,,,
716031,均華中信66購01,0,,,,
716032,頎邦中信64購01,27440,0.56,0.56,0.56,0.56
716033,大綜永豐64購01,0,,,,
716034,友威科永豐64購01,0,,,,
716035,友威科永豐65購01,0,,,,
716036,友威科永豐66購01,0,,,,
716037,弘塑永豐64購03,280110,1.53,1.53,1.48,1.51
716038,同致永豐64購01,0,,,,
716039,合一永豐64購01,81060,1.34,1.39,1.28,1.32
716040,合一永豐64購02,0,,,,
716041,合一永豐64購03,0,,,,
716042,宏捷科永豐65購01,0,,,,
716043,易發永豐65購01,0,,,,
716044,易發永豐66購01,0,,,,
716045,金山電永豐64購01,0,,,,
716046,茂迪永豐64購02,0,,,,
716047,晟田永豐64購01,0,,,,
716048,晟田永豐65購01,0,,,,
716049,富強鑫永豐64購01,0,,,,
716050,順達永豐64購05,0,,,,
716051,順達永豐65購02,10660,0.9,0.9,0.88,0.88
716052,鈊象永豐64購02,0,,,,
716053,瑞耘永豐64購01,0,,,,
716054,群聯永豐64購14,0,,,,
716055,群聯永豐67購06,0,,,,
716056,漢測永豐64購01,18400,0.92,0.92,0.92,0.92
716057,漢測永豐64購02,51320,0.77,0.78,0.77,0.77
716058,漢測永豐64購03,0,,,,
716059,漢測永豐64購04,58500,1.17,1.17,1.17,1.17
716060,擎邦永豐64購01,14400,1.02,1.02,0.93,0.93
716061,東典光國泰65購01,0,,,,
716062,東捷國泰65購02,0,,,,
716063,創威國泰65購01,0,,,,
716064,中美晶富邦64購01,0,,,,
716065,印能富邦66購02,0,,,,
716066,宜鼎富邦64購02,0,,,,
716067,欣銓富邦67購01,0,,,,
716068,陽程富邦64購01,0,,,,
716069,鈊象富邦66購03,0,,,,
716070,頎邦富邦66購03,0,,,,
716071,漢測富邦66購01,0,,,,
716072,漢測富邦67購01,54690,0.83,0.83,0.74,0.75
716073,中美晶統一6A購01,3350,0.67,0.67,0.67,0.67
716074,中美晶統一7A購01,3450,0.69,0.69,0.69,0.69
716075,友威科統一6C購01,0,,,,
716076,友威科統一71購01,0,,,,
716077,光焱統一71購01,0,,,,
716078,合一統一75購01,13400,0.66,0.68,0.66,0.68
716079,系統電統一68購01,5840,0.73,0.73,0.73,0.73
716080,東捷統一6A購02,0,,,,
716081,欣銓統一7A購01,0,,,,
716082,華宏統一7A購01,1060,0.53,0.53,0.53,0.53
716083,瑞耘統一7A購01,264470,0.53,0.53,0.53,0.53
716084,瑞耘統一7A購02,0,,,,
716085,擎邦統一6A購01,0,,,,
716086,擎邦統一6C購01,0,,,,
716087,擎邦統一7A購01,55500,0.56,0.56,0.55,0.55
716088,穩懋統一6A購01,0,,,,
716089,穩懋統一7A購02,0,,,,
716090,中美晶群益64購04,0,,,,
716091,友威科群益64購01,0,,,,
716092,天品群益66購01,0,,,,
716093,世界群益64購02,9120,2.28,2.28,2.28,2.28
716094,加高群益64購01,0,,,,
716095,正淩群益64購01,0,,,,
716096,立敦群益65購01,2100,1.05,1.05,1.05,1.05
716097,印能群益64購02,0,,,,
716098,印能群益64購03,94100,1.59,1.59,1.54,1.54
716099,均華群益64購04,0,,,,
716100,沛亨群益64購03,0,,,,
716101,良維群益64購02,0,,,,
716102,宜鼎群益64購04,43010,1.37,1.37,1.33,1.33
716103,宜鼎群益64購05,0,,,,
716104,旺矽群益64購02,0,,,,
716105,易發群益64購01,0,,,,
716106,昇達科群益64購01,556630,2.67,2.93,2.67,2.81
716107,竑騰群益68購01,0,,,,
716108,華宏群益64購01,4700,0.94,0.94,0.94,0.94
716109,華宏群益64購02,0,,,,
716110,陽程群益64購02,0,,,,
716111,陽程群益64購03,0,,,,
716112,順達群益67購01,0,,,,
716113,瑞耘群益64購01,0,,,,
716114,群聯群益65購04,0,,,,
716115,群聯群益65購05,0,,,,
716116,群聯群益66購01,0,,,,
716117,臺慶科群益64購02,0,,,,
716118,德微群益64購02,0,,,,
716119,營邦群益64購03,15300,1.53,1.53,1.53,1.53
716120,穩懋群益64購07,8300,1.69,1.69,1.61,1.61
716121,迅德國票6C購01,0,,,,
716122,佳邦國票66購01,0,,,,
716123,協易機國票68購01,0,,,,
716124,昇達科國票65購02,173270,2.32,2.32,2.17,2.29
716125,東研國票65購01,0,,,,
716126,捷流國票6C購01,0,,,,
716127,創威國票65購01,0,,,,
716128,富致國票6C購01,0,,,,
716129,華宏國票66購01,0,,,,
716130,瑞耘國票6A購01,0,,,,
716131,聖暉*國票69購01,0,,,,
716132,漢測國票64購01,5400,0.9,0.9,0.9,0.9
716133,漢測國票66購01,153600,1.92,1.92,1.92,1.92
716134,漢測國票67購01,18100,1.0,1.0,0.95,0.95
716135,漢測國票6A購01,2140,2.14,2.14,2.14,2.14
716136,德微國票6A購01,0,,,,
716137,撼訊國票69購01,0,,,,
716138,應廣國票65購01,0,,,,
716139,九暘元大64購01,0,,,,
716140,川寶元大64購01,0,,,,
716141,川寶元大64購02,0,,,,
716142,川寶元大64購03,0,,,,
716143,中美晶元大64購08,0,,,,
716144,中美晶元大67購03,0,,,,
716145,印能元大64購03,0,,,,
716146,印能元大64購04,218500,1.05,1.05,1.04,1.04
716147,印能元大64購05,0,,,,
716148,印能元大64購06,0,,,,
716149,均華元大64購06,0,,,,
716150,宜鼎元大64購08,0,,,,
716151,宜鼎元大64購09,3380,0.86,0.86,0.83,0.83
716152,宜鼎元大65購05,0,,,,
716153,東捷元大64購03,0,,,,
716154,欣銓元大64購07,0,,,,
716155,欣銓元大64購08,0,,,,
716156,茂迪元大64購01,0,,,,
716157,茂迪元大64購02,0,,,,
716158,竑騰元大67購02,0,,,,
716159,富喬元大64購09,0,,,,
716160,華宏元大64購01,0,,,,
716161,華宏元大64購02,0,,,,
716162,順達元大64購12,2820,1.41,1.41,1.41,1.41
716163,順達元大64購13,0,,,,
716164,順達元大64購14,0,,,,
716165,鈊象元大64購07,0,,,,
716166,勤凱元大64購02,0,,,,
716167,群聯元大64購19,0,,,,
716168,群聯元大64購20,0,,,,
716169,漢測元大64購01,0,,,,
716170,漢測元大64購02,4450,0.89,0.89,0.89,0.89
716171,漢測元大66購01,1980,0.99,0.99,0.99,0.99
72414U,振曜群益5A售01,0,,,,
72479U,擎亞群益5B售01,0,,,,
72485U,信驊群益5B售01,0,,,,
72501U,雙鴻中信5B售02,0,,,,
72523U,新應材群益5B售01,0,,,,
72572U,精測群益62售01,2700,0.03,0.03,0.03,0.03
725744,新復興統一5A購01,40,0.04,0.04,0.04,0.04
725881,鈊象元富5A購01,0,,,,
726037,元債20元富5A購01,0,,,,
726070,元債20元富5A購02,0,,,,
72610U,富喬國票5C售02,0,,,,
726119,華星光統一5B購01,0,,,,
72614U,富喬中信5C售02,0,,,,
726194,元債20元富5B購01,0,,,,
72622U,精測群益62售02,720,0.12,0.12,0.12,0.12
72629U,櫃200群益5B售02,0,,,,
72638U,譜瑞群益5C售01,0,,,,
72691U,信驊群益5B售03,0,,,,
726924,金麗科統一5B購01,0,,,,
726925,金麗科統一5B購02,0,,,,
726926,金麗科統一5B購03,600,0.06,0.06,0.06,0.06
726927,金麗科統一5B購04,5220,0.09,0.09,0.09,0.09
72692U,信驊群益61售02,720,0.03,0.03,0.03,0.03
72704U,點序群益61售01,0,,,,
72713U,世界群益5B售01,0,,,,
72724U,信驊國票5B售01,0,,,,
72733U,中探針群益62售01,0,,,,
72735U,世界群益5A售01,0,,,,
72736U,精材群益5A售04,0,,,,
72737U,雙鴻群益5A售04,0,,,,
72747U,閎康群益5A售02,0,,,,
72748U,精測群益5A售02,0,,,,
72749U,精測群益62售04,0,,,,
72754U,博智群益62售02,0,,,,
72766U,富喬群益5A售02,0,,,,
72772U,穩懋群益63售01,20130,0.05,0.07,0.05,0.07
72782U,環球晶群益62售01,0,,,,
72790U,閎康群益63售01,0,,,,
72791U,榮剛群益63售01,0,,,,
72794U,雙鴻凱基5A售02,0,,,,
72795U,神盾群益61售01,0,,,,
72797U,台特化國票5A售02,0,,,,
72798U,宏觀國票5A售01,0,,,,
72799U,雙鴻國票5A售01,0,,,,
728003,金麗科統一5C購01,0,,,,
72800U,信驊永豐5B售01,0,,,,
72807U,新應材國泰5A售01,0,,,,
72808U,新應材國票5A售03,0,,,,
72809U,萬泰科國票5A售02,0,,,,
72810U,鑫聯國票5A售02,0,,,,
72812U,茂迪國票5A售03,0,,,,
72813U,宜鼎群益5B售03,4080,0.06,0.06,0.06,0.06
72814U,精測群益5B售02,0,,,,
72818U,信驊永豐5C售01,3440,0.03,0.1,0.03,0.1
72820U,鑫聯國票5A售03,0,,,,
728264,元債20永豐61購01,0,,,,
72827U,元太群益5B售02,0,,,,
72828U,台燿群益5B售01,0,,,,
72829U,宏捷科群益5C售01,300,0.3,0.3,0.3,0.3
72830U,元太凱基5B售03,0,,,,
72836U,東捷群益5B售01,0,,,,
72838U,鈊象群益5B售02,0,,,,
72840U,世界群益5B售04,0,,,,
72841U,神盾群益5C售01,0,,,,
72842U,鈊象群益63售01,0,,,,
72843U,精材群益63售01,0,,,,
728516,系微統一5C購01,0,,,,
72851U,矽科國票5B售02,0,,,,
728520,金麗科統一5C購02,0,,,,
72852U,旺矽元大5A售03,0,,,,
72853U,信驊元大5A售01,0,,,,
72854U,信驊永豐61售01,2500,0.05,0.05,0.05,0.05
72855U,信驊富邦5C售02,162830,0.15,0.17,0.14,0.17
72856U,頎邦凱基5A售03,0,,,,
72857U,雙鴻元大5A售06,0,,,,
72858U,巨漢國票5A售02,0,,,,
72859U,弘塑國票5B售02,11290,0.16,0.17,0.16,0.17
72860U,弘塑元大5A售03,0,,,,
72861U,華電網凱基5A售01,0,,,,
72862U,群聯國票5B售02,0,,,,
72863U,蜜望實國票5A售03,0,,,,
72864U,群聯凱基5A售03,0,,,,
72865U,信驊永豐5B售03,0,,,,
72866U,旺矽凱基5A售06,0,,,,
72867U,旺矽富邦61售01,630060,0.46,0.47,0.41,0.44
72868U,富喬群益5C售01,13800,0.23,0.25,0.22,0.25
72869U,立碁國票5B售03,2810,0.05,0.06,0.05,0.06
72871U,群聯群益61售02,0,,,,
72872U,聖暉*台新5B售01,0,,,,
72873U,威剛國票5C售02,0,,,,
72874U,威剛群益5C售02,0,,,,
72875U,威剛凱基5B售05,0,,,,
72876U,合晶台新5B售05,710,0.04,0.05,0.01,0.05
72877U,群聯台新5B售07,0,,,,
72878U,群聯台新5B售08,0,,,,
72879U,世界凱基5B售02,0,,,,
72880U,良維國票5C售02,200,0.2,0.2,0.2,0.2
72881U,鈊象台新5B售03,0,,,,
72882U,環球晶台新5B售03,0,,,,
72883U,環球晶國票5B售02,0,,,,
72884U,鈊象群益61售01,0,,,,
72885U,中美晶群益5B售02,0,,,,
72886U,群聯群益5B售06,0,,,,
72887U,精材群益5B售05,0,,,,
72888U,德微群益5B售02,0,,,,
72889U,新盛力群益5B售04,0,,,,
72890U,廣穎群益5B售03,0,,,,
72891U,世界台新5B售03,0,,,,
728920,元債20元富61購01,8680,0.31,0.31,0.31,0.31
72892U,台特化台新5B售04,0,,,,
72893U,威剛中信64售01,0,,,,
72894U,世界群益62售01,20780,0.36,0.36,0.33,0.34
72895U,台特化群益5B售01,0,,,,
728967,驊訊統一61購01,210,0.01,0.01,0.01,0.01
72896U,精材凱基5B售08,0,,,,
72897U,精材群益5B售08,0,,,,
72898U,雷科國票5B售03,5000,0.05,0.05,0.05,0.05
72899U,立敦台新5B售04,0,,,,
72900U,德微國票5C售04,0,,,,
72901U,德微國票5C售05,960,0.48,0.48,0.48,0.48
72902U,擎亞國票5B售03,0,,,,
72903U,群聯凱基5B售08,0,,,,
72904U,欣銓台新5B售05,8800,0.44,0.44,0.44,0.44
72905U,臺慶科台新5B售05,0,,,,
72906U,博智群益5B售04,0,,,,
72907U,群聯富邦61售05,0,,,,
72908U,威剛群益65售01,333500,1.75,1.77,1.75,1.77
72909U,威剛凱基65售01,0,,,,
72910U,精材台新5B售06,0,,,,
72911U,威剛元大5B售16,0,,,,
72912U,良維群益61售02,0,,,,
72913U,威剛群益5B售04,0,,,,
72914U,威剛群益5B售05,0,,,,
72915U,威剛群益61售03,0,,,,
72916U,中美晶凱基5B售06,0,,,,
729171,M31統一61購01,0,,,,
729172,M31統一61購02,0,,,,
72917U,威剛凱基5B售09,560,0.56,0.56,0.56,0.56
729186,華星光統一61購01,6360,3.21,3.21,3.15,3.15
729187,華星光統一61購02,66380,3.2,3.2,2.47,2.47
72918U,威剛永豐61售03,0,,,,
72919U,順達台新5C售01,66200,0.62,0.62,0.52,0.52
72920U,佳邦群益5C售01,0,,,,
72921U,富喬台新5C售03,2400,0.24,0.24,0.24,0.24
72922U,威剛凱基5C售05,0,,,,
72923U,宜鼎台新5C售05,0,,,,
72924U,台半群益5C售03,41980,0.5,0.54,0.5,0.54
72925U,台半凱基5C售03,12740,0.45,0.47,0.45,0.47
72926U,臺慶科凱基5C售03,0,,,,
72927U,聖暉*台新5C售05,0,,,,
72928U,富喬凱基5C售04,22450,0.09,0.09,0.08,0.08
72929U,臺慶科台新5C售02,0,,,,
72930U,威剛群益5C售08,0,,,,
72931U,群聯群益5C售10,0,,,,
72932U,威剛國泰61售02,0,,,,
72933U,世界群益66售01,10500,2.1,2.1,2.1,2.1
72934U,精材群益66售01,19220,0.74,0.77,0.73,0.77
72935U,世界台新5C售02,13350,1.3,1.37,1.3,1.37
72936U,宜鼎凱基5C售10,0,,,,
72937U,元太國票62售01,0,,,,
72938U,世界國票62售01,7600,0.76,0.76,0.76,0.76
72939U,威剛國票62售01,0,,,,
72940U,臺慶科國票62售01,3560,1.22,1.22,1.17,1.17
72941U,雙鴻永豐61售04,0,,,,
72942U,家登群益61售03,14400,0.54,0.6,0.54,0.6
72943U,頎邦國票61售01,0,,,,
72944U,中光電台新61售03,0,,,,
72945U,頎邦台新61售03,0,,,,
72946U,世界群益61售03,129960,0.36,0.36,0.36,0.36
72947U,台星科群益61售02,0,,,,
72948U,精材群益63售02,61760,0.6,0.76,0.6,0.76
72949U,威剛元大61售06,0,,,,
72950U,精材凱基63售02,13100,0.64,0.67,0.64,0.67
72951U,中光電台新61售05,0,,,,
72952U,精材國票61售05,8590,0.47,0.53,0.47,0.53
72953U,精材國票65售02,0,,,,
72954U,群聯中信61售02,0,,,,
72955U,宜鼎國票61售03,0,,,,
72956U,群聯國票61售05,0,,,,
72957U,良維群益63售01,0,,,,
72958U,群聯群益63售02,0,,,,
72959U,雙鴻群益63售03,105700,0.23,0.23,0.22,0.23
72960U,良維凱基61售03,0,,,,
72961U,群聯凱基61售10,0,,,,
72962U,宜鼎群益67售01,0,,,,
72963U,中美晶國票61售06,0,,,,
72964U,中美晶國票64售02,0,,,,
72965U,青雲國票61售03,0,,,,
72966U,雙鴻凱基61售07,0,,,,
72967U,順達國票61售03,1000360,1.14,1.17,1.05,1.07
72968U,群聯國票64售01,0,,,,
72969U,聖暉*國票61售05,0,,,,
72970U,雙鴻國票61售02,0,,,,
72971U,良維群益67售01,0,,,,
72972U,雙鴻群益61售03,150,0.15,0.15,0.15,0.15
72973U,M31國票61售02,560,0.56,0.56,0.56,0.56
72974U,威剛國票65售01,0,,,,
72975U,譜瑞國票61售01,0,,,,
72976U,順達凱基61售06,914900,1.1,1.13,0.92,0.94
72977U,雙鴻國泰63售01,930,0.31,0.31,0.31,0.31
72978U,威剛凱基61售06,0,,,,
72979U,群聯台新61售07,0,,,,
729804,僑威統一5A購01,0,,,,
729808,騰雲統一5A購01,0,,,,
72980U,頎邦凱基61售05,0,,,,
72981U,欣銓國票61售04,0,,,,
72982U,華景電國票61售02,0,,,,
72983U,家登群益63售02,0,,,,
72984U,凡甲國票61售01,0,,,,
72985U,中美晶國票63售01,0,,,,
72986U,元太國票61售02,0,,,,
72987U,宜特國票61售02,0,,,,
72988U,頎邦國票64售02,0,,,,
72989U,廣穎國票61售01,0,,,,
72990U,中美晶元大61售09,0,,,,
72991U,群聯元大61售20,0,,,,
72992U,中美晶富邦67售02,0,,,,
72993U,中美晶凱基63售03,0,,,,
72994U,元太凱基61售07,0,,,,
72995U,群聯凱基63售03,0,,,,
72996U,立碁國票64售02,164520,0.4,0.43,0.4,0.42
72997U,良維國票61售02,0,,,,
72998U,新普國票61售02,0,,,,
72999U,世界國票62售02,0,,,,
73000U,宜鼎國票63售01,0,,,,
73001U,欣銓國票63售01,1320,0.66,0.66,0.66,0.66
73002U,順達國票63售01,0,,,,
73003U,鈊象國票62售01,85360,0.74,0.75,0.74,0.75
73004U,群翊國票62售01,0,,,,
73005U,群聯國票62售01,0,,,,
73006U,雙鴻國票63售01,0,,,,
73007U,世界凱基63售03,0,,,,
73008U,中美晶國票64售03,0,,,,
73009U,光焱國票65售01,0,,,,
73010U,頎邦國票64售03,0,,,,
73011U,中美晶國票66售01,0,,,,
73012U,威剛國票65售02,0,,,,
73013U,威剛元大63售02,230000,0.8,0.81,0.8,0.81
73014U,家登凱基63售02,0,,,,
730157,綠界*統一5A購01,0,,,,
73015U,新應材凱基63售04,0,,,,
73016U,宜鼎國票66售02,0,,,,
73017U,順達國票66售01,569550,0.94,0.94,0.85,0.85
73018U,群聯國票66售02,0,,,,
73019U,雙鴻國票66售02,0,,,,
73020U,雙鴻元大63售07,0,,,,
73021U,威剛凱基63售03,0,,,,
73022U,威剛元大63售03,45200,1.13,1.13,1.13,1.13
73023U,雙鴻凱基63售07,0,,,,
73024U,弘塑國票67售01,0,,,,
73025U,朋億*國票66售02,0,,,,
73026U,金山電國票68售01,0,,,,
73027U,萬潤國票66售02,72440,0.65,0.67,0.62,0.65
73028U,萬潤國票68售02,0,,,,
73029U,聖暉*國票66售01,0,,,,
73030U,中美晶台新62售02,0,,,,
73031U,威剛凱基63售05,0,,,,
73032U,M31國票66售01,0,,,,
73033U,富喬台新62售01,18260,0.57,0.58,0.53,0.58
73034U,中美晶凱基64售03,0,,,,
73035U,群聯永豐64售12,0,,,,
73036U,富喬國票63售02,19380,0.71,0.72,0.67,0.72
73037U,富喬國票65售01,860,0.86,0.86,0.86,0.86
73038U,中美晶群益63售03,0,,,,
73039U,東捷群益64售02,36000,0.36,0.36,0.36,0.36
730401,M31統一62購01,0,,,,
730402,M31統一62購02,700,0.07,0.07,0.07,0.07
730403,M31統一62購03,0,,,,
73040U,穩懋群益64售02,162170,0.73,0.77,0.73,0.77
73041U,穩懋國泰64售01,6700,0.67,0.67,0.67,0.67
73042U,穩懋凱基63售06,620,0.62,0.62,0.62,0.62
73043U,穩懋凱基63售07,46100,0.21,0.22,0.21,0.22
73044U,宏捷科凱基63售01,61480,0.72,0.75,0.69,0.72
73045U,蜜望實國票63售02,0,,,,
73046U,中美晶中信62售02,66400,0.34,0.34,0.32,0.34
73047U,宜特群益62售02,0,,,,
73048U,東捷群益62售02,8460,1.41,1.41,1.41,1.41
730493,昇達科統一5C購01,97690,4.6,4.8,4.6,4.62
73049U,振曜群益66售01,0,,,,
73050U,群聯永豐63售04,0,,,,
73051U,陽程國票66售01,260290,0.45,0.47,0.44,0.47
73052U,世紀*國票6A售01,59940,0.74,0.74,0.74,0.74
73053U,頎邦台新62售02,0,,,,
73054U,弘塑群益64售01,6780,0.76,0.76,0.75,0.75
73055U,世紀*國票68售01,0,,,,
73056U,沛亨國票68售01,0,,,,
73057U,宜鼎元大62售02,0,,,,
73058U,頎邦群益62售03,0,,,,
73059U,安葆國票68售01,650,0.65,0.65,0.65,0.65
73060U,宏捷科國票63售01,27070,0.73,0.75,0.71,0.73
73061U,環球晶凱基62售06,24600,0.86,0.86,0.74,0.8
73062U,環球晶群益64售01,3440,0.43,0.43,0.43,0.43
73063U,環球晶中信62售03,17110,0.28,0.31,0.28,0.31
73064U,環球晶元大62售04,76220,0.59,0.59,0.54,0.55
73065U,環球晶台新63售01,3190,0.81,0.81,0.76,0.76
73066U,千附精國票63售01,0,,,,
73067U,晶宏國票63售01,0,,,,
73068U,均華群益63售01,0,,,,
73069U,精材群益63售09,92400,1.25,1.36,1.22,1.36
73070U,精材群益69售01,0,,,,
73071U,雙鴻群益63售09,0,,,,
73072U,精材國票64售03,10190,0.74,0.79,0.74,0.79
730733,原相統一5B購01,0,,,,
73073U,環球晶國票64售03,52200,0.95,0.95,0.87,0.91
73074U,精材台新63售05,880,0.88,0.88,0.88,0.88
73075U,環球晶台新63售04,29630,0.5,0.52,0.5,0.51
73076U,雙鴻凱基63售17,102450,1.13,1.14,1.13,1.14
73077U,漢達國票65售02,0,,,,
73078U,擎亞台新63售02,0,,,,
73079U,博智凱基63售06,0,,,,
73080U,順達元大63售11,190650,1.1,1.1,0.92,0.93
73081U,昇達科台新63售02,72600,1.21,1.21,1.21,1.21
73082U,信驊台新63售04,0,,,,
73083U,信驊凱基63售06,116260,1.88,1.96,1.81,1.96
73084U,信驊富邦66售02,8390,2.78,2.83,2.78,2.83
73085U,信驊永豐63售01,27700,0.75,0.8,0.75,0.8
73086U,信驊永豐64售01,33300,1.64,1.69,1.64,1.69
73087U,信驊元大63售03,0,,,,
73088U,信驊群益63售03,6180,2.03,2.08,2.03,2.08
73089U,信驊群益63售04,209450,2.65,2.79,2.56,2.73
73090U,竹陞國票67售01,0,,,,
73091U,信驊國票64售02,8440,2.8,2.84,2.8,2.84
73092U,信驊國票65售01,0,,,,
73093U,信驊國票65售02,0,,,,
73094U,漢達國票65售03,24540,0.74,0.78,0.74,0.78
73095U,穩懋國票65售01,20880,0.64,0.66,0.64,0.66
73096U,穩懋國票69售01,40940,0.97,0.98,0.97,0.98
73097U,頎邦台新63售03,4530,1.51,1.51,1.51,1.51
73098U,台半國票65售02,10810,0.9,0.91,0.89,0.91
73099U,弘塑國票65售02,0,,,,
73100U,威聯通國票65售01,0,,,,
73101U,崴寶國票65售01,0,,,,
73102U,萊德光國票65售01,0,,,,
73103U,雷科國票64售03,87400,1.13,1.2,1.13,1.2
73104U,光頡台新63售03,122600,0.63,0.68,0.61,0.68
73105U,頎邦群益63售06,3570,0.51,0.51,0.51,0.51
73106U,竹陞國票65售02,0,,,,
73107U,南俊國票65售01,4500,0.9,0.9,0.9,0.9
73108U,茂達國票65售03,0,,,,
73109U,茂綸國票65售02,154520,0.66,0.66,0.65,0.65
73110U,高技國票65售03,0,,,,
73111U,博盛國票65售01,0,,,,
73112U,雅特力國票65售01,0,,,,
73113U,弘塑凱基65售02,0,,,,
73114U,巨有國票64售02,190510,0.65,0.67,0.59,0.62
73115U,旭然國票68售01,299760,0.59,0.6,0.54,0.54
73116U,昇達科國票64售03,0,,,,
73117U,萊德光國票64售02,107600,0.62,0.68,0.62,0.68
73118U,東捷凱基63售03,0,,,,
73119U,台燿台新63售02,0,,,,
73120U,良維台新63售02,11340,1.89,1.89,1.89,1.89
73121U,穩懋群益63售08,0,,,,
73122U,台燿國票66售01,244520,0.96,0.96,0.94,0.94
73123U,信昌電國票64售03,378100,2.02,2.02,1.96,1.96
731240,金麗科元富61購01,0,,,,
73124U,信昌電國票65售03,553880,1.92,1.93,1.89,1.93
73125U,台燿凱基63售05,435100,0.94,1.0,0.93,0.94
731265,順達統一5B購01,0,,,,
73126U,穩懋凱基63售11,5370,0.63,0.72,0.63,0.69
73127U,穩懋國票64售01,33080,0.64,0.68,0.64,0.67
73128U,青雲群益66售01,0,,,,
73129U,東捷群益63售03,0,,,,
73130U,穩懋群益63售10,123350,0.42,0.47,0.42,0.47
73131U,久元國票65售02,0,,,,
73132U,千如國票65售01,25500,0.51,0.51,0.51,0.51
73133U,立端國票65售01,0,,,,
73134U,全宇昕國票65售03,0,,,,
73135U,宏碁資國票65售02,0,,,,
73136U,長科*國票65售02,57000,0.95,0.95,0.95,0.95
73137U,胡連國票65售01,0,,,,
73138U,晶呈國票65售02,0,,,,
73139U,翔名國票65售02,63990,0.6,0.63,0.59,0.63
73140U,廣閎科國票65售02,33600,0.84,0.84,0.84,0.84
73141U,台燿台新63售03,315560,1.21,1.21,1.12,1.12
73142U,世界台新63售02,5500,1.1,1.1,1.1,1.1
73143U,欣銓台新63售02,0,,,,
73144U,頎邦台新63售05,0,,,,
73145U,富喬凱基63售08,119380,1.13,1.23,1.13,1.17
73146U,穩懋凱基63售13,8180,0.45,0.51,0.45,0.51
73147U,台燿永豐63售05,89550,0.76,0.76,0.69,0.69
73148U,富喬永豐63售02,0,,,,
731495,英濟統一5B購01,0,,,,
73149U,環球晶永豐63售10,0,,,,
73150U,旺矽凱基63售09,240020,1.88,1.88,1.68,1.7
73151U,弘塑元大63售11,0,,,,
73152U,旺矽元大63售04,0,,,,
73153U,富喬元大63售09,271510,1.29,1.31,1.29,1.3
73154U,旺矽國票64售02,33400,1.35,1.35,1.31,1.32
73155U,旺矽國票67售03,0,,,,
73156U,旺矽國票69售01,0,,,,
73157U,世界群益63售06,259500,0.9,0.9,0.82,0.84
731584,群聯統一5B購01,175320,5.05,5.05,4.25,4.94
73158U,旺矽群益63售05,0,,,,
73159U,欣銓群益69售01,0,,,,
73160U,頎邦群益63售09,0,,,,
73161U,富喬台新63售03,0,,,,
73162U,富喬台新63售04,35750,1.45,1.45,1.4,1.4
73163U,新盛力群益63售04,0,,,,
73164U,光頡群益65售02,421950,1.33,1.39,1.33,1.39
73165U,旺矽永豐63售04,0,,,,
73166U,高技台新63售03,0,,,,
73167U,環球晶國票64售06,288190,1.41,1.46,1.25,1.34
73168U,雷科國票66售01,11200,1.4,1.4,1.4,1.4
73169U,昇達科群益63售03,0,,,,
73170U,倚強群益63售03,0,,,,
73171U,陽程台新64售04,4200,2.03,2.17,2.03,2.17
73172U,穩懋群益64售06,0,,,,
73173U,萬潤國票65售01,0,,,,
73174U,萬潤永豐64售01,850,0.85,0.85,0.85,0.85
73175U,穩懋永豐64售04,337820,1.33,1.33,1.33,1.33
732269,M31統一63購01,0,,,,
732272,千附統一5B購01,0,,,,
732332,M31統一63購02,0,,,,
732653,光焱統一5A購01,0,,,,
733025,華星光統一5B購02,0,,,,
733248,宇峻統一5B購01,0,,,,
733332,大宇資統一5B購01,0,,,,
733411,美琪瑪統一61購01,6500,0.65,0.65,0.65,0.65
733460,先進光統一5B購01,40550,0.89,0.93,0.88,0.88
733461,先進光統一65購01,462590,0.56,0.59,0.5,0.5
733467,新應材統一5B購01,0,,,,
733471,營邦統一5B購01,0,,,,
733560,大學光統一5B購01,0,,,,
733563,弘塑統一5B購01,0,,,,
733653,創惟統一5B購01,100,0.01,0.01,0.01,0.01
733654,創惟統一65購01,0,,,,
733655,創惟統一65購02,0,,,,
733656,創惟統一65購03,0,,,,
733695,高端統一5B購01,0,,,,
733696,高端統一65購01,345620,0.66,0.67,0.64,0.65
733702,創惟統一5C購01,0,,,,
733760,高端統一65購02,302720,0.88,0.99,0.88,0.99
733800,華星光統一5B購03,37460,3.56,3.56,3.39,3.39
733958,新應材統一5C購01,0,,,,
733959,新應材統一5C購02,3760,0.47,0.47,0.47,0.47
733983,富喬統一5C購01,0,,,,
734209,華星光統一66購01,495000,3.6,3.6,3.02,3.26
734284,竹陞統一5C購01,0,,,,
734285,良維統一5A購01,0,,,,
734352,竹陞統一5C購02,0,,,,
734355,南俊統一5C購01,0,,,,
734508,台燿統一5C購01,0,,,,
734519,建榮統一5C購01,0,,,,
734521,智通*統一5C購01,0,,,,
734707,智通*統一5C購02,0,,,,
734708,新漢統一5C購01,0,,,,
734710,雙鴻統一62購01,0,,,,
734782,宇峻統一5C購01,0,,,,
734783,均華統一5C購01,0,,,,
734785,萬潤統一5C購01,29620,4.94,4.94,4.93,4.93
734873,前鼎統一5C購01,0,,,,
734874,威剛統一5C購01,0,,,,
734994,新應材統一62購01,0,,,,
735028,新應材元富63購01,285550,0.94,0.94,0.92,0.94
735029,新應材元富64購01,35960,2.14,2.14,2.11,2.11
735271,波若威統一62購01,0,,,,
735304,華景電統一5A購01,0,,,,
735306,順達統一5C購01,0,,,,
735512,華星光統一61購03,0,,,,
735557,波若威統一63購01,0,,,,
735647,久禾光統一61購01,160,0.08,0.08,0.08,0.08
735648,久禾光統一63購01,0,,,,
735658,彩富統一5B購01,0,,,,
735659,彩富統一61購01,0,,,,
735660,彩富統一63購01,0,,,,
735665,意德士統一61購01,6120,1.0,1.06,1.0,1.06
735724,久禾光統一61購02,1000,0.05,0.05,0.05,0.05
735848,生合統一63購01,0,,,,
735849,均華統一63購01,0,,,,
735852,宏觀統一61購01,0,,,,
735853,旺矽統一61購01,0,,,,
735855,南俊統一61購01,0,,,,
736081,均華統一63購02,0,,,,
736082,均豪統一61購01,3920,0.49,0.49,0.49,0.49
736153,台燿統一61購01,0,,,,
736154,立碁統一61購01,270170,1.52,1.63,1.4,1.4
736156,均華統一5C購02,0,,,,
736160,金居統一62購01,36300,12.3,12.3,12.0,12.0
736243,宜特統一61購01,690,0.23,0.23,0.23,0.23
736244,金居統一61購01,56600,11.5,11.5,11.2,11.2
736249,家登統一61購01,0,,,,
736349,安國統一63購01,6760,0.38,0.41,0.38,0.41
736350,安國統一65購01,0,,,,
736351,安國統一66購01,2910,0.13,0.21,0.13,0.14
736352,安國統一67購01,0,,,,
736353,安國統一67購02,0,,,,
736354,安國統一67購03,7300,0.25,0.25,0.22,0.22
736360,閎康統一5B購01,0,,,,
736427,M31統一61購03,0,,,,
736431,宏捷科統一61購01,0,,,,
736443,雙鴻統一62購02,0,,,,
736444,穩懋統一61購01,0,,,,
736474,中美晶統一5A購01,120000,1.2,1.2,1.2,1.2
736476,系微統一5B購01,0,,,,
736477,神盾統一5A購01,0,,,,
736478,新盛力統一67購01,0,,,,
736479,漢磊統一61購01,829050,1.64,1.65,1.44,1.62
736480,廣運統一61購01,0,,,,
736586,神盾統一5C購01,0,,,,
736604,元債20凱基67購01,71010,1.19,1.19,1.16,1.16
736736,力旺統一61購01,0,,,,
736741,安國統一61購01,0,,,,
736934,金居統一5B購01,198000,10.1,10.1,9.8,9.8
736935,前鼎統一5B購01,0,,,,
736938,晶呈統一5B購01,0,,,,
737086,良維統一62購01,0,,,,
737198,智通*國票5B購01,0,,,,
737321,立碁統一5C購01,33220,1.42,1.42,1.18,1.31
737801,漢磊國票5B購01,371300,5.4,5.65,5.4,5.55
737929,台燿統一5A購01,0,,,,
737930,晶呈統一5C購01,38590,2.27,2.27,2.27,2.27
737933,譜瑞統一5B購01,0,,,,
738131,中光電統一5B購01,0,,,,
738135,台燿統一5C購02,0,,,,
738137,亞信統一5B購01,0,,,,
738138,亞信統一64購01,12250,0.4,0.4,0.29,0.29
738140,美琪瑪統一64購01,0,,,,
738144,順達統一5B購02,900,0.09,0.09,0.09,0.09
738145,順達統一5C購02,30900,0.23,0.33,0.23,0.33
738150,漢科統一5B購01,0,,,,
738151,漢科統一5C購01,0,,,,
738152,精測統一5B購01,0,,,,
738153,精測統一64購01,0,,,,
738154,廣明統一64購01,0,,,,
738155,擎亞統一5B購01,0,,,,
738156,譜瑞統一5C購01,0,,,,
738157,譜瑞統一64購01,0,,,,
738183,凡甲統一5C購01,0,,,,
738184,世禾統一5B購01,0,,,,
738187,昱展統一64購01,1400,0.14,0.14,0.14,0.14
738190,順達統一5A購01,0,,,,
738191,聖暉*統一5A購02,0,,,,
738192,聖暉*統一64購01,0,,,,
738281,M31統一5B購01,41900,0.21,0.21,0.19,0.19
738282,M31統一5C購01,0,,,,
738285,旺矽統一63購01,0,,,,
738286,信紘科統一64購01,14500,0.29,0.29,0.29,0.29
738288,新應材統一64購01,430,0.43,0.43,0.43,0.43
738291,環球晶統一64購01,0,,,,
738567,精測國票5B購01,0,,,,
738726,宏捷科國票5B購01,173450,0.09,0.1,0.08,0.1
738736,M31統一5C購02,0,,,,
738737,M31統一62購04,0,,,,
738741,生合統一63購02,0,,,,
738743,宏觀統一5C購01,0,,,,
738746,朋程統一5C購01,4790,0.07,0.08,0.07,0.08
738747,長佳智統一5C購01,0,,,,
738748,信紘科統一5C購01,0,,,,
738754,晶焱統一5C購01,0,,,,
738757,順達統一5C購03,7500,0.25,0.25,0.25,0.25
738758,萬泰科統一5C購01,0,,,,
738760,群翊統一5C購01,0,,,,
738762,寬宏統一65購01,0,,,,
738764,廣明統一5C購01,0,,,,
738767,耀勝統一5C購01,0,,,,
738802,精測群益5C購01,0,,,,
738931,M31統一5C購03,0,,,,
738933,世禾統一5C購01,850,0.17,0.17,0.17,0.17
738934,台半統一5C購01,0,,,,
738938,永信建統一5C購01,0,,,,
738940,旺矽統一65購01,0,,,,
738943,湧德統一5C購01,0,,,,
738944,順達統一5C購04,0,,,,
738947,精測統一65購01,0,,,,
739071,旺矽國票5A購01,0,,,,
739284,威剛國票5B購01,0,,,,
739372,力旺統一5C購01,13750,0.55,0.55,0.55,0.55
739373,生合統一5C購01,0,,,,
739375,合晶統一5C購01,4500,4.5,4.5,4.5,4.5
739376,均豪統一5B購01,0,,,,
739378,宜鼎統一5C購01,0,,,,
739379,宜鼎統一5C購02,0,,,,
739380,欣銓統一64購01,0,,,,
739381,信驊統一5C購01,0,,,,
739382,威剛統一5C購02,0,,,,
739383,威剛統一64購01,0,,,,
739384,鈊象統一5C購01,0,,,,
739385,萬泰科統一64購01,0,,,,
739386,群翊統一5C購02,0,,,,
739387,精材統一5C購01,0,,,,
739388,德微統一5C購01,0,,,,
739425,泰茂國票5A購01,20,0.02,0.02,0.02,0.02
739441,中光電統一5B購02,0,,,,
739442,中美晶統一5C購01,1420,0.71,0.71,0.71,0.71
739443,永信建統一5C購02,0,,,,
739446,宜鼎統一5C購03,0,,,,
739447,朋程統一5C購02,0,,,,
739453,振曜統一5C購01,300,0.3,0.3,0.3,0.3
739454,能率統一5B購01,0,,,,
739460,環球晶統一64購02,164390,2.73,3.49,2.72,3.49
739519,系微統一5C購02,0,,,,
739520,旺矽統一5B購01,0,,,,
739522,廣運統一5C購01,0,,,,
739523,擎亞統一5C購01,0,,,,
739549,聯合國票5A購01,0,,,,
739639,大宇資統一5C購01,0,,,,
739641,台燿統一64購01,63700,9.1,9.1,9.1,9.1
739642,弘塑統一5C購01,0,,,,
739643,合晶統一5B購01,29800,7.45,7.45,7.45,7.45
739644,合晶統一5C購02,40800,4.08,4.08,4.08,4.08
739645,均豪統一5C購01,0,,,,
739646,昇佳電統一5C購01,0,,,,
739647,昇佳電統一5C購02,0,,,,
739648,創惟統一5C購02,0,,,,
739649,新漢統一64購01,0,,,,
739650,萬泰科統一5C購02,0,,,,
739651,德微統一5C購02,0,,,,
739652,耀勝統一5C購02,0,,,,
739841,世界國票5C購01,0,,,,
739842,威剛國票5A購01,0,,,,
739913,旺矽國票5B購01,0,,,,
739986,廣明國票5B購01,0,,,,
7402,邑錡,10490128,100.0,100.5,99.3,99.5
7547,碩網,7405708,63.4,64.0,61.2,61.2
7556,意德士,96467218,309.0,314.0,288.0,295.5
7584,樂意,343911,28.85,30.95,28.85,29.6
7642,昶瑞機電,6207038,67.0,67.1,65.0,65.0
7703,銳澤,4057591,205.0,205.5,204.5,205.5
7704,明遠精密,1636896,59.6,61.0,59.6,60.6
7708,全家餐飲,1255743,92.4,92.4,91.5,91.6
7709,榮田,13933509,88.3,88.3,85.1,88.0
7712,博盛半導體,155238007,180.5,180.5,172.0,172.5
7713,威力德生醫,951500,72.2,73.5,72.2,73.5
7714,創泓科技,47807230,170.0,173.5,168.0,168.0
7715,裕山,2176192,27.0,27.5,26.6,27.05
7716,昱臺國際,46,,,,
7717,萊德光電-KY,2219779807,606.0,651.0,593.0,593.0
7718,友鋮,689250,45.95,45.95,45.95,45.95
7723,築間,16216517,18.2,19.85,18.2,19.85
7728,光焱科技,14876547,642.0,642.0,633.0,638.0
7734,印能科技,441399770,2790.0,2830.0,2755.0,2755.0
7738,東聯互動,8707092,156.5,156.5,153.0,156.0
7743,金利食安,6410104,26.05,26.6,25.9,26.6
7744,崴寶,27567903,527.0,532.0,520.0,525.0
7747,昕奇雲端,113072,,,,
7751,竑騰,152590335,1620.0,1625.0,1560.0,1590.0
7753,星亞,611101,35.9,35.9,35.6,35.7
7757,金色三麥,938021,88.9,88.9,88.8,88.8
7767,仁大資訊,800446,46.0,46.0,45.5,45.55
7770,君曜,989550,41.65,41.65,40.85,40.85
7772,耀穎,192125216,167.5,167.5,151.0,151.0
7777,能率亞洲,121783892,39.35,40.7,37.05,37.4
7782,光速火箭,610743,25.3,26.3,25.0,25.2
7792,安葆,304942396,450.0,461.5,438.5,451.5
7794,宏碁智新,306629,30.25,30.5,30.25,30.5
7805,威聯通,6909800,498.5,498.5,491.0,492.5
7810,捷創科技,41721766,254.0,254.0,243.0,247.5
7811,民盛,649000,72.0,72.2,72.0,72.2
7814,海昌生技,1131041,28.0,29.0,27.9,29.0
7819,精誠金融,1160421,33.25,33.25,33.1,33.1
7820,立盈,1130654,109.5,109.5,108.0,108.0
7825,和亞智慧,15645355,80.6,80.9,78.6,78.6
7828,創新服務,245568765,1840.0,1865.0,1830.0,1840.0
7839,達人網,583568,44.0,44.5,43.0,44.25
7842,天能綠電,10344,,,,
7856,漢測,1411253150,4275.0,4275.0,4130.0,4190.0
8024,佑華,480386,12.55,12.55,12.25,12.4
8027,鈦昇,508513604,209.5,213.5,207.0,209.5
8032,光菱,2603155,36.4,36.8,36.15,36.4
8034,榮群,1856668,19.75,19.75,19.45,19.45
8038,長園科,4211906,35.6,35.6,34.5,34.65
8040,九暘,94124815,95.0,95.5,92.5,93.2
8042,金山電,270088974,119.5,120.0,117.0,117.0
8043,蜜望實,141358032,141.0,142.0,138.0,138.5
8044,網家,4676827,23.8,23.85,23.5,23.7
8047,星雲,3300412,51.0,51.1,46.05,47.8
8048,德勝,5724688,50.6,52.0,50.5,51.8
8049,晶采,2207412,24.55,24.55,24.4,24.4
8050,廣積,67524616,62.6,62.6,60.5,60.8
8054,安國,59522499,87.3,87.4,85.8,85.8
8059,凱碩,1032759,17.8,18.0,17.55,17.55
8064,東捷,649489634,137.5,141.0,135.5,135.5
8066,來思達,469755,14.85,14.85,14.25,14.7
8067,志旭,67696,11.4,11.4,11.2,11.2
8068,全達,3298328,17.4,17.45,17.05,17.15
8069,元太,1607943663,147.0,151.5,145.0,149.0
8071,能率網通,7190010,22.1,22.7,21.7,21.7
8074,鉅橡,52899692,56.6,57.9,56.1,56.1
8076,伍豐,8554771,21.4,21.5,21.35,21.4
8077,洛碁,82913,41.05,41.2,41.05,41.2
8080,泰霖,788966,28.0,28.4,27.85,28.4
8083,瑞穎,15281598,158.5,160.0,157.5,159.0
8084,巨虹,1755560,17.7,17.7,17.7,17.7
8085,福華,3451958,15.15,15.15,14.65,14.75
8086,宏捷科,1145232026,128.5,130.0,124.0,127.5
8087,麗升能源,911499,24.6,24.6,22.9,23.2
8088,品安,8261353,44.55,44.55,43.65,43.95
8089,康全電訊,1624542,19.35,19.35,19.2,19.35
8091,翔名,290878359,240.0,245.0,232.0,232.0
8092,建暐,888954,12.5,12.5,11.95,12.1
8093,保銳,1821778,24.9,26.45,24.8,26.25
8096,擎亞,197919271,90.2,90.2,88.0,88.8
8097,常珵,2085662,48.3,48.5,48.0,48.45
8099,大世科,4668059,61.4,61.4,59.1,59.5
8102,傑霖科技,1203794,59.6,59.6,56.5,57.0
8107,大億金茂,569535,11.7,12.05,11.7,11.8
8109,博大,28520376,139.0,139.5,136.5,136.5
8111,立碁,3739592092,98.9,99.7,90.6,92.3
8121,越峰,36232082,32.4,32.65,31.3,31.85
8147,正淩,46952462,146.0,146.0,140.5,140.5
8155,博智,202414162,335.5,335.5,324.0,332.0
8171,天宇,2714903,20.65,20.85,20.5,20.85
8176,智捷,1501185,9.77,9.79,9.66,9.76
8182,加高,64601543,44.5,45.4,42.15,42.4
8227,巨有科技,241578252,366.0,377.0,350.0,370.0
8234,新漢,12598294,62.7,63.0,62.2,62.2
8240,華宏,53253084,58.0,58.0,55.5,55.6
8255,朋程,52435827,153.0,153.0,149.0,151.0
8272,全景軟體,1609086,60.5,60.5,60.0,60.1
8277,商丞,1177817,15.3,15.55,15.3,15.5
8279,生展,2563333,80.1,82.0,80.1,80.4
8284,三竹,96588,67.6,67.6,67.6,67.6
8289,泰藝,115401807,56.8,57.2,53.6,54.3
8291,尚茂,895725,27.15,28.25,27.1,28.05
8299,群聯,3069590755,2110.0,2120.0,2085.0,2090.0
8342,益張,4331,,,,
8349,恒耀,9414147,40.15,41.2,40.15,41.1
8349A,恒耀甲特,135600,45.2,45.2,45.2,45.2
8354,冠好,332808,16.7,16.7,16.55,16.55
8358,金居,14910684424,577.0,578.0,548.0,551.0
8383,千附,123409794,69.9,72.3,69.1,70.1
8390,金益鼎,51787973,89.3,93.0,89.1,92.0
8401,白紗科,362627,22.75,22.75,22.6,22.65
8403,盛弘,2113984,18.95,18.95,18.8,18.8
8409,商之器,90144,18.0,18.0,18.0,18.0
8410,森田,8264703,27.5,27.5,26.95,26.95
8415,大國鋼,7860844,35.15,35.2,35.0,35.1
8416,實威,174,,,,
8421,旭源,358026,13.05,13.05,13.0,13.05
8423,保綠-KY,775957,17.8,18.7,17.8,17.9
8424,惠普,143714,69.9,69.9,69.9,69.9
8426,紅木-KY,790305,20.35,20.8,20.3,20.7
8431,匯鑽科,55006392,63.6,64.4,61.0,61.1
8432,東生華,17641100,54.0,54.5,53.4,53.5
8433,弘帆,1520800,52.6,52.7,52.2,52.4
8435,鉅邁,2146767,53.2,53.2,52.9,53.0
8436,大江,92663049,103.5,104.0,102.0,102.5
8437,大地-KY,2113171,11.0,12.1,10.85,11.7
8440,綠電,954808,20.2,20.35,20.0,20.0
8444,綠河-KY,0,,,,
8446,華研,5034563,85.8,86.2,85.2,86.0
8450,霹靂,303566,14.15,14.2,14.0,14.15
8455,大拓-KY,184199,22.1,22.45,22.1,22.45
8472,納維康,405849,68.4,68.4,66.2,66.2
8477,創業家,183590,14.0,14.1,13.95,14.1
8489,三貝德,1290062,21.8,22.2,21.65,22.2
8905,裕國,103497,34.3,34.3,34.3,34.3
8906,花王,314150,28.5,28.85,28.5,28.85
8908,欣雄,394858,39.8,40.0,39.8,39.9
8916,光隆,1155282,40.9,40.95,40.8,40.85
8917,欣泰,315914,52.6,52.7,52.6,52.7
8921,沈氏,0,,,,
8923,時報,11550,,,,
8924,大田,1686696,49.1,49.15,49.0,49.05
8927,北基,4593493,18.7,18.8,18.6,18.6
8928,鉅明,1154556,22.7,22.7,22.4,22.45
8929,富堡,168940,12.8,12.9,12.8,12.85
8930,青鋼,1885367,28.5,28.5,28.1,28.1
8931,大汽電,12011502,42.3,42.75,41.75,42.65
8932,智通*,74132426,91.9,91.9,90.1,90.1
8933,愛地雅,319314,4.56,4.56,4.4,4.56
8935,邦泰,569064,18.75,18.8,18.45,18.75
8936,國統,50823451,53.2,53.7,52.9,53.2
8937,合騏*,1259325,25.95,25.95,24.9,25.05
8938,明安,1932129,52.4,52.4,51.6,51.6
8941,關中,552221,43.95,44.0,43.2,43.9
8942,森鉅,8327933,40.0,40.55,39.9,40.2
9949,琉園,489504,24.05,24.1,24.0,24.1
9950,萬國通,143899,10.2,10.35,10.15,10.2
9951,皇田,3128271,46.5,46.5,46.1,46.4
9960,邁達康,80745,,,,
9962,有益,1144854,10.3,10.3,10.0,10.2
