code,name,trading_value,open_price,high_price,low_price,close_price
00411A,主動統一前沿科技,83758037,10.5,10.5,10.32,10.33
006201,元大富櫃50,4657950,46.15,46.18,45.6,46.0
00679B,元大美債20年,1123065285,24.81,24.81,24.68,24.72
00687B,國泰20年美債,834775777,25.95,25.95,25.64,25.67
00687C,國泰20年美債+櫃U,226210,8.71,8.71,8.7,8.7
00694B,富邦美債1-3,11134240,41.64,41.64,41.53,41.58
00695B,富邦美債7-10,12847363,33.48,33.75,33.48,33.63
00696B,富邦美債20年,122608865,27.01,27.03,26.88,26.92
00697B,元大美債7-10,24947252,33.98,33.98,33.87,33.89
00719B,元大美債1-3,90451108,31.02,31.02,30.9,30.91
00720B,元大投資級公司債,374000865,31.06,31.07,30.86,30.9
00722B,群益投資級電信債,249624824,33.5,33.54,33.11,33.15
00723B,群益投資級科技債,3804215,28.43,28.43,28.36,28.36
00724B,群益投資級金融債,130028825,31.74,31.74,31.54,31.56
00725B,國泰投資級公司債,205208297,33.1,33.1,32.89,32.93
00726B,國泰新興投等債,10803349,31.65,31.65,31.16,31.22
00727B,國泰優選非投等債,5104654,38.94,39.02,38.94,38.95
00734B,台新JPM新興債,11814459,14.93,15.08,14.92,14.96
00740B,富邦全球投等債,54952645,36.12,36.12,35.9,35.95
00741B,富邦全球非投等債,4182280,36.74,36.9,36.74,36.9
00746B,富邦A級公司債,48866266,33.27,33.3,33.24,33.26
00749B,凱基新興債10+,4344774,29.99,30.08,29.58,29.86
00750B,凱基科技債10+,3098479,30.65,30.65,30.6,30.6
00751B,元大AAA至A公司債,407210089,29.15,29.15,28.89,28.92
00754B,群益AAA-AA公司債,3990712,30.27,30.32,30.27,30.32
00755B,群益投資級公用債,4328022,30.57,30.57,30.51,30.54
00756B,群益投等新興公債,8303482,29.53,29.53,29.0,29.14
00758B,復華能源債,4862039,48.54,48.54,48.54,48.54
00759B,復華製藥債,5085037,50.8,50.8,50.8,50.8
00760B,復華新興企業債,5417319,51.4,51.4,50.5,50.5
00761B,國泰A級公司債,18532856,32.39,32.39,31.85,31.86
00764B,群益25年美債,69774506,25.73,25.74,25.61,25.63
00768B,復華20年美債,34406163,46.31,46.31,45.96,45.99
00772B,中信高評級公司債,241611288,31.37,31.37,31.14,31.17
00773B,中信優先金融債,56158675,33.4,33.45,33.27,33.31
00777B,凱基AAA至A公司債,3444204,30.15,30.17,30.09,30.09
00778B,凱基金融債20+,3254871,31.93,31.93,31.86,31.86
00779B,凱基美債25+,9206132,26.25,26.25,25.86,25.86
00780B,國泰A級金融債,4173588,35.39,35.39,35.31,35.31
00781B,國泰A級科技債,5345965,26.15,26.15,25.74,25.77
00782B,國泰A級公用債,9075745,28.71,28.71,28.41,28.42
00785B,富邦金融投等債,5829385,32.76,32.78,32.67,32.68
00786B,元大10年IG銀行債,511404,30.77,30.81,30.7,30.7
00787B,元大10年IG醫療債,1151765,30.75,30.75,30.27,30.27
00788B,元大10年IG電能債,1196898,28.35,28.35,28.07,28.1
00789B,復華公司債A3,4938661,44.61,44.61,44.41,44.41
00791B,復華信用債1-5,6116163,56.15,56.15,56.0,56.0
00792B,群益A級公司債,3770151,29.65,29.67,29.16,29.16
00795B,中信美國公債20年,240931395,24.94,24.96,24.8,24.83
00799B,國泰A級醫療債,9994243,28.03,28.03,27.54,27.55
00834B,第一金金融債10+,8086214,32.5,32.5,31.85,31.94
00836B,永豐10年A公司債,2334338,26.85,26.85,26.41,26.43
00840B,凱基IG精選15+,2837902,27.73,27.73,27.68,27.68
00841B,凱基AAA-AA公司債,2782030,26.49,26.49,26.43,26.43
00842B,台新美元銀行債,17328211,28.72,28.73,28.3,28.36
00844B,台新15年IG金融債,3710067,29.38,29.43,29.38,29.39
00845B,富邦新興投等債,5179794,31.54,31.6,31.51,31.57
00846B,富邦歐洲銀行債,3518209,34.22,34.22,34.07,34.07
00847B,中信美國市政債,7538234,23.7,23.7,23.51,23.52
00848B,中信新興亞洲債,10322406,32.44,32.44,32.39,32.43
00849B,中信EM主權債0-5,11525025,37.06,37.14,37.06,37.12
00853B,統一美債10年Aa-A,31900604,25.57,25.57,25.45,25.53
00856B,永豐1-3年美公債,170281,37.0,37.0,37.0,37.0
00857B,永豐20年美公債,41292813,21.42,21.42,21.33,21.37
00858,永豐美國500大,10667380,36.33,36.59,35.95,36.0
00859B,群益0-1年美債,139962096,40.63,40.66,40.56,40.61
00860B,群益1-5Y投資級債,3803700,37.7,37.7,37.66,37.66
00862B,中信投資級公司債,36776383,29.25,29.3,29.19,29.25
00863B,中信全球電信債,6824239,29.32,29.38,29.32,29.38
00864B,中信美國公債0-1,41307499,46.17,46.18,46.1,46.15
00867B,台新A-BBB電信債,1252763,28.73,28.73,28.24,28.24
00870B,元大15年EM主權債,9186274,26.4,26.4,26.21,26.22
00877,復華中國5G,228839826,36.5,36.5,35.2,35.31
00884B,中信低碳新興債,7823169,27.61,27.68,27.61,27.62
00886,永豐美國科技,1098189,49.5,49.5,49.48,49.48
00887,永豐中國科技50大,116816593,15.5,15.5,15.19,15.3
00888,永豐台灣ESG,168030266,36.0,36.02,35.72,35.85
00890B,凱基ESG BBB債15+,3394679,30.0,30.02,29.94,29.94
00928,中信上櫃ESG 30,7057138,33.48,33.48,32.97,33.1
00931B,統一美債20年,41021075,12.57,12.58,12.49,12.51
00933B,國泰10Y+金融債,387297766,15.12,15.12,14.96,14.97
00937B,群益ESG投等債20+,1804445660,13.84,13.84,13.74,13.8
00942B,台新美A公司債20+,27240203,13.26,13.27,13.2,13.21
00948B,中信優息投資級債,63238432,8.87,8.87,8.8,8.81
00950B,凱基A級公司債,61511291,13.23,13.23,13.14,13.14
00955,中信日本商社,61894979,15.92,15.92,15.71,15.77
00957B,兆豐US優選投等債,8619957,12.67,12.67,12.5,12.5
00958B,永豐ESG銀行債15+,11272360,8.78,8.78,8.62,8.65
00959B,大華投等美債15Y+,25738475,8.85,8.85,8.78,8.79
00966B,統一ESG投等債15+,23641260,13.12,13.12,13.01,13.02
00967B,元大優息美債,9659908,8.68,8.68,8.5,8.52
00968B,元大優息投等債,24415056,8.78,8.78,8.65,8.66
00969B,元大零息超長美債,19339560,7.7,7.7,7.5,7.52
00970B,台新BBB投等債20+,31092867,8.84,8.84,8.72,8.74
009806,台新標普500,2828752,13.69,13.73,13.69,13.69
009807,台新標普科技精選,411920,17.67,17.67,17.66,17.66
00980B,台新特選IG債10+,17036161,8.92,8.93,8.86,8.86
00980D,主動聯博投等入息,48260707,19.65,19.65,19.47,19.48
00980T,平衡凱基美國TOP,209725,12.15,12.15,12.02,12.02
009814,富邦標普500,10499844,11.41,11.41,11.35,11.38
009815,大華美國MAG7+,25358053,11.93,11.93,11.88,11.89
00981B,第一金優選非投債,227565874,8.99,9.0,8.95,8.96
00981D,主動中信非投等債,52406499,10.14,10.14,10.07,10.07
009822,華南永昌未來金融,5904548,9.8,9.8,9.43,9.46
009823,群益S&P500,30160739,10.48,10.48,10.42,10.43
009825,聯邦美國金融創新,3861992,9.84,9.86,9.79,9.8
00982B,FT投資級債20+,6157487,9.19,9.19,9.12,9.16
00983B,大華優利美公債20,26771207,14.7,14.7,14.47,14.49
00984B,大華優利美A債15,35617066,15.49,15.49,15.23,15.25
00985D,主動貝萊德優投等,22587663,9.57,9.57,9.46,9.47
00986B,FT金融債10+,298802,9.33,9.33,9.26,9.26
00986D,主動復華金融債息,21604438,14.05,14.05,13.88,13.89
00987B,野村10+澳洲公債,8795679,15.4,15.45,15.3,15.32
00987D,主動統一美債量化,22207723,9.7,9.7,9.51,9.52
00988B,玉山嚴選非投債,45388647,19.29,19.29,19.16,19.18
00989B,台新美國非投等債,66091220,9.9,9.9,9.86,9.87
00990B,國泰收益非投等債,50471544,9.87,9.88,9.84,9.85
00998A,主動復華金融股息,89000798,16.61,16.78,16.61,16.65
020001,富邦存股雙十N,0,,,,
020025,統一亞洲半導體N,9813570,39.98,39.98,39.65,39.69
020033,統一恒生科期N,309600,3.44,3.44,3.44,3.44
020035,元大上櫃ESG高息N,0,,,,
020040,元大上櫃ESG龍頭N,0,,,,
020041,兆豐半導體氣候N,1494080,20.92,20.92,20.63,20.82
1240,茂生農經,1707834,54.4,54.5,53.8,53.8
1259,安心,1268329,68.0,68.0,67.9,68.0
1264,德麥,1796794,243.0,244.0,243.0,244.0
1268,漢來美食,4512529,174.5,175.5,174.5,175.5
1294,漢田生技,1310195,50.1,50.2,49.7,50.2
1295,生合,1404610,47.2,47.3,46.55,47.15
1336,台翰,1545840,17.05,17.05,16.75,16.8
1565,精華,8098439,95.6,96.0,95.3,95.9
1569,濱川,283008389,65.0,66.3,63.3,65.0
1570,力肯,2803153,32.15,33.0,31.95,33.0
1580,新麥,2464243,97.1,97.6,97.0,97.1
1584,精剛,9071010,18.1,18.45,18.0,18.05
1586,和勤,3705101,18.05,18.3,17.9,18.0
1591,駿吉-KY,10692109,40.5,41.7,40.5,41.1
1593,祺驊,347289,31.9,31.9,31.65,31.65
1595,川寶,166746122,77.4,83.0,76.4,77.6
1599,宏佳騰,109521,23.2,23.25,23.0,23.0
1742,台蠟,307361,18.25,18.25,17.4,17.7
1777,生泰,923199,73.6,74.1,73.6,74.0
1780,立弘,2039901,24.6,25.2,24.5,25.2
1781,合世,180123,10.0,10.0,9.99,9.99
1784,訊聯,3124754,61.7,61.9,60.9,61.3
1785,光洋科,477157697,95.8,99.8,95.5,98.0
1788,杏昌,1879642,128.0,128.0,128.0,128.0
1796,金穎生技,269565,29.75,29.75,28.8,28.8
1799,易威,4790027,28.7,28.8,28.35,28.4
1813,寶利徠,86875,11.3,11.35,11.3,11.3
1815,富喬,1965752366,115.0,117.0,113.0,116.0
2035,唐榮,3868,,,,
2061,風青,112557544,54.4,59.4,54.3,59.4
2063,世鎧,1341776,23.7,23.7,23.45,23.45
2064,晉椿,3597333,11.7,12.2,11.7,11.9
2065,世豐,1190799,35.05,35.15,35.0,35.15
2066,世德,902190,52.3,52.9,52.3,52.7
2067,嘉鋼,51995,5.02,5.23,5.02,5.2
2070,精湛,5761931,61.5,63.8,61.5,62.8
2073,雄順,25200,25.2,25.2,25.2,25.2
2221,大甲,361701633,169.0,180.0,167.5,180.0
2230,泰茂,2092643,22.3,22.35,21.7,21.75
2235,謚源,1030,,,,
2596,綠意,411764,35.35,35.35,35.0,35.25
2640,大車隊,3729720,156.0,159.0,156.0,158.5
2641,正德,17870312,17.55,17.55,17.3,17.3
2643,捷迅,196031,63.0,63.0,62.7,62.7
2718,全心投控,161267,40.5,40.65,40.45,40.65
2719,燦星旅,84376,19.3,19.3,19.2,19.2
2724,藝舍-KY,6587,,,,
2726,雅茗-KY,112790,8.1,8.1,8.0,8.03
2729,瓦城,406921,157.5,158.0,157.5,158.0
2732,六角,695770,62.8,64.4,62.7,64.4
2734,易飛網,555575,14.45,14.45,14.3,14.4
2736,富野,184597,11.35,11.35,11.25,11.35
2740,華軒,131437,30.15,30.65,30.15,30.65
2743,山富,1212598,54.5,54.6,53.3,53.3
2745,五福,3199667,84.8,84.8,84.0,84.0
2751,王座,219523,52.6,53.5,52.6,52.6
2752,豆府,2221949,178.0,178.0,177.5,177.5
2754,亞洲藏壽司,833443,68.0,68.0,67.8,68.0
2755,揚秦,2442122,98.9,99.0,98.0,99.0
2756,聯發國際,498260,62.0,62.5,61.7,62.5
2916,滿心,306334,40.45,40.55,40.45,40.55
2924,宏太-KY,145173,17.3,18.95,17.3,18.45
2926,誠品生活,546144,30.1,30.1,29.1,29.55
2937,集雅社,223769,44.7,44.7,44.7,44.7
2938,床的世界,506283,18.6,18.6,18.5,18.55
2941,米斯特,32150,32.15,32.15,32.15,32.15
2947,振宇五金,13927,,,,
2948,寶陞,223128,36.2,36.9,36.2,36.8
2949,欣新網,4264,,,,
3064,泰偉,1930,,,,
3066,李洲,80741127,27.5,29.95,27.25,29.5
3067,全域,16900,16.9,16.9,16.9,16.9
3071,協禧,2445377,23.0,23.0,22.85,22.9
3073,天方能源,282304,20.5,20.85,20.5,20.6
3078,僑威,13036631,45.45,46.1,45.45,45.65
3081,聯亞,3333405695,2700.0,2735.0,2645.0,2650.0
3083,網龍,1069908,22.9,22.9,22.7,22.7
3085,新零售,92731,11.2,11.4,11.2,11.4
3086,華義*,3693180,29.9,29.9,27.5,27.7
3088,艾訊,233900303,130.0,137.5,130.0,136.0
3093,港建*,15719862,44.75,45.3,43.3,43.9
3095,及成,169552,33.6,34.0,33.45,34.0
3105,穩懋,7536385823,496.5,498.5,484.5,493.0
3114,好德,62884733,35.0,36.5,34.55,35.0
3115,富榮綱,124027,7.88,8.7,7.88,8.6
3118,進階,905772,31.0,31.35,30.8,31.35
3122,笙泉,902329,23.5,23.7,23.0,23.5
3128,昇銳,802913,20.5,20.5,20.15,20.35
3131,弘塑,1389490855,2420.0,2550.0,2420.0,2475.0
3141,晶宏,132846659,83.9,86.6,83.7,85.2
3147,大綜,139163652,240.0,244.5,237.0,243.0
3152,璟德,20216943,226.5,229.0,226.0,226.0
3158,嘉實,1245831,85.3,85.3,84.9,85.2
3162,精確,328392802,75.1,80.9,75.1,80.9
3163,波若威,672940877,648.0,656.0,639.0,646.0
3169,亞信,54987872,114.0,118.5,113.5,115.5
3171,炎洲流通,440468,59.5,59.5,58.3,58.3
3176,基亞,10521369,37.4,38.2,37.2,37.35
3178,公準,9897931,69.8,69.8,68.5,69.4
3188,鑫龍騰,520976,23.5,23.55,23.4,23.45
3191,雲嘉南,348067,16.75,16.75,16.35,16.5
3205,佰研,2449952,47.0,48.0,46.5,46.75
3206,志豐,279808,35.1,35.1,34.5,34.55
3207,耀勝,4138094,37.95,38.6,37.95,38.25
3211,順達,1547011270,381.0,392.5,380.0,386.0
3213,茂訊,19352893,125.0,126.0,124.5,125.5
3217,優群,17231987,129.5,130.0,129.0,130.0
3218,大學光,11883224,134.0,134.5,133.5,133.5
3219,倚強科,177490158,123.5,125.5,120.5,125.5
3221,台嘉碩,251539975,50.3,52.3,49.5,50.8
3224,三顧,2152106,31.95,31.95,30.4,31.0
3226,龍鋒,3824799,58.7,60.5,58.4,60.1
3227,原相,112091794,184.0,188.5,184.0,185.5
3228,金麗科,171011917,175.5,185.0,175.5,180.0
3230,錦明,21612256,40.55,41.95,40.55,41.7
3232,昱捷,1210107,21.1,21.1,20.8,20.8
3234,光環,310019008,180.0,180.0,171.5,174.5
3236,千如,63918473,43.6,45.3,43.1,44.1
3252,海灣,123657,15.3,15.75,15.25,15.45
3259,鑫創,160306,9.63,9.71,9.63,9.71
3260,威剛,1071294202,377.5,378.0,374.0,377.0
3264,欣銓,2562573289,245.0,245.0,238.0,241.5
3265,台星科,135096470,183.0,184.0,179.0,180.5
3268,海德威,9487429,21.9,21.9,21.05,21.5
3272,東碩,898757,13.9,13.9,13.55,13.7
3276,宇環,533292,13.75,14.0,13.75,13.85
3284,太普高,1864574,19.75,19.75,19.35,19.4
3285,微端,1753814,42.65,42.8,41.5,41.6
3287,廣寰科,19669245,41.1,41.95,41.1,41.2
3288,點晶,914256,20.7,21.8,20.4,20.9
3289,宜特,64627583,141.5,141.5,139.0,139.5
3290,東浦,43581913,46.3,48.4,46.1,47.8
3293,鈊象,2718566385,774.0,796.0,766.0,779.0
3294,英濟,45195161,33.65,33.65,32.35,32.9
3297,杭特,10150101,34.35,34.35,32.85,32.85
3303,岱稜,8029213,48.15,48.65,48.1,48.35
3306,鼎天,12559026,45.65,47.7,45.65,47.6
3310,佳穎,701753,69.5,69.5,67.6,68.9
3313,斐成,86529,10.5,10.5,10.5,10.5
3317,尼克森,261731217,67.3,67.3,65.0,65.4
3322,建舜電,1185331,11.05,11.15,11.0,11.1
3323,加百裕,30796109,28.2,29.95,28.2,29.35
3324,雙鴻,6419514990,1680.0,1680.0,1595.0,1630.0
3325,旭品,1107993,11.55,11.95,11.55,11.7
3332,幸康,3952,,,,
3339,泰谷,82691303,46.75,48.0,46.05,46.2
3349,寶德,1206675,19.9,20.6,19.8,19.95
3354,律勝,22394324,29.7,29.95,29.0,29.25
3357,臺慶科,88631611,204.0,206.0,202.5,203.0
3360,尚立,2508309,15.15,15.25,15.05,15.1
3362,先進光,129458759,171.5,173.0,170.0,171.0
3363,上詮,1040499807,645.0,666.0,643.0,652.0
3372,典範,6574240,15.8,16.6,15.7,16.3
3373,熱映,372213,16.0,16.2,16.0,16.05
3374,精材,932382868,439.5,457.0,436.5,455.0
3379,彬台,1653272,26.85,27.55,26.7,27.3
3388,崇越電,14150451,82.4,82.5,81.3,81.6
3390,旭軟,4236682,21.75,22.8,21.75,22.3
3402,漢科,41431075,129.5,132.5,129.0,131.0
3430,奇鈦科,37751630,112.0,114.5,110.5,112.5
3434,哲固,1776273,31.9,31.9,31.15,31.55
3438,類比科,1761976,62.9,62.9,61.1,61.3
3441,聯一光,140832594,177.5,185.0,176.0,185.0
3444,利機,17656124,80.1,82.0,79.8,80.6
3455,由田,1504837327,258.5,276.0,256.0,267.0
3465,進泰電子,60159,29.65,29.65,29.65,29.65
3466,德晉,1934516,23.85,24.25,23.75,23.85
3467,台灣精材,119512860,78.4,80.0,73.4,74.6
3479,安勤,151524080,137.0,140.0,135.0,138.5
3483,力致,17814572,77.5,78.0,76.1,77.5
3484,崧騰,6096712,46.2,47.1,46.2,46.75
3485,敘豐,28004675,200.0,215.5,197.0,201.0
3489,森寶,4508993,22.9,23.45,22.4,23.25
3490,單井,196427384,44.85,46.45,44.85,45.1
3491,昇達科,2420703450,1595.0,1630.0,1510.0,1510.0
3492,長盛,156520,19.15,19.15,19.0,19.05
3498,陽程,1096422347,216.0,235.0,212.0,235.0
3499,環天科,97145,13.5,13.7,13.5,13.7
3508,位速,14143022,25.3,26.7,25.0,25.95
3511,矽瑪,2022354,19.55,19.8,19.35,19.45
3512,皇龍,158572,19.2,19.25,19.2,19.2
3516,亞帝歐,176963,25.0,25.0,25.0,25.0
3520,華盈,2939719,17.35,17.5,17.0,17.1
3521,台鋼建設,432707,11.7,11.8,11.65,11.75
3522,御嵿,2194294,12.65,12.65,12.25,12.55
3523,迎輝,242110,14.95,14.95,14.9,14.95
3526,凡甲,43390820,270.5,273.5,268.5,270.5
3527,聚積,2133973,51.0,51.6,50.9,51.6
3529,力旺,7820204530,3175.0,3410.0,3145.0,3305.0
3531,先益,0,,,,
3537,堡達,3748608,52.3,54.0,52.3,52.6
3540,曜越,4671430,22.75,23.0,22.65,22.7
3541,西柏,2021557,24.8,24.8,24.35,24.45
3546,宇峻,3253894,72.5,73.0,72.5,72.7
3548,兆利,8589248,77.1,77.5,76.3,77.1
3551,世禾,178807846,181.0,191.0,181.0,186.5
3552,同致,27547815,44.2,44.9,43.2,43.45
3555,博士旺,10622188,166.0,171.0,165.0,168.0
3556,禾瑞亞,6378074,57.7,58.3,57.3,57.9
3558,神準,6817939,121.0,124.5,121.0,124.5
3564,其陽,13839121,49.75,50.7,49.75,50.4
3567,逸昌,9126835,25.6,26.4,25.0,25.8
3570,大塚,1996796,168.0,168.5,167.0,167.0
3577,泓格,124220147,114.0,125.0,112.5,122.0
3580,友威科,358842782,102.5,111.5,100.5,111.0
3581,博磊,23220263,103.0,109.0,102.5,106.5
3587,閎康,69615562,240.0,241.0,236.5,239.5
3594,磐儀,12111777,46.3,48.0,46.3,47.2
3597,映興,1244922,26.8,28.15,26.75,27.85
3609,三一東林,1213530,23.0,23.9,22.9,23.5
3611,鼎翰,4378923,183.0,183.0,182.0,183.0
3615,安可,141642235,37.8,41.65,37.5,41.65
3623,富晶通,9492909,28.4,29.5,28.4,29.15
3624,光頡,2695004842,139.0,143.5,138.0,140.0
3625,西勝,5744631,11.1,11.3,10.9,11.2
3628,盈正,4032945,74.2,74.2,72.9,72.9
3629,地心引力,17300,17.3,17.3,17.3,17.3
3630,新鉅科,8997596,27.2,27.2,26.55,26.65
3631,晟楠,2566655,40.0,40.4,39.65,39.95
3632,研勤,100295,7.2,7.2,7.19,7.19
3646,艾恩特,149615,24.95,24.95,24.75,24.8
3663,鑫科,34499422,61.4,63.5,61.0,62.4
3664,安瑞-KY,807180,8.91,8.91,8.86,8.86
3666,光耀,1013440,25.2,25.3,25.0,25.3
3672,康聯訊,206262,13.0,13.0,12.5,12.5
3675,德微,952242850,337.5,354.5,331.0,334.0
3680,家登,594130572,536.0,555.0,536.0,548.0
3684,榮昌,353846,53.1,53.4,52.9,53.4
3685,元創精密,11232297,35.2,35.5,34.15,35.2
3687,歐買尬,1732938,60.3,60.9,59.9,60.3
3689,湧德,29585355,110.0,111.0,109.5,110.0
3691,碩禾,162061495,120.5,126.0,118.5,118.5
3693,營邦,941721669,719.0,734.0,701.0,702.0
3707,漢磊,1508228748,72.5,74.5,72.3,72.9
3709,鑫聯大投控,15044423,64.0,64.2,63.4,64.0
3710,連展投控,3446040,7.65,8.55,7.65,8.52
3713,新晶投控,613703,13.8,13.95,13.15,13.9
3718,中光電投控,72633043,65.1,65.8,64.6,64.6
4102,永日,135389,18.35,18.45,18.25,18.35
4105,東洋,23140231,78.6,78.9,78.0,78.8
4107,邦特,4746026,110.5,111.0,110.0,110.5
4109,加捷生醫,598502,11.1,11.1,10.95,11.05
4111,濟生,498007,28.7,28.85,28.65,28.8
4113,聯上,9556728,15.5,15.55,15.35,15.55
4114,健喬,17870156,29.4,29.5,29.3,29.3
4116,明基醫,449202,39.4,39.8,39.4,39.4
4120,友華,191135,45.7,46.1,45.7,46.1
4121,優盛,231068,12.55,12.8,12.55,12.75
4123,晟德,32188437,31.0,31.25,30.85,31.0
4126,太醫,652015,77.9,77.9,77.8,77.9
4127,天良,14862424,49.15,49.15,46.6,47.5
4128,中天,18060990,14.65,15.15,14.65,15.0
4129,聯合,10327152,82.4,83.4,82.4,82.9
4131,浩泰,630350,31.4,32.45,30.95,31.95
4138,曜亞,3021022,56.8,56.9,55.1,55.1
4139,馬光-KY,2610747,41.45,42.1,40.6,41.65
4147,中裕,36445194,62.1,63.6,61.6,63.0
4153,鈺緯,142730,31.4,31.5,31.4,31.5
4154,樂威科-KY,653706,11.8,13.0,11.8,12.9
4157,太景*-KY,6697557,8.89,8.92,8.68,8.68
4160,訊聯基因,243912,39.3,39.3,39.05,39.05
4161,聿新科,899923,22.4,22.45,21.95,22.05
4162,智擎,6335882,55.3,55.7,55.1,55.4
4163,鐿鈦,3114638,133.5,135.0,133.5,135.0
4166,友霖,573450,24.0,24.0,23.75,23.85
4167,松瑞藥,10592245,19.5,19.6,19.4,19.55
4168,醣聯,782977,21.95,21.95,21.65,21.7
4171,瑞基,504388,16.25,16.5,16.1,16.5
4173,久裕,907491,17.1,17.1,16.95,17.1
4174,浩鼎,52731622,32.65,35.65,32.45,35.65
4175,杏一,693337,51.0,51.0,50.5,50.5
4183,福永生技,95933,13.3,13.95,13.3,13.95
4188,安克,1713096,13.85,14.25,13.6,13.9
4192,杏國,92905,18.45,18.45,17.65,18.45
4198,欣大健康,1108020,50.0,50.0,48.35,49.9
4205,中華食,879299,68.2,68.5,68.2,68.5
4207,環泰,3324842,19.4,19.5,19.3,19.45
4303,信立,27848045,34.5,34.5,33.05,33.4
4304,勝昱,689071,18.3,18.45,17.65,17.7
4305,世坤,125250,41.95,41.95,41.55,41.75
4401,東隆興,311052,13.9,13.95,13.65,13.85
4402,郡都開發,168122,13.65,14.4,13.6,14.15
4406,新昕纖,369010,10.25,10.25,10.25,10.25
4413,飛寶企業,1342701,20.5,21.15,20.3,20.5
4416,三圓,13247768,13.8,14.3,13.75,13.75
4417,金洲,2144682,50.0,50.0,49.65,49.65
4419,皇家美食,3756385,47.0,49.0,46.95,49.0
4420,光明,360544,35.55,35.8,35.55,35.8
4430,耀億,579134,17.65,18.0,17.65,17.8
4432,銘旺實,479907,15.5,15.55,15.25,15.4
4433,興采,375501,18.25,18.25,17.95,18.05
4442,竣邦-KY,752736,53.7,53.7,53.1,53.2
4502,健信,81398,15.65,15.75,15.65,15.7
4503,金雨,2812127,24.4,24.75,23.9,24.0
4506,崇友,5152581,118.5,118.5,117.5,118.0
4510,高鋒,12829804,42.95,43.9,42.95,43.05
4513,福裕,3036058,16.5,16.7,16.2,16.3
4523,永彰,771043,23.5,24.0,23.5,23.85
4527,方土霖,663600,40.55,40.9,40.55,40.9
4528,江興鍛,252045,14.85,14.9,14.85,14.85
4529,淳紳,16656,3.33,3.33,3.33,3.33
4530,天意能創,234911,23.5,24.25,23.45,24.2
4533,協易機,11196515,25.35,25.55,24.9,25.5
4534,慶騰,24829899,31.2,32.25,30.6,31.3
4535,至興,388038,26.7,27.0,26.55,26.8
4538,大詠城,176781,17.5,17.55,17.35,17.55
4541,晟田,30882294,59.3,60.3,59.2,59.3
4542,科嶠,183771306,329.0,342.0,329.0,339.0
4543,萬在,4919361,28.55,28.7,28.45,28.5
4549,桓達,2954475,97.0,97.0,95.6,96.2
4550,長佳,126446,24.0,24.15,24.0,24.15
4554,橙的,773730,28.25,28.25,28.05,28.05
4556,旭然,53877324,92.1,97.4,92.1,92.4
4558,寶緯,477450,17.1,17.2,16.9,16.9
4561,健椿,2868098,42.0,42.75,41.65,41.9
4563,百德,12238358,51.3,52.6,50.8,51.4
4568,科際精密,156600,39.15,39.2,39.05,39.05
4577,達航科技,14307013,83.5,85.6,83.5,84.0
4580,捷流閥業,2611270,80.5,81.0,80.5,81.0
4584,君帆,1154,,,,
4609,唐鋒,0,,,,
4702,中美實,137756,9.44,9.44,9.22,9.32
4706,大恭,34891,33.85,33.85,33.85,33.85
4707,磐亞,42990498,29.95,30.35,29.2,29.65
4711,永純,810575,16.25,16.25,16.1,16.2
4714,永捷,9006891,12.05,12.05,11.8,11.8
4716,大立,7386809,17.0,17.0,16.8,16.9
4721,美琪瑪,72778361,77.4,81.0,77.0,79.8
4726,永昕,1959352,22.35,22.65,22.1,22.65
4728,雙美,2001908,397.0,399.5,397.0,399.5
4729,熒茂,1343775,18.8,19.0,18.7,18.8
4735,豪展,2330856,36.25,36.9,36.2,36.2
4741,泓瀚,7432342,38.0,41.25,38.0,40.05
4743,合一,48101706,45.0,46.3,44.8,45.7
4744,皇將,1895033,28.05,28.8,27.95,28.65
4745,合富-KY,1189966,11.95,12.15,11.95,12.1
4747,強生*,783582,23.5,23.6,23.05,23.6
4749,新應材,828371439,728.0,780.0,725.0,764.0
4754,國碳科,880931,37.8,37.8,37.3,37.7
4760,勤凱,63027255,268.0,268.0,259.5,260.0
4767,誠泰科技,1933257,28.4,28.4,27.8,28.3
4768,晶呈科技,566863586,325.5,357.5,323.0,357.5
4772,台特化,746963439,252.0,273.0,250.0,271.0
4903,聯光通,274421777,42.75,44.3,42.2,42.8
4905,台聯電,854779,77.0,78.1,76.4,76.7
4907,富宇,673087,45.65,45.65,44.95,45.25
4908,前鼎,260812327,208.5,212.0,205.0,205.5
4909,新復興,25154820,34.65,36.35,34.4,35.8
4911,德英,361669,28.95,28.95,28.2,28.45
4923,力士,59253182,62.4,63.7,60.6,61.2
4924,欣厚-KY,10734784,16.3,16.85,15.0,15.0
4931,新盛力,1683195046,241.0,259.0,241.0,246.0
4933,友輝,826190,54.3,54.3,53.3,53.4
4939,亞電,226971358,73.2,76.7,73.1,75.3
4946,辣椒,3461795,98.6,102.5,98.6,102.0
4950,金耘國際,74692,15.5,15.55,15.5,15.55
4951,精拓科,30754344,88.9,90.7,88.6,90.2
4953,緯致,15794456,117.0,117.5,116.0,116.5
4966,譜瑞-KY,132946727,575.0,575.0,569.0,569.0
4971,IET-KY,330194434,543.0,555.0,539.0,540.0
4972,湯石照明,156818,16.3,16.35,16.3,16.35
4973,廣穎,40707935,134.0,135.5,132.5,135.0
4974,亞泰,2948071,70.2,70.8,70.0,70.6
4979,華星光,540855827,560.0,570.0,556.0,567.0
4991,環宇-KY,2042528861,455.0,493.0,455.0,474.5
4995,晶達,2543518,49.1,50.5,49.1,50.1
5009,榮剛,48765597,32.1,32.75,32.0,32.6
5011,久陽,3401924,18.4,18.9,18.35,18.75
5013,強新,39611594,34.7,35.25,32.95,35.25
5014,建錩,5542077,9.98,10.4,9.98,10.2
5015,華祺,348631,21.5,21.6,21.1,21.35
5016,松和,124269,24.8,24.8,24.8,24.8
5201,凱衛,922133,29.95,29.95,28.95,29.55
5202,力新,6591550,14.6,14.6,14.1,14.25
5205,中茂,17,,,,
5206,坤悅,2224311,22.8,22.85,22.6,22.75
5209,新鼎,9077349,166.5,167.5,166.5,166.5
5210,寶碩,10333035,29.95,30.6,29.95,30.25
5211,蒙恬,68921,20.1,20.2,20.1,20.2
5212,凌網,1044176,48.5,49.0,48.5,48.9
5213,亞昕,2392269,20.85,21.0,20.6,20.8
5220,萬達光電,9873758,20.1,22.0,20.1,22.0
5223,安力-KY,68594,22.45,23.1,22.45,23.0
5227,立凱-KY,7833875,30.2,32.1,30.2,30.65
5228,鈺鎧,2535376,39.8,40.1,39.35,39.35
5230,雷笛克光學,35331449,23.3,23.6,22.05,22.15
5245,智晶,1175222,21.0,21.0,20.55,20.6
5251,天鉞電,3379028,30.55,30.55,29.9,30.0
5263,智崴,20918728,89.6,89.8,88.5,89.6
5272,笙科,843919,17.2,17.2,17.05,17.15
5274,信驊,5173302638,20430.0,20430.0,19040.0,19395.0
5276,達輝-KY,0,,,,
5278,尚凡*,1134835,23.7,23.95,23.7,23.9
5287,數字,9396735,137.5,138.0,136.5,137.5
5289,宜鼎,1158839515,1305.0,1330.0,1280.0,1280.0
5291,邑昇,12513851,57.7,59.2,57.7,58.8
5299,杰力,15503029,101.5,102.5,100.0,100.0
5301,寶得利,129135,4.92,4.99,4.9,4.99
5302,太欣,1399234,9.8,9.81,9.7,9.72
5309,系統電,751622026,53.5,59.1,53.5,59.1
5310,天剛,8419116,28.7,29.65,28.4,29.0
5312,寶島科,706561,90.1,90.5,89.9,89.9
5314,世紀*,251420543,26.0,27.5,26.0,27.45
5315,光聯,2437753,19.0,19.0,18.7,18.7
5321,美而快,14583574,68.6,69.9,67.5,67.5
5324,士開,314601,12.45,12.45,12.4,12.4
5328,華容,90885694,52.2,53.7,51.8,52.3
5340,建榮,58057743,81.3,81.7,80.5,80.5
5344,立衛,644977,13.35,13.4,13.3,13.35
5345,馥鴻,201785,20.3,22.0,20.3,22.0
5347,世界,6265305213,172.5,182.5,170.5,178.5
5348,正能量智能,55778,16.15,16.35,16.15,16.35
5351,鈺創,370411665,106.5,110.0,106.0,109.5
5353,台林,439574,28.6,28.6,28.1,28.45
5355,佳總,1210191,6.98,7.0,6.8,7.0
5356,協益,3635432,25.6,25.65,25.45,25.5
5364,力麗店,175260,8.33,8.38,8.28,8.35
5381,光譜,4581293,23.45,23.5,23.2,23.2
5386,青雲,101654210,285.5,287.0,281.0,285.0
5392,能率,15221295,39.5,39.7,39.3,39.4
5398,慕康生醫,530136,13.9,13.9,13.65,13.9
5403,中菲,2632081,93.0,93.4,92.0,92.9
5410,國眾,3774258,33.0,33.25,33.0,33.2
5425,台半,632696535,94.0,96.7,93.7,95.8
5426,振發,7092857,27.9,28.4,27.65,27.8
5432,新門,12713203,163.5,164.0,160.0,160.5
5438,東友,928492,17.0,17.0,16.7,17.0
5439,高技,126384370,253.0,253.5,249.0,253.0
5443,均豪,227308238,106.5,112.0,106.5,109.5
5450,南良,1164942,14.85,15.0,14.6,14.75
5452,佶優,4918672,27.5,27.55,27.1,27.15
5455,昇益,61050,30.35,30.7,30.35,30.7
5457,宣德,12393175,23.9,23.9,23.4,23.5
5460,同協,169927,16.95,16.95,16.85,16.9
5464,霖宏,94004932,89.5,95.5,89.1,90.0
5465,富驊,115046475,35.35,36.95,34.25,34.7
5468,凱鈺,4855708,24.55,25.85,24.55,25.55
5474,聰泰,17695240,161.0,162.0,157.5,158.0
5475,德宏,458866164,182.0,184.0,179.5,180.5
5478,智冠,2769706,97.1,97.2,97.0,97.0
5481,新華,1473586,21.8,22.0,21.8,22.0
5483,中美晶,2509622190,187.0,192.0,186.0,189.0
5487,通泰,267214,28.85,29.0,28.5,28.5
5488,松普,1228768,11.75,11.85,11.65,11.75
5489,彩富,2983103,42.5,44.0,42.2,42.2
5490,同亨,5477185,25.65,25.75,25.35,25.45
5493,三聯,18889439,93.9,94.1,90.4,90.6
5498,凱崴,40664056,49.9,50.3,49.45,49.85
5508,永信建,11114218,53.6,53.6,52.3,53.0
5511,德昌,6186849,69.7,70.3,69.3,69.7
5512,力麒,8631072,7.71,7.71,7.68,7.7
5514,三豐,18093,15.1,15.1,15.1,15.1
5516,雙喜,36204,12.0,12.0,12.0,12.0
5520,力泰,170097,83.2,83.2,83.2,83.2
5523,豐謙,575350,30.25,30.35,30.2,30.35
5529,鉅陞,4213661,26.45,26.6,26.25,26.5
5530,龍巖,7761071,49.0,49.1,48.6,48.75
5536,聖暉*,633764287,902.0,907.0,886.0,902.0
5543,桓鼎-KY,430072,26.0,27.1,26.0,26.95
5547,久舜,376310,20.0,20.0,20.0,20.0
5548,安倉,236338,20.2,20.35,20.2,20.2
5601,台聯櫃,144500,28.9,28.9,28.9,28.9
5603,陸海,613044,13.55,13.55,13.4,13.4
5604,中連,411151,31.05,31.05,30.9,30.95
5609,中菲行,8574807,78.5,78.5,77.9,78.2
5701,劍湖山,501324,4.14,4.14,4.0,4.07
5703,亞都,0,,,,
5704,老爺知,147438,22.75,22.8,22.5,22.5
5864,致和證,65372684,36.85,37.25,36.5,36.9
5878,台名,343227,38.0,38.0,37.9,37.9
5902,德記,174513,34.25,34.25,34.1,34.2
5903,全家,3865696,186.0,187.0,185.5,186.5
5904,寶雅*,313155115,69.3,69.4,68.6,68.8
5905,南仁湖,3322090,7.31,7.65,7.25,7.4
6015,宏遠證,21086098,17.6,17.7,17.35,17.4
6016,康和證,55616696,23.6,23.85,23.45,23.5
6020,大展證,61950,20.7,20.75,20.5,20.5
6021,美好證,7885500,42.3,42.3,40.85,41.1
6023,元大期,38530610,86.0,87.4,85.8,86.0
6026,福邦證,9796883,15.85,16.0,15.8,15.9
6028,公勝保經,1897279,99.9,99.9,97.2,98.8
6101,寬魚國際,2695814,38.0,38.0,37.2,37.25
6103,合邦,5363590,42.6,44.35,41.8,41.8
6104,創惟,24755033,90.1,91.5,89.4,91.0
6109,亞元,1324876,10.4,10.4,10.25,10.35
6111,光聚晶電,7632316,36.75,37.8,36.7,37.8
6113,亞矽,585520,22.2,22.45,22.15,22.15
6114,久威,374895,23.5,23.6,23.25,23.25
6118,建達,15255840,16.2,16.8,15.9,15.95
6121,新普,120037168,375.0,382.0,374.5,379.5
6122,擎邦,138755818,57.7,60.0,57.6,59.7
6123,上奇,1645837,42.9,43.2,42.7,43.2
6124,業強,42365,27.45,27.45,27.45,27.45
6125,廣運,16543300,48.6,49.8,48.6,49.25
6126,信音,6004199,31.35,31.35,30.65,30.8
6127,九豪,326656977,48.45,51.7,47.9,51.0
6129,普誠,2013217,14.75,15.0,14.65,14.65
6130,上亞科技,1875649,23.85,23.95,23.25,23.8
6134,萬旭,1559426,29.25,29.3,29.1,29.25
6138,茂達,112080143,275.5,283.0,275.5,278.5
6140,訊達,7972614,21.1,21.2,20.7,20.75
6143,振曜,14062923,81.0,82.0,80.8,81.0
6144,得利影,100587,12.55,12.65,12.4,12.55
6146,耕興,27811101,178.5,181.5,178.5,180.0
6147,頎邦,4332105842,211.5,217.0,208.0,208.5
6148,驊宏資,74459768,39.2,39.8,38.2,38.5
6150,撼訊,7290573,60.9,62.5,60.9,62.1
6151,晉倫,3616099,35.2,35.3,34.7,34.75
6154,順發,388928,14.2,14.25,14.1,14.15
6156,松上,19585919,20.85,21.8,20.85,21.65
6158,禾昌,257059,17.4,17.4,17.15,17.25
6160,欣技,548452,14.2,14.2,13.9,13.9
6161,捷波,2932408,48.4,49.75,48.4,49.0
6163,華電網,20182827,41.4,42.15,41.15,41.5
6167,久正,1828053,10.2,10.3,10.2,10.2
6169,昱泉,125245,12.1,12.1,12.0,12.0
6170,統振,9620414,48.55,49.0,48.5,48.8
6171,大城地產,2484902,26.65,26.7,26.45,26.6
6173,信昌電,2123723306,303.0,314.0,296.5,297.5
6174,安碁,50309913,45.7,47.25,44.9,45.05
6175,立敦,17874862,70.2,70.2,68.7,69.2
6179,亞通,269577177,36.6,37.9,36.2,37.45
6180,橘子,9666833,40.55,41.3,40.55,41.1
6182,合晶,8021062105,119.5,124.5,117.0,121.0
6185,幃翔,1415531,12.45,12.5,12.35,12.35
6186,新潤,10324749,29.0,29.2,28.85,29.0
6187,萬潤,4541557030,1230.0,1310.0,1230.0,1310.0
6188,廣明,29731450,62.0,62.6,61.5,61.6
6190,萬泰科,71773120,68.6,69.5,68.2,69.3
6194,育富,4798357,30.5,30.5,29.6,29.6
6195,詩肯,612959,28.1,28.3,28.1,28.3
6198,瑞築,0,,,,
6199,天品,993253798,125.0,127.0,124.5,126.0
6203,海韻電,3537104,59.4,59.9,59.2,59.9
6204,艾華,67921144,110.0,110.0,102.5,103.0
6207,雷科,3082559179,130.5,137.5,127.5,137.5
6208,日揚,7537538,74.4,75.5,74.3,74.6
6210,慶生,161204,17.8,17.8,17.25,17.75
6212,理銘,139195,33.2,34.95,33.2,33.65
6217,中探針,301016935,167.0,175.5,166.0,173.0
6218,豪勉,91779461,64.9,64.9,61.8,63.2
6219,富旺,994663,12.0,12.15,12.0,12.15
6220,岳豐,3063231,25.25,25.3,24.8,25.25
6221,晉泰,38370943,33.9,33.9,32.6,32.85
6222,立軒,18800,18.8,18.8,18.8,18.8
6223,旺矽,5877940485,5400.0,5400.0,5140.0,5185.0
6227,茂綸,101367162,133.0,140.5,133.0,136.0
6228,全譜,1153521,20.0,20.0,19.15,19.8
6229,研通,4616443,23.35,24.55,23.35,24.0
6231,系微,149375967,236.0,244.5,232.5,241.0
6233,旺玖,2473785,21.45,21.8,21.45,21.8
6234,高僑,39993692,37.85,40.1,37.85,38.9
6236,中湛,18450,18.45,18.45,18.45,18.45
6237,驊訊,15163371,37.0,37.0,35.8,36.2
6240,松崗,695742,26.2,27.0,25.45,25.5
6241,鑫永洋,922551,15.0,16.65,15.0,15.55
6242,立康,41596,34.1,34.1,34.1,34.1
6244,茂迪,43216828,23.5,23.9,23.4,23.5
6245,立端,109846597,86.1,88.7,86.0,88.7
6246,臺龍,156848,12.85,12.9,12.85,12.9
6248,沛波,806910,16.8,16.9,16.75,16.85
6259,百徽,2190071,29.15,29.45,29.0,29.3
6261,久元,18943299,78.8,79.1,77.9,78.4
6263,普萊德,9468163,157.0,157.0,155.5,155.5
6264,富裔,493437,5.97,6.01,5.97,6.01
6265,方土昶,40175879,48.25,48.25,47.25,47.8
6266,泰詠,1574874,24.75,24.9,24.75,24.85
6270,倍微,12946554,29.7,30.9,29.7,30.25
6274,台燿,8796241490,1495.0,1515.0,1465.0,1485.0
6275,元山,11833737,46.0,47.45,46.0,46.55
6276,安鈦克,936909,19.5,19.7,18.8,19.45
6279,胡連,24528418,111.5,112.0,111.0,111.5
6284,佳邦,56260054,73.3,77.4,73.1,77.0
6290,良維,447760261,272.5,274.0,267.0,269.5
6291,沛亨,368848528,484.0,501.0,481.0,499.0
6292,迅德,11795729,66.9,67.5,66.0,66.8
6294,智基,284759,28.35,28.35,28.25,28.25
6411,晶焱,13681271,77.9,78.5,77.4,77.5
6417,韋僑,2545500,102.5,102.5,101.0,102.0
6418,詠昇,803324,35.05,35.05,34.35,34.6
6419,京晨科,18903291,151.5,155.0,151.0,152.0
6423,億而得,1985034,88.0,88.0,85.7,85.9
6425,易發,77766500,70.1,74.5,69.9,74.0
6432,今展科,11385924,59.1,61.0,59.1,59.5
6435,大中,79199285,250.5,256.0,250.5,252.5
6441,廣錠,4996312,25.35,25.5,24.7,24.75
6461,益得,1082474,24.0,24.4,23.8,24.3
6462,神盾,115603577,99.7,104.0,99.7,103.0
6465,威潤,2528587,42.75,42.75,41.0,41.45
6469,大樹,16774224,64.2,64.9,64.2,64.5
6470,宇智,477328,42.35,42.85,42.35,42.7
6474,華豫寧,377376,35.55,35.6,35.5,35.5
6482,弘煜科,71175,23.35,23.35,23.35,23.35
6485,點序,18731195,68.0,70.3,67.7,70.0
6486,互動,3449628,80.6,81.0,80.6,80.6
6488,環球晶,8664616410,940.0,964.0,930.0,945.0
6492,生華科,2383165,33.9,34.25,33.75,34.15
6494,九齊,4800037,50.5,52.0,50.5,50.8
6496,科懋,12070,,,,
6498,久禾光,3908272,66.2,67.5,66.1,67.5
6499,益安,10504480,73.2,74.5,72.5,74.5
6506,雙邦,629937,18.3,18.5,18.3,18.5
6508,惠光,695486,27.0,27.5,26.95,27.0
6509,聚和,40276528,47.6,48.4,47.6,48.15
6510,精測,2419367275,3245.0,3285.0,3055.0,3140.0
6512,啟發電,34651,20.25,20.25,20.25,20.25
6516,勤崴國際,2336279,57.5,57.5,56.2,56.2
6517,保勝光學,8253772,63.7,63.7,62.1,62.8
6523,達爾膚,3388637,89.8,91.0,89.8,90.4
6527,明達醫,764844,75.0,75.0,74.5,75.0
6530,創威,101637328,99.0,100.5,98.8,99.5
6532,瑞耘,239790984,99.8,108.0,99.6,108.0
6535,順藥,16173117,80.4,82.7,78.9,80.7
6538,倉和,1373048198,400.0,417.0,358.5,358.5
6542,隆中,0,,,,
6546,正基,22104927,58.6,59.3,57.0,58.6
6547,高端疫苗,174431761,60.9,61.8,60.5,60.9
6548,長科*,62685414,71.2,72.4,71.1,71.8
6556,勝品,319588,61.5,61.9,61.5,61.9
6560,欣普羅,723192,32.7,32.7,32.2,32.4
6561,是方,40485209,306.5,308.5,305.0,308.5
6568,宏觀,19555816,142.5,145.0,141.5,144.0
6569,醫揚,3360863,92.0,93.0,91.6,92.0
6570,維田,5720468,46.65,49.9,46.65,47.75
6574,霈方,2641459,117.5,119.5,116.5,119.5
6576,逸達,9390578,80.2,80.3,79.2,79.7
6577,勁豐,1259538,80.0,80.2,79.4,79.4
6578,達邦蛋白,309624,16.8,16.8,16.55,16.55
6584,南俊國際,306811806,546.0,546.0,536.0,543.0
6588,東典光電,78137484,110.0,112.0,107.0,107.5
6590,普鴻,880502,66.9,66.9,65.8,66.2
6593,台灣銘板,745658,32.05,32.4,32.05,32.25
6596,寬宏藝術,5974339,96.8,97.2,96.7,96.9
6597,立誠,162332,68.6,68.6,68.5,68.5
6603,富強鑫,131463612,27.5,29.65,27.4,29.25
6609,瀧澤科,2450320,39.65,39.8,39.3,39.6
6612,奈米醫材,1309650,70.3,71.9,70.3,71.8
6613,朋億*,37559303,271.5,272.0,268.5,270.0
6615,慧智,146475,33.5,33.5,33.4,33.4
6616,特昇-KY,448395,8.19,8.32,7.91,8.23
6617,共信-KY,55456972,137.0,137.0,132.0,133.0
6620,漢達,382008439,125.0,136.0,123.5,136.0
6624,萬年清,315574,39.1,39.2,37.6,39.2
6629,泰金-KY,375596,104.0,104.5,103.5,103.5
6637,醫影,470264,54.1,54.1,54.0,54.1
6640,均華,458204150,1000.0,1070.0,995.0,1040.0
6642,富致,25541951,77.8,81.7,77.4,80.7
6643,M31,834245991,509.0,534.0,502.0,505.0
6649,台生材,820308,37.7,37.7,36.55,36.8
6651,全宇昕,23724813,149.5,152.5,148.0,150.5
6654,天正國際,4239937,197.0,203.5,192.0,200.0
6661,威健生技,318834,17.4,17.4,16.1,16.2
6662,樂斯科,0,,,,
6664,群翊,215028741,358.5,372.0,355.5,370.0
6667,信紘科,67518143,260.5,264.0,258.5,259.0
6679,鈺太,79276591,204.0,208.5,203.0,206.0
6680,鑫創電子,431297,53.7,53.7,51.0,51.3
6683,雍智科技,1144099195,1515.0,1540.0,1450.0,1475.0
6684,安格,9826663,48.2,51.2,48.2,50.9
6690,安碁資訊,21141826,181.0,181.0,176.5,177.5
6692,進能服,449622,22.5,23.4,22.35,23.2
6693,廣閎科,839053107,206.5,220.5,203.5,218.0
6697,東捷資訊,802672,41.5,41.5,41.1,41.1
6703,軒郁,2850400,99.8,101.0,99.8,100.0
6708,天擎,9795943,47.05,47.05,47.05,47.05
6712,長聖,31401623,160.0,163.0,160.0,161.5
6716,應廣,17108336,115.0,117.0,114.5,114.5
6720,久昌,1153006,127.5,128.0,126.0,127.5
6721,信實,207591,50.0,50.0,50.0,50.0
6725,矽科宏晟,11460029,216.0,218.0,214.0,217.5
6727,亞泰金屬,818636385,492.5,505.0,481.5,483.0
6728,上洋,3368032,108.5,109.0,108.0,108.0
6730,常廣,193374,32.0,32.0,31.6,32.0
6732,昇佳電子,9205359,151.0,152.0,149.0,151.0
6733,博晟生醫,1009125,24.9,25.45,24.9,25.1
6735,美達科技,6849857,65.7,66.8,63.8,64.9
6739,竹陞科技,202977475,1100.0,1135.0,1090.0,1125.0
6741,91APP*-KY,5399943,55.2,55.7,55.0,55.4
6751,智聯服務,1347511,44.1,45.25,44.1,44.95
6752,叡揚,1235141,96.4,96.4,95.4,95.9
6761,穩得,14177095,164.5,165.5,163.0,163.5
6762,達亞,0,,,,
6763,綠界科技*,2494449,41.5,41.65,41.15,41.15
6767,台微醫,145700,23.7,24.45,23.7,24.45
6785,昱展新藥,2918658,97.3,97.4,96.2,96.2
6788,華景電,68568349,343.5,349.5,340.5,344.5
6791,虎門科技,609300,99.7,99.9,99.1,99.1
6803,崑鼎,24361398,266.0,267.0,265.0,266.5
6804,明係,870382,18.1,18.15,18.1,18.1
6811,宏碁資訊,81453233,244.0,244.0,237.5,239.5
6821,聯寶,1690207,40.6,41.1,40.4,40.95
6823,濾能,7265088,60.6,64.2,60.0,63.0
6829,千附精密,53050041,210.0,210.0,207.0,208.5
6840,東研信超,28167179,103.0,103.0,98.6,99.5
6841,長佳智能,36438508,54.5,55.8,54.5,55.3
6843,進典,115400,38.5,38.55,38.35,38.35
6844,諾貝兒,630169,57.0,57.4,57.0,57.4
6846,綠茵,250147,59.5,59.5,58.0,58.2
6855,數泓科,24270,,,,
6856,鑫傳,206926,41.2,41.8,41.1,41.8
6859,伯特光,1319654,119.0,120.0,118.5,120.0
6865,偉康科技,252425,28.05,28.05,27.7,28.0
6870,騰雲,17558256,335.5,335.5,328.5,330.5
6872,浩宇生醫,7396231,24.5,24.5,23.3,24.0
6874,倍力,573461,70.4,70.4,69.2,70.2
6875,國邑*,2814856,32.0,32.05,31.35,31.35
6877,鏵友益,9704041,122.5,130.0,122.5,128.0
6881,潤德,646994,214.0,214.5,214.0,214.5
6884,海柏特,126166,31.2,31.2,31.1,31.1
6894,衛司特,8178963,366.0,367.0,362.0,362.0
6895,宏碩系統,1246448,147.0,147.0,142.5,145.0
6899,創為精密,638100,49.4,49.5,48.7,49.5
6903,巨漢,65911513,306.5,311.0,302.0,304.5
6904,伯鑫,121620,121.5,121.5,121.5,121.5
6907,雅特力-KY,51073893,182.0,184.0,180.0,180.5
6910,德鴻,666669,25.9,26.7,25.9,26.5
6913,鴻呈,12815674,127.5,128.5,127.0,127.0
6922,宸曜,110968588,212.0,228.5,210.0,225.0
6925,意藍,151053333,72.0,75.0,71.0,75.0
6929,佑全,87250,22.25,22.25,21.4,21.65
6945,圓祥生技,45361981,137.5,140.0,135.0,140.0
6953,家碩,7639876,237.0,241.0,236.0,241.0
6961,旅天下,1656715,47.15,47.65,47.1,47.65
6967,汎瑋材料,8497717,66.8,67.2,66.0,67.2
6968,萬達寵物,498972,41.55,41.55,41.25,41.55
6971,惠民實業,142473,23.95,23.95,23.65,23.7
6982,大井泵浦,647253,44.0,44.0,43.5,43.5
6983,華洋精機,11381542,354.0,354.0,343.0,346.0
6986,和迅,2952074,44.3,44.3,42.8,44.0
6996,力領科技,4648733,170.5,170.5,168.0,168.5
6997,博弘,348960,67.0,69.3,67.0,68.0
700019,宏捷科統一5C購01,0,,,,
700020,佳邦統一5C購01,0,,,,
700021,長佳智統一5C購02,0,,,,
700022,華星光統一5C購01,52180,3.6,3.6,3.41,3.41
700023,新應材統一5B購02,0,,,,
700024,新應材統一64購02,32680,0.2,0.22,0.2,0.21
700025,雙鴻統一5B購01,70480,1.7,1.7,1.56,1.56
700065,系統電統一5A購01,0,,,,
700074,驊訊元富5A購01,0,,,,
700079,華義永豐5A購01,27900,3.1,3.1,3.1,3.1
700086,博智群益5A購01,0,,,,
700103,中光電元大5A購01,0,,,,
700113,雙鴻元大5A購01,73580,3.76,3.76,3.49,3.49
700126,威剛國票61購01,0,,,,
700155,中光電元大5A購02,0,,,,
700173,雙鴻元大5A購02,171250,6.85,6.85,6.85,6.85
700176,中光電群益5A購01,0,,,,
700186,中光電統一6A購01,940,0.08,0.08,0.07,0.07
700188,中美晶統一5A購02,0,,,,
700189,協易機統一5A購01,0,,,,
700190,昇達科統一65購01,0,,,,
700191,朋程統一5A購01,0,,,,
700192,朋程統一6A購01,69650,0.35,0.35,0.35,0.35
700193,東洋統一61購01,0,,,,
700194,長聖統一61購01,0,,,,
700195,家登統一5A購01,54960,1.22,1.33,1.22,1.3
700196,振曜統一5A購01,0,,,,
700197,晶宏統一5A購01,0,,,,
700198,智冠統一5C購01,56190,0.1,0.11,0.1,0.11
700199,華景電統一61購01,0,,,,
700201,萬潤統一6A購01,17600,3.52,3.52,3.52,3.52
700202,鈺太統一5A購01,0,,,,
700203,聰泰統一5A購01,0,,,,
700204,雙鴻統一5A購01,196880,2.14,2.14,2.14,2.14
700205,雙鴻統一61購01,150150,1.23,1.25,1.15,1.25
700206,雙鴻統一61購02,230060,1.05,1.08,0.96,0.99
700207,雙鴻統一6A購01,140770,1.31,1.35,1.31,1.31
700208,騰雲統一6A購01,0,,,,
700231,旺矽元大5A購01,0,,,,
700257,大世科統一6A購01,0,,,,
700258,大綜統一6A購01,83320,0.63,0.63,0.61,0.61
700259,光焱統一5A購02,0,,,,
700260,同致統一5A購01,0,,,,
700261,宜鼎統一6A購01,81790,4.41,4.41,4.21,4.21
700262,尚凡*統一6A購01,0,,,,
700263,旺矽統一6A購01,155030,3.36,3.5,3.32,3.32
700264,長聖統一6A購01,56000,0.28,0.28,0.28,0.28
700267,建榮統一6A購01,0,,,,
700269,昱展統一6A購01,0,,,,
700270,創惟統一5A購01,0,,,,
700271,新鉅科統一6A購01,0,,,,
700273,優群統一6A購01,0,,,,
700274,鴻呈統一5A購01,0,,,,
700275,雙鴻統一6A購02,0,,,,
700276,鏵友益統一6A購01,0,,,,
700277,鑫聯統一5A購01,0,,,,
700279,良維國票5C購01,0,,,,
700300,雙鴻中信5A購01,0,,,,
700330,旺矽凱基5A購01,0,,,,
700342,大世科統一6A購02,0,,,,
700343,中光電統一6A購02,0,,,,
700344,尼克森統一5A購01,0,,,,
700345,立碁統一6A購01,328290,0.7,0.73,0.7,0.7
700346,良維統一6A購01,0,,,,
700347,尚凡*統一5A購01,0,,,,
700348,昱展統一6A購02,0,,,,
700350,茂達統一61購01,0,,,,
700351,竑騰統一5A購01,0,,,,
700352,新鉅科統一5A購01,0,,,,
700353,新鉅科統一6A購02,340,0.17,0.17,0.17,0.17
700354,聖暉*統一6A購01,0,,,,
700355,撼訊統一6A購01,0,,,,
700356,擎亞統一6A購01,14900,1.49,1.49,1.49,1.49
700357,聰泰統一6A購01,0,,,,
700358,寶島科統一64購01,0,,,,
700359,鏵友益統一5A購01,230,0.23,0.23,0.23,0.23
700360,鑫聯統一5A購02,0,,,,
700385,中光電元富5A購01,0,,,,
700410,中光電統一5C購01,0,,,,
700412,旺矽統一6A購02,0,,,,
700413,金山電統一5C購01,0,,,,
700414,長聖統一6A購02,0,,,,
700415,建榮統一6A購02,0,,,,
700416,高技統一5A購01,0,,,,
700417,聰泰統一6A購02,103800,0.36,0.36,0.34,0.34
700451,臺慶科國票5A購01,0,,,,
700580,宜鼎兆豐5A購01,0,,,,
700594,原相元大5A購01,400,0.02,0.02,0.02,0.02
700638,原相元大5A購02,0,,,,
700670,中光電統一6A購03,0,,,,
700671,正德統一5A購01,0,,,,
700672,旺矽統一5A購01,0,,,,
700673,信昌電統一6A購01,53650,6.8,6.8,6.55,6.55
700674,信昌電統一6A購02,0,,,,
700675,高技統一5A購02,0,,,,
700676,高技統一6A購01,55230,0.19,0.19,0.17,0.17
700677,高技統一6A購02,0,,,,
700678,智通*統一6A購01,0,,,,
700679,智擎統一6A購01,0,,,,
700681,鈊象統一6A購01,4970,0.35,0.39,0.35,0.39
700682,萬潤統一6A購02,13350,4.45,4.45,4.45,4.45
700683,雍智統一6A購01,0,,,,
700684,雍智統一6A購02,73660,5.4,5.4,4.83,4.83
700685,臺慶科統一5A購01,0,,,,
700686,臺慶科統一6A購01,0,,,,
700687,緯軟統一6A購01,0,,,,
700688,營邦統一6A購01,75370,3.07,3.07,3.0,3.0
700689,聯合統一61購01,0,,,,
700706,中光電統一5A購01,0,,,,
700708,信立統一6A購01,8400,0.28,0.28,0.28,0.28
700709,神盾統一5C購02,0,,,,
700710,智通*統一6A購02,0,,,,
700711,華星光統一6A購01,15500,3.1,3.1,3.1,3.1
700712,聖暉*統一6A購02,23780,0.38,0.38,0.37,0.37
700717,宜鼎元大5A購01,0,,,,
700742,聖暉*永豐5A購01,0,,,,
700746,雙鴻中信5A購02,16580,0.82,0.82,0.76,0.78
700754,台半統一5C購02,0,,,,
700755,宜鼎統一6A購02,0,,,,
700756,威剛統一5C購03,0,,,,
700757,竑騰統一5C購01,8140,4.07,4.07,4.07,4.07
700758,穩得統一5C購01,0,,,,
700786,威剛永豐5A購01,0,,,,
700810,山富統一5C購01,0,,,,
700811,光頡統一5C購01,0,,,,
700812,信昌電統一5C購01,0,,,,
700827,信立永豐5A購01,0,,,,
700828,威剛永豐64購01,0,,,,
700830,中美晶元大5A購01,2240,1.09,1.15,1.09,1.15
700843,世界統一5C購01,235730,0.78,0.79,0.77,0.79
700844,立敦統一5C購01,0,,,,
700845,臺慶科統一5C購01,0,,,,
700850,臺慶科國票5C購01,125720,1.23,1.26,1.2,1.22
700857,良維元大5A購01,0,,,,
700875,良維元大5A購02,0,,,,
700898,力旺統一5A購01,107990,0.25,0.31,0.25,0.3
700899,力旺統一6A購01,940530,1.09,1.09,0.96,1.06
700900,台半統一5C購03,50440,0.43,0.69,0.43,0.69
700901,尼克森統一5C購01,1200,0.3,0.3,0.3,0.3
700902,光頡統一5A購01,0,,,,
700904,波若威統一6A購01,150420,3.26,3.36,3.22,3.25
700920,波若威永豐5A購01,0,,,,
700929,蜜望實國票5A購01,0,,,,
700938,中美晶兆豐5A購01,35280,2.94,2.94,2.94,2.94
700955,撼訊元大5A購01,0,,,,
700983,威剛兆豐5A購01,0,,,,
701010,雙鴻元富5A購01,0,,,,
701037,威剛永豐5C購01,0,,,,
701064,元債20群益61購01,0,,,,
701095,擎亞元大5A購01,0,,,,
701097,營邦元大5A購01,0,,,,
701130,元債20元大5B購01,0,,,,
701131,元債20元大61購01,0,,,,
701153,雙鴻群益5A購01,0,,,,
701200,雙鴻元大5A購03,0,,,,
701211,威剛凱基5B購01,0,,,,
701227,雙鴻元大5A購04,0,,,,
701253,穩懋國票5B購01,0,,,,
701273,撼訊凱基5B購01,0,,,,
701279,雙鴻國票5B購01,181970,1.37,1.37,1.12,1.25
701287,威剛元大5B購01,0,,,,
701288,訊聯元大5B購01,0,,,,
701294,新應材元大5B購01,2800,0.1,0.1,0.1,0.1
701311,雙鴻群益5B購01,11600,1.16,1.16,1.16,1.16
701374,台燿元大5B購01,0,,,,
701379,威剛元大5B購02,0,,,,
701381,新應材元大5B購02,0,,,,
701388,中光電凱基5A購01,0,,,,
701400,台燿元大5B購02,0,,,,
701403,神盾元大5B購01,0,,,,
701422,中光電兆豐5B購01,0,,,,
701430,台燿統一5B購01,0,,,,
701431,台燿統一5B購02,0,,,,
701432,正基統一5C購01,0,,,,
701434,良維統一6B購01,800,0.8,0.8,0.8,0.8
701437,威剛統一5B購01,0,,,,
701438,威剛統一6B購01,6510,2.17,2.17,2.17,2.17
701440,華星光統一5B購04,0,,,,
701441,華星光統一61購04,0,,,,
701442,雙鴻統一6B購01,274040,0.66,0.68,0.65,0.67
701460,神盾凱基5B購01,0,,,,
701471,台燿統一65購01,0,,,,
701472,雙鴻統一61購03,11580,0.83,1.0,0.76,1.0
701473,穩懋統一5B購01,0,,,,
701474,穩懋統一6B購01,0,,,,
701479,威剛元大5A購02,0,,,,
701484,擎亞元大5B購01,0,,,,
701500,雙鴻中信5B購01,0,,,,
701511,新應材凱基5B購01,0,,,,
701524,雙鴻群益5A購02,0,,,,
701571,擎亞元大5B購02,106120,0.73,0.77,0.73,0.76
701592,竹陞統一6B購01,610550,0.98,1.03,0.97,1.01
701593,竹陞統一6B購02,170570,0.89,0.92,0.89,0.92
701594,海韻電統一61購01,0,,,,
701614,信立元大5B購01,0,,,,
701615,威剛元大5B購03,0,,,,
701623,元太統一5B購01,5350,0.01,0.01,0.01,0.01
701624,竹陞統一5C購03,0,,,,
701625,竹陞統一6B購03,0,,,,
701626,東捷統一5C購01,20610,4.13,4.13,4.09,4.09
701650,台燿元大5B購03,0,,,,
701658,信昌電統一5C購02,0,,,,
701667,雙鴻群益5B購02,12800,1.28,1.28,1.28,1.28
701680,宜鼎兆豐5B購01,0,,,,
701692,台燿統一6B購01,0,,,,
701693,系統電統一5C購01,10600,0.2,0.23,0.2,0.23
701694,系統電統一6B購01,210780,0.38,0.42,0.38,0.42
701695,系統電統一6B購02,48720,0.42,0.42,0.42,0.42
701696,宜鼎統一5A購01,0,,,,
701697,宜鼎統一5C購04,0,,,,
701698,宜鼎統一6B購01,0,,,,
701699,訊聯統一6B購01,0,,,,
701720,系統電永豐5A購01,0,,,,
701762,信昌電國票5B購01,993300,30.1,30.1,30.1,30.1
701788,訊聯永豐5B購01,0,,,,
701804,巨有統一6B購01,119050,1.4,1.41,1.4,1.41
701805,濱川統一65購01,0,,,,
701806,濱川統一6B購01,980,0.5,0.5,0.48,0.48
701807,濱川統一6B購02,41030,0.42,0.42,0.39,0.4
701808,濱川統一6B購03,139270,0.5,0.52,0.5,0.52
701822,訊聯元大5B購02,0,,,,
701828,威剛兆豐5B購01,0,,,,
701853,巨有統一6B購02,118760,1.72,1.92,1.72,1.92
701854,弘塑中信5B購01,0,,,,
701855,威剛中信5B購01,0,,,,
701908,信立凱基5B購01,0,,,,
701919,信驊元富5B購01,0,,,,
702018,台燿凱基5B購02,0,,,,
702028,昇達科中信5A購01,0,,,,
702125,旺矽元大5B購01,0,,,,
702133,良維凱基5B購01,0,,,,
702161,精測中信5A購01,0,,,,
702170,昇達科元富5C購01,0,,,,
702194,博智凱基5A購01,0,,,,
702216,穩懋中信5A購01,5540,2.77,2.77,2.77,2.77
702222,立碁元大5A購01,6150,0.03,0.05,0.03,0.04
702223,訊聯元大5A購01,0,,,,
702228,穩懋元大5C購01,0,,,,
702252,弘塑中信5C購01,0,,,,
702281,精測元大5C購01,28930,1.69,1.69,1.48,1.49
702283,穩懋元大5B購01,0,,,,
702284,穩懋元大5C購02,0,,,,
702287,威剛凱基5B購02,0,,,,
702300,順達元大5B購01,0,,,,
702304,穩懋元大5B購02,0,,,,
702311,雙鴻中信5C購01,0,,,,
702312,穩懋中信5A購02,0,,,,
702331,昇達科群益5C購01,39200,19.1,20.1,19.1,20.1
702352,華電網國票5C購01,0,,,,
702363,順達元大5A購01,0,,,,
702364,順達元大5B購02,57680,1.03,1.03,1.03,1.03
702373,光焱永豐5C購01,0,,,,
702375,訊聯永豐5C購01,0,,,,
702386,訊聯凱基5C購01,110,0.11,0.11,0.11,0.11
702413,順達元大5A購02,0,,,,
702415,雍智元大5C購01,0,,,,
702441,高技元富5C購01,0,,,,
702451,新應材富邦5C購01,0,,,,
702459,擎亞元大5A購02,0,,,,
702467,順達凱基5B購01,0,,,,
702490,台燿富邦5C購01,0,,,,
702526,昇達科國票5A購01,0,,,,
702553,穩懋元大5A購01,0,,,,
702560,昇達科中信5C購01,68100,4.98,4.98,4.8,4.8
702576,富喬凱基5A購01,0,,,,
702578,新應材凱基5B購02,0,,,,
702592,富喬國票5C購01,112970,2.89,2.96,2.8,2.96
702593,富喬國票62購01,51130,2.91,2.91,2.7,2.9
702605,系統電元大5C購01,6410,0.12,0.15,0.12,0.15
702611,高技元大5C購01,0,,,,
702627,富喬富邦5C購01,0,,,,
702639,IET中信5C購01,0,,,,
702641,富喬中信5C購01,0,,,,
702642,穩懋中信5C購01,0,,,,
702667,系統電元大5B購01,1350,0.03,0.03,0.03,0.03
702695,穩懋凱基5A購01,0,,,,
702712,良維中信5B購01,0,,,,
702719,系統電元大5C購02,250,0.25,0.25,0.25,0.25
702752,台特化統一6C購01,30150,0.27,0.28,0.26,0.28
702753,精測統一66購01,11000,1.1,1.1,1.1,1.1
702775,訊聯永豐5C購02,0,,,,
702776,新應材永豐5C購01,52700,0.57,0.6,0.56,0.56
702786,威剛中信5C購01,0,,,,
702808,高技元大5A購01,0,,,,
702811,聖暉*元大5A購01,0,,,,
702828,勤凱統一5C購01,0,,,,
702829,勤凱統一6C購01,0,,,,
702830,擎亞統一6C購01,14180,1.02,1.02,1.01,1.01
702831,宜鼎元富5C購01,0,,,,
702833,高技元富5C購02,0,,,,
702878,櫃200群益5B購01,0,,,,
702884,家登元大5C購01,97700,2.03,2.05,1.98,1.98
702885,高技元大5A購02,0,,,,
702886,高技元大5B購01,0,,,,
702919,高技元大5B購02,0,,,,
702951,新應材永豐5C購02,1200,0.24,0.24,0.24,0.24
702953,力旺中信5C購01,39900,2.66,2.66,2.66,2.66
702966,元債20凱基5C購01,0,,,,
702969,宜鼎凱基5C購01,0,,,,
702980,訊聯統一6C購01,0,,,,
702987,穩懋元大5C購03,0,,,,
702990,華景電元富5C購01,16470,1.2,1.2,1.17,1.17
702993,宜鼎中信5A購02,0,,,,
703002,新應材永豐5C購03,10080,0.56,0.56,0.56,0.56
703004,鑫科永豐5C購01,0,,,,
703011,宜特國票5A購01,0,,,,
703030,金益鼎凱基5A購01,0,,,,
703036,元太群益5B購01,0,,,,
703043,高技中信5C購01,0,,,,
703045,雙鴻中信5C購02,786280,2.61,2.61,2.49,2.53
703048,順達永豐5A購01,0,,,,
703049,順達永豐5C購01,57840,2.67,2.67,2.57,2.57
703051,穩得永豐5A購01,0,,,,
703062,元太凱基5B購01,0,,,,
703075,台特化元大5A購01,1000,0.01,0.01,0.01,0.01
703093,順達中信5B購01,0,,,,
703102,穩懋永豐5C購01,0,,,,
703113,雙鴻凱基5A購01,42120,2.34,2.34,2.34,2.34
703125,台特化元大5A購02,60,0.01,0.01,0.01,0.01
703132,聖暉*元大5C購01,175020,1.15,1.16,1.12,1.12
703135,金山電統一5C購02,0,,,,
703136,博智統一5C購01,19440,0.93,0.93,0.84,0.84
703137,璟德統一5C購01,0,,,,
703144,穩懋中信5C購02,0,,,,
703149,中光電群益5A購02,0,,,,
703171,宜鼎元大5C購03,0,,,,
703210,威剛群益5A購01,0,,,,
703229,台特化凱基5A購01,0,,,,
703260,雙鴻中信5C購03,0,,,,
703271,湧德統一5C購02,0,,,,
703295,信驊群益5B購02,0,,,,
703296,威剛群益5B購01,2070,2.07,2.07,2.07,2.07
703308,家登元大5B購01,0,,,,
703315,欣銓元富5A購01,0,,,,
703320,鈊象中信61購01,0,,,,
703324,金益鼎永豐5A購01,0,,,,
703330,廣明永豐5A購01,0,,,,
703339,台燿富邦61購01,0,,,,
703340,信驊富邦5A購01,0,,,,
703341,新應材富邦61購01,1800,0.09,0.09,0.09,0.09
703353,富喬凱基5A購02,311380,0.1,0.14,0.1,0.14
703354,富喬凱基5B購01,0,,,,
703355,富喬凱基61購01,0,,,,
703371,富喬國票5B購01,79450,0.67,0.7,0.65,0.7
703372,富喬國票61購01,98890,1.95,2.02,1.88,2.02
703380,富喬群益5B購01,0,,,,
703386,富喬富邦5A購01,66090,0.07,0.11,0.07,0.11
703389,富喬統一65購01,466700,0.49,0.5,0.47,0.5
703390,撼訊統一65購01,0,,,,
703395,信驊元富5A購01,0,,,,
703396,信驊元富5A購02,0,,,,
703399,順達元富61購01,0,,,,
703400,信驊中信61購01,0,,,,
703401,富喬中信61購01,10020,0.4,0.8,0.37,0.8
703407,富喬永豐5A購01,0,,,,
703418,富喬元大5B購01,1650,0.33,0.33,0.33,0.33
703419,富喬元大5C購01,0,,,,
703420,富喬元大61購02,0,,,,
703443,安碁元富61購01,471040,1.3,1.3,1.28,1.28
703459,鏵友益永豐5B購01,0,,,,
703463,台特化統一62購01,63000,0.21,0.21,0.21,0.21
703464,台特化統一63購01,7800,0.07,0.08,0.07,0.08
703465,台特化統一71購01,320,0.32,0.32,0.32,0.32
703466,台燿統一5C購03,0,,,,
703467,台燿統一61購02,31000,6.2,6.2,6.2,6.2
703468,宏捷科統一71購01,67600,0.4,0.4,0.4,0.4
703469,欣銓統一5A購01,0,,,,
703470,欣銓統一5C購01,0,,,,
703471,欣銓統一61購01,46200,2.31,2.31,2.31,2.31
703472,欣銓統一65購01,17370,1.45,1.47,1.4,1.4
703473,欣銓統一6C購01,0,,,,
703474,金益鼎統一65購01,0,,,,
703475,茂迪統一65購01,0,,,,
703476,神盾統一61購01,0,,,,
703477,雙鴻統一61購04,980,0.98,0.98,0.98,0.98
703478,穩得統一65購01,0,,,,
703479,穩懋統一5B購02,0,,,,
703480,穩懋統一5C購01,0,,,,
703481,穩懋統一5C購02,0,,,,
703482,穩懋統一5C購03,29500,5.9,5.9,5.9,5.9
703483,穩懋統一6C購01,60920,2.88,2.92,2.88,2.92
703515,雍智兆豐61購01,0,,,,
703520,宜鼎富邦5A購01,0,,,,
703528,系統電元大5A購01,0,,,,
703535,欣銓元大5A購01,0,,,,
703581,臺慶科凱基5C購01,54500,1.39,1.39,1.34,1.34
703589,佶優元富5A購01,0,,,,
703604,欣銓國票61購01,0,,,,
703616,矽科統一6C購01,0,,,,
703617,金益鼎統一6C購01,0,,,,
703618,長科*統一64購01,116000,1.16,1.16,1.16,1.16
703619,家登統一6C購01,206550,0.85,0.85,0.85,0.85
703620,捷創統一61購01,0,,,,
703632,穩懋凱基5C購01,0,,,,
703639,台特化國票5A購01,0,,,,
703643,新應材國票5A購01,0,,,,
703648,宜鼎元大5A購02,0,,,,
703651,家登元大5C購02,0,,,,
703652,湧德元大61購01,117170,0.36,0.37,0.36,0.36
703654,勤凱元大61購01,0,,,,
703660,聖暉*元大5C購02,349090,0.85,0.86,0.84,0.85
703661,雍智元大61購01,0,,,,
703665,家登凱基5C購01,3180,1.59,1.59,1.59,1.59
703682,家登元大5C購03,0,,,,
703684,聖暉*元大5A購02,0,,,,
703713,訊聯凱基5B購01,0,,,,
703725,宜鼎元大5B購01,0,,,,
703728,順達元大5A購03,0,,,,
703729,聖暉*元大5A購03,0,,,,
703740,精材群益5A購01,0,,,,
703745,加百裕永豐5A購01,0,,,,
703771,系統電凱基5C購01,0,,,,
703773,新復興凱基5A購01,0,,,,
703785,世界國票61購01,110460,3.25,3.42,3.25,3.42
703813,聖暉*元大5A購04,0,,,,
703823,弘塑永豐5A購01,0,,,,
703829,世界富邦5A購01,0,,,,
703837,系統電元大5B購02,0,,,,
703838,順達元大5A購04,19190,2.75,2.75,2.72,2.72
703839,聖暉*元大5B購01,0,,,,
703842,世界凱基61購01,140850,5.9,5.9,5.55,5.75
703860,世界統一61購01,0,,,,
703861,世界統一71購01,21090,0.93,0.93,0.91,0.91
703862,巨漢統一61購01,0,,,,
703863,弘塑統一61購01,29610,0.93,0.93,0.8,0.8
703864,光頡統一61購01,9640,3.25,3.25,3.14,3.14
703865,光頡統一71購01,68100,2.26,2.29,2.26,2.29
703866,均豪統一61購02,4620,0.42,0.42,0.42,0.42
703867,金山電統一64購01,0,,,,
703868,捷創統一61購02,500,0.1,0.1,0.1,0.1
703869,捷創統一71購01,1550,0.31,0.31,0.31,0.31
703870,富強鑫統一61購01,0,,,,
703871,富強鑫統一71購01,80490,0.54,0.55,0.54,0.55
703872,富強鑫統一71購02,0,,,,
703873,崴寶統一71購01,165610,1.22,1.22,1.16,1.16
703874,鉅橡統一61購01,0,,,,
703875,鉅橡統一61購02,0,,,,
703876,鉅橡統一61購03,0,,,,
703877,鉅橡統一71購01,0,,,,
703878,精材統一71購01,37220,2.61,2.68,2.59,2.59
703879,臺慶科統一71購01,12650,0.85,0.85,0.83,0.83
703880,穩懋統一61購02,0,,,,
703881,穩懋統一61購03,0,,,,
703882,穩懋統一71購01,0,,,,
703886,精材群益5C購01,0,,,,
703887,耀勝群益5A購01,0,,,,
703895,穩懋國票5A購02,0,,,,
703902,中美晶永豐5A購01,0,,,,
703906,鉅橡永豐5A購01,0,,,,
703914,聖暉*凱基61購01,197780,1.25,1.32,1.24,1.29
703917,耀勝凱基5A購01,0,,,,
703923,創惟國票61購01,4120,0.15,0.16,0.15,0.16
703942,聖暉*元大5B購02,75430,1.73,1.73,1.65,1.67
703950,雙鴻群益5A購03,0,,,,
703954,世界永豐5A購01,0,,,,
703960,雙鴻永豐5A購01,0,,,,
703961,久元統一61購01,0,,,,
703962,中美晶統一61購01,2680,1.34,1.34,1.34,1.34
703963,中探針統一71購01,74680,3.37,3.45,3.37,3.45
703964,世禾統一65購01,0,,,,
703965,世界統一5B購01,0,,,,
703966,台半統一71購01,188110,1.34,1.36,1.34,1.35
703967,台半統一71購02,5000,1.0,1.0,1.0,1.0
703968,台星科統一71購01,93000,0.92,0.93,0.9,0.91
703969,弘塑統一61購02,658840,1.02,1.08,1.01,1.02
703970,弘塑統一61購03,470330,1.28,1.35,1.27,1.28
703971,光頡統一61購02,195860,2.94,3.09,2.9,3.04
703972,合晶統一5C購03,0,,,,
703973,均華統一5C購03,0,,,,
703974,長科*統一64購02,0,,,,
703975,佶優統一71購01,0,,,,
703976,信昌電統一61購01,0,,,,
703977,捷創統一71購02,27400,0.33,0.35,0.33,0.35
703978,富強鑫統一61購02,1790,0.15,0.15,0.14,0.15
703979,順達統一5C購05,87240,0.81,0.84,0.81,0.84
703980,順達統一61購01,7600,0.64,0.64,0.62,0.62
703981,萬潤統一61購01,0,,,,
703982,鉅橡統一64購01,0,,,,
703983,精材統一61購01,0,,,,
703984,廣明統一61購01,200,0.02,0.02,0.02,0.02
703985,穩懋統一63購01,0,,,,
703989,穩懋元富5A購01,0,,,,
703991,元債20凱基71購01,20200,0.51,0.51,0.48,0.48
704009,中探針統一61購01,0,,,,
704010,中探針統一61購02,0,,,,
704011,元太統一61購01,900,0.09,0.09,0.09,0.09
704012,世禾統一71購01,111000,0.37,0.37,0.37,0.37
704013,台半統一61購01,0,,,,
704014,台星科統一61購01,0,,,,
704015,台燿統一71購01,0,,,,
704016,巨漢統一61購02,47940,0.47,0.47,0.47,0.47
704017,巨漢統一71購01,78280,0.76,0.76,0.76,0.76
704018,光頡統一61購03,2900,2.9,2.9,2.9,2.9
704019,均華統一61購01,132780,0.6,0.71,0.6,0.71
704020,宏捷科統一61購02,2100,0.21,0.21,0.21,0.21
704021,矽科統一61購01,0,,,,
704022,金山電統一61購01,0,,,,
704023,金益鼎統一61購01,0,,,,
704024,佶優統一61購01,0,,,,
704025,創惟統一61購01,0,,,,
704026,精材統一61購02,4660,4.66,4.66,4.66,4.66
704027,穩懋統一61購04,0,,,,
704028,穩懋統一65購01,0,,,,
704029,穩懋統一71購02,0,,,,
704030,耀勝統一71購01,39650,0.13,0.13,0.13,0.13
704038,湧德元大5A購01,0,,,,
704041,聖暉*元大5C購03,186190,0.76,0.76,0.75,0.76
704046,台星科群益5A購01,0,,,,
704051,信驊群益61購01,9000,9.0,9.0,9.0,9.0
704053,聖暉*群益5A購01,0,,,,
704058,信驊元富5A購03,0,,,,
704080,世禾富邦5C購01,0,,,,
704082,群翊富邦5A購01,0,,,,
704084,中探針統一67購01,0,,,,
704085,世界統一61購02,53220,0.85,0.85,0.83,0.84
704086,世界統一64購01,20340,0.87,0.98,0.87,0.95
704087,世紀*統一71購01,7190,0.97,1.09,0.97,1.07
704088,世紀*統一71購02,0,,,,
704089,台半統一61購02,246440,0.95,1.04,0.95,1.01
704090,台半統一71購03,20400,1.2,1.2,1.2,1.2
704091,巨漢統一71購02,350040,0.62,0.62,0.6,0.6
704092,光頡統一64購01,3990,1.96,2.03,1.96,2.03
704093,系統電統一71購01,51390,0.32,0.34,0.32,0.34
704094,佳邦統一71購01,0,,,,
704095,矽科統一71購01,16500,0.33,0.33,0.33,0.33
704096,金山電統一71購01,353680,1.08,1.08,1.06,1.06
704097,金益鼎統一71購01,179640,0.36,0.36,0.36,0.36
704099,信昌電統一64購01,41100,5.9,5.9,5.85,5.85
704100,信昌電統一71購01,22930,2.89,2.89,2.7,2.7
704101,家登統一61購02,451650,0.44,0.46,0.43,0.46
704102,能率亞統一61購01,18000,0.9,0.9,0.9,0.9
704103,博智統一61購01,0,,,,
704104,湧德統一61購01,0,,,,
704105,精材統一5B購01,51000,5.1,5.1,5.1,5.1
704106,精材統一64購01,0,,,,
704107,璟德統一65購01,180,0.18,0.18,0.18,0.18
704108,璟德統一71購01,91520,0.26,0.26,0.26,0.26
704109,穩懋統一61購05,0,,,,
704110,鑫科統一71購01,14740,0.67,0.67,0.67,0.67
704115,金益鼎國票61購01,15660,0.18,0.18,0.18,0.18
704127,佳邦群益5A購01,0,,,,
704134,鑫科群益5A購01,0,,,,
704135,世禾元大5A購01,2370,0.01,0.01,0.01,0.01
704141,訊聯元大61購01,0,,,,
704146,穩懋元大5B購03,0,,,,
704151,系統電凱基5A購01,0,,,,
704170,世界元大5A購01,0,,,,
704176,勤凱元大5A購01,0,,,,
704180,鑫科元大5B購01,0,,,,
704189,旺矽元富5A購02,0,,,,
704191,家登元富5C購01,45740,1.99,1.99,1.98,1.98
704202,鑫科永豐61購01,0,,,,
704203,中美晶統一71購01,964120,1.09,1.09,1.04,1.08
704204,元太統一61購02,0,,,,
704205,世紀*統一61購01,920720,0.7,0.88,0.7,0.88
704206,世紀*統一71購03,649770,0.68,0.92,0.66,0.9
704207,合晶統一71購01,202960,3.21,3.6,3.21,3.6
704208,沛亨統一61購01,0,,,,
704209,沛亨統一61購02,0,,,,
704210,宜鼎統一61購02,0,,,,
704211,宜鼎統一63購01,18300,1.83,1.83,1.83,1.83
704212,旺矽統一61購02,0,,,,
704213,旺矽統一63購02,0,,,,
704214,旺矽統一71購01,0,,,,
704215,松瑞藥統一61購01,3500,0.35,0.35,0.35,0.35
704216,松瑞藥統一71購01,0,,,,
704217,信昌電統一61購03,0,,,,
704218,信昌電統一71購02,129700,3.46,3.46,3.28,3.29
704219,家登統一61購03,6800,0.68,0.68,0.68,0.68
704220,家登統一71購01,15010,0.79,0.79,0.79,0.79
704221,高鋒統一61購01,14200,0.21,0.21,0.2,0.2
704222,高鋒統一71購01,0,,,,
704223,湧德統一61購02,150,0.15,0.15,0.15,0.15
704224,新復興統一71購01,0,,,,
704225,廣運統一71購01,310,0.31,0.31,0.31,0.31
704237,世界元大5A購02,800,0.8,0.8,0.8,0.8
704244,富喬元大5A購01,0,,,,
704256,富喬永豐5B購01,200420,0.82,0.87,0.82,0.87
704257,富喬永豐5C購01,843160,0.9,0.97,0.88,0.97
704258,富喬永豐64購01,872830,1.59,1.65,1.59,1.65
704259,華容永豐5A購01,0,,,,
704260,聖暉*永豐61購01,54710,1.41,1.41,1.39,1.4
704262,宜鼎兆豐61購01,0,,,,
704275,宜鼎富邦5C購01,0,,,,
704277,鈊象富邦5A購01,120,0.12,0.12,0.12,0.12
704280,世界統一71購02,55460,0.74,0.78,0.73,0.76
704281,台星科統一61購02,48300,0.46,0.46,0.46,0.46
704282,宜鼎統一71購01,40150,2.15,2.15,2.08,2.08
704283,東捷統一71購01,2540,2.54,2.54,2.54,2.54
704284,佶優統一71購02,0,,,,
704285,高鋒統一64購01,0,,,,
704286,高鋒統一67購01,0,,,,
704287,富喬統一61購01,0,,,,
704288,富喬統一61購02,2750,0.55,0.55,0.55,0.55
704289,富喬統一61購03,0,,,,
704290,富喬統一61購04,65400,0.39,0.41,0.38,0.39
704291,富喬統一64購01,0,,,,
704292,富喬統一65購02,0,,,,
704293,富喬統一6C購01,0,,,,
704294,富喬統一71購01,0,,,,
704295,富喬統一71購02,0,,,,
704296,湧德統一71購01,24180,0.39,0.39,0.39,0.39
704297,新復興統一71購02,0,,,,
704298,聖暉*統一67購01,329480,0.58,0.59,0.58,0.59
704315,系統電元大5B購03,0,,,,
704320,鈊象元大5A購01,0,,,,
704321,勤凱元大61購02,115500,1.05,1.05,1.05,1.05
704322,聖暉*元大61購01,181800,2.62,2.74,2.62,2.73
704325,精測元大5B購01,0,,,,
704343,世界富邦5C購01,4080,0.68,0.68,0.68,0.68
704347,世界統一5C購02,0,,,,
704348,合晶統一61購01,0,,,,
704349,東捷統一71購02,0,,,,
704350,佶優統一71購03,0,,,,
704351,精測統一61購01,212830,0.52,0.52,0.38,0.45
704352,精測統一61購02,12190,0.53,0.53,0.53,0.53
704353,精測統一71購01,824200,1.2,1.2,1.08,1.11
704358,竹陞永豐5A購01,27500,2.75,2.75,2.75,2.75
704361,華容永豐5C購01,0,,,,
704365,精測永豐5A購01,4180,0.34,0.34,0.3,0.3
704368,點序永豐61購01,0,,,,
704370,世界國票5B購01,390560,0.86,0.95,0.86,0.88
704373,精測國票5A購01,49030,0.13,0.2,0.12,0.2
704374,精測國票5A購02,16790,0.2,0.22,0.2,0.22
704380,宜鼎凱基5B購01,0,,,,
704381,鈊象凱基5A購01,34400,0.33,0.35,0.28,0.28
704382,精測凱基5B購01,7250,1.0,1.0,0.45,0.45
704388,中探針元大5B購01,0,,,,
704391,世界元大5B購01,0,,,,
704394,系統電元大61購01,81820,0.16,0.25,0.16,0.25
704396,順達元大5A購05,0,,,,
704400,宜鼎富邦61購01,0,,,,
704401,信昌電富邦5C購01,0,,,,
704403,高鋒統一61購02,0,,,,
704404,精測統一5C購01,1540,0.46,0.46,0.31,0.31
704409,精測永豐5A購02,8260,0.16,0.16,0.13,0.13
704419,力旺元大5A購01,43900,4.39,4.39,4.39,4.39
704421,中美晶元大5C購01,29550,1.99,1.99,1.93,1.93
704424,湧德元大61購02,0,,,,
704426,精材元大5B購01,0,,,,
704427,精材元大61購02,0,,,,
704481,中探針元大61購01,0,,,,
704482,元太元大61購01,0,,,,
704491,湧德元大5B購01,0,,,,
704492,鈊象元大5B購01,692230,0.72,0.72,0.6,0.64
704494,精材元大5A購01,0,,,,
704495,精材元大5B購02,0,,,,
704496,精材元大61購03,0,,,,
704506,系統電永豐5C購01,18190,0.13,0.15,0.13,0.15
704507,亞電永豐5B購01,517460,1.78,1.9,1.78,1.81
704532,大中統一5C購01,0,,,,
704533,大中統一71購01,288010,1.48,1.48,1.47,1.47
704534,台半統一5C購04,0,,,,
704535,台燿統一66購01,0,,,,
704536,尼克森統一5B購01,176270,0.67,0.67,0.64,0.66
704537,巨漢統一5C購01,0,,,,
704538,合晶統一61購02,10100,5.05,5.05,5.05,5.05
704539,竹陞統一64購01,0,,,,
704540,宏捷科統一61購03,0,,,,
704541,系統電統一64購01,4160,0.32,0.32,0.32,0.32
704542,宜鼎統一5B購01,0,,,,
704543,宜鼎統一66購01,19500,1.3,1.3,1.3,1.3
704544,宜鼎統一71購02,0,,,,
704545,東捷統一64購01,0,,,,
704546,長科*統一71購01,0,,,,
704547,佶優統一61購02,0,,,,
704548,昱展統一61購01,100,0.01,0.01,0.01,0.01
704549,茂迪統一5B購01,215610,0.26,0.27,0.25,0.25
704550,能率亞統一61購02,0,,,,
704551,能率亞統一71購01,0,,,,
704552,順達統一63購01,0,,,,
704553,雍智統一71購01,0,,,,
704556,力旺凱基5A購01,12200,12.2,12.2,12.2,12.2
704560,系統電凱基5B購01,0,,,,
704567,萬泰科永豐5B購01,0,,,,
704578,元太元大61購02,0,,,,
704579,合晶元大5A購01,0,,,,
704584,精材元大5A購02,0,,,,
704590,能率亞統一63購01,0,,,,
704591,能率亞統一71購02,0,,,,
704592,能率統一71購01,0,,,,
704605,系統電凱基5B購02,117580,0.19,0.27,0.19,0.27
704607,原相凱基5A購01,0,,,,
704620,博智群益5B購01,0,,,,
704628,中光電統一61購01,13690,0.06,0.19,0.06,0.19
704629,智通*統一61購01,0,,,,
704638,廣運永豐61購01,60,0.06,0.06,0.06,0.06
704650,聖暉*凱基5B購01,0,,,,
704665,鈊象元大5C購01,910710,0.68,0.68,0.57,0.57
704668,穩得元大5B購01,0,,,,
704685,穩懋永豐5A購02,141000,7.05,7.05,7.05,7.05
704686,世界兆豐5A購01,2200,0.1,0.1,0.07,0.07
704687,M31凱基5A購01,0,,,,
704702,竹陞元大5A購01,340,0.03,0.03,0.02,0.02
704707,家登元大5A購01,0,,,,
704712,精材元大61購04,0,,,,
704715,M31永豐5A購01,0,,,,
704719,世界永豐5B購01,710,0.14,0.15,0.14,0.15
704721,台燿永豐5A購02,0,,,,
704725,家登永豐5B購01,100800,1.99,2.08,1.99,2.08
704728,精材永豐5A購01,0,,,,
704730,廣明永豐5A購02,0,,,,
704731,點序永豐5A購01,0,,,,
704733,鑫聯永豐5A購01,0,,,,
704736,印能凱基5A購01,0,,,,
704745,宜特國票5B購01,0,,,,
704750,系統電兆豐5A購01,0,,,,
704751,穩懋兆豐5A購01,0,,,,
704760,宜鼎元大5A購03,0,,,,
704766,精材元大61購05,0,,,,
704767,印能永豐5A購01,0,,,,
704771,東浦永豐5A購01,0,,,,
704773,大樹群益62購01,0,,,,
704775,博智群益62購01,0,,,,
704778,榮剛群益5A購01,0,,,,
704781,點序群益62購01,11660,0.16,0.17,0.16,0.16
704786,信驊凱基5A購02,0,,,,
704789,雍智凱基5A購01,19000,19.0,19.0,19.0,19.0
704793,擎亞永豐5A購02,0,,,,
704794,擎亞永豐5B購01,0,,,,
704807,宜鼎元大5A購04,0,,,,
704831,信驊國票5C購01,0,,,,
704839,擎亞國票5A購01,0,,,,
704841,台半富邦5B購01,0,,,,
704842,台星科富邦5B購01,436280,0.39,0.45,0.38,0.39
704843,合晶富邦5B購01,0,,,,
704844,宜特富邦5A購01,0,,,,
704845,信驊富邦5B購01,0,,,,
704846,智通*富邦5A購01,0,,,,
704847,智通*富邦5B購01,0,,,,
704848,順達富邦5A購01,0,,,,
704849,廣明富邦5B購01,0,,,,
704850,廣運富邦5B購01,0,,,,
704852,雙鴻富邦5A購01,0,,,,
704858,東捷凱基5A購01,0,,,,
704880,榮剛富邦5A購01,0,,,,
704881,譜瑞兆豐62購01,0,,,,
704893,青雲永豐5A購01,0,,,,
704895,世界統一62購01,527920,0.64,0.71,0.64,0.69
704896,台星科統一62購01,154860,0.69,0.74,0.68,0.74
704897,台燿統一62購01,139200,4.64,4.64,4.64,4.64
704898,光頡統一5C購02,0,,,,
704899,長科*統一61購01,88000,0.88,0.88,0.88,0.88
704900,茂達統一62購01,0,,,,
704901,茂達統一62購02,0,,,,
704902,訊聯統一72購01,0,,,,
704903,智通*統一68購01,0,,,,
704904,新復興統一72購01,390,0.19,0.2,0.19,0.2
704905,穩懋統一72購01,0,,,,
704906,穩懋統一72購02,0,,,,
704907,鑫聯統一62購01,0,,,,
704911,宜鼎凱基5A購02,0,,,,
704915,穩懋凱基5B購02,0,,,,
704925,系統電元大62購01,1050,0.35,0.35,0.35,0.35
704929,勤凱元大5A購02,0,,,,
704937,茂迪富邦61購01,76920,0.18,0.19,0.17,0.17
704941,印能國票5A購01,0,,,,
704944,印能統一65購01,0,,,,
704945,良維統一5C購01,0,,,,
704946,閎康統一72購01,0,,,,
704947,順達統一65購01,4760,0.81,0.81,0.71,0.71
704948,雙鴻統一5C購01,433500,2.15,2.15,2.06,2.06
704949,雙鴻統一65購01,14100,1.41,1.41,1.41,1.41
704950,耀勝統一5C購03,0,,,,
704951,鑫科統一72購01,20800,0.65,0.65,0.65,0.65
704952,鑫聯統一72購01,14800,0.74,0.74,0.74,0.74
704953,鑫聯統一72購02,34800,0.6,0.6,0.6,0.6
704954,系微兆豐62購01,1042900,2.13,2.4,2.13,2.36
704957,雙鴻永豐5A購02,0,,,,
704958,中探針群益5C購01,30400,7.6,7.6,7.6,7.6
704963,協易機群益5A購01,0,,,,
704966,訊聯群益5A購01,0,,,,
704968,精材群益5A購02,0,,,,
704983,雙鴻元富5A購02,0,,,,
704984,雙鴻元富5A購03,0,,,,
704997,雙鴻元大5B購01,333460,2.06,2.13,1.98,2.06
704998,雙鴻元大61購02,0,,,,
705002,世界富邦5C購02,519880,0.95,1.06,0.95,1.03
705003,世界統一72購01,418300,0.87,0.93,0.87,0.92
705004,宏觀統一62購01,0,,,,
705005,茂迪統一72購01,5800,0.39,0.39,0.38,0.38
705006,茂達統一61購02,0,,,,
705007,智通*統一62購01,0,,,,
705008,湧德統一61購03,0,,,,
705009,穩懋統一72購03,52000,2.6,2.6,2.6,2.6
705010,穩懋統一72購04,42370,2.23,2.23,2.23,2.23
705011,鑫聯統一61購01,0,,,,
705012,台燿永豐5C購01,0,,,,
705013,台燿永豐61購01,0,,,,
705014,宏捷科永豐5A購01,0,,,,
705023,雙鴻凱基5C購01,0,,,,
705027,系統電群益5A購01,1600,0.01,0.01,0.01,0.01
705028,宜特群益5A購01,0,,,,
705029,金山電群益5A購01,0,,,,
705031,訊聯群益5A購02,0,,,,
705034,精材群益5A購03,0,,,,
705038,宏觀國票5C購01,0,,,,
705063,穩懋元大61購02,0,,,,
705072,新應材凱基5A購01,0,,,,
705081,閎康群益5A購01,0,,,,
705083,精測群益5A購01,0,,,,
705084,精測群益62購03,997210,0.56,0.56,0.45,0.47
705087,世界富邦5C購03,0,,,,
705089,新應材富邦63購01,1100,0.22,0.22,0.22,0.22
705090,精測富邦5A購01,0,,,,
705091,正淩統一62購01,469070,0.44,0.56,0.44,0.56
705092,正淩統一65購01,158950,0.45,0.52,0.45,0.52
705093,宏觀統一72購01,0,,,,
705094,宜特統一62購01,33120,0.36,0.36,0.36,0.36
705095,新復興統一62購01,0,,,,
705096,精測統一62購01,0,,,,
705097,精測統一64購02,20380,0.63,0.63,0.47,0.47
705098,精測統一72購01,0,,,,
705099,雙鴻統一62購03,1270000,1.18,1.18,1.09,1.11
705100,鑫科統一62購01,0,,,,
705101,世界中信5B購01,0,,,,
705103,弘塑元富5A購02,0,,,,
705108,精測元富5B購01,0,,,,
705109,精測元富5B購02,0,,,,
705110,精測元富5B購03,0,,,,
705111,系統電永豐61購01,209740,0.5,0.63,0.5,0.63
705112,茂迪永豐5A購01,0,,,,
705114,新應材永豐61購01,4080,0.68,0.68,0.68,0.68
705117,系統電凱基5A購02,0,,,,
705126,大中統一62購01,0,,,,
705127,宏觀統一72購02,0,,,,
705128,良維統一72購01,0,,,,
705129,宜特統一72購01,44800,0.64,0.64,0.64,0.64
705130,長科*統一72購01,0,,,,
705131,茂迪統一61購01,0,,,,
705132,茂迪統一72購02,2830,0.41,0.41,0.4,0.4
705133,博智統一62購01,0,,,,
705134,博智統一62購02,0,,,,
705135,穩懋統一72購05,6510,2.17,2.17,2.17,2.17
705136,鏵友益統一72購01,0,,,,
705137,台燿中信5A購01,0,,,,
705138,良維中信5C購01,18410,1.89,1.89,1.82,1.82
705142,新應材永豐5B購01,0,,,,
705143,正淩國票5B購01,3900,0.39,0.39,0.39,0.39
705161,雙鴻元大61購03,0,,,,
705169,正淩凱基5B購01,0,,,,
705171,系統電凱基61購01,257950,0.38,0.8,0.38,0.7
705179,雙鴻凱基5C購02,224210,2.52,2.52,2.29,2.29
705186,閎康富邦5A購01,0,,,,
705188,元太統一62購01,3300,0.18,0.18,0.15,0.15
705190,弘塑統一72購01,78480,1.24,1.31,1.24,1.26
705191,正淩統一72購01,42600,0.66,0.73,0.66,0.73
705192,沛亨統一72購01,2110,2.11,2.11,2.11,2.11
705193,宜鼎統一72購01,127770,1.3,1.32,1.26,1.26
705194,崴寶統一64購01,105120,0.72,0.72,0.72,0.72
705195,崴寶統一72購01,147520,1.01,1.01,0.99,0.99
705196,雙鴻統一72購01,2204200,1.42,1.42,1.36,1.37
705197,鑫聯統一65購01,0,,,,
705212,雙鴻元大5C購01,29150,1.78,1.84,1.73,1.73
705213,雙鴻元大61購04,643700,2.16,2.16,2.1,2.12
705214,神盾永豐5B購01,0,,,,
705215,崴寶永豐5B購01,113300,0.97,0.97,0.89,0.89
705216,雙鴻永豐61購01,29040,2.42,2.42,2.42,2.42
705221,雙鴻元富5A購04,80600,7.3,7.3,6.55,6.65
705222,雙鴻元富5A購05,0,,,,
705223,雙鴻元富5A購06,37420,2.22,2.22,2.06,2.06
705224,穩懋元富5A購02,0,,,,
705225,穩懋元富5A購03,0,,,,
705235,力旺凱基5B購01,19900,7.9,12.0,7.9,12.0
705238,穩懋凱基61購01,45750,3.05,3.05,3.05,3.05
705243,萬潤永豐62購01,0,,,,
705246,力旺元富5A購01,135250,6.65,6.8,6.65,6.8
705254,雙鴻富邦5A購02,0,,,,
705255,雙鴻富邦5A購03,0,,,,
705257,力旺統一65購01,60200,1.43,1.55,1.43,1.46
705258,力旺統一72購01,401200,1.58,1.66,1.58,1.64
705259,凡甲統一72購01,1040,0.52,0.52,0.52,0.52
705260,凡甲統一72購02,14950,0.65,0.65,0.65,0.65
705261,元太統一62購02,2800,0.2,0.2,0.2,0.2
705262,元太統一72購01,270,0.27,0.27,0.27,0.27
705263,弘塑統一72購02,0,,,,
705264,正淩統一72購02,1056960,0.52,0.57,0.52,0.57
705265,沛亨統一72購02,0,,,,
705266,博智統一72購01,659060,1.17,1.2,1.13,1.13
705267,閎康統一72購02,15400,0.77,0.77,0.77,0.77
705268,雙鴻統一62購04,5220,1.03,1.1,1.03,1.1
705269,穩懋統一65購02,3700,1.85,1.85,1.85,1.85
705276,力旺群益5A購01,320250,3.6,3.87,3.6,3.87
705279,良維群益5C購01,0,,,,
705284,力旺元大5A購03,65200,3.17,3.35,3.17,3.35
705289,鈊象元大5C購02,3090,1.57,1.57,1.52,1.52
705292,宏觀凱基5B購01,0,,,,
705300,鈊象凱基61購01,113520,2.35,2.35,2.05,2.13
705303,台星科富邦5A購01,0,,,,
705304,台燿富邦5C購02,0,,,,
705305,宏觀富邦5A購01,0,,,,
705307,富喬富邦5B購01,284300,0.42,0.44,0.42,0.44
705308,亞泰統一64購01,0,,,,
705309,亞泰統一72購01,0,,,,
705310,博智統一72購02,273660,0.83,0.83,0.79,0.79
705311,富喬統一62購01,10500,0.55,0.55,0.5,0.5
705312,富喬統一62購02,245070,0.46,0.48,0.45,0.48
705313,精材統一65購01,3880,3.88,3.88,3.88,3.88
705314,精材統一72購01,25780,2.09,2.16,2.09,2.16
705315,鑫科統一72購02,0,,,,
705318,宜鼎國票5A購01,0,,,,
705324,富喬國票5A購01,132900,0.84,0.87,0.84,0.87
705331,富喬元大5B購02,0,,,,
705333,鈊象元大5C購03,113020,1.45,1.55,1.39,1.39
705337,穩懋元大61購04,0,,,,
705341,富喬群益5A購01,34060,0.3,0.3,0.29,0.29
705343,弘塑永豐5B購01,0,,,,
705346,富喬永豐5A購02,0,,,,
705347,富喬永豐61購01,395650,0.76,0.78,0.76,0.78
705348,富喬永豐65購01,74430,0.98,1.0,0.96,0.98
705349,雙鴻永豐5B購01,155920,2.25,2.25,2.05,2.16
705357,穩懋凱基61購02,105750,7.05,7.05,7.05,7.05
705358,良維兆豐5A購01,0,,,,
705360,中美晶元大5B購01,0,,,,
705365,雙鴻元大5B購02,0,,,,
705366,雙鴻元大5C購02,0,,,,
705370,穩懋元大61購05,59400,1.46,1.5,1.46,1.5
705372,力致統一64購01,280,0.28,0.28,0.28,0.28
705373,凡甲統一61購01,0,,,,
705374,元太統一72購02,0,,,,
705375,台燿統一62購02,46000,4.6,4.6,4.6,4.6
705376,正基統一64購01,0,,,,
705377,兆利統一64購01,0,,,,
705378,宏捷科統一61購04,0,,,,
705379,沛亨統一68購01,0,,,,
705380,系統電統一5C購02,4400,0.18,0.28,0.18,0.28
705381,系微統一64購01,6850,0.6,0.64,0.6,0.64
705382,亞泰統一72購02,0,,,,
705383,宜特統一65購01,0,,,,
705384,東捷統一72購01,0,,,,
705385,前鼎統一72購01,0,,,,
705386,茂達統一72購01,44850,0.77,0.78,0.77,0.78
705387,原相統一64購01,13600,0.34,0.34,0.34,0.34
705388,能率統一72購01,0,,,,
705389,富強鑫統一72購01,401570,0.65,0.73,0.65,0.73
705390,新漢統一64購02,0,,,,
705391,新漢統一72購01,0,,,,
705392,萬潤統一62購01,4980,4.98,4.98,4.98,4.98
705393,鈺太統一64購01,0,,,,
705394,精材統一5C購02,0,,,,
705395,聚和統一64購01,0,,,,
705396,廣明統一72購01,0,,,,
705397,穩得統一72購01,3850,0.77,0.77,0.77,0.77
705398,穩懋統一61購06,0,,,,
705399,穩懋統一62購01,905010,1.44,1.5,1.41,1.45
705400,穩懋統一62購02,4580,2.29,2.29,2.29,2.29
705401,穩懋統一62購03,0,,,,
705402,耀勝統一64購01,0,,,,
705403,耀勝統一72購01,0,,,,
705404,鑫科統一72購03,18450,0.41,0.41,0.41,0.41
705410,沛亨永豐5B購01,0,,,,
705413,鉅橡永豐5A購02,0,,,,
705426,勤凱群益5A購01,0,,,,
705433,中美晶凱基5C購01,13530,4.51,4.51,4.51,4.51
705437,弘塑凱基5C購01,674610,4.56,5.0,4.56,4.63
705438,沛亨凱基5A購01,0,,,,
705439,信驊凱基5A購03,0,,,,
705442,台特化兆豐5B購01,0,,,,
705443,新應材兆豐5B購01,900,0.04,0.05,0.04,0.05
705444,良維國票62購01,0,,,,
705445,東浦國票5A購01,0,,,,
705446,信驊國票62購01,0,,,,
705447,博智國票5A購01,230150,0.65,0.65,0.42,0.42
705448,萬潤國票5A購01,18500,18.5,18.5,18.5,18.5
705449,鉅橡國票5B購01,0,,,,
705451,穩懋國票5A購03,315120,2.3,2.3,2.2,2.27
705452,世界國泰5A購01,0,,,,
705453,宏捷科國泰5A購01,0,,,,
705455,世界群益5B購02,1280,1.28,1.28,1.28,1.28
705457,宏捷科群益5A購01,0,,,,
705458,良維群益5B購01,0,,,,
705460,信驊群益5B購04,0,,,,
705461,湧德群益61購01,0,,,,
705462,順達群益5B購01,0,,,,
705475,雙鴻元大5C購03,0,,,,
705476,雙鴻元大61購05,34160,2.46,2.46,2.37,2.37
705477,台特化統一63購02,91440,0.17,0.18,0.17,0.18
705478,台特化統一73購01,11940,0.48,0.54,0.48,0.54
705479,良維統一61購01,0,,,,
705480,良維統一63購01,53580,0.83,0.83,0.81,0.81
705481,亞泰統一62購01,0,,,,
705483,新應材統一62購02,8450,0.15,0.15,0.14,0.14
705484,萬潤統一62購02,6300,6.3,6.3,6.3,6.3
705485,萬潤統一73購01,20950,4.23,4.23,4.18,4.18
705486,德微統一63購01,0,,,,
705487,穩懋統一66購01,13980,1.27,1.28,1.27,1.28
705488,穩懋統一73購01,0,,,,
705489,穩懋統一73購02,328590,1.64,1.69,1.63,1.66
705491,世界永豐5A購02,0,,,,
705492,世界永豐5B購02,1563940,3.55,4.07,3.44,3.95
705494,台特化永豐5B購01,0,,,,
705496,光頡永豐5A購01,0,,,,
705497,宜鼎永豐5A購02,0,,,,
705500,原相永豐5B購01,0,,,,
705502,萬潤永豐5B購01,9500,9.5,9.5,9.5,9.5
705503,德微永豐5A購01,0,,,,
705504,雙鴻永豐5C購01,0,,,,
705505,穩懋永豐5A購03,55850,1.01,1.03,1.01,1.03
705508,宜特元富5A購01,0,,,,
705509,信驊元富5A購04,0,,,,
705519,均華兆豐63購01,0,,,,
705520,宜鼎兆豐63購01,55430,3.39,3.39,3.17,3.17
705521,順達兆豐5B購01,0,,,,
705522,雙鴻兆豐5B購01,18340,1.31,1.31,1.31,1.31
705525,良維凱基5B購02,0,,,,
705527,萬潤凱基5B購01,21200,21.2,21.2,21.2,21.2
705534,雙鴻凱基5B購01,64950,1.65,1.74,1.65,1.74
705539,中探針元大5A購02,4800,2.4,2.4,2.4,2.4
705544,萬潤元大5B購01,0,,,,
705548,雙鴻元大61購06,13320,1.11,1.11,1.11,1.11
705551,穩懋元大5A購03,34040,0.92,0.92,0.92,0.92
705552,穩懋元大5B購04,0,,,,
705553,穩懋元大5C購04,15000,1.0,1.0,1.0,1.0
705554,宜鼎富邦5C購02,0,,,,
705555,中探針永豐5C購01,19700,3.9,3.95,3.9,3.95
705556,正基永豐5A購01,0,,,,
705557,茂迪永豐5C購01,0,,,,
705558,神盾永豐5C購01,0,,,,
705559,博智永豐5B購01,0,,,,
705560,萬潤永豐5C購01,92290,3.45,3.62,3.45,3.61
705562,環球晶永豐5B購01,0,,,,
705564,雙鴻永豐5A購03,0,,,,
705565,穩懋永豐5C購02,860190,1.47,1.47,1.3,1.37
705566,耀勝永豐5C購01,0,,,,
705567,宏觀國泰5A購01,0,,,,
705568,沛亨國泰5A購01,0,,,,
705569,宜鼎國泰5A購01,0,,,,
705570,世界凱基5C購01,6750,1.35,1.35,1.35,1.35
705572,旺矽凱基5A購02,0,,,,
705575,原相凱基5B購01,0,,,,
705577,鉅橡凱基5B購01,0,,,,
705580,宏觀永豐5A購01,0,,,,
705581,良維永豐5B購01,30340,0.82,0.82,0.82,0.82
705583,旺矽永豐5A購01,0,,,,
705584,旺矽永豐5B購01,0,,,,
705585,博磊永豐5A購01,0,,,,
705587,精材永豐5B購01,0,,,,
705589,鏵友益永豐5C購01,39440,0.58,0.58,0.58,0.58
705590,鑫聯永豐5C購01,0,,,,
705599,雙鴻元大61購07,0,,,,
705600,凡甲國泰5A購01,0,,,,
705601,旺矽國泰5A購01,0,,,,
705602,鑫聯國泰5A購01,0,,,,
705603,元太國票5A購01,0,,,,
705604,良維國票67購01,6450,2.15,2.15,2.15,2.15
705605,亞信國票5A購01,0,,,,
705606,旺矽國票61購01,0,,,,
705608,是方國票5A購01,0,,,,
705610,精材國票5C購01,0,,,,
705611,雙鴻國票5C購01,13640,1.24,1.24,1.24,1.24
705614,弘塑群益5A購02,5100,0.51,0.51,0.51,0.51
705615,正基群益5A購01,0,,,,
705616,宏捷科群益5A購02,0,,,,
705617,良維群益5B購02,0,,,,
705619,亞信群益5A購01,0,,,,
705620,宜鼎群益5A購01,0,,,,
705621,旺矽群益5B購01,32200,3.22,3.22,3.22,3.22
705622,順達群益5A購01,0,,,,
705627,環球晶群益5A購01,0,,,,
705630,旺矽兆豐5B購01,264000,3.75,3.78,3.75,3.78
705631,大綜永豐5A購01,0,,,,
705633,順達永豐5B購01,0,,,,
705634,新復興永豐5B購01,0,,,,
705637,系統電群益5A購02,0,,,,
705638,宜鼎群益5B購01,0,,,,
705643,茂迪群益5A購01,0,,,,
705644,原相群益5C購01,0,,,,
705648,正基凱基5A購01,0,,,,
705652,宜鼎凱基5A購03,0,,,,
705653,前鼎凱基5A購01,0,,,,
705656,鉅橡凱基5A購01,0,,,,
705659,印能元大5C購01,0,,,,
705665,環球晶元大61購01,0,,,,
705666,鑫聯元大61購01,0,,,,
705667,萬泰科國泰5A購01,0,,,,
705668,鉅橡國泰5A購01,0,,,,
705671,鈊象富邦5B購01,538600,0.57,0.57,0.43,0.47
705672,聖暉*富邦5B購01,5500,0.55,0.55,0.55,0.55
705674,環球晶富邦5C購01,0,,,,
705675,雙鴻富邦5C購01,19110,1.47,1.47,1.47,1.47
705676,雙鴻富邦5C購02,1996170,1.21,1.21,1.02,1.09
705677,譜瑞富邦5C購01,2600,2.6,2.6,2.6,2.6
705679,九豪國票5A購01,1300,0.06,0.1,0.06,0.1
705680,正基國票5A購01,0,,,,
705681,沛亨國票5A購01,0,,,,
705682,宜鼎國票5A購02,0,,,,
705683,岳豐國票5A購01,0,,,,
705684,茂迪國票5A購01,0,,,,
705685,茂迪國票5A購02,0,,,,
705686,晟德國票5A購01,0,,,,
705690,僑威國票5A購01,0,,,,
705691,聚和國票5A購01,0,,,,
705692,臺慶科國票5A購02,0,,,,
705694,正基凱基5A購02,0,,,,
705697,新復興凱基5B購01,0,,,,
705698,鉅橡凱基5A購02,0,,,,
705699,聚和凱基5A購01,0,,,,
705700,寶雅凱基5A購01,0,,,,
705702,宏捷科國票62購01,0,,,,
705704,昱展國票5A購01,0,,,,
705705,新復興國票5B購01,0,,,,
705706,萬泰科國票5A購01,0,,,,
705707,德勝國票5A購01,0,,,,
705708,正基國泰5A購01,0,,,,
705709,勤凱國泰5A購01,0,,,,
705711,台特化元大5C購01,29430,0.16,0.23,0.14,0.22
705712,台燿元大61購03,0,,,,
705718,宜鼎元大5C購04,0,,,,
705719,宜鼎元大61購02,0,,,,
705726,雙鴻元大61購08,0,,,,
705727,九豪群益5A購01,0,,,,
705728,台特化群益62購01,94760,0.23,0.23,0.23,0.23
705729,正基群益5A購02,0,,,,
705733,宜特群益5B購01,0,,,,
705736,正基永豐5B購01,0,,,,
705737,印能永豐5C購01,11550,2.31,2.31,2.31,2.31
705739,系統電永豐64購01,240000,0.8,0.8,0.8,0.8
705740,陽程永豐5A購01,0,,,,
705753,晟德凱基5A購01,0,,,,
705754,精材凱基61購01,0,,,,
705755,雙鴻凱基5C購03,0,,,,
705758,世界元大5C購01,0,,,,
705759,台特化元大5C購02,0,,,,
705769,新應材元大5A購01,0,,,,
705770,新應材元大61購01,15000,0.12,0.17,0.12,0.17
705774,雙鴻元大61購09,151620,2.52,2.52,2.33,2.38
705775,宜特國票5A購02,0,,,,
705776,前鼎國票5B購01,0,,,,
705777,閎康國票5A購01,0,,,,
705778,鈊象國票5A購01,16000,0.04,0.04,0.02,0.03
705779,榮剛國票5A購01,0,,,,
705781,鏵友益國票5B購01,0,,,,
705782,鑫聯國票5A購01,0,,,,
705783,良維中信61購01,136350,1.01,1.01,1.01,1.01
705785,新應材永豐63購01,24290,0.7,1.03,0.7,0.98
705791,宏捷科元富5C購01,0,,,,
705800,大綜統一73購01,0,,,,
705801,印能統一62購01,0,,,,
705802,旺矽統一63購03,17200,1.72,1.72,1.72,1.72
705803,前鼎統一62購01,0,,,,
705804,環球晶統一63購01,0,,,,
705805,環球晶統一63購02,33480,2.79,2.79,2.79,2.79
705806,環球晶統一73購01,13600,2.11,2.58,2.11,2.58
705807,環球晶統一73購02,41610,1.95,2.11,1.95,2.08
705808,前鼎國泰5A購01,0,,,,
705809,元太國票5A購02,0,,,,
705810,岳豐國票5A購02,0,,,,
705811,長佳智國票5A購01,0,,,,
705812,前鼎國票61購01,0,,,,
705813,晟德國票5A購02,0,,,,
705816,寶雅國票5A購01,0,,,,
705818,凡甲永豐5B購01,0,,,,
705819,台星科永豐5C購01,125080,1.1,1.15,1.09,1.13
705820,宜特永豐5C購01,4560,0.24,0.24,0.24,0.24
705823,前鼎永豐5C購01,0,,,,
705824,能率永豐5C購01,0,,,,
705826,順達永豐61購01,2606430,3.21,3.21,3.14,3.14
705827,良維兆豐5B購01,0,,,,
705828,雙鴻兆豐5B購02,0,,,,
705841,元太元大5B購01,0,,,,
705845,信驊元大5C購01,0,,,,
705846,新應材元大5A購02,0,,,,
705847,新應材元大61購02,0,,,,
705853,雙鴻元大61購10,621440,2.33,2.33,2.2,2.29
705854,台特化統一63購03,0,,,,
705855,弘塑統一73購01,108800,1.1,1.1,1.08,1.08
705856,印能統一73購01,326800,1.66,1.66,1.54,1.54
705857,沛亨統一73購01,0,,,,
705858,良維統一73購01,4900,0.49,0.49,0.49,0.49
705859,旺矽統一73購01,48860,2.94,2.94,2.84,2.84
705860,順達統一73購01,600,0.6,0.6,0.6,0.6
705861,新應材統一73購01,423190,0.26,0.29,0.26,0.28
705862,萬泰科統一62購01,0,,,,
705863,德微統一73購01,16000,2.0,2.0,2.0,2.0
705864,環球晶統一62購01,0,,,,
705865,穩得統一73購01,0,,,,
705870,信驊凱基5B購01,0,,,,
705871,信驊凱基61購02,0,,,,
705872,信驊凱基61購03,9800,9.8,9.8,9.8,9.8
705874,鈊象凱基61購02,292190,1.94,1.94,1.77,1.89
705875,新應材凱基61購01,2800,0.14,0.14,0.14,0.14
705876,榮剛凱基5A購01,0,,,,
705877,環球晶凱基61購01,0,,,,
705878,弘塑富邦5B購01,54900,1.43,1.5,1.4,1.46
705879,良維富邦5B購01,0,,,,
705880,新應材富邦63購02,0,,,,
705881,雙鴻國泰5A購01,5752000,5.4,5.6,5.1,5.3
705887,新應材群益5A購01,0,,,,
705894,元太凱基5B購02,26400,0.33,0.33,0.33,0.33
705896,台特化凱基5C購01,1920,0.12,0.12,0.12,0.12
705899,旺矽凱基5B購01,48800,4.88,4.88,4.88,4.88
705901,新應材凱基5A購02,0,,,,
705903,精材凱基61購02,0,,,,
705908,旺矽兆豐5B購02,0,,,,
705909,新應材兆豐5B購02,0,,,,
705913,宜鼎群益5B購02,0,,,,
705917,雙鴻群益63購01,41580,1.41,1.41,1.35,1.35
705923,弘塑永豐5B購02,0,,,,
705924,匯鑽科永豐5A購01,0,,,,
705925,新應材永豐5A購01,0,,,,
705926,新應材永豐5C購04,50,0.05,0.05,0.05,0.05
705927,新應材永豐63購02,50350,0.14,0.16,0.14,0.15
705928,雙鴻永豐63購01,24920,2.27,2.27,2.22,2.22
705929,新應材國泰5A購02,0,,,,
705931,台半國票5A購01,0,,,,
705932,弘塑國票5A購01,0,,,,
705933,宜鼎國票5C購01,2143410,3.86,3.86,3.67,3.67
705934,松瑞藥國票5A購01,0,,,,
705935,胡連國票5A購01,4500,0.03,0.03,0.03,0.03
705936,順達國票5A購01,0,,,,
705938,新應材國票5A購02,0,,,,
705939,新應材國票5B購01,0,,,,
705940,新應材國票5C購01,89820,0.06,0.06,0.06,0.06
705941,群翊國票5A購01,0,,,,
705942,聖暉*國票5A購02,6090,2.03,2.03,2.03,2.03
705943,德微國票5A購01,0,,,,
705944,新應材富邦5C購02,0,,,,
705945,均豪統一73購01,0,,,,
705946,宏捷科統一63購01,4000,0.2,0.2,0.2,0.2
705947,系微統一73購01,650,0.65,0.65,0.65,0.65
705948,良維統一63購02,0,,,,
705949,良維統一73購02,0,,,,
705950,宜特統一73購01,0,,,,
705951,信紘科統一63購01,31000,0.31,0.31,0.31,0.31
705952,前鼎統一73購01,0,,,,
705953,鉅橡統一73購01,0,,,,
705954,鈺太統一66購01,0,,,,
705968,新應材元大5A購03,0,,,,
705969,新應材元大61購03,5440,0.08,0.08,0.08,0.08
705984,博智元大5C購02,0,,,,
705986,世紀*國票5A購01,11980,2.83,3.49,2.83,3.49
705987,台特化國票5A購03,1200,0.04,0.04,0.04,0.04
705988,閎康國票5A購02,0,,,,
705989,雙鴻國票5A購02,38200,9.55,9.55,9.55,9.55
705991,弘塑國泰5A購01,11500,2.3,2.3,2.3,2.3
705992,均華國泰5A購01,0,,,,
705993,宜鼎富邦63購01,0,,,,
705994,蜜望實統一63購01,0,,,,
705995,蜜望實統一73購01,0,,,,
705996,世界群益5B購03,0,,,,
705997,旺矽群益5B購02,0,,,,
705998,神盾群益5B購01,185300,2.18,2.18,2.18,2.18
706001,雙鴻群益5B購03,0,,,,
706004,精材中信61購01,0,,,,
706005,蜜望實永豐5B購01,0,,,,
706006,穩得永豐5B購01,20500,0.41,0.41,0.41,0.41
706010,旺矽凱基5C購01,41300,4.13,4.13,4.13,4.13
706011,博智凱基5C購01,191900,3.25,3.25,3.14,3.16
706015,緯軟國票5B購01,0,,,,
706016,雙鴻國票5A購03,0,,,,
706017,宜鼎中信61購01,940,0.94,0.94,0.94,0.94
706018,弘塑永豐63購01,40410,2.0,2.08,1.99,1.99
706019,均華永豐5B購01,20000,2.0,2.0,2.0,2.0
706020,旺矽永豐61購01,0,,,,
706021,鈊象永豐5A購01,0,,,,
706027,大中統一73購01,31080,1.11,1.11,1.11,1.11
706028,台特化統一66購01,34480,0.29,0.31,0.29,0.31
706029,台特化統一68購01,0,,,,
706030,均華統一62購01,0,,,,
706031,均華統一63購03,2970,0.49,0.52,0.49,0.52
706032,均華統一73購01,0,,,,
706033,均豪統一63購01,6010,0.51,0.55,0.51,0.55
706034,宜鼎統一62購01,4650,0.93,0.93,0.93,0.93
706035,旺矽統一63購04,0,,,,
706036,新普統一63購01,520,0.52,0.52,0.52,0.52
706037,新普統一73購01,2850,0.57,0.57,0.57,0.57
706038,聖暉*統一61購01,0,,,,
706039,蜜望實統一62購01,0,,,,
706040,鑫聯統一62購02,900,0.18,0.18,0.18,0.18
706044,鈺太群益5A購01,0,,,,
706047,台燿富邦63購01,0,,,,
706049,博智富邦5B購01,0,,,,
706050,蜜望實富邦5B購01,0,,,,
706051,印能國泰5A購01,0,,,,
706052,均華國泰5A購02,0,,,,
706053,鈊象國泰5A購01,0,,,,
706054,台特化元大5B購01,4510,0.32,0.37,0.32,0.37
706055,台特化元大63購01,291650,0.38,0.5,0.38,0.5
706060,弘塑元大63購02,338100,3.16,3.26,3.09,3.09
706071,雙鴻元大63購01,6570,2.19,2.19,2.19,2.19
706072,弘塑凱基5A購01,0,,,,
706073,宜鼎凱基5A購04,10800,0.36,0.36,0.36,0.36
706074,鈊象凱基5C購01,0,,,,
706081,雙鴻中信63購01,138840,0.92,0.94,0.87,0.87
706086,旺矽永豐5A購02,0,,,,
706087,旺矽永豐61購02,328850,2.01,2.05,1.99,2.05
706088,旺矽永豐64購01,600270,3.32,3.32,3.11,3.17
706089,茂迪永豐61購01,0,,,,
706090,萬泰科永豐5C購01,0,,,,
706092,力致國泰5A購01,0,,,,
706093,弘塑國泰5A購02,0,,,,
706094,均豪國泰5A購01,0,,,,
706095,系統電國泰5A購01,0,,,,
706096,東捷國泰5A購01,0,,,,
706097,弘塑富邦5C購01,438850,0.88,0.95,0.88,0.89
706098,宜鼎富邦5C購03,99340,0.76,0.78,0.76,0.78
706099,旺矽富邦5B購02,0,,,,
706100,旺矽富邦63購01,0,,,,
706101,茂迪富邦63購01,0,,,,
706103,台特化元大63購02,306580,0.36,0.46,0.36,0.44
706105,宏捷科元大5C購01,0,,,,
706115,雙鴻元大63購02,0,,,,
706116,力致國票5A購01,0,,,,
706117,台半國票5A購02,162800,4.07,4.07,4.07,4.07
706118,台星科國票61購01,98600,1.52,1.59,1.51,1.52
706119,宏捷科國票5A購01,0,,,,
706120,良維國票5A購01,0,,,,
706121,宜鼎國票5A購03,198900,0.45,0.45,0.45,0.45
706122,旺矽國票5B購02,0,,,,
706124,臺慶科國票61購01,0,,,,
706125,鑫聯國票5C購01,0,,,,
706126,大綜統一63購01,11280,0.95,0.95,0.89,0.89
706127,大綜統一66購01,620920,0.82,0.83,0.81,0.83
706128,台特化統一62購02,0,,,,
706129,巨漢統一63購01,0,,,,
706130,正基統一62購01,0,,,,
706131,正基統一63購01,0,,,,
706132,正基統一63購02,0,,,,
706133,均豪統一66購01,0,,,,
706134,宜鼎統一63購02,981720,0.83,0.87,0.8,0.8
706135,宜鼎統一63購03,38400,0.48,0.48,0.48,0.48
706136,宜鼎統一66購02,782430,0.69,0.71,0.67,0.67
706137,宜鼎統一73購01,1108210,0.62,0.62,0.59,0.59
706138,茂迪統一67購01,27080,0.23,0.24,0.23,0.24
706139,聚和統一73購01,23460,0.67,0.68,0.67,0.67
706140,蜜望實統一66購01,0,,,,
706141,蜜望實統一68購01,0,,,,
706142,雙鴻統一63購01,0,,,,
706146,台特化群益5A購01,0,,,,
706150,旺矽群益63購01,917620,3.07,3.1,2.9,2.97
706153,德微群益63購01,3570,3.57,3.57,3.57,3.57
706154,雙鴻群益63購02,0,,,,
706155,台特化凱基5C購02,0,,,,
706160,宜鼎凱基5C購02,0,,,,
706161,旺矽凱基63購01,164930,2.04,2.07,1.9,1.93
706162,旺矽凱基63購02,133640,2.55,2.55,2.38,2.38
706163,東捷凱基63購01,413900,9.7,10.4,9.5,10.4
706166,德微凱基5A購01,0,,,,
706168,雙鴻凱基63購01,0,,,,
706170,良維群益5C購02,0,,,,
706173,精測群益5B購01,0,,,,
706175,宜鼎國泰5A購02,0,,,,
706176,宜鼎國泰61購01,2130,2.13,2.13,2.13,2.13
706177,旺矽國泰5A購02,0,,,,
706178,弘塑富邦63購01,142920,0.79,0.85,0.78,0.79
706179,均華富邦5B購01,142430,0.43,0.51,0.43,0.48
706180,均華統一63購04,232860,0.32,0.39,0.32,0.36
706181,良維統一63購03,1830,0.61,0.61,0.61,0.61
706182,旺矽統一63購05,11100,1.11,1.11,1.11,1.11
706183,茂迪統一63購01,0,,,,
706184,台特化元大63購03,110460,0.33,0.34,0.32,0.34
706185,均華元大5C購01,0,,,,
706186,宏捷科元大5C購02,0,,,,
706198,精測元大5C購02,4400,0.15,0.15,0.14,0.14
706203,鑫聯元大63購01,0,,,,
706204,中美晶國票61購01,0,,,,
706206,均華國票5B購01,189400,0.38,0.49,0.37,0.43
706207,宜鼎國票65購01,1230650,1.53,1.56,1.45,1.45
706208,旺矽國票5C購01,286000,2.86,2.86,2.86,2.86
706209,旺矽國票67購01,1729760,3.11,3.12,2.92,2.96
706210,德微國票65購01,0,,,,
706213,精測中信5B購01,0,,,,
706214,宜鼎永豐5B購01,324100,0.54,0.56,0.5,0.5
706215,旺矽永豐5C購01,93000,1.75,1.76,1.7,1.72
706216,東捷永豐61購01,0,,,,
706218,精測永豐5B購01,0,,,,
706219,精測永豐61購01,146800,0.13,0.13,0.11,0.12
706220,鑫科永豐5C購02,0,,,,
706223,弘塑元富5C購01,162800,1.44,1.56,1.4,1.4
706225,宏捷科元富5C購02,9000,0.18,0.18,0.18,0.18
706239,中美晶兆豐63購01,0,,,,
706240,元太兆豐63購01,615840,1.09,1.13,1.09,1.13
706241,環球晶兆豐5B購01,0,,,,
706245,M31凱基5B購01,393620,0.32,0.44,0.31,0.32
706246,台燿凱基61購01,0,,,,
706248,弘塑凱基5A購02,0,,,,
706249,宏捷科凱基5C購01,0,,,,
706252,信驊凱基5B購02,0,,,,
706253,信驊凱基5C購01,0,,,,
706259,M31永豐5B購01,402950,0.5,0.59,0.49,0.54
706260,M31永豐5C購01,1468240,0.53,0.65,0.52,0.55
706261,大中永豐5B購01,6480,1.08,1.08,1.08,1.08
706264,台燿永豐5B購01,0,,,,
706265,良維永豐5B購02,0,,,,
706269,M31元富5A購01,41340,0.26,0.42,0.25,0.33
706274,良維群益5C購03,0,,,,
706275,信驊群益5B購05,0,,,,
706276,聖暉*群益61購01,31710,1.77,1.77,1.75,1.75
706279,台燿國泰5A購01,0,,,,
706280,台燿國泰5A購02,0,,,,
706281,德微國泰5A購01,0,,,,
706282,M31統一63購03,73000,0.55,0.57,0.55,0.57
706283,M31富邦5B購01,603390,0.27,0.37,0.27,0.32
706284,台特化富邦5C購01,0,,,,
706285,信驊富邦5C購01,0,,,,
706286,茂迪富邦5C購01,0,,,,
706287,雙鴻富邦5C購03,1327440,1.43,1.43,1.4,1.43
706288,M31國票5A購01,0,,,,
706292,宏觀國票5C購02,0,,,,
706293,沛亨國票5A購02,4400,0.88,0.88,0.88,0.88
706294,信驊國票5B購03,0,,,,
706297,環球晶國票5A購01,0,,,,
706298,鑫科國票5A購01,0,,,,
706313,雙鴻元大5C購04,52700,1.5,1.52,1.5,1.52
706316,台燿兆豐5B購01,0,,,,
706317,弘塑兆豐5B購01,0,,,,
706318,聖暉*兆豐5B購01,0,,,,
706319,印能凱基5B購01,5120,2.56,2.56,2.56,2.56
706322,亞泰凱基5A購01,12320,3.08,3.08,3.08,3.08
706324,聖暉*凱基5B購02,108970,1.84,1.93,1.84,1.93
706325,環球晶凱基5C購01,0,,,,
706327,穩得凱基5C購01,6840,0.57,0.57,0.57,0.57
706328,弘塑國票65購01,71860,1.78,1.78,1.67,1.67
706331,亞泰國票5A購01,10400,2.08,2.08,2.08,2.08
706332,華宏國票5A購01,0,,,,
706336,茂迪元大5C購01,0,,,,
706339,雙鴻元大5C購05,537080,1.6,1.63,1.54,1.58
706340,穩得元大63購01,0,,,,
706341,鑫聯元大63購02,0,,,,
706342,雙鴻國泰61購01,264580,3.15,3.2,3.07,3.07
706343,台燿富邦63購02,0,,,,
706344,德微富邦5C購01,397800,1.22,1.23,1.1,1.12
706345,世界統一63購01,0,,,,
706346,台特化統一63購04,210,0.21,0.21,0.21,0.21
706347,印能統一63購01,258540,0.88,0.88,0.79,0.79
706348,亞泰統一62購02,562560,1.8,1.84,1.63,1.72
706349,博智統一63購01,0,,,,
706350,鈺太統一63購01,240,0.24,0.24,0.24,0.24
706351,弘塑永豐5C購03,49260,0.8,0.8,0.7,0.72
706354,雙鴻永豐61購02,0,,,,
706355,雙鴻永豐64購01,1042580,2.72,2.72,2.59,2.63
706371,良維凱基61購01,271430,1.23,1.23,1.15,1.21
706378,正淩永豐5B購01,0,,,,
706379,東捷永豐5A購01,5800,5.8,5.8,5.8,5.8
706389,美琪瑪群益5A購01,90,0.09,0.09,0.09,0.09
706390,湧德群益5B購01,0,,,,
706392,雙鴻群益5B購04,0,,,,
706393,雙鴻群益5B購05,59200,1.48,1.48,1.48,1.48
706394,宏觀國泰5A購02,0,,,,
706399,華義國票5A購02,7000,0.02,0.02,0.02,0.02
706401,頎邦國票5A購01,0,,,,
706402,聚和國票5A購02,0,,,,
706411,中美晶凱基5A購01,0,,,,
706412,弘塑凱基5B購01,80340,0.28,0.33,0.28,0.33
706413,印能凱基5B購02,0,,,,
706414,湧德凱基5A購01,0,,,,
706415,閎康凱基5B購01,0,,,,
706418,精材國泰5A購01,0,,,,
706419,弘塑富邦61購01,23520,0.62,0.67,0.62,0.67
706420,宏捷科富邦5B購01,0,,,,
706421,宏捷科富邦5C購01,0,,,,
706422,家登富邦5B購01,0,,,,
706423,智通*富邦5B購02,0,,,,
706424,環球晶富邦5A購01,0,,,,
706425,雙鴻富邦5C購04,0,,,,
706432,茂迪元大63購05,0,,,,
706439,穩得元大5A購01,0,,,,
706441,弘塑群益5A購03,0,,,,
706442,印能群益5B購01,8150,1.63,1.63,1.63,1.63
706446,湧德群益5C購01,0,,,,
706448,環球晶群益5A購02,0,,,,
706449,穩得群益5A購01,0,,,,
706451,中美晶永豐5A購02,0,,,,
706452,中美晶永豐5C購01,90560,0.82,0.88,0.82,0.88
706453,弘塑永豐63購02,19190,0.7,0.72,0.7,0.72
706455,系微永豐5C購01,420,0.21,0.21,0.21,0.21
706456,博智永豐5C購01,48300,1.63,1.63,1.6,1.6
706457,華宏永豐5A購01,1000,0.02,0.02,0.02,0.02
706460,雙鴻永豐5B購02,0,,,,
706461,鑫聯永豐61購01,0,,,,
706464,台燿元富63購01,0,,,,
706468,華宏元富5B購01,68110,0.3,0.3,0.18,0.18
706472,中美晶凱基61購01,1010500,5.1,5.1,5.05,5.05
706474,沛亨凱基5B購01,0,,,,
706476,良維凱基5C購01,15000,1.5,1.5,1.5,1.5
706479,博智凱基61購01,1560210,1.03,1.07,0.87,0.87
706480,湧德凱基5B購01,0,,,,
706481,閎康凱基5A購01,0,,,,
706484,臺慶科凱基5A購01,0,,,,
706485,雙鴻凱基5C購04,46100,2.41,2.46,2.36,2.41
706488,合晶國票5A購01,0,,,,
706489,均豪國票5A購01,0,,,,
706490,頎邦國票5A購02,0,,,,
706491,鑫聯國票5A購04,0,,,,
706492,廣明兆豐63購01,0,,,,
706496,宜特群益63購01,9960,0.59,0.59,0.58,0.58
706497,博智群益69購01,24400,0.61,0.61,0.61,0.61
706498,閎康群益63購02,0,,,,
706500,中美晶國泰5A購01,0,,,,
706501,合晶國泰5A購01,0,,,,
706502,良維國泰5A購01,0,,,,
706503,世界富邦61購01,184480,1.13,1.2,1.13,1.2
706504,台特化富邦5A購01,0,,,,
706505,台燿富邦63購03,0,,,,
706507,中美晶元大5C購02,27900,2.31,2.33,2.31,2.33
706508,中美晶元大63購01,7650,1.53,1.53,1.53,1.53
706509,台特化元大5A購03,0,,,,
706513,博智元大63購01,56270,0.91,0.91,0.87,0.87
706517,萬泰科元大5C購01,0,,,,
706524,雙鴻中信63購02,119280,0.95,0.95,0.75,0.8
706528,勤凱永豐5C購02,50630,0.99,0.99,0.91,0.91
706532,系微國票5A購01,0,,,,
706534,前鼎國票61購02,0,,,,
706535,閎康國票5A購03,0,,,,
706536,順達國票5A購02,1900,0.38,0.38,0.38,0.38
706538,鈺太國票5A購01,0,,,,
706545,閎康凱基61購01,8000,0.8,0.8,0.8,0.8
706548,雙鴻凱基5A購03,0,,,,
706549,穩得凱基63購01,0,,,,
706550,鑫聯凱基61購01,0,,,,
706553,台燿永豐64購01,0,,,,
706555,系微永豐5A購01,0,,,,
706557,聖暉*永豐5B購01,0,,,,
706558,聚和永豐5B購01,0,,,,
706560,台燿國泰5A購03,0,,,,
706561,宜特國泰5A購01,0,,,,
706562,鑫聯國泰5A購02,0,,,,
706563,台燿富邦73購01,0,,,,
706564,良維富邦5C購01,0,,,,
706565,博智富邦61購01,12900,0.67,0.67,0.62,0.62
706566,順達富邦5C購01,136740,0.89,0.89,0.85,0.85
706567,精測富邦5B購01,561250,0.15,0.15,0.1,0.11
706569,中美晶群益5B購01,0,,,,
706572,良維群益61購01,0,,,,
706573,博智群益63購01,719000,2.37,2.41,2.19,2.2
706574,閎康群益5B購02,0,,,,
706575,閎康群益5B購03,0,,,,
706576,順達群益5C購01,114750,1.51,1.58,1.47,1.48
706579,精測群益63購01,608550,0.57,0.57,0.47,0.5
706588,博智元大63購02,260520,0.73,0.73,0.63,0.64
706590,萬泰科元大5C購02,29850,0.99,1.01,0.98,0.98
706594,精測元大5C購03,0,,,,
706596,中美晶凱基5B購01,45680,3.08,3.08,3.04,3.04
706601,系微凱基5A購01,50,0.01,0.01,0.01,0.01
706605,華電網凱基5B購01,0,,,,
706606,華電網凱基61購01,0,,,,
706607,閎康凱基5A購02,0,,,,
706608,順達凱基5A購01,0,,,,
706611,元太國票5A購03,0,,,,
706612,弘塑國票5C購01,31360,0.38,0.38,0.35,0.35
706613,弘塑國票63購01,19600,0.8,0.88,0.8,0.88
706615,宏觀國票5A購02,0,,,,
706616,系微國票5A購02,0,,,,
706617,美琪瑪國票5A購01,0,,,,
706618,神盾國票5A購01,18000,0.09,0.09,0.09,0.09
706622,鈊象國票5A購02,1280,0.32,0.32,0.32,0.32
706623,萬泰科國票5A購03,10530,0.63,0.66,0.63,0.66
706624,穩得國票5A購01,0,,,,
706625,譜瑞國票5A購01,12010,0.27,0.27,0.26,0.26
706647,弘塑群益5B購02,2990,0.27,0.29,0.27,0.29
706653,弘塑國泰5A購03,0,,,,
706654,弘塑國泰5A購04,0,,,,
706655,系微國泰5A購01,1200,0.06,0.06,0.06,0.06
706656,佶優國泰5A購01,0,,,,
706657,順達國泰5A購01,0,,,,
706658,中美晶富邦63購01,0,,,,
706659,弘塑富邦61購02,133040,0.46,0.51,0.46,0.47
706660,均豪富邦61購01,74880,0.37,0.41,0.36,0.41
706661,宏觀富邦5B購01,0,,,,
706662,沛亨富邦61購01,1024310,0.8,0.84,0.8,0.84
706663,華電網富邦5C購01,30,0.03,0.03,0.03,0.03
706664,系微永豐5C購02,5270,0.31,0.31,0.31,0.31
706666,華電網永豐5A購01,0,,,,
706667,閎康永豐5B購01,0,,,,
706673,弘塑元富5C購02,0,,,,
706674,華義元富5A購01,1150,0.23,0.23,0.23,0.23
706676,台特化兆豐5B購02,0,,,,
706677,順達兆豐5B購02,0,,,,
706678,雙鴻兆豐5B購03,0,,,,
706683,家登國泰5A購01,0,,,,
706684,閎康國泰5A購01,1560,0.26,0.26,0.26,0.26
706685,元太富邦5B購01,3500,0.7,0.7,0.7,0.7
706686,頎邦富邦5B購01,0,,,,
706687,台特化凱基63購01,32750,0.49,0.51,0.49,0.51
706691,美琪瑪凱基5A購01,3300,0.33,0.33,0.33,0.33
706693,家登凱基5C購02,0,,,,
706695,立碁永豐5A購01,52290,1.21,1.21,1.04,1.04
706696,立碁永豐5B購01,0,,,,
706698,穩得永豐61購01,0,,,,
706703,鈊象中信5C購01,2560,0.32,0.32,0.32,0.32
706705,立碁國票5A購01,16630,0.83,0.86,0.83,0.86
706708,閎康國票61購01,0,,,,
706710,良維統一62購02,202210,0.83,0.83,0.79,0.79
706711,宜特統一62購02,0,,,,
706712,信紘科統一63購02,10680,0.48,0.49,0.48,0.49
706713,前鼎統一63購01,0,,,,
706714,閎康統一63購01,4750,0.24,0.25,0.23,0.23
706715,萬泰科統一62購02,0,,,,
706727,宜特元大5C購01,119300,0.8,0.81,0.8,0.81
706732,閎康元大5A購01,0,,,,
706733,閎康元大63購03,44000,0.44,0.44,0.44,0.44
706743,前鼎凱基61購01,40100,4.01,4.01,4.01,4.01
706745,聖暉*凱基5A購01,6000,0.19,0.22,0.19,0.22
706748,聚和凱基5A購02,0,,,,
706749,雙鴻凱基61購01,0,,,,
706751,聖暉*兆豐5B購02,0,,,,
706752,久元國票5A購01,0,,,,
706754,世紀*國票5A購02,2220,2.22,2.22,2.22,2.22
706755,矽科國票5A購01,0,,,,
706756,矽科國票5A購02,0,,,,
706759,捷創國票5A購01,0,,,,
706760,順達國票5B購01,13000,0.65,0.65,0.65,0.65
706761,聖暉*國票5A購04,0,,,,
706782,印能國泰5A購02,0,,,,
706783,前鼎國泰5A購02,0,,,,
706784,聖暉*國泰5A購01,3320,0.83,0.83,0.83,0.83
706785,聖暉*國泰5A購02,0,,,,
706787,台特化群益5A購02,0,,,,
706789,前鼎群益5B購01,0,,,,
706790,順達群益5B購02,249220,1.04,1.04,1.0,1.01
706791,萬泰科群益5A購01,0,,,,
706793,元太富邦5B購02,26350,0.29,0.29,0.28,0.28
706794,宜特富邦5B購01,0,,,,
706795,前鼎富邦5B購01,0,,,,
706796,鈊象富邦5B購02,624860,1.05,1.06,0.98,1.0
706797,頎邦富邦5C購01,0,,,,
706798,雙鴻富邦5B購01,0,,,,
706799,立碁統一63購01,99220,0.82,0.82,0.82,0.82
706800,立碁統一66購01,52680,0.73,0.76,0.71,0.76
706801,順達統一63購02,24540,0.67,0.67,0.66,0.67
706802,順達統一66購01,0,,,,
706803,聖暉*統一65購01,77000,0.7,0.7,0.7,0.7
706804,雙鴻統一66購01,980,0.98,0.98,0.98,0.98
706807,矽科永豐5B購01,0,,,,
706808,聖暉*永豐5B購02,0,,,,
706809,頎邦永豐5A購01,0,,,,
706825,前鼎凱基5B購01,0,,,,
706826,順達凱基5B購02,80000,0.4,0.4,0.4,0.4
706829,元債20元大5B購02,0,,,,
706830,元債20元大62購01,0,,,,
706831,元債20元大65購01,0,,,,
706841,華電網元大5C購01,0,,,,
706843,鈊象元大5C購04,390140,0.62,0.62,0.54,0.58
706844,鈊象元大63購04,182000,0.4,0.4,0.35,0.38
706845,萬泰科元大63購01,80710,0.87,0.89,0.87,0.89
706849,台燿永豐5B購02,0,,,,
706850,東捷永豐5C購01,0,,,,
706851,前鼎永豐5B購02,0,,,,
706852,鈊象永豐5B購01,241830,0.36,0.38,0.34,0.36
706853,東捷國泰5A購02,0,,,,
706856,宜特元富5C購01,0,,,,
706857,匯鑽科元富5A購01,75490,0.22,0.25,0.18,0.23
706859,漢科元富5A購01,0,,,,
706860,廣運元富5C購01,0,,,,
706863,中美晶群益62購01,26500,2.64,2.66,2.64,2.66
706865,東捷群益62購01,8700,8.7,8.7,8.7,8.7
706866,東捷群益63購02,0,,,,
706868,順達群益5A購02,0,,,,
706871,鈊象群益5B購01,0,,,,
706872,聖暉*群益5C購01,21200,1.06,1.06,1.06,1.06
706875,鑫科群益5B購01,0,,,,
706876,久元國票5A購02,0,,,,
706877,美琪瑪國票5A購02,1500,0.15,0.15,0.15,0.15
706878,神盾國票62購01,2900,0.29,0.29,0.29,0.29
706879,鈊象國票5A購03,0,,,,
706880,頎邦國票5A購03,0,,,,
706887,東捷元大5C購01,0,,,,
706892,鈊象元大63購05,726450,1.51,1.51,1.4,1.43
706894,頎邦元大63購05,0,,,,
706895,均豪國泰5B購01,0,,,,
706896,宏觀富邦5B購02,0,,,,
706898,元債20凱基5B購01,0,,,,
706900,鈊象凱基5B購01,80400,0.55,0.57,0.55,0.57
706901,聖暉*凱基5B購03,0,,,,
706903,台燿國票5B購02,0,,,,
706905,宣德國票5B購01,2000,0.02,0.02,0.02,0.02
706907,雙鴻國票5B購02,0,,,,
706910,元太元富63購01,145540,1.54,1.54,1.5,1.5
706914,鈊象中信63購01,11700,0.2,0.21,0.2,0.21
706915,中光電永豐5B購01,0,,,,
706916,元太永豐5B購01,26240,0.41,0.41,0.41,0.41
706919,雙鴻永豐5C購02,0,,,,
706920,久元永豐5A購01,0,,,,
706921,協易機永豐5C購01,0,,,,
706922,宜特永豐5C購02,0,,,,
706923,信音永豐5C購01,0,,,,
706924,勤凱永豐61購01,201300,0.61,0.61,0.61,0.61
706925,匯鑽科永豐61購01,57010,0.55,0.65,0.55,0.58
706927,廣閎科永豐5C購01,0,,,,
706928,台燿凱基5B購03,0,,,,
706929,宏觀凱基5A購01,0,,,,
706930,良維凱基5A購03,0,,,,
706932,順達凱基5A購02,0,,,,
706934,千附國票5B購01,1260,1.26,1.26,1.26,1.26
706935,千附精國票5B購01,0,,,,
706936,盈正國票5B購01,0,,,,
706937,寬宏國票5A購01,0,,,,
706938,廣閎科國票5B購01,0,,,,
706939,久元國泰5B購01,0,,,,
706940,華電網國泰5B購01,0,,,,
706941,精材國泰5B購01,0,,,,
706942,久元富邦5C購01,0,,,,
706946,台燿元大64購01,0,,,,
706947,印能元大5A購01,0,,,,
706948,印能元大64購01,268450,2.03,2.03,1.86,1.88
706949,良維元大61購01,62540,2.84,2.87,2.84,2.87
706951,順達元大5A購06,0,,,,
706952,順達元大64購01,0,,,,
706953,鈊象元大64購02,142220,0.8,0.8,0.77,0.77
706954,匯鑽科元大5A購01,0,,,,
706955,匯鑽科元大5A購02,0,,,,
706956,點序元大5A購01,0,,,,
706957,雙鴻元大5A購05,0,,,,
706958,世紀*群益5A購01,0,,,,
706959,台燿群益5A購01,0,,,,
706960,印能群益5A購01,0,,,,
706962,亞電群益5C購01,0,,,,
706963,匯鑽科群益5C購01,19950,0.63,0.63,0.54,0.59
706964,鈺太群益5A購02,0,,,,
706965,千附凱基5B購01,0,,,,
706966,千附精凱基5B購01,0,,,,
706967,世紀*凱基5A購01,19800,1.8,1.8,1.8,1.8
706968,印能凱基64購01,575430,1.47,1.56,1.35,1.35
706969,神盾凱基63購01,0,,,,
706970,鈊象凱基64購01,23970,1.2,1.2,1.19,1.19
706971,雙鴻凱基5A購05,0,,,,
706972,印能國票5A購03,7800,0.13,0.13,0.13,0.13
706973,宏碩國票5C購01,0,,,,
706975,高僑國票61購01,54340,1.01,1.09,1.01,1.05
706976,新門國票61購01,980,0.49,0.49,0.49,0.49
706977,耀勝國票61購01,0,,,,
706978,印能國泰5B購01,3960,1.98,1.98,1.98,1.98
706979,穩得國泰5B購01,0,,,,
706980,神盾統一64購01,96670,0.38,0.4,0.38,0.4
706981,神盾統一64購02,99120,0.4,0.4,0.39,0.4
706982,印能永豐64購01,132720,2.1,2.1,1.9,1.9
706983,宏觀永豐5C購01,0,,,,
706984,亞電永豐61購01,0,,,,
706985,原相永豐5B購02,0,,,,
706986,神盾永豐5C購02,39060,0.3,0.32,0.3,0.32
706987,創泓永豐5C購01,12450,0.83,0.83,0.83,0.83
706988,撼訊永豐5C購01,530480,1.47,1.5,1.46,1.5
706989,元太元大5A購01,0,,,,
706990,天品元大5A購01,0,,,,
706991,世紀*元大5A購01,3600,1.2,1.2,1.2,1.2
706994,宏捷科元大5A購01,0,,,,
706995,匯鑽科元大5A購03,0,,,,
706996,精材元大5A購03,0,,,,
706997,加百裕群益5A購01,0,,,,
706998,印能群益5A購02,0,,,,
706999,均豪群益62購01,39730,0.43,0.47,0.43,0.47
707000,高僑群益5B購01,3890,0.77,0.85,0.73,0.73
707001,常珵群益5A購01,0,,,,
707002,鈊象群益5A購01,1350,0.45,0.45,0.45,0.45
707003,群翊群益5B購01,21050,1.38,1.45,1.38,1.45
707004,雙鴻群益5A購05,0,,,,
707006,台嘉碩元大5A購01,0,,,,
707007,印能元大5A購02,3000,0.1,0.1,0.1,0.1
707008,印能元大5A購03,0,,,,
707009,印能元大5A購05,0,,,,
707010,印能元大5A購06,0,,,,
707011,印能元大5B購01,59620,0.92,0.92,0.86,0.89
707012,印能元大5C購02,255700,0.79,0.79,0.67,0.67
707013,印能元大61購01,0,,,,
707014,印能元大64購02,144000,0.58,0.58,0.51,0.52
707015,均豪元大5A購01,0,,,,
707016,宏捷科元大5A購02,0,,,,
707017,宏捷科元大5C購03,0,,,,
707018,系微元大5A購01,0,,,,
707019,宜特元大5A購01,0,,,,
707020,信立元大5A購01,0,,,,
707022,美琪瑪元大5A購01,0,,,,
707024,廣閎科元大5A購01,33000,5.5,5.5,5.5,5.5
707025,雙鴻元大61購11,0,,,,
707026,久昌凱基5A購01,0,,,,
707027,台燿凱基5B購04,0,,,,
707028,印能凱基5A購03,1550,0.03,0.03,0.02,0.02
707029,宏觀凱基5B購02,0,,,,
707030,系微凱基5A購02,0,,,,
707031,協易機凱基5A購01,0,,,,
707033,前鼎凱基5A購03,0,,,,
707035,陽程凱基5A購01,0,,,,
707036,陽程凱基5A購02,0,,,,
707037,廣閎科凱基5B購01,39100,3.91,3.91,3.91,3.91
707038,衛司特凱基5A購01,10440,0.36,0.36,0.36,0.36
707039,久昌國票5B購01,0,,,,
707040,千如國票5B購01,1700,0.85,0.85,0.85,0.85
707041,台嘉碩國票5A購01,7000,0.35,0.35,0.35,0.35
707042,印能國票5B購01,43240,0.35,0.35,0.33,0.33
707043,沛亨國票5B購01,0,,,,
707044,威聯通國票5B購01,0,,,,
707045,茂綸國票5B購01,0,,,,
707046,博盛國票5B購01,0,,,,
707047,衛司特國票5B購01,0,,,,
707048,雙鴻中信64購01,27400,1.54,1.54,1.5,1.5
707049,久昌永豐5A購01,0,,,,
707050,印能永豐5A購02,0,,,,
707051,印能永豐61購01,53070,1.1,1.1,0.93,0.93
707052,同致永豐5C購01,32900,0.1,0.1,0.1,0.1
707053,同致永豐61購01,0,,,,
707054,安葆永豐5B購01,20550,1.37,1.37,1.37,1.37
707055,宏碩永豐61購01,550,0.11,0.11,0.11,0.11
707056,宜特永豐5B購01,0,,,,
707057,威聯通永豐5A購01,0,,,,
707058,晟德永豐5B購01,0,,,,
707060,智通*永豐5C購01,0,,,,
707061,鈺太永豐5C購01,28000,0.14,0.14,0.14,0.14
707062,磐亞永豐5B購01,0,,,,
707063,台嘉碩國泰5B購01,32160,2.68,2.68,2.68,2.68
707064,金山電國泰5B購01,0,,,,
707065,群翊國泰5B購01,0,,,,
707066,元太富邦5C購01,314100,0.51,0.55,0.51,0.53
707067,雙鴻富邦5C購05,0,,,,
707068,雙鴻富邦5C購06,0,,,,
707069,台燿統一67購01,0,,,,
707070,台燿統一74購01,0,,,,
707071,立碁統一67購01,59780,0.98,0.98,0.98,0.98
707072,立碁統一74購01,20840,0.95,0.95,0.92,0.92
707073,印能統一63購02,90800,0.69,0.69,0.51,0.52
707074,印能統一74購01,13750,1.4,1.4,1.35,1.35
707075,沛亨統一74購01,12450,0.83,0.83,0.83,0.83
707076,系統電統一67購01,51200,0.46,0.5,0.46,0.5
707077,東捷統一63購01,0,,,,
707078,能率統一67購01,0,,,,
707079,華電網統一64購01,0,,,,
707080,華電網統一74購01,0,,,,
707082,順達統一63購03,7920,0.56,0.58,0.56,0.58
707083,頎邦統一63購01,128190,4.92,4.95,4.81,4.81
707084,頎邦統一64購01,0,,,,
707085,頎邦統一66購01,0,,,,
707086,廣閎科統一64購01,0,,,,
707087,廣閎科統一74購01,113510,1.32,1.32,1.31,1.31
707088,德微統一67購01,0,,,,
707089,雙鴻統一62購05,0,,,,
707090,雙鴻統一66購02,0,,,,
707091,久元群益5A購01,1400,0.02,0.02,0.02,0.02
707092,千附群益5A購01,12100,2.42,2.42,2.42,2.42
707093,友輝群益5A購01,0,,,,
707094,正淩群益5A購01,2700,0.09,0.09,0.09,0.09
707095,同致群益5A購01,0,,,,
707096,岳豐群益5A購01,0,,,,
707097,茂綸群益5A購01,40720,2.43,2.59,2.43,2.51
707098,倚強群益5A購01,0,,,,
707100,聚和群益5A購01,0,,,,
707102,寶雅群益5A購01,0,,,,
707103,中光電兆豐64購01,0,,,,
707106,矽科群益5A購01,0,,,,
707107,矽科群益5A購02,0,,,,
707108,群翊群益5C購01,59920,0.56,0.56,0.56,0.56
707110,頎邦群益5B購01,0,,,,
707112,九豪凱基5A購02,0,,,,
707113,元太凱基5A購01,0,,,,
707115,矽科凱基5A購01,0,,,,
707116,茂綸凱基5A購01,0,,,,
707117,頎邦凱基64購01,0,,,,
707118,廣閎科凱基5A購01,0,,,,
707119,雙鴻凱基5C購05,469000,4.69,4.69,4.69,4.69
707120,友輝國票5A購01,0,,,,
707121,正淩國票5B購02,0,,,,
707122,矽科國票5B購01,0,,,,
707123,耕興國票5B購01,0,,,,
707124,翔名國票5B購01,0,,,,
707125,群翊國票5B購01,95180,0.14,0.18,0.14,0.18
707126,頎邦國票5B購01,0,,,,
707127,磐亞國票5B購01,72500,7.25,7.25,7.25,7.25
707128,元太國泰5B購01,8800,0.5,0.52,0.5,0.52
707129,宜特富邦5C購01,162900,0.46,0.48,0.46,0.46
707130,頎邦富邦61購01,0,,,,
707131,精材富邦5A購01,0,,,,
707132,聚和富邦5A購01,0,,,,
707133,正淩統一63購01,173200,0.51,0.58,0.51,0.58
707134,同致統一64購01,2660,0.21,0.21,0.2,0.2
707135,同致統一74購01,0,,,,
707136,協易機統一66購01,0,,,,
707137,翔名統一74購01,14760,0.82,0.82,0.82,0.82
707138,陽程統一64購02,74130,3.53,3.53,3.53,3.53
707139,陽程統一74購01,0,,,,
707140,萬泰科統一74購01,16380,0.78,0.78,0.78,0.78
707141,群翊統一63購01,69370,0.53,0.53,0.52,0.52
707142,群翊統一74購01,46000,0.46,0.46,0.46,0.46
707143,頎邦統一64購02,0,,,,
707144,頎邦統一67購01,0,,,,
707146,均豪永豐5A購01,0,,,,
707147,宏捷科永豐5C購01,0,,,,
707149,美琪瑪永豐5B購01,0,,,,
707150,茂訊永豐5B購01,38190,2.01,2.01,2.01,2.01
707151,茂綸永豐5A購01,120800,1.51,1.51,1.51,1.51
707152,湧德永豐5B購01,0,,,,
707153,陽程永豐5C購01,0,,,,
707154,群翊永豐5A購01,0,,,,
707155,衛司特永豐5A購01,0,,,,
707156,璟德永豐5A購01,0,,,,
707157,環球晶永豐5A購01,0,,,,
707158,雙鴻永豐5C購03,0,,,,
707159,九豪元大5A購01,0,,,,
707161,台燿元大61購04,0,,,,
707163,前鼎元大5A購02,0,,,,
707164,翔名元大5A購01,1080,0.36,0.36,0.36,0.36
707166,頎邦元大5A購02,0,,,,
707167,雙鴻元大61購12,39510,4.39,4.39,4.39,4.39
707168,鑫聯元大5A購01,0,,,,
707169,台燿凱基61購02,0,,,,
707170,同致凱基5A購01,0,,,,
707171,捷創凱基5A購01,0,,,,
707172,翔名凱基5A購01,3300,0.22,0.22,0.22,0.22
707173,華景電凱基5A購01,0,,,,
707174,華景電凱基5A購02,0,,,,
707175,鈊象凱基64購02,837380,1.4,1.4,1.27,1.32
707176,群翊凱基5C購01,208420,0.37,0.42,0.36,0.41
707177,頎邦凱基5A購02,0,,,,
707178,世界群益5C購01,308000,1.54,1.54,1.54,1.54
707179,台半群益5A購01,0,,,,
707180,台燿群益5A購03,0,,,,
707181,台燿群益5B購02,0,,,,
707182,捷創群益5B購01,0,,,,
707183,華景電群益5A購01,0,,,,
707184,陽程群益5A購01,1340000,13.4,13.4,13.4,13.4
707185,勤凱群益5B購01,0,,,,
707186,元債20國票5B購01,0,,,,
707187,台燿國票5B購03,0,,,,
707188,安葆國票5B購01,0,,,,
707189,華景電國票5B購01,0,,,,
707191,廣閎科國票5B購02,15500,3.1,3.1,3.1,3.1
707192,鈺太國泰5B購01,0,,,,
707193,雙鴻國泰67購01,48050,6.0,6.05,6.0,6.05
707194,久元統一64購01,0,,,,
707195,湧德統一74購01,0,,,,
707196,華景電統一64購01,19000,0.38,0.38,0.38,0.38
707197,華景電統一64購02,0,,,,
707198,華景電統一65購01,0,,,,
707199,華景電統一68購01,0,,,,
707200,華景電統一74購01,0,,,,
707201,陽程統一65購01,0,,,,
707202,陽程統一68購01,0,,,,
707203,群翊統一64購01,0,,,,
707204,群翊統一74購02,15750,0.63,0.63,0.63,0.63
707205,頎邦統一64購03,15050,3.01,3.01,3.01,3.01
707206,大中元大5A購01,0,,,,
707208,台燿元大61購05,0,,,,
707209,台燿元大64購04,0,,,,
707210,宏觀元大64購01,0,,,,
707211,系微元大5A購02,0,,,,
707213,良維元大5B購01,0,,,,
707214,東捷元大5A購01,0,,,,
707215,信紘科元大5A購01,0,,,,
707216,華景電元大5A購01,0,,,,
707217,華景電元大5A購02,0,,,,
707218,順達元大5A購07,0,,,,
707219,順達元大5A購08,0,,,,
707220,群翊元大5A購01,0,,,,
707221,雙鴻元大64購02,0,,,,
707222,世界永豐61購01,381400,2.31,2.31,2.21,2.27
707223,台半永豐5B購01,0,,,,
707224,台燿永豐5A購03,0,,,,
707225,台燿永豐61購02,0,,,,
707226,矽科永豐5B購02,0,,,,
707227,華景電永豐5C購01,0,,,,
707228,華景電永豐61購01,36340,0.37,0.37,0.36,0.36
707229,順達永豐5B購02,34000,0.34,0.34,0.34,0.34
707230,頎邦永豐5C購01,0,,,,
707231,順達兆豐5C購01,0,,,,
707232,安葆凱基5A購01,0,,,,
707233,陽程凱基5A購03,0,,,,
707234,順達凱基5A購03,0,,,,
707235,新盛力凱基5A購01,0,,,,
707236,新盛力凱基5A購02,0,,,,
707237,頎邦凱基5B購01,0,,,,
707238,廣閎科凱基5A購02,0,,,,
707239,雙鴻凱基5A購06,17600,1.76,1.76,1.76,1.76
707240,久元元大61購01,0,,,,
707242,家登元大5A購02,33300,3.33,3.33,3.33,3.33
707243,湧德元大5A購02,0,,,,
707244,湧德元大5A購03,0,,,,
707245,順達元大64購02,0,,,,
707246,鈊象元大61購01,477070,1.43,1.43,1.26,1.35
707247,新盛力元大5A購01,0,,,,
707248,萬泰科元大5A購01,0,,,,
707249,台星科國票5B購01,0,,,,
707250,台燿國票5B購04,0,,,,
707251,順達國票5B購02,45040,0.26,0.26,0.24,0.24
707252,新盛力國票5A購01,0,,,,
707253,新盛力國票5B購01,0,,,,
707255,宏捷科國泰5B購01,0,,,,
707256,宏捷科國泰5B購02,0,,,,
707257,台特化永豐5C購01,0,,,,
707258,東捷永豐64購01,183400,4.57,4.6,4.57,4.6
707259,凌陽創永豐5A購01,0,,,,
707260,勤凱永豐5C購03,0,,,,
707261,新盛力永豐5B購01,0,,,,
707262,新盛力永豐5C購01,0,,,,
707263,萬泰科永豐64購01,10510,0.7,0.71,0.7,0.71
707264,台燿統一64購02,0,,,,
707265,宏捷科統一74購01,0,,,,
707266,東捷統一64購02,133630,2.15,2.2,2.13,2.13
707267,東捷統一66購01,0,,,,
707268,華景電統一63購01,5050,0.24,0.26,0.24,0.26
707269,勤凱統一74購01,0,,,,
707270,新盛力統一64購01,0,,,,
707271,新盛力統一68購01,0,,,,
707272,新盛力統一74購01,0,,,,
707273,新盛力統一74購02,51280,1.13,1.16,1.11,1.11
707274,群翊統一64購02,760,0.38,0.38,0.38,0.38
707275,鉅橡統一66購01,0,,,,
707276,頎邦統一74購01,0,,,,
707277,廣閎科統一74購02,361380,0.99,1.04,0.99,1.04
707278,德微統一64購01,242650,1.26,1.36,1.26,1.27
707279,久元凱基61購01,0,,,,
707280,中美晶凱基5A購02,4980,4.98,4.98,4.98,4.98
707281,台星科凱基5A購01,0,,,,
707282,台燿凱基5A購02,28000,5.6,5.6,5.6,5.6
707283,均豪凱基5B購01,0,,,,
707284,宏觀凱基64購01,0,,,,
707285,旺矽凱基5A購04,0,,,,
707286,順達凱基64購01,116190,1.0,1.01,0.98,0.98
707287,廣閎科凱基5A購03,50450,1.09,1.78,1.09,1.68
707288,鑫聯凱基5B購01,0,,,,
707289,台燿兆豐5C購01,0,,,,
707290,均豪兆豐5C購01,0,,,,
707291,雙鴻兆豐5C購01,0,,,,
707292,台星科元大5A購01,0,,,,
707293,台星科元大5A購02,0,,,,
707294,台燿元大5A購05,0,,,,
707295,台燿元大5A購06,0,,,,
707296,台燿元大5A購07,0,,,,
707297,台燿元大5A購08,0,,,,
707298,台燿元大5A購09,0,,,,
707299,台燿元大61購06,25800,2.0,2.0,1.9,1.99
707300,旺矽元大5A購02,0,,,,
707301,旺矽元大61購01,3510,1.17,1.17,1.17,1.17
707302,信驊元大5B購01,320100,4.68,4.7,4.37,4.53
707303,華景電元大5A購03,0,,,,
707304,陽程元大63購01,4800,4.8,4.8,4.8,4.8
707305,頎邦元大63購06,0,,,,
707306,台燿永豐5C購03,326100,4.2,4.2,3.95,3.99
707307,台燿永豐64購02,528670,3.61,3.74,3.56,3.74
707308,台燿永豐67購01,8300,4.2,4.2,4.1,4.1
707309,巨漢永豐5C購01,0,,,,
707310,安葆永豐5C購01,203950,0.63,0.63,0.6,0.61
707311,均豪永豐5C購01,310,0.31,0.31,0.31,0.31
707312,良維永豐5C購01,0,,,,
707313,旺矽永豐5A購03,0,,,,
707314,旺矽永豐61購03,362620,1.18,1.18,1.07,1.11
707315,旺矽永豐64購02,160360,2.12,2.12,1.96,2.03
707316,長科*永豐5A購01,0,,,,
707317,信驊永豐5A購03,0,,,,
707318,前鼎永豐61購01,0,,,,
707319,翔名永豐5B購01,0,,,,
707320,翔名永豐5B購02,270,0.27,0.27,0.27,0.27
707321,鉅橡永豐5B購01,0,,,,
707322,廣閎科永豐5A購01,0,,,,
707323,均豪國泰61購01,91740,0.76,0.87,0.76,0.87
707324,精材國泰5B購02,0,,,,
707325,台燿富邦5A購02,0,,,,
707326,台燿富邦64購01,159390,1.61,1.61,1.61,1.61
707327,旺矽富邦5C購01,195830,0.7,0.7,0.61,0.63
707328,旺矽富邦64購01,1057740,0.98,0.98,0.87,0.9
707329,群翊富邦62購01,384300,0.45,0.49,0.45,0.48
707330,台燿國票5B購05,21600,4.32,4.32,4.32,4.32
707331,台燿統一63購01,2220,2.22,2.22,2.22,2.22
707332,台燿統一64購03,27400,1.37,1.37,1.37,1.37
707333,台燿統一64購04,98440,2.14,2.14,2.14,2.14
707334,台燿統一66購02,97190,1.62,1.72,1.62,1.7
707335,台燿統一74購02,219820,1.47,1.52,1.47,1.51
707336,台燿統一74購03,296940,1.01,1.02,0.99,1.0
707337,巨漢統一63購02,0,,,,
707338,巨漢統一74購01,0,,,,
707339,均豪統一64購01,3330,0.37,0.37,0.37,0.37
707340,旺矽統一63購06,32050,1.01,1.01,0.9,0.9
707341,旺矽統一64購01,3630,0.99,0.99,0.88,0.88
707342,東捷統一74購01,279450,0.98,1.01,0.98,1.01
707343,前鼎統一64購01,47820,1.6,1.6,1.58,1.58
707344,翔名統一74購02,14850,0.99,0.99,0.99,0.99
707345,華景電統一74購02,0,,,,
707346,順達統一64購01,2700,0.54,0.54,0.54,0.54
707347,勤凱統一74購02,0,,,,
707348,新盛力統一63購01,0,,,,
707349,新盛力統一64購02,0,,,,
707350,新盛力統一74購03,15570,1.73,1.73,1.73,1.73
707351,鉅橡統一64購02,0,,,,
707352,頎邦統一74購02,3460920,1.58,1.58,1.56,1.56
707353,頎邦統一74購03,0,,,,
707354,廣閎科統一64購02,1788240,1.23,1.47,1.23,1.46
707355,廣閎科統一67購01,0,,,,
707356,廣閎科統一74購03,1870460,1.37,1.5,1.35,1.46
707357,勤凱台新5A購01,0,,,,
707358,頎邦台新5A購01,0,,,,
707359,元太凱基5A購02,0,,,,
707360,宏捷科凱基5A購01,0,,,,
707361,宜特凱基61購01,11000,0.55,0.55,0.55,0.55
707362,信紘科凱基5A購01,0,,,,
707363,威聯通凱基5A購01,0,,,,
707364,頎邦凱基63購01,27240,4.54,4.54,4.54,4.54
707365,精材凱基5A購02,0,,,,
707366,衛司特凱基5B購01,0,,,,
707367,璟德凱基5A購01,0,,,,
707368,鴻呈凱基5A購01,0,,,,
707369,鈊象中信5C購02,0,,,,
707370,立碁永豐5C購01,43300,1.07,1.12,1.07,1.12
707371,前鼎永豐61購02,153040,1.12,1.19,1.11,1.11
707372,群翊永豐5B購01,0,,,,
707373,聖暉*永豐5C購01,0,,,,
707374,頎邦永豐61購01,488550,2.48,2.52,2.34,2.35
707375,環球晶永豐5C購01,0,,,,
707376,譜瑞永豐5C購01,0,,,,
707377,天品國票5A購01,0,,,,
707378,泓格國票5A購01,0,,,,
707379,前鼎國票5B購02,0,,,,
707380,群翊國票5B購02,0,,,,
707381,頎邦國票5B購04,0,,,,
707382,廣閎科國票5B購03,484270,1.34,1.75,1.34,1.71
707383,衛司特國票5B購02,0,,,,
707384,中美晶群益5A購01,0,,,,
707385,立敦群益5A購01,0,,,,
707387,前鼎群益5A購01,0,,,,
707388,湧德群益5B購02,0,,,,
707389,順達群益5A購03,0,,,,
707390,群翊群益61購01,0,,,,
707392,頎邦群益5A購02,0,,,,
707393,頎邦群益5B購02,0,,,,
707394,廣閎科群益5B購01,743530,2.37,3.14,2.32,3.08
707395,譜瑞群益5B購01,0,,,,
707396,千附精元大5A購01,0,,,,
707397,天品元大61購01,453100,0.5,0.52,0.5,0.51
707398,東捷元大5A購02,3960,1.98,1.98,1.98,1.98
707399,勤凱元大5A購03,0,,,,
707400,群翊元大5A購02,0,,,,
707401,頎邦元大5B購01,0,,,,
707402,頎邦元大5C購02,3110,3.11,3.11,3.11,3.11
707403,廣閎科元大5A購02,4320,1.08,1.08,1.08,1.08
707404,衛司特元大5A購01,0,,,,
707405,群翊國泰5B購02,95620,0.82,0.87,0.82,0.87
707406,久元統一64購02,0,,,,
707407,巨漢統一74購02,0,,,,
707408,安葆統一74購01,463290,0.93,0.93,0.91,0.91
707409,均豪統一63購02,74340,0.37,0.43,0.37,0.43
707410,均豪統一74購01,25900,0.48,0.48,0.47,0.47
707411,宜特統一74購01,0,,,,
707412,東捷統一63購02,0,,,,
707413,東捷統一74購02,301980,1.25,1.36,1.24,1.32
707414,前鼎統一74購01,1264090,0.95,0.98,0.94,0.98
707415,宣德統一74購01,0,,,,
707416,順達統一64購02,0,,,,
707417,萬泰科統一74購02,15330,0.73,0.73,0.73,0.73
707418,群翊統一74購03,3660,0.61,0.61,0.61,0.61
707419,鈺太統一74購01,0,,,,
707420,宏觀富邦5C購01,0,,,,
707421,頎邦富邦5C購02,0,,,,
707422,頎邦富邦61購02,5220,2.24,2.98,2.24,2.98
707423,廣閎科富邦5B購01,374550,1.2,1.41,1.14,1.41
707424,環球晶兆豐5C購01,0,,,,
707425,譜瑞兆豐64購01,16910,0.8,0.81,0.8,0.81
707426,千附精永豐5B購01,5320,1.33,1.33,1.33,1.33
707427,大車隊永豐5B購01,0,,,,
707428,兆利永豐5A購01,0,,,,
707429,沛亨永豐61購01,0,,,,
707430,宜特永豐61購01,0,,,,
707431,朋億*永豐5B購01,0,,,,
707433,華景電永豐5B購01,0,,,,
707434,陽程永豐5B購01,0,,,,
707435,萬泰科永豐5C購02,0,,,,
707436,群翊永豐5C購01,0,,,,
707437,穩得永豐5C購01,0,,,,
707438,元太群益5A購01,0,,,,
707439,台星科群益61購01,832300,0.79,0.82,0.79,0.8
707440,立碁群益5A購01,0,,,,
707441,宜特群益5C購01,0,,,,
707442,湧德群益61購02,0,,,,
707443,勤凱群益5B購02,0,,,,
707444,新應材群益5A購02,0,,,,
707445,群翊群益64購01,10200,0.51,0.51,0.51,0.51
707447,巨漢國泰5B購01,0,,,,
707448,正淩國泰5B購01,0,,,,
707449,立碁國泰5B購01,26070,2.12,2.22,2.12,2.21
707450,陽程國泰5B購01,0,,,,
707451,順達國泰5B購01,0,,,,
707452,穩得國泰5B購02,8000,0.1,0.1,0.1,0.1
707453,千附統一64購01,2040,0.68,0.68,0.68,0.68
707454,千附精統一74購01,53050,0.84,0.85,0.84,0.84
707455,台星科統一74購01,120440,0.83,0.85,0.82,0.82
707456,巨漢統一64購01,0,,,,
707457,巨漢統一67購01,0,,,,
707458,正淩統一74購01,482000,0.47,0.5,0.47,0.5
707459,立敦統一74購01,7600,0.76,0.76,0.76,0.76
707460,兆利統一64購02,0,,,,
707461,金山電統一74購01,0,,,,
707462,信昌電統一64購02,0,,,,
707463,美琪瑪統一63購01,9690,0.57,0.57,0.57,0.57
707464,美琪瑪統一64購02,29330,0.41,0.43,0.41,0.42
707465,湧德統一64購01,0,,,,
707466,湧德統一64購02,0,,,,
707467,陽程統一66購01,3450,3.45,3.45,3.45,3.45
707468,陽程統一74購02,0,,,,
707469,陽程統一74購03,0,,,,
707470,順達統一74購01,10920,0.57,0.58,0.57,0.58
707471,新應材統一67購01,0,,,,
707472,聖暉*統一63購01,296490,0.7,0.7,0.67,0.69
707473,鉅橡統一64購03,0,,,,
707474,蜜望實統一74購01,163400,0.86,0.86,0.86,0.86
707475,天品凱基61購01,537830,0.72,0.75,0.72,0.73
707476,台星科凱基5A購02,0,,,,
707477,立敦凱基5A購02,0,,,,
707478,立碁凱基5A購01,1900,0.95,0.95,0.95,0.95
707479,宜特凱基5A購01,0,,,,
707480,美琪瑪凱基5A購02,0,,,,
707481,湧德凱基5B購02,0,,,,
707482,順達凱基5C購01,39360,1.23,1.23,1.23,1.23
707483,勤凱凱基5A購01,0,,,,
707484,萬泰科凱基5A購01,0,,,,
707485,群翊凱基61購01,0,,,,
707487,巨漢元大5A購01,0,,,,
707488,巨漢元大5A購02,0,,,,
707489,巨漢元大5A購03,0,,,,
707490,巨漢元大5A購04,0,,,,
707491,均豪元大5A購02,0,,,,
707492,均豪元大5C購01,0,,,,
707493,宏觀元大61購01,0,,,,
707494,沛亨元大5A購01,0,,,,
707495,沛亨元大5A購02,0,,,,
707496,沛亨元大5A購03,0,,,,
707497,沛亨元大5A購04,0,,,,
707498,矽科元大5A購01,0,,,,
707499,矽科元大61購01,0,,,,
707500,美琪瑪元大5A購02,0,,,,
707503,華景電元大5A購04,0,,,,
707504,新應材元大5A購04,0,,,,
707505,新應材元大5A購05,0,,,,
707506,新應材元大5C購01,222320,0.29,0.34,0.29,0.31
707507,新應材元大61購04,0,,,,
707508,群翊元大5A購06,0,,,,
707509,巨漢國票5A購01,0,,,,
707510,巨漢國票5B購01,0,,,,
707511,沛亨國票5B購02,18500,0.37,0.37,0.37,0.37
707512,東捷國票5A購02,3180,3.18,3.18,3.18,3.18
707513,矽科國票5B購03,0,,,,
707514,萬泰科國票5B購01,0,,,,
707515,榮田國票5A購01,67760,0.22,0.22,0.22,0.22
707516,久元富邦61購01,0,,,,
707517,宏捷科富邦5C購02,0,,,,
707518,宏捷科富邦61購01,0,,,,
707519,家登富邦5C購01,0,,,,
707520,湧德富邦5C購01,0,,,,
707521,新應材富邦61購02,0,,,,
707522,萬泰科富邦5B購01,0,,,,
707523,雙鴻富邦5C購07,61200,2.55,2.55,2.55,2.55
707524,雙鴻富邦5C購08,0,,,,
707525,譜瑞富邦5C購02,53500,0.59,0.6,0.59,0.6
707526,千附精凱基5A購01,0,,,,
707527,元太凱基61購01,0,,,,
707528,均豪凱基5A購01,0,,,,
707529,宏觀凱基61購01,0,,,,
707530,宜特凱基5A購02,0,,,,
707531,前鼎凱基5B購02,823730,1.86,2.1,1.86,1.92
707533,華景電凱基5A購03,0,,,,
707534,陽程凱基63購01,0,,,,
707535,新應材凱基61購02,0,,,,
707536,萬泰科凱基5B購01,0,,,,
707537,新應材兆豐5C購01,0,,,,
707538,弘塑國票5B購01,40,0.04,0.04,0.04,0.04
707539,宜特國票5B購02,0,,,,
707541,前鼎國票5B購03,6420,1.07,1.07,1.07,1.07
707542,陽程國票5A購01,0,,,,
707543,新應材國票5A購04,12100,0.08,0.08,0.07,0.08
707544,弘塑永豐5B購03,0,,,,
707545,弘塑永豐5C購04,2750,0.05,0.05,0.05,0.05
707546,弘塑永豐61購02,0,,,,
707547,弘塑永豐64購01,960,0.24,0.24,0.24,0.24
707548,新應材永豐5B購02,0,,,,
707549,新應材永豐5B購03,0,,,,
707550,新應材永豐64購01,0,,,,
707551,精材永豐5C購01,0,,,,
707552,台星科台新5A購01,0,,,,
707553,弘塑台新5A購01,0,,,,
707554,弘塑台新5A購02,0,,,,
707555,安葆台新5A購01,0,,,,
707556,前鼎台新5A購01,58100,1.66,1.66,1.66,1.66
707557,威聯通台新5A購01,0,,,,
707558,新應材台新5A購01,0,,,,
707559,新應材台新5A購02,0,,,,
707560,群翊台新5A購01,0,,,,
707561,群翊台新5A購02,0,,,,
707562,力致群益5B購01,0,,,,
707563,千附精群益5A購01,0,,,,
707564,弘塑群益5A購04,0,,,,
707565,弘塑群益5C購01,186140,0.11,0.12,0.1,0.1
707566,萬泰科群益5A購02,0,,,,
707567,鑫聯群益5C購01,0,,,,
707568,弘塑國泰61購01,0,,,,
707569,弘塑國泰61購02,6550,0.25,0.25,0.24,0.25
707570,環球晶國泰5B購01,0,,,,
707571,環球晶國泰5B購02,0,,,,
707572,弘塑富邦5C購02,15300,0.12,0.14,0.11,0.12
707573,弘塑富邦64購01,1190,0.17,0.17,0.17,0.17
707574,前鼎富邦5C購01,267300,1.26,1.28,1.26,1.27
707575,力致統一74購01,6240,0.39,0.39,0.39,0.39
707576,中美晶統一64購01,0,,,,
707577,元太統一64購01,42100,0.43,0.43,0.42,0.42
707578,元太統一74購01,14580,0.81,0.81,0.81,0.81
707579,弘塑統一62購02,600,0.15,0.15,0.15,0.15
707580,弘塑統一64購01,153600,0.19,0.2,0.19,0.19
707581,弘塑統一64購02,110760,0.15,0.16,0.15,0.16
707582,弘塑統一64購03,0,,,,
707583,立敦統一64購01,1400,0.7,0.7,0.7,0.7
707584,兆利統一74購01,0,,,,
707585,宜特統一63購01,0,,,,
707586,宜特統一64購01,0,,,,
707587,金山電統一63購01,25160,2.09,2.11,2.09,2.09
707588,金山電統一64購02,0,,,,
707589,前鼎統一63購02,0,,,,
707590,美琪瑪統一74購01,0,,,,
707592,陽程統一64購03,0,,,,
707593,意德士統一62購01,110900,0.48,0.5,0.47,0.47
707594,意德士統一64購01,0,,,,
707595,意德士統一74購01,0,,,,
707596,臺慶科統一64購01,133980,0.87,0.87,0.87,0.87
707597,蜜望實統一63購02,0,,,,
707598,蜜望實統一64購01,19400,1.25,1.25,1.21,1.21
707599,蜜望實統一74購02,0,,,,
707600,環球晶統一63購03,25300,2.53,2.53,2.53,2.53
707601,弘塑元大5A購02,0,,,,
707602,弘塑元大61購01,410,0.41,0.41,0.41,0.41
707603,立碁元大5C購01,0,,,,
707604,宜特元大5A購02,0,,,,
707605,宜特元大5C購02,0,,,,
707606,前鼎元大5A購03,0,,,,
707608,前鼎元大5C購02,16640,2.42,2.42,2.32,2.32
707609,前鼎元大61購01,121800,1.45,1.45,1.45,1.45
707610,勤凱元大5A購04,0,,,,
707611,勤凱元大5A購05,0,,,,
707612,勤凱元大5A購06,0,,,,
707613,雙鴻元大5A購07,0,,,,
707614,雙鴻元大61購13,20100,2.01,2.01,2.01,2.01
707615,穩得元大5A購02,0,,,,
707616,鑫聯元大5A購02,0,,,,
707617,九豪永豐5C購01,5180,0.48,0.48,0.47,0.47
707618,天品永豐5B購01,184460,0.46,0.46,0.46,0.46
707619,立敦永豐5A購01,900,0.1,0.1,0.1,0.1
707620,宜特永豐5B購02,0,,,,
707621,美琪瑪永豐5C購01,0,,,,
707622,鈊象永豐5C購01,54760,0.66,0.66,0.64,0.65
707623,精材永豐61購01,0,,,,
707624,蜜望實永豐5C購01,0,,,,
707625,環球晶永豐5C購02,0,,,,
707626,九豪凱基5A購03,0,,,,
707627,力致凱基5B購01,0,,,,
707628,宏捷科凱基5B購01,0,,,,
707629,長科*凱基5A購01,0,,,,
707631,群翊凱基5A購01,0,,,,
707632,精材凱基5A購03,0,,,,
707633,蜜望實凱基5A購01,0,,,,
707634,環球晶凱基5B購01,0,,,,
707635,穩得凱基5A購01,0,,,,
707636,九豪台新5A購01,0,,,,
707637,九豪台新5A購02,0,,,,
707638,九豪台新5A購03,0,,,,
707639,中美晶台新5A購01,0,,,,
707640,中美晶台新5B購01,0,,,,
707641,宜特台新5B購01,0,,,,
707642,宜特台新61購01,0,,,,
707643,茂迪台新5A購01,0,,,,
707644,博磊台新5A購01,24870,0.32,0.43,0.32,0.43
707645,博磊台新5A購02,25400,0.32,0.32,0.29,0.29
707646,博磊台新5A購03,2200,0.11,0.11,0.11,0.11
707647,環球晶台新5A購01,0,,,,
707648,環球晶台新5A購02,0,,,,
707649,譜瑞台新5A購01,0,,,,
707650,聖暉*兆豐5C購01,0,,,,
707651,九豪元大5A購02,0,,,,
707652,九豪元大5A購03,0,,,,
707653,力致元大5A購01,0,,,,
707654,安葆元大5A購01,0,,,,
707655,系統電元大5A購02,610,0.27,0.34,0.27,0.34
707656,宜特元大5A購03,0,,,,
707657,宜特元大5B購01,0,,,,
707658,宜特元大5C購03,0,,,,
707659,宜特元大61購01,0,,,,
707660,宜特元大63購02,0,,,,
707661,朋億*元大5A購01,0,,,,
707664,博磊元大5A購02,0,,,,
707665,意德士元大5A購01,0,,,,
707666,新盛力元大5A購02,0,,,,
707667,鉅橡元大5A購01,0,,,,
707668,蜜望實元大5A購01,0,,,,
707669,蜜望實元大5A購02,0,,,,
707670,九豪群益5A購03,2310,0.05,0.07,0.05,0.07
707671,元太群益5A購02,0,,,,
707672,美琪瑪群益5A購02,0,,,,
707673,蜜望實群益5A購01,0,,,,
707674,優群群益5A購01,0,,,,
707676,加高國票5B購01,95450,0.5,0.5,0.45,0.45
707677,艾訊國票5B購01,14050,1.12,1.12,1.05,1.08
707678,均豪國票5A購02,0,,,,
707679,宜特國票5B購03,0,,,,
707680,博磊國票5B購01,43190,0.21,0.22,0.21,0.22
707681,漢達國票5B購01,141800,1.97,2.4,1.97,2.4
707682,蜜望實國票5A購02,0,,,,
707683,九豪富邦5C購01,252000,0.31,0.39,0.31,0.38
707684,宜特富邦61購01,0,,,,
707685,九豪統一64購01,0,,,,
707686,九豪統一64購02,8720,0.41,0.43,0.41,0.43
707687,九豪統一74購01,47410,0.56,0.62,0.56,0.61
707688,千附統一74購01,73840,1.04,1.04,1.04,1.04
707689,千附精統一74購02,19500,1.15,1.15,1.14,1.15
707690,台星科統一74購02,0,,,,
707691,兆利統一74購02,0,,,,
707692,兆利統一74購03,0,,,,
707693,宏觀統一74購01,0,,,,
707694,系統電統一64購02,400,0.4,0.4,0.4,0.4
707695,宜特統一64購02,0,,,,
707696,宜特統一65購02,0,,,,
707697,宜特統一74購02,0,,,,
707698,茂迪統一67購02,0,,,,
707699,意德士統一65購01,0,,,,
707700,意德士統一74購02,0,,,,
707701,萬泰科統一74購03,15000,0.75,0.75,0.75,0.75
707702,臺慶科統一66購01,0,,,,
707703,優群統一66購01,0,,,,
707704,環球晶統一64購03,0,,,,
707705,環球晶統一74購01,25720,1.79,1.85,1.79,1.82
707706,力致台新5A購01,0,,,,
707707,力致台新5A購02,0,,,,
707708,久元台新5A購01,0,,,,
707709,美琪瑪台新5A購01,105890,0.1,0.13,0.1,0.13
707710,千附精國票5B購02,18200,0.5,0.5,0.49,0.49
707711,千附精國票5B購03,0,,,,
707712,方土昶國票5B購01,0,,,,
707713,立碁國票5B購01,17360,0.93,1.08,0.93,1.08
707714,邑昇國票5B購01,1160,0.05,0.06,0.05,0.06
707715,欣銓國票5B購02,46510,1.0,1.07,1.0,1.06
707716,信紘科國票5A購01,0,,,,
707717,信紘科國票5B購01,0,,,,
707718,家登國票5A購01,108700,1.31,1.4,1.31,1.4
707719,能率亞國票5B購01,0,,,,
707720,華容國票5B購01,0,,,,
707721,群聯國票5B購01,463600,1.21,1.27,1.15,1.23
707722,蜜望實國票5B購01,129360,0.98,0.98,0.98,0.98
707724,千附精元大5A購02,0,,,,
707725,千附精元大5A購03,0,,,,
707726,千附精元大5A購04,0,,,,
707727,千附精元大5A購05,0,,,,
707728,千附精元大5A購06,0,,,,
707729,欣銓元大5A購02,0,,,,
707730,欣銓元大63購03,11580,2.36,2.36,2.27,2.32
707731,美琪瑪元大5A購03,0,,,,
707732,華容元大5A購01,0,,,,
707733,群翊元大5A購07,0,,,,
707734,群聯元大5A購01,21850,0.76,0.76,0.75,0.75
707735,群聯元大5A購02,109010,0.48,0.51,0.47,0.49
707736,鈺太元大61購01,0,,,,
707738,蜜望實元大5A購04,0,,,,
707739,蜜望實元大5A購05,0,,,,
707740,千附精凱基5A購02,0,,,,
707741,方土昶凱基5A購01,0,,,,
707742,欣銓凱基5A購01,0,,,,
707743,欣銓凱基5A購02,0,,,,
707744,信紘科凱基5A購02,0,,,,
707746,萬泰科凱基5A購02,14450,5.6,8.85,5.6,8.85
707747,群聯凱基5A購01,7190,0.69,0.74,0.64,0.74
707748,群聯凱基5A購02,0,,,,
707749,蜜望實凱基5A購02,36400,0.56,0.56,0.56,0.56
707750,千附精永豐5C購01,0,,,,
707751,方土昶永豐5A購01,0,,,,
707752,世禾永豐5B購01,0,,,,
707753,立碁永豐61購01,127800,0.47,0.52,0.46,0.47
707754,欣銓永豐5A購01,0,,,,
707755,欣銓永豐5C購01,519390,1.44,1.48,1.43,1.48
707756,新盛力永豐5A購01,0,,,,
707757,群聯永豐61購01,786260,0.76,0.79,0.75,0.76
707758,群聯永豐64購01,469110,1.0,1.01,0.96,0.98
707759,蜜望實永豐61購01,342680,0.81,0.82,0.81,0.81
707760,信昌電國泰5B購01,0,,,,
707761,信紘科國泰5B購01,0,,,,
707762,群翊國泰5C購01,98540,0.51,0.55,0.51,0.55
707763,群聯群益5B購01,671750,1.56,1.73,1.56,1.7
707764,群聯群益61購01,155840,1.53,1.66,1.53,1.6
707765,群聯群益64購01,1037510,1.98,2.05,1.98,1.98
707766,蜜望實國泰5B購01,0,,,,
707767,精材兆豐5C購01,0,,,,
707768,力旺永豐5A購01,520,0.01,0.01,0.01,0.01
707769,力旺永豐5B購01,450,0.15,0.15,0.15,0.15
707770,力旺永豐5C購01,675750,0.17,0.27,0.17,0.25
707771,台半永豐5C購01,18500,1.85,1.85,1.85,1.85
707772,巨有永豐5C購01,4880,4.88,4.88,4.88,4.88
707773,立端永豐5A購01,0,,,,
707774,宏捷科永豐5C購02,0,,,,
707775,亞通永豐5A購01,67600,1.27,1.45,1.27,1.45
707776,旺矽永豐5B購02,140350,0.35,0.36,0.34,0.35
707777,信昌電永豐5C購01,0,,,,
707778,信驊永豐5B購04,3060,3.06,3.06,3.06,3.06
707779,華景電永豐5C購02,0,,,,
707780,精測永豐61購02,89030,0.21,0.21,0.18,0.2
707781,臺慶科永豐5B購01,3450,0.69,0.69,0.69,0.69
707782,聰泰永豐5A購01,0,,,,
707783,力旺凱基5A購03,0,,,,
707784,力旺凱基5A購04,7480,0.02,0.02,0.02,0.02
707785,力旺凱基5B購02,8300,0.4,0.4,0.35,0.4
707786,力旺凱基5C購01,165050,0.23,0.38,0.23,0.35
707787,力旺凱基61購01,7350,0.34,0.4,0.34,0.4
707788,立碁凱基5B購01,23080,0.21,0.38,0.21,0.38
707789,宏捷科凱基5A購02,0,,,,
707790,旺矽凱基5A購05,41380,0.19,0.2,0.19,0.2
707791,旺矽凱基5B購02,161650,0.27,0.27,0.24,0.26
707792,旺矽凱基5C購02,126600,0.43,0.43,0.35,0.36
707793,信昌電凱基5A購02,0,,,,
707794,信昌電凱基5A購03,0,,,,
707795,信驊凱基5A購04,0,,,,
707796,信驊凱基5B購03,244670,4.07,4.07,3.82,3.82
707797,信驊凱基5C購02,123940,3.78,3.78,3.7,3.7
707798,信驊凱基61購04,98540,3.6,3.6,3.45,3.57
707799,家登凱基5A購01,98580,1.13,1.36,1.13,1.36
707800,華景電凱基5A購04,0,,,,
707801,群翊凱基5A購02,0,,,,
707802,精測凱基5A購01,0,,,,
707803,精測凱基5A購02,0,,,,
707804,精測凱基5A購03,3000,0.05,0.05,0.05,0.05
707805,力領台新5A購01,0,,,,
707806,世界台新5A購01,0,,,,
707807,宏捷科台新5A購01,0,,,,
707808,宏捷科台新5A購02,0,,,,
707809,宏捷科台新61購01,18700,0.24,0.24,0.23,0.23
707810,旺矽台新5A購01,0,,,,
707811,旺矽台新5A購02,0,,,,
707812,信驊台新5A購01,0,,,,
707813,信驊台新5A購02,36900,3.69,3.69,3.69,3.69
707814,群翊台新5A購03,0,,,,
707815,璟德台新5A購01,0,,,,
707816,力旺元大5A購04,54000,0.18,0.18,0.18,0.18
707817,力旺元大5A購05,0,,,,
707818,力旺元大5B購01,11000,0.07,0.13,0.07,0.09
707819,均豪元大5A購03,0,,,,
707820,旺矽元大5A購04,4000,0.29,0.29,0.19,0.19
707821,旺矽元大5B購02,12290,0.37,0.47,0.37,0.47
707822,旺矽元大61購02,30600,0.85,0.85,0.85,0.85
707823,長科*元大5A購01,0,,,,
707824,信昌電元大5A購03,0,,,,
707825,信昌電元大5A購04,0,,,,
707827,信昌電元大5A購06,0,,,,
707828,信驊元大5A購02,14690,2.6,2.6,2.28,2.28
707829,信驊元大63購01,59460,5.15,5.2,4.79,4.97
707830,美琪瑪元大5A購04,0,,,,
707831,華景電元大5A購05,0,,,,
707832,新盛力元大61購01,0,,,,
707833,群翊元大61購01,18500,0.26,0.29,0.26,0.29
707834,精測元大5B購02,203950,0.42,0.42,0.33,0.36
707835,精測元大63購04,19700,0.4,0.4,0.39,0.39
707836,穩得元大5A購03,0,,,,
707837,中光電國泰5B購01,0,,,,
707838,立碁國泰5B購02,3260,1.06,1.1,1.06,1.1
707839,旺矽國泰5B購01,489300,0.62,0.62,0.54,0.59
707840,旺矽國泰5B購02,77700,0.43,0.43,0.37,0.38
707841,信昌電國泰5B購02,0,,,,
707842,新盛力國泰5B購01,0,,,,
707843,旺矽統一64購02,10510,0.85,0.85,0.8,0.8
707844,群聯統一64購01,472080,0.92,0.97,0.92,0.95
707845,精測統一64購03,99530,0.32,0.32,0.27,0.29
707846,力旺富邦5C購01,110420,0.32,0.32,0.24,0.29
707847,良維富邦62購01,0,,,,
707848,旺矽富邦64購02,1069140,0.71,0.71,0.62,0.65
707849,欣銓富邦5A購01,4350,0.87,0.87,0.87,0.87
707850,欣銓富邦64購01,732140,0.93,0.93,0.89,0.9
707851,信紘科富邦62購01,410920,0.41,0.42,0.41,0.42
707852,信驊富邦61購01,530550,4.08,4.5,3.53,3.69
707853,華電網富邦62購01,0,,,,
707854,順達富邦62購01,62020,0.6,0.62,0.6,0.6
707855,新盛力富邦5C購01,0,,,,
707856,新盛力富邦61購01,0,,,,
707857,群翊富邦5B購01,500,0.05,0.05,0.05,0.05
707858,群聯富邦5C購01,18120,0.88,0.92,0.84,0.92
707859,群聯富邦61購01,1022430,1.08,1.11,1.03,1.09
707860,精測富邦61購01,34680,0.19,0.19,0.15,0.16
707861,M31凱基5A購02,0,,,,
707862,M31凱基5A購03,400,0.04,0.04,0.04,0.04
707863,宏觀凱基61購02,0,,,,
707864,良維凱基5B購03,0,,,,
707865,家登凱基5A購02,27200,0.34,0.34,0.34,0.34
707866,華景電凱基5C購01,0,,,,
707867,新盛力凱基5A購03,0,,,,
707868,聖暉*凱基5A購02,0,,,,
707869,鏵友益凱基5A購01,0,,,,
707870,環球晶兆豐5C購02,0,,,,
707871,M31元大5A購01,0,,,,
707872,M31元大5A購02,0,,,,
707873,M31元大61購01,274580,0.35,0.47,0.31,0.32
707874,M31元大63購01,377080,0.61,0.88,0.35,0.5
707875,久元元大5A購02,0,,,,
707876,千附元大5A購01,1260,0.14,0.14,0.14,0.14
707877,加高元大5A購01,0,,,,
707878,台嘉碩元大5A購02,120,0.12,0.12,0.12,0.12
707879,立敦元大5A購01,4800,0.12,0.12,0.12,0.12
707881,立碁元大63購01,964170,1.23,1.28,1.17,1.22
707882,宏觀元大5C購01,0,,,,
707883,欣銓元大5A購03,47480,1.16,1.16,1.08,1.08
707884,家登元大61購01,0,,,,
707885,華電網元大5A購02,0,,,,
707886,鈺太元大5A購01,0,,,,
707887,鏵友益元大5A購01,0,,,,
707888,元債20群益5A購01,0,,,,
707889,世界群益5A購02,1213220,1.07,1.12,0.99,0.99
707890,宏觀群益5A購01,0,,,,
707891,欣銓群益5A購01,0,,,,
707892,翔名群益5A購01,0,,,,
707893,環球晶群益5A購04,137300,4.49,4.77,4.47,4.77
707894,M31富邦5C購01,91350,0.28,0.36,0.28,0.3
707895,元太富邦61購01,207870,0.45,0.47,0.45,0.46
707896,台星科富邦61購01,438330,0.42,0.44,0.41,0.42
707897,均豪富邦62購01,23000,0.23,0.23,0.23,0.23
707898,宏捷科富邦5C購03,0,,,,
707899,宏捷科富邦61購02,0,,,,
707900,華景電富邦61購01,0,,,,
707901,鈊象富邦61購01,0,,,,
707902,萬泰科富邦62購01,0,,,,
707903,欣銓群益5A購02,4350,0.29,0.29,0.29,0.29
707904,新盛力群益5A購01,0,,,,
707906,久元元大5A購03,0,,,,
707907,方土昶元大5A購01,0,,,,
707908,世界元大5A購03,0,,,,
707909,尼克森元大5A購01,12120,0.4,0.41,0.39,0.41
707910,立碁元大5A購03,0,,,,
707911,兆利元大5A購01,0,,,,
707912,均華元大5A購01,0,,,,
707913,均華元大5A購02,0,,,,
707914,均豪元大5A購04,0,,,,
707915,沛亨元大5A購05,0,,,,
707916,邑昇元大5A購01,0,,,,
707917,信紘科元大5A購02,0,,,,
707918,家登元大5A購03,0,,,,
707919,家登元大5A購04,0,,,,
707920,華景電元大5A購06,0,,,,
707921,華景電元大63購01,360,0.12,0.12,0.12,0.12
707922,新盛力元大5A購03,32800,3.28,3.28,3.28,3.28
707923,德微元大5A購01,0,,,,
707924,久元凱基5A購01,0,,,,
707925,合晶凱基5A購01,264000,26.4,26.4,26.4,26.4
707926,均華凱基5A購01,0,,,,
707927,系微凱基5A購03,0,,,,
707928,欣銓凱基63購01,179490,1.05,1.05,1.03,1.04
707929,家登凱基5A購03,95500,0.26,0.29,0.26,0.27
707930,鈺太凱基61購01,22000,0.11,0.11,0.11,0.11
707931,環球晶凱基5A購01,332200,3.43,3.85,3.43,3.68
707932,世禾富邦5C購02,0,,,,
707933,均華富邦61購01,16430,0.12,0.14,0.12,0.13
707934,沛亨富邦5B購01,53300,0.25,0.26,0.25,0.26
707935,欣銓富邦5B購01,114540,0.38,0.38,0.36,0.38
707936,中美晶兆豐64購01,27810,2.69,2.86,2.69,2.79
707937,順達兆豐5C購02,0,,,,
707938,世界群益5A購03,191100,0.98,0.98,0.98,0.98
707939,合晶群益5B購01,0,,,,
707940,良維群益5A購01,0,,,,
707941,原相群益5A購01,0,,,,
707942,創惟群益5B購01,0,,,,
707943,富喬群益5A購03,0,,,,
707944,富喬群益5A購04,0,,,,
707945,聖暉*群益5B購01,26000,0.26,0.26,0.26,0.26
707946,德微群益5A購01,0,,,,
707947,雙鴻群益5B購06,66670,1.49,1.49,1.39,1.39
707948,久元凱基5A購02,0,,,,
707949,千附凱基5A購01,0,,,,
707950,世界凱基5A購02,7600,0.92,1.0,0.92,1.0
707951,兆利凱基5A購01,0,,,,
707952,艾訊凱基5B購01,40850,1.19,1.32,1.19,1.32
707953,均豪凱基5A購02,0,,,,
707954,沛亨凱基5A購02,0,,,,
707955,家登凱基5A購04,0,,,,
707956,勤凱凱基5A購02,0,,,,
707957,新盛力凱基5B購01,39080,2.34,2.34,2.27,2.27
707958,鉅橡凱基5A購03,0,,,,
707959,雙鴻凱基5A購07,0,,,,
707960,雙鴻凱基61購02,87480,1.62,1.62,1.62,1.62
707961,中美晶富邦5A購01,0,,,,
707962,長科*富邦62購01,0,,,,
707963,家登富邦61購01,646820,0.58,0.61,0.58,0.59
707964,富喬富邦61購01,226920,0.32,0.35,0.32,0.35
707965,聖暉*富邦5C購01,0,,,,
707966,鉅橡富邦5B購01,0,,,,
707967,鈺太富邦5A購01,0,,,,
707968,優群富邦61購01,0,,,,
707969,環球晶富邦5B購01,0,,,,
707970,雙鴻富邦5C購09,0,,,,
707971,巨有元大5A購01,16500,5.45,5.6,5.45,5.6
707972,富喬元大5C購02,64180,0.29,0.3,0.29,0.3
707973,華義元大5A購01,0,,,,
707974,環球晶元大5A購01,0,,,,
707975,雙鴻兆豐5C購02,0,,,,
707976,世界兆豐5C購01,0,,,,
707977,富喬國票5A購02,0,,,,
707978,富喬國票5B購02,0,,,,
707979,華義國票5B購01,0,,,,
707980,華義國票5B購02,0,,,,
707981,新盛力國票5A購02,40300,1.37,1.37,1.29,1.29
707982,雙鴻凱基5A購08,120080,0.72,1.2,0.67,1.2
707983,良維凱基5A購04,0,,,,
707984,聖暉*凱基5C購01,73060,0.68,0.68,0.63,0.67
707985,德微凱基5A購02,532200,1.34,1.34,1.21,1.25
707986,環球晶凱基5A購02,0,,,,
707987,雙鴻凱基5C購06,0,,,,
707988,譜瑞群益5A購01,0,,,,
707989,系統電國泰5B購01,5700,0.5,0.55,0.5,0.55
707990,新盛力國泰5B購02,0,,,,
707991,群聯國泰5B購01,0,,,,
707992,群聯國泰5B購02,0,,,,
707993,立碁元大5A購04,0,,,,
707994,系微元大5C購01,0,,,,
707995,德微元大5A購02,0,,,,
707996,立碁永豐5B購02,399880,0.56,0.61,0.56,0.6
707997,新盛力永豐61購01,211580,1.67,1.67,1.56,1.56
707998,群聯永豐5C購01,900,0.9,0.9,0.9,0.9
707999,聖暉*永豐5C購02,0,,,,
708000,德微永豐5B購01,48630,1.4,1.4,1.27,1.32
708001,雙鴻永豐5C購04,0,,,,
708002,雙鴻永豐61購03,0,,,,
708003,立碁國票5B購02,0,,,,
708004,兆利國票5B購01,0,,,,
708005,系微國票5B購01,0,,,,
708006,良維國票5B購01,3450,0.15,0.15,0.15,0.15
708007,凌陽創國票5B購01,0,,,,
708008,群聯國票5B購03,479690,0.79,0.84,0.76,0.82
708009,聖暉*國票5B購01,0,,,,
708011,矽科台新5A購01,0,,,,
708012,捷創台新5A購01,0,,,,
708013,富強鑫台新5A購01,0,,,,
708014,崴寶台新5A購01,0,,,,
708015,群聯台新5A購01,6420,3.18,3.24,3.18,3.24
708016,群聯台新5A購02,289170,2.03,2.03,1.8,1.93
708017,群聯台新5A購03,1035640,0.88,0.89,0.86,0.86
708018,穩得台新5A購01,0,,,,
708019,良維凱基5B購04,0,,,,
708020,東捷凱基5A購03,2500,2.5,2.5,2.5,2.5
708021,群聯凱基5B購01,693890,1.0,1.05,0.95,1.01
708022,精材凱基5C購01,0,,,,
708023,譜瑞凱基5A購01,0,,,,
708024,三聯國票5A購01,9880,0.14,0.14,0.13,0.13
708025,大綜國票5A購01,55610,0.61,0.62,0.59,0.59
708026,太景*國票5B購01,0,,,,
708027,良維國票5B購02,383660,0.2,0.2,0.19,0.19
708028,朋程國票5A購01,8000,0.25,0.25,0.25,0.25
708029,崴寶國票5B購01,41800,0.22,0.22,0.22,0.22
708030,群翊國票5B購03,0,,,,
708031,群聯國票5B購04,2120,1.06,1.06,1.06,1.06
708032,環球晶國票5A購02,9880,2.5,2.5,2.44,2.44
708033,譜瑞國票5B購01,8500,0.12,0.12,0.1,0.1
708034,久元永豐5C購01,0,,,,
708035,良維永豐5C購02,0,,,,
708036,精材永豐5C購02,0,,,,
708037,雙鴻永豐5B購03,368500,1.06,1.07,0.99,1.03
708038,雙鴻永豐63購02,540400,1.6,1.61,1.48,1.56
708039,力致國泰5C購01,0,,,,
708040,良維元大5A購04,2000,0.05,0.05,0.05,0.05
708041,良維元大63購01,0,,,,
708042,新盛力元大5A購04,2180,1.09,1.09,1.09,1.09
708043,良維富邦61購01,17800,0.21,0.21,0.2,0.21
708044,新盛力富邦61購02,80730,1.14,1.26,1.13,1.26
708045,兆利群益5A購01,0,,,,
708046,系統電群益5B購01,2430,0.34,0.35,0.34,0.35
708047,良維群益5B購03,0,,,,
708048,臺慶科群益5A購01,0,,,,
708049,雙鴻群益5A購07,0,,,,
708050,中美晶台新5B購02,1440,1.44,1.44,1.44,1.44
708051,兆利台新5A購01,0,,,,
708052,兆利台新5A購02,0,,,,
708053,環球晶台新5A購03,0,,,,
708054,環球晶台新5A購04,0,,,,
708055,群聯元大5A購03,430,0.43,0.43,0.43,0.43
708056,環球晶元大5A購02,0,,,,
708057,環球晶元大5A購03,445400,2.51,2.51,2.43,2.43
708058,環球晶元大5A購04,0,,,,
708059,世界凱基5A購03,14400,1.2,1.2,1.2,1.2
708060,系統電凱基5A購03,1650,0.11,0.11,0.11,0.11
708061,欣銓凱基5A購03,30670,0.68,0.69,0.63,0.63
708062,順達凱基5A購04,0,,,,
708063,群聯凱基5B購02,224300,0.35,0.37,0.34,0.34
708064,群聯兆豐64購01,21280,1.84,1.84,1.76,1.76
708065,中美晶群益5C購01,1168300,1.34,1.41,1.27,1.37
708066,群聯群益5B購02,485140,0.54,0.54,0.53,0.53
708067,群聯群益5C購01,202780,0.95,0.98,0.91,0.93
708068,精材群益5A購05,0,,,,
708069,精材群益5A購06,0,,,,
708070,雙鴻群益5B購07,0,,,,
708071,凡甲國票5B購01,1680,0.14,0.14,0.14,0.14
708072,久元國票5B購01,0,,,,
708073,中美晶國票5B購01,262920,1.1,1.14,1.1,1.14
708074,欣銓國票5C購01,3540,1.18,1.18,1.18,1.18
708075,萬泰科國票5B購02,0,,,,
708076,群聯國票5B購05,34760,1.0,1.0,0.94,0.94
708077,精材國票5B購01,0,,,,
708078,鑫聯國票5B購01,0,,,,
708079,鴻呈國泰5C購01,0,,,,
708080,譜瑞國泰5B購01,0,,,,
708081,久元富邦61購02,0,,,,
708082,系統電富邦61購01,171050,0.37,0.43,0.33,0.43
708083,家登富邦5C購02,1482410,0.91,0.96,0.9,0.93
708084,群聯富邦5C購02,50350,0.95,0.95,0.95,0.95
708085,群聯富邦61購02,259760,0.78,0.79,0.78,0.79
708086,譜瑞富邦5C購03,2000,0.2,0.2,0.2,0.2
708087,譜瑞富邦61購01,4480,0.16,0.16,0.16,0.16
708088,群聯永豐5C購02,0,,,,
708089,群聯永豐64購02,9400,0.94,0.94,0.94,0.94
708090,精材永豐5B購02,0,,,,
708091,中美晶凱基61購02,880650,1.62,1.78,1.62,1.74
708092,矽科凱基5B購01,0,,,,
708093,群聯凱基61購01,200600,0.41,0.41,0.4,0.4
708094,精材凱基5B購02,0,,,,
708095,環球晶凱基5B購02,0,,,,
708096,譜瑞凱基5B購01,0,,,,
708097,久元國票5C購01,0,,,,
708098,台星科國票5C購01,0,,,,
708099,正淩國票5C購01,300,0.15,0.15,0.15,0.15
708100,亞信國票5C購01,0,,,,
708101,佳邦國票5C購01,7700,0.14,0.14,0.14,0.14
708102,金山電國票5C購01,0,,,,
708103,原相國票5B購01,23920,0.08,0.08,0.08,0.08
708104,原相國票5C購01,0,,,,
708105,家登國票5B購01,0,,,,
708106,新潤國票5C購01,0,,,,
708107,群聯國票61購01,0,,,,
708108,精華國票5C購01,0,,,,
708109,磐儀國票5C購01,0,,,,
708110,世界台新5B購01,1144000,0.87,1.07,0.87,0.99
708111,矽科台新5B購01,0,,,,
708112,家登台新5B購01,0,,,,
708113,家登台新5B購02,0,,,,
708114,家登台新62購01,74240,1.16,1.16,1.16,1.16
708115,勤凱台新5B購01,4253060,0.88,0.88,0.79,0.79
708116,群聯台新5B購01,0,,,,
708117,群聯台新5B購02,420,0.21,0.21,0.21,0.21
708118,世界群益5B購05,51460,1.78,1.84,1.78,1.84
708119,欣銓群益5B購01,0,,,,
708120,家登群益5B購01,28360,0.64,0.68,0.64,0.66
708121,家登群益61購01,3200,0.64,0.64,0.64,0.64
708122,世界永豐65購01,24500,0.93,0.95,0.93,0.95
708123,台特化永豐62購01,0,,,,
708124,高鋒永豐5C購01,0,,,,
708125,群聯永豐65購01,0,,,,
708126,群聯中信62購01,0,,,,
708127,凡甲國泰61購01,0,,,,
708128,東捷國泰61購01,4700,4.7,4.7,4.7,4.7
708129,欣銓國泰5C購01,0,,,,
708130,群聯國泰61購01,166340,1.5,1.5,1.46,1.46
708131,中美晶富邦61購01,540150,1.41,1.5,1.41,1.5
708132,環球晶富邦5C購02,0,,,,
708133,中美晶元大5B購02,0,,,,
708134,中美晶元大5B購03,10700,1.07,1.07,1.07,1.07
708135,世界元大5B購02,0,,,,
708136,世界元大5B購03,0,,,,
708137,均豪元大5B購01,0,,,,
708138,群聯元大5B購01,44720,0.86,0.86,0.86,0.86
708139,群聯元大5B購02,130310,0.83,0.85,0.83,0.85
708140,群聯元大64購01,0,,,,
708141,精材元大5B購03,0,,,,
708142,精材元大5B購04,0,,,,
708143,精材元大5B購05,0,,,,
708144,雙鴻元大61購14,574670,1.54,1.6,1.5,1.54
708145,大學光凱基5B購01,0,,,,
708146,世界凱基5B購01,85400,0.57,0.58,0.56,0.58
708147,正淩凱基5C購01,480,0.16,0.16,0.16,0.16
708148,欣銓凱基61購01,262840,0.98,1.01,0.93,0.98
708149,原相凱基5B購02,7980,0.19,0.19,0.19,0.19
708150,家登凱基5B購01,34200,0.38,0.38,0.38,0.38
708151,群翊凱基61購02,0,,,,
708152,群聯凱基63購01,190550,0.62,0.63,0.6,0.63
708153,鈺太凱基5B購01,0,,,,
708154,安葆台新5B購01,0,,,,
708155,家碩台新5B購01,0,,,,
708156,家碩台新5B購02,0,,,,
708157,鉅橡台新5B購01,0,,,,
708158,華景電國泰5C購01,18900,0.27,0.27,0.27,0.27
708159,世界富邦5B購01,19400,0.45,0.52,0.45,0.52
708160,系微富邦63購01,102560,0.23,0.24,0.22,0.22
708161,茂迪富邦63購02,1380,0.23,0.23,0.23,0.23
708162,原相富邦5B購01,960,0.06,0.06,0.06,0.06
708163,萬泰科富邦5B購02,0,,,,
708164,群聯富邦62購01,3050,0.61,0.61,0.61,0.61
708165,群聯富邦62購02,147460,0.43,0.44,0.42,0.43
708166,凡甲永豐5C購01,0,,,,
708167,東捷永豐64購02,455740,1.75,1.93,1.7,1.88
708168,東捷永豐67購01,976950,1.84,2.01,1.84,1.88
708169,華景電永豐61購02,0,,,,
708170,璟德永豐61購01,130,0.13,0.13,0.13,0.13
708171,家登中信5B購01,0,,,,
708172,譜瑞中信5B購01,0,,,,
708173,欣銓兆豐61購01,9450,1.05,1.05,1.05,1.05
708174,凡甲國票5C購01,0,,,,
708175,安葆國票5C購01,0,,,,
708176,東捷國票5C購01,1283110,1.77,2.13,1.77,1.85
708177,華景電國票5C購01,0,,,,
708178,群翊國票5C購01,0,,,,
708179,群聯國票66購01,267180,0.76,0.77,0.75,0.75
708180,東捷群益5B購02,2510,1.25,1.26,1.25,1.26
708181,東捷群益5B購03,25220,1.7,1.7,1.58,1.58
708182,華景電群益5B購01,0,,,,
708183,群聯群益61購03,400,0.4,0.4,0.4,0.4
708184,久元元大64購01,0,,,,
708185,正淩元大5B購01,0,,,,
708186,東捷元大5B購01,95860,2.22,2.69,2.19,2.65
708187,東捷元大5B購02,0,,,,
708188,東捷元大5B購03,0,,,,
708189,東捷元大5B購04,45420,0.87,1.09,0.87,1.09
708190,家登元大5B購02,180570,0.55,0.61,0.55,0.59
708191,順達元大64購03,0,,,,
708192,萬泰科元大5B購01,0,,,,
708193,群翊元大5B購01,0,,,,
708194,群聯元大5B購03,9900,0.25,0.25,0.24,0.24
708195,群聯元大64購02,50830,0.67,0.68,0.66,0.68
708197,精材元大5B購07,0,,,,
708198,精材元大61購06,0,,,,
708199,環球晶元大5B購01,0,,,,
708201,凡甲凱基5B購01,0,,,,
708202,久元凱基5B購01,0,,,,
708203,台特化凱基5B購01,0,,,,
708204,安葆凱基5C購01,304470,0.8,0.8,0.49,0.56
708205,家登凱基5B購02,0,,,,
708206,華景電凱基5B購01,0,,,,
708207,順達凱基63購01,484080,0.9,0.9,0.85,0.85
708208,萬泰科凱基5C購01,0,,,,
708209,群聯凱基64購01,1581980,0.59,0.59,0.58,0.59
708210,環球晶凱基5B購03,697980,2.63,2.85,2.61,2.7
708211,穩得凱基5B購01,0,,,,
708212,鑫聯凱基5C購01,0,,,,
708213,台特化台新5B購01,1540,0.3,0.42,0.3,0.42
708214,台特化台新5B購02,0,,,,
708215,系微台新5B購01,0,,,,
708216,欣銓台新5B購01,16800,1.7,1.7,1.57,1.63
708217,欣銓台新5B購02,57790,1.5,1.52,1.4,1.5
708218,湧德台新5B購01,0,,,,
708219,華景電台新5B購01,0,,,,
708220,鈊象台新5B購01,82360,1.42,1.42,1.42,1.42
708221,萬泰科台新5B購01,0,,,,
708222,萬泰科台新5B購02,0,,,,
708223,精材台新5B購01,0,,,,
708225,璟德中信5B購01,0,,,,
708226,安葆國泰5C購01,0,,,,
708227,群翊國泰5C購02,0,,,,
708228,凡甲富邦61購01,0,,,,
708229,中光電富邦62購01,0,,,,
708230,均豪富邦5B購01,0,,,,
708231,捷創富邦62購01,509140,0.71,0.73,0.68,0.68
708232,世界永豐5C購01,123910,0.98,1.06,0.98,1.06
708233,家登永豐61購01,0,,,,
708234,家碩永豐5B購01,0,,,,
708235,群聯永豐65購02,48190,0.61,0.61,0.61,0.61
708236,鉅橡永豐5C購01,0,,,,
708237,環球晶兆豐61購01,0,,,,
708238,艾訊國票63購01,402930,0.87,0.97,0.87,0.95
708239,美琪瑪國票5C購01,67800,0.26,0.28,0.26,0.28
708240,晶宏國票5C購01,32340,2.04,2.04,2.02,2.02
708241,翔名國票5C購01,0,,,,
708242,聰泰國票5C購01,0,,,,
708243,寶雅國票5C購01,1140,1.14,1.14,1.14,1.14
708244,久元群益61購01,0,,,,
708245,方土昶群益5B購01,0,,,,
708246,世界群益5B購06,385660,1.86,1.86,1.75,1.82
708247,艾訊群益5B購01,0,,,,
708248,家登群益5B購02,0,,,,
708249,陽程群益5B購01,192000,9.6,9.6,9.6,9.6
708250,群聯群益5B購03,84100,0.2,0.2,0.16,0.17
708252,凡甲元大5B購01,0,,,,
708253,均豪元大5B購02,0,,,,
708254,均豪元大65購01,341660,0.3,0.33,0.3,0.33
708255,家登元大5B購03,89960,0.91,0.96,0.91,0.96
708256,群聯元大5B購04,0,,,,
708257,群聯元大5B購05,43310,0.29,0.29,0.27,0.27
708258,群聯元大64購03,77800,0.76,0.78,0.76,0.78
708259,精材元大5B購08,0,,,,
708260,精材元大5B購09,0,,,,
708261,精材元大5B購10,0,,,,
708262,璟德元大5B購01,0,,,,
708263,環球晶元大5B購03,0,,,,
708264,環球晶元大5B購04,0,,,,
708265,大中元大5B購01,0,,,,
708266,威剛元大5B購04,1300,0.13,0.13,0.13,0.13
708267,威剛元大5B購05,0,,,,
708268,威剛元大64購01,52220,0.45,0.46,0.45,0.46
708269,陽程元大61購03,0,,,,
708270,群聯元大5B購06,0,,,,
708271,鉅橡元大5B購01,0,,,,
708272,鉅橡元大5B購02,0,,,,
708273,安葆國泰5C購02,1140,1.14,1.14,1.14,1.14
708274,勤凱國泰5C購01,0,,,,
708275,雷科國泰5C購01,0,,,,
708276,久元凱基64購01,0,,,,
708277,均豪凱基65購01,6100,0.3,0.31,0.3,0.31
708278,金山電凱基5B購01,0,,,,
708279,威剛凱基5B購03,6360,0.06,0.06,0.06,0.06
708280,群聯凱基64購02,510,0.51,0.51,0.51,0.51
708281,精材凱基5B購03,0,,,,
708282,寶雅凱基5B購01,30600,0.51,0.51,0.51,0.51
708283,鉅橡台新5B購02,0,,,,
708284,鉅橡台新5B購03,0,,,,
708285,系微兆豐65購01,143320,0.6,0.64,0.6,0.64
708286,群聯兆豐65購01,85700,1.19,1.31,1.19,1.31
708287,凡甲國票5C購02,1600,0.06,0.06,0.05,0.05
708288,久元國票5C購02,0,,,,
708289,方土昶國票5C購01,0,,,,
708290,世界國票5C購02,27070,0.67,0.67,0.66,0.66
708291,宏捷科國票5C購01,0,,,,
708292,威剛國票5C購01,0,,,,
708293,耕興國票5C購01,0,,,,
708294,港建*國票5B購01,0,,,,
708295,華宏國票5C購01,0,,,,
708296,鉅橡國票5C購01,0,,,,
708297,廣穎國票5C購01,0,,,,
708298,久元永豐5C購02,0,,,,
708299,台星科永豐61購01,0,,,,
708300,合晶永豐5B購01,0,,,,
708301,均豪永豐5C購02,4200,0.07,0.07,0.07,0.07
708302,欣銓永豐61購01,149550,0.79,0.82,0.77,0.77
708303,威剛永豐5B購01,0,,,,
708304,威剛永豐5C購02,0,,,,
708305,威剛永豐61購01,0,,,,
708306,威剛永豐65購01,2200,1.1,1.1,1.1,1.1
708307,威剛永豐68購01,0,,,,
708308,鉅橡永豐61購01,0,,,,
708309,廣穎永豐65購01,0,,,,
708310,凡甲群益5B購01,0,,,,
708311,台特化群益5C購01,5100,0.1,0.11,0.1,0.11
708312,正淩群益63購01,1396810,0.73,0.88,0.72,0.88
708313,均豪群益5B購01,0,,,,
708314,宏捷科群益5B購01,0,,,,
708315,岳豐群益65購01,14000,0.28,0.28,0.28,0.28
708316,威剛群益5B購02,0,,,,
708317,威剛群益5C購01,0,,,,
708318,威剛群益61購01,0,,,,
708319,茂綸群益5B購01,0,,,,
708320,廣穎群益5B購01,5300,2.65,2.65,2.65,2.65
708322,寶雅群益61購01,4710,0.79,0.79,0.78,0.78
708323,凡甲凱基5B購02,270,0.01,0.01,0.01,0.01
708324,久元凱基5C購01,0,,,,
708325,大中凱基5B購01,6800,0.69,0.69,0.67,0.67
708326,方土昶凱基5C購01,0,,,,
708327,台特化凱基5B購02,0,,,,
708328,合晶凱基5B購01,0,,,,
708329,艾訊凱基5B購02,123120,0.31,0.36,0.31,0.36
708330,良維凱基5B購05,0,,,,
708331,威剛凱基5B購04,600,0.03,0.03,0.03,0.03
708332,家登凱基5B購03,1050,0.07,0.07,0.07,0.07
708333,耕興凱基5B購01,0,,,,
708334,港建*凱基5B購01,100,0.01,0.01,0.01,0.01
708335,群聯凱基61購02,15430,0.36,0.37,0.34,0.37
708336,廣穎凱基5B購01,0,,,,
708337,環球晶凱基5C購02,849330,1.37,1.52,1.35,1.43
708339,合晶台新5B購02,0,,,,
708340,合晶台新5B購03,0,,,,
708341,安葆台新5B購02,2000,2.0,2.0,2.0,2.0
708342,艾訊台新5B購01,332760,1.28,1.43,1.26,1.43
708343,艾訊台新5B購02,11600,1.16,1.16,1.16,1.16
708344,良維台新5B購01,11730,0.69,0.69,0.69,0.69
708345,良維台新5B購02,0,,,,
708346,良維台新5B購03,0,,,,
708347,湧德台新5B購02,0,,,,
708348,湧德台新5B購03,0,,,,
708349,順達台新5B購01,0,,,,
708350,順達台新5B購02,1340,1.34,1.34,1.34,1.34
708351,鈊象台新5B購02,110400,0.92,0.92,0.92,0.92
708352,萬泰科台新5B購03,0,,,,
708353,群聯台新5B購03,0,,,,
708354,群聯台新5B購04,0,,,,
708355,精材台新5B購03,0,,,,
708356,臺慶科台新5B購01,0,,,,
708357,璟德台新5B購01,0,,,,
708358,台星科兆豐61購01,0,,,,
708359,均豪兆豐61購01,0,,,,
708360,欣銓群益5B購02,8800,0.22,0.22,0.22,0.22
708361,精材群益5B購01,0,,,,
708362,環球晶群益5B購02,12810,1.98,1.98,1.77,1.77
708363,環球晶群益5B購03,36180,1.34,1.34,1.34,1.34
708364,凡甲元大5B購02,0,,,,
708365,凡甲元大5B購03,0,,,,
708366,凡甲元大65購01,135310,0.46,0.47,0.46,0.47
708367,久元元大5B購01,0,,,,
708368,久元元大61購02,0,,,,
708369,久元元大65購01,0,,,,
708370,台星科元大5B購02,15960,0.57,0.57,0.57,0.57
708371,台星科元大65購01,1614730,0.89,0.9,0.87,0.88
708372,沛亨元大5B購01,732020,0.65,0.69,0.65,0.67
708373,欣銓元大5B購01,1540,0.78,0.78,0.76,0.76
708374,欣銓元大64購01,559160,0.78,0.78,0.75,0.78
708376,威剛元大5B購06,0,,,,
708377,威剛元大5B購07,20050,0.25,0.25,0.24,0.25
708378,原相元大5B購01,900,0.09,0.09,0.09,0.09
708379,家登元大5B購04,0,,,,
708380,家登元大64購01,0,,,,
708381,陽程元大61購04,4550,4.55,4.55,4.55,4.55
708382,群聯元大5B購07,7200,0.36,0.36,0.36,0.36
708383,群聯元大61購05,44730,0.71,0.71,0.71,0.71
708384,凡甲國泰5C購01,0,,,,
708385,合晶國泰61購01,0,,,,
708386,合晶國泰62購01,0,,,,
708387,均豪國泰62購01,147410,0.71,0.79,0.71,0.79
708388,良維國泰5C購01,0,,,,
708389,家登國泰5C購01,0,,,,
708390,家登國泰5C購02,0,,,,
708391,力領台新5B購01,0,,,,
708392,正淩台新5B購01,0,,,,
708393,合晶台新5B購04,14200,14.2,14.2,14.2,14.2
708395,新盛力台新62購01,0,,,,
708396,群聯台新5B購05,23000,0.46,0.46,0.46,0.46
708397,群聯台新5B購06,0,,,,
708398,聖暉*台新5B購02,0,,,,
708399,優群台新5B購01,0,,,,
708400,久元凱基5B購02,0,,,,
708401,中美晶凱基61購03,202980,1.32,1.4,1.31,1.4
708402,世禾凱基5B購01,0,,,,
708403,世界凱基5C購03,15700,0.53,0.53,0.51,0.51
708404,尼克森凱基5B購01,144470,0.57,0.57,0.54,0.55
708405,亞信凱基5B購01,0,,,,
708406,欣銓凱基5B購01,3600,0.18,0.18,0.18,0.18
708407,信立凱基5B購02,0,,,,
708408,威剛凱基5C購01,450,0.09,0.09,0.09,0.09
708409,智通*凱基5B購01,52150,0.93,0.95,0.93,0.95
708410,群聯凱基64購03,178470,0.39,0.39,0.38,0.39
708411,優群凱基5B購01,0,,,,
708412,環球晶兆豐61購02,3280,1.64,1.64,1.64,1.64
708413,FH中5G元大5B購01,14680,0.68,0.72,0.68,0.68
708414,FH中5G元大5C購01,9750,1.1,1.15,1.05,1.05
708415,世界元大64購03,286190,0.74,0.78,0.74,0.75
708416,世界元大65購01,28680,0.68,0.68,0.65,0.66
708417,合晶元大5B購01,0,,,,
708418,順達元大64購04,74300,2.13,2.13,2.12,2.12
708419,新盛力元大64購01,104960,2.5,2.82,2.5,2.63
708420,萬泰科元大5B購02,0,,,,
708421,鈺太元大5B購02,0,,,,
708422,鈺太元大65購01,11040,0.21,0.22,0.21,0.22
708423,精材元大5B購11,0,,,,
708424,環球晶元大5B購05,0,,,,
708425,世界國票5C購03,19300,0.38,0.41,0.38,0.41
708426,台半國票5C購01,0,,,,
708427,朋億*國票5C購01,0,,,,
708428,群聯國票61購02,0,,,,
708429,雷科國票5B購01,101670,4.43,5.5,4.43,5.5
708430,久元富邦61購03,0,,,,
708431,久元富邦62購01,0,,,,
708432,合晶富邦62購01,0,,,,
708433,家登富邦61購02,125780,0.48,0.48,0.46,0.46
708434,家登富邦62購01,450,0.45,0.45,0.45,0.45
708435,鈊象富邦61購02,900840,0.89,0.91,0.8,0.83
708436,新盛力富邦61購03,0,,,,
708437,群聯富邦62購03,226810,0.37,0.37,0.37,0.37
708438,環球晶富邦5C購03,164910,0.83,0.89,0.83,0.89
708439,世界群益5B購07,0,,,,
708440,立碁群益5C購01,801110,1.95,2.2,1.94,2.01
708441,合晶群益5B購02,0,,,,
708442,艾訊群益5B購02,1070,0.32,0.4,0.32,0.4
708443,家登群益61購02,4520,0.42,0.42,0.41,0.41
708444,新盛力群益5B購01,0,,,,
708445,群聯群益5B購04,0,,,,
708446,環球晶群益5C購02,818330,1.73,1.93,1.73,1.91
708447,久元凱基63購01,0,,,,
708448,世界凱基65購01,69980,0.46,0.5,0.46,0.5
708449,台半凱基5C購01,201690,1.57,1.58,1.57,1.58
708450,合晶凱基5B購02,0,,,,
708451,合晶凱基61購01,201730,4.58,5.1,4.5,4.99
708452,欣銓凱基64購01,99800,0.45,0.46,0.45,0.46
708453,金山電凱基5B購02,780,0.78,0.78,0.78,0.78
708454,威剛凱基5B購06,50200,0.1,0.1,0.1,0.1
708455,胡連凱基5B購01,0,,,,
708456,家登凱基5B購04,0,,,,
708457,新盛力凱基5B購02,579620,1.73,1.88,1.58,1.6
708458,群聯凱基5B購03,240,0.08,0.08,0.08,0.08
708459,鈺太凱基5B購02,0,,,,
708460,營邦凱基5B購01,91110,0.3,0.3,0.23,0.23
708461,營邦凱基5B購02,0,,,,
708462,營邦凱基5B購03,140620,0.58,0.58,0.46,0.47
708463,環球晶凱基5B購04,82250,0.42,0.46,0.4,0.44
708464,環球晶凱基5B購05,403120,0.65,0.73,0.63,0.65
708465,久元台新5B購01,0,,,,
708466,久元台新5B購02,0,,,,
708467,世界台新5B購02,0,,,,
708468,華景電台新5B購02,0,,,,
708469,華景電台新5B購03,0,,,,
708470,環球晶台新5B購01,371160,2.36,2.64,2.34,2.46
708471,環球晶台新5B購02,1144560,0.9,1.08,0.87,0.98
708472,環球晶台新62購01,30400,1.03,1.03,1.0,1.01
708473,環球晶台新62購02,729910,0.87,0.87,0.7,0.73
708474,久元元大5B購02,0,,,,
708475,久元元大5B購03,0,,,,
708477,久元元大5B購05,0,,,,
708478,久元元大5B購06,0,,,,
708479,世禾元大5B購01,0,,,,
708480,世界元大64購04,205140,1.17,1.19,1.14,1.19
708482,合晶元大5B購03,0,,,,
708484,合晶元大5B購05,21800,4.36,4.36,4.36,4.36
708485,合晶元大64購01,0,,,,
708486,合晶元大65購01,64790,3.5,4.05,3.4,4.05
708487,金山電元大5B購02,0,,,,
708489,金山電元大5B購04,0,,,,
708490,群聯元大5B購08,0,,,,
708491,群聯元大5B購09,160,0.16,0.16,0.16,0.16
708492,營邦元大5B購01,243580,0.74,0.74,0.63,0.63
708493,營邦元大5B購02,121360,0.51,0.51,0.43,0.43
708494,環球晶元大5B購06,0,,,,
708495,環球晶元大5B購07,960750,1.53,1.65,1.51,1.57
708496,環球晶元大5B購08,603810,1.29,1.41,1.27,1.33
708497,環球晶元大5B購09,720,0.36,0.36,0.36,0.36
708498,環球晶元大61購02,20000,2.0,2.0,2.0,2.0
708499,環球晶元大64購01,2190,2.19,2.19,2.19,2.19
708500,譜瑞元大61購02,29300,0.41,0.42,0.41,0.42
708501,威剛兆豐65購01,6150,1.23,1.23,1.23,1.23
708502,金山電國泰61購01,109720,2.48,2.51,2.48,2.51
708503,群聯國泰62購01,290470,0.62,0.65,0.62,0.65
708504,群聯國泰63購01,218830,1.0,1.0,0.96,0.96
708505,群聯國泰63購02,44760,0.72,0.72,0.69,0.71
708506,雷科國泰5C購02,0,,,,
708507,環球晶國泰61購01,4681700,2.72,2.82,2.64,2.75
708508,環球晶國泰61購02,2476920,2.96,3.14,2.96,3.08
708509,久元國票5B購02,0,,,,
708510,久元國票5C購03,0,,,,
708511,久元國票5C購04,0,,,,
708512,合晶國票5B購01,0,,,,
708513,合晶國票5C購01,135560,3.95,4.5,3.95,4.5
708514,金山電國票5C購02,289200,0.94,0.96,0.91,0.93
708515,環球晶國票5B購01,85670,1.17,1.27,1.17,1.27
708516,環球晶國票5C購01,212750,1.18,1.28,1.16,1.21
708517,世界富邦5B購02,1190,0.13,0.13,0.11,0.12
708518,精材富邦5B購01,0,,,,
708519,營邦富邦61購01,478860,0.55,0.56,0.5,0.5
708520,環球晶富邦5B購02,350910,0.54,0.58,0.53,0.56
708521,環球晶富邦61購01,1142280,0.64,0.68,0.62,0.64
708522,中美晶群益5C購02,14100,1.15,1.3,1.15,1.3
708523,世界群益5B購08,2900,0.14,0.15,0.14,0.15
708524,朋程群益5B購01,0,,,,
708525,金山電群益5B購01,0,,,,
708526,新盛力群益5B購02,0,,,,
708527,精材群益5B購02,0,,,,
708528,臺慶科群益5B購01,0,,,,
708529,德微群益5B購01,1083180,2.27,2.81,2.27,2.31
708530,營邦群益5B購01,151200,0.6,0.6,0.57,0.57
708531,營邦群益5B購02,4630,0.47,0.47,0.4,0.4
708532,環球晶群益5B購04,164760,0.75,0.83,0.75,0.81
708533,譜瑞群益5C購02,1580,0.27,0.27,0.26,0.26
708534,中美晶凱基5B購02,50980,1.76,1.76,1.75,1.75
708535,世禾凱基5B購02,0,,,,
708536,立碁凱基5C購01,15630,1.22,1.32,1.21,1.21
708537,朋程凱基5B購01,0,,,,
708538,倚強凱基5B購01,163750,4.5,4.55,4.5,4.55
708539,原相凱基5B購03,0,,,,
708540,精材凱基5B購04,0,,,,
708541,臺慶科凱基5B購01,0,,,,
708542,譜瑞凱基61購01,3020,0.2,0.21,0.2,0.21
708543,群聯永豐65購03,25200,0.42,0.42,0.42,0.42
708544,精材永豐63購01,0,,,,
708545,世界兆豐61購01,13300,0.66,0.67,0.66,0.67
708546,譜瑞兆豐65購01,2210,0.62,0.62,0.53,0.53
708547,群聯群益67購01,23070,0.53,0.53,0.51,0.53
708548,精材群益5B購03,0,,,,
708549,廣穎群益61購01,2340,1.17,1.17,1.17,1.17
708550,世界元大63購03,85410,1.39,1.46,1.39,1.46
708551,新盛力元大61購02,92560,3.44,3.66,3.39,3.39
708552,群聯元大5C購01,93880,0.49,0.49,0.47,0.49
708553,譜瑞元大5B購01,0,,,,
708554,譜瑞元大5B購02,0,,,,
708555,中美晶國泰61購01,5280,2.64,2.64,2.64,2.64
708556,台半國泰5C購01,37280,2.56,2.68,2.56,2.68
708557,欣銓國泰5C購02,189820,1.08,1.14,1.08,1.12
708558,立碁富邦5B購01,172840,0.48,0.49,0.43,0.45
708559,欣銓富邦5B購02,3740,0.22,0.22,0.22,0.22
708560,威剛富邦5B購01,0,,,,
708561,順達富邦5C購02,0,,,,
708562,群聯富邦62購04,0,,,,
708563,中美晶國票5C購01,123640,0.8,0.8,0.73,0.78
708564,台特化國票5C購01,0,,,,
708565,尼克森國票5B購01,157610,0.24,0.27,0.24,0.25
708566,立敦國票5B購01,78000,0.26,0.26,0.26,0.26
708567,美琪瑪國票5C購02,7260,0.33,0.33,0.33,0.33
708568,宸曜國票5B購01,116220,0.61,0.76,0.61,0.72
708569,新盛力國票5C購01,0,,,,
708570,新漢國票5B購01,0,,,,
708571,群聯國票5C購01,11000,0.22,0.22,0.22,0.22
708572,世界凱基5B購03,0,,,,
708573,家登凱基5B購05,0,,,,
708574,創惟凱基5B購01,0,,,,
708575,華宏凱基5B購01,0,,,,
708576,閎康凱基5B購02,0,,,,
708577,閎康凱基5B購03,0,,,,
708578,閎康凱基5B購04,0,,,,
708579,群聯凱基5B購04,0,,,,
708580,群聯凱基5C購01,0,,,,
708581,群聯凱基61購03,0,,,,
708582,榮剛凱基5B購01,0,,,,
708583,精材凱基5B購05,490360,3.76,3.8,3.69,3.8
708584,廣穎凱基5B購02,0,,,,
708585,譜瑞凱基5B購02,0,,,,
708586,美琪瑪富邦5B購01,19960,0.04,0.04,0.04,0.04
708587,閎康富邦62購01,0,,,,
708588,群聯富邦62購05,38670,0.15,0.15,0.14,0.15
708589,宏捷科兆豐65購01,16400,0.33,0.33,0.32,0.32
708590,群聯兆豐65購02,113970,0.61,0.61,0.6,0.6
708591,精材兆豐61購01,0,,,,
708592,元太元大5B購02,0,,,,
708593,世禾元大5B購02,2620,0.15,0.16,0.15,0.16
708594,欣銓元大5B購02,0,,,,
708595,順達元大5B購03,500,0.25,0.25,0.25,0.25
708596,新盛力元大61購03,249420,1.92,2.09,1.91,1.91
708597,群聯元大5B購10,0,,,,
708598,群聯元大5B購11,160,0.16,0.16,0.16,0.16
708599,群聯元大5B購12,0,,,,
708600,群聯元大5B購13,0,,,,
708601,群聯元大5B購14,1190,0.17,0.17,0.17,0.17
708602,群聯元大5C購02,0,,,,
708603,群聯元大61購06,0,,,,
708604,群聯元大63購03,2650,0.25,0.25,0.24,0.24
708605,精材元大61購07,5850,5.85,5.85,5.85,5.85
708606,譜瑞元大5B購03,0,,,,
708607,中美晶永豐65購01,469450,0.84,0.9,0.83,0.87
708608,台半永豐63購01,0,,,,
708609,茂達永豐61購01,0,,,,
708610,新盛力永豐63購01,1177130,1.17,1.25,1.14,1.15
708611,群聯永豐5C購03,2400,0.12,0.12,0.12,0.12
708612,群聯永豐5C購04,0,,,,
708613,精材永豐64購01,0,,,,
708614,德微永豐63購01,45880,1.79,1.79,1.62,1.62
708615,元太群益5B購03,0,,,,
708616,方土昶群益5B購02,0,,,,
708617,台半群益5B購01,0,,,,
708618,家登群益5B購03,0,,,,
708619,閎康群益61購01,0,,,,
708620,陽程群益5B購02,6600,6.6,6.6,6.6,6.6
708621,順達群益5B購03,0,,,,
708622,新盛力群益5B購03,950570,0.8,0.9,0.8,0.81
708623,群聯群益5B購05,450,0.09,0.09,0.09,0.09
708624,群聯群益61購04,0,,,,
708625,榮剛群益5B購01,0,,,,
708626,精材群益5B購04,0,,,,
708627,廣穎群益5B購02,6800,0.68,0.68,0.68,0.68
708628,譜瑞群益5B購02,0,,,,
708629,元太凱基5B購04,0,,,,
708630,元太凱基5B購05,0,,,,
708631,閎康凱基61購02,0,,,,
708632,順達凱基5B購03,0,,,,
708633,新盛力凱基61購01,1109150,0.95,1.0,0.88,0.88
708634,譜瑞凱基5B購03,0,,,,
708635,譜瑞凱基5B購04,0,,,,
708636,中美晶元大63購02,7840,1.96,1.96,1.96,1.96
708637,沛亨元大5B購02,0,,,,
708638,威剛元大5B購08,10800,0.36,0.36,0.36,0.36
708639,閎康元大5B購01,0,,,,
708640,順達元大5B購04,27560,0.53,0.53,0.53,0.53
708642,優群元大5B購01,0,,,,
708643,譜瑞元大5B購04,0,,,,
708644,譜瑞元大5B購05,0,,,,
708645,譜瑞元大5B購06,0,,,,
708646,譜瑞元大5B購07,0,,,,
708647,台特化永豐61購01,0,,,,
708648,沛亨永豐5C購01,77940,0.23,0.24,0.23,0.24
708649,金益鼎永豐5C購01,0,,,,
708650,廣穎永豐61購01,119010,0.45,0.46,0.45,0.46
708651,中美晶富邦5B購01,266570,0.62,0.68,0.6,0.68
708652,元太富邦62購01,0,,,,
708653,元太富邦62購02,0,,,,
708654,系統電富邦5B購01,0,,,,
708655,新盛力富邦62購01,963090,0.86,1.01,0.86,0.9
708656,元太群益5B購04,0,,,,
708657,閎康群益5B購04,0,,,,
708658,廣穎群益61購02,0,,,,
708659,元太群益5B購05,0,,,,
708660,臺慶科群益5B購02,0,,,,
708661,元太元大5B購03,0,,,,
708662,元太元大5B購04,0,,,,
708664,元太元大5B購06,0,,,,
708665,元太元大5B購07,0,,,,
708666,元太元大5B購08,0,,,,
708667,元太元大5B購09,0,,,,
708668,元太元大5B購10,0,,,,
708669,博盛元大5B購01,0,,,,
708670,陽程元大63購02,345980,2.63,3.13,2.63,3.13
708671,新盛力元大5B購03,91470,1.34,1.45,1.31,1.31
708672,元太永豐5C購01,0,,,,
708673,元太永豐61購01,0,,,,
708674,威剛永豐67購01,0,,,,
708675,智通*永豐61購01,0,,,,
708676,閎康永豐61購01,0,,,,
708677,新漢永豐5C購01,0,,,,
708678,臺慶科永豐5C購01,0,,,,
708679,凡甲凱基5C購01,0,,,,
708680,中美晶凱基5B購03,0,,,,
708681,元太凱基5B購06,0,,,,
708682,威剛凱基5B購07,1610,0.23,0.23,0.23,0.23
708683,美琪瑪凱基5C購01,0,,,,
708684,陽程凱基5B購01,545510,2.71,3.78,2.71,3.78
708685,新盛力凱基5B購03,1166130,0.59,0.79,0.59,0.61
708686,新盛力凱基61購02,189650,1.0,1.05,1.0,1.03
708688,凡甲台新5B購01,0,,,,
708689,凡甲台新5B購02,0,,,,
708690,凡甲台新5B購03,0,,,,
708691,中美晶台新5B購03,0,,,,
708692,元太台新5B購01,0,,,,
708693,方土昶台新5B購01,0,,,,
708694,台特化台新5B購03,0,,,,
708695,閎康台新5B購01,0,,,,
708696,閎康台新5B購02,0,,,,
708697,閎康台新5B購03,0,,,,
708698,順達台新5B購03,0,,,,
708699,臺慶科台新5B購02,0,,,,
708700,凡甲國泰61購02,7000,0.35,0.35,0.35,0.35
708701,元太國泰5C購01,0,,,,
708702,元太國泰5C購02,0,,,,
708703,元太國泰5C購03,0,,,,
708704,台半富邦62購01,324920,0.6,0.66,0.6,0.65
708705,華景電富邦5B購01,700,0.07,0.07,0.07,0.07
708706,新盛力富邦61購04,771200,0.79,0.9,0.79,0.81
708707,德微富邦63購01,162130,1.26,1.33,1.2,1.2
708708,雙鴻富邦61購01,0,,,,
708709,元太國票5C購01,0,,,,
708710,元太國票5C購02,0,,,,
708711,光頡國票5B購01,0,,,,
708712,光頡國票5B購02,0,,,,
708713,朋程國票5B購01,84830,0.17,0.17,0.17,0.17
708714,閎康國票5C購01,0,,,,
708715,新盛力國票5B購02,538190,0.75,0.86,0.7,0.72
708716,中美晶台新5B購04,113040,4.21,4.6,4.15,4.6
708717,台半台新5B購01,0,,,,
708718,台半台新5B購02,129450,2.59,2.59,2.58,2.58
708719,台半台新5B購03,39680,1.42,1.42,1.41,1.41
708720,光頡凱基5B購01,52500,5.25,5.25,5.25,5.25
708721,陽程凱基61購01,137760,2.17,2.75,2.17,2.75
708722,陽程凱基63購02,340010,1.8,2.49,1.8,2.49
708723,勤凱凱基5B購01,0,,,,
708724,臺慶科凱基5B購02,0,,,,
708725,擎亞凱基5B購02,2860,0.13,0.13,0.13,0.13
708726,擎亞凱基5B購03,1020,0.18,0.22,0.18,0.21
708727,台半元大63購02,326940,2.21,2.34,2.21,2.28
708728,威剛元大5B購09,0,,,,
708729,博盛元大5B購02,16500,0.33,0.33,0.33,0.33
708730,閎康元大5B購02,3000,0.03,0.03,0.03,0.03
708731,陽程元大5B購01,583200,2.04,2.62,2.04,2.62
708732,陽程元大5B購02,0,,,,
708733,陽程元大65購02,1114560,1.23,1.46,1.23,1.45
708734,勤凱元大5B購01,0,,,,
708735,勤凱元大5B購02,90000,0.3,0.3,0.3,0.3
708736,勤凱元大5B購03,0,,,,
708737,群翊元大5B購02,2160,0.24,0.24,0.24,0.24
708738,德微元大5B購01,28350,3.15,3.15,3.15,3.15
708739,德微元大5B購02,5730,1.53,1.53,1.33,1.33
708740,擎亞元大5B購03,150,0.15,0.15,0.15,0.15
708741,擎亞元大5B購04,0,,,,
708742,尼克森永豐5C購01,1450,0.17,0.17,0.16,0.16
708743,光頡永豐61購01,65300,3.64,3.68,3.61,3.61
708744,翔名永豐5C購01,0,,,,
708745,陽程永豐5B購02,555380,1.12,1.44,1.1,1.44
708746,精材永豐61購02,0,,,,
708747,臺慶科永豐65購01,0,,,,
708748,擎亞永豐5C購01,0,,,,
708749,擎亞永豐61購01,0,,,,
708750,雙鴻永豐65購01,0,,,,
708751,精材富邦5B購02,0,,,,
708752,博盛國泰5C購01,0,,,,
708753,擎亞國泰61購01,0,,,,
708754,凡甲群益5B購02,0,,,,
708755,中美晶群益5B購03,516870,1.68,1.82,1.61,1.82
708756,正淩群益5B購01,0,,,,
708757,威剛群益61購02,1110,1.11,1.11,1.11,1.11
708758,陽程群益5B購03,6800,1.65,1.85,1.65,1.85
708759,聖暉*群益5B購02,300,0.06,0.06,0.06,0.06
708760,精材群益5B購06,0,,,,
708761,擎亞群益5B購02,0,,,,
708762,大中國票5B購01,0,,,,
708763,世界國票5C購04,0,,,,
708764,立端國票5C購01,208670,0.4,0.42,0.39,0.42
708766,沛亨國票5C購01,4950,0.45,0.45,0.45,0.45
708767,威剛國票5C購03,0,,,,
708768,原相國票5B購02,0,,,,
708769,家碩國票5C購01,412180,0.22,0.23,0.22,0.23
708770,博盛國票5B購02,520,0.26,0.26,0.26,0.26
708771,博盛國票5C購01,820,0.41,0.41,0.41,0.41
708772,博盛國票5C購02,0,,,,
708773,陽程國票5B購01,68530,1.77,2.26,1.77,2.26
708774,新鉅科國票5C購01,3850,0.39,0.39,0.38,0.38
708775,聖暉*國票5C購01,3210,0.2,0.21,0.2,0.21
708776,榮剛國票5C購01,0,,,,
708777,精材國票5C購02,8550,2.85,2.85,2.85,2.85
708778,臺慶科國票5C購02,0,,,,
708779,廣閎科國票5C購01,809240,1.14,1.5,1.14,1.47
708780,擎亞國票5B購01,0,,,,
708781,FH中5G凱基5B購01,30670,0.15,0.15,0.14,0.14
708782,世界凱基64購01,0,,,,
708783,正淩凱基5B購02,0,,,,
708784,光頡凱基5B購02,175090,4.29,4.39,4.15,4.15
708785,均豪凱基5B購02,0,,,,
708786,沛亨凱基5B購02,0,,,,
708787,群翊凱基5B購01,0,,,,
708788,聖暉*凱基5B購04,0,,,,
708789,精材凱基5B購06,10750,2.15,2.15,2.15,2.15
708790,精材凱基5B購07,4720,2.36,2.36,2.36,2.36
708791,精材凱基5C購02,0,,,,
708792,精材凱基61購04,0,,,,
708793,德微凱基5B購01,51030,1.93,1.93,1.82,1.82
708794,世界中信5B購02,141920,0.16,0.19,0.14,0.19
708795,正淩永豐61購01,0,,,,
708796,茂綸永豐61購01,0,,,,
708797,神準永豐5C購01,0,,,,
708798,精材永豐65購01,332860,1.89,1.98,1.88,1.98
708799,台半元大5B購01,12660,2.11,2.11,2.11,2.11
708800,光頡元大5B購01,63700,3.77,3.77,3.7,3.7
708801,光頡元大5B購03,44400,4.44,4.44,4.44,4.44
708802,聖暉*元大5B購03,0,,,,
708803,聖暉*元大5B購04,0,,,,
708804,雷科元大5B購01,64510,3.42,4.65,3.42,4.65
708805,精材元大5B購13,0,,,,
708806,精材元大5B購14,0,,,,
708807,精材元大5B購15,50260,3.59,3.59,3.59,3.59
708808,精材元大5B購16,0,,,,
708809,精材元大5B購17,0,,,,
708810,精材元大63購03,12120,2.02,2.02,2.02,2.02
708811,臺慶科元大63購01,0,,,,
708812,世界台新5B購04,474770,0.96,1.1,0.96,1.0
708813,光頡台新5B購01,0,,,,
708814,欣銓台新5B購03,93080,0.9,0.9,0.78,0.81
708815,欣銓台新5B購04,369260,0.67,0.67,0.61,0.66
708816,倚強台新5B購01,332050,2.17,2.53,2.17,2.53
708817,聖暉*台新5B購03,0,,,,
708818,榮剛台新5B購01,0,,,,
708819,精材台新5B購04,0,,,,
708820,精材台新5B購05,0,,,,
708821,精材台新5C購01,0,,,,
708822,臺慶科台新5B購03,0,,,,
708823,臺慶科台新5B購04,0,,,,
708824,伍豐國票5C購01,0,,,,
708825,光頡國票5B購03,0,,,,
708826,翔名國票5C購02,0,,,,
708827,聖暉*兆豐61購01,9730,0.27,0.28,0.27,0.28
708828,立敦群益5B購01,0,,,,
708829,光頡群益5B購01,15300,5.1,5.1,5.1,5.1
708830,金益鼎群益5B購01,0,,,,
708831,茂綸群益5C購01,25600,0.51,0.52,0.51,0.51
708832,翔名群益5B購01,0,,,,
708833,精材群益5B購07,0,,,,
708834,千如國泰5C購01,0,,,,
708835,聖暉*國泰5C購01,0,,,,
708836,精材國泰5C購01,0,,,,
708837,精材國泰5C購02,0,,,,
708838,臺慶科國泰5C購01,0,,,,
708839,萬泰科富邦63購01,0,,,,
708840,中美晶元大5B購04,7760,1.94,1.94,1.94,1.94
708841,台半元大5B購02,39990,0.93,0.93,0.93,0.93
708842,光頡元大5B購04,158040,3.69,3.69,3.62,3.62
708843,威剛元大5B購10,49170,1.12,1.12,1.09,1.1
708844,威剛元大5B購11,0,,,,
708845,翔名元大5B購01,0,,,,
708846,順達元大5B購05,206900,0.98,0.99,0.92,0.92
708847,新盛力元大5B購04,7361120,1.81,1.83,1.7,1.7
708848,群翊元大5B購03,0,,,,
708849,擎亞元大5B購05,0,,,,
708850,擎亞元大5B購06,0,,,,
708851,久元凱基5B購03,0,,,,
708852,台半凱基5B購01,7800,0.78,0.78,0.78,0.78
708853,立碁凱基5C購02,0,,,,
708854,光頡凱基5B購03,2275110,2.5,2.5,2.37,2.4
708855,光頡凱基5B購04,2620,2.62,2.62,2.62,2.62
708856,茂綸凱基5C購01,18500,0.86,0.99,0.86,0.99
708857,翔名凱基5B購01,0,,,,
708858,德微凱基5B購02,209910,0.89,1.05,0.85,0.87
708859,立敦台新5B購01,14770,0.84,0.84,0.81,0.82
708860,立敦台新5B購02,7500,0.25,0.25,0.25,0.25
708861,沛亨台新5B購01,0,,,,
708862,沛亨台新5B購02,0,,,,
708863,沛亨台新5B購03,0,,,,
708864,捷創台新5B購01,0,,,,
708865,新盛力台新5B購02,0,,,,
708866,新盛力台新5B購03,0,,,,
708867,新盛力台新5C購01,598990,2.84,2.84,2.67,2.82
708868,新盛力台新62購02,1463900,2.25,2.42,2.18,2.18
708869,中美晶中信5B購01,28420,0.9,0.91,0.85,0.91
708870,光頡中信5B購01,2581750,1.6,1.64,1.48,1.54
708871,威剛中信65購01,380,0.38,0.38,0.38,0.38
708872,台半永豐61購01,63020,1.29,1.34,1.29,1.34
708873,光頡永豐64購01,0,,,,
708874,雅特力永豐5B購01,0,,,,
708875,千如國票5C購01,95680,0.37,0.41,0.36,0.4
708876,台半國票5C購02,0,,,,
708877,台星科國票5C購02,0,,,,
708878,光頡國票5C購01,331580,3.51,3.51,3.33,3.37
708880,亞通國票5B購01,24700,1.9,1.9,1.9,1.9
708881,金益鼎國票5C購01,0,,,,
708882,能率國票5C購01,0,,,,
708883,晶焱國票5B購01,0,,,,
708884,智通*國票5B購02,0,,,,
708885,翔名國票5C購03,0,,,,
708886,雅特力國票5C購01,80180,1.59,1.59,1.54,1.54
708887,萬泰科國票5C購01,0,,,,
708888,雷科國票5B購02,89020,1.72,2.51,1.67,2.51
708889,德微國票5C購01,2075250,1.54,1.7,1.36,1.38
708890,擎亞國票5B購02,0,,,,
708891,久元群益61購02,0,,,,
708892,世界群益62購02,12880,0.65,0.69,0.65,0.68
708893,立碁群益5B購01,1106320,2.18,2.36,2.18,2.2
708894,光頡群益5B購02,10510,3.52,3.55,3.44,3.55
708895,均豪群益5B購02,0,,,,
708896,擎亞群益5C購01,18160,0.08,0.08,0.08,0.08
708897,雷科國泰61購01,257200,4.4,4.8,4.32,4.8
708898,寶雅富邦61購01,0,,,,
708899,凡甲統一65購01,1900,0.19,0.19,0.19,0.19
708900,久元統一65購01,0,,,,
708901,久元統一65購02,0,,,,
708902,大中統一63購01,28810,0.71,0.71,0.69,0.69
708903,大中統一65購01,411450,0.62,0.62,0.59,0.59
708904,世界統一64購02,399080,0.59,0.69,0.59,0.66
708905,世界統一65購01,84140,0.57,0.6,0.57,0.6
708906,世界統一65購02,540,0.54,0.54,0.54,0.54
708907,尼克森統一63購01,2800,0.28,0.28,0.28,0.28
708908,立敦統一63購01,0,,,,
708909,立敦統一65購01,0,,,,
708910,立敦統一65購02,0,,,,
708911,立敦統一66購01,0,,,,
708912,光頡統一63購01,0,,,,
708913,光頡統一65購01,3501220,1.7,1.71,1.61,1.66
708914,光頡統一65購02,178200,0.9,0.9,0.9,0.9
708915,安葆統一75購01,248920,0.85,0.85,0.83,0.83
708916,艾訊統一65購01,131320,0.3,0.32,0.3,0.32
708917,邑錡統一65購01,6300,0.42,0.42,0.42,0.42
708918,亞通統一65購01,27220,0.96,0.99,0.96,0.99
708919,欣銓統一63購01,314260,0.69,0.69,0.66,0.68
708920,欣銓統一65購02,99700,0.59,0.59,0.57,0.59
708921,欣銓統一67購01,421600,1.13,1.13,1.09,1.12
708922,欣銓統一69購01,24220,0.85,0.85,0.83,0.84
708923,威剛統一64購02,0,,,,
708924,威剛統一65購01,0,,,,
708925,威剛統一65購02,0,,,,
708926,威剛統一65購03,0,,,,
708927,威剛統一69購01,5560,0.4,0.4,0.39,0.39
708928,茂達統一64購01,0,,,,
708929,茂綸統一63購01,8000,0.8,0.8,0.8,0.8
708930,翔名統一63購01,9900,0.3,0.3,0.3,0.3
708931,翔名統一65購01,0,,,,
708932,閎康統一65購01,0,,,,
708933,閎康統一65購02,0,,,,
708934,順達統一65購02,0,,,,
708935,新盛力統一69購01,170300,0.71,0.78,0.71,0.77
708936,聖暉*統一63購02,144710,0.29,0.29,0.29,0.29
708937,臺慶科統一63購01,0,,,,
708938,臺慶科統一65購01,0,,,,
708939,擎亞統一67購01,5740,0.31,0.33,0.31,0.33
708940,中美晶凱基5B購04,52800,1.76,1.76,1.76,1.76
708941,世界凱基63購01,39110,0.84,0.86,0.83,0.85
708942,台半凱基61購01,26100,0.87,0.87,0.87,0.87
708943,台星科凱基5C購01,0,,,,
708944,均豪凱基5B購03,0,,,,
708945,威剛凱基5B購08,416120,0.38,0.39,0.38,0.39
708946,德微凱基5C購01,259500,0.95,0.95,0.82,0.82
708947,擎亞凱基5B購04,0,,,,
708948,順達台新61購01,82730,1.88,1.89,1.88,1.89
708949,鈊象台新5B購04,231720,1.63,1.63,1.43,1.52
708950,優群台新5B購02,0,,,,
708951,中美晶元大5B購05,11000,1.1,1.1,1.1,1.1
708952,台半元大5B購03,12750,0.51,0.51,0.51,0.51
708953,均豪元大5B購03,0,,,,
708954,威剛元大5B購12,0,,,,
708955,威剛元大5B購13,0,,,,
708956,順達元大5B購06,14950,1.53,1.53,1.48,1.48
708957,新盛力元大5B購05,89060,1.22,1.22,1.22,1.22
708958,雷科元大5B購02,0,,,,
708959,雷科元大5B購03,229720,2.56,2.92,2.44,2.92
708960,雷科元大5B購04,97100,3.49,3.82,3.4,3.82
708961,擎亞元大5B購07,0,,,,
708962,點序元大5B購01,0,,,,
708963,台半永豐5C購02,33280,0.64,0.64,0.64,0.64
708964,凌陽創永豐61購01,0,,,,
708965,萬泰科永豐61購01,0,,,,
708966,久元群益5B購01,0,,,,
708967,均豪群益5B購03,0,,,,
708968,佳邦群益5B購01,0,,,,
708969,朋程群益5B購02,0,,,,
708970,欣銓群益5B購03,48900,0.77,0.79,0.72,0.79
708971,鈊象群益5B購03,94160,0.56,0.56,0.48,0.52
708972,鈺太群益5B購01,0,,,,
708973,德微群益5B購03,715900,0.94,1.09,0.89,0.91
708974,雙鴻群益5B購08,0,,,,
708975,久元統一65購03,0,,,,
708976,久元統一65購04,0,,,,
708977,台半統一63購01,0,,,,
708978,台半統一65購01,0,,,,
708979,台半統一69購01,540,0.54,0.54,0.54,0.54
708980,台星科統一65購01,71250,0.57,0.57,0.57,0.57
708981,立敦統一65購03,0,,,,
708982,沛亨統一69購01,560,0.56,0.56,0.56,0.56
708983,良維統一5B購01,0,,,,
708984,欣銓統一65購03,0,,,,
708985,金益鼎統一65購02,0,,,,
708986,威剛統一5B購02,0,,,,
708987,威剛統一65購04,0,,,,
708988,茂達統一65購01,15900,0.53,0.53,0.53,0.53
708989,茂綸統一65購01,188900,0.61,0.65,0.61,0.61
708990,閎康統一63購02,0,,,,
708991,聖暉*統一65購02,0,,,,
708992,德微統一63購02,474510,0.68,0.79,0.68,0.69
708993,德微統一75購01,0,,,,
708994,擎亞統一63購01,8750,0.25,0.25,0.25,0.25
708995,擎亞統一65購01,12700,0.23,0.24,0.23,0.24
708996,擎亞統一66購01,0,,,,
708997,鑫科統一69購01,0,,,,
708998,台半國票5C購03,14910,0.71,0.71,0.71,0.71
708999,安葆國票5C購02,31820,1.52,1.52,1.49,1.49
709000,欣銓國票5C購02,0,,,,
709001,泓格國票5B購01,28000,0.28,0.28,0.28,0.28
709002,泓格國票5C購01,4200,0.42,0.42,0.42,0.42
709003,雷科國票5B購04,2460,2.46,2.46,2.46,2.46
709004,漢達國票5C購01,154630,1.67,1.99,1.65,1.99
709005,德微國票5C購02,175300,1.11,1.12,1.08,1.09
709006,大中台新5B購01,0,,,,
709007,元債20台新5B購01,0,,,,
709008,立敦台新5B購03,0,,,,
709009,佳邦台新5B購01,0,,,,
709010,博大台新5B購01,2500,0.5,0.5,0.5,0.5
709011,立敦凱基5B購01,0,,,,
709012,安葆凱基5C購02,40170,2.13,2.19,1.98,1.98
709013,佳邦凱基5C購01,0,,,,
709014,朋程凱基5B購02,0,,,,
709015,威剛凱基5C購02,0,,,,
709016,茂達凱基5B購01,7000,0.35,0.35,0.35,0.35
709017,鈊象凱基5B購02,73700,0.75,0.75,0.72,0.72
709018,鈺太凱基5B購03,0,,,,
709019,臺慶科凱基63購01,0,,,,
709020,德微凱基5B購03,205660,0.42,0.42,0.33,0.34
709021,擎亞凱基5B購05,0,,,,
709022,雙鴻凱基61購03,0,,,,
709023,中美晶群益5B購04,0,,,,
709024,世界群益61購01,40790,0.71,0.72,0.71,0.71
709025,台半群益5B購02,0,,,,
709026,台半群益5B購03,0,,,,
709027,均豪群益5B購04,0,,,,
709028,威剛群益5B購03,5000,0.5,0.5,0.5,0.5
709029,茂達群益5B購01,0,,,,
709030,智通*群益5B購01,0,,,,
709031,華宏群益5B購01,0,,,,
709032,新盛力群益61購01,654300,2.38,2.59,2.3,2.35
709033,擎亞群益65購01,0,,,,
709034,台半元大5B購04,50660,2.07,2.14,2.07,2.14
709035,正淩元大5B購02,0,,,,
709036,金益鼎元大5B購01,0,,,,
709037,威剛元大5B購14,0,,,,
709038,原相元大5B購02,0,,,,
709039,順達元大5B購07,0,,,,
709040,雷科元大5B購05,35060,3.16,3.27,3.16,3.27
709041,德微元大5B購03,144170,0.85,0.93,0.85,0.91
709042,擎亞元大5B購08,0,,,,
709043,寶雅元大5B購01,0,,,,
709044,威剛國泰5C購01,0,,,,
709045,威剛國泰5C購02,0,,,,
709046,威剛國泰5C購03,1250,1.25,1.25,1.25,1.25
709047,擎亞國泰62購01,398310,0.69,0.76,0.69,0.76
709048,久元富邦61購04,0,,,,
709049,台半富邦62購02,78560,0.69,0.74,0.69,0.74
709050,閎康富邦61購01,0,,,,
709051,新盛力富邦61購05,0,,,,
709052,擎亞富邦5C購01,179470,0.18,0.19,0.17,0.18
709053,久元統一65購05,0,,,,
709054,正淩統一65購02,0,,,,
709055,正淩統一69購01,0,,,,
709056,立敦統一65購04,0,,,,
709057,沛亨統一65購01,17100,0.48,0.5,0.48,0.5
709058,朋程統一63購01,320,0.32,0.32,0.32,0.32
709059,欣銓統一5B購01,0,,,,
709060,欣銓統一65購04,1890,0.63,0.63,0.63,0.63
709061,茂達統一65購02,45080,0.46,0.46,0.46,0.46
709062,凌陽創統一63購01,0,,,,
709063,閎康統一65購03,0,,,,
709064,新漢統一61購01,0,,,,
709065,德微統一5B購01,296440,0.38,0.46,0.36,0.36
709066,德微統一65購01,192630,0.51,0.58,0.5,0.5
709067,德微統一65購02,6510,0.59,0.61,0.59,0.61
709068,擎亞統一63購02,24450,0.23,0.24,0.23,0.24
709069,擎亞統一65購02,16800,0.28,0.28,0.28,0.28
709070,鑫科統一64購01,0,,,,
709071,立敦永豐61購01,0,,,,
709072,佳邦永豐63購01,0,,,,
709073,威剛永豐5B購02,0,,,,
709074,威剛永豐61購02,0,,,,
709075,原相永豐5C購01,1500,0.3,0.3,0.3,0.3
709076,德微永豐5C購01,1540,0.77,0.77,0.77,0.77
709077,擎亞永豐64購01,0,,,,
709078,元債20國票5B購02,0,,,,
709079,台半國票61購01,1940,0.63,0.66,0.63,0.66
709080,佳邦國票5C購02,0,,,,
709081,茂達國票5C購01,0,,,,
709082,博大國票5C購01,0,,,,
709083,晶宏國票5C購02,90640,1.04,1.06,1.03,1.03
709086,德微國票5C購03,406050,0.76,0.78,0.72,0.73
709087,點序國票5B購01,0,,,,
709088,點序國票5C購01,0,,,,
709089,世紀*元大5B購01,31130,4.39,4.49,4.39,4.49
709090,台特化元大5B購02,28700,0.34,0.37,0.34,0.37
709091,博智元大5B購02,0,,,,
709092,智通*元大5B購01,0,,,,
709093,鈊象元大5B購02,0,,,,
709094,群聯元大5B購15,191370,1.96,2.14,1.96,2.06
709095,群聯元大5B購16,0,,,,
709096,廣穎元大5B購01,0,,,,
709097,雙鴻元大5B購03,22400,22.4,22.4,22.4,22.4
709098,尼克森國票5B購02,360,0.18,0.18,0.18,0.18
709099,朋程國票5B購02,39190,0.38,0.4,0.38,0.4
709100,晶宏國票5C購03,404700,0.75,0.75,0.7,0.72
709101,華容國票5C購02,0,,,,
709102,群聯國票61購03,0,,,,
709103,雷科國票5C購01,2128270,1.53,1.97,1.53,1.97
709104,臺慶科國票5C購03,2080,0.13,0.13,0.13,0.13
709105,廣穎國票5C購02,0,,,,
709107,擎亞國票5C購01,187660,0.16,0.18,0.16,0.18
709108,鑫聯國票5C購02,0,,,,
709109,中美晶凱基63購01,342960,1.36,1.42,1.35,1.42
709110,均豪凱基5C購01,21000,0.21,0.21,0.21,0.21
709111,凌陽創凱基5B購01,0,,,,
709112,博智凱基5B購01,0,,,,
709113,博智凱基5B購02,6100,0.11,0.11,0.1,0.1
709114,博智凱基5B購03,0,,,,
709115,群聯凱基5B購05,0,,,,
709116,群聯凱基5B購06,0,,,,
709117,群聯凱基5B購07,0,,,,
709118,雙鴻凱基5B購02,0,,,,
709119,中光電台新5B購01,0,,,,
709120,中美晶台新61購01,0,,,,
709121,原相台新5B購01,0,,,,
709122,博盛台新5B購01,0,,,,
709123,博智台新5B購01,0,,,,
709124,博智台新5B購02,0,,,,
709125,博智台新5B購03,0,,,,
709126,順達台新5B購04,7750,1.55,1.55,1.55,1.55
709127,群聯台新5B購09,97020,0.49,0.49,0.49,0.49
709128,群聯台新5B購10,57340,0.41,0.41,0.39,0.39
709129,群聯台新5B購11,0,,,,
709130,雷科台新5B購01,2980,2.98,2.98,2.98,2.98
709131,雷科台新5B購02,802720,2.02,2.5,1.93,2.37
709132,廣穎台新5B購01,0,,,,
709133,聯合台新5B購01,3400,0.34,0.34,0.34,0.34
709134,鑫科台新5B購01,0,,,,
709135,台特化富邦5C購02,5600,0.14,0.14,0.14,0.14
709136,博智富邦61購02,31700,0.18,0.18,0.15,0.15
709137,群聯富邦61購03,39350,0.42,0.42,0.41,0.42
709138,群聯富邦61購04,0,,,,
709139,安勤永豐5C購01,35510,0.67,0.67,0.67,0.67
709140,朋程永豐5C購01,0,,,,
709141,博智永豐5C購02,0,,,,
709142,群聯永豐5C購05,0,,,,
709143,群聯永豐63購01,0,,,,
709144,群聯永豐64購03,0,,,,
709145,群聯永豐65購04,0,,,,
709146,漢科永豐5C購01,0,,,,
709147,中美晶統一66購01,212020,0.76,0.77,0.74,0.75
709148,正淩統一65購03,0,,,,
709149,沛亨統一63購01,0,,,,
709150,沛亨統一64購01,0,,,,
709151,沛亨統一65購02,667870,0.46,0.46,0.45,0.46
709152,佳邦統一63購01,680,0.34,0.34,0.34,0.34
709153,佳邦統一65購01,2300,0.23,0.23,0.23,0.23
709154,朋程統一65購01,49680,0.36,0.36,0.36,0.36
709155,欣銓統一63購02,35380,0.52,0.52,0.5,0.5
709156,茂達統一65購03,0,,,,
709157,茂達統一69購01,0,,,,
709158,茂綸統一65購02,48170,0.67,0.7,0.67,0.7
709159,茂綸統一65購03,54800,0.59,0.62,0.59,0.62
709160,神準統一66購01,0,,,,
709161,博智統一63購02,34800,0.19,0.19,0.18,0.18
709162,博智統一65購01,0,,,,
709163,閎康統一65購04,0,,,,
709164,萬泰科統一75購01,0,,,,
709165,群聯統一5B購02,0,,,,
709166,群聯統一63購01,7060,0.34,0.34,0.32,0.32
709167,群聯統一63購02,5600,0.28,0.28,0.28,0.28
709168,群聯統一65購01,15300,0.3,0.3,0.3,0.3
709169,群聯統一65購02,0,,,,
709170,群聯統一69購01,0,,,,
709171,群聯統一69購02,580,0.58,0.58,0.58,0.58
709172,群聯統一6B購01,104000,1.04,1.04,1.04,1.04
709173,群聯統一75購01,56500,1.13,1.13,1.13,1.13
709174,聖暉*統一65購03,0,,,,
709175,鈺太統一69購01,30600,0.3,0.3,0.3,0.3
709176,臺慶科統一65購02,0,,,,
709177,臺慶科統一65購03,0,,,,
709178,臺慶科統一69購01,0,,,,
709179,廣穎統一65購01,0,,,,
709180,廣穎統一69購01,0,,,,
709181,擎亞統一65購03,3700,0.37,0.37,0.37,0.37
709182,擎亞統一65購04,180000,0.25,0.25,0.25,0.25
709183,鑫科統一69購02,0,,,,
709184,鑫聯統一69購01,0,,,,
709185,群聯中信63購01,0,,,,
709186,倚強群益5B購01,2110,2.11,2.11,2.11,2.11
709187,原相群益5B購01,0,,,,
709188,博智群益5B購02,28500,0.19,0.19,0.19,0.19
709189,博智群益5B購03,0,,,,
709190,華容群益5B購01,0,,,,
709191,新盛力群益61購02,1454810,2.06,2.07,1.83,1.87
709192,群聯群益5B購07,26210,0.71,0.71,0.69,0.69
709193,臺慶科群益5B購03,560,0.08,0.08,0.08,0.08
709194,優群群益5B購01,0,,,,
709195,擎亞群益62購01,70000,0.2,0.2,0.2,0.2
709196,寶雅群益5B購01,0,,,,
709197,鑫科群益5B購02,0,,,,
709198,久元永豐5B購01,0,,,,
709199,威聯通永豐61購01,0,,,,
709200,富喬永豐61購02,52010,0.83,0.87,0.82,0.87
709201,富喬永豐66購01,1090,1.09,1.09,1.09,1.09
709202,富喬永豐68購01,18360,1.02,1.02,1.02,1.02
709203,順達永豐64購01,209900,0.88,0.88,0.86,0.86
709204,順達永豐67購01,58600,0.98,0.98,0.96,0.96
709205,鈊象永豐63購01,128830,1.23,1.23,1.18,1.18
709206,新盛力永豐5C購02,168910,0.76,0.76,0.69,0.69
709207,擎亞永豐63購01,0,,,,
709208,沛亨凱基5B購03,57500,0.17,0.2,0.17,0.2
709209,佳邦凱基5B購01,0,,,,
709210,富喬凱基5B購02,0,,,,
709211,富喬凱基61購02,98400,0.99,1.05,0.99,1.05
709212,富喬凱基61購03,32500,0.8,0.85,0.8,0.85
709213,勤凱凱基5B購02,0,,,,
709214,勤凱凱基5B購03,0,,,,
709215,勤凱凱基5B購04,0,,,,
709216,群聯凱基61購04,0,,,,
709217,臺慶科凱基5B購03,0,,,,
709218,擎亞凱基61購01,5100,0.17,0.17,0.17,0.17
709219,中光電台新5B購02,0,,,,
709220,台星科台新5B購01,920,0.46,0.46,0.46,0.46
709221,台星科台新5B購02,0,,,,
709222,立碁台新62購01,15200,1.52,1.52,1.52,1.52
709223,沛亨台新5B購04,0,,,,
709224,佳邦台新5B購02,0,,,,
709225,佳邦台新5B購03,0,,,,
709226,順達台新5B購05,0,,,,
709227,勤凱台新5B購02,0,,,,
709228,勤凱台新5B購03,0,,,,
709229,擎亞台新5B購01,0,,,,
709230,擎亞台新5B購02,0,,,,
709231,雙鴻台新5B購01,0,,,,
709232,雙鴻台新5B購02,0,,,,
709233,雙鴻台新5B購03,0,,,,
709234,台半國泰5C購02,0,,,,
709235,良維國泰5C購02,0,,,,
709236,富喬國泰5C購01,0,,,,
709237,順達國泰5C購01,20850,0.68,0.73,0.68,0.72
709238,群聯國泰5C購01,7650,0.51,0.51,0.51,0.51
709239,群聯國泰5C購02,0,,,,
709240,威剛富邦5B購02,0,,,,
709241,富喬富邦5B購02,135200,0.45,0.47,0.44,0.47
709242,群聯富邦62購06,0,,,,
709243,均豪元大5B購04,0,,,,
709244,欣銓元大5B購03,23510,0.87,0.87,0.83,0.83
709245,威剛元大5B購15,0,,,,
709246,原相元大5B購03,17100,0.23,0.26,0.23,0.25
709248,富喬元大5B購03,225580,1.39,1.43,1.39,1.43
709249,富喬元大5B購04,102840,0.54,0.54,0.53,0.53
709250,富喬元大5B購05,99920,0.6,0.61,0.6,0.61
709251,勤凱元大5B購04,0,,,,
709252,新盛力元大5B購06,43890,1.33,1.33,1.33,1.33
709253,新盛力元大5B購07,43470,1.61,1.61,1.61,1.61
709254,群聯元大5B購17,55920,2.26,2.26,2.2,2.2
709255,群聯元大5B購18,0,,,,
709256,臺慶科元大5B購01,0,,,,
709257,擎亞元大5B購09,0,,,,
709258,中美晶群益5B購05,29500,5.9,5.9,5.9,5.9
709259,均豪群益5B購05,47900,0.47,0.56,0.47,0.56
709260,富喬群益5B購02,0,,,,
709261,勤凱群益5B購03,1400,0.07,0.07,0.07,0.07
709262,新盛力群益63購01,1387410,1.21,1.34,1.18,1.2
709263,萬泰科群益5C購01,0,,,,
709264,群聯群益5B購08,40170,1.03,1.03,1.03,1.03
709265,擎亞群益5B購03,0,,,,
709266,雙鴻群益5B購09,0,,,,
709267,方土昶永豐5C購01,0,,,,
709268,茂達永豐63購01,4790,0.43,0.44,0.43,0.44
709269,精確永豐5B購01,2000,0.2,0.2,0.2,0.2
709270,優群永豐5C購01,0,,,,
709271,中美晶凱基5B購05,143520,0.64,0.67,0.64,0.64
709272,台半凱基5B購02,0,,,,
709273,立碁凱基5B購02,77850,0.45,0.57,0.45,0.48
709274,均豪凱基5B購04,0,,,,
709275,沛亨凱基5C購01,760,0.38,0.38,0.38,0.38
709276,原相凱基5B購04,0,,,,
709277,華容凱基5B購01,0,,,,
709278,華容凱基5C購01,0,,,,
709279,萬泰科凱基5B購02,0,,,,
709280,精材凱基5B購09,22100,2.21,2.21,2.21,2.21
709281,大中台新5B購02,26040,0.62,0.62,0.62,0.62
709282,立碁台新5B購01,104490,1.29,1.29,1.29,1.29
709283,立碁台新5B購02,13200,1.2,1.2,1.2,1.2
709284,艾訊台新5B購03,93000,0.48,0.55,0.48,0.55
709285,艾訊台新5B購04,67080,0.43,0.43,0.43,0.43
709286,佳邦台新5B購04,0,,,,
709287,南俊台新5B購01,35050,0.22,0.22,0.19,0.2
709288,南俊台新5B購02,0,,,,
709289,順達台新5B購06,0,,,,
709290,勤凱台新5B購04,0,,,,
709291,臺慶科台新5B購06,580,0.29,0.29,0.29,0.29
709292,臺慶科台新5B購07,0,,,,
709293,群聯兆豐65購03,0,,,,
709294,中美晶元大5B購06,1690,0.52,0.65,0.52,0.65
709295,方土昶元大5B購01,0,,,,
709296,世界元大5B購04,64340,0.81,0.88,0.81,0.88
709297,台半元大5B購05,142740,0.78,0.78,0.78,0.78
709298,倚強元大5B購01,545660,1.99,2.32,1.91,2.24
709299,華容元大5B購01,15720,2.62,2.62,2.62,2.62
709300,群聯元大61購07,0,,,,
709301,聖暉*元大5B購05,0,,,,
709302,臺慶科元大5B購02,0,,,,
709303,優群元大5B購02,0,,,,
709305,鑫科元大5B購03,0,,,,
709306,久元群益65購01,0,,,,
709307,中美晶群益5B購06,1250760,1.37,1.55,1.37,1.47
709308,世界群益5C購02,225280,0.58,0.62,0.58,0.62
709309,南俊群益5B購01,0,,,,
709310,茂達群益5B購02,0,,,,
709311,富喬群益5B購03,29000,0.85,0.9,0.85,0.9
709312,群聯群益5B購09,0,,,,
709313,精材群益5B購09,0,,,,
709314,雙鴻群益5B購10,12650,2.53,2.53,2.53,2.53
709315,沛亨永豐65購01,0,,,,
709316,長科*永豐61購01,0,,,,
709317,順達永豐64購02,0,,,,
709318,群聯永豐5C購06,0,,,,
709319,群聯永豐5C購07,0,,,,
709320,群聯永豐65購05,25200,0.45,0.45,0.45,0.45
709321,沛亨元大5B購03,0,,,,
709322,沛亨元大5B購04,248000,0.5,0.5,0.5,0.5
709323,沛亨元大5B購05,187720,0.34,0.36,0.34,0.36
709324,良維元大5B購02,0,,,,
709325,佳邦元大5B購01,0,,,,
709326,朋程元大5B購01,0,,,,
709327,茂達元大5B購01,0,,,,
709328,富喬元大61購03,1034190,1.1,1.14,1.1,1.14
709329,群聯元大61購08,0,,,,
709330,良維富邦5C購02,0,,,,
709331,朋程富邦61購01,0,,,,
709332,順達富邦61購01,0,,,,
709333,大中群益5B購01,1190,1.19,1.19,1.19,1.19
709334,大中群益5B購02,0,,,,
709335,均豪群益5B購06,0,,,,
709336,宏捷科群益5B購02,0,,,,
709337,良維群益5B購04,0,,,,
709338,佳邦群益5B購02,0,,,,
709339,佳邦群益5B購03,0,,,,
709340,朋程群益5B購03,0,,,,
709341,長科*群益5B購01,19600,0.98,0.98,0.98,0.98
709342,順達群益5B購04,0,,,,
709343,群翊群益5B購02,0,,,,
709344,漢科群益5B購01,0,,,,
709345,精材群益5B購10,0,,,,
709346,台半凱基5B購03,15000,0.15,0.15,0.15,0.15
709347,沛亨凱基5B購04,0,,,,
709348,朋程凱基5B購03,0,,,,
709349,順達凱基5B購04,0,,,,
709350,群聯凱基5B購09,0,,,,
709351,聖暉*凱基5B購05,0,,,,
709352,優群凱基5B購02,0,,,,
709353,大中台新5B購03,0,,,,
709354,台半台新5B購04,36920,0.71,0.71,0.71,0.71
709355,台半台新5B購05,350,0.35,0.35,0.35,0.35
709356,金益鼎台新5B購01,0,,,,
709357,博盛台新5B購02,0,,,,
709358,順達台新5B購07,0,,,,
709359,勤凱台新5B購05,0,,,,
709360,群翊台新5B購01,0,,,,
709361,穩得台新5B購01,0,,,,
709362,台半凱基5B購04,600,0.3,0.3,0.3,0.3
709363,台特化凱基5B購03,0,,,,
709364,宏捷科凱基5B購02,0,,,,
709365,長科*凱基5B購01,0,,,,
709366,富喬凱基62購01,99500,0.8,0.85,0.8,0.85
709367,萊德光凱基5B購01,36800,0.16,0.16,0.16,0.16
709368,萊德光凱基5B購02,100340,0.32,0.34,0.32,0.33
709369,順達凱基5B購05,22000,0.09,0.09,0.08,0.08
709370,勤凱凱基5B購05,0,,,,
709371,群翊凱基62購01,0,,,,
709372,聖暉*凱基5B購06,0,,,,
709373,漢科凱基5B購01,0,,,,
709374,廣穎凱基5B購03,0,,,,
709375,雙鴻凱基5B購03,0,,,,
709376,系統電台新5B購01,0,,,,
709377,華容台新5B購01,2540,2.54,2.54,2.54,2.54
709378,鈺太台新5B購01,0,,,,
709379,鈺太台新5B購02,0,,,,
709380,鈺太台新5B購03,0,,,,
709381,精材台新5B購07,0,,,,
709382,廣穎台新5B購02,2300,0.46,0.46,0.46,0.46
709383,點序台新5B購01,0,,,,
709384,點序台新62購01,0,,,,
709385,佳邦元大5B購02,0,,,,
709386,長科*元大5B購01,0,,,,
709387,順達元大5B購08,0,,,,
709388,順達元大62購01,730,0.73,0.73,0.73,0.73
709389,群聯元大5B購19,44880,0.33,0.33,0.33,0.33
709390,群聯元大63購04,3900,0.39,0.39,0.39,0.39
709391,聖暉*元大5B購06,0,,,,
709392,佳邦富邦5B購01,0,,,,
709393,精材富邦5B購03,0,,,,
709394,台半群益62購01,0,,,,
709395,聖暉*群益5B購03,0,,,,
709396,優群群益62購01,0,,,,
709397,佳邦國泰5C購01,0,,,,
709398,威聯通國泰5C購01,24900,0.38,0.38,0.35,0.35
709399,勤凱國泰5C購02,0,,,,
709400,台半永豐63購02,29930,0.73,0.73,0.73,0.73
709401,台特化永豐63購01,0,,,,
709402,佳邦永豐5C購01,0,,,,
709403,萊德光永豐5C購01,6460,0.34,0.34,0.34,0.34
709404,勤凱永豐5C購04,0,,,,
709405,群聯永豐5B購01,11560,0.17,0.17,0.17,0.17
709406,鏵友益永豐5C購02,0,,,,
709407,久元元大5C購01,0,,,,
709408,中美晶元大5C購03,0,,,,
709409,世界元大5C購02,82070,1.37,1.42,1.34,1.42
709410,台半元大5C購02,0,,,,
709411,良維元大5C購02,0,,,,
709412,佳邦元大5C購02,0,,,,
709413,富喬元大5C購03,121030,0.76,0.79,0.76,0.79
709414,順達元大5C購02,0,,,,
709415,勤凱元大5C購01,0,,,,
709416,群聯元大5C購03,80360,1.43,1.44,1.43,1.44
709417,精材元大5C購01,0,,,,
709418,中美晶永豐64購01,31360,0.82,0.85,0.82,0.84
709419,長科*永豐61購02,8700,0.79,0.8,0.79,0.8
709420,晶焱永豐61購01,0,,,,
709421,華容永豐64購01,110170,2.87,2.87,2.82,2.83
709422,臺慶科永豐66購01,0,,,,
709423,廣穎永豐61購02,0,,,,
709424,台半凱基5C購02,100,0.1,0.1,0.1,0.1
709425,巨漢凱基5C購01,0,,,,
709426,良維凱基5C購03,0,,,,
709427,佳邦凱基5C購02,0,,,,
709428,佳邦凱基5C購03,0,,,,
709429,威剛凱基64購01,0,,,,
709430,順達凱基5C購02,0,,,,
709431,勤凱凱基5C購01,0,,,,
709432,勤凱凱基5C購02,0,,,,
709433,勤凱凱基62購01,0,,,,
709434,群聯凱基66購01,112000,0.4,0.4,0.4,0.4
709435,廣穎凱基5C購01,0,,,,
709436,巨漢台新5C購01,0,,,,
709437,巨漢台新5C購02,0,,,,
709438,湧德台新61購01,18880,0.59,0.59,0.59,0.59
709439,華容台新5C購01,54510,2.37,2.37,2.37,2.37
709440,華容台新5C購02,0,,,,
709441,鈊象台新5C購01,35200,0.88,0.88,0.88,0.88
709442,鑫聯台新5C購01,0,,,,
709443,台半群益5C購01,23230,0.2,0.21,0.2,0.21
709444,台特化群益5C購02,111010,0.77,0.81,0.71,0.81
709445,立敦群益5C購01,2000,0.04,0.04,0.04,0.04
709446,勤凱群益5C購01,0,,,,
709447,廣穎群益5C購01,0,,,,
709448,雙鴻群益5C購01,50000,5.0,5.0,5.0,5.0
709449,聖暉*國泰61購01,0,,,,
709450,雙鴻國泰61購02,0,,,,
709451,久元富邦66購01,0,,,,
709452,台半富邦64購01,191640,0.3,0.31,0.29,0.3
709453,台半富邦66購01,350,0.35,0.35,0.35,0.35
709454,宏捷科富邦66購01,0,,,,
709455,宏捷科富邦66購02,0,,,,
709456,長科*富邦63購01,8590,0.79,0.79,0.78,0.78
709457,威剛富邦62購01,0,,,,
709458,富喬富邦66購01,108150,0.84,0.84,0.83,0.83
709459,智通*富邦64購01,10260,1.14,1.14,1.14,1.14
709460,智通*富邦66購01,0,,,,
709461,閎康富邦66購01,0,,,,
709462,鈊象富邦66購01,182790,0.98,0.99,0.95,0.97
709463,群聯富邦64購01,0,,,,
709464,雙鴻富邦64購01,0,,,,
709465,台半國票61購02,0,,,,
709466,台半國票61購03,18000,0.18,0.18,0.18,0.18
709467,佳邦國票61購01,0,,,,
709468,佳邦國票61購02,0,,,,
709469,萊德光國票61購01,36890,0.27,0.29,0.27,0.28
709470,順達國票61購01,0,,,,
709471,中美晶群益62購02,406370,0.63,0.66,0.63,0.66
709472,台星科群益62購01,545640,0.36,0.37,0.36,0.36
709473,威剛群益62購01,0,,,,
709474,茂綸群益62購01,258080,1.38,1.43,1.34,1.34
709475,振曜群益5C購01,4290,0.08,0.09,0.08,0.09
709476,創惟群益5C購01,0,,,,
709477,群聯群益5C購02,0,,,,
709478,鈊象國泰61購01,76230,1.21,1.21,1.21,1.21
709479,臺慶科國泰61購01,0,,,,
709480,朋程永豐5C購02,0,,,,
709481,欣銓永豐64購01,14620,0.86,0.86,0.86,0.86
709482,達航永豐61購01,0,,,,
709483,達航永豐64購01,0,,,,
709484,立敦富邦66購01,0,,,,
709485,宏觀富邦66購01,0,,,,
709486,順達富邦61購02,0,,,,
709487,漢科富邦66購01,0,,,,
709488,廣明富邦66購01,0,,,,
709489,璟德富邦66購01,0,,,,
709490,久元凱基5C購02,0,,,,
709491,中美晶凱基5C購02,626040,0.31,0.37,0.31,0.34
709492,立敦凱基5C購01,0,,,,
709493,良維凱基64購01,0,,,,
709494,朋程凱基61購01,2520,0.09,0.09,0.09,0.09
709495,能率亞凱基5C購01,0,,,,
709496,富喬凱基5C購01,0,,,,
709497,華容凱基5C購02,1920,0.96,0.96,0.96,0.96
709498,群聯凱基5C購02,490,0.07,0.07,0.07,0.07
709499,廣穎凱基61購01,54180,0.44,0.44,0.13,0.13
709500,中美晶台新63購01,49230,1.13,1.17,1.13,1.17
709501,立敦台新5C購01,700,0.07,0.07,0.07,0.07
709502,宏觀台新5C購01,160,0.16,0.16,0.16,0.16
709503,南俊台新5C購01,0,,,,
709504,聖暉*台新5C購01,0,,,,
709505,精材台新5C購02,0,,,,
709506,精材台新5C購03,0,,,,
709507,璟德台新5C購01,0,,,,
709508,久元元大5C購02,0,,,,
709510,朋程元大5C購01,0,,,,
709511,長科*元大5C購01,0,,,,
709512,富喬元大61購04,129520,0.72,0.75,0.72,0.75
709513,晶焱元大5C購01,0,,,,
709514,順達元大5C購03,0,,,,
709515,順達元大64購05,0,,,,
709516,群聯元大61購09,0,,,,
709517,臺慶科元大5C購01,2800,0.04,0.04,0.04,0.04
709518,中美晶富邦62購01,418460,0.6,0.65,0.6,0.63
709519,世界凱基5C購04,24000,0.3,0.3,0.3,0.3
709520,世紀*凱基5C購01,0,,,,
709521,台半凱基61購02,0,,,,
709522,立端凱基61購01,0,,,,
709523,宏觀凱基61購03,0,,,,
709524,系統電凱基5C購02,0,,,,
709525,宜特凱基61購02,0,,,,
709526,長科*凱基5C購01,0,,,,
709527,宸曜凱基5C購01,13800,0.57,0.57,0.54,0.54
709528,順達凱基64購02,0,,,,
709529,群聯凱基5C購03,4000,0.08,0.08,0.08,0.08
709530,大綜台新5C購01,306100,1.43,1.5,1.36,1.5
709531,系統電台新5C購01,0,,,,
709532,萊德光台新5C購01,332000,0.4,0.4,0.37,0.38
709533,廣運台新5C購01,0,,,,
709534,台半永豐61購02,0,,,,
709535,安葆永豐63購01,55870,2.09,2.11,2.03,2.07
709536,良維永豐5C購03,0,,,,
709537,雙鴻永豐64購02,71570,1.77,1.77,1.72,1.72
709538,久元元大5C購03,0,,,,
709539,中美晶元大5C購04,414070,0.65,0.67,0.65,0.67
709540,世界元大5C購03,119470,0.88,0.89,0.88,0.89
709541,世界元大64購05,43860,0.74,0.77,0.73,0.77
709542,台半元大5C購03,580,0.58,0.58,0.58,0.58
709543,台半元大5C購04,0,,,,
709544,台半元大66購02,0,,,,
709545,良維元大5C購03,0,,,,
709546,欣銓元大5C購01,101000,0.48,0.5,0.48,0.5
709547,長科*元大5C購02,52500,0.7,0.7,0.7,0.7
709548,長科*元大5C購03,0,,,,
709549,長科*元大66購01,0,,,,
709550,富喬元大61購05,94240,0.62,0.62,0.62,0.62
709551,順達元大5C購04,0,,,,
709552,順達元大64購06,45000,1.0,1.0,1.0,1.0
709553,群聯元大61購10,0,,,,
709554,聖暉*元大5C購04,0,,,,
709555,方土昶群益5C購01,4500,0.15,0.15,0.15,0.15
709556,世界群益5C購03,537020,0.42,0.52,0.42,0.48
709557,台半群益5C購02,0,,,,
709558,台半群益61購01,0,,,,
709559,系微群益5C購01,50000,0.13,0.13,0.12,0.12
709560,長科*群益61購01,0,,,,
709561,南俊群益5C購01,37000,0.25,0.25,0.24,0.24
709562,富喬群益5C購02,348830,1.2,1.36,1.2,1.36
709563,群聯群益5C購03,0,,,,
709564,臺慶科群益5C購01,0,,,,
709565,廣運群益5C購01,0,,,,
709566,雙鴻群益5C購02,0,,,,
709567,方土昶凱基5C購02,0,,,,
709568,威剛凱基61購01,4200,0.14,0.14,0.14,0.14
709569,雅特力凱基5C購01,0,,,,
709570,聰泰凱基5C購01,0,,,,
709571,雙鴻凱基5C購07,24950,1.68,1.68,1.63,1.63
709572,雙鴻凱基5C購08,108400,1.6,1.6,1.51,1.51
709573,能率台新5C購01,0,,,,
709574,良維富邦61購02,0,,,,
709575,群聯富邦63購01,0,,,,
709576,雙鴻富邦62購01,0,,,,
709577,達航國票61購01,0,,,,
709579,中美晶元大5C購05,6880,1.72,1.72,1.72,1.72
709580,世界元大5C購04,5700,1.14,1.14,1.14,1.14
709581,世界元大64購06,790,0.79,0.79,0.79,0.79
709582,台半元大5C購05,0,,,,
709583,台半元大66購03,294400,1.3,1.3,1.29,1.29
709584,宏觀元大5C購03,0,,,,
709585,威剛元大5C購01,0,,,,
709586,富喬元大64購01,1221850,0.84,0.86,0.83,0.86
709587,順達元大5C購05,40400,1.01,1.01,1.01,1.01
709588,群聯元大61購11,0,,,,
709589,群聯元大64購04,10200,0.34,0.34,0.34,0.34
709591,威剛群益5C購03,0,,,,
709592,群聯群益5C購04,76230,0.77,0.77,0.77,0.77
709593,桓達永豐61購01,0,,,,
709594,宏觀國票61購01,0,,,,
709595,富喬國票5C購03,0,,,,
709596,群聯國票61購04,0,,,,
709597,精確國票61購01,35750,0.39,0.41,0.39,0.39
709598,磐亞國票61購01,0,,,,
709599,雙鴻國票61購01,24260,1.22,1.28,1.22,1.28
709600,中美晶元大5C購06,79980,1.29,1.29,1.29,1.29
709601,世界元大5C購05,47160,1.14,1.14,1.1,1.1
709602,世界元大64購07,371040,1.22,1.3,1.22,1.3
709603,世界元大66購02,3900,0.78,0.78,0.78,0.78
709604,系統電元大5C購03,0,,,,
709605,威剛元大5C購02,247600,0.75,0.76,0.75,0.76
709606,威剛元大61購02,0,,,,
709607,群聯元大5C購04,0,,,,
709608,群聯元大5C購05,9900,0.33,0.33,0.33,0.33
709609,群聯元大61購12,0,,,,
709610,群聯元大64購05,20500,0.41,0.41,0.41,0.41
709611,磐亞元大5C購01,269100,2.4,2.4,2.25,2.4
709612,系統電富邦61購02,0,,,,
709613,大綜永豐61購01,4810,0.79,0.83,0.79,0.83
709614,磐亞永豐61購01,599080,1.58,1.6,1.58,1.58
709615,方土昶凱基5C購03,32050,0.17,0.17,0.16,0.16
709616,華電網凱基5C購01,0,,,,
709617,磐亞凱基5C購01,138960,1.53,1.55,1.5,1.55
709618,雙鴻凱基61購04,784810,1.43,1.47,1.33,1.41
709619,大綜台新5C購02,64780,0.82,0.82,0.82,0.82
709620,系統電台新61購01,0,,,,
709621,良維台新5C購01,0,,,,
709622,順達台新5C購02,228060,0.4,0.4,0.38,0.38
709623,精材台新62購01,0,,,,
709624,雙鴻台新5C購01,1145820,2.12,2.12,1.61,1.72
709625,力致群益5C購01,0,,,,
709626,威剛群益5C購04,0,,,,
709627,群聯群益5C購05,0,,,,
709628,雙鴻群益62購01,2010830,1.08,1.1,1.01,1.04
709629,方土昶永豐63購01,2600,0.26,0.26,0.26,0.26
709630,系微永豐61購01,610400,0.26,0.28,0.26,0.28
709631,宜特永豐5C購03,6800,0.34,0.34,0.34,0.34
709632,家登永豐5C購01,0,,,,
709633,鈊象永豐64購01,0,,,,
709634,群聯永豐5C購08,0,,,,
709635,雙鴻群益5C購03,130800,4.36,4.36,4.36,4.36
709636,大綜國票5C購01,19900,0.34,0.34,0.33,0.33
709637,台特化國票61購01,0,,,,
709638,光聚晶國票61購01,49940,0.22,0.22,0.22,0.22
709639,系統電國票61購01,1250,0.25,0.25,0.25,0.25
709640,家登國票5C購01,23400,0.57,0.6,0.57,0.6
709641,海韻電國票61購01,0,,,,
709642,鈊象國票61購01,12550,0.51,0.51,0.47,0.47
709643,聖暉*國票61購01,0,,,,
709644,大綜凱基5C購01,7400,0.15,0.15,0.14,0.15
709645,伍豐凱基5C購01,0,,,,
709646,系統電凱基5C購03,0,,,,
709647,朋億*凱基5C購01,0,,,,
709648,威剛凱基5C購03,60000,0.2,0.2,0.2,0.2
709649,茂訊凱基5C購01,0,,,,
709650,富喬凱基5C購02,0,,,,
709651,晶焱凱基5C購01,0,,,,
709652,雅特力凱基5C購02,103500,0.45,0.45,0.45,0.45
709653,群聯凱基5C購04,0,,,,
709654,精確凱基5C購01,47750,0.36,0.36,0.34,0.34
709655,大綜台新5C購03,0,,,,
709656,大綜台新5C購04,0,,,,
709657,方土昶台新5C購01,0,,,,
709658,富喬台新5C購01,27120,1.13,1.13,1.13,1.13
709659,富喬台新5C購02,62440,1.4,1.48,1.4,1.48
709660,晶焱台新5C購01,0,,,,
709661,晶焱台新5C購02,0,,,,
709662,晶焱台新5C購03,0,,,,
709663,群聯台新5C購01,0,,,,
709664,大綜元大5C購01,3900,0.19,0.2,0.19,0.2
709665,中美晶元大5C購07,231150,1.53,1.59,1.53,1.59
709666,台半元大5C購06,0,,,,
709668,威剛元大61購03,0,,,,
709669,家登元大5C購04,198400,0.4,0.4,0.4,0.4
709670,群聯元大5C購06,0,,,,
709671,群聯元大5C購07,0,,,,
709672,群聯元大5C購08,0,,,,
709673,群聯元大66購05,0,,,,
709674,聖暉*元大5C購05,0,,,,
709675,聖暉*元大5C購06,2100,0.14,0.14,0.14,0.14
709676,家登富邦63購01,0,,,,
709677,正德群益5C購01,0,,,,
709678,威剛群益5C購05,0,,,,
709679,家登群益5C購01,0,,,,
709680,富喬群益5C購03,351260,1.42,1.47,1.37,1.47
709681,華容群益5C購01,39760,1.37,1.4,1.37,1.4
709682,群聯群益5C購06,47970,1.17,1.17,1.17,1.17
709683,聖暉*群益5C購02,0,,,,
709684,立端永豐64購01,0,,,,
709685,威剛永豐6C購01,0,,,,
709686,建榮永豐61購01,0,,,,
709687,茂訊永豐5C購01,0,,,,
709688,雅特力永豐61購01,15470,0.91,0.91,0.91,0.91
709689,群聯永豐5C購09,0,,,,
709690,綠界*永豐61購01,0,,,,
709691,聰泰永豐61購01,62500,0.49,0.49,0.45,0.45
709692,立敦國票5C購01,0,,,,
709693,立敦國票5C購02,0,,,,
709694,伍豐國票61購01,0,,,,
709695,光焱國票61購01,12600,0.21,0.21,0.21,0.21
709696,安勤國票61購01,25590,0.52,0.56,0.52,0.55
709697,系統電國票61購02,0,,,,
709698,邑昇國票61購01,0,,,,
709699,信音國票5C購01,14500,0.15,0.15,0.14,0.14
709700,建榮國票5C購01,2200,0.11,0.11,0.11,0.11
709701,博士旺國票5C購01,0,,,,
709702,博智國票5C購01,0,,,,
709703,博智國票5C購02,0,,,,
709704,晶焱國票5C購01,0,,,,
709705,雅特力國票61購01,0,,,,
709706,雅特力國票61購02,5600,0.56,0.56,0.56,0.56
709707,意德士國票61購01,0,,,,
709708,聚和國票61購01,0,,,,
709709,臺慶科國票61購02,300,0.3,0.3,0.3,0.3
709710,廣閎科國票61購01,923290,1.08,1.34,1.08,1.26
709711,騰雲國票61購01,9500,0.95,0.95,0.95,0.95
709712,威剛國泰61購01,41600,0.52,0.52,0.52,0.52
709713,湧德國泰61購01,0,,,,
709714,光焱台新5C購01,0,,,,
709715,兆利台新5C購01,0,,,,
709716,兆利台新5C購02,0,,,,
709717,雅特力台新5C購01,57060,0.79,0.79,0.77,0.77
709718,雅特力台新5C購02,48000,0.54,0.54,0.53,0.53
709719,鈊象台新5C購02,40120,0.68,0.68,0.68,0.68
709720,雙鴻台新5C購02,0,,,,
709721,雙鴻台新5C購03,0,,,,
709722,穩得台新5C購01,0,,,,
709723,中美晶元大5C購08,138260,1.74,1.81,1.74,1.81
709724,中美晶元大5C購09,121520,1.12,1.19,1.12,1.19
709725,方土昶元大5C購01,0,,,,
709728,信音元大5C購01,0,,,,
709729,威剛元大61購04,0,,,,
709730,富喬元大64購02,1230450,1.34,1.34,1.33,1.34
709731,順達元大5C購06,148430,1.16,1.23,1.16,1.18
709732,鈊象元大5C購05,60960,1.47,1.47,1.37,1.37
709733,群聯元大5C購09,0,,,,
709734,群聯元大5C購10,0,,,,
709735,群聯元大5C購11,0,,,,
709736,群聯元大66購06,26030,0.63,0.64,0.63,0.64
709737,精材元大5C購03,0,,,,
709738,精材元大64購01,0,,,,
709739,精材元大66購04,0,,,,
709740,順達凱基5C購03,54240,0.16,0.16,0.16,0.16
709741,群聯凱基5C購05,0,,,,
709742,聖暉*凱基5C購02,0,,,,
709743,精材凱基61購05,0,,,,
709744,臺慶科凱基5C購02,0,,,,
709745,宜鼎元大5C購05,0,,,,
709746,宜鼎元大61購04,215250,0.25,0.25,0.25,0.25
709747,廣閎科元大5C購01,113790,1.02,1.25,1.02,1.25
709748,宜鼎群益5C購01,60000,0.16,0.16,0.14,0.14
709749,宜鼎群益5C購02,110,0.11,0.11,0.11,0.11
709750,宜鼎群益5C購03,0,,,,
709751,方土昶國票61購01,470,0.47,0.47,0.47,0.47
709752,加高國票61購01,0,,,,
709753,宜鼎國票61購01,4200,0.28,0.28,0.28,0.28
709754,威聯通國票61購01,12500,0.25,0.25,0.25,0.25
709755,凱崴國票61購01,0,,,,
709756,港建*國票61購01,0,,,,
709757,華容國票61購01,0,,,,
709758,萊德光國票61購02,7800,0.65,0.65,0.65,0.65
709759,萊德光國票61購03,15970,0.54,0.54,0.52,0.54
709760,宜特國泰61購01,0,,,,
709761,宜鼎國泰61購02,2260,0.38,0.74,0.38,0.4
709762,宜鼎國泰61購03,5550,0.37,0.37,0.37,0.37
709763,宜鼎國泰61購04,0,,,,
709764,台半富邦62購03,0,,,,
709765,台半富邦63購01,0,,,,
709766,宜特富邦62購01,0,,,,
709767,宜鼎富邦5C購04,0,,,,
709768,朋程富邦62購01,0,,,,
709769,朋程富邦63購01,31000,0.31,0.31,0.31,0.31
709770,家登富邦62購02,9920,0.62,0.62,0.62,0.62
709771,家登富邦62購03,108650,0.58,0.61,0.58,0.61
709772,鈊象富邦62購01,22780,0.64,0.64,0.59,0.59
709773,鈊象富邦63購01,0,,,,
709774,雙鴻富邦63購01,0,,,,
709775,系統電凱基5C購04,0,,,,
709776,威剛凱基5C購04,0,,,,
709777,家登凱基5C購03,842550,0.62,0.63,0.61,0.62
709778,博智凱基5C購03,0,,,,
709779,富喬凱基5C購03,11400,1.14,1.14,1.14,1.14
709780,勤凱凱基5C購03,0,,,,
709781,群聯凱基61購05,63720,0.36,0.36,0.36,0.36
709782,廣閎科凱基61購01,449530,0.77,0.88,0.71,0.88
709783,宜鼎台新5C購01,38240,0.27,0.27,0.26,0.26
709784,宜鼎台新5C購02,27000,0.27,0.27,0.27,0.27
709785,宜鼎台新5C購03,0,,,,
709786,宜鼎中信5C購02,0,,,,
709787,宜鼎永豐64購01,0,,,,
709788,宜鼎永豐65購01,72900,0.3,0.3,0.28,0.28
709789,宇峻國泰61購01,2000,1.0,1.0,1.0,1.0
709790,華景電國泰61購01,18980,0.26,0.26,0.26,0.26
709791,群聯國泰61購02,39560,0.92,0.92,0.92,0.92
709792,漢達國泰61購01,6800,6.8,6.8,6.8,6.8
709793,世界凱基5C購05,6180,0.56,0.58,0.56,0.58
709794,宜鼎凱基5C購03,55180,0.07,0.07,0.06,0.06
709795,宜鼎凱基5C購04,0,,,,
709796,宜鼎凱基5C購05,8800,0.11,0.11,0.11,0.11
709797,威聯通凱基61購01,0,,,,
709798,凱崴凱基61購01,0,,,,
709799,華景電凱基5C購02,0,,,,
709800,順達凱基61購01,0,,,,
709801,璟德凱基5C購01,17500,0.07,0.07,0.07,0.07
709802,立敦台新5C購02,1000,0.1,0.1,0.1,0.1
709803,宏捷科台新5C購01,0,,,,
709804,宜鼎台新5C購04,52000,0.26,0.26,0.26,0.26
709805,宜鼎台新61購01,0,,,,
709806,東浦台新5C購01,21500,0.43,0.43,0.43,0.43
709807,家登台新5C購01,1080,1.08,1.08,1.08,1.08
709808,順達台新61購02,0,,,,
709809,新漢台新5C購01,112140,0.63,0.63,0.63,0.63
709810,廣閎科台新5C購01,23940,2.14,2.18,2.14,2.18
709811,富喬中信5C購03,78420,0.88,0.89,0.88,0.88
709812,創惟永豐5C購01,0,,,,
709813,華容永豐61購01,0,,,,
709814,群聯永豐64購04,0,,,,
709815,群聯永豐64購05,0,,,,
709816,宜鼎元大5C購06,0,,,,
709817,宜鼎元大5C購07,0,,,,
709818,宜鼎元大5C購08,17000,0.2,0.2,0.2,0.2
709819,威剛元大5C購03,0,,,,
709820,群聯元大5C購12,0,,,,
709821,群聯元大5C購13,6700,0.67,0.67,0.67,0.67
709822,群聯元大5C購14,14400,0.72,0.72,0.72,0.72
709823,群聯元大61購13,0,,,,
709824,廣閎科元大5C購02,354880,1.77,2.17,1.77,2.17
709825,雙鴻元大61購15,1205650,1.49,1.52,1.41,1.47
709826,力領國票61購01,0,,,,
709827,加高國票61購02,0,,,,
709828,立端國票61購01,55990,0.51,0.53,0.5,0.53
709829,邑錡國票5C購01,20000,0.4,0.4,0.4,0.4
709830,佳邦國票61購03,0,,,,
709831,宜鼎國票61購02,0,,,,
709832,東浦國票61購01,0,,,,
709833,杰力國票61購01,149400,0.45,0.45,0.45,0.45
709834,金益鼎國票61購02,0,,,,
709835,長聖國票61購01,1800,0.6,0.6,0.6,0.6
709836,胡連國票61購01,0,,,,
709837,韋僑國票61購01,0,,,,
709838,宸曜國票5C購01,1300,0.65,0.65,0.65,0.65
709839,能率亞國票61購01,0,,,,
709840,凱崴國票61購02,0,,,,
709841,湧德國票5C購01,0,,,,
709842,湧德國票5C購02,0,,,,
709843,華容國票61購02,0,,,,
709844,華景電國票61購01,0,,,,
709845,華電網國票5C購02,0,,,,
709846,華電網國票5C購03,0,,,,
709847,廣閎科國票61購02,101080,0.8,1.0,0.8,0.99
709848,騰雲國票61購02,0,,,,
709849,系統電群益5C購01,0,,,,
709850,宜鼎群益5C購04,0,,,,
709851,威剛群益5C購06,0,,,,
709852,群聯群益5C購07,26740,2.21,2.23,2.21,2.23
709853,兆利富邦62購01,300,0.15,0.15,0.15,0.15
709854,智通*富邦62購01,0,,,,
709855,湧德富邦62購01,126850,0.33,0.34,0.33,0.33
709856,閎康富邦62購02,0,,,,
709857,聖暉*富邦5C購02,0,,,,
709858,廣閎科富邦5C購01,137420,0.61,0.71,0.61,0.7
709859,方土昶國票61購02,0,,,,
709860,台嘉碩國票5C購01,0,,,,
709861,台嘉碩國票5C購02,26330,0.29,0.34,0.29,0.34
709862,永信建國票61購01,0,,,,
709863,兆利國票61購01,0,,,,
709864,系統電國票61購03,0,,,,
709865,朋程國票5C購01,0,,,,
709866,東浦國票61購02,0,,,,
709867,順達國票61購02,0,,,,
709868,緯軟國票61購01,13600,0.34,0.34,0.34,0.34
709869,華容群益5C購02,0,,,,
709870,廣閎科群益5C購01,2097760,1.19,1.56,1.19,1.55
709871,順達中信5C購01,1100,0.22,0.22,0.22,0.22
709872,聖暉*中信5C購01,5000,0.1,0.1,0.1,0.1
709873,世紀*永豐5C購01,32600,5.0,5.0,4.52,4.52
709874,博智永豐5C購03,0,,,,
709875,中美晶元大5C購10,120270,1.15,1.2,1.15,1.2
709876,宏觀元大5C購04,0,,,,
709877,良維元大5C購04,0,,,,
709878,博智元大5C購03,0,,,,
709879,華容元大5C購01,28890,1.54,1.67,1.54,1.67
709880,順達元大5C購07,0,,,,
709881,精材元大5C購04,0,,,,
709882,臺慶科元大5C購02,0,,,,
709883,系統電凱基5C購05,0,,,,
709884,佳邦凱基5C購04,0,,,,
709885,泓格凱基5C購01,221620,0.32,0.34,0.32,0.33
709886,金益鼎凱基5C購01,0,,,,
709887,茂迪凱基61購01,0,,,,
709888,創惟凱基61購01,0,,,,
709889,湧德凱基61購01,0,,,,
709890,華容凱基61購01,131500,0.53,0.55,0.53,0.54
709891,群聯凱基5C購06,0,,,,
709892,臺慶科凱基61購01,0,,,,
709893,廣閎科凱基5C購01,303200,0.76,0.99,0.76,0.93
709894,雙鴻凱基5C購09,0,,,,
709895,騰雲凱基61購01,2320,0.58,0.58,0.58,0.58
709896,中美晶統一66購02,659150,0.89,0.9,0.85,0.9
709897,立敦統一63購02,0,,,,
709898,立敦統一64購02,0,,,,
709899,立敦統一64購03,0,,,,
709900,佳邦統一64購01,0,,,,
709901,佳邦統一66購01,0,,,,
709902,宜鼎統一64購01,0,,,,
709903,宜鼎統一64購02,0,,,,
709904,宜鼎統一64購03,0,,,,
709905,宜鼎統一64購04,67510,0.16,0.16,0.15,0.16
709906,宜鼎統一66購03,50780,0.26,0.26,0.25,0.25
709907,宜鼎統一66購04,0,,,,
709908,威剛統一6A購01,0,,,,
709909,建榮統一66購01,6600,0.33,0.33,0.33,0.33
709910,建榮統一6A購03,1680,0.42,0.42,0.42,0.42
709911,家登統一66購01,90270,0.59,0.59,0.59,0.59
709912,凱崴統一66購01,3400,0.34,0.34,0.34,0.34
709913,博智統一6C購01,0,,,,
709914,富喬統一64購02,0,,,,
709915,富喬統一64購03,187380,0.75,0.77,0.75,0.77
709916,富喬統一66購01,71950,1.04,1.11,1.04,1.11
709917,群聯統一64購02,0,,,,
709918,精材統一66購01,0,,,,
709919,精材統一6C購01,2900,1.45,1.45,1.45,1.45
709920,臺慶科統一64購02,0,,,,
709921,臺慶科統一66購02,0,,,,
709922,臺慶科統一66購03,45000,0.18,0.18,0.18,0.18
709923,臺慶科統一6A購02,0,,,,
709924,廣閎科統一66購01,0,,,,
709925,廣運統一66購01,0,,,,
709926,廣運統一6C購01,0,,,,
709927,優群統一66購02,0,,,,
709928,雙鴻統一64購01,209980,1.06,1.07,1.04,1.04
709929,雙鴻統一65購02,756750,1.71,1.71,1.63,1.66
709930,宏觀國泰61購01,0,,,,
709931,金益鼎國泰61購01,53760,0.42,0.42,0.42,0.42
709932,立敦台新5C購03,0,,,,
709933,威剛台新5C購01,0,,,,
709934,威剛台新5C購02,13700,1.37,1.37,1.37,1.37
709935,威剛台新5C購03,11750,2.35,2.35,2.35,2.35
709936,威剛台新61購01,0,,,,
709937,威剛台新62購01,761580,1.77,1.78,1.74,1.75
709938,威剛台新63購01,0,,,,
709939,威剛台新66購01,0,,,,
709940,茂迪台新5C購01,0,,,,
709941,凱崴台新5C購01,15000,0.15,0.15,0.15,0.15
709942,華容台新5C購03,0,,,,
709943,威剛富邦5C購01,0,,,,
709944,宜鼎永豐61購01,0,,,,
709945,胡連永豐61購01,0,,,,
709946,艾訊國票61購01,0,,,,
709947,良維國票61購01,0,,,,
709948,朋億*國票61購01,0,,,,
709949,東浦國票61購03,0,,,,
709950,茂迪國票61購01,0,,,,
709951,凱崴國票61購03,0,,,,
709952,寶雅國票61購01,0,,,,
709953,台半群益62購02,0,,,,
709954,中美晶凱基5C購03,0,,,,
709955,宏觀凱基5C購01,0,,,,
709956,良維凱基5C購04,0,,,,
709957,朋程凱基5C購01,0,,,,
709958,博智凱基5C購04,26200,0.3,0.3,0.29,0.29
709959,群ESG凱基61購01,0,,,,
709961,緯軟凱基5C購01,0,,,,
709962,世界統一6A購01,225540,0.54,0.57,0.54,0.57
709963,正基統一66購01,0,,,,
709964,立敦統一68購01,0,,,,
709965,宏觀統一6A購01,0,,,,
709966,家登統一6A購01,0,,,,
709967,富喬統一66購02,595670,0.95,0.98,0.95,0.98
709968,晶焱統一6A購01,0,,,,
709969,順達統一6A購01,0,,,,
709970,群聯統一63購03,0,,,,
709971,群聯國泰61購03,0,,,,
709972,富喬台新5C購04,113520,3.44,3.44,3.44,3.44
709973,世界富邦61購02,33720,0.52,0.59,0.52,0.56
709974,立碁富邦5C購01,85080,1.43,1.57,1.43,1.5
709975,良維富邦61購03,0,,,,
709976,世界元大5C購06,16000,1.05,1.1,1.05,1.1
709977,宜鼎元大5C購09,165760,0.37,0.37,0.37,0.37
709978,順達元大5C購08,75940,0.75,0.79,0.75,0.79
709980,雙鴻元大5C購06,206800,1.81,1.81,1.69,1.69
709981,家登永豐5C購02,0,,,,
709982,漢達永豐61購01,0,,,,
709983,宜鼎元大5C購10,0,,,,
709984,千附國票61購01,0,,,,
709985,世禾國票61購01,9800,0.49,0.49,0.49,0.49
709986,台特化國票61購02,0,,,,
709987,伯特光國票61購01,0,,,,
709988,岱稜國票61購01,0,,,,
709989,昇佳電國票61購01,4100,0.41,0.41,0.41,0.41
709990,朋億*國票61購02,0,,,,
709991,欣銓國票61購02,0,,,,
709992,信音國票61購01,3200,0.32,0.32,0.32,0.32
709993,茂綸國票61購01,5040,0.84,0.84,0.84,0.84
709994,新普國票61購01,0,,,,
709995,聖暉*國票61購02,7560,0.21,0.21,0.21,0.21
709996,精材國票61購01,0,,,,
709997,綠界*國票61購01,7000,0.28,0.28,0.28,0.28
709998,中美晶群益5C購03,610290,0.81,0.88,0.81,0.88
709999,順達群益5C購02,0,,,,
710000,精材群益5C購02,6950,6.95,6.95,6.95,6.95
710001,加高國泰61購01,0,,,,
710002,宜鼎國泰61購05,0,,,,
710003,宜鼎國泰61購06,0,,,,
710004,信音國泰61購01,0,,,,
710005,臺慶科國泰61購02,0,,,,
710006,中美晶凱基5C購04,55210,0.71,0.72,0.7,0.71
710007,台半凱基61購03,0,,,,
710008,宜鼎凱基5C購06,0,,,,
710009,順達凱基5C購04,0,,,,
710010,群聯凱基5C購07,0,,,,
710011,臺慶科凱基5C購04,0,,,,
710012,雙鴻凱基5C購10,0,,,,
710013,大中統一6A購01,0,,,,
710014,中美晶統一64購02,581300,0.85,0.89,0.83,0.89
710015,朋億*統一63購01,0,,,,
710016,朋億*統一68購01,0,,,,
710017,宣德統一66購01,0,,,,
710018,建榮統一63購01,43710,0.31,0.31,0.31,0.31
710019,凱崴統一63購01,5280,0.16,0.16,0.16,0.16
710020,凱崴統一65購01,0,,,,
710021,博智統一62購03,0,,,,
710022,富喬統一63購01,0,,,,
710023,富喬統一65購03,560450,0.99,1.03,0.99,1.03
710024,富喬統一6C購02,2622250,0.79,0.8,0.79,0.8
710025,聖暉*統一6A購03,76590,0.37,0.37,0.37,0.37
710026,精材統一63購01,0,,,,
710027,雙鴻統一63購02,0,,,,
710028,穩得統一68購01,0,,,,
710029,佳邦富邦5C購01,0,,,,
710030,宜鼎富邦63購02,12500,0.25,0.25,0.25,0.25
710031,富喬富邦63購01,59250,0.79,0.79,0.79,0.79
710032,群聯富邦62購07,0,,,,
710033,群聯富邦62購08,0,,,,
710034,中美晶台新5C購01,80880,1.45,1.58,1.44,1.58
710035,台半台新5C購01,0,,,,
710036,台半台新5C購02,0,,,,
710037,廣閎科台新5C購02,204020,1.87,2.23,1.83,2.23
710038,良維永豐5C購04,38220,0.54,0.54,0.5,0.5
710039,朋億*永豐61購01,0,,,,
710040,華景電永豐63購01,0,,,,
710041,群聯永豐5C購10,0,,,,
710042,群聯永豐5C購11,6720,0.56,0.56,0.56,0.56
710043,群聯永豐5C購12,0,,,,
710044,臺慶科永豐5C購02,0,,,,
710045,力致國票61購01,0,,,,
710046,千附國票61購02,0,,,,
710047,中美晶國票61購02,38110,0.87,0.93,0.87,0.93
710048,加高國票61購03,0,,,,
710049,宏碁資國票61購01,0,,,,
710050,朋億*國票61購03,0,,,,
710051,美琪瑪國票61購01,0,,,,
710052,高鋒國票61購01,0,,,,
710053,博士旺國票5C購02,0,,,,
710054,閎康國票61購02,0,,,,
710055,聖暉*國票61購03,0,,,,
710056,臺慶科國票61購03,0,,,,
710057,廣閎科國票61購03,137800,0.64,0.74,0.64,0.74
710058,廣運國票61購01,0,,,,
710059,營邦國票5C購01,0,,,,
710060,營邦國票5C購02,1900,1.9,1.9,1.9,1.9
710061,鴻呈國票61購01,0,,,,
710062,中美晶凱基61購04,0,,,,
710063,威剛凱基5C購06,0,,,,
710064,宣德凱基5C購01,0,,,,
710065,精材凱基5C購04,0,,,,
710066,臺慶科凱基5C購05,0,,,,
710067,廣閎科凱基5C購02,1303490,0.53,0.55,0.52,0.55
710068,營邦凱基5C購01,50200,1.26,1.26,1.25,1.26
710069,營邦凱基5C購02,182070,1.19,1.19,1.19,1.19
710070,營邦凱基5C購03,473990,1.16,1.16,1.0,1.0
710071,中美晶群益5C購04,301820,0.7,0.73,0.7,0.73
710072,兆利群益5C購01,0,,,,
710073,營邦群益5C購01,1930,1.93,1.93,1.93,1.93
710074,營邦群益5C購02,125500,1.95,1.95,1.71,1.71
710075,世界元大5C購07,67300,1.03,1.06,1.03,1.06
710076,世界元大63購04,101520,0.78,0.8,0.78,0.78
710077,宜鼎元大5C購11,0,,,,
710078,威剛元大61購05,0,,,,
710079,廣閎科元大5C購03,40710,0.59,0.68,0.57,0.68
710080,營邦元大5C購01,419860,2.2,2.24,2.01,2.01
710081,凱崴國泰61購01,3840,0.32,0.32,0.32,0.32
710082,廣閎科國泰61購01,0,,,,
710083,營邦國泰61購01,238100,3.23,3.23,2.9,2.92
710084,營邦富邦62購01,0,,,,
710085,營邦富邦63購01,46380,0.75,0.76,0.7,0.7
710086,中美晶統一66購03,752850,0.56,0.59,0.56,0.59
710087,台特化統一6C購02,0,,,,
710088,朋程統一65購02,31960,0.34,0.34,0.34,0.34
710089,朋億*統一66購01,0,,,,
710090,威剛統一63購01,0,,,,
710091,威剛統一65購05,0,,,,
710092,美琪瑪統一6A購01,0,,,,
710093,華景電統一64購03,0,,,,
710094,群聯統一66購01,0,,,,
710095,聖暉*統一66購01,0,,,,
710096,博智國泰61購01,0,,,,
710097,營邦統一66購01,24500,1.2,1.2,1.1,1.1
710098,營邦統一66購02,449310,1.15,1.15,1.09,1.09
710099,營邦統一66購03,0,,,,
710100,營邦統一6C購01,265010,0.9,0.9,0.89,0.89
710101,中美晶台新5C購02,0,,,,
710102,中美晶台新5C購03,40560,3.38,3.38,3.38,3.38
710103,東浦台新5C購02,0,,,,
710104,東浦台新5C購03,0,,,,
710105,勤凱台新5C購01,0,,,,
710106,聖暉*台新5C購02,0,,,,
710107,聖暉*台新5C購03,0,,,,
710108,聖暉*台新5C購04,0,,,,
710109,廣閎科台新5C購03,606160,1.16,1.54,1.16,1.53
710110,銳澤台新5C購01,0,,,,
710111,騰雲台新5C購01,74700,2.26,2.26,2.14,2.19
710112,中美晶凱基61購05,0,,,,
710113,世界凱基5C購06,0,,,,
710114,宜鼎凱基5C購07,0,,,,
710115,朋億*凱基61購01,0,,,,
710116,威剛凱基5C購07,0,,,,
710117,威剛凱基5C購08,0,,,,
710118,宜鼎元大5C購12,0,,,,
710119,朋億*元大5C購01,1620,0.27,0.27,0.27,0.27
710120,東浦元大5C購01,2100,0.07,0.07,0.07,0.07
710121,威剛元大5C購04,0,,,,
710122,安碁台新5C購01,0,,,,
710123,臺慶科台新5C購01,0,,,,
710124,中美晶國票61購03,6320,0.79,0.79,0.79,0.79
710125,宏捷科國票61購01,0,,,,
710126,朋億*國票61購04,0,,,,
710127,東浦國票61購04,46150,0.19,0.21,0.19,0.21
710128,宣德國票61購01,0,,,,
710129,能率亞國票61購02,0,,,,
710130,宏捷科中信5C購01,0,,,,
710131,博智中信5C購01,0,,,,
710132,中美晶永豐5C購02,32400,1.08,1.08,1.08,1.08
710133,中美晶永豐5C購03,250140,0.87,0.9,0.87,0.9
710134,世界永豐66購01,0,,,,
710135,亞通永豐64購01,238690,1.58,1.72,1.58,1.66
710136,宣德永豐61購01,17000,0.1,0.1,0.1,0.1
710137,博智永豐61購01,7250,0.25,0.25,0.25,0.25
710138,中美晶富邦5C購01,84120,0.62,0.66,0.62,0.65
710139,順達富邦62購02,1800,0.36,0.36,0.36,0.36
710140,聖暉*富邦5C購03,0,,,,
710141,中美晶中信5C購01,53780,0.32,0.34,0.32,0.34
710142,宏捷科凱基5C購02,0,,,,
710143,富喬凱基5C購05,18500,0.86,0.93,0.86,0.93
710144,群聯凱基5C購08,0,,,,
710145,廣閎科凱基5C購03,338590,0.39,0.48,0.39,0.46
710146,中美晶台新5C購04,24000,0.6,0.6,0.6,0.6
710147,台半台新5C購03,0,,,,
710148,均豪台新5C購01,16360,1.17,1.17,1.16,1.17
710149,均豪台新5C購02,114840,0.87,0.87,0.87,0.87
710150,均豪台新5C購03,8700,0.58,0.58,0.58,0.58
710151,宜鼎台新5C購06,0,,,,
710152,凱崴台新5C購02,0,,,,
710153,廣閎科台新5C購04,132230,0.99,1.28,0.99,1.28
710154,台半元大5C購07,0,,,,
710155,宜鼎元大5C購13,0,,,,
710156,威剛元大5C購05,169600,1.06,1.06,1.06,1.06
710158,台半國泰61購01,248610,0.73,0.74,0.73,0.74
710159,博智國泰61購02,0,,,,
710160,順達國泰61購01,50540,0.77,0.8,0.77,0.8
710161,台半富邦62購04,18000,0.4,0.41,0.4,0.41
710162,台半富邦63購02,10800,0.36,0.36,0.36,0.36
710163,朋程富邦62購02,0,,,,
710164,朋程富邦63購02,0,,,,
710165,鈊象富邦62購02,139060,0.76,0.76,0.73,0.73
710166,營邦富邦62購02,0,,,,
710167,兆利永豐64購01,0,,,,
710168,宜鼎永豐63購01,78000,0.39,0.39,0.39,0.39
710169,精確永豐61購01,132200,0.48,0.49,0.48,0.48
710170,雙鴻永豐66購01,0,,,,
710171,廣閎科國票61購04,0,,,,
710172,台半群益5C購04,0,,,,
710173,宏捷科群益5C購02,0,,,,
710174,臺慶科群益5C購02,0,,,,
710175,台半凱基5C購04,0,,,,
710176,尼克森凱基5C購01,0,,,,
710177,宏捷科凱基5C購03,0,,,,
710178,朋程凱基5C購02,0,,,,
710179,茂達凱基5C購01,0,,,,
710180,臺慶科凱基5C購06,0,,,,
710181,廣閎科凱基5C購04,7340,0.34,0.36,0.34,0.35
710182,大中台新5C購01,0,,,,
710183,台半台新5C購04,750,0.15,0.15,0.15,0.15
710184,宜鼎台新61購02,0,,,,
710185,晶焱台新5C購04,0,,,,
710186,晶焱台新5C購05,0,,,,
710187,廣閎科台新61購01,72530,0.77,1.01,0.77,0.94
710188,中美晶元大5C購11,223540,0.63,0.66,0.63,0.66
710189,台半元大5C購08,0,,,,
710190,宜鼎元大5C購14,0,,,,
710191,威剛元大5C購06,0,,,,
710192,群聯中信64購01,233650,0.25,0.25,0.23,0.24
710193,雙鴻中信66購01,0,,,,
710194,雙鴻中信66購02,794080,1.25,1.26,1.19,1.23
710195,大中永豐64購01,0,,,,
710196,台半永豐64購01,0,,,,
710197,尼克森永豐64購01,104600,0.3,0.31,0.3,0.31
710198,信紘科永豐64購01,758480,0.37,0.39,0.37,0.39
710199,家登永豐64購01,0,,,,
710200,富喬永豐5C購02,28820,1.31,1.31,1.31,1.31
710201,鈊象永豐61購01,0,,,,
710202,鴻呈永豐61購01,7980,0.42,0.42,0.42,0.42
710203,世禾國票61購02,420,0.42,0.42,0.42,0.42
710204,世紀*國票61購01,0,,,,
710205,亞泰國票61購01,0,,,,
710206,矽科國票61購01,0,,,,
710207,茂迪國票61購02,0,,,,
710208,茂達國票61購01,0,,,,
710209,崧騰國票61購01,0,,,,
710210,統振國票61購01,0,,,,
710211,博盛國票61購01,31200,0.35,0.35,0.34,0.34
710212,閎康國票61購03,0,,,,
710213,萬泰科國票61購01,0,,,,
710214,漢達國票61購01,0,,,,
710215,臺慶科國票61購04,0,,,,
710216,廣閎科國票61購05,4080,0.51,0.51,0.51,0.51
710217,聰泰國票61購01,0,,,,
710218,能率亞國泰61購01,9790,0.89,0.89,0.89,0.89
710219,能率國泰61購01,0,,,,
710220,廣閎科國泰61購02,86440,0.88,0.96,0.88,0.96
710221,凡甲富邦63購01,0,,,,
710222,立碁富邦5C購02,0,,,,
710223,智通*富邦62購02,0,,,,
710224,宜鼎群益5C購05,0,,,,
710225,威剛群益5C購07,0,,,,
710226,威剛群益62購02,0,,,,
710227,宣德群益5C購01,0,,,,
710228,家登群益63購01,28240,1.09,1.09,1.07,1.07
710229,凱崴群益5C購01,0,,,,
710230,博智群益5C購01,0,,,,
710231,富喬群益5C購04,0,,,,
710232,群聯群益5C購08,0,,,,
710233,群聯群益5C購09,0,,,,
710234,群聯群益61購05,0,,,,
710235,雙鴻群益62購02,21900,7.3,7.3,7.3,7.3
710236,威剛中信66購01,0,,,,
710237,富喬中信66購01,16800,0.64,0.65,0.64,0.65
710238,大中永豐5C購01,0,,,,
710239,中光電永豐61購01,0,,,,
710240,世界永豐5C購02,0,,,,
710241,台半永豐61購03,0,,,,
710242,宜鼎永豐61購02,0,,,,
710243,原相永豐61購01,0,,,,
710244,達航永豐63購01,0,,,,
710245,漢達永豐64購01,802700,1.57,1.66,1.56,1.66
710246,台半元大5C購09,0,,,,
710247,台半元大63購03,1850,0.37,0.37,0.37,0.37
710249,佳邦元大5C購01,0,,,,
710250,朋程元大5C購02,0,,,,
710251,欣銓元大5C購02,3000,1.0,1.0,1.0,1.0
710252,欣銓元大5C購03,3650,0.73,0.73,0.73,0.73
710253,家登元大5C購05,64240,0.65,0.7,0.65,0.7
710254,家登元大66購01,527030,1.09,1.12,1.07,1.1
710255,臺慶科元大5C購05,0,,,,
710256,台半國票61購04,0,,,,
710257,台半國票61購05,0,,,,
710258,青雲國票5C購01,18500,0.37,0.37,0.37,0.37
710259,大中台新61購01,0,,,,
710260,台半台新5C購05,0,,,,
710261,晶焱台新5C購06,0,,,,
710262,漢達台新5C購01,6960,3.48,3.48,3.48,3.48
710263,臺慶科台新5C購03,7000,0.07,0.07,0.07,0.07
710264,世界凱基5C購07,2300,0.23,0.23,0.23,0.23
710265,台半凱基5C購05,658420,0.12,0.13,0.12,0.13
710266,朋程凱基5C購03,0,,,,
710267,富喬凱基63購01,49500,0.55,0.55,0.55,0.55
710268,群聯凱基5C購09,7200,0.24,0.24,0.24,0.24
710269,漢達凱基5C購01,700510,1.21,1.36,1.21,1.36
710270,精材凱基63購01,0,,,,
710271,世界國泰61購01,0,,,,
710272,穩得國泰61購01,18480,0.84,0.84,0.84,0.84
710273,中光電富邦62購02,0,,,,
710274,台半富邦63購03,0,,,,
710275,朋程富邦63購03,0,,,,
710276,FH中5G群益5C購01,0,,,,
710277,大中群益5C購01,1960,0.14,0.14,0.14,0.14
710278,中光電群益5C購01,0,,,,
710279,中光電群益5C購02,230,0.23,0.23,0.23,0.23
710280,世界群益5C購04,0,,,,
710281,台半群益62購03,0,,,,
710282,尼克森群益61購01,2900,0.29,0.29,0.29,0.29
710283,宏捷科群益5C購03,0,,,,
710284,朋程群益5C購01,0,,,,
710285,茂達群益5C購01,0,,,,
710286,榮剛群益61購01,119590,0.35,0.37,0.35,0.36
710287,精材群益61購01,0,,,,
710288,世界元大5C購08,11550,0.35,0.35,0.35,0.35
710289,朋程元大5C購03,0,,,,
710290,博盛元大5C購01,61950,0.51,0.51,0.49,0.5
710291,世界台新5C購01,9240,0.39,0.39,0.36,0.36
710292,萬泰科台新5C購01,0,,,,
710293,大中國票5C購01,0,,,,
710294,天品國票5C購01,392900,0.94,0.94,0.92,0.94
710295,世界國票61購02,0,,,,
710296,立碁國票61購01,0,,,,
710297,亞通國票5C購01,2749900,1.73,1.9,1.7,1.88
710298,朋程國票5C購02,0,,,,
710299,杰力國票61購02,0,,,,
710300,博盛國票61購02,0,,,,
710301,晶宏國票61購01,0,,,,
710302,漢達國票63購01,102180,1.14,1.26,1.14,1.26
710303,寶雅國票61購02,7600,0.76,0.76,0.76,0.76
710304,大中凱基5C購01,130,0.13,0.13,0.13,0.13
710305,中光電凱基5C購01,0,,,,
710306,中光電凱基5C購02,0,,,,
710307,世界凱基63購02,0,,,,
710308,宏捷科凱基5C購04,0,,,,
710309,欣銓凱基5C購01,0,,,,
710310,青雲凱基5C購01,36000,0.3,0.3,0.3,0.3
710311,威剛凱基61購02,0,,,,
710312,茂達凱基5C購02,0,,,,
710313,家登凱基5C購04,0,,,,
710314,家登凱基5C購05,3640,0.26,0.26,0.26,0.26
710315,臺慶科凱基5C購07,0,,,,
710316,聖暉*群益5C購03,0,,,,
710317,台嘉碩國泰61購01,10590,1.32,1.35,1.32,1.35
710318,宜鼎國泰62購01,0,,,,
710319,朋程國泰61購01,24310,0.56,0.57,0.56,0.57
710320,原相國泰61購01,0,,,,
710321,博盛國泰61購01,0,,,,
710322,世界富邦5C購04,8740,0.19,0.19,0.19,0.19
710323,宜鼎富邦5C購05,0,,,,
710324,信紘科永豐5C購01,0,,,,
710325,順達永豐5C購02,0,,,,
710326,順達永豐5C購03,0,,,,
710327,順達永豐5C購04,0,,,,
710328,群聯永豐64購06,0,,,,
710329,群聯永豐66購01,0,,,,
710330,鴻呈永豐5C購01,0,,,,
710331,中光電台新5C購01,0,,,,
710332,中光電台新5C購02,0,,,,
710333,亞信台新5C購01,3950,0.79,0.79,0.79,0.79
710334,精材台新61購01,0,,,,
710335,精材台新61購02,0,,,,
710336,亞通凱基5C購01,100950,1.55,1.62,1.47,1.61
710337,朋程凱基5C購04,0,,,,
710338,聖暉*凱基5C購03,0,,,,
710339,宜鼎元大5C購15,0,,,,
710340,富喬元大65購01,3502050,1.41,1.46,1.41,1.46
710341,漢達元大5C購01,43460,1.04,1.19,1.03,1.19
710342,精材元大5C購05,15600,3.12,3.12,3.12,3.12
710343,臺慶科元大5C購06,0,,,,
710344,宜特永豐64購01,0,,,,
710345,朋程永豐5C購03,0,,,,
710346,朋程永豐5C購04,0,,,,
710347,威剛永豐64購02,0,,,,
710348,威剛永豐66購01,0,,,,
710349,富喬永豐5C購03,0,,,,
710350,漢達永豐5C購01,469750,1.09,1.26,1.09,1.26
710351,雙鴻永豐63購03,250840,2.01,2.01,1.95,1.95
710352,寶雅永豐5C購01,0,,,,
710353,鏵友益永豐64購01,0,,,,
710354,精材中信64購01,110420,1.0,1.08,1.0,1.08
710355,大世科國票61購01,0,,,,
710356,元山國票61購01,1950,0.39,0.39,0.39,0.39
710357,世界國票61購03,0,,,,
710358,安葆國票61購01,6150,2.05,2.05,2.05,2.05
710359,亞信國票61購01,0,,,,
710360,明安國票61購01,390,0.39,0.39,0.39,0.39
710361,桓達國票61購01,0,,,,
710362,神準國票61購01,0,,,,
710363,晶焱國票5C購02,0,,,,
710364,智擎國票61購01,0,,,,
710365,聖暉*國票61購04,0,,,,
710366,漢達國票65購01,946830,1.1,1.26,1.07,1.26
710367,精材國票61購02,0,,,,
710368,鈊象群益5C購01,39210,1.59,1.59,1.41,1.41
710369,富喬國泰61購01,79140,1.23,1.29,1.23,1.29
710370,漢達國泰61購02,129360,2.64,2.64,2.64,2.64
710371,世界凱基5C購08,0,,,,
710372,宜鼎凱基5C購08,0,,,,
710373,群聯凱基5C購10,0,,,,
710374,群聯凱基61購06,1100,0.55,0.55,0.55,0.55
710375,精材凱基5C購05,146050,2.05,2.07,2.05,2.05
710376,世界台新5C購03,42180,0.33,0.36,0.33,0.34
710377,巨有台新5C購01,22800,5.6,5.8,5.6,5.8
710378,巨有台新5C購02,0,,,,
710379,東浦台新5C購04,0,,,,
710380,東浦台新5C購05,0,,,,
710381,杰力台新5C購01,17000,0.34,0.34,0.34,0.34
710382,青雲台新5C購01,0,,,,
710383,能率亞台新5C購01,0,,,,
710384,中光電元大5C購01,0,,,,
710385,宜鼎元大5C購16,156600,0.35,0.38,0.35,0.38
710386,富喬元大65購02,560440,1.28,1.32,1.28,1.32
710387,精材元大5C購06,0,,,,
710388,精材元大5C購07,57430,2.33,2.68,2.33,2.68
710389,精材元大61購08,83220,2.83,2.9,2.83,2.9
710390,精材元大61購09,70360,2.76,2.84,2.76,2.84
710391,精材元大63購04,268690,2.47,2.53,2.47,2.52
710392,世界中信63購01,12500,0.25,0.25,0.25,0.25
710393,久元永豐5C購03,0,,,,
710394,久元永豐5C購04,0,,,,
710395,世禾永豐5C購01,998960,0.64,0.73,0.64,0.67
710396,世界永豐5C購03,1800,0.2,0.2,0.2,0.2
710397,巨有永豐5C購02,0,,,,
710398,安勤永豐63購01,208040,0.7,0.7,0.68,0.69
710399,均豪永豐5C購03,19320,1.06,1.19,1.06,1.19
710400,均豪永豐5C購04,0,,,,
710401,宏觀永豐5C購02,0,,,,
710402,宏觀永豐5C購03,0,,,,
710403,晶焱永豐5C購01,0,,,,
710404,晶焱永豐5C購02,0,,,,
710405,智通*永豐63購01,0,,,,
710406,湧德永豐5C購01,21830,0.59,0.59,0.59,0.59
710407,湧德永豐5C購02,0,,,,
710408,聖暉*永豐5C購03,0,,,,
710409,聖暉*永豐5C購04,0,,,,
710410,精材永豐5C購03,88830,2.53,2.54,2.53,2.54
710411,精材永豐5C購04,0,,,,
710412,精材永豐63購02,1442510,3.92,4.0,3.91,3.97
710413,優群永豐5C購02,0,,,,
710414,雙鴻永豐5C購05,0,,,,
710415,世界國票61購04,0,,,,
710416,巨有國票5C購01,51150,3.41,3.41,3.41,3.41
710417,巨有國票5C購02,0,,,,
710418,宇峻國票61購01,0,,,,
710419,安勤國票61購02,35520,0.48,0.48,0.48,0.48
710420,青雲國票5C購02,108370,0.28,0.28,0.26,0.27
710421,能率國票61購01,0,,,,
710422,精材國票61購03,0,,,,
710423,鑫科國票5C購01,0,,,,
710424,巨有群益5C購01,0,,,,
710425,智通*群益5C購01,0,,,,
710426,智通*群益63購01,16100,1.58,1.64,1.58,1.64
710427,東浦國泰61購01,42500,0.43,0.43,0.42,0.42
710428,杰力國泰61購01,0,,,,
710429,精材國泰61購01,0,,,,
710430,威剛富邦5C購02,0,,,,
710431,精材富邦5C購01,54980,1.41,1.41,1.4,1.4
710432,安勤凱基62購01,8580,0.42,0.44,0.42,0.44
710433,系微凱基5C購01,63600,0.28,0.34,0.28,0.33
710434,宜鼎凱基5C購09,74740,0.37,0.37,0.37,0.37
710435,能率凱基62購01,0,,,,
710436,富喬凱基63購02,0,,,,
710437,智通*凱基5C購01,0,,,,
710438,群聯凱基5C購11,553720,0.38,0.4,0.37,0.39
710439,群聯凱基5C購12,0,,,,
710440,鑫科凱基5C購01,0,,,,
710441,中美晶元大5C購12,222220,1.55,1.64,1.54,1.64
710442,世界元大66購03,0,,,,
710443,宜鼎元大5C購17,209240,0.73,0.73,0.71,0.71
710444,能率亞元大5C購01,0,,,,
710445,富喬元大5C購04,333120,0.94,0.96,0.94,0.95
710446,智通*元大5C購01,0,,,,
710447,智通*元大5C購02,0,,,,
710448,智通*元大63購01,0,,,,
710449,五福國票64購01,0,,,,
710450,璟德國票64購01,71500,0.48,0.48,0.47,0.47
710451,磐儀國票64購01,0,,,,
710452,中光電國票61購01,0,,,,
710453,宜鼎國票62購01,0,,,,
710454,竹陞國票64購01,6900,0.69,0.69,0.69,0.69
710455,崴寶國票64購01,7910,1.02,1.02,0.95,0.95
710456,富強鑫國票62購01,420820,1.01,1.14,1.01,1.11
710457,千附國票64購01,34170,0.66,0.66,0.65,0.65
710458,智通*國票61購01,0,,,,
710459,智通*國票61購02,0,,,,
710460,久元永豐5C購05,0,,,,
710461,久元永豐63購01,0,,,,
710462,久元永豐66購01,0,,,,
710463,中光電永豐5C購01,0,,,,
710464,系統電永豐5C購02,0,,,,
710465,營邦永豐5C購01,0,,,,
710466,營邦永豐5C購02,0,,,,
710467,宏觀台新5C購02,45000,0.45,0.45,0.45,0.45
710468,聖暉*台新5C購06,0,,,,
710469,聖暉*台新5C購07,0,,,,
710470,能率國泰63購01,0,,,,
710471,久元富邦63購01,0,,,,
710472,原相富邦5C購01,0,,,,
710473,達航富邦62購01,0,,,,
710474,營邦富邦63購02,0,,,,
710475,營邦富邦63購03,0,,,,
710476,巨有群益5C購02,0,,,,
710477,世界元大61購01,62520,0.72,0.75,0.71,0.71
710478,世界元大66購04,0,,,,
710479,世界元大67購01,0,,,,
710480,巨有元大61購01,4480,2.24,2.24,2.24,2.24
710481,宜鼎元大61購05,72360,0.64,0.64,0.63,0.63
710482,富喬元大61購06,1303780,1.13,1.2,1.12,1.2
710483,富喬元大62購01,338340,1.03,1.07,1.02,1.07
710484,富喬元大62購02,2903290,1.13,1.19,1.11,1.19
710485,臺慶科元大61購01,164670,0.33,0.33,0.33,0.33
710486,千附精台新61購01,0,,,,
710487,元太台新61購01,0,,,,
710488,竹陞台新61購01,1800,0.9,0.9,0.9,0.9
710489,譜瑞台新61購01,0,,,,
710490,譜瑞台新61購02,0,,,,
710491,千附精凱基61購01,5700,0.57,0.57,0.57,0.57
710492,千附精凱基61購02,0,,,,
710493,中光電凱基61購01,0,,,,
710494,元太凱基61購02,4000,0.08,0.08,0.08,0.08
710495,元太凱基61購03,0,,,,
710496,元太凱基61購04,0,,,,
710497,元太凱基61購05,0,,,,
710498,元太凱基61購06,8000,0.16,0.16,0.16,0.16
710499,世紀*凱基61購01,0,,,,
710500,竹陞凱基61購01,2007260,0.72,0.79,0.7,0.79
710501,原相凱基61購01,0,,,,
710502,譜瑞凱基61購02,6030,0.67,0.67,0.67,0.67
710503,譜瑞凱基61購03,0,,,,
710504,譜瑞凱基61購04,0,,,,
710505,譜瑞凱基61購05,0,,,,
710506,千附精群益61購01,201650,0.56,0.56,0.55,0.55
710507,譜瑞群益61購01,0,,,,
710508,91APP*國票62購01,11200,0.35,0.35,0.35,0.35
710509,千附精國票62購01,0,,,,
710510,世紀*國票62購01,2600,2.6,2.6,2.6,2.6
710511,竹陞國票62購01,5500,0.55,0.55,0.55,0.55
710512,宜鼎國票62購02,0,,,,
710513,長佳智國票62購01,720,0.36,0.36,0.36,0.36
710514,長聖國票62購01,0,,,,
710515,威剛國票62購02,0,,,,
710516,建榮國票61購01,0,,,,
710517,昱展國票62購01,0,,,,
710518,茂迪國票62購01,0,,,,
710519,訊聯國票62購01,0,,,,
710520,博士旺國票61購01,387090,0.51,0.51,0.51,0.51
710523,譜瑞國票62購01,0,,,,
710524,元太中信61購01,0,,,,
710525,久元永豐64購01,0,,,,
710526,大江永豐61購01,1020,0.51,0.51,0.51,0.51
710527,元太永豐61購02,0,,,,
710528,元太永豐61購03,0,,,,
710529,邑錡永豐64購01,12160,0.64,0.64,0.64,0.64
710530,威剛永豐61購04,0,,,,
710531,威剛永豐61購05,0,,,,
710532,鈊象永豐65購01,23750,0.95,0.95,0.95,0.95
710533,勤凱永豐65購01,1140,0.38,0.38,0.38,0.38
710534,新普永豐61購01,0,,,,
710535,譜瑞永豐61購01,0,,,,
710536,譜瑞永豐61購02,0,,,,
710537,譜瑞永豐61購03,0,,,,
710538,譜瑞永豐61購04,0,,,,
710539,譜瑞永豐64購01,9680,0.88,0.88,0.88,0.88
710540,譜瑞永豐64購02,0,,,,
710541,譜瑞永豐67購01,49610,1.21,1.21,1.21,1.21
710542,久元國泰62購01,0,,,,
710543,久元國泰62購02,0,,,,
710544,中光電國泰62購01,15750,0.45,0.45,0.45,0.45
710545,巨有國泰62購01,5200,5.2,5.2,5.2,5.2
710546,竹陞國泰62購01,445490,1.61,1.75,1.61,1.73
710547,青雲國泰62購01,147160,0.59,0.61,0.59,0.61
710548,青雲國泰62購02,980,0.49,0.49,0.49,0.49
710549,智通*國泰62購01,0,,,,
710550,元太富邦64購01,0,,,,
710551,安勤富邦62購01,349450,0.48,0.49,0.47,0.49
710552,譜瑞富邦63購01,0,,,,
710553,譜瑞富邦64購01,243450,0.45,0.45,0.45,0.45
710554,宜鼎中信61購02,0,,,,
710555,中光電永豐61購02,0,,,,
710556,竹陞永豐61購01,0,,,,
710557,竹陞永豐64購01,0,,,,
710558,竹陞永豐65購01,23530,0.87,0.9,0.87,0.9
710559,均豪永豐64購01,131400,0.73,0.73,0.73,0.73
710560,宏捷科永豐61購01,0,,,,
710561,宜鼎永豐61購03,0,,,,
710562,宜鼎永豐64購02,0,,,,
710563,威剛永豐61購06,0,,,,
710564,威剛永豐61購07,0,,,,
710565,茂達永豐61購02,0,,,,
710566,家登永豐61購02,359970,1.26,1.31,1.26,1.31
710567,富喬永豐61購03,87040,0.5,0.53,0.5,0.53
710568,富喬永豐66購02,34560,0.96,0.96,0.96,0.96
710569,群翊永豐61購01,130230,0.75,0.81,0.75,0.8
710570,群聯永豐61購02,0,,,,
710571,群聯永豐61購03,0,,,,
710572,群聯永豐65購06,0,,,,
710573,雙鴻永豐61購05,28500,2.85,2.85,2.85,2.85
710574,雙鴻永豐66購02,10040,2.51,2.51,2.51,2.51
710575,雙鴻永豐67購01,41760,3.48,3.48,3.48,3.48
710576,中光電元大61購01,0,,,,
710577,中光電元大61購02,0,,,,
710578,中光電元大61購03,0,,,,
710579,世界元大64購08,0,,,,
710580,世界元大66購05,104620,0.38,0.42,0.38,0.41
710581,均豪元大61購01,78900,0.3,0.3,0.3,0.3
710582,宏捷科元大67購01,165340,0.61,0.62,0.61,0.62
710583,佳邦元大61購01,0,,,,
710584,欣銓元大61購01,199100,1.12,1.12,1.03,1.08
710585,原相元大61購01,0,,,,
710586,富喬元大64購03,815390,0.69,0.72,0.69,0.72
710587,富喬元大65購03,2104820,0.83,0.86,0.81,0.86
710588,群聯元大64購06,0,,,,
710589,臺慶科元大61購02,0,,,,
710590,中美晶群益64購01,102500,0.67,0.69,0.67,0.69
710591,竹陞群益61購01,9700,0.49,0.49,0.48,0.48
710592,均豪群益61購01,362770,0.96,1.05,0.94,1.05
710593,佳邦群益61購01,0,,,,
710594,宜特群益61購01,38610,0.99,0.99,0.99,0.99
710595,青雲群益62購01,0,,,,
710596,臺慶科群益61購01,0,,,,
710597,中美晶國泰63購01,95960,1.32,1.39,1.32,1.39
710598,家登國泰62購01,293470,1.06,1.13,1.06,1.13
710599,凡甲富邦63購02,8000,0.4,0.4,0.4,0.4
710600,中光電富邦63購01,0,,,,
710601,宏觀富邦63購01,28520,0.31,0.31,0.31,0.31
710602,茂達富邦63購01,0,,,,
710603,耕興富邦63購01,35350,0.47,0.47,0.46,0.46
710604,湧德富邦63購01,238700,0.55,0.55,0.55,0.55
710605,中光電凱基61購02,5500,0.11,0.11,0.11,0.11
710606,巨有凱基61購01,185300,1.93,2.52,1.93,2.52
710607,宜鼎凱基61購01,7000,0.14,0.14,0.14,0.14
710608,富喬凱基61購04,253740,0.65,0.7,0.64,0.7
710609,臺慶科凱基61購02,0,,,,
710610,雙鴻凱基64購01,0,,,,
710611,中美晶台新61購02,30200,1.51,1.51,1.51,1.51
710612,宜特台新61購02,0,,,,
710613,宜鼎台新61購03,212160,0.48,0.48,0.48,0.48
710614,原相台新61購01,169670,0.63,0.67,0.63,0.67
710615,原相台新61購02,0,,,,
710616,原相台新61購03,0,,,,
710617,鈊象台新61購01,24080,0.86,0.86,0.86,0.86
710618,群聯台新61購01,0,,,,
710619,九暘元大61購01,86030,0.54,0.66,0.54,0.64
710621,台嘉碩元大61購01,0,,,,
710622,安可元大61購01,90590,0.41,0.53,0.41,0.53
710623,竹陞元大61購01,445330,0.58,0.63,0.58,0.63
710624,宜鼎元大61購06,0,,,,
710625,松上元大61購01,0,,,,
710626,品安元大61購01,0,,,,
710628,晟田元大61購01,0,,,,
710629,堡達元大61購01,0,,,,
710630,富喬元大61購08,495030,0.77,0.81,0.76,0.81
710631,富喬元大64購04,636700,0.7,0.71,0.66,0.71
710632,碩禾元大61購03,467870,0.29,0.29,0.23,0.24
710633,臺慶科元大64購01,0,,,,
710634,臺慶科元大67購01,0,,,,
710635,寶雅元大61購01,0,,,,
710636,川寶國票65購01,5150,0.57,0.68,0.57,0.68
710637,中美晶國票61購04,0,,,,
710638,中裕國票65購01,15630,0.55,0.57,0.55,0.56
710639,日揚國票65購01,0,,,,
710640,安可國票61購01,38420,0.27,0.28,0.26,0.27
710641,金雨國票65購01,0,,,,
710642,品安國票65購01,0,,,,
710643,威潤國票65購01,36750,0.24,0.25,0.24,0.25
710644,茂達國票65購01,1680,0.56,0.56,0.56,0.56
710645,泰藝國票61購01,0,,,,
710646,晟田國票61購01,5000,1.0,1.0,1.0,1.0
710647,崇越電國票65購01,0,,,,
710648,富強鑫國票65購01,17400,0.84,0.9,0.84,0.9
710649,瑞耘國票65購01,133190,0.81,0.89,0.81,0.88
710650,精拓科國票65購01,191990,0.58,0.59,0.58,0.59
710651,廣積國票65購01,63990,1.08,1.09,1.07,1.09
710652,璟德國票65購01,0,,,,
710653,中光電群益61購01,13600,0.17,0.17,0.17,0.17
710654,中美晶群益63購01,157620,0.74,0.74,0.74,0.74
710655,世紀*群益62購01,11100,11.1,11.1,11.1,11.1
710656,台嘉碩群益61購01,0,,,,
710657,台嘉碩群益61購02,0,,,,
710658,巨漢群益61購01,0,,,,
710659,宜鼎群益61購01,221400,0.54,0.54,0.54,0.54
710660,東浦群益61購01,0,,,,
710661,東浦群益61購02,0,,,,
710662,國眾群益64購01,0,,,,
710663,堡達群益61購01,0,,,,
710664,晶宏群益61購01,439120,0.88,0.88,0.88,0.88
710665,陽程群益61購01,0,,,,
710666,九暘凱基61購01,520220,0.35,0.63,0.31,0.63
710667,川寶凱基61購01,450240,0.62,0.8,0.62,0.65
710668,中美晶凱基61購06,1540,0.77,0.77,0.77,0.77
710669,日揚凱基61購01,0,,,,
710670,世界凱基66購01,67820,0.57,0.62,0.57,0.62
710671,加高凱基61購01,0,,,,
710672,加高凱基61購02,0,,,,
710673,台嘉碩凱基61購01,0,,,,
710674,台嘉碩凱基61購02,0,,,,
710675,全宇昕凱基61購01,0,,,,
710676,邑錡凱基61購01,86000,0.21,0.21,0.2,0.2
710677,奇鈦科凱基61購01,0,,,,
710678,東浦凱基61購01,0,,,,
710679,杰力凱基61購01,14440,0.38,0.38,0.38,0.38
710680,茂達凱基61購01,660,0.22,0.22,0.22,0.22
710681,泰藝凱基61購01,0,,,,
710682,高僑凱基61購01,0,,,,
710683,崇越電凱基61購01,2500,0.5,0.5,0.5,0.5
710684,堡達凱基61購01,0,,,,
710685,晶宏凱基61購01,601550,0.84,0.85,0.8,0.8
710686,越峰凱基61購01,0,,,,
710687,陽程凱基61購02,791980,3.78,4.7,3.78,4.7
710688,碩禾凱基61購01,207130,0.3,0.32,0.26,0.28
710689,中光電台新61購01,0,,,,
710690,中光電台新61購02,340,0.17,0.17,0.17,0.17
710691,中美晶台新61購03,26800,0.67,0.67,0.67,0.67
710692,中美晶台新63購02,0,,,,
710693,世界台新61購01,91850,0.41,0.47,0.41,0.47
710694,台嘉碩台新61購01,12710,0.41,0.41,0.41,0.41
710695,台嘉碩台新61購02,0,,,,
710696,巨漢台新61購01,0,,,,
710697,巨漢台新61購02,0,,,,
710698,全宇昕台新61購01,0,,,,
710699,欣銓台新61購01,51280,0.52,0.52,0.51,0.52
710700,欣銓台新61購02,519490,0.48,0.51,0.47,0.5
710701,威剛台新61購02,0,,,,
710702,家登台新61購01,18220,0.68,0.71,0.68,0.71
710703,家登台新64購01,375460,0.91,0.96,0.91,0.95
710704,威剛中信61購01,0,,,,
710705,九暘永豐61購01,2112250,0.38,0.52,0.38,0.49
710706,久禾光永豐61購01,0,,,,
710707,川寶永豐61購01,71760,0.58,0.64,0.58,0.64
710708,加高永豐61購01,0,,,,
710709,台嘉碩永豐61購01,0,,,,
710710,巨漢永豐61購01,0,,,,
710711,立盈永豐61購01,0,,,,
710712,全宇昕永豐61購01,0,,,,
710713,利機永豐61購01,32500,0.65,0.65,0.65,0.65
710714,良維永豐61購01,0,,,,
710715,奇鈦科永豐61購01,0,,,,
710716,奇鈦科永豐61購02,14640,0.27,0.27,0.25,0.26
710717,東浦永豐61購01,0,,,,
710718,杰力永豐61購01,24480,0.36,0.36,0.36,0.36
710719,欣銓永豐64購02,1180,0.59,0.59,0.59,0.59
710720,信音永豐61購01,0,,,,
710721,泰藝永豐61購01,0,,,,
710722,泰藝永豐61購02,0,,,,
710723,崇越電永豐61購01,0,,,,
710724,崇越電永豐61購02,0,,,,
710725,堡達永豐61購01,0,,,,
710726,堡達永豐64購01,0,,,,
710727,晶宏永豐61購01,0,,,,
710728,華洋永豐61購01,85680,0.36,0.36,0.36,0.36
710729,越峰永豐61購01,75230,0.57,0.57,0.11,0.42
710730,陽程永豐61購01,42720,3.56,3.56,3.56,3.56
710731,碩禾永豐61購01,20970,0.29,0.29,0.28,0.29
710733,寬魚永豐61購01,0,,,,
710734,寬魚永豐61購02,0,,,,
710735,威剛國泰62購01,0,,,,
710736,立碁富邦61購01,6110,2.0,2.07,2.0,2.07
710737,均豪富邦61購02,0,,,,
710738,中光電國票61購02,0,,,,
710739,中美晶國票65購01,7840,0.98,0.98,0.98,0.98
710740,竹陞國票65購01,0,,,,
710741,松上國票61購01,0,,,,
710742,欣銓國票61購03,0,,,,
710743,青雲國票61購01,120200,1.12,1.12,1.09,1.09
710744,盈正國票65購01,0,,,,
710745,茂達國票65購02,0,,,,
710746,家登國票61購01,0,,,,
710747,堡達國票61購01,0,,,,
710748,翔名國票65購01,26400,0.48,0.48,0.48,0.48
710749,華洋國票65購01,0,,,,
710750,勤凱國票61購01,63500,0.19,0.19,0.18,0.18
710751,頎邦國票65購01,45570,0.89,0.89,0.82,0.82
710752,璟德國票61購01,9450,0.35,0.35,0.35,0.35
710753,擎邦國票61購01,435160,0.7,0.74,0.69,0.72
710754,耀穎國票65購01,116330,0.96,0.96,0.91,0.91
710756,大中元大67購01,0,,,,
710758,佳邦元大61購02,0,,,,
710761,華景電元大64購01,224690,0.45,0.46,0.45,0.46
710762,聖暉*元大61購02,0,,,,
710763,頎邦元大61購01,0,,,,
710764,璟德元大61購02,0,,,,
710765,大中凱基61購01,0,,,,
710766,竹陞凱基61購02,2650220,0.25,0.3,0.25,0.28
710767,宜特凱基61購03,0,,,,
710768,欣銓凱基61購02,69200,0.88,0.88,0.84,0.84
710769,茂達凱基61購02,0,,,,
710770,富喬凱基61購05,509040,0.85,0.95,0.85,0.95
710771,聖暉*凱基61購02,0,,,,
710772,璟德凱基64購01,340,0.34,0.34,0.34,0.34
710773,中美晶永豐61購01,0,,,,
710774,中美晶永豐61購02,0,,,,
710775,元太永豐61購04,0,,,,
710776,台嘉碩永豐61購02,6820,0.31,0.31,0.31,0.31
710777,竹陞永豐63購01,0,,,,
710778,宜鼎永豐66購01,0,,,,
710779,昇佳電永豐61購01,0,,,,
710780,茂達永豐64購01,0,,,,
710781,能率亞永豐61購01,0,,,,
710782,高僑永豐61購01,0,,,,
710783,閎康永豐61購02,0,,,,
710784,新漢永豐61購01,0,,,,
710785,頎邦永豐61購02,300600,0.56,0.62,0.55,0.57
710786,頎邦永豐64購01,214840,1.08,1.16,1.07,1.07
710787,璟德永豐61購02,0,,,,
710788,寶雅永豐61購01,2400,0.48,0.48,0.48,0.48
710789,大中台新61購02,0,,,,
710790,巨有台新61購01,0,,,,
710791,立碁台新61購01,0,,,,
710792,竹陞台新61購02,296140,0.67,0.67,0.67,0.67
710793,宜鼎台新61購04,49020,0.31,0.33,0.31,0.33
710794,晟田台新61購01,78770,0.77,0.78,0.77,0.78
710795,新漢台新61購01,0,,,,
710796,新漢台新64購01,0,,,,
710797,群聯台新61購02,0,,,,
710798,中美晶富邦61購02,457440,0.38,0.4,0.38,0.4
710799,欣銓富邦61購01,171110,0.32,0.35,0.32,0.35
710800,陽程富邦61購01,37060,2.59,2.79,2.59,2.79
710801,頎邦富邦63購01,264320,0.57,0.59,0.56,0.56
710802,頎邦富邦64購01,0,,,,
710803,久元群益63購01,0,,,,
710804,大中群益61購01,0,,,,
710805,中美晶群益61購01,777530,1.78,1.93,1.78,1.92
710806,世界群益61購02,153920,1.11,1.19,1.11,1.16
710807,台特化群益61購01,258530,0.81,1.14,0.81,1.14
710808,均豪群益61購02,734140,1.21,1.32,1.21,1.29
710809,良維群益61購03,274760,1.17,1.17,1.11,1.14
710810,杰力群益61購01,0,,,,
710811,威剛群益61購04,0,,,,
710812,茂達群益61購01,0,,,,
710813,能率群益61購01,0,,,,
710814,翔名群益61購01,0,,,,
710815,鈊象群益64購01,123000,0.31,0.33,0.29,0.3
710816,群聯群益67購02,583660,1.68,1.72,1.68,1.71
710817,頎邦群益61購01,124710,0.73,0.74,0.67,0.67
710818,頎邦群益61購02,2760,0.55,0.56,0.55,0.56
710819,雙鴻群益61購01,0,,,,
710820,中光電凱基61購03,0,,,,
710821,世紀*凱基61購02,0,,,,
710822,良維凱基61購02,22000,1.1,1.1,1.1,1.1
710823,昇佳電凱基61購01,3300,0.33,0.33,0.33,0.33
710824,家登凱基61購01,264620,1.02,1.06,1.02,1.04
710825,翔名凱基61購01,0,,,,
710826,頎邦凱基61購01,467790,0.33,0.37,0.31,0.32
710827,精材凱基61購06,8730,2.91,2.91,2.91,2.91
710828,竹陞台新61購03,285080,0.45,0.52,0.45,0.49
710829,朋程台新61購01,0,,,,
710830,朋程台新62購01,102570,0.39,0.39,0.39,0.39
710831,朋程台新63購01,702270,1.12,1.13,1.12,1.13
710832,朋程台新64購01,7410,0.57,0.57,0.57,0.57
710833,博大台新61購01,17670,0.57,0.57,0.57,0.57
710834,群聯台新61購03,0,,,,
710835,群聯台新67購01,0,,,,
710836,群聯台新67購02,0,,,,
710837,頎邦台新61購01,505360,0.93,1.04,0.91,0.92
710838,頎邦台新61購02,1271050,0.75,0.86,0.74,0.75
710839,驊訊台新61購01,0,,,,
710840,驊訊台新61購02,18000,0.18,0.18,0.18,0.18
710841,力致永豐61購01,0,,,,
710842,中美晶永豐65購02,0,,,,
710843,世紀*永豐61購01,82290,2.3,2.49,2.3,2.49
710844,神準永豐65購01,0,,,,
710845,翔名永豐61購01,0,,,,
710846,翔名永豐65購01,0,,,,
710847,榮剛永豐61購01,16820,0.59,0.61,0.59,0.61
710848,榮剛永豐61購02,46520,0.43,0.44,0.43,0.44
710849,九暘國票65購01,58860,0.43,0.5,0.43,0.5
710850,大中國票61購01,0,,,,
710851,中菲行國票65購01,0,,,,
710852,友威科國票65購01,965900,0.57,0.7,0.57,0.69
710853,全宇昕國票65購01,0,,,,
710854,竹陞國票66購01,0,,,,
710855,邑錡國票61購01,0,,,,
710856,邑錡國票63購01,0,,,,
710857,尚凡*國票65購01,0,,,,
710858,易發國票65購01,84080,0.51,0.57,0.49,0.56
710859,昇佳電國票65購01,1600,0.32,0.32,0.32,0.32
710860,佶優國票61購01,620,0.31,0.31,0.31,0.31
710861,佶優國票63購01,0,,,,
710862,茂訊國票65購01,0,,,,
710863,原相國票61購01,0,,,,
710864,振曜國票65購01,0,,,,
710865,泰詠國票65購01,0,,,,
710866,健喬國票65購01,0,,,,
710867,國眾國票65購01,0,,,,
710868,博大國票65購01,0,,,,
710869,普萊德國票65購01,0,,,,
710870,晶宏國票65購01,17200,0.86,0.86,0.86,0.86
710871,越峰國票65購01,81940,0.22,0.25,0.22,0.24
710872,萬泰科國票61購02,0,,,,
710873,碩禾國票65購01,462940,0.31,0.31,0.29,0.3
710874,聚和國票61購02,0,,,,
710875,鐿鈦國票65購01,14750,0.59,0.59,0.59,0.59
710876,竹陞國泰63購01,80420,0.74,0.79,0.74,0.79
710877,青雲國泰62購03,99330,1.29,1.29,1.29,1.29
710878,茂達國泰62購01,0,,,,
710879,精材國泰62購01,17500,3.5,3.5,3.5,3.5
710880,大中富邦61購01,0,,,,
710881,宜鼎富邦61購02,630,0.21,0.21,0.21,0.21
710882,中光電群益61購02,0,,,,
710883,宜鼎群益61購02,5340,0.47,0.47,0.44,0.44
710884,宜鼎群益61購03,0,,,,
710885,威剛群益61購05,17280,0.64,0.64,0.64,0.64
710886,建榮群益62購01,0,,,,
710887,群聯群益67購03,401820,2.49,2.52,2.49,2.52
710888,精材群益64購01,3200,1.6,1.6,1.6,1.6
710889,精剛群益61購01,0,,,,
710890,精剛群益61購02,0,,,,
710891,聚和群益61購01,2450,0.49,0.49,0.49,0.49
710892,雙鴻群益61購02,36600,9.15,9.15,9.15,9.15
710893,中美晶元大64購01,545100,1.26,1.3,1.26,1.28
710894,中美晶元大66購04,1088970,1.16,1.19,1.16,1.19
710895,台嘉碩元大61購02,0,,,,
710896,均豪元大61購02,61160,0.43,0.46,0.43,0.46
710897,宜特元大65購01,16520,0.75,0.77,0.75,0.77
710898,宜特元大67購02,394670,0.45,0.46,0.45,0.45
710899,欣銓元大61購02,15300,0.85,0.85,0.85,0.85
710900,家登元大61購02,209710,0.98,1.02,0.98,1.01
710901,能率元大61購02,0,,,,
710902,臺慶科元大64購02,0,,,,
710903,鑫科元大61購01,0,,,,
710904,太普高國票65購01,0,,,,
710905,安碁國票61購01,207820,0.62,0.62,0.58,0.61
710906,利機國票61購01,0,,,,
710907,杰力國票65購01,24220,0.37,0.37,0.36,0.36
710908,倉和國票65購01,398060,5.05,5.05,4.03,4.03
710909,晟田國票61購02,0,,,,
710910,創泓國票61購01,73050,1.03,1.03,0.96,0.97
710911,博大國票61購01,0,,,,
710912,新普國票65購01,0,,,,
710913,聖暉*國票65購01,52800,0.22,0.22,0.22,0.22
710914,類比科國票61購01,0,,,,
710915,寶雅國票61購03,27400,0.55,0.55,0.54,0.54
710916,驊訊國票61購01,0,,,,
710917,大中凱基61購02,0,,,,
710918,中美晶凱基66購01,0,,,,
710919,台嘉碩凱基61購03,0,,,,
710920,宏觀凱基61購04,10500,0.35,0.35,0.35,0.35
710921,宜鼎凱基61購02,363870,0.33,0.33,0.3,0.31
710922,欣銓凱基61購03,5360,0.56,0.56,0.53,0.53
710923,威剛凱基61購03,17000,0.85,0.85,0.85,0.85
710924,茂達凱基61購03,0,,,,
710925,博大凱基61購01,0,,,,
710926,群聯凱基61購07,0,,,,
710927,雙鴻凱基61購05,0,,,,
710928,大中群益61購02,0,,,,
710929,中光電群益61購03,0,,,,
710930,欣銓群益61購01,0,,,,
710931,茂達群益61購02,0,,,,
710932,家登群益61購04,47290,1.47,1.52,1.47,1.52
710933,新普群益61購01,0,,,,
710934,新普群益61購02,0,,,,
710935,精材群益64購02,0,,,,
710936,中美晶國泰64購01,105910,1.19,1.19,1.19,1.19
710937,中光電富邦64購01,0,,,,
710938,威剛富邦64購01,0,,,,
710939,茂達富邦63購02,0,,,,
710940,華電網富邦63購01,0,,,,
710941,萬泰科富邦63購02,0,,,,
710942,群聯中信67購01,0,,,,
710943,中光電永豐61購03,0,,,,
710944,艾訊永豐61購01,0,,,,
710945,杰力永豐64購01,46850,0.49,0.49,0.48,0.48
710946,長聖永豐61購01,2700,0.54,0.54,0.54,0.54
710947,威剛永豐61購08,0,,,,
710948,威剛永豐64購03,0,,,,
710949,茂達永豐65購01,0,,,,
710950,倉和永豐61購01,0,,,,
710951,倉和永豐64購01,0,,,,
710952,宸曜永豐61購01,0,,,,
710953,宸曜永豐67購01,22810,1.52,1.53,1.52,1.53
710954,耕興永豐61購01,0,,,,
710955,博大永豐61購01,0,,,,
710956,智通*永豐64購01,0,,,,
710957,新普永豐61購02,0,,,,
710958,精剛永豐61購01,3300,0.33,0.33,0.33,0.33
710959,磐儀永豐61購01,0,,,,
710960,中光電元大61購05,0,,,,
710961,中美晶元大64購02,778150,1.17,1.21,1.17,1.2
710962,中美晶元大66購05,687080,1.08,1.1,1.08,1.1
710963,世紀*元大61購01,0,,,,
710964,宜鼎元大61購07,0,,,,
710965,晟田元大61購02,0,,,,
710966,創惟元大61購01,3080,0.28,0.28,0.28,0.28
710967,晶焱元大61購01,0,,,,
710968,翔名元大61購01,0,,,,
710969,群聯元大64購07,7910,1.13,1.13,1.13,1.13
710970,頎邦元大61購02,22990,0.85,0.94,0.85,0.94
710971,譜瑞元大61購03,221370,0.47,0.47,0.47,0.47
710972,譜瑞元大65購03,92300,0.65,0.66,0.65,0.66
710973,久元台新61購01,0,,,,
710974,久元台新61購02,0,,,,
710975,大中台新61購03,0,,,,
710976,大中台新61購04,0,,,,
710977,中光電台新61購04,0,,,,
710978,杰力台新61購01,0,,,,
710979,宸曜台新61購01,654080,1.86,2.01,1.7,1.91
710980,博大台新61購02,0,,,,
710981,博大台新61購03,0,,,,
710982,精材台新61購03,0,,,,
710983,立敦凱基61購01,0,,,,
710984,均豪凱基61購01,42470,0.8,0.91,0.8,0.91
710985,家登凱基61購02,144840,1.48,1.52,1.46,1.52
710986,振曜凱基61購01,0,,,,
710987,華景電凱基64購01,1290,0.43,0.43,0.43,0.43
710988,新普凱基61購01,0,,,,
710989,頎邦凱基61購02,177250,0.49,0.51,0.44,0.45
710990,精材凱基61購07,0,,,,
710991,營邦凱基61購01,37670,1.74,1.74,1.57,1.57
710992,譜瑞凱基61購06,0,,,,
710993,寶雅凱基61購01,25410,0.82,0.82,0.81,0.81
710994,欣銓台新61購03,58400,0.73,0.75,0.69,0.73
710995,群聯台新61購04,0,,,,
710996,大江國票65購01,540,0.54,0.54,0.54,0.54
710997,大學光國票61購01,4400,0.44,0.44,0.44,0.44
710998,佰研國票65購01,0,,,,
710999,宜特國票61購01,0,,,,
711000,長聖國票65購01,0,,,,
711001,能率國票61購02,0,,,,
711002,廣積國票66購01,13130,1.01,1.01,1.01,1.01
711003,陽程群益61購02,0,,,,
711004,系統電國泰62購01,54970,0.64,0.7,0.62,0.7
711005,宜鼎國泰62購02,0,,,,
711007,大中元大66購01,0,,,,
711009,巨有元大61購02,0,,,,
711010,立敦元大61購01,0,,,,
711011,立敦元大67購01,0,,,,
711012,宜鼎元大61購08,357380,0.43,0.44,0.42,0.42
711013,宜鼎元大61購09,204380,0.73,0.73,0.69,0.69
711014,昇佳電元大61購01,0,,,,
711015,朋程元大61購01,128790,0.37,0.38,0.37,0.38
711016,青雲元大61購01,129040,1.29,1.33,1.29,1.33
711017,美琪瑪元大61購01,0,,,,
711018,茂達元大61購03,0,,,,
711020,家登元大61購03,16560,1.38,1.38,1.38,1.38
711021,智通*元大61購01,0,,,,
711022,群聯元大64購08,18570,0.67,0.7,0.67,0.68
711023,譜瑞元大61購04,527550,0.96,0.96,0.95,0.95
711024,中美晶統一65購01,0,,,,
711025,均豪統一65購01,3290,0.47,0.47,0.47,0.47
711026,朋程統一65購03,0,,,,
711027,茂訊統一67購01,23850,0.45,0.45,0.45,0.45
711028,群聯統一67購01,63600,0.53,0.53,0.53,0.53
711029,精材統一67購01,292330,1.19,1.24,1.19,1.23
711030,營邦統一67購01,55630,1.25,1.25,1.23,1.23
711031,中光電永豐61購04,0,,,,
711032,中光電永豐61購05,1600,0.16,0.16,0.16,0.16
711033,立敦永豐61購02,0,,,,
711034,立敦永豐64購01,630,0.21,0.21,0.21,0.21
711035,立敦永豐64購02,0,,,,
711036,宜鼎永豐63購02,0,,,,
711037,長聖永豐61購02,0,,,,
711038,原相永豐61購02,0,,,,
711039,群聯永豐64購07,0,,,,
711040,群聯永豐64購08,0,,,,
711041,群聯永豐67購01,0,,,,
711042,廣積永豐61購01,155300,0.73,0.88,0.73,0.88
711043,宜鼎中信61購03,0,,,,
711044,群聯中信61購01,6840,0.36,0.36,0.36,0.36
711045,大中凱基61購03,0,,,,
711046,台特化凱基61購01,16960,1.22,1.24,1.2,1.2
711047,巨有凱基61購02,4230,4.23,4.23,4.23,4.23
711048,宜特凱基61購04,0,,,,
711049,宜鼎凱基61購03,0,,,,
711050,茂達凱基61購04,0,,,,
711051,原相凱基61購02,2600,0.26,0.26,0.26,0.26
711052,智通*凱基61購01,0,,,,
711053,順達凱基61購02,18000,0.6,0.6,0.6,0.6
711054,鈊象凱基61購03,30870,1.47,1.47,1.47,1.47
711055,群聯凱基64購04,0,,,,
711056,精材凱基61購08,0,,,,
711057,廣積凱基65購01,5250,0.87,0.88,0.87,0.88
711058,昱展台新61購01,0,,,,
711059,富喬台新61購01,0,,,,
711060,艾訊群益61購01,0,,,,
711061,家登群益61購05,89850,0.85,0.87,0.85,0.87
711062,順達群益61購01,0,,,,
711063,群聯群益61購06,40440,3.37,3.42,3.32,3.42
711064,精材群益61購02,1745100,5.25,5.75,5.25,5.75
711065,大樹國票65購01,3430,0.49,0.49,0.49,0.49
711066,公準國票65購01,151000,0.59,0.59,0.58,0.58
711067,加百裕國票61購01,17100,0.27,0.31,0.27,0.29
711068,尼克森國票61購01,0,,,,
711069,正基國票65購01,0,,,,
711070,艾訊國票61購02,0,,,,
711071,宜鼎國票65購02,614000,0.79,0.83,0.78,0.78
711072,高僑國票65購01,2760,0.46,0.46,0.46,0.46
711073,智崴國票65購01,28800,0.42,0.42,0.41,0.41
711074,僑威國票65購01,0,,,,
711075,廣明國票65購01,0,,,,
711076,撼訊國票65購01,0,,,,
711077,中美晶元大61購03,0,,,,
711078,台嘉碩元大61購03,750,0.75,0.75,0.75,0.75
711079,宜鼎元大61購10,21830,0.59,0.59,0.59,0.59
711080,智通*元大61購02,0,,,,
711081,群聯元大61購14,0,,,,
711082,臺慶科元大61購03,0,,,,
711083,世界國泰62購01,478000,0.93,1.01,0.93,0.98
711084,博大國泰62購01,13420,0.61,0.61,0.61,0.61
711085,陽程國泰62購01,65000,6.5,6.5,6.5,6.5
711086,群聯國泰62購03,0,,,,
711087,精材國泰62購02,450460,3.61,3.9,3.61,3.9
711088,中美晶富邦61購03,633210,0.4,0.41,0.39,0.4
711089,立碁富邦64購01,297470,1.65,1.65,1.39,1.5
711090,翔名富邦61購01,0,,,,
711091,陽程富邦61購02,2300,2.3,2.3,2.3,2.3
711092,精材富邦61購01,1590,1.59,1.59,1.59,1.59
711093,精材中信61購02,170350,0.85,0.92,0.85,0.91
711094,千附永豐61購01,0,,,,
711095,千附永豐61購02,0,,,,
711096,立端永豐61購01,132690,0.85,0.88,0.85,0.87
711097,松瑞藥永豐61購01,72000,0.72,0.72,0.72,0.72
711098,磐儀永豐61購02,16500,0.42,0.42,0.41,0.41
711099,千附精統一67購01,0,,,,
711100,大中統一65購02,0,,,,
711101,大中統一6C購01,0,,,,
711102,中裕統一69購01,540,0.54,0.54,0.54,0.54
711103,世界統一67購01,44660,0.58,0.58,0.58,0.58
711104,台嘉碩統一67購01,11270,0.49,0.49,0.49,0.49
711105,台嘉碩統一6C購01,0,,,,
711106,尼克森統一65購01,0,,,,
711107,巨有統一6C購01,0,,,,
711108,朋程統一65購04,0,,,,
711109,杰力統一6C購01,0,,,,
711110,青雲統一69購01,16800,0.84,0.84,0.84,0.84
711111,青雲統一6C購01,149820,0.66,0.66,0.66,0.66
711112,泰藝統一6C購01,0,,,,
711113,健喬統一69購01,0,,,,
711114,堡達統一6C購01,0,,,,
711115,智通*統一67購01,0,,,,
711116,陽程統一6C購01,1649010,1.33,1.42,1.33,1.42
711117,順達統一65購03,0,,,,
711118,頎邦統一65購01,106020,0.62,0.62,0.62,0.62
711119,頎邦統一67購02,241260,0.63,0.63,0.6,0.6
711120,頎邦統一67購03,0,,,,
711121,頎邦統一6C購01,58590,0.69,0.71,0.67,0.67
711122,精材統一65購02,193680,1.15,1.2,1.11,1.17
711123,精材統一67購02,16600,0.83,0.83,0.83,0.83
711124,中美晶凱基64購01,417220,0.76,0.79,0.76,0.78
711125,家登凱基67購01,4480,1.12,1.12,1.12,1.12
711126,陽程凱基61購03,126940,2.97,3.32,2.97,3.32
711127,順達凱基61購03,0,,,,
711128,群聯凱基61購08,0,,,,
711129,群聯凱基61購09,24250,0.97,0.97,0.97,0.97
711130,頎邦凱基61購03,6000,0.4,0.4,0.4,0.4
711131,精材凱基61購09,98420,1.25,1.44,1.25,1.4
711132,臺慶科凱基61購03,0,,,,
711133,宜鼎台新62購01,0,,,,
711134,茂達台新61購01,0,,,,
711135,茂達台新61購02,0,,,,
711136,群聯台新67購03,0,,,,
711137,群聯台新67購04,0,,,,
711138,頎邦台新61購04,492840,1.3,1.44,1.25,1.26
711139,頎邦台新61購05,596120,1.34,1.39,1.21,1.21
711140,精材台新61購04,34800,1.7,1.78,1.7,1.78
711141,精材台新61購05,0,,,,
711142,精材台新62購02,0,,,,
711143,力麒國票65購01,0,,,,
711144,天良國票61購01,1600,0.2,0.2,0.2,0.2
711145,巨漢國票61購01,0,,,,
711146,協禧國票65購01,0,,,,
711147,奇鈦科國票65購01,165700,0.45,0.45,0.43,0.43
711149,陽程國票61購02,0,,,,
711150,順達國票65購01,1640,0.82,0.82,0.82,0.82
711151,精材國票61購04,0,,,,
711152,精材國票65購01,30050,1.95,2.03,1.95,2.03
711153,營邦國票61購01,17710,2.53,2.53,2.53,2.53
711154,千附群益61購01,0,,,,
711155,千附群益61購02,0,,,,
711156,台特化群益61購02,704420,1.19,1.46,1.19,1.45
711157,青雲群益61購01,0,,,,
711158,青雲群益61購02,3390,1.13,1.13,1.13,1.13
711159,威剛群益61購06,0,,,,
711160,鈊象群益61購02,171230,1.46,1.48,1.35,1.38
711161,新漢群益61購01,0,,,,
711162,群聯群益61購07,249110,1.8,1.89,1.8,1.86
711163,精材群益63購03,379100,2.72,2.93,2.72,2.93
711164,中光電元大61購06,0,,,,
711165,中光電元大61購07,0,,,,
711166,中美晶元大61購04,0,,,,
711167,宜鼎元大63購02,0,,,,
711168,茂達元大61購04,0,,,,
711169,智通*元大61購03,0,,,,
711171,順達元大61購01,0,,,,
711172,群聯元大61購15,80550,0.85,0.85,0.83,0.83
711173,頎邦元大61購03,0,,,,
711174,精材元大61購10,65210,1.01,1.07,1.01,1.07
711175,精材元大61購11,0,,,,
711176,精材元大63購05,1690,1.69,1.69,1.69,1.69
711177,營邦元大61購01,100340,1.77,1.79,1.72,1.72
711178,九暘統一63購01,0,,,,
711179,九暘統一6C購01,103120,0.62,0.63,0.62,0.63
711180,千附精統一67購02,0,,,,
711181,千附精統一67購03,0,,,,
711182,大中統一65購03,0,,,,
711183,中光電統一65購01,0,,,,
711184,中光電統一6C購01,0,,,,
711185,中美晶統一65購02,0,,,,
711186,中美晶統一67購01,0,,,,
711187,中美晶統一6C購01,0,,,,
711188,台嘉碩統一65購01,0,,,,
711189,立敦統一67購01,0,,,,
711190,安勤統一67購01,44100,0.45,0.45,0.45,0.45
711191,系統電統一6C購01,0,,,,
711192,亞通統一67購01,120740,0.87,0.92,0.87,0.9
711193,宜鼎統一67購01,28620,0.54,0.54,0.54,0.54
711194,昇佳電統一67購01,39600,0.36,0.36,0.36,0.36
711195,杰力統一65購01,109530,0.41,0.41,0.4,0.4
711196,青雲統一69購02,0,,,,
711197,茂達統一69購02,0,,,,
711198,神準統一67購01,0,,,,
711199,堡達統一65購01,0,,,,
711200,翔名統一6C購01,0,,,,
711201,順達統一67購01,0,,,,
711202,順達統一67購02,0,,,,
711203,順達統一67購03,0,,,,
711204,順達統一6C購01,0,,,,
711205,群聯統一65購03,0,,,,
711206,頎邦統一65購02,9210,0.61,0.63,0.61,0.61
711207,頎邦統一67購04,310100,0.65,0.65,0.61,0.61
711208,頎邦統一68購01,0,,,,
711209,碩禾統一67購01,737780,0.39,0.39,0.36,0.37
711210,精材統一65購03,0,,,,
711211,精材統一6C購02,0,,,,
711212,大樹永豐61購01,37800,0.54,0.54,0.54,0.54
711213,中美晶永豐61購03,0,,,,
711214,宜鼎永豐67購01,0,,,,
711215,智通*永豐65購01,0,,,,
711216,順達永豐61購02,0,,,,
711217,頎邦永豐65購01,245240,0.81,0.86,0.8,0.82
711218,精材永豐61購03,516310,0.96,1.04,0.95,1.04
711219,精材永豐61購04,317070,1.51,1.51,1.46,1.49
711220,精材永豐64購02,271540,1.3,1.32,1.29,1.32
711221,營邦永豐64購01,0,,,,
711222,廣積國泰62購01,303410,2.42,2.7,2.42,2.7
711223,營邦國泰62購01,480650,4.14,4.14,3.74,3.74
711224,久元富邦63購02,0,,,,
711225,元太富邦63購01,0,,,,
711226,元太富邦63購02,0,,,,
711227,立敦富邦63購01,0,,,,
711228,宜特富邦63購01,18200,0.28,0.28,0.28,0.28
711229,智通*富邦64購02,0,,,,
711230,順達富邦63購01,2450,0.31,0.31,0.3,0.3
711231,鈊象富邦63購02,880540,0.68,0.69,0.62,0.65
711232,中美晶台新61購04,0,,,,
711233,宜鼎台新63購01,0,,,,
711234,宜鼎台新64購01,0,,,,
711235,千附群益61購03,0,,,,
711236,陽程群益63購01,267530,2.8,3.48,2.8,3.48
711237,順達群益61購02,40950,0.59,0.59,0.58,0.58
711238,璟德群益61購01,5600,0.56,0.56,0.56,0.56
711239,千附凱基61購01,0,,,,
711240,中美晶凱基61購07,0,,,,
711241,宜鼎凱基64購01,0,,,,
711242,青雲凱基61購01,0,,,,
711243,威剛凱基61購04,0,,,,
711244,智通*凱基61購02,0,,,,
711245,順達凱基61購04,25600,0.32,0.32,0.32,0.32
711246,新漢凱基61購01,0,,,,
711247,營邦凱基61購02,0,,,,
711248,雙鴻凱基61購06,20550,6.85,6.85,6.85,6.85
711249,M31國票61購01,8600,1.72,1.72,1.72,1.72
711250,千附國票61購03,0,,,,
711251,中美晶國票65購02,0,,,,
711252,巨有國票61購01,99400,4.97,4.97,4.97,4.97
711253,倉和國票66購01,0,,,,
711254,博智國票61購01,6200,0.62,0.62,0.62,0.62
711255,晶呈國票65購01,8150,0.7,0.78,0.7,0.78
711256,千附元大61購01,22950,0.45,0.45,0.45,0.45
711257,中光電元大61購08,0,,,,
711259,中光電元大63購01,0,,,,
711261,宜鼎元大63購03,107920,0.71,0.71,0.71,0.71
711262,朋程元大61購02,21280,0.38,0.38,0.38,0.38
711263,家登元大61購04,40320,0.72,0.72,0.72,0.72
711264,家登元大61購05,320310,1.07,1.09,1.07,1.09
711265,凱崴元大61購01,0,,,,
711266,群聯元大61購16,0,,,,
711267,臺慶科元大61購04,1200,0.6,0.6,0.6,0.6
711268,營邦元大61購02,0,,,,
711269,中美晶國泰62購01,0,,,,
711270,世界富邦61購03,69230,0.43,0.48,0.43,0.47
711271,博智富邦63購01,12650,0.38,0.38,0.35,0.35
711272,富喬富邦61購02,90450,0.91,0.96,0.91,0.96
711273,千附精永豐64購01,0,,,,
711274,大中永豐61購01,0,,,,
711275,世界永豐61購02,79880,0.77,0.77,0.73,0.75
711276,家登永豐61購03,150080,0.96,0.96,0.94,0.96
711277,璟德永豐67購01,0,,,,
711278,九暘統一67購01,244510,0.68,0.75,0.68,0.75
711279,千附統一6C購01,0,,,,
711280,中光電統一65購02,0,,,,
711281,安勤統一67購02,106420,0.47,0.48,0.47,0.48
711282,青雲統一67購01,0,,,,
711283,倉和統一6C購01,0,,,,
711284,神準統一67購02,0,,,,
711285,翔名統一67購01,0,,,,
711286,順達統一65購04,15660,0.29,0.29,0.29,0.29
711287,M31台新61購01,66530,1.94,2.27,1.94,2.07
711288,M31台新62購01,493800,1.47,1.69,1.47,1.55
711289,M31台新64購01,214500,1.31,1.49,1.31,1.34
711290,千附精台新61購02,0,,,,
711291,富喬台新61購02,0,,,,
711292,頎邦台新61購06,108780,1.48,1.55,1.4,1.4
711293,M31凱基61購01,283670,1.6,1.75,1.46,1.56
711294,M31凱基61購02,81690,1.77,1.81,1.67,1.67
711295,M31凱基61購03,1048770,1.67,1.93,1.63,1.71
711296,千附精凱基61購03,1850,0.37,0.37,0.37,0.37
711297,中光電凱基61購04,0,,,,
711298,中美晶凱基61購08,5600,0.56,0.56,0.56,0.56
711299,朋程凱基61購02,27380,0.45,0.46,0.45,0.46
711300,博智凱基63購01,403260,1.42,1.48,1.28,1.28
711301,晶呈凱基61購01,177400,0.98,1.15,0.98,1.15
711302,翔名凱基61購02,0,,,,
711303,群聯凱基65購01,27800,1.83,1.87,1.83,1.86
711304,臺慶科凱基64購01,0,,,,
711305,營邦凱基61購03,3500,3.5,3.5,3.5,3.5
711306,千附精元大61購01,0,,,,
711307,中光電元大61購10,0,,,,
711308,宏捷科元大66購01,185750,0.92,0.94,0.92,0.93
711309,宜鼎元大63購04,39840,0.83,0.83,0.83,0.83
711310,原相元大61購03,116660,1.03,1.07,1.03,1.07
711311,順達元大63購01,0,,,,
711312,群聯元大61購17,116220,1.49,1.49,1.49,1.49
711313,臺慶科元大61購05,0,,,,
711314,世界國泰62購02,57720,1.25,1.26,1.25,1.26
711315,陽程國泰62購02,0,,,,
711316,鑫聯國泰62購01,0,,,,
711317,久禾光國票61購01,0,,,,
711318,千附精國票65購01,0,,,,
711319,中美晶國票61購05,0,,,,
711320,茂達國票61購02,0,,,,
711321,倉和國票67購01,0,,,,
711322,晶呈國票64購01,0,,,,
711323,頎邦國票64購01,54720,1.53,1.53,1.49,1.49
711324,寬魚國票61購01,0,,,,
711325,M31群益61購01,41850,1.57,1.76,1.57,1.76
711326,千附精群益61購02,0,,,,
711327,杰力群益61購02,74820,0.58,0.58,0.58,0.58
711328,博智群益61購02,281310,2.39,2.39,2.19,2.19
711329,陽程群益61購03,65700,4.16,4.66,4.16,4.66
711330,群聯群益63購01,44160,1.38,1.38,1.38,1.38
711331,M31富邦63購01,551350,1.08,1.15,1.08,1.15
711332,九暘統一65購01,1313350,0.65,0.8,0.64,0.77
711333,中美晶統一67購02,0,,,,
711334,M31永豐63購01,60000,1.25,1.25,1.25,1.25
711335,世紀*永豐63購01,0,,,,
711336,原相永豐61購03,209070,1.09,1.13,1.09,1.13
711337,家登永豐61購04,0,,,,
711338,晶呈永豐61購01,43820,0.73,0.81,0.73,0.79
711339,晶呈永豐64購01,66150,1.05,1.05,1.05,1.05
711340,千附精台新61購03,0,,,,
711341,良維台新61購01,2820,0.94,0.94,0.94,0.94
711342,創泓台新61購01,0,,,,
711343,中美晶凱基61購09,0,,,,
711344,宜鼎凱基61購04,52280,0.77,0.77,0.74,0.74
711345,原相凱基61購03,0,,,,
711346,智通*凱基61購03,0,,,,
711347,群聯凱基63購02,239570,1.5,1.55,1.47,1.47
711348,頎邦凱基64購02,72250,1.45,1.45,1.38,1.38
711349,雙鴻凱基63購02,0,,,,
711350,中光電元大61購11,0,,,,
711351,中美晶元大61購05,0,,,,
711352,創泓元大61購01,0,,,,
711353,智通*元大61購04,0,,,,
711354,智通*元大61購05,0,,,,
711355,中美晶群益61購02,0,,,,
711356,世界群益61購04,0,,,,
711357,加高群益61購01,0,,,,
711358,巨有群益61購01,0,,,,
711359,均豪群益66購01,141760,0.91,0.98,0.91,0.97
711360,智通*群益61購01,0,,,,
711361,群聯群益61購08,345450,3.66,3.73,3.55,3.61
711362,元太永豐61購05,0,,,,
711363,加高永豐61購02,0,,,,
711364,良維永豐61購02,0,,,,
711365,威剛永豐67購02,0,,,,
711366,敘豐永豐64購01,5300,0.53,0.53,0.53,0.53
711367,凱崴永豐61購01,0,,,,
711368,博智永豐61購02,0,,,,
711369,華電網永豐61購01,0,,,,
711370,閎康永豐61購03,0,,,,
711371,順達永豐64購03,0,,,,
711372,群聯永豐64購09,107900,1.66,1.66,1.66,1.66
711373,群聯永豐67購02,0,,,,
711374,聖暉*永豐64購01,34000,0.68,0.68,0.68,0.68
711375,千附國票65購01,0,,,,
711376,中美晶國票64購01,0,,,,
711377,原相國票61購02,0,,,,
711378,敘豐國票61購01,0,,,,
711379,創泓國票61購02,0,,,,
711380,創泓國票63購01,1420,0.71,0.71,0.71,0.71
711381,智擎國票65購01,0,,,,
711382,廣穎國票65購01,0,,,,
711384,千附精國泰62購01,0,,,,
711385,世界國泰62購03,216520,1.5,1.65,1.5,1.58
711386,宜鼎國泰62購03,0,,,,
711387,青雲國泰62購04,0,,,,
711388,倉和國泰62購01,0,,,,
711389,群聯國泰62購04,32200,1.4,1.4,1.4,1.4
711390,群聯國泰62購05,101380,1.16,1.17,1.16,1.17
711391,系統電富邦61購03,0,,,,
711392,宜鼎富邦61購03,21460,0.37,0.37,0.37,0.37
711393,群聯富邦63購02,131040,0.48,0.48,0.48,0.48
711394,M31統一67購01,526910,0.9,1.01,0.9,0.93
711395,M31統一67購02,279160,0.96,1.01,0.95,0.95
711396,M31統一6C購01,166330,0.84,0.87,0.84,0.84
711397,千附統一67購01,0,,,,
711398,千附精統一67購04,0,,,,
711399,大中統一67購01,0,,,,
711400,中光電統一67購01,0,,,,
711401,中光電統一6C購02,0,,,,
711402,中美晶統一66購04,0,,,,
711403,世紀*統一67購01,17200,1.72,1.72,1.72,1.72
711404,杰力統一67購01,0,,,,
711405,智通*統一6C購01,0,,,,
711406,閎康統一67購01,0,,,,
711407,廣穎統一63購01,0,,,,
711408,廣穎統一69購02,0,,,,
711409,千附國票66購01,10080,0.72,0.72,0.72,0.72
711410,元太國票61購01,0,,,,
711411,天品國票61購01,471630,1.13,1.15,1.1,1.12
711412,系統電國票64購01,0,,,,
711413,昇佳電國票66購01,840,0.42,0.42,0.42,0.42
711414,青雲國票61購02,16460,1.82,1.84,1.82,1.84
711415,耕興國票65購01,17250,0.58,0.58,0.57,0.57
711416,晟田國票62購01,0,,,,
711417,博士旺國票61購02,138600,0.77,0.77,0.77,0.77
711418,華景電國票65購01,0,,,,
711419,碩禾國票64購01,754840,0.5,0.5,0.45,0.45
711420,中美晶台新61購05,0,,,,
711421,中美晶台新63購03,0,,,,
711422,晟田台新61購02,0,,,,
711423,陽程台新61購01,0,,,,
711424,陽程台新61購02,0,,,,
711425,千附凱基61購02,0,,,,
711426,中光電凱基61購05,0,,,,
711427,中美晶凱基61購10,228010,0.18,0.19,0.18,0.19
711428,世界凱基64購02,246720,1.3,1.34,1.3,1.33
711429,立敦凱基61購02,0,,,,
711430,均豪凱基66購01,530830,1.14,1.2,1.14,1.2
711431,千附元大61購02,0,,,,
711432,千附元大61購03,0,,,,
711433,中美晶元大61購06,132700,0.98,1.0,0.98,1.0
711434,中美晶元大61購07,0,,,,
711435,中美晶元大61購08,24000,0.24,0.24,0.24,0.24
711436,中美晶元大63購03,10800,0.54,0.54,0.54,0.54
711437,中美晶元大65購04,0,,,,
711438,世界元大63購05,217140,0.66,0.66,0.66,0.66
711439,家登元大63購01,186500,1.66,1.73,1.66,1.73
711440,智通*元大61購06,0,,,,
711441,智通*元大63購02,0,,,,
711442,翔名元大61購03,0,,,,
711443,頎邦元大61購04,0,,,,
711444,漢科元大61購01,544180,0.57,0.58,0.57,0.57
711445,千附永豐61購03,0,,,,
711446,千附永豐61購04,0,,,,
711447,千附永豐61購05,0,,,,
711448,千附永豐64購01,440,0.44,0.44,0.44,0.44
711449,中美晶永豐61購04,0,,,,
711450,中美晶永豐64購02,29580,0.51,0.51,0.51,0.51
711451,世禾永豐61購01,38950,0.41,0.41,0.41,0.41
711452,巨漢永豐61購02,39110,0.39,0.39,0.37,0.37
711453,均豪永豐64購02,0,,,,
711454,宏捷科永豐64購01,43320,0.57,0.57,0.57,0.57
711455,創惟永豐61購01,39500,0.79,0.79,0.79,0.79
711456,智通*永豐61購02,0,,,,
711457,湧德永豐61購01,4900,0.49,0.49,0.49,0.49
711458,陽程永豐61購02,374000,3.74,3.74,3.74,3.74
711459,中光電國泰62購02,0,,,,
711460,中光電國泰62購03,0,,,,
711461,中美晶國泰63購02,12600,0.63,0.63,0.63,0.63
711462,世禾國泰62購01,72620,0.56,0.58,0.56,0.58
711463,翔名國泰62購01,13800,0.6,0.6,0.6,0.6
711464,廣穎國泰62購01,0,,,,
711465,千附統一67購02,0,,,,
711466,千附統一6C購02,860,0.43,0.43,0.43,0.43
711467,千附精統一67購05,0,,,,
711468,中美晶統一65購03,0,,,,
711469,中美晶統一67購03,0,,,,
711470,中美晶統一6C購02,169320,0.34,0.34,0.34,0.34
711471,世界統一6C購01,7260,0.66,0.66,0.66,0.66
711472,加高統一67購01,11000,0.55,0.55,0.55,0.55
711473,系微統一6C購01,0,,,,
711474,家登統一6C購02,64680,0.77,0.77,0.77,0.77
711475,博智統一6C購02,0,,,,
711476,廣穎統一6C購01,0,,,,
711477,雙鴻統一6C購01,23960,1.16,1.16,1.14,1.14
711478,中光電富邦62購03,0,,,,
711479,中美晶富邦61購04,0,,,,
711480,台特化富邦61購01,101690,0.37,0.45,0.37,0.45
711481,宜鼎富邦61購04,0,,,,
711482,宜鼎群益61購04,120650,1.27,1.27,1.27,1.27
711483,茂達群益61購03,0,,,,
711484,世界台新61購02,271840,0.72,0.8,0.72,0.77
711485,台嘉碩台新61購03,486640,1.11,1.19,1.11,1.17
711486,巨漢台新61購03,0,,,,
711487,良維台新61購02,0,,,,
711488,亞電台新61購01,200470,1.17,1.24,1.17,1.24
711489,長科*台新61購01,11040,0.92,0.92,0.92,0.92
711490,千附精群益61購03,0,,,,
711491,亞電群益61購01,0,,,,
711492,亞電群益61購02,75300,1.25,1.35,1.25,1.35
711493,亞電群益61購03,49440,2.06,2.06,2.06,2.06
711494,陽程群益63購02,0,,,,
711495,世界凱基61購02,14000,1.27,1.3,1.27,1.3
711496,巨漢凱基61購01,0,,,,
711497,系統電凱基61購02,64620,1.03,1.26,1.03,1.23
711498,宜鼎凱基61購05,31800,1.65,1.65,1.53,1.53
711499,昇佳電凱基61購02,5500,0.55,0.55,0.55,0.55
711500,長科*凱基61購01,0,,,,
711501,威剛凱基61購05,134400,1.42,1.43,1.4,1.43
711502,家登凱基63購01,25260,2.11,2.11,2.1,2.1
711503,富喬凱基61購06,41400,4.14,4.14,4.14,4.14
711504,智通*凱基61購04,0,,,,
711505,順達凱基61購05,22790,1.32,1.36,1.32,1.35
711506,群聯凱基61購11,2710,2.71,2.71,2.71,2.71
711507,頎邦凱基61購04,35280,2.1,2.1,1.96,1.96
711508,雙鴻凱基63購03,0,,,,
711509,千附精元大61購02,0,,,,
711511,亞電元大61購01,68320,1.83,1.88,1.83,1.84
711512,群聯元大61購18,0,,,,
711513,千附精統一65購01,0,,,,
711514,世界統一66購01,0,,,,
711515,亞電統一69購01,309250,0.78,0.83,0.78,0.8
711516,宜鼎統一64購05,86640,0.57,0.57,0.57,0.57
711517,倉和統一65購01,746840,3.8,3.8,3.46,3.46
711518,方土昶永豐61購01,0,,,,
711519,亞電永豐64購01,0,,,,
711520,昇佳電永豐63購01,0,,,,
711521,長科*永豐64購01,0,,,,
711522,陽程永豐61購03,0,,,,
711523,雙鴻永豐64購03,0,,,,
711524,世界國泰62購04,3133670,0.91,0.99,0.9,0.95
711525,良維國泰62購01,0,,,,
711526,亞電國泰62購01,175630,2.31,2.45,2.31,2.45
711527,朋程國泰63購01,5050,1.01,1.01,1.01,1.01
711528,漢科國泰62購01,24960,1.04,1.04,1.04,1.04
711529,千附精富邦61購01,0,,,,
711530,立碁富邦61購02,11650,1.95,1.95,1.94,1.94
711531,宜特富邦63購02,131560,0.44,0.44,0.44,0.44
711532,宜鼎富邦61購05,204140,0.55,0.58,0.55,0.56
711533,朋程富邦63購04,84870,0.41,0.41,0.41,0.41
711534,欣銓富邦61購02,7150,0.51,0.52,0.51,0.52
711535,長科*富邦62購02,0,,,,
711536,富喬富邦61購03,124000,1.23,1.25,1.23,1.25
711537,智通*富邦63購01,0,,,,
711538,陽程富邦61購03,0,,,,
711539,群聯富邦63購03,119040,1.12,1.12,1.11,1.11
711540,營邦富邦62購03,0,,,,
711541,雙鴻富邦63購02,0,,,,
711542,譜瑞富邦63購02,0,,,,
711543,M31國票65購01,52750,2.25,2.33,2.25,2.31
711544,台特化國票65購01,0,,,,
711545,禾瑞亞國票61購01,0,,,,
711546,亞電國票61購01,0,,,,
711547,長科*國票65購01,0,,,,
711548,榮田國票61購01,233200,1.2,1.2,1.16,1.16
711549,巨漢群益61購02,265780,0.63,0.69,0.63,0.63
711550,群聯群益61購09,341920,3.95,4.13,3.87,4.05
711551,千附精國票64購01,67210,1.74,1.74,1.08,1.08
711552,立碁國票65購01,37900,5.3,5.5,5.3,5.3
711553,亞電國票63購01,30400,2.02,2.04,2.02,2.04
711554,亞電國票64購01,37000,1.85,1.85,1.85,1.85
711555,宜鼎國票66購01,0,,,,
711556,朋程國票61購01,12480,1.04,1.04,1.04,1.04
711557,長科*國票64購01,0,,,,
711558,頎邦國票66購01,3710070,1.69,1.7,1.67,1.67
711559,漢科國票61購01,0,,,,
711560,臺慶科國票66購01,0,,,,
711561,磐儀國票65購01,0,,,,
711562,亞電台新61購02,65500,1.31,1.31,1.31,1.31
711563,亞電台新61購03,68160,1.42,1.42,1.42,1.42
711564,青雲台新61購01,0,,,,
711565,博士旺台新61購01,0,,,,
711566,千附精凱基61購04,0,,,,
711567,世界凱基61購03,516030,1.42,1.56,1.42,1.49
711568,亞電凱基61購01,178940,2.03,2.18,2.03,2.13
711569,泓格凱基61購01,0,,,,
711570,陽程凱基63購03,0,,,,
711571,群聯凱基66購02,75600,2.7,2.7,2.7,2.7
711572,泓格永豐61購01,1140,0.35,0.41,0.35,0.41
711573,群聯永豐67購03,1600220,1.5,1.52,1.46,1.5
711574,中光電元大61購12,0,,,,
711575,元太元大66購04,912270,0.85,0.86,0.83,0.85
711576,均豪元大61購03,15800,3.16,3.16,3.16,3.16
711577,青雲元大61購02,28980,2.07,2.07,2.07,2.07
711578,晟田元大61購03,0,,,,
711579,博智元大61購01,0,,,,
711580,群聯元大61購19,14080,1.76,1.76,1.76,1.76
711581,群聯元大63購05,116440,1.17,1.26,1.17,1.26
711582,聖暉*元大61購03,1500,0.3,0.3,0.3,0.3
711585,雙鴻元大63購03,0,,,,
711586,千附精國泰62購02,0,,,,
711587,元太國泰62購01,108110,0.47,0.47,0.46,0.46
711588,泓格國泰62購01,0,,,,
711589,能率亞國泰62購01,0,,,,
711590,晟田國泰62購01,0,,,,
711591,群聯國泰62購06,83690,2.34,2.34,2.23,2.23
711592,雙鴻國泰62購01,0,,,,
711593,禾瑞亞統一67購01,0,,,,
711594,長科*統一6C購01,0,,,,
711595,群聯統一66購02,0,,,,
711596,M31富邦63購02,8730,1.6,1.6,1.41,1.41
711597,久元富邦62購02,3240,0.54,0.54,0.54,0.54
711598,立敦富邦63購02,0,,,,
711599,宏捷科富邦63購01,41870,0.53,0.53,0.53,0.53
711600,威剛富邦61購01,0,,,,
711601,茂達富邦63購03,281110,0.52,0.52,0.51,0.52
711602,頎邦富邦62購01,10100,1.01,1.01,1.01,1.01
711603,頎邦富邦63購02,104000,0.93,0.96,0.93,0.96
711604,中光電凱基61購06,0,,,,
711605,世禾凱基61購01,900,0.45,0.45,0.45,0.45
711606,由田凱基61購01,530380,2.84,3.2,2.84,3.1
711607,宜鼎凱基65購01,397310,1.59,1.59,1.5,1.5
711608,長科*凱基64購01,0,,,,
711609,青雲凱基61購02,96390,1.19,1.19,1.19,1.19
711610,家登凱基61購03,1223460,1.93,2.03,1.92,2.03
711611,博智凱基63購02,11290,2.04,2.04,1.85,1.85
711612,雙鴻凱基61購08,0,,,,
711613,世界台新61購03,105660,1.53,1.72,1.53,1.72
711614,台嘉碩台新61購04,110910,1.43,1.53,1.43,1.49
711615,巨漢台新61購04,119880,0.74,0.74,0.74,0.74
711616,家登台新61購02,0,,,,
711617,M31元大61購02,237210,2.48,2.86,2.48,2.82
711618,千附精元大61購03,0,,,,
711619,元太元大66購05,536030,0.74,0.76,0.74,0.76
711620,世禾元大61購01,17600,0.54,0.54,0.51,0.51
711621,世界元大61購02,40800,1.69,1.71,1.69,1.71
711622,世界元大63購06,18520,0.84,0.86,0.84,0.86
711623,艾訊元大61購01,620720,0.63,0.72,0.63,0.7
711624,欣銓元大67購02,273810,1.86,1.87,1.8,1.83
711625,原相元大61購04,237180,0.71,0.73,0.71,0.73
711626,家登元大61購06,6360,1.59,1.59,1.59,1.59
711627,家登元大65購01,765740,1.49,1.55,1.49,1.54
711628,陽程元大61購05,0,,,,
711629,臺慶科元大61購06,0,,,,
711630,世界群益61購05,559840,4.91,5.15,4.91,5.15
711631,由田群益61購01,5045260,3.01,3.45,2.98,3.23
711632,泓格群益61購01,0,,,,
711633,群聯群益65購01,482800,4.55,4.65,4.53,4.53
711634,頎邦群益61購03,28300,2.83,2.83,2.83,2.83
711635,世界國票61購05,264220,1.19,1.19,1.16,1.17
711636,由田國票61購01,500010,2.76,3.17,2.76,2.98
711637,安勤國票65購01,42000,0.6,0.6,0.6,0.6
711638,泓格國票61購01,0,,,,
711639,威剛國票64購01,0,,,,
711640,茂訊國票65購02,0,,,,
711641,茂綸國票65購01,57550,1.21,1.21,1.13,1.13
711642,神準國票65購01,0,,,,
711643,創惟國票65購01,0,,,,
711644,鈊象國票63購01,875050,1.38,1.38,1.28,1.3
711645,精確國票65購01,34810,0.72,0.85,0.72,0.79
711646,銳澤國票65購01,0,,,,
711647,家登富邦63購02,336140,1.02,1.05,1.01,1.03
711648,創惟富邦61購01,42690,0.46,0.47,0.46,0.47
711649,巨漢國泰62購01,0,,,,
711650,威剛國泰62購02,0,,,,
711651,家登國泰62購02,307090,1.62,1.68,1.62,1.64
711652,順達國泰62購01,74190,1.28,1.28,1.27,1.27
711653,勤凱國泰62購01,29800,1.2,1.2,1.18,1.18
711654,由田統一67購01,329620,0.91,1.0,0.91,0.97
711655,由田統一6C購01,349280,0.91,0.96,0.91,0.95
711656,立碁統一67購02,753080,1.15,1.22,1.15,1.22
711657,立碁統一69購01,835240,1.22,1.25,1.2,1.25
711658,聖暉*統一69購01,0,,,,
711659,群聯中信61購03,0,,,,
711660,力領永豐61購01,0,,,,
711661,天品永豐64購01,719680,1.25,1.28,1.25,1.28
711662,世紀*永豐61購02,6000,6.0,6.0,6.0,6.0
711663,巨有永豐64購01,0,,,,
711664,禾瑞亞永豐61購01,0,,,,
711665,禾瑞亞永豐64購01,0,,,,
711666,艾訊永豐61購02,55590,0.43,0.49,0.43,0.49
711667,亞信永豐61購01,77720,0.75,0.79,0.75,0.78
711668,朋程永豐61購01,22680,0.84,0.84,0.84,0.84
711669,昱展永豐64購01,0,,,,
711670,原相永豐61購04,0,,,,
711671,家登永豐61購05,69180,3.27,3.44,3.27,3.44
711672,振曜永豐64購01,0,,,,
711673,博士旺永豐67購01,0,,,,
711674,博智永豐61購03,24780,1.77,1.77,1.77,1.77
711675,順達永豐61購03,0,,,,
711676,順達永豐67購02,41000,2.05,2.05,2.05,2.05
711677,聖暉*永豐61購02,0,,,,
711678,中光電台新61購06,0,,,,
711679,系微台新61購01,783070,1.09,1.15,1.07,1.11
711680,高技台新61購01,19160,1.19,1.21,1.19,1.21
711681,高技台新61購02,0,,,,
711682,博智台新61購01,0,,,,
711683,群聯台新61購05,0,,,,
711684,群聯台新61購06,0,,,,
711685,雙鴻台新61購01,0,,,,
711686,雙鴻台新61購02,0,,,,
711687,世界凱基61購04,1643590,0.78,0.85,0.78,0.8
711688,安勤凱基63購01,26000,0.52,0.52,0.52,0.52
711689,宜鼎凱基65購02,5500,1.1,1.1,1.1,1.1
711690,翔名凱基61購03,0,,,,
711691,鈊象凱基61購04,288610,1.38,1.38,1.25,1.29
711692,中光電元大64購01,2680,0.67,0.67,0.67,0.67
711693,世界元大61購03,19770,1.4,1.42,1.4,1.42
711694,世界元大61購04,413100,0.65,0.7,0.65,0.68
711695,世界元大63購07,373410,0.41,0.44,0.41,0.42
711696,欣銓元大67購03,11800,1.18,1.18,1.18,1.18
711697,泓格元大61購01,0,,,,
711698,家登元大61購07,631030,1.04,1.12,1.04,1.08
711699,家登元大61購08,89460,1.26,1.26,1.26,1.26
711700,家登元大65購02,128360,0.88,0.96,0.88,0.96
711701,高技元大61購01,14170,1.09,1.09,1.09,1.09
711702,博智元大61購02,2160,1.08,1.08,1.08,1.08
711703,群聯元大64購09,52920,1.96,1.96,1.96,1.96
711704,頎邦元大61購05,0,,,,
711705,巨漢國票61購02,0,,,,
711706,巨漢國票61購03,0,,,,
711707,宏捷科國票64購01,0,,,,
711708,宜特國票63購01,0,,,,
711709,高技國票65購01,0,,,,
711710,世界群益61購06,0,,,,
711711,欣銓群益61購02,1108130,1.14,1.16,1.09,1.11
711712,威剛群益63購01,650840,2.95,2.95,2.86,2.89
711713,高技群益61購01,0,,,,
711714,鈊象群益61購03,1048240,1.38,1.41,1.32,1.41
711715,群聯群益65購02,39910,2.1,2.14,2.07,2.09
711716,頎邦群益61購04,75060,1.39,1.39,1.39,1.39
711717,磐儀群益61購01,0,,,,
711718,營邦群益61購01,934100,2.52,2.52,2.42,2.42
711719,雙鴻群益61購04,319400,5.35,5.35,5.15,5.15
711720,宜鼎中信61購04,0,,,,
711721,威剛中信61購02,0,,,,
711722,中光電永豐61購06,0,,,,
711723,元太永豐61購06,110510,0.52,0.52,0.51,0.52
711724,永信建永豐65購01,0,,,,
711725,由田永豐61購01,1358930,1.67,1.93,1.67,1.79
711726,岳豐永豐64購01,0,,,,
711727,原相永豐61購05,271770,0.69,0.72,0.69,0.72
711728,順達永豐61購04,0,,,,
711729,順達永豐61購05,0,,,,
711730,群翊永豐61購02,130390,1.23,1.24,1.23,1.24
711731,群聯永豐67購04,0,,,,
711732,精華永豐61購01,0,,,,
711733,臺慶科永豐61購01,0,,,,
711734,倉和國泰63購01,0,,,,
711735,原相國泰62購01,137360,0.94,0.95,0.94,0.95
711736,雙鴻國泰62購02,0,,,,
711737,由田統一65購01,2951750,1.09,1.22,1.09,1.16
711738,宏捷科統一65購01,82000,0.41,0.41,0.41,0.41
711739,長科*統一65購01,0,,,,
711740,茂訊統一65購01,71040,0.48,0.48,0.48,0.48
711741,高技統一67購01,0,,,,
711742,高技統一69購01,0,,,,
711743,高技統一6C購01,0,,,,
711744,博智統一65購02,64660,0.61,0.61,0.61,0.61
711745,聖暉*統一65購04,0,,,,
711746,家登台新61購03,0,,,,
711747,敘豐台新61購01,0,,,,
711748,博士旺台新61購02,242500,0.97,0.97,0.97,0.97
711749,群聯台新61購08,0,,,,
711750,群聯台新63購01,970900,5.7,5.7,5.6,5.6
711751,群聯台新64購01,177000,5.9,5.95,5.85,5.95
711752,雙鴻台新61購03,0,,,,
711753,雙鴻台新63購01,0,,,,
711754,中光電凱基61購07,0,,,,
711755,艾訊凱基61購01,0,,,,
711756,威剛凱基61購07,4000,2.0,2.0,2.0,2.0
711757,家登凱基61購04,74140,1.21,1.24,1.21,1.24
711758,高技凱基61購01,0,,,,
711759,博智凱基61購02,0,,,,
711760,群聯凱基61購12,0,,,,
711761,磐儀凱基61購01,0,,,,
711762,雙鴻凱基61購09,0,,,,
711763,中光電國票61購03,0,,,,
711764,天正國票68購01,6800,0.68,0.68,0.68,0.68
711765,好德國票61購01,23790,0.71,0.71,0.62,0.62
711766,系微國票65購01,830,0.83,0.83,0.83,0.83
711767,振發國票65購01,29440,0.68,0.68,0.66,0.66
711768,富喬國票61購02,0,,,,
711769,富喬國票63購01,20140,5.1,5.1,4.97,4.97
711770,達航國票65購01,0,,,,
711771,蜜望實國票61購01,0,,,,
711772,世禾群益61購01,227530,0.79,0.84,0.79,0.79
711773,世禾群益61購02,0,,,,
711774,東浦群益61購03,26000,0.26,0.26,0.26,0.26
711775,家登群益63購03,0,,,,
711776,神準群益61購01,0,,,,
711777,博士旺群益61購01,462000,1.32,1.32,1.32,1.32
711778,臺慶科群益61購02,0,,,,
711779,蜜望實群益61購01,0,,,,
711780,磐儀群益61購02,0,,,,
711781,磐儀群益61購03,0,,,,
711782,元太元大65購04,27050,0.56,0.56,0.55,0.55
711783,立碁元大61購01,171830,2.38,2.41,2.22,2.41
711784,艾訊元大61購02,5580,0.5,0.58,0.5,0.58
711785,泓格元大61購02,28160,0.32,0.32,0.32,0.32
711786,博智元大61購03,2300,1.15,1.15,1.15,1.15
711787,群聯元大64購10,72420,2.13,2.13,2.13,2.13
711788,頎邦元大64購01,0,,,,
711789,蜜望實元大61購01,0,,,,
711790,磐儀元大61購01,0,,,,
711791,營邦元大61購04,0,,,,
711792,大學光永豐61購01,66640,0.49,0.49,0.49,0.49
711793,立碁永豐61購02,0,,,,
711794,全宇昕永豐61購02,32320,1.01,1.02,1.0,1.0
711795,伯特光永豐61購01,0,,,,
711796,宏碁資永豐61購01,363000,0.61,0.61,0.6,0.6
711797,宜鼎永豐61購04,8000,0.8,0.8,0.8,0.8
711798,泓格永豐64購01,0,,,,
711799,能率永豐61購01,0,,,,
711800,高技永豐61購01,0,,,,
711801,高技永豐61購02,0,,,,
711802,高技永豐63購01,0,,,,
711803,高技永豐67購01,0,,,,
711804,高鋒永豐61購01,0,,,,
711805,凱崴永豐61購02,0,,,,
711806,富喬永豐61購04,0,,,,
711807,崴寶永豐64購01,1140,1.14,1.14,1.14,1.14
711808,華電網永豐61購02,14200,0.72,0.72,0.7,0.7
711809,聖暉*永豐64購02,37100,0.53,0.53,0.53,0.53
711810,僑威永豐61購01,2200,0.44,0.44,0.44,0.44
711811,蜜望實永豐61購02,0,,,,
711812,蜜望實永豐61購03,57420,0.58,0.58,0.58,0.58
711813,艾訊國泰63購01,381490,1.05,1.15,1.05,1.11
711814,泓格國泰63購01,0,,,,
711815,頎邦國泰63購01,172490,1.65,1.66,1.5,1.5
711816,頎邦國泰63購02,456160,1.94,2.01,1.87,1.87
711817,巨漢富邦63購01,0,,,,
711818,安勤富邦63購01,126240,0.34,0.34,0.33,0.33
711819,宜鼎富邦67購01,0,,,,
711820,富喬富邦67購01,0,,,,
711821,蜜望實富邦63購01,117550,0.41,0.41,0.4,0.4
711822,艾訊統一6C購01,0,,,,
711823,泓格統一6B購01,23760,0.44,0.44,0.44,0.44
711824,茂達統一65購04,0,,,,
711825,振發統一6C購01,0,,,,
711826,蜜望實統一65購01,0,,,,
711827,蜜望實統一6B購01,0,,,,
711828,蜜望實統一6C購01,0,,,,
711829,泓格群益61購02,183920,0.85,0.91,0.85,0.88
711830,泓格群益61購03,0,,,,
711831,元債20國票61購01,0,,,,
711832,天品國票61購02,24250,1.61,1.63,1.61,1.63
711833,天品國票63購01,711560,1.47,1.47,1.4,1.44
711834,方土昶國票65購01,4020,0.67,0.67,0.67,0.67
711835,宏碁資國票65購01,0,,,,
711836,倚強國票61購01,9900,4.95,4.95,4.95,4.95
711837,智通*國票61購03,0,,,,
711838,雙鴻國票66購01,0,,,,
711839,穩得國票61購01,0,,,,
711840,中光電中信61購01,0,,,,
711841,大世科永豐61購01,0,,,,
711842,中美晶永豐64購03,0,,,,
711843,友輝永豐61購01,0,,,,
711844,安勤永豐61購01,0,,,,
711845,岱稜永豐61購01,0,,,,
711846,東洋永豐61購01,0,,,,
711847,統振永豐61購01,0,,,,
711848,智擎永豐61購01,0,,,,
711849,頎邦永豐63購01,0,,,,
711850,銳澤永豐61購01,0,,,,
711851,雙鴻永豐61購06,0,,,,
711852,中美晶元大63購04,16380,0.63,0.63,0.63,0.63
711853,中美晶元大67購01,5100,0.51,0.51,0.51,0.51
711854,安勤元大61購01,429600,0.45,0.48,0.44,0.44
711855,艾訊元大61購03,412830,0.67,0.74,0.67,0.73
711856,欣銓元大65購01,198100,1.55,1.55,1.51,1.53
711857,泓格元大67購01,468380,0.77,0.85,0.76,0.84
711858,晟田元大61購04,0,,,,
711859,順達元大63購02,275220,1.39,1.39,1.39,1.39
711860,群聯元大64購11,427020,1.49,1.51,1.47,1.47
711861,廣積元大61購01,8600,0.86,0.86,0.86,0.86
711862,雙鴻元大61購17,0,,,,
711863,雙鴻元大61購18,0,,,,
711864,雙鴻元大63購04,31600,1.83,1.83,1.75,1.75
711865,中美晶台新65購01,20020,0.77,0.77,0.77,0.77
711866,智通*台新61購01,0,,,,
711867,群聯台新61購09,0,,,,
711868,頎邦台新61購07,0,,,,
711869,蜜望實台新61購01,93560,1.14,1.14,1.12,1.12
711870,廣積台新61購01,489440,1.43,1.61,1.39,1.59
711871,中美晶凱基61購11,27170,0.72,0.72,0.71,0.71
711872,中美晶凱基63購02,80560,1.06,1.06,1.06,1.06
711873,元太凱基66購01,657210,0.78,0.79,0.77,0.78
711874,立碁凱基61購01,82900,1.85,1.85,1.78,1.78
711875,宜鼎凱基61購06,9300,0.93,0.93,0.93,0.93
711876,宜鼎凱基63購01,0,,,,
711877,富喬凱基61購07,0,,,,
711878,頎邦凱基61購06,0,,,,
711879,蜜望實凱基61購01,206390,0.71,0.71,0.68,0.69
711880,營邦凱基61購04,326080,3.35,3.35,3.03,3.03
711881,雙鴻凱基63購04,0,,,,
711882,中光電國泰63購01,0,,,,
711883,立碁國泰63購01,414140,3.64,3.81,3.53,3.64
711884,博智國泰63購01,0,,,,
711885,富喬國泰63購01,0,,,,
711886,富喬國泰63購02,0,,,,
711887,智通*國泰63購01,51000,1.02,1.02,1.02,1.02
711888,廣積國泰63購01,193490,1.94,2.12,1.94,2.12
711889,中美晶富邦63購02,10220,0.73,0.73,0.73,0.73
711890,中美晶富邦67購01,1920,0.64,0.64,0.64,0.64
711891,中美晶富邦77購01,9570,0.87,0.87,0.87,0.87
711892,世界富邦61購04,12710,0.58,0.63,0.58,0.63
711893,世界富邦67購01,52150,0.73,0.76,0.73,0.76
711894,高技富邦63購01,5040,0.63,0.63,0.63,0.63
711895,昱展統一67購01,0,,,,
711896,高技統一67購02,0,,,,
711897,蜜望實統一67購01,26500,0.5,0.5,0.5,0.5
711898,磐儀統一67購01,0,,,,
711899,中美晶群益61購03,362730,1.12,1.18,1.12,1.18
711900,元太群益61購01,125100,0.79,0.8,0.77,0.79
711901,高技群益61購02,0,,,,
711902,廣積群益61購01,11800,0.95,1.01,0.95,1.01
711903,廣積群益63購01,98120,1.0,1.04,1.0,1.04
711904,雙鴻群益61購05,0,,,,
711905,中光電凱基61購08,0,,,,
711906,中美晶凱基61購12,179160,1.22,1.3,1.22,1.3
711907,立碁凱基61購02,418560,1.82,2.05,1.78,1.85
711908,艾訊凱基61購02,18300,0.61,0.61,0.61,0.61
711909,欣銓凱基65購01,3030,1.5,1.53,1.5,1.53
711910,泓格凱基61購02,0,,,,
711911,威剛凱基63購01,0,,,,
711912,振發凱基61購01,65840,1.62,1.62,1.55,1.55
711913,智通*凱基61購05,0,,,,
711914,順達凱基63購02,7450,1.49,1.49,1.49,1.49
711915,群聯凱基61購13,0,,,,
711916,M31台新67購01,201290,2.67,2.97,2.66,2.77
711917,世界台新61購04,0,,,,
711918,群聯台新67購05,684400,3.66,3.74,3.66,3.66
711919,群聯台新67購06,0,,,,
711920,M31元大61購03,60050,2.01,2.09,2.01,2.09
711921,中美晶元大61購10,237590,0.92,0.94,0.91,0.94
711922,中美晶元大67購02,0,,,,
711923,立碁元大61購02,320800,1.86,1.89,1.77,1.85
711924,宜鼎元大61購11,0,,,,
711925,泓格元大61購03,555870,0.46,0.53,0.46,0.53
711926,威剛元大61購07,0,,,,
711927,鈊象元大61購02,38980,1.46,1.49,1.41,1.41
711928,群聯元大61購21,0,,,,
711929,群聯元大63購06,242490,1.37,1.37,1.37,1.37
711930,中美晶永豐64購04,24130,1.41,1.43,1.41,1.42
711931,世界永豐64購01,3618370,1.81,1.83,1.77,1.79
711932,宜鼎永豐61購05,102600,0.91,0.92,0.91,0.92
711933,宜鼎永豐63購03,0,,,,
711934,鈊象永豐61購02,42340,1.44,1.44,1.32,1.33
711935,廣積永豐61購02,350050,0.97,1.09,0.97,1.09
711936,加高國票65購01,7700,0.77,0.77,0.77,0.77
711937,立碁國票64購01,154960,1.67,1.79,1.63,1.73
711938,泓格國票61購02,238000,0.68,0.68,0.68,0.68
711939,茂迪國票64購01,0,,,,
711940,陽程國票61購03,29000,5.8,5.8,5.8,5.8
711941,頎邦國票63購01,95510,2.04,2.04,1.97,1.97
711942,廣積國票67購01,213880,0.78,0.85,0.78,0.85
711943,磐儀國票66購01,0,,,,
711944,晟田國泰63購01,0,,,,
711945,立碁富邦61購03,272230,0.99,1.08,0.99,1.03
711946,威剛富邦64購02,0,,,,
711947,頎邦統一6A購01,726990,1.13,1.15,1.12,1.12
711948,中光電群益62購01,0,,,,
711949,正德國票62購01,18400,0.92,0.92,0.92,0.92
711950,威剛國票62購03,0,,,,
711951,美達國票62購01,0,,,,
711952,森鉅國票67購01,0,,,,
711953,群聯國票62購02,0,,,,
711954,世界中信62購01,0,,,,
711955,宜鼎永豐63購04,0,,,,
711956,富喬永豐62購01,0,,,,
711957,富喬永豐63購01,0,,,,
711958,台嘉碩國泰63購01,0,,,,
711959,宜鼎國泰63購01,0,,,,
711960,群聯國泰65購01,65550,2.63,2.63,2.58,2.58
711961,群聯富邦63購04,0,,,,
711962,群聯富邦63購05,0,,,,
711963,群聯富邦63購06,0,,,,
711964,頎邦富邦63購03,0,,,,
711965,雙鴻富邦63購03,0,,,,
711966,雙鴻富邦63購04,0,,,,
711967,M31台新62購02,1422740,2.37,2.59,2.37,2.55
711968,頎邦台新62購01,0,,,,
711969,元太凱基65購01,198690,0.86,0.87,0.84,0.87
711970,宜鼎凱基62購01,0,,,,
711971,威剛凱基63購02,37680,2.08,2.1,2.08,2.1
711972,高技凱基62購01,0,,,,
711973,富喬凱基62購02,0,,,,
711974,群聯凱基62購01,0,,,,
711975,頎邦凱基63購02,7880,3.94,3.94,3.94,3.94
711976,廣積凱基62購01,332840,0.89,1.12,0.89,1.12
711977,磐儀凱基62購01,27000,0.9,0.9,0.9,0.9
711978,雙鴻凱基62購01,0,,,,
711979,M31元大62購01,90160,1.81,1.89,1.81,1.89
711980,M31元大65購01,266110,1.34,1.46,1.34,1.45
711981,巨漢元大62購01,37300,1.07,1.07,1.06,1.06
711982,良維元大62購01,164100,1.77,1.77,1.7,1.74
711983,威剛元大62購03,0,,,,
711984,博智元大62購01,32130,2.36,2.36,2.29,2.29
711985,富喬元大67購01,0,,,,
711986,鈊象元大62購05,757540,1.25,1.25,1.11,1.13
711987,鈊象元大62購06,57800,1.98,1.98,1.86,1.86
711988,群聯元大62購04,146140,2.09,2.12,2.03,2.07
711989,中光電永豐63購01,12800,1.28,1.28,1.28,1.28
711990,家登永豐63購01,0,,,,
711991,富喬永豐65購02,0,,,,
711992,富喬永豐68購02,0,,,,
711993,群聯永豐64購10,0,,,,
711994,新應材群益62購01,397250,1.14,1.38,1.14,1.32
711995,中美晶台新62購01,718250,1.08,1.15,1.08,1.12
711996,宜鼎台新62購02,0,,,,
711997,欣銓台新62購01,187340,3.32,3.34,3.24,3.25
711998,威剛台新62購02,250000,1.25,1.25,1.25,1.25
711999,倉和台新68購01,0,,,,
712000,臺慶科台新62購01,0,,,,
712001,中光電凱基63購01,0,,,,
712002,中美晶凱基63購04,19500,1.95,1.95,1.95,1.95
712003,巨漢凱基63購01,240920,1.31,1.31,1.3,1.3
712004,良維凱基63購01,0,,,,
712005,博智凱基63購03,0,,,,
712006,順達凱基63購03,0,,,,
712007,鈊象凱基64購03,469330,2.72,2.72,2.5,2.56
712008,群聯凱基63購04,0,,,,
712009,群聯凱基64購05,0,,,,
712010,元太國票64購01,0,,,,
712011,世紀*國票66購01,13670,4.46,4.61,4.46,4.6
712012,光焱國票66購01,20460,0.66,0.66,0.66,0.66
712013,光焱國票68購01,10600,1.06,1.06,1.06,1.06
712014,沛亨國票66購01,0,,,,
712015,宜鼎國票68購01,0,,,,
712016,順達國票65購02,3230,1.63,1.63,1.6,1.6
712017,臺慶科國票64購01,0,,,,
712018,譜瑞國票66購01,0,,,,
712019,中美晶元大64購03,0,,,,
712020,均華元大64購01,34750,1.98,2.24,1.98,2.2
712021,均豪元大64購03,15480,1.29,1.29,1.29,1.29
712022,系統電元大64購01,35810,2.05,2.28,2.05,2.28
712023,良維元大63購02,0,,,,
712024,良維元大64購01,0,,,,
712025,宜鼎元大64購01,481020,1.19,1.19,1.16,1.16
712026,陽程元大64購01,0,,,,
712027,鈊象元大63購06,259800,1.65,1.65,1.52,1.52
712028,鈊象元大63購07,783500,1.23,1.23,1.15,1.18
712029,鈊象元大64購03,583280,0.82,0.82,0.79,0.79
712030,新應材元大63購01,200010,1.76,2.05,1.76,2.05
712031,新應材元大63購02,366210,1.73,1.92,1.73,1.84
712032,新應材元大63購03,124400,1.69,1.89,1.69,1.89
712033,新應材元大64購01,283200,1.7,1.92,1.7,1.92
712034,群聯元大63購07,30380,2.17,2.17,2.17,2.17
712035,群聯元大63購08,12800,2.56,2.56,2.56,2.56
712036,群聯元大64購12,94500,1.5,1.5,1.5,1.5
712037,威剛國泰63購01,0,,,,
712038,聖暉*國泰63購01,199690,0.93,0.95,0.9,0.95
712039,M31富邦65購01,493190,1.06,1.2,1.06,1.09
712040,群聯富邦64購02,0,,,,
712041,台特化國票67購01,228110,1.34,1.55,1.34,1.5
712042,艾訊國票67購01,16010,1.07,1.07,1.05,1.05
712043,宏捷科國票69購01,0,,,,
712044,高技國票65購02,0,,,,
712045,博磊國票66購01,10700,0.89,0.9,0.89,0.9
712046,竑騰群益62購01,120680,2.46,2.55,2.44,2.55
712047,順達群益62購01,0,,,,
712048,新應材群益62購02,5900,1.18,1.18,1.18,1.18
712049,聖暉*群益62購01,38070,0.81,0.81,0.81,0.81
712050,營邦群益62購01,0,,,,
712051,營邦群益62購02,0,,,,
712052,中光電元大64購02,0,,,,
712053,宜鼎元大63購05,26400,1.35,1.35,1.29,1.29
712054,宜鼎元大64購02,170240,1.12,1.12,1.12,1.12
712055,威剛元大63購01,153260,1.61,1.62,1.6,1.6
712056,威剛元大64購02,0,,,,
712057,倉和元大63購01,126250,8.9,9.05,7.25,7.25
712058,高技元大63購01,14040,2.34,2.34,2.34,2.34
712059,富喬元大63購02,0,,,,
712060,智通*元大63購03,0,,,,
712061,智通*元大64購01,0,,,,
712062,群聯元大63購09,5970,2.03,2.03,1.97,1.97
712063,蜜望實元大63購01,128510,0.71,0.71,0.71,0.71
712064,廣穎元大63購01,163060,0.62,0.62,0.62,0.62
712065,雙鴻元大63購05,0,,,,
712066,雙鴻元大63購06,9880,4.88,5.0,4.88,5.0
712067,雙鴻元大64購03,38150,2.55,2.55,2.54,2.54
712068,均華國泰63購01,301170,3.21,3.49,3.21,3.49
712069,家登國泰63購01,0,,,,
712070,順達國泰63購01,0,,,,
712071,順達國泰63購02,0,,,,
712072,鈊象國泰63購01,99400,1.71,1.71,1.63,1.63
712073,新應材國泰63購01,411900,2.04,2.43,2.04,2.32
712074,營邦國泰63購01,0,,,,
712075,新應材中信62購01,84470,0.77,0.89,0.77,0.85
712076,竑騰永豐63購01,461070,1.7,1.78,1.7,1.78
712077,博磊永豐63購01,271390,1.11,1.26,1.11,1.26
712078,順達永豐63購01,0,,,,
712079,新應材永豐68購01,0,,,,
712080,新應材永豐68購02,89110,0.77,0.84,0.77,0.84
712081,新應材永豐68購03,0,,,,
712082,群聯永豐64購11,0,,,,
712083,均華凱基64購01,437130,2.31,2.67,2.28,2.61
712084,沛亨凱基63購01,34970,3.46,3.56,3.46,3.56
712085,宜鼎凱基68購01,913430,2.15,2.15,2.01,2.02
712086,新應材凱基63購01,356240,1.42,1.62,1.42,1.53
712087,新應材凱基63購02,161740,2.1,2.11,2.1,2.1
712088,新應材凱基63購03,761120,1.99,2.38,1.99,2.35
712089,新應材凱基64購01,313110,1.81,2.1,1.81,1.98
712090,群聯凱基63購05,0,,,,
712091,臺慶科凱基63購02,0,,,,
712092,雙鴻凱基63購05,0,,,,
712093,譜瑞凱基63購01,0,,,,
712094,世界台新65購01,217480,2.71,2.79,2.71,2.79
712095,巨漢台新62購01,120750,1.75,1.75,1.75,1.75
712096,均華台新62購01,0,,,,
712097,均華台新62購02,0,,,,
712098,宜鼎台新62購03,0,,,,
712099,竑騰台新62購01,0,,,,
712100,家登台新62購02,0,,,,
712101,國眾台新65購01,0,,,,
712102,博磊台新62購01,0,,,,
712103,群聯台新68購01,700620,3.58,3.64,3.57,3.57
712104,聚和台新62購01,210500,1.53,1.56,1.53,1.54
712105,營邦台新62購01,0,,,,
712106,營邦台新62購02,0,,,,
712107,營邦台新65購01,0,,,,
712108,均華富邦63購01,240840,1.19,1.34,1.18,1.34
712109,宜鼎富邦62購01,88280,0.88,0.9,0.88,0.9
712110,家登富邦64購01,0,,,,
712111,家登富邦64購02,0,,,,
712112,順達富邦63購02,57500,1.15,1.15,1.15,1.15
712113,新應材富邦63購03,195420,0.77,0.94,0.77,0.89
712114,新應材富邦64購01,252800,0.7,0.83,0.7,0.8
712115,營邦富邦64購01,0,,,,
712116,新應材統一71購01,209690,0.82,0.85,0.82,0.82
712117,新應材統一71購02,107790,0.81,0.84,0.81,0.84
712118,群聯統一6A購01,111200,1.09,1.1,1.09,1.1
712119,世禾國票66購01,53310,0.9,0.91,0.9,0.9
712120,系統電國票67購01,31000,1.0,1.05,1.0,1.05
712121,系微國票65購02,0,,,,
712122,松上國票65購01,14800,0.74,0.74,0.74,0.74
712123,前鼎國票65購01,0,,,,
712124,能率國票65購01,0,,,,
712125,華景電國票65購02,0,,,,
712126,順達國票67購01,3860,1.93,1.93,1.93,1.93
712127,廣穎國票65購02,0,,,,
712128,中美晶台新65購02,0,,,,
712129,宜鼎台新62購04,0,,,,
712130,新應材台新62購01,1450,1.45,1.45,1.45,1.45
712131,新應材台新62購02,273080,2.25,2.42,2.25,2.41
712132,中光電元大64購03,0,,,,
712133,中美晶元大64購04,188330,1.58,1.61,1.55,1.61
712134,台特化元大64購01,504950,1.21,1.55,1.21,1.55
712135,富喬元大64購05,0,,,,
712136,廣積元大63購04,59010,2.9,3.03,2.9,3.02
712137,營邦元大64購01,0,,,,
712138,中美晶中信62購01,35520,0.74,0.74,0.74,0.74
712139,富喬中信64購01,65100,2.17,2.17,2.17,2.17
712140,中光電永豐63購02,0,,,,
712141,系統電永豐64購02,61720,1.33,1.43,1.33,1.43
712142,宜鼎永豐63購05,130720,1.28,1.3,1.28,1.3
712143,宜鼎永豐64購03,0,,,,
712144,宜鼎永豐65購02,96140,1.1,1.1,1.09,1.09
712145,倉和永豐63購01,0,,,,
712146,耕興永豐63購01,0,,,,
712147,晟德永豐63購01,0,,,,
712148,頎邦永豐63購02,71920,2.83,2.98,2.83,2.88
712149,雙鴻永豐63購04,0,,,,
712150,雙鴻永豐64購04,0,,,,
712151,M31群益62購01,177640,1.23,1.32,1.13,1.18
712152,世界群益62購03,273740,2.38,2.61,2.38,2.61
712153,均華群益68購01,2199270,2.75,3.1,2.72,2.98
712154,宜特群益62購01,267140,1.42,1.43,1.42,1.43
712155,家登群益62購01,69400,3.45,3.49,3.45,3.49
712156,博智群益63購02,67600,1.3,1.3,1.3,1.3
712157,群聯群益64購02,129620,3.86,3.94,3.86,3.94
712158,頎邦群益62購01,0,,,,
712159,雙鴻群益64購01,50200,8.35,8.45,8.35,8.45
712160,中美晶凱基63購05,642310,2.21,2.32,2.21,2.32
712161,宏捷科凱基67購01,126360,1.08,1.08,1.08,1.08
712162,系統電凱基64購01,3700,1.85,1.85,1.85,1.85
712163,宜鼎凱基63購02,0,,,,
712164,威剛凱基64購02,0,,,,
712165,倉和凱基63購01,50750,9.35,9.35,7.6,7.6
712166,智通*凱基63購01,0,,,,
712167,群聯凱基63購06,209240,1.26,1.26,1.2,1.2
712168,蜜望實凱基63購01,59120,1.1,1.1,1.08,1.08
712169,營邦凱基63購01,0,,,,
712170,雙鴻凱基63購06,0,,,,
712171,巨漢富邦63購02,520,0.52,0.52,0.52,0.52
712172,博智富邦63購02,19440,0.81,0.81,0.81,0.81
712173,頎邦富邦64購02,0,,,,
712174,中美晶國泰63購03,190630,2.0,2.02,2.0,2.02
712175,巨漢國泰63購01,161540,1.97,1.97,1.97,1.97
712176,頎邦國泰63購03,0,,,,
712177,雙鴻國泰63購02,0,,,,
712178,元太統一6A購01,0,,,,
712179,富喬統一6A購01,0,,,,
712180,中光電元大64購04,0,,,,
712181,弘塑元大63購03,471030,0.97,0.97,0.93,0.93
712182,弘塑元大64購02,573900,1.11,1.11,1.08,1.08
712183,艾訊元大63購01,142880,1.26,1.31,1.26,1.31
712184,威剛元大63購04,90720,1.44,1.44,1.44,1.44
712185,威剛元大64購03,0,,,,
712186,博智元大64購01,0,,,,
712187,萬潤元大63購01,553350,1.11,1.32,1.11,1.32
712188,中光電台新65購01,0,,,,
712189,中美晶台新65購03,46290,1.17,1.2,1.17,1.19
712190,均華台新62購03,45880,1.79,2.1,1.79,2.1
712191,欣銓台新62購02,0,,,,
712192,威剛台新65購01,37200,0.93,0.93,0.93,0.93
712193,威剛台新68購01,0,,,,
712194,家登台新62購03,0,,,,
712195,家登台新65購01,69350,1.64,1.66,1.64,1.65
712196,萬潤台新62購01,0,,,,
712197,萬潤台新62購02,568550,1.87,2.2,1.87,2.2
712198,萬潤台新62購03,103030,2.45,2.53,2.38,2.53
712199,萬潤台新65購01,484700,1.9,2.31,1.88,2.0
712200,萬潤台新68購01,4119690,2.2,2.47,2.19,2.3
712201,世禾凱基66購01,145700,0.79,0.84,0.79,0.8
712202,世界凱基63購04,53490,1.16,1.21,1.12,1.2
712203,台特化凱基63購02,339560,1.82,2.21,1.82,2.21
712204,宜特凱基63購01,0,,,,
712205,高技凱基63購01,137680,0.9,0.92,0.88,0.92
712206,博智凱基63購04,221700,1.33,1.39,1.33,1.38
712207,智通*凱基63購02,0,,,,
712208,新應材凱基63購05,36800,0.63,0.72,0.63,0.72
712209,廣積凱基63購01,126450,1.62,1.7,1.6,1.7
712210,廣穎凱基63購01,5220,0.58,0.58,0.58,0.58
712211,富喬中信64購02,46250,1.85,1.85,1.85,1.85
712212,中美晶永豐64購05,117570,1.05,1.06,1.05,1.06
712213,天正永豐65購01,0,,,,
712214,朋億*永豐63購01,1880,0.94,0.94,0.94,0.94
712215,金山電永豐65購01,0,,,,
712216,家登永豐63購02,0,,,,
712217,港建*永豐64購01,0,,,,
712218,萬潤永豐65購01,608880,1.01,1.29,1.01,1.29
712219,萬潤永豐66購01,0,,,,
712220,萬潤永豐68購01,538710,1.68,1.76,1.68,1.76
712221,德昌永豐65購01,0,,,,
712222,營邦永豐63購01,0,,,,
712223,久元國票66購01,0,,,,
712224,互動國票66購01,0,,,,
712225,朋億*國票66購01,0,,,,
712226,金山電國票65購01,0,,,,
712227,金山電國票67購01,0,,,,
712228,家登國票63購01,16700,3.34,3.34,3.34,3.34
712229,高技國票66購01,0,,,,
712230,凱崴國票65購01,55400,0.86,0.86,0.85,0.85
712231,博磊國票68購01,0,,,,
712232,港建*國票63購01,5400,0.9,0.9,0.9,0.9
712233,瑞穎國票63購01,0,,,,
712234,萬潤國票66購01,226390,0.96,1.05,0.95,0.98
712235,萬潤國票68購01,5500,1.1,1.1,1.1,1.1
712236,中美晶富邦62購02,76000,0.86,0.9,0.85,0.9
712237,弘塑富邦63購02,0,,,,
712238,威剛富邦62購02,0,,,,
712239,中美晶群益62購03,296900,1.81,1.87,1.79,1.87
712240,台嘉碩群益62購01,0,,,,
712241,弘塑群益62購01,360760,0.9,0.94,0.88,0.89
712242,弘塑群益62購02,0,,,,
712243,宏捷科群益64購01,376940,0.91,0.93,0.91,0.93
712244,系統電群益62購01,0,,,,
712245,宜鼎群益62購01,9960,0.84,0.85,0.81,0.81
712246,金山電群益62購01,26000,1.3,1.3,1.3,1.3
712247,前鼎群益68購01,0,,,,
712248,威剛群益62購03,0,,,,
712249,原相群益62購01,51170,1.2,1.2,1.18,1.18
712250,智通*群益62購01,0,,,,
712251,新應材群益66購01,249420,1.26,1.49,1.26,1.41
712252,萬潤群益68購01,612060,1.81,1.9,1.8,1.9
712253,群聯群益68購01,7060,3.53,3.53,3.53,3.53
712254,頎邦群益62購02,0,,,,
712255,雙鴻群益62購03,80180,4.22,4.22,4.22,4.22
712256,元太統一66購01,0,,,,
712257,世禾統一68購01,203040,0.72,0.78,0.72,0.78
712258,沛亨統一68購02,265760,1.25,1.25,1.24,1.24
712259,金山電統一67購01,0,,,,
712260,金山電統一6B購01,1651320,0.66,0.66,0.66,0.66
712261,金山電統一6C購01,1646700,0.66,0.66,0.66,0.66
712262,能率亞統一68購01,0,,,,
712263,港建*統一6B購01,0,,,,
712264,新應材統一68購01,0,,,,
712265,萬潤統一65購01,1977600,0.99,1.2,0.98,1.18
712266,萬潤統一6A購03,397060,0.96,1.0,0.96,0.98
712267,萬潤統一6B購01,85270,0.73,0.78,0.73,0.78
712268,萬潤統一6C購01,503990,0.66,0.74,0.66,0.72
712269,弘塑國泰63購01,0,,,,
712270,弘塑國泰63購02,72130,0.96,0.97,0.94,0.94
712271,泓格國泰63購02,470590,0.91,1.11,0.91,1.06
712272,金山電國泰63購01,1260770,1.95,1.99,1.93,1.97
712273,金山電國泰64購01,104830,1.87,1.89,1.83,1.85
712274,萬潤國泰63購01,828670,1.56,1.79,1.56,1.79
712275,弘塑台新62購01,0,,,,
712276,弘塑台新62購02,0,,,,
712277,弘塑台新62購03,45740,0.91,0.95,0.91,0.95
712278,弘塑台新68購01,0,,,,
712279,弘塑台新68購02,0,,,,
712280,沛亨台新62購01,1159000,2.31,2.33,2.3,2.33
712281,沛亨台新62購02,284390,1.68,1.83,1.68,1.83
712282,韋僑台新62購01,0,,,,
712283,韋僑台新62購02,0,,,,
712284,竑騰台新62購02,1132130,1.44,1.48,1.39,1.48
712285,博智台新62購01,0,,,,
712286,新應材台新62購03,59400,0.9,0.9,0.9,0.9
712287,群聯台新62購01,0,,,,
712288,群聯台新62購02,0,,,,
712289,雙鴻台新62購01,0,,,,
712290,雙鴻台新68購01,0,,,,
712291,雙鴻台新68購02,187500,3.18,3.18,3.06,3.06
712292,中光電元大63購02,0,,,,
712293,中光電元大64購05,0,,,,
712294,世界元大63購08,0,,,,
712295,世界元大63購09,201780,1.14,1.14,1.14,1.14
712296,世界元大64購09,109800,0.64,0.65,0.64,0.65
712297,弘塑元大64購03,404820,0.65,0.68,0.65,0.65
712298,良維元大64購02,106750,1.12,1.13,1.09,1.13
712299,宜鼎元大64購03,990,0.99,0.99,0.99,0.99
712300,陽程元大64購02,32900,3.29,3.29,3.29,3.29
712301,鈊象元大63購08,359160,1.05,1.06,1.02,1.02
712302,中光電凱基65購01,0,,,,
712303,中美晶凱基63購06,464500,0.87,0.9,0.85,0.9
712304,弘塑凱基63購01,0,,,,
712305,弘塑凱基64購01,63290,0.85,0.92,0.85,0.92
712306,金山電凱基63購01,133200,1.04,1.1,1.04,1.1
712307,金山電凱基63購02,105750,1.15,1.15,1.14,1.14
712308,威剛凱基63購04,61500,1.23,1.23,1.23,1.23
712309,群聯凱基66購03,89700,1.38,1.38,1.38,1.38
712310,頎邦凱基64購03,17100,1.9,1.9,1.9,1.9
712311,雙鴻凱基63購08,0,,,,
712312,均華國泰64購01,296160,1.73,2.0,1.73,1.89
712313,新應材國泰64購01,207760,1.24,1.48,1.24,1.48
712314,弘塑統一67購01,199500,0.57,0.57,0.57,0.57
712315,由田統一68購01,47270,1.09,1.13,1.08,1.08
712316,金山電統一66購01,6650,0.44,0.45,0.44,0.45
712317,金山電統一68購01,25230,0.67,0.67,0.66,0.66
712318,前鼎統一6C購01,237360,0.86,0.86,0.86,0.86
712319,倉和統一68購01,1057300,2.18,2.18,2.18,2.18
712320,富喬中信64購03,433830,1.1,1.14,1.09,1.14
712321,元太永豐63購01,176580,0.81,0.81,0.81,0.81
712322,巨漢永豐63購01,0,,,,
712323,宏碁資永豐63購01,0,,,,
712324,建榮永豐64購01,0,,,,
712325,胡連永豐63購01,7300,0.73,0.73,0.73,0.73
712326,茂綸永豐64購01,313310,1.08,1.08,1.03,1.03
712327,茂綸永豐65購01,0,,,,
712328,竑騰永豐64購01,223030,1.27,1.28,1.24,1.24
712329,富喬永豐64購02,59920,2.14,2.14,2.14,2.14
712330,富喬永豐67購01,0,,,,
712331,聖暉*永豐63購01,62600,1.46,1.46,1.4,1.4
712332,元太國票66購01,2700,0.45,0.45,0.45,0.45
712333,世界國票67購01,0,,,,
712334,弘塑國票66購01,0,,,,
712335,全宇昕國票65購02,0,,,,
712336,均華國票63購01,90510,1.12,1.19,1.12,1.19
712337,長佳智國票65購01,9890,0.57,0.59,0.57,0.57
712338,前鼎國票67購01,4560,1.52,1.52,1.52,1.52
712339,博智國票63購01,0,,,,
712340,智通*國票63購01,0,,,,
712341,新應材國票63購01,163140,1.17,1.41,1.17,1.41
712342,新應材國票64購01,59600,1.49,1.49,1.49,1.49
712343,廣穎國票67購01,0,,,,
712344,德勝國票66購01,0,,,,
712345,世界群益67購01,110060,1.1,1.15,1.1,1.12
712346,台特化群益67購01,157150,1.34,1.45,1.34,1.45
712347,由田群益62購01,161010,2.65,2.93,2.65,2.93
712348,宏捷科群益62購01,35990,0.61,0.61,0.61,0.61
712349,沛亨群益62購01,1278100,2.45,2.46,2.4,2.45
712350,茂達群益62購01,9600,0.96,0.96,0.96,0.96
712351,矽科台新62購01,0,,,,
712352,新應材台新62購04,39440,1.36,1.36,1.36,1.36
712353,世界凱基63購05,116230,0.91,1.01,0.91,0.96
712354,台特化凱基67購01,102810,1.72,2.08,1.72,2.08
712355,宜鼎凱基63購03,0,,,,
712356,前鼎凱基67購01,28560,1.61,1.61,1.57,1.58
712357,新應材凱基64購02,40460,1.19,1.19,1.19,1.19
712358,青雲元大63購01,14400,0.72,0.72,0.72,0.72
712359,鈊象中信62購01,77040,0.49,0.49,0.48,0.48
712360,前鼎永豐68購01,10680,1.78,1.78,1.78,1.78
712361,博智永豐63購01,59890,1.31,1.32,1.29,1.29
712362,達航永豐63購02,0,,,,
712363,廣積永豐63購01,1640,0.82,0.82,0.82,0.82
712364,東洋國票63購01,0,,,,
712365,前鼎國票68購01,8220,1.34,1.4,1.34,1.4
712366,竑騰國票63購01,516380,1.17,1.36,1.17,1.35
712367,聚和國票65購01,0,,,,
712368,廣積國票65購02,0,,,,
712369,中美晶群益64購02,18200,0.65,0.65,0.65,0.65
712370,欣銓群益63購01,222600,2.1,2.1,2.1,2.1
712371,金山電群益63購01,70450,1.06,1.06,1.05,1.05
712372,青雲群益63購01,0,,,,
712373,威剛群益64購01,0,,,,
712374,家登群益63購04,968420,2.18,2.27,2.17,2.21
712375,群聯群益64購03,0,,,,
712376,雙鴻群益64購02,0,,,,
712377,群聯國泰67購01,0,,,,
712378,世界富邦65購01,0,,,,
712379,富喬富邦62購01,0,,,,
712380,新應材富邦64購02,198370,0.37,0.42,0.37,0.42
712381,沛亨統一65購03,749660,1.14,1.22,1.14,1.22
712382,長科*統一68購01,0,,,,
712383,前鼎統一66購01,11800,1.1,1.1,1.07,1.07
712384,前鼎統一68購01,72680,0.79,0.79,0.79,0.79
712385,富喬統一65購04,0,,,,
712386,頎邦統一66購02,1732660,1.25,1.3,1.2,1.22
712387,M31國票67購01,3600,0.9,0.9,0.9,0.9
712388,博磊國票65購01,0,,,,
712389,宜鼎台新65購01,0,,,,
712390,青雲台新63購01,120700,1.7,1.7,1.7,1.7
712391,宸曜台新62購01,38500,1.73,1.87,1.73,1.87
712392,宸曜台新62購02,83670,1.26,1.4,1.26,1.4
712393,新應材台新64購01,0,,,,
712394,群聯台新65購01,71400,1.19,1.19,1.19,1.19
712395,雙鴻台新65購01,0,,,,
712396,雙鴻台新65購02,0,,,,
712397,M31凱基63購01,256350,1.46,1.58,1.35,1.58
712398,中美晶凱基64購02,102300,1.15,1.22,1.15,1.22
712399,方土昶凱基63購01,0,,,,
712400,宜鼎凱基63購04,0,,,,
712401,青雲凱基63購01,0,,,,
712402,威剛凱基64購03,0,,,,
712403,富喬凱基65購01,0,,,,
712404,富喬凱基68購01,0,,,,
712405,群聯凱基63購07,0,,,,
712406,群聯凱基63購08,161570,1.14,1.15,1.14,1.15
712407,群聯凱基63購09,0,,,,
712408,群聯凱基63購10,0,,,,
712409,雙鴻凱基63購09,18600,3.1,3.1,3.1,3.1
712410,方土昶群益63購01,0,,,,
712411,世界群益66購02,112320,0.91,0.94,0.91,0.92
712412,世紀*群益63購01,0,,,,
712413,世紀*群益63購02,0,,,,
712414,台特化群益66購01,60590,1.29,1.37,1.29,1.34
712415,弘塑群益63購01,252580,0.85,0.85,0.78,0.78
712416,艾訊群益63購01,20700,0.69,0.69,0.69,0.69
712417,艾訊群益63購02,0,,,,
712418,倚強群益69購01,0,,,,
712419,群聯群益64購04,0,,,,
712420,廣穎群益62購01,0,,,,
712421,雙鴻群益65購01,464570,2.07,2.07,1.9,1.98
712422,閎康元大63購04,0,,,,
712423,新應材元大63購04,0,,,,
712424,新應材元大64購02,549200,0.74,0.87,0.74,0.83
712425,營邦元大64購02,195180,2.15,2.17,2.09,2.09
712426,宜鼎中信62購01,29470,0.46,0.48,0.46,0.48
712427,威剛中信63購01,26000,0.52,0.52,0.52,0.52
712428,群聯中信66購01,25500,0.51,0.51,0.51,0.51
712429,雙鴻中信63購03,388410,1.36,1.36,1.33,1.34
712430,均華永豐63購01,80470,1.16,1.29,1.16,1.29
712431,沛亨永豐64購01,0,,,,
712432,威剛永豐68購02,0,,,,
712433,茂訊永豐63購01,56700,0.7,0.7,0.7,0.7
712434,新潤永豐63購01,0,,,,
712435,新應材永豐68購04,0,,,,
712436,群聯永豐68購01,730,0.73,0.73,0.73,0.73
712437,雙鴻永豐64購05,546510,2.61,2.63,2.54,2.54
712438,群聯國泰63購03,33400,1.67,1.67,1.67,1.67
712439,群聯國泰65購02,37620,1.71,1.71,1.71,1.71
712440,聖暉*國泰63購02,24190,0.59,0.59,0.59,0.59
712441,譜瑞國泰63購01,48260,1.27,1.27,1.27,1.27
712442,鑫聯國泰63購01,0,,,,
712443,宏捷科富邦64購01,37440,0.48,0.48,0.48,0.48
712444,宏捷科富邦65購01,76320,0.48,0.48,0.48,0.48
712445,宜鼎富邦68購01,115560,0.42,0.42,0.4,0.4
712446,頎邦富邦64購03,1060,1.06,1.06,1.06,1.06
712447,頎邦富邦65購01,1367020,0.84,0.88,0.79,0.79
712448,譜瑞富邦64購02,176720,0.47,0.47,0.47,0.47
712449,M31統一68購01,760,0.76,0.76,0.76,0.76
712450,陽程統一66購02,0,,,,
712451,雙鴻統一64購02,408920,1.19,1.19,1.18,1.18
712452,台特化台新65購01,1114860,1.88,2.34,1.88,2.31
712453,宜鼎台新64購02,0,,,,
712454,富喬台新65購01,3490,3.49,3.49,3.49,3.49
712455,順達台新64購01,23400,1.8,1.8,1.8,1.8
712456,新應材台新64購02,14740,0.67,0.67,0.67,0.67
712457,頎邦台新68購01,7680,3.83,3.85,3.83,3.85
712458,營邦台新65購02,76880,2.48,2.48,2.48,2.48
712459,鴻呈台新62購01,0,,,,
712460,雙鴻台新62購02,0,,,,
712461,世界凱基66購02,85790,1.46,1.48,1.42,1.48
712462,世紀*凱基63購01,0,,,,
712463,弘塑凱基63購02,112160,0.94,0.99,0.94,0.99
712464,弘塑凱基63購03,772880,1.25,1.3,1.22,1.27
712465,艾訊凱基63購01,0,,,,
712466,倚強凱基63購01,0,,,,
712467,富喬凱基63購03,123110,1.57,1.65,1.53,1.65
712468,閎康凱基63購01,0,,,,
712469,順達凱基63購04,13900,1.39,1.39,1.39,1.39
712470,新應材凱基63購06,0,,,,
712471,廣積凱基64購01,0,,,,
712472,順達中信62購01,0,,,,
712473,群聯中信62購02,0,,,,
712474,均華永豐63購02,567710,0.88,1.03,0.88,1.01
712475,良維永豐63購01,0,,,,
712476,宜鼎永豐66購02,0,,,,
712477,順達永豐63購02,24170,1.87,1.87,1.85,1.85
712478,順達永豐63購03,0,,,,
712479,群聯永豐65購07,0,,,,
712480,群聯永豐65購08,0,,,,
712481,群聯永豐68購02,46220,1.66,1.67,1.62,1.66
712482,廣閎科永豐63購01,235040,1.12,1.22,1.12,1.17
712483,廣閎科永豐63購02,18360,0.93,1.1,0.93,1.1
712484,廣閎科永豐65購01,69550,1.0,1.06,1.0,1.05
712485,廣閎科永豐68購01,412270,1.11,1.13,1.1,1.13
712486,廣穎永豐65購02,30300,1.01,1.01,1.01,1.01
712487,巨漢元大64購01,0,,,,
712488,宜鼎元大63購06,0,,,,
712489,宜鼎元大64購04,307560,0.34,0.34,0.33,0.33
712490,富喬元大63購03,694890,1.74,1.8,1.74,1.8
712491,富喬元大63購04,468060,1.54,1.57,1.54,1.57
712492,富喬元大63購05,164500,2.28,2.44,2.28,2.42
712493,富喬元大63購06,38080,2.72,2.72,2.72,2.72
712494,富喬元大64購06,1056390,1.3,1.38,1.3,1.38
712495,群聯元大63購10,335160,1.81,1.83,1.81,1.81
712496,群聯元大63購13,12400,0.62,0.62,0.62,0.62
712497,廣積元大63購05,270190,0.73,0.84,0.73,0.84
712498,廣穎元大63購02,120980,0.46,0.46,0.46,0.46
712499,廣穎元大63購03,0,,,,
712500,營邦元大63購01,0,,,,
712501,營邦元大63購03,721140,1.12,1.12,1.03,1.04
712502,營邦元大64購04,62290,1.12,1.12,1.03,1.03
712503,雙鴻元大64購04,380800,2.15,2.15,2.09,2.12
712504,千如國票66購01,0,,,,
712505,富喬國票64購01,0,,,,
712506,富喬國票66購01,11730,3.91,3.91,3.91,3.91
712507,鴻呈國票66購01,0,,,,
712508,雙鴻國票69購01,84800,2.12,2.12,2.12,2.12
712509,千如國泰63購01,0,,,,
712510,宜鼎國泰63購02,0,,,,
712511,富喬國泰63購03,0,,,,
712512,新應材國泰63購02,253320,0.91,1.07,0.91,1.03
712513,千附精富邦62購01,0,,,,
712514,中美晶富邦65購01,29480,0.62,0.62,0.61,0.61
712515,順達富邦63購03,0,,,,
712516,廣閎科富邦62購01,370150,0.57,0.66,0.55,0.66
712517,營邦富邦65購01,121480,1.49,1.5,1.42,1.42
712518,中美晶群益63購02,167740,2.43,2.44,2.39,2.44
712519,宜鼎群益63購01,0,,,,
712520,威剛群益63購02,0,,,,
712521,順達群益63購01,0,,,,
712522,群聯群益63購03,2115500,3.33,3.45,3.33,3.34
712523,廣閎科群益63購01,671270,1.23,1.5,1.23,1.43
712524,磐儀群益63購01,0,,,,
712525,雙鴻群益63購04,126800,3.72,3.72,3.53,3.53
712526,譜瑞群益62購01,0,,,,
712527,弘塑統一66購01,446660,0.57,0.6,0.56,0.56
712528,均華統一69購01,1117230,0.61,0.68,0.61,0.64
712529,高技統一66購01,14520,0.66,0.66,0.66,0.66
712530,陽程統一66購03,50650,1.99,2.17,1.99,2.17
712531,順達統一6B購01,0,,,,
712532,世界群益62購04,392700,1.87,2.09,1.87,2.03
712533,台半群益63購01,58970,1.14,1.19,1.14,1.19
712534,台特化群益62購02,947800,2.87,3.57,2.87,3.57
712535,東捷群益64購01,1177220,1.67,1.94,1.67,1.79
712536,鉅橡群益63購01,0,,,,
712537,臺慶科群益63購01,0,,,,
712538,廣閎科群益64購01,754130,1.71,2.13,1.71,2.1
712539,穩懋群益63購02,4309700,2.38,2.43,2.28,2.38
712540,穩懋群益64購01,673880,3.18,3.25,3.18,3.25
712541,中美晶元大64購05,0,,,,
712542,方土昶元大63購02,0,,,,
712543,均華元大64購02,15500,1.55,1.55,1.55,1.55
712544,朋億*元大63購01,0,,,,
712545,東捷元大63購01,547070,1.66,1.87,1.66,1.78
712546,青雲元大63購02,0,,,,
712547,高技元大63購02,66250,0.46,0.46,0.45,0.45
712548,順達元大63購03,471540,0.91,0.94,0.91,0.93
712549,順達元大63購04,220520,1.49,1.49,1.49,1.49
712550,順達元大64購07,84820,1.19,1.22,1.19,1.19
712551,漢達元大64購01,193820,3.78,3.82,3.78,3.82
712552,廣閎科元大64購01,433730,0.73,0.85,0.73,0.82
712553,廣積元大63購06,169280,0.75,0.8,0.75,0.8
712554,廣穎元大63購04,0,,,,
712555,雙鴻元大63購08,1275810,2.05,2.12,2.01,2.05
712556,雙鴻元大63購09,54000,1.8,1.8,1.8,1.8
712557,雙鴻元大63購10,0,,,,
712558,雙鴻元大64購05,728160,2.07,2.1,1.98,1.98
712559,寶雅元大63購01,0,,,,
712560,東捷統一66購02,3108480,1.13,1.29,1.13,1.18
712561,東捷統一6B購01,117160,0.91,0.92,0.91,0.92
712562,穩懋統一66購02,208820,0.93,0.95,0.93,0.94
712563,穩懋統一67購01,4050,0.81,0.81,0.81,0.81
712564,穩懋統一68購01,0,,,,
712565,穩懋統一6C購02,664600,0.85,0.86,0.84,0.86
712566,穩懋統一6C購03,45290,1.09,1.12,1.09,1.1
712567,東捷富邦63購01,696340,1.26,1.46,1.26,1.35
712568,東捷國泰63購01,35280,2.94,2.94,2.94,2.94
712569,博盛國泰63購01,0,,,,
712570,營邦國泰63購02,102690,3.31,3.31,3.12,3.12
712571,鴻呈國泰63購01,30190,0.71,0.72,0.71,0.72
712572,穩懋國泰63購01,3486950,2.59,2.66,2.59,2.63
712573,穩懋國泰63購03,380040,2.81,2.91,2.78,2.91
712574,穩懋國泰63購04,238900,2.91,3.04,2.91,3.04
712575,穩懋國泰63購05,23240,3.32,3.32,3.32,3.32
712576,台半凱基63購01,0,,,,
712577,宜鼎凱基64購02,103720,0.82,0.82,0.76,0.76
712578,威剛凱基63購06,0,,,,
712579,宸曜凱基63購01,29900,1.2,1.2,1.18,1.2
712580,順達凱基63購05,0,,,,
712581,群聯凱基64購06,22210,1.29,1.33,1.29,1.33
712582,漢達凱基63購01,7840,2.52,2.69,2.52,2.69
712583,營邦凱基63購02,0,,,,
712584,鴻呈凱基66購01,0,,,,
712585,雙鴻凱基64購02,0,,,,
712586,穩懋凱基63購01,446000,1.91,1.98,1.9,1.96
712587,穩懋凱基63購02,51590,1.85,1.85,1.82,1.85
712588,穩懋凱基63購03,203030,2.01,2.01,1.97,1.97
712589,穩懋凱基63購04,9750,1.95,1.95,1.95,1.95
712590,穩懋凱基63購05,0,,,,
712591,均華台新63購01,156320,1.51,1.75,1.51,1.75
712592,宜鼎台新64購03,0,,,,
712593,東捷台新62購01,0,,,,
712594,順達台新64購02,0,,,,
712595,鈊象台新64購01,119940,0.89,0.89,0.84,0.84
712596,穩懋台新62購01,0,,,,
712597,穩懋台新63購01,15420,2.57,2.57,2.57,2.57
712598,穩懋台新65購01,232220,1.36,1.38,1.36,1.38
712599,穩懋台新65購02,276450,1.63,1.67,1.63,1.65
712600,穩懋台新68購01,81200,2.04,2.04,2.02,2.02
712601,弘塑中信64購01,59520,0.93,0.93,0.93,0.93
712602,穩懋中信68購01,2490,0.83,0.83,0.83,0.83
712603,台半永豐64購02,0,,,,
712604,台半永豐65購01,0,,,,
712605,台星科永豐64購01,35380,1.21,1.23,1.2,1.23
712606,由田永豐64購01,657870,1.5,1.66,1.5,1.56
712607,系統電永豐63購01,0,,,,
712608,東捷永豐63購01,96850,2.03,2.3,2.03,2.17
712609,東捷永豐63購02,107550,1.89,2.07,1.89,1.89
712610,東捷永豐63購03,128850,1.91,1.94,1.76,1.76
712611,東捷永豐65購01,93380,2.11,2.38,2.11,2.18
712612,東捷永豐65購02,37900,2.52,2.62,2.52,2.62
712613,東捷永豐68購01,89430,2.83,2.93,2.83,2.91
712614,欣銓永豐66購01,15600,1.55,1.57,1.55,1.57
712615,欣銓永豐68購01,18750,1.25,1.25,1.25,1.25
712616,彩富永豐63購01,0,,,,
712617,博盛永豐63購01,0,,,,
712618,博盛永豐63購02,8990,1.11,1.16,1.11,1.13
712619,博盛永豐65購01,0,,,,
712620,越峰永豐63購01,120760,0.72,0.83,0.72,0.8
712621,穩得永豐63購01,13520,0.52,0.52,0.52,0.52
712622,穩懋永豐64購01,101800,2.52,2.56,2.52,2.56
712623,穩懋永豐64購02,16000,3.2,3.2,3.2,3.2
712624,穩懋永豐66購01,0,,,,
712625,穩懋永豐68購01,0,,,,
712626,均華國票63購02,13500,1.5,1.5,1.5,1.5
712627,東捷國票63購01,0,,,,
712628,東捷國票64購01,438740,2.13,2.4,2.13,2.21
712629,元太群益63購01,30750,0.75,0.75,0.75,0.75
712630,方土昶群益63購02,0,,,,
712631,世界群益63購01,51600,2.52,2.64,2.52,2.64
712632,巨有群益63購01,5650,5.65,5.65,5.65,5.65
712633,威剛群益62購04,106660,1.96,1.96,1.89,1.9
712634,胡連群益63購01,120960,0.63,0.63,0.63,0.63
712635,陽程群益63購03,0,,,,
712636,順達群益63購02,0,,,,
712637,群聯群益62購01,83610,3.99,3.99,3.9,3.9
712638,漢達群益63購01,250000,2.5,2.5,2.5,2.5
712639,鴻呈群益63購01,0,,,,
712640,雙鴻群益62購04,0,,,,
712641,穩懋群益64購03,22610,3.23,3.23,3.23,3.23
712642,雙鴻中信64購02,659170,2.13,2.13,2.02,2.05
712643,新應材永豐64購02,31360,1.12,1.12,1.12,1.12
712644,新應材永豐65購01,53200,1.28,1.38,1.28,1.38
712645,群聯永豐63購02,0,,,,
712646,寶雅永豐63購01,0,,,,
712647,台半國泰63購01,184800,1.98,2.04,1.98,2.03
712648,胡連國泰63購01,0,,,,
712649,千附精元大63購01,109700,0.53,0.54,0.53,0.54
712650,元太元大63購06,193190,0.4,0.43,0.4,0.43
712651,元太元大64購02,115050,0.65,0.65,0.65,0.65
712652,威剛元大64購04,0,,,,
712653,陽程元大63購03,71930,3.1,3.13,3.1,3.13
712654,陽程元大64購03,485260,1.55,1.76,1.55,1.76
712655,順達元大64購08,38110,0.37,0.37,0.37,0.37
712656,鈊象元大64購04,757830,0.79,0.8,0.75,0.78
712657,群聯元大64購13,86640,0.57,0.57,0.57,0.57
712658,良維富邦63購01,183030,1.02,1.02,0.97,0.99
712659,穩懋富邦63購01,547260,1.29,1.33,1.29,1.32
712660,穩懋富邦64購01,139770,1.16,1.17,1.15,1.17
712661,台半統一68購01,0,,,,
712662,東捷統一68購01,258080,0.87,0.97,0.87,0.97
712663,新普統一68購01,0,,,,
712664,穩懋統一68購02,48400,1.07,1.08,1.07,1.08
712665,千如凱基66購01,0,,,,
712666,中美晶凱基68購01,0,,,,
712667,世界凱基63購06,83310,1.38,1.42,1.37,1.42
712668,弘塑凱基63購04,1535270,0.99,1.08,0.97,1.0
712669,均華凱基64購02,75410,1.25,1.44,1.23,1.44
712670,宜鼎凱基66購01,0,,,,
712671,東捷凱基63購02,293630,1.49,1.66,1.48,1.52
712672,金益鼎凱基63購01,0,,,,
712673,順達凱基63購06,0,,,,
712674,頎邦凱基63購03,0,,,,
712675,雙鴻凱基63購10,66700,3.32,3.35,3.32,3.35
712676,寶雅凱基63購01,0,,,,
712677,系統電台新62購01,199610,1.08,1.23,1.08,1.23
712678,長科*台新65購01,0,,,,
712679,威剛台新62購03,0,,,,
712680,威剛台新63購02,0,,,,
712681,順達台新62購01,0,,,,
712682,中美晶元大64購06,0,,,,
712683,元太元大63購07,228190,0.83,0.85,0.83,0.85
712684,元太元大63購08,409100,0.51,0.52,0.5,0.52
712685,元太元大64購03,277500,0.65,0.65,0.64,0.65
712686,均華元大64購03,0,,,,
712687,宜鼎元大64購05,235800,0.61,0.61,0.6,0.6
712688,威剛元大64購05,0,,,,
712689,順達元大64購09,134200,1.1,1.1,1.1,1.1
712690,鈊象元大63購09,605310,1.12,1.12,1.06,1.1
712691,鈊象元大64購05,906720,1.19,1.19,1.09,1.11
712692,群聯元大64購14,22100,0.85,0.85,0.85,0.85
712693,蜜望實元大63購02,20520,0.38,0.38,0.38,0.38
712694,寶雅元大63購02,91490,0.61,0.61,0.6,0.6
712695,元太台新65購01,126580,1.04,1.05,1.02,1.02
712696,沛亨台新65購01,44200,1.57,1.65,1.57,1.65
712697,威聯通台新62購01,0,,,,
712698,胡連台新62購01,0,,,,
712699,倉和台新62購01,0,,,,
712700,蜜望實台新62購01,19680,0.82,0.82,0.82,0.82
712701,蜜望實台新65購01,47310,1.22,1.22,1.21,1.21
712702,中美晶凱基64購04,399390,0.83,0.88,0.83,0.88
712703,朋億*凱基63購01,0,,,,
712704,泓格凱基63購01,190220,0.95,1.01,0.95,0.97
712705,威剛凱基63購07,0,,,,
712706,建榮凱基63購01,0,,,,
712707,順達凱基66購01,149320,1.36,1.36,1.33,1.33
712708,鈊象凱基64購04,390090,0.95,0.95,0.85,0.85
712709,群聯凱基66購04,0,,,,
712710,鉅橡凱基63購01,5400,0.54,0.54,0.54,0.54
712711,廣閎科凱基63購01,611170,1.18,1.39,1.17,1.36
712712,穩懋凱基63購08,396200,1.5,1.58,1.5,1.54
712713,中美晶群益62購04,811530,2.27,2.41,2.27,2.4
712714,弘塑群益63購02,6700,0.67,0.67,0.67,0.67
712715,系統電群益63購01,94410,1.2,1.29,1.2,1.29
712716,宜鼎群益63購02,196650,0.95,0.95,0.95,0.95
712717,威剛群益62購05,9000,0.45,0.45,0.45,0.45
712718,原相群益62購02,3600,0.36,0.36,0.36,0.36
712719,群聯群益62購02,196390,2.18,2.26,2.18,2.24
712720,千如永豐63購01,51300,0.85,0.86,0.85,0.86
712721,元太永豐63購02,70940,0.54,0.58,0.54,0.58
712722,世紀*永豐63購02,0,,,,
712723,沛亨永豐64購02,0,,,,
712724,茂迪永豐64購01,35250,0.63,0.63,0.6,0.6
712725,頎邦永豐65購02,0,,,,
712726,榮剛永豐63購01,107800,0.7,0.7,0.7,0.7
712727,雙鴻永豐65購02,0,,,,
712728,雙鴻永豐6B購01,4620,2.31,2.31,2.31,2.31
712729,雙鴻永豐6C購01,305760,2.16,2.19,2.15,2.18
712730,穩懋永豐65購01,0,,,,
712731,三聯國票63購01,27130,0.9,0.9,0.83,0.83
712732,蜜望實國票63購01,8540,1.22,1.22,1.22,1.22
712733,寬宏國票63購01,0,,,,
712734,均華國泰63購02,100700,0.84,0.97,0.84,0.95
712735,順達國泰63購03,0,,,,
712736,順達富邦64購01,0,,,,
712737,巨有統一6B購03,284000,1.42,1.42,1.42,1.42
712738,倉和統一6B購01,0,,,,
712739,堡達統一6A購01,0,,,,
712740,新普統一66購01,0,,,,
712741,新普統一6B購01,0,,,,
712742,晶焱國票63購01,0,,,,
712743,鈺太國票63購01,899440,1.13,1.18,1.12,1.14
712744,鈺太國票64購01,15420,1.2,1.2,1.18,1.18
712745,中美晶群益62購05,653280,2.16,2.29,2.14,2.28
712746,台特化群益62購03,356380,2.07,2.79,2.07,2.79
712747,弘塑群益63購03,0,,,,
712748,均華群益64購01,792730,1.3,1.48,1.29,1.48
712749,茂迪群益63購01,0,,,,
712750,鈊象群益62購01,0,,,,
712751,群聯群益62購03,0,,,,
712752,營邦群益63購01,399480,2.48,2.51,2.24,2.28
712753,穩懋群益68購01,899310,3.45,3.54,3.44,3.5
712754,元太凱基63購01,68780,0.91,0.91,0.9,0.9
712755,弘塑凱基63購05,35200,0.55,0.55,0.55,0.55
712756,均華凱基68購01,117490,2.65,2.82,2.65,2.76
712757,系統電凱基64購02,0,,,,
712758,宜鼎凱基63購05,42240,0.66,0.66,0.66,0.66
712759,倉和凱基63購02,96600,3.22,3.22,3.22,3.22
712760,頎邦凱基66購01,214460,2.0,2.1,1.94,2.1
712761,臺慶科凱基63購03,0,,,,
712762,弘塑台新63購01,20250,0.81,0.81,0.81,0.81
712763,東捷台新62購02,434230,2.26,2.65,2.26,2.42
712764,倉和台新62購02,0,,,,
712765,家碩台新62購01,0,,,,
712766,家碩台新62購02,0,,,,
712767,順達台新64購03,0,,,,
712768,勤凱台新62購01,800,0.8,0.8,0.8,0.8
712769,營邦台新63購01,0,,,,
712770,營邦台新65購03,83000,1.66,1.66,1.66,1.66
712771,營邦台新66購01,0,,,,
712772,元太元大64購04,82240,0.38,0.38,0.37,0.38
712773,弘塑元大63購04,505580,0.5,0.52,0.5,0.52
712774,弘塑元大63購05,548270,0.75,0.75,0.71,0.72
712775,弘塑元大64購04,2250,0.45,0.45,0.45,0.45
712776,均華元大64購04,668080,0.8,0.9,0.79,0.9
712777,威剛元大64購06,309600,0.86,0.86,0.86,0.86
712778,順達元大63購05,174660,0.71,0.71,0.71,0.71
712779,順達元大63購06,69500,0.85,0.85,0.83,0.83
712780,順達元大63購07,830,0.83,0.83,0.83,0.83
712781,順達元大64購10,0,,,,
712782,順達元大64購11,0,,,,
712783,群聯元大63購14,198240,1.18,1.18,1.18,1.18
712784,群聯元大63購15,0,,,,
712785,群聯元大63購16,0,,,,
712786,群聯元大64購15,9200,0.46,0.46,0.46,0.46
712787,寶雅元大63購03,6210,0.78,0.78,0.77,0.77
712788,台星科統一6B購01,29630,0.75,0.77,0.75,0.77
712789,沛亨統一6B購01,0,,,,
712790,宜鼎統一6B購02,0,,,,
712791,倉和統一68購02,0,,,,
712792,陽程統一6C購02,1258430,0.97,1.06,0.97,1.06
712793,新普統一66購02,0,,,,
712794,穩懋統一68購03,0,,,,
712795,家登中信63購01,1007990,0.95,1.0,0.95,0.96
712796,世禾永豐63購01,257880,0.63,0.72,0.63,0.69
712797,安葆永豐63購02,2870,2.87,2.87,2.87,2.87
712798,宏捷科永豐63購01,408020,0.85,0.87,0.85,0.86
712799,倚強永豐64購01,234750,2.59,2.75,2.59,2.73
712800,倚強永豐64購02,100910,1.98,2.45,1.98,2.45
712801,倉和永豐63購02,0,,,,
712802,家登永豐63購03,324390,1.14,1.18,1.14,1.17
712803,湧德永豐63購01,38860,1.21,1.23,1.21,1.21
712804,順達永豐63購04,80760,1.01,1.01,0.98,0.98
712805,群聯永豐63購03,0,,,,
712806,磐儀永豐63購01,0,,,,
712807,鴻呈永豐63購01,0,,,,
712808,鴻呈永豐64購01,0,,,,
712809,弘塑富邦64購02,447550,0.65,0.7,0.64,0.64
712810,頎邦富邦65購02,729050,0.92,0.97,0.89,0.93
712811,雙鴻富邦65購01,0,,,,
712812,元太台新65購02,310650,0.82,0.82,0.8,0.82
712813,均華台新62購04,179400,0.78,0.78,0.78,0.78
712814,竑騰台新62購03,43810,1.52,1.53,1.44,1.51
712815,崇越電台新62購01,0,,,,
712816,博盛台新62購01,0,,,,
712817,普萊德台新62購01,0,,,,
712818,晶呈台新62購01,878100,2.18,2.48,2.09,2.48
712819,晶呈台新62購02,855980,1.3,1.56,1.26,1.56
712820,晶呈台新65購01,3780,1.89,1.89,1.89,1.89
712821,元太群益62購01,60990,0.57,0.57,0.57,0.57
712822,均華群益64購02,382610,1.54,1.73,1.53,1.73
712823,群聯群益62購04,0,,,,
712824,世紀*元大62購01,0,,,,
712825,世紀*元大62購02,0,,,,
712826,倉和元大62購01,0,,,,
712827,倉和元大62購02,514760,2.35,2.35,1.77,1.85
712828,陽程元大62購01,863000,1.06,1.33,1.06,1.33
712829,陽程元大62購02,650490,1.01,1.3,1.01,1.3
712830,陽程元大62購03,392870,1.0,1.23,1.0,1.23
712831,陽程元大63購04,97950,1.1,1.26,1.1,1.26
712832,陽程元大65購03,248530,0.96,1.18,0.96,1.18
712833,群聯元大65購01,506470,1.12,1.13,1.11,1.11
712834,廣閎科元大62購01,451760,0.71,0.79,0.69,0.79
712835,營邦元大62購02,27900,1.55,1.55,1.55,1.55
712836,中美晶凱基66購02,79950,1.23,1.23,1.23,1.23
712837,方土昶凱基63購02,0,,,,
712838,台特化凱基65購01,18100,1.5,1.67,1.5,1.67
712839,系統電凱基66購01,15200,1.27,1.27,1.25,1.25
712840,威剛凱基64購04,0,,,,
712841,茂迪凱基63購01,1560,0.78,0.78,0.78,0.78
712842,博智凱基63購05,0,,,,
712843,順達凱基63購07,71980,1.74,1.74,1.69,1.69
712844,鈊象凱基63購01,47580,1.83,1.83,1.83,1.83
712845,群聯凱基68購01,0,,,,
712846,寶雅*凱基63購02,0,,,,
712847,千附精永豐63購01,0,,,,
712848,晶呈永豐64購02,1992980,0.99,1.05,0.98,0.99
712849,群聯永豐63購05,0,,,,
712850,群聯永豐63購06,190640,1.06,1.06,1.04,1.04
712851,群聯永豐65購09,40000,1.25,1.25,1.25,1.25
712852,頎邦國泰63購04,22600,2.26,2.26,2.26,2.26
712853,聖暉*富邦62購01,0,,,,
712854,大中國票63購01,32160,1.16,1.16,1.14,1.14
712855,華義*國票68購01,0,,,,
712856,越峰國票68購01,82660,0.71,0.76,0.69,0.76
712857,陽程國票64購01,0,,,,
712858,陽程國票65購01,36510,2.06,2.49,2.06,2.49
712859,陽程國票68購01,143740,2.3,2.57,2.3,2.56
712860,鏵友益國票66購01,20800,1.04,1.04,1.04,1.04
712861,鏵友益國票68購01,24200,1.21,1.21,1.21,1.21
712862,方土昶台新62購01,0,,,,
712863,巨漢台新65購01,150400,1.88,1.88,1.88,1.88
712864,欣銓台新65購01,0,,,,
712865,萬泰科台新65購01,70330,2.51,2.56,2.51,2.56
712866,臺慶科台新65購01,0,,,,
712867,元太凱基63購02,130870,0.55,0.57,0.54,0.56
712868,世紀*凱基63購02,0,,,,
712869,均華凱基63購01,133160,1.13,1.29,1.11,1.22
712870,群聯凱基64購07,6240,2.08,2.08,2.08,2.08
712871,頎邦凱基63購04,216430,2.2,2.33,2.13,2.13
712872,廣閎科凱基63購02,388710,1.67,1.95,1.67,1.95
712873,雙鴻凱基67購01,43500,4.35,4.35,4.35,4.35
712874,中美晶群益62購06,186970,1.45,1.57,1.43,1.57
712875,方土昶群益63購03,0,,,,
712876,世紀*群益63購03,0,,,,
712877,由田群益63購01,1214380,1.1,1.15,0.99,1.06
712878,威剛群益62購06,0,,,,
712879,晶呈群益64購01,543440,0.91,1.14,0.91,1.14
712880,華電網群益62購01,0,,,,
712881,鈊象群益62購02,81870,2.49,2.49,2.18,2.21
712882,新應材群益62購03,452610,1.87,2.35,1.87,2.19
712883,群聯群益62購05,42850,1.08,1.11,1.08,1.1
712884,雙鴻群益62購05,70950,2.86,2.86,2.8,2.82
712885,寶雅*群益62購01,0,,,,
712886,中美晶永豐63購01,103440,1.59,1.6,1.59,1.6
712887,方土昶永豐64購01,0,,,,
712888,由田永豐63購01,319720,1.17,1.32,1.17,1.27
712889,群聯永豐63購07,91350,1.05,1.05,1.05,1.05
712890,廣運永豐63購01,0,,,,
712891,穩懋永豐63購01,0,,,,
712892,方土昶國票67購01,0,,,,
712893,世紀*國票67購01,141620,1.56,1.64,1.56,1.63
712894,台半國票66購01,0,,,,
712895,由田國票65購01,91640,1.18,1.29,1.18,1.27
712896,利機國票63購01,1560,0.78,0.78,0.78,0.78
712897,邑錡國票64購01,0,,,,
712898,崇越電國票68購01,13800,0.46,0.46,0.46,0.46
712899,博盛國票66購01,0,,,,
712900,富強鑫國票67購01,0,,,,
712901,漢達國票66購01,0,,,,
712902,寶雅國票66購01,0,,,,
712903,中美晶元大62購01,514530,0.98,1.02,0.98,1.01
712904,方土昶元大62購01,0,,,,
712905,均華元大68購01,22060,0.86,0.93,0.86,0.93
712906,宜鼎元大65購02,0,,,,
712907,建榮元大62購01,0,,,,
712908,群聯元大65購02,113090,0.43,0.43,0.43,0.43
712909,寶雅元大62購01,0,,,,
712910,由田統一68購02,56580,0.58,0.59,0.57,0.57
712911,均華統一6A購01,181520,0.58,0.64,0.58,0.64
712912,邑錡統一6C購01,0,,,,
712913,晶呈統一68購01,0,,,,
712914,晶呈統一6C購01,92140,0.87,0.91,0.87,0.9
712915,晶呈統一6C購02,168760,0.87,0.89,0.87,0.89
712916,穩懋富邦65購01,232760,1.14,1.18,1.14,1.16
712917,寶雅富邦64購01,0,,,,
712918,寶雅富邦65購01,0,,,,
712919,方土昶元大62購02,0,,,,
712920,均華元大68購02,444660,1.06,1.14,1.06,1.13
712921,宜鼎元大65購03,4450,0.89,0.89,0.89,0.89
712922,倉和元大62購03,0,,,,
712923,群聯元大68購03,0,,,,
712924,臺慶科元大62購01,0,,,,
712925,川寶國票65購02,277000,0.85,0.98,0.85,0.86
712926,世紀*國票69購01,7060,1.64,1.64,1.26,1.26
712927,宜特國票67購01,0,,,,
712928,倉和國票69購01,108430,1.8,1.8,1.73,1.73
712929,倉和國票6A購01,0,,,,
712930,倉和國票6C購01,124540,2.72,2.72,2.29,2.29
712931,晟德國票65購01,0,,,,
712932,崇越電國票67購01,0,,,,
712933,華景電國票68購01,5760,0.96,0.96,0.96,0.96
712934,群聯中信62購03,0,,,,
712935,雙鴻中信62購01,0,,,,
712936,桓達永豐63購01,0,,,,
712937,崇越電永豐64購01,0,,,,
712938,雙鴻永豐63購05,0,,,,
712939,穩懋永豐63購02,77760,1.62,1.62,1.62,1.62
712940,天良台新62購01,0,,,,
712941,崇越電台新62購02,0,,,,
712942,崴寶台新62購01,42000,1.4,1.4,1.4,1.4
712943,新門台新62購01,884350,0.81,0.81,0.8,0.8
712944,瑞耘台新62購01,72180,0.89,1.13,0.89,1.13
712945,中美晶凱基64購05,118760,1.48,1.52,1.48,1.52
712946,方土昶凱基63購03,0,,,,
712947,台半凱基64購01,0,,,,
712948,弘塑凱基68購01,49290,1.59,1.59,1.59,1.59
712949,均華凱基68購02,434980,1.18,1.32,1.18,1.32
712950,宜鼎凱基63購06,0,,,,
712951,威剛凱基68購01,0,,,,
712952,崇越電凱基63購01,0,,,,
712953,博盛凱基66購01,36050,1.03,1.03,1.03,1.03
712954,鈊象凱基63購02,41220,2.29,2.29,2.29,2.29
712955,新應材凱基63購07,328040,1.59,1.88,1.59,1.88
712956,群聯凱基66購05,541720,1.66,1.67,1.61,1.64
712957,寶雅*凱基63購03,0,,,,
712958,均華群益62購01,68830,0.71,0.83,0.71,0.82
712959,群聯群益62購06,294350,1.14,1.19,1.13,1.16
712960,雙鴻群益62購06,0,,,,
712961,元太國泰63購01,388620,1.07,1.09,1.06,1.09
712962,倉和國泰63購02,0,,,,
712963,台特化富邦62購01,71110,0.57,0.61,0.57,0.61
712964,新應材富邦64購03,0,,,,
712965,安葆台新62購01,141560,2.46,2.46,2.31,2.31
712966,彩富台新62購01,0,,,,
712967,台半凱基63購02,0,,,,
712968,安葆凱基63購01,257210,2.61,2.68,2.42,2.68
712969,矽科凱基63購01,24950,0.75,0.76,0.75,0.76
712970,耕興凱基65購01,0,,,,
712971,崇越電凱基68購01,0,,,,
712972,群聯凱基63購11,0,,,,
712973,群聯凱基63購12,0,,,,
712974,群聯凱基64購08,204080,1.99,2.05,1.99,2.01
712975,臺慶科凱基63購04,0,,,,
712976,營邦凱基63購03,117840,4.91,4.91,4.91,4.91
712977,雙鴻凱基63購11,14900,7.45,7.45,7.45,7.45
712978,穩懋凱基65購01,0,,,,
712979,寶雅*凱基63購04,0,,,,
712980,鑫聯凱基63購01,0,,,,
712981,千如國票67購01,0,,,,
712982,世紀*國票65購01,134900,0.91,0.98,0.91,0.95
712983,世紀*國票6B購01,43230,1.08,1.14,1.08,1.14
712984,安葆國票65購01,94510,1.38,1.42,1.34,1.34
712985,松瑞藥國票66購01,0,,,,
712986,宸曜國票63購01,60110,1.52,1.61,1.44,1.61
712987,博智國票64購01,15300,1.53,1.53,1.53,1.53
712988,新應材國票63購02,68690,1.45,1.54,1.45,1.54
712989,群翊國票65購01,0,,,,
712990,世紀*元大62購03,0,,,,
712991,世紀*元大62購04,0,,,,
712992,世紀*元大68購01,0,,,,
712993,威剛元大65購12,11000,1.83,1.85,1.83,1.85
712994,崇越電元大62購02,0,,,,
712995,順達元大68購01,0,,,,
712996,群聯元大68購04,707650,1.58,1.66,1.58,1.65
712997,中美晶群益62購07,104280,2.12,2.16,2.12,2.16
712998,弘塑群益62購03,292800,2.65,2.65,2.52,2.52
712999,弘塑群益68購01,762280,1.93,2.0,1.87,1.91
713000,良維群益64購01,0,,,,
713001,宜特群益62購03,151440,0.93,0.93,0.91,0.93
713002,宜鼎群益62購02,0,,,,
713003,威剛群益62購07,0,,,,
713004,茂綸群益63購01,79370,0.97,1.06,0.96,1.06
713005,倚強群益64購01,46100,10.6,12.1,10.6,12.1
713006,原相群益62購03,115930,1.79,1.86,1.79,1.81
713007,能率群益62購01,0,,,,
713008,高技群益62購01,0,,,,
713009,崇越電群益64購01,0,,,,
713010,博智群益62購03,93660,3.12,3.18,3.12,3.18
713011,閎康群益62購01,1180,1.18,1.18,1.18,1.18
713012,順達群益62購02,0,,,,
713013,鈊象群益62購03,209670,2.08,2.27,1.98,2.06
713014,新應材群益62購04,291160,1.87,2.2,1.87,2.12
713015,群聯群益62購07,14500,1.42,1.48,1.42,1.48
713016,榮剛群益68購01,216640,2.76,2.76,2.7,2.7
713017,漢達群益62購01,70050,5.8,6.25,5.8,6.25
713018,臺慶科群益65購01,0,,,,
713019,雙鴻群益62購07,0,,,,
713020,穩懋群益63購03,885820,1.2,1.2,1.09,1.11
713021,穩懋群益64購04,0,,,,
713022,台星科統一68購01,0,,,,
713023,良維中信62購01,10100,1.01,1.01,1.01,1.01
713024,宏觀永豐63購01,86180,1.39,1.39,1.39,1.39
713025,宜鼎永豐62購01,0,,,,
713026,宜鼎永豐63購06,0,,,,
713027,朋程永豐63購01,38000,1.16,1.2,1.16,1.2
713028,晶焱永豐63購01,0,,,,
713029,新應材永豐64購03,29250,0.75,0.75,0.75,0.75
713030,立敦台新65購01,81000,1.62,1.62,1.62,1.62
713031,宜鼎台新62購05,175100,2.01,2.01,1.85,1.85
713032,元太群益62購02,71920,0.62,0.62,0.62,0.62
713033,群聯群益62購08,14350,1.41,1.46,1.41,1.46
713034,廣運群益62購01,0,,,,
713035,雙鴻群益62購08,0,,,,
713036,台星科元大62購02,409020,1.32,1.37,1.32,1.35
713037,台星科元大62購03,423810,0.64,0.67,0.64,0.67
713038,安葆元大62購01,135270,2.44,2.44,2.08,2.2
713039,安葆元大62購02,8800,1.59,1.59,1.21,1.21
713040,竑騰元大62購01,30080,0.94,0.94,0.94,0.94
713041,雙鴻元大62購02,0,,,,
713042,雙鴻元大62購03,0,,,,
713043,雙鴻元大62購04,0,,,,
713044,中美晶凱基63購07,407620,2.6,2.74,2.58,2.74
713045,弘塑凱基63購06,0,,,,
713046,宜特凱基63購02,153800,1.08,1.08,1.06,1.08
713047,宜鼎凱基63購07,32670,1.21,1.21,1.21,1.21
713048,威剛凱基65購02,0,,,,
713049,原相凱基63購01,5400,1.35,1.35,1.35,1.35
713050,能率凱基63購01,0,,,,
713051,順達凱基63購08,0,,,,
713052,鈊象凱基63購03,59550,2.06,2.06,1.83,1.83
713053,新應材凱基63購08,150440,1.69,2.02,1.69,1.97
713054,群聯凱基63購13,0,,,,
713055,群聯凱基63購14,89530,1.83,1.84,1.8,1.83
713056,榮剛凱基68購01,132500,2.65,2.65,2.65,2.65
713057,大江國票68購01,0,,,,
713058,元太國票65購01,0,,,,
713059,安葆國票63購01,0,,,,
713060,信立國票63購01,0,,,,
713061,群聯國票63購01,25480,0.98,0.98,0.98,0.98
713062,聖暉*國票65購02,51160,1.0,1.0,0.97,0.97
713063,廣運國票65購01,0,,,,
713064,世界永豐63購01,247660,2.55,2.55,2.43,2.55
713065,世界永豐64購02,93240,2.68,2.68,2.64,2.64
713066,安葆永豐64購01,62940,2.12,2.12,2.09,2.09
713067,威剛永豐63購01,0,,,,
713068,威剛永豐63購02,0,,,,
713069,穩懋永豐63購03,3380,3.38,3.38,3.38,3.38
713070,元太富邦64購02,199180,0.44,0.46,0.44,0.44
713071,宜特富邦64購01,183830,0.79,0.8,0.78,0.8
713072,威剛富邦68購01,0,,,,
713073,高技富邦64購01,21280,0.85,0.88,0.84,0.88
713074,博智富邦63購03,126000,0.63,0.63,0.63,0.63
713075,智通*富邦64購03,48100,0.65,0.65,0.65,0.65
713076,雙鴻富邦64購02,0,,,,
713077,寶雅*富邦64購02,29640,0.52,0.52,0.52,0.52
713078,建榮統一6B購01,0,,,,
713079,巨有台新62購01,0,,,,
713080,巨有台新62購02,348450,7.2,8.0,7.2,7.95
713081,竑騰台新62購04,0,,,,
713082,高技台新62購01,289000,1.73,1.74,1.7,1.7
713083,群翊台新62購01,3790,1.85,1.94,1.85,1.94
713084,群翊台新62購02,154970,1.36,1.39,1.36,1.39
713085,榮剛台新65購01,185760,1.08,1.08,1.08,1.08
713086,穩懋台新62購02,91950,6.25,6.25,6.05,6.05
713087,穩懋台新62購03,181260,4.43,4.43,4.25,4.39
713088,大江凱基65購01,29760,0.62,0.62,0.62,0.62
713089,元太凱基63購03,88530,0.91,0.91,0.9,0.9
713090,台星科凱基63購01,28000,1.4,1.4,1.4,1.4
713091,正德凱基63購01,0,,,,
713092,威剛凱基63購08,0,,,,
713093,威剛凱基63購09,0,,,,
713094,威剛凱基63購10,0,,,,
713095,威剛凱基63購11,0,,,,
713096,竑騰凱基63購01,1001240,1.0,1.0,0.66,0.76
713097,群聯凱基63購15,0,,,,
713098,群聯凱基63購16,602790,2.38,2.42,2.35,2.4
713099,聖暉*凱基63購01,36680,0.83,0.83,0.78,0.78
713100,廣運凱基65購01,870,0.87,0.87,0.87,0.87
713101,雙鴻凱基68購01,0,,,,
713102,高技國泰63購01,6250,1.57,1.57,1.54,1.54
713103,群翊國泰63購01,202800,1.85,1.94,1.83,1.94
713104,大綜國票63購01,119580,1.96,1.97,1.91,1.97
713105,大綜國票64購01,0,,,,
713106,宏捷科國票66購01,0,,,,
713107,竑騰國票64購01,5310,1.03,1.07,1.03,1.07
713108,群翊國票66購01,34960,0.76,0.76,0.76,0.76
713109,聖暉*富邦62購02,145910,0.68,0.68,0.65,0.67
713110,台半中信62購01,0,,,,
713111,宜鼎中信62購02,4200,0.42,0.42,0.42,0.42
713112,威剛中信62購01,0,,,,
713113,大綜永豐63購01,173350,1.16,1.21,1.15,1.21
713114,宏碩永豐65購01,11400,0.57,0.57,0.57,0.57
713115,威剛永豐63購03,0,,,,
713116,竑騰永豐63購02,78600,0.5,0.52,0.5,0.52
713117,頎邦永豐64購02,0,,,,
713118,榮剛永豐63購02,44240,0.79,0.79,0.79,0.79
713119,廣運永豐64購01,0,,,,
713120,中美晶群益62購08,15400,1.54,1.54,1.54,1.54
713121,元太群益62購03,45440,0.64,0.64,0.64,0.64
713122,台半群益62購04,36520,2.8,2.81,2.8,2.81
713123,系統電群益64購01,175830,1.72,1.81,1.71,1.81
713124,宜鼎群益64購01,0,,,,
713125,欣銓群益62購01,85690,3.59,3.64,3.51,3.64
713126,青雲群益64購01,49700,1.69,1.72,1.69,1.72
713127,威剛群益62購08,0,,,,
713128,博士旺群益62購01,0,,,,
713129,順達群益62購03,5262790,3.24,3.24,3.13,3.14
713130,鈊象群益62購04,1441750,1.97,1.99,1.78,1.99
713131,新應材群益62購05,11840,0.37,0.37,0.37,0.37
713132,群翊群益62購01,209940,1.51,1.65,1.51,1.65
713133,群聯群益62購09,20480,1.26,1.3,1.26,1.3
713134,鉅橡群益62購01,0,,,,
713135,頎邦群益63購01,110700,4.12,4.12,4.08,4.1
713136,臺慶科群益62購01,0,,,,
713137,廣閎科群益62購01,214880,3.82,4.35,3.75,4.35
713138,大綜元大62購01,294330,1.42,1.43,1.38,1.38
713139,中美晶元大62購02,781550,1.14,1.22,1.14,1.22
713140,弘塑元大62購02,644300,1.16,1.18,1.09,1.12
713141,均華元大62購01,316200,0.68,0.79,0.68,0.79
713142,沛亨元大62購01,418520,1.43,1.46,1.41,1.46
713143,宜鼎元大62購03,0,,,,
713144,威剛元大65購13,89460,1.42,1.42,1.42,1.42
713145,高技元大62購01,0,,,,
713146,群聯元大62購05,0,,,,
713147,群聯元大62購06,0,,,,
713148,中美晶凱基62購01,99740,2.16,2.3,2.14,2.3
713149,台半凱基66購01,17640,1.96,1.96,1.96,1.96
713150,弘塑凱基65購01,679640,3.09,3.26,3.06,3.1
713151,均華凱基62購01,76960,1.34,1.55,1.34,1.48
713152,系統電凱基64購03,154120,1.8,1.94,1.75,1.93
713153,宜鼎凱基64購03,0,,,,
713154,威剛凱基62購01,0,,,,
713155,高技凱基65購01,0,,,,
713156,鈊象凱基62購01,610490,3.22,3.23,3.05,3.17
713157,新應材凱基62購01,136850,1.05,1.13,1.05,1.13
713158,群聯凱基62購02,0,,,,
713159,頎邦凱基68購01,254030,4.88,4.88,4.59,4.59
713160,廣閎科凱基62購01,548640,3.65,4.26,3.63,4.2
713161,磐亞凱基62購01,0,,,,
713162,磐亞凱基62購02,0,,,,
713163,磐亞凱基62購03,0,,,,
713164,磐亞凱基62購04,0,,,,
713165,磐亞凱基62購05,5360,1.34,1.34,1.34,1.34
713166,環球晶凱基62購01,38700,0.9,0.9,0.9,0.9
713167,環球晶凱基62購02,0,,,,
713168,環球晶凱基62購03,374610,0.7,0.78,0.7,0.78
713169,環球晶凱基62購04,151320,0.97,0.97,0.97,0.97
713170,環球晶凱基62購05,14850,0.99,0.99,0.99,0.99
713171,環球晶凱基64購01,40790,0.77,0.82,0.77,0.82
713172,環球晶凱基64購02,171090,0.65,0.68,0.64,0.66
713173,環球晶凱基64購03,37720,0.92,0.92,0.92,0.92
713174,環球晶凱基64購04,0,,,,
713175,雙鴻凱基68購02,0,,,,
713176,宏碩台新62購01,0,,,,
713177,順達台新62購02,0,,,,
713178,環球晶台新62購03,8900,1.11,1.14,1.09,1.09
713179,環球晶台新62購04,9000,0.9,0.9,0.9,0.9
713180,環球晶台新62購05,486430,0.65,0.7,0.64,0.67
713181,環球晶台新62購06,0,,,,
713182,環球晶台新68購01,2210,2.21,2.21,2.21,2.21
713183,環球晶台新68購02,0,,,,
713184,元太群益62購04,0,,,,
713185,宜鼎群益62購03,170140,1.26,1.26,1.21,1.21
713186,環球晶群益62購02,102360,0.87,0.93,0.87,0.91
713187,環球晶群益62購03,0,,,,
713188,環球晶群益62購04,0,,,,
713189,環球晶群益63購01,112800,1.09,1.17,1.09,1.17
713190,環球晶統一66購01,96180,0.69,0.72,0.69,0.7
713191,環球晶統一6A購01,14740,0.67,0.67,0.67,0.67
713192,環球晶統一6A購02,0,,,,
713193,環球晶統一6C購01,407570,0.48,0.5,0.47,0.5
713194,環球晶統一78購01,113930,0.55,0.57,0.54,0.55
713195,雙鴻統一6A購03,0,,,,
713196,威剛國泰63購02,0,,,,
713197,環球晶國泰63購01,623270,1.13,1.16,1.13,1.16
713198,環球晶國泰64購01,362420,1.14,1.16,1.13,1.16
713199,環球晶國泰67購01,116120,1.21,1.24,1.21,1.24
713200,良維富邦64購01,0,,,,
713201,群翊富邦65購01,299310,0.45,0.47,0.45,0.46
713202,環球晶富邦62購01,49840,0.56,0.56,0.56,0.56
713203,環球晶富邦62購02,65310,0.41,0.45,0.4,0.45
713204,環球晶富邦65購01,4800,0.48,0.48,0.48,0.48
713205,環球晶中信62購01,172730,0.33,0.35,0.33,0.34
713206,環球晶中信62購02,570,0.57,0.57,0.57,0.57
713207,磐亞永豐63購01,0,,,,
713208,環球晶永豐63購01,55330,1.0,1.03,1.0,1.03
713209,環球晶永豐63購02,20160,0.84,0.84,0.84,0.84
713210,環球晶永豐63購03,40420,0.86,0.86,0.86,0.86
713211,環球晶永豐63購04,20000,0.8,0.8,0.8,0.8
713212,環球晶永豐63購05,92570,0.77,0.83,0.77,0.8
713213,環球晶永豐63購06,25200,1.05,1.05,1.05,1.05
713214,環球晶永豐65購01,30160,1.16,1.16,1.16,1.16
713215,環球晶永豐65購02,36070,1.09,1.11,1.09,1.11
713216,環球晶永豐65購03,89570,1.37,1.43,1.37,1.43
713217,環球晶永豐68購01,0,,,,
713218,環球晶永豐68購02,0,,,,
713219,環球晶永豐72購01,250400,3.13,3.13,3.13,3.13
713220,雙鴻永豐63購06,0,,,,
713221,雙鴻永豐64購06,34650,3.15,3.15,3.15,3.15
713222,中美晶國票63購02,0,,,,
713223,均華國票65購01,54600,1.96,2.2,1.96,2.2
713224,沛亨國票68購02,76050,1.55,1.56,1.55,1.56
713225,威剛國票64購02,0,,,,
713226,威聯通國票66購01,0,,,,
713227,博盛國票64購01,0,,,,
713228,磐亞國票66購01,0,,,,
713229,環球晶國票64購01,19290,0.89,0.93,0.89,0.93
713230,雙鴻國票63購02,0,,,,
713231,中美晶元大62購03,129390,0.57,0.57,0.57,0.57
713232,均華元大62購02,249270,0.9,0.99,0.89,0.96
713233,均華元大66購01,0,,,,
713234,均華元大67購01,306360,0.81,0.92,0.81,0.92
713235,威剛元大65購14,0,,,,
713236,群聯元大62購07,40800,1.36,1.36,1.36,1.36
713237,群聯元大62購08,139250,1.07,1.08,1.07,1.08
713238,磐亞元大62購01,52000,0.52,0.52,0.52,0.52
713239,營邦元大65購01,0,,,,
713240,環球晶元大62購01,287440,0.8,0.85,0.8,0.83
713241,環球晶元大62購02,4100,0.82,0.82,0.82,0.82
713242,環球晶元大62購03,117250,0.44,0.47,0.44,0.47
713243,環球晶元大65購03,438600,0.97,1.0,0.96,0.96
713244,環球晶元大68購09,507090,1.17,1.21,1.17,1.19
713245,元太凱基63購04,148180,1.53,1.53,1.49,1.5
713246,威剛凱基65購03,10000,2.0,2.0,2.0,2.0
713247,群聯凱基63購17,0,,,,
713248,營邦凱基63購04,0,,,,
713249,雙鴻凱基64購03,71540,4.88,4.9,4.71,4.9
713250,聖暉*台新63購01,27780,2.23,2.23,2.12,2.12
713251,璟德台新65購01,124010,1.13,1.13,1.11,1.11
713252,優群台新65購01,16560,1.38,1.38,1.38,1.38
713253,雙鴻台新63購02,0,,,,
713254,雙鴻台新63購03,0,,,,
713255,中美晶群益63購04,248790,3.79,3.92,3.79,3.92
713256,弘塑群益63購04,502190,4.07,4.22,3.97,4.0
713257,宜鼎群益63購03,0,,,,
713258,威剛群益63購03,0,,,,
713259,順達群益63購03,6557500,3.27,3.31,3.19,3.19
713260,鈊象群益63購02,428260,3.0,3.05,2.75,2.75
713261,新應材群益64購01,0,,,,
713262,群聯群益63購04,13450,1.32,1.37,1.32,1.37
713263,雙鴻群益63購05,35500,3.55,3.55,3.55,3.55
713264,宜鼎中信68購01,31060,0.54,0.54,0.53,0.53
713265,群聯中信63購02,53580,0.61,0.61,0.6,0.6
713266,穩懋中信63購01,37750,1.15,1.15,1.14,1.15
713267,穩懋中信68購02,17930,1.04,1.09,1.04,1.09
713268,智通*永豐63購02,0,,,,
713269,雙鴻永豐65購03,1168500,7.75,7.85,7.75,7.85
713270,雙鴻永豐65購04,0,,,,
713271,譜瑞永豐63購01,0,,,,
713272,中美晶元大63購05,785930,1.34,1.38,1.33,1.33
713273,中美晶元大63購06,0,,,,
713274,中美晶元大63購07,0,,,,
713275,宜鼎元大65購04,121460,1.24,1.26,1.19,1.19
713276,宜鼎元大66購01,508840,0.67,0.68,0.67,0.67
713277,威剛元大63購05,64320,1.34,1.34,1.34,1.34
713278,威剛元大65購15,0,,,,
713279,高技元大63購03,81400,1.3,1.32,1.27,1.27
713280,高技元大63購04,71140,1.48,1.49,1.48,1.49
713281,順達元大65購01,96930,1.91,1.91,1.89,1.89
713282,鈊象元大63購10,257300,1.85,1.85,1.66,1.66
713283,群聯元大63購17,144850,1.08,1.09,1.08,1.09
713284,群聯元大63購18,40010,1.05,1.06,1.05,1.06
713285,營邦元大65購02,291880,2.76,2.76,2.56,2.56
713286,營邦元大66購01,283120,2.36,2.38,2.29,2.29
713287,弘塑國票63購02,0,,,,
713288,正德國票63購01,0,,,,
713289,正德國票64購01,0,,,,
713290,鈊象國票66購01,432880,1.25,1.27,1.17,1.17
713291,群翊國票68購01,9790,0.81,0.82,0.81,0.82
713292,群聯國票68購01,0,,,,
713293,聖暉*國票68購01,9870,1.41,1.41,1.41,1.41
713294,頎邦國票64購04,2991900,1.48,1.5,1.4,1.4
713295,營邦國票63購01,0,,,,
713296,營邦國票64購01,419280,3.34,3.34,3.08,3.08
713297,環球晶國票63購01,66580,1.54,1.64,1.54,1.64
713298,晶呈富邦64購01,377780,0.87,1.01,0.87,1.01
713299,廣閎科富邦63購01,548680,0.83,1.01,0.83,1.01
713300,穩懋富邦63購02,0,,,,
713301,天良國泰63購01,124750,0.25,0.25,0.25,0.25
713302,晶呈國泰63購01,447950,1.83,2.07,1.79,2.05
713303,晶呈國泰63購02,0,,,,
713304,磐亞國泰63購01,26980,0.71,0.71,0.71,0.71
713305,穩懋國泰64購02,95900,2.74,2.74,2.74,2.74
713306,穩懋國泰65購01,2831250,1.66,1.68,1.64,1.66
713307,環球晶統一67購01,0,,,,
713308,千附精凱基65購01,0,,,,
713309,中美晶凱基63購08,59330,2.23,2.38,2.23,2.38
713310,台半凱基65購01,45360,1.08,1.08,1.08,1.08
713311,弘塑凱基63購07,70980,1.44,1.58,1.42,1.45
713312,良維凱基63購02,10080,3.36,3.36,3.36,3.36
713313,高技凱基63購02,0,,,,
713314,順達凱基63購09,37620,4.18,4.18,4.18,4.18
713315,鈊象凱基63購04,306170,3.59,3.59,3.45,3.45
713316,新應材凱基65購01,168790,2.24,2.65,2.24,2.53
713317,群翊凱基63購01,786500,1.78,1.89,1.75,1.85
713318,頎邦凱基63購05,45450,1.92,1.92,1.89,1.89
713319,頎邦凱基63購06,150220,1.48,1.51,1.4,1.4
713320,精材凱基63購03,110650,4.17,4.28,4.17,4.28
713321,精材凱基63購04,41670,4.63,4.63,4.63,4.63
713322,精材凱基63購05,0,,,,
713323,精材凱基63購06,0,,,,
713324,環球晶凱基63購01,912830,1.63,1.69,1.6,1.69
713325,高技台新63購01,0,,,,
713326,華宏台新63購01,36420,1.17,1.2,1.08,1.11
713327,華景電台新63購01,100780,1.16,1.25,1.16,1.25
713328,華景電台新63購02,39590,1.07,1.07,1.07,1.07
713329,順達台新63購01,0,,,,
713330,頎邦台新65購01,2273480,2.55,2.78,2.54,2.54
713331,精材台新63購01,0,,,,
713332,精材台新63購02,0,,,,
713333,雙鴻台新65購03,190100,17.1,17.3,17.1,17.3
713334,譜瑞台新65購01,124470,1.93,1.99,1.93,1.99
713335,千附精元大63購02,0,,,,
713336,元太元大63購09,585150,0.44,0.45,0.44,0.45
713337,元太元大65購05,195570,0.68,0.69,0.68,0.69
713338,威剛元大63購06,0,,,,
713339,高技元大63購05,6650,1.33,1.33,1.33,1.33
713340,鈊象元大63購11,157410,1.83,1.83,1.74,1.75
713341,群聯元大63購19,0,,,,
713342,精材元大65購01,0,,,,
713343,環球晶元大63購01,29400,1.4,1.4,1.4,1.4
713344,環球晶元大63購02,920670,1.22,1.28,1.22,1.24
713345,環球晶元大63購03,177120,0.89,0.94,0.88,0.92
713346,環球晶元大65購04,0,,,,
713347,環球晶元大68購10,43470,0.69,0.69,0.69,0.69
713348,雙鴻元大63購11,0,,,,
713349,雙鴻元大63購12,0,,,,
713350,雙鴻元大63購13,0,,,,
713351,雙鴻元大65購01,0,,,,
713352,譜瑞元大63購05,155760,1.32,1.32,1.32,1.32
713353,弘塑中信65購01,17920,0.64,0.64,0.64,0.64
713354,博智中信65購01,741610,0.52,0.52,0.45,0.45
713355,精材中信68購01,46840,1.1,1.14,1.1,1.14
713356,千附精永豐63購02,0,,,,
713357,台半永豐63購03,134730,0.53,0.53,0.52,0.52
713358,弘塑永豐63購03,36360,1.36,1.36,1.32,1.32
713359,弘塑永豐68購01,2620,2.62,2.62,2.62,2.62
713360,利機永豐63購01,0,,,,
713361,均華永豐63購03,0,,,,
713362,原相永豐63購01,19040,1.12,1.12,1.12,1.12
713363,家登永豐63購04,129640,2.38,2.45,2.38,2.45
713364,高技永豐65購01,0,,,,
713365,崇越電永豐65購01,0,,,,
713366,博智永豐63購02,0,,,,
713367,華宏永豐63購01,6250,1.25,1.25,1.25,1.25
713368,閎康永豐63購01,0,,,,
713369,新應材永豐66購01,473920,0.72,0.86,0.72,0.86
713370,頎邦永豐63購03,95510,1.55,1.61,1.46,1.46
713371,頎邦永豐63購04,38120,1.14,1.14,1.1,1.1
713372,精材永豐63購03,646740,2.17,2.22,2.16,2.22
713373,精材永豐63購04,336800,1.79,1.83,1.79,1.83
713374,精材永豐68購01,194820,3.28,3.28,3.22,3.26
713375,精材永豐68購02,302520,3.59,3.76,3.59,3.76
713376,穩懋永豐63購04,0,,,,
713377,中美晶群益63購05,1064800,3.14,3.33,3.09,3.27
713378,世界群益63購02,222990,1.31,1.38,1.3,1.32
713379,台半群益63購02,0,,,,
713380,弘塑群益63購05,38950,0.95,0.95,0.95,0.95
713381,均華群益66購01,453230,3.29,3.73,3.29,3.73
713382,威剛群益63購04,0,,,,
713383,威剛群益63購05,0,,,,
713384,博盛群益63購01,90880,1.29,1.29,1.24,1.24
713385,鈊象群益63購03,27500,2.75,2.75,2.75,2.75
713386,新應材群益63購01,82500,0.55,0.55,0.55,0.55
713387,群聯群益63購05,87000,2.12,2.2,2.12,2.18
713388,群聯群益63購06,8750,0.86,0.89,0.86,0.89
713389,精材群益63購04,121050,3.43,3.48,3.43,3.48
713390,雙鴻群益63購06,519750,5.25,5.25,5.25,5.25
713391,雙鴻群益66購01,0,,,,
713392,穩懋群益65購01,381430,1.52,1.57,1.49,1.54
713393,元太國票63購01,0,,,,
713394,世界國票65購01,0,,,,
713395,台半國票68購01,0,,,,
713396,沛亨國票63購01,0,,,,
713397,良維國票69購01,0,,,,
713398,宜特國票65購01,0,,,,
713399,杰力國票65購02,53520,0.86,0.86,0.84,0.84
713400,長科*國票63購01,0,,,,
713401,茂達國票63購01,16540,0.81,0.84,0.81,0.83
713402,晶呈國票63購01,0,,,,
713403,順達國票65購03,0,,,,
713404,萬泰科國票63購01,0,,,,
713405,鉅橡國票65購01,0,,,,
713406,精材國票65購03,0,,,,
713407,環球晶國票63購02,162310,1.49,1.58,1.48,1.54
713408,譜瑞國票63購01,0,,,,
713409,頎邦國泰63購05,196180,1.87,1.9,1.79,1.79
713410,雙鴻國泰63購03,0,,,,
713411,雙鴻國泰63購04,0,,,,
713412,均華統一67購01,161440,0.54,0.58,0.54,0.58
713413,東捷統一68購02,1191800,1.24,1.41,1.24,1.32
713414,精材統一66購02,0,,,,
713415,精材統一67購03,29500,1.18,1.18,1.18,1.18
713416,精材統一6C購03,0,,,,
713417,雙鴻統一65購03,154200,1.74,1.74,1.69,1.69
713418,穩懋統一65購03,387370,0.97,0.97,0.95,0.95
713419,弘塑富邦63購03,358430,0.81,0.84,0.81,0.81
713420,群聯富邦65購01,10000,1.0,1.0,1.0,1.0
713421,群聯富邦65購02,92580,0.92,0.92,0.9,0.91
713422,精材富邦65購01,23350,1.53,1.57,1.53,1.57
713423,精材富邦68購01,1648770,1.5,1.59,1.48,1.54
713424,廣閎科富邦63購02,367950,0.91,1.08,0.91,1.05
713425,茂綸國票68購01,18060,0.86,0.86,0.86,0.86
713426,鴻呈國票68購01,0,,,,
713427,元太凱基65購02,185900,1.26,1.26,1.25,1.26
713428,均華凱基65購01,71690,1.4,1.53,1.4,1.53
713429,杰力凱基65購01,33950,0.97,0.97,0.97,0.97
713430,威剛凱基63購12,120400,1.73,1.73,1.71,1.72
713431,晶呈凱基63購01,663450,2.26,2.59,2.26,2.58
713432,群聯凱基68購02,0,,,,
713433,雙鴻凱基63購12,0,,,,
713434,穩懋凱基63購09,363160,2.11,2.15,2.1,2.1
713435,譜瑞凱基63購02,0,,,,
713436,譜瑞凱基63購03,0,,,,
713437,譜瑞凱基63購04,0,,,,
713438,譜瑞凱基65購01,0,,,,
713439,譜瑞凱基65購02,0,,,,
713440,久元台新63購01,0,,,,
713441,均華台新63購02,153280,0.88,1.03,0.88,1.03
713442,宜鼎台新63購02,0,,,,
713443,威剛台新63購03,0,,,,
713444,威剛台新63購04,0,,,,
713445,茂綸台新63購01,48180,1.59,1.62,1.59,1.62
713446,倚強台新63購01,83910,2.48,2.71,2.48,2.71
713447,群聯台新63購02,0,,,,
713448,群聯台新63購03,0,,,,
713449,群聯台新63購04,0,,,,
713450,群聯台新68購02,0,,,,
713451,頎邦台新63購01,142360,2.01,2.12,1.94,1.94
713452,鴻呈台新63購01,11100,0.37,0.37,0.37,0.37
713453,穩懋台新63購02,44000,2.2,2.2,2.2,2.2
713454,穩懋台新65購03,0,,,,
713455,高技中信65購01,55440,0.72,0.72,0.72,0.72
713456,崇越電中信63購01,0,,,,
713457,群聯中信68購01,0,,,,
713458,雙鴻中信68購01,805470,1.83,1.9,1.76,1.85
713459,穩懋中信68購03,0,,,,
713460,互動永豐63購01,7550,1.51,1.51,1.51,1.51
713461,均華永豐63購04,56090,0.79,0.79,0.79,0.79
713462,沛亨永豐63購01,302250,2.82,2.96,2.8,2.95
713463,良維永豐63購02,0,,,,
713464,宜鼎永豐63購07,0,,,,
713465,順達永豐63購05,339000,0.85,0.85,0.84,0.85
713466,新復興永豐63購01,0,,,,
713467,新應材永豐66購02,690640,0.84,1.0,0.84,0.96
713468,環球晶永豐63購07,118820,1.24,1.29,1.24,1.29
713469,環球晶永豐63購08,59240,1.15,1.2,1.15,1.16
713470,鴻呈永豐65購01,0,,,,
713471,台特化群益63購01,290300,0.99,1.12,0.99,1.12
713472,弘塑群益63購06,400020,2.17,2.27,2.11,2.11
713473,信立群益63購01,7800,0.39,0.39,0.39,0.39
713474,倚強群益65購01,260200,2.73,3.02,2.73,3.02
713475,高技群益63購01,54570,1.07,1.07,1.07,1.07
713476,博智群益63購03,0,,,,
713477,順達群益63購04,16250,0.65,0.65,0.65,0.65
713478,頎邦群益63購02,179950,4.0,4.19,3.87,3.87
713479,精材群益63購05,346820,2.53,2.78,2.53,2.78
713480,精材群益65購01,678500,1.98,2.13,1.98,2.1
713481,環球晶群益63購02,27200,1.31,1.38,1.31,1.38
713482,穩懋群益63購04,937750,1.8,1.88,1.75,1.81
713483,譜瑞群益63購01,76450,1.39,1.39,1.39,1.39
713484,長科*國泰63購01,12300,1.23,1.23,1.23,1.23
713485,高技國泰63購02,0,,,,
713486,世界富邦63購01,119030,0.66,0.67,0.66,0.67
713487,均華富邦63購02,279320,0.62,0.72,0.61,0.69
713488,沛亨富邦63購01,70790,0.94,0.94,0.93,0.93
713489,博智富邦63購04,0,,,,
713490,穩懋富邦63購03,14240,0.89,0.89,0.89,0.89
713491,台半統一68購02,5400,0.54,0.54,0.54,0.54
713492,能率亞統一6B購01,0,,,,
713493,崇越電統一6B購01,0,,,,
713494,穩懋統一68購04,0,,,,
713495,台半元大63購04,44850,0.65,0.65,0.65,0.65
713496,台半元大63購05,93630,0.57,0.58,0.56,0.56
713497,台半元大63購06,7920,0.66,0.66,0.66,0.66
713498,台半元大68購02,165680,0.76,0.76,0.76,0.76
713499,弘塑元大66購01,546070,1.23,1.24,1.18,1.18
713500,弘塑元大68購02,42180,1.11,1.11,1.11,1.11
713501,弘塑元大68購03,49390,1.45,1.48,1.45,1.45
713502,均華元大63購01,23700,0.79,0.79,0.79,0.79
713503,宜鼎元大63購07,134090,0.37,0.38,0.37,0.37
713504,威剛元大63購07,0,,,,
713505,威剛元大63購08,0,,,,
713506,能率元大63購03,0,,,,
713507,晶呈元大63購01,125000,1.53,1.75,1.53,1.75
713508,新應材元大65購01,234770,1.53,1.68,1.53,1.68
713509,新應材元大68購01,329360,0.98,1.07,0.98,1.05
713510,群聯元大63購20,21840,1.04,1.04,1.04,1.04
713511,精材元大65購02,0,,,,
713512,蜜望實元大63購03,0,,,,
713513,環球晶元大63購04,39560,0.84,0.89,0.83,0.89
713514,環球晶元大63購05,0,,,,
713515,環球晶元大65購05,0,,,,
713516,環球晶元大68購11,135000,0.75,0.75,0.75,0.75
713517,雙鴻元大63購14,0,,,,
713518,雙鴻元大63購15,0,,,,
713519,雙鴻元大63購16,0,,,,
713520,雙鴻元大63購17,0,,,,
713521,譜瑞元大63購06,165630,0.98,1.0,0.98,0.99
713522,譜瑞元大63購07,209700,0.84,0.86,0.84,0.85
713523,力致台新63購01,0,,,,
713524,兆利台新64購01,0,,,,
713525,兆利台新65購01,0,,,,
713526,精材台新63購03,0,,,,
713527,廣閎科台新63購01,54190,1.34,1.64,1.34,1.64
713528,環球晶台新63購02,6322710,2.71,2.88,2.69,2.8
713529,環球晶台新63購03,22480,2.02,2.13,2.02,2.13
713530,雙鴻台新64購01,226040,5.1,5.1,4.91,4.99
713531,雙鴻台新64購02,909670,4.31,4.41,4.13,4.24
713532,台半凱基63購03,0,,,,
713533,台特化凱基67購02,65020,1.52,1.91,1.52,1.91
713534,弘塑凱基69購01,77110,2.65,2.75,2.64,2.64
713535,宜鼎凱基63購08,0,,,,
713536,茂綸凱基64購01,1172910,1.64,1.7,1.6,1.6
713537,高技凱基63購03,0,,,,
713538,博智凱基65購01,0,,,,
713539,順達凱基64購03,37850,1.1,1.12,1.1,1.11
713540,新應材凱基66購01,89600,1.12,1.12,1.12,1.12
713541,頎邦凱基65購01,24960,2.89,2.89,2.68,2.68
713542,精材凱基63購07,0,,,,
713543,精材凱基66購01,88600,3.2,3.2,3.16,3.16
713544,蜜望實凱基63購02,0,,,,
713545,環球晶凱基69購01,583080,1.88,1.97,1.88,1.9
713546,雙鴻凱基63購13,7740,3.87,3.87,3.87,3.87
713547,台半群益66購01,6850,1.37,1.37,1.37,1.37
713548,宏捷科群益63購01,96880,0.68,0.69,0.68,0.68
713549,沛亨群益63購01,11700,1.95,1.95,1.95,1.95
713550,朋程群益63購01,0,,,,
713551,欣銓群益63購02,58280,1.37,1.39,1.32,1.39
713552,威剛群益63購06,0,,,,
713553,高技群益63購02,0,,,,
713554,華景電群益63購01,0,,,,
713555,萬泰科群益63購01,0,,,,
713556,群聯群益63購07,33300,0.91,0.96,0.91,0.95
713557,聖暉*群益63購01,46810,1.53,1.53,1.5,1.5
713558,精材群益63購06,308050,3.19,3.26,3.19,3.23
713559,鴻呈群益66購01,2040,0.68,0.68,0.68,0.68
713560,雙鴻群益63購07,218550,6.4,6.4,6.1,6.2
713561,青雲國票64購01,19100,1.91,1.91,1.91,1.91
713562,青雲國票65購01,0,,,,
713563,倚強國票64購01,60690,2.89,2.89,2.89,2.89
713564,家登國票64購01,91200,1.9,1.9,1.9,1.9
713565,達航國票64購01,0,,,,
713566,精材國票64購01,0,,,,
713567,雙鴻國票64購01,255220,1.8,1.88,1.8,1.88
713568,頎邦中信69購01,7800,0.78,0.78,0.78,0.78
713569,精材中信69購01,0,,,,
713570,雙鴻中信69購01,347560,1.28,1.28,1.13,1.15
713571,安葆永豐64購02,19920,1.66,1.66,1.66,1.66
713572,宜鼎永豐65購03,0,,,,
713573,宜鼎永豐68購01,0,,,,
713574,博盛永豐64購01,0,,,,
713575,華洋永豐65購01,0,,,,
713576,廣閎科永豐64購01,43900,1.43,1.53,1.43,1.53
713577,雙鴻永豐64購07,0,,,,
713578,雙鴻永豐65購05,0,,,,
713579,雙鴻永豐68購01,0,,,,
713580,千附精元大63購03,0,,,,
713581,中美晶元大63購08,0,,,,
713582,弘塑元大67購02,116700,1.4,1.45,1.4,1.4
713583,弘塑元大68購04,680200,1.2,1.21,1.12,1.12
713584,宜鼎元大63購08,142470,0.49,0.49,0.46,0.46
713585,宜鼎元大63購09,508980,0.5,0.52,0.5,0.51
713586,威剛元大63購09,90720,1.44,1.44,1.44,1.44
713587,威剛元大63購10,0,,,,
713588,高技元大63購06,640,0.32,0.32,0.32,0.32
713589,新應材元大66購01,628580,1.01,1.17,1.01,1.17
713590,精材元大63購06,176600,2.01,2.13,2.01,2.07
713591,精材元大63購07,1670,1.67,1.67,1.67,1.67
713592,精材元大63購08,20150,1.55,1.55,1.55,1.55
713593,精材元大63購09,88800,0.87,0.96,0.87,0.96
713594,蜜望實元大63購04,69050,0.3,0.3,0.29,0.29
713595,營邦元大68購01,0,,,,
713596,環球晶元大63購06,0,,,,
713597,環球晶元大64購02,0,,,,
713598,環球晶元大66購05,201850,0.57,0.59,0.57,0.58
713599,鴻呈元大63購01,210000,0.6,0.6,0.6,0.6
713600,鴻呈元大63購02,0,,,,
713601,雙鴻元大63購18,278570,1.94,1.96,1.85,1.85
713602,雙鴻元大64購06,590440,2.1,2.1,2.0,2.0
713603,雙鴻元大65購02,496940,2.2,2.21,2.12,2.18
713604,鴻呈國泰64購01,0,,,,
713605,中美晶富邦63購03,78480,0.56,0.58,0.56,0.58
713606,元太富邦65購01,351600,0.52,0.54,0.52,0.53
713607,威剛富邦66購01,0,,,,
713608,高技富邦66購01,52010,0.54,0.55,0.54,0.54
713609,晶呈富邦65購01,664920,0.78,0.89,0.77,0.88
713610,閎康富邦65購01,97960,0.62,0.62,0.62,0.62
713611,順達富邦64購02,0,,,,
713612,頎邦富邦66購01,390880,0.71,0.73,0.71,0.71
713613,精材富邦65購02,566010,0.96,1.04,0.93,1.04
713614,精材富邦79購01,832870,1.11,1.14,1.09,1.13
713615,營邦富邦66購01,1064230,1.07,1.09,0.98,0.98
713616,雙鴻富邦65購02,0,,,,
713617,雙鴻富邦66購01,0,,,,
713618,雙鴻富邦66購02,40700,2.04,2.04,2.03,2.03
713619,雙鴻統一69購01,140530,1.39,1.39,1.34,1.34
713620,雙鴻統一6C購02,499720,0.8,0.82,0.8,0.81
713621,千附群益63購01,9700,0.97,0.97,0.97,0.97
713622,均華群益65購01,1047130,0.69,0.82,0.69,0.75
713623,亞通群益63購01,2500,2.5,2.5,2.5,2.5
713624,宜鼎群益65購01,5100,0.51,0.51,0.51,0.51
713625,威剛群益63購07,7310,0.61,0.62,0.6,0.62
713626,順達群益63購05,0,,,,
713627,新應材群益64購02,0,,,,
713628,群聯群益63購08,130820,0.87,0.92,0.87,0.92
713629,頎邦群益63購03,221150,4.04,4.15,3.75,3.75
713630,精材群益63購07,450050,3.09,3.33,3.09,3.32
713631,精材群益63購08,387230,2.16,2.26,2.03,2.26
713632,擎亞群益63購01,26500,0.53,0.53,0.53,0.53
713633,環球晶群益63購03,5326490,1.28,1.36,1.25,1.3
713634,雙鴻群益63購08,217230,3.85,3.85,3.65,3.74
713635,元太國票64購02,0,,,,
713636,世界國票64購01,30160,1.16,1.16,1.16,1.16
713637,弘塑國票64購01,0,,,,
713638,均華國票67購01,36500,0.85,0.9,0.85,0.9
713639,良維國票64購01,920,0.92,0.92,0.92,0.92
713640,宜鼎國票64購01,6700,0.67,0.67,0.67,0.67
713641,欣銓國票64購01,14200,0.94,0.95,0.94,0.95
713642,威剛國票64購03,34300,0.7,0.7,0.7,0.7
713643,高技國票64購01,0,,,,
713644,創泓國票64購01,0,,,,
713645,智通*國票65購01,0,,,,
713646,萊德光國票64購01,481820,1.41,1.41,1.38,1.4
713647,雅特力國票64購01,0,,,,
713648,順達國票64購01,0,,,,
713649,群聯國票64購02,0,,,,
713650,頎邦國票64購05,0,,,,
713651,精材國票64購02,0,,,,
713652,蜜望實國票64購01,47250,1.35,1.35,1.35,1.35
713653,擎亞國票64購01,0,,,,
713654,擎亞國票65購01,0,,,,
713655,擎亞國票66購01,0,,,,
713656,環球晶國票64購02,29250,2.25,2.25,2.25,2.25
713657,環球晶國票65購01,126610,2.13,2.28,2.13,2.18
713658,環球晶國票66購01,24750,2.25,2.25,2.25,2.25
713659,鴻呈國票64購01,0,,,,
713660,雙鴻國票64購02,0,,,,
713661,安葆台新63購01,30160,2.38,2.38,1.9,1.94
713662,能率台新66購01,0,,,,
713663,萊德光台新63購01,1638060,1.75,1.75,1.64,1.69
713664,雅特力台新63購01,1860,0.93,0.93,0.93,0.93
713665,精材台新63購04,28350,1.89,1.89,1.89,1.89
713666,擎亞台新63購01,0,,,,
713667,擎亞台新66購01,30030,0.77,0.77,0.77,0.77
713668,雙鴻台新66購01,218700,2.2,2.2,2.13,2.18
713669,千附精元大66購01,27720,0.44,0.44,0.44,0.44
713670,元太元大66購06,166370,1.15,1.18,1.15,1.18
713671,元太元大67購04,391510,1.03,1.05,1.03,1.05
713672,均華元大63購02,102990,0.53,0.58,0.53,0.58
713673,均華元大63購03,257880,0.6,0.61,0.59,0.61
713674,均華元大64購05,111510,0.63,0.63,0.63,0.63
713675,宜鼎元大63購10,331050,0.62,0.66,0.62,0.65
713676,宜鼎元大63購11,12340,0.56,0.57,0.56,0.57
713677,青雲元大63購03,176300,0.66,0.66,0.65,0.66
713678,威剛元大63購11,0,,,,
713679,高技元大63購07,17580,0.68,0.68,0.66,0.66
713680,智通*元大67購01,34250,0.97,0.99,0.97,0.99
713681,雅特力元大63購01,0,,,,
713682,群聯元大63購21,648160,0.88,0.94,0.88,0.93
713683,精材元大63購10,0,,,,
713684,精材元大63購11,234430,1.44,1.53,1.43,1.53
713685,精材元大63購12,0,,,,
713686,精材元大64購02,0,,,,
713687,精材元大65購03,8240,0.8,0.95,0.79,0.95
713688,蜜望實元大63購05,65940,0.42,0.42,0.42,0.42
713689,擎亞元大63購01,57460,0.42,0.46,0.42,0.45
713690,環球晶元大63購07,130470,1.99,2.1,1.98,2.03
713691,環球晶元大63購08,60600,1.14,1.2,1.13,1.17
713692,環球晶元大67購04,111060,1.05,1.08,1.05,1.08
713693,雙鴻元大63購19,0,,,,
713694,雙鴻元大63購20,18000,1.8,1.8,1.8,1.8
713695,千附精凱基63購01,0,,,,
713696,中美晶凱基68購02,894100,2.44,2.62,2.44,2.57
713697,欣銓凱基68購01,55920,2.43,2.44,2.43,2.44
713698,青雲凱基64購01,44660,1.54,1.54,1.54,1.54
713699,家登凱基64購01,25300,2.49,2.57,2.49,2.57
713700,雅特力凱基63購01,27600,0.92,0.92,0.92,0.92
713701,雅特力凱基63購02,0,,,,
713702,雅特力凱基63購03,2020,1.01,1.01,1.01,1.01
713703,萬泰科凱基63購01,8350,1.67,1.67,1.67,1.67
713704,群聯凱基64購09,0,,,,
713705,群聯凱基69購01,298280,2.47,2.47,2.41,2.47
713706,聖暉*凱基63購02,209480,1.7,1.77,1.7,1.77
713707,達航凱基66購01,0,,,,
713708,精材凱基63購08,102600,1.73,1.73,1.67,1.67
713709,擎亞凱基63購01,0,,,,
713710,擎亞凱基63購02,102700,0.39,0.44,0.39,0.44
713711,擎亞凱基66購01,0,,,,
713712,營邦凱基68購01,340660,3.76,3.76,3.43,3.43
713713,鴻呈凱基63購01,0,,,,
713714,雙鴻凱基63購14,683890,2.97,3.01,2.76,2.85
713715,環球晶中信69購01,1381790,1.31,1.38,1.31,1.38
713716,千附永豐63購01,327140,0.99,1.01,0.98,1.01
713717,宜鼎永豐67購02,0,,,,
713718,宜鼎永豐69購01,0,,,,
713719,青雲永豐64購01,105780,1.23,1.23,1.23,1.23
713720,博士旺永豐63購01,0,,,,
713721,雅特力永豐64購01,11640,0.97,0.97,0.97,0.97
713722,雅特力永豐66購01,0,,,,
713723,精材永豐64購03,403260,1.29,1.37,1.26,1.37
713724,精材永豐64購04,227930,1.76,1.81,1.76,1.79
713725,精材永豐64購05,339150,1.38,1.44,1.38,1.44
713726,精材永豐66購01,107780,2.1,2.12,2.1,2.12
713727,蜜望實永豐65購01,17100,0.9,0.9,0.9,0.9
713728,擎亞永豐64購02,0,,,,
713729,擎亞永豐65購01,70310,0.79,0.79,0.79,0.79
713730,擎亞永豐66購01,0,,,,
713731,環球晶永豐63購09,1536000,1.92,1.94,1.9,1.92
713732,環球晶永豐69購01,0,,,,
713733,雙鴻永豐66購03,56270,2.04,2.05,2.0,2.0
713734,精材國泰64購01,0,,,,
713735,蜜望實國泰64購01,20200,1.01,1.01,1.01,1.01
713736,良維富邦64購02,0,,,,
713737,宜鼎富邦63購03,27440,0.28,0.28,0.28,0.28
713738,精材富邦63購01,694500,0.86,0.91,0.86,0.91
713739,擎亞富邦64購01,42610,0.3,0.31,0.3,0.31
713740,環球晶富邦63購01,428800,0.68,0.7,0.68,0.69
713741,千附統一67購03,0,,,,
713742,精材統一67購04,40900,0.62,0.66,0.62,0.66
713743,精材統一69購01,0,,,,
713744,擎亞統一69購01,0,,,,
713745,環球晶統一6A購03,0,,,,
713746,雙鴻統一71購01,1302360,1.11,1.11,1.08,1.09
713747,千附精台新63購01,0,,,,
713748,台半台新63購01,129970,2.18,2.26,2.17,2.17
713749,台半台新63購02,469270,1.44,1.49,1.43,1.43
713750,弘塑台新63購02,13380,2.26,2.26,2.2,2.2
713751,弘塑台新64購01,0,,,,
713752,弘塑台新65購01,0,,,,
713753,正淩台新66購01,3956460,2.55,2.98,2.55,2.98
713754,亞信台新63購01,31340,1.38,1.38,1.36,1.36
713755,東捷台新63購01,240050,2.48,2.58,2.48,2.58
713756,新應材台新63購01,79860,1.21,1.21,1.21,1.21
713757,新應材台新63購02,59220,0.94,0.94,0.94,0.94
713758,漢達台新63購01,358460,1.53,1.75,1.53,1.75
713759,漢達台新63購02,834630,1.76,1.84,1.76,1.83
713760,雙鴻台新63購04,22230,2.47,2.47,2.47,2.47
713761,元太凱基67購01,174090,1.42,1.42,1.41,1.42
713762,弘塑凱基68購02,6600,2.2,2.2,2.2,2.2
713763,良維凱基69購01,666640,2.09,2.11,2.04,2.11
713764,宜鼎凱基63購09,167200,1.1,1.1,1.1,1.1
713765,威剛凱基63購13,105700,1.77,1.78,1.74,1.78
713766,家登凱基63購03,152850,1.37,1.43,1.37,1.43
713767,高技凱基63購04,0,,,,
713768,智通*凱基63購03,0,,,,
713769,順達凱基63購10,0,,,,
713770,新應材凱基66購02,642790,1.59,1.89,1.59,1.78
713771,頎邦凱基63購07,525030,2.59,2.71,2.46,2.46
713772,雙鴻凱基63購15,151450,2.78,2.88,2.78,2.83
713773,雙鴻凱基63購16,106800,2.67,2.67,2.67,2.67
713774,雙鴻凱基63購18,80530,2.6,2.62,2.57,2.57
713775,雙鴻凱基63購19,156740,2.52,2.53,2.52,2.53
713776,雙鴻凱基64購04,7800,2.6,2.6,2.6,2.6
713777,雙鴻凱基65購01,221650,2.99,2.99,2.88,2.88
713778,雙鴻凱基65購02,749680,2.86,2.95,2.74,2.81
713779,雙鴻凱基65購03,376150,3.26,3.26,3.12,3.19
713780,雙鴻凱基65購04,605570,2.83,2.88,2.72,2.83
713781,中美晶群益68購01,18760,0.67,0.67,0.67,0.67
713782,宏捷科群益63購02,0,,,,
713783,亞信群益63購01,40500,0.81,0.81,0.81,0.81
713784,倚強群益63購01,2400,2.4,2.4,2.4,2.4
713785,家登群益63購05,77670,1.2,1.2,1.19,1.19
713786,晶宏群益64購01,0,,,,
713787,群聯群益63購09,65370,1.57,1.65,1.57,1.62
713788,廣閎科群益63購02,1184790,1.43,1.77,1.43,1.75
713789,雙鴻群益63購10,0,,,,
713790,雙鴻群益69購01,291430,1.69,1.69,1.58,1.59
713791,中美晶元大63購09,76260,0.62,0.62,0.62,0.62
713792,宜鼎元大63購12,89680,0.59,0.59,0.59,0.59
713793,青雲元大63購04,560,0.56,0.56,0.56,0.56
713794,威剛元大63購12,61230,1.57,1.57,1.57,1.57
713795,威剛元大67購01,0,,,,
713796,高技元大63購08,14280,0.68,0.68,0.68,0.68
713797,群聯元大63購23,7840,0.98,0.98,0.98,0.98
713798,營邦元大63購04,0,,,,
713799,雙鴻元大63購21,420740,1.6,1.61,1.55,1.6
713800,雙鴻元大63購26,263730,1.29,1.29,1.27,1.27
713801,雙鴻元大63購28,1040620,1.16,1.22,1.1,1.13
713802,雙鴻元大63購29,482210,1.35,1.36,1.28,1.28
713803,雙鴻元大64購07,989780,1.43,1.45,1.37,1.37
713804,雙鴻元大64購08,692600,1.41,1.41,1.35,1.37
713805,雙鴻元大64購09,780120,1.04,1.06,1.0,1.01
713806,雙鴻元大65購03,717030,1.11,1.19,1.05,1.19
713807,雙鴻元大65購04,1174180,1.08,1.09,1.02,1.05
713808,久元國票65購01,0,,,,
713809,大綜國票66購01,17190,1.91,1.91,1.91,1.91
713810,天良國票64購01,4820,0.32,0.32,0.3,0.3
713811,晶宏國票68購01,0,,,,
713812,瑞耘國票68購01,40990,0.69,0.71,0.69,0.71
713813,萬泰科國票65購01,9570,0.87,0.87,0.87,0.87
713814,聖暉*國票65購03,11760,0.84,0.84,0.84,0.84
713815,廣閎科國票65購01,196780,1.25,1.36,1.25,1.33
713816,磐亞國票65購01,0,,,,
713817,雙鴻國票69購02,5000,1.25,1.25,1.25,1.25
713818,晶宏統一71購01,0,,,,
713819,新應材統一69購01,0,,,,
713820,新應材統一6C購01,0,,,,
713821,擎亞統一69購02,9200,0.46,0.46,0.46,0.46
713822,雙鴻統一6B購02,710,0.71,0.71,0.71,0.71
713823,雙鴻統一71購02,937550,1.07,1.07,1.06,1.06
713824,千附精永豐64購02,0,,,,
713825,廣閎科永豐63購03,343950,1.45,1.65,1.43,1.65
713826,廣閎科永豐64購02,128860,1.63,1.9,1.63,1.8
713827,能率富邦65購01,0,,,,
713828,雙鴻富邦65購03,105270,1.24,1.29,1.24,1.27
713829,雙鴻富邦66購03,170110,1.2,1.2,1.11,1.15
713830,雙鴻富邦66購04,366750,1.06,1.06,0.97,1.0
713831,朋億*國泰64購01,0,,,,
713832,穩得國泰64購01,7400,0.74,0.74,0.74,0.74
713833,良維中信69購01,0,,,,
713834,力致台新63購02,0,,,,
713835,力致台新63購03,0,,,,
713836,千附台新63購01,33400,0.76,0.76,0.75,0.76
713837,天正台新63購01,0,,,,
713838,宜鼎台新65購02,0,,,,
713839,華洋台新63購01,0,,,,
713840,閎康台新63購01,0,,,,
713841,閎康台新63購02,0,,,,
713842,閎康台新63購03,0,,,,
713843,騰雲台新63購01,518960,1.04,1.04,1.04,1.04
713844,驊訊台新64購01,29850,0.86,0.86,0.81,0.81
713845,驊訊台新64購02,20550,0.54,0.54,0.51,0.51
713846,九暘國票65購02,92900,0.82,0.95,0.82,0.95
713847,力致國票66購01,0,,,,
713848,利機國票64購01,0,,,,
713849,均豪國票64購01,57090,0.79,0.9,0.79,0.9
713850,均豪國票65購01,8580,0.78,0.78,0.78,0.78
713851,亞通國票64購01,644160,1.72,1.92,1.72,1.92
713852,亞通國票65購01,182920,1.69,1.81,1.66,1.75
713853,崴寶國票67購01,0,,,,
713854,晶宏國票6B購01,0,,,,
713855,智通*國票64購01,0,,,,
713856,華宏國票67購01,41350,0.9,0.94,0.86,0.86
713857,閎康國票65購01,0,,,,
713858,新應材國票65購01,0,,,,
713859,榮剛國票67購01,0,,,,
713860,營邦國票64購02,0,,,,
713861,營邦國票64購03,0,,,,
713862,營邦國票66購01,0,,,,
713863,大綜凱基63購01,172440,1.38,1.38,1.35,1.35
713864,宏捷科凱基63購02,16830,0.51,0.51,0.51,0.51
713865,宏捷科凱基64購01,211870,0.75,0.78,0.75,0.76
713866,沛亨凱基63購02,32000,1.6,1.6,1.6,1.6
713867,亞信凱基63購01,47000,0.75,0.81,0.75,0.81
713868,青雲凱基63購02,10750,1.79,1.8,1.79,1.8
713869,晶宏凱基64購01,0,,,,
713870,鈊象凱基67購01,92480,2.33,2.33,2.31,2.31
713871,群聯凱基63購18,0,,,,
713872,群聯凱基63購19,0,,,,
713873,聖暉*凱基65購01,65190,1.4,1.4,1.33,1.37
713874,漢達凱基65購01,0,,,,
713875,廣閎科凱基63購03,399770,1.69,2.04,1.69,2.04
713876,營邦凱基63購05,205230,1.62,1.63,1.59,1.59
713877,威剛群益63購08,0,,,,
713878,晶宏群益64購02,0,,,,
713879,新應材群益63購02,87380,0.7,0.73,0.7,0.73
713880,元太永豐64購01,160550,1.45,1.51,1.45,1.51
713881,天正永豐66購01,0,,,,
713882,巨漢永豐64購01,59670,1.53,1.53,1.53,1.53
713883,博盛永豐63購03,0,,,,
713884,晶宏永豐63購01,0,,,,
713885,千附精富邦63購01,0,,,,
713886,弘塑國泰64購01,254750,1.76,1.76,1.65,1.66
713887,威剛統一69購02,0,,,,
713888,晶宏統一69購01,0,,,,
713889,擎亞統一71購01,5760,0.44,0.45,0.44,0.45
713890,千附精元大69購01,0,,,,
713891,宏捷科元大63購01,10200,0.51,0.51,0.51,0.51
713892,宏捷科元大67購02,15200,0.76,0.76,0.76,0.76
713893,良維元大63購03,116000,1.45,1.45,1.45,1.45
713894,良維元大67購01,0,,,,
713895,宜鼎元大63購13,367000,0.52,0.53,0.52,0.53
713896,威剛元大67購02,0,,,,
713897,建榮元大63購01,4700,0.94,0.94,0.94,0.94
713898,晶宏元大63購01,0,,,,
713899,雅特力元大63購02,0,,,,
713900,順達元大63購08,635150,0.93,0.99,0.93,0.95
713901,群翊元大63購01,196740,1.59,1.68,1.58,1.68
713902,群聯元大63購24,18560,1.08,1.1,1.08,1.1
713903,擎亞元大63購02,0,,,,
713904,擎亞元大63購03,258000,0.51,0.52,0.51,0.52
713905,天正台新63購02,33000,0.66,0.66,0.66,0.66
713906,印能台新63購01,0,,,,
713907,印能台新63購02,159550,1.45,1.45,1.35,1.35
713908,沛亨台新63購01,37750,1.51,1.51,1.51,1.51
713909,晶宏台新63購01,0,,,,
713910,晶宏台新63購02,0,,,,
713911,鈊象台新63購01,113420,2.07,2.24,2.07,2.08
713912,群聯台新63購05,0,,,,
713913,群聯台新63購06,0,,,,
713914,力致凱基63購01,0,,,,
713915,印能凱基63購01,1613000,1.7,1.71,1.46,1.5
713916,印能凱基63購02,531990,1.75,1.76,1.48,1.48
713917,印能凱基64購02,221970,1.68,1.68,1.48,1.48
713918,印能凱基65購01,689580,1.89,1.9,1.61,1.65
713919,印能凱基65購02,787680,2.02,2.02,1.74,1.76
713920,均豪凱基65購02,379800,0.93,1.0,0.93,1.0
713921,良維凱基63購03,36060,2.47,2.47,2.36,2.36
713922,亞通凱基63購01,0,,,,
713923,宜鼎凱基63購10,56580,1.23,1.23,1.23,1.23
713924,威剛凱基67購01,19400,1.95,1.95,1.93,1.93
713925,建榮凱基63購02,0,,,,
713926,晶宏凱基64購02,0,,,,
713927,智通*凱基64購01,0,,,,
713928,閎康凱基63購02,0,,,,
713929,新應材凱基68購01,118720,1.39,1.62,1.39,1.62
713930,印能國票64購01,82200,1.35,1.35,1.32,1.32
713931,印能國票65購01,0,,,,
713932,沛亨國票66購02,248500,0.99,1.0,0.99,1.0
713933,泓格國票64購01,44320,0.77,0.9,0.77,0.9
713934,晶宏國票66購01,238700,0.62,0.62,0.62,0.62
713935,群聯國票66購03,38100,1.27,1.27,1.27,1.27
713936,印能群益63購01,243420,1.18,1.18,1.05,1.05
713937,印能群益65購01,299000,1.23,1.23,1.08,1.08
713938,沛亨群益64購01,6620,1.65,1.66,1.65,1.66
713939,鈊象群益63購04,43390,2.74,2.74,2.59,2.59
713940,群聯群益63購10,61180,1.58,1.64,1.58,1.61
713941,營邦群益63購02,0,,,,
713942,營邦群益65購01,454600,1.75,1.78,1.58,1.58
713943,印能中信67購01,35720,0.76,0.76,0.76,0.76
713944,印能統一67購01,85890,0.77,0.77,0.76,0.76
713945,沛亨統一6A購01,0,,,,
713946,晶宏統一67購01,0,,,,
713947,印能國泰64購01,0,,,,
713948,印能國泰65購01,0,,,,
713949,宜特國泰64購01,39120,1.63,1.63,1.63,1.63
713950,晶宏國泰64購01,181700,0.89,0.92,0.89,0.9
713951,營邦國泰64購01,0,,,,
713952,均豪富邦63購01,206880,0.45,0.51,0.45,0.5
713953,營邦富邦66購02,365660,0.75,0.76,0.69,0.69
713954,九暘永豐64購01,1161980,1.25,1.53,1.25,1.46
713955,川寶永豐63購01,1719080,1.54,1.73,1.51,1.54
713956,印能永豐63購01,179010,1.08,1.08,0.95,1.01
713957,印能永豐64購02,265230,0.78,0.83,0.75,0.83
713958,印能永豐65購01,233840,1.19,1.19,1.16,1.16
713959,晶宏永豐64購01,0,,,,
713960,群翊永豐63購01,629110,1.38,1.45,1.33,1.45
713961,頎邦永豐64購03,0,,,,
713962,頎邦永豐66購01,49140,1.89,1.89,1.89,1.89
713963,中美晶元大63購10,268210,1.19,1.25,1.19,1.24
713964,印能元大67購01,622990,0.87,0.87,0.8,0.82
713965,印能元大68購01,820030,0.87,0.87,0.8,0.82
713966,沛亨元大63購01,40280,1.06,1.06,1.06,1.06
713967,沛亨元大63購02,504190,1.16,1.2,1.16,1.2
713968,沛亨元大69購01,108830,0.85,0.87,0.85,0.87
713969,良維元大63購04,0,,,,
713970,良維元大67購02,0,,,,
713971,宜鼎元大63購14,341510,0.79,0.83,0.78,0.78
713972,威剛元大63購13,90470,1.09,1.09,1.09,1.09
713973,晶宏元大63購02,12600,0.42,0.42,0.42,0.42
713974,湧德元大63購01,288500,0.58,0.59,0.57,0.58
713975,順達元大63購09,207080,1.15,1.17,1.15,1.17
713976,順達元大63購10,0,,,,
713977,新應材元大63購05,675050,0.56,0.71,0.56,0.67
713978,新應材元大63購06,302430,0.87,1.01,0.87,1.01
713979,群聯元大63購25,80580,1.02,1.02,1.02,1.02
713980,聖暉*元大63購01,209140,0.63,0.64,0.61,0.62
713981,漢達元大63購01,0,,,,
713982,廣閎科元大63購01,716150,1.59,1.84,1.59,1.79
713983,廣閎科元大69購01,1239200,0.69,0.78,0.69,0.76
713984,擎亞元大63購04,0,,,,
713985,擎亞元大63購05,0,,,,
713986,擎亞元大68購01,156650,0.65,0.65,0.65,0.65
713987,譜瑞元大63購08,16700,1.67,1.67,1.67,1.67
713988,東捷台新63購02,168640,2.45,2.66,2.4,2.66
713989,東捷台新63購03,1159650,2.45,2.83,2.4,2.5
713990,新應材台新64購03,101100,1.23,1.25,1.23,1.25
713991,群聯台新63購07,0,,,,
713992,群聯台新63購08,24960,1.56,1.56,1.56,1.56
713993,德微台新63購01,99790,3.48,3.48,3.14,3.14
713994,德微台新64購01,4454940,3.27,3.46,2.96,2.96
713995,德微台新65購01,366560,2.51,2.71,2.39,2.39
713996,立敦群益63購01,0,,,,
713997,良維群益63購02,35650,1.15,1.15,1.15,1.15
713998,良維群益65購01,38400,1.28,1.28,1.28,1.28
713999,東捷群益65購01,214930,1.98,2.33,1.98,2.33
714000,新應材群益63購03,149500,1.1,1.4,1.1,1.37
714001,群聯群益63購11,114010,1.38,1.44,1.38,1.42
714002,漢達群益64購01,651000,2.17,2.17,2.17,2.17
714003,漢達群益65購01,821910,2.12,2.36,2.11,2.36
714004,沛亨凱基63購03,36340,2.23,2.29,2.23,2.29
714005,良維凱基63購04,0,,,,
714006,信紘科凱基63購01,70440,0.97,1.01,0.97,0.98
714007,萊德光凱基63購01,0,,,,
714008,順達凱基65購01,16470,1.83,1.83,1.83,1.83
714009,鈊象凱基63購05,41320,2.52,2.52,2.24,2.24
714010,群聯凱基64購10,498380,2.44,2.46,2.41,2.46
714011,聖暉*凱基63購03,325440,1.9,1.9,1.8,1.89
714012,鈺太凱基63購01,2623350,0.93,0.96,0.91,0.94
714013,漢達凱基63購02,269660,1.68,1.9,1.58,1.9
714014,德微凱基63購01,292460,2.94,3.05,2.65,2.65
714015,德微凱基63購02,161470,3.4,3.4,3.07,3.07
714016,德微凱基65購01,3960,3.96,3.96,3.96,3.96
714017,營邦凱基63購06,0,,,,
714018,台半元大63購07,205190,1.39,1.4,1.37,1.38
714019,台半元大63購08,227070,0.99,1.02,0.99,1.02
714020,台半元大63購09,73800,0.82,0.82,0.82,0.82
714021,沛亨元大63購03,304790,1.27,1.33,1.27,1.32
714022,宜鼎元大69購01,315240,0.91,0.92,0.88,0.88
714023,威剛元大63購14,0,,,,
714024,晶宏元大63購03,0,,,,
714025,群聯元大63購26,26600,1.33,1.33,1.33,1.33
714026,廣閎科元大63購02,1185380,0.79,0.95,0.79,0.92
714027,廣閎科元大69購02,234200,0.71,0.82,0.71,0.82
714028,德微元大63購01,116800,1.97,1.97,1.83,1.83
714029,德微元大69購01,0,,,,
714030,晶宏中信63購01,0,,,,
714031,台半國票65購01,30900,1.03,1.03,1.03,1.03
714032,正淩國票67購01,0,,,,
714033,宸曜國票64購01,264810,1.35,1.53,1.35,1.46
714034,宸曜國票65購01,6140,1.57,1.57,1.5,1.5
714035,高鋒國票65購01,0,,,,
714036,新門國票69購01,0,,,,
714037,群翊國票65購02,191560,0.88,0.92,0.88,0.91
714038,漢達國票69購01,7910,1.13,1.13,1.13,1.13
714039,德微國票65購02,0,,,,
714040,譜瑞國票66購02,0,,,,
714041,寶雅*國票66購02,0,,,,
714042,沛亨永豐63購02,29800,1.49,1.49,1.49,1.49
714043,良維永豐64購01,122620,1.2,1.22,1.2,1.22
714044,東捷永豐63購04,297050,2.55,2.89,2.52,2.89
714045,東捷永豐64購03,141000,1.99,2.24,1.99,2.07
714046,泓格永豐63購01,184140,1.52,1.78,1.52,1.78
714047,泓格永豐64購02,26000,0.91,0.95,0.91,0.95
714048,德微永豐64購01,48000,1.6,1.6,1.6,1.6
714049,德微永豐65購01,0,,,,
714050,寶雅*永豐64購01,0,,,,
714051,印能統一66購01,0,,,,
714052,東捷國泰64購01,141090,1.54,1.66,1.54,1.66
714053,元太富邦65購02,369600,0.59,0.62,0.59,0.6
714054,宜鼎富邦64購01,0,,,,
714055,高技富邦65購01,9560,0.68,0.69,0.68,0.69
714056,晶呈富邦65購02,333900,1.05,1.14,1.05,1.14
714057,新應材富邦63購04,422760,0.42,0.53,0.42,0.5
714058,群聯富邦65購03,180230,0.9,0.9,0.87,0.87
714059,群聯富邦65購04,110500,1.03,1.04,1.01,1.01
714060,群聯富邦65購05,91260,1.17,1.17,1.17,1.17
714061,聖暉*富邦63購01,9750,0.75,0.75,0.75,0.75
714062,譜瑞富邦65購01,60290,0.82,0.83,0.82,0.83
714063,M31台新63購01,29400,4.2,4.2,4.2,4.2
714064,M31台新66購01,3850,3.85,3.85,3.85,3.85
714065,光頡台新63購01,247500,5.05,5.1,4.92,4.92
714066,光頡台新66購01,496350,4.13,4.28,4.0,4.14
714067,竹陞台新63購01,14640,1.22,1.22,1.22,1.22
714068,均華台新63購03,69480,0.54,0.63,0.54,0.63
714069,均華台新64購01,0,,,,
714070,昇達科台新63購01,129910,1.61,1.61,1.44,1.44
714071,昇達科台新66購01,38710,1.76,1.76,1.53,1.53
714072,信驊台新63購01,3280,3.28,3.28,3.28,3.28
714073,信驊台新63購02,27040,2.48,2.48,2.45,2.45
714074,信驊台新63購03,168120,1.67,1.67,1.5,1.58
714075,信驊台新66購01,45750,4.78,4.78,4.43,4.54
714076,信驊台新66購02,0,,,,
714077,漢達台新63購03,97980,0.99,1.18,0.99,1.18
714078,漢達台新63購04,1297960,0.84,0.96,0.8,0.96
714079,耀穎台新63購01,14000,1.4,1.4,1.4,1.4
714080,M31凱基63購02,655080,3.33,3.9,3.29,3.33
714081,M31凱基63購03,741300,3.07,3.65,3.07,3.22
714082,M31凱基63購04,888540,3.2,3.5,3.08,3.17
714083,光頡凱基63購01,680320,2.52,2.67,2.52,2.55
714084,光頡凱基63購02,26100,2.9,2.9,2.9,2.9
714085,光頡凱基63購03,27630,3.07,3.07,3.07,3.07
714086,竹陞凱基63購01,339500,0.89,0.99,0.89,0.97
714087,竹陞凱基63購02,174460,1.02,1.09,1.02,1.09
714088,竹陞凱基63購03,309370,1.23,1.3,1.22,1.28
714089,均華凱基63購02,382860,0.48,0.57,0.48,0.57
714090,均華凱基64購03,210340,0.61,0.68,0.6,0.67
714091,宜鼎凱基63購11,157950,1.05,1.05,0.96,0.96
714092,昇達科凱基63購01,128130,1.53,1.53,1.27,1.27
714093,昇達科凱基63購02,411210,1.56,1.56,1.32,1.32
714094,昇達科凱基63購03,403720,1.78,1.78,1.5,1.5
714095,昇達科凱基63購04,1548260,1.88,1.88,1.59,1.62
714096,信驊凱基63購01,367320,1.88,1.91,1.6,1.7
714097,信驊凱基63購02,125850,2.33,2.33,2.25,2.25
714098,信驊凱基63購03,30960,2.58,2.58,2.58,2.58
714099,信驊凱基63購04,58840,2.85,2.86,2.62,2.62
714100,信驊凱基63購05,60030,3.67,3.7,3.47,3.47
714101,威剛凱基63購14,0,,,,
714102,新應材凱基63購09,0,,,,
714103,群聯凱基67購01,1378710,2.5,2.53,2.43,2.53
714104,雷科凱基63購01,275410,1.85,2.13,1.75,2.13
714105,雷科凱基63購02,70810,1.87,1.87,1.82,1.82
714106,雷科凱基63購03,216990,2.03,2.05,2.0,2.05
714107,頎邦凱基64購04,77220,1.77,1.8,1.77,1.8
714108,穩懋凱基66購01,66080,2.36,2.36,2.36,2.36
714109,光頡統一65購03,1654250,1.29,1.3,1.25,1.26
714110,光頡統一68購01,3589820,1.27,1.29,1.23,1.24
714111,光頡統一6C購01,612850,0.92,0.95,0.92,0.93
714112,光頡統一79購01,993590,1.01,1.04,1.0,1.01
714113,均華統一67購02,23790,0.39,0.39,0.39,0.39
714114,均華統一6C購01,19360,0.44,0.44,0.44,0.44
714115,良維統一65購01,0,,,,
714116,良維統一6C購01,0,,,,
714117,昇達科統一67購01,0,,,,
714118,昇達科統一6C購01,94900,0.87,0.87,0.83,0.83
714119,昇達科統一6C購02,0,,,,
714120,金山電統一6C購02,893850,0.59,0.59,0.59,0.59
714121,信紘科統一6C購01,29700,0.67,0.68,0.67,0.68
714122,德微統一66購01,72710,0.89,0.95,0.88,0.88
714123,營邦統一6C購02,0,,,,
714124,穩懋統一67購02,0,,,,
714125,穩懋統一6C購04,0,,,,
714126,光頡國泰64購01,0,,,,
714127,均華國泰64購02,0,,,,
714128,良維國泰64購01,16800,1.68,1.68,1.68,1.68
714129,昇達科國泰64購01,55160,1.35,1.35,1.24,1.24
714130,昇達科國泰65購01,0,,,,
714131,信紘科國泰64購01,140600,1.76,1.8,1.76,1.8
714132,鈊象國泰64購01,281020,2.39,2.41,2.39,2.4
714133,雷科國泰64購01,232180,1.44,1.77,1.44,1.77
714134,雷科國泰65購01,108090,2.3,2.3,2.21,2.21
714135,漢達國泰64購01,320740,1.93,2.11,1.9,2.11
714136,穩懋國泰65購02,104100,2.96,3.01,2.96,3.01
714137,M31富邦65購02,172980,1.23,1.28,1.23,1.28
714138,弘塑富邦65購01,52730,0.69,0.71,0.69,0.71
714139,均華富邦65購01,313620,0.41,0.46,0.41,0.46
714140,信驊富邦66購01,21550,4.31,4.31,4.31,4.31
714141,穩懋富邦65購02,0,,,,
714142,M31中信66購01,96140,0.71,0.73,0.71,0.73
714143,光頡中信63購01,1709870,1.24,1.3,1.2,1.24
714144,竹陞中信69購01,127210,0.58,0.61,0.58,0.61
714145,均華中信69購01,95570,0.35,0.39,0.35,0.39
714146,昇達科中信69購01,134900,0.88,0.88,0.78,0.78
714147,信驊中信63購01,68200,2.34,2.34,2.24,2.24
714148,群聯中信68購02,0,,,,
714149,穩懋中信65購01,0,,,,
714150,M31永豐64購01,115770,1.27,1.46,1.27,1.33
714151,M31永豐65購01,95600,2.1,2.16,2.1,2.16
714152,元太永豐63購03,508900,0.87,0.88,0.85,0.88
714153,光焱永豐63購01,1000,1.0,1.0,1.0,1.0
714154,光頡永豐63購01,293580,2.14,2.19,2.14,2.19
714155,光頡永豐63購02,175120,2.02,2.02,2.0,2.0
714156,光頡永豐69購01,670960,3.93,4.07,3.93,4.07
714157,竹陞永豐64購02,184110,0.84,0.91,0.84,0.89
714158,竹陞永豐66購01,92330,0.75,0.79,0.74,0.79
714159,昇達科永豐63購01,318050,1.15,1.15,0.95,0.96
714160,昇達科永豐63購02,164170,1.12,1.12,1.11,1.11
714161,昇達科永豐63購03,716080,0.91,0.91,0.75,0.76
714162,昇達科永豐66購01,93690,2.15,2.15,1.9,1.9
714163,昇達科永豐66購02,126360,1.62,1.62,1.62,1.62
714164,昇達科永豐69購01,33460,2.39,2.39,2.39,2.39
714165,昇達科永豐69購02,55960,1.72,1.74,1.65,1.65
714166,信紘科永豐63購01,0,,,,
714167,信驊永豐63購02,5300,1.73,1.84,1.73,1.84
714168,信驊永豐64購02,0,,,,
714169,凱崴永豐64購01,0,,,,
714170,萊德光永豐63購01,0,,,,
714171,聖暉*永豐63購02,0,,,,
714172,雷科永豐63購01,257890,1.27,1.35,1.26,1.35
714173,雷科永豐63購02,409250,1.28,1.36,1.28,1.36
714174,雷科永豐66購01,1427160,1.46,1.75,1.46,1.69
714175,雷科永豐69購01,81380,2.82,3.62,2.76,3.62
714176,穩懋永豐63購05,103400,1.43,1.51,1.43,1.51
714177,光頡元大63購01,241130,1.84,1.89,1.78,1.8
714178,光頡元大63購02,7080,1.76,1.8,1.76,1.8
714179,印能元大63購01,600500,0.91,0.91,0.79,0.79
714180,印能元大63購02,283250,0.76,0.76,0.72,0.73
714181,竹陞元大63購01,150300,0.8,0.82,0.8,0.82
714182,昇達科元大63購01,652180,1.27,1.27,1.12,1.12
714183,信驊元大63購02,401700,3.39,3.39,3.13,3.3
714184,信驊元大64購01,171740,3.37,3.37,3.24,3.24
714185,信驊元大67購01,352810,4.43,4.43,4.23,4.23
714186,信驊元大69購01,49000,5.05,5.05,4.75,4.75
714187,高技元大63購09,14160,1.18,1.18,1.18,1.18
714188,高技元大63購10,14450,0.85,0.85,0.85,0.85
714189,雅特力元大63購03,0,,,,
714190,新普元大63購01,12310,1.24,1.24,1.22,1.23
714191,新應材元大63購07,451930,0.7,0.79,0.7,0.79
714192,新應材元大63購08,470,0.47,0.47,0.47,0.47
714193,新應材元大63購09,114240,0.43,0.43,0.42,0.42
714194,群聯元大63購27,62770,1.11,1.11,1.1,1.1
714195,雷科元大63購01,764490,1.04,1.11,1.03,1.11
714196,漢達元大63購02,54260,0.93,1.07,0.93,1.07
714197,漢達元大63購03,4380,1.46,1.46,1.46,1.46
714198,漢達元大69購01,54600,0.9,0.96,0.9,0.96
714199,廣閎科元大63購03,174680,0.69,0.79,0.68,0.74
714200,營邦元大63購05,0,,,,
714201,鴻呈元大63購03,0,,,,
714202,FH中5G群益63購01,0,,,,
714203,M31群益63購01,1042380,2.21,2.41,2.2,2.27
714204,千附精群益63購01,0,,,,
714205,中美晶群益63購06,570010,1.87,2.08,1.87,2.04
714206,世界群益65購01,178780,1.61,1.73,1.57,1.67
714207,均華群益63購02,0,,,,
714208,均豪群益63購01,3600,0.72,0.72,0.72,0.72
714209,宜鼎群益63購04,138840,0.92,0.96,0.89,0.89
714210,宜鼎群益63購05,87690,0.8,0.81,0.8,0.81
714211,泓格群益63購01,121340,1.42,1.64,1.42,1.64
714212,信驊群益63購01,62700,3.04,3.04,2.64,2.64
714213,信驊群益63購02,375630,2.04,2.04,1.73,1.73
714214,能率群益63購01,0,,,,
714215,崇越電群益63購01,0,,,,
714216,順達群益63購06,28100,2.81,2.81,2.81,2.81
714217,鈊象群益66購01,57600,0.98,0.98,0.92,0.92
714218,勤凱群益63購01,277810,1.06,1.07,1.06,1.06
714219,新應材群益63購04,30700,0.71,0.86,0.71,0.82
714220,群聯群益63購12,91690,1.54,1.59,1.54,1.58
714221,群聯群益63購13,300650,1.26,1.38,1.26,1.36
714222,雷科群益63購01,1019840,1.69,1.8,1.64,1.8
714223,雷科群益63購02,427150,1.61,1.95,1.58,1.83
714224,穩懋群益63購05,511140,0.95,0.98,0.92,0.97
714225,天良國票64購02,420,0.42,0.42,0.42,0.42
714226,光頡國票65購01,325610,3.06,3.11,2.88,2.88
714227,均華國票65購02,0,,,,
714228,昇達科國票65購01,0,,,,
714229,金山電國票6A購01,0,,,,
714230,信紘科國票64購01,272670,1.46,1.46,1.43,1.45
714231,信紘科國票65購01,34320,1.32,1.32,1.32,1.32
714232,信驊國票64購01,6920,3.46,3.46,3.46,3.46
714233,華宏國票69購01,2520,0.85,0.85,0.82,0.82
714234,雅特力國票67購01,0,,,,
714235,雷科國票65購01,0,,,,
714236,漢達國票6B購01,116280,1.1,1.1,1.05,1.05
714237,磐亞國票66購02,0,,,,
714238,穩懋國票66購01,0,,,,
714239,穩懋國票67購01,0,,,,
714240,巨有元大63購01,0,,,,
714241,巨有元大63購02,0,,,,
714242,弘塑元大63購06,70410,1.33,1.33,1.32,1.32
714243,弘塑元大63購07,102660,0.58,0.58,0.58,0.58
714244,弘塑元大63購08,461340,0.53,0.56,0.53,0.53
714245,竹陞元大63購02,2370,0.79,0.79,0.79,0.79
714246,竹陞元大69購01,442170,0.66,0.69,0.66,0.69
714247,均華元大63購04,586560,0.42,0.49,0.42,0.47
714248,均豪元大63購01,394090,1.81,1.94,1.81,1.94
714249,均豪元大63購02,123480,0.64,0.68,0.64,0.68
714250,均豪元大67購01,179010,0.8,0.86,0.8,0.86
714251,東捷元大63購02,360350,1.45,1.51,1.39,1.4
714252,東捷元大67購01,135960,1.4,1.56,1.4,1.48
714253,東捷元大69購01,356370,0.75,0.82,0.75,0.77
714254,南俊元大63購01,0,,,,
714255,南俊元大69購01,0,,,,
714256,崇越電元大63購01,26750,1.07,1.07,1.07,1.07
714257,群聯元大63購28,302580,1.33,1.34,1.33,1.34
714258,聖暉*元大63購02,160940,1.05,1.06,1.0,1.06
714259,聖暉*元大63購03,141700,0.93,0.95,0.9,0.95
714260,營邦元大63購06,211730,0.84,0.84,0.8,0.81
714261,FH中5G凱基64購01,205180,1.05,1.06,1.03,1.04
714262,世界凱基65購02,276000,2.76,2.76,2.76,2.76
714263,弘塑凱基66購01,375090,1.73,1.84,1.73,1.75
714264,印能凱基63購03,432580,1.21,1.26,1.02,1.02
714265,均豪凱基64購01,661890,0.83,0.93,0.83,0.92
714266,泓格凱基64購01,17340,1.54,1.74,1.54,1.74
714267,崇越電凱基63購02,0,,,,
714268,凱崴凱基65購01,0,,,,
714269,博士旺凱基63購01,0,,,,
714270,華宏凱基63購01,225160,1.24,1.37,1.19,1.2
714271,鈊象凱基63購06,337580,2.73,2.73,2.3,2.3
714272,新普凱基63購01,0,,,,
714273,新應材凱基63購10,394920,1.33,1.71,1.33,1.61
714274,群聯凱基63購20,73120,1.97,2.03,1.94,1.94
714275,營邦凱基66購01,0,,,,
714276,世界台新63購01,214020,2.65,2.87,2.62,2.77
714277,宜鼎台新65購03,0,,,,
714278,東捷台新63購04,370100,1.21,1.4,1.21,1.26
714279,南俊台新63購01,0,,,,
714280,南俊台新63購02,0,,,,
714281,頎邦台新63購02,93550,2.86,3.19,2.82,2.82
714282,頎邦台新66購01,804840,2.28,2.42,2.2,2.24
714283,安葆國票68購02,27400,1.39,1.39,1.35,1.35
714284,南俊國票66購01,0,,,,
714285,新應材國票64購02,41030,1.36,1.53,1.36,1.53
714286,雷科國票64購01,129190,1.56,1.9,1.56,1.88
714287,雷科國票64購02,104440,1.64,2.0,1.64,2.0
714288,M31群益63購02,2147670,1.9,2.08,1.75,1.88
714289,巨有群益63購02,80000,5.35,6.4,5.3,6.4
714290,光頡群益63購01,40080,3.34,3.34,3.34,3.34
714291,光頡群益66購01,271890,3.31,3.37,3.26,3.26
714292,竹陞群益63購01,317990,0.99,1.09,0.99,1.06
714293,竹陞群益63購02,168780,0.82,0.88,0.82,0.87
714294,均華群益65購02,0,,,,
714295,宏捷科群益63購03,323850,0.86,0.87,0.86,0.87
714296,系微群益63購01,522420,1.4,1.47,1.36,1.45
714297,良維群益63購03,75000,3.75,3.75,3.75,3.75
714298,宜鼎群益63購06,114100,1.91,1.91,1.9,1.9
714299,東捷群益65購02,995690,1.68,1.97,1.68,1.79
714300,南俊群益63購01,1770,0.9,0.9,0.87,0.87
714301,南俊群益63購02,0,,,,
714302,威剛群益63購09,0,,,,
714303,雅特力群益63購01,0,,,,
714304,雅特力群益63購02,0,,,,
714305,新應材群益63購05,31700,1.4,1.48,1.4,1.48
714306,群聯群益63購14,309350,3.5,3.61,3.4,3.52
714307,頎邦群益63購04,202190,1.61,1.67,1.51,1.51
714308,頎邦群益63購05,476210,1.47,1.53,1.4,1.4
714309,營邦群益64購01,0,,,,
714310,光頡統一68購02,3449700,1.24,1.26,1.18,1.22
714311,光頡統一69購01,424130,1.31,1.35,1.3,1.3
714312,佳邦統一6B購01,0,,,,
714313,昇達科統一68購01,614000,0.86,0.86,0.74,0.75
714314,昇達科統一6C購03,0,,,,
714315,昇達科統一6C購04,15200,0.76,0.76,0.76,0.76
714316,東捷統一6B購02,706040,0.64,0.67,0.64,0.64
714317,金山電統一69購01,23000,0.58,0.58,0.57,0.57
714318,南俊統一6C購01,0,,,,
714319,雷科統一69購01,348300,0.91,0.99,0.9,0.99
714320,雷科統一6B購01,264650,0.68,0.75,0.67,0.75
714321,雷科統一6C購01,819030,0.62,0.65,0.62,0.65
714322,德微統一69購01,0,,,,
714323,宏捷科中信63購01,35950,0.34,0.35,0.34,0.35
714324,宏捷科國泰64購01,351300,1.25,1.29,1.24,1.29
714325,世界富邦63購02,245100,0.8,0.88,0.8,0.86
714326,印能富邦65購01,138150,0.48,0.52,0.44,0.44
714327,東捷富邦65購01,1954550,0.69,0.81,0.69,0.73
714328,M31永豐63購02,27450,1.83,1.83,1.83,1.83
714329,久元永豐63購02,0,,,,
714330,均華永豐64購01,59800,1.3,1.3,1.3,1.3
714331,均豪永豐63購01,10400,0.8,0.8,0.8,0.8
714332,沛亨永豐63購03,0,,,,
714333,亞通永豐63購01,29570,1.38,1.51,1.38,1.51
714334,群聯永豐63購08,57330,0.91,0.91,0.91,0.91
714335,達航永豐65購01,0,,,,
714336,巨有凱基63購01,107000,5.35,5.35,5.35,5.35
714337,弘塑凱基63購08,1032990,1.55,1.68,1.53,1.58
714338,光頡凱基65購01,764930,2.76,2.94,2.76,2.79
714339,竹陞凱基63購04,342140,0.8,0.89,0.8,0.88
714340,均華凱基65購02,34920,0.85,0.86,0.85,0.86
714341,宏捷科凱基63購03,134160,1.04,1.04,1.04,1.04
714342,沛亨凱基63購04,764890,1.59,1.67,1.59,1.67
714343,系微凱基63購01,976890,1.64,1.74,1.59,1.69
714344,良維凱基63購05,22700,2.27,2.27,2.27,2.27
714345,宜鼎凱基63購12,0,,,,
714346,東捷凱基64購01,144100,2.06,2.4,2.06,2.38
714347,東捷凱基65購01,257790,2.2,2.52,2.2,2.32
714348,青雲凱基63購03,0,,,,
714349,南俊凱基63購01,0,,,,
714350,南俊凱基63購02,0,,,,
714351,威剛凱基67購02,0,,,,
714352,家登凱基64購02,90630,1.44,1.47,1.44,1.47
714353,聖暉*凱基65購02,613990,2.35,2.38,2.28,2.32
714354,頎邦凱基65購02,146360,2.87,2.93,2.71,2.71
714355,環球晶凱基63購02,109870,1.48,1.53,1.48,1.53
714356,環球晶凱基63購03,75000,1.5,1.5,1.5,1.5
714357,環球晶凱基69購02,728270,2.95,3.11,2.95,3.09
714358,巨有台新65購01,193600,4.84,4.84,4.84,4.84
714359,光頡台新63購02,0,,,,
714360,印能台新63購03,154480,1.08,1.08,1.01,1.01
714361,竹陞台新63購02,15600,1.04,1.04,1.04,1.04
714362,均豪台新64購01,84430,1.87,2.08,1.87,2.08
714363,均豪台新64購02,20250,1.35,1.35,1.35,1.35
714364,宜鼎台新63購03,0,,,,
714365,威剛台新66購02,0,,,,
714366,家登台新64購02,33300,2.22,2.22,2.22,2.22
714367,家登台新66購01,162300,1.25,1.26,1.25,1.26
714368,家碩台新66購01,0,,,,
714369,創新服台新63購01,90560,1.29,1.29,1.21,1.22
714370,創新服台新63購02,39000,1.0,1.0,1.0,1.0
714371,創新服台新63購03,24380,1.06,1.06,1.06,1.06
714372,創新服台新63購04,37600,0.94,0.94,0.94,0.94
714373,環球晶台新64購01,403570,1.36,1.47,1.36,1.39
714374,環球晶台新64購02,65860,1.08,1.19,1.08,1.19
714375,耀穎台新63購02,44210,1.6,1.6,1.57,1.57
714376,M31元大63購02,151250,2.26,2.35,2.26,2.35
714377,M31元大63購03,822260,1.08,1.27,1.08,1.16
714378,弘塑元大63購09,94090,1.78,1.78,1.73,1.73
714379,弘塑元大63購10,119570,1.05,1.07,1.01,1.01
714380,弘塑元大66購02,386520,0.94,0.94,0.9,0.92
714381,光頡元大63購03,80790,1.94,1.98,1.9,1.91
714382,光頡元大63購04,410030,1.44,1.44,1.35,1.39
714383,竹陞元大63購03,173860,0.68,0.68,0.67,0.67
714384,竹陞元大69購02,181190,0.89,0.91,0.89,0.91
714385,均豪元大63購03,250850,0.68,0.76,0.68,0.76
714386,亞通元大63購01,2250,2.25,2.25,2.25,2.25
714387,亞通元大63購02,51160,2.6,2.6,2.39,2.6
714388,宜鼎元大63購15,226760,0.66,0.66,0.63,0.63
714389,昇達科元大63購02,10700,1.07,1.07,1.07,1.07
714390,昇達科元大63購03,309510,1.06,1.06,0.92,0.92
714391,東捷元大63購03,0,,,,
714392,東捷元大67購02,0,,,,
714393,東捷元大69購02,0,,,,
714394,萊德光元大63購01,10340,1.03,1.04,1.03,1.04
714395,萊德光元大63購02,7590,1.26,1.27,1.26,1.27
714396,雅特力元大63購04,153720,0.88,0.88,0.87,0.87
714397,群聯元大63購29,1136470,1.18,1.22,1.18,1.2
714398,群聯元大69購01,101400,1.56,1.56,1.56,1.56
714399,聖暉*元大63購04,167780,1.04,1.04,1.01,1.01
714400,雷科元大63購02,0,,,,
714401,營邦元大63購07,162800,1.05,1.05,1.03,1.04
714402,環球晶元大63購09,134480,0.71,0.73,0.69,0.72
714403,環球晶元大63購10,112700,0.83,0.86,0.83,0.85
714404,光頡國票64購01,0,,,,
714405,光頡國票66購01,92950,2.5,2.53,2.5,2.53
714406,昇達科國票64購01,279060,1.53,1.53,1.33,1.33
714407,創新服國票65購01,0,,,,
714408,萊德光國票66購01,0,,,,
714409,頎邦國票69購01,29960,1.11,1.11,1.1,1.11
714410,環球晶國票66購02,14580,1.62,1.62,1.62,1.62
714411,群聯中信67購02,170120,0.83,0.87,0.83,0.87
714412,環球晶中信63購01,39860,0.51,0.55,0.5,0.52
714413,尼克森永豐63購01,708760,1.71,1.74,1.65,1.69
714414,正德永豐63購01,32840,0.69,0.69,0.68,0.68
714415,安葆永豐65購01,35910,1.59,1.59,1.54,1.54
714416,亞信永豐64購01,2940,0.98,0.98,0.98,0.98
714417,美琪瑪永豐63購01,14820,1.58,1.68,1.58,1.68
714418,家登永豐65購01,116810,1.52,1.55,1.52,1.55
714419,泰藝永豐63購01,74720,1.34,1.34,1.28,1.28
714420,高僑永豐63購01,11000,1.1,1.1,1.1,1.1
714421,創新服永豐63購01,0,,,,
714422,創新服永豐64購01,54700,0.85,0.85,0.82,0.82
714423,創新服永豐65購01,0,,,,
714424,創新服永豐66購01,52000,1.04,1.04,1.04,1.04
714425,博大永豐63購01,23910,0.72,0.75,0.72,0.75
714426,博盛永豐64購02,119900,1.51,1.51,1.48,1.48
714427,晶呈永豐63購01,675760,1.22,1.34,1.22,1.34
714428,華電網永豐63購01,0,,,,
714429,廣明永豐63購01,0,,,,
714430,優群永豐63購01,18960,0.79,0.79,0.79,0.79
714431,環球晶永豐64購01,172280,1.37,1.4,1.37,1.4
714432,中美晶富邦69購01,408810,0.7,0.71,0.7,0.7
714433,台特化富邦63購01,542600,0.54,0.65,0.54,0.65
714434,沛亨富邦63購02,117100,0.53,0.54,0.52,0.52
714435,良維富邦65購01,199080,0.63,0.63,0.63,0.63
714436,蜜望實富邦66購01,156920,0.54,0.54,0.53,0.53
714437,竹陞國泰64購01,21840,0.91,0.91,0.91,0.91
714438,東捷國泰64購02,196780,1.36,1.48,1.36,1.37
714439,家登國泰64購01,118740,1.29,1.35,1.29,1.35
714440,雅特力國泰64購01,8640,1.44,1.44,1.44,1.44
714441,頎邦國泰64購01,20900,1.9,1.9,1.9,1.9
714442,環球晶國泰64購02,200480,1.36,1.38,1.36,1.38
714443,亞通統一6C購01,19200,0.64,0.64,0.64,0.64
714444,昇達科統一74購01,144610,0.91,0.91,0.85,0.85
714445,東捷統一66購03,372240,0.69,0.79,0.68,0.73
714446,東捷統一68購03,646470,0.74,0.85,0.74,0.85
714447,東捷統一6A購01,0,,,,
714448,南俊統一74購01,0,,,,
714449,雷科統一67購01,309860,0.76,1.06,0.76,1.06
714450,世界群益63購03,12000,2.4,2.4,2.4,2.4
714451,巨有群益63購03,14880,4.96,4.96,4.96,4.96
714452,均華群益63購03,492320,0.64,0.72,0.64,0.68
714453,亞通群益63購02,41260,1.12,1.21,1.11,1.21
714454,亞通群益63購03,25300,1.06,1.06,1.05,1.05
714455,東捷群益65購03,72440,1.62,1.9,1.62,1.88
714456,青雲群益63購02,10300,1.03,1.03,1.03,1.03
714457,信立群益63購02,0,,,,
714458,威剛群益63購10,96190,3.11,3.11,3.0,3.0
714459,家登群益63購06,5350,1.07,1.07,1.07,1.07
714460,萊德光群益63購01,90380,2.93,2.93,2.88,2.88
714461,鈊象群益69購01,4800,0.96,0.96,0.96,0.96
714462,新應材群益63購06,436590,2.49,3.17,2.49,3.13
714463,群聯群益63購15,21300,2.08,2.18,2.08,2.18
714464,群聯群益65購03,21950,1.02,1.06,1.02,1.06
714465,營邦群益69購01,0,,,,
714466,環球晶群益63購04,119000,1.37,1.47,1.37,1.47
714467,光頡元大63購05,166410,1.95,1.95,1.87,1.9
714468,光頡元大63購06,104780,1.92,1.92,1.85,1.86
714469,光頡元大63購07,624870,1.41,1.48,1.38,1.43
714470,均華元大63購05,258080,0.46,0.51,0.46,0.5
714471,宏捷科元大63購02,0,,,,
714472,沛亨元大63購04,134550,1.13,1.16,1.13,1.16
714473,沛亨元大63購05,296230,0.95,0.97,0.95,0.97
714474,亞通元大63購03,93950,1.31,1.42,1.31,1.42
714475,亞通元大63購04,950,0.95,0.95,0.95,0.95
714476,宜鼎元大63購16,364690,0.76,0.78,0.76,0.76
714477,東捷元大63購04,0,,,,
714478,東捷元大68購01,2040,1.02,1.02,1.02,1.02
714479,欣銓元大63購04,0,,,,
714480,欣銓元大63購05,0,,,,
714481,信昌電元大63購01,75270,1.54,1.54,1.39,1.39
714482,信昌電元大63購02,113220,1.54,1.54,1.46,1.46
714483,信昌電元大63購03,30830,1.5,1.5,1.11,1.11
714484,南俊元大63購02,75040,1.12,1.12,1.12,1.12
714485,威剛元大66購01,90750,1.65,1.65,1.65,1.65
714486,群聯元大66購07,244950,1.2,1.26,1.2,1.23
714487,群聯元大69購02,471760,1.15,1.2,1.15,1.2
714488,雷科元大63購03,75850,1.33,1.35,1.33,1.35
714489,營邦元大69購01,42310,1.16,1.16,1.13,1.13
714490,環球晶元大63購11,461360,1.4,1.49,1.39,1.45
714491,光頡國票66購02,558740,2.02,2.02,1.94,1.94
714492,旭然國票67購01,0,,,,
714493,亞通國票64購02,7680,1.28,1.28,1.28,1.28
714494,亞通國票66購01,0,,,,
714495,建榮國票64購01,18600,1.55,1.55,1.55,1.55
714496,建榮國票65購01,0,,,,
714497,家登國票64購02,8250,1.65,1.65,1.65,1.65
714498,新漢國票64購01,0,,,,
714499,擎亞國票64購02,121510,1.6,1.72,1.6,1.72
714500,穩懋國票65購02,4150,0.83,0.83,0.83,0.83
714501,世界凱基63購07,36790,2.54,2.73,2.54,2.58
714502,巨有凱基63購02,122200,4.68,6.15,4.68,6.15
714503,竹陞凱基63購05,147900,0.84,0.87,0.84,0.87
714504,亞通凱基63購02,4113530,1.01,1.12,1.0,1.1
714505,信立凱基63購01,0,,,,
714506,信昌電凱基63購01,483250,2.47,2.6,2.37,2.39
714507,信昌電凱基63購02,219600,2.2,2.2,2.18,2.18
714508,信昌電凱基63購03,370320,2.18,2.35,1.26,2.11
714509,信昌電凱基63購04,534340,2.22,2.31,2.19,2.19
714510,創新服凱基63購01,14100,0.94,0.94,0.94,0.94
714511,新應材凱基63購11,195830,2.38,2.79,2.38,2.79
714512,群聯凱基63購21,101420,1.92,1.96,1.92,1.96
714513,營邦凱基63購07,1168630,2.22,2.25,1.9,1.91
714514,穩懋凱基63購10,70500,2.42,2.44,2.38,2.38
714515,巨有群益63購04,13750,4.37,4.78,4.37,4.78
714516,光頡群益63購02,2224910,3.29,3.4,3.12,3.2
714517,光頡群益65購01,1520090,2.15,2.21,2.05,2.11
714518,印能群益63購02,71770,2.4,2.4,2.08,2.08
714519,竹陞群益64購01,548980,0.7,0.77,0.7,0.77
714520,宜鼎群益63購07,42300,2.12,2.12,2.11,2.11
714521,威剛群益63購11,89640,2.49,2.49,2.49,2.49
714522,家登群益63購07,60300,1.34,1.35,1.33,1.35
714523,環球晶群益63購05,68500,2.26,2.37,2.26,2.37
714524,環球晶群益63購06,709790,1.26,1.37,1.26,1.36
714525,伍豐永豐63購01,0,,,,
714526,竹陞永豐63購02,47000,0.5,0.5,0.5,0.5
714527,沛亨永豐63購04,0,,,,
714528,亞通永豐65購01,7120,0.89,0.89,0.89,0.89
714529,宜鼎永豐63購08,483900,1.75,1.75,1.6,1.6
714530,信昌電永豐63購01,295750,1.53,1.6,1.51,1.51
714531,信昌電永豐63購02,72780,0.9,0.9,0.86,0.86
714532,信昌電永豐64購01,147730,1.36,1.41,1.34,1.34
714533,信昌電永豐65購01,111520,1.24,1.28,1.24,1.28
714534,南俊永豐63購01,49600,1.24,1.24,1.24,1.24
714535,健喬永豐63購01,0,,,,
714536,群聯永豐63購09,0,,,,
714537,群聯永豐63購10,48600,4.05,4.05,4.05,4.05
714538,穩懋永豐63購06,199520,1.96,1.96,1.95,1.95
714539,穩懋永豐63購07,198020,2.88,2.88,2.86,2.88
714540,騰雲永豐63購01,0,,,,
714541,系微富邦64購01,761100,0.85,0.99,0.85,0.97
714542,宜鼎富邦63購04,47120,0.62,0.62,0.62,0.62
714543,欣銓富邦63購01,16300,0.53,0.55,0.53,0.55
714544,環球晶富邦69購01,73260,0.47,0.48,0.46,0.48
714545,環球晶富邦69購02,595180,0.59,0.61,0.58,0.6
714546,中美晶國泰65購01,3980,1.99,1.99,1.99,1.99
714547,巨有國泰64購01,0,,,,
714548,光頡國泰64購02,34700,2.32,2.32,2.31,2.31
714549,均豪國泰64購01,34060,1.31,1.31,1.31,1.31
714550,沛亨國泰64購01,1049890,1.88,1.88,1.84,1.88
714551,亞通國泰64購01,60800,1.6,1.6,1.6,1.6
714552,信昌電國泰64購01,165920,1.76,1.83,1.7,1.75
714553,信昌電國泰64購02,262280,1.62,1.64,1.54,1.54
714554,萊德光國泰64購01,61250,1.75,1.75,1.75,1.75
714555,群聯國泰64購01,0,,,,
714556,擎亞國泰64購01,415140,1.24,1.36,1.24,1.35
714557,穩懋國泰64購03,0,,,,
714558,巨有統一79購01,2210,1.04,1.17,1.04,1.17
714559,弘塑統一68購01,75280,0.72,0.72,0.71,0.71
714560,竹陞統一6C購01,42200,0.46,0.48,0.46,0.48
714561,信昌電統一68購01,0,,,,
714562,信昌電統一68購02,13940,0.82,0.82,0.82,0.82
714563,信昌電統一69購01,81190,0.77,0.77,0.73,0.73
714564,信昌電統一79購01,0,,,,
714565,穩懋統一69購01,360580,0.79,0.82,0.78,0.81
714566,台特化台新63購01,1229450,1.93,2.61,1.92,2.58
714567,旭然台新63購01,205460,1.14,1.15,1.07,1.07
714568,竹陞台新63購03,9120,0.76,0.76,0.76,0.76
714569,竹陞台新64購01,12480,1.04,1.04,1.04,1.04
714570,宏捷科台新63購01,19200,1.28,1.28,1.28,1.28
714571,系微台新63購01,336940,1.72,1.9,1.72,1.86
714572,良維台新66購01,0,,,,
714573,信昌電台新63購01,0,,,,
714574,信昌電台新66購01,278730,1.63,1.63,1.63,1.63
714575,茂達台新63購01,57930,1.58,1.58,1.56,1.56
714576,家登台新63購01,0,,,,
714577,穩懋台新63購03,173540,1.74,1.75,1.69,1.74
714578,穩懋台新63購04,0,,,,
714579,穩懋台新63購05,162220,1.34,1.4,1.33,1.4
714580,巨有永豐66購01,57660,1.53,1.71,1.52,1.71
714581,朋億*永豐64購01,0,,,,
714582,南俊永豐63購02,0,,,,
714583,南俊永豐67購01,0,,,,
714584,智崴永豐64購01,0,,,,
714585,萊德光永豐63購02,133120,1.53,1.61,1.5,1.55
714586,頎邦永豐63購05,15120,1.68,1.68,1.68,1.68
714587,方土昶元大63購03,0,,,,
714588,台半元大65購01,192500,1.54,1.54,1.54,1.54
714589,巨有元大63購03,0,,,,
714590,巨有元大63購04,0,,,,
714591,均華元大63購06,265440,0.51,0.6,0.51,0.6
714592,均華元大63購07,314350,0.52,0.59,0.52,0.59
714593,宏捷科元大63購03,571820,0.71,0.73,0.71,0.73
714594,宏捷科元大63購04,348000,0.87,0.87,0.87,0.87
714595,沛亨元大63購06,147270,1.54,1.59,1.54,1.57
714596,沛亨元大65購01,0,,,,
714597,宜鼎元大64購06,0,,,,
714598,青雲元大63購05,300510,1.03,1.05,1.03,1.05
714599,威剛元大63購15,17950,1.81,1.81,1.78,1.78
714600,創新服元大63購01,0,,,,
714601,萊德光元大63購03,0,,,,
714602,萊德光元大64購01,0,,,,
714603,萊德光元大64購02,5200,1.04,1.04,1.04,1.04
714604,雅特力元大63購05,0,,,,
714605,群聯元大63購30,266900,1.7,1.7,1.7,1.7
714606,環球晶元大64購03,130600,1.56,1.58,1.56,1.58
714607,環球晶元大65購06,427670,1.24,1.31,1.24,1.3
714608,世界群益63購04,540530,2.92,3.35,2.92,3.35
714609,巨有群益64購01,3070,3.07,3.07,3.07,3.07
714610,茂綸群益63購02,267830,0.95,0.95,0.94,0.94
714611,順達群益63購07,234970,1.8,1.82,1.78,1.78
714612,順達群益65購01,0,,,,
714613,新應材群益63購07,61530,1.86,2.28,1.85,2.28
714614,營邦群益63購03,14070,2.01,2.01,2.01,2.01
714615,穩懋群益63購06,1497240,3.29,3.39,3.21,3.39
714616,方土昶國票65購02,0,,,,
714617,台星科國票65購01,32600,1.15,1.17,1.15,1.17
714618,巨有國票64購01,10520,2.63,2.63,2.63,2.63
714619,巨有國票65購01,0,,,,
714620,旭然國票69購01,0,,,,
714621,均華國票64購01,29900,0.65,0.65,0.65,0.65
714622,宏捷科國票65購01,0,,,,
714623,系微國票65購03,0,,,,
714624,良維國票66購01,0,,,,
714625,昇達科國票64購02,186830,2.22,2.29,1.89,1.89
714626,朋億*國票65購01,0,,,,
714627,南俊國票68購01,0,,,,
714628,萊德光國票65購02,196250,0.93,0.95,0.93,0.93
714629,群聯國票65購01,0,,,,
714630,磐亞國票65購02,0,,,,
714631,巨有台新63購01,0,,,,
714632,巨有台新66購01,0,,,,
714633,巨有台新69購01,0,,,,
714634,巨有台新69購02,0,,,,
714635,印能台新65購01,171000,1.67,1.67,1.49,1.49
714636,昇達科台新63購03,478550,2.53,2.53,2.29,2.29
714637,茂綸台新63購02,35220,1.26,1.36,1.26,1.36
714638,創新服台新65購01,0,,,,
714639,群聯台新63購09,0,,,,
714640,群聯台新63購10,0,,,,
714641,聖暉*台新66購01,133280,1.98,2.03,1.93,2.01
714642,印能凱基64購03,2155670,2.27,2.41,2.07,2.07
714643,均華凱基63購03,200470,0.79,0.95,0.79,0.89
714644,沛亨凱基64購01,0,,,,
714645,良維凱基67購01,0,,,,
714646,宜鼎凱基63購13,206410,1.91,1.91,1.75,1.75
714647,欣銓凱基63購02,50100,1.67,1.67,1.67,1.67
714648,威剛凱基65購04,0,,,,
714649,建榮凱基64購01,0,,,,
714650,家登凱基63購04,285090,2.72,2.84,2.72,2.84
714651,萊德光凱基63購02,330190,2.01,2.01,1.91,1.97
714652,環球晶凱基63購04,301190,2.42,2.59,2.37,2.47
714653,穩懋凱基65購02,106600,3.05,3.05,3.02,3.02
714654,穩懋凱基68購01,4085300,3.65,3.68,3.57,3.62
714655,世界國泰64購01,115660,1.94,1.98,1.94,1.98
714656,世界國泰64購02,246140,1.59,1.85,1.59,1.79
714657,朋億*國泰65購01,5910,1.97,1.97,1.97,1.97
714658,欣銓國泰64購01,0,,,,
714659,青雲國泰64購01,0,,,,
714660,德微國泰64購01,0,,,,
714661,巨有統一69購01,84170,1.37,1.54,1.37,1.5
714662,巨有統一79購02,45000,0.9,0.9,0.9,0.9
714663,信昌電統一6C購01,0,,,,
714664,信昌電統一6C購02,0,,,,
714665,信昌電統一79購02,0,,,,
714666,寶雅*統一6C購01,0,,,,
714667,印能富邦64購01,277980,0.64,0.66,0.64,0.66
714668,印能富邦65購02,389300,0.64,0.65,0.58,0.6
714669,威剛富邦63購01,0,,,,
714670,建榮富邦63購01,0,,,,
714671,鈊象富邦65購01,13990,1.09,1.09,1.05,1.07
714672,群聯富邦65購06,133800,0.96,0.96,0.94,0.94
714673,群聯富邦65購07,29580,1.02,1.02,1.02,1.02
714674,群聯富邦65購08,0,,,,
714675,群聯富邦66購01,49590,0.87,0.87,0.87,0.87
714676,群聯富邦66購02,117480,0.81,0.81,0.8,0.8
714677,群聯富邦69購01,99910,0.97,0.97,0.97,0.97
714678,台燿凱基63購01,2617730,1.95,1.95,1.78,1.88
714679,台燿凱基63購02,1279510,1.83,1.97,1.82,1.85
714680,台燿凱基63購03,154820,1.78,1.81,1.7,1.78
714681,台燿凱基63購04,421310,2.28,2.33,2.23,2.23
714682,台燿凱基65購01,255470,2.37,2.48,2.34,2.42
714683,台燿凱基65購02,530900,2.28,2.39,2.27,2.27
714684,台燿凱基65購03,1111000,2.11,2.22,2.1,2.12
714685,青雲凱基63購04,38180,1.38,1.42,1.38,1.42
714686,茂綸凱基63購01,90500,1.56,1.6,1.5,1.5
714687,新應材凱基63購12,393440,2.38,2.84,2.38,2.84
714688,群聯凱基63購22,28030,2.57,2.57,2.53,2.53
714689,台半台新64購01,0,,,,
714690,台燿台新63購01,2191090,2.1,2.26,2.08,2.1
714691,台燿台新66購01,1914050,2.4,2.51,2.4,2.45
714692,台燿台新69購01,565870,2.33,2.39,2.29,2.39
714693,印能台新65購02,11520,1.92,1.92,1.92,1.92
714694,印能台新65購03,174890,1.31,1.31,1.22,1.22
714695,良維台新63購01,0,,,,
714696,宜鼎台新66購01,0,,,,
714697,台燿群益63購01,491090,1.68,1.79,1.65,1.72
714698,台燿群益63購02,714770,1.77,1.9,1.75,1.82
714699,台燿群益63購03,722360,1.47,1.61,1.44,1.53
714700,印能群益63購03,282840,1.63,1.63,1.47,1.51
714701,竹陞群益64購02,81580,1.08,1.1,1.08,1.1
714702,亞通群益64購01,87010,1.55,1.71,1.55,1.68
714703,亞通群益66購01,34130,1.79,1.83,1.79,1.83
714704,宜鼎群益63購08,0,,,,
714705,欣銓群益63購03,380120,2.57,2.62,2.48,2.57
714706,青雲群益63購03,0,,,,
714707,青雲群益65購01,0,,,,
714708,威剛群益63購12,0,,,,
714709,家登群益63購08,488360,3.53,3.73,3.53,3.58
714710,頎邦群益65購01,771110,2.22,2.35,2.22,2.22
714711,穩懋群益63購07,134570,3.95,4.06,3.83,4.06
714712,台燿元大63購01,732290,1.29,1.34,1.29,1.33
714713,台燿元大64購05,3648810,1.3,1.39,1.29,1.31
714714,台燿元大65購01,254240,1.45,1.45,1.38,1.38
714715,印能元大63購03,40380,1.26,1.28,1.26,1.28
714716,沛亨元大63購07,186340,1.48,1.51,1.48,1.51
714717,良維元大63購05,140730,0.76,0.78,0.76,0.77
714718,亞通元大63購05,58270,1.93,2.08,1.93,2.04
714719,宜鼎元大64購07,224900,0.84,0.84,0.82,0.82
714720,昇達科元大63購04,105000,1.34,1.34,1.28,1.28
714721,昇達科元大63購05,283980,1.15,1.15,0.98,0.98
714722,信昌電元大63購04,0,,,,
714723,信昌電元大63購05,68880,0.72,0.72,0.67,0.67
714724,威剛元大63購16,0,,,,
714725,茂綸元大63購01,0,,,,
714726,茂綸元大64購01,42840,0.84,0.84,0.84,0.84
714727,家登元大63購02,0,,,,
714728,家登元大64購02,0,,,,
714729,群聯元大63購31,162340,1.4,1.48,1.4,1.48
714730,群聯元大63購33,292940,1.82,1.86,1.82,1.83
714731,環球晶元大64購04,263800,1.58,1.66,1.58,1.62
714732,環球晶元大65購07,354740,1.27,1.33,1.26,1.3
714733,台燿永豐63購01,265280,1.36,1.36,1.28,1.36
714734,台燿永豐63購02,52930,1.17,1.23,1.17,1.22
714735,台燿永豐63購03,104510,0.8,0.84,0.8,0.81
714736,台燿永豐63購04,94460,0.93,0.98,0.93,0.98
714737,台燿永豐64購03,181710,0.99,1.05,0.99,1.05
714738,台燿永豐64購04,110340,1.29,1.29,1.28,1.28
714739,台燿永豐65購01,367670,1.15,1.19,1.14,1.17
714740,台燿永豐65購02,36300,1.65,1.65,1.65,1.65
714741,台燿永豐66購01,33580,1.98,1.99,1.95,1.99
714742,台燿永豐66購02,0,,,,
714743,台燿永豐69購01,39120,2.4,2.48,2.4,2.48
714744,台燿永豐69購02,36150,2.41,2.41,2.41,2.41
714745,台燿永豐73購01,0,,,,
714746,弘塑永豐64購02,0,,,,
714747,光焱永豐65購01,0,,,,
714748,欣銓永豐63購01,137150,1.61,1.61,1.55,1.6
714749,博盛永豐64購03,9150,1.83,1.83,1.83,1.83
714750,蜜望實永豐64購01,13160,1.88,1.88,1.88,1.88
714751,營邦永豐65購01,56500,0.88,0.88,0.81,0.81
714752,環球晶永豐64購02,35690,1.06,1.11,1.06,1.11
714753,穩懋永豐63購08,101840,3.65,3.65,3.63,3.63
714754,台燿中信63購01,1049660,0.56,0.76,0.56,0.72
714755,欣銓中信63購01,176430,0.69,0.69,0.66,0.68
714756,信昌電中信63購01,649280,0.81,0.88,0.78,0.79
714757,雷科中信63購01,595590,1.14,1.35,1.12,1.35
714758,台燿國票67購01,355170,1.15,1.18,1.11,1.14
714759,東捷國票66購01,113430,2.13,2.38,2.13,2.38
714760,信昌電國票64購01,1750,1.75,1.75,1.75,1.75
714761,信昌電國票64購02,107270,1.78,1.89,1.72,1.72
714762,信昌電國票65購01,46600,2.05,2.05,2.0,2.0
714763,信昌電國票65購02,264070,2.13,2.24,2.06,2.06
714764,信昌電國票66購01,100040,2.29,2.39,2.29,2.33
714765,宣德國票66購01,6720,0.61,0.62,0.61,0.62
714766,風青國票67購01,0,,,,
714767,營邦國票65購01,460600,2.2,2.2,2.16,2.16
714768,環球晶國票64購04,866600,2.19,2.41,2.19,2.31
714769,台燿統一65購02,509500,0.64,0.68,0.63,0.65
714770,台燿統一69購01,194130,0.71,0.74,0.71,0.71
714771,台燿統一69購02,88340,0.78,0.82,0.78,0.82
714772,台燿統一6C購01,49300,0.66,0.66,0.65,0.65
714773,台燿統一71購02,451660,0.79,0.8,0.78,0.8
714774,台燿統一79購01,92000,0.92,0.92,0.92,0.92
714775,印能統一69購01,151940,0.81,0.81,0.8,0.8
714776,金山電統一79購01,0,,,,
714777,青雲統一79購01,0,,,,
714778,信昌電統一68購03,9250,0.63,0.63,0.61,0.61
714779,台燿國泰64購01,170900,1.61,1.71,1.6,1.66
714780,台燿國泰64購02,343320,1.43,1.52,1.42,1.48
714781,信昌電國泰64購03,96280,1.75,1.84,1.69,1.7
714782,元太富邦64購03,637670,0.73,0.76,0.73,0.75
714783,台半富邦65購01,800530,0.86,0.88,0.86,0.86
714784,台燿富邦63購04,810500,0.99,1.07,0.97,1.01
714785,台燿富邦63購05,1095100,0.91,0.95,0.89,0.91
714786,金山電富邦65購01,315170,0.79,0.79,0.77,0.77
714787,晶呈富邦65購03,435530,1.11,1.25,1.11,1.25
714788,新應材富邦66購01,136780,0.76,0.87,0.76,0.87
714789,穩懋富邦67購01,1030,1.03,1.03,1.03,1.03
714790,譜瑞富邦64購03,20800,1.04,1.04,1.04,1.04
714791,印能台新63購04,150430,2.08,2.08,1.93,1.93
714792,茂綸台新63購03,53320,1.72,1.72,1.72,1.72
714793,創新服台新65購02,0,,,,
714794,富強鑫台新63購01,129850,1.26,1.41,1.26,1.41
714795,穩懋台新63購06,4180,4.18,4.18,4.18,4.18
714796,穩懋台新63購07,537530,3.11,3.15,3.06,3.06
714797,天品凱基63購01,290560,1.54,1.56,1.5,1.56
714798,台半凱基63購04,18080,2.26,2.26,2.26,2.26
714799,印能凱基63購04,586530,2.37,2.55,2.13,2.25
714800,沛亨凱基63購05,0,,,,
714801,良維凱基63購06,32160,2.68,2.68,2.68,2.68
714802,亞通凱基63購03,28930,2.63,2.63,2.63,2.63
714803,亞通凱基64購01,32010,2.91,2.91,2.91,2.91
714804,宜鼎凱基63購14,491720,1.42,1.48,1.37,1.37
714805,昇達科凱基63購05,14760,2.46,2.46,2.46,2.46
714806,欣銓凱基63購03,28560,2.38,2.38,2.38,2.38
714807,威剛凱基63購15,0,,,,
714808,家登凱基63購05,123780,2.85,2.89,2.83,2.83
714809,頎邦凱基63購08,40400,2.02,2.02,2.02,2.02
714810,營邦凱基66購02,0,,,,
714811,環球晶凱基68購01,365710,1.54,1.62,1.54,1.6
714812,穩懋凱基65購03,50680,2.82,2.82,2.78,2.78
714813,千附精統一79購01,0,,,,
714814,印能統一79購01,1126100,1.77,1.79,1.68,1.69
714815,安碁統一69購01,0,,,,
714816,均華統一79購01,0,,,,
714817,崴寶統一6C購01,53960,0.76,0.76,0.76,0.76
714818,群聯統一69購03,25200,0.84,0.84,0.84,0.84
714819,茂綸國泰64購01,688520,1.43,1.56,1.43,1.47
714820,順達國泰64購01,0,,,,
714821,環球晶國泰64購03,111000,1.72,1.75,1.7,1.75
714822,台燿富邦69購01,242900,0.72,0.74,0.72,0.74
714823,台燿富邦79購01,125210,1.27,1.31,1.26,1.28
714824,沛亨富邦66購01,29890,0.61,0.61,0.61,0.61
714825,家登富邦65購01,330580,1.0,1.01,1.0,1.01
714826,家登富邦65購02,339660,0.84,0.85,0.84,0.85
714827,順達富邦64購03,0,,,,
714828,天品永豐63購01,176620,1.57,1.6,1.57,1.6
714829,世界永豐63購02,72620,2.7,2.72,2.66,2.7
714830,立端永豐63購01,184150,1.27,1.32,1.27,1.32
714831,宏碁資永豐64購01,0,,,,
714832,青雲永豐64購02,0,,,,
714833,宣德永豐64購01,3650,1.23,1.23,1.19,1.19
714834,晶宏永豐63購02,0,,,,
714835,群聯永豐63購11,26700,0.89,0.89,0.89,0.89
714836,穩懋永豐66購02,79800,1.06,1.08,1.06,1.08
714837,中美晶元大64購07,655450,1.36,1.38,1.35,1.38
714838,元太元大63購10,0,,,,
714839,印能元大63購04,109300,0.9,0.9,0.85,0.85
714840,沛亨元大63購08,150130,1.66,1.7,1.66,1.7
714841,良維元大63購06,0,,,,
714842,良維元大63購07,339140,1.94,1.94,1.9,1.9
714843,宜鼎元大66購02,201000,1.14,1.14,1.1,1.1
714844,東捷元大65購01,2711800,1.02,1.11,1.02,1.05
714845,威剛元大63購17,0,,,,
714846,家登元大63購03,123260,2.02,2.07,2.0,2.0
714847,家登元大64購03,96680,1.97,2.02,1.97,2.02
714848,晶宏元大63購04,0,,,,
714849,群聯元大63購34,795640,1.66,1.77,1.66,1.71
714850,群聯元大67購01,864450,1.82,1.91,1.82,1.89
714851,群聯元大68購05,8820,2.15,2.26,2.15,2.26
714852,擎亞元大65購01,115320,1.1,1.22,1.1,1.22
714853,營邦元大63購08,0,,,,
714854,環球晶元大63購12,224840,1.53,1.62,1.53,1.62
714855,環球晶元大64購05,1255300,1.6,1.66,1.6,1.66
714856,環球晶元大65購08,815350,1.17,1.23,1.17,1.23
714857,千附精國票65購02,17460,0.97,0.97,0.97,0.97
714858,巨漢國票64購01,10020,1.62,1.68,1.62,1.68
714859,印能國票64購02,19800,1.98,1.98,1.98,1.98
714860,印能國票65購02,0,,,,
714861,宜鼎國票65購03,0,,,,
714862,晶呈國票68購01,54310,1.42,1.56,1.42,1.56
714863,M31群益63購03,58400,2.3,2.38,2.3,2.31
714864,天品群益63購01,1836710,1.95,2.0,1.93,1.98
714865,世界群益63購05,24450,1.63,1.63,1.63,1.63
714866,竹陞群益63購03,401600,1.34,1.46,1.34,1.44
714867,威剛群益63購13,0,,,,
714868,威剛群益63購14,0,,,,
714869,博盛群益63購02,0,,,,
714870,順達群益63購08,1803300,3.52,3.6,3.4,3.4
714871,鈊象群益64購02,42760,1.22,1.24,1.18,1.18
714872,新應材群益63購08,16340,1.32,1.38,1.32,1.38
714873,新應材群益63購09,653980,3.15,4.01,3.15,3.8
714874,群聯群益63購16,334690,4.25,4.44,4.25,4.34
714875,頎邦群益64購01,15850,1.58,1.59,1.58,1.59
714876,臺慶科群益64購01,35100,1.3,1.3,1.3,1.3
714877,環球晶群益63購07,433520,1.96,2.04,1.9,2.03
714878,環球晶群益63購08,37000,1.45,1.51,1.45,1.51
714879,天品統一71購01,0,,,,
714880,宏碁資統一69購01,0,,,,
714881,茂綸統一79購01,0,,,,
714882,穩懋統一69購02,47760,0.7,0.72,0.7,0.72
714883,台半群益64購01,8600,1.72,1.72,1.72,1.72
714884,台燿群益64購01,171160,1.45,1.58,1.44,1.47
714885,宏捷科群益63購04,409060,1.13,1.13,1.13,1.13
714886,沛亨群益64購02,0,,,,
714887,欣銓群益63購04,39610,3.28,3.33,3.28,3.31
714888,家登群益63購09,18320,2.29,2.29,2.29,2.29
714889,營邦群益64購02,42000,0.84,0.84,0.84,0.84
714890,環球晶群益63購09,2057590,1.7,1.83,1.68,1.76
714891,穩懋群益63購09,78590,3.35,3.45,3.35,3.45
714892,宜鼎中信66購01,44700,0.79,0.8,0.79,0.8
714893,均華永豐64購02,0,,,,
714894,宏捷科永豐63購02,10000,1.0,1.0,1.0,1.0
714895,宏捷科永豐64購02,177160,1.03,1.03,1.03,1.03
714896,良維永豐64購02,0,,,,
714897,宜鼎永豐63購09,32130,1.47,1.47,1.44,1.44
714898,宜鼎永豐64購04,49350,3.29,3.29,3.29,3.29
714899,家登永豐63購05,173360,2.21,2.35,2.21,2.35
714900,群聯永豐63購12,91390,4.81,4.81,4.81,4.81
714901,大綜元大63購01,234480,1.52,1.6,1.46,1.58
714902,台燿元大63購02,33920,1.39,1.43,1.39,1.43
714903,台燿元大63購03,50100,1.23,1.23,1.2,1.2
714904,台燿元大64購06,54100,1.25,1.29,1.22,1.22
714905,台燿元大65購02,45640,1.31,1.31,1.3,1.3
714906,印能元大63購05,194470,1.61,1.63,1.6,1.63
714907,沛亨元大63購09,148830,1.25,1.29,1.25,1.29
714908,宜鼎元大68購01,211640,1.02,1.03,1.02,1.03
714909,威剛元大63購18,0,,,,
714910,家登元大63購04,29900,2.08,2.19,2.08,2.19
714911,家登元大64購04,105120,1.89,2.0,1.89,2.0
714912,晶宏元大63購05,0,,,,
714913,順達元大63購12,53720,1.58,1.58,1.58,1.58
714914,順達元大66購01,79620,1.55,1.58,1.55,1.58
714915,群聯元大63購35,1259570,1.59,1.64,1.58,1.58
714916,群聯元大67購02,1242540,1.63,1.67,1.63,1.66
714917,群聯元大68購06,1160200,1.72,1.76,1.72,1.74
714918,德微元大63購02,1184870,2.53,2.74,2.49,2.49
714919,營邦元大63購09,154780,1.81,1.81,1.72,1.72
714920,環球晶元大68購12,178390,1.47,1.52,1.47,1.52
714921,台半國票66購02,0,,,,
714922,立端國票65購02,13500,0.9,0.9,0.9,0.9
714923,茂綸國票66購01,0,,,,
714924,能率亞國票66購01,0,,,,
714925,翔名國票69購01,0,,,,
714926,勤凱國票64購01,0,,,,
714927,勤凱國票65購01,0,,,,
714928,德微國票65購03,0,,,,
714929,穩懋國票6A購01,0,,,,
714930,弘塑富邦63購04,530470,1.17,1.21,1.1,1.13
714931,良維富邦64購03,0,,,,
714932,宜鼎富邦63購05,58320,0.85,0.85,0.82,0.82
714933,環球晶富邦63購02,27980,0.79,0.81,0.79,0.81
714934,順達國泰64購02,205700,1.87,1.87,1.87,1.87
714935,宏碁資台新63購01,6550,1.31,1.31,1.31,1.31
714936,宏碁資台新63購02,25500,0.85,0.85,0.85,0.85
714937,東捷台新65購01,181530,2.36,2.74,2.36,2.48
714938,高技台新63購02,43300,2.14,2.19,2.14,2.19
714939,創新服台新64購01,38640,1.38,1.38,1.38,1.38
714940,德微台新63購02,0,,,,
714941,德微台新63購03,0,,,,
714942,環球晶台新69購01,11700,0.83,0.85,0.83,0.85
714943,穩懋台新69購01,0,,,,
714944,大綜凱基63購02,194660,2.09,2.09,2.0,2.0
714945,中美晶凱基63購09,49200,2.46,2.46,2.46,2.46
714946,宏捷科凱基63購04,0,,,,
714947,宏碁資凱基63購01,0,,,,
714948,沛亨凱基64購02,0,,,,
714949,東捷凱基63購04,1177200,2.29,2.51,2.29,2.29
714950,茂綸凱基63購02,49790,1.43,1.46,1.37,1.37
714951,晶呈凱基63購02,747650,1.64,1.68,1.64,1.64
714952,群聯凱基65購02,281680,3.19,3.19,3.09,3.15
714953,擎亞凱基64購01,6170790,1.8,1.94,1.78,1.93
714954,環球晶凱基64購05,166520,2.19,2.28,2.17,2.2
714955,台嘉碩台新66購01,215710,2.65,2.84,2.58,2.76
714956,立敦台新63購01,0,,,,
714957,欣銓台新63購01,43410,4.9,4.9,4.69,4.84
714958,鈺創台新63購01,18000,1.5,1.5,1.5,1.5
714959,鈺創台新63購02,66980,2.99,3.11,2.99,3.11
714960,鈺創台新63購03,14400,1.2,1.2,1.2,1.2
714961,鈺創台新63購04,0,,,,
714962,鈺創台新69購01,0,,,,
714963,頎邦台新63購04,50480,3.42,3.44,3.35,3.35
714964,霖宏台新63購01,59640,0.71,0.71,0.71,0.71
714965,台燿凱基63購06,604510,2.24,2.44,2.23,2.28
714966,印能凱基63購05,460090,2.07,2.25,1.9,1.96
714967,東捷凱基67購01,0,,,,
714968,威剛凱基63購16,0,,,,
714969,富喬凱基63購04,0,,,,
714970,富喬凱基63購05,0,,,,
714971,富喬凱基63購06,63550,1.55,1.55,1.55,1.55
714972,富喬凱基63購07,61420,1.66,1.66,1.66,1.66
714973,富喬凱基63購09,63270,1.71,1.71,1.71,1.71
714974,富喬凱基63購10,0,,,,
714975,鈺創凱基63購01,88800,1.19,1.3,1.19,1.3
714976,鈺創凱基63購02,31820,1.35,1.42,1.35,1.42
714977,鈺創凱基63購03,108010,1.46,1.55,1.46,1.53
714978,穩懋凱基63購12,0,,,,
714979,天品國票64購01,20540,1.58,1.58,1.58,1.58
714980,台燿國票65購01,207340,1.03,1.11,1.03,1.07
714981,沛亨國票68購03,0,,,,
714982,原相國票64購01,17620,1.46,1.47,1.46,1.47
714983,創新服國票64購01,0,,,,
714984,富喬國票64購02,23000,1.15,1.15,1.15,1.15
714985,富喬國票65購02,90000,1.2,1.2,1.2,1.2
714986,華電網國票64購01,0,,,,
714987,鈺創國票65購01,103260,1.05,1.08,1.05,1.08
714988,霖宏國票65購01,0,,,,
714989,台燿元大65購03,767950,1.55,1.63,1.55,1.58
714990,台燿元大68購01,83460,1.45,1.48,1.45,1.48
714991,竹陞元大66購01,463630,1.01,1.03,0.98,1.03
714992,均華元大66購02,615000,0.81,0.9,0.81,0.9
714993,宜鼎元大68購02,0,,,,
714994,威剛元大63購19,0,,,,
714995,風青元大63購01,82400,1.6,2.0,1.6,1.8
714996,富喬元大63購07,242020,0.63,0.66,0.63,0.66
714997,富喬元大63購08,340450,0.64,0.65,0.62,0.64
714998,晶宏元大63購06,0,,,,
714999,群聯元大63購36,383300,1.45,1.55,1.45,1.54
715000,群聯元大63購37,5920,1.43,1.53,1.43,1.53
715001,群聯元大64購16,520700,1.18,1.26,1.18,1.23
715002,鈺創元大63購01,369000,0.82,0.82,0.82,0.82
715003,鈺創元大63購02,14620,0.86,0.86,0.86,0.86
715004,霖宏元大63購01,284100,1.3,1.43,1.25,1.25
715005,擎亞元大66購01,227780,1.22,1.28,1.22,1.28
715006,營邦元大63購10,173100,0.92,0.92,0.89,0.89
715007,環球晶元大68購13,520440,1.78,1.86,1.78,1.8
715008,世界永豐63購03,0,,,,
715009,台嘉碩永豐63購01,126960,1.06,1.07,1.06,1.07
715010,台燿永豐63購06,86100,1.9,1.93,1.87,1.87
715011,台燿永豐64購05,189840,1.99,2.11,1.99,2.01
715012,伯特光永豐66購01,0,,,,
715013,東洋永豐64購01,0,,,,
715014,杰力永豐64購02,53940,0.87,0.87,0.87,0.87
715015,長佳智永豐63購01,4050,0.81,0.81,0.81,0.81
715016,昱展永豐64購02,0,,,,
715017,茂綸永豐63購01,13660,0.75,0.77,0.75,0.77
715018,博士旺永豐64購01,0,,,,
715019,富喬永豐63購03,99070,0.92,0.97,0.92,0.94
715020,富喬永豐63購04,103200,0.76,0.79,0.75,0.79
715021,富喬永豐63購05,84300,0.73,0.75,0.73,0.75
715022,富喬永豐64購03,24880,1.09,1.15,1.09,1.15
715023,智擎永豐64購01,0,,,,
715024,鈺創永豐63購01,47860,0.84,0.88,0.84,0.88
715025,鈺創永豐63購02,87300,0.9,0.9,0.9,0.9
715026,鈺創永豐63購03,139710,0.89,0.91,0.89,0.91
715027,鈺創永豐63購04,153120,0.83,0.88,0.83,0.88
715028,鈺創永豐64購01,166180,1.3,1.36,1.3,1.36
715029,廣穎永豐63購01,0,,,,
715030,霖宏永豐63購01,59920,1.07,1.07,1.07,1.07
715031,環球晶永豐63購11,147640,1.08,1.12,1.08,1.12
715032,環球晶永豐63購12,3186310,1.54,1.6,1.49,1.55
715033,台燿中信63購02,1200030,1.01,1.07,0.99,1.02
715034,富喬中信64購04,71340,0.58,0.58,0.58,0.58
715035,富喬國泰64購01,95580,1.77,1.77,1.77,1.77
715036,富喬國泰64購02,0,,,,
715037,宜鼎富邦63購06,0,,,,
715038,富喬富邦63購02,261520,0.65,0.68,0.65,0.68
715039,德微富邦63購02,273300,0.81,0.86,0.77,0.77
715040,穩懋富邦66購01,71310,0.79,0.82,0.79,0.81
715041,M31群益63購04,223440,1.81,1.98,1.81,1.98
715042,中美晶群益63購07,452180,2.78,2.92,2.73,2.89
715043,弘塑群益64購02,159250,1.75,1.75,1.75,1.75
715044,印能群益64購01,10720,1.42,1.42,1.26,1.26
715045,欣銓群益63購05,15850,1.58,1.59,1.58,1.59
715046,環球晶群益63購10,1677330,1.63,1.75,1.63,1.69
715047,穩懋群益63購11,430030,1.84,1.91,1.76,1.91
715048,譜瑞群益63購02,141400,1.4,1.4,1.4,1.4
715049,台半統一66購01,44880,0.68,0.68,0.68,0.68
715050,台燿統一79購02,0,,,,
715051,金山電統一6C購03,199080,0.63,0.63,0.63,0.63
715052,富喬統一68購01,38280,0.56,0.57,0.56,0.57
715053,富喬統一69購01,29760,0.62,0.62,0.62,0.62
715054,富喬統一6A購02,0,,,,
715055,富喬統一79購01,0,,,,
715056,群聯統一6B購02,12400,0.62,0.62,0.62,0.62
715057,鈺創統一68購01,15120,0.63,0.63,0.63,0.63
715058,鈺創統一69購01,399860,0.62,0.66,0.62,0.66
715059,鈺創統一71購01,0,,,,
715060,鈺創統一79購01,243470,0.57,0.58,0.57,0.58
715061,旺矽台新63購01,0,,,,
715062,旺矽台新63購02,0,,,,
715063,旺矽台新63購03,0,,,,
715064,旺矽台新63購04,24000,4.11,4.11,3.78,3.78
715065,旺矽台新63購05,0,,,,
715066,旺矽台新69購01,20360,1.44,1.46,1.44,1.46
715067,旺矽台新69購02,0,,,,
715068,群聯台新69購01,0,,,,
715069,群聯台新69購02,0,,,,
715070,群聯台新69購03,0,,,,
715071,點序台新63購01,144000,1.44,1.44,1.44,1.44
715072,弘塑凱基63購09,157820,2.43,2.43,2.4,2.4
715073,印能凱基63購06,147120,2.09,2.2,2.07,2.07
715074,竹陞凱基69購01,227640,0.92,0.96,0.92,0.96
715075,均華凱基63購04,110010,0.69,0.75,0.69,0.75
715076,宜鼎凱基66購02,0,,,,
715077,旺矽凱基63購03,181950,1.64,1.64,1.49,1.49
715078,旺矽凱基63購04,16480,2.06,2.06,2.06,2.06
715079,旺矽凱基63購05,0,,,,
715080,旺矽凱基63購06,0,,,,
715081,旺矽凱基63購07,0,,,,
715082,旺矽凱基63購08,0,,,,
715083,旺矽凱基65購01,128000,1.28,1.28,1.28,1.28
715084,旺矽凱基65購02,29800,1.49,1.49,1.49,1.49
715085,旺矽凱基65購03,0,,,,
715086,旺矽凱基67購01,108000,1.8,1.8,1.8,1.8
715087,旺矽凱基67購02,133800,2.23,2.23,2.23,2.23
715088,富喬凱基65購02,0,,,,
715089,群聯凱基68購03,73950,2.55,2.55,2.55,2.55
715090,頎邦凱基64購05,133950,1.09,1.21,1.09,1.12
715091,環球晶凱基63購05,211550,2.46,2.55,2.45,2.5
715092,穩懋凱基63購14,0,,,,
715093,譜瑞凱基65購03,5400,2.7,2.7,2.7,2.7
715094,大綜元大63購02,105080,1.42,1.42,1.42,1.42
715095,天品元大63購01,173460,1.18,1.18,1.18,1.18
715096,竹陞元大64購01,0,,,,
715097,竹陞元大66購02,14720,0.92,0.92,0.92,0.92
715098,沛亨元大64購01,0,,,,
715099,沛亨元大66購01,0,,,,
715100,旺矽元大63購01,92920,1.15,1.15,1.06,1.07
715101,旺矽元大63購02,42000,1.01,1.01,0.99,0.99
715102,旺矽元大63購03,8200,0.82,0.82,0.82,0.82
715103,旺矽元大65購01,71860,1.26,1.26,1.16,1.16
715104,旺矽元大67購01,0,,,,
715105,旺矽元大68購01,4200,1.4,1.4,1.4,1.4
715106,晶宏元大63購07,0,,,,
715107,雅特力元大63購06,128600,1.02,1.03,1.02,1.03
715108,群聯元大63購38,722820,1.43,1.44,1.39,1.39
715109,群聯元大63購39,144040,1.31,1.41,1.31,1.4
715110,群聯元大66購08,77280,1.31,1.39,1.31,1.39
715111,營邦元大63購11,6200,1.24,1.24,1.24,1.24
715112,環球晶元大63購13,568350,1.62,1.73,1.62,1.73
715113,M31國票66購02,12600,1.4,1.4,1.4,1.4
715114,大綜國票65購01,0,,,,
715115,中美晶國票68購01,0,,,,
715116,世界國票66購01,30510,1.13,1.13,1.13,1.13
715117,安葆國票65購02,0,,,,
715118,宏碁資國票68購01,0,,,,
715119,良維國票69購02,0,,,,
715120,旺矽國票64購01,3780,1.26,1.26,1.26,1.26
715121,旺矽國票65購01,0,,,,
715122,旺矽國票66購01,0,,,,
715123,旺矽國票67購02,0,,,,
715124,欣銓國票67購01,0,,,,
715125,青雲國票64購02,0,,,,
715126,青雲國票65購02,0,,,,
715127,華景電國票65購03,0,,,,
715128,聖暉*國票65購04,0,,,,
715129,頎邦國票6A購01,5700,1.14,1.14,1.14,1.14
715130,穩懋國票6C購01,19050,0.95,0.96,0.95,0.95
715131,大綜群益64購01,6370,1.28,1.28,1.27,1.27
715132,中美晶群益63購08,57780,1.1,1.16,1.1,1.16
715133,台星科群益63購01,54520,1.64,1.72,1.64,1.72
715134,巨漢群益63購01,0,,,,
715135,安碁群益63購01,0,,,,
715136,竹陞群益63購04,89760,1.02,1.02,1.02,1.02
715137,均華群益63購04,0,,,,
715138,良維群益63購04,0,,,,
715139,宜鼎群益63購09,174050,1.19,1.27,1.15,1.15
715140,旺矽群益63購02,56360,1.74,1.77,1.63,1.63
715141,旺矽群益63購03,9850,1.97,1.97,1.97,1.97
715142,旺矽群益63購04,14800,2.96,2.96,2.96,2.96
715143,東捷群益63購04,2484670,2.07,2.52,2.07,2.25
715144,南俊群益64購01,53200,1.34,1.34,1.32,1.32
715145,順達群益63購09,0,,,,
715146,群聯群益63購17,159610,1.74,1.8,1.71,1.78
715147,聖暉*群益63購02,13900,1.39,1.39,1.39,1.39
715148,鈺創群益63購01,333960,1.2,1.26,1.2,1.26
715149,鈺創群益64購01,641870,1.53,1.57,1.53,1.57
715150,頎邦群益63購07,117750,0.94,0.97,0.94,0.97
715151,頎邦群益63購08,86500,1.15,1.18,1.15,1.18
715152,環球晶群益63購11,400100,1.38,1.45,1.34,1.45
715153,順達國泰64購03,0,,,,
715154,世界富邦66購01,156000,0.78,0.78,0.78,0.78
715155,均華富邦65購02,266570,0.48,0.52,0.48,0.52
715156,旺矽富邦65購01,0,,,,
715157,旺矽富邦69購01,0,,,,
715158,昇達科富邦67購01,1620,0.81,0.81,0.81,0.81
715159,原相富邦63購01,0,,,,
715160,富喬富邦6C購01,0,,,,
715161,新應材富邦69購01,360670,0.76,0.81,0.76,0.81
715162,德微富邦63購03,0,,,,
715163,中美晶統一69購01,21220,0.64,0.66,0.64,0.66
715164,世界統一69購01,0,,,,
715165,台嘉碩統一69購01,174660,0.71,0.71,0.71,0.71
715166,竹陞統一79購01,30140,0.66,0.68,0.66,0.68
715167,旺矽統一67購01,0,,,,
715168,旺矽統一67購02,0,,,,
715169,東捷統一6C購01,0,,,,
715170,欣銓統一6C購02,18900,0.63,0.63,0.63,0.63
715171,群聯統一69購04,0,,,,
715172,鈺創統一69購02,14960,0.68,0.68,0.68,0.68
715173,霖宏統一71購01,0,,,,
715174,環球晶統一69購01,12090,0.65,0.68,0.65,0.68
715175,世界中信66購01,325280,0.93,0.99,0.93,0.97
715176,旺矽中信63購01,16810,0.49,0.49,0.48,0.48
715177,順達中信63購01,161700,0.81,0.81,0.79,0.79
715178,群聯中信63購03,45250,0.62,0.64,0.61,0.61
715179,天品永豐66購01,29700,1.1,1.1,1.1,1.1
715180,均華永豐65購01,0,,,,
715181,宏碁資永豐63購02,0,,,,
715182,良維永豐64購03,0,,,,
715183,旺矽永豐63購01,13900,0.94,0.94,0.92,0.92
715184,旺矽永豐63購02,0,,,,
715185,旺矽永豐63購03,0,,,,
715186,旺矽永豐66購01,0,,,,
715187,旺矽永豐66購02,0,,,,
715188,旺矽永豐69購01,0,,,,
715189,昇達科永豐64購01,0,,,,
715190,欣銓永豐63購02,109220,0.98,1.02,0.98,1.02
715191,倚強永豐63購01,0,,,,
715192,創新服永豐63購02,1256650,0.76,0.76,0.73,0.73
715193,富喬永豐65購03,0,,,,
715194,聖暉*永豐63購03,0,,,,
715195,頎邦永豐65購03,0,,,,
715196,穩懋永豐63購09,16000,0.8,0.8,0.8,0.8
715197,台星科台新63購01,0,,,,
715198,安碁台新63購01,0,,,,
715199,沛亨台新64購01,0,,,,
715200,旺矽台新63購06,0,,,,
715201,欣銓台新63購03,25200,1.26,1.26,1.26,1.26
715202,欣銓台新63購04,0,,,,
715203,威剛台新63購05,0,,,,
715204,威剛台新63購06,0,,,,
715205,威剛台新66購03,0,,,,
715206,宸曜台新66購01,91950,0.97,1.0,0.95,1.0
715207,宸曜台新69購01,0,,,,
715208,富喬台新63購01,0,,,,
715209,富喬台新63購02,0,,,,
715210,順達台新65購01,0,,,,
715211,新盛力台新63購01,128740,1.31,1.31,1.18,1.19
715212,新盛力台新66購01,32400,1.08,1.08,1.08,1.08
715213,新盛力台新69購01,0,,,,
715214,點序台新66購01,0,,,,
715215,M31凱基65購01,0,,,,
715216,大綜凱基64購01,0,,,,
715217,中美晶凱基63購10,186260,1.71,1.75,1.68,1.68
715218,世界凱基63購08,0,,,,
715219,台星科凱基64購01,0,,,,
715220,均華凱基67購01,20160,1.26,1.26,1.26,1.26
715221,沛亨凱基66購01,0,,,,
715222,良維凱基69購02,0,,,,
715223,宜鼎凱基66購03,20400,1.7,1.7,1.7,1.7
715224,欣銓凱基65購02,8700,0.87,0.87,0.87,0.87
715225,青雲凱基64購02,0,,,,
715226,倚強凱基63購02,0,,,,
715227,順達凱基63購11,49600,1.92,2.0,1.92,2.0
715228,新盛力凱基63購01,0,,,,
715229,新盛力凱基63購02,1040480,2.06,2.09,2.06,2.09
715230,新盛力凱基63購03,0,,,,
715231,群聯凱基67購02,46360,2.92,2.94,2.87,2.9
715232,聖暉*凱基63購04,19050,1.89,1.92,1.89,1.92
715233,頎邦凱基63購09,0,,,,
715234,頎邦凱基63購10,0,,,,
715235,營邦凱基65購01,0,,,,
715236,環球晶凱基66購01,129140,1.83,1.92,1.83,1.92
715237,立端國票66購01,30830,1.06,1.07,1.06,1.07
715238,東捷國票65購01,0,,,,
715239,家登國票64購03,150090,1.57,1.63,1.57,1.63
715240,高僑國票65購02,0,,,,
715241,博盛國票68購01,0,,,,
715242,順達國票69購01,0,,,,
715243,新盛力國票64購01,0,,,,
715244,新盛力國票65購01,0,,,,
715245,群聯國票68購02,0,,,,
715246,磐亞國票64購01,2060,1.03,1.03,1.03,1.03
715247,聰泰國票65購01,0,,,,
715248,中美晶永豐63購02,0,,,,
715249,世界永豐63購04,0,,,,
715250,富喬永豐64購04,0,,,,
715251,華景電永豐64購01,4560,1.52,1.52,1.52,1.52
715252,新盛力永豐63購02,0,,,,
715253,新盛力永豐64購01,0,,,,
715254,新盛力永豐65購01,59600,1.49,1.49,1.49,1.49
715255,新應材永豐66購03,0,,,,
715256,頎邦永豐66購02,0,,,,
715257,旺矽中信63購02,620,0.62,0.62,0.62,0.62
715258,環球晶中信63購02,5120,0.64,0.64,0.64,0.64
715259,千附精元大65購01,0,,,,
715260,天品元大63購02,30500,1.22,1.22,1.22,1.22
715261,竹陞元大63購04,30000,1.0,1.0,1.0,1.0
715262,竹陞元大64購02,0,,,,
715263,竹陞元大67購01,15360,0.96,0.96,0.96,0.96
715264,宏碁資元大63購01,0,,,,
715265,宜鼎元大63購17,0,,,,
715266,宜鼎元大63購18,104360,0.72,0.72,0.68,0.68
715267,旺矽元大65購02,55230,1.58,1.6,1.5,1.53
715268,旺矽元大67購02,0,,,,
715269,旺矽元大68購02,0,,,,
715270,東捷元大63購05,0,,,,
715271,東捷元大63購06,0,,,,
715272,東捷元大63購07,0,,,,
715273,東捷元大66購01,19880,0.71,0.71,0.71,0.71
715274,威剛元大67購03,0,,,,
715275,倚強元大63購01,0,,,,
715276,富喬元大63購10,0,,,,
715277,富喬元大63購11,0,,,,
715278,富喬元大63購12,0,,,,
715279,富喬元大64購07,9820,0.55,0.55,0.54,0.54
715280,新盛力元大69購01,0,,,,
715281,群聯元大63購40,612740,1.14,1.15,1.08,1.08
715282,群聯元大66購09,0,,,,
715283,雷科元大66購01,125690,1.41,1.49,1.4,1.49
715284,雷科元大69購01,0,,,,
715285,鈺創元大63購03,14550,0.97,0.97,0.97,0.97
715286,鈺創元大63購04,0,,,,
715287,磐亞元大63購01,0,,,,
715288,環球晶元大63購14,132720,1.58,1.58,1.58,1.58
715289,宜鼎群益63購10,215150,1.31,1.39,1.28,1.28
715290,宜鼎群益63購11,103390,1.17,1.25,1.17,1.18
715291,旺矽群益65購01,67550,0.87,0.87,0.79,0.79
715292,宣德群益63購01,0,,,,
715293,倚強群益63購02,0,,,,
715294,高僑群益63購01,0,,,,
715295,新盛力群益63購02,0,,,,
715296,新盛力群益63購03,763470,1.53,1.53,1.53,1.53
715297,群聯群益63購18,11350,2.27,2.27,2.27,2.27
715298,頎邦群益63購10,57060,3.14,3.16,2.84,2.84
715299,環球晶群益64購02,113400,1.21,1.28,1.2,1.23
715300,中美晶國泰64購02,0,,,,
715301,宜鼎國泰64購01,0,,,,
715302,旺矽國泰64購01,0,,,,
715303,新盛力國泰64購01,1960380,1.96,1.96,1.87,1.87
715304,新盛力國泰64購02,0,,,,
715305,德微國泰64購02,68100,1.7,1.74,1.64,1.64
715306,旺矽富邦66購01,0,,,,
715307,創新服富邦64購01,48940,0.72,0.72,0.71,0.72
715308,鈊象富邦66購02,0,,,,
715309,新盛力富邦65購01,18550,0.94,0.94,0.89,0.89
715310,新盛力富邦66購01,14800,0.74,0.74,0.74,0.74
715311,頎邦富邦63購04,1260,0.42,0.42,0.42,0.42
715312,旺矽統一63購07,0,,,,
715313,東捷統一79購01,34310,0.73,0.73,0.73,0.73
715314,欣銓統一65購05,0,,,,
715315,欣銓統一69購02,0,,,,
715316,富喬統一6C購03,0,,,,
715317,富喬統一6C購04,0,,,,
715318,新盛力統一67購02,118530,0.78,0.79,0.78,0.79
715319,新盛力統一69購02,119940,0.74,0.75,0.74,0.75
715320,新盛力統一71購01,0,,,,
715321,新盛力統一79購01,0,,,,
715322,鈺創統一6C購01,0,,,,
715323,頎邦統一6C購02,0,,,,
715324,M31台新63購02,0,,,,
715325,中美晶台新63購04,0,,,,
715326,天品台新63購01,0,,,,
715327,天品台新65購01,0,,,,
715328,世界台新63購03,0,,,,
715329,世界台新63購04,59380,2.09,2.15,2.09,2.09
715330,光焱台新64購01,0,,,,
715331,安葆台新65購01,0,,,,
715332,安葆台新65購02,0,,,,
715333,旺矽台新63購07,0,,,,
715334,旺矽台新63購08,0,,,,
715335,南俊台新63購03,0,,,,
715336,倚強台新65購01,0,,,,
715337,富喬台新63購05,0,,,,
715338,富喬台新63購06,0,,,,
715339,順達台新66購01,0,,,,
715340,新盛力台新63購02,6500,3.25,3.25,3.25,3.25
715341,萬泰科台新63購01,0,,,,
715342,雷科台新63購01,0,,,,
715343,頎邦台新63購06,0,,,,
715344,環球晶台新64購03,0,,,,
715345,環球晶台新64購04,0,,,,
715346,M31凱基63購05,11280,1.88,1.88,1.88,1.88
715347,光頡凱基63購04,5600,2.8,2.8,2.8,2.8
715348,光頡凱基66購01,0,,,,
715349,安葆凱基63購02,77660,1.48,1.55,1.48,1.55
715350,宜鼎凱基64購04,0,,,,
715351,旺矽凱基65購04,0,,,,
715352,金山電凱基63購03,0,,,,
715353,金山電凱基63購04,32000,1.6,1.6,1.6,1.6
715354,威剛凱基66購01,0,,,,
715355,倚強凱基63購03,0,,,,
715356,博智凱基63購07,0,,,,
715357,富喬凱基65購03,0,,,,
715358,富喬凱基67購01,0,,,,
715359,群聯凱基63購23,0,,,,
715360,群聯凱基69購02,37200,1.88,1.88,1.84,1.84
715361,頎邦凱基63購11,64150,3.22,3.29,3.1,3.1
715362,德微凱基63購03,31220,2.23,2.23,2.23,2.23
715363,環球晶凱基64購06,0,,,,
715364,M31國票69購01,0,,,,
715365,台星科國票66購01,0,,,,
715366,安葆國票6A購01,0,,,,
715367,茂綸國票6A購01,0,,,,
715368,富喬康和63購01,0,,,,
715369,天品元大63購03,0,,,,
715370,光頡元大65購01,0,,,,
715371,光頡元大66購01,3300,1.65,1.65,1.65,1.65
715372,光頡元大69購01,0,,,,
715373,旺矽元大63購05,0,,,,
715374,旺矽元大63購06,0,,,,
715375,旺矽元大63購07,0,,,,
715376,東捷元大63購08,0,,,,
715377,東捷元大63購09,14410,1.31,1.31,1.31,1.31
715378,東捷元大63購10,0,,,,
715379,東捷元大66購02,0,,,,
715380,欣銓元大63購06,0,,,,
715381,欣銓元大65購02,0,,,,
715382,欣銓元大66購01,0,,,,
715383,倚強元大63購02,0,,,,
715384,富喬元大63購13,0,,,,
715385,富喬元大63購14,0,,,,
715386,晶呈元大63購02,17800,0.89,0.89,0.89,0.89
715387,群聯元大63購41,0,,,,
715388,群聯元大63購42,0,,,,
715389,群聯元大63購43,0,,,,
715390,環球晶元大63購15,16300,0.62,0.63,0.62,0.63
715391,光頡中信63購02,0,,,,
715392,欣銓中信66購01,0,,,,
715393,高技中信63購01,0,,,,
715394,環球晶中信64購01,0,,,,
715395,M31永豐64購02,0,,,,
715396,世界永豐66購02,0,,,,
715397,旺矽永豐67購01,0,,,,
715398,旺矽永豐67購02,0,,,,
715399,欣銓永豐63購03,0,,,,
715400,倚強永豐63購02,0,,,,
715401,新盛力永豐66購01,0,,,,
715402,碩禾永豐64購01,0,,,,
715403,光頡國泰64購03,0,,,,
715404,易發國泰64購01,2173410,1.15,1.31,1.14,1.31
715405,威剛國泰64購01,0,,,,
715406,胡連國泰64購01,48500,0.97,0.97,0.97,0.97
715407,東捷富邦64購01,0,,,,
715408,欣銓富邦63購02,0,,,,
715409,群聯富邦65購09,0,,,,
715410,群聯富邦66購03,0,,,,
715411,頎邦富邦65購03,0,,,,
715412,頎邦富邦66購02,0,,,,
715413,環球晶富邦63購03,0,,,,
715414,M31統一79購01,0,,,,
715415,光頡統一69購02,0,,,,
715416,光頡統一79購02,1540,0.77,0.77,0.77,0.77
715417,光頡統一79購03,0,,,,
715418,安葆統一74購02,448900,0.67,0.67,0.67,0.67
715419,均華統一6C購02,0,,,,
715420,亞信統一6C購01,0,,,,
715421,昇達科統一69購01,0,,,,
715422,欣銓統一69購03,0,,,,
715423,金山電統一79購02,0,,,,
715424,茂迪統一67購03,0,,,,
715425,高僑統一6C購01,0,,,,
715426,新盛力統一6B購01,0,,,,
715427,頎邦統一79購01,8550,0.57,0.57,0.57,0.57
715428,M31群益63購05,1330,1.33,1.33,1.33,1.33
715429,中美晶群益63購09,494000,1.64,1.66,1.64,1.64
715430,世界群益63購07,3390,1.12,1.15,1.12,1.15
715431,台特化群益6A購01,0,,,,
715432,弘塑群益63購07,203000,1.03,1.03,1.0,1.0
715433,光頡群益66購02,0,,,,
715434,光頡群益69購01,0,,,,
715435,均豪群益63購02,0,,,,
715436,旺矽群益68購01,0,,,,
715437,朋程群益65購01,0,,,,
715438,欣銓群益66購01,0,,,,
715439,欣銓群益67購01,0,,,,
715440,倚強群益65購02,0,,,,
715441,順達群益64購01,0,,,,
715442,新盛力群益66購01,0,,,,
715443,新盛力群益69購01,0,,,,
715444,新應材群益67購01,0,,,,
715445,群聯群益63購19,0,,,,
715446,頎邦群益63購11,0,,,,
715447,德微群益63購02,80620,2.89,2.89,2.86,2.86
715448,營邦群益65購02,10700,0.72,0.72,0.71,0.71
72400U,博智群益5A售02,0,,,,
72414U,振曜群益5A售01,0,,,,
72479U,擎亞群益5B售01,0,,,,
72485U,信驊群益5B售01,0,,,,
724979,鈊象統一5A購01,0,,,,
72501U,雙鴻中信5B售02,0,,,,
725048,原相統一5A購01,0,,,,
72523U,新應材群益5B售01,0,,,,
72572U,精測群益62售01,0,,,,
725744,新復興統一5A購01,0,,,,
72587U,華電網國票5A售01,0,,,,
725881,鈊象元富5A購01,0,,,,
726037,元債20元富5A購01,0,,,,
726070,元債20元富5A購02,0,,,,
72610U,富喬國票5C售02,37800,0.07,0.07,0.07,0.07
726119,華星光統一5B購01,0,,,,
72614U,富喬中信5C售02,3640,0.13,0.13,0.13,0.13
726194,元債20元富5B購01,0,,,,
72622U,精測群益62售02,23820,0.11,0.12,0.11,0.12
72629U,櫃200群益5B售02,0,,,,
72638U,譜瑞群益5C售01,0,,,,
72691U,信驊群益5B售03,0,,,,
726924,金麗科統一5B購01,0,,,,
726925,金麗科統一5B購02,0,,,,
726926,金麗科統一5B購03,3800,0.14,0.14,0.08,0.08
726927,金麗科統一5B購04,17620,0.14,0.15,0.11,0.14
72692U,信驊群益61售02,230,0.03,0.04,0.02,0.04
72704U,點序群益61售01,0,,,,
727095,高鋒統一5A購01,0,,,,
72713U,世界群益5B售01,0,,,,
72724U,信驊國票5B售01,1000,0.01,0.01,0.01,0.01
72733U,中探針群益62售01,6500,0.15,0.16,0.15,0.16
72735U,世界群益5A售01,0,,,,
72736U,精材群益5A售04,0,,,,
72737U,雙鴻群益5A售04,0,,,,
72747U,閎康群益5A售02,0,,,,
72748U,精測群益5A售02,0,,,,
72749U,精測群益62售04,0,,,,
72754U,博智群益62售02,0,,,,
72766U,富喬群益5A售02,0,,,,
72772U,穩懋群益63售01,12000,0.12,0.12,0.12,0.12
72774U,信驊永豐5A售01,0,,,,
72781U,系統電國票5A售01,0,,,,
72782U,環球晶群益62售01,0,,,,
72785U,旺矽富邦5A售02,0,,,,
72790U,閎康群益63售01,0,,,,
72791U,榮剛群益63售01,0,,,,
72794U,雙鴻凱基5A售02,0,,,,
72795U,神盾群益61售01,0,,,,
72797U,台特化國票5A售02,0,,,,
72798U,宏觀國票5A售01,0,,,,
72799U,雙鴻國票5A售01,0,,,,
728003,金麗科統一5C購01,1480,0.09,0.13,0.09,0.13
72800U,信驊永豐5B售01,0,,,,
72807U,新應材國泰5A售01,0,,,,
72808U,新應材國票5A售03,0,,,,
72809U,萬泰科國票5A售02,0,,,,
72810U,鑫聯國票5A售02,0,,,,
72812U,茂迪國票5A售03,0,,,,
72813U,宜鼎群益5B售03,0,,,,
72814U,精測群益5B售02,0,,,,
72818U,信驊永豐5C售01,2120,0.04,0.08,0.01,0.08
72820U,鑫聯國票5A售03,0,,,,
728264,元債20永豐61購01,0,,,,
72827U,元太群益5B售02,0,,,,
72828U,台燿群益5B售01,0,,,,
72829U,宏捷科群益5C售01,0,,,,
72830U,元太凱基5B售03,0,,,,
72836U,東捷群益5B售01,0,,,,
72838U,鈊象群益5B售02,0,,,,
72840U,世界群益5B售04,0,,,,
72841U,神盾群益5C售01,0,,,,
72842U,鈊象群益63售01,0,,,,
72843U,精材群益63售01,800,0.04,0.04,0.04,0.04
72845U,雙鴻凱基5A售04,0,,,,
72846U,鈊象凱基5A售02,0,,,,
72847U,印能國票5A售04,0,,,,
72848U,雙鴻群益5A售06,0,,,,
72849U,印能凱基5A售04,0,,,,
72850U,印能國票5A售05,0,,,,
728516,系微統一5C購01,0,,,,
72851U,矽科國票5B售02,0,,,,
728520,金麗科統一5C購02,280,0.07,0.07,0.07,0.07
72852U,旺矽元大5A售03,0,,,,
72853U,信驊元大5A售01,0,,,,
72854U,信驊永豐61售01,1560,0.06,0.06,0.06,0.06
72855U,信驊富邦5C售02,188590,0.17,0.21,0.17,0.2
72856U,頎邦凱基5A售03,0,,,,
72857U,雙鴻元大5A售06,0,,,,
72858U,巨漢國票5A售02,0,,,,
72859U,弘塑國票5B售02,2070,0.24,0.24,0.22,0.22
72860U,弘塑元大5A售03,6100,0.61,0.61,0.61,0.61
72861U,華電網凱基5A售01,0,,,,
72862U,群聯國票5B售02,0,,,,
72863U,蜜望實國票5A售03,0,,,,
72864U,群聯凱基5A售03,0,,,,
72865U,信驊永豐5B售03,0,,,,
72866U,旺矽凱基5A售06,11550,0.22,0.28,0.22,0.28
72867U,旺矽富邦61售01,244590,0.58,0.62,0.57,0.62
72868U,富喬群益5C售01,501100,0.41,0.42,0.38,0.38
72869U,立碁國票5B售03,0,,,,
72870U,群聯國票5B售06,0,,,,
72871U,群聯群益61售02,0,,,,
72872U,聖暉*台新5B售01,2080,0.52,0.52,0.52,0.52
72873U,威剛國票5C售02,0,,,,
72874U,威剛群益5C售02,760,0.38,0.38,0.38,0.38
72875U,威剛凱基5B售05,180,0.09,0.09,0.09,0.09
72876U,合晶台新5B售05,0,,,,
72877U,群聯台新5B售07,0,,,,
72878U,群聯台新5B售08,0,,,,
72879U,世界凱基5B售02,13120,0.06,0.07,0.06,0.06
72880U,良維國票5C售02,0,,,,
72881U,鈊象台新5B售03,0,,,,
72882U,環球晶台新5B售03,0,,,,
72883U,環球晶國票5B售02,0,,,,
72884U,鈊象群益61售01,0,,,,
72885U,中美晶群益5B售02,0,,,,
72886U,群聯群益5B售06,0,,,,
72887U,精材群益5B售05,0,,,,
72888U,德微群益5B售02,0,,,,
72889U,新盛力群益5B售04,150,0.15,0.15,0.15,0.15
72890U,廣穎群益5B售03,0,,,,
72891U,世界台新5B售03,0,,,,
728920,元債20元富61購01,13700,0.47,0.47,0.44,0.44
72892U,台特化台新5B售04,0,,,,
72893U,威剛中信64售01,0,,,,
72894U,世界群益62售01,92340,0.46,0.46,0.43,0.43
72895U,台特化群益5B售01,0,,,,
728967,驊訊統一61購01,0,,,,
72896U,精材凱基5B售08,0,,,,
72897U,精材群益5B售08,0,,,,
72898U,雷科國票5B售03,65100,0.14,0.14,0.09,0.09
72899U,立敦台新5B售04,2160,2.16,2.16,2.16,2.16
72900U,德微國票5C售04,4400,0.22,0.22,0.22,0.22
72901U,德微國票5C售05,52370,0.48,0.54,0.48,0.54
72902U,擎亞國票5B售03,4600,0.92,0.92,0.92,0.92
72903U,群聯凱基5B售08,2760,0.69,0.69,0.69,0.69
72904U,欣銓台新5B售05,0,,,,
72905U,臺慶科台新5B售05,0,,,,
72906U,博智群益5B售04,30420,1.69,1.69,1.69,1.69
72907U,群聯富邦61售05,15150,0.61,0.61,0.6,0.61
72908U,威剛群益65售01,107400,1.79,1.79,1.79,1.79
72909U,威剛凱基65售01,0,,,,
72910U,精材台新5B售06,0,,,,
72911U,威剛元大5B售16,0,,,,
72912U,良維群益61售02,0,,,,
72913U,威剛群益5B售04,0,,,,
72914U,威剛群益5B售05,0,,,,
72915U,威剛群益61售03,0,,,,
72916U,中美晶凱基5B售06,0,,,,
729171,M31統一61購01,0,,,,
729172,M31統一61購02,0,,,,
72917U,威剛凱基5B售09,0,,,,
729186,華星光統一61購01,0,,,,
729187,華星光統一61購02,0,,,,
72918U,威剛永豐61售03,4200,0.42,0.42,0.42,0.42
72919U,順達台新5C售01,0,,,,
72920U,佳邦群益5C售01,0,,,,
72921U,富喬台新5C售03,44800,0.4,0.4,0.4,0.4
72922U,威剛凱基5C售05,1050,0.35,0.35,0.35,0.35
72923U,宜鼎台新5C售05,0,,,,
72924U,台半群益5C售03,0,,,,
72925U,台半凱基5C售03,116620,0.55,0.56,0.54,0.55
72926U,臺慶科凱基5C售03,0,,,,
72927U,聖暉*台新5C售05,0,,,,
72928U,富喬凱基5C售04,71020,0.18,0.18,0.17,0.17
72929U,臺慶科台新5C售02,0,,,,
72930U,威剛群益5C售08,0,,,,
72931U,群聯群益5C售10,0,,,,
72932U,威剛國泰61售02,1440,1.44,1.44,1.44,1.44
72933U,世界群益66售01,7080,2.36,2.36,2.36,2.36
72934U,精材群益66售01,0,,,,
72935U,世界台新5C售02,102010,1.64,1.69,1.63,1.69
72936U,宜鼎凱基5C售10,226600,1.61,1.65,1.61,1.65
72937U,元太國票62售01,0,,,,
72938U,世界國票62售01,14520,0.92,0.92,0.9,0.9
72939U,威剛國票62售01,0,,,,
72940U,臺慶科國票62售01,0,,,,
72941U,雙鴻永豐61售04,240,0.24,0.24,0.24,0.24
72942U,家登群益61售03,708580,0.71,0.71,0.71,0.71
72943U,頎邦國票61售01,0,,,,
72944U,中光電台新61售03,0,,,,
72945U,頎邦台新61售03,0,,,,
72946U,世界群益61售03,0,,,,
72947U,台星科群益61售02,0,,,,
72948U,精材群益63售02,0,,,,
72949U,威剛元大61售06,0,,,,
72950U,精材凱基63售02,0,,,,
72951U,中光電台新61售05,0,,,,
72952U,精材國票61售05,4320,0.72,0.72,0.72,0.72
72953U,精材國票65售02,0,,,,
72954U,群聯中信61售02,10940,0.85,0.85,0.84,0.84
72955U,宜鼎國票61售03,0,,,,
72956U,群聯國票61售05,0,,,,
72957U,良維群益63售01,0,,,,
72958U,群聯群益63售02,0,,,,
72959U,雙鴻群益63售03,13290,0.21,0.21,0.2,0.2
72960U,良維凱基61售03,0,,,,
72961U,群聯凱基61售10,0,,,,
72962U,宜鼎群益67售01,0,,,,
72963U,中美晶國票61售06,0,,,,
72964U,中美晶國票64售02,0,,,,
72965U,青雲國票61售03,7980,1.33,1.33,1.33,1.33
72966U,雙鴻凱基61售07,18000,0.06,0.06,0.06,0.06
72967U,順達國票61售03,0,,,,
72968U,群聯國票64售01,0,,,,
72969U,聖暉*國票61售05,0,,,,
72970U,雙鴻國票61售02,0,,,,
72971U,良維群益67售01,0,,,,
72972U,雙鴻群益61售03,45100,0.09,0.1,0.09,0.1
72973U,M31國票61售02,8700,0.58,0.58,0.58,0.58
72974U,威剛國票65售01,0,,,,
72975U,譜瑞國票61售01,0,,,,
72976U,順達凱基61售06,1080,1.08,1.08,1.08,1.08
72977U,雙鴻國泰63售01,87500,0.28,0.3,0.28,0.3
72978U,威剛凱基61售06,0,,,,
72979U,群聯台新61售07,0,,,,
729804,僑威統一5A購01,0,,,,
729808,騰雲統一5A購01,0,,,,
72980U,頎邦凱基61售05,0,,,,
72981U,欣銓國票61售04,0,,,,
72982U,華景電國票61售02,0,,,,
72983U,家登群益63售02,475930,0.95,0.95,0.94,0.94
72984U,凡甲國票61售01,0,,,,
72985U,中美晶國票63售01,0,,,,
72986U,元太國票61售02,0,,,,
72987U,宜特國票61售02,0,,,,
72988U,頎邦國票64售02,4300,0.43,0.43,0.43,0.43
72989U,廣穎國票61售01,0,,,,
72990U,中美晶元大61售09,53250,0.71,0.71,0.71,0.71
72991U,群聯元大61售20,0,,,,
72992U,中美晶富邦67售02,0,,,,
72993U,中美晶凱基63售03,23780,0.82,0.82,0.82,0.82
72994U,元太凱基61售07,4440,1.48,1.48,1.48,1.48
72995U,群聯凱基63售03,0,,,,
72996U,立碁國票64售02,95630,0.57,0.59,0.57,0.58
72997U,良維國票61售02,0,,,,
72998U,新普國票61售02,0,,,,
72999U,世界國票62售02,0,,,,
73000U,宜鼎國票63售01,0,,,,
73001U,欣銓國票63售01,1460,0.73,0.73,0.73,0.73
73002U,順達國票63售01,0,,,,
73003U,鈊象國票62售01,24390,0.77,0.79,0.77,0.79
73004U,群翊國票62售01,0,,,,
73005U,群聯國票62售01,5100,0.51,0.51,0.51,0.51
73006U,雙鴻國票63售01,0,,,,
73007U,世界凱基63售03,0,,,,
73008U,中美晶國票64售03,0,,,,
73009U,光焱國票65售01,0,,,,
73010U,頎邦國票64售03,7200,0.36,0.36,0.36,0.36
73011U,中美晶國票66售01,0,,,,
73012U,威剛國票65售02,0,,,,
73013U,威剛元大63售02,0,,,,
73014U,家登凱基63售02,0,,,,
730157,綠界*統一5A購01,0,,,,
73015U,新應材凱基63售04,3280,0.81,0.83,0.81,0.83
73016U,宜鼎國票66售02,0,,,,
73017U,順達國票66售01,0,,,,
73018U,群聯國票66售02,0,,,,
73019U,雙鴻國票66售02,12200,0.4,0.41,0.4,0.41
73020U,雙鴻元大63售07,8400,0.28,0.28,0.28,0.28
73021U,威剛凱基63售03,0,,,,
73022U,威剛元大63售03,11350,1.12,1.15,1.12,1.15
73023U,雙鴻凱基63售07,2800,0.28,0.28,0.28,0.28
73024U,弘塑國票67售01,4500,0.9,0.9,0.9,0.9
73025U,朋億*國票66售02,0,,,,
73026U,金山電國票68售01,0,,,,
73027U,萬潤國票66售02,0,,,,
73028U,萬潤國票68售02,0,,,,
73029U,聖暉*國票66售01,0,,,,
73030U,中美晶台新62售02,0,,,,
73031U,威剛凱基63售05,0,,,,
73032U,M31國票66售01,15750,0.75,0.75,0.75,0.75
73033U,富喬台新62售01,315650,0.85,0.85,0.81,0.81
73034U,中美晶凱基64售03,10800,0.45,0.45,0.45,0.45
73035U,群聯永豐64售12,0,,,,
73036U,富喬國票63售02,69580,0.96,0.96,0.94,0.94
73037U,富喬國票65售01,0,,,,
73038U,中美晶群益63售03,0,,,,
73039U,東捷群益64售02,170670,0.35,0.35,0.32,0.35
730401,M31統一62購01,0,,,,
730402,M31統一62購02,0,,,,
730403,M31統一62購03,0,,,,
73040U,穩懋群益64售02,125490,1.18,1.21,1.18,1.2
73041U,穩懋國泰64售01,0,,,,
73042U,穩懋凱基63售06,0,,,,
73043U,穩懋凱基63售07,117530,0.41,0.41,0.39,0.39
73044U,宏捷科凱基63售01,0,,,,
73045U,蜜望實國票63售02,0,,,,
73046U,中美晶中信62售02,20800,0.52,0.52,0.52,0.52
73047U,宜特群益62售02,0,,,,
73048U,東捷群益62售02,264020,1.43,1.43,1.29,1.42
730493,昇達科統一5C購01,0,,,,
73049U,振曜群益66售01,0,,,,
73050U,群聯永豐63售04,0,,,,
73051U,陽程國票66售01,171750,0.51,0.51,0.48,0.48
73052U,世紀*國票6A售01,66850,0.75,0.77,0.75,0.77
73053U,頎邦台新62售02,0,,,,
73054U,弘塑群益64售01,15340,0.81,0.81,0.8,0.8
73055U,世紀*國票68售01,0,,,,
73056U,沛亨國票68售01,0,,,,
73057U,宜鼎元大62售02,25670,1.51,1.51,1.51,1.51
73058U,頎邦群益62售03,0,,,,
73059U,安葆國票68售01,13110,0.72,0.73,0.72,0.73
73060U,宏捷科國票63售01,0,,,,
73061U,環球晶凱基62售06,76190,1.44,1.44,1.42,1.43
73062U,環球晶群益64售01,0,,,,
73063U,環球晶中信62售03,0,,,,
73064U,環球晶元大62售04,0,,,,
73065U,環球晶台新63售01,0,,,,
73066U,千附精國票63售01,1700,0.85,0.85,0.85,0.85
73067U,晶宏國票63售01,1420,0.71,0.71,0.71,0.71
73068U,均華群益63售01,0,,,,
73069U,精材群益63售09,97480,1.91,1.93,1.19,1.82
73070U,精材群益69售01,0,,,,
73071U,雙鴻群益63售09,738010,0.35,0.4,0.35,0.38
73072U,精材國票64售03,2770,0.93,0.93,0.92,0.92
730733,原相統一5B購01,0,,,,
73073U,環球晶國票64售03,0,,,,
73074U,精材台新63售05,0,,,,
73075U,環球晶台新63售04,0,,,,
73076U,雙鴻凱基63售17,276220,1.03,1.09,1.01,1.04
73077U,漢達國票65售02,4970,0.51,0.51,0.48,0.48
73078U,擎亞台新63售02,4100,2.05,2.05,2.05,2.05
73079U,博智凱基63售06,0,,,,
73080U,順達元大63售11,76500,1.02,1.02,1.02,1.02
73081U,昇達科台新63售02,0,,,,
73082U,信驊台新63售04,27400,1.71,1.86,1.71,1.86
73083U,信驊凱基63售06,26870,1.81,2.03,1.81,1.97
73084U,信驊富邦66售02,30700,2.78,2.84,2.78,2.84
73085U,信驊永豐63售01,18880,0.77,0.83,0.77,0.82
73086U,信驊永豐64售01,0,,,,
73087U,信驊元大63售03,0,,,,
73088U,信驊群益63售03,177860,1.99,2.13,1.96,2.12
73089U,信驊群益63售04,717630,2.54,2.8,2.54,2.68
73090U,竹陞國票67售01,15300,1.02,1.02,1.02,1.02
73091U,信驊國票64售02,0,,,,
73092U,信驊國票65售01,3020,1.51,1.51,1.51,1.51
73093U,信驊國票65售02,23500,2.35,2.35,2.35,2.35
73094U,漢達國票65售03,0,,,,
73095U,穩懋國票65售01,9000,0.9,0.9,0.9,0.9
73096U,穩懋國票69售01,0,,,,
73097U,頎邦台新63售03,0,,,,
73098U,台半國票65售02,1960,0.98,0.98,0.98,0.98
73099U,弘塑國票65售02,5760,0.96,0.96,0.96,0.96
73100U,威聯通國票65售01,0,,,,
73101U,崴寶國票65售01,0,,,,
73102U,萊德光國票65售01,0,,,,
73103U,雷科國票64售03,52810,1.46,1.48,1.36,1.36
73104U,光頡台新63售03,369450,0.76,0.8,0.74,0.77
73105U,頎邦群益63售06,17080,0.53,0.54,0.53,0.54
73106U,竹陞國票65售02,0,,,,
73107U,南俊國票65售01,0,,,,
73108U,茂達國票65售03,0,,,,
73109U,茂綸國票65售02,0,,,,
73110U,高技國票65售03,0,,,,
73111U,博盛國票65售01,0,,,,
73112U,雅特力國票65售01,0,,,,
73113U,弘塑凱基65售02,0,,,,
73114U,巨有國票64售02,64570,0.89,0.89,0.77,0.79
73115U,旭然國票68售01,0,,,,
73116U,昇達科國票64售03,0,,,,
73117U,萊德光國票64售02,33750,0.7,0.71,0.7,0.71
73118U,東捷凱基63售03,47990,1.5,1.61,1.48,1.61
73119U,台燿台新63售02,9660,1.61,1.61,1.61,1.61
73120U,良維台新63售02,0,,,,
73121U,穩懋群益63售08,0,,,,
73122U,台燿國票66售01,0,,,,
73123U,信昌電國票64售03,4897830,1.9,2.09,1.89,2.02
731240,金麗科元富61購01,0,,,,
73124U,信昌電國票65售03,3296500,1.8,1.93,1.8,1.91
73125U,台燿凱基63售05,15940,1.61,1.61,1.57,1.57
731265,順達統一5B購01,0,,,,
73126U,穩懋凱基63售11,51170,1.2,1.2,1.17,1.18
73127U,穩懋國票64售01,2730,0.91,0.91,0.91,0.91
73128U,青雲群益66售01,0,,,,
73129U,東捷群益63售03,0,,,,
73130U,穩懋群益63售10,0,,,,
73131U,久元國票65售02,0,,,,
73132U,千如國票65售01,0,,,,
73133U,立端國票65售01,6200,0.62,0.62,0.62,0.62
73134U,全宇昕國票65售03,0,,,,
73135U,宏碁資國票65售02,0,,,,
73136U,長科*國票65售02,0,,,,
73137U,胡連國票65售01,0,,,,
73138U,晶呈國票65售02,1000,1.0,1.0,1.0,1.0
73139U,翔名國票65售02,0,,,,
73140U,廣閎科國票65售02,0,,,,
73141U,台燿台新63售03,3440,1.72,1.72,1.72,1.72
73142U,世界台新63售02,0,,,,
73143U,欣銓台新63售02,0,,,,
73144U,頎邦台新63售05,35150,2.38,2.38,2.27,2.27
73145U,富喬凱基63售08,39900,2.01,2.01,1.98,1.98
73146U,穩懋凱基63售13,0,,,,
73147U,台燿永豐63售05,0,,,,
73148U,富喬永豐63售02,0,,,,
731495,英濟統一5B購01,0,,,,
73149U,環球晶永豐63售10,0,,,,
73150U,旺矽凱基63售09,241800,2.13,2.21,2.13,2.2
73151U,弘塑元大63售11,0,,,,
73152U,旺矽元大63售04,0,,,,
73153U,富喬元大63售09,0,,,,
73154U,旺矽國票64售02,93360,1.44,1.5,1.44,1.48
73155U,旺矽國票67售03,0,,,,
73156U,旺矽國票69售01,0,,,,
73157U,世界群益63售06,0,,,,
731584,群聯統一5B購01,0,,,,
73158U,旺矽群益63售05,0,,,,
73159U,欣銓群益69售01,0,,,,
73160U,頎邦群益63售09,0,,,,
73161U,富喬台新63售03,0,,,,
73162U,富喬台新63售04,0,,,,
73163U,新盛力群益63售04,0,,,,
73164U,光頡群益65售02,1520,1.52,1.52,1.52,1.52
732269,M31統一63購01,0,,,,
732272,千附統一5B購01,0,,,,
732332,M31統一63購02,0,,,,
732545,晟德統一5A購01,12240,0.03,0.03,0.03,0.03
732586,印能統一5A購01,0,,,,
732653,光焱統一5A購01,0,,,,
733025,華星光統一5B購02,0,,,,
733248,宇峻統一5B購01,0,,,,
733332,大宇資統一5B購01,0,,,,
733411,美琪瑪統一61購01,40340,0.59,0.63,0.59,0.61
733460,先進光統一5B購01,0,,,,
733461,先進光統一65購01,70800,0.45,0.45,0.42,0.42
733467,新應材統一5B購01,0,,,,
733471,營邦統一5B購01,0,,,,
733560,大學光統一5B購01,0,,,,
733563,弘塑統一5B購01,0,,,,
733653,創惟統一5B購01,100,0.01,0.01,0.01,0.01
733654,創惟統一65購01,0,,,,
733655,創惟統一65購02,0,,,,
733656,創惟統一65購03,0,,,,
733695,高端統一5B購01,315500,0.58,0.58,0.56,0.57
733696,高端統一65購01,314910,0.67,0.67,0.66,0.66
733702,創惟統一5C購01,0,,,,
733760,高端統一65購02,0,,,,
733800,華星光統一5B購03,0,,,,
733958,新應材統一5C購01,7750,0.25,0.25,0.25,0.25
733959,新應材統一5C購02,0,,,,
733983,富喬統一5C購01,0,,,,
734209,華星光統一66購01,78240,3.26,3.26,3.26,3.26
734284,竹陞統一5C購01,0,,,,
734285,良維統一5A購01,0,,,,
734352,竹陞統一5C購02,0,,,,
734355,南俊統一5C購01,0,,,,
734508,台燿統一5C購01,0,,,,
734519,建榮統一5C購01,0,,,,
734521,智通*統一5C購01,0,,,,
734707,智通*統一5C購02,0,,,,
734708,新漢統一5C購01,0,,,,
734710,雙鴻統一62購01,41250,1.45,1.45,1.41,1.41
734782,宇峻統一5C購01,0,,,,
734783,均華統一5C購01,0,,,,
734785,萬潤統一5C購01,9100,4.55,4.55,4.55,4.55
734873,前鼎統一5C購01,0,,,,
734874,威剛統一5C購01,0,,,,
734994,新應材統一62購01,54040,0.31,0.31,0.2,0.31
735028,新應材元富63購01,9350,0.76,0.88,0.76,0.87
735029,新應材元富64購01,91440,1.72,1.84,1.72,1.84
735271,波若威統一62購01,0,,,,
735304,華景電統一5A購01,0,,,,
735306,順達統一5C購01,0,,,,
735512,華星光統一61購03,0,,,,
735557,波若威統一63購01,0,,,,
735647,久禾光統一61購01,0,,,,
735648,久禾光統一63購01,0,,,,
735654,信紘科統一5A購01,0,,,,
735658,彩富統一5B購01,0,,,,
735659,彩富統一61購01,0,,,,
735660,彩富統一63購01,0,,,,
735661,富喬統一5A購01,0,,,,
735665,意德士統一61購01,0,,,,
735724,久禾光統一61購02,0,,,,
735848,生合統一63購01,0,,,,
735849,均華統一63購01,0,,,,
735852,宏觀統一61購01,0,,,,
735853,旺矽統一61購01,0,,,,
735855,南俊統一61購01,0,,,,
736081,均華統一63購02,0,,,,
736082,均豪統一61購01,0,,,,
736153,台燿統一61購01,0,,,,
736154,立碁統一61購01,47250,1.07,1.07,1.01,1.05
736156,均華統一5C購02,0,,,,
736160,金居統一62購01,99200,12.4,12.4,12.4,12.4
736243,宜特統一61購01,0,,,,
736244,金居統一61購01,106650,9.9,9.9,9.45,9.45
736249,家登統一61購01,0,,,,
736349,安國統一63購01,8260,0.39,0.48,0.39,0.47
736350,安國統一65購01,0,,,,
736351,安國統一66購01,1600,0.16,0.16,0.16,0.16
736352,安國統一67購01,0,,,,
736353,安國統一67購02,0,,,,
736354,安國統一67購03,0,,,,
736360,閎康統一5B購01,2800,0.28,0.28,0.28,0.28
736427,M31統一61購03,1400,0.14,0.14,0.14,0.14
736431,宏捷科統一61購01,0,,,,
736443,雙鴻統一62購02,16050,1.63,1.63,1.58,1.58
736444,穩懋統一61購01,0,,,,
736474,中美晶統一5A購01,0,,,,
736476,系微統一5B購01,0,,,,
736477,神盾統一5A購01,0,,,,
736478,新盛力統一67購01,3200,3.2,3.2,3.2,3.2
736479,漢磊統一61購01,67350,1.12,1.25,1.0,1.18
736480,廣運統一61購01,0,,,,
736586,神盾統一5C購01,0,,,,
736604,元債20凱基67購01,56500,1.41,1.41,1.37,1.37
736736,力旺統一61購01,2680,2.68,2.68,2.68,2.68
736741,安國統一61購01,0,,,,
736934,金居統一5B購01,124100,8.9,8.9,8.85,8.85
736935,前鼎統一5B購01,0,,,,
736938,晶呈統一5B購01,0,,,,
737086,良維統一62購01,0,,,,
737088,富喬統一5A購02,0,,,,
737153,正基統一5A購01,0,,,,
737161,富喬統一5A購03,0,,,,
737198,智通*國票5B購01,7000,1.4,1.4,1.4,1.4
737321,立碁統一5C購01,820,0.82,0.82,0.82,0.82
737801,漢磊國票5B購01,0,,,,
737929,台燿統一5A購01,0,,,,
737930,晶呈統一5C購01,34020,1.82,2.0,1.82,2.0
737933,譜瑞統一5B購01,0,,,,
738131,中光電統一5B購01,0,,,,
738135,台燿統一5C購02,0,,,,
738137,亞信統一5B購01,26000,0.26,0.26,0.26,0.26
738138,亞信統一64購01,0,,,,
738140,美琪瑪統一64購01,0,,,,
738144,順達統一5B購02,0,,,,
738145,順達統一5C購02,0,,,,
738150,漢科統一5B購01,0,,,,
738151,漢科統一5C購01,0,,,,
738152,精測統一5B購01,0,,,,
738153,精測統一64購01,0,,,,
738154,廣明統一64購01,0,,,,
738155,擎亞統一5B購01,0,,,,
738156,譜瑞統一5C購01,0,,,,
738157,譜瑞統一64購01,0,,,,
738183,凡甲統一5C購01,0,,,,
738184,世禾統一5B購01,0,,,,
738187,昱展統一64購01,0,,,,
738190,順達統一5A購01,0,,,,
738191,聖暉*統一5A購02,0,,,,
738192,聖暉*統一64購01,0,,,,
738281,M31統一5B購01,1000,0.2,0.2,0.2,0.2
738282,M31統一5C購01,0,,,,
738285,旺矽統一63購01,0,,,,
738286,信紘科統一64購01,0,,,,
738288,新應材統一64購01,8310,0.23,0.34,0.22,0.32
738291,環球晶統一64購01,0,,,,
738567,精測國票5B購01,0,,,,
738726,宏捷科國票5B購01,0,,,,
738736,M31統一5C購02,0,,,,
738737,M31統一62購04,0,,,,
738741,生合統一63購02,0,,,,
738743,宏觀統一5C購01,0,,,,
738746,朋程統一5C購01,0,,,,
738747,長佳智統一5C購01,0,,,,
738748,信紘科統一5C購01,0,,,,
738754,晶焱統一5C購01,0,,,,
738757,順達統一5C購03,0,,,,
738758,萬泰科統一5C購01,0,,,,
738760,群翊統一5C購01,0,,,,
738762,寬宏統一65購01,0,,,,
738764,廣明統一5C購01,0,,,,
738767,耀勝統一5C購01,0,,,,
738802,精測群益5C購01,0,,,,
738931,M31統一5C購03,0,,,,
738933,世禾統一5C購01,0,,,,
738934,台半統一5C購01,0,,,,
738938,永信建統一5C購01,0,,,,
738940,旺矽統一65購01,0,,,,
738943,湧德統一5C購01,0,,,,
738944,順達統一5C購04,0,,,,
738947,精測統一65購01,6500,1.3,1.3,1.3,1.3
739071,旺矽國票5A購01,0,,,,
739284,威剛國票5B購01,0,,,,
739372,力旺統一5C購01,54640,0.67,0.74,0.61,0.7
739373,生合統一5C購01,0,,,,
739375,合晶統一5C購01,0,,,,
739376,均豪統一5B購01,0,,,,
739378,宜鼎統一5C購01,0,,,,
739379,宜鼎統一5C購02,0,,,,
739380,欣銓統一64購01,0,,,,
739381,信驊統一5C購01,0,,,,
739382,威剛統一5C購02,0,,,,
739383,威剛統一64購01,0,,,,
739384,鈊象統一5C購01,0,,,,
739385,萬泰科統一64購01,14940,0.83,0.83,0.83,0.83
739386,群翊統一5C購02,0,,,,
739387,精材統一5C購01,0,,,,
739388,德微統一5C購01,0,,,,
739425,泰茂國票5A購01,30,0.03,0.03,0.03,0.03
739441,中光電統一5B購02,0,,,,
739442,中美晶統一5C購01,740,0.74,0.74,0.74,0.74
739443,永信建統一5C購02,0,,,,
739446,宜鼎統一5C購03,0,,,,
739447,朋程統一5C購02,0,,,,
739453,振曜統一5C購01,0,,,,
739454,能率統一5B購01,0,,,,
739460,環球晶統一64購02,0,,,,
739519,系微統一5C購02,0,,,,
739520,旺矽統一5B購01,0,,,,
739522,廣運統一5C購01,0,,,,
739523,擎亞統一5C購01,0,,,,
739549,聯合國票5A購01,0,,,,
739639,大宇資統一5C購01,0,,,,
739641,台燿統一64購01,0,,,,
739642,弘塑統一5C購01,0,,,,
739643,合晶統一5B購01,0,,,,
739644,合晶統一5C購02,0,,,,
739645,均豪統一5C購01,0,,,,
739646,昇佳電統一5C購01,0,,,,
739647,昇佳電統一5C購02,0,,,,
739648,創惟統一5C購02,0,,,,
739649,新漢統一64購01,0,,,,
739650,萬泰科統一5C購02,0,,,,
739651,德微統一5C購02,0,,,,
739652,耀勝統一5C購02,0,,,,
739841,世界國票5C購01,0,,,,
739842,威剛國票5A購01,0,,,,
739913,旺矽國票5B購01,0,,,,
739986,廣明國票5B購01,0,,,,
7402,邑錡,17703891,99.9,100.5,99.1,99.1
7547,碩網,13304601,65.3,65.3,65.3,65.3
7556,意德士,19821708,264.5,273.5,264.5,267.5
7584,樂意,113848,27.2,28.95,27.2,28.95
7642,昶瑞機電,2416667,70.2,70.2,68.0,68.5
7703,銳澤,6931167,204.0,204.0,199.0,199.5
7704,明遠精密,1785558,62.0,62.0,61.0,61.3
7708,全家餐飲,2528022,93.5,93.5,91.8,91.9
7709,榮田,33374044,91.8,95.0,86.5,86.5
7712,博盛半導體,18452725,165.0,166.5,161.0,161.0
7713,威力德生醫,149670,74.1,74.1,74.1,74.1
7714,創泓科技,27617425,165.5,166.0,162.0,162.0
7715,裕山,912986,27.55,27.85,27.45,27.6
7716,昱臺國際,119600,23.95,23.95,23.9,23.9
7717,萊德光電-KY,275706079,607.0,612.0,588.0,592.0
7718,友鋮,192761,46.2,46.7,46.2,46.7
7723,築間,651939,18.3,18.45,18.2,18.3
7728,光焱科技,21960614,586.0,609.0,586.0,607.0
7734,印能科技,511574100,2775.0,2840.0,2665.0,2680.0
7738,東聯互動,1216217,159.5,159.5,154.0,156.0
7743,金利食安,1516386,25.35,25.35,23.55,24.3
7744,崴寶,43358988,531.0,544.0,523.0,523.0
7747,昕奇雲端,290294,114.0,114.0,111.0,111.0
7751,竑騰,288555795,1515.0,1560.0,1470.0,1555.0
7753,星亞,750943,35.75,35.9,35.4,35.6
7757,金色三麥,1877676,91.0,91.0,90.0,90.5
7767,仁大資訊,977523,46.65,46.65,46.2,46.2
7770,君曜,885804,39.5,42.95,39.5,42.95
7772,耀穎,23645955,176.0,179.5,172.5,176.0
7777,能率亞洲,42041828,35.95,36.85,35.5,35.6
7782,光速火箭,74475,24.75,24.95,24.75,24.95
7792,安葆,655555724,427.5,430.0,400.0,416.0
7794,宏碁智新,182606,30.1,30.25,30.0,30.25
7805,威聯通,28342143,498.0,498.0,489.0,489.0
7810,捷創科技,21634800,224.0,235.0,224.0,227.5
7811,民盛,808500,73.5,73.5,73.5,73.5
7814,海昌生技,292625,28.4,28.45,28.35,28.4
7819,精誠金融,289868,34.35,34.35,34.3,34.3
7820,立盈,558150,109.0,109.5,107.0,108.5
7825,和亞智慧,47373149,84.5,87.9,83.5,83.6
7828,創新服務,335909775,1980.0,1980.0,1900.0,1900.0
7839,達人網,399321,43.1,43.3,42.2,43.3
7842,天能綠電,110948,98.6,98.6,98.6,98.6
7856,漢測,2416485220,4580.0,4580.0,4255.0,4315.0
8024,佑華,356680,12.3,12.65,12.3,12.55
8027,鈦昇,1251412841,187.0,202.0,185.5,202.0
8032,光菱,3141393,35.7,36.15,35.0,35.8
8034,榮群,1339861,20.5,20.5,20.25,20.5
8038,長園科,2911311,32.5,32.7,32.25,32.45
8040,九暘,869194690,93.0,102.5,92.5,100.0
8042,金山電,243385902,113.0,113.0,110.5,111.5
8043,蜜望實,81351887,133.0,133.0,130.5,131.5
8044,網家,3529482,24.05,24.1,23.85,24.1
8047,星雲,14479906,49.2,51.0,49.2,51.0
8048,德勝,4476637,50.1,50.4,49.5,50.4
8049,晶采,3739047,24.3,24.7,24.3,24.5
8050,廣積,390444093,61.7,66.2,61.6,65.7
8054,安國,102092302,85.0,87.6,84.3,87.2
8059,凱碩,2093883,17.5,17.7,17.2,17.3
8064,東捷,3190071709,139.0,148.5,138.0,141.5
8066,來思達,152303,14.6,15.2,14.6,15.0
8067,志旭,47845,11.45,12.3,11.45,12.3
8068,全達,3478605,17.65,17.85,17.55,17.6
8069,元太,1213152089,141.0,144.5,138.5,142.5
8071,能率網通,3883163,21.65,22.15,21.65,21.85
8074,鉅橡,7708652,51.8,51.8,50.4,50.8
8076,伍豐,9757588,21.5,21.8,21.4,21.5
8077,洛碁,0,,,,
8080,泰霖,646884,28.05,28.05,27.95,28.0
8083,瑞穎,5635185,156.5,156.5,154.5,155.5
8084,巨虹,16137355,29.8,29.8,29.8,29.8
8085,福華,1464807,14.5,14.5,14.1,14.25
8086,宏捷科,81024451,110.0,111.0,109.0,110.0
8087,麗升能源,605763,23.4,23.4,23.0,23.0
8088,品安,7665856,41.9,42.55,41.75,42.25
8089,康全電訊,1734429,19.25,19.4,18.9,19.15
8091,翔名,51409371,216.0,220.0,216.0,220.0
8092,建暐,858560,12.75,12.85,12.5,12.55
8093,保銳,492386,22.55,25.0,22.55,23.85
8096,擎亞,405806462,84.6,89.2,84.4,88.7
8097,常珵,12900241,49.2,49.2,47.6,48.15
8099,大世科,1281688,59.8,60.1,59.4,59.8
8102,傑霖科技,0,,,,
8107,大億金茂,195228,12.15,12.15,12.0,12.05
8109,博大,22798012,133.0,135.0,131.5,134.5
8111,立碁,998418172,76.4,81.5,76.2,79.7
8121,越峰,114067052,30.65,32.75,30.0,31.9
8147,正淩,107165119,137.5,150.0,137.5,148.0
8155,博智,636926390,331.0,331.0,306.0,306.0
8171,天宇,4095167,20.55,20.75,20.45,20.6
8176,智捷,928367,9.78,9.8,9.69,9.78
8182,加高,65729987,41.25,42.6,41.0,41.2
8227,巨有科技,820490458,313.0,337.0,308.0,337.0
8234,新漢,17611999,61.7,62.5,61.6,62.1
8240,華宏,247321632,53.6,57.0,53.6,54.5
8255,朋程,38590158,142.5,145.0,142.0,145.0
8272,全景軟體,73000,65.5,65.5,65.5,65.5
8277,商丞,1815536,15.8,15.8,14.65,15.6
8279,生展,2454010,78.1,78.8,77.7,78.7
8284,三竹,893621,68.1,68.2,68.0,68.0
8289,泰藝,33094223,46.0,47.4,45.3,46.05
8291,尚茂,289621,28.8,28.9,28.8,28.9
8299,群聯,4722897060,2105.0,2135.0,2080.0,2115.0
8342,益張,583500,83.5,83.5,83.0,83.5
8349,恒耀,5506582,39.5,39.7,39.05,39.6
8349A,恒耀甲特,635350,45.45,45.45,45.3,45.35
8354,冠好,221320,16.9,16.95,16.75,16.9
8358,金居,6964094650,500.0,519.0,495.5,498.0
8383,千附,38052566,68.5,68.5,67.3,67.6
8390,金益鼎,25593392,89.0,91.1,89.0,89.4
8401,白紗科,196662,22.8,22.8,22.55,22.75
8403,盛弘,600545,18.95,19.05,18.9,19.05
8409,商之器,126252,18.0,18.0,18.0,18.0
8410,森田,822276,28.0,28.0,27.55,28.0
8415,大國鋼,20544661,35.45,35.75,35.15,35.15
8416,實威,606101,168.5,169.0,168.0,169.0
8421,旭源,333292,12.8,12.9,12.8,12.85
8423,保綠-KY,128496,18.05,18.1,18.05,18.05
8424,惠普,660978,70.8,71.2,70.0,70.0
8426,紅木-KY,860570,20.55,20.65,20.2,20.65
8431,匯鑽科,172233232,62.3,68.5,62.3,66.3
8432,東生華,3439558,50.6,50.8,50.0,50.6
8433,弘帆,377702,52.6,53.0,52.6,53.0
8435,鉅邁,762044,52.9,53.0,52.8,53.0
8436,大江,41424229,105.5,106.0,104.5,105.5
8437,大地-KY,1141930,10.4,10.55,10.0,10.1
8440,綠電,2371922,21.5,21.5,20.65,20.95
8444,綠河-KY,8804,4.4,4.4,4.4,4.4
8446,華研,1344381,84.7,84.7,84.2,84.4
8450,霹靂,410027,14.45,14.45,14.0,14.4
8455,大拓-KY,24349,22.1,22.1,22.1,22.1
8472,納維康,1312137,76.6,76.7,73.1,73.1
8477,創業家,135137,13.9,14.1,13.9,14.1
8489,三貝德,1392965,22.3,22.45,21.9,22.25
8905,裕國,468339,34.9,35.15,34.9,35.15
8906,花王,230954,29.0,29.0,28.5,28.8
8908,欣雄,1891396,40.25,40.3,40.0,40.25
8916,光隆,2979163,41.0,41.1,40.85,41.1
8917,欣泰,278299,55.0,55.0,54.0,54.5
8921,沈氏,0,,,,
8923,時報,201600,18.45,18.45,18.2,18.45
8924,大田,1573441,49.35,49.45,49.05,49.4
8927,北基,1403356,19.0,19.0,18.75,18.8
8928,鉅明,377642,23.35,23.35,22.85,22.9
8929,富堡,83839,12.95,12.95,12.85,12.9
8930,青鋼,583619,28.75,28.75,28.65,28.7
8931,大汽電,3558734,43.65,43.65,43.15,43.15
8932,智通*,66716175,92.2,93.9,92.1,93.4
8933,愛地雅,198961,4.55,4.6,4.45,4.58
8935,邦泰,4959592,18.0,19.3,17.5,19.3
8936,國統,27877714,52.3,52.5,51.8,51.9
8937,合騏*,9459384,26.2,26.2,25.0,25.1
8938,明安,2339661,52.5,52.8,52.1,52.7
8941,關中,137567,44.0,44.0,44.0,44.0
8942,森鉅,5375050,40.3,40.6,40.15,40.2
9949,琉園,231418,24.45,24.45,24.1,24.25
9950,萬國通,123704,10.25,10.25,10.2,10.25
9951,皇田,6418063,47.7,47.7,46.85,47.1
9960,邁達康,3099680,39.35,41.4,38.85,41.2
9962,有益,1526352,10.0,10.35,10.0,10.15
