code,name,trading_value,open_price,high_price,low_price,close_price
00411A,主動統一前沿科技,148065283,10.88,10.98,10.86,10.94
006201,元大富櫃50,15142557,48.62,49.0,48.51,48.96
00679B,元大美債20年,624748324,24.61,24.61,24.5,24.5
00687B,國泰20年美債,429468666,25.54,25.54,25.44,25.46
00687C,國泰20年美債+櫃U,301068,8.66,8.66,8.65,8.65
00694B,富邦美債1-3,63882762,41.84,41.84,41.6,41.66
00695B,富邦美債7-10,11589309,33.79,33.79,33.58,33.63
00696B,富邦美債20年,59241008,26.76,26.76,26.68,26.7
00697B,元大美債7-10,41775009,34.03,34.03,33.84,33.91
00719B,元大美債1-3,124793174,31.1,31.1,30.96,30.98
00720B,元大投資級公司債,151709800,30.68,30.68,30.59,30.61
00722B,群益投資級電信債,131729083,32.99,32.99,32.89,32.9
00723B,群益投資級科技債,5517760,28.23,28.23,28.1,28.11
00724B,群益投資級金融債,148631137,31.49,31.49,31.35,31.37
00725B,國泰投資級公司債,127935817,32.74,32.74,32.61,32.63
00726B,國泰新興投等債,4897379,30.9,30.91,30.88,30.91
00727B,國泰優選非投等債,5352257,38.88,38.88,38.81,38.84
00734B,台新JPM新興債,1786030,14.83,14.83,14.76,14.76
00740B,富邦全球投等債,47769252,35.77,35.77,35.67,35.69
00741B,富邦全球非投等債,7558283,36.6,36.6,36.4,36.52
00746B,富邦A級公司債,11037463,33.17,33.17,33.07,33.08
00749B,凱基新興債10+,2957250,29.25,29.28,29.25,29.28
00750B,凱基科技債10+,3077460,30.46,30.47,30.46,30.47
00751B,元大AAA至A公司債,174795851,28.76,28.77,28.67,28.68
00754B,群益AAA-AA公司債,4440913,30.22,30.22,30.19,30.2
00755B,群益投資級公用債,3330943,30.25,30.28,30.22,30.22
00756B,群益投等新興公債,7078730,28.71,28.71,28.59,28.6
00758B,復華能源債,4808000,48.08,48.08,48.08,48.08
00759B,復華製藥債,5054043,50.5,50.5,50.5,50.5
00760B,復華新興企業債,5775078,49.77,49.8,49.55,49.76
00761B,國泰A級公司債,6319570,31.82,31.82,31.69,31.69
00764B,群益25年美債,318133820,25.46,25.46,25.41,25.42
00768B,復華20年美債,104667530,45.77,45.77,45.56,45.58
00772B,中信高評級公司債,84643614,31.06,31.06,30.94,30.96
00773B,中信優先金融債,44653823,33.26,33.26,33.11,33.14
00777B,凱基AAA至A公司債,3322485,29.83,29.87,29.83,29.86
00778B,凱基金融債20+,3254790,31.61,31.61,31.57,31.57
00779B,凱基美債25+,9543608,25.7,25.7,25.63,25.63
00780B,國泰A級金融債,3881932,34.71,35.23,34.71,35.22
00781B,國泰A級科技債,3831667,25.64,25.64,25.57,25.57
00782B,國泰A級公用債,13949372,28.27,28.27,28.16,28.17
00785B,富邦金融投等債,1706987,32.66,32.66,32.6,32.6
00786B,元大10年IG銀行債,2083906,30.5,30.5,30.4,30.42
00787B,元大10年IG醫療債,316576,30.18,30.18,30.06,30.08
00788B,元大10年IG電能債,224795,27.96,27.96,27.95,27.95
00789B,復華公司債A3,4420747,44.15,44.15,44.15,44.15
00791B,復華信用債1-5,5605000,56.05,56.05,56.05,56.05
00792B,群益A級公司債,4057979,28.96,29.01,28.92,28.92
00795B,中信美國公債20年,170276023,24.7,24.7,24.63,24.64
00799B,國泰A級醫療債,5949126,27.36,27.36,27.3,27.31
00834B,第一金金融債10+,3188010,31.87,31.87,31.87,31.87
00836B,永豐10年A公司債,53691,26.34,26.34,26.34,26.34
00840B,凱基IG精選15+,2770420,27.42,27.43,27.42,27.43
00841B,凱基AAA-AA公司債,2675526,26.21,26.22,26.09,26.09
00842B,台新美元銀行債,8787127,28.11,28.15,27.97,27.97
00844B,台新15年IG金融債,2332372,29.1,29.1,29.1,29.1
00845B,富邦新興投等債,3158536,31.24,31.24,31.22,31.22
00846B,富邦歐洲銀行債,3531020,33.89,33.89,33.88,33.88
00848B,中信新興亞洲債,6544733,32.03,32.07,32.03,32.07
00849B,中信EM主權債0-5,8133151,37.27,37.27,37.09,37.12
00853B,統一美債10年Aa-A,26551043,25.42,25.42,25.36,25.36
00856B,永豐1-3年美公債,394463,37.12,37.14,37.12,37.14
00857B,永豐20年美公債,23029343,21.25,21.25,21.16,21.18
00858,永豐美國500大,11363585,36.3,36.4,36.28,36.3
00859B,群益0-1年美債,133899542,40.84,40.84,40.58,40.64
00860B,群益1-5Y投資級債,4835939,37.73,37.73,37.66,37.68
00862B,中信投資級公司債,6768512,29.07,29.07,29.01,29.01
00863B,中信全球電信債,6034402,29.35,29.35,29.32,29.32
00864B,中信美國公債0-1,73567501,46.3,46.3,46.1,46.18
00867B,台新A-BBB電信債,44703,28.41,28.41,28.41,28.41
00870B,元大15年EM主權債,1194749,25.98,25.98,25.96,25.96
00877,復華中國5G,50766192,34.92,34.99,34.8,34.87
00884B,中信低碳新興債,5828546,27.18,27.2,27.18,27.19
00886,永豐美國科技,1022502,49.75,49.75,49.75,49.75
00887,永豐中國科技50大,47469018,15.0,15.12,15.0,15.03
00888,永豐台灣ESG,366222563,37.24,37.42,36.92,36.96
00890B,凱基ESG BBB債15+,3118516,29.91,29.94,29.83,29.83
00928,中信上櫃ESG 30,38844275,35.37,35.72,35.15,35.61
00931B,統一美債20年,40650667,12.42,12.42,12.39,12.4
00933B,國泰10Y+金融債,178733212,14.91,14.91,14.85,14.86
00937B,群益ESG投等債20+,896920809,13.67,13.68,13.61,13.62
00942B,台新美A公司債20+,28429896,13.13,13.13,13.06,13.09
00948B,中信優息投資級債,39959848,8.77,8.77,8.73,8.74
00950B,凱基A級公司債,66156490,13.06,13.08,12.99,13.0
00955,中信日本商社,44323898,15.95,15.95,15.81,15.87
00957B,兆豐US優選投等債,4163736,12.42,12.42,12.37,12.37
00958B,永豐ESG銀行債15+,2153672,8.6,8.6,8.54,8.56
00959B,大華投等美債15Y+,14165640,8.67,8.68,8.64,8.64
00966B,統一ESG投等債15+,8727308,12.92,12.92,12.83,12.85
00967B,元大優息美債,5844147,8.63,8.63,8.46,8.47
00968B,元大優息投等債,8398879,8.6,8.61,8.58,8.59
00969B,元大零息超長美債,4697359,7.38,7.39,7.34,7.36
00970B,台新BBB投等債20+,14538569,8.67,8.67,8.62,8.62
009806,台新標普500,169567,13.79,13.79,13.77,13.77
009807,台新標普科技精選,1386187,18.2,18.25,18.2,18.23
00980B,台新特選IG債10+,3213416,8.79,8.79,8.75,8.76
00980D,主動聯博投等入息,18458136,19.42,19.42,19.37,19.38
00980T,平衡凱基美國TOP,5726077,12.11,12.16,12.11,12.14
009814,富邦標普500,16952287,11.45,11.48,11.43,11.44
009815,大華美國MAG7+,21834708,12.18,12.2,12.13,12.15
00981B,第一金優選非投債,139221611,8.96,8.96,8.91,8.92
00981D,主動中信非投等債,67311546,10.1,10.1,10.03,10.05
009822,華南永昌未來金融,15165891,9.31,9.35,9.3,9.31
009823,群益S&P500,48993372,10.52,10.53,10.49,10.49
009825,聯邦美國金融創新,3293047,9.66,9.66,9.62,9.64
00982B,FT投資級債20+,55117,9.02,9.02,9.02,9.02
00983B,大華優利美公債20,6779138,14.37,14.37,14.3,14.3
00984B,大華優利美A債15,13163347,15.06,15.07,14.99,14.99
00985D,主動貝萊德優投等,12779211,9.44,9.45,9.41,9.42
00986B,FT金融債10+,246626,9.15,9.15,9.11,9.15
00986D,主動復華金融債息,9439247,13.88,13.88,13.81,13.83
00987B,野村10+澳洲公債,26313111,15.16,15.21,15.13,15.17
00987D,主動統一美債量化,26592880,9.48,9.48,9.43,9.43
00988B,玉山嚴選非投債,28420783,19.1,19.1,19.01,19.02
00989B,台新美國非投等債,45642354,9.83,9.84,9.8,9.82
00990B,國泰收益非投等債,22696704,9.83,9.84,9.79,9.81
00998A,主動復華金融股息,213374666,16.21,16.21,16.12,16.15
020001,富邦存股雙十N,0,,,,
020025,統一亞洲半導體N,9405880,42.0,42.0,41.75,41.82
020033,統一恒生科期N,53280,3.31,3.34,3.31,3.34
020035,元大上櫃ESG高息N,28000,14.0,14.0,14.0,14.0
020040,元大上櫃ESG龍頭N,0,,,,
020041,兆豐半導體氣候N,2859760,22.45,22.63,22.45,22.56
1240,茂生農經,3377808,54.0,54.2,53.8,53.9
1259,安心,46944,,,,
1264,德麥,4747609,246.0,246.5,245.0,246.5
1268,漢來美食,1770662,177.0,177.0,176.0,176.0
1294,漢田生技,1699518,49.75,49.9,49.4,49.8
1295,生合,2649118,49.0,49.25,48.65,49.05
1336,台翰,4862076,18.25,18.25,17.55,18.0
1565,精華,12392254,97.2,97.2,96.5,96.7
1569,濱川,523379245,68.7,71.0,67.5,68.5
1570,力肯,404123,32.7,32.7,32.5,32.5
1580,新麥,10241300,97.1,97.1,95.5,95.8
1584,精剛,12122066,18.6,18.7,18.05,18.1
1586,和勤,7199147,17.95,18.0,17.65,17.8
1591,駿吉-KY,16759620,42.2,42.2,40.5,41.85
1593,祺驊,495776,31.6,31.6,31.4,31.4
1595,川寶,267359879,79.4,79.4,71.6,73.5
1599,宏佳騰,412829,23.15,23.2,22.9,23.1
1742,台蠟,741469,17.35,17.5,17.35,17.35
1777,生泰,1063226,74.0,74.4,74.0,74.4
1780,立弘,1254575,25.05,25.25,24.85,25.15
1781,合世,350989,9.99,9.99,9.8,9.8
1784,訊聯,5110638,59.9,60.2,59.0,59.5
1785,光洋科,626049409,105.0,105.0,102.5,102.5
1788,杏昌,1699535,127.5,128.0,127.5,128.0
1796,金穎生技,118262,29.5,29.5,29.5,29.5
1799,易威,5807299,29.2,29.2,28.5,28.6
1813,寶利徠,64396,11.3,11.3,11.25,11.25
1815,富喬,9287960440,124.5,128.5,123.5,128.5
2035,唐榮,2380,,,,
2061,風青,360223676,69.3,71.8,63.6,65.2
2063,世鎧,1123400,23.65,23.9,23.5,23.8
2064,晉椿,4329900,12.0,12.35,11.9,11.95
2065,世豐,2391218,35.75,35.75,35.5,35.55
2066,世德,1767869,52.4,52.6,52.0,52.4
2067,嘉鋼,216593,4.93,5.0,4.81,4.89
2070,精湛,5823020,64.1,64.1,62.5,62.6
2073,雄順,51200,25.6,25.6,25.6,25.6
2221,大甲,146915298,189.0,191.0,181.0,186.0
2230,泰茂,2824017,22.05,22.4,21.7,21.8
2235,謚源,163050,27.15,27.2,27.15,27.2
2596,綠意,2563172,34.8,35.25,34.1,34.3
2640,大車隊,9044687,156.5,156.5,153.0,154.0
2641,正德,27885010,17.5,17.5,17.2,17.25
2643,捷迅,662586,61.8,62.6,61.8,62.6
2718,全心投控,253442,40.4,40.45,40.3,40.3
2719,燦星旅,98410,19.7,19.8,19.4,19.4
2724,藝舍-KY,14477,12.45,12.45,12.45,12.45
2726,雅茗-KY,183910,8.03,8.03,7.97,8.0
2729,瓦城,2836146,155.0,155.0,154.0,154.5
2732,六角,1162912,63.4,63.5,63.1,63.3
2734,易飛網,1019302,14.3,14.4,14.2,14.35
2736,富野,103978,11.3,11.3,11.2,11.2
2740,華軒,167474,30.2,30.95,30.0,30.95
2743,山富,5620809,52.3,52.3,51.0,51.3
2745,五福,3304541,84.6,84.9,84.2,84.9
2751,王座,392664,52.3,53.0,52.0,53.0
2752,豆府,3528455,177.5,177.5,176.0,176.0
2754,亞洲藏壽司,3916658,69.4,69.4,67.0,67.2
2755,揚秦,4321795,99.0,100.0,98.8,99.5
2756,聯發國際,272473,62.9,62.9,60.9,62.0
2916,滿心,1739489,40.6,40.6,40.45,40.5
2924,宏太-KY,57250,18.95,19.3,18.95,19.3
2926,誠品生活,259587,29.45,30.1,29.45,30.1
2937,集雅社,8689,,,,
2938,床的世界,1392573,18.4,18.6,18.05,18.15
2941,米斯特,31085,30.75,30.75,30.75,30.75
2947,振宇五金,1511997,61.5,61.5,60.9,61.0
2948,寶陞,146550,36.5,37.25,35.9,37.25
2949,欣新網,83952,62.5,62.5,62.5,62.5
3064,泰偉,252845,15.8,15.8,14.25,14.3
3066,李洲,44076281,29.2,29.65,28.05,28.05
3067,全域,0,,,,
3071,協禧,4307439,23.0,23.05,22.7,22.7
3073,天方能源,401764,20.8,20.8,20.45,20.55
3078,僑威,22057847,45.95,46.2,45.65,46.0
3081,聯亞,21282318945,3000.0,3105.0,2900.0,3000.0
3083,網龍,690450,24.0,24.0,23.75,23.75
3086,華義*,2829845,28.95,28.95,27.35,27.4
3088,艾訊,103764041,133.5,136.0,132.0,134.5
3093,港建*,13219828,47.3,47.3,45.9,46.7
3095,及成,41831,33.5,33.5,33.5,33.5
3105,穩懋,29694939981,614.0,630.0,604.0,615.0
3114,好德,83455083,42.7,43.6,42.05,43.6
3115,富榮綱,22142,8.59,8.59,8.5,8.5
3118,進階,485040,31.7,31.7,31.0,31.2
3122,笙泉,1351530,24.2,24.2,23.3,23.35
3128,昇銳,1602896,20.5,20.5,20.0,20.05
3131,弘塑,1370590160,2470.0,2580.0,2455.0,2530.0
3141,晶宏,317929413,88.1,92.6,87.7,88.0
3147,大綜,393774486,264.5,275.0,257.0,275.0
3152,璟德,34356811,237.5,240.5,235.0,240.0
3158,嘉實,884314,85.6,86.3,85.5,86.0
3162,精確,246055920,89.2,90.0,86.2,86.9
3163,波若威,3582465379,722.0,725.0,707.0,709.0
3169,亞信,23590916,115.5,115.5,113.0,113.5
3171,炎洲流通,371020,57.3,57.5,57.2,57.2
3176,基亞,16891341,37.8,38.25,37.35,38.25
3178,公準,20869657,72.1,72.8,69.1,69.8
3188,鑫龍騰,9056458,23.0,23.0,22.65,22.65
3191,雲嘉南,366201,17.45,17.5,17.0,17.0
3205,佰研,1213232,47.1,47.4,46.9,47.0
3206,志豐,1722298,34.05,34.7,33.8,34.0
3207,耀勝,8682540,40.5,41.0,39.2,40.0
3211,順達,1538136983,404.0,406.5,394.0,399.0
3213,茂訊,39987469,123.5,126.0,123.5,125.5
3217,優群,32955046,130.0,130.0,128.5,129.0
3218,大學光,26542826,133.5,134.0,132.5,133.5
3219,倚強科,133334251,129.0,131.0,125.5,128.0
3221,台嘉碩,482585679,56.3,59.1,55.6,55.7
3224,三顧,2011842,31.8,32.45,31.35,31.45
3226,龍鋒,687010,62.5,62.8,61.7,62.8
3227,原相,180656969,189.0,190.0,187.5,188.5
3228,金麗科,61421034,177.0,177.0,171.5,172.0
3230,錦明,23763948,41.95,41.95,40.5,40.75
3232,昱捷,351295,20.6,20.6,20.25,20.25
3234,光環,796659724,185.0,190.0,178.5,180.0
3236,千如,1373351157,54.0,57.7,52.5,53.5
3252,海灣,245140,15.4,15.4,15.1,15.3
3259,鑫創,1701227,12.85,13.4,12.85,13.0
3260,威剛,1710319312,382.5,384.0,376.0,378.0
3264,欣銓,4735915155,249.0,249.0,239.5,241.5
3265,台星科,311413813,191.5,193.0,185.0,188.0
3268,海德威,24009235,21.9,23.75,21.9,23.1
3272,東碩,204058,14.3,14.3,14.1,14.15
3276,宇環,738066,14.4,14.4,14.1,14.15
3284,太普高,17938299,20.2,22.1,19.8,21.6
3285,微端,1072108,42.0,42.0,41.75,41.95
3287,廣寰科,20691992,42.65,42.65,40.55,40.55
3288,點晶,347297,21.05,21.95,21.0,21.55
3289,宜特,159311073,144.5,144.5,140.5,141.0
3290,東浦,28654567,51.0,51.3,49.6,49.95
3293,鈊象,1086296401,797.0,798.0,787.0,794.0
3294,英濟,23968856,33.25,33.3,32.35,32.35
3297,杭特,7852207,32.85,33.4,31.8,32.1
3303,岱稜,8677176,49.2,49.2,48.75,48.9
3306,鼎天,3118203,47.1,47.8,47.05,47.5
3310,佳穎,764473,68.6,68.6,67.0,67.6
3313,斐成,953020,10.4,10.5,10.3,10.3
3317,尼克森,476077108,67.5,71.8,67.3,71.8
3322,建舜電,4057276,11.35,11.35,10.95,11.2
3323,加百裕,26283914,30.8,31.05,30.0,30.6
3324,雙鴻,7033713525,1515.0,1575.0,1490.0,1550.0
3325,旭品,1300083,11.8,11.95,11.6,11.6
3332,幸康,2068334,64.5,65.0,64.0,64.9
3339,泰谷,84236523,47.3,47.9,45.9,45.9
3349,寶德,1651838,19.5,19.5,18.6,19.0
3354,律勝,136192528,30.3,33.1,29.45,31.6
3357,臺慶科,523240811,222.0,227.0,217.5,218.0
3360,尚立,4446104,15.7,15.75,15.25,15.3
3362,先進光,1474874790,178.0,193.0,178.0,191.0
3363,上詮,1978909972,682.0,688.0,663.0,664.0
3372,典範,13439759,16.9,16.95,16.3,16.35
3373,熱映,613795,16.1,16.1,15.9,15.9
3374,精材,1770438320,478.5,505.0,471.5,498.5
3379,彬台,1148413,28.35,28.45,27.5,27.7
3388,崇越電,48325646,85.0,87.2,84.1,84.6
3390,旭軟,3468185,22.5,22.6,22.0,22.2
3402,漢科,105071248,140.5,142.5,139.5,140.0
3430,奇鈦科,34075448,114.5,116.0,112.5,113.0
3434,哲固,2301887,31.5,31.5,30.5,31.0
3438,類比科,4219206,62.7,63.1,61.7,61.8
3441,聯一光,2187402309,215.0,232.0,215.0,232.0
3444,利機,33567626,81.4,81.4,76.8,77.0
3455,由田,2534882635,286.0,295.5,274.0,283.5
3465,進泰電子,478979,30.05,30.05,29.65,29.85
3466,德晉,3404340,24.05,24.3,24.0,24.3
3467,台灣精材,56165009,73.6,74.8,70.5,71.1
3479,安勤,72051159,137.0,138.5,136.0,136.0
3483,力致,88709986,81.5,84.8,79.9,81.3
3484,崧騰,16386348,49.4,49.45,48.55,49.15
3485,敘豐,28437320,217.0,219.5,213.5,217.0
3489,森寶,2034383,23.25,23.3,22.85,22.95
3490,單井,394881605,49.7,50.0,46.1,46.15
3491,昇達科,3752701095,1530.0,1630.0,1515.0,1630.0
3492,長盛,1457984,19.45,19.85,19.45,19.7
3498,陽程,1099551562,215.0,236.5,214.0,236.5
3499,環天科,1606766,13.8,13.8,13.2,13.5
3508,位速,10899522,25.85,26.15,24.75,24.9
3511,矽瑪,6003774,19.75,20.5,19.75,20.25
3512,皇龍,768006,19.05,19.1,18.95,18.95
3516,亞帝歐,1961955,25.9,26.3,25.4,26.25
3520,華盈,15478619,17.7,18.85,17.5,18.05
3521,台鋼建設,1271523,11.8,11.8,11.55,11.55
3522,御嵿,648942,12.4,12.45,12.0,12.15
3523,迎輝,328021,14.25,14.25,13.75,14.1
3526,凡甲,43007488,277.0,277.0,274.0,276.0
3527,聚積,2823190,51.5,51.7,50.9,50.9
3529,力旺,3147146985,3220.0,3250.0,3145.0,3155.0
3531,先益,64607,21.25,21.25,21.15,21.15
3537,堡達,35528124,57.3,57.5,55.6,56.0
3540,曜越,40050406,23.65,25.15,23.45,24.6
3541,西柏,1303903,24.55,24.85,24.4,24.6
3546,宇峻,8945322,73.2,73.3,72.0,72.2
3548,兆利,39903751,77.2,77.2,75.6,75.6
3551,世禾,325332334,202.5,205.0,198.0,199.0
3552,同致,21392033,46.1,46.1,44.2,44.4
3555,博士旺,6060943,168.0,169.0,166.0,166.5
3556,禾瑞亞,10457660,60.0,60.0,58.3,58.5
3558,神準,20974480,132.0,132.0,130.0,130.5
3564,其陽,55035507,61.7,61.7,61.7,61.7
3567,逸昌,1434372,26.35,26.35,25.9,26.0
3570,大塚,1925482,170.0,170.0,169.0,169.5
3577,泓格,37005866,114.5,115.0,112.0,112.0
3580,友威科,121239449,111.0,111.5,106.0,108.0
3581,博磊,87386440,118.5,120.5,116.0,117.5
3587,閎康,335291489,249.5,261.0,245.5,257.5
3594,磐儀,18585705,47.65,47.65,46.1,46.2
3597,映興,36825534,28.35,30.45,28.35,30.45
3609,三一東林,2165695,22.8,24.0,22.6,23.65
3611,鼎翰,11066863,184.0,184.0,182.5,182.5
3615,安可,104399179,45.4,45.8,43.85,44.45
3623,富晶通,5137985,30.55,31.2,29.95,30.05
3624,光頡,2228161892,151.0,154.5,145.5,145.5
3625,西勝,12869496,11.4,11.4,10.05,10.4
3628,盈正,6824723,72.9,72.9,71.5,72.2
3629,地心引力,69967,13.7,13.7,13.35,13.35
3630,新鉅科,24292836,27.0,27.6,26.85,27.3
3631,晟楠,9391486,41.45,42.25,40.7,40.85
3632,研勤,192692,7.08,7.08,7.05,7.05
3646,艾恩特,26822,25.2,25.2,25.2,25.2
3663,鑫科,48319571,65.7,65.7,63.2,63.2
3664,安瑞-KY,119708,7.68,8.0,7.68,8.0
3666,光耀,2407155,25.1,25.3,25.0,25.3
3672,康聯訊,99857,12.25,12.3,11.4,12.3
3675,德微,1166631245,363.5,377.0,348.0,349.0
3680,家登,1181188652,566.0,573.0,558.0,561.0
3684,榮昌,1733758,55.0,55.2,52.8,55.2
3685,元創精密,64198699,36.0,37.1,35.45,36.1
3687,歐買尬,2310779,61.2,61.5,60.7,60.8
3689,湧德,77606632,113.5,114.5,112.5,113.0
3691,碩禾,183730539,113.0,113.0,105.0,105.5
3693,營邦,1038191207,670.0,692.0,650.0,689.0
3707,漢磊,4969499860,87.8,91.7,84.8,85.3
3709,鑫聯大投控,20677270,66.6,66.6,64.4,64.4
3710,連展投控,1293805,8.05,8.19,8.02,8.19
3713,新晶投控,588246,14.0,14.0,13.25,13.55
3718,中光電投控,125223475,66.0,66.3,64.9,65.0
4102,永日,769054,18.5,18.5,17.75,18.0
4105,東洋,29604166,78.9,79.1,78.2,78.3
4107,邦特,5760936,110.0,110.5,109.5,110.5
4109,加捷生醫,79433585,11.0,11.0,10.9,10.9
4111,濟生,1488363,28.85,29.0,28.75,29.0
4113,聯上,12230427,15.25,15.25,14.7,14.8
4114,健喬,39746252,29.4,29.4,29.05,29.05
4116,明基醫,1563696,40.2,40.2,39.9,40.0
4120,友華,1344572,46.1,46.5,45.9,46.0
4121,優盛,310316,12.9,12.9,12.65,12.7
4123,晟德,40265490,31.25,31.25,30.7,30.85
4126,太醫,1731235,77.9,77.9,77.6,77.6
4127,天良,21870339,45.65,45.65,42.65,43.3
4128,中天,37230050,15.4,16.0,15.25,15.45
4129,聯合,12566138,82.5,82.5,81.9,82.2
4131,浩泰,1646519,29.95,31.6,29.7,30.85
4138,曜亞,1910286,54.6,54.7,53.3,53.5
4139,馬光-KY,2831181,42.45,43.2,42.0,43.0
4147,中裕,62581183,61.4,61.7,59.8,60.0
4153,鈺緯,888943,31.6,31.6,31.3,31.4
4154,樂威科-KY,371700,11.25,11.85,11.25,11.85
4157,太景*-KY,9246361,8.68,8.68,8.52,8.52
4160,訊聯基因,1382283,38.5,38.8,38.4,38.4
4161,聿新科,606363,21.8,21.95,21.5,21.7
4162,智擎,15135480,56.0,56.0,55.0,55.0
4163,鐿鈦,8437785,134.0,137.0,133.5,136.0
4166,友霖,1451695,24.75,24.75,24.3,24.3
4167,松瑞藥,8922976,19.6,19.65,19.35,19.45
4168,醣聯,3839203,22.5,23.55,22.5,22.8
4171,瑞基,2802545,16.9,17.15,16.35,16.85
4173,久裕,348930,17.2,17.3,17.2,17.3
4174,浩鼎,85896432,45.0,46.2,43.1,46.2
4175,杏一,972472,50.7,51.6,50.7,50.8
4183,福永生技,15368,14.75,14.75,14.75,14.75
4188,安克,923428,14.2,14.2,13.75,13.85
4192,杏國,996711,18.1,18.25,17.75,17.8
4198,欣大健康,111569,47.35,48.95,47.35,48.95
4205,中華食,6582297,68.4,68.4,67.7,67.8
4207,環泰,2899415,19.35,19.5,19.25,19.45
4303,信立,37932474,33.35,33.35,32.0,32.0
4304,勝昱,893163,17.0,17.1,16.75,17.0
4305,世坤,0,,,,
4401,東隆興,441602,14.0,14.0,13.75,13.8
4402,郡都開發,350405,14.15,14.15,13.55,13.55
4406,新昕纖,120350,10.1,10.1,10.0,10.0
4413,飛寶企業,171035,20.3,20.3,19.9,19.9
4416,三圓,6113360,12.85,12.9,12.65,12.75
4417,金洲,4125742,49.35,49.35,48.8,49.2
4419,皇家美食,72716,49.95,49.95,49.95,49.95
4420,光明,1685855,35.15,35.2,35.15,35.2
4430,耀億,673886,17.85,17.85,17.75,17.75
4432,銘旺實,216182,15.35,15.6,15.25,15.3
4433,興采,1624691,17.9,17.95,17.6,17.7
4442,竣邦-KY,659156,53.4,53.4,53.2,53.2
4502,健信,697385,15.65,15.75,15.4,15.75
4503,金雨,4302483,24.15,24.3,23.9,23.9
4506,崇友,11103787,117.5,119.0,117.0,117.5
4510,高鋒,32280434,43.85,43.85,42.65,42.65
4513,福裕,2234117,16.25,16.25,16.05,16.1
4523,永彰,572027,23.9,23.9,23.7,23.75
4528,江興鍛,320544,15.05,15.1,14.75,14.8
4529,淳紳,69226,3.28,3.3,3.28,3.3
4530,天意能創,252795,24.0,24.65,23.3,24.6
4533,協易機,17285035,26.0,26.0,25.45,25.55
4534,慶騰,21431802,30.0,30.75,29.85,30.3
4535,至興,272370,26.55,26.9,26.4,26.9
4538,大詠城,215964,17.4,17.5,17.25,17.25
4541,晟田,43154632,61.4,61.5,60.3,60.8
4542,科嶠,290028511,348.0,365.0,340.0,358.0
4543,萬在,3086915,30.25,30.25,29.75,30.15
4549,桓達,6453839,99.5,99.5,97.7,98.8
4550,長佳,68208,24.0,24.2,24.0,24.2
4554,橙的,1744071,28.1,28.1,27.8,27.85
4556,旭然,366744081,117.0,125.5,114.5,125.5
4558,寶緯,206477,16.8,16.95,16.75,16.75
4561,健椿,8000572,44.0,44.0,42.4,42.8
4563,百德,10434091,53.6,54.0,51.9,54.0
4568,科際精密,549300,39.0,39.2,39.0,39.05
4577,達航科技,39169140,93.7,93.9,91.5,92.5
4580,捷流閥業,4864641,81.6,82.6,81.6,82.4
4584,君帆,0,,,,
4609,唐鋒,34691,4.45,4.45,4.31,4.31
4702,中美實,531827,9.3,9.35,9.27,9.3
4706,大恭,793845,34.7,35.7,34.7,35.7
4707,磐亞,121458882,30.15,31.8,29.55,30.25
4711,永純,4416788,16.55,17.2,16.35,16.8
4714,永捷,24471848,12.6,12.6,11.9,11.95
4716,大立,106756931,19.05,19.65,18.35,19.05
4721,美琪瑪,45612805,82.2,82.2,80.6,80.9
4726,永昕,2547360,23.2,23.3,22.95,22.95
4728,雙美,7954749,392.0,398.0,391.5,395.0
4729,熒茂,9420590,20.0,20.45,19.8,19.8
4735,豪展,1547334,36.0,36.25,35.9,36.05
4741,泓瀚,5896684,42.0,42.0,40.4,40.5
4743,合一,153479994,47.3,49.6,46.65,47.1
4744,皇將,425329,28.3,28.4,28.0,28.35
4745,合富-KY,340200,12.15,12.2,12.1,12.15
4747,強生*,395398,23.0,23.1,22.85,22.85
4749,新應材,1249296254,803.0,812.0,788.0,806.0
4754,國碳科,965561,38.4,38.45,37.95,37.95
4760,勤凱,163453335,348.5,348.5,348.5,348.5
4767,誠泰科技,85321,28.6,28.6,28.05,28.5
4768,晶呈科技,358592248,378.0,383.0,364.5,365.0
4772,台特化,771126777,290.0,290.0,277.5,278.0
4806,桂田文創,1064513,13.2,13.2,12.1,12.1
4903,聯光通,198333633,46.0,46.2,43.35,43.8
4905,台聯電,45031716,95.2,101.5,95.2,97.1
4907,富宇,8112220,44.5,45.2,42.0,42.8
4908,前鼎,2359369385,234.0,242.0,228.0,234.5
4909,新復興,10246826,37.2,37.4,36.5,37.3
4911,德英,259208,28.15,28.25,28.15,28.25
4923,力士,114979546,66.0,66.5,63.6,64.1
4924,欣厚-KY,4204026,15.95,16.15,14.55,15.0
4931,新盛力,971263970,253.0,257.5,250.0,250.0
4933,友輝,5468989,53.7,54.7,53.2,54.0
4939,亞電,502750759,79.7,80.7,78.4,78.6
4946,辣椒,1245603,99.8,99.8,98.1,98.8
4950,金耘國際,143,,,,
4951,精拓科,20482081,91.1,92.3,89.8,90.1
4953,緯致,25969985,118.0,118.0,116.5,116.5
4966,譜瑞-KY,239944562,580.0,580.0,573.0,574.0
4971,IET-KY,2056126853,601.0,607.0,582.0,584.0
4972,湯石照明,765121,16.25,16.65,16.15,16.2
4973,廣穎,66238036,141.0,141.0,138.0,138.0
4974,亞泰,8897785,71.3,71.4,70.6,71.1
4979,華星光,784508269,605.0,605.0,580.0,598.0
4991,環宇-KY,5402940503,547.0,547.0,519.0,524.0
4995,晶達,4654028,48.8,48.8,46.35,47.3
5009,榮剛,69746265,32.85,33.0,32.35,32.45
5011,久陽,23021325,21.6,22.45,21.6,22.45
5013,強新,11473925,51.5,51.5,51.5,51.5
5014,建錩,2679352,10.2,10.2,10.0,10.0
5015,華祺,5027909,23.5,24.25,22.8,23.45
5016,松和,10346396,28.95,28.95,27.0,27.0
5201,凱衛,1057634,28.75,28.75,27.1,27.35
5202,力新,6173525,14.25,14.3,13.65,13.7
5205,中茂,525092,23.5,25.05,23.0,25.05
5206,坤悅,2612719,22.7,22.85,22.5,22.6
5209,新鼎,14521967,177.0,178.0,174.5,174.5
5210,寶碩,10084725,30.65,30.7,29.75,29.8
5211,蒙恬,538414,21.3,21.3,20.8,20.9
5212,凌網,596093,49.0,49.2,49.0,49.0
5213,亞昕,19466326,20.5,20.5,20.0,20.15
5220,萬達光電,3944577,23.2,23.25,22.15,22.7
5223,安力-KY,115250,22.95,23.3,22.95,23.0
5227,立凱-KY,25835350,31.0,31.0,28.8,28.95
5228,鈺鎧,175898442,52.0,52.8,47.45,47.75
5230,雷笛克光學,12087547,22.95,23.15,22.35,22.35
5245,智晶,1997564,21.15,21.15,20.5,20.55
5251,天鉞電,2584562,29.85,29.95,29.25,29.4
5263,智崴,16084140,91.1,91.4,89.4,90.6
5272,笙科,932516,17.75,18.0,17.7,17.9
5274,信驊,2452681410,19100.0,19770.0,19100.0,19520.0
5276,達輝-KY,20505,18.15,18.15,18.15,18.15
5278,尚凡*,2566332,23.7,23.8,23.45,23.6
5287,數字,10673823,137.5,137.5,136.5,137.5
5289,宜鼎,1420441395,1305.0,1320.0,1290.0,1295.0
5291,邑昇,52266475,62.5,65.9,62.1,64.5
5299,杰力,55142427,106.0,108.5,105.0,105.0
5302,太欣,2467487,10.1,10.2,9.88,9.88
5309,系統電,905332373,67.0,69.0,65.2,67.1
5310,天剛,1543883,29.6,29.85,28.35,29.7
5312,寶島科,3376179,89.7,89.7,89.0,89.7
5314,世紀*,1023728594,30.1,30.2,28.55,28.7
5315,光聯,1941766,18.9,18.95,18.85,18.85
5321,美而快,16794480,69.7,69.7,66.9,67.1
5324,士開,1085631,12.4,12.45,12.4,12.4
5328,華容,409670929,60.8,60.8,57.6,58.1
5340,建榮,520530485,84.2,88.1,83.9,85.5
5344,立衛,764910,13.6,13.65,13.5,13.55
5345,馥鴻,846783,21.6,23.2,21.6,22.1
5347,世界,2875005729,188.5,189.0,183.0,184.0
5348,正能量智能,379203,16.35,17.35,15.8,17.05
5351,鈺創,1540267547,116.5,116.5,113.5,114.0
5353,台林,3138372,28.75,30.0,28.75,29.5
5355,佳總,2892850,7.39,8.14,7.39,7.87
5356,協益,836087,25.8,25.95,25.75,25.8
5364,力麗店,282497,8.27,8.32,8.26,8.3
5381,光譜,14357304,23.65,23.65,22.8,22.9
5386,青雲,190187350,295.0,295.0,290.0,290.5
5392,能率,36565474,40.5,40.5,39.2,39.2
5398,慕康生醫,943604,13.7,13.8,13.6,13.65
5403,中菲,6362495,92.9,92.9,92.0,92.5
5410,國眾,6658954,33.1,33.1,32.85,32.9
5425,台半,3687252076,110.0,112.0,104.0,105.5
5426,振發,28765277,30.45,30.8,29.05,29.15
5432,新門,120577140,170.0,179.0,164.5,178.0
5438,東友,705511,17.6,17.6,17.1,17.1
5439,高技,711445147,257.0,263.0,256.5,261.0
5443,均豪,250143916,114.5,115.5,112.5,114.5
5450,南良,3269612,14.7,14.8,14.4,14.45
5452,佶優,90495472,28.25,30.7,27.65,30.0
5455,昇益,319795,30.7,30.8,30.0,30.8
5457,宣德,12442980,24.8,24.8,24.0,24.0
5460,同協,3354522,17.4,17.75,17.35,17.55
5464,霖宏,135175774,92.1,99.2,92.1,93.9
5465,富驊,18038912,33.7,33.7,32.2,32.7
5468,凱鈺,2929288,25.2,25.2,24.7,24.7
5474,聰泰,29354248,161.5,162.5,159.0,159.5
5475,德宏,1220695281,188.0,191.5,183.5,184.0
5478,智冠,3974845,97.6,97.6,97.1,97.1
5481,新華,1430233,21.85,21.85,21.6,21.7
5483,中美晶,7265935607,225.0,229.0,213.0,214.5
5487,通泰,5620785,29.3,29.8,28.8,29.1
5488,松普,5204157,12.35,12.45,12.05,12.05
5489,彩富,1539585,42.3,42.5,41.7,41.7
5490,同亨,13874939,26.05,26.05,25.2,25.25
5493,三聯,9110553,89.6,91.7,89.6,90.3
5498,凱崴,417660571,57.8,57.8,54.7,54.8
5508,永信建,17387648,53.0,53.3,52.8,53.0
5511,德昌,8586796,68.7,69.0,68.2,68.5
5512,力麒,9963573,7.62,7.62,7.49,7.51
5514,三豐,5245,,,,
5516,雙喜,113504,11.75,12.0,11.75,12.0
5520,力泰,87943,84.0,84.0,84.0,84.0
5523,豐謙,1323567,30.15,30.2,29.8,30.2
5529,鉅陞,1232904,26.1,26.1,25.8,25.95
5530,龍巖,13451948,48.6,48.6,48.1,48.25
5536,聖暉*,2650981400,975.0,977.0,946.0,954.0
5543,桓鼎-KY,245400,28.5,28.5,26.3,27.45
5547,久舜,291601,20.1,20.1,20.05,20.05
5548,安倉,546284,20.05,20.05,20.05,20.05
5601,台聯櫃,30,,,,
5603,陸海,630759,13.5,13.55,13.35,13.55
5604,中連,343273,31.7,31.8,31.4,31.75
5609,中菲行,13695864,78.2,78.2,77.3,77.7
5701,劍湖山,485923,4.01,4.13,4.0,4.05
5703,亞都,15694,13.5,13.5,13.5,13.5
5704,老爺知,1149944,22.3,23.0,22.3,22.5
5864,致和證,127375109,39.85,40.55,39.6,39.8
5878,台名,683293,37.65,37.65,37.5,37.5
5902,德記,3645723,34.4,34.4,34.0,34.1
5903,全家,8600509,186.0,186.5,186.0,186.5
5904,寶雅*,346256874,68.6,68.9,68.3,68.8
5905,南仁湖,1825819,7.34,7.35,7.28,7.29
6015,宏遠證,53966502,18.0,18.2,17.95,18.1
6016,康和證,122205120,24.45,24.5,24.15,24.35
6020,大展證,429062,20.7,20.7,20.55,20.6
6021,美好證,7281881,42.45,43.1,42.45,42.75
6023,元大期,62095724,84.7,84.7,83.7,84.3
6026,福邦證,13730164,16.05,16.1,15.9,16.0
6028,公勝保經,3610553,99.8,99.8,99.1,99.3
6101,寬魚國際,7327324,38.25,38.25,37.25,37.35
6103,合邦,714637,36.9,36.9,34.0,35.9
6104,創惟,43572184,93.1,93.1,90.7,90.7
6109,亞元,570872,10.45,10.5,10.35,10.4
6111,光聚晶電,4886404,38.15,38.15,37.0,37.0
6113,亞矽,5073268,24.45,25.0,24.2,24.2
6114,久威,599328,23.35,23.5,23.25,23.3
6118,建達,2165721,16.3,16.3,16.05,16.05
6121,新普,167907633,383.5,386.5,380.5,382.0
6122,擎邦,183992683,63.9,64.2,61.5,61.8
6123,上奇,1801810,42.95,43.0,42.7,42.8
6124,業強,569987,27.1,27.2,26.95,27.2
6125,廣運,39048365,51.4,51.4,50.1,50.3
6126,信音,155661687,31.55,34.35,31.2,33.4
6127,九豪,656426101,59.4,60.5,56.7,57.8
6129,普誠,9306416,14.9,15.05,14.55,14.55
6130,上亞科技,13272062,23.7,23.7,22.25,22.55
6134,萬旭,38508223,29.15,30.3,28.65,29.1
6138,茂達,350628122,288.5,296.5,287.5,287.5
6140,訊達,4250458,20.05,20.05,19.6,19.7
6143,振曜,46661310,80.6,81.0,79.9,80.1
6144,得利影,753262,13.55,13.9,13.05,13.05
6146,耕興,25486942,184.5,184.5,181.0,181.0
6147,頎邦,7572147702,227.5,228.0,215.5,216.0
6148,驊宏資,41014978,38.1,38.1,36.3,36.3
6150,撼訊,45188942,68.1,68.1,65.9,66.3
6151,晉倫,2503989,35.6,35.6,34.75,35.1
6154,順發,369725,14.3,14.35,14.2,14.2
6156,松上,12721856,22.5,22.5,21.9,22.25
6158,禾昌,2748871,17.5,17.8,17.45,17.8
6160,欣技,422153,13.9,14.0,13.85,13.95
6161,捷波,2995871,49.8,49.9,48.9,49.15
6163,華電網,166359666,41.2,44.6,40.2,43.4
6167,久正,3283473,10.2,10.4,10.2,10.25
6169,昱泉,953,,,,
6170,統振,7236865,49.3,49.4,48.6,48.65
6171,大城地產,2979612,24.5,24.5,23.9,24.0
6173,信昌電,3650875980,314.5,314.5,292.0,292.0
6174,安碁,81178995,60.5,60.5,60.5,60.5
6175,立敦,214422343,78.9,79.3,75.2,75.2
6179,亞通,145179301,36.2,36.75,35.05,35.75
6180,橘子,9085754,41.05,41.65,40.9,41.35
6182,合晶,12438085301,138.5,140.0,131.0,131.5
6185,幃翔,2162054,12.5,12.55,12.4,12.45
6186,新潤,15031330,28.9,28.9,28.55,28.65
6187,萬潤,7092340545,1400.0,1490.0,1390.0,1490.0
6188,廣明,59339489,62.8,63.0,61.6,61.6
6190,萬泰科,685017194,72.7,77.8,72.7,77.4
6194,育富,240745,30.2,30.2,29.95,30.05
6195,詩肯,249525,28.1,28.2,28.1,28.1
6198,瑞築,117161,19.45,19.85,19.45,19.45
6199,天品,1017213908,132.5,134.0,130.0,133.5
6203,海韻電,2290324,60.3,60.5,59.9,60.0
6204,艾華,135414963,114.5,116.5,111.5,113.0
6207,雷科,2644793478,150.5,152.5,145.5,152.0
6208,日揚,19226632,80.4,82.0,79.6,79.9
6210,慶生,494515,17.65,18.1,17.55,18.0
6212,理銘,32000,32.0,32.0,32.0,32.0
6217,中探針,517612723,180.0,181.0,177.5,178.0
6218,豪勉,130122328,62.7,63.4,61.0,61.4
6219,富旺,653244,12.25,12.25,12.05,12.15
6220,岳豐,5222365,25.6,25.6,25.2,25.3
6221,晉泰,31689170,30.5,30.6,29.5,30.1
6222,立軒,175850,19.45,19.9,19.35,19.9
6223,旺矽,4872469260,5400.0,5520.0,5300.0,5520.0
6227,茂綸,431376822,143.0,151.5,140.0,142.5
6228,全譜,181834,18.3,18.4,18.0,18.0
6229,研通,1330710,24.85,24.85,24.0,24.15
6231,系微,90028543,243.5,245.0,235.0,236.0
6233,旺玖,5548148,23.65,23.75,23.45,23.6
6234,高僑,29109818,40.5,40.5,38.8,38.85
6236,中湛,0,,,,
6237,驊訊,10757748,36.8,36.8,35.6,35.6
6240,松崗,914562,26.3,26.8,25.8,26.0
6241,鑫永洋,1308615,16.65,16.65,16.1,16.25
6242,立康,36862,33.85,33.85,33.85,33.85
6244,茂迪,90468456,24.2,24.35,23.25,23.25
6245,立端,72927467,89.0,90.0,87.6,89.1
6246,臺龍,15543,12.7,12.7,12.7,12.7
6248,沛波,1096337,17.2,17.2,16.95,17.15
6259,百徽,17151960,33.1,33.5,32.7,33.15
6261,久元,34086042,79.5,79.5,77.9,78.1
6263,普萊德,27263855,169.5,169.5,165.0,167.0
6264,富裔,151820,6.06,6.06,6.04,6.05
6265,方土昶,98841755,50.4,50.5,48.8,49.05
6266,泰詠,56272844,27.7,27.8,26.95,27.0
6270,倍微,9782932,31.2,31.2,30.25,30.25
6274,台燿,21297200510,1695.0,1780.0,1680.0,1780.0
6275,元山,8799723,48.05,48.05,47.45,47.65
6276,安鈦克,391767,19.3,20.0,19.2,19.75
6279,胡連,49542208,117.0,119.0,116.0,116.5
6284,佳邦,280713659,80.1,84.0,80.0,80.2
6290,良維,856700879,280.5,285.5,276.0,281.5
6291,沛亨,350338767,500.0,502.0,488.0,488.0
6292,迅德,63345767,72.1,73.1,70.0,71.2
6294,智基,665590,28.1,28.1,28.0,28.05
6411,晶焱,22927992,80.3,80.4,78.7,78.7
6417,韋僑,12964694,104.5,104.5,102.5,102.5
6418,詠昇,7159087,34.6,35.8,34.15,34.15
6419,京晨科,254338359,159.0,171.5,157.5,171.5
6423,億而得,14925802,95.9,99.0,92.0,92.0
6425,易發,80372794,79.6,79.6,76.6,76.6
6432,今展科,82742483,67.8,68.5,65.8,67.1
6435,大中,749129389,279.0,294.5,275.0,276.5
6441,廣錠,9358250,25.5,26.45,24.9,24.9
6461,益得,7774128,26.45,27.25,25.55,26.7
6462,神盾,62104585,107.0,107.0,103.0,103.5
6465,威潤,8213233,41.55,42.75,40.7,40.85
6469,大樹,46399290,64.5,64.5,63.0,63.3
6470,宇智,1415699,42.25,42.7,42.25,42.6
6474,華豫寧,1215794,35.8,35.8,35.6,35.65
6482,弘煜科,259899,23.5,23.5,23.25,23.5
6485,點序,127810464,83.3,83.3,78.0,79.0
6486,互動,36480476,79.0,79.2,75.8,78.0
6488,環球晶,22887612060,1220.0,1235.0,1175.0,1180.0
6492,生華科,5982253,34.05,34.05,33.8,33.85
6494,九齊,4570838,53.3,53.3,52.0,52.9
6496,科懋,358659,24.25,24.4,23.65,24.2
6498,久禾光,6614635,68.5,69.9,68.5,69.8
6499,益安,32200399,80.6,81.4,79.3,79.6
6506,雙邦,1246319,18.55,18.65,18.35,18.65
6508,惠光,940046,26.5,26.55,26.1,26.1
6509,聚和,54880336,50.5,50.5,49.3,49.9
6510,精測,3023008405,3145.0,3180.0,3060.0,3105.0
6512,啟發電,63495,20.2,20.2,20.2,20.2
6516,勤崴國際,1424613,56.6,56.6,56.1,56.6
6517,保勝光學,27601750,66.5,68.2,65.7,66.4
6523,達爾膚,2056038,89.2,89.3,89.0,89.0
6527,明達醫,2203128,74.5,74.8,74.2,74.3
6530,創威,110852139,102.0,102.5,98.5,98.5
6532,瑞耘,188124126,120.0,120.5,111.0,112.0
6535,順藥,35608443,87.0,89.3,84.1,85.0
6538,倉和,798873774,367.5,367.5,335.5,335.5
6542,隆中,120708,39.6,39.6,39.5,39.5
6546,正基,10044847,61.2,61.5,60.7,60.8
6547,高端疫苗,101168740,61.0,61.3,60.2,60.4
6548,長科*,769952494,78.5,79.5,76.0,78.0
6556,勝品,575044,60.8,60.9,60.2,60.9
6560,欣普羅,1292923,31.8,31.8,31.2,31.2
6561,是方,16377264,313.0,316.0,312.0,314.0
6568,宏觀,19761644,141.5,141.5,137.5,137.5
6569,醫揚,1548782,92.0,92.1,91.7,91.7
6570,維田,2394695,47.6,47.8,47.35,47.45
6574,霈方,11712198,120.5,121.5,118.0,120.0
6576,逸達,14095110,79.0,79.0,77.7,78.5
6577,勁豐,823040,81.4,81.4,80.3,80.5
6578,達邦蛋白,1200438,16.5,16.55,16.2,16.35
6584,南俊國際,556667207,541.0,549.0,530.0,541.0
6588,東典光電,99221155,114.0,116.0,111.0,111.5
6590,普鴻,1308758,65.0,65.0,64.0,64.2
6593,台灣銘板,681426,31.9,31.9,31.65,31.8
6596,寬宏藝術,10343980,96.5,96.5,95.9,96.3
6597,立誠,382843,63.0,64.9,62.9,64.9
6603,富強鑫,132004675,29.3,29.5,28.1,28.3
6609,瀧澤科,5171280,39.15,39.35,38.95,39.05
6612,奈米醫材,3492937,76.2,76.2,74.1,74.2
6613,朋億*,94134242,282.0,286.0,281.0,284.5
6615,慧智,2371254,33.65,34.35,33.6,34.0
6616,特昇-KY,166707,8.25,8.45,8.2,8.45
6617,共信-KY,82656933,131.5,131.5,126.5,127.5
6620,漢達,614184186,146.0,150.0,143.0,146.0
6624,萬年清,40808,39.5,39.5,39.5,39.5
6629,泰金-KY,423698,103.0,103.0,102.5,103.0
6637,醫影,1081654,53.5,54.1,53.4,53.4
6640,均華,534744355,1140.0,1195.0,1120.0,1165.0
6642,富致,13016047,84.2,84.2,82.1,82.1
6643,M31,365435471,513.0,521.0,505.0,508.0
6649,台生材,7682323,37.35,37.9,36.4,37.15
6651,全宇昕,92847332,152.5,159.5,150.5,156.0
6654,天正國際,5892132,219.0,223.0,214.5,219.0
6661,威健生技,67000,17.0,17.0,16.6,16.6
6662,樂斯科,308,,,,
6664,群翊,367702125,389.5,395.0,384.5,385.0
6667,信紘科,118371334,261.0,266.0,258.5,264.5
6679,鈺太,43319710,211.0,211.5,206.5,206.5
6680,鑫創電子,540700,51.6,51.6,51.5,51.5
6683,雍智科技,1858564820,1500.0,1500.0,1435.0,1440.0
6684,安格,4313199,49.6,50.1,49.0,49.05
6690,安碁資訊,29556081,177.5,177.5,174.0,177.0
6692,進能服,70150,23.45,23.45,23.25,23.25
6693,廣閎科,464887673,209.0,217.0,208.0,215.5
6697,東捷資訊,633103,41.55,41.55,41.1,41.1
6703,軒郁,2487445,100.0,100.5,99.9,100.5
6708,天擎,41879293,68.6,68.6,68.5,68.6
6712,長聖,64501002,163.0,163.0,159.0,160.0
6716,應廣,147324522,123.5,133.0,120.5,133.0
6720,久昌,550717,126.0,126.0,124.5,124.5
6721,信實,464067,50.0,50.2,49.8,50.2
6725,矽科宏晟,19799274,222.0,223.5,220.0,223.0
6727,亞泰金屬,993097459,520.0,545.0,513.0,531.0
6728,上洋,3077927,108.0,108.5,107.0,108.5
6730,常廣,545172,32.25,32.25,31.15,31.85
6732,昇佳電子,20330042,154.5,156.0,152.5,153.5
6733,博晟生醫,2806951,24.85,25.1,24.55,24.6
6735,美達科技,4786974,67.6,67.8,66.3,66.3
6739,竹陞科技,356243735,1210.0,1210.0,1110.0,1125.0
6741,91APP*-KY,10189470,55.1,55.1,54.5,54.9
6751,智聯服務,365706,44.5,44.65,44.45,44.45
6752,叡揚,1594102,96.5,97.0,96.5,96.6
6761,穩得,41454807,170.0,172.0,168.0,169.5
6762,達亞,325272,156.0,156.0,156.0,156.0
6763,綠界科技*,6903226,41.45,41.85,41.1,41.1
6767,台微醫,0,,,,
6785,昱展新藥,4201811,94.7,94.8,94.0,94.4
6788,華景電,337855097,367.0,389.5,360.0,376.5
6791,虎門科技,1017875,100.0,100.0,99.5,99.5
6803,崑鼎,32387165,267.0,267.0,264.5,265.5
6804,明係,850393,18.5,18.55,18.4,18.55
6811,宏碁資訊,96394236,243.0,247.5,241.0,246.5
6821,聯寶,37121649,47.1,48.4,45.5,45.5
6823,濾能,2109244,61.1,62.4,60.1,60.8
6829,千附精密,92544491,210.0,210.5,206.0,206.0
6840,東研信超,28903841,100.0,100.0,96.8,97.0
6841,長佳智能,12967658,57.1,57.1,55.6,55.6
6843,進典,1122500,38.75,38.75,37.9,38.3
6844,諾貝兒,399895,57.0,57.0,56.3,56.9
6846,綠茵,234000,58.7,58.7,58.4,58.5
6855,數泓科,127120,113.5,113.5,113.5,113.5
6856,鑫傳,124910,41.3,41.75,41.3,41.75
6859,伯特光,6263906,121.5,123.5,121.0,123.0
6865,偉康科技,544600,27.65,27.7,27.1,27.7
6870,騰雲,23222582,312.5,323.0,310.5,320.0
6872,浩宇生醫,2816271,23.95,23.95,22.0,22.5
6874,倍力,1173297,69.9,70.6,69.7,69.7
6875,國邑*,23442297,29.6,29.9,26.95,27.55
6877,鏵友益,128649691,153.5,153.5,140.0,145.5
6881,潤德,1929910,214.0,215.5,214.0,215.5
6884,海柏特,122450,30.7,30.7,30.6,30.6
6894,衛司特,33476273,363.0,365.0,355.0,358.0
6895,宏碩系統,14984790,149.5,158.0,145.5,156.5
6899,創為精密,112902,49.6,49.6,49.6,49.6
6903,巨漢,173257818,321.0,329.0,319.0,328.0
6904,伯鑫,124220,123.0,123.0,123.0,123.0
6907,雅特力-KY,404283328,206.0,208.0,192.0,193.5
6910,德鴻,495323,26.25,26.25,25.8,25.8
6913,鴻呈,21833352,131.0,131.0,129.0,130.0
6922,宸曜,32956932,213.5,217.5,208.0,215.0
6925,意藍,50345024,68.7,74.3,67.5,69.2
6929,佑全,195450,21.85,21.85,21.25,21.85
6945,圓祥生技,93549178,135.0,135.0,127.0,129.5
6953,家碩,122094307,265.0,265.0,256.0,257.5
6961,旅天下,1489078,47.1,47.1,46.75,46.9
6967,汎瑋材料,7553450,70.1,71.1,70.1,70.9
6968,萬達寵物,2224515,41.3,41.3,41.0,41.3
6971,惠民實業,600852,23.8,23.95,23.7,23.75
6982,大井泵浦,860373,46.0,46.0,45.0,45.0
6983,華洋精機,50460487,356.0,362.0,350.5,359.5
6986,和迅,3784050,43.9,44.0,43.05,44.0
6996,力領科技,21847991,170.0,170.0,165.5,165.5
6997,博弘,234357,68.7,68.7,66.5,66.5
700019,宏捷科統一5C購01,10940,0.14,0.18,0.14,0.18
700020,佳邦統一5C購01,1200,0.15,0.15,0.15,0.15
700021,長佳智統一5C購02,900,0.09,0.09,0.09,0.09
700022,華星光統一5C購01,238350,3.67,3.69,3.59,3.6
700023,新應材統一5B購02,5510,0.02,0.03,0.02,0.03
700024,新應材統一64購02,170750,0.23,0.24,0.21,0.24
700025,雙鴻統一5B購01,7590,1.24,1.39,1.24,1.39
700126,威剛國票61購01,0,,,,
700186,中光電統一6A購01,3980,0.08,0.08,0.07,0.07
700190,昇達科統一65購01,156590,4.36,4.36,4.34,4.35
700192,朋程統一6A購01,1660,0.43,0.43,0.41,0.41
700193,東洋統一61購01,0,,,,
700194,長聖統一61購01,0,,,,
700198,智冠統一5C購01,0,,,,
700199,華景電統一61購01,10400,1.04,1.04,1.04,1.04
700201,萬潤統一6A購01,200820,4.0,4.16,3.08,4.16
700205,雙鴻統一61購01,3200,1.06,1.08,1.06,1.08
700206,雙鴻統一61購02,131500,0.79,0.9,0.79,0.83
700207,雙鴻統一6A購01,45880,1.11,1.18,1.11,1.18
700208,騰雲統一6A購01,0,,,,
700257,大世科統一6A購01,0,,,,
700258,大綜統一6A購01,303890,0.7,0.79,0.7,0.79
700261,宜鼎統一6A購01,129630,4.9,4.9,4.28,4.28
700262,尚凡*統一6A購01,0,,,,
700263,旺矽統一6A購01,48410,3.46,3.55,3.45,3.55
700264,長聖統一6A購01,2600,0.26,0.26,0.26,0.26
700267,建榮統一6A購01,3090,1.03,1.03,1.03,1.03
700269,昱展統一6A購01,0,,,,
700271,新鉅科統一6A購01,230,0.23,0.23,0.23,0.23
700273,優群統一6A購01,2760,0.23,0.23,0.23,0.23
700275,雙鴻統一6A購02,72820,1.4,1.41,1.4,1.41
700276,鏵友益統一6A購01,720,0.72,0.72,0.72,0.72
700279,良維國票5C購01,0,,,,
700330,旺矽凱基5A購01,562800,20.1,20.1,20.1,20.1
700342,大世科統一6A購02,0,,,,
700343,中光電統一6A購02,0,,,,
700344,尼克森統一5A購01,0,,,,
700345,立碁統一6A購01,314820,0.91,1.0,0.84,1.0
700346,良維統一6A購01,31140,1.42,1.43,1.41,1.43
700347,尚凡*統一5A購01,0,,,,
700348,昱展統一6A購02,0,,,,
700350,茂達統一61購01,0,,,,
700351,竑騰統一5A購01,0,,,,
700352,新鉅科統一5A購01,0,,,,
700353,新鉅科統一6A購02,0,,,,
700354,聖暉*統一6A購01,138050,0.51,0.51,0.49,0.5
700355,撼訊統一6A購01,63500,0.32,0.32,0.31,0.31
700356,擎亞統一6A購01,0,,,,
700357,聰泰統一6A購01,270,0.27,0.27,0.27,0.27
700358,寶島科統一64購01,0,,,,
700359,鏵友益統一5A購01,0,,,,
700360,鑫聯統一5A購02,0,,,,
700385,中光電元富5A購01,0,,,,
700410,中光電統一5C購01,0,,,,
700412,旺矽統一6A購02,0,,,,
700413,金山電統一5C購01,0,,,,
700414,長聖統一6A購02,0,,,,
700415,建榮統一6A購02,0,,,,
700416,高技統一5A購01,28550,0.01,0.01,0.01,0.01
700417,聰泰統一6A購02,0,,,,
700451,臺慶科國票5A購01,0,,,,
700580,宜鼎兆豐5A購01,0,,,,
700594,原相元大5A購01,0,,,,
700638,原相元大5A購02,0,,,,
700670,中光電統一6A購03,3360,0.07,0.08,0.07,0.07
700671,正德統一5A購01,0,,,,
700672,旺矽統一5A購01,0,,,,
700673,信昌電統一6A購01,0,,,,
700674,信昌電統一6A購02,0,,,,
700675,高技統一5A購02,0,,,,
700676,高技統一6A購01,33340,0.22,0.23,0.17,0.17
700677,高技統一6A購02,2700,0.27,0.27,0.27,0.27
700678,智通*統一6A購01,0,,,,
700679,智擎統一6A購01,0,,,,
700681,鈊象統一6A購01,11880,0.36,0.36,0.36,0.36
700682,萬潤統一6A購02,23770,4.67,5.15,4.65,5.15
700683,雍智統一6A購01,0,,,,
700684,雍智統一6A購02,10200,5.1,5.1,5.1,5.1
700685,臺慶科統一5A購01,0,,,,
700686,臺慶科統一6A購01,0,,,,
700687,緯軟統一6A購01,0,,,,
700688,營邦統一6A購01,2660,2.66,2.66,2.66,2.66
700689,聯合統一61購01,0,,,,
700706,中光電統一5A購01,0,,,,
700708,信立統一6A購01,0,,,,
700709,神盾統一5C購02,24450,0.05,0.05,0.05,0.05
700710,智通*統一6A購02,0,,,,
700711,華星光統一6A購01,17530,3.43,3.6,3.43,3.6
700712,聖暉*統一6A購02,407390,0.41,0.41,0.4,0.4
700717,宜鼎元大5A購01,0,,,,
700742,聖暉*永豐5A購01,0,,,,
700746,雙鴻中信5A購02,0,,,,
700754,台半統一5C購02,52910,1.66,1.69,1.48,1.48
700755,宜鼎統一6A購02,0,,,,
700756,威剛統一5C購03,0,,,,
700757,竑騰統一5C購01,3590,3.59,3.59,3.59,3.59
700758,穩得統一5C購01,0,,,,
700786,威剛永豐5A購01,0,,,,
700810,山富統一5C購01,0,,,,
700811,光頡統一5C購01,0,,,,
700812,信昌電統一5C購01,0,,,,
700827,信立永豐5A購01,0,,,,
700828,威剛永豐64購01,0,,,,
700830,中美晶元大5A購01,229700,2.7,2.8,2.7,2.8
700843,世界統一5C購01,8600,0.86,0.86,0.86,0.86
700844,立敦統一5C購01,0,,,,
700845,臺慶科統一5C購01,0,,,,
700850,臺慶科國票5C購01,169550,1.66,1.81,1.55,1.56
700857,良維元大5A購01,0,,,,
700875,良維元大5A購02,0,,,,
700898,力旺統一5A購01,9710,0.18,0.19,0.18,0.19
700899,力旺統一6A購01,388870,1.09,1.09,0.97,0.98
700900,台半統一5C購03,83670,0.95,0.95,0.73,0.9
700901,尼克森統一5C購01,390,0.39,0.39,0.39,0.39
700902,光頡統一5A購01,0,,,,
700904,波若威統一6A購01,366420,4.02,4.22,3.95,3.95
700920,波若威永豐5A購01,0,,,,
700929,蜜望實國票5A購01,0,,,,
700938,中美晶兆豐5A購01,1280500,5.3,5.3,5.25,5.25
700955,撼訊元大5A購01,0,,,,
700983,威剛兆豐5A購01,0,,,,
701010,雙鴻元富5A購01,0,,,,
701037,威剛永豐5C購01,0,,,,
701064,元債20群益61購01,0,,,,
701095,擎亞元大5A購01,0,,,,
701097,營邦元大5A購01,0,,,,
701130,元債20元大5B購01,0,,,,
701131,元債20元大61購01,730,0.01,0.01,0.01,0.01
701211,威剛凱基5B購01,73900,12.4,12.4,12.3,12.3
701253,穩懋國票5B購01,0,,,,
701273,撼訊凱基5B購01,0,,,,
701279,雙鴻國票5B購01,8880,0.82,0.96,0.79,0.96
701287,威剛元大5B購01,0,,,,
701288,訊聯元大5B購01,0,,,,
701294,新應材元大5B購01,0,,,,
701311,雙鴻群益5B購01,12450,0.83,0.83,0.83,0.83
701374,台燿元大5B購01,0,,,,
701379,威剛元大5B購02,0,,,,
701381,新應材元大5B購02,0,,,,
701388,中光電凱基5A購01,0,,,,
701400,台燿元大5B購02,186500,10.4,11.4,10.4,11.4
701403,神盾元大5B購01,0,,,,
701422,中光電兆豐5B購01,0,,,,
701430,台燿統一5B購01,87100,9.5,10.2,9.5,10.2
701431,台燿統一5B購02,25200,12.6,12.6,12.6,12.6
701432,正基統一5C購01,0,,,,
701434,良維統一6B購01,88200,0.84,0.84,0.84,0.84
701437,威剛統一5B購01,52380,2.39,2.39,2.37,2.37
701438,威剛統一6B購01,26510,2.24,2.24,2.18,2.18
701440,華星光統一5B購04,0,,,,
701441,華星光統一61購04,0,,,,
701442,雙鴻統一6B購01,153090,0.61,0.62,0.6,0.61
701460,神盾凱基5B購01,0,,,,
701471,台燿統一65購01,72400,5.95,6.05,5.95,6.05
701472,雙鴻統一61購03,0,,,,
701473,穩懋統一5B購01,11400,11.4,11.4,11.4,11.4
701474,穩懋統一6B購01,60550,6.6,6.8,6.6,6.8
701479,威剛元大5A購02,0,,,,
701484,擎亞元大5B購01,0,,,,
701500,雙鴻中信5B購01,0,,,,
701511,新應材凱基5B購01,0,,,,
701524,雙鴻群益5A購02,0,,,,
701571,擎亞元大5B購02,0,,,,
701592,竹陞統一6B購01,151920,1.09,1.1,1.04,1.04
701593,竹陞統一6B購02,68350,0.99,0.99,0.91,0.92
701594,海韻電統一61購01,0,,,,
701614,信立元大5B購01,0,,,,
701615,威剛元大5B購03,0,,,,
701623,元太統一5B購01,0,,,,
701624,竹陞統一5C購03,21600,1.08,1.08,1.08,1.08
701625,竹陞統一6B購03,6450,0.93,0.93,0.9,0.9
701626,東捷統一5C購01,0,,,,
701650,台燿元大5B購03,0,,,,
701658,信昌電統一5C購02,0,,,,
701667,雙鴻群益5B購02,0,,,,
701680,宜鼎兆豐5B購01,0,,,,
701692,台燿統一6B購01,67840,4.8,4.96,4.8,4.96
701693,系統電統一5C購01,104100,0.35,0.39,0.35,0.39
701694,系統電統一6B購01,66800,0.52,0.54,0.52,0.54
701695,系統電統一6B購02,4640,0.58,0.58,0.58,0.58
701696,宜鼎統一5A購01,32200,3.22,3.22,3.22,3.22
701697,宜鼎統一5C購04,0,,,,
701698,宜鼎統一6B購01,0,,,,
701699,訊聯統一6B購01,0,,,,
701720,系統電永豐5A購01,0,,,,
701762,信昌電國票5B購01,1271600,31.8,31.8,31.7,31.7
701788,訊聯永豐5B購01,0,,,,
701804,巨有統一6B購01,1600,1.6,1.6,1.6,1.6
701805,濱川統一65購01,149190,0.86,1.0,0.66,1.0
701806,濱川統一6B購01,931160,0.56,0.58,0.53,0.57
701807,濱川統一6B購02,187350,0.43,0.48,0.43,0.45
701808,濱川統一6B購03,1183540,0.56,0.59,0.55,0.56
701822,訊聯元大5B購02,0,,,,
701828,威剛兆豐5B購01,0,,,,
701853,巨有統一6B購02,24620,2.1,2.1,1.88,2.1
701854,弘塑中信5B購01,0,,,,
701855,威剛中信5B購01,0,,,,
701908,信立凱基5B購01,0,,,,
701919,信驊元富5B購01,0,,,,
702018,台燿凱基5B購02,164600,41.3,41.3,41.1,41.1
702028,昇達科中信5A購01,0,,,,
702125,旺矽元大5B購01,4660,4.66,4.66,4.66,4.66
702133,良維凱基5B購01,0,,,,
702170,昇達科元富5C購01,0,,,,
702228,穩懋元大5C購01,0,,,,
702252,弘塑中信5C購01,0,,,,
702281,精測元大5C購01,10460,1.5,1.5,1.48,1.48
702283,穩懋元大5B購01,0,,,,
702284,穩懋元大5C購02,0,,,,
702287,威剛凱基5B購02,0,,,,
702300,順達元大5B購01,1320,1.32,1.32,1.32,1.32
702304,穩懋元大5B購02,0,,,,
702311,雙鴻中信5C購01,0,,,,
702331,昇達科群益5C購01,38700,19.1,19.6,19.1,19.6
702352,華電網國票5C購01,480,0.16,0.16,0.16,0.16
702363,順達元大5A購01,236360,3.11,3.11,3.11,3.11
702364,順達元大5B購02,11900,1.19,1.19,1.19,1.19
702373,光焱永豐5C購01,29600,0.74,0.74,0.74,0.74
702375,訊聯永豐5C購01,0,,,,
702386,訊聯凱基5C購01,100,0.1,0.1,0.1,0.1
702413,順達元大5A購02,0,,,,
702415,雍智元大5C購01,11200,11.2,11.2,11.2,11.2
702441,高技元富5C購01,0,,,,
702451,新應材富邦5C購01,0,,,,
702459,擎亞元大5A購02,0,,,,
702467,順達凱基5B購01,53340,3.32,3.56,3.27,3.27
702490,台燿富邦5C購01,0,,,,
702526,昇達科國票5A購01,0,,,,
702553,穩懋元大5A購01,0,,,,
702560,昇達科中信5C購01,338770,4.62,5.4,4.62,5.4
702576,富喬凱基5A購01,63300,2.11,2.11,2.11,2.11
702578,新應材凱基5B購02,490,0.07,0.07,0.07,0.07
702592,富喬國票5C購01,61220,3.62,3.66,3.58,3.66
702593,富喬國票62購01,162800,3.42,3.62,3.42,3.56
702605,系統電元大5C購01,663580,0.26,0.32,0.26,0.3
702611,高技元大5C購01,0,,,,
702627,富喬富邦5C購01,7460,1.88,1.88,1.86,1.86
702639,IET中信5C購01,131050,6.3,6.3,5.75,5.75
702641,富喬中信5C購01,9220,0.73,0.8,0.73,0.8
702642,穩懋中信5C購01,0,,,,
702667,系統電元大5B購01,990,0.09,0.09,0.09,0.09
702695,穩懋凱基5A購01,0,,,,
702712,良維中信5B購01,0,,,,
702719,系統電元大5C購02,173700,0.13,0.14,0.12,0.12
702752,台特化統一6C購01,48900,0.27,0.27,0.25,0.25
702753,精測統一66購01,21880,0.91,0.92,0.91,0.92
702775,訊聯永豐5C購02,0,,,,
702776,新應材永豐5C購01,27300,0.65,0.69,0.62,0.69
702786,威剛中信5C購01,0,,,,
702808,高技元大5A購01,0,,,,
702811,聖暉*元大5A購01,0,,,,
702828,勤凱統一5C購01,14000,1.4,1.4,1.4,1.4
702829,勤凱統一6C購01,29650,1.43,1.5,1.43,1.5
702830,擎亞統一6C購01,20800,1.04,1.04,1.04,1.04
702831,宜鼎元富5C購01,0,,,,
702833,高技元富5C購02,0,,,,
702878,櫃200群益5B購01,0,,,,
702884,家登元大5C購01,19110,2.1,2.17,2.1,2.17
702885,高技元大5A購02,2800,0.07,0.07,0.07,0.07
702886,高技元大5B購01,12700,0.13,0.15,0.13,0.15
702919,高技元大5B購02,0,,,,
702951,新應材永豐5C購02,4350,0.29,0.29,0.29,0.29
702953,力旺中信5C購01,0,,,,
702966,元債20凱基5C購01,0,,,,
702969,宜鼎凱基5C購01,0,,,,
702980,訊聯統一6C購01,0,,,,
702987,穩懋元大5C購03,157300,14.3,14.3,14.3,14.3
702990,華景電元富5C購01,240730,1.57,1.98,1.54,1.83
702993,宜鼎中信5A購02,0,,,,
703002,新應材永豐5C購03,136800,0.57,0.57,0.57,0.57
703004,鑫科永豐5C購01,21280,1.21,1.21,1.16,1.16
703011,宜特國票5A購01,0,,,,
703030,金益鼎凱基5A購01,0,,,,
703036,元太群益5B購01,0,,,,
703043,高技中信5C購01,0,,,,
703045,雙鴻中信5C購02,386480,2.04,2.24,2.01,2.24
703048,順達永豐5A購01,0,,,,
703049,順達永豐5C購01,575890,2.78,3.06,2.76,2.76
703051,穩得永豐5A購01,0,,,,
703062,元太凱基5B購01,0,,,,
703075,台特化元大5A購01,430,0.01,0.01,0.01,0.01
703093,順達中信5B購01,454850,0.73,0.79,0.72,0.79
703102,穩懋永豐5C購01,38300,19.1,19.2,19.1,19.2
703113,雙鴻凱基5A購01,0,,,,
703125,台特化元大5A購02,0,,,,
703132,聖暉*元大5C購01,728500,1.36,1.41,1.31,1.32
703135,金山電統一5C購02,8850,1.77,1.77,1.77,1.77
703136,博智統一5C購01,99210,0.99,1.03,0.99,1.03
703137,璟德統一5C購01,590,0.07,0.08,0.07,0.08
703144,穩懋中信5C購02,0,,,,
703149,中光電群益5A購02,0,,,,
703171,宜鼎元大5C購03,0,,,,
703210,威剛群益5A購01,0,,,,
703229,台特化凱基5A購01,0,,,,
703260,雙鴻中信5C購03,0,,,,
703271,湧德統一5C購02,2600,0.13,0.13,0.13,0.13
703295,信驊群益5B購02,0,,,,
703296,威剛群益5B購01,3020,0.87,2.15,0.87,2.15
703308,家登元大5B購01,0,,,,
703320,鈊象中信61購01,0,,,,
703339,台燿富邦61購01,12600,12.6,12.6,12.6,12.6
703341,新應材富邦61購01,0,,,,
703354,富喬凱基5B購01,18110,0.98,1.27,0.98,1.27
703355,富喬凱基61購01,0,,,,
703371,富喬國票5B購01,830600,1.01,1.1,0.94,1.1
703372,富喬國票61購01,1338070,2.54,2.72,2.42,2.72
703380,富喬群益5B購01,1050,0.47,0.58,0.47,0.58
703389,富喬統一65購01,762620,0.56,0.6,0.56,0.6
703390,撼訊統一65購01,38450,0.35,0.35,0.34,0.34
703399,順達元富61購01,0,,,,
703400,信驊中信61購01,416000,10.2,10.6,10.2,10.6
703401,富喬中信61購01,372710,0.51,0.59,0.51,0.59
703418,富喬元大5B購01,7990,0.58,0.62,0.58,0.62
703419,富喬元大5C購01,0,,,,
703420,富喬元大61購02,500020,0.93,0.94,0.85,0.92
703443,安碁元富61購01,58020,1.09,1.14,1.07,1.14
703459,鏵友益永豐5B購01,0,,,,
703463,台特化統一62購01,2000,0.2,0.2,0.2,0.2
703464,台特化統一63購01,0,,,,
703465,台特化統一71購01,76350,0.37,0.39,0.37,0.37
703466,台燿統一5C購03,94800,7.8,7.95,7.8,7.95
703467,台燿統一61購02,0,,,,
703468,宏捷科統一71購01,1184500,0.49,0.55,0.47,0.53
703470,欣銓統一5C購01,0,,,,
703471,欣銓統一61購01,7140,2.38,2.38,2.38,2.38
703472,欣銓統一65購01,0,,,,
703473,欣銓統一6C購01,22400,1.54,1.54,1.47,1.47
703474,金益鼎統一65購01,0,,,,
703475,茂迪統一65購01,5100,0.3,0.3,0.3,0.3
703476,神盾統一61購01,0,,,,
703477,雙鴻統一61購04,5800,0.82,0.85,0.82,0.85
703478,穩得統一65購01,111150,0.45,0.45,0.45,0.45
703479,穩懋統一5B購02,0,,,,
703480,穩懋統一5C購01,0,,,,
703481,穩懋統一5C購02,777200,7.2,7.7,7.2,7.7
703482,穩懋統一5C購03,0,,,,
703483,穩懋統一6C購01,164990,4.05,4.17,4.05,4.17
703515,雍智兆豐61購01,0,,,,
703581,臺慶科凱基5C購01,406260,1.96,1.96,1.83,1.89
703604,欣銓國票61購01,0,,,,
703616,矽科統一6C購01,0,,,,
703617,金益鼎統一6C購01,0,,,,
703618,長科*統一64購01,7800,1.3,1.3,1.3,1.3
703619,家登統一6C購01,457900,0.89,0.92,0.88,0.89
703620,捷創統一61購01,0,,,,
703632,穩懋凱基5C購01,173700,19.3,19.3,19.3,19.3
703639,台特化國票5A購01,0,,,,
703643,新應材國票5A購01,0,,,,
703648,宜鼎元大5A購02,0,,,,
703651,家登元大5C購02,63230,1.85,2.02,1.83,1.83
703652,湧德元大61購01,275270,0.39,0.39,0.38,0.38
703654,勤凱元大61購01,0,,,,
703660,聖暉*元大5C購02,41510,1.06,1.07,1.04,1.04
703661,雍智元大61購01,0,,,,
703665,家登凱基5C購01,0,,,,
703682,家登元大5C購03,1350,1.35,1.35,1.35,1.35
703684,聖暉*元大5A購02,0,,,,
703713,訊聯凱基5B購01,0,,,,
703725,宜鼎元大5B購01,0,,,,
703728,順達元大5A購03,0,,,,
703729,聖暉*元大5A購03,0,,,,
703740,精材群益5A購01,0,,,,
703745,加百裕永豐5A購01,0,,,,
703771,系統電凱基5C購01,237220,0.34,0.44,0.34,0.39
703773,新復興凱基5A購01,0,,,,
703785,世界國票61購01,257890,3.73,3.73,3.51,3.57
703813,聖暉*元大5A購04,0,,,,
703823,弘塑永豐5A購01,0,,,,
703829,世界富邦5A購01,0,,,,
703837,系統電元大5B購02,4940,0.07,0.08,0.07,0.08
703838,順達元大5A購04,0,,,,
703839,聖暉*元大5B購01,4760,2.38,2.38,2.38,2.38
703842,世界凱基61購01,0,,,,
703860,世界統一61購01,0,,,,
703861,世界統一71購01,19000,0.95,0.95,0.95,0.95
703862,巨漢統一61購01,133880,0.56,0.62,0.56,0.61
703863,弘塑統一61購01,0,,,,
703864,光頡統一61購01,0,,,,
703865,光頡統一71購01,0,,,,
703866,均豪統一61購02,7070,0.47,0.48,0.47,0.48
703867,金山電統一64購01,0,,,,
703868,捷創統一61購02,502320,0.14,0.14,0.14,0.14
703869,捷創統一71購01,19250,0.35,0.35,0.35,0.35
703870,富強鑫統一61購01,0,,,,
703871,富強鑫統一71購01,92340,0.54,0.54,0.54,0.54
703872,富強鑫統一71購02,0,,,,
703873,崴寶統一71購01,28950,1.15,1.17,1.15,1.17
703874,鉅橡統一61購01,255160,0.35,0.38,0.34,0.38
703875,鉅橡統一61購02,24140,0.34,0.34,0.34,0.34
703876,鉅橡統一61購03,26560,0.31,0.31,0.3,0.3
703877,鉅橡統一71購01,40000,0.5,0.5,0.5,0.5
703878,精材統一71購01,141350,2.99,3.3,2.99,3.3
703879,臺慶科統一71購01,140020,0.95,0.99,0.95,0.99
703880,穩懋統一61購02,0,,,,
703881,穩懋統一61購03,4570,4.57,4.57,4.57,4.57
703882,穩懋統一71購01,665070,3.27,3.38,3.25,3.3
703886,精材群益5C購01,0,,,,
703887,耀勝群益5A購01,0,,,,
703895,穩懋國票5A購02,19600,19.6,19.6,19.6,19.6
703902,中美晶永豐5A購01,1348820,5.2,5.2,4.91,4.91
703906,鉅橡永豐5A購01,0,,,,
703914,聖暉*凱基61購01,655420,1.82,1.82,1.62,1.66
703917,耀勝凱基5A購01,0,,,,
703923,創惟國票61購01,75600,0.14,0.14,0.14,0.14
703942,聖暉*元大5B購02,56030,2.11,2.13,1.99,1.99
703950,雙鴻群益5A購03,0,,,,
703954,世界永豐5A購01,0,,,,
703960,雙鴻永豐5A購01,0,,,,
703961,久元統一61購01,0,,,,
703962,中美晶統一61購01,18720,2.2,2.2,1.99,1.99
703963,中探針統一71購01,102380,3.52,3.62,3.52,3.62
703964,世禾統一65購01,0,,,,
703965,世界統一5B購01,17000,1.7,1.7,1.7,1.7
703966,台半統一71購01,282900,1.72,1.75,1.61,1.62
703967,台半統一71購02,1039220,1.27,1.33,1.13,1.14
703968,台星科統一71購01,693850,0.98,0.98,0.93,0.96
703969,弘塑統一61購02,853000,0.98,1.1,0.96,1.07
703970,弘塑統一61購03,807840,1.2,1.36,1.2,1.33
703971,光頡統一61購02,13440,3.36,3.36,3.36,3.36
703972,合晶統一5C購03,0,,,,
703973,均華統一5C購03,0,,,,
703974,長科*統一64購02,6540,1.09,1.09,1.09,1.09
703975,佶優統一71購01,91980,0.44,0.51,0.44,0.49
703976,信昌電統一61購01,0,,,,
703977,捷創統一71購02,0,,,,
703978,富強鑫統一61購02,600,0.12,0.12,0.12,0.12
703979,順達統一5C購05,40320,0.9,0.94,0.9,0.94
703980,順達統一61購01,44800,0.7,0.7,0.7,0.7
703981,萬潤統一61購01,143550,8.4,8.8,8.4,8.75
703982,鉅橡統一64購01,41360,0.47,0.47,0.47,0.47
703983,精材統一61購01,0,,,,
703984,廣明統一61購01,100,0.01,0.01,0.01,0.01
703985,穩懋統一63購01,13490,4.51,4.51,4.49,4.49
703989,穩懋元富5A購01,0,,,,
703991,元債20凱基71購01,0,,,,
704009,中探針統一61購01,0,,,,
704010,中探針統一61購02,0,,,,
704011,元太統一61購01,800,0.08,0.08,0.08,0.08
704012,世禾統一71購01,56030,0.41,0.42,0.41,0.42
704013,台半統一61購01,16940,1.54,1.54,1.54,1.54
704014,台星科統一61購01,0,,,,
704015,台燿統一71購01,278160,3.56,3.78,3.56,3.78
704016,巨漢統一61購02,2200,0.55,0.55,0.55,0.55
704017,巨漢統一71購01,15300,0.85,0.85,0.85,0.85
704018,光頡統一61購03,0,,,,
704019,均華統一61購01,4850,0.97,0.97,0.97,0.97
704020,宏捷科統一61購02,18200,0.36,0.39,0.34,0.39
704021,矽科統一61購01,0,,,,
704022,金山電統一61購01,0,,,,
704023,金益鼎統一61購01,280,0.14,0.14,0.14,0.14
704024,佶優統一61購01,2350,0.47,0.47,0.47,0.47
704025,創惟統一61購01,1650,0.15,0.15,0.15,0.15
704026,精材統一61購02,0,,,,
704027,穩懋統一61購04,0,,,,
704028,穩懋統一65購01,7740,3.91,3.91,3.83,3.83
704029,穩懋統一71購02,105900,3.5,3.59,3.5,3.59
704030,耀勝統一71購01,0,,,,
704038,湧德元大5A購01,0,,,,
704041,聖暉*元大5C購03,31940,0.95,0.99,0.91,0.92
704046,台星科群益5A購01,0,,,,
704051,信驊群益61購01,36100,8.9,9.2,8.9,9.2
704053,聖暉*群益5A購01,0,,,,
704058,信驊元富5A購03,0,,,,
704080,世禾富邦5C購01,1000,0.1,0.1,0.1,0.1
704082,群翊富邦5A購01,9000,0.42,0.42,0.4,0.42
704084,中探針統一67購01,0,,,,
704085,世界統一61購02,0,,,,
704086,世界統一64購01,110760,0.96,0.96,0.9,0.92
704087,世紀*統一71購01,34960,1.09,1.13,1.09,1.13
704088,世紀*統一71購02,0,,,,
704089,台半統一61購02,69030,1.65,1.65,1.43,1.43
704090,台半統一71購03,777020,1.5,1.5,1.39,1.39
704091,巨漢統一71購02,806660,0.66,0.69,0.66,0.69
704092,光頡統一64購01,0,,,,
704093,系統電統一71購01,47460,0.43,0.44,0.43,0.43
704094,佳邦統一71購01,0,,,,
704095,矽科統一71購01,0,,,,
704096,金山電統一71購01,545750,1.23,1.25,1.16,1.16
704097,金益鼎統一71購01,169660,0.34,0.34,0.34,0.34
704099,信昌電統一64購01,0,,,,
704100,信昌電統一71購01,2750,2.75,2.75,2.75,2.75
704101,家登統一61購02,101960,0.48,0.52,0.48,0.51
704102,能率亞統一61購01,0,,,,
704103,博智統一61購01,0,,,,
704104,湧德統一61購01,0,,,,
704105,精材統一5B購01,0,,,,
704106,精材統一64購01,0,,,,
704107,璟德統一65購01,0,,,,
704108,璟德統一71購01,0,,,,
704109,穩懋統一61購05,835150,4.32,4.54,4.32,4.43
704110,鑫科統一71購01,0,,,,
704115,金益鼎國票61購01,0,,,,
704127,佳邦群益5A購01,0,,,,
704134,鑫科群益5A購01,0,,,,
704135,世禾元大5A購01,0,,,,
704141,訊聯元大61購01,0,,,,
704146,穩懋元大5B購03,0,,,,
704151,系統電凱基5A購01,0,,,,
704170,世界元大5A購01,0,,,,
704176,勤凱元大5A購01,0,,,,
704180,鑫科元大5B購01,0,,,,
704189,旺矽元富5A購02,0,,,,
704191,家登元富5C購01,0,,,,
704202,鑫科永豐61購01,12450,0.32,0.32,0.31,0.31
704203,中美晶統一71購01,95440,1.5,1.5,1.36,1.36
704204,元太統一61購02,0,,,,
704205,世紀*統一61購01,772110,1.0,1.0,0.73,0.75
704206,世紀*統一71購03,575310,0.84,0.84,0.72,0.76
704207,合晶統一71購01,220940,4.09,4.1,3.81,4.08
704208,沛亨統一61購01,0,,,,
704209,沛亨統一61購02,0,,,,
704210,宜鼎統一61購02,5520,1.84,1.84,1.84,1.84
704211,宜鼎統一63購01,0,,,,
704212,旺矽統一61購02,0,,,,
704213,旺矽統一63購02,0,,,,
704214,旺矽統一71購01,0,,,,
704215,松瑞藥統一61購01,103700,0.34,0.34,0.34,0.34
704216,松瑞藥統一71購01,0,,,,
704217,信昌電統一61購03,15800,7.9,7.9,7.9,7.9
704218,信昌電統一71購02,162190,3.4,3.44,3.28,3.28
704219,家登統一61購03,780,0.78,0.78,0.78,0.78
704220,家登統一71購01,111180,0.86,0.88,0.85,0.85
704221,高鋒統一61購01,4500,0.18,0.18,0.18,0.18
704222,高鋒統一71購01,0,,,,
704223,湧德統一61購02,0,,,,
704224,新復興統一71購01,0,,,,
704225,廣運統一71購01,340,0.34,0.34,0.34,0.34
704237,世界元大5A購02,0,,,,
704244,富喬元大5A購01,2030,1.0,1.03,1.0,1.03
704256,富喬永豐5B購01,254400,1.24,1.28,1.24,1.28
704257,富喬永豐5C購01,1145450,1.31,1.31,1.19,1.25
704258,富喬永豐64購01,791350,2.08,2.13,2.01,2.13
704259,華容永豐5A購01,0,,,,
704260,聖暉*永豐61購01,58810,1.67,1.69,1.66,1.67
704262,宜鼎兆豐61購01,0,,,,
704275,宜鼎富邦5C購01,0,,,,
704277,鈊象富邦5A購01,0,,,,
704280,世界統一71購02,15400,0.77,0.77,0.77,0.77
704281,台星科統一61購02,128290,0.56,0.56,0.53,0.53
704282,宜鼎統一71購01,42800,2.15,2.15,2.13,2.13
704283,東捷統一71購01,0,,,,
704284,佶優統一71購02,0,,,,
704285,高鋒統一64購01,0,,,,
704286,高鋒統一67購01,0,,,,
704287,富喬統一61購01,42280,0.43,0.43,0.39,0.42
704288,富喬統一61購02,109210,0.72,0.75,0.7,0.75
704289,富喬統一61購03,40500,0.81,0.81,0.81,0.81
704290,富喬統一61購04,314030,0.52,0.58,0.52,0.58
704291,富喬統一64購01,820,0.82,0.82,0.82,0.82
704292,富喬統一65購02,670,0.67,0.67,0.67,0.67
704293,富喬統一6C購01,1450,0.71,0.74,0.71,0.74
704294,富喬統一71購01,179170,0.79,0.79,0.7,0.77
704295,富喬統一71購02,49200,0.63,0.66,0.63,0.66
704296,湧德統一71購01,81180,0.41,0.41,0.41,0.41
704297,新復興統一71購02,0,,,,
704298,聖暉*統一67購01,0,,,,
704315,系統電元大5B購03,61680,0.12,0.17,0.12,0.16
704320,鈊象元大5A購01,2400,0.12,0.12,0.12,0.12
704321,勤凱元大61購02,8960,2.24,2.24,2.24,2.24
704322,聖暉*元大61購01,50200,3.16,3.16,3.07,3.07
704325,精測元大5B購01,0,,,,
704343,世界富邦5C購01,0,,,,
704347,世界統一5C購02,0,,,,
704348,合晶統一61購01,0,,,,
704349,東捷統一71購02,0,,,,
704350,佶優統一71購03,0,,,,
704351,精測統一61購01,41620,0.36,0.42,0.36,0.41
704352,精測統一61購02,93080,0.42,0.44,0.42,0.44
704353,精測統一71購01,2200580,1.1,1.14,1.07,1.1
704358,竹陞永豐5A購01,311360,3.18,3.18,3.11,3.18
704361,華容永豐5C購01,0,,,,
704365,精測永豐5A購01,950,0.15,0.2,0.15,0.2
704368,點序永豐61購01,0,,,,
704370,世界國票5B購01,572110,0.98,0.98,0.92,0.92
704373,精測國票5A購01,122620,0.09,0.09,0.08,0.08
704374,精測國票5A購02,3570,0.14,0.15,0.14,0.15
704380,宜鼎凱基5B購01,0,,,,
704381,鈊象凱基5A購01,0,,,,
704382,精測凱基5B購01,0,,,,
704388,中探針元大5B購01,0,,,,
704391,世界元大5B購01,0,,,,
704394,系統電元大61購01,109220,0.29,0.36,0.29,0.36
704396,順達元大5A購05,0,,,,
704400,宜鼎富邦61購01,0,,,,
704401,信昌電富邦5C購01,521400,10.5,10.5,10.2,10.2
704403,高鋒統一61購02,6950,0.16,0.16,0.15,0.15
704404,精測統一5C購01,3150,0.35,0.35,0.35,0.35
704409,精測永豐5A購02,1700,0.08,0.09,0.08,0.09
704419,力旺元大5A購01,0,,,,
704421,中美晶元大5C購01,31000,3.1,3.1,3.1,3.1
704424,湧德元大61購02,1360,0.15,0.16,0.15,0.16
704426,精材元大5B購01,0,,,,
704427,精材元大61購02,0,,,,
704481,中探針元大61購01,0,,,,
704482,元太元大61購01,0,,,,
704491,湧德元大5B購01,0,,,,
704492,鈊象元大5B購01,13600,0.66,0.7,0.66,0.7
704494,精材元大5A購01,12800,12.8,12.8,12.8,12.8
704495,精材元大5B購02,10600,10.6,10.6,10.6,10.6
704496,精材元大61購03,0,,,,
704506,系統電永豐5C購01,120800,0.29,0.35,0.29,0.29
704507,亞電永豐5B購01,785210,2.12,2.2,2.08,2.12
704532,大中統一5C購01,0,,,,
704533,大中統一71購01,405090,1.69,1.77,1.68,1.72
704534,台半統一5C購04,5430,1.83,1.83,1.77,1.77
704535,台燿統一66購01,47250,6.75,6.75,6.75,6.75
704536,尼克森統一5B購01,33050,0.91,0.97,0.91,0.97
704537,巨漢統一5C購01,20220,0.53,0.55,0.53,0.55
704538,合晶統一61購02,0,,,,
704539,竹陞統一64購01,0,,,,
704540,宏捷科統一61購03,35110,0.25,0.29,0.25,0.29
704541,系統電統一64購01,9870,0.47,0.47,0.47,0.47
704542,宜鼎統一5B購01,843720,2.37,2.37,2.37,2.37
704543,宜鼎統一66購01,0,,,,
704544,宜鼎統一71購02,25400,1.27,1.27,1.27,1.27
704545,東捷統一64購01,0,,,,
704546,長科*統一71購01,261980,0.78,0.8,0.75,0.77
704547,佶優統一61購02,340,0.17,0.17,0.17,0.17
704548,昱展統一61購01,100,0.01,0.01,0.01,0.01
704549,茂迪統一5B購01,18500,0.26,0.26,0.22,0.22
704550,能率亞統一61購02,159800,0.47,0.47,0.47,0.47
704551,能率亞統一71購01,12200,0.61,0.61,0.61,0.61
704552,順達統一63購01,1100,1.1,1.1,1.1,1.1
704553,雍智統一71購01,25300,5.0,5.3,5.0,5.3
704556,力旺凱基5A購01,0,,,,
704560,系統電凱基5B購01,64900,0.2,0.28,0.2,0.28
704567,萬泰科永豐5B購01,19250,3.85,3.85,3.85,3.85
704578,元太元大61購02,0,,,,
704579,合晶元大5A購01,0,,,,
704584,精材元大5A購02,0,,,,
704590,能率亞統一63購01,59940,0.56,0.56,0.53,0.53
704591,能率亞統一71購02,58400,0.8,0.8,0.8,0.8
704592,能率統一71購01,0,,,,
704605,系統電凱基5B購02,270590,0.51,0.57,0.5,0.51
704607,原相凱基5A購01,0,,,,
704620,博智群益5B購01,12600,2.52,2.52,2.52,2.52
704628,中光電統一61購01,300,0.03,0.03,0.03,0.03
704629,智通*統一61購01,0,,,,
704638,廣運永豐61購01,0,,,,
704650,聖暉*凱基5B購01,0,,,,
704665,鈊象元大5C購01,25560,0.66,0.66,0.63,0.63
704668,穩得元大5B購01,0,,,,
704685,穩懋永豐5A購02,78900,13.3,13.3,13.0,13.3
704712,精材元大61購04,16950,5.55,5.7,5.55,5.7
704719,世界永豐5B購01,0,,,,
704725,家登永豐5B購01,344200,2.17,2.27,2.13,2.17
704745,宜特國票5B購01,300,0.03,0.03,0.03,0.03
704766,精材元大61購05,15000,7.0,8.0,7.0,8.0
704773,大樹群益62購01,0,,,,
704775,博智群益62購01,19700,1.98,1.98,1.96,1.96
704781,點序群益62購01,32760,0.17,0.17,0.15,0.16
704794,擎亞永豐5B購01,15000,0.5,0.5,0.5,0.5
704831,信驊國票5C購01,0,,,,
704841,台半富邦5B購01,0,,,,
704842,台星科富邦5B購01,4450,0.46,0.46,0.43,0.43
704843,合晶富邦5B購01,0,,,,
704845,信驊富邦5B購01,0,,,,
704847,智通*富邦5B購01,0,,,,
704849,廣明富邦5B購01,0,,,,
704850,廣運富邦5B購01,0,,,,
704881,譜瑞兆豐62購01,0,,,,
704895,世界統一62購01,147610,0.79,0.79,0.73,0.75
704896,台星科統一62購01,1103640,0.78,0.78,0.73,0.76
704897,台燿統一62購01,113750,6.3,6.35,6.25,6.35
704898,光頡統一5C購02,0,,,,
704899,長科*統一61購01,4900,0.98,0.98,0.98,0.98
704900,茂達統一62購01,575680,0.53,0.57,0.53,0.54
704901,茂達統一62購02,0,,,,
704902,訊聯統一72購01,28000,0.28,0.28,0.28,0.28
704903,智通*統一68購01,0,,,,
704904,新復興統一72購01,1890,0.21,0.21,0.21,0.21
704905,穩懋統一72購01,6850,3.44,3.44,3.41,3.41
704906,穩懋統一72購02,0,,,,
704907,鑫聯統一62購01,0,,,,
704915,穩懋凱基5B購02,0,,,,
704925,系統電元大62購01,709440,0.39,0.43,0.37,0.41
704937,茂迪富邦61購01,58480,0.18,0.18,0.15,0.16
704944,印能統一65購01,0,,,,
704945,良維統一5C購01,30600,2.05,2.05,2.03,2.03
704946,閎康統一72購01,202700,0.61,0.65,0.6,0.65
704947,順達統一65購01,85000,0.85,0.85,0.85,0.85
704948,雙鴻統一5C購01,30600,1.7,1.7,1.7,1.7
704949,雙鴻統一65購01,0,,,,
704950,耀勝統一5C購03,0,,,,
704951,鑫科統一72購01,15040,0.69,0.69,0.67,0.67
704952,鑫聯統一72購01,0,,,,
704953,鑫聯統一72購02,0,,,,
704954,系微兆豐62購01,324830,2.36,2.36,2.17,2.17
704958,中探針群益5C購01,0,,,,
704997,雙鴻元大5B購01,275710,1.43,1.67,1.39,1.67
704998,雙鴻元大61購02,53040,1.56,1.56,1.56,1.56
705002,世界富邦5C購02,155900,1.19,1.19,1.08,1.08
705003,世界統一72購01,310790,0.97,0.97,0.92,0.93
705004,宏觀統一62購01,0,,,,
705005,茂迪統一72購01,105300,0.38,0.38,0.37,0.37
705006,茂達統一61購02,5800,0.58,0.58,0.58,0.58
705007,智通*統一62購01,0,,,,
705008,湧德統一61購03,0,,,,
705009,穩懋統一72購03,71100,3.58,3.58,3.53,3.53
705010,穩懋統一72購04,89180,3.17,3.22,3.15,3.19
705011,鑫聯統一61購01,0,,,,
705012,台燿永豐5C購01,0,,,,
705013,台燿永豐61購01,43200,21.6,21.6,21.6,21.6
705014,宏捷科永豐5A購01,0,,,,
705023,雙鴻凱基5C購01,0,,,,
705027,系統電群益5A購01,0,,,,
705028,宜特群益5A購01,0,,,,
705029,金山電群益5A購01,0,,,,
705031,訊聯群益5A購02,0,,,,
705034,精材群益5A購03,0,,,,
705038,宏觀國票5C購01,2500,0.1,0.1,0.1,0.1
705063,穩懋元大61購02,28140,4.12,4.12,3.98,3.98
705072,新應材凱基5A購01,0,,,,
705081,閎康群益5A購01,0,,,,
705083,精測群益5A購01,0,,,,
705084,精測群益62購03,2126310,0.5,0.5,0.41,0.43
705087,世界富邦5C購03,0,,,,
705089,新應材富邦63購01,230,0.23,0.23,0.23,0.23
705090,精測富邦5A購01,0,,,,
705091,正淩統一62購01,164300,0.46,0.48,0.46,0.46
705092,正淩統一65購01,120520,0.46,0.46,0.46,0.46
705093,宏觀統一72購01,0,,,,
705094,宜特統一62購01,0,,,,
705095,新復興統一62購01,0,,,,
705096,精測統一62購01,9220,0.12,0.12,0.09,0.11
705097,精測統一64購02,0,,,,
705098,精測統一72購01,50770,0.91,1.27,0.91,1.27
705099,雙鴻統一62購03,1910020,0.88,0.98,0.86,0.95
705100,鑫科統一62購01,0,,,,
705101,世界中信5B購01,0,,,,
705103,弘塑元富5A購02,0,,,,
705108,精測元富5B購01,0,,,,
705109,精測元富5B購02,0,,,,
705110,精測元富5B購03,0,,,,
705111,系統電永豐61購01,905640,0.94,1.14,0.94,1.14
705112,茂迪永豐5A購01,0,,,,
705114,新應材永豐61購01,12200,0.8,0.82,0.8,0.82
705117,系統電凱基5A購02,0,,,,
705126,大中統一62購01,5160,1.72,1.72,1.72,1.72
705127,宏觀統一72購02,0,,,,
705128,良維統一72購01,306490,1.35,1.38,1.34,1.38
705129,宜特統一72購01,15180,0.66,0.66,0.66,0.66
705130,長科*統一72購01,294770,1.22,1.26,1.21,1.21
705131,茂迪統一61購01,0,,,,
705132,茂迪統一72購02,1200,0.4,0.4,0.4,0.4
705133,博智統一62購01,0,,,,
705134,博智統一62購02,0,,,,
705135,穩懋統一72購05,0,,,,
705136,鏵友益統一72購01,78900,1.13,1.14,1.11,1.13
705137,台燿中信5A購01,0,,,,
705138,良維中信5C購01,48580,1.93,2.06,1.93,2.06
705142,新應材永豐5B購01,0,,,,
705143,正淩國票5B購01,14320,0.28,0.28,0.27,0.27
705161,雙鴻元大61購03,0,,,,
705169,正淩凱基5B購01,0,,,,
705171,系統電凱基61購01,447500,0.79,0.95,0.79,0.91
705179,雙鴻凱基5C購02,63850,1.8,2.08,1.8,2.08
705186,閎康富邦5A購01,1880,0.47,0.47,0.47,0.47
705188,元太統一62購01,33180,0.16,0.17,0.15,0.17
705190,弘塑統一72購01,346150,1.24,1.31,1.23,1.3
705191,正淩統一72購01,34000,0.68,0.68,0.68,0.68
705192,沛亨統一72購01,0,,,,
705193,宜鼎統一72購01,29670,1.29,1.29,1.29,1.29
705194,崴寶統一64購01,0,,,,
705195,崴寶統一72購01,0,,,,
705196,雙鴻統一72購01,864920,1.21,1.29,1.2,1.25
705197,鑫聯統一65購01,0,,,,
705212,雙鴻元大5C購01,0,,,,
705213,雙鴻元大61購04,322440,1.67,1.82,1.63,1.82
705214,神盾永豐5B購01,0,,,,
705215,崴寶永豐5B購01,17600,0.88,0.88,0.88,0.88
705216,雙鴻永豐61購01,0,,,,
705221,雙鴻元富5A購04,0,,,,
705222,雙鴻元富5A購05,0,,,,
705223,雙鴻元富5A購06,120000,1.25,1.25,1.25,1.25
705224,穩懋元富5A購02,0,,,,
705225,穩懋元富5A購03,0,,,,
705235,力旺凱基5B購01,28200,12.4,15.8,12.4,15.8
705238,穩懋凱基61購01,380850,5.25,5.4,5.05,5.4
705243,萬潤永豐62購01,0,,,,
705246,力旺元富5A購01,0,,,,
705254,雙鴻富邦5A購02,0,,,,
705255,雙鴻富邦5A購03,0,,,,
705257,力旺統一65購01,241660,1.65,1.65,1.29,1.35
705258,力旺統一72購01,791800,1.52,1.6,1.42,1.51
705259,凡甲統一72購01,550,0.55,0.55,0.55,0.55
705260,凡甲統一72購02,14740,0.67,0.67,0.67,0.67
705261,元太統一62購02,410,0.2,0.21,0.2,0.21
705262,元太統一72購01,2800,0.28,0.28,0.28,0.28
705263,弘塑統一72購02,0,,,,
705264,正淩統一72購02,0,,,,
705265,沛亨統一72購02,0,,,,
705266,博智統一72購01,84900,1.26,1.28,1.26,1.28
705267,閎康統一72購02,513940,0.82,0.88,0.8,0.88
705268,雙鴻統一62購04,8000,0.8,0.8,0.8,0.8
705269,穩懋統一65購02,600410,2.84,3.0,2.83,2.94
705276,力旺群益5A購01,0,,,,
705279,良維群益5C購01,0,,,,
705284,力旺元大5A購03,8250,2.75,2.75,2.75,2.75
705289,鈊象元大5C購02,1650,1.65,1.65,1.65,1.65
705292,宏觀凱基5B購01,0,,,,
705300,鈊象凱基61購01,788440,2.22,2.27,2.15,2.18
705303,台星科富邦5A購01,0,,,,
705304,台燿富邦5C購02,0,,,,
705305,宏觀富邦5A購01,0,,,,
705307,富喬富邦5B購01,1319260,0.66,0.7,0.61,0.66
705308,亞泰統一64購01,0,,,,
705309,亞泰統一72購01,0,,,,
705310,博智統一72購02,207040,0.88,0.91,0.88,0.88
705311,富喬統一62購01,44870,0.61,0.68,0.61,0.65
705312,富喬統一62購02,1116700,0.58,0.65,0.58,0.63
705313,精材統一65購01,8500,4.25,4.25,4.25,4.25
705314,精材統一72購01,65930,2.42,2.5,2.42,2.45
705315,鑫科統一72購02,0,,,,
705318,宜鼎國票5A購01,0,,,,
705324,富喬國票5A購01,1449140,1.22,1.38,1.15,1.35
705331,富喬元大5B購02,3780,0.54,0.54,0.54,0.54
705333,鈊象元大5C購03,9000,1.51,1.51,1.45,1.45
705337,穩懋元大61購04,32420,3.59,3.7,3.59,3.7
705341,富喬群益5A購01,3690,0.52,0.57,0.52,0.57
705343,弘塑永豐5B購01,3110,3.11,3.11,3.11,3.11
705346,富喬永豐5A購02,795780,0.6,0.62,0.56,0.62
705347,富喬永豐61購01,1356630,0.99,1.01,0.95,1.01
705348,富喬永豐65購01,749890,1.23,1.26,1.15,1.22
705349,雙鴻永豐5B購01,735740,1.52,1.74,1.48,1.74
705357,穩懋凱基61購02,133900,11.1,12.3,10.6,10.6
705358,良維兆豐5A購01,0,,,,
705360,中美晶元大5B購01,20400,4.08,4.08,4.08,4.08
705365,雙鴻元大5B購02,283990,1.89,1.97,1.84,1.95
705366,雙鴻元大5C購02,0,,,,
705370,穩懋元大61購05,264910,2.53,2.8,2.42,2.8
705372,力致統一64購01,115860,0.35,0.36,0.35,0.36
705373,凡甲統一61購01,0,,,,
705374,元太統一72購02,1650,0.33,0.33,0.33,0.33
705375,台燿統一62購02,6200,6.2,6.2,6.2,6.2
705376,正基統一64購01,0,,,,
705377,兆利統一64購01,0,,,,
705378,宏捷科統一61購04,319930,0.27,0.38,0.27,0.38
705379,沛亨統一68購01,0,,,,
705380,系統電統一5C購02,32700,0.34,0.36,0.34,0.35
705381,系微統一64購01,20120,0.6,0.6,0.58,0.58
705382,亞泰統一72購02,6120,3.06,3.06,3.06,3.06
705383,宜特統一65購01,0,,,,
705384,東捷統一72購01,0,,,,
705385,前鼎統一72購01,0,,,,
705386,茂達統一72購01,49080,0.84,0.85,0.84,0.85
705387,原相統一64購01,0,,,,
705388,能率統一72購01,4100,0.41,0.41,0.41,0.41
705389,富強鑫統一72購01,74700,0.68,0.68,0.67,0.67
705390,新漢統一64購02,0,,,,
705391,新漢統一72購01,3900,0.39,0.39,0.39,0.39
705392,萬潤統一62購01,6200,6.2,6.2,6.2,6.2
705393,鈺太統一64購01,0,,,,
705394,精材統一5C購02,0,,,,
705395,聚和統一64購01,0,,,,
705396,廣明統一72購01,0,,,,
705397,穩得統一72購01,79550,0.8,0.82,0.8,0.81
705398,穩懋統一61購06,31730,3.58,3.58,3.51,3.51
705399,穩懋統一62購01,1692440,2.39,2.51,2.35,2.4
705400,穩懋統一62購02,67910,3.64,3.85,3.64,3.85
705401,穩懋統一62購03,567660,2.36,2.78,2.36,2.52
705402,耀勝統一64購01,0,,,,
705403,耀勝統一72購01,0,,,,
705404,鑫科統一72購03,0,,,,
705410,沛亨永豐5B購01,0,,,,
705413,鉅橡永豐5A購02,0,,,,
705426,勤凱群益5A購01,0,,,,
705433,中美晶凱基5C購01,58500,5.85,5.85,5.85,5.85
705437,弘塑凱基5C購01,97910,4.54,4.96,4.54,4.96
705442,台特化兆豐5B購01,0,,,,
705443,新應材兆豐5B購01,700,0.04,0.05,0.04,0.05
705444,良維國票62購01,0,,,,
705446,信驊國票62購01,0,,,,
705449,鉅橡國票5B購01,0,,,,
705455,世界群益5B購02,0,,,,
705458,良維群益5B購01,0,,,,
705460,信驊群益5B購04,0,,,,
705461,湧德群益61購01,0,,,,
705462,順達群益5B購01,0,,,,
705475,雙鴻元大5C購03,0,,,,
705476,雙鴻元大61購05,18090,2.01,2.01,2.01,2.01
705477,台特化統一63購02,0,,,,
705478,台特化統一73購01,59920,0.56,0.56,0.56,0.56
705479,良維統一61購01,11500,1.15,1.15,1.15,1.15
705480,良維統一63購01,59400,0.9,0.9,0.9,0.9
705481,亞泰統一62購01,7200,7.2,7.2,7.2,7.2
705483,新應材統一62購02,4610,0.16,0.17,0.16,0.17
705484,萬潤統一62購02,0,,,,
705485,萬潤統一73購01,97400,4.87,4.87,4.87,4.87
705486,德微統一63購01,0,,,,
705487,穩懋統一66購01,1941070,2.1,2.19,2.03,2.13
705488,穩懋統一73購01,105960,2.39,2.45,2.39,2.43
705489,穩懋統一73購02,593360,2.35,2.65,2.28,2.36
705492,世界永豐5B購02,19630,3.95,3.95,3.89,3.89
705494,台特化永豐5B購01,0,,,,
705500,原相永豐5B購01,0,,,,
705502,萬潤永豐5B購01,147200,11.2,12.0,11.2,12.0
705504,雙鴻永豐5C購01,45900,2.55,2.55,2.55,2.55
705519,均華兆豐63購01,115240,3.01,3.16,2.97,3.16
705520,宜鼎兆豐63購01,0,,,,
705521,順達兆豐5B購01,0,,,,
705522,雙鴻兆豐5B購01,0,,,,
705525,良維凱基5B購02,0,,,,
705527,萬潤凱基5B購01,0,,,,
705534,雙鴻凱基5B購01,3360,1.12,1.12,1.12,1.12
705544,萬潤元大5B購01,13100,13.1,13.1,13.1,13.1
705548,雙鴻元大61購06,44800,0.82,0.82,0.81,0.81
705552,穩懋元大5B購04,646630,2.38,2.39,2.33,2.34
705553,穩懋元大5C購04,597930,1.98,2.03,1.85,1.98
705554,宜鼎富邦5C購02,0,,,,
705555,中探針永豐5C購01,11040,3.68,3.68,3.68,3.68
705557,茂迪永豐5C購01,400,0.02,0.02,0.02,0.02
705558,神盾永豐5C購01,0,,,,
705559,博智永豐5B購01,0,,,,
705560,萬潤永豐5C購01,440380,4.12,4.51,4.12,4.51
705562,環球晶永豐5B購01,0,,,,
705565,穩懋永豐5C購02,15051340,2.63,2.75,2.47,2.62
705566,耀勝永豐5C購01,0,,,,
705570,世界凱基5C購01,18510,1.43,1.43,1.41,1.41
705575,原相凱基5B購01,0,,,,
705577,鉅橡凱基5B購01,0,,,,
705581,良維永豐5B購01,57600,0.96,0.96,0.96,0.96
705584,旺矽永豐5B購01,0,,,,
705587,精材永豐5B購01,0,,,,
705589,鏵友益永豐5C購01,45800,0.88,0.94,0.88,0.94
705590,鑫聯永豐5C購01,0,,,,
705599,雙鴻元大61購07,50250,1.01,1.01,1.0,1.0
705604,良維國票67購01,34070,2.35,2.44,2.35,2.44
705606,旺矽國票61購01,0,,,,
705610,精材國票5C購01,11700,11.7,11.7,11.7,11.7
705611,雙鴻國票5C購01,0,,,,
705617,良維群益5B購02,1240,0.62,0.62,0.62,0.62
705621,旺矽群益5B購01,0,,,,
705630,旺矽兆豐5B購01,0,,,,
705633,順達永豐5B購01,0,,,,
705634,新復興永豐5B購01,0,,,,
705638,宜鼎群益5B購01,0,,,,
705644,原相群益5C購01,0,,,,
705659,印能元大5C購01,0,,,,
705665,環球晶元大61購01,0,,,,
705666,鑫聯元大61購01,0,,,,
705671,鈊象富邦5B購01,283630,0.5,0.53,0.47,0.47
705672,聖暉*富邦5B購01,64700,0.78,0.85,0.72,0.73
705674,環球晶富邦5C購01,0,,,,
705675,雙鴻富邦5C購01,825190,1.1,1.27,1.1,1.18
705676,雙鴻富邦5C購02,1864200,0.74,0.86,0.73,0.82
705677,譜瑞富邦5C購01,2600,2.6,2.6,2.6,2.6
705697,新復興凱基5B購01,0,,,,
705702,宏捷科國票62購01,28800,0.21,0.3,0.2,0.29
705705,新復興國票5B購01,0,,,,
705711,台特化元大5C購01,7320,0.34,0.42,0.34,0.42
705712,台燿元大61購03,0,,,,
705718,宜鼎元大5C購04,0,,,,
705719,宜鼎元大61購02,2290,2.29,2.29,2.29,2.29
705726,雙鴻元大61購08,0,,,,
705728,台特化群益62購01,10040,0.29,0.29,0.27,0.27
705733,宜特群益5B購01,0,,,,
705736,正基永豐5B購01,0,,,,
705737,印能永豐5C購01,0,,,,
705739,系統電永豐64購01,562090,1.18,1.37,1.18,1.33
705753,晟德凱基5A購01,0,,,,
705755,雙鴻凱基5C購03,3080,3.08,3.08,3.08,3.08
705758,世界元大5C購01,0,,,,
705759,台特化元大5C購02,3520,0.11,0.11,0.11,0.11
705769,新應材元大5A購01,0,,,,
705770,新應材元大61購01,7580,0.19,0.2,0.19,0.2
705774,雙鴻元大61購09,136550,2.02,2.15,2.02,2.14
705775,宜特國票5A購02,0,,,,
705776,前鼎國票5B購01,0,,,,
705777,閎康國票5A購01,0,,,,
705778,鈊象國票5A購01,0,,,,
705779,榮剛國票5A購01,0,,,,
705781,鏵友益國票5B購01,27180,1.02,1.02,0.56,0.6
705782,鑫聯國票5A購01,0,,,,
705783,良維中信61購01,591980,1.09,1.17,1.07,1.12
705785,新應材永豐63購01,11920,0.86,0.86,0.84,0.84
705791,宏捷科元富5C購01,280420,0.61,0.79,0.53,0.73
705800,大綜統一73購01,78520,0.81,0.82,0.79,0.82
705801,印能統一62購01,5640,1.88,1.88,1.88,1.88
705802,旺矽統一63購03,0,,,,
705803,前鼎統一62購01,0,,,,
705804,環球晶統一63購01,81960,4.33,4.33,4.22,4.22
705805,環球晶統一63購02,184290,4.54,4.61,4.4,4.41
705806,環球晶統一73購01,166580,3.63,3.63,3.6,3.6
705807,環球晶統一73購02,1330020,2.88,2.88,2.74,2.74
705808,前鼎國泰5A購01,60000,12.0,12.0,12.0,12.0
705809,元太國票5A購02,0,,,,
705810,岳豐國票5A購02,0,,,,
705811,長佳智國票5A購01,0,,,,
705812,前鼎國票61購01,0,,,,
705813,晟德國票5A購02,0,,,,
705814,精星國票5A購01,0,,,,
705816,寶雅國票5A購01,82420,0.72,0.75,0.72,0.75
705818,凡甲永豐5B購01,0,,,,
705819,台星科永豐5C購01,199610,1.27,1.28,1.21,1.24
705820,宜特永豐5C購01,0,,,,
705823,前鼎永豐5C購01,324490,4.89,4.98,4.72,4.72
705824,能率永豐5C購01,0,,,,
705826,順達永豐61購01,158920,3.33,3.54,3.27,3.31
705827,良維兆豐5B購01,0,,,,
705828,雙鴻兆豐5B購02,0,,,,
705841,元太元大5B購01,260,0.26,0.26,0.26,0.26
705845,信驊元大5C購01,0,,,,
705846,新應材元大5A購02,0,,,,
705847,新應材元大61購02,28000,0.28,0.28,0.28,0.28
705853,雙鴻元大61購10,981750,1.85,1.95,1.82,1.95
705854,台特化統一63購03,7200,0.24,0.24,0.24,0.24
705855,弘塑統一73購01,0,,,,
705856,印能統一73購01,133560,1.63,1.63,1.62,1.62
705857,沛亨統一73購01,0,,,,
705858,良維統一73購01,560,0.56,0.56,0.56,0.56
705859,旺矽統一73購01,54810,3.02,3.05,3.02,3.05
705860,順達統一73購01,151720,0.6,0.62,0.6,0.62
705861,新應材統一73購01,97490,0.29,0.3,0.28,0.3
705862,萬泰科統一62購01,0,,,,
705863,德微統一73購01,2100,2.1,2.1,2.1,2.1
705864,環球晶統一62購01,0,,,,
705865,穩得統一73購01,0,,,,
705870,信驊凱基5B購01,0,,,,
705871,信驊凱基61購02,69000,6.9,6.9,6.9,6.9
705872,信驊凱基61購03,0,,,,
705874,鈊象凱基61購02,703830,1.98,1.99,1.92,1.92
705875,新應材凱基61購01,1860,0.16,0.17,0.16,0.17
705876,榮剛凱基5A購01,0,,,,
705877,環球晶凱基61購01,0,,,,
705878,弘塑富邦5B購01,124800,1.3,1.58,1.3,1.58
705879,良維富邦5B購01,63070,0.61,0.69,0.61,0.69
705880,新應材富邦63購02,0,,,,
705881,雙鴻國泰5A購01,0,,,,
705887,新應材群益5A購01,0,,,,
705894,元太凱基5B購02,0,,,,
705896,台特化凱基5C購01,0,,,,
705899,旺矽凱基5B購01,0,,,,
705901,新應材凱基5A購02,0,,,,
705903,精材凱基61購02,0,,,,
705908,旺矽兆豐5B購02,0,,,,
705909,新應材兆豐5B購02,1000,0.02,0.02,0.02,0.02
705913,宜鼎群益5B購02,0,,,,
705917,雙鴻群益63購01,0,,,,
705923,弘塑永豐5B購02,37820,0.62,0.62,0.62,0.62
705924,匯鑽科永豐5A購01,0,,,,
705925,新應材永豐5A購01,0,,,,
705926,新應材永豐5C購04,7750,0.04,0.05,0.04,0.05
705927,新應材永豐63購02,17070,0.16,0.17,0.15,0.17
705928,雙鴻永豐63購01,113160,1.9,2.02,1.9,2.02
705929,新應材國泰5A購02,0,,,,
705931,台半國票5A購01,732700,7.9,7.9,5.75,5.75
705932,弘塑國票5A購01,580,0.25,0.33,0.25,0.33
705933,宜鼎國票5C購01,39500,3.95,3.95,3.95,3.95
705934,松瑞藥國票5A購01,0,,,,
705935,胡連國票5A購01,350,0.01,0.01,0.01,0.01
705936,順達國票5A購01,23940,0.5,0.57,0.5,0.51
705938,新應材國票5A購02,0,,,,
705939,新應材國票5B購01,0,,,,
705940,新應材國票5C購01,3600,0.06,0.06,0.06,0.06
705941,群翊國票5A購01,65030,2.03,2.1,2.03,2.1
705942,聖暉*國票5A購02,0,,,,
705943,德微國票5A購01,0,,,,
705944,新應材富邦5C購02,7000,0.07,0.07,0.07,0.07
705945,均豪統一73購01,0,,,,
705946,宏捷科統一63購01,208570,0.28,0.34,0.26,0.34
705947,系微統一73購01,180580,0.64,0.65,0.64,0.64
705948,良維統一63購02,0,,,,
705949,良維統一73購02,50250,0.85,0.86,0.85,0.86
705950,宜特統一73購01,101000,0.51,0.51,0.5,0.5
705951,信紘科統一63購01,0,,,,
705952,前鼎統一73購01,52800,1.76,1.76,1.76,1.76
705953,鉅橡統一73購01,0,,,,
705954,鈺太統一66購01,6300,0.21,0.21,0.21,0.21
705968,新應材元大5A購03,0,,,,
705969,新應材元大61購03,9630,0.09,0.09,0.09,0.09
705984,博智元大5C購02,0,,,,
705986,世紀*國票5A購01,474850,4.64,4.64,3.85,3.85
705987,台特化國票5A購03,0,,,,
705988,閎康國票5A購02,0,,,,
705989,雙鴻國票5A購02,47600,7.8,8.0,7.8,8.0
705991,弘塑國泰5A購01,0,,,,
705992,均華國泰5A購01,0,,,,
705993,宜鼎富邦63購01,0,,,,
705994,蜜望實統一63購01,0,,,,
705995,蜜望實統一73購01,0,,,,
705996,世界群益5B購03,0,,,,
705997,旺矽群益5B購02,0,,,,
705998,神盾群益5B購01,128720,2.3,2.3,2.23,2.23
706001,雙鴻群益5B購03,0,,,,
706004,精材中信61購01,5300,5.3,5.3,5.3,5.3
706005,蜜望實永豐5B購01,0,,,,
706006,穩得永豐5B購01,0,,,,
706010,旺矽凱基5C購01,0,,,,
706011,博智凱基5C購01,700580,3.41,3.71,3.41,3.48
706015,緯軟國票5B購01,24540,0.06,0.06,0.06,0.06
706016,雙鴻國票5A購03,92000,1.61,2.3,1.61,2.3
706017,宜鼎中信61購01,3400,0.85,0.85,0.85,0.85
706018,弘塑永豐63購01,479910,1.93,2.2,1.93,2.1
706019,均華永豐5B購01,243920,3.28,4.23,3.28,4.23
706020,旺矽永豐61購01,91100,3.1,3.16,3.1,3.16
706021,鈊象永豐5A購01,0,,,,
706027,大中統一73購01,198920,1.3,1.39,1.27,1.27
706028,台特化統一66購01,0,,,,
706029,台特化統一68購01,0,,,,
706030,均華統一62購01,0,,,,
706031,均華統一63購03,64000,0.63,0.65,0.63,0.65
706032,均華統一73購01,339630,0.69,0.69,0.6,0.63
706033,均豪統一63購01,6080,0.58,0.62,0.58,0.62
706034,宜鼎統一62購01,0,,,,
706035,旺矽統一63購04,0,,,,
706036,新普統一63購01,2560,0.52,0.52,0.5,0.5
706037,新普統一73購01,0,,,,
706038,聖暉*統一61購01,48960,0.96,0.96,0.96,0.96
706039,蜜望實統一62購01,0,,,,
706040,鑫聯統一62購02,34440,0.17,0.18,0.17,0.18
706044,鈺太群益5A購01,0,,,,
706047,台燿富邦63購01,0,,,,
706049,博智富邦5B購01,0,,,,
706050,蜜望實富邦5B購01,0,,,,
706051,印能國泰5A購01,0,,,,
706052,均華國泰5A購02,0,,,,
706053,鈊象國泰5A購01,0,,,,
706054,台特化元大5B購01,0,,,,
706055,台特化元大63購01,13940,0.52,0.52,0.51,0.51
706060,弘塑元大63購02,121280,2.98,3.22,2.97,3.2
706071,雙鴻元大63購01,0,,,,
706072,弘塑凱基5A購01,310,0.31,0.31,0.31,0.31
706073,宜鼎凱基5A購04,0,,,,
706074,鈊象凱基5C購01,0,,,,
706081,雙鴻中信63購01,758470,0.77,0.84,0.75,0.8
706086,旺矽永豐5A購02,0,,,,
706087,旺矽永豐61購02,184010,2.16,2.32,2.16,2.32
706088,旺矽永豐64購01,149640,3.3,3.34,3.3,3.34
706089,茂迪永豐61購01,0,,,,
706090,萬泰科永豐5C購01,0,,,,
706092,力致國泰5A購01,8650,0.19,0.2,0.19,0.2
706093,弘塑國泰5A購02,0,,,,
706094,均豪國泰5A購01,0,,,,
706095,系統電國泰5A購01,0,,,,
706096,東捷國泰5A購01,0,,,,
706097,弘塑富邦5C購01,711940,0.82,0.95,0.81,0.94
706098,宜鼎富邦5C購03,535220,0.7,0.76,0.7,0.71
706099,旺矽富邦5B購02,0,,,,
706100,旺矽富邦63購01,0,,,,
706101,茂迪富邦63購01,110,0.11,0.11,0.11,0.11
706103,台特化元大63購02,28050,0.51,0.51,0.51,0.51
706105,宏捷科元大5C購01,9300,0.15,0.18,0.15,0.18
706115,雙鴻元大63購02,0,,,,
706116,力致國票5A購01,0,,,,
706117,台半國票5A購02,72500,7.25,7.25,7.25,7.25
706118,台星科國票61購01,196490,1.76,1.76,1.61,1.72
706119,宏捷科國票5A購01,6000,0.03,0.03,0.03,0.03
706120,良維國票5A購01,3400,0.34,0.34,0.34,0.34
706121,宜鼎國票5A購03,197120,0.32,0.32,0.32,0.32
706122,旺矽國票5B購02,0,,,,
706124,臺慶科國票61購01,186440,1.48,1.58,1.44,1.58
706125,鑫聯國票5C購01,0,,,,
706126,大綜統一63購01,2400,1.2,1.2,1.2,1.2
706127,大綜統一66購01,559890,0.99,1.06,0.96,1.06
706128,台特化統一62購02,0,,,,
706129,巨漢統一63購01,0,,,,
706130,正基統一62購01,0,,,,
706131,正基統一63購01,0,,,,
706132,正基統一63購02,0,,,,
706133,均豪統一66購01,59850,0.68,0.68,0.67,0.67
706134,宜鼎統一63購02,723030,0.81,0.83,0.81,0.81
706135,宜鼎統一63購03,93590,0.49,0.49,0.49,0.49
706136,宜鼎統一66購02,464490,0.67,0.7,0.67,0.7
706137,宜鼎統一73購01,35590,0.6,0.61,0.6,0.6
706138,茂迪統一67購01,2570,0.24,0.24,0.23,0.23
706139,聚和統一73購01,181630,0.7,0.7,0.69,0.69
706140,蜜望實統一66購01,0,,,,
706141,蜜望實統一68購01,0,,,,
706142,雙鴻統一63購01,8190,1.15,1.22,1.15,1.22
706146,台特化群益5A購01,0,,,,
706150,旺矽群益63購01,218630,3.09,3.29,3.09,3.29
706153,德微群益63購01,0,,,,
706154,雙鴻群益63購02,144750,0.82,0.87,0.82,0.87
706155,台特化凱基5C購02,960,0.32,0.32,0.32,0.32
706160,宜鼎凱基5C購02,0,,,,
706161,旺矽凱基63購01,1028320,2.02,2.24,2.02,2.24
706162,旺矽凱基63購02,181230,2.6,2.75,2.54,2.75
706163,東捷凱基63購01,0,,,,
706166,德微凱基5A購01,0,,,,
706168,雙鴻凱基63購01,0,,,,
706170,良維群益5C購02,8950,1.79,1.79,1.79,1.79
706173,精測群益5B購01,0,,,,
706175,宜鼎國泰5A購02,0,,,,
706176,宜鼎國泰61購01,0,,,,
706177,旺矽國泰5A購02,0,,,,
706178,弘塑富邦63購01,1147330,0.74,0.87,0.74,0.83
706179,均華富邦5B購01,226600,0.63,0.71,0.62,0.71
706180,均華統一63購04,394380,0.47,0.56,0.46,0.52
706181,良維統一63購03,172000,0.67,0.7,0.67,0.7
706182,旺矽統一63購05,550800,1.26,1.28,1.26,1.28
706183,茂迪統一63購01,0,,,,
706184,台特化元大63購03,0,,,,
706185,均華元大5C購01,22500,0.45,0.45,0.45,0.45
706186,宏捷科元大5C購02,309060,0.35,0.41,0.35,0.41
706198,精測元大5C購02,18380,0.13,0.14,0.07,0.07
706203,鑫聯元大63購01,0,,,,
706204,中美晶國票61購01,0,,,,
706206,均華國票5B購01,381180,0.61,0.66,0.58,0.65
706207,宜鼎國票65購01,388250,1.46,1.52,1.45,1.46
706208,旺矽國票5C購01,165030,3.06,3.31,3.04,3.31
706209,旺矽國票67購01,4692650,3.09,3.34,3.09,3.33
706210,德微國票65購01,17550,5.9,5.9,5.75,5.75
706213,精測中信5B購01,1890,0.01,0.01,0.01,0.01
706214,宜鼎永豐5B購01,246940,0.48,0.51,0.48,0.51
706215,旺矽永豐5C購01,538960,1.87,1.99,1.87,1.99
706216,東捷永豐61購01,17200,8.6,8.6,8.6,8.6
706218,精測永豐5B購01,0,,,,
706219,精測永豐61購01,32320,0.1,0.11,0.1,0.11
706220,鑫科永豐5C購02,0,,,,
706223,弘塑元富5C購01,296060,1.3,1.48,1.3,1.48
706225,宏捷科元富5C購02,529950,0.3,0.43,0.3,0.39
706239,中美晶兆豐63購01,0,,,,
706240,元太兆豐63購01,429180,1.14,1.16,1.14,1.16
706241,環球晶兆豐5B購01,0,,,,
706245,M31凱基5B購01,39400,0.29,0.29,0.26,0.26
706246,台燿凱基61購01,0,,,,
706248,弘塑凱基5A購02,0,,,,
706249,宏捷科凱基5C購01,76240,0.19,0.21,0.18,0.21
706252,信驊凱基5B購02,0,,,,
706253,信驊凱基5C購01,0,,,,
706259,M31永豐5B購01,86400,0.5,0.5,0.48,0.48
706260,M31永豐5C購01,624490,0.56,0.56,0.5,0.5
706261,大中永豐5B購01,30130,1.55,1.68,1.55,1.6
706264,台燿永豐5B購01,0,,,,
706265,良維永豐5B購02,0,,,,
706269,M31元富5A購01,0,,,,
706274,良維群益5C購03,0,,,,
706275,信驊群益5B購05,0,,,,
706276,聖暉*群益61購01,8270,2.05,2.12,2.05,2.05
706279,台燿國泰5A購01,0,,,,
706280,台燿國泰5A購02,0,,,,
706281,德微國泰5A購01,0,,,,
706282,M31統一63購03,156140,0.54,0.55,0.49,0.49
706283,M31富邦5B購01,260810,0.26,0.27,0.26,0.26
706284,台特化富邦5C購01,480,0.06,0.06,0.06,0.06
706285,信驊富邦5C購01,0,,,,
706286,茂迪富邦5C購01,0,,,,
706287,雙鴻富邦5C購03,357300,1.1,1.23,1.09,1.21
706288,M31國票5A購01,3150,0.03,0.03,0.03,0.03
706292,宏觀國票5C購02,500,0.05,0.05,0.05,0.05
706293,沛亨國票5A購02,76000,0.76,0.76,0.76,0.76
706294,信驊國票5B購03,0,,,,
706297,環球晶國票5A購01,0,,,,
706298,鑫科國票5A購01,0,,,,
706313,雙鴻元大5C購04,161880,1.27,1.43,1.25,1.43
706316,台燿兆豐5B購01,0,,,,
706317,弘塑兆豐5B購01,44400,0.74,0.74,0.74,0.74
706318,聖暉*兆豐5B購01,0,,,,
706319,印能凱基5B購01,73800,2.46,2.46,2.46,2.46
706322,亞泰凱基5A購01,0,,,,
706324,聖暉*凱基5B購02,51000,2.55,2.55,2.55,2.55
706325,環球晶凱基5C購01,0,,,,
706327,穩得凱基5C購01,6300,0.63,0.63,0.63,0.63
706328,弘塑國票65購01,151430,1.64,1.82,1.64,1.8
706331,亞泰國票5A購01,249300,2.57,2.95,2.57,2.95
706332,華宏國票5A購01,0,,,,
706336,茂迪元大5C購01,0,,,,
706339,雙鴻元大5C購05,750190,1.25,1.38,1.22,1.34
706340,穩得元大63購01,120000,0.6,0.6,0.6,0.6
706341,鑫聯元大63購02,0,,,,
706342,雙鴻國泰61購01,143140,2.65,2.72,2.6,2.6
706343,台燿富邦63購02,0,,,,
706344,德微富邦5C購01,15620,1.44,1.44,1.4,1.42
706345,世界統一63購01,0,,,,
706346,台特化統一63購04,0,,,,
706347,印能統一63購01,3400,0.85,0.85,0.85,0.85
706348,亞泰統一62購02,34080,2.22,2.45,2.15,2.28
706349,博智統一63購01,698260,1.31,1.42,1.31,1.41
706350,鈺太統一63購01,0,,,,
706351,弘塑永豐5C購03,322330,0.69,0.8,0.69,0.75
706354,雙鴻永豐61購02,149820,2.27,2.27,2.27,2.27
706355,雙鴻永豐64購01,710790,2.18,2.36,2.11,2.32
706371,良維凱基61購01,546580,1.3,1.4,1.29,1.35
706378,正淩永豐5B購01,0,,,,
706379,東捷永豐5A購01,5100,5.1,5.1,5.1,5.1
706389,美琪瑪群益5A購01,970,0.07,0.07,0.06,0.07
706390,湧德群益5B購01,0,,,,
706392,雙鴻群益5B購04,0,,,,
706393,雙鴻群益5B購05,0,,,,
706394,宏觀國泰5A購02,0,,,,
706399,華義國票5A購02,0,,,,
706401,頎邦國票5A購01,0,,,,
706402,聚和國票5A購02,0,,,,
706411,中美晶凱基5A購01,0,,,,
706412,弘塑凱基5B購01,194040,0.28,0.28,0.28,0.28
706413,印能凱基5B購02,0,,,,
706414,湧德凱基5A購01,0,,,,
706415,閎康凱基5B購01,78900,3.87,4.02,3.87,4.02
706418,精材國泰5A購01,0,,,,
706419,弘塑富邦61購01,1370020,0.58,0.67,0.56,0.65
706420,宏捷科富邦5B購01,200,0.2,0.2,0.2,0.2
706421,宏捷科富邦5C購01,486220,0.14,0.21,0.13,0.19
706422,家登富邦5B購01,0,,,,
706423,智通*富邦5B購02,47640,0.62,0.62,0.58,0.58
706424,環球晶富邦5A購01,8980,4.49,4.49,4.49,4.49
706425,雙鴻富邦5C購04,0,,,,
706432,茂迪元大63購05,35720,0.13,0.13,0.12,0.12
706439,穩得元大5A購01,0,,,,
706441,弘塑群益5A購03,0,,,,
706442,印能群益5B購01,0,,,,
706446,湧德群益5C購01,0,,,,
706448,環球晶群益5A購02,0,,,,
706449,穩得群益5A購01,0,,,,
706451,中美晶永豐5A購02,0,,,,
706452,中美晶永豐5C購01,77380,1.47,1.47,1.3,1.3
706453,弘塑永豐63購02,279140,0.67,0.75,0.67,0.75
706455,系微永豐5C購01,0,,,,
706456,博智永豐5C購01,112460,1.72,1.84,1.72,1.79
706457,華宏永豐5A購01,0,,,,
706460,雙鴻永豐5B購02,0,,,,
706461,鑫聯永豐61購01,0,,,,
706464,台燿元富63購01,0,,,,
706468,華宏元富5B購01,402910,0.27,0.27,0.23,0.23
706472,中美晶凱基61購01,0,,,,
706474,沛亨凱基5B購01,79750,1.19,1.19,1.12,1.12
706476,良維凱基5C購01,273040,1.63,1.73,1.63,1.73
706479,博智凱基61購01,1396140,1.14,1.24,1.13,1.13
706480,湧德凱基5B購01,0,,,,
706481,閎康凱基5A購01,0,,,,
706484,臺慶科凱基5A購01,0,,,,
706485,雙鴻凱基5C購04,524150,1.8,1.98,1.75,1.93
706488,合晶國票5A購01,0,,,,
706489,均豪國票5A購01,120,0.06,0.06,0.06,0.06
706490,頎邦國票5A購02,0,,,,
706491,鑫聯國票5A購04,0,,,,
706492,廣明兆豐63購01,0,,,,
706496,宜特群益63購01,0,,,,
706497,博智群益69購01,670,0.67,0.67,0.67,0.67
706498,閎康群益63購02,18180,1.49,1.53,1.49,1.53
706500,中美晶國泰5A購01,0,,,,
706501,合晶國泰5A購01,0,,,,
706502,良維國泰5A購01,0,,,,
706503,世界富邦61購01,100530,1.33,1.33,1.23,1.23
706504,台特化富邦5A購01,0,,,,
706505,台燿富邦63購03,0,,,,
706507,中美晶元大5C購02,305000,3.04,3.06,3.04,3.06
706508,中美晶元大63購01,61200,2.04,2.04,2.04,2.04
706509,台特化元大5A購03,0,,,,
706513,博智元大63購01,708230,1.01,1.09,0.99,1.01
706517,萬泰科元大5C購01,0,,,,
706524,雙鴻中信63購02,806600,0.63,0.7,0.62,0.66
706528,勤凱永豐5C購02,0,,,,
706532,系微國票5A購01,0,,,,
706534,前鼎國票61購02,0,,,,
706535,閎康國票5A購03,400,0.1,0.1,0.1,0.1
706536,順達國票5A購02,0,,,,
706538,鈺太國票5A購01,0,,,,
706545,閎康凱基61購01,0,,,,
706548,雙鴻凱基5A購03,0,,,,
706549,穩得凱基63購01,0,,,,
706550,鑫聯凱基61購01,27300,0.54,0.55,0.54,0.55
706553,台燿永豐64購01,0,,,,
706555,系微永豐5A購01,0,,,,
706557,聖暉*永豐5B購01,11850,0.79,0.79,0.79,0.79
706558,聚和永豐5B購01,0,,,,
706560,台燿國泰5A購03,0,,,,
706561,宜特國泰5A購01,0,,,,
706562,鑫聯國泰5A購02,0,,,,
706563,台燿富邦73購01,7060,3.53,3.53,3.53,3.53
706564,良維富邦5C購01,454610,0.54,0.58,0.54,0.57
706565,博智富邦61購01,985430,0.67,0.75,0.66,0.7
706566,順達富邦5C購01,214670,0.91,0.98,0.91,0.98
706567,精測富邦5B購01,314960,0.1,0.11,0.1,0.1
706569,中美晶群益5B購01,0,,,,
706572,良維群益61購01,29400,1.45,1.48,1.45,1.47
706573,博智群益63購01,72200,2.54,2.67,2.52,2.65
706574,閎康群益5B購02,0,,,,
706575,閎康群益5B購03,0,,,,
706576,順達群益5C購01,181230,1.62,1.74,1.59,1.59
706579,精測群益63購01,3160480,0.44,0.49,0.43,0.43
706588,博智元大63購02,701700,0.77,0.81,0.76,0.79
706590,萬泰科元大5C購02,62480,1.24,1.4,1.24,1.4
706594,精測元大5C購03,0,,,,
706596,中美晶凱基5B購01,4840,4.84,4.84,4.84,4.84
706601,系微凱基5A購01,0,,,,
706605,華電網凱基5B購01,0,,,,
706606,華電網凱基61購01,0,,,,
706607,閎康凱基5A購02,0,,,,
706608,順達凱基5A購01,1030,1.03,1.03,1.03,1.03
706611,元太國票5A購03,1500,0.1,0.1,0.1,0.1
706612,弘塑國票5C購01,4810,0.37,0.37,0.37,0.37
706613,弘塑國票63購01,217480,0.81,0.94,0.81,0.92
706615,宏觀國票5A購02,0,,,,
706616,系微國票5A購02,0,,,,
706617,美琪瑪國票5A購01,0,,,,
706618,神盾國票5A購01,0,,,,
706622,鈊象國票5A購02,0,,,,
706623,萬泰科國票5A購03,3790,1.17,1.31,1.17,1.31
706624,穩得國票5A購01,0,,,,
706625,譜瑞國票5A購01,1140,0.19,0.19,0.19,0.19
706647,弘塑群益5B購02,26500,0.25,0.25,0.25,0.25
706653,弘塑國泰5A購03,0,,,,
706654,弘塑國泰5A購04,0,,,,
706655,系微國泰5A購01,0,,,,
706656,佶優國泰5A購01,0,,,,
706657,順達國泰5A購01,0,,,,
706658,中美晶富邦63購01,6540,3.27,3.27,3.27,3.27
706659,弘塑富邦61購02,205520,0.42,0.5,0.42,0.48
706660,均豪富邦61購01,241190,0.44,0.45,0.42,0.45
706661,宏觀富邦5B購01,0,,,,
706662,沛亨富邦61購01,328340,0.82,0.82,0.77,0.77
706663,華電網富邦5C購01,180,0.03,0.03,0.03,0.03
706664,系微永豐5C購02,20410,0.28,0.28,0.27,0.27
706666,華電網永豐5A購01,0,,,,
706667,閎康永豐5B購01,21700,0.36,0.38,0.36,0.38
706673,弘塑元富5C購02,0,,,,
706674,華義元富5A購01,0,,,,
706676,台特化兆豐5B購02,0,,,,
706677,順達兆豐5B購02,321390,0.94,1.0,0.94,0.99
706678,雙鴻兆豐5B購03,0,,,,
706683,家登國泰5A購01,2700,2.7,2.7,2.7,2.7
706684,閎康國泰5A購01,0,,,,
706685,元太富邦5B購01,0,,,,
706686,頎邦富邦5B購01,0,,,,
706687,台特化凱基63購01,0,,,,
706691,美琪瑪凱基5A購01,0,,,,
706693,家登凱基5C購02,0,,,,
706695,立碁永豐5A購01,59290,1.89,2.2,1.89,2.2
706696,立碁永豐5B購01,0,,,,
706698,穩得永豐61購01,0,,,,
706703,鈊象中信5C購01,33320,0.34,0.34,0.34,0.34
706705,立碁國票5A購01,431620,1.9,2.68,1.46,2.68
706708,閎康國票61購01,16800,0.84,0.84,0.84,0.84
706710,良維統一62購02,598140,0.86,0.91,0.84,0.88
706711,宜特統一62購02,12000,0.4,0.4,0.4,0.4
706712,信紘科統一63購02,82460,0.47,0.52,0.47,0.5
706713,前鼎統一63購01,2860,2.86,2.86,2.86,2.86
706714,閎康統一63購01,12540,0.33,0.33,0.33,0.33
706715,萬泰科統一62購02,13310,1.1,1.11,1.1,1.11
706727,宜特元大5C購01,0,,,,
706732,閎康元大5A購01,0,,,,
706733,閎康元大63購03,124770,0.5,0.56,0.48,0.56
706743,前鼎凱基61購01,112500,5.45,5.8,5.45,5.8
706745,聖暉*凱基5A購01,0,,,,
706748,聚和凱基5A購02,0,,,,
706749,雙鴻凱基61購01,0,,,,
706751,聖暉*兆豐5B購02,0,,,,
706752,久元國票5A購01,0,,,,
706754,世紀*國票5A購02,175640,2.81,2.81,2.5,2.5
706755,矽科國票5A購01,0,,,,
706756,矽科國票5A購02,0,,,,
706759,捷創國票5A購01,0,,,,
706760,順達國票5B購01,2479760,0.66,0.7,0.66,0.67
706761,聖暉*國票5A購04,0,,,,
706782,印能國泰5A購02,0,,,,
706783,前鼎國泰5A購02,0,,,,
706784,聖暉*國泰5A購01,0,,,,
706785,聖暉*國泰5A購02,0,,,,
706787,台特化群益5A購02,0,,,,
706789,前鼎群益5B購01,0,,,,
706790,順達群益5B購02,51240,1.05,1.14,1.05,1.11
706791,萬泰科群益5A購01,7620,1.27,1.27,1.27,1.27
706793,元太富邦5B購02,0,,,,
706794,宜特富邦5B購01,0,,,,
706795,前鼎富邦5B購01,0,,,,
706796,鈊象富邦5B購02,0,,,,
706797,頎邦富邦5C購01,0,,,,
706798,雙鴻富邦5B購01,0,,,,
706799,立碁統一63購01,1862560,1.12,1.26,1.02,1.26
706800,立碁統一66購01,1001960,0.98,1.22,0.88,1.22
706801,順達統一63購02,204110,0.71,0.74,0.7,0.7
706802,順達統一66購01,0,,,,
706803,聖暉*統一65購01,24490,0.79,0.79,0.79,0.79
706804,雙鴻統一66購01,6050,0.87,0.87,0.85,0.85
706807,矽科永豐5B購01,0,,,,
706808,聖暉*永豐5B購02,0,,,,
706809,頎邦永豐5A購01,0,,,,
706825,前鼎凱基5B購01,7550,7.55,7.55,7.55,7.55
706826,順達凱基5B購02,0,,,,
706829,元債20元大5B購02,0,,,,
706830,元債20元大62購01,0,,,,
706831,元債20元大65購01,0,,,,
706841,華電網元大5C購01,900,0.09,0.09,0.09,0.09
706843,鈊象元大5C購04,25370,0.6,0.6,0.58,0.59
706844,鈊象元大63購04,153000,0.4,0.4,0.39,0.39
706845,萬泰科元大63購01,349630,1.13,1.22,1.13,1.22
706849,台燿永豐5B購02,0,,,,
706850,東捷永豐5C購01,0,,,,
706851,前鼎永豐5B購02,0,,,,
706852,鈊象永豐5B購01,237800,0.38,0.38,0.37,0.37
706853,東捷國泰5A購02,0,,,,
706856,宜特元富5C購01,0,,,,
706857,匯鑽科元富5A購01,101360,0.11,0.14,0.11,0.11
706859,漢科元富5A購01,63000,0.43,0.5,0.43,0.5
706860,廣運元富5C購01,0,,,,
706863,中美晶群益62購01,83780,4.1,4.1,3.84,3.84
706865,東捷群益62購01,0,,,,
706866,東捷群益63購02,0,,,,
706868,順達群益5A購02,0,,,,
706871,鈊象群益5B購01,46800,0.15,0.15,0.14,0.14
706872,聖暉*群益5C購01,25200,1.26,1.26,1.26,1.26
706875,鑫科群益5B購01,0,,,,
706876,久元國票5A購02,0,,,,
706877,美琪瑪國票5A購02,0,,,,
706878,神盾國票62購01,0,,,,
706879,鈊象國票5A購03,0,,,,
706880,頎邦國票5A購03,0,,,,
706887,東捷元大5C購01,0,,,,
706892,鈊象元大63購05,23990,1.49,1.5,1.49,1.5
706894,頎邦元大63購05,0,,,,
706895,均豪國泰5B購01,0,,,,
706896,宏觀富邦5B購02,0,,,,
706898,元債20凱基5B購01,0,,,,
706900,鈊象凱基5B購01,0,,,,
706901,聖暉*凱基5B購03,3680,0.92,0.92,0.92,0.92
706903,台燿國票5B購02,103000,17.0,17.2,17.0,17.2
706905,宣德國票5B購01,0,,,,
706907,雙鴻國票5B購02,22000,2.2,2.2,2.2,2.2
706910,元太元富63購01,141160,1.56,1.62,1.54,1.62
706914,鈊象中信63購01,35700,0.21,0.21,0.21,0.21
706915,中光電永豐5B購01,0,,,,
706916,元太永豐5B購01,7200,0.36,0.36,0.36,0.36
706919,雙鴻永豐5C購02,0,,,,
706921,協易機永豐5C購01,0,,,,
706922,宜特永豐5C購02,0,,,,
706923,信音永豐5C購01,188950,0.25,0.48,0.25,0.4
706924,勤凱永豐61購01,0,,,,
706925,匯鑽科永豐61購01,14200,0.48,0.48,0.47,0.47
706926,精星永豐5B購01,0,,,,
706927,廣閎科永豐5C購01,0,,,,
706928,台燿凱基5B購03,0,,,,
706934,千附國票5B購01,2760,1.38,1.38,1.38,1.38
706935,千附精國票5B購01,0,,,,
706936,盈正國票5B購01,1000,0.1,0.1,0.1,0.1
706938,廣閎科國票5B購01,3380,3.38,3.38,3.38,3.38
706939,久元國泰5B購01,0,,,,
706940,華電網國泰5B購01,160,0.02,0.02,0.02,0.02
706941,精材國泰5B購01,0,,,,
706942,久元富邦5C購01,3500,0.35,0.35,0.35,0.35
706946,台燿元大64購01,0,,,,
706948,印能元大64購01,58490,2.01,2.02,2.01,2.02
706949,良維元大61購01,0,,,,
706952,順達元大64購01,0,,,,
706953,鈊象元大64購02,79500,0.8,0.8,0.79,0.79
706962,亞電群益5C購01,0,,,,
706963,匯鑽科群益5C購01,0,,,,
706965,千附凱基5B購01,0,,,,
706966,千附精凱基5B購01,0,,,,
706968,印能凱基64購01,210180,1.55,1.55,1.48,1.48
706969,神盾凱基63購01,0,,,,
706970,鈊象凱基64購01,0,,,,
706973,宏碩國票5C購01,330550,0.07,0.1,0.07,0.1
706975,高僑國票61購01,33480,1.05,1.05,0.99,0.99
706976,新門國票61購01,67250,0.51,0.66,0.51,0.65
706977,耀勝國票61購01,0,,,,
706978,印能國泰5B購01,0,,,,
706979,穩得國泰5B購01,570,0.57,0.57,0.57,0.57
706980,神盾統一64購01,129740,0.42,0.42,0.41,0.41
706981,神盾統一64購02,37460,0.41,0.41,0.4,0.4
706982,印能永豐64購01,87360,2.08,2.08,2.08,2.08
706983,宏觀永豐5C購01,0,,,,
706984,亞電永豐61購01,0,,,,
706985,原相永豐5B購02,0,,,,
706986,神盾永豐5C購02,19200,0.32,0.32,0.32,0.32
706987,創泓永豐5C購01,0,,,,
706988,撼訊永豐5C購01,16290,1.83,1.83,1.77,1.77
706999,均豪群益62購01,10600,0.53,0.53,0.53,0.53
707000,高僑群益5B購01,1480,1.48,1.48,1.48,1.48
707003,群翊群益5B購01,8600,1.72,1.72,1.72,1.72
707006,台嘉碩元大5A購01,1520,0.76,0.76,0.76,0.76
707007,印能元大5A購02,380,0.02,0.02,0.02,0.02
707008,印能元大5A購03,0,,,,
707009,印能元大5A購05,0,,,,
707010,印能元大5A購06,0,,,,
707011,印能元大5B購01,14100,0.94,0.94,0.94,0.94
707012,印能元大5C購02,28500,0.75,0.75,0.75,0.75
707013,印能元大61購01,0,,,,
707014,印能元大64購02,374630,0.57,0.57,0.55,0.55
707015,均豪元大5A購01,0,,,,
707016,宏捷科元大5A購02,150,0.03,0.03,0.03,0.03
707017,宏捷科元大5C購03,198400,0.4,0.4,0.4,0.4
707018,系微元大5A購01,0,,,,
707019,宜特元大5A購01,0,,,,
707020,信立元大5A購01,0,,,,
707022,美琪瑪元大5A購01,1500,0.25,0.25,0.25,0.25
707024,廣閎科元大5A購01,26000,5.2,5.2,5.2,5.2
707025,雙鴻元大61購11,761780,3.6,3.73,3.59,3.73
707026,久昌凱基5A購01,0,,,,
707027,台燿凱基5B購04,0,,,,
707028,印能凱基5A購03,0,,,,
707029,宏觀凱基5B購02,0,,,,
707030,系微凱基5A購02,0,,,,
707031,協易機凱基5A購01,0,,,,
707033,前鼎凱基5A購03,0,,,,
707035,陽程凱基5A購01,0,,,,
707036,陽程凱基5A購02,0,,,,
707037,廣閎科凱基5B購01,0,,,,
707038,衛司特凱基5A購01,7860,0.12,0.12,0.11,0.11
707039,久昌國票5B購01,0,,,,
707040,千如國票5B購01,6810,2.49,2.49,2.16,2.16
707041,台嘉碩國票5A購01,19540,0.49,0.49,0.37,0.37
707042,印能國票5B購01,11570,0.33,0.33,0.32,0.32
707043,沛亨國票5B購01,44830,0.65,0.65,0.62,0.62
707044,威聯通國票5B購01,0,,,,
707045,茂綸國票5B購01,113600,1.36,1.51,1.36,1.36
707046,博盛國票5B購01,75720,1.36,1.6,1.36,1.37
707047,衛司特國票5B購01,0,,,,
707048,雙鴻中信64購01,0,,,,
707049,久昌永豐5A購01,0,,,,
707050,印能永豐5A購02,0,,,,
707051,印能永豐61購01,124910,1.02,1.02,0.99,1.0
707052,同致永豐5C購01,10000,0.09,0.1,0.09,0.1
707053,同致永豐61購01,0,,,,
707054,安葆永豐5B購01,24920,1.72,1.88,1.72,1.88
707055,宏碩永豐61購01,1030,0.15,0.15,0.14,0.14
707056,宜特永豐5B購01,16320,0.51,0.51,0.51,0.51
707057,威聯通永豐5A購01,0,,,,
707058,晟德永豐5B購01,0,,,,
707060,智通*永豐5C購01,54000,1.08,1.08,1.08,1.08
707061,鈺太永豐5C購01,0,,,,
707062,磐亞永豐5B購01,0,,,,
707063,台嘉碩國泰5B購01,73650,3.64,3.81,3.64,3.81
707064,金山電國泰5B購01,0,,,,
707065,群翊國泰5B購01,0,,,,
707066,元太富邦5C購01,395640,0.53,0.6,0.53,0.58
707067,雙鴻富邦5C購05,0,,,,
707068,雙鴻富邦5C購06,0,,,,
707069,台燿統一67購01,78200,3.91,3.91,3.91,3.91
707070,台燿統一74購01,365230,3.31,3.58,3.31,3.58
707071,立碁統一67購01,472420,1.23,1.29,1.11,1.29
707072,立碁統一74購01,195250,1.12,1.19,1.05,1.19
707073,印能統一63購02,499550,0.6,0.6,0.56,0.56
707074,印能統一74購01,9980,1.46,1.46,1.41,1.41
707075,沛亨統一74購01,0,,,,
707076,系統電統一67購01,483650,0.66,0.7,0.66,0.68
707077,東捷統一63購01,0,,,,
707078,能率統一67購01,0,,,,
707079,華電網統一64購01,0,,,,
707080,華電網統一74購01,0,,,,
707082,順達統一63購03,82150,0.6,0.63,0.6,0.61
707083,頎邦統一63購01,0,,,,
707084,頎邦統一64購01,0,,,,
707085,頎邦統一66購01,0,,,,
707086,廣閎科統一64購01,0,,,,
707087,廣閎科統一74購01,0,,,,
707088,德微統一67購01,0,,,,
707089,雙鴻統一62購05,0,,,,
707090,雙鴻統一66購02,0,,,,
707091,久元群益5A購01,0,,,,
707092,千附群益5A購01,0,,,,
707093,友輝群益5A購01,0,,,,
707094,正淩群益5A購01,0,,,,
707095,同致群益5A購01,0,,,,
707096,岳豐群益5A購01,0,,,,
707097,茂綸群益5A購01,0,,,,
707098,倚強群益5A購01,0,,,,
707100,聚和群益5A購01,0,,,,
707102,寶雅群益5A購01,0,,,,
707103,中光電兆豐64購01,84420,0.99,0.99,0.96,0.96
707106,矽科群益5A購01,0,,,,
707107,矽科群益5A購02,0,,,,
707108,群翊群益5C購01,0,,,,
707110,頎邦群益5B購01,0,,,,
707112,九豪凱基5A購02,24000,0.26,0.29,0.26,0.29
707113,元太凱基5A購01,0,,,,
707115,矽科凱基5A購01,0,,,,
707116,茂綸凱基5A購01,0,,,,
707117,頎邦凱基64購01,0,,,,
707118,廣閎科凱基5A購01,0,,,,
707119,雙鴻凱基5C購05,0,,,,
707120,友輝國票5A購01,0,,,,
707121,正淩國票5B購02,0,,,,
707122,矽科國票5B購01,0,,,,
707123,耕興國票5B購01,0,,,,
707124,翔名國票5B購01,10600,1.06,1.06,1.06,1.06
707125,群翊國票5B購01,0,,,,
707126,頎邦國票5B購01,0,,,,
707127,磐亞國票5B購01,234000,7.8,7.8,7.8,7.8
707128,元太國泰5B購01,14820,0.48,0.54,0.48,0.54
707129,宜特富邦5C購01,542490,0.5,0.5,0.46,0.46
707130,頎邦富邦61購01,0,,,,
707131,精材富邦5A購01,0,,,,
707132,聚和富邦5A購01,0,,,,
707133,正淩統一63購01,245490,0.49,0.51,0.49,0.5
707134,同致統一64購01,49560,0.22,0.22,0.21,0.22
707135,同致統一74購01,1170,0.39,0.39,0.39,0.39
707136,協易機統一66購01,0,,,,
707137,翔名統一74購01,27750,0.92,0.94,0.91,0.94
707138,陽程統一64購02,0,,,,
707139,陽程統一74購01,0,,,,
707140,萬泰科統一74購01,139520,0.87,0.94,0.87,0.94
707141,群翊統一63購01,155900,0.6,0.63,0.6,0.6
707142,群翊統一74購01,17800,0.5,0.51,0.5,0.51
707143,頎邦統一64購02,0,,,,
707144,頎邦統一67購01,0,,,,
707146,均豪永豐5A購01,0,,,,
707147,宏捷科永豐5C購01,94690,0.55,0.63,0.54,0.59
707149,美琪瑪永豐5B購01,0,,,,
707150,茂訊永豐5B購01,0,,,,
707151,茂綸永豐5A購01,74510,2.23,2.42,2.1,2.1
707152,湧德永豐5B購01,0,,,,
707153,陽程永豐5C購01,0,,,,
707154,群翊永豐5A購01,0,,,,
707155,衛司特永豐5A購01,0,,,,
707156,璟德永豐5A購01,0,,,,
707157,環球晶永豐5A購01,0,,,,
707158,雙鴻永豐5C購03,0,,,,
707159,九豪元大5A購01,0,,,,
707161,台燿元大61購04,0,,,,
707163,前鼎元大5A購02,0,,,,
707164,翔名元大5A購01,0,,,,
707166,頎邦元大5A購02,0,,,,
707167,雙鴻元大61購12,0,,,,
707168,鑫聯元大5A購01,0,,,,
707169,台燿凱基61購02,0,,,,
707170,同致凱基5A購01,0,,,,
707171,捷創凱基5A購01,0,,,,
707172,翔名凱基5A購01,0,,,,
707173,華景電凱基5A購01,0,,,,
707174,華景電凱基5A購02,500,0.01,0.01,0.01,0.01
707175,鈊象凱基64購02,133380,1.36,1.37,1.36,1.37
707176,群翊凱基5C購01,90000,0.52,0.52,0.48,0.48
707177,頎邦凱基5A購02,0,,,,
707178,世界群益5C購01,0,,,,
707179,台半群益5A購01,77500,7.75,7.75,7.75,7.75
707180,台燿群益5A購03,0,,,,
707181,台燿群益5B購02,0,,,,
707182,捷創群益5B購01,117960,0.41,0.43,0.41,0.43
707183,華景電群益5A購01,10,0.01,0.01,0.01,0.01
707184,陽程群益5A購01,0,,,,
707185,勤凱群益5B購01,0,,,,
707186,元債20國票5B購01,0,,,,
707187,台燿國票5B購03,10900,10.9,10.9,10.9,10.9
707188,安葆國票5B購01,0,,,,
707189,華景電國票5B購01,500,0.1,0.1,0.1,0.1
707191,廣閎科國票5B購02,0,,,,
707192,鈺太國泰5B購01,0,,,,
707193,雙鴻國泰67購01,0,,,,
707194,久元統一64購01,0,,,,
707195,湧德統一74購01,0,,,,
707196,華景電統一64購01,474500,0.43,0.5,0.43,0.47
707197,華景電統一64購02,0,,,,
707198,華景電統一65購01,5430,0.59,0.63,0.59,0.63
707199,華景電統一68購01,0,,,,
707200,華景電統一74購01,95190,0.57,0.57,0.57,0.57
707201,陽程統一65購01,0,,,,
707202,陽程統一68購01,0,,,,
707203,群翊統一64購01,106760,0.56,0.58,0.56,0.57
707204,群翊統一74購02,88120,0.68,0.7,0.68,0.7
707205,頎邦統一64購03,3030,3.03,3.03,3.03,3.03
707206,大中元大5A購01,24000,2.4,2.4,2.4,2.4
707208,台燿元大61購05,0,,,,
707209,台燿元大64購04,13200,4.4,4.4,4.4,4.4
707210,宏觀元大64購01,0,,,,
707211,系微元大5A購02,0,,,,
707213,良維元大5B購01,0,,,,
707214,東捷元大5A購01,0,,,,
707215,信紘科元大5A購01,0,,,,
707216,華景電元大5A購01,0,,,,
707217,華景電元大5A購02,0,,,,
707218,順達元大5A購07,0,,,,
707219,順達元大5A購08,0,,,,
707220,群翊元大5A購01,0,,,,
707221,雙鴻元大64購02,1125060,3.64,3.85,3.61,3.79
707222,世界永豐61購01,12100,2.42,2.42,2.42,2.42
707223,台半永豐5B購01,0,,,,
707224,台燿永豐5A購03,0,,,,
707225,台燿永豐61購02,66400,11.0,11.4,11.0,11.4
707226,矽科永豐5B購02,0,,,,
707227,華景電永豐5C購01,2340,0.8,0.8,0.74,0.74
707228,華景電永豐61購01,47220,0.51,0.54,0.51,0.54
707229,順達永豐5B購02,41160,0.39,0.41,0.38,0.38
707230,頎邦永豐5C購01,0,,,,
707231,順達兆豐5C購01,22000,0.55,0.55,0.55,0.55
707232,安葆凱基5A購01,0,,,,
707233,陽程凱基5A購03,0,,,,
707234,順達凱基5A購03,0,,,,
707235,新盛力凱基5A購01,4050,4.05,4.05,4.05,4.05
707236,新盛力凱基5A購02,132500,5.3,5.3,5.3,5.3
707237,頎邦凱基5B購01,20400,6.8,6.8,6.8,6.8
707238,廣閎科凱基5A購02,116200,1.53,1.82,1.53,1.82
707239,雙鴻凱基5A購06,0,,,,
707240,久元元大61購01,1800,0.36,0.36,0.36,0.36
707242,家登元大5A購02,0,,,,
707243,湧德元大5A購02,0,,,,
707244,湧德元大5A購03,0,,,,
707245,順達元大64購02,58460,0.73,0.77,0.72,0.75
707246,鈊象元大61購01,72000,1.44,1.44,1.44,1.44
707247,新盛力元大5A購01,0,,,,
707248,萬泰科元大5A購01,700,0.07,0.07,0.07,0.07
707249,台星科國票5B購01,104950,0.46,0.5,0.45,0.49
707250,台燿國票5B購04,11200,11.2,11.2,11.2,11.2
707251,順達國票5B購02,58250,0.25,0.25,0.25,0.25
707252,新盛力國票5A購01,0,,,,
707253,新盛力國票5B購01,0,,,,
707255,宏捷科國泰5B購01,31000,0.31,0.31,0.31,0.31
707256,宏捷科國泰5B購02,0,,,,
707257,台特化永豐5C購01,0,,,,
707258,東捷永豐64購01,0,,,,
707259,凌陽創永豐5A購01,0,,,,
707260,勤凱永豐5C購03,2660,1.33,1.33,1.33,1.33
707261,新盛力永豐5B購01,0,,,,
707262,新盛力永豐5C購01,0,,,,
707263,萬泰科永豐64購01,145730,0.93,0.97,0.93,0.96
707264,台燿統一64購02,0,,,,
707265,宏捷科統一74購01,28520,0.39,0.43,0.39,0.42
707266,東捷統一64購02,0,,,,
707267,東捷統一66購01,0,,,,
707268,華景電統一63購01,415730,0.33,0.37,0.33,0.35
707269,勤凱統一74購01,28000,1.12,1.12,1.12,1.12
707270,新盛力統一64購01,0,,,,
707271,新盛力統一68購01,0,,,,
707272,新盛力統一74購01,0,,,,
707273,新盛力統一74購02,78040,1.14,1.18,1.14,1.14
707274,群翊統一64購02,142320,0.44,0.45,0.44,0.44
707275,鉅橡統一66購01,110880,0.48,0.48,0.48,0.48
707276,頎邦統一74購01,38400,1.55,1.55,1.53,1.53
707277,廣閎科統一74購02,15300,1.02,1.02,1.02,1.02
707278,德微統一64購01,36960,1.48,1.48,1.38,1.38
707279,久元凱基61購01,0,,,,
707280,中美晶凱基5A購02,1612100,7.55,7.55,6.9,6.9
707281,台星科凱基5A購01,0,,,,
707282,台燿凱基5A購02,39000,9.35,10.2,9.35,10.2
707283,均豪凱基5B購01,0,,,,
707284,宏觀凱基64購01,1500,0.15,0.15,0.15,0.15
707285,旺矽凱基5A購04,0,,,,
707286,順達凱基64購01,529180,1.06,1.11,1.06,1.11
707287,廣閎科凱基5A購03,0,,,,
707288,鑫聯凱基5B購01,0,,,,
707289,台燿兆豐5C購01,4870,4.87,4.87,4.87,4.87
707290,均豪兆豐5C購01,0,,,,
707291,雙鴻兆豐5C購01,0,,,,
707292,台星科元大5A購01,0,,,,
707293,台星科元大5A購02,0,,,,
707294,台燿元大5A購05,0,,,,
707295,台燿元大5A購06,21450,7.15,7.15,7.15,7.15
707296,台燿元大5A購07,0,,,,
707297,台燿元大5A購08,0,,,,
707298,台燿元大5A購09,446700,3.41,3.72,3.41,3.72
707299,台燿元大61購06,246050,3.1,3.18,2.68,3.05
707300,旺矽元大5A購02,18600,0.31,0.31,0.31,0.31
707301,旺矽元大61購01,21970,1.25,1.39,1.25,1.39
707302,信驊元大5B購01,4300,4.3,4.3,4.3,4.3
707303,華景電元大5A購03,0,,,,
707304,陽程元大63購01,0,,,,
707305,頎邦元大63購06,0,,,,
707306,台燿永豐5C購03,2454750,6.1,6.7,6.1,6.5
707307,台燿永豐64購02,63770,4.86,5.45,4.86,5.45
707308,台燿永豐67購01,993000,5.4,5.8,5.35,5.8
707309,巨漢永豐5C購01,0,,,,
707310,安葆永豐5C購01,43420,0.73,0.81,0.73,0.81
707311,均豪永豐5C購01,0,,,,
707312,良維永豐5C購01,49910,2.17,2.17,2.17,2.17
707313,旺矽永豐5A購03,4500,0.03,0.03,0.03,0.03
707314,旺矽永豐61購03,746950,1.18,1.3,1.16,1.3
707315,旺矽永豐64購02,792990,2.13,2.28,2.11,2.27
707316,長科*永豐5A購01,116000,2.32,2.32,2.32,2.32
707317,信驊永豐5A購03,33100,2.25,2.55,2.25,2.55
707318,前鼎永豐61購01,83880,2.84,2.84,2.69,2.73
707319,翔名永豐5B購01,11000,1.1,1.1,1.1,1.1
707320,翔名永豐5B購02,0,,,,
707321,鉅橡永豐5B購01,0,,,,
707322,廣閎科永豐5A購01,0,,,,
707323,均豪國泰61購01,42910,0.93,0.95,0.89,0.89
707324,精材國泰5B購02,0,,,,
707325,台燿富邦5A購02,0,,,,
707326,台燿富邦64購01,9250,2.2,2.4,2.2,2.4
707327,旺矽富邦5C購01,33780,0.7,0.75,0.7,0.74
707328,旺矽富邦64購01,4910460,0.95,1.03,0.92,1.03
707329,群翊富邦62購01,186980,0.55,0.58,0.54,0.54
707330,台燿國票5B購05,454950,6.5,7.5,6.5,7.5
707331,台燿統一63購01,427570,3.16,3.29,3.16,3.29
707332,台燿統一64購03,148740,1.81,1.95,1.81,1.89
707333,台燿統一64購04,1031270,2.8,3.14,2.8,3.1
707334,台燿統一66購02,1638810,2.12,2.38,2.12,2.33
707335,台燿統一74購02,198930,1.9,2.0,1.85,2.0
707336,台燿統一74購03,2196150,1.18,1.27,1.18,1.26
707337,巨漢統一63購02,15700,0.26,0.27,0.26,0.27
707338,巨漢統一74購01,2290,0.39,0.39,0.38,0.38
707339,均豪統一64購01,108000,0.4,0.4,0.4,0.4
707340,旺矽統一63購06,55000,1.1,1.1,1.1,1.1
707341,旺矽統一64購01,496680,0.96,1.05,0.96,1.04
707342,東捷統一74購01,11080,0.95,0.95,0.92,0.92
707343,前鼎統一64購01,256040,2.05,2.27,2.05,2.07
707344,翔名統一74購02,16650,1.1,1.12,1.1,1.12
707345,華景電統一74購02,154420,0.61,0.63,0.61,0.63
707346,順達統一64購01,45030,0.57,0.57,0.57,0.57
707347,勤凱統一74購02,18450,1.19,1.25,1.19,1.25
707348,新盛力統一63購01,48620,2.21,2.21,2.21,2.21
707349,新盛力統一64購02,0,,,,
707350,新盛力統一74購03,0,,,,
707351,鉅橡統一64購02,0,,,,
707352,頎邦統一74購02,24510,1.85,1.85,1.6,1.83
707353,頎邦統一74購03,1720,1.72,1.72,1.72,1.72
707354,廣閎科統一64購02,454070,1.33,1.4,1.28,1.4
707355,廣閎科統一67購01,14450,0.85,0.85,0.85,0.85
707356,廣閎科統一74購03,805590,1.4,1.47,1.4,1.47
707357,勤凱台新5A購01,9050,1.81,1.81,1.81,1.81
707358,頎邦台新5A購01,0,,,,
707359,元太凱基5A購02,0,,,,
707360,宏捷科凱基5A購01,90,0.09,0.09,0.09,0.09
707361,宜特凱基61購01,0,,,,
707362,信紘科凱基5A購01,8400,0.14,0.14,0.14,0.14
707363,威聯通凱基5A購01,0,,,,
707364,頎邦凱基63購01,285600,4.76,4.76,4.76,4.76
707365,精材凱基5A購02,0,,,,
707366,衛司特凱基5B購01,0,,,,
707367,璟德凱基5A購01,0,,,,
707368,鴻呈凱基5A購01,0,,,,
707369,鈊象中信5C購02,0,,,,
707370,立碁永豐5C購01,1155170,1.71,1.84,1.5,1.84
707371,前鼎永豐61購02,504600,1.61,1.61,1.52,1.53
707372,群翊永豐5B購01,0,,,,
707373,聖暉*永豐5C購01,12510,1.39,1.39,1.39,1.39
707374,頎邦永豐61購01,1609670,2.64,2.67,2.5,2.55
707375,環球晶永豐5C購01,0,,,,
707376,譜瑞永豐5C購01,630,0.63,0.63,0.63,0.63
707377,天品國票5A購01,0,,,,
707378,泓格國票5A購01,0,,,,
707379,前鼎國票5B購02,32000,3.2,3.2,3.2,3.2
707380,群翊國票5B購02,0,,,,
707381,頎邦國票5B購04,0,,,,
707382,廣閎科國票5B購03,73110,1.57,1.57,1.4,1.54
707383,衛司特國票5B購02,0,,,,
707384,中美晶群益5A購01,0,,,,
707385,立敦群益5A購01,0,,,,
707387,前鼎群益5A購01,0,,,,
707388,湧德群益5B購02,0,,,,
707389,順達群益5A購03,50,0.01,0.01,0.01,0.01
707390,群翊群益61購01,0,,,,
707392,頎邦群益5A購02,0,,,,
707393,頎邦群益5B購02,0,,,,
707394,廣閎科群益5B購01,0,,,,
707395,譜瑞群益5B購01,7250,1.45,1.45,1.45,1.45
707396,千附精元大5A購01,0,,,,
707397,天品元大61購01,453610,0.61,0.62,0.59,0.62
707398,東捷元大5A購02,0,,,,
707399,勤凱元大5A購03,11560,0.68,0.68,0.68,0.68
707400,群翊元大5A購02,11400,0.45,0.48,0.45,0.48
707401,頎邦元大5B購01,0,,,,
707402,頎邦元大5C購02,0,,,,
707403,廣閎科元大5A購02,0,,,,
707404,衛司特元大5A購01,0,,,,
707405,群翊國泰5B購02,67540,1.16,1.16,1.13,1.13
707406,久元統一64購02,47430,0.31,0.31,0.31,0.31
707407,巨漢統一74購02,63730,0.52,0.53,0.52,0.53
707408,安葆統一74購01,151230,1.01,1.02,1.01,1.02
707409,均豪統一63購02,296840,0.44,0.45,0.43,0.43
707410,均豪統一74購01,500,0.5,0.5,0.5,0.5
707411,宜特統一74購01,43000,0.43,0.43,0.43,0.43
707412,東捷統一63購02,0,,,,
707413,東捷統一74購02,15120,1.26,1.26,1.26,1.26
707414,前鼎統一74購01,610350,1.12,1.17,1.1,1.16
707415,宣德統一74購01,0,,,,
707416,順達統一64購02,97030,0.54,0.55,0.52,0.52
707417,萬泰科統一74購02,0,,,,
707418,群翊統一74購03,89400,0.65,0.67,0.65,0.67
707419,鈺太統一74購01,0,,,,
707420,宏觀富邦5C購01,0,,,,
707421,頎邦富邦5C購02,0,,,,
707422,頎邦富邦61購02,16860,2.41,2.41,2.4,2.4
707423,廣閎科富邦5B購01,85780,1.21,1.32,1.19,1.32
707424,環球晶兆豐5C購01,0,,,,
707425,譜瑞兆豐64購01,0,,,,
707426,千附精永豐5B購01,6150,1.23,1.23,1.23,1.23
707427,大車隊永豐5B購01,0,,,,
707428,兆利永豐5A購01,0,,,,
707429,沛亨永豐61購01,0,,,,
707430,宜特永豐61購01,0,,,,
707431,朋億*永豐5B購01,0,,,,
707433,華景電永豐5B購01,0,,,,
707434,陽程永豐5B購01,0,,,,
707435,萬泰科永豐5C購02,14510,0.81,0.86,0.81,0.85
707436,群翊永豐5C購01,0,,,,
707437,穩得永豐5C購01,4500,0.09,0.09,0.09,0.09
707438,元太群益5A購01,0,,,,
707439,台星科群益61購01,218240,0.88,0.9,0.81,0.87
707440,立碁群益5A購01,8140,0.65,0.93,0.65,0.93
707441,宜特群益5C購01,0,,,,
707442,湧德群益61購02,0,,,,
707443,勤凱群益5B購02,2000,1.0,1.0,1.0,1.0
707444,新應材群益5A購02,0,,,,
707445,群翊群益64購01,1200,0.6,0.6,0.6,0.6
707447,巨漢國泰5B購01,0,,,,
707448,正淩國泰5B購01,0,,,,
707449,立碁國泰5B購01,68520,3.47,4.24,3.13,4.24
707450,陽程國泰5B購01,0,,,,
707451,順達國泰5B購01,0,,,,
707452,穩得國泰5B購02,0,,,,
707453,千附統一64購01,81000,0.75,0.75,0.75,0.75
707454,千附精統一74購01,139620,0.84,0.84,0.83,0.83
707455,台星科統一74購01,0,,,,
707456,巨漢統一64購01,1270,0.22,0.22,0.21,0.21
707457,巨漢統一67購01,1350,0.27,0.27,0.27,0.27
707458,正淩統一74購01,0,,,,
707459,立敦統一74購01,0,,,,
707460,兆利統一64購02,0,,,,
707461,金山電統一74購01,0,,,,
707462,信昌電統一64購02,55900,9.4,9.4,9.25,9.25
707463,美琪瑪統一63購01,8850,0.59,0.59,0.59,0.59
707464,美琪瑪統一64購02,0,,,,
707465,湧德統一64購01,0,,,,
707466,湧德統一64購02,0,,,,
707467,陽程統一66購01,3820,3.82,3.82,3.82,3.82
707468,陽程統一74購02,0,,,,
707469,陽程統一74購03,0,,,,
707470,順達統一74購01,600,0.6,0.6,0.6,0.6
707471,新應材統一67購01,6400,0.32,0.32,0.32,0.32
707472,聖暉*統一63購01,63220,0.88,0.88,0.82,0.83
707473,鉅橡統一64購03,0,,,,
707474,蜜望實統一74購01,342080,0.99,0.99,0.95,0.95
707475,天品凱基61購01,179300,0.82,0.88,0.82,0.88
707476,台星科凱基5A購02,0,,,,
707477,立敦凱基5A購02,0,,,,
707478,立碁凱基5A購01,4480,2.23,2.25,2.23,2.25
707479,宜特凱基5A購01,0,,,,
707480,美琪瑪凱基5A購02,0,,,,
707481,湧德凱基5B購02,0,,,,
707482,順達凱基5C購01,86200,1.33,1.36,1.33,1.36
707483,勤凱凱基5A購01,22100,1.7,1.7,1.7,1.7
707484,萬泰科凱基5A購01,5750,0.03,0.05,0.03,0.05
707485,群翊凱基61購01,47200,0.36,0.38,0.36,0.36
707487,巨漢元大5A購01,0,,,,
707488,巨漢元大5A購02,0,,,,
707489,巨漢元大5A購03,0,,,,
707490,巨漢元大5A購04,0,,,,
707491,均豪元大5A購02,0,,,,
707492,均豪元大5C購01,3640,0.13,0.13,0.13,0.13
707493,宏觀元大61購01,0,,,,
707494,沛亨元大5A購01,0,,,,
707495,沛亨元大5A購02,530,0.53,0.53,0.53,0.53
707496,沛亨元大5A購03,640,0.32,0.32,0.32,0.32
707497,沛亨元大5A購04,2600,0.13,0.13,0.13,0.13
707498,矽科元大5A購01,0,,,,
707499,矽科元大61購01,0,,,,
707500,美琪瑪元大5A購02,0,,,,
707503,華景電元大5A購04,0,,,,
707504,新應材元大5A購04,10900,0.1,0.1,0.1,0.1
707505,新應材元大5A購05,0,,,,
707506,新應材元大5C購01,365690,0.35,0.39,0.35,0.38
707507,新應材元大61購04,0,,,,
707508,群翊元大5A購06,0,,,,
707509,巨漢國票5A購01,0,,,,
707510,巨漢國票5B購01,2000,0.04,0.04,0.04,0.04
707511,沛亨國票5B購02,0,,,,
707512,東捷國票5A購02,110400,2.31,2.31,2.03,2.03
707513,矽科國票5B購03,0,,,,
707514,萬泰科國票5B購01,3300,0.66,0.66,0.66,0.66
707515,榮田國票5A購01,3500,0.07,0.07,0.07,0.07
707516,久元富邦61購01,0,,,,
707517,宏捷科富邦5C購02,0,,,,
707518,宏捷科富邦61購01,0,,,,
707519,家登富邦5C購01,0,,,,
707520,湧德富邦5C購01,0,,,,
707521,新應材富邦61購02,480,0.16,0.16,0.16,0.16
707522,萬泰科富邦5B購01,98700,0.36,0.42,0.36,0.42
707523,雙鴻富邦5C購07,0,,,,
707524,雙鴻富邦5C購08,0,,,,
707525,譜瑞富邦5C購02,0,,,,
707526,千附精凱基5A購01,0,,,,
707527,元太凱基61購01,0,,,,
707528,均豪凱基5A購01,0,,,,
707529,宏觀凱基61購01,0,,,,
707530,宜特凱基5A購02,0,,,,
707531,前鼎凱基5B購02,564750,2.96,3.31,2.76,3.28
707533,華景電凱基5A購03,0,,,,
707534,陽程凱基63購01,0,,,,
707535,新應材凱基61購02,1200,0.24,0.24,0.24,0.24
707536,萬泰科凱基5B購01,9780,1.63,1.63,1.63,1.63
707537,新應材兆豐5C購01,0,,,,
707538,弘塑國票5B購01,120,0.02,0.02,0.02,0.02
707539,宜特國票5B購02,0,,,,
707541,前鼎國票5B購03,68700,1.68,1.89,1.68,1.73
707542,陽程國票5A購01,0,,,,
707543,新應材國票5A購04,11880,0.06,0.06,0.06,0.06
707544,弘塑永豐5B購03,0,,,,
707545,弘塑永豐5C購04,0,,,,
707546,弘塑永豐61購02,170250,0.23,0.24,0.22,0.22
707547,弘塑永豐64購01,1200,0.24,0.24,0.24,0.24
707548,新應材永豐5B購02,0,,,,
707549,新應材永豐5B購03,0,,,,
707550,新應材永豐64購01,870,0.29,0.29,0.29,0.29
707551,精材永豐5C購01,0,,,,
707552,台星科台新5A購01,0,,,,
707553,弘塑台新5A購01,0,,,,
707554,弘塑台新5A購02,0,,,,
707555,安葆台新5A購01,20200,1.01,1.01,1.01,1.01
707556,前鼎台新5A購01,0,,,,
707557,威聯通台新5A購01,0,,,,
707558,新應材台新5A購01,0,,,,
707559,新應材台新5A購02,70,0.01,0.01,0.01,0.01
707560,群翊台新5A購01,0,,,,
707561,群翊台新5A購02,0,,,,
707562,力致群益5B購01,0,,,,
707563,千附精群益5A購01,0,,,,
707564,弘塑群益5A購04,0,,,,
707565,弘塑群益5C購01,0,,,,
707566,萬泰科群益5A購02,0,,,,
707567,鑫聯群益5C購01,0,,,,
707568,弘塑國泰61購01,181680,0.32,0.37,0.32,0.37
707569,弘塑國泰61購02,10600,0.26,0.27,0.25,0.27
707570,環球晶國泰5B購01,0,,,,
707571,環球晶國泰5B購02,0,,,,
707572,弘塑富邦5C購02,14160,0.11,0.13,0.11,0.13
707573,弘塑富邦64購01,19580,0.17,0.19,0.17,0.19
707574,前鼎富邦5C購01,0,,,,
707575,力致統一74購01,55370,0.41,0.43,0.41,0.43
707576,中美晶統一64購01,37910,2.23,2.23,2.23,2.23
707577,元太統一64購01,116200,0.42,0.45,0.42,0.45
707578,元太統一74購01,55750,0.81,0.82,0.81,0.82
707579,弘塑統一62購02,5730,0.15,0.18,0.15,0.18
707580,弘塑統一64購01,21120,0.19,0.22,0.19,0.22
707581,弘塑統一64購02,101270,0.15,0.17,0.15,0.17
707582,弘塑統一64購03,0,,,,
707583,立敦統一64購01,10440,0.9,0.9,0.83,0.83
707584,兆利統一74購01,0,,,,
707585,宜特統一63購01,0,,,,
707586,宜特統一64購01,0,,,,
707587,金山電統一63購01,29220,2.47,2.47,2.37,2.37
707588,金山電統一64購02,0,,,,
707589,前鼎統一63購02,465930,1.59,1.7,1.59,1.61
707590,美琪瑪統一74購01,0,,,,
707592,陽程統一64購03,0,,,,
707593,意德士統一62購01,66300,0.53,0.67,0.53,0.66
707594,意德士統一64購01,8000,0.8,0.8,0.8,0.8
707595,意德士統一74購01,0,,,,
707596,臺慶科統一64購01,321530,1.02,1.09,1.02,1.07
707597,蜜望實統一63購02,0,,,,
707598,蜜望實統一64購01,0,,,,
707599,蜜望實統一74購02,147910,1.13,1.13,1.09,1.09
707600,環球晶統一63購03,41350,4.3,4.3,3.97,3.97
707601,弘塑元大5A購02,0,,,,
707602,弘塑元大61購01,0,,,,
707603,立碁元大5C購01,348930,0.76,0.99,0.76,0.99
707604,宜特元大5A購02,0,,,,
707605,宜特元大5C購02,0,,,,
707606,前鼎元大5A購03,0,,,,
707608,前鼎元大5C購02,46820,2.96,2.96,2.87,2.87
707609,前鼎元大61購01,1019490,1.81,1.88,1.68,1.79
707610,勤凱元大5A購04,780,0.39,0.39,0.39,0.39
707611,勤凱元大5A購05,0,,,,
707612,勤凱元大5A購06,0,,,,
707613,雙鴻元大5A購07,0,,,,
707614,雙鴻元大61購13,1164150,1.64,1.79,1.58,1.74
707615,穩得元大5A購02,0,,,,
707616,鑫聯元大5A購02,0,,,,
707617,九豪永豐5C購01,96740,0.83,0.84,0.67,0.69
707618,天品永豐5B購01,265060,0.54,0.55,0.51,0.55
707619,立敦永豐5A購01,0,,,,
707620,宜特永豐5B購02,0,,,,
707621,美琪瑪永豐5C購01,0,,,,
707622,鈊象永豐5C購01,61310,0.67,0.69,0.67,0.69
707623,精材永豐61購01,0,,,,
707624,蜜望實永豐5C購01,34770,1.83,1.83,1.83,1.83
707625,環球晶永豐5C購02,20400,6.8,6.8,6.8,6.8
707626,九豪凱基5A購03,0,,,,
707627,力致凱基5B購01,0,,,,
707628,宏捷科凱基5B購01,0,,,,
707629,長科*凱基5A購01,0,,,,
707631,群翊凱基5A購01,0,,,,
707632,精材凱基5A購03,0,,,,
707633,蜜望實凱基5A購01,0,,,,
707634,環球晶凱基5B購01,27800,13.9,13.9,13.9,13.9
707635,穩得凱基5A購01,0,,,,
707636,九豪台新5A購01,0,,,,
707637,九豪台新5A購02,30960,0.38,0.38,0.33,0.33
707638,九豪台新5A購03,540,0.18,0.18,0.18,0.18
707639,中美晶台新5A購01,0,,,,
707640,中美晶台新5B購01,0,,,,
707641,宜特台新5B購01,0,,,,
707642,宜特台新61購01,0,,,,
707643,茂迪台新5A購01,0,,,,
707644,博磊台新5A購01,2520,0.63,0.63,0.63,0.63
707645,博磊台新5A購02,22500,0.45,0.45,0.45,0.45
707646,博磊台新5A購03,0,,,,
707647,環球晶台新5A購01,0,,,,
707648,環球晶台新5A購02,0,,,,
707649,譜瑞台新5A購01,0,,,,
707650,聖暉*兆豐5C購01,228600,0.85,0.85,0.77,0.77
707651,九豪元大5A購02,6700,0.18,0.2,0.18,0.2
707652,九豪元大5A購03,2310,0.33,0.33,0.33,0.33
707653,力致元大5A購01,0,,,,
707654,安葆元大5A購01,96500,0.29,0.3,0.29,0.3
707655,系統電元大5A購02,33500,0.98,1.15,0.9,0.93
707656,宜特元大5A購03,0,,,,
707657,宜特元大5B購01,0,,,,
707658,宜特元大5C購03,0,,,,
707659,宜特元大61購01,9240,0.29,0.29,0.27,0.27
707660,宜特元大63購02,16800,0.24,0.24,0.24,0.24
707661,朋億*元大5A購01,0,,,,
707664,博磊元大5A購02,0,,,,
707665,意德士元大5A購01,0,,,,
707666,新盛力元大5A購02,34100,3.41,3.41,3.41,3.41
707667,鉅橡元大5A購01,0,,,,
707668,蜜望實元大5A購01,0,,,,
707669,蜜望實元大5A購02,0,,,,
707670,九豪群益5A購03,0,,,,
707671,元太群益5A購02,0,,,,
707672,美琪瑪群益5A購02,0,,,,
707673,蜜望實群益5A購01,0,,,,
707674,優群群益5A購01,0,,,,
707676,加高國票5B購01,472030,0.84,0.86,0.64,0.64
707677,艾訊國票5B購01,0,,,,
707678,均豪國票5A購02,0,,,,
707679,宜特國票5B購03,0,,,,
707680,博磊國票5B購01,23760,0.33,0.33,0.33,0.33
707681,漢達國票5B購01,384000,3.2,3.2,3.2,3.2
707682,蜜望實國票5A購02,0,,,,
707683,九豪富邦5C購01,898250,0.65,0.65,0.52,0.53
707684,宜特富邦61購01,0,,,,
707685,九豪統一64購01,0,,,,
707686,九豪統一64購02,290070,0.6,0.6,0.52,0.52
707687,九豪統一74購01,206960,0.78,0.78,0.72,0.72
707688,千附統一74購01,1116000,1.06,1.07,1.06,1.07
707689,千附精統一74購02,19570,1.15,1.16,1.15,1.15
707690,台星科統一74購02,34320,0.52,0.52,0.52,0.52
707691,兆利統一74購02,0,,,,
707692,兆利統一74購03,0,,,,
707693,宏觀統一74購01,0,,,,
707694,系統電統一64購02,167840,0.65,0.67,0.65,0.67
707695,宜特統一64購02,0,,,,
707696,宜特統一65購02,0,,,,
707697,宜特統一74購02,0,,,,
707698,茂迪統一67購02,6400,0.32,0.32,0.32,0.32
707699,意德士統一65購01,33600,0.56,0.56,0.56,0.56
707700,意德士統一74購02,1147760,1.19,1.3,1.19,1.3
707701,萬泰科統一74購03,2640,0.88,0.88,0.88,0.88
707702,臺慶科統一66購01,870410,0.9,0.94,0.89,0.9
707703,優群統一66購01,0,,,,
707704,環球晶統一64購03,3580,3.58,3.58,3.58,3.58
707705,環球晶統一74購01,497140,2.65,2.69,2.58,2.58
707706,力致台新5A購01,0,,,,
707707,力致台新5A購02,0,,,,
707708,久元台新5A購01,0,,,,
707709,美琪瑪台新5A購01,0,,,,
707710,千附精國票5B購02,0,,,,
707711,千附精國票5B購03,0,,,,
707712,方土昶國票5B購01,49000,0.49,0.49,0.49,0.49
707713,立碁國票5B購01,173300,1.51,1.8,1.44,1.8
707714,邑昇國票5B購01,2100,0.05,0.08,0.05,0.08
707715,欣銓國票5B購02,271420,1.07,1.07,0.95,0.97
707716,信紘科國票5A購01,0,,,,
707717,信紘科國票5B購01,0,,,,
707718,家登國票5A購01,45300,1.46,1.5,1.46,1.5
707719,能率亞國票5B購01,3330,1.11,1.11,1.11,1.11
707720,華容國票5B購01,0,,,,
707721,群聯國票5B購01,328560,1.04,1.19,1.04,1.11
707722,蜜望實國票5B購01,265340,1.3,1.32,1.28,1.28
707724,千附精元大5A購02,0,,,,
707725,千附精元大5A購03,0,,,,
707726,千附精元大5A購04,0,,,,
707727,千附精元大5A購05,2760,0.69,0.69,0.69,0.69
707728,千附精元大5A購06,0,,,,
707729,欣銓元大5A購02,0,,,,
707730,欣銓元大63購03,50380,2.39,2.39,2.28,2.28
707731,美琪瑪元大5A購03,0,,,,
707732,華容元大5A購01,0,,,,
707733,群翊元大5A購07,0,,,,
707734,群聯元大5A購01,52790,0.57,0.63,0.57,0.59
707735,群聯元大5A購02,474070,0.34,0.39,0.33,0.38
707736,鈺太元大61購01,0,,,,
707738,蜜望實元大5A購04,0,,,,
707739,蜜望實元大5A購05,0,,,,
707740,千附精凱基5A購02,2600,0.13,0.13,0.13,0.13
707741,方土昶凱基5A購01,0,,,,
707742,欣銓凱基5A購01,0,,,,
707743,欣銓凱基5A購02,0,,,,
707744,信紘科凱基5A購02,0,,,,
707746,萬泰科凱基5A購02,13900,5.2,8.7,5.2,8.7
707747,群聯凱基5A購01,3860,0.36,0.89,0.36,0.75
707748,群聯凱基5A購02,36910,1.25,1.25,1.17,1.17
707749,蜜望實凱基5A購02,0,,,,
707750,千附精永豐5C購01,0,,,,
707751,方土昶永豐5A購01,900,0.9,0.9,0.9,0.9
707752,世禾永豐5B購01,3600,0.12,0.12,0.12,0.12
707753,立碁永豐61購01,1776920,0.74,0.93,0.66,0.92
707754,欣銓永豐5A購01,0,,,,
707755,欣銓永豐5C購01,151530,1.45,1.45,1.43,1.43
707756,新盛力永豐5A購01,0,,,,
707757,群聯永豐61購01,5480060,0.71,0.77,0.7,0.74
707758,群聯永豐64購01,5604280,0.92,0.99,0.92,0.96
707759,蜜望實永豐61購01,1058570,1.01,1.01,0.96,0.96
707760,信昌電國泰5B購01,0,,,,
707761,信紘科國泰5B購01,0,,,,
707762,群翊國泰5C購01,0,,,,
707763,群聯群益5B購01,2667630,1.53,1.65,1.5,1.54
707764,群聯群益61購01,480160,1.51,1.6,1.47,1.52
707765,群聯群益64購01,698660,1.91,2.01,1.91,1.92
707766,蜜望實國泰5B購01,0,,,,
707767,精材兆豐5C購01,0,,,,
707768,力旺永豐5A購01,400,0.05,0.05,0.03,0.03
707769,力旺永豐5B購01,0,,,,
707770,力旺永豐5C購01,310350,0.13,0.13,0.12,0.13
707771,台半永豐5C購01,167590,2.85,2.85,2.34,2.34
707772,巨有永豐5C購01,0,,,,
707773,立端永豐5A購01,0,,,,
707774,宏捷科永豐5C購02,0,,,,
707775,亞通永豐5A購01,0,,,,
707776,旺矽永豐5B購02,423910,0.34,0.4,0.34,0.4
707777,信昌電永豐5C購01,0,,,,
707778,信驊永豐5B購04,51900,2.8,2.95,2.8,2.95
707779,華景電永豐5C購02,13300,0.17,0.17,0.15,0.15
707780,精測永豐61購02,33590,0.17,0.18,0.17,0.18
707781,臺慶科永豐5B購01,49550,0.89,0.9,0.85,0.85
707782,聰泰永豐5A購01,720,0.03,0.03,0.03,0.03
707783,力旺凱基5A購03,0,,,,
707784,力旺凱基5A購04,0,,,,
707785,力旺凱基5B購02,0,,,,
707786,力旺凱基5C購01,147290,0.16,0.18,0.15,0.16
707787,力旺凱基61購01,4780,0.17,0.23,0.17,0.23
707788,立碁凱基5B購01,358140,0.6,0.86,0.46,0.86
707789,宏捷科凱基5A購02,0,,,,
707790,旺矽凱基5A購05,4600,0.23,0.23,0.23,0.23
707791,旺矽凱基5B購02,76720,0.25,0.31,0.25,0.31
707792,旺矽凱基5C購02,35420,0.39,0.4,0.37,0.4
707793,信昌電凱基5A購02,0,,,,
707794,信昌電凱基5A購03,0,,,,
707795,信驊凱基5A購04,0,,,,
707796,信驊凱基5B購03,42750,3.77,3.93,3.77,3.93
707797,信驊凱基5C購02,438820,3.42,3.78,3.42,3.78
707798,信驊凱基61購04,890320,3.37,3.6,3.32,3.49
707799,家登凱基5A購01,186400,1.4,1.5,1.4,1.4
707800,華景電凱基5A購04,0,,,,
707801,群翊凱基5A購02,3910,0.01,0.02,0.01,0.02
707802,精測凱基5A購01,0,,,,
707803,精測凱基5A購02,0,,,,
707804,精測凱基5A購03,0,,,,
707805,力領台新5A購01,0,,,,
707806,世界台新5A購01,0,,,,
707807,宏捷科台新5A購01,0,,,,
707808,宏捷科台新5A購02,0,,,,
707809,宏捷科台新61購01,1900,0.38,0.38,0.38,0.38
707810,旺矽台新5A購01,152360,0.26,0.33,0.26,0.33
707811,旺矽台新5A購02,30610,0.05,0.06,0.05,0.06
707812,信驊台新5A購01,0,,,,
707813,信驊台新5A購02,9510,3.17,3.17,3.17,3.17
707814,群翊台新5A購03,0,,,,
707815,璟德台新5A購01,0,,,,
707816,力旺元大5A購04,0,,,,
707817,力旺元大5A購05,0,,,,
707818,力旺元大5B購01,1200,0.06,0.06,0.06,0.06
707819,均豪元大5A購03,0,,,,
707820,旺矽元大5A購04,786500,0.2,0.23,0.18,0.23
707821,旺矽元大5B購02,5820,0.42,0.54,0.42,0.54
707822,旺矽元大61購02,3710,0.96,0.96,0.9,0.9
707823,長科*元大5A購01,1470,0.77,0.77,0.7,0.7
707824,信昌電元大5A購03,0,,,,
707825,信昌電元大5A購04,454000,22.7,22.7,22.7,22.7
707827,信昌電元大5A購06,0,,,,
707828,信驊元大5A購02,26360,2.15,2.21,2.15,2.2
707829,信驊元大63購01,1617990,4.64,4.98,4.64,4.9
707830,美琪瑪元大5A購04,0,,,,
707831,華景電元大5A購05,180,0.01,0.01,0.01,0.01
707832,新盛力元大61購01,0,,,,
707833,群翊元大61購01,190130,0.35,0.36,0.33,0.33
707834,精測元大5B購02,321110,0.32,0.32,0.28,0.3
707835,精測元大63購04,344530,0.38,0.38,0.28,0.29
707836,穩得元大5A購03,0,,,,
707837,中光電國泰5B購01,0,,,,
707838,立碁國泰5B購02,1706330,2.31,2.52,1.73,2.47
707839,旺矽國泰5B購01,509850,0.63,0.7,0.61,0.7
707840,旺矽國泰5B購02,56960,0.42,0.47,0.42,0.47
707841,信昌電國泰5B購02,0,,,,
707842,新盛力國泰5B購01,0,,,,
707843,旺矽統一64購02,1055430,0.84,0.89,0.84,0.89
707844,群聯統一64購01,974270,0.88,0.95,0.88,0.91
707845,精測統一64購03,388080,0.26,0.28,0.26,0.27
707846,力旺富邦5C購01,598510,0.17,0.18,0.16,0.17
707847,良維富邦62購01,961110,0.8,0.84,0.8,0.8
707848,旺矽富邦64購02,2057050,0.67,0.75,0.67,0.75
707849,欣銓富邦5A購01,0,,,,
707850,欣銓富邦64購01,666460,0.95,0.96,0.89,0.91
707851,信紘科富邦62購01,0,,,,
707852,信驊富邦61購01,673030,3.5,3.81,3.5,3.68
707853,華電網富邦62購01,0,,,,
707854,順達富邦62購01,103620,0.63,0.68,0.63,0.65
707855,新盛力富邦5C購01,0,,,,
707856,新盛力富邦61購01,0,,,,
707857,群翊富邦5B購01,18900,0.06,0.06,0.06,0.06
707858,群聯富邦5C購01,18480,0.87,0.91,0.83,0.91
707859,群聯富邦61購01,1620370,0.91,1.07,0.91,1.03
707860,精測富邦61購01,206220,0.14,0.16,0.14,0.15
707861,M31凱基5A購02,0,,,,
707862,M31凱基5A購03,0,,,,
707863,宏觀凱基61購02,0,,,,
707864,良維凱基5B購03,332250,0.21,0.24,0.21,0.24
707865,家登凱基5A購02,0,,,,
707866,華景電凱基5C購01,0,,,,
707867,新盛力凱基5A購03,0,,,,
707868,聖暉*凱基5A購02,0,,,,
707869,鏵友益凱基5A購01,0,,,,
707870,環球晶兆豐5C購02,0,,,,
707871,M31元大5A購01,420,0.07,0.07,0.07,0.07
707872,M31元大5A購02,0,,,,
707873,M31元大61購01,329580,0.31,0.32,0.3,0.31
707874,M31元大63購01,195170,0.34,0.37,0.34,0.37
707875,久元元大5A購02,0,,,,
707876,千附元大5A購01,390,0.13,0.13,0.13,0.13
707877,加高元大5A購01,900,0.1,0.1,0.1,0.1
707878,台嘉碩元大5A購02,48000,0.16,0.16,0.16,0.16
707879,立敦元大5A購01,0,,,,
707881,立碁元大63購01,1106420,1.72,1.98,1.54,1.98
707882,宏觀元大5C購01,0,,,,
707883,欣銓元大5A購03,0,,,,
707884,家登元大61購01,15750,2.25,2.25,2.25,2.25
707885,華電網元大5A購02,0,,,,
707886,鈺太元大5A購01,0,,,,
707887,鏵友益元大5A購01,0,,,,
707888,元債20群益5A購01,0,,,,
707889,世界群益5A購02,0,,,,
707890,宏觀群益5A購01,0,,,,
707891,欣銓群益5A購01,0,,,,
707892,翔名群益5A購01,0,,,,
707893,環球晶群益5A購04,0,,,,
707894,M31富邦5C購01,3360,0.28,0.28,0.28,0.28
707895,元太富邦61購01,0,,,,
707896,台星科富邦61購01,1264560,0.49,0.49,0.45,0.48
707897,均豪富邦62購01,0,,,,
707898,宏捷科富邦5C購03,0,,,,
707899,宏捷科富邦61購02,100,0.1,0.1,0.1,0.1
707900,華景電富邦61購01,36870,0.11,0.12,0.11,0.12
707901,鈊象富邦61購01,0,,,,
707902,萬泰科富邦62購01,35000,0.68,0.78,0.67,0.78
707903,欣銓群益5A購02,0,,,,
707904,新盛力群益5A購01,0,,,,
707906,久元元大5A購03,0,,,,
707907,方土昶元大5A購01,0,,,,
707908,世界元大5A購03,0,,,,
707909,尼克森元大5A購01,0,,,,
707910,立碁元大5A購03,0,,,,
707911,兆利元大5A購01,0,,,,
707912,均華元大5A購01,0,,,,
707913,均華元大5A購02,0,,,,
707914,均豪元大5A購04,0,,,,
707915,沛亨元大5A購05,0,,,,
707916,邑昇元大5A購01,0,,,,
707917,信紘科元大5A購02,0,,,,
707918,家登元大5A購03,0,,,,
707919,家登元大5A購04,0,,,,
707920,華景電元大5A購06,3700,0.01,0.01,0.01,0.01
707921,華景電元大63購01,320,0.16,0.16,0.16,0.16
707922,新盛力元大5A購03,0,,,,
707923,德微元大5A購01,2860,2.86,2.86,2.86,2.86
707924,久元凱基5A購01,0,,,,
707925,合晶凱基5A購01,0,,,,
707926,均華凱基5A購01,0,,,,
707927,系微凱基5A購03,0,,,,
707928,欣銓凱基63購01,1309950,1.11,1.11,1.02,1.04
707929,家登凱基5A購03,0,,,,
707930,鈺太凱基61購01,0,,,,
707931,環球晶凱基5A購01,0,,,,
707932,世禾富邦5C購02,0,,,,
707933,均華富邦61購01,109540,0.17,0.21,0.17,0.19
707934,沛亨富邦5B購01,0,,,,
707935,欣銓富邦5B購01,11100,0.37,0.37,0.37,0.37
707936,中美晶兆豐64購01,23110,4.11,4.11,3.8,3.8
707937,順達兆豐5C購02,0,,,,
707938,世界群益5A購03,0,,,,
707939,合晶群益5B購01,0,,,,
707940,良維群益5A購01,0,,,,
707941,原相群益5A購01,0,,,,
707942,創惟群益5B購01,0,,,,
707943,富喬群益5A購03,2400,0.24,0.24,0.24,0.24
707944,富喬群益5A購04,0,,,,
707945,聖暉*群益5B購01,25990,0.31,0.41,0.31,0.41
707946,德微群益5A購01,0,,,,
707947,雙鴻群益5B購06,900020,0.96,1.09,0.91,1.02
707948,久元凱基5A購02,0,,,,
707949,千附凱基5A購01,200,0.02,0.02,0.02,0.02
707950,世界凱基5A購02,0,,,,
707951,兆利凱基5A購01,0,,,,
707952,艾訊凱基5B購01,57070,1.18,1.28,1.18,1.23
707953,均豪凱基5A購02,0,,,,
707954,沛亨凱基5A購02,0,,,,
707955,家登凱基5A購04,0,,,,
707956,勤凱凱基5A購02,0,,,,
707957,新盛力凱基5B購01,0,,,,
707958,鉅橡凱基5A購03,0,,,,
707959,雙鴻凱基5A購07,0,,,,
707960,雙鴻凱基61購02,625610,1.17,1.29,1.16,1.29
707961,中美晶富邦5A購01,0,,,,
707962,長科*富邦62購01,915700,1.08,1.17,1.04,1.09
707963,家登富邦61購01,1223150,0.63,0.68,0.63,0.63
707964,富喬富邦61購01,964690,0.43,0.45,0.4,0.44
707965,聖暉*富邦5C購01,169730,0.59,0.62,0.56,0.57
707966,鉅橡富邦5B購01,0,,,,
707967,鈺太富邦5A購01,0,,,,
707968,優群富邦61購01,0,,,,
707969,環球晶富邦5B購01,549800,25.4,25.4,23.3,23.3
707970,雙鴻富邦5C購09,29800,0.99,1.0,0.99,0.99
707971,巨有元大5A購01,0,,,,
707972,富喬元大5C購02,703530,0.42,0.43,0.4,0.43
707973,華義元大5A購01,0,,,,
707974,環球晶元大5A購01,97490,3.65,3.75,3.29,3.29
707975,雙鴻兆豐5C購02,0,,,,
707976,世界兆豐5C購01,0,,,,
707977,富喬國票5A購02,239520,0.24,0.24,0.24,0.24
707978,富喬國票5B購02,14350,0.41,0.41,0.41,0.41
707979,華義國票5B購01,0,,,,
707980,華義國票5B購02,0,,,,
707981,新盛力國票5A購02,0,,,,
707982,雙鴻凱基5A購08,34780,0.37,1.2,0.37,0.42
707983,良維凱基5A購04,0,,,,
707984,聖暉*凱基5C購01,4860,0.8,0.82,0.8,0.82
707985,德微凱基5A購02,14100,1.41,1.41,1.41,1.41
707986,環球晶凱基5A購02,0,,,,
707987,雙鴻凱基5C購06,0,,,,
707988,譜瑞群益5A購01,2880,0.08,0.08,0.08,0.08
707989,系統電國泰5B購01,231840,0.82,0.91,0.82,0.91
707990,新盛力國泰5B購02,0,,,,
707991,群聯國泰5B購01,0,,,,
707992,群聯國泰5B購02,3000,1.0,1.0,1.0,1.0
707993,立碁元大5A購04,1800,0.78,1.02,0.78,1.02
707994,系微元大5C購01,0,,,,
707995,德微元大5A購02,2730,0.91,0.91,0.91,0.91
707996,立碁永豐5B購02,785330,0.94,1.24,0.84,1.24
707997,新盛力永豐61購01,599720,1.63,1.69,1.61,1.61
707998,群聯永豐5C購01,124630,0.84,0.88,0.83,0.88
707999,聖暉*永豐5C購02,0,,,,
708000,德微永豐5B購01,20300,1.45,1.45,1.45,1.45
708001,雙鴻永豐5C購04,39770,1.73,1.73,1.71,1.71
708002,雙鴻永豐61購03,0,,,,
708003,立碁國票5B購02,104250,1.27,1.3,1.09,1.3
708004,兆利國票5B購01,0,,,,
708005,系微國票5B購01,0,,,,
708006,良維國票5B購01,0,,,,
708007,凌陽創國票5B購01,0,,,,
708008,群聯國票5B購03,1032510,0.66,0.78,0.66,0.71
708009,聖暉*國票5B購01,0,,,,
708011,矽科台新5A購01,0,,,,
708012,捷創台新5A購01,108670,0.6,0.6,0.5,0.5
708013,富強鑫台新5A購01,0,,,,
708014,崴寶台新5A購01,0,,,,
708015,群聯台新5A購01,9230,3.02,3.18,3.02,3.18
708016,群聯台新5A購02,41040,1.71,1.71,1.71,1.71
708017,群聯台新5A購03,72930,0.66,0.69,0.64,0.64
708018,穩得台新5A購01,1780,0.02,0.02,0.02,0.02
708019,良維凱基5B購04,0,,,,
708020,東捷凱基5A購03,0,,,,
708021,群聯凱基5B購01,63660,0.96,0.99,0.93,0.93
708022,精材凱基5C購01,0,,,,
708023,譜瑞凱基5A購01,0,,,,
708024,三聯國票5A購01,0,,,,
708025,大綜國票5A購01,148130,0.86,1.24,0.86,1.24
708026,太景*國票5B購01,0,,,,
708027,良維國票5B購02,0,,,,
708028,朋程國票5A購01,142560,0.41,0.41,0.32,0.32
708029,崴寶國票5B購01,3960,0.18,0.18,0.18,0.18
708030,群翊國票5B購03,0,,,,
708031,群聯國票5B購04,6420,1.07,1.07,1.07,1.07
708032,環球晶國票5A購02,15450,5.15,5.15,5.15,5.15
708033,譜瑞國票5B購01,0,,,,
708034,久元永豐5C購01,0,,,,
708035,良維永豐5C購02,0,,,,
708036,精材永豐5C購02,0,,,,
708037,雙鴻永豐5B購03,135510,0.71,0.8,0.71,0.8
708038,雙鴻永豐63購02,270310,1.25,1.38,1.25,1.38
708039,力致國泰5C購01,0,,,,
708040,良維元大5A購04,0,,,,
708041,良維元大63購01,22000,0.44,0.44,0.44,0.44
708042,新盛力元大5A購04,0,,,,
708043,良維富邦61購01,15270,0.22,0.24,0.22,0.23
708044,新盛力富邦61購02,1200,1.2,1.2,1.2,1.2
708045,兆利群益5A購01,0,,,,
708046,系統電群益5B購01,54080,0.68,0.87,0.67,0.87
708047,良維群益5B購03,0,,,,
708048,臺慶科群益5A購01,29700,0.74,0.75,0.74,0.75
708049,雙鴻群益5A購07,10300,0.75,0.75,0.65,0.65
708050,中美晶台新5B購02,235380,2.98,2.98,2.49,2.49
708051,兆利台新5A購01,0,,,,
708052,兆利台新5A購02,0,,,,
708053,環球晶台新5A購03,0,,,,
708054,環球晶台新5A購04,37100,6.3,6.3,5.95,5.95
708055,群聯元大5A購03,0,,,,
708056,環球晶元大5A購02,0,,,,
708057,環球晶元大5A購03,53500,5.35,5.35,5.35,5.35
708058,環球晶元大5A購04,0,,,,
708059,世界凱基5A購03,0,,,,
708060,系統電凱基5A購03,0,,,,
708061,欣銓凱基5A購03,5900,0.59,0.59,0.59,0.59
708062,順達凱基5A購04,0,,,,
708063,群聯凱基5B購02,17090,0.26,0.32,0.26,0.3
708064,群聯兆豐64購01,170940,1.65,1.74,1.65,1.72
708065,中美晶群益5C購01,320260,2.58,2.58,2.3,2.3
708066,群聯群益5B購02,19510,0.51,0.51,0.47,0.47
708067,群聯群益5C購01,1314520,0.87,0.91,0.84,0.87
708068,精材群益5A購05,8700,8.7,8.7,8.7,8.7
708069,精材群益5A購06,0,,,,
708070,雙鴻群益5B購07,10680,0.81,0.84,0.81,0.84
708071,凡甲國票5B購01,0,,,,
708072,久元國票5B購01,0,,,,
708073,中美晶國票5B購01,5990,2.21,2.21,1.89,1.89
708074,欣銓國票5C購01,0,,,,
708075,萬泰科國票5B購02,0,,,,
708076,群聯國票5B購05,23130,0.8,0.89,0.8,0.84
708077,精材國票5B購01,0,,,,
708078,鑫聯國票5B購01,0,,,,
708079,鴻呈國泰5C購01,0,,,,
708080,譜瑞國泰5B購01,0,,,,
708081,久元富邦61購02,0,,,,
708082,系統電富邦61購01,154210,0.64,0.77,0.64,0.77
708083,家登富邦5C購02,1144870,0.98,1.02,0.97,0.99
708084,群聯富邦5C購02,136550,0.85,0.92,0.85,0.92
708085,群聯富邦61購02,1531640,0.73,0.77,0.72,0.74
708086,譜瑞富邦5C購03,2850,0.19,0.19,0.19,0.19
708087,譜瑞富邦61購01,140,0.14,0.14,0.14,0.14
708088,群聯永豐5C購02,0,,,,
708089,群聯永豐64購02,0,,,,
708090,精材永豐5B購02,55750,5.45,5.7,5.45,5.7
708091,中美晶凱基61購02,57360,2.9,2.9,2.66,2.66
708092,矽科凱基5B購01,0,,,,
708093,群聯凱基61購01,30520,0.37,0.4,0.37,0.38
708094,精材凱基5B購02,0,,,,
708095,環球晶凱基5B購02,223500,5.85,5.85,5.5,5.5
708096,譜瑞凱基5B購01,0,,,,
708097,久元國票5C購01,0,,,,
708098,台星科國票5C購01,0,,,,
708099,正淩國票5C購01,0,,,,
708100,亞信國票5C購01,0,,,,
708101,佳邦國票5C購01,30800,0.21,0.27,0.2,0.2
708102,金山電國票5C購01,0,,,,
708103,原相國票5B購01,0,,,,
708104,原相國票5C購01,0,,,,
708105,家登國票5B購01,0,,,,
708106,新潤國票5C購01,0,,,,
708107,群聯國票61購01,52100,0.57,0.59,0.57,0.59
708108,精華國票5C購01,1430,0.11,0.11,0.11,0.11
708109,磐儀國票5C購01,131850,0.09,0.09,0.09,0.09
708110,世界台新5B購01,473920,1.13,1.13,1.0,1.0
708111,矽科台新5B購01,0,,,,
708112,家登台新5B購01,0,,,,
708113,家登台新5B購02,0,,,,
708114,家登台新62購01,1330,1.33,1.33,1.33,1.33
708115,勤凱台新5B購01,31400,3.14,3.14,3.14,3.14
708116,群聯台新5B購01,54000,0.54,0.54,0.54,0.54
708117,群聯台新5B購02,47000,0.15,0.15,0.13,0.13
708118,世界群益5B購05,511480,2.05,2.08,1.98,1.98
708119,欣銓群益5B購01,0,,,,
708120,家登群益5B購01,0,,,,
708121,家登群益61購01,1340,0.67,0.67,0.67,0.67
708122,世界永豐65購01,0,,,,
708123,台特化永豐62購01,0,,,,
708124,高鋒永豐5C購01,3300,0.11,0.11,0.11,0.11
708125,群聯永豐65購01,29750,0.85,0.85,0.85,0.85
708126,群聯中信62購01,20000,0.5,0.5,0.5,0.5
708127,凡甲國泰61購01,0,,,,
708128,東捷國泰61購01,0,,,,
708129,欣銓國泰5C購01,485800,1.54,1.54,1.44,1.44
708130,群聯國泰61購01,0,,,,
708131,中美晶富邦61購01,146690,2.37,2.37,2.14,2.14
708132,環球晶富邦5C購02,4520,2.26,2.26,2.26,2.26
708133,中美晶元大5B購02,0,,,,
708134,中美晶元大5B購03,0,,,,
708135,世界元大5B購02,0,,,,
708136,世界元大5B購03,0,,,,
708137,均豪元大5B購01,0,,,,
708138,群聯元大5B購01,0,,,,
708139,群聯元大5B購02,0,,,,
708140,群聯元大64購01,630300,0.9,0.93,0.89,0.91
708141,精材元大5B購03,0,,,,
708142,精材元大5B購04,0,,,,
708143,精材元大5B購05,0,,,,
708144,雙鴻元大61購14,520190,1.19,1.32,1.15,1.29
708145,大學光凱基5B購01,0,,,,
708146,世界凱基5B購01,52800,0.56,0.56,0.52,0.52
708147,正淩凱基5C購01,0,,,,
708148,欣銓凱基61購01,166180,0.95,0.95,0.92,0.93
708149,原相凱基5B購02,0,,,,
708150,家登凱基5B購01,0,,,,
708151,群翊凱基61購02,0,,,,
708152,群聯凱基63購01,201290,0.56,0.6,0.56,0.59
708153,鈺太凱基5B購01,0,,,,
708154,安葆台新5B購01,0,,,,
708155,家碩台新5B購01,0,,,,
708156,家碩台新5B購02,0,,,,
708157,鉅橡台新5B購01,0,,,,
708158,華景電國泰5C購01,360,0.36,0.36,0.36,0.36
708159,世界富邦5B購01,270260,0.61,0.61,0.52,0.55
708160,系微富邦63購01,20000,0.2,0.2,0.19,0.19
708161,茂迪富邦63購02,0,,,,
708162,原相富邦5B購01,1800,0.06,0.06,0.06,0.06
708163,萬泰科富邦5B購02,22480,0.16,0.18,0.16,0.18
708164,群聯富邦62購01,564220,0.55,0.58,0.55,0.57
708165,群聯富邦62購02,193670,0.39,0.42,0.39,0.4
708166,凡甲永豐5C購01,0,,,,
708167,東捷永豐64購02,0,,,,
708168,東捷永豐67購01,80630,1.84,1.84,1.78,1.78
708169,華景電永豐61購02,0,,,,
708170,璟德永豐61購01,0,,,,
708171,家登中信5B購01,3400,0.34,0.34,0.34,0.34
708172,譜瑞中信5B購01,0,,,,
708173,欣銓兆豐61購01,20410,1.03,1.03,1.02,1.02
708174,凡甲國票5C購01,0,,,,
708175,安葆國票5C購01,25520,0.53,0.53,0.51,0.51
708176,東捷國票5C購01,827540,1.77,1.82,1.57,1.58
708177,華景電國票5C購01,140,0.14,0.14,0.14,0.14
708178,群翊國票5C購01,0,,,,
708179,群聯國票66購01,319610,0.72,0.76,0.72,0.76
708180,東捷群益5B購02,0,,,,
708181,東捷群益5B購03,6000,1.2,1.2,1.2,1.2
708182,華景電群益5B購01,0,,,,
708183,群聯群益61購03,11790,0.38,0.39,0.38,0.39
708184,久元元大64購01,13200,0.33,0.33,0.33,0.33
708185,正淩元大5B購01,0,,,,
708186,東捷元大5B購01,0,,,,
708187,東捷元大5B購02,0,,,,
708188,東捷元大5B購03,0,,,,
708189,東捷元大5B購04,143280,0.72,0.72,0.72,0.72
708190,家登元大5B購02,0,,,,
708191,順達元大64購03,98330,1.19,1.22,1.19,1.22
708192,萬泰科元大5B購01,14680,0.12,0.14,0.12,0.14
708193,群翊元大5B購01,0,,,,
708194,群聯元大5B購03,68520,0.18,0.19,0.18,0.18
708195,群聯元大64購02,705670,0.63,0.69,0.63,0.66
708197,精材元大5B購07,0,,,,
708198,精材元大61購06,0,,,,
708199,環球晶元大5B購01,0,,,,
708201,凡甲凱基5B購01,0,,,,
708202,久元凱基5B購01,0,,,,
708203,台特化凱基5B購01,0,,,,
708204,安葆凱基5C購01,800,0.8,0.8,0.8,0.8
708205,家登凱基5B購02,0,,,,
708206,華景電凱基5B購01,0,,,,
708207,順達凱基63購01,588130,0.9,0.97,0.9,0.92
708208,萬泰科凱基5C購01,42640,0.43,0.46,0.42,0.45
708209,群聯凱基64購01,69450,0.55,0.56,0.55,0.55
708210,環球晶凱基5B購03,212800,6.15,6.15,5.5,5.5
708211,穩得凱基5B購01,0,,,,
708212,鑫聯凱基5C購01,0,,,,
708213,台特化台新5B購01,0,,,,
708214,台特化台新5B購02,0,,,,
708215,系微台新5B購01,0,,,,
708216,欣銓台新5B購01,924630,1.63,1.63,1.5,1.54
708217,欣銓台新5B購02,18630,1.33,1.34,1.33,1.34
708218,湧德台新5B購01,0,,,,
708219,華景電台新5B購01,0,,,,
708220,鈊象台新5B購01,0,,,,
708221,萬泰科台新5B購01,0,,,,
708222,萬泰科台新5B購02,388950,0.64,1.55,0.64,1.55
708223,精材台新5B購01,0,,,,
708225,璟德中信5B購01,0,,,,
708226,安葆國泰5C購01,0,,,,
708227,群翊國泰5C購02,0,,,,
708228,凡甲富邦61購01,340,0.17,0.17,0.17,0.17
708229,中光電富邦62購01,51760,0.63,0.63,0.62,0.62
708230,均豪富邦5B購01,0,,,,
708231,捷創富邦62購01,2578860,0.8,0.9,0.8,0.88
708232,世界永豐5C購01,21470,1.13,1.13,1.13,1.13
708233,家登永豐61購01,189670,0.39,0.4,0.38,0.4
708234,家碩永豐5B購01,200,0.02,0.02,0.02,0.02
708235,群聯永豐65購02,156800,0.6,0.61,0.6,0.61
708236,鉅橡永豐5C購01,0,,,,
708237,環球晶兆豐61購01,856050,5.05,5.05,5.0,5.0
708238,艾訊國票63購01,159250,0.9,0.92,0.9,0.92
708239,美琪瑪國票5C購01,0,,,,
708240,晶宏國票5C購01,38700,2.68,2.68,2.3,2.3
708241,翔名國票5C購01,20400,0.68,0.68,0.68,0.68
708242,聰泰國票5C購01,0,,,,
708243,寶雅國票5C購01,0,,,,
708244,久元群益61購01,0,,,,
708245,方土昶群益5B購01,0,,,,
708246,世界群益5B購06,0,,,,
708247,艾訊群益5B購01,0,,,,
708248,家登群益5B購02,0,,,,
708249,陽程群益5B購01,162000,10.8,10.8,10.8,10.8
708250,群聯群益5B購03,175610,0.12,0.15,0.12,0.12
708252,凡甲元大5B購01,0,,,,
708253,均豪元大5B購02,0,,,,
708254,均豪元大65購01,0,,,,
708255,家登元大5B購03,0,,,,
708256,群聯元大5B購04,233290,0.46,0.46,0.45,0.45
708257,群聯元大5B購05,70780,0.21,0.23,0.21,0.22
708258,群聯元大64購03,144300,0.7,0.77,0.7,0.75
708259,精材元大5B購08,0,,,,
708260,精材元大5B購09,0,,,,
708261,精材元大5B購10,0,,,,
708262,璟德元大5B購01,0,,,,
708263,環球晶元大5B購03,0,,,,
708264,環球晶元大5B購04,15040,3.76,3.76,3.76,3.76
708265,大中元大5B購01,0,,,,
708266,威剛元大5B購04,3000,0.1,0.1,0.1,0.1
708267,威剛元大5B購05,31500,0.15,0.15,0.15,0.15
708268,威剛元大64購01,169050,0.45,0.47,0.45,0.45
708269,陽程元大61購03,0,,,,
708270,群聯元大5B購06,22800,0.13,0.13,0.12,0.12
708271,鉅橡元大5B購01,0,,,,
708272,鉅橡元大5B購02,0,,,,
708273,安葆國泰5C購02,15200,1.4,1.4,1.38,1.38
708274,勤凱國泰5C購01,2030,2.03,2.03,2.03,2.03
708275,雷科國泰5C購01,0,,,,
708276,久元凱基64購01,880,0.44,0.44,0.44,0.44
708277,均豪凱基65購01,2970,0.33,0.33,0.33,0.33
708278,金山電凱基5B購01,0,,,,
708279,威剛凱基5B購03,85330,0.06,0.08,0.04,0.04
708280,群聯凱基64購02,412210,0.48,0.5,0.48,0.49
708281,精材凱基5B購03,0,,,,
708282,寶雅凱基5B購01,370,0.37,0.37,0.37,0.37
708283,鉅橡台新5B購02,0,,,,
708284,鉅橡台新5B購03,0,,,,
708285,系微兆豐65購01,2900,0.58,0.58,0.58,0.58
708286,群聯兆豐65購01,59720,1.28,1.28,1.25,1.25
708287,凡甲國票5C購02,500,0.05,0.05,0.05,0.05
708288,久元國票5C購02,0,,,,
708289,方土昶國票5C購01,0,,,,
708290,世界國票5C購02,69800,0.7,0.7,0.69,0.69
708291,宏捷科國票5C購01,0,,,,
708292,威剛國票5C購01,7020,0.27,0.27,0.27,0.27
708293,耕興國票5C購01,0,,,,
708294,港建*國票5B購01,0,,,,
708295,華宏國票5C購01,7300,0.19,0.19,0.18,0.18
708296,鉅橡國票5C購01,21160,0.04,0.04,0.04,0.04
708297,廣穎國票5C購01,0,,,,
708298,久元永豐5C購02,0,,,,
708299,台星科永豐61購01,0,,,,
708300,合晶永豐5B購01,0,,,,
708301,均豪永豐5C購02,0,,,,
708302,欣銓永豐61購01,74950,0.82,0.82,0.76,0.77
708303,威剛永豐5B購01,0,,,,
708304,威剛永豐5C購02,0,,,,
708305,威剛永豐61購01,0,,,,
708306,威剛永豐65購01,0,,,,
708307,威剛永豐68購01,0,,,,
708308,鉅橡永豐61購01,0,,,,
708309,廣穎永豐65購01,113440,1.17,1.17,1.16,1.16
708310,凡甲群益5B購01,0,,,,
708311,台特化群益5C購01,0,,,,
708312,正淩群益63購01,21000,0.7,0.7,0.7,0.7
708313,均豪群益5B購01,0,,,,
708314,宏捷科群益5B購01,0,,,,
708315,岳豐群益65購01,16800,0.28,0.28,0.28,0.28
708316,威剛群益5B購02,800,0.16,0.16,0.16,0.16
708317,威剛群益5C購01,7000,0.35,0.35,0.35,0.35
708318,威剛群益61購01,0,,,,
708319,茂綸群益5B購01,2650,2.65,2.65,2.65,2.65
708320,廣穎群益5B購01,0,,,,
708322,寶雅群益61購01,0,,,,
708323,凡甲凱基5B購02,0,,,,
708324,久元凱基5C購01,0,,,,
708325,大中凱基5B購01,18930,1.15,1.41,1.1,1.1
708326,方土昶凱基5C購01,30000,0.61,0.61,0.57,0.57
708327,台特化凱基5B購02,0,,,,
708328,合晶凱基5B購01,0,,,,
708329,艾訊凱基5B購02,0,,,,
708330,良維凱基5B購05,0,,,,
708331,威剛凱基5B購04,0,,,,
708332,家登凱基5B購03,0,,,,
708333,耕興凱基5B購01,0,,,,
708334,港建*凱基5B購01,0,,,,
708335,群聯凱基61購02,77490,0.29,0.34,0.29,0.33
708336,廣穎凱基5B購01,0,,,,
708337,環球晶凱基5C購02,1670450,3.28,3.37,2.99,2.99
708339,合晶台新5B購02,0,,,,
708340,合晶台新5B購03,0,,,,
708341,安葆台新5B購02,0,,,,
708342,艾訊台新5B購01,0,,,,
708343,艾訊台新5B購02,14070,1.03,1.03,0.96,0.96
708344,良維台新5B購01,100470,0.79,0.79,0.74,0.79
708345,良維台新5B購02,0,,,,
708346,良維台新5B購03,189620,0.19,0.19,0.19,0.19
708347,湧德台新5B購02,0,,,,
708348,湧德台新5B購03,0,,,,
708349,順達台新5B購01,0,,,,
708350,順達台新5B購02,247960,1.4,1.52,1.4,1.52
708351,鈊象台新5B購02,0,,,,
708352,萬泰科台新5B購03,5400,0.54,0.54,0.54,0.54
708353,群聯台新5B購03,27000,0.27,0.27,0.27,0.27
708354,群聯台新5B購04,0,,,,
708355,精材台新5B購03,0,,,,
708356,臺慶科台新5B購01,0,,,,
708357,璟德台新5B購01,0,,,,
708358,台星科兆豐61購01,0,,,,
708359,均豪兆豐61購01,0,,,,
708360,欣銓群益5B購02,0,,,,
708361,精材群益5B購01,0,,,,
708362,環球晶群益5B購02,8480,4.24,4.24,4.24,4.24
708363,環球晶群益5B購03,124400,3.61,3.61,3.48,3.48
708364,凡甲元大5B購02,0,,,,
708365,凡甲元大5B購03,0,,,,
708366,凡甲元大65購01,960,0.48,0.48,0.48,0.48
708367,久元元大5B購01,0,,,,
708368,久元元大61購02,0,,,,
708369,久元元大65購01,0,,,,
708370,台星科元大5B購02,0,,,,
708371,台星科元大65購01,466540,1.0,1.03,0.95,1.02
708372,沛亨元大5B購01,326100,0.6,0.6,0.58,0.58
708373,欣銓元大5B購01,7320,0.76,0.76,0.67,0.67
708374,欣銓元大64購01,785830,0.8,0.8,0.75,0.76
708376,威剛元大5B購06,0,,,,
708377,威剛元大5B購07,144270,0.22,0.23,0.22,0.22
708378,原相元大5B購01,0,,,,
708379,家登元大5B購04,0,,,,
708380,家登元大64購01,422130,0.55,0.58,0.54,0.54
708381,陽程元大61購04,0,,,,
708382,群聯元大5B購07,0,,,,
708383,群聯元大61購05,150850,0.65,0.66,0.65,0.65
708384,凡甲國泰5C購01,0,,,,
708385,合晶國泰61購01,0,,,,
708386,合晶國泰62購01,0,,,,
708387,均豪國泰62購01,35670,0.85,0.85,0.81,0.81
708388,良維國泰5C購01,0,,,,
708389,家登國泰5C購01,2220,0.57,0.57,0.54,0.54
708390,家登國泰5C購02,0,,,,
708391,力領台新5B購01,0,,,,
708392,正淩台新5B購01,0,,,,
708393,合晶台新5B購04,35000,17.5,17.5,17.5,17.5
708395,新盛力台新62購01,0,,,,
708396,群聯台新5B購05,0,,,,
708397,群聯台新5B購06,0,,,,
708398,聖暉*台新5B購02,0,,,,
708399,優群台新5B購01,1400,0.01,0.01,0.01,0.01
708400,久元凱基5B購02,0,,,,
708401,中美晶凱基61購03,97230,2.34,2.34,2.05,2.09
708402,世禾凱基5B購01,400,0.1,0.1,0.1,0.1
708403,世界凱基5C購03,0,,,,
708404,尼克森凱基5B購01,323760,0.67,0.86,0.66,0.86
708405,亞信凱基5B購01,0,,,,
708406,欣銓凱基5B購01,15750,0.15,0.15,0.15,0.15
708407,信立凱基5B購02,0,,,,
708408,威剛凱基5C購01,44040,0.08,0.09,0.07,0.07
708409,智通*凱基5B購01,36400,0.78,0.86,0.78,0.86
708410,群聯凱基64購03,199590,0.37,0.37,0.35,0.36
708411,優群凱基5B購01,0,,,,
708412,環球晶兆豐61購02,92600,3.19,3.19,2.94,2.94
708413,FH中5G元大5B購01,530,0.53,0.53,0.53,0.53
708414,FH中5G元大5C購01,0,,,,
708415,世界元大64購03,135710,0.82,0.82,0.77,0.77
708416,世界元大65購01,82610,0.7,0.7,0.67,0.67
708417,合晶元大5B購01,0,,,,
708418,順達元大64購04,6780,2.26,2.26,2.26,2.26
708419,新盛力元大64購01,98450,2.83,2.83,2.8,2.8
708420,萬泰科元大5B購02,82890,0.56,0.61,0.56,0.61
708421,鈺太元大5B購02,0,,,,
708422,鈺太元大65購01,800,0.2,0.2,0.2,0.2
708423,精材元大5B購11,0,,,,
708424,環球晶元大5B購05,23710,2.11,2.21,2.11,2.21
708425,世界國票5C購03,34420,0.44,0.44,0.42,0.42
708426,台半國票5C購01,81520,3.1,3.1,2.64,2.68
708427,朋億*國票5C購01,31920,0.67,0.68,0.67,0.68
708428,群聯國票61購02,1240,0.31,0.31,0.31,0.31
708429,雷科國票5B購01,0,,,,
708430,久元富邦61購03,0,,,,
708431,久元富邦62購01,0,,,,
708432,合晶富邦62購01,0,,,,
708433,家登富邦61購02,403780,0.48,0.52,0.48,0.51
708434,家登富邦62購01,78720,0.45,0.48,0.45,0.48
708435,鈊象富邦61購02,0,,,,
708436,新盛力富邦61購03,0,,,,
708437,群聯富邦62購03,0,,,,
708438,環球晶富邦5C購03,69600,1.76,1.76,1.72,1.74
708439,世界群益5B購07,0,,,,
708440,立碁群益5C購01,291060,2.9,3.07,2.72,3.07
708441,合晶群益5B購02,0,,,,
708442,艾訊群益5B購02,310,0.31,0.31,0.31,0.31
708443,家登群益61購02,430,0.43,0.43,0.43,0.43
708444,新盛力群益5B購01,0,,,,
708445,群聯群益5B購04,6850,0.06,0.07,0.06,0.07
708446,環球晶群益5C購02,295520,4.04,4.2,3.78,3.78
708447,久元凱基63購01,0,,,,
708448,世界凱基65購01,134160,0.52,0.52,0.52,0.52
708449,台半凱基5C購01,140970,2.78,2.78,2.08,2.08
708450,合晶凱基5B購02,219550,7.85,7.85,7.1,7.1
708451,合晶凱基61購01,356100,6.05,6.35,6.0,6.2
708452,欣銓凱基64購01,103180,0.44,0.44,0.43,0.43
708453,金山電凱基5B購02,6100,1.22,1.22,1.22,1.22
708454,威剛凱基5B購06,5920,0.09,0.09,0.08,0.08
708455,胡連凱基5B購01,1800,0.18,0.18,0.18,0.18
708456,家登凱基5B購04,0,,,,
708457,新盛力凱基5B購02,272250,1.65,1.65,1.65,1.65
708458,群聯凱基5B購03,0,,,,
708459,鈺太凱基5B購02,0,,,,
708460,營邦凱基5B購01,0,,,,
708461,營邦凱基5B購02,5700,0.3,0.3,0.3,0.3
708462,營邦凱基5B購03,32440,0.27,0.34,0.27,0.34
708463,環球晶凱基5B購04,1421550,1.52,1.55,1.26,1.3
708464,環球晶凱基5B購05,355680,1.92,1.92,1.68,1.68
708465,久元台新5B購01,0,,,,
708466,久元台新5B購02,0,,,,
708467,世界台新5B購02,0,,,,
708468,華景電台新5B購02,0,,,,
708469,華景電台新5B購03,0,,,,
708470,環球晶台新5B購01,2839750,6.15,6.5,5.6,5.6
708471,環球晶台新5B購02,1456820,3.54,3.95,3.05,3.05
708472,環球晶台新62購01,165870,1.8,1.85,1.75,1.75
708473,環球晶台新62購02,2534010,1.6,1.6,1.35,1.38
708474,久元元大5B購02,0,,,,
708475,久元元大5B購03,0,,,,
708477,久元元大5B購05,0,,,,
708478,久元元大5B購06,0,,,,
708479,世禾元大5B購01,0,,,,
708480,世界元大64購04,139380,1.23,1.23,1.18,1.19
708482,合晶元大5B購03,0,,,,
708484,合晶元大5B購05,0,,,,
708485,合晶元大64購01,0,,,,
708486,合晶元大65購01,127330,5.0,5.3,4.67,4.67
708487,金山電元大5B購02,0,,,,
708489,金山電元大5B購04,0,,,,
708490,群聯元大5B購08,450,0.09,0.09,0.09,0.09
708491,群聯元大5B購09,660,0.06,0.06,0.06,0.06
708492,營邦元大5B購01,329090,0.44,0.51,0.44,0.51
708493,營邦元大5B購02,156000,0.26,0.31,0.26,0.31
708494,環球晶元大5B購06,45840,3.0,3.3,2.22,3.3
708495,環球晶元大5B購07,369720,3.17,3.27,2.95,2.95
708496,環球晶元大5B購08,878720,3.06,3.22,2.74,2.74
708497,環球晶元大5B購09,7080,1.08,1.2,1.08,1.2
708498,環球晶元大61購02,0,,,,
708499,環球晶元大64購01,27820,2.5,2.5,2.0,2.29
708500,譜瑞元大61購02,820,0.41,0.41,0.41,0.41
708501,威剛兆豐65購01,58340,1.26,1.26,1.22,1.22
708502,金山電國泰61購01,379620,3.27,3.27,2.89,2.89
708503,群聯國泰62購01,423440,0.6,0.6,0.59,0.59
708504,群聯國泰63購01,68050,0.93,0.95,0.93,0.95
708505,群聯國泰63購02,78760,0.62,0.69,0.62,0.69
708506,雷科國泰5C購02,0,,,,
708507,環球晶國泰61購01,2223960,4.66,4.66,4.48,4.6
708508,環球晶國泰61購02,2645150,5.25,5.5,5.0,5.0
708509,久元國票5B購02,0,,,,
708510,久元國票5C購03,0,,,,
708511,久元國票5C購04,0,,,,
708512,合晶國票5B購01,0,,,,
708513,合晶國票5C購01,120100,5.6,5.6,5.25,5.25
708514,金山電國票5C購02,226490,1.26,1.26,1.1,1.1
708515,環球晶國票5B購01,306970,2.56,2.56,2.44,2.44
708516,環球晶國票5C購01,2876510,2.58,2.68,2.28,2.31
708517,世界富邦5B購02,0,,,,
708518,精材富邦5B購01,0,,,,
708519,營邦富邦61購01,358300,0.38,0.45,0.38,0.45
708520,環球晶富邦5B購02,863720,1.28,1.32,1.14,1.15
708521,環球晶富邦61購01,3953070,1.29,1.32,1.17,1.19
708522,中美晶群益5C購02,231390,2.46,2.46,2.01,2.01
708523,世界群益5B購08,260,0.13,0.13,0.13,0.13
708524,朋程群益5B購01,0,,,,
708525,金山電群益5B購01,0,,,,
708526,新盛力群益5B購02,0,,,,
708527,精材群益5B購02,0,,,,
708528,臺慶科群益5B購01,0,,,,
708529,德微群益5B購01,0,,,,
708530,營邦群益5B購01,0,,,,
708531,營邦群益5B購02,0,,,,
708532,環球晶群益5B購04,2835830,1.89,2.04,1.74,1.74
708533,譜瑞群益5C購02,1150,0.23,0.23,0.23,0.23
708534,中美晶凱基5B購02,0,,,,
708535,世禾凱基5B購02,0,,,,
708536,立碁凱基5C購01,51320,1.86,1.86,1.68,1.78
708537,朋程凱基5B購01,0,,,,
708538,倚強凱基5B購01,22500,4.5,4.5,4.5,4.5
708539,原相凱基5B購03,0,,,,
708540,精材凱基5B購04,0,,,,
708541,臺慶科凱基5B購01,56340,0.34,0.34,0.3,0.3
708542,譜瑞凱基61購01,8100,0.2,0.2,0.19,0.2
708543,群聯永豐65購03,102810,0.41,0.41,0.4,0.4
708544,精材永豐63購01,0,,,,
708545,世界兆豐61購01,0,,,,
708546,譜瑞兆豐65購01,4680,0.61,0.61,0.57,0.57
708547,群聯群益67購01,74100,0.52,0.52,0.49,0.5
708548,精材群益5B購03,0,,,,
708549,廣穎群益61購01,66480,1.29,1.29,1.26,1.26
708550,世界元大63購03,230490,1.51,1.51,1.46,1.46
708551,新盛力元大61購02,119380,3.46,3.59,3.45,3.59
708552,群聯元大5C購01,8890,0.42,0.46,0.42,0.45
708553,譜瑞元大5B購01,0,,,,
708554,譜瑞元大5B購02,0,,,,
708555,中美晶國泰61購01,220100,4.37,4.37,3.76,3.76
708556,台半國泰5C購01,76450,4.5,4.52,3.61,3.61
708557,欣銓國泰5C購02,7270,1.02,1.06,1.02,1.06
708558,立碁富邦5B購01,702500,0.92,1.08,0.71,1.08
708559,欣銓富邦5B購02,18720,0.18,0.18,0.18,0.18
708560,威剛富邦5B購01,30000,0.1,0.1,0.1,0.1
708561,順達富邦5C購02,54120,0.58,0.62,0.58,0.62
708562,群聯富邦62購04,0,,,,
708563,中美晶國票5C購01,92990,1.44,1.44,1.23,1.23
708564,台特化國票5C購01,0,,,,
708565,尼克森國票5B購01,3200,0.32,0.32,0.32,0.32
708566,立敦國票5B購01,54000,0.45,0.45,0.45,0.45
708567,美琪瑪國票5C購02,0,,,,
708568,宸曜國票5B購01,4700,0.45,0.49,0.45,0.49
708569,新盛力國票5C購01,0,,,,
708570,新漢國票5B購01,0,,,,
708571,群聯國票5C購01,5700,0.19,0.19,0.19,0.19
708572,世界凱基5B購03,1950,0.65,0.65,0.65,0.65
708573,家登凱基5B購05,0,,,,
708574,創惟凱基5B購01,10000,0.1,0.1,0.1,0.1
708575,華宏凱基5B購01,0,,,,
708576,閎康凱基5B購02,0,,,,
708577,閎康凱基5B購03,0,,,,
708578,閎康凱基5B購04,5000,0.05,0.05,0.05,0.05
708579,群聯凱基5B購04,17350,0.09,0.1,0.09,0.1
708580,群聯凱基5C購01,0,,,,
708581,群聯凱基61購03,0,,,,
708582,榮剛凱基5B購01,0,,,,
708583,精材凱基5B購05,34290,4.77,5.5,4.77,5.5
708584,廣穎凱基5B購02,31720,0.61,0.61,0.61,0.61
708585,譜瑞凱基5B購02,100,0.01,0.01,0.01,0.01
708586,美琪瑪富邦5B購01,0,,,,
708587,閎康富邦62購01,0,,,,
708588,群聯富邦62購05,28440,0.13,0.14,0.12,0.13
708589,宏捷科兆豐65購01,499890,0.48,0.57,0.44,0.56
708590,群聯兆豐65購02,12270,0.57,0.59,0.57,0.59
708591,精材兆豐61購01,24700,3.86,4.64,3.86,4.62
708592,元太元大5B購02,12200,0.15,0.17,0.15,0.17
708593,世禾元大5B購02,11000,0.22,0.22,0.22,0.22
708594,欣銓元大5B購02,72400,0.94,0.94,0.9,0.9
708595,順達元大5B購03,0,,,,
708596,新盛力元大61購03,165350,1.93,2.02,1.91,1.91
708597,群聯元大5B購10,0,,,,
708598,群聯元大5B購11,2860,0.05,0.11,0.05,0.11
708599,群聯元大5B購12,1000,0.1,0.1,0.1,0.1
708600,群聯元大5B購13,0,,,,
708601,群聯元大5B購14,1600,0.16,0.16,0.16,0.16
708602,群聯元大5C購02,160,0.16,0.16,0.16,0.16
708603,群聯元大61購06,0,,,,
708604,群聯元大63購03,4600,0.23,0.23,0.23,0.23
708605,精材元大61購07,13150,6.3,6.85,6.3,6.85
708606,譜瑞元大5B購03,1280,0.02,0.02,0.02,0.02
708607,中美晶永豐65購01,406970,1.35,1.35,1.18,1.2
708608,台半永豐63購01,358490,1.64,1.65,1.35,1.35
708609,茂達永豐61購01,0,,,,
708610,新盛力永豐63購01,912190,1.17,1.24,1.17,1.17
708611,群聯永豐5C購03,10140,0.1,0.11,0.1,0.1
708612,群聯永豐5C購04,1400,0.14,0.14,0.14,0.14
708613,精材永豐64購01,35000,3.5,3.5,3.5,3.5
708614,德微永豐63購01,120420,1.98,2.06,1.98,1.98
708615,元太群益5B購03,460,0.02,0.02,0.02,0.02
708616,方土昶群益5B購02,0,,,,
708617,台半群益5B購01,21160,1.55,1.6,1.07,1.07
708618,家登群益5B購03,0,,,,
708619,閎康群益61購01,0,,,,
708620,陽程群益5B購02,149400,5.7,6.9,5.7,6.9
708621,順達群益5B購03,0,,,,
708622,新盛力群益5B購03,0,,,,
708623,群聯群益5B購05,300,0.06,0.06,0.06,0.06
708624,群聯群益61購04,23750,0.19,0.19,0.19,0.19
708625,榮剛群益5B購01,0,,,,
708626,精材群益5B購04,0,,,,
708627,廣穎群益5B購02,0,,,,
708628,譜瑞群益5B購02,0,,,,
708629,元太凱基5B購04,0,,,,
708630,元太凱基5B購05,0,,,,
708631,閎康凱基61購02,0,,,,
708632,順達凱基5B購03,0,,,,
708633,新盛力凱基61購01,990,0.99,0.99,0.99,0.99
708634,譜瑞凱基5B購03,4500,0.09,0.09,0.09,0.09
708635,譜瑞凱基5B購04,0,,,,
708636,中美晶元大63購02,397200,2.87,2.87,2.53,2.53
708637,沛亨元大5B購02,880,0.08,0.08,0.08,0.08
708638,威剛元大5B購08,0,,,,
708639,閎康元大5B購01,0,,,,
708640,順達元大5B購04,197180,0.52,0.57,0.52,0.56
708642,優群元大5B購01,0,,,,
708643,譜瑞元大5B購04,0,,,,
708644,譜瑞元大5B購05,0,,,,
708645,譜瑞元大5B購06,0,,,,
708646,譜瑞元大5B購07,1000,0.02,0.02,0.02,0.02
708647,台特化永豐61購01,0,,,,
708648,沛亨永豐5C購01,56700,0.21,0.21,0.21,0.21
708649,金益鼎永豐5C購01,0,,,,
708650,廣穎永豐61購01,0,,,,
708651,中美晶富邦5B購01,20400,1.36,1.36,1.36,1.36
708652,元太富邦62購01,0,,,,
708653,元太富邦62購02,0,,,,
708654,系統電富邦5B購01,0,,,,
708655,新盛力富邦62購01,1180350,0.93,0.98,0.91,0.92
708656,元太群益5B購04,0,,,,
708657,閎康群益5B購04,0,,,,
708658,廣穎群益61購02,0,,,,
708659,元太群益5B購05,0,,,,
708660,臺慶科群益5B購02,0,,,,
708661,元太元大5B購03,0,,,,
708662,元太元大5B購04,0,,,,
708664,元太元大5B購06,0,,,,
708665,元太元大5B購07,0,,,,
708666,元太元大5B購08,0,,,,
708667,元太元大5B購09,0,,,,
708668,元太元大5B購10,0,,,,
708669,博盛元大5B購01,0,,,,
708670,陽程元大63購02,1449490,2.56,3.09,2.56,3.09
708671,新盛力元大5B購03,69360,1.36,1.36,1.36,1.36
708672,元太永豐5C購01,0,,,,
708673,元太永豐61購01,0,,,,
708674,威剛永豐67購01,730,0.73,0.73,0.73,0.73
708675,智通*永豐61購01,0,,,,
708676,閎康永豐61購01,0,,,,
708677,新漢永豐5C購01,0,,,,
708678,臺慶科永豐5C購01,6200,0.31,0.31,0.31,0.31
708679,凡甲凱基5C購01,0,,,,
708680,中美晶凱基5B購03,0,,,,
708681,元太凱基5B購06,0,,,,
708682,威剛凱基5B購07,5770,0.2,0.21,0.2,0.21
708683,美琪瑪凱基5C購01,0,,,,
708684,陽程凱基5B購01,51100,3.3,3.5,3.3,3.5
708685,新盛力凱基5B購03,790010,0.6,0.76,0.59,0.68
708686,新盛力凱基61購02,79920,1.11,1.11,1.11,1.11
708688,凡甲台新5B購01,0,,,,
708689,凡甲台新5B購02,0,,,,
708690,凡甲台新5B購03,0,,,,
708691,中美晶台新5B購03,0,,,,
708692,元太台新5B購01,0,,,,
708693,方土昶台新5B購01,10000,1.0,1.0,1.0,1.0
708694,台特化台新5B購03,0,,,,
708695,閎康台新5B購01,0,,,,
708696,閎康台新5B購02,0,,,,
708697,閎康台新5B購03,0,,,,
708698,順達台新5B購03,35640,0.81,0.81,0.81,0.81
708699,臺慶科台新5B購02,209350,1.27,1.45,1.27,1.28
708700,凡甲國泰61購02,3400,0.34,0.34,0.34,0.34
708701,元太國泰5C購01,0,,,,
708702,元太國泰5C購02,0,,,,
708703,元太國泰5C購03,0,,,,
708704,台半富邦62購01,2526770,1.18,1.18,0.82,0.82
708705,華景電富邦5B購01,900,0.09,0.09,0.09,0.09
708706,新盛力富邦61購04,1678370,0.83,0.88,0.81,0.81
708707,德微富邦63購01,646540,1.48,1.52,1.36,1.36
708708,雙鴻富邦61購01,0,,,,
708709,元太國票5C購01,0,,,,
708710,元太國票5C購02,1500,0.05,0.05,0.05,0.05
708711,光頡國票5B購01,0,,,,
708712,光頡國票5B購02,0,,,,
708713,朋程國票5B購01,41050,0.21,0.21,0.2,0.2
708714,閎康國票5C購01,0,,,,
708715,新盛力國票5B購02,496530,0.7,0.75,0.67,0.67
708716,中美晶台新5B購04,405050,10.4,10.4,7.95,7.95
708717,台半台新5B購01,294500,5.15,5.15,4.86,4.86
708718,台半台新5B購02,214910,4.18,4.18,3.38,3.38
708719,台半台新5B購03,1055820,2.68,2.68,1.96,1.96
708720,光頡凱基5B購01,0,,,,
708721,陽程凱基61購01,30730,2.78,2.93,2.78,2.93
708722,陽程凱基63購02,1489280,1.87,2.3,1.84,2.3
708723,勤凱凱基5B購01,970,0.97,0.97,0.97,0.97
708724,臺慶科凱基5B購02,0,,,,
708725,擎亞凱基5B購02,0,,,,
708726,擎亞凱基5B購03,0,,,,
708727,台半元大63購02,211440,3.36,3.46,2.82,2.82
708728,威剛元大5B購09,0,,,,
708729,博盛元大5B購02,31820,0.43,0.43,0.43,0.43
708730,閎康元大5B購02,0,,,,
708731,陽程元大5B購01,577300,2.51,2.51,2.51,2.51
708732,陽程元大5B購02,0,,,,
708733,陽程元大65購02,1143100,1.24,1.5,1.24,1.5
708734,勤凱元大5B購01,0,,,,
708735,勤凱元大5B購02,0,,,,
708736,勤凱元大5B購03,0,,,,
708737,群翊元大5B購02,0,,,,
708738,德微元大5B購01,0,,,,
708739,德微元大5B購02,240240,1.43,1.43,1.43,1.43
708740,擎亞元大5B購03,150,0.15,0.15,0.15,0.15
708741,擎亞元大5B購04,0,,,,
708742,尼克森永豐5C購01,4600,0.23,0.23,0.23,0.23
708743,光頡永豐61購01,38820,4.28,4.34,4.28,4.34
708744,翔名永豐5C購01,0,,,,
708745,陽程永豐5B購02,285440,1.13,1.53,1.07,1.53
708746,精材永豐61購02,0,,,,
708747,臺慶科永豐65購01,90320,0.6,0.6,0.59,0.59
708748,擎亞永豐5C購01,5000,0.25,0.25,0.25,0.25
708749,擎亞永豐61購01,0,,,,
708750,雙鴻永豐65購01,72920,2.26,2.32,2.26,2.32
708751,精材富邦5B購02,18500,3.7,3.7,3.7,3.7
708752,博盛國泰5C購01,18320,0.73,0.81,0.73,0.81
708753,擎亞國泰61購01,0,,,,
708754,凡甲群益5B購02,0,,,,
708755,中美晶群益5B購03,70090,3.76,3.76,2.81,2.88
708756,正淩群益5B購01,0,,,,
708757,威剛群益61購02,830,0.83,0.83,0.83,0.83
708758,陽程群益5B購03,0,,,,
708759,聖暉*群益5B購02,0,,,,
708760,精材群益5B購06,0,,,,
708761,擎亞群益5B購02,48000,0.08,0.08,0.08,0.08
708762,大中國票5B購01,3100,0.62,0.62,0.62,0.62
708763,世界國票5C購04,16450,0.41,0.42,0.41,0.42
708764,立端國票5C購01,0,,,,
708766,沛亨國票5C購01,0,,,,
708767,威剛國票5C購03,0,,,,
708768,原相國票5B購02,0,,,,
708769,家碩國票5C購01,1200,0.3,0.3,0.3,0.3
708770,博盛國票5B購02,60050,0.33,0.33,0.32,0.32
708771,博盛國票5C購01,0,,,,
708772,博盛國票5C購02,0,,,,
708773,陽程國票5B購01,173740,1.72,2.15,1.69,2.15
708774,新鉅科國票5C購01,0,,,,
708775,聖暉*國票5C購01,0,,,,
708776,榮剛國票5C購01,0,,,,
708777,精材國票5C購02,0,,,,
708778,臺慶科國票5C購02,1750,0.25,0.25,0.25,0.25
708779,廣閎科國票5C購01,642290,1.34,1.37,1.26,1.37
708780,擎亞國票5B購01,0,,,,
708781,FH中5G凱基5B購01,0,,,,
708782,世界凱基64購01,0,,,,
708783,正淩凱基5B購02,0,,,,
708784,光頡凱基5B購02,14370,4.79,4.79,4.79,4.79
708785,均豪凱基5B購02,0,,,,
708786,沛亨凱基5B購02,144720,0.27,0.27,0.27,0.27
708787,群翊凱基5B購01,34370,0.34,0.37,0.34,0.37
708788,聖暉*凱基5B購04,0,,,,
708789,精材凱基5B購06,171880,2.57,3.19,2.57,3.19
708790,精材凱基5B購07,0,,,,
708791,精材凱基5C購02,13220,3.35,3.35,3.29,3.29
708792,精材凱基61購04,8130,2.57,2.87,2.57,2.87
708793,德微凱基5B購01,51070,2.35,2.35,2.13,2.13
708794,世界中信5B購02,850,0.17,0.17,0.17,0.17
708795,正淩永豐61購01,190,0.19,0.19,0.19,0.19
708796,茂綸永豐61購01,1329700,0.86,0.95,0.78,0.78
708797,神準永豐5C購01,1900,0.38,0.38,0.38,0.38
708798,精材永豐65購01,185280,2.16,2.48,2.16,2.48
708799,台半元大5B購01,12400,3.1,3.1,3.1,3.1
708800,光頡元大5B購01,351260,4.23,4.23,3.98,3.98
708801,光頡元大5B購03,0,,,,
708802,聖暉*元大5B購03,21800,0.36,0.37,0.36,0.37
708803,聖暉*元大5B購04,0,,,,
708804,雷科元大5B購01,10200,4.85,5.35,4.85,5.35
708805,精材元大5B購13,0,,,,
708806,精材元大5B購14,0,,,,
708807,精材元大5B購15,4700,4.7,4.7,4.7,4.7
708808,精材元大5B購16,0,,,,
708809,精材元大5B購17,0,,,,
708810,精材元大63購03,2230,2.23,2.23,2.23,2.23
708811,臺慶科元大63購01,177690,0.41,0.43,0.39,0.39
708812,世界台新5B購04,22700,1.16,1.16,1.08,1.08
708813,光頡台新5B購01,0,,,,
708814,欣銓台新5B購03,0,,,,
708815,欣銓台新5B購04,125100,0.64,0.64,0.55,0.58
708816,倚強台新5B購01,25900,2.59,2.59,2.59,2.59
708817,聖暉*台新5B購03,0,,,,
708818,榮剛台新5B購01,0,,,,
708819,精材台新5B購04,0,,,,
708820,精材台新5B購05,0,,,,
708821,精材台新5C購01,0,,,,
708822,臺慶科台新5B購03,78740,0.62,0.62,0.62,0.62
708823,臺慶科台新5B購04,0,,,,
708824,伍豐國票5C購01,4200,0.14,0.14,0.14,0.14
708825,光頡國票5B購03,0,,,,
708826,翔名國票5C購02,0,,,,
708827,聖暉*兆豐61購01,3400,0.34,0.34,0.34,0.34
708828,立敦群益5B購01,0,,,,
708829,光頡群益5B購01,0,,,,
708830,金益鼎群益5B購01,0,,,,
708831,茂綸群益5C購01,40190,0.7,0.75,0.65,0.65
708832,翔名群益5B購01,0,,,,
708833,精材群益5B購07,39250,5.1,6.05,5.1,6.05
708834,千如國泰5C購01,47690,3.56,4.01,3.56,3.62
708835,聖暉*國泰5C購01,0,,,,
708836,精材國泰5C購01,0,,,,
708837,精材國泰5C購02,35250,5.75,5.9,5.75,5.9
708838,臺慶科國泰5C購01,0,,,,
708839,萬泰科富邦63購01,39000,0.39,0.39,0.39,0.39
708840,中美晶元大5B購04,0,,,,
708841,台半元大5B購02,22920,1.74,1.77,1.47,1.47
708842,光頡元大5B購04,0,,,,
708843,威剛元大5B購10,255280,1.06,1.07,1.04,1.04
708844,威剛元大5B購11,31200,0.52,0.52,0.52,0.52
708845,翔名元大5B購01,0,,,,
708846,順達元大5B購05,225760,0.96,1.04,0.94,1.01
708847,新盛力元大5B購04,41760,1.74,1.74,1.74,1.74
708848,群翊元大5B購03,72960,0.38,0.38,0.38,0.38
708849,擎亞元大5B購05,0,,,,
708850,擎亞元大5B購06,0,,,,
708851,久元凱基5B購03,0,,,,
708852,台半凱基5B購01,204150,1.62,1.62,1.19,1.19
708853,立碁凱基5C購02,45100,2.28,2.38,2.17,2.38
708854,光頡凱基5B購03,2930,2.93,2.93,2.93,2.93
708855,光頡凱基5B購04,0,,,,
708856,茂綸凱基5C購01,22770,0.98,1.18,0.98,1.01
708857,翔名凱基5B購01,0,,,,
708858,德微凱基5B購02,125090,1.27,1.28,0.94,0.94
708859,立敦台新5B購01,68450,1.25,1.25,1.12,1.12
708860,立敦台新5B購02,0,,,,
708861,沛亨台新5B購01,2430,0.81,0.81,0.81,0.81
708862,沛亨台新5B購02,0,,,,
708863,沛亨台新5B購03,0,,,,
708864,捷創台新5B購01,425590,0.61,0.63,0.56,0.63
708865,新盛力台新5B購02,0,,,,
708866,新盛力台新5B購03,21300,2.13,2.13,2.13,2.13
708867,新盛力台新5C購01,452630,2.75,2.96,2.71,2.71
708868,新盛力台新62購02,189450,2.25,2.41,2.24,2.24
708869,中美晶中信5B購01,293680,1.74,1.74,1.41,1.41
708870,光頡中信5B購01,591780,1.83,1.95,1.68,1.68
708871,威剛中信65購01,15200,0.4,0.4,0.4,0.4
708872,台半永豐61購01,11460,1.91,1.91,1.91,1.91
708873,光頡永豐64購01,0,,,,
708874,雅特力永豐5B購01,0,,,,
708875,千如國票5C購01,752810,1.47,1.47,0.76,0.78
708876,台半國票5C購02,173080,1.95,1.95,1.59,1.59
708877,台星科國票5C購02,0,,,,
708878,光頡國票5C購01,0,,,,
708880,亞通國票5B購01,102560,1.91,1.91,1.56,1.56
708881,金益鼎國票5C購01,0,,,,
708882,能率國票5C購01,0,,,,
708883,晶焱國票5B購01,19760,0.19,0.19,0.19,0.19
708884,智通*國票5B購02,740,0.18,0.19,0.18,0.19
708885,翔名國票5C購03,0,,,,
708886,雅特力國票5C購01,145460,2.08,2.08,1.81,1.81
708887,萬泰科國票5C購01,55000,0.37,0.38,0.35,0.38
708888,雷科國票5B購02,83360,2.58,2.83,2.46,2.83
708889,德微國票5C購01,828450,1.92,1.95,1.54,1.56
708890,擎亞國票5B購02,0,,,,
708891,久元群益61購02,0,,,,
708892,世界群益62購02,126300,0.75,0.75,0.71,0.71
708893,立碁群益5B購01,3340,3.34,3.34,3.34,3.34
708894,光頡群益5B購02,74740,4.14,5.6,4.01,4.01
708895,均豪群益5B購02,0,,,,
708896,擎亞群益5C購01,8100,0.09,0.09,0.09,0.09
708897,雷科國泰61購01,0,,,,
708898,寶雅富邦61購01,0,,,,
708899,凡甲統一65購01,0,,,,
708900,久元統一65購01,0,,,,
708901,久元統一65購02,0,,,,
708902,大中統一63購01,64970,1.0,1.1,0.89,0.89
708903,大中統一65購01,1566610,0.78,0.87,0.74,0.74
708904,世界統一64購02,221350,0.74,0.74,0.7,0.7
708905,世界統一65購01,127640,0.66,0.66,0.63,0.64
708906,世界統一65購02,3360,0.56,0.56,0.56,0.56
708907,尼克森統一63購01,49770,0.41,0.46,0.38,0.46
708908,立敦統一63購01,0,,,,
708909,立敦統一65購01,0,,,,
708910,立敦統一65購02,0,,,,
708911,立敦統一66購01,1700,0.34,0.34,0.34,0.34
708912,光頡統一63購01,0,,,,
708913,光頡統一65購01,263060,1.88,1.94,1.81,1.81
708914,光頡統一65購02,0,,,,
708915,安葆統一75購01,90000,0.9,0.9,0.9,0.9
708916,艾訊統一65購01,147600,0.3,0.3,0.3,0.3
708917,邑錡統一65購01,0,,,,
708918,亞通統一65購01,16380,0.91,0.91,0.91,0.91
708919,欣銓統一63購01,239150,0.7,0.7,0.65,0.66
708920,欣銓統一65購02,69600,0.58,0.58,0.58,0.58
708921,欣銓統一67購01,143150,1.13,1.13,1.1,1.1
708922,欣銓統一69購01,68240,0.86,0.86,0.84,0.84
708923,威剛統一64購02,0,,,,
708924,威剛統一65購01,0,,,,
708925,威剛統一65購02,29000,0.58,0.58,0.58,0.58
708926,威剛統一65購03,0,,,,
708927,威剛統一69購01,15900,0.4,0.4,0.39,0.39
708928,茂達統一64購01,600,0.6,0.6,0.6,0.6
708929,茂綸統一63購01,145450,0.96,0.97,0.95,0.97
708930,翔名統一63購01,101430,0.38,0.38,0.37,0.38
708931,翔名統一65購01,0,,,,
708932,閎康統一65購01,0,,,,
708933,閎康統一65購02,0,,,,
708934,順達統一65購02,342370,0.58,0.59,0.57,0.57
708935,新盛力統一69購01,242080,0.75,0.76,0.73,0.73
708936,聖暉*統一63購02,1187040,0.36,0.38,0.34,0.35
708937,臺慶科統一63購01,347770,0.62,0.66,0.61,0.66
708938,臺慶科統一65購01,35150,0.44,0.46,0.42,0.42
708939,擎亞統一67購01,0,,,,
708940,中美晶凱基5B購04,0,,,,
708941,世界凱基63購01,242190,0.91,0.94,0.87,0.88
708942,台半凱基61購01,237120,1.46,1.48,1.18,1.18
708943,台星科凱基5C購01,0,,,,
708944,均豪凱基5B購03,0,,,,
708945,威剛凱基5B購08,62480,0.37,0.37,0.36,0.36
708946,德微凱基5C購01,234620,1.12,1.12,0.91,0.92
708947,擎亞凱基5B購04,850,0.05,0.05,0.05,0.05
708948,順達台新61購01,88070,1.97,2.09,1.97,2.09
708949,鈊象台新5B購04,0,,,,
708950,優群台新5B購02,0,,,,
708951,中美晶元大5B購05,20400,2.04,2.04,2.04,2.04
708952,台半元大5B購03,68860,1.01,1.03,0.68,0.68
708953,均豪元大5B購03,0,,,,
708954,威剛元大5B購12,0,,,,
708955,威剛元大5B購13,0,,,,
708956,順達元大5B購06,155560,1.52,1.64,1.51,1.64
708957,新盛力元大5B購05,373750,1.15,1.15,1.15,1.15
708958,雷科元大5B購02,311460,3.39,3.65,3.2,3.58
708959,雷科元大5B購03,48310,3.73,3.73,3.67,3.67
708960,雷科元大5B購04,0,,,,
708961,擎亞元大5B購07,0,,,,
708962,點序元大5B購01,300,0.05,0.05,0.05,0.05
708963,台半永豐5C購02,279260,1.15,1.15,0.86,0.86
708964,凌陽創永豐61購01,14000,0.14,0.14,0.14,0.14
708965,萬泰科永豐61購01,3600,0.4,0.4,0.4,0.4
708966,久元群益5B購01,0,,,,
708967,均豪群益5B購03,0,,,,
708968,佳邦群益5B購01,0,,,,
708969,朋程群益5B購02,0,,,,
708970,欣銓群益5B購03,23100,0.66,0.66,0.66,0.66
708971,鈊象群益5B購03,5250,0.53,0.53,0.52,0.52
708972,鈺太群益5B購01,0,,,,
708973,德微群益5B購03,53380,1.19,1.19,1.0,1.0
708974,雙鴻群益5B購08,0,,,,
708975,久元統一65購03,0,,,,
708976,久元統一65購04,0,,,,
708977,台半統一63購01,347140,1.37,1.37,1.17,1.17
708978,台半統一65購01,162420,0.7,0.7,0.6,0.6
708979,台半統一69購01,165790,0.71,0.71,0.61,0.61
708980,台星科統一65購01,30720,0.64,0.64,0.64,0.64
708981,立敦統一65購03,0,,,,
708982,沛亨統一69購01,0,,,,
708983,良維統一5B購01,0,,,,
708984,欣銓統一65購03,76860,0.63,0.63,0.63,0.63
708985,金益鼎統一65購02,0,,,,
708986,威剛統一5B購02,0,,,,
708987,威剛統一65購04,0,,,,
708988,茂達統一65購01,51920,0.59,0.59,0.59,0.59
708989,茂綸統一65購01,119960,0.69,0.72,0.67,0.67
708990,閎康統一63購02,0,,,,
708991,聖暉*統一65購02,2650,0.53,0.53,0.53,0.53
708992,德微統一63購02,993200,0.88,0.89,0.74,0.74
708993,德微統一75購01,0,,,,
708994,擎亞統一63購01,0,,,,
708995,擎亞統一65購01,0,,,,
708996,擎亞統一66購01,0,,,,
708997,鑫科統一69購01,0,,,,
708998,台半國票5C購03,614590,0.99,1.54,0.95,0.95
708999,安葆國票5C購02,0,,,,
709000,欣銓國票5C購02,0,,,,
709001,泓格國票5B購01,0,,,,
709002,泓格國票5C購01,8100,0.28,0.28,0.26,0.26
709003,雷科國票5B購04,0,,,,
709004,漢達國票5C購01,0,,,,
709005,德微國票5C購02,137360,1.36,1.36,1.36,1.36
709006,大中台新5B購01,437780,1.5,1.72,1.37,1.37
709007,元債20台新5B購01,0,,,,
709008,立敦台新5B購03,0,,,,
709009,佳邦台新5B購01,0,,,,
709010,博大台新5B購01,12780,0.65,0.65,0.6,0.6
709011,立敦凱基5B購01,200,0.1,0.1,0.1,0.1
709012,安葆凱基5C購02,21680,2.42,2.49,2.36,2.49
709013,佳邦凱基5C購01,11300,0.61,0.61,0.54,0.54
709014,朋程凱基5B購02,0,,,,
709015,威剛凱基5C購02,0,,,,
709016,茂達凱基5B購01,0,,,,
709017,鈊象凱基5B購02,0,,,,
709018,鈺太凱基5B購03,0,,,,
709019,臺慶科凱基63購01,78600,0.45,0.45,0.42,0.42
709020,德微凱基5B購03,455940,0.53,0.54,0.36,0.37
709021,擎亞凱基5B購05,0,,,,
709022,雙鴻凱基61購03,13500,2.7,2.7,2.7,2.7
709023,中美晶群益5B購04,0,,,,
709024,世界群益61購01,11700,0.78,0.78,0.78,0.78
709025,台半群益5B購02,48240,2.0,2.0,1.92,1.92
709026,台半群益5B購03,100420,1.84,1.84,1.81,1.81
709027,均豪群益5B購04,0,,,,
709028,威剛群益5B購03,0,,,,
709029,茂達群益5B購01,18150,0.55,0.55,0.55,0.55
709030,智通*群益5B購01,34000,0.34,0.34,0.34,0.34
709031,華宏群益5B購01,0,,,,
709032,新盛力群益61購01,1066010,2.36,2.49,2.3,2.3
709033,擎亞群益65購01,0,,,,
709034,台半元大5B購04,0,,,,
709035,正淩元大5B購02,0,,,,
709036,金益鼎元大5B購01,0,,,,
709037,威剛元大5B購14,6200,3.1,3.1,3.1,3.1
709038,原相元大5B購02,0,,,,
709039,順達元大5B購07,132600,8.05,8.4,8.05,8.4
709040,雷科元大5B購05,0,,,,
709041,德微元大5B購03,68400,1.04,1.08,1.02,1.02
709042,擎亞元大5B購08,0,,,,
709043,寶雅元大5B購01,0,,,,
709044,威剛國泰5C購01,0,,,,
709045,威剛國泰5C購02,0,,,,
709046,威剛國泰5C購03,0,,,,
709047,擎亞國泰62購01,291260,0.75,0.77,0.75,0.75
709048,久元富邦61購04,0,,,,
709049,台半富邦62購02,750490,1.05,1.12,0.9,0.9
709050,閎康富邦61購01,0,,,,
709051,新盛力富邦61購05,0,,,,
709052,擎亞富邦5C購01,0,,,,
709053,久元統一65購05,0,,,,
709054,正淩統一65購02,0,,,,
709055,正淩統一69購01,27140,0.46,0.46,0.46,0.46
709056,立敦統一65購04,0,,,,
709057,沛亨統一65購01,57600,0.48,0.48,0.48,0.48
709058,朋程統一63購01,400,0.4,0.4,0.4,0.4
709059,欣銓統一5B購01,0,,,,
709060,欣銓統一65購04,87280,0.64,0.64,0.62,0.62
709061,茂達統一65購02,0,,,,
709062,凌陽創統一63購01,0,,,,
709063,閎康統一65購03,35020,0.34,0.34,0.34,0.34
709064,新漢統一61購01,0,,,,
709065,德微統一5B購01,116600,0.48,0.48,0.38,0.39
709066,德微統一65購01,37220,0.64,0.64,0.56,0.56
709067,德微統一65購02,0,,,,
709068,擎亞統一63購02,1200,0.24,0.24,0.24,0.24
709069,擎亞統一65購02,0,,,,
709070,鑫科統一64購01,4100,0.21,0.21,0.2,0.2
709071,立敦永豐61購01,0,,,,
709072,佳邦永豐63購01,7120,0.68,0.68,0.64,0.64
709073,威剛永豐5B購02,0,,,,
709074,威剛永豐61購02,0,,,,
709075,原相永豐5C購01,0,,,,
709076,德微永豐5C購01,25940,0.97,0.97,0.8,0.8
709077,擎亞永豐64購01,440,0.44,0.44,0.44,0.44
709078,元債20國票5B購02,36010,0.39,0.39,0.37,0.37
709079,台半國票61購01,183180,0.88,1.26,0.83,0.83
709080,佳邦國票5C購02,11000,0.22,0.22,0.22,0.22
709081,茂達國票5C購01,640,0.32,0.32,0.32,0.32
709082,博大國票5C購01,56400,0.4,0.4,0.39,0.39
709083,晶宏國票5C購02,1364780,1.19,1.32,1.12,1.12
709086,德微國票5C購03,36410,0.9,0.9,0.79,0.79
709087,點序國票5B購01,42300,0.14,0.15,0.12,0.12
709088,點序國票5C購01,0,,,,
709089,世紀*元大5B購01,55820,4.34,4.34,4.28,4.28
709090,台特化元大5B購02,0,,,,
709091,博智元大5B購02,24090,0.11,0.11,0.11,0.11
709092,智通*元大5B購01,3800,0.38,0.38,0.38,0.38
709093,鈊象元大5B購02,10680,1.31,1.37,1.31,1.37
709094,群聯元大5B購15,390370,1.59,1.89,1.59,1.77
709095,群聯元大5B購16,0,,,,
709096,廣穎元大5B購01,0,,,,
709097,雙鴻元大5B購03,0,,,,
709098,尼克森國票5B購02,1040,0.26,0.26,0.26,0.26
709099,朋程國票5B購02,0,,,,
709100,晶宏國票5C購03,174090,0.86,1.07,0.82,0.82
709101,華容國票5C購02,11450,2.29,2.29,2.29,2.29
709102,群聯國票61購03,0,,,,
709103,雷科國票5C購01,1057960,2.21,2.35,2.09,2.32
709104,臺慶科國票5C購03,5400,0.18,0.18,0.18,0.18
709105,廣穎國票5C購02,35800,0.91,0.91,0.89,0.89
709107,擎亞國票5C購01,201450,0.17,0.17,0.16,0.16
709108,鑫聯國票5C購02,0,,,,
709109,中美晶凱基63購01,77520,2.24,2.24,1.94,1.96
709110,均豪凱基5C購01,230,0.23,0.23,0.23,0.23
709111,凌陽創凱基5B購01,0,,,,
709112,博智凱基5B購01,0,,,,
709113,博智凱基5B購02,780,0.13,0.13,0.13,0.13
709114,博智凱基5B購03,0,,,,
709115,群聯凱基5B購05,0,,,,
709116,群聯凱基5B購06,1800,0.18,0.18,0.18,0.18
709117,群聯凱基5B購07,2100,0.21,0.21,0.21,0.21
709118,雙鴻凱基5B購02,25300,2.53,2.53,2.53,2.53
709119,中光電台新5B購01,18500,0.37,0.37,0.37,0.37
709120,中美晶台新61購01,53640,4.53,4.53,4.44,4.44
709121,原相台新5B購01,0,,,,
709122,博盛台新5B購01,104900,0.67,0.67,0.58,0.58
709123,博智台新5B購01,0,,,,
709124,博智台新5B購02,0,,,,
709125,博智台新5B購03,0,,,,
709126,順達台新5B購04,155700,1.73,1.73,1.73,1.73
709127,群聯台新5B購09,0,,,,
709128,群聯台新5B購10,0,,,,
709129,群聯台新5B購11,0,,,,
709130,雷科台新5B購01,18300,3.66,3.66,3.66,3.66
709131,雷科台新5B購02,414230,2.92,3.14,2.8,3.11
709132,廣穎台新5B購01,41140,1.21,1.21,1.21,1.21
709133,聯合台新5B購01,0,,,,
709134,鑫科台新5B購01,0,,,,
709135,台特化富邦5C購02,0,,,,
709136,博智富邦61購02,6000,0.2,0.2,0.2,0.2
709137,群聯富邦61購03,12200,0.41,0.41,0.4,0.4
709138,群聯富邦61購04,0,,,,
709139,安勤永豐5C購01,1200,0.6,0.6,0.6,0.6
709140,朋程永豐5C購01,0,,,,
709141,博智永豐5C購02,0,,,,
709142,群聯永豐5C購05,86700,0.34,0.34,0.34,0.34
709143,群聯永豐63購01,0,,,,
709144,群聯永豐64購03,0,,,,
709145,群聯永豐65購04,0,,,,
709146,漢科永豐5C購01,0,,,,
709147,中美晶統一66購01,1954310,1.0,1.0,0.91,0.91
709148,正淩統一65購03,0,,,,
709149,沛亨統一63購01,2040,0.51,0.51,0.51,0.51
709150,沛亨統一64購01,0,,,,
709151,沛亨統一65購02,19720,0.43,0.43,0.41,0.42
709152,佳邦統一63購01,1680,0.42,0.42,0.42,0.42
709153,佳邦統一65購01,0,,,,
709154,朋程統一65購01,0,,,,
709155,欣銓統一63購02,79780,0.52,0.52,0.49,0.49
709156,茂達統一65購03,4200,0.42,0.42,0.42,0.42
709157,茂達統一69購01,100040,0.57,0.59,0.57,0.59
709158,茂綸統一65購02,169600,0.75,0.78,0.72,0.78
709159,茂綸統一65購03,90180,0.67,0.69,0.67,0.69
709160,神準統一66購01,24080,0.56,0.56,0.56,0.56
709161,博智統一63購02,6100,0.2,0.22,0.2,0.22
709162,博智統一65購01,0,,,,
709163,閎康統一65購04,0,,,,
709164,萬泰科統一75購01,11750,0.55,0.56,0.55,0.56
709165,群聯統一5B購02,32000,0.08,0.08,0.08,0.08
709166,群聯統一63購01,68000,0.3,0.33,0.3,0.32
709167,群聯統一63購02,36100,0.27,0.28,0.27,0.27
709168,群聯統一65購01,14580,0.28,0.29,0.28,0.29
709169,群聯統一65購02,0,,,,
709170,群聯統一69購01,950,0.95,0.95,0.95,0.95
709171,群聯統一69購02,27050,0.55,0.55,0.53,0.53
709172,群聯統一6B購01,1030,1.03,1.03,1.03,1.03
709173,群聯統一75購01,360020,1.07,1.11,1.06,1.09
709174,聖暉*統一65購03,530,0.53,0.53,0.53,0.53
709175,鈺太統一69購01,0,,,,
709176,臺慶科統一65購02,25000,0.34,0.34,0.33,0.33
709177,臺慶科統一65購03,158400,0.56,0.57,0.56,0.57
709178,臺慶科統一69購01,102340,0.57,0.58,0.56,0.58
709179,廣穎統一65購01,0,,,,
709180,廣穎統一69購01,0,,,,
709181,擎亞統一65購03,390,0.39,0.39,0.39,0.39
709182,擎亞統一65購04,17500,0.25,0.25,0.25,0.25
709183,鑫科統一69購02,0,,,,
709184,鑫聯統一69購01,7750,0.31,0.31,0.31,0.31
709185,群聯中信63購01,6000,0.4,0.4,0.4,0.4
709186,倚強群益5B購01,41370,2.33,2.33,2.14,2.14
709187,原相群益5B購01,0,,,,
709188,博智群益5B購02,0,,,,
709189,博智群益5B購03,0,,,,
709190,華容群益5B購01,0,,,,
709191,新盛力群益61購02,635100,1.91,2.01,1.86,1.87
709192,群聯群益5B購07,13990,0.55,0.59,0.55,0.59
709193,臺慶科群益5B購03,0,,,,
709194,優群群益5B購01,0,,,,
709195,擎亞群益62購01,0,,,,
709196,寶雅群益5B購01,0,,,,
709197,鑫科群益5B購02,0,,,,
709198,久元永豐5B購01,0,,,,
709199,威聯通永豐61購01,4200,0.14,0.14,0.14,0.14
709200,富喬永豐61購02,427780,1.08,1.08,1.03,1.07
709201,富喬永豐66購01,124740,1.29,1.29,1.25,1.29
709202,富喬永豐68購01,917000,1.24,1.25,1.21,1.25
709203,順達永豐64購01,473570,0.89,0.97,0.89,0.92
709204,順達永豐67購01,99200,1.0,1.02,1.0,1.02
709205,鈊象永豐63購01,18400,1.24,1.24,1.22,1.22
709206,新盛力永豐5C購02,154500,0.69,0.73,0.68,0.68
709207,擎亞永豐63購01,12000,0.24,0.24,0.24,0.24
709208,沛亨凱基5B購03,9250,0.17,0.17,0.14,0.14
709209,佳邦凱基5B購01,0,,,,
709210,富喬凱基5B購02,78330,0.79,0.83,0.76,0.83
709211,富喬凱基61購02,258000,1.29,1.29,1.29,1.29
709212,富喬凱基61購03,163320,1.05,1.12,1.02,1.12
709213,勤凱凱基5B購02,960,0.32,0.32,0.32,0.32
709214,勤凱凱基5B購03,27360,0.44,0.5,0.44,0.5
709215,勤凱凱基5B購04,13600,0.68,0.68,0.68,0.68
709216,群聯凱基61購04,0,,,,
709217,臺慶科凱基5B購03,0,,,,
709218,擎亞凱基61購01,0,,,,
709219,中光電台新5B購02,0,,,,
709220,台星科台新5B購01,96250,0.55,0.55,0.55,0.55
709221,台星科台新5B購02,86380,0.49,0.49,0.46,0.46
709222,立碁台新62購01,512290,2.08,2.11,1.9,2.07
709223,沛亨台新5B購04,0,,,,
709224,佳邦台新5B購02,3300,0.33,0.33,0.33,0.33
709225,佳邦台新5B購03,0,,,,
709226,順達台新5B購05,258560,2.04,2.17,2.01,2.17
709227,勤凱台新5B購02,17200,0.81,0.91,0.81,0.91
709228,勤凱台新5B購03,11400,0.57,0.57,0.57,0.57
709229,擎亞台新5B購01,0,,,,
709230,擎亞台新5B購02,0,,,,
709231,雙鴻台新5B購01,0,,,,
709232,雙鴻台新5B購02,0,,,,
709233,雙鴻台新5B購03,2150,2.15,2.15,2.15,2.15
709234,台半國泰5C購02,8260,1.62,1.7,1.62,1.7
709235,良維國泰5C購02,4120,1.01,1.05,1.01,1.05
709236,富喬國泰5C購01,0,,,,
709237,順達國泰5C購01,7710,0.74,0.8,0.74,0.8
709238,群聯國泰5C購01,168460,0.42,0.46,0.42,0.46
709239,群聯國泰5C購02,0,,,,
709240,威剛富邦5B購02,0,,,,
709241,富喬富邦5B購02,381080,0.64,0.66,0.6,0.66
709242,群聯富邦62購06,2100,0.35,0.35,0.35,0.35
709243,均豪元大5B購04,67800,2.23,2.32,2.23,2.32
709244,欣銓元大5B購03,0,,,,
709245,威剛元大5B購15,920,0.92,0.92,0.92,0.92
709246,原相元大5B購03,460,0.23,0.23,0.23,0.23
709248,富喬元大5B購03,371150,1.88,1.9,1.73,1.9
709249,富喬元大5B購04,317860,0.73,0.73,0.67,0.7
709250,富喬元大5B購05,223370,0.84,0.85,0.77,0.85
709251,勤凱元大5B購04,0,,,,
709252,新盛力元大5B購06,229200,1.2,1.2,1.15,1.15
709253,新盛力元大5B購07,274520,1.45,1.57,1.45,1.48
709254,群聯元大5B購17,231970,1.74,2.02,1.74,2.02
709255,群聯元大5B購18,145300,0.35,0.36,0.35,0.36
709256,臺慶科元大5B購01,0,,,,
709257,擎亞元大5B購09,0,,,,
709258,中美晶群益5B購05,0,,,,
709259,均豪群益5B購05,20440,0.62,0.62,0.58,0.6
709260,富喬群益5B購02,0,,,,
709261,勤凱群益5B購03,0,,,,
709262,新盛力群益63購01,1043830,1.23,1.29,1.2,1.21
709263,萬泰科群益5C購01,0,,,,
709264,群聯群益5B購08,40420,0.86,0.86,0.86,0.86
709265,擎亞群益5B購03,0,,,,
709266,雙鴻群益5B購09,0,,,,
709267,方土昶永豐5C購01,35610,0.24,0.24,0.23,0.23
709268,茂達永豐63購01,0,,,,
709269,精確永豐5B購01,0,,,,
709270,優群永豐5C購01,0,,,,
709271,中美晶凱基5B購05,14980,1.07,1.07,1.07,1.07
709272,台半凱基5B購02,0,,,,
709273,立碁凱基5B購02,378580,0.9,1.12,0.76,1.12
709274,均豪凱基5B購04,0,,,,
709275,沛亨凱基5C購01,86080,0.36,0.36,0.35,0.35
709276,原相凱基5B購04,0,,,,
709277,華容凱基5B購01,54300,1.83,1.83,1.8,1.8
709278,華容凱基5C購01,55920,1.95,1.95,1.74,1.74
709279,萬泰科凱基5B購02,0,,,,
709280,精材凱基5B購09,29400,2.94,2.94,2.94,2.94
709281,大中台新5B購02,365470,1.45,1.45,0.84,0.84
709282,立碁台新5B購01,965480,2.1,2.6,1.83,2.6
709283,立碁台新5B購02,961070,1.84,1.85,1.51,1.78
709284,艾訊台新5B購03,0,,,,
709285,艾訊台新5B購04,0,,,,
709286,佳邦台新5B購04,0,,,,
709287,南俊台新5B購01,5920,0.15,0.17,0.15,0.17
709288,南俊台新5B購02,400,0.2,0.2,0.2,0.2
709289,順達台新5B購06,0,,,,
709290,勤凱台新5B購04,0,,,,
709291,臺慶科台新5B購06,2900,0.37,0.37,0.35,0.35
709292,臺慶科台新5B購07,12100,0.31,0.31,0.3,0.3
709293,群聯兆豐65購03,0,,,,
709294,中美晶元大5B購06,9630,1.07,1.07,1.07,1.07
709295,方土昶元大5B購01,0,,,,
709296,世界元大5B購04,18600,0.93,0.93,0.93,0.93
709297,台半元大5B購05,3630,1.21,1.21,1.21,1.21
709298,倚強元大5B購01,0,,,,
709299,華容元大5B購01,0,,,,
709300,群聯元大61購07,490,0.49,0.49,0.49,0.49
709301,聖暉*元大5B購05,0,,,,
709302,臺慶科元大5B購02,0,,,,
709303,優群元大5B購02,0,,,,
709305,鑫科元大5B購03,0,,,,
709306,久元群益65購01,0,,,,
709307,中美晶群益5B購06,1036700,3.19,3.19,2.42,2.42
709308,世界群益5C購02,0,,,,
709309,南俊群益5B購01,0,,,,
709310,茂達群益5B購02,0,,,,
709311,富喬群益5B購03,610080,1.19,1.3,1.16,1.3
709312,群聯群益5B購09,0,,,,
709313,精材群益5B購09,0,,,,
709314,雙鴻群益5B購10,0,,,,
709315,沛亨永豐65購01,43900,0.45,0.45,0.44,0.44
709316,長科*永豐61購01,67070,1.61,1.61,1.55,1.55
709317,順達永豐64購02,356200,0.48,0.49,0.48,0.49
709318,群聯永豐5C購06,3750,0.25,0.25,0.25,0.25
709319,群聯永豐5C購07,0,,,,
709320,群聯永豐65購05,0,,,,
709321,沛亨元大5B購03,0,,,,
709322,沛亨元大5B購04,0,,,,
709323,沛亨元大5B購05,0,,,,
709324,良維元大5B購02,0,,,,
709325,佳邦元大5B購01,0,,,,
709326,朋程元大5B購01,17720,0.08,0.08,0.07,0.07
709327,茂達元大5B購01,0,,,,
709328,富喬元大61購03,514290,1.39,1.41,1.32,1.37
709329,群聯元大61購08,0,,,,
709330,良維富邦5C購02,0,,,,
709331,朋程富邦61購01,9900,0.18,0.18,0.18,0.18
709332,順達富邦61購01,17820,0.27,0.27,0.27,0.27
709333,大中群益5B購01,67190,0.92,0.92,0.44,0.53
709334,大中群益5B購02,59220,0.47,0.56,0.44,0.44
709335,均豪群益5B購06,0,,,,
709336,宏捷科群益5B購02,0,,,,
709337,良維群益5B購04,0,,,,
709338,佳邦群益5B購02,0,,,,
709339,佳邦群益5B購03,0,,,,
709340,朋程群益5B購03,0,,,,
709341,長科*群益5B購01,1230400,1.3,1.38,1.23,1.26
709342,順達群益5B購04,0,,,,
709343,群翊群益5B購02,0,,,,
709344,漢科群益5B購01,0,,,,
709345,精材群益5B購10,0,,,,
709346,台半凱基5B購03,494080,0.29,0.38,0.23,0.23
709347,沛亨凱基5B購04,0,,,,
709348,朋程凱基5B購03,0,,,,
709349,順達凱基5B購04,0,,,,
709350,群聯凱基5B購09,0,,,,
709351,聖暉*凱基5B購05,0,,,,
709352,優群凱基5B購02,0,,,,
709353,大中台新5B購03,40120,0.54,0.56,0.52,0.52
709354,台半台新5B購04,0,,,,
709355,台半台新5B購05,2290,0.68,0.68,0.52,0.52
709356,金益鼎台新5B購01,0,,,,
709357,博盛台新5B購02,72500,0.49,0.49,0.48,0.48
709358,順達台新5B購07,0,,,,
709359,勤凱台新5B購05,0,,,,
709360,群翊台新5B購01,0,,,,
709361,穩得台新5B購01,0,,,,
709362,台半凱基5B購04,8700,0.58,0.58,0.58,0.58
709363,台特化凱基5B購03,43250,0.19,0.21,0.19,0.21
709364,宏捷科凱基5B購02,1210,0.11,0.11,0.11,0.11
709365,長科*凱基5B購01,63530,0.68,0.71,0.62,0.68
709366,富喬凱基62購01,84800,1.06,1.06,1.06,1.06
709367,萊德光凱基5B購01,72190,0.13,0.16,0.13,0.13
709368,萊德光凱基5B購02,206100,0.3,0.34,0.3,0.31
709369,順達凱基5B購05,0,,,,
709370,勤凱凱基5B購05,5660,0.11,0.14,0.11,0.14
709371,群翊凱基62購01,300,0.3,0.3,0.3,0.3
709372,聖暉*凱基5B購06,0,,,,
709373,漢科凱基5B購01,0,,,,
709374,廣穎凱基5B購03,0,,,,
709375,雙鴻凱基5B購03,0,,,,
709376,系統電台新5B購01,0,,,,
709377,華容台新5B購01,0,,,,
709378,鈺太台新5B購01,0,,,,
709379,鈺太台新5B購02,0,,,,
709380,鈺太台新5B購03,0,,,,
709381,精材台新5B購07,0,,,,
709382,廣穎台新5B購02,40670,0.49,0.49,0.49,0.49
709383,點序台新5B購01,0,,,,
709384,點序台新62購01,573350,0.46,0.46,0.4,0.42
709385,佳邦元大5B購02,0,,,,
709386,長科*元大5B購01,86770,1.12,1.17,1.08,1.09
709387,順達元大5B購08,0,,,,
709388,順達元大62購01,1460,0.73,0.73,0.73,0.73
709389,群聯元大5B購19,0,,,,
709390,群聯元大63購04,190000,0.38,0.38,0.38,0.38
709391,聖暉*元大5B購06,0,,,,
709392,佳邦富邦5B購01,500,0.02,0.02,0.02,0.02
709393,精材富邦5B購03,0,,,,
709394,台半群益62購01,46450,0.5,0.63,0.5,0.55
709395,聖暉*群益5B購03,0,,,,
709396,優群群益62購01,0,,,,
709397,佳邦國泰5C購01,0,,,,
709398,威聯通國泰5C購01,3300,0.33,0.33,0.33,0.33
709399,勤凱國泰5C購02,16210,0.64,0.92,0.64,0.92
709400,台半永豐63購02,90230,1.02,1.26,1.01,1.01
709401,台特化永豐63購01,5600,0.28,0.28,0.28,0.28
709402,佳邦永豐5C購01,0,,,,
709403,萊德光永豐5C購01,5100,0.3,0.3,0.3,0.3
709404,勤凱永豐5C購04,6290,0.58,0.86,0.58,0.8
709405,群聯永豐5B購01,0,,,,
709406,鏵友益永豐5C購02,119760,0.24,0.24,0.24,0.24
709407,久元元大5C購01,0,,,,
709408,中美晶元大5C購03,359330,2.04,2.04,1.83,1.88
709409,世界元大5C購02,0,,,,
709410,台半元大5C購02,0,,,,
709411,良維元大5C購02,0,,,,
709412,佳邦元大5C購02,0,,,,
709413,富喬元大5C購03,335950,1.0,1.04,1.0,1.0
709414,順達元大5C購02,0,,,,
709415,勤凱元大5C購01,0,,,,
709416,群聯元大5C購03,175890,1.15,1.17,1.15,1.17
709417,精材元大5C購01,0,,,,
709418,中美晶永豐64購01,287620,1.24,1.24,1.17,1.17
709419,長科*永豐61購02,167500,1.01,1.04,0.98,0.99
709420,晶焱永豐61購01,0,,,,
709421,華容永豐64購01,180650,3.69,3.72,3.41,3.41
709422,臺慶科永豐66購01,0,,,,
709423,廣穎永豐61購02,0,,,,
709424,台半凱基5C購02,1800,0.18,0.19,0.15,0.16
709425,巨漢凱基5C購01,0,,,,
709426,良維凱基5C購03,0,,,,
709427,佳邦凱基5C購02,0,,,,
709428,佳邦凱基5C購03,0,,,,
709429,威剛凱基64購01,0,,,,
709430,順達凱基5C購02,0,,,,
709431,勤凱凱基5C購01,0,,,,
709432,勤凱凱基5C購02,0,,,,
709433,勤凱凱基62購01,2640,0.58,0.58,0.4,0.5
709434,群聯凱基66購01,243450,0.37,0.39,0.37,0.39
709435,廣穎凱基5C購01,0,,,,
709436,巨漢台新5C購01,0,,,,
709437,巨漢台新5C購02,0,,,,
709438,湧德台新61購01,26880,0.64,0.64,0.64,0.64
709439,華容台新5C購01,0,,,,
709440,華容台新5C購02,0,,,,
709441,鈊象台新5C購01,11830,0.91,0.91,0.91,0.91
709442,鑫聯台新5C購01,0,,,,
709443,台半群益5C購01,10200,1.0,1.0,0.46,0.46
709444,台特化群益5C購02,31280,0.92,0.92,0.92,0.92
709445,立敦群益5C購01,0,,,,
709446,勤凱群益5C購01,2090,0.11,0.11,0.11,0.11
709447,廣穎群益5C購01,0,,,,
709448,雙鴻群益5C購01,4290,4.29,4.29,4.29,4.29
709449,聖暉*國泰61購01,0,,,,
709450,雙鴻國泰61購02,0,,,,
709451,久元富邦66購01,2550,0.17,0.17,0.17,0.17
709452,台半富邦64購01,249100,0.45,0.5,0.38,0.38
709453,台半富邦66購01,173090,0.61,0.61,0.44,0.44
709454,宏捷科富邦66購01,30140,0.19,0.23,0.19,0.23
709455,宏捷科富邦66購02,34000,0.25,0.25,0.25,0.25
709456,長科*富邦63購01,326010,0.92,0.98,0.89,0.92
709457,威剛富邦62購01,0,,,,
709458,富喬富邦66購01,155370,1.0,1.04,0.98,1.03
709459,智通*富邦64購01,10350,1.15,1.15,1.15,1.15
709460,智通*富邦66購01,59850,0.63,0.63,0.63,0.63
709461,閎康富邦66購01,51280,0.31,0.33,0.31,0.33
709462,鈊象富邦66購01,0,,,,
709463,群聯富邦64購01,0,,,,
709464,雙鴻富邦64購01,0,,,,
709465,台半國票61購02,62660,0.34,0.34,0.29,0.29
709466,台半國票61購03,495000,0.27,0.28,0.27,0.27
709467,佳邦國票61購01,25950,0.06,0.06,0.05,0.05
709468,佳邦國票61購02,13000,0.06,0.06,0.05,0.05
709469,萊德光國票61購01,79290,0.25,0.27,0.25,0.25
709470,順達國票61購01,0,,,,
709471,中美晶群益62購02,182230,1.2,1.2,0.96,0.96
709472,台星科群益62購01,42000,0.42,0.42,0.42,0.42
709473,威剛群益62購01,0,,,,
709474,茂綸群益62購01,1891140,1.58,1.86,1.55,1.55
709475,振曜群益5C購01,2400,0.06,0.06,0.06,0.06
709476,創惟群益5C購01,0,,,,
709477,群聯群益5C購02,0,,,,
709478,鈊象國泰61購01,0,,,,
709479,臺慶科國泰61購01,0,,,,
709480,朋程永豐5C購02,0,,,,
709481,欣銓永豐64購01,29900,0.88,0.88,0.83,0.83
709482,達航永豐61購01,8640,0.26,0.28,0.26,0.27
709483,達航永豐64購01,15710,0.48,0.48,0.47,0.47
709484,立敦富邦66購01,0,,,,
709485,宏觀富邦66購01,0,,,,
709486,順達富邦61購02,9500,0.38,0.38,0.38,0.38
709487,漢科富邦66購01,75080,0.64,0.67,0.64,0.67
709488,廣明富邦66購01,0,,,,
709489,璟德富邦66購01,0,,,,
709490,久元凱基5C購02,0,,,,
709491,中美晶凱基5C購02,1310050,0.82,0.83,0.59,0.59
709492,立敦凱基5C購01,0,,,,
709493,良維凱基64購01,0,,,,
709494,朋程凱基61購01,3300,0.1,0.1,0.1,0.1
709495,能率亞凱基5C購01,220,0.22,0.22,0.22,0.22
709496,富喬凱基5C購01,18000,0.75,0.75,0.75,0.75
709497,華容凱基5C購02,30000,1.5,1.5,1.5,1.5
709498,群聯凱基5C購02,0,,,,
709499,廣穎凱基61購01,24990,0.28,0.28,0.13,0.13
709500,中美晶台新63購01,652420,2.12,2.12,1.77,1.77
709501,立敦台新5C購01,6000,0.1,0.1,0.1,0.1
709502,宏觀台新5C購01,420,0.14,0.14,0.14,0.14
709503,南俊台新5C購01,25560,0.25,0.29,0.25,0.29
709504,聖暉*台新5C購01,0,,,,
709505,精材台新5C購02,0,,,,
709506,精材台新5C購03,0,,,,
709507,璟德台新5C購01,0,,,,
709508,久元元大5C購02,0,,,,
709510,朋程元大5C購01,8400,0.07,0.07,0.07,0.07
709511,長科*元大5C購01,186250,0.85,0.89,0.85,0.85
709512,富喬元大61購04,418470,0.95,0.95,0.88,0.92
709513,晶焱元大5C購01,0,,,,
709514,順達元大5C購03,0,,,,
709515,順達元大64購05,525090,1.15,1.2,1.13,1.2
709516,群聯元大61購09,0,,,,
709517,臺慶科元大5C購01,4950,0.05,0.05,0.05,0.05
709518,中美晶富邦62購01,682540,1.11,1.13,0.93,0.93
709519,世界凱基5C購04,1550,0.31,0.31,0.31,0.31
709520,世紀*凱基5C購01,4020,4.02,4.02,4.02,4.02
709521,台半凱基61購02,85800,0.44,0.44,0.44,0.44
709522,立端凱基61購01,0,,,,
709523,宏觀凱基61購03,0,,,,
709524,系統電凱基5C購02,0,,,,
709525,宜特凱基61購02,0,,,,
709526,長科*凱基5C購01,52600,0.18,0.2,0.17,0.18
709527,宸曜凱基5C購01,3790,0.37,0.38,0.37,0.38
709528,順達凱基64購02,540,0.54,0.54,0.54,0.54
709529,群聯凱基5C購03,1560,0.06,0.06,0.06,0.06
709530,大綜台新5C購01,1373390,1.81,2.23,1.74,2.21
709531,系統電台新5C購01,0,,,,
709532,萊德光台新5C購01,305270,0.28,0.38,0.28,0.35
709533,廣運台新5C購01,0,,,,
709534,台半永豐61購02,25480,0.49,0.49,0.49,0.49
709535,安葆永豐63購01,2370,2.37,2.37,2.37,2.37
709536,良維永豐5C購03,0,,,,
709537,雙鴻永豐64購02,99580,1.55,1.56,1.55,1.56
709538,久元元大5C購03,0,,,,
709539,中美晶元大5C購04,334800,1.1,1.1,1.04,1.08
709540,世界元大5C購03,0,,,,
709541,世界元大64購05,179510,0.8,0.82,0.77,0.77
709542,台半元大5C購03,870,0.87,0.87,0.87,0.87
709543,台半元大5C購04,0,,,,
709544,台半元大66購02,114750,1.35,1.35,1.35,1.35
709545,良維元大5C購03,0,,,,
709546,欣銓元大5C購01,172530,0.49,0.49,0.45,0.45
709547,長科*元大5C購02,169960,0.84,0.87,0.83,0.87
709548,長科*元大5C購03,120060,1.19,1.19,1.12,1.12
709549,長科*元大66購01,569900,1.02,1.05,1.0,1.02
709550,富喬元大61購05,288080,0.81,0.83,0.75,0.83
709551,順達元大5C購04,25810,0.29,0.29,0.29,0.29
709552,順達元大64購06,115660,1.06,1.06,1.04,1.04
709553,群聯元大61購10,0,,,,
709554,聖暉*元大5C購04,0,,,,
709555,方土昶群益5C購01,0,,,,
709556,世界群益5C購03,2940,0.49,0.49,0.49,0.49
709557,台半群益5C購02,0,,,,
709558,台半群益61購01,50580,0.93,0.93,0.87,0.87
709559,系微群益5C購01,16000,0.08,0.08,0.08,0.08
709560,長科*群益61購01,30130,0.54,0.54,0.53,0.53
709561,南俊群益5C購01,25420,0.14,0.2,0.14,0.2
709562,富喬群益5C購02,1759510,1.77,2.05,1.7,2.05
709563,群聯群益5C購03,0,,,,
709564,臺慶科群益5C購01,1800,0.09,0.09,0.09,0.09
709565,廣運群益5C購01,0,,,,
709566,雙鴻群益5C購02,2160440,1.7,1.94,1.62,1.82
709567,方土昶凱基5C購02,0,,,,
709568,威剛凱基61購01,111720,0.14,0.14,0.14,0.14
709569,雅特力凱基5C購01,18200,1.82,1.82,1.82,1.82
709570,聰泰凱基5C購01,0,,,,
709571,雙鴻凱基5C購07,225180,1.15,1.24,1.1,1.13
709572,雙鴻凱基5C購08,19040,1.19,1.19,1.19,1.19
709573,能率台新5C購01,0,,,,
709574,良維富邦61購02,0,,,,
709575,群聯富邦63購01,2300,0.23,0.23,0.23,0.23
709576,雙鴻富邦62購01,0,,,,
709577,達航國票61購01,0,,,,
709579,中美晶元大5C購05,95080,2.38,2.38,2.36,2.36
709580,世界元大5C購04,9760,1.22,1.22,1.22,1.22
709581,世界元大64購06,0,,,,
709582,台半元大5C購05,940,0.47,0.47,0.47,0.47
709583,台半元大66購03,4920,1.64,1.64,1.64,1.64
709584,宏觀元大5C購03,0,,,,
709585,威剛元大5C購01,0,,,,
709586,富喬元大64購01,426850,1.03,1.05,0.99,1.05
709587,順達元大5C購05,108100,1.01,1.01,1.0,1.0
709588,群聯元大61購11,6000,0.2,0.2,0.2,0.2
709589,群聯元大64購04,32960,0.32,0.32,0.32,0.32
709591,威剛群益5C購03,460,0.23,0.23,0.23,0.23
709592,群聯群益5C購04,14000,0.71,0.71,0.69,0.69
709593,桓達永豐61購01,0,,,,
709594,宏觀國票61購01,0,,,,
709595,富喬國票5C購03,2760,1.38,1.38,1.38,1.38
709596,群聯國票61購04,0,,,,
709597,精確國票61購01,22170,0.51,0.51,0.45,0.45
709598,磐亞國票61購01,11360,1.42,1.42,1.42,1.42
709599,雙鴻國票61購01,0,,,,
709600,中美晶元大5C購06,365240,2.24,2.24,1.97,1.97
709601,世界元大5C購05,203730,1.2,1.21,1.14,1.14
709602,世界元大64購07,59840,1.38,1.38,1.35,1.36
709603,世界元大66購02,830,0.83,0.83,0.83,0.83
709604,系統電元大5C購03,0,,,,
709605,威剛元大5C購02,0,,,,
709606,威剛元大61購02,0,,,,
709607,群聯元大5C購04,0,,,,
709608,群聯元大5C購05,0,,,,
709609,群聯元大61購12,0,,,,
709610,群聯元大64購05,0,,,,
709611,磐亞元大5C購01,2194260,2.38,2.73,2.31,2.5
709612,系統電富邦61購02,0,,,,
709613,大綜永豐61購01,0,,,,
709614,磐亞永豐61購01,787720,1.78,1.78,1.72,1.73
709615,方土昶凱基5C購03,0,,,,
709616,華電網凱基5C購01,0,,,,
709617,磐亞凱基5C購01,16100,1.61,1.61,1.61,1.61
709618,雙鴻凱基61購04,170600,1.04,1.16,1.04,1.16
709619,大綜台新5C購02,192220,1.13,1.19,1.13,1.19
709620,系統電台新61購01,0,,,,
709621,良維台新5C購01,299400,0.15,0.15,0.15,0.15
709622,順達台新5C購02,471950,0.4,0.4,0.38,0.38
709623,精材台新62購01,5900,5.9,5.9,5.9,5.9
709624,雙鴻台新5C購01,160450,1.18,1.36,1.18,1.27
709625,力致群益5C購01,440,0.1,0.1,0.08,0.08
709626,威剛群益5C購04,0,,,,
709627,群聯群益5C購05,0,,,,
709628,雙鴻群益62購01,1544710,0.77,0.9,0.77,0.9
709629,方土昶永豐63購01,5200,0.26,0.26,0.26,0.26
709630,系微永豐61購01,0,,,,
709631,宜特永豐5C購03,0,,,,
709632,家登永豐5C購01,9130,0.57,0.59,0.56,0.56
709633,鈊象永豐64購01,7700,0.77,0.77,0.77,0.77
709634,群聯永豐5C購08,0,,,,
709635,雙鴻群益5C購03,3320,3.32,3.32,3.32,3.32
709636,大綜國票5C購01,318800,0.44,0.52,0.44,0.52
709637,台特化國票61購01,0,,,,
709638,光聚晶國票61購01,199760,0.22,0.22,0.22,0.22
709639,系統電國票61購01,0,,,,
709640,家登國票5C購01,0,,,,
709641,海韻電國票61購01,0,,,,
709642,鈊象國票61購01,62070,0.49,0.49,0.48,0.48
709643,聖暉*國票61購01,0,,,,
709644,大綜凱基5C購01,1850,0.19,0.19,0.18,0.18
709645,伍豐凱基5C購01,0,,,,
709646,系統電凱基5C購03,0,,,,
709647,朋億*凱基5C購01,4800,0.4,0.4,0.4,0.4
709648,威剛凱基5C購03,79900,0.2,0.2,0.19,0.19
709649,茂訊凱基5C購01,25600,0.4,0.4,0.4,0.4
709650,富喬凱基5C購02,0,,,,
709651,晶焱凱基5C購01,0,,,,
709652,雅特力凱基5C購02,14160,0.64,0.64,0.55,0.55
709653,群聯凱基5C購04,67860,0.13,0.13,0.13,0.13
709654,精確凱基5C購01,28580,0.45,0.46,0.41,0.41
709655,大綜台新5C購03,35610,0.55,0.59,0.55,0.59
709656,大綜台新5C購04,0,,,,
709657,方土昶台新5C購01,0,,,,
709658,富喬台新5C購01,79700,1.45,1.45,1.4,1.4
709659,富喬台新5C購02,239570,1.97,1.97,1.83,1.91
709660,晶焱台新5C購01,0,,,,
709661,晶焱台新5C購02,0,,,,
709662,晶焱台新5C購03,0,,,,
709663,群聯台新5C購01,0,,,,
709664,大綜元大5C購01,217690,0.26,0.34,0.25,0.33
709665,中美晶元大5C購07,228540,2.34,2.34,2.16,2.16
709666,台半元大5C購06,168760,0.53,0.53,0.45,0.48
709668,威剛元大61購03,158720,0.32,0.32,0.32,0.32
709669,家登元大5C購04,73650,0.4,0.43,0.4,0.41
709670,群聯元大5C購06,0,,,,
709671,群聯元大5C購07,0,,,,
709672,群聯元大5C購08,270,0.27,0.27,0.27,0.27
709673,群聯元大66購05,5400,0.54,0.54,0.54,0.54
709674,聖暉*元大5C購05,0,,,,
709675,聖暉*元大5C購06,0,,,,
709676,家登富邦63購01,21660,0.57,0.57,0.57,0.57
709677,正德群益5C購01,0,,,,
709678,威剛群益5C購05,0,,,,
709679,家登群益5C購01,4650,0.93,0.93,0.93,0.93
709680,富喬群益5C購03,210150,1.95,2.04,1.92,2.0
709681,華容群益5C購01,1125400,2.25,2.31,1.99,1.99
709682,群聯群益5C購06,8560,1.07,1.07,1.07,1.07
709683,聖暉*群益5C購02,0,,,,
709684,立端永豐64購01,1260,0.63,0.63,0.63,0.63
709685,威剛永豐6C購01,0,,,,
709686,建榮永豐61購01,39500,0.35,0.36,0.35,0.36
709687,茂訊永豐5C購01,0,,,,
709688,雅特力永豐61購01,368500,1.11,1.15,1.04,1.04
709689,群聯永豐5C購09,0,,,,
709690,綠界*永豐61購01,0,,,,
709691,聰泰永豐61購01,38700,0.43,0.43,0.43,0.43
709692,立敦國票5C購01,0,,,,
709693,立敦國票5C購02,4600,0.23,0.23,0.23,0.23
709694,伍豐國票61購01,0,,,,
709695,光焱國票61購01,720,0.24,0.24,0.24,0.24
709696,安勤國票61購01,19600,0.49,0.49,0.49,0.49
709697,系統電國票61購02,0,,,,
709698,邑昇國票61購01,0,,,,
709699,信音國票5C購01,203090,0.14,0.23,0.13,0.19
709700,建榮國票5C購01,0,,,,
709701,博士旺國票5C購01,0,,,,
709702,博智國票5C購01,0,,,,
709703,博智國票5C購02,0,,,,
709704,晶焱國票5C購01,0,,,,
709705,雅特力國票61購01,37800,0.7,0.7,0.7,0.7
709706,雅特力國票61購02,80500,0.73,0.73,0.65,0.65
709707,意德士國票61購01,177400,0.48,0.5,0.48,0.5
709708,聚和國票61購01,0,,,,
709709,臺慶科國票61購02,4400,0.22,0.22,0.22,0.22
709710,廣閎科國票61購01,153850,1.2,1.24,1.12,1.22
709711,騰雲國票61購01,66480,0.86,0.86,0.85,0.85
709712,威剛國泰61購01,102000,0.51,0.51,0.51,0.51
709713,湧德國泰61購01,0,,,,
709714,光焱台新5C購01,0,,,,
709715,兆利台新5C購01,0,,,,
709716,兆利台新5C購02,0,,,,
709717,雅特力台新5C購01,129910,1.11,1.11,0.94,0.96
709718,雅特力台新5C購02,82230,0.79,0.79,0.67,0.67
709719,鈊象台新5C購02,16000,0.63,0.65,0.63,0.64
709720,雙鴻台新5C購02,0,,,,
709721,雙鴻台新5C購03,0,,,,
709722,穩得台新5C購01,0,,,,
709723,中美晶元大5C購08,0,,,,
709724,中美晶元大5C購09,217880,1.76,1.76,1.62,1.66
709725,方土昶元大5C購01,0,,,,
709728,信音元大5C購01,0,,,,
709729,威剛元大61購04,0,,,,
709730,富喬元大64購02,1521420,1.64,1.68,1.55,1.68
709731,順達元大5C購06,229940,1.24,1.29,1.22,1.22
709732,鈊象元大5C購05,0,,,,
709733,群聯元大5C購09,0,,,,
709734,群聯元大5C購10,0,,,,
709735,群聯元大5C購11,300,0.3,0.3,0.3,0.3
709736,群聯元大66購06,234650,0.6,0.64,0.6,0.62
709737,精材元大5C購03,0,,,,
709738,精材元大64購01,0,,,,
709739,精材元大66購04,423400,5.5,5.5,5.15,5.45
709740,順達凱基5C購03,1600,0.16,0.16,0.16,0.16
709741,群聯凱基5C購05,0,,,,
709742,聖暉*凱基5C購02,24200,0.09,0.09,0.08,0.08
709743,精材凱基61購05,0,,,,
709744,臺慶科凱基5C購02,0,,,,
709745,宜鼎元大5C購05,3360,0.24,0.24,0.24,0.24
709746,宜鼎元大61購04,3650,0.24,0.25,0.24,0.25
709747,廣閎科元大5C購01,286660,1.09,1.12,1.05,1.09
709748,宜鼎群益5C購01,6380,0.14,0.14,0.13,0.14
709749,宜鼎群益5C購02,1440,0.09,0.09,0.09,0.09
709750,宜鼎群益5C購03,0,,,,
709751,方土昶國票61購01,6040,0.48,0.48,0.46,0.46
709752,加高國票61購01,4400,0.47,0.47,0.41,0.41
709753,宜鼎國票61購01,2600,0.26,0.26,0.26,0.26
709754,威聯通國票61購01,0,,,,
709755,凱崴國票61購01,4310,0.39,0.41,0.39,0.41
709756,港建*國票61購01,0,,,,
709757,華容國票61購01,102080,1.99,2.04,1.99,2.02
709758,萊德光國票61購02,0,,,,
709759,萊德光國票61購03,210190,0.47,0.56,0.47,0.5
709760,宜特國泰61購01,0,,,,
709761,宜鼎國泰61購02,0,,,,
709762,宜鼎國泰61購03,0,,,,
709763,宜鼎國泰61購04,0,,,,
709764,台半富邦62購03,63420,0.66,0.66,0.65,0.65
709765,台半富邦63購01,59850,0.63,0.63,0.63,0.63
709766,宜特富邦62購01,2900,0.29,0.29,0.29,0.29
709767,宜鼎富邦5C購04,5800,0.1,0.1,0.1,0.1
709768,朋程富邦62購01,0,,,,
709769,朋程富邦63購01,0,,,,
709770,家登富邦62購02,50160,0.66,0.66,0.66,0.66
709771,家登富邦62購03,42380,0.64,0.64,0.63,0.63
709772,鈊象富邦62購01,6200,0.62,0.62,0.62,0.62
709773,鈊象富邦63購01,0,,,,
709774,雙鴻富邦63購01,559740,1.0,1.05,1.0,1.05
709775,系統電凱基5C購04,11400,0.28,0.3,0.28,0.28
709776,威剛凱基5C購04,820,0.41,0.41,0.41,0.41
709777,家登凱基5C購03,3350,0.67,0.67,0.67,0.67
709778,博智凱基5C購03,15000,0.15,0.15,0.15,0.15
709779,富喬凱基5C購03,13000,1.3,1.3,1.3,1.3
709780,勤凱凱基5C購03,79500,0.38,0.38,0.35,0.38
709781,群聯凱基61購05,1750,0.35,0.35,0.35,0.35
709782,廣閎科凱基61購01,697520,0.77,0.82,0.7,0.79
709783,宜鼎台新5C購01,0,,,,
709784,宜鼎台新5C購02,0,,,,
709785,宜鼎台新5C購03,20550,0.18,0.18,0.17,0.17
709786,宜鼎中信5C購02,3450,0.05,0.05,0.05,0.05
709787,宜鼎永豐64購01,0,,,,
709788,宜鼎永豐65購01,30450,0.29,0.29,0.29,0.29
709789,宇峻國泰61購01,0,,,,
709790,華景電國泰61購01,2790,0.31,0.31,0.31,0.31
709791,群聯國泰61購02,0,,,,
709792,漢達國泰61購01,232400,7.65,7.85,7.65,7.85
709793,世界凱基5C購05,11590,0.61,0.61,0.61,0.61
709794,宜鼎凱基5C購03,0,,,,
709795,宜鼎凱基5C購04,0,,,,
709796,宜鼎凱基5C購05,0,,,,
709797,威聯通凱基61購01,0,,,,
709798,凱崴凱基61購01,0,,,,
709799,華景電凱基5C購02,0,,,,
709800,順達凱基61購01,2900,0.29,0.29,0.29,0.29
709801,璟德凱基5C購01,490,0.07,0.07,0.07,0.07
709802,立敦台新5C購02,0,,,,
709803,宏捷科台新5C購01,5740,0.44,0.5,0.44,0.48
709804,宜鼎台新5C購04,47810,0.2,0.21,0.2,0.21
709805,宜鼎台新61購01,8400,0.42,0.42,0.42,0.42
709806,東浦台新5C購01,0,,,,
709807,家登台新5C購01,729000,1.15,1.23,1.13,1.15
709808,順達台新61購02,0,,,,
709809,新漢台新5C購01,0,,,,
709810,廣閎科台新5C購01,2080,2.08,2.08,2.08,2.08
709811,富喬中信5C購03,317290,1.02,1.1,1.02,1.1
709812,創惟永豐5C購01,0,,,,
709813,華容永豐61購01,106030,1.55,1.57,1.43,1.43
709814,群聯永豐64購04,0,,,,
709815,群聯永豐64購05,0,,,,
709816,宜鼎元大5C購06,0,,,,
709817,宜鼎元大5C購07,0,,,,
709818,宜鼎元大5C購08,2950,0.2,0.2,0.19,0.19
709819,威剛元大5C購03,0,,,,
709820,群聯元大5C購12,0,,,,
709821,群聯元大5C購13,0,,,,
709822,群聯元大5C購14,26400,0.66,0.66,0.66,0.66
709823,群聯元大61購13,0,,,,
709824,廣閎科元大5C購02,36180,2.01,2.01,2.01,2.01
709825,雙鴻元大61購15,1322820,1.16,1.28,1.16,1.22
709826,力領國票61購01,0,,,,
709827,加高國票61購02,780,0.26,0.26,0.26,0.26
709828,立端國票61購01,0,,,,
709829,邑錡國票5C購01,0,,,,
709830,佳邦國票61購03,2000,0.25,0.25,0.25,0.25
709831,宜鼎國票61購02,0,,,,
709832,東浦國票61購01,0,,,,
709833,杰力國票61購01,0,,,,
709834,金益鼎國票61購02,0,,,,
709835,長聖國票61購01,7480,0.58,0.58,0.56,0.56
709836,胡連國票61購01,0,,,,
709837,韋僑國票61購01,0,,,,
709838,宸曜國票5C購01,0,,,,
709839,能率亞國票61購01,21000,0.53,0.53,0.52,0.52
709840,凱崴國票61購02,270,0.27,0.27,0.27,0.27
709841,湧德國票5C購01,0,,,,
709842,湧德國票5C購02,0,,,,
709843,華容國票61購02,65000,1.3,1.3,1.3,1.3
709844,華景電國票61購01,0,,,,
709845,華電網國票5C購02,0,,,,
709846,華電網國票5C購03,0,,,,
709847,廣閎科國票61購02,0,,,,
709848,騰雲國票61購02,18480,0.66,0.66,0.66,0.66
709849,系統電群益5C購01,0,,,,
709850,宜鼎群益5C購04,0,,,,
709851,威剛群益5C購06,0,,,,
709852,群聯群益5C購07,0,,,,
709853,兆利富邦62購01,0,,,,
709854,智通*富邦62購01,0,,,,
709855,湧德富邦62購01,33250,0.35,0.35,0.35,0.35
709856,閎康富邦62購02,0,,,,
709857,聖暉*富邦5C購02,0,,,,
709858,廣閎科富邦5C購01,89720,0.61,0.67,0.61,0.67
709859,方土昶國票61購02,0,,,,
709860,台嘉碩國票5C購01,0,,,,
709861,台嘉碩國票5C購02,13960,0.5,0.5,0.42,0.42
709862,永信建國票61購01,3800,0.38,0.38,0.38,0.38
709863,兆利國票61購01,0,,,,
709864,系統電國票61購03,0,,,,
709865,朋程國票5C購01,0,,,,
709866,東浦國票61購02,0,,,,
709867,順達國票61購02,0,,,,
709868,緯軟國票61購01,0,,,,
709869,華容群益5C購02,145760,1.58,1.58,1.36,1.36
709870,廣閎科群益5C購01,301090,1.28,1.39,1.25,1.37
709871,順達中信5C購01,230,0.23,0.23,0.23,0.23
709872,聖暉*中信5C購01,0,,,,
709873,世紀*永豐5C購01,0,,,,
709874,博智永豐5C購03,0,,,,
709875,中美晶元大5C購10,397680,1.93,1.95,1.86,1.88
709876,宏觀元大5C購04,0,,,,
709877,良維元大5C購04,0,,,,
709878,博智元大5C購03,141730,0.34,0.37,0.34,0.37
709879,華容元大5C購01,8120,2.09,2.09,1.97,1.97
709880,順達元大5C購07,29700,0.45,0.45,0.45,0.45
709881,精材元大5C購04,0,,,,
709882,臺慶科元大5C購02,0,,,,
709883,系統電凱基5C購05,0,,,,
709884,佳邦凱基5C購04,0,,,,
709885,泓格凱基5C購01,0,,,,
709886,金益鼎凱基5C購01,0,,,,
709887,茂迪凱基61購01,0,,,,
709888,創惟凱基61購01,2300,0.23,0.23,0.23,0.23
709889,湧德凱基61購01,0,,,,
709890,華容凱基61購01,293460,0.81,0.81,0.71,0.72
709891,群聯凱基5C購06,0,,,,
709892,臺慶科凱基61購01,0,,,,
709893,廣閎科凱基5C購01,272490,0.86,0.89,0.78,0.89
709894,雙鴻凱基5C購09,89820,1.42,1.54,1.42,1.54
709895,騰雲凱基61購01,364190,0.47,0.51,0.45,0.51
709896,中美晶統一66購02,4026800,1.28,1.29,1.12,1.12
709897,立敦統一63購02,0,,,,
709898,立敦統一64購02,150,0.15,0.15,0.15,0.15
709899,立敦統一64購03,0,,,,
709900,佳邦統一64購01,0,,,,
709901,佳邦統一66購01,0,,,,
709902,宜鼎統一64購01,0,,,,
709903,宜鼎統一64購02,11500,0.23,0.23,0.23,0.23
709904,宜鼎統一64購03,0,,,,
709905,宜鼎統一64購04,1600,0.16,0.16,0.16,0.16
709906,宜鼎統一66購03,140800,0.25,0.27,0.25,0.26
709907,宜鼎統一66購04,0,,,,
709908,威剛統一6A購01,149600,0.68,0.68,0.68,0.68
709909,建榮統一66購01,38000,0.38,0.38,0.38,0.38
709910,建榮統一6A購03,0,,,,
709911,家登統一66購01,162250,0.61,0.64,0.61,0.62
709912,凱崴統一66購01,4100,0.41,0.41,0.41,0.41
709913,博智統一6C購01,0,,,,
709914,富喬統一64購02,284920,0.92,0.96,0.92,0.93
709915,富喬統一64購03,1066520,0.89,0.94,0.87,0.93
709916,富喬統一66購01,888840,1.28,1.32,1.25,1.28
709917,群聯統一64購02,0,,,,
709918,精材統一66購01,500270,2.27,2.49,2.27,2.49
709919,精材統一6C購01,4800,1.6,1.6,1.6,1.6
709920,臺慶科統一64購02,0,,,,
709921,臺慶科統一66購02,10200,0.21,0.21,0.2,0.2
709922,臺慶科統一66購03,4600,0.23,0.23,0.23,0.23
709923,臺慶科統一6A購02,0,,,,
709924,廣閎科統一66購01,0,,,,
709925,廣運統一66購01,0,,,,
709926,廣運統一6C購01,0,,,,
709927,優群統一66購02,0,,,,
709928,雙鴻統一64購01,401930,0.84,0.93,0.84,0.93
709929,雙鴻統一65購02,628190,1.44,1.55,1.42,1.55
709930,宏觀國泰61購01,0,,,,
709931,金益鼎國泰61購01,1600,0.4,0.4,0.4,0.4
709932,立敦台新5C購03,0,,,,
709933,威剛台新5C購01,0,,,,
709934,威剛台新5C購02,0,,,,
709935,威剛台新5C購03,66300,2.21,2.21,2.21,2.21
709936,威剛台新61購01,0,,,,
709937,威剛台新62購01,263820,1.76,1.77,1.71,1.71
709938,威剛台新63購01,0,,,,
709939,威剛台新66購01,55830,1.11,1.11,1.07,1.07
709940,茂迪台新5C購01,154690,0.1,0.11,0.1,0.11
709941,凱崴台新5C購01,138900,0.25,0.25,0.22,0.22
709942,華容台新5C購03,155150,1.79,1.84,1.58,1.58
709943,威剛富邦5C購01,0,,,,
709944,宜鼎永豐61購01,0,,,,
709945,胡連永豐61購01,73800,0.36,0.36,0.36,0.36
709946,艾訊國票61購01,0,,,,
709947,良維國票61購01,0,,,,
709948,朋億*國票61購01,0,,,,
709949,東浦國票61購03,0,,,,
709950,茂迪國票61購01,0,,,,
709951,凱崴國票61購03,0,,,,
709952,寶雅國票61購01,0,,,,
709953,台半群益62購02,146330,1.35,1.35,1.13,1.13
709954,中美晶凱基5C購03,0,,,,
709955,宏觀凱基5C購01,0,,,,
709956,良維凱基5C購04,0,,,,
709957,朋程凱基5C購01,0,,,,
709958,博智凱基5C購04,160000,0.32,0.32,0.32,0.32
709959,群ESG凱基61購01,1040,0.26,0.26,0.26,0.26
709961,緯軟凱基5C購01,0,,,,
709962,世界統一6A購01,17400,0.58,0.58,0.58,0.58
709963,正基統一66購01,3500,0.35,0.35,0.35,0.35
709964,立敦統一68購01,0,,,,
709965,宏觀統一6A購01,0,,,,
709966,家登統一6A購01,0,,,,
709967,富喬統一66購02,282650,1.09,1.12,1.09,1.12
709968,晶焱統一6A購01,0,,,,
709969,順達統一6A購01,0,,,,
709970,群聯統一63購03,0,,,,
709971,群聯國泰61購03,19840,1.24,1.24,1.24,1.24
709972,富喬台新5C購04,0,,,,
709973,世界富邦61購02,69450,0.62,0.62,0.58,0.58
709974,立碁富邦5C購01,1526410,2.31,2.37,2.05,2.35
709975,良維富邦61購03,209580,0.42,0.42,0.42,0.42
709976,世界元大5C購06,0,,,,
709977,宜鼎元大5C購09,23430,0.33,0.33,0.33,0.33
709978,順達元大5C購08,64560,0.86,0.86,0.82,0.82
709980,雙鴻元大5C購06,332530,1.4,1.56,1.37,1.56
709981,家登永豐5C購02,100320,1.04,1.05,1.04,1.05
709982,漢達永豐61購01,3820,3.82,3.82,3.82,3.82
709983,宜鼎元大5C購10,600,0.3,0.3,0.3,0.3
709984,千附國票61購01,10670,0.97,0.97,0.97,0.97
709985,世禾國票61購01,11880,0.66,0.66,0.66,0.66
709986,台特化國票61購02,0,,,,
709987,伯特光國票61購01,0,,,,
709988,岱稜國票61購01,0,,,,
709989,昇佳電國票61購01,21110,0.39,0.4,0.39,0.4
709990,朋億*國票61購02,0,,,,
709991,欣銓國票61購02,0,,,,
709992,信音國票61購01,1280,0.44,0.44,0.41,0.41
709993,茂綸國票61購01,26790,0.97,1.07,0.91,0.98
709994,新普國票61購01,18000,0.36,0.36,0.36,0.36
709995,聖暉*國票61購02,0,,,,
709996,精材國票61購01,0,,,,
709997,綠界*國票61購01,0,,,,
709998,中美晶群益5C購03,787380,1.57,1.57,1.34,1.34
709999,順達群益5C購02,0,,,,
710000,精材群益5C購02,60000,7.8,8.7,7.8,8.7
710001,加高國泰61購01,0,,,,
710002,宜鼎國泰61購05,42240,0.53,0.53,0.51,0.51
710003,宜鼎國泰61購06,0,,,,
710004,信音國泰61購01,156000,0.63,0.63,0.62,0.62
710005,臺慶科國泰61購02,0,,,,
710006,中美晶凱基5C購04,43820,1.11,1.11,1.04,1.04
710007,台半凱基61購03,266320,0.6,0.63,0.51,0.51
710008,宜鼎凱基5C購06,0,,,,
710009,順達凱基5C購04,0,,,,
710010,群聯凱基5C購07,0,,,,
710011,臺慶科凱基5C購04,0,,,,
710012,雙鴻凱基5C購10,0,,,,
710013,大中統一6A購01,2120,0.71,0.71,0.7,0.7
710014,中美晶統一64購02,3974680,1.37,1.38,1.2,1.2
710015,朋億*統一63購01,0,,,,
710016,朋億*統一68購01,0,,,,
710017,宣德統一66購01,0,,,,
710018,建榮統一63購01,11000,0.38,0.38,0.36,0.36
710019,凱崴統一63購01,5930,0.23,0.23,0.22,0.22
710020,凱崴統一65購01,0,,,,
710021,博智統一62購03,0,,,,
710022,富喬統一63購01,1043380,1.38,1.43,1.34,1.39
710023,富喬統一65購03,1277370,1.2,1.24,1.2,1.24
710024,富喬統一6C購02,23970,0.88,0.89,0.88,0.89
710025,聖暉*統一6A購03,0,,,,
710026,精材統一63購01,9000,3.0,3.0,3.0,3.0
710027,雙鴻統一63購02,0,,,,
710028,穩得統一68購01,0,,,,
710029,佳邦富邦5C購01,0,,,,
710030,宜鼎富邦63購02,13150,0.23,0.24,0.23,0.24
710031,富喬富邦63購01,460000,0.94,0.98,0.9,0.94
710032,群聯富邦62購07,0,,,,
710033,群聯富邦62購08,0,,,,
710034,中美晶台新5C購01,66620,2.44,2.44,2.32,2.32
710035,台半台新5C購01,193310,0.86,0.86,0.73,0.73
710036,台半台新5C購02,111910,0.81,0.81,0.74,0.74
710037,廣閎科台新5C購02,121900,1.84,2.02,1.84,2.02
710038,良維永豐5C購04,38120,0.3,0.32,0.3,0.3
710039,朋億*永豐61購01,0,,,,
710040,華景電永豐63購01,0,,,,
710041,群聯永豐5C購10,0,,,,
710042,群聯永豐5C購11,0,,,,
710043,群聯永豐5C購12,0,,,,
710044,臺慶科永豐5C購02,0,,,,
710045,力致國票61購01,0,,,,
710046,千附國票61購02,0,,,,
710047,中美晶國票61購02,101660,1.48,1.48,1.29,1.29
710048,加高國票61購03,41800,0.19,0.19,0.19,0.19
710049,宏碁資國票61購01,21420,0.42,0.42,0.42,0.42
710050,朋億*國票61購03,0,,,,
710051,美琪瑪國票61購01,0,,,,
710052,高鋒國票61購01,3400,0.34,0.34,0.34,0.34
710053,博士旺國票5C購02,5580,0.31,0.31,0.31,0.31
710054,閎康國票61購02,0,,,,
710055,聖暉*國票61購03,19380,0.17,0.17,0.17,0.17
710056,臺慶科國票61購03,0,,,,
710057,廣閎科國票61購03,0,,,,
710058,廣運國票61購01,0,,,,
710059,營邦國票5C購01,0,,,,
710060,營邦國票5C購02,3330,1.59,1.74,1.59,1.74
710061,鴻呈國票61購01,0,,,,
710062,中美晶凱基61購04,49680,0.88,0.88,0.73,0.73
710063,威剛凱基5C購06,0,,,,
710064,宣德凱基5C購01,0,,,,
710065,精材凱基5C購04,14000,3.53,3.53,3.47,3.47
710066,臺慶科凱基5C購05,0,,,,
710067,廣閎科凱基5C購02,156960,0.46,0.48,0.46,0.48
710068,營邦凱基5C購01,12560,1.14,1.16,1.14,1.16
710069,營邦凱基5C購02,52680,1.01,1.09,1.01,1.09
710070,營邦凱基5C購03,719650,0.79,0.81,0.77,0.81
710071,中美晶群益5C購04,195200,1.36,1.37,1.07,1.07
710072,兆利群益5C購01,0,,,,
710073,營邦群益5C購01,1710,1.71,1.71,1.71,1.71
710074,營邦群益5C購02,317410,1.32,1.54,1.26,1.54
710075,世界元大5C購07,38520,1.07,1.07,1.07,1.07
710076,世界元大63購04,75340,0.82,0.83,0.81,0.81
710077,宜鼎元大5C購11,0,,,,
710078,威剛元大61購05,0,,,,
710079,廣閎科元大5C購03,121440,0.6,0.6,0.58,0.6
710080,營邦元大5C購01,730510,1.58,1.8,1.56,1.8
710081,凱崴國泰61購01,0,,,,
710082,廣閎科國泰61購01,0,,,,
710083,營邦國泰61購01,29280,2.44,2.44,2.44,2.44
710084,營邦富邦62購01,0,,,,
710085,營邦富邦63購01,398390,0.57,0.61,0.57,0.61
710086,中美晶統一66購03,198480,0.86,0.87,0.76,0.76
710087,台特化統一6C購02,0,,,,
710088,朋程統一65購02,0,,,,
710089,朋億*統一66購01,0,,,,
710090,威剛統一63購01,0,,,,
710091,威剛統一65購05,0,,,,
710092,美琪瑪統一6A購01,0,,,,
710093,華景電統一64購03,0,,,,
710094,群聯統一66購01,0,,,,
710095,聖暉*統一66購01,25980,0.3,0.3,0.29,0.3
710096,博智國泰61購01,60000,0.6,0.6,0.6,0.6
710097,營邦統一66購01,325150,0.98,1.01,0.98,1.01
710098,營邦統一66購02,0,,,,
710099,營邦統一66購03,0,,,,
710100,營邦統一6C購01,162300,0.82,0.82,0.81,0.81
710101,中美晶台新5C購02,891840,1.53,1.53,1.21,1.21
710102,中美晶台新5C購03,880450,6.8,6.8,5.3,5.3
710103,東浦台新5C購02,100750,0.31,0.31,0.31,0.31
710104,東浦台新5C購03,0,,,,
710105,勤凱台新5C購01,0,,,,
710106,聖暉*台新5C購02,0,,,,
710107,聖暉*台新5C購03,0,,,,
710108,聖暉*台新5C購04,0,,,,
710109,廣閎科台新5C購03,1799540,1.23,1.38,1.23,1.36
710110,銳澤台新5C購01,287500,0.61,0.63,0.61,0.63
710111,騰雲台新5C購01,55660,1.85,1.93,1.85,1.93
710112,中美晶凱基61購05,0,,,,
710113,世界凱基5C購06,0,,,,
710114,宜鼎凱基5C購07,0,,,,
710115,朋億*凱基61購01,0,,,,
710116,威剛凱基5C購07,0,,,,
710117,威剛凱基5C購08,0,,,,
710118,宜鼎元大5C購12,0,,,,
710119,朋億*元大5C購01,0,,,,
710120,東浦元大5C購01,0,,,,
710121,威剛元大5C購04,0,,,,
710122,安碁台新5C購01,0,,,,
710123,臺慶科台新5C購01,0,,,,
710124,中美晶國票61購03,0,,,,
710125,宏捷科國票61購01,3750,0.25,0.25,0.25,0.25
710126,朋億*國票61購04,0,,,,
710127,東浦國票61購04,0,,,,
710128,宣德國票61購01,0,,,,
710129,能率亞國票61購02,0,,,,
710130,宏捷科中信5C購01,0,,,,
710131,博智中信5C購01,0,,,,
710132,中美晶永豐5C購02,38880,1.62,1.62,1.62,1.62
710133,中美晶永豐5C購03,85880,1.39,1.39,1.36,1.36
710134,世界永豐66購01,0,,,,
710135,亞通永豐64購01,77500,1.55,1.55,1.55,1.55
710136,宣德永豐61購01,0,,,,
710137,博智永豐61購01,0,,,,
710138,中美晶富邦5C購01,478580,1.13,1.13,0.95,0.95
710139,順達富邦62購02,1900,0.38,0.38,0.38,0.38
710140,聖暉*富邦5C購03,0,,,,
710141,中美晶中信5C購01,51230,0.53,0.53,0.49,0.49
710142,宏捷科凱基5C購02,3600,0.18,0.18,0.18,0.18
710143,富喬凱基5C購05,115770,1.24,1.27,1.19,1.27
710144,群聯凱基5C購08,0,,,,
710145,廣閎科凱基5C購03,400,0.4,0.4,0.4,0.4
710146,中美晶台新5C購04,1271410,1.27,1.27,0.99,0.99
710147,台半台新5C購03,0,,,,
710148,均豪台新5C購01,15180,1.38,1.38,1.38,1.38
710149,均豪台新5C購02,0,,,,
710150,均豪台新5C購03,0,,,,
710151,宜鼎台新5C購06,0,,,,
710152,凱崴台新5C購02,23500,0.47,0.47,0.47,0.47
710153,廣閎科台新5C購04,1711070,1.03,1.14,1.03,1.12
710154,台半元大5C購07,286960,0.68,0.68,0.68,0.68
710155,宜鼎元大5C購13,0,,,,
710156,威剛元大5C購05,15900,1.06,1.06,1.06,1.06
710158,台半國泰61購01,1085890,1.2,1.21,1.01,1.02
710159,博智國泰61購02,8840,0.52,0.52,0.52,0.52
710160,順達國泰61購01,256000,0.87,0.87,0.85,0.85
710161,台半富邦62購04,81000,0.63,0.63,0.57,0.57
710162,台半富邦63購02,69000,0.5,0.5,0.5,0.5
710163,朋程富邦62購02,0,,,,
710164,朋程富邦63購02,0,,,,
710165,鈊象富邦62購02,1480,0.74,0.74,0.74,0.74
710166,營邦富邦62購02,0,,,,
710167,兆利永豐64購01,0,,,,
710168,宜鼎永豐63購01,50790,0.37,0.38,0.37,0.38
710169,精確永豐61購01,282090,0.64,0.65,0.57,0.58
710170,雙鴻永豐66購01,0,,,,
710171,廣閎科國票61購04,9150,0.61,0.61,0.61,0.61
710172,台半群益5C購04,0,,,,
710173,宏捷科群益5C購02,0,,,,
710174,臺慶科群益5C購02,0,,,,
710175,台半凱基5C購04,3200,0.32,0.4,0.26,0.26
710176,尼克森凱基5C購01,0,,,,
710177,宏捷科凱基5C購03,0,,,,
710178,朋程凱基5C購02,0,,,,
710179,茂達凱基5C購01,0,,,,
710180,臺慶科凱基5C購06,0,,,,
710181,廣閎科凱基5C購04,72020,0.31,0.32,0.31,0.32
710182,大中台新5C購01,52310,0.55,0.64,0.53,0.53
710183,台半台新5C購04,0,,,,
710184,宜鼎台新61購02,38000,0.19,0.19,0.19,0.19
710185,晶焱台新5C購04,0,,,,
710186,晶焱台新5C購05,0,,,,
710187,廣閎科台新61購01,137660,0.84,0.89,0.84,0.88
710188,中美晶元大5C購11,574840,1.12,1.14,1.01,1.03
710190,宜鼎元大5C購14,14400,0.24,0.24,0.24,0.24
710191,威剛元大5C購06,0,,,,
710192,群聯中信64購01,153310,0.22,0.24,0.22,0.23
710193,雙鴻中信66購01,43500,0.87,0.87,0.87,0.87
710194,雙鴻中信66購02,919020,1.07,1.15,1.06,1.15
710195,大中永豐64購01,32700,0.56,0.56,0.53,0.53
710196,台半永豐64購01,26540,0.57,0.57,0.56,0.56
710197,尼克森永豐64購01,52750,0.33,0.37,0.33,0.37
710198,信紘科永豐64購01,78190,0.37,0.39,0.37,0.39
710199,家登永豐64購01,139280,1.24,1.25,1.24,1.24
710200,富喬永豐5C購02,221680,1.61,1.69,1.55,1.69
710201,鈊象永豐61購01,0,,,,
710202,鴻呈永豐61購01,0,,,,
710203,世禾國票61購02,0,,,,
710204,世紀*國票61購01,461360,3.41,3.41,3.33,3.33
710205,亞泰國票61購01,0,,,,
710206,矽科國票61購01,0,,,,
710207,茂迪國票61購02,0,,,,
710208,茂達國票61購01,360,0.36,0.36,0.36,0.36
710209,崧騰國票61購01,0,,,,
710210,統振國票61購01,0,,,,
710211,博盛國票61購01,7740,0.38,0.42,0.38,0.4
710212,閎康國票61購03,0,,,,
710213,萬泰科國票61購01,0,,,,
710214,漢達國票61購01,0,,,,
710215,臺慶科國票61購04,0,,,,
710216,廣閎科國票61購05,0,,,,
710217,聰泰國票61購01,0,,,,
710218,能率亞國泰61購01,1980,0.99,0.99,0.99,0.99
710219,能率國泰61購01,22600,1.13,1.13,1.13,1.13
710220,廣閎科國泰61購02,0,,,,
710221,凡甲富邦63購01,0,,,,
710222,立碁富邦5C購02,21000,3.0,3.0,3.0,3.0
710223,智通*富邦62購02,0,,,,
710224,宜鼎群益5C購05,0,,,,
710225,威剛群益5C購07,0,,,,
710226,威剛群益62購02,0,,,,
710227,宣德群益5C購01,0,,,,
710228,家登群益63購01,5650,1.13,1.13,1.13,1.13
710229,凱崴群益5C購01,0,,,,
710230,博智群益5C購01,0,,,,
710231,富喬群益5C購04,0,,,,
710232,群聯群益5C購08,0,,,,
710233,群聯群益5C購09,0,,,,
710234,群聯群益61購05,0,,,,
710235,雙鴻群益62購02,61000,6.1,6.1,6.1,6.1
710236,威剛中信66購01,7000,0.35,0.35,0.35,0.35
710237,富喬中信66購01,77640,0.75,0.77,0.75,0.77
710238,大中永豐5C購01,0,,,,
710239,中光電永豐61購01,0,,,,
710240,世界永豐5C購02,0,,,,
710241,台半永豐61購03,0,,,,
710242,宜鼎永豐61購02,0,,,,
710243,原相永豐61購01,0,,,,
710244,達航永豐63購01,0,,,,
710245,漢達永豐64購01,53550,2.1,2.1,1.96,1.96
710247,台半元大63購03,346830,0.53,0.53,0.46,0.46
710249,佳邦元大5C購01,0,,,,
710250,朋程元大5C購02,0,,,,
710251,欣銓元大5C購02,164420,0.99,0.99,0.9,0.9
710252,欣銓元大5C購03,0,,,,
710253,家登元大5C購05,86160,0.78,0.78,0.74,0.74
710254,家登元大66購01,399610,1.14,1.18,1.13,1.13
710255,臺慶科元大5C購05,0,,,,
710256,台半國票61購04,3880,0.35,0.43,0.27,0.27
710257,台半國票61購05,0,,,,
710258,青雲國票5C購01,4810,0.37,0.37,0.37,0.37
710259,大中台新61購01,2943740,0.65,0.75,0.61,0.61
710260,台半台新5C購05,0,,,,
710261,晶焱台新5C購06,0,,,,
710262,漢達台新5C購01,0,,,,
710263,臺慶科台新5C購03,54500,0.1,0.11,0.1,0.11
710264,世界凱基5C購07,0,,,,
710265,台半凱基5C購05,11140,0.21,0.21,0.17,0.17
710266,朋程凱基5C購03,0,,,,
710267,富喬凱基63購01,330040,0.72,0.76,0.72,0.76
710268,群聯凱基5C購09,13000,0.22,0.22,0.21,0.21
710269,漢達凱基5C購01,71570,1.68,1.75,1.68,1.75
710270,精材凱基63購01,18620,1.72,1.72,1.69,1.69
710271,世界國泰61購01,0,,,,
710272,穩得國泰61購01,20020,0.91,0.91,0.91,0.91
710273,中光電富邦62購02,0,,,,
710274,台半富邦63購03,0,,,,
710275,朋程富邦63購03,0,,,,
710276,FH中5G群益5C購01,0,,,,
710277,大中群益5C購01,88550,0.22,0.24,0.21,0.21
710278,中光電群益5C購01,0,,,,
710279,中光電群益5C購02,0,,,,
710280,世界群益5C購04,0,,,,
710281,台半群益62購03,0,,,,
710282,尼克森群益61購01,10500,0.3,0.3,0.3,0.3
710283,宏捷科群益5C購03,900,0.18,0.18,0.18,0.18
710284,朋程群益5C購01,0,,,,
710285,茂達群益5C購01,0,,,,
710286,榮剛群益61購01,55110,0.33,0.33,0.33,0.33
710287,精材群益61購01,0,,,,
710288,世界元大5C購08,24000,0.36,0.37,0.36,0.37
710289,朋程元大5C購03,0,,,,
710290,博盛元大5C購01,0,,,,
710291,世界台新5C購01,0,,,,
710292,萬泰科台新5C購01,16400,0.39,0.4,0.39,0.4
710293,大中國票5C購01,0,,,,
710294,天品國票5C購01,549000,1.07,1.12,1.07,1.12
710295,世界國票61購02,0,,,,
710296,立碁國票61購01,283410,2.88,3.38,2.76,3.38
710297,亞通國票5C購01,1769660,1.42,1.63,1.42,1.53
710298,朋程國票5C購02,0,,,,
710299,杰力國票61購02,4200,0.28,0.28,0.28,0.28
710300,博盛國票61購02,0,,,,
710301,晶宏國票61購01,3950,0.79,0.79,0.79,0.79
710302,漢達國票63購01,0,,,,
710303,寶雅國票61購02,1400,0.7,0.7,0.7,0.7
710304,大中凱基5C購01,120,0.12,0.12,0.12,0.12
710305,中光電凱基5C購01,0,,,,
710306,中光電凱基5C購02,1220,0.12,0.13,0.12,0.13
710307,世界凱基63購02,0,,,,
710308,宏捷科凱基5C購04,0,,,,
710309,欣銓凱基5C購01,9030,0.47,0.48,0.47,0.48
710310,青雲凱基5C購01,0,,,,
710311,威剛凱基61購02,0,,,,
710312,茂達凱基5C購02,0,,,,
710313,家登凱基5C購04,0,,,,
710314,家登凱基5C購05,0,,,,
710315,臺慶科凱基5C購07,0,,,,
710316,聖暉*群益5C購03,0,,,,
710317,台嘉碩國泰61購01,83310,1.77,1.86,1.77,1.86
710318,宜鼎國泰62購01,0,,,,
710319,朋程國泰61購01,0,,,,
710320,原相國泰61購01,0,,,,
710321,博盛國泰61購01,8370,0.77,0.77,0.76,0.76
710322,世界富邦5C購04,0,,,,
710323,宜鼎富邦5C購05,1200,0.06,0.06,0.06,0.06
710324,信紘科永豐5C購01,0,,,,
710325,順達永豐5C購02,0,,,,
710326,順達永豐5C購03,0,,,,
710327,順達永豐5C購04,0,,,,
710328,群聯永豐64購06,0,,,,
710329,群聯永豐66購01,0,,,,
710330,鴻呈永豐5C購01,0,,,,
710331,中光電台新5C購01,5000,0.2,0.2,0.2,0.2
710332,中光電台新5C購02,0,,,,
710333,亞信台新5C購01,106080,0.68,0.68,0.68,0.68
710334,精材台新61購01,0,,,,
710335,精材台新61購02,0,,,,
710336,亞通凱基5C購01,0,,,,
710337,朋程凱基5C購04,0,,,,
710338,聖暉*凱基5C購03,0,,,,
710339,宜鼎元大5C購15,241890,0.4,0.41,0.4,0.41
710340,富喬元大65購01,3305680,1.68,1.71,1.63,1.71
710341,漢達元大5C購01,182030,1.57,1.57,1.43,1.56
710342,精材元大5C購05,65960,3.34,3.8,3.34,3.8
710343,臺慶科元大5C購06,0,,,,
710344,宜特永豐64購01,0,,,,
710345,朋程永豐5C購03,0,,,,
710346,朋程永豐5C購04,0,,,,
710347,威剛永豐64購02,0,,,,
710348,威剛永豐66購01,0,,,,
710349,富喬永豐5C購03,0,,,,
710350,漢達永豐5C購01,76590,1.52,1.55,1.44,1.44
710351,雙鴻永豐63購03,173140,1.67,1.8,1.67,1.8
710352,寶雅永豐5C購01,760,0.76,0.76,0.76,0.76
710353,鏵友益永豐64購01,6600,0.66,0.66,0.66,0.66
710354,精材中信64購01,263690,1.17,1.3,1.16,1.27
710355,大世科國票61購01,0,,,,
710356,元山國票61購01,39700,0.4,0.4,0.39,0.39
710357,世界國票61購03,0,,,,
710358,安葆國票61購01,2030,2.03,2.03,2.03,2.03
710359,亞信國票61購01,0,,,,
710360,明安國票61購01,0,,,,
710361,桓達國票61購01,0,,,,
710362,神準國票61購01,0,,,,
710363,晶焱國票5C購02,0,,,,
710364,智擎國票61購01,0,,,,
710365,聖暉*國票61購04,0,,,,
710366,漢達國票65購01,126400,1.44,1.44,1.42,1.42
710367,精材國票61購02,0,,,,
710368,鈊象群益5C購01,887880,1.51,1.51,1.51,1.51
710369,富喬國泰61購01,18000,1.5,1.5,1.5,1.5
710370,漢達國泰61購02,11400,3.78,3.81,3.78,3.81
710371,世界凱基5C購08,0,,,,
710372,宜鼎凱基5C購08,0,,,,
710373,群聯凱基5C購10,270640,0.39,0.41,0.39,0.41
710374,群聯凱基61購06,89960,0.52,0.52,0.52,0.52
710375,精材凱基5C購05,56600,2.45,2.94,2.45,2.94
710376,世界台新5C購03,1400,0.35,0.35,0.35,0.35
710377,巨有台新5C購01,0,,,,
710378,巨有台新5C購02,0,,,,
710379,東浦台新5C購04,0,,,,
710380,東浦台新5C購05,700,0.14,0.14,0.14,0.14
710381,杰力台新5C購01,0,,,,
710382,青雲台新5C購01,0,,,,
710383,能率亞台新5C購01,0,,,,
710384,中光電元大5C購01,0,,,,
710385,宜鼎元大5C購16,140530,0.33,0.33,0.32,0.32
710386,富喬元大65購02,969690,1.55,1.55,1.48,1.55
710387,精材元大5C購06,0,,,,
710388,精材元大5C購07,30200,3.1,3.1,3.0,3.0
710389,精材元大61購08,42850,3.21,3.55,3.21,3.55
710390,精材元大61購09,0,,,,
710391,精材元大63購04,0,,,,
710392,世界中信63購01,0,,,,
710393,久元永豐5C購03,0,,,,
710394,久元永豐5C購04,0,,,,
710395,世禾永豐5C購01,1202560,0.87,0.98,0.85,0.86
710396,世界永豐5C購03,0,,,,
710397,巨有永豐5C購02,0,,,,
710398,安勤永豐63購01,40200,0.67,0.67,0.67,0.67
710399,均豪永豐5C購03,79060,1.32,1.37,1.32,1.37
710400,均豪永豐5C購04,21920,1.37,1.37,1.37,1.37
710401,宏觀永豐5C購02,0,,,,
710402,宏觀永豐5C購03,0,,,,
710403,晶焱永豐5C購01,0,,,,
710404,晶焱永豐5C購02,0,,,,
710405,智通*永豐63購01,0,,,,
710406,湧德永豐5C購01,35590,0.66,0.66,0.65,0.66
710407,湧德永豐5C購02,0,,,,
710408,聖暉*永豐5C購03,0,,,,
710409,聖暉*永豐5C購04,1400,0.14,0.14,0.14,0.14
710410,精材永豐5C購03,0,,,,
710411,精材永豐5C購04,0,,,,
710412,精材永豐63購02,0,,,,
710413,優群永豐5C購02,0,,,,
710414,雙鴻永豐5C購05,429790,2.05,2.22,2.05,2.16
710415,世界國票61購04,0,,,,
710416,巨有國票5C購01,0,,,,
710418,宇峻國票61購01,0,,,,
710419,安勤國票61購02,0,,,,
710420,青雲國票5C購02,5960,0.27,0.28,0.27,0.27
710421,能率國票61購01,0,,,,
710422,精材國票61購03,33640,2.25,2.56,2.25,2.56
710423,鑫科國票5C購01,0,,,,
710424,巨有群益5C購01,0,,,,
710425,智通*群益5C購01,0,,,,
710426,智通*群益63購01,0,,,,
710427,東浦國泰61購01,51510,0.51,0.51,0.51,0.51
710428,杰力國泰61購01,0,,,,
710429,精材國泰61購01,0,,,,
710430,威剛富邦5C購02,0,,,,
710431,精材富邦5C購01,154800,1.69,1.94,1.67,1.94
710432,安勤凱基62購01,4200,0.42,0.42,0.42,0.42
710433,系微凱基5C購01,99400,0.29,0.29,0.26,0.26
710434,宜鼎凱基5C購09,0,,,,
710435,能率凱基62購01,0,,,,
710436,富喬凱基63購02,51600,1.46,1.51,1.46,1.51
710437,智通*凱基5C購01,0,,,,
710438,群聯凱基5C購11,14080,0.38,0.38,0.36,0.36
710439,群聯凱基5C購12,4000,0.4,0.4,0.4,0.4
710440,鑫科凱基5C購01,0,,,,
710441,中美晶元大5C購12,217170,2.43,2.43,2.23,2.29
710442,世界元大66購03,0,,,,
710443,宜鼎元大5C購17,148350,0.69,0.69,0.69,0.69
710444,能率亞元大5C購01,65220,0.72,0.72,0.71,0.71
710445,富喬元大5C購04,673990,1.23,1.24,1.16,1.21
710446,智通*元大5C購01,99120,0.84,0.84,0.84,0.84
710447,智通*元大5C購02,192000,0.63,0.65,0.63,0.65
710448,智通*元大63購01,155850,0.7,0.7,0.69,0.69
710449,五福國票64購01,0,,,,
710450,璟德國票64購01,204000,0.51,0.51,0.51,0.51
710451,磐儀國票64購01,78000,0.39,0.39,0.39,0.39
710452,中光電國票61購01,0,,,,
710453,宜鼎國票62購01,0,,,,
710454,竹陞國票64購01,2310,0.77,0.77,0.77,0.77
710455,崴寶國票64購01,12130,0.95,0.95,0.93,0.93
710456,富強鑫國票62購01,75970,1.04,1.04,0.98,0.98
710457,千附國票64購01,0,,,,
710458,智通*國票61購01,0,,,,
710459,智通*國票61購02,0,,,,
710460,久元永豐5C購05,0,,,,
710461,久元永豐63購01,0,,,,
710462,久元永豐66購01,0,,,,
710463,中光電永豐5C購01,8700,0.29,0.29,0.29,0.29
710464,系統電永豐5C購02,335780,0.78,0.84,0.77,0.77
710465,營邦永豐5C購01,0,,,,
710466,營邦永豐5C購02,0,,,,
710467,宏觀台新5C購02,0,,,,
710468,聖暉*台新5C購06,93400,0.13,0.13,0.12,0.12
710469,聖暉*台新5C購07,32370,0.13,0.13,0.13,0.13
710470,能率國泰63購01,0,,,,
710471,久元富邦63購01,0,,,,
710472,原相富邦5C購01,0,,,,
710473,達航富邦62購01,370,0.37,0.37,0.37,0.37
710474,營邦富邦63購02,0,,,,
710475,營邦富邦63購03,10400,1.04,1.04,1.04,1.04
710476,巨有群益5C購02,109240,4.88,4.88,4.73,4.73
710477,世界元大61購01,167180,0.77,0.78,0.73,0.74
710478,世界元大66購04,0,,,,
710479,世界元大67購01,28600,0.85,0.85,0.83,0.84
710480,巨有元大61購01,4920,2.46,2.46,2.46,2.46
710481,宜鼎元大61購05,171500,0.61,0.63,0.61,0.61
710482,富喬元大61購06,240540,1.41,1.46,1.37,1.4
710483,富喬元大62購01,489200,1.29,1.31,1.22,1.29
710484,富喬元大62購02,1451350,1.4,1.45,1.37,1.45
710485,臺慶科元大61購01,75130,0.42,0.42,0.39,0.39
710486,千附精台新61購01,0,,,,
710487,元太台新61購01,0,,,,
710488,竹陞台新61購01,193210,1.01,1.02,0.89,0.93
710489,譜瑞台新61購01,0,,,,
710490,譜瑞台新61購02,0,,,,
710491,千附精凱基61購01,5300,0.53,0.53,0.53,0.53
710492,千附精凱基61購02,0,,,,
710493,中光電凱基61購01,0,,,,
710494,元太凱基61購02,7000,0.07,0.07,0.07,0.07
710495,元太凱基61購03,0,,,,
710496,元太凱基61購04,0,,,,
710497,元太凱基61購05,0,,,,
710498,元太凱基61購06,0,,,,
710499,世紀*凱基61購01,0,,,,
710500,竹陞凱基61購01,4624670,0.99,0.99,0.73,0.77
710501,原相凱基61購01,0,,,,
710502,譜瑞凱基61購02,5140,0.64,0.65,0.64,0.64
710503,譜瑞凱基61購03,590,0.59,0.59,0.59,0.59
710504,譜瑞凱基61購04,0,,,,
710505,譜瑞凱基61購05,0,,,,
710506,千附精群益61購01,52960,0.52,0.52,0.48,0.48
710507,譜瑞群益61購01,0,,,,
710508,91APP*國票62購01,0,,,,
710509,千附精國票62購01,500,0.5,0.5,0.5,0.5
710510,世紀*國票62購01,0,,,,
710511,竹陞國票62購01,47020,0.63,0.64,0.58,0.58
710512,宜鼎國票62購02,0,,,,
710513,長佳智國票62購01,0,,,,
710514,長聖國票62購01,0,,,,
710515,威剛國票62購02,24800,0.62,0.62,0.62,0.62
710516,建榮國票61購01,35000,0.35,0.35,0.35,0.35
710517,昱展國票62購01,0,,,,
710518,茂迪國票62購01,0,,,,
710519,訊聯國票62購01,0,,,,
710520,博士旺國票61購01,0,,,,
710521,精星國票62購01,0,,,,
710523,譜瑞國票62購01,0,,,,
710524,元太中信61購01,0,,,,
710525,久元永豐64購01,0,,,,
710526,大江永豐61購01,61840,0.4,0.42,0.4,0.42
710527,元太永豐61購02,0,,,,
710528,元太永豐61購03,8400,0.3,0.3,0.3,0.3
710529,邑錡永豐64購01,10290,0.49,0.49,0.49,0.49
710530,威剛永豐61購04,0,,,,
710531,威剛永豐61購05,0,,,,
710532,鈊象永豐65購01,0,,,,
710533,勤凱永豐65購01,0,,,,
710534,新普永豐61購01,212200,0.83,0.85,0.83,0.85
710535,譜瑞永豐61購01,0,,,,
710536,譜瑞永豐61購02,0,,,,
710537,譜瑞永豐61購03,0,,,,
710538,譜瑞永豐61購04,0,,,,
710539,譜瑞永豐64購01,0,,,,
710540,譜瑞永豐64購02,0,,,,
710541,譜瑞永豐67購01,108580,1.22,1.22,1.22,1.22
710542,久元國泰62購01,0,,,,
710543,久元國泰62購02,25350,0.39,0.39,0.39,0.39
710544,中光電國泰62購01,0,,,,
710545,巨有國泰62購01,116150,5.85,5.85,5.8,5.8
710546,竹陞國泰62購01,349510,1.88,1.88,1.66,1.73
710547,青雲國泰62購01,81220,0.62,0.62,0.62,0.62
710548,青雲國泰62購02,9400,0.5,0.5,0.49,0.49
710549,智通*國泰62購01,0,,,,
710550,元太富邦64購01,0,,,,
710551,安勤富邦62購01,17020,0.46,0.46,0.46,0.46
710552,譜瑞富邦63購01,0,,,,
710553,譜瑞富邦64購01,11950,0.46,0.46,0.45,0.45
710554,宜鼎中信61購02,0,,,,
710555,中光電永豐61購02,0,,,,
710556,竹陞永豐61購01,0,,,,
710557,竹陞永豐64購01,0,,,,
710558,竹陞永豐65購01,34300,0.98,0.98,0.98,0.98
710559,均豪永豐64購01,17040,0.86,0.86,0.84,0.84
710560,宏捷科永豐61購01,18120,0.51,0.54,0.51,0.54
710561,宜鼎永豐61購03,0,,,,
710562,宜鼎永豐64購02,234670,0.5,0.52,0.5,0.5
710563,威剛永豐61購06,0,,,,
710564,威剛永豐61購07,0,,,,
710565,茂達永豐61購02,0,,,,
710566,家登永豐61購02,120960,1.44,1.44,1.44,1.44
710567,富喬永豐61購03,281230,0.72,0.72,0.63,0.72
710568,富喬永豐66購02,375020,1.21,1.21,1.15,1.2
710569,群翊永豐61購01,113620,0.89,0.97,0.88,0.88
710570,群聯永豐61購02,26400,0.4,0.4,0.4,0.4
710571,群聯永豐61購03,26640,0.37,0.37,0.37,0.37
710572,群聯永豐65購06,0,,,,
710573,雙鴻永豐61購05,182200,2.17,2.41,2.17,2.41
710574,雙鴻永豐66購02,0,,,,
710575,雙鴻永豐67購01,88380,3.1,3.1,3.02,3.02
710576,中光電元大61購01,0,,,,
710577,中光電元大61購02,0,,,,
710578,中光電元大61購03,16800,0.56,0.56,0.56,0.56
710579,世界元大64購08,0,,,,
710580,世界元大66購05,0,,,,
710581,均豪元大61購01,268610,0.36,0.36,0.35,0.36
710582,宏捷科元大67購01,478230,0.81,0.89,0.67,0.89
710583,佳邦元大61購01,260,0.13,0.13,0.13,0.13
710584,欣銓元大61購01,805870,1.07,1.08,1.01,1.03
710585,原相元大61購01,0,,,,
710586,富喬元大64購03,770730,0.86,0.88,0.82,0.87
710587,富喬元大65購03,2044670,1.0,1.03,0.97,1.03
710588,群聯元大64購06,0,,,,
710589,臺慶科元大61購02,0,,,,
710590,中美晶群益64購01,1792400,1.07,1.07,0.92,0.92
710591,竹陞群益61購01,10400,0.52,0.52,0.52,0.52
710592,均豪群益61購01,148180,1.18,1.21,1.16,1.21
710593,佳邦群益61購01,57590,0.59,0.59,0.57,0.57
710594,宜特群益61購01,0,,,,
710595,青雲群益62購01,0,,,,
710596,臺慶科群益61購01,0,,,,
710597,中美晶國泰63購01,212670,2.08,2.08,1.84,1.84
710598,家登國泰62購01,0,,,,
710599,凡甲富邦63購02,4100,0.41,0.41,0.41,0.41
710600,中光電富邦63購01,0,,,,
710601,宏觀富邦63購01,0,,,,
710602,茂達富邦63購01,1680,0.42,0.42,0.42,0.42
710603,耕興富邦63購01,0,,,,
710604,湧德富邦63購01,33640,0.58,0.58,0.58,0.58
710605,中光電凱基61購02,1000,0.1,0.1,0.1,0.1
710606,巨有凱基61購01,653260,2.63,2.71,2.56,2.61
710607,宜鼎凱基61購01,52920,0.12,0.12,0.12,0.12
710608,富喬凱基61購04,668710,0.91,0.97,0.84,0.97
710609,臺慶科凱基61購02,110,0.11,0.11,0.11,0.11
710610,雙鴻凱基64購01,0,,,,
710611,中美晶台新61購02,0,,,,
710612,宜特台新61購02,0,,,,
710613,宜鼎台新61購03,21500,0.43,0.43,0.43,0.43
710614,原相台新61購01,10240,0.64,0.64,0.64,0.64
710615,原相台新61購02,0,,,,
710616,原相台新61購03,0,,,,
710617,鈊象台新61購01,5260,0.85,0.91,0.85,0.91
710618,群聯台新61購01,0,,,,
710619,九暘元大61購01,10930,0.53,0.53,0.52,0.52
710621,台嘉碩元大61購01,0,,,,
710622,安可元大61購01,48660,0.67,0.67,0.62,0.63
710623,竹陞元大61購01,4620,0.66,0.66,0.66,0.66
710624,宜鼎元大61購06,0,,,,
710625,松上元大61購01,0,,,,
710626,品安元大61購01,0,,,,
710628,晟田元大61購01,6650,1.33,1.33,1.33,1.33
710629,堡達元大61購01,0,,,,
710630,富喬元大61購08,529140,0.99,1.02,0.94,1.02
710631,富喬元大64購04,334220,0.85,0.88,0.83,0.88
710632,碩禾元大61購03,9000,0.14,0.14,0.12,0.12
710633,臺慶科元大64購01,86550,0.67,0.69,0.67,0.69
710634,臺慶科元大67購01,114440,0.57,0.59,0.55,0.59
710635,寶雅元大61購01,32900,1.1,1.1,1.09,1.09
710636,川寶國票65購01,622700,0.55,0.55,0.5,0.52
710637,中美晶國票61購04,0,,,,
710638,中裕國票65購01,5590,0.51,0.51,0.49,0.49
710639,日揚國票65購01,0,,,,
710640,安可國票61購01,340,0.34,0.34,0.34,0.34
710641,金雨國票65購01,0,,,,
710642,品安國票65購01,0,,,,
710643,威潤國票65購01,4600,0.23,0.23,0.23,0.23
710644,茂達國票65購01,84760,0.64,0.64,0.63,0.63
710645,泰藝國票61購01,109030,0.63,0.65,0.56,0.57
710646,晟田國票61購01,0,,,,
710647,崇越電國票65購01,570,0.57,0.57,0.57,0.57
710648,富強鑫國票65購01,32800,0.82,0.82,0.82,0.82
710649,瑞耘國票65購01,499200,1.12,1.12,0.94,0.94
710650,精拓科國票65購01,0,,,,
710651,廣積國票65購01,128500,0.99,0.99,0.97,0.97
710652,璟德國票65購01,0,,,,
710653,中光電群益61購01,0,,,,
710654,中美晶群益63購01,344820,1.14,1.14,1.01,1.01
710655,世紀*群益62購01,0,,,,
710656,台嘉碩群益61購01,0,,,,
710657,台嘉碩群益61購02,0,,,,
710658,巨漢群益61購01,0,,,,
710659,宜鼎群益61購01,0,,,,
710660,東浦群益61購01,0,,,,
710661,東浦群益61購02,0,,,,
710662,國眾群益64購01,1880,0.47,0.47,0.47,0.47
710663,堡達群益61購01,0,,,,
710664,晶宏群益61購01,132750,1.04,1.05,0.91,0.91
710665,陽程群益61購01,0,,,,
710666,九暘凱基61購01,90960,0.32,0.32,0.29,0.3
710667,川寶凱基61購01,420690,0.56,0.57,0.44,0.47
710668,中美晶凱基61購06,83570,1.24,1.24,1.19,1.19
710669,日揚凱基61購01,0,,,,
710670,世界凱基66購01,60710,0.61,0.63,0.61,0.63
710671,加高凱基61購01,0,,,,
710672,加高凱基61購02,0,,,,
710673,台嘉碩凱基61購01,21300,0.33,0.33,0.28,0.29
710674,台嘉碩凱基61購02,0,,,,
710675,全宇昕凱基61購01,17100,0.57,0.57,0.57,0.57
710676,邑錡凱基61購01,0,,,,
710677,奇鈦科凱基61購01,0,,,,
710678,東浦凱基61購01,0,,,,
710679,杰力凱基61購01,0,,,,
710680,茂達凱基61購01,0,,,,
710681,泰藝凱基61購01,14130,0.36,0.36,0.29,0.29
710682,高僑凱基61購01,33000,0.33,0.33,0.33,0.33
710683,崇越電凱基61購01,45200,0.57,0.57,0.53,0.53
710684,堡達凱基61購01,0,,,,
710685,晶宏凱基61購01,91280,0.89,1.02,0.88,0.88
710686,越峰凱基61購01,58600,0.11,0.12,0.1,0.1
710687,陽程凱基61購02,209000,3.72,4.79,3.7,4.53
710688,碩禾凱基61購01,43190,0.16,0.16,0.13,0.14
710689,中光電台新61購01,0,,,,
710690,中光電台新61購02,0,,,,
710691,中美晶台新61購03,425130,1.15,1.15,1.04,1.05
710692,中美晶台新63購02,28330,1.14,1.14,0.98,0.98
710693,世界台新61購01,36260,0.49,0.49,0.49,0.49
710694,台嘉碩台新61購01,26740,0.64,0.64,0.57,0.57
710695,台嘉碩台新61購02,0,,,,
710696,巨漢台新61購01,0,,,,
710697,巨漢台新61購02,0,,,,
710698,全宇昕台新61購01,686400,0.69,0.7,0.65,0.7
710699,欣銓台新61購01,31130,0.52,0.52,0.47,0.48
710700,欣銓台新61購02,42280,0.49,0.5,0.44,0.46
710701,威剛台新61購02,0,,,,
710702,家登台新61購01,248100,0.74,0.78,0.74,0.78
710703,家登台新64購01,546610,1.0,1.02,0.98,0.99
710704,威剛中信61購01,0,,,,
710705,九暘永豐61購01,13150,0.39,0.39,0.37,0.37
710706,久禾光永豐61購01,0,,,,
710707,川寶永豐61購01,2760,0.46,0.46,0.46,0.46
710708,加高永豐61購01,0,,,,
710709,台嘉碩永豐61購01,0,,,,
710710,巨漢永豐61購01,45000,0.36,0.36,0.36,0.36
710711,立盈永豐61購01,0,,,,
710712,全宇昕永豐61購01,0,,,,
710713,利機永豐61購01,0,,,,
710714,良維永豐61購01,0,,,,
710715,奇鈦科永豐61購01,0,,,,
710716,奇鈦科永豐61購02,33600,0.24,0.24,0.24,0.24
710717,東浦永豐61購01,0,,,,
710718,杰力永豐61購01,0,,,,
710719,欣銓永豐64購02,203860,0.6,0.62,0.56,0.58
710720,信音永豐61購01,8040,0.34,0.34,0.32,0.32
710721,泰藝永豐61購01,281460,0.7,0.7,0.51,0.51
710722,泰藝永豐61購02,9570,0.41,0.43,0.41,0.42
710723,崇越電永豐61購01,0,,,,
710724,崇越電永豐61購02,0,,,,
710725,堡達永豐61購01,0,,,,
710726,堡達永豐64購01,10000,0.5,0.5,0.5,0.5
710727,晶宏永豐61購01,26650,1.13,1.27,1.13,1.26
710728,華洋永豐61購01,85980,0.36,0.36,0.34,0.34
710729,越峰永豐61購01,95840,0.16,0.16,0.12,0.12
710730,陽程永豐61購01,0,,,,
710731,碩禾永豐61購01,0,,,,
710732,精星永豐61購01,0,,,,
710733,寬魚永豐61購01,0,,,,
710734,寬魚永豐61購02,0,,,,
710735,威剛國泰62購01,0,,,,
710736,立碁富邦61購01,2810,2.81,2.81,2.81,2.81
710737,均豪富邦61購02,0,,,,
710738,中光電國票61購02,0,,,,
710739,中美晶國票65購01,0,,,,
710740,竹陞國票65購01,0,,,,
710741,松上國票61購01,130,0.13,0.13,0.13,0.13
710742,欣銓國票61購03,0,,,,
710743,青雲國票61購01,13600,1.15,1.15,1.13,1.13
710744,盈正國票65購01,820,0.41,0.41,0.41,0.41
710745,茂達國票65購02,0,,,,
710746,家登國票61購01,0,,,,
710747,堡達國票61購01,1200,0.2,0.2,0.2,0.2
710748,翔名國票65購01,57000,0.57,0.57,0.57,0.57
710749,華洋國票65購01,14800,0.5,0.5,0.49,0.49
710750,勤凱國票61購01,26520,1.08,1.08,0.88,0.88
710751,頎邦國票65購01,982880,0.91,0.91,0.86,0.86
710752,璟德國票61購01,0,,,,
710753,擎邦國票61購01,484540,0.81,0.84,0.76,0.78
710754,耀穎國票65購01,713400,0.93,1.02,0.79,0.85
710756,大中元大67購01,63900,0.45,0.45,0.45,0.45
710758,佳邦元大61購02,0,,,,
710761,華景電元大64購01,175380,0.53,0.6,0.53,0.6
710762,聖暉*元大61購02,0,,,,
710763,頎邦元大61購01,0,,,,
710764,璟德元大61購02,0,,,,
710765,大中凱基61購01,23680,0.32,0.32,0.32,0.32
710766,竹陞凱基61購02,846180,0.33,0.33,0.25,0.26
710767,宜特凱基61購03,0,,,,
710768,欣銓凱基61購02,0,,,,
710769,茂達凱基61購02,0,,,,
710770,富喬凱基61購05,240470,1.16,1.28,1.16,1.28
710771,聖暉*凱基61購02,0,,,,
710772,璟德凱基64購01,0,,,,
710773,中美晶永豐61購01,635450,0.98,0.98,0.84,0.84
710774,中美晶永豐61購02,0,,,,
710775,元太永豐61購04,0,,,,
710776,台嘉碩永豐61購02,0,,,,
710777,竹陞永豐63購01,0,,,,
710778,宜鼎永豐66購01,30020,0.79,0.79,0.79,0.79
710779,昇佳電永豐61購01,0,,,,
710780,茂達永豐64購01,0,,,,
710781,能率亞永豐61購01,22000,0.55,0.55,0.55,0.55
710782,高僑永豐61購01,0,,,,
710783,閎康永豐61購02,2310,0.33,0.33,0.33,0.33
710784,新漢永豐61購01,0,,,,
710785,頎邦永豐61購02,225860,0.64,0.65,0.59,0.59
710786,頎邦永豐64購01,111370,1.17,1.19,1.14,1.15
710787,璟德永豐61購02,620,0.31,0.31,0.31,0.31
710788,寶雅永豐61購01,1290,0.43,0.43,0.43,0.43
710789,大中台新61購02,0,,,,
710790,巨有台新61購01,19020,2.76,2.76,2.7,2.7
710791,立碁台新61購01,37700,3.77,3.77,3.77,3.77
710792,竹陞台新61購02,942000,0.74,0.74,0.61,0.64
710793,宜鼎台新61購04,1550,0.31,0.31,0.31,0.31
710794,晟田台新61購01,2430,0.81,0.81,0.81,0.81
710795,新漢台新61購01,0,,,,
710796,新漢台新64購01,0,,,,
710797,群聯台新61購02,0,,,,
710798,中美晶富邦61購02,603840,0.7,0.7,0.57,0.57
710799,欣銓富邦61購01,173260,0.33,0.33,0.31,0.31
710800,陽程富邦61購01,84800,2.75,3.3,2.75,3.3
710801,頎邦富邦63購01,139930,0.62,0.63,0.58,0.59
710802,頎邦富邦64購01,15650,0.62,0.63,0.62,0.63
710803,久元群益63購01,0,,,,
710804,大中群益61購01,0,,,,
710805,中美晶群益61購01,637520,3.42,3.42,3.06,3.07
710806,世界群益61購02,421610,1.22,1.26,1.19,1.19
710807,台特化群益61購01,0,,,,
710808,均豪群益61購02,437070,1.41,1.45,1.34,1.37
710809,良維群益61購03,1645140,1.24,1.34,1.24,1.28
710810,杰力群益61購01,0,,,,
710811,威剛群益61購04,0,,,,
710812,茂達群益61購01,0,,,,
710813,能率群益61購01,0,,,,
710814,翔名群益61購01,0,,,,
710815,鈊象群益64購01,21240,0.33,0.33,0.31,0.31
710816,群聯群益67購02,305870,1.68,1.7,1.65,1.65
710817,頎邦群益61購01,426210,0.8,0.8,0.71,0.71
710818,頎邦群益61購02,429660,0.63,0.63,0.55,0.55
710819,雙鴻群益61購01,0,,,,
710820,中光電凱基61購03,0,,,,
710821,世紀*凱基61購02,32660,4.12,4.12,4.02,4.02
710822,良維凱基61購02,35610,1.2,1.23,1.2,1.23
710823,昇佳電凱基61購01,0,,,,
710824,家登凱基61購01,3210,1.07,1.07,1.07,1.07
710825,翔名凱基61購01,0,,,,
710826,頎邦凱基61購01,1351710,0.39,0.48,0.33,0.33
710827,精材凱基61購06,0,,,,
710828,竹陞台新61購03,1014610,0.55,0.55,0.45,0.49
710829,朋程台新61購01,2460,0.41,0.41,0.41,0.41
710830,朋程台新62購01,0,,,,
710831,朋程台新63購01,50690,1.41,1.42,1.34,1.34
710832,朋程台新64購01,0,,,,
710833,博大台新61購01,1320,0.66,0.66,0.66,0.66
710834,群聯台新61購03,39600,0.9,0.9,0.9,0.9
710835,群聯台新67購01,0,,,,
710836,群聯台新67購02,0,,,,
710837,頎邦台新61購01,731690,1.18,1.18,0.97,0.99
710838,頎邦台新61購02,1092580,0.91,0.91,0.78,0.79
710839,驊訊台新61購01,0,,,,
710840,驊訊台新61購02,0,,,,
710841,力致永豐61購01,40540,0.52,0.52,0.51,0.52
710842,中美晶永豐65購02,58860,1.49,1.49,1.46,1.46
710843,世紀*永豐61購01,62560,2.86,2.86,2.68,2.68
710844,神準永豐65購01,84510,0.73,0.75,0.73,0.74
710845,翔名永豐61購01,2600,0.26,0.26,0.26,0.26
710846,翔名永豐65購01,0,,,,
710847,榮剛永豐61購01,1180,0.59,0.59,0.59,0.59
710848,榮剛永豐61購02,6150,0.41,0.41,0.41,0.41
710849,九暘國票65購01,0,,,,
710850,大中國票61購01,0,,,,
710851,中菲行國票65購01,0,,,,
710852,友威科國票65購01,193010,0.67,0.67,0.63,0.64
710853,全宇昕國票65購01,0,,,,
710854,竹陞國票66購01,0,,,,
710855,邑錡國票61購01,0,,,,
710856,邑錡國票63購01,0,,,,
710857,尚凡*國票65購01,0,,,,
710858,易發國票65購01,162170,0.62,0.62,0.59,0.6
710859,昇佳電國票65購01,0,,,,
710860,佶優國票61購01,724120,0.36,0.39,0.36,0.38
710861,佶優國票63購01,538950,0.37,0.48,0.37,0.43
710862,茂訊國票65購01,0,,,,
710863,原相國票61購01,0,,,,
710864,振曜國票65購01,750,0.25,0.25,0.25,0.25
710865,泰詠國票65購01,101000,0.53,0.55,0.52,0.52
710866,健喬國票65購01,0,,,,
710867,國眾國票65購01,0,,,,
710868,博大國票65購01,23120,0.57,0.57,0.56,0.56
710869,普萊德國票65購01,0,,,,
710870,晶宏國票65購01,625940,0.95,1.03,0.92,0.92
710871,越峰國票65購01,152700,0.27,0.27,0.24,0.24
710872,萬泰科國票61購02,361730,0.55,0.58,0.55,0.57
710873,碩禾國票65購01,0,,,,
710874,聚和國票61購02,0,,,,
710875,鐿鈦國票65購01,0,,,,
710876,竹陞國泰63購01,165120,0.86,0.86,0.86,0.86
710877,青雲國泰62購03,0,,,,
710878,茂達國泰62購01,0,,,,
710879,精材國泰62購01,20250,4.05,4.05,4.05,4.05
710880,大中富邦61購01,0,,,,
710881,宜鼎富邦61購02,0,,,,
710882,中光電群益61購02,0,,,,
710883,宜鼎群益61購02,15050,0.43,0.43,0.43,0.43
710884,宜鼎群益61購03,0,,,,
710885,威剛群益61購05,69600,0.66,0.67,0.64,0.64
710886,建榮群益62購01,0,,,,
710887,群聯群益67購03,209220,2.42,2.44,2.42,2.44
710888,精材群益64購01,97000,1.9,2.0,1.9,2.0
710889,精剛群益61購01,0,,,,
710890,精剛群益61購02,0,,,,
710891,聚和群益61購01,115130,0.5,0.53,0.5,0.53
710892,雙鴻群益61購02,15800,7.9,7.9,7.9,7.9
710893,中美晶元大64購01,94530,1.8,1.8,1.73,1.73
710894,中美晶元大66購04,534340,1.59,1.59,1.48,1.48
710895,台嘉碩元大61購02,59780,0.61,0.61,0.61,0.61
710896,均豪元大61購02,19980,0.47,0.47,0.46,0.46
710897,宜特元大65購01,141520,0.79,0.79,0.77,0.77
710898,宜特元大67購02,73320,0.48,0.48,0.46,0.46
710899,欣銓元大61購02,175820,0.84,0.84,0.8,0.8
710900,家登元大61購02,92260,1.1,1.1,1.09,1.09
710901,能率元大61購02,0,,,,
710902,臺慶科元大64購02,316470,0.45,0.46,0.43,0.44
710903,鑫科元大61購01,0,,,,
710904,太普高國票65購01,310360,0.28,0.28,0.27,0.28
710905,安碁國票61購01,2160,0.54,0.54,0.54,0.54
710906,利機國票61購01,0,,,,
710907,杰力國票65購01,0,,,,
710908,倉和國票65購01,1959190,3.82,4.03,3.72,3.72
710909,晟田國票61購02,20240,0.63,0.64,0.63,0.64
710910,創泓國票61購01,1050,1.05,1.05,1.05,1.05
710911,博大國票61購01,0,,,,
710912,新普國票65購01,0,,,,
710913,聖暉*國票65購01,26000,0.26,0.26,0.26,0.26
710914,類比科國票61購01,6200,0.31,0.31,0.31,0.31
710915,寶雅國票61購03,0,,,,
710916,驊訊國票61購01,27000,0.18,0.18,0.18,0.18
710917,大中凱基61購02,0,,,,
710918,中美晶凱基66購01,60260,1.31,1.31,1.31,1.31
710919,台嘉碩凱基61購03,0,,,,
710920,宏觀凱基61購04,0,,,,
710921,宜鼎凱基61購02,3000,0.3,0.3,0.3,0.3
710922,欣銓凱基61購03,1620,0.54,0.54,0.54,0.54
710923,威剛凱基61購03,0,,,,
710924,茂達凱基61購03,0,,,,
710925,博大凱基61購01,0,,,,
710926,群聯凱基61購07,352770,1.01,1.06,1.01,1.06
710927,雙鴻凱基61購05,0,,,,
710928,大中群益61購02,0,,,,
710929,中光電群益61購03,0,,,,
710930,欣銓群益61購01,0,,,,
710931,茂達群益61購02,0,,,,
710932,家登群益61購04,176360,1.59,1.67,1.54,1.57
710933,新普群益61購01,0,,,,
710934,新普群益61購02,0,,,,
710935,精材群益64購02,57370,2.01,2.11,2.01,2.11
710936,中美晶國泰64購01,119980,1.72,1.72,1.58,1.58
710937,中光電富邦64購01,0,,,,
710938,威剛富邦64購01,0,,,,
710939,茂達富邦63購02,0,,,,
710940,華電網富邦63購01,14120,0.28,0.32,0.28,0.29
710941,萬泰科富邦63購02,3300,0.33,0.33,0.33,0.33
710942,群聯中信67購01,0,,,,
710943,中光電永豐61購03,0,,,,
710944,艾訊永豐61購01,0,,,,
710945,杰力永豐64購01,0,,,,
710946,長聖永豐61購01,27430,0.49,0.49,0.48,0.48
710947,威剛永豐61購08,0,,,,
710948,威剛永豐64購03,0,,,,
710949,茂達永豐65購01,0,,,,
710950,倉和永豐61購01,0,,,,
710951,倉和永豐64購01,0,,,,
710952,宸曜永豐61購01,8580,0.66,0.66,0.66,0.66
710953,宸曜永豐67購01,0,,,,
710954,耕興永豐61購01,0,,,,
710955,博大永豐61購01,0,,,,
710956,智通*永豐64購01,0,,,,
710957,新普永豐61購02,0,,,,
710958,精剛永豐61購01,14200,0.32,0.32,0.31,0.31
710959,磐儀永豐61購01,0,,,,
710960,中光電元大61購05,0,,,,
710961,中美晶元大64購02,238750,1.69,1.69,1.52,1.52
710962,中美晶元大66購05,322990,1.49,1.49,1.4,1.42
710963,世紀*元大61購01,0,,,,
710964,宜鼎元大61購07,129780,0.42,0.42,0.42,0.42
710965,晟田元大61購02,0,,,,
710966,創惟元大61購01,0,,,,
710968,翔名元大61購01,0,,,,
710969,群聯元大64購07,0,,,,
710970,頎邦元大61購02,0,,,,
710971,譜瑞元大61購03,0,,,,
710972,譜瑞元大65購03,19800,0.66,0.66,0.66,0.66
710973,久元台新61購01,0,,,,
710974,久元台新61購02,0,,,,
710975,大中台新61購03,0,,,,
710976,大中台新61購04,26600,0.14,0.14,0.13,0.13
710977,中光電台新61購04,0,,,,
710978,杰力台新61購01,0,,,,
710979,宸曜台新61購01,1357500,1.45,1.61,1.45,1.6
710980,博大台新61購02,0,,,,
710981,博大台新61購03,0,,,,
710982,精材台新61購03,0,,,,
710983,立敦凱基61購01,0,,,,
710984,均豪凱基61購01,49900,0.99,1.0,0.99,1.0
710985,家登凱基61購02,0,,,,
710986,振曜凱基61購01,0,,,,
710987,華景電凱基64購01,223070,0.56,0.6,0.56,0.58
710988,新普凱基61購01,0,,,,
710989,頎邦凱基61購02,218730,0.54,0.54,0.46,0.46
710990,精材凱基61購07,0,,,,
710991,營邦凱基61購01,45340,1.15,1.36,1.15,1.36
710992,譜瑞凱基61購06,0,,,,
710993,寶雅凱基61購01,7000,0.7,0.7,0.7,0.7
710994,欣銓台新61購03,115140,0.73,0.73,0.67,0.68
710995,群聯台新61購04,0,,,,
710996,大江國票65購01,19380,0.51,0.51,0.51,0.51
710997,大學光國票61購01,0,,,,
710998,佰研國票65購01,0,,,,
710999,宜特國票61購01,0,,,,
711000,長聖國票65購01,362800,0.62,0.62,0.59,0.6
711001,能率國票61購02,0,,,,
711002,廣積國票66購01,0,,,,
711003,陽程群益61購02,0,,,,
711004,系統電國泰62購01,374510,1.05,1.26,1.05,1.26
711005,宜鼎國泰62購02,0,,,,
711007,大中元大66購01,0,,,,
711009,巨有元大61購02,0,,,,
711010,立敦元大61購01,44200,0.34,0.34,0.3,0.3
711011,立敦元大67購01,6000,0.3,0.3,0.3,0.3
711012,宜鼎元大61購08,362030,0.42,0.42,0.41,0.41
711013,宜鼎元大61購09,135300,0.66,0.66,0.66,0.66
711014,昇佳電元大61購01,0,,,,
711015,朋程元大61購01,98560,0.47,0.47,0.43,0.43
711016,青雲元大61購01,0,,,,
711017,美琪瑪元大61購01,165900,0.72,0.73,0.72,0.73
711020,家登元大61購03,118360,1.47,1.51,1.47,1.51
711021,智通*元大61購01,0,,,,
711022,群聯元大64購08,40430,0.69,0.69,0.67,0.67
711023,譜瑞元大61購04,0,,,,
711024,中美晶統一65購01,45050,0.53,0.53,0.53,0.53
711025,均豪統一65購01,0,,,,
711026,朋程統一65購03,680,0.17,0.17,0.17,0.17
711027,茂訊統一67購01,0,,,,
711028,群聯統一67購01,0,,,,
711029,精材統一67購01,381460,1.34,1.47,1.33,1.47
711030,營邦統一67購01,77520,1.05,1.11,1.05,1.11
711031,中光電永豐61購04,0,,,,
711032,中光電永豐61購05,0,,,,
711033,立敦永豐61購02,0,,,,
711034,立敦永豐64購01,0,,,,
711035,立敦永豐64購02,0,,,,
711036,宜鼎永豐63購02,0,,,,
711037,長聖永豐61購02,25000,0.25,0.25,0.25,0.25
711038,原相永豐61購02,0,,,,
711039,群聯永豐64購07,136500,0.98,0.98,0.97,0.97
711040,群聯永豐64購08,0,,,,
711041,群聯永豐67購01,0,,,,
711042,廣積永豐61購01,0,,,,
711043,宜鼎中信61購03,0,,,,
711044,群聯中信61購01,0,,,,
711045,大中凱基61購03,0,,,,
711046,台特化凱基61購01,153680,1.45,1.46,1.36,1.36
711047,巨有凱基61購02,105500,5.3,5.3,5.25,5.25
711048,宜特凱基61購04,0,,,,
711049,宜鼎凱基61購03,114490,0.58,0.59,0.58,0.59
711050,茂達凱基61購04,2550,0.51,0.51,0.51,0.51
711051,原相凱基61購02,21000,0.21,0.21,0.21,0.21
711052,智通*凱基61購01,0,,,,
711053,順達凱基61購02,0,,,,
711054,鈊象凱基61購03,46700,1.55,1.57,1.55,1.57
711055,群聯凱基64購04,89300,1.9,1.9,1.9,1.9
711056,精材凱基61購08,117300,3.84,3.98,3.84,3.98
711057,廣積凱基65購01,0,,,,
711058,昱展台新61購01,0,,,,
711059,富喬台新61購01,0,,,,
711060,艾訊群益61購01,0,,,,
711061,家登群益61購05,17800,0.89,0.89,0.89,0.89
711062,順達群益61購01,0,,,,
711063,群聯群益61購06,68480,3.28,3.28,3.26,3.26
711064,精材群益61購02,290550,6.3,7.15,6.2,7.15
711065,大樹國票65購01,930,0.47,0.47,0.46,0.46
711066,公準國票65購01,235590,0.59,0.59,0.58,0.58
711067,加百裕國票61購01,640,0.3,0.34,0.3,0.34
711068,尼克森國票61購01,20700,0.18,0.18,0.18,0.18
711069,正基國票65購01,0,,,,
711070,艾訊國票61購02,0,,,,
711071,宜鼎國票65購02,144110,0.77,0.8,0.77,0.8
711072,高僑國票65購01,9000,0.45,0.45,0.45,0.45
711073,智崴國票65購01,20600,0.42,0.42,0.41,0.41
711074,僑威國票65購01,0,,,,
711075,廣明國票65購01,0,,,,
711076,撼訊國票65購01,3400,0.68,0.68,0.68,0.68
711077,中美晶元大61購03,142200,1.1,1.11,1.09,1.11
711078,台嘉碩元大61購03,52440,1.04,1.04,0.99,0.99
711079,宜鼎元大61購10,96260,0.56,0.58,0.56,0.58
711080,智通*元大61購02,0,,,,
711081,群聯元大61購14,115320,0.93,0.93,0.93,0.93
711082,臺慶科元大61購03,2340,0.26,0.26,0.26,0.26
711083,世界國泰62購01,0,,,,
711084,博大國泰62購01,31110,0.73,0.73,0.72,0.73
711085,陽程國泰62購01,0,,,,
711086,群聯國泰62購03,0,,,,
711087,精材國泰62購02,51400,4.27,4.95,4.27,4.82
711088,中美晶富邦61購03,43080,0.65,0.65,0.59,0.59
711089,立碁富邦64購01,191660,2.08,2.5,1.84,2.5
711090,翔名富邦61購01,0,,,,
711091,陽程富邦61購02,0,,,,
711092,精材富邦61購01,1730,1.73,1.73,1.73,1.73
711093,精材中信61購02,145670,0.98,1.11,0.97,1.09
711094,千附永豐61購01,0,,,,
711095,千附永豐61購02,7400,0.74,0.74,0.74,0.74
711096,立端永豐61購01,56650,0.87,0.88,0.87,0.87
711097,松瑞藥永豐61購01,14000,0.7,0.7,0.7,0.7
711098,磐儀永豐61購02,0,,,,
711099,千附精統一67購01,0,,,,
711100,大中統一65購02,0,,,,
711101,大中統一6C購01,0,,,,
711102,中裕統一69購01,1020,0.51,0.51,0.51,0.51
711103,世界統一67購01,0,,,,
711104,台嘉碩統一67購01,34040,0.58,0.6,0.58,0.58
711105,台嘉碩統一6C購01,9400,0.6,0.6,0.58,0.58
711106,尼克森統一65購01,0,,,,
711107,巨有統一6C購01,14580,1.44,1.46,1.44,1.46
711108,朋程統一65購04,0,,,,
711109,杰力統一6C購01,46020,0.46,0.47,0.46,0.47
711110,青雲統一69購01,43500,0.87,0.87,0.87,0.87
711111,青雲統一6C購01,0,,,,
711112,泰藝統一6C購01,12000,0.63,0.69,0.63,0.63
711113,健喬統一69購01,0,,,,
711114,堡達統一6C購01,0,,,,
711115,智通*統一67購01,0,,,,
711116,陽程統一6C購01,923980,1.3,1.49,1.3,1.49
711117,順達統一65購03,14100,0.47,0.47,0.47,0.47
711118,頎邦統一65購01,195890,0.69,0.69,0.63,0.63
711119,頎邦統一67購02,52420,0.68,0.68,0.64,0.64
711120,頎邦統一67購03,37500,0.63,0.63,0.62,0.62
711121,頎邦統一6C購01,473020,0.74,0.74,0.7,0.7
711122,精材統一65購02,1187770,1.28,1.6,1.25,1.4
711123,精材統一67購02,208000,1.04,1.04,1.04,1.04
711124,中美晶凱基64購01,2060,1.03,1.03,1.03,1.03
711125,家登凱基67購01,1300,1.3,1.3,1.3,1.3
711126,陽程凱基61購03,36560,2.79,3.07,2.79,3.07
711127,順達凱基61購03,0,,,,
711128,群聯凱基61購08,0,,,,
711129,群聯凱基61購09,83760,0.86,0.87,0.86,0.87
711130,頎邦凱基61購03,390320,0.44,0.44,0.39,0.39
711131,精材凱基61購09,427520,1.62,2.02,1.6,1.97
711132,臺慶科凱基61購03,1710,0.35,0.35,0.34,0.34
711133,宜鼎台新62購01,0,,,,
711134,茂達台新61購01,18060,0.42,0.42,0.42,0.42
711135,茂達台新61購02,2250,0.45,0.45,0.45,0.45
711136,群聯台新67購03,195500,1.54,1.62,1.54,1.62
711137,群聯台新67購04,0,,,,
711138,頎邦台新61購04,1893090,1.54,1.54,1.34,1.35
711139,頎邦台新61購05,1290850,1.47,1.47,1.28,1.28
711140,精材台新61購04,16870,2.01,2.3,2.01,2.26
711141,精材台新61購05,0,,,,
711142,精材台新62購02,0,,,,
711143,力麒國票65購01,0,,,,
711144,天良國票61購01,10500,0.13,0.14,0.13,0.13
711145,巨漢國票61購01,14600,0.46,0.51,0.46,0.51
711146,協禧國票65購01,0,,,,
711147,奇鈦科國票65購01,27150,0.44,0.45,0.44,0.45
711149,陽程國票61購02,0,,,,
711150,順達國票65購01,14160,0.89,0.91,0.88,0.88
711151,精材國票61購04,0,,,,
711152,精材國票65購01,52810,2.19,2.42,2.19,2.42
711153,營邦國票61購01,654190,2.07,2.28,2.07,2.28
711154,千附群益61購01,44940,1.07,1.07,1.07,1.07
711155,千附群益61購02,0,,,,
711156,台特化群益61購02,436670,1.69,1.69,1.63,1.65
711157,青雲群益61購01,16800,0.84,0.84,0.84,0.84
711158,青雲群益61購02,0,,,,
711159,威剛群益61購06,6700,1.34,1.34,1.34,1.34
711160,鈊象群益61購02,0,,,,
711161,新漢群益61購01,0,,,,
711162,群聯群益61購07,64210,1.56,1.72,1.56,1.72
711163,精材群益63購03,239210,3.23,3.59,3.23,3.59
711164,中光電元大61購06,15840,0.16,0.16,0.16,0.16
711165,中光電元大61購07,0,,,,
711166,中美晶元大61購04,98780,0.63,0.63,0.55,0.55
711167,宜鼎元大63購02,198360,0.76,0.76,0.76,0.76
711169,智通*元大61購03,0,,,,
711171,順達元大61購01,117700,0.74,0.78,0.74,0.78
711172,群聯元大61購15,25090,0.79,0.81,0.79,0.81
711173,頎邦元大61購03,0,,,,
711174,精材元大61購10,123520,1.18,1.36,1.18,1.34
711175,精材元大61購11,0,,,,
711176,精材元大63購05,238180,1.88,1.88,1.79,1.82
711177,營邦元大61購01,573940,1.28,1.48,1.28,1.48
711178,九暘統一63購01,0,,,,
711179,九暘統一6C購01,59000,0.59,0.59,0.59,0.59
711180,千附精統一67購02,0,,,,
711181,千附精統一67購03,0,,,,
711182,大中統一65購03,249820,0.14,0.16,0.14,0.16
711183,中光電統一65購01,0,,,,
711184,中光電統一6C購01,0,,,,
711185,中美晶統一65購02,86270,0.71,0.71,0.66,0.66
711186,中美晶統一67購01,117500,0.61,0.61,0.58,0.58
711187,中美晶統一6C購01,0,,,,
711188,台嘉碩統一65購01,0,,,,
711189,立敦統一67購01,1450,0.29,0.29,0.29,0.29
711190,安勤統一67購01,2150,0.43,0.43,0.43,0.43
711191,系統電統一6C購01,98730,0.66,0.7,0.66,0.7
711192,亞通統一67購01,4250,0.85,0.85,0.85,0.85
711193,宜鼎統一67購01,26520,0.52,0.52,0.52,0.52
711194,昇佳電統一67購01,0,,,,
711195,杰力統一65購01,0,,,,
711196,青雲統一69購02,75050,0.79,0.79,0.79,0.79
711197,茂達統一69購02,0,,,,
711198,神準統一67購01,74700,0.45,0.45,0.45,0.45
711199,堡達統一65購01,1640,0.41,0.41,0.41,0.41
711200,翔名統一6C購01,4600,0.46,0.46,0.46,0.46
711201,順達統一67購01,0,,,,
711202,順達統一67購02,0,,,,
711203,順達統一67購03,3740,0.34,0.34,0.34,0.34
711204,順達統一6C購01,0,,,,
711205,群聯統一65購03,0,,,,
711206,頎邦統一65購02,71690,0.67,0.67,0.67,0.67
711207,頎邦統一67購04,91680,0.68,0.68,0.65,0.65
711208,頎邦統一68購01,60990,0.57,0.57,0.57,0.57
711209,碩禾統一67購01,9000,0.3,0.3,0.3,0.3
711210,精材統一65購03,58020,0.98,1.03,0.98,1.03
711211,精材統一6C購02,1130,1.13,1.13,1.13,1.13
711212,大樹永豐61購01,480,0.48,0.48,0.48,0.48
711213,中美晶永豐61購03,0,,,,
711214,宜鼎永豐67購01,0,,,,
711215,智通*永豐65購01,0,,,,
711216,順達永豐61購02,0,,,,
711217,頎邦永豐65購01,75400,0.9,0.9,0.85,0.85
711218,精材永豐61購03,60220,1.14,1.31,1.14,1.31
711219,精材永豐61購04,388430,1.75,1.98,1.75,1.97
711220,精材永豐64購02,79440,1.51,1.7,1.51,1.66
711221,營邦永豐64購01,21000,1.4,1.4,1.4,1.4
711222,廣積國泰62購01,9240,2.31,2.31,2.31,2.31
711223,營邦國泰62購01,100540,3.21,3.37,3.19,3.37
711224,久元富邦63購02,0,,,,
711225,元太富邦63購01,0,,,,
711226,元太富邦63購02,0,,,,
711227,立敦富邦63購01,14000,0.14,0.14,0.14,0.14
711228,宜特富邦63購01,0,,,,
711229,智通*富邦64購02,0,,,,
711230,順達富邦63購01,2170,0.31,0.31,0.31,0.31
711231,鈊象富邦63購02,16460,0.69,0.69,0.68,0.68
711232,中美晶台新61購04,110050,0.65,0.65,0.56,0.56
711233,宜鼎台新63購01,21600,0.72,0.72,0.72,0.72
711234,宜鼎台新64購01,0,,,,
711235,千附群益61購03,0,,,,
711236,陽程群益63購01,33990,2.75,3.54,2.75,3.54
711237,順達群益61購02,0,,,,
711238,璟德群益61購01,1770,0.59,0.59,0.59,0.59
711239,千附凱基61購01,0,,,,
711240,中美晶凱基61購07,12250,0.49,0.49,0.49,0.49
711241,宜鼎凱基64購01,0,,,,
711242,青雲凱基61購01,0,,,,
711243,威剛凱基61購04,0,,,,
711244,智通*凱基61購02,0,,,,
711245,順達凱基61購04,3100,0.31,0.31,0.31,0.31
711246,新漢凱基61購01,0,,,,
711247,營邦凱基61購02,0,,,,
711248,雙鴻凱基61購06,0,,,,
711249,M31國票61購01,0,,,,
711250,千附國票61購03,0,,,,
711251,中美晶國票65購02,0,,,,
711252,巨有國票61購01,0,,,,
711253,倉和國票66購01,0,,,,
711254,博智國票61購01,0,,,,
711255,晶呈國票65購01,58810,0.88,0.88,0.81,0.81
711256,千附元大61購01,0,,,,
711257,中光電元大61購08,0,,,,
711259,中光電元大63購01,0,,,,
711261,宜鼎元大63購03,497130,0.68,0.7,0.68,0.68
711262,朋程元大61購02,228780,0.49,0.49,0.44,0.44
711263,家登元大61購04,68160,0.82,0.83,0.82,0.83
711264,家登元大61購05,194580,1.09,1.15,1.07,1.15
711265,凱崴元大61購01,2160,1.08,1.08,1.08,1.08
711266,群聯元大61購16,0,,,,
711267,臺慶科元大61購04,88380,0.74,0.76,0.73,0.73
711268,營邦元大61購02,462110,1.99,2.13,1.99,2.13
711269,中美晶國泰62購01,60480,1.08,1.08,1.08,1.08
711270,世界富邦61購03,0,,,,
711271,博智富邦63購01,21300,0.43,0.43,0.42,0.42
711272,富喬富邦61購02,493050,1.17,1.2,1.13,1.13
711273,千附精永豐64購01,0,,,,
711274,大中永豐61購01,47460,0.84,0.85,0.82,0.82
711275,世界永豐61購02,0,,,,
711276,家登永豐61購03,540320,1.03,1.04,1.01,1.01
711277,璟德永豐67購01,162640,0.76,0.76,0.76,0.76
711278,九暘統一67購01,0,,,,
711279,千附統一6C購01,0,,,,
711280,中光電統一65購02,0,,,,
711281,安勤統一67購02,23000,0.46,0.46,0.46,0.46
711282,青雲統一67購01,7020,1.17,1.17,1.17,1.17
711283,倉和統一6C購01,0,,,,
711284,神準統一67購02,67160,0.46,0.46,0.46,0.46
711285,翔名統一67購01,0,,,,
711286,順達統一65購04,0,,,,
711287,M31台新61購01,10250,2.05,2.05,2.05,2.05
711288,M31台新62購01,0,,,,
711289,M31台新64購01,0,,,,
711290,千附精台新61購02,0,,,,
711291,富喬台新61購02,0,,,,
711292,頎邦台新61購06,1127190,1.6,1.6,1.5,1.53
711293,M31凱基61購01,263880,1.48,1.48,1.4,1.4
711294,M31凱基61購02,227140,1.58,1.58,1.51,1.53
711295,M31凱基61購03,1542300,1.68,1.7,1.68,1.69
711296,千附精凱基61購03,0,,,,
711297,中光電凱基61購04,0,,,,
711298,中美晶凱基61購08,637400,0.84,0.84,0.81,0.81
711299,朋程凱基61購02,19380,0.57,0.57,0.57,0.57
711300,博智凱基63購01,49590,1.55,1.66,1.55,1.66
711301,晶呈凱基61購01,37500,1.25,1.25,1.25,1.25
711302,翔名凱基61購02,0,,,,
711303,群聯凱基65購01,10500,1.75,1.75,1.75,1.75
711304,臺慶科凱基64購01,0,,,,
711305,營邦凱基61購03,3300,3.3,3.3,3.3,3.3
711306,千附精元大61購01,0,,,,
711307,中光電元大61購10,0,,,,
711308,宏捷科元大66購01,200330,1.19,1.34,1.15,1.34
711309,宜鼎元大63購04,39780,0.78,0.78,0.78,0.78
711310,原相元大61購03,170050,1.07,1.09,1.06,1.06
711311,順達元大63購01,165860,1.44,1.45,1.44,1.45
711312,群聯元大61購17,0,,,,
711313,臺慶科元大61購05,244630,0.93,0.96,0.92,0.94
711314,世界國泰62購02,29190,1.39,1.39,1.39,1.39
711315,陽程國泰62購02,0,,,,
711316,鑫聯國泰62購01,530,0.53,0.53,0.53,0.53
711317,久禾光國票61購01,0,,,,
711318,千附精國票65購01,0,,,,
711319,中美晶國票61購05,0,,,,
711320,茂達國票61購02,7500,0.75,0.75,0.75,0.75
711321,倉和國票67購01,0,,,,
711322,晶呈國票64購01,0,,,,
711323,頎邦國票64購01,9840,1.64,1.64,1.64,1.64
711324,寬魚國票61購01,0,,,,
711325,M31群益61購01,15500,1.55,1.55,1.55,1.55
711326,千附精群益61購02,0,,,,
711327,杰力群益61購02,0,,,,
711328,博智群益61購02,387330,2.58,2.75,2.55,2.61
711329,陽程群益61購03,64200,4.28,4.28,4.28,4.28
711330,群聯群益63購01,20040,1.33,1.36,1.33,1.34
711331,M31富邦63購01,16800,1.12,1.12,1.12,1.12
711332,九暘統一65購01,446450,0.65,0.67,0.63,0.64
711333,中美晶統一67購02,0,,,,
711334,M31永豐63購01,0,,,,
711335,世紀*永豐63購01,0,,,,
711336,原相永豐61購03,122930,1.1,1.12,1.1,1.11
711337,家登永豐61購04,0,,,,
711338,晶呈永豐61購01,146220,1.05,1.05,0.93,0.93
711339,晶呈永豐64購01,0,,,,
711340,千附精台新61購03,0,,,,
711341,良維台新61購01,272500,1.09,1.09,1.09,1.09
711342,創泓台新61購01,0,,,,
711343,中美晶凱基61購09,27040,0.41,0.41,0.37,0.37
711344,宜鼎凱基61購04,42440,0.73,0.75,0.73,0.73
711345,原相凱基61購03,96350,1.03,1.03,1.01,1.01
711346,智通*凱基61購03,0,,,,
711347,群聯凱基63購02,363500,1.44,1.48,1.44,1.45
711348,頎邦凱基64購02,7200,1.44,1.44,1.44,1.44
711350,中光電元大61購11,0,,,,
711351,中美晶元大61購05,10500,0.7,0.7,0.7,0.7
711352,創泓元大61購01,0,,,,
711353,智通*元大61購04,0,,,,
711355,中美晶群益61購02,0,,,,
711356,世界群益61購04,328000,1.64,1.64,1.64,1.64
711357,加高群益61購01,83000,1.66,1.66,1.66,1.66
711358,巨有群益61購01,30600,7.65,7.65,7.65,7.65
711359,均豪群益66購01,0,,,,
711360,智通*群益61購01,0,,,,
711361,群聯群益61購08,500360,3.44,3.58,3.42,3.51
711362,元太永豐61購05,13550,0.37,0.39,0.37,0.39
711363,加高永豐61購02,10070,0.48,0.48,0.47,0.47
711364,良維永豐61購02,251590,1.31,1.35,1.31,1.35
711365,威剛永豐67購02,0,,,,
711366,敘豐永豐64購01,114800,0.6,0.6,0.58,0.58
711367,凱崴永豐61購01,121080,0.64,0.69,0.61,0.61
711368,博智永豐61購02,132680,0.98,1.06,0.98,1.06
711369,華電網永豐61購01,29100,0.47,0.56,0.47,0.56
711370,閎康永豐61購03,90190,1.19,1.3,1.14,1.3
711371,順達永豐64購03,0,,,,
711372,群聯永豐64購09,0,,,,
711373,群聯永豐67購02,0,,,,
711374,聖暉*永豐64購01,517690,0.84,0.84,0.8,0.8
711375,千附國票65購01,0,,,,
711376,中美晶國票64購01,0,,,,
711377,原相國票61購02,840,0.84,0.84,0.84,0.84
711378,敘豐國票61購01,0,,,,
711379,創泓國票61購02,31460,0.38,0.39,0.38,0.39
711380,創泓國票63購01,2250,0.75,0.75,0.75,0.75
711381,智擎國票65購01,0,,,,
711382,廣穎國票65購01,0,,,,
711384,千附精國泰62購01,0,,,,
711385,世界國泰62購03,69770,1.66,1.68,1.61,1.68
711386,宜鼎國泰62購03,58840,1.26,1.3,1.26,1.3
711387,青雲國泰62購04,6100,2.04,2.04,2.03,2.03
711388,倉和國泰62購01,0,,,,
711389,群聯國泰62購04,76540,1.3,1.33,1.3,1.33
711390,群聯國泰62購05,0,,,,
711391,系統電富邦61購03,186690,0.61,0.66,0.61,0.66
711392,宜鼎富邦61購03,109840,0.37,0.37,0.36,0.36
711393,群聯富邦63購02,8740,0.46,0.46,0.46,0.46
711394,M31統一67購01,9300,0.93,0.93,0.93,0.93
711395,M31統一67購02,21950,0.96,0.96,0.95,0.95
711396,M31統一6C購01,36440,0.83,0.84,0.82,0.82
711397,千附統一67購01,0,,,,
711398,千附精統一67購04,0,,,,
711399,大中統一67購01,0,,,,
711400,中光電統一67購01,0,,,,
711401,中光電統一6C購02,0,,,,
711402,中美晶統一66購04,63500,0.32,0.32,0.31,0.31
711403,世紀*統一67購01,0,,,,
711404,杰力統一67購01,91060,0.58,0.58,0.58,0.58
711405,智通*統一6C購01,0,,,,
711406,閎康統一67購01,53000,0.53,0.53,0.53,0.53
711407,廣穎統一63購01,0,,,,
711408,廣穎統一69購02,0,,,,
711409,千附國票66購01,0,,,,
711410,元太國票61購01,0,,,,
711411,天品國票61購01,452160,1.3,1.34,1.24,1.34
711412,系統電國票64購01,115060,1.4,1.56,1.4,1.56
711413,昇佳電國票66購01,0,,,,
711414,青雲國票61購02,0,,,,
711415,耕興國票65購01,0,,,,
711416,晟田國票62購01,4700,0.94,0.94,0.94,0.94
711417,博士旺國票61購02,0,,,,
711418,華景電國票65購01,0,,,,
711419,碩禾國票64購01,19020,0.34,0.34,0.33,0.33
711420,中美晶台新61購05,0,,,,
711421,中美晶台新63購03,0,,,,
711422,晟田台新61購02,45000,0.45,0.45,0.45,0.45
711424,陽程台新61購02,0,,,,
711425,千附凱基61購02,0,,,,
711426,中光電凱基61購05,0,,,,
711427,中美晶凱基61購10,10150,0.29,0.29,0.29,0.29
711428,世界凱基64購02,0,,,,
711429,立敦凱基61購02,0,,,,
711430,均豪凱基66購01,1260,1.26,1.26,1.26,1.26
711431,千附元大61購02,0,,,,
711432,千附元大61購03,0,,,,
711433,中美晶元大61購06,81200,1.4,1.4,1.4,1.4
711434,中美晶元大61購07,0,,,,
711435,中美晶元大61購08,3300,0.33,0.33,0.33,0.33
711436,中美晶元大63購03,3400,0.68,0.68,0.68,0.68
711437,中美晶元大65購04,0,,,,
711438,世界元大63購05,4140,0.69,0.69,0.69,0.69
711439,家登元大63購01,382350,1.85,1.85,1.8,1.8
711440,智通*元大61購06,0,,,,
711441,智通*元大63購02,0,,,,
711442,翔名元大61購03,0,,,,
711443,頎邦元大61購04,750,0.75,0.75,0.75,0.75
711444,漢科元大61購01,543660,0.72,0.73,0.72,0.73
711445,千附永豐61購03,0,,,,
711446,千附永豐61購04,0,,,,
711447,千附永豐61購05,0,,,,
711448,千附永豐64購01,4950,0.45,0.45,0.45,0.45
711449,中美晶永豐61購04,37300,0.94,0.94,0.91,0.91
711450,中美晶永豐64購02,0,,,,
711451,世禾永豐61購01,65520,0.5,0.54,0.5,0.52
711452,巨漢永豐61購02,28800,0.3,0.3,0.3,0.3
711453,均豪永豐64購02,12460,1.78,1.78,1.78,1.78
711454,宏捷科永豐64購01,91120,0.86,0.97,0.83,0.97
711455,創惟永豐61購01,37500,0.75,0.75,0.75,0.75
711456,智通*永豐61購02,0,,,,
711457,湧德永豐61購01,19040,0.56,0.56,0.56,0.56
711458,陽程永豐61購02,0,,,,
711459,中光電國泰62購02,0,,,,
711460,中光電國泰62購03,13200,0.33,0.33,0.33,0.33
711461,中美晶國泰63購02,46500,0.97,0.97,0.91,0.91
711462,世禾國泰62購01,402900,0.7,0.73,0.68,0.68
711463,翔名國泰62購01,0,,,,
711464,廣穎國泰62購01,34200,0.76,0.76,0.76,0.76
711465,千附統一67購02,0,,,,
711466,千附統一6C購02,0,,,,
711467,千附精統一67購05,0,,,,
711468,中美晶統一65購03,28000,0.28,0.28,0.28,0.28
711469,中美晶統一67購03,0,,,,
711470,中美晶統一6C購02,93840,0.43,0.43,0.41,0.41
711471,世界統一6C購01,0,,,,
711472,加高統一67購01,13000,0.65,0.65,0.65,0.65
711473,系微統一6C購01,103180,0.67,0.67,0.67,0.67
711474,家登統一6C購02,14760,0.82,0.82,0.82,0.82
711475,博智統一6C購02,2800,0.7,0.7,0.7,0.7
711476,廣穎統一6C購01,0,,,,
711477,雙鴻統一6C購01,1080,1.08,1.08,1.08,1.08
711478,中光電富邦62購03,0,,,,
711479,中美晶富邦61購04,11900,0.17,0.17,0.17,0.17
711480,台特化富邦61購01,28810,0.5,0.5,0.46,0.46
711481,宜鼎富邦61購04,99050,0.35,0.35,0.35,0.35
711482,宜鼎群益61購04,98650,1.21,1.22,1.21,1.21
711483,茂達群益61購03,0,,,,
711484,世界台新61購02,191250,0.85,0.88,0.8,0.81
711485,台嘉碩台新61購03,252130,1.67,1.69,1.54,1.54
711486,巨漢台新61購03,153200,1.31,1.39,1.31,1.39
711487,良維台新61購02,46980,1.27,1.27,1.26,1.26
711488,亞電台新61購01,414140,1.39,1.39,1.33,1.38
711489,長科*台新61購01,947290,1.15,1.23,1.06,1.12
711490,千附精群益61購03,0,,,,
711491,亞電群益61購01,0,,,,
711492,亞電群益61購02,26020,1.46,1.5,1.43,1.43
711493,亞電群益61購03,316960,2.2,2.28,2.2,2.28
711494,陽程群益63購02,0,,,,
711495,世界凱基61購02,93050,1.37,1.39,1.34,1.34
711496,巨漢凱基61購01,0,,,,
711497,系統電凱基61購02,210040,1.85,2.01,1.85,1.99
711498,宜鼎凱基61購05,12800,1.6,1.6,1.6,1.6
711499,昇佳電凱基61購02,0,,,,
711500,長科*凱基61購01,117760,1.53,1.53,1.48,1.52
711501,威剛凱基61購05,152150,1.45,1.45,1.43,1.43
711502,家登凱基63購01,0,,,,
711503,富喬凱基61購06,100000,5.0,5.0,5.0,5.0
711504,智通*凱基61購04,0,,,,
711505,順達凱基61購05,126630,1.47,1.5,1.41,1.41
711506,群聯凱基61購11,943640,2.5,2.64,2.5,2.61
711507,頎邦凱基61購04,0,,,,
711509,千附精元大61購02,0,,,,
711511,亞電元大61購01,143850,2.0,2.05,1.98,1.98
711512,群聯元大61購18,84310,1.15,1.25,1.15,1.24
711513,千附精統一65購01,0,,,,
711514,世界統一66購01,0,,,,
711515,亞電統一69購01,175540,0.87,0.88,0.84,0.84
711516,宜鼎統一64購05,655120,0.54,0.55,0.54,0.54
711517,倉和統一65購01,19500,3.25,3.25,3.25,3.25
711518,方土昶永豐61購01,0,,,,
711519,亞電永豐64購01,10320,2.07,2.07,2.06,2.06
711520,昇佳電永豐63購01,0,,,,
711521,長科*永豐64購01,31250,0.93,0.93,0.87,0.87
711522,陽程永豐61購03,0,,,,
711523,雙鴻永豐64購03,0,,,,
711524,世界國泰62購04,104280,1.06,1.06,1.01,1.01
711525,良維國泰62購01,53170,2.38,2.47,2.38,2.47
711526,亞電國泰62購01,13400,2.68,2.68,2.68,2.68
711527,朋程國泰63購01,0,,,,
711528,漢科國泰62購01,10640,1.33,1.33,1.33,1.33
711529,千附精富邦61購01,0,,,,
711530,立碁富邦61購02,5140,2.57,2.57,2.57,2.57
711531,宜特富邦63購02,34960,0.46,0.46,0.46,0.46
711532,宜鼎富邦61購05,0,,,,
711533,朋程富邦63購04,165440,0.51,0.51,0.48,0.48
711534,欣銓富邦61購02,116270,0.51,0.51,0.5,0.5
711535,長科*富邦62購02,97970,0.63,0.65,0.63,0.65
711536,富喬富邦61購03,59000,1.58,1.58,1.53,1.53
711537,智通*富邦63購01,37860,0.25,0.26,0.25,0.26
711538,陽程富邦61購03,8280,2.07,2.07,2.07,2.07
711539,群聯富邦63購03,291570,1.08,1.1,1.06,1.07
711540,營邦富邦62購03,0,,,,
711541,雙鴻富邦63購02,0,,,,
711542,譜瑞富邦63購02,7650,0.51,0.51,0.51,0.51
711543,M31國票65購01,0,,,,
711544,台特化國票65購01,0,,,,
711545,禾瑞亞國票61購01,0,,,,
711546,亞電國票61購01,0,,,,
711547,長科*國票65購01,23760,1.32,1.32,1.32,1.32
711548,榮田國票61購01,209070,1.02,1.05,1.02,1.05
711549,巨漢群益61購02,0,,,,
711550,群聯群益61購09,333830,3.64,3.95,3.64,3.95
711551,千附精國票64購01,35840,1.06,1.06,1.04,1.04
711552,立碁國票65購01,144350,6.7,7.35,6.7,7.35
711553,亞電國票63購01,58820,2.25,2.27,2.25,2.27
711554,亞電國票64購01,50250,2.13,2.13,2.05,2.06
711555,宜鼎國票66購01,96000,0.96,0.96,0.96,0.96
711556,朋程國票61購01,0,,,,
711557,長科*國票64購01,37860,1.15,1.15,1.14,1.15
711558,頎邦國票66購01,1832740,1.87,1.87,1.77,1.78
711559,漢科國票61購01,0,,,,
711560,臺慶科國票66購01,14200,1.42,1.42,1.42,1.42
711561,磐儀國票65購01,0,,,,
711562,亞電台新61購02,30660,1.46,1.46,1.46,1.46
711563,亞電台新61購03,4600,1.51,1.57,1.51,1.57
711564,青雲台新61購01,45500,0.91,0.91,0.91,0.91
711565,博士旺台新61購01,0,,,,
711566,千附精凱基61購04,19600,0.98,0.98,0.98,0.98
711567,世界凱基61購03,0,,,,
711568,亞電凱基61購01,49390,2.33,2.42,2.33,2.38
711569,泓格凱基61購01,0,,,,
711570,陽程凱基63購03,0,,,,
711571,群聯凱基66購02,89950,2.57,2.57,2.57,2.57
711572,泓格永豐61購01,0,,,,
711573,群聯永豐67購03,1026510,1.46,1.51,1.46,1.46
711574,中光電元大61購12,0,,,,
711575,元太元大66購04,141570,0.84,0.9,0.84,0.9
711576,均豪元大61購03,71380,3.43,3.43,3.3,3.43
711577,青雲元大61購02,23530,2.14,2.14,2.13,2.13
711578,晟田元大61購03,0,,,,
711579,博智元大61購01,330700,1.86,2.06,1.86,2.02
711580,群聯元大61購19,1131780,1.72,1.73,1.69,1.69
711581,群聯元大63購05,898700,1.11,1.2,1.11,1.2
711582,聖暉*元大61購03,361120,0.37,0.38,0.35,0.36
711586,千附精國泰62購02,10080,1.44,1.44,1.44,1.44
711587,元太國泰62購01,73600,0.46,0.46,0.46,0.46
711588,泓格國泰62購01,0,,,,
711589,能率亞國泰62購01,176010,1.67,1.68,1.57,1.57
711590,晟田國泰62購01,0,,,,
711591,群聯國泰62購06,441920,2.19,2.3,2.19,2.23
711592,雙鴻國泰62購01,0,,,,
711593,禾瑞亞統一67購01,0,,,,
711594,長科*統一6C購01,51560,0.7,0.7,0.67,0.68
711595,群聯統一66購02,823350,0.55,0.55,0.55,0.55
711596,M31富邦63購02,0,,,,
711597,久元富邦62購02,21930,0.51,0.51,0.51,0.51
711598,立敦富邦63購02,0,,,,
711599,宏捷科富邦63購01,1060660,0.75,0.86,0.69,0.83
711600,威剛富邦61購01,29760,0.62,0.62,0.62,0.62
711601,茂達富邦63購03,733970,0.57,0.58,0.55,0.55
711602,頎邦富邦62購01,16300,1.08,1.09,1.08,1.09
711603,頎邦富邦63購02,10810,1.07,1.07,0.97,0.97
711604,中光電凱基61購06,0,,,,
711605,世禾凱基61購01,28000,0.56,0.56,0.56,0.56
711606,由田凱基61購01,96160,3.57,3.57,3.28,3.57
711607,宜鼎凱基65購01,431300,1.54,1.56,1.51,1.51
711608,長科*凱基64購01,21160,1.61,1.64,1.61,1.63
711609,青雲凱基61購02,0,,,,
711610,家登凱基61購03,0,,,,
711611,博智凱基63購02,501840,2.18,2.29,2.18,2.29
711612,雙鴻凱基61購08,0,,,,
711613,世界台新61購03,3680,1.84,1.84,1.84,1.84
711614,台嘉碩台新61購04,23880,2.07,2.2,1.88,1.9
711615,巨漢台新61購04,514630,0.89,0.91,0.89,0.91
711616,家登台新61購02,15120,2.16,2.16,2.16,2.16
711617,M31元大61購02,0,,,,
711618,千附精元大61購03,0,,,,
711619,元太元大66購05,190610,0.77,0.8,0.77,0.8
711620,世禾元大61購01,476740,0.69,0.69,0.63,0.64
711621,世界元大61購02,179000,1.79,1.79,1.79,1.79
711622,世界元大63購06,166530,0.91,0.91,0.87,0.89
711623,艾訊元大61購01,0,,,,
711624,欣銓元大67購02,102930,1.9,1.9,1.81,1.84
711625,原相元大61購04,341790,0.72,0.73,0.71,0.72
711626,家登元大61購06,320280,1.58,1.6,1.56,1.6
711627,家登元大65購01,144220,1.63,1.66,1.63,1.66
711629,臺慶科元大61購06,177550,1.21,1.25,1.17,1.17
711630,世界群益61購05,642000,5.45,5.6,5.2,5.25
711631,由田群益61購01,4147240,3.69,4.0,3.33,3.67
711632,泓格群益61購01,0,,,,
711633,群聯群益65購01,664260,4.34,4.6,4.34,4.5
711634,頎邦群益61購03,28100,2.81,2.81,2.81,2.81
711635,世界國票61購05,0,,,,
711636,由田國票61購01,489590,3.2,3.56,3.17,3.39
711637,安勤國票65購01,1740,0.58,0.58,0.58,0.58
711638,泓格國票61購01,0,,,,
711639,威剛國票64購01,0,,,,
711640,茂訊國票65購02,15500,0.5,0.5,0.5,0.5
711641,茂綸國票65購01,21400,1.26,1.29,1.25,1.29
711642,神準國票65購01,41870,0.53,0.53,0.53,0.53
711643,創惟國票65購01,0,,,,
711644,鈊象國票63購01,517200,1.39,1.39,1.35,1.35
711645,精確國票65購01,932940,0.96,0.96,0.9,0.91
711646,銳澤國票65購01,12380,0.72,0.73,0.72,0.73
711647,家登富邦63購02,1100,1.1,1.1,1.1,1.1
711648,創惟富邦61購01,0,,,,
711649,巨漢國泰62購01,29920,0.68,0.68,0.68,0.68
711650,威剛國泰62購02,0,,,,
711651,家登國泰62購02,8700,1.74,1.74,1.74,1.74
711652,順達國泰62購01,0,,,,
711653,勤凱國泰62購01,29740,2.5,2.5,2.46,2.46
711654,由田統一67購01,1699330,1.06,1.09,1.0,1.09
711655,由田統一6C購01,1397490,1.02,1.06,0.98,1.05
711656,立碁統一67購02,35450,1.4,1.46,1.38,1.46
711657,立碁統一69購01,915580,1.47,1.5,1.42,1.5
711658,聖暉*統一69購01,9920,0.32,0.32,0.32,0.32
711659,群聯中信61購03,0,,,,
711660,力領永豐61購01,0,,,,
711661,天品永豐64購01,1386530,1.43,1.43,1.37,1.43
711662,世紀*永豐61購02,10800,5.4,5.4,5.4,5.4
711663,巨有永豐64購01,0,,,,
711664,禾瑞亞永豐61購01,0,,,,
711665,禾瑞亞永豐64購01,0,,,,
711666,艾訊永豐61購02,27900,0.45,0.45,0.45,0.45
711667,亞信永豐61購01,21600,0.72,0.72,0.72,0.72
711668,朋程永豐61購01,66080,1.12,1.12,1.12,1.12
711669,昱展永豐64購01,0,,,,
711670,原相永豐61購04,61840,1.28,1.29,1.28,1.29
711671,家登永豐61購05,177230,3.59,3.65,3.53,3.65
711672,振曜永豐64購01,0,,,,
711673,博士旺永豐67購01,0,,,,
711674,博智永豐61購03,62100,2.06,2.09,2.06,2.09
711675,順達永豐61購03,30100,1.1,1.1,1.06,1.08
711676,順達永豐67購02,47170,2.14,2.23,2.14,2.23
711677,聖暉*永豐61購02,0,,,,
711678,中光電台新61購06,0,,,,
711679,系微台新61購01,188350,1.07,1.07,0.96,0.96
711680,高技台新61購01,287590,1.26,1.31,1.25,1.28
711681,高技台新61購02,59530,1.21,1.22,1.21,1.22
711682,博智台新61購01,479630,1.15,1.21,1.14,1.15
711683,群聯台新61購05,27500,0.89,0.94,0.89,0.94
711684,群聯台新61購06,0,,,,
711685,雙鴻台新61購01,0,,,,
711686,雙鴻台新61購02,0,,,,
711687,世界凱基61購04,10260,0.88,0.88,0.83,0.83
711688,安勤凱基63購01,0,,,,
711689,宜鼎凱基65購02,11990,1.09,1.09,1.09,1.09
711690,翔名凱基61購03,0,,,,
711691,鈊象凱基61購04,0,,,,
711692,中光電元大64購01,5860,0.66,0.66,0.64,0.65
711693,世界元大61購03,54460,1.48,1.48,1.47,1.47
711694,世界元大61購04,249050,0.72,0.73,0.69,0.69
711695,世界元大63購07,0,,,,
711696,欣銓元大67購03,4640,1.16,1.16,1.16,1.16
711698,家登元大61購07,525010,1.16,1.19,1.14,1.14
711699,家登元大61購08,6550,1.31,1.31,1.31,1.31
711700,家登元大65購02,4850,0.97,0.97,0.97,0.97
711701,高技元大61購01,429940,1.15,1.21,1.15,1.16
711702,博智元大61購02,411290,1.13,1.23,1.13,1.21
711703,群聯元大64購09,9750,1.95,1.95,1.95,1.95
711704,頎邦元大61購05,640,0.64,0.64,0.64,0.64
711705,巨漢國票61購02,0,,,,
711706,巨漢國票61購03,0,,,,
711707,宏捷科國票64購01,15640,0.68,0.68,0.68,0.68
711708,宜特國票63購01,0,,,,
711709,高技國票65購01,54000,1.08,1.08,1.08,1.08
711710,世界群益61購06,154000,5.5,5.5,5.5,5.5
711711,欣銓群益61購02,277780,1.14,1.14,1.05,1.06
711712,威剛群益63購01,1948980,3.0,3.0,2.89,2.89
711713,高技群益61購01,96110,0.82,0.87,0.82,0.87
711714,鈊象群益61購03,81450,1.48,1.49,1.48,1.49
711715,群聯群益65購02,172180,1.98,2.11,1.98,2.06
711716,頎邦群益61購04,35070,1.46,1.46,1.37,1.37
711717,磐儀群益61購01,0,,,,
711718,營邦群益61購01,2024140,1.94,2.2,1.88,2.18
711719,雙鴻群益61購04,0,,,,
711720,宜鼎中信61購04,75850,0.53,0.55,0.53,0.54
711721,威剛中信61購02,142500,0.46,0.46,0.45,0.46
711722,中光電永豐61購06,0,,,,
711723,元太永豐61購06,42000,0.42,0.42,0.42,0.42
711724,永信建永豐65購01,0,,,,
711725,由田永豐61購01,1053640,1.97,2.17,1.9,2.07
711726,岳豐永豐64購01,1900,0.19,0.19,0.19,0.19
711727,原相永豐61購05,60920,0.7,0.71,0.7,0.71
711728,順達永豐61購04,0,,,,
711729,順達永豐61購05,0,,,,
711730,群翊永豐61購02,534240,1.39,1.49,1.38,1.39
711731,群聯永豐67購04,0,,,,
711732,精華永豐61購01,0,,,,
711733,臺慶科永豐61購01,122750,1.14,1.14,1.13,1.13
711734,倉和國泰63購01,0,,,,
711735,原相國泰62購01,63990,0.94,0.97,0.94,0.97
711736,雙鴻國泰62購02,0,,,,
711737,由田統一65購01,1379280,1.32,1.39,1.2,1.3
711738,宏捷科統一65購01,277540,0.56,0.63,0.55,0.63
711739,長科*統一65購01,140360,0.7,0.72,0.7,0.72
711740,茂訊統一65購01,66700,0.46,0.47,0.46,0.47
711741,高技統一67購01,35280,0.63,0.63,0.63,0.63
711742,高技統一69購01,0,,,,
711743,高技統一6C購01,0,,,,
711744,博智統一65購02,331750,0.64,0.67,0.64,0.65
711745,聖暉*統一65購04,0,,,,
711746,家登台新61購03,0,,,,
711747,敘豐台新61購01,24960,0.64,0.64,0.64,0.64
711748,博士旺台新61購02,0,,,,
711749,群聯台新61購08,201500,6.5,6.5,6.5,6.5
711750,群聯台新63購01,0,,,,
711751,群聯台新64購01,85250,5.65,5.75,5.65,5.75
711752,雙鴻台新61購03,0,,,,
711753,雙鴻台新63購01,33200,16.6,16.6,16.6,16.6
711754,中光電凱基61購07,1500,0.5,0.5,0.5,0.5
711755,艾訊凱基61購01,31920,0.42,0.42,0.42,0.42
711756,威剛凱基61購07,57680,2.06,2.06,2.06,2.06
711757,家登凱基61購04,0,,,,
711758,高技凱基61購01,20160,1.12,1.12,1.12,1.12
711759,博智凱基61購02,37060,1.09,1.09,1.09,1.09
711760,群聯凱基61購12,83140,1.68,1.68,1.65,1.65
711761,磐儀凱基61購01,0,,,,
711763,中光電國票61購03,0,,,,
711764,天正國票68購01,34800,0.78,0.78,0.76,0.77
711765,好德國票61購01,38210,1.02,1.38,1.02,1.38
711766,系微國票65購01,0,,,,
711767,振發國票65購01,36750,0.75,0.75,0.75,0.75
711769,富喬國票63購01,6150,6.15,6.15,6.15,6.15
711770,達航國票65購01,127610,0.81,0.81,0.79,0.79
711771,蜜望實國票61購01,0,,,,
711772,世禾群益61購01,479210,0.94,1.0,0.91,0.92
711773,世禾群益61購02,273830,0.78,0.81,0.73,0.73
711774,東浦群益61購03,0,,,,
711775,家登群益63購03,143640,1.33,1.33,1.33,1.33
711776,神準群益61購01,0,,,,
711777,博士旺群益61購01,0,,,,
711778,臺慶科群益61購02,63120,0.91,0.94,0.9,0.91
711779,蜜望實群益61購01,48500,0.97,0.97,0.97,0.97
711780,磐儀群益61購02,0,,,,
711781,磐儀群益61購03,0,,,,
711782,元太元大65購04,189840,0.56,0.56,0.56,0.56
711783,立碁元大61購01,694960,3.23,3.55,2.98,3.55
711784,艾訊元大61購02,267840,0.54,0.54,0.54,0.54
711785,泓格元大61購02,0,,,,
711786,博智元大61購03,223150,1.11,1.23,1.11,1.23
711787,群聯元大64購10,42200,2.11,2.11,2.11,2.11
711788,頎邦元大64購01,43280,0.88,0.89,0.87,0.87
711789,蜜望實元大61購01,91500,0.57,0.57,0.55,0.56
711790,磐儀元大61購01,0,,,,
711791,營邦元大61購04,661430,1.13,1.17,1.13,1.17
711792,大學光永豐61購01,6150,0.41,0.41,0.41,0.41
711793,立碁永豐61購02,3760,3.76,3.76,3.76,3.76
711794,全宇昕永豐61購02,249960,1.03,1.13,1.0,1.04
711795,伯特光永豐61購01,4150,0.83,0.83,0.83,0.83
711796,宏碁資永豐61購01,80860,0.61,0.62,0.61,0.62
711797,宜鼎永豐61購04,0,,,,
711798,泓格永豐64購01,0,,,,
711799,能率永豐61購01,1440,0.48,0.48,0.48,0.48
711800,高技永豐61購01,180010,0.87,0.91,0.87,0.9
711801,高技永豐61購02,131950,0.77,0.79,0.77,0.79
711802,高技永豐63購01,36400,0.91,0.91,0.91,0.91
711803,高技永豐67購01,179300,0.75,0.77,0.75,0.77
711804,高鋒永豐61購01,0,,,,
711805,凱崴永豐61購02,23490,1.35,1.35,1.26,1.26
711806,富喬永豐61購04,0,,,,
711807,崴寶永豐64購01,146000,1.08,1.09,1.06,1.09
711808,華電網永豐61購02,299930,0.62,0.75,0.62,0.75
711809,聖暉*永豐64購02,40200,0.67,0.67,0.67,0.67
711810,僑威永豐61購01,0,,,,
711811,蜜望實永豐61購02,9180,0.54,0.54,0.54,0.54
711812,蜜望實永豐61購03,39600,0.72,0.72,0.72,0.72
711813,艾訊國泰63購01,524520,1.06,1.1,1.06,1.07
711814,泓格國泰63購01,0,,,,
711815,頎邦國泰63購01,146700,1.63,1.63,1.63,1.63
711816,頎邦國泰63購02,6578680,2.13,2.13,1.97,1.99
711817,巨漢富邦63購01,0,,,,
711818,安勤富邦63購01,95040,0.32,0.32,0.32,0.32
711819,宜鼎富邦67購01,111290,0.67,0.67,0.66,0.66
711820,富喬富邦67購01,1910,1.91,1.91,1.91,1.91
711821,蜜望實富邦63購01,199660,0.51,0.51,0.46,0.46
711822,艾訊統一6C購01,0,,,,
711823,泓格統一6B購01,22000,0.4,0.4,0.4,0.4
711824,茂達統一65購04,0,,,,
711825,振發統一6C購01,61750,0.65,0.65,0.65,0.65
711826,蜜望實統一65購01,0,,,,
711827,蜜望實統一6B購01,0,,,,
711828,蜜望實統一6C購01,0,,,,
711829,泓格群益61購02,0,,,,
711830,泓格群益61購03,0,,,,
711831,元債20國票61購01,0,,,,
711832,天品國票61購02,0,,,,
711833,天品國票63購01,583000,1.64,1.68,1.58,1.68
711834,方土昶國票65購01,2070,0.69,0.69,0.69,0.69
711835,宏碁資國票65購01,37140,0.68,0.71,0.68,0.71
711836,倚強國票61購01,0,,,,
711837,智通*國票61購03,74000,0.74,0.74,0.74,0.74
711838,雙鴻國票66購01,9320,2.33,2.33,2.33,2.33
711839,穩得國票61購01,46640,1.07,1.12,1.07,1.12
711840,中光電中信61購01,0,,,,
711841,大世科永豐61購01,0,,,,
711842,中美晶永豐64購03,18500,1.85,1.85,1.85,1.85
711843,友輝永豐61購01,0,,,,
711844,安勤永豐61購01,0,,,,
711845,岱稜永豐61購01,0,,,,
711846,東洋永豐61購01,0,,,,
711847,統振永豐61購01,0,,,,
711848,智擎永豐61購01,0,,,,
711849,頎邦永豐63購01,0,,,,
711850,銳澤永豐61購01,0,,,,
711852,中美晶元大63購04,591010,0.97,0.99,0.8,0.84
711853,中美晶元大67購01,127850,0.65,0.65,0.62,0.62
711854,安勤元大61購01,0,,,,
711855,艾訊元大61購03,24150,0.69,0.69,0.69,0.69
711856,欣銓元大65購01,119540,1.57,1.57,1.54,1.54
711857,泓格元大67購01,185310,0.71,0.71,0.71,0.71
711858,晟田元大61購04,0,,,,
711859,順達元大63購02,202820,1.44,1.49,1.44,1.47
711860,群聯元大64購11,433780,1.45,1.47,1.45,1.45
711861,廣積元大61購01,0,,,,
711862,雙鴻元大61購17,0,,,,
711863,雙鴻元大61購18,12350,2.47,2.47,2.47,2.47
711864,雙鴻元大63購04,2922140,1.49,1.6,1.45,1.52
711865,中美晶台新65購01,199200,1.19,1.19,1.13,1.13
711866,智通*台新61購01,11960,0.92,0.92,0.92,0.92
711867,群聯台新61購09,21100,2.11,2.11,2.11,2.11
711868,頎邦台新61購07,9930,3.33,3.33,3.27,3.27
711869,蜜望實台新61購01,73440,1.43,1.43,1.33,1.33
711870,廣積台新61購01,151550,1.3,1.35,1.28,1.28
711871,中美晶凱基61購11,96600,1.26,1.27,1.21,1.21
711872,中美晶凱基63購02,327450,1.55,1.55,1.34,1.34
711873,元太凱基66購01,40000,0.8,0.8,0.8,0.8
711874,立碁凱基61購01,696800,2.69,3.2,2.35,3.19
711875,宜鼎凱基61購06,192780,0.81,0.81,0.81,0.81
711876,宜鼎凱基63購01,125120,0.92,0.92,0.92,0.92
711877,富喬凱基61購07,0,,,,
711878,頎邦凱基61購06,0,,,,
711879,蜜望實凱基61購01,0,,,,
711880,營邦凱基61購04,124560,2.34,2.57,2.3,2.53
711881,雙鴻凱基63購04,0,,,,
711882,中光電國泰63購01,0,,,,
711883,立碁國泰63購01,80670,4.94,4.94,4.41,4.49
711884,博智國泰63購01,0,,,,
711885,富喬國泰63購01,120570,4.63,4.82,4.63,4.82
711886,富喬國泰63購02,0,,,,
711887,智通*國泰63購01,52000,1.04,1.04,1.04,1.04
711888,廣積國泰63購01,0,,,,
711889,中美晶富邦63購02,108890,1.07,1.07,1.01,1.01
711890,中美晶富邦67購01,8500,0.85,0.85,0.85,0.85
711891,中美晶富邦77購01,57900,1.13,1.15,1.05,1.05
711892,世界富邦61購04,308620,0.67,0.68,0.64,0.65
711893,世界富邦67購01,339250,0.8,0.8,0.77,0.77
711894,高技富邦63購01,350570,0.68,0.71,0.68,0.7
711895,昱展統一67購01,0,,,,
711896,高技統一67購02,0,,,,
711897,蜜望實統一67購01,42600,0.6,0.6,0.6,0.6
711898,磐儀統一67購01,0,,,,
711899,中美晶群益61購03,201380,1.87,1.87,1.63,1.63
711900,元太群益61購01,274390,0.75,0.82,0.75,0.8
711901,高技群益61購02,320600,1.51,1.59,1.51,1.58
711902,廣積群益61購01,0,,,,
711903,廣積群益63購01,0,,,,
711904,雙鴻群益61購05,0,,,,
711905,中光電凱基61購08,0,,,,
711906,中美晶凱基61購12,42450,1.88,1.88,1.71,1.71
711907,立碁凱基61購02,836370,2.71,3.15,2.4,3.15
711908,艾訊凱基61購02,115860,0.55,0.59,0.55,0.59
711909,欣銓凱基65購01,1500,1.5,1.5,1.5,1.5
711910,泓格凱基61購02,0,,,,
711911,威剛凱基63購01,0,,,,
711912,振發凱基61購01,34800,1.74,1.74,1.74,1.74
711913,智通*凱基61購05,0,,,,
711914,順達凱基63購02,37720,1.64,1.64,1.64,1.64
711915,群聯凱基61購13,0,,,,
711916,M31台新67購01,61470,2.68,2.71,2.64,2.65
711917,世界台新61購04,0,,,,
711918,群聯台新67購05,0,,,,
711919,群聯台新67購06,0,,,,
711920,M31元大61購03,0,,,,
711921,中美晶元大61購10,34560,1.37,1.37,1.29,1.29
711922,中美晶元大67購02,322480,0.72,0.72,0.68,0.68
711923,立碁元大61購02,1695740,2.6,2.83,2.31,2.83
711924,宜鼎元大61購11,0,,,,
711925,泓格元大61購03,0,,,,
711926,威剛元大61購07,17400,1.74,1.74,1.74,1.74
711927,鈊象元大61購02,0,,,,
711928,群聯元大61購21,469340,1.42,1.44,1.42,1.44
711929,群聯元大63購06,288080,1.32,1.34,1.32,1.34
711930,中美晶永豐64購04,171580,1.98,1.98,1.79,1.79
711931,世界永豐64購01,51840,1.92,1.92,1.92,1.92
711932,宜鼎永豐61購05,161550,0.82,0.85,0.81,0.81
711933,宜鼎永豐63購03,0,,,,
711934,鈊象永豐61購02,0,,,,
711935,廣積永豐61購02,0,,,,
711936,加高國票65購01,78170,1.01,1.01,0.89,0.89
711937,立碁國票64購01,114900,2.2,2.41,2.02,2.41
711938,泓格國票61購02,0,,,,
711939,茂迪國票64購01,0,,,,
711940,陽程國票61購03,58000,5.8,5.8,5.8,5.8
711941,頎邦國票63購01,8840,2.21,2.21,2.21,2.21
711942,廣積國票67購01,0,,,,
711943,磐儀國票66購01,0,,,,
711944,晟田國泰63購01,49200,0.82,0.82,0.82,0.82
711945,立碁富邦61購03,1859890,1.5,1.7,1.3,1.7
711946,威剛富邦64購02,61540,0.45,0.46,0.45,0.46
711947,頎邦統一6A購01,676190,1.19,1.2,1.14,1.17
711948,中光電群益62購01,0,,,,
711949,正德國票62購01,0,,,,
711950,威剛國票62購03,0,,,,
711951,美達國票62購01,0,,,,
711952,森鉅國票67購01,0,,,,
711953,群聯國票62購02,0,,,,
711954,世界中信62購01,253120,0.61,0.61,0.57,0.57
711955,宜鼎永豐63購04,72500,1.5,1.55,1.5,1.55
711956,富喬永豐62購01,0,,,,
711957,富喬永豐63購01,1052500,4.21,4.21,4.21,4.21
711958,台嘉碩國泰63購01,159000,2.57,2.72,2.54,2.54
711959,宜鼎國泰63購01,0,,,,
711960,群聯國泰65購01,20490,2.55,2.57,2.55,2.57
711961,群聯富邦63購04,0,,,,
711962,群聯富邦63購05,0,,,,
711963,群聯富邦63購06,0,,,,
711964,頎邦富邦63購03,0,,,,
711965,雙鴻富邦63購03,0,,,,
711966,雙鴻富邦63購04,0,,,,
711967,M31台新62購02,0,,,,
711968,頎邦台新62購01,0,,,,
711969,元太凱基65購01,121800,0.87,0.87,0.87,0.87
711970,宜鼎凱基62購01,0,,,,
711971,威剛凱基63購02,0,,,,
711972,高技凱基62購01,457460,2.15,2.24,2.15,2.21
711973,富喬凱基62購02,0,,,,
711974,群聯凱基62購01,0,,,,
711975,頎邦凱基63購02,4220,4.22,4.22,4.22,4.22
711976,廣積凱基62購01,26100,0.87,0.87,0.87,0.87
711977,磐儀凱基62購01,0,,,,
711978,雙鴻凱基62購01,0,,,,
711979,M31元大62購01,0,,,,
711980,M31元大65購01,403800,1.4,1.42,1.36,1.36
711981,巨漢元大62購01,26970,1.28,1.29,1.28,1.29
711982,良維元大62購01,67480,1.88,2.0,1.88,2.0
711983,威剛元大62購03,119130,1.92,1.92,1.87,1.87
711984,博智元大62購01,151250,2.47,2.64,2.47,2.58
711985,富喬元大67購01,0,,,,
711986,鈊象元大62購05,0,,,,
711987,鈊象元大62購06,0,,,,
711988,群聯元大62購04,196220,2.01,2.09,2.01,2.06
711989,中光電永豐63購01,0,,,,
711990,家登永豐63購01,0,,,,
711991,富喬永豐65購02,0,,,,
711992,富喬永豐68購02,0,,,,
711993,群聯永豐64購10,0,,,,
711994,新應材群益62購01,98470,1.43,1.43,1.41,1.41
711995,中美晶台新62購01,1162250,1.7,1.7,1.51,1.51
711996,宜鼎台新62購02,36800,1.48,1.48,1.46,1.46
711997,欣銓台新62購01,39540,3.37,3.37,3.28,3.28
711998,威剛台新62購02,15360,1.28,1.28,1.28,1.28
711999,倉和台新68購01,0,,,,
712000,臺慶科台新62購01,326550,2.0,2.06,1.9,1.9
712001,中光電凱基63購01,0,,,,
712002,中美晶凱基63購04,0,,,,
712003,巨漢凱基63購01,1282910,1.53,1.56,1.53,1.55
712004,良維凱基63購01,0,,,,
712005,博智凱基63購03,37020,2.27,2.38,2.27,2.38
712006,順達凱基63購03,0,,,,
712007,鈊象凱基64購03,11120,2.78,2.78,2.78,2.78
712008,群聯凱基63購04,0,,,,
712009,群聯凱基64購05,0,,,,
712010,元太國票64購01,0,,,,
712011,世紀*國票66購01,19580,4.91,4.91,4.89,4.89
712012,光焱國票66購01,7000,0.7,0.7,0.7,0.7
712013,光焱國票68購01,22600,1.13,1.13,1.13,1.13
712014,沛亨國票66購01,246020,2.43,2.43,2.36,2.36
712015,宜鼎國票68購01,0,,,,
712016,順達國票65購02,64750,1.75,1.75,1.75,1.75
712017,臺慶科國票64購01,151850,1.39,1.41,1.34,1.34
712018,譜瑞國票66購01,0,,,,
712019,中美晶元大64購03,0,,,,
712020,均華元大64購01,808410,2.53,2.71,2.53,2.7
712021,均豪元大64購03,15070,1.37,1.37,1.37,1.37
712022,系統電元大64購01,164630,3.02,3.44,3.02,3.44
712023,良維元大63購02,0,,,,
712024,良維元大64購01,0,,,,
712025,宜鼎元大64購01,559450,1.17,1.17,1.13,1.13
712026,陽程元大64購01,0,,,,
712027,鈊象元大63購06,0,,,,
712028,鈊象元大63購07,0,,,,
712029,鈊象元大64購03,830,0.83,0.83,0.83,0.83
712030,新應材元大63購01,146640,2.09,2.18,2.08,2.18
712031,新應材元大63購02,28000,1.96,2.04,1.96,2.04
712032,新應材元大63購03,0,,,,
712033,新應材元大64購01,170950,2.06,2.13,2.06,2.13
712034,群聯元大63購07,175240,2.01,2.14,2.01,2.06
712035,群聯元大63購08,58040,2.38,2.58,2.38,2.58
712036,群聯元大64購12,117650,1.45,1.49,1.45,1.49
712037,威剛國泰63購01,62100,1.65,1.65,1.61,1.61
712038,聖暉*國泰63購01,137100,1.14,1.14,1.08,1.1
712039,M31富邦65購01,6480,1.08,1.08,1.08,1.08
712040,群聯富邦64購02,0,,,,
712041,台特化國票67購01,0,,,,
712042,艾訊國票67購01,0,,,,
712043,宏捷科國票69購01,39800,1.04,1.06,1.04,1.06
712044,高技國票65購02,109330,1.64,1.64,1.6,1.63
712045,博磊國票66購01,36650,1.05,1.1,1.05,1.1
712046,竑騰群益62購01,110000,2.63,2.84,2.63,2.84
712047,順達群益62購01,27800,2.78,2.78,2.78,2.78
712048,新應材群益62購02,648620,1.36,1.44,1.35,1.44
712049,聖暉*群益62購01,0,,,,
712050,營邦群益62購01,0,,,,
712051,營邦群益62購02,0,,,,
712052,中光電元大64購02,0,,,,
712053,宜鼎元大63購05,491110,1.33,1.33,1.31,1.31
712054,宜鼎元大64購02,433480,1.12,1.12,1.09,1.09
712055,威剛元大63購01,37070,1.6,1.63,1.6,1.62
712056,威剛元大64購02,41470,1.43,1.43,1.43,1.43
712057,倉和元大63購01,0,,,,
712058,高技元大63購01,253780,2.43,2.51,2.43,2.51
712059,富喬元大63購02,0,,,,
712060,智通*元大63購03,91020,2.46,2.46,2.46,2.46
712061,智通*元大64購01,132220,1.79,1.79,1.78,1.78
712062,群聯元大63購09,220850,1.88,2.03,1.88,1.93
712063,蜜望實元大63購01,263690,0.83,0.83,0.79,0.79
712064,廣穎元大63購01,0,,,,
712065,雙鴻元大63購05,0,,,,
712066,雙鴻元大63購06,0,,,,
712067,雙鴻元大64購03,22400,2.24,2.24,2.24,2.24
712068,均華國泰63購01,0,,,,
712069,家登國泰63購01,0,,,,
712070,順達國泰63購01,0,,,,
712071,順達國泰63購02,0,,,,
712072,鈊象國泰63購01,1810,1.81,1.81,1.81,1.81
712073,新應材國泰63購01,135780,2.56,2.68,2.54,2.68
712074,營邦國泰63購01,0,,,,
712075,新應材中信62購01,769740,0.9,0.98,0.9,0.95
712076,竑騰永豐63購01,46670,1.89,1.98,1.89,1.94
712077,博磊永豐63購01,282410,1.56,1.6,1.54,1.6
712078,順達永豐63購01,25300,2.53,2.53,2.53,2.53
712079,新應材永豐68購01,0,,,,
712080,新應材永豐68購02,151480,0.92,0.92,0.91,0.92
712081,新應材永豐68購03,0,,,,
712082,群聯永豐64購11,218000,2.18,2.18,2.18,2.18
712083,均華凱基64購01,549920,2.95,3.41,2.95,3.41
712084,沛亨凱基63購01,121850,3.45,3.45,3.3,3.4
712085,宜鼎凱基68購01,562880,2.04,2.08,2.04,2.08
712086,新應材凱基63購01,47480,1.67,1.76,1.67,1.76
712087,新應材凱基63購02,78840,2.19,2.19,2.19,2.19
712088,新應材凱基63購03,51320,2.44,2.62,2.44,2.62
712089,新應材凱基64購01,118420,2.17,2.28,2.14,2.28
712090,群聯凱基63購05,38500,3.85,3.85,3.85,3.85
712091,臺慶科凱基63購02,139770,2.65,2.68,2.54,2.56
712092,雙鴻凱基63購05,0,,,,
712093,譜瑞凱基63購01,0,,,,
712094,世界台新65購01,6010,3.05,3.05,2.96,2.96
712095,巨漢台新62購01,304220,2.05,2.11,2.04,2.09
712096,均華台新62購01,0,,,,
712097,均華台新62購02,0,,,,
712098,宜鼎台新62購03,0,,,,
712099,竑騰台新62購01,0,,,,
712100,家登台新62購02,0,,,,
712101,國眾台新65購01,0,,,,
712102,博磊台新62購01,3400,1.7,1.7,1.7,1.7
712103,群聯台新68購01,0,,,,
712104,聚和台新62購01,236850,1.64,1.66,1.62,1.66
712105,營邦台新62購01,0,,,,
712106,營邦台新62購02,0,,,,
712107,營邦台新65購01,0,,,,
712108,均華富邦63購01,15900,1.59,1.59,1.59,1.59
712109,宜鼎富邦62購01,142420,0.86,0.88,0.86,0.86
712110,家登富邦64購01,0,,,,
712111,家登富邦64購02,0,,,,
712112,順達富邦63購02,182320,1.23,1.27,1.22,1.23
712113,新應材富邦63購03,401130,0.96,1.03,0.96,1.01
712114,新應材富邦64購01,402020,0.89,0.92,0.87,0.92
712115,營邦富邦64購01,0,,,,
712116,新應材統一71購01,264280,0.86,0.89,0.86,0.89
712117,新應材統一71購02,246840,0.85,0.87,0.85,0.87
712118,群聯統一6A購01,38800,1.06,1.1,1.06,1.09
712119,世禾國票66購01,67210,1.07,1.08,1.04,1.04
712120,系統電國票67購01,31720,1.31,1.38,1.31,1.38
712121,系微國票65購02,0,,,,
712122,松上國票65購01,0,,,,
712123,前鼎國票65購01,0,,,,
712124,能率國票65購01,16050,1.0,1.02,0.98,0.98
712125,華景電國票65購02,13970,1.27,1.27,1.27,1.27
712126,順達國票67購01,44260,1.99,2.08,1.99,2.08
712127,廣穎國票65購02,0,,,,
712128,中美晶台新65購02,115280,2.04,2.04,1.79,1.79
712129,宜鼎台新62購04,0,,,,
712130,新應材台新62購01,51530,1.54,1.62,1.54,1.62
712131,新應材台新62購02,1761950,2.51,2.72,2.48,2.63
712132,中光電元大64購03,0,,,,
712133,中美晶元大64購04,528890,2.17,2.17,1.99,1.99
712134,台特化元大64購01,276240,1.7,1.7,1.66,1.66
712135,富喬元大64購05,0,,,,
712136,廣積元大63購04,0,,,,
712137,營邦元大64購01,0,,,,
712138,中美晶中信62購01,715500,1.17,1.17,1.02,1.02
712139,富喬中信64購01,25800,2.58,2.58,2.58,2.58
712140,中光電永豐63購02,528400,1.29,1.29,1.24,1.24
712141,系統電永豐64購02,359640,1.83,2.05,1.83,2.05
712142,宜鼎永豐63購05,84420,1.26,1.26,1.26,1.26
712143,宜鼎永豐64購03,13230,1.47,1.47,1.47,1.47
712144,宜鼎永豐65購02,0,,,,
712145,倉和永豐63購01,0,,,,
712146,耕興永豐63購01,0,,,,
712147,晟德永豐63購01,2220,0.74,0.74,0.74,0.74
712148,頎邦永豐63購02,49780,2.78,2.78,2.7,2.7
712149,雙鴻永豐63購04,0,,,,
712150,雙鴻永豐64購04,0,,,,
712151,M31群益62購01,873610,1.18,1.23,1.14,1.14
712152,世界群益62購03,875800,2.76,2.76,2.61,2.63
712153,均華群益68購01,1076420,3.38,3.69,3.38,3.69
712154,宜特群益62購01,41440,1.48,1.48,1.48,1.48
712155,家登群益62購01,0,,,,
712156,博智群益63購02,0,,,,
712157,群聯群益64購02,132650,3.78,3.85,3.78,3.85
712158,頎邦群益62購01,0,,,,
712159,雙鴻群益64購01,37900,7.6,7.6,7.55,7.55
712160,中美晶凱基63購05,1812910,3.26,3.26,2.98,2.98
712161,宏捷科凱基67購01,172870,1.42,1.45,1.33,1.45
712162,系統電凱基64購01,1080650,2.83,3.22,2.83,2.99
712163,宜鼎凱基63購02,0,,,,
712164,威剛凱基64購02,0,,,,
712165,倉和凱基63購01,0,,,,
712166,智通*凱基63購01,0,,,,
712167,群聯凱基63購06,0,,,,
712168,蜜望實凱基63購01,0,,,,
712169,營邦凱基63購01,58940,3.81,3.96,3.81,3.95
712170,雙鴻凱基63購06,0,,,,
712171,巨漢富邦63購02,180380,0.6,0.64,0.59,0.64
712172,博智富邦63購02,595030,0.85,0.95,0.85,0.92
712173,頎邦富邦64購02,0,,,,
712174,中美晶國泰63購03,0,,,,
712175,巨漢國泰63購01,1365230,2.32,2.33,2.28,2.32
712176,頎邦國泰63購03,0,,,,
712177,雙鴻國泰63購02,0,,,,
712178,元太統一6A購01,0,,,,
712179,富喬統一6A購01,9450,1.89,1.89,1.89,1.89
712180,中光電元大64購04,0,,,,
712181,弘塑元大63購03,671810,0.89,0.98,0.89,0.97
712182,弘塑元大64購02,692980,1.02,1.11,1.01,1.09
712183,艾訊元大63購01,0,,,,
712184,威剛元大63購04,0,,,,
712185,威剛元大64購03,0,,,,
712186,博智元大64購01,532130,0.73,0.77,0.73,0.76
712187,萬潤元大63購01,2900670,1.35,1.65,1.3,1.55
712188,中光電台新65購01,0,,,,
712189,中美晶台新65購03,156330,1.74,1.74,1.59,1.59
712190,均華台新62購03,65550,2.39,2.57,2.39,2.57
712191,欣銓台新62購02,0,,,,
712192,威剛台新65購01,17920,0.95,0.95,0.93,0.93
712193,威剛台新68購01,14760,1.23,1.23,1.23,1.23
712194,家登台新62購03,0,,,,
712195,家登台新65購01,0,,,,
712196,萬潤台新62購01,3500,1.75,1.75,1.75,1.75
712197,萬潤台新62購02,5786540,2.41,2.88,2.3,2.88
712198,萬潤台新62購03,8298480,3.0,3.5,2.85,3.5
712199,萬潤台新65購01,2765880,2.3,2.62,2.23,2.62
712200,萬潤台新68購01,2998240,2.59,2.91,2.54,2.91
712201,世禾凱基66購01,205720,0.93,1.0,0.91,0.91
712202,世界凱基63購04,16110,1.27,1.27,1.23,1.23
712203,台特化凱基63購02,55030,2.55,2.55,2.43,2.43
712204,宜特凱基63購01,0,,,,
712205,高技凱基63購01,124050,0.99,1.04,0.99,1.04
712206,博智凱基63購04,45000,1.5,1.5,1.5,1.5
712207,智通*凱基63購02,0,,,,
712208,新應材凱基63購05,7800,0.78,0.78,0.78,0.78
712209,廣積凱基63購01,29000,1.45,1.45,1.45,1.45
712210,廣穎凱基63購01,33280,0.64,0.64,0.64,0.64
712211,富喬中信64購02,539710,2.17,2.21,2.14,2.15
712212,中美晶永豐64購05,160120,1.72,1.72,1.46,1.46
712213,天正永豐65購01,0,,,,
712214,朋億*永豐63購01,117790,1.04,1.07,1.04,1.07
712215,金山電永豐65購01,84380,0.85,0.85,0.8,0.8
712216,家登永豐63購02,0,,,,
712217,港建*永豐64購01,0,,,,
712218,萬潤永豐65購01,3430000,1.35,1.68,1.33,1.68
712219,萬潤永豐66購01,26070,1.45,1.45,1.42,1.42
712220,萬潤永豐68購01,2539800,1.93,2.1,1.91,2.08
712221,德昌永豐65購01,0,,,,
712222,營邦永豐63購01,0,,,,
712223,久元國票66購01,0,,,,
712224,互動國票66購01,0,,,,
712225,朋億*國票66購01,8400,0.84,0.84,0.84,0.84
712226,金山電國票65購01,30500,0.8,0.8,0.74,0.74
712227,金山電國票67購01,13710,0.92,0.93,0.89,0.89
712228,家登國票63購01,21300,3.55,3.55,3.55,3.55
712229,高技國票66購01,0,,,,
712230,凱崴國票65購01,25980,1.07,1.1,1.07,1.07
712231,博磊國票68購01,63770,0.74,0.76,0.72,0.76
712232,港建*國票63購01,6700,0.97,0.97,0.94,0.97
712233,瑞穎國票63購01,0,,,,
712234,萬潤國票66購01,1015240,1.09,1.26,1.08,1.26
712235,萬潤國票68購01,679930,1.17,1.32,1.17,1.32
712236,中美晶富邦62購02,169130,1.33,1.34,1.16,1.16
712237,弘塑富邦63購02,836140,0.66,0.74,0.65,0.7
712238,威剛富邦62購02,0,,,,
712239,中美晶群益62購03,201220,2.88,2.88,2.69,2.69
712240,台嘉碩群益62購01,270440,1.79,1.79,1.66,1.66
712241,弘塑群益62購01,74820,0.86,0.86,0.86,0.86
712242,弘塑群益62購02,37200,0.93,0.93,0.93,0.93
712243,宏捷科群益64購01,453080,1.33,1.57,1.23,1.53
712244,系統電群益62購01,2108970,1.98,2.26,1.98,2.18
712245,宜鼎群益62購01,4800,0.8,0.8,0.8,0.8
712246,金山電群益62購01,81560,1.59,1.61,1.47,1.47
712247,前鼎群益68購01,260550,4.7,5.1,4.7,4.88
712248,威剛群益62購03,0,,,,
712249,原相群益62購01,179450,1.13,1.15,1.12,1.12
712250,智通*群益62購01,0,,,,
712251,新應材群益66購01,87750,1.55,1.6,1.55,1.6
712252,萬潤群益68購01,4376160,2.1,2.39,2.1,2.39
712253,群聯群益68購01,3420,3.42,3.42,3.42,3.42
712254,頎邦群益62購02,1352600,3.77,3.77,3.49,3.5
712255,雙鴻群益62購03,83700,3.3,3.58,3.28,3.58
712256,元太統一66購01,0,,,,
712257,世禾統一68購01,127530,0.86,0.86,0.85,0.85
712258,沛亨統一68購02,0,,,,
712259,金山電統一67購01,90690,0.6,0.6,0.59,0.59
712260,金山電統一6B購01,3002790,0.72,0.74,0.7,0.71
712261,金山電統一6C購01,1278100,0.72,0.73,0.7,0.7
712262,能率亞統一68購01,0,,,,
712263,港建*統一6B購01,0,,,,
712264,新應材統一68購01,29900,0.65,0.65,0.65,0.65
712265,萬潤統一65購01,2740070,1.23,1.45,1.21,1.45
712266,萬潤統一6A購03,1395920,1.13,1.24,1.11,1.24
712267,萬潤統一6B購01,1466430,0.83,0.92,0.81,0.88
712268,萬潤統一6C購01,1415160,0.78,0.88,0.78,0.88
712269,弘塑國泰63購01,77580,1.03,1.13,1.03,1.13
712270,弘塑國泰63購02,7040,0.88,0.88,0.88,0.88
712271,泓格國泰63購02,8250,0.83,0.83,0.82,0.82
712272,金山電國泰63購01,1539750,2.41,2.43,2.19,2.21
712273,金山電國泰64購01,903640,2.25,2.25,2.09,2.09
712274,萬潤國泰63購01,8210830,1.92,2.14,1.85,2.14
712275,弘塑台新62購01,181520,1.05,1.23,1.05,1.23
712276,弘塑台新62購02,500380,0.88,1.0,0.88,1.0
712277,弘塑台新62購03,503370,0.82,0.93,0.82,0.93
712278,弘塑台新68購01,580960,1.35,1.47,1.35,1.47
712279,弘塑台新68購02,928490,0.99,1.09,0.99,1.06
712280,沛亨台新62購01,0,,,,
712281,沛亨台新62購02,53100,1.77,1.77,1.77,1.77
712282,韋僑台新62購01,0,,,,
712283,韋僑台新62購02,79560,0.51,0.51,0.51,0.51
712284,竑騰台新62購02,1045130,1.66,1.69,1.56,1.56
712285,博智台新62購01,141970,1.44,1.5,1.44,1.49
712286,新應材台新62購03,81210,1.13,1.14,1.12,1.12
712287,群聯台新62購01,52510,2.09,2.11,2.09,2.11
712288,群聯台新62購02,0,,,,
712289,雙鴻台新62購01,0,,,,
712290,雙鴻台新68購01,0,,,,
712291,雙鴻台新68購02,4287120,2.67,2.77,2.62,2.77
712292,中光電元大63購02,0,,,,
712293,中光電元大64購05,0,,,,
712294,世界元大63購08,0,,,,
712295,世界元大63購09,0,,,,
712296,世界元大64購09,69890,0.7,0.7,0.69,0.69
712297,弘塑元大64購03,517590,0.62,0.69,0.62,0.69
712298,良維元大64購02,112560,1.19,1.23,1.19,1.21
712299,宜鼎元大64購03,162860,0.92,0.97,0.92,0.97
712300,陽程元大64購02,0,,,,
712301,鈊象元大63購08,0,,,,
712302,中光電凱基65購01,0,,,,
712303,中美晶凱基63購06,207200,1.5,1.5,1.28,1.28
712304,弘塑凱基63購01,231850,0.52,0.61,0.52,0.61
712305,弘塑凱基64購01,38860,0.85,0.92,0.85,0.92
712306,金山電凱基63購01,407910,1.34,1.34,1.19,1.19
712307,金山電凱基63購02,247960,1.34,1.36,1.28,1.28
712308,威剛凱基63購04,0,,,,
712309,群聯凱基66購03,74480,1.33,1.33,1.33,1.33
712310,頎邦凱基64購03,598600,1.97,1.97,1.84,1.85
712311,雙鴻凱基63購08,227420,2.8,3.09,2.8,3.03
712312,均華國泰64購01,218180,2.26,2.44,2.26,2.44
712313,新應材國泰64購01,0,,,,
712314,弘塑統一67購01,1013220,0.52,0.59,0.52,0.56
712315,由田統一68購01,289570,1.14,1.23,1.13,1.23
712316,金山電統一66購01,342630,0.54,0.54,0.5,0.5
712317,金山電統一68購01,243830,0.79,0.79,0.73,0.73
712318,前鼎統一6C購01,2407320,1.0,1.02,0.99,1.0
712319,倉和統一68購01,0,,,,
712320,富喬中信64購03,255740,1.29,1.32,1.29,1.32
712321,元太永豐63購01,48020,0.57,0.58,0.57,0.58
712322,巨漢永豐63購01,624550,0.81,0.86,0.81,0.86
712323,宏碁資永豐63購01,198410,0.74,0.77,0.74,0.77
712324,建榮永豐64購01,126500,1.26,1.29,1.25,1.26
712325,胡連永豐63購01,403430,0.81,0.85,0.81,0.81
712326,茂綸永豐64購01,103010,1.24,1.27,1.24,1.27
712327,茂綸永豐65購01,105600,1.48,1.48,1.38,1.38
712328,竑騰永豐64購01,49900,1.44,1.44,1.39,1.39
712329,富喬永豐64購02,200340,2.61,2.61,2.52,2.52
712330,富喬永豐67購01,0,,,,
712331,聖暉*永豐63購01,36630,1.73,1.73,1.65,1.66
712332,元太國票66購01,0,,,,
712333,世界國票67購01,0,,,,
712334,弘塑國票66購01,2280,1.14,1.14,1.14,1.14
712335,全宇昕國票65購02,0,,,,
712336,均華國票63購01,181360,1.34,1.38,1.34,1.38
712337,長佳智國票65購01,0,,,,
712338,前鼎國票67購01,139300,1.84,1.89,1.81,1.81
712339,博智國票63購01,8640,2.16,2.16,2.16,2.16
712340,智通*國票63購01,75900,1.15,1.15,1.15,1.15
712341,新應材國票63購01,94260,1.47,1.56,1.47,1.56
712342,新應材國票64購01,67500,1.69,1.69,1.68,1.68
712343,廣穎國票67購01,0,,,,
712344,德勝國票66購01,0,,,,
712345,世界群益67購01,21740,1.2,1.22,1.18,1.18
712346,台特化群益67購01,224310,1.55,1.57,1.52,1.54
712347,由田群益62購01,6340,3.17,3.17,3.17,3.17
712348,宏捷科群益62購01,960770,0.91,1.12,0.83,1.09
712349,沛亨群益62購01,9260,2.33,2.35,2.29,2.29
712350,茂達群益62購01,213900,1.04,1.09,1.04,1.08
712351,矽科台新62購01,0,,,,
712352,新應材台新62購04,64670,1.76,1.89,1.76,1.89
712353,世界凱基63購05,6060,1.01,1.01,1.01,1.01
712354,台特化凱基67購01,692530,2.27,2.29,2.15,2.15
712355,宜鼎凱基63購03,0,,,,
712356,前鼎凱基67購01,1065520,2.52,2.52,1.9,2.0
712357,新應材凱基64購02,21920,1.37,1.37,1.37,1.37
712358,青雲元大63購01,0,,,,
712359,鈊象中信62購01,0,,,,
712360,前鼎永豐68購01,869290,2.17,2.27,2.09,2.16
712361,博智永豐63購01,11640,1.44,1.48,1.44,1.48
712362,達航永豐63購02,29200,1.46,1.46,1.46,1.46
712363,廣積永豐63購01,0,,,,
712364,東洋國票63購01,0,,,,
712365,前鼎國票68購01,263110,1.62,1.72,1.62,1.66
712366,竑騰國票63購01,425800,1.5,1.53,1.41,1.43
712367,聚和國票65購01,24150,1.05,1.05,1.05,1.05
712368,廣積國票65購02,0,,,,
712369,中美晶群益64購02,18030,1.04,1.04,0.9,0.9
712370,欣銓群益63購01,244080,2.14,2.14,2.0,2.0
712371,金山電群益63購01,877770,1.28,1.29,1.17,1.18
712372,青雲群益63購01,29400,1.05,1.05,1.05,1.05
712373,威剛群益64購01,0,,,,
712374,家登群益63購04,0,,,,
712375,群聯群益64購03,208000,1.04,1.04,1.04,1.04
712376,雙鴻群益64購02,871160,2.16,2.39,2.11,2.39
712377,群聯國泰67購01,195560,1.74,1.82,1.74,1.82
712378,世界富邦65購01,319350,0.63,0.63,0.59,0.6
712379,富喬富邦62購01,6180,2.06,2.06,2.06,2.06
712380,新應材富邦64購02,293620,0.44,0.47,0.44,0.47
712381,沛亨統一65購03,661370,1.19,1.19,1.15,1.15
712382,長科*統一68購01,16100,0.7,0.7,0.7,0.7
712383,前鼎統一66購01,1628280,1.37,1.46,1.35,1.4
712384,前鼎統一68購01,133790,0.96,0.99,0.94,0.95
712385,富喬統一65購04,0,,,,
712386,頎邦統一66購02,2397240,1.4,1.4,1.28,1.28
712387,M31國票67購01,45000,0.9,0.9,0.9,0.9
712388,博磊國票65購01,98390,0.57,0.57,0.56,0.57
712389,宜鼎台新65購01,0,,,,
712390,青雲台新63購01,0,,,,
712391,宸曜台新62購01,0,,,,
712392,宸曜台新62購02,672330,1.03,1.14,1.03,1.14
712393,新應材台新64購01,37340,1.48,1.5,1.48,1.5
712394,群聯台新65購01,43700,1.15,1.15,1.15,1.15
712395,雙鴻台新65購01,0,,,,
712396,雙鴻台新65購02,78750,2.15,2.27,2.15,2.27
712397,M31凱基63購01,0,,,,
712398,中美晶凱基64購02,111130,1.86,1.88,1.75,1.75
712399,方土昶凱基63購01,0,,,,
712400,宜鼎凱基63購04,209470,0.3,0.32,0.3,0.32
712401,青雲凱基63購01,11340,1.26,1.26,1.26,1.26
712402,威剛凱基64購03,0,,,,
712403,富喬凱基65購01,0,,,,
712404,富喬凱基68購01,13750,2.75,2.75,2.75,2.75
712405,群聯凱基63購07,0,,,,
712406,群聯凱基63購08,3330,1.11,1.11,1.11,1.11
712407,群聯凱基63購09,2620,1.31,1.31,1.31,1.31
712408,群聯凱基63購10,0,,,,
712409,雙鴻凱基63購09,104790,2.51,2.71,2.46,2.71
712410,方土昶群益63購01,4400,0.88,0.88,0.88,0.88
712411,世界群益66購02,10100,1.01,1.01,1.01,1.01
712412,世紀*群益63購01,0,,,,
712413,世紀*群益63購02,0,,,,
712414,台特化群益66購01,44900,1.51,1.51,1.47,1.47
712415,弘塑群益63購01,469040,0.74,0.83,0.74,0.82
712416,艾訊群益63購01,21000,0.7,0.7,0.7,0.7
712417,艾訊群益63購02,16200,0.54,0.54,0.54,0.54
712418,倚強群益69購01,16150,2.74,2.74,2.59,2.59
712419,群聯群益64購04,1400,0.7,0.7,0.7,0.7
712420,廣穎群益62購01,0,,,,
712421,雙鴻群益65購01,538000,1.75,1.75,1.67,1.67
712422,閎康元大63購04,0,,,,
712423,新應材元大63購04,163680,0.33,0.33,0.33,0.33
712424,新應材元大64購02,89250,0.91,0.94,0.91,0.94
712425,營邦元大64購02,31500,1.8,1.9,1.8,1.9
712426,宜鼎中信62購01,35420,0.46,0.46,0.46,0.46
712427,威剛中信63購01,0,,,,
712428,群聯中信66購01,4030,0.5,0.51,0.5,0.51
712429,雙鴻中信63購03,553820,1.12,1.23,1.11,1.23
712430,均華永豐63購01,31600,1.58,1.58,1.58,1.58
712431,沛亨永豐64購01,0,,,,
712432,威剛永豐68購02,0,,,,
712433,茂訊永豐63購01,65650,0.65,0.65,0.65,0.65
712434,新潤永豐63購01,0,,,,
712435,新應材永豐68購04,0,,,,
712436,群聯永豐68購01,0,,,,
712437,雙鴻永豐64購05,274840,2.1,2.28,2.1,2.28
712438,群聯國泰63購03,0,,,,
712439,群聯國泰65購02,0,,,,
712440,聖暉*國泰63購02,35500,0.71,0.71,0.71,0.71
712441,譜瑞國泰63購01,0,,,,
712442,鑫聯國泰63購01,0,,,,
712443,宏捷科富邦64購01,658890,0.69,0.73,0.63,0.73
712444,宏捷科富邦65購01,302730,0.68,0.69,0.63,0.69
712445,宜鼎富邦68購01,21200,0.4,0.4,0.4,0.4
712446,頎邦富邦64購03,0,,,,
712447,頎邦富邦65購01,906450,0.93,0.93,0.84,0.84
712448,譜瑞富邦64購02,50690,0.37,0.37,0.37,0.37
712449,M31統一68購01,0,,,,
712450,陽程統一66購02,0,,,,
712451,雙鴻統一64購02,445430,1.0,1.06,1.0,1.05
712452,台特化台新65購01,64610,2.54,2.54,2.41,2.41
712453,宜鼎台新64購02,0,,,,
712454,富喬台新65購01,12780,4.26,4.26,4.26,4.26
712455,順達台新64購01,82220,1.88,1.95,1.87,1.95
712456,新應材台新64購02,41770,0.82,0.86,0.82,0.86
712457,頎邦台新68購01,4060,4.06,4.06,4.06,4.06
712458,營邦台新65購02,63860,2.06,2.06,2.06,2.06
712459,鴻呈台新62購01,0,,,,
712460,雙鴻台新62購02,0,,,,
712461,世界凱基66購02,81810,1.6,1.6,1.48,1.5
712462,世紀*凱基63購01,0,,,,
712463,弘塑凱基63購02,308790,0.93,1.02,0.93,1.01
712464,弘塑凱基63購03,765270,1.17,1.32,1.17,1.32
712465,艾訊凱基63購01,41480,0.61,0.61,0.61,0.61
712466,倚強凱基63購01,0,,,,
712467,富喬凱基63購03,130670,1.98,2.12,1.95,2.11
712468,閎康凱基63購01,0,,,,
712469,順達凱基63購04,0,,,,
712470,新應材凱基63購06,0,,,,
712471,廣積凱基64購01,0,,,,
712472,順達中信62購01,0,,,,
712473,群聯中信62購02,0,,,,
712474,均華永豐63購02,253710,1.12,1.28,1.12,1.27
712475,良維永豐63購01,0,,,,
712476,宜鼎永豐66購02,1380,0.69,0.69,0.69,0.69
712477,順達永豐63購02,249790,1.64,1.7,1.64,1.65
712478,順達永豐63購03,112120,1.12,1.16,1.12,1.16
712479,群聯永豐65購07,0,,,,
712480,群聯永豐65購08,26530,1.16,1.16,1.15,1.15
712481,群聯永豐68購02,81780,1.63,1.64,1.62,1.63
712482,廣閎科永豐63購01,328120,1.23,1.29,1.23,1.29
712483,廣閎科永豐63購02,29890,1.01,1.05,1.01,1.05
712484,廣閎科永豐65購01,27910,1.11,1.12,1.11,1.12
712485,廣閎科永豐68購01,0,,,,
712486,廣穎永豐65購02,108000,1.08,1.08,1.08,1.08
712487,巨漢元大64購01,86770,1.14,1.15,1.14,1.15
712488,宜鼎元大63購06,0,,,,
712489,宜鼎元大64購04,52800,0.32,0.32,0.32,0.32
712490,富喬元大63購03,411920,2.13,2.15,2.04,2.08
712491,富喬元大63購04,1323050,1.9,1.93,1.84,1.88
712492,富喬元大63購05,138500,2.77,2.77,2.77,2.77
712493,富喬元大63購06,0,,,,
712494,富喬元大64購06,1139480,1.61,1.64,1.55,1.61
712495,群聯元大63購10,18200,1.82,1.82,1.82,1.82
712496,群聯元大63購13,399040,0.58,0.58,0.58,0.58
712497,廣積元大63購05,21000,0.7,0.7,0.7,0.7
712498,廣穎元大63購02,135730,0.49,0.49,0.49,0.49
712499,廣穎元大63購03,17050,0.31,0.31,0.31,0.31
712500,營邦元大63購01,169610,1.39,1.4,1.39,1.4
712501,營邦元大63購03,169130,0.89,0.92,0.89,0.92
712502,營邦元大64購04,158900,0.91,0.94,0.91,0.94
712503,雙鴻元大64購04,925830,1.78,1.93,1.74,1.91
712504,千如國票66購01,238960,1.52,1.52,1.38,1.38
712505,富喬國票64購01,0,,,,
712506,富喬國票66購01,845380,4.65,4.65,4.43,4.61
712507,鴻呈國票66購01,0,,,,
712508,雙鴻國票69購01,152490,1.83,1.97,1.83,1.95
712509,千如國泰63購01,672250,3.22,3.34,2.71,2.71
712510,宜鼎國泰63購02,0,,,,
712511,富喬國泰63購03,0,,,,
712512,新應材國泰63購02,62160,1.11,1.11,1.11,1.11
712513,千附精富邦62購01,116600,0.54,0.54,0.52,0.52
712514,中美晶富邦65購01,125540,0.94,0.95,0.83,0.83
712515,順達富邦63購03,30380,0.98,0.98,0.98,0.98
712516,廣閎科富邦62購01,194090,0.57,0.62,0.57,0.62
712517,營邦富邦65購01,259460,1.21,1.26,1.21,1.26
712518,中美晶群益63購02,81670,3.87,3.89,3.87,3.89
712519,宜鼎群益63購01,139120,0.94,0.94,0.94,0.94
712520,威剛群益63購02,0,,,,
712521,順達群益63購01,64580,1.97,2.04,1.97,2.04
712522,群聯群益63購03,61530,3.2,3.3,3.19,3.19
712523,廣閎科群益63購01,17680,1.36,1.36,1.36,1.36
712524,磐儀群益63購01,0,,,,
712525,雙鴻群益63購04,57600,2.89,2.89,2.87,2.87
712526,譜瑞群益62購01,0,,,,
712527,弘塑統一66購01,805530,0.55,0.6,0.54,0.58
712528,均華統一69購01,963990,0.73,0.81,0.73,0.8
712529,高技統一66購01,44800,0.7,0.7,0.7,0.7
712530,陽程統一66購03,211990,1.96,2.19,1.96,2.19
712531,順達統一6B購01,80740,0.85,0.86,0.85,0.86
712532,世界群益62購04,26680,2.24,2.24,2.14,2.14
712533,台半群益63購01,322900,1.61,1.61,1.45,1.45
712534,台特化群益62購02,72770,4.3,4.36,4.21,4.21
712535,東捷群益64購01,47880,1.71,1.71,1.71,1.71
712536,鉅橡群益63購01,0,,,,
712537,臺慶科群益63購01,0,,,,
712538,廣閎科群益64購01,113320,1.83,1.94,1.79,1.88
712539,穩懋群益63購02,3992450,3.96,4.17,3.84,4.03
712540,穩懋群益64購01,245400,5.05,5.35,5.05,5.15
712541,中美晶元大64購05,250780,0.99,0.99,0.88,0.88
712542,方土昶元大63購02,0,,,,
712543,均華元大64購02,42570,1.99,2.07,1.99,2.07
712544,朋億*元大63購01,234220,0.95,0.95,0.94,0.94
712545,東捷元大63購01,9780,1.65,1.65,1.61,1.61
712546,青雲元大63購02,0,,,,
712547,高技元大63購02,67500,0.5,0.5,0.5,0.5
712548,順達元大63購03,125660,1.03,1.03,1.03,1.03
712549,順達元大63購04,314020,1.58,1.6,1.58,1.6
712550,順達元大64購07,1336150,1.25,1.29,1.23,1.25
712551,漢達元大64購01,0,,,,
712552,廣閎科元大64購01,24000,0.8,0.8,0.8,0.8
712553,廣積元大63購06,0,,,,
712554,廣穎元大63購04,0,,,,
712555,雙鴻元大63購08,1250070,1.73,1.87,1.68,1.78
712556,雙鴻元大63購09,1360880,1.48,1.62,1.48,1.53
712557,雙鴻元大63購10,1643420,1.44,1.58,1.44,1.49
712558,雙鴻元大64購05,973590,1.69,1.86,1.69,1.86
712559,寶雅元大63購01,0,,,,
712560,東捷統一66購02,55280,1.14,1.14,1.08,1.08
712561,東捷統一6B購01,25200,0.84,0.84,0.84,0.84
712562,穩懋統一66購02,1022740,1.43,1.49,1.42,1.46
712563,穩懋統一67購01,1844490,1.2,1.26,1.19,1.23
712564,穩懋統一68購01,0,,,,
712565,穩懋統一6C購02,2457510,1.15,1.18,1.12,1.15
712566,穩懋統一6C購03,546470,1.48,1.52,1.47,1.47
712567,東捷富邦63購01,65660,1.22,1.24,1.2,1.2
712568,東捷國泰63購01,97700,2.8,2.8,2.78,2.78
712569,博盛國泰63購01,77000,1.88,1.99,1.88,1.99
712570,營邦國泰63購02,0,,,,
712571,鴻呈國泰63購01,3650,0.73,0.73,0.73,0.73
712572,穩懋國泰63購01,1750620,4.29,4.43,4.18,4.18
712573,穩懋國泰63購03,585790,4.83,5.0,4.65,4.65
712574,穩懋國泰63購04,9452060,4.67,4.86,4.64,4.74
712575,穩懋國泰63購05,144650,5.65,5.9,5.45,5.45
712576,台半凱基63購01,1090390,2.35,2.35,1.97,1.98
712577,宜鼎凱基64購02,54560,0.8,0.8,0.76,0.76
712578,威剛凱基63購06,0,,,,
712579,宸曜凱基63購01,0,,,,
712580,順達凱基63購05,0,,,,
712581,群聯凱基64購06,30190,1.29,1.33,1.29,1.33
712582,漢達凱基63購01,1130450,3.09,3.22,2.99,3.2
712583,營邦凱基63購02,0,,,,
712584,鴻呈凱基66購01,0,,,,
712585,雙鴻凱基64購02,38090,2.93,2.93,2.93,2.93
712586,穩懋凱基63購01,79030,3.62,3.62,3.49,3.6
712587,穩懋凱基63購02,502030,3.11,3.18,2.95,3.05
712588,穩懋凱基63購03,6910,3.43,3.48,3.43,3.48
712589,穩懋凱基63購04,0,,,,
712590,穩懋凱基63購05,0,,,,
712591,均華台新63購01,52500,2.1,2.1,2.1,2.1
712592,宜鼎台新64購03,0,,,,
712593,東捷台新62購01,0,,,,
712594,順達台新64購02,46160,1.42,1.48,1.42,1.48
712595,鈊象台新64購01,0,,,,
712596,穩懋台新62購01,6420,3.21,3.21,3.21,3.21
712597,穩懋台新63購01,24300,4.05,4.05,4.05,4.05
712598,穩懋台新65購01,0,,,,
712599,穩懋台新65購02,21920,2.75,2.75,2.73,2.73
712600,穩懋台新68購01,2970,2.97,2.97,2.97,2.97
712601,弘塑中信64購01,419620,0.83,0.95,0.83,0.92
712602,穩懋中信68購01,266810,1.19,1.22,1.17,1.19
712603,台半永豐64購02,260390,1.59,1.59,1.4,1.4
712604,台半永豐65購01,163310,1.8,1.8,1.6,1.6
712605,台星科永豐64購01,63470,1.33,1.33,1.28,1.32
712606,由田永豐64購01,658360,1.76,1.85,1.61,1.73
712607,系統電永豐63購01,326910,0.94,1.02,0.93,1.02
712608,東捷永豐63購01,0,,,,
712609,東捷永豐63購02,16360,1.86,1.86,1.67,1.67
712610,東捷永豐63購03,8400,1.68,1.68,1.68,1.68
712611,東捷永豐65購01,36040,2.12,2.12,2.12,2.12
712612,東捷永豐65購02,0,,,,
712613,東捷永豐68購01,0,,,,
712614,欣銓永豐66購01,54680,1.62,1.62,1.57,1.57
712615,欣銓永豐68購01,6150,1.23,1.23,1.23,1.23
712616,彩富永豐63購01,0,,,,
712617,博盛永豐63購01,81240,1.52,1.64,1.52,1.52
712618,博盛永豐63購02,108420,1.39,1.39,1.39,1.39
712619,博盛永豐65購01,9050,1.81,1.81,1.81,1.81
712620,越峰永豐63購01,150180,0.86,0.87,0.79,0.79
712621,穩得永豐63購01,94380,0.57,0.59,0.57,0.59
712622,穩懋永豐64購01,0,,,,
712623,穩懋永豐64購02,49690,4.98,5.0,4.87,4.88
712624,穩懋永豐66購01,10700,5.35,5.35,5.35,5.35
712625,穩懋永豐68購01,278300,5.65,5.7,5.65,5.7
712626,均華國票63購02,57060,1.92,2.02,1.92,2.02
712627,東捷國票63購01,0,,,,
712628,東捷國票64購01,82300,2.08,2.08,2.03,2.03
712629,元太群益63購01,50840,0.62,0.62,0.62,0.62
712630,方土昶群益63購02,0,,,,
712631,世界群益63購01,28900,2.89,2.89,2.89,2.89
712632,巨有群益63購01,0,,,,
712633,威剛群益62購04,58500,1.95,1.97,1.9,1.9
712634,胡連群益63購01,58170,0.73,0.74,0.73,0.74
712635,陽程群益63購03,0,,,,
712636,順達群益63購02,37990,1.31,1.31,1.31,1.31
712637,群聯群益62購01,159790,3.63,3.91,3.61,3.8
712638,漢達群益63購01,0,,,,
712639,鴻呈群益63購01,0,,,,
712640,雙鴻群益62購04,0,,,,
712641,穩懋群益64購03,0,,,,
712642,雙鴻中信64購02,926650,1.72,1.86,1.7,1.86
712643,新應材永豐64購02,0,,,,
712644,新應材永豐65購01,100580,1.45,1.51,1.45,1.51
712645,群聯永豐63購02,0,,,,
712646,寶雅永豐63購01,0,,,,
712647,台半國泰63購01,289200,2.79,2.79,2.49,2.49
712648,胡連國泰63購01,0,,,,
712649,千附精元大63購01,0,,,,
712650,元太元大63購06,209440,0.41,0.44,0.41,0.44
712651,元太元大64購02,365530,0.67,0.7,0.67,0.7
712652,威剛元大64購04,0,,,,
712653,陽程元大63購03,0,,,,
712654,陽程元大64購03,1644560,1.56,1.77,1.56,1.77
712655,順達元大64購08,0,,,,
712656,鈊象元大64購04,22800,0.8,0.84,0.8,0.84
712657,群聯元大64購13,0,,,,
712658,良維富邦63購01,217050,1.05,1.09,1.05,1.05
712659,穩懋富邦63購01,33160,2.06,2.08,2.06,2.08
712660,穩懋富邦64購01,289000,1.85,1.85,1.76,1.82
712661,台半統一68購01,263240,1.1,1.1,1.01,1.01
712662,東捷統一68購01,8500,0.85,0.85,0.85,0.85
712663,新普統一68購01,0,,,,
712664,穩懋統一68購02,161910,1.72,1.72,1.65,1.65
712665,千如凱基66購01,131600,1.17,1.29,1.05,1.05
712666,中美晶凱基68購01,121690,2.32,2.32,2.16,2.16
712667,世界凱基63購06,5910,1.48,1.48,1.47,1.47
712668,弘塑凱基63購04,1191610,0.95,1.09,0.95,1.06
712669,均華凱基64購02,240960,1.69,1.8,1.69,1.8
712670,宜鼎凱基66購01,0,,,,
712671,東捷凱基63購02,143300,1.52,1.52,1.41,1.41
712672,金益鼎凱基63購01,0,,,,
712673,順達凱基63購06,0,,,,
712674,頎邦凱基63購03,0,,,,
712675,雙鴻凱基63購10,0,,,,
712676,寶雅凱基63購01,0,,,,
712677,系統電台新62購01,2779150,1.63,1.86,1.63,1.77
712678,長科*台新65購01,763060,2.11,2.16,2.01,2.05
712679,威剛台新62購03,0,,,,
712680,威剛台新63購02,0,,,,
712681,順達台新62購01,30680,1.18,1.18,1.18,1.18
712682,中美晶元大64購06,396710,0.81,0.81,0.74,0.74
712683,元太元大63購07,80700,0.86,0.9,0.86,0.87
712684,元太元大63購08,171880,0.5,0.52,0.5,0.52
712685,元太元大64購03,346870,0.64,0.68,0.64,0.68
712686,均華元大64購03,266710,1.13,1.17,1.13,1.16
712687,宜鼎元大64購05,653910,0.59,0.6,0.59,0.6
712688,威剛元大64購05,0,,,,
712689,順達元大64購09,100300,0.83,0.88,0.83,0.88
712690,鈊象元大63購09,23400,1.17,1.17,1.17,1.17
712691,鈊象元大64購05,0,,,,
712692,群聯元大64購14,0,,,,
712693,蜜望實元大63購02,73700,0.45,0.45,0.44,0.44
712694,寶雅元大63購02,4640,0.58,0.58,0.58,0.58
712695,元太台新65購01,332500,1.06,1.12,1.06,1.12
712696,沛亨台新65購01,0,,,,
712697,威聯通台新62購01,120320,0.64,0.64,0.64,0.64
712698,胡連台新62購01,158700,0.75,0.79,0.75,0.79
712699,倉和台新62購01,0,,,,
712700,蜜望實台新62購01,145930,1.06,1.08,0.98,0.98
712701,蜜望實台新65購01,316240,1.5,1.5,1.46,1.47
712702,中美晶凱基64購04,127310,1.46,1.46,1.25,1.25
712703,朋億*凱基63購01,70070,0.77,0.77,0.77,0.77
712704,泓格凱基63購01,0,,,,
712705,威剛凱基63購07,23600,1.18,1.18,1.18,1.18
712706,建榮凱基63購01,27100,0.92,0.92,0.88,0.89
712707,順達凱基66購01,18870,1.45,1.49,1.44,1.44
712708,鈊象凱基64購04,48000,0.96,0.96,0.96,0.96
712709,群聯凱基66購04,0,,,,
712710,鉅橡凱基63購01,97900,0.8,0.82,0.8,0.81
712711,廣閎科凱基63購01,1273230,1.21,1.27,1.14,1.27
712712,穩懋凱基63購08,373320,2.89,2.92,2.76,2.83
712713,中美晶群益62購04,55250,3.71,3.71,3.67,3.67
712714,弘塑群益63購02,263620,0.65,0.73,0.64,0.73
712715,系統電群益63購01,1951230,1.75,2.03,1.75,1.97
712716,宜鼎群益63購02,78260,0.91,0.91,0.91,0.91
712717,威剛群益62購05,0,,,,
712718,原相群益62購02,0,,,,
712719,群聯群益62購02,81880,2.12,2.16,2.12,2.16
712720,千如永豐63購01,457860,1.51,1.64,1.35,1.35
712721,元太永豐63購02,68050,0.56,0.6,0.55,0.6
712722,世紀*永豐63購02,0,,,,
712723,沛亨永豐64購02,334000,1.12,1.12,1.08,1.08
712724,茂迪永豐64購01,92560,0.62,0.62,0.57,0.57
712725,頎邦永豐65購02,0,,,,
712726,榮剛永豐63購01,0,,,,
712727,雙鴻永豐65購02,0,,,,
712728,雙鴻永豐6B購01,28280,2.02,2.02,2.02,2.02
712729,雙鴻永豐6C購01,320100,1.91,1.98,1.89,1.98
712730,穩懋永豐65購01,0,,,,
712731,三聯國票63購01,17940,0.82,0.82,0.81,0.81
712732,蜜望實國票63購01,18980,1.46,1.46,1.46,1.46
712733,寬宏國票63購01,0,,,,
712734,均華國泰63購02,227520,1.14,1.22,1.14,1.16
712735,順達國泰63購03,0,,,,
712736,順達富邦64購01,524040,0.7,0.7,0.68,0.68
712737,巨有統一6B購03,3860,1.74,2.12,1.74,2.12
712738,倉和統一6B購01,0,,,,
712739,堡達統一6A購01,80420,0.57,0.58,0.57,0.58
712740,新普統一66購01,40500,0.45,0.45,0.45,0.45
712741,新普統一6B購01,0,,,,
712742,晶焱國票63購01,0,,,,
712743,鈺太國票63購01,801610,1.15,1.15,1.09,1.09
712744,鈺太國票64購01,4840,1.21,1.21,1.21,1.21
712745,中美晶群益62購05,138070,3.51,3.51,3.25,3.25
712746,台特化群益62購03,1367400,3.26,3.26,2.98,2.98
712747,弘塑群益63購03,2520,0.42,0.42,0.42,0.42
712748,均華群益64購01,286010,1.99,2.01,1.99,2.01
712749,茂迪群益63購01,214600,0.75,0.75,0.7,0.7
712750,鈊象群益62購01,0,,,,
712751,群聯群益62購03,0,,,,
712752,營邦群益63購01,69870,1.9,2.06,1.9,2.06
712753,穩懋群益68購01,105000,5.15,5.35,5.15,5.35
712754,元太凱基63購01,119690,0.88,0.95,0.88,0.95
712755,弘塑凱基63購05,13110,0.57,0.57,0.57,0.57
712756,均華凱基68購01,289840,3.22,3.64,3.22,3.64
712757,系統電凱基64購02,202100,1.53,1.77,1.52,1.77
712758,宜鼎凱基63購05,0,,,,
712759,倉和凱基63購02,84900,2.83,2.83,2.83,2.83
712760,頎邦凱基66購01,13060,2.25,2.25,2.09,2.09
712761,臺慶科凱基63購03,17010,0.6,0.67,0.59,0.59
712762,弘塑台新63購01,30030,0.77,0.77,0.77,0.77
712763,東捷台新62購02,0,,,,
712764,倉和台新62購02,0,,,,
712765,家碩台新62購01,63700,1.82,1.84,1.78,1.78
712766,家碩台新62購02,381060,1.07,1.12,1.05,1.05
712767,順達台新64購03,30220,1.42,1.46,1.42,1.46
712768,勤凱台新62購01,0,,,,
712769,營邦台新63購01,119350,1.55,1.55,1.55,1.55
712770,營邦台新65購03,0,,,,
712771,營邦台新66購01,0,,,,
712772,元太元大64購04,146780,0.41,0.41,0.41,0.41
712773,弘塑元大63購04,262350,0.53,0.53,0.53,0.53
712774,弘塑元大63購05,170420,0.67,0.74,0.67,0.74
712775,弘塑元大64購04,124250,0.44,0.47,0.44,0.47
712776,均華元大64購04,671780,1.04,1.13,1.04,1.13
712777,威剛元大64購06,0,,,,
712778,順達元大63購05,73610,0.76,0.77,0.76,0.77
712779,順達元大63購06,37720,0.92,0.92,0.92,0.92
712780,順達元大63購07,44880,0.88,0.88,0.88,0.88
712781,順達元大64購10,155020,0.58,0.61,0.58,0.61
712782,順達元大64購11,0,,,,
712783,群聯元大63購14,0,,,,
712784,群聯元大63購15,0,,,,
712785,群聯元大63購16,0,,,,
712786,群聯元大64購15,0,,,,
712787,寶雅元大63購03,0,,,,
712788,台星科統一6B購01,0,,,,
712789,沛亨統一6B購01,0,,,,
712790,宜鼎統一6B購02,560,0.56,0.56,0.56,0.56
712791,倉和統一68購02,199470,2.53,2.53,2.25,2.25
712792,陽程統一6C購02,1124330,0.94,1.05,0.94,1.05
712793,新普統一66購02,0,,,,
712794,穩懋統一68購03,219800,1.83,1.85,1.8,1.83
712795,家登中信63購01,246060,1.06,1.1,1.05,1.05
712796,世禾永豐63購01,246460,0.84,0.91,0.82,0.82
712797,安葆永豐63購02,0,,,,
712798,宏捷科永豐63購01,1261100,1.21,1.35,1.13,1.34
712799,倚強永豐64購01,82800,2.76,2.76,2.76,2.76
712800,倚強永豐64購02,0,,,,
712801,倉和永豐63購02,0,,,,
712802,家登永豐63購03,99640,1.09,1.1,1.09,1.1
712803,湧德永豐63購01,87960,1.26,1.32,1.26,1.28
712804,順達永豐63購04,37060,1.09,1.09,1.09,1.09
712805,群聯永豐63購03,206000,1.03,1.03,1.03,1.03
712806,磐儀永豐63購01,55000,0.55,0.55,0.55,0.55
712807,鴻呈永豐63購01,4700,0.47,0.47,0.47,0.47
712808,鴻呈永豐64購01,0,,,,
712809,弘塑富邦64購02,202410,0.62,0.69,0.62,0.69
712810,頎邦富邦65購02,146450,1.01,1.01,0.96,0.97
712811,雙鴻富邦65購01,0,,,,
712812,元太台新65購02,329300,0.82,0.88,0.82,0.88
712813,均華台新62購04,0,,,,
712814,竑騰台新62購03,61790,1.67,1.67,1.67,1.67
712815,崇越電台新62購01,0,,,,
712816,博盛台新62購01,0,,,,
712817,普萊德台新62購01,10950,0.73,0.73,0.73,0.73
712818,晶呈台新62購01,135730,2.83,2.83,2.58,2.58
712819,晶呈台新62購02,101680,1.86,1.86,1.84,1.84
712820,晶呈台新65購01,45360,2.16,2.16,2.16,2.16
712821,元太群益62購01,0,,,,
712822,均華群益64購02,572400,1.94,2.21,1.94,2.21
712823,群聯群益62購04,0,,,,
712824,世紀*元大62購01,0,,,,
712825,世紀*元大62購02,0,,,,
712826,倉和元大62購01,0,,,,
712827,倉和元大62購02,27900,1.7,1.7,1.37,1.37
712828,陽程元大62購01,707200,1.06,1.26,1.04,1.26
712829,陽程元大62購02,2459490,1.01,1.22,1.01,1.22
712830,陽程元大62購03,690640,0.98,1.28,0.98,1.28
712831,陽程元大63購04,224950,1.05,1.25,1.05,1.25
712832,陽程元大65購03,273810,0.99,1.13,0.99,1.13
712833,群聯元大65購01,52500,1.05,1.05,1.05,1.05
712834,廣閎科元大62購01,2170,0.71,0.74,0.71,0.74
712835,營邦元大62購02,259700,1.19,1.28,1.19,1.28
712836,中美晶凱基66購02,94460,1.85,1.86,1.85,1.86
712837,方土昶凱基63購02,0,,,,
712838,台特化凱基65購01,25980,1.9,1.94,1.83,1.83
712839,系統電凱基66購01,210290,1.83,2.04,1.83,2.03
712840,威剛凱基64購04,0,,,,
712841,茂迪凱基63購01,99400,0.78,0.78,0.76,0.76
712842,博智凱基63購05,515300,1.98,2.1,1.95,1.95
712843,順達凱基63購07,252980,1.72,1.85,1.72,1.76
712844,鈊象凱基63購01,0,,,,
712845,群聯凱基68購01,119130,2.64,2.67,2.64,2.67
712846,寶雅*凱基63購02,0,,,,
712847,千附精永豐63購01,9680,0.88,0.88,0.88,0.88
712848,晶呈永豐64購02,60400,1.2,1.2,1.16,1.16
712849,群聯永豐63購05,0,,,,
712850,群聯永豐63購06,20000,1.0,1.0,1.0,1.0
712851,群聯永豐65購09,74540,1.19,1.21,1.19,1.21
712852,頎邦國泰63購04,0,,,,
712853,聖暉*富邦62購01,0,,,,
712854,大中國票63購01,1324070,1.46,1.64,1.4,1.4
712855,華義*國票68購01,810,0.81,0.81,0.81,0.81
712856,越峰國票68購01,63280,0.79,0.79,0.74,0.74
712857,陽程國票64購01,0,,,,
712858,陽程國票65購01,43580,2.13,2.42,2.13,2.42
712859,陽程國票68購01,351520,2.3,2.63,2.3,2.63
712860,鏵友益國票66購01,154400,1.76,1.76,1.33,1.33
712861,鏵友益國票68購01,18760,1.53,1.63,1.53,1.63
712862,方土昶台新62購01,0,,,,
712863,巨漢台新65購01,148820,2.09,2.23,2.09,2.22
712864,欣銓台新65購01,103960,2.31,2.35,2.22,2.22
712865,萬泰科台新65購01,224170,3.13,3.44,3.09,3.43
712866,臺慶科台新65購01,927790,1.62,1.68,1.58,1.68
712867,元太凱基63購02,2200,0.55,0.55,0.55,0.55
712868,世紀*凱基63購02,0,,,,
712869,均華凱基63購01,30400,1.52,1.52,1.52,1.52
712870,群聯凱基64購07,41860,2.0,2.0,1.98,1.98
712871,頎邦凱基63購04,1533810,2.37,2.37,2.26,2.26
712872,廣閎科凱基63購02,21660,1.85,1.85,1.76,1.76
712873,雙鴻凱基67購01,49920,3.84,3.84,3.84,3.84
712874,中美晶群益62購06,280240,2.51,2.51,2.17,2.17
712875,方土昶群益63購03,23140,0.32,0.32,0.31,0.31
712876,世紀*群益63購03,50460,4.21,4.21,4.19,4.19
712877,由田群益63購01,1623680,1.2,1.28,1.09,1.2
712878,威剛群益62購06,0,,,,
712879,晶呈群益64購01,1492390,1.31,1.34,1.19,1.19
712880,華電網群益62購01,0,,,,
712881,鈊象群益62購02,24300,2.43,2.43,2.43,2.43
712882,新應材群益62購03,48440,2.49,2.68,2.49,2.68
712883,群聯群益62購05,11610,1.05,1.06,1.05,1.06
712884,雙鴻群益62購05,7240,2.4,2.42,2.4,2.42
712885,寶雅*群益62購01,0,,,,
712886,中美晶永豐63購01,132260,2.44,2.44,2.36,2.36
712887,方土昶永豐64購01,0,,,,
712888,由田永豐63購01,692400,1.36,1.52,1.31,1.46
712889,群聯永豐63購07,100850,0.97,1.0,0.97,0.98
712890,廣運永豐63購01,0,,,,
712891,穩懋永豐63購01,5300,5.3,5.3,5.3,5.3
712892,方土昶國票67購01,0,,,,
712893,世紀*國票67購01,106000,1.8,1.8,1.74,1.75
712894,台半國票66購01,19800,1.32,1.32,1.32,1.32
712895,由田國票65購01,206630,1.28,1.49,1.25,1.4
712896,利機國票63購01,0,,,,
712897,邑錡國票64購01,72000,0.72,0.72,0.72,0.72
712898,崇越電國票68購01,9500,0.5,0.5,0.5,0.5
712899,博盛國票66購01,0,,,,
712900,富強鑫國票67購01,0,,,,
712901,漢達國票66購01,0,,,,
712902,寶雅國票66購01,0,,,,
712903,中美晶元大62購01,293500,1.58,1.58,1.39,1.39
712904,方土昶元大62購01,0,,,,
712905,均華元大68購01,723730,1.03,1.11,1.02,1.11
712906,宜鼎元大65購02,38400,0.8,0.8,0.8,0.8
712907,建榮元大62購01,114800,1.18,1.27,1.17,1.17
712908,群聯元大65購02,70130,0.41,0.42,0.41,0.42
712909,寶雅元大62購01,0,,,,
712910,由田統一68購02,296850,0.62,0.65,0.59,0.62
712911,均華統一6A購01,214150,0.72,0.78,0.72,0.78
712912,邑錡統一6C購01,0,,,,
712913,晶呈統一68購01,0,,,,
712914,晶呈統一6C購01,210800,1.05,1.05,0.99,0.99
712915,晶呈統一6C購02,0,,,,
712916,穩懋富邦65購01,793030,1.85,1.94,1.82,1.87
712917,寶雅富邦64購01,0,,,,
712918,寶雅富邦65購01,2200,0.44,0.44,0.44,0.44
712919,方土昶元大62購02,0,,,,
712920,均華元大68購02,447050,1.26,1.35,1.26,1.34
712921,宜鼎元大65購03,335430,0.87,0.89,0.87,0.87
712922,倉和元大62購03,0,,,,
712923,群聯元大68購03,59400,0.78,0.8,0.78,0.79
712924,臺慶科元大62購01,193120,0.86,0.88,0.86,0.88
712925,川寶國票65購02,1355120,0.85,0.85,0.73,0.75
712926,世紀*國票69購01,39600,1.32,1.32,1.32,1.32
712927,宜特國票67購01,0,,,,
712928,倉和國票69購01,98400,1.7,1.7,1.63,1.63
712929,倉和國票6A購01,0,,,,
712930,倉和國票6C購01,162940,2.23,2.24,2.06,2.06
712931,晟德國票65購01,0,,,,
712932,崇越電國票67購01,0,,,,
712933,華景電國票68購01,10080,1.12,1.12,1.12,1.12
712934,群聯中信62購03,138220,0.89,0.91,0.89,0.91
712935,雙鴻中信62購01,0,,,,
712936,桓達永豐63購01,0,,,,
712937,崇越電永豐64購01,0,,,,
712938,雙鴻永豐63購05,125320,2.42,2.59,2.42,2.59
712939,穩懋永豐63購02,24480,2.72,2.72,2.72,2.72
712940,天良台新62購01,0,,,,
712941,崇越電台新62購02,0,,,,
712942,崴寶台新62購01,0,,,,
712943,新門台新62購01,373690,0.86,1.02,0.83,1.02
712944,瑞耘台新62購01,178790,1.17,1.17,1.1,1.1
712945,中美晶凱基64購05,577430,2.3,2.3,2.1,2.1
712946,方土昶凱基63購03,1740,0.58,0.58,0.58,0.58
712947,台半凱基64購01,97550,1.03,1.03,1.0,1.0
712948,弘塑凱基68購01,1777960,1.54,1.7,1.53,1.69
712949,均華凱基68購02,268220,1.52,1.71,1.5,1.71
712950,宜鼎凱基63購06,31850,0.91,0.91,0.91,0.91
712951,威剛凱基68購01,0,,,,
712952,崇越電凱基63購01,0,,,,
712953,博盛凱基66購01,11900,1.19,1.19,1.19,1.19
712954,鈊象凱基63購02,0,,,,
712955,新應材凱基63購07,50510,1.95,2.05,1.95,2.05
712956,群聯凱基66購05,1660,1.66,1.66,1.66,1.66
712957,寶雅*凱基63購03,0,,,,
712958,均華群益62購01,218680,1.05,1.25,1.03,1.25
712959,群聯群益62購06,59020,1.08,1.14,1.08,1.1
712960,雙鴻群益62購06,0,,,,
712961,元太國泰63購01,488610,1.19,1.19,1.07,1.12
712962,倉和國泰63購02,0,,,,
712963,台特化富邦62購01,35000,0.7,0.7,0.7,0.7
712964,新應材富邦64購03,108920,0.62,0.65,0.62,0.65
712965,安葆台新62購01,0,,,,
712966,彩富台新62購01,0,,,,
712967,台半凱基63購02,44180,1.45,1.45,1.38,1.38
712968,安葆凱基63購01,62940,3.01,3.09,2.97,3.09
712969,矽科凱基63購01,2370,0.79,0.79,0.79,0.79
712970,耕興凱基65購01,4760,0.68,0.68,0.68,0.68
712971,崇越電凱基68購01,0,,,,
712972,群聯凱基63購11,0,,,,
712973,群聯凱基63購12,0,,,,
712974,群聯凱基64購08,10980,1.83,1.83,1.83,1.83
712975,臺慶科凱基63購04,103500,1.14,1.14,1.12,1.12
712976,營邦凱基63購03,114340,4.2,4.33,4.2,4.33
712977,雙鴻凱基63購11,0,,,,
712978,穩懋凱基65購01,55500,5.7,5.7,5.35,5.45
712979,寶雅*凱基63購04,0,,,,
712980,鑫聯凱基63購01,0,,,,
712981,千如國票67購01,197300,1.19,1.19,1.08,1.08
712982,世紀*國票65購01,192720,1.03,1.03,0.99,0.99
712983,世紀*國票6B購01,170950,1.24,1.24,1.19,1.19
712984,安葆國票65購01,7850,1.57,1.57,1.57,1.57
712985,松瑞藥國票66購01,0,,,,
712986,宸曜國票63購01,39300,1.31,1.31,1.31,1.31
712987,博智國票64購01,0,,,,
712988,新應材國票63購02,271250,1.65,1.69,1.65,1.69
712989,群翊國票65購01,16050,1.05,1.08,1.05,1.08
712990,世紀*元大62購03,0,,,,
712991,世紀*元大62購04,0,,,,
712992,世紀*元大68購01,0,,,,
712993,威剛元大65購12,0,,,,
712994,崇越電元大62購02,0,,,,
712995,順達元大68購01,422660,1.36,1.39,1.34,1.34
712996,群聯元大68購04,967380,1.57,1.64,1.57,1.63
712997,中美晶群益62購07,0,,,,
712998,弘塑群益62購03,895780,2.53,2.71,2.53,2.63
712999,弘塑群益68購01,439080,1.83,2.0,1.83,1.98
713000,良維群益64購01,483480,2.74,2.83,2.74,2.83
713001,宜特群益62購03,1980,0.99,0.99,0.99,0.99
713002,宜鼎群益62購02,279380,1.32,1.32,1.3,1.3
713003,威剛群益62購07,61330,3.22,3.25,3.22,3.25
713004,茂綸群益63購01,149460,1.1,1.24,1.1,1.13
713005,倚強群益64購01,0,,,,
713006,原相群益62購03,136900,1.85,1.85,1.85,1.85
713007,能率群益62購01,0,,,,
713008,高技群益62購01,61500,2.05,2.05,2.05,2.05
713009,崇越電群益64購01,0,,,,
713010,博智群益62購03,875960,3.52,3.64,3.5,3.64
713011,閎康群益62購01,109520,1.26,1.57,1.26,1.51
713012,順達群益62購02,141750,1.21,1.27,1.21,1.21
713013,鈊象群益62購03,0,,,,
713014,新應材群益62購04,645560,2.35,2.56,2.31,2.51
713015,群聯群益62購07,14200,1.41,1.43,1.41,1.43
713016,榮剛群益68購01,5380,2.69,2.69,2.69,2.69
713017,漢達群益62購01,281500,7.35,7.35,6.85,6.85
713018,臺慶科群益65購01,2195310,1.59,1.68,1.52,1.52
713019,雙鴻群益62購07,0,,,,
713020,穩懋群益63購03,486460,1.94,2.06,1.94,1.98
713021,穩懋群益64購04,268400,2.66,2.71,2.6,2.6
713022,台星科統一68購01,0,,,,
713023,良維中信62購01,1061480,1.07,1.12,1.04,1.11
713024,宏觀永豐63購01,66860,1.24,1.24,1.23,1.23
713025,宜鼎永豐62購01,0,,,,
713026,宜鼎永豐63購06,0,,,,
713027,朋程永豐63購01,145920,1.52,1.52,1.52,1.52
713028,晶焱永豐63購01,0,,,,
713029,新應材永豐64購03,53290,0.83,0.86,0.83,0.86
713030,立敦台新65購01,658450,2.25,2.25,2.08,2.08
713031,宜鼎台新62購05,1039930,1.88,1.89,1.78,1.81
713032,元太群益62購02,151030,0.61,0.69,0.61,0.67
713033,群聯群益62購08,14000,1.39,1.41,1.39,1.41
713034,廣運群益62購01,37900,0.39,0.39,0.37,0.37
713035,雙鴻群益62購08,0,,,,
713036,台星科元大62購02,133440,1.46,1.46,1.39,1.39
713037,台星科元大62購03,571950,0.72,0.72,0.67,0.7
713038,安葆元大62購01,0,,,,
713039,安葆元大62購02,28800,1.45,1.45,1.43,1.43
713040,竑騰元大62購01,1010,1.01,1.01,1.01,1.01
713041,雙鴻元大62購02,0,,,,
713042,雙鴻元大62購03,0,,,,
713043,雙鴻元大62購04,0,,,,
713044,中美晶凱基63購07,0,,,,
713045,弘塑凱基63購06,817070,1.83,2.15,1.83,2.04
713046,宜特凱基63購02,16060,1.17,1.17,1.09,1.09
713047,宜鼎凱基63購07,218880,1.14,1.14,1.14,1.14
713048,威剛凱基65購02,0,,,,
713049,原相凱基63購01,237420,1.3,1.3,1.27,1.27
713050,能率凱基63購01,0,,,,
713051,順達凱基63購08,18700,1.7,1.7,1.7,1.7
713052,鈊象凱基63購03,19400,1.94,1.94,1.94,1.94
713053,新應材凱基63購08,494170,2.05,2.2,2.04,2.18
713054,群聯凱基63購13,0,,,,
713055,群聯凱基63購14,37580,1.7,1.8,1.7,1.8
713056,榮剛凱基68購01,0,,,,
713057,大江國票68購01,0,,,,
713058,元太國票65購01,0,,,,
713059,安葆國票63購01,10240,1.28,1.28,1.28,1.28
713060,信立國票63購01,0,,,,
713061,群聯國票63購01,0,,,,
713062,聖暉*國票65購02,0,,,,
713063,廣運國票65購01,0,,,,
713064,世界永豐63購01,50920,2.68,2.68,2.68,2.68
713065,世界永豐64購02,19740,2.82,2.82,2.82,2.82
713066,安葆永豐64購01,0,,,,
713067,威剛永豐63購01,36580,1.18,1.18,1.18,1.18
713068,威剛永豐63購02,0,,,,
713069,穩懋永豐63購03,0,,,,
713070,元太富邦64購02,61570,0.47,0.47,0.47,0.47
713071,宜特富邦64購01,97430,0.85,0.85,0.83,0.83
713072,威剛富邦68購01,0,,,,
713073,高技富邦64購01,185610,0.91,0.94,0.91,0.93
713074,博智富邦63購03,1301230,0.71,0.79,0.71,0.76
713075,智通*富邦64購03,0,,,,
713076,雙鴻富邦64購02,0,,,,
713077,寶雅*富邦64購02,15000,0.5,0.5,0.5,0.5
713078,建榮統一6B購01,28700,0.58,0.58,0.57,0.57
713079,巨有台新62購01,0,,,,
713080,巨有台新62購02,0,,,,
713081,竑騰台新62購04,40640,1.27,1.27,1.27,1.27
713082,高技台新62購01,251340,1.88,1.95,1.88,1.93
713083,群翊台新62購01,914600,2.17,2.29,2.13,2.22
713084,群翊台新62購02,11830,1.69,1.69,1.69,1.69
713085,榮剛台新65購01,9720,1.08,1.08,1.08,1.08
713086,穩懋台新62購02,0,,,,
713087,穩懋台新62購03,128450,7.65,7.75,7.3,7.55
713088,大江凱基65購01,23200,0.58,0.58,0.58,0.58
713089,元太凱基63購03,156000,0.93,0.93,0.91,0.91
713090,台星科凱基63購01,522530,1.57,1.57,1.46,1.5
713091,正德凱基63購01,0,,,,
713092,威剛凱基63購08,0,,,,
713093,威剛凱基63購09,0,,,,
713094,威剛凱基63購10,0,,,,
713095,威剛凱基63購11,0,,,,
713096,竑騰凱基63購01,2256140,0.81,0.86,0.78,0.81
713097,群聯凱基63購15,66200,1.88,1.9,1.88,1.9
713098,群聯凱基63購16,1181710,2.21,2.31,2.21,2.29
713099,聖暉*凱基63購01,151700,1.02,1.02,0.99,1.0
713100,廣運凱基65購01,0,,,,
713101,雙鴻凱基68購01,0,,,,
713102,高技國泰63購01,345220,1.65,1.72,1.65,1.68
713103,群翊國泰63購01,80170,2.22,2.3,2.16,2.3
713104,大綜國票63購01,1849830,2.4,2.67,2.38,2.67
713105,大綜國票64購01,634480,1.75,1.94,1.73,1.94
713106,宏捷科國票66購01,85130,0.92,1.01,0.89,1.01
713107,竑騰國票64購01,198020,1.14,1.2,1.14,1.14
713108,群翊國票66購01,0,,,,
713109,聖暉*富邦62購02,10030,0.79,0.79,0.76,0.76
713110,台半中信62購01,336490,1.21,1.23,1.08,1.08
713111,宜鼎中信62購02,15970,0.39,0.39,0.37,0.39
713112,威剛中信62購01,0,,,,
713113,大綜永豐63購01,43800,1.37,1.5,1.36,1.5
713114,宏碩永豐65購01,84630,0.58,0.64,0.58,0.64
713115,威剛永豐63購03,0,,,,
713116,竑騰永豐63購02,35500,0.54,0.57,0.54,0.56
713117,頎邦永豐64購02,30720,2.56,2.56,2.56,2.56
713118,榮剛永豐63購02,0,,,,
713119,廣運永豐64購01,0,,,,
713120,中美晶群益62購08,0,,,,
713121,元太群益62購03,252500,0.66,0.7,0.66,0.7
713122,台半群益62購04,148190,4.7,4.7,3.64,3.64
713123,系統電群益64購01,26500,2.65,2.65,2.65,2.65
713124,宜鼎群益64購01,0,,,,
713125,欣銓群益62購01,43980,3.7,3.7,3.49,3.49
713126,青雲群益64購01,44840,1.78,1.8,1.78,1.8
713127,威剛群益62購08,7450,1.49,1.49,1.49,1.49
713128,博士旺群益62購01,0,,,,
713129,順達群益62購03,168820,3.36,3.51,3.29,3.34
713130,鈊象群益62購04,21200,2.12,2.12,2.12,2.12
713131,新應材群益62購05,480,0.48,0.48,0.48,0.48
713132,群翊群益62購01,109690,1.88,1.93,1.88,1.93
713133,群聯群益62購09,12400,1.23,1.25,1.23,1.25
713134,鉅橡群益62購01,224940,2.9,2.94,2.84,2.87
713135,頎邦群益63購01,19240,4.81,4.81,4.81,4.81
713136,臺慶科群益62購01,183330,3.22,3.3,3.22,3.27
713137,廣閎科群益62購01,0,,,,
713138,大綜元大62購01,89700,1.69,1.78,1.66,1.76
713139,中美晶元大62購02,509090,1.8,1.83,1.55,1.55
713140,弘塑元大62購02,747010,1.05,1.17,1.05,1.15
713141,均華元大62購01,506140,0.88,0.96,0.88,0.96
713142,沛亨元大62購01,0,,,,
713143,宜鼎元大62購03,0,,,,
713144,威剛元大65購13,42050,1.45,1.45,1.45,1.45
713145,高技元大62購01,69600,0.66,0.68,0.66,0.68
713146,群聯元大62購05,0,,,,
713147,群聯元大62購06,360150,1.05,1.05,1.05,1.05
713148,中美晶凱基62購01,23830,3.49,3.49,3.19,3.19
713149,台半凱基66購01,53010,2.79,2.79,2.79,2.79
713150,弘塑凱基65購01,910750,2.92,3.3,2.88,3.16
713151,均華凱基62購01,556760,1.79,2.12,1.79,1.99
713152,系統電凱基64購03,97770,2.78,2.9,2.78,2.79
713153,宜鼎凱基64購03,0,,,,
713154,威剛凱基62購01,0,,,,
713155,高技凱基65購01,167920,1.85,1.93,1.85,1.92
713156,鈊象凱基62購01,0,,,,
713157,新應材凱基62購01,175830,1.19,1.32,1.19,1.3
713158,群聯凱基62購02,0,,,,
713159,頎邦凱基68購01,388400,4.99,4.99,4.8,4.81
713160,廣閎科凱基62購01,30070,3.68,3.9,3.68,3.9
713161,磐亞凱基62購01,9900,0.99,0.99,0.99,0.99
713162,磐亞凱基62購02,0,,,,
713163,磐亞凱基62購03,0,,,,
713164,磐亞凱基62購04,0,,,,
713165,磐亞凱基62購05,0,,,,
713166,環球晶凱基62購01,331750,1.72,1.73,1.56,1.56
713167,環球晶凱基62購02,139560,1.98,1.98,1.96,1.96
713168,環球晶凱基62購03,779270,1.57,1.57,1.43,1.43
713169,環球晶凱基62購04,429140,1.95,1.98,1.8,1.8
713170,環球晶凱基62購05,345250,2.01,2.01,1.83,1.83
713171,環球晶凱基64購01,189780,1.42,1.43,1.36,1.36
713172,環球晶凱基64購02,957370,1.23,1.26,1.12,1.12
713173,環球晶凱基64購03,257610,1.56,1.6,1.52,1.52
713174,環球晶凱基64購04,28330,1.4,1.43,1.4,1.43
713175,雙鴻凱基68購02,0,,,,
713176,宏碩台新62購01,0,,,,
713177,順達台新62購02,62770,1.89,1.91,1.89,1.91
713178,環球晶台新62購03,285170,1.96,2.0,1.85,1.85
713179,環球晶台新62購04,339370,1.6,1.73,1.52,1.52
713180,環球晶台新62購05,1044510,1.28,1.33,1.23,1.23
713181,環球晶台新62購06,709610,1.21,1.28,1.17,1.17
713182,環球晶台新68購01,591230,3.41,3.49,3.28,3.28
713183,環球晶台新68購02,1129160,2.93,2.93,2.71,2.71
713184,元太群益62購04,21000,0.6,0.6,0.6,0.6
713185,宜鼎群益62購03,545020,1.19,1.21,1.19,1.21
713186,環球晶群益62購02,1118190,1.72,1.72,1.56,1.56
713187,環球晶群益62購03,4254210,1.5,1.95,1.38,1.38
713188,環球晶群益62購04,4651490,1.4,1.42,1.25,1.31
713189,環球晶群益63購01,2012980,2.0,2.11,1.9,1.9
713190,環球晶統一66購01,1536220,1.17,1.18,1.1,1.1
713191,環球晶統一6A購01,259520,1.0,1.0,0.95,0.95
713192,環球晶統一6A購02,716580,0.9,0.93,0.86,0.86
713193,環球晶統一6C購01,1134920,0.68,0.69,0.65,0.65
713194,環球晶統一78購01,408360,0.75,0.77,0.72,0.72
713195,雙鴻統一6A購03,229160,1.29,1.31,1.29,1.31
713196,威剛國泰63購02,0,,,,
713197,環球晶國泰63購01,780720,2.06,2.06,1.9,1.91
713198,環球晶國泰64購01,296140,2.03,2.07,1.89,1.89
713199,環球晶國泰67購01,4000,2.0,2.0,2.0,2.0
713200,良維富邦64購01,50040,1.1,1.13,1.1,1.13
713201,群翊富邦65購01,284880,0.45,0.46,0.44,0.44
713202,環球晶富邦62購01,711060,1.0,1.02,0.92,0.92
713203,環球晶富邦62購02,1394270,0.88,0.91,0.81,0.81
713204,環球晶富邦65購01,1082570,0.79,0.81,0.76,0.76
713205,環球晶中信62購01,1862810,0.7,0.73,0.65,0.65
713206,環球晶中信62購02,1031300,1.02,1.04,0.95,0.95
713207,磐亞永豐63購01,0,,,,
713208,環球晶永豐63購01,230500,1.73,1.73,1.62,1.62
713209,環球晶永豐63購02,2084830,1.47,1.47,1.35,1.35
713210,環球晶永豐63購03,264420,1.57,1.59,1.55,1.55
713211,環球晶永豐63購04,622410,1.47,1.48,1.42,1.45
713212,環球晶永豐63購05,203180,1.47,1.47,1.4,1.44
713213,環球晶永豐63購06,222040,1.82,1.82,1.82,1.82
713214,環球晶永豐65購01,31100,2.08,2.08,2.06,2.06
713215,環球晶永豐65購02,50200,2.02,2.02,2.0,2.0
713216,環球晶永豐65購03,57200,2.2,2.2,2.2,2.2
713217,環球晶永豐68購01,0,,,,
713218,環球晶永豐68購02,410570,3.08,3.11,3.01,3.11
713219,環球晶永豐72購01,445090,4.61,4.67,4.39,4.39
713220,雙鴻永豐63購06,0,,,,
713221,雙鴻永豐64購06,351540,2.64,2.82,2.63,2.8
713222,中美晶國票63購02,28080,1.56,1.56,1.56,1.56
713223,均華國票65購01,105080,2.51,2.57,2.48,2.57
713224,沛亨國票68購02,85500,1.53,1.53,1.5,1.5
713225,威剛國票64購02,19500,0.78,0.78,0.78,0.78
713226,威聯通國票66購01,22110,0.67,0.67,0.67,0.67
713227,博盛國票64購01,9000,1.0,1.0,1.0,1.0
713228,磐亞國票66購01,71000,0.71,0.71,0.71,0.71
713229,環球晶國票64購01,21010,1.56,1.56,1.47,1.47
713230,雙鴻國票63購02,0,,,,
713231,中美晶元大62購03,396100,0.83,0.83,0.75,0.75
713232,均華元大62購02,44780,1.12,1.15,1.12,1.15
713233,均華元大66購01,343130,1.3,1.34,1.3,1.34
713234,均華元大67購01,50850,1.13,1.13,1.13,1.13
713235,威剛元大65購14,0,,,,
713236,群聯元大62購07,112060,1.34,1.34,1.33,1.33
713237,群聯元大62購08,242080,1.0,1.04,1.0,1.04
713238,磐亞元大62購01,0,,,,
713239,營邦元大65購01,1589470,1.38,1.49,1.35,1.49
713240,環球晶元大62購01,229440,1.36,1.36,1.26,1.26
713241,環球晶元大62購02,508050,1.25,1.3,1.2,1.2
713242,環球晶元大62購03,1121000,0.75,0.78,0.72,0.72
713243,環球晶元大65購03,1948380,1.46,1.48,1.42,1.42
713244,環球晶元大68購09,946590,1.75,1.76,1.66,1.66
713245,元太凱基63購04,196450,1.53,1.55,1.53,1.55
713246,威剛凱基65購03,45100,2.05,2.05,2.05,2.05
713247,群聯凱基63購17,30230,1.43,1.48,1.43,1.48
713248,營邦凱基63購04,15820,2.26,2.26,2.26,2.26
713249,雙鴻凱基64購03,46920,4.26,4.28,4.26,4.28
713250,聖暉*台新63購01,418090,2.55,2.63,2.51,2.61
713251,璟德台新65購01,251050,1.24,1.25,1.24,1.25
713252,優群台新65購01,26540,1.32,1.34,1.32,1.34
713253,雙鴻台新63購02,0,,,,
713254,雙鴻台新63購03,0,,,,
713255,中美晶群益63購04,60500,6.05,6.05,6.05,6.05
713256,弘塑群益63購04,1025390,3.77,4.35,3.77,4.19
713257,宜鼎群益63購03,0,,,,
713258,威剛群益63購03,10900,2.18,2.18,2.18,2.18
713259,順達群益63購03,334330,3.47,3.66,3.47,3.53
713260,鈊象群益63購02,0,,,,
713261,新應材群益64購01,4650,0.93,0.93,0.93,0.93
713262,群聯群益63購04,13100,1.3,1.32,1.3,1.32
713263,雙鴻群益63購05,220780,2.65,3.0,2.65,2.99
713264,宜鼎中信68購01,53840,0.51,0.53,0.51,0.53
713265,群聯中信63購02,0,,,,
713266,穩懋中信63購01,233470,1.83,1.83,1.78,1.83
713267,穩懋中信68購02,236100,1.61,1.62,1.55,1.62
713268,智通*永豐63購02,9960,0.83,0.83,0.83,0.83
713269,雙鴻永豐65購03,555400,6.8,7.05,6.7,6.75
713270,雙鴻永豐65購04,0,,,,
713271,譜瑞永豐63購01,0,,,,
713272,中美晶元大63購05,1093810,2.03,2.03,1.86,1.86
713273,中美晶元大63購06,261500,1.02,1.02,0.89,0.89
713274,中美晶元大63購07,742220,0.96,0.98,0.83,0.83
713275,宜鼎元大65購04,43770,1.23,1.23,1.2,1.2
713276,宜鼎元大66購01,0,,,,
713277,威剛元大63購05,0,,,,
713278,威剛元大65購15,0,,,,
713279,高技元大63購03,238700,1.39,1.43,1.39,1.41
713280,高技元大63購04,238010,1.57,1.58,1.57,1.58
713281,順達元大65購01,238510,1.97,2.05,1.95,1.96
713282,鈊象元大63購10,0,,,,
713283,群聯元大63購17,149330,0.99,1.0,0.99,1.0
713284,群聯元大63購18,424000,0.99,1.01,0.99,1.01
713285,營邦元大65購02,148110,2.27,2.42,2.27,2.42
713286,營邦元大66購01,362290,1.94,2.09,1.94,2.09
713287,弘塑國票63購02,24740,1.28,1.31,1.28,1.31
713288,正德國票63購01,0,,,,
713289,正德國票64購01,0,,,,
713290,鈊象國票66購01,7660,1.28,1.28,1.26,1.26
713291,群翊國票68購01,0,,,,
713292,群聯國票68購01,0,,,,
713293,聖暉*國票68購01,126800,1.56,1.6,1.56,1.6
713294,頎邦國票64購04,5196860,1.58,1.59,1.48,1.49
713295,營邦國票63購01,70640,2.58,2.72,2.58,2.72
713296,營邦國票64購01,617930,2.55,2.83,2.55,2.83
713297,環球晶國票63購01,895950,3.04,3.04,2.77,2.77
713298,晶呈富邦64購01,62130,1.15,1.18,1.07,1.07
713299,廣閎科富邦63購01,61720,0.92,0.96,0.91,0.96
713300,穩懋富邦63購02,130860,2.71,3.23,2.65,3.23
713301,天良國泰63購01,2850,0.19,0.19,0.19,0.19
713302,晶呈國泰63購01,0,,,,
713303,晶呈國泰63購02,30380,2.17,2.17,2.17,2.17
713304,磐亞國泰63購01,28180,0.76,0.78,0.72,0.72
713305,穩懋國泰64購02,308920,4.49,4.58,4.32,4.48
713306,穩懋國泰65購01,61220,2.57,2.62,2.52,2.54
713307,環球晶統一67購01,140830,0.91,0.92,0.87,0.87
713308,千附精凱基65購01,0,,,,
713309,中美晶凱基63購08,767330,3.52,3.54,3.18,3.18
713310,台半凱基65購01,316140,1.56,1.58,1.28,1.28
713311,弘塑凱基63購07,59380,1.25,1.46,1.25,1.46
713312,良維凱基63購02,48330,3.71,3.72,3.71,3.72
713313,高技凱基63購02,364890,1.83,1.94,1.83,1.9
713314,順達凱基63購09,100130,4.4,4.61,4.4,4.55
713315,鈊象凱基63購04,0,,,,
713316,新應材凱基65購01,161010,2.74,2.9,2.74,2.86
713317,群翊凱基63購01,478520,2.12,2.26,2.08,2.08
713318,頎邦凱基63購05,0,,,,
713319,頎邦凱基63購06,1610,1.61,1.61,1.61,1.61
713320,精材凱基63購03,134750,5.35,5.55,5.35,5.55
713321,精材凱基63購04,0,,,,
713322,精材凱基63購05,0,,,,
713323,精材凱基63購06,0,,,,
713324,環球晶凱基63購01,411990,3.05,3.07,2.85,2.85
713325,高技台新63購01,208730,1.53,1.61,1.53,1.61
713326,華宏台新63購01,402230,1.39,1.39,1.29,1.3
713327,華景電台新63購01,494710,1.36,1.63,1.36,1.58
713328,華景電台新63購02,124570,1.22,1.45,1.22,1.45
713329,順達台新63購01,12040,1.72,1.72,1.72,1.72
713330,頎邦台新65購01,808260,2.96,2.96,2.69,2.69
713331,精材台新63購01,27300,2.73,2.73,2.73,2.73
713332,精材台新63購02,0,,,,
713333,雙鴻台新65購03,884500,14.7,15.1,14.7,15.1
713334,譜瑞台新65購01,146520,1.98,1.98,1.98,1.98
713335,千附精元大63購02,15280,0.67,0.67,0.66,0.66
713336,元太元大63購09,223200,0.45,0.45,0.45,0.45
713337,元太元大65購05,12420,0.69,0.69,0.69,0.69
713338,威剛元大63購06,0,,,,
713339,高技元大63購05,58800,1.4,1.4,1.4,1.4
713340,鈊象元大63購11,0,,,,
713341,群聯元大63購19,287500,1.15,1.15,1.15,1.15
713342,精材元大65購01,8200,1.64,1.64,1.64,1.64
713343,環球晶元大63購01,1306570,2.26,2.31,2.14,2.14
713344,環球晶元大63購02,259560,2.03,2.09,1.92,1.92
713345,環球晶元大63購03,92560,1.54,1.54,1.51,1.51
713346,環球晶元大65購04,1231320,1.35,1.35,1.26,1.26
713347,環球晶元大68購10,1600170,1.04,1.06,1.0,1.0
713348,雙鴻元大63購11,10900,2.18,2.18,2.18,2.18
713349,雙鴻元大63購12,0,,,,
713350,雙鴻元大63購13,0,,,,
713351,雙鴻元大65購01,0,,,,
713352,譜瑞元大63購05,0,,,,
713353,弘塑中信65購01,207920,0.61,0.68,0.61,0.66
713354,博智中信65購01,0,,,,
713355,精材中信68購01,24060,1.26,1.32,1.26,1.32
713356,千附精永豐63購02,0,,,,
713357,台半永豐63購03,58100,0.7,0.7,0.7,0.7
713358,弘塑永豐63購03,157530,1.21,1.32,1.21,1.32
713359,弘塑永豐68購01,34500,2.51,2.68,2.51,2.68
713360,利機永豐63購01,0,,,,
713361,均華永豐63購03,74160,0.88,0.99,0.88,0.99
713362,原相永豐63購01,49850,1.09,1.12,1.09,1.12
713363,家登永豐63購04,8010,2.67,2.67,2.67,2.67
713364,高技永豐65購01,423300,1.0,1.04,1.0,1.02
713365,崇越電永豐65購01,0,,,,
713366,博智永豐63購02,224250,1.01,1.08,1.01,1.08
713367,華宏永豐63購01,414790,1.43,1.46,1.36,1.36
713368,閎康永豐63購01,59160,1.02,1.02,1.02,1.02
713369,新應材永豐66購01,887680,0.93,0.96,0.92,0.95
713370,頎邦永豐63購03,178150,1.73,1.73,1.56,1.56
713371,頎邦永豐63購04,70800,1.18,1.18,1.18,1.18
713372,精材永豐63購03,402000,2.68,2.68,2.68,2.68
713373,精材永豐63購04,0,,,,
713374,精材永豐68購01,7440,3.72,3.72,3.72,3.72
713375,精材永豐68購02,208600,4.01,4.3,4.01,4.3
713376,穩懋永豐63購04,79800,5.7,5.7,5.7,5.7
713377,中美晶群益63購05,52500,5.25,5.25,5.25,5.25
713378,世界群益63購02,93350,1.46,1.46,1.43,1.43
713379,台半群益63購02,209300,1.62,1.7,1.33,1.33
713380,弘塑群益63購05,143240,0.86,1.01,0.86,1.01
713381,均華群益66購01,280540,4.08,4.18,4.08,4.18
713382,威剛群益63購04,0,,,,
713383,威剛群益63購05,0,,,,
713384,博盛群益63購01,53450,1.54,1.54,1.45,1.45
713385,鈊象群益63購03,8610,2.87,2.87,2.87,2.87
713386,新應材群益63購01,124760,0.72,0.78,0.72,0.78
713387,群聯群益63購05,143200,2.06,2.1,2.05,2.05
713388,群聯群益63購06,0,,,,
713389,精材群益63購04,42780,4.13,4.87,4.13,4.87
713390,雙鴻群益63購06,0,,,,
713391,雙鴻群益66購01,0,,,,
713392,穩懋群益65購01,383380,2.5,2.53,2.38,2.51
713393,元太國票63購01,20300,0.7,0.7,0.7,0.7
713394,世界國票65購01,34270,1.15,1.15,1.14,1.14
713395,台半國票68購01,29700,1.1,1.1,1.1,1.1
713396,沛亨國票63購01,0,,,,
713397,良維國票69購01,0,,,,
713398,宜特國票65購01,0,,,,
713399,杰力國票65購02,27000,0.92,0.92,0.89,0.89
713400,長科*國票63購01,307550,0.89,0.91,0.86,0.86
713401,茂達國票63購01,23200,0.92,0.92,0.88,0.88
713402,晶呈國票63購01,30240,1.12,1.12,1.12,1.12
713403,順達國票65購03,0,,,,
713404,萬泰科國票63購01,2090,1.04,1.05,1.04,1.05
713405,鉅橡國票65購01,344800,0.9,0.92,0.88,0.9
713406,精材國票65購03,0,,,,
713407,環球晶國票63購02,548630,2.59,2.62,2.44,2.44
713408,譜瑞國票63購01,0,,,,
713409,頎邦國泰63購05,494600,2.08,2.08,1.92,1.92
713410,雙鴻國泰63購03,0,,,,
713411,雙鴻國泰63購04,185640,3.57,3.57,3.57,3.57
713412,均華統一67購01,304700,0.67,0.7,0.67,0.7
713413,東捷統一68購02,64350,1.22,1.25,1.19,1.19
713414,精材統一66購02,0,,,,
713415,精材統一67購03,736080,1.46,1.46,1.44,1.44
713416,精材統一6C購03,11900,1.19,1.19,1.19,1.19
713417,雙鴻統一65購03,391090,1.41,1.54,1.4,1.54
713418,穩懋統一65購03,501820,1.52,1.53,1.49,1.5
713419,弘塑富邦63購03,746590,0.78,0.87,0.77,0.87
713420,群聯富邦65購01,75260,0.95,0.96,0.95,0.96
713421,群聯富邦65購02,27280,0.88,0.88,0.88,0.88
713422,精材富邦65購01,59500,1.7,1.7,1.7,1.7
713423,精材富邦68購01,11530700,1.69,1.9,1.66,1.88
713424,廣閎科富邦63購02,46000,1.02,1.03,1.02,1.03
713425,茂綸國票68購01,8730,0.97,0.97,0.97,0.97
713426,鴻呈國票68購01,0,,,,
713427,元太凱基65購02,59850,1.33,1.33,1.33,1.33
713428,均華凱基65購01,254700,1.74,2.01,1.74,2.01
713429,杰力凱基65購01,10700,1.07,1.07,1.07,1.07
713430,威剛凱基63購12,5160,1.72,1.72,1.72,1.72
713431,晶呈凱基63購01,774920,3.03,3.03,2.71,2.72
713432,群聯凱基68購02,75060,2.78,2.78,2.78,2.78
713433,雙鴻凱基63購12,61200,4.08,4.08,4.08,4.08
713434,穩懋凱基63購09,33600,4.2,4.2,4.2,4.2
713435,譜瑞凱基63購02,2860,1.43,1.43,1.43,1.43
713436,譜瑞凱基63購03,97470,1.71,1.71,1.71,1.71
713437,譜瑞凱基63購04,0,,,,
713438,譜瑞凱基65購01,0,,,,
713439,譜瑞凱基65購02,0,,,,
713440,久元台新63購01,58500,1.17,1.17,1.17,1.17
713441,均華台新63購02,18740,1.36,1.36,1.33,1.33
713442,宜鼎台新63購02,14760,1.64,1.64,1.64,1.64
713443,威剛台新63購03,0,,,,
713444,威剛台新63購04,1297200,3.84,3.9,3.78,3.78
713445,茂綸台新63購01,552050,1.85,2.0,1.8,1.87
713446,倚強台新63購01,0,,,,
713447,群聯台新63購02,24320,1.52,1.52,1.52,1.52
713448,群聯台新63購03,0,,,,
713449,群聯台新63購04,48940,0.87,0.89,0.87,0.89
713450,群聯台新68購02,0,,,,
713451,頎邦台新63購01,0,,,,
713452,鴻呈台新63購01,0,,,,
713453,穩懋台新63購02,124140,4.13,4.24,4.12,4.12
713454,穩懋台新65購03,22590,3.78,3.78,3.75,3.75
713455,高技中信65購01,0,,,,
713456,崇越電中信63購01,0,,,,
713457,群聯中信68購01,0,,,,
713458,雙鴻中信68購01,284590,1.62,1.72,1.62,1.72
713459,穩懋中信68購03,19950,1.05,1.05,1.05,1.05
713460,互動永豐63購01,0,,,,
713461,均華永豐63購04,151080,0.9,1.01,0.9,1.01
713462,沛亨永豐63購01,272700,2.83,2.86,2.75,2.75
713463,良維永豐63購02,53200,1.33,1.33,1.33,1.33
713464,宜鼎永豐63購07,47320,0.38,0.38,0.36,0.36
713465,順達永豐63購05,84630,0.93,0.93,0.93,0.93
713466,新復興永豐63購01,0,,,,
713467,新應材永豐66購02,86830,1.05,1.09,1.04,1.09
713468,環球晶永豐63購07,130930,2.57,2.57,2.55,2.57
713469,環球晶永豐63購08,78850,2.03,2.05,1.99,1.99
713470,鴻呈永豐65購01,0,,,,
713471,台特化群益63購01,0,,,,
713472,弘塑群益63購06,440770,1.98,2.24,1.98,2.24
713473,信立群益63購01,0,,,,
713474,倚強群益65購01,0,,,,
713475,高技群益63購01,38400,1.2,1.2,1.2,1.2
713476,博智群益63購03,0,,,,
713477,順達群益63購04,2258580,0.69,0.72,0.68,0.69
713478,頎邦群益63購02,94830,4.57,4.57,4.11,4.21
713479,精材群益63購05,40800,3.4,3.4,3.4,3.4
713480,精材群益65購01,593780,2.27,2.59,2.27,2.59
713481,環球晶群益63購02,2401640,2.51,2.67,2.35,2.35
713482,穩懋群益63購04,4639860,3.57,3.9,3.34,3.52
713483,譜瑞群益63購01,0,,,,
713484,長科*國泰63購01,1177630,1.53,1.57,1.45,1.49
713485,高技國泰63購02,348090,0.99,1.05,0.99,1.03
713486,世界富邦63購01,566400,0.76,0.76,0.71,0.72
713487,均華富邦63購02,128450,0.84,0.91,0.84,0.91
713488,沛亨富邦63購01,0,,,,
713489,博智富邦63購04,76040,0.46,0.47,0.46,0.47
713490,穩懋富邦63購03,173160,1.51,1.58,1.49,1.54
713491,台半統一68購02,111720,0.76,0.76,0.76,0.76
713492,能率亞統一6B購01,0,,,,
713493,崇越電統一6B購01,0,,,,
713494,穩懋統一68購04,318300,1.2,1.23,1.16,1.22
713495,台半元大63購04,107100,1.09,1.09,0.79,0.79
713496,台半元大63購05,0,,,,
713497,台半元大63購06,931160,0.7,0.7,0.58,0.58
713498,台半元大68購02,813090,0.99,0.99,0.91,0.94
713499,弘塑元大66購01,509690,1.14,1.25,1.13,1.22
713500,弘塑元大68購02,415520,1.02,1.11,1.02,1.1
713501,弘塑元大68購03,661600,1.41,1.53,1.41,1.5
713502,均華元大63購01,266760,0.93,0.95,0.93,0.95
713503,宜鼎元大63購07,214560,0.36,0.36,0.36,0.36
713504,威剛元大63購07,1176900,1.39,1.39,1.32,1.32
713505,威剛元大63購08,6500,0.65,0.65,0.65,0.65
713506,能率元大63購03,0,,,,
713507,晶呈元大63購01,986120,2.09,2.09,1.85,1.85
713508,新應材元大65購01,223040,1.85,1.89,1.85,1.89
713509,新應材元大68購01,214170,1.06,1.11,1.05,1.1
713510,群聯元大63購20,188760,0.99,1.02,0.99,1.02
713511,精材元大65購02,70500,2.28,2.43,2.28,2.43
713512,蜜望實元大63購03,131130,0.51,0.51,0.49,0.49
713513,環球晶元大63購04,2096860,1.37,1.4,1.31,1.31
713514,環球晶元大63購05,708780,1.29,1.31,1.19,1.19
713515,環球晶元大65購05,256310,1.46,1.51,1.41,1.42
713516,環球晶元大68購11,953870,1.09,1.12,1.05,1.05
713517,雙鴻元大63購14,0,,,,
713518,雙鴻元大63購15,148090,2.34,2.51,2.32,2.51
713519,雙鴻元大63購16,593980,1.98,2.14,1.96,2.14
713520,雙鴻元大63購17,825140,1.81,1.95,1.8,1.95
713521,譜瑞元大63購06,0,,,,
713522,譜瑞元大63購07,0,,,,
713523,力致台新63購01,946570,1.53,1.74,1.49,1.74
713524,兆利台新64購01,0,,,,
713525,兆利台新65購01,0,,,,
713526,精材台新63購03,29260,2.64,2.75,2.64,2.75
713527,廣閎科台新63購01,33350,1.45,1.45,1.45,1.45
713528,環球晶台新63購02,741300,5.7,5.7,5.1,5.1
713529,環球晶台新63購03,893640,4.27,4.43,4.02,4.02
713530,雙鴻台新64購01,250620,4.05,4.3,4.05,4.27
713531,雙鴻台新64購02,401000,3.4,3.59,3.4,3.59
713532,台半凱基63購03,457390,1.37,1.38,1.11,1.11
713533,台特化凱基67購02,143830,2.12,2.16,2.01,2.01
713534,弘塑凱基69購01,1422570,2.54,2.76,2.5,2.72
713535,宜鼎凱基63購08,0,,,,
713536,茂綸凱基64購01,709360,2.05,2.05,1.89,1.89
713537,高技凱基63購03,24240,1.01,1.01,1.01,1.01
713538,博智凱基65購01,63690,2.1,2.16,2.1,2.13
713539,順達凱基64購03,0,,,,
713540,新應材凱基66購01,0,,,,
713541,頎邦凱基65購01,535420,2.88,2.93,2.8,2.8
713542,精材凱基63購07,32730,2.93,3.07,2.89,3.07
713543,精材凱基66購01,449080,3.76,3.81,3.76,3.81
713544,蜜望實凱基63購02,30600,0.9,0.9,0.9,0.9
713545,環球晶凱基69購01,0,,,,
713546,雙鴻凱基63購13,16900,3.38,3.38,3.38,3.38
713547,台半群益66購01,266960,2.09,2.09,1.83,1.83
713548,宏捷科群益63購01,743800,0.99,1.17,0.95,1.16
713549,沛亨群益63購01,0,,,,
713550,朋程群益63購01,138300,1.55,1.57,1.54,1.57
713551,欣銓群益63購02,47250,1.37,1.37,1.33,1.33
713552,威剛群益63購06,6700,1.34,1.34,1.34,1.34
713553,高技群益63購02,272380,1.35,1.44,1.35,1.41
713554,華景電群益63購01,321420,1.21,1.32,1.21,1.32
713555,萬泰科群益63購01,493090,1.92,2.2,1.92,2.19
713556,群聯群益63購07,8950,0.89,0.9,0.89,0.9
713557,聖暉*群益63購01,3620,1.81,1.81,1.81,1.81
713558,精材群益63購06,355200,3.89,4.5,3.89,4.49
713559,鴻呈群益66購01,0,,,,
713560,雙鴻群益63購07,927660,4.85,5.45,4.85,5.2
713561,青雲國票64購01,0,,,,
713562,青雲國票65購01,212920,1.99,1.99,1.97,1.97
713563,倚強國票64購01,25040,3.13,3.13,3.13,3.13
713564,家登國票64購01,92640,2.16,2.16,2.13,2.13
713565,達航國票64購01,0,,,,
713566,精材國票64購01,26790,1.41,1.41,1.41,1.41
713567,雙鴻國票64購01,0,,,,
713568,頎邦中信69購01,331340,0.84,0.84,0.81,0.81
713569,精材中信69購01,27300,0.87,0.93,0.87,0.93
713570,雙鴻中信69購01,337280,1.04,1.08,1.04,1.05
713571,安葆永豐64購02,30960,1.72,1.72,1.72,1.72
713572,宜鼎永豐65購03,246680,0.54,0.58,0.54,0.55
713573,宜鼎永豐68購01,0,,,,
713574,博盛永豐64購01,268610,1.22,1.31,1.15,1.19
713575,華洋永豐65購01,0,,,,
713576,廣閎科永豐64購01,43220,1.48,1.5,1.48,1.5
713577,雙鴻永豐64購07,238550,2.07,2.22,2.04,2.22
713578,雙鴻永豐65購05,69100,3.49,3.49,3.42,3.42
713579,雙鴻永豐68購01,232270,1.59,1.69,1.59,1.67
713580,千附精元大63購03,0,,,,
713581,中美晶元大63購08,876940,0.74,0.74,0.62,0.63
713582,弘塑元大67購02,539260,1.35,1.49,1.34,1.45
713583,弘塑元大68購04,890980,1.11,1.24,1.11,1.2
713584,宜鼎元大63購08,235000,0.47,0.47,0.47,0.47
713585,宜鼎元大63購09,310670,0.47,0.47,0.47,0.47
713586,威剛元大63購09,45260,1.46,1.46,1.46,1.46
713587,威剛元大63購10,0,,,,
713588,高技元大63購06,204670,0.34,0.37,0.34,0.36
713589,新應材元大66購01,397680,1.26,1.34,1.26,1.34
713590,精材元大63購06,39780,2.26,2.52,2.24,2.52
713591,精材元大63購07,0,,,,
713592,精材元大63購08,3400,1.7,1.7,1.7,1.7
713593,精材元大63購09,10670,1.15,1.19,1.15,1.19
713594,蜜望實元大63購04,59600,0.37,0.37,0.36,0.36
713595,營邦元大68購01,4800,0.96,0.96,0.96,0.96
713596,環球晶元大63購06,634130,1.11,1.15,1.07,1.08
713597,環球晶元大64購02,54380,1.16,1.18,1.13,1.13
713598,環球晶元大66購05,1206080,0.88,0.91,0.85,0.85
713599,鴻呈元大63購01,0,,,,
713600,鴻呈元大63購02,15000,0.3,0.3,0.3,0.3
713601,雙鴻元大63購18,586880,1.55,1.69,1.55,1.6
713602,雙鴻元大64購06,561250,1.72,1.75,1.72,1.75
713603,雙鴻元大65購02,607730,1.82,1.97,1.81,1.97
713604,鴻呈國泰64購01,0,,,,
713605,中美晶富邦63購03,163440,0.91,0.92,0.87,0.87
713606,元太富邦65購01,168910,0.54,0.56,0.54,0.56
713607,威剛富邦66購01,89100,0.44,0.46,0.44,0.45
713608,高技富邦66購01,18600,0.62,0.62,0.62,0.62
713609,晶呈富邦65購01,210320,1.04,1.05,0.94,0.94
713610,閎康富邦65購01,285820,0.68,0.76,0.65,0.76
713611,順達富邦64購02,42000,0.54,0.57,0.54,0.57
713612,頎邦富邦66購01,286080,0.82,0.82,0.76,0.76
713613,精材富邦65購02,1362350,1.09,1.22,1.06,1.21
713614,精材富邦79購01,2328730,1.22,1.36,1.2,1.36
713615,營邦富邦66購01,965200,0.81,0.93,0.8,0.91
713616,雙鴻富邦65購02,0,,,,
713617,雙鴻富邦66購01,239040,1.98,2.12,1.98,2.12
713618,雙鴻富邦66購02,692700,1.6,1.69,1.59,1.69
713619,雙鴻統一69購01,405950,1.2,1.24,1.19,1.23
713620,雙鴻統一6C購02,17180,0.73,0.76,0.72,0.76
713621,千附群益63購01,92400,1.05,1.05,1.05,1.05
713622,均華群益65購01,1141290,0.93,1.0,0.93,1.0
713623,亞通群益63購01,0,,,,
713624,宜鼎群益65購01,0,,,,
713625,威剛群益63購07,6270,0.62,0.64,0.62,0.62
713626,順達群益63購05,101720,1.33,1.43,1.31,1.4
713627,新應材群益64購02,0,,,,
713628,群聯群益63購08,30100,0.86,0.86,0.86,0.86
713629,頎邦群益63購03,337260,4.52,4.52,4.08,4.08
713630,精材群益63購07,641260,3.65,4.26,3.65,4.26
713631,精材群益63購08,1771970,2.45,2.98,2.45,2.91
713632,擎亞群益63購01,0,,,,
713633,環球晶群益63購03,4023250,2.58,2.74,2.45,2.45
713634,雙鴻群益63購08,629280,2.94,3.22,2.92,3.07
713635,元太國票64購02,0,,,,
713636,世界國票64購01,0,,,,
713637,弘塑國票64購01,0,,,,
713638,均華國票67購01,19820,1.15,1.18,1.15,1.18
713639,良維國票64購01,67580,0.99,1.0,0.96,1.0
713640,宜鼎國票64購01,6400,0.64,0.64,0.64,0.64
713641,欣銓國票64購01,38000,0.97,0.97,0.93,0.93
713642,威剛國票64購03,0,,,,
713643,高技國票64購01,0,,,,
713644,創泓國票64購01,407380,1.5,1.52,1.5,1.51
713645,智通*國票65購01,0,,,,
713646,萊德光國票64購01,357630,1.26,1.46,1.26,1.38
713647,雅特力國票64購01,0,,,,
713648,順達國票64購01,0,,,,
713649,群聯國票64購02,0,,,,
713650,頎邦國票64購05,0,,,,
713651,精材國票64購02,0,,,,
713652,蜜望實國票64購01,551340,1.66,1.7,1.58,1.58
713653,擎亞國票64購01,0,,,,
713654,擎亞國票65購01,5230,0.65,0.66,0.65,0.66
713655,擎亞國票66購01,0,,,,
713656,環球晶國票64購02,0,,,,
713657,環球晶國票65購01,104860,3.85,3.85,3.6,3.6
713658,環球晶國票66購01,394090,3.81,3.81,3.64,3.64
713659,鴻呈國票64購01,0,,,,
713660,雙鴻國票64購02,0,,,,
713661,安葆台新63購01,2320,2.32,2.32,2.32,2.32
713662,能率台新66購01,0,,,,
713663,萊德光台新63購01,3440230,1.53,1.75,1.49,1.63
713664,雅特力台新63購01,34880,1.16,1.16,1.04,1.04
713665,精材台新63購04,0,,,,
713666,擎亞台新63購01,2600,0.52,0.52,0.52,0.52
713667,擎亞台新66購01,0,,,,
713668,雙鴻台新66購01,209880,1.76,1.87,1.76,1.86
713669,千附精元大66購01,2150,0.43,0.43,0.43,0.43
713670,元太元大66購06,99100,1.17,1.24,1.17,1.21
713671,元太元大67購04,48040,1.05,1.1,1.05,1.1
713672,均華元大63購02,440840,0.75,0.82,0.75,0.82
713673,均華元大63購03,292750,0.77,0.85,0.77,0.85
713674,均華元大64購05,324420,0.82,0.92,0.82,0.92
713675,宜鼎元大63購10,825100,0.61,0.64,0.61,0.61
713676,宜鼎元大63購11,0,,,,
713677,青雲元大63購03,6800,0.68,0.68,0.68,0.68
713678,威剛元大63購11,0,,,,
713679,高技元大63購07,290850,0.74,0.77,0.74,0.75
713680,智通*元大67購01,148010,0.93,0.98,0.93,0.98
713681,雅特力元大63購01,100150,1.21,1.21,1.15,1.15
713682,群聯元大63購21,100700,0.89,0.91,0.89,0.89
713683,精材元大63購10,39200,1.91,2.01,1.91,2.01
713684,精材元大63購11,1176690,1.65,1.92,1.65,1.92
713685,精材元大63購12,76280,1.27,1.48,1.27,1.43
713686,精材元大64購02,45000,1.5,1.5,1.5,1.5
713687,精材元大65購03,148980,0.91,1.05,0.91,1.02
713688,蜜望實元大63購05,277660,0.52,0.52,0.49,0.49
713689,擎亞元大63購01,920,0.46,0.46,0.46,0.46
713690,環球晶元大63購07,69270,3.21,3.21,3.12,3.12
713691,環球晶元大63購08,83220,1.89,1.92,1.84,1.84
713692,環球晶元大67購04,995880,1.62,1.63,1.52,1.52
713693,雙鴻元大63購19,0,,,,
713694,雙鴻元大63購20,898650,1.42,1.42,1.31,1.35
713695,千附精凱基63購01,0,,,,
713696,中美晶凱基68購02,687190,3.74,3.74,3.51,3.51
713697,欣銓凱基68購01,0,,,,
713698,青雲凱基64購01,59660,1.57,1.57,1.57,1.57
713699,家登凱基64購01,0,,,,
713700,雅特力凱基63購01,66400,1.12,1.12,1.1,1.1
713701,雅特力凱基63購02,0,,,,
713702,雅特力凱基63購03,232930,1.18,1.18,1.17,1.17
713703,萬泰科凱基63購01,279010,2.09,2.38,2.09,2.38
713704,群聯凱基64購09,0,,,,
713705,群聯凱基69購01,119860,2.39,2.42,2.39,2.42
713706,聖暉*凱基63購02,0,,,,
713707,達航凱基66購01,0,,,,
713708,精材凱基63購08,234000,2.06,2.19,2.06,2.17
713709,擎亞凱基63購01,0,,,,
713710,擎亞凱基63購02,0,,,,
713711,擎亞凱基66購01,0,,,,
713712,營邦凱基68購01,418150,2.89,3.14,2.89,3.14
713713,鴻呈凱基63購01,0,,,,
713714,雙鴻凱基63購14,416000,2.24,2.4,2.24,2.4
713715,環球晶中信69購01,475450,2.29,2.4,2.23,2.23
713716,千附永豐63購01,141240,1.07,1.07,1.07,1.07
713717,宜鼎永豐67購02,111900,1.05,1.08,1.05,1.08
713718,宜鼎永豐69購01,81960,0.96,0.96,0.95,0.95
713719,青雲永豐64購01,0,,,,
713720,博士旺永豐63購01,0,,,,
713721,雅特力永豐64購01,446340,1.27,1.27,1.13,1.14
713722,雅特力永豐66購01,622990,1.59,1.59,1.56,1.57
713723,精材永豐64購03,238500,1.55,1.81,1.47,1.81
713724,精材永豐64購04,0,,,,
713725,精材永豐64購05,212500,1.65,1.9,1.65,1.9
713726,精材永豐66購01,7430,2.45,2.53,2.45,2.53
713727,蜜望實永豐65購01,0,,,,
713728,擎亞永豐64購02,49920,0.52,0.52,0.52,0.52
713729,擎亞永豐65購01,63400,0.78,0.81,0.78,0.81
713730,擎亞永豐66購01,0,,,,
713731,環球晶永豐63購09,146710,3.55,3.59,3.55,3.55
713732,環球晶永豐69購01,331280,3.43,3.48,3.43,3.48
713733,雙鴻永豐66購03,728310,1.74,1.87,1.74,1.87
713734,精材國泰64購01,1819740,2.22,2.57,2.22,2.53
713735,蜜望實國泰64購01,14460,1.21,1.21,1.19,1.19
713736,良維富邦64購02,140060,0.89,0.9,0.89,0.9
713737,宜鼎富邦63購03,0,,,,
713738,精材富邦63購01,3292010,1.04,1.21,1.01,1.21
713739,擎亞富邦64購01,2400,0.3,0.3,0.3,0.3
713740,環球晶富邦63購01,350650,1.22,1.23,1.15,1.15
713741,千附統一67購03,28670,0.5,0.51,0.5,0.51
713742,精材統一67購04,97630,0.79,0.86,0.78,0.86
713743,精材統一69購01,0,,,,
713744,擎亞統一69購01,0,,,,
713745,環球晶統一6A購03,237780,0.9,0.9,0.86,0.86
713746,雙鴻統一71購01,464380,0.98,1.03,0.98,1.03
713747,千附精台新63購01,0,,,,
713748,台半台新63購01,263660,3.52,3.52,3.21,3.21
713749,台半台新63購02,3810190,2.45,2.5,2.1,2.1
713750,弘塑台新63購02,951000,1.96,2.32,1.96,2.29
713751,弘塑台新64購01,60370,1.75,1.75,1.72,1.72
713752,弘塑台新65購01,588120,1.32,1.55,1.32,1.5
713753,正淩台新66購01,1729490,2.62,2.77,2.62,2.64
713754,亞信台新63購01,0,,,,
713755,東捷台新63購01,1033690,2.31,2.31,2.24,2.24
713756,新應材台新63購01,140940,1.39,1.5,1.39,1.5
713757,新應材台新63購02,1230,1.23,1.23,1.23,1.23
713758,漢達台新63購01,21360,2.14,2.14,2.12,2.12
713759,漢達台新63購02,2052360,2.5,2.5,2.34,2.34
713760,雙鴻台新63購04,4987780,1.87,2.09,1.76,2.09
713761,元太凱基67購01,181250,1.43,1.54,1.43,1.54
713762,弘塑凱基68購02,1089300,1.91,2.14,1.91,2.08
713763,良維凱基69購01,2250,2.25,2.25,2.25,2.25
713764,宜鼎凱基63購09,81800,1.14,1.16,1.14,1.16
713765,威剛凱基63購13,125600,1.81,1.81,1.78,1.78
713766,家登凱基63購03,0,,,,
713767,高技凱基63購04,89220,0.98,1.03,0.98,1.02
713768,智通*凱基63購03,0,,,,
713769,順達凱基63購10,0,,,,
713770,新應材凱基66購02,1078250,1.96,2.09,1.95,2.05
713771,頎邦凱基63購07,252770,2.73,2.74,2.68,2.68
713772,雙鴻凱基63購15,270910,2.28,2.4,2.22,2.35
713773,雙鴻凱基63購16,22400,2.24,2.24,2.24,2.24
713774,雙鴻凱基63購18,55820,2.08,2.08,2.06,2.06
713775,雙鴻凱基63購19,243280,1.91,2.07,1.91,2.07
713776,雙鴻凱基64購04,435480,2.12,2.28,2.08,2.19
713777,雙鴻凱基65購01,173300,2.35,2.56,2.3,2.56
713778,雙鴻凱基65購02,337570,2.38,2.56,2.38,2.56
713779,雙鴻凱基65購03,182200,2.68,2.89,2.65,2.86
713780,雙鴻凱基65購04,207100,2.46,2.55,2.4,2.55
713781,中美晶群益68購01,698940,1.02,1.02,0.91,0.91
713782,宏捷科群益63購02,178290,0.73,0.84,0.73,0.84
713783,亞信群益63購01,0,,,,
713784,倚強群益63購01,129500,2.59,2.59,2.59,2.59
713785,家登群益63購05,0,,,,
713786,晶宏群益64購01,0,,,,
713787,群聯群益63購09,26160,1.53,1.56,1.53,1.53
713788,廣閎科群益63購02,1054500,1.62,1.68,1.49,1.68
713789,雙鴻群益63購10,0,,,,
713790,雙鴻群益69購01,458360,1.37,1.45,1.36,1.42
713791,中美晶元大63購09,107140,0.96,0.96,0.87,0.87
713792,宜鼎元大63購12,216000,0.54,0.54,0.54,0.54
713793,青雲元大63購04,23850,0.6,0.6,0.59,0.6
713794,威剛元大63購12,0,,,,
713795,威剛元大67購01,44800,0.56,0.56,0.56,0.56
713796,高技元大63購08,228820,0.72,0.76,0.72,0.75
713797,群聯元大63購23,0,,,,
713798,營邦元大63購04,505620,1.56,1.66,1.56,1.66
713799,雙鴻元大63購21,522000,1.24,1.31,1.24,1.31
713800,雙鴻元大63購26,999370,1.02,1.13,1.01,1.13
713801,雙鴻元大63購28,295100,0.89,0.99,0.89,0.99
713802,雙鴻元大63購29,1012430,1.05,1.16,1.05,1.15
713803,雙鴻元大64購07,1416550,1.13,1.25,1.11,1.21
713804,雙鴻元大64購08,819430,1.12,1.24,1.1,1.2
713805,雙鴻元大64購09,1316280,0.83,0.91,0.81,0.86
713806,雙鴻元大65購03,925020,0.9,0.98,0.89,0.95
713807,雙鴻元大65購04,887710,0.85,0.94,0.85,0.89
713808,久元國票65購01,0,,,,
713809,大綜國票66購01,112570,2.24,2.5,2.23,2.48
713810,天良國票64購01,59500,0.25,0.25,0.23,0.23
713811,晶宏國票68購01,405320,0.73,0.74,0.71,0.71
713812,瑞耘國票68購01,8980,0.83,0.83,0.8,0.8
713813,萬泰科國票65購01,5400,1.08,1.08,1.08,1.08
713814,聖暉*國票65購03,0,,,,
713815,廣閎科國票65購01,0,,,,
713816,磐亞國票65購01,3200,0.64,0.64,0.64,0.64
713817,雙鴻國票69購02,81820,1.08,1.16,1.07,1.13
713818,晶宏統一71購01,69800,0.52,0.54,0.52,0.54
713819,新應材統一69購01,0,,,,
713820,新應材統一6C購01,30240,0.72,0.72,0.72,0.72
713821,擎亞統一69購02,0,,,,
713822,雙鴻統一6B購02,0,,,,
713823,雙鴻統一71購02,744170,0.96,1.0,0.95,0.97
713824,千附精永豐64購02,0,,,,
713825,廣閎科永豐63購03,356480,1.53,1.57,1.43,1.57
713826,廣閎科永豐64購02,375380,1.67,1.76,1.67,1.76
713827,能率富邦65購01,21100,0.29,0.29,0.28,0.28
713828,雙鴻富邦65購03,564980,1.02,1.1,1.02,1.07
713829,雙鴻富邦66購03,814810,0.93,1.03,0.92,1.03
713830,雙鴻富邦66購04,945930,0.81,0.89,0.8,0.86
713831,朋億*國泰64購01,150710,1.28,1.31,1.28,1.29
713832,穩得國泰64購01,3950,0.79,0.79,0.79,0.79
713833,良維中信69購01,6600,0.66,0.66,0.66,0.66
713834,力致台新63購02,89640,1.51,1.72,1.5,1.72
713835,力致台新63購03,123260,1.08,1.26,1.08,1.26
713836,千附台新63購01,75330,0.81,0.81,0.81,0.81
713837,天正台新63購01,1700,0.85,0.85,0.85,0.85
713838,宜鼎台新65購02,0,,,,
713839,華洋台新63購01,25150,0.66,0.67,0.65,0.65
713840,閎康台新63購01,1550950,1.14,1.39,1.13,1.34
713841,閎康台新63購02,118350,0.9,1.05,0.9,1.05
713842,閎康台新63購03,113710,0.83,0.83,0.83,0.83
713843,騰雲台新63購01,80770,0.85,0.87,0.85,0.87
713844,驊訊台新64購01,0,,,,
713845,驊訊台新64購02,0,,,,
713846,九暘國票65購02,1580,0.79,0.79,0.79,0.79
713847,力致國票66購01,0,,,,
713848,利機國票64購01,0,,,,
713849,均豪國票64購01,37200,0.94,0.94,0.92,0.92
713850,均豪國票65購01,9400,0.94,0.94,0.94,0.94
713851,亞通國票64購01,130100,1.63,1.68,1.59,1.59
713852,亞通國票65購01,0,,,,
713853,崴寶國票67購01,0,,,,
713854,晶宏國票6B購01,0,,,,
713855,智通*國票64購01,10890,1.21,1.21,1.21,1.21
713856,華宏國票67購01,308400,0.95,0.97,0.95,0.97
713857,閎康國票65購01,0,,,,
713858,新應材國票65購01,12300,1.23,1.23,1.23,1.23
713859,榮剛國票67購01,0,,,,
713860,營邦國票64購02,124200,1.8,1.9,1.8,1.9
713861,營邦國票64購03,0,,,,
713862,營邦國票66購01,34170,2.01,2.01,2.01,2.01
713863,大綜凱基63購01,478260,1.72,2.09,1.72,2.08
713864,宏捷科凱基63購02,39140,0.83,1.04,0.74,1.04
713865,宏捷科凱基64購01,649210,1.13,1.31,1.13,1.31
713866,沛亨凱基63購02,4440,1.48,1.48,1.48,1.48
713867,亞信凱基63購01,0,,,,
713868,青雲凱基63購02,325200,1.92,1.93,1.86,1.87
713869,晶宏凱基64購01,13800,0.69,0.69,0.69,0.69
713870,鈊象凱基67購01,21880,2.42,2.44,2.42,2.44
713871,群聯凱基63購18,50540,1.28,1.3,1.28,1.3
713872,群聯凱基63購19,39520,1.2,1.2,1.19,1.19
713873,聖暉*凱基65購01,49340,1.71,1.71,1.6,1.6
713874,漢達凱基65購01,0,,,,
713875,廣閎科凱基63購03,517090,1.8,2.61,1.69,1.91
713876,營邦凱基63購05,93080,1.28,1.32,1.28,1.32
713877,威剛群益63購08,5550,1.11,1.11,1.11,1.11
713878,晶宏群益64購02,0,,,,
713879,新應材群益63購02,46090,0.79,0.86,0.79,0.86
713880,元太永豐64購01,243420,1.5,1.57,1.5,1.57
713881,天正永豐66購01,0,,,,
713882,巨漢永豐64購01,91000,1.78,1.82,1.78,1.81
713883,博盛永豐63購03,101920,1.82,1.82,1.82,1.82
713884,晶宏永豐63購01,0,,,,
713885,千附精富邦63購01,14400,0.18,0.18,0.18,0.18
713886,弘塑國泰64購01,430050,1.59,1.81,1.58,1.74
713887,威剛統一69購02,0,,,,
713888,晶宏統一69購01,47120,0.6,0.66,0.6,0.66
713889,擎亞統一71購01,0,,,,
713890,千附精元大69購01,0,,,,
713891,宏捷科元大63購01,240670,0.76,0.89,0.71,0.89
713892,宏捷科元大67購02,38880,1.03,1.14,1.02,1.14
713893,良維元大63購03,81530,1.6,1.7,1.56,1.7
713894,良維元大67購01,0,,,,
713895,宜鼎元大63購13,262960,0.51,0.51,0.5,0.51
713896,威剛元大67購02,0,,,,
713897,建榮元大63購01,156490,1.1,1.1,1.09,1.09
713898,晶宏元大63購01,8250,0.57,0.57,0.51,0.51
713899,雅特力元大63購02,25050,1.24,1.24,1.15,1.15
713900,順達元大63購08,131520,0.98,1.04,0.98,1.02
713901,群翊元大63購01,351860,1.9,1.97,1.84,1.85
713902,群聯元大63購24,57750,1.05,1.05,1.05,1.05
713903,擎亞元大63購02,0,,,,
713904,擎亞元大63購03,173590,0.51,0.53,0.51,0.53
713905,天正台新63購02,355500,0.79,0.79,0.79,0.79
713906,印能台新63購01,0,,,,
713907,印能台新63購02,0,,,,
713908,沛亨台新63購01,17820,1.62,1.62,1.62,1.62
713909,晶宏台新63購01,0,,,,
713910,晶宏台新63購02,0,,,,
713911,鈊象台新63購01,11250,2.25,2.25,2.25,2.25
713912,群聯台新63購05,34840,1.57,1.62,1.57,1.62
713913,群聯台新63購06,39960,1.11,1.11,1.11,1.11
713914,力致凱基63購01,27720,1.67,1.76,1.67,1.69
713915,印能凱基63購01,1579950,1.66,1.66,1.59,1.6
713916,印能凱基63購02,140530,1.7,1.7,1.63,1.64
713917,印能凱基64購02,245570,1.62,1.63,1.62,1.63
713918,印能凱基65購01,471890,1.8,1.82,1.76,1.77
713919,印能凱基65購02,371750,1.98,1.98,1.92,1.95
713920,均豪凱基65購02,0,,,,
713921,良維凱基63購03,140200,2.64,2.64,2.54,2.54
713922,亞通凱基63購01,0,,,,
713923,宜鼎凱基63購10,128400,1.2,1.2,1.2,1.2
713924,威剛凱基67購01,0,,,,
713925,建榮凱基63購02,680830,1.06,1.15,1.05,1.06
713926,晶宏凱基64購02,0,,,,
713927,智通*凱基64購01,0,,,,
713928,閎康凱基63購02,114680,1.46,1.63,1.4,1.63
713929,新應材凱基68購01,72470,1.72,1.81,1.7,1.77
713930,印能國票64購01,6850,1.37,1.37,1.37,1.37
713931,印能國票65購01,0,,,,
713932,沛亨國票66購02,0,,,,
713933,泓格國票64購01,0,,,,
713934,晶宏國票66購01,6900,0.69,0.69,0.69,0.69
713935,群聯國票66購03,1250,1.25,1.25,1.25,1.25
713936,印能群益63購01,0,,,,
713937,印能群益65購01,1053860,1.14,1.17,1.13,1.14
713938,沛亨群益64購01,0,,,,
713939,鈊象群益63購04,0,,,,
713940,群聯群益63購10,33200,1.5,1.59,1.5,1.59
713941,營邦群益63購02,11800,1.16,1.2,1.16,1.2
713942,營邦群益65購01,35200,1.31,1.46,1.31,1.46
713943,印能中信67購01,80130,0.85,0.85,0.81,0.81
713944,印能統一67購01,14630,0.77,0.77,0.77,0.77
713945,沛亨統一6A購01,0,,,,
713946,晶宏統一67購01,56400,0.47,0.47,0.47,0.47
713947,印能國泰64購01,0,,,,
713948,印能國泰65購01,147000,1.0,1.0,1.0,1.0
713949,宜特國泰64購01,39560,1.72,1.72,1.72,1.72
713950,晶宏國泰64購01,87000,0.98,1.03,0.94,0.94
713951,營邦國泰64購01,29100,1.94,1.94,1.94,1.94
713952,均豪富邦63購01,248030,0.5,0.51,0.49,0.51
713953,營邦富邦66購02,148980,0.57,0.65,0.56,0.65
713954,九暘永豐64購01,14070,1.28,1.28,1.27,1.27
713955,川寶永豐63購01,291640,1.38,1.38,1.2,1.25
713956,印能永豐63購01,0,,,,
713957,印能永豐64購02,200970,0.88,0.88,0.87,0.87
713958,印能永豐65購01,0,,,,
713959,晶宏永豐64購01,0,,,,
713960,群翊永豐63購01,16300,1.63,1.63,1.63,1.63
713961,頎邦永豐64購03,0,,,,
713962,頎邦永豐66購01,14210,2.03,2.03,2.03,2.03
713963,中美晶元大63購10,676410,1.87,1.9,1.65,1.65
713964,印能元大67購01,46880,0.87,0.87,0.86,0.86
713965,印能元大68購01,0,,,,
713966,沛亨元大63購01,0,,,,
713967,沛亨元大63購02,52440,1.14,1.14,1.14,1.14
713968,沛亨元大69購01,168410,0.86,0.86,0.83,0.83
713969,良維元大63購04,28240,1.34,1.35,1.34,1.35
713970,良維元大67購02,188110,1.22,1.28,1.22,1.26
713971,宜鼎元大63購14,43300,0.79,0.8,0.78,0.78
713972,威剛元大63購13,151390,1.09,1.12,1.09,1.09
713973,晶宏元大63購02,53400,0.47,0.5,0.47,0.5
713974,湧德元大63購01,557990,0.63,0.63,0.61,0.63
713975,順達元大63購09,706380,1.27,1.27,1.23,1.23
713976,順達元大63購10,35660,0.59,0.62,0.59,0.62
713977,新應材元大63購05,305740,0.75,0.82,0.75,0.82
713978,新應材元大63購06,109470,1.12,1.18,1.11,1.18
713979,群聯元大63購25,640310,0.93,0.98,0.93,0.98
713980,聖暉*元大63購01,386670,0.79,0.81,0.74,0.76
713981,漢達元大63購01,112410,4.15,4.18,4.15,4.18
713982,廣閎科元大63購01,576290,1.66,1.77,1.65,1.77
713983,廣閎科元大69購01,14400,0.72,0.72,0.72,0.72
713984,擎亞元大63購04,0,,,,
713985,擎亞元大63購05,0,,,,
713986,擎亞元大68購01,107670,0.66,0.67,0.65,0.67
713987,譜瑞元大63購08,0,,,,
713988,東捷台新63購02,14100,2.35,2.35,2.35,2.35
713989,東捷台新63購03,857380,2.49,2.49,2.19,2.19
713990,新應材台新64購03,116340,1.56,1.66,1.56,1.66
713991,群聯台新63購07,30080,1.88,1.88,1.88,1.88
713992,群聯台新63購08,0,,,,
713993,德微台新63購01,364040,4.09,4.19,4.01,4.01
713994,德微台新64購01,15270,3.81,3.84,3.81,3.84
713995,德微台新65購01,705370,2.97,3.1,2.54,2.55
713996,立敦群益63購01,117120,1.67,1.67,1.53,1.53
713997,良維群益63購02,6050,1.21,1.21,1.21,1.21
713998,良維群益65購01,35650,1.38,1.44,1.38,1.44
713999,東捷群益65購01,0,,,,
714000,新應材群益63購03,243570,1.42,1.56,1.39,1.56
714001,群聯群益63購11,53500,1.35,1.37,1.33,1.37
714002,漢達群益64購01,1055600,3.07,3.07,2.83,2.83
714003,漢達群益65購01,572640,3.01,3.15,2.9,2.94
714004,沛亨凱基63購03,11140,2.24,2.24,2.18,2.18
714005,良維凱基63購04,18400,1.15,1.15,1.15,1.15
714006,信紘科凱基63購01,299360,0.94,0.98,0.94,0.98
714007,萊德光凱基63購01,77370,1.2,1.36,1.18,1.31
714008,順達凱基65購01,63040,2.04,2.04,2.03,2.03
714009,鈊象凱基63購05,24800,2.48,2.48,2.48,2.48
714010,群聯凱基64購10,106860,2.38,2.43,2.36,2.41
714011,聖暉*凱基63購03,3764070,2.25,2.34,2.16,2.23
714012,鈺太凱基63購01,4500,0.9,0.9,0.9,0.9
714013,漢達凱基63購02,217260,2.39,2.46,2.26,2.26
714014,德微凱基63購01,757360,3.69,3.69,2.96,2.96
714015,德微凱基63購02,509730,3.86,3.88,3.36,3.37
714016,德微凱基65購01,0,,,,
714017,營邦凱基63購06,155470,1.68,1.85,1.68,1.85
714018,台半元大63購07,72150,1.95,1.95,1.95,1.95
714019,台半元大63購08,106140,1.43,1.43,1.27,1.27
714020,台半元大63購09,127570,1.2,1.21,1.02,1.02
714021,沛亨元大63購03,5280,1.32,1.32,1.32,1.32
714022,宜鼎元大69購01,265740,0.89,0.9,0.89,0.89
714023,威剛元大63購14,105440,1.45,1.45,1.4,1.4
714024,晶宏元大63購03,0,,,,
714025,群聯元大63購26,897170,1.27,1.3,1.27,1.27
714026,廣閎科元大63購02,593190,0.85,0.9,0.83,0.89
714027,廣閎科元大69購02,130970,0.75,0.78,0.75,0.78
714028,德微元大63購01,210090,2.27,2.35,2.02,2.02
714029,德微元大69購01,109630,2.06,2.12,1.97,1.97
714030,晶宏中信63購01,165630,0.24,0.28,0.24,0.26
714031,台半國票65購01,62500,1.25,1.25,1.25,1.25
714032,正淩國票67購01,0,,,,
714033,宸曜國票64購01,0,,,,
714034,宸曜國票65購01,0,,,,
714035,高鋒國票65購01,0,,,,
714036,新門國票69購01,123750,0.65,0.73,0.65,0.73
714037,群翊國票65購02,15250,0.99,1.03,0.99,1.03
714038,漢達國票69購01,0,,,,
714039,德微國票65購02,0,,,,
714040,譜瑞國票66購02,0,,,,
714041,寶雅*國票66購02,0,,,,
714042,沛亨永豐63購02,0,,,,
714043,良維永豐64購01,217380,1.2,1.21,1.2,1.21
714044,東捷永豐63購04,24000,2.4,2.4,2.4,2.4
714045,東捷永豐64購03,39000,1.95,1.95,1.95,1.95
714046,泓格永豐63購01,0,,,,
714047,泓格永豐64購02,0,,,,
714048,德微永豐64購01,37420,2.11,2.14,1.82,1.82
714049,德微永豐65購01,0,,,,
714050,寶雅*永豐64購01,56280,0.88,0.88,0.86,0.86
714051,印能統一66購01,0,,,,
714052,東捷國泰64購01,2960,1.48,1.48,1.48,1.48
714053,元太富邦65購02,219030,0.63,0.66,0.63,0.65
714054,宜鼎富邦64購01,42810,0.6,0.61,0.6,0.61
714055,高技富邦65購01,62050,0.72,0.75,0.72,0.75
714056,晶呈富邦65購02,18270,1.44,1.44,1.34,1.34
714057,新應材富邦63購04,43920,0.61,0.61,0.61,0.61
714058,群聯富邦65購03,104680,0.86,0.88,0.86,0.88
714059,群聯富邦65購04,125850,0.99,1.02,0.99,1.02
714060,群聯富邦65購05,364870,1.14,1.16,1.12,1.14
714061,聖暉*富邦63購01,219400,0.87,0.87,0.84,0.84
714062,譜瑞富邦65購01,0,,,,
714063,M31台新63購01,0,,,,
714064,M31台新66購01,83760,3.49,3.49,3.49,3.49
714065,光頡台新63購01,0,,,,
714066,光頡台新66購01,225530,4.63,5.0,4.5,4.5
714067,竹陞台新63購01,17280,1.44,1.44,1.44,1.44
714068,均華台新63購03,21540,0.76,0.78,0.76,0.78
714069,均華台新64購01,10800,0.72,0.72,0.72,0.72
714070,昇達科台新63購01,1465000,1.35,1.67,1.32,1.67
714071,昇達科台新66購01,927690,1.56,1.8,1.53,1.8
714072,信驊台新63購01,273080,3.23,3.35,3.23,3.35
714073,信驊台新63購02,162280,2.32,2.42,2.32,2.42
714074,信驊台新63購03,156150,1.43,1.58,1.43,1.52
714075,信驊台新66購01,62860,4.39,4.57,4.39,4.57
714076,信驊台新66購02,64210,3.35,3.43,3.35,3.43
714077,漢達台新63購03,672670,1.41,1.48,1.35,1.35
714078,漢達台新63購04,405400,1.2,1.23,1.15,1.15
714079,耀穎台新63購01,13980,1.34,1.34,1.22,1.22
714080,M31凱基63購02,0,,,,
714081,M31凱基63購03,19390,3.23,3.26,3.2,3.24
714082,M31凱基63購04,1132950,3.14,3.14,3.05,3.05
714083,光頡凱基63購01,112650,2.96,2.96,2.78,2.78
714084,光頡凱基63購02,0,,,,
714085,光頡凱基63購03,0,,,,
714086,竹陞凱基63購01,174090,1.09,1.09,1.07,1.07
714087,竹陞凱基63購02,276700,1.19,1.21,1.18,1.19
714088,竹陞凱基63購03,9980,1.43,1.43,1.42,1.42
714089,均華凱基63購02,104180,0.63,0.78,0.63,0.78
714090,均華凱基64購03,279170,0.88,0.97,0.88,0.96
714091,宜鼎凱基63購11,130290,1.01,1.01,1.01,1.01
714092,昇達科凱基63購01,867080,1.25,1.67,1.24,1.67
714093,昇達科凱基63購02,251810,1.3,1.63,1.3,1.63
714094,昇達科凱基63購03,922010,1.45,1.9,1.45,1.9
714095,昇達科凱基63購04,2169860,1.6,1.98,1.59,1.98
714096,信驊凱基63購01,993730,1.55,1.64,1.53,1.6
714097,信驊凱基63購02,739230,1.98,2.04,1.97,2.04
714098,信驊凱基63購03,486640,2.35,2.47,2.34,2.47
714099,信驊凱基63購04,332610,2.68,2.83,2.68,2.83
714100,信驊凱基63購05,400640,3.36,3.53,3.3,3.53
714101,威剛凱基63購14,66000,1.32,1.32,1.32,1.32
714102,新應材凱基63購09,0,,,,
714103,群聯凱基67購01,328360,2.4,2.46,2.39,2.46
714104,雷科凱基63購01,1272280,2.43,2.6,2.29,2.6
714105,雷科凱基63購02,43070,2.7,2.72,2.67,2.67
714106,雷科凱基63購03,0,,,,
714107,頎邦凱基64購04,172860,1.91,1.91,1.72,1.72
714108,穩懋凱基66購01,133790,4.25,4.25,4.04,4.17
714109,光頡統一65購03,1092600,1.41,1.46,1.37,1.37
714110,光頡統一68購01,1005200,1.42,1.46,1.37,1.37
714111,光頡統一6C購01,0,,,,
714112,光頡統一79購01,399930,1.1,1.12,1.09,1.11
714113,均華統一67購02,101640,0.45,0.49,0.45,0.49
714114,均華統一6C購01,168170,0.52,0.55,0.52,0.55
714115,良維統一65購01,134070,0.66,0.7,0.65,0.7
714116,良維統一6C購01,0,,,,
714117,昇達科統一67購01,985520,0.77,0.89,0.76,0.89
714118,昇達科統一6C購01,215270,0.81,0.91,0.81,0.91
714119,昇達科統一6C購02,37260,0.81,0.81,0.81,0.81
714120,金山電統一6C購02,19500,0.65,0.65,0.65,0.65
714121,信紘科統一6C購01,73700,0.67,0.67,0.67,0.67
714122,德微統一66購01,0,,,,
714123,營邦統一6C購02,0,,,,
714124,穩懋統一67購02,547850,0.91,0.94,0.9,0.91
714125,穩懋統一6C購04,149480,1.0,1.0,0.96,0.97
714126,光頡國泰64購01,0,,,,
714127,均華國泰64購02,69720,0.83,0.83,0.83,0.83
714128,良維國泰64購01,41180,1.85,1.88,1.85,1.88
714129,昇達科國泰64購01,89900,1.23,1.48,1.23,1.46
714130,昇達科國泰65購01,69390,1.37,1.5,1.37,1.49
714131,信紘科國泰64購01,33250,1.75,1.75,1.75,1.75
714132,鈊象國泰64購01,7530,2.51,2.51,2.51,2.51
714133,雷科國泰64購01,37800,1.89,1.89,1.89,1.89
714134,雷科國泰65購01,1194820,2.93,3.11,2.84,3.05
714135,漢達國泰64購01,204770,2.66,2.69,2.58,2.58
714136,穩懋國泰65購02,44140,4.88,4.99,4.88,4.99
714137,M31富邦65購02,63500,1.27,1.27,1.27,1.27
714138,弘塑富邦65購01,213360,0.66,0.72,0.65,0.72
714139,均華富邦65購01,306250,0.51,0.57,0.5,0.57
714140,信驊富邦66購01,187380,4.06,4.15,4.01,4.12
714141,穩懋富邦65購02,172490,1.54,1.66,1.53,1.6
714142,M31中信66購01,4550,0.65,0.65,0.65,0.65
714143,光頡中信63購01,271430,1.45,1.49,1.34,1.34
714144,竹陞中信69購01,115050,0.69,0.69,0.62,0.62
714145,均華中信69購01,291750,0.45,0.48,0.44,0.48
714146,昇達科中信69購01,297830,0.8,1.0,0.79,0.96
714147,信驊中信63購01,198450,2.01,2.07,2.0,2.07
714148,群聯中信68購02,11700,0.78,0.78,0.78,0.78
714149,穩懋中信65購01,1021760,1.13,1.18,1.09,1.13
714150,M31永豐64購01,79800,1.33,1.33,1.33,1.33
714151,M31永豐65購01,0,,,,
714152,元太永豐63購03,227530,0.89,0.94,0.89,0.94
714153,光焱永豐63購01,222000,1.11,1.11,1.11,1.11
714154,光頡永豐63購01,0,,,,
714155,光頡永豐63購02,76480,2.23,2.26,2.23,2.26
714156,光頡永豐69購01,35360,4.42,4.42,4.42,4.42
714157,竹陞永豐64購02,67300,0.97,0.97,0.96,0.96
714158,竹陞永豐66購01,93980,0.85,0.85,0.78,0.78
714159,昇達科永豐63購01,1508970,0.95,1.17,0.93,1.16
714160,昇達科永豐63購02,283230,1.01,1.13,1.01,1.13
714161,昇達科永豐63購03,1097300,0.73,0.91,0.72,0.91
714162,昇達科永豐66購01,212780,1.87,2.12,1.87,2.12
714163,昇達科永豐66購02,374430,1.4,1.58,1.4,1.58
714164,昇達科永豐69購01,297890,2.13,2.36,2.11,2.35
714165,昇達科永豐69購02,610870,1.65,1.92,1.65,1.92
714166,信紘科永豐63購01,322250,1.0,1.05,1.0,1.05
714167,信驊永豐63購02,84090,1.71,1.82,1.71,1.82
714168,信驊永豐64購02,138110,2.89,2.98,2.89,2.98
714169,凱崴永豐64購01,14700,0.98,0.98,0.98,0.98
714170,萊德光永豐63購01,293260,1.4,1.73,1.4,1.68
714171,聖暉*永豐63購02,33810,1.76,1.84,1.76,1.83
714172,雷科永豐63購01,400160,1.74,1.83,1.69,1.83
714173,雷科永豐63購02,746690,1.72,1.81,1.66,1.81
714174,雷科永豐66購01,188180,2.2,2.31,2.2,2.31
714175,雷科永豐69購01,11900,4.5,4.5,3.7,3.7
714176,穩懋永豐63購05,343630,2.77,2.77,2.55,2.68
714177,光頡元大63購01,53040,2.12,2.14,2.12,2.14
714178,光頡元大63購02,289100,2.0,2.11,2.0,2.01
714179,印能元大63購01,46970,0.87,0.87,0.86,0.86
714180,印能元大63購02,142200,0.79,0.79,0.79,0.79
714181,竹陞元大63購01,0,,,,
714182,昇達科元大63購01,330020,1.18,1.64,1.18,1.64
714183,信驊元大63購02,138880,3.1,3.22,3.1,3.22
714184,信驊元大64購01,288330,3.07,3.31,3.07,3.31
714185,信驊元大67購01,394410,4.03,4.18,3.97,4.18
714186,信驊元大69購01,256990,4.65,4.95,4.65,4.93
714187,高技元大63購09,58880,1.28,1.28,1.28,1.28
714188,高技元大63購10,123730,0.89,0.94,0.89,0.94
714189,雅特力元大63購03,98220,1.09,1.09,1.04,1.04
714190,新普元大63購01,39990,1.24,1.26,1.21,1.21
714191,新應材元大63購07,82550,0.93,1.01,0.93,1.01
714192,新應材元大63購08,0,,,,
714193,新應材元大63購09,19830,0.47,0.51,0.47,0.51
714194,群聯元大63購27,0,,,,
714195,雷科元大63購01,0,,,,
714196,漢達元大63購02,517200,1.31,1.38,1.27,1.27
714197,漢達元大63購03,78320,1.78,1.78,1.78,1.78
714198,漢達元大69購01,1051060,1.15,1.19,1.12,1.12
714199,廣閎科元大63購03,158680,0.7,0.74,0.69,0.74
714200,營邦元大63購05,238110,1.11,1.29,1.11,1.29
714201,鴻呈元大63購03,0,,,,
714202,FH中5G群益63購01,52800,0.37,0.38,0.37,0.38
714203,M31群益63購01,205350,2.33,2.33,2.19,2.19
714204,千附精群益63購01,0,,,,
714205,中美晶群益63購06,944310,3.56,3.56,3.0,3.0
714206,世界群益65購01,674870,1.85,1.85,1.76,1.83
714207,均華群益63購02,115840,0.66,0.8,0.66,0.8
714208,均豪群益63購01,38400,0.8,0.8,0.8,0.8
714209,宜鼎群益63購04,85750,0.94,0.94,0.91,0.93
714210,宜鼎群益63購05,0,,,,
714211,泓格群益63購01,40000,1.25,1.25,1.25,1.25
714212,信驊群益63購01,999610,2.61,2.8,2.59,2.8
714213,信驊群益63購02,261930,1.72,1.81,1.71,1.81
714214,能率群益63購01,0,,,,
714215,崇越電群益63購01,0,,,,
714216,順達群益63購06,563320,2.96,3.07,2.94,2.94
714217,鈊象群益66購01,49500,0.99,0.99,0.99,0.99
714218,勤凱群益63購01,0,,,,
714219,新應材群益63購04,129150,0.9,0.9,0.89,0.9
714220,群聯群益63購12,219880,1.42,1.55,1.42,1.49
714221,群聯群益63購13,41120,1.23,1.32,1.23,1.3
714222,雷科群益63購01,76160,2.3,2.42,2.29,2.42
714223,雷科群益63購02,6187530,2.15,2.3,2.05,2.29
714224,穩懋群益63購05,699220,1.75,1.81,1.66,1.72
714225,天良國票64購02,224060,0.34,0.34,0.34,0.34
714226,光頡國票65購01,63020,3.46,3.46,3.29,3.29
714227,均華國票65購02,396560,0.78,0.82,0.78,0.82
714228,昇達科國票65購01,185180,1.33,1.4,1.33,1.4
714229,金山電國票6A購01,1770,0.9,0.9,0.87,0.87
714230,信紘科國票64購01,1074480,1.48,1.48,1.48,1.48
714231,信紘科國票65購01,1280,1.28,1.28,1.28,1.28
714232,信驊國票64購01,3540,3.54,3.54,3.54,3.54
714233,華宏國票69購01,18600,0.93,0.93,0.93,0.93
714234,雅特力國票67購01,409040,0.82,0.82,0.8,0.8
714235,雷科國票65購01,535050,2.08,2.16,2.03,2.12
714236,漢達國票6B購01,0,,,,
714237,磐亞國票66購02,0,,,,
714238,穩懋國票66購01,154040,1.62,1.62,1.57,1.57
714239,穩懋國票67購01,5280,1.76,1.76,1.76,1.76
714240,巨有元大63購01,0,,,,
714241,巨有元大63購02,0,,,,
714242,弘塑元大63購06,630240,1.17,1.34,1.17,1.34
714243,弘塑元大63購07,234040,0.55,0.59,0.55,0.59
714244,弘塑元大63購08,60500,0.55,0.55,0.55,0.55
714245,竹陞元大63購02,113140,0.86,0.86,0.54,0.85
714246,竹陞元大69購01,453620,0.74,0.74,0.74,0.74
714247,均華元大63購04,581170,0.56,0.63,0.56,0.63
714248,均豪元大63購01,14700,2.1,2.1,2.1,2.1
714249,均豪元大63購02,119520,0.72,0.72,0.72,0.72
714250,均豪元大67購01,191050,0.93,0.93,0.91,0.91
714251,東捷元大63購02,216960,1.32,1.32,1.26,1.26
714252,東捷元大67購01,0,,,,
714253,東捷元大69購01,142000,0.71,0.71,0.71,0.71
714254,南俊元大63購01,1147910,0.88,0.93,0.86,0.92
714255,南俊元大69購01,947690,1.0,1.07,1.0,1.06
714256,崇越電元大63購01,0,,,,
714257,群聯元大63購28,257780,1.24,1.32,1.24,1.32
714258,聖暉*元大63購02,136080,1.33,1.33,1.22,1.26
714259,聖暉*元大63購03,14430,1.11,1.11,1.11,1.11
714260,營邦元大63購06,730,0.73,0.73,0.73,0.73
714261,FH中5G凱基64購01,203400,0.92,0.94,0.92,0.94
714262,世界凱基65購02,0,,,,
714263,弘塑凱基66購01,149920,1.88,1.89,1.84,1.89
714264,印能凱基63購03,179420,1.2,1.2,1.14,1.15
714265,均豪凱基64購01,5100,1.02,1.02,1.02,1.02
714266,泓格凱基64購01,29860,1.39,1.39,1.33,1.33
714267,崇越電凱基63購02,30600,1.22,1.24,1.22,1.24
714268,凱崴凱基65購01,21450,1.05,1.05,1.01,1.01
714269,博士旺凱基63購01,0,,,,
714270,華宏凱基63購01,815730,1.51,1.51,1.43,1.44
714271,鈊象凱基63購06,53600,2.68,2.68,2.68,2.68
714272,新普凱基63購01,4600,1.15,1.15,1.15,1.15
714273,新應材凱基63購10,168310,1.83,1.94,1.83,1.94
714274,群聯凱基63購20,83820,1.88,1.96,1.85,1.91
714275,營邦凱基66購01,0,,,,
714276,世界台新63購01,105720,3.08,3.08,2.94,2.94
714277,宜鼎台新65購03,14160,2.36,2.36,2.36,2.36
714278,東捷台新63購04,57480,1.21,1.21,1.17,1.17
714279,南俊台新63購01,65240,0.91,0.99,0.91,0.99
714280,南俊台新63購02,215240,0.74,0.75,0.73,0.73
714281,頎邦台新63購02,2387010,3.41,3.41,3.0,3.19
714282,頎邦台新66購01,1080890,2.58,2.58,2.35,2.46
714283,安葆國票68購02,0,,,,
714284,南俊國票66購01,68810,0.65,0.68,0.65,0.67
714285,新應材國票64購02,30260,1.78,1.78,1.78,1.78
714286,雷科國票64購01,1808320,2.2,2.29,2.07,2.25
714287,雷科國票64購02,22400,2.24,2.24,2.24,2.24
714288,M31群益63購02,384230,1.9,1.9,1.77,1.77
714289,巨有群益63購02,14050,7.05,7.05,7.0,7.0
714290,光頡群益63購01,0,,,,
714291,光頡群益66購01,37300,3.73,3.73,3.73,3.73
714292,竹陞群益63購01,702500,1.15,1.2,1.15,1.18
714293,竹陞群益63購02,179120,0.99,0.99,0.97,0.97
714294,均華群益65購02,121700,1.06,1.15,1.06,1.15
714295,宏捷科群益63購03,365750,1.25,1.49,1.15,1.49
714296,系微群益63購01,19050,1.27,1.27,1.27,1.27
714297,良維群益63購03,0,,,,
714298,宜鼎群益63購06,66970,1.81,1.81,1.81,1.81
714299,東捷群益65購02,148030,1.73,1.73,1.59,1.59
714300,南俊群益63購01,174430,0.81,0.88,0.81,0.86
714301,南俊群益63購02,0,,,,
714302,威剛群益63購09,56220,2.44,2.46,2.44,2.46
714303,雅特力群益63購01,93290,1.17,1.18,1.03,1.03
714304,雅特力群益63購02,302220,0.88,0.88,0.74,0.74
714305,新應材群益63購05,28000,1.82,1.89,1.82,1.89
714306,群聯群益63購14,297320,3.36,3.51,3.36,3.51
714307,頎邦群益63購04,1402970,1.68,1.74,1.68,1.74
714308,頎邦群益63購05,355430,1.64,1.64,1.47,1.49
714309,營邦群益64購01,11100,1.09,1.13,1.09,1.13
714310,光頡統一68購02,841440,1.38,1.43,1.34,1.34
714311,光頡統一69購01,1021070,1.46,1.53,1.42,1.42
714312,佳邦統一6B購01,45880,0.56,0.6,0.56,0.59
714313,昇達科統一68購01,1550880,0.73,0.92,0.73,0.92
714314,昇達科統一6C購03,19600,0.8,0.82,0.8,0.82
714315,昇達科統一6C購04,3160,0.79,0.79,0.79,0.79
714316,東捷統一6B購02,0,,,,
714317,金山電統一69購01,342020,0.69,0.69,0.66,0.66
714318,南俊統一6C購01,49000,0.49,0.49,0.49,0.49
714319,雷科統一69購01,841110,1.17,1.2,1.14,1.2
714320,雷科統一6B購01,5370,0.76,0.8,0.76,0.8
714321,雷科統一6C購01,272940,0.75,0.76,0.72,0.75
714322,德微統一69購01,0,,,,
714323,宏捷科中信63購01,179000,0.55,0.67,0.49,0.63
714324,宏捷科國泰64購01,948790,1.78,1.88,1.75,1.88
714325,世界富邦63購02,588800,0.93,0.93,0.87,0.9
714326,印能富邦65購01,73500,0.49,0.49,0.49,0.49
714327,東捷富邦65購01,156850,0.73,0.73,0.65,0.65
714328,M31永豐63購02,53630,1.87,1.87,1.83,1.83
714329,久元永豐63購02,0,,,,
714330,均華永豐64購01,136740,1.59,1.59,1.59,1.59
714331,均豪永豐63購01,123710,0.89,0.89,0.89,0.89
714332,沛亨永豐63購03,0,,,,
714333,亞通永豐63購01,1340,1.34,1.34,1.34,1.34
714334,群聯永豐63購08,0,,,,
714335,達航永豐65購01,0,,,,
714336,巨有凱基63購01,0,,,,
714337,弘塑凱基63購08,842170,1.43,1.67,1.43,1.62
714338,光頡凱基65購01,55420,3.26,3.26,3.26,3.26
714339,竹陞凱基63購04,74620,0.98,0.98,0.94,0.94
714340,均華凱基65購02,235230,1.19,1.31,1.19,1.31
714341,宏捷科凱基63購03,62360,1.53,1.55,1.46,1.54
714342,沛亨凱基63購04,283880,1.48,1.48,1.43,1.43
714343,系微凱基63購01,198250,1.49,1.51,1.44,1.45
714344,良維凱基63購05,0,,,,
714345,宜鼎凱基63購12,51740,1.35,1.35,1.29,1.29
714346,東捷凱基64購01,0,,,,
714347,東捷凱基65購01,41000,2.05,2.05,2.05,2.05
714348,青雲凱基63購03,0,,,,
714349,南俊凱基63購01,83710,0.8,0.81,0.78,0.78
714350,南俊凱基63購02,0,,,,
714351,威剛凱基67購02,0,,,,
714352,家登凱基64購02,0,,,,
714353,聖暉*凱基65購02,740210,2.88,2.88,2.66,2.69
714354,頎邦凱基65購02,328920,2.99,2.99,2.89,2.89
714355,環球晶凱基63購02,265050,2.77,2.88,2.76,2.88
714356,環球晶凱基63購03,61740,2.94,2.94,2.94,2.94
714357,環球晶凱基69購02,1155830,5.0,5.0,4.82,4.82
714358,巨有台新65購01,0,,,,
714359,光頡台新63購02,0,,,,
714360,印能台新63購03,0,,,,
714361,竹陞台新63購02,198220,1.23,1.23,1.2,1.2
714362,均豪台新64購01,0,,,,
714363,均豪台新64購02,89100,1.65,1.65,1.65,1.65
714364,宜鼎台新63購03,30160,1.04,1.04,1.04,1.04
714365,威剛台新66購02,76850,1.07,1.11,1.07,1.11
714366,家登台新64購02,58680,2.4,2.46,2.4,2.46
714367,家登台新66購01,12330,1.37,1.37,1.37,1.37
714368,家碩台新66購01,101000,2.05,2.05,1.98,1.99
714369,創新服台新63購01,24070,1.09,1.11,1.08,1.11
714370,創新服台新63購02,5100,0.85,0.85,0.85,0.85
714371,創新服台新63購03,86200,0.95,0.95,0.9,0.91
714372,創新服台新63購04,186420,0.78,0.78,0.78,0.78
714373,環球晶台新64購01,49240,2.8,2.8,2.66,2.66
714374,環球晶台新64購02,211090,2.3,2.36,2.15,2.15
714375,耀穎台新63購02,224130,1.59,1.67,1.44,1.44
714376,M31元大63購02,2370,2.37,2.37,2.37,2.37
714377,M31元大63購03,182640,1.12,1.14,1.08,1.1
714378,弘塑元大63購09,199380,1.64,1.82,1.63,1.82
714379,弘塑元大63購10,875190,0.95,1.07,0.95,1.05
714380,弘塑元大66購02,537750,0.89,0.99,0.88,0.99
714381,光頡元大63購03,427180,2.14,2.25,2.05,2.1
714382,光頡元大63購04,129310,1.55,1.65,1.52,1.52
714383,竹陞元大63購03,279950,0.79,0.79,0.77,0.78
714384,竹陞元大69購02,1000,1.0,1.0,1.0,1.0
714385,均豪元大63購03,148520,0.79,0.79,0.79,0.79
714386,亞通元大63購01,7800,1.56,1.56,1.56,1.56
714387,亞通元大63購02,0,,,,
714388,宜鼎元大63購15,888510,0.65,0.66,0.63,0.63
714389,昇達科元大63購02,419550,1.07,1.2,1.07,1.2
714390,昇達科元大63購03,587620,0.9,1.28,0.9,1.28
714391,東捷元大63購03,6150,2.05,2.05,2.05,2.05
714392,東捷元大67購02,231000,1.4,1.4,1.4,1.4
714393,東捷元大69購02,140040,0.83,0.83,0.77,0.77
714394,萊德光元大63購01,292680,0.92,1.06,0.92,1.03
714395,萊德光元大63購02,643560,1.12,1.29,1.12,1.26
714396,雅特力元大63購04,202250,1.09,1.09,1.0,1.03
714397,群聯元大63購29,25100,1.11,1.17,1.11,1.17
714398,群聯元大69購01,596050,1.51,1.55,1.51,1.55
714399,聖暉*元大63購04,80240,1.34,1.34,1.3,1.31
714400,雷科元大63購02,0,,,,
714401,營邦元大63購07,654270,0.87,0.9,0.85,0.9
714402,環球晶元大63購09,537890,1.26,1.31,1.17,1.17
714403,環球晶元大63購10,1206350,1.38,1.4,1.31,1.31
714404,光頡國票64購01,0,,,,
714405,光頡國票66購01,43550,2.95,2.95,2.85,2.85
714406,昇達科國票64購01,1503090,1.36,1.6,1.36,1.59
714407,創新服國票65購01,0,,,,
714408,萊德光國票66購01,20910,0.97,1.08,0.97,1.08
714409,頎邦國票69購01,27010,1.18,1.18,1.17,1.17
714410,環球晶國票66購02,297300,3.0,3.0,2.88,2.94
714411,群聯中信67購02,71780,0.77,0.77,0.74,0.74
714412,環球晶中信63購01,1001910,1.05,1.08,0.99,1.0
714413,尼克森永豐63購01,841490,1.92,2.22,1.89,2.22
714414,正德永豐63購01,15840,0.66,0.66,0.66,0.66
714415,安葆永豐65購01,1760,1.76,1.76,1.76,1.76
714416,亞信永豐64購01,0,,,,
714417,美琪瑪永豐63購01,26850,1.79,1.79,1.79,1.79
714418,家登永豐65購01,233990,1.34,1.36,1.34,1.36
714419,泰藝永豐63購01,539810,2.65,2.79,2.42,2.42
714420,高僑永豐63購01,223080,1.12,1.12,1.06,1.06
714421,創新服永豐63購01,59890,1.13,1.13,1.13,1.13
714422,創新服永豐64購01,74060,0.72,0.72,0.71,0.71
714423,創新服永豐65購01,1860,0.93,0.93,0.93,0.93
714424,創新服永豐66購01,0,,,,
714425,博大永豐63購01,38940,0.83,0.83,0.8,0.8
714426,博盛永豐64購02,200120,1.8,1.87,1.69,1.87
714427,晶呈永豐63購01,1913750,1.75,1.75,1.51,1.53
714428,華電網永豐63購01,54800,1.15,1.2,1.15,1.2
714429,廣明永豐63購01,3630,1.21,1.21,1.21,1.21
714430,優群永豐63購01,59280,0.78,0.78,0.78,0.78
714431,環球晶永豐64購01,132200,2.58,2.6,2.58,2.6
714432,中美晶富邦69購01,142840,0.94,0.96,0.87,0.87
714433,台特化富邦63購01,21400,0.75,0.75,0.73,0.73
714434,沛亨富邦63購02,0,,,,
714435,良維富邦65購01,65180,0.65,0.68,0.65,0.68
714436,蜜望實富邦66購01,272780,0.65,0.66,0.63,0.63
714437,竹陞國泰64購01,47430,0.93,0.93,0.93,0.93
714438,東捷國泰64購02,295970,1.32,1.32,1.23,1.23
714439,家登國泰64購01,0,,,,
714440,雅特力國泰64購01,570250,1.84,1.85,1.66,1.66
714441,頎邦國泰64購01,182860,2.33,2.33,2.1,2.1
714442,環球晶國泰64購02,281300,2.51,2.57,2.37,2.37
714443,亞通統一6C購01,0,,,,
714444,昇達科統一74購01,425640,0.84,0.91,0.84,0.9
714445,東捷統一66購03,5410,0.69,0.69,0.64,0.64
714446,東捷統一68購03,56470,0.76,0.77,0.72,0.72
714447,東捷統一6A購01,52500,0.58,0.58,0.55,0.55
714448,南俊統一74購01,16160,0.57,0.58,0.57,0.58
714449,雷科統一67購01,1512130,1.02,1.06,0.96,1.06
714450,世界群益63購03,0,,,,
714451,巨有群益63購03,87500,5.8,5.85,5.8,5.85
714452,均華群益63購03,67240,0.85,0.91,0.85,0.91
714453,亞通群益63購02,0,,,,
714454,亞通群益63購03,0,,,,
714455,東捷群益65購03,32200,1.61,1.61,1.61,1.61
714456,青雲群益63購02,0,,,,
714457,信立群益63購02,0,,,,
714458,威剛群益63購10,215350,3.17,3.17,3.05,3.05
714459,家登群益63購06,0,,,,
714460,萊德光群益63購01,0,,,,
714461,鈊象群益69購01,18800,0.94,0.94,0.94,0.94
714462,新應材群益63購06,266810,3.29,3.55,3.29,3.55
714463,群聯群益63購15,35000,2.05,2.08,2.05,2.05
714464,群聯群益65購03,58430,1.03,1.04,1.02,1.02
714465,營邦群益69購01,0,,,,
714466,環球晶群益63購04,422960,2.72,2.86,2.65,2.65
714467,光頡元大63購05,0,,,,
714468,光頡元大63購06,82120,2.1,2.21,2.1,2.17
714469,光頡元大63購07,954070,1.59,1.69,1.58,1.64
714470,均華元大63購05,452600,0.62,0.68,0.62,0.68
714471,宏捷科元大63購02,33330,1.03,1.21,1.03,1.21
714472,沛亨元大63購04,0,,,,
714473,沛亨元大63購05,80660,0.93,0.94,0.89,0.89
714474,亞通元大63購03,248800,1.18,1.28,1.18,1.28
714475,亞通元大63購04,10800,1.08,1.08,1.08,1.08
714476,宜鼎元大63購16,363200,0.75,0.75,0.72,0.72
714477,東捷元大63購04,0,,,,
714478,東捷元大68購01,114240,0.84,0.84,0.84,0.84
714479,欣銓元大63購04,0,,,,
714480,欣銓元大63購05,0,,,,
714481,信昌電元大63購01,23800,1.4,1.4,1.4,1.4
714482,信昌電元大63購02,30250,1.5,1.5,1.41,1.43
714483,信昌電元大63購03,33080,1.52,1.52,1.44,1.44
714484,南俊元大63購02,137800,1.04,1.12,1.03,1.12
714485,威剛元大66購01,45090,1.67,1.67,1.67,1.67
714486,群聯元大66購07,889010,1.19,1.24,1.19,1.22
714487,群聯元大69購02,557930,1.12,1.17,1.12,1.17
714488,雷科元大63購03,0,,,,
714489,營邦元大69購01,372370,0.97,0.99,0.97,0.99
714490,環球晶元大63購11,289210,2.48,2.52,2.31,2.31
714491,光頡國票66購02,202480,2.23,2.38,2.13,2.13
714492,旭然國票67購01,40880,1.16,1.28,1.16,1.28
714493,亞通國票64購02,0,,,,
714494,亞通國票66購01,0,,,,
714495,建榮國票64購01,107780,1.77,1.83,1.72,1.72
714496,建榮國票65購01,106780,1.54,1.54,1.5,1.5
714497,家登國票64購02,128280,1.79,1.84,1.74,1.74
714498,新漢國票64購01,20200,1.01,1.01,1.01,1.01
714499,擎亞國票64購02,17480,1.76,1.76,1.74,1.74
714500,穩懋國票65購02,193590,1.39,1.39,1.29,1.34
714501,世界凱基63購07,8280,2.76,2.76,2.76,2.76
714502,巨有凱基63購02,481800,6.6,6.6,6.6,6.6
714503,竹陞凱基63購05,61750,0.95,0.95,0.95,0.95
714504,亞通凱基63購02,0,,,,
714505,信立凱基63購01,0,,,,
714506,信昌電凱基63購01,26000,2.6,2.6,2.6,2.6
714507,信昌電凱基63購02,367940,2.2,2.2,1.86,1.88
714508,信昌電凱基63購03,283820,2.27,2.27,2.03,2.03
714509,信昌電凱基63購04,261860,2.32,2.32,2.22,2.22
714510,創新服凱基63購01,241450,0.8,0.84,0.8,0.8
714511,新應材凱基63購11,133270,3.13,3.37,3.09,3.37
714512,群聯凱基63購21,39060,1.86,1.86,1.86,1.86
714513,營邦凱基63購07,111100,1.55,1.7,1.55,1.7
714514,穩懋凱基63購10,250020,4.72,4.73,4.46,4.71
714515,巨有群益63購04,110200,5.25,5.25,5.2,5.2
714516,光頡群益63購02,920790,3.68,3.89,3.56,3.56
714517,光頡群益65購01,495140,2.39,2.52,2.31,2.31
714518,印能群益63購02,212040,2.33,2.34,2.33,2.34
714519,竹陞群益64購01,199740,0.86,0.86,0.84,0.84
714520,宜鼎群益63購07,36630,2.02,2.05,2.02,2.05
714521,威剛群益63購11,134950,2.53,2.54,2.46,2.46
714522,家登群益63購07,0,,,,
714523,環球晶群益63購05,0,,,,
714524,環球晶群益63購06,1231650,2.61,2.73,2.47,2.47
714525,伍豐永豐63購01,20900,1.1,1.1,1.1,1.1
714526,竹陞永豐63購02,0,,,,
714527,沛亨永豐63購04,0,,,,
714528,亞通永豐65購01,131500,0.85,0.89,0.85,0.89
714529,宜鼎永豐63購08,248020,1.59,1.68,1.59,1.59
714530,信昌電永豐63購01,2260690,1.6,1.62,1.41,1.41
714531,信昌電永豐63購02,199520,0.9,0.9,0.81,0.81
714532,信昌電永豐64購01,201140,1.43,1.47,1.27,1.27
714533,信昌電永豐65購01,841290,1.26,1.27,1.18,1.18
714534,南俊永豐63購01,112080,1.2,1.22,1.2,1.22
714535,健喬永豐63購01,0,,,,
714536,群聯永豐63購09,3270,3.27,3.27,3.27,3.27
714537,群聯永豐63購10,0,,,,
714538,穩懋永豐63購06,30080,3.76,3.76,3.76,3.76
714539,穩懋永豐63購07,103500,5.55,5.55,5.2,5.45
714540,騰雲永豐63購01,72680,0.92,0.92,0.92,0.92
714541,系微富邦64購01,10450,0.95,0.95,0.95,0.95
714542,宜鼎富邦63購04,165570,0.59,0.6,0.59,0.59
714543,欣銓富邦63購01,5300,0.53,0.53,0.53,0.53
714544,環球晶富邦69購01,492110,0.79,0.81,0.76,0.76
714545,環球晶富邦69購02,2180520,1.0,1.0,0.88,0.9
714546,中美晶國泰65購01,30430,2.78,2.78,2.63,2.63
714547,巨有國泰64購01,9980,4.99,4.99,4.99,4.99
714548,光頡國泰64購02,0,,,,
714549,均豪國泰64購01,10710,1.53,1.53,1.53,1.53
714550,沛亨國泰64購01,0,,,,
714551,亞通國泰64購01,0,,,,
714552,信昌電國泰64購01,1468560,1.86,1.87,1.63,1.63
714553,信昌電國泰64購02,818290,1.68,1.68,1.5,1.5
714554,萊德光國泰64購01,173180,1.63,1.83,1.55,1.78
714555,群聯國泰64購01,0,,,,
714556,擎亞國泰64購01,292950,1.4,1.4,1.37,1.37
714557,穩懋國泰64購03,93550,4.23,4.28,4.23,4.25
714558,巨有統一79購01,0,,,,
714559,弘塑統一68購01,87300,0.68,0.73,0.68,0.72
714560,竹陞統一6C購01,0,,,,
714561,信昌電統一68購01,64710,0.8,0.8,0.77,0.77
714562,信昌電統一68購02,15480,0.86,0.86,0.86,0.86
714563,信昌電統一69購01,428540,0.78,0.78,0.69,0.69
714564,信昌電統一79購01,204540,0.73,0.74,0.72,0.72
714565,穩懋統一69購01,0,,,,
714566,台特化台新63購01,401190,2.96,3.0,2.73,2.73
714567,旭然台新63購01,249590,1.81,2.29,1.81,2.29
714568,竹陞台新63購03,0,,,,
714569,竹陞台新64購01,14880,1.24,1.24,1.24,1.24
714570,宏捷科台新63購01,88110,1.84,1.98,1.82,1.98
714571,系微台新63購01,74160,1.74,1.74,1.68,1.68
714572,良維台新66購01,0,,,,
714573,信昌電台新63購01,24480,1.53,1.53,1.53,1.53
714574,信昌電台新66購01,489500,1.63,1.63,1.46,1.46
714575,茂達台新63購01,1474180,1.73,1.82,1.69,1.69
714576,家登台新63購01,0,,,,
714577,穩懋台新63購03,2980,2.98,2.98,2.98,2.98
714578,穩懋台新63購04,68800,2.4,2.57,2.39,2.55
714579,穩懋台新63購05,230390,2.68,2.68,2.47,2.6
714580,巨有永豐66購01,655900,1.79,1.83,1.79,1.81
714581,朋億*永豐64購01,132820,1.41,1.43,1.41,1.42
714582,南俊永豐63購02,237450,1.09,1.13,1.07,1.13
714583,南俊永豐67購01,20750,0.83,0.83,0.83,0.83
714584,智崴永豐64購01,690,0.69,0.69,0.69,0.69
714585,萊德光永豐63購02,461770,1.32,1.62,1.32,1.57
714586,頎邦永豐63購05,27300,1.88,1.88,1.7,1.7
714587,方土昶元大63購03,13920,0.87,0.87,0.87,0.87
714588,台半元大65購01,349300,2.06,2.06,1.94,1.94
714589,巨有元大63購03,0,,,,
714590,巨有元大63購04,0,,,,
714591,均華元大63購06,442340,0.67,0.72,0.67,0.72
714592,均華元大63購07,734990,0.66,0.76,0.66,0.76
714593,宏捷科元大63購03,5620,1.06,1.14,1.06,1.14
714594,宏捷科元大63購04,128310,1.17,1.33,1.11,1.33
714595,沛亨元大63購06,23130,1.55,1.55,1.54,1.54
714596,沛亨元大65購01,0,,,,
714597,宜鼎元大64購06,518170,0.81,0.84,0.81,0.81
714598,青雲元大63購05,327000,1.0,1.0,1.0,1.0
714599,威剛元大63購15,78390,1.81,1.83,1.81,1.83
714600,創新服元大63購01,0,,,,
714601,萊德光元大63購03,263530,0.89,0.99,0.89,0.99
714602,萊德光元大64購01,235140,0.94,1.06,0.94,1.06
714603,萊德光元大64購02,77550,0.96,1.09,0.96,1.03
714604,雅特力元大63購05,164330,1.37,1.37,1.26,1.3
714605,群聯元大63購30,788340,1.63,1.68,1.61,1.66
714606,環球晶元大64購03,629210,2.59,2.63,2.46,2.46
714607,環球晶元大65購06,363940,2.05,2.09,1.96,1.96
714608,世界群益63購04,711410,3.55,3.55,3.34,3.45
714609,巨有群益64購01,577010,3.59,3.69,3.53,3.67
714610,茂綸群益63購02,3748050,1.11,1.28,1.06,1.16
714611,順達群益63購07,1179220,1.94,2.05,1.93,1.94
714612,順達群益65購01,61350,2.03,2.11,2.0,2.11
714613,新應材群益63購07,61600,2.44,2.47,2.44,2.47
714614,營邦群益63購03,14850,1.46,1.51,1.46,1.51
714615,穩懋群益63購06,1430900,6.5,6.7,6.05,6.3
714616,方土昶國票65購02,0,,,,
714617,台星科國票65購01,9840,1.23,1.23,1.23,1.23
714618,巨有國票64購01,0,,,,
714619,巨有國票65購01,248100,4.17,4.17,4.1,4.1
714620,旭然國票69購01,18100,1.0,1.06,0.98,1.06
714621,均華國票64購01,31520,0.92,0.95,0.92,0.95
714622,宏捷科國票65購01,185070,1.07,1.13,1.02,1.13
714623,系微國票65購03,0,,,,
714624,良維國票66購01,0,,,,
714625,昇達科國票64購02,514140,1.91,2.24,1.9,2.24
714626,朋億*國票65購01,0,,,,
714627,南俊國票68購01,32510,0.72,0.75,0.72,0.75
714628,萊德光國票65購02,13490,0.85,0.94,0.85,0.94
714629,群聯國票65購01,0,,,,
714630,磐亞國票65購02,0,,,,
714631,巨有台新63購01,0,,,,
714632,巨有台新66購01,0,,,,
714633,巨有台新69購01,0,,,,
714634,巨有台新69購02,0,,,,
714635,印能台新65購01,44280,1.64,1.64,1.64,1.64
714636,昇達科台新63購03,265300,2.31,2.73,2.27,2.73
714637,茂綸台新63購02,6080,1.52,1.52,1.52,1.52
714638,創新服台新65購01,0,,,,
714639,群聯台新63購09,0,,,,
714640,群聯台新63購10,0,,,,
714641,聖暉*台新66購01,18500,2.29,2.32,2.29,2.32
714642,印能凱基64購03,506300,2.37,2.37,2.27,2.27
714643,均華凱基63購03,176220,1.19,1.38,1.19,1.38
714644,沛亨凱基64購01,10900,2.18,2.18,2.18,2.18
714645,良維凱基67購01,46250,3.04,3.1,3.04,3.1
714646,宜鼎凱基63購13,79150,1.73,1.82,1.73,1.79
714647,欣銓凱基63購02,0,,,,
714648,威剛凱基65購04,4049330,2.97,3.01,2.91,2.93
714649,建榮凱基64購01,245900,2.59,2.77,2.55,2.57
714650,家登凱基63購04,0,,,,
714651,萊德光凱基63購02,1224360,1.71,2.01,1.68,1.87
714652,環球晶凱基63購04,194410,4.62,4.66,4.3,4.3
714653,穩懋凱基65購02,10600,5.3,5.3,5.3,5.3
714654,穩懋凱基68購01,205800,5.85,5.85,5.55,5.55
714655,世界國泰64購01,43000,2.15,2.15,2.15,2.15
714656,世界國泰64購02,71380,1.96,1.96,1.9,1.9
714657,朋億*國泰65購01,179510,2.19,2.19,2.16,2.16
714658,欣銓國泰64購01,49400,1.9,1.9,1.9,1.9
714659,青雲國泰64購01,0,,,,
714660,德微國泰64購01,24860,4.36,4.36,3.99,3.99
714661,巨有統一69購01,1660,1.66,1.66,1.66,1.66
714662,巨有統一79購02,26450,1.05,1.07,1.05,1.07
714663,信昌電統一6C購01,98060,0.79,0.79,0.74,0.74
714664,信昌電統一6C購02,183180,0.75,0.75,0.69,0.69
714665,信昌電統一79購02,22300,0.81,0.81,0.79,0.79
714666,寶雅*統一6C購01,0,,,,
714667,印能富邦64購01,267400,0.72,0.72,0.69,0.69
714668,印能富邦65購02,305050,0.65,0.65,0.63,0.63
714669,威剛富邦63購01,59240,0.42,0.43,0.42,0.43
714670,建榮富邦63購01,28470,0.37,0.37,0.36,0.36
714671,鈊象富邦65購01,0,,,,
714672,群聯富邦65購06,291250,0.78,0.8,0.78,0.78
714673,群聯富邦65購07,195800,0.72,0.73,0.72,0.73
714674,群聯富邦65購08,42960,0.76,0.78,0.76,0.77
714675,群聯富邦66購01,247330,0.76,0.78,0.76,0.78
714676,群聯富邦66購02,173530,0.7,0.73,0.7,0.73
714677,群聯富邦69購01,263760,0.82,0.83,0.82,0.82
714678,台燿凱基63購01,2472070,2.85,3.26,2.8,3.26
714679,台燿凱基63購02,619380,2.77,3.6,2.75,3.6
714680,台燿凱基63購03,838910,2.72,3.3,2.71,3.13
714681,台燿凱基63購04,51160,3.13,3.35,3.11,3.35
714682,台燿凱基65購01,138250,3.24,3.6,3.24,3.6
714683,台燿凱基65購02,295630,3.22,3.55,3.2,3.55
714684,台燿凱基65購03,205320,3.04,3.47,3.04,3.47
714685,青雲凱基63購04,137830,1.43,1.43,1.4,1.4
714686,茂綸凱基63購01,466990,1.7,1.99,1.7,1.94
714687,新應材凱基63購12,722600,2.98,3.24,2.98,3.18
714688,群聯凱基63購22,30250,2.53,2.53,2.49,2.49
714689,台半台新64購01,1199830,5.3,5.3,4.15,4.15
714690,台燿台新63購01,2158620,3.14,3.68,3.06,3.68
714691,台燿台新66購01,1433390,3.5,3.91,3.45,3.91
714692,台燿台新69購01,1071160,3.27,3.56,3.21,3.56
714693,印能台新65購02,0,,,,
714694,印能台新65購03,119900,1.39,1.4,1.39,1.4
714695,良維台新63購01,0,,,,
714696,宜鼎台新66購01,41850,2.81,2.81,2.78,2.78
714697,台燿群益63購01,381530,2.51,3.09,2.51,3.0
714698,台燿群益63購02,976050,2.69,3.12,2.69,3.09
714699,台燿群益63購03,8596900,2.28,2.66,2.28,2.66
714700,印能群益63購03,238650,1.7,1.7,1.61,1.61
714701,竹陞群益64購02,277940,1.23,1.24,1.22,1.24
714702,亞通群益64購01,72950,1.51,1.53,1.45,1.45
714703,亞通群益66購01,157500,1.75,1.75,1.75,1.75
714704,宜鼎群益63購08,0,,,,
714705,欣銓群益63購03,95160,2.66,2.66,2.46,2.46
714706,青雲群益63購03,0,,,,
714707,青雲群益65購01,0,,,,
714708,威剛群益63購12,154840,2.86,2.92,2.83,2.85
714709,家登群益63購08,378430,3.9,4.03,3.87,3.87
714710,頎邦群益65購01,179090,2.54,2.54,2.33,2.33
714711,穩懋群益63購07,570450,7.4,7.6,7.25,7.3
714712,台燿元大63購01,653410,1.81,2.23,1.78,2.23
714713,台燿元大64購05,925310,1.8,2.24,1.77,2.1
714714,台燿元大65購01,485440,1.87,2.32,1.84,2.1
714715,印能元大63購03,123580,1.38,1.4,1.38,1.4
714716,沛亨元大63購07,23720,1.49,1.49,1.48,1.48
714717,良維元大63購05,569140,0.86,0.89,0.86,0.88
714718,亞通元大63購05,19800,1.8,1.8,1.8,1.8
714719,宜鼎元大64購07,2241800,0.8,0.83,0.8,0.8
714720,昇達科元大63購04,119950,1.27,1.61,1.27,1.61
714721,昇達科元大63購05,747380,0.97,1.2,0.96,1.2
714722,信昌電元大63購04,132150,1.85,1.85,1.68,1.68
714723,信昌電元大63購05,48270,0.8,0.8,0.6,0.65
714724,威剛元大63購16,90220,1.72,1.75,1.72,1.75
714725,茂綸元大63購01,2300,1.15,1.15,1.15,1.15
714726,茂綸元大64購01,7440,0.93,0.93,0.93,0.93
714727,家登元大63購02,1605500,1.96,2.03,1.92,1.92
714728,家登元大64購02,42210,1.97,2.03,1.97,2.03
714729,群聯元大63購31,1257530,1.41,1.46,1.4,1.46
714730,群聯元大63購33,500780,1.74,1.81,1.73,1.73
714731,環球晶元大64購04,116240,2.54,2.58,2.45,2.45
714732,環球晶元大65購07,434170,2.02,2.11,1.97,1.97
714733,台燿永豐63購01,471590,1.89,2.05,1.89,2.05
714734,台燿永豐63購02,3285980,1.72,1.88,1.7,1.88
714735,台燿永豐63購03,414860,1.15,1.28,1.15,1.28
714736,台燿永豐63購04,247950,1.36,1.48,1.36,1.48
714737,台燿永豐64購03,242230,1.42,1.48,1.42,1.48
714738,台燿永豐64購04,146540,1.86,2.0,1.86,2.0
714739,台燿永豐65購01,382100,1.6,1.71,1.6,1.71
714740,台燿永豐65購02,232970,2.26,2.41,2.25,2.41
714741,台燿永豐66購01,429950,2.66,2.88,2.66,2.88
714742,台燿永豐66購02,1022200,5.25,5.55,5.1,5.55
714743,台燿永豐69購01,330450,3.19,3.38,3.19,3.38
714744,台燿永豐69購02,0,,,,
714745,台燿永豐73購01,151600,4.36,4.57,4.36,4.57
714746,弘塑永豐64購02,244920,1.59,1.73,1.57,1.73
714747,光焱永豐65購01,2920,0.73,0.73,0.73,0.73
714748,欣銓永豐63購01,220870,1.61,1.62,1.56,1.56
714749,博盛永豐64購03,215650,1.8,2.02,1.8,1.91
714750,蜜望實永豐64購01,0,,,,
714751,營邦永豐65購01,34300,0.7,0.7,0.7,0.7
714752,環球晶永豐64購02,241420,1.97,2.03,1.88,1.88
714753,穩懋永豐63購08,472850,6.7,6.7,6.65,6.65
714754,台燿中信63購01,1659840,1.15,1.49,1.15,1.46
714755,欣銓中信63購01,89410,0.71,0.71,0.65,0.65
714756,信昌電中信63購01,1031420,0.85,0.86,0.73,0.73
714757,雷科中信63購01,896140,1.63,1.74,1.58,1.74
714758,台燿國票67購01,690960,1.5,1.57,1.47,1.57
714759,東捷國票66購01,10050,2.01,2.01,2.01,2.01
714760,信昌電國票64購01,886030,1.6,1.63,1.41,1.41
714761,信昌電國票64購02,114800,1.84,1.84,1.67,1.67
714762,信昌電國票65購01,376460,2.14,2.16,2.12,2.12
714763,信昌電國票65購02,24310,2.21,2.21,2.21,2.21
714764,信昌電國票66購01,229130,1.68,1.7,1.55,1.55
714765,宣德國票66購01,0,,,,
714766,風青國票67購01,162900,1.24,1.24,1.15,1.15
714767,營邦國票65購01,0,,,,
714768,環球晶國票64購04,2764710,4.37,4.39,3.95,3.95
714769,台燿統一65購02,1205190,0.84,1.11,0.84,1.11
714770,台燿統一69購01,2247540,0.95,1.05,0.94,1.05
714771,台燿統一69購02,422190,1.07,1.16,1.07,1.16
714772,台燿統一6C購01,50400,0.84,0.84,0.84,0.84
714773,台燿統一71購02,664650,0.94,1.03,0.94,1.01
714774,台燿統一79購01,957780,1.09,1.16,1.09,1.16
714775,印能統一69購01,263020,0.8,0.8,0.79,0.79
714776,金山電統一79購01,13680,0.72,0.72,0.72,0.72
714777,青雲統一79購01,31000,0.62,0.62,0.62,0.62
714778,信昌電統一68購03,154340,0.65,0.65,0.58,0.58
714779,台燿國泰64購01,115460,2.34,2.62,2.31,2.62
714780,台燿國泰64購02,3347700,2.09,2.54,2.08,2.54
714781,信昌電國泰64購03,470060,1.86,1.86,1.62,1.62
714782,元太富邦64購03,623910,0.76,0.81,0.76,0.81
714783,台半富邦65購01,1524640,1.08,1.23,1.04,1.04
714784,台燿富邦63購04,134790,1.49,1.6,1.49,1.6
714785,台燿富邦63購05,841270,1.28,1.61,1.28,1.61
714786,金山電富邦65購01,1500010,0.94,0.94,0.86,0.87
714787,晶呈富邦65購03,30910,1.43,1.43,1.34,1.34
714788,新應材富邦66購01,232830,0.95,1.0,0.94,1.0
714789,穩懋富邦67購01,855940,1.7,1.7,1.59,1.64
714790,譜瑞富邦64購03,0,,,,
714791,印能台新63購04,101640,2.11,2.11,2.04,2.09
714792,茂綸台新63購03,5520,1.84,1.84,1.84,1.84
714793,創新服台新65購02,5250,1.75,1.75,1.75,1.75
714794,富強鑫台新63購01,512520,1.38,1.4,1.32,1.32
714795,穩懋台新63購06,1026950,7.85,8.0,7.55,7.55
714796,穩懋台新63購07,194700,6.25,6.25,5.9,6.25
714797,天品凱基63購01,89500,1.79,1.79,1.79,1.79
714798,台半凱基63購04,678090,3.51,3.51,2.86,2.86
714799,印能凱基63購04,632110,2.42,2.42,2.37,2.38
714800,沛亨凱基63購05,663000,2.21,2.21,2.21,2.21
714801,良維凱基63購06,8730,2.91,2.91,2.91,2.91
714802,亞通凱基63購03,2380,2.38,2.38,2.38,2.38
714803,亞通凱基64購01,2780,2.78,2.78,2.78,2.78
714804,宜鼎凱基63購14,0,,,,
714805,昇達科凱基63購05,86960,2.36,2.46,2.36,2.46
714806,欣銓凱基63購03,9240,2.31,2.31,2.31,2.31
714807,威剛凱基63購15,0,,,,
714808,家登凱基63購05,0,,,,
714809,頎邦凱基63購08,225530,2.06,2.11,1.99,2.11
714810,營邦凱基66購02,105960,2.4,2.46,2.4,2.46
714811,環球晶凱基68購01,75080,2.8,2.8,2.76,2.76
714812,穩懋凱基65購03,104910,4.79,4.92,4.56,4.56
714813,千附精統一79購01,0,,,,
714814,印能統一79購01,73370,1.79,1.8,1.77,1.8
714815,安碁統一69購01,32830,0.61,0.62,0.61,0.62
714816,均華統一79購01,4720,0.59,0.59,0.59,0.59
714817,崴寶統一6C購01,0,,,,
714818,群聯統一69購03,33200,0.83,0.83,0.83,0.83
714819,茂綸國泰64購01,171990,1.78,1.78,1.67,1.67
714820,順達國泰64購01,34140,1.93,1.93,1.87,1.87
714821,環球晶國泰64購03,390120,3.15,3.15,3.02,3.02
714822,台燿富邦69購01,871030,0.96,1.07,0.96,1.07
714823,台燿富邦79購01,156660,1.57,1.75,1.57,1.75
714824,沛亨富邦66購01,4650,0.58,0.59,0.58,0.58
714825,家登富邦65購01,358990,1.04,1.08,1.04,1.08
714826,家登富邦65購02,256990,0.89,0.9,0.89,0.9
714827,順達富邦64購03,104760,0.9,0.93,0.9,0.93
714828,天品永豐63購01,393200,1.83,1.87,1.74,1.87
714829,世界永豐63購02,115600,2.88,2.92,2.88,2.92
714830,立端永豐63購01,74280,1.28,1.32,1.28,1.32
714831,宏碁資永豐64購01,70070,0.77,0.78,0.77,0.78
714832,青雲永豐64購02,0,,,,
714833,宣德永豐64購01,0,,,,
714834,晶宏永豐63購02,217570,0.97,1.1,0.97,1.09
714835,群聯永豐63購11,0,,,,
714836,穩懋永豐66購02,93820,1.78,1.84,1.74,1.8
714837,中美晶元大64購07,319240,2.13,2.13,1.87,1.87
714838,元太元大63購10,90850,0.79,0.79,0.79,0.79
714839,印能元大63購04,43660,0.93,0.93,0.92,0.92
714840,沛亨元大63購08,244800,1.6,1.6,1.53,1.53
714841,良維元大63購06,17740,1.94,1.98,1.94,1.98
714842,良維元大63購07,15050,2.15,2.15,2.15,2.15
714843,宜鼎元大66購02,257400,1.11,1.13,1.11,1.11
714844,東捷元大65購01,0,,,,
714845,威剛元大63購17,47220,1.97,1.97,1.95,1.95
714846,家登元大63購03,43930,2.19,2.2,2.19,2.2
714847,家登元大64購03,1463430,2.02,2.08,2.0,2.06
714848,晶宏元大63購04,284660,0.68,0.7,0.62,0.62
714849,群聯元大63購34,385600,1.63,1.73,1.63,1.72
714850,群聯元大67購01,401910,1.85,1.87,1.83,1.83
714851,群聯元大68購05,896440,2.06,2.23,2.06,2.17
714852,擎亞元大65購01,99920,1.25,1.25,1.23,1.23
714853,營邦元大63購08,226100,1.44,1.54,1.44,1.54
714854,環球晶元大63購12,265930,2.66,2.71,2.59,2.59
714855,環球晶元大64購05,378100,2.75,2.8,2.68,2.73
714856,環球晶元大65購08,96060,1.99,2.06,1.99,2.06
714857,千附精國票65購02,0,,,,
714858,巨漢國票64購01,3309690,1.78,1.93,1.78,1.92
714859,印能國票64購02,0,,,,
714860,印能國票65購02,39600,1.98,1.98,1.98,1.98
714861,宜鼎國票65購03,0,,,,
714862,晶呈國票68購01,8650,1.73,1.73,1.73,1.73
714863,M31群益63購03,0,,,,
714864,天品群益63購01,253990,2.23,2.26,2.14,2.26
714865,世界群益63購05,28000,1.75,1.75,1.75,1.75
714866,竹陞群益63購03,60580,1.6,1.6,1.43,1.43
714867,威剛群益63購13,5900,1.18,1.18,1.18,1.18
714868,威剛群益63購14,7750,1.55,1.55,1.55,1.55
714869,博盛群益63購02,159110,1.65,1.67,1.57,1.57
714870,順達群益63購08,506730,3.7,3.89,3.63,3.77
714871,鈊象群益64購02,0,,,,
714872,新應材群益63購08,69910,1.69,1.71,1.69,1.71
714873,新應材群益63購09,747390,4.24,4.59,4.2,4.5
714874,群聯群益63購16,333410,4.16,4.31,4.06,4.14
714875,頎邦群益64購01,225600,1.68,1.68,1.66,1.66
714876,臺慶科群益64購01,270580,1.64,1.71,1.54,1.54
714877,環球晶群益63購07,657150,3.73,3.78,3.69,3.73
714878,環球晶群益63購08,516020,2.91,2.91,2.79,2.9
714879,天品統一71購01,999180,0.78,0.78,0.78,0.78
714880,宏碁資統一69購01,0,,,,
714881,茂綸統一79購01,0,,,,
714882,穩懋統一69購02,267510,1.03,1.05,1.03,1.05
714883,台半群益64購01,1385320,2.7,2.88,2.22,2.22
714884,台燿群益64購01,834290,2.23,2.49,2.22,2.47
714885,宏捷科群益63購04,1185750,1.64,1.83,1.52,1.83
714886,沛亨群益64購02,1180,1.18,1.18,1.18,1.18
714887,欣銓群益63購04,218970,3.29,3.29,3.15,3.15
714888,家登群益63購09,82150,2.49,2.49,2.35,2.35
714889,營邦群益64購02,0,,,,
714890,環球晶群益63購09,4700780,3.34,3.49,3.2,3.2
714891,穩懋群益63購09,0,,,,
714892,宜鼎中信66購01,102400,0.59,0.6,0.58,0.58
714893,均華永豐64購02,90160,0.94,1.0,0.94,1.0
714894,宏捷科永豐63購02,117360,1.43,1.47,1.38,1.47
714895,宏捷科永豐64購02,265310,1.39,1.61,1.39,1.61
714896,良維永豐64購02,41610,2.32,2.32,2.29,2.29
714897,宜鼎永豐63購09,363060,1.36,1.4,1.36,1.36
714898,宜鼎永豐64購04,74720,3.07,3.2,3.07,3.2
714899,家登永豐63購05,414100,2.27,2.33,2.27,2.33
714900,群聯永豐63購12,45500,4.55,4.55,4.55,4.55
714901,大綜元大63購01,239570,1.87,2.09,1.82,2.09
714902,台燿元大63購02,384470,1.83,2.12,1.81,2.12
714903,台燿元大63購03,369540,1.65,1.81,1.65,1.81
714904,台燿元大64購06,722550,1.7,2.15,1.68,2.09
714905,台燿元大65購02,397420,1.79,1.98,1.77,1.98
714906,印能元大63購05,46940,1.74,1.74,1.73,1.73
714907,沛亨元大63購09,191030,1.17,1.17,1.14,1.14
714908,宜鼎元大68購01,199540,0.99,1.05,0.99,1.01
714909,威剛元大63購18,81830,2.47,2.51,2.43,2.43
714910,家登元大63購04,15820,2.26,2.26,2.26,2.26
714911,家登元大64購04,53760,2.09,2.19,2.09,2.19
714912,晶宏元大63購05,128200,0.87,0.89,0.85,0.85
714913,順達元大63購12,979870,1.61,1.68,1.61,1.61
714914,順達元大66購01,644770,1.54,1.62,1.54,1.62
714915,群聯元大63購35,332440,1.51,1.58,1.51,1.55
714916,群聯元大67購02,442310,1.6,1.63,1.6,1.63
714917,群聯元大68購06,492020,1.71,1.74,1.7,1.7
714918,德微元大63購02,136670,3.06,3.14,2.99,2.99
714919,營邦元大63購09,241620,1.46,1.6,1.46,1.6
714920,環球晶元大68購12,489620,2.24,2.28,2.21,2.21
714921,台半國票66購02,34550,1.41,1.41,1.34,1.34
714922,立端國票65購02,0,,,,
714923,茂綸國票66購01,15600,0.94,1.01,0.94,1.01
714924,能率亞國票66購01,600910,0.98,0.98,0.92,0.92
714925,翔名國票69購01,891730,1.05,1.07,1.01,1.07
714926,勤凱國票64購01,0,,,,
714927,勤凱國票65購01,0,,,,
714928,德微國票65購03,0,,,,
714929,穩懋國票6A購01,37750,2.25,2.25,2.2,2.2
714930,弘塑富邦63購04,1542190,1.03,1.18,1.02,1.15
714931,良維富邦64購03,194020,0.82,0.83,0.82,0.83
714932,宜鼎富邦63購05,277150,0.74,0.77,0.73,0.77
714933,環球晶富邦63購02,323160,1.37,1.39,1.32,1.36
714934,順達國泰64購02,19420,1.96,1.96,1.93,1.93
714935,宏碁資台新63購01,178920,1.33,1.4,1.33,1.4
714936,宏碁資台新63購02,0,,,,
714937,東捷台新65購01,0,,,,
714938,高技台新63購02,473810,2.3,2.45,2.3,2.4
714939,創新服台新64購01,13800,1.15,1.15,1.15,1.15
714940,德微台新63購02,225970,2.51,2.51,2.14,2.14
714941,德微台新63購03,6710,1.71,1.71,1.66,1.67
714942,環球晶台新69購01,453680,1.37,1.38,1.3,1.3
714943,穩懋台新69購01,291560,1.66,1.66,1.56,1.61
714944,大綜凱基63購02,659910,2.45,2.82,2.43,2.82
714945,中美晶凱基63購09,1147600,4.04,4.04,3.45,3.45
714946,宏捷科凱基63購04,897170,1.55,2.01,1.52,1.95
714947,宏碁資凱基63購01,0,,,,
714948,沛亨凱基64購02,0,,,,
714949,東捷凱基63購04,0,,,,
714950,茂綸凱基63購02,38500,1.69,1.81,1.69,1.81
714951,晶呈凱基63購02,211700,2.12,2.12,1.9,1.9
714952,群聯凱基65購02,108540,2.99,3.13,2.99,3.04
714953,擎亞凱基64購01,304090,1.93,1.94,1.91,1.94
714954,環球晶凱基64購05,44990,4.17,4.17,4.05,4.05
714955,台嘉碩台新66購01,35960,3.71,3.71,3.48,3.49
714956,立敦台新63購01,288740,3.28,3.34,3.11,3.11
714957,欣銓台新63購01,184470,5.05,5.05,4.76,4.79
714958,鈺創台新63購01,78860,1.73,1.81,1.73,1.81
714959,鈺創台新63購02,179790,3.43,3.6,3.43,3.51
714960,鈺創台新63購03,183270,1.35,1.37,1.35,1.37
714961,鈺創台新63購04,72240,1.15,1.19,1.15,1.19
714962,鈺創台新69購01,245060,1.0,1.04,1.0,1.01
714963,頎邦台新63購04,92860,3.73,3.73,3.7,3.7
714964,霖宏台新63購01,0,,,,
714965,台燿凱基63購06,1152800,3.47,4.48,3.47,4.48
714966,印能凱基63購05,21780,2.2,2.2,2.09,2.09
714967,東捷凱基67購01,77650,2.22,2.25,2.2,2.2
714968,威剛凱基63購16,275500,1.98,1.99,1.95,1.95
714969,富喬凱基63購04,92010,2.37,2.4,2.28,2.28
714970,富喬凱基63購05,55890,2.07,2.07,2.07,2.07
714971,富喬凱基63購06,128770,2.01,2.05,1.9,2.05
714972,富喬凱基63購07,71240,2.04,2.04,2.02,2.02
714973,富喬凱基63購09,104400,2.14,2.19,2.08,2.12
714974,富喬凱基63購10,0,,,,
714975,鈺創凱基63購01,239810,1.46,1.46,1.42,1.42
714976,鈺創凱基63購02,1017090,1.61,1.61,1.53,1.53
714977,鈺創凱基63購03,554100,1.81,1.81,1.72,1.73
714978,穩懋凱基63購12,157800,7.0,7.1,6.7,7.0
714979,天品國票64購01,7080,1.77,1.77,1.77,1.77
714980,台燿國票65購01,251150,1.45,1.56,1.45,1.56
714981,沛亨國票68購03,0,,,,
714982,原相國票64購01,12240,1.53,1.53,1.53,1.53
714983,創新服國票64購01,89900,1.45,1.45,1.45,1.45
714984,富喬國票64購02,100670,1.43,1.44,1.34,1.44
714985,富喬國票65購02,1510,1.51,1.51,1.51,1.51
714986,華電網國票64購01,20230,1.15,1.15,1.04,1.04
714987,鈺創國票65購01,688750,1.28,1.28,1.21,1.22
714988,霖宏國票65購01,0,,,,
714989,台燿元大65購03,771170,2.08,2.3,2.07,2.3
714990,台燿元大68購01,566680,1.85,1.99,1.83,1.97
714991,竹陞元大66購01,280230,1.1,1.1,1.09,1.09
714992,均華元大66購02,0,,,,
714993,宜鼎元大68購02,44640,0.93,0.93,0.93,0.93
714994,威剛元大63購19,94520,2.13,2.17,2.11,2.11
714995,風青元大63購01,287260,2.6,2.6,2.01,2.01
714996,富喬元大63購07,343760,0.81,0.82,0.76,0.82
714997,富喬元大63購08,1016300,0.8,0.82,0.76,0.82
714998,晶宏元大63購06,220060,0.7,0.76,0.69,0.69
714999,群聯元大63購36,935880,1.32,1.45,1.32,1.39
715000,群聯元大63購37,280870,1.32,1.48,1.32,1.48
715001,群聯元大64購16,147960,1.14,1.24,1.14,1.24
715002,鈺創元大63購01,449720,0.92,0.94,0.9,0.92
715003,鈺創元大63購02,432490,0.96,0.96,0.94,0.94
715004,霖宏元大63購01,342720,1.44,1.5,1.44,1.44
715005,擎亞元大66購01,104950,1.32,1.32,1.3,1.31
715006,營邦元大63購10,546440,0.72,0.76,0.72,0.76
715007,環球晶元大68購13,360310,2.78,2.84,2.66,2.67
715008,世界永豐63購03,0,,,,
715009,台嘉碩永豐63購01,7350,1.47,1.47,1.47,1.47
715010,台燿永豐63購06,728950,2.71,3.06,2.71,3.06
715011,台燿永豐64購05,478680,2.84,3.05,2.84,3.05
715012,伯特光永豐66購01,0,,,,
715013,東洋永豐64購01,0,,,,
715014,杰力永豐64購02,153840,0.96,0.96,0.9,0.9
715015,長佳智永豐63購01,0,,,,
715016,昱展永豐64購02,0,,,,
715017,茂綸永豐63購01,0,,,,
715018,博士旺永豐64購01,0,,,,
715019,富喬永豐63購03,205170,1.23,1.25,1.19,1.22
715020,富喬永豐63購04,116310,1.04,1.05,0.99,1.03
715021,富喬永豐63購05,510990,0.99,0.99,0.92,0.92
715022,富喬永豐64購03,247670,1.43,1.43,1.38,1.42
715023,智擎永豐64購01,0,,,,
715024,鈺創永豐63購01,716390,1.0,1.0,0.98,1.0
715025,鈺創永豐63購02,408210,1.04,1.04,1.01,1.01
715026,鈺創永豐63購03,359570,1.0,1.04,1.0,1.01
715027,鈺創永豐63購04,470820,1.03,1.03,0.98,0.98
715028,鈺創永豐64購01,569720,1.53,1.6,1.53,1.55
715029,廣穎永豐63購01,133270,0.87,0.88,0.86,0.86
715030,霖宏永豐63購01,136040,1.15,1.15,1.1,1.1
715031,環球晶永豐63購11,319080,1.97,1.97,1.94,1.94
715032,環球晶永豐63購12,2827760,3.15,3.19,2.85,2.85
715033,台燿中信63購02,728910,1.47,1.63,1.45,1.59
715034,富喬中信64購04,183300,0.72,0.76,0.71,0.73
715035,富喬國泰64購01,1772660,2.12,2.24,2.12,2.24
715036,富喬國泰64購02,351600,1.9,1.96,1.9,1.96
715037,宜鼎富邦63購06,97720,0.51,0.52,0.51,0.52
715038,富喬富邦63購02,398460,0.84,0.87,0.82,0.85
715039,德微富邦63購02,605020,0.99,1.03,0.86,0.86
715040,穩懋富邦66購01,765170,1.29,1.37,1.29,1.32
715041,M31群益63購04,17500,1.94,1.95,1.94,1.95
715042,中美晶群益63購07,204540,4.61,4.61,4.26,4.26
715043,弘塑群益64購02,1029790,1.65,1.9,1.65,1.83
715044,印能群益64購01,17160,1.43,1.43,1.43,1.43
715045,欣銓群益63購05,38000,1.58,1.58,1.5,1.5
715046,環球晶群益63購10,6588290,3.24,3.39,3.07,3.07
715047,穩懋群益63購11,4808130,3.76,3.9,3.57,3.67
715048,譜瑞群益63購02,14300,1.43,1.43,1.43,1.43
715049,台半統一66購01,241040,0.92,0.92,0.92,0.92
715050,台燿統一79購02,314990,0.99,1.04,0.98,1.04
715051,金山電統一6C購03,762000,0.7,0.7,0.68,0.68
715052,富喬統一68購01,62000,0.66,0.68,0.66,0.68
715053,富喬統一69購01,171120,0.72,0.73,0.72,0.73
715054,富喬統一6A購02,0,,,,
715055,富喬統一79購01,15750,0.75,0.75,0.75,0.75
715056,群聯統一6B購02,6000,0.6,0.6,0.6,0.6
715057,鈺創統一68購01,293430,0.67,0.7,0.67,0.68
715058,鈺創統一69購01,417540,0.72,0.74,0.72,0.72
715059,鈺創統一71購01,27470,0.67,0.67,0.67,0.67
715060,鈺創統一79購01,335100,0.63,0.63,0.6,0.61
715061,旺矽台新63購01,241150,1.84,1.97,1.81,1.97
715062,旺矽台新63購02,36000,6.0,6.0,6.0,6.0
715063,旺矽台新63購03,110390,1.38,1.47,1.35,1.47
715064,旺矽台新63購04,122200,4.01,4.37,3.99,4.37
715065,旺矽台新63購05,138000,0.69,0.69,0.69,0.69
715066,旺矽台新69購01,89840,1.5,1.61,1.5,1.61
715067,旺矽台新69購02,0,,,,
715068,群聯台新69購01,199360,1.32,1.36,1.32,1.36
715069,群聯台新69購02,33350,1.09,1.14,1.09,1.14
715070,群聯台新69購03,0,,,,
715071,點序台新63購01,62340,2.1,2.13,2.01,2.01
715072,弘塑凱基63購09,1096000,2.32,2.58,2.31,2.52
715073,印能凱基63購06,683750,2.12,2.13,2.07,2.08
715074,竹陞凱基69購01,0,,,,
715075,均華凱基63購04,91000,1.14,1.22,1.13,1.22
715076,宜鼎凱基66購02,110940,1.92,1.98,1.92,1.96
715077,旺矽凱基63購03,127400,1.68,1.74,1.68,1.74
715078,旺矽凱基63購04,150000,1.81,1.92,1.81,1.91
715079,旺矽凱基63購05,150360,1.66,1.74,1.63,1.74
715080,旺矽凱基63購06,273850,2.11,2.24,2.11,2.24
715081,旺矽凱基63購07,180690,1.56,1.66,1.56,1.66
715082,旺矽凱基63購08,259860,1.95,2.06,1.92,2.06
715083,旺矽凱基65購01,0,,,,
715084,旺矽凱基65購02,40750,1.62,1.67,1.62,1.67
715085,旺矽凱基65購03,756330,2.05,2.17,2.01,2.17
715086,旺矽凱基67購01,109530,1.83,1.9,1.83,1.9
715087,旺矽凱基67購02,1130800,2.28,2.38,2.23,2.37
715088,富喬凱基65購02,155780,1.76,1.77,1.69,1.71
715089,群聯凱基68購03,0,,,,
715090,頎邦凱基64購05,60260,1.27,1.27,1.16,1.16
715091,環球晶凱基63購05,9140,4.57,4.57,4.57,4.57
715092,穩懋凱基63購14,1202070,4.58,4.72,4.31,4.57
715093,譜瑞凱基65購03,254940,2.62,2.64,2.62,2.62
715094,大綜元大63購02,262860,1.66,1.76,1.66,1.76
715095,天品元大63購01,161790,1.37,1.37,1.35,1.35
715096,竹陞元大64購01,561300,0.86,0.86,0.85,0.86
715097,竹陞元大66購02,252270,0.98,0.98,0.97,0.97
715098,沛亨元大64購01,0,,,,
715099,沛亨元大66購01,0,,,,
715100,旺矽元大63購01,3141940,1.14,1.21,1.13,1.21
715101,旺矽元大63購02,826620,1.1,1.13,1.04,1.13
715102,旺矽元大63購03,665470,0.9,0.92,0.86,0.92
715103,旺矽元大65購01,1562560,1.29,1.33,1.22,1.33
715104,旺矽元大67購01,1159840,1.26,1.35,1.26,1.35
715105,旺矽元大68購01,1644090,1.44,1.48,1.36,1.48
715106,晶宏元大63購07,103520,0.84,0.89,0.84,0.86
715107,雅特力元大63購06,2320,1.16,1.16,1.16,1.16
715108,群聯元大63購38,214160,1.32,1.38,1.32,1.38
715109,群聯元大63購39,76810,1.31,1.32,1.3,1.3
715110,群聯元大66購08,64680,1.33,1.35,1.31,1.31
715111,營邦元大63購11,293300,0.97,1.0,0.97,1.0
715112,環球晶元大63購13,334930,3.02,3.02,2.9,3.02
715113,M31國票66購02,0,,,,
715114,大綜國票65購01,158770,1.81,1.98,1.72,1.95
715115,中美晶國票68購01,0,,,,
715116,世界國票66購01,0,,,,
715117,安葆國票65購02,0,,,,
715118,宏碁資國票68購01,35190,0.69,0.69,0.69,0.69
715119,良維國票69購02,0,,,,
715120,旺矽國票64購01,57780,1.3,1.42,1.3,1.42
715121,旺矽國票65購01,14560,1.31,1.36,1.31,1.36
715122,旺矽國票66購01,0,,,,
715123,旺矽國票67購02,0,,,,
715124,欣銓國票67購01,0,,,,
715125,青雲國票64購02,0,,,,
715126,青雲國票65購02,0,,,,
715127,華景電國票65購03,29230,1.06,1.1,1.06,1.1
715128,聖暉*國票65購04,77300,1.11,1.11,1.1,1.1
715129,頎邦國票6A購01,1170,1.17,1.17,1.17,1.17
715130,穩懋國票6C購01,6850,1.37,1.37,1.37,1.37
715131,大綜群益64購01,1900440,1.54,1.79,1.53,1.79
715132,中美晶群益63購08,567050,2.14,2.15,1.73,1.73
715133,台星科群益63購01,174550,1.88,1.88,1.78,1.83
715134,巨漢群益63購01,272820,1.89,2.03,1.89,2.02
715135,安碁群益63購01,0,,,,
715136,竹陞群益63購04,101650,1.07,1.07,1.07,1.07
715137,均華群益63購04,0,,,,
715138,良維群益63購04,888540,1.69,1.85,1.69,1.85
715139,宜鼎群益63購09,298000,1.2,1.22,1.2,1.22
715140,旺矽群益63購02,398570,1.75,1.94,1.75,1.94
715141,旺矽群益63購03,3535500,1.96,2.1,1.93,2.1
715142,旺矽群益63購04,1627920,2.82,3.1,2.82,3.1
715143,東捷群益63購04,1042940,1.98,2.09,1.9,1.9
715144,南俊群益64購01,90750,1.23,1.35,1.23,1.31
715145,順達群益63購09,29870,1.4,1.45,1.37,1.45
715146,群聯群益63購17,119330,1.62,1.74,1.62,1.71
715147,聖暉*群益63購02,2475140,1.68,1.7,1.61,1.65
715148,鈺創群益63購01,584710,1.45,1.51,1.41,1.44
715149,鈺創群益64購01,384680,1.79,1.81,1.77,1.77
715150,頎邦群益63購07,105300,1.05,1.07,0.93,0.93
715151,頎邦群益63購08,38100,1.27,1.27,1.27,1.27
715152,環球晶群益63購11,2291880,2.75,2.98,2.64,2.66
715153,順達國泰64購03,31800,1.59,1.59,1.59,1.59
715154,世界富邦66購01,295840,0.83,0.83,0.81,0.82
715155,均華富邦65購02,501990,0.6,0.66,0.6,0.66
715156,旺矽富邦65購01,221910,0.82,0.84,0.82,0.84
715157,旺矽富邦69購01,152670,1.15,1.21,1.14,1.2
715158,昇達科富邦67購01,474770,0.8,0.9,0.8,0.89
715159,原相富邦63購01,145850,0.67,0.68,0.66,0.66
715160,富喬富邦6C購01,393820,0.76,0.77,0.73,0.77
715161,新應材富邦69購01,237130,0.89,0.92,0.87,0.92
715162,德微富邦63購03,513750,1.17,1.2,1.07,1.07
715163,中美晶統一69購01,429560,0.94,0.94,0.83,0.83
715164,世界統一69購01,36080,0.82,0.82,0.82,0.82
715165,台嘉碩統一69購01,84580,0.83,0.83,0.82,0.82
715166,竹陞統一79購01,4970,0.71,0.71,0.71,0.71
715167,旺矽統一67購01,636400,1.02,1.05,0.99,1.05
715168,旺矽統一67購02,486160,1.36,1.38,1.31,1.38
715169,東捷統一6C購01,0,,,,
715170,欣銓統一6C購02,44200,0.64,0.64,0.63,0.63
715171,群聯統一69購04,0,,,,
715172,鈺創統一69購02,411080,0.74,0.75,0.74,0.75
715173,霖宏統一71購01,0,,,,
715174,環球晶統一69購01,538920,1.0,1.02,0.95,0.96
715175,世界中信66購01,494120,1.04,1.04,1.01,1.02
715176,旺矽中信63購01,91820,0.54,0.56,0.51,0.56
715177,順達中信63購01,286780,0.83,0.87,0.83,0.85
715178,群聯中信63購03,74050,0.57,0.61,0.57,0.58
715179,天品永豐66購01,395840,1.21,1.25,1.17,1.24
715180,均華永豐65購01,24180,0.93,0.93,0.93,0.93
715181,宏碁資永豐63購02,100120,0.66,0.68,0.66,0.68
715182,良維永豐64購03,29600,1.85,1.85,1.85,1.85
715183,旺矽永豐63購01,53970,1.0,1.07,1.0,1.07
715184,旺矽永豐63購02,81440,0.74,0.8,0.74,0.8
715185,旺矽永豐63購03,7200,0.71,0.73,0.71,0.73
715186,旺矽永豐66購01,100740,1.23,1.29,1.23,1.29
715187,旺矽永豐66購02,270450,1.07,1.12,1.07,1.12
715188,旺矽永豐69購01,21450,1.43,1.43,1.43,1.43
715189,昇達科永豐64購01,238520,0.9,1.01,0.9,1.01
715190,欣銓永豐63購02,41600,1.04,1.04,1.04,1.04
715191,倚強永豐63購01,26760,4.46,4.46,4.46,4.46
715192,創新服永豐63購02,0,,,,
715193,富喬永豐65購03,191270,0.99,1.01,0.96,0.98
715194,聖暉*永豐63購03,73260,1.5,1.5,1.36,1.41
715195,頎邦永豐65購03,78340,1.4,1.4,1.3,1.31
715196,穩懋永豐63購09,543540,1.49,1.53,1.42,1.49
715197,台星科台新63購01,501870,1.5,1.53,1.45,1.45
715198,安碁台新63購01,0,,,,
715199,沛亨台新64購01,0,,,,
715200,旺矽台新63購06,144360,2.39,2.43,2.39,2.43
715201,欣銓台新63購03,254540,1.34,1.35,1.27,1.27
715202,欣銓台新63購04,218700,1.22,1.24,1.14,1.14
715203,威剛台新63購05,14550,0.97,0.97,0.97,0.97
715204,威剛台新63購06,0,,,,
715205,威剛台新66購03,14850,1.65,1.65,1.65,1.65
715206,宸曜台新66購01,0,,,,
715207,宸曜台新69購01,0,,,,
715208,富喬台新63購01,98400,1.68,1.68,1.64,1.68
715209,富喬台新63購02,78740,1.65,1.65,1.63,1.63
715210,順達台新65購01,14700,2.1,2.1,2.1,2.1
715211,新盛力台新63購01,111320,1.22,1.23,1.22,1.22
715212,新盛力台新66購01,0,,,,
715213,新盛力台新69購01,0,,,,
715214,點序台新66購01,10430,1.31,1.31,1.3,1.3
715215,M31凱基65購01,0,,,,
715216,大綜凱基64購01,378080,1.81,2.21,1.8,2.21
715217,中美晶凱基63購10,79160,2.63,2.63,2.36,2.36
715218,世界凱基63購08,323780,2.26,2.26,2.15,2.21
715219,台星科凱基64購01,299190,1.01,1.01,0.95,0.95
715220,均華凱基67購01,171640,1.67,1.88,1.67,1.88
715221,沛亨凱基66購01,0,,,,
715222,良維凱基69購02,19800,1.98,1.98,1.98,1.98
715223,宜鼎凱基66購03,0,,,,
715224,欣銓凱基65購02,0,,,,
715225,青雲凱基64購02,16920,1.88,1.88,1.88,1.88
715226,倚強凱基63購02,155190,2.22,2.35,2.22,2.35
715227,順達凱基63購11,61020,2.12,2.19,2.12,2.18
715228,新盛力凱基63購01,171000,1.92,1.93,1.82,1.89
715229,新盛力凱基63購02,259880,2.1,2.18,2.1,2.18
715230,新盛力凱基63購03,0,,,,
715231,群聯凱基67購02,124480,2.76,2.89,2.76,2.81
715232,聖暉*凱基63購04,0,,,,
715233,頎邦凱基63購09,456000,1.23,1.23,1.17,1.17
715234,頎邦凱基63購10,68400,1.34,1.34,1.26,1.28
715235,營邦凱基65購01,186950,1.71,1.72,1.71,1.72
715236,環球晶凱基66購01,83150,3.49,3.49,3.22,3.22
715237,立端國票66購01,1080,1.08,1.08,1.08,1.08
715238,東捷國票65購01,0,,,,
715239,家登國票64購03,104290,1.71,1.71,1.7,1.7
715240,高僑國票65購02,0,,,,
715241,博盛國票68購01,0,,,,
715242,順達國票69購01,0,,,,
715243,新盛力國票64購01,34000,2.0,2.0,2.0,2.0
715244,新盛力國票65購01,11400,1.9,1.9,1.9,1.9
715245,群聯國票68購02,0,,,,
715246,磐亞國票64購01,0,,,,
715247,聰泰國票65購01,10540,0.62,0.62,0.62,0.62
715248,中美晶永豐63購02,169600,3.2,3.2,3.2,3.2
715249,世界永豐63購04,0,,,,
715250,富喬永豐64購04,250960,0.89,0.89,0.84,0.88
715251,華景電永豐64購01,497520,1.75,1.92,1.73,1.9
715252,新盛力永豐63購02,53230,1.32,1.39,1.32,1.39
715253,新盛力永豐64購01,108500,1.55,1.55,1.55,1.55
715254,新盛力永豐65購01,224740,1.52,1.54,1.52,1.52
715255,新應材永豐66購03,0,,,,
715256,頎邦永豐66購02,55360,1.4,1.4,1.32,1.33
715257,旺矽中信63購02,1368750,0.68,0.75,0.65,0.75
715258,環球晶中信63購02,1032320,1.26,1.31,1.22,1.25
715259,千附精元大65購01,15360,1.28,1.28,1.28,1.28
715260,天品元大63購02,256440,1.32,1.41,1.32,1.41
715261,竹陞元大63購04,24640,1.05,1.05,1.0,1.03
715262,竹陞元大64購02,177970,1.05,1.06,1.05,1.06
715263,竹陞元大67購01,150550,1.02,1.02,0.7,0.97
715264,宏碁資元大63購01,331250,1.21,1.29,1.21,1.27
715265,宜鼎元大63購17,548870,0.83,0.86,0.83,0.85
715266,宜鼎元大63購18,276380,0.69,0.69,0.68,0.68
715267,旺矽元大65購02,2111130,1.66,1.69,1.57,1.69
715268,旺矽元大67購02,1204500,1.42,1.45,1.34,1.45
715269,旺矽元大68購02,1546160,1.32,1.35,1.25,1.35
715270,東捷元大63購05,197060,1.18,1.18,1.18,1.18
715271,東捷元大63購06,176550,1.07,1.07,1.07,1.07
715272,東捷元大63購07,162960,0.97,0.97,0.97,0.97
715273,東捷元大66購01,126940,0.59,0.59,0.58,0.58
715274,威剛元大67購03,134920,1.52,1.55,1.52,1.53
715275,倚強元大63購01,15100,1.51,1.51,1.51,1.51
715276,富喬元大63購10,377870,0.96,0.97,0.95,0.97
715277,富喬元大63購11,328670,0.85,0.87,0.84,0.87
715278,富喬元大63購12,199830,0.65,0.65,0.62,0.64
715279,富喬元大64購07,465370,0.69,0.7,0.65,0.7
715280,新盛力元大69購01,91970,1.6,1.67,1.6,1.67
715281,群聯元大63購40,206320,1.07,1.09,1.07,1.07
715282,群聯元大66購09,169650,0.65,0.65,0.65,0.65
715283,雷科元大66購01,0,,,,
715284,雷科元大69購01,0,,,,
715285,鈺創元大63購03,82100,1.05,1.07,1.05,1.05
715286,鈺創元大63購04,1055040,0.72,0.72,0.66,0.68
715287,磐亞元大63購01,1701380,2.21,2.42,2.13,2.28
715288,環球晶元大63購14,231170,2.79,2.79,2.63,2.63
715289,宜鼎群益63購10,446060,1.28,1.35,1.28,1.28
715290,宜鼎群益63購11,331310,1.17,1.21,1.15,1.16
715291,旺矽群益65購01,129170,0.86,0.93,0.85,0.93
715292,宣德群益63購01,33060,1.14,1.14,1.14,1.14
715293,倚強群益63購02,112730,3.01,3.32,3.01,3.22
715294,高僑群益63購01,0,,,,
715295,新盛力群益63購02,37650,1.49,1.51,1.49,1.51
715296,新盛力群益63購03,2221330,1.54,1.63,1.53,1.57
715297,群聯群益63購18,21550,2.14,2.17,2.14,2.17
715298,頎邦群益63購10,290660,3.45,3.45,3.1,3.1
715299,環球晶群益64購02,464560,2.31,2.43,2.18,2.18
715300,中美晶國泰64購02,35800,1.79,1.79,1.79,1.79
715301,宜鼎國泰64購01,30590,1.61,1.61,1.61,1.61
715302,旺矽國泰64購01,129770,0.99,1.09,0.99,1.09
715303,新盛力國泰64購01,3215600,1.95,2.06,1.92,1.92
715304,新盛力國泰64購02,35540,1.57,1.65,1.57,1.65
715305,德微國泰64購02,253410,2.04,2.04,1.81,1.81
715306,旺矽富邦66購01,316130,0.92,0.98,0.92,0.98
715307,創新服富邦64購01,68070,0.63,0.65,0.62,0.62
715308,鈊象富邦66購02,0,,,,
715309,新盛力富邦65購01,708990,0.89,0.92,0.89,0.89
715310,新盛力富邦66購01,95700,0.72,0.75,0.72,0.75
715311,頎邦富邦63購04,99590,0.41,0.42,0.41,0.42
715312,旺矽統一63購07,486930,1.0,1.05,0.99,1.05
715313,東捷統一79購01,0,,,,
715314,欣銓統一65購05,0,,,,
715315,欣銓統一69購02,0,,,,
715316,富喬統一6C購03,246440,0.59,0.61,0.59,0.61
715317,富喬統一6C購04,39780,0.78,0.78,0.78,0.78
715318,新盛力統一67購02,18240,0.76,0.76,0.76,0.76
715319,新盛力統一69購02,94230,0.73,0.74,0.73,0.74
715320,新盛力統一71購01,0,,,,
715321,新盛力統一79購01,149640,0.87,0.87,0.87,0.87
715322,鈺創統一6C購01,0,,,,
715323,頎邦統一6C購02,11330,0.54,0.54,0.53,0.53
715324,M31台新63購02,0,,,,
715325,中美晶台新63購04,352940,1.96,1.97,1.72,1.72
715326,天品台新63購01,291300,2.02,2.08,1.96,2.08
715327,天品台新65購01,151490,2.07,2.11,2.01,2.01
715328,世界台新63購03,224780,2.75,2.8,2.6,2.68
715329,世界台新63購04,75020,2.32,2.32,2.25,2.25
715330,光焱台新64購01,216000,1.08,1.08,1.08,1.08
715331,安葆台新65購01,0,,,,
715332,安葆台新65購02,0,,,,
715333,旺矽台新63購07,588050,3.75,4.09,3.75,4.07
715334,旺矽台新63購08,43040,2.69,2.69,2.69,2.69
715335,南俊台新63購03,60220,1.39,1.41,1.38,1.41
715336,倚強台新65購01,22900,2.29,2.29,2.29,2.29
715337,富喬台新63購05,17120,1.43,1.45,1.37,1.45
715338,富喬台新63購06,277990,1.48,1.48,1.39,1.43
715339,順達台新66購01,80400,1.95,2.0,1.95,2.0
715340,新盛力台新63購02,123170,3.31,3.35,3.08,3.08
715341,萬泰科台新63購01,70950,2.45,2.5,2.41,2.49
715342,雷科台新63購01,162610,2.06,2.06,2.05,2.05
715343,頎邦台新63購06,740750,2.47,2.47,2.26,2.3
715344,環球晶台新64購03,370900,17.6,18.1,17.1,17.1
715345,環球晶台新64購04,428700,12.4,12.5,11.7,11.7
715346,M31凱基63購05,36130,1.73,1.73,1.72,1.72
715347,光頡凱基63購04,25420,3.25,3.25,3.14,3.14
715348,光頡凱基66購01,68040,2.52,2.52,2.52,2.52
715349,安葆凱基63購02,0,,,,
715350,宜鼎凱基64購04,0,,,,
715351,旺矽凱基65購04,428460,2.42,2.58,2.42,2.58
715352,金山電凱基63購03,177840,1.83,1.83,1.64,1.64
715353,金山電凱基63購04,72480,2.04,2.04,1.85,1.86
715354,威剛凱基66購01,48440,1.94,1.94,1.91,1.91
715355,倚強凱基63購03,0,,,,
715356,博智凱基63購07,83860,1.18,1.27,1.18,1.27
715357,富喬凱基65購03,30780,1.62,1.62,1.62,1.62
715358,富喬凱基67購01,19730,1.64,1.65,1.64,1.65
715359,群聯凱基63購23,0,,,,
715360,群聯凱基69購02,54400,1.82,1.82,1.8,1.8
715361,頎邦凱基63購11,266830,3.59,3.59,3.18,3.18
715362,德微凱基63購03,625560,2.7,2.7,2.17,2.21
715363,環球晶凱基64購06,524920,2.26,2.26,2.04,2.04
715364,M31國票69購01,0,,,,
715365,台星科國票66購01,0,,,,
715366,安葆國票6A購01,0,,,,
715367,茂綸國票6A購01,1860,0.93,0.93,0.93,0.93
715368,富喬康和63購01,0,,,,
715369,天品元大63購03,257260,1.11,1.13,1.11,1.11
715370,光頡元大65購01,48990,1.86,1.96,1.85,1.96
715371,光頡元大66購01,75350,1.77,1.86,1.77,1.86
715372,光頡元大69購01,7920,0.99,0.99,0.99,0.99
715373,旺矽元大63購05,1632970,1.26,1.36,1.25,1.36
715374,旺矽元大63購06,1206250,2.05,2.09,1.92,2.09
715375,旺矽元大63購07,950500,1.65,1.68,1.56,1.68
715376,東捷元大63購08,5520,1.38,1.38,1.38,1.38
715377,東捷元大63購09,0,,,,
715378,東捷元大63購10,0,,,,
715379,東捷元大66購02,272000,0.68,0.68,0.68,0.68
715380,欣銓元大63購06,16760,1.42,1.42,1.35,1.35
715381,欣銓元大65購02,144980,0.98,0.98,0.96,0.96
715382,欣銓元大66購01,211890,0.52,0.52,0.49,0.5
715383,倚強元大63購02,0,,,,
715384,富喬元大63購13,109840,0.95,0.98,0.93,0.98
715385,富喬元大63購14,15440,0.9,0.92,0.9,0.92
715386,晶呈元大63購02,236850,1.14,1.19,1.05,1.05
715387,群聯元大63購41,2460,1.23,1.23,1.23,1.23
715388,群聯元大63購42,2280,1.14,1.14,1.14,1.14
715389,群聯元大63購43,73010,1.08,1.09,1.08,1.09
715390,環球晶元大63購15,1156780,1.27,1.4,1.06,1.06
715391,光頡中信63購02,907510,0.98,1.04,0.95,1.04
715392,欣銓中信66購01,5100,0.51,0.51,0.51,0.51
715393,高技中信63購01,22200,0.74,0.74,0.74,0.74
715394,環球晶中信64購01,741050,1.21,1.3,1.21,1.21
715395,M31永豐64購02,0,,,,
715396,世界永豐66購02,341830,2.32,2.39,2.29,2.32
715397,旺矽永豐67購01,60800,1.08,1.16,1.08,1.16
715398,旺矽永豐67購02,83560,0.92,0.97,0.92,0.97
715399,欣銓永豐63購03,143250,1.03,1.06,1.03,1.06
715400,倚強永豐63購02,0,,,,
715401,新盛力永豐66購01,148380,1.08,1.14,1.08,1.08
715402,碩禾永豐64購01,277950,0.77,0.77,0.68,0.68
715403,光頡國泰64購03,340750,2.56,2.69,2.54,2.69
715404,易發國泰64購01,0,,,,
715405,威剛國泰64購01,0,,,,
715406,胡連國泰64購01,0,,,,
715407,東捷富邦64購01,50160,0.76,0.76,0.76,0.76
715408,欣銓富邦63購02,254500,0.34,0.34,0.33,0.33
715409,群聯富邦65購09,172360,0.68,0.71,0.68,0.71
715410,群聯富邦66購03,39960,0.74,0.74,0.74,0.74
715411,頎邦富邦65購03,140590,0.69,0.69,0.63,0.64
715412,頎邦富邦66購02,184450,0.65,0.65,0.6,0.62
715413,環球晶富邦63購03,226720,1.08,1.08,1.04,1.07
715414,M31統一79購01,3250,0.65,0.65,0.65,0.65
715415,光頡統一69購02,410730,0.96,0.99,0.92,0.94
715416,光頡統一79購02,0,,,,
715417,光頡統一79購03,72600,0.86,0.86,0.85,0.85
715418,安葆統一74購02,670,0.67,0.67,0.67,0.67
715419,均華統一6C購02,105600,0.66,0.66,0.66,0.66
715420,亞信統一6C購01,0,,,,
715421,昇達科統一69購01,78260,0.85,0.91,0.85,0.91
715422,欣銓統一69購03,0,,,,
715423,金山電統一79購02,0,,,,
715424,茂迪統一67購03,8960,0.64,0.64,0.64,0.64
715425,高僑統一6C購01,0,,,,
715426,新盛力統一6B購01,0,,,,
715427,頎邦統一79購01,72170,0.58,0.58,0.56,0.56
715428,M31群益63購05,1259680,1.24,1.24,1.23,1.23
715429,中美晶群益63購09,1138570,3.0,3.0,2.4,2.4
715430,世界群益63購07,70510,1.28,1.29,1.22,1.24
715431,台特化群益6A購01,0,,,,
715432,弘塑群益63購07,220440,0.98,1.12,0.98,1.08
715433,光頡群益66購02,46950,2.31,2.36,2.31,2.36
715434,光頡群益69購01,50800,3.33,3.45,3.33,3.45
715435,均豪群益63購02,166620,1.49,1.49,1.46,1.46
715436,旺矽群益68購01,21100,1.03,1.08,1.03,1.08
715437,朋程群益65購01,0,,,,
715438,欣銓群益66購01,5200,0.52,0.52,0.52,0.52
715439,欣銓群益67購01,0,,,,
715440,倚強群益65購02,0,,,,
715441,順達群益64購01,104150,1.43,1.5,1.43,1.49
715442,新盛力群益66購01,79420,1.84,1.89,1.81,1.81
715443,新盛力群益69購01,265440,3.44,3.49,3.42,3.42
715444,新應材群益67購01,49680,0.9,0.97,0.9,0.97
715445,群聯群益63購19,37630,1.39,1.41,1.39,1.39
715446,頎邦群益63購11,165320,1.83,1.83,1.61,1.61
715447,德微群益63購02,268820,3.5,3.5,2.86,2.94
715448,營邦群益65購02,0,,,,
715449,M31凱基66購01,0,,,,
715450,台星科凱基65購01,181950,1.43,1.43,1.39,1.39
715451,光頡凱基63購05,3153000,2.1,2.11,2.1,2.11
715452,安葆凱基63購03,0,,,,
715453,宜鼎凱基65購03,104590,1.29,1.31,1.28,1.28
715454,宜鼎凱基69購01,78000,1.69,1.7,1.69,1.7
715455,高技凱基64購01,122990,1.82,1.89,1.82,1.89
715456,富喬凱基65購04,237580,1.69,1.74,1.62,1.74
715457,順達凱基63購12,58110,2.01,2.01,1.99,1.99
715458,順達凱基66購02,3600,1.8,1.8,1.8,1.8
715459,新盛力凱基63購04,0,,,,
715460,聖暉*凱基68購01,42380,1.86,1.86,1.84,1.84
715461,德微凱基63購04,89770,2.33,2.38,2.21,2.21
715462,環球晶凱基65購01,0,,,,
715463,環球晶凱基69購03,214920,1.78,1.78,1.69,1.69
715464,光頡中信67購01,0,,,,
715465,旺矽中信63購03,0,,,,
715466,環球晶中信63購03,596020,2.11,2.26,2.01,2.01
715467,九暘永豐64購02,0,,,,
715468,川寶永豐64購01,26250,1.05,1.05,1.05,1.05
715469,安葆永豐64購03,0,,,,
715470,威剛永豐63購04,29640,1.56,1.56,1.56,1.56
715471,威剛永豐64購04,5700,1.14,1.14,1.14,1.14
715472,龍巖永豐63購01,0,,,,
715473,川寶台新63購01,0,,,,
715474,川寶台新63購02,661990,0.51,0.51,0.5,0.5
715475,安葆台新63購02,0,,,,
715476,博智台新63購01,59160,1.24,1.31,1.23,1.31
715477,博智台新64購01,35660,1.06,1.06,1.04,1.05
715478,富喬台新66購01,273370,2.07,2.12,2.03,2.12
715479,廣閎科台新63購02,0,,,,
715480,德微台新64購02,84060,1.83,1.88,1.83,1.88
715481,M31元大63購04,0,,,,
715482,M31元大63購05,0,,,,
715483,M31元大65購02,0,,,,
715484,M31元大69購01,0,,,,
715485,世界元大63購10,0,,,,
715486,印能元大63購06,0,,,,
715487,均華元大63購08,0,,,,
715488,旺矽元大63購08,822940,1.71,1.73,1.61,1.71
715489,旺矽元大63購09,32860,0.79,0.79,0.78,0.78
715490,欣銓元大65購03,77640,1.38,1.38,1.33,1.33
715491,建榮元大63購02,0,,,,
715492,茂綸元大66購01,80690,0.85,0.91,0.8,0.91
715493,高技元大63購11,89640,1.66,1.66,1.66,1.66
715494,富喬元大63購15,32000,0.64,0.64,0.64,0.64
715495,富喬元大63購16,0,,,,
715496,新盛力元大63購01,198440,2.06,2.14,2.06,2.14
715497,新盛力元大67購01,32680,1.59,1.67,1.59,1.67
715498,新盛力元大69購02,14700,1.47,1.47,1.47,1.47
715499,群聯元大69購03,319030,1.6,1.68,1.6,1.68
715500,環球晶元大63購16,462980,1.34,1.36,1.31,1.36
715501,環球晶元大63購17,547700,1.38,1.44,1.34,1.34
715502,環球晶元大66購06,131020,1.52,1.53,1.51,1.53
715503,環球晶元大67購05,211070,1.2,1.25,1.18,1.19
715504,川寶國票65購03,13850,0.57,0.57,0.53,0.53
715505,光頡國票64購02,70930,1.67,1.76,1.67,1.76
715506,安葆國票67購01,0,,,,
715507,宜鼎國票6A購01,0,,,,
715508,昇達科國票66購01,0,,,,
715509,創泓國票63購02,0,,,,
715510,富喬國票64購03,0,,,,
715511,雷科國票65購02,4780,2.39,2.39,2.39,2.39
715512,廣閎科國票66購01,1060,1.06,1.06,1.06,1.06
715513,德微國票66購01,4850,0.97,0.97,0.97,0.97
715514,環球晶國票64購05,229680,3.14,3.2,3.07,3.2
715515,環球晶國票65購02,1845870,3.6,3.7,3.33,3.33
715516,光頡群益66購03,32300,2.11,2.2,2.11,2.2
715517,宜鼎群益64購02,367100,1.6,1.65,1.6,1.63
715518,旺矽群益64購01,871500,0.69,0.76,0.69,0.76
715519,南俊群益65購01,393280,2.9,3.04,2.79,2.97
715520,威剛群益68購01,0,,,,
715521,新盛力群益66購02,130000,1.85,1.93,1.85,1.91
715522,群聯群益63購20,63640,1.9,1.95,1.89,1.93
715523,德微群益64購01,136000,0.99,1.0,0.81,0.81
715524,環球晶群益64購03,3430760,3.85,3.85,3.52,3.52
715525,光頡國泰64購04,207830,1.61,1.65,1.59,1.64
715526,宏捷科國泰64購02,123080,2.0,2.36,1.92,2.36
715527,旺矽國泰64購02,279060,0.9,0.96,0.9,0.96
715528,博智國泰64購01,34650,1.65,1.65,1.65,1.65
715529,富喬國泰64購03,269980,1.47,1.49,1.45,1.49
715530,富喬國泰64購04,180530,1.28,1.34,1.26,1.27
715531,M31統一79購02,3400,0.68,0.68,0.68,0.68
715532,台星科統一69購01,15180,0.66,0.66,0.66,0.66
715533,光頡統一69購03,0,,,,
715534,光頡統一69購04,0,,,,
715535,宜鼎統一68購01,0,,,,
715536,金山電統一6C購04,1510160,0.68,0.68,0.66,0.66
715537,環球晶統一6C購02,220680,1.06,1.09,1.04,1.04
715538,M31富邦65購03,0,,,,
715539,M31富邦66購01,0,,,,
715540,印能富邦65購03,72240,0.73,0.73,0.72,0.72
715541,印能富邦66購01,45280,0.67,0.67,0.66,0.66
715542,宜鼎富邦69購01,9750,0.65,0.65,0.65,0.65
715543,順達富邦66購01,969130,0.86,0.88,0.86,0.86
715544,鈊象富邦65購02,194980,0.98,0.98,0.97,0.97
715545,M31台新63購03,0,,,,
715546,天品台新63購02,59810,1.09,1.11,1.05,1.05
715547,安葆台新63購03,0,,,,
715548,倚強台新63購02,0,,,,
715549,鈊象台新63購02,11350,2.27,2.27,2.27,2.27
715550,雷科台新65購01,81460,2.26,2.36,2.26,2.36
715551,M31凱基63購06,0,,,,
715552,川寶凱基65購01,0,,,,
715553,天品凱基63購02,32800,1.35,1.37,1.35,1.37
715554,尼克森凱基63購01,11110,1.01,1.01,1.01,1.01
715555,光頡凱基63購06,2787060,1.81,1.81,1.63,1.63
715556,光頡凱基65購02,135420,2.08,2.09,2.08,2.09
715557,光頡凱基65購03,137090,2.21,2.22,2.2,2.22
715558,宏捷科凱基63購05,149070,1.97,2.27,1.95,2.27
715559,宏捷科凱基66購01,17070,1.85,1.96,1.85,1.96
715560,宜鼎凱基63購15,132640,1.54,1.62,1.54,1.58
715561,昇達科凱基65購01,137000,1.57,1.6,1.57,1.6
715562,昇達科凱基66購01,122300,2.1,2.2,2.1,2.2
715563,威剛凱基63購17,1533430,2.7,2.8,2.68,2.8
715564,威剛凱基63購18,0,,,,
715565,威剛凱基66購02,45150,2.15,2.15,2.15,2.15
715566,新盛力凱基66購01,0,,,,
715567,新盛力凱基66購02,0,,,,
715568,群聯凱基63購24,53720,1.59,1.7,1.59,1.66
715569,群聯凱基63購25,17180,1.49,1.58,1.49,1.56
715570,群聯凱基63購26,26210,1.88,1.88,1.85,1.86
715571,群聯凱基65購03,61160,1.97,2.09,1.97,2.02
715572,群聯凱基65購04,64510,2.02,2.13,2.02,2.06
715573,雷科凱基69購01,72700,1.4,1.43,1.36,1.43
715574,鈺太凱基63購02,0,,,,
715575,M31元大63購06,0,,,,
715576,M31元大63購07,0,,,,
715577,M31元大63購09,0,,,,
715578,M31元大65購03,0,,,,
715579,M31元大65購04,0,,,,
715580,大綜元大63購03,72970,1.82,2.03,1.82,2.03
715581,光頡元大63購08,0,,,,
715582,安葆元大63購01,0,,,,
715583,安葆元大63購02,10600,1.06,1.06,1.06,1.06
715584,安葆元大63購03,0,,,,
715585,安葆元大65購01,0,,,,
715586,旺矽元大63購10,1361810,2.58,2.65,2.43,2.63
715587,旺矽元大63購11,1104260,2.23,2.28,2.11,2.28
715588,旺矽元大63購12,179170,0.81,0.82,0.8,0.82
715589,茂綸元大66購02,127740,0.82,0.89,0.8,0.89
715590,倚強元大63購03,0,,,,
715591,富喬元大69購01,508590,0.69,0.72,0.67,0.72
715592,新盛力元大63購02,15400,1.54,1.54,1.54,1.54
715593,群聯元大69購04,151840,1.46,1.46,1.46,1.46
715594,雷科元大63購04,169270,1.72,1.81,1.65,1.81
715595,雷科元大63購05,142240,1.74,1.78,1.68,1.78
715596,雷科元大63購06,188160,1.76,1.83,1.7,1.74
715597,雷科元大65購01,177020,1.78,1.83,1.69,1.83
715598,雷科元大68購01,174850,1.04,1.05,1.0,1.05
715599,雷科元大68購02,566650,0.99,1.02,0.95,1.02
715600,廣閎科元大66購01,104520,0.67,0.67,0.67,0.67
715601,德微元大63購03,95110,2.21,2.3,2.2,2.21
715602,德微元大65購01,32210,2.01,2.02,2.01,2.01
715603,德微元大66購01,97340,1.78,1.81,1.73,1.74
715604,宏捷科中信63購02,655660,1.07,1.33,1.02,1.3
715605,旺矽中信68購01,13640,1.24,1.24,1.24,1.24
715606,鈊象中信68購01,7500,0.75,0.75,0.75,0.75
715607,川寶國泰65購01,28400,0.72,0.73,0.72,0.73
715608,友威科國泰65購01,419550,1.3,1.37,1.28,1.29
715609,東捷國泰65購01,0,,,,
715610,M31永豐65購02,0,,,,
715611,大江永豐65購01,150690,0.82,0.84,0.82,0.84
715612,中美晶永豐65購03,0,,,,
715613,尼克森永豐65購01,0,,,,
715614,安葆永豐65購02,0,,,,
715615,沛亨永豐63購05,0,,,,
715616,奇鈦科永豐63購01,0,,,,
715617,旺矽永豐63購05,175350,0.92,0.95,0.9,0.95
715618,東聯互永豐69購01,0,,,,
715619,勤凱永豐63購01,0,,,,
715620,勤凱永豐65購02,0,,,,
715621,新復興永豐65購01,0,,,,
715622,M31統一7A購01,0,,,,
715623,九暘統一71購01,0,,,,
715624,大綜統一69購01,68760,0.69,0.74,0.69,0.74
715625,大綜統一71購01,0,,,,
715626,川寶統一7A購01,5200,0.52,0.52,0.52,0.52
715627,光頡統一6B購01,236730,0.69,0.72,0.68,0.68
715628,光頡統一7A購01,82630,0.71,0.71,0.7,0.7
715629,安葆統一71購01,0,,,,
715630,安葆統一7A購01,0,,,,
715631,宜鼎統一7A購01,37700,0.76,0.76,0.75,0.75
715632,金山電統一75購01,1077840,0.72,0.72,0.72,0.72
715633,金山電統一7A購01,19680,0.69,0.69,0.66,0.66
715634,碩禾統一71購01,18700,0.48,0.48,0.46,0.46
715635,碩禾統一7A購01,0,,,,
715636,德微統一68購01,97160,0.74,0.74,0.69,0.69
715637,M31國票71購01,0,,,,
715638,雷科國票68購01,0,,,,
715639,雷科國票69購01,47060,2.38,2.52,2.38,2.52
715640,M31群益65購01,0,,,,
715641,光頡群益65購03,93960,1.81,1.82,1.67,1.67
715642,印能群益65購02,5880,1.47,1.47,1.47,1.47
715643,印能群益66購01,4320,2.16,2.16,2.16,2.16
715644,宜鼎群益63購12,57360,1.49,1.55,1.49,1.52
715645,旺矽群益65購02,71010,1.04,1.1,1.03,1.09
715646,旺矽群益65購03,102480,1.36,1.44,1.36,1.44
715647,昇達科群益63購01,163190,1.27,1.34,1.27,1.34
715648,昇達科群益63購02,156190,1.36,1.5,1.36,1.48
715649,昇達科群益65購01,384570,1.66,1.83,1.66,1.83
715650,昇達科群益65購02,8650,1.73,1.73,1.73,1.73
715651,倚強群益68購01,0,,,,
715652,順達群益63購10,209150,2.03,2.15,2.03,2.12
715653,鈊象群益63購05,0,,,,
715654,雷科群益63購03,240940,3.14,3.33,3.14,3.27
715655,雷科群益65購01,169750,2.04,2.16,1.95,2.13
715656,德微群益65購01,40700,2.07,2.07,2.0,2.0
715657,擎亞群益65購02,0,,,,
715658,台星科富邦65購01,532990,0.86,0.86,0.8,0.82
715659,宏捷科富邦65購02,193650,0.99,1.1,0.94,1.1
715660,沛亨富邦66購02,0,,,,
715661,昇達科富邦63購01,61320,0.84,0.93,0.84,0.93
715662,東捷富邦65購02,191270,0.84,0.84,0.76,0.76
715663,威剛富邦69購01,0,,,,
715664,威剛富邦75購01,0,,,,
715665,富喬富邦66購02,57510,0.74,0.79,0.74,0.77
715666,新盛力富邦65購02,816130,0.79,0.82,0.77,0.79
715667,營邦富邦66購03,147320,0.64,0.68,0.64,0.68
715668,譜瑞富邦65購02,0,,,,
715669,光頡台新64購01,71080,2.3,2.44,2.3,2.44
715670,光頡台新64購02,556160,2.42,2.56,2.22,2.22
715671,系統電台新64購01,76060,1.71,1.73,1.71,1.73
715672,東捷台新64購01,11300,1.13,1.13,1.13,1.13
715673,欣銓台新6A購01,47100,2.37,2.37,2.34,2.34
715674,是方台新6A購01,20160,2.24,2.24,2.24,2.24
715675,富喬台新64購01,12540,2.09,2.09,2.09,2.09
715676,晶呈台新64購01,0,,,,
715677,陽程台新64購01,192670,1.79,2.07,1.79,2.07
715678,陽程台新64購02,282050,1.92,2.09,1.92,2.09
715679,陽程台新64購03,278640,1.73,1.89,1.7,1.89
715680,新應材台新65購01,37200,1.86,1.86,1.86,1.86
715681,瑞耘台新64購01,0,,,,
715682,廣積台新64購01,0,,,,
715683,廣積台新64購02,0,,,,
715684,九暘國票64購01,0,,,,
715685,中美晶國票64購04,0,,,,
715686,世禾國票64購01,31400,1.05,1.05,1.04,1.04
715687,世界國票64購02,9920,1.42,1.42,1.41,1.41
715688,台特化國票6A購01,21200,1.06,1.06,1.06,1.06
715689,竹陞國票64購02,1710,0.57,0.57,0.57,0.57
715690,竹陞國票6A購01,0,,,,
715691,系統電國票64購02,0,,,,
715692,旺矽國票64購03,0,,,,
715693,竑騰國票64購02,30260,1.78,1.78,1.78,1.78
715694,竑騰國票65購01,0,,,,
715695,倚強國票65購01,0,,,,
715696,倚強國票66購01,0,,,,
715697,鈺太國票64購02,0,,,,
715698,碩禾國票64購02,76450,0.58,0.58,0.5,0.51
715699,碩禾國票66購01,0,,,,
715700,穩懋國票64購02,107940,2.11,2.11,1.97,2.09
715701,友威科元大64購01,158000,0.6,0.63,0.6,0.6
715702,台特化元大64購02,0,,,,
715703,台特化元大64購03,0,,,,
715704,台特化元大64購04,0,,,,
715705,光頡元大64購01,8210,1.63,1.65,1.63,1.65
715706,光頡元大64購02,13920,1.73,1.75,1.73,1.75
715707,光頡元大67購01,41210,1.48,1.5,1.39,1.39
715708,光頡元大68購01,46350,0.78,0.81,0.78,0.78
715709,光頡元大69購02,28710,0.79,0.82,0.79,0.82
715710,系微元大64購01,0,,,,
715711,旺矽元大64購01,502090,1.17,1.2,1.14,1.2
715712,旺矽元大64購02,866460,1.37,1.42,1.34,1.42
715713,旺矽元大64購03,692500,1.57,1.62,1.55,1.62
715714,旺矽元大65購03,576960,1.1,1.15,1.08,1.15
715715,昇達科元大64購01,102730,1.32,1.4,1.32,1.4
715716,昇達科元大66購01,42960,1.36,1.4,1.36,1.4
715717,昇達科元大67購01,44230,0.73,0.78,0.73,0.78
715718,東捷元大64購01,5550,1.11,1.11,1.11,1.11
715719,東捷元大64購02,0,,,,
715720,東捷元大66購03,0,,,,
715721,欣銓元大64購02,0,,,,
715722,欣銓元大64購03,0,,,,
715723,欣銓元大64購04,0,,,,
715724,竑騰元大64購01,39780,1.61,1.61,1.57,1.57
715725,竑騰元大64購02,48260,1.48,1.53,1.48,1.53
715726,倚強元大64購01,0,,,,
715727,倚強元大64購02,0,,,,
715728,倚強元大66購01,0,,,,
715729,倚強元大67購01,0,,,,
715730,富喬元大6A購01,17100,1.4,1.43,1.4,1.43
715731,陽程元大64購04,41320,1.02,1.13,1.02,1.13
715732,陽程元大64購05,242360,0.81,0.85,0.81,0.85
715733,陽程元大64購06,20870,0.57,0.61,0.57,0.61
715734,陽程元大67購01,50220,0.57,0.6,0.57,0.6
715735,新盛力元大64購02,88500,1.77,1.77,1.77,1.77
715736,新盛力元大64購03,0,,,,
715737,新盛力元大67購02,0,,,,
715738,群翊元大64購01,26400,2.2,2.2,2.2,2.2
715739,群聯元大64購17,2540,1.27,1.27,1.27,1.27
715740,鈺太元大64購01,0,,,,
715741,鈺創元大64購01,69500,1.15,1.16,1.15,1.16
715742,博智中信66購01,38730,0.89,0.91,0.89,0.91
715743,穩懋中信65購02,260230,1.13,1.18,1.13,1.18
715744,台特化永豐64購01,28080,1.34,1.34,1.27,1.27
715745,弘塑永豐65購01,0,,,,
715746,正基永豐64購01,0,,,,
715747,正淩永豐64購01,0,,,,
715748,光頡永豐64購02,106400,1.52,1.52,1.52,1.52
715749,光頡永豐65購01,0,,,,
715750,光頡永豐66購01,0,,,,
715751,利機永豐66購01,0,,,,
715752,系統電永豐64購03,182740,2.2,2.34,2.2,2.21
715753,東捷永豐64購04,0,,,,
715754,東捷永豐64購05,0,,,,
715755,東捷永豐65購03,0,,,,
715756,東捷永豐67購02,0,,,,
715757,東捷永豐6A購01,0,,,,
715758,竑騰永豐65購01,0,,,,
715759,竑騰永豐66購01,13750,1.25,1.25,1.25,1.25
715760,竑騰永豐67購01,13840,1.73,1.73,1.73,1.73
715761,倚強永豐67購01,0,,,,
715762,高僑永豐65購01,0,,,,
715763,博磊永豐65購01,0,,,,
715764,陽程永豐64購01,59290,0.77,0.77,0.77,0.77
715765,陽程永豐64購02,0,,,,
715766,順達永豐64購04,60060,0.77,0.77,0.77,0.77
715767,新盛力永豐65購02,0,,,,
715768,德微永豐64購02,0,,,,
715769,穩懋永豐64購03,0,,,,
715770,穩懋永豐67購01,0,,,,
715771,九暘群益64購01,0,,,,
715772,九暘群益65購01,0,,,,
715773,中美晶群益64購03,5920,2.96,2.96,2.96,2.96
715774,元債20群益64購01,2400,0.8,0.8,0.8,0.8
715775,世界群益64購01,41200,1.37,1.39,1.37,1.39
715776,台特化群益64購01,7600,2.66,2.66,2.42,2.42
715777,均華群益64購03,0,,,,
715778,宜鼎群益64購03,167310,1.43,1.43,1.43,1.43
715779,威剛群益64購02,6200,1.24,1.24,1.24,1.24
715780,竑騰群益66購01,2990,0.75,0.75,0.74,0.74
715781,倚強群益64購02,0,,,,
715782,陽程群益65購01,45600,1.11,1.18,1.1,1.18
715783,陽程群益66購01,154100,1.28,1.3,1.28,1.3
715784,鈊象群益64購03,0,,,,
715785,新盛力群益65購01,0,,,,
715786,新應材群益67購02,25840,0.68,0.72,0.66,0.7
715787,群聯群益67購04,7750,0.77,0.78,0.77,0.78
715788,穩懋群益64購05,0,,,,
715789,九暘國泰65購01,0,,,,
715790,尼克森國泰65購01,196940,2.11,2.36,2.11,2.33
715791,倚強國泰65購01,557250,1.11,1.12,1.11,1.12
715792,陽程國泰65購01,69690,1.01,1.01,1.01,1.01
715793,陽程國泰65購02,63210,0.86,0.94,0.86,0.94
715794,新應材富邦67購01,232660,0.78,0.81,0.76,0.8
715795,群聯富邦66購04,0,,,,
715796,川寶統一7A購02,5800,0.58,0.58,0.58,0.58
715797,尼克森統一71購01,9940,0.77,0.77,0.75,0.75
715798,光頡統一75購01,3200,0.64,0.64,0.64,0.64
715799,印能統一6A購01,0,,,,
715800,宜鼎統一7A購02,39500,0.79,0.79,0.79,0.79
715801,昱展統一7A購01,0,,,,
715802,陽程統一6A購01,0,,,,
715803,陽程統一6A購02,0,,,,
715804,陽程統一71購01,0,,,,
715805,陽程統一72購01,585500,0.56,0.61,0.56,0.61
715806,陽程統一7A購01,306320,0.64,0.68,0.64,0.68
715807,新盛力統一6A購01,0,,,,
715808,新應材統一7A購01,161240,0.58,0.58,0.58,0.58
715809,德微統一75購02,0,,,,
715810,九暘凱基64購01,0,,,,
715811,奇鈦科凱基64購01,0,,,,
715812,旺矽凱基64購01,13680,2.28,2.28,2.28,2.28
715813,竑騰凱基64購01,0,,,,
715814,竑騰凱基64購02,20800,2.08,2.08,2.08,2.08
715815,竑騰凱基64購03,21000,2.1,2.1,2.1,2.1
715816,竑騰凱基64購04,25400,2.54,2.54,2.54,2.54
715817,倚強凱基64購01,0,,,,
715818,高僑凱基66購01,0,,,,
715819,晶呈凱基64購01,0,,,,
715820,陽程凱基64購01,0,,,,
715821,陽程凱基64購02,0,,,,
715822,陽程凱基64購03,0,,,,
715823,陽程凱基66購01,0,,,,
715824,陽程凱基66購02,23130,1.51,1.55,1.51,1.55
715825,鈊象凱基64購05,0,,,,
715826,新復興凱基64購01,0,,,,
715827,新應材凱基64購03,0,,,,
715828,群聯凱基64購11,0,,,,
715829,群聯凱基65購05,41780,1.88,1.94,1.88,1.94
715830,群聯凱基65購06,0,,,,
715831,群聯凱基65購07,0,,,,
715832,穩懋凱基64購01,104590,3.65,3.9,3.65,3.9
715833,穩懋凱基6A購01,29250,5.85,5.85,5.85,5.85
715834,正淩國票6A購01,0,,,,
715835,邑錡國票64購02,0,,,,
715836,松上國票6C購01,0,,,,
715837,長佳智國票6C購01,710,0.71,0.71,0.71,0.71
715838,威潤國票6C購01,0,,,,
715839,美琪瑪國票66購01,0,,,,
715840,富喬國票64購04,2576770,1.35,1.41,1.33,1.41
715841,富喬國票64購05,0,,,,
715842,晶呈國票6A購01,0,,,,
715843,新盛力國票64購02,0,,,,
715844,新盛力國票64購03,90000,1.8,1.8,1.8,1.8
715845,萬潤國票67購01,0,,,,
715846,萬潤國票69購01,0,,,,
715847,鈺創國票64購01,0,,,,
715848,穩懋國票69購02,0,,,,
715849,天品元大64購01,0,,,,
715850,世界元大64購10,0,,,,
715851,竹陞元大64購03,0,,,,
715852,竹陞元大69購03,0,,,,
715853,宏捷科元大64購01,43000,0.86,0.86,0.86,0.86
715854,宏捷科元大64購02,23400,1.17,1.17,1.17,1.17
715855,沛亨元大68購01,0,,,,
715856,旺矽元大64購04,0,,,,
715857,旺矽元大64購05,0,,,,
715858,旺矽元大64購06,0,,,,
715859,旺矽元大64購07,0,,,,
715860,易發元大64購01,0,,,,
715861,欣銓元大64購05,0,,,,
715862,欣銓元大64購06,0,,,,
715863,青雲元大67購01,0,,,,
715864,風青元大64購01,4920,1.64,1.64,1.64,1.64
715865,竑騰元大67購01,0,,,,
715866,創泓元大64購01,0,,,,
715867,創新服元大64購01,0,,,,
715868,富強鑫元大64購01,0,,,,
715869,富喬元大64購08,3458510,1.11,1.18,1.11,1.18
715870,鈊象元大64購06,0,,,,
715871,勤凱元大64購01,0,,,,
715872,新盛力元大64購04,0,,,,
715873,新盛力元大64購05,0,,,,
715874,新盛力元大64購06,0,,,,
715875,新盛力元大67購03,0,,,,
715876,新應材元大64購03,3680,1.84,1.84,1.84,1.84
715877,新應材元大64購04,0,,,,
715878,萬潤元大64購01,56250,1.25,1.25,1.25,1.25
715879,萬潤元大67購01,118300,1.31,1.4,1.3,1.4
715880,萬潤元大68購01,0,,,,
715881,萬潤元大69購01,47160,0.97,1.0,0.97,1.0
715882,萬潤元大6A購01,60390,1.01,1.05,1.01,1.05
715883,群聯元大64購18,0,,,,
715884,鈺創元大64購02,34880,1.09,1.09,1.09,1.09
715885,正淩台新64購01,0,,,,
715886,正淩台新67購01,0,,,,
715887,同致台新67購01,0,,,,
715888,沛亨台新64購02,0,,,,
715889,沛亨台新64購03,0,,,,
715890,東浦台新64購01,0,,,,
715891,東浦台新64購02,0,,,,
715892,博磊台新64購01,0,,,,
715893,晶呈台新64購02,0,,,,
715894,瑞耘台新64購02,0,,,,
715895,點序台新64購01,0,,,,
715896,穩懋台新64購01,0,,,,
715897,穩懋台新64購02,37950,2.19,2.31,2.19,2.31
715898,穩懋台新64購03,0,,,,
715899,穩懋台新64購04,55300,5.6,5.6,5.4,5.4
715900,中美晶凱基64購06,10240,2.56,2.56,2.56,2.56
715901,中美晶凱基64購07,0,,,,
715902,中美晶凱基64購08,190500,2.73,2.73,2.7,2.7
715903,中美晶凱基64購09,0,,,,
715904,台特化凱基6A購01,0,,,,
715905,利機凱基64購01,0,,,,
715906,均華凱基67購02,0,,,,
715907,宏捷科凱基68購01,133480,2.04,2.28,2.04,2.23
715908,系統電凱基64購04,0,,,,
715909,宜鼎凱基64購05,0,,,,
715910,昇達科凱基65購02,32800,2.05,2.05,2.05,2.05
715911,東捷凱基64購02,0,,,,
715912,富喬凱基66購01,0,,,,
715913,順達凱基66購03,0,,,,
715914,新盛力凱基66購03,0,,,,
715915,萬潤凱基64購01,406770,2.5,2.63,2.47,2.63
715916,萬潤凱基64購02,18080,2.26,2.26,2.26,2.26
715917,萬潤凱基64購03,29240,2.05,2.19,2.05,2.17
715918,萬潤凱基64購04,21600,2.16,2.16,2.16,2.16
715919,萬潤凱基66購01,0,,,,
715920,萬潤凱基66購02,26250,2.51,2.74,2.51,2.74
715921,萬潤凱基66購03,42000,2.8,2.8,2.8,2.8
715922,群翊凱基64購01,2410,2.41,2.41,2.41,2.41
715923,鈺太凱基64購01,0,,,,
715924,碩禾凱基64購01,54600,1.1,1.1,1.09,1.09
715925,碩禾凱基65購01,0,,,,
715926,穩懋凱基64購02,28720,3.12,3.27,3.12,3.26
715927,宜鼎中信6A購01,0,,,,
715928,順達中信64購01,0,,,,
715929,萬潤中信6A購01,0,,,,
715930,群聯中信66購02,0,,,,
715931,穩懋中信6A購01,3800,0.95,0.95,0.95,0.95
715932,中美晶永豐64購06,0,,,,
715933,邑錡永豐65購01,0,,,,
715934,奇鈦科永豐67購01,0,,,,
715935,昇達科永豐64購02,0,,,,
715936,東浦永豐65購01,0,,,,
715937,家碩永豐64購01,7680,1.28,1.28,1.28,1.28
715938,泰藝永豐67購01,94850,2.38,2.38,2.2,2.2
715939,晶呈永豐67購01,0,,,,
715940,順達永豐65購01,0,,,,
715941,萬潤永豐64購02,89100,1.98,1.98,1.98,1.98
715942,萬潤永豐65購02,14300,1.43,1.43,1.43,1.43
715943,萬潤永豐66購02,0,,,,
715944,萬潤永豐67購01,0,,,,
715945,萬潤永豐68購02,0,,,,
715946,群聯永豐64購13,0,,,,
715947,群聯永豐66購02,0,,,,
715948,群聯永豐67購05,0,,,,
715949,綠界*永豐67購01,0,,,,
715950,擎亞永豐64購03,0,,,,
715951,穩懋永豐65購02,0,,,,
715952,華景電國泰65購01,0,,,,
715953,順達國泰65購01,0,,,,
715954,萬潤國泰65購01,0,,,,
715955,萬潤國泰65購02,0,,,,
715956,群翊國泰65購01,0,,,,
715957,元太群益64購01,3240,1.08,1.08,1.08,1.08
715958,同致群益6A購01,0,,,,
715959,系統電群益66購01,0,,,,
715960,東浦群益64購01,0,,,,
715961,陽程群益64購01,0,,,,
715962,順達群益64購02,0,,,,
715963,新盛力群益65購02,0,,,,
715964,萬潤群益64購01,113700,1.03,1.07,1.03,1.07
715965,群聯群益67購05,0,,,,
715966,漢科群益64購01,6150,1.23,1.23,1.23,1.23
715967,台半富邦65購02,0,,,,
715968,旺矽富邦64購03,0,,,,
715969,萬潤富邦66購01,0,,,,
715970,萬潤富邦66購02,0,,,,
715971,萬潤富邦67購01,0,,,,
715972,碩禾富邦64購01,0,,,,
715973,穩懋富邦67購02,6050,1.21,1.21,1.21,1.21
715974,川寶統一7A購03,0,,,,
715975,世界統一7A購01,0,,,,
715976,台特化統一6A購01,49700,0.73,0.73,0.7,0.7
715977,台特化統一7A購01,0,,,,
715978,宸曜統一7A購01,0,,,,
715979,博智統一7A購01,0,,,,
715980,晶呈統一7A購01,0,,,,
715981,陽程統一68購02,0,,,,
715982,陽程統一7A購02,0,,,,
715983,萬潤統一68購01,54480,0.9,0.95,0.9,0.95
715984,萬潤統一69購01,0,,,,
715985,萬潤統一71購01,0,,,,
715986,萬潤統一74購01,3350,0.67,0.67,0.67,0.67
715987,萬潤統一7A購01,0,,,,
715988,穩懋統一7A購01,12640,0.8,0.8,0.78,0.78
72414U,振曜群益5A售01,0,,,,
72479U,擎亞群益5B售01,0,,,,
72485U,信驊群益5B售01,100,0.01,0.01,0.01,0.01
72501U,雙鴻中信5B售02,0,,,,
72523U,新應材群益5B售01,0,,,,
72572U,精測群益62售01,0,,,,
725744,新復興統一5A購01,0,,,,
72587U,華電網國票5A售01,0,,,,
725881,鈊象元富5A購01,0,,,,
726037,元債20元富5A購01,0,,,,
726070,元債20元富5A購02,0,,,,
72610U,富喬國票5C售02,0,,,,
726119,華星光統一5B購01,0,,,,
72614U,富喬中信5C售02,800,0.08,0.08,0.08,0.08
726194,元債20元富5B購01,0,,,,
72622U,精測群益62售02,0,,,,
72629U,櫃200群益5B售02,0,,,,
72638U,譜瑞群益5C售01,0,,,,
72691U,信驊群益5B售03,0,,,,
726924,金麗科統一5B購01,0,,,,
726925,金麗科統一5B購02,58200,0.06,0.06,0.06,0.06
726926,金麗科統一5B購03,0,,,,
726927,金麗科統一5B購04,960,0.07,0.1,0.07,0.1
72692U,信驊群益61售02,980,0.03,0.03,0.02,0.02
72704U,點序群益61售01,0,,,,
72713U,世界群益5B售01,0,,,,
72724U,信驊國票5B售01,0,,,,
72733U,中探針群益62售01,5120,0.16,0.16,0.16,0.16
72735U,世界群益5A售01,0,,,,
72736U,精材群益5A售04,0,,,,
72737U,雙鴻群益5A售04,0,,,,
72747U,閎康群益5A售02,0,,,,
72748U,精測群益5A售02,2500,0.25,0.25,0.25,0.25
72749U,精測群益62售04,39280,0.62,0.64,0.61,0.61
72754U,博智群益62售02,0,,,,
72766U,富喬群益5A售02,0,,,,
72772U,穩懋群益63售01,60970,0.06,0.07,0.05,0.07
72782U,環球晶群益62售01,0,,,,
72790U,閎康群益63售01,0,,,,
72791U,榮剛群益63售01,0,,,,
72794U,雙鴻凱基5A售02,0,,,,
72795U,神盾群益61售01,0,,,,
72797U,台特化國票5A售02,0,,,,
72798U,宏觀國票5A售01,0,,,,
72799U,雙鴻國票5A售01,0,,,,
728003,金麗科統一5C購01,0,,,,
72800U,信驊永豐5B售01,0,,,,
72807U,新應材國泰5A售01,0,,,,
72808U,新應材國票5A售03,0,,,,
72809U,萬泰科國票5A售02,0,,,,
72810U,鑫聯國票5A售02,0,,,,
72812U,茂迪國票5A售03,0,,,,
72813U,宜鼎群益5B售03,4600,0.05,0.05,0.05,0.05
72814U,精測群益5B售02,0,,,,
72818U,信驊永豐5C售01,17980,0.08,0.9,0.04,0.07
72820U,鑫聯國票5A售03,0,,,,
728264,元債20永豐61購01,0,,,,
72827U,元太群益5B售02,1950,0.12,0.12,0.11,0.11
72828U,台燿群益5B售01,0,,,,
72829U,宏捷科群益5C售01,920,0.36,0.36,0.28,0.28
72830U,元太凱基5B售03,0,,,,
72836U,東捷群益5B售01,0,,,,
72838U,鈊象群益5B售02,0,,,,
72840U,世界群益5B售04,0,,,,
72841U,神盾群益5C售01,0,,,,
72842U,鈊象群益63售01,0,,,,
72843U,精材群益63售01,0,,,,
72849U,印能凱基5A售04,0,,,,
72850U,印能國票5A售05,0,,,,
728516,系微統一5C購01,0,,,,
72851U,矽科國票5B售02,0,,,,
728520,金麗科統一5C購02,700,0.07,0.07,0.07,0.07
72852U,旺矽元大5A售03,0,,,,
72853U,信驊元大5A售01,0,,,,
72854U,信驊永豐61售01,0,,,,
72855U,信驊富邦5C售02,213330,0.22,0.22,0.15,0.16
72856U,頎邦凱基5A售03,0,,,,
72857U,雙鴻元大5A售06,0,,,,
72858U,巨漢國票5A售02,0,,,,
72859U,弘塑國票5B售02,32910,0.21,0.21,0.17,0.18
72860U,弘塑元大5A售03,0,,,,
72861U,華電網凱基5A售01,0,,,,
72862U,群聯國票5B售02,0,,,,
72863U,蜜望實國票5A售03,0,,,,
72864U,群聯凱基5A售03,0,,,,
72865U,信驊永豐5B售03,0,,,,
72866U,旺矽凱基5A售06,15120,0.12,0.12,0.1,0.1
72867U,旺矽富邦61售01,66300,0.53,0.53,0.48,0.48
72868U,富喬群益5C售01,12460,0.27,0.27,0.25,0.25
72869U,立碁國票5B售03,600,0.06,0.06,0.06,0.06
72871U,群聯群益61售02,0,,,,
72872U,聖暉*台新5B售01,0,,,,
72873U,威剛國票5C售02,0,,,,
72874U,威剛群益5C售02,0,,,,
72875U,威剛凱基5B售05,0,,,,
72876U,合晶台新5B售05,180,0.02,0.02,0.02,0.02
72877U,群聯台新5B售07,940,0.47,0.47,0.47,0.47
72878U,群聯台新5B售08,0,,,,
72879U,世界凱基5B售02,0,,,,
72880U,良維國票5C售02,0,,,,
72881U,鈊象台新5B售03,0,,,,
72882U,環球晶台新5B售03,0,,,,
72883U,環球晶國票5B售02,296260,0.08,0.08,0.07,0.08
72884U,鈊象群益61售01,0,,,,
72885U,中美晶群益5B售02,0,,,,
72886U,群聯群益5B售06,0,,,,
72887U,精材群益5B售05,0,,,,
72888U,德微群益5B售02,0,,,,
72889U,新盛力群益5B售04,0,,,,
72890U,廣穎群益5B售03,0,,,,
72891U,世界台新5B售03,0,,,,
728920,元債20元富61購01,3800,0.38,0.38,0.38,0.38
72892U,台特化台新5B售04,0,,,,
72893U,威剛中信64售01,1860,0.62,0.62,0.62,0.62
72894U,世界群益62售01,0,,,,
72895U,台特化群益5B售01,0,,,,
728967,驊訊統一61購01,20,0.01,0.01,0.01,0.01
72896U,精材凱基5B售08,18000,0.09,0.09,0.09,0.09
72897U,精材群益5B售08,0,,,,
72898U,雷科國票5B售03,0,,,,
72899U,立敦台新5B售04,0,,,,
72900U,德微國票5C售04,0,,,,
72901U,德微國票5C售05,32160,0.4,0.42,0.4,0.42
72902U,擎亞國票5B售03,0,,,,
72903U,群聯凱基5B售08,12850,0.7,0.7,0.67,0.67
72904U,欣銓台新5B售05,52900,0.49,0.49,0.47,0.47
72905U,臺慶科台新5B售05,0,,,,
72906U,博智群益5B售04,20700,1.15,1.15,1.15,1.15
72907U,群聯富邦61售05,6540,0.6,0.6,0.59,0.59
72908U,威剛群益65售01,68800,1.71,1.73,1.71,1.73
72909U,威剛凱基65售01,520,0.52,0.52,0.52,0.52
72910U,精材台新5B售06,0,,,,
72911U,威剛元大5B售16,0,,,,
72912U,良維群益61售02,0,,,,
72913U,威剛群益5B售04,2750,0.55,0.55,0.55,0.55
72914U,威剛群益5B售05,0,,,,
72915U,威剛群益61售03,0,,,,
72916U,中美晶凱基5B售06,720,0.24,0.24,0.24,0.24
729171,M31統一61購01,0,,,,
729172,M31統一61購02,0,,,,
72917U,威剛凱基5B售09,530,0.53,0.53,0.53,0.53
729186,華星光統一61購01,131610,2.7,3.21,2.7,3.21
729187,華星光統一61購02,9000,3.06,3.06,2.97,2.97
72918U,威剛永豐61售03,0,,,,
72919U,順達台新5C售01,0,,,,
72920U,佳邦群益5C售01,0,,,,
72921U,富喬台新5C售03,9900,0.26,0.27,0.25,0.25
72922U,威剛凱基5C售05,0,,,,
72923U,宜鼎台新5C售05,0,,,,
72924U,台半群益5C售03,430,0.43,0.43,0.43,0.43
72925U,台半凱基5C售03,9420,0.35,0.41,0.35,0.41
72926U,臺慶科凱基5C售03,0,,,,
72927U,聖暉*台新5C售05,0,,,,
72928U,富喬凱基5C售04,30700,0.09,0.1,0.09,0.09
72929U,臺慶科台新5C售02,0,,,,
72930U,威剛群益5C售08,0,,,,
72931U,群聯群益5C售10,0,,,,
72932U,威剛國泰61售02,0,,,,
72933U,世界群益66售01,0,,,,
72934U,精材群益66售01,9960,0.83,0.83,0.83,0.83
72935U,世界台新5C售02,15100,1.51,1.51,1.51,1.51
72936U,宜鼎凱基5C售10,0,,,,
72937U,元太國票62售01,0,,,,
72938U,世界國票62售01,8400,0.84,0.84,0.84,0.84
72939U,威剛國票62售01,0,,,,
72940U,臺慶科國票62售01,0,,,,
72941U,雙鴻永豐61售04,1560,0.26,0.26,0.26,0.26
72942U,家登群益61售03,24200,0.6,0.61,0.6,0.61
72943U,頎邦國票61售01,0,,,,
72944U,中光電台新61售03,0,,,,
72945U,頎邦台新61售03,429300,0.95,1.05,0.95,1.05
72946U,世界群益61售03,0,,,,
72947U,台星科群益61售02,0,,,,
72948U,精材群益63售02,60970,0.7,0.71,0.7,0.71
72949U,威剛元大61售06,0,,,,
72950U,精材凱基63售02,0,,,,
72951U,中光電台新61售05,0,,,,
72952U,精材國票61售05,7700,0.58,0.58,0.52,0.52
72953U,精材國票65售02,0,,,,
72954U,群聯中信61售02,0,,,,
72955U,宜鼎國票61售03,0,,,,
72956U,群聯國票61售05,0,,,,
72957U,良維群益63售01,0,,,,
72958U,群聯群益63售02,0,,,,
72959U,雙鴻群益63售03,11500,0.23,0.23,0.23,0.23
72960U,良維凱基61售03,0,,,,
72961U,群聯凱基61售10,0,,,,
72962U,宜鼎群益67售01,0,,,,
72963U,中美晶國票61售06,37500,1.25,1.25,1.25,1.25
72964U,中美晶國票64售02,0,,,,
72965U,青雲國票61售03,0,,,,
72966U,雙鴻凱基61售07,0,,,,
72967U,順達國票61售03,0,,,,
72968U,群聯國票64售01,0,,,,
72969U,聖暉*國票61售05,0,,,,
72970U,雙鴻國票61售02,0,,,,
72971U,良維群益67售01,0,,,,
72972U,雙鴻群益61售03,0,,,,
72973U,M31國票61售02,0,,,,
72974U,威剛國票65售01,0,,,,
72975U,譜瑞國票61售01,0,,,,
72976U,順達凱基61售06,514500,0.94,0.95,0.92,0.92
72977U,雙鴻國泰63售01,0,,,,
72978U,威剛凱基61售06,0,,,,
72979U,群聯台新61售07,0,,,,
729804,僑威統一5A購01,0,,,,
729808,騰雲統一5A購01,0,,,,
72980U,頎邦凱基61售05,0,,,,
72981U,欣銓國票61售04,0,,,,
72982U,華景電國票61售02,0,,,,
72983U,家登群益63售02,0,,,,
72984U,凡甲國票61售01,0,,,,
72985U,中美晶國票63售01,23700,0.79,0.79,0.79,0.79
72986U,元太國票61售02,0,,,,
72987U,宜特國票61售02,0,,,,
72988U,頎邦國票64售02,175700,0.39,0.41,0.39,0.41
72989U,廣穎國票61售01,0,,,,
72990U,中美晶元大61售09,0,,,,
72991U,群聯元大61售20,0,,,,
72992U,中美晶富邦67售02,0,,,,
72993U,中美晶凱基63售03,0,,,,
72994U,元太凱基61售07,2800,1.4,1.4,1.4,1.4
72995U,群聯凱基63售03,0,,,,
72996U,立碁國票64售02,202690,0.45,0.47,0.41,0.41
72997U,良維國票61售02,0,,,,
72998U,新普國票61售02,0,,,,
72999U,世界國票62售02,0,,,,
73000U,宜鼎國票63售01,0,,,,
73001U,欣銓國票63售01,2760,0.68,0.7,0.68,0.7
73002U,順達國票63售01,0,,,,
73003U,鈊象國票62售01,10220,0.73,0.73,0.73,0.73
73004U,群翊國票62售01,0,,,,
73005U,群聯國票62售01,0,,,,
73006U,雙鴻國票63售01,0,,,,
73007U,世界凱基63售03,0,,,,
73008U,中美晶國票64售03,0,,,,
73009U,光焱國票65售01,0,,,,
73010U,頎邦國票64售03,0,,,,
73011U,中美晶國票66售01,0,,,,
73012U,威剛國票65售02,0,,,,
73013U,威剛元大63售02,61600,0.77,0.77,0.77,0.77
73014U,家登凱基63售02,0,,,,
730157,綠界*統一5A購01,0,,,,
73015U,新應材凱基63售04,4350,0.73,0.73,0.72,0.72
73016U,宜鼎國票66售02,0,,,,
73017U,順達國票66售01,68000,0.85,0.85,0.85,0.85
73018U,群聯國票66售02,0,,,,
73019U,雙鴻國票66售02,2250,0.45,0.45,0.45,0.45
73020U,雙鴻元大63售07,3740,0.34,0.34,0.34,0.34
73021U,威剛凱基63售03,0,,,,
73022U,威剛元大63售03,0,,,,
73023U,雙鴻凱基63售07,0,,,,
73024U,弘塑國票67售01,9570,0.87,0.87,0.87,0.87
73025U,朋億*國票66售02,0,,,,
73026U,金山電國票68售01,0,,,,
73027U,萬潤國票66售02,0,,,,
73028U,萬潤國票68售02,0,,,,
73029U,聖暉*國票66售01,0,,,,
73030U,中美晶台新62售02,0,,,,
73031U,威剛凱基63售05,0,,,,
73032U,M31國票66售01,3650,0.73,0.73,0.73,0.73
73033U,富喬台新62售01,3480,0.58,0.58,0.58,0.58
73034U,中美晶凱基64售03,62000,0.31,0.31,0.31,0.31
73035U,群聯永豐64售12,0,,,,
73036U,富喬國票63售02,0,,,,
73037U,富喬國票65售01,103230,0.93,0.93,0.93,0.93
73038U,中美晶群益63售03,0,,,,
73039U,東捷群益64售02,108000,0.36,0.36,0.36,0.36
730401,M31統一62購01,0,,,,
730402,M31統一62購02,700,0.07,0.07,0.07,0.07
730403,M31統一62購03,0,,,,
73040U,穩懋群益64售02,317470,0.7,0.75,0.7,0.72
73041U,穩懋國泰64售01,6600,0.66,0.66,0.66,0.66
73042U,穩懋凱基63售06,48200,0.61,0.61,0.6,0.6
73043U,穩懋凱基63售07,16600,0.2,0.21,0.2,0.21
73044U,宏捷科凱基63售01,42380,0.74,0.74,0.67,0.7
73045U,蜜望實國票63售02,0,,,,
73046U,中美晶中信62售02,53600,0.32,0.35,0.32,0.35
73047U,宜特群益62售02,0,,,,
73048U,東捷群益62售02,115710,1.36,1.41,1.36,1.41
730493,昇達科統一5C購01,0,,,,
73049U,振曜群益66售01,0,,,,
73050U,群聯永豐63售04,0,,,,
73051U,陽程國票66售01,346510,0.51,0.51,0.46,0.46
73052U,世紀*國票6A售01,60700,0.74,0.75,0.74,0.74
73053U,頎邦台新62售02,11730,0.72,0.74,0.72,0.74
73054U,弘塑群益64售01,4540,0.76,0.76,0.75,0.76
73055U,世紀*國票68售01,0,,,,
73056U,沛亨國票68售01,0,,,,
73057U,宜鼎元大62售02,0,,,,
73058U,頎邦群益62售03,720,0.24,0.24,0.24,0.24
73059U,安葆國票68售01,0,,,,
73060U,宏捷科國票63售01,30180,0.75,0.75,0.7,0.71
73061U,環球晶凱基62售06,0,,,,
73062U,環球晶群益64售01,4400,0.44,0.44,0.44,0.44
73063U,環球晶中信62售03,1119080,0.3,0.32,0.28,0.32
73064U,環球晶元大62售04,91660,0.57,0.59,0.57,0.59
73065U,環球晶台新63售01,30760,0.81,0.85,0.8,0.85
73066U,千附精國票63售01,0,,,,
73067U,晶宏國票63售01,0,,,,
73068U,均華群益63售01,0,,,,
73069U,精材群益63售09,13800,1.38,1.38,1.38,1.38
73070U,精材群益69售01,29200,1.46,1.46,1.46,1.46
73071U,雙鴻群益63售09,8600,0.43,0.43,0.43,0.43
73072U,精材國票64售03,770,0.77,0.77,0.77,0.77
730733,原相統一5B購01,0,,,,
73073U,環球晶國票64售03,42950,0.94,0.95,0.92,0.95
73074U,精材台新63售05,0,,,,
73075U,環球晶台新63售04,56840,0.52,0.56,0.52,0.56
73076U,雙鴻凱基63售17,17770,1.12,1.12,1.11,1.11
73077U,漢達國票65售02,1170,0.39,0.39,0.39,0.39
73078U,擎亞台新63售02,0,,,,
73079U,博智凱基63售06,0,,,,
73080U,順達元大63售11,319500,0.92,0.92,0.9,0.92
73081U,昇達科台新63售02,0,,,,
73082U,信驊台新63售04,10690,1.79,1.79,1.78,1.78
73083U,信驊凱基63售06,1176380,1.96,1.96,1.88,1.89
73084U,信驊富邦66售02,151080,2.8,2.8,2.74,2.74
73085U,信驊永豐63售01,21600,0.77,0.78,0.75,0.75
73086U,信驊永豐64售01,0,,,,
73087U,信驊元大63售03,0,,,,
73088U,信驊群益63售03,1095030,2.07,2.07,2.07,2.07
73089U,信驊群益63售04,1915740,2.5,2.71,2.5,2.59
73090U,竹陞國票67售01,0,,,,
73091U,信驊國票64售02,2810,2.81,2.81,2.81,2.81
73092U,信驊國票65售01,4380,1.46,1.46,1.46,1.46
73093U,信驊國票65售02,59360,2.3,2.31,2.27,2.27
73094U,漢達國票65售03,0,,,,
73095U,穩懋國票65售01,58360,0.63,0.64,0.63,0.64
73096U,穩懋國票69售01,20460,0.93,0.93,0.93,0.93
73097U,頎邦台新63售03,4380,1.46,1.46,1.46,1.46
73098U,台半國票65售02,1720,0.86,0.86,0.86,0.86
73099U,弘塑國票65售02,0,,,,
73100U,威聯通國票65售01,0,,,,
73101U,崴寶國票65售01,0,,,,
73102U,萊德光國票65售01,0,,,,
73103U,雷科國票64售03,18280,1.18,1.18,1.12,1.12
73104U,光頡台新63售03,92480,0.61,0.67,0.61,0.67
73105U,頎邦群益63售06,205580,0.44,0.48,0.44,0.47
73106U,竹陞國票65售02,0,,,,
73107U,南俊國票65售01,4650,0.93,0.93,0.93,0.93
73108U,茂達國票65售03,0,,,,
73109U,茂綸國票65售02,34720,0.62,0.62,0.62,0.62
73110U,高技國票65售03,0,,,,
73111U,博盛國票65售01,0,,,,
73112U,雅特力國票65售01,0,,,,
73113U,弘塑凱基65售02,0,,,,
73114U,巨有國票64售02,309870,0.64,0.64,0.6,0.63
73115U,旭然國票68售01,23870,0.63,0.63,0.6,0.6
73116U,昇達科國票64售03,0,,,,
73117U,萊德光國票64售02,37400,0.68,0.68,0.68,0.68
73118U,東捷凱基63售03,45100,1.55,1.6,1.55,1.6
73119U,台燿台新63售02,0,,,,
73120U,良維台新63售02,11220,1.87,1.87,1.87,1.87
73121U,穩懋群益63售08,0,,,,
73122U,台燿國票66售01,227700,0.9,0.9,0.9,0.9
73123U,信昌電國票64售03,962800,1.88,2.0,1.77,2.0
731240,金麗科元富61購01,12000,0.6,0.6,0.6,0.6
73124U,信昌電國票65售03,712780,1.78,1.9,1.78,1.86
73125U,台燿凱基63售05,287430,1.02,1.02,0.79,0.79
731265,順達統一5B購01,2180,2.18,2.18,2.18,2.18
73126U,穩懋凱基63售11,34560,0.64,0.64,0.64,0.64
73127U,穩懋國票64售01,170170,0.63,0.66,0.61,0.63
73128U,青雲群益66售01,0,,,,
73129U,東捷群益63售03,9420,1.57,1.57,1.57,1.57
73130U,穩懋群益63售10,98550,0.4,0.44,0.4,0.44
73131U,久元國票65售02,0,,,,
73132U,千如國票65售01,25500,0.51,0.51,0.51,0.51
73133U,立端國票65售01,0,,,,
73134U,全宇昕國票65售03,0,,,,
73135U,宏碁資國票65售02,0,,,,
73136U,長科*國票65售02,0,,,,
73137U,胡連國票65售01,0,,,,
73138U,晶呈國票65售02,79750,0.85,0.85,0.83,0.84
73139U,翔名國票65售02,30900,0.62,0.62,0.61,0.62
73140U,廣閎科國票65售02,32800,0.82,0.82,0.82,0.82
73141U,台燿台新63售03,277440,1.12,1.12,1.07,1.07
73142U,世界台新63售02,0,,,,
73143U,欣銓台新63售02,105160,1.88,1.88,1.86,1.86
73144U,頎邦台新63售05,10750,2.15,2.15,2.15,2.15
73145U,富喬凱基63售08,4830,1.61,1.61,1.61,1.61
73146U,穩懋凱基63售13,3480,0.43,0.45,0.43,0.44
73147U,台燿永豐63售05,0,,,,
73148U,富喬永豐63售02,2310,0.77,0.77,0.77,0.77
731495,英濟統一5B購01,0,,,,
73149U,環球晶永豐63售10,0,,,,
73150U,旺矽凱基63售09,740520,2.03,2.03,1.88,1.88
73151U,弘塑元大63售11,17000,0.85,0.85,0.85,0.85
73152U,旺矽元大63售04,0,,,,
73153U,富喬元大63售09,14200,1.42,1.42,1.42,1.42
73154U,旺矽國票64售02,34980,1.4,1.41,1.37,1.37
73155U,旺矽國票67售03,0,,,,
73156U,旺矽國票69售01,0,,,,
73157U,世界群益63售06,93000,0.92,0.94,0.92,0.94
731584,群聯統一5B購01,25350,5.1,5.1,5.05,5.05
73158U,旺矽群益63售05,0,,,,
73159U,欣銓群益69售01,0,,,,
73160U,頎邦群益63售09,25800,1.29,1.29,1.29,1.29
73161U,富喬台新63售03,0,,,,
73162U,富喬台新63售04,2860,1.43,1.43,1.43,1.43
73163U,新盛力群益63售04,0,,,,
73164U,光頡群益65售02,392750,1.32,1.37,1.3,1.37
73165U,旺矽永豐63售04,32020,1.01,1.01,1.0,1.0
73166U,高技台新63售03,0,,,,
73167U,環球晶國票64售06,42740,1.33,1.42,1.32,1.4
73168U,雷科國票66售01,4050,1.35,1.35,1.35,1.35
73169U,昇達科群益63售03,0,,,,
73170U,倚強群益63售03,0,,,,
73171U,陽程台新64售04,2150,2.15,2.15,2.15,2.15
73172U,穩懋群益64售06,0,,,,
73173U,萬潤國票65售01,0,,,,
73174U,萬潤永豐64售01,0,,,,
73175U,穩懋永豐64售04,354900,1.26,1.3,1.25,1.27
732269,M31統一63購01,4000,0.2,0.2,0.2,0.2
732272,千附統一5B購01,0,,,,
732332,M31統一63購02,0,,,,
732586,印能統一5A購01,0,,,,
732653,光焱統一5A購01,8640,1.08,1.08,1.08,1.08
733025,華星光統一5B購02,0,,,,
733248,宇峻統一5B購01,0,,,,
733332,大宇資統一5B購01,0,,,,
733411,美琪瑪統一61購01,0,,,,
733460,先進光統一5B購01,63820,0.86,0.88,0.83,0.88
733461,先進光統一65購01,1103350,0.51,0.56,0.49,0.52
733467,新應材統一5B購01,0,,,,
733471,營邦統一5B購01,0,,,,
733560,大學光統一5B購01,0,,,,
733563,弘塑統一5B購01,0,,,,
733653,創惟統一5B購01,100,0.01,0.01,0.01,0.01
733654,創惟統一65購01,0,,,,
733655,創惟統一65購02,0,,,,
733656,創惟統一65購03,0,,,,
733695,高端統一5B購01,1030,0.5,0.53,0.5,0.53
733696,高端統一65購01,731780,0.65,0.66,0.64,0.65
733702,創惟統一5C購01,0,,,,
733760,高端統一65購02,0,,,,
733800,華星光統一5B購03,3650,3.65,3.65,3.65,3.65
733958,新應材統一5C購01,0,,,,
733959,新應材統一5C購02,0,,,,
733983,富喬統一5C購01,0,,,,
734209,華星光統一66購01,872290,3.66,3.89,3.4,3.55
734284,竹陞統一5C購01,0,,,,
734285,良維統一5A購01,0,,,,
734352,竹陞統一5C購02,0,,,,
734355,南俊統一5C購01,0,,,,
734508,台燿統一5C購01,16000,16.0,16.0,16.0,16.0
734519,建榮統一5C購01,0,,,,
734521,智通*統一5C購01,0,,,,
734707,智通*統一5C購02,0,,,,
734708,新漢統一5C購01,0,,,,
734710,雙鴻統一62購01,0,,,,
734782,宇峻統一5C購01,0,,,,
734783,均華統一5C購01,1880,1.88,1.88,1.88,1.88
734785,萬潤統一5C購01,19600,4.9,4.9,4.9,4.9
734873,前鼎統一5C購01,0,,,,
734874,威剛統一5C購01,0,,,,
734994,新應材統一62購01,100580,0.43,0.43,0.23,0.33
735028,新應材元富63購01,397920,0.92,0.97,0.92,0.95
735029,新應材元富64購01,65680,2.08,2.2,2.08,2.2
735271,波若威統一62購01,0,,,,
735304,華景電統一5A購01,4550,0.41,0.46,0.41,0.46
735306,順達統一5C購01,750,0.75,0.75,0.75,0.75
735512,華星光統一61購03,0,,,,
735557,波若威統一63購01,0,,,,
735647,久禾光統一61購01,0,,,,
735648,久禾光統一63購01,0,,,,
735658,彩富統一5B購01,0,,,,
735659,彩富統一61購01,0,,,,
735660,彩富統一63購01,0,,,,
735665,意德士統一61購01,5700,0.95,0.95,0.95,0.95
735724,久禾光統一61購02,0,,,,
735848,生合統一63購01,0,,,,
735849,均華統一63購01,0,,,,
735852,宏觀統一61購01,0,,,,
735853,旺矽統一61購01,0,,,,
735855,南俊統一61購01,29600,3.7,3.7,3.7,3.7
736081,均華統一63購02,4080,0.68,0.68,0.68,0.68
736082,均豪統一61購01,780,0.39,0.39,0.39,0.39
736153,台燿統一61購01,0,,,,
736154,立碁統一61購01,222810,1.39,1.52,1.39,1.52
736156,均華統一5C購02,0,,,,
736160,金居統一62購01,348900,12.0,12.1,12.0,12.1
736243,宜特統一61購01,0,,,,
736244,金居統一61購01,58600,11.3,12.0,11.3,12.0
736249,家登統一61購01,0,,,,
736349,安國統一63購01,2180,0.36,0.38,0.36,0.36
736350,安國統一65購01,0,,,,
736351,安國統一66購01,1400,0.14,0.14,0.14,0.14
736352,安國統一67購01,0,,,,
736353,安國統一67購02,0,,,,
736354,安國統一67購03,0,,,,
736360,閎康統一5B購01,0,,,,
736427,M31統一61購03,390,0.13,0.13,0.13,0.13
736431,宏捷科統一61購01,560,0.56,0.56,0.56,0.56
736443,雙鴻統一62購02,0,,,,
736444,穩懋統一61購01,0,,,,
736474,中美晶統一5A購01,0,,,,
736476,系微統一5B購01,0,,,,
736477,神盾統一5A購01,0,,,,
736478,新盛力統一67購01,0,,,,
736479,漢磊統一61購01,1897440,1.7,1.84,1.6,1.6
736480,廣運統一61購01,0,,,,
736586,神盾統一5C購01,0,,,,
736604,元債20凱基67購01,6370,1.28,1.28,1.27,1.27
736736,力旺統一61購01,21390,2.77,2.77,2.66,2.66
736741,安國統一61購01,0,,,,
736934,金居統一5B購01,488800,9.95,10.1,9.7,10.1
736935,前鼎統一5B購01,0,,,,
736938,晶呈統一5B購01,0,,,,
737086,良維統一62購01,0,,,,
737198,智通*國票5B購01,93700,1.3,1.35,1.3,1.35
737321,立碁統一5C購01,62260,1.14,1.33,1.14,1.3
737801,漢磊國票5B購01,351600,6.25,7.0,5.5,5.5
737929,台燿統一5A購01,0,,,,
737930,晶呈統一5C購01,15900,2.28,2.28,2.25,2.25
737933,譜瑞統一5B購01,0,,,,
738131,中光電統一5B購01,0,,,,
738135,台燿統一5C購02,0,,,,
738137,亞信統一5B購01,0,,,,
738138,亞信統一64購01,4000,0.4,0.4,0.4,0.4
738140,美琪瑪統一64購01,309380,0.31,0.31,0.31,0.31
738144,順達統一5B購02,0,,,,
738145,順達統一5C購02,0,,,,
738150,漢科統一5B購01,7000,0.07,0.07,0.07,0.07
738151,漢科統一5C購01,1700,0.17,0.17,0.17,0.17
738152,精測統一5B購01,0,,,,
738153,精測統一64購01,0,,,,
738154,廣明統一64購01,400,0.04,0.04,0.04,0.04
738155,擎亞統一5B購01,0,,,,
738156,譜瑞統一5C購01,0,,,,
738157,譜瑞統一64購01,1950,0.15,0.15,0.15,0.15
738183,凡甲統一5C購01,480,0.48,0.48,0.48,0.48
738184,世禾統一5B購01,0,,,,
738187,昱展統一64購01,0,,,,
738190,順達統一5A購01,0,,,,
738191,聖暉*統一5A購02,0,,,,
738192,聖暉*統一64購01,0,,,,
738281,M31統一5B購01,21000,0.21,0.21,0.21,0.21
738282,M31統一5C購01,0,,,,
738285,旺矽統一63購01,0,,,,
738286,信紘科統一64購01,0,,,,
738288,新應材統一64購01,30120,0.29,0.34,0.28,0.33
738291,環球晶統一64購01,4390,4.39,4.39,4.39,4.39
738567,精測國票5B購01,0,,,,
738726,宏捷科國票5B購01,6650,0.07,0.13,0.07,0.13
738736,M31統一5C購02,0,,,,
738737,M31統一62購04,720,0.18,0.18,0.18,0.18
738741,生合統一63購02,0,,,,
738743,宏觀統一5C購01,0,,,,
738746,朋程統一5C購01,1540,0.14,0.14,0.14,0.14
738747,長佳智統一5C購01,0,,,,
738748,信紘科統一5C購01,0,,,,
738754,晶焱統一5C購01,0,,,,
738757,順達統一5C購03,520,0.26,0.26,0.26,0.26
738758,萬泰科統一5C購01,0,,,,
738760,群翊統一5C購01,0,,,,
738762,寬宏統一65購01,0,,,,
738764,廣明統一5C購01,0,,,,
738767,耀勝統一5C購01,0,,,,
738802,精測群益5C購01,0,,,,
738931,M31統一5C購03,0,,,,
738933,世禾統一5C購01,0,,,,
738934,台半統一5C購01,0,,,,
738938,永信建統一5C購01,0,,,,
738940,旺矽統一65購01,0,,,,
738943,湧德統一5C購01,0,,,,
738944,順達統一5C購04,0,,,,
738947,精測統一65購01,14400,1.44,1.44,1.44,1.44
739071,旺矽國票5A購01,19300,19.3,19.3,19.3,19.3
739284,威剛國票5B購01,0,,,,
739372,力旺統一5C購01,48230,0.57,0.58,0.52,0.57
739373,生合統一5C購01,0,,,,
739375,合晶統一5C購01,0,,,,
739376,均豪統一5B購01,0,,,,
739378,宜鼎統一5C購01,0,,,,
739379,宜鼎統一5C購02,0,,,,
739380,欣銓統一64購01,0,,,,
739381,信驊統一5C購01,0,,,,
739382,威剛統一5C購02,0,,,,
739383,威剛統一64購01,4150,4.15,4.15,4.15,4.15
739384,鈊象統一5C購01,270,0.09,0.09,0.09,0.09
739385,萬泰科統一64購01,12240,1.02,1.02,1.02,1.02
739386,群翊統一5C購02,540,0.54,0.54,0.54,0.54
739387,精材統一5C購01,0,,,,
739388,德微統一5C購01,0,,,,
739425,泰茂國票5A購01,20,0.02,0.02,0.02,0.02
739441,中光電統一5B購02,0,,,,
739442,中美晶統一5C購01,44120,0.82,0.82,0.74,0.74
739443,永信建統一5C購02,0,,,,
739446,宜鼎統一5C購03,0,,,,
739447,朋程統一5C購02,460,0.23,0.23,0.23,0.23
739453,振曜統一5C購01,0,,,,
739454,能率統一5B購01,0,,,,
739460,環球晶統一64購02,471500,2.99,3.43,2.9,3.29
739519,系微統一5C購02,0,,,,
739520,旺矽統一5B購01,0,,,,
739522,廣運統一5C購01,0,,,,
739523,擎亞統一5C購01,0,,,,
739549,聯合國票5A購01,0,,,,
739639,大宇資統一5C購01,0,,,,
739641,台燿統一64購01,0,,,,
739642,弘塑統一5C購01,1160,0.58,0.58,0.58,0.58
739643,合晶統一5B購01,0,,,,
739644,合晶統一5C購02,0,,,,
739645,均豪統一5C購01,0,,,,
739646,昇佳電統一5C購01,0,,,,
739647,昇佳電統一5C購02,0,,,,
739648,創惟統一5C購02,0,,,,
739649,新漢統一64購01,0,,,,
739650,萬泰科統一5C購02,2360,1.18,1.18,1.18,1.18
739651,德微統一5C購02,0,,,,
739652,耀勝統一5C購02,0,,,,
739841,世界國票5C購01,0,,,,
739842,威剛國票5A購01,0,,,,
739913,旺矽國票5B購01,0,,,,
739986,廣明國票5B購01,0,,,,
7402,邑錡,18111589,101.0,101.0,99.3,99.5
7547,碩網,5895282,64.8,65.0,63.1,63.7
7556,意德士,109920485,275.5,300.0,275.5,300.0
7584,樂意,271790,27.9,28.5,27.9,28.5
7642,昶瑞機電,2880318,69.7,69.7,66.5,67.5
7703,銳澤,11090680,205.5,206.0,203.0,205.5
7704,明遠精密,2742720,60.8,61.0,60.2,60.4
7708,全家餐飲,1283449,92.0,92.0,91.8,91.8
7709,榮田,16112933,88.0,88.6,85.5,87.6
7712,博盛半導體,134816186,175.0,180.5,171.0,176.0
7713,威力德生醫,375879,73.5,73.5,72.8,73.0
7714,創泓科技,17938082,172.0,172.0,168.5,169.5
7715,裕山,5246060,27.9,27.9,26.95,26.95
7716,昱臺國際,47,,,,
7717,萊德光電-KY,730541920,570.0,611.0,566.0,592.0
7718,友鋮,1469550,45.8,45.95,45.8,45.95
7723,築間,1679239,18.15,18.25,18.0,18.05
7728,光焱科技,22486909,627.0,646.0,627.0,636.0
7734,印能科技,490580800,2850.0,2885.0,2790.0,2790.0
7738,東聯互動,7459233,156.5,157.0,153.0,155.0
7743,金利食安,4072135,25.4,26.05,25.3,25.9
7744,崴寶,32397067,524.0,539.0,523.0,528.0
7747,昕奇雲端,234506,112.0,112.0,111.5,111.5
7751,竑騰,222824000,1600.0,1660.0,1590.0,1605.0
7753,星亞,1807774,35.75,35.85,35.35,35.65
7757,金色三麥,1260649,89.5,89.6,89.1,89.4
7767,仁大資訊,695805,46.05,46.15,46.0,46.0
7770,君曜,951476,43.3,44.0,41.95,42.0
7772,耀穎,294555654,190.0,192.5,167.5,167.5
7777,能率亞洲,87175150,39.55,39.8,38.15,38.5
7782,光速火箭,52462,25.2,25.2,25.2,25.2
7792,安葆,177813158,425.0,440.0,425.0,438.5
7794,宏碁智新,787700,30.3,30.5,30.1,30.25
7805,威聯通,24842819,491.0,501.0,489.5,498.5
7810,捷創科技,94654164,252.0,254.0,243.5,249.0
7811,民盛,573161,71.5,72.0,71.4,72.0
7814,海昌生技,400067,28.2,28.2,28.0,28.2
7819,精誠金融,1011166,33.15,33.5,33.15,33.25
7820,立盈,623598,111.0,112.5,110.0,111.0
7825,和亞智慧,37336470,83.6,83.6,80.5,80.6
7828,創新服務,360870975,1860.0,1875.0,1830.0,1840.0
7839,達人網,516050,43.1,43.1,42.95,43.0
7842,天能綠電,1054234,98.7,98.7,96.9,97.9
7856,漢測,1691289325,4335.0,4390.0,4210.0,4280.0
8024,佑華,1246499,12.65,12.65,12.2,12.4
8027,鈦昇,839726140,218.0,218.0,208.5,209.5
8032,光菱,934340,36.5,36.5,36.1,36.15
8034,榮群,1460076,19.85,19.95,19.7,19.75
8038,長園科,11607470,35.0,35.95,34.7,35.4
8040,九暘,184869031,95.6,96.9,93.7,94.0
8042,金山電,873695778,125.5,126.5,118.0,118.5
8043,蜜望實,378109379,145.0,146.0,140.0,140.5
8044,網家,10489311,24.45,24.45,23.65,23.65
8047,星雲,5566292,52.0,52.2,51.0,51.0
8048,德勝,5411032,51.8,51.8,50.8,51.3
8049,晶采,4905343,24.9,24.9,24.55,24.55
8050,廣積,73165205,62.4,63.4,62.0,62.0
8054,安國,91755945,90.9,91.8,87.1,87.3
8059,凱碩,1813977,18.1,18.15,17.8,17.8
8064,東捷,1045909040,141.5,143.0,136.5,136.5
8066,來思達,197444,14.85,14.85,14.8,14.85
8067,志旭,190346,11.95,11.95,11.2,11.2
8068,全達,2022878,18.05,18.05,17.5,17.5
8069,元太,1087548831,144.5,148.0,143.5,146.5
8071,能率網通,11199129,22.4,22.65,22.0,22.0
8074,鉅橡,198385185,57.9,58.3,56.1,57.3
8076,伍豐,18289906,21.95,22.05,21.35,21.4
8077,洛碁,42877,41.5,41.5,41.5,41.5
8080,泰霖,584478,28.0,28.85,28.0,28.0
8083,瑞穎,4610135,158.0,158.0,157.0,158.0
8084,巨虹,2878042,19.65,19.65,19.65,19.65
8085,福華,3938063,14.7,14.85,14.7,14.85
8086,宏捷科,2400919962,125.0,132.0,120.5,129.0
8087,麗升能源,5037807,24.0,24.0,23.9,24.0
8088,品安,18971835,44.75,44.75,44.0,44.0
8089,康全電訊,3123382,19.6,19.7,19.35,19.35
8091,翔名,435187246,246.0,246.5,234.5,240.0
8092,建暐,370360,12.5,12.5,12.2,12.2
8093,保銳,1617648,25.25,25.95,24.85,24.85
8096,擎亞,259352966,90.3,91.0,89.4,90.0
8097,常珵,5843676,48.0,49.2,48.0,48.85
8099,大世科,2443774,60.2,60.6,59.2,59.6
8102,傑霖科技,239796,59.6,59.6,59.2,59.6
8107,大億金茂,434138,11.95,11.95,11.75,11.95
8109,博大,67541566,143.0,143.0,139.0,139.0
8111,立碁,3422641511,90.4,94.3,86.5,94.3
8121,越峰,63394998,34.15,34.45,32.2,32.5
8147,正淩,59860368,145.5,145.5,141.5,141.5
8155,博智,294852565,328.0,338.0,326.0,329.5
8171,天宇,3576148,20.8,20.8,20.45,20.7
8176,智捷,390194,9.71,9.79,9.71,9.76
8182,加高,193313305,46.4,48.6,44.55,44.8
8227,巨有科技,222986018,372.0,372.0,361.5,366.0
8234,新漢,19281362,63.7,63.8,62.5,62.8
8240,華宏,85939558,60.6,60.6,58.0,58.0
8255,朋程,106288292,156.0,158.5,151.5,151.5
8272,全景軟體,1478845,61.6,61.6,60.3,60.8
8277,商丞,1484156,15.3,15.5,15.3,15.3
8279,生展,1442876,79.9,80.9,79.5,80.1
8284,三竹,878952,67.8,68.0,67.7,67.8
8289,泰藝,478039324,57.9,61.7,56.9,57.2
8291,尚茂,276399,29.55,29.55,28.05,28.1
8299,群聯,5331319485,2100.0,2135.0,2055.0,2100.0
8342,益張,168152,83.1,83.1,83.0,83.0
8349,恒耀,3620886,40.55,40.55,40.0,40.15
8349A,恒耀甲特,633100,45.3,45.3,45.15,45.2
8354,冠好,630799,16.85,16.85,16.6,16.7
8358,金居,23746115235,534.0,570.0,526.0,570.0
8383,千附,92051629,69.5,70.3,68.9,69.3
8390,金益鼎,63251971,90.7,91.0,88.8,89.0
8401,白紗科,455195,22.6,22.7,22.6,22.7
8403,盛弘,1050852,18.9,18.95,18.85,18.85
8409,商之器,162326,18.05,18.05,18.0,18.0
8410,森田,1433054,27.7,27.7,27.45,27.65
8415,大國鋼,16227050,35.3,35.4,35.1,35.1
8416,實威,704233,169.0,170.0,169.0,169.5
8421,旭源,582295,13.45,13.45,12.9,13.0
8423,保綠-KY,302855,18.0,18.0,17.8,17.8
8424,惠普,849967,69.6,70.3,69.6,70.3
8426,紅木-KY,823504,20.65,20.65,20.3,20.6
8431,匯鑽科,55218053,64.2,65.5,63.2,63.6
8432,東生華,2344992,51.1,51.2,50.8,51.0
8433,弘帆,789900,52.8,52.8,52.6,52.6
8435,鉅邁,2114925,53.2,53.2,53.0,53.2
8436,大江,108251089,104.5,104.5,102.0,104.5
8437,大地-KY,1260231,10.45,11.0,10.4,11.0
8440,綠電,413213,20.45,20.45,20.2,20.2
8444,綠河-KY,1398,,,,
8446,華研,3585401,85.0,86.5,85.0,85.1
8450,霹靂,217281,14.15,14.25,14.1,14.25
8455,大拓-KY,336660,22.1,22.2,22.1,22.1
8472,納維康,667155,65.8,67.7,65.0,66.3
8477,創業家,280461,13.9,14.1,13.9,14.0
8489,三貝德,1276522,21.95,22.05,21.75,22.05
8905,裕國,20969,,,,
8906,花王,436502,28.5,28.95,28.4,28.95
8908,欣雄,837904,39.8,39.85,39.65,39.85
8916,光隆,1559654,40.95,40.95,40.8,40.95
8917,欣泰,58959,53.6,53.6,53.6,53.6
8921,沈氏,1760,,,,
8923,時報,47084,18.1,18.1,18.0,18.0
8924,大田,4771867,49.5,49.5,49.0,49.2
8927,北基,3796054,19.1,19.1,18.65,18.85
8928,鉅明,422372,22.9,22.9,22.55,22.85
8929,富堡,143042,13.05,13.05,12.95,13.0
8930,青鋼,745992,28.5,28.55,28.45,28.5
8931,大汽電,2491945,43.1,43.1,41.95,42.4
8932,智通*,137905525,91.5,94.2,91.0,91.4
8933,愛地雅,338326,4.59,4.68,4.45,4.56
8935,邦泰,1855908,18.8,19.05,18.7,18.75
8936,國統,73880390,52.8,53.4,52.4,53.1
8937,合騏*,3232547,26.25,26.25,24.85,25.2
8938,明安,4802370,51.7,52.0,51.5,51.6
8941,關中,361313,43.2,43.95,43.15,43.95
8942,森鉅,10612562,40.1,40.1,39.75,39.85
9949,琉園,139193,24.25,24.4,24.1,24.4
9950,萬國通,340140,10.2,10.4,10.1,10.2
9951,皇田,3125353,46.6,46.65,46.45,46.5
9960,邁達康,502306,37.85,38.9,37.85,38.05
9962,有益,271828,10.4,10.4,10.15,10.15
