code,name,trading_value,open_price,high_price,low_price,close_price
00411A,主動統一前沿科技,161570178,10.55,10.61,10.55,10.56
006201,元大富櫃50,5145890,46.53,46.85,46.44,46.5
00679B,元大美債20年,481437129,24.72,24.79,24.71,24.77
00687B,國泰20年美債,251796929,25.69,25.75,25.68,25.72
00687C,國泰20年美債+櫃U,243870,8.71,8.71,8.7,8.71
00694B,富邦美債1-3,10317606,41.62,41.67,41.62,41.65
00695B,富邦美債7-10,8016779,33.63,33.74,33.63,33.7
00696B,富邦美債20年,51723044,26.94,27.0,26.93,26.99
00697B,元大美債7-10,9503324,33.89,34.02,33.89,34.01
00719B,元大美債1-3,54568486,31.21,31.21,30.95,31.01
00720B,元大投資級公司債,178139425,30.86,30.87,30.74,30.85
00722B,群益投資級電信債,179020335,33.12,33.14,33.03,33.13
00723B,群益投資級科技債,2880418,28.34,28.37,28.34,28.37
00724B,群益投資級金融債,138269308,31.54,31.61,31.5,31.6
00725B,國泰投資級公司債,106897482,32.88,32.91,32.83,32.9
00726B,國泰新興投等債,4504639,31.21,31.22,31.15,31.2
00727B,國泰優選非投等債,4847352,38.81,38.9,38.81,38.89
00734B,台新JPM新興債,2936278,14.97,14.97,14.86,14.88
00740B,富邦全球投等債,44589008,35.88,35.94,35.87,35.92
00741B,富邦全球非投等債,4380559,36.77,36.77,36.6,36.73
00746B,富邦A級公司債,7796712,33.3,33.32,33.28,33.3
00749B,凱基新興債10+,3054830,29.61,29.66,29.61,29.66
00750B,凱基科技債10+,3077925,30.68,30.68,30.68,30.68
00751B,元大AAA至A公司債,132551321,28.88,28.92,28.83,28.91
00754B,群益AAA-AA公司債,3524600,30.32,30.36,30.32,30.36
00755B,群益投資級公用債,3256528,30.47,30.5,30.47,30.5
00756B,群益投等新興公債,4524067,29.13,29.13,29.02,29.09
00758B,復華能源債,4856574,48.45,48.45,48.45,48.45
00759B,復華製藥債,5100820,50.9,50.9,50.9,50.9
00760B,復華新興企業債,5333805,50.5,50.6,50.5,50.6
00761B,國泰A級公司債,5407445,31.86,31.94,31.86,31.89
00764B,群益25年美債,234618849,25.63,25.71,25.61,25.68
00768B,復華20年美債,18656296,46.03,46.14,46.02,46.08
00772B,中信高評級公司債,72570507,31.19,31.21,31.13,31.2
00773B,中信優先金融債,52386546,33.38,33.39,33.29,33.38
00777B,凱基AAA至A公司債,3012033,30.08,30.08,30.08,30.08
00778B,凱基金融債20+,3179644,31.79,31.79,31.79,31.79
00779B,凱基美債25+,8140216,25.86,25.9,25.86,25.9
00780B,國泰A級金融債,4065230,35.37,35.37,35.33,35.34
00781B,國泰A級科技債,4199370,25.78,25.79,25.72,25.77
00782B,國泰A級公用債,6345347,28.35,28.4,28.34,28.37
00785B,富邦金融投等債,4943278,32.68,32.8,32.68,32.75
00786B,元大10年IG銀行債,341874,30.62,30.67,30.62,30.67
00787B,元大10年IG醫療債,98856,30.25,30.29,30.25,30.29
00788B,元大10年IG電能債,1196584,28.04,28.15,28.02,28.13
00789B,復華公司債A3,4546422,44.42,44.46,44.42,44.46
00791B,復華信用債1-5,6011617,56.1,56.25,56.1,56.25
00792B,群益A級公司債,3094169,29.17,29.22,29.14,29.14
00795B,中信美國公債20年,190845210,24.86,24.9,24.84,24.89
00799B,國泰A級醫療債,9054269,27.55,27.55,27.5,27.53
00834B,第一金金融債10+,3751990,32.04,32.08,32.03,32.07
00836B,永豐10年A公司債,40169,26.49,26.49,26.49,26.49
00840B,凱基IG精選15+,2765027,27.65,27.65,27.65,27.65
00841B,凱基AAA-AA公司債,2774662,26.43,26.43,26.42,26.42
00842B,台新美元銀行債,9517599,28.29,28.3,28.21,28.27
00844B,台新15年IG金融債,2352014,29.35,29.35,29.35,29.35
00845B,富邦新興投等債,3154011,31.53,31.53,31.53,31.53
00846B,富邦歐洲銀行債,3493988,34.05,34.1,34.05,34.1
00847B,中信美國市政債,6979195,23.5,23.52,23.4,23.45
00848B,中信新興亞洲債,6847340,32.37,32.48,32.37,32.44
00849B,中信EM主權債0-5,7934751,37.12,37.25,37.12,37.23
00853B,統一美債10年Aa-A,27406120,25.5,25.53,25.5,25.52
00856B,永豐1-3年美公債,111893,37.0,37.01,37.0,37.01
00857B,永豐20年美公債,23395342,21.37,21.42,21.36,21.39
00858,永豐美國500大,9449748,36.0,36.15,36.0,36.12
00859B,群益0-1年美債,88118498,40.68,40.7,40.61,40.69
00860B,群益1-5Y投資級債,4000430,37.71,37.78,37.69,37.74
00862B,中信投資級公司債,6240077,29.19,29.21,29.19,29.19
00863B,中信全球電信債,7531981,29.3,29.42,29.3,29.41
00864B,中信美國公債0-1,42061355,46.15,46.24,46.15,46.22
00867B,台新A-BBB電信債,1731095,28.28,28.34,28.27,28.34
00870B,元大15年EM主權債,2254230,26.07,26.2,26.07,26.2
00877,復華中國5G,75234733,35.79,35.87,35.19,35.28
00884B,中信低碳新興債,5785569,27.5,27.55,27.42,27.54
00886,永豐美國科技,994362,49.55,49.55,49.55,49.55
00887,永豐中國科技50大,72039563,15.39,15.46,15.21,15.22
00888,永豐台灣ESG,182918650,36.23,36.41,36.13,36.16
00890B,凱基ESG BBB債15+,3161544,30.01,30.01,30.01,30.01
00928,中信上櫃ESG 30,9744539,33.79,33.79,33.41,33.48
00931B,統一美債20年,27562483,12.52,12.54,12.5,12.53
00933B,國泰10Y+金融債,124097596,14.97,14.99,14.95,14.98
00937B,群益ESG投等債20+,866212789,13.78,13.79,13.73,13.78
00942B,台新美A公司債20+,11766100,13.18,13.2,13.17,13.19
00948B,中信優息投資級債,34769245,8.8,8.81,8.78,8.8
00950B,凱基A級公司債,24836446,13.16,13.17,13.14,13.17
00955,中信日本商社,29279468,15.8,16.09,15.8,16.09
00957B,兆豐US優選投等債,2603276,12.49,12.49,12.45,12.48
00958B,永豐ESG銀行債15+,3700783,8.63,8.65,8.62,8.64
00959B,大華投等美債15Y+,10897689,8.74,8.78,8.74,8.77
00966B,統一ESG投等債15+,18680921,13.0,13.01,12.99,13.01
00967B,元大優息美債,2154518,8.53,8.54,8.52,8.53
00968B,元大優息投等債,12115163,8.63,8.66,8.63,8.66
00969B,元大零息超長美債,7331068,7.49,7.51,7.46,7.5
00970B,台新BBB投等債20+,15037107,8.71,8.72,8.69,8.71
009806,台新標普500,229859,13.74,13.77,13.74,13.77
009807,台新標普科技精選,5063292,17.79,17.82,17.79,17.8
00980B,台新特選IG債10+,7211205,8.85,8.85,8.82,8.85
00980D,主動聯博投等入息,13422605,19.48,19.48,19.46,19.48
00980T,平衡凱基美國TOP,603764,12.04,12.04,12.02,12.02
009814,富邦標普500,7541469,11.38,11.42,11.38,11.42
009815,大華美國MAG7+,19090383,11.89,11.96,11.89,11.93
00981B,第一金優選非投債,62047610,8.97,8.97,8.95,8.97
00981D,主動中信非投等債,40478753,10.07,10.09,10.06,10.09
009822,華南永昌未來金融,4768273,9.5,9.5,9.44,9.46
009823,群益S&P500,22222889,10.45,10.48,10.45,10.47
009825,聯邦美國金融創新,1765199,9.85,9.85,9.73,9.78
00982B,FT投資級債20+,391647,9.14,9.15,9.07,9.09
00983B,大華優利美公債20,13991243,14.49,14.52,14.49,14.52
00984B,大華優利美A債15,7584571,15.18,15.22,15.16,15.22
00985D,主動貝萊德優投等,7215031,9.48,9.49,9.46,9.49
00986B,FT金融債10+,127902,9.26,9.26,9.26,9.26
00986D,主動復華金融債息,8795489,13.88,13.9,13.87,13.88
00987B,野村10+澳洲公債,25541770,15.32,15.32,15.28,15.29
00987D,主動統一美債量化,24046680,9.5,9.52,9.5,9.5
00988B,玉山嚴選非投債,24400039,19.11,19.13,19.08,19.1
00989B,台新美國非投等債,35746270,9.85,9.86,9.82,9.85
00990B,國泰收益非投等債,34626339,9.84,9.85,9.81,9.82
00998A,主動復華金融股息,40086836,16.73,16.76,16.72,16.76
020001,富邦存股雙十N,0,,,,
020025,統一亞洲半導體N,3542690,40.0,40.31,40.0,40.23
020033,統一恒生科期N,361630,3.38,3.38,3.36,3.37
020035,元大上櫃ESG高息N,0,,,,
020040,元大上櫃ESG龍頭N,0,,,,
020041,兆豐半導體氣候N,1525170,21.21,21.24,20.94,21.21
1240,茂生農經,691238,54.1,54.3,53.8,54.3
1259,安心,1367815,68.0,68.1,67.8,68.1
1264,德麥,5242759,244.0,245.0,244.0,245.0
1268,漢來美食,3171546,176.0,176.0,175.0,175.0
1294,漢田生技,1094711,50.2,50.4,49.75,50.4
1295,生合,1327768,46.9,47.4,46.7,47.4
1336,台翰,8271661,17.0,17.35,17.0,17.35
1565,精華,6026036,95.8,96.7,95.7,96.5
1569,濱川,281637957,64.6,66.0,61.3,62.6
1570,力肯,1658758,33.15,33.35,32.85,33.2
1580,新麥,5311539,97.6,98.0,97.0,97.1
1584,精剛,31775455,18.15,19.2,18.15,18.85
1586,和勤,22003000,18.05,18.2,17.7,17.9
1591,駿吉-KY,16611331,41.4,43.3,41.4,42.75
1593,祺驊,350416,31.7,31.7,31.7,31.7
1595,川寶,475241626,79.4,85.3,76.2,85.3
1599,宏佳騰,323986,23.2,23.2,22.9,23.05
1742,台蠟,1229593,17.85,17.85,17.5,17.6
1777,生泰,299500,74.0,74.0,73.9,73.9
1780,立弘,3197257,24.95,25.3,24.65,25.3
1781,合世,207384,9.82,9.99,9.82,9.99
1784,訊聯,4930282,60.4,61.3,60.4,61.2
1785,光洋科,947748634,98.9,103.5,98.6,100.5
1788,杏昌,669035,128.5,128.5,128.0,128.0
1796,金穎生技,183225,29.3,29.3,29.0,29.15
1799,易威,3358720,28.6,29.1,28.45,29.0
1813,寶利徠,89956,11.3,11.3,11.3,11.3
1815,富喬,1935643756,117.0,117.5,116.0,116.0
2035,唐榮,55469,26.5,26.5,26.5,26.5
2061,風青,294297589,60.4,63.3,59.2,59.8
2063,世鎧,823870,23.55,23.55,23.25,23.5
2064,晉椿,0,,,,
2065,世豐,1722100,35.4,35.8,35.2,35.55
2066,世德,787809,52.4,52.6,52.2,52.2
2067,嘉鋼,246642,5.39,5.39,4.78,4.91
2070,精湛,4394143,63.2,63.6,62.5,63.3
2073,雄順,75700,25.25,25.25,25.2,25.2
2221,大甲,548679857,178.0,198.0,170.0,197.5
2230,泰茂,1447110,21.7,22.0,21.7,21.8
2235,謚源,97262,27.1,28.0,27.1,28.0
2596,綠意,2327773,34.0,35.45,34.0,35.1
2640,大車隊,2267031,157.5,158.0,157.0,157.0
2641,正德,20070940,17.35,17.55,17.25,17.5
2643,捷迅,449934,62.7,62.7,62.4,62.6
2718,全心投控,998225,40.2,40.5,40.05,40.45
2719,燦星旅,25329,19.75,19.75,19.75,19.75
2724,藝舍-KY,11992,,,,
2726,雅茗-KY,137296,8.07,8.07,7.93,8.0
2729,瓦城,2494120,157.0,157.0,156.0,156.0
2732,六角,1323549,63.1,63.3,63.0,63.1
2734,易飛網,387098,14.4,14.5,14.4,14.45
2736,富野,314491,11.3,11.4,11.3,11.35
2740,華軒,408234,30.4,30.4,27.9,30.15
2743,山富,986469,53.9,54.0,53.2,53.3
2745,五福,2285531,85.2,85.2,84.9,84.9
2751,王座,776254,52.6,53.4,52.6,52.7
2752,豆府,1934558,177.5,177.5,177.0,177.0
2754,亞洲藏壽司,1253870,69.5,69.5,68.0,68.0
2755,揚秦,2593563,98.9,99.1,98.5,98.9
2756,聯發國際,72942,62.8,62.8,62.8,62.8
2916,滿心,411623,40.55,40.55,40.5,40.55
2924,宏太-KY,322550,18.4,18.4,16.7,18.3
2926,誠品生活,358626,29.55,30.2,29.5,30.2
2937,集雅社,44700,44.7,44.7,44.7,44.7
2938,床的世界,596322,18.4,18.7,18.4,18.6
2941,米斯特,125850,31.0,31.0,31.0,31.0
2947,振宇五金,493386,60.6,60.6,60.5,60.5
2948,寶陞,53649,37.4,37.4,37.4,37.4
2949,欣新網,1042227,65.0,70.4,65.0,68.9
3064,泰偉,2191,,,,
3066,李洲,69944693,29.25,29.75,28.55,29.2
3067,全域,15,,,,
3071,協禧,2898976,23.0,23.2,22.9,23.05
3073,天方能源,199489,20.95,21.0,20.55,20.6
3078,僑威,16541024,45.85,46.2,45.8,46.15
3081,聯亞,3826976040,2700.0,2730.0,2665.0,2695.0
3083,網龍,1365569,22.7,22.75,22.6,22.6
3085,新零售,52618,11.5,12.1,11.5,12.1
3086,華義*,2682063,27.2,28.1,27.1,27.4
3088,艾訊,129937334,138.0,138.5,133.0,133.5
3093,港建*,9424685,44.5,44.95,44.3,44.7
3095,及成,273166,33.25,33.55,33.2,33.5
3105,穩懋,22996676203,509.0,542.0,509.0,542.0
3114,好德,22446896,35.8,35.8,33.9,34.6
3115,富榮綱,194998,8.5,8.69,8.17,8.5
3118,進階,1545461,31.6,31.75,31.3,31.3
3122,笙泉,1781151,23.35,24.45,23.35,24.2
3128,昇銳,1237566,20.35,20.35,20.2,20.35
3131,弘塑,1923799285,2505.0,2590.0,2435.0,2525.0
3141,晶宏,91511240,85.7,86.2,84.1,85.3
3147,大綜,133609781,245.5,250.0,243.5,243.5
3152,璟德,21085981,227.0,235.5,226.5,231.0
3158,嘉實,1733439,85.0,85.1,84.9,84.9
3162,精確,601475241,81.9,87.9,81.7,85.4
3163,波若威,694617096,658.0,664.0,643.0,643.0
3169,亞信,30320481,116.0,117.0,115.0,115.0
3171,炎洲流通,240545,58.6,58.8,58.6,58.8
3176,基亞,10856942,37.35,37.95,37.05,37.7
3178,公準,16602988,69.9,70.5,68.7,69.4
3188,鑫龍騰,3009286,23.4,23.6,23.3,23.3
3191,雲嘉南,358019,16.8,16.8,16.5,16.75
3205,佰研,284087,46.8,47.0,46.75,46.8
3206,志豐,627611,34.55,34.95,34.2,34.95
3207,耀勝,7213438,38.65,39.05,38.45,38.8
3211,順達,3283924351,390.0,406.0,388.0,398.5
3213,茂訊,15390461,126.5,126.5,124.0,124.5
3217,優群,36971132,130.5,131.0,129.0,130.0
3218,大學光,11330957,134.0,135.0,133.5,135.0
3219,倚強科,871250033,130.0,134.5,127.5,131.5
3221,台嘉碩,158063841,51.9,52.2,50.5,51.2
3224,三顧,566200,31.0,31.45,30.85,31.45
3226,龍鋒,3525731,60.8,60.8,59.6,60.4
3227,原相,134105547,187.0,187.5,184.0,185.0
3228,金麗科,110151506,186.5,186.5,177.5,182.0
3230,錦明,12796540,41.9,41.9,41.25,41.4
3232,昱捷,884041,20.8,21.05,20.8,20.9
3234,光環,323853977,177.5,179.0,172.5,173.0
3236,千如,40466006,44.6,45.15,44.05,44.15
3252,海灣,438307,15.5,15.5,15.2,15.3
3259,鑫創,390541,9.6,10.65,8.9,10.65
3260,威剛,1322705313,380.0,382.5,377.0,377.5
3264,欣銓,3804384641,243.5,247.0,238.0,243.5
3265,台星科,446373080,183.5,193.0,182.0,186.0
3268,海德威,3004705,21.5,22.0,21.25,21.75
3272,東碩,298568,14.2,14.5,13.85,13.95
3276,宇環,803976,13.85,14.15,13.85,14.05
3284,太普高,4292000,19.5,20.1,19.5,19.9
3285,微端,456396,41.3,41.55,41.2,41.5
3287,廣寰科,38947036,42.0,43.45,41.4,42.15
3288,點晶,502839,21.2,21.5,20.65,21.2
3289,宜特,217824919,141.0,143.5,139.5,139.5
3290,東浦,133451229,48.35,52.4,48.35,52.2
3293,鈊象,1632478727,781.0,791.0,777.0,788.0
3294,英濟,32241149,33.5,33.55,32.4,32.45
3297,杭特,5748347,33.1,33.5,32.6,32.6
3303,岱稜,7251929,48.65,48.8,48.5,48.65
3306,鼎天,8462783,48.0,48.55,47.7,48.05
3310,佳穎,821537,67.3,69.2,67.3,68.8
3313,斐成,363447,10.5,10.65,10.45,10.45
3317,尼克森,138683994,65.4,65.9,64.6,65.2
3322,建舜電,2817451,11.1,11.35,11.05,11.3
3323,加百裕,20707854,29.5,30.25,29.5,29.7
3324,雙鴻,6900405485,1620.0,1645.0,1530.0,1530.0
3325,旭品,696872,11.7,11.9,11.65,11.9
3332,幸康,1165058,61.5,63.9,61.5,63.7
3339,泰谷,67555828,45.9,47.0,45.65,45.65
3349,寶德,337938,19.95,19.95,19.6,19.95
3354,律勝,81363714,29.7,32.15,29.5,32.15
3357,臺慶科,75493369,204.5,207.0,204.0,204.5
3360,尚立,5123998,15.15,15.4,15.1,15.35
3362,先進光,112101042,173.0,173.5,171.0,171.0
3363,上詮,1004982759,661.0,671.0,648.0,649.0
3372,典範,10710419,16.3,16.8,16.3,16.55
3373,熱映,901571,16.05,16.1,16.0,16.0
3374,精材,549684873,462.0,462.0,452.0,454.5
3379,彬台,1100510,27.6,27.85,27.35,27.7
3388,崇越電,80906526,81.8,86.4,81.8,85.3
3390,旭軟,4419566,22.7,22.75,22.3,22.6
3402,漢科,140089688,133.0,137.5,133.0,136.0
3430,奇鈦科,21144830,112.5,114.0,111.5,111.5
3434,哲固,1519390,31.35,31.6,31.35,31.4
3438,類比科,5225627,61.5,62.0,60.7,61.9
3441,聯一光,203941670,184.5,187.0,181.5,184.5
3444,利機,19157200,81.1,82.3,80.8,81.3
3455,由田,1567877874,268.5,279.0,260.5,267.0
3465,進泰電子,328465,29.65,29.7,29.55,29.7
3466,德晉,9262155,23.8,23.95,23.6,23.9
3467,台灣精材,77642545,74.6,77.7,73.6,73.7
3479,安勤,98114071,140.0,140.0,136.0,136.0
3483,力致,27393001,78.2,79.7,78.2,79.1
3484,崧騰,4050247,47.0,47.2,46.55,46.55
3485,敘豐,29259199,204.0,214.0,204.0,209.0
3489,森寶,2114988,23.1,23.55,23.0,23.35
3490,單井,86194161,45.2,45.9,44.35,44.35
3491,昇達科,1322467060,1540.0,1540.0,1480.0,1500.0
3492,長盛,343350,19.05,19.15,19.05,19.15
3498,陽程,1627062766,234.5,234.5,221.0,229.0
3499,環天科,596328,13.75,13.85,13.7,13.8
3508,位速,13474296,25.9,26.9,25.65,25.9
3511,矽瑪,1959130,19.5,19.8,19.5,19.75
3512,皇龍,388649,19.2,19.2,19.1,19.2
3516,亞帝歐,350501,25.0,25.4,25.0,25.4
3520,華盈,2767035,17.35,17.35,17.0,17.35
3521,台鋼建設,235916,11.75,11.9,11.7,11.85
3522,御嵿,1392602,12.55,12.6,12.3,12.5
3523,迎輝,202579,15.0,15.0,14.55,15.0
3526,凡甲,24816323,271.5,272.0,270.0,272.0
3527,聚積,2699367,51.1,53.1,51.1,53.1
3529,力旺,9058839975,3450.0,3635.0,3305.0,3305.0
3531,先益,41750,20.85,20.9,20.85,20.9
3537,堡達,6078844,53.0,53.3,52.8,53.3
3540,曜越,3691657,22.85,23.05,22.75,23.05
3541,西柏,1627684,24.5,24.6,24.1,24.4
3546,宇峻,4060006,72.7,72.9,72.3,72.6
3548,兆利,13128669,77.2,77.7,77.0,77.3
3551,世禾,176199205,188.0,191.0,187.0,187.5
3552,同致,17824918,43.8,44.55,43.0,44.1
3555,博士旺,6972536,169.0,171.0,168.0,168.5
3556,禾瑞亞,8376483,58.3,58.4,57.8,58.1
3558,神準,5797190,124.5,125.0,123.5,125.0
3564,其陽,7901295,50.8,51.4,50.5,50.6
3567,逸昌,3274520,25.6,26.35,25.6,26.2
3570,大塚,3119303,167.5,169.0,167.0,167.0
3577,泓格,74814138,120.5,123.5,116.5,117.5
3580,友威科,549750676,112.0,116.0,108.0,110.5
3581,博磊,65316548,109.5,117.0,109.5,117.0
3587,閎康,79289416,240.0,243.0,238.5,238.5
3594,磐儀,20324258,47.3,48.05,46.85,47.9
3597,映興,1984439,27.9,28.2,27.15,28.1
3609,三一東林,626810,23.9,23.9,23.0,23.0
3611,鼎翰,5589630,183.0,184.5,183.0,183.0
3615,安可,129895897,42.2,45.8,42.1,45.8
3623,富晶通,10886312,29.2,30.3,29.2,29.8
3624,光頡,2332597718,140.5,144.0,134.0,137.5
3625,西勝,1056795,11.05,11.3,11.05,11.15
3628,盈正,5819409,73.0,73.3,72.7,72.7
3629,地心引力,71591,17.25,17.3,16.9,17.3
3630,新鉅科,6155522,26.7,26.95,26.7,26.95
3631,晟楠,5773100,40.1,40.8,40.0,40.5
3632,研勤,173932,7.19,7.19,7.15,7.15
3646,艾恩特,460986,25.0,25.0,24.85,24.95
3663,鑫科,179953476,63.1,68.6,63.0,67.8
3664,安瑞-KY,150620,8.86,8.86,8.86,8.86
3666,光耀,962318,25.25,25.3,25.15,25.3
3672,康聯訊,120050,12.2,12.4,12.0,12.35
3675,德微,447986348,337.0,338.0,328.5,330.0
3680,家登,916878138,553.0,562.0,545.0,555.0
3684,榮昌,4505546,53.4,53.6,51.4,52.9
3685,元創精密,10172715,35.2,35.2,34.25,35.0
3687,歐買尬,1718380,60.1,61.1,60.1,60.3
3689,湧德,42628036,111.5,111.5,109.5,110.5
3691,碩禾,117005127,118.0,122.5,117.5,119.5
3693,營邦,887172771,708.0,713.0,687.0,687.0
3707,漢磊,2290408083,72.5,77.3,71.7,75.7
3709,鑫聯大投控,23545979,64.4,65.6,64.4,65.2
3710,連展投控,2210885,8.6,8.62,8.21,8.32
3713,新晶投控,713096,13.85,13.9,13.6,13.9
3718,中光電投控,98593046,65.3,66.2,64.9,65.5
4102,永日,684661,18.25,18.45,18.25,18.45
4105,東洋,42682334,78.8,78.8,78.2,78.5
4107,邦特,2890397,111.0,111.5,110.0,110.5
4109,加捷生醫,569844,11.05,11.1,10.95,11.05
4111,濟生,909678,28.65,28.9,28.65,28.9
4113,聯上,4670060,15.55,15.55,15.2,15.55
4114,健喬,14010369,29.4,29.6,29.35,29.55
4116,明基醫,684202,39.8,40.0,39.75,39.8
4120,友華,327780,46.1,46.1,45.9,45.9
4121,優盛,930360,12.6,12.75,12.55,12.75
4123,晟德,30698901,31.0,31.3,30.8,31.25
4126,太醫,1614686,77.9,78.1,77.8,78.1
4127,天良,19538043,46.65,47.35,45.6,45.6
4128,中天,26325550,15.15,15.45,15.05,15.35
4129,聯合,8418829,82.8,83.7,82.8,83.4
4131,浩泰,1474810,32.25,32.25,30.65,30.65
4138,曜亞,4151578,55.0,55.6,54.0,54.3
4139,馬光-KY,2716474,41.95,42.5,41.2,41.8
4147,中裕,36998156,63.1,64.4,63.0,63.7
4153,鈺緯,253387,31.2,31.7,31.2,31.45
4154,樂威科-KY,228668,12.5,12.5,12.5,12.5
4157,太景*-KY,5924402,8.7,8.91,8.69,8.89
4160,訊聯基因,1968159,39.15,39.15,38.75,39.1
4161,聿新科,1026235,21.9,22.05,21.75,21.75
4162,智擎,9856669,55.4,56.0,55.4,55.6
4163,鐿鈦,3000699,135.0,136.0,134.0,136.0
4166,友霖,1129300,23.85,24.2,23.85,24.1
4167,松瑞藥,16908596,19.65,19.9,19.45,19.85
4168,醣聯,4224243,21.7,22.4,21.6,22.35
4171,瑞基,957517,16.65,16.8,16.4,16.45
4173,久裕,719763,17.1,17.3,17.0,17.3
4174,浩鼎,47090002,39.0,39.2,38.55,39.2
4175,杏一,643108,50.6,51.0,50.6,51.0
4183,福永生技,41540,13.9,13.95,13.55,13.55
4188,安克,1907856,13.9,14.25,13.7,14.25
4192,杏國,92166,18.45,18.65,18.45,18.65
4198,欣大健康,135389,49.5,49.5,49.5,49.5
4205,中華食,1846713,68.5,68.5,68.5,68.5
4207,環泰,699888,19.4,19.45,19.35,19.35
4303,信立,23043366,33.55,33.6,33.2,33.45
4304,勝昱,820152,17.3,17.7,17.3,17.3
4305,世坤,0,,,,
4401,東隆興,361186,14.0,14.0,13.75,13.9
4402,郡都開發,361614,14.15,14.2,13.75,13.8
4406,新昕纖,184200,10.1,10.3,10.1,10.3
4413,飛寶企業,1876644,21.4,21.4,20.3,20.3
4416,三圓,12188428,13.85,13.85,13.35,13.35
4417,金洲,2583060,49.95,50.1,49.55,49.55
4419,皇家美食,23963905,49.0,50.2,49.0,50.2
4420,光明,1312718,35.75,36.2,35.75,36.05
4430,耀億,534594,17.9,17.9,17.4,17.75
4432,銘旺實,465915,15.3,15.45,15.25,15.4
4433,興采,3049036,18.2,18.2,17.7,18.05
4442,竣邦-KY,1410284,53.8,54.1,53.0,54.1
4502,健信,740469,15.75,15.9,15.45,15.9
4503,金雨,4240511,24.25,24.25,23.8,24.15
4506,崇友,3051928,118.0,118.0,117.5,118.0
4510,高鋒,25415016,43.6,44.65,43.6,44.0
4513,福裕,2240107,16.35,16.35,16.2,16.2
4523,永彰,1113412,23.85,24.1,23.85,23.9
4528,江興鍛,90326,15.1,15.1,14.95,14.95
4529,淳紳,56610,3.33,3.33,3.33,3.33
4530,天意能創,252644,24.95,24.95,24.15,24.75
4533,協易機,13850684,25.8,25.8,25.5,25.65
4534,慶騰,19753457,31.5,31.55,30.7,30.95
4535,至興,618694,26.6,27.0,26.6,27.0
4538,大詠城,173200,17.4,17.4,17.25,17.35
4541,晟田,133735798,59.4,63.2,59.2,61.6
4542,科嶠,162157571,345.0,347.0,338.0,344.0
4543,萬在,2790071,28.75,29.5,28.75,29.45
4549,桓達,6664166,95.8,97.7,95.6,97.1
4550,長佳,1229311,24.6,24.65,24.2,24.45
4554,橙的,1425121,28.3,28.35,28.05,28.25
4556,旭然,105152735,93.7,101.5,93.7,101.5
4558,寶緯,425150,17.0,17.15,16.95,16.95
4561,健椿,11468958,42.15,43.3,42.15,43.2
4563,百德,17863041,51.5,52.4,49.9,51.7
4568,科際精密,674269,39.05,39.8,39.05,39.45
4577,達航科技,98825905,85.3,92.4,85.3,92.4
4580,捷流閥業,7766881,82.2,82.2,81.3,81.8
4584,君帆,418051,37.0,37.0,37.0,37.0
4609,唐鋒,25016,4.25,4.25,4.15,4.15
4702,中美實,604686,9.43,9.43,9.31,9.31
4706,大恭,69244,33.85,33.85,33.85,33.85
4707,磐亞,45049906,29.75,30.7,29.6,30.35
4711,永純,314208,16.5,16.6,16.2,16.35
4714,永捷,7560714,11.9,12.1,11.9,12.05
4716,大立,11576967,17.05,17.05,16.75,16.85
4721,美琪瑪,106666304,79.0,84.3,78.9,82.5
4726,永昕,1384455,22.35,22.95,22.35,22.95
4728,雙美,429030,399.0,399.0,399.0,399.0
4729,熒茂,21881756,19.1,20.65,19.1,20.65
4735,豪展,487615,36.2,36.5,36.1,36.1
4741,泓瀚,7096856,40.65,42.25,40.4,40.8
4743,合一,93565069,45.85,47.35,45.4,47.15
4744,皇將,5887344,28.7,29.45,28.7,29.2
4745,合富-KY,341776,12.1,12.2,12.1,12.2
4747,強生*,1989491,23.2,23.6,22.6,23.6
4749,新應材,685752532,782.0,788.0,752.0,766.0
4754,國碳科,1700361,37.7,37.9,37.5,37.9
4760,勤凱,32738209,264.0,264.5,260.0,262.5
4767,誠泰科技,169300,28.35,28.35,28.0,28.2
4768,晶呈科技,1099518805,365.0,382.0,360.0,380.0
4772,台特化,631716524,274.0,280.5,268.5,269.0
4903,聯光通,146111490,42.6,43.15,42.0,42.9
4905,台聯電,2875582,77.2,77.7,76.0,76.5
4907,富宇,1131121,45.25,45.25,44.75,45.0
4908,前鼎,270925859,210.5,212.0,205.5,207.0
4909,新復興,13442532,36.6,36.6,35.8,36.4
4911,德英,495623,28.2,28.4,28.15,28.2
4923,力士,41191656,61.4,62.7,60.8,61.4
4924,欣厚-KY,7123165,15.4,16.5,15.35,16.5
4931,新盛力,2251663391,248.5,262.0,248.0,252.0
4933,友輝,3522595,53.5,54.5,53.2,54.4
4939,亞電,878918445,77.0,82.8,77.0,82.8
4946,辣椒,1821981,101.0,101.5,100.0,101.5
4950,金耘國際,144544,15.6,15.65,15.6,15.65
4951,精拓科,49902332,90.3,93.2,89.6,91.5
4953,緯致,17439202,117.0,118.0,116.5,117.0
4966,譜瑞-KY,184072993,572.0,575.0,568.0,571.0
4971,IET-KY,493467711,553.0,558.0,537.0,539.0
4972,湯石照明,268926,16.25,16.3,16.2,16.3
4973,廣穎,54505565,136.0,138.5,136.0,138.0
4974,亞泰,5289041,71.0,71.1,70.6,71.0
4979,華星光,370176613,576.0,576.0,561.0,569.0
4991,環宇-KY,2486440138,485.0,498.0,471.5,488.0
4995,晶達,2976862,51.8,51.8,50.3,50.5
5009,榮剛,204662348,32.75,33.55,32.7,33.1
5011,久陽,5368404,18.9,19.25,18.8,18.8
5013,強新,48150440,38.5,38.75,38.05,38.75
5014,建錩,3843115,10.2,10.35,10.2,10.25
5015,華祺,780770,21.75,21.9,21.45,21.9
5016,松和,3489927,24.95,25.85,24.95,25.55
5201,凱衛,3545311,29.75,30.2,29.45,29.95
5202,力新,8905662,14.55,14.75,14.1,14.15
5205,中茂,300499,17.3,18.9,17.3,18.9
5206,坤悅,2937977,22.75,22.85,22.5,22.7
5209,新鼎,6476973,166.5,168.5,166.5,167.5
5210,寶碩,7384683,30.35,30.9,30.3,30.6
5211,蒙恬,416601,20.4,20.65,20.2,20.65
5212,凌網,980400,49.15,49.15,48.15,48.9
5213,亞昕,1292763,20.95,20.95,20.75,20.9
5220,萬達光電,34339380,22.8,24.2,22.0,24.2
5223,安力-KY,23100,23.1,23.1,23.1,23.1
5227,立凱-KY,14118530,30.65,32.0,30.65,31.5
5228,鈺鎧,3606212,39.45,40.55,39.4,39.75
5230,雷笛克光學,36928500,22.45,24.1,21.7,23.35
5245,智晶,5126636,20.85,20.9,20.45,20.85
5251,天鉞電,2137808,30.2,30.3,29.95,30.0
5263,智崴,17828698,89.6,89.9,88.6,89.1
5272,笙科,9944250,17.2,18.6,17.2,18.0
5274,信驊,4527171990,19525.0,19675.0,18680.0,18750.0
5276,達輝-KY,180218,18.45,18.45,17.6,17.6
5278,尚凡*,2223469,23.9,23.95,23.75,23.95
5287,數字,3554764,137.0,137.5,136.5,137.5
5289,宜鼎,1151052560,1300.0,1325.0,1290.0,1290.0
5291,邑昇,41201654,59.9,62.5,59.8,61.6
5299,杰力,44948653,102.0,103.5,99.9,102.5
5302,太欣,1592850,9.75,9.88,9.75,9.81
5309,系統電,1362426189,60.5,64.0,60.0,62.7
5310,天剛,1171322,29.3,29.3,27.55,27.6
5312,寶島科,2449644,89.9,90.1,89.8,89.9
5314,世紀*,291435751,28.05,29.0,28.05,28.85
5315,光聯,1617663,18.75,18.9,18.75,18.75
5321,美而快,13769524,66.6,68.2,66.6,67.7
5324,士開,2177337,12.4,12.5,12.35,12.45
5328,華容,91238872,53.3,53.8,52.8,53.1
5340,建榮,77875473,81.0,81.7,80.6,81.0
5344,立衛,2904596,13.35,14.2,13.25,13.85
5345,馥鴻,237220,22.0,22.0,20.8,21.5
5347,世界,4314117535,184.5,185.0,179.0,181.0
5348,正能量智能,37185,16.3,16.35,16.3,16.35
5351,鈺創,837162475,111.5,112.5,109.5,110.5
5353,台林,1127730,28.6,28.6,28.2,28.45
5355,佳總,725732,7.0,7.09,7.0,7.05
5356,協益,787620,25.55,25.9,25.55,25.7
5364,力麗店,93775,8.4,8.45,8.32,8.39
5381,光譜,7632056,23.35,23.85,23.35,23.65
5386,青雲,215970694,290.5,291.5,285.5,290.0
5392,能率,25854603,39.4,40.2,39.4,40.1
5398,慕康生醫,362950,14.05,14.1,13.65,13.85
5403,中菲,3178892,92.9,93.0,92.8,92.8
5410,國眾,8036004,33.4,33.4,32.85,32.95
5425,台半,681146731,96.4,97.0,94.5,96.0
5426,振發,8551893,28.0,28.5,28.0,28.45
5432,新門,11355766,162.0,162.5,159.5,160.0
5438,東友,3310475,17.45,17.65,17.0,17.35
5439,高技,671620241,259.0,267.5,253.0,254.0
5443,均豪,664457432,118.5,119.5,112.5,113.0
5450,南良,1600990,14.65,14.95,14.65,14.8
5452,佶優,6277602,27.3,27.5,27.25,27.4
5455,昇益,7431,,,,
5457,宣德,13225536,23.65,24.35,23.6,24.35
5460,同協,1040184,16.85,17.15,16.6,17.15
5464,霖宏,42505973,91.6,91.6,88.1,88.2
5465,富驊,58529285,32.8,34.35,32.8,33.05
5468,凱鈺,5522084,25.6,26.45,25.2,25.85
5474,聰泰,34828119,160.0,165.0,158.5,164.0
5475,德宏,721089180,183.0,185.0,178.5,179.5
5478,智冠,2769973,97.1,97.4,97.0,97.1
5481,新華,9223355,22.1,22.1,21.8,21.8
5483,中美晶,7519839863,193.0,207.5,192.0,207.5
5487,通泰,3282207,28.9,29.55,28.5,28.6
5488,松普,1921211,11.8,12.15,11.75,12.1
5489,彩富,1458759,42.45,43.1,42.35,42.55
5490,同亨,3128406,25.5,25.7,25.5,25.65
5493,三聯,10020358,91.0,91.5,90.5,90.6
5498,凱崴,53807633,50.6,51.4,50.4,51.2
5508,永信建,12042692,53.0,53.4,52.7,53.1
5511,德昌,8430769,70.1,70.1,69.3,69.6
5512,力麒,4028733,7.78,7.78,7.66,7.71
5514,三豐,135464,15.05,15.05,15.05,15.05
5516,雙喜,48390,12.0,12.1,12.0,12.0
5520,力泰,28988,,,,
5523,豐謙,762834,30.2,30.35,30.2,30.35
5529,鉅陞,4059083,26.2,26.6,26.2,26.45
5530,龍巖,9386363,48.8,48.85,48.4,48.85
5536,聖暉*,1422090386,908.0,935.0,908.0,919.0
5543,桓鼎-KY,241400,26.95,27.2,26.5,26.7
5547,久舜,584033,20.0,20.2,20.0,20.15
5548,安倉,857514,20.2,20.2,20.05,20.15
5601,台聯櫃,6300,,,,
5603,陸海,1234878,13.4,13.45,13.35,13.35
5604,中連,326963,31.25,31.3,31.0,31.2
5609,中菲行,9790605,78.2,78.6,78.0,78.1
5701,劍湖山,316326,4.02,4.06,3.99,4.06
5703,亞都,42662,13.5,13.5,13.35,13.35
5704,老爺知,1918189,22.5,22.65,22.2,22.65
5864,致和證,200880736,37.45,39.35,37.35,39.2
5878,台名,220542,38.0,38.0,37.85,37.85
5902,德記,2598350,34.45,34.7,34.45,34.5
5903,全家,3562889,186.5,186.5,186.0,186.0
5904,寶雅*,344118012,68.9,70.1,68.8,69.7
5905,南仁湖,2688432,7.4,7.4,7.29,7.32
6015,宏遠證,47200930,17.6,18.1,17.55,17.95
6016,康和證,128755076,23.75,24.4,23.65,24.3
6020,大展證,249665,20.7,20.75,20.7,20.75
6021,美好證,4905828,41.7,41.95,41.45,41.8
6023,元大期,64587232,86.7,86.7,85.0,85.0
6026,福邦證,17668792,16.0,16.15,15.9,16.1
6028,公勝保經,905545,98.7,99.0,98.5,99.0
6101,寬魚國際,8464087,37.85,37.85,37.0,37.4
6103,合邦,5126472,38.6,39.3,37.7,38.3
6104,創惟,38396360,90.9,91.6,90.7,91.5
6109,亞元,1394508,10.5,10.65,10.5,10.55
6111,光聚晶電,8993888,37.8,38.7,37.55,38.65
6113,亞矽,1672641,22.3,22.8,22.3,22.65
6114,久威,2337245,24.1,24.1,23.35,23.45
6118,建達,11442325,16.4,16.8,16.0,16.05
6121,新普,171964581,381.0,381.0,376.5,377.0
6122,擎邦,139340010,60.3,60.9,59.2,60.5
6123,上奇,3741547,43.1,43.3,42.0,43.05
6124,業強,383021,27.85,27.85,27.2,27.2
6125,廣運,24146917,49.8,50.0,49.6,49.9
6126,信音,8969139,30.8,31.05,30.7,30.9
6127,九豪,211113099,52.0,52.3,50.0,51.7
6129,普誠,6128896,14.65,15.05,14.6,14.9
6130,上亞科技,3679453,23.8,23.85,23.5,23.75
6134,萬旭,4966796,29.3,29.45,29.05,29.2
6138,茂達,93275551,280.0,281.0,276.0,276.0
6140,訊達,6565702,20.75,20.95,20.1,20.2
6143,振曜,14903869,80.9,81.5,80.9,81.0
6144,得利影,78132,12.45,12.55,12.45,12.55
6146,耕興,37392078,180.0,182.5,180.0,181.5
6147,頎邦,4477563952,211.5,214.5,209.0,209.5
6148,驊宏資,52444408,37.95,39.4,37.9,38.1
6150,撼訊,21860619,62.2,64.1,62.2,63.6
6151,晉倫,4091630,34.75,35.05,34.3,34.75
6154,順發,496529,14.15,14.25,14.15,14.2
6156,松上,16240496,21.8,22.1,21.55,21.85
6158,禾昌,1532164,17.35,17.4,17.05,17.2
6160,欣技,846713,13.95,14.1,13.85,13.9
6161,捷波,10555590,50.1,51.5,49.7,51.5
6163,華電網,52339654,42.0,42.3,41.2,41.7
6167,久正,2070167,10.25,10.35,10.25,10.3
6169,昱泉,24290,12.0,12.0,12.0,12.0
6170,統振,6116792,48.8,48.9,48.5,48.65
6171,大城地產,4029723,26.7,26.9,26.6,26.75
6173,信昌電,3253553806,301.0,303.5,288.0,288.5
6174,安碁,22828944,45.35,46.2,44.65,45.5
6175,立敦,36134877,70.0,70.9,69.9,70.4
6179,亞通,274041962,37.8,37.8,35.7,36.3
6180,橘子,9659566,41.1,41.4,40.8,41.4
6182,合晶,20067965886,123.0,133.0,121.0,133.0
6185,幃翔,1295231,12.45,12.5,12.35,12.5
6186,新潤,8559798,28.85,29.2,28.85,29.15
6187,萬潤,6793059430,1375.0,1420.0,1275.0,1310.0
6188,廣明,41238474,61.8,62.4,61.8,62.1
6190,萬泰科,139498841,70.1,71.2,69.6,70.4
6194,育富,1257286,30.5,30.5,29.85,29.85
6195,詩肯,310347,28.35,28.35,28.2,28.25
6198,瑞築,20050,20.05,20.05,20.05,20.05
6199,天品,845704095,126.0,128.0,125.0,127.5
6203,海韻電,5328331,59.6,60.2,59.6,60.0
6204,艾華,36581000,105.0,108.0,103.0,103.0
6207,雷科,3065218312,141.0,151.0,140.0,151.0
6208,日揚,8521272,75.4,76.3,75.1,76.0
6210,慶生,375937,17.55,17.95,17.5,17.9
6212,理銘,772,,,,
6217,中探針,556957220,173.0,178.0,173.0,176.5
6218,豪勉,79529531,63.3,63.3,61.6,61.9
6219,富旺,1021852,12.1,12.3,12.0,12.2
6220,岳豐,1804991,25.2,25.3,25.1,25.2
6221,晉泰,70958854,31.75,32.9,30.55,31.0
6222,立軒,117520,19.4,20.05,18.95,19.3
6223,旺矽,5398305185,5275.0,5320.0,5100.0,5125.0
6227,茂綸,125706949,136.0,137.5,132.0,132.0
6228,全譜,553470,20.6,20.6,18.8,18.8
6229,研通,3070985,23.95,24.25,23.65,24.2
6231,系微,100722002,240.5,243.0,234.5,235.0
6233,旺玖,7047561,21.8,22.9,21.8,22.8
6234,高僑,56709940,39.0,40.8,38.85,39.75
6236,中湛,38231,19.05,19.05,18.5,18.5
6237,驊訊,9066937,36.25,37.2,36.2,36.5
6240,松崗,856850,25.5,26.45,25.45,25.55
6241,鑫永洋,2042461,15.55,16.95,15.55,16.3
6242,立康,219105,34.5,34.5,34.05,34.05
6244,茂迪,256181645,23.6,25.1,23.6,25.05
6245,立端,88469676,88.9,90.6,87.1,87.8
6246,臺龍,338694,13.2,13.2,12.85,12.85
6248,沛波,1479674,17.0,17.15,17.0,17.15
6259,百徽,5525738,29.6,30.35,29.3,30.25
6261,久元,28561986,78.6,79.9,78.1,79.1
6263,普萊德,13969024,157.5,159.0,157.5,158.5
6264,富裔,209881,6.01,6.04,5.97,6.03
6265,方土昶,44040060,48.35,48.95,48.2,48.65
6266,泰詠,3850349,25.0,25.0,24.85,25.0
6270,倍微,4991946,30.2,30.4,30.0,30.0
6274,台燿,9510735690,1500.0,1550.0,1485.0,1520.0
6275,元山,10380851,47.35,47.45,46.9,47.15
6276,安鈦克,213365,19.0,19.35,19.0,19.3
6279,胡連,37491050,113.0,113.0,111.0,112.5
6284,佳邦,112515925,78.2,78.6,75.6,75.6
6290,良維,946080321,272.0,283.5,270.0,280.0
6291,沛亨,469208264,504.0,510.0,494.0,500.0
6292,迅德,11527438,67.0,67.3,66.2,66.6
6294,智基,801716,29.0,29.0,28.25,28.25
6411,晶焱,15348656,78.2,78.3,77.4,77.6
6417,韋僑,7009159,102.5,103.5,102.0,102.0
6418,詠昇,2839226,34.5,35.2,34.5,34.65
6419,京晨科,42693831,155.0,158.5,153.0,156.0
6423,億而得,2511255,86.3,86.3,84.6,85.9
6425,易發,344150043,74.2,79.8,74.2,79.0
6432,今展科,81999011,60.3,65.1,59.8,63.5
6435,大中,75618650,255.5,259.0,252.0,252.0
6441,廣錠,2983017,24.8,25.3,24.55,24.7
6461,益得,1553528,24.0,24.5,24.0,24.45
6462,神盾,109977221,105.5,106.5,102.5,106.0
6465,威潤,2478148,41.15,41.8,40.3,41.75
6469,大樹,15266275,64.5,64.7,64.3,64.4
6470,宇智,1390680,42.35,42.7,42.0,42.7
6474,華豫寧,583402,35.5,35.7,35.5,35.7
6482,弘煜科,96501,23.4,23.5,23.4,23.5
6485,點序,163789016,70.6,77.0,70.6,77.0
6486,互動,3539558,80.8,80.9,80.6,80.6
6488,環球晶,18745131067,966.0,1035.0,953.0,1035.0
6492,生華科,6651828,34.35,34.4,34.05,34.35
6494,九齊,3522654,51.0,51.8,51.0,51.8
6496,科懋,3751144,23.4,23.85,23.05,23.65
6498,久禾光,5306494,67.8,67.8,66.3,66.8
6499,益安,37899541,73.9,78.0,73.9,77.7
6506,雙邦,964721,18.4,18.6,18.4,18.6
6508,惠光,837816,27.1,27.45,26.95,26.95
6509,聚和,89873442,48.5,50.1,48.3,49.1
6510,精測,3244552400,3170.0,3240.0,3065.0,3065.0
6512,啟發電,95042,20.1,20.25,20.1,20.25
6516,勤崴國際,1754143,57.5,57.5,56.2,56.5
6517,保勝光學,5756468,63.2,63.6,63.1,63.6
6523,達爾膚,10354519,91.0,93.0,90.6,91.0
6527,明達醫,2769950,73.1,75.0,73.1,75.0
6530,創威,368640511,100.0,105.0,100.0,104.5
6532,瑞耘,179199544,114.0,118.5,114.0,118.5
6535,順藥,20317732,80.7,82.9,80.7,82.2
6538,倉和,775890473,360.5,374.5,355.0,356.0
6542,隆中,324793,40.25,40.5,40.25,40.5
6546,正基,13152227,59.5,60.1,59.2,59.4
6547,高端疫苗,232949825,61.0,63.4,60.8,62.4
6548,長科*,73235541,72.2,73.5,72.1,72.2
6556,勝品,248200,62.0,62.1,62.0,62.1
6560,欣普羅,646265,32.45,32.45,32.1,32.2
6561,是方,31339521,309.0,309.5,306.5,307.0
6568,宏觀,30782625,146.5,150.0,142.5,142.5
6569,醫揚,1374508,92.1,92.2,91.6,92.2
6570,維田,4662276,47.85,47.85,47.15,47.55
6574,霈方,3447574,118.5,119.0,118.0,118.5
6576,逸達,4543738,79.5,79.6,79.3,79.5
6577,勁豐,2214169,79.4,80.0,79.3,80.0
6578,達邦蛋白,799690,16.4,16.5,16.3,16.45
6584,南俊國際,95730246,545.0,549.0,540.0,540.0
6588,東典光電,119498927,109.5,113.5,108.0,108.0
6590,普鴻,1690345,66.2,66.3,65.9,65.9
6593,台灣銘板,446746,32.1,32.25,31.7,32.25
6596,寬宏藝術,8894449,97.8,97.8,97.0,97.3
6597,立誠,415472,65.6,68.7,65.6,68.7
6603,富強鑫,206282432,30.0,30.7,28.6,28.8
6609,瀧澤科,3022155,39.7,40.0,39.45,39.95
6612,奈米醫材,2876175,72.0,72.5,71.8,72.5
6613,朋億*,59465017,272.0,276.5,272.0,274.0
6615,慧智,140441,33.4,33.5,33.4,33.5
6616,特昇-KY,59243,8.25,8.25,8.05,8.18
6617,共信-KY,96858685,135.0,142.0,135.0,138.5
6620,漢達,1027949824,137.5,145.0,133.0,141.0
6624,萬年清,385976,39.45,39.45,38.15,38.25
6629,泰金-KY,515602,102.5,103.5,102.5,103.5
6637,醫影,852148,54.4,54.5,53.6,53.8
6640,均華,295326430,1065.0,1090.0,1030.0,1040.0
6642,富致,13405376,80.8,82.0,80.8,81.7
6643,M31,1436741152,506.0,555.0,500.0,555.0
6649,台生材,134549,36.5,36.5,36.45,36.5
6651,全宇昕,49900532,151.5,151.5,145.0,146.0
6654,天正國際,18012290,206.5,217.5,203.0,216.0
6661,威健生技,83,,,,
6662,樂斯科,14900,,,,
6664,群翊,317191175,373.5,387.0,370.5,376.0
6667,信紘科,66414327,261.0,263.5,259.5,262.0
6679,鈺太,57444920,209.0,210.0,205.0,206.0
6680,鑫創電子,196792,51.0,51.9,51.0,51.9
6683,雍智科技,1911215955,1495.0,1605.0,1490.0,1590.0
6684,安格,4889318,50.7,51.1,50.1,50.2
6690,安碁資訊,32980189,178.0,179.5,175.0,177.0
6692,進能服,192320,22.5,23.85,22.5,23.85
6693,廣閎科,654725459,222.5,223.5,210.0,211.5
6697,東捷資訊,1382982,41.65,41.7,41.1,41.3
6703,軒郁,4861178,100.0,100.5,99.8,100.5
6708,天擎,45657606,51.7,51.7,51.7,51.7
6712,長聖,29097643,163.5,163.5,161.0,162.0
6716,應廣,23374544,116.0,116.5,114.0,114.0
6720,久昌,1591424,128.0,129.0,127.5,127.5
6721,信實,454257,50.2,50.2,50.0,50.0
6725,矽科宏晟,11155385,219.0,221.0,216.5,218.0
6727,亞泰金屬,484059591,487.5,499.5,485.0,485.0
6728,上洋,1867604,108.5,109.0,108.5,109.0
6730,常廣,229622,32.3,32.3,31.7,32.0
6732,昇佳電子,10900917,152.0,153.5,151.0,151.5
6733,博晟生醫,2465950,25.2,25.3,24.85,24.95
6735,美達科技,7451164,65.5,67.7,64.7,67.3
6739,竹陞科技,288338960,1140.0,1140.0,1100.0,1135.0
6741,91APP*-KY,16285529,56.5,56.5,55.0,55.1
6751,智聯服務,267550,44.95,44.95,44.5,44.5
6752,叡揚,986984,97.6,97.6,95.6,96.0
6761,穩得,16368418,164.5,165.5,163.5,165.0
6762,達亞,633067,158.0,158.0,158.0,158.0
6763,綠界科技*,4879103,41.2,41.4,41.1,41.3
6767,台微醫,73100,24.1,24.5,24.1,24.5
6785,昱展新藥,6549523,96.3,97.7,94.8,95.1
6788,華景電,59962946,346.0,351.5,346.0,349.0
6791,虎門科技,741669,99.9,99.9,99.2,99.5
6803,崑鼎,9820431,267.0,267.0,266.0,267.0
6804,明係,973412,18.1,18.5,18.1,18.35
6811,宏碁資訊,54874605,241.0,241.0,237.5,240.5
6821,聯寶,6411077,41.1,42.8,40.95,42.8
6823,濾能,5513558,63.4,63.4,60.8,60.8
6829,千附精密,99746620,210.0,210.5,208.0,208.5
6840,東研信超,21208247,100.5,100.5,97.8,98.9
6841,長佳智能,46863451,57.7,58.8,56.5,58.8
6843,進典,126954,39.05,39.05,38.55,38.55
6844,諾貝兒,784898,57.4,57.5,57.0,57.5
6846,綠茵,358292,59.2,59.2,58.1,58.5
6855,數泓科,901988,111.0,116.0,110.5,116.0
6856,鑫傳,538430,41.1,42.0,41.05,42.0
6859,伯特光,2570264,120.0,120.5,119.0,120.5
6865,偉康科技,1666227,28.0,29.15,27.05,29.15
6870,騰雲,43296473,331.0,331.0,315.0,323.5
6872,浩宇生醫,5855528,25.8,25.8,23.6,24.05
6874,倍力,1423870,69.7,70.7,69.7,69.8
6875,國邑*,5788887,31.5,32.0,31.35,31.35
6877,鏵友益,8370096,129.0,129.0,124.0,126.0
6881,潤德,858000,214.5,214.5,214.5,214.5
6884,海柏特,398550,31.1,31.1,30.55,30.55
6894,衛司特,16254291,365.5,368.5,361.0,361.0
6895,宏碩系統,2747158,147.0,151.5,146.5,151.5
6899,創為精密,545704,50.0,50.0,48.9,49.8
6903,巨漢,178526527,306.5,318.5,306.5,315.5
6904,伯鑫,147057,123.0,123.0,123.0,123.0
6907,雅特力-KY,142793645,184.0,189.5,182.0,188.0
6910,德鴻,434221,26.9,26.95,26.6,26.95
6913,鴻呈,9866037,128.5,129.5,128.5,128.5
6922,宸曜,45306350,228.5,230.0,218.5,221.0
6925,意藍,90926891,74.8,75.0,72.7,73.8
6929,佑全,88472,22.1,22.1,21.8,21.8
6945,圓祥生技,103131990,140.0,149.0,140.0,148.5
6953,家碩,10343800,243.0,246.5,241.0,245.0
6961,旅天下,1492917,47.65,48.1,47.5,48.1
6967,汎瑋材料,19667693,67.2,71.1,67.1,70.2
6968,萬達寵物,861534,41.35,41.55,41.25,41.45
6971,惠民實業,141120,23.5,23.5,23.5,23.5
6982,大井泵浦,964130,44.0,44.5,43.5,44.1
6983,華洋精機,14805283,350.5,350.5,340.0,348.0
6986,和迅,6521584,44.05,44.25,44.0,44.05
6996,力領科技,1969098,169.0,170.5,169.0,169.5
6997,博弘,100987,67.0,67.0,67.0,67.0
700019,宏捷科統一5C購01,0,,,,
700020,佳邦統一5C購01,0,,,,
700021,長佳智統一5C購02,29900,0.1,0.1,0.1,0.1
700022,華星光統一5C購01,198190,3.48,3.8,3.46,3.5
700023,新應材統一5B購02,0,,,,
700024,新應材統一64購02,21000,0.21,0.21,0.21,0.21
700025,雙鴻統一5B購01,187950,1.29,1.29,1.21,1.21
700126,威剛國票61購01,0,,,,
700155,中光電元大5A購02,0,,,,
700173,雙鴻元大5A購02,155000,5.2,5.2,5.15,5.15
700176,中光電群益5A購01,0,,,,
700186,中光電統一6A購01,990,0.06,0.09,0.06,0.07
700188,中美晶統一5A購02,6047550,1.93,2.05,1.93,2.05
700189,協易機統一5A購01,0,,,,
700190,昇達科統一65購01,40000,4.0,4.0,4.0,4.0
700191,朋程統一5A購01,0,,,,
700192,朋程統一6A購01,15580,0.38,0.38,0.38,0.38
700193,東洋統一61購01,0,,,,
700194,長聖統一61購01,0,,,,
700195,家登統一5A購01,324220,1.39,1.39,1.25,1.34
700196,振曜統一5A購01,0,,,,
700197,晶宏統一5A購01,0,,,,
700198,智冠統一5C購01,100,0.1,0.1,0.1,0.1
700199,華景電統一61購01,0,,,,
700201,萬潤統一6A購01,19450,3.89,3.89,3.89,3.89
700202,鈺太統一5A購01,0,,,,
700203,聰泰統一5A購01,0,,,,
700204,雙鴻統一5A購01,17400,1.74,1.74,1.74,1.74
700205,雙鴻統一61購01,67800,1.13,1.13,1.13,1.13
700206,雙鴻統一61購02,64950,0.95,0.97,0.84,0.84
700207,雙鴻統一6A購01,70430,1.28,1.28,1.17,1.17
700208,騰雲統一6A購01,0,,,,
700231,旺矽元大5A購01,0,,,,
700257,大世科統一6A購01,0,,,,
700258,大綜統一6A購01,73390,0.65,0.65,0.63,0.63
700259,光焱統一5A購02,8100,0.81,0.81,0.81,0.81
700260,同致統一5A購01,0,,,,
700261,宜鼎統一6A購01,94580,4.29,4.38,4.29,4.3
700262,尚凡*統一6A購01,0,,,,
700263,旺矽統一6A購01,97100,3.29,3.29,3.14,3.14
700264,長聖統一6A購01,5600,0.28,0.28,0.28,0.28
700267,建榮統一6A購01,0,,,,
700269,昱展統一6A購01,0,,,,
700270,創惟統一5A購01,190,0.19,0.19,0.19,0.19
700271,新鉅科統一6A購01,0,,,,
700273,優群統一6A購01,4370,0.23,0.23,0.23,0.23
700274,鴻呈統一5A購01,0,,,,
700275,雙鴻統一6A購02,287000,1.4,1.4,1.4,1.4
700276,鏵友益統一6A購01,0,,,,
700277,鑫聯統一5A購01,0,,,,
700279,良維國票5C購01,0,,,,
700300,雙鴻中信5A購01,4380,4.38,4.38,4.38,4.38
700330,旺矽凱基5A購01,0,,,,
700342,大世科統一6A購02,0,,,,
700343,中光電統一6A購02,0,,,,
700344,尼克森統一5A購01,0,,,,
700345,立碁統一6A購01,116450,0.72,0.72,0.71,0.71
700346,良維統一6A購01,0,,,,
700347,尚凡*統一5A購01,0,,,,
700348,昱展統一6A購02,0,,,,
700350,茂達統一61購01,0,,,,
700351,竑騰統一5A購01,0,,,,
700352,新鉅科統一5A購01,0,,,,
700353,新鉅科統一6A購02,1800,0.18,0.18,0.18,0.18
700354,聖暉*統一6A購01,71070,0.47,0.48,0.47,0.47
700355,撼訊統一6A購01,0,,,,
700356,擎亞統一6A購01,157550,1.5,1.51,1.5,1.51
700357,聰泰統一6A購01,24000,0.3,0.3,0.3,0.3
700358,寶島科統一64購01,0,,,,
700359,鏵友益統一5A購01,0,,,,
700360,鑫聯統一5A購02,0,,,,
700385,中光電元富5A購01,0,,,,
700410,中光電統一5C購01,0,,,,
700412,旺矽統一6A購02,0,,,,
700413,金山電統一5C購01,510000,5.1,5.1,5.1,5.1
700414,長聖統一6A購02,0,,,,
700415,建榮統一6A購02,15420,0.75,0.75,0.72,0.72
700416,高技統一5A購01,0,,,,
700417,聰泰統一6A購02,4510,0.41,0.41,0.41,0.41
700451,臺慶科國票5A購01,0,,,,
700580,宜鼎兆豐5A購01,0,,,,
700594,原相元大5A購01,0,,,,
700638,原相元大5A購02,0,,,,
700670,中光電統一6A購03,900,0.09,0.09,0.09,0.09
700671,正德統一5A購01,0,,,,
700672,旺矽統一5A購01,0,,,,
700673,信昌電統一6A購01,0,,,,
700674,信昌電統一6A購02,0,,,,
700675,高技統一5A購02,1000,0.01,0.01,0.01,0.01
700676,高技統一6A購01,4850,0.21,0.21,0.17,0.17
700677,高技統一6A購02,0,,,,
700678,智通*統一6A購01,0,,,,
700679,智擎統一6A購01,0,,,,
700681,鈊象統一6A購01,0,,,,
700682,萬潤統一6A購02,0,,,,
700683,雍智統一6A購01,4280,4.28,4.28,4.28,4.28
700684,雍智統一6A購02,22000,5.55,5.55,5.45,5.45
700685,臺慶科統一5A購01,640,0.64,0.64,0.64,0.64
700686,臺慶科統一6A購01,0,,,,
700687,緯軟統一6A購01,0,,,,
700688,營邦統一6A購01,14550,2.91,2.91,2.91,2.91
700689,聯合統一61購01,1750,0.05,0.05,0.05,0.05
700706,中光電統一5A購01,0,,,,
700708,信立統一6A購01,0,,,,
700709,神盾統一5C購02,0,,,,
700710,智通*統一6A購02,5100,0.51,0.51,0.51,0.51
700711,華星光統一6A購01,260880,3.1,3.36,3.08,3.36
700712,聖暉*統一6A購02,311750,0.38,0.4,0.38,0.38
700717,宜鼎元大5A購01,0,,,,
700742,聖暉*永豐5A購01,0,,,,
700746,雙鴻中信5A購02,0,,,,
700754,台半統一5C購02,0,,,,
700755,宜鼎統一6A購02,0,,,,
700756,威剛統一5C購03,21240,2.36,2.36,2.36,2.36
700757,竑騰統一5C購01,4050,4.05,4.05,4.05,4.05
700758,穩得統一5C購01,0,,,,
700786,威剛永豐5A購01,0,,,,
700810,山富統一5C購01,0,,,,
700811,光頡統一5C購01,0,,,,
700812,信昌電統一5C購01,0,,,,
700827,信立永豐5A購01,0,,,,
700828,威剛永豐64購01,0,,,,
700830,中美晶元大5A購01,61280,1.31,2.0,1.31,2.0
700843,世界統一5C購01,8910,0.87,0.9,0.87,0.9
700844,立敦統一5C購01,0,,,,
700845,臺慶科統一5C購01,0,,,,
700850,臺慶科國票5C購01,106050,1.26,1.26,1.22,1.23
700857,良維元大5A購01,0,,,,
700875,良維元大5A購02,0,,,,
700898,力旺統一5A購01,13470,0.43,0.49,0.26,0.26
700899,力旺統一6A購01,2134440,1.12,1.35,1.1,1.16
700900,台半統一5C購03,56700,0.46,0.79,0.45,0.79
700901,尼克森統一5C購01,9890,0.24,0.29,0.24,0.29
700902,光頡統一5A購01,0,,,,
700904,波若威統一6A購01,111530,3.35,3.35,3.23,3.23
700920,波若威永豐5A購01,21000,21.0,21.0,21.0,21.0
700929,蜜望實國票5A購01,0,,,,
700938,中美晶兆豐5A購01,0,,,,
700955,撼訊元大5A購01,0,,,,
700983,威剛兆豐5A購01,0,,,,
701010,雙鴻元富5A購01,0,,,,
701037,威剛永豐5C購01,0,,,,
701064,元債20群益61購01,0,,,,
701095,擎亞元大5A購01,0,,,,
701097,營邦元大5A購01,0,,,,
701130,元債20元大5B購01,0,,,,
701131,元債20元大61購01,0,,,,
701153,雙鴻群益5A購01,0,,,,
701200,雙鴻元大5A購03,0,,,,
701211,威剛凱基5B購01,0,,,,
701227,雙鴻元大5A購04,0,,,,
701253,穩懋國票5B購01,0,,,,
701273,撼訊凱基5B購01,0,,,,
701279,雙鴻國票5B購01,17140,1.15,1.15,1.12,1.12
701287,威剛元大5B購01,0,,,,
701288,訊聯元大5B購01,0,,,,
701294,新應材元大5B購01,0,,,,
701311,雙鴻群益5B購01,5370,1.07,1.09,1.07,1.09
701374,台燿元大5B購01,0,,,,
701379,威剛元大5B購02,0,,,,
701381,新應材元大5B購02,0,,,,
701388,中光電凱基5A購01,0,,,,
701400,台燿元大5B購02,8800,8.8,8.8,8.8,8.8
701403,神盾元大5B購01,250,0.05,0.05,0.05,0.05
701422,中光電兆豐5B購01,0,,,,
701430,台燿統一5B購01,0,,,,
701431,台燿統一5B購02,0,,,,
701432,正基統一5C購01,7500,0.1,0.1,0.1,0.1
701434,良維統一6B購01,252110,0.81,0.85,0.81,0.85
701437,威剛統一5B購01,24000,2.4,2.4,2.4,2.4
701438,威剛統一6B購01,8780,2.21,2.21,2.15,2.15
701440,華星光統一5B購04,0,,,,
701441,華星光統一61購04,0,,,,
701442,雙鴻統一6B購01,113060,0.64,0.65,0.6,0.6
701460,神盾凱基5B購01,210,0.1,0.11,0.1,0.11
701471,台燿統一65購01,0,,,,
701472,雙鴻統一61購03,0,,,,
701473,穩懋統一5B購01,9750,9.75,9.75,9.75,9.75
701474,穩懋統一6B購01,127850,5.5,5.6,5.5,5.6
701479,威剛元大5A購02,0,,,,
701484,擎亞元大5B購01,0,,,,
701500,雙鴻中信5B購01,21420,0.42,0.42,0.42,0.42
701511,新應材凱基5B購01,0,,,,
701524,雙鴻群益5A購02,0,,,,
701571,擎亞元大5B購02,62120,0.76,0.76,0.74,0.74
701592,竹陞統一6B購01,310210,1.03,1.03,1.0,1.02
701593,竹陞統一6B購02,85020,0.94,0.94,0.91,0.94
701594,海韻電統一61購01,0,,,,
701614,信立元大5B購01,0,,,,
701615,威剛元大5B購03,0,,,,
701623,元太統一5B購01,450,0.01,0.01,0.01,0.01
701624,竹陞統一5C購03,0,,,,
701625,竹陞統一6B購03,18900,0.86,0.86,0.85,0.85
701626,東捷統一5C購01,38070,4.23,4.23,4.23,4.23
701650,台燿元大5B購03,0,,,,
701658,信昌電統一5C購02,0,,,,
701667,雙鴻群益5B購02,0,,,,
701680,宜鼎兆豐5B購01,0,,,,
701692,台燿統一6B購01,23400,3.9,3.9,3.9,3.9
701693,系統電統一5C購01,9620,0.29,0.31,0.29,0.3
701694,系統電統一6B購01,14800,0.46,0.48,0.46,0.48
701695,系統電統一6B購02,0,,,,
701696,宜鼎統一5A購01,144300,3.18,3.22,3.18,3.22
701697,宜鼎統一5C購04,0,,,,
701698,宜鼎統一6B購01,4580,2.29,2.29,2.29,2.29
701699,訊聯統一6B購01,0,,,,
701720,系統電永豐5A購01,0,,,,
701762,信昌電國票5B購01,989100,30.3,30.3,29.7,29.7
701788,訊聯永豐5B購01,0,,,,
701804,巨有統一6B購01,5010,1.67,1.67,1.67,1.67
701805,濱川統一65購01,0,,,,
701806,濱川統一6B購01,21150,0.47,0.47,0.47,0.47
701807,濱川統一6B購02,25600,0.35,0.37,0.35,0.37
701808,濱川統一6B購03,104800,0.53,0.53,0.46,0.48
701822,訊聯元大5B購02,0,,,,
701828,威剛兆豐5B購01,0,,,,
701853,巨有統一6B購02,246680,2.17,2.25,2.17,2.25
701854,弘塑中信5B購01,0,,,,
701855,威剛中信5B購01,0,,,,
701908,信立凱基5B購01,0,,,,
701919,信驊元富5B購01,0,,,,
702018,台燿凱基5B購02,0,,,,
702028,昇達科中信5A購01,0,,,,
702125,旺矽元大5B購01,4450,4.45,4.45,4.45,4.45
702133,良維凱基5B購01,0,,,,
702170,昇達科元富5C購01,0,,,,
702194,博智凱基5A購01,0,,,,
702216,穩懋中信5A購01,0,,,,
702222,立碁元大5A購01,11460,0.04,0.04,0.02,0.03
702223,訊聯元大5A購01,0,,,,
702228,穩懋元大5C購01,6450,6.45,6.45,6.45,6.45
702252,弘塑中信5C購01,0,,,,
702281,精測元大5C購01,8820,1.55,1.55,1.36,1.36
702283,穩懋元大5B購01,0,,,,
702284,穩懋元大5C購02,0,,,,
702287,威剛凱基5B購02,0,,,,
702300,順達元大5B購01,9520,1.36,1.36,1.36,1.36
702304,穩懋元大5B購02,0,,,,
702311,雙鴻中信5C購01,0,,,,
702312,穩懋中信5A購02,7300,7.3,7.3,7.3,7.3
702331,昇達科群益5C購01,0,,,,
702352,華電網國票5C購01,0,,,,
702363,順達元大5A購01,0,,,,
702364,順達元大5B購02,5500,1.1,1.1,1.1,1.1
702373,光焱永豐5C購01,19640,0.74,0.88,0.74,0.88
702375,訊聯永豐5C購01,0,,,,
702386,訊聯凱基5C購01,100,0.1,0.1,0.1,0.1
702413,順達元大5A購02,0,,,,
702415,雍智元大5C購01,10400,10.4,10.4,10.4,10.4
702441,高技元富5C購01,1050,0.07,0.07,0.07,0.07
702451,新應材富邦5C購01,0,,,,
702459,擎亞元大5A購02,0,,,,
702467,順達凱基5B購01,140850,3.47,3.7,3.47,3.66
702490,台燿富邦5C購01,0,,,,
702526,昇達科國票5A購01,0,,,,
702553,穩懋元大5A購01,0,,,,
702560,昇達科中信5C購01,0,,,,
702576,富喬凱基5A購01,0,,,,
702578,新應材凱基5B購02,0,,,,
702592,富喬國票5C購01,96930,2.85,2.87,2.85,2.85
702593,富喬國票62購01,55040,2.86,2.95,2.86,2.95
702605,系統電元大5C購01,67020,0.22,0.23,0.21,0.22
702611,高技元大5C購01,0,,,,
702627,富喬富邦5C購01,1300,1.3,1.3,1.3,1.3
702639,IET中信5C購01,0,,,,
702641,富喬中信5C購01,0,,,,
702642,穩懋中信5C購01,0,,,,
702667,系統電元大5B購01,0,,,,
702695,穩懋凱基5A購01,0,,,,
702712,良維中信5B購01,0,,,,
702719,系統電元大5C購02,1240,0.18,0.18,0.08,0.08
702752,台特化統一6C購01,0,,,,
702753,精測統一66購01,33250,0.95,0.97,0.94,0.94
702775,訊聯永豐5C購02,0,,,,
702776,新應材永豐5C購01,32090,0.59,0.6,0.56,0.56
702786,威剛中信5C購01,0,,,,
702808,高技元大5A購01,0,,,,
702811,聖暉*元大5A購01,0,,,,
702828,勤凱統一5C購01,0,,,,
702829,勤凱統一6C購01,9100,0.91,0.91,0.91,0.91
702830,擎亞統一6C購01,0,,,,
702831,宜鼎元富5C購01,0,,,,
702833,高技元富5C購02,2400,0.12,0.12,0.12,0.12
702878,櫃200群益5B購01,0,,,,
702884,家登元大5C購01,8020,2.11,2.11,1.9,1.9
702885,高技元大5A購02,0,,,,
702886,高技元大5B購01,28740,0.13,0.14,0.13,0.14
702919,高技元大5B購02,0,,,,
702951,新應材永豐5C購02,4600,0.23,0.23,0.23,0.23
702953,力旺中信5C購01,20300,3.65,3.65,3.09,3.09
702966,元債20凱基5C購01,0,,,,
702969,宜鼎凱基5C購01,0,,,,
702980,訊聯統一6C購01,0,,,,
702987,穩懋元大5C購03,0,,,,
702990,華景電元富5C購01,0,,,,
702993,宜鼎中信5A購02,0,,,,
703002,新應材永豐5C購03,0,,,,
703004,鑫科永豐5C購01,314010,1.22,1.51,1.22,1.5
703011,宜特國票5A購01,0,,,,
703030,金益鼎凱基5A購01,0,,,,
703036,元太群益5B購01,0,,,,
703043,高技中信5C購01,0,,,,
703045,雙鴻中信5C購02,126600,2.61,2.61,2.42,2.42
703048,順達永豐5A購01,260,0.26,0.26,0.26,0.26
703049,順達永豐5C購01,358070,2.68,3.17,2.68,2.98
703051,穩得永豐5A購01,0,,,,
703062,元太凱基5B購01,0,,,,
703075,台特化元大5A購01,1000,0.01,0.01,0.01,0.01
703093,順達中信5B購01,178930,0.73,0.82,0.73,0.82
703102,穩懋永豐5C購01,15800,15.8,15.8,15.8,15.8
703113,雙鴻凱基5A購01,221540,2.01,2.01,1.77,1.77
703125,台特化元大5A購02,1100,0.01,0.01,0.01,0.01
703132,聖暉*元大5C購01,1251690,1.18,1.26,1.18,1.23
703135,金山電統一5C購02,15900,1.59,1.59,1.59,1.59
703136,博智統一5C購01,17700,0.86,0.91,0.86,0.91
703137,璟德統一5C購01,0,,,,
703144,穩懋中信5C購02,14370,4.79,4.79,4.79,4.79
703149,中光電群益5A購02,0,,,,
703171,宜鼎元大5C購03,0,,,,
703210,威剛群益5A購01,0,,,,
703229,台特化凱基5A購01,0,,,,
703260,雙鴻中信5C購03,0,,,,
703271,湧德統一5C購02,0,,,,
703295,信驊群益5B購02,0,,,,
703296,威剛群益5B購01,49290,2.15,2.15,2.04,2.05
703308,家登元大5B購01,0,,,,
703320,鈊象中信61購01,0,,,,
703339,台燿富邦61購01,0,,,,
703341,新應材富邦61購01,0,,,,
703353,富喬凱基5A購02,47360,0.12,0.12,0.11,0.11
703354,富喬凱基5B購01,14000,0.75,0.75,0.65,0.65
703355,富喬凱基61購01,0,,,,
703371,富喬國票5B購01,39900,0.7,0.7,0.7,0.7
703372,富喬國票61購01,526100,2.03,2.04,2.01,2.01
703380,富喬群益5B購01,0,,,,
703386,富喬富邦5A購01,19360,0.09,0.09,0.07,0.09
703389,富喬統一65購01,350350,0.5,0.51,0.5,0.5
703390,撼訊統一65購01,31000,0.31,0.31,0.31,0.31
703395,信驊元富5A購01,0,,,,
703396,信驊元富5A購02,0,,,,
703399,順達元富61購01,0,,,,
703400,信驊中信61購01,0,,,,
703401,富喬中信61購01,55680,0.42,0.42,0.4,0.41
703407,富喬永豐5A購01,0,,,,
703418,富喬元大5B購01,0,,,,
703419,富喬元大5C購01,0,,,,
703420,富喬元大61購02,0,,,,
703443,安碁元富61購01,6070,1.19,1.25,1.19,1.21
703459,鏵友益永豐5B購01,0,,,,
703463,台特化統一62購01,2000,0.2,0.2,0.2,0.2
703464,台特化統一63購01,1600,0.08,0.08,0.08,0.08
703465,台特化統一71購01,10160,0.37,0.37,0.34,0.34
703466,台燿統一5C購03,0,,,,
703467,台燿統一61購02,31000,6.2,6.2,6.2,6.2
703468,宏捷科統一71購01,194700,0.42,0.44,0.42,0.43
703469,欣銓統一5A購01,0,,,,
703470,欣銓統一5C購01,0,,,,
703471,欣銓統一61購01,0,,,,
703472,欣銓統一65購01,0,,,,
703473,欣銓統一6C購01,46100,1.57,1.57,1.48,1.48
703474,金益鼎統一65購01,300,0.3,0.3,0.3,0.3
703475,茂迪統一65購01,6000,0.4,0.4,0.4,0.4
703476,神盾統一61購01,0,,,,
703477,雙鴻統一61購04,270200,0.97,0.97,0.87,0.87
703478,穩得統一65購01,0,,,,
703479,穩懋統一5B購02,0,,,,
703480,穩懋統一5C購01,0,,,,
703481,穩懋統一5C購02,6200,6.2,6.2,6.2,6.2
703482,穩懋統一5C購03,0,,,,
703483,穩懋統一6C購01,105620,3.4,3.42,3.4,3.42
703515,雍智兆豐61購01,0,,,,
703520,宜鼎富邦5A購01,0,,,,
703528,系統電元大5A購01,0,,,,
703535,欣銓元大5A購01,0,,,,
703581,臺慶科凱基5C購01,27200,1.35,1.37,1.35,1.37
703589,佶優元富5A購01,0,,,,
703604,欣銓國票61購01,18150,3.63,3.63,3.63,3.63
703616,矽科統一6C購01,0,,,,
703617,金益鼎統一6C購01,0,,,,
703618,長科*統一64購01,3240,1.08,1.08,1.08,1.08
703619,家登統一6C購01,208990,0.88,0.89,0.84,0.87
703620,捷創統一61購01,0,,,,
703632,穩懋凱基5C購01,151100,14.8,15.5,14.8,15.5
703639,台特化國票5A購01,0,,,,
703643,新應材國票5A購01,0,,,,
703648,宜鼎元大5A購02,0,,,,
703651,家登元大5C購02,0,,,,
703652,湧德元大61購01,0,,,,
703654,勤凱元大61購01,0,,,,
703660,聖暉*元大5C購02,71050,0.95,0.99,0.95,0.96
703661,雍智元大61購01,0,,,,
703665,家登凱基5C購01,0,,,,
703682,家登元大5C購03,85480,1.38,1.38,1.36,1.36
703684,聖暉*元大5A購02,0,,,,
703713,訊聯凱基5B購01,0,,,,
703725,宜鼎元大5B購01,0,,,,
703728,順達元大5A購03,3000,1.5,1.5,1.5,1.5
703729,聖暉*元大5A購03,0,,,,
703740,精材群益5A購01,0,,,,
703745,加百裕永豐5A購01,0,,,,
703771,系統電凱基5C購01,111480,0.27,0.31,0.26,0.28
703773,新復興凱基5A購01,0,,,,
703785,世界國票61購01,139030,3.38,3.47,3.32,3.38
703813,聖暉*元大5A購04,0,,,,
703823,弘塑永豐5A購01,0,,,,
703829,世界富邦5A購01,0,,,,
703837,系統電元大5B購02,550,0.06,0.06,0.05,0.05
703838,順達元大5A購04,8490,2.83,2.83,2.83,2.83
703839,聖暉*元大5B購01,0,,,,
703842,世界凱基61購01,76350,5.85,5.95,5.85,5.95
703860,世界統一61購01,0,,,,
703861,世界統一71購01,2730,0.91,0.91,0.91,0.91
703862,巨漢統一61購01,0,,,,
703863,弘塑統一61購01,9570,0.87,0.87,0.87,0.87
703864,光頡統一61購01,61610,2.93,3.01,2.93,3.01
703865,光頡統一71購01,55120,2.12,2.12,2.12,2.12
703866,均豪統一61購02,64110,0.57,0.57,0.47,0.47
703867,金山電統一64購01,0,,,,
703868,捷創統一61購02,3000,0.1,0.1,0.1,0.1
703869,捷創統一71購01,6520,0.31,0.32,0.31,0.31
703870,富強鑫統一61購01,0,,,,
703871,富強鑫統一71購01,89760,0.62,0.62,0.61,0.61
703872,富強鑫統一71購02,0,,,,
703873,崴寶統一71購01,23550,1.17,1.19,1.17,1.19
703874,鉅橡統一61購01,0,,,,
703875,鉅橡統一61購02,260,0.26,0.26,0.26,0.26
703876,鉅橡統一61購03,0,,,,
703877,鉅橡統一71購01,0,,,,
703878,精材統一71購01,27000,2.7,2.7,2.7,2.7
703879,臺慶科統一71購01,4200,0.84,0.84,0.84,0.84
703880,穩懋統一61購02,93400,4.01,4.3,3.92,4.3
703881,穩懋統一61購03,11100,3.7,3.7,3.7,3.7
703882,穩懋統一71購01,24490,2.58,2.77,2.58,2.76
703886,精材群益5C購01,0,,,,
703887,耀勝群益5A購01,0,,,,
703895,穩懋國票5A購02,0,,,,
703902,中美晶永豐5A購01,0,,,,
703906,鉅橡永豐5A購01,0,,,,
703914,聖暉*凱基61購01,304630,1.4,1.54,1.4,1.45
703917,耀勝凱基5A購01,0,,,,
703923,創惟國票61購01,1050,0.15,0.15,0.15,0.15
703942,聖暉*元大5B購02,17100,1.82,1.91,1.82,1.91
703950,雙鴻群益5A購03,0,,,,
703954,世界永豐5A購01,3480,1.74,1.74,1.74,1.74
703960,雙鴻永豐5A購01,0,,,,
703961,久元統一61購01,0,,,,
703962,中美晶統一61購01,101690,1.53,1.79,1.53,1.79
703963,中探針統一71購01,13800,3.45,3.45,3.45,3.45
703964,世禾統一65購01,0,,,,
703965,世界統一5B購01,0,,,,
703966,台半統一71購01,79650,1.35,1.35,1.35,1.35
703967,台半統一71購02,97590,0.97,1.0,0.97,1.0
703968,台星科統一71購01,1044190,0.93,1.01,0.93,0.96
703969,弘塑統一61購02,355350,1.05,1.13,1.05,1.09
703970,弘塑統一61購03,243470,1.36,1.39,1.24,1.34
703971,光頡統一61購02,151440,2.87,3.06,2.71,3.05
703972,合晶統一5C購03,0,,,,
703973,均華統一5C購03,0,,,,
703974,長科*統一64購02,0,,,,
703975,佶優統一71購01,9660,0.42,0.42,0.42,0.42
703976,信昌電統一61購01,0,,,,
703977,捷創統一71購02,0,,,,
703978,富強鑫統一61購02,37760,0.18,0.18,0.16,0.16
703979,順達統一5C購05,445130,0.85,0.91,0.85,0.89
703980,順達統一61購01,163190,0.69,0.71,0.68,0.68
703981,萬潤統一61購01,7000,7.0,7.0,7.0,7.0
703982,鉅橡統一64購01,0,,,,
703983,精材統一61購01,0,,,,
703984,廣明統一61購01,200,0.02,0.02,0.02,0.02
703985,穩懋統一63購01,3500,3.5,3.5,3.5,3.5
703989,穩懋元富5A購01,0,,,,
703991,元債20凱基71購01,65840,0.48,0.49,0.48,0.49
704009,中探針統一61購01,0,,,,
704010,中探針統一61購02,0,,,,
704011,元太統一61購01,800,0.08,0.08,0.08,0.08
704012,世禾統一71購01,147960,0.36,0.37,0.36,0.36
704013,台半統一61購01,0,,,,
704014,台星科統一61購01,0,,,,
704015,台燿統一71購01,9900,3.3,3.3,3.3,3.3
704016,巨漢統一61購02,51490,0.48,0.51,0.48,0.51
704017,巨漢統一71購01,226330,0.78,0.82,0.78,0.82
704018,光頡統一61購03,26300,2.63,2.63,2.63,2.63
704019,均華統一61購01,170830,0.76,0.76,0.66,0.66
704020,宏捷科統一61購02,30500,0.28,0.28,0.25,0.25
704021,矽科統一61購01,960,0.12,0.12,0.12,0.12
704022,金山電統一61購01,4350,1.45,1.45,1.45,1.45
704023,金益鼎統一61購01,46400,0.16,0.16,0.16,0.16
704024,佶優統一61購01,17860,0.32,0.32,0.31,0.31
704025,創惟統一61購01,6900,0.15,0.15,0.15,0.15
704026,精材統一61購02,0,,,,
704027,穩懋統一61購04,0,,,,
704028,穩懋統一65購01,8790,2.93,2.93,2.93,2.93
704029,穩懋統一71購02,18520,2.6,2.92,2.6,2.92
704030,耀勝統一71購01,36600,0.12,0.12,0.12,0.12
704038,湧德元大5A購01,0,,,,
704041,聖暉*元大5C購03,47240,0.85,0.88,0.85,0.86
704046,台星科群益5A購01,0,,,,
704051,信驊群益61購01,8800,8.8,8.8,8.8,8.8
704053,聖暉*群益5A購01,0,,,,
704058,信驊元富5A購03,0,,,,
704080,世禾富邦5C購01,0,,,,
704082,群翊富邦5A購01,0,,,,
704084,中探針統一67購01,17600,4.4,4.4,4.4,4.4
704085,世界統一61購02,111250,0.84,0.85,0.84,0.85
704086,世界統一64購01,35120,0.9,0.96,0.89,0.89
704087,世紀*統一71購01,98360,1.1,1.16,1.1,1.16
704088,世紀*統一71購02,10500,1.05,1.05,1.05,1.05
704089,台半統一61購02,285220,1.04,1.04,1.01,1.01
704090,台半統一71購03,0,,,,
704091,巨漢統一71購02,279510,0.63,0.66,0.63,0.66
704092,光頡統一64購01,0,,,,
704093,系統電統一71購01,1850,0.37,0.37,0.37,0.37
704094,佳邦統一71購01,2800,0.28,0.28,0.28,0.28
704095,矽科統一71購01,720,0.36,0.36,0.36,0.36
704096,金山電統一71購01,47120,1.08,1.08,1.06,1.06
704097,金益鼎統一71購01,0,,,,
704099,信昌電統一64購01,57000,5.8,5.8,5.65,5.65
704100,信昌電統一71購01,39200,2.8,2.8,2.8,2.8
704101,家登統一61購02,20400,0.49,0.49,0.45,0.48
704102,能率亞統一61購01,0,,,,
704103,博智統一61購01,0,,,,
704104,湧德統一61購01,0,,,,
704105,精材統一5B購01,0,,,,
704106,精材統一64購01,0,,,,
704107,璟德統一65購01,4940,0.19,0.19,0.19,0.19
704108,璟德統一71購01,0,,,,
704109,穩懋統一61購05,109200,3.34,3.42,3.34,3.42
704110,鑫科統一71購01,24160,0.7,0.73,0.7,0.73
704115,金益鼎國票61購01,5130,0.19,0.19,0.19,0.19
704127,佳邦群益5A購01,0,,,,
704134,鑫科群益5A購01,0,,,,
704135,世禾元大5A購01,270,0.02,0.02,0.01,0.01
704141,訊聯元大61購01,0,,,,
704146,穩懋元大5B購03,0,,,,
704151,系統電凱基5A購01,10,0.01,0.01,0.01,0.01
704170,世界元大5A購01,0,,,,
704176,勤凱元大5A購01,0,,,,
704180,鑫科元大5B購01,0,,,,
704189,旺矽元富5A購02,0,,,,
704191,家登元富5C購01,13880,2.13,2.13,1.82,1.9
704202,鑫科永豐61購01,218330,0.34,0.42,0.34,0.4
704203,中美晶統一71購01,844200,1.14,1.35,1.11,1.35
704204,元太統一61購02,0,,,,
704205,世紀*統一61購01,1148040,0.99,1.04,0.91,1.04
704206,世紀*統一71購03,346830,0.92,1.04,0.83,0.96
704207,合晶統一71購01,724220,3.45,4.08,3.45,4.07
704208,沛亨統一61購01,0,,,,
704209,沛亨統一61購02,0,,,,
704210,宜鼎統一61購02,0,,,,
704211,宜鼎統一63購01,37200,1.84,1.88,1.84,1.88
704212,旺矽統一61購02,0,,,,
704213,旺矽統一63購02,0,,,,
704214,旺矽統一71購01,0,,,,
704215,松瑞藥統一61購01,1850,0.37,0.37,0.37,0.37
704216,松瑞藥統一71購01,0,,,,
704217,信昌電統一61購03,0,,,,
704218,信昌電統一71購02,41390,3.18,3.23,3.18,3.23
704219,家登統一61購03,710,0.71,0.71,0.71,0.71
704220,家登統一71購01,28800,0.84,0.84,0.82,0.82
704221,高鋒統一61購01,8400,0.21,0.21,0.21,0.21
704222,高鋒統一71購01,0,,,,
704223,湧德統一61購02,0,,,,
704224,新復興統一71購01,0,,,,
704225,廣運統一71購01,320,0.32,0.32,0.32,0.32
704237,世界元大5A購02,0,,,,
704244,富喬元大5A購01,0,,,,
704256,富喬永豐5B購01,185340,0.87,0.89,0.86,0.88
704257,富喬永豐5C購01,240880,0.96,0.96,0.94,0.96
704258,富喬永豐64購01,1703220,1.67,1.68,1.65,1.65
704259,華容永豐5A購01,30320,3.79,3.79,3.79,3.79
704260,聖暉*永豐61購01,78330,1.48,1.54,1.47,1.54
704262,宜鼎兆豐61購01,0,,,,
704275,宜鼎富邦5C購01,0,,,,
704277,鈊象富邦5A購01,39000,0.13,0.13,0.13,0.13
704280,世界統一71購02,96540,0.76,0.76,0.73,0.73
704281,台星科統一61購02,200170,0.49,0.58,0.49,0.52
704282,宜鼎統一71購01,42300,2.12,2.12,2.11,2.11
704283,東捷統一71購01,5730,2.85,2.88,2.85,2.88
704284,佶優統一71購02,0,,,,
704285,高鋒統一64購01,0,,,,
704286,高鋒統一67購01,0,,,,
704287,富喬統一61購01,3000,0.3,0.3,0.3,0.3
704288,富喬統一61購02,6030,0.63,0.63,0.54,0.54
704289,富喬統一61購03,0,,,,
704290,富喬統一61購04,197490,0.42,0.42,0.41,0.42
704291,富喬統一64購01,680,0.68,0.68,0.68,0.68
704292,富喬統一65購02,82270,0.55,0.56,0.55,0.56
704293,富喬統一6C購01,0,,,,
704294,富喬統一71購01,63000,0.63,0.63,0.63,0.63
704295,富喬統一71購02,0,,,,
704296,湧德統一71購01,24180,0.39,0.39,0.39,0.39
704297,新復興統一71購02,0,,,,
704298,聖暉*統一67購01,37890,0.62,0.65,0.62,0.63
704315,系統電元大5B購03,8200,0.1,0.1,0.1,0.1
704320,鈊象元大5A購01,0,,,,
704321,勤凱元大61購02,0,,,,
704322,聖暉*元大61購01,224650,2.86,2.95,2.81,2.89
704325,精測元大5B購01,0,,,,
704343,世界富邦5C購01,0,,,,
704347,世界統一5C購02,0,,,,
704348,合晶統一61購01,6550,6.55,6.55,6.55,6.55
704349,東捷統一71購02,0,,,,
704350,佶優統一71購03,0,,,,
704351,精測統一61購01,158310,0.4,0.49,0.38,0.4
704352,精測統一61購02,72460,0.45,0.47,0.42,0.42
704353,精測統一71購01,750970,1.16,1.19,1.08,1.08
704358,竹陞永豐5A購01,0,,,,
704361,華容永豐5C購01,0,,,,
704365,精測永豐5A購01,0,,,,
704368,點序永豐61購01,200,0.2,0.2,0.2,0.2
704370,世界國票5B購01,0,,,,
704373,精測國票5A購01,76630,0.14,0.14,0.1,0.1
704374,精測國票5A購02,0,,,,
704380,宜鼎凱基5B購01,0,,,,
704381,鈊象凱基5A購01,14000,0.28,0.28,0.28,0.28
704382,精測凱基5B購01,0,,,,
704388,中探針元大5B購01,0,,,,
704391,世界元大5B購01,0,,,,
704394,系統電元大61購01,42720,0.3,0.48,0.3,0.48
704396,順達元大5A購05,0,,,,
704400,宜鼎富邦61購01,0,,,,
704401,信昌電富邦5C購01,0,,,,
704403,高鋒統一61購02,0,,,,
704404,精測統一5C購01,0,,,,
704409,精測永豐5A購02,990,0.11,0.11,0.11,0.11
704419,力旺元大5A購01,159000,5.45,5.45,5.15,5.15
704421,中美晶元大5C購01,26860,2.18,2.73,2.1,2.73
704424,湧德元大61購02,0,,,,
704426,精材元大5B購01,0,,,,
704427,精材元大61購02,0,,,,
704481,中探針元大61購01,0,,,,
704482,元太元大61購01,5700,0.19,0.19,0.19,0.19
704491,湧德元大5B購01,400,0.08,0.08,0.08,0.08
704492,鈊象元大5B購01,383460,0.66,0.7,0.66,0.7
704494,精材元大5A購01,0,,,,
704495,精材元大5B購02,0,,,,
704496,精材元大61購03,0,,,,
704506,系統電永豐5C購01,67440,0.19,0.23,0.19,0.22
704507,亞電永豐5B購01,476290,2.06,3.0,2.06,3.0
704532,大中統一5C購01,9700,1.94,1.94,1.94,1.94
704533,大中統一71購01,0,,,,
704534,台半統一5C購04,150120,1.08,1.08,1.08,1.08
704535,台燿統一66購01,0,,,,
704536,尼克森統一5B購01,1240,0.62,0.62,0.62,0.62
704537,巨漢統一5C購01,58690,0.51,0.52,0.51,0.51
704538,合晶統一61購02,92350,5.1,5.85,5.05,5.85
704539,竹陞統一64購01,0,,,,
704540,宏捷科統一61購03,4800,0.16,0.16,0.16,0.16
704541,系統電統一64購01,3280,0.41,0.41,0.41,0.41
704542,宜鼎統一5B購01,2400,2.4,2.4,2.4,2.4
704543,宜鼎統一66購01,0,,,,
704544,宜鼎統一71購02,0,,,,
704545,東捷統一64購01,3530,3.53,3.53,3.53,3.53
704546,長科*統一71購01,0,,,,
704547,佶優統一61購02,0,,,,
704548,昱展統一61購01,100,0.01,0.01,0.01,0.01
704549,茂迪統一5B購01,347160,0.27,0.33,0.27,0.33
704550,能率亞統一61購02,11830,0.42,0.47,0.42,0.47
704551,能率亞統一71購01,0,,,,
704552,順達統一63購01,0,,,,
704553,雍智統一71購01,60650,5.0,5.95,5.0,5.9
704556,力旺凱基5A購01,27300,13.1,14.2,13.1,14.2
704560,系統電凱基5B購01,110380,0.15,0.18,0.15,0.16
704567,萬泰科永豐5B購01,0,,,,
704578,元太元大61購02,0,,,,
704579,合晶元大5A購01,35600,17.8,17.8,17.8,17.8
704584,精材元大5A購02,0,,,,
704590,能率亞統一63購01,44460,0.51,0.52,0.51,0.52
704591,能率亞統一71購02,46890,0.74,0.8,0.74,0.8
704592,能率統一71購01,0,,,,
704605,系統電凱基5B購02,28180,0.37,0.41,0.37,0.39
704607,原相凱基5A購01,0,,,,
704620,博智群益5B購01,0,,,,
704628,中光電統一61購01,1640,0.04,0.06,0.04,0.05
704629,智通*統一61購01,0,,,,
704638,廣運永豐61購01,0,,,,
704650,聖暉*凱基5B購01,223300,3.19,3.19,3.19,3.19
704665,鈊象元大5C購01,76420,0.69,0.69,0.67,0.67
704668,穩得元大5B購01,0,,,,
704685,穩懋永豐5A購02,179300,9.35,9.5,9.35,9.5
704712,精材元大61購04,0,,,,
704719,世界永豐5B購01,650,0.13,0.13,0.13,0.13
704725,家登永豐5B購01,85380,2.2,2.2,2.17,2.17
704736,印能凱基5A購01,0,,,,
704745,宜特國票5B購01,0,,,,
704750,系統電兆豐5A購01,0,,,,
704751,穩懋兆豐5A購01,0,,,,
704760,宜鼎元大5A購03,0,,,,
704766,精材元大61購05,0,,,,
704767,印能永豐5A購01,0,,,,
704771,東浦永豐5A購01,0,,,,
704773,大樹群益62購01,0,,,,
704775,博智群益62購01,0,,,,
704778,榮剛群益5A購01,0,,,,
704781,點序群益62購01,0,,,,
704786,信驊凱基5A購02,0,,,,
704789,雍智凱基5A購01,96000,19.2,19.2,19.2,19.2
704793,擎亞永豐5A購02,0,,,,
704794,擎亞永豐5B購01,0,,,,
704807,宜鼎元大5A購04,0,,,,
704831,信驊國票5C購01,0,,,,
704839,擎亞國票5A購01,10,0.01,0.01,0.01,0.01
704841,台半富邦5B購01,0,,,,
704842,台星科富邦5B購01,2043020,0.43,0.57,0.43,0.5
704843,合晶富邦5B購01,0,,,,
704844,宜特富邦5A購01,0,,,,
704845,信驊富邦5B購01,0,,,,
704846,智通*富邦5A購01,0,,,,
704847,智通*富邦5B購01,45000,0.05,0.05,0.05,0.05
704848,順達富邦5A購01,0,,,,
704849,廣明富邦5B購01,0,,,,
704850,廣運富邦5B購01,20,0.01,0.01,0.01,0.01
704852,雙鴻富邦5A購01,0,,,,
704858,東捷凱基5A購01,0,,,,
704880,榮剛富邦5A購01,0,,,,
704881,譜瑞兆豐62購01,0,,,,
704893,青雲永豐5A購01,13800,13.8,13.8,13.8,13.8
704895,世界統一62購01,291510,0.73,0.73,0.69,0.71
704896,台星科統一62購01,678250,0.72,0.83,0.72,0.76
704897,台燿統一62購01,121000,4.84,4.84,4.84,4.84
704898,光頡統一5C購02,0,,,,
704899,長科*統一61購01,0,,,,
704900,茂達統一62購01,151950,0.5,0.5,0.49,0.49
704901,茂達統一62購02,10000,0.5,0.5,0.5,0.5
704902,訊聯統一72購01,0,,,,
704903,智通*統一68購01,4700,0.47,0.47,0.47,0.47
704904,新復興統一72購01,0,,,,
704905,穩懋統一72購01,0,,,,
704906,穩懋統一72購02,69600,2.32,2.32,2.32,2.32
704907,鑫聯統一62購01,0,,,,
704911,宜鼎凱基5A購02,0,,,,
704915,穩懋凱基5B購02,0,,,,
704925,系統電元大62購01,13120,0.32,0.32,0.32,0.32
704929,勤凱元大5A購02,6510,2.17,2.17,2.17,2.17
704937,茂迪富邦61購01,87480,0.19,0.23,0.19,0.23
704941,印能國票5A購01,0,,,,
704944,印能統一65購01,0,,,,
704945,良維統一5C購01,0,,,,
704946,閎康統一72購01,11800,0.59,0.59,0.59,0.59
704947,順達統一65購01,12850,0.81,0.88,0.81,0.88
704948,雙鴻統一5C購01,0,,,,
704949,雙鴻統一65購01,0,,,,
704950,耀勝統一5C購03,1400,0.02,0.02,0.01,0.01
704951,鑫科統一72購01,2830,0.66,0.75,0.66,0.75
704952,鑫聯統一72購01,15000,0.75,0.75,0.75,0.75
704953,鑫聯統一72購02,35380,0.61,0.61,0.61,0.61
704954,系微兆豐62購01,488000,2.31,2.31,2.26,2.28
704957,雙鴻永豐5A購02,0,,,,
704958,中探針群益5C購01,8200,8.2,8.2,8.2,8.2
704963,協易機群益5A購01,0,,,,
704966,訊聯群益5A購01,0,,,,
704968,精材群益5A購02,0,,,,
704983,雙鴻元富5A購02,16500,1.65,1.65,1.65,1.65
704984,雙鴻元富5A購03,34900,3.49,3.49,3.49,3.49
704997,雙鴻元大5B購01,35120,1.96,1.96,1.94,1.94
704998,雙鴻元大61購02,0,,,,
705002,世界富邦5C購02,231630,1.07,1.08,1.03,1.05
705003,世界統一72購01,31260,0.92,0.93,0.91,0.93
705004,宏觀統一62購01,0,,,,
705005,茂迪統一72購01,8400,0.42,0.42,0.42,0.42
705006,茂達統一61購02,0,,,,
705007,智通*統一62購01,0,,,,
705008,湧德統一61購03,1900,0.19,0.19,0.19,0.19
705009,穩懋統一72購03,5820,2.91,2.91,2.91,2.91
705010,穩懋統一72購04,30690,2.45,2.67,2.45,2.67
705011,鑫聯統一61購01,0,,,,
705012,台燿永豐5C購01,0,,,,
705013,台燿永豐61購01,16100,16.1,16.1,16.1,16.1
705014,宏捷科永豐5A購01,0,,,,
705023,雙鴻凱基5C購01,0,,,,
705027,系統電群益5A購01,0,,,,
705028,宜特群益5A購01,0,,,,
705029,金山電群益5A購01,0,,,,
705031,訊聯群益5A購02,0,,,,
705034,精材群益5A購03,0,,,,
705038,宏觀國票5C購01,0,,,,
705063,穩懋元大61購02,0,,,,
705072,新應材凱基5A購01,0,,,,
705081,閎康群益5A購01,0,,,,
705083,精測群益5A購01,0,,,,
705084,精測群益62購03,292490,0.48,0.55,0.45,0.45
705087,世界富邦5C購03,0,,,,
705089,新應材富邦63購01,560,0.14,0.14,0.14,0.14
705090,精測富邦5A購01,0,,,,
705091,正淩統一62購01,444950,0.6,0.68,0.6,0.68
705092,正淩統一65購01,349010,0.49,0.6,0.49,0.6
705093,宏觀統一72購01,1850,0.37,0.37,0.37,0.37
705094,宜特統一62購01,380,0.38,0.38,0.38,0.38
705095,新復興統一62購01,0,,,,
705096,精測統一62購01,122930,0.13,0.24,0.11,0.12
705097,精測統一64購02,0,,,,
705098,精測統一72購01,28200,0.94,0.94,0.94,0.94
705099,雙鴻統一62購03,1811090,1.09,1.14,0.93,0.93
705100,鑫科統一62購01,60620,0.35,0.42,0.35,0.42
705101,世界中信5B購01,0,,,,
705103,弘塑元富5A購02,0,,,,
705108,精測元富5B購01,0,,,,
705109,精測元富5B購02,0,,,,
705110,精測元富5B購03,0,,,,
705111,系統電永豐61購01,534680,0.71,0.84,0.71,0.82
705112,茂迪永豐5A購01,0,,,,
705114,新應材永豐61購01,3250,0.65,0.65,0.65,0.65
705117,系統電凱基5A購02,0,,,,
705126,大中統一62購01,0,,,,
705127,宏觀統一72購02,0,,,,
705128,良維統一72購01,288490,1.33,1.4,1.33,1.38
705129,宜特統一72購01,0,,,,
705130,長科*統一72購01,11000,1.1,1.1,1.1,1.1
705131,茂迪統一61購01,0,,,,
705132,茂迪統一72購02,30600,0.46,0.46,0.45,0.45
705133,博智統一62購01,0,,,,
705134,博智統一62購02,19300,0.95,0.98,0.95,0.98
705135,穩懋統一72購05,0,,,,
705136,鏵友益統一72購01,0,,,,
705137,台燿中信5A購01,0,,,,
705138,良維中信5C購01,46380,1.91,2.07,1.91,2.07
705142,新應材永豐5B購01,0,,,,
705143,正淩國票5B購01,14920,0.56,0.56,0.54,0.56
705161,雙鴻元大61購03,0,,,,
705169,正淩凱基5B購01,0,,,,
705171,系統電凱基61購01,769100,0.64,0.69,0.64,0.65
705179,雙鴻凱基5C購02,644190,2.35,2.35,1.92,1.92
705186,閎康富邦5A購01,0,,,,
705188,元太統一62購01,8800,0.24,0.24,0.16,0.16
705190,弘塑統一72購01,175400,1.29,1.31,1.22,1.22
705191,正淩統一72購01,38790,0.76,0.79,0.76,0.79
705192,沛亨統一72購01,0,,,,
705193,宜鼎統一72購01,153610,1.28,1.32,1.28,1.28
705194,崴寶統一64購01,0,,,,
705195,崴寶統一72購01,1020,1.02,1.02,1.02,1.02
705196,雙鴻統一72購01,1823570,1.38,1.4,1.25,1.25
705197,鑫聯統一65購01,0,,,,
705212,雙鴻元大5C購01,0,,,,
705213,雙鴻元大61購04,21800,2.11,2.11,1.79,1.79
705214,神盾永豐5B購01,0,,,,
705215,崴寶永豐5B購01,0,,,,
705216,雙鴻永豐61購01,2290,2.29,2.29,2.29,2.29
705221,雙鴻元富5A購04,2520800,6.75,6.75,5.3,5.4
705222,雙鴻元富5A購05,0,,,,
705223,雙鴻元富5A購06,0,,,,
705224,穩懋元富5A購02,0,,,,
705225,穩懋元富5A購03,0,,,,
705235,力旺凱基5B購01,70300,9.7,10.1,9.7,10.1
705238,穩懋凱基61購01,496180,3.69,4.0,3.5,3.92
705243,萬潤永豐62購01,0,,,,
705246,力旺元富5A購01,0,,,,
705254,雙鴻富邦5A購02,0,,,,
705255,雙鴻富邦5A購03,0,,,,
705257,力旺統一65購01,131650,1.58,1.79,1.5,1.5
705258,力旺統一72購01,821180,1.78,1.92,1.69,1.69
705259,凡甲統一72購01,0,,,,
705260,凡甲統一72購02,14950,0.65,0.65,0.65,0.65
705261,元太統一62購02,1050,0.21,0.21,0.21,0.21
705262,元太統一72購01,0,,,,
705263,弘塑統一72購02,0,,,,
705264,正淩統一72購02,321100,0.6,0.65,0.6,0.62
705265,沛亨統一72購02,0,,,,
705266,博智統一72購01,42100,1.14,1.18,1.14,1.18
705267,閎康統一72購02,88550,0.77,0.77,0.77,0.77
705268,雙鴻統一62購04,2200,1.1,1.1,1.1,1.1
705269,穩懋統一65購02,108940,2.15,2.3,2.11,2.3
705276,力旺群益5A購01,186000,4.38,5.0,4.0,4.0
705279,良維群益5C購01,0,,,,
705284,力旺元大5A購03,46600,4.13,4.13,3.53,3.53
705289,鈊象元大5C購02,3090,1.53,1.56,1.53,1.56
705292,宏觀凱基5B購01,0,,,,
705300,鈊象凱基61購01,177250,2.23,2.27,2.17,2.24
705303,台星科富邦5A購01,0,,,,
705304,台燿富邦5C購02,0,,,,
705305,宏觀富邦5A購01,0,,,,
705307,富喬富邦5B購01,137650,0.47,0.47,0.46,0.47
705308,亞泰統一64購01,0,,,,
705309,亞泰統一72購01,0,,,,
705310,博智統一72購02,88120,0.78,0.84,0.77,0.84
705311,富喬統一62購01,12380,0.55,0.56,0.52,0.52
705312,富喬統一62購02,201120,0.48,0.48,0.48,0.48
705313,精材統一65購01,0,,,,
705314,精材統一72購01,4280,2.14,2.14,2.14,2.14
705315,鑫科統一72購02,0,,,,
705318,宜鼎國票5A購01,0,,,,
705324,富喬國票5A購01,148320,0.88,0.88,0.86,0.86
705331,富喬元大5B購02,0,,,,
705333,鈊象元大5C購03,68820,1.43,1.53,1.41,1.45
705337,穩懋元大61購04,20650,2.95,2.95,2.95,2.95
705341,富喬群益5A購01,0,,,,
705343,弘塑永豐5B購01,0,,,,
705346,富喬永豐5A購02,0,,,,
705347,富喬永豐61購01,216840,0.78,0.78,0.78,0.78
705348,富喬永豐65購01,258040,1.01,1.02,1.01,1.02
705349,雙鴻永豐5B購01,0,,,,
705357,穩懋凱基61購02,0,,,,
705358,良維兆豐5A購01,0,,,,
705360,中美晶元大5B購01,0,,,,
705365,雙鴻元大5B購02,0,,,,
705366,雙鴻元大5C購02,0,,,,
705370,穩懋元大61購05,183760,1.84,1.97,1.71,1.96
705372,力致統一64購01,3000,0.3,0.3,0.3,0.3
705373,凡甲統一61購01,0,,,,
705374,元太統一72購02,16500,0.33,0.33,0.33,0.33
705375,台燿統一62購02,4950,4.95,4.95,4.95,4.95
705376,正基統一64購01,35800,0.24,0.25,0.24,0.25
705377,兆利統一64購01,0,,,,
705378,宏捷科統一61購04,2070,0.23,0.23,0.23,0.23
705379,沛亨統一68購01,0,,,,
705380,系統電統一5C購02,20900,0.26,0.29,0.26,0.29
705381,系微統一64購01,0,,,,
705382,亞泰統一72購02,8100,2.7,2.7,2.7,2.7
705383,宜特統一65購01,86000,0.43,0.43,0.43,0.43
705384,東捷統一72購01,0,,,,
705385,前鼎統一72購01,0,,,,
705386,茂達統一72購01,22330,0.77,0.77,0.77,0.77
705387,原相統一64購01,5100,0.34,0.34,0.34,0.34
705388,能率統一72購01,12600,0.42,0.42,0.42,0.42
705389,富強鑫統一72購01,315020,0.78,0.78,0.7,0.7
705390,新漢統一64購02,0,,,,
705391,新漢統一72購01,0,,,,
705392,萬潤統一62購01,5600,5.6,5.6,5.6,5.6
705393,鈺太統一64購01,0,,,,
705394,精材統一5C購02,0,,,,
705395,聚和統一64購01,0,,,,
705396,廣明統一72購01,0,,,,
705397,穩得統一72購01,0,,,,
705398,穩懋統一61購06,72340,2.5,2.77,2.5,2.77
705399,穩懋統一62購01,1144860,1.74,1.9,1.68,1.9
705400,穩懋統一62購02,271240,2.63,2.87,2.63,2.87
705401,穩懋統一62購03,203850,1.7,1.93,1.69,1.93
705402,耀勝統一64購01,0,,,,
705403,耀勝統一72購01,0,,,,
705404,鑫科統一72購03,12500,0.5,0.5,0.5,0.5
705410,沛亨永豐5B購01,0,,,,
705413,鉅橡永豐5A購02,0,,,,
705426,勤凱群益5A購01,0,,,,
705433,中美晶凱基5C購01,48800,4.56,5.5,4.56,5.5
705437,弘塑凱基5C購01,429990,4.97,5.0,4.49,4.49
705442,台特化兆豐5B購01,0,,,,
705443,新應材兆豐5B購01,0,,,,
705444,良維國票62購01,33040,2.52,2.56,2.52,2.56
705446,信驊國票62購01,0,,,,
705449,鉅橡國票5B購01,0,,,,
705455,世界群益5B購02,0,,,,
705458,良維群益5B購01,56900,0.64,0.69,0.64,0.69
705460,信驊群益5B購04,12300,12.3,12.3,12.3,12.3
705461,湧德群益61購01,0,,,,
705462,順達群益5B購01,0,,,,
705475,雙鴻元大5C購03,0,,,,
705476,雙鴻元大61購05,26520,2.24,2.24,2.06,2.06
705477,台特化統一63購02,35000,0.18,0.18,0.17,0.17
705478,台特化統一73購01,96230,0.55,0.55,0.53,0.53
705479,良維統一61購01,159660,1.16,1.16,1.14,1.14
705480,良維統一63購01,478440,0.83,0.91,0.83,0.88
705481,亞泰統一62購01,0,,,,
705483,新應材統一62購02,14300,0.13,0.13,0.13,0.13
705484,萬潤統一62購02,0,,,,
705485,萬潤統一73購01,38530,4.65,4.65,4.17,4.17
705486,德微統一63購01,0,,,,
705487,穩懋統一66購01,228360,1.47,1.61,1.47,1.6
705488,穩懋統一73購01,65220,1.95,2.07,1.95,2.07
705489,穩懋統一73購02,595520,1.85,1.93,1.8,1.93
705492,世界永豐5B購02,1822210,3.81,3.82,3.64,3.82
705494,台特化永豐5B購01,240,0.04,0.04,0.04,0.04
705500,原相永豐5B購01,0,,,,
705502,萬潤永豐5B購01,107200,10.7,10.7,9.65,9.65
705504,雙鴻永豐5C購01,0,,,,
705519,均華兆豐63購01,183050,2.73,2.73,2.42,2.42
705520,宜鼎兆豐63購01,479700,3.29,3.35,3.2,3.2
705521,順達兆豐5B購01,0,,,,
705522,雙鴻兆豐5B購01,0,,,,
705525,良維凱基5B購02,99900,0.75,0.84,0.75,0.84
705527,萬潤凱基5B購01,0,,,,
705534,雙鴻凱基5B購01,0,,,,
705539,中探針元大5A購02,0,,,,
705544,萬潤元大5B購01,0,,,,
705548,雙鴻元大61購06,9200,0.92,0.92,0.92,0.92
705551,穩懋元大5A購03,213310,1.42,1.68,1.32,1.68
705552,穩懋元大5B購04,28280,1.43,1.46,1.31,1.46
705553,穩懋元大5C購04,366650,1.22,1.42,1.2,1.38
705554,宜鼎富邦5C購02,0,,,,
705555,中探針永豐5C購01,0,,,,
705556,正基永豐5A購01,0,,,,
705557,茂迪永豐5C購01,1100,0.04,0.04,0.03,0.03
705558,神盾永豐5C購01,0,,,,
705559,博智永豐5B購01,0,,,,
705560,萬潤永豐5C購01,114980,3.99,4.13,3.45,3.45
705562,環球晶永豐5B購01,0,,,,
705564,雙鴻永豐5A購03,1100,0.11,0.11,0.11,0.11
705565,穩懋永豐5C購02,3114650,1.65,1.94,1.6,1.84
705566,耀勝永豐5C購01,0,,,,
705567,宏觀國泰5A購01,0,,,,
705568,沛亨國泰5A購01,0,,,,
705569,宜鼎國泰5A購01,131100,5.7,5.7,5.7,5.7
705570,世界凱基5C購01,0,,,,
705572,旺矽凱基5A購02,0,,,,
705575,原相凱基5B購01,0,,,,
705577,鉅橡凱基5B購01,0,,,,
705580,宏觀永豐5A購01,0,,,,
705581,良維永豐5B購01,175900,0.86,0.98,0.86,0.92
705583,旺矽永豐5A購01,0,,,,
705584,旺矽永豐5B購01,0,,,,
705585,博磊永豐5A購01,0,,,,
705587,精材永豐5B購01,0,,,,
705589,鏵友益永豐5C購01,41480,0.61,0.61,0.61,0.61
705590,鑫聯永豐5C購01,0,,,,
705599,雙鴻元大61購07,0,,,,
705600,凡甲國泰5A購01,0,,,,
705601,旺矽國泰5A購01,0,,,,
705602,鑫聯國泰5A購01,0,,,,
705603,元太國票5A購01,0,,,,
705604,良維國票67購01,108830,2.39,2.43,2.39,2.43
705605,亞信國票5A購01,0,,,,
705606,旺矽國票61購01,0,,,,
705608,是方國票5A購01,0,,,,
705610,精材國票5C購01,0,,,,
705611,雙鴻國票5C購01,254800,0.91,0.91,0.91,0.91
705614,弘塑群益5A購02,0,,,,
705615,正基群益5A購01,0,,,,
705616,宏捷科群益5A購02,0,,,,
705617,良維群益5B購02,51000,0.54,0.64,0.54,0.64
705619,亞信群益5A購01,0,,,,
705620,宜鼎群益5A購01,0,,,,
705621,旺矽群益5B購01,30800,3.08,3.08,3.08,3.08
705622,順達群益5A購01,0,,,,
705627,環球晶群益5A購01,0,,,,
705630,旺矽兆豐5B購01,0,,,,
705631,大綜永豐5A購01,49840,0.28,0.28,0.28,0.28
705633,順達永豐5B購01,119010,2.28,2.63,2.28,2.54
705634,新復興永豐5B購01,0,,,,
705637,系統電群益5A購02,0,,,,
705638,宜鼎群益5B購01,0,,,,
705643,茂迪群益5A購01,0,,,,
705644,原相群益5C購01,0,,,,
705648,正基凱基5A購01,0,,,,
705652,宜鼎凱基5A購03,13900,1.39,1.39,1.39,1.39
705653,前鼎凱基5A購01,0,,,,
705656,鉅橡凱基5A購01,0,,,,
705659,印能元大5C購01,0,,,,
705665,環球晶元大61購01,0,,,,
705666,鑫聯元大61購01,0,,,,
705667,萬泰科國泰5A購01,0,,,,
705668,鉅橡國泰5A購01,0,,,,
705671,鈊象富邦5B購01,636700,0.47,0.51,0.47,0.48
705672,聖暉*富邦5B購01,80270,0.62,0.69,0.62,0.67
705674,環球晶富邦5C購01,0,,,,
705675,雙鴻富邦5C購01,24400,1.22,1.22,1.22,1.22
705676,雙鴻富邦5C購02,968820,1.08,1.14,0.84,0.84
705677,譜瑞富邦5C購01,2600,2.6,2.6,2.6,2.6
705679,九豪國票5A購01,140,0.07,0.07,0.07,0.07
705680,正基國票5A購01,0,,,,
705681,沛亨國票5A購01,0,,,,
705682,宜鼎國票5A購02,0,,,,
705683,岳豐國票5A購01,0,,,,
705684,茂迪國票5A購01,0,,,,
705685,茂迪國票5A購02,0,,,,
705686,晟德國票5A購01,0,,,,
705690,僑威國票5A購01,0,,,,
705691,聚和國票5A購01,0,,,,
705692,臺慶科國票5A購02,0,,,,
705694,正基凱基5A購02,0,,,,
705697,新復興凱基5B購01,0,,,,
705698,鉅橡凱基5A購02,0,,,,
705699,聚和凱基5A購01,0,,,,
705700,寶雅凱基5A購01,11700,2.34,2.34,2.34,2.34
705702,宏捷科國票62購01,3520,0.16,0.16,0.16,0.16
705704,昱展國票5A購01,0,,,,
705705,新復興國票5B購01,0,,,,
705706,萬泰科國票5A購01,0,,,,
705707,德勝國票5A購01,0,,,,
705708,正基國泰5A購01,0,,,,
705709,勤凱國泰5A購01,0,,,,
705711,台特化元大5C購01,190140,0.23,0.39,0.2,0.35
705712,台燿元大61購03,0,,,,
705718,宜鼎元大5C購04,0,,,,
705719,宜鼎元大61購02,0,,,,
705726,雙鴻元大61購08,0,,,,
705727,九豪群益5A購01,0,,,,
705728,台特化群益62購01,0,,,,
705729,正基群益5A購02,0,,,,
705733,宜特群益5B購01,0,,,,
705736,正基永豐5B購01,0,,,,
705737,印能永豐5C購01,0,,,,
705739,系統電永豐64購01,576200,1.05,1.1,1.05,1.1
705740,陽程永豐5A購01,0,,,,
705753,晟德凱基5A購01,0,,,,
705754,精材凱基61購01,0,,,,
705755,雙鴻凱基5C購03,0,,,,
705758,世界元大5C購01,0,,,,
705759,台特化元大5C購02,500,0.1,0.1,0.1,0.1
705769,新應材元大5A購01,0,,,,
705770,新應材元大61購01,3360,0.16,0.16,0.16,0.16
705774,雙鴻元大61購09,105200,2.11,2.11,2.09,2.09
705775,宜特國票5A購02,0,,,,
705776,前鼎國票5B購01,0,,,,
705777,閎康國票5A購01,0,,,,
705778,鈊象國票5A購01,0,,,,
705779,榮剛國票5A購01,0,,,,
705781,鏵友益國票5B購01,0,,,,
705782,鑫聯國票5A購01,0,,,,
705783,良維中信61購01,200710,1.09,1.15,1.09,1.14
705785,新應材永豐63購01,19550,1.0,1.0,0.95,0.95
705791,宏捷科元富5C購01,0,,,,
705800,大綜統一73購01,0,,,,
705801,印能統一62購01,0,,,,
705802,旺矽統一63購03,1660,1.66,1.66,1.66,1.66
705803,前鼎統一62購01,0,,,,
705804,環球晶統一63購01,41500,3.0,3.3,3.0,3.3
705805,環球晶統一63購02,82370,2.96,3.4,2.96,3.32
705806,環球晶統一73購01,21910,2.64,2.89,2.64,2.89
705807,環球晶統一73購02,1116310,2.15,2.35,2.15,2.35
705808,前鼎國泰5A購01,0,,,,
705809,元太國票5A購02,0,,,,
705810,岳豐國票5A購02,0,,,,
705811,長佳智國票5A購01,0,,,,
705812,前鼎國票61購01,0,,,,
705813,晟德國票5A購02,0,,,,
705816,寶雅國票5A購01,0,,,,
705818,凡甲永豐5B購01,0,,,,
705819,台星科永豐5C購01,666490,1.17,1.41,1.15,1.27
705820,宜特永豐5C購01,0,,,,
705823,前鼎永豐5C購01,0,,,,
705824,能率永豐5C購01,38000,0.19,0.19,0.19,0.19
705826,順達永豐61購01,102230,3.4,3.62,3.4,3.44
705827,良維兆豐5B購01,0,,,,
705828,雙鴻兆豐5B購02,0,,,,
705841,元太元大5B購01,39390,0.29,0.29,0.28,0.28
705845,信驊元大5C購01,0,,,,
705846,新應材元大5A購02,0,,,,
705847,新應材元大61購02,0,,,,
705853,雙鴻元大61購10,830040,2.36,2.36,2.0,2.0
705854,台特化統一63購03,0,,,,
705855,弘塑統一73購01,0,,,,
705856,印能統一73購01,111640,1.58,1.6,1.52,1.54
705857,沛亨統一73購01,6600,1.32,1.32,1.32,1.32
705858,良維統一73購01,530,0.53,0.53,0.53,0.53
705859,旺矽統一73購01,90320,2.81,2.89,2.81,2.81
705860,順達統一73購01,30430,0.62,0.63,0.62,0.63
705861,新應材統一73購01,7100,0.29,0.29,0.28,0.28
705862,萬泰科統一62購01,0,,,,
705863,德微統一73購01,0,,,,
705864,環球晶統一62購01,33770,3.38,3.38,3.37,3.37
705865,穩得統一73購01,0,,,,
705870,信驊凱基5B購01,0,,,,
705871,信驊凱基61購02,0,,,,
705872,信驊凱基61購03,0,,,,
705874,鈊象凱基61購02,1583610,1.87,2.02,1.87,1.9
705875,新應材凱基61購01,14000,0.14,0.14,0.14,0.14
705876,榮剛凱基5A購01,0,,,,
705877,環球晶凱基61購01,0,,,,
705878,弘塑富邦5B購01,59900,1.49,1.51,1.49,1.51
705879,良維富邦5B購01,0,,,,
705880,新應材富邦63購02,0,,,,
705881,雙鴻國泰5A購01,552500,5.55,5.55,5.5,5.5
705887,新應材群益5A購01,0,,,,
705894,元太凱基5B購02,0,,,,
705896,台特化凱基5C購01,22170,0.15,0.15,0.12,0.12
705899,旺矽凱基5B購01,0,,,,
705901,新應材凱基5A購02,0,,,,
705903,精材凱基61購02,0,,,,
705908,旺矽兆豐5B購02,0,,,,
705909,新應材兆豐5B購02,0,,,,
705913,宜鼎群益5B購02,0,,,,
705917,雙鴻群益63購01,505690,1.26,1.26,1.23,1.23
705923,弘塑永豐5B購02,0,,,,
705924,匯鑽科永豐5A購01,0,,,,
705925,新應材永豐5A購01,0,,,,
705926,新應材永豐5C購04,90,0.04,0.05,0.04,0.05
705927,新應材永豐63購02,30000,0.14,0.15,0.14,0.14
705928,雙鴻永豐63購01,197000,1.97,1.97,1.97,1.97
705929,新應材國泰5A購02,0,,,,
705931,台半國票5A購01,0,,,,
705932,弘塑國票5A購01,106810,0.55,0.61,0.34,0.61
705933,宜鼎國票5C購01,0,,,,
705934,松瑞藥國票5A購01,0,,,,
705935,胡連國票5A購01,300,0.02,0.02,0.02,0.02
705936,順達國票5A購01,1600,0.8,0.8,0.8,0.8
705938,新應材國票5A購02,0,,,,
705939,新應材國票5B購01,0,,,,
705940,新應材國票5C購01,3500,0.06,0.06,0.05,0.05
705941,群翊國票5A購01,8450,1.69,1.69,1.69,1.69
705942,聖暉*國票5A購02,14340,2.26,2.53,2.26,2.53
705943,德微國票5A購01,0,,,,
705944,新應材富邦5C購02,7200,0.06,0.06,0.06,0.06
705945,均豪統一73購01,540,0.54,0.54,0.54,0.54
705946,宏捷科統一63購01,11460,0.23,0.23,0.22,0.22
705947,系微統一73購01,6500,0.65,0.65,0.65,0.65
705948,良維統一63購02,351240,0.81,0.89,0.81,0.89
705949,良維統一73購02,49780,0.85,0.86,0.85,0.86
705950,宜特統一73購01,244510,0.49,0.49,0.49,0.49
705951,信紘科統一63購01,49500,0.33,0.33,0.33,0.33
705952,前鼎統一73購01,0,,,,
705953,鉅橡統一73購01,0,,,,
705954,鈺太統一66購01,0,,,,
705968,新應材元大5A購03,0,,,,
705969,新應材元大61購03,6340,0.07,0.1,0.07,0.1
705984,博智元大5C購02,0,,,,
705986,世紀*國票5A購01,91330,3.95,4.21,3.91,4.21
705987,台特化國票5A購03,0,,,,
705988,閎康國票5A購02,0,,,,
705989,雙鴻國票5A購02,77000,7.7,7.7,7.7,7.7
705991,弘塑國泰5A購01,12400,2.48,2.48,2.48,2.48
705992,均華國泰5A購01,0,,,,
705993,宜鼎富邦63購01,0,,,,
705994,蜜望實統一63購01,0,,,,
705995,蜜望實統一73購01,0,,,,
705996,世界群益5B購03,0,,,,
705997,旺矽群益5B購02,0,,,,
705998,神盾群益5B購01,264860,2.24,2.25,2.2,2.25
706001,雙鴻群益5B購03,0,,,,
706004,精材中信61購01,0,,,,
706005,蜜望實永豐5B購01,0,,,,
706006,穩得永豐5B購01,19500,0.39,0.39,0.39,0.39
706010,旺矽凱基5C購01,0,,,,
706011,博智凱基5C購01,684100,2.75,3.06,2.59,3.06
706015,緯軟國票5B購01,0,,,,
706016,雙鴻國票5A購03,0,,,,
706017,宜鼎中信61購01,8800,0.88,0.88,0.88,0.88
706018,弘塑永豐63購01,101500,2.2,2.2,1.96,1.96
706019,均華永豐5B購01,0,,,,
706020,旺矽永豐61購01,14600,2.92,2.92,2.92,2.92
706021,鈊象永豐5A購01,0,,,,
706027,大中統一73購01,0,,,,
706028,台特化統一66購01,40600,0.37,0.37,0.36,0.36
706029,台特化統一68購01,0,,,,
706030,均華統一62購01,0,,,,
706031,均華統一63購03,0,,,,
706032,均華統一73購01,0,,,,
706033,均豪統一63購01,6490,0.59,0.59,0.59,0.59
706034,宜鼎統一62購01,0,,,,
706035,旺矽統一63購04,0,,,,
706036,新普統一63購01,5500,0.5,0.5,0.5,0.5
706037,新普統一73購01,0,,,,
706038,聖暉*統一61購01,1750,0.88,0.88,0.87,0.87
706039,蜜望實統一62購01,0,,,,
706040,鑫聯統一62購02,1900,0.19,0.19,0.19,0.19
706044,鈺太群益5A購01,0,,,,
706047,台燿富邦63購01,0,,,,
706049,博智富邦5B購01,0,,,,
706050,蜜望實富邦5B購01,0,,,,
706051,印能國泰5A購01,0,,,,
706052,均華國泰5A購02,0,,,,
706053,鈊象國泰5A購01,50570,0.77,0.83,0.77,0.83
706054,台特化元大5B購01,0,,,,
706055,台特化元大63購01,346670,0.49,0.53,0.47,0.47
706060,弘塑元大63購02,221650,3.32,3.32,3.0,3.25
706071,雙鴻元大63購01,0,,,,
706072,弘塑凱基5A購01,0,,,,
706073,宜鼎凱基5A購04,0,,,,
706074,鈊象凱基5C購01,0,,,,
706081,雙鴻中信63購01,313470,0.9,0.91,0.89,0.9
706086,旺矽永豐5A購02,0,,,,
706087,旺矽永豐61購02,19900,1.99,1.99,1.99,1.99
706088,旺矽永豐64購01,475050,3.28,3.29,3.0,3.0
706089,茂迪永豐61購01,0,,,,
706090,萬泰科永豐5C購01,0,,,,
706092,力致國泰5A購01,1300,0.13,0.13,0.13,0.13
706093,弘塑國泰5A購02,0,,,,
706094,均豪國泰5A購01,0,,,,
706095,系統電國泰5A購01,0,,,,
706096,東捷國泰5A購01,0,,,,
706097,弘塑富邦5C購01,362940,0.98,0.98,0.86,0.93
706098,宜鼎富邦5C購03,332410,0.76,0.78,0.73,0.73
706099,旺矽富邦5B購02,0,,,,
706100,旺矽富邦63購01,0,,,,
706101,茂迪富邦63購01,0,,,,
706103,台特化元大63購02,410290,0.48,0.51,0.45,0.45
706105,宏捷科元大5C購01,0,,,,
706115,雙鴻元大63購02,0,,,,
706116,力致國票5A購01,0,,,,
706117,台半國票5A購02,0,,,,
706118,台星科國票61購01,460320,1.6,1.85,1.6,1.71
706119,宏捷科國票5A購01,0,,,,
706120,良維國票5A購01,0,,,,
706121,宜鼎國票5A購03,50600,0.46,0.46,0.46,0.46
706122,旺矽國票5B購02,0,,,,
706124,臺慶科國票61購01,7910,1.13,1.13,1.13,1.13
706125,鑫聯國票5C購01,0,,,,
706126,大綜統一63購01,0,,,,
706127,大綜統一66購01,8710,0.88,0.88,0.86,0.87
706128,台特化統一62購02,0,,,,
706129,巨漢統一63購01,0,,,,
706130,正基統一62購01,0,,,,
706131,正基統一63購01,26600,0.19,0.19,0.19,0.19
706132,正基統一63購02,20000,0.2,0.2,0.2,0.2
706133,均豪統一66購01,1410,0.71,0.71,0.7,0.7
706134,宜鼎統一63購02,226710,0.84,0.85,0.81,0.81
706135,宜鼎統一63購03,980,0.49,0.49,0.49,0.49
706136,宜鼎統一66購02,166150,0.69,0.7,0.68,0.68
706137,宜鼎統一73購01,520330,0.61,0.62,0.6,0.6
706138,茂迪統一67購01,0,,,,
706139,聚和統一73購01,26700,0.71,0.71,0.7,0.7
706140,蜜望實統一66購01,0,,,,
706141,蜜望實統一68購01,0,,,,
706142,雙鴻統一63購01,6700,1.34,1.34,1.34,1.34
706146,台特化群益5A購01,0,,,,
706150,旺矽群益63購01,515780,2.96,3.12,2.83,2.86
706153,德微群益63購01,0,,,,
706154,雙鴻群益63購02,50500,0.97,0.97,0.88,0.88
706155,台特化凱基5C購02,0,,,,
706160,宜鼎凱基5C購02,1480,1.48,1.48,1.48,1.48
706161,旺矽凱基63購01,2434260,1.94,2.04,1.8,1.82
706162,旺矽凱基63購02,504880,2.46,2.54,2.31,2.31
706163,東捷凱基63購01,20000,10.0,10.0,10.0,10.0
706166,德微凱基5A購01,0,,,,
706168,雙鴻凱基63購01,0,,,,
706170,良維群益5C購02,68160,1.77,1.96,1.77,1.91
706173,精測群益5B購01,0,,,,
706175,宜鼎國泰5A購02,0,,,,
706176,宜鼎國泰61購01,0,,,,
706177,旺矽國泰5A購02,0,,,,
706178,弘塑富邦63購01,608540,0.86,0.88,0.74,0.83
706179,均華富邦5B購01,119320,0.53,0.57,0.53,0.57
706180,均華統一63購04,281640,0.41,0.41,0.36,0.36
706181,良維統一63購03,59840,0.68,0.68,0.68,0.68
706182,旺矽統一63購05,25650,1.24,1.24,1.07,1.07
706183,茂迪統一63購01,0,,,,
706184,台特化元大63購03,238400,0.34,0.35,0.32,0.32
706185,均華元大5C購01,11200,0.28,0.28,0.28,0.28
706186,宏捷科元大5C購02,0,,,,
706198,精測元大5C購02,6000,0.12,0.12,0.12,0.12
706203,鑫聯元大63購01,0,,,,
706204,中美晶國票61購01,0,,,,
706206,均華國票5B購01,494070,0.5,0.51,0.4,0.41
706207,宜鼎國票65購01,675470,1.48,1.53,1.45,1.47
706208,旺矽國票5C購01,769990,3.0,3.0,2.68,2.68
706209,旺矽國票67購01,5047780,3.04,3.12,2.84,2.9
706210,德微國票65購01,0,,,,
706213,精測中信5B購01,0,,,,
706214,宜鼎永豐5B購01,348150,0.52,0.56,0.51,0.51
706215,旺矽永豐5C購01,91010,1.82,1.82,1.61,1.61
706216,東捷永豐61購01,0,,,,
706218,精測永豐5B購01,0,,,,
706219,精測永豐61購01,8430,0.13,0.13,0.11,0.11
706220,鑫科永豐5C購02,0,,,,
706223,弘塑元富5C購01,14900,1.49,1.49,1.49,1.49
706225,宏捷科元富5C購02,0,,,,
706239,中美晶兆豐63購01,24300,6.0,6.3,6.0,6.3
706240,元太兆豐63購01,459460,1.12,1.16,1.11,1.15
706241,環球晶兆豐5B購01,0,,,,
706245,M31凱基5B購01,505710,0.29,0.58,0.29,0.58
706246,台燿凱基61購01,33400,16.7,16.7,16.7,16.7
706248,弘塑凱基5A購02,0,,,,
706249,宏捷科凱基5C購01,620,0.48,0.48,0.14,0.14
706252,信驊凱基5B購02,0,,,,
706253,信驊凱基5C購01,0,,,,
706259,M31永豐5B購01,476560,0.55,0.8,0.55,0.8
706260,M31永豐5C購01,1322670,0.52,0.81,0.51,0.77
706261,大中永豐5B購01,0,,,,
706264,台燿永豐5B購01,0,,,,
706265,良維永豐5B購02,0,,,,
706269,M31元富5A購01,76340,0.25,0.45,0.23,0.45
706274,良維群益5C購03,0,,,,
706275,信驊群益5B購05,0,,,,
706276,聖暉*群益61購01,60280,1.96,1.96,1.94,1.94
706279,台燿國泰5A購01,0,,,,
706280,台燿國泰5A購02,0,,,,
706281,德微國泰5A購01,0,,,,
706282,M31統一63購03,236670,0.58,0.78,0.58,0.75
706283,M31富邦5B購01,1062120,0.28,0.5,0.27,0.5
706284,台特化富邦5C購01,0,,,,
706285,信驊富邦5C購01,0,,,,
706286,茂迪富邦5C購01,110060,0.07,0.09,0.07,0.09
706287,雙鴻富邦5C購03,482500,1.4,1.4,1.17,1.18
706288,M31國票5A購01,0,,,,
706292,宏觀國票5C購02,0,,,,
706293,沛亨國票5A購02,35200,0.88,0.88,0.88,0.88
706294,信驊國票5B購03,0,,,,
706297,環球晶國票5A購01,0,,,,
706298,鑫科國票5A購01,0,,,,
706313,雙鴻元大5C購04,62850,1.42,1.42,1.39,1.39
706316,台燿兆豐5B購01,0,,,,
706317,弘塑兆豐5B購01,0,,,,
706318,聖暉*兆豐5B購01,0,,,,
706319,印能凱基5B購01,64260,2.38,2.38,2.38,2.38
706322,亞泰凱基5A購01,2980,2.98,2.98,2.98,2.98
706324,聖暉*凱基5B購02,407790,2.07,2.07,2.07,2.07
706325,環球晶凱基5C購01,0,,,,
706327,穩得凱基5C購01,5900,0.59,0.59,0.59,0.59
706328,弘塑國票65購01,192400,1.8,1.8,1.6,1.77
706331,亞泰國票5A購01,33600,2.32,2.32,2.08,2.08
706332,華宏國票5A購01,16000,0.16,0.16,0.16,0.16
706336,茂迪元大5C購01,0,,,,
706339,雙鴻元大5C購05,494900,1.57,1.6,1.36,1.36
706340,穩得元大63購01,0,,,,
706341,鑫聯元大63購02,0,,,,
706342,雙鴻國泰61購01,0,,,,
706343,台燿富邦63購02,0,,,,
706344,德微富邦5C購01,16400,1.1,1.1,1.09,1.09
706345,世界統一63購01,3060,1.53,1.53,1.53,1.53
706346,台特化統一63購04,20000,0.2,0.2,0.2,0.2
706347,印能統一63購01,51600,0.8,0.8,0.78,0.78
706348,亞泰統一62購02,643380,1.78,1.85,1.78,1.79
706349,博智統一63購01,338720,1.15,1.24,1.15,1.24
706350,鈺太統一63購01,0,,,,
706351,弘塑永豐5C購03,73380,0.81,0.81,0.66,0.78
706354,雙鴻永豐61購02,73590,2.23,2.23,2.23,2.23
706355,雙鴻永豐64購01,651020,2.56,2.56,2.27,2.27
706371,良維凱基61購01,167830,1.3,1.36,1.3,1.36
706378,正淩永豐5B購01,1580,0.33,0.33,0.29,0.3
706379,東捷永豐5A購01,6100,6.1,6.1,6.1,6.1
706389,美琪瑪群益5A購01,5390,0.11,0.13,0.11,0.13
706390,湧德群益5B購01,38000,0.2,0.22,0.2,0.21
706392,雙鴻群益5B購04,0,,,,
706393,雙鴻群益5B購05,0,,,,
706394,宏觀國泰5A購02,0,,,,
706399,華義國票5A購02,2000,0.02,0.02,0.02,0.02
706401,頎邦國票5A購01,0,,,,
706402,聚和國票5A購02,0,,,,
706411,中美晶凱基5A購01,38980,2.14,3.1,2.14,3.1
706412,弘塑凱基5B購01,12600,0.35,0.35,0.35,0.35
706413,印能凱基5B購02,0,,,,
706414,湧德凱基5A購01,320,0.01,0.01,0.01,0.01
706415,閎康凱基5B購01,0,,,,
706418,精材國泰5A購01,0,,,,
706419,弘塑富邦61購01,65660,0.67,0.67,0.67,0.67
706420,宏捷科富邦5B購01,0,,,,
706421,宏捷科富邦5C購01,150,0.15,0.15,0.15,0.15
706422,家登富邦5B購01,0,,,,
706423,智通*富邦5B購02,0,,,,
706424,環球晶富邦5A購01,3200,3.2,3.2,3.2,3.2
706425,雙鴻富邦5C購04,0,,,,
706432,茂迪元大63購05,2000,0.15,0.16,0.15,0.16
706439,穩得元大5A購01,0,,,,
706441,弘塑群益5A購03,0,,,,
706442,印能群益5B購01,7480,1.52,1.52,1.46,1.46
706446,湧德群益5C購01,0,,,,
706448,環球晶群益5A購02,0,,,,
706449,穩得群益5A購01,0,,,,
706451,中美晶永豐5A購02,36490,1.05,1.35,1.05,1.35
706452,中美晶永豐5C購01,186410,0.92,1.2,0.91,1.2
706453,弘塑永豐63購02,137820,0.75,0.75,0.65,0.67
706455,系微永豐5C購01,40000,0.2,0.2,0.2,0.2
706456,博智永豐5C購01,134500,1.47,1.57,1.47,1.57
706457,華宏永豐5A購01,1020,0.02,0.02,0.02,0.02
706460,雙鴻永豐5B購02,3660,1.83,1.83,1.83,1.83
706461,鑫聯永豐61購01,0,,,,
706464,台燿元富63購01,0,,,,
706468,華宏元富5B購01,246500,0.19,0.23,0.18,0.23
706472,中美晶凱基61購01,199800,5.4,5.4,5.4,5.4
706474,沛亨凱基5B購01,0,,,,
706476,良維凱基5C購01,291420,1.65,1.71,1.61,1.65
706479,博智凱基61購01,514710,0.89,1.02,0.81,1.02
706480,湧德凱基5B購01,0,,,,
706481,閎康凱基5A購01,0,,,,
706484,臺慶科凱基5A購01,0,,,,
706485,雙鴻凱基5C購04,97850,2.32,2.35,1.99,1.99
706488,合晶國票5A購01,0,,,,
706489,均豪國票5A購01,0,,,,
706490,頎邦國票5A購02,0,,,,
706491,鑫聯國票5A購04,0,,,,
706492,廣明兆豐63購01,2030,0.22,0.23,0.22,0.23
706496,宜特群益63購01,4270,0.61,0.61,0.61,0.61
706497,博智群益69購01,18730,0.58,0.62,0.58,0.62
706498,閎康群益63購02,0,,,,
706500,中美晶國泰5A購01,0,,,,
706501,合晶國泰5A購01,0,,,,
706502,良維國泰5A購01,0,,,,
706503,世界富邦61購01,183060,1.19,1.22,1.19,1.2
706504,台特化富邦5A購01,500,0.01,0.01,0.01,0.01
706505,台燿富邦63購03,0,,,,
706507,中美晶元大5C購02,371490,2.46,2.82,2.36,2.82
706508,中美晶元大63購01,0,,,,
706509,台特化元大5A購03,0,,,,
706513,博智元大63購01,221520,0.85,0.95,0.85,0.95
706517,萬泰科元大5C購01,0,,,,
706524,雙鴻中信63購02,297380,0.75,0.77,0.67,0.67
706528,勤凱永豐5C購02,12980,0.92,0.93,0.92,0.93
706532,系微國票5A購01,0,,,,
706534,前鼎國票61購02,0,,,,
706535,閎康國票5A購03,2100,0.07,0.07,0.07,0.07
706536,順達國票5A購02,0,,,,
706538,鈺太國票5A購01,0,,,,
706545,閎康凱基61購01,0,,,,
706548,雙鴻凱基5A購03,0,,,,
706549,穩得凱基63購01,0,,,,
706550,鑫聯凱基61購01,36600,0.52,0.53,0.52,0.52
706553,台燿永豐64購01,0,,,,
706555,系微永豐5A購01,0,,,,
706557,聖暉*永豐5B購01,0,,,,
706558,聚和永豐5B購01,870,0.29,0.29,0.29,0.29
706560,台燿國泰5A購03,0,,,,
706561,宜特國泰5A購01,0,,,,
706562,鑫聯國泰5A購02,0,,,,
706563,台燿富邦73購01,0,,,,
706564,良維富邦5C購01,132640,0.54,0.58,0.54,0.58
706565,博智富邦61購01,70500,0.6,0.63,0.6,0.63
706566,順達富邦5C購01,730940,0.87,1.01,0.85,0.93
706567,精測富邦5B購01,510490,0.13,0.14,0.09,0.1
706569,中美晶群益5B購01,35600,3.56,3.56,3.56,3.56
706572,良維群益61購01,56180,1.44,1.51,1.44,1.5
706573,博智群益63購01,349200,2.18,2.25,2.06,2.25
706574,閎康群益5B購02,0,,,,
706575,閎康群益5B購03,0,,,,
706576,順達群益5C購01,384070,1.54,1.77,1.52,1.65
706579,精測群益63購01,810640,0.53,0.55,0.46,0.46
706588,博智元大63購02,45560,0.63,0.7,0.63,0.7
706590,萬泰科元大5C購02,15750,1.04,1.07,1.04,1.07
706594,精測元大5C購03,600,0.15,0.15,0.15,0.15
706596,中美晶凱基5B購01,147140,3.34,4.38,3.34,4.38
706601,系微凱基5A購01,0,,,,
706605,華電網凱基5B購01,0,,,,
706606,華電網凱基61購01,0,,,,
706607,閎康凱基5A購02,0,,,,
706608,順達凱基5A購01,0,,,,
706611,元太國票5A購03,0,,,,
706612,弘塑國票5C購01,30490,0.37,0.38,0.33,0.38
706613,弘塑國票63購01,125070,0.95,0.99,0.92,0.92
706615,宏觀國票5A購02,0,,,,
706616,系微國票5A購02,0,,,,
706617,美琪瑪國票5A購01,460,0.23,0.23,0.23,0.23
706618,神盾國票5A購01,0,,,,
706622,鈊象國票5A購02,0,,,,
706623,萬泰科國票5A購03,186700,0.74,0.74,0.73,0.74
706624,穩得國票5A購01,0,,,,
706625,譜瑞國票5A購01,0,,,,
706647,弘塑群益5B購02,220,0.22,0.22,0.22,0.22
706653,弘塑國泰5A購03,0,,,,
706654,弘塑國泰5A購04,0,,,,
706655,系微國泰5A購01,0,,,,
706656,佶優國泰5A購01,0,,,,
706657,順達國泰5A購01,0,,,,
706658,中美晶富邦63購01,0,,,,
706659,弘塑富邦61購02,121580,0.53,0.53,0.42,0.49
706660,均豪富邦61購01,78560,0.49,0.49,0.45,0.45
706661,宏觀富邦5B購01,0,,,,
706662,沛亨富邦61購01,371840,0.86,0.88,0.84,0.86
706663,華電網富邦5C購01,620,0.02,0.04,0.02,0.04
706664,系微永豐5C購02,0,,,,
706666,華電網永豐5A購01,0,,,,
706667,閎康永豐5B購01,0,,,,
706673,弘塑元富5C購02,30790,0.62,0.69,0.62,0.69
706674,華義元富5A購01,0,,,,
706676,台特化兆豐5B購02,0,,,,
706677,順達兆豐5B購02,0,,,,
706678,雙鴻兆豐5B購03,0,,,,
706683,家登國泰5A購01,0,,,,
706684,閎康國泰5A購01,0,,,,
706685,元太富邦5B購01,0,,,,
706686,頎邦富邦5B購01,0,,,,
706687,台特化凱基63購01,10400,0.52,0.52,0.52,0.52
706691,美琪瑪凱基5A購01,4300,0.43,0.43,0.43,0.43
706693,家登凱基5C購02,0,,,,
706695,立碁永豐5A購01,11200,1.18,1.18,1.06,1.06
706696,立碁永豐5B購01,0,,,,
706698,穩得永豐61購01,52800,0.4,0.4,0.4,0.4
706703,鈊象中信5C購01,0,,,,
706705,立碁國票5A購01,0,,,,
706708,閎康國票61購01,0,,,,
706710,良維統一62購02,1125730,0.81,0.91,0.81,0.88
706711,宜特統一62購02,50840,0.41,0.41,0.41,0.41
706712,信紘科統一63購02,0,,,,
706713,前鼎統一63購01,44810,2.13,2.21,2.13,2.21
706714,閎康統一63購01,3770,0.32,0.32,0.23,0.23
706715,萬泰科統一62購02,8600,0.86,0.86,0.86,0.86
706727,宜特元大5C購01,0,,,,
706732,閎康元大5A購01,0,,,,
706733,閎康元大63購03,0,,,,
706743,前鼎凱基61購01,0,,,,
706745,聖暉*凱基5A購01,0,,,,
706748,聚和凱基5A購02,2700,0.27,0.27,0.27,0.27
706749,雙鴻凱基61購01,0,,,,
706751,聖暉*兆豐5B購02,374840,0.72,0.76,0.72,0.76
706752,久元國票5A購01,0,,,,
706754,世紀*國票5A購02,7200,3.3,3.9,3.3,3.9
706755,矽科國票5A購01,0,,,,
706756,矽科國票5A購02,0,,,,
706759,捷創國票5A購01,2000,0.06,0.07,0.06,0.07
706760,順達國票5B購01,49880,0.75,0.78,0.73,0.73
706761,聖暉*國票5A購04,309400,0.35,0.35,0.35,0.35
706782,印能國泰5A購02,0,,,,
706783,前鼎國泰5A購02,0,,,,
706784,聖暉*國泰5A購01,28050,0.89,0.98,0.89,0.98
706785,聖暉*國泰5A購02,0,,,,
706787,台特化群益5A購02,0,,,,
706789,前鼎群益5B購01,0,,,,
706790,順達群益5B購02,228950,1.01,1.16,1.01,1.13
706791,萬泰科群益5A購01,0,,,,
706793,元太富邦5B購02,44400,0.3,0.3,0.3,0.3
706794,宜特富邦5B購01,0,,,,
706795,前鼎富邦5B購01,0,,,,
706796,鈊象富邦5B購02,50060,1.01,1.06,1.01,1.06
706797,頎邦富邦5C購01,0,,,,
706798,雙鴻富邦5B購01,0,,,,
706799,立碁統一63購01,171710,0.82,0.84,0.8,0.82
706800,立碁統一66購01,83250,0.74,0.76,0.73,0.75
706801,順達統一63購02,16460,0.75,0.75,0.73,0.73
706802,順達統一66購01,10940,0.69,0.69,0.68,0.68
706803,聖暉*統一65購01,256800,0.73,0.75,0.73,0.74
706804,雙鴻統一66購01,0,,,,
706807,矽科永豐5B購01,0,,,,
706808,聖暉*永豐5B購02,0,,,,
706809,頎邦永豐5A購01,0,,,,
706825,前鼎凱基5B購01,0,,,,
706826,順達凱基5B購02,176630,0.45,0.48,0.45,0.45
706829,元債20元大5B購02,0,,,,
706830,元債20元大62購01,0,,,,
706831,元債20元大65購01,0,,,,
706841,華電網元大5C購01,4320,0.09,0.09,0.09,0.09
706843,鈊象元大5C購04,601890,0.58,0.6,0.58,0.59
706844,鈊象元大63購04,51000,0.39,0.4,0.39,0.39
706845,萬泰科元大63購01,25040,0.92,0.94,0.92,0.94
706849,台燿永豐5B購02,0,,,,
706850,東捷永豐5C購01,0,,,,
706851,前鼎永豐5B購02,0,,,,
706852,鈊象永豐5B購01,99840,0.37,0.4,0.37,0.39
706853,東捷國泰5A購02,0,,,,
706856,宜特元富5C購01,0,,,,
706857,匯鑽科元富5A購01,5250,0.18,0.19,0.18,0.19
706859,漢科元富5A購01,910,0.41,0.5,0.41,0.5
706860,廣運元富5C購01,0,,,,
706863,中美晶群益62購01,55190,2.77,3.33,2.77,3.33
706865,東捷群益62購01,28100,9.0,9.6,9.0,9.6
706866,東捷群益63購02,0,,,,
706868,順達群益5A購02,1150,0.23,0.23,0.23,0.23
706871,鈊象群益5B購01,18200,0.15,0.16,0.15,0.16
706872,聖暉*群益5C購01,283480,1.14,1.2,1.14,1.2
706875,鑫科群益5B購01,0,,,,
706876,久元國票5A購02,0,,,,
706877,美琪瑪國票5A購02,0,,,,
706878,神盾國票62購01,29440,0.3,0.42,0.3,0.42
706879,鈊象國票5A購03,0,,,,
706880,頎邦國票5A購03,0,,,,
706887,東捷元大5C購01,0,,,,
706892,鈊象元大63購05,665860,1.44,1.5,1.44,1.48
706894,頎邦元大63購05,0,,,,
706895,均豪國泰5B購01,11100,1.11,1.11,1.11,1.11
706896,宏觀富邦5B購02,0,,,,
706898,元債20凱基5B購01,0,,,,
706900,鈊象凱基5B購01,75800,0.51,0.55,0.51,0.55
706901,聖暉*凱基5B購03,0,,,,
706903,台燿國票5B購02,0,,,,
706905,宣德國票5B購01,600,0.01,0.15,0.01,0.15
706907,雙鴻國票5B購02,0,,,,
706910,元太元富63購01,26350,1.55,1.55,1.55,1.55
706914,鈊象中信63購01,10000,0.2,0.2,0.2,0.2
706915,中光電永豐5B購01,0,,,,
706916,元太永豐5B購01,28800,0.45,0.45,0.45,0.45
706919,雙鴻永豐5C購02,0,,,,
706921,協易機永豐5C購01,0,,,,
706922,宜特永豐5C購02,0,,,,
706923,信音永豐5C購01,0,,,,
706924,勤凱永豐61購01,97600,0.61,0.61,0.61,0.61
706925,匯鑽科永豐61購01,14030,0.61,0.61,0.61,0.61
706927,廣閎科永豐5C購01,0,,,,
706928,台燿凱基5B購03,0,,,,
706934,千附國票5B購01,0,,,,
706935,千附精國票5B購01,0,,,,
706936,盈正國票5B購01,0,,,,
706938,廣閎科國票5B購01,0,,,,
706939,久元國泰5B購01,0,,,,
706940,華電網國泰5B購01,0,,,,
706941,精材國泰5B購01,0,,,,
706942,久元富邦5C購01,0,,,,
706946,台燿元大64購01,0,,,,
706948,印能元大64購01,30170,1.89,1.96,1.83,1.83
706949,良維元大61購01,364430,3.0,3.15,3.0,3.15
706952,順達元大64購01,0,,,,
706953,鈊象元大64購02,235830,0.8,0.81,0.8,0.81
706962,亞電群益5C購01,0,,,,
706963,匯鑽科群益5C購01,9720,0.56,0.66,0.56,0.66
706965,千附凱基5B購01,0,,,,
706966,千附精凱基5B購01,0,,,,
706967,世紀*凱基5A購01,59180,2.13,2.5,2.13,2.5
706968,印能凱基64購01,244160,1.35,1.45,1.26,1.3
706969,神盾凱基63購01,0,,,,
706970,鈊象凱基64購01,0,,,,
706971,雙鴻凱基5A購05,0,,,,
706972,印能國票5A購03,0,,,,
706973,宏碩國票5C購01,0,,,,
706975,高僑國票61購01,21680,1.1,1.22,1.1,1.22
706976,新門國票61購01,0,,,,
706977,耀勝國票61購01,0,,,,
706978,印能國泰5B購01,0,,,,
706979,穩得國泰5B購01,0,,,,
706980,神盾統一64購01,219510,0.41,0.43,0.41,0.43
706981,神盾統一64購02,93100,0.4,0.41,0.39,0.41
706982,印能永豐64購01,0,,,,
706983,宏觀永豐5C購01,0,,,,
706984,亞電永豐61購01,0,,,,
706985,原相永豐5B購02,14190,0.43,0.43,0.43,0.43
706986,神盾永豐5C購02,47470,0.31,0.37,0.31,0.37
706987,創泓永豐5C購01,114060,0.84,1.14,0.84,1.14
706988,撼訊永豐5C購01,1028920,1.46,1.61,1.46,1.61
706989,元太元大5A購01,0,,,,
706990,天品元大5A購01,0,,,,
706991,世紀*元大5A購01,0,,,,
706994,宏捷科元大5A購01,0,,,,
706995,匯鑽科元大5A購03,0,,,,
706996,精材元大5A購03,0,,,,
706997,加百裕群益5A購01,0,,,,
706998,印能群益5A購02,0,,,,
706999,均豪群益62購01,18950,0.55,0.55,0.52,0.52
707000,高僑群益5B購01,2530,1.25,1.28,1.25,1.28
707001,常珵群益5A購01,0,,,,
707002,鈊象群益5A購01,0,,,,
707003,群翊群益5B購01,32850,1.68,1.68,1.57,1.57
707004,雙鴻群益5A購05,0,,,,
707006,台嘉碩元大5A購01,0,,,,
707007,印能元大5A購02,0,,,,
707008,印能元大5A購03,0,,,,
707009,印能元大5A購05,0,,,,
707010,印能元大5A購06,0,,,,
707011,印能元大5B購01,11100,0.93,0.93,0.82,0.82
707012,印能元大5C購02,14420,0.67,0.67,0.65,0.65
707013,印能元大61購01,0,,,,
707014,印能元大64購02,54550,0.51,0.55,0.5,0.5
707015,均豪元大5A購01,0,,,,
707016,宏捷科元大5A購02,0,,,,
707017,宏捷科元大5C購03,0,,,,
707018,系微元大5A購01,0,,,,
707019,宜特元大5A購01,0,,,,
707020,信立元大5A購01,0,,,,
707022,美琪瑪元大5A購01,540,0.54,0.54,0.54,0.54
707024,廣閎科元大5A購01,0,,,,
707025,雙鴻元大61購11,0,,,,
707026,久昌凱基5A購01,0,,,,
707027,台燿凱基5B購04,0,,,,
707028,印能凱基5A購03,100,0.01,0.01,0.01,0.01
707029,宏觀凱基5B購02,0,,,,
707030,系微凱基5A購02,0,,,,
707031,協易機凱基5A購01,0,,,,
707033,前鼎凱基5A購03,0,,,,
707035,陽程凱基5A購01,0,,,,
707036,陽程凱基5A購02,0,,,,
707037,廣閎科凱基5B購01,66560,4.1,4.26,4.1,4.26
707038,衛司特凱基5A購01,64030,0.36,0.36,0.33,0.34
707039,久昌國票5B購01,0,,,,
707040,千如國票5B購01,35430,0.88,0.88,0.83,0.83
707041,台嘉碩國票5A購01,4800,0.24,0.24,0.24,0.24
707042,印能國票5B購01,1040,0.38,0.38,0.28,0.28
707043,沛亨國票5B購01,0,,,,
707044,威聯通國票5B購01,0,,,,
707045,茂綸國票5B購01,0,,,,
707046,博盛國票5B購01,10300,1.03,1.03,1.03,1.03
707047,衛司特國票5B購01,0,,,,
707048,雙鴻中信64購01,43400,1.45,1.45,1.35,1.35
707049,久昌永豐5A購01,0,,,,
707050,印能永豐5A購02,100,0.01,0.01,0.01,0.01
707051,印能永豐61購01,38940,0.91,1.0,0.86,0.86
707052,同致永豐5C購01,54890,0.1,0.11,0.1,0.11
707053,同致永豐61購01,0,,,,
707054,安葆永豐5B購01,15570,1.49,1.6,1.49,1.6
707055,宏碩永豐61購01,0,,,,
707056,宜特永豐5B購01,0,,,,
707057,威聯通永豐5A購01,0,,,,
707058,晟德永豐5B購01,0,,,,
707060,智通*永豐5C購01,12500,1.25,1.25,1.25,1.25
707061,鈺太永豐5C購01,0,,,,
707062,磐亞永豐5B購01,0,,,,
707063,台嘉碩國泰5B購01,13350,2.67,2.67,2.67,2.67
707064,金山電國泰5B購01,0,,,,
707065,群翊國泰5B購01,0,,,,
707066,元太富邦5C購01,181480,0.55,0.59,0.55,0.56
707067,雙鴻富邦5C購05,0,,,,
707068,雙鴻富邦5C購06,0,,,,
707069,台燿統一67購01,0,,,,
707070,台燿統一74購01,14500,2.9,2.9,2.9,2.9
707071,立碁統一67購01,57950,0.95,0.95,0.95,0.95
707072,立碁統一74購01,37400,0.94,0.94,0.93,0.93
707073,印能統一63購02,172780,0.54,0.56,0.5,0.5
707074,印能統一74購01,22800,1.38,1.38,1.3,1.3
707075,沛亨統一74購01,97650,0.83,0.85,0.83,0.85
707076,系統電統一67購01,1082150,0.55,0.61,0.55,0.57
707077,東捷統一63購01,3180,3.18,3.18,3.18,3.18
707078,能率統一67購01,0,,,,
707079,華電網統一64購01,0,,,,
707080,華電網統一74購01,0,,,,
707082,順達統一63購03,221040,0.59,0.69,0.59,0.65
707083,頎邦統一63購01,992280,4.84,4.9,4.84,4.84
707084,頎邦統一64購01,0,,,,
707085,頎邦統一66購01,0,,,,
707086,廣閎科統一64購01,0,,,,
707087,廣閎科統一74購01,32500,1.3,1.3,1.3,1.3
707088,德微統一67購01,0,,,,
707089,雙鴻統一62購05,0,,,,
707090,雙鴻統一66購02,0,,,,
707091,久元群益5A購01,0,,,,
707092,千附群益5A購01,0,,,,
707093,友輝群益5A購01,0,,,,
707094,正淩群益5A購01,11000,0.22,0.22,0.22,0.22
707095,同致群益5A購01,0,,,,
707096,岳豐群益5A購01,0,,,,
707097,茂綸群益5A購01,0,,,,
707098,倚強群益5A購01,0,,,,
707100,聚和群益5A購01,0,,,,
707102,寶雅群益5A購01,0,,,,
707103,中光電兆豐64購01,71100,1.0,1.01,1.0,1.0
707106,矽科群益5A購01,0,,,,
707107,矽科群益5A購02,0,,,,
707108,群翊群益5C購01,70910,0.62,0.67,0.62,0.67
707110,頎邦群益5B購01,0,,,,
707112,九豪凱基5A購02,0,,,,
707113,元太凱基5A購01,0,,,,
707115,矽科凱基5A購01,0,,,,
707116,茂綸凱基5A購01,0,,,,
707117,頎邦凱基64購01,0,,,,
707118,廣閎科凱基5A購01,0,,,,
707119,雙鴻凱基5C購05,0,,,,
707120,友輝國票5A購01,0,,,,
707121,正淩國票5B購02,8440,0.27,0.3,0.27,0.29
707122,矽科國票5B購01,450,0.03,0.03,0.03,0.03
707123,耕興國票5B購01,0,,,,
707124,翔名國票5B購01,1500,0.75,0.75,0.75,0.75
707125,群翊國票5B購01,0,,,,
707126,頎邦國票5B購01,9300,9.3,9.3,9.3,9.3
707127,磐亞國票5B購01,0,,,,
707128,元太國泰5B購01,7800,0.52,0.52,0.52,0.52
707129,宜特富邦5C購01,80650,0.49,0.49,0.46,0.46
707130,頎邦富邦61購01,0,,,,
707131,精材富邦5A購01,0,,,,
707132,聚和富邦5A購01,0,,,,
707133,正淩統一63購01,736390,0.6,0.7,0.6,0.69
707134,同致統一64購01,22820,0.21,0.21,0.2,0.2
707135,同致統一74購01,20850,0.37,0.38,0.37,0.38
707136,協易機統一66購01,20130,0.33,0.33,0.33,0.33
707137,翔名統一74購01,14940,0.83,0.83,0.83,0.83
707138,陽程統一64購02,72160,3.56,3.56,3.42,3.44
707139,陽程統一74購01,0,,,,
707140,萬泰科統一74購01,119500,0.79,0.81,0.79,0.81
707141,群翊統一63購01,105500,0.55,0.59,0.55,0.55
707142,群翊統一74購01,46400,0.48,0.49,0.48,0.49
707143,頎邦統一64購02,0,,,,
707144,頎邦統一67購01,0,,,,
707146,均豪永豐5A購01,0,,,,
707147,宏捷科永豐5C購01,14800,0.35,0.36,0.35,0.35
707149,美琪瑪永豐5B購01,410,0.41,0.41,0.41,0.41
707150,茂訊永豐5B購01,36670,1.93,1.93,1.93,1.93
707151,茂綸永豐5A購01,0,,,,
707152,湧德永豐5B購01,0,,,,
707153,陽程永豐5C購01,0,,,,
707154,群翊永豐5A購01,0,,,,
707155,衛司特永豐5A購01,0,,,,
707156,璟德永豐5A購01,0,,,,
707157,環球晶永豐5A購01,0,,,,
707158,雙鴻永豐5C購03,0,,,,
707159,九豪元大5A購01,0,,,,
707161,台燿元大61購04,0,,,,
707163,前鼎元大5A購02,0,,,,
707164,翔名元大5A購01,0,,,,
707166,頎邦元大5A購02,0,,,,
707167,雙鴻元大61購12,0,,,,
707168,鑫聯元大5A購01,0,,,,
707169,台燿凱基61購02,28750,5.75,5.75,5.75,5.75
707170,同致凱基5A購01,0,,,,
707171,捷創凱基5A購01,0,,,,
707172,翔名凱基5A購01,0,,,,
707173,華景電凱基5A購01,0,,,,
707174,華景電凱基5A購02,0,,,,
707175,鈊象凱基64購02,311610,1.34,1.38,1.34,1.35
707176,群翊凱基5C購01,96610,0.46,0.51,0.41,0.43
707177,頎邦凱基5A購02,0,,,,
707178,世界群益5C購01,0,,,,
707179,台半群益5A購01,100000,5.0,5.0,5.0,5.0
707180,台燿群益5A購03,0,,,,
707181,台燿群益5B購02,0,,,,
707182,捷創群益5B購01,0,,,,
707183,華景電群益5A購01,0,,,,
707184,陽程群益5A購01,0,,,,
707185,勤凱群益5B購01,0,,,,
707186,元債20國票5B購01,0,,,,
707187,台燿國票5B購03,0,,,,
707188,安葆國票5B購01,780,0.78,0.78,0.78,0.78
707189,華景電國票5B購01,7000,0.07,0.07,0.07,0.07
707191,廣閎科國票5B購02,0,,,,
707192,鈺太國泰5B購01,0,,,,
707193,雙鴻國泰67購01,0,,,,
707194,久元統一64購01,0,,,,
707195,湧德統一74購01,0,,,,
707196,華景電統一64購01,23900,0.4,0.4,0.39,0.39
707197,華景電統一64購02,0,,,,
707198,華景電統一65購01,2600,0.52,0.52,0.52,0.52
707199,華景電統一68購01,0,,,,
707200,華景電統一74購01,5000,0.5,0.5,0.5,0.5
707201,陽程統一65購01,0,,,,
707202,陽程統一68購01,6390,3.17,3.22,3.17,3.22
707203,群翊統一64購01,2160,0.56,0.56,0.52,0.52
707204,群翊統一74購02,30780,0.65,0.66,0.65,0.66
707205,頎邦統一64購03,0,,,,
707206,大中元大5A購01,0,,,,
707208,台燿元大61購05,0,,,,
707209,台燿元大64購04,0,,,,
707210,宏觀元大64購01,1650,0.11,0.11,0.11,0.11
707211,系微元大5A購02,0,,,,
707213,良維元大5B購01,0,,,,
707214,東捷元大5A購01,0,,,,
707215,信紘科元大5A購01,15500,0.31,0.31,0.31,0.31
707216,華景電元大5A購01,0,,,,
707217,華景電元大5A購02,0,,,,
707218,順達元大5A購07,0,,,,
707219,順達元大5A購08,0,,,,
707220,群翊元大5A購01,0,,,,
707221,雙鴻元大64購02,0,,,,
707222,世界永豐61購01,324240,2.22,2.34,2.22,2.34
707223,台半永豐5B購01,0,,,,
707224,台燿永豐5A購03,0,,,,
707225,台燿永豐61購02,1303100,7.85,7.85,7.85,7.85
707226,矽科永豐5B購02,0,,,,
707227,華景電永豐5C購01,0,,,,
707228,華景電永豐61購01,37810,0.39,0.39,0.38,0.38
707229,順達永豐5B購02,40900,0.44,0.46,0.44,0.44
707230,頎邦永豐5C購01,0,,,,
707231,順達兆豐5C購01,266040,0.51,0.55,0.5,0.5
707232,安葆凱基5A購01,107910,1.09,1.09,1.09,1.09
707233,陽程凱基5A購03,0,,,,
707234,順達凱基5A購03,0,,,,
707235,新盛力凱基5A購01,4750,4.75,4.75,4.75,4.75
707236,新盛力凱基5A購02,22600,5.65,5.65,5.65,5.65
707237,頎邦凱基5B購01,5950,5.95,5.95,5.95,5.95
707238,廣閎科凱基5A購02,157890,1.97,2.02,1.8,1.8
707239,雙鴻凱基5A購06,11600,1.16,1.16,1.16,1.16
707240,久元元大61購01,5750,0.37,0.39,0.37,0.39
707242,家登元大5A購02,0,,,,
707243,湧德元大5A購02,0,,,,
707244,湧德元大5A購03,0,,,,
707245,順達元大64購02,0,,,,
707246,鈊象元大61購01,151940,1.42,1.42,1.42,1.42
707247,新盛力元大5A購01,0,,,,
707248,萬泰科元大5A購01,500,0.05,0.05,0.05,0.05
707249,台星科國票5B購01,0,,,,
707250,台燿國票5B購04,160000,8.0,8.0,8.0,8.0
707251,順達國票5B購02,222900,0.29,0.31,0.29,0.3
707252,新盛力國票5A購01,0,,,,
707253,新盛力國票5B購01,0,,,,
707255,宏捷科國泰5B購01,0,,,,
707256,宏捷科國泰5B購02,0,,,,
707257,台特化永豐5C購01,0,,,,
707258,東捷永豐64購01,0,,,,
707259,凌陽創永豐5A購01,60,0.02,0.02,0.02,0.02
707260,勤凱永豐5C購03,0,,,,
707261,新盛力永豐5B購01,0,,,,
707262,新盛力永豐5C購01,0,,,,
707263,萬泰科永豐64購01,48190,0.73,0.76,0.73,0.76
707264,台燿統一64購02,0,,,,
707265,宏捷科統一74購01,3740,0.34,0.34,0.34,0.34
707266,東捷統一64購02,123910,2.41,2.43,2.41,2.43
707267,東捷統一66購01,0,,,,
707268,華景電統一63購01,810,0.27,0.27,0.27,0.27
707269,勤凱統一74購01,0,,,,
707270,新盛力統一64購01,6400,1.6,1.6,1.6,1.6
707271,新盛力統一68購01,0,,,,
707272,新盛力統一74購01,6550,1.31,1.31,1.31,1.31
707273,新盛力統一74購02,290210,1.13,1.18,1.13,1.18
707274,群翊統一64購02,400,0.4,0.4,0.4,0.4
707275,鉅橡統一66購01,0,,,,
707276,頎邦統一74購01,1510,1.51,1.51,1.51,1.51
707277,廣閎科統一74購02,54910,1.06,1.07,0.99,1.0
707278,德微統一64購01,61850,1.24,1.24,1.23,1.23
707279,久元凱基61購01,0,,,,
707280,中美晶凱基5A購02,0,,,,
707281,台星科凱基5A購01,0,,,,
707282,台燿凱基5A購02,40650,5.65,6.4,5.65,6.4
707283,均豪凱基5B購01,0,,,,
707284,宏觀凱基64購01,13930,0.2,0.2,0.19,0.19
707285,旺矽凱基5A購04,0,,,,
707286,順達凱基64購01,118940,1.01,1.1,1.0,1.09
707287,廣閎科凱基5A購03,0,,,,
707288,鑫聯凱基5B購01,0,,,,
707289,台燿兆豐5C購01,3370,3.37,3.37,3.37,3.37
707290,均豪兆豐5C購01,0,,,,
707291,雙鴻兆豐5C購01,0,,,,
707292,台星科元大5A購01,0,,,,
707293,台星科元大5A購02,0,,,,
707294,台燿元大5A購05,0,,,,
707295,台燿元大5A購06,0,,,,
707296,台燿元大5A購07,3920,3.92,3.92,3.92,3.92
707297,台燿元大5A購08,0,,,,
707298,台燿元大5A購09,96030,2.09,3.07,2.09,2.29
707299,台燿元大61購06,61660,1.99,2.0,1.83,1.99
707300,旺矽元大5A購02,0,,,,
707301,旺矽元大61購01,0,,,,
707302,信驊元大5B購01,296800,4.24,4.24,4.24,4.24
707303,華景電元大5A購03,0,,,,
707304,陽程元大63購01,26940,4.34,4.52,4.34,4.52
707305,頎邦元大63購06,0,,,,
707306,台燿永豐5C購03,793920,4.22,4.62,4.22,4.36
707307,台燿永豐64購02,42900,3.79,3.99,3.79,3.97
707308,台燿永豐67購01,1547200,4.3,4.42,4.26,4.34
707309,巨漢永豐5C購01,0,,,,
707310,安葆永豐5C購01,13800,0.69,0.69,0.69,0.69
707311,均豪永豐5C購01,0,,,,
707312,良維永豐5C購01,108610,1.9,1.91,1.9,1.91
707313,旺矽永豐5A購03,0,,,,
707314,旺矽永豐61購03,1417330,1.15,1.19,1.01,1.04
707315,旺矽永豐64購02,556050,2.01,2.12,1.91,1.92
707316,長科*永豐5A購01,0,,,,
707317,信驊永豐5A購03,0,,,,
707318,前鼎永豐61購01,0,,,,
707319,翔名永豐5B購01,0,,,,
707320,翔名永豐5B購02,250,0.25,0.25,0.25,0.25
707321,鉅橡永豐5B購01,0,,,,
707322,廣閎科永豐5A購01,0,,,,
707323,均豪國泰61購01,140410,0.96,0.96,0.93,0.93
707324,精材國泰5B購02,40200,20.1,20.1,20.1,20.1
707325,台燿富邦5A購02,0,,,,
707326,台燿富邦64購01,114280,1.67,1.81,1.67,1.81
707327,旺矽富邦5C購01,65580,0.66,0.66,0.59,0.59
707328,旺矽富邦64購01,1118220,0.91,0.95,0.84,0.85
707329,群翊富邦62購01,549360,0.52,0.56,0.49,0.5
707330,台燿國票5B購05,191100,4.53,4.87,4.53,4.87
707331,台燿統一63購01,75620,2.43,2.47,2.37,2.47
707332,台燿統一64購03,16000,1.45,1.5,1.45,1.5
707333,台燿統一64購04,33810,2.37,2.37,2.2,2.24
707334,台燿統一66購02,148010,1.81,1.81,1.71,1.73
707335,台燿統一74購02,265870,1.5,1.58,1.5,1.55
707336,台燿統一74購03,350760,1.01,1.05,1.01,1.05
707337,巨漢統一63購02,9200,0.25,0.25,0.24,0.25
707338,巨漢統一74購01,1850,0.37,0.37,0.37,0.37
707339,均豪統一64購01,163690,0.41,0.41,0.4,0.4
707340,旺矽統一63購06,27400,0.94,0.94,0.86,0.86
707341,旺矽統一64購01,0,,,,
707342,東捷統一74購01,523060,1.02,1.06,1.01,1.01
707343,前鼎統一64購01,6470,1.63,1.63,1.58,1.58
707344,翔名統一74購02,15000,1.0,1.0,1.0,1.0
707345,華景電統一74購02,0,,,,
707346,順達統一64購01,130380,0.54,0.58,0.54,0.57
707347,勤凱統一74購02,0,,,,
707348,新盛力統一63購01,0,,,,
707349,新盛力統一64購02,0,,,,
707350,新盛力統一74購03,18500,1.85,1.85,1.85,1.85
707351,鉅橡統一64購02,0,,,,
707352,頎邦統一74購02,301290,1.77,1.77,1.56,1.56
707353,頎邦統一74購03,89040,1.59,1.59,1.59,1.59
707354,廣閎科統一64購02,1298900,1.47,1.47,1.33,1.33
707355,廣閎科統一67購01,58120,0.87,0.87,0.86,0.86
707356,廣閎科統一74購03,728340,1.52,1.52,1.41,1.41
707357,勤凱台新5A購01,0,,,,
707358,頎邦台新5A購01,0,,,,
707359,元太凱基5A購02,0,,,,
707360,宏捷科凱基5A購01,0,,,,
707361,宜特凱基61購01,0,,,,
707362,信紘科凱基5A購01,0,,,,
707363,威聯通凱基5A購01,0,,,,
707364,頎邦凱基63購01,18600,4.65,4.65,4.65,4.65
707365,精材凱基5A購02,0,,,,
707366,衛司特凱基5B購01,0,,,,
707367,璟德凱基5A購01,0,,,,
707368,鴻呈凱基5A購01,0,,,,
707369,鈊象中信5C購02,0,,,,
707370,立碁永豐5C購01,43700,1.1,1.1,1.07,1.07
707371,前鼎永豐61購02,46400,1.16,1.16,1.16,1.16
707372,群翊永豐5B購01,0,,,,
707373,聖暉*永豐5C購01,40320,1.26,1.26,1.26,1.26
707374,頎邦永豐61購01,242190,2.42,2.51,2.4,2.44
707375,環球晶永豐5C購01,0,,,,
707376,譜瑞永豐5C購01,192000,0.64,0.64,0.64,0.64
707377,天品國票5A購01,0,,,,
707378,泓格國票5A購01,0,,,,
707379,前鼎國票5B購02,0,,,,
707380,群翊國票5B購02,0,,,,
707381,頎邦國票5B購04,0,,,,
707382,廣閎科國票5B購03,433640,1.56,1.58,1.48,1.48
707383,衛司特國票5B購02,0,,,,
707384,中美晶群益5A購01,0,,,,
707385,立敦群益5A購01,0,,,,
707387,前鼎群益5A購01,0,,,,
707388,湧德群益5B購02,0,,,,
707389,順達群益5A購03,0,,,,
707390,群翊群益61購01,0,,,,
707392,頎邦群益5A購02,0,,,,
707393,頎邦群益5B購02,0,,,,
707394,廣閎科群益5B購01,2116040,3.12,3.12,2.61,2.61
707395,譜瑞群益5B購01,0,,,,
707396,千附精元大5A購01,0,,,,
707397,天品元大61購01,550450,0.51,0.54,0.51,0.53
707398,東捷元大5A購02,2050,2.05,2.05,2.05,2.05
707399,勤凱元大5A購03,0,,,,
707400,群翊元大5A購02,0,,,,
707401,頎邦元大5B購01,0,,,,
707402,頎邦元大5C購02,0,,,,
707403,廣閎科元大5A購02,0,,,,
707404,衛司特元大5A購01,0,,,,
707405,群翊國泰5B購02,10400,1.04,1.04,1.04,1.04
707406,久元統一64購02,0,,,,
707407,巨漢統一74購02,0,,,,
707408,安葆統一74購01,5700,0.95,0.95,0.95,0.95
707409,均豪統一63購02,9290,0.51,0.51,0.45,0.45
707410,均豪統一74購01,2490,0.53,0.53,0.49,0.49
707411,宜特統一74購01,0,,,,
707412,東捷統一63購02,0,,,,
707413,東捷統一74購02,109830,1.35,1.45,1.33,1.39
707414,前鼎統一74購01,435400,0.97,0.97,0.95,0.95
707415,宣德統一74購01,0,,,,
707416,順達統一64購02,38080,0.52,0.55,0.52,0.55
707417,萬泰科統一74購02,19290,0.74,0.75,0.74,0.75
707418,群翊統一74購03,7710,0.65,0.65,0.64,0.64
707419,鈺太統一74購01,0,,,,
707420,宏觀富邦5C購01,0,,,,
707421,頎邦富邦5C購02,0,,,,
707422,頎邦富邦61購02,0,,,,
707423,廣閎科富邦5B購01,315700,1.35,1.41,1.23,1.23
707424,環球晶兆豐5C購01,0,,,,
707425,譜瑞兆豐64購01,0,,,,
707426,千附精永豐5B購01,0,,,,
707427,大車隊永豐5B購01,0,,,,
707428,兆利永豐5A購01,0,,,,
707429,沛亨永豐61購01,12780,0.71,0.71,0.71,0.71
707430,宜特永豐61購01,0,,,,
707431,朋億*永豐5B購01,0,,,,
707433,華景電永豐5B購01,0,,,,
707434,陽程永豐5B購01,0,,,,
707435,萬泰科永豐5C購02,61780,0.59,0.6,0.59,0.6
707436,群翊永豐5C購01,0,,,,
707437,穩得永豐5C購01,0,,,,
707438,元太群益5A購01,0,,,,
707439,台星科群益61購01,645250,0.85,0.97,0.85,0.9
707440,立碁群益5A購01,0,,,,
707441,宜特群益5C購01,0,,,,
707442,湧德群益61購02,0,,,,
707443,勤凱群益5B購02,0,,,,
707444,新應材群益5A購02,0,,,,
707445,群翊群益64購01,10600,0.53,0.53,0.53,0.53
707447,巨漢國泰5B購01,0,,,,
707448,正淩國泰5B購01,1800,0.6,0.6,0.6,0.6
707449,立碁國泰5B購01,33180,2.25,2.31,2.12,2.17
707450,陽程國泰5B購01,0,,,,
707451,順達國泰5B購01,0,,,,
707452,穩得國泰5B購02,0,,,,
707453,千附統一64購01,35000,0.7,0.7,0.7,0.7
707454,千附精統一74購01,728750,0.85,0.86,0.84,0.84
707455,台星科統一74購01,110640,0.83,0.87,0.83,0.87
707456,巨漢統一64購01,7000,0.2,0.2,0.2,0.2
707457,巨漢統一67購01,1350,0.27,0.27,0.27,0.27
707458,正淩統一74購01,0,,,,
707459,立敦統一74購01,30020,0.79,0.79,0.79,0.79
707460,兆利統一64購02,0,,,,
707461,金山電統一74購01,0,,,,
707462,信昌電統一64購02,0,,,,
707463,美琪瑪統一63購01,9680,0.61,0.66,0.61,0.65
707464,美琪瑪統一64購02,24380,0.46,0.46,0.46,0.46
707465,湧德統一64購01,0,,,,
707466,湧德統一64購02,0,,,,
707467,陽程統一66購01,3220,3.22,3.22,3.22,3.22
707468,陽程統一74購02,0,,,,
707469,陽程統一74購03,0,,,,
707470,順達統一74購01,71300,0.58,0.62,0.58,0.61
707471,新應材統一67購01,0,,,,
707472,聖暉*統一63購01,436090,0.75,0.79,0.73,0.75
707473,鉅橡統一64購03,0,,,,
707474,蜜望實統一74購01,0,,,,
707475,天品凱基61購01,60060,0.77,0.77,0.77,0.77
707476,台星科凱基5A購02,0,,,,
707477,立敦凱基5A購02,0,,,,
707478,立碁凱基5A購01,0,,,,
707479,宜特凱基5A購01,0,,,,
707480,美琪瑪凱基5A購02,0,,,,
707481,湧德凱基5B購02,0,,,,
707482,順達凱基5C購01,110680,1.2,1.39,1.2,1.39
707483,勤凱凱基5A購01,0,,,,
707484,萬泰科凱基5A購01,300,0.03,0.03,0.03,0.03
707485,群翊凱基61購01,26400,0.33,0.33,0.33,0.33
707487,巨漢元大5A購01,0,,,,
707488,巨漢元大5A購02,0,,,,
707489,巨漢元大5A購03,0,,,,
707490,巨漢元大5A購04,0,,,,
707491,均豪元大5A購02,0,,,,
707492,均豪元大5C購01,25450,0.15,0.15,0.14,0.14
707493,宏觀元大61購01,200,0.2,0.2,0.2,0.2
707494,沛亨元大5A購01,0,,,,
707495,沛亨元大5A購02,0,,,,
707496,沛亨元大5A購03,0,,,,
707497,沛亨元大5A購04,1100,0.22,0.22,0.22,0.22
707498,矽科元大5A購01,0,,,,
707499,矽科元大61購01,0,,,,
707500,美琪瑪元大5A購02,1200,0.12,0.12,0.12,0.12
707503,華景電元大5A購04,900,0.06,0.06,0.06,0.06
707504,新應材元大5A購04,0,,,,
707505,新應材元大5A購05,0,,,,
707506,新應材元大5C購01,118650,0.35,0.35,0.3,0.3
707507,新應材元大61購04,0,,,,
707508,群翊元大5A購06,0,,,,
707509,巨漢國票5A購01,0,,,,
707510,巨漢國票5B購01,0,,,,
707511,沛亨國票5B購02,26280,0.37,0.38,0.37,0.37
707512,東捷國票5A購02,39950,3.67,3.67,3.25,3.25
707513,矽科國票5B購03,0,,,,
707514,萬泰科國票5B購01,0,,,,
707515,榮田國票5A購01,460,0.16,0.16,0.14,0.14
707516,久元富邦61購01,0,,,,
707517,宏捷科富邦5C購02,0,,,,
707518,宏捷科富邦61購01,0,,,,
707519,家登富邦5C購01,0,,,,
707520,湧德富邦5C購01,0,,,,
707521,新應材富邦61購02,0,,,,
707522,萬泰科富邦5B購01,87050,0.27,0.28,0.27,0.27
707523,雙鴻富邦5C購07,0,,,,
707524,雙鴻富邦5C購08,0,,,,
707525,譜瑞富邦5C購02,54100,0.61,0.61,0.59,0.6
707526,千附精凱基5A購01,0,,,,
707527,元太凱基61購01,320,0.32,0.32,0.32,0.32
707528,均豪凱基5A購01,0,,,,
707529,宏觀凱基61購01,0,,,,
707530,宜特凱基5A購02,0,,,,
707531,前鼎凱基5B購02,392540,2.0,2.02,1.83,1.85
707533,華景電凱基5A購03,0,,,,
707534,陽程凱基63購01,0,,,,
707535,新應材凱基61購02,0,,,,
707536,萬泰科凱基5B購01,18870,1.11,1.11,1.11,1.11
707537,新應材兆豐5C購01,3840,0.12,0.12,0.12,0.12
707538,弘塑國票5B購01,16040,0.04,0.04,0.04,0.04
707539,宜特國票5B購02,0,,,,
707541,前鼎國票5B購03,11400,1.14,1.14,1.14,1.14
707542,陽程國票5A購01,0,,,,
707543,新應材國票5A購04,0,,,,
707544,弘塑永豐5B購03,0,,,,
707545,弘塑永豐5C購04,0,,,,
707546,弘塑永豐61購02,88890,0.25,0.25,0.23,0.23
707547,弘塑永豐64購01,0,,,,
707548,新應材永豐5B購02,0,,,,
707549,新應材永豐5B購03,0,,,,
707550,新應材永豐64購01,0,,,,
707551,精材永豐5C購01,0,,,,
707552,台星科台新5A購01,0,,,,
707553,弘塑台新5A購01,0,,,,
707554,弘塑台新5A購02,0,,,,
707555,安葆台新5A購01,0,,,,
707556,前鼎台新5A購01,0,,,,
707557,威聯通台新5A購01,0,,,,
707558,新應材台新5A購01,0,,,,
707559,新應材台新5A購02,2000,0.02,0.02,0.02,0.02
707560,群翊台新5A購01,0,,,,
707561,群翊台新5A購02,0,,,,
707562,力致群益5B購01,0,,,,
707563,千附精群益5A購01,0,,,,
707564,弘塑群益5A購04,0,,,,
707565,弘塑群益5C購01,0,,,,
707566,萬泰科群益5A購02,0,,,,
707567,鑫聯群益5C購01,0,,,,
707568,弘塑國泰61購01,0,,,,
707569,弘塑國泰61購02,19480,0.27,0.27,0.23,0.23
707570,環球晶國泰5B購01,0,,,,
707571,環球晶國泰5B購02,0,,,,
707572,弘塑富邦5C購02,71700,0.14,0.14,0.11,0.13
707573,弘塑富邦64購01,53280,0.19,0.19,0.17,0.19
707574,前鼎富邦5C購01,0,,,,
707575,力致統一74購01,0,,,,
707576,中美晶統一64購01,37080,1.63,1.86,1.63,1.86
707577,元太統一64購01,78710,0.43,0.44,0.43,0.44
707578,元太統一74購01,61100,0.83,0.84,0.82,0.82
707579,弘塑統一62購02,300,0.15,0.15,0.15,0.15
707580,弘塑統一64購01,200750,0.21,0.21,0.18,0.21
707581,弘塑統一64購02,107870,0.17,0.17,0.15,0.17
707582,弘塑統一64購03,0,,,,
707583,立敦統一64購01,31660,0.71,0.72,0.71,0.72
707584,兆利統一74購01,0,,,,
707585,宜特統一63購01,0,,,,
707586,宜特統一64購01,0,,,,
707587,金山電統一63購01,31650,2.13,2.13,2.09,2.09
707588,金山電統一64購02,0,,,,
707589,前鼎統一63購02,5850,1.17,1.17,1.17,1.17
707590,美琪瑪統一74購01,0,,,,
707592,陽程統一64購03,0,,,,
707593,意德士統一62購01,28200,0.47,0.47,0.47,0.47
707594,意德士統一64購01,0,,,,
707595,意德士統一74購01,0,,,,
707596,臺慶科統一64購01,165510,0.88,0.88,0.87,0.87
707597,蜜望實統一63購02,0,,,,
707598,蜜望實統一64購01,0,,,,
707599,蜜望實統一74購02,14950,1.0,1.0,0.99,0.99
707600,環球晶統一63購03,112760,2.9,3.07,2.9,3.06
707601,弘塑元大5A購02,0,,,,
707602,弘塑元大61購01,0,,,,
707603,立碁元大5C購01,0,,,,
707604,宜特元大5A購02,0,,,,
707605,宜特元大5C購02,0,,,,
707606,前鼎元大5A購03,0,,,,
707608,前鼎元大5C購02,16520,2.36,2.36,2.36,2.36
707609,前鼎元大61購01,126510,1.44,1.44,1.41,1.41
707610,勤凱元大5A購04,0,,,,
707611,勤凱元大5A購05,0,,,,
707612,勤凱元大5A購06,0,,,,
707613,雙鴻元大5A購07,0,,,,
707614,雙鴻元大61購13,0,,,,
707615,穩得元大5A購02,0,,,,
707616,鑫聯元大5A購02,0,,,,
707617,九豪永豐5C購01,36260,0.65,0.65,0.47,0.47
707618,天品永豐5B購01,24960,0.48,0.48,0.48,0.48
707619,立敦永豐5A購01,0,,,,
707620,宜特永豐5B購02,0,,,,
707621,美琪瑪永豐5C購01,360,0.36,0.36,0.36,0.36
707622,鈊象永豐5C購01,34250,0.67,0.7,0.67,0.7
707623,精材永豐61購01,0,,,,
707624,蜜望實永豐5C購01,0,,,,
707625,環球晶永豐5C購02,0,,,,
707626,九豪凱基5A購03,0,,,,
707627,力致凱基5B購01,0,,,,
707628,宏捷科凱基5B購01,0,,,,
707629,長科*凱基5A購01,0,,,,
707631,群翊凱基5A購01,0,,,,
707632,精材凱基5A購03,0,,,,
707633,蜜望實凱基5A購01,0,,,,
707634,環球晶凱基5B購01,67500,8.1,9.0,8.1,9.0
707635,穩得凱基5A購01,0,,,,
707636,九豪台新5A購01,0,,,,
707637,九豪台新5A購02,0,,,,
707638,九豪台新5A購03,80,0.04,0.04,0.04,0.04
707639,中美晶台新5A購01,5050,5.05,5.05,5.05,5.05
707640,中美晶台新5B購01,0,,,,
707641,宜特台新5B購01,0,,,,
707642,宜特台新61購01,0,,,,
707643,茂迪台新5A購01,0,,,,
707644,博磊台新5A購01,39370,0.52,0.52,0.43,0.43
707645,博磊台新5A購02,28040,0.34,0.34,0.32,0.32
707646,博磊台新5A購03,14340,0.31,1.26,0.15,0.24
707647,環球晶台新5A購01,0,,,,
707648,環球晶台新5A購02,0,,,,
707649,譜瑞台新5A購01,0,,,,
707650,聖暉*兆豐5C購01,265700,0.71,0.72,0.71,0.72
707651,九豪元大5A購02,0,,,,
707652,九豪元大5A購03,0,,,,
707653,力致元大5A購01,0,,,,
707654,安葆元大5A購01,8750,0.25,0.25,0.25,0.25
707655,系統電元大5A購02,25490,0.51,0.68,0.51,0.68
707656,宜特元大5A購03,0,,,,
707657,宜特元大5B購01,0,,,,
707658,宜特元大5C購03,0,,,,
707659,宜特元大61購01,119000,0.29,0.3,0.29,0.3
707660,宜特元大63購02,5500,0.25,0.25,0.25,0.25
707661,朋億*元大5A購01,0,,,,
707664,博磊元大5A購02,0,,,,
707665,意德士元大5A購01,0,,,,
707666,新盛力元大5A購02,0,,,,
707667,鉅橡元大5A購01,0,,,,
707668,蜜望實元大5A購01,0,,,,
707669,蜜望實元大5A購02,0,,,,
707670,九豪群益5A購03,0,,,,
707671,元太群益5A購02,0,,,,
707672,美琪瑪群益5A購02,0,,,,
707673,蜜望實群益5A購01,0,,,,
707674,優群群益5A購01,0,,,,
707676,加高國票5B購01,62990,0.47,0.47,0.43,0.43
707677,艾訊國票5B購01,11180,1.06,1.06,1.0,1.0
707678,均豪國票5A購02,0,,,,
707679,宜特國票5B購03,0,,,,
707680,博磊國票5B購01,0,,,,
707681,漢達國票5B購01,0,,,,
707682,蜜望實國票5A購02,0,,,,
707683,九豪富邦5C購01,679790,0.39,0.4,0.37,0.39
707684,宜特富邦61購01,0,,,,
707685,九豪統一64購01,27440,0.68,0.76,0.68,0.76
707686,九豪統一64購02,835090,0.45,0.45,0.43,0.43
707687,九豪統一74購01,39060,0.62,0.62,0.62,0.62
707688,千附統一74購01,0,,,,
707689,千附精統一74購02,819380,1.15,1.17,1.14,1.17
707690,台星科統一74購02,26500,0.53,0.53,0.53,0.53
707691,兆利統一74購02,0,,,,
707692,兆利統一74購03,0,,,,
707693,宏觀統一74購01,0,,,,
707694,系統電統一64購02,96900,0.52,0.54,0.52,0.54
707695,宜特統一64購02,0,,,,
707696,宜特統一65購02,0,,,,
707697,宜特統一74購02,0,,,,
707698,茂迪統一67購02,10800,0.36,0.36,0.36,0.36
707699,意德士統一65購01,0,,,,
707700,意德士統一74購02,0,,,,
707701,萬泰科統一74購03,15000,0.75,0.75,0.75,0.75
707702,臺慶科統一66購01,15200,0.76,0.76,0.76,0.76
707703,優群統一66購01,0,,,,
707704,環球晶統一64購03,2630,2.63,2.63,2.63,2.63
707705,環球晶統一74購01,67930,1.93,2.15,1.93,2.15
707706,力致台新5A購01,0,,,,
707707,力致台新5A購02,0,,,,
707708,久元台新5A購01,1600,0.02,0.02,0.02,0.02
707709,美琪瑪台新5A購01,28000,0.14,0.14,0.14,0.14
707710,千附精國票5B購02,4900,0.49,0.49,0.49,0.49
707711,千附精國票5B購03,0,,,,
707712,方土昶國票5B購01,0,,,,
707713,立碁國票5B購01,10450,0.95,0.95,0.95,0.95
707714,邑昇國票5B購01,3430,0.06,0.07,0.06,0.07
707715,欣銓國票5B購02,84090,1.11,1.11,1.06,1.06
707716,信紘科國票5A購01,0,,,,
707717,信紘科國票5B購01,0,,,,
707718,家登國票5A購01,113500,1.43,1.43,1.4,1.4
707719,能率亞國票5B購01,18600,0.9,0.96,0.9,0.96
707720,華容國票5B購01,0,,,,
707721,群聯國票5B購01,759020,1.33,1.45,1.3,1.3
707722,蜜望實國票5B購01,261790,0.97,0.97,0.93,0.94
707724,千附精元大5A購02,0,,,,
707725,千附精元大5A購03,0,,,,
707726,千附精元大5A購04,0,,,,
707727,千附精元大5A購05,0,,,,
707728,千附精元大5A購06,0,,,,
707729,欣銓元大5A購02,0,,,,
707730,欣銓元大63購03,93310,2.38,2.41,2.35,2.41
707731,美琪瑪元大5A購03,750,0.05,0.05,0.05,0.05
707732,華容元大5A購01,0,,,,
707733,群翊元大5A購07,120,0.12,0.12,0.12,0.12
707734,群聯元大5A購01,17600,0.86,0.9,0.86,0.9
707735,群聯元大5A購02,149990,0.5,0.58,0.48,0.49
707736,鈺太元大61購01,0,,,,
707738,蜜望實元大5A購04,0,,,,
707739,蜜望實元大5A購05,0,,,,
707740,千附精凱基5A購02,0,,,,
707741,方土昶凱基5A購01,0,,,,
707742,欣銓凱基5A購01,1420,1.42,1.42,1.42,1.42
707743,欣銓凱基5A購02,0,,,,
707744,信紘科凱基5A購02,0,,,,
707746,萬泰科凱基5A購02,8800,8.8,8.8,8.8,8.8
707747,群聯凱基5A購01,11270,0.74,1.17,0.74,1.17
707748,群聯凱基5A購02,58400,1.46,1.46,1.46,1.46
707749,蜜望實凱基5A購02,0,,,,
707750,千附精永豐5C購01,0,,,,
707751,方土昶永豐5A購01,0,,,,
707752,世禾永豐5B購01,6200,0.09,0.09,0.08,0.08
707753,立碁永豐61購01,14700,0.49,0.49,0.49,0.49
707754,欣銓永豐5A購01,0,,,,
707755,欣銓永豐5C購01,367570,1.56,1.58,1.55,1.55
707756,新盛力永豐5A購01,0,,,,
707757,群聯永豐61購01,1618410,0.8,0.86,0.8,0.8
707758,群聯永豐64購01,1190260,1.05,1.09,1.02,1.03
707759,蜜望實永豐61購01,820,0.82,0.82,0.82,0.82
707760,信昌電國泰5B購01,0,,,,
707761,信紘科國泰5B購01,0,,,,
707762,群翊國泰5C購01,109200,0.6,0.6,0.6,0.6
707763,群聯群益5B購01,1575870,1.8,1.92,1.75,1.77
707764,群聯群益61購01,1045980,1.73,1.82,1.69,1.69
707765,群聯群益64購01,500750,2.1,2.2,2.04,2.1
707766,蜜望實國泰5B購01,0,,,,
707767,精材兆豐5C購01,0,,,,
707768,力旺永豐5A購01,2220,0.03,0.03,0.02,0.02
707769,力旺永豐5B購01,141350,0.22,0.28,0.22,0.28
707770,力旺永豐5C購01,51540,0.3,0.58,0.2,0.2
707771,台半永豐5C購01,35950,1.8,1.82,1.77,1.82
707772,巨有永豐5C購01,6200,6.2,6.2,6.2,6.2
707773,立端永豐5A購01,0,,,,
707774,宏捷科永豐5C購02,0,,,,
707775,亞通永豐5A購01,2520,1.26,1.26,1.26,1.26
707776,旺矽永豐5B購02,134260,0.34,0.38,0.3,0.31
707777,信昌電永豐5C購01,0,,,,
707778,信驊永豐5B購04,26500,2.65,2.65,2.65,2.65
707779,華景電永豐5C購02,0,,,,
707780,精測永豐61購02,47510,0.2,0.21,0.18,0.18
707781,臺慶科永豐5B購01,0,,,,
707782,聰泰永豐5A購01,0,,,,
707783,力旺凱基5A購03,0,,,,
707784,力旺凱基5A購04,340,0.02,0.04,0.01,0.04
707785,力旺凱基5B購02,8740,0.2,0.2,0.18,0.18
707786,力旺凱基5C購01,64080,0.41,0.44,0.41,0.44
707787,力旺凱基61購01,8600,0.39,0.4,0.39,0.4
707788,立碁凱基5B購01,9450,0.26,0.35,0.26,0.35
707789,宏捷科凱基5A購02,0,,,,
707790,旺矽凱基5A購05,2180,0.18,0.22,0.18,0.22
707791,旺矽凱基5B購02,225270,0.27,0.27,0.22,0.22
707792,旺矽凱基5C購02,78000,0.39,0.39,0.39,0.39
707793,信昌電凱基5A購02,0,,,,
707794,信昌電凱基5A購03,0,,,,
707795,信驊凱基5A購04,0,,,,
707796,信驊凱基5B購03,215040,3.84,3.84,3.49,3.49
707797,信驊凱基5C購02,80770,3.61,3.61,3.35,3.35
707798,信驊凱基61購04,682290,3.67,3.67,3.15,3.15
707799,家登凱基5A購01,77910,1.36,1.45,1.24,1.24
707800,華景電凱基5A購04,0,,,,
707801,群翊凱基5A購02,400,0.02,0.02,0.02,0.02
707802,精測凱基5A購01,0,,,,
707803,精測凱基5A購02,0,,,,
707804,精測凱基5A購03,0,,,,
707805,力領台新5A購01,0,,,,
707806,世界台新5A購01,0,,,,
707807,宏捷科台新5A購01,0,,,,
707808,宏捷科台新5A購02,0,,,,
707809,宏捷科台新61購01,0,,,,
707810,旺矽台新5A購01,0,,,,
707811,旺矽台新5A購02,0,,,,
707812,信驊台新5A購01,0,,,,
707813,信驊台新5A購02,0,,,,
707814,群翊台新5A購03,0,,,,
707815,璟德台新5A購01,0,,,,
707816,力旺元大5A購04,0,,,,
707817,力旺元大5A購05,2050,0.01,0.01,0.01,0.01
707818,力旺元大5B購01,9750,0.07,0.1,0.06,0.1
707819,均豪元大5A購03,0,,,,
707820,旺矽元大5A購04,12010,0.21,0.22,0.21,0.22
707821,旺矽元大5B購02,0,,,,
707822,旺矽元大61購02,5210,0.85,0.91,0.85,0.91
707823,長科*元大5A購01,0,,,,
707824,信昌電元大5A購03,0,,,,
707825,信昌電元大5A購04,0,,,,
707827,信昌電元大5A購06,0,,,,
707828,信驊元大5A購02,21300,2.13,2.13,2.13,2.13
707829,信驊元大63購01,2278130,4.9,4.9,4.5,4.5
707830,美琪瑪元大5A購04,3000,0.1,0.1,0.1,0.1
707831,華景電元大5A購05,0,,,,
707832,新盛力元大61購01,0,,,,
707833,群翊元大61購01,1650,0.33,0.33,0.33,0.33
707834,精測元大5B購02,423580,0.34,0.39,0.31,0.32
707835,精測元大63購04,54400,0.39,0.39,0.38,0.38
707836,穩得元大5A購03,0,,,,
707837,中光電國泰5B購01,2200,0.1,0.1,0.1,0.1
707838,立碁國泰5B購02,5600,1.12,1.12,1.12,1.12
707839,旺矽國泰5B購01,107720,0.57,0.62,0.53,0.53
707840,旺矽國泰5B購02,478620,0.41,0.41,0.34,0.34
707841,信昌電國泰5B購02,0,,,,
707842,新盛力國泰5B購01,0,,,,
707843,旺矽統一64購02,23240,0.8,0.81,0.8,0.8
707844,群聯統一64購01,328450,1.0,1.04,0.98,1.0
707845,精測統一64購03,53640,0.3,0.3,0.27,0.28
707846,力旺富邦5C購01,604930,0.3,0.33,0.22,0.22
707847,良維富邦62購01,283840,0.75,0.85,0.75,0.85
707848,旺矽富邦64購02,1304090,0.68,0.7,0.59,0.61
707849,欣銓富邦5A購01,6160,0.88,0.88,0.88,0.88
707850,欣銓富邦64購01,1149750,0.9,0.97,0.9,0.94
707851,信紘科富邦62購01,242060,0.42,0.42,0.41,0.41
707852,信驊富邦61購01,778630,3.86,3.95,3.28,3.28
707853,華電網富邦62購01,0,,,,
707854,順達富邦62購01,504150,0.63,0.7,0.63,0.67
707855,新盛力富邦5C購01,0,,,,
707856,新盛力富邦61購01,0,,,,
707857,群翊富邦5B購01,0,,,,
707858,群聯富邦5C購01,170730,1.0,1.01,0.93,0.96
707859,群聯富邦61購01,1675730,1.15,1.25,1.13,1.15
707860,精測富邦61購01,33700,0.16,0.18,0.15,0.18
707861,M31凱基5A購02,40,0.04,0.04,0.04,0.04
707862,M31凱基5A購03,0,,,,
707863,宏觀凱基61購02,0,,,,
707864,良維凱基5B購03,52000,0.26,0.26,0.26,0.26
707865,家登凱基5A購02,0,,,,
707866,華景電凱基5C購01,0,,,,
707867,新盛力凱基5A購03,0,,,,
707868,聖暉*凱基5A購02,0,,,,
707869,鏵友益凱基5A購01,0,,,,
707870,環球晶兆豐5C購02,0,,,,
707871,M31元大5A購01,2700,0.27,0.27,0.27,0.27
707872,M31元大5A購02,0,,,,
707873,M31元大61購01,521700,0.31,0.52,0.31,0.52
707874,M31元大63購01,1203920,0.36,0.58,0.34,0.54
707875,久元元大5A購02,0,,,,
707876,千附元大5A購01,2250,0.15,0.15,0.15,0.15
707877,加高元大5A購01,0,,,,
707878,台嘉碩元大5A購02,5350,0.11,0.11,0.1,0.1
707879,立敦元大5A購01,0,,,,
707881,立碁元大63購01,28380,1.26,1.26,1.23,1.23
707882,宏觀元大5C購01,0,,,,
707883,欣銓元大5A購03,0,,,,
707884,家登元大61購01,0,,,,
707885,華電網元大5A購02,0,,,,
707886,鈺太元大5A購01,0,,,,
707887,鏵友益元大5A購01,0,,,,
707888,元債20群益5A購01,0,,,,
707889,世界群益5A購02,976500,1.07,1.07,0.93,1.0
707890,宏觀群益5A購01,0,,,,
707891,欣銓群益5A購01,0,,,,
707892,翔名群益5A購01,0,,,,
707893,環球晶群益5A購04,52500,5.25,5.25,5.25,5.25
707894,M31富邦5C購01,339690,0.28,0.42,0.27,0.42
707895,元太富邦61購01,341090,0.48,0.5,0.47,0.48
707896,台星科富邦61購01,631540,0.45,0.53,0.44,0.48
707897,均豪富邦62購01,0,,,,
707898,宏捷科富邦5C購03,0,,,,
707899,宏捷科富邦61購02,600,0.06,0.06,0.06,0.06
707900,華景電富邦61購01,0,,,,
707901,鈊象富邦61購01,72920,0.48,0.48,0.47,0.47
707902,萬泰科富邦62購01,37200,0.6,0.6,0.6,0.6
707903,欣銓群益5A購02,0,,,,
707904,新盛力群益5A購01,0,,,,
707906,久元元大5A購03,0,,,,
707907,方土昶元大5A購01,0,,,,
707908,世界元大5A購03,0,,,,
707909,尼克森元大5A購01,900,0.45,0.45,0.45,0.45
707910,立碁元大5A購03,0,,,,
707911,兆利元大5A購01,0,,,,
707912,均華元大5A購01,990,0.01,0.02,0.01,0.02
707913,均華元大5A購02,0,,,,
707914,均豪元大5A購04,0,,,,
707915,沛亨元大5A購05,0,,,,
707916,邑昇元大5A購01,0,,,,
707917,信紘科元大5A購02,0,,,,
707918,家登元大5A購03,160,0.16,0.16,0.16,0.16
707919,家登元大5A購04,600,0.6,0.6,0.6,0.6
707920,華景電元大5A購06,0,,,,
707921,華景電元大63購01,0,,,,
707922,新盛力元大5A購03,108000,3.6,3.6,3.6,3.6
707923,德微元大5A購01,0,,,,
707924,久元凱基5A購01,0,,,,
707925,合晶凱基5A購01,0,,,,
707926,均華凱基5A購01,0,,,,
707927,系微凱基5A購03,0,,,,
707928,欣銓凱基63購01,613960,1.05,1.14,1.02,1.1
707929,家登凱基5A購03,28000,0.28,0.28,0.28,0.28
707930,鈺太凱基61購01,33000,0.11,0.11,0.11,0.11
707931,環球晶凱基5A購01,313270,3.92,4.92,3.92,4.92
707932,世禾富邦5C購02,0,,,,
707933,均華富邦61購01,34140,0.16,0.16,0.12,0.13
707934,沛亨富邦5B購01,27250,0.27,0.27,0.25,0.25
707935,欣銓富邦5B購01,178810,0.36,0.41,0.35,0.38
707936,中美晶兆豐64購01,97020,3.08,3.6,3.07,3.57
707937,順達兆豐5C購02,51480,0.33,0.33,0.33,0.33
707938,世界群益5A購03,172110,0.97,0.97,0.87,0.89
707939,合晶群益5B購01,0,,,,
707940,良維群益5A購01,10500,0.06,0.06,0.06,0.06
707941,原相群益5A購01,0,,,,
707942,創惟群益5B購01,0,,,,
707943,富喬群益5A購03,0,,,,
707944,富喬群益5A購04,0,,,,
707945,聖暉*群益5B購01,29000,0.29,0.29,0.29,0.29
707946,德微群益5A購01,37800,3.78,3.78,3.78,3.78
707947,雙鴻群益5B購06,302400,1.08,1.08,1.08,1.08
707948,久元凱基5A購02,0,,,,
707949,千附凱基5A購01,200,0.02,0.02,0.02,0.02
707950,世界凱基5A購02,990,0.99,0.99,0.99,0.99
707951,兆利凱基5A購01,0,,,,
707952,艾訊凱基5B購01,3890,1.33,1.33,1.23,1.23
707953,均豪凱基5A購02,0,,,,
707954,沛亨凱基5A購02,0,,,,
707955,家登凱基5A購04,0,,,,
707956,勤凱凱基5A購02,14500,0.29,0.29,0.29,0.29
707957,新盛力凱基5B購01,12950,2.59,2.59,2.59,2.59
707958,鉅橡凱基5A購03,0,,,,
707959,雙鴻凱基5A購07,0,,,,
707960,雙鴻凱基61購02,6450,1.29,1.29,1.29,1.29
707961,中美晶富邦5A購01,3680,1.84,1.84,1.84,1.84
707962,長科*富邦62購01,0,,,,
707963,家登富邦61購01,562070,0.64,0.64,0.59,0.62
707964,富喬富邦61購01,114530,0.35,0.35,0.34,0.34
707965,聖暉*富邦5C購01,78140,0.5,0.53,0.5,0.53
707966,鉅橡富邦5B購01,0,,,,
707967,鈺太富邦5A購01,0,,,,
707968,優群富邦61購01,0,,,,
707969,環球晶富邦5B購01,0,,,,
707970,雙鴻富邦5C購09,0,,,,
707971,巨有元大5A購01,7200,7.2,7.2,7.2,7.2
707972,富喬元大5C購02,110080,0.32,0.32,0.32,0.32
707973,華義元大5A購01,0,,,,
707974,環球晶元大5A購01,3510,1.52,1.99,1.52,1.99
707975,雙鴻兆豐5C購02,30200,1.51,1.51,1.51,1.51
707976,世界兆豐5C購01,0,,,,
707977,富喬國票5A購02,0,,,,
707978,富喬國票5B購02,5890,0.31,0.31,0.31,0.31
707979,華義國票5B購01,0,,,,
707980,華義國票5B購02,0,,,,
707981,新盛力國票5A購02,33020,1.3,1.52,1.3,1.52
707982,雙鴻凱基5A購08,28600,0.62,1.2,0.44,1.2
707983,良維凱基5A購04,0,,,,
707984,聖暉*凱基5C購01,51600,0.71,0.76,0.7,0.75
707985,德微凱基5A購02,11400,1.14,1.14,1.14,1.14
707986,環球晶凱基5A購02,106700,4.15,4.47,4.1,4.47
707987,雙鴻凱基5C購06,0,,,,
707988,譜瑞群益5A購01,0,,,,
707989,系統電國泰5B購01,40700,0.66,0.7,0.66,0.7
707990,新盛力國泰5B購02,0,,,,
707991,群聯國泰5B購01,1650,1.65,1.65,1.65,1.65
707992,群聯國泰5B購02,2420,1.2,1.22,1.2,1.22
707993,立碁元大5A購04,0,,,,
707994,系微元大5C購01,0,,,,
707995,德微元大5A購02,0,,,,
707996,立碁永豐5B購02,320800,0.62,0.62,0.6,0.6
707997,新盛力永豐61購01,290060,1.64,1.8,1.64,1.71
707998,群聯永豐5C購01,956280,0.96,1.01,0.93,0.93
707999,聖暉*永豐5C購02,0,,,,
708000,德微永豐5B購01,23940,1.26,1.26,1.26,1.26
708001,雙鴻永豐5C購04,0,,,,
708002,雙鴻永豐61購03,0,,,,
708003,立碁國票5B購02,169800,0.8,0.81,0.8,0.8
708004,兆利國票5B購01,0,,,,
708005,系微國票5B購01,0,,,,
708006,良維國票5B購01,0,,,,
708007,凌陽創國票5B購01,0,,,,
708008,群聯國票5B購03,626260,0.86,0.94,0.84,0.85
708009,聖暉*國票5B購01,54000,0.24,0.24,0.24,0.24
708011,矽科台新5A購01,0,,,,
708012,捷創台新5A購01,0,,,,
708013,富強鑫台新5A購01,0,,,,
708014,崴寶台新5A購01,0,,,,
708015,群聯台新5A購01,87600,3.57,3.83,3.57,3.83
708016,群聯台新5A購02,334440,2.1,2.34,2.02,2.02
708017,群聯台新5A購03,102690,0.95,1.03,0.95,0.95
708018,穩得台新5A購01,4000,0.02,0.02,0.02,0.02
708019,良維凱基5B購04,0,,,,
708020,東捷凱基5A購03,0,,,,
708021,群聯凱基5B購01,102930,1.08,1.14,1.08,1.08
708022,精材凱基5C購01,0,,,,
708023,譜瑞凱基5A購01,0,,,,
708024,三聯國票5A購01,0,,,,
708025,大綜國票5A購01,6500,0.65,0.65,0.65,0.65
708026,太景*國票5B購01,0,,,,
708027,良維國票5B購02,548900,0.21,0.23,0.21,0.22
708028,朋程國票5A購01,1200,0.3,0.3,0.3,0.3
708029,崴寶國票5B購01,0,,,,
708030,群翊國票5B購03,0,,,,
708031,群聯國票5B購04,12580,1.27,1.27,1.21,1.21
708032,環球晶國票5A購02,20370,2.82,3.33,2.82,3.33
708033,譜瑞國票5B購01,0,,,,
708034,久元永豐5C購01,0,,,,
708035,良維永豐5C購02,0,,,,
708036,精材永豐5C購02,0,,,,
708037,雙鴻永豐5B購03,950,0.95,0.95,0.95,0.95
708038,雙鴻永豐63購02,32030,1.56,1.56,1.45,1.45
708039,力致國泰5C購01,0,,,,
708040,良維元大5A購04,0,,,,
708041,良維元大63購01,43440,0.4,0.43,0.4,0.43
708042,新盛力元大5A購04,0,,,,
708043,良維富邦61購01,112800,0.23,0.25,0.22,0.24
708044,新盛力富邦61購02,0,,,,
708045,兆利群益5A購01,0,,,,
708046,系統電群益5B購01,79100,0.57,0.64,0.57,0.6
708047,良維群益5B購03,0,,,,
708048,臺慶科群益5A購01,0,,,,
708049,雙鴻群益5A購07,0,,,,
708050,中美晶台新5B購02,144790,1.68,2.04,1.68,2.04
708051,兆利台新5A購01,0,,,,
708052,兆利台新5A購02,0,,,,
708053,環球晶台新5A購03,0,,,,
708054,環球晶台新5A購04,356540,2.77,3.7,2.77,3.7
708055,群聯元大5A購03,500,0.5,0.5,0.5,0.5
708056,環球晶元大5A購02,0,,,,
708057,環球晶元大5A購03,347320,3.11,3.22,3.11,3.22
708058,環球晶元大5A購04,0,,,,
708059,世界凱基5A購03,0,,,,
708060,系統電凱基5A購03,2000,0.2,0.2,0.2,0.2
708061,欣銓凱基5A購03,21130,0.72,0.74,0.68,0.68
708062,順達凱基5A購04,0,,,,
708063,群聯凱基5B購02,282910,0.37,0.41,0.37,0.37
708064,群聯兆豐64購01,140420,1.85,1.96,1.85,1.91
708065,中美晶群益5C購01,796050,1.43,1.64,1.43,1.64
708066,群聯群益5B購02,339570,0.59,0.61,0.59,0.59
708067,群聯群益5C購01,316500,1.02,1.06,0.99,0.99
708068,精材群益5A購05,0,,,,
708069,精材群益5A購06,0,,,,
708070,雙鴻群益5B購07,235200,0.84,0.84,0.84,0.84
708071,凡甲國票5B購01,4520,0.14,0.14,0.13,0.13
708072,久元國票5B購01,0,,,,
708073,中美晶國票5B購01,239330,1.23,1.63,1.18,1.63
708074,欣銓國票5C購01,0,,,,
708075,萬泰科國票5B購02,0,,,,
708076,群聯國票5B購05,85060,1.05,1.05,1.01,1.02
708077,精材國票5B購01,0,,,,
708078,鑫聯國票5B購01,0,,,,
708079,鴻呈國泰5C購01,0,,,,
708080,譜瑞國泰5B購01,810,0.27,0.27,0.27,0.27
708081,久元富邦61購02,0,,,,
708082,系統電富邦61購01,270820,0.48,0.6,0.48,0.56
708083,家登富邦5C購02,1475130,0.97,0.99,0.91,0.95
708084,群聯富邦5C購02,129900,0.98,1.03,0.98,1.03
708085,群聯富邦61購02,744780,0.82,0.87,0.82,0.82
708086,譜瑞富邦5C購03,0,,,,
708087,譜瑞富邦61購01,27480,0.16,0.16,0.14,0.14
708088,群聯永豐5C購02,4240,0.53,0.53,0.53,0.53
708089,群聯永豐64購02,20200,1.01,1.01,1.01,1.01
708090,精材永豐5B購02,0,,,,
708091,中美晶凱基61購02,483840,1.85,2.36,1.8,2.36
708092,矽科凱基5B購01,0,,,,
708093,群聯凱基61購01,260900,0.45,0.49,0.45,0.45
708094,精材凱基5B購02,0,,,,
708095,環球晶凱基5B購02,37200,3.72,3.72,3.72,3.72
708096,譜瑞凱基5B購01,0,,,,
708097,久元國票5C購01,0,,,,
708098,台星科國票5C購01,0,,,,
708099,正淩國票5C購01,200,0.2,0.2,0.2,0.2
708100,亞信國票5C購01,0,,,,
708101,佳邦國票5C購01,36900,0.18,0.18,0.15,0.15
708102,金山電國票5C購01,0,,,,
708103,原相國票5B購01,7700,0.07,0.07,0.07,0.07
708104,原相國票5C購01,0,,,,
708105,家登國票5B購01,0,,,,
708106,新潤國票5C購01,0,,,,
708107,群聯國票61購01,35000,0.7,0.7,0.7,0.7
708108,精華國票5C購01,0,,,,
708109,磐儀國票5C購01,15510,0.11,0.11,0.11,0.11
708110,世界台新5B購01,491900,0.98,1.02,0.96,1.0
708111,矽科台新5B購01,0,,,,
708112,家登台新5B購01,30780,1.71,1.71,1.71,1.71
708113,家登台新5B購02,0,,,,
708114,家登台新62購01,0,,,,
708115,勤凱台新5B購01,0,,,,
708116,群聯台新5B購01,138020,0.69,0.7,0.64,0.64
708117,群聯台新5B購02,93700,0.22,0.24,0.21,0.21
708118,世界群益5B購05,51800,1.85,1.85,1.85,1.85
708119,欣銓群益5B購01,0,,,,
708120,家登群益5B購01,3920,0.7,0.7,0.61,0.69
708121,家登群益61購01,5870,0.67,0.67,0.63,0.63
708122,世界永豐65購01,30870,0.92,0.95,0.92,0.95
708123,台特化永豐62購01,0,,,,
708124,高鋒永豐5C購01,480,0.16,0.16,0.16,0.16
708125,群聯永豐65購01,1800,0.9,0.9,0.9,0.9
708126,群聯中信62購01,113530,0.57,0.58,0.57,0.58
708127,凡甲國泰61購01,0,,,,
708128,東捷國泰61購01,39850,4.91,5.15,4.91,5.15
708129,欣銓國泰5C購01,270240,1.6,1.61,1.55,1.55
708130,群聯國泰61購01,87800,1.72,1.72,1.62,1.62
708131,中美晶富邦61購01,816250,1.6,1.84,1.52,1.84
708132,環球晶富邦5C購02,0,,,,
708133,中美晶元大5B購02,0,,,,
708134,中美晶元大5B購03,7580,1.42,1.66,1.42,1.66
708135,世界元大5B購02,0,,,,
708136,世界元大5B購03,0,,,,
708137,均豪元大5B購01,0,,,,
708138,群聯元大5B購01,85600,0.92,0.96,0.92,0.96
708139,群聯元大5B購02,184070,0.87,0.95,0.87,0.95
708140,群聯元大64購01,109290,1.0,1.02,0.98,0.98
708141,精材元大5B購03,0,,,,
708142,精材元大5B購04,0,,,,
708143,精材元大5B購05,0,,,,
708144,雙鴻元大61購14,167700,1.58,1.58,1.3,1.3
708145,大學光凱基5B購01,0,,,,
708146,世界凱基5B購01,84000,0.56,0.56,0.56,0.56
708147,正淩凱基5C購01,0,,,,
708148,欣銓凱基61購01,490860,0.95,1.04,0.95,1.0
708149,原相凱基5B購02,7160,0.17,0.18,0.17,0.18
708150,家登凱基5B購01,0,,,,
708151,群翊凱基61購02,0,,,,
708152,群聯凱基63購01,231430,0.65,0.69,0.65,0.66
708153,鈺太凱基5B購01,0,,,,
708154,安葆台新5B購01,0,,,,
708155,家碩台新5B購01,260,0.26,0.26,0.26,0.26
708156,家碩台新5B購02,0,,,,
708157,鉅橡台新5B購01,0,,,,
708158,華景電國泰5C購01,72900,0.27,0.27,0.27,0.27
708159,世界富邦5B購01,79800,0.54,0.54,0.53,0.53
708160,系微富邦63購01,20200,0.22,0.22,0.21,0.21
708161,茂迪富邦63購02,1620,0.27,0.27,0.27,0.27
708162,原相富邦5B購01,180,0.06,0.06,0.06,0.06
708163,萬泰科富邦5B購02,0,,,,
708164,群聯富邦62購01,23350,0.65,0.67,0.65,0.67
708165,群聯富邦62購02,509660,0.46,0.47,0.46,0.46
708166,凡甲永豐5C購01,0,,,,
708167,東捷永豐64購02,350910,1.89,2.04,1.86,1.86
708168,東捷永豐67購01,1125730,1.96,2.1,1.92,1.93
708169,華景電永豐61購02,5100,0.17,0.17,0.17,0.17
708170,璟德永豐61購01,0,,,,
708171,家登中信5B購01,0,,,,
708172,譜瑞中信5B購01,0,,,,
708173,欣銓兆豐61購01,0,,,,
708174,凡甲國票5C購01,0,,,,
708175,安葆國票5C購01,0,,,,
708176,東捷國票5C購01,1228710,2.08,2.29,2.0,2.0
708177,華景電國票5C購01,0,,,,
708178,群翊國票5C購01,0,,,,
708179,群聯國票66購01,193520,0.8,0.83,0.79,0.79
708180,東捷群益5B購02,4800,1.6,1.6,1.6,1.6
708181,東捷群益5B購03,27610,1.62,1.85,1.62,1.85
708182,華景電群益5B購01,0,,,,
708183,群聯群益61購03,2250,0.45,0.45,0.45,0.45
708184,久元元大64購01,7000,0.35,0.35,0.35,0.35
708185,正淩元大5B購01,0,,,,
708186,東捷元大5B購01,54220,2.83,2.83,2.66,2.66
708187,東捷元大5B購02,36810,4.09,4.09,4.09,4.09
708188,東捷元大5B購03,0,,,,
708189,東捷元大5B購04,2540,1.27,1.27,1.27,1.27
708190,家登元大5B購02,126160,0.63,0.65,0.59,0.59
708191,順達元大64購03,0,,,,
708192,萬泰科元大5B購01,0,,,,
708193,群翊元大5B購01,104790,0.21,0.21,0.21,0.21
708194,群聯元大5B購03,5700,0.29,0.29,0.28,0.28
708195,群聯元大64購02,261960,0.72,0.73,0.71,0.71
708197,精材元大5B購07,0,,,,
708198,精材元大61購06,0,,,,
708199,環球晶元大5B購01,0,,,,
708201,凡甲凱基5B購01,0,,,,
708202,久元凱基5B購01,0,,,,
708203,台特化凱基5B購01,0,,,,
708204,安葆凱基5C購01,60770,0.59,0.59,0.59,0.59
708205,家登凱基5B購02,0,,,,
708206,華景電凱基5B購01,0,,,,
708207,順達凱基63購01,794910,0.86,1.0,0.86,0.96
708208,萬泰科凱基5C購01,5600,0.28,0.28,0.28,0.28
708209,群聯凱基64購01,490320,0.6,0.64,0.6,0.6
708210,環球晶凱基5B購03,183360,2.96,3.5,2.96,3.5
708211,穩得凱基5B購01,0,,,,
708212,鑫聯凱基5C購01,0,,,,
708213,台特化台新5B購01,920,0.46,0.46,0.46,0.46
708214,台特化台新5B購02,0,,,,
708215,系微台新5B購01,0,,,,
708216,欣銓台新5B購01,197200,1.8,1.8,1.66,1.66
708217,欣銓台新5B購02,1887390,1.55,1.61,1.5,1.54
708218,湧德台新5B購01,0,,,,
708219,華景電台新5B購01,0,,,,
708220,鈊象台新5B購01,38860,1.34,1.34,1.34,1.34
708221,萬泰科台新5B購01,0,,,,
708222,萬泰科台新5B購02,0,,,,
708223,精材台新5B購01,0,,,,
708225,璟德中信5B購01,800,0.01,0.01,0.01,0.01
708226,安葆國泰5C購01,0,,,,
708227,群翊國泰5C購02,0,,,,
708228,凡甲富邦61購01,3470,0.16,0.16,0.15,0.16
708229,中光電富邦62購01,39300,0.64,0.67,0.64,0.66
708230,均豪富邦5B購01,0,,,,
708231,捷創富邦62購01,1206760,0.72,0.74,0.7,0.74
708232,世界永豐5C購01,91500,1.02,1.06,1.02,1.06
708233,家登永豐61購01,93400,0.37,0.39,0.37,0.39
708234,家碩永豐5B購01,0,,,,
708235,群聯永豐65購02,26700,0.65,0.66,0.64,0.65
708236,鉅橡永豐5C購01,0,,,,
708237,環球晶兆豐61購01,38030,3.03,3.5,3.03,3.5
708238,艾訊國票63購01,167600,0.97,0.97,0.89,0.89
708239,美琪瑪國票5C購01,0,,,,
708240,晶宏國票5C購01,0,,,,
708241,翔名國票5C購01,0,,,,
708242,聰泰國票5C購01,276320,0.31,0.32,0.31,0.32
708243,寶雅國票5C購01,49200,1.2,1.2,1.2,1.2
708244,久元群益61購01,0,,,,
708245,方土昶群益5B購01,0,,,,
708246,世界群益5B購06,424060,1.88,1.89,1.72,1.89
708247,艾訊群益5B購01,0,,,,
708248,家登群益5B購02,0,,,,
708249,陽程群益5B購01,0,,,,
708250,群聯群益5B購03,294530,0.2,0.22,0.18,0.19
708252,凡甲元大5B購01,0,,,,
708253,均豪元大5B購02,0,,,,
708254,均豪元大65購01,379600,0.36,0.36,0.35,0.35
708255,家登元大5B購03,95560,1.0,1.0,0.99,0.99
708256,群聯元大5B購04,395440,0.58,0.58,0.57,0.57
708257,群聯元大5B購05,15200,0.32,0.32,0.3,0.3
708258,群聯元大64購03,429830,0.82,0.86,0.82,0.86
708259,精材元大5B購08,19650,6.55,6.55,6.55,6.55
708260,精材元大5B購09,0,,,,
708261,精材元大5B購10,0,,,,
708262,璟德元大5B購01,0,,,,
708263,環球晶元大5B購03,93600,4.7,5.6,4.7,5.6
708264,環球晶元大5B購04,0,,,,
708265,大中元大5B購01,86000,0.86,0.86,0.86,0.86
708266,威剛元大5B購04,20800,0.13,0.13,0.13,0.13
708267,威剛元大5B購05,4500,0.18,0.18,0.18,0.18
708268,威剛元大64購01,86570,0.47,0.48,0.46,0.46
708269,陽程元大61購03,0,,,,
708270,群聯元大5B購06,24650,0.19,0.19,0.17,0.17
708271,鉅橡元大5B購01,0,,,,
708272,鉅橡元大5B購02,0,,,,
708273,安葆國泰5C購02,12700,1.27,1.27,1.27,1.27
708274,勤凱國泰5C購01,0,,,,
708275,雷科國泰5C購01,0,,,,
708276,久元凱基64購01,0,,,,
708277,均豪凱基65購01,43900,0.33,0.35,0.33,0.33
708278,金山電凱基5B購01,0,,,,
708279,威剛凱基5B購03,400,0.08,0.08,0.08,0.08
708280,群聯凱基64購02,102680,0.56,0.56,0.53,0.53
708281,精材凱基5B購03,0,,,,
708282,寶雅凱基5B購01,0,,,,
708283,鉅橡台新5B購02,0,,,,
708284,鉅橡台新5B購03,0,,,,
708285,系微兆豐65購01,93000,0.6,0.6,0.6,0.6
708286,群聯兆豐65購01,76080,1.38,1.43,1.3,1.3
708287,凡甲國票5C購02,0,,,,
708288,久元國票5C購02,0,,,,
708289,方土昶國票5C購01,0,,,,
708290,世界國票5C購02,670,0.67,0.67,0.67,0.67
708291,宏捷科國票5C購01,0,,,,
708292,威剛國票5C購01,0,,,,
708293,耕興國票5C購01,0,,,,
708294,港建*國票5B購01,2280,0.06,0.06,0.06,0.06
708295,華宏國票5C購01,0,,,,
708296,鉅橡國票5C購01,0,,,,
708297,廣穎國票5C購01,20500,2.05,2.05,2.05,2.05
708298,久元永豐5C購02,0,,,,
708299,台星科永豐61購01,0,,,,
708300,合晶永豐5B購01,0,,,,
708301,均豪永豐5C購02,4800,0.08,0.08,0.08,0.08
708302,欣銓永豐61購01,68300,0.76,0.86,0.76,0.84
708303,威剛永豐5B購01,0,,,,
708304,威剛永豐5C購02,23060,0.3,0.31,0.3,0.31
708305,威剛永豐61購01,0,,,,
708306,威剛永豐65購01,4480,1.12,1.12,1.12,1.12
708307,威剛永豐68購01,0,,,,
708308,鉅橡永豐61購01,0,,,,
708309,廣穎永豐65購01,19550,1.15,1.15,1.15,1.15
708310,凡甲群益5B購01,0,,,,
708311,台特化群益5C購01,5000,0.1,0.1,0.1,0.1
708312,正淩群益63購01,2488810,0.92,1.07,0.92,1.03
708313,均豪群益5B購01,0,,,,
708314,宏捷科群益5B購01,0,,,,
708315,岳豐群益65購01,14000,0.28,0.28,0.28,0.28
708316,威剛群益5B購02,3800,0.19,0.19,0.19,0.19
708317,威剛群益5C購01,0,,,,
708318,威剛群益61購01,0,,,,
708319,茂綸群益5B購01,0,,,,
708320,廣穎群益5B購01,0,,,,
708322,寶雅群益61購01,18090,0.81,0.84,0.81,0.84
708323,凡甲凱基5B購02,0,,,,
708324,久元凱基5C購01,0,,,,
708325,大中凱基5B購01,0,,,,
708326,方土昶凱基5C購01,17400,0.58,0.58,0.58,0.58
708327,台特化凱基5B購02,800,0.02,0.02,0.02,0.02
708328,合晶凱基5B購01,125800,10.6,12.2,10.6,12.2
708329,艾訊凱基5B購02,142450,0.39,0.39,0.31,0.31
708330,良維凱基5B購05,240,0.24,0.24,0.24,0.24
708331,威剛凱基5B購04,720,0.12,0.12,0.04,0.04
708332,家登凱基5B購03,1050,0.07,0.07,0.07,0.07
708333,耕興凱基5B購01,0,,,,
708334,港建*凱基5B購01,0,,,,
708335,群聯凱基61購02,51240,0.39,0.41,0.39,0.4
708336,廣穎凱基5B購01,0,,,,
708337,環球晶凱基5C購02,2356730,1.51,2.09,1.44,2.09
708339,合晶台新5B購02,0,,,,
708340,合晶台新5B購03,0,,,,
708341,安葆台新5B購02,0,,,,
708342,艾訊台新5B購01,150920,1.46,1.46,1.32,1.32
708343,艾訊台新5B購02,0,,,,
708344,良維台新5B購01,253870,0.68,0.82,0.68,0.82
708345,良維台新5B購02,0,,,,
708346,良維台新5B購03,0,,,,
708347,湧德台新5B購02,0,,,,
708348,湧德台新5B購03,0,,,,
708349,順達台新5B購01,81070,1.51,1.51,1.49,1.49
708350,順達台新5B購02,71810,1.58,1.58,1.48,1.49
708351,鈊象台新5B購02,0,,,,
708352,萬泰科台新5B購03,0,,,,
708353,群聯台新5B購03,104000,0.35,0.35,0.34,0.34
708354,群聯台新5B購04,0,,,,
708355,精材台新5B購03,0,,,,
708356,臺慶科台新5B購01,0,,,,
708357,璟德台新5B購01,0,,,,
708358,台星科兆豐61購01,0,,,,
708359,均豪兆豐61購01,0,,,,
708360,欣銓群益5B購02,0,,,,
708361,精材群益5B購01,0,,,,
708362,環球晶群益5B購02,5180,2.59,2.59,2.59,2.59
708363,環球晶群益5B購03,394270,1.73,2.26,1.73,2.26
708364,凡甲元大5B購02,0,,,,
708365,凡甲元大5B購03,0,,,,
708366,凡甲元大65購01,128030,0.47,0.47,0.46,0.46
708367,久元元大5B購01,7880,0.04,0.04,0.04,0.04
708368,久元元大61購02,1360,0.08,0.08,0.08,0.08
708369,久元元大65購01,0,,,,
708370,台星科元大5B購02,70400,0.71,0.73,0.69,0.73
708371,台星科元大65購01,516890,0.96,1.08,0.96,1.02
708372,沛亨元大5B購01,607450,0.69,0.72,0.66,0.69
708373,欣銓元大5B購01,144970,0.74,0.82,0.74,0.79
708374,欣銓元大64購01,815130,0.77,0.81,0.75,0.8
708376,威剛元大5B購06,0,,,,
708377,威剛元大5B購07,222100,0.25,0.26,0.24,0.26
708378,原相元大5B購01,0,,,,
708379,家登元大5B購04,0,,,,
708380,家登元大64購01,272180,0.54,0.55,0.52,0.52
708381,陽程元大61購04,4220,4.22,4.22,4.22,4.22
708382,群聯元大5B購07,370,0.37,0.37,0.37,0.37
708383,群聯元大61購05,222670,0.74,0.78,0.74,0.77
708384,凡甲國泰5C購01,0,,,,
708385,合晶國泰61購01,0,,,,
708386,合晶國泰62購01,0,,,,
708387,均豪國泰62購01,168680,0.87,0.87,0.86,0.86
708388,良維國泰5C購01,91500,0.61,0.61,0.61,0.61
708389,家登國泰5C購01,0,,,,
708390,家登國泰5C購02,0,,,,
708391,力領台新5B購01,0,,,,
708392,正淩台新5B購01,0,,,,
708393,合晶台新5B購04,59900,14.8,15.1,14.8,15.0
708395,新盛力台新62購01,0,,,,
708396,群聯台新5B購05,52000,0.52,0.52,0.52,0.52
708397,群聯台新5B購06,0,,,,
708398,聖暉*台新5B購02,460,0.23,0.23,0.23,0.23
708399,優群台新5B購01,0,,,,
708400,久元凱基5B購02,0,,,,
708401,中美晶凱基61購03,250810,1.5,1.96,1.46,1.96
708402,世禾凱基5B購01,3000,0.06,0.06,0.06,0.06
708403,世界凱基5C購03,10000,0.5,0.5,0.5,0.5
708404,尼克森凱基5B購01,157040,0.51,0.54,0.51,0.52
708405,亞信凱基5B購01,0,,,,
708406,欣銓凱基5B購01,0,,,,
708407,信立凱基5B購02,0,,,,
708408,威剛凱基5C購01,6000,0.08,0.08,0.08,0.08
708409,智通*凱基5B購01,0,,,,
708410,群聯凱基64購03,610850,0.4,0.43,0.4,0.4
708411,優群凱基5B購01,0,,,,
708412,環球晶兆豐61購02,10620,1.8,2.27,1.8,2.15
708413,FH中5G元大5B購01,0,,,,
708414,FH中5G元大5C購01,0,,,,
708415,世界元大64購03,295680,0.78,0.78,0.74,0.76
708416,世界元大65購01,0,,,,
708417,合晶元大5B購01,35000,7.0,7.0,7.0,7.0
708418,順達元大64購04,658460,2.15,2.34,2.15,2.24
708419,新盛力元大64購01,190900,2.69,2.91,2.69,2.85
708420,萬泰科元大5B購02,118890,0.39,0.4,0.39,0.39
708421,鈺太元大5B購02,0,,,,
708422,鈺太元大65購01,1050,0.21,0.21,0.21,0.21
708423,精材元大5B購11,0,,,,
708424,環球晶元大5B購05,1050,1.05,1.05,1.05,1.05
708425,世界國票5C購03,0,,,,
708426,台半國票5C購01,0,,,,
708427,朋億*國票5C購01,4880,0.61,0.61,0.61,0.61
708428,群聯國票61購02,0,,,,
708429,雷科國票5B購01,49350,6.1,6.35,6.1,6.35
708430,久元富邦61購03,0,,,,
708431,久元富邦62購01,0,,,,
708432,合晶富邦62購01,0,,,,
708433,家登富邦61購02,259040,0.5,0.5,0.47,0.49
708434,家登富邦62購01,1350,0.45,0.45,0.45,0.45
708435,鈊象富邦61購02,126640,0.84,0.89,0.84,0.89
708436,新盛力富邦61購03,0,,,,
708437,群聯富邦62購03,513260,0.39,0.39,0.38,0.38
708438,環球晶富邦5C購03,1006520,0.92,1.08,0.85,1.08
708439,世界群益5B購07,0,,,,
708440,立碁群益5C購01,112280,2.08,2.09,2.06,2.09
708441,合晶群益5B購02,0,,,,
708442,艾訊群益5B購02,380,0.38,0.38,0.38,0.38
708443,家登群益61購02,15080,0.44,0.45,0.4,0.43
708444,新盛力群益5B購01,0,,,,
708445,群聯群益5B購04,2000,0.1,0.1,0.1,0.1
708446,環球晶群益5C購02,1449630,1.98,2.5,1.92,2.49
708447,久元凱基63購01,0,,,,
708448,世界凱基65購01,11910,0.52,0.52,0.5,0.51
708449,台半凱基5C購01,145280,1.56,1.57,1.56,1.56
708450,合晶凱基5B購02,146950,6.45,7.5,6.45,7.5
708451,合晶凱基61購01,482430,4.93,6.15,4.93,6.15
708452,欣銓凱基64購01,90000,0.44,0.46,0.44,0.46
708453,金山電凱基5B購02,0,,,,
708454,威剛凱基5B購06,200,0.1,0.1,0.1,0.1
708455,胡連凱基5B購01,0,,,,
708456,家登凱基5B購04,0,,,,
708457,新盛力凱基5B購02,614400,1.84,1.98,1.84,1.98
708458,群聯凱基5B購03,450,0.09,0.09,0.09,0.09
708459,鈺太凱基5B購02,0,,,,
708460,營邦凱基5B購01,0,,,,
708461,營邦凱基5B購02,0,,,,
708462,營邦凱基5B購03,119020,0.43,0.44,0.4,0.4
708463,環球晶凱基5B購04,560070,0.48,0.9,0.46,0.88
708464,環球晶凱基5B購05,477010,0.69,1.1,0.69,1.1
708465,久元台新5B購01,0,,,,
708466,久元台新5B購02,0,,,,
708467,世界台新5B購02,5200,0.26,0.26,0.26,0.26
708468,華景電台新5B購02,0,,,,
708469,華景電台新5B購03,0,,,,
708470,環球晶台新5B購01,1201740,2.65,3.8,2.52,3.8
708471,環球晶台新5B購02,409430,1.08,1.64,1.08,1.64
708472,環球晶台新62購01,225580,1.07,1.37,1.07,1.37
708473,環球晶台新62購02,1961480,0.72,1.04,0.72,1.02
708474,久元元大5B購02,0,,,,
708475,久元元大5B購03,0,,,,
708477,久元元大5B購05,0,,,,
708478,久元元大5B購06,0,,,,
708479,世禾元大5B購01,0,,,,
708480,世界元大64購04,227390,1.17,1.18,1.14,1.17
708482,合晶元大5B購03,0,,,,
708484,合晶元大5B購05,85050,5.0,5.65,5.0,5.65
708485,合晶元大64購01,0,,,,
708486,合晶元大65購01,190580,4.1,4.83,4.1,4.82
708487,金山電元大5B購02,0,,,,
708489,金山電元大5B購04,0,,,,
708490,群聯元大5B購08,3250,0.13,0.13,0.13,0.13
708491,群聯元大5B購09,0,,,,
708492,營邦元大5B購01,221910,0.65,0.65,0.58,0.59
708493,營邦元大5B購02,96230,0.43,0.43,0.39,0.41
708494,環球晶元大5B購06,23100,2.1,2.1,2.1,2.1
708495,環球晶元大5B購07,1479260,1.7,2.06,1.58,2.06
708496,環球晶元大5B購08,1022490,1.41,1.64,1.41,1.64
708497,環球晶元大5B購09,0,,,,
708498,環球晶元大61購02,45280,2.28,2.28,2.26,2.26
708499,環球晶元大64購01,13780,2.3,2.3,2.28,2.28
708500,譜瑞元大61購02,0,,,,
708501,威剛兆豐65購01,46360,1.26,1.26,1.24,1.24
708502,金山電國泰61購01,53100,2.53,2.53,2.5,2.5
708503,群聯國泰62購01,43500,0.7,0.7,0.67,0.67
708504,群聯國泰63購01,227950,1.03,1.09,1.03,1.09
708505,群聯國泰63購02,103000,0.75,0.77,0.75,0.77
708506,雷科國泰5C購02,13500,13.5,13.5,13.5,13.5
708507,環球晶國泰61購01,862310,2.83,3.5,2.83,3.48
708508,環球晶國泰61購02,2166970,3.18,3.9,3.08,3.78
708509,久元國票5B購02,0,,,,
708510,久元國票5C購03,0,,,,
708511,久元國票5C購04,0,,,,
708512,合晶國票5B購01,36600,5.7,6.45,5.7,6.45
708513,合晶國票5C購01,171050,4.95,5.7,4.85,5.7
708514,金山電國票5C購02,207910,0.96,0.96,0.94,0.94
708515,環球晶國票5B購01,151090,1.32,1.41,1.3,1.41
708516,環球晶國票5C購01,2206060,1.31,1.68,1.31,1.68
708517,世界富邦5B購02,120,0.12,0.12,0.12,0.12
708518,精材富邦5B購01,0,,,,
708519,營邦富邦61購01,348110,0.49,0.49,0.47,0.49
708520,環球晶富邦5B購02,1449220,0.6,0.8,0.57,0.77
708521,環球晶富邦61購01,3034170,0.7,0.94,0.66,0.89
708522,中美晶群益5C購02,94030,1.31,1.81,1.31,1.81
708523,世界群益5B購08,0,,,,
708524,朋程群益5B購01,0,,,,
708525,金山電群益5B購01,0,,,,
708526,新盛力群益5B購02,0,,,,
708527,精材群益5B購02,0,,,,
708528,臺慶科群益5B購01,0,,,,
708529,德微群益5B購01,1253560,2.14,2.17,2.08,2.17
708530,營邦群益5B購01,20400,0.51,0.51,0.51,0.51
708531,營邦群益5B購02,0,,,,
708532,環球晶群益5B購04,167940,0.79,1.22,0.79,1.22
708533,譜瑞群益5C購02,0,,,,
708534,中美晶凱基5B購02,52200,1.8,1.8,1.8,1.8
708535,世禾凱基5B購02,0,,,,
708536,立碁凱基5C購01,0,,,,
708537,朋程凱基5B購01,0,,,,
708538,倚強凱基5B購01,305710,4.85,5.4,4.71,5.0
708539,原相凱基5B購03,0,,,,
708540,精材凱基5B購04,0,,,,
708541,臺慶科凱基5B購01,0,,,,
708542,譜瑞凱基61購01,420,0.21,0.21,0.21,0.21
708543,群聯永豐65購03,60750,0.45,0.45,0.45,0.45
708544,精材永豐63購01,0,,,,
708545,世界兆豐61購01,10780,0.63,0.64,0.63,0.64
708546,譜瑞兆豐65購01,1120,0.6,0.6,0.52,0.52
708547,群聯群益67購01,71700,0.57,0.63,0.53,0.63
708548,精材群益5B購03,0,,,,
708549,廣穎群益61購01,347770,1.26,1.29,1.26,1.29
708550,世界元大63購03,35290,1.42,1.42,1.41,1.41
708551,新盛力元大61購02,672340,3.5,3.81,3.5,3.52
708552,群聯元大5C購01,92610,0.51,0.53,0.51,0.53
708553,譜瑞元大5B購01,0,,,,
708554,譜瑞元大5B購02,0,,,,
708555,中美晶國泰61購01,335900,3.01,3.46,3.0,3.46
708556,台半國泰5C購01,56670,2.52,2.65,2.52,2.65
708557,欣銓國泰5C購02,103050,1.11,1.19,1.05,1.14
708558,立碁富邦5B購01,166770,0.48,0.48,0.46,0.46
708559,欣銓富邦5B購02,210,0.21,0.21,0.21,0.21
708560,威剛富邦5B購01,0,,,,
708561,順達富邦5C購02,597600,0.63,0.64,0.61,0.61
708562,群聯富邦62購04,225270,0.3,0.31,0.3,0.3
708563,中美晶國票5C購01,91750,0.85,1.11,0.85,1.11
708564,台特化國票5C購01,0,,,,
708565,尼克森國票5B購01,230,0.23,0.23,0.23,0.23
708566,立敦國票5B購01,0,,,,
708567,美琪瑪國票5C購02,1110,0.37,0.37,0.37,0.37
708568,宸曜國票5B購01,38180,0.77,0.77,0.58,0.6
708569,新盛力國票5C購01,0,,,,
708570,新漢國票5B購01,1400,0.07,0.07,0.07,0.07
708571,群聯國票5C購01,43780,0.22,0.22,0.22,0.22
708572,世界凱基5B購03,0,,,,
708573,家登凱基5B購05,5940,0.06,0.06,0.06,0.06
708574,創惟凱基5B購01,16200,0.12,0.12,0.12,0.12
708575,華宏凱基5B購01,0,,,,
708576,閎康凱基5B購02,0,,,,
708577,閎康凱基5B購03,0,,,,
708578,閎康凱基5B購04,5000,0.05,0.05,0.05,0.05
708579,群聯凱基5B購04,0,,,,
708580,群聯凱基5C購01,0,,,,
708581,群聯凱基61購03,10000,0.25,0.25,0.25,0.25
708582,榮剛凱基5B購01,0,,,,
708583,精材凱基5B購05,4180,4.18,4.18,4.18,4.18
708584,廣穎凱基5B購02,0,,,,
708585,譜瑞凱基5B購02,0,,,,
708586,美琪瑪富邦5B購01,4900,0.05,0.05,0.05,0.05
708587,閎康富邦62購01,0,,,,
708588,群聯富邦62購05,23400,0.19,0.19,0.15,0.15
708589,宏捷科兆豐65購01,55260,0.38,0.38,0.37,0.37
708590,群聯兆豐65購02,138630,0.62,0.64,0.62,0.63
708591,精材兆豐61購01,0,,,,
708592,元太元大5B購02,0,,,,
708593,世禾元大5B購02,9600,0.16,0.16,0.16,0.16
708594,欣銓元大5B購02,90430,0.96,1.01,0.96,0.97
708595,順達元大5B購03,0,,,,
708596,新盛力元大61購03,323220,1.88,2.11,1.88,1.96
708597,群聯元大5B購10,0,,,,
708598,群聯元大5B購11,0,,,,
708599,群聯元大5B購12,0,,,,
708600,群聯元大5B購13,1660,0.16,0.16,0.15,0.15
708601,群聯元大5B購14,800,0.2,0.2,0.2,0.2
708602,群聯元大5C購02,0,,,,
708603,群聯元大61購06,59220,0.42,0.42,0.42,0.42
708604,群聯元大63購03,0,,,,
708605,精材元大61購07,0,,,,
708606,譜瑞元大5B購03,0,,,,
708607,中美晶永豐65購01,531440,0.95,1.2,0.91,1.2
708608,台半永豐63購01,0,,,,
708609,茂達永豐61購01,0,,,,
708610,新盛力永豐63購01,622100,1.21,1.31,1.2,1.2
708611,群聯永豐5C購03,6500,0.13,0.13,0.13,0.13
708612,群聯永豐5C購04,900,0.18,0.18,0.18,0.18
708613,精材永豐64購01,0,,,,
708614,德微永豐63購01,32200,1.61,1.61,1.61,1.61
708615,元太群益5B購03,0,,,,
708616,方土昶群益5B購02,2400,0.24,0.24,0.24,0.24
708617,台半群益5B購01,134200,0.61,0.61,0.61,0.61
708618,家登群益5B購03,5940,0.06,0.06,0.06,0.06
708619,閎康群益61購01,0,,,,
708620,陽程群益5B購02,6100,6.1,6.1,6.1,6.1
708621,順達群益5B購03,0,,,,
708622,新盛力群益5B購03,3360,0.76,0.92,0.76,0.92
708623,群聯群益5B購05,450,0.09,0.09,0.09,0.09
708624,群聯群益61購04,1560,0.22,0.23,0.22,0.23
708625,榮剛群益5B購01,0,,,,
708626,精材群益5B購04,0,,,,
708627,廣穎群益5B購02,143990,0.77,0.77,0.77,0.77
708628,譜瑞群益5B購02,500,0.05,0.05,0.05,0.05
708629,元太凱基5B購04,0,,,,
708630,元太凱基5B購05,0,,,,
708631,閎康凱基61購02,0,,,,
708632,順達凱基5B購03,0,,,,
708633,新盛力凱基61購01,1144210,0.88,1.05,0.88,1.03
708634,譜瑞凱基5B購03,1100,0.11,0.11,0.11,0.11
708635,譜瑞凱基5B購04,0,,,,
708636,中美晶元大63購02,161740,2.01,2.28,2.01,2.28
708637,沛亨元大5B購02,0,,,,
708638,威剛元大5B購08,0,,,,
708639,閎康元大5B購01,0,,,,
708640,順達元大5B購04,132240,0.55,0.65,0.54,0.64
708642,優群元大5B購01,0,,,,
708643,譜瑞元大5B購04,0,,,,
708644,譜瑞元大5B購05,5600,0.04,0.04,0.04,0.04
708645,譜瑞元大5B購06,0,,,,
708646,譜瑞元大5B購07,1500,0.03,0.03,0.03,0.03
708647,台特化永豐61購01,0,,,,
708648,沛亨永豐5C購01,108400,0.24,0.26,0.24,0.25
708649,金益鼎永豐5C購01,0,,,,
708650,廣穎永豐61購01,88990,0.47,0.49,0.47,0.49
708651,中美晶富邦5B購01,1173280,0.75,0.81,0.67,0.81
708652,元太富邦62購01,0,,,,
708653,元太富邦62購02,0,,,,
708654,系統電富邦5B購01,700,0.07,0.07,0.07,0.07
708655,新盛力富邦62購01,679280,0.9,1.04,0.9,0.95
708656,元太群益5B購04,0,,,,
708657,閎康群益5B購04,0,,,,
708658,廣穎群益61購02,8300,0.69,0.7,0.69,0.7
708659,元太群益5B購05,0,,,,
708660,臺慶科群益5B購02,0,,,,
708661,元太元大5B購03,0,,,,
708662,元太元大5B購04,0,,,,
708664,元太元大5B購06,0,,,,
708665,元太元大5B購07,0,,,,
708666,元太元大5B購08,0,,,,
708667,元太元大5B購09,0,,,,
708668,元太元大5B購10,0,,,,
708669,博盛元大5B購01,570,0.57,0.57,0.57,0.57
708670,陽程元大63購02,1358790,2.86,3.07,2.77,2.95
708671,新盛力元大5B購03,221010,1.35,1.51,1.35,1.44
708672,元太永豐5C購01,0,,,,
708673,元太永豐61購01,0,,,,
708674,威剛永豐67購01,0,,,,
708675,智通*永豐61購01,0,,,,
708676,閎康永豐61購01,0,,,,
708677,新漢永豐5C購01,0,,,,
708678,臺慶科永豐5C購01,0,,,,
708679,凡甲凱基5C購01,1300,0.13,0.13,0.13,0.13
708680,中美晶凱基5B購03,0,,,,
708681,元太凱基5B購06,0,,,,
708682,威剛凱基5B購07,0,,,,
708683,美琪瑪凱基5C購01,0,,,,
708684,陽程凱基5B購01,647880,2.89,3.49,2.89,3.3
708685,新盛力凱基5B購03,1376860,0.64,0.85,0.64,0.76
708686,新盛力凱基61購02,201080,1.03,1.21,1.03,1.16
708688,凡甲台新5B購01,270,0.09,0.09,0.09,0.09
708689,凡甲台新5B購02,0,,,,
708690,凡甲台新5B購03,0,,,,
708691,中美晶台新5B購03,0,,,,
708692,元太台新5B購01,0,,,,
708693,方土昶台新5B購01,112340,0.95,0.98,0.95,0.98
708694,台特化台新5B購03,0,,,,
708695,閎康台新5B購01,0,,,,
708696,閎康台新5B購02,0,,,,
708697,閎康台新5B購03,0,,,,
708698,順達台新5B購03,122280,0.84,0.87,0.84,0.87
708699,臺慶科台新5B購02,3960,0.99,0.99,0.99,0.99
708700,凡甲國泰61購02,6800,0.34,0.34,0.34,0.34
708701,元太國泰5C購01,0,,,,
708702,元太國泰5C購02,0,,,,
708703,元太國泰5C購03,0,,,,
708704,台半富邦62購01,225780,0.65,0.65,0.61,0.64
708705,華景電富邦5B購01,0,,,,
708706,新盛力富邦61購04,1625340,0.8,0.93,0.8,0.84
708707,德微富邦63購01,77990,1.2,1.2,1.18,1.19
708708,雙鴻富邦61購01,1640,1.64,1.64,1.64,1.64
708709,元太國票5C購01,0,,,,
708710,元太國票5C購02,0,,,,
708711,光頡國票5B購01,0,,,,
708712,光頡國票5B購02,0,,,,
708713,朋程國票5B購01,10000,0.2,0.2,0.2,0.2
708714,閎康國票5C購01,0,,,,
708715,新盛力國票5B購02,751270,0.73,0.9,0.73,0.76
708716,中美晶台新5B購04,324900,4.82,6.9,4.61,6.9
708717,台半台新5B購01,0,,,,
708718,台半台新5B購02,28300,2.54,2.6,2.54,2.6
708719,台半台新5B購03,13000,1.3,1.3,1.3,1.3
708720,光頡凱基5B購01,0,,,,
708721,陽程凱基61購01,89020,2.47,2.58,2.39,2.58
708722,陽程凱基63購02,135470,2.35,2.35,2.04,2.13
708723,勤凱凱基5B購01,0,,,,
708724,臺慶科凱基5B購02,0,,,,
708725,擎亞凱基5B購02,7800,0.13,0.13,0.13,0.13
708726,擎亞凱基5B購03,0,,,,
708727,台半元大63購02,470680,2.31,2.31,2.23,2.3
708728,威剛元大5B購09,0,,,,
708729,博盛元大5B購02,0,,,,
708730,閎康元大5B購02,0,,,,
708731,陽程元大5B購01,731290,2.32,2.44,2.31,2.32
708732,陽程元大5B購02,376720,1.95,1.96,1.85,1.92
708733,陽程元大65購02,1556930,1.38,1.38,1.29,1.35
708734,勤凱元大5B購01,0,,,,
708735,勤凱元大5B購02,0,,,,
708736,勤凱元大5B購03,0,,,,
708737,群翊元大5B購02,0,,,,
708738,德微元大5B購01,0,,,,
708739,德微元大5B購02,0,,,,
708740,擎亞元大5B購03,160,0.16,0.16,0.16,0.16
708741,擎亞元大5B購04,0,,,,
708742,尼克森永豐5C購01,300,0.15,0.15,0.15,0.15
708743,光頡永豐61購01,49910,3.57,3.57,3.29,3.29
708744,翔名永豐5C購01,0,,,,
708745,陽程永豐5B購02,241650,1.32,1.41,1.2,1.34
708746,精材永豐61購02,0,,,,
708747,臺慶科永豐65購01,0,,,,
708748,擎亞永豐5C購01,0,,,,
708749,擎亞永豐61購01,8800,0.44,0.44,0.44,0.44
708750,雙鴻永豐65購01,0,,,,
708751,精材富邦5B購02,0,,,,
708752,博盛國泰5C購01,620,0.62,0.62,0.62,0.62
708753,擎亞國泰61購01,0,,,,
708754,凡甲群益5B購02,0,,,,
708755,中美晶群益5B購03,1085100,1.86,2.56,1.86,2.56
708756,正淩群益5B購01,0,,,,
708757,威剛群益61購02,0,,,,
708758,陽程群益5B購03,13560,1.98,1.98,1.93,1.93
708759,聖暉*群益5B購02,0,,,,
708760,精材群益5B購06,0,,,,
708761,擎亞群益5B購02,0,,,,
708762,大中國票5B購01,960,0.32,0.32,0.32,0.32
708763,世界國票5C購04,0,,,,
708764,立端國票5C購01,22240,0.39,0.4,0.39,0.39
708766,沛亨國票5C購01,0,,,,
708767,威剛國票5C購03,0,,,,
708768,原相國票5B購02,0,,,,
708769,家碩國票5C購01,40510,0.23,0.25,0.23,0.24
708770,博盛國票5B購02,12100,0.24,0.25,0.24,0.25
708771,博盛國票5C購01,0,,,,
708772,博盛國票5C購02,2050,0.41,0.41,0.41,0.41
708773,陽程國票5B購01,121640,2.05,2.1,1.84,2.0
708774,新鉅科國票5C購01,0,,,,
708775,聖暉*國票5C購01,6860,0.23,0.24,0.23,0.24
708776,榮剛國票5C購01,0,,,,
708777,精材國票5C購02,0,,,,
708778,臺慶科國票5C購02,3800,0.19,0.19,0.19,0.19
708779,廣閎科國票5C購01,358520,1.36,1.36,1.27,1.29
708780,擎亞國票5B購01,0,,,,
708781,FH中5G凱基5B購01,0,,,,
708782,世界凱基64購01,0,,,,
708783,正淩凱基5B購02,0,,,,
708784,光頡凱基5B購02,242370,4.02,4.36,3.89,3.89
708785,均豪凱基5B購02,0,,,,
708786,沛亨凱基5B購02,86550,0.33,0.34,0.33,0.34
708787,群翊凱基5B購01,6400,0.32,0.32,0.32,0.32
708788,聖暉*凱基5B購04,0,,,,
708789,精材凱基5B購06,0,,,,
708790,精材凱基5B購07,0,,,,
708791,精材凱基5C購02,0,,,,
708792,精材凱基61購04,0,,,,
708793,德微凱基5B購01,25820,1.83,1.87,1.83,1.87
708794,世界中信5B購02,127970,0.16,0.17,0.16,0.17
708795,正淩永豐61購01,0,,,,
708796,茂綸永豐61購01,0,,,,
708797,神準永豐5C購01,1910,0.32,0.32,0.31,0.32
708798,精材永豐65購01,346600,2.01,2.02,1.4,2.02
708799,台半元大5B購01,4100,2.05,2.05,2.05,2.05
708800,光頡元大5B購01,267000,3.36,3.36,3.3,3.3
708801,光頡元大5B購03,0,,,,
708802,聖暉*元大5B購03,169220,0.32,0.35,0.32,0.35
708803,聖暉*元大5B購04,0,,,,
708804,雷科元大5B購01,0,,,,
708805,精材元大5B購13,0,,,,
708806,精材元大5B購14,0,,,,
708807,精材元大5B購15,0,,,,
708808,精材元大5B購16,0,,,,
708809,精材元大5B購17,0,,,,
708810,精材元大63購03,0,,,,
708811,臺慶科元大63購01,0,,,,
708812,世界台新5B購04,350550,1.1,1.1,1.0,1.05
708813,光頡台新5B購01,0,,,,
708814,欣銓台新5B購03,291500,0.74,0.88,0.74,0.85
708815,欣銓台新5B購04,259550,0.68,0.71,0.66,0.67
708816,倚強台新5B購01,724680,2.65,3.04,2.58,2.79
708817,聖暉*台新5B購03,0,,,,
708818,榮剛台新5B購01,0,,,,
708819,精材台新5B購04,0,,,,
708820,精材台新5B購05,0,,,,
708821,精材台新5C購01,0,,,,
708822,臺慶科台新5B購03,0,,,,
708823,臺慶科台新5B購04,0,,,,
708824,伍豐國票5C購01,16500,0.16,0.17,0.16,0.17
708825,光頡國票5B購03,0,,,,
708826,翔名國票5C購02,0,,,,
708827,聖暉*兆豐61購01,92660,0.3,0.31,0.3,0.3
708828,立敦群益5B購01,0,,,,
708829,光頡群益5B購01,0,,,,
708830,金益鼎群益5B購01,0,,,,
708831,茂綸群益5C購01,46450,0.5,0.5,0.48,0.48
708832,翔名群益5B購01,0,,,,
708833,精材群益5B購07,62640,4.62,4.62,4.36,4.36
708834,千如國泰5C購01,0,,,,
708835,聖暉*國泰5C購01,0,,,,
708836,精材國泰5C購01,0,,,,
708837,精材國泰5C購02,0,,,,
708838,臺慶科國泰5C購01,0,,,,
708839,萬泰科富邦63購01,0,,,,
708840,中美晶元大5B購04,20340,1.98,2.09,1.98,2.09
708841,台半元大5B購02,40900,0.85,0.87,0.85,0.87
708842,光頡元大5B購04,117300,3.45,3.45,3.45,3.45
708843,威剛元大5B購10,67660,1.11,1.11,1.1,1.1
708844,威剛元大5B購11,0,,,,
708845,翔名元大5B購01,0,,,,
708846,順達元大5B購05,401250,0.94,1.1,0.93,1.04
708847,新盛力元大5B購04,126550,1.67,1.75,1.67,1.75
708848,群翊元大5B購03,179320,0.35,0.37,0.35,0.37
708849,擎亞元大5B購05,0,,,,
708850,擎亞元大5B購06,0,,,,
708851,久元凱基5B購03,0,,,,
708852,台半凱基5B購01,8000,0.8,0.8,0.8,0.8
708853,立碁凱基5C購02,0,,,,
708854,光頡凱基5B購03,18240,2.28,2.28,2.28,2.28
708855,光頡凱基5B購04,0,,,,
708856,茂綸凱基5C購01,72390,0.86,0.86,0.75,0.75
708857,翔名凱基5B購01,0,,,,
708858,德微凱基5B購02,125860,0.81,0.84,0.8,0.81
708859,立敦台新5B購01,0,,,,
708860,立敦台新5B購02,0,,,,
708861,沛亨台新5B購01,118430,0.97,1.0,0.97,1.0
708862,沛亨台新5B購02,77010,0.85,0.87,0.85,0.87
708863,沛亨台新5B購03,0,,,,
708864,捷創台新5B購01,0,,,,
708865,新盛力台新5B購02,0,,,,
708866,新盛力台新5B購03,0,,,,
708867,新盛力台新5C購01,2114270,2.73,3.23,2.73,2.95
708868,新盛力台新62購02,2053970,2.22,2.55,2.22,2.32
708869,中美晶中信5B購01,196410,1.01,1.28,0.98,1.28
708870,光頡中信5B購01,785560,1.58,1.62,1.36,1.44
708871,威剛中信65購01,10000,0.4,0.4,0.4,0.4
708872,台半永豐61購01,133180,1.33,1.34,1.33,1.34
708873,光頡永豐64購01,0,,,,
708874,雅特力永豐5B購01,126830,1.63,1.64,1.61,1.64
708875,千如國票5C購01,20280,0.39,0.39,0.39,0.39
708876,台半國票5C購02,0,,,,
708877,台星科國票5C購02,0,,,,
708878,光頡國票5C購01,310580,3.21,3.21,3.04,3.18
708880,亞通國票5B購01,0,,,,
708881,金益鼎國票5C購01,0,,,,
708882,能率國票5C購01,0,,,,
708883,晶焱國票5B購01,22100,0.17,0.17,0.17,0.17
708884,智通*國票5B購02,30000,0.2,0.2,0.2,0.2
708885,翔名國票5C購03,0,,,,
708886,雅特力國票5C購01,48710,1.66,1.77,1.66,1.67
708887,萬泰科國票5C購01,185000,0.26,0.27,0.26,0.26
708888,雷科國票5B購02,305670,2.8,2.99,2.56,2.79
708889,德微國票5C購01,705000,1.37,1.37,1.32,1.34
708890,擎亞國票5B購02,0,,,,
708891,久元群益61購02,0,,,,
708892,世界群益62購02,8700,0.66,0.7,0.66,0.7
708893,立碁群益5B購01,47270,2.2,2.2,2.12,2.12
708894,光頡群益5B購02,0,,,,
708895,均豪群益5B購02,0,,,,
708896,擎亞群益5C購01,17370,0.09,0.09,0.09,0.09
708897,雷科國泰61購01,190150,5.9,6.15,5.9,6.15
708898,寶雅富邦61購01,1650,1.65,1.65,1.65,1.65
708899,凡甲統一65購01,1000,0.2,0.2,0.2,0.2
708900,久元統一65購01,0,,,,
708901,久元統一65購02,0,,,,
708902,大中統一63購01,0,,,,
708903,大中統一65購01,165800,0.59,0.6,0.59,0.6
708904,世界統一64購02,312500,0.7,0.7,0.68,0.68
708905,世界統一65購01,31520,0.61,0.62,0.6,0.6
708906,世界統一65購02,550,0.55,0.55,0.55,0.55
708907,尼克森統一63購01,9800,0.3,0.31,0.3,0.3
708908,立敦統一63購01,0,,,,
708909,立敦統一65購01,0,,,,
708910,立敦統一65購02,0,,,,
708911,立敦統一66購01,0,,,,
708912,光頡統一63購01,0,,,,
708913,光頡統一65購01,1451570,1.62,1.69,1.53,1.55
708914,光頡統一65購02,0,,,,
708915,安葆統一75購01,0,,,,
708916,艾訊統一65購01,44600,0.32,0.32,0.31,0.31
708917,邑錡統一65購01,111800,0.43,0.43,0.43,0.43
708918,亞通統一65購01,0,,,,
708919,欣銓統一63購01,71150,0.64,0.7,0.64,0.69
708920,欣銓統一65購02,22160,0.59,0.6,0.58,0.6
708921,欣銓統一67購01,258440,1.13,1.17,1.09,1.13
708922,欣銓統一69購01,17200,0.86,0.86,0.86,0.86
708923,威剛統一64購02,0,,,,
708924,威剛統一65購01,0,,,,
708925,威剛統一65購02,0,,,,
708926,威剛統一65購03,0,,,,
708927,威剛統一69購01,0,,,,
708928,茂達統一64購01,5300,0.53,0.53,0.53,0.53
708929,茂綸統一63購01,8780,0.74,0.74,0.69,0.69
708930,翔名統一63購01,153180,0.31,0.31,0.29,0.29
708931,翔名統一65購01,0,,,,
708932,閎康統一65購01,0,,,,
708933,閎康統一65購02,0,,,,
708934,順達統一65購02,114760,0.56,0.6,0.56,0.6
708935,新盛力統一69購01,888670,0.74,0.79,0.74,0.75
708936,聖暉*統一63購02,118790,0.31,0.34,0.31,0.34
708937,臺慶科統一63購01,0,,,,
708938,臺慶科統一65購01,0,,,,
708939,擎亞統一67購01,1930,0.32,0.33,0.32,0.33
708940,中美晶凱基5B購04,56200,1.9,2.05,1.9,2.05
708941,世界凱基63購01,870,0.87,0.87,0.87,0.87
708942,台半凱基61購01,26100,0.87,0.87,0.87,0.87
708943,台星科凱基5C購01,600,0.6,0.6,0.6,0.6
708944,均豪凱基5B購03,0,,,,
708945,威剛凱基5B購08,0,,,,
708946,德微凱基5C購01,118000,0.8,0.8,0.77,0.79
708947,擎亞凱基5B購04,0,,,,
708948,順達台新61購01,2694940,1.89,2.16,1.89,2.16
708949,鈊象台新5B購04,15900,1.59,1.59,1.59,1.59
708950,優群台新5B購02,0,,,,
708951,中美晶元大5B購05,0,,,,
708952,台半元大5B購03,0,,,,
708953,均豪元大5B購03,7500,0.25,0.25,0.25,0.25
708954,威剛元大5B購12,0,,,,
708955,威剛元大5B購13,0,,,,
708956,順達元大5B購06,339080,1.45,1.7,1.45,1.68
708957,新盛力元大5B購05,123380,1.1,1.16,1.1,1.16
708958,雷科元大5B購02,33500,3.35,3.35,3.35,3.35
708959,雷科元大5B購03,72780,3.4,3.78,3.4,3.78
708960,雷科元大5B購04,7980,3.99,3.99,3.99,3.99
708961,擎亞元大5B購07,0,,,,
708962,點序元大5B購01,0,,,,
708963,台半永豐5C購02,0,,,,
708964,凌陽創永豐61購01,0,,,,
708965,萬泰科永豐61購01,0,,,,
708966,久元群益5B購01,2500,0.01,0.01,0.01,0.01
708967,均豪群益5B購03,0,,,,
708968,佳邦群益5B購01,1400,0.07,0.07,0.07,0.07
708969,朋程群益5B購02,0,,,,
708970,欣銓群益5B購03,96040,0.76,0.81,0.76,0.8
708971,鈊象群益5B購03,166660,0.54,0.59,0.54,0.58
708972,鈺太群益5B購01,0,,,,
708973,德微群益5B購03,420650,0.85,0.88,0.85,0.88
708974,雙鴻群益5B購08,0,,,,
708975,久元統一65購03,0,,,,
708976,久元統一65購04,0,,,,
708977,台半統一63購01,22320,0.93,0.93,0.93,0.93
708978,台半統一65購01,4900,0.49,0.49,0.49,0.49
708979,台半統一69購01,11680,0.53,0.54,0.53,0.54
708980,台星科統一65購01,90280,0.61,0.61,0.61,0.61
708981,立敦統一65購03,0,,,,
708982,沛亨統一69購01,1120,0.56,0.56,0.56,0.56
708983,良維統一5B購01,0,,,,
708984,欣銓統一65購03,0,,,,
708985,金益鼎統一65購02,0,,,,
708986,威剛統一5B購02,0,,,,
708987,威剛統一65購04,0,,,,
708988,茂達統一65購01,92560,0.52,0.52,0.52,0.52
708989,茂綸統一65購01,138400,0.62,0.62,0.6,0.6
708990,閎康統一63購02,0,,,,
708991,聖暉*統一65購02,4700,0.47,0.47,0.47,0.47
708992,德微統一63購02,551330,0.66,0.66,0.63,0.66
708993,德微統一75購01,0,,,,
708994,擎亞統一63購01,2610,0.27,0.27,0.26,0.26
708995,擎亞統一65購01,0,,,,
708996,擎亞統一66購01,0,,,,
708997,鑫科統一69購01,0,,,,
708998,台半國票5C購03,13650,0.65,0.65,0.65,0.65
708999,安葆國票5C購02,0,,,,
709000,欣銓國票5C購02,0,,,,
709001,泓格國票5B購01,27000,0.27,0.27,0.27,0.27
709002,泓格國票5C購01,39500,0.39,0.39,0.33,0.34
709003,雷科國票5B購04,249890,3.0,3.54,3.0,3.54
709004,漢達國票5C購01,173560,2.04,2.18,2.0,2.18
709005,德微國票5C購02,21320,0.97,0.97,0.96,0.96
709006,大中台新5B購01,101000,1.01,1.01,1.01,1.01
709007,元債20台新5B購01,0,,,,
709008,立敦台新5B購03,0,,,,
709009,佳邦台新5B購01,0,,,,
709010,博大台新5B購01,150620,0.53,0.55,0.53,0.55
709011,立敦凱基5B購01,1200,0.08,0.08,0.08,0.08
709012,安葆凱基5C購02,20530,2.2,2.31,2.2,2.28
709013,佳邦凱基5C購01,0,,,,
709014,朋程凱基5B購02,0,,,,
709015,威剛凱基5C購02,0,,,,
709016,茂達凱基5B購01,6820,0.33,0.33,0.32,0.32
709017,鈊象凱基5B購02,0,,,,
709018,鈺太凱基5B購03,0,,,,
709019,臺慶科凱基63購01,0,,,,
709020,德微凱基5B購03,61240,0.33,0.34,0.32,0.34
709021,擎亞凱基5B購05,0,,,,
709022,雙鴻凱基61購03,13000,2.6,2.6,2.6,2.6
709023,中美晶群益5B購04,26050,3.4,3.85,3.4,3.85
709024,世界群益61購01,30680,0.74,0.74,0.7,0.7
709025,台半群益5B購02,0,,,,
709026,台半群益5B購03,0,,,,
709027,均豪群益5B購04,0,,,,
709028,威剛群益5B購03,0,,,,
709029,茂達群益5B購01,0,,,,
709030,智通*群益5B購01,4300,0.43,0.43,0.43,0.43
709031,華宏群益5B購01,0,,,,
709032,新盛力群益61購01,2431250,2.35,2.68,2.35,2.49
709033,擎亞群益65購01,0,,,,
709034,台半元大5B購04,259410,2.07,2.07,2.01,2.06
709035,正淩元大5B購02,13400,0.2,0.24,0.2,0.22
709036,金益鼎元大5B購01,0,,,,
709037,威剛元大5B購14,0,,,,
709038,原相元大5B購02,0,,,,
709039,順達元大5B購07,124350,7.85,8.6,7.85,8.55
709040,雷科元大5B購05,0,,,,
709041,德微元大5B購03,0,,,,
709042,擎亞元大5B購08,59000,0.3,0.3,0.29,0.29
709043,寶雅元大5B購01,0,,,,
709044,威剛國泰5C購01,0,,,,
709045,威剛國泰5C購02,0,,,,
709046,威剛國泰5C購03,1250,1.25,1.25,1.25,1.25
709047,擎亞國泰62購01,310960,0.77,0.78,0.73,0.75
709048,久元富邦61購04,0,,,,
709049,台半富邦62購02,29820,0.74,0.74,0.72,0.72
709050,閎康富邦61購01,0,,,,
709051,新盛力富邦61購05,0,,,,
709052,擎亞富邦5C購01,124020,0.19,0.19,0.17,0.17
709053,久元統一65購05,0,,,,
709054,正淩統一65購02,0,,,,
709055,正淩統一69購01,0,,,,
709056,立敦統一65購04,0,,,,
709057,沛亨統一65購01,0,,,,
709058,朋程統一63購01,2370,0.33,0.34,0.33,0.34
709059,欣銓統一5B購01,0,,,,
709060,欣銓統一65購04,147690,0.63,0.64,0.63,0.64
709061,茂達統一65購02,0,,,,
709062,凌陽創統一63購01,0,,,,
709063,閎康統一65購03,0,,,,
709064,新漢統一61購01,0,,,,
709065,德微統一5B購01,219610,0.35,0.35,0.33,0.34
709066,德微統一65購01,98070,0.5,0.52,0.47,0.49
709067,德微統一65購02,0,,,,
709068,擎亞統一63購02,0,,,,
709069,擎亞統一65購02,0,,,,
709070,鑫科統一64購01,0,,,,
709071,立敦永豐61購01,0,,,,
709072,佳邦永豐63購01,0,,,,
709073,威剛永豐5B購02,0,,,,
709074,威剛永豐61購02,0,,,,
709075,原相永豐5C購01,30900,0.31,0.31,0.3,0.3
709076,德微永豐5C購01,33500,0.67,0.67,0.67,0.67
709077,擎亞永豐64購01,0,,,,
709078,元債20國票5B購02,0,,,,
709079,台半國票61購01,16640,0.64,0.64,0.64,0.64
709080,佳邦國票5C購02,0,,,,
709081,茂達國票5C購01,0,,,,
709082,博大國票5C購01,0,,,,
709083,晶宏國票5C購02,133010,1.01,1.01,0.98,1.0
709086,德微國票5C購03,142920,0.66,0.66,0.64,0.66
709087,點序國票5B購01,0,,,,
709088,點序國票5C購01,18000,0.09,0.09,0.09,0.09
709089,世紀*元大5B購01,70120,4.26,5.1,4.12,5.1
709090,台特化元大5B購02,19900,0.38,0.43,0.37,0.4
709091,博智元大5B購02,0,,,,
709092,智通*元大5B購01,4700,0.47,0.47,0.47,0.47
709093,鈊象元大5B購02,1290,1.29,1.29,1.29,1.29
709094,群聯元大5B購15,295790,2.16,2.36,2.14,2.29
709095,群聯元大5B購16,0,,,,
709096,廣穎元大5B購01,0,,,,
709097,雙鴻元大5B購03,0,,,,
709098,尼克森國票5B購02,0,,,,
709099,朋程國票5B購02,151310,0.4,0.43,0.4,0.43
709100,晶宏國票5C購03,31330,0.72,0.72,0.69,0.69
709101,華容國票5C購02,0,,,,
709102,群聯國票61購03,0,,,,
709103,雷科國票5C購01,5445060,2.02,2.42,2.02,2.38
709104,臺慶科國票5C購03,780,0.13,0.13,0.13,0.13
709105,廣穎國票5C購02,0,,,,
709107,擎亞國票5C購01,177090,0.19,0.19,0.17,0.17
709108,鑫聯國票5C購02,0,,,,
709109,中美晶凱基63購01,154390,1.47,1.82,1.46,1.82
709110,均豪凱基5C購01,73500,0.27,0.27,0.24,0.24
709111,凌陽創凱基5B購01,0,,,,
709112,博智凱基5B購01,4000,0.02,0.02,0.02,0.02
709113,博智凱基5B購02,0,,,,
709114,博智凱基5B購03,0,,,,
709115,群聯凱基5B購05,0,,,,
709116,群聯凱基5B購06,0,,,,
709117,群聯凱基5B購07,0,,,,
709118,雙鴻凱基5B購02,1164200,2.74,2.74,2.37,2.37
709119,中光電台新5B購01,4500,0.45,0.45,0.45,0.45
709120,中美晶台新61購01,103320,2.81,3.44,2.81,3.44
709121,原相台新5B購01,0,,,,
709122,博盛台新5B購01,3600,0.4,0.4,0.4,0.4
709123,博智台新5B購01,0,,,,
709124,博智台新5B購02,0,,,,
709125,博智台新5B購03,0,,,,
709126,順達台新5B購04,209920,1.6,1.8,1.6,1.8
709127,群聯台新5B購09,207000,0.51,0.54,0.5,0.54
709128,群聯台新5B購10,0,,,,
709129,群聯台新5B購11,0,,,,
709130,雷科台新5B購01,11600,3.88,3.88,3.84,3.84
709131,雷科台新5B購02,609370,2.8,3.35,2.8,3.33
709132,廣穎台新5B購01,0,,,,
709133,聯合台新5B購01,4100,0.34,0.35,0.34,0.35
709134,鑫科台新5B購01,1900,0.19,0.19,0.19,0.19
709135,台特化富邦5C購02,7200,0.18,0.18,0.18,0.18
709136,博智富邦61購02,1600,0.16,0.16,0.16,0.16
709137,群聯富邦61購03,450,0.45,0.45,0.45,0.45
709138,群聯富邦61購04,0,,,,
709139,安勤永豐5C購01,0,,,,
709140,朋程永豐5C購01,0,,,,
709141,博智永豐5C購02,2300,0.23,0.23,0.23,0.23
709142,群聯永豐5C購05,47500,0.38,0.38,0.38,0.38
709143,群聯永豐63購01,0,,,,
709144,群聯永豐64購03,0,,,,
709145,群聯永豐65購04,5000,0.5,0.5,0.5,0.5
709146,漢科永豐5C購01,0,,,,
709147,中美晶統一66購01,555170,0.79,0.91,0.78,0.91
709148,正淩統一65購03,0,,,,
709149,沛亨統一63購01,90160,0.56,0.56,0.56,0.56
709150,沛亨統一64購01,22500,0.45,0.45,0.45,0.45
709151,沛亨統一65購02,2760,0.46,0.46,0.46,0.46
709152,佳邦統一63購01,0,,,,
709153,佳邦統一65購01,4600,0.23,0.23,0.23,0.23
709154,朋程統一65購01,0,,,,
709155,欣銓統一63購02,0,,,,
709156,茂達統一65購03,0,,,,
709157,茂達統一69購01,0,,,,
709158,茂綸統一65購02,107300,0.69,0.69,0.66,0.66
709159,茂綸統一65購03,37010,0.61,0.61,0.59,0.59
709160,神準統一66購01,0,,,,
709161,博智統一63購02,4800,0.16,0.16,0.16,0.16
709162,博智統一65購01,0,,,,
709163,閎康統一65購04,0,,,,
709164,萬泰科統一75購01,500,0.5,0.5,0.5,0.5
709165,群聯統一5B購02,0,,,,
709166,群聯統一63購01,21360,0.36,0.36,0.35,0.35
709167,群聯統一63購02,98000,0.32,0.32,0.29,0.3
709168,群聯統一65購01,0,,,,
709169,群聯統一65購02,0,,,,
709170,群聯統一69購01,319870,0.99,1.0,0.99,1.0
709171,群聯統一69購02,41080,0.58,0.61,0.58,0.6
709172,群聯統一6B購01,0,,,,
709173,群聯統一75購01,80730,1.17,1.18,1.15,1.15
709174,聖暉*統一65購03,21850,0.48,0.49,0.48,0.49
709175,鈺太統一69購01,30600,0.3,0.3,0.3,0.3
709176,臺慶科統一65購02,0,,,,
709177,臺慶科統一65購03,0,,,,
709178,臺慶科統一69購01,0,,,,
709179,廣穎統一65購01,286040,0.61,0.62,0.61,0.62
709180,廣穎統一69購01,60200,0.7,0.7,0.7,0.7
709181,擎亞統一65購03,1950,0.39,0.39,0.39,0.39
709182,擎亞統一65購04,4750,0.25,0.25,0.25,0.25
709183,鑫科統一69購02,0,,,,
709184,鑫聯統一69購01,0,,,,
709185,群聯中信63購01,0,,,,
709186,倚強群益5B購01,2310,2.31,2.31,2.31,2.31
709187,原相群益5B購01,0,,,,
709188,博智群益5B購02,0,,,,
709189,博智群益5B購03,0,,,,
709190,華容群益5B購01,0,,,,
709191,新盛力群益61購02,3763120,1.85,2.18,1.85,1.96
709192,群聯群益5B購07,134790,0.76,0.78,0.73,0.73
709193,臺慶科群益5B購03,0,,,,
709194,優群群益5B購01,0,,,,
709195,擎亞群益62購01,0,,,,
709196,寶雅群益5B購01,226340,1.39,1.47,1.39,1.46
709197,鑫科群益5B購02,43320,0.07,0.1,0.07,0.1
709198,久元永豐5B購01,0,,,,
709199,威聯通永豐61購01,0,,,,
709200,富喬永豐61購02,188380,0.88,0.89,0.87,0.87
709201,富喬永豐66購01,0,,,,
709202,富喬永豐68購01,122960,1.06,1.06,1.06,1.06
709203,順達永豐64購01,94000,0.95,0.95,0.93,0.93
709204,順達永豐67購01,30600,1.02,1.02,1.02,1.02
709205,鈊象永豐63購01,30000,1.19,1.22,1.19,1.19
709206,新盛力永豐5C購02,332960,0.72,0.76,0.72,0.72
709207,擎亞永豐63購01,3450,0.23,0.23,0.23,0.23
709208,沛亨凱基5B購03,135240,0.21,0.21,0.21,0.21
709209,佳邦凱基5B購01,0,,,,
709210,富喬凱基5B購02,0,,,,
709211,富喬凱基61購02,58800,1.05,1.05,1.05,1.05
709212,富喬凱基61購03,145390,0.85,0.87,0.84,0.84
709213,勤凱凱基5B購02,0,,,,
709214,勤凱凱基5B購03,0,,,,
709215,勤凱凱基5B購04,0,,,,
709216,群聯凱基61購04,0,,,,
709217,臺慶科凱基5B購03,0,,,,
709218,擎亞凱基61購01,1440,0.18,0.18,0.18,0.18
709219,中光電台新5B購02,0,,,,
709220,台星科台新5B購01,2350,0.58,0.61,0.58,0.61
709221,台星科台新5B購02,0,,,,
709222,立碁台新62購01,50240,1.46,1.51,1.45,1.45
709223,沛亨台新5B購04,0,,,,
709224,佳邦台新5B購02,0,,,,
709225,佳邦台新5B購03,0,,,,
709226,順達台新5B購05,157140,2.18,2.23,2.18,2.23
709227,勤凱台新5B購02,0,,,,
709228,勤凱台新5B購03,0,,,,
709229,擎亞台新5B購01,3400,0.34,0.34,0.34,0.34
709230,擎亞台新5B購02,0,,,,
709231,雙鴻台新5B購01,0,,,,
709232,雙鴻台新5B購02,0,,,,
709233,雙鴻台新5B購03,6480,2.16,2.16,2.16,2.16
709234,台半國泰5C購02,0,,,,
709235,良維國泰5C購02,364400,1.01,1.1,1.01,1.1
709236,富喬國泰5C購01,0,,,,
709237,順達國泰5C購01,89390,0.71,0.82,0.71,0.82
709238,群聯國泰5C購01,2700,0.54,0.54,0.54,0.54
709239,群聯國泰5C購02,0,,,,
709240,威剛富邦5B購02,0,,,,
709241,富喬富邦5B購02,125210,0.48,0.49,0.47,0.47
709242,群聯富邦62購06,0,,,,
709243,均豪元大5B購04,34630,2.5,2.5,2.38,2.38
709244,欣銓元大5B購03,162690,0.82,0.89,0.82,0.89
709245,威剛元大5B購15,0,,,,
709246,原相元大5B購03,2200,0.22,0.22,0.22,0.22
709248,富喬元大5B購03,239310,1.45,1.47,1.45,1.45
709249,富喬元大5B購04,92400,0.55,0.55,0.55,0.55
709250,富喬元大5B購05,97280,0.64,0.64,0.64,0.64
709251,勤凱元大5B購04,0,,,,
709252,新盛力元大5B購06,125160,1.2,1.43,1.2,1.4
709253,新盛力元大5B購07,366940,1.48,1.58,1.47,1.58
709254,群聯元大5B購17,171190,2.36,2.43,2.3,2.3
709255,群聯元大5B購18,0,,,,
709256,臺慶科元大5B購01,0,,,,
709257,擎亞元大5B購09,0,,,,
709258,中美晶群益5B購05,35500,7.1,7.1,7.1,7.1
709259,均豪群益5B購05,69530,0.7,0.7,0.62,0.62
709260,富喬群益5B購02,1800,0.9,0.9,0.9,0.9
709261,勤凱群益5B購03,420,0.07,0.07,0.07,0.07
709262,新盛力群益63購01,1418230,1.21,1.37,1.21,1.26
709263,萬泰科群益5C購01,0,,,,
709264,群聯群益5B購08,42510,1.09,1.09,1.09,1.09
709265,擎亞群益5B購03,33830,0.17,0.17,0.17,0.17
709266,雙鴻群益5B購09,0,,,,
709267,方土昶永豐5C購01,0,,,,
709268,茂達永豐63購01,0,,,,
709269,精確永豐5B購01,4500,0.21,0.22,0.21,0.21
709270,優群永豐5C購01,0,,,,
709271,中美晶凱基5B購05,165600,0.71,0.89,0.7,0.89
709272,台半凱基5B購02,0,,,,
709273,立碁凱基5B購02,100230,0.49,0.51,0.47,0.47
709274,均豪凱基5B購04,0,,,,
709275,沛亨凱基5C購01,32600,0.42,0.42,0.4,0.4
709276,原相凱基5B購04,0,,,,
709277,華容凱基5B購01,0,,,,
709278,華容凱基5C購01,0,,,,
709279,萬泰科凱基5B購02,0,,,,
709280,精材凱基5B購09,0,,,,
709281,大中台新5B購02,0,,,,
709282,立碁台新5B購01,22610,1.33,1.33,1.33,1.33
709283,立碁台新5B購02,246400,1.12,1.12,1.12,1.12
709284,艾訊台新5B購03,90920,0.59,0.59,0.57,0.57
709285,艾訊台新5B購04,70700,0.46,0.46,0.45,0.45
709286,佳邦台新5B購04,0,,,,
709287,南俊台新5B購01,14600,0.2,0.2,0.19,0.19
709288,南俊台新5B購02,27050,0.18,0.18,0.15,0.15
709289,順達台新5B購06,6800,0.68,0.68,0.68,0.68
709290,勤凱台新5B購04,0,,,,
709291,臺慶科台新5B購06,0,,,,
709292,臺慶科台新5B購07,0,,,,
709293,群聯兆豐65購03,106590,0.57,0.57,0.57,0.57
709294,中美晶元大5B購06,5350,0.85,0.9,0.85,0.9
709295,方土昶元大5B購01,0,,,,
709296,世界元大5B購04,61420,0.83,0.83,0.83,0.83
709297,台半元大5B購05,0,,,,
709298,倚強元大5B購01,1607850,2.74,2.74,2.02,2.15
709299,華容元大5B購01,14880,2.48,2.48,2.48,2.48
709300,群聯元大61購07,5200,0.52,0.52,0.52,0.52
709301,聖暉*元大5B購05,194800,0.4,0.4,0.4,0.4
709302,臺慶科元大5B購02,0,,,,
709303,優群元大5B購02,0,,,,
709305,鑫科元大5B購03,0,,,,
709306,久元群益65購01,0,,,,
709307,中美晶群益5B購06,2519190,1.62,2.29,1.56,2.29
709308,世界群益5C購02,25420,0.62,0.62,0.62,0.62
709309,南俊群益5B購01,6510,0.3,0.3,0.09,0.09
709310,茂達群益5B購02,0,,,,
709311,富喬群益5B購03,120860,0.91,0.91,0.87,0.9
709312,群聯群益5B購09,0,,,,
709313,精材群益5B購09,0,,,,
709314,雙鴻群益5B購10,934750,2.19,2.19,1.99,1.99
709315,沛亨永豐65購01,0,,,,
709316,長科*永豐61購01,0,,,,
709317,順達永豐64購02,0,,,,
709318,群聯永豐5C購06,0,,,,
709319,群聯永豐5C購07,0,,,,
709320,群聯永豐65購05,0,,,,
709321,沛亨元大5B購03,0,,,,
709322,沛亨元大5B購04,0,,,,
709323,沛亨元大5B購05,87550,0.35,0.35,0.34,0.35
709324,良維元大5B購02,0,,,,
709325,佳邦元大5B購01,820,0.01,0.01,0.01,0.01
709326,朋程元大5B購01,0,,,,
709327,茂達元大5B購01,0,,,,
709328,富喬元大61購03,951000,1.14,1.17,1.14,1.15
709329,群聯元大61購08,252960,0.51,0.51,0.51,0.51
709330,良維富邦5C購02,0,,,,
709331,朋程富邦61購01,0,,,,
709332,順達富邦61購01,840,0.28,0.28,0.28,0.28
709333,大中群益5B購01,1290,1.29,1.29,1.29,1.29
709334,大中群益5B購02,0,,,,
709335,均豪群益5B購06,29800,0.25,0.25,0.24,0.24
709336,宏捷科群益5B購02,0,,,,
709337,良維群益5B購04,92000,0.23,0.23,0.23,0.23
709338,佳邦群益5B購02,0,,,,
709339,佳邦群益5B購03,0,,,,
709340,朋程群益5B購03,0,,,,
709341,長科*群益5B購01,0,,,,
709342,順達群益5B購04,0,,,,
709343,群翊群益5B購02,0,,,,
709344,漢科群益5B購01,17700,0.22,0.23,0.22,0.22
709345,精材群益5B購10,0,,,,
709346,台半凱基5B購03,42000,0.14,0.14,0.14,0.14
709347,沛亨凱基5B購04,0,,,,
709348,朋程凱基5B購03,0,,,,
709349,順達凱基5B購04,0,,,,
709350,群聯凱基5B購09,0,,,,
709351,聖暉*凱基5B購05,0,,,,
709352,優群凱基5B購02,0,,,,
709353,大中台新5B購03,15000,0.3,0.3,0.3,0.3
709354,台半台新5B購04,34440,0.68,0.68,0.66,0.66
709355,台半台新5B購05,0,,,,
709356,金益鼎台新5B購01,0,,,,
709357,博盛台新5B購02,73210,0.37,0.37,0.34,0.34
709358,順達台新5B購07,0,,,,
709359,勤凱台新5B購05,0,,,,
709360,群翊台新5B購01,0,,,,
709361,穩得台新5B購01,0,,,,
709362,台半凱基5B購04,300,0.3,0.3,0.3,0.3
709363,台特化凱基5B購03,0,,,,
709364,宏捷科凱基5B購02,110,0.11,0.11,0.11,0.11
709365,長科*凱基5B購01,0,,,,
709366,富喬凱基62購01,31450,0.85,0.85,0.85,0.85
709367,萊德光凱基5B購01,29480,0.19,0.19,0.16,0.18
709368,萊德光凱基5B購02,62960,0.36,0.36,0.32,0.32
709369,順達凱基5B購05,50600,0.1,0.1,0.1,0.1
709370,勤凱凱基5B購05,0,,,,
709371,群翊凱基62購01,0,,,,
709372,聖暉*凱基5B購06,0,,,,
709373,漢科凱基5B購01,0,,,,
709374,廣穎凱基5B購03,0,,,,
709375,雙鴻凱基5B購03,0,,,,
709376,系統電台新5B購01,0,,,,
709377,華容台新5B購01,0,,,,
709378,鈺太台新5B購01,0,,,,
709379,鈺太台新5B購02,0,,,,
709380,鈺太台新5B購03,0,,,,
709381,精材台新5B購07,0,,,,
709382,廣穎台新5B購02,120000,0.5,0.5,0.5,0.5
709383,點序台新5B購01,28600,0.14,0.15,0.14,0.15
709384,點序台新62購01,15600,0.39,0.39,0.39,0.39
709385,佳邦元大5B購02,0,,,,
709386,長科*元大5B購01,11620,0.83,0.83,0.83,0.83
709387,順達元大5B購08,1920,0.32,0.32,0.32,0.32
709388,順達元大62購01,178120,0.73,0.73,0.73,0.73
709389,群聯元大5B購19,47660,0.34,0.36,0.34,0.36
709390,群聯元大63購04,52000,0.44,0.44,0.43,0.43
709391,聖暉*元大5B購06,0,,,,
709392,佳邦富邦5B購01,0,,,,
709393,精材富邦5B購03,0,,,,
709394,台半群益62購01,0,,,,
709395,聖暉*群益5B購03,0,,,,
709396,優群群益62購01,0,,,,
709397,佳邦國泰5C購01,0,,,,
709398,威聯通國泰5C購01,0,,,,
709399,勤凱國泰5C購02,69720,0.24,0.24,0.23,0.23
709400,台半永豐63購02,46350,0.7,0.71,0.7,0.71
709401,台特化永豐63購01,0,,,,
709402,佳邦永豐5C購01,0,,,,
709403,萊德光永豐5C購01,6460,0.34,0.34,0.34,0.34
709404,勤凱永豐5C購04,0,,,,
709405,群聯永豐5B購01,2850,0.19,0.19,0.19,0.19
709406,鏵友益永豐5C購02,0,,,,
709407,久元元大5C購01,0,,,,
709408,中美晶元大5C購03,40210,1.37,1.49,1.37,1.49
709409,世界元大5C購02,39360,1.37,1.37,1.34,1.34
709410,台半元大5C購02,0,,,,
709411,良維元大5C購02,0,,,,
709412,佳邦元大5C購02,0,,,,
709413,富喬元大5C購03,45600,0.8,0.8,0.8,0.8
709414,順達元大5C購02,128000,0.64,0.64,0.64,0.64
709415,勤凱元大5C購01,0,,,,
709416,群聯元大5C購03,212900,1.48,1.53,1.45,1.45
709417,精材元大5C購01,0,,,,
709418,中美晶永豐64購01,262500,0.87,1.04,0.87,1.04
709419,長科*永豐61購02,1640,0.82,0.82,0.82,0.82
709420,晶焱永豐61購01,0,,,,
709421,華容永豐64購01,14750,2.95,2.95,2.95,2.95
709422,臺慶科永豐66購01,0,,,,
709423,廣穎永豐61購02,0,,,,
709424,台半凱基5C購02,980,0.08,0.09,0.08,0.09
709425,巨漢凱基5C購01,0,,,,
709426,良維凱基5C購03,0,,,,
709427,佳邦凱基5C購02,0,,,,
709428,佳邦凱基5C購03,0,,,,
709429,威剛凱基64購01,15600,0.52,0.52,0.52,0.52
709430,順達凱基5C購02,0,,,,
709431,勤凱凱基5C購01,0,,,,
709432,勤凱凱基5C購02,0,,,,
709433,勤凱凱基62購01,0,,,,
709434,群聯凱基66購01,0,,,,
709435,廣穎凱基5C購01,10280,0.14,0.15,0.14,0.15
709436,巨漢台新5C購01,0,,,,
709437,巨漢台新5C購02,0,,,,
709438,湧德台新61購01,0,,,,
709439,華容台新5C購01,0,,,,
709440,華容台新5C購02,0,,,,
709441,鈊象台新5C購01,0,,,,
709442,鑫聯台新5C購01,0,,,,
709443,台半群益5C購01,0,,,,
709444,台特化群益5C購02,88920,0.78,0.78,0.78,0.78
709445,立敦群益5C購01,0,,,,
709446,勤凱群益5C購01,12000,0.03,0.03,0.03,0.03
709447,廣穎群益5C購01,0,,,,
709448,雙鴻群益5C購01,0,,,,
709449,聖暉*國泰61購01,410,0.41,0.41,0.41,0.41
709450,雙鴻國泰61購02,0,,,,
709451,久元富邦66購01,0,,,,
709452,台半富邦64購01,182960,0.29,0.3,0.29,0.29
709453,台半富邦66購01,0,,,,
709454,宏捷科富邦66購01,0,,,,
709455,宏捷科富邦66購02,0,,,,
709456,長科*富邦63購01,7900,0.79,0.79,0.79,0.79
709457,威剛富邦62購01,0,,,,
709458,富喬富邦66購01,127470,0.86,0.87,0.86,0.87
709459,智通*富邦64購01,10440,1.16,1.16,1.16,1.16
709460,智通*富邦66購01,0,,,,
709461,閎康富邦66購01,0,,,,
709462,鈊象富邦66購01,77770,0.98,1.03,0.98,1.01
709463,群聯富邦64購01,0,,,,
709464,雙鴻富邦64購01,0,,,,
709465,台半國票61購02,0,,,,
709466,台半國票61購03,36000,0.18,0.18,0.18,0.18
709467,佳邦國票61購01,0,,,,
709468,佳邦國票61購02,0,,,,
709469,萊德光國票61購01,18180,0.3,0.31,0.28,0.28
709470,順達國票61購01,560,0.28,0.28,0.28,0.28
709471,中美晶群益62購02,238370,0.69,0.83,0.69,0.83
709472,台星科群益62購01,5720,0.44,0.44,0.44,0.44
709473,威剛群益62購01,0,,,,
709474,茂綸群益62購01,55880,1.34,1.34,1.3,1.3
709475,振曜群益5C購01,3040,0.08,0.08,0.08,0.08
709476,創惟群益5C購01,2400,0.12,0.12,0.12,0.12
709477,群聯群益5C購02,2400,0.24,0.24,0.24,0.24
709478,鈊象國泰61購01,0,,,,
709479,臺慶科國泰61購01,0,,,,
709480,朋程永豐5C購02,0,,,,
709481,欣銓永豐64購01,43960,0.85,0.87,0.84,0.87
709482,達航永豐61購01,3390,0.26,0.34,0.25,0.34
709483,達航永豐64購01,4500,0.45,0.45,0.45,0.45
709484,立敦富邦66購01,0,,,,
709485,宏觀富邦66購01,0,,,,
709486,順達富邦61購02,0,,,,
709487,漢科富邦66購01,335590,0.56,0.57,0.56,0.57
709488,廣明富邦66購01,8400,0.28,0.28,0.28,0.28
709489,璟德富邦66購01,0,,,,
709490,久元凱基5C購02,0,,,,
709491,中美晶凱基5C購02,707840,0.4,0.66,0.39,0.6
709492,立敦凱基5C購01,0,,,,
709493,良維凱基64購01,0,,,,
709494,朋程凱基61購01,1290,0.08,0.09,0.08,0.09
709495,能率亞凱基5C購01,20130,0.19,0.24,0.19,0.24
709496,富喬凱基5C購01,0,,,,
709497,華容凱基5C購02,1980,0.99,0.99,0.99,0.99
709498,群聯凱基5C購02,0,,,,
709499,廣穎凱基61購01,10060,0.26,0.26,0.14,0.14
709500,中美晶台新63購01,132960,1.35,1.59,1.35,1.59
709501,立敦台新5C購01,700,0.07,0.07,0.07,0.07
709502,宏觀台新5C購01,0,,,,
709503,南俊台新5C購01,400,0.4,0.4,0.4,0.4
709504,聖暉*台新5C購01,0,,,,
709505,精材台新5C購02,0,,,,
709506,精材台新5C購03,0,,,,
709507,璟德台新5C購01,0,,,,
709508,久元元大5C購02,0,,,,
709510,朋程元大5C購01,0,,,,
709511,長科*元大5C購01,0,,,,
709512,富喬元大61購04,278060,0.75,0.76,0.75,0.76
709513,晶焱元大5C購01,0,,,,
709514,順達元大5C購03,0,,,,
709515,順達元大64購05,134400,1.12,1.12,1.12,1.12
709516,群聯元大61購09,0,,,,
709517,臺慶科元大5C購01,0,,,,
709518,中美晶富邦62購01,348410,0.71,0.88,0.67,0.88
709519,世界凱基5C購04,25000,0.32,0.32,0.3,0.3
709520,世紀*凱基5C購01,0,,,,
709521,台半凱基61購02,0,,,,
709522,立端凱基61購01,0,,,,
709523,宏觀凱基61購03,0,,,,
709524,系統電凱基5C購02,0,,,,
709525,宜特凱基61購02,0,,,,
709526,長科*凱基5C購01,0,,,,
709527,宸曜凱基5C購01,6860,0.58,0.58,0.57,0.57
709528,順達凱基64購02,11800,0.59,0.59,0.59,0.59
709529,群聯凱基5C購03,9000,0.09,0.09,0.09,0.09
709530,大綜台新5C購01,1828900,1.52,1.54,1.49,1.51
709531,系統電台新5C購01,5900,0.19,0.21,0.19,0.21
709532,萊德光台新5C購01,113580,0.44,0.44,0.39,0.39
709533,廣運台新5C購01,0,,,,
709534,台半永豐61購02,0,,,,
709535,安葆永豐63購01,43950,2.15,2.2,2.15,2.2
709536,良維永豐5C購03,0,,,,
709537,雙鴻永豐64購02,15800,1.58,1.58,1.58,1.58
709538,久元元大5C購03,0,,,,
709539,中美晶元大5C購04,326800,0.7,0.82,0.7,0.82
709540,世界元大5C購03,116700,0.89,0.89,0.86,0.86
709541,世界元大64購05,45000,0.75,0.75,0.75,0.75
709542,台半元大5C購03,0,,,,
709543,台半元大5C購04,0,,,,
709544,台半元大66購02,0,,,,
709545,良維元大5C購03,210280,0.07,0.07,0.07,0.07
709546,欣銓元大5C購01,89060,0.47,0.52,0.47,0.5
709547,長科*元大5C購02,0,,,,
709548,長科*元大5C購03,0,,,,
709549,長科*元大66購01,62900,0.9,0.9,0.89,0.89
709550,富喬元大61購05,98800,0.65,0.65,0.65,0.65
709551,順達元大5C購04,162020,0.32,0.33,0.32,0.33
709552,順達元大64購06,177050,0.99,1.06,0.99,1.06
709553,群聯元大61購10,0,,,,
709554,聖暉*元大5C購04,0,,,,
709555,方土昶群益5C購01,0,,,,
709556,世界群益5C購03,400200,0.48,0.5,0.46,0.48
709557,台半群益5C購02,0,,,,
709558,台半群益61購01,0,,,,
709559,系微群益5C購01,0,,,,
709560,長科*群益61購01,0,,,,
709561,南俊群益5C購01,18250,0.25,0.25,0.23,0.23
709562,富喬群益5C購02,304920,1.34,1.36,1.33,1.33
709563,群聯群益5C購03,0,,,,
709564,臺慶科群益5C購01,0,,,,
709565,廣運群益5C購01,0,,,,
709566,雙鴻群益5C購02,1210660,2.31,2.34,1.91,1.91
709567,方土昶凱基5C購02,0,,,,
709568,威剛凱基61購01,15000,0.15,0.15,0.15,0.15
709569,雅特力凱基5C購01,0,,,,
709570,聰泰凱基5C購01,0,,,,
709571,雙鴻凱基5C購07,0,,,,
709572,雙鴻凱基5C購08,0,,,,
709573,能率台新5C購01,0,,,,
709574,良維富邦61購02,1500,0.15,0.15,0.15,0.15
709575,群聯富邦63購01,13800,0.23,0.23,0.23,0.23
709576,雙鴻富邦62購01,0,,,,
709577,達航國票61購01,1200,0.2,0.2,0.2,0.2
709579,中美晶元大5C購05,72470,1.76,1.97,1.76,1.97
709580,世界元大5C購04,29970,1.12,1.17,1.12,1.17
709581,世界元大64購06,9700,0.8,0.81,0.8,0.81
709582,台半元大5C購05,0,,,,
709583,台半元大66購03,35580,1.28,1.28,1.26,1.26
709584,宏觀元大5C購03,0,,,,
709585,威剛元大5C購01,0,,,,
709586,富喬元大64購01,542700,0.87,0.88,0.87,0.88
709587,順達元大5C購05,130450,1.0,1.12,1.0,1.12
709588,群聯元大61購11,0,,,,
709589,群聯元大64購04,77800,0.37,0.37,0.34,0.34
709591,威剛群益5C購03,0,,,,
709592,群聯群益5C購04,81180,0.82,0.82,0.82,0.82
709593,桓達永豐61購01,0,,,,
709594,宏觀國票61購01,0,,,,
709595,富喬國票5C購03,0,,,,
709596,群聯國票61購04,0,,,,
709597,精確國票61購01,64570,0.47,0.48,0.41,0.45
709598,磐亞國票61購01,1370,1.37,1.37,1.37,1.37
709599,雙鴻國票61購01,1190,1.19,1.19,1.19,1.19
709600,中美晶元大5C購06,40690,1.54,1.59,1.54,1.59
709601,世界元大5C購05,40320,1.12,1.12,1.12,1.12
709602,世界元大64購07,162580,1.31,1.31,1.26,1.29
709603,世界元大66購02,66420,0.82,0.82,0.82,0.82
709604,系統電元大5C購03,0,,,,
709605,威剛元大5C購02,77000,0.77,0.77,0.77,0.77
709606,威剛元大61購02,0,,,,
709607,群聯元大5C購04,0,,,,
709608,群聯元大5C購05,0,,,,
709609,群聯元大61購12,9300,0.31,0.31,0.31,0.31
709610,群聯元大64購05,0,,,,
709611,磐亞元大5C購01,23600,2.36,2.36,2.36,2.36
709612,系統電富邦61購02,0,,,,
709613,大綜永豐61購01,0,,,,
709614,磐亞永豐61購01,13650,1.67,1.72,1.67,1.71
709615,方土昶凱基5C購03,52320,0.16,0.16,0.16,0.16
709616,華電網凱基5C購01,0,,,,
709617,磐亞凱基5C購01,6540,1.62,1.65,1.62,1.65
709618,雙鴻凱基61購04,222960,1.33,1.34,1.15,1.15
709619,大綜台新5C購02,0,,,,
709620,系統電台新61購01,0,,,,
709621,良維台新5C購01,0,,,,
709622,順達台新5C購02,191810,0.39,0.45,0.39,0.43
709623,精材台新62購01,27540,4.59,4.59,4.59,4.59
709624,雙鴻台新5C購01,383270,1.73,1.78,1.34,1.34
709625,力致群益5C購01,0,,,,
709626,威剛群益5C購04,0,,,,
709627,群聯群益5C購05,0,,,,
709628,雙鴻群益62購01,515790,1.08,1.09,0.89,0.89
709629,方土昶永豐63購01,0,,,,
709630,系微永豐61購01,600800,0.25,0.26,0.24,0.24
709631,宜特永豐5C購03,0,,,,
709632,家登永豐5C購01,0,,,,
709633,鈊象永豐64購01,16940,0.77,0.77,0.77,0.77
709634,群聯永豐5C購08,0,,,,
709635,雙鴻群益5C購03,3052350,3.57,3.57,3.57,3.57
709636,大綜國票5C購01,27200,0.34,0.34,0.34,0.34
709637,台特化國票61購01,0,,,,
709638,光聚晶國票61購01,1440,0.23,0.25,0.23,0.25
709639,系統電國票61購01,5050,0.33,0.34,0.33,0.34
709640,家登國票5C購01,25400,0.65,0.65,0.62,0.62
709641,海韻電國票61購01,0,,,,
709642,鈊象國票61購01,5050,0.51,0.51,0.5,0.5
709643,聖暉*國票61購01,0,,,,
709644,大綜凱基5C購01,3300,0.17,0.17,0.16,0.16
709645,伍豐凱基5C購01,0,,,,
709646,系統電凱基5C購03,0,,,,
709647,朋億*凱基5C購01,4900,0.35,0.35,0.35,0.35
709648,威剛凱基5C購03,16800,0.21,0.21,0.21,0.21
709649,茂訊凱基5C購01,1320,0.44,0.44,0.44,0.44
709650,富喬凱基5C購02,0,,,,
709651,晶焱凱基5C購01,0,,,,
709652,雅特力凱基5C購02,74740,0.52,0.54,0.52,0.52
709653,群聯凱基5C購04,42500,0.17,0.17,0.17,0.17
709654,精確凱基5C購01,127920,0.42,0.42,0.35,0.41
709655,大綜台新5C購03,0,,,,
709656,大綜台新5C購04,0,,,,
709657,方土昶台新5C購01,0,,,,
709658,富喬台新5C購01,26880,1.12,1.12,1.12,1.12
709659,富喬台新5C購02,63080,1.48,1.48,1.46,1.46
709660,晶焱台新5C購01,0,,,,
709661,晶焱台新5C購02,0,,,,
709662,晶焱台新5C購03,0,,,,
709663,群聯台新5C購01,0,,,,
709664,大綜元大5C購01,10900,0.21,0.21,0.2,0.2
709665,中美晶元大5C購07,89020,1.66,1.81,1.66,1.81
709666,台半元大5C購06,0,,,,
709668,威剛元大61購03,0,,,,
709669,家登元大5C購04,205650,0.43,0.43,0.4,0.41
709670,群聯元大5C購06,150970,0.31,0.31,0.31,0.31
709671,群聯元大5C購07,0,,,,
709672,群聯元大5C購08,0,,,,
709673,群聯元大66購05,0,,,,
709674,聖暉*元大5C購05,0,,,,
709675,聖暉*元大5C購06,8900,0.16,0.17,0.16,0.16
709676,家登富邦63購01,0,,,,
709677,正德群益5C購01,0,,,,
709678,威剛群益5C購05,0,,,,
709679,家登群益5C購01,45500,0.91,0.91,0.91,0.91
709680,富喬群益5C購03,461230,1.53,1.55,1.52,1.52
709681,華容群益5C購01,0,,,,
709682,群聯群益5C購06,61000,1.24,1.27,1.24,1.27
709683,聖暉*群益5C購02,10400,0.13,0.13,0.13,0.13
709684,立端永豐64購01,11050,0.65,0.65,0.6,0.6
709685,威剛永豐6C購01,0,,,,
709686,建榮永豐61購01,0,,,,
709687,茂訊永豐5C購01,0,,,,
709688,雅特力永豐61購01,131180,0.98,1.01,0.98,1.01
709689,群聯永豐5C購09,0,,,,
709690,綠界*永豐61購01,0,,,,
709691,聰泰永豐61購01,208000,0.52,0.52,0.52,0.52
709692,立敦國票5C購01,0,,,,
709693,立敦國票5C購02,0,,,,
709694,伍豐國票61購01,159680,0.16,0.16,0.16,0.16
709695,光焱國票61購01,5320,0.23,0.24,0.23,0.24
709696,安勤國票61購01,7180,0.52,0.52,0.51,0.51
709697,系統電國票61購02,0,,,,
709698,邑昇國票61購01,10930,0.29,0.33,0.29,0.32
709699,信音國票5C購01,0,,,,
709700,建榮國票5C購01,21600,0.12,0.12,0.12,0.12
709701,博士旺國票5C購01,0,,,,
709702,博智國票5C購01,0,,,,
709703,博智國票5C購02,0,,,,
709704,晶焱國票5C購01,0,,,,
709705,雅特力國票61購01,8180,0.62,0.66,0.62,0.66
709706,雅特力國票61購02,259400,0.58,0.63,0.58,0.62
709707,意德士國票61購01,0,,,,
709708,聚和國票61購01,0,,,,
709709,臺慶科國票61購02,320,0.32,0.32,0.32,0.32
709710,廣閎科國票61購01,295120,1.28,1.28,1.24,1.24
709711,騰雲國票61購01,13740,0.87,0.87,0.84,0.84
709712,威剛國泰61購01,0,,,,
709713,湧德國泰61購01,0,,,,
709714,光焱台新5C購01,420,0.42,0.42,0.42,0.42
709715,兆利台新5C購01,0,,,,
709716,兆利台新5C購02,0,,,,
709717,雅特力台新5C購01,147060,0.86,0.86,0.86,0.86
709718,雅特力台新5C購02,118000,0.59,0.59,0.59,0.59
709719,鈊象台新5C購02,12540,0.66,0.66,0.66,0.66
709720,雙鴻台新5C購02,0,,,,
709721,雙鴻台新5C購03,0,,,,
709722,穩得台新5C購01,0,,,,
709723,中美晶元大5C購08,61960,1.92,1.98,1.85,1.95
709724,中美晶元大5C購09,327970,1.22,1.46,1.2,1.46
709725,方土昶元大5C購01,0,,,,
709728,信音元大5C購01,0,,,,
709729,威剛元大61購04,0,,,,
709730,富喬元大64購02,1302280,1.38,1.39,1.36,1.38
709731,順達元大5C購06,301170,1.2,1.34,1.19,1.28
709732,鈊象元大5C購05,65870,1.52,1.52,1.49,1.49
709733,群聯元大5C購09,272800,0.55,0.55,0.55,0.55
709734,群聯元大5C購10,149700,0.3,0.3,0.3,0.3
709735,群聯元大5C購11,0,,,,
709736,群聯元大66購06,184400,0.65,0.68,0.65,0.65
709737,精材元大5C購03,0,,,,
709738,精材元大64購01,0,,,,
709739,精材元大66購04,0,,,,
709740,順達凱基5C購03,95840,0.19,0.21,0.19,0.2
709741,群聯凱基5C購05,0,,,,
709742,聖暉*凱基5C購02,0,,,,
709743,精材凱基61購05,0,,,,
709744,臺慶科凱基5C購02,0,,,,
709745,宜鼎元大5C購05,500,0.25,0.25,0.25,0.25
709746,宜鼎元大61購04,2000,0.25,0.25,0.25,0.25
709747,廣閎科元大5C購01,1565690,1.25,1.25,1.11,1.12
709748,宜鼎群益5C購01,1600,0.16,0.16,0.16,0.16
709749,宜鼎群益5C購02,1910,0.11,0.11,0.1,0.1
709750,宜鼎群益5C購03,0,,,,
709751,方土昶國票61購01,7050,0.47,0.47,0.47,0.47
709752,加高國票61購01,0,,,,
709753,宜鼎國票61購01,50400,0.28,0.28,0.28,0.28
709754,威聯通國票61購01,0,,,,
709755,凱崴國票61購01,48270,0.3,0.3,0.29,0.3
709756,港建*國票61購01,0,,,,
709757,華容國票61購01,0,,,,
709758,萊德光國票61購02,0,,,,
709759,萊德光國票61購03,144240,0.56,0.56,0.52,0.56
709760,宜特國泰61購01,0,,,,
709761,宜鼎國泰61購02,18800,0.37,0.39,0.37,0.39
709762,宜鼎國泰61購03,0,,,,
709763,宜鼎國泰61購04,0,,,,
709764,台半富邦62購03,0,,,,
709765,台半富邦63購01,0,,,,
709766,宜特富邦62購01,0,,,,
709767,宜鼎富邦5C購04,0,,,,
709768,朋程富邦62購01,83960,0.34,0.35,0.34,0.35
709769,朋程富邦63購01,9800,0.32,0.33,0.32,0.33
709770,家登富邦62購02,60040,0.64,0.65,0.62,0.62
709771,家登富邦62購03,94430,0.63,0.64,0.62,0.63
709772,鈊象富邦62購01,6200,0.62,0.62,0.62,0.62
709773,鈊象富邦63購01,0,,,,
709774,雙鴻富邦63購01,0,,,,
709775,系統電凱基5C購04,0,,,,
709776,威剛凱基5C購04,9640,0.44,0.44,0.42,0.42
709777,家登凱基5C購03,254760,0.66,0.67,0.62,0.62
709778,博智凱基5C購03,2400,0.12,0.12,0.12,0.12
709779,富喬凱基5C購03,0,,,,
709780,勤凱凱基5C購03,0,,,,
709781,群聯凱基61購05,125490,0.4,0.4,0.37,0.38
709782,廣閎科凱基61購01,605480,0.9,0.9,0.76,0.76
709783,宜鼎台新5C購01,122500,0.28,0.28,0.25,0.26
709784,宜鼎台新5C購02,83000,0.29,0.29,0.27,0.27
709785,宜鼎台新5C購03,74550,0.21,0.21,0.21,0.21
709786,宜鼎中信5C購02,19650,0.06,0.06,0.05,0.05
709787,宜鼎永豐64購01,0,,,,
709788,宜鼎永豐65購01,33400,0.3,0.3,0.28,0.29
709789,宇峻國泰61購01,0,,,,
709790,華景電國泰61購01,19710,0.27,0.27,0.27,0.27
709791,群聯國泰61購02,43000,1.0,1.0,1.0,1.0
709792,漢達國泰61購01,73300,6.6,7.3,6.6,7.3
709793,世界凱基5C購05,590,0.59,0.59,0.59,0.59
709794,宜鼎凱基5C購03,24000,0.06,0.06,0.06,0.06
709795,宜鼎凱基5C購04,0,,,,
709796,宜鼎凱基5C購05,66000,0.12,0.12,0.12,0.12
709797,威聯通凱基61購01,0,,,,
709798,凱崴凱基61購01,0,,,,
709799,華景電凱基5C購02,0,,,,
709800,順達凱基61購01,0,,,,
709801,璟德凱基5C購01,2300,0.09,0.1,0.09,0.1
709802,立敦台新5C購02,3000,0.1,0.1,0.1,0.1
709803,宏捷科台新5C購01,0,,,,
709804,宜鼎台新5C購04,0,,,,
709805,宜鼎台新61購01,10500,0.42,0.42,0.42,0.42
709806,東浦台新5C購01,321840,0.47,0.62,0.47,0.62
709807,家登台新5C購01,700650,1.15,1.17,1.15,1.15
709808,順達台新61購02,91210,1.51,1.6,1.49,1.49
709809,新漢台新5C購01,0,,,,
709810,廣閎科台新5C購01,50000,2.48,2.48,2.24,2.24
709811,富喬中信5C購03,107680,0.9,0.9,0.89,0.89
709812,創惟永豐5C購01,0,,,,
709813,華容永豐61購01,0,,,,
709814,群聯永豐64購04,0,,,,
709815,群聯永豐64購05,0,,,,
709816,宜鼎元大5C購06,0,,,,
709817,宜鼎元大5C購07,0,,,,
709818,宜鼎元大5C購08,23190,0.21,0.22,0.21,0.21
709819,威剛元大5C購03,0,,,,
709820,群聯元大5C購12,0,,,,
709821,群聯元大5C購13,660,0.66,0.66,0.66,0.66
709822,群聯元大5C購14,41100,0.76,0.76,0.74,0.75
709823,群聯元大61購13,0,,,,
709824,廣閎科元大5C購02,60260,2.18,2.18,1.99,1.99
709825,雙鴻元大61購15,648830,1.48,1.49,1.26,1.26
709826,力領國票61購01,0,,,,
709827,加高國票61購02,0,,,,
709828,立端國票61購01,46370,0.54,0.54,0.49,0.49
709829,邑錡國票5C購01,238070,0.38,0.4,0.38,0.4
709830,佳邦國票61購03,0,,,,
709831,宜鼎國票61購02,0,,,,
709832,東浦國票61購01,760,0.38,0.38,0.38,0.38
709833,杰力國票61購01,71810,0.43,0.43,0.43,0.43
709834,金益鼎國票61購02,0,,,,
709835,長聖國票61購01,0,,,,
709836,胡連國票61購01,0,,,,
709837,韋僑國票61購01,0,,,,
709838,宸曜國票5C購01,570,0.57,0.57,0.57,0.57
709839,能率亞國票61購01,9000,0.45,0.45,0.45,0.45
709840,凱崴國票61購02,210,0.21,0.21,0.21,0.21
709841,湧德國票5C購01,0,,,,
709842,湧德國票5C購02,0,,,,
709843,華容國票61購02,0,,,,
709844,華景電國票61購01,0,,,,
709845,華電網國票5C購02,290,0.29,0.29,0.29,0.29
709846,華電網國票5C購03,0,,,,
709847,廣閎科國票61購02,93400,0.95,0.95,0.87,0.87
709848,騰雲國票61購02,0,,,,
709849,系統電群益5C購01,0,,,,
709850,宜鼎群益5C購04,0,,,,
709851,威剛群益5C購06,0,,,,
709852,群聯群益5C購07,104720,2.35,2.39,2.35,2.39
709853,兆利富邦62購01,150,0.15,0.15,0.15,0.15
709854,智通*富邦62購01,0,,,,
709855,湧德富邦62購01,29240,0.34,0.34,0.33,0.33
709856,閎康富邦62購02,0,,,,
709857,聖暉*富邦5C購02,0,,,,
709858,廣閎科富邦5C購01,144590,0.73,0.73,0.64,0.64
709859,方土昶國票61購02,0,,,,
709860,台嘉碩國票5C購01,0,,,,
709861,台嘉碩國票5C購02,29920,0.32,0.32,0.31,0.31
709862,永信建國票61購01,0,,,,
709863,兆利國票61購01,0,,,,
709864,系統電國票61購03,0,,,,
709865,朋程國票5C購01,0,,,,
709866,東浦國票61購02,0,,,,
709867,順達國票61購02,0,,,,
709868,緯軟國票61購01,0,,,,
709869,華容群益5C購02,0,,,,
709870,廣閎科群益5C購01,1624780,1.53,1.53,1.31,1.32
709871,順達中信5C購01,0,,,,
709872,聖暉*中信5C購01,0,,,,
709873,世紀*永豐5C購01,15200,5.15,5.15,5.0,5.0
709874,博智永豐5C購03,14850,0.33,0.33,0.33,0.33
709875,中美晶元大5C購10,188330,1.28,1.47,1.28,1.47
709876,宏觀元大5C購04,0,,,,
709877,良維元大5C購04,0,,,,
709878,博智元大5C購03,32500,0.27,0.28,0.27,0.28
709879,華容元大5C購01,14400,1.6,1.6,1.6,1.6
709880,順達元大5C購07,0,,,,
709881,精材元大5C購04,0,,,,
709882,臺慶科元大5C購02,0,,,,
709883,系統電凱基5C購05,0,,,,
709884,佳邦凱基5C購04,0,,,,
709885,泓格凱基5C購01,65700,0.3,0.3,0.27,0.27
709886,金益鼎凱基5C購01,0,,,,
709887,茂迪凱基61購01,0,,,,
709888,創惟凱基61購01,0,,,,
709889,湧德凱基61購01,0,,,,
709890,華容凱基61購01,5400,0.54,0.54,0.54,0.54
709891,群聯凱基5C購06,0,,,,
709892,臺慶科凱基61購01,0,,,,
709893,廣閎科凱基5C購01,474390,0.92,0.96,0.83,0.85
709894,雙鴻凱基5C購09,0,,,,
709895,騰雲凱基61購01,0,,,,
709896,中美晶統一66購02,1266730,0.94,1.15,0.91,1.12
709897,立敦統一63購02,0,,,,
709898,立敦統一64購02,0,,,,
709899,立敦統一64購03,0,,,,
709900,佳邦統一64購01,0,,,,
709901,佳邦統一66購01,0,,,,
709902,宜鼎統一64購01,0,,,,
709903,宜鼎統一64購02,0,,,,
709904,宜鼎統一64購03,0,,,,
709905,宜鼎統一64購04,330,0.16,0.17,0.16,0.17
709906,宜鼎統一66購03,5000,0.25,0.25,0.25,0.25
709907,宜鼎統一66購04,63710,0.39,0.4,0.39,0.4
709908,威剛統一6A購01,13700,0.69,0.69,0.68,0.68
709909,建榮統一66購01,0,,,,
709910,建榮統一6A購03,0,,,,
709911,家登統一66購01,117130,0.61,0.61,0.59,0.59
709912,凱崴統一66購01,0,,,,
709913,博智統一6C購01,0,,,,
709914,富喬統一64購02,37720,0.82,0.82,0.82,0.82
709915,富喬統一64購03,486640,0.79,0.79,0.79,0.79
709916,富喬統一66購01,130760,1.11,1.11,1.1,1.11
709917,群聯統一64購02,0,,,,
709918,精材統一66購01,50160,2.09,2.09,2.09,2.09
709919,精材統一6C購01,3040,1.52,1.52,1.52,1.52
709920,臺慶科統一64購02,0,,,,
709921,臺慶科統一66購02,11900,0.17,0.17,0.17,0.17
709922,臺慶科統一66購03,0,,,,
709923,臺慶科統一6A購02,600,0.3,0.3,0.3,0.3
709924,廣閎科統一66購01,3450,0.69,0.69,0.69,0.69
709925,廣運統一66購01,0,,,,
709926,廣運統一6C購01,0,,,,
709927,優群統一66購02,0,,,,
709928,雙鴻統一64購01,43670,0.91,0.91,0.9,0.9
709929,雙鴻統一65購02,119020,1.67,1.72,1.65,1.65
709930,宏觀國泰61購01,0,,,,
709931,金益鼎國泰61購01,0,,,,
709932,立敦台新5C購03,400,0.04,0.04,0.04,0.04
709933,威剛台新5C購01,0,,,,
709934,威剛台新5C購02,2860,1.43,1.43,1.43,1.43
709935,威剛台新5C購03,0,,,,
709936,威剛台新61購01,1060,1.06,1.06,1.06,1.06
709937,威剛台新62購01,39670,1.81,1.81,1.78,1.78
709938,威剛台新63購01,0,,,,
709939,威剛台新66購01,0,,,,
709940,茂迪台新5C購01,99840,0.16,0.16,0.16,0.16
709941,凱崴台新5C購01,800,0.16,0.16,0.16,0.16
709942,華容台新5C購03,3560,1.19,1.2,1.17,1.2
709943,威剛富邦5C購01,0,,,,
709944,宜鼎永豐61購01,0,,,,
709945,胡連永豐61購01,9600,0.32,0.32,0.32,0.32
709946,艾訊國票61購01,0,,,,
709947,良維國票61購01,0,,,,
709948,朋億*國票61購01,0,,,,
709949,東浦國票61購03,3770,0.29,0.29,0.29,0.29
709950,茂迪國票61購01,0,,,,
709951,凱崴國票61購03,0,,,,
709952,寶雅國票61購01,1120,1.12,1.12,1.12,1.12
709953,台半群益62購02,9100,0.91,0.91,0.91,0.91
709954,中美晶凱基5C購03,11340,1.4,1.5,1.4,1.5
709955,宏觀凱基5C購01,0,,,,
709956,良維凱基5C購04,0,,,,
709957,朋程凱基5C購01,0,,,,
709958,博智凱基5C購04,12500,0.25,0.25,0.25,0.25
709959,群ESG凱基61購01,0,,,,
709961,緯軟凱基5C購01,0,,,,
709962,世界統一6A購01,231220,0.58,0.58,0.56,0.56
709963,正基統一66購01,0,,,,
709964,立敦統一68購01,0,,,,
709965,宏觀統一6A購01,0,,,,
709966,家登統一6A購01,0,,,,
709967,富喬統一66購02,182070,0.99,0.99,0.98,0.98
709968,晶焱統一6A購01,0,,,,
709969,順達統一6A購01,0,,,,
709970,群聯統一63購03,450,0.45,0.45,0.45,0.45
709971,群聯國泰61購03,15100,1.36,1.42,1.34,1.34
709972,富喬台新5C購04,115500,3.5,3.5,3.5,3.5
709973,世界富邦61購02,166470,0.58,0.58,0.55,0.57
709974,立碁富邦5C購01,70260,1.62,1.62,1.54,1.55
709975,良維富邦61購03,394210,0.4,0.4,0.39,0.39
709976,世界元大5C購06,0,,,,
709977,宜鼎元大5C購09,302220,0.35,0.37,0.35,0.35
709978,順達元大5C購08,356560,0.78,0.88,0.77,0.88
709980,雙鴻元大5C購06,866560,1.73,1.73,1.51,1.51
709981,家登永豐5C購02,30600,1.02,1.02,1.02,1.02
709982,漢達永豐61購01,0,,,,
709983,宜鼎元大5C購10,0,,,,
709984,千附國票61購01,10120,0.92,0.92,0.92,0.92
709985,世禾國票61購01,0,,,,
709986,台特化國票61購02,0,,,,
709987,伯特光國票61購01,131300,0.32,0.33,0.32,0.33
709988,岱稜國票61購01,0,,,,
709989,昇佳電國票61購01,820,0.41,0.41,0.41,0.41
709990,朋億*國票61購02,0,,,,
709991,欣銓國票61購02,0,,,,
709992,信音國票61購01,0,,,,
709993,茂綸國票61購01,4620,0.77,0.77,0.77,0.77
709994,新普國票61購01,0,,,,
709995,聖暉*國票61購02,0,,,,
709996,精材國票61購01,0,,,,
709997,綠界*國票61購01,0,,,,
709998,中美晶群益5C購03,1060660,0.95,1.23,0.94,1.23
709999,順達群益5C購02,869190,0.92,0.95,0.89,0.93
710000,精材群益5C購02,21050,7.1,7.1,6.9,7.05
710001,加高國泰61購01,0,,,,
710002,宜鼎國泰61購05,0,,,,
710003,宜鼎國泰61購06,0,,,,
710004,信音國泰61購01,0,,,,
710005,臺慶科國泰61購02,1680,0.28,0.28,0.28,0.28
710006,中美晶凱基5C購04,68350,0.74,0.9,0.74,0.9
710007,台半凱基61購03,38000,0.38,0.38,0.38,0.38
710008,宜鼎凱基5C購06,0,,,,
710009,順達凱基5C購04,4760,0.39,0.43,0.39,0.43
710010,群聯凱基5C購07,0,,,,
710011,臺慶科凱基5C購04,0,,,,
710012,雙鴻凱基5C購10,0,,,,
710013,大中統一6A購01,0,,,,
710014,中美晶統一64購02,885480,0.96,1.31,0.94,1.13
710015,朋億*統一63購01,0,,,,
710016,朋億*統一68購01,44660,0.47,0.48,0.47,0.48
710017,宣德統一66購01,0,,,,
710018,建榮統一63購01,0,,,,
710019,凱崴統一63購01,1700,0.17,0.17,0.17,0.17
710020,凱崴統一65購01,0,,,,
710021,博智統一62購03,0,,,,
710022,富喬統一63購01,0,,,,
710023,富喬統一65購03,355420,1.05,1.05,1.04,1.04
710024,富喬統一6C購02,23220,0.8,0.81,0.8,0.8
710025,聖暉*統一6A購03,0,,,,
710026,精材統一63購01,0,,,,
710027,雙鴻統一63購02,0,,,,
710028,穩得統一68購01,0,,,,
710029,佳邦富邦5C購01,0,,,,
710030,宜鼎富邦63購02,0,,,,
710031,富喬富邦63購01,148380,0.79,0.8,0.79,0.8
710032,群聯富邦62購07,0,,,,
710033,群聯富邦62購08,0,,,,
710034,中美晶台新5C購01,112330,1.66,2.03,1.66,2.03
710035,台半台新5C購01,0,,,,
710036,台半台新5C購02,0,,,,
710037,廣閎科台新5C購02,95550,2.17,2.17,1.92,1.92
710038,良維永豐5C購04,34120,0.42,0.44,0.42,0.44
710039,朋億*永豐61購01,0,,,,
710040,華景電永豐63購01,1700,0.34,0.34,0.34,0.34
710041,群聯永豐5C購10,0,,,,
710042,群聯永豐5C購11,0,,,,
710043,群聯永豐5C購12,0,,,,
710044,臺慶科永豐5C購02,0,,,,
710045,力致國票61購01,0,,,,
710046,千附國票61購02,0,,,,
710047,中美晶國票61購02,80330,0.94,1.19,0.94,1.19
710048,加高國票61購03,0,,,,
710049,宏碁資國票61購01,0,,,,
710050,朋億*國票61購03,0,,,,
710051,美琪瑪國票61購01,0,,,,
710052,高鋒國票61購01,4970,0.38,0.4,0.38,0.38
710053,博士旺國票5C購02,700,0.35,0.35,0.35,0.35
710054,閎康國票61購02,0,,,,
710055,聖暉*國票61購03,0,,,,
710056,臺慶科國票61購03,0,,,,
710057,廣閎科國票61購03,0,,,,
710058,廣運國票61購01,0,,,,
710059,營邦國票5C購01,3080,1.54,1.54,1.54,1.54
710060,營邦國票5C購02,12620,1.8,1.82,1.8,1.82
710061,鴻呈國票61購01,0,,,,
710062,中美晶凱基61購04,11680,0.55,0.68,0.55,0.68
710063,威剛凱基5C購06,0,,,,
710064,宣德凱基5C購01,0,,,,
710065,精材凱基5C購04,0,,,,
710066,臺慶科凱基5C購05,0,,,,
710067,廣閎科凱基5C購02,208060,0.5,0.5,0.48,0.48
710068,營邦凱基5C購01,1210,1.21,1.21,1.21,1.21
710069,營邦凱基5C購02,179210,1.19,1.21,1.13,1.15
710070,營邦凱基5C購03,35250,1.01,1.01,0.94,0.94
710071,中美晶群益5C購04,785290,0.76,1.04,0.74,1.04
710072,兆利群益5C購01,0,,,,
710073,營邦群益5C購01,1800,1.8,1.8,1.8,1.8
710074,營邦群益5C購02,9980,1.67,1.67,1.65,1.65
710075,世界元大5C購07,0,,,,
710076,世界元大63購04,91200,0.76,0.76,0.76,0.76
710077,宜鼎元大5C購11,900,0.15,0.15,0.15,0.15
710078,威剛元大61購05,0,,,,
710079,廣閎科元大5C購03,81960,0.67,0.67,0.61,0.61
710080,營邦元大5C購01,291640,1.87,1.95,1.87,1.94
710081,凱崴國泰61購01,0,,,,
710082,廣閎科國泰61購01,0,,,,
710083,營邦國泰61購01,13920,2.79,2.79,2.78,2.78
710084,營邦富邦62購01,0,,,,
710085,營邦富邦63購01,55470,0.71,0.71,0.67,0.68
710086,中美晶統一66購03,331300,0.62,0.72,0.6,0.72
710087,台特化統一6C購02,1240,0.63,0.63,0.61,0.61
710088,朋程統一65購02,35280,0.36,0.36,0.36,0.36
710089,朋億*統一66購01,0,,,,
710090,威剛統一63購01,0,,,,
710091,威剛統一65購05,0,,,,
710092,美琪瑪統一6A購01,0,,,,
710093,華景電統一64購03,4750,0.25,0.25,0.25,0.25
710094,群聯統一66購01,0,,,,
710095,聖暉*統一66購01,0,,,,
710096,博智國泰61購01,0,,,,
710097,營邦統一66購01,1050,1.05,1.05,1.05,1.05
710098,營邦統一66購02,344680,1.09,1.09,1.06,1.06
710099,營邦統一66購03,0,,,,
710100,營邦統一6C購01,182340,0.89,0.89,0.86,0.88
710101,中美晶台新5C購02,111210,0.95,1.01,0.95,1.01
710102,中美晶台新5C購03,284760,4.1,4.71,4.1,4.71
710103,東浦台新5C購02,2560,0.32,0.32,0.32,0.32
710104,東浦台新5C購03,0,,,,
710105,勤凱台新5C購01,0,,,,
710106,聖暉*台新5C購02,0,,,,
710107,聖暉*台新5C購03,0,,,,
710108,聖暉*台新5C購04,0,,,,
710109,廣閎科台新5C購03,128830,1.43,1.43,1.41,1.41
710110,銳澤台新5C購01,1160,0.58,0.58,0.58,0.58
710111,騰雲台新5C購01,96820,2.15,2.15,1.84,2.05
710112,中美晶凱基61購05,0,,,,
710113,世界凱基5C購06,12000,0.4,0.4,0.4,0.4
710114,宜鼎凱基5C購07,0,,,,
710115,朋億*凱基61購01,0,,,,
710116,威剛凱基5C購07,0,,,,
710117,威剛凱基5C購08,0,,,,
710118,宜鼎元大5C購12,0,,,,
710119,朋億*元大5C購01,280,0.28,0.28,0.28,0.28
710120,東浦元大5C購01,0,,,,
710121,威剛元大5C購04,0,,,,
710122,安碁台新5C購01,0,,,,
710123,臺慶科台新5C購01,0,,,,
710124,中美晶國票61購03,19180,0.85,0.93,0.85,0.93
710125,宏捷科國票61購01,0,,,,
710126,朋億*國票61購04,0,,,,
710127,東浦國票61購04,31250,0.25,0.25,0.25,0.25
710128,宣德國票61購01,240,0.12,0.12,0.12,0.12
710129,能率亞國票61購02,0,,,,
710130,宏捷科中信5C購01,0,,,,
710131,博智中信5C購01,0,,,,
710132,中美晶永豐5C購02,264910,1.14,1.24,1.14,1.24
710133,中美晶永豐5C購03,107330,0.92,1.03,0.92,1.03
710134,世界永豐66購01,0,,,,
710135,亞通永豐64購01,175600,1.65,1.65,1.52,1.56
710136,宣德永豐61購01,120,0.12,0.12,0.12,0.12
710137,博智永豐61購01,0,,,,
710138,中美晶富邦5C購01,215810,0.69,0.81,0.69,0.81
710139,順達富邦62購02,0,,,,
710140,聖暉*富邦5C購03,0,,,,
710141,中美晶中信5C購01,469680,0.36,0.48,0.35,0.48
710142,宏捷科凱基5C購02,0,,,,
710143,富喬凱基5C購05,63450,0.93,0.94,0.93,0.93
710144,群聯凱基5C購08,45240,0.58,0.58,0.58,0.58
710145,廣閎科凱基5C購03,363010,0.44,0.44,0.39,0.39
710146,中美晶台新5C購04,42700,0.74,0.84,0.74,0.84
710147,台半台新5C購03,0,,,,
710148,均豪台新5C購01,2960,1.48,1.48,1.48,1.48
710149,均豪台新5C購02,141280,1.03,1.03,0.95,0.95
710150,均豪台新5C購03,10800,0.72,0.72,0.72,0.72
710151,宜鼎台新5C購06,0,,,,
710152,凱崴台新5C購02,0,,,,
710153,廣閎科台新5C購04,98630,1.19,1.19,1.08,1.08
710154,台半元大5C購07,0,,,,
710155,宜鼎元大5C購13,158720,0.32,0.32,0.32,0.32
710156,威剛元大5C購05,0,,,,
710158,台半國泰61購01,478580,0.71,0.73,0.7,0.73
710159,博智國泰61購02,0,,,,
710160,順達國泰61購01,75670,0.79,0.81,0.79,0.81
710161,台半富邦62購04,0,,,,
710162,台半富邦63購02,14500,0.37,0.37,0.36,0.36
710163,朋程富邦62購02,0,,,,
710164,朋程富邦63購02,0,,,,
710165,鈊象富邦62購02,9750,0.75,0.75,0.75,0.75
710166,營邦富邦62購02,0,,,,
710167,兆利永豐64購01,0,,,,
710168,宜鼎永豐63購01,15200,0.38,0.38,0.38,0.38
710169,精確永豐61購01,90610,0.56,0.57,0.52,0.55
710170,雙鴻永豐66購01,0,,,,
710171,廣閎科國票61購04,0,,,,
710172,台半群益5C購04,0,,,,
710173,宏捷科群益5C購02,0,,,,
710174,臺慶科群益5C購02,0,,,,
710175,台半凱基5C購04,0,,,,
710176,尼克森凱基5C購01,0,,,,
710177,宏捷科凱基5C購03,0,,,,
710178,朋程凱基5C購02,0,,,,
710179,茂達凱基5C購01,0,,,,
710180,臺慶科凱基5C購06,0,,,,
710181,廣閎科凱基5C購04,0,,,,
710182,大中台新5C購01,0,,,,
710183,台半台新5C購04,0,,,,
710184,宜鼎台新61購02,0,,,,
710185,晶焱台新5C購04,0,,,,
710186,晶焱台新5C購05,0,,,,
710187,廣閎科台新61購01,46510,0.93,0.93,0.88,0.88
710188,中美晶元大5C購11,200490,0.71,0.85,0.71,0.85
710189,台半元大5C購08,0,,,,
710190,宜鼎元大5C購14,32400,0.27,0.27,0.27,0.27
710191,威剛元大5C購06,56600,0.72,0.72,0.7,0.7
710192,群聯中信64購01,198750,0.27,0.27,0.25,0.26
710193,雙鴻中信66購01,1810,0.94,0.94,0.87,0.87
710194,雙鴻中信66購02,163760,1.2,1.2,1.11,1.11
710195,大中永豐64購01,900,0.45,0.45,0.45,0.45
710196,台半永豐64購01,0,,,,
710197,尼克森永豐64購01,70980,0.29,0.3,0.29,0.3
710198,信紘科永豐64購01,372220,0.37,0.37,0.37,0.37
710199,家登永豐64購01,0,,,,
710200,富喬永豐5C購02,69520,1.3,1.32,1.3,1.32
710201,鈊象永豐61購01,0,,,,
710202,鴻呈永豐61購01,8360,0.44,0.44,0.44,0.44
710203,世禾國票61購02,0,,,,
710204,世紀*國票61購01,3700,3.7,3.7,3.7,3.7
710205,亞泰國票61購01,0,,,,
710206,矽科國票61購01,900,0.09,0.09,0.09,0.09
710207,茂迪國票61購02,0,,,,
710208,茂達國票61購01,0,,,,
710209,崧騰國票61購01,0,,,,
710210,統振國票61購01,0,,,,
710211,博盛國票61購01,0,,,,
710212,閎康國票61購03,0,,,,
710213,萬泰科國票61購01,0,,,,
710214,漢達國票61購01,1890,1.89,1.89,1.89,1.89
710215,臺慶科國票61購04,0,,,,
710216,廣閎科國票61購05,0,,,,
710217,聰泰國票61購01,0,,,,
710218,能率亞國泰61購01,0,,,,
710219,能率國泰61購01,12400,1.24,1.24,1.24,1.24
710220,廣閎科國泰61購02,100100,0.91,0.91,0.85,0.85
710221,凡甲富邦63購01,900,0.3,0.3,0.3,0.3
710222,立碁富邦5C購02,4120,2.06,2.06,2.06,2.06
710223,智通*富邦62購02,0,,,,
710224,宜鼎群益5C購05,0,,,,
710225,威剛群益5C購07,0,,,,
710226,威剛群益62購02,0,,,,
710227,宣德群益5C購01,0,,,,
710228,家登群益63購01,29220,1.12,1.14,1.12,1.14
710229,凱崴群益5C購01,0,,,,
710230,博智群益5C購01,30900,0.34,0.35,0.34,0.35
710231,富喬群益5C購04,0,,,,
710232,群聯群益5C購08,0,,,,
710233,群聯群益5C購09,0,,,,
710234,群聯群益61購05,0,,,,
710235,雙鴻群益62購02,83350,6.45,6.45,6.4,6.4
710236,威剛中信66購01,0,,,,
710237,富喬中信66購01,17160,0.66,0.66,0.66,0.66
710238,大中永豐5C購01,0,,,,
710239,中光電永豐61購01,0,,,,
710240,世界永豐5C購02,0,,,,
710241,台半永豐61購03,0,,,,
710242,宜鼎永豐61購02,0,,,,
710243,原相永豐61購01,0,,,,
710244,達航永豐63購01,7000,0.7,0.7,0.7,0.7
710245,漢達永豐64購01,870720,1.79,1.93,1.76,1.85
710246,台半元大5C購09,0,,,,
710247,台半元大63購03,48840,0.37,0.37,0.37,0.37
710249,佳邦元大5C購01,8000,0.16,0.16,0.16,0.16
710250,朋程元大5C購02,0,,,,
710251,欣銓元大5C購02,165520,0.99,1.03,0.99,1.02
710252,欣銓元大5C購03,183040,0.75,0.75,0.74,0.74
710253,家登元大5C購05,42200,0.74,0.74,0.68,0.68
710254,家登元大66購01,561640,1.12,1.13,1.09,1.09
710255,臺慶科元大5C購05,0,,,,
710256,台半國票61購04,0,,,,
710257,台半國票61購05,0,,,,
710258,青雲國票5C購01,100000,0.4,0.4,0.4,0.4
710259,大中台新61購01,0,,,,
710260,台半台新5C購05,0,,,,
710261,晶焱台新5C購06,0,,,,
710262,漢達台新5C購01,0,,,,
710263,臺慶科台新5C購03,0,,,,
710264,世界凱基5C購07,0,,,,
710265,台半凱基5C購05,5340,0.11,0.12,0.11,0.12
710266,朋程凱基5C購03,0,,,,
710267,富喬凱基63購01,60300,0.57,0.58,0.57,0.58
710268,群聯凱基5C購09,16200,0.27,0.27,0.27,0.27
710269,漢達凱基5C購01,831310,1.46,1.65,1.41,1.65
710270,精材凱基63購01,5230,1.29,1.35,1.29,1.3
710271,世界國泰61購01,0,,,,
710272,穩得國泰61購01,18260,0.83,0.83,0.83,0.83
710273,中光電富邦62購02,0,,,,
710274,台半富邦63購03,0,,,,
710275,朋程富邦63購03,0,,,,
710276,FH中5G群益5C購01,0,,,,
710277,大中群益5C購01,0,,,,
710278,中光電群益5C購01,3870,0.43,0.43,0.43,0.43
710279,中光電群益5C購02,0,,,,
710280,世界群益5C購04,0,,,,
710281,台半群益62購03,0,,,,
710282,尼克森群益61購01,0,,,,
710283,宏捷科群益5C購03,0,,,,
710284,朋程群益5C購01,0,,,,
710285,茂達群益5C購01,0,,,,
710286,榮剛群益61購01,181950,0.37,0.4,0.37,0.4
710287,精材群益61購01,0,,,,
710288,世界元大5C購08,70200,0.36,0.36,0.36,0.36
710289,朋程元大5C購03,0,,,,
710290,博盛元大5C購01,0,,,,
710291,世界台新5C購01,8880,0.37,0.37,0.37,0.37
710292,萬泰科台新5C購01,0,,,,
710293,大中國票5C購01,0,,,,
710294,天品國票5C購01,323800,0.92,0.98,0.92,0.96
710295,世界國票61購02,0,,,,
710296,立碁國票61購01,60210,2.24,2.24,2.18,2.23
710297,亞通國票5C購01,1527800,1.69,1.69,1.57,1.65
710298,朋程國票5C購02,0,,,,
710299,杰力國票61購02,0,,,,
710300,博盛國票61購02,0,,,,
710301,晶宏國票61購01,0,,,,
710302,漢達國票63購01,143030,1.33,1.5,1.3,1.46
710303,寶雅國票61購02,49920,0.76,0.79,0.76,0.79
710304,大中凱基5C購01,260,0.13,0.13,0.13,0.13
710305,中光電凱基5C購01,0,,,,
710306,中光電凱基5C購02,7150,0.13,0.13,0.13,0.13
710307,世界凱基63購02,0,,,,
710308,宏捷科凱基5C購04,0,,,,
710309,欣銓凱基5C購01,108120,0.5,0.54,0.5,0.54
710310,青雲凱基5C購01,0,,,,
710311,威剛凱基61購02,0,,,,
710312,茂達凱基5C購02,0,,,,
710313,家登凱基5C購04,0,,,,
710314,家登凱基5C購05,0,,,,
710315,臺慶科凱基5C購07,0,,,,
710316,聖暉*群益5C購03,0,,,,
710317,台嘉碩國泰61購01,0,,,,
710318,宜鼎國泰62購01,0,,,,
710319,朋程國泰61購01,13340,0.58,0.58,0.58,0.58
710320,原相國泰61購01,0,,,,
710321,博盛國泰61購01,9100,0.6,0.61,0.6,0.61
710322,世界富邦5C購04,8620,0.19,0.19,0.17,0.17
710323,宜鼎富邦5C購05,0,,,,
710324,信紘科永豐5C購01,0,,,,
710325,順達永豐5C購02,4300,0.43,0.43,0.43,0.43
710326,順達永豐5C購03,0,,,,
710327,順達永豐5C購04,0,,,,
710328,群聯永豐64購06,0,,,,
710329,群聯永豐66購01,0,,,,
710330,鴻呈永豐5C購01,0,,,,
710331,中光電台新5C購01,0,,,,
710332,中光電台新5C購02,63000,0.14,0.14,0.14,0.14
710333,亞信台新5C購01,0,,,,
710334,精材台新61購01,0,,,,
710335,精材台新61購02,0,,,,
710336,亞通凱基5C購01,1450,1.45,1.45,1.45,1.45
710337,朋程凱基5C購04,0,,,,
710338,聖暉*凱基5C購03,0,,,,
710339,宜鼎元大5C購15,214280,0.44,0.44,0.44,0.44
710340,富喬元大65購01,1445730,1.47,1.47,1.46,1.47
710341,漢達元大5C購01,42700,1.27,1.58,1.27,1.58
710342,精材元大5C購05,3140,3.14,3.14,3.14,3.14
710343,臺慶科元大5C購06,0,,,,
710344,宜特永豐64購01,0,,,,
710345,朋程永豐5C購03,0,,,,
710346,朋程永豐5C購04,0,,,,
710347,威剛永豐64購02,0,,,,
710348,威剛永豐66購01,0,,,,
710349,富喬永豐5C購03,0,,,,
710350,漢達永豐5C購01,549000,1.25,1.46,1.23,1.41
710351,雙鴻永豐63購03,232290,1.92,1.96,1.91,1.96
710352,寶雅永豐5C購01,84560,0.85,0.86,0.85,0.86
710353,鏵友益永豐64購01,0,,,,
710354,精材中信64購01,198040,1.09,1.1,1.07,1.1
710355,大世科國票61購01,0,,,,
710356,元山國票61購01,0,,,,
710357,世界國票61購03,0,,,,
710358,安葆國票61購01,0,,,,
710359,亞信國票61購01,0,,,,
710360,明安國票61購01,0,,,,
710361,桓達國票61購01,0,,,,
710362,神準國票61購01,0,,,,
710363,晶焱國票5C購02,0,,,,
710364,智擎國票61購01,5750,0.38,0.39,0.38,0.39
710365,聖暉*國票61購04,0,,,,
710366,漢達國票65購01,586610,1.26,1.4,1.23,1.38
710367,精材國票61購02,0,,,,
710368,鈊象群益5C購01,57560,1.51,1.59,1.51,1.59
710369,富喬國泰61購01,172030,1.29,1.3,1.29,1.29
710370,漢達國泰61購02,41140,3.4,3.57,3.4,3.57
710371,世界凱基5C購08,0,,,,
710372,宜鼎凱基5C購08,0,,,,
710373,群聯凱基5C購10,0,,,,
710374,群聯凱基61購06,0,,,,
710375,精材凱基5C購05,143580,2.12,2.12,2.11,2.11
710376,世界台新5C購03,53190,0.33,0.35,0.33,0.34
710377,巨有台新5C購01,14200,7.1,7.1,7.1,7.1
710378,巨有台新5C購02,0,,,,
710379,東浦台新5C購04,0,,,,
710380,東浦台新5C購05,0,,,,
710381,杰力台新5C購01,0,,,,
710382,青雲台新5C購01,37390,0.37,0.39,0.37,0.39
710383,能率亞台新5C購01,4600,0.3,0.34,0.3,0.34
710384,中光電元大5C購01,0,,,,
710385,宜鼎元大5C購16,159020,0.35,0.36,0.35,0.36
710386,富喬元大65購02,549100,1.32,1.33,1.32,1.32
710387,精材元大5C購06,0,,,,
710388,精材元大5C購07,11950,2.39,2.39,2.39,2.39
710389,精材元大61購08,0,,,,
710390,精材元大61購09,14300,2.86,2.86,2.86,2.86
710391,精材元大63購04,0,,,,
710392,世界中信63購01,12400,0.24,0.25,0.24,0.25
710393,久元永豐5C購03,0,,,,
710394,久元永豐5C購04,0,,,,
710395,世禾永豐5C購01,437060,0.68,0.74,0.68,0.68
710396,世界永豐5C購03,0,,,,
710397,巨有永豐5C購02,0,,,,
710398,安勤永豐63購01,51000,0.69,0.69,0.68,0.68
710399,均豪永豐5C購03,366650,1.51,1.51,1.34,1.34
710400,均豪永豐5C購04,20700,1.38,1.38,1.38,1.38
710401,宏觀永豐5C購02,0,,,,
710402,宏觀永豐5C購03,0,,,,
710403,晶焱永豐5C購01,0,,,,
710404,晶焱永豐5C購02,0,,,,
710405,智通*永豐63購01,0,,,,
710406,湧德永豐5C購01,0,,,,
710407,湧德永豐5C購02,0,,,,
710408,聖暉*永豐5C購03,0,,,,
710409,聖暉*永豐5C購04,0,,,,
710410,精材永豐5C購03,93100,2.66,2.66,2.66,2.66
710411,精材永豐5C購04,0,,,,
710412,精材永豐63購02,1531600,4.2,4.2,4.12,4.12
710413,優群永豐5C購02,0,,,,
710414,雙鴻永豐5C購05,41400,2.3,2.3,2.3,2.3
710415,世界國票61購04,0,,,,
710416,巨有國票5C購01,53330,3.41,4.41,3.41,4.41
710417,巨有國票5C購02,0,,,,
710418,宇峻國票61購01,0,,,,
710419,安勤國票61購02,0,,,,
710420,青雲國票5C購02,270,0.27,0.27,0.27,0.27
710421,能率國票61購01,0,,,,
710422,精材國票61購03,10800,2.16,2.16,2.16,2.16
710423,鑫科國票5C購01,29000,0.29,0.29,0.29,0.29
710424,巨有群益5C購01,6550,6.55,6.55,6.55,6.55
710425,智通*群益5C購01,0,,,,
710426,智通*群益63購01,0,,,,
710427,東浦國泰61購01,130230,0.5,0.64,0.5,0.64
710428,杰力國泰61購01,22000,0.44,0.44,0.44,0.44
710429,精材國泰61購01,44700,4.48,4.48,4.46,4.46
710430,威剛富邦5C購02,0,,,,
710431,精材富邦5C購01,1049240,1.54,1.54,1.49,1.5
710432,安勤凱基62購01,0,,,,
710433,系微凱基5C購01,76000,0.31,0.31,0.3,0.3
710434,宜鼎凱基5C購09,177340,0.36,0.38,0.35,0.35
710435,能率凱基62購01,0,,,,
710436,富喬凱基63購02,125000,1.25,1.25,1.25,1.25
710437,智通*凱基5C購01,0,,,,
710438,群聯凱基5C購11,401760,0.41,0.43,0.4,0.4
710439,群聯凱基5C購12,2450,0.49,0.49,0.49,0.49
710440,鑫科凱基5C購01,0,,,,
710441,中美晶元大5C購12,143830,1.69,2.08,1.69,2.08
710442,世界元大66購03,0,,,,
710443,宜鼎元大5C購17,182840,0.72,0.75,0.71,0.71
710444,能率亞元大5C購01,0,,,,
710445,富喬元大5C購04,400580,1.0,1.01,0.99,1.01
710446,智通*元大5C購01,10790,0.83,0.83,0.83,0.83
710447,智通*元大5C購02,0,,,,
710448,智通*元大63購01,64600,0.68,0.68,0.68,0.68
710449,五福國票64購01,0,,,,
710450,璟德國票64購01,0,,,,
710451,磐儀國票64購01,60000,0.4,0.4,0.4,0.4
710452,中光電國票61購01,0,,,,
710453,宜鼎國票62購01,0,,,,
710454,竹陞國票64購01,33580,0.73,0.73,0.73,0.73
710455,崴寶國票64購01,1900,0.95,0.95,0.95,0.95
710456,富強鑫國票62購01,786230,1.22,1.23,1.07,1.07
710457,千附國票64購01,9520,0.68,0.68,0.68,0.68
710458,智通*國票61購01,0,,,,
710459,智通*國票61購02,0,,,,
710460,久元永豐5C購05,0,,,,
710461,久元永豐63購01,0,,,,
710462,久元永豐66購01,0,,,,
710463,中光電永豐5C購01,0,,,,
710464,系統電永豐5C購02,620,0.62,0.62,0.62,0.62
710465,營邦永豐5C購01,0,,,,
710466,營邦永豐5C購02,0,,,,
710467,宏觀台新5C購02,24000,0.48,0.48,0.48,0.48
710468,聖暉*台新5C購06,0,,,,
710469,聖暉*台新5C購07,0,,,,
710470,能率國泰63購01,0,,,,
710471,久元富邦63購01,0,,,,
710472,原相富邦5C購01,0,,,,
710473,達航富邦62購01,71360,0.32,0.38,0.32,0.38
710474,營邦富邦63購02,0,,,,
710475,營邦富邦63購03,68400,1.14,1.14,1.14,1.14
710476,巨有群益5C購02,20750,5.0,5.25,5.0,5.25
710477,世界元大61購01,21500,0.71,0.73,0.71,0.73
710478,世界元大66購04,0,,,,
710479,世界元大67購01,33600,0.84,0.84,0.84,0.84
710480,巨有元大61購01,34920,2.91,2.91,2.91,2.91
710481,宜鼎元大61購05,80340,0.64,0.66,0.63,0.63
710482,富喬元大61購06,595200,1.2,1.2,1.19,1.19
710483,富喬元大62購01,436230,1.06,1.07,1.06,1.07
710484,富喬元大62購02,650640,1.2,1.2,1.19,1.2
710485,臺慶科元大61購01,160240,0.33,0.33,0.32,0.32
710486,千附精台新61購01,0,,,,
710487,元太台新61購01,0,,,,
710488,竹陞台新61購01,132990,0.93,0.93,0.93,0.93
710489,譜瑞台新61購01,7140,1.02,1.02,1.02,1.02
710490,譜瑞台新61購02,6440,0.92,0.92,0.92,0.92
710491,千附精凱基61購01,0,,,,
710492,千附精凱基61購02,0,,,,
710493,中光電凱基61購01,0,,,,
710494,元太凱基61購02,0,,,,
710495,元太凱基61購03,0,,,,
710496,元太凱基61購04,0,,,,
710497,元太凱基61購05,0,,,,
710498,元太凱基61購06,0,,,,
710499,世紀*凱基61購01,22000,5.5,5.5,5.5,5.5
710500,竹陞凱基61購01,1078090,0.78,0.81,0.73,0.81
710501,原相凱基61購01,0,,,,
710502,譜瑞凱基61購02,0,,,,
710503,譜瑞凱基61購03,0,,,,
710504,譜瑞凱基61購04,0,,,,
710505,譜瑞凱基61購05,0,,,,
710506,千附精群益61購01,103700,0.56,0.56,0.53,0.53
710507,譜瑞群益61購01,0,,,,
710508,91APP*國票62購01,12600,0.35,0.35,0.35,0.35
710509,千附精國票62購01,9540,0.53,0.53,0.53,0.53
710510,世紀*國票62購01,6000,3.0,3.0,3.0,3.0
710511,竹陞國票62購01,39070,0.58,0.6,0.58,0.6
710512,宜鼎國票62購02,0,,,,
710513,長佳智國票62購01,3600,0.4,0.4,0.4,0.4
710514,長聖國票62購01,0,,,,
710515,威剛國票62購02,0,,,,
710516,建榮國票61購01,15000,0.3,0.3,0.3,0.3
710517,昱展國票62購01,0,,,,
710518,茂迪國票62購01,0,,,,
710519,訊聯國票62購01,0,,,,
710520,博士旺國票61購01,0,,,,
710523,譜瑞國票62購01,0,,,,
710524,元太中信61購01,0,,,,
710525,久元永豐64購01,0,,,,
710526,大江永豐61購01,60000,0.5,0.5,0.5,0.5
710527,元太永豐61購02,0,,,,
710528,元太永豐61購03,0,,,,
710529,邑錡永豐64購01,15840,0.65,0.67,0.65,0.67
710530,威剛永豐61購04,0,,,,
710531,威剛永豐61購05,0,,,,
710532,鈊象永豐65購01,131580,1.02,1.02,1.02,1.02
710533,勤凱永豐65購01,0,,,,
710534,新普永豐61購01,0,,,,
710535,譜瑞永豐61購01,410,0.41,0.41,0.41,0.41
710536,譜瑞永豐61購02,0,,,,
710537,譜瑞永豐61購03,0,,,,
710538,譜瑞永豐61購04,0,,,,
710539,譜瑞永豐64購01,0,,,,
710540,譜瑞永豐64購02,0,,,,
710541,譜瑞永豐67購01,15890,1.21,1.23,1.21,1.23
710542,久元國泰62購01,0,,,,
710543,久元國泰62購02,0,,,,
710544,中光電國泰62購01,0,,,,
710545,巨有國泰62購01,6700,6.7,6.7,6.7,6.7
710546,竹陞國泰62購01,482720,1.71,1.75,1.7,1.75
710547,青雲國泰62購01,129720,0.62,0.64,0.62,0.64
710548,青雲國泰62購02,77100,0.53,0.53,0.51,0.51
710549,智通*國泰62購01,0,,,,
710550,元太富邦64購01,0,,,,
710551,安勤富邦62購01,113430,0.48,0.48,0.46,0.46
710552,譜瑞富邦63購01,0,,,,
710553,譜瑞富邦64購01,0,,,,
710554,宜鼎中信61購02,0,,,,
710555,中光電永豐61購02,0,,,,
710556,竹陞永豐61購01,21960,1.22,1.22,1.22,1.22
710557,竹陞永豐64購01,0,,,,
710558,竹陞永豐65購01,31520,0.92,0.93,0.91,0.93
710559,均豪永豐64購01,0,,,,
710560,宏捷科永豐61購01,0,,,,
710561,宜鼎永豐61購03,0,,,,
710562,宜鼎永豐64購02,9900,0.55,0.55,0.55,0.55
710563,威剛永豐61購06,0,,,,
710564,威剛永豐61購07,0,,,,
710565,茂達永豐61購02,0,,,,
710566,家登永豐61購02,300770,1.36,1.38,1.32,1.32
710567,富喬永豐61購03,119220,0.55,0.55,0.54,0.55
710568,富喬永豐66購02,0,,,,
710569,群翊永豐61購01,10480,0.88,0.88,0.84,0.84
710570,群聯永豐61購02,0,,,,
710571,群聯永豐61購03,0,,,,
710572,群聯永豐65購06,0,,,,
710573,雙鴻永豐61購05,27600,2.76,2.76,2.76,2.76
710574,雙鴻永豐66購02,0,,,,
710575,雙鴻永豐67購01,63900,3.55,3.55,3.55,3.55
710576,中光電元大61購01,0,,,,
710577,中光電元大61購02,0,,,,
710578,中光電元大61購03,23700,0.58,0.61,0.58,0.61
710579,世界元大64購08,0,,,,
710580,世界元大66購05,2100,0.42,0.42,0.42,0.42
710581,均豪元大61購01,95450,0.37,0.37,0.36,0.36
710582,宏捷科元大67購01,35350,0.67,0.68,0.67,0.68
710583,佳邦元大61購01,0,,,,
710584,欣銓元大61購01,287710,1.08,1.11,1.03,1.09
710585,原相元大61購01,0,,,,
710586,富喬元大64購03,719340,0.73,0.73,0.72,0.73
710587,富喬元大65購03,824030,0.86,0.86,0.85,0.86
710588,群聯元大64購06,0,,,,
710589,臺慶科元大61購02,0,,,,
710590,中美晶群益64購01,65250,0.72,1.06,0.72,1.06
710591,竹陞群益61購01,2400,0.48,0.48,0.48,0.48
710592,均豪群益61購01,317660,1.27,1.27,1.16,1.16
710593,佳邦群益61購01,0,,,,
710594,宜特群益61購01,47960,1.05,1.05,1.03,1.03
710595,青雲群益62購01,0,,,,
710596,臺慶科群益61購01,0,,,,
710597,中美晶國泰63購01,308440,1.4,1.73,1.4,1.73
710598,家登國泰62購01,164740,1.14,1.16,1.14,1.14
710599,凡甲富邦63購02,4000,0.4,0.4,0.4,0.4
710600,中光電富邦63購01,270,0.27,0.27,0.27,0.27
710601,宏觀富邦63購01,0,,,,
710602,茂達富邦63購01,0,,,,
710603,耕興富邦63購01,18330,0.47,0.47,0.47,0.47
710604,湧德富邦63購01,179170,0.56,0.56,0.55,0.55
710605,中光電凱基61購02,4300,0.11,0.11,0.1,0.1
710606,巨有凱基61購01,73590,3.49,3.52,3.49,3.52
710607,宜鼎凱基61購01,5040,0.14,0.14,0.14,0.14
710608,富喬凱基61購04,2891950,0.7,0.7,0.68,0.69
710609,臺慶科凱基61購02,0,,,,
710610,雙鴻凱基64購01,0,,,,
710611,中美晶台新61購02,114680,1.61,1.85,1.59,1.85
710612,宜特台新61購02,0,,,,
710613,宜鼎台新61購03,203320,0.46,0.46,0.46,0.46
710614,原相台新61購01,0,,,,
710615,原相台新61購02,0,,,,
710616,原相台新61購03,0,,,,
710617,鈊象台新61購01,19460,0.84,0.89,0.84,0.88
710618,群聯台新61購01,29870,1.03,1.03,1.03,1.03
710619,九暘元大61購01,28770,0.64,0.64,0.61,0.61
710621,台嘉碩元大61購01,14500,0.27,0.27,0.25,0.25
710622,安可元大61購01,50830,0.88,0.88,0.74,0.85
710623,竹陞元大61購01,462710,0.63,0.63,0.61,0.61
710624,宜鼎元大61購06,267840,0.54,0.54,0.54,0.54
710625,松上元大61購01,0,,,,
710626,品安元大61購01,0,,,,
710628,晟田元大61購01,13950,1.24,1.55,1.24,1.55
710629,堡達元大61購01,0,,,,
710630,富喬元大61購08,3588810,0.8,0.81,0.79,0.8
710631,富喬元大64購04,527650,0.7,0.73,0.7,0.71
710632,碩禾元大61購03,2400,0.24,0.24,0.24,0.24
710633,臺慶科元大64購01,67760,0.56,0.56,0.56,0.56
710634,臺慶科元大67購01,0,,,,
710635,寶雅元大61購01,15600,1.2,1.2,1.2,1.2
710636,川寶國票65購01,83090,0.62,0.72,0.6,0.71
710637,中美晶國票61購04,89500,0.43,0.48,0.43,0.48
710638,中裕國票65購01,118410,0.56,0.58,0.56,0.57
710639,日揚國票65購01,0,,,,
710640,安可國票61購01,14200,0.39,0.5,0.39,0.43
710641,金雨國票65購01,0,,,,
710642,品安國票65購01,0,,,,
710643,威潤國票65購01,0,,,,
710644,茂達國票65購01,0,,,,
710645,泰藝國票61購01,0,,,,
710646,晟田國票61購01,19960,1.0,1.13,1.0,1.09
710647,崇越電國票65購01,6310,0.56,0.58,0.56,0.57
710648,富強鑫國票65購01,0,,,,
710649,瑞耘國票65購01,0,,,,
710650,精拓科國票65購01,254200,0.62,0.62,0.62,0.62
710651,廣積國票65購01,54480,1.12,1.12,1.02,1.02
710652,璟德國票65購01,0,,,,
710653,中光電群益61購01,0,,,,
710654,中美晶群益63購01,546210,0.77,0.89,0.77,0.89
710655,世紀*群益62購01,0,,,,
710656,台嘉碩群益61購01,0,,,,
710657,台嘉碩群益61購02,0,,,,
710658,巨漢群益61購01,0,,,,
710659,宜鼎群益61購01,425430,0.49,0.52,0.49,0.49
710660,東浦群益61購01,0,,,,
710661,東浦群益61購02,0,,,,
710662,國眾群益64購01,0,,,,
710663,堡達群益61購01,0,,,,
710664,晶宏群益61購01,24600,0.82,0.82,0.82,0.82
710665,陽程群益61購01,0,,,,
710666,九暘凱基61購01,282360,0.39,0.59,0.37,0.59
710667,川寶凱基61購01,230030,0.65,1.26,0.63,1.18
710668,中美晶凱基61購06,39050,0.85,1.1,0.85,1.1
710669,日揚凱基61購01,0,,,,
710670,世界凱基66購01,289420,0.6,0.64,0.6,0.62
710671,加高凱基61購01,0,,,,
710672,加高凱基61購02,0,,,,
710673,台嘉碩凱基61購01,0,,,,
710674,台嘉碩凱基61購02,0,,,,
710675,全宇昕凱基61購01,65170,0.55,0.55,0.53,0.53
710676,邑錡凱基61購01,2100,0.21,0.21,0.21,0.21
710677,奇鈦科凱基61購01,10300,0.26,0.26,0.25,0.25
710678,東浦凱基61購01,0,,,,
710679,杰力凱基61購01,0,,,,
710680,茂達凱基61購01,0,,,,
710681,泰藝凱基61購01,0,,,,
710682,高僑凱基61購01,0,,,,
710683,崇越電凱基61購01,17500,0.58,0.6,0.58,0.58
710684,堡達凱基61購01,0,,,,
710685,晶宏凱基61購01,7900,0.79,0.79,0.79,0.79
710686,越峰凱基61購01,4000,0.1,0.1,0.1,0.1
710687,陽程凱基61購02,191990,4.8,4.8,3.99,4.26
710688,碩禾凱基61購01,73900,0.26,0.29,0.26,0.28
710689,中光電台新61購01,0,,,,
710690,中光電台新61購02,0,,,,
710691,中美晶台新61購03,59280,0.78,0.78,0.78,0.78
710692,中美晶台新63購02,0,,,,
710693,世界台新61購01,91000,0.44,0.45,0.42,0.45
710694,台嘉碩台新61購01,13020,0.42,0.42,0.42,0.42
710695,台嘉碩台新61購02,0,,,,
710696,巨漢台新61購01,0,,,,
710697,巨漢台新61購02,0,,,,
710698,全宇昕台新61購01,0,,,,
710699,欣銓台新61購01,64000,0.55,0.55,0.53,0.53
710700,欣銓台新61購02,10300,0.53,0.53,0.5,0.5
710701,威剛台新61購02,0,,,,
710702,家登台新61購01,87980,0.76,0.76,0.71,0.73
710703,家登台新64購01,599080,0.98,0.98,0.93,0.96
710704,威剛中信61購01,0,,,,
710705,九暘永豐61購01,248280,0.51,0.51,0.45,0.45
710706,久禾光永豐61購01,0,,,,
710707,川寶永豐61購01,79800,0.5,0.61,0.5,0.61
710708,加高永豐61購01,0,,,,
710709,台嘉碩永豐61購01,0,,,,
710710,巨漢永豐61購01,242800,0.32,0.35,0.32,0.34
710711,立盈永豐61購01,38000,0.38,0.38,0.38,0.38
710712,全宇昕永豐61購01,0,,,,
710713,利機永豐61購01,0,,,,
710714,良維永豐61購01,49700,0.7,0.7,0.7,0.7
710715,奇鈦科永豐61購01,0,,,,
710716,奇鈦科永豐61購02,111250,0.25,0.26,0.25,0.25
710717,東浦永豐61購01,0,,,,
710718,杰力永豐61購01,36720,0.34,0.34,0.34,0.34
710719,欣銓永豐64購02,116100,0.62,0.62,0.6,0.61
710720,信音永豐61購01,0,,,,
710721,泰藝永豐61購01,0,,,,
710722,泰藝永豐61購02,0,,,,
710723,崇越電永豐61購01,0,,,,
710724,崇越電永豐61購02,0,,,,
710725,堡達永豐61購01,0,,,,
710726,堡達永豐64購01,0,,,,
710727,晶宏永豐61購01,0,,,,
710728,華洋永豐61購01,49980,0.34,0.34,0.34,0.34
710729,越峰永豐61購01,9600,0.16,0.16,0.16,0.16
710730,陽程永豐61購01,474360,3.42,3.47,3.27,3.4
710731,碩禾永豐61購01,0,,,,
710733,寬魚永豐61購01,0,,,,
710734,寬魚永豐61購02,0,,,,
710735,威剛國泰62購01,0,,,,
710736,立碁富邦61購01,0,,,,
710737,均豪富邦61購02,0,,,,
710738,中光電國票61購02,0,,,,
710739,中美晶國票65購01,20020,1.03,1.14,1.03,1.14
710740,竹陞國票65購01,0,,,,
710741,松上國票61購01,0,,,,
710742,欣銓國票61購03,24850,0.71,0.71,0.71,0.71
710743,青雲國票61購01,20580,1.14,1.16,1.14,1.16
710744,盈正國票65購01,4730,0.43,0.43,0.43,0.43
710745,茂達國票65購02,0,,,,
710746,家登國票61購01,0,,,,
710747,堡達國票61購01,0,,,,
710748,翔名國票65購01,0,,,,
710749,華洋國票65購01,0,,,,
710750,勤凱國票61購01,35000,0.18,0.18,0.17,0.17
710751,頎邦國票65購01,149260,0.84,0.86,0.84,0.84
710752,璟德國票61購01,0,,,,
710753,擎邦國票61購01,516950,0.75,0.76,0.7,0.76
710754,耀穎國票65購01,55850,0.95,0.98,0.92,0.92
710756,大中元大67購01,0,,,,
710758,佳邦元大61購02,4400,0.22,0.22,0.22,0.22
710761,華景電元大64購01,233530,0.47,0.47,0.46,0.46
710762,聖暉*元大61購02,0,,,,
710763,頎邦元大61購01,0,,,,
710764,璟德元大61購02,0,,,,
710765,大中凱基61購01,0,,,,
710766,竹陞凱基61購02,2142950,0.3,0.3,0.26,0.3
710767,宜特凱基61購03,0,,,,
710768,欣銓凱基61購02,47590,0.9,0.9,0.87,0.87
710769,茂達凱基61購02,0,,,,
710770,富喬凱基61購05,898010,0.95,0.95,0.92,0.94
710771,聖暉*凱基61購02,0,,,,
710772,璟德凱基64購01,330,0.33,0.33,0.33,0.33
710773,中美晶永豐61購01,316380,0.65,0.75,0.65,0.75
710774,中美晶永豐61購02,0,,,,
710775,元太永豐61購04,0,,,,
710776,台嘉碩永豐61購02,6820,0.31,0.31,0.31,0.31
710777,竹陞永豐63購01,0,,,,
710778,宜鼎永豐66購01,38000,0.76,0.76,0.76,0.76
710779,昇佳電永豐61購01,0,,,,
710780,茂達永豐64購01,0,,,,
710781,能率亞永豐61購01,0,,,,
710782,高僑永豐61購01,0,,,,
710783,閎康永豐61購02,0,,,,
710784,新漢永豐61購01,0,,,,
710785,頎邦永豐61購02,155850,0.58,0.6,0.57,0.57
710786,頎邦永豐64購01,387730,1.08,1.14,1.08,1.1
710787,璟德永豐61購02,1500,0.3,0.3,0.3,0.3
710788,寶雅永豐61購01,95300,0.47,0.5,0.47,0.5
710789,大中台新61購02,0,,,,
710790,巨有台新61購01,12790,2.95,3.28,2.95,3.28
710791,立碁台新61購01,0,,,,
710792,竹陞台新61購02,283880,0.66,0.66,0.64,0.64
710793,宜鼎台新61購04,54200,0.31,0.32,0.3,0.3
710794,晟田台新61購01,8800,0.88,0.88,0.88,0.88
710795,新漢台新61購01,0,,,,
710796,新漢台新64購01,0,,,,
710797,群聯台新61購02,0,,,,
710798,中美晶富邦61購02,85100,0.43,0.54,0.41,0.54
710799,欣銓富邦61購01,184700,0.34,0.37,0.33,0.35
710800,陽程富邦61購01,0,,,,
710801,頎邦富邦63購01,173320,0.56,0.58,0.56,0.58
710802,頎邦富邦64購01,0,,,,
710803,久元群益63購01,0,,,,
710804,大中群益61購01,0,,,,
710805,中美晶群益61購01,788030,2.04,2.48,1.98,2.48
710806,世界群益61購02,146370,1.14,1.17,1.14,1.17
710807,台特化群益61購01,289540,1.15,1.19,1.06,1.08
710808,均豪群益61購02,728110,1.51,1.51,1.39,1.39
710809,良維群益61購03,19400,1.25,1.32,1.25,1.32
710810,杰力群益61購01,0,,,,
710811,威剛群益61購04,0,,,,
710812,茂達群益61購01,0,,,,
710813,能率群益61購01,0,,,,
710814,翔名群益61購01,0,,,,
710815,鈊象群益64購01,52780,0.31,0.32,0.31,0.32
710816,群聯群益67購02,810550,1.78,1.86,1.75,1.76
710817,頎邦群益61購01,87010,0.7,0.71,0.68,0.68
710818,頎邦群益61購02,109970,0.57,0.57,0.56,0.56
710819,雙鴻群益61購01,258750,5.75,5.75,5.75,5.75
710820,中光電凱基61購03,0,,,,
710821,世紀*凱基61購02,0,,,,
710822,良維凱基61購02,156080,1.13,1.21,1.13,1.17
710823,昇佳電凱基61購01,3200,0.32,0.32,0.32,0.32
710824,家登凱基61購01,42120,1.08,1.08,1.08,1.08
710825,翔名凱基61購01,0,,,,
710826,頎邦凱基61購01,351640,0.35,0.35,0.33,0.33
710827,精材凱基61購06,0,,,,
710828,竹陞台新61購03,5000,0.5,0.5,0.5,0.5
710829,朋程台新61購01,0,,,,
710830,朋程台新62購01,62400,0.4,0.4,0.4,0.4
710831,朋程台新63購01,570270,1.16,1.2,1.14,1.18
710832,朋程台新64購01,0,,,,
710833,博大台新61購01,138350,0.58,0.59,0.58,0.59
710834,群聯台新61購03,0,,,,
710835,群聯台新67購01,0,,,,
710836,群聯台新67購02,0,,,,
710837,頎邦台新61購01,498230,0.95,0.98,0.92,0.93
710838,頎邦台新61購02,1559700,0.78,0.8,0.74,0.76
710839,驊訊台新61購01,0,,,,
710840,驊訊台新61購02,0,,,,
710841,力致永豐61購01,0,,,,
710842,中美晶永豐65購02,0,,,,
710843,世紀*永豐61購01,48800,2.7,2.72,2.7,2.72
710844,神準永豐65購01,2680,0.66,0.68,0.66,0.68
710845,翔名永豐61購01,0,,,,
710846,翔名永豐65購01,0,,,,
710847,榮剛永豐61購01,640,0.64,0.64,0.64,0.64
710848,榮剛永豐61購02,128730,0.47,0.5,0.47,0.5
710849,九暘國票65購01,0,,,,
710850,大中國票61購01,0,,,,
710851,中菲行國票65購01,0,,,,
710852,友威科國票65購01,1157010,0.71,0.74,0.65,0.67
710853,全宇昕國票65購01,0,,,,
710854,竹陞國票66購01,0,,,,
710855,邑錡國票61購01,0,,,,
710856,邑錡國票63購01,14960,0.34,0.34,0.34,0.34
710857,尚凡*國票65購01,440,0.44,0.44,0.44,0.44
710858,易發國票65購01,203590,0.61,0.64,0.6,0.63
710859,昇佳電國票65購01,0,,,,
710860,佶優國票61購01,0,,,,
710861,佶優國票63購01,0,,,,
710862,茂訊國票65購01,0,,,,
710863,原相國票61購01,459310,0.23,0.23,0.23,0.23
710864,振曜國票65購01,0,,,,
710865,泰詠國票65購01,0,,,,
710866,健喬國票65購01,54000,0.54,0.54,0.54,0.54
710867,國眾國票65購01,0,,,,
710868,博大國票65購01,2600,0.52,0.52,0.52,0.52
710869,普萊德國票65購01,0,,,,
710870,晶宏國票65購01,8400,0.84,0.84,0.84,0.84
710871,越峰國票65購01,56270,0.23,0.23,0.22,0.22
710872,萬泰科國票61購02,0,,,,
710873,碩禾國票65購01,2240,0.28,0.28,0.28,0.28
710874,聚和國票61購02,0,,,,
710875,鐿鈦國票65購01,60000,0.6,0.6,0.6,0.6
710876,竹陞國泰63購01,0,,,,
710877,青雲國泰62購03,0,,,,
710878,茂達國泰62購01,0,,,,
710879,精材國泰62購01,0,,,,
710880,大中富邦61購01,0,,,,
710881,宜鼎富邦61購02,0,,,,
710882,中光電群益61購02,0,,,,
710883,宜鼎群益61購02,4450,0.45,0.45,0.44,0.44
710884,宜鼎群益61購03,0,,,,
710885,威剛群益61購05,0,,,,
710886,建榮群益62購01,0,,,,
710887,群聯群益67購03,320290,2.6,2.7,2.6,2.63
710888,精材群益64購01,0,,,,
710889,精剛群益61購01,0,,,,
710890,精剛群益61購02,0,,,,
710891,聚和群益61購01,35110,0.54,0.56,0.52,0.52
710892,雙鴻群益61購02,7600,7.6,7.6,7.6,7.6
710893,中美晶元大64購01,180090,1.38,1.5,1.38,1.5
710894,中美晶元大66購04,1636640,1.23,1.38,1.21,1.38
710895,台嘉碩元大61購02,0,,,,
710896,均豪元大61購02,68090,0.49,0.49,0.48,0.48
710897,宜特元大65購01,123200,0.77,0.77,0.77,0.77
710898,宜特元大67購02,0,,,,
710899,欣銓元大61購02,114990,0.84,0.86,0.84,0.86
710900,家登元大61購02,143330,1.02,1.02,0.98,0.98
710901,能率元大61購02,0,,,,
710902,臺慶科元大64購02,18200,0.35,0.35,0.35,0.35
710903,鑫科元大61購01,0,,,,
710904,太普高國票65購01,0,,,,
710905,安碁國票61購01,23200,0.58,0.58,0.58,0.58
710906,利機國票61購01,0,,,,
710907,杰力國票65購01,31880,0.37,0.37,0.36,0.36
710908,倉和國票65購01,111530,4.29,4.29,4.28,4.28
710909,晟田國票61購02,9810,0.72,0.72,0.69,0.69
710910,創泓國票61購01,23980,0.94,1.16,0.94,1.16
710911,博大國票61購01,0,,,,
710912,新普國票65購01,0,,,,
710913,聖暉*國票65購01,0,,,,
710914,類比科國票61購01,16500,0.3,0.3,0.3,0.3
710915,寶雅國票61購03,0,,,,
710916,驊訊國票61購01,0,,,,
710917,大中凱基61購02,0,,,,
710918,中美晶凱基66購01,6000,1.0,1.0,1.0,1.0
710919,台嘉碩凱基61購03,0,,,,
710920,宏觀凱基61購04,0,,,,
710921,宜鼎凱基61購02,57720,0.33,0.33,0.12,0.31
710922,欣銓凱基61購03,84750,0.54,0.58,0.54,0.56
710923,威剛凱基61購03,44880,0.88,0.88,0.88,0.88
710924,茂達凱基61購03,0,,,,
710925,博大凱基61購01,0,,,,
710926,群聯凱基61購07,0,,,,
710927,雙鴻凱基61購05,12500,6.25,6.25,6.25,6.25
710928,大中群益61購02,2400,0.12,0.12,0.12,0.12
710929,中光電群益61購03,0,,,,
710930,欣銓群益61購01,0,,,,
710931,茂達群益61購02,0,,,,
710932,家登群益61購04,354590,1.57,1.61,1.47,1.47
710933,新普群益61購01,0,,,,
710934,新普群益61購02,0,,,,
710935,精材群益64購02,17900,1.83,1.83,1.75,1.75
710936,中美晶國泰64購01,233680,1.25,1.5,1.25,1.5
710937,中光電富邦64購01,0,,,,
710938,威剛富邦64購01,0,,,,
710939,茂達富邦63購02,0,,,,
710940,華電網富邦63購01,14500,0.29,0.29,0.29,0.29
710941,萬泰科富邦63購02,4500,0.25,0.25,0.25,0.25
710942,群聯中信67購01,480,0.48,0.48,0.48,0.48
710943,中光電永豐61購03,0,,,,
710944,艾訊永豐61購01,0,,,,
710945,杰力永豐64購01,53900,0.49,0.49,0.49,0.49
710946,長聖永豐61購01,0,,,,
710947,威剛永豐61購08,0,,,,
710948,威剛永豐64購03,0,,,,
710949,茂達永豐65購01,0,,,,
710950,倉和永豐61購01,0,,,,
710951,倉和永豐64購01,0,,,,
710952,宸曜永豐61購01,81550,0.77,0.8,0.72,0.72
710953,宸曜永豐67購01,21280,1.52,1.52,1.52,1.52
710954,耕興永豐61購01,0,,,,
710955,博大永豐61購01,0,,,,
710956,智通*永豐64購01,0,,,,
710957,新普永豐61購02,0,,,,
710958,精剛永豐61購01,64090,0.37,0.38,0.37,0.37
710959,磐儀永豐61購01,0,,,,
710960,中光電元大61購05,0,,,,
710961,中美晶元大64購02,753380,1.25,1.45,1.25,1.45
710962,中美晶元大66購05,954000,1.15,1.44,1.13,1.44
710963,世紀*元大61購01,0,,,,
710964,宜鼎元大61購07,44000,0.44,0.44,0.44,0.44
710965,晟田元大61購02,14800,0.69,0.79,0.69,0.79
710966,創惟元大61購01,0,,,,
710967,晶焱元大61購01,0,,,,
710968,翔名元大61購01,0,,,,
710969,群聯元大64購07,0,,,,
710970,頎邦元大61購02,22340,0.95,0.95,0.86,0.94
710971,譜瑞元大61購03,23000,0.46,0.46,0.46,0.46
710972,譜瑞元大65購03,0,,,,
710973,久元台新61購01,0,,,,
710974,久元台新61購02,0,,,,
710975,大中台新61購03,0,,,,
710976,大中台新61購04,0,,,,
710977,中光電台新61購04,0,,,,
710978,杰力台新61購01,0,,,,
710979,宸曜台新61購01,136330,2.03,2.03,1.7,1.7
710980,博大台新61購02,0,,,,
710981,博大台新61購03,0,,,,
710982,精材台新61購03,0,,,,
710983,立敦凱基61購01,0,,,,
710984,均豪凱基61購01,36960,1.04,1.06,0.97,0.97
710985,家登凱基61購02,149230,1.55,1.55,1.48,1.48
710986,振曜凱基61購01,0,,,,
710987,華景電凱基64購01,900,0.45,0.45,0.45,0.45
710988,新普凱基61購01,0,,,,
710989,頎邦凱基61購02,600300,0.45,0.48,0.44,0.44
710990,精材凱基61購07,0,,,,
710991,營邦凱基61購01,48820,1.46,1.5,1.46,1.48
710992,譜瑞凱基61購06,0,,,,
710993,寶雅凱基61購01,78260,0.88,0.88,0.86,0.86
710994,欣銓台新61購03,97410,0.71,0.79,0.71,0.79
710995,群聯台新61購04,0,,,,
710996,大江國票65購01,550,0.55,0.55,0.55,0.55
710997,大學光國票61購01,2160,0.42,0.44,0.42,0.44
710998,佰研國票65購01,450,0.45,0.45,0.45,0.45
710999,宜特國票61購01,0,,,,
711000,長聖國票65購01,98960,0.63,0.63,0.62,0.62
711001,能率國票61購02,0,,,,
711002,廣積國票66購01,18470,1.01,1.01,0.95,0.95
711003,陽程群益61購02,0,,,,
711004,系統電國泰62購01,123170,0.84,0.94,0.84,0.9
711005,宜鼎國泰62購02,0,,,,
711007,大中元大66購01,0,,,,
711009,巨有元大61購02,4350,4.35,4.35,4.35,4.35
711010,立敦元大61購01,0,,,,
711011,立敦元大67購01,0,,,,
711012,宜鼎元大61購08,444150,0.43,0.44,0.42,0.42
711013,宜鼎元大61購09,0,,,,
711014,昇佳電元大61購01,1050,0.21,0.21,0.21,0.21
711015,朋程元大61購01,11700,0.39,0.39,0.39,0.39
711016,青雲元大61購01,15070,1.35,1.38,1.35,1.37
711017,美琪瑪元大61購01,133280,0.89,0.89,0.86,0.86
711018,茂達元大61購03,0,,,,
711020,家登元大61購03,4380,1.46,1.46,1.46,1.46
711021,智通*元大61購01,0,,,,
711022,群聯元大64購08,12070,0.71,0.71,0.71,0.71
711023,譜瑞元大61購04,15210,0.95,0.96,0.94,0.94
711024,中美晶統一65購01,304170,0.41,0.45,0.41,0.45
711025,均豪統一65購01,3570,0.51,0.51,0.51,0.51
711026,朋程統一65購03,560,0.14,0.14,0.14,0.14
711027,茂訊統一67購01,0,,,,
711028,群聯統一67購01,15400,0.55,0.55,0.55,0.55
711029,精材統一67購01,125500,1.23,1.25,1.23,1.25
711030,營邦統一67購01,44460,1.18,1.18,1.15,1.16
711031,中光電永豐61購04,0,,,,
711032,中光電永豐61購05,1200,0.12,0.12,0.12,0.12
711033,立敦永豐61購02,0,,,,
711034,立敦永豐64購01,0,,,,
711035,立敦永豐64購02,0,,,,
711036,宜鼎永豐63購02,0,,,,
711037,長聖永豐61購02,8700,0.29,0.29,0.29,0.29
711038,原相永豐61購02,0,,,,
711039,群聯永豐64購07,42120,1.08,1.08,1.08,1.08
711040,群聯永豐64購08,0,,,,
711041,群聯永豐67購01,0,,,,
711042,廣積永豐61購01,115300,0.88,0.88,0.8,0.8
711043,宜鼎中信61購03,0,,,,
711044,群聯中信61購01,30020,0.38,0.38,0.38,0.38
711045,大中凱基61購03,0,,,,
711046,台特化凱基61購01,14230,1.31,1.31,1.29,1.29
711047,巨有凱基61購02,0,,,,
711048,宜特凱基61購04,19780,0.46,0.46,0.46,0.46
711049,宜鼎凱基61購03,0,,,,
711050,茂達凱基61購04,0,,,,
711051,原相凱基61購02,0,,,,
711052,智通*凱基61購01,0,,,,
711053,順達凱基61購02,19500,0.65,0.65,0.65,0.65
711054,鈊象凱基61購03,31400,1.57,1.57,1.57,1.57
711055,群聯凱基64購04,0,,,,
711056,精材凱基61購08,0,,,,
711057,廣積凱基65購01,5100,0.87,0.87,0.83,0.83
711058,昱展台新61購01,0,,,,
711059,富喬台新61購01,0,,,,
711060,艾訊群益61購01,0,,,,
711061,家登群益61購05,49500,0.9,0.9,0.9,0.9
711062,順達群益61購01,0,,,,
711063,群聯群益61購06,71550,3.61,3.61,3.52,3.52
711064,精材群益61購02,288250,5.7,5.7,5.65,5.7
711065,大樹國票65購01,3920,0.49,0.49,0.49,0.49
711066,公準國票65購01,3000,0.6,0.6,0.6,0.6
711067,加百裕國票61購01,4160,0.32,0.32,0.32,0.32
711068,尼克森國票61購01,0,,,,
711069,正基國票65購01,0,,,,
711070,艾訊國票61購02,0,,,,
711071,宜鼎國票65購02,673920,0.79,0.79,0.77,0.78
711072,高僑國票65購01,14800,0.48,0.5,0.48,0.5
711073,智崴國票65購01,22600,0.42,0.42,0.41,0.41
711074,僑威國票65購01,0,,,,
711075,廣明國票65購01,0,,,,
711076,撼訊國票65購01,79400,0.61,0.62,0.61,0.62
711077,中美晶元大61購03,149060,0.94,0.97,0.94,0.97
711078,台嘉碩元大61購03,0,,,,
711079,宜鼎元大61購10,0,,,,
711080,智通*元大61購02,0,,,,
711081,群聯元大61購14,5940,0.99,0.99,0.99,0.99
711082,臺慶科元大61購03,0,,,,
711083,世界國泰62購01,464020,0.97,1.01,0.96,0.96
711084,博大國泰62購01,13640,0.62,0.62,0.62,0.62
711085,陽程國泰62購01,0,,,,
711086,群聯國泰62購03,82290,1.13,1.13,1.12,1.12
711087,精材國泰62購02,0,,,,
711088,中美晶富邦61購03,671740,0.43,0.53,0.42,0.53
711089,立碁富邦64購01,114290,1.57,1.57,1.5,1.51
711090,翔名富邦61購01,0,,,,
711091,陽程富邦61購02,0,,,,
711092,精材富邦61購01,0,,,,
711093,精材中信61購02,60850,0.91,0.91,0.9,0.9
711094,千附永豐61購01,0,,,,
711095,千附永豐61購02,0,,,,
711096,立端永豐61購01,175300,0.93,0.93,0.82,0.84
711097,松瑞藥永豐61購01,7200,0.72,0.72,0.72,0.72
711098,磐儀永豐61購02,8400,0.42,0.42,0.42,0.42
711099,千附精統一67購01,0,,,,
711100,大中統一65購02,0,,,,
711101,大中統一6C購01,0,,,,
711102,中裕統一69購01,0,,,,
711103,世界統一67購01,46200,0.6,0.6,0.6,0.6
711104,台嘉碩統一67購01,0,,,,
711105,台嘉碩統一6C購01,0,,,,
711106,尼克森統一65購01,0,,,,
711107,巨有統一6C購01,0,,,,
711108,朋程統一65購04,0,,,,
711109,杰力統一6C購01,20210,0.43,0.43,0.43,0.43
711110,青雲統一69購01,0,,,,
711111,青雲統一6C購01,504840,0.68,0.68,0.67,0.68
711112,泰藝統一6C購01,0,,,,
711113,健喬統一69購01,0,,,,
711114,堡達統一6C購01,0,,,,
711115,智通*統一67購01,0,,,,
711116,陽程統一6C購01,1055760,1.36,1.4,1.35,1.4
711117,順達統一65購03,37000,0.46,0.47,0.46,0.47
711118,頎邦統一65購01,297140,0.6,0.62,0.6,0.62
711119,頎邦統一67購02,82550,0.61,0.62,0.61,0.62
711120,頎邦統一67購03,0,,,,
711121,頎邦統一6C購01,115840,0.69,0.69,0.68,0.68
711122,精材統一65購02,755030,1.2,1.2,1.15,1.15
711123,精材統一67購02,13250,0.89,0.89,0.88,0.88
711124,中美晶凱基64購01,604890,0.83,1.01,0.83,0.99
711125,家登凱基67購01,23370,1.17,1.17,1.11,1.11
711126,陽程凱基61購03,149550,3.12,3.12,3.0,3.0
711127,順達凱基61購03,0,,,,
711128,群聯凱基61購08,40640,1.27,1.27,1.27,1.27
711129,群聯凱基61購09,48650,1.02,1.1,1.01,1.1
711130,頎邦凱基61購03,10310,0.38,0.39,0.38,0.38
711131,精材凱基61購09,159630,1.46,1.46,1.38,1.38
711132,臺慶科凱基61購03,2800,0.28,0.28,0.28,0.28
711133,宜鼎台新62購01,0,,,,
711134,茂達台新61購01,0,,,,
711135,茂達台新61購02,10150,0.41,0.41,0.4,0.4
711136,群聯台新67購03,169780,1.81,1.81,1.71,1.71
711137,群聯台新67購04,14900,1.49,1.49,1.49,1.49
711138,頎邦台新61購04,1195900,1.33,1.36,1.25,1.28
711139,頎邦台新61購05,1554990,1.28,1.3,1.21,1.24
711140,精材台新61購04,18000,1.8,1.8,1.8,1.8
711141,精材台新61購05,0,,,,
711142,精材台新62購02,0,,,,
711143,力麒國票65購01,0,,,,
711144,天良國票61購01,27040,0.18,0.18,0.17,0.17
711145,巨漢國票61購01,4700,0.47,0.47,0.47,0.47
711146,協禧國票65購01,0,,,,
711147,奇鈦科國票65購01,8800,0.44,0.44,0.44,0.44
711149,陽程國票61購02,0,,,,
711150,順達國票65購01,9200,0.92,0.92,0.92,0.92
711151,精材國票61購04,20100,2.01,2.01,2.01,2.01
711152,精材國票65購01,0,,,,
711153,營邦國票61購01,0,,,,
711154,千附群益61購01,0,,,,
711155,千附群益61購02,750,0.75,0.75,0.75,0.75
711156,台特化群益61購02,653960,1.49,1.6,1.39,1.39
711157,青雲群益61購01,259900,0.84,0.84,0.83,0.83
711158,青雲群益61購02,2400,1.2,1.2,1.2,1.2
711159,威剛群益61購06,39600,1.32,1.32,1.32,1.32
711160,鈊象群益61購02,14500,1.42,1.48,1.42,1.48
711161,新漢群益61購01,0,,,,
711162,群聯群益61購07,1617400,1.92,2.06,1.88,1.91
711163,精材群益63購03,466100,2.97,2.97,2.89,2.89
711164,中光電元大61購06,0,,,,
711165,中光電元大61購07,4600,0.2,0.2,0.2,0.2
711166,中美晶元大61購04,219210,0.44,0.51,0.44,0.51
711167,宜鼎元大63購02,0,,,,
711168,茂達元大61購04,0,,,,
711169,智通*元大61購03,0,,,,
711171,順達元大61購01,279130,0.74,0.81,0.74,0.81
711172,群聯元大61購15,103250,0.89,0.92,0.89,0.92
711173,頎邦元大61購03,0,,,,
711174,精材元大61購10,3330,1.11,1.11,1.11,1.11
711175,精材元大61購11,0,,,,
711176,精材元大63購05,234280,1.54,1.78,1.54,1.78
711177,營邦元大61購01,71770,1.54,1.57,1.54,1.57
711178,九暘統一63購01,0,,,,
711179,九暘統一6C購01,91760,0.62,0.64,0.62,0.64
711180,千附精統一67購02,0,,,,
711181,千附精統一67購03,0,,,,
711182,大中統一65購03,0,,,,
711183,中光電統一65購01,10500,0.21,0.21,0.21,0.21
711184,中光電統一6C購01,0,,,,
711185,中美晶統一65購02,112580,0.51,0.57,0.5,0.57
711186,中美晶統一67購01,16430,0.53,0.53,0.53,0.53
711187,中美晶統一6C購01,0,,,,
711188,台嘉碩統一65購01,0,,,,
711189,立敦統一67購01,0,,,,
711190,安勤統一67購01,1760,0.44,0.44,0.44,0.44
711191,系統電統一6C購01,0,,,,
711192,亞通統一67購01,111820,0.87,0.87,0.84,0.86
711193,宜鼎統一67購01,53350,0.55,0.55,0.55,0.55
711194,昇佳電統一67購01,0,,,,
711195,杰力統一65購01,45200,0.4,0.4,0.4,0.4
711196,青雲統一69購02,0,,,,
711197,茂達統一69購02,0,,,,
711198,神準統一67購01,0,,,,
711199,堡達統一65購01,7600,0.38,0.38,0.38,0.38
711200,翔名統一6C購01,0,,,,
711201,順達統一67購01,0,,,,
711202,順達統一67購02,66010,0.41,0.41,0.41,0.41
711203,順達統一67購03,17000,0.34,0.34,0.34,0.34
711204,順達統一6C購01,0,,,,
711205,群聯統一65購03,0,,,,
711206,頎邦統一65購02,3100,0.62,0.62,0.62,0.62
711207,頎邦統一67購04,165020,0.64,0.64,0.63,0.63
711208,頎邦統一68購01,0,,,,
711209,碩禾統一67購01,7400,0.37,0.37,0.37,0.37
711210,精材統一65購03,0,,,,
711211,精材統一6C購02,0,,,,
711212,大樹永豐61購01,530,0.53,0.53,0.53,0.53
711213,中美晶永豐61購03,0,,,,
711214,宜鼎永豐67購01,0,,,,
711215,智通*永豐65購01,0,,,,
711216,順達永豐61購02,0,,,,
711217,頎邦永豐65購01,111600,0.83,0.84,0.81,0.84
711218,精材永豐61購03,381680,1.04,1.04,1.01,1.01
711219,精材永豐61購04,0,,,,
711220,精材永豐64購02,280980,1.38,1.38,1.35,1.35
711221,營邦永豐64購01,6120,1.53,1.53,1.53,1.53
711222,廣積國泰62購01,553100,2.75,2.78,2.4,2.4
711223,營邦國泰62購01,247230,3.65,3.68,3.6,3.68
711224,久元富邦63購02,0,,,,
711225,元太富邦63購01,0,,,,
711226,元太富邦63購02,0,,,,
711227,立敦富邦63購01,0,,,,
711228,宜特富邦63購01,22200,0.3,0.3,0.3,0.3
711229,智通*富邦64購02,0,,,,
711230,順達富邦63購01,2540,0.31,0.33,0.31,0.33
711231,鈊象富邦63購02,285790,0.67,0.69,0.67,0.68
711232,中美晶台新61購04,66600,0.45,0.45,0.45,0.45
711233,宜鼎台新63購01,7200,0.72,0.72,0.72,0.72
711234,宜鼎台新64購01,0,,,,
711235,千附群益61購03,0,,,,
711236,陽程群益63購01,132420,3.15,3.2,2.99,3.2
711237,順達群益61購02,6600,0.66,0.66,0.66,0.66
711238,璟德群益61購01,5900,0.59,0.59,0.59,0.59
711239,千附凱基61購01,0,,,,
711240,中美晶凱基61購07,0,,,,
711241,宜鼎凱基64購01,0,,,,
711242,青雲凱基61購01,0,,,,
711243,威剛凱基61購04,0,,,,
711244,智通*凱基61購02,0,,,,
711245,順達凱基61購04,56800,0.34,0.37,0.34,0.37
711246,新漢凱基61購01,0,,,,
711247,營邦凱基61購02,0,,,,
711248,雙鴻凱基61購06,0,,,,
711249,M31國票61購01,41260,1.45,1.79,1.45,1.79
711250,千附國票61購03,9450,0.45,0.45,0.45,0.45
711251,中美晶國票65購02,0,,,,
711252,巨有國票61購01,0,,,,
711253,倉和國票66購01,0,,,,
711254,博智國票61購01,9650,0.63,0.65,0.63,0.65
711255,晶呈國票65購01,166020,0.87,0.91,0.87,0.91
711256,千附元大61購01,9900,0.45,0.45,0.45,0.45
711257,中光電元大61購08,0,,,,
711259,中光電元大63購01,190,0.19,0.19,0.19,0.19
711261,宜鼎元大63購03,108840,0.7,0.72,0.7,0.72
711262,朋程元大61購02,22960,0.41,0.41,0.41,0.41
711263,家登元大61購04,50820,0.77,0.77,0.77,0.77
711264,家登元大61購05,271800,1.1,1.1,1.06,1.06
711265,凱崴元大61購01,14790,0.87,0.87,0.87,0.87
711266,群聯元大61購16,180800,1.13,1.13,1.13,1.13
711267,臺慶科元大61購04,29280,0.61,0.61,0.61,0.61
711268,營邦元大61購02,26500,2.25,2.25,2.2,2.2
711269,中美晶國泰62購01,14700,0.7,0.7,0.7,0.7
711270,世界富邦61購03,37330,0.48,0.48,0.47,0.47
711271,博智富邦63購01,10550,0.33,0.37,0.33,0.37
711272,富喬富邦61購02,172550,0.95,0.96,0.95,0.96
711273,千附精永豐64購01,60480,0.96,0.96,0.96,0.96
711274,大中永豐61購01,0,,,,
711275,世界永豐61購02,76350,0.72,0.73,0.72,0.73
711276,家登永豐61購03,211450,1.0,1.0,0.96,0.96
711277,璟德永豐67購01,0,,,,
711278,九暘統一67購01,254390,0.73,0.74,0.73,0.74
711279,千附統一6C購01,0,,,,
711280,中光電統一65購02,0,,,,
711281,安勤統一67購02,0,,,,
711282,青雲統一67購01,3540,1.18,1.18,1.18,1.18
711283,倉和統一6C購01,0,,,,
711284,神準統一67購02,0,,,,
711285,翔名統一67購01,0,,,,
711286,順達統一65購04,15660,0.29,0.29,0.29,0.29
711287,M31台新61購01,88740,2.19,2.49,2.19,2.49
711288,M31台新62購01,1101100,1.5,1.87,1.48,1.87
711289,M31台新64購01,108210,1.4,1.68,1.4,1.68
711290,千附精台新61購02,0,,,,
711291,富喬台新61購02,0,,,,
711292,頎邦台新61購06,595650,1.44,1.5,1.41,1.43
711293,M31凱基61購01,636260,1.47,2.09,1.47,2.09
711294,M31凱基61購02,750080,1.56,2.04,1.56,1.95
711295,M31凱基61購03,819810,1.66,2.22,1.66,2.22
711296,千附精凱基61購03,9590,0.38,0.39,0.38,0.38
711297,中光電凱基61購04,0,,,,
711298,中美晶凱基61購08,0,,,,
711299,朋程凱基61購02,0,,,,
711300,博智凱基63購01,792980,1.26,1.4,1.26,1.4
711301,晶呈凱基61購01,277630,1.25,1.46,1.25,1.46
711302,翔名凱基61購02,0,,,,
711303,群聯凱基65購01,427100,1.97,2.01,1.94,1.94
711304,臺慶科凱基64購01,0,,,,
711305,營邦凱基61購03,3400,3.4,3.4,3.4,3.4
711306,千附精元大61購01,0,,,,
711307,中光電元大61購10,0,,,,
711308,宏捷科元大66購01,190390,0.97,1.02,0.97,1.02
711309,宜鼎元大63購04,38760,0.8,0.82,0.8,0.82
711310,原相元大61購03,103700,1.05,1.05,1.03,1.04
711311,順達元大63購01,180840,1.37,1.37,1.37,1.37
711312,群聯元大61購17,122060,1.54,1.57,1.54,1.57
711313,臺慶科元大61購05,97500,0.78,0.78,0.78,0.78
711314,世界國泰62購02,59280,1.26,1.32,1.26,1.32
711315,陽程國泰62購02,0,,,,
711316,鑫聯國泰62購01,12760,0.58,0.58,0.58,0.58
711317,久禾光國票61購01,4000,0.2,0.2,0.2,0.2
711318,千附精國票65購01,0,,,,
711319,中美晶國票61購05,0,,,,
711320,茂達國票61購02,0,,,,
711321,倉和國票67購01,0,,,,
711322,晶呈國票64購01,13390,1.03,1.03,1.03,1.03
711323,頎邦國票64購01,105520,1.48,1.53,1.48,1.52
711324,寬魚國票61購01,0,,,,
711325,M31群益61購01,48700,1.55,1.72,1.55,1.72
711326,千附精群益61購02,51000,0.51,0.51,0.51,0.51
711327,杰力群益61購02,0,,,,
711328,博智群益61購02,114160,2.05,2.23,2.05,2.23
711329,陽程群益61購03,0,,,,
711330,群聯群益63購01,65460,1.42,1.46,1.42,1.42
711331,M31富邦63購01,527590,1.2,1.35,1.2,1.35
711332,九暘統一65購01,1452260,0.79,0.79,0.72,0.73
711333,中美晶統一67購02,0,,,,
711334,M31永豐63購01,180360,1.3,1.51,1.3,1.51
711335,世紀*永豐63購01,0,,,,
711336,原相永豐61購03,202680,1.08,1.08,1.06,1.06
711337,家登永豐61購04,24100,2.41,2.41,2.41,2.41
711338,晶呈永豐61購01,1828300,0.94,1.06,0.94,1.04
711339,晶呈永豐64購01,194190,1.17,1.34,1.17,1.33
711340,千附精台新61購03,0,,,,
711341,良維台新61購01,130670,1.04,1.12,1.04,1.12
711342,創泓台新61購01,19250,0.35,0.35,0.35,0.35
711343,中美晶凱基61購09,103030,0.31,0.33,0.31,0.33
711344,宜鼎凱基61購04,87540,0.77,0.77,0.73,0.73
711345,原相凱基61購03,0,,,,
711346,智通*凱基61購03,0,,,,
711347,群聯凱基63購02,295810,1.58,1.62,1.57,1.57
711348,頎邦凱基64購02,50640,1.38,1.42,1.38,1.42
711349,雙鴻凱基63購02,0,,,,
711350,中光電元大61購11,0,,,,
711351,中美晶元大61購05,3950,0.54,0.59,0.54,0.59
711352,創泓元大61購01,137500,0.55,0.55,0.55,0.55
711353,智通*元大61購04,0,,,,
711354,智通*元大61購05,0,,,,
711355,中美晶群益61購02,0,,,,
711356,世界群益61購04,0,,,,
711357,加高群益61購01,2360,1.18,1.18,1.18,1.18
711358,巨有群益61購01,0,,,,
711359,均豪群益66購01,72630,1.02,1.04,1.02,1.02
711360,智通*群益61購01,0,,,,
711361,群聯群益61購08,625850,3.86,4.01,3.8,3.8
711362,元太永豐61購05,104770,0.39,0.4,0.39,0.4
711363,加高永豐61購02,0,,,,
711364,良維永豐61購02,244900,1.32,1.38,1.32,1.38
711365,威剛永豐67購02,76840,1.13,1.13,1.13,1.13
711366,敘豐永豐64購01,0,,,,
711367,凱崴永豐61購01,24420,0.46,0.47,0.46,0.47
711368,博智永豐61購02,108360,0.86,0.86,0.86,0.86
711369,華電網永豐61購01,0,,,,
711370,閎康永豐61購03,1070,1.07,1.07,1.07,1.07
711371,順達永豐64購03,53200,1.36,1.36,1.3,1.3
711372,群聯永豐64購09,178950,1.73,1.75,1.73,1.75
711373,群聯永豐67購02,0,,,,
711374,聖暉*永豐64購01,11400,0.76,0.76,0.76,0.76
711375,千附國票65購01,0,,,,
711376,中美晶國票64購01,0,,,,
711377,原相國票61購02,0,,,,
711378,敘豐國票61購01,19290,0.51,0.51,0.49,0.49
711379,創泓國票61購02,0,,,,
711380,創泓國票63購01,47650,0.87,0.87,0.83,0.83
711381,智擎國票65購01,0,,,,
711382,廣穎國票65購01,0,,,,
711384,千附精國泰62購01,0,,,,
711385,世界國泰62購03,182440,1.55,1.62,1.55,1.57
711386,宜鼎國泰62購03,0,,,,
711387,青雲國泰62購04,0,,,,
711388,倉和國泰62購01,0,,,,
711389,群聯國泰62購04,100560,1.52,1.52,1.45,1.45
711390,群聯國泰62購05,165860,1.23,1.32,1.2,1.2
711391,系統電富邦61購03,0,,,,
711392,宜鼎富邦61購03,22620,0.39,0.39,0.39,0.39
711393,群聯富邦63購02,146500,0.5,0.5,0.5,0.5
711394,M31統一67購01,410760,0.91,1.23,0.9,1.23
711395,M31統一67購02,783380,0.94,1.08,0.94,1.08
711396,M31統一6C購01,479790,0.82,0.99,0.82,0.99
711397,千附統一67購01,0,,,,
711398,千附精統一67購04,47940,0.47,0.47,0.47,0.47
711399,大中統一67購01,0,,,,
711400,中光電統一67購01,0,,,,
711401,中光電統一6C購02,0,,,,
711402,中美晶統一66購04,3500,0.35,0.35,0.35,0.35
711403,世紀*統一67購01,5190,1.73,1.73,1.73,1.73
711404,杰力統一67購01,25760,0.56,0.56,0.56,0.56
711405,智通*統一6C購01,0,,,,
711406,閎康統一67購01,0,,,,
711407,廣穎統一63購01,0,,,,
711408,廣穎統一69購02,0,,,,
711409,千附國票66購01,0,,,,
711410,元太國票61購01,6160,0.44,0.44,0.44,0.44
711411,天品國票61購01,391470,1.1,1.17,1.1,1.16
711412,系統電國票64購01,21510,1.26,1.27,1.26,1.27
711413,昇佳電國票66購01,0,,,,
711414,青雲國票61購02,0,,,,
711415,耕興國票65購01,18560,0.58,0.58,0.58,0.58
711416,晟田國票62購01,9200,1.05,1.05,1.01,1.01
711417,博士旺國票61購02,0,,,,
711418,華景電國票65購01,0,,,,
711419,碩禾國票64購01,282530,0.44,0.45,0.44,0.45
711420,中美晶台新61購05,57120,0.34,0.34,0.34,0.34
711421,中美晶台新63購03,0,,,,
711422,晟田台新61購02,5200,0.52,0.52,0.52,0.52
711423,陽程台新61購01,0,,,,
711424,陽程台新61購02,0,,,,
711425,千附凱基61購02,0,,,,
711426,中光電凱基61購05,0,,,,
711427,中美晶凱基61購10,93600,0.2,0.22,0.2,0.22
711428,世界凱基64購02,52480,1.42,1.42,1.41,1.41
711429,立敦凱基61購02,0,,,,
711430,均豪凱基66購01,223070,1.31,1.31,1.26,1.27
711431,千附元大61購02,0,,,,
711432,千附元大61購03,0,,,,
711433,中美晶元大61購06,34910,1.1,1.2,1.1,1.2
711434,中美晶元大61購07,0,,,,
711435,中美晶元大61購08,53200,0.26,0.31,0.26,0.31
711436,中美晶元大63購03,85720,0.58,0.6,0.58,0.6
711437,中美晶元大65購04,111350,0.57,0.65,0.57,0.65
711438,世界元大63購05,225760,0.68,0.68,0.65,0.68
711439,家登元大63購01,166190,1.72,1.75,1.72,1.75
711440,智通*元大61購06,0,,,,
711441,智通*元大63購02,0,,,,
711442,翔名元大61購03,0,,,,
711443,頎邦元大61購04,0,,,,
711444,漢科元大61購01,619630,0.64,0.67,0.63,0.64
711445,千附永豐61購03,0,,,,
711446,千附永豐61購04,0,,,,
711447,千附永豐61購05,0,,,,
711448,千附永豐64購01,440,0.44,0.44,0.44,0.44
711449,中美晶永豐61購04,52560,0.68,0.89,0.68,0.89
711450,中美晶永豐64購02,14320,0.57,0.58,0.57,0.58
711451,世禾永豐61購01,0,,,,
711452,巨漢永豐61購02,20500,0.41,0.41,0.41,0.41
711453,均豪永豐64購02,0,,,,
711454,宏捷科永豐64購01,18850,0.65,0.65,0.65,0.65
711455,創惟永豐61購01,10270,0.79,0.79,0.79,0.79
711456,智通*永豐61購02,0,,,,
711457,湧德永豐61購01,0,,,,
711458,陽程永豐61購02,0,,,,
711459,中光電國泰62購02,0,,,,
711460,中光電國泰62購03,0,,,,
711461,中美晶國泰63購02,14220,0.67,0.82,0.67,0.82
711462,世禾國泰62購01,84480,0.58,0.58,0.57,0.57
711463,翔名國泰62購01,14030,0.61,0.61,0.61,0.61
711464,廣穎國泰62購01,0,,,,
711465,千附統一67購02,0,,,,
711466,千附統一6C購02,4400,0.44,0.44,0.44,0.44
711467,千附精統一67購05,0,,,,
711468,中美晶統一65購03,2500,0.25,0.25,0.25,0.25
711469,中美晶統一67購03,4200,0.42,0.42,0.42,0.42
711470,中美晶統一6C購02,319700,0.37,0.41,0.37,0.41
711471,世界統一6C購01,0,,,,
711472,加高統一67購01,0,,,,
711473,系微統一6C購01,0,,,,
711474,家登統一6C購02,0,,,,
711475,博智統一6C購02,8370,0.64,0.67,0.64,0.67
711476,廣穎統一6C購01,0,,,,
711477,雙鴻統一6C購01,113360,1.13,1.13,1.07,1.07
711478,中光電富邦62購03,0,,,,
711479,中美晶富邦61購04,9850,0.12,0.16,0.12,0.16
711480,台特化富邦61購01,162050,0.44,0.46,0.43,0.43
711481,宜鼎富邦61購04,75110,0.37,0.37,0.37,0.37
711482,宜鼎群益61購04,525690,1.2,1.25,1.19,1.19
711483,茂達群益61購03,0,,,,
711484,世界台新61購02,252350,0.8,0.8,0.75,0.8
711485,台嘉碩台新61購03,379460,1.18,1.2,1.15,1.15
711486,巨漢台新61購03,15360,1.28,1.28,1.28,1.28
711487,良維台新61購02,433980,1.22,1.39,1.22,1.39
711488,亞電台新61購01,327210,1.33,1.7,1.33,1.6
711489,長科*台新61購01,438840,0.92,0.92,0.92,0.92
711490,千附精群益61購03,0,,,,
711491,亞電群益61購01,0,,,,
711492,亞電群益61購02,72890,1.6,1.95,1.6,1.9
711493,亞電群益61購03,324660,2.22,2.4,2.22,2.4
711494,陽程群益63購02,0,,,,
711495,世界凱基61購02,13000,1.3,1.3,1.3,1.3
711496,巨漢凱基61購01,0,,,,
711497,系統電凱基61購02,85040,1.45,1.57,1.43,1.52
711498,宜鼎凱基61購05,75880,1.6,1.61,1.54,1.54
711499,昇佳電凱基61購02,5400,0.54,0.54,0.54,0.54
711500,長科*凱基61購01,0,,,,
711501,威剛凱基61購05,100300,1.46,1.46,1.42,1.44
711502,家登凱基63購01,12480,2.08,2.08,2.08,2.08
711503,富喬凱基61購06,0,,,,
711504,智通*凱基61購04,0,,,,
711505,順達凱基61購05,1555730,1.38,1.54,1.37,1.47
711506,群聯凱基61購11,101590,2.77,2.95,2.77,2.95
711507,頎邦凱基61購04,191750,2.0,2.09,2.0,2.09
711508,雙鴻凱基63購03,0,,,,
711509,千附精元大61購02,0,,,,
711511,亞電元大61購01,132640,1.98,2.57,1.96,2.57
711512,群聯元大61購18,1310,1.31,1.31,1.31,1.31
711513,千附精統一65購01,0,,,,
711514,世界統一66購01,0,,,,
711515,亞電統一69購01,401830,0.85,0.97,0.85,0.97
711516,宜鼎統一64購05,85440,0.55,0.57,0.55,0.57
711517,倉和統一65購01,1280640,3.77,4.13,3.6,4.13
711518,方土昶永豐61購01,0,,,,
711519,亞電永豐64購01,12250,2.45,2.45,2.45,2.45
711520,昇佳電永豐63購01,0,,,,
711521,長科*永豐64購01,0,,,,
711522,陽程永豐61購03,0,,,,
711523,雙鴻永豐64購03,0,,,,
711524,世界國泰62購04,2811690,0.96,0.99,0.96,0.97
711525,良維國泰62購01,266180,2.23,2.43,2.23,2.43
711526,亞電國泰62購01,261100,2.72,3.35,2.67,3.35
711527,朋程國泰63購01,0,,,,
711528,漢科國泰62購01,196120,1.14,1.2,1.14,1.16
711529,千附精富邦61購01,0,,,,
711530,立碁富邦61購02,0,,,,
711531,宜特富邦63購02,35420,0.46,0.46,0.46,0.46
711532,宜鼎富邦61購05,209280,0.54,0.56,0.54,0.56
711533,朋程富邦63購04,0,,,,
711534,欣銓富邦61購02,1650,0.55,0.55,0.55,0.55
711535,長科*富邦62購02,0,,,,
711536,富喬富邦61購03,0,,,,
711537,智通*富邦63購01,0,,,,
711538,陽程富邦61購03,0,,,,
711539,群聯富邦63購03,548720,1.15,1.2,1.14,1.15
711540,營邦富邦62購03,0,,,,
711541,雙鴻富邦63購02,0,,,,
711542,譜瑞富邦63購02,1020,0.51,0.51,0.51,0.51
711543,M31國票65購01,64750,2.59,2.59,2.59,2.59
711544,台特化國票65購01,0,,,,
711545,禾瑞亞國票61購01,0,,,,
711546,亞電國票61購01,0,,,,
711547,長科*國票65購01,3450,1.15,1.15,1.15,1.15
711548,榮田國票61購01,1100,1.1,1.1,1.1,1.1
711549,巨漢群益61購02,210550,0.7,0.73,0.7,0.73
711550,群聯群益61購09,379500,4.26,4.36,4.16,4.21
711551,千附精國票64購01,39050,1.09,1.09,1.07,1.09
711552,立碁國票65購01,10900,5.45,5.45,5.45,5.45
711553,亞電國票63購01,146900,2.18,2.79,2.18,2.79
711554,亞電國票64購01,0,,,,
711555,宜鼎國票66購01,0,,,,
711556,朋程國票61購01,89910,1.11,1.11,1.11,1.11
711557,長科*國票64購01,0,,,,
711558,頎邦國票66購01,4084060,1.69,1.75,1.67,1.7
711559,漢科國票61購01,6600,0.66,0.66,0.66,0.66
711560,臺慶科國票66購01,0,,,,
711561,磐儀國票65購01,0,,,,
711562,亞電台新61購02,138940,1.4,1.49,1.4,1.49
711563,亞電台新61購03,175160,1.54,1.77,1.53,1.77
711564,青雲台新61購01,134480,0.92,0.93,0.92,0.93
711565,博士旺台新61購01,0,,,,
711566,千附精凱基61購04,15600,1.04,1.04,1.04,1.04
711567,世界凱基61購03,516820,1.44,1.5,1.43,1.48
711568,亞電凱基61購01,0,,,,
711569,泓格凱基61購01,0,,,,
711570,陽程凱基63購03,0,,,,
711571,群聯凱基66購02,303530,2.82,2.88,2.77,2.77
711572,泓格永豐61購01,0,,,,
711573,群聯永豐67購03,925580,1.54,1.61,1.54,1.54
711574,中光電元大61購12,0,,,,
711575,元太元大66購04,529870,0.86,0.88,0.86,0.88
711576,均豪元大61購03,51900,3.55,3.55,3.4,3.4
711577,青雲元大61購02,36100,2.13,2.13,2.12,2.13
711578,晟田元大61購03,6160,0.77,0.77,0.77,0.77
711579,博智元大61購01,6320,1.58,1.58,1.58,1.58
711580,群聯元大61購19,11040,1.84,1.84,1.84,1.84
711581,群聯元大63購05,632870,1.29,1.33,1.27,1.31
711582,聖暉*元大61購03,0,,,,
711585,雙鴻元大63購03,0,,,,
711586,千附精國泰62購02,0,,,,
711587,元太國泰62購01,88680,0.46,0.48,0.46,0.48
711588,泓格國泰62購01,0,,,,
711589,能率亞國泰62購01,0,,,,
711590,晟田國泰62購01,0,,,,
711591,群聯國泰62購06,911000,2.4,2.43,2.39,2.39
711592,雙鴻國泰62購01,0,,,,
711593,禾瑞亞統一67購01,0,,,,
711594,長科*統一6C購01,0,,,,
711595,群聯統一66購02,70650,0.59,0.6,0.59,0.6
711596,M31富邦63購02,52310,1.56,1.72,1.56,1.67
711597,久元富邦62購02,16200,0.54,0.54,0.54,0.54
711598,立敦富邦63購02,0,,,,
711599,宏捷科富邦63購01,115010,0.59,0.6,0.58,0.6
711600,威剛富邦61購01,79680,0.64,0.64,0.62,0.62
711601,茂達富邦63購03,6000,0.5,0.5,0.5,0.5
711602,頎邦富邦62購01,21050,1.0,1.01,1.0,1.01
711603,頎邦富邦63購02,83030,0.94,0.96,0.94,0.95
711604,中光電凱基61購06,2400,0.24,0.24,0.24,0.24
711605,世禾凱基61購01,8830,0.47,0.47,0.46,0.46
711606,由田凱基61購01,134190,3.24,3.37,3.13,3.13
711607,宜鼎凱基65購01,169590,1.57,1.57,1.51,1.51
711608,長科*凱基64購01,0,,,,
711609,青雲凱基61購02,90520,1.24,1.24,1.24,1.24
711610,家登凱基61購03,8240,2.06,2.06,2.06,2.06
711611,博智凱基63購02,225860,1.83,1.99,1.8,1.99
711612,雙鴻凱基61購08,0,,,,
711613,世界台新61購03,159640,1.75,1.75,1.71,1.72
711614,台嘉碩台新61購04,69960,1.51,1.56,1.51,1.56
711615,巨漢台新61購04,127360,0.77,0.8,0.77,0.78
711616,家登台新61購02,0,,,,
711617,M31元大61購02,84440,2.47,3.18,2.47,3.18
711618,千附精元大61購03,90100,0.53,0.53,0.53,0.53
711619,元太元大66購05,571000,0.77,0.78,0.76,0.76
711620,世禾元大61購01,360600,0.53,0.55,0.53,0.55
711621,世界元大61購02,40380,1.69,1.69,1.67,1.67
711622,世界元大63購06,32560,0.86,0.86,0.82,0.85
711623,艾訊元大61購01,674330,0.7,0.7,0.64,0.64
711624,欣銓元大67購02,402460,1.84,1.91,1.8,1.87
711625,原相元大61購04,207000,0.69,0.69,0.69,0.69
711626,家登元大61購06,6450,1.62,1.62,1.61,1.61
711627,家登元大65購01,233040,1.59,1.59,1.57,1.57
711628,陽程元大61購05,0,,,,
711629,臺慶科元大61購06,166700,0.98,0.99,0.98,0.99
711630,世界群益61購05,625050,5.05,5.15,4.97,5.15
711631,由田群益61購01,4674100,3.33,3.51,3.0,3.26
711632,泓格群益61購01,0,,,,
711633,群聯群益65購01,525900,4.79,4.85,4.77,4.85
711634,頎邦群益61購03,54600,2.69,2.77,2.69,2.77
711635,世界國票61購05,175930,1.2,1.21,1.2,1.21
711636,由田國票61購01,682200,3.08,3.24,2.81,3.0
711637,安勤國票65購01,5800,0.58,0.58,0.58,0.58
711638,泓格國票61購01,0,,,,
711639,威剛國票64購01,0,,,,
711640,茂訊國票65購02,0,,,,
711641,茂綸國票65購01,37800,1.08,1.08,1.08,1.08
711642,神準國票65購01,0,,,,
711643,創惟國票65購01,9880,0.76,0.76,0.76,0.76
711644,鈊象國票63購01,107200,1.34,1.34,1.34,1.34
711645,精確國票65購01,862450,0.91,0.91,0.84,0.89
711646,銳澤國票65購01,2130,0.71,0.71,0.71,0.71
711647,家登富邦63購02,64100,1.07,1.08,1.05,1.05
711648,創惟富邦61購01,0,,,,
711649,巨漢國泰62購01,30240,0.63,0.63,0.63,0.63
711650,威剛國泰62購02,0,,,,
711651,家登國泰62購02,252990,1.69,1.73,1.66,1.68
711652,順達國泰62購01,778120,1.27,1.4,1.27,1.39
711653,勤凱國泰62購01,6000,1.2,1.2,1.2,1.2
711654,由田統一67購01,367200,0.97,1.02,0.93,0.96
711655,由田統一6C購01,424960,0.98,0.98,0.94,0.95
711656,立碁統一67購02,425140,1.21,1.21,1.17,1.17
711657,立碁統一69購01,803640,1.22,1.23,1.22,1.22
711658,聖暉*統一69購01,0,,,,
711659,群聯中信61購03,630,0.63,0.63,0.63,0.63
711660,力領永豐61購01,0,,,,
711661,天品永豐64購01,675890,1.27,1.31,1.27,1.31
711662,世紀*永豐61購02,6000,6.0,6.0,6.0,6.0
711663,巨有永豐64購01,0,,,,
711664,禾瑞亞永豐61購01,0,,,,
711665,禾瑞亞永豐64購01,0,,,,
711666,艾訊永豐61購02,7200,0.48,0.48,0.48,0.48
711667,亞信永豐61購01,129250,0.76,0.78,0.76,0.77
711668,朋程永豐61購01,28460,0.86,0.87,0.86,0.87
711669,昱展永豐64購01,0,,,,
711670,原相永豐61購04,13970,1.27,1.27,1.27,1.27
711671,家登永豐61購05,28070,3.55,3.55,3.44,3.44
711672,振曜永豐64購01,0,,,,
711673,博士旺永豐67購01,0,,,,
711674,博智永豐61購03,94100,1.65,1.81,1.65,1.81
711675,順達永豐61購03,50160,1.14,1.14,1.14,1.14
711676,順達永豐67購02,24090,2.16,2.23,2.16,2.23
711677,聖暉*永豐61購02,0,,,,
711678,中光電台新61購06,0,,,,
711679,系微台新61購01,260540,1.05,1.06,0.99,0.99
711680,高技台新61購01,115450,1.29,1.33,1.22,1.22
711681,高技台新61購02,0,,,,
711682,博智台新61購01,0,,,,
711683,群聯台新61購05,252500,1.01,1.01,1.01,1.01
711684,群聯台新61購06,0,,,,
711685,雙鴻台新61購01,0,,,,
711686,雙鴻台新61購02,0,,,,
711687,世界凱基61購04,1842950,0.77,0.81,0.77,0.8
711688,安勤凱基63購01,26000,0.52,0.52,0.52,0.52
711689,宜鼎凱基65購02,5200,1.04,1.04,1.04,1.04
711690,翔名凱基61購03,0,,,,
711691,鈊象凱基61購04,443160,1.36,1.38,1.32,1.33
711692,中光電元大64購01,16650,0.66,0.67,0.66,0.67
711693,世界元大61購03,18240,1.41,1.41,1.4,1.4
711694,世界元大61購04,286040,0.69,0.69,0.65,0.68
711695,世界元大63購07,111220,0.44,0.44,0.42,0.43
711696,欣銓元大67購03,220400,1.16,1.16,1.16,1.16
711697,泓格元大61購01,0,,,,
711698,家登元大61購07,298700,1.13,1.14,1.1,1.1
711699,家登元大61購08,92400,1.31,1.31,1.3,1.3
711700,家登元大65購02,113900,0.96,0.96,0.94,0.94
711701,高技元大61購01,0,,,,
711702,博智元大61購02,101530,0.95,0.97,0.93,0.97
711703,群聯元大64購09,46750,2.02,2.05,2.02,2.05
711704,頎邦元大61購05,0,,,,
711705,巨漢國票61購02,0,,,,
711706,巨漢國票61購03,7000,0.5,0.5,0.5,0.5
711707,宏捷科國票64購01,0,,,,
711708,宜特國票63購01,0,,,,
711709,高技國票65購01,0,,,,
711710,世界群益61購06,53500,5.35,5.35,5.35,5.35
711711,欣銓群益61購02,1192730,1.14,1.19,1.08,1.14
711712,威剛群益63購01,70780,2.94,2.95,2.94,2.95
711713,高技群益61購01,24900,0.83,0.83,0.83,0.83
711714,鈊象群益61購03,728740,1.42,1.5,1.42,1.45
711715,群聯群益65購02,46330,2.21,2.24,2.18,2.18
711716,頎邦群益61購04,305280,1.31,1.36,1.31,1.33
711717,磐儀群益61購01,0,,,,
711718,營邦群益61購01,858000,2.4,2.4,2.26,2.26
711719,雙鴻群益61購04,0,,,,
711720,宜鼎中信61購04,0,,,,
711721,威剛中信61購02,0,,,,
711722,中光電永豐61購06,12000,0.5,0.5,0.5,0.5
711723,元太永豐61購06,57730,0.53,0.53,0.51,0.51
711724,永信建永豐65購01,3850,0.38,0.39,0.38,0.39
711725,由田永豐61購01,1350790,1.87,1.96,1.71,1.79
711726,岳豐永豐64購01,0,,,,
711727,原相永豐61購05,264260,0.69,0.69,0.68,0.68
711728,順達永豐61購04,20160,0.63,0.63,0.63,0.63
711729,順達永豐61購05,0,,,,
711730,群翊永豐61購02,385520,1.27,1.38,1.25,1.31
711731,群聯永豐67購04,0,,,,
711732,精華永豐61購01,0,,,,
711733,臺慶科永豐61購01,77010,0.93,0.93,0.92,0.92
711734,倉和國泰63購01,0,,,,
711735,原相國泰62購01,126180,0.93,0.93,0.92,0.92
711736,雙鴻國泰62購02,0,,,,
711737,由田統一65購01,2918230,1.18,1.24,1.09,1.17
711738,宏捷科統一65購01,66600,0.45,0.45,0.45,0.45
711739,長科*統一65購01,0,,,,
711740,茂訊統一65購01,0,,,,
711741,高技統一67購01,29900,0.65,0.65,0.65,0.65
711742,高技統一69購01,0,,,,
711743,高技統一6C購01,0,,,,
711744,博智統一65購02,1560,0.52,0.52,0.52,0.52
711745,聖暉*統一65購04,18880,0.32,0.32,0.32,0.32
711746,家登台新61購03,0,,,,
711747,敘豐台新61購01,90950,0.63,0.63,0.59,0.59
711748,博士旺台新61購02,0,,,,
711749,群聯台新61購08,0,,,,
711750,群聯台新63購01,1825550,5.9,6.05,5.85,6.05
711751,群聯台新64購01,270400,6.35,6.35,6.05,6.05
711752,雙鴻台新61購03,0,,,,
711753,雙鴻台新63購01,0,,,,
711754,中光電凱基61購07,1530,0.51,0.51,0.51,0.51
711755,艾訊凱基61購01,0,,,,
711756,威剛凱基61購07,0,,,,
711757,家登凱基61購04,63000,1.26,1.26,1.26,1.26
711758,高技凱基61購01,0,,,,
711759,博智凱基61購02,48600,0.9,0.9,0.9,0.9
711760,群聯凱基61購12,36600,1.84,1.84,1.82,1.82
711761,磐儀凱基61購01,0,,,,
711762,雙鴻凱基61購09,0,,,,
711763,中光電國票61購03,0,,,,
711764,天正國票68購01,0,,,,
711765,好德國票61購01,27790,0.59,0.59,0.56,0.58
711766,系微國票65購01,0,,,,
711767,振發國票65購01,13600,0.68,0.68,0.68,0.68
711768,富喬國票61購02,0,,,,
711769,富喬國票63購01,0,,,,
711770,達航國票65購01,136620,0.72,0.78,0.72,0.78
711771,蜜望實國票61購01,0,,,,
711772,世禾群益61購01,250800,0.8,0.84,0.79,0.79
711773,世禾群益61購02,0,,,,
711774,東浦群益61購03,105180,0.3,0.36,0.3,0.36
711775,家登群益63購03,3750,1.27,1.27,1.21,1.21
711776,神準群益61購01,0,,,,
711777,博士旺群益61購01,0,,,,
711778,臺慶科群益61購02,0,,,,
711779,蜜望實群益61購01,0,,,,
711780,磐儀群益61購02,0,,,,
711781,磐儀群益61購03,0,,,,
711782,元太元大65購04,182860,0.57,0.58,0.57,0.58
711783,立碁元大61購01,21090,2.36,2.36,2.31,2.31
711784,艾訊元大61購02,3920,0.56,0.56,0.56,0.56
711785,泓格元大61購02,29140,0.34,0.34,0.33,0.33
711786,博智元大61購03,310790,0.97,1.05,0.97,1.05
711787,群聯元大64購10,86580,2.22,2.22,2.22,2.22
711788,頎邦元大64購01,14350,0.85,0.85,0.84,0.84
711789,蜜望實元大61購01,0,,,,
711790,磐儀元大61購01,0,,,,
711791,營邦元大61購04,0,,,,
711792,大學光永豐61購01,0,,,,
711793,立碁永豐61購02,2630,2.63,2.63,2.63,2.63
711794,全宇昕永豐61購02,29120,0.96,0.96,0.92,0.92
711795,伯特光永豐61購01,10920,0.84,0.84,0.84,0.84
711796,宏碁資永豐61購01,5800,0.58,0.58,0.58,0.58
711797,宜鼎永豐61購04,0,,,,
711798,泓格永豐64購01,0,,,,
711799,能率永豐61購01,0,,,,
711800,高技永豐61購01,122650,0.89,0.89,0.84,0.84
711801,高技永豐61購02,0,,,,
711802,高技永豐63購01,0,,,,
711803,高技永豐67購01,0,,,,
711804,高鋒永豐61購01,8710,0.79,0.81,0.79,0.81
711805,凱崴永豐61購02,20000,0.99,1.01,0.99,1.01
711806,富喬永豐61購04,0,,,,
711807,崴寶永豐64購01,0,,,,
711808,華電網永豐61購02,35300,0.74,0.74,0.67,0.71
711809,聖暉*永豐64購02,0,,,,
711810,僑威永豐61購01,0,,,,
711811,蜜望實永豐61購02,0,,,,
711812,蜜望實永豐61購03,12180,0.58,0.58,0.58,0.58
711813,艾訊國泰63購01,344410,1.12,1.12,1.11,1.11
711814,泓格國泰63購01,0,,,,
711815,頎邦國泰63購01,125300,1.57,1.57,1.56,1.56
711816,頎邦國泰63購02,2492820,1.92,1.95,1.9,1.9
711817,巨漢富邦63購01,2800,0.28,0.28,0.28,0.28
711818,安勤富邦63購01,35840,0.34,0.34,0.33,0.33
711819,宜鼎富邦67購01,28290,0.69,0.69,0.69,0.69
711820,富喬富邦67購01,0,,,,
711821,蜜望實富邦63購01,322660,0.4,0.4,0.39,0.39
711822,艾訊統一6C購01,0,,,,
711823,泓格統一6B購01,24300,0.45,0.45,0.45,0.45
711824,茂達統一65購04,0,,,,
711825,振發統一6C購01,0,,,,
711826,蜜望實統一65購01,0,,,,
711827,蜜望實統一6B購01,0,,,,
711828,蜜望實統一6C購01,0,,,,
711829,泓格群益61購02,147030,0.84,0.85,0.84,0.85
711830,泓格群益61購03,0,,,,
711831,元債20國票61購01,0,,,,
711832,天品國票61購02,1730,1.73,1.73,1.73,1.73
711833,天品國票63購01,706460,1.44,1.5,1.42,1.49
711834,方土昶國票65購01,38080,0.68,0.68,0.68,0.68
711835,宏碁資國票65購01,680,0.68,0.68,0.68,0.68
711836,倚強國票61購01,10500,5.25,5.25,5.25,5.25
711837,智通*國票61購03,0,,,,
711838,雙鴻國票66購01,0,,,,
711839,穩得國票61購01,10100,1.01,1.01,1.01,1.01
711840,中光電中信61購01,0,,,,
711841,大世科永豐61購01,8100,0.54,0.54,0.54,0.54
711842,中美晶永豐64購03,0,,,,
711843,友輝永豐61購01,0,,,,
711844,安勤永豐61購01,0,,,,
711845,岱稜永豐61購01,8200,0.41,0.41,0.41,0.41
711846,東洋永豐61購01,0,,,,
711847,統振永豐61購01,9200,0.46,0.46,0.46,0.46
711848,智擎永豐61購01,0,,,,
711849,頎邦永豐63購01,0,,,,
711850,銳澤永豐61購01,0,,,,
711851,雙鴻永豐61購06,0,,,,
711852,中美晶元大63購04,73920,0.65,0.8,0.64,0.8
711853,中美晶元大67購01,118570,0.54,0.57,0.54,0.57
711854,安勤元大61購01,225140,0.45,0.45,0.4,0.4
711855,艾訊元大61購03,61500,0.74,0.74,0.72,0.72
711856,欣銓元大65購01,11030,1.57,1.59,1.57,1.59
711857,泓格元大67購01,209330,0.82,0.82,0.79,0.79
711858,晟田元大61購04,186380,0.73,0.83,0.73,0.83
711859,順達元大63購02,497850,1.39,1.49,1.38,1.49
711860,群聯元大64購11,486840,1.53,1.6,1.53,1.55
711861,廣積元大61購01,41820,0.78,0.78,0.74,0.74
711862,雙鴻元大61購17,0,,,,
711863,雙鴻元大61購18,0,,,,
711864,雙鴻元大63購04,119530,1.74,1.74,1.61,1.61
711865,中美晶台新65購01,43550,0.85,0.98,0.85,0.98
711866,智通*台新61購01,0,,,,
711867,群聯台新61購09,0,,,,
711868,頎邦台新61購07,36850,3.13,3.13,3.02,3.02
711869,蜜望實台新61購01,50400,1.14,1.14,1.11,1.11
711870,廣積台新61購01,139740,1.7,1.7,1.38,1.4
711871,中美晶凱基61購11,31250,0.75,0.85,0.75,0.85
711872,中美晶凱基63購02,413480,1.06,1.18,1.06,1.18
711873,元太凱基66購01,307780,0.79,0.82,0.79,0.8
711874,立碁凱基61購01,250740,1.83,1.87,1.78,1.78
711875,宜鼎凱基61購06,0,,,,
711876,宜鼎凱基63購01,12460,0.89,0.89,0.89,0.89
711877,富喬凱基61購07,0,,,,
711878,頎邦凱基61購06,0,,,,
711879,蜜望實凱基61購01,89760,0.68,0.68,0.68,0.68
711880,營邦凱基61購04,0,,,,
711881,雙鴻凱基63購04,0,,,,
711882,中光電國泰63購01,0,,,,
711883,立碁國泰63購01,59200,3.7,3.7,3.7,3.7
711884,博智國泰63購01,88420,1.26,1.27,1.26,1.27
711885,富喬國泰63購01,0,,,,
711886,富喬國泰63購02,0,,,,
711887,智通*國泰63購01,53000,1.06,1.06,1.06,1.06
711888,廣積國泰63購01,211240,2.15,2.15,1.93,1.93
711889,中美晶富邦63購02,195200,0.81,0.82,0.81,0.82
711890,中美晶富邦67購01,119660,0.66,0.68,0.66,0.68
711891,中美晶富邦77購01,0,,,,
711892,世界富邦61購04,59520,0.64,0.64,0.64,0.64
711893,世界富邦67購01,53200,0.76,0.76,0.76,0.76
711894,高技富邦63購01,27520,0.72,0.72,0.67,0.67
711895,昱展統一67購01,0,,,,
711896,高技統一67購02,0,,,,
711897,蜜望實統一67購01,4900,0.49,0.49,0.49,0.49
711898,磐儀統一67購01,0,,,,
711899,中美晶群益61購03,670020,1.21,1.49,1.2,1.49
711900,元太群益61購01,24500,0.81,0.82,0.81,0.82
711901,高技群益61購02,0,,,,
711902,廣積群益61購01,4700,0.94,0.94,0.94,0.94
711903,廣積群益63購01,108440,1.06,1.06,0.98,0.98
711904,雙鴻群益61購05,0,,,,
711905,中光電凱基61購08,0,,,,
711906,中美晶凱基61購12,131980,1.3,1.55,1.3,1.55
711907,立碁凱基61購02,364560,1.88,1.89,1.87,1.89
711908,艾訊凱基61購02,18400,0.64,0.64,0.6,0.6
711909,欣銓凱基65購01,79440,1.57,1.57,1.53,1.55
711910,泓格凱基61購02,0,,,,
711911,威剛凱基63購01,0,,,,
711912,振發凱基61購01,48600,1.62,1.62,1.62,1.62
711913,智通*凱基61購05,0,,,,
711914,順達凱基63購02,115560,1.54,1.64,1.54,1.64
711915,群聯凱基61購13,0,,,,
711916,M31台新67購01,766030,2.69,3.4,2.67,3.4
711917,世界台新61購04,0,,,,
711918,群聯台新67購05,424340,3.84,4.0,3.78,3.87
711919,群聯台新67購06,0,,,,
711920,M31元大61購03,0,,,,
711921,中美晶元大61購10,322370,1.0,1.15,0.98,1.15
711922,中美晶元大67購02,5900,0.59,0.59,0.59,0.59
711923,立碁元大61購02,159250,1.89,1.93,1.84,1.93
711924,宜鼎元大61購11,40000,1.05,1.06,1.05,1.06
711925,泓格元大61購03,466250,0.52,0.52,0.46,0.46
711926,威剛元大61購07,0,,,,
711927,鈊象元大61購02,20510,1.43,1.5,1.43,1.5
711928,群聯元大61購21,0,,,,
711929,群聯元大63購06,253160,1.41,1.44,1.41,1.44
711930,中美晶永豐64購04,101340,1.51,1.69,1.51,1.69
711931,世界永豐64購01,78520,1.78,1.82,1.78,1.82
711932,宜鼎永豐61購05,96820,0.89,0.89,0.86,0.86
711933,宜鼎永豐63購03,0,,,,
711934,鈊象永豐61購02,29400,1.4,1.4,1.4,1.4
711935,廣積永豐61購02,195750,1.06,1.06,1.01,1.02
711936,加高國票65購01,0,,,,
711937,立碁國票64購01,172130,1.65,1.72,1.65,1.66
711938,泓格國票61購02,0,,,,
711939,茂迪國票64購01,11700,1.17,1.17,1.17,1.17
711940,陽程國票61購03,115500,5.7,5.85,5.7,5.85
711941,頎邦國票63購01,2623920,1.98,2.03,1.98,1.99
711942,廣積國票67購01,110940,0.88,0.88,0.79,0.8
711943,磐儀國票66購01,0,,,,
711944,晟田國泰63購01,12650,0.79,0.87,0.79,0.87
711945,立碁富邦61購03,96510,1.09,1.09,1.03,1.03
711946,威剛富邦64購02,0,,,,
711947,頎邦統一6A購01,974910,1.11,1.13,1.1,1.13
711948,中光電群益62購01,0,,,,
711949,正德國票62購01,13800,0.92,0.92,0.92,0.92
711950,威剛國票62購03,0,,,,
711951,美達國票62購01,3030,1.01,1.01,1.01,1.01
711952,森鉅國票67購01,0,,,,
711953,群聯國票62購02,0,,,,
711954,世界中信62購01,0,,,,
711955,宜鼎永豐63購04,39330,1.59,1.59,1.52,1.52
711956,富喬永豐62購01,0,,,,
711957,富喬永豐63購01,0,,,,
711958,台嘉碩國泰63購01,59700,1.99,1.99,1.99,1.99
711959,宜鼎國泰63購01,0,,,,
711960,群聯國泰65購01,128900,2.71,2.81,2.68,2.68
711961,群聯富邦63購04,0,,,,
711962,群聯富邦63購05,0,,,,
711963,群聯富邦63購06,0,,,,
711964,頎邦富邦63購03,0,,,,
711965,雙鴻富邦63購03,0,,,,
711966,雙鴻富邦63購04,0,,,,
711967,M31台新62購02,1612550,2.31,2.87,2.25,2.87
711968,頎邦台新62購01,0,,,,
711969,元太凱基65購01,284000,0.88,0.88,0.86,0.87
711970,宜鼎凱基62購01,0,,,,
711971,威剛凱基63購02,12780,2.13,2.13,2.13,2.13
711972,高技凱基62購01,0,,,,
711973,富喬凱基62購02,0,,,,
711974,群聯凱基62購01,0,,,,
711975,頎邦凱基63購02,0,,,,
711976,廣積凱基62購01,48500,0.97,0.97,0.97,0.97
711977,磐儀凱基62購01,0,,,,
711978,雙鴻凱基62購01,0,,,,
711979,M31元大62購01,50140,2.18,2.18,2.18,2.18
711980,M31元大65購01,1846630,1.4,1.68,1.36,1.68
711981,巨漢元大62購01,159860,1.2,1.2,1.15,1.2
711982,良維元大62購01,465100,1.83,2.0,1.83,2.0
711983,威剛元大62購03,0,,,,
711984,博智元大62購01,169820,2.2,2.28,2.14,2.28
711985,富喬元大67購01,0,,,,
711986,鈊象元大62購05,133700,1.22,1.23,1.22,1.23
711987,鈊象元大62購06,141540,1.93,1.98,1.93,1.98
711988,群聯元大62購04,287460,2.17,2.25,2.14,2.16
711989,中光電永豐63購01,91120,1.24,1.28,1.24,1.28
711990,家登永豐63購01,0,,,,
711991,富喬永豐65購02,0,,,,
711992,富喬永豐68購02,0,,,,
711993,群聯永豐64購10,56700,1.89,1.89,1.89,1.89
711994,新應材群益62購01,400120,1.4,1.4,1.26,1.29
711995,中美晶台新62購01,360470,1.22,1.33,1.16,1.32
711996,宜鼎台新62購02,0,,,,
711997,欣銓台新62購01,104590,3.34,3.47,3.34,3.35
711998,威剛台新62購02,0,,,,
711999,倉和台新68購01,0,,,,
712000,臺慶科台新62購01,0,,,,
712001,中光電凱基63購01,0,,,,
712002,中美晶凱基63購04,2450,2.45,2.45,2.45,2.45
712003,巨漢凱基63購01,702410,1.34,1.44,1.34,1.44
712004,良維凱基63購01,311100,2.8,2.85,2.8,2.85
712005,博智凱基63購03,90620,1.97,1.97,1.97,1.97
712006,順達凱基63購03,57970,2.37,2.51,2.37,2.51
712007,鈊象凱基64購03,562830,2.64,2.73,2.64,2.66
712008,群聯凱基63購04,371100,3.65,3.65,3.55,3.55
712009,群聯凱基64購05,0,,,,
712010,元太國票64購01,0,,,,
712011,世紀*國票66購01,31800,5.3,5.3,5.3,5.3
712012,光焱國票66購01,7000,0.7,0.7,0.7,0.7
712013,光焱國票68購01,958310,1.11,1.25,1.11,1.25
712014,沛亨國票66購01,101600,2.56,2.56,2.52,2.52
712015,宜鼎國票68購01,0,,,,
712016,順達國票65購02,1750,1.75,1.75,1.75,1.75
712017,臺慶科國票64購01,0,,,,
712018,譜瑞國票66購01,0,,,,
712019,中美晶元大64購03,0,,,,
712020,均華元大64購01,22600,2.32,2.32,2.2,2.2
712021,均豪元大64購03,33560,1.43,1.43,1.36,1.36
712022,系統電元大64購01,48770,2.6,2.8,2.6,2.69
712023,良維元大63購02,0,,,,
712024,良維元大64購01,0,,,,
712025,宜鼎元大64購01,208330,1.15,1.19,1.15,1.19
712026,陽程元大64購01,0,,,,
712027,鈊象元大63購06,45360,1.62,1.62,1.62,1.62
712028,鈊象元大63購07,173840,1.2,1.23,1.2,1.23
712029,鈊象元大64購03,152550,0.83,0.83,0.81,0.83
712030,新應材元大63購01,240560,2.09,2.09,1.95,1.95
712031,新應材元大63購02,341670,1.88,1.89,1.82,1.82
712032,新應材元大63購03,127090,1.93,1.93,1.9,1.9
712033,新應材元大64購01,284840,1.99,1.99,1.95,1.95
712034,群聯元大63購07,198510,2.19,2.24,2.19,2.24
712035,群聯元大63購08,0,,,,
712036,群聯元大64購12,74880,1.56,1.56,1.56,1.56
712037,威剛國泰63購01,0,,,,
712038,聖暉*國泰63購01,244910,1.0,1.02,0.98,1.01
712039,M31富邦65購01,1374760,1.06,1.28,1.06,1.26
712040,群聯富邦64購02,0,,,,
712041,台特化國票67購01,171140,1.55,1.6,1.52,1.52
712042,艾訊國票67購01,28400,1.06,1.06,1.01,1.01
712043,宏捷科國票69購01,0,,,,
712044,高技國票65購02,21190,1.63,1.63,1.63,1.63
712045,博磊國票66購01,13440,0.94,1.07,0.94,1.07
712046,竑騰群益62購01,109640,2.74,2.74,2.47,2.47
712047,順達群益62購01,27500,2.75,2.75,2.75,2.75
712048,新應材群益62購02,6800,1.36,1.36,1.36,1.36
712049,聖暉*群益62購01,47600,0.85,0.85,0.85,0.85
712050,營邦群益62購01,0,,,,
712051,營邦群益62購02,0,,,,
712052,中光電元大64購02,0,,,,
712053,宜鼎元大63購05,73330,1.34,1.35,1.3,1.3
712054,宜鼎元大64購02,172380,1.11,1.14,1.11,1.14
712055,威剛元大63購01,92200,1.63,1.65,1.63,1.65
712056,威剛元大64購02,44020,1.42,1.42,1.42,1.42
712057,倉和元大63購01,38750,7.85,7.85,7.6,7.6
712058,高技元大63購01,40000,2.5,2.5,2.5,2.5
712059,富喬元大63購02,0,,,,
712060,智通*元大63購03,0,,,,
712061,智通*元大64購01,3500,1.75,1.75,1.75,1.75
712062,群聯元大63購09,259970,2.09,2.21,2.09,2.09
712063,蜜望實元大63購01,14000,0.7,0.7,0.7,0.7
712064,廣穎元大63購01,357210,0.65,0.67,0.65,0.67
712065,雙鴻元大63購05,0,,,,
712066,雙鴻元大63購06,0,,,,
712067,雙鴻元大64購03,33900,2.28,2.28,2.25,2.25
712068,均華國泰63購01,181830,3.79,3.79,3.76,3.76
712069,家登國泰63購01,0,,,,
712070,順達國泰63購01,0,,,,
712071,順達國泰63購02,65300,2.17,2.21,2.15,2.15
712072,鈊象國泰63購01,0,,,,
712073,新應材國泰63購01,395200,2.41,2.41,2.38,2.38
712074,營邦國泰63購01,0,,,,
712075,新應材中信62購01,113000,0.89,0.92,0.84,0.84
712076,竑騰永豐63購01,654070,1.91,2.01,1.72,2.01
712077,博磊永豐63購01,202230,1.36,1.36,1.31,1.31
712078,順達永豐63購01,12750,2.55,2.55,2.55,2.55
712079,新應材永豐68購01,80800,0.77,0.77,0.76,0.76
712080,新應材永豐68購02,22880,0.88,0.88,0.88,0.88
712081,新應材永豐68購03,0,,,,
712082,群聯永豐64購11,0,,,,
712083,均華凱基64購01,318160,2.71,2.78,2.48,2.5
712084,沛亨凱基63購01,35900,3.59,3.59,3.59,3.59
712085,宜鼎凱基68購01,389050,2.06,2.11,2.02,2.02
712086,新應材凱基63購01,365390,1.58,1.58,1.48,1.48
712087,新應材凱基63購02,154590,2.06,2.06,1.93,1.93
712088,新應材凱基63購03,655800,2.39,2.39,2.25,2.26
712089,新應材凱基64購01,284450,2.1,2.1,1.98,1.98
712090,群聯凱基63購05,4200,4.2,4.2,4.2,4.2
712091,臺慶科凱基63購02,0,,,,
712092,雙鴻凱基63購05,0,,,,
712093,譜瑞凱基63購01,154800,1.55,1.55,1.54,1.54
712094,世界台新65購01,135290,2.82,2.89,2.77,2.89
712095,巨漢台新62購01,170270,1.8,1.95,1.8,1.93
712096,均華台新62購01,0,,,,
712097,均華台新62購02,0,,,,
712098,宜鼎台新62購03,14310,1.59,1.59,1.59,1.59
712099,竑騰台新62購01,11570,2.29,2.32,2.29,2.32
712100,家登台新62購02,0,,,,
712101,國眾台新65購01,0,,,,
712102,博磊台新62購01,0,,,,
712103,群聯台新68購01,0,,,,
712104,聚和台新62購01,272280,1.61,1.71,1.61,1.64
712105,營邦台新62購01,0,,,,
712106,營邦台新62購02,0,,,,
712107,營邦台新65購01,0,,,,
712108,均華富邦63購01,239000,1.4,1.44,1.28,1.28
712109,宜鼎富邦62購01,67360,0.86,0.9,0.86,0.86
712110,家登富邦64購01,0,,,,
712111,家登富邦64購02,0,,,,
712112,順達富邦63購02,39990,1.19,1.28,1.19,1.28
712113,新應材富邦63購03,200940,0.91,0.92,0.86,0.86
712114,新應材富邦64購01,34500,0.86,0.87,0.86,0.86
712115,營邦富邦64購01,0,,,,
712116,新應材統一71購01,25610,0.85,0.86,0.85,0.86
712117,新應材統一71購02,15960,0.84,0.84,0.84,0.84
712118,群聯統一6A購01,169320,1.14,1.15,1.12,1.13
712119,世禾國票66購01,48620,0.91,0.94,0.91,0.94
712120,系統電國票67購01,17700,1.18,1.19,1.17,1.17
712121,系微國票65購02,0,,,,
712122,松上國票65購01,750,0.75,0.75,0.75,0.75
712123,前鼎國票65購01,12110,1.73,1.73,1.73,1.73
712124,能率國票65購01,0,,,,
712125,華景電國票65購02,0,,,,
712126,順達國票67購01,4160,2.08,2.08,2.08,2.08
712127,廣穎國票65購02,0,,,,
712128,中美晶台新65購02,89840,1.47,1.65,1.47,1.65
712129,宜鼎台新62購04,0,,,,
712130,新應材台新62購01,0,,,,
712131,新應材台新62購02,152870,2.5,2.5,2.26,2.26
712132,中光電元大64購03,0,,,,
712133,中美晶元大64購04,493750,1.67,1.97,1.66,1.97
712134,台特化元大64購01,166420,1.55,1.64,1.5,1.5
712135,富喬元大64購05,0,,,,
712136,廣積元大63購04,42950,2.87,2.87,2.86,2.86
712137,營邦元大64購01,0,,,,
712138,中美晶中信62購01,182680,0.86,0.96,0.86,0.96
712139,富喬中信64購01,72300,2.26,2.26,2.25,2.25
712140,中光電永豐63購02,0,,,,
712141,系統電永豐64購02,48800,1.63,1.63,1.62,1.63
712142,宜鼎永豐63購05,90000,1.25,1.25,1.25,1.25
712143,宜鼎永豐64購03,14600,1.46,1.46,1.46,1.46
712144,宜鼎永豐65購02,92620,1.09,1.09,1.04,1.04
712145,倉和永豐63購01,0,,,,
712146,耕興永豐63購01,0,,,,
712147,晟德永豐63購01,3850,0.77,0.77,0.77,0.77
712148,頎邦永豐63購02,20300,2.9,2.9,2.9,2.9
712149,雙鴻永豐63購04,0,,,,
712150,雙鴻永豐64購04,0,,,,
712151,M31群益62購01,256470,1.16,1.56,1.13,1.56
712152,世界群益62購03,297960,2.63,2.64,2.55,2.64
712153,均華群益68購01,1460940,3.16,3.16,2.94,2.94
712154,宜特群益62購01,458340,1.48,1.48,1.44,1.46
712155,家登群益62購01,74700,3.74,3.74,3.73,3.73
712156,博智群益63購02,0,,,,
712157,群聯群益64購02,476550,4.12,4.2,4.08,4.08
712158,頎邦群益62購01,0,,,,
712159,雙鴻群益64購01,95500,7.3,7.35,7.3,7.35
712160,中美晶凱基63購05,206440,2.41,2.66,2.39,2.66
712161,宏捷科凱基67購01,133940,1.19,1.22,1.19,1.21
712162,系統電凱基64購01,143700,2.46,2.49,2.42,2.42
712163,宜鼎凱基63購02,0,,,,
712164,威剛凱基64購02,0,,,,
712165,倉和凱基63購01,7150,7.15,7.15,7.15,7.15
712166,智通*凱基63購01,0,,,,
712167,群聯凱基63購06,287690,1.29,1.36,1.27,1.36
712168,蜜望實凱基63購01,15540,1.11,1.11,1.11,1.11
712169,營邦凱基63購01,0,,,,
712170,雙鴻凱基63購06,0,,,,
712171,巨漢富邦63購02,139150,0.59,0.59,0.57,0.58
712172,博智富邦63購02,113250,0.72,0.77,0.72,0.77
712173,頎邦富邦64購02,0,,,,
712174,中美晶國泰63購03,20110,2.19,2.27,2.19,2.27
712175,巨漢國泰63購01,295280,2.07,2.16,2.07,2.15
712176,頎邦國泰63購03,0,,,,
712177,雙鴻國泰63購02,0,,,,
712178,元太統一6A購01,0,,,,
712179,富喬統一6A購01,0,,,,
712180,中光電元大64購04,0,,,,
712181,弘塑元大63購03,40170,1.03,1.03,1.03,1.03
712182,弘塑元大64購02,339390,1.15,1.15,1.08,1.12
712183,艾訊元大63購01,129390,1.27,1.27,1.25,1.25
712184,威剛元大63購04,98410,1.47,1.47,1.45,1.45
712185,威剛元大64購03,50500,1.01,1.01,1.01,1.01
712186,博智元大64購01,100420,0.65,0.67,0.65,0.67
712187,萬潤元大63購01,542620,1.35,1.39,1.13,1.21
712188,中光電台新65購01,0,,,,
712189,中美晶台新65購03,87020,1.29,1.41,1.29,1.41
712190,均華台新62購03,0,,,,
712191,欣銓台新62購02,0,,,,
712192,威剛台新65購01,1880,0.94,0.94,0.94,0.94
712193,威剛台新68購01,0,,,,
712194,家登台新62購03,0,,,,
712195,家登台新65購01,184700,1.71,1.71,1.66,1.66
712196,萬潤台新62購01,178800,1.49,1.49,1.49,1.49
712197,萬潤台新62購02,2520370,2.4,2.4,1.93,2.05
712198,萬潤台新62購03,713450,2.95,2.95,2.4,2.51
712199,萬潤台新65購01,573080,2.36,2.36,1.91,2.0
712200,萬潤台新68購01,2364420,2.59,2.65,2.23,2.3
712201,世禾凱基66購01,70360,0.79,0.82,0.78,0.78
712202,世界凱基63購04,10800,1.2,1.2,1.2,1.2
712203,台特化凱基63購02,440060,2.24,2.35,2.11,2.11
712204,宜特凱基63購01,19840,0.62,0.62,0.62,0.62
712205,高技凱基63購01,0,,,,
712206,博智凱基63購04,531470,1.22,1.31,1.22,1.31
712207,智通*凱基63購02,0,,,,
712208,新應材凱基63購05,33320,0.7,0.7,0.69,0.69
712209,廣積凱基63購01,167400,1.64,1.64,1.53,1.54
712210,廣穎凱基63購01,5670,0.63,0.63,0.63,0.63
712211,富喬中信64購02,46750,1.87,1.87,1.87,1.87
712212,中美晶永豐64購05,177110,1.09,1.22,1.09,1.22
712213,天正永豐65購01,8600,0.86,0.86,0.86,0.86
712214,朋億*永豐63購01,980,0.98,0.98,0.98,0.98
712215,金山電永豐65購01,0,,,,
712216,家登永豐63購02,2540,1.27,1.27,1.27,1.27
712217,港建*永豐64購01,0,,,,
712218,萬潤永豐65購01,7279530,1.34,1.4,1.14,1.22
712219,萬潤永豐66購01,62770,1.26,1.26,1.22,1.22
712220,萬潤永豐68購01,826910,1.91,1.96,1.69,1.74
712221,德昌永豐65購01,0,,,,
712222,營邦永豐63購01,0,,,,
712223,久元國票66購01,0,,,,
712224,互動國票66購01,0,,,,
712225,朋億*國票66購01,0,,,,
712226,金山電國票65購01,6700,0.67,0.67,0.67,0.67
712227,金山電國票67購01,16100,0.81,0.81,0.8,0.8
712228,家登國票63購01,30380,3.42,3.42,3.32,3.32
712229,高技國票66購01,3420,1.14,1.14,1.14,1.14
712230,凱崴國票65購01,59350,0.89,0.9,0.89,0.9
712231,博磊國票68購01,53070,0.68,0.76,0.68,0.76
712232,港建*國票63購01,18200,0.91,0.91,0.91,0.91
712233,瑞穎國票63購01,0,,,,
712234,萬潤國票66購01,1134370,1.12,1.12,0.93,0.99
712235,萬潤國票68購01,189910,1.15,1.15,1.02,1.06
712236,中美晶富邦62購02,407190,0.95,1.05,0.93,1.05
712237,弘塑富邦63購02,0,,,,
712238,威剛富邦62購02,0,,,,
712239,中美晶群益62購03,1081010,1.99,2.3,1.99,2.3
712240,台嘉碩群益62購01,0,,,,
712241,弘塑群益62購01,376650,0.93,0.93,0.83,0.83
712242,弘塑群益62購02,0,,,,
712243,宏捷科群益64購01,581310,1.04,1.06,1.04,1.04
712244,系統電群益62購01,360600,1.91,1.91,1.86,1.86
712245,宜鼎群益62購01,3280,0.82,0.82,0.82,0.82
712246,金山電群益62購01,0,,,,
712247,前鼎群益68購01,15520,3.88,3.88,3.88,3.88
712248,威剛群益62購03,0,,,,
712249,原相群益62購01,3330,1.11,1.11,1.11,1.11
712250,智通*群益62購01,0,,,,
712251,新應材群益66購01,231050,1.52,1.52,1.37,1.4
712252,萬潤群益68購01,1799750,2.1,2.11,1.79,1.89
712253,群聯群益68購01,159110,3.65,3.71,3.65,3.7
712254,頎邦群益62購02,427000,3.4,3.45,3.36,3.36
712255,雙鴻群益62購03,21000,4.2,4.2,4.2,4.2
712256,元太統一66購01,0,,,,
712257,世禾統一68購01,239750,0.76,0.79,0.75,0.78
712258,沛亨統一68購02,434070,1.28,1.29,1.27,1.27
712259,金山電統一67購01,0,,,,
712260,金山電統一6B購01,4560,0.66,0.66,0.65,0.65
712261,金山電統一6C購01,0,,,,
712262,能率亞統一68購01,0,,,,
712263,港建*統一6B購01,0,,,,
712264,新應材統一68購01,0,,,,
712265,萬潤統一65購01,1921430,1.26,1.27,1.02,1.09
712266,萬潤統一6A購03,1248590,1.13,1.15,0.97,1.0
712267,萬潤統一6B購01,242890,0.83,0.83,0.73,0.73
712268,萬潤統一6C購01,959660,0.78,0.78,0.71,0.72
712269,弘塑國泰63購01,11500,1.15,1.15,1.15,1.15
712270,弘塑國泰63購02,35000,1.0,1.0,1.0,1.0
712271,泓格國泰63購02,307650,1.03,1.04,0.94,0.95
712272,金山電國泰63購01,1239770,2.0,2.0,1.96,1.96
712273,金山電國泰64購01,35720,1.88,1.88,1.88,1.88
712274,萬潤國泰63購01,976050,1.87,1.92,1.6,1.66
712275,弘塑台新62購01,31950,1.15,1.21,1.15,1.21
712276,弘塑台新62購02,0,,,,
712277,弘塑台新62購03,43120,0.98,0.98,0.98,0.98
712278,弘塑台新68購01,0,,,,
712279,弘塑台新68購02,0,,,,
712280,沛亨台新62購01,1033780,2.36,2.43,2.36,2.38
712281,沛亨台新62購02,55460,1.91,1.91,1.83,1.83
712282,韋僑台新62購01,0,,,,
712283,韋僑台新62購02,0,,,,
712284,竑騰台新62購02,2543930,1.63,1.66,1.4,1.66
712285,博智台新62購01,0,,,,
712286,新應材台新62購03,73260,1.11,1.11,1.11,1.11
712287,群聯台新62購01,0,,,,
712288,群聯台新62購02,0,,,,
712289,雙鴻台新62購01,0,,,,
712290,雙鴻台新68購01,0,,,,
712291,雙鴻台新68購02,58000,2.95,2.95,2.85,2.85
712292,中光電元大63購02,0,,,,
712293,中光電元大64購05,0,,,,
712294,世界元大63購08,0,,,,
712295,世界元大63購09,201690,1.19,1.19,1.13,1.14
712296,世界元大64購09,425180,0.66,0.67,0.65,0.65
712297,弘塑元大64購03,627340,0.7,0.7,0.64,0.68
712298,良維元大64購02,629900,1.16,1.22,1.16,1.22
712299,宜鼎元大64購03,248290,0.97,0.99,0.96,0.96
712300,陽程元大64購02,0,,,,
712301,鈊象元大63購08,226530,1.08,1.1,1.08,1.08
712302,中光電凱基65購01,0,,,,
712303,中美晶凱基63購06,591030,0.94,1.19,0.94,1.19
712304,弘塑凱基63購01,0,,,,
712305,弘塑凱基64購01,16920,0.94,0.94,0.94,0.94
712306,金山電凱基63購01,38160,1.06,1.06,1.06,1.06
712307,金山電凱基63購02,5650,1.13,1.13,1.13,1.13
712308,威剛凱基63購04,0,,,,
712309,群聯凱基66購03,92400,1.41,1.46,1.41,1.46
712310,頎邦凱基64購03,179750,1.78,1.85,1.76,1.85
712311,雙鴻凱基63購08,0,,,,
712312,均華國泰64購01,316000,2.03,2.03,1.92,1.92
712313,新應材國泰64購01,230950,1.49,1.49,1.49,1.49
712314,弘塑統一67購01,64560,0.6,0.6,0.54,0.57
712315,由田統一68購01,47950,1.09,1.12,1.09,1.12
712316,金山電統一66購01,173250,0.45,0.45,0.45,0.45
712317,金山電統一68購01,15640,0.68,0.68,0.68,0.68
712318,前鼎統一6C購01,0,,,,
712319,倉和統一68購01,0,,,,
712320,富喬中信64購03,817490,1.13,1.14,1.13,1.13
712321,元太永豐63購01,183120,0.84,0.84,0.84,0.84
712322,巨漢永豐63購01,98560,0.78,0.78,0.77,0.77
712323,宏碁資永豐63購01,0,,,,
712324,建榮永豐64購01,45200,1.13,1.13,1.13,1.13
712325,胡連永豐63購01,27940,0.73,0.75,0.73,0.75
712326,茂綸永豐64購01,351400,1.04,1.04,0.96,0.96
712327,茂綸永豐65購01,26470,1.26,1.27,1.26,1.27
712328,竑騰永豐64購01,0,,,,
712329,富喬永豐64購02,165540,2.2,2.22,2.2,2.2
712330,富喬永豐67購01,0,,,,
712331,聖暉*永豐63購01,380320,1.51,1.57,1.51,1.53
712332,元太國票66購01,0,,,,
712333,世界國票67購01,0,,,,
712334,弘塑國票66購01,0,,,,
712335,全宇昕國票65購02,0,,,,
712336,均華國票63購01,1190,1.19,1.19,1.19,1.19
712337,長佳智國票65購01,0,,,,
712338,前鼎國票67購01,4500,1.5,1.5,1.5,1.5
712339,博智國票63購01,77920,1.83,1.89,1.83,1.89
712340,智通*國票63購01,37200,1.24,1.24,1.24,1.24
712341,新應材國票63購01,16800,1.4,1.4,1.4,1.4
712342,新應材國票64購01,60800,1.52,1.52,1.52,1.52
712343,廣穎國票67購01,0,,,,
712344,德勝國票66購01,0,,,,
712345,世界群益67購01,129450,1.11,1.15,1.11,1.14
712346,台特化群益67購01,201330,1.47,1.51,1.4,1.4
712347,由田群益62購01,5920,2.96,2.96,2.96,2.96
712348,宏捷科群益62購01,23430,0.71,0.71,0.71,0.71
712349,沛亨群益62購01,1358230,2.44,2.57,2.41,2.5
712350,茂達群益62購01,0,,,,
712351,矽科台新62購01,0,,,,
712352,新應材台新62購04,50750,1.75,1.75,1.75,1.75
712353,世界凱基63購05,88420,0.95,0.95,0.94,0.94
712354,台特化凱基67購01,135290,2.17,2.17,2.03,2.03
712355,宜鼎凱基63購03,0,,,,
712356,前鼎凱基67購01,102080,1.65,1.65,1.57,1.58
712357,新應材凱基64購02,43180,1.27,1.27,1.27,1.27
712358,青雲元大63購01,19880,0.75,0.77,0.75,0.77
712359,鈊象中信62購01,17860,0.47,0.47,0.47,0.47
712360,前鼎永豐68購01,44500,1.78,1.78,1.78,1.78
712361,博智永豐63購01,24040,1.21,1.31,1.2,1.31
712362,達航永豐63購02,0,,,,
712363,廣積永豐63購01,1480,0.74,0.74,0.74,0.74
712364,東洋國票63購01,408000,1.03,1.03,1.01,1.01
712365,前鼎國票68購01,8220,1.38,1.38,1.36,1.36
712366,竑騰國票63購01,401180,1.51,1.53,1.29,1.53
712367,聚和國票65購01,0,,,,
712368,廣積國票65購02,0,,,,
712369,中美晶群益64購02,0,,,,
712370,欣銓群益63購01,333660,2.18,2.18,2.1,2.1
712371,金山電群益63購01,10700,1.07,1.07,1.07,1.07
712372,青雲群益63購01,21000,1.05,1.05,1.05,1.05
712373,威剛群益64購01,0,,,,
712374,家登群益63購04,873090,2.29,2.29,2.18,2.26
712375,群聯群益64購03,0,,,,
712376,雙鴻群益64購02,102140,2.53,2.53,2.26,2.26
712377,群聯國泰67購01,0,,,,
712378,世界富邦65購01,70510,0.59,0.6,0.59,0.6
712379,富喬富邦62購01,0,,,,
712380,新應材富邦64購02,69820,0.45,0.45,0.44,0.44
712381,沛亨統一65購03,1075740,1.26,1.28,1.22,1.24
712382,長科*統一68購01,0,,,,
712383,前鼎統一66購01,1110,1.11,1.11,1.11,1.11
712384,前鼎統一68購01,0,,,,
712385,富喬統一65購04,0,,,,
712386,頎邦統一66購02,3030480,1.23,1.26,1.21,1.24
712387,M31國票67購01,65160,1.0,1.02,0.96,1.02
712388,博磊國票65購01,0,,,,
712389,宜鼎台新65購01,0,,,,
712390,青雲台新63購01,71050,1.78,1.78,1.77,1.77
712391,宸曜台新62購01,7400,1.99,1.99,1.71,1.71
712392,宸曜台新62購02,93130,1.49,1.5,1.3,1.3
712393,新應材台新64購01,0,,,,
712394,群聯台新65購01,0,,,,
712395,雙鴻台新65購01,0,,,,
712396,雙鴻台新65購02,0,,,,
712397,M31凱基63購01,743470,1.3,1.71,1.3,1.71
712398,中美晶凱基64購02,172050,1.34,1.39,1.34,1.39
712399,方土昶凱基63購01,0,,,,
712400,宜鼎凱基63購04,0,,,,
712401,青雲凱基63購01,67000,1.25,1.29,1.25,1.29
712402,威剛凱基64購03,0,,,,
712403,富喬凱基65購01,0,,,,
712404,富喬凱基68購01,0,,,,
712405,群聯凱基63購07,0,,,,
712406,群聯凱基63購08,173390,1.2,1.25,1.18,1.25
712407,群聯凱基63購09,0,,,,
712408,群聯凱基63購10,40200,1.33,1.35,1.33,1.35
712409,雙鴻凱基63購09,0,,,,
712410,方土昶群益63購01,0,,,,
712411,世界群益66購02,11280,0.94,0.94,0.94,0.94
712412,世紀*群益63購01,0,,,,
712413,世紀*群益63購02,0,,,,
712414,台特化群益66購01,64600,1.42,1.42,1.4,1.4
712415,弘塑群益63購01,242480,0.74,0.79,0.74,0.79
712416,艾訊群益63購01,29500,0.74,0.74,0.73,0.73
712417,艾訊群益63購02,17100,0.57,0.57,0.57,0.57
712418,倚強群益69購01,5490,2.78,2.78,2.71,2.71
712419,群聯群益64購04,25160,0.74,0.74,0.74,0.74
712420,廣穎群益62購01,0,,,,
712421,雙鴻群益65購01,317460,2.0,2.0,1.72,1.72
712422,閎康元大63購04,0,,,,
712423,新應材元大63購04,0,,,,
712424,新應材元大64購02,559580,0.86,0.88,0.83,0.83
712425,營邦元大64購02,178470,2.05,2.05,1.95,1.96
712426,宜鼎中信62購01,41100,0.46,0.48,0.46,0.48
712427,威剛中信63購01,0,,,,
712428,群聯中信66購01,32000,0.53,0.55,0.53,0.55
712429,雙鴻中信63購03,171880,1.33,1.35,1.3,1.3
712430,均華永豐63購01,50700,1.3,1.3,1.3,1.3
712431,沛亨永豐64購01,34510,2.31,2.31,2.3,2.3
712432,威剛永豐68購02,0,,,,
712433,茂訊永豐63購01,0,,,,
712434,新潤永豐63購01,0,,,,
712435,新應材永豐68購04,0,,,,
712436,群聯永豐68購01,3780,0.76,0.77,0.75,0.75
712437,雙鴻永豐64購05,192700,2.48,2.48,2.24,2.24
712438,群聯國泰63購03,30090,1.77,1.77,1.77,1.77
712439,群聯國泰65購02,40920,1.86,1.86,1.86,1.86
712440,聖暉*國泰63購02,0,,,,
712441,譜瑞國泰63購01,0,,,,
712442,鑫聯國泰63購01,0,,,,
712443,宏捷科富邦64購01,141480,0.54,0.56,0.53,0.54
712444,宏捷科富邦65購01,48700,0.54,0.55,0.54,0.54
712445,宜鼎富邦68購01,40180,0.41,0.41,0.41,0.41
712446,頎邦富邦64購03,13390,1.03,1.03,1.03,1.03
712447,頎邦富邦65購01,1368220,0.82,0.85,0.8,0.83
712448,譜瑞富邦64購02,74260,0.47,0.47,0.47,0.47
712449,M31統一68購01,35280,0.84,0.84,0.84,0.84
712450,陽程統一66購02,0,,,,
712451,雙鴻統一64購02,113800,1.15,1.15,1.1,1.1
712452,台特化台新65購01,1099830,2.32,2.47,2.24,2.24
712453,宜鼎台新64購02,0,,,,
712454,富喬台新65購01,17950,3.59,3.59,3.59,3.59
712455,順達台新64購01,140750,1.8,1.95,1.8,1.95
712456,新應材台新64購02,17820,0.81,0.81,0.81,0.81
712457,頎邦台新68購01,43770,3.66,3.72,3.57,3.72
712458,營邦台新65購02,73470,2.37,2.37,2.37,2.37
712459,鴻呈台新62購01,0,,,,
712460,雙鴻台新62購02,0,,,,
712461,世界凱基66購02,31580,1.5,1.51,1.49,1.49
712462,世紀*凱基63購01,0,,,,
712463,弘塑凱基63購02,11000,1.0,1.0,1.0,1.0
712464,弘塑凱基63購03,225730,1.31,1.31,1.19,1.19
712465,艾訊凱基63購01,0,,,,
712466,倚強凱基63購01,49600,4.96,4.96,4.96,4.96
712467,富喬凱基63購03,219200,1.63,1.67,1.63,1.65
712468,閎康凱基63購01,0,,,,
712469,順達凱基63購04,61670,1.38,1.55,1.38,1.55
712470,新應材凱基63購06,0,,,,
712471,廣積凱基64購01,0,,,,
712472,順達中信62購01,4950,0.55,0.55,0.55,0.55
712473,群聯中信62購02,19720,0.58,0.58,0.58,0.58
712474,均華永豐63購02,725710,1.02,1.04,0.96,0.96
712475,良維永豐63購01,0,,,,
712476,宜鼎永豐66購02,1400,0.7,0.7,0.7,0.7
712477,順達永豐63購02,156960,1.88,1.98,1.88,1.98
712478,順達永豐63購03,242940,1.08,1.18,1.08,1.14
712479,群聯永豐65購07,0,,,,
712480,群聯永豐65購08,0,,,,
712481,群聯永豐68購02,6840,1.71,1.71,1.71,1.71
712482,廣閎科永豐63購01,25000,1.25,1.25,1.25,1.25
712483,廣閎科永豐63購02,5200,1.04,1.04,1.04,1.04
712484,廣閎科永豐65購01,3390,1.13,1.13,1.13,1.13
712485,廣閎科永豐68購01,45980,1.21,1.21,1.21,1.21
712486,廣穎永豐65購02,218070,1.07,1.1,1.07,1.1
712487,巨漢元大64購01,151050,1.06,1.06,1.03,1.06
712488,宜鼎元大63購06,204180,0.41,0.41,0.41,0.41
712489,宜鼎元大64購04,215320,0.34,0.34,0.32,0.32
712490,富喬元大63購03,615800,1.79,1.81,1.79,1.79
712491,富喬元大63購04,500180,1.63,1.63,1.6,1.63
712492,富喬元大63購05,96400,2.41,2.41,2.41,2.41
712493,富喬元大63購06,180180,2.73,2.73,2.73,2.73
712494,富喬元大64購06,666270,1.37,1.39,1.36,1.37
712495,群聯元大63購10,390270,1.88,1.93,1.86,1.86
712496,群聯元大63購13,333440,0.64,0.64,0.64,0.64
712497,廣積元大63購05,26280,0.72,0.79,0.72,0.74
712498,廣穎元大63購02,127620,0.48,0.49,0.48,0.49
712499,廣穎元大63購03,0,,,,
712500,營邦元大63購01,576000,1.44,1.44,1.44,1.44
712501,營邦元大63購03,312430,1.04,1.04,0.99,1.01
712502,營邦元大64購04,0,,,,
712503,雙鴻元大64購04,274810,2.13,2.16,1.89,1.91
712504,千如國票66購01,0,,,,
712505,富喬國票64購01,0,,,,
712506,富喬國票66購01,122870,3.95,3.97,3.95,3.97
712507,鴻呈國票66購01,0,,,,
712508,雙鴻國票69購01,43560,1.98,1.98,1.98,1.98
712509,千如國泰63購01,0,,,,
712510,宜鼎國泰63購02,0,,,,
712511,富喬國泰63購03,0,,,,
712512,新應材國泰63購02,258610,1.07,1.07,1.06,1.06
712513,千附精富邦62購01,37460,0.54,0.55,0.54,0.54
712514,中美晶富邦65購01,49700,0.71,0.71,0.71,0.71
712515,順達富邦63購03,95760,0.93,1.0,0.93,1.0
712516,廣閎科富邦62購01,278840,0.65,0.65,0.6,0.62
712517,營邦富邦65購01,14300,1.43,1.43,1.43,1.43
712518,中美晶群益63購02,159300,2.65,3.2,2.65,3.2
712519,宜鼎群益63購01,0,,,,
712520,威剛群益63購02,0,,,,
712521,順達群益63購01,196710,1.93,2.05,1.93,2.04
712522,群聯群益63購03,2335450,3.58,3.74,3.52,3.52
712523,廣閎科群益63購01,706300,1.43,1.43,1.32,1.32
712524,磐儀群益63購01,0,,,,
712525,雙鴻群益63購04,31350,3.19,3.19,3.08,3.08
712526,譜瑞群益62購01,0,,,,
712527,弘塑統一66購01,85530,0.6,0.6,0.55,0.6
712528,均華統一69購01,720060,0.68,0.7,0.64,0.64
712529,高技統一66購01,0,,,,
712530,陽程統一66購03,53520,1.97,2.08,1.97,2.08
712531,順達統一6B購01,42750,0.84,0.87,0.84,0.86
712532,世界群益62購04,356960,2.1,2.1,2.01,2.07
712533,台半群益63購01,43700,1.15,1.15,1.15,1.15
712534,台特化群益62購02,875240,3.74,4.16,3.6,3.6
712535,東捷群益64購01,1476680,1.9,2.13,1.84,1.84
712536,鉅橡群益63購01,0,,,,
712537,臺慶科群益63購01,0,,,,
712538,廣閎科群益64購01,484060,2.1,2.11,1.86,1.92
712539,穩懋群益63購02,3397350,2.82,3.0,2.73,3.0
712540,穩懋群益64購01,697610,3.78,3.95,3.78,3.95
712541,中美晶元大64購05,204920,0.75,0.9,0.75,0.9
712542,方土昶元大63購02,0,,,,
712543,均華元大64購02,17600,1.76,1.76,1.76,1.76
712544,朋億*元大63購01,0,,,,
712545,東捷元大63購01,373180,1.83,2.01,1.81,1.9
712546,青雲元大63購02,122980,0.49,0.5,0.49,0.5
712547,高技元大63購02,49500,0.5,0.5,0.48,0.48
712548,順達元大63購03,860380,0.94,1.05,0.93,1.02
712549,順達元大63購04,346480,1.49,1.54,1.48,1.54
712550,順達元大64購07,942690,1.22,1.3,1.22,1.29
712551,漢達元大64購01,45800,4.58,4.58,4.58,4.58
712552,廣閎科元大64購01,100740,0.82,0.82,0.77,0.77
712553,廣積元大63購06,165560,0.79,0.79,0.7,0.7
712554,廣穎元大63購04,224550,0.45,0.45,0.45,0.45
712555,雙鴻元大63購08,158790,2.03,2.1,2.01,2.01
712556,雙鴻元大63購09,0,,,,
712557,雙鴻元大63購10,0,,,,
712558,雙鴻元大64購05,107660,2.01,2.08,2.0,2.0
712559,寶雅元大63購01,237080,0.62,0.63,0.62,0.63
712560,東捷統一66購02,3151990,1.22,1.38,1.21,1.25
712561,東捷統一6B購01,199480,0.9,0.98,0.9,0.91
712562,穩懋統一66購02,655510,1.07,1.13,1.07,1.12
712563,穩懋統一67購01,180950,0.94,0.97,0.9,0.97
712564,穩懋統一68購01,11880,0.99,0.99,0.99,0.99
712565,穩懋統一6C購02,1381920,0.94,1.0,0.92,1.0
712566,穩懋統一6C購03,226220,1.19,1.24,1.19,1.24
712567,東捷富邦63購01,856280,1.43,1.59,1.39,1.42
712568,東捷國泰63購01,36000,3.6,3.6,3.6,3.6
712569,博盛國泰63購01,0,,,,
712570,營邦國泰63購02,0,,,,
712571,鴻呈國泰63購01,27010,0.73,0.73,0.73,0.73
712572,穩懋國泰63購01,4056270,3.0,3.3,2.98,3.3
712573,穩懋國泰63購03,731680,3.38,3.48,3.38,3.48
712574,穩懋國泰63購04,10540,3.42,3.68,3.42,3.68
712575,穩懋國泰63購05,253140,3.95,4.3,3.95,4.3
712576,台半凱基63購01,0,,,,
712577,宜鼎凱基64購02,132350,0.79,0.8,0.77,0.77
712578,威剛凱基63購06,0,,,,
712579,宸曜凱基63購01,40000,1.37,1.37,1.27,1.27
712580,順達凱基63購05,54520,1.16,1.16,1.16,1.16
712581,群聯凱基64購06,14700,1.47,1.47,1.47,1.47
712582,漢達凱基63購01,9350,2.91,3.42,2.91,3.42
712583,營邦凱基63購02,0,,,,
712584,鴻呈凱基66購01,0,,,,
712585,雙鴻凱基64購02,0,,,,
712586,穩懋凱基63購01,373300,2.3,2.46,2.3,2.46
712587,穩懋凱基63購02,38870,2.15,2.25,2.15,2.25
712588,穩懋凱基63購03,355490,2.33,2.45,2.28,2.45
712589,穩懋凱基63購04,6890,2.26,2.37,2.26,2.37
712590,穩懋凱基63購05,0,,,,
712591,均華台新63購01,126510,1.77,1.81,1.77,1.81
712592,宜鼎台新64購03,0,,,,
712593,東捷台新62購01,0,,,,
712594,順達台新64購02,33770,1.44,1.49,1.44,1.49
712595,鈊象台新64購01,32560,0.88,0.88,0.88,0.88
712596,穩懋台新62購01,0,,,,
712597,穩懋台新63購01,217700,2.99,3.14,2.99,3.14
712598,穩懋台新65購01,162680,1.66,1.66,1.66,1.66
712599,穩懋台新65購02,168250,2.01,2.03,2.01,2.02
712600,穩懋台新68購01,118040,2.26,2.35,2.25,2.35
712601,弘塑中信64購01,235170,0.92,0.97,0.9,0.93
712602,穩懋中信68購01,53220,0.93,0.96,0.93,0.96
712603,台半永豐64購02,0,,,,
712604,台半永豐65購01,0,,,,
712605,台星科永豐64購01,393250,1.25,1.39,1.25,1.32
712606,由田永豐64購01,498000,1.62,1.69,1.47,1.58
712607,系統電永豐63購01,23600,0.78,0.78,0.75,0.76
712608,東捷永豐63購01,54670,2.24,2.45,2.24,2.45
712609,東捷永豐63購02,69040,2.03,2.05,2.03,2.05
712610,東捷永豐63購03,83150,1.92,2.12,1.92,1.95
712611,東捷永豐65購01,138510,2.31,2.56,2.31,2.56
712612,東捷永豐65購02,35040,2.92,2.92,2.92,2.92
712613,東捷永豐68購01,24800,3.1,3.1,3.1,3.1
712614,欣銓永豐66購01,0,,,,
712615,欣銓永豐68購01,65010,1.24,1.27,1.22,1.27
712616,彩富永豐63購01,0,,,,
712617,博盛永豐63購01,49600,1.24,1.24,1.24,1.24
712618,博盛永豐63購02,11690,1.06,1.07,1.06,1.07
712619,博盛永豐65購01,0,,,,
712620,越峰永豐63購01,27760,0.77,0.78,0.76,0.76
712621,穩得永豐63購01,0,,,,
712622,穩懋永豐64購01,174830,2.92,2.92,2.91,2.91
712623,穩懋永豐64購02,124300,3.61,3.68,3.57,3.68
712624,穩懋永豐66購01,223140,4.05,4.06,4.05,4.06
712625,穩懋永豐68購01,132700,4.42,4.43,4.42,4.43
712626,均華國票63購02,15480,1.72,1.72,1.72,1.72
712627,東捷國票63購01,0,,,,
712628,東捷國票64購01,256590,2.34,2.62,2.34,2.45
712629,元太群益63購01,94780,0.63,0.67,0.63,0.67
712630,方土昶群益63購02,0,,,,
712631,世界群益63購01,32820,2.74,2.74,2.71,2.71
712632,巨有群益63購01,0,,,,
712633,威剛群益62購04,11670,1.97,1.97,1.94,1.94
712634,胡連群益63購01,0,,,,
712635,陽程群益63購03,0,,,,
712636,順達群益63購02,0,,,,
712637,群聯群益62購01,784270,4.16,4.28,4.07,4.07
712638,漢達群益63購01,5830,2.84,2.99,2.84,2.99
712639,鴻呈群益63購01,0,,,,
712640,雙鴻群益62購04,0,,,,
712641,穩懋群益64購03,60680,3.71,3.88,3.71,3.88
712642,雙鴻中信64購02,6020,2.0,2.01,2.0,2.01
712643,新應材永豐64購02,34720,1.24,1.24,1.24,1.24
712644,新應材永豐65購01,28000,1.4,1.4,1.4,1.4
712645,群聯永豐63購02,0,,,,
712646,寶雅永豐63購01,0,,,,
712647,台半國泰63購01,190520,1.96,2.0,1.96,2.0
712648,胡連國泰63購01,0,,,,
712649,千附精元大63購01,144180,0.54,0.54,0.54,0.54
712650,元太元大63購06,142900,0.44,0.44,0.43,0.43
712651,元太元大64購02,215460,0.67,0.68,0.67,0.68
712652,威剛元大64購04,0,,,,
712653,陽程元大63購03,264710,3.25,3.25,3.08,3.12
712654,陽程元大64購03,602080,1.69,1.75,1.64,1.67
712655,順達元大64購08,0,,,,
712656,鈊象元大64購04,171780,0.82,0.83,0.82,0.83
712657,群聯元大64購13,91000,0.58,0.6,0.58,0.6
712658,良維富邦63購01,1348520,0.98,1.08,0.98,1.05
712659,穩懋富邦63購01,279750,1.5,1.62,1.48,1.62
712660,穩懋富邦64購01,275260,1.17,1.42,1.17,1.42
712661,台半統一68購01,0,,,,
712662,東捷統一68購01,231060,0.93,1.05,0.93,0.99
712663,新普統一68購01,0,,,,
712664,穩懋統一68購02,125060,1.23,1.26,1.23,1.26
712665,千如凱基66購01,1400,0.7,0.7,0.7,0.7
712666,中美晶凱基68購01,12880,1.84,1.84,1.84,1.84
712667,世界凱基63購06,70200,1.4,1.43,1.38,1.42
712668,弘塑凱基63購04,707900,1.08,1.08,0.95,1.07
712669,均華凱基64購02,56500,1.5,1.54,1.5,1.54
712670,宜鼎凱基66購01,0,,,,
712671,東捷凱基63購02,354880,1.63,1.92,1.62,1.65
712672,金益鼎凱基63購01,0,,,,
712673,順達凱基63購06,0,,,,
712674,頎邦凱基63購03,91240,2.41,2.41,2.4,2.4
712675,雙鴻凱基63購10,0,,,,
712676,寶雅凱基63購01,0,,,,
712677,系統電台新62購01,764690,1.48,1.54,1.48,1.51
712678,長科*台新65購01,0,,,,
712679,威剛台新62購03,0,,,,
712680,威剛台新63購02,0,,,,
712681,順達台新62購01,14040,1.17,1.17,1.17,1.17
712682,中美晶元大64購06,0,,,,
712683,元太元大63購07,303890,0.86,0.88,0.86,0.88
712684,元太元大63購08,153880,0.53,0.53,0.52,0.52
712685,元太元大64購03,305150,0.67,0.69,0.67,0.69
712686,均華元大64購03,60000,1.0,1.0,1.0,1.0
712687,宜鼎元大64購05,0,,,,
712688,威剛元大64購05,0,,,,
712689,順達元大64購09,519970,0.85,0.92,0.85,0.92
712690,鈊象元大63購09,459320,1.12,1.18,1.12,1.16
712691,鈊象元大64購05,182270,1.17,1.19,1.17,1.17
712692,群聯元大64購14,22820,0.88,0.88,0.87,0.87
712693,蜜望實元大63購02,3800,0.38,0.38,0.38,0.38
712694,寶雅元大63購02,167710,0.61,0.63,0.6,0.63
712695,元太台新65購01,0,,,,
712696,沛亨台新65購01,103390,1.74,1.77,1.7,1.7
712697,威聯通台新62購01,0,,,,
712698,胡連台新62購01,17420,0.67,0.67,0.67,0.67
712699,倉和台新62購01,0,,,,
712700,蜜望實台新62購01,28350,0.81,0.81,0.81,0.81
712701,蜜望實台新65購01,0,,,,
712702,中美晶凱基64購04,385480,0.89,1.15,0.89,1.15
712703,朋億*凱基63購01,31950,0.71,0.71,0.71,0.71
712704,泓格凱基63購01,164540,0.92,0.92,0.85,0.85
712705,威剛凱基63購07,10410,1.16,1.16,1.15,1.15
712706,建榮凱基63購01,0,,,,
712707,順達凱基66購01,443430,1.37,1.48,1.37,1.45
712708,鈊象凱基64購04,0,,,,
712709,群聯凱基66購04,41770,1.15,1.15,1.04,1.04
712710,鉅橡凱基63購01,5130,0.57,0.57,0.57,0.57
712711,廣閎科凱基63購01,985020,1.29,1.29,1.23,1.24
712712,穩懋凱基63購08,257660,1.87,2.04,1.83,1.97
712713,中美晶群益62購04,1458560,2.46,2.75,2.45,2.75
712714,弘塑群益63購02,0,,,,
712715,系統電群益63購01,403040,1.5,1.61,1.5,1.57
712716,宜鼎群益63購02,529010,0.91,0.93,0.89,0.89
712717,威剛群益62購05,0,,,,
712718,原相群益62購02,0,,,,
712719,群聯群益62購02,90260,2.37,2.41,2.37,2.41
712720,千如永豐63購01,48600,0.9,0.9,0.87,0.87
712721,元太永豐63購02,50660,0.59,0.6,0.58,0.58
712722,世紀*永豐63購02,0,,,,
712723,沛亨永豐64購02,78050,1.13,1.16,1.13,1.15
712724,茂迪永豐64購01,397670,0.67,0.72,0.67,0.72
712725,頎邦永豐65購02,0,,,,
712726,榮剛永豐63購01,146360,0.75,0.79,0.74,0.77
712727,雙鴻永豐65購02,0,,,,
712728,雙鴻永豐6B購01,95290,2.23,2.23,2.11,2.11
712729,雙鴻永豐6C購01,129870,2.14,2.14,1.99,1.99
712730,穩懋永豐65購01,74720,2.0,2.02,2.0,2.02
712731,三聯國票63購01,0,,,,
712732,蜜望實國票63購01,0,,,,
712733,寬宏國票63購01,0,,,,
712734,均華國泰63購02,82430,0.99,1.01,0.93,0.93
712735,順達國泰63購03,0,,,,
712736,順達富邦64購01,337980,0.66,0.72,0.66,0.69
712737,巨有統一6B購03,0,,,,
712738,倉和統一6B購01,34200,1.9,1.9,1.9,1.9
712739,堡達統一6A購01,0,,,,
712740,新普統一66購01,0,,,,
712741,新普統一6B購01,0,,,,
712742,晶焱國票63購01,0,,,,
712743,鈺太國票63購01,2320,1.16,1.16,1.16,1.16
712744,鈺太國票64購01,6170,1.25,1.25,1.23,1.23
712745,中美晶群益62購05,1113220,2.39,2.7,2.39,2.7
712746,台特化群益62購03,275620,2.86,3.0,2.8,2.83
712747,弘塑群益63購03,0,,,,
712748,均華群益64購01,1090220,1.56,1.57,1.48,1.48
712749,茂迪群益63購01,179760,0.89,0.89,0.88,0.88
712750,鈊象群益62購01,5580,2.79,2.79,2.79,2.79
712751,群聯群益62購03,0,,,,
712752,營邦群益63購01,128360,2.26,2.26,2.17,2.22
712753,穩懋群益68購01,717080,3.99,4.18,3.94,4.13
712754,元太凱基63購01,0,,,,
712755,弘塑凱基63購05,0,,,,
712756,均華凱基68購01,120540,3.01,3.07,2.79,2.79
712757,系統電凱基64購02,57480,1.24,1.4,1.24,1.38
712758,宜鼎凱基63購05,0,,,,
712759,倉和凱基63購02,6740,3.37,3.37,3.37,3.37
712760,頎邦凱基66購01,663390,1.98,2.05,1.96,2.04
712761,臺慶科凱基63購03,12220,0.47,0.47,0.47,0.47
712762,弘塑台新63購01,22000,0.88,0.88,0.88,0.88
712763,東捷台新62購02,300640,2.59,2.94,2.52,2.52
712764,倉和台新62購02,0,,,,
712765,家碩台新62購01,1523460,1.54,1.55,1.5,1.55
712766,家碩台新62購02,36400,0.91,0.91,0.91,0.91
712767,順達台新64購03,14600,1.46,1.46,1.46,1.46
712768,勤凱台新62購01,2360,0.78,0.79,0.78,0.79
712769,營邦台新63購01,0,,,,
712770,營邦台新65購03,48300,1.61,1.61,1.61,1.61
712771,營邦台新66購01,0,,,,
712772,元太元大64購04,253440,0.39,0.41,0.39,0.39
712773,弘塑元大63購04,508770,0.5,0.55,0.5,0.51
712774,弘塑元大63購05,30000,0.75,0.75,0.75,0.75
712775,弘塑元大64購04,0,,,,
712776,均華元大64購04,578690,0.94,0.94,0.87,0.87
712777,威剛元大64購06,88000,0.88,0.88,0.88,0.88
712778,順達元大63購05,157620,0.71,0.71,0.71,0.71
712779,順達元大63購06,1026970,0.85,0.93,0.85,0.91
712780,順達元大63購07,200930,0.83,0.9,0.83,0.9
712781,順達元大64購10,168500,0.6,0.65,0.6,0.65
712782,順達元大64購11,360,0.36,0.36,0.36,0.36
712783,群聯元大63購14,195520,1.22,1.27,1.21,1.27
712784,群聯元大63購15,2390,1.19,1.2,1.19,1.2
712785,群聯元大63購16,0,,,,
712786,群聯元大64購15,9800,0.49,0.49,0.49,0.49
712787,寶雅元大63購03,387750,0.78,0.81,0.78,0.8
712788,台星科統一6B購01,66680,0.76,0.82,0.76,0.82
712789,沛亨統一6B購01,0,,,,
712790,宜鼎統一6B購02,0,,,,
712791,倉和統一68購02,13300,2.66,2.66,2.66,2.66
712792,陽程統一6C購02,2009800,1.0,1.03,0.98,1.01
712793,新普統一66購02,0,,,,
712794,穩懋統一68購03,597140,1.46,1.46,1.46,1.46
712795,家登中信63購01,770750,1.02,1.03,0.98,1.01
712796,世禾永豐63購01,269750,0.69,0.73,0.69,0.72
712797,安葆永豐63購02,0,,,,
712798,宏捷科永豐63購01,2369320,0.96,0.97,0.95,0.97
712799,倚強永豐64購01,195890,2.88,3.01,2.88,3.01
712800,倚強永豐64購02,179400,2.57,2.77,2.51,2.59
712801,倉和永豐63購02,0,,,,
712802,家登永豐63購03,336000,1.2,1.2,1.2,1.2
712803,湧德永豐63購01,45740,1.22,1.24,1.22,1.24
712804,順達永豐63購04,90920,0.99,1.12,0.99,1.12
712805,群聯永豐63購03,36480,1.14,1.14,1.14,1.14
712806,磐儀永豐63購01,25200,0.63,0.63,0.63,0.63
712807,鴻呈永豐63購01,0,,,,
712808,鴻呈永豐64購01,0,,,,
712809,弘塑富邦64購02,329580,0.7,0.72,0.61,0.67
712810,頎邦富邦65購02,633960,0.92,0.94,0.9,0.93
712811,雙鴻富邦65購01,0,,,,
712812,元太台新65購02,267300,0.83,0.86,0.83,0.86
712813,均華台新62購04,189600,0.82,0.84,0.82,0.82
712814,竑騰台新62購03,440280,1.68,1.74,1.45,1.74
712815,崇越電台新62購01,0,,,,
712816,博盛台新62購01,0,,,,
712817,普萊德台新62購01,0,,,,
712818,晶呈台新62購01,2928980,2.62,2.97,2.62,2.97
712819,晶呈台新62購02,358510,1.7,1.97,1.7,1.94
712820,晶呈台新65購01,111360,2.17,2.25,2.17,2.25
712821,元太群益62購01,35350,0.57,0.59,0.57,0.59
712822,均華群益64購02,369310,1.81,1.85,1.69,1.69
712823,群聯群益62購04,0,,,,
712824,世紀*元大62購01,0,,,,
712825,世紀*元大62購02,0,,,,
712826,倉和元大62購01,0,,,,
712827,倉和元大62購02,5770,1.91,1.93,1.91,1.93
712828,陽程元大62購01,2486380,1.17,1.24,1.12,1.19
712829,陽程元大62購02,948700,1.13,1.2,1.01,1.14
712830,陽程元大62購03,542180,1.11,1.17,1.07,1.12
712831,陽程元大63購04,114740,1.13,1.2,1.13,1.19
712832,陽程元大65購03,175700,1.03,1.11,1.02,1.06
712833,群聯元大65購01,1021310,1.16,1.21,1.16,1.16
712834,廣閎科元大62購01,64950,0.8,0.8,0.72,0.72
712835,營邦元大62購02,46920,1.38,1.38,1.38,1.38
712836,中美晶凱基66購02,117950,1.31,1.36,1.31,1.36
712837,方土昶凱基63購02,0,,,,
712838,台特化凱基65購01,11980,1.75,1.76,1.68,1.68
712839,系統電凱基66購01,19320,1.61,1.61,1.61,1.61
712840,威剛凱基64購04,0,,,,
712841,茂迪凱基63購01,66500,0.87,0.93,0.87,0.92
712842,博智凱基63購05,165920,1.69,1.77,1.69,1.77
712843,順達凱基63購07,116880,1.7,1.88,1.7,1.88
712844,鈊象凱基63購01,44640,1.86,1.86,1.86,1.86
712845,群聯凱基68購01,855000,2.85,2.85,2.85,2.85
712846,寶雅*凱基63購02,0,,,,
712847,千附精永豐63購01,91790,0.91,0.91,0.9,0.9
712848,晶呈永豐64購02,504400,1.16,1.28,1.15,1.28
712849,群聯永豐63購05,0,,,,
712850,群聯永豐63購06,447760,1.06,1.15,1.06,1.07
712851,群聯永豐65購09,208650,1.29,1.32,1.29,1.29
712852,頎邦國泰63購04,0,,,,
712853,聖暉*富邦62購01,0,,,,
712854,大中國票63購01,118920,1.13,1.13,1.12,1.12
712855,華義*國票68購01,0,,,,
712856,越峰國票68購01,14000,0.7,0.7,0.7,0.7
712857,陽程國票64購01,0,,,,
712858,陽程國票65購01,148860,2.25,2.33,2.19,2.3
712859,陽程國票68購01,1470600,2.43,2.61,2.43,2.52
712860,鏵友益國票66購01,31700,1.07,1.07,1.05,1.05
712861,鏵友益國票68購01,24400,1.22,1.22,1.22,1.22
712862,方土昶台新62購01,0,,,,
712863,巨漢台新65購01,156500,1.93,1.97,1.93,1.97
712864,欣銓台新65購01,322800,2.37,2.37,2.28,2.28
712865,萬泰科台新65購01,956790,2.68,2.74,2.68,2.71
712866,臺慶科台新65購01,36860,1.32,1.32,1.3,1.3
712867,元太凱基63購02,183990,0.56,0.59,0.55,0.56
712868,世紀*凱基63購02,0,,,,
712869,均華凱基63購01,158350,1.35,1.38,1.21,1.21
712870,群聯凱基64購07,26400,2.13,2.24,2.13,2.24
712871,頎邦凱基63購04,1093810,2.14,2.23,2.14,2.15
712872,廣閎科凱基63購02,59370,1.87,1.87,1.8,1.8
712873,雙鴻凱基67購01,0,,,,
712874,中美晶群益62購06,251340,1.63,2.0,1.63,2.0
712875,方土昶群益63購03,51460,0.31,0.31,0.31,0.31
712876,世紀*群益63購03,0,,,,
712877,由田群益63購01,1418880,1.1,1.16,0.99,1.06
712878,威剛群益62購06,0,,,,
712879,晶呈群益64購01,1219600,1.19,1.36,1.17,1.36
712880,華電網群益62購01,0,,,,
712881,鈊象群益62購02,62220,2.37,2.41,2.33,2.41
712882,新應材群益62購03,331910,2.42,2.42,2.13,2.19
712883,群聯群益62購05,45100,1.16,1.19,1.15,1.19
712884,雙鴻群益62購05,212560,2.72,2.72,2.34,2.34
712885,寶雅*群益62購01,0,,,,
712886,中美晶永豐63購01,114510,1.67,1.95,1.67,1.95
712887,方土昶永豐64購01,0,,,,
712888,由田永豐63購01,333290,1.3,1.37,1.22,1.25
712889,群聯永豐63購07,96380,1.1,1.11,1.1,1.11
712890,廣運永豐63購01,0,,,,
712891,穩懋永豐63購01,23670,3.82,4.09,3.82,4.09
712892,方土昶國票67購01,0,,,,
712893,世紀*國票67購01,96690,1.74,1.82,1.72,1.78
712894,台半國票66購01,0,,,,
712895,由田國票65購01,41770,1.29,1.29,1.15,1.23
712896,利機國票63購01,0,,,,
712897,邑錡國票64購01,38500,0.77,0.77,0.77,0.77
712898,崇越電國票68購01,57060,0.48,0.51,0.48,0.51
712899,博盛國票66購01,0,,,,
712900,富強鑫國票67購01,0,,,,
712901,漢達國票66購01,0,,,,
712902,寶雅國票66購01,590,0.59,0.59,0.59,0.59
712903,中美晶元大62購01,574890,1.07,1.16,1.06,1.16
712904,方土昶元大62購01,0,,,,
712905,均華元大68購01,169250,0.95,0.95,0.91,0.91
712906,宜鼎元大65購02,0,,,,
712907,建榮元大62購01,25100,1.04,1.05,1.04,1.05
712908,群聯元大65購02,119350,0.46,0.46,0.45,0.45
712909,寶雅元大62購01,92730,0.83,0.86,0.83,0.85
712910,由田統一68購02,5130,0.57,0.57,0.57,0.57
712911,均華統一6A購01,195410,0.67,0.67,0.64,0.64
712912,邑錡統一6C購01,44000,0.44,0.44,0.44,0.44
712913,晶呈統一68購01,34980,0.75,0.78,0.75,0.78
712914,晶呈統一6C購01,627520,1.03,1.04,0.99,1.04
712915,晶呈統一6C購02,319620,0.96,1.03,0.96,1.02
712916,穩懋富邦65購01,151180,1.35,1.43,1.31,1.43
712917,寶雅富邦64購01,0,,,,
712918,寶雅富邦65購01,2820,0.46,0.48,0.46,0.48
712919,方土昶元大62購02,0,,,,
712920,均華元大68購02,434060,1.18,1.18,1.12,1.12
712921,宜鼎元大65購03,273400,0.9,0.9,0.88,0.88
712922,倉和元大62購03,0,,,,
712923,群聯元大68購03,76390,0.84,0.86,0.82,0.82
712924,臺慶科元大62購01,6900,0.69,0.69,0.69,0.69
712925,川寶國票65購02,730460,0.85,1.11,0.85,1.11
712926,世紀*國票69購01,5320,1.33,1.33,1.33,1.33
712927,宜特國票67購01,950,0.95,0.95,0.95,0.95
712928,倉和國票69購01,180670,1.76,1.81,1.71,1.81
712929,倉和國票6A購01,0,,,,
712930,倉和國票6C購01,87460,2.31,2.38,2.26,2.28
712931,晟德國票65購01,0,,,,
712932,崇越電國票67購01,0,,,,
712933,華景電國票68購01,0,,,,
712934,群聯中信62購03,39780,1.02,1.02,1.02,1.02
712935,雙鴻中信62購01,0,,,,
712936,桓達永豐63購01,0,,,,
712937,崇越電永豐64購01,3500,0.35,0.35,0.35,0.35
712938,雙鴻永豐63購05,84010,2.57,2.57,2.53,2.53
712939,穩懋永豐63購02,100870,1.89,1.92,1.89,1.92
712940,天良台新62購01,0,,,,
712941,崇越電台新62購02,0,,,,
712942,崴寶台新62購01,0,,,,
712943,新門台新62購01,0,,,,
712944,瑞耘台新62購01,56860,1.15,1.45,1.15,1.45
712945,中美晶凱基64購05,414760,1.58,1.65,1.58,1.65
712946,方土昶凱基63購03,0,,,,
712947,台半凱基64購01,0,,,,
712948,弘塑凱基68購01,11760,1.68,1.68,1.68,1.68
712949,均華凱基68購02,346640,1.38,1.41,1.25,1.25
712950,宜鼎凱基63購06,0,,,,
712951,威剛凱基68購01,7900,1.58,1.58,1.58,1.58
712952,崇越電凱基63購01,0,,,,
712953,博盛凱基66購01,0,,,,
712954,鈊象凱基63購02,0,,,,
712955,新應材凱基63購07,320950,1.85,1.86,1.73,1.73
712956,群聯凱基66購05,599120,1.68,1.74,1.67,1.67
712957,寶雅*凱基63購03,37440,0.78,0.78,0.78,0.78
712958,均華群益62購01,145100,0.9,0.91,0.77,0.79
712959,群聯群益62購06,195960,1.23,1.28,1.19,1.22
712960,雙鴻群益62購06,5880,2.94,2.94,2.94,2.94
712961,元太國泰63購01,279100,1.45,1.45,1.09,1.14
712962,倉和國泰63購02,0,,,,
712963,台特化富邦62購01,190880,0.68,0.71,0.66,0.66
712964,新應材富邦64購03,0,,,,
712965,安葆台新62購01,0,,,,
712966,彩富台新62購01,0,,,,
712967,台半凱基63購02,0,,,,
712968,安葆凱基63購01,27320,2.59,2.84,2.59,2.83
712969,矽科凱基63購01,22800,0.78,0.78,0.75,0.75
712970,耕興凱基65購01,10200,0.68,0.68,0.68,0.68
712971,崇越電凱基68購01,0,,,,
712972,群聯凱基63購11,0,,,,
712973,群聯凱基63購12,14200,2.84,2.84,2.84,2.84
712974,群聯凱基64購08,501880,2.1,2.18,2.02,2.02
712975,臺慶科凱基63購04,0,,,,
712976,營邦凱基63購03,117300,4.94,4.94,4.85,4.85
712977,雙鴻凱基63購11,0,,,,
712978,穩懋凱基65購01,61870,4.02,4.4,4.02,4.4
712979,寶雅*凱基63購04,0,,,,
712980,鑫聯凱基63購01,0,,,,
712981,千如國票67購01,0,,,,
712982,世紀*國票65購01,192590,1.0,1.03,0.98,1.03
712983,世紀*國票6B購01,70440,1.17,1.22,1.17,1.2
712984,安葆國票65購01,21450,1.43,1.43,1.43,1.43
712985,松瑞藥國票66購01,0,,,,
712986,宸曜國票63購01,45300,1.51,1.51,1.51,1.51
712987,博智國票64購01,29600,1.48,1.48,1.48,1.48
712988,新應材國票63購02,71430,1.53,1.53,1.45,1.45
712989,群翊國票65購01,0,,,,
712990,世紀*元大62購03,0,,,,
712991,世紀*元大62購04,0,,,,
712992,世紀*元大68購01,0,,,,
712993,威剛元大65購12,0,,,,
712994,崇越電元大62購02,54000,0.36,0.36,0.36,0.36
712995,順達元大68購01,290410,1.32,1.38,1.31,1.36
712996,群聯元大68購04,1244410,1.69,1.79,1.69,1.69
712997,中美晶群益62購07,105890,2.3,2.49,2.3,2.49
712998,弘塑群益62購03,141340,2.61,2.69,2.54,2.69
712999,弘塑群益68購01,1386030,2.04,2.04,1.82,1.99
713000,良維群益64購01,1008400,2.68,2.88,2.68,2.82
713001,宜特群益62購03,25770,0.96,0.96,0.93,0.93
713002,宜鼎群益62購02,41220,1.37,1.39,1.37,1.39
713003,威剛群益62購07,0,,,,
713004,茂綸群益63購01,78090,0.99,0.99,0.92,0.92
713005,倚強群益64購01,24600,12.3,12.3,12.3,12.3
713006,原相群益62購03,97280,1.85,1.85,1.74,1.75
713007,能率群益62購01,1950,0.98,0.98,0.97,0.97
713008,高技群益62購01,0,,,,
713009,崇越電群益64購01,0,,,,
713010,博智群益62購03,182370,2.84,3.06,2.84,3.06
713011,閎康群益62購01,12810,1.17,1.17,1.16,1.16
713012,順達群益62購02,87380,1.17,1.26,1.17,1.26
713013,鈊象群益62購03,80270,2.15,2.29,2.15,2.29
713014,新應材群益62購04,125160,2.26,2.26,2.07,2.07
713015,群聯群益62購07,642650,1.55,1.59,1.53,1.53
713016,榮剛群益68購01,390810,2.86,2.89,2.85,2.89
713017,漢達群益62購01,72600,6.1,6.65,6.1,6.65
713018,臺慶科群益65購01,0,,,,
713019,雙鴻群益62購07,0,,,,
713020,穩懋群益63購03,325170,1.35,1.6,1.3,1.6
713021,穩懋群益64購04,66360,1.92,2.02,1.92,2.02
713022,台星科統一68購01,0,,,,
713023,良維中信62購01,606260,1.05,1.14,1.04,1.1
713024,宏觀永豐63購01,121720,1.51,1.51,1.4,1.4
713025,宜鼎永豐62購01,0,,,,
713026,宜鼎永豐63購06,0,,,,
713027,朋程永豐63購01,74630,1.22,1.29,1.21,1.29
713028,晶焱永豐63購01,0,,,,
713029,新應材永豐64購03,31980,0.82,0.82,0.82,0.82
713030,立敦台新65購01,37400,1.7,1.7,1.7,1.7
713031,宜鼎台新62購05,152800,1.96,1.96,1.86,1.86
713032,元太群益62購02,108240,0.64,0.68,0.64,0.68
713033,群聯群益62購08,59240,1.53,1.56,1.51,1.51
713034,廣運群益62購01,0,,,,
713035,雙鴻群益62購08,0,,,,
713036,台星科元大62購02,200200,1.42,1.54,1.42,1.54
713037,台星科元大62購03,509870,0.69,0.76,0.69,0.71
713038,安葆元大62購01,24750,2.26,2.29,2.19,2.29
713039,安葆元大62購02,0,,,,
713040,竑騰元大62購01,22860,0.96,1.06,0.96,1.06
713041,雙鴻元大62購02,0,,,,
713042,雙鴻元大62購03,0,,,,
713043,雙鴻元大62購04,0,,,,
713044,中美晶凱基63購07,93210,2.88,3.41,2.88,3.41
713045,弘塑凱基63購06,18090,2.01,2.01,2.01,2.01
713046,宜特凱基63購02,172450,1.13,1.15,1.11,1.15
713047,宜鼎凱基63購07,97230,1.19,1.2,1.13,1.13
713048,威剛凱基65購02,0,,,,
713049,原相凱基63購01,0,,,,
713050,能率凱基63購01,0,,,,
713051,順達凱基63購08,233800,1.66,1.8,1.66,1.74
713052,鈊象凱基63購03,0,,,,
713053,新應材凱基63購08,124410,2.02,2.02,1.84,1.84
713054,群聯凱基63購13,0,,,,
713055,群聯凱基63購14,65790,1.9,2.01,1.9,1.9
713056,榮剛凱基68購01,292990,2.83,2.86,2.83,2.86
713057,大江國票68購01,257500,0.58,0.58,0.57,0.57
713058,元太國票65購01,0,,,,
713059,安葆國票63購01,0,,,,
713060,信立國票63購01,3020,1.51,1.51,1.51,1.51
713061,群聯國票63購01,27300,1.05,1.05,1.05,1.05
713062,聖暉*國票65購02,252060,1.01,1.06,1.01,1.03
713063,廣運國票65購01,0,,,,
713064,世界永豐63購01,79780,2.49,2.5,2.49,2.5
713065,世界永豐64購02,33410,2.57,2.57,2.57,2.57
713066,安葆永豐64購01,48180,2.19,2.19,2.19,2.19
713067,威剛永豐63購01,1170,1.17,1.17,1.17,1.17
713068,威剛永豐63購02,0,,,,
713069,穩懋永豐63購03,3960,3.96,3.96,3.96,3.96
713070,元太富邦64購02,4600,0.46,0.46,0.46,0.46
713071,宜特富邦64購01,129940,0.83,0.84,0.82,0.84
713072,威剛富邦68購01,0,,,,
713073,高技富邦64購01,4600,0.92,0.92,0.92,0.92
713074,博智富邦63購03,70060,0.64,0.66,0.64,0.66
713075,智通*富邦64購03,47360,0.64,0.64,0.64,0.64
713076,雙鴻富邦64購02,0,,,,
713077,寶雅*富邦64購02,5280,0.52,0.53,0.52,0.53
713078,建榮統一6B購01,0,,,,
713079,巨有台新62購01,0,,,,
713080,巨有台新62購02,969100,9.0,9.95,9.0,9.95
713081,竑騰台新62購04,9380,1.13,1.23,1.13,1.23
713082,高技台新62購01,7400,1.85,1.85,1.85,1.85
713083,群翊台新62購01,2090,2.09,2.09,2.09,2.09
713084,群翊台新62購02,162400,1.49,1.49,1.4,1.43
713085,榮剛台新65購01,206210,1.16,1.21,1.16,1.21
713086,穩懋台新62購02,21500,7.0,7.5,7.0,7.5
713087,穩懋台新62購03,223550,5.15,5.6,5.1,5.5
713088,大江凱基65購01,3250,0.65,0.65,0.65,0.65
713089,元太凱基63購03,28500,0.95,0.95,0.95,0.95
713090,台星科凱基63購01,181050,1.45,1.67,1.45,1.66
713091,正德凱基63購01,39200,0.98,0.98,0.98,0.98
713092,威剛凱基63購08,0,,,,
713093,威剛凱基63購09,0,,,,
713094,威剛凱基63購10,0,,,,
713095,威剛凱基63購11,0,,,,
713096,竑騰凱基63購01,2506430,0.84,0.89,0.72,0.89
713097,群聯凱基63購15,0,,,,
713098,群聯凱基63購16,592060,2.49,2.63,2.46,2.46
713099,聖暉*凱基63購01,0,,,,
713100,廣運凱基65購01,0,,,,
713101,雙鴻凱基68購01,0,,,,
713102,高技國泰63購01,16380,1.82,1.82,1.82,1.82
713103,群翊國泰63購01,123960,2.04,2.16,2.04,2.04
713104,大綜國票63購01,2078540,2.09,2.09,2.03,2.05
713105,大綜國票64購01,3080,1.54,1.54,1.54,1.54
713106,宏捷科國票66購01,0,,,,
713107,竑騰國票64購01,41430,1.15,1.22,1.04,1.22
713108,群翊國票66購01,59500,0.82,0.83,0.82,0.83
713109,聖暉*富邦62購02,130430,0.71,0.73,0.71,0.73
713110,台半中信62購01,0,,,,
713111,宜鼎中信62購02,34860,0.42,0.42,0.42,0.42
713112,威剛中信62購01,0,,,,
713113,大綜永豐63購01,96090,1.23,1.23,1.2,1.21
713114,宏碩永豐65購01,5800,0.58,0.58,0.58,0.58
713115,威剛永豐63購03,4000,0.8,0.8,0.8,0.8
713116,竑騰永豐63購02,44900,0.53,0.6,0.53,0.6
713117,頎邦永豐64購02,0,,,,
713118,榮剛永豐63購02,44520,0.84,0.84,0.84,0.84
713119,廣運永豐64購01,0,,,,
713120,中美晶群益62購08,53000,1.67,2.03,1.67,2.03
713121,元太群益62購03,0,,,,
713122,台半群益62購04,56200,2.81,2.81,2.81,2.81
713123,系統電群益64購01,480980,2.09,2.27,2.08,2.17
713124,宜鼎群益64購01,0,,,,
713125,欣銓群益62購01,231530,3.55,3.7,3.42,3.68
713126,青雲群益64購01,8850,1.75,1.79,1.75,1.79
713127,威剛群益62購08,0,,,,
713128,博士旺群益62購01,0,,,,
713129,順達群益62購03,1781030,3.24,3.55,3.14,3.48
713130,鈊象群益62購04,105700,2.13,2.13,2.09,2.09
713131,新應材群益62購05,13440,0.42,0.42,0.42,0.42
713132,群翊群益62購01,35090,1.76,1.83,1.73,1.83
713133,群聯群益62購09,13750,1.36,1.39,1.36,1.39
713134,鉅橡群益62購01,0,,,,
713135,頎邦群益63購01,84500,4.26,4.26,4.19,4.19
713136,臺慶科群益62購01,84810,2.57,2.57,2.57,2.57
713137,廣閎科群益62購01,128000,4.43,4.43,4.13,4.18
713138,大綜元大62購01,25160,1.48,1.48,1.48,1.48
713139,中美晶元大62購02,1113860,1.25,1.48,1.22,1.48
713140,弘塑元大62購02,510640,1.2,1.2,1.06,1.17
713141,均華元大62購01,352390,0.79,0.79,0.74,0.74
713142,沛亨元大62購01,121250,1.45,1.5,1.45,1.5
713143,宜鼎元大62購03,0,,,,
713144,威剛元大65購13,91350,1.45,1.45,1.45,1.45
713145,高技元大62購01,0,,,,
713146,群聯元大62購05,0,,,,
713147,群聯元大62購06,0,,,,
713148,中美晶凱基62購01,55840,2.53,2.83,2.53,2.83
713149,台半凱基66購01,17100,1.9,1.9,1.9,1.9
713150,弘塑凱基65購01,455910,3.3,3.3,2.97,3.24
713151,均華凱基62購01,41760,1.64,1.69,1.45,1.45
713152,系統電凱基64購03,150260,2.42,2.53,2.42,2.49
713153,宜鼎凱基64購03,0,,,,
713154,威剛凱基62購01,0,,,,
713155,高技凱基65購01,0,,,,
713156,鈊象凱基62購01,242670,3.22,3.33,3.22,3.33
713157,新應材凱基62購01,139440,1.09,1.09,1.0,1.02
713158,群聯凱基62購02,0,,,,
713159,頎邦凱基68購01,94970,4.64,4.77,4.64,4.77
713160,廣閎科凱基62購01,459220,4.01,4.01,3.72,3.72
713161,磐亞凱基62購01,0,,,,
713162,磐亞凱基62購02,0,,,,
713163,磐亞凱基62購03,0,,,,
713164,磐亞凱基62購04,0,,,,
713165,磐亞凱基62購05,0,,,,
713166,環球晶凱基62購01,198540,0.93,1.0,0.92,1.0
713167,環球晶凱基62購02,182590,1.09,1.16,1.07,1.16
713168,環球晶凱基62購03,828000,0.77,0.95,0.77,0.95
713169,環球晶凱基62購04,407900,1.08,1.6,1.08,1.6
713170,環球晶凱基62購05,144230,1.13,1.19,1.13,1.19
713171,環球晶凱基64購01,78890,0.83,1.0,0.83,1.0
713172,環球晶凱基64購02,263410,0.69,0.86,0.69,0.86
713173,環球晶凱基64購03,114000,0.94,0.98,0.94,0.98
713174,環球晶凱基64購04,0,,,,
713175,雙鴻凱基68購02,0,,,,
713176,宏碩台新62購01,0,,,,
713177,順達台新62購02,39270,1.83,1.95,1.83,1.95
713178,環球晶台新62購03,138140,1.15,1.36,1.15,1.36
713179,環球晶台新62購04,273750,0.9,1.07,0.89,1.07
713180,環球晶台新62購05,306360,0.72,0.83,0.68,0.82
713181,環球晶台新62購06,117800,0.72,0.77,0.72,0.77
713182,環球晶台新68購01,168970,2.24,2.53,2.24,2.53
713183,環球晶台新68購02,121480,1.9,2.0,1.9,2.0
713184,元太群益62購04,0,,,,
713185,宜鼎群益62購03,60370,1.23,1.24,1.23,1.24
713186,環球晶群益62購02,209990,0.97,1.07,0.96,1.07
713187,環球晶群益62購03,695150,0.81,1.0,0.81,1.0
713188,環球晶群益62購04,9860,0.78,0.83,0.78,0.83
713189,環球晶群益63購01,133940,1.2,1.38,1.19,1.38
713190,環球晶統一66購01,548950,0.74,0.96,0.71,0.96
713191,環球晶統一6A購01,68430,0.69,0.75,0.69,0.75
713192,環球晶統一6A購02,134410,0.62,0.67,0.62,0.67
713193,環球晶統一6C購01,763110,0.49,0.56,0.48,0.56
713194,環球晶統一78購01,233080,0.57,0.61,0.56,0.61
713195,雙鴻統一6A購03,0,,,,
713196,威剛國泰63購02,0,,,,
713197,環球晶國泰63購01,1006620,1.2,1.3,1.16,1.3
713198,環球晶國泰64購01,624750,1.2,1.38,1.2,1.38
713199,環球晶國泰67購01,217480,1.27,1.42,1.27,1.42
713200,良維富邦64購01,95200,1.08,1.12,1.06,1.1
713201,群翊富邦65購01,343660,0.47,0.49,0.47,0.47
713202,環球晶富邦62購01,256940,0.58,0.66,0.58,0.66
713203,環球晶富邦62購02,199140,0.45,0.55,0.45,0.55
713204,環球晶富邦65購01,314300,0.55,0.64,0.55,0.64
713205,環球晶中信62購01,407370,0.37,0.45,0.35,0.45
713206,環球晶中信62購02,0,,,,
713207,磐亞永豐63購01,14580,0.54,0.54,0.54,0.54
713208,環球晶永豐63購01,387550,1.06,1.32,1.02,1.32
713209,環球晶永豐63購02,409950,0.87,1.12,0.87,1.12
713210,環球晶永豐63購03,199640,0.89,0.99,0.89,0.99
713211,環球晶永豐63購04,25150,0.83,0.88,0.83,0.88
713212,環球晶永豐63購05,234120,0.85,0.99,0.83,0.99
713213,環球晶永豐63購06,144190,1.08,1.15,1.08,1.15
713214,環球晶永豐65購01,146200,1.25,1.41,1.25,1.41
713215,環球晶永豐65購02,147690,1.19,1.26,1.19,1.26
713216,環球晶永豐65購03,245210,1.45,1.61,1.45,1.6
713217,環球晶永豐68購01,74520,2.48,2.64,2.48,2.64
713218,環球晶永豐68購02,56000,2.03,2.2,2.03,2.2
713219,環球晶永豐72購01,221870,3.31,3.47,3.3,3.47
713220,雙鴻永豐63購06,0,,,,
713221,雙鴻永豐64購06,34870,3.17,3.17,3.17,3.17
713222,中美晶國票63購02,15210,1.17,1.17,1.17,1.17
713223,均華國票65購01,161750,2.23,2.23,2.13,2.13
713224,沛亨國票68購02,273450,1.57,1.62,1.57,1.58
713225,威剛國票64購02,0,,,,
713226,威聯通國票66購01,0,,,,
713227,博盛國票64購01,16400,0.82,0.82,0.82,0.82
713228,磐亞國票66購01,0,,,,
713229,環球晶國票64購01,36800,0.95,1.06,0.95,1.06
713230,雙鴻國票63購02,0,,,,
713231,中美晶元大62購03,158550,0.59,0.63,0.58,0.63
713232,均華元大62購02,110480,1.03,1.03,0.94,0.94
713233,均華元大66購01,66600,1.11,1.11,1.11,1.11
713234,均華元大67購01,339370,0.94,0.94,0.87,0.88
713235,威剛元大65購14,0,,,,
713236,群聯元大62購07,45000,1.5,1.5,1.5,1.5
713237,群聯元大62購08,139800,1.13,1.17,1.12,1.17
713238,磐亞元大62購01,5200,0.51,0.53,0.51,0.53
713239,營邦元大65購01,0,,,,
713240,環球晶元大62購01,273110,0.87,0.99,0.84,0.99
713241,環球晶元大62購02,58940,0.81,0.98,0.81,0.95
713242,環球晶元大62購03,445100,0.49,0.62,0.47,0.62
713243,環球晶元大65購03,243600,1.01,1.06,0.97,1.06
713244,環球晶元大68購09,1243050,1.25,1.36,1.21,1.36
713245,元太凱基63購04,120080,1.54,1.59,1.54,1.58
713246,威剛凱基65購03,0,,,,
713247,群聯凱基63購17,63540,1.63,1.82,1.63,1.82
713248,營邦凱基63購04,0,,,,
713249,雙鴻凱基64購03,457100,4.82,4.82,4.25,4.25
713250,聖暉*台新63購01,494400,2.34,2.43,2.32,2.42
713251,璟德台新65購01,80700,1.12,1.18,1.12,1.18
713252,優群台新65購01,0,,,,
713253,雙鴻台新63購02,0,,,,
713254,雙鴻台新63購03,0,,,,
713255,中美晶群益63購04,252370,4.12,4.62,4.12,4.62
713256,弘塑群益63購04,341600,4.24,4.28,3.75,4.28
713257,宜鼎群益63購03,0,,,,
713258,威剛群益63購03,0,,,,
713259,順達群益63購03,1375100,3.33,3.68,3.26,3.52
713260,鈊象群益63購02,53220,2.89,2.97,2.89,2.97
713261,新應材群益64購01,0,,,,
713262,群聯群益63購04,14450,1.43,1.46,1.43,1.46
713263,雙鴻群益63購05,85400,3.28,3.28,2.89,2.89
713264,宜鼎中信68購01,68420,0.53,0.53,0.52,0.52
713265,群聯中信63購02,87230,0.65,0.66,0.65,0.66
713266,穩懋中信63購01,389210,1.33,1.43,1.33,1.43
713267,穩懋中信68購02,9680,1.21,1.21,1.21,1.21
713268,智通*永豐63購02,0,,,,
713269,雙鴻永豐65購03,820700,7.85,7.85,6.7,6.7
713270,雙鴻永豐65購04,414000,2.76,2.76,2.76,2.76
713271,譜瑞永豐63購01,0,,,,
713272,中美晶元大63購05,231630,1.46,1.52,1.46,1.52
713273,中美晶元大63購06,0,,,,
713274,中美晶元大63購07,7500,0.75,0.75,0.75,0.75
713275,宜鼎元大65購04,203940,1.21,1.25,1.2,1.2
713276,宜鼎元大66購01,516340,0.65,0.68,0.64,0.64
713277,威剛元大63購05,0,,,,
713278,威剛元大65購15,0,,,,
713279,高技元大63購03,33500,1.34,1.34,1.34,1.34
713280,高技元大63購04,0,,,,
713281,順達元大65購01,328680,1.89,2.04,1.89,2.03
713282,鈊象元大63購10,538500,1.8,1.8,1.79,1.79
713283,群聯元大63購17,145050,1.13,1.21,1.13,1.19
713284,群聯元大63購18,0,,,,
713285,營邦元大65購02,307090,2.58,2.58,2.45,2.45
713286,營邦元大66購01,256820,2.24,2.24,2.12,2.12
713287,弘塑國票63購02,0,,,,
713288,正德國票63購01,0,,,,
713289,正德國票64購01,0,,,,
713290,鈊象國票66購01,6250,1.25,1.25,1.25,1.25
713291,群翊國票68購01,4300,0.86,0.86,0.86,0.86
713292,群聯國票68購01,0,,,,
713293,聖暉*國票68購01,180100,1.49,1.53,1.49,1.53
713294,頎邦國票64購04,4805770,1.45,1.46,1.38,1.42
713295,營邦國票63購01,0,,,,
713296,營邦國票64購01,59800,3.04,3.04,2.94,2.94
713297,環球晶國票63購01,1213400,1.74,2.07,1.73,2.07
713298,晶呈富邦64購01,1245240,1.06,1.18,1.05,1.16
713299,廣閎科富邦63購01,288190,0.98,0.99,0.91,0.91
713300,穩懋富邦63購02,4400,2.1,2.3,2.1,2.3
713301,天良國泰63購01,41440,0.25,0.25,0.24,0.24
713302,晶呈國泰63購01,528630,2.22,2.34,2.22,2.32
713303,晶呈國泰63購02,0,,,,
713304,磐亞國泰63購01,2210,0.73,0.75,0.73,0.75
713305,穩懋國泰64購02,308180,3.18,3.35,3.18,3.32
713306,穩懋國泰65購01,3351140,1.88,2.01,1.84,2.01
713307,環球晶統一67購01,146900,0.65,0.66,0.65,0.66
713308,千附精凱基65購01,0,,,,
713309,中美晶凱基63購08,49230,2.47,2.7,2.47,2.7
713310,台半凱基65購01,43260,1.03,1.03,1.03,1.03
713311,弘塑凱基63購07,186700,1.62,1.62,1.27,1.48
713312,良維凱基63購02,317590,3.76,3.8,3.65,3.78
713313,高技凱基63購02,0,,,,
713314,順達凱基63購09,229060,4.2,4.68,4.2,4.56
713315,鈊象凱基63購04,38000,3.8,3.8,3.8,3.8
713316,新應材凱基65購01,245130,2.66,2.66,2.52,2.52
713317,群翊凱基63購01,1034610,2.01,2.15,1.89,1.91
713318,頎邦凱基63購05,165760,1.78,1.85,1.76,1.79
713319,頎邦凱基63購06,158650,1.44,1.5,1.44,1.44
713320,精材凱基63購03,55990,4.39,4.39,4.3,4.3
713321,精材凱基63購04,0,,,,
713322,精材凱基63購05,0,,,,
713323,精材凱基63購06,0,,,,
713324,環球晶凱基63購01,612860,1.7,2.15,1.7,2.15
713325,高技台新63購01,0,,,,
713326,華宏台新63購01,399680,1.07,1.26,1.07,1.26
713327,華景電台新63購01,63260,1.26,1.26,1.23,1.25
713328,華景電台新63購02,53580,1.14,1.14,1.14,1.14
713329,順達台新63購01,467690,1.7,1.73,1.7,1.7
713330,頎邦台新65購01,2298940,2.65,2.7,2.58,2.64
713331,精材台新63購01,0,,,,
713332,精材台新63購02,0,,,,
713333,雙鴻台新65購03,451800,15.6,15.6,15.0,15.0
713334,譜瑞台新65購01,7960,1.99,1.99,1.99,1.99
713335,千附精元大63購02,0,,,,
713336,元太元大63購09,437460,0.46,0.48,0.45,0.46
713337,元太元大65購05,201380,0.71,0.72,0.7,0.7
713338,威剛元大63購06,23500,0.47,0.47,0.47,0.47
713339,高技元大63購05,0,,,,
713340,鈊象元大63購11,178020,1.94,1.94,1.93,1.94
713341,群聯元大63購19,0,,,,
713342,精材元大65購01,0,,,,
713343,環球晶元大63購01,926570,1.39,1.83,1.39,1.66
713344,環球晶元大63購02,347360,1.31,1.67,1.26,1.67
713345,環球晶元大63購03,317770,0.95,1.02,0.91,1.02
713346,環球晶元大65購04,270140,0.97,0.98,0.97,0.98
713347,環球晶元大68購10,681370,0.74,0.79,0.74,0.79
713348,雙鴻元大63購11,0,,,,
713349,雙鴻元大63購12,0,,,,
713350,雙鴻元大63購13,0,,,,
713351,雙鴻元大65購01,0,,,,
713352,譜瑞元大63購05,26450,1.33,1.33,1.32,1.32
713353,弘塑中信65購01,65170,0.61,0.65,0.61,0.65
713354,博智中信65購01,56100,0.42,0.47,0.42,0.47
713355,精材中信68購01,60480,1.17,1.18,1.14,1.18
713356,千附精永豐63購02,0,,,,
713357,台半永豐63購03,27930,0.49,0.49,0.49,0.49
713358,弘塑永豐63購03,29480,1.34,1.34,1.34,1.34
713359,弘塑永豐68購01,29370,2.67,2.67,2.67,2.67
713360,利機永豐63購01,0,,,,
713361,均華永豐63購03,0,,,,
713362,原相永豐63購01,34560,1.08,1.08,1.08,1.08
713363,家登永豐63購04,299620,2.53,2.58,2.43,2.43
713364,高技永豐65購01,9700,0.97,0.97,0.97,0.97
713365,崇越電永豐65購01,23980,0.49,0.49,0.48,0.48
713366,博智永豐63購02,0,,,,
713367,華宏永豐63購01,1485120,1.25,1.34,1.25,1.34
713368,閎康永豐63購01,0,,,,
713369,新應材永豐66購01,370520,0.81,0.83,0.81,0.83
713370,頎邦永豐63購03,46810,1.51,1.51,1.51,1.51
713371,頎邦永豐63購04,18240,1.14,1.14,1.14,1.14
713372,精材永豐63購03,594160,2.34,2.34,2.29,2.29
713373,精材永豐63購04,268380,1.89,1.89,1.89,1.89
713374,精材永豐68購01,201000,3.35,3.35,3.35,3.35
713375,精材永豐68購02,207450,3.81,3.81,3.74,3.74
713376,穩懋永豐63購04,39560,3.8,4.0,3.8,4.0
713377,中美晶群益63購05,538800,3.4,3.73,3.34,3.73
713378,世界群益63購02,252430,1.38,1.38,1.32,1.36
713379,台半群益63購02,0,,,,
713380,弘塑群益63購05,0,,,,
713381,均華群益66購01,822340,3.78,3.84,3.58,3.58
713382,威剛群益63購04,0,,,,
713383,威剛群益63購05,0,,,,
713384,博盛群益63購01,0,,,,
713385,鈊象群益63購03,41100,2.68,2.77,2.68,2.77
713386,新應材群益63購01,4650,0.68,0.68,0.65,0.65
713387,群聯群益63購05,92600,2.31,2.35,2.31,2.35
713388,群聯群益63購06,62710,0.93,0.98,0.93,0.98
713389,精材群益63購04,0,,,,
713390,雙鴻群益63購06,516800,5.4,5.4,5.2,5.2
713391,雙鴻群益66購01,0,,,,
713392,穩懋群益65購01,855630,1.67,1.88,1.67,1.88
713393,元太國票63購01,0,,,,
713394,世界國票65購01,0,,,,
713395,台半國票68購01,0,,,,
713396,沛亨國票63購01,0,,,,
713397,良維國票69購01,0,,,,
713398,宜特國票65購01,0,,,,
713399,杰力國票65購02,89440,0.86,0.86,0.86,0.86
713400,長科*國票63購01,0,,,,
713401,茂達國票63購01,0,,,,
713402,晶呈國票63購01,26600,1.1,1.12,1.1,1.12
713403,順達國票65購03,0,,,,
713404,萬泰科國票63購01,197800,0.86,0.86,0.86,0.86
713405,鉅橡國票65購01,0,,,,
713406,精材國票65購03,0,,,,
713407,環球晶國票63購02,3036600,1.6,1.89,1.55,1.89
713408,譜瑞國票63購01,7200,0.9,0.9,0.9,0.9
713409,頎邦國泰63購05,633120,1.84,1.89,1.81,1.82
713410,雙鴻國泰63購03,0,,,,
713411,雙鴻國泰63購04,0,,,,
713412,均華統一67購01,271590,0.62,0.62,0.58,0.58
713413,東捷統一68購02,803940,1.37,1.51,1.36,1.42
713414,精材統一66購02,0,,,,
713415,精材統一67購03,0,,,,
713416,精材統一6C購03,0,,,,
713417,雙鴻統一65購03,78240,1.63,1.63,1.63,1.63
713418,穩懋統一65購03,168950,1.09,1.17,1.09,1.17
713419,弘塑富邦63購03,361450,0.87,0.89,0.82,0.87
713420,群聯富邦65購01,77350,1.01,1.05,1.01,1.03
713421,群聯富邦65購02,137890,0.94,0.97,0.94,0.97
713422,精材富邦65購01,0,,,,
713423,精材富邦68購01,2724030,1.58,1.58,1.55,1.56
713424,廣閎科富邦63購02,163790,1.06,1.07,1.03,1.03
713425,茂綸國票68購01,0,,,,
713426,鴻呈國票68購01,0,,,,
713427,元太凱基65購02,210720,1.3,1.33,1.29,1.29
713428,均華凱基65購01,85150,1.56,1.56,1.43,1.43
713429,杰力凱基65購01,27440,0.93,0.96,0.93,0.96
713430,威剛凱基63購12,17700,1.77,1.77,1.77,1.77
713431,晶呈凱基63購01,601830,2.72,3.12,2.72,3.12
713432,群聯凱基68購02,0,,,,
713433,雙鴻凱基63購12,0,,,,
713434,穩懋凱基63購09,516670,2.57,2.79,2.52,2.74
713435,譜瑞凱基63購02,0,,,,
713436,譜瑞凱基63購03,0,,,,
713437,譜瑞凱基63購04,1390,1.39,1.39,1.39,1.39
713438,譜瑞凱基65購01,0,,,,
713439,譜瑞凱基65購02,4240,2.12,2.12,2.12,2.12
713440,久元台新63購01,0,,,,
713441,均華台新63購02,149320,1.09,1.12,1.09,1.12
713442,宜鼎台新63購02,0,,,,
713443,威剛台新63購03,0,,,,
713444,威剛台新63購04,0,,,,
713445,茂綸台新63購01,19440,1.62,1.62,1.62,1.62
713446,倚強台新63購01,25560,2.84,2.84,2.84,2.84
713447,群聯台新63購02,25950,1.73,1.73,1.73,1.73
713448,群聯台新63購03,0,,,,
713449,群聯台新63購04,39960,1.08,1.08,1.08,1.08
713450,群聯台新68購02,46690,2.03,2.03,2.03,2.03
713451,頎邦台新63購01,317720,2.03,2.1,1.96,2.01
713452,鴻呈台新63購01,0,,,,
713453,穩懋台新63購02,43200,2.86,2.9,2.86,2.9
713454,穩懋台新65購03,42300,2.81,2.83,2.81,2.83
713455,高技中信65購01,0,,,,
713456,崇越電中信63購01,0,,,,
713457,群聯中信68購01,36800,0.46,0.46,0.46,0.46
713458,雙鴻中信68購01,192770,1.7,1.7,1.64,1.64
713459,穩懋中信68購03,0,,,,
713460,互動永豐63購01,0,,,,
713461,均華永豐63購04,61060,0.86,0.86,0.86,0.86
713462,沛亨永豐63購01,59300,2.95,2.98,2.95,2.98
713463,良維永豐63購02,114640,1.24,1.33,1.24,1.32
713464,宜鼎永豐63購07,0,,,,
713465,順達永豐63購05,80950,0.86,0.92,0.86,0.91
713466,新復興永豐63購01,0,,,,
713467,新應材永豐66購02,100110,1.01,1.01,0.95,0.95
713468,環球晶永豐63購07,160350,1.38,1.54,1.38,1.54
713469,環球晶永豐63購08,359470,1.24,1.47,1.2,1.47
713470,鴻呈永豐65購01,0,,,,
713471,台特化群益63購01,298750,1.15,1.15,1.12,1.12
713472,弘塑群益63購06,214690,2.29,2.29,2.14,2.24
713473,信立群益63購01,0,,,,
713474,倚強群益65購01,44440,3.5,3.5,3.36,3.38
713475,高技群益63購01,29750,1.19,1.19,1.19,1.19
713476,博智群益63購03,63720,1.18,1.18,1.18,1.18
713477,順達群益63購04,96420,0.73,0.74,0.72,0.72
713478,頎邦群益63購02,1101840,3.89,4.03,3.88,3.88
713479,精材群益63購05,1294800,2.84,2.85,2.76,2.76
713480,精材群益65購01,646880,2.09,2.11,2.09,2.1
713481,環球晶群益63購02,253490,1.42,1.7,1.42,1.7
713482,穩懋群益63購04,2451860,2.25,2.52,2.14,2.52
713483,譜瑞群益63購01,0,,,,
713484,長科*國泰63購01,0,,,,
713485,高技國泰63購02,36100,0.95,0.95,0.95,0.95
713486,世界富邦63購01,210830,0.7,0.7,0.67,0.7
713487,均華富邦63購02,203400,0.74,0.76,0.7,0.7
713488,沛亨富邦63購01,145820,0.95,0.98,0.93,0.98
713489,博智富邦63購04,0,,,,
713490,穩懋富邦63購03,114920,1.04,1.14,1.04,1.14
713491,台半統一68購02,0,,,,
713492,能率亞統一6B購01,0,,,,
713493,崇越電統一6B購01,0,,,,
713494,穩懋統一68購04,18450,0.92,0.93,0.92,0.93
713495,台半元大63購04,74480,0.62,0.64,0.62,0.63
713496,台半元大63購05,84780,0.54,0.54,0.54,0.54
713497,台半元大63購06,0,,,,
713498,台半元大68購02,161140,0.74,0.74,0.73,0.73
713499,弘塑元大66購01,75640,1.14,1.24,1.14,1.24
713500,弘塑元大68購02,0,,,,
713501,弘塑元大68購03,121260,1.51,1.52,1.41,1.52
713502,均華元大63購01,36500,0.73,0.73,0.73,0.73
713503,宜鼎元大63購07,0,,,,
713504,威剛元大63購07,0,,,,
713505,威剛元大63購08,0,,,,
713506,能率元大63購03,0,,,,
713507,晶呈元大63購01,1768480,2.03,2.12,1.92,2.11
713508,新應材元大65購01,259490,1.75,1.76,1.74,1.76
713509,新應材元大68購01,332380,1.09,1.09,1.05,1.05
713510,群聯元大63購20,22670,1.08,1.08,1.07,1.07
713511,精材元大65購02,0,,,,
713512,蜜望實元大63購03,71610,0.43,0.43,0.41,0.41
713513,環球晶元大63購04,107730,0.91,1.11,0.91,1.11
713514,環球晶元大63購05,47500,0.82,0.94,0.82,0.94
713515,環球晶元大65購05,50880,1.06,1.06,1.06,1.06
713516,環球晶元大68購11,1642600,0.78,0.86,0.76,0.86
713517,雙鴻元大63購14,0,,,,
713518,雙鴻元大63購15,0,,,,
713519,雙鴻元大63購16,0,,,,
713520,雙鴻元大63購17,0,,,,
713521,譜瑞元大63購06,20000,1.0,1.0,1.0,1.0
713522,譜瑞元大63購07,37600,0.85,0.87,0.85,0.85
713523,力致台新63購01,37960,1.46,1.46,1.46,1.46
713524,兆利台新64購01,0,,,,
713525,兆利台新65購01,0,,,,
713526,精材台新63購03,0,,,,
713527,廣閎科台新63購01,0,,,,
713528,環球晶台新63購02,4572000,3.03,3.51,2.86,3.51
713529,環球晶台新63購03,264930,2.19,2.6,2.12,2.6
713530,雙鴻台新64購01,88500,5.1,5.1,4.54,4.54
713531,雙鴻台新64購02,631250,4.29,4.36,3.6,3.6
713532,台半凱基63購03,0,,,,
713533,台特化凱基67購02,97180,1.91,2.05,1.9,1.9
713534,弘塑凱基69購01,25380,2.82,2.82,2.82,2.82
713535,宜鼎凱基63購08,0,,,,
713536,茂綸凱基64購01,949220,1.61,1.63,1.48,1.5
713537,高技凱基63購03,0,,,,
713538,博智凱基65購01,86500,1.73,1.73,1.73,1.73
713539,順達凱基64購03,112630,1.09,1.11,1.09,1.11
713540,新應材凱基66購01,129200,1.31,1.31,1.22,1.22
713541,頎邦凱基65購01,381990,2.7,2.81,2.7,2.78
713542,精材凱基63購07,0,,,,
713543,精材凱基66購01,0,,,,
713544,蜜望實凱基63購02,0,,,,
713545,環球晶凱基69購01,1080530,1.97,2.11,1.92,2.11
713546,雙鴻凱基63購13,116490,3.51,3.51,3.32,3.32
713547,台半群益66購01,0,,,,
713548,宏捷科群益63購01,165320,0.78,0.8,0.76,0.76
713549,沛亨群益63購01,274420,2.06,2.08,2.04,2.08
713550,朋程群益63購01,245080,1.23,1.3,1.23,1.26
713551,欣銓群益63購02,71360,1.37,1.42,1.3,1.42
713552,威剛群益63購06,0,,,,
713553,高技群益63購02,0,,,,
713554,華景電群益63購01,0,,,,
713555,萬泰科群益63購01,0,,,,
713556,群聯群益63購07,35100,1.0,1.02,1.0,1.02
713557,聖暉*群益63購01,40080,1.67,1.67,1.67,1.67
713558,精材群益63購06,0,,,,
713559,鴻呈群益66購01,0,,,,
713560,雙鴻群益63購07,181050,5.9,6.05,5.25,5.25
713561,青雲國票64購01,0,,,,
713562,青雲國票65購01,200000,2.0,2.0,2.0,2.0
713563,倚強國票64購01,364230,3.65,3.65,3.4,3.51
713564,家登國票64購01,6220,2.12,2.12,2.04,2.06
713565,達航國票64購01,0,,,,
713566,精材國票64購01,0,,,,
713567,雙鴻國票64購01,136700,1.77,1.77,1.67,1.68
713568,頎邦中信69購01,170720,0.81,0.81,0.79,0.79
713569,精材中信69購01,0,,,,
713570,雙鴻中信69購01,269740,1.1,1.1,1.06,1.07
713571,安葆永豐64購02,0,,,,
713572,宜鼎永豐65購03,0,,,,
713573,宜鼎永豐68購01,56560,1.01,1.01,1.01,1.01
713574,博盛永豐64購01,0,,,,
713575,華洋永豐65購01,0,,,,
713576,廣閎科永豐64購01,50320,1.48,1.48,1.48,1.48
713577,雙鴻永豐64購07,46200,2.2,2.2,2.2,2.2
713578,雙鴻永豐65購05,0,,,,
713579,雙鴻永豐68購01,184000,1.68,1.68,1.67,1.67
713580,千附精元大63購03,158720,0.32,0.32,0.32,0.32
713581,中美晶元大63購08,405210,0.49,0.5,0.48,0.5
713582,弘塑元大67購02,118200,1.5,1.5,1.35,1.35
713583,弘塑元大68購04,85890,1.24,1.24,1.19,1.21
713584,宜鼎元大63購08,426580,0.48,0.49,0.47,0.49
713585,宜鼎元大63購09,326380,0.49,0.52,0.49,0.49
713586,威剛元大63購09,93240,1.48,1.48,1.48,1.48
713587,威剛元大63購10,0,,,,
713588,高技元大63購06,0,,,,
713589,新應材元大66購01,637800,1.17,1.2,1.12,1.14
713590,精材元大63購06,2110,2.11,2.11,2.11,2.11
713591,精材元大63購07,1770,1.77,1.77,1.77,1.77
713592,精材元大63購08,0,,,,
713593,精材元大63購09,0,,,,
713594,蜜望實元大63購04,52330,0.3,0.3,0.29,0.29
713595,營邦元大68購01,0,,,,
713596,環球晶元大63購06,205610,0.74,0.81,0.74,0.81
713597,環球晶元大64購02,240860,0.84,0.85,0.84,0.85
713598,環球晶元大66購05,1118800,0.61,0.76,0.59,0.76
713599,鴻呈元大63購01,210000,0.6,0.6,0.6,0.6
713600,鴻呈元大63購02,0,,,,
713601,雙鴻元大63購18,42900,1.95,1.95,1.95,1.95
713602,雙鴻元大64購06,42000,2.1,2.1,2.1,2.1
713603,雙鴻元大65購02,44400,2.22,2.22,2.22,2.22
713604,鴻呈國泰64購01,0,,,,
713605,中美晶富邦63購03,456770,0.6,0.75,0.6,0.75
713606,元太富邦65購01,119840,0.56,0.56,0.56,0.56
713607,威剛富邦66購01,470,0.47,0.47,0.47,0.47
713608,高技富邦66購01,0,,,,
713609,晶呈富邦65購01,858250,0.93,1.06,0.92,1.05
713610,閎康富邦65購01,137700,0.63,0.63,0.6,0.6
713611,順達富邦64購02,33750,0.53,0.59,0.53,0.59
713612,頎邦富邦66購01,291090,0.72,0.74,0.71,0.73
713613,精材富邦65購02,809760,1.01,1.03,0.99,0.99
713614,精材富邦79購01,1518300,1.15,1.15,1.14,1.14
713615,營邦富邦66購01,745040,0.98,0.98,0.93,0.95
713616,雙鴻富邦65購02,0,,,,
713617,雙鴻富邦66購01,0,,,,
713618,雙鴻富邦66購02,24880,1.97,1.97,1.7,1.7
713619,雙鴻統一69購01,139010,1.4,1.4,1.27,1.27
713620,雙鴻統一6C購02,498070,0.8,0.8,0.75,0.75
713621,千附群益63購01,0,,,,
713622,均華群益65購01,1709220,0.83,0.86,0.76,0.76
713623,亞通群益63購01,0,,,,
713624,宜鼎群益65購01,0,,,,
713625,威剛群益63購07,1260,0.64,0.64,0.62,0.62
713626,順達群益63購05,275480,1.26,1.46,1.26,1.4
713627,新應材群益64購02,0,,,,
713628,群聯群益63購08,62500,0.96,0.98,0.96,0.98
713629,頎邦群益63購03,1904600,3.81,3.98,3.77,3.82
713630,精材群益63購07,402940,3.31,3.32,3.3,3.3
713631,精材群益63購08,82040,2.2,2.23,2.15,2.15
713632,擎亞群益63購01,0,,,,
713633,環球晶群益63購03,3826520,1.4,1.71,1.32,1.71
713634,雙鴻群益63購08,220980,3.63,3.64,3.37,3.37
713635,元太國票64購02,0,,,,
713636,世界國票64購01,29640,1.14,1.14,1.14,1.14
713637,弘塑國票64購01,0,,,,
713638,均華國票67購01,33660,1.02,1.02,1.02,1.02
713639,良維國票64購01,0,,,,
713640,宜鼎國票64購01,6500,0.65,0.65,0.65,0.65
713641,欣銓國票64購01,276400,0.96,0.99,0.96,0.97
713642,威剛國票64購03,34300,0.7,0.7,0.7,0.7
713643,高技國票64購01,0,,,,
713644,創泓國票64購01,51840,1.4,1.71,1.4,1.63
713645,智通*國票65購01,0,,,,
713646,萊德光國票64購01,393480,1.5,1.5,1.4,1.44
713647,雅特力國票64購01,0,,,,
713648,順達國票64購01,10230,0.93,0.93,0.93,0.93
713649,群聯國票64購02,0,,,,
713650,頎邦國票64購05,0,,,,
713651,精材國票64購02,0,,,,
713652,蜜望實國票64購01,5360,1.34,1.34,1.34,1.34
713653,擎亞國票64購01,0,,,,
713654,擎亞國票65購01,0,,,,
713655,擎亞國票66購01,0,,,,
713656,環球晶國票64購02,63130,2.3,2.44,2.3,2.44
713657,環球晶國票65購01,1461760,2.32,3.0,2.3,3.0
713658,環球晶國票66購01,220370,2.35,2.62,2.35,2.62
713659,鴻呈國票64購01,0,,,,
713660,雙鴻國票64購02,27500,1.25,1.25,1.25,1.25
713661,安葆台新63購01,16240,2.03,2.03,2.03,2.03
713662,能率台新66購01,0,,,,
713663,萊德光台新63購01,4568720,1.72,1.83,1.67,1.75
713664,雅特力台新63購01,491110,0.9,0.99,0.9,0.95
713665,精材台新63購04,0,,,,
713666,擎亞台新63購01,0,,,,
713667,擎亞台新66購01,32370,0.83,0.83,0.83,0.83
713668,雙鴻台新66購01,235330,2.21,2.21,1.88,1.88
713669,千附精元大66購01,0,,,,
713670,元太元大66購06,409700,1.19,1.21,1.19,1.21
713671,元太元大67購04,278980,1.06,1.07,1.05,1.05
713672,均華元大63購02,128180,0.66,0.68,0.6,0.6
713673,均華元大63購03,182970,0.7,0.72,0.69,0.69
713674,均華元大64購05,128940,0.73,0.75,0.72,0.72
713675,宜鼎元大63購10,524230,0.63,0.65,0.63,0.63
713676,宜鼎元大63購11,0,,,,
713677,青雲元大63購03,5360,0.67,0.67,0.67,0.67
713678,威剛元大63購11,0,,,,
713679,高技元大63購07,14800,0.77,0.77,0.71,0.71
713680,智通*元大67購01,14850,0.99,0.99,0.99,0.99
713681,雅特力元大63購01,0,,,,
713682,群聯元大63購21,638880,0.96,1.01,0.96,0.98
713683,精材元大63購10,0,,,,
713684,精材元大63購11,262150,1.54,1.55,1.53,1.55
713685,精材元大63購12,0,,,,
713686,精材元大64購02,0,,,,
713687,精材元大65購03,46280,0.64,1.06,0.64,0.84
713688,蜜望實元大63購05,4200,0.42,0.42,0.42,0.42
713689,擎亞元大63購01,13800,0.46,0.46,0.46,0.46
713690,環球晶元大63購07,706470,2.14,2.39,2.05,2.39
713691,環球晶元大63購08,335530,1.23,1.34,1.17,1.34
713692,環球晶元大67購04,293260,1.12,1.18,1.08,1.18
713693,雙鴻元大63購19,0,,,,
713694,雙鴻元大63購20,0,,,,
713695,千附精凱基63購01,0,,,,
713696,中美晶凱基68購02,312490,2.67,3.03,2.67,3.03
713697,欣銓凱基68購01,253220,2.47,2.56,2.47,2.55
713698,青雲凱基64購01,134590,1.61,1.63,1.57,1.61
713699,家登凱基64購01,261950,2.65,2.8,2.55,2.55
713700,雅特力凱基63購01,0,,,,
713701,雅特力凱基63購02,5700,1.14,1.14,1.14,1.14
713702,雅特力凱基63購03,35090,1.02,1.12,1.01,1.11
713703,萬泰科凱基63購01,23380,1.8,1.8,1.79,1.8
713704,群聯凱基64購09,0,,,,
713705,群聯凱基69購01,0,,,,
713706,聖暉*凱基63購02,754680,1.82,1.96,1.82,1.87
713707,達航凱基66購01,163160,0.8,0.9,0.8,0.9
713708,精材凱基63購08,84150,1.65,1.65,1.65,1.65
713709,擎亞凱基63購01,1800,0.36,0.36,0.36,0.36
713710,擎亞凱基63購02,44740,0.46,0.46,0.42,0.42
713711,擎亞凱基66購01,0,,,,
713712,營邦凱基68購01,50940,3.44,3.44,3.29,3.32
713713,鴻呈凱基63購01,0,,,,
713714,雙鴻凱基63購14,133280,3.01,3.01,2.56,2.56
713715,環球晶中信69購01,1137190,1.46,1.63,1.4,1.63
713716,千附永豐63購01,0,,,,
713717,宜鼎永豐67購02,0,,,,
713718,宜鼎永豐69購01,0,,,,
713719,青雲永豐64購01,0,,,,
713720,博士旺永豐63購01,0,,,,
713721,雅特力永豐64購01,4900,0.98,0.98,0.98,0.98
713722,雅特力永豐66購01,27700,1.37,1.4,1.37,1.4
713723,精材永豐64購03,199920,1.36,1.36,1.36,1.36
713724,精材永豐64購04,238080,1.86,1.86,1.86,1.86
713725,精材永豐64購05,254040,1.46,1.46,1.46,1.46
713726,精材永豐66購01,112200,2.2,2.2,2.2,2.2
713727,蜜望實永豐65購01,17290,0.91,0.91,0.91,0.91
713728,擎亞永豐64購02,0,,,,
713729,擎亞永豐65購01,72190,0.81,0.82,0.81,0.81
713730,擎亞永豐66購01,0,,,,
713731,環球晶永豐63購09,570760,2.19,2.36,2.18,2.36
713732,環球晶永豐69購01,171550,2.36,2.47,2.36,2.47
713733,雙鴻永豐66購03,76740,2.08,2.08,2.07,2.07
713734,精材國泰64購01,567100,2.03,2.05,2.02,2.05
713735,蜜望實國泰64購01,42020,1.02,1.03,1.02,1.03
713736,良維富邦64購02,368820,0.83,0.91,0.83,0.88
713737,宜鼎富邦63購03,0,,,,
713738,精材富邦63購01,1572320,0.98,0.98,0.92,0.92
713739,擎亞富邦64購01,46300,0.32,0.32,0.29,0.3
713740,環球晶富邦63購01,1374860,0.74,0.84,0.71,0.84
713741,千附統一67購03,0,,,,
713742,精材統一67購04,173580,0.66,0.66,0.66,0.66
713743,精材統一69購01,0,,,,
713744,擎亞統一69購01,0,,,,
713745,環球晶統一6A購03,126650,0.6,0.65,0.6,0.65
713746,雙鴻統一71購01,160750,1.08,1.08,1.01,1.01
713747,千附精台新63購01,6240,0.48,0.48,0.48,0.48
713748,台半台新63購01,87600,2.19,2.19,2.19,2.19
713749,台半台新63購02,859360,1.38,1.44,1.38,1.44
713750,弘塑台新63購02,0,,,,
713751,弘塑台新64購01,0,,,,
713752,弘塑台新65購01,0,,,,
713753,正淩台新66購01,1124460,3.24,3.6,3.24,3.49
713754,亞信台新63購01,27200,1.36,1.36,1.36,1.36
713755,東捷台新63購01,284490,2.76,2.79,2.71,2.71
713756,新應材台新63購01,91080,1.38,1.38,1.38,1.38
713757,新應材台新63購02,70170,1.12,1.12,1.09,1.09
713758,漢達台新63購01,194120,1.84,2.06,1.82,2.06
713759,漢達台新63購02,995000,2.1,2.42,2.08,2.42
713760,雙鴻台新63購04,93450,2.5,2.5,2.05,2.05
713761,元太凱基67購01,98640,1.43,1.47,1.43,1.47
713762,弘塑凱基68購02,0,,,,
713763,良維凱基69購01,955940,2.32,2.34,2.32,2.33
713764,宜鼎凱基63購09,174000,1.18,1.18,1.1,1.1
713765,威剛凱基63購13,287900,1.83,1.83,1.77,1.8
713766,家登凱基63購03,23460,1.38,1.38,1.38,1.38
713767,高技凱基63購04,0,,,,
713768,智通*凱基63購03,0,,,,
713769,順達凱基63購10,106480,1.48,1.55,1.48,1.55
713770,新應材凱基66購02,832470,1.9,1.9,1.72,1.78
713771,頎邦凱基63購07,290150,2.52,2.6,2.52,2.57
713772,雙鴻凱基63購15,67600,2.6,2.6,2.6,2.6
713773,雙鴻凱基63購16,9580,2.5,2.5,2.29,2.29
713774,雙鴻凱基63購18,298570,2.53,2.53,2.28,2.28
713775,雙鴻凱基63購19,173020,2.37,2.37,2.12,2.12
713776,雙鴻凱基64購04,27200,2.53,2.53,2.32,2.32
713777,雙鴻凱基65購01,130150,2.95,2.95,2.51,2.51
713778,雙鴻凱基65購02,307380,2.82,2.82,2.49,2.49
713779,雙鴻凱基65購03,74940,3.25,3.25,2.98,2.98
713780,雙鴻凱基65購04,201050,2.94,2.94,2.49,2.49
713781,中美晶群益68購01,30950,0.7,0.76,0.7,0.76
713782,宏捷科群益63購02,0,,,,
713783,亞信群益63購01,0,,,,
713784,倚強群益63購01,2955870,2.61,2.88,2.61,2.72
713785,家登群益63購05,82250,1.28,1.29,1.28,1.29
713786,晶宏群益64購01,0,,,,
713787,群聯群益63購09,111000,1.72,1.84,1.68,1.68
713788,廣閎科群益63購02,777060,1.72,1.72,1.55,1.55
713789,雙鴻群益63購10,0,,,,
713790,雙鴻群益69購01,49200,1.64,1.64,1.64,1.64
713791,中美晶元大63購09,67680,0.72,0.72,0.72,0.72
713792,宜鼎元大63購12,88080,0.56,0.59,0.56,0.59
713793,青雲元大63購04,130400,0.6,0.61,0.6,0.6
713794,威剛元大63購12,44010,1.63,1.63,1.63,1.63
713795,威剛元大67購01,0,,,,
713796,高技元大63購08,6480,0.72,0.72,0.72,0.72
713797,群聯元大63購23,0,,,,
713798,營邦元大63購04,91810,1.82,1.85,1.82,1.85
713799,雙鴻元大63購21,33600,1.6,1.6,1.6,1.6
713800,雙鴻元大63購26,9240,1.32,1.32,1.32,1.32
713801,雙鴻元大63購28,29240,1.16,1.16,0.96,0.96
713802,雙鴻元大63購29,0,,,,
713803,雙鴻元大64購07,139660,1.33,1.39,1.3,1.3
713804,雙鴻元大64購08,133000,1.33,1.33,1.33,1.33
713805,雙鴻元大64購09,45500,1.0,1.0,0.91,0.94
713806,雙鴻元大65購03,71570,1.17,1.2,1.04,1.04
713807,雙鴻元大65購04,416590,1.13,1.13,0.91,0.91
713808,久元國票65購01,0,,,,
713809,大綜國票66購01,20200,2.02,2.02,2.02,2.02
713810,天良國票64購01,61500,0.3,0.3,0.29,0.29
713811,晶宏國票68購01,0,,,,
713812,瑞耘國票68購01,4600,0.92,0.92,0.92,0.92
713813,萬泰科國票65購01,10120,0.92,0.92,0.92,0.92
713814,聖暉*國票65購03,30080,0.94,0.94,0.94,0.94
713815,廣閎科國票65購01,47540,1.33,1.34,1.3,1.3
713816,磐亞國票65購01,45500,0.65,0.65,0.65,0.65
713817,雙鴻國票69購02,0,,,,
713818,晶宏統一71購01,21100,0.49,0.5,0.49,0.5
713819,新應材統一69購01,0,,,,
713820,新應材統一6C購01,0,,,,
713821,擎亞統一69購02,4950,0.5,0.5,0.49,0.49
713822,雙鴻統一6B購02,124340,0.68,0.68,0.67,0.67
713823,雙鴻統一71購02,840140,1.05,1.05,0.99,0.99
713824,千附精永豐64購02,5040,0.72,0.72,0.72,0.72
713825,廣閎科永豐63購03,448500,1.5,1.5,1.5,1.5
713826,廣閎科永豐64購02,35000,1.75,1.75,1.75,1.75
713827,能率富邦65購01,0,,,,
713828,雙鴻富邦65購03,93620,1.29,1.29,1.1,1.1
713829,雙鴻富邦66購03,63880,1.11,1.17,0.99,0.99
713830,雙鴻富邦66購04,8110,0.98,0.98,0.86,0.87
713831,朋億*國泰64購01,6000,1.2,1.2,1.2,1.2
713832,穩得國泰64購01,0,,,,
713833,良維中信69購01,7920,0.66,0.66,0.66,0.66
713834,力致台新63購02,0,,,,
713835,力致台新63購03,19570,1.03,1.03,1.03,1.03
713836,千附台新63購01,0,,,,
713837,天正台新63購01,17200,0.86,0.86,0.86,0.86
713838,宜鼎台新65購02,0,,,,
713839,華洋台新63購01,0,,,,
713840,閎康台新63購01,0,,,,
713841,閎康台新63購02,0,,,,
713842,閎康台新63購03,0,,,,
713843,騰雲台新63購01,839000,0.95,0.97,0.89,0.97
713844,驊訊台新64購01,120400,0.82,0.87,0.82,0.82
713845,驊訊台新64購02,0,,,,
713846,九暘國票65購02,93770,0.9,0.9,0.88,0.88
713847,力致國票66購01,0,,,,
713848,利機國票64購01,0,,,,
713849,均豪國票64購01,64380,1.06,1.06,0.94,0.94
713850,均豪國票65購01,0,,,,
713851,亞通國票64購01,78520,1.71,1.71,1.63,1.69
713852,亞通國票65購01,83400,1.71,1.71,1.6,1.6
713853,崴寶國票67購01,0,,,,
713854,晶宏國票6B購01,0,,,,
713855,智通*國票64購01,0,,,,
713856,華宏國票67購01,7470,0.83,0.83,0.83,0.83
713857,閎康國票65購01,0,,,,
713858,新應材國票65購01,0,,,,
713859,榮剛國票67購01,0,,,,
713860,營邦國票64購02,0,,,,
713861,營邦國票64購03,0,,,,
713862,營邦國票66購01,0,,,,
713863,大綜凱基63購01,938440,1.47,1.47,1.43,1.45
713864,宏捷科凱基63購02,20130,0.61,0.61,0.61,0.61
713865,宏捷科凱基64購01,232330,0.85,0.89,0.85,0.87
713866,沛亨凱基63購02,83070,1.64,1.64,1.61,1.61
713867,亞信凱基63購01,56960,0.8,0.8,0.78,0.78
713868,青雲凱基63購02,138200,1.82,1.9,1.82,1.88
713869,晶宏凱基64購01,0,,,,
713870,鈊象凱基67購01,0,,,,
713871,群聯凱基63購18,32430,1.41,1.41,1.41,1.41
713872,群聯凱基63購19,0,,,,
713873,聖暉*凱基65購01,202310,1.54,1.54,1.49,1.49
713874,漢達凱基65購01,0,,,,
713875,廣閎科凱基63購03,366280,1.89,1.9,1.8,1.82
713876,營邦凱基63購05,70900,1.5,1.52,1.5,1.52
713877,威剛群益63購08,0,,,,
713878,晶宏群益64購02,0,,,,
713879,新應材群益63購02,81740,0.67,0.67,0.67,0.67
713880,元太永豐64購01,214110,1.53,1.56,1.53,1.56
713881,天正永豐66購01,0,,,,
713882,巨漢永豐64購01,167810,1.64,1.68,1.64,1.68
713883,博盛永豐63購03,6950,1.39,1.39,1.39,1.39
713884,晶宏永豐63購01,0,,,,
713885,千附精富邦63購01,0,,,,
713886,弘塑國泰64購01,321860,1.78,1.78,1.59,1.73
713887,威剛統一69購02,0,,,,
713888,晶宏統一69購01,8500,0.57,0.57,0.56,0.56
713889,擎亞統一71購01,4050,0.45,0.45,0.45,0.45
713890,千附精元大69購01,0,,,,
713891,宏捷科元大63購01,570530,0.59,0.59,0.59,0.59
713892,宏捷科元大67購02,425080,0.85,0.86,0.85,0.85
713893,良維元大63購03,585400,1.54,1.7,1.54,1.66
713894,良維元大67購01,225480,0.87,0.91,0.87,0.9
713895,宜鼎元大63購13,378000,0.54,0.54,0.54,0.54
713896,威剛元大67購02,0,,,,
713897,建榮元大63購01,15360,0.96,0.96,0.96,0.96
713898,晶宏元大63購01,6900,0.46,0.46,0.46,0.46
713899,雅特力元大63購02,5200,1.04,1.04,1.04,1.04
713900,順達元大63購08,1566690,0.96,1.06,0.95,1.03
713901,群翊元大63購01,66080,1.77,1.81,1.69,1.7
713902,群聯元大63購24,373900,1.14,1.14,1.13,1.13
713903,擎亞元大63購02,0,,,,
713904,擎亞元大63購03,145840,0.53,0.53,0.51,0.52
713905,天正台新63購02,213250,0.75,0.78,0.75,0.78
713906,印能台新63購01,0,,,,
713907,印能台新63購02,0,,,,
713908,沛亨台新63購01,694780,1.65,1.77,1.65,1.68
713909,晶宏台新63購01,510,0.51,0.51,0.51,0.51
713910,晶宏台新63購02,0,,,,
713911,鈊象台新63購01,42020,2.16,2.27,2.16,2.24
713912,群聯台新63購05,232850,1.74,1.84,1.69,1.69
713913,群聯台新63購06,0,,,,
713914,力致凱基63購01,0,,,,
713915,印能凱基63購01,1719330,1.57,1.63,1.38,1.41
713916,印能凱基63購02,93000,1.49,1.6,1.43,1.43
713917,印能凱基64購02,15000,1.5,1.5,1.5,1.5
713918,印能凱基65購01,79810,1.7,1.7,1.65,1.66
713919,印能凱基65購02,73250,1.75,1.75,1.67,1.67
713920,均豪凱基65購02,69360,1.06,1.06,1.05,1.05
713921,良維凱基63購03,529750,2.53,2.68,2.52,2.68
713922,亞通凱基63購01,23300,2.33,2.33,2.33,2.33
713923,宜鼎凱基63購10,55120,1.17,1.22,1.17,1.22
713924,威剛凱基67購01,64810,2.02,2.03,2.01,2.01
713925,建榮凱基63購02,18600,0.93,0.93,0.93,0.93
713926,晶宏凱基64購02,0,,,,
713927,智通*凱基64購01,0,,,,
713928,閎康凱基63購02,0,,,,
713929,新應材凱基68購01,131700,1.62,1.62,1.51,1.53
713930,印能國票64購01,60260,1.31,1.31,1.31,1.31
713931,印能國票65購01,0,,,,
713932,沛亨國票66購02,255000,1.02,1.02,1.02,1.02
713933,泓格國票64購01,16910,0.89,0.89,0.89,0.89
713934,晶宏國票66購01,223370,0.58,0.6,0.58,0.59
713935,群聯國票66購03,156220,1.32,1.36,1.29,1.3
713936,印能群益63購01,0,,,,
713937,印能群益65購01,168140,1.07,1.07,1.03,1.03
713938,沛亨群益64購01,171540,1.76,1.79,1.7,1.7
713939,鈊象群益63購04,0,,,,
713940,群聯群益63購10,775330,1.71,1.8,1.71,1.73
713941,營邦群益63購02,8340,1.39,1.39,1.39,1.39
713942,營邦群益65購01,116450,1.52,1.55,1.52,1.55
713943,印能中信67購01,0,,,,
713944,印能統一67購01,64120,0.7,0.73,0.7,0.73
713945,沛亨統一6A購01,0,,,,
713946,晶宏統一67購01,0,,,,
713947,印能國泰64購01,0,,,,
713948,印能國泰65購01,59220,0.94,0.94,0.94,0.94
713949,宜特國泰64購01,0,,,,
713950,晶宏國泰64購01,130230,0.88,0.88,0.87,0.87
713951,營邦國泰64購01,0,,,,
713952,均豪富邦63購01,88110,0.58,0.58,0.56,0.56
713953,營邦富邦66購02,78340,0.71,0.71,0.65,0.68
713954,九暘永豐64購01,708720,1.49,1.49,1.4,1.41
713955,川寶永豐63購01,165810,1.43,1.91,1.43,1.91
713956,印能永豐63購01,0,,,,
713957,印能永豐64購02,0,,,,
713958,印能永豐65購01,0,,,,
713959,晶宏永豐64購01,0,,,,
713960,群翊永豐63購01,337460,1.44,1.57,1.44,1.52
713961,頎邦永豐64購03,0,,,,
713962,頎邦永豐66購01,47840,1.84,1.84,1.84,1.84
713963,中美晶元大63購10,392220,1.31,1.45,1.28,1.45
713964,印能元大67購01,4980,0.83,0.83,0.83,0.83
713965,印能元大68購01,10290,0.8,0.8,0.78,0.79
713966,沛亨元大63購01,132620,1.13,1.18,1.13,1.18
713967,沛亨元大63購02,775500,1.2,1.24,1.18,1.23
713968,沛亨元大69購01,242850,0.88,0.91,0.86,0.89
713969,良維元大63購04,636820,1.26,1.39,1.26,1.39
713970,良維元大67購02,411760,1.17,1.27,1.17,1.27
713971,宜鼎元大63購14,360130,0.79,0.83,0.79,0.79
713972,威剛元大63購13,137560,1.1,1.12,1.1,1.12
713973,晶宏元大63購02,0,,,,
713974,湧德元大63購01,430110,0.58,0.6,0.58,0.58
713975,順達元大63購09,909530,1.18,1.31,1.18,1.25
713976,順達元大63購10,421050,0.58,0.63,0.58,0.61
713977,新應材元大63購05,674560,0.68,0.68,0.63,0.67
713978,新應材元大63購06,313900,1.03,1.05,0.98,0.98
713979,群聯元大63購25,86940,1.07,1.11,1.07,1.11
713980,聖暉*元大63購01,291420,0.68,0.71,0.68,0.69
713981,漢達元大63購01,128270,3.51,3.95,3.42,3.95
713982,廣閎科元大63購01,115990,1.77,1.78,1.72,1.72
713983,廣閎科元大69購01,157380,0.78,0.78,0.72,0.72
713984,擎亞元大63購04,0,,,,
713985,擎亞元大63購05,0,,,,
713986,擎亞元大68購01,156550,0.67,0.67,0.65,0.65
713987,譜瑞元大63購08,11980,1.72,1.72,1.7,1.7
713988,東捷台新63購02,187920,2.62,2.72,2.6,2.72
713989,東捷台新63購03,844120,2.77,3.16,2.67,2.67
713990,新應材台新64購03,18720,1.56,1.56,1.56,1.56
713991,群聯台新63購07,102320,2.11,2.11,2.03,2.06
713992,群聯台新63購08,34270,1.62,1.67,1.62,1.67
713993,德微台新63購01,1605760,3.1,3.12,3.08,3.12
713994,德微台新64購01,742180,2.94,2.94,2.91,2.91
713995,德微台新65購01,1271600,2.26,2.3,2.25,2.3
713996,立敦群益63購01,0,,,,
713997,良維群益63購02,189560,1.21,1.27,1.21,1.27
713998,良維群益65購01,1073300,1.36,1.51,1.36,1.45
713999,東捷群益65購01,313380,2.22,2.33,2.22,2.33
714000,新應材群益63購03,283020,1.37,1.37,1.21,1.29
714001,群聯群益63購11,196100,1.46,1.6,1.44,1.44
714002,漢達群益64購01,514000,2.57,2.57,2.57,2.57
714003,漢達群益65購01,2281320,2.57,2.93,2.49,2.81
714004,沛亨凱基63購03,186780,2.27,2.39,2.27,2.39
714005,良維凱基63購04,147480,1.02,1.08,1.02,1.08
714006,信紘科凱基63購01,19800,0.99,0.99,0.99,0.99
714007,萊德光凱基63購01,65880,1.35,1.37,1.3,1.37
714008,順達凱基65購01,291910,1.85,1.99,1.85,1.96
714009,鈊象凱基63購05,40120,2.36,2.36,2.36,2.36
714010,群聯凱基64購10,809270,2.54,2.66,2.52,2.52
714011,聖暉*凱基63購03,1344780,2.0,2.07,1.97,2.02
714012,鈺太凱基63購01,452110,0.92,0.93,0.9,0.91
714013,漢達凱基63購02,896950,1.99,2.35,1.99,2.22
714014,德微凱基63購01,72110,2.57,2.61,2.55,2.58
714015,德微凱基63購02,47750,2.97,3.07,2.97,2.98
714016,德微凱基65購01,0,,,,
714017,營邦凱基63購06,0,,,,
714018,台半元大63購07,197070,1.36,1.37,1.33,1.37
714019,台半元大63購08,225790,0.97,1.01,0.97,1.01
714020,台半元大63購09,8400,0.84,0.84,0.84,0.84
714021,沛亨元大63購03,445840,1.34,1.39,1.3,1.35
714022,宜鼎元大69購01,300440,0.9,0.93,0.9,0.9
714023,威剛元大63購14,0,,,,
714024,晶宏元大63購03,0,,,,
714025,群聯元大63購26,31090,1.42,1.42,1.39,1.39
714026,廣閎科元大63購02,836390,0.9,0.93,0.85,0.85
714027,廣閎科元大69購02,214810,0.79,0.79,0.77,0.77
714028,德微元大63購01,0,,,,
714029,德微元大69購01,51900,1.73,1.73,1.73,1.73
714030,晶宏中信63購01,2100,0.21,0.21,0.21,0.21
714031,台半國票65購01,0,,,,
714032,正淩國票67購01,27400,0.92,0.92,0.91,0.91
714033,宸曜國票64購01,74860,1.55,1.55,1.39,1.39
714034,宸曜國票65購01,5680,1.42,1.42,1.42,1.42
714035,高鋒國票65購01,5300,0.53,0.53,0.53,0.53
714036,新門國票69購01,0,,,,
714037,群翊國票65購02,176620,0.96,0.96,0.91,0.92
714038,漢達國票69購01,8750,1.25,1.25,1.25,1.25
714039,德微國票65購02,0,,,,
714040,譜瑞國票66購02,1800,0.9,0.9,0.9,0.9
714041,寶雅*國票66購02,0,,,,
714042,沛亨永豐63購02,29800,1.49,1.49,1.49,1.49
714043,良維永豐64購01,63200,1.22,1.31,1.22,1.31
714044,東捷永豐63購04,441990,2.85,3.24,2.85,2.9
714045,東捷永豐64購03,96530,2.2,2.36,2.13,2.17
714046,泓格永豐63購01,168080,1.74,1.74,1.58,1.6
714047,泓格永豐64購02,28280,1.01,1.01,1.01,1.01
714048,德微永豐64購01,0,,,,
714049,德微永豐65購01,1890,1.89,1.89,1.89,1.89
714050,寶雅*永豐64購01,35520,1.11,1.11,1.11,1.11
714051,印能統一66購01,0,,,,
714052,東捷國泰64購01,0,,,,
714053,元太富邦65購02,136470,0.62,0.65,0.62,0.63
714054,宜鼎富邦64購01,116570,0.63,0.64,0.63,0.64
714055,高技富邦65購01,0,,,,
714056,晶呈富邦65購02,472660,1.35,1.44,1.34,1.44
714057,新應材富邦63購04,357580,0.54,0.55,0.5,0.5
714058,群聯富邦65購03,594460,0.92,0.96,0.91,0.92
714059,群聯富邦65購04,205630,1.06,1.12,1.06,1.07
714060,群聯富邦65購05,175880,1.21,1.21,1.2,1.2
714061,聖暉*富邦63購01,254900,0.77,0.81,0.77,0.79
714062,譜瑞富邦65購01,119910,0.84,0.84,0.82,0.84
714063,M31台新63購01,50600,5.0,5.1,5.0,5.1
714064,M31台新66購01,12090,4.03,4.03,4.03,4.03
714065,光頡台新63購01,83220,4.8,4.8,4.46,4.46
714066,光頡台新66購01,247620,4.06,4.23,3.83,3.83
714067,竹陞台新63購01,15720,1.31,1.31,1.31,1.31
714068,均華台新63購03,74040,0.67,0.67,0.66,0.66
714069,均華台新64購01,0,,,,
714070,昇達科台新63購01,161610,1.33,1.33,1.27,1.27
714071,昇達科台新66購01,43790,1.51,1.51,1.51,1.51
714072,信驊台新63購01,21450,3.07,3.08,3.06,3.06
714073,信驊台新63購02,0,,,,
714074,信驊台新63購03,91900,1.57,1.57,1.42,1.42
714075,信驊台新66購01,153710,4.46,4.46,4.24,4.24
714076,信驊台新66購02,0,,,,
714077,漢達台新63購03,1125110,1.2,1.36,1.15,1.3
714078,漢達台新63購04,2715850,1.02,1.2,0.98,1.13
714079,耀穎台新63購01,0,,,,
714080,M31凱基63購02,1058690,3.24,4.39,3.24,4.39
714081,M31凱基63購03,913340,3.14,4.2,3.14,4.19
714082,M31凱基63購04,601880,3.07,3.93,3.07,3.93
714083,光頡凱基63購01,93810,2.49,2.51,2.35,2.35
714084,光頡凱基63購02,24930,2.77,2.77,2.77,2.77
714085,光頡凱基63購03,0,,,,
714086,竹陞凱基63購01,293190,0.97,0.98,0.93,0.97
714087,竹陞凱基63購02,180560,1.11,1.12,1.11,1.12
714088,竹陞凱基63購03,212490,1.28,1.29,1.24,1.24
714089,均華凱基63購02,363660,0.58,0.58,0.49,0.49
714090,均華凱基64購03,156620,0.75,0.78,0.7,0.7
714091,宜鼎凱基63購11,59590,1.01,1.01,1.01,1.01
714092,昇達科凱基63購01,315760,1.2,1.2,1.15,1.15
714093,昇達科凱基63購02,59010,1.21,1.21,1.19,1.19
714094,昇達科凱基63購03,456510,1.45,1.45,1.38,1.44
714095,昇達科凱基63購04,700310,1.55,1.62,1.5,1.62
714096,信驊凱基63購01,864370,1.59,1.67,1.49,1.51
714097,信驊凱基63購02,0,,,,
714098,信驊凱基63購03,0,,,,
714099,信驊凱基63購04,67680,2.93,2.93,2.55,2.55
714100,信驊凱基63購05,49230,3.57,3.57,3.14,3.14
714101,威剛凱基63購14,0,,,,
714102,新應材凱基63購09,0,,,,
714103,群聯凱基67購01,1743890,2.59,2.73,2.57,2.6
714104,雷科凱基63購01,5760,2.88,2.88,2.88,2.88
714105,雷科凱基63購02,61300,2.5,2.5,2.45,2.45
714106,雷科凱基63購03,47500,2.7,2.8,2.7,2.8
714107,頎邦凱基64購04,813570,1.67,1.72,1.63,1.63
714108,穩懋凱基66購01,42100,2.8,2.81,2.8,2.81
714109,光頡統一65購03,696890,1.24,1.29,1.17,1.17
714110,光頡統一68購01,2096520,1.24,1.27,1.19,1.2
714111,光頡統一6C購01,157400,0.92,0.92,0.88,0.88
714112,光頡統一79購01,337820,1.0,1.01,0.97,0.97
714113,均華統一67購02,91640,0.41,0.41,0.4,0.41
714114,均華統一6C購01,20090,0.49,0.49,0.49,0.49
714115,良維統一65購01,99450,0.65,0.7,0.65,0.7
714116,良維統一6C購01,65550,0.69,0.69,0.69,0.69
714117,昇達科統一67購01,73420,0.75,0.75,0.73,0.73
714118,昇達科統一6C購01,72900,0.81,0.81,0.81,0.81
714119,昇達科統一6C購02,0,,,,
714120,金山電統一6C購02,294410,0.59,0.59,0.59,0.59
714121,信紘科統一6C購01,14740,0.67,0.67,0.67,0.67
714122,德微統一66購01,0,,,,
714123,營邦統一6C購02,0,,,,
714124,穩懋統一67購02,0,,,,
714125,穩懋統一6C購04,0,,,,
714126,光頡國泰64購01,0,,,,
714127,均華國泰64購02,0,,,,
714128,良維國泰64購01,138420,1.69,1.9,1.69,1.9
714129,昇達科國泰64購01,41650,1.19,1.19,1.19,1.19
714130,昇達科國泰65購01,0,,,,
714131,信紘科國泰64購01,0,,,,
714132,鈊象國泰64購01,102680,2.48,2.52,2.48,2.49
714133,雷科國泰64購01,18950,1.81,2.1,1.81,2.1
714134,雷科國泰65購01,2950,2.95,2.95,2.95,2.95
714135,漢達國泰64購01,787380,2.27,2.55,2.25,2.55
714136,穩懋國泰65購02,34600,3.46,3.46,3.46,3.46
714137,M31富邦65購02,221440,1.25,1.47,1.24,1.47
714138,弘塑富邦65購01,153030,0.69,0.72,0.69,0.72
714139,均華富邦65購01,232580,0.48,0.49,0.44,0.44
714140,信驊富邦66購01,0,,,,
714141,穩懋富邦65購02,0,,,,
714142,M31中信66購01,268970,0.65,0.8,0.64,0.8
714143,光頡中信63購01,959690,1.18,1.29,1.12,1.14
714144,竹陞中信69購01,147050,0.61,0.62,0.6,0.61
714145,均華中信69購01,220700,0.41,0.41,0.37,0.38
714146,昇達科中信69購01,26500,0.8,0.8,0.75,0.75
714147,信驊中信63購01,72550,1.98,1.98,1.93,1.93
714148,群聯中信68購02,0,,,,
714149,穩懋中信65購01,132150,0.81,0.86,0.79,0.86
714150,M31永豐64購01,242700,1.27,1.48,1.27,1.48
714151,M31永豐65購01,136880,2.19,2.52,2.19,2.52
714152,元太永豐63購03,331190,0.89,0.93,0.89,0.93
714153,光焱永豐63購01,1149660,1.12,1.28,1.12,1.28
714154,光頡永豐63購01,32480,2.03,2.03,2.03,2.03
714155,光頡永豐63購02,1920,1.92,1.92,1.92,1.92
714156,光頡永豐69購01,66650,3.93,3.93,3.85,3.85
714157,竹陞永豐64購02,141490,0.91,0.93,0.89,0.93
714158,竹陞永豐66購01,108460,0.78,0.79,0.77,0.79
714159,昇達科永豐63購01,521560,0.96,0.96,0.87,0.89
714160,昇達科永豐63購02,0,,,,
714161,昇達科永豐63購03,145770,0.74,0.74,0.69,0.69
714162,昇達科永豐66購01,203930,1.85,1.85,1.8,1.82
714163,昇達科永豐66購02,19650,1.31,1.31,1.31,1.31
714164,昇達科永豐69購01,42910,2.03,2.07,2.03,2.07
714165,昇達科永豐69購02,116920,1.58,1.58,1.58,1.58
714166,信紘科永豐63購01,0,,,,
714167,信驊永豐63購02,186200,1.79,1.79,1.63,1.63
714168,信驊永豐64購02,0,,,,
714169,凱崴永豐64購01,21320,0.82,0.82,0.82,0.82
714170,萊德光永豐63購01,52260,1.76,1.76,1.67,1.67
714171,聖暉*永豐63購02,33500,1.62,1.7,1.62,1.67
714172,雷科永豐63購01,216010,1.67,1.73,1.65,1.73
714173,雷科永豐63購02,407270,1.66,1.74,1.63,1.74
714174,雷科永豐66購01,30830,2.13,2.36,2.13,2.36
714175,雷科永豐69購01,59230,3.4,3.75,3.4,3.75
714176,穩懋永豐63購05,283030,1.76,1.84,1.76,1.81
714177,光頡元大63購01,86520,1.78,1.78,1.73,1.73
714178,光頡元大63購02,64600,1.7,1.7,1.7,1.7
714179,印能元大63購01,45240,0.81,0.81,0.77,0.77
714180,印能元大63購02,6450,0.73,0.73,0.7,0.7
714181,竹陞元大63購01,0,,,,
714182,昇達科元大63購01,225960,1.04,1.05,1.04,1.05
714183,信驊元大63購02,419100,3.15,3.21,2.97,2.98
714184,信驊元大64購01,206250,3.13,3.13,2.99,2.99
714185,信驊元大67購01,202000,4.07,4.07,4.01,4.01
714186,信驊元大69購01,51990,4.83,4.83,4.55,4.55
714187,高技元大63購09,0,,,,
714188,高技元大63購10,0,,,,
714189,雅特力元大63購03,0,,,,
714190,新普元大63購01,10920,1.23,1.23,1.2,1.2
714191,新應材元大63購07,327570,0.89,0.89,0.83,0.84
714192,新應材元大63購08,0,,,,
714193,新應材元大63購09,355700,0.46,0.47,0.43,0.43
714194,群聯元大63購27,0,,,,
714195,雷科元大63購01,34550,1.36,1.42,1.35,1.42
714196,漢達元大63購02,842320,1.18,1.26,1.08,1.25
714197,漢達元大63購03,69940,1.63,1.73,1.62,1.73
714198,漢達元大69購01,79200,1.02,1.14,1.02,1.12
714199,廣閎科元大63購03,182080,0.77,0.77,0.73,0.73
714200,營邦元大63購05,95900,1.37,1.37,1.37,1.37
714201,鴻呈元大63購03,0,,,,
714202,FH中5G群益63購01,178070,0.44,0.45,0.42,0.42
714203,M31群益63購01,357560,2.42,2.81,2.4,2.81
714204,千附精群益63購01,0,,,,
714205,中美晶群益63購06,589170,2.1,2.7,2.08,2.7
714206,世界群益65購01,179830,1.75,1.75,1.65,1.67
714207,均華群益63購02,0,,,,
714208,均豪群益63購01,28000,0.86,0.86,0.78,0.78
714209,宜鼎群益63購04,47590,0.95,0.96,0.95,0.96
714210,宜鼎群益63購05,277040,0.77,0.79,0.75,0.75
714211,泓格群益63購01,106400,1.4,1.4,1.4,1.4
714212,信驊群益63購01,50960,2.7,2.73,2.58,2.58
714213,信驊群益63購02,76740,1.69,1.78,1.63,1.63
714214,能率群益63購01,0,,,,
714215,崇越電群益63購01,0,,,,
714216,順達群益63購06,266100,2.85,3.12,2.85,3.01
714217,鈊象群益66購01,9750,0.96,0.99,0.96,0.99
714218,勤凱群益63購01,0,,,,
714219,新應材群益63購04,15320,0.9,0.91,0.9,0.91
714220,群聯群益63購12,320530,1.67,1.74,1.62,1.63
714221,群聯群益63購13,232480,1.46,1.56,1.4,1.42
714222,雷科群益63購01,131540,2.23,2.41,2.23,2.41
714223,雷科群益63購02,108010,2.08,2.38,2.04,2.38
714224,穩懋群益63購05,1231880,1.03,1.3,1.03,1.3
714225,天良國票64購02,7770,0.41,0.41,0.39,0.39
714226,光頡國票65購01,228830,2.93,2.93,2.71,2.74
714227,均華國票65購02,0,,,,
714228,昇達科國票65購01,0,,,,
714229,金山電國票6A購01,0,,,,
714230,信紘科國票64購01,42340,1.46,1.46,1.46,1.46
714231,信紘科國票65購01,34580,1.33,1.33,1.33,1.33
714232,信驊國票64購01,0,,,,
714233,華宏國票69購01,10200,0.85,0.85,0.85,0.85
714234,雅特力國票67購01,0,,,,
714235,雷科國票65購01,0,,,,
714236,漢達國票6B購01,128650,1.19,1.31,1.19,1.31
714237,磐亞國票66購02,0,,,,
714238,穩懋國票66購01,0,,,,
714239,穩懋國票67購01,0,,,,
714240,巨有元大63購01,0,,,,
714241,巨有元大63購02,0,,,,
714242,弘塑元大63購06,102600,1.34,1.34,1.22,1.32
714243,弘塑元大63購07,102890,0.59,0.59,0.57,0.57
714244,弘塑元大63購08,430590,0.56,0.56,0.52,0.52
714245,竹陞元大63購02,2400,0.8,0.8,0.8,0.8
714246,竹陞元大69購01,0,,,,
714247,均華元大63購04,378870,0.51,0.51,0.47,0.48
714248,均豪元大63購01,316460,2.38,2.38,2.05,2.08
714249,均豪元大63購02,162640,0.76,0.76,0.76,0.76
714250,均豪元大67購01,0,,,,
714251,東捷元大63購02,48000,1.6,1.6,1.6,1.6
714252,東捷元大67購01,86360,1.55,1.68,1.53,1.53
714253,東捷元大69購01,409400,0.8,0.87,0.8,0.81
714254,南俊元大63購01,0,,,,
714255,南俊元大69購01,0,,,,
714256,崇越電元大63購01,61050,1.11,1.11,1.11,1.11
714257,群聯元大63購28,568300,1.38,1.39,1.38,1.39
714258,聖暉*元大63購02,36260,1.1,1.17,1.1,1.17
714259,聖暉*元大63購03,53850,0.98,1.05,0.98,1.02
714260,營邦元大63購06,6060,0.75,0.78,0.75,0.78
714261,FH中5G凱基64購01,201090,1.06,1.07,1.0,1.0
714262,世界凱基65購02,0,,,,
714263,弘塑凱基66購01,294180,1.93,1.93,1.68,1.84
714264,印能凱基63購03,188480,1.12,1.12,0.97,0.99
714265,均豪凱基64購01,300850,0.99,0.99,0.96,0.98
714266,泓格凱基64購01,30940,1.66,1.66,1.52,1.52
714267,崇越電凱基63購02,0,,,,
714268,凱崴凱基65購01,14300,0.84,0.85,0.84,0.85
714269,博士旺凱基63購01,0,,,,
714270,華宏凱基63購01,671000,1.14,1.37,1.13,1.37
714271,鈊象凱基63購06,178620,2.63,2.65,2.58,2.58
714272,新普凱基63購01,0,,,,
714273,新應材凱基63購10,219380,1.75,1.75,1.67,1.67
714274,群聯凱基63購20,98470,2.12,2.22,2.07,2.07
714275,營邦凱基66購01,0,,,,
714276,世界台新63購01,256190,2.91,2.91,2.73,2.86
714277,宜鼎台新65購03,0,,,,
714278,東捷台新63購04,290260,1.36,1.51,1.35,1.43
714279,南俊台新63購01,0,,,,
714280,南俊台新63購02,0,,,,
714281,頎邦台新63購02,1098510,2.98,3.05,2.82,2.9
714282,頎邦台新66購01,543010,2.27,2.33,2.27,2.3
714283,安葆國票68購02,0,,,,
714284,南俊國票66購01,0,,,,
714285,新應材國票64購02,61260,1.6,1.6,1.49,1.53
714286,雷科國票64購01,233320,2.01,2.64,2.01,2.55
714287,雷科國票64購02,49130,2.5,2.55,2.32,2.55
714288,M31群益63購02,501340,1.78,2.28,1.77,2.26
714289,巨有群益63購02,24000,7.9,8.05,7.9,8.05
714290,光頡群益63購01,0,,,,
714291,光頡群益66購01,335300,3.2,3.2,2.95,3.02
714292,竹陞群益63購01,196520,1.07,1.08,1.05,1.05
714293,竹陞群益63購02,137600,0.86,0.86,0.86,0.86
714294,均華群益65購02,0,,,,
714295,宏捷科群益63購03,156490,0.98,1.0,0.97,0.97
714296,系微群益63購01,0,,,,
714297,良維群益63購03,97350,3.92,4.13,3.92,4.13
714298,宜鼎群益63購06,60440,1.81,1.87,1.79,1.79
714299,東捷群益65購02,195450,1.96,2.22,1.95,2.12
714300,南俊群益63購01,920,0.92,0.92,0.92,0.92
714301,南俊群益63購02,0,,,,
714302,威剛群益63購09,0,,,,
714303,雅特力群益63購01,64130,0.96,0.96,0.95,0.96
714304,雅特力群益63購02,7300,0.73,0.73,0.73,0.73
714305,新應材群益63購05,38640,1.8,1.8,1.72,1.72
714306,群聯群益63購14,528190,3.75,4.03,3.69,3.75
714307,頎邦群益63購04,252190,1.55,1.63,1.54,1.57
714308,頎邦群益63購05,868260,1.39,1.45,1.39,1.41
714309,營邦群益64購01,0,,,,
714310,光頡統一68購02,2195520,1.2,1.22,1.11,1.17
714311,光頡統一69購01,480760,1.28,1.32,1.23,1.25
714312,佳邦統一6B購01,0,,,,
714313,昇達科統一68購01,354750,0.74,0.74,0.7,0.72
714314,昇達科統一6C購03,0,,,,
714315,昇達科統一6C購04,0,,,,
714316,東捷統一6B購02,315570,0.67,0.68,0.66,0.68
714317,金山電統一69購01,11800,0.59,0.59,0.59,0.59
714318,南俊統一6C購01,0,,,,
714319,雷科統一69購01,294020,1.12,1.15,1.11,1.15
714320,雷科統一6B購01,91280,0.77,0.81,0.76,0.81
714321,雷科統一6C購01,404690,0.71,0.74,0.7,0.74
714322,德微統一69購01,0,,,,
714323,宏捷科中信63購01,69550,0.4,0.4,0.39,0.4
714324,宏捷科國泰64購01,1016850,1.35,1.45,1.35,1.43
714325,世界富邦63購02,173020,0.87,0.88,0.85,0.85
714326,印能富邦65購01,30880,0.46,0.46,0.44,0.44
714327,東捷富邦65購01,1467050,0.76,0.9,0.76,0.78
714328,M31永豐63購02,254930,2.25,2.37,2.21,2.37
714329,久元永豐63購02,0,,,,
714330,均華永豐64購01,68540,1.49,1.49,1.49,1.49
714331,均豪永豐63購01,11960,0.92,0.92,0.92,0.92
714332,沛亨永豐63購03,71760,1.38,1.38,1.38,1.38
714333,亞通永豐63購01,62020,1.49,1.49,1.29,1.37
714334,群聯永豐63購08,43900,0.97,0.98,0.97,0.98
714335,達航永豐65購01,554880,0.8,0.92,0.8,0.92
714336,巨有凱基63購01,0,,,,
714337,弘塑凱基63購08,732690,1.66,1.66,1.42,1.62
714338,光頡凱基65購01,550140,2.82,2.82,2.56,2.59
714339,竹陞凱基63購04,311830,0.86,0.87,0.81,0.87
714340,均華凱基65購02,44390,1.06,1.09,1.06,1.09
714341,宏捷科凱基63購03,129400,1.2,1.2,1.19,1.19
714342,沛亨凱基63購04,753390,1.68,1.74,1.6,1.68
714343,系微凱基63購01,277650,1.59,1.59,1.5,1.5
714344,良維凱基63購05,161110,2.52,2.64,2.44,2.53
714345,宜鼎凱基63購12,41920,1.36,1.36,1.35,1.35
714346,東捷凱基64購01,83520,2.61,2.61,2.61,2.61
714347,東捷凱基65購01,206580,2.46,2.62,2.4,2.4
714348,青雲凱基63購03,0,,,,
714349,南俊凱基63購01,62900,0.85,0.85,0.85,0.85
714350,南俊凱基63購02,0,,,,
714351,威剛凱基67購02,185890,2.99,3.0,2.99,3.0
714352,家登凱基64購02,97140,1.56,1.58,1.56,1.58
714353,聖暉*凱基65購02,107000,2.6,2.61,2.6,2.61
714354,頎邦凱基65購02,1044200,2.79,2.84,2.75,2.82
714355,環球晶凱基63購02,160940,1.57,1.77,1.57,1.75
714356,環球晶凱基63購03,352030,1.55,1.7,1.54,1.7
714357,環球晶凱基69購02,1057480,3.14,3.4,3.14,3.4
714358,巨有台新65購01,188400,5.85,6.15,5.85,6.15
714359,光頡台新63購02,0,,,,
714360,印能台新63購03,0,,,,
714361,竹陞台新63購02,0,,,,
714362,均豪台新64購01,93890,2.29,2.29,2.29,2.29
714363,均豪台新64購02,0,,,,
714364,宜鼎台新63購03,0,,,,
714365,威剛台新66購02,0,,,,
714366,家登台新64購02,35250,2.35,2.35,2.35,2.35
714367,家登台新66購01,159760,1.31,1.31,1.29,1.29
714368,家碩台新66購01,0,,,,
714369,創新服台新63購01,203160,1.19,1.25,1.15,1.15
714370,創新服台新63購02,56700,0.9,0.9,0.9,0.9
714371,創新服台新63購03,0,,,,
714372,創新服台新63購04,0,,,,
714373,環球晶台新64購01,2197810,1.54,1.85,1.52,1.85
714374,環球晶台新64購02,436130,1.24,1.49,1.24,1.49
714375,耀穎台新63購02,15800,1.58,1.58,1.58,1.58
714376,M31元大63購02,7430,2.5,2.5,2.43,2.43
714377,M31元大63購03,1720060,1.1,1.9,1.09,1.9
714378,弘塑元大63購09,34390,1.81,1.81,1.81,1.81
714379,弘塑元大63購10,162180,1.09,1.09,1.04,1.06
714380,弘塑元大66購02,41050,0.97,0.98,0.97,0.98
714381,光頡元大63購03,21960,1.85,1.85,1.81,1.81
714382,光頡元大63購04,227090,1.32,1.4,1.27,1.27
714383,竹陞元大63購03,0,,,,
714384,竹陞元大69購02,524240,0.95,0.95,0.94,0.95
714385,均豪元大63購03,0,,,,
714386,亞通元大63購01,0,,,,
714387,亞通元大63購02,102300,3.3,3.3,3.3,3.3
714388,宜鼎元大63購15,365400,0.63,0.63,0.63,0.63
714389,昇達科元大63購02,205030,1.01,1.01,1.01,1.01
714390,昇達科元大63購03,178350,0.87,0.87,0.87,0.87
714391,東捷元大63購03,0,,,,
714392,東捷元大67購02,5220,1.74,1.74,1.74,1.74
714393,東捷元大69購02,0,,,,
714394,萊德光元大63購01,77940,1.08,1.09,1.03,1.03
714395,萊德光元大63購02,32620,1.33,1.33,1.28,1.3
714396,雅特力元大63購04,817620,0.94,0.96,0.93,0.94
714397,群聯元大63購29,1228410,1.26,1.34,1.24,1.26
714398,群聯元大69購01,448080,1.62,1.64,1.61,1.64
714399,聖暉*元大63購04,38080,1.19,1.19,1.19,1.19
714400,雷科元大63購02,0,,,,
714401,營邦元大63購07,0,,,,
714402,環球晶元大63購09,1075540,0.75,0.87,0.72,0.87
714403,環球晶元大63購10,199130,0.89,0.93,0.89,0.92
714404,光頡國票64購01,0,,,,
714405,光頡國票66購01,4880,2.44,2.44,2.44,2.44
714406,昇達科國票64購01,327780,1.29,1.31,1.24,1.26
714407,創新服國票65購01,0,,,,
714408,萊德光國票66購01,0,,,,
714409,頎邦國票69購01,0,,,,
714410,環球晶國票66購02,262060,1.75,1.97,1.75,1.97
714411,群聯中信67購02,256710,0.9,0.95,0.9,0.95
714412,環球晶中信63購01,736020,0.57,0.77,0.56,0.69
714413,尼克森永豐63購01,1000840,1.66,1.66,1.63,1.66
714414,正德永豐63購01,0,,,,
714415,安葆永豐65購01,0,,,,
714416,亞信永豐64購01,10920,0.91,0.91,0.91,0.91
714417,美琪瑪永豐63購01,189560,1.8,2.02,1.8,1.97
714418,家登永豐65購01,68370,1.59,1.59,1.59,1.59
714419,泰藝永豐63購01,66000,1.32,1.32,1.32,1.32
714420,高僑永豐63購01,1142650,1.12,1.24,1.12,1.24
714421,創新服永豐63購01,19680,1.23,1.23,1.23,1.23
714422,創新服永豐64購01,26580,0.86,0.86,0.78,0.78
714423,創新服永豐65購01,0,,,,
714424,創新服永豐66購01,48500,0.97,0.97,0.97,0.97
714425,博大永豐63購01,178860,0.74,0.76,0.74,0.76
714426,博盛永豐64購02,10290,1.47,1.47,1.47,1.47
714427,晶呈永豐63購01,2186680,1.56,1.75,1.56,1.73
714428,華電網永豐63購01,11000,1.1,1.1,1.1,1.1
714429,廣明永豐63購01,60270,1.23,1.23,1.23,1.23
714430,優群永豐63購01,31750,0.79,0.8,0.79,0.8
714431,環球晶永豐64購01,357840,1.49,1.6,1.49,1.6
714432,中美晶富邦69購01,905300,0.74,0.79,0.72,0.79
714433,台特化富邦63購01,361150,0.69,0.72,0.67,0.67
714434,沛亨富邦63購02,242570,0.53,0.56,0.51,0.54
714435,良維富邦65購01,512620,0.63,0.7,0.63,0.7
714436,蜜望實富邦66購01,42900,0.55,0.55,0.55,0.55
714437,竹陞國泰64購01,0,,,,
714438,東捷國泰64購02,1050980,1.43,1.63,1.42,1.48
714439,家登國泰64購01,87060,1.32,1.38,1.32,1.38
714440,雅特力國泰64購01,23550,1.57,1.57,1.57,1.57
714441,頎邦國泰64購01,534090,2.03,2.03,1.95,1.95
714442,環球晶國泰64購02,400060,1.42,1.63,1.42,1.63
714443,亞通統一6C購01,12400,0.62,0.62,0.62,0.62
714444,昇達科統一74購01,184600,0.85,0.85,0.82,0.82
714445,東捷統一66購03,502540,0.75,0.86,0.75,0.77
714446,東捷統一68購03,621730,0.81,0.93,0.81,0.86
714447,東捷統一6A購01,620,0.62,0.62,0.62,0.62
714448,南俊統一74購01,0,,,,
714449,雷科統一67購01,264030,0.93,1.06,0.93,1.06
714450,世界群益63購03,24000,2.4,2.4,2.4,2.4
714451,巨有群益63購03,19800,6.6,6.6,6.6,6.6
714452,均華群益63購03,608360,0.76,0.78,0.7,0.7
714453,亞通群益63購02,13320,1.11,1.11,1.11,1.11
714454,亞通群益63購03,0,,,,
714455,東捷群益65購03,114780,1.85,1.95,1.83,1.95
714456,青雲群益63購02,0,,,,
714457,信立群益63購02,0,,,,
714458,威剛群益63購10,136740,3.18,3.18,3.18,3.18
714459,家登群益63購06,0,,,,
714460,萊德光群益63購01,407200,3.07,3.1,2.89,2.89
714461,鈊象群益69購01,9550,0.94,0.97,0.94,0.97
714462,新應材群益63購06,442210,3.22,3.22,2.88,2.97
714463,群聯群益63購15,23100,2.29,2.33,2.29,2.33
714464,群聯群益65購03,27180,1.1,1.16,1.1,1.14
714465,營邦群益69購01,0,,,,
714466,環球晶群益63購04,915090,1.54,1.86,1.52,1.86
714467,光頡元大63購05,89420,1.93,1.93,1.82,1.82
714468,光頡元大63購06,39560,1.9,1.9,1.86,1.86
714469,光頡元大63購07,272220,1.44,1.44,1.32,1.32
714470,均華元大63購05,129870,0.51,0.51,0.48,0.49
714471,宏捷科元大63購02,111930,0.81,0.83,0.81,0.83
714472,沛亨元大63購04,134350,1.16,1.17,1.14,1.14
714473,沛亨元大63購05,484850,0.98,1.0,0.95,1.0
714474,亞通元大63購03,27780,1.41,1.41,1.24,1.28
714475,亞通元大63購04,0,,,,
714476,宜鼎元大63購16,629340,0.74,0.78,0.73,0.73
714477,東捷元大63購04,0,,,,
714478,東捷元大68購01,0,,,,
714479,欣銓元大63購04,0,,,,
714480,欣銓元大63購05,0,,,,
714481,信昌電元大63購01,14550,1.38,1.38,1.31,1.31
714482,信昌電元大63購02,0,,,,
714483,信昌電元大63購03,18380,1.42,1.42,1.4,1.4
714484,南俊元大63購02,11050,1.1,1.11,1.1,1.11
714485,威剛元大66購01,92100,1.68,1.68,1.66,1.68
714486,群聯元大66購07,236640,1.29,1.34,1.28,1.34
714487,群聯元大69購02,511300,1.23,1.29,1.22,1.22
714488,雷科元大63購03,3640,1.82,1.82,1.82,1.82
714489,營邦元大69購01,0,,,,
714490,環球晶元大63購11,951850,1.54,1.62,1.46,1.62
714491,光頡國票66購02,177780,1.91,1.94,1.8,1.8
714492,旭然國票67購01,0,,,,
714493,亞通國票64購02,0,,,,
714494,亞通國票66購01,0,,,,
714495,建榮國票64購01,116220,1.52,1.53,1.52,1.53
714496,建榮國票65購01,10640,1.33,1.33,1.33,1.33
714497,家登國票64購02,0,,,,
714498,新漢國票64購01,0,,,,
714499,擎亞國票64購02,107300,1.8,1.8,1.74,1.74
714500,穩懋國票65購02,89300,0.97,1.04,0.97,1.04
714501,世界凱基63購07,0,,,,
714502,巨有凱基63購02,93700,7.0,8.3,7.0,8.3
714503,竹陞凱基63購05,215640,0.85,0.85,0.81,0.85
714504,亞通凱基63購02,1605770,0.93,0.96,0.91,0.95
714505,信立凱基63購01,0,,,,
714506,信昌電凱基63購01,846910,2.34,2.34,2.07,2.1
714507,信昌電凱基63購02,0,,,,
714508,信昌電凱基63購03,219390,2.1,2.1,1.92,1.92
714509,信昌電凱基63購04,4300,2.15,2.15,2.15,2.15
714510,創新服凱基63購01,50090,0.91,0.97,0.91,0.97
714511,新應材凱基63購11,146540,3.01,3.01,2.75,2.75
714512,群聯凱基63購21,483070,1.97,2.19,1.97,1.98
714513,營邦凱基63購07,309500,1.88,1.88,1.77,1.77
714514,穩懋凱基63購10,552960,2.85,3.08,2.78,3.07
714515,巨有群益63購04,68000,5.2,5.6,5.2,5.6
714516,光頡群益63購02,1160600,3.17,3.33,2.87,2.96
714517,光頡群益65購01,623010,2.05,2.05,1.9,1.95
714518,印能群益63購02,0,,,,
714519,竹陞群益64購01,0,,,,
714520,宜鼎群益63購07,20100,2.01,2.01,2.01,2.01
714521,威剛群益63購11,339800,2.55,2.55,2.48,2.48
714522,家登群益63購07,94200,1.45,1.45,1.34,1.34
714523,環球晶群益63購05,217100,2.47,2.64,2.47,2.64
714524,環球晶群益63購06,553000,1.42,2.04,1.36,2.04
714525,伍豐永豐63購01,0,,,,
714526,竹陞永豐63購02,81780,0.52,0.53,0.51,0.51
714527,沛亨永豐63購04,2360,2.36,2.36,2.36,2.36
714528,亞通永豐65購01,88000,0.88,0.88,0.88,0.88
714529,宜鼎永豐63購08,642620,1.63,1.73,1.61,1.61
714530,信昌電永豐63購01,307310,1.4,1.47,1.34,1.34
714531,信昌電永豐63購02,6560,0.82,0.82,0.82,0.82
714532,信昌電永豐64購01,64660,1.22,1.22,1.22,1.22
714533,信昌電永豐65購01,125460,1.16,1.18,1.11,1.11
714534,南俊永豐63購01,0,,,,
714535,健喬永豐63購01,0,,,,
714536,群聯永豐63購09,28880,3.61,3.61,3.61,3.61
714537,群聯永豐63購10,50760,4.23,4.23,4.23,4.23
714538,穩懋永豐63購06,71630,2.47,2.47,2.47,2.47
714539,穩懋永豐63購07,83430,3.6,3.81,3.6,3.81
714540,騰雲永豐63購01,0,,,,
714541,系微富邦64購01,304540,0.92,0.92,0.89,0.89
714542,宜鼎富邦63購04,59520,0.62,0.62,0.62,0.62
714543,欣銓富邦63購01,83120,0.57,0.57,0.56,0.56
714544,環球晶富邦69購01,436100,0.5,0.57,0.5,0.57
714545,環球晶富邦69購02,878590,0.63,0.76,0.61,0.76
714546,中美晶國泰65購01,64800,2.2,2.3,2.2,2.3
714547,巨有國泰64購01,0,,,,
714548,光頡國泰64購02,184150,2.15,2.15,2.04,2.04
714549,均豪國泰64購01,40300,1.55,1.55,1.55,1.55
714550,沛亨國泰64購01,727540,1.85,1.96,1.85,1.92
714551,亞通國泰64購01,52820,1.39,1.39,1.39,1.39
714552,信昌電國泰64購01,63390,1.69,1.69,1.58,1.59
714553,信昌電國泰64購02,205110,1.52,1.52,1.42,1.43
714554,萊德光國泰64購01,55250,1.86,1.86,1.75,1.75
714555,群聯國泰64購01,92590,1.97,1.97,1.97,1.97
714556,擎亞國泰64購01,395600,1.39,1.39,1.38,1.38
714557,穩懋國泰64購03,0,,,,
714558,巨有統一79購01,5320,1.33,1.33,1.33,1.33
714559,弘塑統一68購01,106150,0.72,0.73,0.67,0.73
714560,竹陞統一6C購01,40880,0.47,0.48,0.47,0.48
714561,信昌電統一68購01,45710,0.74,0.75,0.74,0.75
714562,信昌電統一68購02,0,,,,
714563,信昌電統一69購01,187810,0.73,0.73,0.69,0.69
714564,信昌電統一79購01,0,,,,
714565,穩懋統一69購01,6370,0.91,0.91,0.91,0.91
714566,台特化台新63購01,954330,2.61,2.8,2.36,2.47
714567,旭然台新63購01,113110,1.11,1.12,1.11,1.12
714568,竹陞台新63購03,9240,0.77,0.77,0.77,0.77
714569,竹陞台新64購01,29080,1.13,1.16,1.1,1.16
714570,宏捷科台新63購01,85320,1.48,1.48,1.44,1.44
714571,系微台新63購01,88290,1.76,1.8,1.69,1.69
714572,良維台新66購01,187180,1.93,2.07,1.93,2.07
714573,信昌電台新63購01,28050,1.39,1.39,1.33,1.33
714574,信昌電台新66購01,290570,1.5,1.52,1.41,1.41
714575,茂達台新63購01,78410,1.53,1.53,1.47,1.48
714576,家登台新63購01,0,,,,
714577,穩懋台新63購03,331400,2.05,2.13,1.99,2.13
714578,穩懋台新63購04,242780,1.66,1.78,1.61,1.78
714579,穩懋台新63購05,87700,1.65,1.81,1.65,1.81
714580,巨有永豐66購01,162540,2.12,2.14,2.12,2.14
714581,朋億*永豐64購01,33500,1.35,1.35,1.33,1.34
714582,南俊永豐63購02,7980,1.14,1.14,1.14,1.14
714583,南俊永豐67購01,0,,,,
714584,智崴永豐64購01,0,,,,
714585,萊德光永豐63購02,216350,1.68,1.7,1.56,1.56
714586,頎邦永豐63購05,86410,1.67,1.67,1.66,1.66
714587,方土昶元大63購03,0,,,,
714588,台半元大65購01,72520,1.51,1.53,1.49,1.53
714589,巨有元大63購03,0,,,,
714590,巨有元大63購04,0,,,,
714591,均華元大63購06,148440,0.61,0.63,0.54,0.55
714592,均華元大63購07,548740,0.6,0.62,0.56,0.57
714593,宏捷科元大63購03,294570,0.81,0.83,0.81,0.81
714594,宏捷科元大63購04,359620,0.96,0.97,0.94,0.97
714595,沛亨元大63購06,141260,1.59,1.65,1.57,1.61
714596,沛亨元大65購01,114700,0.82,0.85,0.82,0.85
714597,宜鼎元大64購06,199000,0.86,0.87,0.83,0.83
714598,青雲元大63購05,68900,1.06,1.06,1.06,1.06
714599,威剛元大63購15,53310,1.83,1.84,1.83,1.84
714600,創新服元大63購01,0,,,,
714601,萊德光元大63購03,0,,,,
714602,萊德光元大64購01,16030,1.07,1.07,1.05,1.05
714603,萊德光元大64購02,83240,1.1,1.1,1.06,1.06
714604,雅特力元大63購05,581630,1.13,1.17,1.13,1.17
714605,群聯元大63購30,278850,1.76,1.85,1.73,1.74
714606,環球晶元大64購03,823130,1.68,1.8,1.62,1.8
714607,環球晶元大65購06,1023280,1.34,1.52,1.29,1.52
714608,世界群益63購04,577230,3.34,3.34,3.15,3.24
714609,巨有群益64購01,0,,,,
714610,茂綸群益63購02,29220,0.94,0.94,0.86,0.86
714611,順達群益63購07,849350,1.85,2.07,1.83,1.96
714612,順達群益65購01,411360,1.95,2.12,1.95,2.05
714613,新應材群益63購07,68090,2.39,2.39,2.3,2.3
714614,營邦群益63購03,0,,,,
714615,穩懋群益63購06,779700,4.06,4.53,4.04,4.53
714616,方土昶國票65購02,0,,,,
714617,台星科國票65購01,361180,1.2,1.34,1.2,1.24
714618,巨有國票64購01,3630,3.63,3.63,3.63,3.63
714619,巨有國票65購01,16800,4.2,4.2,4.2,4.2
714620,旭然國票69購01,1500,0.75,0.75,0.75,0.75
714621,均華國票64購01,36800,0.8,0.8,0.8,0.8
714622,宏捷科國票65購01,0,,,,
714623,系微國票65購03,0,,,,
714624,良維國票66購01,0,,,,
714625,昇達科國票64購02,61810,1.84,1.84,1.79,1.79
714626,朋億*國票65購01,0,,,,
714627,南俊國票68購01,3750,0.75,0.75,0.75,0.75
714628,萊德光國票65購02,270150,0.97,0.98,0.94,0.97
714629,群聯國票65購01,0,,,,
714630,磐亞國票65購02,0,,,,
714631,巨有台新63購01,0,,,,
714632,巨有台新66購01,0,,,,
714633,巨有台新69購01,0,,,,
714634,巨有台新69購02,0,,,,
714635,印能台新65購01,0,,,,
714636,昇達科台新63購03,284560,2.24,2.28,2.15,2.17
714637,茂綸台新63購02,15360,1.28,1.28,1.28,1.28
714638,創新服台新65購01,1240,1.24,1.24,1.24,1.24
714639,群聯台新63購09,24740,4.88,5.05,4.88,5.05
714640,群聯台新63購10,0,,,,
714641,聖暉*台新66購01,529290,2.13,2.19,2.13,2.14
714642,印能凱基64購03,1758350,2.08,2.21,1.98,1.98
714643,均華凱基63購03,175690,1.01,1.04,0.92,0.92
714644,沛亨凱基64購01,73200,2.44,2.44,2.44,2.44
714645,良維凱基67購01,617160,2.76,3.06,2.76,3.0
714646,宜鼎凱基63購13,139680,1.89,1.89,1.78,1.78
714647,欣銓凱基63購02,320790,1.75,1.76,1.75,1.75
714648,威剛凱基65購04,0,,,,
714649,建榮凱基64購01,0,,,,
714650,家登凱基63購04,280050,2.76,2.76,2.68,2.68
714651,萊德光凱基63購02,114500,2.15,2.15,1.96,1.96
714652,環球晶凱基63購04,523980,2.61,3.45,2.51,3.45
714653,穩懋凱基65購02,148080,3.62,3.85,3.56,3.85
714654,穩懋凱基68購01,1563070,4.18,4.34,4.04,4.34
714655,世界國泰64購01,0,,,,
714656,世界國泰64購02,235150,1.85,1.85,1.78,1.78
714657,朋億*國泰65購01,0,,,,
714658,欣銓國泰64購01,92760,2.01,2.02,2.01,2.02
714659,青雲國泰64購01,0,,,,
714660,德微國泰64購01,7100,3.55,3.55,3.55,3.55
714661,巨有統一69購01,1780,1.78,1.78,1.78,1.78
714662,巨有統一79購02,0,,,,
714663,信昌電統一6C購01,0,,,,
714664,信昌電統一6C購02,0,,,,
714665,信昌電統一79購02,0,,,,
714666,寶雅*統一6C購01,0,,,,
714667,印能富邦64購01,243870,0.66,0.68,0.61,0.62
714668,印能富邦65購02,136510,0.61,0.61,0.57,0.57
714669,威剛富邦63購01,0,,,,
714670,建榮富邦63購01,13680,0.36,0.36,0.36,0.36
714671,鈊象富邦65購01,199050,1.1,1.1,1.09,1.09
714672,群聯富邦65購06,488660,0.97,1.02,0.96,0.96
714673,群聯富邦65購07,39350,1.06,1.1,1.05,1.1
714674,群聯富邦65購08,185720,0.82,0.86,0.81,0.81
714675,群聯富邦66購01,157740,0.89,0.95,0.89,0.94
714676,群聯富邦66購02,460110,0.83,0.88,0.82,0.83
714677,群聯富邦69購01,438760,0.99,1.04,0.98,0.99
714678,台燿凱基63購01,1681050,1.87,2.06,1.87,2.01
714679,台燿凱基63購02,497030,1.87,2.14,1.87,2.03
714680,台燿凱基63購03,1261330,1.79,1.97,1.79,1.89
714681,台燿凱基63購04,499770,2.27,2.46,2.27,2.38
714682,台燿凱基65購01,521590,2.41,2.6,2.41,2.52
714683,台燿凱基65購02,876450,2.37,2.45,2.35,2.43
714684,台燿凱基65購03,1430750,2.26,2.3,2.24,2.29
714685,青雲凱基63購04,28700,1.44,1.44,1.43,1.43
714686,茂綸凱基63購01,42030,1.5,1.51,1.39,1.39
714687,新應材凱基63購12,387570,2.83,2.83,2.64,2.7
714688,群聯凱基63購22,29530,2.67,2.69,2.67,2.69
714689,台半台新64購01,0,,,,
714690,台燿台新63購01,1808850,2.2,2.4,2.16,2.29
714691,台燿台新66購01,2761420,2.53,2.73,2.48,2.65
714692,台燿台新69購01,409480,2.42,2.6,2.38,2.46
714693,印能台新65購02,0,,,,
714694,印能台新65購03,0,,,,
714695,良維台新63購01,135960,2.88,3.0,2.88,3.0
714696,宜鼎台新66購01,0,,,,
714697,台燿群益63購01,1316180,1.76,1.91,1.76,1.83
714698,台燿群益63購02,928380,1.83,2.0,1.83,1.92
714699,台燿群益63購03,1363160,1.51,1.71,1.51,1.64
714700,印能群益63購03,2860,1.43,1.43,1.43,1.43
714701,竹陞群益64購02,76050,1.17,1.17,1.17,1.17
714702,亞通群益64購01,187860,1.52,1.52,1.51,1.51
714703,亞通群益66購01,124690,1.75,1.77,1.75,1.75
714704,宜鼎群益63購08,18120,1.51,1.51,1.51,1.51
714705,欣銓群益63購03,506290,2.52,2.71,2.42,2.66
714706,青雲群益63購03,0,,,,
714707,青雲群益65購01,0,,,,
714708,威剛群益63購12,0,,,,
714709,家登群益63購08,293970,3.81,3.81,3.63,3.75
714710,頎邦群益65購01,637890,2.18,2.27,2.18,2.27
714711,穩懋群益63購07,1235310,4.85,5.15,4.71,5.1
714712,台燿元大63購01,1889160,1.34,1.45,1.33,1.41
714713,台燿元大64購05,749540,1.34,1.39,1.34,1.39
714714,台燿元大65購01,340460,1.45,1.53,1.43,1.48
714715,印能元大63購03,11280,1.28,1.28,1.24,1.24
714716,沛亨元大63購07,234970,1.53,1.58,1.49,1.57
714717,良維元大63購05,293660,0.79,0.91,0.79,0.88
714718,亞通元大63購05,13300,1.9,1.9,1.9,1.9
714719,宜鼎元大64購07,729600,0.81,0.86,0.8,0.8
714720,昇達科元大63購04,54310,1.26,1.27,1.22,1.23
714721,昇達科元大63購05,185380,0.99,0.99,0.93,0.94
714722,信昌電元大63購04,9990,1.67,1.67,1.66,1.66
714723,信昌電元大63購05,0,,,,
714724,威剛元大63購16,15200,1.9,1.9,1.9,1.9
714725,茂綸元大63購01,0,,,,
714726,茂綸元大64購01,64680,0.84,0.84,0.84,0.84
714727,家登元大63購02,43560,1.98,1.98,1.98,1.98
714728,家登元大64購02,0,,,,
714729,群聯元大63購31,397480,1.52,1.58,1.52,1.52
714730,群聯元大63購33,336560,1.91,2.02,1.88,1.94
714731,環球晶元大64購04,1140910,1.71,1.86,1.65,1.86
714732,環球晶元大65購07,1047210,1.37,1.53,1.31,1.53
714733,台燿永豐63購01,130810,1.35,1.41,1.33,1.38
714734,台燿永豐63購02,53430,1.33,1.33,1.27,1.27
714735,台燿永豐63購03,261670,0.83,0.87,0.83,0.87
714736,台燿永豐63購04,135300,0.97,0.99,0.97,0.99
714737,台燿永豐64購03,403540,1.03,1.09,1.03,1.07
714738,台燿永豐64購04,0,,,,
714739,台燿永豐65購01,374790,1.19,1.27,1.18,1.23
714740,台燿永豐65購02,0,,,,
714741,台燿永豐66購01,284740,2.02,2.1,2.02,2.1
714742,台燿永豐66購02,15870,3.88,4.07,3.88,3.93
714743,台燿永豐69購01,175120,2.48,2.62,2.48,2.56
714744,台燿永豐69購02,227500,2.44,2.56,2.44,2.51
714745,台燿永豐73購01,99960,3.57,3.57,3.57,3.57
714746,弘塑永豐64購02,0,,,,
714747,光焱永豐65購01,67520,0.73,0.82,0.73,0.82
714748,欣銓永豐63購01,231300,1.55,1.68,1.55,1.64
714749,博盛永豐64購03,0,,,,
714750,蜜望實永豐64購01,13230,1.89,1.89,1.89,1.89
714751,營邦永豐65購01,0,,,,
714752,環球晶永豐64購02,334350,1.17,1.32,1.17,1.32
714753,穩懋永豐63購08,260640,4.37,4.69,4.37,4.55
714754,台燿中信63購01,1827170,0.77,0.83,0.73,0.78
714755,欣銓中信63購01,105920,0.69,0.7,0.67,0.68
714756,信昌電中信63購01,188210,0.81,0.81,0.71,0.71
714757,雷科中信63購01,242140,1.5,2.0,1.5,2.0
714758,台燿國票67購01,857800,1.15,1.22,1.15,1.18
714759,東捷國票66購01,83300,2.38,2.38,2.38,2.38
714760,信昌電國票64購01,0,,,,
714761,信昌電國票64購02,4800,1.6,1.6,1.6,1.6
714762,信昌電國票65購01,78800,1.97,1.97,1.97,1.97
714763,信昌電國票65購02,211600,2.06,2.06,1.91,1.91
714764,信昌電國票66購01,0,,,,
714765,宣德國票66購01,0,,,,
714766,風青國票67購01,59480,1.11,1.11,1.05,1.05
714767,營邦國票65購01,0,,,,
714768,環球晶國票64購04,2003940,2.45,2.97,2.31,2.97
714769,台燿統一65購02,1055860,0.65,0.7,0.65,0.7
714770,台燿統一69購01,666370,0.75,0.77,0.75,0.76
714771,台燿統一69購02,61060,0.86,0.86,0.86,0.86
714772,台燿統一6C購01,97570,0.66,0.68,0.66,0.67
714773,台燿統一71購02,681710,0.8,0.83,0.8,0.82
714774,台燿統一79購01,162600,0.95,0.96,0.95,0.95
714775,印能統一69購01,117840,0.76,0.76,0.74,0.76
714776,金山電統一79購01,0,,,,
714777,青雲統一79購01,6100,0.61,0.61,0.61,0.61
714778,信昌電統一68購03,53900,0.6,0.61,0.58,0.58
714779,台燿國泰64購01,1769920,1.66,1.83,1.66,1.75
714780,台燿國泰64購02,1597880,1.48,1.63,1.48,1.58
714781,信昌電國泰64購03,35110,1.71,1.71,1.65,1.67
714782,元太富邦64購03,852340,0.76,0.79,0.76,0.76
714783,台半富邦65購01,411890,0.85,0.85,0.83,0.84
714784,台燿富邦63購04,412350,1.02,1.12,1.02,1.12
714785,台燿富邦63購05,2526420,0.92,1.0,0.92,0.98
714786,金山電富邦65購01,416740,0.79,0.79,0.77,0.77
714787,晶呈富邦65購03,551260,1.33,1.46,1.3,1.44
714788,新應材富邦66購01,128480,0.89,0.9,0.83,0.83
714789,穩懋富邦67購01,36100,1.18,1.23,1.18,1.23
714790,譜瑞富邦64購03,0,,,,
714791,印能台新63購04,0,,,,
714792,茂綸台新63購03,47120,1.52,1.52,1.52,1.52
714793,創新服台新65購02,5520,1.84,1.84,1.84,1.84
714794,富強鑫台新63購01,241890,1.57,1.57,1.34,1.38
714795,穩懋台新63購06,41150,5.05,5.3,5.0,5.3
714796,穩懋台新63購07,995380,4.12,4.22,4.12,4.22
714797,天品凱基63購01,138800,1.57,1.63,1.57,1.63
714798,台半凱基63購04,17520,2.19,2.19,2.19,2.19
714799,印能凱基63購04,84500,2.25,2.25,2.21,2.21
714800,沛亨凱基63購05,1001720,2.39,2.44,2.33,2.34
714801,良維凱基63購06,209280,2.94,3.0,2.94,3.0
714802,亞通凱基63購03,0,,,,
714803,亞通凱基64購01,0,,,,
714804,宜鼎凱基63購14,393550,1.45,1.45,1.35,1.35
714805,昇達科凱基63購05,54340,2.09,2.09,2.09,2.09
714806,欣銓凱基63購03,117480,2.46,2.46,2.4,2.4
714807,威剛凱基63購15,0,,,,
714808,家登凱基63購05,96110,3.01,3.01,2.8,2.8
714809,頎邦凱基63購08,81120,1.95,2.02,1.92,2.02
714810,營邦凱基66購02,0,,,,
714811,環球晶凱基68購01,1228010,1.6,1.8,1.56,1.8
714812,穩懋凱基65購03,117440,3.22,3.44,3.17,3.44
714813,千附精統一79購01,0,,,,
714814,印能統一79購01,475590,1.7,1.74,1.66,1.66
714815,安碁統一69購01,6300,0.63,0.63,0.63,0.63
714816,均華統一79購01,0,,,,
714817,崴寶統一6C購01,0,,,,
714818,群聯統一69購03,26400,0.88,0.88,0.88,0.88
714819,茂綸國泰64購01,574740,1.48,1.48,1.37,1.38
714820,順達國泰64購01,56880,1.92,1.98,1.92,1.98
714821,環球晶國泰64購03,118730,1.81,2.0,1.81,2.0
714822,台燿富邦69購01,970410,0.74,0.78,0.74,0.77
714823,台燿富邦79購01,599240,1.3,1.35,1.27,1.35
714824,沛亨富邦66購01,130400,0.62,0.63,0.61,0.62
714825,家登富邦65購01,482070,1.04,1.05,0.98,1.04
714826,家登富邦65購02,495930,0.87,0.87,0.82,0.85
714827,順達富邦64購03,433800,0.9,0.96,0.9,0.93
714828,天品永豐63購01,42900,1.65,1.65,1.65,1.65
714829,世界永豐63購02,45050,2.65,2.65,2.65,2.65
714830,立端永豐63購01,149260,1.32,1.35,1.26,1.26
714831,宏碁資永豐64購01,0,,,,
714832,青雲永豐64購02,0,,,,
714833,宣德永豐64購01,10410,1.3,1.31,1.3,1.31
714834,晶宏永豐63購02,0,,,,
714835,群聯永豐63購11,28800,0.96,0.96,0.96,0.96
714836,穩懋永豐66購02,611870,1.26,1.34,1.25,1.33
714837,中美晶元大64購07,877400,1.42,1.64,1.4,1.64
714838,元太元大63購10,59860,0.82,0.82,0.82,0.82
714839,印能元大63購04,53510,0.91,0.91,0.88,0.88
714840,沛亨元大63購08,156000,1.71,1.77,1.68,1.77
714841,良維元大63購06,192040,1.89,2.09,1.89,2.09
714842,良維元大63購07,471630,2.03,2.22,2.03,2.22
714843,宜鼎元大66購02,242870,1.12,1.16,1.11,1.11
714844,東捷元大65購01,351380,1.1,1.16,1.1,1.1
714845,威剛元大63購17,0,,,,
714846,家登元大63購03,114790,2.08,2.09,2.05,2.05
714847,家登元大64購03,106090,2.05,2.05,2.0,2.03
714848,晶宏元大63購04,12000,0.6,0.6,0.6,0.6
714849,群聯元大63購34,861460,1.81,1.9,1.79,1.79
714850,群聯元大67購01,910440,1.96,2.01,1.94,1.94
714851,群聯元大68購05,1474340,2.31,2.34,2.3,2.31
714852,擎亞元大65購01,95450,1.24,1.24,1.23,1.23
714853,營邦元大63購08,139240,1.66,1.66,1.65,1.65
714854,環球晶元大63購12,1227490,1.68,1.83,1.6,1.83
714855,環球晶元大64購05,972000,1.66,1.76,1.66,1.76
714856,環球晶元大65購08,607820,1.26,1.32,1.24,1.32
714857,千附精國票65購02,0,,,,
714858,巨漢國票64購01,66750,1.76,1.8,1.75,1.8
714859,印能國票64購02,0,,,,
714860,印能國票65購02,0,,,,
714861,宜鼎國票65購03,0,,,,
714862,晶呈國票68購01,41960,1.71,1.78,1.71,1.75
714863,M31群益63購03,34950,2.24,2.51,2.24,2.51
714864,天品群益63購01,1509610,1.96,2.05,1.96,2.04
714865,世界群益63購05,0,,,,
714866,竹陞群益63購03,404060,1.45,1.47,1.4,1.47
714867,威剛群益63購13,0,,,,
714868,威剛群益63購14,0,,,,
714869,博盛群益63購02,0,,,,
714870,順達群益63購08,555830,3.58,3.93,3.55,3.83
714871,鈊象群益64購02,31760,1.16,1.24,1.16,1.22
714872,新應材群益63購08,19030,1.65,1.65,1.54,1.54
714873,新應材群益63購09,651950,4.17,4.17,3.8,3.8
714874,群聯群益63購16,565700,4.61,4.9,4.5,4.5
714875,頎邦群益64購01,353660,1.47,1.53,1.47,1.47
714876,臺慶科群益64購01,75320,1.29,1.31,1.28,1.28
714877,環球晶群益63購07,776920,2.1,2.51,1.99,2.51
714878,環球晶群益63購08,325760,1.59,1.84,1.59,1.84
714879,天品統一71購01,0,,,,
714880,宏碁資統一69購01,0,,,,
714881,茂綸統一79購01,0,,,,
714882,穩懋統一69購02,82740,0.8,0.82,0.79,0.82
714883,台半群益64購01,1704620,1.7,1.74,1.7,1.73
714884,台燿群益64購01,130750,1.53,1.68,1.5,1.61
714885,宏捷科群益63購04,97750,1.23,1.28,1.23,1.28
714886,沛亨群益64購02,590180,1.28,1.33,1.28,1.33
714887,欣銓群益63購04,298550,3.22,3.41,3.22,3.33
714888,家登群益63購09,188420,2.33,2.36,2.3,2.3
714889,營邦群益64購02,16000,0.8,0.8,0.8,0.8
714890,環球晶群益63購09,5097820,1.9,2.29,1.79,2.29
714891,穩懋群益63購09,1173430,4.17,4.48,4.11,4.41
714892,宜鼎中信66購01,44700,0.79,0.8,0.79,0.8
714893,均華永豐64購02,0,,,,
714894,宏捷科永豐63購02,227130,1.13,1.13,1.13,1.13
714895,宏捷科永豐64購02,9040,1.13,1.13,1.13,1.13
714896,良維永豐64購02,248790,2.17,2.31,2.17,2.31
714897,宜鼎永豐63購09,30800,1.4,1.4,1.4,1.4
714898,宜鼎永豐64購04,193200,3.13,3.25,3.13,3.25
714899,家登永豐63購05,121110,2.29,2.34,2.29,2.33
714900,群聯永豐63購12,95950,5.05,5.05,5.05,5.05
714901,大綜元大63購01,132030,1.63,1.63,1.63,1.63
714902,台燿元大63購02,174880,1.41,1.51,1.41,1.47
714903,台燿元大63購03,217260,1.29,1.32,1.28,1.31
714904,台燿元大64購06,976910,1.28,1.37,1.28,1.34
714905,台燿元大65購02,125580,1.39,1.46,1.38,1.38
714906,印能元大63購05,17460,1.61,1.61,1.56,1.56
714907,沛亨元大63購09,276570,1.29,1.34,1.26,1.33
714908,宜鼎元大68購01,204240,1.0,1.0,0.99,0.99
714909,威剛元大63購18,72800,2.5,2.52,2.5,2.52
714910,家登元大63購04,26240,2.24,2.24,2.17,2.19
714911,家登元大64購04,99810,2.08,2.08,2.07,2.07
714912,晶宏元大63購05,0,,,,
714913,順達元大63購12,280640,1.61,1.76,1.61,1.71
714914,順達元大66購01,450890,1.59,1.72,1.59,1.72
714915,群聯元大63購35,1452140,1.68,1.78,1.68,1.68
714916,群聯元大67購02,583430,1.72,1.78,1.69,1.7
714917,群聯元大68購06,1160950,1.81,1.87,1.78,1.79
714918,德微元大63購02,167180,2.45,2.47,2.44,2.44
714919,營邦元大63購09,121850,1.72,1.72,1.68,1.68
714920,環球晶元大68購12,853230,1.56,1.68,1.51,1.68
714921,台半國票66購02,0,,,,
714922,立端國票65購02,4500,0.9,0.9,0.9,0.9
714923,茂綸國票66購01,0,,,,
714924,能率亞國票66購01,820040,0.82,0.86,0.82,0.86
714925,翔名國票69購01,907000,0.9,0.92,0.9,0.9
714926,勤凱國票64購01,0,,,,
714927,勤凱國票65購01,0,,,,
714928,德微國票65購03,0,,,,
714929,穩懋國票6A購01,28480,1.78,1.78,1.78,1.78
714930,弘塑富邦63購04,272700,1.24,1.24,1.08,1.2
714931,良維富邦64購03,969990,0.75,0.85,0.75,0.82
714932,宜鼎富邦63購05,46980,0.81,0.81,0.81,0.81
714933,環球晶富邦63購02,250540,0.84,0.94,0.79,0.94
714934,順達國泰64購02,1556880,1.87,2.04,1.87,1.95
714935,宏碁資台新63購01,6350,1.27,1.27,1.27,1.27
714936,宏碁資台新63購02,8200,0.82,0.82,0.82,0.82
714937,東捷台新65購01,221490,2.69,2.88,2.66,2.77
714938,高技台新63購02,46100,2.33,2.33,2.28,2.28
714939,創新服台新64購01,0,,,,
714940,德微台新63購02,0,,,,
714941,德微台新63購03,0,,,,
714942,環球晶台新69購01,102840,0.93,1.01,0.93,1.01
714943,穩懋台新69購01,125260,1.19,1.26,1.19,1.26
714944,大綜凱基63購02,42370,2.23,2.23,2.23,2.23
714945,中美晶凱基63購09,133330,2.74,3.01,2.74,3.01
714946,宏捷科凱基63購04,2580,1.29,1.29,1.29,1.29
714947,宏碁資凱基63購01,0,,,,
714948,沛亨凱基64購02,0,,,,
714949,東捷凱基63購04,140770,2.55,2.55,2.42,2.42
714950,茂綸凱基63購02,50720,1.37,1.38,1.26,1.26
714951,晶呈凱基63購02,1459390,2.03,2.26,2.03,2.26
714952,群聯凱基65購02,224060,3.29,3.43,3.24,3.24
714953,擎亞凱基64購01,359530,1.98,1.98,1.87,1.87
714954,環球晶凱基64購05,174560,2.33,2.53,2.2,2.53
714955,台嘉碩台新66購01,0,,,,
714956,立敦台新63購01,118730,2.49,2.53,2.48,2.53
714957,欣銓台新63購01,474600,4.97,5.2,4.97,4.97
714958,鈺創台新63購01,20040,1.67,1.67,1.67,1.67
714959,鈺創台新63購02,172860,3.33,3.33,3.32,3.32
714960,鈺創台新63購03,15840,1.32,1.32,1.32,1.32
714961,鈺創台新63購04,0,,,,
714962,鈺創台新69購01,0,,,,
714963,頎邦台新63購04,85770,3.18,3.3,3.09,3.3
714964,霖宏台新63購01,57120,0.68,0.68,0.68,0.68
714965,台燿凱基63購06,983780,2.29,2.55,2.29,2.46
714966,印能凱基63購05,213990,2.02,2.02,1.78,1.78
714967,東捷凱基67購01,0,,,,
714968,威剛凱基63購16,0,,,,
714969,富喬凱基63購04,18100,1.81,1.81,1.81,1.81
714970,富喬凱基63購05,0,,,,
714971,富喬凱基63購06,66010,1.61,1.61,1.61,1.61
714972,富喬凱基63購07,62160,1.68,1.68,1.68,1.68
714973,富喬凱基63購09,153450,1.72,1.73,1.72,1.73
714974,富喬凱基63購10,89250,1.75,1.75,1.75,1.75
714975,鈺創凱基63購01,99720,1.31,1.37,1.31,1.34
714976,鈺創凱基63購02,35190,1.53,1.53,1.53,1.53
714977,鈺創凱基63購03,87240,1.6,1.65,1.57,1.65
714978,穩懋凱基63購12,36460,4.3,4.77,4.3,4.67
714979,天品國票64購01,6480,1.62,1.62,1.62,1.62
714980,台燿國票65購01,114750,1.07,1.14,1.07,1.13
714981,沛亨國票68購03,0,,,,
714982,原相國票64購01,19370,1.49,1.49,1.49,1.49
714983,創新服國票64購01,0,,,,
714984,富喬國票64購02,23200,1.16,1.16,1.16,1.16
714985,富喬國票65購02,92250,1.23,1.23,1.23,1.23
714986,華電網國票64購01,0,,,,
714987,鈺創國票65購01,370620,1.18,1.19,1.13,1.16
714988,霖宏國票65購01,0,,,,
714989,台燿元大65購03,1026210,1.6,1.72,1.59,1.67
714990,台燿元大68購01,365830,1.46,1.55,1.44,1.51
714991,竹陞元大66購01,592790,1.04,1.04,1.01,1.02
714992,均華元大66購02,581150,0.92,0.94,0.83,0.84
714993,宜鼎元大68購02,240000,0.96,0.96,0.96,0.96
714994,威剛元大63購19,15960,2.28,2.28,2.28,2.28
714995,風青元大63購01,426190,1.9,1.9,1.69,1.74
714996,富喬元大63購07,250820,0.67,0.67,0.65,0.67
714997,富喬元大63購08,356620,0.65,0.66,0.64,0.65
714998,晶宏元大63購06,0,,,,
714999,群聯元大63購36,400250,1.61,1.69,1.57,1.57
715000,群聯元大63購37,265610,1.57,1.61,1.57,1.57
715001,群聯元大64購16,555730,1.3,1.35,1.29,1.29
715002,鈺創元大63購01,326030,0.84,0.88,0.84,0.85
715003,鈺創元大63購02,15470,0.91,0.91,0.91,0.91
715004,霖宏元大63購01,472730,1.23,1.23,1.18,1.18
715005,擎亞元大66購01,160050,1.35,1.35,1.28,1.28
715006,營邦元大63購10,0,,,,
715007,環球晶元大68購13,2097650,1.91,1.99,1.83,1.99
715008,世界永豐63購03,0,,,,
715009,台嘉碩永豐63購01,118260,0.99,1.02,0.99,1.02
715010,台燿永豐63購06,505460,1.97,2.07,1.97,2.01
715011,台燿永豐64購05,851660,2.09,2.25,2.07,2.15
715012,伯特光永豐66購01,0,,,,
715013,東洋永豐64購01,0,,,,
715014,杰力永豐64購02,95540,0.83,0.87,0.83,0.87
715015,長佳智永豐63購01,1720,0.86,0.86,0.86,0.86
715016,昱展永豐64購02,0,,,,
715017,茂綸永豐63購01,0,,,,
715018,博士旺永豐64購01,4880,0.61,0.61,0.61,0.61
715019,富喬永豐63購03,107780,0.98,0.98,0.96,0.97
715020,富喬永豐63購04,109120,0.82,0.82,0.81,0.82
715021,富喬永豐63購05,185310,0.77,0.77,0.76,0.77
715022,富喬永豐64購03,49020,1.14,1.14,1.14,1.14
715023,智擎永豐64購01,0,,,,
715024,鈺創永豐63購01,32830,0.93,0.95,0.93,0.93
715025,鈺創永豐63購02,94090,0.97,0.97,0.97,0.97
715026,鈺創永豐63購03,164600,0.97,0.97,0.93,0.93
715027,鈺創永豐63購04,55460,0.94,0.94,0.94,0.94
715028,鈺創永豐64購01,181040,1.46,1.46,1.46,1.46
715029,廣穎永豐63購01,187000,0.85,0.85,0.85,0.85
715030,霖宏永豐63購01,269210,1.01,1.02,1.01,1.01
715031,環球晶永豐63購11,467920,1.21,1.4,1.19,1.4
715032,環球晶永豐63購12,3314150,1.62,2.45,1.58,2.45
715033,台燿中信63購02,1566520,1.02,1.12,1.02,1.11
715034,富喬中信64購04,6100,0.61,0.61,0.61,0.61
715035,富喬國泰64購01,61540,1.81,1.81,1.81,1.81
715036,富喬國泰64購02,60040,1.58,1.58,1.58,1.58
715037,宜鼎富邦63購06,114460,0.53,0.53,0.52,0.52
715038,富喬富邦63購02,250880,0.66,0.67,0.66,0.67
715039,德微富邦63購02,53040,0.78,0.78,0.78,0.78
715040,穩懋富邦66購01,63790,0.94,1.0,0.92,1.0
715041,M31群益63購04,203640,1.85,2.31,1.84,2.28
715042,中美晶群益63購07,647150,3.05,3.64,3.05,3.64
715043,弘塑群益64購02,40440,1.7,1.89,1.7,1.89
715044,印能群益64購01,0,,,,
715045,欣銓群益63購05,55450,1.57,1.61,1.56,1.61
715046,環球晶群益63購10,2731810,1.84,2.1,1.76,2.1
715047,穩懋群益63購11,131420,2.31,2.47,2.31,2.47
715048,譜瑞群益63購02,4320,1.44,1.44,1.44,1.44
715049,台半統一66購01,44880,0.68,0.68,0.68,0.68
715050,台燿統一79購02,5110,0.86,0.86,0.85,0.85
715051,金山電統一6C購03,0,,,,
715052,富喬統一68購01,39440,0.58,0.58,0.58,0.58
715053,富喬統一69購01,30240,0.63,0.63,0.63,0.63
715054,富喬統一6A購02,0,,,,
715055,富喬統一79購01,943230,0.69,0.69,0.69,0.69
715056,群聯統一6B購02,56200,0.64,0.67,0.64,0.65
715057,鈺創統一68購01,15600,0.65,0.65,0.65,0.65
715058,鈺創統一69購01,308040,0.68,0.68,0.68,0.68
715059,鈺創統一71購01,6600,0.66,0.66,0.66,0.66
715060,鈺創統一79購01,227500,0.59,0.6,0.59,0.6
715061,旺矽台新63購01,59730,1.81,1.81,1.81,1.81
715062,旺矽台新63購02,0,,,,
715063,旺矽台新63購03,17420,1.34,1.34,1.34,1.34
715064,旺矽台新63購04,14520,3.69,3.69,3.53,3.53
715065,旺矽台新63購05,143340,0.71,0.71,0.67,0.67
715066,旺矽台新69購01,30000,1.5,1.5,1.5,1.5
715067,旺矽台新69購02,0,,,,
715068,群聯台新69購01,139000,1.42,1.48,1.42,1.48
715069,群聯台新69購02,30830,1.19,1.24,1.19,1.24
715070,群聯台新69購03,73840,1.01,1.07,1.01,1.05
715071,點序台新63購01,320780,1.69,1.89,1.69,1.89
715072,弘塑凱基63購09,22430,2.47,2.57,2.47,2.57
715073,印能凱基63購06,107320,1.94,2.02,1.94,2.02
715074,竹陞凱基69購01,264660,0.96,0.97,0.94,0.97
715075,均華凱基63購04,233910,0.85,0.89,0.74,0.75
715076,宜鼎凱基66購02,28040,2.01,2.01,1.99,1.99
715077,旺矽凱基63購03,569210,1.51,1.65,1.41,1.44
715078,旺矽凱基63購04,0,,,,
715079,旺矽凱基63購05,113960,1.54,1.54,1.54,1.54
715080,旺矽凱基63購06,1880,1.88,1.88,1.88,1.88
715081,旺矽凱基63購07,169680,1.46,1.46,1.34,1.34
715082,旺矽凱基63購08,90160,1.84,1.84,1.84,1.84
715083,旺矽凱基65購01,294780,1.24,1.28,1.14,1.14
715084,旺矽凱基65購02,194220,1.52,1.52,1.39,1.39
715085,旺矽凱基65購03,237550,2.0,2.0,1.99,1.99
715086,旺矽凱基67購01,622470,1.76,1.8,1.64,1.64
715087,旺矽凱基67購02,595000,2.16,2.24,2.04,2.04
715088,富喬凱基65購02,0,,,,
715089,群聯凱基68購03,76270,2.63,2.63,2.63,2.63
715090,頎邦凱基64購05,544130,1.11,1.14,1.1,1.13
715091,環球晶凱基63購05,352610,2.63,2.84,2.59,2.84
715092,穩懋凱基63購14,1817890,2.9,3.09,2.88,3.08
715093,譜瑞凱基65購03,0,,,,
715094,大綜元大63購02,60800,1.52,1.52,1.52,1.52
715095,天品元大63購01,78800,1.17,1.22,1.17,1.22
715096,竹陞元大64購01,0,,,,
715097,竹陞元大66購02,14660,0.92,0.92,0.91,0.91
715098,沛亨元大64購01,0,,,,
715099,沛亨元大66購01,0,,,,
715100,旺矽元大63購01,1002040,1.08,1.13,1.03,1.03
715101,旺矽元大63購02,435200,1.01,1.06,0.95,0.95
715102,旺矽元大63購03,414670,0.84,0.87,0.78,0.78
715103,旺矽元大65購01,392960,1.19,1.24,1.18,1.23
715104,旺矽元大67購01,255760,1.23,1.28,1.18,1.18
715105,旺矽元大68購01,842680,1.34,1.39,1.32,1.37
715106,晶宏元大63購07,0,,,,
715107,雅特力元大63購06,0,,,,
715108,群聯元大63購38,187010,1.49,1.54,1.47,1.54
715109,群聯元大63購39,148950,1.46,1.52,1.44,1.51
715110,群聯元大66購08,386460,1.43,1.48,1.41,1.42
715111,營邦元大63購11,0,,,,
715112,環球晶元大63購13,1710970,1.79,1.92,1.69,1.92
715113,M31國票66購02,14490,1.61,1.61,1.61,1.61
715114,大綜國票65購01,61500,1.54,1.54,1.53,1.53
715115,中美晶國票68購01,0,,,,
715116,世界國票66購01,29700,1.1,1.1,1.1,1.1
715117,安葆國票65購02,0,,,,
715118,宏碁資國票68購01,0,,,,
715119,良維國票69購02,0,,,,
715120,旺矽國票64購01,21800,1.3,1.3,1.24,1.24
715121,旺矽國票65購01,0,,,,
715122,旺矽國票66購01,0,,,,
715123,旺矽國票67購02,0,,,,
715124,欣銓國票67購01,17820,0.81,0.81,0.81,0.81
715125,青雲國票64購02,0,,,,
715126,青雲國票65購02,0,,,,
715127,華景電國票65購03,0,,,,
715128,聖暉*國票65購04,113980,1.05,1.05,1.04,1.04
715129,頎邦國票6A購01,0,,,,
715130,穩懋國票6C購01,10400,1.04,1.04,1.04,1.04
715131,大綜群益64購01,0,,,,
715132,中美晶群益63購08,255880,1.23,1.51,1.21,1.51
715133,台星科群益63購01,457480,1.76,2.03,1.76,1.98
715134,巨漢群益63購01,57010,1.81,1.86,1.81,1.85
715135,安碁群益63購01,0,,,,
715136,竹陞群益63購04,89760,1.02,1.02,1.02,1.02
715137,均華群益63購04,127920,0.78,0.78,0.78,0.78
715138,良維群益63購04,17150,1.68,1.75,1.68,1.75
715139,宜鼎群益63購09,158980,1.17,1.18,1.16,1.17
715140,旺矽群益63購02,148800,1.68,1.77,1.6,1.6
715141,旺矽群益63購03,74400,1.86,1.96,1.86,1.96
715142,旺矽群益63購04,43150,2.79,2.94,2.79,2.94
715143,東捷群益63購04,1376530,2.41,2.81,2.36,2.47
715144,南俊群益64購01,0,,,,
715145,順達群益63購09,82700,1.35,1.42,1.35,1.42
715146,群聯群益63購17,296800,1.93,2.06,1.86,1.86
715147,聖暉*群益63購02,91820,1.48,1.54,1.48,1.54
715148,鈺創群益63購01,356440,1.34,1.34,1.34,1.34
715149,鈺創群益64購01,889180,1.68,1.7,1.63,1.68
715150,頎邦群益63購07,111250,0.89,0.89,0.89,0.89
715151,頎邦群益63購08,91550,1.07,1.13,1.07,1.13
715152,環球晶群益63購11,603430,1.5,1.74,1.43,1.74
715153,順達國泰64購03,8000,1.6,1.6,1.6,1.6
715154,世界富邦66購01,52930,0.79,0.79,0.79,0.79
715155,均華富邦65購02,518510,0.54,0.55,0.48,0.48
715156,旺矽富邦65購01,0,,,,
715157,旺矽富邦69購01,111070,1.13,1.14,1.07,1.07
715158,昇達科富邦67購01,76650,0.8,0.8,0.77,0.77
715159,原相富邦63購01,0,,,,
715160,富喬富邦6C購01,39600,0.66,0.66,0.66,0.66
715161,新應材富邦69購01,393700,0.85,0.86,0.8,0.8
715162,德微富邦63購03,0,,,,
715163,中美晶統一69購01,89060,0.73,0.73,0.73,0.73
715164,世界統一69購01,0,,,,
715165,台嘉碩統一69購01,142100,0.7,0.7,0.7,0.7
715166,竹陞統一79購01,44660,0.68,0.68,0.67,0.68
715167,旺矽統一67購01,546160,0.98,0.98,0.91,0.92
715168,旺矽統一67購02,110380,1.26,1.3,1.24,1.3
715169,東捷統一6C購01,10350,0.69,0.69,0.69,0.69
715170,欣銓統一6C購02,0,,,,
715171,群聯統一69購04,0,,,,
715172,鈺創統一69購02,53960,0.71,0.71,0.71,0.71
715173,霖宏統一71購01,0,,,,
715174,環球晶統一69購01,91750,0.73,0.74,0.73,0.74
715175,世界中信66購01,384200,0.95,1.0,0.95,1.0
715176,旺矽中信63購01,8020,0.5,0.51,0.47,0.47
715177,順達中信63購01,1292620,0.79,0.91,0.79,0.87
715178,群聯中信63購03,493340,0.65,0.7,0.64,0.64
715179,天品永豐66購01,122690,1.07,1.13,1.07,1.13
715180,均華永豐65購01,0,,,,
715181,宏碁資永豐63購02,0,,,,
715182,良維永豐64購03,0,,,,
715183,旺矽永豐63購01,26710,0.94,0.94,0.89,0.89
715184,旺矽永豐63購02,6900,0.72,0.72,0.66,0.66
715185,旺矽永豐63購03,60120,0.67,0.68,0.62,0.62
715186,旺矽永豐66購01,34320,1.22,1.24,1.22,1.24
715187,旺矽永豐66購02,49820,1.06,1.06,1.06,1.06
715188,旺矽永豐69購01,0,,,,
715189,昇達科永豐64購01,17640,0.84,0.84,0.84,0.84
715190,欣銓永豐63購02,10890,0.99,0.99,0.99,0.99
715191,倚強永豐63購01,66360,4.74,4.74,4.74,4.74
715192,創新服永豐63購02,72000,0.72,0.72,0.72,0.72
715193,富喬永豐65購03,12150,0.81,0.81,0.81,0.81
715194,聖暉*永豐63購03,268830,1.22,1.3,1.22,1.26
715195,頎邦永豐65購03,90880,1.28,1.28,1.28,1.28
715196,穩懋永豐63購09,242260,1.0,1.04,0.95,1.04
715197,台星科台新63購01,119430,1.46,1.61,1.46,1.61
715198,安碁台新63購01,0,,,,
715199,沛亨台新64購01,14960,1.36,1.36,1.36,1.36
715200,旺矽台新63購06,10750,2.15,2.15,2.15,2.15
715201,欣銓台新63購03,153280,1.35,1.37,1.34,1.34
715202,欣銓台新63購04,181280,1.24,1.26,1.21,1.21
715203,威剛台新63購05,0,,,,
715204,威剛台新63購06,0,,,,
715205,威剛台新66購03,0,,,,
715206,宸曜台新66購01,6030,1.06,1.06,0.95,0.95
715207,宸曜台新69購01,0,,,,
715208,富喬台新63購01,0,,,,
715209,富喬台新63購02,0,,,,
715210,順達台新65購01,117570,1.94,2.11,1.94,2.11
715211,新盛力台新63購01,197240,1.2,1.35,1.2,1.28
715212,新盛力台新66購01,177780,1.02,1.12,1.02,1.12
715213,新盛力台新69購01,0,,,,
715214,點序台新66購01,44030,1.19,1.19,1.19,1.19
715215,M31凱基65購01,159120,2.79,3.08,2.79,3.08
715216,大綜凱基64購01,16800,1.68,1.68,1.68,1.68
715217,中美晶凱基63購10,207330,1.8,1.92,1.75,1.92
715218,世界凱基63購08,14910,2.13,2.13,2.13,2.13
715219,台星科凱基64購01,50460,0.96,1.05,0.96,1.05
715220,均華凱基67購01,33280,1.51,1.52,1.51,1.52
715221,沛亨凱基66購01,17100,1.9,1.9,1.9,1.9
715222,良維凱基69購02,144890,1.86,2.02,1.86,1.97
715223,宜鼎凱基66購03,20280,1.69,1.69,1.69,1.69
715224,欣銓凱基65購02,38700,0.9,0.9,0.9,0.9
715225,青雲凱基64購02,1910,1.91,1.91,1.91,1.91
715226,倚強凱基63購02,245910,2.44,2.73,2.41,2.55
715227,順達凱基63購11,85030,1.98,2.09,1.98,2.09
715228,新盛力凱基63購01,148400,1.85,1.86,1.85,1.86
715229,新盛力凱基63購02,363780,2.09,2.37,2.09,2.35
715230,新盛力凱基63購03,54300,2.04,2.13,2.04,2.13
715231,群聯凱基67購02,88830,3.08,3.14,3.0,3.0
715232,聖暉*凱基63購04,87520,2.0,2.08,2.0,2.08
715233,頎邦凱基63購09,0,,,,
715234,頎邦凱基63購10,131270,1.13,1.15,1.11,1.11
715235,營邦凱基65購01,0,,,,
715236,環球晶凱基66購01,255720,1.97,2.13,1.94,2.13
715237,立端國票66購01,9270,1.03,1.03,1.03,1.03
715238,東捷國票65購01,1660,1.66,1.66,1.66,1.66
715239,家登國票64購03,9600,1.6,1.6,1.6,1.6
715240,高僑國票65購02,0,,,,
715241,博盛國票68購01,0,,,,
715242,順達國票69購01,12000,1.21,1.21,1.19,1.19
715243,新盛力國票64購01,0,,,,
715244,新盛力國票65購01,59450,2.05,2.05,2.05,2.05
715245,群聯國票68購02,0,,,,
715246,磐亞國票64購01,0,,,,
715247,聰泰國票65購01,20100,0.67,0.67,0.67,0.67
715248,中美晶永豐63購02,25180,2.3,2.3,2.24,2.24
715249,世界永豐63購04,0,,,,
715250,富喬永豐64購04,0,,,,
715251,華景電永豐64購01,27960,1.52,1.56,1.52,1.56
715252,新盛力永豐63購02,50320,1.36,1.36,1.36,1.36
715253,新盛力永豐64購01,0,,,,
715254,新盛力永豐65購01,50240,1.57,1.57,1.57,1.57
715255,新應材永豐66購03,0,,,,
715256,頎邦永豐66購02,111870,1.25,1.27,1.25,1.27
715257,旺矽中信63購02,530040,0.68,0.7,0.6,0.6
715258,環球晶中信63購02,184760,0.66,0.81,0.66,0.81
715259,千附精元大65購01,0,,,,
715260,天品元大63購02,30600,1.21,1.24,1.21,1.24
715261,竹陞元大63購04,0,,,,
715262,竹陞元大64購02,0,,,,
715263,竹陞元大67購01,15200,0.95,0.95,0.95,0.95
715264,宏碁資元大63購01,0,,,,
715265,宜鼎元大63購17,10560,0.88,0.88,0.88,0.88
715266,宜鼎元大63購18,129300,0.69,0.72,0.69,0.72
715267,旺矽元大65購02,633260,1.53,1.6,1.46,1.47
715268,旺矽元大67購02,143320,1.32,1.37,1.3,1.36
715269,旺矽元大68購02,27830,1.27,1.27,1.26,1.26
715270,東捷元大63購05,0,,,,
715271,東捷元大63購06,0,,,,
715272,東捷元大63購07,0,,,,
715273,東捷元大66購01,20840,0.74,0.76,0.73,0.73
715274,威剛元大67購03,0,,,,
715275,倚強元大63購01,136620,1.68,1.77,1.68,1.68
715276,富喬元大63購10,89700,0.78,0.78,0.78,0.78
715277,富喬元大63購11,0,,,,
715278,富喬元大63購12,0,,,,
715279,富喬元大64購07,0,,,,
715280,新盛力元大69購01,56900,1.67,1.68,1.67,1.68
715281,群聯元大63購40,48520,1.18,1.2,1.16,1.2
715282,群聯元大66購09,0,,,,
715283,雷科元大66購01,13290,1.91,1.91,1.89,1.89
715284,雷科元大69購01,0,,,,
715285,鈺創元大63購03,15150,1.01,1.01,1.01,1.01
715286,鈺創元大63購04,0,,,,
715287,磐亞元大63購01,493540,2.3,2.35,2.29,2.32
715288,環球晶元大63購14,584620,1.59,1.76,1.59,1.75
715289,宜鼎群益63購10,248190,1.36,1.36,1.28,1.29
715290,宜鼎群益63購11,95650,1.19,1.19,1.13,1.13
715291,旺矽群益65購01,47800,0.82,0.87,0.77,0.78
715292,宣德群益63購01,0,,,,
715293,倚強群益63購02,690810,3.36,3.74,3.35,3.47
715294,高僑群益63購01,0,,,,
715295,新盛力群益63購02,55010,1.59,1.59,1.51,1.51
715296,新盛力群益63購03,136750,1.62,1.71,1.62,1.71
715297,群聯群益63購18,24000,2.38,2.42,2.38,2.42
715298,頎邦群益63購10,355060,2.91,3.07,2.91,3.02
715299,環球晶群益64購02,668170,1.34,1.5,1.27,1.5
715300,中美晶國泰64購02,0,,,,
715301,宜鼎國泰64購01,0,,,,
715302,旺矽國泰64購01,80910,0.99,1.03,0.92,0.92
715303,新盛力國泰64購01,2727740,1.92,2.17,1.9,1.98
715304,新盛力國泰64購02,635800,1.6,1.74,1.59,1.61
715305,德微國泰64購02,18880,1.57,1.59,1.57,1.59
715306,旺矽富邦66購01,0,,,,
715307,創新服富邦64購01,10200,0.68,0.68,0.68,0.68
715308,鈊象富邦66購02,0,,,,
715309,新盛力富邦65購01,111130,0.94,0.96,0.91,0.91
715310,新盛力富邦66購01,164750,0.73,0.8,0.73,0.73
715311,頎邦富邦63購04,1170,0.39,0.39,0.39,0.39
715312,旺矽統一63購07,90160,0.98,0.98,0.98,0.98
715313,東捷統一79購01,30610,0.74,0.75,0.74,0.75
715314,欣銓統一65購05,9200,0.46,0.46,0.46,0.46
715315,欣銓統一69購02,0,,,,
715316,富喬統一6C購03,0,,,,
715317,富喬統一6C購04,0,,,,
715318,新盛力統一67購02,188990,0.75,0.81,0.75,0.81
715319,新盛力統一69購02,301400,0.71,0.73,0.71,0.73
715320,新盛力統一71購01,59500,0.85,0.85,0.85,0.85
715321,新盛力統一79購01,43900,0.89,0.89,0.87,0.87
715322,鈺創統一6C購01,0,,,,
715323,頎邦統一6C購02,113880,0.52,0.52,0.52,0.52
715324,M31台新63購02,28980,2.4,2.43,2.4,2.43
715325,中美晶台新63購04,28050,1.29,1.54,1.29,1.54
715326,天品台新63購01,0,,,,
715327,天品台新65購01,0,,,,
715328,世界台新63購03,0,,,,
715329,世界台新63購04,35450,2.09,2.16,2.05,2.16
715330,光焱台新64購01,186000,1.24,1.24,1.24,1.24
715331,安葆台新65購01,0,,,,
715332,安葆台新65購02,0,,,,
715333,旺矽台新63購07,57500,3.82,3.84,3.82,3.84
715334,旺矽台新63購08,0,,,,
715335,南俊台新63購03,0,,,,
715336,倚強台新65購01,117550,2.38,2.56,2.38,2.45
715337,富喬台新63購05,0,,,,
715338,富喬台新63購06,0,,,,
715339,順達台新66購01,60390,1.99,2.02,1.99,2.02
715340,新盛力台新63購02,113280,3.36,3.44,3.36,3.44
715341,萬泰科台新63購01,3800,1.9,1.9,1.9,1.9
715342,雷科台新63購01,0,,,,
715343,頎邦台新63購06,159680,2.1,2.21,2.1,2.12
715344,環球晶台新64購03,11400,11.4,11.4,11.4,11.4
715345,環球晶台新64購04,0,,,,
715346,M31凱基63購05,214460,1.97,2.25,1.97,2.08
715347,光頡凱基63購04,203220,2.53,2.67,2.53,2.61
715348,光頡凱基66購01,20610,2.29,2.29,2.29,2.29
715349,安葆凱基63購02,0,,,,
715350,宜鼎凱基64購04,0,,,,
715351,旺矽凱基65購04,0,,,,
715352,金山電凱基63購03,0,,,,
715353,金山電凱基63購04,32000,1.6,1.6,1.6,1.6
715354,威剛凱基66購01,0,,,,
715355,倚強凱基63購03,0,,,,
715356,博智凱基63購07,59590,1.01,1.01,1.01,1.01
715357,富喬凱基65購03,5480,1.37,1.37,1.37,1.37
715358,富喬凱基67購01,29760,1.36,1.38,1.34,1.34
715359,群聯凱基63購23,0,,,,
715360,群聯凱基69購02,48300,1.96,1.96,1.92,1.92
715361,頎邦凱基63購11,104480,3.15,3.24,3.14,3.14
715362,德微凱基63購03,34920,1.94,1.94,1.94,1.94
715363,環球晶凱基64購06,490000,1.26,1.42,1.26,1.42
715364,M31國票69購01,0,,,,
715365,台星科國票66購01,13300,0.95,0.95,0.95,0.95
715366,安葆國票6A購01,11800,1.18,1.18,1.18,1.18
715367,茂綸國票6A購01,0,,,,
715368,富喬康和63購01,0,,,,
715369,天品元大63購03,0,,,,
715370,光頡元大65購01,0,,,,
715371,光頡元大66購01,0,,,,
715372,光頡元大69購01,0,,,,
715373,旺矽元大63購05,536820,1.22,1.27,1.21,1.27
715374,旺矽元大63購06,248300,1.87,1.96,1.85,1.96
715375,旺矽元大63購07,175720,1.51,1.58,1.49,1.58
715376,東捷元大63購08,0,,,,
715377,東捷元大63購09,0,,,,
715378,東捷元大63購10,0,,,,
715379,東捷元大66購02,0,,,,
715380,欣銓元大63購06,14070,1.4,1.42,1.4,1.41
715381,欣銓元大65購02,31290,1.0,1.01,1.0,1.01
715382,欣銓元大66購01,0,,,,
715383,倚強元大63購02,9760,4.88,4.88,4.88,4.88
715384,富喬元大63購13,0,,,,
715385,富喬元大63購14,0,,,,
715386,晶呈元大63購02,451580,1.13,1.21,1.1,1.19
715387,群聯元大63購41,10960,1.37,1.37,1.37,1.37
715388,群聯元大63購42,0,,,,
715389,群聯元大63購43,0,,,,
715390,環球晶元大63購15,101930,0.67,0.73,0.67,0.73
715391,光頡中信63購02,121570,0.89,0.89,0.78,0.81
715392,欣銓中信66購01,26500,0.53,0.53,0.53,0.53
715393,高技中信63購01,0,,,,
715394,環球晶中信64購01,0,,,,
715395,M31永豐64購02,0,,,,
715396,世界永豐66購02,0,,,,
715397,旺矽永豐67購01,0,,,,
715398,旺矽永豐67購02,0,,,,
715399,欣銓永豐63購03,0,,,,
715400,倚強永豐63購02,1270,1.27,1.27,1.27,1.27
715401,新盛力永豐66購01,690460,1.11,1.17,1.11,1.17
715402,碩禾永豐64購01,96040,1.0,1.0,0.95,0.98
715403,光頡國泰64購03,10200,2.04,2.04,2.04,2.04
715404,易發國泰64購01,2845070,1.33,1.54,1.33,1.48
715405,威剛國泰64購01,0,,,,
715406,胡連國泰64購01,0,,,,
715407,東捷富邦64購01,231240,0.94,0.99,0.92,0.92
715408,欣銓富邦63購02,184040,0.38,0.39,0.38,0.39
715409,群聯富邦65購09,187630,0.9,0.92,0.9,0.92
715410,群聯富邦66購03,185400,0.87,0.88,0.87,0.88
715411,頎邦富邦65購03,114070,0.6,0.62,0.6,0.62
715412,頎邦富邦66購02,99480,0.58,0.6,0.58,0.58
715413,環球晶富邦63購03,196830,0.62,0.69,0.62,0.69
715414,M31統一79購01,313460,0.69,0.71,0.69,0.71
715415,光頡統一69購02,0,,,,
715416,光頡統一79購02,0,,,,
715417,光頡統一79購03,0,,,,
715418,安葆統一74購02,0,,,,
715419,均華統一6C購02,0,,,,
715420,亞信統一6C購01,0,,,,
715421,昇達科統一69購01,0,,,,
715422,欣銓統一69購03,0,,,,
715423,金山電統一79購02,0,,,,
715424,茂迪統一67購03,71250,0.75,0.75,0.75,0.75
715425,高僑統一6C購01,0,,,,
715426,新盛力統一6B購01,0,,,,
715427,頎邦統一79購01,0,,,,
715428,M31群益63購05,1390,1.39,1.39,1.39,1.39
715429,中美晶群益63購09,2283500,1.69,2.15,1.69,2.15
715430,世界群益63購07,1160,1.16,1.16,1.16,1.16
715431,台特化群益6A購01,0,,,,
715432,弘塑群益63購07,198000,0.99,0.99,0.99,0.99
715433,光頡群益66購02,0,,,,
715434,光頡群益69購01,0,,,,
715435,均豪群益63購02,0,,,,
715436,旺矽群益68購01,0,,,,
715437,朋程群益65購01,0,,,,
715438,欣銓群益66購01,0,,,,
715439,欣銓群益67購01,0,,,,
715440,倚強群益65購02,93600,2.34,2.34,2.34,2.34
715441,順達群益64購01,20580,1.47,1.47,1.47,1.47
715442,新盛力群益66購01,5670,1.89,1.89,1.89,1.89
715443,新盛力群益69購01,0,,,,
715444,新應材群益67購01,0,,,,
715445,群聯群益63購19,0,,,,
715446,頎邦群益63購11,0,,,,
715447,德微群益63購02,0,,,,
715448,營邦群益65購02,0,,,,
715449,M31凱基66購01,0,,,,
715450,台星科凱基65購01,12560,1.57,1.57,1.57,1.57
715451,光頡凱基63購05,0,,,,
715452,安葆凱基63購03,0,,,,
715453,宜鼎凱基65購03,0,,,,
715454,宜鼎凱基69購01,0,,,,
715455,高技凱基64購01,0,,,,
715456,富喬凱基65購04,0,,,,
715457,順達凱基63購12,0,,,,
715458,順達凱基66購02,0,,,,
715459,新盛力凱基63購04,0,,,,
715460,聖暉*凱基68購01,0,,,,
715461,德微凱基63購04,1680,1.68,1.68,1.68,1.68
715462,環球晶凱基65購01,0,,,,
715463,環球晶凱基69購03,3720,1.24,1.24,1.24,1.24
715464,光頡中信67購01,96000,0.96,0.96,0.96,0.96
715465,旺矽中信63購03,0,,,,
715466,環球晶中信63購03,147330,1.13,1.3,1.13,1.3
715467,九暘永豐64購02,0,,,,
715468,川寶永豐64購01,0,,,,
715469,安葆永豐64購03,0,,,,
715470,威剛永豐63購04,0,,,,
715471,威剛永豐64購04,0,,,,
715472,龍巖永豐63購01,0,,,,
715473,川寶台新63購01,112660,0.79,0.87,0.78,0.87
715474,川寶台新63購02,36270,0.71,0.77,0.71,0.77
715475,安葆台新63購02,0,,,,
715476,博智台新63購01,0,,,,
715477,博智台新64購01,0,,,,
715478,富喬台新66購01,0,,,,
715479,廣閎科台新63購02,0,,,,
715480,德微台新64購02,0,,,,
715481,M31元大63購04,42840,1.74,1.92,1.74,1.92
715482,M31元大63購05,2040,2.04,2.04,2.04,2.04
715483,M31元大65購02,38250,0.9,0.99,0.9,0.99
715484,M31元大69購01,370550,0.82,0.87,0.82,0.87
715485,世界元大63購10,0,,,,
715486,印能元大63購06,0,,,,
715487,均華元大63購08,0,,,,
715488,旺矽元大63購08,0,,,,
715489,旺矽元大63購09,0,,,,
715490,欣銓元大65購03,0,,,,
715491,建榮元大63購02,0,,,,
715492,茂綸元大66購01,0,,,,
715493,高技元大63購11,0,,,,
715494,富喬元大63購15,0,,,,
715495,富喬元大63購16,0,,,,
715496,新盛力元大63購01,0,,,,
715497,新盛力元大67購01,0,,,,
715498,新盛力元大69購02,0,,,,
715499,群聯元大69購03,0,,,,
715500,環球晶元大63購16,63780,0.84,0.86,0.84,0.86
715501,環球晶元大63購17,0,,,,
715502,環球晶元大66購06,5200,1.04,1.04,1.04,1.04
715503,環球晶元大67購05,8000,0.8,0.8,0.8,0.8
715504,川寶國票65購03,0,,,,
715505,光頡國票64購02,2620,1.31,1.31,1.31,1.31
715506,安葆國票67購01,0,,,,
715507,宜鼎國票6A購01,0,,,,
715508,昇達科國票66購01,0,,,,
715509,創泓國票63購02,0,,,,
715510,富喬國票64購03,0,,,,
715511,雷科國票65購02,0,,,,
715512,廣閎科國票66購01,0,,,,
715513,德微國票66購01,0,,,,
715514,環球晶國票64購05,1459940,1.8,1.96,1.8,1.96
715515,環球晶國票65購02,2170,2.17,2.17,2.17,2.17
715516,光頡群益66購03,0,,,,
715517,宜鼎群益64購02,0,,,,
715518,旺矽群益64購01,20100,0.69,0.69,0.63,0.63
715519,南俊群益65購01,76850,3.08,3.08,3.05,3.05
715520,威剛群益68購01,0,,,,
715521,新盛力群益66購02,0,,,,
715522,群聯群益63購20,0,,,,
715523,德微群益64購01,0,,,,
715524,環球晶群益64購03,0,,,,
715525,光頡國泰64購04,0,,,,
715526,宏捷科國泰64購02,152220,1.6,1.62,1.6,1.62
715527,旺矽國泰64購02,68000,0.8,0.8,0.8,0.8
715528,博智國泰64購01,0,,,,
715529,富喬國泰64購03,0,,,,
715530,富喬國泰64購04,10500,1.06,1.06,1.04,1.04
715531,M31統一79購02,0,,,,
715532,台星科統一69購01,0,,,,
715533,光頡統一69購03,0,,,,
715534,光頡統一69購04,0,,,,
715535,宜鼎統一68購01,0,,,,
715536,金山電統一6C購04,0,,,,
715537,環球晶統一6C購02,0,,,,
715538,M31富邦65購03,0,,,,
715539,M31富邦66購01,0,,,,
715540,印能富邦65購03,0,,,,
715541,印能富邦66購01,0,,,,
715542,宜鼎富邦69購01,0,,,,
715543,順達富邦66購01,0,,,,
715544,鈊象富邦65購02,0,,,,
72400U,博智群益5A售02,0,,,,
72414U,振曜群益5A售01,0,,,,
72479U,擎亞群益5B售01,0,,,,
72485U,信驊群益5B售01,0,,,,
724979,鈊象統一5A購01,0,,,,
72501U,雙鴻中信5B售02,23590,0.03,0.05,0.03,0.05
725048,原相統一5A購01,0,,,,
72523U,新應材群益5B售01,0,,,,
72572U,精測群益62售01,0,,,,
725744,新復興統一5A購01,50,0.05,0.05,0.05,0.05
72587U,華電網國票5A售01,0,,,,
725881,鈊象元富5A購01,0,,,,
726037,元債20元富5A購01,0,,,,
726070,元債20元富5A購02,0,,,,
72610U,富喬國票5C售02,28200,0.06,0.06,0.06,0.06
726119,華星光統一5B購01,0,,,,
72614U,富喬中信5C售02,0,,,,
726194,元債20元富5B購01,0,,,,
72622U,精測群益62售02,0,,,,
72629U,櫃200群益5B售02,0,,,,
72638U,譜瑞群益5C售01,0,,,,
72691U,信驊群益5B售03,0,,,,
726924,金麗科統一5B購01,0,,,,
726925,金麗科統一5B購02,0,,,,
726926,金麗科統一5B購03,0,,,,
726927,金麗科統一5B購04,0,,,,
72692U,信驊群益61售02,530,0.02,0.04,0.02,0.04
72704U,點序群益61售01,51600,1.29,1.29,1.29,1.29
72713U,世界群益5B售01,0,,,,
72724U,信驊國票5B售01,1000,0.01,0.01,0.01,0.01
72733U,中探針群益62售01,460,0.06,0.16,0.06,0.16
72735U,世界群益5A售01,0,,,,
72736U,精材群益5A售04,0,,,,
72737U,雙鴻群益5A售04,0,,,,
72747U,閎康群益5A售02,0,,,,
72748U,精測群益5A售02,0,,,,
72749U,精測群益62售04,42970,0.63,0.67,0.63,0.66
72754U,博智群益62售02,0,,,,
72766U,富喬群益5A售02,0,,,,
72772U,穩懋群益63售01,153950,0.1,0.1,0.08,0.1
72781U,系統電國票5A售01,0,,,,
72782U,環球晶群益62售01,0,,,,
72785U,旺矽富邦5A售02,0,,,,
72790U,閎康群益63售01,0,,,,
72791U,榮剛群益63售01,0,,,,
72794U,雙鴻凱基5A售02,0,,,,
72795U,神盾群益61售01,0,,,,
72797U,台特化國票5A售02,0,,,,
72798U,宏觀國票5A售01,0,,,,
72799U,雙鴻國票5A售01,0,,,,
728003,金麗科統一5C購01,0,,,,
72800U,信驊永豐5B售01,0,,,,
72807U,新應材國泰5A售01,0,,,,
72808U,新應材國票5A售03,0,,,,
72809U,萬泰科國票5A售02,0,,,,
72810U,鑫聯國票5A售02,0,,,,
72812U,茂迪國票5A售03,200,0.05,0.05,0.05,0.05
72813U,宜鼎群益5B售03,0,,,,
72814U,精測群益5B售02,31000,0.31,0.31,0.31,0.31
72818U,信驊永豐5C售01,840,0.04,0.08,0.01,0.08
72820U,鑫聯國票5A售03,0,,,,
728264,元債20永豐61購01,0,,,,
72827U,元太群益5B售02,650,0.13,0.13,0.13,0.13
72828U,台燿群益5B售01,0,,,,
72829U,宏捷科群益5C售01,23000,0.46,0.46,0.46,0.46
72830U,元太凱基5B售03,0,,,,
72836U,東捷群益5B售01,0,,,,
72838U,鈊象群益5B售02,0,,,,
72840U,世界群益5B售04,0,,,,
72841U,神盾群益5C售01,0,,,,
72842U,鈊象群益63售01,0,,,,
72843U,精材群益63售01,0,,,,
72846U,鈊象凱基5A售02,0,,,,
72847U,印能國票5A售04,0,,,,
72848U,雙鴻群益5A售06,0,,,,
72849U,印能凱基5A售04,0,,,,
72850U,印能國票5A售05,0,,,,
728516,系微統一5C購01,0,,,,
72851U,矽科國票5B售02,0,,,,
728520,金麗科統一5C購02,0,,,,
72852U,旺矽元大5A售03,0,,,,
72853U,信驊元大5A售01,0,,,,
72854U,信驊永豐61售01,2700,0.04,0.06,0.04,0.06
72855U,信驊富邦5C售02,165130,0.17,0.21,0.17,0.21
72856U,頎邦凱基5A售03,0,,,,
72857U,雙鴻元大5A售06,0,,,,
72858U,巨漢國票5A售02,0,,,,
72859U,弘塑國票5B售02,3910,0.2,0.26,0.2,0.21
72860U,弘塑元大5A售03,610,0.61,0.61,0.61,0.61
72861U,華電網凱基5A售01,0,,,,
72862U,群聯國票5B售02,0,,,,
72863U,蜜望實國票5A售03,330,0.01,0.01,0.01,0.01
72864U,群聯凱基5A售03,0,,,,
72865U,信驊永豐5B售03,0,,,,
72866U,旺矽凱基5A售06,39390,0.19,0.28,0.19,0.28
72867U,旺矽富邦61售01,161240,0.57,0.64,0.57,0.63
72868U,富喬群益5C售01,15000,0.38,0.38,0.37,0.37
72869U,立碁國票5B售03,0,,,,
72870U,群聯國票5B售06,0,,,,
72871U,群聯群益61售02,0,,,,
72872U,聖暉*台新5B售01,0,,,,
72873U,威剛國票5C售02,0,,,,
72874U,威剛群益5C售02,2100,0.35,0.35,0.35,0.35
72875U,威剛凱基5B售05,79840,0.08,0.08,0.08,0.08
72876U,合晶台新5B售05,2510,0.03,0.1,0.02,0.1
72877U,群聯台新5B售07,0,,,,
72878U,群聯台新5B售08,0,,,,
72879U,世界凱基5B售02,0,,,,
72880U,良維國票5C售02,0,,,,
72881U,鈊象台新5B售03,0,,,,
72882U,環球晶台新5B售03,28000,0.14,0.14,0.14,0.14
72883U,環球晶國票5B售02,968810,0.28,0.28,0.24,0.24
72884U,鈊象群益61售01,0,,,,
72885U,中美晶群益5B售02,0,,,,
72886U,群聯群益5B售06,0,,,,
72887U,精材群益5B售05,0,,,,
72888U,德微群益5B售02,0,,,,
72889U,新盛力群益5B售04,650,0.13,0.13,0.13,0.13
72890U,廣穎群益5B售03,0,,,,
72891U,世界台新5B售03,0,,,,
728920,元債20元富61購01,5980,0.46,0.46,0.46,0.46
72892U,台特化台新5B售04,0,,,,
72893U,威剛中信64售01,0,,,,
72894U,世界群益62售01,90200,0.43,0.43,0.42,0.42
72895U,台特化群益5B售01,0,,,,
728967,驊訊統一61購01,0,,,,
72896U,精材凱基5B售08,0,,,,
72897U,精材群益5B售08,0,,,,
72898U,雷科國票5B售03,33250,0.07,0.07,0.05,0.05
72899U,立敦台新5B售04,0,,,,
72900U,德微國票5C售04,4800,0.24,0.24,0.24,0.24
72901U,德微國票5C售05,44440,0.53,0.54,0.52,0.54
72902U,擎亞國票5B售03,4200,0.84,0.84,0.84,0.84
72903U,群聯凱基5B售08,0,,,,
72904U,欣銓台新5B售05,0,,,,
72905U,臺慶科台新5B售05,0,,,,
72906U,博智群益5B售04,0,,,,
72907U,群聯富邦61售05,5850,0.58,0.59,0.58,0.59
72908U,威剛群益65售01,17700,1.77,1.77,1.77,1.77
72909U,威剛凱基65售01,0,,,,
72910U,精材台新5B售06,0,,,,
72911U,威剛元大5B售16,1650,0.55,0.55,0.55,0.55
72912U,良維群益61售02,0,,,,
72913U,威剛群益5B售04,0,,,,
72914U,威剛群益5B售05,0,,,,
72915U,威剛群益61售03,0,,,,
72916U,中美晶凱基5B售06,1120,0.4,0.4,0.32,0.32
729171,M31統一61購01,0,,,,
729172,M31統一61購02,0,,,,
72917U,威剛凱基5B售09,0,,,,
729186,華星光統一61購01,548340,2.47,2.47,2.47,2.47
729187,華星光統一61購02,202590,2.69,2.69,2.49,2.49
72918U,威剛永豐61售03,4000,0.4,0.4,0.4,0.4
72919U,順達台新5C售01,0,,,,
72920U,佳邦群益5C售01,0,,,,
72921U,富喬台新5C售03,0,,,,
72922U,威剛凱基5C售05,0,,,,
72923U,宜鼎台新5C售05,0,,,,
72924U,台半群益5C售03,0,,,,
72925U,台半凱基5C售03,4360,0.55,0.55,0.54,0.54
72926U,臺慶科凱基5C售03,0,,,,
72927U,聖暉*台新5C售05,0,,,,
72928U,富喬凱基5C售04,38000,0.15,0.16,0.15,0.16
72929U,臺慶科台新5C售02,0,,,,
72930U,威剛群益5C售08,0,,,,
72931U,群聯群益5C售10,0,,,,
72932U,威剛國泰61售02,0,,,,
72933U,世界群益66售01,0,,,,
72934U,精材群益66售01,0,,,,
72935U,世界台新5C售02,6560,1.65,1.66,1.62,1.62
72936U,宜鼎凱基5C售10,48600,1.62,1.62,1.62,1.62
72937U,元太國票62售01,0,,,,
72938U,世界國票62售01,0,,,,
72939U,威剛國票62售01,0,,,,
72940U,臺慶科國票62售01,0,,,,
72941U,雙鴻永豐61售04,1350,0.27,0.27,0.27,0.27
72942U,家登群益61售03,0,,,,
72943U,頎邦國票61售01,0,,,,
72944U,中光電台新61售03,0,,,,
72945U,頎邦台新61售03,2380,1.19,1.19,1.19,1.19
72946U,世界群益61售03,5100,0.51,0.51,0.51,0.51
72947U,台星科群益61售02,0,,,,
72948U,精材群益63售02,0,,,,
72949U,威剛元大61售06,0,,,,
72950U,精材凱基63售02,4100,0.82,0.82,0.82,0.82
72951U,中光電台新61售05,0,,,,
72952U,精材國票61售05,1300,0.65,0.65,0.65,0.65
72953U,精材國票65售02,25800,0.86,0.86,0.86,0.86
72954U,群聯中信61售02,56880,0.79,0.79,0.79,0.79
72955U,宜鼎國票61售03,0,,,,
72956U,群聯國票61售05,0,,,,
72957U,良維群益63售01,0,,,,
72958U,群聯群益63售02,0,,,,
72959U,雙鴻群益63售03,16800,0.21,0.24,0.21,0.24
72960U,良維凱基61售03,0,,,,
72961U,群聯凱基61售10,0,,,,
72962U,宜鼎群益67售01,0,,,,
72963U,中美晶國票61售06,159600,1.38,1.38,1.35,1.35
72964U,中美晶國票64售02,0,,,,
72965U,青雲國票61售03,0,,,,
72966U,雙鴻凱基61售07,0,,,,
72967U,順達國票61售03,0,,,,
72968U,群聯國票64售01,0,,,,
72969U,聖暉*國票61售05,0,,,,
72970U,雙鴻國票61售02,0,,,,
72971U,良維群益67售01,0,,,,
72972U,雙鴻群益61售03,7500,0.09,0.12,0.09,0.12
72973U,M31國票61售02,18750,0.55,0.55,0.52,0.52
72974U,威剛國票65售01,0,,,,
72975U,譜瑞國票61售01,0,,,,
72976U,順達凱基61售06,449900,0.98,0.98,0.96,0.96
72977U,雙鴻國泰63售01,39990,0.29,0.34,0.29,0.34
72978U,威剛凱基61售06,0,,,,
72979U,群聯台新61售07,0,,,,
729804,僑威統一5A購01,0,,,,
729808,騰雲統一5A購01,0,,,,
72980U,頎邦凱基61售05,0,,,,
72981U,欣銓國票61售04,0,,,,
72982U,華景電國票61售02,0,,,,
72983U,家登群益63售02,0,,,,
72984U,凡甲國票61售01,0,,,,
72985U,中美晶國票63售01,0,,,,
72986U,元太國票61售02,0,,,,
72987U,宜特國票61售02,0,,,,
72988U,頎邦國票64售02,0,,,,
72989U,廣穎國票61售01,0,,,,
72990U,中美晶元大61售09,47250,0.63,0.63,0.63,0.63
72991U,群聯元大61售20,0,,,,
72992U,中美晶富邦67售02,0,,,,
72993U,中美晶凱基63售03,13870,0.73,0.73,0.73,0.73
72994U,元太凱基61售07,4200,1.4,1.4,1.4,1.4
72995U,群聯凱基63售03,0,,,,
72996U,立碁國票64售02,79960,0.57,0.58,0.57,0.58
72997U,良維國票61售02,0,,,,
72998U,新普國票61售02,0,,,,
72999U,世界國票62售02,0,,,,
73000U,宜鼎國票63售01,0,,,,
73001U,欣銓國票63售01,710,0.71,0.71,0.71,0.71
73002U,順達國票63售01,0,,,,
73003U,鈊象國票62售01,1084530,0.77,0.77,0.75,0.75
73004U,群翊國票62售01,0,,,,
73005U,群聯國票62售01,4800,0.48,0.48,0.48,0.48
73006U,雙鴻國票63售01,0,,,,
73007U,世界凱基63售03,6930,0.33,0.33,0.33,0.33
73008U,中美晶國票64售03,0,,,,
73009U,光焱國票65售01,0,,,,
73010U,頎邦國票64售03,0,,,,
73011U,中美晶國票66售01,0,,,,
73012U,威剛國票65售02,0,,,,
73013U,威剛元大63售02,0,,,,
73014U,家登凱基63售02,0,,,,
730157,綠界*統一5A購01,0,,,,
73015U,新應材凱基63售04,0,,,,
73016U,宜鼎國票66售02,0,,,,
73017U,順達國票66售01,8800,0.88,0.88,0.88,0.88
73018U,群聯國票66售02,0,,,,
73019U,雙鴻國票66售02,14710,0.43,0.45,0.43,0.45
73020U,雙鴻元大63售07,14330,0.3,0.34,0.3,0.33
73021U,威剛凱基63售03,0,,,,
73022U,威剛元大63售03,11100,1.11,1.11,1.11,1.11
73023U,雙鴻凱基63售07,1500,0.3,0.3,0.3,0.3
73024U,弘塑國票67售01,0,,,,
73025U,朋億*國票66售02,0,,,,
73026U,金山電國票68售01,0,,,,
73027U,萬潤國票66售02,0,,,,
73028U,萬潤國票68售02,0,,,,
73029U,聖暉*國票66售01,0,,,,
73030U,中美晶台新62售02,0,,,,
73031U,威剛凱基63售05,0,,,,
73032U,M31國票66售01,0,,,,
73033U,富喬台新62售01,0,,,,
73034U,中美晶凱基64售03,63330,0.43,0.43,0.37,0.37
73035U,群聯永豐64售12,0,,,,
73036U,富喬國票63售02,40500,0.9,0.9,0.9,0.9
73037U,富喬國票65售01,0,,,,
73038U,中美晶群益63售03,0,,,,
73039U,東捷群益64售02,123230,0.32,0.33,0.28,0.33
730401,M31統一62購01,180,0.18,0.18,0.18,0.18
730402,M31統一62購02,0,,,,
730403,M31統一62購03,0,,,,
73040U,穩懋群益64售02,249420,1.05,1.06,1.01,1.01
73041U,穩懋國泰64售01,8400,0.84,0.84,0.84,0.84
73042U,穩懋凱基63售06,2410,0.82,0.82,0.79,0.79
73043U,穩懋凱基63售07,92780,0.34,0.34,0.31,0.31
73044U,宏捷科凱基63售01,22260,0.94,0.94,0.92,0.92
73045U,蜜望實國票63售02,0,,,,
73046U,中美晶中信62售02,9200,0.46,0.46,0.46,0.46
73047U,宜特群益62售02,0,,,,
73048U,東捷群益62售02,417720,1.31,1.34,1.15,1.34
730493,昇達科統一5C購01,0,,,,
73049U,振曜群益66售01,0,,,,
73050U,群聯永豐63售04,0,,,,
73051U,陽程國票66售01,128340,0.49,0.51,0.48,0.49
73052U,世紀*國票6A售01,221300,0.75,0.76,0.74,0.75
73053U,頎邦台新62售02,0,,,,
73054U,弘塑群益64售01,16710,0.8,0.82,0.78,0.78
73055U,世紀*國票68售01,1970,0.99,0.99,0.98,0.98
73056U,沛亨國票68售01,0,,,,
73057U,宜鼎元大62售02,32660,1.48,1.5,1.48,1.5
73058U,頎邦群益62售03,840,0.28,0.28,0.28,0.28
73059U,安葆國票68售01,0,,,,
73060U,宏捷科國票63售01,57280,0.88,0.89,0.88,0.88
73061U,環球晶凱基62售06,0,,,,
73062U,環球晶群益64售01,0,,,,
73063U,環球晶中信62售03,1357110,0.54,0.54,0.48,0.48
73064U,環球晶元大62售04,0,,,,
73065U,環球晶台新63售01,0,,,,
73066U,千附精國票63售01,0,,,,
73067U,晶宏國票63售01,0,,,,
73068U,均華群益63售01,0,,,,
73069U,精材群益63售09,113180,1.76,1.81,1.76,1.8
73070U,精材群益69售01,0,,,,
73071U,雙鴻群益63售09,261140,0.38,0.46,0.38,0.46
73072U,精材國票64售03,0,,,,
730733,原相統一5B購01,0,,,,
73073U,環球晶國票64售03,0,,,,
73074U,精材台新63售05,0,,,,
73075U,環球晶台新63售04,4300,0.86,0.86,0.86,0.86
73076U,雙鴻凱基63售17,161150,1.01,1.2,1.01,1.2
73077U,漢達國票65售02,4070,0.47,0.47,0.43,0.43
73078U,擎亞台新63售02,0,,,,
73079U,博智凱基63售06,13300,1.33,1.33,1.33,1.33
73080U,順達元大63售11,76230,0.99,0.99,0.99,0.99
73081U,昇達科台新63售02,80500,1.61,1.61,1.61,1.61
73082U,信驊台新63售04,37250,1.86,1.91,1.86,1.91
73083U,信驊凱基63售06,40910,1.96,2.07,1.96,2.07
73084U,信驊富邦66售02,50980,2.83,2.87,2.83,2.87
73085U,信驊永豐63售01,44500,0.83,0.84,0.83,0.84
73086U,信驊永豐64售01,0,,,,
73087U,信驊元大63售03,13360,1.84,2.08,1.84,2.08
73088U,信驊群益63售03,23980,2.18,2.18,2.18,2.18
73089U,信驊群益63售04,675850,2.49,2.85,2.49,2.83
73090U,竹陞國票67售01,0,,,,
73091U,信驊國票64售02,135570,2.92,2.97,2.92,2.97
73092U,信驊國票65售01,31200,1.56,1.56,1.56,1.56
73093U,信驊國票65售02,7230,2.41,2.41,2.41,2.41
73094U,漢達國票65售03,0,,,,
73095U,穩懋國票65售01,8300,0.83,0.83,0.83,0.83
73096U,穩懋國票69售01,0,,,,
73097U,頎邦台新63售03,0,,,,
73098U,台半國票65售02,1980,0.99,0.99,0.99,0.99
73099U,弘塑國票65售02,0,,,,
73100U,威聯通國票65售01,0,,,,
73101U,崴寶國票65售01,0,,,,
73102U,萊德光國票65售01,0,,,,
73103U,雷科國票64售03,0,,,,
73104U,光頡台新63售03,148250,0.74,0.84,0.74,0.81
73105U,頎邦群益63售06,0,,,,
73106U,竹陞國票65售02,990,0.99,0.99,0.99,0.99
73107U,南俊國票65售01,0,,,,
73108U,茂達國票65售03,0,,,,
73109U,茂綸國票65售02,0,,,,
73110U,高技國票65售03,0,,,,
73111U,博盛國票65售01,0,,,,
73112U,雅特力國票65售01,0,,,,
73113U,弘塑凱基65售02,0,,,,
73114U,巨有國票64售02,35750,0.65,0.65,0.65,0.65
73115U,旭然國票68售01,0,,,,
73116U,昇達科國票64售03,0,,,,
73117U,萊德光國票64售02,14000,0.7,0.7,0.7,0.7
73118U,東捷凱基63售03,105500,1.5,1.5,1.4,1.5
73119U,台燿台新63售02,0,,,,
73120U,良維台新63售02,0,,,,
73121U,穩懋群益63售08,20000,0.5,0.5,0.5,0.5
73122U,台燿國票66售01,3450,1.15,1.15,1.15,1.15
73123U,信昌電國票64售03,1398200,1.98,2.13,1.98,2.11
731240,金麗科元富61購01,15080,0.7,0.7,0.67,0.69
73124U,信昌電國票65售03,1290700,1.88,2.02,1.88,2.0
73125U,台燿凱基63售05,34880,1.49,1.49,1.43,1.45
731265,順達統一5B購01,0,,,,
73126U,穩懋凱基63售11,40750,0.99,1.0,0.92,0.92
73127U,穩懋國票64售01,36870,0.84,0.84,0.8,0.8
73128U,青雲群益66售01,0,,,,
73129U,東捷群益63售03,1360,1.36,1.36,1.36,1.36
73130U,穩懋群益63售10,0,,,,
73131U,久元國票65售02,0,,,,
73132U,千如國票65售01,0,,,,
73133U,立端國票65售01,0,,,,
73134U,全宇昕國票65售03,0,,,,
73135U,宏碁資國票65售02,0,,,,
73136U,長科*國票65售02,0,,,,
73137U,胡連國票65售01,0,,,,
73138U,晶呈國票65售02,30500,0.88,0.88,0.87,0.87
73139U,翔名國票65售02,0,,,,
73140U,廣閎科國票65售02,0,,,,
73141U,台燿台新63售03,0,,,,
73142U,世界台新63售02,0,,,,
73143U,欣銓台新63售02,36200,1.81,1.81,1.81,1.81
73144U,頎邦台新63售05,0,,,,
73145U,富喬凱基63售08,59420,1.92,1.92,1.91,1.91
73146U,穩懋凱基63售13,0,,,,
73147U,台燿永豐63售05,0,,,,
73148U,富喬永豐63售02,13800,0.92,0.92,0.92,0.92
731495,英濟統一5B購01,150,0.03,0.03,0.03,0.03
73149U,環球晶永豐63售10,0,,,,
73150U,旺矽凱基63售09,245300,2.13,2.24,2.11,2.24
73151U,弘塑元大63售11,0,,,,
73152U,旺矽元大63售04,0,,,,
73153U,富喬元大63售09,121180,1.66,1.66,1.66,1.66
73154U,旺矽國票64售02,31700,1.44,1.45,1.44,1.45
73155U,旺矽國票67售03,0,,,,
73156U,旺矽國票69售01,0,,,,
73157U,世界群益63售06,0,,,,
731584,群聯統一5B購01,80000,5.25,5.5,5.25,5.5
73158U,旺矽群益63售05,0,,,,
73159U,欣銓群益69售01,0,,,,
73160U,頎邦群益63售09,0,,,,
73161U,富喬台新63售03,9800,1.96,1.96,1.96,1.96
73162U,富喬台新63售04,3560,1.78,1.78,1.78,1.78
73163U,新盛力群益63售04,0,,,,
73164U,光頡群益65售02,0,,,,
73165U,旺矽永豐63售04,0,,,,
73166U,高技台新63售03,0,,,,
73167U,環球晶國票64售06,192000,1.9,1.9,1.81,1.81
732269,M31統一63購01,250,0.25,0.25,0.25,0.25
732272,千附統一5B購01,0,,,,
732332,M31統一63購02,45370,0.26,0.29,0.26,0.29
732545,晟德統一5A購01,0,,,,
732586,印能統一5A購01,0,,,,
732653,光焱統一5A購01,0,,,,
733025,華星光統一5B購02,48150,5.35,5.35,5.35,5.35
733248,宇峻統一5B購01,0,,,,
733332,大宇資統一5B購01,0,,,,
733411,美琪瑪統一61購01,51050,0.68,0.69,0.68,0.69
733460,先進光統一5B購01,5620,0.8,0.82,0.8,0.82
733461,先進光統一65購01,113130,0.45,0.45,0.42,0.43
733467,新應材統一5B購01,0,,,,
733471,營邦統一5B購01,8190,2.73,2.73,2.73,2.73
733560,大學光統一5B購01,0,,,,
733563,弘塑統一5B購01,0,,,,
733653,創惟統一5B購01,100,0.01,0.01,0.01,0.01
733654,創惟統一65購01,0,,,,
733655,創惟統一65購02,0,,,,
733656,創惟統一65購03,0,,,,
733695,高端統一5B購01,202100,0.57,0.6,0.57,0.6
733696,高端統一65購01,1786460,0.66,0.69,0.66,0.69
733702,創惟統一5C購01,0,,,,
733760,高端統一65購02,0,,,,
733800,華星光統一5B購03,0,,,,
733958,新應材統一5C購01,2810,0.17,0.26,0.17,0.17
733959,新應材統一5C購02,0,,,,
733983,富喬統一5C購01,0,,,,
734209,華星光統一66購01,177080,3.75,3.75,3.25,3.27
734284,竹陞統一5C購01,0,,,,
734285,良維統一5A購01,0,,,,
734352,竹陞統一5C購02,0,,,,
734355,南俊統一5C購01,0,,,,
734508,台燿統一5C購01,52800,13.2,13.2,13.2,13.2
734519,建榮統一5C購01,0,,,,
734521,智通*統一5C購01,0,,,,
734707,智通*統一5C購02,0,,,,
734708,新漢統一5C購01,0,,,,
734710,雙鴻統一62購01,0,,,,
734782,宇峻統一5C購01,0,,,,
734783,均華統一5C購01,0,,,,
734785,萬潤統一5C購01,0,,,,
734873,前鼎統一5C購01,0,,,,
734874,威剛統一5C購01,0,,,,
734994,新應材統一62購01,27230,0.19,0.29,0.17,0.29
735028,新應材元富63購01,45710,0.9,0.9,0.83,0.87
735029,新應材元富64購01,139790,2.04,2.04,1.88,1.88
735271,波若威統一62購01,0,,,,
735304,華景電統一5A購01,0,,,,
735306,順達統一5C購01,0,,,,
735512,華星光統一61購03,3640,3.64,3.64,3.64,3.64
735557,波若威統一63購01,29550,9.45,10.1,9.45,10.1
735647,久禾光統一61購01,0,,,,
735648,久禾光統一63購01,0,,,,
735654,信紘科統一5A購01,250,0.05,0.05,0.05,0.05
735658,彩富統一5B購01,0,,,,
735659,彩富統一61購01,0,,,,
735660,彩富統一63購01,0,,,,
735661,富喬統一5A購01,0,,,,
735665,意德士統一61購01,0,,,,
735724,久禾光統一61購02,0,,,,
735848,生合統一63購01,0,,,,
735849,均華統一63購01,0,,,,
735852,宏觀統一61購01,0,,,,
735853,旺矽統一61購01,0,,,,
735855,南俊統一61購01,18340,3.5,3.74,3.5,3.74
736081,均華統一63購02,0,,,,
736082,均豪統一61購01,0,,,,
736153,台燿統一61購01,0,,,,
736154,立碁統一61購01,0,,,,
736156,均華統一5C購02,0,,,,
736160,金居統一62購01,79300,11.4,11.4,11.3,11.3
736243,宜特統一61購01,24000,0.24,0.24,0.24,0.24
736244,金居統一61購01,9450,9.45,9.45,9.45,9.45
736249,家登統一61購01,0,,,,
736349,安國統一63購01,6590,0.41,0.48,0.35,0.48
736350,安國統一65購01,0,,,,
736351,安國統一66購01,1300,0.13,0.13,0.13,0.13
736352,安國統一67購01,0,,,,
736353,安國統一67購02,0,,,,
736354,安國統一67購03,0,,,,
736360,閎康統一5B購01,0,,,,
736427,M31統一61購03,35080,0.16,0.23,0.16,0.21
736431,宏捷科統一61購01,4250,0.37,0.4,0.37,0.4
736443,雙鴻統一62購02,0,,,,
736444,穩懋統一61購01,0,,,,
736474,中美晶統一5A購01,102180,1.0,1.09,1.0,1.09
736476,系微統一5B購01,0,,,,
736477,神盾統一5A購01,0,,,,
736478,新盛力統一67購01,123420,3.2,3.47,3.2,3.45
736479,漢磊統一61購01,276750,1.08,1.27,1.05,1.27
736480,廣運統一61購01,1820,0.1,0.14,0.1,0.14
736586,神盾統一5C購01,0,,,,
736604,元債20凱基67購01,8340,1.39,1.39,1.39,1.39
736736,力旺統一61購01,0,,,,
736741,安國統一61購01,0,,,,
736934,金居統一5B購01,42450,8.5,8.55,8.4,8.4
736935,前鼎統一5B購01,0,,,,
736938,晶呈統一5B購01,4460,4.46,4.46,4.46,4.46
737086,良維統一62購01,0,,,,
737088,富喬統一5A購02,162110,3.77,3.77,3.77,3.77
737153,正基統一5A購01,0,,,,
737161,富喬統一5A購03,0,,,,
737198,智通*國票5B購01,107040,1.54,1.54,1.45,1.45
737321,立碁統一5C購01,0,,,,
737801,漢磊國票5B購01,117770,3.54,3.87,3.54,3.85
737929,台燿統一5A購01,0,,,,
737930,晶呈統一5C購01,18030,2.2,2.3,2.2,2.27
737933,譜瑞統一5B購01,0,,,,
738131,中光電統一5B購01,0,,,,
738135,台燿統一5C購02,0,,,,
738137,亞信統一5B購01,0,,,,
738138,亞信統一64購01,0,,,,
738140,美琪瑪統一64購01,640,0.32,0.32,0.32,0.32
738144,順達統一5B購02,5000,0.1,0.1,0.1,0.1
738145,順達統一5C購02,760,0.38,0.38,0.38,0.38
738150,漢科統一5B購01,320,0.05,0.06,0.05,0.06
738151,漢科統一5C購01,1500,0.15,0.15,0.15,0.15
738152,精測統一5B購01,0,,,,
738153,精測統一64購01,0,,,,
738154,廣明統一64購01,0,,,,
738155,擎亞統一5B購01,0,,,,
738156,譜瑞統一5C購01,0,,,,
738157,譜瑞統一64購01,0,,,,
738183,凡甲統一5C購01,0,,,,
738184,世禾統一5B購01,6290,0.1,0.1,0.09,0.09
738187,昱展統一64購01,0,,,,
738190,順達統一5A購01,0,,,,
738191,聖暉*統一5A購02,200,0.2,0.2,0.2,0.2
738192,聖暉*統一64購01,0,,,,
738281,M31統一5B購01,3790,0.21,0.29,0.21,0.29
738282,M31統一5C購01,4500,0.15,0.15,0.15,0.15
738285,旺矽統一63購01,0,,,,
738286,信紘科統一64購01,0,,,,
738288,新應材統一64購01,360,0.36,0.36,0.36,0.36
738291,環球晶統一64購01,36270,3.29,3.3,3.29,3.3
738567,精測國票5B購01,0,,,,
738726,宏捷科國票5B購01,500,0.05,0.05,0.05,0.05
738736,M31統一5C購02,700,0.19,0.32,0.19,0.32
738737,M31統一62購04,2980,0.22,0.26,0.22,0.26
738741,生合統一63購02,0,,,,
738743,宏觀統一5C購01,0,,,,
738746,朋程統一5C購01,0,,,,
738747,長佳智統一5C購01,0,,,,
738748,信紘科統一5C購01,300,0.06,0.06,0.06,0.06
738754,晶焱統一5C購01,10720,0.09,0.1,0.09,0.1
738757,順達統一5C購03,20250,0.27,0.27,0.27,0.27
738758,萬泰科統一5C購01,0,,,,
738760,群翊統一5C購01,32680,0.33,0.34,0.31,0.31
738762,寬宏統一65購01,0,,,,
738764,廣明統一5C購01,0,,,,
738767,耀勝統一5C購01,0,,,,
738802,精測群益5C購01,0,,,,
738931,M31統一5C購03,0,,,,
738933,世禾統一5C購01,0,,,,
738934,台半統一5C購01,0,,,,
738938,永信建統一5C購01,0,,,,
738940,旺矽統一65購01,0,,,,
738943,湧德統一5C購01,0,,,,
738944,順達統一5C購04,20640,0.08,0.08,0.08,0.08
738947,精測統一65購01,0,,,,
739071,旺矽國票5A購01,0,,,,
739284,威剛國票5B購01,0,,,,
739372,力旺統一5C購01,831280,0.8,0.86,0.6,0.6
739373,生合統一5C購01,0,,,,
739375,合晶統一5C購01,0,,,,
739376,均豪統一5B購01,0,,,,
739378,宜鼎統一5C購01,0,,,,
739379,宜鼎統一5C購02,0,,,,
739380,欣銓統一64購01,0,,,,
739381,信驊統一5C購01,0,,,,
739382,威剛統一5C購02,0,,,,
739383,威剛統一64購01,12000,4.0,4.0,4.0,4.0
739384,鈊象統一5C購01,0,,,,
739385,萬泰科統一64購01,100220,0.87,0.88,0.87,0.87
739386,群翊統一5C購02,0,,,,
739387,精材統一5C購01,0,,,,
739388,德微統一5C購01,0,,,,
739425,泰茂國票5A購01,40,0.02,0.02,0.02,0.02
739441,中光電統一5B購02,0,,,,
739442,中美晶統一5C購01,760,0.76,0.76,0.76,0.76
739443,永信建統一5C購02,0,,,,
739446,宜鼎統一5C購03,0,,,,
739447,朋程統一5C購02,240,0.24,0.24,0.24,0.24
739453,振曜統一5C購01,0,,,,
739454,能率統一5B購01,0,,,,
739460,環球晶統一64購02,273250,2.3,2.3,2.22,2.3
739519,系微統一5C購02,3500,0.05,0.05,0.05,0.05
739520,旺矽統一5B購01,0,,,,
739522,廣運統一5C購01,0,,,,
739523,擎亞統一5C購01,0,,,,
739549,聯合國票5A購01,0,,,,
739639,大宇資統一5C購01,0,,,,
739641,台燿統一64購01,0,,,,
739642,弘塑統一5C購01,8100,0.54,0.54,0.54,0.54
739643,合晶統一5B購01,0,,,,
739644,合晶統一5C購02,0,,,,
739645,均豪統一5C購01,0,,,,
739646,昇佳電統一5C購01,0,,,,
739647,昇佳電統一5C購02,0,,,,
739648,創惟統一5C購02,500,0.05,0.05,0.05,0.05
739649,新漢統一64購01,0,,,,
739650,萬泰科統一5C購02,0,,,,
739651,德微統一5C購02,0,,,,
739652,耀勝統一5C購02,0,,,,
739841,世界國票5C購01,0,,,,
739842,威剛國票5A購01,0,,,,
739913,旺矽國票5B購01,0,,,,
739986,廣明國票5B購01,0,,,,
7402,邑錡,19631050,99.9,102.5,99.5,101.0
7547,碩網,52702226,64.4,66.3,62.8,64.8
7556,意德士,20083772,272.0,272.0,264.5,264.5
7584,樂意,171279,28.55,28.7,28.5,28.7
7642,昶瑞機電,2296632,68.5,69.3,68.0,68.5
7703,銳澤,9376271,199.0,204.0,199.0,201.5
7704,明遠精密,4487290,61.3,62.0,61.0,61.4
7708,全家餐飲,958722,92.0,92.2,92.0,92.2
7709,榮田,9291002,87.2,88.2,86.0,86.3
7712,博盛半導體,29042836,164.5,165.5,160.5,161.0
7713,威力德生醫,373068,74.1,74.3,74.0,74.3
7714,創泓科技,97429977,164.5,177.0,162.0,172.0
7715,裕山,4158131,30.35,30.35,28.3,28.4
7716,昱臺國際,23900,23.9,23.9,23.9,23.9
7717,萊德光電-KY,394744271,600.0,618.0,590.0,604.0
7718,友鋮,1755935,46.8,47.0,45.8,45.8
7723,築間,812399,18.35,18.4,18.2,18.4
7728,光焱科技,101743402,615.0,667.0,615.0,667.0
7734,印能科技,406098805,2740.0,2780.0,2630.0,2665.0
7738,東聯互動,2279582,158.0,158.0,154.5,155.5
7743,金利食安,1214581,24.6,25.0,24.0,25.0
7744,崴寶,44287918,532.0,540.0,523.0,523.0
7747,昕奇雲端,126552,111.5,111.5,111.5,111.5
7751,竑騰,565929840,1625.0,1650.0,1530.0,1625.0
7753,星亞,640390,35.4,35.6,35.4,35.6
7757,金色三麥,1768828,90.5,90.5,89.5,90.2
7767,仁大資訊,105354,46.35,46.35,46.3,46.3
7770,君曜,881268,42.95,42.95,41.5,42.6
7772,耀穎,17903179,180.0,180.0,175.0,176.0
7777,能率亞洲,85473402,36.05,38.35,35.8,38.0
7782,光速火箭,78275,25.15,25.25,25.1,25.25
7792,安葆,153263597,420.0,424.0,413.0,424.0
7794,宏碁智新,337465,30.25,30.7,30.25,30.6
7805,威聯通,14977469,498.0,498.0,491.5,494.0
7810,捷創科技,48257247,229.0,236.0,228.5,235.0
7811,民盛,73500,73.5,73.5,73.5,73.5
7814,海昌生技,483491,28.4,28.4,28.25,28.25
7819,精誠金融,1699476,34.25,34.3,33.5,33.7
7820,立盈,2235455,106.5,111.0,106.5,110.5
7825,和亞智慧,31214363,82.6,86.5,81.4,84.4
7828,創新服務,472955580,1920.0,1965.0,1875.0,1885.0
7839,達人網,396348,43.2,43.2,42.5,43.2
7842,天能綠電,1485692,94.3,98.4,94.3,98.3
7856,漢測,1122640635,4340.0,4400.0,4235.0,4250.0
8024,佑華,1045298,11.6,13.1,11.6,12.55
8027,鈦昇,413052120,222.0,222.0,219.0,222.0
8032,光菱,1726641,35.8,36.5,35.8,36.2
8034,榮群,1471166,20.5,20.85,20.25,20.35
8038,長園科,13161584,31.9,34.7,31.9,34.6
8040,九暘,463016355,101.0,102.5,98.0,98.5
8042,金山電,151428160,113.0,114.0,111.0,111.5
8043,蜜望實,104153670,133.0,133.5,130.5,130.5
8044,網家,4758730,24.2,24.3,24.05,24.3
8047,星雲,20939509,51.2,51.5,50.2,50.8
8048,德勝,4893065,49.95,50.9,49.7,50.6
8049,晶采,2917087,24.6,24.65,24.55,24.6
8050,廣積,401088294,67.1,68.0,63.0,63.6
8054,安國,93355007,89.0,89.0,86.6,88.6
8059,凱碩,2664746,17.05,17.5,17.0,17.15
8064,東捷,3459479303,144.0,155.0,144.0,145.5
8066,來思達,116049,15.25,15.25,14.8,15.15
8067,志旭,99062,12.3,12.5,12.3,12.35
8068,全達,2294799,17.6,18.0,17.55,17.75
8069,元太,789094088,145.0,146.5,143.5,144.0
8071,能率網通,7255317,21.8,22.1,21.8,22.05
8074,鉅橡,13740969,51.2,51.8,51.1,51.6
8076,伍豐,11383646,21.7,21.8,21.55,21.8
8077,洛碁,422731,42.3,42.35,42.15,42.15
8080,泰霖,299142,27.7,27.85,27.7,27.8
8083,瑞穎,7480500,156.0,157.0,155.5,156.0
8084,巨虹,27754117,26.85,26.85,26.85,26.85
8085,福華,1921965,14.15,14.55,14.15,14.4
8086,宏捷科,543424174,111.0,116.0,111.0,114.5
8087,麗升能源,474589,23.3,23.3,22.6,22.8
8088,品安,30881019,42.3,44.55,42.3,44.4
8089,康全電訊,2555064,19.05,19.5,18.95,19.5
8091,翔名,72875516,221.5,223.0,215.5,217.0
8092,建暐,373848,12.85,12.85,12.5,12.6
8093,保銳,780744,24.3,24.65,23.65,23.65
8096,擎亞,289884961,89.3,91.1,88.2,88.3
8097,常珵,5729041,48.85,49.3,48.0,48.5
8099,大世科,2741097,60.2,60.2,59.1,59.6
8102,傑霖科技,829100,57.5,60.4,57.3,59.9
8107,大億金茂,843426,12.05,12.1,11.7,12.0
8109,博大,26056658,134.5,136.0,133.5,135.0
8111,立碁,686788386,80.4,81.2,78.9,79.3
8121,越峰,39009544,32.0,32.0,31.15,31.5
8147,正淩,192310270,149.5,160.5,148.0,158.5
8155,博智,382303210,310.0,318.5,302.0,316.0
8171,天宇,4055411,20.7,20.8,20.5,20.8
8176,智捷,888830,9.62,9.78,9.62,9.76
8182,加高,29600330,41.5,42.4,41.05,41.4
8227,巨有科技,276968289,370.5,370.5,370.5,370.5
8234,新漢,15610508,62.4,63.0,62.2,62.6
8240,華宏,137125437,54.3,57.3,54.0,57.3
8255,朋程,83630495,147.0,149.0,145.5,147.0
8272,全景軟體,255453,63.6,64.5,63.5,64.5
8277,商丞,2462786,15.5,15.5,15.15,15.5
8279,生展,798494,78.8,78.8,78.0,78.0
8284,三竹,3762392,68.0,68.0,66.9,68.0
8289,泰藝,19948110,46.25,46.95,45.7,46.4
8291,尚茂,1475592,28.9,29.95,28.55,28.55
8299,群聯,6480578815,2150.0,2215.0,2140.0,2150.0
8342,益張,90430,83.5,83.5,83.5,83.5
8349,恒耀,6256275,39.5,40.4,39.4,40.4
8349A,恒耀甲特,0,,,,
8354,冠好,330874,16.8,17.3,16.8,16.9
8358,金居,4332846818,509.0,515.0,495.0,495.0
8383,千附,48120295,67.7,68.6,67.7,68.4
8390,金益鼎,16441976,90.2,90.6,89.6,90.4
8401,白紗科,264073,22.8,22.8,22.45,22.75
8403,盛弘,2686843,19.05,19.05,18.9,18.95
8409,商之器,108258,18.05,18.05,18.0,18.0
8410,森田,746326,28.0,28.0,27.7,27.8
8415,大國鋼,17626796,35.2,35.65,35.15,35.2
8416,實威,186238,169.0,169.0,169.0,169.0
8421,旭源,828527,12.9,12.95,12.85,12.95
8423,保綠-KY,196585,18.15,18.2,17.95,18.2
8424,惠普,1025960,69.5,70.7,69.5,70.7
8426,紅木-KY,1025288,20.5,20.75,20.3,20.65
8431,匯鑽科,81203621,65.7,67.1,65.3,66.8
8432,東生華,2749564,50.8,50.9,50.6,50.7
8433,弘帆,318905,53.2,53.2,52.8,52.8
8435,鉅邁,2451221,53.0,53.4,53.0,53.4
8436,大江,34058833,106.5,107.5,106.0,106.5
8437,大地-KY,556302,10.25,10.5,10.1,10.2
8440,綠電,1638907,20.25,20.4,20.2,20.35
8444,綠河-KY,34602,4.35,4.35,4.28,4.35
8446,華研,4203432,84.4,85.0,84.3,84.8
8450,霹靂,394191,14.15,14.3,14.1,14.3
8455,大拓-KY,101629,22.1,22.1,22.1,22.1
8472,納維康,1480555,74.4,74.4,69.5,69.5
8477,創業家,178775,14.1,14.35,14.1,14.1
8489,三貝德,875014,22.0,22.45,21.95,22.45
8905,裕國,150314,34.7,34.7,34.65,34.65
8906,花王,433818,29.0,29.0,28.5,28.6
8908,欣雄,525949,40.0,40.35,40.0,40.35
8916,光隆,1139878,41.25,41.3,41.0,41.05
8917,欣泰,229355,55.0,55.5,53.7,53.7
8921,沈氏,36381,16.25,16.8,16.25,16.8
8923,時報,18000,18.0,18.0,18.0,18.0
8924,大田,1442926,49.15,49.5,49.1,49.45
8927,北基,2320382,18.85,18.9,18.7,18.75
8928,鉅明,221096,22.7,22.95,22.7,22.95
8929,富堡,354363,12.85,13.25,12.8,13.2
8930,青鋼,1091884,28.7,28.75,28.6,28.75
8931,大汽電,10511590,43.0,43.5,42.9,43.25
8932,智通*,77179720,93.4,94.1,92.5,92.6
8933,愛地雅,520774,4.41,4.57,4.4,4.5
8935,邦泰,11776715,19.0,20.4,18.8,19.65
8936,國統,56668682,52.3,52.7,52.1,52.6
8937,合騏*,8556480,25.1,26.2,24.4,26.2
8938,明安,1797943,52.5,53.0,52.5,52.6
8941,關中,219792,44.0,44.0,43.8,43.8
8942,森鉅,5890284,40.3,40.55,40.05,40.2
9949,琉園,36430852,24.05,24.4,24.0,24.3
9950,萬國通,235320,10.7,10.7,10.2,10.2
9951,皇田,3518411,47.15,47.15,47.0,47.0
9960,邁達康,2804529,41.2,41.95,40.4,41.5
9962,有益,970640,10.2,10.35,10.15,10.35
