code,name,trading_value,open_price,high_price,low_price,close_price
00411A,主動統一前沿科技,233854569,11.14,11.28,11.14,11.23
006201,元大富櫃50,5274575,48.8,49.25,48.48,48.48
00679B,元大美債20年,396412088,24.33,24.33,24.29,24.3
00687B,國泰20年美債,356472224,25.29,25.29,25.23,25.24
00687C,國泰20年美債+櫃U,316212,8.57,8.57,8.56,8.56
00694B,富邦美債1-3,12802989,41.65,41.72,41.65,41.72
00695B,富邦美債7-10,10475687,33.53,33.57,33.53,33.56
00696B,富邦美債20年,84947543,26.5,26.51,26.47,26.49
00697B,元大美債7-10,17182167,33.8,33.85,33.79,33.84
00719B,元大美債1-3,71193872,30.97,31.04,30.97,31.02
00720B,元大投資級公司債,283303548,30.46,30.54,30.45,30.5
00722B,群益投資級電信債,82433679,32.7,32.75,32.67,32.74
00723B,群益投資級科技債,5583730,28.03,28.09,28.02,28.04
00724B,群益投資級金融債,110634194,31.32,31.37,31.31,31.34
00725B,國泰投資級公司債,217450944,32.52,32.58,32.52,32.55
00726B,國泰新興投等債,6073862,31.23,31.23,30.92,31.0
00727B,國泰優選非投等債,4732553,38.97,39.03,38.96,39.01
00734B,台新JPM新興債,5117,,,,
00740B,富邦全球投等債,75457604,35.6,35.61,35.55,35.59
00741B,富邦全球非投等債,4967031,36.63,36.7,36.6,36.7
00746B,富邦A級公司債,9913245,32.95,33.05,32.95,33.01
00749B,凱基新興債10+,3227700,29.37,29.37,29.34,29.34
00750B,凱基科技債10+,3189700,30.38,30.38,30.34,30.34
00751B,元大AAA至A公司債,95256497,28.51,28.57,28.51,28.54
00754B,群益AAA-AA公司債,5121953,29.97,29.98,29.93,29.96
00755B,群益投資級公用債,6723867,30.08,30.11,30.06,30.11
00756B,群益投等新興公債,8251211,28.66,28.79,28.65,28.73
00758B,復華能源債,5141624,47.9,47.9,47.79,47.79
00759B,復華製藥債,5088283,50.35,50.35,50.25,50.25
00760B,復華新興企業債,5357212,49.72,50.0,49.72,49.73
00761B,國泰A級公司債,19007129,31.66,31.66,31.56,31.58
00764B,群益25年美債,49674171,25.24,25.24,25.2,25.2
00768B,復華20年美債,35683044,45.28,45.28,45.19,45.2
00772B,中信高評級公司債,75097052,30.84,30.9,30.82,30.87
00773B,中信優先金融債,59973380,33.02,33.13,33.02,33.09
00777B,凱基AAA至A公司債,4596531,29.71,29.72,29.63,29.65
00778B,凱基金融債20+,3148000,31.48,31.48,31.48,31.48
00779B,凱基美債25+,10760852,25.4,25.44,25.4,25.44
00780B,國泰A級金融債,3561396,35.22,35.26,35.22,35.26
00781B,國泰A級科技債,2598985,25.48,25.48,25.48,25.48
00782B,國泰A級公用債,3546154,28.09,28.09,28.05,28.06
00785B,富邦金融投等債,1867073,32.64,32.65,32.59,32.65
00786B,元大10年IG銀行債,303900,30.39,30.4,30.38,30.4
00787B,元大10年IG醫療債,77964,30.0,30.0,29.96,29.96
00788B,元大10年IG電能債,698174,27.82,27.89,27.82,27.88
00789B,復華公司債A3,5080948,44.0,44.0,43.91,43.95
00791B,復華信用債1-5,5810064,56.2,56.3,56.2,56.25
00792B,群益A級公司債,4768445,28.84,28.85,28.81,28.81
00795B,中信美國公債20年,220177244,24.46,24.46,24.41,24.41
00799B,國泰A級醫療債,4855808,27.19,27.22,27.17,27.19
00834B,第一金金融債10+,4803290,31.81,31.81,31.79,31.79
00836B,永豐10年A公司債,6265831,26.21,26.24,26.19,26.2
00840B,凱基IG精選15+,2925240,27.34,27.34,27.32,27.32
00841B,凱基AAA-AA公司債,2608000,26.08,26.08,26.08,26.08
00842B,台新美元銀行債,1730050,27.9,28.01,27.9,27.95
00844B,台新15年IG金融債,5284150,29.05,29.05,29.03,29.03
00845B,富邦新興投等債,6059672,31.27,31.41,31.27,31.41
00846B,富邦歐洲銀行債,3431760,33.91,33.97,33.91,33.97
00848B,中信新興亞洲債,15845116,32.05,32.1,32.04,32.07
00849B,中信EM主權債0-5,8267608,37.2,37.24,37.13,37.24
00853B,統一美債10年Aa-A,26145975,25.28,25.28,25.24,25.25
00856B,永豐1-3年美公債,12036,,,,
00857B,永豐20年美公債,34070860,21.03,21.03,20.98,20.98
00858,永豐美國500大,29030367,36.8,36.91,36.8,36.9
00859B,群益0-1年美債,124889896,40.63,40.69,40.6,40.69
00860B,群益1-5Y投資級債,4133038,37.73,37.74,37.69,37.74
00862B,中信投資級公司債,6823926,28.93,28.94,28.91,28.91
00863B,中信全球電信債,6125416,29.13,29.18,29.13,29.16
00864B,中信美國公債0-1,31719158,46.19,46.24,46.14,46.21
00867B,台新A-BBB電信債,340610,28.23,28.54,28.23,28.38
00870B,元大15年EM主權債,1843330,25.92,26.01,25.92,26.01
00877,復華中國5G,29411912,35.1,35.1,34.88,34.99
00884B,中信低碳新興債,6942740,27.2,27.2,27.14,27.16
00886,永豐美國科技,1162017,49.93,49.93,49.9,49.9
00887,永豐中國科技50大,27007211,15.08,15.12,15.03,15.1
00888,永豐台灣ESG,242195260,36.87,37.02,36.72,36.86
00890B,凱基ESG BBB債15+,4902516,29.7,29.75,29.67,29.74
00928,中信上櫃ESG 30,25636148,35.6,36.15,35.41,35.41
00931B,統一美債20年,32605749,12.31,12.31,12.28,12.29
00933B,國泰10Y+金融債,94831602,14.81,14.85,14.81,14.83
00937B,群益ESG投等債20+,724368952,13.56,13.6,13.56,13.58
00942B,台新美A公司債20+,15326091,13.03,13.06,13.03,13.04
00948B,中信優息投資級債,69013925,8.69,8.72,8.69,8.7
00950B,凱基A級公司債,72351137,12.95,12.99,12.95,12.96
00955,中信日本商社,25686193,15.9,15.93,15.85,15.88
00957B,兆豐US優選投等債,1605791,12.33,12.34,12.31,12.33
00958B,永豐ESG銀行債15+,13613354,8.52,8.55,8.52,8.53
00959B,大華投等美債15Y+,8753335,8.62,8.62,8.6,8.61
00966B,統一ESG投等債15+,13718710,12.81,12.82,12.8,12.8
00967B,元大優息美債,4544886,8.79,8.79,8.41,8.42
00968B,元大優息投等債,9845287,8.54,8.56,8.54,8.56
00969B,元大零息超長美債,2872202,7.26,7.26,7.22,7.24
00970B,台新BBB投等債20+,15768295,8.6,8.62,8.6,8.62
009806,台新標普500,2895686,13.97,14.0,13.97,13.99
009807,台新標普科技精選,84919,18.37,18.38,18.37,18.38
00980B,台新特選IG債10+,2734790,8.73,8.74,8.73,8.73
00980D,主動聯博投等入息,38924845,19.34,19.36,19.34,19.36
00980T,平衡凱基美國TOP,9400394,12.23,12.29,12.23,12.27
009814,富邦標普500,14979161,11.56,11.61,11.56,11.61
009815,大華美國MAG7+,21501052,12.3,12.34,12.3,12.33
00981B,第一金優選非投債,70983830,8.92,8.95,8.91,8.94
00981D,主動中信非投等債,24527834,10.06,10.1,10.06,10.1
009822,華南永昌未來金融,3490000,9.39,9.47,9.39,9.45
009823,群益S&P500,33308753,10.61,10.65,10.61,10.64
009825,聯邦美國金融創新,2887291,9.74,9.77,9.71,9.77
00982B,FT投資級債20+,69805,9.01,9.01,9.01,9.01
00983B,大華優利美公債20,5266050,14.16,14.19,14.16,14.18
00984B,大華優利美A債15,7059345,14.91,14.98,14.91,14.95
00985D,主動貝萊德優投等,19562961,9.38,9.39,9.38,9.38
00986B,FT金融債10+,58707,9.11,9.15,9.11,9.15
00986D,主動復華金融債息,18473628,13.79,13.83,13.79,13.83
00987B,野村10+澳洲公債,1332250,15.22,15.22,15.15,15.17
00987D,主動統一美債量化,23878205,9.38,9.38,9.36,9.36
00988B,玉山嚴選非投債,40085495,19.0,19.06,19.0,19.04
00989B,台新美國非投等債,45759730,9.83,9.86,9.83,9.86
00990B,國泰收益非投等債,19529324,9.81,9.86,9.81,9.85
00998A,主動復華金融股息,528725517,16.48,16.9,16.46,16.77
020001,富邦存股雙十N,0,,,,
020025,統一亞洲半導體N,206660,41.33,41.34,41.33,41.34
020033,統一恒生科期N,339140,3.36,3.36,3.34,3.34
020035,元大上櫃ESG高息N,0,,,,
020040,元大上櫃ESG龍頭N,0,,,,
020041,兆豐半導體氣候N,3333720,22.28,22.28,21.98,22.01
1240,茂生農經,2991050,53.6,54.3,53.6,53.9
1259,安心,69808,65.5,65.5,65.5,65.5
1264,德麥,5143985,250.0,250.0,248.0,249.5
1268,漢來美食,1743794,175.0,175.0,174.5,175.0
1294,漢田生技,863760,49.8,50.0,49.3,50.0
1295,生合,8609874,49.75,51.2,49.6,50.2
1336,台翰,7085422,18.25,18.4,18.05,18.1
1565,精華,16329483,96.4,97.5,96.4,97.3
1569,濱川,446285543,70.0,72.7,68.0,72.2
1570,力肯,163707,32.6,32.75,32.5,32.75
1580,新麥,5573526,95.6,96.2,95.6,96.2
1584,精剛,7253814,18.15,18.2,18.0,18.1
1586,和勤,4296187,17.85,18.1,17.7,17.8
1591,駿吉-KY,7190751,41.0,41.25,40.55,40.65
1593,祺驊,313358,31.5,31.85,31.5,31.55
1595,川寶,69783694,71.8,73.1,70.7,72.3
1599,宏佳騰,46704,22.8,22.8,22.8,22.8
1742,台蠟,1480418,17.75,17.75,17.55,17.7
1777,生泰,2123374,75.5,75.8,75.3,75.5
1780,立弘,1523726,24.7,24.9,24.5,24.6
1781,合世,106145,9.86,9.98,9.86,9.93
1784,訊聯,1842486,60.7,60.7,59.2,60.0
1785,光洋科,2254956224,109.0,109.0,105.0,107.0
1788,杏昌,4842675,127.5,127.5,127.0,127.0
1796,金穎生技,415343,29.6,30.0,29.5,30.0
1799,易威,4215066,28.2,28.2,27.8,28.0
1813,寶利徠,151285,11.15,11.2,11.15,11.15
1815,富喬,14007446121,127.5,139.0,127.0,132.5
2035,唐榮,163459,26.55,27.6,26.55,27.6
2061,風青,243985100,66.1,69.7,65.7,68.4
2063,世鎧,923734,23.35,23.7,23.35,23.55
2064,晉椿,47743,12.0,12.0,11.85,11.9
2065,世豐,3475610,35.6,35.85,35.5,35.7
2066,世德,788419,51.7,51.8,51.2,51.8
2070,精湛,3753718,62.7,62.7,61.6,62.3
2073,雄順,102528,25.6,25.6,25.6,25.6
2221,大甲,124048258,187.5,195.0,185.0,189.5
2230,泰茂,5826154,21.65,22.2,21.6,21.75
2235,謚源,85850,28.0,28.45,28.0,28.45
2596,綠意,883882,34.0,34.55,34.0,34.05
2640,大車隊,4058207,155.0,155.5,154.5,155.0
2641,正德,12644847,17.2,17.25,17.1,17.25
2643,捷迅,2931845,62.6,63.0,62.2,63.0
2718,全心投控,765405,39.4,39.7,39.35,39.7
2719,燦星旅,108879,19.5,19.5,19.15,19.15
2724,藝舍-KY,259992,13.65,13.65,13.5,13.5
2726,雅茗-KY,215857,8.02,8.04,7.95,8.0
2729,瓦城,1395320,155.0,155.0,154.0,154.5
2732,六角,3141482,63.1,63.3,63.1,63.2
2734,易飛網,606105,14.5,14.5,14.25,14.3
2736,富野,410700,11.1,11.25,11.05,11.15
2740,華軒,109971,31.4,31.5,31.4,31.5
2743,山富,2967266,51.0,51.8,50.8,51.5
2745,五福,1574072,85.4,85.8,85.3,85.8
2751,王座,961941,53.8,54.8,53.8,54.3
2752,豆府,274242,178.5,178.5,178.5,178.5
2754,亞洲藏壽司,503392,67.5,67.5,67.1,67.3
2755,揚秦,5868098,98.1,98.1,97.5,98.0
2756,聯發國際,2828626,61.7,61.7,59.8,61.4
2916,滿心,405596,40.45,40.5,40.45,40.5
2924,宏太-KY,18250,18.25,18.25,18.25,18.25
2926,誠品生活,319276,30.05,30.3,30.0,30.2
2937,集雅社,45000,45.0,45.0,45.0,45.0
2938,床的世界,1010599,18.15,18.3,18.1,18.3
2941,米斯特,63214,31.8,31.8,31.35,31.35
2947,振宇五金,517087,60.8,60.8,60.5,60.5
2948,寶陞,39143,36.4,36.4,36.4,36.4
2949,欣新網,0,,,,
3064,泰偉,15739,14.6,14.6,14.6,14.6
3066,李洲,14028624,27.5,27.65,26.95,27.0
3067,全域,0,,,,
3071,協禧,4312006,22.75,23.0,22.6,22.6
3073,天方能源,354052,20.45,20.5,20.45,20.45
3078,僑威,15527577,46.0,46.5,45.8,46.1
3081,聯亞,18029048935,2990.0,3210.0,2990.0,3140.0
3083,網龍,491113,23.2,23.2,23.0,23.05
3086,華義*,2713255,27.8,27.8,26.55,27.4
3088,艾訊,129313371,136.0,137.5,132.0,134.0
3093,港建*,10730958,46.5,46.65,45.8,46.5
3095,及成,237353,33.05,33.05,32.9,32.9
3105,穩懋,13468050225,589.0,613.0,582.0,588.0
3114,好德,50686731,40.85,41.45,39.1,39.55
3115,富榮綱,57259,8.48,8.48,8.03,8.12
3118,進階,425034,31.15,31.4,31.05,31.3
3122,笙泉,973285,24.3,24.45,24.05,24.15
3128,昇銳,607146,20.3,20.3,20.1,20.1
3131,弘塑,1022260830,2560.0,2615.0,2450.0,2450.0
3141,晶宏,153549744,80.0,83.1,80.0,81.5
3147,大綜,490637500,286.5,296.5,283.0,295.0
3152,璟德,38773429,241.0,247.5,238.0,242.5
3158,嘉實,604379,85.1,85.2,85.0,85.1
3162,精確,123721269,84.1,84.1,82.3,83.1
3163,波若威,2922235516,700.0,724.0,700.0,702.0
3169,亞信,25055862,113.0,113.5,109.0,109.0
3171,炎洲流通,7788,,,,
3176,基亞,11460217,38.15,38.65,38.15,38.35
3178,公準,9935931,68.6,68.6,67.1,67.1
3188,鑫龍騰,6275751,22.7,22.7,22.35,22.55
3191,雲嘉南,338033,17.55,17.6,17.15,17.45
3205,佰研,1626563,46.6,46.6,46.2,46.55
3206,志豐,756276,34.4,34.45,33.8,34.2
3207,耀勝,5587312,39.3,39.8,38.85,39.1
3211,順達,1768315544,389.0,404.0,386.0,389.5
3213,茂訊,37327691,126.0,126.0,123.5,123.5
3217,優群,19746761,128.5,129.0,127.5,128.5
3218,大學光,13504296,134.5,134.5,133.0,133.5
3219,倚強科,261969910,145.5,150.0,130.0,130.0
3221,台嘉碩,164943665,51.9,55.0,51.9,54.4
3224,三顧,777078,32.55,32.55,32.0,32.45
3226,龍鋒,1334323,58.0,58.0,54.3,57.8
3227,原相,95168466,187.0,188.0,186.0,186.5
3228,金麗科,81142268,168.5,171.5,164.5,164.5
3230,錦明,8040574,40.8,40.8,40.2,40.35
3232,昱捷,504649,20.15,20.2,19.85,19.85
3234,光環,1238390835,178.0,193.0,177.5,191.0
3236,千如,1328627605,52.6,57.8,52.6,56.2
3252,海灣,107667,15.5,15.5,15.3,15.3
3259,鑫創,162544,12.0,12.0,11.25,11.5
3260,威剛,2731329876,362.0,368.0,362.0,365.0
3264,欣銓,3502445680,245.5,253.0,243.5,250.0
3265,台星科,513766379,217.0,217.0,217.0,217.0
3268,海德威,10989190,24.35,24.5,23.3,24.3
3272,東碩,74365,13.85,13.9,13.85,13.9
3276,宇環,693236,14.15,14.15,13.95,14.1
3284,太普高,15005637,23.0,23.1,21.5,21.5
3285,微端,1206511,42.35,43.0,41.95,43.0
3287,廣寰科,6545550,39.95,40.5,39.4,39.5
3288,點晶,1223911,22.8,22.8,21.4,21.95
3289,宜特,75511182,142.0,144.5,142.0,142.5
3290,東浦,30026486,50.7,50.8,49.8,50.8
3293,鈊象,467902792,779.0,783.0,771.0,780.0
3294,英濟,9012313,31.85,32.15,31.6,31.95
3297,杭特,40545125,35.35,36.55,33.65,33.8
3303,岱稜,16540438,49.8,50.5,49.55,49.85
3306,鼎天,2749553,46.7,47.3,46.7,47.3
3310,佳穎,2109096,67.5,68.6,67.4,67.9
3313,斐成,772480,10.3,10.35,10.25,10.3
3317,尼克森,236373978,67.5,69.9,66.2,68.7
3322,建舜電,1568672,11.1,11.2,11.05,11.1
3323,加百裕,7025021,30.15,30.5,29.55,29.8
3324,雙鴻,4134544805,1540.0,1550.0,1485.0,1525.0
3325,旭品,2382337,11.4,11.45,11.2,11.25
3332,幸康,725881,64.0,64.8,63.6,64.6
3339,泰谷,44268711,44.65,46.0,44.55,45.4
3349,寶德,668675,18.9,18.9,18.05,18.4
3354,律勝,51919029,31.85,32.15,30.35,30.5
3357,臺慶科,620890301,219.0,230.0,219.0,225.0
3360,尚立,2879966,15.3,15.45,15.15,15.35
3362,先進光,1042098141,190.0,196.0,187.5,196.0
3363,上詮,3242626880,656.0,693.0,656.0,679.0
3372,典範,6185513,16.55,16.75,16.55,16.6
3373,熱映,18793358,16.3,17.5,16.25,17.1
3374,精材,4064534679,483.0,499.5,475.5,497.0
3379,彬台,1541924,28.3,28.3,27.2,27.3
3388,崇越電,29116993,85.6,86.9,85.3,86.0
3390,旭軟,1761225,22.15,22.3,22.05,22.3
3402,漢科,40720283,140.5,141.0,139.0,139.5
3430,奇鈦科,22869539,114.0,115.0,112.5,113.0
3434,哲固,1641482,30.8,31.45,30.8,31.3
3438,類比科,3319227,61.8,61.8,60.6,60.8
3441,聯一光,11382241557,260.0,280.5,247.5,249.0
3444,利機,5019871,77.4,78.4,76.7,78.3
3455,由田,184974609,277.5,282.5,277.5,281.0
3465,進泰電子,208397,29.7,29.8,29.7,29.8
3466,德晉,14187311,26.15,27.6,25.95,27.5
3467,台灣精材,45251469,71.5,74.0,70.8,71.2
3479,安勤,54916368,136.0,136.5,134.0,134.5
3483,力致,26860888,81.4,81.4,78.8,79.0
3484,崧騰,9027119,49.1,49.85,49.1,49.8
3485,敘豐,22970094,214.0,223.5,213.5,223.5
3489,森寶,653623,22.75,22.75,22.2,22.5
3490,單井,91706006,45.7,46.5,45.3,45.65
3491,昇達科,3058671835,1745.0,1760.0,1680.0,1705.0
3492,長盛,97000,19.4,19.4,19.4,19.4
3498,陽程,439673453,234.0,239.5,229.5,231.5
3499,環天科,626759,13.5,13.5,13.05,13.45
3508,位速,4643588,25.5,25.6,25.0,25.05
3511,矽瑪,1496981,19.6,20.15,19.6,20.1
3512,皇龍,614844,19.15,19.15,18.95,19.0
3516,亞帝歐,550252,26.0,26.4,25.85,26.4
3520,華盈,3051546,17.8,17.85,17.45,17.8
3521,台鋼建設,176925,11.55,11.6,11.55,11.55
3522,御嵿,1267405,12.1,12.1,11.95,12.0
3523,迎輝,310920,14.1,14.1,13.75,13.75
3526,凡甲,67665432,278.0,278.0,272.5,276.5
3527,聚積,2352053,50.6,50.8,50.3,50.6
3529,力旺,2687382955,3130.0,3150.0,3000.0,3015.0
3531,先益,741466,21.0,21.65,21.0,21.65
3537,堡達,47127150,56.2,58.2,56.0,56.3
3540,曜越,5437496,24.0,24.05,23.75,24.0
3541,西柏,1276474,24.5,24.6,24.3,24.35
3546,宇峻,6072539,72.1,72.8,72.1,72.7
3548,兆利,11673603,74.1,75.1,74.0,74.2
3551,世禾,155731816,197.0,203.0,196.0,200.0
3552,同致,9363062,44.05,44.5,43.6,44.05
3555,博士旺,6478702,164.0,167.0,163.0,163.0
3556,禾瑞亞,133526665,64.3,67.5,63.5,65.6
3558,神準,68182459,135.0,139.5,132.5,134.0
3564,其陽,155060719,62.7,62.8,58.6,60.9
3567,逸昌,756993,26.45,26.45,25.95,26.05
3570,大塚,3752861,168.5,173.0,168.5,169.5
3577,泓格,14489658,111.0,111.5,110.0,110.0
3580,友威科,62039116,103.5,104.5,102.0,103.5
3581,博磊,31047927,113.5,115.5,112.0,113.5
3587,閎康,124616772,246.5,248.0,245.5,246.0
3594,磐儀,9007547,46.8,47.0,46.25,46.35
3597,映興,21109668,36.75,36.75,36.75,36.75
3609,三一東林,2842239,24.5,24.85,23.45,24.6
3611,鼎翰,3438007,183.5,183.5,182.5,183.0
3615,安可,43017228,43.5,44.5,42.95,43.95
3623,富晶通,6356886,29.8,30.0,29.3,29.6
3624,光頡,4727088053,153.0,159.5,153.0,159.5
3625,西勝,4858230,9.9,10.5,9.37,10.1
3628,盈正,4752360,72.5,73.0,71.8,72.4
3629,地心引力,81100,12.5,13.95,12.5,13.95
3630,新鉅科,53816120,28.95,29.5,28.1,28.25
3631,晟楠,27626684,42.95,44.6,42.4,43.05
3646,艾恩特,375877,25.05,25.4,24.8,25.1
3663,鑫科,19299465,63.9,64.1,62.3,62.5
3664,安瑞-KY,229410,8.19,8.2,8.19,8.19
3666,光耀,1714927,25.25,25.4,25.2,25.4
3672,康聯訊,6545989,12.45,13.0,12.3,12.85
3675,德微,830491950,339.0,363.0,338.0,359.5
3680,家登,545728804,566.0,572.0,558.0,567.0
3684,榮昌,6563107,57.7,60.5,56.6,60.5
3685,元創精密,22887728,35.45,36.0,35.05,35.3
3687,歐買尬,2513117,60.7,61.0,60.6,60.7
3689,湧德,196837685,118.5,119.5,117.0,118.0
3691,碩禾,36615531,104.5,105.5,103.5,104.0
3693,營邦,1146645332,718.0,729.0,704.0,718.0
3707,漢磊,3074186951,85.2,91.5,84.1,89.9
3709,鑫聯大投控,13401628,64.4,66.0,64.4,66.0
3710,連展投控,2350918,8.0,8.3,7.96,8.25
3713,新晶投控,898626,13.5,13.5,13.2,13.5
3718,中光電投控,72850357,64.9,65.1,63.8,63.9
4102,永日,643789,18.4,18.8,18.25,18.65
4105,東洋,114410882,79.0,80.4,78.9,80.3
4107,邦特,3820136,109.0,109.5,109.0,109.5
4109,加捷生醫,1054782,10.9,11.0,10.9,11.0
4111,濟生,477631,28.75,28.9,28.75,28.85
4113,聯上,2281031,15.1,15.1,14.8,14.8
4114,健喬,13130408,29.1,29.2,29.1,29.2
4116,明基醫,761916,40.0,40.0,39.5,39.75
4120,友華,730771,45.5,46.0,45.5,45.8
4121,優盛,564423,12.7,12.95,12.7,12.8
4123,晟德,32584322,30.6,31.1,30.6,31.1
4126,太醫,2884905,77.6,77.7,77.5,77.5
4127,天良,30210430,42.1,45.3,41.65,42.9
4128,中天,17474064,15.55,15.85,15.3,15.35
4129,聯合,13696753,83.0,83.8,83.0,83.6
4131,浩泰,681230,30.75,30.95,30.0,30.7
4138,曜亞,704593,53.6,53.9,53.6,53.8
4139,馬光-KY,895412,43.1,43.5,43.0,43.15
4147,中裕,42726726,60.8,63.4,60.8,61.9
4153,鈺緯,875275,31.4,31.65,30.9,31.65
4154,樂威科-KY,12300,12.3,12.3,12.3,12.3
4157,太景*-KY,7066834,8.46,8.6,8.45,8.55
4160,訊聯基因,626272,39.0,39.0,38.8,38.95
4161,聿新科,201788,21.5,21.5,21.5,21.5
4162,智擎,10530761,55.3,55.8,55.3,55.8
4163,鐿鈦,5049681,133.5,135.0,133.5,134.0
4166,友霖,3458193,24.2,24.2,23.85,23.9
4167,松瑞藥,93774819,19.45,20.85,19.45,20.45
4168,醣聯,2949432,22.7,23.05,22.7,23.0
4171,瑞基,18747800,17.0,18.4,17.0,18.4
4173,久裕,694200,17.25,17.25,17.1,17.2
4174,浩鼎,122429007,50.8,54.3,50.8,52.1
4175,杏一,65162,,,,
4183,福永生技,0,,,,
4188,安克,1041888,13.9,13.95,13.6,13.95
4192,杏國,744286,17.55,17.8,17.5,17.8
4198,欣大健康,47047,47.0,47.0,47.0,47.0
4205,中華食,2369034,67.6,67.7,67.5,67.7
4207,環泰,1467634,19.3,19.3,19.2,19.3
4303,信立,13530038,31.15,31.75,31.15,31.35
4304,勝昱,620680,16.8,17.2,15.85,16.5
4305,世坤,123600,41.2,41.2,41.2,41.2
4401,東隆興,156004,13.9,13.9,13.75,13.75
4402,郡都開發,28521,13.3,13.6,13.3,13.6
4406,新昕纖,6895330,10.1,10.1,9.99,10.05
4413,飛寶企業,566550,20.0,20.4,19.7,20.35
4416,三圓,3944590,12.55,12.65,12.5,12.6
4417,金洲,7169375,48.65,49.1,48.2,48.55
4419,皇家美食,48596,48.5,48.5,48.5,48.5
4420,光明,667151,35.0,35.4,35.0,35.4
4430,耀億,606689,17.8,18.1,17.7,17.8
4432,銘旺實,833648,15.2,15.35,15.0,15.25
4433,興采,212958,18.0,18.0,17.85,18.0
4442,竣邦-KY,1174369,53.2,53.5,53.2,53.4
4502,健信,141531,15.75,15.75,15.7,15.75
4503,金雨,3251454,24.0,24.15,23.7,23.8
4506,崇友,10788669,118.5,118.5,117.5,118.0
4510,高鋒,15550991,42.45,42.5,41.85,41.9
4513,福裕,2979847,16.15,16.3,16.15,16.2
4523,永彰,1270153,23.5,24.0,23.5,24.0
4527,方土霖,1551317,44.4,45.95,44.4,45.0
4528,江興鍛,238113,14.7,14.8,14.7,14.75
4529,淳紳,13206,3.3,3.3,3.3,3.3
4530,天意能創,171100,24.5,24.55,24.1,24.35
4533,協易機,7691076,25.6,25.6,25.25,25.5
4534,慶騰,14955818,30.35,30.5,29.75,29.85
4535,至興,28893,26.5,26.5,26.5,26.5
4538,大詠城,272132,17.3,17.4,17.2,17.4
4541,晟田,28707029,60.0,60.6,59.1,59.1
4542,科嶠,244850968,343.0,353.0,332.0,337.0
4543,萬在,14673013,30.2,32.75,29.9,32.75
4549,桓達,3233925,99.0,99.5,98.3,99.0
4550,長佳,149396,23.85,24.05,23.85,24.05
4554,橙的,377316,27.9,27.9,27.7,27.75
4556,旭然,138102404,137.5,149.0,133.0,145.0
4558,寶緯,286751,16.85,17.0,16.8,17.0
4561,健椿,6951542,42.35,42.9,41.9,42.05
4563,百德,9760207,53.1,53.6,52.9,53.0
4568,科際精密,312038,38.9,39.35,38.85,38.85
4577,達航科技,24156711,90.0,92.2,88.7,88.8
4580,捷流閥業,2499978,82.0,82.5,82.0,82.5
4584,君帆,114000,38.0,38.0,38.0,38.0
4609,唐鋒,8910,4.52,4.52,4.39,4.39
4702,中美實,550021,9.4,9.44,9.32,9.34
4706,大恭,21606596,41.0,43.15,38.3,43.15
4707,磐亞,398677376,33.3,34.25,32.2,32.6
4711,永純,27456143,18.45,18.45,17.45,17.5
4714,永捷,10000732,12.05,12.35,11.95,11.95
4716,大立,231531998,22.0,22.3,19.15,19.45
4721,美琪瑪,62049019,82.0,84.8,82.0,82.3
4726,永昕,1420490,22.85,22.85,22.65,22.7
4728,雙美,1668134,408.5,408.5,394.5,394.5
4729,熒茂,1634200,19.8,19.85,19.55,19.6
4735,豪展,4489705,38.35,38.35,37.05,38.0
4741,泓瀚,2530076,42.35,42.35,40.6,40.6
4743,合一,86359355,48.1,49.3,47.1,47.1
4744,皇將,1216677,27.75,28.45,27.75,28.45
4745,合富-KY,120130,12.15,12.15,12.05,12.15
4747,強生*,488949,23.2,23.3,22.95,23.15
4749,新應材,434289656,801.0,807.0,791.0,791.0
4754,國碳科,1007091,38.1,38.1,37.8,37.95
4760,勤凱,714184973,331.0,354.0,331.0,334.0
4767,誠泰科技,481950,28.0,28.95,28.0,28.25
4768,晶呈科技,311145567,372.0,377.5,362.5,363.0
4772,台特化,241622704,279.0,281.5,276.0,277.0
4806,桂田文創,194811,11.05,11.3,10.9,11.3
4903,聯光通,211453578,45.75,46.75,45.75,46.75
4905,台聯電,10530342,91.2,98.3,91.2,92.8
4907,富宇,1788431,42.85,43.45,42.85,43.0
4908,前鼎,3517023813,239.0,254.0,238.0,254.0
4909,新復興,9318515,37.3,37.3,36.9,36.9
4911,德英,369208,27.9,28.0,27.8,28.0
4923,力士,41541868,63.7,64.7,62.2,62.7
4924,欣厚-KY,2753412,14.5,15.7,14.5,15.7
4931,新盛力,1538398772,262.0,264.0,252.0,252.5
4933,友輝,1141420,53.4,53.4,52.7,53.2
4939,亞電,169854266,76.5,78.2,76.3,76.9
4946,辣椒,1351419,101.5,101.5,99.1,99.1
4950,金耘國際,178116,15.6,15.7,15.5,15.7
4951,精拓科,18893228,89.5,90.6,88.4,88.7
4953,緯致,16328591,117.5,118.5,117.5,118.0
4966,譜瑞-KY,166183944,560.0,569.0,560.0,568.0
4971,IET-KY,2423978466,600.0,640.0,600.0,604.0
4972,湯石照明,346087,16.15,16.3,16.1,16.15
4973,廣穎,84263445,137.0,137.5,135.0,135.5
4974,亞泰,4919986,70.0,70.0,69.6,69.7
4979,華星光,7145969098,585.0,605.0,574.0,579.0
4991,環宇-KY,4565704810,525.0,552.0,516.0,518.0
4995,晶達,1776473,47.35,47.35,46.4,46.8
5009,榮剛,31129501,32.85,32.85,32.45,32.7
5011,久陽,98031681,21.4,23.8,21.4,22.65
5013,強新,83864870,52.7,52.7,50.5,52.7
5014,建錩,1419400,10.1,10.15,9.99,10.05
5015,華祺,1169335,23.0,23.2,22.3,22.9
5016,松和,1859047,27.75,27.75,27.15,27.2
5201,凱衛,1664324,27.65,27.65,26.9,27.3
5202,力新,28747642,15.0,15.5,14.2,14.4
5205,中茂,677234,30.3,30.3,30.3,30.3
5206,坤悅,2690439,22.7,22.85,22.6,22.7
5209,新鼎,13449705,172.5,173.0,170.0,173.0
5210,寶碩,3379646,30.1,30.5,29.8,29.85
5211,蒙恬,760018,20.8,21.6,20.8,20.85
5212,凌網,2009798,49.1,49.1,48.9,49.1
5213,亞昕,4764508,20.15,20.15,19.95,20.05
5220,萬達光電,1404235,22.05,22.35,21.75,22.1
5223,安力-KY,180322,22.4,22.7,22.4,22.6
5227,立凱-KY,6147693,28.95,29.2,28.8,28.85
5228,鈺鎧,43139015,55.8,55.8,55.8,55.8
5230,雷笛克光學,6843837,22.3,22.95,22.3,22.75
5245,智晶,3619923,20.3,20.3,19.75,20.0
5251,天鉞電,21204061,31.55,32.0,30.65,31.1
5263,智崴,16754523,90.6,91.5,90.2,91.4
5272,笙科,973153,17.75,17.75,17.5,17.7
5274,信驊,8825938656,18700.0,19000.0,17655.0,17750.0
5276,達輝-KY,36450,18.05,18.05,18.0,18.0
5278,尚凡*,4372496,23.7,23.7,23.05,23.1
5287,數字,5612091,137.0,138.0,137.0,137.5
5289,宜鼎,1639719025,1280.0,1300.0,1260.0,1260.0
5291,邑昇,29957003,64.4,64.8,63.5,64.3
5299,杰力,28549121,101.5,101.5,99.5,99.5
5301,寶得利,180816,6.0,6.1,6.0,6.0
5302,太欣,1241163,9.81,9.87,9.75,9.81
5309,系統電,434557027,67.8,68.6,66.1,67.2
5310,天剛,1483590,29.8,29.8,28.8,29.4
5312,寶島科,1009070,89.2,89.4,89.2,89.4
5314,世紀*,665906455,28.3,28.75,27.5,27.55
5315,光聯,1204029,19.05,19.2,19.0,19.1
5321,美而快,15807499,71.1,72.6,69.5,70.1
5324,士開,2285284,12.45,12.55,12.4,12.55
5328,華容,503591195,56.9,60.8,56.9,58.0
5340,建榮,895660916,84.9,92.1,84.9,90.0
5344,立衛,4156088,13.65,14.5,13.6,14.35
5345,馥鴻,379095,21.4,21.8,21.0,21.75
5347,世界,3830891262,189.5,194.5,187.5,190.0
5348,正能量智能,405408,17.8,17.8,17.3,17.4
5351,鈺創,1568046204,116.5,119.0,113.0,114.5
5353,台林,1340778,29.3,29.3,28.6,28.7
5355,佳總,824528,7.96,7.96,7.7,7.76
5356,協益,1225196,25.95,25.95,25.85,25.9
5364,力麗店,198500,8.3,8.3,8.21,8.3
5381,光譜,21549981,22.5,22.65,22.0,22.0
5386,青雲,166974271,288.0,288.0,280.0,281.5
5392,能率,26111854,38.65,39.25,38.6,38.95
5398,慕康生醫,2874950,13.95,15.0,13.95,15.0
5403,中菲,3228205,91.9,92.2,91.6,91.6
5410,國眾,3699064,33.4,33.55,33.1,33.45
5425,台半,1610994308,100.0,105.5,99.5,104.5
5426,振發,63045715,28.9,31.45,28.9,30.2
5432,新門,269833950,195.5,215.0,195.0,195.0
5438,東友,819906,17.35,17.35,16.95,17.1
5439,高技,513293424,265.0,268.0,261.5,262.0
5443,均豪,111299645,114.0,114.5,112.5,113.5
5450,南良,5309536,14.45,14.65,14.4,14.6
5452,佶優,112167389,32.0,32.0,31.05,31.2
5455,昇益,94207,30.8,30.8,30.8,30.8
5457,宣德,42045780,24.35,24.5,23.3,23.85
5460,同協,43389552,19.2,19.25,18.15,19.25
5464,霖宏,36165929,90.6,95.0,90.6,93.4
5465,富驊,24028326,33.15,34.0,33.15,33.55
5468,凱鈺,1932273,24.45,24.6,24.2,24.35
5474,聰泰,19288641,165.5,165.5,161.0,161.0
5475,德宏,2165527859,181.0,198.0,181.0,193.0
5478,智冠,4460830,97.0,97.2,96.8,96.8
5481,新華,10364219,20.25,21.1,20.1,20.4
5483,中美晶,6630091159,214.0,227.0,214.0,224.0
5487,通泰,4703023,28.8,30.0,28.75,29.85
5488,松普,1786503,12.05,12.05,11.85,11.95
5489,彩富,634733,42.1,42.6,41.95,41.95
5490,同亨,4252047,25.35,25.6,25.3,25.55
5493,三聯,8389400,91.0,92.9,90.2,90.2
5498,凱崴,140803838,53.8,55.5,53.5,54.8
5508,永信建,12749513,53.5,54.0,53.5,53.9
5511,德昌,4576538,68.1,68.6,68.1,68.4
5512,力麒,4261509,7.5,7.53,7.48,7.51
5514,三豐,313394,15.0,15.1,15.0,15.1
5516,雙喜,249300,11.8,11.95,11.8,11.95
5520,力泰,253484,84.4,84.5,84.4,84.5
5523,豐謙,93622,30.15,30.35,30.15,30.35
5529,鉅陞,29702460,27.05,27.15,25.0,25.6
5530,龍巖,11128697,47.75,48.5,47.75,48.3
5536,聖暉*,2866190722,1000.0,1060.0,982.0,1045.0
5543,桓鼎-KY,239896,27.0,27.25,26.0,26.5
5547,久舜,483536,20.35,20.35,20.15,20.2
5548,安倉,296148,20.0,20.1,20.0,20.1
5601,台聯櫃,0,,,,
5603,陸海,1791475,14.15,14.3,13.9,14.1
5604,中連,515731,31.7,31.75,31.65,31.7
5609,中菲行,15690075,78.5,78.9,78.5,78.7
5701,劍湖山,575269,4.0,4.2,3.99,4.19
5703,亞都,30031,13.5,13.8,13.5,13.8
5704,老爺知,510790,22.55,22.55,22.5,22.5
5864,致和證,102891809,39.1,39.9,38.85,39.4
5878,台名,167160,37.5,37.5,37.5,37.5
5902,德記,363862,34.45,34.45,33.95,34.05
5903,全家,2980678,185.5,186.0,185.0,185.5
5904,寶雅*,222088456,69.1,70.3,68.7,70.1
5905,南仁湖,1676860,7.3,7.4,7.29,7.38
6015,宏遠證,29551945,17.95,18.05,17.8,17.8
6016,康和證,58722545,24.0,24.4,23.8,24.0
6020,大展證,130767,20.5,20.65,20.5,20.65
6021,美好證,5261032,42.7,43.15,42.3,42.75
6023,元大期,21591953,84.9,84.9,84.0,84.5
6026,福邦證,6867718,15.95,15.95,15.8,15.85
6028,公勝保經,21660584,102.5,112.0,102.5,112.0
6101,寬魚國際,23403068,37.9,38.8,37.65,38.75
6103,合邦,2620300,37.7,39.9,37.7,39.9
6104,創惟,42951734,88.0,88.6,87.4,87.5
6109,亞元,1024858,10.2,10.35,10.2,10.3
6111,光聚晶電,3067473,36.05,36.7,35.85,35.85
6113,亞矽,1265762,24.0,24.0,23.6,23.65
6114,久威,1182109,22.8,22.95,22.5,22.7
6118,建達,3343715,16.25,16.4,16.0,16.15
6121,新普,123629353,371.0,373.0,369.0,370.0
6122,擎邦,80071363,58.1,61.0,58.1,59.9
6123,上奇,732838,42.9,42.9,42.5,42.65
6124,業強,121670,27.0,27.2,27.0,27.2
6125,廣運,23402389,49.8,50.3,49.6,50.1
6126,信音,14451791,32.7,32.8,32.2,32.4
6127,九豪,724435765,56.4,60.7,56.4,58.3
6129,普誠,3975656,14.5,14.6,14.25,14.3
6130,上亞科技,571093,22.65,22.95,22.65,22.85
6134,萬旭,8658492,28.4,29.3,28.25,28.35
6138,茂達,273862404,272.0,273.0,264.0,270.5
6140,訊達,19397680,20.25,20.6,20.0,20.05
6143,振曜,32384223,78.7,78.9,78.1,78.3
6144,得利影,452420,13.15,13.5,13.0,13.25
6146,耕興,29134648,181.0,182.5,180.0,181.5
6147,頎邦,18448200390,216.5,238.0,215.5,231.5
6148,驊宏資,51424304,36.75,38.2,36.65,37.1
6150,撼訊,13914084,66.0,66.0,64.3,65.0
6151,晉倫,4903352,34.9,35.7,34.9,35.65
6154,順發,143338,14.1,14.25,14.05,14.25
6156,松上,48297444,24.0,24.3,23.25,23.4
6158,禾昌,633465,17.8,17.9,17.75,17.85
6160,欣技,829142,14.1,14.1,13.55,13.85
6161,捷波,1478638,50.1,50.1,49.0,49.0
6163,華電網,45303801,41.95,42.9,41.0,42.85
6169,昱泉,189930,11.6,12.0,11.6,12.0
6170,統振,5687021,48.9,49.25,48.65,49.15
6171,大城地產,4298480,23.9,24.3,23.8,24.0
6174,安碁,338198293,53.0,59.8,52.7,58.2
6175,立敦,289288390,76.5,79.7,76.4,77.0
6179,亞通,168006075,37.25,37.85,36.65,37.75
6180,橘子,25741774,40.95,41.15,39.65,39.65
6182,合晶,9384666018,128.5,135.5,127.5,135.0
6185,幃翔,1720674,12.55,12.6,12.45,12.55
6186,新潤,7336684,28.75,29.05,28.75,28.95
6187,萬潤,3661474440,1545.0,1570.0,1510.0,1535.0
6188,廣明,33500465,62.2,62.8,62.2,62.5
6190,萬泰科,263072488,75.1,78.8,75.0,76.4
6194,育富,2344164,31.55,31.85,31.35,31.85
6195,詩肯,346230,27.85,28.1,27.8,28.05
6198,瑞築,38,,,,
6199,天品,899601491,135.5,139.5,134.5,139.5
6203,海韻電,4461199,59.8,59.8,59.3,59.8
6204,艾華,49686194,110.0,115.5,108.0,111.5
6207,雷科,1794215235,142.0,150.5,142.0,147.5
6208,日揚,10393595,80.0,81.3,79.5,79.8
6210,慶生,114677,17.65,18.15,17.65,17.9
6212,理銘,33800,32.2,32.2,32.2,32.2
6217,中探針,459911947,175.0,179.5,173.0,173.0
6218,豪勉,420431503,56.3,60.9,56.1,60.8
6219,富旺,687906,12.2,12.2,11.9,12.0
6220,岳豐,4988455,25.8,25.85,25.45,25.65
6221,晉泰,22722652,30.8,31.0,29.9,30.05
6222,立軒,20019,20.0,20.0,20.0,20.0
6223,旺矽,4984488555,5590.0,5725.0,5480.0,5530.0
6227,茂綸,95953433,142.0,143.0,138.5,140.5
6228,全譜,153176,17.7,18.15,17.3,18.15
6229,研通,1689903,24.1,24.3,23.9,23.9
6231,系微,23142763,234.0,237.0,234.0,234.5
6233,旺玖,15909395,24.5,25.25,24.4,24.95
6234,高僑,66333650,41.35,41.8,41.3,41.8
6236,中湛,0,,,,
6237,驊訊,7967986,35.3,36.45,35.3,35.65
6240,松崗,633006,26.1,26.85,26.0,26.25
6241,鑫永洋,1472813,16.45,16.45,16.05,16.35
6242,立康,6222,,,,
6244,茂迪,52704605,22.95,23.0,22.6,22.8
6245,立端,37232488,87.6,88.4,87.2,87.3
6246,臺龍,129509,12.8,12.8,12.65,12.65
6248,沛波,765660,17.15,17.15,16.95,17.15
6259,百徽,16306846,32.3,34.0,32.3,32.7
6261,久元,29960766,78.5,78.5,77.5,77.9
6263,普萊德,127411649,180.0,180.0,174.5,178.0
6264,富裔,159186,6.1,6.1,6.0,6.07
6265,方土昶,42788518,48.8,50.4,48.6,49.15
6266,泰詠,8121667,26.75,26.75,25.8,26.4
6270,倍微,4552795,30.35,30.7,29.9,29.9
6274,台燿,21505630580,1740.0,1835.0,1710.0,1720.0
6275,元山,6096694,47.15,47.7,47.15,47.35
6276,安鈦克,388608,19.45,19.9,18.65,19.2
6279,胡連,50672364,117.0,118.0,116.0,116.0
6284,佳邦,126760480,78.8,82.0,78.8,80.0
6290,良維,1205463742,287.0,292.5,281.5,284.5
6291,沛亨,290961796,468.0,484.0,467.5,469.5
6292,迅德,20845391,70.2,71.5,68.8,68.8
6294,智基,69147,27.75,27.75,27.75,27.75
6411,晶焱,14220800,79.0,79.3,78.4,78.7
6417,韋僑,4618421,104.0,105.5,104.0,105.5
6418,詠昇,1688624,34.25,34.5,34.25,34.35
6419,京晨科,63676508,168.5,173.0,165.0,165.0
6423,億而得,5870180,88.9,89.0,86.6,87.1
6425,易發,50412779,74.7,76.0,72.8,73.2
6432,今展科,120453482,64.4,70.0,64.4,66.2
6435,大中,200532954,259.0,261.0,255.5,257.0
6441,廣錠,2356399,22.55,22.8,22.45,22.55
6461,益得,9584312,29.35,29.35,28.2,29.2
6462,神盾,48641095,102.5,103.0,100.5,102.0
6465,威潤,5590443,40.6,41.45,40.3,41.2
6469,大樹,26842323,62.8,64.7,62.8,64.7
6470,宇智,1547169,43.0,43.0,42.3,42.8
6474,華豫寧,1367435,35.6,35.65,35.4,35.55
6482,弘煜科,227487,23.4,23.4,23.05,23.3
6485,點序,168956196,77.9,85.6,77.9,85.6
6486,互動,2810053,78.0,78.6,78.0,78.4
6488,環球晶,17322875555,1185.0,1240.0,1180.0,1215.0
6492,生華科,5995289,33.8,34.1,33.55,34.0
6494,九齊,3911655,52.7,53.9,52.1,52.1
6496,科懋,4551536,23.95,24.35,23.5,23.85
6498,久禾光,19921009,74.3,75.3,73.5,74.5
6499,益安,71366790,78.5,79.5,78.2,79.5
6506,雙邦,1610114,18.85,18.85,18.65,18.85
6508,惠光,827430,27.3,27.3,26.35,26.35
6509,聚和,120010232,49.5,51.7,49.5,50.4
6510,精測,1239939500,3060.0,3100.0,3015.0,3020.0
6512,啟發電,55898,20.2,20.2,20.2,20.2
6516,勤崴國際,2637156,55.9,56.7,55.5,56.7
6517,保勝光學,45733943,67.1,69.6,67.0,68.5
6523,達爾膚,2167100,89.5,89.5,89.0,89.1
6527,明達醫,972238,74.1,75.0,74.1,75.0
6530,創威,299986182,97.6,102.5,97.6,98.2
6532,瑞耘,159415663,110.5,117.0,109.0,116.5
6535,順藥,10372225,81.0,81.8,80.3,81.0
6538,倉和,2295033858,272.0,332.0,272.0,332.0
6542,隆中,392550,39.1,40.2,39.0,39.6
6546,正基,10308881,61.6,62.7,61.1,61.5
6547,高端疫苗,120555120,60.8,61.5,60.5,61.4
6548,長科*,1057742574,77.0,82.5,77.0,77.9
6556,勝品,500120,61.8,62.3,61.8,62.3
6560,欣普羅,7643718,34.0,34.0,33.0,33.05
6561,是方,19485755,312.5,313.0,310.0,313.0
6568,宏觀,10891769,139.0,142.0,137.0,139.5
6569,醫揚,2614402,91.8,91.8,90.9,91.0
6570,維田,2115763,47.5,47.5,47.05,47.4
6574,霈方,2544421,120.0,120.0,118.5,120.0
6576,逸達,5333843,78.6,79.0,78.0,79.0
6577,勁豐,942962,79.5,80.5,79.5,80.5
6578,達邦蛋白,550633,16.2,16.25,16.15,16.2
6584,南俊國際,422464799,536.0,539.0,526.0,538.0
6588,東典光電,111482717,111.0,114.0,109.0,109.0
6590,普鴻,755285,64.3,64.3,63.9,64.3
6593,台灣銘板,667492,32.3,32.3,32.15,32.2
6596,寬宏藝術,11202582,97.0,97.2,96.6,96.7
6597,立誠,65632,64.8,64.8,64.8,64.8
6603,富強鑫,67066416,28.35,29.15,28.1,28.8
6604,儒億,12863201,25.35,25.8,25.15,25.35
6609,瀧澤科,1725917,39.1,39.25,38.8,39.0
6612,奈米醫材,1151921,72.6,72.6,72.0,72.2
6613,朋億*,121411065,286.5,293.5,285.5,290.0
6615,慧智,2700524,33.5,33.55,33.3,33.3
6616,特昇-KY,320719,8.34,8.83,8.12,8.5
6617,共信-KY,63811344,127.0,127.0,120.0,121.5
6620,漢達,390500746,130.5,132.5,124.0,125.0
6624,萬年清,420250,38.75,38.75,37.45,38.35
6629,泰金-KY,3305228,100.0,102.0,99.9,100.5
6637,醫影,1774426,54.4,54.4,53.4,54.4
6640,均華,567438245,1125.0,1150.0,1080.0,1080.0
6642,富致,17182511,80.0,80.8,78.8,79.1
6643,M31,314039778,510.0,511.0,498.0,498.0
6649,台生材,5904953,37.65,37.65,35.6,36.15
6651,全宇昕,75171270,148.0,148.0,142.5,142.5
6654,天正國際,25541774,220.5,235.0,215.5,217.0
6661,威健生技,34400,17.2,17.2,17.2,17.2
6662,樂斯科,54,,,,
6664,群翊,101124178,388.0,388.0,378.0,378.0
6667,信紘科,518501078,260.5,285.0,260.5,278.5
6679,鈺太,28487356,200.5,202.0,198.5,199.0
6680,鑫創電子,163477,51.6,51.6,50.1,50.1
6683,雍智科技,1968935125,1465.0,1500.0,1420.0,1445.0
6684,安格,4629202,49.0,49.0,48.45,48.45
6690,安碁資訊,33494495,179.0,181.0,177.5,178.0
6692,進能服,494674,22.1,22.9,22.05,22.6
6693,廣閎科,379911886,202.0,203.5,194.5,197.0
6697,東捷資訊,745398,40.9,41.3,40.9,41.1
6703,軒郁,4379077,99.8,100.5,99.7,100.5
6708,天擎,64807660,71.8,71.8,67.1,68.5
6712,長聖,72695253,161.0,164.0,161.0,161.5
6716,應廣,837641377,153.0,160.0,142.5,153.5
6720,久昌,1012180,125.0,125.0,123.0,124.5
6721,信實,1699111,49.05,49.05,48.8,49.0
6725,矽科宏晟,10806042,221.0,221.0,217.0,217.0
6727,亞泰金屬,619938377,525.0,550.0,525.0,526.0
6728,上洋,2989418,109.0,109.0,108.5,109.0
6730,常廣,95450,31.7,31.9,31.7,31.9
6732,昇佳電子,9496296,152.0,154.0,151.5,153.0
6733,博晟生醫,1837788,24.65,24.85,24.45,24.85
6735,美達科技,6678284,67.0,67.0,63.0,63.2
6739,竹陞科技,121870930,1110.0,1120.0,1100.0,1100.0
6741,91APP*-KY,5010588,54.4,54.6,54.1,54.2
6751,智聯服務,3950602,48.8,48.8,48.8,48.8
6752,叡揚,719535,97.9,97.9,96.7,96.7
6761,穩得,11190248,168.0,169.0,167.5,168.5
6762,達亞,16561,,,,
6763,綠界科技*,6422259,41.1,41.7,41.05,41.5
6767,台微醫,291900,23.8,24.5,23.75,24.5
6785,昱展新藥,12804740,92.1,92.2,90.1,90.8
6788,華景電,279927008,375.0,385.0,375.0,377.0
6791,虎門科技,1870715,103.0,103.5,101.0,101.5
6803,崑鼎,21233622,263.0,263.0,262.0,262.0
6804,明係,1532017,18.55,18.6,18.3,18.3
6811,宏碁資訊,332535195,270.0,273.0,266.5,273.0
6821,聯寶,8688521,45.35,47.1,45.2,45.55
6823,濾能,1987044,61.2,61.2,59.6,60.2
6829,千附精密,187175073,208.5,216.0,207.0,215.0
6840,東研信超,19686025,95.9,97.0,93.4,95.0
6841,長佳智能,5802463,56.2,56.5,55.8,55.8
6843,進典,192937,38.1,38.15,38.1,38.15
6844,諾貝兒,466665,57.2,57.2,56.7,56.9
6846,綠茵,520708,58.5,58.5,57.4,57.7
6855,數泓科,462945,111.5,115.5,111.5,115.5
6856,鑫傳,571400,41.75,41.75,39.6,41.65
6859,伯特光,3140821,122.5,122.5,120.5,120.5
6865,偉康科技,293000,26.55,26.7,26.25,26.7
6870,騰雲,27323356,310.5,318.0,310.5,316.0
6872,浩宇生醫,2478480,22.9,22.9,22.05,22.05
6874,倍力,358375,70.4,70.4,69.5,70.3
6875,國邑*,7976056,27.0,27.3,27.0,27.05
6877,鏵友益,32161128,133.0,137.0,129.0,132.5
6881,潤德,1086202,214.0,215.5,214.0,215.5
6884,海柏特,408682,30.85,31.5,30.8,30.9
6894,衛司特,21104281,356.5,366.0,356.0,363.0
6895,宏碩系統,1468984,157.0,157.0,154.0,155.0
6899,創為精密,651836,49.1,49.4,49.1,49.3
6903,巨漢,85181819,324.0,330.5,323.0,327.0
6904,伯鑫,491000,122.5,123.0,122.5,123.0
6907,雅特力-KY,125590620,192.0,193.5,189.0,189.0
6910,德鴻,205192,25.3,25.4,25.3,25.4
6913,鴻呈,65419302,129.5,136.5,129.5,134.0
6922,宸曜,30244846,208.0,211.0,204.0,204.0
6925,意藍,21447231,70.8,72.1,69.6,71.2
6929,佑全,398868,21.5,22.55,21.5,22.5
6945,圓祥生技,113436866,144.0,147.5,135.0,140.0
6953,家碩,19125620,257.0,260.0,253.5,257.0
6961,旅天下,943805,45.95,45.95,45.35,45.75
6967,汎瑋材料,9307118,73.5,73.9,72.4,73.4
6968,萬達寵物,1635415,41.3,41.4,41.0,41.1
6971,惠民實業,306572,23.6,23.85,23.3,23.5
6982,大井泵浦,498487,45.4,45.4,44.7,44.7
6983,華洋精機,221280399,405.0,425.0,382.0,382.0
6986,和迅,2332175,43.8,44.45,43.8,44.2
6996,力領科技,3634172,166.5,167.0,166.0,166.0
6997,博弘,280048,68.0,68.0,68.0,68.0
700019,宏捷科統一5C購01,6310,0.31,0.31,0.19,0.19
700020,佳邦統一5C購01,0,,,,
700021,長佳智統一5C購02,0,,,,
700022,華星光統一5C購01,96670,3.75,3.75,3.47,3.47
700023,新應材統一5B購02,4000,0.02,0.02,0.02,0.02
700024,新應材統一64購02,11710,0.23,0.23,0.21,0.21
700025,雙鴻統一5B購01,6000,1.2,1.2,1.2,1.2
700126,威剛國票61購01,0,,,,
700186,中光電統一6A購01,4680,0.08,0.08,0.06,0.06
700190,昇達科統一65購01,266960,4.5,4.5,4.2,4.2
700192,朋程統一6A購01,80000,0.4,0.4,0.4,0.4
700193,東洋統一61購01,0,,,,
700194,長聖統一61購01,0,,,,
700198,智冠統一5C購01,0,,,,
700199,華景電統一61購01,990,0.99,0.99,0.99,0.99
700201,萬潤統一6A購01,22450,4.49,4.49,4.49,4.49
700205,雙鴻統一61購01,0,,,,
700206,雙鴻統一61購02,0,,,,
700207,雙鴻統一6A購01,1150,1.15,1.15,1.15,1.15
700208,騰雲統一6A購01,0,,,,
700257,大世科統一6A購01,0,,,,
700258,大綜統一6A購01,579530,0.84,0.9,0.84,0.89
700261,宜鼎統一6A購01,49770,4.17,4.17,4.08,4.08
700262,尚凡*統一6A購01,0,,,,
700263,旺矽統一6A購01,185550,3.63,3.63,3.55,3.55
700264,長聖統一6A購01,2800,0.28,0.28,0.28,0.28
700267,建榮統一6A購01,0,,,,
700269,昱展統一6A購01,0,,,,
700271,新鉅科統一6A購01,27500,0.25,0.25,0.25,0.25
700273,優群統一6A購01,0,,,,
700275,雙鴻統一6A購02,371250,1.24,1.35,1.24,1.35
700276,鏵友益統一6A購01,560,0.56,0.56,0.56,0.56
700279,良維國票5C購01,0,,,,
700342,大世科統一6A購02,0,,,,
700343,中光電統一6A購02,0,,,,
700345,立碁統一6A購01,106030,0.99,1.02,0.93,0.94
700346,良維統一6A購01,0,,,,
700348,昱展統一6A購02,0,,,,
700350,茂達統一61購01,0,,,,
700353,新鉅科統一6A購02,2100,0.21,0.21,0.21,0.21
700354,聖暉*統一6A購01,669810,0.53,0.59,0.53,0.59
700355,撼訊統一6A購01,5800,0.29,0.29,0.29,0.29
700356,擎亞統一6A購01,0,,,,
700357,聰泰統一6A購01,0,,,,
700358,寶島科統一64購01,0,,,,
700410,中光電統一5C購01,10,0.01,0.01,0.01,0.01
700412,旺矽統一6A購02,0,,,,
700413,金山電統一5C購01,0,,,,
700414,長聖統一6A購02,0,,,,
700415,建榮統一6A購02,12050,0.79,0.88,0.79,0.88
700417,聰泰統一6A購02,7800,0.39,0.39,0.39,0.39
700580,宜鼎兆豐5A購01,0,,,,
700594,原相元大5A購01,0,,,,
700638,原相元大5A購02,0,,,,
700670,中光電統一6A購03,700,0.07,0.07,0.07,0.07
700671,正德統一5A購01,0,,,,
700672,旺矽統一5A購01,0,,,,
700675,高技統一5A購02,0,,,,
700676,高技統一6A購01,20040,0.16,0.21,0.15,0.18
700677,高技統一6A購02,870,0.28,0.3,0.28,0.3
700678,智通*統一6A購01,0,,,,
700679,智擎統一6A購01,10200,0.34,0.34,0.34,0.34
700681,鈊象統一6A購01,3060,0.34,0.34,0.34,0.34
700682,萬潤統一6A購02,79500,5.3,5.3,5.3,5.3
700683,雍智統一6A購01,8810,4.6,4.6,4.21,4.21
700684,雍智統一6A購02,132840,6.0,6.0,4.78,4.78
700685,臺慶科統一5A購01,5100,0.85,0.85,0.85,0.85
700686,臺慶科統一6A購01,0,,,,
700687,緯軟統一6A購01,0,,,,
700688,營邦統一6A購01,8990,2.98,3.03,2.98,3.03
700689,聯合統一61購01,0,,,,
700706,中光電統一5A購01,0,,,,
700708,信立統一6A購01,2500,0.25,0.25,0.25,0.25
700709,神盾統一5C購02,0,,,,
700710,智通*統一6A購02,0,,,,
700711,華星光統一6A購01,216840,3.5,3.5,3.45,3.5
700712,聖暉*統一6A購02,741010,0.43,0.46,0.42,0.46
700717,宜鼎元大5A購01,0,,,,
700742,聖暉*永豐5A購01,0,,,,
700746,雙鴻中信5A購02,0,,,,
700754,台半統一5C購02,0,,,,
700755,宜鼎統一6A購02,0,,,,
700756,威剛統一5C購03,0,,,,
700757,竑騰統一5C購01,0,,,,
700758,穩得統一5C購01,0,,,,
700786,威剛永豐5A購01,0,,,,
700810,山富統一5C購01,0,,,,
700811,光頡統一5C購01,0,,,,
700827,信立永豐5A購01,0,,,,
700828,威剛永豐64購01,0,,,,
700830,中美晶元大5A購01,3000,3.0,3.0,3.0,3.0
700843,世界統一5C購01,12400,0.88,0.9,0.88,0.9
700844,立敦統一5C購01,0,,,,
700845,臺慶科統一5C購01,5000,0.5,0.5,0.5,0.5
700850,臺慶科國票5C購01,144800,1.86,1.86,1.74,1.77
700857,良維元大5A購01,0,,,,
700875,良維元大5A購02,0,,,,
700898,力旺統一5A購01,1270,0.11,0.11,0.1,0.1
700899,力旺統一6A購01,950860,0.9,0.9,0.78,0.8
700900,台半統一5C購03,18250,0.92,0.92,0.89,0.89
700901,尼克森統一5C購01,0,,,,
700902,光頡統一5A購01,44200,4.42,4.42,4.42,4.42
700904,波若威統一6A購01,265540,4.15,4.2,3.86,3.87
700920,波若威永豐5A購01,0,,,,
700929,蜜望實國票5A購01,0,,,,
700938,中美晶兆豐5A購01,0,,,,
700955,撼訊元大5A購01,0,,,,
700983,威剛兆豐5A購01,0,,,,
701010,雙鴻元富5A購01,0,,,,
701037,威剛永豐5C購01,0,,,,
701064,元債20群益61購01,2000,0.04,0.04,0.04,0.04
701095,擎亞元大5A購01,0,,,,
701097,營邦元大5A購01,45200,2.26,2.26,2.26,2.26
701130,元債20元大5B購01,0,,,,
701131,元債20元大61購01,18600,0.03,0.04,0.03,0.04
701211,威剛凱基5B購01,0,,,,
701253,穩懋國票5B購01,0,,,,
701273,撼訊凱基5B購01,0,,,,
701279,雙鴻國票5B購01,51660,0.68,0.83,0.68,0.7
701287,威剛元大5B購01,15000,3.0,3.0,3.0,3.0
701288,訊聯元大5B購01,0,,,,
701294,新應材元大5B購01,0,,,,
701311,雙鴻群益5B購01,0,,,,
701374,台燿元大5B購01,0,,,,
701379,威剛元大5B購02,0,,,,
701381,新應材元大5B購02,0,,,,
701388,中光電凱基5A購01,0,,,,
701400,台燿元大5B購02,0,,,,
701403,神盾元大5B購01,0,,,,
701422,中光電兆豐5B購01,0,,,,
701430,台燿統一5B購01,0,,,,
701431,台燿統一5B購02,0,,,,
701432,正基統一5C購01,0,,,,
701434,良維統一6B購01,76860,0.88,0.89,0.88,0.88
701437,威剛統一5B購01,0,,,,
701438,威剛統一6B購01,110010,2.01,2.01,1.99,1.99
701440,華星光統一5B購04,4850,4.85,4.85,4.85,4.85
701441,華星光統一61購04,0,,,,
701442,雙鴻統一6B購01,169090,0.59,0.6,0.56,0.6
701460,神盾凱基5B購01,0,,,,
701471,台燿統一65購01,0,,,,
701472,雙鴻統一61購03,0,,,,
701473,穩懋統一5B購01,0,,,,
701474,穩懋統一6B購01,6300,6.3,6.3,6.3,6.3
701479,威剛元大5A購02,0,,,,
701484,擎亞元大5B購01,0,,,,
701500,雙鴻中信5B購01,0,,,,
701511,新應材凱基5B購01,0,,,,
701524,雙鴻群益5A購02,0,,,,
701571,擎亞元大5B購02,0,,,,
701592,竹陞統一6B購01,9800,0.98,0.98,0.98,0.98
701593,竹陞統一6B購02,54900,0.9,0.9,0.9,0.9
701594,海韻電統一61購01,0,,,,
701614,信立元大5B購01,0,,,,
701615,威剛元大5B購03,36900,2.05,2.05,2.05,2.05
701623,元太統一5B購01,0,,,,
701624,竹陞統一5C購03,0,,,,
701625,竹陞統一6B購03,9800,0.9,0.9,0.8,0.8
701626,東捷統一5C購01,35500,3.55,3.55,3.55,3.55
701650,台燿元大5B購03,0,,,,
701667,雙鴻群益5B購02,0,,,,
701680,宜鼎兆豐5B購01,0,,,,
701692,台燿統一6B購01,0,,,,
701693,系統電統一5C購01,0,,,,
701694,系統電統一6B購01,259140,0.53,0.53,0.51,0.51
701695,系統電統一6B購02,0,,,,
701696,宜鼎統一5A購01,0,,,,
701697,宜鼎統一5C購04,0,,,,
701698,宜鼎統一6B購01,4530,2.27,2.27,2.26,2.26
701699,訊聯統一6B購01,0,,,,
701720,系統電永豐5A購01,0,,,,
701788,訊聯永豐5B購01,0,,,,
701804,巨有統一6B購01,0,,,,
701805,濱川統一65購01,134760,1.1,1.32,1.1,1.3
701806,濱川統一6B購01,1240,0.62,0.62,0.62,0.62
701807,濱川統一6B購02,345840,0.45,0.54,0.44,0.5
701808,濱川統一6B購03,208550,0.57,0.61,0.55,0.61
701822,訊聯元大5B購02,0,,,,
701828,威剛兆豐5B購01,0,,,,
701853,巨有統一6B購02,36110,2.12,2.13,2.12,2.13
701854,弘塑中信5B購01,0,,,,
701855,威剛中信5B購01,0,,,,
701908,信立凱基5B購01,0,,,,
701919,信驊元富5B購01,0,,,,
702018,台燿凱基5B購02,0,,,,
702028,昇達科中信5A購01,0,,,,
702125,旺矽元大5B購01,9840,4.92,4.92,4.92,4.92
702133,良維凱基5B購01,0,,,,
702170,昇達科元富5C購01,0,,,,
702228,穩懋元大5C購01,0,,,,
702252,弘塑中信5C購01,0,,,,
702281,精測元大5C購01,2510,1.25,1.26,1.25,1.26
702283,穩懋元大5B購01,0,,,,
702284,穩懋元大5C購02,0,,,,
702287,威剛凱基5B購02,0,,,,
702300,順達元大5B購01,48020,1.08,1.13,1.08,1.08
702304,穩懋元大5B購02,0,,,,
702311,雙鴻中信5C購01,0,,,,
702331,昇達科群益5C購01,0,,,,
702352,華電網國票5C購01,0,,,,
702364,順達元大5B購02,0,,,,
702373,光焱永豐5C購01,0,,,,
702375,訊聯永豐5C購01,0,,,,
702386,訊聯凱基5C購01,0,,,,
702415,雍智元大5C購01,0,,,,
702441,高技元富5C購01,0,,,,
702451,新應材富邦5C購01,0,,,,
702459,擎亞元大5A購02,0,,,,
702467,順達凱基5B購01,20530,3.07,3.07,2.83,2.83
702490,台燿富邦5C購01,0,,,,
702526,昇達科國票5A購01,0,,,,
702553,穩懋元大5A購01,0,,,,
702560,昇達科中信5C購01,155250,6.1,6.2,5.85,6.2
702576,富喬凱基5A購01,24030,2.48,4.19,2.48,4.19
702578,新應材凱基5B購02,0,,,,
702592,富喬國票5C購01,331930,3.76,4.64,3.76,4.2
702593,富喬國票62購01,750600,3.63,4.29,3.56,3.98
702605,系統電元大5C購01,92560,0.27,0.28,0.26,0.26
702611,高技元大5C購01,0,,,,
702627,富喬富邦5C購01,801400,2.02,2.5,1.96,2.29
702639,IET中信5C購01,349700,5.7,6.0,5.7,5.85
702641,富喬中信5C購01,199820,0.81,1.02,0.81,0.97
702642,穩懋中信5C購01,0,,,,
702667,系統電元大5B購01,9680,0.08,0.08,0.08,0.08
702695,穩懋凱基5A購01,0,,,,
702712,良維中信5B購01,0,,,,
702719,系統電元大5C購02,2700,0.1,0.1,0.1,0.1
702752,台特化統一6C購01,23330,0.25,0.28,0.23,0.23
702753,精測統一66購01,46000,0.92,0.92,0.92,0.92
702775,訊聯永豐5C購02,0,,,,
702776,新應材永豐5C購01,18300,0.61,0.61,0.61,0.61
702786,威剛中信5C購01,0,,,,
702808,高技元大5A購01,0,,,,
702811,聖暉*元大5A購01,0,,,,
702828,勤凱統一5C購01,0,,,,
702829,勤凱統一6C購01,543300,1.39,1.45,1.33,1.33
702830,擎亞統一6C購01,0,,,,
702831,宜鼎元富5C購01,0,,,,
702833,高技元富5C購02,0,,,,
702878,櫃200群益5B購01,0,,,,
702884,家登元大5C購01,14830,2.08,2.17,2.08,2.17
702885,高技元大5A購02,0,,,,
702886,高技元大5B購01,7640,0.13,0.14,0.13,0.14
702919,高技元大5B購02,0,,,,
702951,新應材永豐5C購02,0,,,,
702953,力旺中信5C購01,0,,,,
702966,元債20凱基5C購01,0,,,,
702969,宜鼎凱基5C購01,0,,,,
702980,訊聯統一6C購01,0,,,,
702987,穩懋元大5C購03,0,,,,
702990,華景電元富5C購01,164800,1.81,1.91,1.74,1.74
702993,宜鼎中信5A購02,0,,,,
703002,新應材永豐5C購03,540,0.54,0.54,0.54,0.54
703004,鑫科永豐5C購01,0,,,,
703011,宜特國票5A購01,0,,,,
703030,金益鼎凱基5A購01,0,,,,
703036,元太群益5B購01,0,,,,
703043,高技中信5C購01,0,,,,
703045,雙鴻中信5C購02,785020,2.05,2.05,1.86,2.02
703048,順達永豐5A購01,0,,,,
703049,順達永豐5C購01,545420,2.44,2.44,2.31,2.35
703051,穩得永豐5A購01,0,,,,
703062,元太凱基5B購01,0,,,,
703075,台特化元大5A購01,0,,,,
703093,順達中信5B購01,146770,0.62,0.72,0.62,0.72
703102,穩懋永豐5C購01,0,,,,
703113,雙鴻凱基5A購01,0,,,,
703125,台特化元大5A購02,0,,,,
703132,聖暉*元大5C購01,260500,1.47,1.7,1.46,1.67
703135,金山電統一5C購02,88990,1.88,2.1,1.88,2.1
703136,博智統一5C購01,36000,1.02,1.05,1.02,1.05
703137,璟德統一5C購01,0,,,,
703144,穩懋中信5C購02,0,,,,
703149,中光電群益5A購02,0,,,,
703171,宜鼎元大5C購03,0,,,,
703210,威剛群益5A購01,0,,,,
703229,台特化凱基5A購01,0,,,,
703260,雙鴻中信5C購03,0,,,,
703271,湧德統一5C購02,0,,,,
703295,信驊群益5B購02,0,,,,
703296,威剛群益5B購01,35890,1.62,1.67,1.62,1.67
703308,家登元大5B購01,0,,,,
703320,鈊象中信61購01,0,,,,
703339,台燿富邦61購01,0,,,,
703341,新應材富邦61購01,0,,,,
703354,富喬凱基5B購01,29170,1.35,2.0,1.35,1.54
703355,富喬凱基61購01,0,,,,
703371,富喬國票5B購01,1257540,1.06,1.66,1.03,1.27
703372,富喬國票61購01,3775660,2.71,3.45,2.65,3.05
703380,富喬群益5B購01,880,0.88,0.88,0.88,0.88
703389,富喬統一65購01,674900,0.6,0.71,0.59,0.64
703390,撼訊統一65購01,16500,0.33,0.33,0.33,0.33
703399,順達元富61購01,0,,,,
703400,信驊中信61購01,20200,10.1,10.1,10.1,10.1
703401,富喬中信61購01,731600,0.59,0.8,0.58,0.68
703418,富喬元大5B購01,93220,0.59,0.86,0.59,0.74
703419,富喬元大5C購01,86820,0.97,1.13,0.97,1.03
703420,富喬元大61購02,1394860,0.95,1.25,0.93,1.08
703443,安碁元富61購01,145750,1.17,1.17,1.15,1.15
703459,鏵友益永豐5B購01,49990,1.14,1.14,1.03,1.03
703463,台特化統一62購01,0,,,,
703464,台特化統一63購01,0,,,,
703465,台特化統一71購01,7200,0.36,0.36,0.36,0.36
703466,台燿統一5C購03,0,,,,
703467,台燿統一61購02,0,,,,
703468,宏捷科統一71購01,860940,0.52,0.67,0.52,0.67
703470,欣銓統一5C購01,5040,2.52,2.52,2.52,2.52
703471,欣銓統一61購01,0,,,,
703472,欣銓統一65購01,158390,1.49,1.58,1.49,1.56
703473,欣銓統一6C購01,37050,1.49,1.49,1.47,1.47
703474,金益鼎統一65購01,0,,,,
703475,茂迪統一65購01,0,,,,
703476,神盾統一61購01,0,,,,
703477,雙鴻統一61購04,8970,0.77,0.82,0.77,0.82
703478,穩得統一65購01,73920,0.44,0.44,0.44,0.44
703479,穩懋統一5B購02,0,,,,
703480,穩懋統一5C購01,0,,,,
703481,穩懋統一5C購02,0,,,,
703482,穩懋統一5C購03,0,,,,
703483,穩懋統一6C購01,0,,,,
703515,雍智兆豐61購01,0,,,,
703581,臺慶科凱基5C購01,816460,1.96,2.13,1.96,2.0
703604,欣銓國票61購01,0,,,,
703616,矽科統一6C購01,0,,,,
703617,金益鼎統一6C購01,0,,,,
703618,長科*統一64購01,16720,1.32,1.4,1.32,1.4
703619,家登統一6C購01,328580,0.89,0.91,0.89,0.89
703620,捷創統一61購01,0,,,,
703632,穩懋凱基5C購01,0,,,,
703651,家登元大5C購02,39160,1.82,1.92,1.82,1.92
703652,湧德元大61購01,401770,0.44,0.45,0.43,0.43
703654,勤凱元大61購01,0,,,,
703660,聖暉*元大5C購02,318010,1.14,1.4,1.11,1.4
703661,雍智元大61購01,0,,,,
703665,家登凱基5C購01,0,,,,
703682,家登元大5C購03,0,,,,
703713,訊聯凱基5B購01,0,,,,
703725,宜鼎元大5B購01,0,,,,
703728,順達元大5A購03,0,,,,
703729,聖暉*元大5A購03,0,,,,
703740,精材群益5A購01,0,,,,
703745,加百裕永豐5A購01,0,,,,
703771,系統電凱基5C購01,18000,0.36,0.36,0.36,0.36
703773,新復興凱基5A購01,0,,,,
703785,世界國票61購01,237780,3.84,4.1,3.82,3.82
703813,聖暉*元大5A購04,0,,,,
703823,弘塑永豐5A購01,0,,,,
703829,世界富邦5A購01,0,,,,
703837,系統電元大5B購02,14400,0.06,0.06,0.06,0.06
703838,順達元大5A購04,0,,,,
703839,聖暉*元大5B購01,91360,2.88,3.16,2.67,3.16
703842,世界凱基61購01,19950,6.6,6.75,6.6,6.75
703860,世界統一61購01,136100,1.34,1.37,1.34,1.37
703861,世界統一71購01,2180,1.09,1.09,1.09,1.09
703862,巨漢統一61購01,3560,0.61,0.61,0.59,0.59
703863,弘塑統一61購01,8000,0.8,0.8,0.8,0.8
703864,光頡統一61購01,0,,,,
703865,光頡統一71購01,99940,2.63,2.63,2.63,2.63
703866,均豪統一61購02,0,,,,
703867,金山電統一64購01,19600,1.96,1.96,1.96,1.96
703868,捷創統一61購02,820,0.12,0.14,0.12,0.14
703869,捷創統一71購01,26050,0.36,0.36,0.34,0.34
703870,富強鑫統一61購01,0,,,,
703871,富強鑫統一71購01,30240,0.63,0.63,0.63,0.63
703872,富強鑫統一71購02,0,,,,
703873,崴寶統一71購01,23600,1.18,1.18,1.18,1.18
703874,鉅橡統一61購01,1560,0.39,0.39,0.39,0.39
703875,鉅橡統一61購02,32340,0.33,0.33,0.33,0.33
703876,鉅橡統一61購03,34290,0.29,0.33,0.29,0.32
703877,鉅橡統一71購01,30900,0.47,0.52,0.47,0.52
703878,精材統一71購01,837500,2.86,2.93,2.86,2.93
703879,臺慶科統一71購01,66400,1.02,1.02,1.0,1.0
703880,穩懋統一61購02,0,,,,
703881,穩懋統一61購03,13440,4.48,4.48,4.48,4.48
703882,穩懋統一71購01,30500,3.05,3.05,3.05,3.05
703886,精材群益5C購01,0,,,,
703887,耀勝群益5A購01,0,,,,
703895,穩懋國票5A購02,0,,,,
703902,中美晶永豐5A購01,0,,,,
703906,鉅橡永豐5A購01,0,,,,
703914,聖暉*凱基61購01,1342570,1.94,2.54,1.89,2.44
703917,耀勝凱基5A購01,0,,,,
703923,創惟國票61購01,3600,0.1,0.11,0.1,0.11
703942,聖暉*元大5B購02,276390,2.24,2.78,2.23,2.73
703950,雙鴻群益5A購03,0,,,,
703954,世界永豐5A購01,0,,,,
703960,雙鴻永豐5A購01,0,,,,
703961,久元統一61購01,0,,,,
703962,中美晶統一61購01,21270,2.1,2.2,2.07,2.2
703963,中探針統一71購01,0,,,,
703964,世禾統一65購01,0,,,,
703965,世界統一5B購01,0,,,,
703966,台半統一71購01,206770,1.46,1.52,1.46,1.52
703967,台半統一71購02,652630,1.05,1.15,1.05,1.15
703968,台星科統一71購01,547430,1.15,1.24,1.15,1.24
703969,弘塑統一61購02,0,,,,
703970,弘塑統一61購03,68240,1.39,1.39,1.33,1.33
703971,光頡統一61購02,38350,3.82,3.85,3.79,3.82
703972,合晶統一5C購03,0,,,,
703973,均華統一5C購03,0,,,,
703974,長科*統一64購02,0,,,,
703975,佶優統一71購01,78000,0.52,0.52,0.52,0.52
703977,捷創統一71購02,0,,,,
703978,富強鑫統一61購02,47300,0.12,0.12,0.11,0.12
703979,順達統一5C購05,74240,0.86,0.9,0.82,0.9
703980,順達統一61購01,113520,0.65,0.69,0.6,0.61
703981,萬潤統一61購01,0,,,,
703982,鉅橡統一64購01,0,,,,
703983,精材統一61購01,0,,,,
703984,廣明統一61購01,200,0.01,0.01,0.01,0.01
703985,穩懋統一63購01,0,,,,
703989,穩懋元富5A購01,0,,,,
703991,元債20凱基71購01,20000,0.4,0.4,0.4,0.4
704009,中探針統一61購01,0,,,,
704010,中探針統一61購02,0,,,,
704011,元太統一61購01,800,0.08,0.08,0.08,0.08
704012,世禾統一71購01,0,,,,
704013,台半統一61購01,0,,,,
704014,台星科統一61購01,0,,,,
704015,台燿統一71購01,17450,3.49,3.49,3.49,3.49
704016,巨漢統一61購02,27500,0.55,0.55,0.55,0.55
704017,巨漢統一71購01,0,,,,
704018,光頡統一61購03,3600,3.6,3.6,3.6,3.6
704019,均華統一61購01,16950,0.91,0.91,0.82,0.82
704020,宏捷科統一61購02,16000,0.54,0.54,0.53,0.53
704021,矽科統一61購01,0,,,,
704022,金山電統一61購01,0,,,,
704023,金益鼎統一61購01,0,,,,
704024,佶優統一61購01,1960,0.49,0.49,0.49,0.49
704025,創惟統一61購01,0,,,,
704026,精材統一61購02,0,,,,
704027,穩懋統一61購04,82270,4.33,4.33,4.33,4.33
704028,穩懋統一65購01,25280,3.73,3.73,3.56,3.61
704029,穩懋統一71購02,0,,,,
704030,耀勝統一71購01,0,,,,
704038,湧德元大5A購01,0,,,,
704041,聖暉*元大5C購03,281650,1.04,1.21,1.02,1.21
704046,台星科群益5A購01,0,,,,
704051,信驊群益61購01,7850,7.85,7.85,7.85,7.85
704053,聖暉*群益5A購01,0,,,,
704058,信驊元富5A購03,132750,8.85,8.85,8.85,8.85
704080,世禾富邦5C購01,1000,0.1,0.1,0.1,0.1
704082,群翊富邦5A購01,0,,,,
704084,中探針統一67購01,0,,,,
704085,世界統一61購02,0,,,,
704086,世界統一64購01,59390,0.99,1.04,0.98,1.01
704087,世紀*統一71購01,113930,0.99,1.08,0.98,1.08
704088,世紀*統一71購02,0,,,,
704089,台半統一61購02,149120,1.12,1.3,1.1,1.3
704090,台半統一71購03,664180,1.25,1.34,1.25,1.34
704091,巨漢統一71購02,214890,0.69,0.69,0.68,0.68
704092,光頡統一64購01,2550,2.55,2.55,2.55,2.55
704093,系統電統一71購01,440,0.44,0.44,0.44,0.44
704094,佳邦統一71購01,0,,,,
704095,矽科統一71購01,14300,0.34,0.35,0.34,0.35
704096,金山電統一71購01,640290,1.17,1.32,1.16,1.3
704097,金益鼎統一71購01,0,,,,
704101,家登統一61購02,376100,0.48,0.49,0.48,0.49
704102,能率亞統一61購01,0,,,,
704103,博智統一61購01,0,,,,
704104,湧德統一61購01,0,,,,
704105,精材統一5B購01,59000,5.9,5.9,5.9,5.9
704106,精材統一64購01,0,,,,
704107,璟德統一65購01,0,,,,
704108,璟德統一71購01,0,,,,
704109,穩懋統一61購05,12550,4.18,4.19,4.18,4.19
704110,鑫科統一71購01,0,,,,
704115,金益鼎國票61購01,0,,,,
704127,佳邦群益5A購01,0,,,,
704134,鑫科群益5A購01,0,,,,
704135,世禾元大5A購01,0,,,,
704141,訊聯元大61購01,0,,,,
704146,穩懋元大5B購03,0,,,,
704151,系統電凱基5A購01,0,,,,
704170,世界元大5A購01,0,,,,
704176,勤凱元大5A購01,0,,,,
704180,鑫科元大5B購01,0,,,,
704189,旺矽元富5A購02,0,,,,
704191,家登元富5C購01,0,,,,
704202,鑫科永豐61購01,6800,0.28,0.28,0.27,0.27
704203,中美晶統一71購01,306870,1.42,1.48,1.42,1.44
704204,元太統一61購02,0,,,,
704205,世紀*統一61購01,435700,0.7,0.74,0.59,0.6
704206,世紀*統一71購03,404950,0.69,0.72,0.65,0.69
704207,合晶統一71購01,361910,3.68,4.03,3.68,3.99
704208,沛亨統一61購01,0,,,,
704209,沛亨統一61購02,0,,,,
704210,宜鼎統一61購02,0,,,,
704211,宜鼎統一63購01,17500,1.75,1.75,1.75,1.75
704212,旺矽統一61購02,0,,,,
704213,旺矽統一63購02,0,,,,
704214,旺矽統一71購01,0,,,,
704215,松瑞藥統一61購01,305200,0.37,0.39,0.37,0.39
704216,松瑞藥統一71購01,590,0.59,0.59,0.59,0.59
704219,家登統一61購03,0,,,,
704220,家登統一71購01,76200,0.84,0.86,0.84,0.85
704221,高鋒統一61購01,0,,,,
704222,高鋒統一71購01,0,,,,
704223,湧德統一61購02,0,,,,
704224,新復興統一71購01,0,,,,
704225,廣運統一71購01,0,,,,
704237,世界元大5A購02,1600,0.8,0.8,0.8,0.8
704244,富喬元大5A購01,39100,1.18,1.9,1.18,1.9
704256,富喬永豐5B購01,12300,1.23,1.23,1.23,1.23
704257,富喬永豐5C購01,1576900,1.32,1.71,1.3,1.55
704258,富喬永豐64購01,1415830,2.12,2.56,2.08,2.39
704259,華容永豐5A購01,0,,,,
704260,聖暉*永豐61購01,482840,1.85,2.05,1.8,2.05
704262,宜鼎兆豐61購01,0,,,,
704275,宜鼎富邦5C購01,0,,,,
704277,鈊象富邦5A購01,2680,0.02,0.02,0.02,0.02
704280,世界統一71購02,42050,0.8,0.8,0.79,0.79
704281,台星科統一61購02,12500,0.89,0.91,0.89,0.91
704282,宜鼎統一71購01,34730,2.05,2.05,2.01,2.01
704283,東捷統一71購01,0,,,,
704284,佶優統一71購02,0,,,,
704285,高鋒統一64購01,0,,,,
704286,高鋒統一67購01,0,,,,
704287,富喬統一61購01,261040,0.46,0.58,0.45,0.53
704288,富喬統一61購02,60350,0.82,0.99,0.82,0.9
704289,富喬統一61購03,7250,0.91,0.91,0.9,0.9
704290,富喬統一61購04,869040,0.57,0.75,0.57,0.64
704291,富喬統一64購01,61000,0.8,0.9,0.8,0.9
704292,富喬統一65購02,706210,0.77,0.9,0.77,0.8
704293,富喬統一6C購01,14580,0.72,0.8,0.72,0.8
704294,富喬統一71購01,166170,0.77,0.86,0.77,0.84
704295,富喬統一71購02,107260,0.68,0.75,0.68,0.75
704296,湧德統一71購01,0,,,,
704297,新復興統一71購02,0,,,,
704298,聖暉*統一67購01,309610,0.72,0.81,0.71,0.8
704315,系統電元大5B購03,57420,0.11,0.11,0.11,0.11
704320,鈊象元大5A購01,0,,,,
704321,勤凱元大61購02,0,,,,
704322,聖暉*元大61購01,339090,3.98,3.98,3.37,3.73
704325,精測元大5B購01,17570,0.46,0.46,0.33,0.34
704343,世界富邦5C購01,0,,,,
704347,世界統一5C購02,7600,0.76,0.76,0.76,0.76
704348,合晶統一61購01,0,,,,
704349,東捷統一71購02,0,,,,
704350,佶優統一71購03,0,,,,
704351,精測統一61購01,49850,0.38,0.38,0.36,0.36
704352,精測統一61購02,48700,0.39,0.39,0.38,0.38
704353,精測統一71購01,572280,1.05,1.07,1.03,1.04
704358,竹陞永豐5A購01,0,,,,
704361,華容永豐5C購01,0,,,,
704365,精測永豐5A購01,1600,0.1,0.1,0.1,0.1
704368,點序永豐61購01,180,0.18,0.18,0.18,0.18
704370,世界國票5B購01,518690,1.04,1.08,1.01,1.01
704373,精測國票5A購01,47650,0.04,0.05,0.03,0.03
704374,精測國票5A購02,360,0.09,0.09,0.09,0.09
704380,宜鼎凱基5B購01,5800,5.8,5.8,5.8,5.8
704381,鈊象凱基5A購01,0,,,,
704382,精測凱基5B購01,0,,,,
704388,中探針元大5B購01,0,,,,
704391,世界元大5B購01,0,,,,
704394,系統電元大61購01,119000,0.31,0.31,0.3,0.3
704396,順達元大5A購05,0,,,,
704400,宜鼎富邦61購01,0,,,,
704403,高鋒統一61購02,0,,,,
704404,精測統一5C購01,4940,0.28,0.28,0.27,0.27
704409,精測永豐5A購02,0,,,,
704419,力旺元大5A購01,0,,,,
704421,中美晶元大5C購01,46360,3.26,3.44,3.26,3.44
704424,湧德元大61購02,0,,,,
704426,精材元大5B購01,0,,,,
704427,精材元大61購02,0,,,,
704481,中探針元大61購01,0,,,,
704482,元太元大61購01,0,,,,
704491,湧德元大5B購01,0,,,,
704492,鈊象元大5B購01,0,,,,
704494,精材元大5A購01,135300,12.3,12.3,12.3,12.3
704495,精材元大5B購02,10600,10.6,10.6,10.6,10.6
704496,精材元大61購03,0,,,,
704506,系統電永豐5C購01,26000,0.26,0.26,0.26,0.26
704507,亞電永豐5B購01,131160,1.89,1.89,1.75,1.77
704532,大中統一5C購01,0,,,,
704533,大中統一71購01,43210,1.49,1.49,1.49,1.49
704534,台半統一5C購04,11760,1.34,1.53,1.34,1.53
704535,台燿統一66購01,19500,6.5,6.5,6.5,6.5
704536,尼克森統一5B購01,9900,0.66,0.66,0.66,0.66
704537,巨漢統一5C購01,4860,0.54,0.54,0.54,0.54
704538,合晶統一61購02,200050,5.55,6.05,5.55,5.95
704539,竹陞統一64購01,0,,,,
704540,宏捷科統一61購03,29760,0.28,0.36,0.28,0.36
704541,系統電統一64購01,0,,,,
704542,宜鼎統一5B購01,0,,,,
704543,宜鼎統一66購01,12100,1.21,1.21,1.21,1.21
704544,宜鼎統一71購02,12300,1.23,1.23,1.23,1.23
704545,東捷統一64購01,0,,,,
704546,長科*統一71購01,157580,0.8,0.8,0.78,0.78
704547,佶優統一61購02,0,,,,
704548,昱展統一61購01,100,0.01,0.01,0.01,0.01
704549,茂迪統一5B購01,9200,0.19,0.19,0.18,0.18
704550,能率亞統一61購02,9890,0.43,0.43,0.43,0.43
704551,能率亞統一71購01,0,,,,
704552,順達統一63購01,0,,,,
704553,雍智統一71購01,16600,5.4,5.8,5.4,5.8
704556,力旺凱基5A購01,28800,9.6,9.6,9.6,9.6
704560,系統電凱基5B購01,12320,0.21,0.22,0.2,0.22
704567,萬泰科永豐5B購01,22450,3.8,3.8,3.73,3.73
704578,元太元大61購02,0,,,,
704579,合晶元大5A購01,0,,,,
704584,精材元大5A購02,0,,,,
704590,能率亞統一63購01,24500,0.49,0.49,0.49,0.49
704591,能率亞統一71購02,0,,,,
704592,能率統一71購01,0,,,,
704605,系統電凱基5B購02,51390,0.5,0.5,0.46,0.49
704607,原相凱基5A購01,0,,,,
704620,博智群益5B購01,0,,,,
704628,中光電統一61購01,0,,,,
704629,智通*統一61購01,0,,,,
704638,廣運永豐61購01,0,,,,
704650,聖暉*凱基5B購01,302300,4.36,4.77,4.23,4.63
704665,鈊象元大5C購01,0,,,,
704668,穩得元大5B購01,0,,,,
704685,穩懋永豐5A購02,0,,,,
704712,精材元大61購04,27000,5.4,5.4,5.4,5.4
704719,世界永豐5B購01,4060,0.14,0.15,0.14,0.14
704725,家登永豐5B購01,0,,,,
704745,宜特國票5B購01,60,0.02,0.02,0.02,0.02
704766,精材元大61購05,6900,6.9,6.9,6.9,6.9
704773,大樹群益62購01,0,,,,
704775,博智群益62購01,84230,2.03,2.13,2.02,2.08
704781,點序群益62購01,3300,0.15,0.18,0.15,0.18
704794,擎亞永豐5B購01,0,,,,
704831,信驊國票5C購01,0,,,,
704841,台半富邦5B購01,9120,1.52,1.52,1.52,1.52
704842,台星科富邦5B購01,67000,1.13,1.13,1.11,1.11
704843,合晶富邦5B購01,0,,,,
704845,信驊富邦5B購01,0,,,,
704847,智通*富邦5B購01,0,,,,
704849,廣明富邦5B購01,0,,,,
704850,廣運富邦5B購01,0,,,,
704881,譜瑞兆豐62購01,0,,,,
704895,世界統一62購01,1614770,0.79,0.85,0.78,0.8
704896,台星科統一62購01,162880,1.1,1.26,1.1,1.26
704897,台燿統一62購01,13550,6.85,6.85,6.7,6.7
704898,光頡統一5C購02,0,,,,
704899,長科*統一61購01,0,,,,
704900,茂達統一62購01,277970,0.44,0.45,0.44,0.45
704901,茂達統一62購02,24000,0.4,0.4,0.4,0.4
704902,訊聯統一72購01,0,,,,
704903,智通*統一68購01,0,,,,
704904,新復興統一72購01,210,0.21,0.21,0.21,0.21
704905,穩懋統一72購01,19200,3.2,3.2,3.2,3.2
704906,穩懋統一72購02,0,,,,
704907,鑫聯統一62購01,0,,,,
704915,穩懋凱基5B購02,0,,,,
704925,系統電元大62購01,147140,0.39,0.39,0.37,0.38
704937,茂迪富邦61購01,1560,0.13,0.13,0.13,0.13
704944,印能統一65購01,0,,,,
704945,良維統一5C購01,60000,2.0,2.0,2.0,2.0
704946,閎康統一72購01,85000,0.6,0.61,0.6,0.6
704947,順達統一65購01,1600,0.8,0.8,0.8,0.8
704948,雙鴻統一5C購01,0,,,,
704949,雙鴻統一65購01,0,,,,
704950,耀勝統一5C購03,0,,,,
704951,鑫科統一72購01,13100,0.66,0.66,0.65,0.65
704952,鑫聯統一72購01,0,,,,
704953,鑫聯統一72購02,0,,,,
704954,系微兆豐62購01,10850,2.17,2.17,2.17,2.17
704958,中探針群益5C購01,0,,,,
704997,雙鴻元大5B購01,170360,1.33,1.47,1.33,1.47
704998,雙鴻元大61購02,901080,1.45,1.57,1.45,1.57
705002,世界富邦5C購02,71500,1.22,1.27,1.17,1.17
705003,世界統一72購01,323590,0.98,1.01,0.97,0.97
705004,宏觀統一62購01,0,,,,
705005,茂迪統一72購01,38500,0.35,0.35,0.35,0.35
705006,茂達統一61購02,0,,,,
705007,智通*統一62購01,0,,,,
705008,湧德統一61購03,0,,,,
705009,穩懋統一72購03,0,,,,
705010,穩懋統一72購04,0,,,,
705011,鑫聯統一61購01,0,,,,
705012,台燿永豐5C購01,0,,,,
705013,台燿永豐61購01,0,,,,
705023,雙鴻凱基5C購01,0,,,,
705038,宏觀國票5C購01,0,,,,
705063,穩懋元大61購02,0,,,,
705072,新應材凱基5A購01,0,,,,
705081,閎康群益5A購01,0,,,,
705083,精測群益5A購01,0,,,,
705084,精測群益62購03,1915610,0.38,0.39,0.35,0.37
705087,世界富邦5C購03,0,,,,
705089,新應材富邦63購01,0,,,,
705090,精測富邦5A購01,0,,,,
705091,正淩統一62購01,313000,0.42,0.48,0.42,0.48
705092,正淩統一65購01,727890,0.43,0.46,0.42,0.44
705093,宏觀統一72購01,0,,,,
705094,宜特統一62購01,0,,,,
705095,新復興統一62購01,0,,,,
705096,精測統一62購01,37660,0.11,0.16,0.1,0.1
705097,精測統一64購02,0,,,,
705098,精測統一72購01,0,,,,
705099,雙鴻統一62購03,1247290,0.89,0.93,0.82,0.89
705100,鑫科統一62購01,8800,0.29,0.3,0.29,0.3
705101,世界中信5B購01,0,,,,
705103,弘塑元富5A購02,0,,,,
705108,精測元富5B購01,0,,,,
705109,精測元富5B購02,0,,,,
705110,精測元富5B購03,0,,,,
705111,系統電永豐61購01,19200,0.96,0.96,0.96,0.96
705112,茂迪永豐5A購01,0,,,,
705114,新應材永豐61購01,0,,,,
705117,系統電凱基5A購02,0,,,,
705126,大中統一62購01,0,,,,
705127,宏觀統一72購02,0,,,,
705128,良維統一72購01,283170,1.41,1.45,1.38,1.4
705129,宜特統一72購01,0,,,,
705130,長科*統一72購01,166180,1.27,1.35,1.23,1.23
705131,茂迪統一61購01,0,,,,
705132,茂迪統一72購02,9260,0.39,0.39,0.38,0.39
705133,博智統一62購01,0,,,,
705134,博智統一62購02,0,,,,
705135,穩懋統一72購05,0,,,,
705136,鏵友益統一72購01,195150,1.01,1.01,1.0,1.01
705137,台燿中信5A購01,0,,,,
705138,良維中信5C購01,50300,2.18,2.23,2.16,2.16
705142,新應材永豐5B購01,0,,,,
705143,正淩國票5B購01,0,,,,
705161,雙鴻元大61購03,118110,1.95,2.11,1.85,2.11
705169,正淩凱基5B購01,0,,,,
705171,系統電凱基61購01,269630,0.86,0.86,0.75,0.78
705179,雙鴻凱基5C購02,228270,1.7,1.83,1.6,1.75
705186,閎康富邦5A購01,0,,,,
705188,元太統一62購01,5710,0.17,0.21,0.17,0.21
705190,弘塑統一72購01,535930,1.31,1.34,1.23,1.23
705191,正淩統一72購01,14300,0.65,0.65,0.65,0.65
705192,沛亨統一72購01,0,,,,
705193,宜鼎統一72購01,44480,0.98,1.26,0.98,1.21
705194,崴寶統一64購01,710,0.71,0.71,0.71,0.71
705195,崴寶統一72購01,0,,,,
705196,雙鴻統一72購01,451740,1.22,1.26,1.18,1.21
705197,鑫聯統一65購01,0,,,,
705212,雙鴻元大5C購01,0,,,,
705213,雙鴻元大61購04,10140,1.69,1.69,1.69,1.69
705214,神盾永豐5B購01,0,,,,
705215,崴寶永豐5B購01,17200,0.87,0.87,0.85,0.85
705216,雙鴻永豐61購01,0,,,,
705221,雙鴻元富5A購04,0,,,,
705222,雙鴻元富5A購05,0,,,,
705223,雙鴻元富5A購06,73330,0.99,1.14,0.91,1.14
705224,穩懋元富5A購02,0,,,,
705225,穩懋元富5A購03,0,,,,
705235,力旺凱基5B購01,0,,,,
705238,穩懋凱基61購01,71300,4.78,4.78,4.7,4.7
705243,萬潤永豐62購01,0,,,,
705246,力旺元富5A購01,0,,,,
705254,雙鴻富邦5A購02,0,,,,
705255,雙鴻富邦5A購03,0,,,,
705257,力旺統一65購01,203430,1.34,1.34,1.18,1.18
705258,力旺統一72購01,268630,1.45,1.71,1.31,1.31
705259,凡甲統一72購01,2730,0.54,0.55,0.54,0.55
705260,凡甲統一72購02,1980,0.66,0.66,0.66,0.66
705261,元太統一62購02,15200,0.2,0.2,0.2,0.2
705262,元太統一72購01,0,,,,
705263,弘塑統一72購02,0,,,,
705264,正淩統一72購02,2600,0.52,0.52,0.52,0.52
705265,沛亨統一72購02,13140,1.46,1.46,1.46,1.46
705266,博智統一72購01,73770,1.28,1.33,1.28,1.29
705267,閎康統一72購02,6240,0.78,0.78,0.78,0.78
705268,雙鴻統一62購04,13260,0.81,0.86,0.81,0.86
705269,穩懋統一65購02,35490,2.73,2.73,2.73,2.73
705276,力旺群益5A購01,0,,,,
705279,良維群益5C購01,0,,,,
705284,力旺元大5A購03,0,,,,
705289,鈊象元大5C購02,0,,,,
705292,宏觀凱基5B購01,0,,,,
705300,鈊象凱基61購01,434740,1.81,1.95,1.81,1.87
705303,台星科富邦5A購01,0,,,,
705304,台燿富邦5C購02,0,,,,
705305,宏觀富邦5A購01,0,,,,
705307,富喬富邦5B購01,1693820,0.69,0.95,0.66,0.81
705308,亞泰統一64購01,0,,,,
705309,亞泰統一72購01,38570,2.41,2.42,2.41,2.42
705310,博智統一72購02,7250,0.91,0.91,0.9,0.9
705311,富喬統一62購01,242390,0.69,0.8,0.69,0.8
705312,富喬統一62購02,1361400,0.63,0.76,0.62,0.7
705313,精材統一65購01,0,,,,
705314,精材統一72購01,178180,2.36,2.42,2.36,2.38
705315,鑫科統一72購02,0,,,,
705318,宜鼎國票5A購01,33000,6.6,6.6,6.6,6.6
705324,富喬國票5A購01,4790,1.36,1.78,1.36,1.78
705331,富喬元大5B購02,112930,0.55,0.74,0.55,0.74
705333,鈊象元大5C購03,0,,,,
705337,穩懋元大61購04,0,,,,
705341,富喬群益5A購01,88850,0.85,0.88,0.85,0.88
705343,弘塑永豐5B購01,0,,,,
705346,富喬永豐5A購02,1990870,0.66,0.91,0.66,0.91
705347,富喬永豐61購01,2340780,0.99,1.28,0.99,1.12
705348,富喬永豐65購01,1659470,1.24,1.47,1.23,1.35
705349,雙鴻永豐5B購01,644190,1.44,1.57,1.35,1.57
705357,穩懋凱基61購02,0,,,,
705358,良維兆豐5A購01,0,,,,
705360,中美晶元大5B購01,0,,,,
705365,雙鴻元大5B購02,152750,1.8,1.85,1.77,1.83
705366,雙鴻元大5C購02,1440,1.44,1.44,1.44,1.44
705370,穩懋元大61購05,8800,2.2,2.2,2.2,2.2
705372,力致統一64購01,620,0.3,0.32,0.3,0.32
705373,凡甲統一61購01,0,,,,
705374,元太統一72購02,112000,0.34,0.34,0.33,0.33
705375,台燿統一62購02,17700,5.9,5.9,5.9,5.9
705376,正基統一64購01,0,,,,
705377,兆利統一64購01,0,,,,
705378,宏捷科統一61購04,53880,0.36,0.64,0.36,0.64
705379,沛亨統一68購01,0,,,,
705380,系統電統一5C購02,0,,,,
705381,系微統一64購01,0,,,,
705382,亞泰統一72購02,0,,,,
705383,宜特統一65購01,2200,0.44,0.44,0.44,0.44
705384,東捷統一72購01,0,,,,
705385,前鼎統一72購01,2180,2.18,2.18,2.18,2.18
705386,茂達統一72購01,37000,0.74,0.74,0.74,0.74
705387,原相統一64購01,6200,0.31,0.31,0.31,0.31
705388,能率統一72購01,0,,,,
705389,富強鑫統一72購01,241760,0.7,0.7,0.69,0.69
705390,新漢統一64購02,0,,,,
705391,新漢統一72購01,0,,,,
705392,萬潤統一62購01,6600,6.6,6.6,6.6,6.6
705393,鈺太統一64購01,0,,,,
705394,精材統一5C購02,0,,,,
705395,聚和統一64購01,19740,0.6,0.6,0.58,0.58
705396,廣明統一72購01,0,,,,
705397,穩得統一72購01,0,,,,
705398,穩懋統一61購06,0,,,,
705399,穩懋統一62購01,84160,2.37,2.37,2.2,2.2
705400,穩懋統一62購02,16760,3.37,3.37,3.34,3.34
705401,穩懋統一62購03,21750,2.19,2.19,2.16,2.16
705402,耀勝統一64購01,0,,,,
705403,耀勝統一72購01,0,,,,
705404,鑫科統一72購03,4200,0.42,0.42,0.42,0.42
705410,沛亨永豐5B購01,0,,,,
705413,鉅橡永豐5A購02,0,,,,
705426,勤凱群益5A購01,0,,,,
705433,中美晶凱基5C購01,0,,,,
705437,弘塑凱基5C購01,15300,5.1,5.1,5.1,5.1
705442,台特化兆豐5B購01,0,,,,
705443,新應材兆豐5B購01,0,,,,
705444,良維國票62購01,0,,,,
705446,信驊國票62購01,0,,,,
705449,鉅橡國票5B購01,0,,,,
705455,世界群益5B購02,0,,,,
705458,良維群益5B購01,640,0.64,0.64,0.64,0.64
705460,信驊群益5B購04,0,,,,
705461,湧德群益61購01,15510,0.33,0.33,0.33,0.33
705462,順達群益5B購01,0,,,,
705475,雙鴻元大5C購03,0,,,,
705476,雙鴻元大61購05,0,,,,
705477,台特化統一63購02,18000,0.18,0.18,0.18,0.18
705478,台特化統一73購01,33000,0.55,0.55,0.55,0.55
705479,良維統一61購01,0,,,,
705480,良維統一63購01,158090,0.92,0.97,0.92,0.97
705481,亞泰統一62購01,0,,,,
705483,新應材統一62購02,0,,,,
705484,萬潤統一62購02,0,,,,
705485,萬潤統一73購01,15750,5.25,5.25,5.25,5.25
705486,德微統一63購01,0,,,,
705487,穩懋統一66購01,42150,1.99,1.99,1.87,1.87
705488,穩懋統一73購01,6900,2.3,2.3,2.3,2.3
705489,穩懋統一73購02,227590,2.3,2.36,2.16,2.16
705492,世界永豐5B購02,8980,4.49,4.49,4.49,4.49
705494,台特化永豐5B購01,0,,,,
705500,原相永豐5B購01,0,,,,
705502,萬潤永豐5B購01,0,,,,
705504,雙鴻永豐5C購01,0,,,,
705519,均華兆豐63購01,207150,3.11,3.11,2.8,2.8
705520,宜鼎兆豐63購01,0,,,,
705521,順達兆豐5B購01,0,,,,
705522,雙鴻兆豐5B購01,0,,,,
705525,良維凱基5B購02,0,,,,
705527,萬潤凱基5B購01,0,,,,
705534,雙鴻凱基5B購01,0,,,,
705544,萬潤元大5B購01,0,,,,
705548,雙鴻元大61購06,0,,,,
705552,穩懋元大5B購04,0,,,,
705553,穩懋元大5C購04,86400,1.78,1.78,1.7,1.73
705554,宜鼎富邦5C購02,0,,,,
705555,中探針永豐5C購01,37220,2.32,2.34,2.32,2.32
705557,茂迪永豐5C購01,0,,,,
705558,神盾永豐5C購01,600,0.03,0.03,0.03,0.03
705559,博智永豐5B購01,0,,,,
705560,萬潤永豐5C購01,357490,4.94,4.97,4.67,4.76
705562,環球晶永豐5B購01,109200,15.6,15.6,15.6,15.6
705565,穩懋永豐5C購02,1266870,2.37,2.53,2.2,2.27
705566,耀勝永豐5C購01,0,,,,
705570,世界凱基5C購01,161470,1.51,1.69,1.51,1.63
705575,原相凱基5B購01,0,,,,
705577,鉅橡凱基5B購01,0,,,,
705581,良維永豐5B購01,56840,0.98,0.98,0.98,0.98
705584,旺矽永豐5B購01,0,,,,
705587,精材永豐5B購01,5050,5.05,5.05,5.05,5.05
705589,鏵友益永豐5C購01,0,,,,
705590,鑫聯永豐5C購01,0,,,,
705599,雙鴻元大61購07,0,,,,
705604,良維國票67購01,22420,2.56,2.56,2.45,2.49
705606,旺矽國票61購01,0,,,,
705610,精材國票5C購01,0,,,,
705611,雙鴻國票5C購01,0,,,,
705617,良維群益5B購02,0,,,,
705621,旺矽群益5B購01,0,,,,
705630,旺矽兆豐5B購01,0,,,,
705633,順達永豐5B購01,5910,1.97,1.97,1.97,1.97
705634,新復興永豐5B購01,0,,,,
705638,宜鼎群益5B購01,0,,,,
705644,原相群益5C購01,0,,,,
705659,印能元大5C購01,0,,,,
705665,環球晶元大61購01,0,,,,
705666,鑫聯元大61購01,0,,,,
705671,鈊象富邦5B購01,242580,0.36,0.38,0.36,0.38
705672,聖暉*富邦5B購01,208410,0.93,1.29,0.9,1.29
705674,環球晶富邦5C購01,0,,,,
705675,雙鴻富邦5C購01,698170,1.12,1.12,1.02,1.1
705676,雙鴻富邦5C購02,853090,0.75,0.8,0.67,0.77
705677,譜瑞富邦5C購01,2600,2.6,2.6,2.6,2.6
705697,新復興凱基5B購01,0,,,,
705702,宏捷科國票62購01,74870,0.34,0.5,0.34,0.5
705705,新復興國票5B購01,0,,,,
705711,台特化元大5C購01,3500,0.3,0.5,0.3,0.5
705712,台燿元大61購03,0,,,,
705718,宜鼎元大5C購04,0,,,,
705719,宜鼎元大61購02,5570,1.74,2.09,1.74,2.09
705726,雙鴻元大61購08,0,,,,
705728,台特化群益62購01,238000,0.27,0.27,0.26,0.26
705733,宜特群益5B購01,0,,,,
705736,正基永豐5B購01,0,,,,
705737,印能永豐5C購01,182240,1.97,2.02,1.97,2.02
705739,系統電永豐64購01,0,,,,
705755,雙鴻凱基5C購03,0,,,,
705758,世界元大5C購01,0,,,,
705759,台特化元大5C購02,0,,,,
705770,新應材元大61購01,10800,0.18,0.18,0.18,0.18
705774,雙鴻元大61購09,70400,2.0,2.02,2.0,2.02
705776,前鼎國票5B購01,0,,,,
705781,鏵友益國票5B購01,0,,,,
705783,良維中信61購01,128510,1.19,1.22,1.16,1.16
705785,新應材永豐63購01,28000,1.0,1.0,0.88,0.88
705791,宏捷科元富5C購01,328370,0.69,1.2,0.68,1.2
705800,大綜統一73購01,1490750,0.92,0.95,0.92,0.95
705801,印能統一62購01,5070,1.69,1.69,1.69,1.69
705802,旺矽統一63購03,0,,,,
705803,前鼎統一62購01,0,,,,
705804,環球晶統一63購01,34050,4.25,4.3,4.25,4.3
705805,環球晶統一63購02,93810,4.46,4.47,4.46,4.47
705806,環球晶統一73購01,65220,3.63,3.63,3.59,3.59
705807,環球晶統一73購02,307740,2.84,2.91,2.84,2.85
705809,元太國票5A購02,0,,,,
705810,岳豐國票5A購02,0,,,,
705811,長佳智國票5A購01,0,,,,
705812,前鼎國票61購01,0,,,,
705813,晟德國票5A購02,0,,,,
705814,精星國票5A購01,0,,,,
705816,寶雅國票5A購01,0,,,,
705818,凡甲永豐5B購01,0,,,,
705819,台星科永豐5C購01,85570,2.13,2.44,2.13,2.44
705820,宜特永豐5C購01,0,,,,
705823,前鼎永豐5C購01,26500,5.3,5.3,5.3,5.3
705824,能率永豐5C購01,0,,,,
705826,順達永豐61購01,199170,3.13,3.3,3.0,3.0
705827,良維兆豐5B購01,0,,,,
705828,雙鴻兆豐5B購02,0,,,,
705841,元太元大5B購01,48750,0.25,0.25,0.25,0.25
705845,信驊元大5C購01,0,,,,
705846,新應材元大5A購02,0,,,,
705847,新應材元大61購02,0,,,,
705853,雙鴻元大61購10,38600,1.93,1.93,1.93,1.93
705854,台特化統一63購03,0,,,,
705855,弘塑統一73購01,0,,,,
705856,印能統一73購01,0,,,,
705857,沛亨統一73購01,0,,,,
705858,良維統一73購01,0,,,,
705859,旺矽統一73購01,25120,3.2,3.2,3.12,3.12
705860,順達統一73購01,111290,0.58,0.58,0.57,0.57
705861,新應材統一73購01,36250,0.29,0.29,0.29,0.29
705862,萬泰科統一62購01,0,,,,
705863,德微統一73購01,0,,,,
705864,環球晶統一62購01,0,,,,
705865,穩得統一73購01,0,,,,
705870,信驊凱基5B購01,0,,,,
705871,信驊凱基61購02,0,,,,
705872,信驊凱基61購03,17200,8.6,8.6,8.6,8.6
705874,鈊象凱基61購02,399080,1.69,1.78,1.69,1.78
705875,新應材凱基61購01,15000,0.16,0.16,0.14,0.14
705876,榮剛凱基5A購01,0,,,,
705877,環球晶凱基61購01,0,,,,
705878,弘塑富邦5B購01,33340,1.54,1.54,1.27,1.27
705879,良維富邦5B購01,0,,,,
705880,新應材富邦63購02,0,,,,
705881,雙鴻國泰5A購01,0,,,,
705887,新應材群益5A購01,0,,,,
705894,元太凱基5B購02,0,,,,
705896,台特化凱基5C購01,24910,0.12,0.12,0.11,0.11
705899,旺矽凱基5B購01,0,,,,
705901,新應材凱基5A購02,0,,,,
705903,精材凱基61購02,0,,,,
705908,旺矽兆豐5B購02,0,,,,
705909,新應材兆豐5B購02,0,,,,
705913,宜鼎群益5B購02,0,,,,
705917,雙鴻群益63購01,0,,,,
705923,弘塑永豐5B購02,0,,,,
705924,匯鑽科永豐5A購01,0,,,,
705925,新應材永豐5A購01,0,,,,
705926,新應材永豐5C購04,0,,,,
705927,新應材永豐63購02,11550,0.15,0.15,0.15,0.15
705928,雙鴻永豐63購01,470700,1.8,1.87,1.8,1.83
705929,新應材國泰5A購02,0,,,,
705931,台半國票5A購01,267930,4.64,6.0,4.34,5.55
705932,弘塑國票5A購01,22300,0.06,0.06,0.04,0.05
705933,宜鼎國票5C購01,23750,3.44,3.44,3.35,3.35
705934,松瑞藥國票5A購01,0,,,,
705935,胡連國票5A購01,2490,0.02,0.02,0.01,0.01
705936,順達國票5A購01,43800,0.2,0.2,0.17,0.17
705938,新應材國票5A購02,0,,,,
705939,新應材國票5B購01,0,,,,
705940,新應材國票5C購01,0,,,,
705941,群翊國票5A購01,0,,,,
705942,聖暉*國票5A購02,0,,,,
705943,德微國票5A購01,0,,,,
705944,新應材富邦5C購02,0,,,,
705945,均豪統一73購01,5100,0.51,0.51,0.51,0.51
705946,宏捷科統一63購01,169790,0.31,0.47,0.31,0.47
705947,系微統一73購01,47500,0.64,0.64,0.63,0.63
705948,良維統一63購02,144360,0.9,0.92,0.9,0.9
705949,良維統一73購02,67580,0.89,0.89,0.86,0.87
705950,宜特統一73購01,0,,,,
705951,信紘科統一63購01,60310,0.37,0.37,0.37,0.37
705952,前鼎統一73購01,0,,,,
705953,鉅橡統一73購01,43000,0.43,0.43,0.43,0.43
705954,鈺太統一66購01,0,,,,
705968,新應材元大5A購03,0,,,,
705969,新應材元大61購03,1170,0.09,0.09,0.09,0.09
705984,博智元大5C購02,0,,,,
705986,世紀*國票5A購01,2668530,3.66,3.66,2.92,2.92
705987,台特化國票5A購03,0,,,,
705988,閎康國票5A購02,3300,0.22,0.22,0.22,0.22
705989,雙鴻國票5A購02,0,,,,
705991,弘塑國泰5A購01,0,,,,
705992,均華國泰5A購01,0,,,,
705993,宜鼎富邦63購01,0,,,,
705994,蜜望實統一63購01,0,,,,
705995,蜜望實統一73購01,0,,,,
705996,世界群益5B購03,0,,,,
705997,旺矽群益5B購02,0,,,,
705998,神盾群益5B購01,277100,1.95,1.99,1.95,1.99
706001,雙鴻群益5B購03,0,,,,
706004,精材中信61購01,0,,,,
706005,蜜望實永豐5B購01,0,,,,
706006,穩得永豐5B購01,0,,,,
706010,旺矽凱基5C購01,47450,4.79,4.79,4.7,4.7
706011,博智凱基5C購01,185750,3.61,3.92,3.61,3.66
706015,緯軟國票5B購01,0,,,,
706016,雙鴻國票5A購03,0,,,,
706017,宜鼎中信61購01,3120,0.78,0.78,0.78,0.78
706018,弘塑永豐63購01,219780,2.21,2.21,1.92,1.92
706019,均華永豐5B購01,72200,3.61,3.61,3.61,3.61
706020,旺矽永豐61購01,67200,3.36,3.36,3.36,3.36
706021,鈊象永豐5A購01,0,,,,
706027,大中統一73購01,1130,1.13,1.13,1.13,1.13
706028,台特化統一66購01,0,,,,
706029,台特化統一68購01,0,,,,
706030,均華統一62購01,7920,0.72,0.72,0.72,0.72
706031,均華統一63購03,70680,0.64,0.64,0.57,0.58
706032,均華統一73購01,0,,,,
706033,均豪統一63購01,0,,,,
706034,宜鼎統一62購01,70560,1.0,1.01,0.86,0.86
706035,旺矽統一63購04,0,,,,
706036,新普統一63購01,0,,,,
706037,新普統一73購01,550,0.55,0.55,0.55,0.55
706038,聖暉*統一61購01,446390,1.08,1.2,1.08,1.2
706039,蜜望實統一62購01,0,,,,
706040,鑫聯統一62購02,101540,0.16,0.17,0.16,0.17
706044,鈺太群益5A購01,0,,,,
706047,台燿富邦63購01,0,,,,
706049,博智富邦5B購01,0,,,,
706050,蜜望實富邦5B購01,0,,,,
706051,印能國泰5A購01,0,,,,
706052,均華國泰5A購02,0,,,,
706053,鈊象國泰5A購01,0,,,,
706054,台特化元大5B購01,1050,0.35,0.35,0.35,0.35
706055,台特化元大63購01,172000,0.52,0.52,0.49,0.49
706060,弘塑元大63購02,166580,3.27,3.31,3.23,3.23
706071,雙鴻元大63購01,5230,1.75,1.75,1.73,1.73
706072,弘塑凱基5A購01,0,,,,
706073,宜鼎凱基5A購04,2400,0.09,0.1,0.09,0.1
706074,鈊象凱基5C購01,0,,,,
706081,雙鴻中信63購01,260460,0.77,0.77,0.71,0.76
706086,旺矽永豐5A購02,0,,,,
706087,旺矽永豐61購02,0,,,,
706088,旺矽永豐64購01,10770,3.6,3.6,3.57,3.57
706089,茂迪永豐61購01,0,,,,
706090,萬泰科永豐5C購01,0,,,,
706092,力致國泰5A購01,3150,0.07,0.07,0.07,0.07
706093,弘塑國泰5A購02,0,,,,
706094,均豪國泰5A購01,0,,,,
706095,系統電國泰5A購01,0,,,,
706096,東捷國泰5A購01,0,,,,
706097,弘塑富邦5C購01,51800,0.94,0.95,0.94,0.95
706098,宜鼎富邦5C購03,91800,0.69,0.69,0.65,0.65
706099,旺矽富邦5B購02,0,,,,
706100,旺矽富邦63購01,0,,,,
706101,茂迪富邦63購01,0,,,,
706103,台特化元大63購02,11750,0.47,0.47,0.47,0.47
706105,宏捷科元大5C購01,12750,0.24,0.25,0.24,0.25
706115,雙鴻元大63購02,0,,,,
706116,力致國票5A購01,0,,,,
706117,台半國票5A購02,347800,5.0,5.7,4.98,5.7
706118,台星科國票61購01,60040,2.44,2.88,2.44,2.88
706119,宏捷科國票5A購01,16000,0.04,0.04,0.04,0.04
706120,良維國票5A購01,32000,0.32,0.32,0.32,0.32
706121,宜鼎國票5A購03,11210,0.19,0.19,0.19,0.19
706122,旺矽國票5B購02,0,,,,
706124,臺慶科國票61購01,74390,1.61,1.61,1.5,1.54
706125,鑫聯國票5C購01,0,,,,
706126,大綜統一63購01,4380,1.46,1.46,1.46,1.46
706127,大綜統一66購01,748160,1.22,1.28,1.17,1.28
706128,台特化統一62購02,0,,,,
706129,巨漢統一63購01,0,,,,
706130,正基統一62購01,0,,,,
706131,正基統一63購01,0,,,,
706132,正基統一63購02,4840,0.22,0.22,0.22,0.22
706133,均豪統一66購01,0,,,,
706134,宜鼎統一63購02,482600,0.76,0.78,0.73,0.73
706135,宜鼎統一63購03,156190,0.46,0.47,0.46,0.46
706136,宜鼎統一66購02,109370,0.64,0.66,0.62,0.63
706137,宜鼎統一73購01,527590,0.58,0.6,0.57,0.57
706138,茂迪統一67購01,2520,0.21,0.21,0.21,0.21
706139,聚和統一73購01,4350,0.71,0.74,0.71,0.74
706140,蜜望實統一66購01,0,,,,
706141,蜜望實統一68購01,0,,,,
706142,雙鴻統一63購01,0,,,,
706146,台特化群益5A購01,0,,,,
706150,旺矽群益63購01,57760,3.46,3.46,3.32,3.32
706153,德微群益63購01,0,,,,
706154,雙鴻群益63購02,0,,,,
706155,台特化凱基5C購02,0,,,,
706160,宜鼎凱基5C購02,0,,,,
706161,旺矽凱基63購01,2332300,2.4,2.44,2.22,2.25
706162,旺矽凱基63購02,178200,2.9,3.1,2.74,2.74
706163,東捷凱基63購01,491000,8.15,8.35,8.15,8.35
706166,德微凱基5A購01,91200,3.04,3.04,3.04,3.04
706168,雙鴻凱基63購01,555190,1.55,1.55,1.49,1.49
706170,良維群益5C購02,20100,2.01,2.01,2.01,2.01
706173,精測群益5B購01,0,,,,
706175,宜鼎國泰5A購02,0,,,,
706176,宜鼎國泰61購01,0,,,,
706177,旺矽國泰5A購02,0,,,,
706178,弘塑富邦63購01,994680,0.84,0.85,0.74,0.74
706179,均華富邦5B購01,106420,0.65,0.65,0.5,0.5
706180,均華統一63購04,214990,0.49,0.49,0.39,0.39
706181,良維統一63購03,150300,0.72,0.75,0.7,0.7
706182,旺矽統一63購05,5750,1.15,1.15,1.15,1.15
706183,茂迪統一63購01,0,,,,
706184,台特化元大63購03,152790,0.33,0.33,0.33,0.33
706185,均華元大5C購01,0,,,,
706186,宏捷科元大5C購02,198890,0.4,0.49,0.4,0.49
706198,精測元大5C購02,38540,0.03,0.04,0.03,0.04
706203,鑫聯元大63購01,0,,,,
706204,中美晶國票61購01,0,,,,
706206,均華國票5B購01,346900,0.6,0.6,0.44,0.44
706207,宜鼎國票65購01,57940,1.41,1.42,1.35,1.35
706208,旺矽國票5C購01,547570,3.47,3.49,3.3,3.36
706209,旺矽國票67購01,705190,3.5,3.59,3.29,3.33
706210,德微國票65購01,5300,5.3,5.3,5.3,5.3
706213,精測中信5B購01,570,0.01,0.01,0.01,0.01
706214,宜鼎永豐5B購01,0,,,,
706215,旺矽永豐5C購01,333560,2.16,2.16,2.01,2.01
706216,東捷永豐61購01,0,,,,
706218,精測永豐5B購01,0,,,,
706219,精測永豐61購01,1900,0.1,0.1,0.09,0.09
706220,鑫科永豐5C購02,0,,,,
706223,弘塑元富5C購01,0,,,,
706225,宏捷科元富5C購02,175570,0.37,0.56,0.36,0.54
706239,中美晶兆豐63購01,0,,,,
706240,元太兆豐63購01,414900,1.19,1.19,1.15,1.15
706241,環球晶兆豐5B購01,465000,9.3,9.3,9.3,9.3
706245,M31凱基5B購01,142600,0.22,0.23,0.2,0.2
706246,台燿凱基61購01,433000,22.5,22.5,20.8,20.8
706248,弘塑凱基5A購02,0,,,,
706249,宏捷科凱基5C購01,184670,0.33,0.41,0.28,0.39
706252,信驊凱基5B購02,60000,8.5,8.6,8.5,8.6
706253,信驊凱基5C購01,0,,,,
706259,M31永豐5B購01,688020,0.41,0.41,0.4,0.41
706260,M31永豐5C購01,46500,0.49,0.49,0.44,0.44
706261,大中永豐5B購01,0,,,,
706264,台燿永豐5B購01,0,,,,
706265,良維永豐5B購02,0,,,,
706269,M31元富5A購01,0,,,,
706274,良維群益5C購03,0,,,,
706275,信驊群益5B購05,202400,4.4,4.4,4.4,4.4
706276,聖暉*群益61購01,9840,2.37,2.73,2.37,2.73
706279,台燿國泰5A購01,0,,,,
706280,台燿國泰5A購02,0,,,,
706281,德微國泰5A購01,0,,,,
706282,M31統一63購03,198600,0.51,0.51,0.46,0.46
706283,M31富邦5B購01,293880,0.22,0.22,0.21,0.22
706284,台特化富邦5C購01,0,,,,
706285,信驊富邦5C購01,14100,4.7,4.7,4.7,4.7
706286,茂迪富邦5C購01,0,,,,
706287,雙鴻富邦5C購03,629200,1.05,1.17,1.05,1.14
706288,M31國票5A購01,0,,,,
706292,宏觀國票5C購02,0,,,,
706293,沛亨國票5A購02,0,,,,
706294,信驊國票5B購03,137700,4.59,4.59,4.59,4.59
706297,環球晶國票5A購01,0,,,,
706298,鑫科國票5A購01,0,,,,
706313,雙鴻元大5C購04,583440,1.24,1.3,1.17,1.28
706316,台燿兆豐5B購01,0,,,,
706317,弘塑兆豐5B購01,9480,0.79,0.79,0.79,0.79
706318,聖暉*兆豐5B購01,0,,,,
706319,印能凱基5B購01,0,,,,
706322,亞泰凱基5A購01,0,,,,
706324,聖暉*凱基5B購02,107160,2.82,2.82,2.82,2.82
706325,環球晶凱基5C購01,0,,,,
706327,穩得凱基5C購01,0,,,,
706328,弘塑國票65購01,63060,1.78,1.78,1.61,1.61
706331,亞泰國票5A購01,30300,3.03,3.03,3.03,3.03
706332,華宏國票5A購01,0,,,,
706336,茂迪元大5C購01,0,,,,
706339,雙鴻元大5C購05,602370,1.26,1.29,1.26,1.29
706340,穩得元大63購01,0,,,,
706341,鑫聯元大63購02,0,,,,
706342,雙鴻國泰61購01,25740,2.34,2.34,2.34,2.34
706343,台燿富邦63購02,0,,,,
706344,德微富邦5C購01,95830,1.16,1.34,1.16,1.32
706345,世界統一63購01,0,,,,
706346,台特化統一63購04,0,,,,
706347,印能統一63購01,6500,0.82,0.82,0.81,0.81
706348,亞泰統一62購02,4870,2.42,2.45,2.42,2.45
706349,博智統一63購01,445370,1.39,1.46,1.39,1.4
706350,鈺太統一63購01,0,,,,
706351,弘塑永豐5C購03,612470,0.79,0.79,0.74,0.74
706354,雙鴻永豐61購02,10700,2.14,2.14,2.14,2.14
706355,雙鴻永豐64購01,937290,2.15,2.23,2.04,2.23
706371,良維凱基61購01,352760,1.47,1.53,1.35,1.42
706378,正淩永豐5B購01,700,0.14,0.14,0.14,0.14
706379,東捷永豐5A購01,0,,,,
706389,美琪瑪群益5A購01,0,,,,
706390,湧德群益5B購01,50660,0.28,0.28,0.27,0.27
706392,雙鴻群益5B購04,0,,,,
706393,雙鴻群益5B購05,0,,,,
706394,宏觀國泰5A購02,0,,,,
706399,華義國票5A購02,0,,,,
706401,頎邦國票5A購01,0,,,,
706402,聚和國票5A購02,0,,,,
706411,中美晶凱基5A購01,38850,3.82,3.95,3.82,3.95
706412,弘塑凱基5B購01,19000,0.2,0.2,0.17,0.17
706413,印能凱基5B購02,5800,5.8,5.8,5.8,5.8
706414,湧德凱基5A購01,0,,,,
706415,閎康凱基5B購01,0,,,,
706418,精材國泰5A購01,0,,,,
706419,弘塑富邦61購01,278770,0.66,0.69,0.55,0.55
706420,宏捷科富邦5B購01,140570,0.35,0.37,0.33,0.37
706421,宏捷科富邦5C購01,162260,0.3,0.5,0.22,0.5
706422,家登富邦5B購01,0,,,,
706423,智通*富邦5B購02,0,,,,
706424,環球晶富邦5A購01,9020,4.49,4.53,4.49,4.53
706425,雙鴻富邦5C購04,0,,,,
706432,茂迪元大63購05,0,,,,
706439,穩得元大5A購01,0,,,,
706441,弘塑群益5A購03,0,,,,
706442,印能群益5B購01,0,,,,
706446,湧德群益5C購01,0,,,,
706448,環球晶群益5A購02,0,,,,
706449,穩得群益5A購01,0,,,,
706451,中美晶永豐5A購02,0,,,,
706452,中美晶永豐5C購01,17880,1.49,1.49,1.49,1.49
706453,弘塑永豐63購02,137300,0.73,0.73,0.65,0.65
706455,系微永豐5C購01,0,,,,
706456,博智永豐5C購01,240970,1.87,1.93,1.78,1.78
706457,華宏永豐5A購01,0,,,,
706460,雙鴻永豐5B購02,0,,,,
706461,鑫聯永豐61購01,0,,,,
706464,台燿元富63購01,0,,,,
706468,華宏元富5B購01,17000,0.17,0.17,0.17,0.17
706472,中美晶凱基61購01,1162200,7.0,7.0,6.8,6.9
706474,沛亨凱基5B購01,55000,0.92,0.92,0.9,0.9
706476,良維凱基5C購01,210480,1.88,1.88,1.69,1.8
706479,博智凱基61購01,836650,1.18,1.31,1.15,1.16
706480,湧德凱基5B購01,39060,0.31,0.31,0.31,0.31
706481,閎康凱基5A購01,0,,,,
706484,臺慶科凱基5A購01,2340,2.34,2.34,2.34,2.34
706485,雙鴻凱基5C購04,134440,1.71,1.87,1.71,1.87
706488,合晶國票5A購01,0,,,,
706489,均豪國票5A購01,0,,,,
706490,頎邦國票5A購02,19700,19.7,19.7,19.7,19.7
706491,鑫聯國票5A購04,0,,,,
706492,廣明兆豐63購01,0,,,,
706496,宜特群益63購01,0,,,,
706497,博智群益69購01,0,,,,
706498,閎康群益63購02,0,,,,
706500,中美晶國泰5A購01,0,,,,
706501,合晶國泰5A購01,0,,,,
706502,良維國泰5A購01,0,,,,
706503,世界富邦61購01,236980,1.36,1.43,1.34,1.35
706504,台特化富邦5A購01,0,,,,
706505,台燿富邦63購03,0,,,,
706507,中美晶元大5C購02,0,,,,
706508,中美晶元大63購01,70980,2.22,2.22,2.19,2.19
706509,台特化元大5A購03,0,,,,
706513,博智元大63購01,199150,1.05,1.12,1.05,1.08
706517,萬泰科元大5C購01,0,,,,
706524,雙鴻中信63購02,322320,0.63,0.66,0.61,0.64
706528,勤凱永豐5C購02,1890,1.89,1.89,1.89,1.89
706532,系微國票5A購01,0,,,,
706534,前鼎國票61購02,0,,,,
706535,閎康國票5A購03,0,,,,
706536,順達國票5A購02,0,,,,
706538,鈺太國票5A購01,0,,,,
706545,閎康凱基61購01,0,,,,
706548,雙鴻凱基5A購03,0,,,,
706549,穩得凱基63購01,0,,,,
706550,鑫聯凱基61購01,10000,0.5,0.5,0.5,0.5
706553,台燿永豐64購01,0,,,,
706555,系微永豐5A購01,0,,,,
706557,聖暉*永豐5B購01,292980,0.85,1.0,0.84,1.0
706558,聚和永豐5B購01,0,,,,
706560,台燿國泰5A購03,0,,,,
706561,宜特國泰5A購01,0,,,,
706562,鑫聯國泰5A購02,0,,,,
706563,台燿富邦73購01,0,,,,
706564,良維富邦5C購01,711200,0.61,0.61,0.57,0.57
706565,博智富邦61購01,460930,0.77,0.77,0.74,0.74
706566,順達富邦5C購01,492850,0.92,0.92,0.77,0.77
706567,精測富邦5B購01,27000,0.1,0.1,0.07,0.07
706569,中美晶群益5B購01,114760,4.14,4.91,4.14,4.91
706572,良維群益61購01,129440,1.57,1.59,1.49,1.49
706573,博智群益63購01,125380,2.74,2.77,2.62,2.63
706574,閎康群益5B購02,2470,2.47,2.47,2.47,2.47
706575,閎康群益5B購03,0,,,,
706576,順達群益5C購01,781530,1.45,1.46,1.38,1.39
706579,精測群益63購01,814170,0.41,0.42,0.39,0.4
706588,博智元大63購02,443740,0.79,0.85,0.79,0.8
706590,萬泰科元大5C購02,1340,1.34,1.34,1.34,1.34
706594,精測元大5C購03,12100,0.11,0.11,0.11,0.11
706596,中美晶凱基5B購01,5450,5.45,5.45,5.45,5.45
706601,系微凱基5A購01,0,,,,
706605,華電網凱基5B購01,0,,,,
706606,華電網凱基61購01,0,,,,
706607,閎康凱基5A購02,0,,,,
706608,順達凱基5A購01,519200,0.78,0.78,0.7,0.7
706611,元太國票5A購03,9000,0.1,0.1,0.09,0.09
706612,弘塑國票5C購01,40550,0.36,0.36,0.3,0.3
706613,弘塑國票63購01,67380,0.9,0.9,0.81,0.81
706615,宏觀國票5A購02,0,,,,
706616,系微國票5A購02,0,,,,
706617,美琪瑪國票5A購01,3000,0.15,0.15,0.15,0.15
706618,神盾國票5A購01,0,,,,
706622,鈊象國票5A購02,3300,0.22,0.22,0.22,0.22
706623,萬泰科國票5A購03,0,,,,
706624,穩得國票5A購01,0,,,,
706625,譜瑞國票5A購01,6400,0.11,0.11,0.1,0.1
706647,弘塑群益5B購02,0,,,,
706653,弘塑國泰5A購03,0,,,,
706654,弘塑國泰5A購04,0,,,,
706655,系微國泰5A購01,0,,,,
706656,佶優國泰5A購01,0,,,,
706657,順達國泰5A購01,0,,,,
706658,中美晶富邦63購01,0,,,,
706659,弘塑富邦61購02,342130,0.47,0.51,0.4,0.4
706660,均豪富邦61購01,137170,0.43,0.43,0.43,0.43
706661,宏觀富邦5B購01,0,,,,
706662,沛亨富邦61購01,93280,0.71,0.72,0.69,0.69
706663,華電網富邦5C購01,0,,,,
706664,系微永豐5C購02,0,,,,
706666,華電網永豐5A購01,0,,,,
706667,閎康永豐5B購01,0,,,,
706673,弘塑元富5C購02,50400,0.67,0.67,0.57,0.57
706674,華義元富5A購01,0,,,,
706676,台特化兆豐5B購02,0,,,,
706677,順達兆豐5B購02,0,,,,
706678,雙鴻兆豐5B購03,0,,,,
706683,家登國泰5A購01,0,,,,
706684,閎康國泰5A購01,0,,,,
706685,元太富邦5B購01,0,,,,
706686,頎邦富邦5B購01,0,,,,
706687,台特化凱基63購01,94750,0.55,0.55,0.54,0.54
706691,美琪瑪凱基5A購01,0,,,,
706693,家登凱基5C購02,8480,4.24,4.24,4.24,4.24
706695,立碁永豐5A購01,81160,1.54,2.11,1.54,2.06
706696,立碁永豐5B購01,0,,,,
706698,穩得永豐61購01,20000,0.4,0.4,0.4,0.4
706703,鈊象中信5C購01,1500,0.3,0.3,0.3,0.3
706705,立碁國票5A購01,100120,2.89,2.89,2.22,2.3
706708,閎康國票61購01,0,,,,
706710,良維統一62購02,746080,0.92,0.95,0.86,0.89
706711,宜特統一62購02,0,,,,
706712,信紘科統一63購02,379950,0.62,0.62,0.55,0.57
706713,前鼎統一63購01,17350,2.86,3.05,2.86,3.05
706714,閎康統一63購01,2500,0.25,0.25,0.25,0.25
706715,萬泰科統一62購02,22400,1.12,1.12,1.12,1.12
706727,宜特元大5C購01,9660,0.8,0.81,0.8,0.81
706732,閎康元大5A購01,0,,,,
706733,閎康元大63購03,9200,0.46,0.46,0.46,0.46
706743,前鼎凱基61購01,6400,6.4,6.4,6.4,6.4
706745,聖暉*凱基5A購01,630,0.63,0.63,0.63,0.63
706748,聚和凱基5A購02,10200,0.17,0.17,0.17,0.17
706749,雙鴻凱基61購01,0,,,,
706751,聖暉*兆豐5B購02,27000,1.05,1.2,1.05,1.19
706752,久元國票5A購01,0,,,,
706754,世紀*國票5A購02,128880,2.2,2.2,2.01,2.01
706755,矽科國票5A購01,0,,,,
706756,矽科國票5A購02,0,,,,
706759,捷創國票5A購01,280,0.07,0.07,0.07,0.07
706760,順達國票5B購01,2102980,0.57,0.64,0.54,0.54
706761,聖暉*國票5A購04,25340,0.55,0.69,0.42,0.69
706782,印能國泰5A購02,0,,,,
706783,前鼎國泰5A購02,0,,,,
706784,聖暉*國泰5A購01,25950,1.73,1.73,1.73,1.73
706785,聖暉*國泰5A購02,14400,0.9,0.9,0.9,0.9
706787,台特化群益5A購02,0,,,,
706789,前鼎群益5B購01,0,,,,
706790,順達群益5B購02,58150,0.95,0.99,0.95,0.95
706791,萬泰科群益5A購01,0,,,,
706793,元太富邦5B購02,54940,0.29,0.29,0.28,0.28
706794,宜特富邦5B購01,0,,,,
706795,前鼎富邦5B購01,0,,,,
706796,鈊象富邦5B購02,0,,,,
706797,頎邦富邦5C購01,0,,,,
706798,雙鴻富邦5B購01,0,,,,
706799,立碁統一63購01,217320,1.24,1.32,1.18,1.21
706800,立碁統一66購01,988310,1.09,1.09,1.02,1.02
706801,順達統一63購02,66100,0.66,0.68,0.66,0.66
706802,順達統一66購01,540,0.54,0.54,0.54,0.54
706803,聖暉*統一65購01,893110,0.87,0.96,0.85,0.96
706804,雙鴻統一66購01,2400,0.8,0.8,0.8,0.8
706807,矽科永豐5B購01,0,,,,
706808,聖暉*永豐5B購02,262470,0.65,0.8,0.65,0.79
706809,頎邦永豐5A購01,0,,,,
706825,前鼎凱基5B購01,99600,8.1,9.15,8.1,9.15
706826,順達凱基5B購02,0,,,,
706829,元債20元大5B購02,0,,,,
706830,元債20元大62購01,1600,0.16,0.16,0.16,0.16
706831,元債20元大65購01,0,,,,
706841,華電網元大5C購01,0,,,,
706843,鈊象元大5C購04,63320,0.5,0.52,0.5,0.52
706844,鈊象元大63購04,104650,0.35,0.35,0.35,0.35
706845,萬泰科元大63購01,81740,1.24,1.24,1.14,1.14
706849,台燿永豐5B購02,0,,,,
706850,東捷永豐5C購01,0,,,,
706851,前鼎永豐5B購02,0,,,,
706852,鈊象永豐5B購01,48550,0.31,0.32,0.31,0.31
706853,東捷國泰5A購02,0,,,,
706856,宜特元富5C購01,135160,0.62,0.62,0.62,0.62
706857,匯鑽科元富5A購01,500,0.1,0.1,0.1,0.1
706859,漢科元富5A購01,0,,,,
706860,廣運元富5C購01,0,,,,
706863,中美晶群益62購01,46240,3.79,4.0,3.79,4.0
706865,東捷群益62購01,0,,,,
706866,東捷群益63購02,0,,,,
706868,順達群益5A購02,0,,,,
706871,鈊象群益5B購01,22000,0.11,0.11,0.11,0.11
706872,聖暉*群益5C購01,502990,1.47,1.71,1.45,1.71
706875,鑫科群益5B購01,0,,,,
706876,久元國票5A購02,0,,,,
706877,美琪瑪國票5A購02,0,,,,
706878,神盾國票62購01,0,,,,
706879,鈊象國票5A購03,0,,,,
706880,頎邦國票5A購03,0,,,,
706887,東捷元大5C購01,0,,,,
706892,鈊象元大63購05,104250,1.39,1.39,1.39,1.39
706894,頎邦元大63購05,0,,,,
706895,均豪國泰5B購01,0,,,,
706896,宏觀富邦5B購02,0,,,,
706898,元債20凱基5B購01,0,,,,
706900,鈊象凱基5B購01,0,,,,
706901,聖暉*凱基5B購03,14460,1.0,1.58,1.0,1.52
706903,台燿國票5B購02,0,,,,
706905,宣德國票5B購01,0,,,,
706907,雙鴻國票5B購02,0,,,,
706910,元太元富63購01,167180,1.64,1.66,1.56,1.56
706914,鈊象中信63購01,5700,0.19,0.19,0.19,0.19
706915,中光電永豐5B購01,0,,,,
706916,元太永豐5B購01,0,,,,
706919,雙鴻永豐5C購02,0,,,,
706921,協易機永豐5C購01,0,,,,
706922,宜特永豐5C購02,0,,,,
706923,信音永豐5C購01,30520,0.28,0.28,0.28,0.28
706924,勤凱永豐61購01,18600,1.24,1.24,1.24,1.24
706925,匯鑽科永豐61購01,116390,0.39,0.5,0.39,0.5
706926,精星永豐5B購01,0,,,,
706927,廣閎科永豐5C購01,0,,,,
706928,台燿凱基5B購03,0,,,,
706934,千附國票5B購01,0,,,,
706935,千附精國票5B購01,0,,,,
706936,盈正國票5B購01,0,,,,
706938,廣閎科國票5B購01,0,,,,
706939,久元國泰5B購01,0,,,,
706940,華電網國泰5B購01,0,,,,
706941,精材國泰5B購01,0,,,,
706942,久元富邦5C購01,0,,,,
706946,台燿元大64購01,0,,,,
706948,印能元大64購01,98170,1.87,1.92,1.87,1.87
706949,良維元大61購01,0,,,,
706952,順達元大64購01,5040,0.84,0.84,0.84,0.84
706953,鈊象元大64購02,0,,,,
706962,亞電群益5C購01,24600,12.3,12.3,12.3,12.3
706963,匯鑽科群益5C購01,5700,0.38,0.38,0.38,0.38
706965,千附凱基5B購01,0,,,,
706966,千附精凱基5B購01,9360,3.12,3.12,3.12,3.12
706968,印能凱基64購01,320260,1.38,1.38,1.31,1.32
706969,神盾凱基63購01,0,,,,
706970,鈊象凱基64購01,0,,,,
706973,宏碩國票5C購01,1600,0.07,0.09,0.07,0.09
706975,高僑國票61購01,5680,1.36,1.6,1.36,1.6
706976,新門國票61購01,489100,1.11,1.45,0.93,0.93
706977,耀勝國票61購01,0,,,,
706978,印能國泰5B購01,0,,,,
706979,穩得國泰5B購01,0,,,,
706980,神盾統一64購01,138670,0.38,0.38,0.37,0.37
706981,神盾統一64購02,25900,0.37,0.37,0.37,0.37
706982,印能永豐64購01,1818980,1.89,1.94,1.89,1.89
706983,宏觀永豐5C購01,0,,,,
706984,亞電永豐61購01,0,,,,
706985,原相永豐5B購02,0,,,,
706986,神盾永豐5C購02,0,,,,
706987,創泓永豐5C購01,2760,0.92,0.92,0.92,0.92
706988,撼訊永豐5C購01,17650,1.61,1.61,1.6,1.6
706999,均豪群益62購01,0,,,,
707000,高僑群益5B購01,52540,1.05,1.18,0.95,1.18
707003,群翊群益5B購01,0,,,,
707011,印能元大5B購01,73790,0.75,0.77,0.75,0.77
707012,印能元大5C購02,147090,0.66,0.66,0.64,0.65
707013,印能元大61購01,0,,,,
707014,印能元大64購02,268260,0.51,0.51,0.51,0.51
707017,宏捷科元大5C購03,388590,0.44,0.62,0.44,0.62
707025,雙鴻元大61購11,106450,3.5,3.6,3.5,3.57
707027,台燿凱基5B購04,0,,,,
707029,宏觀凱基5B購02,0,,,,
707037,廣閎科凱基5B購01,0,,,,
707039,久昌國票5B購01,0,,,,
707040,千如國票5B購01,100300,2.51,2.51,2.5,2.5
707042,印能國票5B購01,17840,0.26,0.26,0.24,0.24
707043,沛亨國票5B購01,0,,,,
707044,威聯通國票5B購01,0,,,,
707045,茂綸國票5B購01,0,,,,
707046,博盛國票5B購01,0,,,,
707047,衛司特國票5B購01,5600,0.14,0.14,0.14,0.14
707048,雙鴻中信64購01,0,,,,
707051,印能永豐61購01,309820,0.92,0.92,0.88,0.88
707052,同致永豐5C購01,0,,,,
707053,同致永豐61購01,0,,,,
707054,安葆永豐5B購01,65400,1.28,1.4,1.28,1.4
707055,宏碩永豐61購01,0,,,,
707056,宜特永豐5B購01,0,,,,
707058,晟德永豐5B購01,0,,,,
707060,智通*永豐5C購01,50000,1.0,1.0,1.0,1.0
707061,鈺太永豐5C購01,10000,0.1,0.1,0.1,0.1
707062,磐亞永豐5B購01,0,,,,
707063,台嘉碩國泰5B購01,192640,3.05,3.17,3.05,3.17
707064,金山電國泰5B購01,0,,,,
707065,群翊國泰5B購01,0,,,,
707066,元太富邦5C購01,65300,0.6,0.6,0.58,0.59
707067,雙鴻富邦5C購05,0,,,,
707068,雙鴻富邦5C購06,0,,,,
707069,台燿統一67購01,0,,,,
707070,台燿統一74購01,205490,3.51,3.59,3.43,3.43
707071,立碁統一67購01,131000,1.31,1.31,1.31,1.31
707072,立碁統一74購01,48050,1.25,1.25,1.15,1.15
707073,印能統一63購02,16740,0.54,0.54,0.54,0.54
707074,印能統一74購01,18050,1.39,1.39,1.37,1.37
707075,沛亨統一74購01,0,,,,
707076,系統電統一67購01,0,,,,
707077,東捷統一63購01,0,,,,
707078,能率統一67購01,16200,0.54,0.54,0.54,0.54
707079,華電網統一64購01,360,0.12,0.12,0.12,0.12
707080,華電網統一74購01,0,,,,
707082,順達統一63購03,64500,0.63,0.63,0.59,0.59
707083,頎邦統一63購01,407300,5.8,5.95,5.65,5.65
707084,頎邦統一64購01,0,,,,
707085,頎邦統一66購01,0,,,,
707086,廣閎科統一64購01,0,,,,
707087,廣閎科統一74購01,59920,1.19,1.19,1.16,1.16
707088,德微統一67購01,0,,,,
707089,雙鴻統一62購05,8400,1.68,1.68,1.68,1.68
707090,雙鴻統一66購02,2700,1.35,1.35,1.35,1.35
707103,中光電兆豐64購01,55600,0.93,0.93,0.91,0.91
707108,群翊群益5C購01,0,,,,
707110,頎邦群益5B購01,8450,8.45,8.45,8.45,8.45
707117,頎邦凱基64購01,0,,,,
707119,雙鴻凱基5C購05,0,,,,
707121,正淩國票5B購02,98780,0.11,0.11,0.11,0.11
707122,矽科國票5B購01,0,,,,
707123,耕興國票5B購01,0,,,,
707124,翔名國票5B購01,0,,,,
707125,群翊國票5B購01,0,,,,
707126,頎邦國票5B購01,0,,,,
707127,磐亞國票5B購01,0,,,,
707128,元太國泰5B購01,51380,0.52,0.52,0.46,0.46
707129,宜特富邦5C購01,459970,0.48,0.48,0.47,0.47
707130,頎邦富邦61購01,0,,,,
707133,正淩統一63購01,142800,0.45,0.46,0.45,0.46
707134,同致統一64購01,2100,0.21,0.21,0.21,0.21
707135,同致統一74購01,3800,0.38,0.38,0.38,0.38
707136,協易機統一66購01,0,,,,
707137,翔名統一74購01,25800,0.86,0.86,0.86,0.86
707138,陽程統一64購02,35100,3.51,3.51,3.51,3.51
707139,陽程統一74購01,0,,,,
707140,萬泰科統一74購01,45500,0.91,0.91,0.91,0.91
707141,群翊統一63購01,96280,0.58,0.58,0.58,0.58
707142,群翊統一74購01,3480,0.5,0.5,0.48,0.48
707143,頎邦統一64購02,4100,4.1,4.1,4.1,4.1
707144,頎邦統一67購01,47600,2.36,2.4,2.36,2.4
707147,宏捷科永豐5C購01,118190,0.56,0.84,0.56,0.75
707149,美琪瑪永豐5B購01,0,,,,
707150,茂訊永豐5B購01,0,,,,
707152,湧德永豐5B購01,12280,0.18,0.18,0.17,0.17
707153,陽程永豐5C購01,0,,,,
707158,雙鴻永豐5C購03,0,,,,
707161,台燿元大61購04,0,,,,
707167,雙鴻元大61購12,0,,,,
707169,台燿凱基61購02,0,,,,
707170,同致凱基5A購01,0,,,,
707171,捷創凱基5A購01,0,,,,
707172,翔名凱基5A購01,0,,,,
707173,華景電凱基5A購01,0,,,,
707174,華景電凱基5A購02,0,,,,
707175,鈊象凱基64購02,0,,,,
707176,群翊凱基5C購01,13800,0.46,0.46,0.46,0.46
707177,頎邦凱基5A購02,0,,,,
707178,世界群益5C購01,0,,,,
707179,台半群益5A購01,0,,,,
707180,台燿群益5A購03,0,,,,
707181,台燿群益5B購02,0,,,,
707182,捷創群益5B購01,0,,,,
707183,華景電群益5A購01,0,,,,
707184,陽程群益5A購01,0,,,,
707185,勤凱群益5B購01,84740,3.3,3.44,3.0,3.06
707186,元債20國票5B購01,0,,,,
707187,台燿國票5B購03,0,,,,
707188,安葆國票5B購01,41540,0.53,0.54,0.53,0.54
707189,華景電國票5B購01,0,,,,
707191,廣閎科國票5B購02,0,,,,
707192,鈺太國泰5B購01,0,,,,
707193,雙鴻國泰67購01,0,,,,
707194,久元統一64購01,0,,,,
707195,湧德統一74購01,48100,0.45,0.45,0.44,0.44
707196,華景電統一64購01,201940,0.46,0.46,0.46,0.46
707197,華景電統一64購02,1900,0.38,0.38,0.38,0.38
707198,華景電統一65購01,6200,0.62,0.62,0.62,0.62
707199,華景電統一68購01,0,,,,
707200,華景電統一74購01,6290,0.57,0.58,0.57,0.58
707201,陽程統一65購01,0,,,,
707202,陽程統一68購01,0,,,,
707203,群翊統一64購01,4400,0.55,0.55,0.55,0.55
707204,群翊統一74購02,680,0.68,0.68,0.68,0.68
707205,頎邦統一64購03,33800,3.38,3.38,3.38,3.38
707206,大中元大5A購01,0,,,,
707208,台燿元大61購05,0,,,,
707209,台燿元大64購04,4260,4.26,4.26,4.26,4.26
707210,宏觀元大64購01,0,,,,
707211,系微元大5A購02,0,,,,
707213,良維元大5B購01,0,,,,
707214,東捷元大5A購01,0,,,,
707215,信紘科元大5A購01,13450,0.29,0.54,0.29,0.54
707216,華景電元大5A購01,0,,,,
707217,華景電元大5A購02,0,,,,
707218,順達元大5A購07,11000,0.22,0.22,0.22,0.22
707219,順達元大5A購08,0,,,,
707220,群翊元大5A購01,0,,,,
707221,雙鴻元大64購02,135770,3.69,3.77,3.57,3.77
707222,世界永豐61購01,241830,2.52,2.66,2.47,2.47
707223,台半永豐5B購01,0,,,,
707224,台燿永豐5A購03,0,,,,
707225,台燿永豐61購02,0,,,,
707226,矽科永豐5B購02,0,,,,
707227,華景電永豐5C購01,105150,0.74,0.76,0.74,0.75
707228,華景電永豐61購01,103890,0.51,0.52,0.51,0.52
707229,順達永豐5B購02,43050,0.36,0.38,0.29,0.29
707230,頎邦永豐5C購01,0,,,,
707231,順達兆豐5C購01,1380,0.46,0.46,0.46,0.46
707232,安葆凱基5A購01,0,,,,
707233,陽程凱基5A購03,0,,,,
707234,順達凱基5A購03,0,,,,
707235,新盛力凱基5A購01,0,,,,
707236,新盛力凱基5A購02,0,,,,
707237,頎邦凱基5B購01,7250,7.25,7.25,7.25,7.25
707238,廣閎科凱基5A購02,11750,0.84,0.84,0.67,0.67
707239,雙鴻凱基5A購06,0,,,,
707240,久元元大61購01,54500,0.33,0.33,0.32,0.32
707242,家登元大5A購02,0,,,,
707243,湧德元大5A購02,0,,,,
707244,湧德元大5A購03,0,,,,
707245,順達元大64購02,77420,0.72,0.72,0.67,0.67
707246,鈊象元大61購01,76200,1.27,1.27,1.27,1.27
707247,新盛力元大5A購01,31500,3.15,3.15,3.15,3.15
707248,萬泰科元大5A購01,100,0.02,0.02,0.02,0.02
707249,台星科國票5B購01,2006100,1.13,1.25,1.09,1.2
707250,台燿國票5B購04,0,,,,
707251,順達國票5B購02,14670,0.23,0.23,0.19,0.19
707252,新盛力國票5A購01,99910,4.18,4.18,3.91,3.91
707253,新盛力國票5B購01,0,,,,
707255,宏捷科國泰5B購01,76760,0.38,0.39,0.37,0.39
707256,宏捷科國泰5B購02,0,,,,
707257,台特化永豐5C購01,0,,,,
707258,東捷永豐64購01,0,,,,
707259,凌陽創永豐5A購01,0,,,,
707260,勤凱永豐5C購03,253050,1.35,1.35,1.12,1.19
707261,新盛力永豐5B購01,0,,,,
707262,新盛力永豐5C購01,0,,,,
707263,萬泰科永豐64購01,9600,0.96,0.96,0.96,0.96
707264,台燿統一64購02,0,,,,
707265,宏捷科統一74購01,75730,0.42,0.52,0.42,0.52
707266,東捷統一64購02,0,,,,
707267,東捷統一66購01,0,,,,
707268,華景電統一63購01,16680,0.34,0.36,0.34,0.36
707269,勤凱統一74購01,45570,1.05,1.1,1.03,1.03
707270,新盛力統一64購01,0,,,,
707271,新盛力統一68購01,0,,,,
707272,新盛力統一74購01,0,,,,
707273,新盛力統一74購02,5850,1.17,1.17,1.17,1.17
707274,群翊統一64購02,0,,,,
707275,鉅橡統一66購01,0,,,,
707276,頎邦統一74購01,76120,1.68,1.72,1.68,1.72
707277,廣閎科統一74購02,18200,0.93,0.93,0.89,0.89
707278,德微統一64購01,95640,1.27,1.44,1.27,1.44
707279,久元凱基61購01,0,,,,
707280,中美晶凱基5A購02,0,,,,
707281,台星科凱基5A購01,5400,0.27,0.27,0.27,0.27
707282,台燿凱基5A購02,0,,,,
707283,均豪凱基5B購01,0,,,,
707284,宏觀凱基64購01,0,,,,
707285,旺矽凱基5A購04,1200,0.01,0.01,0.01,0.01
707286,順達凱基64購01,424570,0.97,0.97,0.93,0.93
707287,廣閎科凱基5A購03,0,,,,
707288,鑫聯凱基5B購01,4600,0.46,0.46,0.46,0.46
707289,台燿兆豐5C購01,0,,,,
707290,均豪兆豐5C購01,0,,,,
707291,雙鴻兆豐5C購01,0,,,,
707292,台星科元大5A購01,0,,,,
707293,台星科元大5A購02,0,,,,
707294,台燿元大5A購05,0,,,,
707295,台燿元大5A購06,0,,,,
707296,台燿元大5A購07,0,,,,
707297,台燿元大5A購08,0,,,,
707298,台燿元大5A購09,252080,3.56,3.56,3.44,3.44
707299,台燿元大61購06,61900,3.24,3.24,2.8,2.8
707300,旺矽元大5A購02,24330,0.19,0.2,0.19,0.2
707301,旺矽元大61購01,8940,1.49,1.49,1.49,1.49
707302,信驊元大5B購01,206870,3.89,3.89,3.59,3.59
707303,華景電元大5A購03,0,,,,
707304,陽程元大63購01,0,,,,
707305,頎邦元大63購06,0,,,,
707306,台燿永豐5C購03,513800,6.3,6.3,5.95,5.95
707307,台燿永豐64購02,190550,5.15,5.15,5.15,5.15
707308,台燿永豐67購01,23450,5.8,6.05,5.8,6.05
707309,巨漢永豐5C購01,0,,,,
707310,安葆永豐5C購01,24080,0.56,0.56,0.56,0.56
707311,均豪永豐5C購01,0,,,,
707312,良維永豐5C購01,181540,2.3,2.3,2.21,2.29
707313,旺矽永豐5A購03,1960,0.01,0.01,0.01,0.01
707314,旺矽永豐61購03,917200,1.44,1.44,1.25,1.25
707315,旺矽永豐64購02,522030,2.4,2.44,2.24,2.27
707316,長科*永豐5A購01,0,,,,
707317,信驊永豐5A購03,0,,,,
707318,前鼎永豐61購01,6160,3.08,3.08,3.08,3.08
707319,翔名永豐5B購01,117310,0.94,0.99,0.94,0.99
707320,翔名永豐5B購02,0,,,,
707321,鉅橡永豐5B購01,0,,,,
707322,廣閎科永豐5A購01,0,,,,
707323,均豪國泰61購01,19580,0.89,0.89,0.89,0.89
707324,精材國泰5B購02,0,,,,
707325,台燿富邦5A購02,0,,,,
707326,台燿富邦64購01,11460,2.24,2.5,2.24,2.5
707327,旺矽富邦5C購01,181280,0.82,0.85,0.73,0.73
707328,旺矽富邦64購01,1851000,1.09,1.13,1.01,1.02
707329,群翊富邦62購01,60270,0.53,0.53,0.5,0.5
707330,台燿國票5B購05,178600,7.85,7.85,7.05,7.05
707331,台燿統一63購01,0,,,,
707332,台燿統一64購03,1920,1.92,1.92,1.92,1.92
707333,台燿統一64購04,83980,2.94,3.23,2.84,2.84
707334,台燿統一66購02,84810,2.21,2.37,2.21,2.31
707335,台燿統一74購02,58810,1.95,1.95,1.86,1.86
707336,台燿統一74購03,588840,1.26,1.3,1.2,1.24
707337,巨漢統一63購02,0,,,,
707338,巨漢統一74購01,110630,0.37,0.37,0.37,0.37
707339,均豪統一64購01,0,,,,
707340,旺矽統一63購06,208670,1.16,1.16,1.02,1.11
707341,旺矽統一64購01,5100,1.02,1.02,1.02,1.02
707342,東捷統一74購01,45900,0.9,0.9,0.9,0.9
707343,前鼎統一64購01,88320,2.22,2.46,2.2,2.46
707344,翔名統一74購02,15600,1.04,1.04,1.04,1.04
707345,華景電統一74購02,20840,0.61,0.62,0.61,0.62
707346,順達統一64購01,0,,,,
707347,勤凱統一74購02,107770,1.19,1.19,1.16,1.16
707348,新盛力統一63購01,23000,2.3,2.3,2.3,2.3
707349,新盛力統一64購02,0,,,,
707350,新盛力統一74購03,0,,,,
707351,鉅橡統一64購02,0,,,,
707352,頎邦統一74購02,86510,1.8,1.91,1.8,1.91
707353,頎邦統一74購03,129230,1.8,1.93,1.8,1.82
707354,廣閎科統一64購02,105990,1.15,1.15,1.09,1.1
707355,廣閎科統一67購01,12750,0.75,0.75,0.75,0.75
707356,廣閎科統一74購03,3780,1.26,1.26,1.26,1.26
707357,勤凱台新5A購01,0,,,,
707358,頎邦台新5A購01,0,,,,
707359,元太凱基5A購02,0,,,,
707360,宏捷科凱基5A購01,0,,,,
707361,宜特凱基61購01,0,,,,
707362,信紘科凱基5A購01,5970,0.14,0.37,0.14,0.37
707363,威聯通凱基5A購01,0,,,,
707364,頎邦凱基63購01,0,,,,
707365,精材凱基5A購02,0,,,,
707366,衛司特凱基5B購01,0,,,,
707367,璟德凱基5A購01,0,,,,
707368,鴻呈凱基5A購01,0,,,,
707369,鈊象中信5C購02,0,,,,
707370,立碁永豐5C購01,390580,2.08,2.08,1.9,1.9
707371,前鼎永豐61購02,51570,1.69,1.72,1.69,1.72
707372,群翊永豐5B購01,0,,,,
707373,聖暉*永豐5C購01,159850,1.71,1.83,1.71,1.83
707374,頎邦永豐61購01,1213930,2.7,3.05,2.7,2.94
707375,環球晶永豐5C購01,0,,,,
707376,譜瑞永豐5C購01,0,,,,
707377,天品國票5A購01,0,,,,
707378,泓格國票5A購01,0,,,,
707379,前鼎國票5B購02,72700,3.66,3.66,3.61,3.61
707380,群翊國票5B購02,0,,,,
707381,頎邦國票5B購04,98500,4.45,4.48,4.45,4.48
707382,廣閎科國票5B購03,573000,1.04,1.06,1.04,1.04
707383,衛司特國票5B購02,0,,,,
707384,中美晶群益5A購01,0,,,,
707385,立敦群益5A購01,0,,,,
707387,前鼎群益5A購01,0,,,,
707388,湧德群益5B購02,0,,,,
707389,順達群益5A購03,0,,,,
707390,群翊群益61購01,0,,,,
707392,頎邦群益5A購02,6700,6.7,6.7,6.7,6.7
707393,頎邦群益5B購02,0,,,,
707394,廣閎科群益5B購01,0,,,,
707395,譜瑞群益5B購01,0,,,,
707396,千附精元大5A購01,0,,,,
707397,天品元大61購01,466630,0.69,0.74,0.67,0.73
707398,東捷元大5A購02,1320,1.32,1.32,1.32,1.32
707399,勤凱元大5A購03,0,,,,
707400,群翊元大5A購02,0,,,,
707401,頎邦元大5B購01,0,,,,
707402,頎邦元大5C購02,0,,,,
707403,廣閎科元大5A購02,2100,0.21,0.21,0.21,0.21
707404,衛司特元大5A購01,0,,,,
707405,群翊國泰5B購02,0,,,,
707406,久元統一64購02,0,,,,
707407,巨漢統一74購02,110760,0.52,0.52,0.52,0.52
707408,安葆統一74購01,162730,0.97,0.97,0.91,0.91
707409,均豪統一63購02,153510,0.43,0.43,0.43,0.43
707410,均豪統一74購01,14700,0.49,0.49,0.49,0.49
707411,宜特統一74購01,219660,0.42,0.42,0.42,0.42
707412,東捷統一63購02,0,,,,
707413,東捷統一74購02,7320,1.22,1.22,1.22,1.22
707414,前鼎統一74購01,898270,1.18,1.29,1.18,1.29
707415,宣德統一74購01,0,,,,
707416,順達統一64購02,14100,0.47,0.47,0.47,0.47
707417,萬泰科統一74購02,17200,0.86,0.86,0.86,0.86
707418,群翊統一74購03,0,,,,
707419,鈺太統一74購01,0,,,,
707420,宏觀富邦5C購01,0,,,,
707421,頎邦富邦5C購02,0,,,,
707422,頎邦富邦61購02,32970,2.84,2.84,2.73,2.73
707423,廣閎科富邦5B購01,123500,0.95,0.95,0.95,0.95
707424,環球晶兆豐5C購01,0,,,,
707425,譜瑞兆豐64購01,0,,,,
707426,千附精永豐5B購01,224900,1.31,1.39,1.31,1.39
707427,大車隊永豐5B購01,0,,,,
707428,兆利永豐5A購01,0,,,,
707429,沛亨永豐61購01,0,,,,
707430,宜特永豐61購01,680,0.17,0.17,0.17,0.17
707431,朋億*永豐5B購01,0,,,,
707433,華景電永豐5B購01,0,,,,
707434,陽程永豐5B購01,0,,,,
707435,萬泰科永豐5C購02,84000,0.84,0.84,0.84,0.84
707436,群翊永豐5C購01,0,,,,
707437,穩得永豐5C購01,0,,,,
707438,元太群益5A購01,0,,,,
707439,台星科群益61購01,81440,1.63,1.83,1.63,1.83
707440,立碁群益5A購01,7000,0.7,0.7,0.7,0.7
707441,宜特群益5C購01,0,,,,
707442,湧德群益61購02,0,,,,
707443,勤凱群益5B購02,3000,0.75,0.75,0.75,0.75
707444,新應材群益5A購02,0,,,,
707445,群翊群益64購01,0,,,,
707447,巨漢國泰5B購01,0,,,,
707448,正淩國泰5B購01,0,,,,
707449,立碁國泰5B購01,102700,4.3,4.72,4.3,4.72
707450,陽程國泰5B購01,0,,,,
707451,順達國泰5B購01,0,,,,
707452,穩得國泰5B購02,0,,,,
707453,千附統一64購01,800,0.8,0.8,0.8,0.8
707454,千附精統一74購01,942450,0.82,0.87,0.82,0.87
707455,台星科統一74購01,17050,1.05,1.09,1.05,1.07
707456,巨漢統一64購01,18900,0.21,0.21,0.21,0.21
707457,巨漢統一67購01,0,,,,
707458,正淩統一74購01,0,,,,
707459,立敦統一74購01,30430,0.89,0.9,0.89,0.9
707460,兆利統一64購02,0,,,,
707461,金山電統一74購01,5100,1.7,1.7,1.7,1.7
707463,美琪瑪統一63購01,0,,,,
707464,美琪瑪統一64購02,24640,0.44,0.44,0.44,0.44
707465,湧德統一64購01,1400,0.28,0.28,0.28,0.28
707466,湧德統一64購02,51000,0.25,0.25,0.25,0.25
707467,陽程統一66購01,0,,,,
707468,陽程統一74購02,0,,,,
707469,陽程統一74購03,0,,,,
707470,順達統一74購01,70400,0.56,0.59,0.56,0.56
707471,新應材統一67購01,930,0.31,0.31,0.31,0.31
707472,聖暉*統一63購01,644590,0.95,1.15,0.95,1.12
707473,鉅橡統一64購03,0,,,,
707474,蜜望實統一74購01,116500,1.03,1.07,1.0,1.0
707475,天品凱基61購01,462430,0.97,1.03,0.92,1.03
707476,台星科凱基5A購02,18000,1.8,1.8,1.8,1.8
707477,立敦凱基5A購02,0,,,,
707478,立碁凱基5A購01,0,,,,
707479,宜特凱基5A購01,0,,,,
707480,美琪瑪凱基5A購02,0,,,,
707481,湧德凱基5B購02,0,,,,
707482,順達凱基5C購01,0,,,,
707483,勤凱凱基5A購01,780,0.13,0.13,0.13,0.13
707484,萬泰科凱基5A購01,0,,,,
707485,群翊凱基61購01,0,,,,
707487,巨漢元大5A購01,0,,,,
707488,巨漢元大5A購02,0,,,,
707489,巨漢元大5A購03,0,,,,
707490,巨漢元大5A購04,0,,,,
707491,均豪元大5A購02,0,,,,
707492,均豪元大5C購01,0,,,,
707493,宏觀元大61購01,270,0.09,0.09,0.09,0.09
707494,沛亨元大5A購01,0,,,,
707495,沛亨元大5A購02,0,,,,
707496,沛亨元大5A購03,0,,,,
707497,沛亨元大5A購04,0,,,,
707498,矽科元大5A購01,0,,,,
707499,矽科元大61購01,0,,,,
707500,美琪瑪元大5A購02,0,,,,
707503,華景電元大5A購04,0,,,,
707504,新應材元大5A購04,0,,,,
707505,新應材元大5A購05,0,,,,
707506,新應材元大5C購01,284800,0.36,0.37,0.33,0.33
707507,新應材元大61購04,4470,0.23,0.24,0.23,0.24
707508,群翊元大5A購06,0,,,,
707509,巨漢國票5A購01,0,,,,
707510,巨漢國票5B購01,0,,,,
707511,沛亨國票5B購02,0,,,,
707512,東捷國票5A購02,1880,1.88,1.88,1.88,1.88
707513,矽科國票5B購03,0,,,,
707514,萬泰科國票5B購01,0,,,,
707515,榮田國票5A購01,0,,,,
707516,久元富邦61購01,0,,,,
707517,宏捷科富邦5C購02,0,,,,
707518,宏捷科富邦61購01,0,,,,
707519,家登富邦5C購01,0,,,,
707520,湧德富邦5C購01,0,,,,
707521,新應材富邦61購02,0,,,,
707522,萬泰科富邦5B購01,209980,0.4,0.42,0.37,0.37
707523,雙鴻富邦5C購07,0,,,,
707524,雙鴻富邦5C購08,1950,1.95,1.95,1.95,1.95
707525,譜瑞富邦5C購02,15900,0.52,0.54,0.52,0.53
707526,千附精凱基5A購01,0,,,,
707527,元太凱基61購01,41600,0.3,0.3,0.28,0.28
707528,均豪凱基5A購01,0,,,,
707529,宏觀凱基61購01,0,,,,
707530,宜特凱基5A購02,0,,,,
707531,前鼎凱基5B購02,319970,3.2,4.01,3.2,3.95
707533,華景電凱基5A購03,0,,,,
707534,陽程凱基63購01,0,,,,
707535,新應材凱基61購02,0,,,,
707536,萬泰科凱基5B購01,0,,,,
707537,新應材兆豐5C購01,0,,,,
707538,弘塑國票5B購01,0,,,,
707539,宜特國票5B購02,0,,,,
707541,前鼎國票5B購03,264680,1.97,2.4,1.85,2.4
707542,陽程國票5A購01,0,,,,
707543,新應材國票5A購04,0,,,,
707544,弘塑永豐5B購03,100,0.02,0.02,0.02,0.02
707545,弘塑永豐5C購04,40,0.04,0.04,0.04,0.04
707546,弘塑永豐61購02,234770,0.23,0.23,0.17,0.17
707547,弘塑永豐64購01,10500,0.21,0.21,0.21,0.21
707548,新應材永豐5B購02,0,,,,
707549,新應材永豐5B購03,0,,,,
707550,新應材永豐64購01,17200,0.29,0.29,0.27,0.27
707551,精材永豐5C購01,0,,,,
707552,台星科台新5A購01,2090,0.5,0.91,0.5,0.91
707553,弘塑台新5A購01,0,,,,
707554,弘塑台新5A購02,0,,,,
707555,安葆台新5A購01,0,,,,
707556,前鼎台新5A購01,22740,3.89,3.89,3.77,3.77
707557,威聯通台新5A購01,500,0.02,0.02,0.02,0.02
707558,新應材台新5A購01,0,,,,
707559,新應材台新5A購02,0,,,,
707560,群翊台新5A購01,0,,,,
707561,群翊台新5A購02,0,,,,
707562,力致群益5B購01,0,,,,
707563,千附精群益5A購01,0,,,,
707564,弘塑群益5A購04,0,,,,
707565,弘塑群益5C購01,2100,0.07,0.07,0.07,0.07
707566,萬泰科群益5A購02,0,,,,
707567,鑫聯群益5C購01,0,,,,
707568,弘塑國泰61購01,86700,0.38,0.38,0.31,0.31
707569,弘塑國泰61購02,66980,0.28,0.28,0.21,0.21
707570,環球晶國泰5B購01,0,,,,
707571,環球晶國泰5B購02,0,,,,
707572,弘塑富邦5C購02,16760,0.12,0.12,0.1,0.1
707573,弘塑富邦64購01,21530,0.2,0.2,0.17,0.17
707574,前鼎富邦5C購01,0,,,,
707575,力致統一74購01,0,,,,
707576,中美晶統一64購01,39240,2.05,2.26,2.05,2.26
707577,元太統一64購01,375310,0.46,0.46,0.43,0.43
707578,元太統一74購01,138710,0.85,0.85,0.83,0.83
707579,弘塑統一62購02,67500,0.15,0.15,0.15,0.15
707580,弘塑統一64購01,244830,0.21,0.21,0.17,0.17
707581,弘塑統一64購02,113100,0.17,0.17,0.14,0.14
707582,弘塑統一64購03,0,,,,
707583,立敦統一64購01,279560,0.89,0.94,0.88,0.88
707584,兆利統一74購01,280,0.28,0.28,0.28,0.28
707585,宜特統一63購01,0,,,,
707586,宜特統一64購01,0,,,,
707587,金山電統一63購01,16020,2.64,2.7,2.64,2.7
707588,金山電統一64購02,0,,,,
707589,前鼎統一63購02,2006910,1.86,1.9,1.84,1.9
707590,美琪瑪統一74購01,0,,,,
707592,陽程統一64購03,110400,3.68,3.68,3.68,3.68
707593,意德士統一62購01,422120,0.61,0.64,0.52,0.52
707594,意德士統一64購01,0,,,,
707595,意德士統一74購01,0,,,,
707596,臺慶科統一64購01,557520,1.05,1.13,1.05,1.09
707597,蜜望實統一63購02,2130,2.13,2.13,2.13,2.13
707598,蜜望實統一64購01,1670,1.67,1.67,1.67,1.67
707599,蜜望實統一74購02,13220,1.2,1.21,1.2,1.2
707600,環球晶統一63購03,0,,,,
707601,弘塑元大5A購02,0,,,,
707602,弘塑元大61購01,940,0.14,0.2,0.14,0.2
707603,立碁元大5C購01,7900,1.1,1.15,0.91,0.91
707604,宜特元大5A購02,0,,,,
707605,宜特元大5C購02,0,,,,
707606,前鼎元大5A購03,0,,,,
707608,前鼎元大5C購02,0,,,,
707609,前鼎元大61購01,3350340,1.91,2.22,1.88,2.21
707610,勤凱元大5A購04,0,,,,
707611,勤凱元大5A購05,0,,,,
707612,勤凱元大5A購06,0,,,,
707613,雙鴻元大5A購07,0,,,,
707614,雙鴻元大61購13,2960910,1.6,1.69,1.6,1.65
707615,穩得元大5A購02,0,,,,
707616,鑫聯元大5A購02,0,,,,
707617,九豪永豐5C購01,45570,0.81,0.82,0.73,0.73
707618,天品永豐5B購01,484420,0.6,0.66,0.6,0.66
707619,立敦永豐5A購01,0,,,,
707620,宜特永豐5B購02,0,,,,
707621,美琪瑪永豐5C購01,0,,,,
707622,鈊象永豐5C購01,0,,,,
707623,精材永豐61購01,0,,,,
707624,蜜望實永豐5C購01,27000,1.8,1.8,1.8,1.8
707625,環球晶永豐5C購02,0,,,,
707626,九豪凱基5A購03,0,,,,
707627,力致凱基5B購01,0,,,,
707628,宏捷科凱基5B購01,19200,0.64,0.64,0.64,0.64
707629,長科*凱基5A購01,3100,3.1,3.1,3.1,3.1
707631,群翊凱基5A購01,0,,,,
707632,精材凱基5A購03,0,,,,
707633,蜜望實凱基5A購01,0,,,,
707634,環球晶凱基5B購01,0,,,,
707635,穩得凱基5A購01,0,,,,
707636,九豪台新5A購01,0,,,,
707637,九豪台新5A購02,0,,,,
707638,九豪台新5A購03,3640,0.16,0.16,0.11,0.11
707639,中美晶台新5A購01,0,,,,
707640,中美晶台新5B購01,0,,,,
707641,宜特台新5B購01,0,,,,
707642,宜特台新61購01,0,,,,
707643,茂迪台新5A購01,0,,,,
707644,博磊台新5A購01,18500,0.37,0.37,0.37,0.37
707645,博磊台新5A購02,0,,,,
707646,博磊台新5A購03,0,,,,
707647,環球晶台新5A購01,0,,,,
707648,環球晶台新5A購02,0,,,,
707649,譜瑞台新5A購01,0,,,,
707650,聖暉*兆豐5C購01,869710,0.94,1.23,0.93,1.16
707651,九豪元大5A購02,0,,,,
707652,九豪元大5A購03,5280,0.22,0.22,0.22,0.22
707653,力致元大5A購01,0,,,,
707654,安葆元大5A購01,3600,0.08,0.08,0.08,0.08
707655,系統電元大5A購02,0,,,,
707656,宜特元大5A購03,800,0.04,0.04,0.04,0.04
707657,宜特元大5B購01,0,,,,
707658,宜特元大5C購03,0,,,,
707659,宜特元大61購01,13720,0.28,0.28,0.28,0.28
707660,宜特元大63購02,0,,,,
707661,朋億*元大5A購01,0,,,,
707664,博磊元大5A購02,0,,,,
707665,意德士元大5A購01,0,,,,
707666,新盛力元大5A購02,0,,,,
707667,鉅橡元大5A購01,0,,,,
707668,蜜望實元大5A購01,0,,,,
707669,蜜望實元大5A購02,0,,,,
707670,九豪群益5A購03,19470,0.11,0.11,0.11,0.11
707671,元太群益5A購02,0,,,,
707672,美琪瑪群益5A購02,0,,,,
707673,蜜望實群益5A購01,0,,,,
707674,優群群益5A購01,0,,,,
707676,加高國票5B購01,126620,0.51,0.52,0.46,0.52
707677,艾訊國票5B購01,0,,,,
707678,均豪國票5A購02,0,,,,
707679,宜特國票5B購03,0,,,,
707680,博磊國票5B購01,0,,,,
707681,漢達國票5B購01,44000,2.21,2.21,2.19,2.19
707682,蜜望實國票5A購02,0,,,,
707683,九豪富邦5C購01,778560,0.55,0.65,0.55,0.56
707684,宜特富邦61購01,0,,,,
707685,九豪統一64購01,0,,,,
707686,九豪統一64購02,1172960,0.58,0.6,0.55,0.57
707687,九豪統一74購01,100460,0.77,0.77,0.76,0.76
707688,千附統一74購01,683660,1.13,1.13,1.09,1.09
707689,千附精統一74購02,201200,1.18,1.21,1.18,1.21
707690,台星科統一74購02,128910,0.72,0.72,0.67,0.7
707691,兆利統一74購02,0,,,,
707692,兆利統一74購03,0,,,,
707693,宏觀統一74購01,0,,,,
707694,系統電統一64購02,0,,,,
707695,宜特統一64購02,0,,,,
707696,宜特統一65購02,0,,,,
707697,宜特統一74購02,0,,,,
707698,茂迪統一67購02,8410,0.29,0.29,0.29,0.29
707699,意德士統一65購01,0,,,,
707700,意德士統一74購02,274620,1.28,1.28,1.23,1.23
707701,萬泰科統一74購03,880,0.88,0.88,0.88,0.88
707702,臺慶科統一66購01,484570,0.97,0.97,0.94,0.94
707703,優群統一66購01,1750,0.25,0.25,0.25,0.25
707704,環球晶統一64購03,36200,3.62,3.62,3.62,3.62
707705,環球晶統一74購01,81220,2.59,2.82,2.59,2.67
707706,力致台新5A購01,0,,,,
707707,力致台新5A購02,0,,,,
707708,久元台新5A購01,0,,,,
707709,美琪瑪台新5A購01,0,,,,
707710,千附精國票5B購02,3040,0.49,0.51,0.49,0.51
707711,千附精國票5B購03,0,,,,
707712,方土昶國票5B購01,0,,,,
707713,立碁國票5B購01,1620,1.62,1.62,1.62,1.62
707714,邑昇國票5B購01,280,0.07,0.07,0.07,0.07
707715,欣銓國票5B購02,0,,,,
707716,信紘科國票5A購01,0,,,,
707717,信紘科國票5B購01,0,,,,
707718,家登國票5A購01,35350,1.42,1.42,1.39,1.39
707719,能率亞國票5B購01,0,,,,
707720,華容國票5B購01,0,,,,
707721,群聯國票5B購01,131210,1.01,1.03,0.99,0.99
707722,蜜望實國票5B購01,594150,1.25,1.56,1.25,1.39
707724,千附精元大5A購02,0,,,,
707725,千附精元大5A購03,0,,,,
707726,千附精元大5A購04,0,,,,
707727,千附精元大5A購05,0,,,,
707728,千附精元大5A購06,0,,,,
707729,欣銓元大5A購02,0,,,,
707730,欣銓元大63購03,1179490,2.39,2.49,2.33,2.44
707731,美琪瑪元大5A購03,0,,,,
707732,華容元大5A購01,0,,,,
707733,群翊元大5A購07,0,,,,
707734,群聯元大5A購01,44170,0.46,0.47,0.46,0.46
707735,群聯元大5A購02,425670,0.26,0.3,0.25,0.25
707736,鈺太元大61購01,0,,,,
707738,蜜望實元大5A購04,4500,1.5,1.5,1.5,1.5
707739,蜜望實元大5A購05,33600,1.68,1.68,1.68,1.68
707740,千附精凱基5A購02,0,,,,
707741,方土昶凱基5A購01,0,,,,
707742,欣銓凱基5A購01,0,,,,
707743,欣銓凱基5A購02,0,,,,
707744,信紘科凱基5A購02,0,,,,
707746,萬泰科凱基5A購02,4810,4.81,4.81,4.81,4.81
707747,群聯凱基5A購01,0,,,,
707748,群聯凱基5A購02,0,,,,
707749,蜜望實凱基5A購02,0,,,,
707750,千附精永豐5C購01,0,,,,
707751,方土昶永豐5A購01,0,,,,
707752,世禾永豐5B購01,0,,,,
707753,立碁永豐61購01,647120,0.92,0.94,0.81,0.84
707754,欣銓永豐5A購01,0,,,,
707755,欣銓永豐5C購01,714390,1.52,1.62,1.52,1.59
707756,新盛力永豐5A購01,0,,,,
707757,群聯永豐61購01,173370,0.69,0.7,0.67,0.67
707758,群聯永豐64購01,328530,0.9,0.92,0.9,0.9
707759,蜜望實永豐61購01,760720,0.96,1.14,0.96,1.04
707761,信紘科國泰5B購01,0,,,,
707762,群翊國泰5C購01,0,,,,
707763,群聯群益5B購01,440060,1.51,1.51,1.42,1.42
707764,群聯群益61購01,625830,1.43,1.43,1.4,1.4
707765,群聯群益64購01,1609650,1.85,1.86,1.82,1.82
707766,蜜望實國泰5B購01,0,,,,
707767,精材兆豐5C購01,0,,,,
707768,力旺永豐5A購01,2250,0.01,0.03,0.01,0.03
707769,力旺永豐5B購01,50,0.05,0.05,0.05,0.05
707770,力旺永豐5C購01,400,0.1,0.1,0.1,0.1
707771,台半永豐5C購01,1476050,1.99,2.3,1.99,2.3
707772,巨有永豐5C購01,0,,,,
707773,立端永豐5A購01,0,,,,
707774,宏捷科永豐5C購02,0,,,,
707775,亞通永豐5A購01,0,,,,
707776,旺矽永豐5B購02,353490,0.46,0.46,0.37,0.38
707778,信驊永豐5B購04,201440,2.16,2.16,1.8,1.81
707779,華景電永豐5C購02,700,0.14,0.14,0.14,0.14
707780,精測永豐61購02,16590,0.15,0.16,0.15,0.16
707781,臺慶科永豐5B購01,85110,0.9,0.99,0.9,0.96
707782,聰泰永豐5A購01,60,0.03,0.03,0.03,0.03
707783,力旺凱基5A購03,0,,,,
707784,力旺凱基5A購04,0,,,,
707785,力旺凱基5B購02,2260,0.08,0.08,0.06,0.07
707786,力旺凱基5C購01,31150,0.15,0.15,0.11,0.11
707787,力旺凱基61購01,0,,,,
707788,立碁凱基5B購01,120650,0.81,0.82,0.59,0.62
707789,宏捷科凱基5A購02,1200,0.01,0.01,0.01,0.01
707790,旺矽凱基5A購05,0,,,,
707791,旺矽凱基5B購02,234450,0.31,0.35,0.28,0.3
707792,旺矽凱基5C購02,101340,0.42,0.42,0.4,0.41
707795,信驊凱基5A購04,0,,,,
707796,信驊凱基5B購03,354360,3.52,3.52,2.99,2.99
707797,信驊凱基5C購02,546070,3.2,3.2,2.44,2.47
707798,信驊凱基61購04,871120,3.0,3.11,2.4,2.4
707799,家登凱基5A購01,79820,1.39,1.6,1.33,1.35
707800,華景電凱基5A購04,0,,,,
707801,群翊凱基5A購02,0,,,,
707802,精測凱基5A購01,0,,,,
707803,精測凱基5A購02,0,,,,
707804,精測凱基5A購03,0,,,,
707805,力領台新5A購01,0,,,,
707806,世界台新5A購01,0,,,,
707807,宏捷科台新5A購01,0,,,,
707808,宏捷科台新5A購02,0,,,,
707809,宏捷科台新61購01,99570,0.42,0.57,0.42,0.57
707810,旺矽台新5A購01,0,,,,
707811,旺矽台新5A購02,0,,,,
707812,信驊台新5A購01,0,,,,
707813,信驊台新5A購02,23670,2.43,2.43,1.8,1.86
707814,群翊台新5A購03,0,,,,
707815,璟德台新5A購01,0,,,,
707816,力旺元大5A購04,0,,,,
707817,力旺元大5A購05,300,0.01,0.01,0.01,0.01
707818,力旺元大5B購01,0,,,,
707819,均豪元大5A購03,0,,,,
707820,旺矽元大5A購04,5770,0.25,0.25,0.23,0.23
707821,旺矽元大5B購02,0,,,,
707822,旺矽元大61購02,63560,0.5,0.75,0.5,0.75
707823,長科*元大5A購01,2540,0.78,0.88,0.78,0.88
707828,信驊元大5A購02,102660,1.58,1.69,0.99,1.0
707829,信驊元大63購01,1343200,4.44,4.44,3.76,3.82
707830,美琪瑪元大5A購04,0,,,,
707831,華景電元大5A購05,0,,,,
707832,新盛力元大61購01,0,,,,
707833,群翊元大61購01,0,,,,
707834,精測元大5B購02,3910,0.23,0.23,0.23,0.23
707835,精測元大63購04,82760,0.27,0.27,0.26,0.26
707836,穩得元大5A購03,0,,,,
707837,中光電國泰5B購01,0,,,,
707838,立碁國泰5B購02,14550,2.69,2.69,2.29,2.3
707839,旺矽國泰5B購01,354200,0.74,0.78,0.67,0.67
707840,旺矽國泰5B購02,16610,0.45,0.45,0.43,0.43
707842,新盛力國泰5B購01,0,,,,
707843,旺矽統一64購02,27060,0.91,0.91,0.9,0.9
707844,群聯統一64購01,434250,0.88,0.88,0.86,0.86
707845,精測統一64購03,60550,0.26,0.26,0.25,0.25
707846,力旺富邦5C購01,166150,0.15,0.15,0.12,0.12
707847,良維富邦62購01,1166950,0.86,0.89,0.81,0.81
707848,旺矽富邦64購02,1088460,0.83,0.83,0.72,0.74
707849,欣銓富邦5A購01,0,,,,
707850,欣銓富邦64購01,1314620,0.92,1.0,0.88,0.98
707851,信紘科富邦62購01,777060,0.47,0.49,0.47,0.49
707852,信驊富邦61購01,1087260,3.21,3.34,2.57,2.61
707853,華電網富邦62購01,0,,,,
707854,順達富邦62購01,393690,0.59,0.66,0.58,0.59
707855,新盛力富邦5C購01,0,,,,
707856,新盛力富邦61購01,0,,,,
707857,群翊富邦5B購01,0,,,,
707858,群聯富邦5C購01,364650,0.78,0.84,0.77,0.81
707859,群聯富邦61購01,364880,0.96,0.98,0.95,0.95
707860,精測富邦61購01,26900,0.13,0.13,0.12,0.12
707861,M31凱基5A購02,0,,,,
707862,M31凱基5A購03,0,,,,
707863,宏觀凱基61購02,0,,,,
707864,良維凱基5B購03,133980,0.22,0.22,0.22,0.22
707865,家登凱基5A購02,0,,,,
707866,華景電凱基5C購01,25000,0.17,0.17,0.16,0.16
707867,新盛力凱基5A購03,0,,,,
707868,聖暉*凱基5A購02,0,,,,
707869,鏵友益凱基5A購01,0,,,,
707870,環球晶兆豐5C購02,0,,,,
707871,M31元大5A購01,0,,,,
707872,M31元大5A購02,0,,,,
707873,M31元大61購01,27550,0.29,0.3,0.27,0.27
707874,M31元大63購01,190230,0.33,0.33,0.31,0.32
707875,久元元大5A購02,0,,,,
707876,千附元大5A購01,0,,,,
707877,加高元大5A購01,0,,,,
707878,台嘉碩元大5A購02,160,0.08,0.08,0.08,0.08
707879,立敦元大5A購01,0,,,,
707881,立碁元大63購01,1513210,1.9,1.99,1.8,1.8
707882,宏觀元大5C購01,0,,,,
707883,欣銓元大5A購03,0,,,,
707884,家登元大61購01,31710,2.24,2.29,2.24,2.26
707885,華電網元大5A購02,0,,,,
707886,鈺太元大5A購01,0,,,,
707887,鏵友益元大5A購01,0,,,,
707888,元債20群益5A購01,0,,,,
707889,世界群益5A購02,0,,,,
707890,宏觀群益5A購01,0,,,,
707891,欣銓群益5A購01,0,,,,
707892,翔名群益5A購01,0,,,,
707893,環球晶群益5A購04,0,,,,
707894,M31富邦5C購01,260,0.26,0.26,0.26,0.26
707895,元太富邦61購01,182710,0.48,0.49,0.47,0.47
707896,台星科富邦61購01,190760,0.83,1.08,0.83,1.07
707897,均豪富邦62購01,0,,,,
707898,宏捷科富邦5C購03,19400,0.31,0.4,0.31,0.4
707899,宏捷科富邦61購02,131300,0.1,0.12,0.1,0.12
707900,華景電富邦61購01,0,,,,
707901,鈊象富邦61購01,0,,,,
707902,萬泰科富邦62購01,33350,0.78,0.78,0.73,0.73
707903,欣銓群益5A購02,0,,,,
707904,新盛力群益5A購01,0,,,,
707906,久元元大5A購03,0,,,,
707907,方土昶元大5A購01,0,,,,
707908,世界元大5A購03,0,,,,
707909,尼克森元大5A購01,0,,,,
707910,立碁元大5A購03,0,,,,
707911,兆利元大5A購01,180,0.01,0.01,0.01,0.01
707912,均華元大5A購01,1000,0.01,0.01,0.01,0.01
707913,均華元大5A購02,0,,,,
707914,均豪元大5A購04,0,,,,
707915,沛亨元大5A購05,0,,,,
707916,邑昇元大5A購01,0,,,,
707917,信紘科元大5A購02,1330,0.27,0.4,0.27,0.4
707918,家登元大5A購03,0,,,,
707919,家登元大5A購04,0,,,,
707920,華景電元大5A購06,0,,,,
707921,華景電元大63購01,10500,0.15,0.15,0.15,0.15
707922,新盛力元大5A購03,0,,,,
707923,德微元大5A購01,0,,,,
707924,久元凱基5A購01,0,,,,
707925,合晶凱基5A購01,0,,,,
707926,均華凱基5A購01,0,,,,
707927,系微凱基5A購03,0,,,,
707928,欣銓凱基63購01,331220,1.07,1.18,1.07,1.15
707929,家登凱基5A購03,0,,,,
707930,鈺太凱基61購01,0,,,,
707931,環球晶凱基5A購01,0,,,,
707932,世禾富邦5C購02,0,,,,
707933,均華富邦61購01,57200,0.16,0.16,0.13,0.13
707934,沛亨富邦5B購01,2040,0.17,0.17,0.17,0.17
707935,欣銓富邦5B購01,358540,0.34,0.39,0.34,0.39
707936,中美晶兆豐64購01,7950,3.8,4.15,3.8,4.15
707937,順達兆豐5C購02,13000,0.26,0.26,0.26,0.26
707938,世界群益5A購03,0,,,,
707939,合晶群益5B購01,0,,,,
707940,良維群益5A購01,0,,,,
707941,原相群益5A購01,0,,,,
707942,創惟群益5B購01,0,,,,
707943,富喬群益5A購03,218400,0.3,0.48,0.3,0.46
707944,富喬群益5A購04,2100,0.3,0.3,0.3,0.3
707945,聖暉*群益5B購01,640,0.64,0.64,0.64,0.64
707946,德微群益5A購01,0,,,,
707947,雙鴻群益5B購06,245520,0.94,0.97,0.84,0.93
707948,久元凱基5A購02,0,,,,
707949,千附凱基5A購01,0,,,,
707950,世界凱基5A購02,0,,,,
707951,兆利凱基5A購01,0,,,,
707952,艾訊凱基5B購01,0,,,,
707953,均豪凱基5A購02,0,,,,
707954,沛亨凱基5A購02,20,0.01,0.01,0.01,0.01
707955,家登凱基5A購04,0,,,,
707956,勤凱凱基5A購02,0,,,,
707957,新盛力凱基5B購01,24500,2.45,2.45,2.45,2.45
707958,鉅橡凱基5A購03,0,,,,
707959,雙鴻凱基5A購07,0,,,,
707960,雙鴻凱基61購02,307420,1.13,1.23,1.12,1.16
707961,中美晶富邦5A購01,0,,,,
707962,長科*富邦62購01,380250,1.14,1.31,1.09,1.09
707963,家登富邦61購01,406090,0.64,0.65,0.61,0.63
707964,富喬富邦61購01,999150,0.44,0.56,0.43,0.5
707965,聖暉*富邦5C購01,704930,0.68,0.79,0.68,0.79
707966,鉅橡富邦5B購01,0,,,,
707967,鈺太富邦5A購01,0,,,,
707968,優群富邦61購01,0,,,,
707969,環球晶富邦5B購01,24400,24.4,24.4,24.4,24.4
707970,雙鴻富邦5C購09,0,,,,
707971,巨有元大5A購01,0,,,,
707972,富喬元大5C購02,905980,0.43,0.55,0.41,0.48
707973,華義元大5A購01,0,,,,
707974,環球晶元大5A購01,0,,,,
707975,雙鴻兆豐5C購02,0,,,,
707976,世界兆豐5C購01,0,,,,
707977,富喬國票5A購02,2640,0.33,0.33,0.33,0.33
707978,富喬國票5B購02,25500,0.4,0.45,0.4,0.45
707979,華義國票5B購01,0,,,,
707980,華義國票5B購02,8620,0.01,0.02,0.01,0.02
707981,新盛力國票5A購02,210360,1.37,1.37,1.36,1.36
707982,雙鴻凱基5A購08,0,,,,
707983,良維凱基5A購04,0,,,,
707984,聖暉*凱基5C購01,12100,0.92,1.1,0.92,1.1
707985,德微凱基5A購02,0,,,,
707986,環球晶凱基5A購02,0,,,,
707987,雙鴻凱基5C購06,0,,,,
707988,譜瑞群益5A購01,0,,,,
707989,系統電國泰5B購01,61300,0.89,0.89,0.84,0.84
707990,新盛力國泰5B購02,0,,,,
707991,群聯國泰5B購01,0,,,,
707992,群聯國泰5B購02,0,,,,
707993,立碁元大5A購04,0,,,,
707994,系微元大5C購01,0,,,,
707995,德微元大5A購02,0,,,,
707996,立碁永豐5B購02,5510,1.15,1.15,1.07,1.07
707997,新盛力永豐61購01,247080,1.71,1.74,1.63,1.63
707998,群聯永豐5C購01,73300,0.8,0.8,0.79,0.79
707999,聖暉*永豐5C購02,14010,0.25,0.3,0.25,0.3
708000,德微永豐5B購01,0,,,,
708001,雙鴻永豐5C購04,0,,,,
708002,雙鴻永豐61購03,0,,,,
708003,立碁國票5B購02,270360,1.55,1.55,1.28,1.36
708004,兆利國票5B購01,0,,,,
708005,系微國票5B購01,0,,,,
708006,良維國票5B購01,0,,,,
708007,凌陽創國票5B購01,0,,,,
708008,群聯國票5B購03,1733170,0.65,0.66,0.63,0.64
708009,聖暉*國票5B購01,7440,0.31,0.31,0.31,0.31
708011,矽科台新5A購01,0,,,,
708012,捷創台新5A購01,0,,,,
708013,富強鑫台新5A購01,39300,0.3,0.32,0.3,0.32
708014,崴寶台新5A購01,0,,,,
708015,群聯台新5A購01,542300,2.59,2.63,2.56,2.62
708016,群聯台新5A購02,21100,1.48,1.48,1.37,1.37
708017,群聯台新5A購03,119760,0.49,0.51,0.47,0.47
708018,穩得台新5A購01,0,,,,
708019,良維凱基5B購04,350,0.07,0.07,0.07,0.07
708020,東捷凱基5A購03,0,,,,
708021,群聯凱基5B購01,52660,0.88,0.88,0.83,0.83
708022,精材凱基5C購01,0,,,,
708023,譜瑞凱基5A購01,0,,,,
708024,三聯國票5A購01,0,,,,
708025,大綜國票5A購01,6200,1.55,1.55,1.55,1.55
708026,太景*國票5B購01,32950,0.05,0.06,0.05,0.05
708027,良維國票5B購02,818360,0.22,0.22,0.2,0.2
708028,朋程國票5A購01,0,,,,
708029,崴寶國票5B購01,0,,,,
708030,群翊國票5B購03,0,,,,
708031,群聯國票5B購04,0,,,,
708032,環球晶國票5A購02,10700,5.35,5.35,5.35,5.35
708033,譜瑞國票5B購01,0,,,,
708034,久元永豐5C購01,0,,,,
708035,良維永豐5C購02,0,,,,
708036,精材永豐5C購02,0,,,,
708037,雙鴻永豐5B購03,107710,0.69,0.77,0.69,0.77
708038,雙鴻永豐63購02,516990,1.2,1.24,1.18,1.24
708039,力致國泰5C購01,4640,0.29,0.29,0.29,0.29
708040,良維元大5A購04,0,,,,
708041,良維元大63購01,13200,0.44,0.44,0.44,0.44
708042,新盛力元大5A購04,0,,,,
708043,良維富邦61購01,8020,0.25,0.25,0.23,0.24
708044,新盛力富邦61購02,0,,,,
708045,兆利群益5A購01,0,,,,
708046,系統電群益5B購01,7600,0.76,0.76,0.76,0.76
708047,良維群益5B購03,0,,,,
708048,臺慶科群益5A購01,0,,,,
708049,雙鴻群益5A購07,0,,,,
708050,中美晶台新5B購02,0,,,,
708051,兆利台新5A購01,0,,,,
708052,兆利台新5A購02,0,,,,
708053,環球晶台新5A購03,0,,,,
708054,環球晶台新5A購04,60900,6.25,6.25,6.0,6.0
708055,群聯元大5A購03,29400,0.2,0.2,0.2,0.2
708056,環球晶元大5A購02,0,,,,
708057,環球晶元大5A購03,309000,5.15,5.15,5.15,5.15
708058,環球晶元大5A購04,0,,,,
708059,世界凱基5A購03,0,,,,
708060,系統電凱基5A購03,0,,,,
708061,欣銓凱基5A購03,1890,0.63,0.63,0.63,0.63
708062,順達凱基5A購04,0,,,,
708063,群聯凱基5B購02,17250,0.25,0.26,0.25,0.25
708064,群聯兆豐64購01,239990,1.68,1.68,1.64,1.64
708065,中美晶群益5C購01,2510,2.51,2.51,2.51,2.51
708066,群聯群益5B購02,203220,0.45,0.45,0.41,0.42
708067,群聯群益5C購01,248400,0.79,0.81,0.78,0.78
708068,精材群益5A購05,0,,,,
708069,精材群益5A購06,0,,,,
708070,雙鴻群益5B購07,102950,0.66,0.79,0.66,0.79
708071,凡甲國票5B購01,9600,0.12,0.12,0.12,0.12
708072,久元國票5B購01,0,,,,
708073,中美晶國票5B購01,33660,2.01,2.13,2.01,2.1
708074,欣銓國票5C購01,888990,1.13,1.2,1.13,1.2
708075,萬泰科國票5B購02,0,,,,
708076,群聯國票5B購05,71160,0.76,0.76,0.72,0.72
708077,精材國票5B購01,0,,,,
708078,鑫聯國票5B購01,0,,,,
708079,鴻呈國泰5C購01,52550,0.64,0.65,0.61,0.65
708080,譜瑞國泰5B購01,0,,,,
708081,久元富邦61購02,0,,,,
708082,系統電富邦61購01,203330,0.72,0.72,0.68,0.69
708083,家登富邦5C購02,718810,0.96,1.01,0.95,0.98
708084,群聯富邦5C購02,8500,0.85,0.85,0.85,0.85
708085,群聯富邦61購02,154840,0.72,0.72,0.69,0.7
708086,譜瑞富邦5C購03,4160,0.16,0.16,0.16,0.16
708087,譜瑞富邦61購01,3000,0.12,0.12,0.12,0.12
708088,群聯永豐5C購02,2150,0.43,0.43,0.43,0.43
708089,群聯永豐64購02,133300,0.86,0.86,0.86,0.86
708090,精材永豐5B購02,0,,,,
708091,中美晶凱基61購02,210750,2.81,2.81,2.81,2.81
708092,矽科凱基5B購01,0,,,,
708093,群聯凱基61購01,75570,0.35,0.35,0.34,0.34
708094,精材凱基5B購02,0,,,,
708095,環球晶凱基5B購02,0,,,,
708096,譜瑞凱基5B購01,0,,,,
708097,久元國票5C購01,0,,,,
708098,台星科國票5C購01,20800,1.04,1.04,1.04,1.04
708099,正淩國票5C購01,49900,0.1,0.1,0.1,0.1
708100,亞信國票5C購01,0,,,,
708101,佳邦國票5C購01,3750,0.21,0.21,0.2,0.2
708102,金山電國票5C購01,0,,,,
708103,原相國票5B購01,59880,0.04,0.04,0.04,0.04
708104,原相國票5C購01,0,,,,
708105,家登國票5B購01,0,,,,
708106,新潤國票5C購01,0,,,,
708107,群聯國票61購01,34200,0.52,0.53,0.52,0.53
708108,精華國票5C購01,2000,0.1,0.1,0.1,0.1
708109,磐儀國票5C購01,3870,0.09,0.09,0.09,0.09
708110,世界台新5B購01,68130,1.24,1.42,1.19,1.42
708111,矽科台新5B購01,0,,,,
708112,家登台新5B購01,0,,,,
708113,家登台新5B購02,0,,,,
708114,家登台新62購01,0,,,,
708115,勤凱台新5B購01,0,,,,
708116,群聯台新5B購01,9040,0.41,0.42,0.41,0.42
708117,群聯台新5B購02,42450,0.1,0.1,0.09,0.09
708118,世界群益5B購05,284980,2.15,2.23,2.02,2.02
708119,欣銓群益5B購01,0,,,,
708120,家登群益5B購01,127520,0.68,0.71,0.68,0.68
708121,家登群益61購01,0,,,,
708122,世界永豐65購01,36720,1.02,1.02,1.02,1.02
708123,台特化永豐62購01,0,,,,
708124,高鋒永豐5C購01,0,,,,
708125,群聯永豐65購01,4000,0.8,0.8,0.8,0.8
708126,群聯中信62購01,1380,0.46,0.46,0.46,0.46
708127,凡甲國泰61購01,0,,,,
708128,東捷國泰61購01,23880,3.98,3.98,3.98,3.98
708129,欣銓國泰5C購01,892740,1.51,1.66,1.51,1.58
708130,群聯國泰61購01,6950,1.39,1.39,1.39,1.39
708131,中美晶富邦61購01,116000,2.32,2.32,2.32,2.32
708132,環球晶富邦5C購02,37850,2.1,2.35,2.1,2.35
708133,中美晶元大5B購02,0,,,,
708134,中美晶元大5B購03,7200,2.4,2.4,2.4,2.4
708135,世界元大5B購02,0,,,,
708136,世界元大5B購03,0,,,,
708137,均豪元大5B購01,0,,,,
708138,群聯元大5B購01,30000,0.6,0.6,0.6,0.6
708139,群聯元大5B購02,0,,,,
708140,群聯元大64購01,13000,0.86,0.88,0.86,0.88
708141,精材元大5B購03,0,,,,
708142,精材元大5B購04,0,,,,
708143,精材元大5B購05,0,,,,
708144,雙鴻元大61購14,476230,1.19,1.21,1.09,1.18
708145,大學光凱基5B購01,0,,,,
708146,世界凱基5B購01,39200,0.68,0.72,0.6,0.6
708147,正淩凱基5C購01,0,,,,
708148,欣銓凱基61購01,354390,0.99,1.05,0.96,1.05
708149,原相凱基5B購02,0,,,,
708150,家登凱基5B購01,0,,,,
708151,群翊凱基61購02,0,,,,
708152,群聯凱基63購01,195840,0.55,0.56,0.54,0.54
708153,鈺太凱基5B購01,0,,,,
708154,安葆台新5B購01,0,,,,
708155,家碩台新5B購01,0,,,,
708156,家碩台新5B購02,0,,,,
708157,鉅橡台新5B購01,0,,,,
708158,華景電國泰5C購01,38000,0.38,0.38,0.38,0.38
708159,世界富邦5B購01,413510,0.6,0.66,0.59,0.62
708160,系微富邦63購01,28500,0.19,0.19,0.19,0.19
708161,茂迪富邦63購02,0,,,,
708162,原相富邦5B購01,1200,0.04,0.04,0.04,0.04
708163,萬泰科富邦5B購02,13500,0.14,0.14,0.13,0.13
708164,群聯富邦62購01,65670,0.52,0.53,0.52,0.52
708165,群聯富邦62購02,174910,0.37,0.37,0.36,0.36
708166,凡甲永豐5C購01,0,,,,
708167,東捷永豐64購02,0,,,,
708168,東捷永豐67購01,0,,,,
708169,華景電永豐61購02,0,,,,
708170,璟德永豐61購01,0,,,,
708171,家登中信5B購01,0,,,,
708172,譜瑞中信5B購01,0,,,,
708173,欣銓兆豐61購01,57600,1.04,1.21,1.04,1.21
708174,凡甲國票5C購01,0,,,,
708175,安葆國票5C購01,0,,,,
708176,東捷國票5C購01,802850,1.59,1.59,1.45,1.51
708177,華景電國票5C購01,0,,,,
708178,群翊國票5C購01,6300,0.09,0.09,0.09,0.09
708179,群聯國票66購01,473650,0.71,0.71,0.69,0.7
708180,東捷群益5B購02,117620,0.86,0.86,0.84,0.84
708181,東捷群益5B購03,10000,1.0,1.0,1.0,1.0
708182,華景電群益5B購01,0,,,,
708183,群聯群益61購03,9900,0.33,0.33,0.33,0.33
708184,久元元大64購01,6400,0.32,0.32,0.32,0.32
708185,正淩元大5B購01,0,,,,
708186,東捷元大5B購01,0,,,,
708187,東捷元大5B購02,0,,,,
708188,東捷元大5B購03,0,,,,
708189,東捷元大5B購04,11400,0.76,0.76,0.76,0.76
708190,家登元大5B購02,0,,,,
708191,順達元大64購03,77950,1.12,1.13,1.12,1.13
708192,萬泰科元大5B購01,0,,,,
708193,群翊元大5B購01,0,,,,
708194,群聯元大5B購03,8450,0.13,0.13,0.13,0.13
708195,群聯元大64購02,396260,0.62,0.62,0.6,0.6
708197,精材元大5B購07,0,,,,
708198,精材元大61購06,0,,,,
708199,環球晶元大5B購01,0,,,,
708201,凡甲凱基5B購01,0,,,,
708202,久元凱基5B購01,0,,,,
708203,台特化凱基5B購01,0,,,,
708204,安葆凱基5C購01,0,,,,
708205,家登凱基5B購02,0,,,,
708206,華景電凱基5B購01,0,,,,
708207,順達凱基63購01,364000,0.84,0.9,0.79,0.79
708208,萬泰科凱基5C購01,4000,0.4,0.4,0.4,0.4
708209,群聯凱基64購01,621460,0.52,0.52,0.51,0.51
708210,環球晶凱基5B購03,104700,5.6,5.95,5.6,5.85
708211,穩得凱基5B購01,0,,,,
708212,鑫聯凱基5C購01,0,,,,
708213,台特化台新5B購01,11600,0.29,0.29,0.29,0.29
708214,台特化台新5B購02,0,,,,
708215,系微台新5B購01,0,,,,
708216,欣銓台新5B購01,9030,1.77,1.86,1.77,1.86
708217,欣銓台新5B購02,80940,1.41,1.66,1.41,1.66
708218,湧德台新5B購01,0,,,,
708219,華景電台新5B購01,0,,,,
708220,鈊象台新5B購01,0,,,,
708221,萬泰科台新5B購01,0,,,,
708222,萬泰科台新5B購02,0,,,,
708223,精材台新5B購01,0,,,,
708225,璟德中信5B購01,0,,,,
708226,安葆國泰5C購01,0,,,,
708227,群翊國泰5C購02,0,,,,
708228,凡甲富邦61購01,41900,0.16,0.16,0.15,0.16
708229,中光電富邦62購01,64400,0.59,0.59,0.58,0.58
708230,均豪富邦5B購01,0,,,,
708231,捷創富邦62購01,98680,0.88,0.89,0.88,0.89
708232,世界永豐5C購01,139040,1.19,1.23,1.19,1.23
708233,家登永豐61購01,0,,,,
708234,家碩永豐5B購01,0,,,,
708235,群聯永豐65購02,422080,0.58,0.59,0.58,0.58
708236,鉅橡永豐5C購01,0,,,,
708237,環球晶兆豐61購01,19280,4.82,4.82,4.82,4.82
708238,艾訊國票63購01,76090,0.88,0.88,0.87,0.88
708239,美琪瑪國票5C購01,0,,,,
708240,晶宏國票5C購01,31710,1.72,1.79,1.72,1.76
708241,翔名國票5C購01,216000,0.6,0.6,0.6,0.6
708242,聰泰國票5C購01,1400,0.28,0.28,0.28,0.28
708243,寶雅國票5C購01,13380,1.12,1.12,1.1,1.1
708244,久元群益61購01,0,,,,
708245,方土昶群益5B購01,0,,,,
708246,世界群益5B購06,0,,,,
708247,艾訊群益5B購01,0,,,,
708248,家登群益5B購02,0,,,,
708249,陽程群益5B購01,0,,,,
708250,群聯群益5B購03,144940,0.1,0.11,0.09,0.09
708252,凡甲元大5B購01,410,0.01,0.01,0.01,0.01
708253,均豪元大5B購02,0,,,,
708254,均豪元大65購01,247890,0.34,0.34,0.33,0.33
708255,家登元大5B購03,0,,,,
708256,群聯元大5B購04,0,,,,
708257,群聯元大5B購05,30910,0.18,0.19,0.17,0.17
708258,群聯元大64購03,138960,0.71,0.71,0.7,0.71
708259,精材元大5B購08,0,,,,
708260,精材元大5B購09,0,,,,
708261,精材元大5B購10,0,,,,
708262,璟德元大5B購01,0,,,,
708263,環球晶元大5B購03,0,,,,
708264,環球晶元大5B購04,16800,3.36,3.36,3.36,3.36
708265,大中元大5B購01,0,,,,
708266,威剛元大5B購04,0,,,,
708267,威剛元大5B購05,9000,0.09,0.09,0.09,0.09
708268,威剛元大64購01,423960,0.4,0.42,0.4,0.4
708269,陽程元大61購03,0,,,,
708270,群聯元大5B購06,0,,,,
708271,鉅橡元大5B購01,0,,,,
708272,鉅橡元大5B購02,0,,,,
708273,安葆國泰5C購02,53470,1.1,1.17,1.1,1.17
708274,勤凱國泰5C購01,35490,1.63,1.67,1.51,1.51
708275,雷科國泰5C購01,0,,,,
708276,久元凱基64購01,0,,,,
708277,均豪凱基65購01,22320,0.31,0.31,0.31,0.31
708278,金山電凱基5B購01,0,,,,
708279,威剛凱基5B購03,1160,0.02,0.04,0.02,0.04
708280,群聯凱基64購02,314450,0.45,0.46,0.45,0.46
708281,精材凱基5B購03,0,,,,
708282,寶雅凱基5B購01,0,,,,
708283,鉅橡台新5B購02,0,,,,
708284,鉅橡台新5B購03,0,,,,
708285,系微兆豐65購01,0,,,,
708286,群聯兆豐65購01,53100,1.18,1.2,1.17,1.17
708287,凡甲國票5C購02,0,,,,
708288,久元國票5C購02,0,,,,
708289,方土昶國票5C購01,0,,,,
708290,世界國票5C購02,9030,0.75,0.77,0.75,0.76
708291,宏捷科國票5C購01,0,,,,
708292,威剛國票5C購01,0,,,,
708293,耕興國票5C購01,0,,,,
708294,港建*國票5B購01,0,,,,
708295,華宏國票5C購01,0,,,,
708296,鉅橡國票5C購01,0,,,,
708297,廣穎國票5C購01,0,,,,
708298,久元永豐5C購02,0,,,,
708299,台星科永豐61購01,17860,0.85,0.86,0.85,0.86
708300,合晶永豐5B購01,0,,,,
708301,均豪永豐5C購02,0,,,,
708302,欣銓永豐61購01,531890,0.79,0.85,0.79,0.85
708303,威剛永豐5B購01,0,,,,
708304,威剛永豐5C購02,0,,,,
708305,威剛永豐61購01,26400,0.33,0.33,0.33,0.33
708306,威剛永豐65購01,63300,0.97,0.99,0.97,0.99
708307,威剛永豐68購01,0,,,,
708308,鉅橡永豐61購01,4800,0.06,0.06,0.06,0.06
708309,廣穎永豐65購01,142180,1.11,1.13,1.11,1.13
708310,凡甲群益5B購01,0,,,,
708311,台特化群益5C購01,0,,,,
708312,正淩群益63購01,143590,0.61,0.7,0.61,0.7
708313,均豪群益5B購01,0,,,,
708314,宏捷科群益5B購01,0,,,,
708315,岳豐群益65購01,11600,0.29,0.29,0.29,0.29
708316,威剛群益5B購02,12100,0.11,0.11,0.11,0.11
708317,威剛群益5C購01,0,,,,
708318,威剛群益61購01,0,,,,
708319,茂綸群益5B購01,0,,,,
708320,廣穎群益5B購01,0,,,,
708322,寶雅群益61購01,41870,0.79,0.79,0.79,0.79
708323,凡甲凱基5B購02,0,,,,
708324,久元凱基5C購01,0,,,,
708325,大中凱基5B購01,19570,0.59,0.61,0.58,0.61
708326,方土昶凱基5C購01,0,,,,
708327,台特化凱基5B購02,0,,,,
708328,合晶凱基5B購01,0,,,,
708329,艾訊凱基5B購02,28520,0.25,0.25,0.22,0.22
708330,良維凱基5B購05,0,,,,
708331,威剛凱基5B購04,0,,,,
708332,家登凱基5B購03,6500,0.05,0.05,0.05,0.05
708333,耕興凱基5B購01,0,,,,
708334,港建*凱基5B購01,0,,,,
708335,群聯凱基61購02,59220,0.28,0.28,0.27,0.27
708336,廣穎凱基5B購01,0,,,,
708337,環球晶凱基5C購02,723630,2.97,3.41,2.93,3.2
708339,合晶台新5B購02,0,,,,
708340,合晶台新5B購03,0,,,,
708341,安葆台新5B購02,39100,1.89,2.02,1.89,2.02
708342,艾訊台新5B購01,1120,1.12,1.12,1.12,1.12
708343,艾訊台新5B購02,0,,,,
708344,良維台新5B購01,209000,0.82,0.82,0.72,0.74
708345,良維台新5B購02,0,,,,
708346,良維台新5B購03,0,,,,
708347,湧德台新5B購02,0,,,,
708348,湧德台新5B購03,0,,,,
708349,順達台新5B購01,0,,,,
708350,順達台新5B購02,36890,1.19,1.19,1.19,1.19
708351,鈊象台新5B購02,0,,,,
708352,萬泰科台新5B購03,0,,,,
708353,群聯台新5B購03,31500,0.21,0.21,0.21,0.21
708354,群聯台新5B購04,0,,,,
708355,精材台新5B購03,0,,,,
708356,臺慶科台新5B購01,0,,,,
708357,璟德台新5B購01,0,,,,
708358,台星科兆豐61購01,0,,,,
708359,均豪兆豐61購01,0,,,,
708360,欣銓群益5B購02,900,0.18,0.18,0.18,0.18
708361,精材群益5B購01,0,,,,
708362,環球晶群益5B購02,251340,4.87,4.87,4.38,4.38
708363,環球晶群益5B購03,0,,,,
708364,凡甲元大5B購02,0,,,,
708365,凡甲元大5B購03,0,,,,
708366,凡甲元大65購01,0,,,,
708367,久元元大5B購01,0,,,,
708368,久元元大61購02,0,,,,
708369,久元元大65購01,0,,,,
708370,台星科元大5B購02,4350,1.45,1.45,1.45,1.45
708371,台星科元大65購01,48450,1.7,1.8,1.7,1.8
708372,沛亨元大5B購01,0,,,,
708373,欣銓元大5B購01,79520,0.71,0.71,0.71,0.71
708374,欣銓元大64購01,372550,0.77,0.84,0.77,0.84
708376,威剛元大5B購06,40,0.04,0.04,0.04,0.04
708377,威剛元大5B購07,301600,0.16,0.16,0.15,0.15
708378,原相元大5B購01,0,,,,
708379,家登元大5B購04,3600,0.12,0.12,0.12,0.12
708380,家登元大64購01,665120,0.54,0.56,0.54,0.56
708381,陽程元大61購04,0,,,,
708382,群聯元大5B購07,31500,0.21,0.21,0.21,0.21
708383,群聯元大61購05,35400,0.59,0.59,0.59,0.59
708384,凡甲國泰5C購01,9500,0.19,0.19,0.19,0.19
708385,合晶國泰61購01,0,,,,
708386,合晶國泰62購01,0,,,,
708387,均豪國泰62購01,17820,0.81,0.81,0.81,0.81
708388,良維國泰5C購01,0,,,,
708389,家登國泰5C購01,0,,,,
708390,家登國泰5C購02,0,,,,
708391,力領台新5B購01,0,,,,
708392,正淩台新5B購01,0,,,,
708393,合晶台新5B購04,0,,,,
708395,新盛力台新62購01,0,,,,
708396,群聯台新5B購05,148500,0.33,0.33,0.33,0.33
708397,群聯台新5B購06,0,,,,
708398,聖暉*台新5B購02,0,,,,
708399,優群台新5B購01,0,,,,
708400,久元凱基5B購02,0,,,,
708401,中美晶凱基61購03,104780,2.18,2.42,2.18,2.38
708402,世禾凱基5B購01,0,,,,
708403,世界凱基5C購03,28560,0.56,0.56,0.56,0.56
708404,尼克森凱基5B購01,35900,0.6,0.6,0.59,0.59
708405,亞信凱基5B購01,0,,,,
708406,欣銓凱基5B購01,0,,,,
708407,信立凱基5B購02,0,,,,
708408,威剛凱基5C購01,1750,0.05,0.05,0.05,0.05
708409,智通*凱基5B購01,0,,,,
708410,群聯凱基64購03,10690,0.32,0.33,0.32,0.33
708411,優群凱基5B購01,0,,,,
708412,環球晶兆豐61購02,0,,,,
708413,FH中5G元大5B購01,13520,0.4,0.41,0.4,0.41
708414,FH中5G元大5C購01,0,,,,
708415,世界元大64購03,225540,0.83,0.89,0.82,0.82
708416,世界元大65購01,36000,0.72,0.72,0.72,0.72
708417,合晶元大5B購01,0,,,,
708418,順達元大64購04,391070,2.12,2.2,2.11,2.11
708419,新盛力元大64購01,62560,2.92,2.92,2.74,2.74
708420,萬泰科元大5B購02,0,,,,
708421,鈺太元大5B購02,0,,,,
708422,鈺太元大65購01,2890,0.18,0.19,0.18,0.19
708423,精材元大5B購11,53500,10.7,10.7,10.7,10.7
708424,環球晶元大5B購05,7720,1.93,1.93,1.93,1.93
708425,世界國票5C購03,0,,,,
708426,台半國票5C購01,0,,,,
708427,朋億*國票5C購01,105700,0.71,0.72,0.7,0.72
708428,群聯國票61購02,0,,,,
708429,雷科國票5B購01,32750,6.55,6.55,6.55,6.55
708430,久元富邦61購03,0,,,,
708431,久元富邦62購01,0,,,,
708432,合晶富邦62購01,0,,,,
708433,家登富邦61購02,814280,0.49,0.51,0.48,0.49
708434,家登富邦62購01,321610,0.46,0.46,0.45,0.46
708435,鈊象富邦61購02,31540,0.83,0.83,0.83,0.83
708436,新盛力富邦61購03,0,,,,
708437,群聯富邦62購03,0,,,,
708438,環球晶富邦5C購03,1760,1.76,1.76,1.76,1.76
708439,世界群益5B購07,0,,,,
708440,立碁群益5C購01,0,,,,
708441,合晶群益5B購02,0,,,,
708442,艾訊群益5B購02,0,,,,
708443,家登群益61購02,0,,,,
708444,新盛力群益5B購01,0,,,,
708445,群聯群益5B購04,640,0.04,0.04,0.04,0.04
708446,環球晶群益5C購02,356510,4.35,4.35,4.03,4.26
708447,久元凱基63購01,0,,,,
708448,世界凱基65購01,1120,0.56,0.56,0.56,0.56
708449,台半凱基5C購01,87500,1.75,1.75,1.75,1.75
708450,合晶凱基5B購02,0,,,,
708451,合晶凱基61購01,205900,5.9,6.1,5.9,6.1
708452,欣銓凱基64購01,930,0.45,0.48,0.45,0.48
708453,金山電凱基5B購02,421880,0.94,1.35,0.94,1.29
708454,威剛凱基5B購06,0,,,,
708455,胡連凱基5B購01,0,,,,
708456,家登凱基5B購04,0,,,,
708457,新盛力凱基5B購02,0,,,,
708458,群聯凱基5B購03,0,,,,
708459,鈺太凱基5B購02,0,,,,
708460,營邦凱基5B購01,8930,0.44,0.44,0.16,0.19
708461,營邦凱基5B購02,7400,0.37,0.37,0.37,0.37
708462,營邦凱基5B購03,54260,0.43,0.45,0.41,0.44
708463,環球晶凱基5B購04,268110,1.28,1.54,1.26,1.49
708464,環球晶凱基5B購05,67260,1.64,1.88,1.64,1.76
708465,久元台新5B購01,0,,,,
708466,久元台新5B購02,0,,,,
708467,世界台新5B購02,60700,0.3,0.3,0.29,0.29
708468,華景電台新5B購02,1200,0.12,0.12,0.12,0.12
708469,華景電台新5B購03,0,,,,
708470,環球晶台新5B購01,245550,6.05,6.05,5.8,5.8
708471,環球晶台新5B購02,1387480,2.99,3.74,2.99,3.42
708472,環球晶台新62購01,78250,1.71,1.84,1.71,1.84
708473,環球晶台新62購02,1165940,1.35,1.77,1.33,1.43
708474,久元元大5B購02,0,,,,
708475,久元元大5B購03,0,,,,
708477,久元元大5B購05,0,,,,
708478,久元元大5B購06,0,,,,
708479,世禾元大5B購01,0,,,,
708480,世界元大64購04,191070,1.24,1.31,1.24,1.29
708482,合晶元大5B購03,0,,,,
708484,合晶元大5B購05,36000,6.0,6.0,6.0,6.0
708485,合晶元大64購01,0,,,,
708486,合晶元大65購01,104030,4.67,4.77,4.2,4.2
708487,金山電元大5B購02,0,,,,
708489,金山電元大5B購04,0,,,,
708490,群聯元大5B購08,0,,,,
708491,群聯元大5B購09,21320,0.04,0.04,0.04,0.04
708492,營邦元大5B購01,147740,0.6,0.6,0.56,0.58
708493,營邦元大5B購02,191690,0.4,0.4,0.37,0.37
708494,環球晶元大5B購06,0,,,,
708495,環球晶元大5B購07,44450,2.9,3.09,2.9,3.09
708496,環球晶元大5B購08,0,,,,
708497,環球晶元大5B購09,0,,,,
708498,環球晶元大61購02,0,,,,
708499,環球晶元大64購01,290260,2.32,2.32,2.3,2.3
708500,譜瑞元大61購02,0,,,,
708501,威剛兆豐65購01,89640,1.11,1.11,1.1,1.1
708502,金山電國泰61購01,577380,2.95,3.56,2.95,3.42
708503,群聯國泰62購01,222200,0.56,0.56,0.54,0.54
708504,群聯國泰63購01,444110,0.89,0.89,0.89,0.89
708505,群聯國泰63購02,104400,0.63,0.63,0.61,0.61
708506,雷科國泰5C購02,0,,,,
708507,環球晶國泰61購01,24100,4.82,4.82,4.82,4.82
708508,環球晶國泰61購02,16050,5.4,5.4,5.25,5.25
708509,久元國票5B購02,0,,,,
708510,久元國票5C購03,0,,,,
708511,久元國票5C購04,0,,,,
708512,合晶國票5B購01,0,,,,
708513,合晶國票5C購01,26700,5.2,5.4,5.2,5.4
708514,金山電國票5C購02,562150,1.16,1.5,1.16,1.33
708515,環球晶國票5B購01,57360,2.39,2.39,2.39,2.39
708516,環球晶國票5C購01,464560,2.63,2.68,2.39,2.39
708517,世界富邦5B購02,1430,0.11,0.11,0.11,0.11
708518,精材富邦5B購01,0,,,,
708519,營邦富邦61購01,240740,0.51,0.51,0.48,0.5
708520,環球晶富邦5B購02,210170,1.13,1.31,1.13,1.28
708521,環球晶富邦61購01,1674450,1.17,1.3,1.17,1.25
708522,中美晶群益5C購02,92660,1.94,2.36,1.94,2.28
708523,世界群益5B購08,6700,0.14,0.14,0.13,0.13
708524,朋程群益5B購01,0,,,,
708525,金山電群益5B購01,14630,2.09,2.09,2.09,2.09
708526,新盛力群益5B購02,0,,,,
708527,精材群益5B購02,0,,,,
708528,臺慶科群益5B購01,0,,,,
708529,德微群益5B購01,311440,2.39,2.77,2.39,2.74
708530,營邦群益5B購01,0,,,,
708531,營邦群益5B購02,0,,,,
708532,環球晶群益5B購04,1114160,1.7,2.0,1.7,1.85
708533,譜瑞群益5C購02,570,0.19,0.19,0.19,0.19
708534,中美晶凱基5B購02,0,,,,
708535,世禾凱基5B購02,0,,,,
708536,立碁凱基5C購01,7600,1.85,2.01,1.85,2.01
708537,朋程凱基5B購01,0,,,,
708538,倚強凱基5B購01,55450,5.95,5.95,5.5,5.5
708539,原相凱基5B購03,0,,,,
708540,精材凱基5B購04,0,,,,
708541,臺慶科凱基5B購01,127000,0.4,0.4,0.36,0.36
708542,譜瑞凱基61購01,61600,0.16,0.16,0.16,0.16
708543,群聯永豐65購03,93360,0.38,0.38,0.37,0.38
708544,精材永豐63購01,0,,,,
708545,世界兆豐61購01,0,,,,
708546,譜瑞兆豐65購01,0,,,,
708547,群聯群益67購01,31740,0.51,0.51,0.48,0.48
708548,精材群益5B購03,0,,,,
708549,廣穎群益61購01,0,,,,
708550,世界元大63購03,336510,1.56,1.6,1.53,1.53
708551,新盛力元大61購02,243530,3.57,3.57,3.45,3.45
708552,群聯元大5C購01,12300,0.41,0.41,0.41,0.41
708553,譜瑞元大5B購01,0,,,,
708554,譜瑞元大5B購02,0,,,,
708555,中美晶國泰61購01,251490,3.75,4.24,3.75,4.24
708556,台半國泰5C購01,309980,2.96,3.58,2.96,3.58
708557,欣銓國泰5C購02,2033970,1.09,1.19,1.09,1.16
708558,立碁富邦5B購01,326370,1.05,1.15,0.93,0.97
708559,欣銓富邦5B購02,10500,0.21,0.21,0.21,0.21
708560,威剛富邦5B購01,0,,,,
708561,順達富邦5C購02,129170,0.55,0.55,0.53,0.54
708562,群聯富邦62購04,12940,0.25,0.25,0.24,0.24
708563,中美晶國票5C購01,53520,1.31,1.44,1.31,1.4
708564,台特化國票5C購01,0,,,,
708565,尼克森國票5B購01,0,,,,
708566,立敦國票5B購01,0,,,,
708567,美琪瑪國票5C購02,20120,0.34,0.34,0.32,0.32
708568,宸曜國票5B購01,82300,0.36,0.37,0.34,0.34
708569,新盛力國票5C購01,0,,,,
708570,新漢國票5B購01,0,,,,
708571,群聯國票5C購01,3750,0.15,0.15,0.15,0.15
708572,世界凱基5B購03,4320,0.7,0.74,0.7,0.74
708573,家登凱基5B購05,0,,,,
708574,創惟凱基5B購01,0,,,,
708575,華宏凱基5B購01,0,,,,
708576,閎康凱基5B購02,0,,,,
708577,閎康凱基5B購03,0,,,,
708578,閎康凱基5B購04,120,0.04,0.04,0.04,0.04
708579,群聯凱基5B購04,40500,0.07,0.08,0.07,0.08
708580,群聯凱基5C購01,0,,,,
708581,群聯凱基61購03,36000,0.18,0.18,0.18,0.18
708582,榮剛凱基5B購01,0,,,,
708583,精材凱基5B購05,51500,5.15,5.15,5.15,5.15
708584,廣穎凱基5B購02,0,,,,
708585,譜瑞凱基5B購02,0,,,,
708586,美琪瑪富邦5B購01,0,,,,
708587,閎康富邦62購01,0,,,,
708588,群聯富邦62購05,14950,0.13,0.13,0.13,0.13
708589,宏捷科兆豐65購01,401130,0.52,0.76,0.52,0.71
708590,群聯兆豐65購02,233720,0.56,0.56,0.54,0.54
708591,精材兆豐61購01,59040,3.97,4.0,3.9,3.99
708592,元太元大5B購02,0,,,,
708593,世禾元大5B購02,0,,,,
708594,欣銓元大5B購02,132950,0.92,0.95,0.92,0.93
708595,順達元大5B購03,18000,0.18,0.18,0.18,0.18
708596,新盛力元大61購03,128150,2.01,2.01,2.0,2.0
708597,群聯元大5B購10,0,,,,
708598,群聯元大5B購11,22880,0.04,0.04,0.04,0.04
708599,群聯元大5B購12,500,0.1,0.1,0.1,0.1
708600,群聯元大5B購13,0,,,,
708601,群聯元大5B購14,0,,,,
708602,群聯元大5C購02,980,0.14,0.14,0.14,0.14
708603,群聯元大61購06,0,,,,
708604,群聯元大63購03,21630,0.21,0.21,0.21,0.21
708605,精材元大61購07,0,,,,
708606,譜瑞元大5B購03,0,,,,
708607,中美晶永豐65購01,437520,1.18,1.35,1.18,1.31
708608,台半永豐63購01,278320,1.2,1.33,1.19,1.32
708609,茂達永豐61購01,0,,,,
708610,新盛力永豐63購01,776720,1.24,1.25,1.18,1.19
708611,群聯永豐5C購03,1800,0.09,0.09,0.09,0.09
708612,群聯永豐5C購04,0,,,,
708613,精材永豐64購01,0,,,,
708614,德微永豐63購01,211130,1.74,1.9,1.74,1.86
708615,元太群益5B購03,0,,,,
708616,方土昶群益5B購02,0,,,,
708617,台半群益5B購01,4560,0.91,0.92,0.91,0.92
708618,家登群益5B購03,0,,,,
708619,閎康群益61購01,9000,0.09,0.09,0.09,0.09
708620,陽程群益5B購02,0,,,,
708621,順達群益5B購03,0,,,,
708622,新盛力群益5B購03,0,,,,
708623,群聯群益5B購05,0,,,,
708624,群聯群益61購04,0,,,,
708625,榮剛群益5B購01,0,,,,
708626,精材群益5B購04,5580000,15.0,15.0,15.0,15.0
708627,廣穎群益5B購02,18000,0.6,0.6,0.6,0.6
708628,譜瑞群益5B購02,0,,,,
708629,元太凱基5B購04,0,,,,
708630,元太凱基5B購05,0,,,,
708631,閎康凱基61購02,0,,,,
708632,順達凱基5B購03,0,,,,
708633,新盛力凱基61購01,1840,0.92,0.92,0.92,0.92
708634,譜瑞凱基5B購03,0,,,,
708635,譜瑞凱基5B購04,0,,,,
708636,中美晶元大63購02,196430,2.52,2.82,2.51,2.82
708637,沛亨元大5B購02,100,0.05,0.05,0.05,0.05
708638,威剛元大5B購08,0,,,,
708639,閎康元大5B購01,0,,,,
708640,順達元大5B購04,113620,0.44,0.5,0.44,0.49
708642,優群元大5B購01,0,,,,
708643,譜瑞元大5B購04,0,,,,
708644,譜瑞元大5B購05,0,,,,
708645,譜瑞元大5B購06,0,,,,
708646,譜瑞元大5B購07,0,,,,
708647,台特化永豐61購01,0,,,,
708648,沛亨永豐5C購01,27200,0.17,0.17,0.17,0.17
708649,金益鼎永豐5C購01,240,0.12,0.12,0.12,0.12
708650,廣穎永豐61購01,6600,0.44,0.44,0.44,0.44
708651,中美晶富邦5B購01,69320,1.09,1.29,1.09,1.29
708652,元太富邦62購01,0,,,,
708653,元太富邦62購02,0,,,,
708654,系統電富邦5B購01,0,,,,
708655,新盛力富邦62購01,1505140,1.0,1.0,0.91,0.92
708656,元太群益5B購04,0,,,,
708657,閎康群益5B購04,0,,,,
708658,廣穎群益61購02,0,,,,
708659,元太群益5B購05,0,,,,
708660,臺慶科群益5B購02,0,,,,
708661,元太元大5B購03,0,,,,
708662,元太元大5B購04,0,,,,
708664,元太元大5B購06,0,,,,
708665,元太元大5B購07,0,,,,
708666,元太元大5B購08,0,,,,
708667,元太元大5B購09,0,,,,
708668,元太元大5B購10,0,,,,
708669,博盛元大5B購01,0,,,,
708670,陽程元大63購02,57330,3.15,3.15,2.96,2.98
708671,新盛力元大5B購03,36890,1.3,1.3,1.27,1.27
708672,元太永豐5C購01,0,,,,
708673,元太永豐61購01,0,,,,
708674,威剛永豐67購01,3300,0.66,0.66,0.66,0.66
708675,智通*永豐61購01,0,,,,
708676,閎康永豐61購01,0,,,,
708677,新漢永豐5C購01,0,,,,
708678,臺慶科永豐5C購01,36160,0.33,0.35,0.33,0.35
708679,凡甲凱基5C購01,0,,,,
708680,中美晶凱基5B購03,0,,,,
708681,元太凱基5B購06,0,,,,
708682,威剛凱基5B購07,15470,0.13,0.13,0.13,0.13
708683,美琪瑪凱基5C購01,0,,,,
708684,陽程凱基5B購01,58320,3.24,3.24,3.24,3.24
708685,新盛力凱基5B購03,0,,,,
708686,新盛力凱基61購02,169050,1.14,1.14,1.05,1.05
708688,凡甲台新5B購01,0,,,,
708689,凡甲台新5B購02,0,,,,
708690,凡甲台新5B購03,0,,,,
708691,中美晶台新5B購03,0,,,,
708692,元太台新5B購01,0,,,,
708693,方土昶台新5B購01,0,,,,
708694,台特化台新5B購03,0,,,,
708695,閎康台新5B購01,0,,,,
708696,閎康台新5B購02,0,,,,
708697,閎康台新5B購03,0,,,,
708698,順達台新5B購03,0,,,,
708699,臺慶科台新5B購02,82710,1.34,1.47,1.34,1.36
708700,凡甲國泰61購02,11600,0.33,0.34,0.33,0.33
708701,元太國泰5C購01,0,,,,
708702,元太國泰5C購02,0,,,,
708703,元太國泰5C購03,0,,,,
708704,台半富邦62購01,1756420,0.72,0.83,0.7,0.81
708705,華景電富邦5B購01,7200,0.09,0.09,0.09,0.09
708706,新盛力富邦61購04,1232350,0.88,0.89,0.82,0.82
708707,德微富邦63購01,607040,1.31,1.43,1.28,1.42
708708,雙鴻富邦61購01,0,,,,
708709,元太國票5C購01,0,,,,
708710,元太國票5C購02,0,,,,
708711,光頡國票5B購01,0,,,,
708712,光頡國票5B購02,23300,11.3,12.0,11.3,12.0
708713,朋程國票5B購01,0,,,,
708714,閎康國票5C購01,0,,,,
708715,新盛力國票5B購02,1492720,0.73,0.73,0.66,0.67
708716,中美晶台新5B購04,180000,8.9,9.1,8.9,9.1
708717,台半台新5B購01,295750,4.55,4.55,4.55,4.55
708718,台半台新5B購02,728880,2.84,3.29,2.84,3.29
708719,台半台新5B購03,0,,,,
708720,光頡凱基5B購01,20550,6.85,6.85,6.85,6.85
708721,陽程凱基61購01,0,,,,
708722,陽程凱基63購02,56570,2.26,2.26,2.11,2.11
708723,勤凱凱基5B購01,218260,0.29,0.32,0.22,0.22
708724,臺慶科凱基5B購02,1680,0.07,0.07,0.07,0.07
708725,擎亞凱基5B購02,0,,,,
708726,擎亞凱基5B購03,8000,0.16,0.16,0.16,0.16
708727,台半元大63購02,124460,2.71,2.83,2.68,2.82
708728,威剛元大5B購09,0,,,,
708729,博盛元大5B購02,0,,,,
708730,閎康元大5B購02,0,,,,
708731,陽程元大5B購01,0,,,,
708732,陽程元大5B購02,0,,,,
708733,陽程元大65購02,1326320,1.42,1.46,1.36,1.38
708734,勤凱元大5B購01,0,,,,
708735,勤凱元大5B購02,120000,0.8,0.8,0.8,0.8
708736,勤凱元大5B購03,292520,0.45,0.49,0.45,0.47
708737,群翊元大5B購02,0,,,,
708738,德微元大5B購01,0,,,,
708739,德微元大5B購02,11760,1.28,1.34,1.28,1.34
708740,擎亞元大5B購03,0,,,,
708741,擎亞元大5B購04,0,,,,
708742,尼克森永豐5C購01,0,,,,
708743,光頡永豐61購01,140170,4.88,4.88,4.73,4.73
708744,翔名永豐5C購01,0,,,,
708745,陽程永豐5B購02,151200,1.35,1.35,1.35,1.35
708746,精材永豐61購02,0,,,,
708747,臺慶科永豐65購01,0,,,,
708748,擎亞永豐5C購01,46200,0.22,0.22,0.22,0.22
708749,擎亞永豐61購01,0,,,,
708750,雙鴻永豐65購01,56420,2.17,2.17,2.17,2.17
708751,精材富邦5B購02,20500,4.1,4.1,4.1,4.1
708752,博盛國泰5C購01,7100,0.71,0.71,0.71,0.71
708753,擎亞國泰61購01,6300,0.63,0.63,0.63,0.63
708754,凡甲群益5B購02,0,,,,
708755,中美晶群益5B購03,206360,3.18,3.45,3.18,3.31
708756,正淩群益5B購01,0,,,,
708757,威剛群益61購02,830,0.83,0.83,0.83,0.83
708758,陽程群益5B購03,0,,,,
708759,聖暉*群益5B購02,0,,,,
708760,精材群益5B購06,0,,,,
708761,擎亞群益5B購02,0,,,,
708762,大中國票5B購01,0,,,,
708763,世界國票5C購04,235800,0.45,0.45,0.45,0.45
708764,立端國票5C購01,0,,,,
708766,沛亨國票5C購01,0,,,,
708767,威剛國票5C購03,0,,,,
708768,原相國票5B購02,0,,,,
708769,家碩國票5C購01,8250,0.25,0.25,0.25,0.25
708770,博盛國票5B購02,0,,,,
708771,博盛國票5C購01,0,,,,
708772,博盛國票5C購02,0,,,,
708773,陽程國票5B購01,0,,,,
708774,新鉅科國票5C購01,176790,0.47,0.47,0.41,0.44
708775,聖暉*國票5C購01,64890,0.29,0.37,0.29,0.36
708776,榮剛國票5C購01,0,,,,
708777,精材國票5C購02,0,,,,
708778,臺慶科國票5C購02,520,0.26,0.26,0.26,0.26
708779,廣閎科國票5C購01,214580,0.95,0.97,0.93,0.93
708780,擎亞國票5B購01,0,,,,
708781,FH中5G凱基5B購01,0,,,,
708782,世界凱基64購01,1000,1.0,1.0,1.0,1.0
708783,正淩凱基5B購02,0,,,,
708784,光頡凱基5B購02,68400,6.15,6.15,5.55,5.55
708785,均豪凱基5B購02,0,,,,
708786,沛亨凱基5B購02,0,,,,
708787,群翊凱基5B購01,0,,,,
708788,聖暉*凱基5B購04,13600,0.08,0.08,0.08,0.08
708789,精材凱基5B購06,27800,2.78,2.78,2.78,2.78
708790,精材凱基5B購07,0,,,,
708791,精材凱基5C購02,0,,,,
708792,精材凱基61購04,0,,,,
708793,德微凱基5B購01,18900,1.89,1.89,1.89,1.89
708794,世界中信5B購02,1900,0.19,0.19,0.19,0.19
708795,正淩永豐61購01,0,,,,
708796,茂綸永豐61購01,400660,0.74,0.74,0.7,0.7
708797,神準永豐5C購01,218780,0.41,0.42,0.39,0.42
708798,精材永豐65購01,109720,2.28,2.35,2.28,2.35
708799,台半元大5B購01,12250,2.45,2.45,2.45,2.45
708800,光頡元大5B購01,0,,,,
708801,光頡元大5B購03,0,,,,
708802,聖暉*元大5B購03,402690,0.4,0.47,0.39,0.47
708803,聖暉*元大5B購04,2500,0.23,0.27,0.23,0.27
708804,雷科元大5B購01,15600,5.6,5.6,5.0,5.0
708805,精材元大5B購13,0,,,,
708806,精材元大5B購14,0,,,,
708807,精材元大5B購15,0,,,,
708808,精材元大5B購16,0,,,,
708809,精材元大5B購17,0,,,,
708810,精材元大63購03,14400,2.4,2.4,2.4,2.4
708811,臺慶科元大63購01,250480,0.42,0.46,0.42,0.43
708812,世界台新5B購04,258450,1.2,1.34,1.17,1.17
708813,光頡台新5B購01,0,,,,
708814,欣銓台新5B購03,2067610,0.78,0.87,0.78,0.85
708815,欣銓台新5B購04,52190,0.58,0.69,0.58,0.68
708816,倚強台新5B購01,211960,3.93,3.93,3.15,3.36
708817,聖暉*台新5B購03,0,,,,
708818,榮剛台新5B購01,0,,,,
708819,精材台新5B購04,0,,,,
708820,精材台新5B購05,0,,,,
708821,精材台新5C購01,0,,,,
708822,臺慶科台新5B購03,57520,0.58,0.68,0.58,0.68
708823,臺慶科台新5B購04,10500,0.35,0.35,0.35,0.35
708824,伍豐國票5C購01,0,,,,
708825,光頡國票5B購03,12200,6.1,6.1,6.1,6.1
708826,翔名國票5C購02,116500,0.33,0.35,0.33,0.35
708827,聖暉*兆豐61購01,305510,0.39,0.49,0.39,0.49
708828,立敦群益5B購01,2200,0.22,0.22,0.22,0.22
708829,光頡群益5B購01,0,,,,
708830,金益鼎群益5B購01,0,,,,
708831,茂綸群益5C購01,0,,,,
708832,翔名群益5B購01,0,,,,
708833,精材群益5B購07,0,,,,
708834,千如國泰5C購01,89070,3.98,3.98,3.66,3.66
708835,聖暉*國泰5C購01,0,,,,
708836,精材國泰5C購01,55500,5.55,5.55,5.55,5.55
708837,精材國泰5C購02,0,,,,
708838,臺慶科國泰5C購01,0,,,,
708839,萬泰科富邦63購01,0,,,,
708840,中美晶元大5B購04,0,,,,
708841,台半元大5B購02,4500,1.08,1.17,1.08,1.17
708842,光頡元大5B購04,0,,,,
708843,威剛元大5B購10,188420,0.85,0.87,0.85,0.86
708844,威剛元大5B購11,4200,0.42,0.42,0.42,0.42
708845,翔名元大5B購01,500,0.1,0.1,0.1,0.1
708846,順達元大5B購05,343500,0.83,0.93,0.83,0.86
708847,新盛力元大5B購04,39790,1.73,1.73,1.73,1.73
708848,群翊元大5B購03,0,,,,
708849,擎亞元大5B購05,0,,,,
708850,擎亞元大5B購06,0,,,,
708851,久元凱基5B購03,0,,,,
708852,台半凱基5B購01,85740,0.92,1.03,0.92,1.03
708853,立碁凱基5C購02,30290,2.76,2.76,2.69,2.69
708854,光頡凱基5B購03,36500,3.65,3.65,3.65,3.65
708855,光頡凱基5B購04,0,,,,
708856,茂綸凱基5C購01,28380,0.86,0.86,0.86,0.86
708857,翔名凱基5B購01,0,,,,
708858,德微凱基5B購02,130120,0.97,1.07,0.97,1.07
708859,立敦台新5B購01,36230,1.35,1.35,1.18,1.18
708860,立敦台新5B購02,48000,0.48,0.48,0.48,0.48
708861,沛亨台新5B購01,1920,0.64,0.64,0.64,0.64
708862,沛亨台新5B購02,0,,,,
708863,沛亨台新5B購03,0,,,,
708864,捷創台新5B購01,0,,,,
708865,新盛力台新5B購02,0,,,,
708866,新盛力台新5B購03,0,,,,
708867,新盛力台新5C購01,1052280,2.98,3.0,2.73,2.73
708868,新盛力台新62購02,43200,2.4,2.4,2.4,2.4
708869,中美晶中信5B購01,280260,1.39,1.61,1.38,1.61
708870,光頡中信5B購01,605620,2.14,2.25,2.09,2.18
708871,威剛中信65購01,25200,0.36,0.36,0.36,0.36
708872,台半永豐61購01,0,,,,
708873,光頡永豐64購01,0,,,,
708874,雅特力永豐5B購01,0,,,,
708875,千如國票5C購01,1552820,0.87,1.12,0.87,0.94
708876,台半國票5C購02,50940,1.39,1.44,1.39,1.44
708877,台星科國票5C購02,0,,,,
708878,光頡國票5C購01,54650,4.65,5.0,4.65,5.0
708880,亞通國票5B購01,1900,1.9,1.9,1.9,1.9
708881,金益鼎國票5C購01,0,,,,
708882,能率國票5C購01,0,,,,
708883,晶焱國票5B購01,0,,,,
708884,智通*國票5B購02,0,,,,
708885,翔名國票5C購03,0,,,,
708886,雅特力國票5C購01,0,,,,
708887,萬泰科國票5C購01,33000,0.33,0.33,0.33,0.33
708888,雷科國票5B購02,36090,2.51,2.65,2.51,2.65
708889,德微國票5C購01,802460,1.38,1.68,1.38,1.68
708890,擎亞國票5B購02,850,0.17,0.17,0.17,0.17
708891,久元群益61購02,0,,,,
708892,世界群益62購02,323550,0.76,0.83,0.75,0.76
708893,立碁群益5B購01,39500,3.95,3.95,3.95,3.95
708894,光頡群益5B購02,81920,6.45,6.45,4.84,5.75
708895,均豪群益5B購02,0,,,,
708896,擎亞群益5C購01,39920,0.08,0.08,0.08,0.08
708897,雷科國泰61購01,72200,5.5,5.7,5.5,5.55
708898,寶雅富邦61購01,0,,,,
708899,凡甲統一65購01,0,,,,
708900,久元統一65購01,0,,,,
708901,久元統一65購02,0,,,,
708902,大中統一63購01,1400,0.7,0.7,0.7,0.7
708903,大中統一65購01,129960,0.6,0.63,0.6,0.61
708904,世界統一64購02,635990,0.75,0.78,0.74,0.75
708905,世界統一65購01,62030,0.68,0.69,0.67,0.68
708906,世界統一65購02,150720,0.59,0.59,0.58,0.58
708907,尼克森統一63購01,78730,0.29,0.36,0.29,0.33
708908,立敦統一63購01,0,,,,
708909,立敦統一65購01,550,0.55,0.55,0.55,0.55
708910,立敦統一65購02,0,,,,
708911,立敦統一66購01,68100,0.36,0.36,0.35,0.35
708912,光頡統一63購01,3150,3.15,3.15,3.15,3.15
708913,光頡統一65購01,94000,2.12,2.15,2.1,2.1
708914,光頡統一65購02,23400,1.19,1.19,1.05,1.17
708915,安葆統一75購01,129000,0.87,0.87,0.84,0.84
708916,艾訊統一65購01,294700,0.31,0.31,0.28,0.29
708917,邑錡統一65購01,0,,,,
708918,亞通統一65購01,17610,0.97,0.98,0.97,0.98
708919,欣銓統一63購01,1352410,0.67,0.73,0.67,0.71
708920,欣銓統一65購02,39850,0.59,0.62,0.59,0.62
708921,欣銓統一67購01,48420,1.13,1.2,1.13,1.2
708922,欣銓統一69購01,42930,0.87,0.88,0.87,0.88
708923,威剛統一64購02,29460,0.32,0.34,0.31,0.31
708924,威剛統一65購01,3700,0.37,0.37,0.37,0.37
708925,威剛統一65購02,26000,0.52,0.52,0.52,0.52
708926,威剛統一65購03,0,,,,
708927,威剛統一69購01,12380,0.37,0.37,0.36,0.36
708928,茂達統一64購01,0,,,,
708929,茂綸統一63購01,0,,,,
708930,翔名統一63購01,24910,0.33,0.35,0.33,0.35
708931,翔名統一65購01,0,,,,
708932,閎康統一65購01,0,,,,
708933,閎康統一65購02,0,,,,
708934,順達統一65購02,54060,0.53,0.53,0.53,0.53
708935,新盛力統一69購01,745040,0.77,0.77,0.74,0.74
708936,聖暉*統一63購02,1667930,0.39,0.48,0.38,0.47
708937,臺慶科統一63購01,224940,0.63,0.68,0.63,0.67
708938,臺慶科統一65購01,0,,,,
708939,擎亞統一67購01,4030,0.31,0.31,0.31,0.31
708940,中美晶凱基5B購04,31300,3.13,3.13,3.13,3.13
708941,世界凱基63購01,284940,0.95,1.01,0.93,0.93
708942,台半凱基61購01,1063850,0.97,1.14,0.93,1.08
708943,台星科凱基5C購01,2400,1.12,1.28,1.12,1.28
708944,均豪凱基5B購03,0,,,,
708945,威剛凱基5B購08,290,0.29,0.29,0.29,0.29
708946,德微凱基5C購01,295620,0.84,1.0,0.79,1.0
708947,擎亞凱基5B購04,0,,,,
708948,順達台新61購01,96990,1.83,1.83,1.83,1.83
708949,鈊象台新5B購04,0,,,,
708950,優群台新5B購02,0,,,,
708951,中美晶元大5B購05,0,,,,
708952,台半元大5B購03,0,,,,
708953,均豪元大5B購03,0,,,,
708954,威剛元大5B購12,1380,0.46,0.46,0.46,0.46
708955,威剛元大5B購13,0,,,,
708956,順達元大5B購06,89900,1.45,1.45,1.45,1.45
708957,新盛力元大5B購05,53550,1.19,1.19,1.19,1.19
708958,雷科元大5B購02,52450,3.09,3.34,3.09,3.26
708959,雷科元大5B購03,0,,,,
708960,雷科元大5B購04,0,,,,
708961,擎亞元大5B購07,0,,,,
708962,點序元大5B購01,0,,,,
708963,台半永豐5C購02,1009350,0.7,0.84,0.69,0.84
708964,凌陽創永豐61購01,0,,,,
708965,萬泰科永豐61購01,0,,,,
708966,久元群益5B購01,0,,,,
708967,均豪群益5B購03,0,,,,
708968,佳邦群益5B購01,0,,,,
708969,朋程群益5B購02,0,,,,
708970,欣銓群益5B購03,0,,,,
708971,鈊象群益5B購03,24600,0.4,0.4,0.37,0.37
708972,鈺太群益5B購01,0,,,,
708973,德微群益5B購03,153740,0.92,1.1,0.92,1.1
708974,雙鴻群益5B購08,0,,,,
708975,久元統一65購03,0,,,,
708976,久元統一65購04,0,,,,
708977,台半統一63購01,315460,1.06,1.1,1.06,1.1
708978,台半統一65購01,181230,0.56,0.57,0.56,0.57
708979,台半統一69購01,267810,0.57,0.61,0.57,0.61
708980,台星科統一65購01,18690,0.89,0.89,0.89,0.89
708981,立敦統一65購03,0,,,,
708982,沛亨統一69購01,24500,0.49,0.49,0.49,0.49
708983,良維統一5B購01,0,,,,
708984,欣銓統一65購03,6300,0.63,0.63,0.63,0.63
708985,金益鼎統一65購02,0,,,,
708986,威剛統一5B購02,0,,,,
708987,威剛統一65購04,45080,0.49,0.49,0.49,0.49
708988,茂達統一65購01,14570,0.47,0.47,0.47,0.47
708989,茂綸統一65購01,0,,,,
708990,閎康統一63購02,0,,,,
708991,聖暉*統一65購02,539500,0.57,0.63,0.57,0.63
708992,德微統一63購02,317590,0.68,0.81,0.68,0.8
708993,德微統一75購01,0,,,,
708994,擎亞統一63購01,0,,,,
708995,擎亞統一65購01,0,,,,
708996,擎亞統一66購01,0,,,,
708997,鑫科統一69購01,0,,,,
708998,台半國票5C購03,840,0.84,0.84,0.84,0.84
708999,安葆國票5C購02,1480,1.48,1.48,1.48,1.48
709000,欣銓國票5C購02,0,,,,
709001,泓格國票5B購01,0,,,,
709002,泓格國票5C購01,2200,0.22,0.22,0.22,0.22
709003,雷科國票5B購04,0,,,,
709004,漢達國票5C購01,0,,,,
709005,德微國票5C購02,227760,0.95,1.19,0.95,1.18
709006,大中台新5B購01,0,,,,
709007,元債20台新5B購01,0,,,,
709008,立敦台新5B購03,0,,,,
709009,佳邦台新5B購01,0,,,,
709010,博大台新5B購01,85860,0.48,0.48,0.46,0.47
709011,立敦凱基5B購01,1360,0.14,0.14,0.11,0.11
709012,安葆凱基5C購02,30140,2.26,2.26,2.12,2.13
709013,佳邦凱基5C購01,0,,,,
709014,朋程凱基5B購02,0,,,,
709015,威剛凱基5C購02,0,,,,
709016,茂達凱基5B購01,24000,0.24,0.24,0.24,0.24
709017,鈊象凱基5B購02,0,,,,
709018,鈺太凱基5B購03,0,,,,
709019,臺慶科凱基63購01,319200,0.5,0.5,0.45,0.45
709020,德微凱基5B購03,32000,0.32,0.32,0.32,0.32
709021,擎亞凱基5B購05,0,,,,
709022,雙鴻凱基61購03,0,,,,
709023,中美晶群益5B購04,0,,,,
709024,世界群益61購01,63860,0.82,0.89,0.82,0.86
709025,台半群益5B購02,3900,1.29,1.32,1.29,1.32
709026,台半群益5B購03,0,,,,
709027,均豪群益5B購04,0,,,,
709028,威剛群益5B購03,12340,0.32,0.33,0.32,0.33
709029,茂達群益5B購01,0,,,,
709030,智通*群益5B購01,6200,0.31,0.31,0.31,0.31
709031,華宏群益5B購01,0,,,,
709032,新盛力群益61購01,1941800,2.52,2.54,2.33,2.34
709033,擎亞群益65購01,0,,,,
709034,台半元大5B購04,0,,,,
709035,正淩元大5B購02,0,,,,
709036,金益鼎元大5B購01,0,,,,
709037,威剛元大5B購14,46940,2.45,2.48,2.45,2.47
709038,原相元大5B購02,0,,,,
709039,順達元大5B購07,140750,7.4,7.45,7.3,7.45
709040,雷科元大5B購05,22000,4.4,4.4,4.4,4.4
709041,德微元大5B購03,373710,0.72,0.82,0.72,0.82
709042,擎亞元大5B購08,0,,,,
709043,寶雅元大5B購01,0,,,,
709044,威剛國泰5C購01,29760,0.93,0.93,0.93,0.93
709045,威剛國泰5C購02,0,,,,
709046,威剛國泰5C購03,60750,0.9,0.9,0.57,0.57
709047,擎亞國泰62購01,33630,0.7,0.74,0.69,0.74
709048,久元富邦61購04,0,,,,
709049,台半富邦62購02,1145630,0.79,0.87,0.79,0.85
709050,閎康富邦61購01,0,,,,
709051,新盛力富邦61購05,0,,,,
709052,擎亞富邦5C購01,0,,,,
709053,久元統一65購05,0,,,,
709054,正淩統一65購02,0,,,,
709055,正淩統一69購01,41400,0.45,0.45,0.45,0.45
709056,立敦統一65購04,219560,0.44,0.44,0.44,0.44
709057,沛亨統一65購01,0,,,,
709058,朋程統一63購01,1140,0.38,0.38,0.38,0.38
709059,欣銓統一5B購01,0,,,,
709060,欣銓統一65購04,171180,0.63,0.67,0.63,0.67
709061,茂達統一65購02,20500,0.41,0.41,0.41,0.41
709062,凌陽創統一63購01,0,,,,
709063,閎康統一65購03,0,,,,
709064,新漢統一61購01,0,,,,
709065,德微統一5B購01,35400,0.33,0.35,0.33,0.35
709066,德微統一65購01,144550,0.55,0.6,0.52,0.58
709067,德微統一65購02,25400,0.63,0.64,0.63,0.64
709068,擎亞統一63購02,0,,,,
709069,擎亞統一65購02,0,,,,
709070,鑫科統一64購01,0,,,,
709071,立敦永豐61購01,0,,,,
709072,佳邦永豐63購01,0,,,,
709073,威剛永豐5B購02,0,,,,
709074,威剛永豐61購02,0,,,,
709075,原相永豐5C購01,0,,,,
709076,德微永豐5C購01,123030,0.83,0.84,0.82,0.84
709077,擎亞永豐64購01,0,,,,
709078,元債20國票5B購02,26320,0.28,0.28,0.28,0.28
709079,台半國票61購01,144760,0.76,0.83,0.75,0.8
709080,佳邦國票5C購02,0,,,,
709081,茂達國票5C購01,0,,,,
709082,博大國票5C購01,31980,0.32,0.32,0.31,0.31
709083,晶宏國票5C購02,446560,0.81,0.85,0.81,0.85
709086,德微國票5C購03,0,,,,
709087,點序國票5B購01,9500,0.13,0.14,0.13,0.14
709088,點序國票5C購01,900,0.09,0.09,0.09,0.09
709089,世紀*元大5B購01,113590,4.09,4.09,3.65,3.65
709090,台特化元大5B購02,0,,,,
709091,博智元大5B購02,960,0.12,0.12,0.12,0.12
709092,智通*元大5B購01,3400,0.34,0.34,0.34,0.34
709093,鈊象元大5B購02,0,,,,
709094,群聯元大5B購15,52380,1.55,1.57,1.5,1.5
709095,群聯元大5B購16,0,,,,
709096,廣穎元大5B購01,0,,,,
709097,雙鴻元大5B購03,17800,17.8,17.8,17.8,17.8
709098,尼克森國票5B購02,0,,,,
709099,朋程國票5B購02,460,0.46,0.46,0.46,0.46
709100,晶宏國票5C購03,570,0.57,0.57,0.57,0.57
709101,華容國票5C購02,0,,,,
709102,群聯國票61購03,0,,,,
709103,雷科國票5C購01,131520,2.28,2.28,2.12,2.15
709104,臺慶科國票5C購03,0,,,,
709105,廣穎國票5C購02,0,,,,
709107,擎亞國票5C購01,155200,0.15,0.15,0.14,0.15
709108,鑫聯國票5C購02,0,,,,
709109,中美晶凱基63購01,45130,2.03,2.18,2.03,2.13
709110,均豪凱基5C購01,0,,,,
709111,凌陽創凱基5B購01,0,,,,
709112,博智凱基5B購01,0,,,,
709113,博智凱基5B購02,0,,,,
709114,博智凱基5B購03,0,,,,
709115,群聯凱基5B購05,0,,,,
709116,群聯凱基5B購06,3000,0.15,0.15,0.15,0.15
709117,群聯凱基5B購07,0,,,,
709118,雙鴻凱基5B購02,172900,1.99,2.15,1.99,2.15
709119,中光電台新5B購01,0,,,,
709120,中美晶台新61購01,0,,,,
709121,原相台新5B購01,0,,,,
709122,博盛台新5B購01,0,,,,
709123,博智台新5B購01,0,,,,
709124,博智台新5B購02,0,,,,
709125,博智台新5B購03,0,,,,
709126,順達台新5B購04,0,,,,
709127,群聯台新5B購09,0,,,,
709128,群聯台新5B購10,9300,0.31,0.31,0.31,0.31
709129,群聯台新5B購11,0,,,,
709130,雷科台新5B購01,0,,,,
709131,雷科台新5B購02,509660,2.85,2.93,2.8,2.8
709132,廣穎台新5B購01,0,,,,
709133,聯合台新5B購01,0,,,,
709134,鑫科台新5B購01,0,,,,
709135,台特化富邦5C購02,0,,,,
709136,博智富邦61購02,6000,0.2,0.2,0.2,0.2
709137,群聯富邦61購03,0,,,,
709138,群聯富邦61購04,0,,,,
709139,安勤永豐5C購01,0,,,,
709140,朋程永豐5C購01,0,,,,
709141,博智永豐5C購02,0,,,,
709142,群聯永豐5C購05,0,,,,
709143,群聯永豐63購01,0,,,,
709144,群聯永豐64購03,0,,,,
709145,群聯永豐65購04,0,,,,
709146,漢科永豐5C購01,0,,,,
709147,中美晶統一66購01,1533780,0.91,1.0,0.91,0.97
709148,正淩統一65購03,0,,,,
709149,沛亨統一63購01,0,,,,
709150,沛亨統一64購01,0,,,,
709151,沛亨統一65購02,0,,,,
709152,佳邦統一63購01,65900,0.39,0.39,0.37,0.37
709153,佳邦統一65購01,15000,0.25,0.25,0.25,0.25
709154,朋程統一65購01,94900,0.41,0.42,0.4,0.42
709155,欣銓統一63購02,90100,0.53,0.53,0.53,0.53
709156,茂達統一65購03,35000,0.35,0.35,0.35,0.35
709157,茂達統一69購01,510,0.51,0.51,0.51,0.51
709158,茂綸統一65購02,72000,0.72,0.72,0.72,0.72
709159,茂綸統一65購03,6300,0.63,0.63,0.63,0.63
709160,神準統一66購01,67550,0.62,0.62,0.59,0.59
709161,博智統一63購02,7800,0.22,0.23,0.22,0.23
709162,博智統一65購01,0,,,,
709163,閎康統一65購04,0,,,,
709164,萬泰科統一75購01,0,,,,
709165,群聯統一5B購02,0,,,,
709166,群聯統一63購01,30000,0.3,0.3,0.3,0.3
709167,群聯統一63購02,0,,,,
709168,群聯統一65購01,0,,,,
709169,群聯統一65購02,0,,,,
709170,群聯統一69購01,0,,,,
709171,群聯統一69購02,5200,0.52,0.52,0.52,0.52
709172,群聯統一6B購01,0,,,,
709173,群聯統一75購01,0,,,,
709174,聖暉*統一65購03,355020,0.56,0.63,0.56,0.63
709175,鈺太統一69購01,0,,,,
709176,臺慶科統一65購02,0,,,,
709177,臺慶科統一65購03,148470,0.56,0.57,0.56,0.57
709178,臺慶科統一69購01,0,,,,
709179,廣穎統一65購01,234000,0.6,0.6,0.6,0.6
709180,廣穎統一69購01,68310,0.69,0.69,0.69,0.69
709181,擎亞統一65購03,370,0.37,0.37,0.37,0.37
709182,擎亞統一65購04,50000,0.25,0.25,0.25,0.25
709183,鑫科統一69購02,0,,,,
709184,鑫聯統一69購01,0,,,,
709185,群聯中信63購01,0,,,,
709186,倚強群益5B購01,86400,3.22,3.22,2.64,2.78
709187,原相群益5B購01,0,,,,
709188,博智群益5B購02,0,,,,
709189,博智群益5B購03,0,,,,
709190,華容群益5B購01,22000,4.4,4.4,4.4,4.4
709191,新盛力群益61購02,823790,2.02,2.02,1.89,1.89
709192,群聯群益5B購07,45900,0.48,0.49,0.47,0.49
709193,臺慶科群益5B購03,0,,,,
709194,優群群益5B購01,0,,,,
709195,擎亞群益62購01,0,,,,
709196,寶雅群益5B購01,1270,1.27,1.27,1.27,1.27
709197,鑫科群益5B購02,0,,,,
709198,久元永豐5B購01,0,,,,
709199,威聯通永豐61購01,0,,,,
709200,富喬永豐61購02,151470,1.15,1.3,1.1,1.18
709201,富喬永豐66購01,136720,1.38,1.48,1.36,1.48
709202,富喬永豐68購01,954030,1.27,1.47,1.27,1.37
709203,順達永豐64購01,91090,0.91,0.91,0.83,0.83
709204,順達永豐67購01,24250,0.97,0.97,0.97,0.97
709205,鈊象永豐63購01,0,,,,
709206,新盛力永豐5C購02,449490,0.73,0.73,0.66,0.66
709207,擎亞永豐63購01,1050,0.21,0.21,0.21,0.21
709208,沛亨凱基5B購03,2000,0.1,0.1,0.1,0.1
709209,佳邦凱基5B購01,0,,,,
709210,富喬凱基5B購02,203810,0.81,0.98,0.79,0.98
709211,富喬凱基61購02,29700,1.65,1.65,1.65,1.65
709212,富喬凱基61購03,490410,1.23,1.38,1.16,1.27
709213,勤凱凱基5B購02,0,,,,
709214,勤凱凱基5B購03,0,,,,
709215,勤凱凱基5B購04,13560,0.64,0.66,0.64,0.66
709216,群聯凱基61購04,0,,,,
709217,臺慶科凱基5B購03,0,,,,
709218,擎亞凱基61購01,0,,,,
709219,中光電台新5B購02,0,,,,
709220,台星科台新5B購01,0,,,,
709221,台星科台新5B購02,0,,,,
709222,立碁台新62購01,147020,2.38,2.38,2.13,2.13
709223,沛亨台新5B購04,0,,,,
709224,佳邦台新5B購02,4450,0.3,0.31,0.28,0.28
709225,佳邦台新5B購03,0,,,,
709226,順達台新5B購05,0,,,,
709227,勤凱台新5B購02,1226610,0.63,0.63,0.63,0.63
709228,勤凱台新5B購03,1156990,0.48,0.59,0.48,0.55
709229,擎亞台新5B購01,0,,,,
709230,擎亞台新5B購02,0,,,,
709231,雙鴻台新5B購01,0,,,,
709232,雙鴻台新5B購02,0,,,,
709233,雙鴻台新5B購03,0,,,,
709234,台半國泰5C購02,1190,1.19,1.19,1.19,1.19
709235,良維國泰5C購02,383160,1.12,1.16,1.12,1.14
709236,富喬國泰5C購01,0,,,,
709237,順達國泰5C購01,46610,0.67,0.75,0.65,0.65
709238,群聯國泰5C購01,0,,,,
709239,群聯國泰5C購02,0,,,,
709240,威剛富邦5B購02,0,,,,
709241,富喬富邦5B購02,1706210,0.66,0.87,0.64,0.74
709242,群聯富邦62購06,0,,,,
709243,均豪元大5B購04,0,,,,
709244,欣銓元大5B購03,706750,0.76,0.84,0.76,0.84
709245,威剛元大5B購15,133070,0.72,0.72,0.7,0.7
709246,原相元大5B購03,0,,,,
709248,富喬元大5B購03,451080,1.9,2.39,1.84,2.39
709249,富喬元大5B購04,128050,0.78,0.85,0.78,0.85
709250,富喬元大5B購05,168600,0.94,1.11,0.94,0.98
709251,勤凱元大5B購04,152530,0.59,0.59,0.57,0.57
709252,新盛力元大5B購06,254600,1.26,1.26,1.16,1.16
709253,新盛力元大5B購07,86450,1.53,1.53,1.42,1.42
709254,群聯元大5B購17,13840,1.73,1.73,1.73,1.73
709255,群聯元大5B購18,7440,0.31,0.31,0.31,0.31
709256,臺慶科元大5B購01,0,,,,
709257,擎亞元大5B購09,0,,,,
709258,中美晶群益5B購05,0,,,,
709259,均豪群益5B購05,162240,0.54,0.54,0.52,0.52
709260,富喬群益5B購02,0,,,,
709261,勤凱群益5B購03,0,,,,
709262,新盛力群益63購01,451620,1.3,1.3,1.2,1.2
709263,萬泰科群益5C購01,0,,,,
709264,群聯群益5B購08,0,,,,
709265,擎亞群益5B購03,0,,,,
709266,雙鴻群益5B購09,0,,,,
709267,方土昶永豐5C購01,0,,,,
709268,茂達永豐63購01,0,,,,
709269,精確永豐5B購01,0,,,,
709270,優群永豐5C購01,0,,,,
709271,中美晶凱基5B購05,83760,1.15,1.18,1.15,1.18
709272,台半凱基5B購02,0,,,,
709273,立碁凱基5B購02,654280,1.24,1.24,0.99,1.0
709274,均豪凱基5B購04,0,,,,
709275,沛亨凱基5C購01,4970,0.32,0.32,0.29,0.29
709276,原相凱基5B購04,0,,,,
709277,華容凱基5B購01,3780,1.89,1.89,1.89,1.89
709278,華容凱基5C購01,2000,2.0,2.0,2.0,2.0
709279,萬泰科凱基5B購02,6600,0.11,0.11,0.11,0.11
709280,精材凱基5B購09,0,,,,
709281,大中台新5B購02,0,,,,
709282,立碁台新5B購01,4506580,2.5,2.5,2.36,2.38
709283,立碁台新5B購02,0,,,,
709284,艾訊台新5B購03,106940,0.45,0.5,0.45,0.5
709285,艾訊台新5B購04,16500,0.33,0.33,0.33,0.33
709286,佳邦台新5B購04,0,,,,
709287,南俊台新5B購01,23570,0.14,0.24,0.14,0.14
709288,南俊台新5B購02,0,,,,
709289,順達台新5B購06,0,,,,
709290,勤凱台新5B購04,91540,0.34,0.38,0.32,0.32
709291,臺慶科台新5B購06,24830,0.36,0.41,0.36,0.38
709292,臺慶科台新5B購07,0,,,,
709293,群聯兆豐65購03,21840,0.48,0.49,0.48,0.48
709294,中美晶元大5B購06,61240,1.0,1.08,1.0,1.06
709295,方土昶元大5B購01,0,,,,
709296,世界元大5B購04,235400,0.96,1.07,0.96,1.01
709297,台半元大5B購05,39690,0.81,0.81,0.81,0.81
709298,倚強元大5B購01,114940,2.99,3.28,2.99,3.28
709299,華容元大5B購01,0,,,,
709300,群聯元大61購07,23500,0.47,0.47,0.47,0.47
709301,聖暉*元大5B購05,544210,0.51,0.64,0.48,0.63
709302,臺慶科元大5B購02,150,0.15,0.15,0.15,0.15
709303,優群元大5B購02,0,,,,
709305,鑫科元大5B購03,0,,,,
709306,久元群益65購01,0,,,,
709307,中美晶群益5B購06,4004450,2.43,3.07,2.43,2.91
709308,世界群益5C購02,88500,0.73,0.76,0.73,0.76
709309,南俊群益5B購01,0,,,,
709310,茂達群益5B購02,0,,,,
709311,富喬群益5B購03,3051630,1.28,1.82,1.23,1.82
709312,群聯群益5B購09,100,0.1,0.1,0.1,0.1
709313,精材群益5B購09,0,,,,
709314,雙鴻群益5B購10,0,,,,
709315,沛亨永豐65購01,0,,,,
709316,長科*永豐61購01,36620,1.7,1.79,1.55,1.55
709317,順達永豐64購02,0,,,,
709318,群聯永豐5C購06,0,,,,
709319,群聯永豐5C購07,27800,0.23,0.24,0.23,0.24
709320,群聯永豐65購05,0,,,,
709321,沛亨元大5B購03,0,,,,
709322,沛亨元大5B購04,3700,0.37,0.37,0.37,0.37
709323,沛亨元大5B購05,0,,,,
709324,良維元大5B購02,0,,,,
709325,佳邦元大5B購01,0,,,,
709326,朋程元大5B購01,100,0.05,0.05,0.05,0.05
709327,茂達元大5B購01,0,,,,
709328,富喬元大61購03,786730,1.42,1.66,1.41,1.52
709329,群聯元大61購08,0,,,,
709330,良維富邦5C購02,0,,,,
709331,朋程富邦61購01,0,,,,
709332,順達富邦61購01,6810,0.24,0.24,0.23,0.23
709333,大中群益5B購01,720,0.72,0.72,0.72,0.72
709334,大中群益5B購02,0,,,,
709335,均豪群益5B購06,0,,,,
709336,宏捷科群益5B購02,0,,,,
709337,良維群益5B購04,0,,,,
709338,佳邦群益5B購02,0,,,,
709339,佳邦群益5B購03,0,,,,
709340,朋程群益5B購03,0,,,,
709341,長科*群益5B購01,1630750,1.31,1.62,1.25,1.25
709342,順達群益5B購04,0,,,,
709343,群翊群益5B購02,0,,,,
709344,漢科群益5B購01,0,,,,
709345,精材群益5B購10,0,,,,
709346,台半凱基5B購03,201420,0.16,0.22,0.16,0.2
709347,沛亨凱基5B購04,12800,0.16,0.16,0.16,0.16
709348,朋程凱基5B購03,0,,,,
709349,順達凱基5B購04,0,,,,
709350,群聯凱基5B購09,0,,,,
709351,聖暉*凱基5B購05,0,,,,
709352,優群凱基5B購02,0,,,,
709353,大中台新5B購03,8100,0.29,0.29,0.26,0.26
709354,台半台新5B購04,70300,0.74,0.74,0.74,0.74
709355,台半台新5B購05,1051250,0.4,0.46,0.4,0.46
709356,金益鼎台新5B購01,0,,,,
709357,博盛台新5B購02,0,,,,
709358,順達台新5B購07,0,,,,
709359,勤凱台新5B購05,1000,0.1,0.1,0.1,0.1
709360,群翊台新5B購01,0,,,,
709361,穩得台新5B購01,0,,,,
709362,台半凱基5B購04,10930,0.34,0.41,0.34,0.39
709363,台特化凱基5B購03,3750,0.15,0.15,0.15,0.15
709364,宏捷科凱基5B購02,270,0.12,0.15,0.12,0.15
709365,長科*凱基5B購01,8340,0.7,0.71,0.66,0.66
709366,富喬凱基62購01,73910,1.16,1.3,1.16,1.25
709367,萊德光凱基5B購01,31370,0.17,0.17,0.13,0.14
709368,萊德光凱基5B購02,11210,0.35,0.36,0.35,0.35
709369,順達凱基5B購05,0,,,,
709370,勤凱凱基5B購05,800,0.08,0.08,0.08,0.08
709371,群翊凱基62購01,8060,0.26,0.26,0.26,0.26
709372,聖暉*凱基5B購06,0,,,,
709373,漢科凱基5B購01,0,,,,
709374,廣穎凱基5B購03,0,,,,
709375,雙鴻凱基5B購03,0,,,,
709376,系統電台新5B購01,0,,,,
709377,華容台新5B購01,0,,,,
709378,鈺太台新5B購01,0,,,,
709379,鈺太台新5B購02,0,,,,
709380,鈺太台新5B購03,0,,,,
709381,精材台新5B購07,0,,,,
709382,廣穎台新5B購02,64500,0.43,0.43,0.43,0.43
709383,點序台新5B購01,0,,,,
709384,點序台新62購01,755600,0.38,0.52,0.38,0.52
709385,佳邦元大5B購02,0,,,,
709386,長科*元大5B購01,61000,1.22,1.22,1.22,1.22
709387,順達元大5B購08,0,,,,
709388,順達元大62購01,36000,0.72,0.72,0.72,0.72
709389,群聯元大5B購19,0,,,,
709390,群聯元大63購04,34490,0.37,0.37,0.36,0.36
709391,聖暉*元大5B購06,0,,,,
709392,佳邦富邦5B購01,0,,,,
709393,精材富邦5B購03,0,,,,
709394,台半群益62購01,87360,0.42,0.42,0.42,0.42
709395,聖暉*群益5B購03,1700,0.17,0.17,0.17,0.17
709396,優群群益62購01,0,,,,
709397,佳邦國泰5C購01,0,,,,
709398,威聯通國泰5C購01,0,,,,
709399,勤凱國泰5C購02,64480,0.59,0.61,0.59,0.6
709400,台半永豐63購02,225090,0.76,0.85,0.75,0.85
709401,台特化永豐63購01,5000,0.25,0.25,0.25,0.25
709402,佳邦永豐5C購01,0,,,,
709403,萊德光永豐5C購01,51850,0.34,0.36,0.33,0.33
709404,勤凱永豐5C購04,118620,0.23,0.25,0.23,0.24
709405,群聯永豐5B購01,0,,,,
709406,鏵友益永豐5C購02,0,,,,
709407,久元元大5C購01,0,,,,
709408,中美晶元大5C購03,0,,,,
709409,世界元大5C購02,8820,1.47,1.47,1.47,1.47
709410,台半元大5C購02,0,,,,
709411,良維元大5C購02,0,,,,
709412,佳邦元大5C購02,0,,,,
709413,富喬元大5C購03,314340,1.04,1.3,1.03,1.2
709414,順達元大5C購02,94000,0.47,0.47,0.47,0.47
709415,勤凱元大5C購01,72540,0.31,0.31,0.31,0.31
709416,群聯元大5C購03,34420,1.03,1.03,1.0,1.0
709417,精材元大5C購01,7680,3.84,3.84,3.84,3.84
709418,中美晶永豐64購01,458560,1.09,1.24,1.09,1.24
709419,長科*永豐61購02,81410,1.08,1.11,0.99,0.99
709420,晶焱永豐61購01,0,,,,
709421,華容永豐64購01,0,,,,
709422,臺慶科永豐66購01,0,,,,
709423,廣穎永豐61購02,0,,,,
709424,台半凱基5C購02,440,0.11,0.11,0.11,0.11
709425,巨漢凱基5C購01,0,,,,
709426,良維凱基5C購03,0,,,,
709427,佳邦凱基5C購02,0,,,,
709428,佳邦凱基5C購03,0,,,,
709429,威剛凱基64購01,0,,,,
709430,順達凱基5C購02,0,,,,
709431,勤凱凱基5C購01,0,,,,
709432,勤凱凱基5C購02,0,,,,
709433,勤凱凱基62購01,521330,0.31,0.33,0.28,0.28
709434,群聯凱基66購01,0,,,,
709435,廣穎凱基5C購01,0,,,,
709436,巨漢台新5C購01,0,,,,
709437,巨漢台新5C購02,0,,,,
709438,湧德台新61購01,39960,0.74,0.74,0.74,0.74
709439,華容台新5C購01,0,,,,
709440,華容台新5C購02,0,,,,
709441,鈊象台新5C購01,0,,,,
709442,鑫聯台新5C購01,0,,,,
709443,台半群益5C購01,3600,0.24,0.24,0.24,0.24
709444,台特化群益5C購02,8360,0.76,0.76,0.76,0.76
709445,立敦群益5C購01,0,,,,
709446,勤凱群益5C購01,0,,,,
709447,廣穎群益5C購01,0,,,,
709448,雙鴻群益5C購01,0,,,,
709449,聖暉*國泰61購01,31880,0.51,0.61,0.51,0.61
709450,雙鴻國泰61購02,0,,,,
709451,久元富邦66購01,0,,,,
709452,台半富邦64購01,355250,0.33,0.36,0.33,0.36
709453,台半富邦66購01,479870,0.37,0.41,0.37,0.4
709454,宏捷科富邦66購01,33800,0.26,0.26,0.26,0.26
709455,宏捷科富邦66購02,149200,0.29,0.3,0.29,0.29
709456,長科*富邦63購01,83750,0.95,1.0,0.95,1.0
709457,威剛富邦62購01,0,,,,
709458,富喬富邦66購01,472480,1.11,1.24,1.1,1.24
709459,智通*富邦64購01,0,,,,
709460,智通*富邦66購01,0,,,,
709461,閎康富邦66購01,0,,,,
709462,鈊象富邦66購01,30070,0.97,0.97,0.97,0.97
709463,群聯富邦64購01,0,,,,
709464,雙鴻富邦64購01,0,,,,
709465,台半國票61購02,100690,0.22,0.25,0.22,0.25
709466,台半國票61購03,529010,0.24,0.25,0.24,0.25
709467,佳邦國票61購01,50,0.05,0.05,0.05,0.05
709468,佳邦國票61購02,200,0.04,0.04,0.04,0.04
709469,萊德光國票61購01,62120,0.29,0.29,0.26,0.27
709470,順達國票61購01,0,,,,
709471,中美晶群益62購02,206830,0.96,1.12,0.96,1.09
709472,台星科群益62購01,0,,,,
709473,威剛群益62購01,0,,,,
709474,茂綸群益62購01,28700,1.49,1.49,1.38,1.38
709475,振曜群益5C購01,0,,,,
709476,創惟群益5C購01,0,,,,
709477,群聯群益5C購02,0,,,,
709478,鈊象國泰61購01,0,,,,
709479,臺慶科國泰61購01,0,,,,
709480,朋程永豐5C購02,0,,,,
709481,欣銓永豐64購01,103350,0.85,0.9,0.85,0.9
709482,達航永豐61購01,0,,,,
709483,達航永豐64購01,138580,0.42,0.42,0.4,0.41
709484,立敦富邦66購01,0,,,,
709485,宏觀富邦66購01,0,,,,
709486,順達富邦61購02,113020,0.32,0.32,0.31,0.31
709487,漢科富邦66購01,0,,,,
709488,廣明富邦66購01,0,,,,
709489,璟德富邦66購01,188860,0.19,0.19,0.19,0.19
709490,久元凱基5C購02,0,,,,
709491,中美晶凱基5C購02,1781210,0.61,0.79,0.6,0.74
709492,立敦凱基5C購01,0,,,,
709493,良維凱基64購01,0,,,,
709494,朋程凱基61購01,0,,,,
709495,能率亞凱基5C購01,11900,0.17,0.17,0.17,0.17
709496,富喬凱基5C購01,0,,,,
709497,華容凱基5C購02,1450,1.45,1.45,1.45,1.45
709498,群聯凱基5C購02,0,,,,
709499,廣穎凱基61購01,190,0.19,0.19,0.19,0.19
709500,中美晶台新63購01,217600,1.92,2.01,1.91,1.95
709501,立敦台新5C購01,0,,,,
709502,宏觀台新5C購01,0,,,,
709503,南俊台新5C購01,340,0.34,0.34,0.34,0.34
709504,聖暉*台新5C購01,0,,,,
709505,精材台新5C購02,0,,,,
709506,精材台新5C購03,0,,,,
709507,璟德台新5C購01,0,,,,
709508,久元元大5C購02,0,,,,
709510,朋程元大5C購01,1400,0.04,0.05,0.04,0.05
709511,長科*元大5C購01,25800,0.86,0.86,0.86,0.86
709512,富喬元大61購04,782210,0.96,1.16,0.95,1.05
709513,晶焱元大5C購01,0,,,,
709514,順達元大5C購03,166680,0.33,0.35,0.33,0.33
709515,順達元大64購05,702660,1.1,1.16,1.06,1.06
709516,群聯元大61購09,0,,,,
709517,臺慶科元大5C購01,0,,,,
709518,中美晶富邦62購01,795950,0.93,1.09,0.93,1.05
709519,世界凱基5C購04,0,,,,
709520,世紀*凱基5C購01,3260,3.26,3.26,3.26,3.26
709521,台半凱基61購02,6500,0.3,0.32,0.3,0.32
709522,立端凱基61購01,0,,,,
709523,宏觀凱基61購03,0,,,,
709524,系統電凱基5C購02,0,,,,
709525,宜特凱基61購02,0,,,,
709526,長科*凱基5C購01,179980,0.2,0.24,0.17,0.17
709527,宸曜凱基5C購01,0,,,,
709528,順達凱基64購02,0,,,,
709529,群聯凱基5C購03,0,,,,
709530,大綜台新5C購01,261560,2.54,2.77,2.54,2.73
709531,系統電台新5C購01,0,,,,
709532,萊德光台新5C購01,219860,0.41,0.41,0.34,0.35
709533,廣運台新5C購01,0,,,,
709534,台半永豐61購02,30600,0.38,0.4,0.38,0.4
709535,安葆永豐63購01,20850,2.0,2.0,1.65,2.0
709536,良維永豐5C購03,0,,,,
709537,雙鴻永豐64購02,319560,1.46,1.5,1.46,1.46
709538,久元元大5C購03,0,,,,
709539,中美晶元大5C購04,229660,0.96,1.13,0.96,1.13
709540,世界元大5C購03,271860,0.94,1.03,0.94,1.01
709541,世界元大64購05,92250,0.83,0.9,0.83,0.86
709542,台半元大5C購03,95140,0.64,0.66,0.64,0.66
709543,台半元大5C購04,23760,0.44,0.44,0.44,0.44
709544,台半元大66購02,0,,,,
709545,良維元大5C購03,0,,,,
709546,欣銓元大5C購01,26900,0.49,0.49,0.48,0.49
709547,長科*元大5C購02,0,,,,
709548,長科*元大5C購03,355400,1.28,1.28,1.1,1.1
709549,長科*元大66購01,325490,1.07,1.12,1.02,1.02
709550,富喬元大61購05,281320,0.9,1.02,0.9,1.02
709551,順達元大5C購04,0,,,,
709552,順達元大64購06,683620,0.98,1.02,0.95,0.96
709553,群聯元大61購10,0,,,,
709554,聖暉*元大5C購04,226040,0.35,0.38,0.35,0.38
709555,方土昶群益5C購01,0,,,,
709556,世界群益5C購03,123280,0.61,0.61,0.52,0.53
709557,台半群益5C購02,0,,,,
709558,台半群益61購01,0,,,,
709559,系微群益5C購01,0,,,,
709560,長科*群益61購01,182880,0.59,0.59,0.57,0.57
709561,南俊群益5C購01,468730,0.12,0.2,0.1,0.2
709562,富喬群益5C購02,1720070,1.88,2.66,1.83,2.21
709563,群聯群益5C購03,0,,,,
709564,臺慶科群益5C購01,0,,,,
709565,廣運群益5C購01,0,,,,
709566,雙鴻群益5C購02,850410,1.67,1.75,1.67,1.72
709567,方土昶凱基5C購02,0,,,,
709568,威剛凱基61購01,4320,0.12,0.12,0.12,0.12
709569,雅特力凱基5C購01,16300,1.63,1.63,1.63,1.63
709570,聰泰凱基5C購01,0,,,,
709571,雙鴻凱基5C購07,6450,1.06,1.09,1.06,1.09
709572,雙鴻凱基5C購08,12430,1.13,1.13,1.13,1.13
709573,能率台新5C購01,0,,,,
709574,良維富邦61購02,0,,,,
709575,群聯富邦63購01,0,,,,
709576,雙鴻富邦62購01,0,,,,
709577,達航國票61購01,0,,,,
709579,中美晶元大5C購05,0,,,,
709580,世界元大5C購04,77980,1.24,1.35,1.24,1.28
709581,世界元大64購06,0,,,,
709582,台半元大5C購05,0,,,,
709583,台半元大66購03,15070,1.37,1.37,1.37,1.37
709584,宏觀元大5C購03,0,,,,
709585,威剛元大5C購01,0,,,,
709586,富喬元大64購01,2496500,1.06,1.24,1.05,1.14
709587,順達元大5C購05,118260,0.96,0.96,0.91,0.91
709588,群聯元大61購11,0,,,,
709589,群聯元大64購04,118500,0.3,0.3,0.3,0.3
709591,威剛群益5C購03,0,,,,
709592,群聯群益5C購04,0,,,,
709593,桓達永豐61購01,0,,,,
709594,宏觀國票61購01,0,,,,
709595,富喬國票5C購03,0,,,,
709596,群聯國票61購04,750,0.25,0.25,0.25,0.25
709597,精確國票61購01,1200,0.4,0.4,0.4,0.4
709598,磐亞國票61購01,74870,1.83,1.83,1.61,1.61
709599,雙鴻國票61購01,69020,0.97,1.0,0.97,1.0
709600,中美晶元大5C購06,113740,2.01,2.18,1.97,2.18
709601,世界元大5C購05,14580,1.24,1.24,1.21,1.21
709602,世界元大64購07,104960,1.4,1.43,1.38,1.43
709603,世界元大66購02,0,,,,
709604,系統電元大5C購03,0,,,,
709605,威剛元大5C購02,185050,0.62,0.62,0.6,0.6
709606,威剛元大61購02,0,,,,
709607,群聯元大5C購04,0,,,,
709608,群聯元大5C購05,0,,,,
709609,群聯元大61購12,0,,,,
709610,群聯元大64購05,0,,,,
709611,磐亞元大5C購01,2195740,3.28,3.28,2.93,3.14
709612,系統電富邦61購02,0,,,,
709613,大綜永豐61購01,308720,1.19,1.29,1.19,1.29
709614,磐亞永豐61購01,30400,2.12,2.12,1.98,1.98
709615,方土昶凱基5C購03,0,,,,
709616,華電網凱基5C購01,0,,,,
709617,磐亞凱基5C購01,0,,,,
709618,雙鴻凱基61購04,468110,0.95,1.04,0.95,1.04
709619,大綜台新5C購02,344180,1.42,1.68,1.41,1.68
709620,系統電台新61購01,32650,0.33,0.33,0.31,0.31
709621,良維台新5C購01,0,,,,
709622,順達台新5C購02,127810,0.35,0.35,0.31,0.31
709623,精材台新62購01,0,,,,
709624,雙鴻台新5C購01,57000,1.14,1.14,1.14,1.14
709625,力致群益5C購01,300,0.06,0.06,0.06,0.06
709626,威剛群益5C購04,0,,,,
709627,群聯群益5C購05,0,,,,
709628,雙鴻群益62購01,1230020,0.79,0.82,0.74,0.79
709629,方土昶永豐63購01,0,,,,
709630,系微永豐61購01,0,,,,
709631,宜特永豐5C購03,0,,,,
709632,家登永豐5C購01,0,,,,
709633,鈊象永豐64購01,0,,,,
709634,群聯永豐5C購08,56000,0.28,0.28,0.28,0.28
709635,雙鴻群益5C購03,0,,,,
709636,大綜國票5C購01,5900,0.59,0.59,0.59,0.59
709637,台特化國票61購01,0,,,,
709638,光聚晶國票61購01,5790,0.2,0.2,0.18,0.18
709639,系統電國票61購01,0,,,,
709640,家登國票5C購01,0,,,,
709641,海韻電國票61購01,0,,,,
709642,鈊象國票61購01,4100,0.41,0.41,0.41,0.41
709643,聖暉*國票61購01,0,,,,
709644,大綜凱基5C購01,433430,0.31,0.34,0.3,0.34
709645,伍豐凱基5C購01,0,,,,
709646,系統電凱基5C購03,0,,,,
709647,朋億*凱基5C購01,444190,0.39,0.44,0.39,0.42
709648,威剛凱基5C購03,12080,0.16,0.18,0.16,0.18
709649,茂訊凱基5C購01,0,,,,
709650,富喬凱基5C購02,5200,1.3,1.3,1.3,1.3
709651,晶焱凱基5C購01,0,,,,
709652,雅特力凱基5C購02,2040,0.51,0.51,0.51,0.51
709653,群聯凱基5C購04,0,,,,
709654,精確凱基5C購01,43130,0.33,0.33,0.31,0.31
709655,大綜台新5C購03,340890,0.78,0.84,0.76,0.84
709656,大綜台新5C購04,0,,,,
709657,方土昶台新5C購01,0,,,,
709658,富喬台新5C購01,11840,1.48,1.48,1.48,1.48
709659,富喬台新5C購02,74300,1.98,2.06,1.98,2.06
709660,晶焱台新5C購01,0,,,,
709661,晶焱台新5C購02,0,,,,
709662,晶焱台新5C購03,0,,,,
709663,群聯台新5C購01,0,,,,
709664,大綜元大5C購01,382570,0.39,0.45,0.39,0.44
709665,中美晶元大5C購07,19240,2.04,2.18,2.04,2.18
709666,台半元大5C購06,352380,0.35,0.4,0.35,0.4
709668,威剛元大61購03,0,,,,
709669,家登元大5C購04,146270,0.39,0.42,0.39,0.4
709670,群聯元大5C購06,23000,0.23,0.23,0.23,0.23
709671,群聯元大5C購07,141000,0.29,0.29,0.28,0.28
709672,群聯元大5C購08,0,,,,
709673,群聯元大66購05,520,0.52,0.52,0.52,0.52
709674,聖暉*元大5C購05,0,,,,
709675,聖暉*元大5C購06,0,,,,
709676,家登富邦63購01,0,,,,
709677,正德群益5C購01,0,,,,
709678,威剛群益5C購05,0,,,,
709679,家登群益5C購01,0,,,,
709680,富喬群益5C購03,8480,2.12,2.12,2.12,2.12
709681,華容群益5C購01,42300,2.2,2.2,2.03,2.03
709682,群聯群益5C購06,13300,0.95,0.95,0.95,0.95
709683,聖暉*群益5C購02,220,0.22,0.22,0.22,0.22
709684,立端永豐64購01,0,,,,
709685,威剛永豐6C購01,0,,,,
709686,建榮永豐61購01,16520,0.33,0.43,0.33,0.4
709687,茂訊永豐5C購01,0,,,,
709688,雅特力永豐61購01,210690,1.03,1.03,0.99,0.99
709689,群聯永豐5C購09,0,,,,
709690,綠界*永豐61購01,0,,,,
709691,聰泰永豐61購01,2400,0.48,0.48,0.48,0.48
709692,立敦國票5C購01,0,,,,
709693,立敦國票5C購02,0,,,,
709694,伍豐國票61購01,0,,,,
709695,光焱國票61購01,53300,0.23,0.23,0.22,0.22
709696,安勤國票61購01,9000,0.45,0.45,0.45,0.45
709697,系統電國票61購02,0,,,,
709698,邑昇國票61購01,3400,0.34,0.34,0.34,0.34
709699,信音國票5C購01,0,,,,
709700,建榮國票5C購01,77100,0.15,0.18,0.15,0.17
709701,博士旺國票5C購01,0,,,,
709702,博智國票5C購01,0,,,,
709703,博智國票5C購02,780,0.13,0.13,0.13,0.13
709704,晶焱國票5C購01,0,,,,
709705,雅特力國票61購01,0,,,,
709706,雅特力國票61購02,37180,0.62,0.63,0.61,0.61
709707,意德士國票61購01,0,,,,
709708,聚和國票61購01,2650,0.53,0.53,0.53,0.53
709709,臺慶科國票61購02,240,0.24,0.24,0.24,0.24
709710,廣閎科國票61購01,0,,,,
709711,騰雲國票61購01,31200,0.78,0.78,0.78,0.78
709712,威剛國泰61購01,82000,0.41,0.41,0.41,0.41
709713,湧德國泰61購01,0,,,,
709714,光焱台新5C購01,12000,0.3,0.3,0.3,0.3
709715,兆利台新5C購01,0,,,,
709716,兆利台新5C購02,0,,,,
709717,雅特力台新5C購01,61950,0.87,0.88,0.83,0.83
709718,雅特力台新5C購02,9150,0.61,0.61,0.61,0.61
709719,鈊象台新5C購02,0,,,,
709720,雙鴻台新5C購02,0,,,,
709721,雙鴻台新5C購03,0,,,,
709722,穩得台新5C購01,0,,,,
709723,中美晶元大5C購08,0,,,,
709724,中美晶元大5C購09,22260,1.52,1.7,1.52,1.7
709725,方土昶元大5C購01,0,,,,
709728,信音元大5C購01,0,,,,
709729,威剛元大61購04,0,,,,
709730,富喬元大64購02,3887490,1.65,1.73,1.64,1.69
709731,順達元大5C購06,417530,1.16,1.21,1.1,1.1
709732,鈊象元大5C購05,0,,,,
709733,群聯元大5C購09,0,,,,
709734,群聯元大5C購10,0,,,,
709735,群聯元大5C購11,0,,,,
709736,群聯元大66購06,204240,0.61,0.61,0.59,0.59
709737,精材元大5C購03,0,,,,
709738,精材元大64購01,0,,,,
709739,精材元大66購04,106000,5.3,5.3,5.3,5.3
709740,順達凱基5C購03,1300,0.13,0.13,0.13,0.13
709741,群聯凱基5C購05,0,,,,
709742,聖暉*凱基5C購02,12080,0.12,0.13,0.12,0.13
709743,精材凱基61購05,0,,,,
709744,臺慶科凱基5C購02,0,,,,
709745,宜鼎元大5C購05,3050,0.21,0.21,0.2,0.2
709746,宜鼎元大61購04,0,,,,
709747,廣閎科元大5C購01,0,,,,
709748,宜鼎群益5C購01,4800,0.13,0.13,0.11,0.11
709749,宜鼎群益5C購02,7080,0.07,0.08,0.07,0.08
709750,宜鼎群益5C購03,23920,0.08,0.08,0.08,0.08
709751,方土昶國票61購01,0,,,,
709752,加高國票61購01,1700,0.34,0.34,0.34,0.34
709753,宜鼎國票61購01,0,,,,
709754,威聯通國票61購01,0,,,,
709755,凱崴國票61購01,0,,,,
709756,港建*國票61購01,0,,,,
709757,華容國票61購01,3920,1.96,1.96,1.96,1.96
709758,萊德光國票61購02,6120,0.68,0.68,0.68,0.68
709759,萊德光國票61購03,50840,0.58,0.58,0.52,0.53
709760,宜特國泰61購01,0,,,,
709761,宜鼎國泰61購02,0,,,,
709762,宜鼎國泰61購03,5100,0.3,0.3,0.3,0.3
709763,宜鼎國泰61購04,0,,,,
709764,台半富邦62購03,199190,0.52,0.54,0.52,0.54
709765,台半富邦63購01,118190,0.53,0.53,0.53,0.53
709766,宜特富邦62購01,0,,,,
709767,宜鼎富邦5C購04,0,,,,
709768,朋程富邦62購01,121680,0.36,0.36,0.36,0.36
709769,朋程富邦63購01,64940,0.34,0.34,0.34,0.34
709770,家登富邦62購02,6400,0.64,0.64,0.64,0.64
709771,家登富邦62購03,89340,0.52,0.52,0.51,0.51
709772,鈊象富邦62購01,5700,0.57,0.57,0.57,0.57
709773,鈊象富邦63購01,0,,,,
709774,雙鴻富邦63購01,380430,0.98,1.02,0.96,0.99
709775,系統電凱基5C購04,0,,,,
709776,威剛凱基5C購04,780,0.35,0.43,0.35,0.43
709777,家登凱基5C購03,1950,0.65,0.65,0.65,0.65
709778,博智凱基5C購03,0,,,,
709779,富喬凱基5C購03,32400,1.61,1.63,1.61,1.63
709780,勤凱凱基5C購03,38000,0.23,0.23,0.2,0.2
709781,群聯凱基61購05,32650,0.33,0.33,0.31,0.31
709782,廣閎科凱基61購01,488760,0.6,0.6,0.54,0.54
709783,宜鼎台新5C購01,28200,0.22,0.22,0.19,0.19
709784,宜鼎台新5C購02,0,,,,
709785,宜鼎台新5C購03,0,,,,
709786,宜鼎中信5C購02,0,,,,
709787,宜鼎永豐64購01,0,,,,
709788,宜鼎永豐65購01,121450,0.27,0.28,0.26,0.26
709789,宇峻國泰61購01,900,0.9,0.9,0.9,0.9
709790,華景電國泰61購01,0,,,,
709791,群聯國泰61購02,0,,,,
709792,漢達國泰61購01,128400,5.35,5.35,5.35,5.35
709793,世界凱基5C購05,0,,,,
709794,宜鼎凱基5C購03,0,,,,
709795,宜鼎凱基5C購04,0,,,,
709796,宜鼎凱基5C購05,1800,0.09,0.09,0.09,0.09
709797,威聯通凱基61購01,0,,,,
709798,凱崴凱基61購01,13800,0.24,0.26,0.24,0.26
709799,華景電凱基5C購02,0,,,,
709800,順達凱基61購01,26500,0.27,0.27,0.26,0.26
709801,璟德凱基5C購01,102700,0.08,0.1,0.08,0.09
709802,立敦台新5C購02,0,,,,
709803,宏捷科台新5C購01,181950,0.48,0.63,0.48,0.63
709804,宜鼎台新5C購04,20960,0.16,0.16,0.16,0.16
709805,宜鼎台新61購01,0,,,,
709806,東浦台新5C購01,71040,0.48,0.58,0.47,0.58
709807,家登台新5C購01,158800,1.08,1.19,1.08,1.15
709808,順達台新61購02,0,,,,
709809,新漢台新5C購01,0,,,,
709810,廣閎科台新5C購01,0,,,,
709811,富喬中信5C購03,475800,1.09,1.17,1.09,1.16
709812,創惟永豐5C購01,0,,,,
709813,華容永豐61購01,77000,1.54,1.54,1.54,1.54
709814,群聯永豐64購04,0,,,,
709815,群聯永豐64購05,0,,,,
709816,宜鼎元大5C購06,900,0.09,0.09,0.09,0.09
709817,宜鼎元大5C購07,0,,,,
709818,宜鼎元大5C購08,17320,0.17,0.17,0.16,0.16
709819,威剛元大5C購03,0,,,,
709820,群聯元大5C購12,0,,,,
709821,群聯元大5C購13,0,,,,
709822,群聯元大5C購14,19520,0.61,0.61,0.61,0.61
709823,群聯元大61購13,0,,,,
709824,廣閎科元大5C購02,0,,,,
709825,雙鴻元大61購15,971640,1.15,1.17,1.11,1.15
709826,力領國票61購01,0,,,,
709827,加高國票61購02,0,,,,
709828,立端國票61購01,0,,,,
709829,邑錡國票5C購01,16650,0.34,0.34,0.33,0.34
709830,佳邦國票61購03,10500,0.21,0.21,0.21,0.21
709831,宜鼎國票61購02,32000,0.16,0.16,0.16,0.16
709832,東浦國票61購01,0,,,,
709833,杰力國票61購01,0,,,,
709834,金益鼎國票61購02,0,,,,
709835,長聖國票61購01,0,,,,
709836,胡連國票61購01,0,,,,
709837,韋僑國票61購01,0,,,,
709838,宸曜國票5C購01,0,,,,
709839,能率亞國票61購01,0,,,,
709840,凱崴國票61購02,0,,,,
709841,湧德國票5C購01,1200,0.24,0.24,0.24,0.24
709842,湧德國票5C購02,0,,,,
709843,華容國票61購02,133650,1.37,1.38,1.3,1.3
709844,華景電國票61購01,0,,,,
709845,華電網國票5C購02,0,,,,
709846,華電網國票5C購03,0,,,,
709847,廣閎科國票61購02,355870,0.67,0.68,0.65,0.65
709848,騰雲國票61購02,0,,,,
709849,系統電群益5C購01,0,,,,
709850,宜鼎群益5C購04,0,,,,
709851,威剛群益5C購06,0,,,,
709852,群聯群益5C購07,0,,,,
709853,兆利富邦62購01,0,,,,
709854,智通*富邦62購01,0,,,,
709855,湧德富邦62購01,0,,,,
709856,閎康富邦62購02,0,,,,
709857,聖暉*富邦5C購02,58360,0.3,0.32,0.3,0.32
709858,廣閎科富邦5C購01,0,,,,
709859,方土昶國票61購02,0,,,,
709860,台嘉碩國票5C購01,0,,,,
709861,台嘉碩國票5C購02,8850,0.35,0.36,0.35,0.36
709862,永信建國票61購01,0,,,,
709863,兆利國票61購01,0,,,,
709864,系統電國票61購03,0,,,,
709865,朋程國票5C購01,0,,,,
709866,東浦國票61購02,0,,,,
709867,順達國票61購02,0,,,,
709868,緯軟國票61購01,0,,,,
709869,華容群益5C購02,0,,,,
709870,廣閎科群益5C購01,272620,0.97,0.97,0.88,0.9
709871,順達中信5C購01,0,,,,
709872,聖暉*中信5C購01,5200,0.13,0.13,0.13,0.13
709873,世紀*永豐5C購01,149840,4.8,4.8,4.62,4.64
709874,博智永豐5C購03,41400,0.46,0.46,0.46,0.46
709875,中美晶元大5C購10,72460,1.8,2.03,1.8,2.03
709876,宏觀元大5C購04,0,,,,
709877,良維元大5C購04,0,,,,
709878,博智元大5C購03,150280,0.34,0.34,0.34,0.34
709879,華容元大5C購01,0,,,,
709880,順達元大5C購07,310740,0.37,0.42,0.37,0.38
709881,精材元大5C購04,0,,,,
709882,臺慶科元大5C購02,0,,,,
709883,系統電凱基5C購05,0,,,,
709884,佳邦凱基5C購04,0,,,,
709885,泓格凱基5C購01,1900,0.19,0.19,0.19,0.19
709886,金益鼎凱基5C購01,0,,,,
709887,茂迪凱基61購01,0,,,,
709888,創惟凱基61購01,0,,,,
709889,湧德凱基61購01,0,,,,
709890,華容凱基61購01,227300,0.81,0.81,0.7,0.7
709891,群聯凱基5C購06,0,,,,
709892,臺慶科凱基61購01,0,,,,
709893,廣閎科凱基5C購01,113470,0.65,0.65,0.6,0.61
709894,雙鴻凱基5C購09,0,,,,
709895,騰雲凱基61購01,93400,0.44,0.45,0.44,0.45
709896,中美晶統一66購02,2548590,1.13,1.27,1.12,1.23
709897,立敦統一63購02,0,,,,
709898,立敦統一64購02,0,,,,
709899,立敦統一64購03,0,,,,
709900,佳邦統一64購01,0,,,,
709901,佳邦統一66購01,0,,,,
709902,宜鼎統一64購01,0,,,,
709903,宜鼎統一64購02,0,,,,
709904,宜鼎統一64購03,0,,,,
709905,宜鼎統一64購04,0,,,,
709906,宜鼎統一66購03,8800,0.22,0.22,0.22,0.22
709907,宜鼎統一66購04,0,,,,
709908,威剛統一6A購01,0,,,,
709909,建榮統一66購01,101210,0.41,0.45,0.41,0.45
709910,建榮統一6A購03,0,,,,
709911,家登統一66購01,51600,0.6,0.6,0.6,0.6
709912,凱崴統一66購01,19500,0.39,0.39,0.39,0.39
709913,博智統一6C購01,0,,,,
709914,富喬統一64購02,367030,0.96,1.09,0.96,1.05
709915,富喬統一64購03,2040790,0.94,1.09,0.94,1.01
709916,富喬統一66購01,2384750,1.33,1.54,1.31,1.54
709917,群聯統一64購02,0,,,,
709918,精材統一66購01,0,,,,
709919,精材統一6C購01,20340,1.7,1.7,1.66,1.68
709920,臺慶科統一64購02,0,,,,
709921,臺慶科統一66購02,8400,0.21,0.21,0.21,0.21
709922,臺慶科統一66購03,13800,0.23,0.23,0.23,0.23
709923,臺慶科統一6A購02,0,,,,
709924,廣閎科統一66購01,0,,,,
709925,廣運統一66購01,0,,,,
709926,廣運統一6C購01,0,,,,
709927,優群統一66購02,0,,,,
709928,雙鴻統一64購01,1297750,0.86,0.89,0.84,0.87
709929,雙鴻統一65購02,357260,1.44,1.47,1.38,1.47
709930,宏觀國泰61購01,10260,0.31,0.32,0.31,0.32
709931,金益鼎國泰61購01,37310,0.41,0.41,0.41,0.41
709932,立敦台新5C購03,0,,,,
709933,威剛台新5C購01,11190,0.74,0.75,0.74,0.75
709934,威剛台新5C購02,1150,1.15,1.15,1.15,1.15
709935,威剛台新5C購03,158120,1.78,1.78,1.74,1.74
709936,威剛台新61購01,0,,,,
709937,威剛台新62購01,202030,1.49,1.49,1.46,1.49
709938,威剛台新63購01,0,,,,
709939,威剛台新66購01,9700,0.97,0.97,0.97,0.97
709940,茂迪台新5C購01,0,,,,
709941,凱崴台新5C購01,50210,0.2,0.21,0.2,0.21
709942,華容台新5C購03,5300,1.74,1.78,1.74,1.78
709943,威剛富邦5C購01,0,,,,
709944,宜鼎永豐61購01,0,,,,
709945,胡連永豐61購01,7560,0.36,0.36,0.36,0.36
709946,艾訊國票61購01,0,,,,
709947,良維國票61購01,0,,,,
709948,朋億*國票61購01,0,,,,
709949,東浦國票61購03,0,,,,
709950,茂迪國票61購01,0,,,,
709951,凱崴國票61購03,0,,,,
709952,寶雅國票61購01,1060,1.06,1.06,1.06,1.06
709953,台半群益62購02,0,,,,
709954,中美晶凱基5C購03,9250,1.85,1.85,1.85,1.85
709955,宏觀凱基5C購01,0,,,,
709956,良維凱基5C購04,0,,,,
709957,朋程凱基5C購01,54310,0.34,0.37,0.34,0.37
709958,博智凱基5C購04,60840,0.37,0.38,0.35,0.35
709959,群ESG凱基61購01,1840,0.23,0.23,0.23,0.23
709961,緯軟凱基5C購01,0,,,,
709962,世界統一6A購01,140140,0.62,0.62,0.61,0.61
709963,正基統一66購01,6120,0.36,0.36,0.36,0.36
709964,立敦統一68購01,0,,,,
709965,宏觀統一6A購01,0,,,,
709966,家登統一6A購01,12600,0.6,0.6,0.6,0.6
709967,富喬統一66購02,956250,1.13,1.27,1.13,1.27
709968,晶焱統一6A購01,0,,,,
709969,順達統一6A購01,55000,0.55,0.55,0.55,0.55
709970,群聯統一63購03,0,,,,
709971,群聯國泰61購03,0,,,,
709972,富喬台新5C購04,0,,,,
709973,世界富邦61購02,327800,0.65,0.66,0.6,0.62
709974,立碁富邦5C購01,90600,2.69,2.69,2.43,2.54
709975,良維富邦61購03,204590,0.41,0.41,0.41,0.41
709976,世界元大5C購06,145230,1.17,1.26,1.16,1.21
709977,宜鼎元大5C購09,3200,0.32,0.32,0.32,0.32
709978,順達元大5C購08,442620,0.76,0.79,0.69,0.69
709980,雙鴻元大5C購06,1071380,1.4,1.47,1.32,1.4
709981,家登永豐5C購02,0,,,,
709982,漢達永豐61購01,0,,,,
709983,宜鼎元大5C購10,0,,,,
709984,千附國票61購01,0,,,,
709985,世禾國票61購01,0,,,,
709986,台特化國票61購02,0,,,,
709987,伯特光國票61購01,12000,0.3,0.3,0.3,0.3
709988,岱稜國票61購01,1610,0.23,0.23,0.23,0.23
709989,昇佳電國票61購01,12770,0.38,0.39,0.38,0.39
709990,朋億*國票61購02,0,,,,
709991,欣銓國票61購02,0,,,,
709992,信音國票61購01,21000,0.35,0.35,0.35,0.35
709993,茂綸國票61購01,0,,,,
709994,新普國票61購01,15500,0.31,0.31,0.31,0.31
709995,聖暉*國票61購02,48000,0.3,0.34,0.3,0.34
709996,精材國票61購01,39500,3.95,3.95,3.95,3.95
709997,綠界*國票61購01,5000,0.25,0.25,0.25,0.25
709998,中美晶群益5C購03,480940,1.28,1.53,1.28,1.51
709999,順達群益5C購02,0,,,,
710000,精材群益5C購02,340500,8.45,8.6,8.45,8.6
710001,加高國泰61購01,0,,,,
710002,宜鼎國泰61購05,0,,,,
710003,宜鼎國泰61購06,0,,,,
710004,信音國泰61購01,0,,,,
710005,臺慶科國泰61購02,0,,,,
710006,中美晶凱基5C購04,0,,,,
710007,台半凱基61購03,378370,0.41,0.45,0.41,0.45
710008,宜鼎凱基5C購06,970,0.17,0.17,0.16,0.16
710009,順達凱基5C購04,0,,,,
710010,群聯凱基5C購07,0,,,,
710011,臺慶科凱基5C購04,0,,,,
710012,雙鴻凱基5C購10,0,,,,
710013,大中統一6A購01,0,,,,
710014,中美晶統一64購02,174700,1.28,1.35,1.27,1.35
710015,朋億*統一63購01,32400,0.3,0.3,0.3,0.3
710016,朋億*統一68購01,47940,0.51,0.51,0.51,0.51
710017,宣德統一66購01,0,,,,
710018,建榮統一63購01,233080,0.35,0.44,0.35,0.42
710019,凱崴統一63購01,17600,0.22,0.22,0.22,0.22
710020,凱崴統一65購01,18000,0.3,0.3,0.3,0.3
710021,博智統一62購03,310,0.31,0.31,0.31,0.31
710022,富喬統一63購01,1010850,1.42,1.66,1.42,1.66
710023,富喬統一65購03,1039030,1.27,1.41,1.23,1.36
710024,富喬統一6C購02,734700,0.91,0.97,0.91,0.94
710025,聖暉*統一6A購03,151420,0.44,0.46,0.44,0.46
710026,精材統一63購01,14700,2.94,2.94,2.94,2.94
710027,雙鴻統一63購02,0,,,,
710028,穩得統一68購01,0,,,,
710029,佳邦富邦5C購01,0,,,,
710030,宜鼎富邦63購02,0,,,,
710031,富喬富邦63購01,811380,0.96,1.13,0.95,1.13
710032,群聯富邦62購07,0,,,,
710033,群聯富邦62購08,0,,,,
710034,中美晶台新5C購01,38650,2.57,2.59,2.57,2.59
710035,台半台新5C購01,212970,0.63,0.66,0.63,0.66
710036,台半台新5C購02,0,,,,
710037,廣閎科台新5C購02,177900,1.51,1.51,1.37,1.37
710038,良維永豐5C購04,0,,,,
710039,朋億*永豐61購01,0,,,,
710040,華景電永豐63購01,0,,,,
710041,群聯永豐5C購10,0,,,,
710042,群聯永豐5C購11,0,,,,
710043,群聯永豐5C購12,7250,0.29,0.29,0.29,0.29
710044,臺慶科永豐5C購02,0,,,,
710045,力致國票61購01,0,,,,
710046,千附國票61購02,15400,0.77,0.77,0.77,0.77
710047,中美晶國票61購02,120150,1.29,1.44,1.29,1.44
710048,加高國票61購03,0,,,,
710049,宏碁資國票61購01,12000,0.6,0.6,0.6,0.6
710050,朋億*國票61購03,0,,,,
710051,美琪瑪國票61購01,0,,,,
710052,高鋒國票61購01,0,,,,
710053,博士旺國票5C購02,0,,,,
710054,閎康國票61購02,0,,,,
710055,聖暉*國票61購03,0,,,,
710056,臺慶科國票61購03,0,,,,
710057,廣閎科國票61購03,0,,,,
710058,廣運國票61購01,0,,,,
710059,營邦國票5C購01,0,,,,
710060,營邦國票5C購02,0,,,,
710061,鴻呈國票61購01,0,,,,
710062,中美晶凱基61購04,20450,0.82,0.82,0.81,0.81
710063,威剛凱基5C購06,0,,,,
710064,宣德凱基5C購01,0,,,,
710065,精材凱基5C購04,0,,,,
710066,臺慶科凱基5C購05,0,,,,
710067,廣閎科凱基5C購02,146880,0.35,0.35,0.33,0.34
710068,營邦凱基5C購01,0,,,,
710069,營邦凱基5C購02,136780,1.21,1.21,1.16,1.2
710070,營邦凱基5C購03,843560,0.99,1.01,0.95,0.99
710071,中美晶群益5C購04,269410,1.08,1.32,1.08,1.27
710072,兆利群益5C購01,0,,,,
710073,營邦群益5C購01,562120,1.88,1.88,1.88,1.88
710074,營邦群益5C購02,250330,1.71,1.74,1.67,1.7
710075,世界元大5C購07,230560,1.18,1.18,1.1,1.1
710076,世界元大63購04,112520,0.87,0.88,0.87,0.88
710077,宜鼎元大5C購11,0,,,,
710078,威剛元大61購05,65400,0.44,0.45,0.44,0.45
710079,廣閎科元大5C購03,4400,0.44,0.44,0.44,0.44
710080,營邦元大5C購01,476620,1.98,2.04,1.94,2.02
710081,凱崴國泰61購01,0,,,,
710082,廣閎科國泰61購01,0,,,,
710083,營邦國泰61購01,791770,2.85,2.97,2.82,2.93
710084,營邦富邦62購01,0,,,,
710085,營邦富邦63購01,357230,0.73,0.73,0.68,0.71
710086,中美晶統一66購03,380690,0.81,0.86,0.81,0.85
710087,台特化統一6C購02,640,0.64,0.64,0.64,0.64
710088,朋程統一65購02,0,,,,
710089,朋億*統一66購01,0,,,,
710090,威剛統一63購01,0,,,,
710091,威剛統一65購05,0,,,,
710092,美琪瑪統一6A購01,0,,,,
710093,華景電統一64購03,0,,,,
710094,群聯統一66購01,0,,,,
710095,聖暉*統一66購01,12800,0.32,0.32,0.32,0.32
710096,博智國泰61購01,0,,,,
710097,營邦統一66購01,573640,1.16,1.16,1.12,1.13
710098,營邦統一66購02,231990,1.11,1.11,1.11,1.11
710099,營邦統一66購03,0,,,,
710100,營邦統一6C購01,1194440,0.92,0.92,0.9,0.91
710101,中美晶台新5C購02,374480,1.2,1.48,1.2,1.48
710102,中美晶台新5C購03,220150,5.2,6.1,5.2,6.1
710103,東浦台新5C購02,46500,0.31,0.31,0.31,0.31
710104,東浦台新5C購03,0,,,,
710105,勤凱台新5C購01,123440,0.36,0.4,0.36,0.36
710106,聖暉*台新5C購02,0,,,,
710107,聖暉*台新5C購03,0,,,,
710108,聖暉*台新5C購04,45880,0.31,0.31,0.31,0.31
710109,廣閎科台新5C購03,591840,1.03,1.05,0.9,0.9
710110,銳澤台新5C購01,221200,0.62,0.62,0.61,0.61
710111,騰雲台新5C購01,0,,,,
710112,中美晶凱基61購05,429380,0.77,0.82,0.77,0.82
710113,世界凱基5C購06,0,,,,
710114,宜鼎凱基5C購07,0,,,,
710115,朋億*凱基61購01,0,,,,
710116,威剛凱基5C購07,0,,,,
710117,威剛凱基5C購08,0,,,,
710118,宜鼎元大5C購12,0,,,,
710119,朋億*元大5C購01,148500,0.3,0.3,0.3,0.3
710120,東浦元大5C購01,0,,,,
710121,威剛元大5C購04,0,,,,
710122,安碁台新5C購01,188300,0.69,0.71,0.69,0.71
710123,臺慶科台新5C購01,0,,,,
710124,中美晶國票61購03,19890,1.17,1.17,1.17,1.17
710125,宏捷科國票61購01,0,,,,
710126,朋億*國票61購04,0,,,,
710127,東浦國票61購04,0,,,,
710128,宣德國票61購01,0,,,,
710129,能率亞國票61購02,0,,,,
710130,宏捷科中信5C購01,0,,,,
710131,博智中信5C購01,0,,,,
710132,中美晶永豐5C購02,0,,,,
710133,中美晶永豐5C購03,11970,1.33,1.33,1.33,1.33
710134,世界永豐66購01,0,,,,
710135,亞通永豐64購01,274570,1.63,1.69,1.63,1.69
710136,宣德永豐61購01,0,,,,
710137,博智永豐61購01,18000,0.18,0.18,0.18,0.18
710138,中美晶富邦5C購01,284700,0.93,1.1,0.93,1.07
710139,順達富邦62購02,17610,0.37,0.37,0.33,0.33
710140,聖暉*富邦5C購03,9000,0.18,0.18,0.18,0.18
710141,中美晶中信5C購01,100230,0.51,0.57,0.51,0.56
710142,宏捷科凱基5C購02,15800,0.21,0.29,0.21,0.29
710143,富喬凱基5C購05,296540,1.25,1.62,1.25,1.44
710144,群聯凱基5C購08,0,,,,
710145,廣閎科凱基5C購03,37100,0.3,0.3,0.27,0.27
710146,中美晶台新5C購04,174540,0.96,1.17,0.96,1.17
710147,台半台新5C購03,19040,0.28,0.28,0.28,0.28
710148,均豪台新5C購01,0,,,,
710149,均豪台新5C購02,0,,,,
710150,均豪台新5C購03,0,,,,
710151,宜鼎台新5C購06,0,,,,
710152,凱崴台新5C購02,0,,,,
710153,廣閎科台新5C購04,5320,0.76,0.76,0.76,0.76
710154,台半元大5C購07,5400,0.54,0.54,0.54,0.54
710155,宜鼎元大5C購13,0,,,,
710156,威剛元大5C購05,165440,0.88,0.88,0.88,0.88
710158,台半國泰61購01,216380,0.81,0.87,0.81,0.87
710159,博智國泰61購02,0,,,,
710160,順達國泰61購01,0,,,,
710161,台半富邦62購04,105340,0.46,0.46,0.46,0.46
710162,台半富邦63購02,90280,0.4,0.41,0.4,0.41
710163,朋程富邦62購02,0,,,,
710164,朋程富邦63購02,0,,,,
710165,鈊象富邦62購02,0,,,,
710166,營邦富邦62購02,0,,,,
710167,兆利永豐64購01,0,,,,
710168,宜鼎永豐63購01,3300,0.33,0.33,0.33,0.33
710169,精確永豐61購01,145770,0.52,0.52,0.48,0.51
710170,雙鴻永豐66購01,0,,,,
710171,廣閎科國票61購04,0,,,,
710172,台半群益5C購04,0,,,,
710173,宏捷科群益5C購02,0,,,,
710174,臺慶科群益5C購02,0,,,,
710175,台半凱基5C購04,19880,0.22,0.24,0.22,0.24
710176,尼克森凱基5C購01,34930,0.07,0.07,0.07,0.07
710177,宏捷科凱基5C購03,0,,,,
710178,朋程凱基5C購02,0,,,,
710179,茂達凱基5C購01,0,,,,
710180,臺慶科凱基5C購06,0,,,,
710181,廣閎科凱基5C購04,79800,0.21,0.21,0.21,0.21
710182,大中台新5C購01,0,,,,
710183,台半台新5C購04,0,,,,
710184,宜鼎台新61購02,9600,0.16,0.16,0.16,0.16
710185,晶焱台新5C購04,0,,,,
710186,晶焱台新5C購05,0,,,,
710187,廣閎科台新61購01,30500,0.61,0.61,0.61,0.61
710188,中美晶元大5C購11,315780,0.95,1.12,0.95,1.11
710190,宜鼎元大5C購14,0,,,,
710191,威剛元大5C購06,0,,,,
710192,群聯中信64購01,17150,0.21,0.22,0.21,0.22
710193,雙鴻中信66購01,0,,,,
710194,雙鴻中信66購02,446190,1.07,1.07,1.07,1.07
710195,大中永豐64購01,0,,,,
710196,台半永豐64購01,41120,0.49,0.53,0.49,0.53
710197,尼克森永豐64購01,0,,,,
710198,信紘科永豐64購01,1278490,0.42,0.52,0.42,0.51
710199,家登永豐64購01,143640,1.17,1.2,1.17,1.2
710200,富喬永豐5C購02,84760,1.67,2.03,1.67,2.03
710201,鈊象永豐61購01,0,,,,
710202,鴻呈永豐61購01,31440,0.46,0.48,0.46,0.48
710203,世禾國票61購02,0,,,,
710204,世紀*國票61購01,18480,3.08,3.08,3.08,3.08
710205,亞泰國票61購01,0,,,,
710206,矽科國票61購01,0,,,,
710207,茂迪國票61購02,0,,,,
710208,茂達國票61購01,0,,,,
710209,崧騰國票61購01,1850,0.37,0.37,0.37,0.37
710210,統振國票61購01,0,,,,
710211,博盛國票61購01,0,,,,
710212,閎康國票61購03,0,,,,
710213,萬泰科國票61購01,0,,,,
710214,漢達國票61購01,0,,,,
710215,臺慶科國票61購04,0,,,,
710216,廣閎科國票61購05,0,,,,
710217,聰泰國票61購01,3500,0.35,0.35,0.35,0.35
710218,能率亞國泰61購01,0,,,,
710219,能率國泰61購01,0,,,,
710220,廣閎科國泰61購02,0,,,,
710221,凡甲富邦63購01,0,,,,
710222,立碁富邦5C購02,0,,,,
710223,智通*富邦62購02,0,,,,
710224,宜鼎群益5C購05,11000,0.11,0.11,0.11,0.11
710225,威剛群益5C購07,0,,,,
710226,威剛群益62購02,0,,,,
710227,宣德群益5C購01,0,,,,
710228,家登群益63購01,139670,1.15,1.15,1.13,1.13
710229,凱崴群益5C購01,0,,,,
710230,博智群益5C購01,0,,,,
710231,富喬群益5C購04,0,,,,
710232,群聯群益5C購08,0,,,,
710233,群聯群益5C購09,0,,,,
710234,群聯群益61購05,0,,,,
710235,雙鴻群益62購02,30500,6.1,6.1,6.1,6.1
710236,威剛中信66購01,6400,0.32,0.32,0.32,0.32
710237,富喬中信66購01,168840,0.78,0.88,0.77,0.84
710238,大中永豐5C購01,0,,,,
710239,中光電永豐61購01,19720,0.29,0.29,0.29,0.29
710240,世界永豐5C購02,0,,,,
710241,台半永豐61購03,27900,0.45,0.45,0.45,0.45
710242,宜鼎永豐61購02,0,,,,
710243,原相永豐61購01,0,,,,
710244,達航永豐63購01,0,,,,
710245,漢達永豐64購01,95750,1.54,1.58,1.48,1.48
710247,台半元大63購03,214960,0.39,0.43,0.39,0.43
710249,佳邦元大5C購01,0,,,,
710250,朋程元大5C購02,0,,,,
710251,欣銓元大5C購02,410030,0.99,1.0,0.96,1.0
710252,欣銓元大5C購03,251310,0.69,0.72,0.69,0.72
710253,家登元大5C購05,71660,0.72,0.74,0.72,0.74
710254,家登元大66購01,559900,1.16,1.17,1.13,1.15
710255,臺慶科元大5C購05,10080,0.16,0.16,0.16,0.16
710256,台半國票61購04,5970,0.22,0.24,0.22,0.22
710257,台半國票61購05,0,,,,
710258,青雲國票5C購01,3200,0.32,0.32,0.32,0.32
710259,大中台新61購01,9720,0.46,0.46,0.44,0.44
710260,台半台新5C購05,0,,,,
710261,晶焱台新5C購06,0,,,,
710262,漢達台新5C購01,0,,,,
710263,臺慶科台新5C購03,36000,0.09,0.09,0.09,0.09
710264,世界凱基5C購07,0,,,,
710265,台半凱基5C購05,260,0.13,0.13,0.13,0.13
710266,朋程凱基5C購03,0,,,,
710267,富喬凱基63購01,663580,0.72,0.92,0.72,0.87
710268,群聯凱基5C購09,0,,,,
710269,漢達凱基5C購01,51000,1.16,1.16,1.1,1.1
710270,精材凱基63購01,632550,1.51,1.61,1.51,1.61
710271,世界國泰61購01,85850,1.0,1.05,1.0,1.05
710272,穩得國泰61購01,0,,,,
710273,中光電富邦62購02,0,,,,
710274,台半富邦63購03,19600,0.28,0.28,0.28,0.28
710275,朋程富邦63購03,0,,,,
710276,FH中5G群益5C購01,0,,,,
710277,大中群益5C購01,0,,,,
710278,中光電群益5C購01,5250,0.35,0.35,0.35,0.35
710279,中光電群益5C購02,0,,,,
710280,世界群益5C購04,15950,0.72,0.73,0.72,0.73
710281,台半群益62購03,0,,,,
710282,尼克森群益61購01,7540,0.26,0.26,0.26,0.26
710283,宏捷科群益5C購03,0,,,,
710284,朋程群益5C購01,0,,,,
710285,茂達群益5C購01,0,,,,
710286,榮剛群益61購01,0,,,,
710287,精材群益61購01,0,,,,
710288,世界元大5C購08,446270,0.4,0.41,0.39,0.4
710289,朋程元大5C購03,0,,,,
710290,博盛元大5C購01,0,,,,
710291,世界台新5C購01,0,,,,
710292,萬泰科台新5C購01,680,0.34,0.34,0.34,0.34
710293,大中國票5C購01,0,,,,
710294,天品國票5C購01,77100,1.28,1.29,1.28,1.29
710295,世界國票61購02,0,,,,
710296,立碁國票61購01,96990,3.53,3.53,3.17,3.21
710297,亞通國票5C購01,2391140,1.73,1.75,1.67,1.75
710298,朋程國票5C購02,0,,,,
710299,杰力國票61購02,3300,0.22,0.22,0.22,0.22
710300,博盛國票61購02,195000,0.3,0.3,0.3,0.3
710301,晶宏國票61購01,17700,0.59,0.59,0.59,0.59
710302,漢達國票63購01,39050,1.18,1.23,1.18,1.23
710303,寶雅國票61購02,33750,0.75,0.75,0.75,0.75
710304,大中凱基5C購01,790,0.03,0.13,0.03,0.13
710305,中光電凱基5C購01,0,,,,
710306,中光電凱基5C購02,0,,,,
710307,世界凱基63購02,2900,0.29,0.29,0.29,0.29
710308,宏捷科凱基5C購04,0,,,,
710309,欣銓凱基5C購01,3120,0.52,0.52,0.52,0.52
710310,青雲凱基5C購01,13000,0.26,0.26,0.26,0.26
710311,威剛凱基61購02,0,,,,
710312,茂達凱基5C購02,180,0.09,0.09,0.09,0.09
710313,家登凱基5C購04,1020,0.34,0.34,0.34,0.34
710314,家登凱基5C購05,0,,,,
710315,臺慶科凱基5C購07,0,,,,
710316,聖暉*群益5C購03,0,,,,
710317,台嘉碩國泰61購01,1240770,1.52,1.55,1.47,1.55
710318,宜鼎國泰62購01,0,,,,
710319,朋程國泰61購01,12600,0.63,0.63,0.63,0.63
710320,原相國泰61購01,0,,,,
710321,博盛國泰61購01,0,,,,
710322,世界富邦5C購04,0,,,,
710323,宜鼎富邦5C購05,3700,0.05,0.05,0.05,0.05
710324,信紘科永豐5C購01,121000,0.3,0.36,0.3,0.33
710325,順達永豐5C購02,0,,,,
710326,順達永豐5C購03,0,,,,
710327,順達永豐5C購04,0,,,,
710328,群聯永豐64購06,0,,,,
710329,群聯永豐66購01,4400,0.55,0.55,0.55,0.55
710330,鴻呈永豐5C購01,23200,0.36,0.38,0.36,0.38
710331,中光電台新5C購01,0,,,,
710332,中光電台新5C購02,0,,,,
710333,亞信台新5C購01,0,,,,
710334,精材台新61購01,8880,4.44,4.44,4.44,4.44
710335,精材台新61購02,0,,,,
710336,亞通凱基5C購01,0,,,,
710337,朋程凱基5C購04,0,,,,
710338,聖暉*凱基5C購03,0,,,,
710339,宜鼎元大5C購15,171310,0.37,0.37,0.37,0.37
710340,富喬元大65購01,40350,1.72,1.83,1.72,1.83
710341,漢達元大5C購01,84060,1.01,1.05,0.97,0.97
710342,精材元大5C購05,280900,3.67,3.69,3.6,3.67
710343,臺慶科元大5C購06,0,,,,
710344,宜特永豐64購01,0,,,,
710345,朋程永豐5C購03,0,,,,
710346,朋程永豐5C購04,0,,,,
710347,威剛永豐64購02,0,,,,
710348,威剛永豐66購01,0,,,,
710349,富喬永豐5C購03,0,,,,
710350,漢達永豐5C購01,10000,1.0,1.0,1.0,1.0
710351,雙鴻永豐63購03,78660,1.58,1.64,1.58,1.64
710352,寶雅永豐5C購01,0,,,,
710353,鏵友益永豐64購01,107570,0.49,0.49,0.45,0.45
710354,精材中信64購01,60500,1.21,1.21,1.21,1.21
710355,大世科國票61購01,0,,,,
710356,元山國票61購01,0,,,,
710357,世界國票61購03,0,,,,
710358,安葆國票61購01,29770,1.41,1.42,1.41,1.42
710359,亞信國票61購01,0,,,,
710360,明安國票61購01,0,,,,
710361,桓達國票61購01,0,,,,
710362,神準國票61購01,22930,0.45,0.45,0.43,0.43
710363,晶焱國票5C購02,0,,,,
710364,智擎國票61購01,1140,0.38,0.38,0.38,0.38
710365,聖暉*國票61購04,0,,,,
710366,漢達國票65購01,301750,1.12,1.14,1.09,1.09
710367,精材國票61購02,0,,,,
710368,鈊象群益5C購01,1290,1.29,1.29,1.29,1.29
710369,富喬國泰61購01,0,,,,
710370,漢達國泰61購02,0,,,,
710371,世界凱基5C購08,0,,,,
710372,宜鼎凱基5C購08,0,,,,
710373,群聯凱基5C購10,205400,0.36,0.36,0.35,0.35
710374,群聯凱基61購06,0,,,,
710375,精材凱基5C購05,32230,2.74,2.74,2.61,2.61
710376,世界台新5C購03,62060,0.39,0.4,0.39,0.4
710377,巨有台新5C購01,0,,,,
710378,巨有台新5C購02,0,,,,
710379,東浦台新5C購04,0,,,,
710380,東浦台新5C購05,0,,,,
710381,杰力台新5C購01,0,,,,
710382,青雲台新5C購01,2500,0.31,0.33,0.31,0.33
710383,能率亞台新5C購01,1700,0.28,0.29,0.28,0.29
710384,中光電元大5C購01,0,,,,
710385,宜鼎元大5C購16,1500,0.3,0.3,0.3,0.3
710386,富喬元大65購02,202950,1.59,1.81,1.59,1.74
710387,精材元大5C購06,92130,3.66,3.93,3.66,3.91
710388,精材元大5C購07,205710,2.83,2.92,2.81,2.86
710389,精材元大61購08,91130,3.21,3.47,3.21,3.45
710390,精材元大61購09,171980,3.21,3.27,3.2,3.27
710391,精材元大63購04,8550,2.85,2.85,2.85,2.85
710392,世界中信63購01,21140,0.26,0.27,0.26,0.27
710393,久元永豐5C購03,0,,,,
710394,久元永豐5C購04,1100,0.11,0.11,0.11,0.11
710395,世禾永豐5C購01,81970,0.86,0.89,0.84,0.85
710396,世界永豐5C購03,0,,,,
710397,巨有永豐5C購02,5840,2.92,2.92,2.92,2.92
710398,安勤永豐63購01,47490,0.61,0.61,0.6,0.6
710399,均豪永豐5C購03,15120,1.26,1.26,1.26,1.26
710400,均豪永豐5C購04,7860,1.31,1.31,1.31,1.31
710401,宏觀永豐5C購02,1930,0.27,0.31,0.27,0.31
710402,宏觀永豐5C購03,0,,,,
710403,晶焱永豐5C購01,0,,,,
710404,晶焱永豐5C購02,0,,,,
710405,智通*永豐63購01,0,,,,
710406,湧德永豐5C購01,378670,0.75,0.77,0.73,0.73
710407,湧德永豐5C購02,321830,0.64,0.65,0.64,0.65
710408,聖暉*永豐5C購03,0,,,,
710409,聖暉*永豐5C購04,0,,,,
710410,精材永豐5C購03,0,,,,
710411,精材永豐5C購04,0,,,,
710412,精材永豐63購02,0,,,,
710413,優群永豐5C購02,0,,,,
710414,雙鴻永豐5C購05,87450,2.03,2.05,2.03,2.05
710415,世界國票61購04,0,,,,
710416,巨有國票5C購01,0,,,,
710418,宇峻國票61購01,0,,,,
710419,安勤國票61購02,24600,0.41,0.41,0.41,0.41
710420,青雲國票5C購02,97420,0.23,0.24,0.23,0.24
710421,能率國票61購01,0,,,,
710422,精材國票61購03,7440,2.48,2.48,2.48,2.48
710423,鑫科國票5C購01,0,,,,
710424,巨有群益5C購01,0,,,,
710425,智通*群益5C購01,0,,,,
710426,智通*群益63購01,0,,,,
710427,東浦國泰61購01,0,,,,
710428,杰力國泰61購01,0,,,,
710429,精材國泰61購01,0,,,,
710430,威剛富邦5C購02,0,,,,
710431,精材富邦5C購01,64250,1.81,1.87,1.81,1.82
710432,安勤凱基62購01,0,,,,
710433,系微凱基5C購01,0,,,,
710434,宜鼎凱基5C購09,0,,,,
710435,能率凱基62購01,1100,0.22,0.22,0.22,0.22
710436,富喬凱基63購02,42910,1.68,1.84,1.68,1.84
710437,智通*凱基5C購01,0,,,,
710438,群聯凱基5C購11,0,,,,
710439,群聯凱基5C購12,180000,0.36,0.36,0.36,0.36
710440,鑫科凱基5C購01,0,,,,
710441,中美晶元大5C購12,50960,2.09,2.33,2.09,2.33
710442,世界元大66購03,20000,0.95,0.96,0.93,0.96
710443,宜鼎元大5C購17,0,,,,
710444,能率亞元大5C購01,0,,,,
710445,富喬元大5C購04,95660,1.23,1.5,1.23,1.5
710446,智通*元大5C購01,0,,,,
710447,智通*元大5C購02,3780,0.54,0.54,0.54,0.54
710448,智通*元大63購01,0,,,,
710449,五福國票64購01,0,,,,
710450,璟德國票64購01,0,,,,
710451,磐儀國票64購01,0,,,,
710452,中光電國票61購01,0,,,,
710453,宜鼎國票62購01,5600,0.28,0.28,0.28,0.28
710454,竹陞國票64購01,2100,0.7,0.7,0.7,0.7
710455,崴寶國票64購01,0,,,,
710456,富強鑫國票62購01,32320,1.01,1.01,1.01,1.01
710457,千附國票64購01,0,,,,
710458,智通*國票61購01,0,,,,
710459,智通*國票61購02,0,,,,
710460,久元永豐5C購05,0,,,,
710461,久元永豐63購01,0,,,,
710462,久元永豐66購01,0,,,,
710463,中光電永豐5C購01,0,,,,
710464,系統電永豐5C購02,204040,0.74,0.75,0.72,0.72
710465,營邦永豐5C購01,0,,,,
710466,營邦永豐5C購02,58460,1.58,1.58,1.58,1.58
710467,宏觀台新5C購02,0,,,,
710468,聖暉*台新5C購06,0,,,,
710469,聖暉*台新5C購07,0,,,,
710470,能率國泰63購01,0,,,,
710471,久元富邦63購01,0,,,,
710472,原相富邦5C購01,0,,,,
710473,達航富邦62購01,0,,,,
710474,營邦富邦63購02,0,,,,
710475,營邦富邦63購03,0,,,,
710476,巨有群益5C購02,48300,4.83,4.83,4.83,4.83
710477,世界元大61購01,110690,0.8,0.85,0.78,0.79
710478,世界元大66購04,19990,0.96,0.97,0.94,0.96
710479,世界元大67購01,4550,0.91,0.91,0.91,0.91
710480,巨有元大61購01,4980,2.46,2.52,2.46,2.52
710481,宜鼎元大61購05,44700,0.56,0.56,0.55,0.55
710482,富喬元大61購06,0,,,,
710483,富喬元大62購01,246560,1.41,1.57,1.39,1.54
710484,富喬元大62購02,763800,1.45,1.63,1.45,1.6
710485,臺慶科元大61購01,22000,0.4,0.4,0.4,0.4
710486,千附精台新61購01,3900,0.78,0.78,0.78,0.78
710487,元太台新61購01,0,,,,
710488,竹陞台新61購01,0,,,,
710489,譜瑞台新61購01,19140,0.86,0.88,0.86,0.88
710490,譜瑞台新61購02,0,,,,
710491,千附精凱基61購01,0,,,,
710492,千附精凱基61購02,0,,,,
710493,中光電凱基61購01,0,,,,
710494,元太凱基61購02,0,,,,
710495,元太凱基61購03,0,,,,
710496,元太凱基61購04,0,,,,
710497,元太凱基61購05,0,,,,
710498,元太凱基61購06,0,,,,
710499,世紀*凱基61購01,0,,,,
710500,竹陞凱基61購01,1181250,0.71,0.72,0.69,0.71
710501,原相凱基61購01,0,,,,
710502,譜瑞凱基61購02,0,,,,
710503,譜瑞凱基61購03,0,,,,
710504,譜瑞凱基61購04,0,,,,
710505,譜瑞凱基61購05,0,,,,
710506,千附精群益61購01,103080,0.49,0.54,0.49,0.53
710507,譜瑞群益61購01,0,,,,
710508,91APP*國票62購01,0,,,,
710509,千附精國票62購01,0,,,,
710510,世紀*國票62購01,0,,,,
710511,竹陞國票62購01,16200,0.54,0.54,0.54,0.54
710512,宜鼎國票62購02,0,,,,
710513,長佳智國票62購01,0,,,,
710514,長聖國票62購01,10080,0.54,0.54,0.53,0.53
710515,威剛國票62購02,86300,0.54,0.54,0.53,0.54
710516,建榮國票61購01,24870,0.38,0.45,0.38,0.44
710517,昱展國票62購01,0,,,,
710518,茂迪國票62購01,0,,,,
710519,訊聯國票62購01,0,,,,
710520,博士旺國票61購01,0,,,,
710521,精星國票62購01,0,,,,
710523,譜瑞國票62購01,0,,,,
710524,元太中信61購01,2000,0.04,0.04,0.04,0.04
710525,久元永豐64購01,0,,,,
710526,大江永豐61購01,4560,0.38,0.38,0.38,0.38
710527,元太永豐61購02,0,,,,
710528,元太永豐61購03,24060,0.29,0.29,0.28,0.28
710529,邑錡永豐64購01,0,,,,
710530,威剛永豐61購04,0,,,,
710531,威剛永豐61購05,0,,,,
710532,鈊象永豐65購01,30070,0.97,0.97,0.97,0.97
710533,勤凱永豐65購01,181200,0.73,0.76,0.69,0.69
710534,新普永豐61購01,7000,0.7,0.7,0.7,0.7
710535,譜瑞永豐61購01,0,,,,
710536,譜瑞永豐61購02,0,,,,
710537,譜瑞永豐61購03,0,,,,
710538,譜瑞永豐61購04,0,,,,
710539,譜瑞永豐64購01,120660,0.82,0.83,0.82,0.83
710540,譜瑞永豐64購02,0,,,,
710541,譜瑞永豐67購01,66690,1.17,1.17,1.17,1.17
710542,久元國泰62購01,9520,0.68,0.68,0.68,0.68
710543,久元國泰62購02,0,,,,
710544,中光電國泰62購01,9120,0.38,0.38,0.38,0.38
710545,巨有國泰62購01,6150,6.15,6.15,6.15,6.15
710546,竹陞國泰62購01,190020,1.59,1.6,1.56,1.56
710547,青雲國泰62購01,8200,0.55,0.55,0.54,0.54
710548,青雲國泰62購02,22380,0.43,0.44,0.43,0.44
710549,智通*國泰62購01,0,,,,
710550,元太富邦64購01,0,,,,
710551,安勤富邦62購01,0,,,,
710552,譜瑞富邦63購01,0,,,,
710553,譜瑞富邦64購01,401590,0.42,0.42,0.41,0.42
710554,宜鼎中信61購02,0,,,,
710555,中光電永豐61購02,0,,,,
710556,竹陞永豐61購01,33300,1.11,1.11,1.11,1.11
710557,竹陞永豐64購01,69620,1.18,1.18,1.18,1.18
710558,竹陞永豐65購01,14030,0.87,0.88,0.87,0.88
710559,均豪永豐64購01,65520,0.84,0.84,0.84,0.84
710560,宏捷科永豐61購01,91280,0.56,0.6,0.56,0.6
710561,宜鼎永豐61購03,0,,,,
710562,宜鼎永豐64購02,161920,0.46,0.46,0.46,0.46
710563,威剛永豐61購06,0,,,,
710564,威剛永豐61購07,0,,,,
710565,茂達永豐61購02,0,,,,
710566,家登永豐61購02,130700,1.35,1.37,1.35,1.37
710567,富喬永豐61購03,654810,0.71,0.91,0.71,0.8
710568,富喬永豐66購02,804930,1.21,1.39,1.21,1.39
710569,群翊永豐61購01,810,0.81,0.81,0.81,0.81
710570,群聯永豐61購02,0,,,,
710571,群聯永豐61購03,0,,,,
710572,群聯永豐65購06,0,,,,
710573,雙鴻永豐61購05,135680,2.12,2.12,2.12,2.12
710574,雙鴻永豐66購02,0,,,,
710575,雙鴻永豐67購01,257940,2.95,3.04,2.95,3.04
710576,中光電元大61購01,0,,,,
710577,中光電元大61購02,0,,,,
710578,中光電元大61購03,15600,0.52,0.52,0.52,0.52
710579,世界元大64購08,294900,0.49,0.52,0.49,0.5
710580,世界元大66購05,224300,0.46,0.46,0.45,0.45
710581,均豪元大61購01,159690,0.34,0.34,0.32,0.32
710582,宏捷科元大67購01,1800460,0.89,1.07,0.89,1.02
710583,佳邦元大61購01,0,,,,
710584,欣銓元大61購01,731240,1.06,1.11,1.06,1.09
710585,原相元大61購01,0,,,,
710586,富喬元大64購03,1110530,0.89,1.04,0.87,0.96
710587,富喬元大65購03,1483090,1.03,1.15,1.02,1.11
710588,群聯元大64購06,28710,0.99,0.99,0.99,0.99
710589,臺慶科元大61購02,173940,0.3,0.32,0.3,0.32
710590,中美晶群益64購01,1372440,0.91,1.05,0.91,1.01
710591,竹陞群益61購01,14180,0.41,0.43,0.41,0.41
710592,均豪群益61購01,350760,1.14,1.14,1.11,1.11
710593,佳邦群益61購01,54000,0.54,0.54,0.54,0.54
710594,宜特群益61購01,29700,0.99,0.99,0.99,0.99
710595,青雲群益62購01,0,,,,
710596,臺慶科群益61購01,0,,,,
710597,中美晶國泰63購01,136300,1.91,2.01,1.91,2.01
710598,家登國泰62購01,70200,1.17,1.17,1.17,1.17
710599,凡甲富邦63購02,12050,0.4,0.41,0.4,0.41
710600,中光電富邦63購01,0,,,,
710601,宏觀富邦63購01,0,,,,
710602,茂達富邦63購01,0,,,,
710603,耕興富邦63購01,164700,0.45,0.45,0.45,0.45
710604,湧德富邦63購01,350030,0.64,0.65,0.63,0.63
710605,中光電凱基61購02,57100,0.09,0.09,0.07,0.07
710606,巨有凱基61購01,454730,2.73,2.83,2.63,2.63
710607,宜鼎凱基61購01,84900,0.12,0.12,0.09,0.09
710608,富喬凱基61購04,1176470,0.93,1.27,0.93,1.13
710609,臺慶科凱基61購02,600,0.12,0.12,0.12,0.12
710610,雙鴻凱基64購01,0,,,,
710611,中美晶台新61購02,0,,,,
710612,宜特台新61購02,0,,,,
710613,宜鼎台新61購03,0,,,,
710614,原相台新61購01,29890,0.61,0.61,0.61,0.61
710615,原相台新61購02,41730,0.39,0.39,0.39,0.39
710616,原相台新61購03,0,,,,
710617,鈊象台新61購01,0,,,,
710618,群聯台新61購01,0,,,,
710619,九暘元大61購01,18000,0.45,0.45,0.45,0.45
710621,台嘉碩元大61購01,16500,0.3,0.3,0.3,0.3
710622,安可元大61購01,35680,0.57,0.57,0.55,0.57
710623,竹陞元大61購01,56000,0.56,0.56,0.56,0.56
710624,宜鼎元大61購06,43560,0.44,0.44,0.44,0.44
710625,松上元大61購01,0,,,,
710626,品安元大61購01,0,,,,
710628,晟田元大61購01,0,,,,
710629,堡達元大61購01,0,,,,
710630,富喬元大61購08,63840,1.0,1.26,1.0,1.26
710631,富喬元大64購04,880940,0.87,1.0,0.85,0.95
710632,碩禾元大61購03,0,,,,
710633,臺慶科元大64購01,20010,0.69,0.69,0.69,0.69
710634,臺慶科元大67購01,45580,0.58,0.6,0.58,0.6
710635,寶雅元大61購01,61970,1.08,1.19,1.08,1.19
710636,川寶國票65購01,0,,,,
710637,中美晶國票61購04,6200,0.62,0.62,0.62,0.62
710638,中裕國票65購01,73470,0.54,0.54,0.51,0.51
710639,日揚國票65購01,0,,,,
710640,安可國票61購01,960,0.32,0.32,0.32,0.32
710641,金雨國票65購01,0,,,,
710642,品安國票65購01,0,,,,
710643,威潤國票65購01,4800,0.24,0.24,0.24,0.24
710644,茂達國票65購01,10200,0.51,0.51,0.51,0.51
710645,泰藝國票61購01,0,,,,
710646,晟田國票61購01,0,,,,
710647,崇越電國票65購01,0,,,,
710648,富強鑫國票65購01,4250,0.85,0.85,0.85,0.85
710649,瑞耘國票65購01,425550,0.93,1.02,0.92,1.02
710650,精拓科國票65購01,12120,0.56,0.56,0.54,0.54
710651,廣積國票65購01,32760,0.91,0.91,0.91,0.91
710652,璟德國票65購01,0,,,,
710653,中光電群益61購01,0,,,,
710654,中美晶群益63購01,698600,1.06,1.13,1.06,1.1
710655,世紀*群益62購01,0,,,,
710656,台嘉碩群益61購01,0,,,,
710657,台嘉碩群益61購02,0,,,,
710658,巨漢群益61購01,0,,,,
710659,宜鼎群益61購01,0,,,,
710660,東浦群益61購01,0,,,,
710661,東浦群益61購02,0,,,,
710662,國眾群益64購01,0,,,,
710663,堡達群益61購01,0,,,,
710664,晶宏群益61購01,129570,0.68,0.69,0.67,0.67
710665,陽程群益61購01,0,,,,
710666,九暘凱基61購01,2250,0.22,0.23,0.22,0.23
710667,川寶凱基61購01,153630,0.43,0.43,0.39,0.43
710668,中美晶凱基61購06,159070,1.11,1.31,1.11,1.27
710669,日揚凱基61購01,0,,,,
710670,世界凱基66購01,52300,0.66,0.66,0.65,0.65
710671,加高凱基61購01,0,,,,
710672,加高凱基61購02,0,,,,
710673,台嘉碩凱基61購01,0,,,,
710674,台嘉碩凱基61購02,0,,,,
710675,全宇昕凱基61購01,0,,,,
710676,邑錡凱基61購01,0,,,,
710677,奇鈦科凱基61購01,0,,,,
710678,東浦凱基61購01,0,,,,
710679,杰力凱基61購01,0,,,,
710680,茂達凱基61購01,0,,,,
710681,泰藝凱基61購01,34970,0.19,0.22,0.19,0.22
710682,高僑凱基61購01,64900,0.44,0.45,0.42,0.45
710683,崇越電凱基61購01,2900,0.58,0.58,0.58,0.58
710684,堡達凱基61購01,0,,,,
710685,晶宏凱基61購01,7550,0.61,0.64,0.61,0.64
710686,越峰凱基61購01,29600,0.09,0.12,0.09,0.12
710687,陽程凱基61購02,0,,,,
710688,碩禾凱基61購01,22440,0.12,0.12,0.12,0.12
710689,中光電台新61購01,31780,0.14,0.14,0.14,0.14
710690,中光電台新61購02,0,,,,
710691,中美晶台新61購03,214250,0.95,1.1,0.95,1.1
710692,中美晶台新63購02,14010,1.07,1.08,1.07,1.08
710693,世界台新61購01,5610,0.51,0.51,0.51,0.51
710694,台嘉碩台新61購01,1020,0.51,0.51,0.51,0.51
710695,台嘉碩台新61購02,0,,,,
710696,巨漢台新61購01,0,,,,
710697,巨漢台新61購02,0,,,,
710698,全宇昕台新61購01,0,,,,
710699,欣銓台新61購01,19480,0.54,0.55,0.54,0.55
710700,欣銓台新61購02,346130,0.51,0.52,0.51,0.51
710701,威剛台新61購02,0,,,,
710702,家登台新61購01,167260,0.76,0.76,0.74,0.74
710703,家登台新64購01,391880,0.99,0.99,0.97,0.98
710704,威剛中信61購01,0,,,,
710705,九暘永豐61購01,1600,0.32,0.32,0.32,0.32
710706,久禾光永豐61購01,900,0.18,0.18,0.18,0.18
710707,川寶永豐61購01,144060,0.33,0.34,0.33,0.34
710708,加高永豐61購01,0,,,,
710709,台嘉碩永豐61購01,0,,,,
710710,巨漢永豐61購01,82830,0.36,0.36,0.35,0.36
710711,立盈永豐61購01,0,,,,
710712,全宇昕永豐61購01,0,,,,
710713,利機永豐61購01,0,,,,
710714,良維永豐61購01,0,,,,
710715,奇鈦科永豐61購01,0,,,,
710716,奇鈦科永豐61購02,250,0.25,0.25,0.25,0.25
710717,東浦永豐61購01,0,,,,
710718,杰力永豐61購01,0,,,,
710719,欣銓永豐64購02,133000,0.59,0.64,0.59,0.64
710720,信音永豐61購01,0,,,,
710721,泰藝永豐61購01,0,,,,
710722,泰藝永豐61購02,810,0.26,0.28,0.26,0.28
710723,崇越電永豐61購01,1740,0.58,0.58,0.58,0.58
710724,崇越電永豐61購02,0,,,,
710725,堡達永豐61購01,0,,,,
710726,堡達永豐64購01,0,,,,
710727,晶宏永豐61購01,0,,,,
710728,華洋永豐61購01,767440,0.5,0.57,0.42,0.42
710729,越峰永豐61購01,62220,0.11,0.17,0.11,0.16
710730,陽程永豐61購01,0,,,,
710731,碩禾永豐61購01,0,,,,
710732,精星永豐61購01,0,,,,
710733,寬魚永豐61購01,0,,,,
710734,寬魚永豐61購02,0,,,,
710735,威剛國泰62購01,0,,,,
710736,立碁富邦61購01,12520,3.13,3.13,3.13,3.13
710737,均豪富邦61購02,0,,,,
710738,中光電國票61購02,0,,,,
710739,中美晶國票65購01,0,,,,
710740,竹陞國票65購01,0,,,,
710741,松上國票61購01,45900,0.17,0.17,0.17,0.17
710742,欣銓國票61購03,0,,,,
710743,青雲國票61購01,40350,1.0,1.01,1.0,1.01
710744,盈正國票65購01,0,,,,
710745,茂達國票65購02,0,,,,
710746,家登國票61購01,0,,,,
710747,堡達國票61購01,0,,,,
710748,翔名國票65購01,0,,,,
710749,華洋國票65購01,13590,0.65,0.65,0.59,0.59
710750,勤凱國票61購01,573690,0.55,0.59,0.47,0.48
710751,頎邦國票65購01,660280,0.94,1.07,0.94,1.0
710752,璟德國票61購01,0,,,,
710753,擎邦國票61購01,361460,0.64,0.71,0.64,0.7
710754,耀穎國票65購01,411500,0.67,0.67,0.47,0.64
710756,大中元大67購01,69940,0.35,0.36,0.26,0.26
710758,佳邦元大61購02,0,,,,
710761,華景電元大64購01,35310,0.6,0.6,0.59,0.59
710762,聖暉*元大61購02,9770,0.13,0.16,0.13,0.16
710763,頎邦元大61購01,4680,1.17,1.17,1.17,1.17
710764,璟德元大61購02,0,,,,
710765,大中凱基61購01,0,,,,
710766,竹陞凱基61購02,1336320,0.24,0.24,0.21,0.22
710767,宜特凱基61購03,0,,,,
710768,欣銓凱基61購02,39040,0.84,0.88,0.84,0.88
710769,茂達凱基61購02,0,,,,
710770,富喬凱基61購05,649350,1.26,1.7,1.26,1.42
710771,聖暉*凱基61購02,0,,,,
710772,璟德凱基64購01,28200,0.38,0.41,0.38,0.41
710773,中美晶永豐61購01,272710,0.83,0.97,0.83,0.93
710774,中美晶永豐61購02,5600,0.56,0.56,0.56,0.56
710775,元太永豐61購04,0,,,,
710776,台嘉碩永豐61購02,0,,,,
710777,竹陞永豐63購01,0,,,,
710778,宜鼎永豐66購01,0,,,,
710779,昇佳電永豐61購01,0,,,,
710780,茂達永豐64購01,0,,,,
710781,能率亞永豐61購01,0,,,,
710782,高僑永豐61購01,0,,,,
710783,閎康永豐61購02,0,,,,
710784,新漢永豐61購01,0,,,,
710785,頎邦永豐61購02,94810,0.63,0.77,0.63,0.73
710786,頎邦永豐64購01,1029730,1.21,1.35,1.21,1.3
710787,璟德永豐61購02,16990,0.32,0.33,0.32,0.33
710788,寶雅永豐61購01,358280,0.42,0.45,0.42,0.45
710789,大中台新61購02,0,,,,
710790,巨有台新61購01,55800,2.79,2.79,2.79,2.79
710791,立碁台新61購01,0,,,,
710792,竹陞台新61購02,1480810,0.56,0.56,0.54,0.55
710793,宜鼎台新61購04,2750,0.27,0.28,0.27,0.28
710794,晟田台新61購01,38000,0.76,0.76,0.76,0.76
710795,新漢台新61購01,0,,,,
710796,新漢台新64購01,0,,,,
710797,群聯台新61購02,0,,,,
710798,中美晶富邦61購02,671630,0.6,0.7,0.6,0.67
710799,欣銓富邦61購01,350970,0.33,0.36,0.33,0.34
710800,陽程富邦61購01,9090,3.03,3.03,3.03,3.03
710801,頎邦富邦63購01,457060,0.61,0.69,0.61,0.66
710802,頎邦富邦64購01,107210,0.71,0.71,0.71,0.71
710803,久元群益63購01,0,,,,
710804,大中群益61購01,0,,,,
710805,中美晶群益61購01,378390,2.79,3.32,2.78,3.22
710806,世界群益61購02,384940,1.29,1.39,1.26,1.33
710807,台特化群益61購01,0,,,,
710808,均豪群益61購02,485310,1.35,1.36,1.32,1.32
710809,良維群益61購03,316670,1.39,1.47,1.27,1.27
710810,杰力群益61購01,0,,,,
710811,威剛群益61購04,67000,0.67,0.67,0.67,0.67
710812,茂達群益61購01,0,,,,
710813,能率群益61購01,0,,,,
710814,翔名群益61購01,0,,,,
710815,鈊象群益64購01,42380,0.28,0.29,0.28,0.28
710816,群聯群益67購02,218800,1.59,1.59,1.57,1.57
710817,頎邦群益61購01,925620,0.76,0.93,0.76,0.85
710818,頎邦群益61購02,82450,0.64,0.71,0.64,0.68
710819,雙鴻群益61購01,57500,5.7,5.8,5.7,5.8
710820,中光電凱基61購03,0,,,,
710821,世紀*凱基61購02,0,,,,
710822,良維凱基61購02,26400,1.32,1.32,1.2,1.22
710823,昇佳電凱基61購01,0,,,,
710824,家登凱基61購01,0,,,,
710825,翔名凱基61購01,0,,,,
710826,頎邦凱基61購01,2368450,0.41,0.5,0.38,0.44
710827,精材凱基61購06,0,,,,
710828,竹陞台新61購03,233550,0.42,0.43,0.41,0.41
710829,朋程台新61購01,52560,0.36,0.36,0.36,0.36
710830,朋程台新62購01,0,,,,
710831,朋程台新63購01,0,,,,
710832,朋程台新64購01,9750,0.65,0.65,0.65,0.65
710833,博大台新61購01,0,,,,
710834,群聯台新61購03,0,,,,
710835,群聯台新67購01,0,,,,
710836,群聯台新67購02,0,,,,
710837,頎邦台新61購01,2129820,1.05,1.32,1.05,1.22
710838,頎邦台新61購02,1924080,0.84,1.12,0.84,1.0
710839,驊訊台新61購01,0,,,,
710840,驊訊台新61購02,0,,,,
710841,力致永豐61購01,26660,0.43,0.43,0.43,0.43
710842,中美晶永豐65購02,60580,1.44,1.49,1.44,1.49
710843,世紀*永豐61購01,0,,,,
710844,神準永豐65購01,0,,,,
710845,翔名永豐61購01,0,,,,
710846,翔名永豐65購01,0,,,,
710847,榮剛永豐61購01,27930,0.57,0.57,0.57,0.57
710848,榮剛永豐61購02,1600,0.4,0.4,0.4,0.4
710849,九暘國票65購01,0,,,,
710850,大中國票61購01,2200,0.22,0.22,0.22,0.22
710851,中菲行國票65購01,1440,0.48,0.48,0.48,0.48
710852,友威科國票65購01,141430,0.57,0.58,0.55,0.58
710853,全宇昕國票65購01,0,,,,
710854,竹陞國票66購01,0,,,,
710855,邑錡國票61購01,17000,0.17,0.17,0.17,0.17
710856,邑錡國票63購01,9300,0.31,0.31,0.31,0.31
710857,尚凡*國票65購01,410,0.41,0.41,0.41,0.41
710858,易發國票65購01,41160,0.56,0.56,0.52,0.53
710859,昇佳電國票65購01,0,,,,
710860,佶優國票61購01,40980,0.57,0.57,0.54,0.54
710861,佶優國票63購01,41900,0.5,0.52,0.5,0.5
710862,茂訊國票65購01,0,,,,
710863,原相國票61購01,0,,,,
710864,振曜國票65購01,0,,,,
710865,泰詠國票65購01,1960,0.49,0.49,0.49,0.49
710866,健喬國票65購01,0,,,,
710867,國眾國票65購01,0,,,,
710868,博大國票65購01,1000,0.5,0.5,0.5,0.5
710869,普萊德國票65購01,1040,0.52,0.52,0.52,0.52
710870,晶宏國票65購01,88450,0.77,0.77,0.75,0.75
710871,越峰國票65購01,144490,0.23,0.28,0.23,0.28
710872,萬泰科國票61購02,22340,0.52,0.52,0.5,0.5
710873,碩禾國票65購01,2730,0.21,0.21,0.21,0.21
710874,聚和國票61購02,0,,,,
710875,鐿鈦國票65購01,29640,0.57,0.57,0.57,0.57
710876,竹陞國泰63購01,0,,,,
710877,青雲國泰62購03,0,,,,
710878,茂達國泰62購01,0,,,,
710879,精材國泰62購01,92190,4.39,4.39,4.39,4.39
710880,大中富邦61購01,0,,,,
710881,宜鼎富邦61購02,0,,,,
710882,中光電群益61購02,0,,,,
710883,宜鼎群益61購02,22900,0.39,0.39,0.38,0.38
710884,宜鼎群益61購03,0,,,,
710885,威剛群益61購05,1650,0.55,0.55,0.55,0.55
710886,建榮群益62購01,36000,0.5,0.5,0.5,0.5
710887,群聯群益67購03,0,,,,
710888,精材群益64購01,0,,,,
710889,精剛群益61購01,0,,,,
710890,精剛群益61購02,0,,,,
710891,聚和群益61購01,63730,0.56,0.59,0.52,0.53
710892,雙鴻群益61購02,69500,6.95,6.95,6.95,6.95
710893,中美晶元大64購01,635080,1.62,1.78,1.62,1.78
710894,中美晶元大66購04,615010,1.44,1.57,1.44,1.57
710895,台嘉碩元大61購02,190650,0.43,0.46,0.43,0.45
710896,均豪元大61購02,218750,0.45,0.45,0.43,0.43
710897,宜特元大65購01,196530,0.4,0.4,0.38,0.38
710898,宜特元大67購02,93500,0.46,0.47,0.46,0.47
710899,欣銓元大61購02,65380,0.82,0.84,0.82,0.84
710900,家登元大61購02,205540,1.06,1.06,1.04,1.04
710901,能率元大61購02,0,,,,
710902,臺慶科元大64購02,304180,0.47,0.47,0.45,0.46
710903,鑫科元大61購01,0,,,,
710904,太普高國票65購01,372260,0.3,0.3,0.28,0.28
710905,安碁國票61購01,0,,,,
710906,利機國票61購01,0,,,,
710907,杰力國票65購01,0,,,,
710908,倉和國票65購01,296900,2.65,3.65,2.51,3.65
710909,晟田國票61購02,0,,,,
710910,創泓國票61購01,0,,,,
710911,博大國票61購01,0,,,,
710912,新普國票65購01,0,,,,
710913,聖暉*國票65購01,21300,0.27,0.3,0.27,0.3
710914,類比科國票61購01,0,,,,
710915,寶雅國票61購03,0,,,,
710916,驊訊國票61購01,3680,0.16,0.16,0.16,0.16
710917,大中凱基61購02,0,,,,
710918,中美晶凱基66購01,0,,,,
710919,台嘉碩凱基61購03,43700,0.4,0.4,0.39,0.4
710920,宏觀凱基61購04,0,,,,
710921,宜鼎凱基61購02,0,,,,
710922,欣銓凱基61購03,4420,0.55,0.56,0.55,0.56
710923,威剛凱基61購03,34500,0.69,0.69,0.69,0.69
710924,茂達凱基61購03,10000,0.1,0.1,0.1,0.1
710925,博大凱基61購01,0,,,,
710926,群聯凱基61購07,561490,0.89,0.92,0.89,0.89
710927,雙鴻凱基61購05,0,,,,
710928,大中群益61購02,0,,,,
710929,中光電群益61購03,0,,,,
710930,欣銓群益61購01,0,,,,
710931,茂達群益61購02,0,,,,
710932,家登群益61購04,124740,1.53,1.62,1.53,1.61
710933,新普群益61購01,0,,,,
710934,新普群益61購02,0,,,,
710935,精材群益64購02,6180,2.06,2.06,2.06,2.06
710936,中美晶國泰64購01,0,,,,
710937,中光電富邦64購01,0,,,,
710938,威剛富邦64購01,0,,,,
710939,茂達富邦63購02,0,,,,
710940,華電網富邦63購01,0,,,,
710941,萬泰科富邦63購02,1600,0.32,0.32,0.32,0.32
710942,群聯中信67購01,0,,,,
710943,中光電永豐61購03,0,,,,
710944,艾訊永豐61購01,14030,0.23,0.23,0.23,0.23
710945,杰力永豐64購01,0,,,,
710946,長聖永豐61購01,4800,0.48,0.48,0.48,0.48
710947,威剛永豐61購08,0,,,,
710948,威剛永豐64購03,0,,,,
710949,茂達永豐65購01,0,,,,
710950,倉和永豐61購01,0,,,,
710951,倉和永豐64購01,0,,,,
710952,宸曜永豐61購01,342400,0.62,0.62,0.55,0.55
710953,宸曜永豐67購01,0,,,,
710954,耕興永豐61購01,0,,,,
710955,博大永豐61購01,0,,,,
710956,智通*永豐64購01,0,,,,
710957,新普永豐61購02,0,,,,
710958,精剛永豐61購01,0,,,,
710959,磐儀永豐61購01,0,,,,
710960,中光電元大61購05,750,0.15,0.15,0.15,0.15
710961,中美晶元大64購02,686190,1.51,1.67,1.51,1.64
710962,中美晶元大66購05,920430,1.35,1.47,1.35,1.47
710963,世紀*元大61購01,0,,,,
710964,宜鼎元大61購07,234860,0.39,0.39,0.38,0.38
710965,晟田元大61購02,0,,,,
710966,創惟元大61購01,0,,,,
710968,翔名元大61購01,0,,,,
710969,群聯元大64購07,0,,,,
710970,頎邦元大61購02,10100,0.99,1.03,0.99,1.03
710971,譜瑞元大61購03,0,,,,
710972,譜瑞元大65購03,317440,0.62,0.62,0.61,0.61
710973,久元台新61購01,0,,,,
710974,久元台新61購02,0,,,,
710975,大中台新61購03,0,,,,
710976,大中台新61購04,0,,,,
710977,中光電台新61購04,0,,,,
710978,杰力台新61購01,0,,,,
710979,宸曜台新61購01,854320,1.42,1.42,1.31,1.31
710980,博大台新61購02,0,,,,
710981,博大台新61購03,280000,0.2,0.2,0.2,0.2
710982,精材台新61購03,36480,2.28,2.28,2.28,2.28
710983,立敦凱基61購01,0,,,,
710984,均豪凱基61購01,13290,0.96,0.96,0.93,0.93
710985,家登凱基61購02,0,,,,
710986,振曜凱基61購01,0,,,,
710987,華景電凱基64購01,365230,0.56,0.56,0.55,0.55
710988,新普凱基61購01,0,,,,
710989,頎邦凱基61購02,148440,0.52,0.68,0.52,0.6
710990,精材凱基61購07,0,,,,
710991,營邦凱基61購01,272460,1.48,1.56,1.46,1.52
710992,譜瑞凱基61購06,0,,,,
710993,寶雅凱基61購01,0,,,,
710994,欣銓台新61購03,172750,0.69,0.77,0.69,0.77
710995,群聯台新61購04,5300,0.53,0.53,0.53,0.53
710996,大江國票65購01,0,,,,
710997,大學光國票61購01,3900,0.39,0.39,0.39,0.39
710998,佰研國票65購01,0,,,,
710999,宜特國票61購01,0,,,,
711000,長聖國票65購01,351120,0.61,0.61,0.59,0.59
711001,能率國票61購02,0,,,,
711002,廣積國票66購01,0,,,,
711003,陽程群益61購02,0,,,,
711004,系統電國泰62購01,0,,,,
711005,宜鼎國泰62購02,0,,,,
711007,大中元大66購01,0,,,,
711009,巨有元大61購02,0,,,,
711010,立敦元大61購01,0,,,,
711011,立敦元大67購01,0,,,,
711012,宜鼎元大61購08,180400,0.38,0.4,0.36,0.36
711013,宜鼎元大61購09,44270,0.62,0.62,0.59,0.59
711014,昇佳電元大61購01,0,,,,
711015,朋程元大61購01,83160,0.42,0.42,0.4,0.4
711016,青雲元大61購01,0,,,,
711017,美琪瑪元大61購01,0,,,,
711020,家登元大61購03,0,,,,
711021,智通*元大61購01,0,,,,
711022,群聯元大64購08,3250,0.65,0.65,0.65,0.65
711023,譜瑞元大61購04,105140,0.82,0.83,0.82,0.83
711024,中美晶統一65購01,0,,,,
711025,均豪統一65購01,63700,0.49,0.49,0.49,0.49
711026,朋程統一65購03,0,,,,
711027,茂訊統一67購01,0,,,,
711028,群聯統一67購01,0,,,,
711029,精材統一67購01,851790,1.39,1.42,1.36,1.42
711030,營邦統一67購01,342330,1.22,1.22,1.19,1.19
711031,中光電永豐61購04,0,,,,
711032,中光電永豐61購05,0,,,,
711033,立敦永豐61購02,0,,,,
711034,立敦永豐64購01,0,,,,
711035,立敦永豐64購02,0,,,,
711036,宜鼎永豐63購02,0,,,,
711037,長聖永豐61購02,2600,0.26,0.26,0.26,0.26
711038,原相永豐61購02,0,,,,
711039,群聯永豐64購07,0,,,,
711040,群聯永豐64購08,0,,,,
711041,群聯永豐67購01,0,,,,
711042,廣積永豐61購01,0,,,,
711043,宜鼎中信61購03,0,,,,
711044,群聯中信61購01,0,,,,
711045,大中凱基61購03,0,,,,
711046,台特化凱基61購01,33540,1.29,1.29,1.29,1.29
711047,巨有凱基61購02,82000,5.35,5.7,5.35,5.7
711048,宜特凱基61購04,0,,,,
711049,宜鼎凱基61購03,144620,0.5,0.53,0.5,0.5
711050,茂達凱基61購04,1900,0.38,0.38,0.38,0.38
711051,原相凱基61購02,0,,,,
711052,智通*凱基61購01,0,,,,
711053,順達凱基61購02,0,,,,
711054,鈊象凱基61購03,0,,,,
711055,群聯凱基64購04,119880,1.8,1.8,1.78,1.79
711056,精材凱基61購08,0,,,,
711057,廣積凱基65購01,0,,,,
711058,昱展台新61購01,0,,,,
711059,富喬台新61購01,0,,,,
711060,艾訊群益61購01,0,,,,
711061,家登群益61購05,15640,0.92,0.92,0.92,0.92
711062,順達群益61購01,0,,,,
711063,群聯群益61購06,33480,3.08,3.08,3.04,3.04
711064,精材群益61購02,108550,6.85,6.95,6.5,6.9
711065,大樹國票65購01,255870,0.45,0.48,0.45,0.48
711066,公準國票65購01,3760,0.53,0.54,0.53,0.53
711067,加百裕國票61購01,2700,0.27,0.27,0.27,0.27
711068,尼克森國票61購01,0,,,,
711069,正基國票65購01,0,,,,
711070,艾訊國票61購02,0,,,,
711071,宜鼎國票65購02,147470,0.73,0.74,0.73,0.74
711072,高僑國票65購01,10200,0.51,0.51,0.51,0.51
711073,智崴國票65購01,215880,0.42,0.42,0.42,0.42
711074,僑威國票65購01,0,,,,
711075,廣明國票65購01,0,,,,
711076,撼訊國票65購01,5180,0.64,0.65,0.64,0.65
711077,中美晶元大61購03,154800,1.07,1.12,1.07,1.12
711078,台嘉碩元大61購03,0,,,,
711079,宜鼎元大61購10,0,,,,
711080,智通*元大61購02,0,,,,
711081,群聯元大61購14,850,0.85,0.85,0.85,0.85
711082,臺慶科元大61購03,0,,,,
711083,世界國泰62購01,57910,1.09,1.1,1.08,1.1
711084,博大國泰62購01,1160,0.58,0.58,0.58,0.58
711085,陽程國泰62購01,0,,,,
711086,群聯國泰62購03,0,,,,
711087,精材國泰62購02,201610,4.54,4.74,4.47,4.7
711088,中美晶富邦61購03,105750,0.62,0.66,0.62,0.66
711089,立碁富邦64購01,13280,2.41,2.41,2.15,2.18
711090,翔名富邦61購01,0,,,,
711091,陽程富邦61購02,0,,,,
711092,精材富邦61購01,1900,1.9,1.9,1.9,1.9
711093,精材中信61購02,19060,1.06,1.06,1.04,1.04
711094,千附永豐61購01,23700,1.58,1.58,1.58,1.58
711095,千附永豐61購02,0,,,,
711096,立端永豐61購01,20000,0.8,0.8,0.8,0.8
711097,松瑞藥永豐61購01,49430,0.73,0.81,0.73,0.81
711098,磐儀永豐61購02,0,,,,
711099,千附精統一67購01,0,,,,
711100,大中統一65購02,0,,,,
711101,大中統一6C購01,0,,,,
711102,中裕統一69購01,26520,0.52,0.52,0.52,0.52
711103,世界統一67購01,0,,,,
711104,台嘉碩統一67購01,19980,0.54,0.54,0.54,0.54
711105,台嘉碩統一6C購01,0,,,,
711106,尼克森統一65購01,960,0.19,0.2,0.19,0.2
711107,巨有統一6C購01,0,,,,
711108,朋程統一65購04,34560,0.32,0.32,0.32,0.32
711109,杰力統一6C購01,0,,,,
711110,青雲統一69購01,98400,0.82,0.82,0.82,0.82
711111,青雲統一6C購01,10250,0.64,0.65,0.64,0.65
711112,泰藝統一6C購01,590,0.59,0.59,0.59,0.59
711113,健喬統一69購01,0,,,,
711114,堡達統一6C購01,0,,,,
711115,智通*統一67購01,0,,,,
711116,陽程統一6C購01,0,,,,
711117,順達統一65購03,12900,0.43,0.43,0.43,0.43
711118,頎邦統一65購01,780130,0.63,0.77,0.63,0.73
711119,頎邦統一67購02,106520,0.67,0.72,0.66,0.72
711120,頎邦統一67購03,79500,0.66,0.67,0.66,0.67
711121,頎邦統一6C購01,1249560,0.72,0.79,0.72,0.77
711122,精材統一65購02,1603110,1.32,1.43,1.32,1.41
711123,精材統一67購02,575010,1.0,1.0,0.96,0.97
711124,中美晶凱基64購01,0,,,,
711125,家登凱基67購01,0,,,,
711126,陽程凱基61購03,82110,3.06,3.06,3.03,3.03
711127,順達凱基61購03,0,,,,
711128,群聯凱基61購08,106700,0.97,0.97,0.97,0.97
711129,群聯凱基61購09,430830,0.79,0.79,0.75,0.75
711130,頎邦凱基61購03,724200,0.41,0.52,0.41,0.49
711131,精材凱基61購09,171190,1.77,1.93,1.75,1.83
711132,臺慶科凱基61購03,0,,,,
711133,宜鼎台新62購01,0,,,,
711134,茂達台新61購01,0,,,,
711135,茂達台新61購02,3300,0.33,0.33,0.33,0.33
711136,群聯台新67購03,0,,,,
711137,群聯台新67購04,0,,,,
711138,頎邦台新61購04,14566830,1.43,1.85,1.43,1.69
711139,頎邦台新61購05,2631630,1.39,1.77,1.39,1.62
711140,精材台新61購04,186050,2.14,2.18,2.08,2.18
711141,精材台新61購05,101990,2.17,2.17,2.17,2.17
711142,精材台新62購02,199320,2.12,2.13,2.1,2.12
711143,力麒國票65購01,0,,,,
711144,天良國票61購01,7590,0.11,0.11,0.11,0.11
711145,巨漢國票61購01,0,,,,
711146,協禧國票65購01,0,,,,
711147,奇鈦科國票65購01,7330,0.44,0.44,0.43,0.43
711149,陽程國票61購02,43400,4.34,4.34,4.34,4.34
711150,順達國票65購01,394210,0.79,0.79,0.79,0.79
711151,精材國票61購04,0,,,,
711152,精材國票65購01,51920,2.36,2.38,2.32,2.36
711153,營邦國票61購01,321070,2.53,2.53,2.5,2.5
711154,千附群益61購01,17600,1.1,1.1,1.1,1.1
711155,千附群益61購02,0,,,,
711156,台特化群益61購02,16590,1.53,1.53,1.49,1.49
711157,青雲群益61購01,40810,0.77,0.77,0.77,0.77
711158,青雲群益61購02,1040,1.04,1.04,1.04,1.04
711159,威剛群益61購06,0,,,,
711160,鈊象群益61購02,0,,,,
711161,新漢群益61購01,0,,,,
711162,群聯群益61購07,22500,1.5,1.5,1.5,1.5
711163,精材群益63購03,1242650,3.45,3.52,3.31,3.41
711164,中光電元大61購06,0,,,,
711165,中光電元大61購07,0,,,,
711166,中美晶元大61購04,195400,0.57,0.61,0.57,0.61
711167,宜鼎元大63購02,0,,,,
711169,智通*元大61購03,0,,,,
711171,順達元大61購01,294440,0.7,0.74,0.68,0.7
711172,群聯元大61購15,55700,0.74,0.75,0.74,0.74
711173,頎邦元大61購03,0,,,,
711174,精材元大61購10,494840,1.25,1.28,1.21,1.28
711175,精材元大61購11,0,,,,
711176,精材元大63購05,11800,1.9,2.3,1.9,2.3
711177,營邦元大61購01,698690,1.61,1.64,1.54,1.63
711178,九暘統一63購01,0,,,,
711179,九暘統一6C購01,0,,,,
711180,千附精統一67購02,0,,,,
711181,千附精統一67購03,0,,,,
711182,大中統一65購03,76300,0.1,0.1,0.09,0.1
711183,中光電統一65購01,0,,,,
711184,中光電統一6C購01,0,,,,
711185,中美晶統一65購02,75240,0.66,0.66,0.66,0.66
711186,中美晶統一67購01,0,,,,
711187,中美晶統一6C購01,0,,,,
711188,台嘉碩統一65購01,18000,0.5,0.5,0.5,0.5
711189,立敦統一67購01,0,,,,
711190,安勤統一67購01,0,,,,
711191,系統電統一6C購01,0,,,,
711192,亞通統一67購01,63410,0.89,0.89,0.88,0.88
711193,宜鼎統一67購01,0,,,,
711194,昇佳電統一67購01,0,,,,
711195,杰力統一65購01,53580,0.38,0.38,0.38,0.38
711196,青雲統一69購02,45400,0.76,0.76,0.75,0.75
711197,茂達統一69購02,0,,,,
711198,神準統一67購01,0,,,,
711199,堡達統一65購01,9000,0.45,0.45,0.45,0.45
711200,翔名統一6C購01,0,,,,
711201,順達統一67購01,0,,,,
711202,順達統一67購02,0,,,,
711203,順達統一67購03,0,,,,
711204,順達統一6C購01,0,,,,
711205,群聯統一65購03,0,,,,
711206,頎邦統一65購02,0,,,,
711207,頎邦統一67購04,104500,0.73,0.78,0.72,0.75
711208,頎邦統一68購01,0,,,,
711209,碩禾統一67購01,3480,0.29,0.29,0.29,0.29
711210,精材統一65購03,55440,0.99,0.99,0.99,0.99
711211,精材統一6C購02,619810,1.09,1.14,1.09,1.13
711212,大樹永豐61購01,4590,0.51,0.51,0.51,0.51
711213,中美晶永豐61購03,39960,1.08,1.08,1.08,1.08
711214,宜鼎永豐67購01,0,,,,
711215,智通*永豐65購01,0,,,,
711216,順達永豐61購02,0,,,,
711217,頎邦永豐65購01,148980,0.96,1.01,0.96,0.99
711218,精材永豐61購03,519960,1.21,1.25,1.19,1.25
711219,精材永豐61購04,289780,1.88,1.88,1.8,1.87
711220,精材永豐64購02,7900,1.58,1.58,1.58,1.58
711221,營邦永豐64購01,195360,1.64,1.65,1.64,1.65
711222,廣積國泰62購01,39150,2.07,2.08,2.04,2.04
711223,營邦國泰62購01,163170,3.82,3.82,3.74,3.81
711224,久元富邦63購02,0,,,,
711225,元太富邦63購01,0,,,,
711226,元太富邦63購02,0,,,,
711227,立敦富邦63購01,0,,,,
711228,宜特富邦63購01,0,,,,
711229,智通*富邦64購02,0,,,,
711230,順達富邦63購01,2320,0.29,0.29,0.29,0.29
711231,鈊象富邦63購02,0,,,,
711232,中美晶台新61購04,240000,0.6,0.6,0.6,0.6
711233,宜鼎台新63購01,0,,,,
711234,宜鼎台新64購01,0,,,,
711235,千附群益61購03,0,,,,
711236,陽程群益63購01,0,,,,
711237,順達群益61購02,0,,,,
711238,璟德群益61購01,6400,0.64,0.64,0.64,0.64
711239,千附凱基61購01,0,,,,
711240,中美晶凱基61購07,138000,0.5,0.55,0.5,0.52
711241,宜鼎凱基64購01,0,,,,
711242,青雲凱基61購01,0,,,,
711243,威剛凱基61購04,0,,,,
711244,智通*凱基61購02,0,,,,
711245,順達凱基61購04,0,,,,
711246,新漢凱基61購01,0,,,,
711247,營邦凱基61購02,0,,,,
711248,雙鴻凱基61購06,0,,,,
711249,M31國票61購01,0,,,,
711250,千附國票61購03,0,,,,
711251,中美晶國票65購02,0,,,,
711252,巨有國票61購01,30500,6.1,6.1,6.1,6.1
711253,倉和國票66購01,0,,,,
711254,博智國票61購01,18000,0.9,0.9,0.9,0.9
711255,晶呈國票65購01,22860,0.85,0.85,0.82,0.82
711256,千附元大61購01,0,,,,
711257,中光電元大61購08,0,,,,
711259,中光電元大63購01,0,,,,
711261,宜鼎元大63購03,63500,0.64,0.64,0.63,0.63
711262,朋程元大61購02,439980,0.42,0.42,0.41,0.42
711263,家登元大61購04,127890,0.75,0.78,0.75,0.78
711264,家登元大61購05,0,,,,
711265,凱崴元大61購01,0,,,,
711266,群聯元大61購16,0,,,,
711267,臺慶科元大61購04,290140,0.79,0.8,0.78,0.78
711268,營邦元大61購02,272000,2.31,2.33,2.27,2.27
711269,中美晶國泰62購01,0,,,,
711270,世界富邦61購03,129940,0.52,0.54,0.52,0.54
711271,博智富邦63購01,0,,,,
711272,富喬富邦61購02,126900,1.22,1.33,1.22,1.33
711273,千附精永豐64購01,60140,0.97,0.97,0.97,0.97
711274,大中永豐61購01,0,,,,
711275,世界永豐61購02,37240,0.86,0.86,0.83,0.83
711276,家登永豐61購03,0,,,,
711277,璟德永豐67購01,58460,0.79,0.79,0.79,0.79
711278,九暘統一67購01,0,,,,
711279,千附統一6C購01,0,,,,
711280,中光電統一65購02,0,,,,
711281,安勤統一67購02,31000,0.45,0.45,0.44,0.44
711282,青雲統一67購01,0,,,,
711283,倉和統一6C購01,0,,,,
711284,神準統一67購02,56460,0.52,0.52,0.49,0.49
711285,翔名統一67購01,30000,0.3,0.3,0.3,0.3
711286,順達統一65購04,0,,,,
711287,M31台新61購01,59880,1.89,1.89,1.87,1.87
711288,M31台新62購01,0,,,,
711289,M31台新64購01,0,,,,
711290,千附精台新61購02,5070,0.39,0.39,0.39,0.39
711291,富喬台新61購02,36800,3.68,3.68,3.68,3.68
711292,頎邦台新61購06,2476410,1.6,1.95,1.59,1.82
711293,M31凱基61購01,25400,1.27,1.27,1.27,1.27
711294,M31凱基61購02,27400,1.37,1.37,1.37,1.37
711295,M31凱基61購03,1368040,1.52,1.52,1.49,1.5
711296,千附精凱基61購03,0,,,,
711297,中光電凱基61購04,0,,,,
711298,中美晶凱基61購08,121200,0.88,0.96,0.88,0.96
711299,朋程凱基61購02,34560,0.48,0.48,0.48,0.48
711300,博智凱基63購01,181110,1.72,1.77,1.6,1.6
711301,晶呈凱基61購01,230080,1.27,1.27,1.19,1.19
711302,翔名凱基61購02,0,,,,
711303,群聯凱基65購01,0,,,,
711304,臺慶科凱基64購01,49950,0.79,0.8,0.78,0.78
711305,營邦凱基61購03,78040,3.56,3.58,3.5,3.58
711306,千附精元大61購01,0,,,,
711307,中光電元大61購10,0,,,,
711308,宏捷科元大66購01,165280,1.25,1.65,1.25,1.55
711309,宜鼎元大63購04,0,,,,
711310,原相元大61購03,292520,1.03,1.03,1.03,1.03
711311,順達元大63購01,227310,1.34,1.37,1.34,1.34
711312,群聯元大61購17,0,,,,
711313,臺慶科元大61購05,211470,0.94,1.02,0.94,0.97
711314,世界國泰62購02,206600,1.42,1.5,1.42,1.48
711315,陽程國泰62購02,0,,,,
711316,鑫聯國泰62購01,0,,,,
711317,久禾光國票61購01,2070,0.3,0.3,0.29,0.29
711318,千附精國票65購01,0,,,,
711319,中美晶國票61購05,0,,,,
711320,茂達國票61購02,0,,,,
711321,倉和國票67購01,0,,,,
711322,晶呈國票64購01,0,,,,
711323,頎邦國票64購01,100170,1.63,1.73,1.63,1.73
711324,寬魚國票61購01,1950,0.39,0.39,0.39,0.39
711325,M31群益61購01,15100,1.51,1.51,1.51,1.51
711326,千附精群益61購02,0,,,,
711327,杰力群益61購02,0,,,,
711328,博智群益61購02,548200,2.76,2.82,2.61,2.61
711329,陽程群益61購03,0,,,,
711330,群聯群益63購01,23000,1.27,1.29,1.27,1.28
711331,M31富邦63購01,41800,1.1,1.1,1.1,1.1
711332,九暘統一65購01,152190,0.6,0.6,0.55,0.58
711333,中美晶統一67購02,9250,0.37,0.37,0.37,0.37
711334,M31永豐63購01,0,,,,
711335,世紀*永豐63購01,0,,,,
711336,原相永豐61購03,88210,1.06,1.08,1.06,1.08
711337,家登永豐61購04,0,,,,
711338,晶呈永豐61購01,146840,1.0,1.0,0.91,0.91
711339,晶呈永豐64購01,60800,1.25,1.26,1.16,1.16
711340,千附精台新61購03,0,,,,
711341,良維台新61購01,12950,1.18,1.18,1.15,1.15
711342,創泓台新61購01,0,,,,
711343,中美晶凱基61購09,410,0.41,0.41,0.41,0.41
711344,宜鼎凱基61購04,102000,0.71,0.71,0.7,0.7
711345,原相凱基61購03,0,,,,
711346,智通*凱基61購03,0,,,,
711347,群聯凱基63購02,25970,1.37,1.37,1.36,1.36
711348,頎邦凱基64購02,110040,1.61,1.71,1.61,1.66
711350,中光電元大61購11,0,,,,
711351,中美晶元大61購05,0,,,,
711352,創泓元大61購01,0,,,,
711353,智通*元大61購04,0,,,,
711355,中美晶群益61購02,0,,,,
711356,世界群益61購04,504130,1.68,1.77,1.68,1.71
711357,加高群益61購01,0,,,,
711358,巨有群益61購01,23250,7.75,7.75,7.75,7.75
711359,均豪群益66購01,499380,0.99,0.99,0.98,0.98
711360,智通*群益61購01,0,,,,
711361,群聯群益61購08,191400,3.3,3.3,3.3,3.3
711362,元太永豐61購05,92300,0.37,0.37,0.36,0.36
711363,加高永豐61購02,0,,,,
711364,良維永豐61購02,481420,1.46,1.49,1.39,1.39
711365,威剛永豐67購02,0,,,,
711366,敘豐永豐64購01,17900,0.58,0.61,0.58,0.6
711367,凱崴永豐61購01,278020,0.57,0.6,0.54,0.58
711368,博智永豐61購02,0,,,,
711369,華電網永豐61購01,0,,,,
711370,閎康永豐61購03,0,,,,
711371,順達永豐64購03,0,,,,
711372,群聯永豐64購09,0,,,,
711373,群聯永豐67購02,0,,,,
711374,聖暉*永豐64購01,1097470,0.84,0.99,0.84,0.98
711375,千附國票65購01,0,,,,
711376,中美晶國票64購01,8310,0.91,0.95,0.91,0.95
711377,原相國票61購02,0,,,,
711378,敘豐國票61購01,0,,,,
711379,創泓國票61購02,0,,,,
711380,創泓國票63購01,0,,,,
711381,智擎國票65購01,840,0.42,0.42,0.42,0.42
711382,廣穎國票65購01,0,,,,
711384,千附精國泰62購01,0,,,,
711385,世界國泰62購03,667530,1.74,1.91,1.74,1.74
711386,宜鼎國泰62購03,20340,1.13,1.13,1.13,1.13
711387,青雲國泰62購04,1900,1.9,1.9,1.9,1.9
711388,倉和國泰62購01,0,,,,
711389,群聯國泰62購04,0,,,,
711390,群聯國泰62購05,0,,,,
711391,系統電富邦61購03,23200,0.58,0.58,0.58,0.58
711392,宜鼎富邦61購03,0,,,,
711393,群聯富邦63購02,0,,,,
711394,M31統一67購01,43000,0.86,0.86,0.86,0.86
711395,M31統一67購02,9400,0.94,0.94,0.94,0.94
711396,M31統一6C購01,0,,,,
711397,千附統一67購01,0,,,,
711398,千附精統一67購04,0,,,,
711399,大中統一67購01,0,,,,
711400,中光電統一67購01,0,,,,
711401,中光電統一6C購02,0,,,,
711402,中美晶統一66購04,51000,0.34,0.34,0.34,0.34
711403,世紀*統一67購01,0,,,,
711404,杰力統一67購01,27000,0.54,0.54,0.54,0.54
711405,智通*統一6C購01,0,,,,
711406,閎康統一67購01,0,,,,
711407,廣穎統一63購01,31280,0.34,0.34,0.34,0.34
711408,廣穎統一69購02,0,,,,
711409,千附國票66購01,0,,,,
711410,元太國票61購01,0,,,,
711411,天品國票61購01,307480,1.5,1.52,1.5,1.52
711412,系統電國票64購01,7200,1.44,1.44,1.44,1.44
711413,昇佳電國票66購01,0,,,,
711414,青雲國票61購02,6800,1.7,1.7,1.7,1.7
711415,耕興國票65購01,0,,,,
711416,晟田國票62購01,0,,,,
711417,博士旺國票61購02,0,,,,
711418,華景電國票65購01,0,,,,
711419,碩禾國票64購01,320,0.32,0.32,0.32,0.32
711420,中美晶台新61購05,0,,,,
711421,中美晶台新63購03,19800,0.55,0.55,0.55,0.55
711422,晟田台新61購02,0,,,,
711424,陽程台新61購02,0,,,,
711425,千附凱基61購02,0,,,,
711426,中光電凱基61購05,0,,,,
711427,中美晶凱基61購10,8180,0.32,0.36,0.32,0.35
711428,世界凱基64購02,133490,1.54,1.6,1.54,1.6
711429,立敦凱基61購02,0,,,,
711430,均豪凱基66購01,5000,1.25,1.25,1.25,1.25
711431,千附元大61購02,0,,,,
711432,千附元大61購03,25370,0.43,0.43,0.43,0.43
711433,中美晶元大61購06,16110,1.47,1.47,1.45,1.45
711434,中美晶元大61購07,27740,0.71,0.72,0.71,0.72
711435,中美晶元大61購08,312600,0.32,0.36,0.32,0.36
711436,中美晶元大63購03,1420,0.71,0.71,0.71,0.71
711437,中美晶元大65購04,0,,,,
711438,世界元大63購05,460020,0.74,0.77,0.74,0.77
711439,家登元大63購01,129220,1.82,1.82,1.82,1.82
711440,智通*元大61購06,0,,,,
711441,智通*元大63購02,0,,,,
711442,翔名元大61購03,0,,,,
711443,頎邦元大61購04,0,,,,
711444,漢科元大61購01,0,,,,
711445,千附永豐61購03,0,,,,
711446,千附永豐61購04,0,,,,
711447,千附永豐61購05,0,,,,
711448,千附永豐64購01,0,,,,
711449,中美晶永豐61購04,8480,0.92,0.97,0.92,0.97
711450,中美晶永豐64購02,0,,,,
711451,世禾永豐61購01,0,,,,
711452,巨漢永豐61購02,0,,,,
711453,均豪永豐64購02,0,,,,
711454,宏捷科永豐64購01,320690,0.93,1.26,0.93,1.26
711455,創惟永豐61購01,0,,,,
711456,智通*永豐61購02,0,,,,
711457,湧德永豐61購01,735230,0.64,0.68,0.64,0.64
711458,陽程永豐61購02,0,,,,
711459,中光電國泰62購02,1100,0.22,0.22,0.22,0.22
711460,中光電國泰62購03,0,,,,
711461,中美晶國泰63購02,0,,,,
711462,世禾國泰62購01,117240,0.7,0.7,0.66,0.66
711463,翔名國泰62購01,102200,0.7,0.7,0.7,0.7
711464,廣穎國泰62購01,0,,,,
711465,千附統一67購02,0,,,,
711466,千附統一6C購02,0,,,,
711467,千附精統一67購05,30360,0.44,0.44,0.44,0.44
711468,中美晶統一65購03,900,0.3,0.3,0.3,0.3
711469,中美晶統一67購03,22500,0.45,0.45,0.45,0.45
711470,中美晶統一6C購02,88430,0.44,0.44,0.43,0.43
711471,世界統一6C購01,0,,,,
711472,加高統一67購01,0,,,,
711473,系微統一6C購01,0,,,,
711474,家登統一6C購02,0,,,,
711475,博智統一6C購02,0,,,,
711476,廣穎統一6C購01,52000,0.52,0.52,0.52,0.52
711477,雙鴻統一6C購01,26250,1.05,1.05,1.05,1.05
711478,中光電富邦62購03,0,,,,
711479,中美晶富邦61購04,12600,0.18,0.18,0.18,0.18
711480,台特化富邦61購01,117000,0.45,0.45,0.45,0.45
711481,宜鼎富邦61購04,0,,,,
711482,宜鼎群益61購04,230250,1.11,1.11,1.05,1.05
711483,茂達群益61購03,0,,,,
711484,世界台新61購02,429490,0.89,0.95,0.88,0.89
711485,台嘉碩台新61購03,110310,1.37,1.38,1.37,1.38
711486,巨漢台新61購03,876300,1.35,1.38,1.35,1.38
711487,良維台新61購02,80300,1.46,1.46,1.46,1.46
711488,亞電台新61購01,159980,1.21,1.24,1.2,1.24
711489,長科*台新61購01,643060,1.2,1.35,1.12,1.13
711490,千附精群益61購03,30030,0.91,0.91,0.91,0.91
711491,亞電群益61購01,0,,,,
711492,亞電群益61購02,130300,1.3,1.3,1.29,1.29
711493,亞電群益61購03,0,,,,
711494,陽程群益63購02,4710,4.71,4.71,4.71,4.71
711495,世界凱基61購02,197900,1.44,1.53,1.44,1.47
711496,巨漢凱基61購01,0,,,,
711497,系統電凱基61購02,255580,1.83,1.83,1.76,1.79
711498,宜鼎凱基61購05,54040,1.42,1.43,1.42,1.42
711499,昇佳電凱基61購02,0,,,,
711500,長科*凱基61購01,235320,1.6,1.72,1.53,1.53
711501,威剛凱基61購05,608820,1.16,1.25,1.16,1.23
711502,家登凱基63購01,0,,,,
711503,富喬凱基61購06,0,,,,
711504,智通*凱基61購04,0,,,,
711505,順達凱基61購05,28200,1.31,1.38,1.3,1.3
711506,群聯凱基61購11,24400,2.44,2.44,2.44,2.44
711507,頎邦凱基61購04,232360,2.12,2.29,2.12,2.23
711509,千附精元大61購02,108090,0.58,0.59,0.58,0.59
711511,亞電元大61購01,34520,1.88,1.88,1.8,1.8
711512,群聯元大61購18,46400,1.16,1.16,1.16,1.16
711513,千附精統一65購01,5560,0.46,0.48,0.46,0.48
711514,世界統一66購01,133530,0.53,0.54,0.53,0.54
711515,亞電統一69購01,844700,0.83,0.83,0.8,0.82
711516,宜鼎統一64購05,612470,0.51,0.52,0.5,0.5
711517,倉和統一65購01,788020,2.6,3.19,2.58,3.19
711518,方土昶永豐61購01,0,,,,
711519,亞電永豐64購01,0,,,,
711520,昇佳電永豐63購01,0,,,,
711521,長科*永豐64購01,76000,0.95,0.95,0.95,0.95
711522,陽程永豐61購03,0,,,,
711523,雙鴻永豐64購03,0,,,,
711524,世界國泰62購04,224130,1.11,1.17,1.09,1.09
711525,良維國泰62購01,17920,2.56,2.56,2.56,2.56
711526,亞電國泰62購01,0,,,,
711527,朋程國泰63購01,10170,1.13,1.13,1.13,1.13
711528,漢科國泰62購01,0,,,,
711529,千附精富邦61購01,57000,0.38,0.38,0.38,0.38
711530,立碁富邦61購02,0,,,,
711531,宜特富邦63購02,29180,0.46,0.46,0.45,0.45
711532,宜鼎富邦61購05,74000,0.5,0.5,0.5,0.5
711533,朋程富邦63購04,78460,0.47,0.48,0.47,0.48
711534,欣銓富邦61購02,73920,0.52,0.56,0.51,0.56
711535,長科*富邦62購02,72400,0.67,0.72,0.65,0.65
711536,富喬富邦61購03,0,,,,
711537,智通*富邦63購01,0,,,,
711538,陽程富邦61購03,9080,2.27,2.27,2.27,2.27
711539,群聯富邦63購03,254310,1.01,1.02,1.0,1.0
711540,營邦富邦62購03,0,,,,
711541,雙鴻富邦63購02,0,,,,
711542,譜瑞富邦63購02,71040,0.48,0.48,0.48,0.48
711543,M31國票65購01,0,,,,
711544,台特化國票65購01,0,,,,
711545,禾瑞亞國票61購01,49150,0.91,0.91,0.87,0.89
711546,亞電國票61購01,26640,3.33,3.33,3.33,3.33
711547,長科*國票65購01,0,,,,
711548,榮田國票61購01,377300,0.98,0.98,0.98,0.98
711549,巨漢群益61購02,0,,,,
711550,群聯群益61購09,39410,3.58,3.61,3.58,3.61
711551,千附精國票64購01,56010,1.08,1.14,1.08,1.14
711552,立碁國票65購01,624150,7.65,7.65,7.1,7.15
711553,亞電國票63購01,0,,,,
711554,亞電國票64購01,0,,,,
711555,宜鼎國票66購01,4500,0.9,0.9,0.9,0.9
711556,朋程國票61購01,0,,,,
711557,長科*國票64購01,5900,1.18,1.18,1.18,1.18
711558,頎邦國票66購01,2813940,1.83,2.08,1.81,1.99
711559,漢科國票61購01,0,,,,
711560,臺慶科國票66購01,0,,,,
711561,磐儀國票65購01,0,,,,
711562,亞電台新61購02,35450,1.31,1.33,1.31,1.33
711563,亞電台新61購03,4100,1.36,1.37,1.36,1.37
711564,青雲台新61購01,0,,,,
711565,博士旺台新61購01,0,,,,
711566,千附精凱基61購04,87090,1.02,1.08,1.02,1.08
711567,世界凱基61購03,77800,1.71,1.71,1.68,1.68
711568,亞電凱基61購01,0,,,,
711569,泓格凱基61購01,0,,,,
711570,陽程凱基63購03,5250,5.25,5.25,5.25,5.25
711571,群聯凱基66購02,60930,2.46,2.46,2.43,2.43
711572,泓格永豐61購01,0,,,,
711573,群聯永豐67購03,28220,1.42,1.42,1.4,1.4
711574,中光電元大61購12,0,,,,
711575,元太元大66購04,149510,0.89,0.89,0.87,0.87
711576,均豪元大61購03,0,,,,
711577,青雲元大61購02,19500,1.95,1.95,1.95,1.95
711578,晟田元大61購03,0,,,,
711579,博智元大61購01,4340,2.17,2.17,2.17,2.17
711580,群聯元大61購19,0,,,,
711581,群聯元大63購05,5600,1.12,1.12,1.12,1.12
711582,聖暉*元大61購03,700060,0.42,0.48,0.41,0.48
711586,千附精國泰62購02,108000,1.5,1.5,1.5,1.5
711587,元太國泰62購01,0,,,,
711588,泓格國泰62購01,0,,,,
711589,能率亞國泰62購01,44100,1.47,1.47,1.47,1.47
711590,晟田國泰62購01,0,,,,
711591,群聯國泰62購06,31800,2.12,2.12,2.12,2.12
711592,雙鴻國泰62購01,0,,,,
711593,禾瑞亞統一67購01,37200,0.62,0.62,0.62,0.62
711594,長科*統一6C購01,31650,0.72,0.74,0.68,0.68
711595,群聯統一66購02,530,0.53,0.53,0.53,0.53
711596,M31富邦63購02,45600,1.34,1.34,1.26,1.26
711597,久元富邦62購02,0,,,,
711598,立敦富邦63購02,0,,,,
711599,宏捷科富邦63購01,1180900,0.78,1.05,0.78,1.04
711600,威剛富邦61購01,33390,0.53,0.53,0.53,0.53
711601,茂達富邦63購03,322270,0.45,0.45,0.43,0.44
711602,頎邦富邦62購01,711820,1.1,1.23,1.1,1.18
711603,頎邦富邦63購02,190990,1.0,1.19,1.0,1.19
711604,中光電凱基61購06,0,,,,
711605,世禾凱基61購01,55000,0.55,0.55,0.55,0.55
711606,由田凱基61購01,103800,3.46,3.46,3.46,3.46
711607,宜鼎凱基65購01,215100,1.43,1.47,1.42,1.42
711608,長科*凱基64購01,0,,,,
711609,青雲凱基61購02,2220,1.13,1.13,1.09,1.09
711610,家登凱基61購03,4200,2.1,2.1,2.1,2.1
711611,博智凱基63購02,21280,2.4,2.4,2.24,2.24
711612,雙鴻凱基61購08,341850,6.45,6.45,6.45,6.45
711613,世界台新61購03,44770,1.93,2.0,1.9,1.9
711614,台嘉碩台新61購04,91530,1.72,1.73,1.72,1.73
711615,巨漢台新61購04,0,,,,
711616,家登台新61購02,0,,,,
711617,M31元大61購02,46000,2.3,2.3,2.3,2.3
711618,千附精元大61購03,299810,0.52,0.54,0.52,0.54
711619,元太元大66購05,549980,0.79,0.79,0.77,0.78
711620,世禾元大61購01,537790,0.58,0.67,0.58,0.64
711621,世界元大61購02,62930,1.81,1.93,1.81,1.82
711622,世界元大63購06,366520,0.99,0.99,0.95,0.97
711623,艾訊元大61購01,278160,0.57,0.57,0.57,0.57
711624,欣銓元大67購02,559540,1.85,1.96,1.85,1.93
711625,原相元大61購04,0,,,,
711626,家登元大61購06,138800,1.57,1.59,1.57,1.57
711627,家登元大65購01,180400,1.64,1.64,1.64,1.64
711629,臺慶科元大61購06,145020,1.28,1.31,1.28,1.28
711630,世界群益61購05,970600,5.9,5.9,5.45,5.45
711631,由田群益61購01,416360,3.51,3.53,3.47,3.52
711632,泓格群益61購01,0,,,,
711633,群聯群益65購01,339200,4.24,4.24,4.24,4.24
711634,頎邦群益61購03,70940,2.99,3.29,2.99,3.29
711635,世界國票61購05,0,,,,
711636,由田國票61購01,166210,3.11,3.19,3.11,3.19
711637,安勤國票65購01,44760,0.53,0.54,0.53,0.54
711638,泓格國票61購01,0,,,,
711639,威剛國票64購01,0,,,,
711640,茂訊國票65購02,14880,0.48,0.48,0.48,0.48
711641,茂綸國票65購01,0,,,,
711642,神準國票65購01,0,,,,
711643,創惟國票65購01,0,,,,
711644,鈊象國票63購01,279200,1.28,1.28,1.26,1.26
711645,精確國票65購01,66090,0.83,0.84,0.82,0.82
711646,銳澤國票65購01,0,,,,
711647,家登富邦63購02,59950,1.09,1.09,1.09,1.09
711648,創惟富邦61購01,0,,,,
711649,巨漢國泰62購01,0,,,,
711650,威剛國泰62購02,0,,,,
711651,家登國泰62購02,0,,,,
711652,順達國泰62購01,0,,,,
711653,勤凱國泰62購01,56050,2.35,2.35,2.2,2.2
711654,由田統一67購01,265220,1.02,1.02,1.01,1.02
711655,由田統一6C購01,24000,1.0,1.0,1.0,1.0
711656,立碁統一67購02,237600,1.49,1.49,1.48,1.48
711657,立碁統一69購01,0,,,,
711658,聖暉*統一69購01,10540,0.34,0.34,0.34,0.34
711659,群聯中信61購03,550,0.55,0.55,0.55,0.55
711660,力領永豐61購01,0,,,,
711661,天品永豐64購01,1001380,1.47,1.57,1.47,1.57
711662,世紀*永豐61購02,5400,5.4,5.4,5.4,5.4
711663,巨有永豐64購01,0,,,,
711664,禾瑞亞永豐61購01,75000,0.84,0.9,0.84,0.9
711665,禾瑞亞永豐64購01,0,,,,
711666,艾訊永豐61購02,3960,0.44,0.44,0.44,0.44
711667,亞信永豐61購01,0,,,,
711668,朋程永豐61購01,0,,,,
711669,昱展永豐64購01,0,,,,
711670,原相永豐61購04,18600,1.24,1.24,1.24,1.24
711671,家登永豐61購05,28680,3.57,3.61,3.57,3.61
711672,振曜永豐64購01,1140,0.38,0.38,0.38,0.38
711673,博士旺永豐67購01,0,,,,
711674,博智永豐61購03,363380,2.14,2.18,2.14,2.18
711675,順達永豐61購03,0,,,,
711676,順達永豐67購02,441800,2.03,2.03,1.99,1.99
711677,聖暉*永豐61購02,44000,0.52,0.62,0.52,0.62
711678,中光電台新61購06,0,,,,
711679,系微台新61購01,84700,0.95,0.95,0.92,0.92
711680,高技台新61購01,143340,1.34,1.37,1.34,1.37
711681,高技台新61購02,1226140,1.25,1.32,1.24,1.29
711682,博智台新61購01,45000,1.25,1.25,1.25,1.25
711683,群聯台新61購05,0,,,,
711684,群聯台新61購06,0,,,,
711685,雙鴻台新61購01,0,,,,
711686,雙鴻台新61購02,0,,,,
711687,世界凱基61購04,23880,0.93,0.93,0.9,0.93
711688,安勤凱基63購01,0,,,,
711689,宜鼎凱基65購02,1980,0.99,0.99,0.99,0.99
711690,翔名凱基61購03,60160,0.47,0.47,0.47,0.47
711691,鈊象凱基61購04,0,,,,
711692,中光電元大64購01,10240,0.62,0.62,0.59,0.59
711693,世界元大61購03,83910,1.5,1.59,1.5,1.59
711694,世界元大61購04,282370,0.76,0.81,0.75,0.75
711695,世界元大63購07,0,,,,
711696,欣銓元大67購03,375660,1.2,1.28,1.2,1.25
711698,家登元大61購07,11500,1.15,1.15,1.15,1.15
711699,家登元大61購08,50800,1.27,1.27,1.27,1.27
711700,家登元大65購02,0,,,,
711701,高技元大61購01,0,,,,
711702,博智元大61購02,49960,1.3,1.3,1.28,1.28
711703,群聯元大64購09,18100,1.81,1.81,1.81,1.81
711704,頎邦元大61購05,30450,0.65,0.72,0.64,0.7
711705,巨漢國票61購02,0,,,,
711706,巨漢國票61購03,0,,,,
711707,宏捷科國票64購01,13860,0.77,0.77,0.77,0.77
711708,宜特國票63購01,0,,,,
711709,高技國票65購01,0,,,,
711710,世界群益61購06,794900,5.85,6.1,5.75,5.75
711711,欣銓群益61購02,1299870,1.07,1.21,1.07,1.17
711712,威剛群益63購01,0,,,,
711713,高技群益61購01,847960,0.84,0.88,0.8,0.81
711714,鈊象群益61購03,0,,,,
711715,群聯群益65購02,198250,1.99,1.99,1.96,1.96
711716,頎邦群益61購04,938470,1.54,1.66,1.54,1.63
711717,磐儀群益61購01,0,,,,
711718,營邦群益61購01,1699840,2.41,2.43,2.34,2.43
711719,雙鴻群益61購04,0,,,,
711720,宜鼎中信61購04,0,,,,
711721,威剛中信61購02,6000,0.4,0.4,0.4,0.4
711722,中光電永豐61購06,0,,,,
711723,元太永豐61購06,48720,0.42,0.42,0.42,0.42
711724,永信建永豐65購01,0,,,,
711725,由田永豐61購01,0,,,,
711726,岳豐永豐64購01,15200,0.19,0.19,0.19,0.19
711727,原相永豐61購05,42160,0.68,0.68,0.68,0.68
711728,順達永豐61購04,0,,,,
711729,順達永豐61購05,0,,,,
711730,群翊永豐61購02,103270,1.33,1.33,1.3,1.3
711731,群聯永豐67購04,13100,1.31,1.31,1.31,1.31
711732,精華永豐61購01,0,,,,
711733,臺慶科永豐61購01,84090,1.17,1.24,1.17,1.24
711734,倉和國泰63購01,0,,,,
711735,原相國泰62購01,0,,,,
711736,雙鴻國泰62購02,0,,,,
711737,由田統一65購01,456250,1.25,1.25,1.25,1.25
711738,宏捷科統一65購01,421990,0.58,0.73,0.58,0.71
711739,長科*統一65購01,4970,0.71,0.71,0.71,0.71
711740,茂訊統一65購01,14720,0.46,0.46,0.46,0.46
711741,高技統一67購01,15180,0.66,0.66,0.66,0.66
711742,高技統一69購01,0,,,,
711743,高技統一6C購01,680,0.68,0.68,0.68,0.68
711744,博智統一65購02,6700,0.67,0.67,0.67,0.67
711745,聖暉*統一65購04,41340,0.39,0.39,0.39,0.39
711746,家登台新61購03,114600,1.46,1.46,1.41,1.41
711747,敘豐台新61購01,6900,0.69,0.69,0.69,0.69
711748,博士旺台新61購02,0,,,,
711749,群聯台新61購08,165950,6.15,6.15,6.05,6.05
711750,群聯台新63購01,0,,,,
711751,群聯台新64購01,53500,5.35,5.35,5.35,5.35
711752,雙鴻台新61購03,0,,,,
711753,雙鴻台新63購01,0,,,,
711754,中光電凱基61購07,0,,,,
711755,艾訊凱基61購01,0,,,,
711756,威剛凱基61購07,0,,,,
711757,家登凱基61購04,0,,,,
711758,高技凱基61購01,98270,1.18,1.19,1.18,1.19
711759,博智凱基61購02,160680,1.05,1.16,1.05,1.06
711760,群聯凱基61購12,0,,,,
711761,磐儀凱基61購01,0,,,,
711763,中光電國票61購03,0,,,,
711764,天正國票68購01,2450,0.83,0.83,0.79,0.79
711765,好德國票61購01,128000,0.9,0.9,0.8,0.82
711766,系微國票65購01,0,,,,
711767,振發國票65購01,27800,0.72,0.8,0.72,0.8
711769,富喬國票63購01,13550,6.55,7.0,6.55,7.0
711770,達航國票65購01,152280,0.76,0.76,0.73,0.73
711771,蜜望實國票61購01,0,,,,
711772,世禾群益61購01,141370,0.92,0.95,0.92,0.95
711773,世禾群益61購02,20700,0.69,0.69,0.69,0.69
711774,東浦群益61購03,0,,,,
711775,家登群益63購03,533400,1.27,1.3,1.27,1.28
711776,神準群益61購01,66590,0.85,0.85,0.79,0.79
711777,博士旺群益61購01,0,,,,
711778,臺慶科群益61購02,412580,0.97,0.99,0.94,0.94
711779,蜜望實群益61購01,210200,0.92,1.0,0.92,0.97
711780,磐儀群益61購02,0,,,,
711781,磐儀群益61購03,0,,,,
711782,元太元大65購04,382580,0.58,0.58,0.56,0.56
711783,立碁元大61購01,60220,3.79,3.79,3.41,3.46
711784,艾訊元大61購02,272800,0.55,0.55,0.55,0.55
711785,泓格元大61購02,0,,,,
711786,博智元大61購03,8710,1.19,1.29,1.19,1.28
711787,群聯元大64購10,106030,2.01,2.01,2.0,2.0
711788,頎邦元大64購01,9560,0.92,0.98,0.92,0.98
711789,蜜望實元大61購01,319770,0.55,0.65,0.55,0.58
711790,磐儀元大61購01,0,,,,
711791,營邦元大61購04,0,,,,
711792,大學光永豐61購01,7030,0.4,0.4,0.39,0.39
711793,立碁永豐61購02,72940,3.77,3.77,3.6,3.72
711794,全宇昕永豐61購02,154020,0.81,0.86,0.8,0.8
711795,伯特光永豐61購01,0,,,,
711796,宏碁資永豐61購01,34970,0.85,0.86,0.85,0.86
711797,宜鼎永豐61購04,0,,,,
711798,泓格永豐64購01,0,,,,
711799,能率永豐61購01,0,,,,
711800,高技永豐61購01,527220,0.89,0.91,0.89,0.9
711801,高技永豐61購02,59130,0.81,0.81,0.81,0.81
711802,高技永豐63購01,55100,0.95,0.95,0.95,0.95
711803,高技永豐67購01,191180,0.79,0.79,0.79,0.79
711804,高鋒永豐61購01,6600,0.66,0.66,0.66,0.66
711805,凱崴永豐61購02,51160,1.2,1.24,1.2,1.24
711806,富喬永豐61購04,0,,,,
711807,崴寶永豐64購01,0,,,,
711808,華電網永豐61購02,0,,,,
711809,聖暉*永豐64購02,10160,0.75,0.83,0.75,0.83
711810,僑威永豐61購01,0,,,,
711811,蜜望實永豐61購02,55200,0.56,0.58,0.56,0.57
711812,蜜望實永豐61購03,117390,0.74,0.77,0.74,0.74
711813,艾訊國泰63購01,630450,1.05,1.05,1.02,1.02
711814,泓格國泰63購01,0,,,,
711815,頎邦國泰63購01,36400,1.74,1.9,1.74,1.9
711816,頎邦國泰63購02,5372860,2.11,2.38,2.07,2.25
711817,巨漢富邦63購01,0,,,,
711818,安勤富邦63購01,0,,,,
711819,宜鼎富邦67購01,54500,0.65,0.65,0.64,0.64
711820,富喬富邦67購01,6090,2.03,2.03,2.03,2.03
711821,蜜望實富邦63購01,848140,0.48,0.56,0.48,0.51
711822,艾訊統一6C購01,2350,0.47,0.47,0.47,0.47
711823,泓格統一6B購01,0,,,,
711824,茂達統一65購04,0,,,,
711825,振發統一6C購01,34650,0.68,0.68,0.65,0.65
711826,蜜望實統一65購01,45730,0.43,0.48,0.43,0.48
711827,蜜望實統一6B購01,0,,,,
711828,蜜望實統一6C購01,0,,,,
711829,泓格群益61購02,0,,,,
711830,泓格群益61購03,0,,,,
711831,元債20國票61購01,0,,,,
711832,天品國票61購02,24240,2.14,2.21,2.14,2.21
711833,天品國票63購01,725650,1.79,1.89,1.79,1.89
711834,方土昶國票65購01,14200,0.71,0.71,0.71,0.71
711835,宏碁資國票65購01,14790,0.87,0.87,0.87,0.87
711836,倚強國票61購01,0,,,,
711837,智通*國票61購03,0,,,,
711838,雙鴻國票66購01,0,,,,
711839,穩得國票61購01,3110,1.03,1.05,1.03,1.05
711840,中光電中信61購01,0,,,,
711841,大世科永豐61購01,0,,,,
711842,中美晶永豐64購03,26460,1.88,1.91,1.88,1.91
711843,友輝永豐61購01,0,,,,
711844,安勤永豐61購01,32760,0.36,0.36,0.36,0.36
711845,岱稜永豐61購01,0,,,,
711846,東洋永豐61購01,50690,0.64,0.67,0.64,0.67
711847,統振永豐61購01,0,,,,
711848,智擎永豐61購01,0,,,,
711849,頎邦永豐63購01,314300,2.09,2.23,2.08,2.2
711850,銳澤永豐61購01,0,,,,
711852,中美晶元大63購04,813830,0.83,0.97,0.83,0.93
711853,中美晶元大67購01,3300,0.66,0.66,0.66,0.66
711854,安勤元大61購01,245450,0.37,0.37,0.34,0.34
711855,艾訊元大61購03,599530,0.68,0.68,0.64,0.64
711856,欣銓元大65購01,480140,1.56,1.65,1.56,1.61
711857,泓格元大67購01,0,,,,
711858,晟田元大61購04,137310,0.69,0.69,0.69,0.69
711859,順達元大63購02,0,,,,
711860,群聯元大64購11,0,,,,
711861,廣積元大61購01,4480,0.56,0.56,0.56,0.56
711862,雙鴻元大61購17,0,,,,
711863,雙鴻元大61購18,5060,2.53,2.53,2.53,2.53
711864,雙鴻元大63購04,3786810,1.43,1.51,1.38,1.48
711865,中美晶台新65購01,5550,1.11,1.11,1.11,1.11
711866,智通*台新61購01,0,,,,
711867,群聯台新61購09,20700,2.08,2.08,2.06,2.06
711868,頎邦台新61購07,117340,3.32,3.69,3.32,3.69
711869,蜜望實台新61購01,358440,1.4,1.61,1.4,1.52
711870,廣積台新61購01,58760,1.13,1.13,1.13,1.13
711871,中美晶凱基61購11,174390,1.11,1.31,1.11,1.31
711872,中美晶凱基63購02,141020,1.43,1.55,1.43,1.54
711873,元太凱基66購01,80000,0.8,0.8,0.8,0.8
711874,立碁凱基61購01,343640,3.34,3.34,2.9,2.96
711875,宜鼎凱基61購06,20440,0.73,0.73,0.73,0.73
711876,宜鼎凱基63購01,57600,0.8,0.8,0.8,0.8
711877,富喬凱基61購07,78500,7.85,7.85,7.85,7.85
711878,頎邦凱基61購06,0,,,,
711879,蜜望實凱基61購01,702280,0.94,0.95,0.94,0.95
711880,營邦凱基61購04,95670,3.01,3.02,2.93,2.93
711881,雙鴻凱基63購04,0,,,,
711882,中光電國泰63購01,0,,,,
711883,立碁國泰63購01,0,,,,
711884,博智國泰63購01,0,,,,
711885,富喬國泰63購01,5200,5.2,5.2,5.2,5.2
711886,富喬國泰63購02,0,,,,
711887,智通*國泰63購01,0,,,,
711888,廣積國泰63購01,0,,,,
711889,中美晶富邦63購02,379020,1.0,1.06,1.0,1.06
711890,中美晶富邦67購01,305620,0.82,0.84,0.82,0.84
711891,中美晶富邦77購01,110150,1.09,1.11,1.08,1.11
711892,世界富邦61購04,34370,0.69,0.7,0.68,0.68
711893,世界富邦67購01,861620,0.8,0.82,0.8,0.8
711894,高技富邦63購01,489710,0.73,0.75,0.71,0.71
711895,昱展統一67購01,20500,0.41,0.41,0.41,0.41
711896,高技統一67購02,14800,0.74,0.74,0.74,0.74
711897,蜜望實統一67購01,77040,0.57,0.66,0.57,0.63
711898,磐儀統一67購01,0,,,,
711899,中美晶群益61購03,96120,1.67,1.75,1.67,1.75
711900,元太群益61購01,340300,0.75,0.76,0.72,0.72
711901,高技群益61購02,598340,1.59,1.64,1.52,1.57
711902,廣積群益61購01,0,,,,
711903,廣積群益63購01,0,,,,
711904,雙鴻群益61購05,443300,3.41,3.41,3.41,3.41
711905,中光電凱基61購08,0,,,,
711906,中美晶凱基61購12,182000,1.74,1.85,1.74,1.83
711907,立碁凱基61購02,31300,3.13,3.13,3.13,3.13
711908,艾訊凱基61購02,0,,,,
711909,欣銓凱基65購01,102060,1.56,1.61,1.54,1.61
711910,泓格凱基61購02,0,,,,
711911,威剛凱基63購01,0,,,,
711912,振發凱基61購01,18210,1.73,1.94,1.73,1.94
711913,智通*凱基61購05,0,,,,
711914,順達凱基63購02,0,,,,
711915,群聯凱基61購13,0,,,,
711916,M31台新67購01,45770,2.62,2.62,2.49,2.49
711917,世界台新61購04,0,,,,
711918,群聯台新67購05,0,,,,
711919,群聯台新67購06,0,,,,
711920,M31元大61購03,0,,,,
711921,中美晶元大61購10,151420,1.31,1.33,1.31,1.33
711922,中美晶元大67購02,354750,0.68,0.7,0.68,0.7
711923,立碁元大61購02,72720,3.08,3.08,2.72,2.76
711924,宜鼎元大61購11,215350,0.96,0.96,0.91,0.91
711925,泓格元大61購03,0,,,,
711926,威剛元大61購07,326540,1.55,1.57,1.53,1.57
711927,鈊象元大61購02,2700,1.35,1.35,1.35,1.35
711928,群聯元大61購21,0,,,,
711929,群聯元大63購06,0,,,,
711930,中美晶永豐64購04,152120,1.87,1.98,1.87,1.98
711931,世界永豐64購01,38570,2.03,2.03,2.03,2.03
711932,宜鼎永豐61購05,5040,0.72,0.72,0.72,0.72
711933,宜鼎永豐63購03,24700,0.95,0.95,0.95,0.95
711934,鈊象永豐61購02,0,,,,
711935,廣積永豐61購02,0,,,,
711936,加高國票65購01,25700,0.81,0.81,0.8,0.8
711937,立碁國票64購01,401150,2.56,2.56,2.34,2.37
711938,泓格國票61購02,0,,,,
711939,茂迪國票64購01,890,0.89,0.89,0.89,0.89
711940,陽程國票61購03,0,,,,
711941,頎邦國票63購01,138680,2.18,2.46,2.18,2.46
711942,廣積國票67購01,0,,,,
711943,磐儀國票66購01,0,,,,
711944,晟田國泰63購01,7700,0.77,0.77,0.77,0.77
711945,立碁富邦61購03,401160,1.64,1.73,1.56,1.56
711946,威剛富邦64購02,227680,0.38,0.4,0.38,0.39
711947,頎邦統一6A購01,2172830,1.19,1.28,1.19,1.26
711948,中光電群益62購01,0,,,,
711949,正德國票62購01,0,,,,
711950,威剛國票62購03,0,,,,
711951,美達國票62購01,0,,,,
711952,森鉅國票67購01,0,,,,
711953,群聯國票62購02,0,,,,
711954,世界中信62購01,812990,0.65,0.66,0.61,0.62
711955,宜鼎永豐63購04,105140,1.47,1.47,1.4,1.4
711956,富喬永豐62購01,0,,,,
711957,富喬永豐63購01,0,,,,
711958,台嘉碩國泰63購01,32550,2.12,2.27,2.12,2.27
711959,宜鼎國泰63購01,0,,,,
711960,群聯國泰65購01,53900,2.45,2.45,2.45,2.45
711961,群聯富邦63購04,0,,,,
711962,群聯富邦63購05,0,,,,
711963,群聯富邦63購06,0,,,,
711964,頎邦富邦63購03,0,,,,
711965,雙鴻富邦63購03,0,,,,
711966,雙鴻富邦63購04,0,,,,
711967,M31台新62購02,0,,,,
711968,頎邦台新62購01,0,,,,
711969,元太凱基65購01,78810,0.87,0.87,0.86,0.86
711970,宜鼎凱基62購01,0,,,,
711971,威剛凱基63購02,0,,,,
711972,高技凱基62購01,399230,2.25,2.31,2.19,2.19
711973,富喬凱基62購02,18800,9.4,9.4,9.4,9.4
711974,群聯凱基62購01,0,,,,
711975,頎邦凱基63購02,28450,4.7,4.81,4.7,4.76
711976,廣積凱基62購01,0,,,,
711977,磐儀凱基62購01,0,,,,
711978,雙鴻凱基62購01,0,,,,
711979,M31元大62購01,0,,,,
711980,M31元大65購01,6400,1.28,1.28,1.28,1.28
711981,巨漢元大62購01,3630,1.21,1.21,1.21,1.21
711982,良維元大62購01,46670,2.02,2.03,2.02,2.03
711983,威剛元大62購03,220100,1.66,1.71,1.66,1.7
711984,博智元大62購01,0,,,,
711985,富喬元大67購01,0,,,,
711986,鈊象元大62購05,45510,1.11,1.11,1.11,1.11
711987,鈊象元大62購06,0,,,,
711988,群聯元大62購04,218530,1.95,1.96,1.93,1.94
711989,中光電永豐63購01,0,,,,
711990,家登永豐63購01,0,,,,
711991,富喬永豐65購02,0,,,,
711992,富喬永豐68購02,0,,,,
711993,群聯永豐64購10,0,,,,
711994,新應材群益62購01,28600,1.43,1.43,1.43,1.43
711995,中美晶台新62購01,263000,1.59,1.62,1.59,1.59
711996,宜鼎台新62購02,28130,1.33,1.35,1.33,1.33
711997,欣銓台新62購01,106700,3.31,3.51,3.27,3.51
711998,威剛台新62購02,41540,1.13,1.13,1.12,1.12
711999,倉和台新68購01,0,,,,
712000,臺慶科台新62購01,124840,2.04,2.16,2.04,2.14
712001,中光電凱基63購01,0,,,,
712002,中美晶凱基63購04,0,,,,
712003,巨漢凱基63購01,764680,1.49,1.52,1.49,1.49
712004,良維凱基63購01,0,,,,
712005,博智凱基63購03,34450,2.47,2.47,2.46,2.46
712006,順達凱基63購03,71400,2.38,2.38,2.38,2.38
712007,鈊象凱基64購03,5260,2.63,2.63,2.63,2.63
712008,群聯凱基63購04,0,,,,
712009,群聯凱基64購05,0,,,,
712010,元太國票64購01,0,,,,
712011,世紀*國票66購01,0,,,,
712012,光焱國票66購01,10500,0.7,0.7,0.7,0.7
712013,光焱國票68購01,0,,,,
712014,沛亨國票66購01,0,,,,
712015,宜鼎國票68購01,18300,1.22,1.22,1.22,1.22
712016,順達國票65購02,62900,1.7,1.7,1.7,1.7
712017,臺慶科國票64購01,10090,1.42,1.46,1.42,1.45
712018,譜瑞國票66購01,25380,0.94,0.94,0.94,0.94
712019,中美晶元大64購03,0,,,,
712020,均華元大64購01,123800,2.55,2.55,2.3,2.3
712021,均豪元大64購03,0,,,,
712022,系統電元大64購01,167440,3.1,3.11,3.1,3.11
712023,良維元大63購02,0,,,,
712024,良維元大64購01,0,,,,
712025,宜鼎元大64購01,0,,,,
712026,陽程元大64購01,0,,,,
712027,鈊象元大63購06,90480,1.56,1.56,1.56,1.56
712028,鈊象元大63購07,0,,,,
712029,鈊象元大64購03,0,,,,
712030,新應材元大63購01,0,,,,
712031,新應材元大63購02,16400,2.05,2.05,2.05,2.05
712032,新應材元大63購03,0,,,,
712033,新應材元大64購01,0,,,,
712034,群聯元大63購07,6030,2.01,2.01,2.01,2.01
712035,群聯元大63購08,24300,2.43,2.43,2.43,2.43
712036,群聯元大64購12,0,,,,
712037,威剛國泰63購01,0,,,,
712038,聖暉*國泰63購01,1036380,1.19,1.42,1.16,1.38
712039,M31富邦65購01,0,,,,
712040,群聯富邦64購02,0,,,,
712041,台特化國票67購01,0,,,,
712042,艾訊國票67購01,25810,0.99,1.0,0.99,1.0
712043,宏捷科國票69購01,18560,1.1,1.24,1.1,1.24
712044,高技國票65購02,109880,1.64,1.64,1.64,1.64
712045,博磊國票66購01,1980,0.99,0.99,0.99,0.99
712046,竑騰群益62購01,54860,2.6,2.66,2.6,2.62
712047,順達群益62購01,51800,2.57,2.61,2.57,2.61
712048,新應材群益62購02,0,,,,
712049,聖暉*群益62購01,475000,1.08,1.19,1.08,1.19
712050,營邦群益62購01,0,,,,
712051,營邦群益62購02,0,,,,
712052,中光電元大64購02,0,,,,
712053,宜鼎元大63購05,0,,,,
712054,宜鼎元大64購02,6060,1.01,1.01,1.01,1.01
712055,威剛元大63購01,71740,1.42,1.44,1.42,1.44
712056,威剛元大64購02,0,,,,
712057,倉和元大63購01,0,,,,
712058,高技元大63購01,200410,2.59,2.66,2.52,2.52
712059,富喬元大63購02,0,,,,
712060,智通*元大63購03,0,,,,
712061,智通*元大64購01,0,,,,
712062,群聯元大63購09,7520,1.87,1.89,1.87,1.89
712063,蜜望實元大63購01,338380,0.81,0.86,0.81,0.85
712064,廣穎元大63購01,0,,,,
712065,雙鴻元大63購05,0,,,,
712066,雙鴻元大63購06,15960,3.99,3.99,3.99,3.99
712067,雙鴻元大64購03,109000,2.18,2.18,2.18,2.18
712068,均華國泰63購01,278240,4.02,4.02,3.8,3.8
712069,家登國泰63購01,0,,,,
712070,順達國泰63購01,0,,,,
712071,順達國泰63購02,0,,,,
712072,鈊象國泰63購01,0,,,,
712073,新應材國泰63購01,149700,2.5,2.5,2.49,2.49
712074,營邦國泰63購01,0,,,,
712075,新應材中信62購01,32840,0.94,0.94,0.89,0.89
712076,竑騰永豐63購01,315550,1.81,1.99,1.81,1.99
712077,博磊永豐63購01,142680,1.4,1.4,1.36,1.36
712078,順達永豐63購01,30550,2.35,2.35,2.35,2.35
712079,新應材永豐68購01,8200,0.82,0.82,0.82,0.82
712080,新應材永豐68購02,46000,0.92,0.92,0.92,0.92
712081,新應材永豐68購03,0,,,,
712082,群聯永豐64購11,214000,2.14,2.14,2.14,2.14
712083,均華凱基64購01,534480,3.03,3.03,2.81,2.81
712084,沛亨凱基63購01,536440,3.18,3.18,3.04,3.04
712085,宜鼎凱基68購01,512000,1.9,2.0,1.85,1.85
712086,新應材凱基63購01,0,,,,
712087,新應材凱基63購02,0,,,,
712088,新應材凱基63購03,0,,,,
712089,新應材凱基64購01,21800,2.18,2.18,2.18,2.18
712090,群聯凱基63購05,75600,3.78,3.78,3.78,3.78
712091,臺慶科凱基63購02,276590,2.62,2.75,2.62,2.67
712092,雙鴻凱基63購05,0,,,,
712093,譜瑞凱基63購01,90240,1.41,1.41,1.41,1.41
712094,世界台新65購01,0,,,,
712095,巨漢台新62購01,2080,2.08,2.08,2.08,2.08
712096,均華台新62購01,0,,,,
712097,均華台新62購02,0,,,,
712098,宜鼎台新62購03,0,,,,
712099,竑騰台新62購01,0,,,,
712100,家登台新62購02,0,,,,
712101,國眾台新65購01,0,,,,
712102,博磊台新62購01,6160,1.54,1.54,1.54,1.54
712103,群聯台新68購01,0,,,,
712104,聚和台新62購01,89310,1.8,1.83,1.7,1.7
712105,營邦台新62購01,0,,,,
712106,營邦台新62購02,0,,,,
712107,營邦台新65購01,55040,3.44,3.44,3.44,3.44
712108,均華富邦63購01,90600,1.62,1.62,1.41,1.41
712109,宜鼎富邦62購01,800,0.8,0.8,0.8,0.8
712110,家登富邦64購01,0,,,,
712111,家登富邦64購02,0,,,,
712112,順達富邦63購02,344490,1.17,1.17,1.14,1.15
712113,新應材富邦63購03,4750,0.95,0.95,0.95,0.95
712114,新應材富邦64購01,0,,,,
712115,營邦富邦64購01,0,,,,
712116,新應材統一71購01,195650,0.88,0.88,0.85,0.85
712117,新應材統一71購02,0,,,,
712118,群聯統一6A購01,99850,1.05,1.06,1.05,1.05
712119,世禾國票66購01,10400,1.03,1.05,1.03,1.05
712120,系統電國票67購01,0,,,,
712121,系微國票65購02,0,,,,
712122,松上國票65購01,485790,0.89,0.89,0.86,0.87
712123,前鼎國票65購01,0,,,,
712124,能率國票65購01,0,,,,
712125,華景電國票65購02,9380,1.34,1.34,1.34,1.34
712126,順達國票67購01,38200,1.91,1.91,1.91,1.91
712127,廣穎國票65購02,0,,,,
712128,中美晶台新65購02,14160,1.77,1.77,1.77,1.77
712129,宜鼎台新62購04,0,,,,
712130,新應材台新62購01,0,,,,
712131,新應材台新62購02,354200,2.57,2.57,2.52,2.52
712132,中光電元大64購03,0,,,,
712133,中美晶元大64購04,291980,2.05,2.14,1.97,2.13
712134,台特化元大64購01,31400,1.57,1.57,1.57,1.57
712135,富喬元大64購05,0,,,,
712136,廣積元大63購04,0,,,,
712137,營邦元大64購01,0,,,,
712138,中美晶中信62購01,541100,1.01,1.13,1.0,1.13
712139,富喬中信64購01,0,,,,
712140,中光電永豐63購02,456000,1.14,1.14,1.14,1.14
712141,系統電永豐64購02,0,,,,
712142,宜鼎永豐63購05,0,,,,
712143,宜鼎永豐64購03,4170,1.39,1.39,1.39,1.39
712144,宜鼎永豐65購02,0,,,,
712145,倉和永豐63購01,0,,,,
712146,耕興永豐63購01,0,,,,
712147,晟德永豐63購01,147830,0.71,0.74,0.71,0.73
712148,頎邦永豐63購02,54720,2.88,2.88,2.88,2.88
712149,雙鴻永豐63購04,0,,,,
712150,雙鴻永豐64購04,0,,,,
712151,M31群益62購01,809690,1.11,1.13,1.04,1.04
712152,世界群益62購03,1358520,2.88,3.05,2.79,2.79
712153,均華群益68購01,1796450,3.49,3.49,3.09,3.09
712154,宜特群益62購01,120650,1.43,1.43,1.4,1.4
712155,家登群益62購01,63920,3.76,3.76,3.76,3.76
712156,博智群益63購02,0,,,,
712157,群聯群益64購02,0,,,,
712158,頎邦群益62購01,0,,,,
712159,雙鴻群益64購01,80650,7.3,7.4,7.15,7.15
712160,中美晶凱基63購05,342820,2.95,3.25,2.95,3.25
712161,宏捷科凱基67購01,299390,1.54,1.9,1.54,1.9
712162,系統電凱基64購01,181390,2.96,2.96,2.82,2.83
712163,宜鼎凱基63購02,0,,,,
712164,威剛凱基64購02,0,,,,
712165,倉和凱基63購01,6100,6.1,6.1,6.1,6.1
712166,智通*凱基63購01,288290,2.18,2.18,2.13,2.13
712167,群聯凱基63購06,0,,,,
712168,蜜望實凱基63購01,35100,1.3,1.3,1.3,1.3
712169,營邦凱基63購01,104860,4.59,4.6,4.53,4.53
712170,雙鴻凱基63購06,0,,,,
712171,巨漢富邦63購02,4340,0.62,0.62,0.62,0.62
712172,博智富邦63購02,506680,0.91,0.99,0.91,0.94
712173,頎邦富邦64購02,0,,,,
712174,中美晶國泰63購03,0,,,,
712175,巨漢國泰63購01,103950,2.31,2.31,2.31,2.31
712176,頎邦國泰63購03,0,,,,
712177,雙鴻國泰63購02,0,,,,
712178,元太統一6A購01,29240,0.43,0.43,0.43,0.43
712179,富喬統一6A購01,16150,1.95,2.06,1.95,2.06
712180,中光電元大64購04,0,,,,
712181,弘塑元大63購03,106700,0.97,0.97,0.97,0.97
712182,弘塑元大64購02,89810,1.11,1.11,1.1,1.11
712183,艾訊元大63購01,77150,1.23,1.3,1.2,1.2
712184,威剛元大63購04,164970,1.29,1.29,1.28,1.28
712185,威剛元大64購03,164680,0.92,0.92,0.92,0.92
712186,博智元大64購01,98960,0.8,0.8,0.79,0.79
712187,萬潤元大63購01,668630,1.61,1.64,1.55,1.58
712188,中光電台新65購01,0,,,,
712189,中美晶台新65購03,134110,1.55,1.71,1.55,1.68
712190,均華台新62購03,0,,,,
712191,欣銓台新62購02,0,,,,
712192,威剛台新65購01,15220,0.85,0.85,0.84,0.84
712193,威剛台新68購01,0,,,,
712194,家登台新62購03,0,,,,
712195,家登台新65購01,25800,1.72,1.72,1.72,1.72
712196,萬潤台新62購01,0,,,,
712197,萬潤台新62購02,64770,2.77,3.3,2.77,3.3
712198,萬潤台新62購03,1873400,3.58,3.65,3.5,3.58
712199,萬潤台新65購01,1007410,2.83,2.83,2.65,2.65
712200,萬潤台新68購01,18260,3.11,3.11,3.0,3.05
712201,世禾凱基66購01,46910,0.92,0.92,0.91,0.91
712202,世界凱基63購04,16650,1.35,1.4,1.35,1.4
712203,台特化凱基63購02,4700,2.34,2.36,2.34,2.36
712204,宜特凱基63購01,0,,,,
712205,高技凱基63購01,293600,1.07,1.09,1.03,1.03
712206,博智凱基63購04,0,,,,
712207,智通*凱基63購02,23760,0.72,0.72,0.72,0.72
712208,新應材凱基63購05,0,,,,
712209,廣積凱基63購01,7890,1.31,1.32,1.31,1.32
712210,廣穎凱基63購01,0,,,,
712211,富喬中信64購02,542580,2.21,2.38,2.21,2.38
712212,中美晶永豐64購05,157780,1.47,1.69,1.47,1.69
712213,天正永豐65購01,0,,,,
712214,朋億*永豐63購01,1090,1.09,1.09,1.09,1.09
712215,金山電永豐65購01,157720,0.82,0.91,0.82,0.89
712216,家登永豐63購02,0,,,,
712217,港建*永豐64購01,5000,0.5,0.5,0.5,0.5
712218,萬潤永豐65購01,2760950,1.64,1.66,1.58,1.61
712219,萬潤永豐66購01,0,,,,
712220,萬潤永豐68購01,146960,2.2,2.25,2.19,2.19
712221,德昌永豐65購01,0,,,,
712222,營邦永豐63購01,0,,,,
712223,久元國票66購01,0,,,,
712224,互動國票66購01,0,,,,
712225,朋億*國票66購01,17400,0.87,0.87,0.87,0.87
712226,金山電國票65購01,196700,0.86,0.86,0.79,0.83
712227,金山電國票67購01,4950,0.99,0.99,0.99,0.99
712228,家登國票63購01,0,,,,
712229,高技國票66購01,0,,,,
712230,凱崴國票65購01,4120,1.03,1.03,1.03,1.03
712231,博磊國票68購01,32440,0.69,0.7,0.69,0.69
712232,港建*國票63購01,0,,,,
712233,瑞穎國票63購01,0,,,,
712234,萬潤國票66購01,430210,1.28,1.31,1.25,1.28
712235,萬潤國票68購01,171890,1.37,1.37,1.35,1.37
712236,中美晶富邦62購02,130440,1.16,1.28,1.16,1.28
712237,弘塑富邦63購02,22000,0.74,0.74,0.73,0.73
712238,威剛富邦62購02,0,,,,
712239,中美晶群益62購03,369880,2.47,2.79,2.47,2.79
712240,台嘉碩群益62購01,755230,1.43,1.49,1.4,1.49
712241,弘塑群益62購01,0,,,,
712242,弘塑群益62購02,48000,1.0,1.0,1.0,1.0
712243,宏捷科群益64購01,802740,1.45,1.85,1.43,1.8
712244,系統電群益62購01,323020,2.06,2.1,2.02,2.04
712245,宜鼎群益62購01,3020,0.77,0.77,0.74,0.74
712246,金山電群益62購01,201740,1.49,1.67,1.49,1.63
712247,前鼎群益68購01,1086550,5.15,5.55,5.1,5.45
712248,威剛群益62購03,0,,,,
712249,原相群益62購01,168480,1.04,1.04,1.04,1.04
712250,智通*群益62購01,0,,,,
712251,新應材群益66購01,53660,1.58,1.6,1.53,1.53
712252,萬潤群益68購01,2301860,2.43,2.51,2.41,2.43
712253,群聯群益68購01,0,,,,
712254,頎邦群益62購02,310760,3.95,4.2,3.92,4.0
712255,雙鴻群益62購03,65100,3.23,3.28,3.23,3.28
712256,元太統一66購01,0,,,,
712257,世禾統一68購01,98650,0.85,0.87,0.85,0.87
712258,沛亨統一68購02,19980,1.11,1.11,1.11,1.11
712259,金山電統一67購01,91100,0.56,0.63,0.56,0.63
712260,金山電統一6B購01,2971080,0.7,0.77,0.7,0.76
712261,金山電統一6C購01,3532140,0.75,0.76,0.73,0.75
712262,能率亞統一68購01,0,,,,
712263,港建*統一6B購01,0,,,,
712264,新應材統一68購01,0,,,,
712265,萬潤統一65購01,2432250,1.51,1.54,1.45,1.47
712266,萬潤統一6A購03,2104000,1.3,1.34,1.28,1.31
712267,萬潤統一6B購01,412500,0.93,0.93,0.86,0.86
712268,萬潤統一6C購01,425380,0.9,0.91,0.77,0.77
712269,弘塑國泰63購01,21250,1.07,1.07,1.05,1.05
712270,弘塑國泰63購02,0,,,,
712271,泓格國泰63購02,23160,0.78,0.78,0.76,0.76
712272,金山電國泰63購01,1080200,2.29,2.59,2.29,2.5
712273,金山電國泰64購01,733900,2.15,2.42,2.15,2.25
712274,萬潤國泰63購01,882660,2.27,2.27,2.2,2.27
712275,弘塑台新62購01,99000,1.25,1.25,1.18,1.18
712276,弘塑台新62購02,519400,1.05,1.05,0.88,0.88
712277,弘塑台新62購03,0,,,,
712278,弘塑台新68購01,695820,1.45,1.49,1.39,1.39
712279,弘塑台新68購02,45900,1.07,1.07,0.98,0.98
712280,沛亨台新62購01,9800,1.96,1.96,1.96,1.96
712281,沛亨台新62購02,0,,,,
712282,韋僑台新62購01,0,,,,
712283,韋僑台新62購02,0,,,,
712284,竑騰台新62購02,845960,1.46,1.55,1.45,1.55
712285,博智台新62購01,58460,1.58,1.58,1.58,1.58
712286,新應材台新62購03,0,,,,
712287,群聯台新62購01,0,,,,
712288,群聯台新62購02,0,,,,
712289,雙鴻台新62購01,0,,,,
712290,雙鴻台新68購01,0,,,,
712291,雙鴻台新68購02,1097500,2.61,2.7,2.61,2.7
712292,中光電元大63購02,0,,,,
712293,中光電元大64購05,0,,,,
712294,世界元大63購08,45030,1.88,1.89,1.87,1.87
712295,世界元大63購09,46980,1.29,1.33,1.29,1.33
712296,世界元大64購09,304310,0.71,0.74,0.71,0.73
712297,弘塑元大64購03,0,,,,
712298,良維元大64購02,416100,1.27,1.31,1.27,1.28
712299,宜鼎元大64購03,356700,0.88,0.91,0.88,0.91
712300,陽程元大64購02,0,,,,
712301,鈊象元大63購08,0,,,,
712302,中光電凱基65購01,0,,,,
712303,中美晶凱基63購06,165910,1.39,1.48,1.39,1.43
712304,弘塑凱基63購01,87260,0.61,0.61,0.52,0.52
712305,弘塑凱基64購01,97540,0.92,0.92,0.83,0.83
712306,金山電凱基63購01,823430,1.24,1.42,1.24,1.41
712307,金山電凱基63購02,1680510,1.32,1.52,1.32,1.46
712308,威剛凱基63購04,0,,,,
712309,群聯凱基66購03,0,,,,
712310,頎邦凱基64購03,200310,1.98,2.3,1.98,2.16
712311,雙鴻凱基63購08,0,,,,
712312,均華國泰64購01,40400,2.02,2.02,2.02,2.02
712313,新應材國泰64購01,15800,1.58,1.58,1.58,1.58
712314,弘塑統一67購01,83570,0.59,0.59,0.54,0.54
712315,由田統一68購01,91040,1.14,1.14,1.12,1.12
712316,金山電統一66購01,265160,0.51,0.59,0.51,0.57
712317,金山電統一68購01,347490,0.73,0.84,0.73,0.83
712318,前鼎統一6C購01,240500,1.01,1.09,1.01,1.09
712319,倉和統一68購01,60190,1.68,1.74,1.68,1.74
712320,富喬中信64購03,254260,1.34,1.51,1.34,1.51
712321,元太永豐63購01,77500,0.63,0.63,0.62,0.62
712322,巨漢永豐63購01,112050,0.84,0.86,0.84,0.85
712323,宏碁資永豐63購01,0,,,,
712324,建榮永豐64購01,643780,1.31,1.46,1.25,1.39
712325,胡連永豐63購01,802230,0.8,0.82,0.79,0.79
712326,茂綸永豐64購01,201900,1.11,1.11,1.06,1.06
712327,茂綸永豐65購01,0,,,,
712328,竑騰永豐64購01,598920,1.32,1.32,1.3,1.32
712329,富喬永豐64購02,50520,2.8,2.82,2.8,2.82
712330,富喬永豐67購01,4620,2.31,2.31,2.31,2.31
712331,聖暉*永豐63購01,187680,1.82,2.03,1.81,2.0
712332,元太國票66購01,17790,0.46,0.46,0.45,0.45
712333,世界國票67購01,5800,1.45,1.45,1.45,1.45
712334,弘塑國票66購01,0,,,,
712335,全宇昕國票65購02,3040,0.76,0.76,0.76,0.76
712336,均華國票63購01,11700,1.3,1.3,1.3,1.3
712337,長佳智國票65購01,0,,,,
712338,前鼎國票67購01,290440,1.86,2.1,1.86,2.08
712339,博智國票63購01,0,,,,
712340,智通*國票63購01,11000,1.1,1.1,1.1,1.1
712341,新應材國票63購01,0,,,,
712342,新應材國票64購01,15700,1.57,1.57,1.57,1.57
712343,廣穎國票67購01,0,,,,
712344,德勝國票66購01,0,,,,
712345,世界群益67購01,96640,1.25,1.28,1.24,1.24
712346,台特化群益67購01,19400,1.5,1.5,1.49,1.49
712347,由田群益62購01,0,,,,
712348,宏捷科群益62購01,687090,1.02,1.37,1.0,1.32
712349,沛亨群益62購01,54650,2.05,2.05,2.01,2.01
712350,茂達群益62購01,0,,,,
712351,矽科台新62購01,0,,,,
712352,新應材台新62購04,0,,,,
712353,世界凱基63購05,114950,1.1,1.15,1.1,1.15
712354,台特化凱基67購01,15350,2.21,2.21,2.15,2.15
712355,宜鼎凱基63購03,0,,,,
712356,前鼎凱基67購01,1315830,1.95,2.48,1.95,2.33
712357,新應材凱基64購02,0,,,,
712358,青雲元大63購01,0,,,,
712359,鈊象中信62購01,0,,,,
712360,前鼎永豐68購01,452510,2.27,2.48,2.25,2.48
712361,博智永豐63購01,29800,1.49,1.49,1.49,1.49
712362,達航永豐63購02,0,,,,
712363,廣積永豐63購01,0,,,,
712364,東洋國票63購01,42940,1.03,1.03,1.01,1.03
712365,前鼎國票68購01,129460,1.77,1.85,1.74,1.85
712366,竑騰國票63購01,504410,1.36,1.47,1.33,1.39
712367,聚和國票65購01,0,,,,
712368,廣積國票65購02,0,,,,
712369,中美晶群益64購02,111250,0.9,1.02,0.9,1.02
712370,欣銓群益63購01,1376720,2.18,2.23,2.08,2.19
712371,金山電群益63購01,662670,1.21,1.37,1.21,1.32
712372,青雲群益63購01,0,,,,
712373,威剛群益64購01,1030,0.52,0.52,0.51,0.51
712374,家登群益63購04,201920,2.26,2.34,2.26,2.34
712375,群聯群益64購03,101000,1.01,1.01,1.01,1.01
712376,雙鴻群益64購02,73920,2.24,2.24,2.24,2.24
712377,群聯國泰67購01,0,,,,
712378,世界富邦65購01,38250,0.65,0.65,0.64,0.65
712379,富喬富邦62購01,0,,,,
712380,新應材富邦64購02,6600,0.44,0.44,0.44,0.44
712381,沛亨統一65購03,302240,1.09,1.1,1.04,1.04
712382,長科*統一68購01,0,,,,
712383,前鼎統一66購01,7001980,1.46,1.75,1.42,1.75
712384,前鼎統一68購01,323340,1.0,1.14,1.0,1.14
712385,富喬統一65購04,111600,2.25,2.25,2.18,2.18
712386,頎邦統一66購02,3381310,1.37,1.51,1.35,1.51
712387,M31國票67購01,0,,,,
712388,博磊國票65購01,0,,,,
712389,宜鼎台新65購01,0,,,,
712390,青雲台新63購01,0,,,,
712391,宸曜台新62購01,0,,,,
712392,宸曜台新62購02,3020,1.02,1.02,0.98,0.98
712393,新應材台新64購01,0,,,,
712394,群聯台新65購01,28340,1.09,1.09,1.09,1.09
712395,雙鴻台新65購01,0,,,,
712396,雙鴻台新65購02,23470,2.17,2.17,2.07,2.07
712397,M31凱基63購01,268620,1.21,1.21,1.21,1.21
712398,中美晶凱基64購02,105760,1.65,1.85,1.65,1.85
712399,方土昶凱基63購01,0,,,,
712400,宜鼎凱基63購04,88880,0.27,0.27,0.26,0.26
712401,青雲凱基63購01,22500,1.14,1.14,1.11,1.11
712402,威剛凱基64購03,0,,,,
712403,富喬凱基65購01,0,,,,
712404,富喬凱基68購01,0,,,,
712405,群聯凱基63購07,0,,,,
712406,群聯凱基63購08,0,,,,
712407,群聯凱基63購09,0,,,,
712408,群聯凱基63購10,0,,,,
712409,雙鴻凱基63購09,188920,2.46,2.58,2.46,2.56
712410,方土昶群益63購01,0,,,,
712411,世界群益66購02,125740,1.03,1.07,1.03,1.05
712412,世紀*群益63購01,0,,,,
712413,世紀*群益63購02,0,,,,
712414,台特化群益66購01,1430,1.43,1.43,1.43,1.43
712415,弘塑群益63購01,641740,0.88,0.88,0.72,0.72
712416,艾訊群益63購01,67060,0.66,0.67,0.64,0.64
712417,艾訊群益63購02,0,,,,
712418,倚強群益69購01,17880,3.4,3.4,2.86,2.87
712419,群聯群益64購04,0,,,,
712420,廣穎群益62購01,0,,,,
712421,雙鴻群益65購01,3699360,1.55,1.69,1.55,1.65
712422,閎康元大63購04,0,,,,
712423,新應材元大63購04,0,,,,
712424,新應材元大64購02,3580,0.9,0.9,0.89,0.89
712425,營邦元大64購02,401560,2.06,2.06,1.99,2.04
712426,宜鼎中信62購01,0,,,,
712427,威剛中信63購01,25200,0.45,0.45,0.45,0.45
712428,群聯中信66購01,57980,0.46,0.47,0.46,0.47
712429,雙鴻中信63購03,123210,1.11,1.13,1.1,1.11
712430,均華永豐63購01,0,,,,
712431,沛亨永豐64購01,0,,,,
712432,威剛永豐68購02,1640,0.82,0.82,0.82,0.82
712433,茂訊永豐63購01,0,,,,
712434,新潤永豐63購01,0,,,,
712435,新應材永豐68購04,0,,,,
712436,群聯永豐68購01,2070,0.69,0.69,0.69,0.69
712437,雙鴻永豐64購05,286200,2.09,2.18,2.09,2.18
712438,群聯國泰63購03,0,,,,
712439,群聯國泰65購02,0,,,,
712440,聖暉*國泰63購02,1183140,0.86,0.93,0.8,0.93
712441,譜瑞國泰63購01,38080,1.19,1.19,1.19,1.19
712442,鑫聯國泰63購01,0,,,,
712443,宏捷科富邦64購01,1081570,0.73,1.07,0.72,1.07
712444,宏捷科富邦65購01,1177660,0.75,0.92,0.74,0.89
712445,宜鼎富邦68購01,0,,,,
712446,頎邦富邦64購03,0,,,,
712447,頎邦富邦65購01,2090620,0.87,1.07,0.87,1.0
712448,譜瑞富邦64購02,0,,,,
712449,M31統一68購01,0,,,,
712450,陽程統一66購02,0,,,,
712451,雙鴻統一64購02,0,,,,
712452,台特化台新65購01,35650,2.38,2.38,2.37,2.37
712453,宜鼎台新64購02,0,,,,
712454,富喬台新65購01,9960,4.86,5.1,4.86,5.1
712455,順達台新64購01,51250,1.8,1.89,1.78,1.89
712456,新應材台新64購02,0,,,,
712457,頎邦台新68購01,178730,3.97,4.43,3.97,4.34
712458,營邦台新65購02,60480,2.52,2.52,2.52,2.52
712459,鴻呈台新62購01,85820,0.51,0.56,0.51,0.56
712460,雙鴻台新62購02,0,,,,
712461,世界凱基66購02,231420,1.61,1.68,1.61,1.68
712462,世紀*凱基63購01,0,,,,
712463,弘塑凱基63購02,111300,1.0,1.0,0.9,0.9
712464,弘塑凱基63購03,91000,1.3,1.3,1.3,1.3
712465,艾訊凱基63購01,44000,0.55,0.55,0.55,0.55
712466,倚強凱基63購01,126000,6.85,6.85,5.75,5.75
712467,富喬凱基63購03,143440,2.15,2.64,2.12,2.34
712468,閎康凱基63購01,0,,,,
712469,順達凱基63購04,0,,,,
712470,新應材凱基63購06,0,,,,
712471,廣積凱基64購01,0,,,,
712472,順達中信62購01,0,,,,
712473,群聯中信62購02,0,,,,
712474,均華永豐63購02,39600,1.1,1.1,1.1,1.1
712475,良維永豐63購01,0,,,,
712476,宜鼎永豐66購02,0,,,,
712477,順達永豐63購02,260890,1.57,1.57,1.53,1.53
712478,順達永豐63購03,172690,1.05,1.05,1.04,1.04
712479,群聯永豐65購07,0,,,,
712480,群聯永豐65購08,0,,,,
712481,群聯永豐68購02,48790,1.57,1.59,1.57,1.59
712482,廣閎科永豐63購01,271200,1.01,1.01,0.96,0.96
712483,廣閎科永豐63購02,33600,0.84,0.84,0.84,0.84
712484,廣閎科永豐65購01,0,,,,
712485,廣閎科永豐68購01,13540,0.96,0.97,0.96,0.97
712486,廣穎永豐65購02,0,,,,
712487,巨漢元大64購01,117600,1.12,1.12,1.12,1.12
712488,宜鼎元大63購06,0,,,,
712489,宜鼎元大64購04,153760,0.31,0.31,0.31,0.31
712490,富喬元大63購03,0,,,,
712491,富喬元大63購04,579240,1.95,2.1,1.93,2.08
712492,富喬元大63購05,0,,,,
712493,富喬元大63購06,0,,,,
712494,富喬元大64購06,3792800,1.66,1.91,1.63,1.79
712495,群聯元大63購10,0,,,,
712496,群聯元大63購13,0,,,,
712497,廣積元大63購05,0,,,,
712498,廣穎元大63購02,255680,0.47,0.47,0.47,0.47
712499,廣穎元大63購03,0,,,,
712500,營邦元大63購01,62580,1.49,1.49,1.49,1.49
712501,營邦元大63購03,412360,1.06,1.06,1.04,1.05
712502,營邦元大64購04,603370,1.06,1.06,1.02,1.04
712503,雙鴻元大64購04,560680,1.81,1.85,1.77,1.83
712504,千如國票66購01,377380,1.39,1.65,1.39,1.49
712505,富喬國票64購01,0,,,,
712506,富喬國票66購01,255150,5.1,5.6,5.05,5.05
712507,鴻呈國票66購01,0,,,,
712508,雙鴻國票69購01,119750,1.83,1.89,1.83,1.89
712509,千如國泰63購01,9300,3.2,3.2,3.05,3.05
712510,宜鼎國泰63購02,0,,,,
712511,富喬國泰63購03,0,,,,
712512,新應材國泰63購02,10850,1.08,1.09,1.08,1.09
712513,千附精富邦62購01,273590,0.52,0.55,0.52,0.55
712514,中美晶富邦65購01,356110,0.82,0.93,0.82,0.93
712515,順達富邦63購03,59150,0.91,0.91,0.91,0.91
712516,廣閎科富邦62購01,0,,,,
712517,營邦富邦65購01,1147590,1.46,1.46,1.37,1.42
712518,中美晶群益63購02,110880,3.38,3.78,3.38,3.78
712519,宜鼎群益63購01,263880,0.86,0.86,0.83,0.83
712520,威剛群益63購02,0,,,,
712521,順達群益63購01,557620,1.92,1.95,1.82,1.83
712522,群聯群益63購03,0,,,,
712523,廣閎科群益63購01,10800,1.08,1.08,1.08,1.08
712524,磐儀群益63購01,0,,,,
712525,雙鴻群益63購04,143400,2.94,2.94,2.77,2.91
712526,譜瑞群益62購01,0,,,,
712527,弘塑統一66購01,187890,0.6,0.6,0.54,0.54
712528,均華統一69購01,965230,0.76,0.76,0.68,0.68
712529,高技統一66購01,245880,0.74,0.75,0.74,0.75
712530,陽程統一66購03,0,,,,
712531,順達統一6B購01,14580,0.81,0.81,0.81,0.81
712532,世界群益62購04,53200,2.33,2.51,2.33,2.39
712533,台半群益63購01,714500,1.26,1.43,1.25,1.43
712534,台特化群益62購02,0,,,,
712535,東捷群益64購01,213030,1.57,1.57,1.5,1.53
712536,鉅橡群益63購01,781820,1.14,1.17,1.14,1.16
712537,臺慶科群益63購01,101400,0.83,0.83,0.78,0.78
712538,廣閎科群益64購01,62000,1.6,1.6,1.53,1.53
712539,穩懋群益63購02,444400,3.7,3.82,3.55,3.55
712540,穩懋群益64購01,0,,,,
712541,中美晶元大64購05,362870,0.89,0.99,0.89,0.95
712542,方土昶元大63購02,8000,0.4,0.4,0.4,0.4
712543,均華元大64購02,9700,1.94,1.94,1.94,1.94
712544,朋億*元大63購01,147600,0.98,0.99,0.98,0.99
712545,東捷元大63購01,0,,,,
712546,青雲元大63購02,4600,0.46,0.46,0.46,0.46
712547,高技元大63購02,120000,0.5,0.5,0.5,0.5
712548,順達元大63購03,419340,0.94,0.94,0.9,0.9
712549,順達元大63購04,0,,,,
712550,順達元大64購07,895930,1.2,1.25,1.15,1.17
712551,漢達元大64購01,0,,,,
712552,廣閎科元大64購01,19500,0.65,0.65,0.65,0.65
712553,廣積元大63購06,0,,,,
712554,廣穎元大63購04,41710,0.43,0.43,0.43,0.43
712555,雙鴻元大63購08,738800,1.66,1.78,1.66,1.78
712556,雙鴻元大63購09,469300,1.44,1.55,1.44,1.55
712557,雙鴻元大63購10,777490,1.44,1.51,1.44,1.48
712558,雙鴻元大64購05,1599600,1.75,1.75,1.7,1.73
712559,寶雅元大63購01,0,,,,
712560,東捷統一66購02,36750,1.05,1.05,1.05,1.05
712561,東捷統一6B購01,0,,,,
712562,穩懋統一66購02,164060,1.34,1.38,1.32,1.35
712563,穩懋統一67購01,433220,1.17,1.19,1.11,1.11
712564,穩懋統一68購01,0,,,,
712565,穩懋統一6C購02,483770,1.11,1.14,1.07,1.07
712566,穩懋統一6C購03,299520,1.44,1.44,1.44,1.44
712567,東捷富邦63購01,443820,1.16,1.16,1.13,1.15
712568,東捷國泰63購01,0,,,,
712569,博盛國泰63購01,18400,1.84,1.84,1.84,1.84
712570,營邦國泰63購02,291390,3.06,3.09,2.99,2.99
712571,鴻呈國泰63購01,58320,0.78,0.82,0.78,0.81
712572,穩懋國泰63購01,0,,,,
712573,穩懋國泰63購03,498860,4.33,4.4,4.26,4.26
712574,穩懋國泰63購04,0,,,,
712575,穩懋國泰63購05,140600,5.15,5.15,4.97,4.97
712576,台半凱基63購01,40860,1.74,1.88,1.74,1.88
712577,宜鼎凱基64購02,86000,0.71,0.72,0.7,0.7
712578,威剛凱基63購06,0,,,,
712579,宸曜凱基63購01,0,,,,
712580,順達凱基63購05,0,,,,
712581,群聯凱基64購06,50230,1.23,1.24,1.21,1.21
712582,漢達凱基63購01,0,,,,
712583,營邦凱基63購02,73950,3.69,3.7,3.69,3.7
712584,鴻呈凱基66購01,0,,,,
712585,雙鴻凱基64購02,0,,,,
712586,穩懋凱基63購01,167760,3.2,3.25,3.09,3.09
712587,穩懋凱基63購02,0,,,,
712588,穩懋凱基63購03,0,,,,
712589,穩懋凱基63購04,0,,,,
712590,穩懋凱基63購05,0,,,,
712591,均華台新63購01,25610,1.97,1.97,1.97,1.97
712592,宜鼎台新64購03,0,,,,
712593,東捷台新62購01,0,,,,
712594,順達台新64購02,12240,1.36,1.36,1.36,1.36
712595,鈊象台新64購01,0,,,,
712596,穩懋台新62購01,0,,,,
712597,穩懋台新63購01,0,,,,
712598,穩懋台新65購01,0,,,,
712599,穩懋台新65購02,0,,,,
712600,穩懋台新68購01,8250,2.75,2.75,2.75,2.75
712601,弘塑中信64購01,71700,0.92,0.98,0.92,0.94
712602,穩懋中信68購01,360990,1.13,1.16,1.09,1.12
712603,台半永豐64購02,345220,1.25,1.32,1.25,1.32
712604,台半永豐65購01,224960,1.42,1.49,1.42,1.49
712605,台星科永豐64購01,44730,1.88,1.88,1.85,1.88
712606,由田永豐64購01,214060,1.67,1.72,1.66,1.67
712607,系統電永豐63購01,13950,0.95,0.95,0.92,0.92
712608,東捷永豐63購01,0,,,,
712609,東捷永豐63購02,50280,1.57,1.59,1.57,1.59
712610,東捷永豐63購03,0,,,,
712611,東捷永豐65購01,100560,1.86,1.92,1.86,1.92
712612,東捷永豐65購02,0,,,,
712613,東捷永豐68購01,183300,2.62,2.62,2.61,2.61
712614,欣銓永豐66購01,257620,1.59,1.67,1.58,1.67
712615,欣銓永豐68購01,142080,1.31,1.34,1.28,1.34
712616,彩富永豐63購01,0,,,,
712617,博盛永豐63購01,0,,,,
712618,博盛永豐63購02,0,,,,
712619,博盛永豐65購01,189000,1.65,1.7,1.65,1.7
712620,越峰永豐63購01,19740,0.82,0.92,0.82,0.92
712621,穩得永豐63購01,0,,,,
712622,穩懋永豐64購01,0,,,,
712623,穩懋永豐64購02,0,,,,
712624,穩懋永豐66購01,0,,,,
712625,穩懋永豐68購01,0,,,,
712626,均華國票63購02,0,,,,
712627,東捷國票63購01,0,,,,
712628,東捷國票64購01,17640,1.96,1.96,1.96,1.96
712629,元太群益63購01,37050,0.65,0.65,0.65,0.65
712630,方土昶群益63購02,0,,,,
712631,世界群益63購01,29900,2.99,2.99,2.99,2.99
712632,巨有群益63購01,0,,,,
712633,威剛群益62購04,91020,1.66,1.66,1.65,1.65
712634,胡連群益63購01,0,,,,
712635,陽程群益63購03,0,,,,
712636,順達群益63購02,0,,,,
712637,群聯群益62購01,72200,3.62,3.65,3.55,3.65
712638,漢達群益63購01,100400,2.51,2.51,2.51,2.51
712639,鴻呈群益63購01,0,,,,
712640,雙鴻群益62購04,0,,,,
712641,穩懋群益64購03,0,,,,
712642,雙鴻中信64購02,565130,1.73,1.74,1.66,1.72
712643,新應材永豐64購02,0,,,,
712644,新應材永豐65購01,0,,,,
712645,群聯永豐63購02,0,,,,
712646,寶雅永豐63購01,0,,,,
712647,台半國泰63購01,160930,2.19,2.34,2.19,2.34
712648,胡連國泰63購01,0,,,,
712649,千附精元大63購01,0,,,,
712650,元太元大63購06,125800,0.45,0.45,0.42,0.42
712651,元太元大64購02,526650,0.68,0.68,0.67,0.67
712652,威剛元大64購04,0,,,,
712653,陽程元大63購03,0,,,,
712654,陽程元大64購03,17500,1.75,1.75,1.75,1.75
712655,順達元大64購08,0,,,,
712656,鈊象元大64購04,3600,0.72,0.72,0.72,0.72
712657,群聯元大64購13,0,,,,
712658,良維富邦63購01,270640,1.15,1.15,1.05,1.09
712659,穩懋富邦63購01,19300,1.93,1.93,1.93,1.93
712660,穩懋富邦64購01,145820,1.72,1.72,1.66,1.66
712661,台半統一68購01,547420,0.87,0.97,0.87,0.95
712662,東捷統一68購01,42000,0.84,0.84,0.84,0.84
712663,新普統一68購01,0,,,,
712664,穩懋統一68購02,1031760,1.49,1.62,1.49,1.52
712665,千如凱基66購01,128930,1.27,1.28,1.19,1.19
712666,中美晶凱基68購01,391970,2.25,2.31,2.25,2.31
712667,世界凱基63購06,7980,1.62,1.62,1.56,1.56
712668,弘塑凱基63購04,953260,1.07,1.07,0.92,0.92
712669,均華凱基64購02,232350,1.68,1.68,1.55,1.55
712670,宜鼎凱基66購01,0,,,,
712671,東捷凱基63購02,26400,1.32,1.32,1.32,1.32
712672,金益鼎凱基63購01,0,,,,
712673,順達凱基63購06,0,,,,
712674,頎邦凱基63購03,196000,2.77,2.82,2.77,2.8
712675,雙鴻凱基63購10,315310,2.71,2.86,2.71,2.85
712676,寶雅凱基63購01,0,,,,
712677,系統電台新62購01,1710,1.71,1.71,1.71,1.71
712678,長科*台新65購01,342800,2.3,2.3,2.08,2.08
712679,威剛台新62購03,0,,,,
712680,威剛台新63購02,0,,,,
712681,順達台新62購01,47300,1.1,1.1,1.1,1.1
712682,中美晶元大64購06,225070,0.72,0.8,0.72,0.8
712683,元太元大63購07,90990,0.87,0.88,0.87,0.88
712684,元太元大63購08,299060,0.55,0.55,0.51,0.51
712685,元太元大64購03,225120,0.69,0.69,0.67,0.67
712686,均華元大64購03,14500,1.12,1.12,1.1,1.1
712687,宜鼎元大64購05,0,,,,
712688,威剛元大64購05,211560,0.41,0.41,0.41,0.41
712689,順達元大64購09,90000,0.8,0.82,0.8,0.82
712690,鈊象元大63購09,0,,,,
712691,鈊象元大64購05,432700,1.1,1.11,1.1,1.1
712692,群聯元大64購14,0,,,,
712693,蜜望實元大63購02,92770,0.44,0.5,0.44,0.46
712694,寶雅元大63購02,45370,0.57,0.61,0.57,0.6
712695,元太台新65購01,309900,1.11,1.11,1.09,1.09
712696,沛亨台新65購01,0,,,,
712697,威聯通台新62購01,0,,,,
712698,胡連台新62購01,0,,,,
712699,倉和台新62購01,0,,,,
712700,蜜望實台新62購01,80700,1.0,1.21,1.0,1.16
712701,蜜望實台新65購01,55730,1.43,1.68,1.43,1.63
712702,中美晶凱基64購04,75040,1.34,1.34,1.34,1.34
712703,朋億*凱基63購01,1630,0.81,0.82,0.81,0.82
712704,泓格凱基63購01,0,,,,
712705,威剛凱基63購07,1000,1.0,1.0,1.0,1.0
712706,建榮凱基63購01,704750,0.95,1.06,0.95,1.03
712707,順達凱基66購01,108150,1.45,1.45,1.39,1.39
712708,鈊象凱基64購04,0,,,,
712709,群聯凱基66購04,0,,,,
712710,鉅橡凱基63購01,56690,0.87,0.9,0.87,0.89
712711,廣閎科凱基63購01,388700,0.95,0.97,0.9,0.9
712712,穩懋凱基63購08,206270,2.68,2.68,2.43,2.49
712713,中美晶群益62購04,66100,3.21,3.4,3.21,3.4
712714,弘塑群益63購02,7250,0.73,0.73,0.72,0.72
712715,系統電群益63購01,1043750,1.82,1.85,1.8,1.81
712716,宜鼎群益63購02,0,,,,
712717,威剛群益62購05,7180,0.34,0.35,0.34,0.35
712718,原相群益62購02,7000,0.35,0.35,0.35,0.35
712719,群聯群益62購02,0,,,,
712720,千如永豐63購01,524890,1.51,1.71,1.49,1.49
712721,元太永豐63購02,100880,0.59,0.59,0.58,0.58
712722,世紀*永豐63購02,0,,,,
712723,沛亨永豐64購02,0,,,,
712724,茂迪永豐64購01,92310,0.51,0.51,0.51,0.51
712725,頎邦永豐65購02,99950,1.73,1.89,1.73,1.85
712726,榮剛永豐63購01,0,,,,
712727,雙鴻永豐65購02,0,,,,
712728,雙鴻永豐6B購01,0,,,,
712729,雙鴻永豐6C購01,97580,1.87,1.88,1.87,1.88
712730,穩懋永豐65購01,0,,,,
712731,三聯國票63購01,1700,0.85,0.85,0.85,0.85
712732,蜜望實國票63購01,9000,1.5,1.5,1.5,1.5
712733,寬宏國票63購01,0,,,,
712734,均華國泰63購02,1050,1.05,1.05,1.05,1.05
712735,順達國泰63購03,24600,1.23,1.23,1.23,1.23
712736,順達富邦64購01,402210,0.62,0.67,0.62,0.64
712737,巨有統一6B購03,5860,1.72,2.07,1.72,2.07
712738,倉和統一6B購01,0,,,,
712739,堡達統一6A購01,0,,,,
712740,新普統一66購01,0,,,,
712741,新普統一6B購01,52800,0.48,0.48,0.48,0.48
712742,晶焱國票63購01,22200,0.74,0.74,0.74,0.74
712743,鈺太國票63購01,0,,,,
712744,鈺太國票64購01,0,,,,
712745,中美晶群益62購05,99450,3.02,3.43,3.02,3.43
712746,台特化群益62購03,1297860,2.98,3.0,2.85,2.85
712747,弘塑群益63購03,0,,,,
712748,均華群益64購01,444170,1.77,1.77,1.61,1.62
712749,茂迪群益63購01,0,,,,
712750,鈊象群益62購01,5000,2.5,2.5,2.5,2.5
712751,群聯群益62購03,0,,,,
712752,營邦群益63購01,70000,2.34,2.34,2.33,2.33
712753,穩懋群益68購01,28980,4.87,4.87,4.81,4.81
712754,元太凱基63購01,222260,0.91,0.91,0.86,0.86
712755,弘塑凱基63購05,0,,,,
712756,均華凱基68購01,107200,3.35,3.35,3.35,3.35
712757,系統電凱基64購02,21050,1.64,1.64,1.55,1.55
712758,宜鼎凱基63購05,39600,0.55,0.55,0.55,0.55
712759,倉和凱基63購02,172870,2.08,2.54,2.08,2.54
712760,頎邦凱基66購01,296960,2.35,2.52,2.35,2.43
712761,臺慶科凱基63購03,33320,0.68,0.68,0.68,0.68
712762,弘塑台新63購01,0,,,,
712763,東捷台新62購02,28560,2.04,2.04,2.04,2.04
712764,倉和台新62購02,37210,2.86,4.32,2.86,4.29
712765,家碩台新62購01,0,,,,
712766,家碩台新62購02,57550,1.05,1.05,1.01,1.01
712767,順達台新64購03,0,,,,
712768,勤凱台新62購01,148680,1.67,1.8,1.59,1.59
712769,營邦台新63購01,700520,1.71,1.71,1.64,1.71
712770,營邦台新65購03,128320,1.69,1.69,1.67,1.67
712771,營邦台新66購01,48950,1.96,1.96,1.95,1.95
712772,元太元大64購04,56800,0.4,0.4,0.4,0.4
712773,弘塑元大63購04,199780,0.52,0.53,0.52,0.52
712774,弘塑元大63購05,0,,,,
712775,弘塑元大64購04,238750,0.46,0.46,0.43,0.43
712776,均華元大64購04,67730,1.03,1.03,0.91,0.91
712777,威剛元大64購06,152500,0.77,0.77,0.76,0.76
712778,順達元大63購05,328290,0.69,0.69,0.67,0.67
712779,順達元大63購06,114710,0.84,0.84,0.83,0.83
712780,順達元大63購07,47200,0.8,0.8,0.8,0.8
712781,順達元大64購10,49280,0.56,0.56,0.56,0.56
712782,順達元大64購11,168680,0.33,0.36,0.33,0.33
712783,群聯元大63購14,0,,,,
712784,群聯元大63購15,0,,,,
712785,群聯元大63購16,0,,,,
712786,群聯元大64購15,0,,,,
712787,寶雅元大63購03,19380,0.73,0.77,0.73,0.77
712788,台星科統一6B購01,1910,0.95,0.96,0.95,0.96
712789,沛亨統一6B購01,0,,,,
712790,宜鼎統一6B購02,0,,,,
712791,倉和統一68購02,825910,1.52,2.29,1.52,2.29
712792,陽程統一6C購02,973370,1.04,1.05,1.01,1.01
712793,新普統一66購02,0,,,,
712794,穩懋統一68購03,172110,1.74,1.79,1.7,1.7
712795,家登中信63購01,375000,1.02,1.06,1.0,1.03
712796,世禾永豐63購01,195500,0.78,0.86,0.78,0.82
712797,安葆永豐63購02,21500,2.88,2.88,2.66,2.66
712798,宏捷科永豐63購01,654280,1.31,1.72,1.31,1.68
712799,倚強永豐64購01,0,,,,
712800,倚強永豐64購02,0,,,,
712801,倉和永豐63購02,0,,,,
712802,家登永豐63購03,0,,,,
712803,湧德永豐63購01,179480,1.46,1.52,1.46,1.46
712804,順達永豐63購04,41710,0.97,0.97,0.97,0.97
712805,群聯永豐63購03,0,,,,
712806,磐儀永豐63購01,55000,0.55,0.55,0.55,0.55
712807,鴻呈永豐63購01,22910,0.51,0.51,0.5,0.5
712808,鴻呈永豐64購01,56280,0.42,0.42,0.42,0.42
712809,弘塑富邦64購02,304290,0.68,0.72,0.61,0.61
712810,頎邦富邦65購02,234920,0.99,1.18,0.99,1.16
712811,雙鴻富邦65購01,0,,,,
712812,元太台新65購02,341150,0.87,0.87,0.85,0.85
712813,均華台新62購04,0,,,,
712814,竑騰台新62購03,77870,1.5,1.59,1.46,1.59
712815,崇越電台新62購01,0,,,,
712816,博盛台新62購01,0,,,,
712817,普萊德台新62購01,185170,0.9,0.9,0.82,0.82
712818,晶呈台新62購01,144050,2.74,2.74,2.56,2.56
712819,晶呈台新62購02,55740,1.8,1.8,1.62,1.62
712820,晶呈台新65購01,180870,2.15,2.15,1.99,1.99
712821,元太群益62購01,0,,,,
712822,均華群益64購02,245580,2.01,2.01,1.85,1.85
712823,群聯群益62購04,0,,,,
712824,世紀*元大62購01,0,,,,
712825,世紀*元大62購02,0,,,,
712826,倉和元大62購01,0,,,,
712827,倉和元大62購02,334360,1.06,1.55,1.06,1.55
712828,陽程元大62購01,104150,1.27,1.27,1.19,1.19
712829,陽程元大62購02,65990,1.21,1.21,1.13,1.16
712830,陽程元大62購03,0,,,,
712831,陽程元大63購04,305740,1.27,1.27,1.17,1.2
712832,陽程元大65購03,33690,1.09,1.09,1.07,1.09
712833,群聯元大65購01,0,,,,
712834,廣閎科元大62購01,33350,0.61,0.63,0.6,0.6
712835,營邦元大62購02,986440,1.42,1.45,1.37,1.42
712836,中美晶凱基66購02,67090,1.77,1.79,1.72,1.78
712837,方土昶凱基63購02,0,,,,
712838,台特化凱基65購01,0,,,,
712839,系統電凱基66購01,331870,1.82,1.83,1.8,1.83
712840,威剛凱基64購04,0,,,,
712841,茂迪凱基63購01,30500,0.61,0.61,0.61,0.61
712842,博智凱基63購05,242900,2.15,2.15,2.05,2.09
712843,順達凱基63購07,867590,1.69,1.76,1.54,1.63
712844,鈊象凱基63購01,0,,,,
712845,群聯凱基68購01,213650,2.54,2.54,2.51,2.51
712846,寶雅*凱基63購02,0,,,,
712847,千附精永豐63購01,60450,0.93,0.93,0.93,0.93
712848,晶呈永豐64購02,0,,,,
712849,群聯永豐63購05,0,,,,
712850,群聯永豐63購06,0,,,,
712851,群聯永豐65購09,0,,,,
712852,頎邦國泰63購04,0,,,,
712853,聖暉*富邦62購01,502880,0.55,0.65,0.54,0.64
712854,大中國票63購01,44300,1.09,1.16,1.09,1.1
712855,華義*國票68購01,0,,,,
712856,越峰國票68購01,1640,0.82,0.82,0.82,0.82
712857,陽程國票64購01,0,,,,
712858,陽程國票65購01,0,,,,
712859,陽程國票68購01,281520,2.55,2.55,2.51,2.51
712860,鏵友益國票66購01,188500,1.16,1.16,1.13,1.13
712861,鏵友益國票68購01,37990,1.31,1.31,1.31,1.31
712862,方土昶台新62購01,0,,,,
712863,巨漢台新65購01,0,,,,
712864,欣銓台新65購01,1035990,2.27,2.45,2.27,2.45
712865,萬泰科台新65購01,309170,3.47,3.47,3.24,3.24
712866,臺慶科台新65購01,310770,1.63,1.74,1.63,1.73
712867,元太凱基63購02,0,,,,
712868,世紀*凱基63購02,0,,,,
712869,均華凱基63購01,0,,,,
712870,群聯凱基64購07,0,,,,
712871,頎邦凱基63購04,2048870,2.4,2.98,2.4,2.65
712872,廣閎科凱基63購02,273770,1.48,1.52,1.42,1.42
712873,雙鴻凱基67購01,0,,,,
712874,中美晶群益62購06,1397720,2.11,2.41,2.11,2.39
712875,方土昶群益63購03,22940,0.31,0.31,0.31,0.31
712876,世紀*群益63購03,0,,,,
712877,由田群益63購01,27780,1.1,1.12,1.1,1.12
712878,威剛群益62購06,0,,,,
712879,晶呈群益64購01,144490,1.26,1.26,1.16,1.16
712880,華電網群益62購01,0,,,,
712881,鈊象群益62購02,0,,,,
712882,新應材群益62購03,30140,2.53,2.53,2.42,2.42
712883,群聯群益62購05,0,,,,
712884,雙鴻群益62購05,0,,,,
712885,寶雅*群益62購01,0,,,,
712886,中美晶永豐63購01,167980,2.38,2.47,2.38,2.42
712887,方土昶永豐64購01,0,,,,
712888,由田永豐63購01,0,,,,
712889,群聯永豐63購07,83100,0.93,0.93,0.91,0.91
712890,廣運永豐63購01,12240,1.36,1.36,1.36,1.36
712891,穩懋永豐63購01,0,,,,
712892,方土昶國票67購01,0,,,,
712893,世紀*國票67購01,82950,1.67,1.67,1.65,1.65
712894,台半國票66購01,18300,1.22,1.22,1.22,1.22
712895,由田國票65購01,116000,1.29,1.31,1.28,1.31
712896,利機國票63購01,18600,0.62,0.62,0.62,0.62
712897,邑錡國票64購01,0,,,,
712898,崇越電國票68購01,10000,0.5,0.5,0.5,0.5
712899,博盛國票66購01,11600,1.16,1.16,1.16,1.16
712900,富強鑫國票67購01,0,,,,
712901,漢達國票66購01,0,,,,
712902,寶雅國票66購01,3480,0.58,0.58,0.58,0.58
712903,中美晶元大62購01,127530,1.35,1.46,1.35,1.46
712904,方土昶元大62購01,0,,,,
712905,均華元大68購01,222300,1.04,1.04,0.94,0.94
712906,宜鼎元大65購02,0,,,,
712907,建榮元大62購01,541710,1.22,1.42,1.22,1.42
712908,群聯元大65購02,0,,,,
712909,寶雅元大62購01,125700,0.79,0.82,0.79,0.82
712910,由田統一68購02,11590,0.61,0.61,0.61,0.61
712911,均華統一6A購01,121280,0.73,0.74,0.66,0.66
712912,邑錡統一6C購01,0,,,,
712913,晶呈統一68購01,44620,0.74,0.74,0.71,0.71
712914,晶呈統一6C購01,116290,1.01,1.02,0.98,0.98
712915,晶呈統一6C購02,118180,1.0,1.01,1.0,1.01
712916,穩懋富邦65購01,305260,1.7,1.83,1.66,1.66
712917,寶雅富邦64購01,0,,,,
712918,寶雅富邦65購01,0,,,,
712919,方土昶元大62購02,0,,,,
712920,均華元大68購02,10080,1.26,1.26,1.26,1.26
712921,宜鼎元大65購03,0,,,,
712922,倉和元大62購03,0,,,,
712923,群聯元大68購03,0,,,,
712924,臺慶科元大62購01,296490,0.94,0.95,0.93,0.93
712925,川寶國票65購02,407100,0.74,0.74,0.71,0.73
712926,世紀*國票69購01,5040,1.27,1.27,1.25,1.25
712927,宜特國票67購01,0,,,,
712928,倉和國票69購01,7700,1.54,1.54,1.54,1.54
712929,倉和國票6A購01,151400,1.76,2.32,1.76,2.3
712930,倉和國票6C購01,577570,1.81,2.02,1.77,2.02
712931,晟德國票65購01,0,,,,
712932,崇越電國票67購01,4770,0.53,0.53,0.53,0.53
712933,華景電國票68購01,0,,,,
712934,群聯中信62購03,4180,0.84,0.84,0.83,0.83
712935,雙鴻中信62購01,0,,,,
712936,桓達永豐63購01,0,,,,
712937,崇越電永豐64購01,0,,,,
712938,雙鴻永豐63購05,242590,2.42,2.42,2.37,2.37
712939,穩懋永豐63購02,0,,,,
712940,天良台新62購01,0,,,,
712941,崇越電台新62購02,0,,,,
712942,崴寶台新62購01,0,,,,
712943,新門台新62購01,265230,1.71,1.74,1.42,1.42
712944,瑞耘台新62購01,650670,1.04,1.13,1.04,1.13
712945,中美晶凱基64購05,338850,1.98,2.3,1.98,2.3
712946,方土昶凱基63購03,0,,,,
712947,台半凱基64購01,273790,0.8,0.9,0.8,0.9
712948,弘塑凱基68購01,1254630,1.65,1.65,1.48,1.48
712949,均華凱基68購02,617490,1.51,1.52,1.32,1.35
712950,宜鼎凱基63購06,0,,,,
712951,威剛凱基68購01,0,,,,
712952,崇越電凱基63購01,0,,,,
712953,博盛凱基66購01,9200,1.15,1.15,1.15,1.15
712954,鈊象凱基63購02,0,,,,
712955,新應材凱基63購07,3860,1.93,1.93,1.93,1.93
712956,群聯凱基66購05,0,,,,
712957,寶雅*凱基63購03,0,,,,
712958,均華群益62購01,118210,1.05,1.05,0.85,0.85
712959,群聯群益62購06,0,,,,
712960,雙鴻群益62購06,0,,,,
712961,元太國泰63購01,136530,1.15,1.15,1.09,1.09
712962,倉和國泰63購02,0,,,,
712963,台特化富邦62購01,20800,0.7,0.7,0.69,0.69
712964,新應材富邦64購03,0,,,,
712965,安葆台新62購01,11300,2.26,2.26,2.26,2.26
712966,彩富台新62購01,3240,0.54,0.54,0.54,0.54
712967,台半凱基63購02,244710,1.15,1.31,1.15,1.31
712968,安葆凱基63購01,90910,2.59,2.59,2.39,2.39
712969,矽科凱基63購01,0,,,,
712970,耕興凱基65購01,48100,0.65,0.65,0.65,0.65
712971,崇越電凱基68購01,0,,,,
712972,群聯凱基63購11,0,,,,
712973,群聯凱基63購12,0,,,,
712974,群聯凱基64購08,0,,,,
712975,臺慶科凱基63購04,57000,1.14,1.14,1.14,1.14
712976,營邦凱基63購03,49680,5.0,5.0,4.92,4.92
712977,雙鴻凱基63購11,0,,,,
712978,穩懋凱基65購01,0,,,,
712979,寶雅*凱基63購04,0,,,,
712980,鑫聯凱基63購01,0,,,,
712981,千如國票67購01,259690,1.07,1.16,1.07,1.16
712982,世紀*國票65購01,53790,1.0,1.0,0.94,0.95
712983,世紀*國票6B購01,21580,1.15,1.15,1.13,1.13
712984,安葆國票65購01,26800,1.34,1.34,1.34,1.34
712985,松瑞藥國票66購01,453610,0.75,0.8,0.75,0.79
712986,宸曜國票63購01,5750,1.15,1.15,1.15,1.15
712987,博智國票64購01,0,,,,
712988,新應材國票63購02,0,,,,
712989,群翊國票65購01,20500,1.03,1.03,1.02,1.02
712990,世紀*元大62購03,0,,,,
712991,世紀*元大62購04,0,,,,
712992,世紀*元大68購01,0,,,,
712993,威剛元大65購12,186660,1.7,1.73,1.7,1.71
712994,崇越電元大62購02,0,,,,
712995,順達元大68購01,148450,1.31,1.35,1.29,1.35
712996,群聯元大68購04,0,,,,
712997,中美晶群益62購07,0,,,,
712998,弘塑群益62購03,78880,2.73,2.73,2.57,2.57
712999,弘塑群益68購01,592390,1.96,1.96,1.78,1.78
713000,良維群益64購01,4570550,2.95,3.03,2.81,2.83
713001,宜特群益62購03,0,,,,
713002,宜鼎群益62購02,11500,1.15,1.15,1.15,1.15
713003,威剛群益62購07,8160,2.72,2.72,2.72,2.72
713004,茂綸群益63購01,21800,1.09,1.09,1.09,1.09
713005,倚強群益64購01,72400,14.6,14.6,14.0,14.0
713006,原相群益62購03,260260,1.69,1.69,1.69,1.69
713007,能率群益62購01,0,,,,
713008,高技群益62購01,93490,2.14,2.14,2.1,2.13
713009,崇越電群益64購01,0,,,,
713010,博智群益62購03,1371310,3.92,3.92,3.57,3.57
713011,閎康群益62購01,2620,1.31,1.31,1.31,1.31
713012,順達群益62購02,17550,1.16,1.19,1.16,1.19
713013,鈊象群益62購03,0,,,,
713014,新應材群益62購04,96900,2.48,2.48,2.35,2.35
713015,群聯群益62購07,0,,,,
713016,榮剛群益68購01,0,,,,
713017,漢達群益62購01,60500,5.5,5.5,5.5,5.5
713018,臺慶科群益65購01,628420,1.59,1.72,1.59,1.66
713019,雙鴻群益62購07,0,,,,
713020,穩懋群益63購03,5460,1.86,1.86,1.74,1.74
713021,穩懋群益64購04,0,,,,
713022,台星科統一68購01,0,,,,
713023,良維中信62購01,67140,1.17,1.19,1.16,1.19
713024,宏觀永豐63購01,0,,,,
713025,宜鼎永豐62購01,0,,,,
713026,宜鼎永豐63購06,0,,,,
713027,朋程永豐63購01,25650,1.32,1.41,1.32,1.38
713028,晶焱永豐63購01,0,,,,
713029,新應材永豐64購03,0,,,,
713030,立敦台新65購01,626290,2.19,2.41,2.15,2.24
713031,宜鼎台新62購05,7950,1.59,1.59,1.59,1.59
713032,元太群益62購02,11200,0.68,0.68,0.65,0.65
713033,群聯群益62購08,0,,,,
713034,廣運群益62購01,6800,0.34,0.34,0.34,0.34
713035,雙鴻群益62購08,0,,,,
713036,台星科元大62購02,10870,2.16,2.23,2.16,2.23
713037,台星科元大62購03,36000,1.2,1.2,1.2,1.2
713038,安葆元大62購01,0,,,,
713039,安葆元大62購02,202460,1.19,1.2,1.02,1.2
713040,竑騰元大62購01,133440,0.92,0.94,0.92,0.94
713041,雙鴻元大62購02,0,,,,
713042,雙鴻元大62購03,512920,2.43,2.6,2.43,2.56
713043,雙鴻元大62購04,0,,,,
713044,中美晶凱基63購07,77500,3.81,3.94,3.81,3.94
713045,弘塑凱基63購06,304090,2.07,2.07,2.01,2.03
713046,宜特凱基63購02,23740,1.14,1.14,1.12,1.12
713047,宜鼎凱基63購07,0,,,,
713048,威剛凱基65購02,0,,,,
713049,原相凱基63購01,0,,,,
713050,能率凱基63購01,0,,,,
713051,順達凱基63購08,37190,1.6,1.63,1.6,1.63
713052,鈊象凱基63購03,197460,1.71,1.71,1.7,1.7
713053,新應材凱基63購08,2130,2.13,2.13,2.13,2.13
713054,群聯凱基63購13,0,,,,
713055,群聯凱基63購14,6520,1.63,1.64,1.61,1.64
713056,榮剛凱基68購01,8010,2.67,2.67,2.67,2.67
713057,大江國票68購01,0,,,,
713058,元太國票65購01,0,,,,
713059,安葆國票63購01,1030,1.03,1.03,1.03,1.03
713060,信立國票63購01,3840,1.28,1.28,1.28,1.28
713061,群聯國票63購01,0,,,,
713062,聖暉*國票65購02,64160,1.28,1.3,1.28,1.3
713063,廣運國票65購01,0,,,,
713064,世界永豐63購01,0,,,,
713065,世界永豐64購02,1045340,2.89,3.11,2.88,2.88
713066,安葆永豐64購01,0,,,,
713067,威剛永豐63購01,41580,0.99,0.99,0.99,0.99
713068,威剛永豐63購02,24640,1.12,1.12,1.12,1.12
713069,穩懋永豐63購03,0,,,,
713070,元太富邦64購02,213540,0.48,0.48,0.46,0.46
713071,宜特富邦64購01,156180,0.83,0.83,0.82,0.82
713072,威剛富邦68購01,87360,0.56,0.56,0.56,0.56
713073,高技富邦64購01,1266210,0.94,0.97,0.92,0.97
713074,博智富邦63購03,59860,0.82,0.82,0.82,0.82
713075,智通*富邦64購03,72000,0.48,0.48,0.48,0.48
713076,雙鴻富邦64購02,0,,,,
713077,寶雅*富邦64購02,227910,0.53,0.53,0.52,0.52
713078,建榮統一6B購01,438480,0.59,0.62,0.59,0.6
713079,巨有台新62購01,0,,,,
713080,巨有台新62購02,0,,,,
713081,竑騰台新62購04,0,,,,
713082,高技台新62購01,806230,1.98,2.05,1.94,1.97
713083,群翊台新62購01,297510,2.11,2.11,2.11,2.11
713084,群翊台新62購02,0,,,,
713085,榮剛台新65購01,9450,1.05,1.05,1.05,1.05
713086,穩懋台新62購02,0,,,,
713087,穩懋台新62購03,14600,7.3,7.3,7.3,7.3
713088,大江凱基65購01,0,,,,
713089,元太凱基63購03,217100,0.95,0.95,0.88,0.89
713090,台星科凱基63購01,12150,2.43,2.43,2.43,2.43
713091,正德凱基63購01,0,,,,
713092,威剛凱基63購08,0,,,,
713093,威剛凱基63購09,0,,,,
713094,威剛凱基63購10,0,,,,
713095,威剛凱基63購11,9180,1.53,1.53,1.53,1.53
713096,竑騰凱基63購01,1710840,0.74,0.81,0.69,0.8
713097,群聯凱基63購15,0,,,,
713098,群聯凱基63購16,998520,2.1,2.13,2.1,2.13
713099,聖暉*凱基63購01,833950,1.18,1.35,1.11,1.35
713100,廣運凱基65購01,0,,,,
713101,雙鴻凱基68購01,0,,,,
713102,高技國泰63購01,103230,1.76,1.79,1.72,1.79
713103,群翊國泰63購01,6210,2.07,2.07,2.07,2.07
713104,大綜國票63購01,383340,2.99,3.16,2.94,3.16
713105,大綜國票64購01,497040,2.34,2.53,2.3,2.53
713106,宏捷科國票66購01,41600,0.98,1.18,0.98,1.18
713107,竑騰國票64購01,49100,1.02,1.1,1.02,1.1
713108,群翊國票66購01,0,,,,
713109,聖暉*富邦62購02,909200,0.84,0.97,0.81,0.97
713110,台半中信62購01,430090,0.81,0.96,0.79,0.93
713111,宜鼎中信62購02,0,,,,
713112,威剛中信62購01,0,,,,
713113,大綜永豐63購01,1620500,1.7,1.84,1.7,1.82
713114,宏碩永豐65購01,0,,,,
713115,威剛永豐63購03,0,,,,
713116,竑騰永豐63購02,3190,0.53,0.54,0.53,0.54
713117,頎邦永豐64購02,506280,2.57,2.71,2.57,2.71
713118,榮剛永豐63購02,0,,,,
713119,廣運永豐64購01,0,,,,
713120,中美晶群益62購08,21900,2.19,2.19,2.19,2.19
713121,元太群益62購03,7100,0.71,0.71,0.71,0.71
713122,台半群益62購04,14440,3.61,3.61,3.61,3.61
713123,系統電群益64購01,20400,2.55,2.55,2.55,2.55
713124,宜鼎群益64購01,0,,,,
713125,欣銓群益62購01,1279560,3.64,3.84,3.64,3.84
713126,青雲群益64購01,19620,1.66,1.66,1.63,1.63
713127,威剛群益62購08,0,,,,
713128,博士旺群益62購01,0,,,,
713129,順達群益62購03,335280,3.15,3.2,2.99,3.01
713130,鈊象群益62購04,18600,1.86,1.86,1.86,1.86
713131,新應材群益62購05,0,,,,
713132,群翊群益62購01,17000,1.7,1.7,1.7,1.7
713133,群聯群益62購09,0,,,,
713134,鉅橡群益62購01,272090,2.98,3.1,2.91,2.91
713135,頎邦群益63購01,224900,4.66,5.3,4.62,5.3
713136,臺慶科群益62購01,141850,3.19,3.44,3.19,3.33
713137,廣閎科群益62購01,242640,3.37,3.37,3.37,3.37
713138,大綜元大62購01,287960,2.13,2.29,2.13,2.29
713139,中美晶元大62購02,434140,1.57,1.78,1.57,1.75
713140,弘塑元大62購02,165120,1.2,1.2,1.16,1.16
713141,均華元大62購01,152300,0.86,0.86,0.85,0.85
713142,沛亨元大62購01,17500,1.25,1.25,1.25,1.25
713143,宜鼎元大62購03,0,,,,
713144,威剛元大65購13,177800,1.27,1.27,1.27,1.27
713145,高技元大62購01,94730,0.69,0.7,0.69,0.69
713146,群聯元大62購05,195230,1.11,1.11,1.09,1.09
713147,群聯元大62購06,0,,,,
713148,中美晶凱基62購01,100010,3.35,3.46,3.35,3.46
713149,台半凱基66購01,323450,2.08,2.31,2.08,2.31
713150,弘塑凱基65購01,603200,3.19,3.19,2.85,2.85
713151,均華凱基62購01,18800,1.88,1.88,1.88,1.88
713152,系統電凱基64購03,63200,2.86,2.93,2.86,2.93
713153,宜鼎凱基64購03,0,,,,
713154,威剛凱基62購01,0,,,,
713155,高技凱基65購01,610360,1.97,1.97,1.88,1.91
713156,鈊象凱基62購01,0,,,,
713157,新應材凱基62購01,20930,1.23,1.25,1.23,1.25
713158,群聯凱基62購02,0,,,,
713159,頎邦凱基68購01,10500,5.25,5.25,5.25,5.25
713160,廣閎科凱基62購01,1252480,3.14,3.14,2.94,2.94
713161,磐亞凱基62購01,381910,1.32,1.32,1.17,1.18
713162,磐亞凱基62購02,46430,1.34,1.35,1.21,1.21
713163,磐亞凱基62購03,1420,1.42,1.42,1.42,1.42
713164,磐亞凱基62購04,7250,1.45,1.45,1.45,1.45
713165,磐亞凱基62購05,52740,1.67,1.76,1.6,1.6
713166,環球晶凱基62購01,21790,1.73,1.73,1.66,1.66
713167,環球晶凱基62購02,450120,1.78,1.96,1.78,1.96
713168,環球晶凱基62購03,2001160,1.51,1.59,1.42,1.48
713169,環球晶凱基62購04,325520,2.0,2.0,1.85,1.89
713170,環球晶凱基62購05,252830,1.83,1.95,1.83,1.95
713171,環球晶凱基64購01,73860,1.34,1.45,1.34,1.42
713172,環球晶凱基64購02,1287540,1.15,1.23,1.13,1.16
713173,環球晶凱基64購03,465600,1.47,1.6,1.47,1.6
713174,環球晶凱基64購04,62900,1.35,1.45,1.35,1.45
713175,雙鴻凱基68購02,112490,3.33,3.46,3.33,3.46
713176,宏碩台新62購01,0,,,,
713177,順達台新62購02,24700,1.9,1.9,1.9,1.9
713178,環球晶台新62購03,0,,,,
713179,環球晶台新62購04,46470,1.49,1.66,1.49,1.66
713180,環球晶台新62購05,530650,1.23,1.34,1.19,1.31
713181,環球晶台新62購06,126200,1.14,1.26,1.14,1.23
713182,環球晶台新68購01,221450,3.24,3.48,3.24,3.48
713183,環球晶台新68購02,349130,2.74,2.94,2.74,2.82
713184,元太群益62購04,20330,0.65,0.65,0.61,0.61
713185,宜鼎群益62購03,0,,,,
713186,環球晶群益62購02,669480,1.52,1.71,1.52,1.6
713187,環球晶群益62購03,1304740,1.37,1.55,1.37,1.53
713188,環球晶群益62購04,5545810,1.24,1.42,1.24,1.34
713189,環球晶群益63購01,2382780,1.86,2.1,1.86,1.96
713190,環球晶統一66購01,2391320,1.09,1.18,1.07,1.12
713191,環球晶統一6A購01,812650,0.93,1.0,0.93,0.98
713192,環球晶統一6A購02,925630,0.85,0.92,0.85,0.88
713193,環球晶統一6C購01,973760,0.64,0.79,0.64,0.67
713194,環球晶統一78購01,420660,0.74,0.77,0.73,0.74
713195,雙鴻統一6A購03,0,,,,
713196,威剛國泰63購02,0,,,,
713197,環球晶國泰63購01,308470,1.88,2.06,1.88,1.95
713198,環球晶國泰64購01,709120,1.86,2.03,1.86,1.92
713199,環球晶國泰67購01,0,,,,
713200,良維富邦64購01,182500,1.12,1.12,1.09,1.12
713201,群翊富邦65購01,0,,,,
713202,環球晶富邦62購01,539360,0.92,1.01,0.91,1.01
713203,環球晶富邦62購02,3751290,0.79,0.9,0.78,0.85
713204,環球晶富邦65購01,1317290,0.74,0.81,0.74,0.78
713205,環球晶中信62購01,1917980,0.64,0.73,0.64,0.68
713206,環球晶中信62購02,834870,0.93,1.04,0.92,1.01
713207,磐亞永豐63購01,23030,0.71,0.71,0.65,0.65
713208,環球晶永豐63購01,66070,1.6,1.7,1.6,1.7
713209,環球晶永豐63購02,1155600,1.35,1.49,1.35,1.43
713210,環球晶永豐63購03,3581510,1.43,1.61,1.43,1.51
713211,環球晶永豐63購04,548530,1.34,1.45,1.34,1.4
713212,環球晶永豐63購05,595620,1.34,1.46,1.34,1.46
713213,環球晶永豐63購06,69680,1.66,1.81,1.66,1.81
713214,環球晶永豐65購01,185960,1.92,2.08,1.92,2.04
713215,環球晶永豐65購02,68360,1.85,1.96,1.85,1.89
713216,環球晶永豐65購03,124250,2.12,2.3,2.12,2.29
713217,環球晶永豐68購01,530380,3.44,3.71,3.44,3.63
713218,環球晶永豐68購02,143220,3.0,3.14,3.0,3.14
713219,環球晶永豐72購01,525830,4.37,4.66,4.37,4.66
713220,雙鴻永豐63購06,0,,,,
713221,雙鴻永豐64購06,181300,2.59,2.59,2.59,2.59
713222,中美晶國票63購02,0,,,,
713223,均華國票65購01,0,,,,
713224,沛亨國票68購02,0,,,,
713225,威剛國票64購02,0,,,,
713226,威聯通國票66購01,0,,,,
713227,博盛國票64購01,0,,,,
713228,磐亞國票66購01,762360,0.83,0.83,0.8,0.81
713229,環球晶國票64購01,165910,1.44,1.56,1.44,1.54
713230,雙鴻國票63購02,0,,,,
713231,中美晶元大62購03,380400,0.75,0.8,0.75,0.8
713232,均華元大62購02,0,,,,
713233,均華元大66購01,0,,,,
713234,均華元大67購01,0,,,,
713235,威剛元大65購14,0,,,,
713236,群聯元大62購07,3630,1.21,1.21,1.21,1.21
713237,群聯元大62購08,0,,,,
713238,磐亞元大62購01,252300,0.67,0.67,0.6,0.6
713239,營邦元大65購01,366860,1.66,1.66,1.66,1.66
713240,環球晶元大62購01,2392930,1.24,1.35,1.24,1.32
713241,環球晶元大62購02,677730,1.24,1.29,1.24,1.25
713242,環球晶元大62購03,1267620,0.69,0.77,0.69,0.73
713243,環球晶元大65購03,47690,1.4,1.48,1.4,1.45
713244,環球晶元大68購09,866530,1.66,1.76,1.66,1.73
713245,元太凱基63購04,327750,1.59,1.59,1.49,1.51
713246,威剛凱基65購03,89500,1.79,1.79,1.79,1.79
713247,群聯凱基63購17,0,,,,
713248,營邦凱基63購04,543790,2.55,2.63,2.52,2.61
713249,雙鴻凱基64購03,12570,4.19,4.19,4.19,4.19
713250,聖暉*台新63購01,627720,2.94,3.32,2.81,3.32
713251,璟德台新65購01,98200,1.32,1.32,1.3,1.3
713252,優群台新65購01,191770,1.27,1.27,1.27,1.27
713253,雙鴻台新63購02,0,,,,
713254,雙鴻台新63購03,0,,,,
713255,中美晶群益63購04,262950,5.25,5.9,5.25,5.8
713256,弘塑群益63購04,731760,4.2,4.2,3.73,3.73
713257,宜鼎群益63購03,0,,,,
713258,威剛群益63購03,0,,,,
713259,順達群益63購03,672350,3.18,3.43,3.07,3.11
713260,鈊象群益63購02,0,,,,
713261,新應材群益64購01,4700,0.94,0.94,0.94,0.94
713262,群聯群益63購04,0,,,,
713263,雙鴻群益63購05,99780,2.74,2.79,2.53,2.79
713264,宜鼎中信68購01,0,,,,
713265,群聯中信63購02,0,,,,
713266,穩懋中信63購01,54660,1.65,1.75,1.63,1.75
713267,穩懋中信68購02,80790,1.51,1.53,1.51,1.53
713268,智通*永豐63購02,0,,,,
713269,雙鴻永豐65購03,497950,6.35,6.45,6.35,6.4
713270,雙鴻永豐65購04,0,,,,
713271,譜瑞永豐63購01,97260,1.54,1.55,1.54,1.55
713272,中美晶元大63購05,29930,1.77,1.97,1.77,1.97
713273,中美晶元大63購06,222560,0.86,0.98,0.85,0.96
713274,中美晶元大63購07,558690,0.83,0.94,0.83,0.92
713275,宜鼎元大65購04,63910,1.14,1.16,1.12,1.13
713276,宜鼎元大66購01,0,,,,
713277,威剛元大63購05,165410,1.19,1.19,1.19,1.19
713278,威剛元大65購15,0,,,,
713279,高技元大63購03,42000,1.5,1.5,1.5,1.5
713280,高技元大63購04,36020,1.62,1.7,1.62,1.7
713281,順達元大65購01,1078920,1.92,1.98,1.88,1.88
713282,鈊象元大63購10,0,,,,
713283,群聯元大63購17,0,,,,
713284,群聯元大63購18,241800,0.93,0.93,0.93,0.93
713285,營邦元大65購02,470760,2.6,2.62,2.53,2.62
713286,營邦元大66購01,1762270,2.23,2.27,2.18,2.24
713287,弘塑國票63購02,0,,,,
713288,正德國票63購01,0,,,,
713289,正德國票64購01,0,,,,
713290,鈊象國票66購01,0,,,,
713291,群翊國票68購01,0,,,,
713292,群聯國票68購01,0,,,,
713293,聖暉*國票68購01,62920,1.69,1.82,1.69,1.82
713294,頎邦國票64購04,531030,1.61,1.75,1.61,1.69
713295,營邦國票63購01,3190,3.19,3.19,3.19,3.19
713296,營邦國票64購01,482270,3.09,3.09,3.0,3.07
713297,環球晶國票63購01,2138360,2.75,3.05,2.72,2.91
713298,晶呈富邦64購01,384330,1.1,1.1,1.03,1.03
713299,廣閎科富邦63購01,0,,,,
713300,穩懋富邦63購02,25000,2.5,2.5,2.5,2.5
713301,天良國泰63購01,0,,,,
713302,晶呈國泰63購01,17610,2.22,2.22,2.17,2.17
713303,晶呈國泰63購02,218180,2.01,2.03,2.01,2.03
713304,磐亞國泰63購01,44520,0.91,0.91,0.83,0.83
713305,穩懋國泰64購02,109620,4.14,4.14,4.02,4.02
713306,穩懋國泰65購01,0,,,,
713307,環球晶統一67購01,436000,0.85,0.92,0.85,0.9
713308,千附精凱基65購01,60950,0.93,0.95,0.93,0.95
713309,中美晶凱基63購08,208480,3.4,3.63,3.4,3.57
713310,台半凱基65購01,0,,,,
713311,弘塑凱基63購07,187560,1.53,1.53,1.24,1.24
713312,良維凱基63購02,418720,4.1,4.29,3.87,3.93
713313,高技凱基63購02,216930,1.91,1.98,1.89,1.89
713314,順達凱基63購09,1361110,4.46,4.46,3.98,3.98
713315,鈊象凱基63購04,0,,,,
713316,新應材凱基65購01,0,,,,
713317,群翊凱基63購01,332960,2.04,2.04,1.92,1.92
713318,頎邦凱基63購05,426490,2.16,2.37,2.13,2.26
713319,頎邦凱基63購06,193640,1.71,1.97,1.71,1.9
713320,精材凱基63購03,31700,5.3,5.3,5.25,5.25
713321,精材凱基63購04,0,,,,
713322,精材凱基63購05,0,,,,
713323,精材凱基63購06,0,,,,
713324,環球晶凱基63購01,185420,3.1,3.1,3.03,3.04
713325,高技台新63購01,837600,1.63,1.69,1.57,1.69
713326,華宏台新63購01,54950,1.16,1.16,1.12,1.12
713327,華景電台新63購01,156680,1.6,1.64,1.56,1.56
713328,華景電台新63購02,0,,,,
713329,順達台新63購01,0,,,,
713330,頎邦台新65購01,713200,2.97,3.24,2.97,3.18
713331,精材台新63購01,16200,2.7,2.7,2.7,2.7
713332,精材台新63購02,0,,,,
713333,雙鴻台新65購03,425900,13.9,14.7,13.5,14.7
713334,譜瑞台新65購01,0,,,,
713335,千附精元大63購02,376820,0.64,0.71,0.64,0.71
713336,元太元大63購09,142080,0.48,0.48,0.48,0.48
713337,元太元大65購05,219890,0.72,0.72,0.69,0.69
713338,威剛元大63購06,19500,0.39,0.39,0.39,0.39
713339,高技元大63購05,156240,1.46,1.5,1.43,1.5
713340,鈊象元大63購11,0,,,,
713341,群聯元大63購19,0,,,,
713342,精材元大65購01,236090,1.71,1.77,1.68,1.76
713343,環球晶元大63購01,528910,2.14,2.3,2.14,2.22
713344,環球晶元大63購02,73010,1.93,2.07,1.93,2.05
713345,環球晶元大63購03,355360,1.52,1.53,1.51,1.53
713346,環球晶元大65購04,0,,,,
713347,環球晶元大68購10,1597940,0.99,1.07,0.99,1.03
713348,雙鴻元大63購11,0,,,,
713349,雙鴻元大63購12,0,,,,
713350,雙鴻元大63購13,0,,,,
713351,雙鴻元大65購01,0,,,,
713352,譜瑞元大63購05,118920,1.2,1.21,1.2,1.2
713353,弘塑中信65購01,150310,0.67,0.67,0.58,0.58
713354,博智中信65購01,2900,0.58,0.58,0.58,0.58
713355,精材中信68購01,37600,1.33,1.38,1.31,1.38
713356,千附精永豐63購02,0,,,,
713357,台半永豐63購03,133450,0.57,0.57,0.56,0.57
713358,弘塑永豐63購03,0,,,,
713359,弘塑永豐68購01,61380,2.79,2.79,2.79,2.79
713360,利機永豐63購01,0,,,,
713361,均華永豐63購03,0,,,,
713362,原相永豐63購01,66490,1.09,1.09,1.09,1.09
713363,家登永豐63購04,138320,2.64,2.64,2.58,2.6
713364,高技永豐65購01,185590,1.05,1.07,1.04,1.07
713365,崇越電永豐65購01,0,,,,
713366,博智永豐63購02,87170,1.05,1.15,1.05,1.15
713367,華宏永豐63購01,0,,,,
713368,閎康永豐63購01,0,,,,
713369,新應材永豐66購01,567110,0.94,0.95,0.9,0.9
713370,頎邦永豐63購03,245440,1.67,1.88,1.67,1.88
713371,頎邦永豐63購04,228340,1.26,1.36,1.26,1.34
713372,精材永豐63購03,0,,,,
713373,精材永豐63購04,0,,,,
713374,精材永豐68購01,309940,3.89,3.89,3.82,3.82
713375,精材永豐68購02,245440,4.16,4.16,4.16,4.16
713376,穩懋永豐63購04,0,,,,
713377,中美晶群益63購05,107900,4.49,5.0,4.49,5.0
713378,世界群益63購02,595900,1.51,1.58,1.49,1.55
713379,台半群益63購02,641790,1.13,1.22,1.1,1.2
713380,弘塑群益63購05,244550,0.99,1.0,0.83,0.83
713381,均華群益66購01,229640,4.1,4.1,3.93,3.93
713382,威剛群益63購04,8600,0.86,0.86,0.86,0.86
713383,威剛群益63購05,0,,,,
713384,博盛群益63購01,41100,1.37,1.37,1.37,1.37
713385,鈊象群益63購03,0,,,,
713386,新應材群益63購01,5350,0.75,0.77,0.75,0.77
713387,群聯群益63購05,659440,1.86,1.86,1.8,1.8
713388,群聯群益63購06,0,,,,
713389,精材群益63購04,488730,4.4,4.53,4.4,4.44
713390,雙鴻群益63購06,0,,,,
713391,雙鴻群益66購01,0,,,,
713392,穩懋群益65購01,57540,2.34,2.34,2.2,2.2
713393,元太國票63購01,25900,0.7,0.7,0.7,0.7
713394,世界國票65購01,0,,,,
713395,台半國票68購01,15450,1.03,1.03,1.03,1.03
713396,沛亨國票63購01,0,,,,
713397,良維國票69購01,0,,,,
713398,宜特國票65購01,0,,,,
713399,杰力國票65購02,9550,0.8,0.8,0.79,0.79
713400,長科*國票63購01,0,,,,
713401,茂達國票63購01,2220,0.74,0.74,0.74,0.74
713402,晶呈國票63購01,0,,,,
713403,順達國票65購03,0,,,,
713404,萬泰科國票63購01,0,,,,
713405,鉅橡國票65購01,338310,0.89,0.96,0.86,0.94
713406,精材國票65購03,4190,2.13,2.13,2.06,2.06
713407,環球晶國票63購02,0,,,,
713408,譜瑞國票63購01,0,,,,
713409,頎邦國泰63購05,1489410,2.04,2.36,2.03,2.27
713410,雙鴻國泰63購03,0,,,,
713411,雙鴻國泰63購04,0,,,,
713412,均華統一67購01,73160,0.68,0.68,0.65,0.65
713413,東捷統一68購02,155190,1.22,1.22,1.16,1.17
713414,精材統一66購02,0,,,,
713415,精材統一67購03,162900,1.4,1.41,1.37,1.41
713416,精材統一6C購03,0,,,,
713417,雙鴻統一65購03,66530,1.42,1.45,1.39,1.45
713418,穩懋統一65購03,80930,1.45,1.5,1.41,1.41
713419,弘塑富邦63購03,256430,0.84,0.86,0.81,0.81
713420,群聯富邦65購01,0,,,,
713421,群聯富邦65購02,36960,0.84,0.84,0.84,0.84
713422,精材富邦65購01,0,,,,
713423,精材富邦68購01,1253730,1.78,1.82,1.72,1.82
713424,廣閎科富邦63購02,3240,0.81,0.81,0.81,0.81
713425,茂綸國票68購01,0,,,,
713426,鴻呈國票68購01,0,,,,
713427,元太凱基65購02,388760,1.31,1.31,1.25,1.25
713428,均華凱基65購01,74760,1.78,1.78,1.78,1.78
713429,杰力凱基65購01,0,,,,
713430,威剛凱基63購12,0,,,,
713431,晶呈凱基63購01,112620,2.9,2.9,2.81,2.81
713432,群聯凱基68購02,53200,2.66,2.66,2.66,2.66
713433,雙鴻凱基63購12,0,,,,
713434,穩懋凱基63購09,96240,3.57,3.57,3.54,3.54
713435,譜瑞凱基63購02,125760,1.31,1.31,1.31,1.31
713436,譜瑞凱基63購03,0,,,,
713437,譜瑞凱基63購04,30770,1.23,1.25,1.23,1.25
713438,譜瑞凱基65購01,0,,,,
713439,譜瑞凱基65購02,0,,,,
713440,久元台新63購01,1130,1.13,1.13,1.13,1.13
713441,均華台新63購02,139560,1.23,1.23,1.1,1.1
713442,宜鼎台新63購02,0,,,,
713443,威剛台新63購03,0,,,,
713444,威剛台新63購04,333560,3.32,3.35,3.31,3.31
713445,茂綸台新63購01,0,,,,
713446,倚強台新63購01,0,,,,
713447,群聯台新63購02,0,,,,
713448,群聯台新63購03,0,,,,
713449,群聯台新63購04,0,,,,
713450,群聯台新68購02,0,,,,
713451,頎邦台新63購01,386340,2.37,2.56,2.33,2.56
713452,鴻呈台新63購01,0,,,,
713453,穩懋台新63購02,283700,3.7,3.75,3.7,3.75
713454,穩懋台新65購03,17550,3.51,3.51,3.51,3.51
713455,高技中信65購01,186960,0.84,0.84,0.81,0.84
713456,崇越電中信63購01,0,,,,
713457,群聯中信68購01,0,,,,
713458,雙鴻中信68購01,361540,1.58,1.61,1.52,1.61
713459,穩懋中信68購03,30300,1.01,1.01,1.01,1.01
713460,互動永豐63購01,0,,,,
713461,均華永豐63購04,0,,,,
713462,沛亨永豐63購01,97600,2.44,2.44,2.44,2.44
713463,良維永豐63購02,53280,1.44,1.44,1.44,1.44
713464,宜鼎永豐63購07,0,,,,
713465,順達永豐63購05,24360,0.84,0.84,0.84,0.84
713466,新復興永豐63購01,0,,,,
713467,新應材永豐66購02,0,,,,
713468,環球晶永豐63購07,676090,2.32,2.6,2.32,2.49
713469,環球晶永豐63購08,117050,1.94,2.09,1.94,2.04
713470,鴻呈永豐65購01,0,,,,
713471,台特化群益63購01,7770,1.11,1.11,1.11,1.11
713472,弘塑群益63購06,39100,2.35,2.35,2.03,2.03
713473,信立群益63購01,0,,,,
713474,倚強群益65購01,4080,4.08,4.08,4.08,4.08
713475,高技群益63購01,6250,1.25,1.25,1.25,1.25
713476,博智群益63購03,284220,1.43,1.57,1.43,1.52
713477,順達群益63購04,1923350,0.63,0.64,0.59,0.59
713478,頎邦群益63購02,423050,4.35,5.2,4.35,5.15
713479,精材群益63購05,102000,3.34,3.44,3.34,3.44
713480,精材群益65購01,154300,2.51,2.51,2.37,2.51
713481,環球晶群益63購02,1627600,2.34,2.65,2.34,2.48
713482,穩懋群益63購04,1420790,3.07,3.28,2.98,2.99
713483,譜瑞群益63購01,0,,,,
713484,長科*國泰63購01,2117930,1.55,1.78,1.5,1.51
713485,高技國泰63購02,303790,1.06,1.1,1.03,1.03
713486,世界富邦63購01,268830,0.77,0.82,0.77,0.8
713487,均華富邦63購02,107430,0.87,0.87,0.8,0.81
713488,沛亨富邦63購01,0,,,,
713489,博智富邦63購04,149960,0.5,0.5,0.48,0.48
713490,穩懋富邦63購03,746500,1.39,1.49,1.34,1.39
713491,台半統一68購02,190800,0.6,0.6,0.6,0.6
713492,能率亞統一6B購01,0,,,,
713493,崇越電統一6B購01,4900,0.49,0.49,0.49,0.49
713494,穩懋統一68購04,65930,1.11,1.15,1.08,1.08
713495,台半元大63購04,52740,0.68,0.72,0.68,0.72
713496,台半元大63購05,55000,0.62,0.63,0.62,0.63
713497,台半元大63購06,224820,0.52,0.56,0.52,0.56
713498,台半元大68購02,582450,0.81,0.85,0.81,0.85
713499,弘塑元大66購01,111980,1.25,1.25,1.14,1.14
713500,弘塑元大68購02,239620,1.12,1.12,1.04,1.04
713501,弘塑元大68購03,106010,1.54,1.56,1.51,1.51
713502,均華元大63購01,10120,0.92,0.92,0.92,0.92
713503,宜鼎元大63購07,159680,0.32,0.32,0.32,0.32
713504,威剛元大63購07,45240,1.16,1.16,1.16,1.16
713505,威剛元大63購08,3360,0.56,0.56,0.56,0.56
713506,能率元大63購03,0,,,,
713507,晶呈元大63購01,322030,1.99,1.99,1.8,1.81
713508,新應材元大65購01,15200,1.9,1.9,1.9,1.9
713509,新應材元大68購01,2160,1.08,1.08,1.08,1.08
713510,群聯元大63購20,0,,,,
713511,精材元大65購02,942900,2.42,2.42,2.31,2.41
713512,蜜望實元大63購03,435920,0.51,0.59,0.51,0.54
713513,環球晶元大63購04,1307400,1.39,1.42,1.34,1.37
713514,環球晶元大63購05,702900,1.19,1.28,1.19,1.24
713515,環球晶元大65購05,968470,1.39,1.49,1.39,1.44
713516,環球晶元大68購11,1213070,1.05,1.12,1.05,1.07
713517,雙鴻元大63購14,0,,,,
713518,雙鴻元大63購15,444900,2.26,2.34,2.26,2.34
713519,雙鴻元大63購16,171030,1.91,2.01,1.91,2.01
713520,雙鴻元大63購17,74320,1.86,1.87,1.84,1.84
713521,譜瑞元大63購06,54900,0.9,0.9,0.9,0.9
713522,譜瑞元大63購07,39520,0.76,0.76,0.76,0.76
713523,力致台新63購01,38780,1.55,1.55,1.45,1.45
713524,兆利台新64購01,0,,,,
713525,兆利台新65購01,0,,,,
713526,精材台新63購03,66930,2.91,2.91,2.91,2.91
713527,廣閎科台新63購01,0,,,,
713528,環球晶台新63購02,168000,5.15,5.6,5.15,5.6
713529,環球晶台新63購03,266800,3.94,4.2,3.94,4.2
713530,雙鴻台新64購01,369470,3.87,3.94,3.87,3.94
713531,雙鴻台新64購02,71940,3.36,3.55,3.36,3.42
713532,台半凱基63購03,33880,0.93,0.95,0.93,0.95
713533,台特化凱基67購02,10000,2.0,2.0,2.0,2.0
713534,弘塑凱基69購01,619020,2.74,2.75,2.56,2.56
713535,宜鼎凱基63購08,0,,,,
713536,茂綸凱基64購01,33600,1.68,1.68,1.68,1.68
713537,高技凱基63購03,317520,1.06,1.1,1.01,1.1
713538,博智凱基65購01,394620,2.04,2.19,2.04,2.08
713539,順達凱基64購03,36300,1.1,1.1,1.1,1.1
713540,新應材凱基66購01,19600,1.4,1.4,1.4,1.4
713541,頎邦凱基65購01,270910,3.02,3.19,3.02,3.18
713542,精材凱基63購07,160920,2.79,2.84,2.64,2.64
713543,精材凱基66購01,36700,3.67,3.67,3.67,3.67
713544,蜜望實凱基63購02,13950,0.93,0.93,0.93,0.93
713545,環球晶凱基69購01,626780,2.98,3.19,2.96,3.1
713546,雙鴻凱基63購13,101310,3.07,3.07,3.07,3.07
713547,台半群益66購01,680180,1.51,1.67,1.51,1.67
713548,宏捷科群益63購01,957170,1.09,1.48,1.07,1.48
713549,沛亨群益63購01,0,,,,
713550,朋程群益63購01,226800,1.32,1.38,1.32,1.38
713551,欣銓群益63購02,1168660,1.33,1.45,1.33,1.42
713552,威剛群益63購06,78110,1.07,1.07,1.07,1.07
713553,高技群益63購02,8700,1.45,1.45,1.45,1.45
713554,華景電群益63購01,80640,1.28,1.28,1.28,1.28
713555,萬泰科群益63購01,86100,2.18,2.18,2.07,2.07
713556,群聯群益63購07,0,,,,
713557,聖暉*群益63購01,233910,2.04,2.33,1.98,2.33
713558,精材群益63購06,120040,4.08,4.3,4.08,4.23
713559,鴻呈群益66購01,282820,0.76,0.77,0.76,0.76
713560,雙鴻群益63購07,272780,4.9,5.1,4.66,4.95
713561,青雲國票64購01,0,,,,
713562,青雲國票65購01,0,,,,
713563,倚強國票64購01,0,,,,
713564,家登國票64購01,37780,2.06,2.13,2.06,2.13
713565,達航國票64購01,0,,,,
713566,精材國票64購01,0,,,,
713567,雙鴻國票64購01,0,,,,
713568,頎邦中信69購01,511960,0.9,0.93,0.9,0.92
713569,精材中信69購01,200150,0.87,0.92,0.87,0.91
713570,雙鴻中信69購01,294770,1.02,1.04,0.99,1.02
713571,安葆永豐64購02,0,,,,
713572,宜鼎永豐65購03,0,,,,
713573,宜鼎永豐68購01,0,,,,
713574,博盛永豐64購01,77880,1.1,1.15,1.1,1.14
713575,華洋永豐65購01,6400,0.64,0.64,0.64,0.64
713576,廣閎科永豐64購01,117500,1.18,1.18,1.17,1.17
713577,雙鴻永豐64購07,88200,2.06,2.12,2.06,2.12
713578,雙鴻永豐65購05,33500,3.35,3.35,3.35,3.35
713579,雙鴻永豐68購01,166720,1.55,1.61,1.55,1.61
713580,千附精元大63購03,159680,0.32,0.32,0.32,0.32
713581,中美晶元大63購08,1003300,0.63,0.72,0.63,0.7
713582,弘塑元大67購02,38250,1.48,1.48,1.45,1.45
713583,弘塑元大68購04,146030,1.22,1.22,1.11,1.11
713584,宜鼎元大63購08,198800,0.39,0.39,0.38,0.38
713585,宜鼎元大63購09,90000,0.45,0.45,0.45,0.45
713586,威剛元大63購09,208870,1.25,1.28,1.25,1.28
713587,威剛元大63購10,0,,,,
713588,高技元大63購06,127950,0.36,0.37,0.35,0.35
713589,新應材元大66購01,0,,,,
713590,精材元大63購06,38740,2.38,2.44,2.38,2.44
713591,精材元大63購07,238390,1.99,2.05,1.96,2.03
713592,精材元大63購08,192480,1.82,1.86,1.82,1.82
713593,精材元大63購09,97760,1.1,1.12,1.09,1.12
713594,蜜望實元大63購04,69060,0.4,0.42,0.38,0.38
713595,營邦元大68購01,437790,1.11,1.11,1.08,1.08
713596,環球晶元大63購06,1768070,1.13,1.14,1.07,1.08
713597,環球晶元大64購02,938430,1.18,1.2,1.12,1.16
713598,環球晶元大66購05,1334440,0.87,0.91,0.85,0.88
713599,鴻呈元大63購01,392840,0.59,0.68,0.59,0.65
713600,鴻呈元大63購02,242900,0.29,0.31,0.29,0.31
713601,雙鴻元大63購18,299900,1.51,1.6,1.51,1.57
713602,雙鴻元大64購06,432560,1.64,1.75,1.64,1.72
713603,雙鴻元大65購02,180000,1.8,1.8,1.8,1.8
713604,鴻呈國泰64購01,13600,0.68,0.68,0.68,0.68
713605,中美晶富邦63購03,1079460,0.74,0.85,0.74,0.85
713606,元太富邦65購01,447450,0.57,0.57,0.55,0.55
713607,威剛富邦66購01,87650,0.4,0.41,0.4,0.4
713608,高技富邦66購01,314120,0.62,0.62,0.59,0.62
713609,晶呈富邦65購01,328050,0.99,0.99,0.9,0.91
713610,閎康富邦65購01,6500,0.65,0.65,0.65,0.65
713611,順達富邦64購02,23380,0.5,0.53,0.5,0.53
713612,頎邦富邦66購01,410440,0.81,0.9,0.81,0.87
713613,精材富邦65購02,170500,1.18,1.18,1.14,1.18
713614,精材富邦79購01,826210,1.29,1.29,1.23,1.28
713615,營邦富邦66購01,191920,1.04,1.04,0.98,0.99
713616,雙鴻富邦65購02,0,,,,
713617,雙鴻富邦66購01,0,,,,
713618,雙鴻富邦66購02,34350,1.59,1.67,1.59,1.67
713619,雙鴻統一69購01,60500,1.21,1.21,1.21,1.21
713620,雙鴻統一6C購02,10150,0.72,0.74,0.71,0.73
713621,千附群益63購01,17600,1.1,1.1,1.1,1.1
713622,均華群益65購01,344590,0.96,0.96,0.9,0.9
713623,亞通群益63購01,2400,2.4,2.4,2.4,2.4
713624,宜鼎群益65購01,0,,,,
713625,威剛群益63購07,8530,0.5,0.52,0.5,0.52
713626,順達群益63購05,66620,1.23,1.27,1.23,1.23
713627,新應材群益64購02,0,,,,
713628,群聯群益63購08,59280,0.76,0.76,0.76,0.76
713629,頎邦群益63購03,526190,4.53,5.2,4.53,4.88
713630,精材群益63購07,375450,4.07,4.13,3.89,4.13
713631,精材群益63購08,530120,2.74,2.78,2.67,2.76
713632,擎亞群益63購01,0,,,,
713633,環球晶群益63購03,1546550,2.42,2.74,2.42,2.55
713634,雙鴻群益63購08,86650,2.79,3.11,2.79,3.11
713635,元太國票64購02,25920,0.72,0.72,0.72,0.72
713636,世界國票64購01,0,,,,
713637,弘塑國票64購01,0,,,,
713638,均華國票67購01,22890,1.09,1.09,1.09,1.09
713639,良維國票64購01,0,,,,
713640,宜鼎國票64購01,0,,,,
713641,欣銓國票64購01,44850,0.99,1.0,0.99,1.0
713642,威剛國票64購03,14880,0.62,0.62,0.62,0.62
713643,高技國票64購01,0,,,,
713644,創泓國票64購01,313920,1.51,1.51,1.5,1.51
713645,智通*國票65購01,0,,,,
713646,萊德光國票64購01,587980,1.5,1.51,1.4,1.42
713647,雅特力國票64購01,0,,,,
713648,順達國票64購01,0,,,,
713649,群聯國票64購02,0,,,,
713650,頎邦國票64購05,1380,1.38,1.38,1.38,1.38
713651,精材國票64購02,18020,1.06,1.06,1.06,1.06
713652,蜜望實國票64購01,338990,1.79,1.85,1.7,1.7
713653,擎亞國票64購01,0,,,,
713654,擎亞國票65購01,9750,0.65,0.65,0.65,0.65
713655,擎亞國票66購01,0,,,,
713656,環球晶國票64購02,0,,,,
713657,環球晶國票65購01,54700,3.54,3.83,3.54,3.83
713658,環球晶國票66購01,309310,3.53,3.79,3.53,3.79
713659,鴻呈國票64購01,0,,,,
713660,雙鴻國票64購02,0,,,,
713661,安葆台新63購01,8000,1.6,1.6,1.6,1.6
713662,能率台新66購01,0,,,,
713663,萊德光台新63購01,358570,1.84,1.84,1.68,1.69
713664,雅特力台新63購01,5880,1.0,1.0,0.96,0.96
713665,精材台新63購04,693680,2.32,2.33,2.22,2.3
713666,擎亞台新63購01,0,,,,
713667,擎亞台新66購01,29640,0.75,0.77,0.75,0.77
713668,雙鴻台新66購01,0,,,,
713669,千附精元大66購01,304200,0.45,0.45,0.45,0.45
713670,元太元大66購06,184170,1.24,1.24,1.19,1.19
713671,元太元大67購04,17110,1.11,1.11,1.06,1.06
713672,均華元大63購02,170610,0.69,0.69,0.63,0.63
713673,均華元大63購03,71000,0.71,0.71,0.71,0.71
713674,均華元大64購05,248940,0.81,0.81,0.77,0.77
713675,宜鼎元大63購10,0,,,,
713676,宜鼎元大63購11,230520,0.51,0.51,0.51,0.51
713677,青雲元大63購03,0,,,,
713678,威剛元大63購11,0,,,,
713679,高技元大63購07,217240,0.76,0.79,0.76,0.79
713680,智通*元大67購01,0,,,,
713681,雅特力元大63購01,0,,,,
713682,群聯元大63購21,8600,0.86,0.86,0.86,0.86
713683,精材元大63購10,729950,2.03,2.08,1.96,2.07
713684,精材元大63購11,857640,1.79,1.83,1.74,1.83
713685,精材元大63購12,117920,1.38,1.38,1.31,1.36
713686,精材元大64購02,1143100,1.58,1.62,1.58,1.59
713687,精材元大65購03,119230,0.96,0.99,0.94,0.99
713688,蜜望實元大63購05,350060,0.5,0.58,0.5,0.53
713689,擎亞元大63購01,2150,0.43,0.43,0.43,0.43
713690,環球晶元大63購07,83700,3.1,3.1,3.1,3.1
713691,環球晶元大63購08,1870,1.87,1.87,1.87,1.87
713692,環球晶元大67購04,825250,1.52,1.63,1.52,1.56
713693,雙鴻元大63購19,191800,1.37,1.37,1.37,1.37
713694,雙鴻元大63購20,841540,1.28,1.37,1.28,1.32
713695,千附精凱基63購01,36960,0.77,0.77,0.77,0.77
713696,中美晶凱基68購02,1480980,3.35,3.75,3.35,3.71
713697,欣銓凱基68購01,685420,2.49,2.6,2.49,2.58
713698,青雲凱基64購01,14500,1.45,1.45,1.45,1.45
713699,家登凱基64購01,0,,,,
713700,雅特力凱基63購01,0,,,,
713701,雅特力凱基63購02,76750,1.15,1.19,1.15,1.19
713702,雅特力凱基63購03,226210,1.14,1.14,1.11,1.11
713703,萬泰科凱基63購01,254870,2.23,2.23,2.17,2.18
713704,群聯凱基64購09,0,,,,
713705,群聯凱基69購01,616390,2.26,2.28,2.23,2.23
713706,聖暉*凱基63購02,582760,2.24,2.71,2.24,2.71
713707,達航凱基66購01,0,,,,
713708,精材凱基63購08,384550,1.96,2.11,1.96,1.98
713709,擎亞凱基63購01,1550,0.31,0.31,0.31,0.31
713710,擎亞凱基63購02,23360,0.42,0.42,0.4,0.4
713711,擎亞凱基66購01,0,,,,
713712,營邦凱基68購01,387250,3.48,3.53,3.4,3.53
713713,鴻呈凱基63購01,0,,,,
713714,雙鴻凱基63購14,129550,2.25,2.36,2.25,2.3
713715,環球晶中信69購01,601610,2.19,2.37,2.19,2.28
713716,千附永豐63購01,36080,1.09,1.1,1.09,1.1
713717,宜鼎永豐67購02,0,,,,
713718,宜鼎永豐69購01,0,,,,
713719,青雲永豐64購01,0,,,,
713720,博士旺永豐63購01,0,,,,
713721,雅特力永豐64購01,68960,1.12,1.12,1.08,1.08
713722,雅特力永豐66購01,28600,1.43,1.43,1.43,1.43
713723,精材永豐64購03,200690,1.65,1.72,1.64,1.7
713724,精材永豐64購04,10800,2.16,2.16,2.16,2.16
713725,精材永豐64購05,404040,1.82,1.82,1.74,1.74
713726,精材永豐66購01,114200,2.6,2.64,2.58,2.58
713727,蜜望實永豐65購01,1111020,1.12,1.22,1.12,1.14
713728,擎亞永豐64購02,0,,,,
713729,擎亞永豐65購01,10010,0.77,0.77,0.77,0.77
713730,擎亞永豐66購01,0,,,,
713731,環球晶永豐63購09,107340,3.32,3.52,3.32,3.47
713732,環球晶永豐69購01,137470,3.24,3.32,3.24,3.29
713733,雙鴻永豐66購03,311940,1.68,1.78,1.68,1.78
713734,精材國泰64購01,1184770,2.34,2.45,2.28,2.44
713735,蜜望實國泰64購01,318130,1.4,1.4,1.32,1.34
713736,良維富邦64購02,406520,0.93,0.95,0.87,0.88
713737,宜鼎富邦63購03,0,,,,
713738,精材富邦63購01,758620,1.13,1.14,1.06,1.14
713739,擎亞富邦64購01,0,,,,
713740,環球晶富邦63購01,120180,1.13,1.25,1.13,1.23
713741,千附統一67購03,180030,0.51,0.51,0.51,0.51
713742,精材統一67購04,17530,0.77,0.78,0.76,0.78
713743,精材統一69購01,60370,0.78,0.78,0.77,0.77
713744,擎亞統一69購01,0,,,,
713745,環球晶統一6A購03,235810,0.85,0.91,0.85,0.89
713746,雙鴻統一71購01,102950,0.98,0.99,0.98,0.99
713747,千附精台新63購01,7350,0.49,0.49,0.49,0.49
713748,台半台新63購01,0,,,,
713749,台半台新63購02,254300,1.53,1.78,1.53,1.78
713750,弘塑台新63購02,65050,2.27,2.27,2.02,2.02
713751,弘塑台新64購01,41000,2.05,2.05,2.05,2.05
713752,弘塑台新65購01,53200,1.52,1.52,1.52,1.52
713753,正淩台新66購01,2160520,2.55,2.69,2.42,2.54
713754,亞信台新63購01,0,,,,
713755,東捷台新63購01,159670,2.19,2.19,2.15,2.15
713756,新應材台新63購01,0,,,,
713757,新應材台新63購02,0,,,,
713758,漢達台新63購01,255630,1.54,1.54,1.53,1.53
713759,漢達台新63購02,624360,1.84,1.84,1.6,1.6
713760,雙鴻台新63購04,603760,1.86,1.95,1.76,1.95
713761,元太凱基67購01,242890,1.47,1.49,1.41,1.41
713762,弘塑凱基68購02,420440,2.08,2.08,1.9,1.9
713763,良維凱基69購01,0,,,,
713764,宜鼎凱基63購09,0,,,,
713765,威剛凱基63購13,561100,1.47,1.51,1.47,1.51
713766,家登凱基63購03,298000,1.49,1.49,1.49,1.49
713767,高技凱基63購04,66330,1.09,1.09,1.04,1.04
713768,智通*凱基63購03,0,,,,
713769,順達凱基63購10,36250,1.45,1.45,1.45,1.45
713770,新應材凱基66購02,9750,1.95,1.95,1.95,1.95
713771,頎邦凱基63購07,22750,3.25,3.25,3.25,3.25
713772,雙鴻凱基63購15,0,,,,
713773,雙鴻凱基63購16,0,,,,
713774,雙鴻凱基63購18,0,,,,
713775,雙鴻凱基63購19,360700,1.8,1.92,1.8,1.92
713776,雙鴻凱基64購04,407660,2.0,2.18,2.0,2.11
713777,雙鴻凱基65購01,45400,2.27,2.27,2.27,2.27
713778,雙鴻凱基65購02,420380,2.3,2.35,2.23,2.35
713779,雙鴻凱基65購03,495460,2.59,2.68,2.59,2.68
713780,雙鴻凱基65購04,557780,2.23,2.38,2.23,2.35
713781,中美晶群益68購01,390060,0.89,1.02,0.89,0.99
713782,宏捷科群益63購02,455660,0.76,1.04,0.76,1.03
713783,亞信群益63購01,98560,0.64,0.64,0.64,0.64
713784,倚強群益63購01,91640,3.72,3.72,2.93,2.93
713785,家登群益63購05,0,,,,
713786,晶宏群益64購01,0,,,,
713787,群聯群益63購09,0,,,,
713788,廣閎科群益63購02,210390,1.3,1.33,1.22,1.22
713789,雙鴻群益63購10,0,,,,
713790,雙鴻群益69購01,269470,1.33,1.4,1.32,1.4
713791,中美晶元大63購09,240850,0.82,0.93,0.82,0.93
713792,宜鼎元大63購12,167560,0.52,0.52,0.49,0.49
713793,青雲元大63購04,0,,,,
713794,威剛元大63購12,14200,1.42,1.42,1.42,1.42
713795,威剛元大67購01,80040,0.5,0.51,0.49,0.49
713796,高技元大63購08,162150,0.76,0.79,0.76,0.79
713797,群聯元大63購23,0,,,,
713798,營邦元大63購04,776020,1.88,1.94,1.83,1.94
713799,雙鴻元大63購21,493230,1.23,1.23,1.23,1.23
713800,雙鴻元大63購26,0,,,,
713801,雙鴻元大63購28,514050,0.88,0.9,0.88,0.9
713802,雙鴻元大63購29,274800,1.07,1.07,1.02,1.06
713803,雙鴻元大64購07,3540,1.18,1.18,1.18,1.18
713804,雙鴻元大64購08,1155620,1.1,1.16,1.08,1.12
713805,雙鴻元大64購09,418420,0.84,0.86,0.79,0.83
713806,雙鴻元大65購03,250010,0.88,0.92,0.85,0.92
713807,雙鴻元大65購04,530320,0.85,0.87,0.84,0.86
713808,久元國票65購01,0,,,,
713809,大綜國票66購01,723390,2.86,3.05,2.8,3.05
713810,天良國票64購01,121960,0.22,0.24,0.22,0.24
713811,晶宏國票68購01,101400,0.6,0.6,0.6,0.6
713812,瑞耘國票68購01,0,,,,
713813,萬泰科國票65購01,5360,1.08,1.08,1.06,1.06
713814,聖暉*國票65購03,24970,1.07,1.11,1.07,1.11
713815,廣閎科國票65購01,21800,1.09,1.09,1.09,1.09
713816,磐亞國票65購01,614080,0.76,0.76,0.76,0.76
713817,雙鴻國票69購02,23440,1.06,1.12,1.06,1.12
713818,晶宏統一71購01,0,,,,
713819,新應材統一69購01,30000,0.6,0.6,0.6,0.6
713820,新應材統一6C購01,0,,,,
713821,擎亞統一69購02,0,,,,
713822,雙鴻統一6B購02,16640,0.64,0.64,0.64,0.64
713823,雙鴻統一71購02,146470,0.97,0.97,0.97,0.97
713824,千附精永豐64購02,369380,0.73,0.73,0.73,0.73
713825,廣閎科永豐63購03,312750,1.19,1.19,1.18,1.18
713826,廣閎科永豐64購02,143360,1.45,1.45,1.31,1.31
713827,能率富邦65購01,0,,,,
713828,雙鴻富邦65購03,460840,1.04,1.04,0.97,1.03
713829,雙鴻富邦66購03,560850,0.94,0.94,0.89,0.94
713830,雙鴻富邦66購04,797270,0.81,0.83,0.77,0.8
713831,朋億*國泰64購01,52130,1.33,1.35,1.33,1.35
713832,穩得國泰64購01,23050,0.77,0.77,0.76,0.76
713833,良維中信69購01,0,,,,
713834,力致台新63購02,148000,1.48,1.48,1.48,1.48
713835,力致台新63購03,0,,,,
713836,千附台新63購01,24600,0.82,0.82,0.82,0.82
713837,天正台新63購01,0,,,,
713838,宜鼎台新65購02,0,,,,
713839,華洋台新63購01,13600,0.89,0.89,0.83,0.83
713840,閎康台新63購01,128740,1.11,1.11,1.1,1.11
713841,閎康台新63購02,0,,,,
713842,閎康台新63購03,0,,,,
713843,騰雲台新63購01,84000,0.84,0.84,0.84,0.84
713844,驊訊台新64購01,7800,0.78,0.78,0.78,0.78
713845,驊訊台新64購02,0,,,,
713846,九暘國票65購02,7200,0.72,0.72,0.72,0.72
713847,力致國票66購01,0,,,,
713848,利機國票64購01,0,,,,
713849,均豪國票64購01,0,,,,
713850,均豪國票65購01,20700,0.9,0.9,0.9,0.9
713851,亞通國票64購01,318440,1.78,1.83,1.7,1.83
713852,亞通國票65購01,96860,1.67,1.67,1.67,1.67
713853,崴寶國票67購01,324000,0.81,0.81,0.81,0.81
713854,晶宏國票6B購01,0,,,,
713855,智通*國票64購01,10440,1.16,1.16,1.16,1.16
713856,華宏國票67購01,17600,0.87,0.89,0.87,0.89
713857,閎康國票65購01,0,,,,
713858,新應材國票65購01,17550,1.17,1.17,1.17,1.17
713859,榮剛國票67購01,0,,,,
713860,營邦國票64購02,134320,2.1,2.1,2.08,2.08
713861,營邦國票64購03,195800,1.78,1.78,1.78,1.78
713862,營邦國票66購01,30660,2.19,2.19,2.19,2.19
713863,大綜凱基63購01,1373550,2.35,2.53,2.32,2.52
713864,宏捷科凱基63購02,22540,1.4,1.45,1.25,1.25
713865,宏捷科凱基64購01,511890,1.35,1.62,1.35,1.62
713866,沛亨凱基63購02,0,,,,
713867,亞信凱基63購01,6400,0.64,0.64,0.64,0.64
713868,青雲凱基63購02,214210,1.72,1.74,1.67,1.67
713869,晶宏凱基64購01,3360,0.48,0.48,0.48,0.48
713870,鈊象凱基67購01,4480,2.24,2.24,2.24,2.24
713871,群聯凱基63購18,70700,1.18,1.18,1.17,1.17
713872,群聯凱基63購19,0,,,,
713873,聖暉*凱基65購01,154080,1.82,1.92,1.82,1.92
713874,漢達凱基65購01,0,,,,
713875,廣閎科凱基63購03,471630,1.48,1.48,1.36,1.37
713876,營邦凱基63購05,692140,1.56,1.59,1.5,1.59
713877,威剛群益63購08,0,,,,
713878,晶宏群益64購02,0,,,,
713879,新應材群益63購02,0,,,,
713880,元太永豐64購01,206150,1.55,1.55,1.55,1.55
713881,天正永豐66購01,0,,,,
713882,巨漢永豐64購01,0,,,,
713883,博盛永豐63購03,67560,1.55,1.62,1.55,1.62
713884,晶宏永豐63購01,0,,,,
713885,千附精富邦63購01,850,0.17,0.17,0.17,0.17
713886,弘塑國泰64購01,180400,1.79,1.79,1.6,1.6
713887,威剛統一69購02,0,,,,
713888,晶宏統一69購01,0,,,,
713889,擎亞統一71購01,0,,,,
713890,千附精元大69購01,53040,0.52,0.52,0.52,0.52
713891,宏捷科元大63購01,808330,0.88,1.12,0.87,1.07
713892,宏捷科元大67購02,497200,1.21,1.39,1.21,1.39
713893,良維元大63購03,62780,1.79,1.79,1.67,1.67
713894,良維元大67購01,99580,0.93,0.94,0.93,0.94
713895,宜鼎元大63購13,13500,0.45,0.45,0.45,0.45
713896,威剛元大67購02,0,,,,
713897,建榮元大63購01,282180,1.15,1.36,1.15,1.27
713898,晶宏元大63購01,47730,0.38,0.39,0.38,0.39
713899,雅特力元大63購02,107000,1.07,1.07,1.07,1.07
713900,順達元大63購08,290490,0.94,0.98,0.9,0.9
713901,群翊元大63購01,18200,1.82,1.82,1.82,1.82
713902,群聯元大63購24,96000,0.96,0.96,0.96,0.96
713903,擎亞元大63購02,0,,,,
713904,擎亞元大63購03,175000,0.5,0.5,0.5,0.5
713905,天正台新63購02,0,,,,
713906,印能台新63購01,114450,1.05,1.05,1.05,1.05
713907,印能台新63購02,0,,,,
713908,沛亨台新63購01,0,,,,
713909,晶宏台新63購01,0,,,,
713910,晶宏台新63購02,0,,,,
713911,鈊象台新63購01,0,,,,
713912,群聯台新63購05,0,,,,
713913,群聯台新63購06,0,,,,
713914,力致凱基63購01,0,,,,
713915,印能凱基63購01,854520,1.46,1.47,1.39,1.4
713916,印能凱基63購02,270090,1.49,1.53,1.46,1.46
713917,印能凱基64購02,41310,1.53,1.53,1.53,1.53
713918,印能凱基65購01,1724260,1.7,1.7,1.67,1.67
713919,印能凱基65購02,1189950,1.8,1.81,1.73,1.75
713920,均豪凱基65購02,0,,,,
713921,良維凱基63購03,57390,2.82,2.91,2.82,2.91
713922,亞通凱基63購01,7330,2.44,2.45,2.44,2.45
713923,宜鼎凱基63購10,0,,,,
713924,威剛凱基67購01,0,,,,
713925,建榮凱基63購02,436610,1.09,1.29,1.08,1.23
713926,晶宏凱基64購02,0,,,,
713927,智通*凱基64購01,0,,,,
713928,閎康凱基63購02,184160,1.35,1.37,1.35,1.35
713929,新應材凱基68購01,0,,,,
713930,印能國票64購01,271060,1.25,1.25,1.23,1.23
713931,印能國票65購01,0,,,,
713932,沛亨國票66購02,860,0.86,0.86,0.86,0.86
713933,泓格國票64購01,0,,,,
713934,晶宏國票66購01,530,0.53,0.53,0.53,0.53
713935,群聯國票66購03,0,,,,
713936,印能群益63購01,191540,1.09,1.12,1.09,1.09
713937,印能群益65購01,453490,1.05,1.07,1.04,1.04
713938,沛亨群益64購01,0,,,,
713939,鈊象群益63購04,0,,,,
713940,群聯群益63購10,0,,,,
713941,營邦群益63購02,290020,1.46,1.46,1.41,1.46
713942,營邦群益65購01,374700,1.64,1.64,1.55,1.61
713943,印能中信67購01,41580,0.77,0.77,0.77,0.77
713944,印能統一67購01,28020,0.69,0.71,0.69,0.71
713945,沛亨統一6A購01,0,,,,
713946,晶宏統一67購01,0,,,,
713947,印能國泰64購01,54880,1.12,1.12,1.12,1.12
713948,印能國泰65購01,117900,0.9,0.9,0.9,0.9
713949,宜特國泰64購01,37180,1.69,1.69,1.69,1.69
713950,晶宏國泰64購01,19000,0.76,0.76,0.76,0.76
713951,營邦國泰64購01,111260,2.26,2.29,2.25,2.29
713952,均豪富邦63購01,0,,,,
713953,營邦富邦66購02,804830,0.72,0.72,0.67,0.7
713954,九暘永豐64購01,13660,1.14,1.14,1.13,1.13
713955,川寶永豐63購01,17380,1.21,1.21,1.14,1.14
713956,印能永豐63購01,58800,0.98,0.98,0.98,0.98
713957,印能永豐64購02,100440,0.81,0.81,0.81,0.81
713958,印能永豐65購01,99450,1.17,1.17,1.17,1.17
713959,晶宏永豐64購01,0,,,,
713960,群翊永豐63購01,0,,,,
713961,頎邦永豐64購03,267450,1.58,1.81,1.58,1.81
713962,頎邦永豐66購01,83100,2.0,2.11,2.0,2.11
713963,中美晶元大63購10,34510,1.63,1.82,1.63,1.81
713964,印能元大67購01,28020,0.81,0.83,0.81,0.83
713965,印能元大68購01,254630,0.82,0.82,0.8,0.81
713966,沛亨元大63購01,0,,,,
713967,沛亨元大63購02,0,,,,
713968,沛亨元大69購01,245630,0.77,0.77,0.77,0.77
713969,良維元大63購04,16840,1.46,1.46,1.38,1.38
713970,良維元大67購02,294030,1.31,1.35,1.31,1.31
713971,宜鼎元大63購14,97820,0.75,0.76,0.71,0.71
713972,威剛元大63購13,90090,0.91,0.91,0.91,0.91
713973,晶宏元大63購02,0,,,,
713974,湧德元大63購01,985210,0.71,0.73,0.71,0.73
713975,順達元大63購09,604350,1.18,1.25,1.14,1.14
713976,順達元大63購10,151420,0.55,0.59,0.54,0.54
713977,新應材元大63購05,22200,0.74,0.74,0.74,0.74
713978,新應材元大63購06,2280,1.14,1.14,1.14,1.14
713979,群聯元大63購25,182000,0.91,0.91,0.91,0.91
713980,聖暉*元大63購01,1005150,0.86,1.02,0.83,1.0
713981,漢達元大63購01,32540,3.04,3.04,2.86,2.86
713982,廣閎科元大63購01,14700,1.47,1.47,1.47,1.47
713983,廣閎科元大69購01,34650,0.63,0.63,0.63,0.63
713984,擎亞元大63購04,0,,,,
713985,擎亞元大63購05,0,,,,
713986,擎亞元大68購01,14720,0.64,0.64,0.64,0.64
713987,譜瑞元大63購08,37860,1.59,1.59,1.57,1.57
713988,東捷台新63購02,0,,,,
713989,東捷台新63購03,103660,2.13,2.15,2.08,2.11
713990,新應材台新64購03,0,,,,
713991,群聯台新63購07,0,,,,
713992,群聯台新63購08,0,,,,
713993,德微台新63購01,58480,3.44,3.44,3.44,3.44
713994,德微台新64購01,286920,3.16,3.46,3.16,3.45
713995,德微台新65購01,279540,2.48,2.78,2.48,2.69
713996,立敦群益63購01,183700,1.73,1.74,1.61,1.62
713997,良維群益63購02,129710,1.4,1.4,1.28,1.28
713998,良維群益65購01,30990,1.57,1.57,1.46,1.46
713999,東捷群益65購01,87410,1.79,1.79,1.73,1.79
714000,新應材群益63購03,7450,1.49,1.49,1.49,1.49
714001,群聯群益63購11,0,,,,
714002,漢達群益64購01,537150,2.2,2.2,2.03,2.03
714003,漢達群益65購01,694930,2.23,2.25,2.02,2.02
714004,沛亨凱基63購03,37260,1.99,1.99,1.88,1.88
714005,良維凱基63購04,6780,1.13,1.13,1.13,1.13
714006,信紘科凱基63購01,335400,1.01,1.21,1.0,1.18
714007,萊德光凱基63購01,387670,1.39,1.4,1.27,1.27
714008,順達凱基65購01,0,,,,
714009,鈊象凱基63購05,0,,,,
714010,群聯凱基64購10,0,,,,
714011,聖暉*凱基63購03,29170,2.9,2.95,2.86,2.95
714012,鈺太凱基63購01,0,,,,
714013,漢達凱基63購02,295520,1.55,1.6,1.55,1.56
714014,德微凱基63購01,411610,2.69,3.18,2.69,3.1
714015,德微凱基63購02,129880,3.39,3.67,3.39,3.67
714016,德微凱基65購01,19330,3.81,3.95,3.81,3.95
714017,營邦凱基63購06,471700,2.01,2.08,1.95,2.06
714018,台半元大63購07,567830,1.52,1.65,1.52,1.65
714019,台半元大63購08,75480,1.11,1.11,1.11,1.11
714020,台半元大63購09,104430,0.89,0.97,0.89,0.97
714021,沛亨元大63購03,18080,1.13,1.13,1.13,1.13
714022,宜鼎元大69購01,362960,0.88,0.88,0.87,0.87
714023,威剛元大63購14,165060,1.21,1.22,1.21,1.22
714024,晶宏元大63購03,123000,0.41,0.41,0.41,0.41
714025,群聯元大63購26,0,,,,
714026,廣閎科元大63購02,24560,0.71,0.71,0.67,0.67
714027,廣閎科元大69購02,825570,0.65,0.67,0.64,0.64
714028,德微元大63購01,1086450,1.89,2.14,1.87,2.05
714029,德微元大69購01,225900,1.82,1.96,1.82,1.96
714030,晶宏中信63購01,14500,0.16,0.18,0.16,0.17
714031,台半國票65購01,184940,1.1,1.17,1.1,1.16
714032,正淩國票67購01,35040,0.73,0.73,0.73,0.73
714033,宸曜國票64購01,0,,,,
714034,宸曜國票65購01,0,,,,
714035,高鋒國票65購01,0,,,,
714036,新門國票69購01,153520,0.97,1.01,0.88,0.89
714037,群翊國票65購02,6650,0.95,0.95,0.95,0.95
714038,漢達國票69購01,0,,,,
714039,德微國票65購02,0,,,,
714040,譜瑞國票66購02,0,,,,
714041,寶雅*國票66購02,7600,0.76,0.76,0.76,0.76
714042,沛亨永豐63購02,0,,,,
714043,良維永豐64購01,28980,1.26,1.26,1.26,1.26
714044,東捷永豐63購04,17760,2.22,2.22,2.22,2.22
714045,東捷永豐64購03,14400,1.8,1.8,1.8,1.8
714046,泓格永豐63購01,11680,1.3,1.3,1.28,1.28
714047,泓格永豐64購02,0,,,,
714048,德微永豐64購01,29920,1.76,1.76,1.76,1.76
714049,德微永豐65購01,18360,2.04,2.04,2.04,2.04
714050,寶雅*永豐64購01,0,,,,
714051,印能統一66購01,0,,,,
714052,東捷國泰64購01,35220,1.41,1.41,1.4,1.4
714053,元太富邦65購02,785550,0.65,0.65,0.63,0.63
714054,宜鼎富邦64購01,65280,0.51,0.51,0.51,0.51
714055,高技富邦65購01,298110,0.77,0.79,0.77,0.78
714056,晶呈富邦65購02,31160,1.29,1.3,1.29,1.3
714057,新應材富邦63購04,34800,0.58,0.58,0.58,0.58
714058,群聯富邦65購03,140200,0.81,0.81,0.79,0.79
714059,群聯富邦65購04,343950,0.93,0.95,0.93,0.94
714060,群聯富邦65購05,249900,1.12,1.12,1.08,1.08
714061,聖暉*富邦63購01,1272770,0.93,1.05,0.91,1.05
714062,譜瑞富邦65購01,3110,0.77,0.78,0.77,0.78
714063,M31台新63購01,0,,,,
714064,M31台新66購01,0,,,,
714065,光頡台新63購01,46200,6.6,6.6,6.6,6.6
714066,光頡台新66購01,147250,5.25,5.25,5.05,5.05
714067,竹陞台新63購01,0,,,,
714068,均華台新63購03,0,,,,
714069,均華台新64購01,0,,,,
714070,昇達科台新63購01,1382970,1.95,1.95,1.76,1.81
714071,昇達科台新66購01,914920,2.2,2.2,2.02,2.05
714072,信驊台新63購01,221780,3.03,3.03,2.41,2.41
714073,信驊台新63購02,111590,2.02,2.03,2.02,2.03
714074,信驊台新63購03,327420,1.31,1.34,1.02,1.04
714075,信驊台新66購01,662970,4.21,4.21,3.52,3.54
714076,信驊台新66購02,0,,,,
714077,漢達台新63購03,1292680,1.04,1.04,0.9,0.92
714078,漢達台新63購04,998300,0.86,0.86,0.75,0.75
714079,耀穎台新63購01,25040,0.93,0.93,0.92,0.92
714080,M31凱基63購02,14900,2.98,2.98,2.98,2.98
714081,M31凱基63購03,21030,3.07,3.07,2.97,2.97
714082,M31凱基63購04,8660,2.88,2.89,2.88,2.89
714083,光頡凱基63購01,203820,3.46,3.48,3.28,3.47
714084,光頡凱基63購02,0,,,,
714085,光頡凱基63購03,0,,,,
714086,竹陞凱基63購01,68630,0.83,0.85,0.83,0.85
714087,竹陞凱基63購02,0,,,,
714088,竹陞凱基63購03,82270,1.23,1.23,1.19,1.19
714089,均華凱基63購02,91490,0.67,0.67,0.58,0.58
714090,均華凱基64購03,74880,0.9,0.9,0.81,0.81
714091,宜鼎凱基63購11,0,,,,
714092,昇達科凱基63購01,1009940,1.96,1.96,1.74,1.79
714093,昇達科凱基63購02,580430,1.96,1.96,1.78,1.81
714094,昇達科凱基63購03,516110,2.17,2.17,1.98,1.98
714095,昇達科凱基63購04,474090,2.37,2.37,2.14,2.18
714096,信驊凱基63購01,1839850,1.34,1.39,1.03,1.07
714097,信驊凱基63購02,582720,1.71,1.77,1.41,1.41
714098,信驊凱基63購03,984430,2.11,2.16,1.73,1.74
714099,信驊凱基63購04,317700,2.44,2.49,1.94,1.95
714100,信驊凱基63購05,709880,3.5,3.5,2.42,2.45
714101,威剛凱基63購14,0,,,,
714102,新應材凱基63購09,0,,,,
714103,群聯凱基67購01,129680,2.28,2.29,2.26,2.26
714104,雷科凱基63購01,557450,2.38,2.46,2.36,2.36
714105,雷科凱基63購02,30120,2.51,2.51,2.51,2.51
714106,雷科凱基63購03,162000,2.7,2.7,2.7,2.7
714107,頎邦凱基64購04,417670,1.86,2.16,1.86,2.05
714108,穩懋凱基66購01,1050100,3.6,3.8,3.55,3.55
714109,光頡統一65購03,1290020,1.53,1.57,1.48,1.57
714110,光頡統一68購01,1155530,1.53,1.55,1.5,1.55
714111,光頡統一6C購01,671250,1.08,1.13,1.06,1.08
714112,光頡統一79購01,393010,1.14,1.19,1.14,1.18
714113,均華統一67購02,45540,0.46,0.46,0.46,0.46
714114,均華統一6C購01,199200,0.52,0.52,0.5,0.5
714115,良維統一65購01,72060,0.72,0.73,0.72,0.73
714116,良維統一6C購01,0,,,,
714117,昇達科統一67購01,1391330,1.01,1.01,0.93,0.94
714118,昇達科統一6C購01,543080,0.96,0.96,0.92,0.92
714119,昇達科統一6C購02,228800,0.97,0.97,0.91,0.91
714120,金山電統一6C購02,1705110,0.68,0.68,0.66,0.68
714121,信紘科統一6C購01,10360,0.74,0.74,0.74,0.74
714122,德微統一66購01,86670,0.95,1.01,0.95,1.01
714123,營邦統一6C購02,0,,,,
714124,穩懋統一67購02,274160,0.84,0.89,0.83,0.83
714125,穩懋統一6C購04,0,,,,
714126,光頡國泰64購01,0,,,,
714127,均華國泰64購02,0,,,,
714128,良維國泰64購01,50960,1.96,1.96,1.96,1.96
714129,昇達科國泰64購01,177760,1.65,1.66,1.58,1.59
714130,昇達科國泰65購01,205510,1.75,1.78,1.74,1.76
714131,信紘科國泰64購01,238240,1.97,2.14,1.97,2.14
714132,鈊象國泰64購01,0,,,,
714133,雷科國泰64購01,42580,1.85,1.88,1.85,1.88
714134,雷科國泰65購01,281510,2.91,3.01,2.9,2.97
714135,漢達國泰64購01,272530,1.97,1.97,1.84,1.84
714136,穩懋國泰65購02,0,,,,
714137,M31富邦65購02,0,,,,
714138,弘塑富邦65購01,311820,0.71,0.74,0.67,0.67
714139,均華富邦65購01,143380,0.52,0.53,0.49,0.49
714140,信驊富邦66購01,103530,3.83,3.83,3.27,3.27
714141,穩懋富邦65購02,621060,1.41,1.55,1.4,1.4
714142,M31中信66購01,1220,0.61,0.61,0.61,0.61
714143,光頡中信63購01,334400,1.59,1.85,1.58,1.85
714144,竹陞中信69購01,101600,0.59,0.59,0.57,0.57
714145,均華中信69購01,349870,0.45,0.45,0.39,0.39
714146,昇達科中信69購01,927020,1.02,1.02,0.94,0.94
714147,信驊中信63購01,188190,1.81,1.81,1.42,1.46
714148,群聯中信68購02,0,,,,
714149,穩懋中信65購01,366450,1.0,1.07,0.99,1.01
714150,M31永豐64購01,17850,1.19,1.19,1.19,1.19
714151,M31永豐65購01,35020,2.06,2.06,2.06,2.06
714152,元太永豐63購03,381080,0.91,0.92,0.9,0.9
714153,光焱永豐63購01,109000,1.09,1.09,1.09,1.09
714154,光頡永豐63購01,0,,,,
714155,光頡永豐63購02,68310,2.53,2.53,2.53,2.53
714156,光頡永豐69購01,0,,,,
714157,竹陞永豐64購02,9960,0.83,0.83,0.83,0.83
714158,竹陞永豐66購01,60760,0.75,0.75,0.74,0.74
714159,昇達科永豐63購01,1375910,1.39,1.39,1.26,1.31
714160,昇達科永豐63購02,3423410,1.34,1.34,1.23,1.25
714161,昇達科永豐63購03,943770,1.02,1.02,0.97,0.98
714162,昇達科永豐66購01,11900,2.38,2.38,2.38,2.38
714163,昇達科永豐66購02,57880,1.87,1.88,1.85,1.85
714164,昇達科永豐69購01,323560,2.74,2.74,2.69,2.69
714165,昇達科永豐69購02,86710,2.19,2.19,2.15,2.16
714166,信紘科永豐63購01,423470,1.03,1.3,1.03,1.27
714167,信驊永豐63購02,243690,1.5,1.59,1.21,1.23
714168,信驊永豐64購02,332480,2.6,2.72,2.24,2.24
714169,凱崴永豐64購01,0,,,,
714170,萊德光永豐63購01,264460,1.76,1.76,1.65,1.67
714171,聖暉*永豐63購02,408050,2.04,2.36,2.0,2.36
714172,雷科永豐63購01,257680,1.75,1.77,1.71,1.74
714173,雷科永豐63購02,241830,1.67,1.73,1.67,1.71
714174,雷科永豐66購01,76840,2.2,2.2,2.18,2.18
714175,雷科永豐69購01,6840,3.42,3.42,3.42,3.42
714176,穩懋永豐63購05,81400,2.35,2.35,2.28,2.28
714177,光頡元大63購01,173420,2.22,2.5,2.22,2.3
714178,光頡元大63購02,24660,2.26,2.26,2.24,2.24
714179,印能元大63購01,83900,0.8,0.8,0.78,0.78
714180,印能元大63購02,166500,0.74,0.74,0.74,0.74
714181,竹陞元大63購01,0,,,,
714182,昇達科元大63購01,1294480,1.5,1.5,1.41,1.44
714183,信驊元大63購02,246290,2.85,2.85,2.35,2.35
714184,信驊元大64購01,193620,2.56,2.56,2.4,2.4
714185,信驊元大67購01,234840,3.63,3.63,3.3,3.3
714186,信驊元大69購01,497980,4.58,4.58,3.91,3.91
714187,高技元大63購09,76030,1.32,1.34,1.32,1.33
714188,高技元大63購10,216400,0.96,0.96,0.93,0.95
714189,雅特力元大63購03,39770,0.97,0.97,0.97,0.97
714190,新普元大63購01,0,,,,
714191,新應材元大63購07,327940,0.97,0.97,0.93,0.94
714192,新應材元大63購08,0,,,,
714193,新應材元大63購09,0,,,,
714194,群聯元大63購27,96000,0.96,0.96,0.96,0.96
714195,雷科元大63購01,0,,,,
714196,漢達元大63購02,1247410,0.95,1.03,0.87,0.88
714197,漢達元大63購03,597730,1.33,1.38,1.33,1.38
714198,漢達元大69購01,713790,0.93,0.95,0.86,0.86
714199,廣閎科元大63購03,29600,0.61,0.61,0.58,0.58
714200,營邦元大63購05,785160,1.46,1.46,1.41,1.46
714201,鴻呈元大63購03,307230,0.62,0.72,0.62,0.69
714202,FH中5G群益63購01,108000,0.36,0.36,0.36,0.36
714203,M31群益63購01,0,,,,
714204,千附精群益63購01,284430,0.57,0.57,0.57,0.57
714205,中美晶群益63購06,793890,2.95,3.51,2.95,3.44
714206,世界群益65購01,1239510,1.95,2.08,1.91,1.98
714207,均華群益63購02,9140,0.69,0.69,0.54,0.56
714208,均豪群益63購01,48750,0.75,0.75,0.75,0.75
714209,宜鼎群益63購04,0,,,,
714210,宜鼎群益63購05,0,,,,
714211,泓格群益63購01,31080,1.11,1.11,1.11,1.11
714212,信驊群益63購01,751260,2.3,2.4,1.88,1.88
714213,信驊群益63購02,303960,1.52,1.57,1.22,1.23
714214,能率群益63購01,0,,,,
714215,崇越電群益63購01,0,,,,
714216,順達群益63購06,69550,2.8,2.87,2.72,2.87
714217,鈊象群益66購01,9200,0.92,0.92,0.92,0.92
714218,勤凱群益63購01,0,,,,
714219,新應材群益63購04,55680,0.96,0.96,0.96,0.96
714220,群聯群益63購12,222430,1.41,1.43,1.41,1.41
714221,群聯群益63購13,2260,1.13,1.13,1.13,1.13
714222,雷科群益63購01,79200,2.26,2.28,2.25,2.27
714223,雷科群益63購02,1762890,2.07,2.19,2.07,2.1
714224,穩懋群益63購05,285640,1.5,1.7,1.48,1.48
714225,天良國票64購02,198810,0.31,0.34,0.29,0.31
714226,光頡國票65購01,86580,3.76,3.78,3.76,3.78
714227,均華國票65購02,30750,0.75,0.75,0.75,0.75
714228,昇達科國票65購01,1476380,1.73,1.74,1.6,1.62
714229,金山電國票6A購01,1840,0.92,0.92,0.92,0.92
714230,信紘科國票64購01,1577890,1.58,1.8,1.56,1.72
714231,信紘科國票65購01,0,,,,
714232,信驊國票64購01,11170,2.85,2.85,2.77,2.78
714233,華宏國票69購01,0,,,,
714234,雅特力國票67購01,42080,0.78,0.78,0.77,0.77
714235,雷科國票65購01,168980,2.01,2.06,2.01,2.04
714236,漢達國票6B購01,61480,1.06,1.06,1.06,1.06
714237,磐亞國票66購02,0,,,,
714238,穩懋國票66購01,1560,1.56,1.56,1.56,1.56
714239,穩懋國票67購01,11540,1.64,1.66,1.64,1.66
714240,巨有元大63購01,0,,,,
714241,巨有元大63購02,0,,,,
714242,弘塑元大63購06,19650,1.31,1.31,1.31,1.31
714243,弘塑元大63購07,288550,0.6,0.6,0.52,0.52
714244,弘塑元大63購08,279440,0.56,0.56,0.56,0.56
714245,竹陞元大63購02,0,,,,
714246,竹陞元大69購01,139160,0.67,0.67,0.66,0.67
714247,均華元大63購04,138980,0.58,0.58,0.54,0.54
714248,均豪元大63購01,87750,1.95,1.95,1.95,1.95
714249,均豪元大63購02,114540,0.69,0.69,0.69,0.69
714250,均豪元大67購01,0,,,,
714251,東捷元大63購02,73000,1.2,1.22,1.2,1.22
714252,東捷元大67購01,204360,1.31,1.31,1.31,1.31
714253,東捷元大69購01,0,,,,
714254,南俊元大63購01,1811330,0.85,0.87,0.82,0.86
714255,南俊元大69購01,10100,1.01,1.01,1.01,1.01
714256,崇越電元大63購01,0,,,,
714257,群聯元大63購28,305000,1.22,1.22,1.22,1.22
714258,聖暉*元大63購02,238460,1.41,1.66,1.37,1.66
714259,聖暉*元大63購03,211160,1.26,1.46,1.21,1.46
714260,營邦元大63購06,862700,0.8,0.8,0.77,0.8
714261,FH中5G凱基64購01,509680,0.92,0.92,0.92,0.92
714262,世界凱基65購02,72450,3.15,3.15,3.15,3.15
714263,弘塑凱基66購01,327020,1.82,1.82,1.62,1.62
714264,印能凱基63購03,246040,1.02,1.05,1.02,1.03
714265,均豪凱基64購01,0,,,,
714266,泓格凱基64購01,11430,1.27,1.27,1.27,1.27
714267,崇越電凱基63購02,0,,,,
714268,凱崴凱基65購01,141120,0.99,1.01,0.99,1.01
714269,博士旺凱基63購01,0,,,,
714270,華宏凱基63購01,78580,1.24,1.25,1.2,1.2
714271,鈊象凱基63購06,0,,,,
714272,新普凱基63購01,27600,0.92,0.92,0.92,0.92
714273,新應材凱基63購10,3620,1.81,1.81,1.81,1.81
714274,群聯凱基63購20,180680,1.78,1.81,1.75,1.76
714275,營邦凱基66購01,127610,2.36,2.39,2.34,2.34
714276,世界台新63購01,113010,3.21,3.34,3.15,3.16
714277,宜鼎台新65購03,0,,,,
714278,東捷台新63購04,0,,,,
714279,南俊台新63購01,41210,0.91,0.94,0.91,0.94
714280,南俊台新63購02,66620,0.67,0.69,0.67,0.69
714281,頎邦台新63購02,2298740,3.24,4.01,3.24,3.72
714282,頎邦台新66購01,963500,2.49,2.94,2.48,2.77
714283,安葆國票68購02,27400,1.37,1.37,1.37,1.37
714284,南俊國票66購01,0,,,,
714285,新應材國票64購02,25300,1.7,1.7,1.66,1.66
714286,雷科國票64購01,948620,2.1,2.2,2.1,2.11
714287,雷科國票64購02,22200,2.21,2.23,2.21,2.23
714288,M31群益63購02,129200,1.64,1.65,1.6,1.65
714289,巨有群益63購02,38500,7.7,7.7,7.7,7.7
714290,光頡群益63購01,0,,,,
714291,光頡群益66購01,123650,4.5,4.5,4.05,4.14
714292,竹陞群益63購01,190000,0.95,0.95,0.95,0.95
714293,竹陞群益63購02,1560,0.78,0.78,0.78,0.78
714294,均華群益65購02,54600,0.91,0.91,0.91,0.91
714295,宏捷科群益63購03,42100,1.5,1.79,1.46,1.7
714296,系微群益63購01,0,,,,
714297,良維群益63購03,258890,4.39,4.52,4.13,4.13
714298,宜鼎群益63購06,254100,1.65,1.65,1.65,1.65
714299,東捷群益65購02,0,,,,
714300,南俊群益63購01,54120,0.79,0.81,0.79,0.79
714301,南俊群益63購02,0,,,,
714302,威剛群益63購09,96000,2.01,2.01,1.99,1.99
714303,雅特力群益63購01,86240,0.98,0.98,0.98,0.98
714304,雅特力群益63購02,703590,0.71,0.71,0.7,0.7
714305,新應材群益63購05,0,,,,
714306,群聯群益63購14,174420,3.23,3.23,3.23,3.23
714307,頎邦群益63購04,269270,1.89,2.1,1.89,1.96
714308,頎邦群益63購05,3241570,1.65,1.99,1.65,1.82
714309,營邦群益64購01,197190,1.32,1.38,1.3,1.38
714310,光頡統一68購02,1193810,1.48,1.66,1.47,1.51
714311,光頡統一69購01,834700,1.57,1.68,1.57,1.6
714312,佳邦統一6B購01,0,,,,
714313,昇達科統一68購01,1340640,0.98,0.98,0.9,0.92
714314,昇達科統一6C購03,82060,0.91,0.91,0.87,0.87
714315,昇達科統一6C購04,25800,0.86,0.86,0.86,0.86
714316,東捷統一6B購02,12000,0.6,0.6,0.6,0.6
714317,金山電統一69購01,390840,0.7,0.76,0.7,0.73
714318,南俊統一6C購01,41400,0.46,0.46,0.46,0.46
714319,雷科統一69購01,791570,1.14,1.17,1.14,1.16
714320,雷科統一6B購01,731390,0.78,0.79,0.78,0.78
714321,雷科統一6C購01,368870,0.73,0.74,0.73,0.73
714322,德微統一69購01,108960,1.02,1.08,1.02,1.08
714323,宏捷科中信63購01,1029120,0.59,0.88,0.59,0.86
714324,宏捷科國泰64購01,166420,1.94,2.49,1.94,2.33
714325,世界富邦63購02,881620,0.95,1.0,0.93,0.93
714326,印能富邦65購01,0,,,,
714327,東捷富邦65購01,80040,0.62,0.64,0.62,0.63
714328,M31永豐63購02,10260,1.71,1.71,1.71,1.71
714329,久元永豐63購02,0,,,,
714330,均華永豐64購01,0,,,,
714331,均豪永豐63購01,109290,0.87,0.87,0.85,0.85
714332,沛亨永豐63購03,0,,,,
714333,亞通永豐63購01,107940,1.42,1.43,1.42,1.43
714334,群聯永豐63購08,0,,,,
714335,達航永豐65購01,0,,,,
714336,巨有凱基63購01,0,,,,
714337,弘塑凱基63購08,397040,1.63,1.64,1.43,1.43
714338,光頡凱基65購01,262130,3.65,3.7,3.6,3.7
714339,竹陞凱基63購04,0,,,,
714340,均華凱基65購02,27280,1.24,1.24,1.24,1.24
714341,宏捷科凱基63購03,15980,1.71,2.04,1.71,2.04
714342,沛亨凱基63購04,25340,1.43,1.43,1.32,1.32
714343,系微凱基63購01,0,,,,
714344,良維凱基63購05,109700,2.74,2.86,2.74,2.86
714345,宜鼎凱基63購12,18370,1.25,1.25,1.16,1.16
714346,東捷凱基64購01,0,,,,
714347,東捷凱基65購01,0,,,,
714348,青雲凱基63購03,0,,,,
714349,南俊凱基63購01,130070,0.73,0.73,0.67,0.71
714350,南俊凱基63購02,107350,0.86,0.87,0.85,0.87
714351,威剛凱基67購02,0,,,,
714352,家登凱基64購02,0,,,,
714353,聖暉*凱基65購02,361660,3.0,3.49,3.0,3.49
714354,頎邦凱基65購02,1975630,3.04,3.4,3.0,3.24
714355,環球晶凱基63購02,169200,2.91,2.91,2.69,2.88
714356,環球晶凱基63購03,31020,2.82,2.82,2.82,2.82
714357,環球晶凱基69購02,703920,5.15,5.15,4.83,4.95
714358,巨有台新65購01,0,,,,
714359,光頡台新63購02,0,,,,
714360,印能台新63購03,113850,0.99,0.99,0.99,0.99
714361,竹陞台新63購02,0,,,,
714362,均豪台新64購01,25800,2.15,2.15,2.15,2.15
714363,均豪台新64購02,0,,,,
714364,宜鼎台新63購03,0,,,,
714365,威剛台新66購02,0,,,,
714366,家登台新64購02,65480,2.33,2.36,2.33,2.36
714367,家登台新66購01,0,,,,
714368,家碩台新66購01,0,,,,
714369,創新服台新63購01,776160,1.09,1.12,0.99,0.99
714370,創新服台新63購02,0,,,,
714371,創新服台新63購03,41000,0.82,0.82,0.82,0.82
714372,創新服台新63購04,0,,,,
714373,環球晶台新64購01,119280,2.57,2.72,2.57,2.72
714374,環球晶台新64購02,1397450,2.12,2.39,2.1,2.39
714375,耀穎台新63購02,85050,1.07,1.07,1.04,1.04
714376,M31元大63購02,2170,2.17,2.17,2.17,2.17
714377,M31元大63購03,187420,1.06,1.07,1.01,1.01
714378,弘塑元大63購09,63560,1.82,1.82,1.81,1.81
714379,弘塑元大63購10,43870,1.07,1.07,1.07,1.07
714380,弘塑元大66購02,43560,0.99,0.99,0.99,0.99
714381,光頡元大63購03,31200,2.4,2.4,2.4,2.4
714382,光頡元大63購04,48660,1.75,1.75,1.73,1.75
714383,竹陞元大63購03,420760,0.67,0.67,0.67,0.67
714384,竹陞元大69購02,288640,0.88,0.88,0.88,0.88
714385,均豪元大63購03,0,,,,
714386,亞通元大63購01,61300,1.67,1.69,1.63,1.69
714387,亞通元大63購02,0,,,,
714388,宜鼎元大63購15,0,,,,
714389,昇達科元大63購02,63890,1.39,1.39,1.33,1.33
714390,昇達科元大63購03,314650,1.25,1.25,1.15,1.18
714391,東捷元大63購03,0,,,,
714392,東捷元大67購02,4110,1.37,1.37,1.37,1.37
714393,東捷元大69購02,190700,0.77,0.77,0.75,0.75
714394,萊德光元大63購01,287900,1.06,1.09,1.04,1.04
714395,萊德光元大63購02,164270,1.29,1.3,1.26,1.26
714396,雅特力元大63購04,64600,0.95,0.95,0.95,0.95
714397,群聯元大63購29,6360,1.06,1.06,1.06,1.06
714398,群聯元大69購01,0,,,,
714399,聖暉*元大63購04,200580,1.47,1.67,1.42,1.67
714400,雷科元大63購02,0,,,,
714401,營邦元大63購07,287590,1.03,1.04,1.0,1.03
714402,環球晶元大63購09,1703150,1.16,1.28,1.16,1.23
714403,環球晶元大63購10,1481260,1.31,1.42,1.31,1.38
714404,光頡國票64購01,0,,,,
714405,光頡國票66購01,0,,,,
714406,昇達科國票64購01,1597340,1.89,1.89,1.71,1.75
714407,創新服國票65購01,0,,,,
714408,萊德光國票66購01,148930,1.23,1.23,1.09,1.09
714409,頎邦國票69購01,51760,1.2,1.31,1.2,1.3
714410,環球晶國票66購02,269790,2.75,2.98,2.75,2.83
714411,群聯中信67購02,59880,0.71,0.71,0.69,0.7
714412,環球晶中信63購01,682610,0.98,1.08,0.98,1.06
714413,尼克森永豐63購01,59550,1.7,1.82,1.7,1.82
714414,正德永豐63購01,19530,0.63,0.63,0.63,0.63
714415,安葆永豐65購01,19550,1.56,1.56,1.49,1.5
714416,亞信永豐64購01,48800,0.83,0.83,0.81,0.81
714417,美琪瑪永豐63購01,0,,,,
714418,家登永豐65購01,0,,,,
714419,泰藝永豐63購01,303820,2.11,2.18,2.08,2.13
714420,高僑永豐63購01,9030,1.29,1.29,1.29,1.29
714421,創新服永豐63購01,41040,1.14,1.14,1.14,1.14
714422,創新服永豐64購01,36000,0.72,0.72,0.72,0.72
714423,創新服永豐65購01,90570,0.95,0.95,0.93,0.93
714424,創新服永豐66購01,0,,,,
714425,博大永豐63購01,19680,0.73,0.73,0.72,0.72
714426,博盛永豐64購02,256500,1.64,1.7,1.64,1.7
714427,晶呈永豐63購01,7400,1.48,1.48,1.48,1.48
714428,華電網永豐63購01,0,,,,
714429,廣明永豐63購01,142690,1.19,1.2,1.18,1.2
714430,優群永豐63購01,0,,,,
714431,環球晶永豐64購01,0,,,,
714432,中美晶富邦69購01,172070,0.87,0.95,0.87,0.93
714433,台特化富邦63購01,252130,0.73,0.73,0.69,0.69
714434,沛亨富邦63購02,0,,,,
714435,良維富邦65購01,421500,0.71,0.71,0.66,0.67
714436,蜜望實富邦66購01,108800,0.68,0.74,0.68,0.68
714437,竹陞國泰64購01,0,,,,
714438,東捷國泰64購02,49560,1.18,1.18,1.18,1.18
714439,家登國泰64購01,0,,,,
714440,雅特力國泰64購01,110000,1.61,1.61,1.56,1.56
714441,頎邦國泰64購01,482160,2.28,2.61,2.26,2.5
714442,環球晶國泰64購02,129280,2.34,2.52,2.34,2.48
714443,亞通統一6C購01,0,,,,
714444,昇達科統一74購01,568240,1.01,1.01,0.96,0.97
714445,東捷統一66購03,61110,0.63,0.63,0.63,0.63
714446,東捷統一68購03,90420,0.72,0.72,0.69,0.69
714447,東捷統一6A購01,0,,,,
714448,南俊統一74購01,11000,0.55,0.55,0.55,0.55
714449,雷科統一67購01,179290,0.95,1.0,0.95,1.0
714450,世界群益63購03,0,,,,
714451,巨有群益63購03,0,,,,
714452,均華群益63購03,11700,0.78,0.78,0.78,0.78
714453,亞通群益63購02,218260,1.16,1.19,1.14,1.19
714454,亞通群益63購03,10800,1.08,1.08,1.08,1.08
714455,東捷群益65購03,0,,,,
714456,青雲群益63購02,0,,,,
714457,信立群益63購02,0,,,,
714458,威剛群益63購10,414900,2.64,2.64,2.59,2.59
714459,家登群益63購06,51030,1.22,1.22,1.21,1.21
714460,萊德光群益63購01,42560,3.02,3.2,2.9,2.9
714461,鈊象群益69購01,890,0.89,0.89,0.89,0.89
714462,新應材群益63購06,67500,3.38,3.44,3.3,3.3
714463,群聯群益63購15,0,,,,
714464,群聯群益65購03,0,,,,
714465,營邦群益69購01,100860,0.75,0.75,0.74,0.74
714466,環球晶群益63購04,0,,,,
714467,光頡元大63購05,0,,,,
714468,光頡元大63購06,75520,2.36,2.36,2.36,2.36
714469,光頡元大63購07,530180,1.73,1.8,1.69,1.79
714470,均華元大63購05,90780,0.51,0.51,0.51,0.51
714471,宏捷科元大63購02,561720,1.12,1.42,1.12,1.38
714472,沛亨元大63購04,551500,0.88,0.88,0.82,0.82
714473,沛亨元大63購05,0,,,,
714474,亞通元大63購03,91090,1.35,1.37,1.29,1.37
714475,亞通元大63購04,66970,1.14,1.14,1.06,1.06
714476,宜鼎元大63購16,0,,,,
714477,東捷元大63購04,0,,,,
714478,東捷元大68購01,138610,0.83,0.83,0.83,0.83
714479,欣銓元大63購04,317710,1.39,1.4,1.33,1.4
714480,欣銓元大63購05,370250,1.29,1.35,1.29,1.35
714484,南俊元大63購02,707070,1.01,1.02,1.01,1.02
714485,威剛元大66購01,544570,1.45,1.48,1.45,1.48
714486,群聯元大66購07,0,,,,
714487,群聯元大69購02,63670,1.13,1.13,1.11,1.11
714488,雷科元大63購03,0,,,,
714489,營邦元大69購01,935310,1.1,1.1,1.07,1.1
714490,環球晶元大63購11,740920,2.29,2.51,2.27,2.35
714491,光頡國票66購02,119390,2.42,2.57,2.42,2.57
714492,旭然國票67購01,94400,1.63,1.8,1.59,1.66
714493,亞通國票64購02,0,,,,
714494,亞通國票66購01,29520,1.64,1.64,1.64,1.64
714495,建榮國票64購01,286410,1.82,2.1,1.79,1.95
714496,建榮國票65購01,118280,1.49,1.64,1.49,1.64
714497,家登國票64購02,0,,,,
714498,新漢國票64購01,57000,0.95,0.95,0.95,0.95
714499,擎亞國票64購02,44200,1.7,1.7,1.7,1.7
714500,穩懋國票65購02,81280,1.23,1.28,1.22,1.22
714501,世界凱基63購07,352900,2.91,3.1,2.91,2.93
714502,巨有凱基63購02,272850,6.65,6.85,6.65,6.85
714503,竹陞凱基63購05,49700,0.71,0.71,0.71,0.71
714504,亞通凱基63購02,68810,1.03,1.03,1.01,1.01
714505,信立凱基63購01,23030,0.49,0.49,0.49,0.49
714510,創新服凱基63購01,900070,0.79,0.83,0.7,0.7
714511,新應材凱基63購11,3140,3.14,3.14,3.14,3.14
714512,群聯凱基63購21,84170,1.67,1.67,1.65,1.65
714513,營邦凱基63購07,814890,1.83,1.91,1.78,1.85
714514,穩懋凱基63購10,125000,4.21,4.29,4.02,4.02
714515,巨有群益63購04,0,,,,
714516,光頡群益63購02,1190460,3.75,4.32,3.75,4.31
714517,光頡群益65購01,772220,2.73,2.77,2.62,2.69
714518,印能群益63購02,677930,2.14,2.15,2.02,2.08
714519,竹陞群益64購01,0,,,,
714520,宜鼎群益63購07,0,,,,
714521,威剛群益63購11,1079930,2.0,2.07,2.0,2.01
714522,家登群益63購07,232960,1.46,1.49,1.46,1.47
714523,環球晶群益63購05,0,,,,
714524,環球晶群益63購06,1029390,2.43,2.77,2.43,2.62
714525,伍豐永豐63購01,0,,,,
714526,竹陞永豐63購02,0,,,,
714527,沛亨永豐63購04,0,,,,
714528,亞通永豐65購01,108580,0.92,0.94,0.92,0.94
714529,宜鼎永豐63購08,27950,1.49,1.49,1.43,1.43
714534,南俊永豐63購01,214920,1.07,1.1,1.07,1.1
714535,健喬永豐63購01,344310,0.69,0.69,0.69,0.69
714536,群聯永豐63購09,0,,,,
714537,群聯永豐63購10,0,,,,
714538,穩懋永豐63購06,207080,3.34,3.34,3.34,3.34
714539,穩懋永豐63購07,48000,4.8,4.8,4.8,4.8
714540,騰雲永豐63購01,0,,,,
714541,系微富邦64購01,0,,,,
714542,宜鼎富邦63購04,128160,0.48,0.48,0.48,0.48
714543,欣銓富邦63購01,53310,0.57,0.58,0.57,0.57
714544,環球晶富邦69購01,663420,0.74,0.8,0.73,0.77
714545,環球晶富邦69購02,1014470,0.89,1.01,0.89,0.96
714546,中美晶國泰65購01,0,,,,
714547,巨有國泰64購01,0,,,,
714548,光頡國泰64購02,0,,,,
714549,均豪國泰64購01,0,,,,
714550,沛亨國泰64購01,0,,,,
714551,亞通國泰64購01,0,,,,
714554,萊德光國泰64購01,411930,1.95,1.95,1.78,1.79
714555,群聯國泰64購01,0,,,,
714556,擎亞國泰64購01,35520,1.32,1.32,1.29,1.29
714557,穩懋國泰64購03,11370,3.79,3.79,3.79,3.79
714558,巨有統一79購01,85850,1.25,1.25,1.21,1.21
714559,弘塑統一68購01,95900,0.75,0.75,0.68,0.68
714560,竹陞統一6C購01,0,,,,
714565,穩懋統一69購01,0,,,,
714566,台特化台新63購01,958020,2.75,2.75,2.61,2.63
714567,旭然台新63購01,14650,2.33,3.0,2.33,3.0
714568,竹陞台新63購03,0,,,,
714569,竹陞台新64購01,0,,,,
714570,宏捷科台新63購01,126940,2.43,2.43,2.38,2.38
714571,系微台新63購01,36880,1.66,1.69,1.66,1.68
714572,良維台新66購01,39960,2.22,2.22,2.22,2.22
714575,茂達台新63購01,66760,1.31,1.32,1.29,1.31
714576,家登台新63購01,0,,,,
714577,穩懋台新63購03,0,,,,
714578,穩懋台新63購04,220000,2.2,2.2,2.2,2.2
714579,穩懋台新63購05,123660,2.33,2.34,2.33,2.34
714580,巨有永豐66購01,749410,1.88,1.88,1.82,1.84
714581,朋億*永豐64購01,64040,1.5,1.5,1.48,1.48
714582,南俊永豐63購02,4270,1.08,1.08,1.03,1.03
714583,南俊永豐67購01,37130,0.79,0.79,0.79,0.79
714584,智崴永豐64購01,0,,,,
714585,萊德光永豐63購02,338530,1.75,1.75,1.55,1.56
714586,頎邦永豐63購05,346630,1.88,1.95,1.88,1.95
714587,方土昶元大63購03,0,,,,
714588,台半元大65購01,463410,1.56,1.7,1.54,1.7
714589,巨有元大63購03,0,,,,
714590,巨有元大63購04,0,,,,
714591,均華元大63購06,0,,,,
714592,均華元大63購07,449050,0.69,0.69,0.62,0.64
714593,宏捷科元大63購03,380170,1.17,1.49,1.17,1.49
714594,宏捷科元大63購04,175840,1.36,1.72,1.36,1.72
714595,沛亨元大63購06,10560,1.32,1.32,1.32,1.32
714596,沛亨元大65購01,0,,,,
714597,宜鼎元大64購06,3900,0.78,0.78,0.78,0.78
714598,青雲元大63購05,9000,0.9,0.9,0.9,0.9
714599,威剛元大63購15,62350,1.55,1.56,1.55,1.56
714600,創新服元大63購01,18570,0.99,0.99,0.95,0.95
714601,萊德光元大63購03,0,,,,
714602,萊德光元大64購01,635360,1.03,1.04,1.0,1.0
714603,萊德光元大64購02,69700,1.1,1.12,1.06,1.06
714604,雅特力元大63購05,623670,1.19,1.19,1.17,1.18
714605,群聯元大63購30,281430,1.59,1.59,1.59,1.59
714606,環球晶元大64購03,114560,2.47,2.68,2.47,2.68
714607,環球晶元大65購06,449590,1.96,2.1,1.95,2.04
714608,世界群益63購04,434080,3.73,3.86,3.62,3.62
714609,巨有群益64購01,10920,3.66,3.66,3.6,3.6
714610,茂綸群益63購02,1174970,1.04,1.04,0.98,0.98
714611,順達群益63購07,203920,1.82,1.82,1.73,1.77
714612,順達群益65購01,106620,1.92,1.92,1.86,1.86
714613,新應材群益63購07,43670,2.52,2.52,2.39,2.39
714614,營邦群益63購03,298250,1.82,1.82,1.75,1.77
714615,穩懋群益63購06,261350,5.85,6.25,5.45,5.5
714616,方土昶國票65購02,0,,,,
714617,台星科國票65購01,0,,,,
714618,巨有國票64購01,36000,4.0,4.0,4.0,4.0
714619,巨有國票65購01,0,,,,
714620,旭然國票69購01,61920,1.27,1.37,1.27,1.37
714621,均華國票64購01,0,,,,
714622,宏捷科國票65購01,9630,1.16,1.34,1.16,1.33
714623,系微國票65購03,0,,,,
714624,良維國票66購01,0,,,,
714625,昇達科國票64購02,16870,2.41,2.41,2.41,2.41
714626,朋億*國票65購01,0,,,,
714627,南俊國票68購01,2800,0.7,0.7,0.7,0.7
714628,萊德光國票65購02,278820,1.02,1.02,0.95,0.96
714629,群聯國票65購01,0,,,,
714630,磐亞國票65購02,27600,1.38,1.38,1.38,1.38
714631,巨有台新63購01,44930,4.09,4.09,4.03,4.03
714632,巨有台新66購01,0,,,,
714633,巨有台新69購01,0,,,,
714634,巨有台新69購02,0,,,,
714635,印能台新65購01,30650,1.51,1.54,1.51,1.54
714636,昇達科台新63購03,494010,3.13,3.15,3.01,3.1
714637,茂綸台新63購02,0,,,,
714638,創新服台新65購01,39440,1.16,1.16,1.16,1.16
714639,群聯台新63購09,0,,,,
714640,群聯台新63購10,0,,,,
714641,聖暉*台新66購01,212070,2.54,2.79,2.54,2.79
714642,印能凱基64購03,413200,2.12,2.14,2.11,2.14
714643,均華凱基63購03,50400,1.2,1.2,1.2,1.2
714644,沛亨凱基64購01,0,,,,
714645,良維凱基67購01,48600,3.31,3.31,3.1,3.1
714646,宜鼎凱基63購13,0,,,,
714647,欣銓凱基63購02,39840,1.66,1.66,1.66,1.66
714648,威剛凱基65購04,26840,2.69,2.69,2.66,2.66
714649,建榮凱基64購01,677340,2.67,3.09,2.6,2.92
714650,家登凱基63購04,0,,,,
714651,萊德光凱基63購02,322040,2.11,2.13,1.93,1.97
714652,環球晶凱基63購04,47900,4.79,4.79,4.79,4.79
714653,穩懋凱基65購02,0,,,,
714654,穩懋凱基68購01,0,,,,
714655,世界國泰64購01,0,,,,
714656,世界國泰64購02,133820,2.05,2.12,2.03,2.06
714657,朋億*國泰65購01,122400,2.25,2.28,2.25,2.28
714658,欣銓國泰64購01,1873920,1.97,2.05,1.97,2.03
714659,青雲國泰64購01,0,,,,
714660,德微國泰64購01,79600,3.97,4.01,3.97,4.01
714661,巨有統一69購01,0,,,,
714662,巨有統一79購02,75100,1.07,1.08,1.07,1.08
714666,寶雅*統一6C購01,0,,,,
714667,印能富邦64購01,101140,0.64,0.66,0.64,0.65
714668,印能富邦65購02,12050,0.59,0.61,0.59,0.6
714669,威剛富邦63購01,88560,0.36,0.36,0.36,0.36
714670,建榮富邦63購01,35590,0.37,0.44,0.37,0.43
714671,鈊象富邦65購01,30160,1.04,1.04,1.04,1.04
714672,群聯富邦65購06,313960,0.75,0.75,0.72,0.72
714673,群聯富邦65購07,134370,0.67,0.68,0.67,0.67
714674,群聯富邦65購08,0,,,,
714675,群聯富邦66購01,259860,0.71,0.72,0.7,0.7
714676,群聯富邦66購02,369060,0.65,0.66,0.65,0.65
714677,群聯富邦69購01,374980,0.77,0.78,0.76,0.76
714678,台燿凱基63購01,1995130,3.07,3.43,2.85,2.86
714679,台燿凱基63購02,2153060,2.88,3.21,2.76,2.82
714680,台燿凱基63購03,261510,3.09,3.14,2.66,2.66
714681,台燿凱基63購04,79130,3.31,3.34,3.2,3.2
714682,台燿凱基65購01,114720,3.46,3.64,3.46,3.64
714683,台燿凱基65購02,427700,3.39,3.62,3.3,3.3
714684,台燿凱基65購03,618460,3.2,3.44,3.08,3.11
714685,青雲凱基63購04,35260,1.27,1.27,1.25,1.25
714686,茂綸凱基63購01,6200,1.55,1.55,1.55,1.55
714687,新應材凱基63購12,0,,,,
714688,群聯凱基63購22,74000,2.35,2.35,2.31,2.31
714689,台半台新64購01,73400,3.67,3.67,3.67,3.67
714690,台燿台新63購01,1457880,3.41,3.71,3.18,3.18
714691,台燿台新66購01,2599890,3.75,4.13,3.54,3.54
714692,台燿台新69購01,1830600,3.49,3.81,3.31,3.33
714693,印能台新65購02,0,,,,
714694,印能台新65購03,114300,1.27,1.27,1.27,1.27
714695,良維台新63購01,30900,3.09,3.09,3.09,3.09
714696,宜鼎台新66購01,32710,2.59,2.59,2.47,2.47
714697,台燿群益63購01,97590,2.95,3.01,2.6,2.65
714698,台燿群益63購02,963240,2.89,3.21,2.69,2.74
714699,台燿群益63購03,1948060,2.42,2.74,2.29,2.3
714700,印能群益63購03,494090,1.5,1.5,1.48,1.49
714701,竹陞群益64購02,199810,1.07,1.07,1.06,1.06
714702,亞通群益64購01,304330,1.52,1.75,1.52,1.75
714703,亞通群益66購01,42780,1.86,1.86,1.86,1.86
714704,宜鼎群益63購08,0,,,,
714705,欣銓群益63購03,387300,2.58,2.73,2.58,2.72
714706,青雲群益63購03,0,,,,
714707,青雲群益65購01,0,,,,
714708,威剛群益63購12,268360,2.33,2.42,2.33,2.38
714709,家登群益63購08,387780,3.93,3.93,3.75,3.86
714710,頎邦群益65購01,548790,2.47,2.75,2.47,2.65
714711,穩懋群益63購07,679000,6.8,6.8,6.45,6.45
714712,台燿元大63購01,2076750,1.89,2.12,1.82,1.86
714713,台燿元大64購05,1899500,1.91,2.1,1.82,1.84
714714,台燿元大65購01,557570,1.98,2.17,1.92,1.92
714715,印能元大63購03,191290,1.28,1.28,1.27,1.27
714716,沛亨元大63購07,253080,1.11,1.11,1.11,1.11
714717,良維元大63購05,238240,0.92,0.94,0.85,0.85
714718,亞通元大63購05,323910,1.97,2.0,1.93,2.0
714719,宜鼎元大64購07,1291360,0.78,0.78,0.75,0.75
714720,昇達科元大63購04,113440,1.71,1.71,1.62,1.65
714721,昇達科元大63購05,338880,1.3,1.3,1.21,1.25
714724,威剛元大63購16,131880,1.43,1.48,1.43,1.48
714725,茂綸元大63購01,0,,,,
714726,茂綸元大64購01,0,,,,
714727,家登元大63購02,1011380,1.96,1.97,1.87,1.93
714728,家登元大64購02,89100,1.98,1.98,1.98,1.98
714729,群聯元大63購31,66000,1.32,1.32,1.32,1.32
714730,群聯元大63購33,15210,1.69,1.69,1.69,1.69
714731,環球晶元大64購04,51400,2.57,2.57,2.57,2.57
714732,環球晶元大65購07,609680,1.94,2.09,1.94,2.04
714733,台燿永豐63購01,71560,2.05,2.22,2.05,2.05
714734,台燿永豐63購02,3630490,1.83,1.96,1.7,1.73
714735,台燿永豐63購03,997100,1.23,1.35,1.17,1.17
714736,台燿永豐63購04,521130,1.43,1.57,1.36,1.36
714737,台燿永豐64購03,300600,1.49,1.62,1.44,1.44
714738,台燿永豐64購04,400210,2.0,2.17,2.0,2.13
714739,台燿永豐65購01,762410,1.67,1.81,1.58,1.61
714740,台燿永豐65購02,383600,2.46,2.58,2.44,2.5
714741,台燿永豐66購01,359050,2.79,3.01,2.68,2.68
714742,台燿永豐66購02,901350,5.2,5.65,5.1,5.1
714743,台燿永豐69購01,697500,3.33,3.54,3.19,3.19
714744,台燿永豐69購02,0,,,,
714745,台燿永豐73購01,301400,4.81,4.81,4.45,4.45
714746,弘塑永豐64購02,62220,1.83,1.83,1.83,1.83
714747,光焱永豐65購01,0,,,,
714748,欣銓永豐63購01,387510,1.62,1.74,1.62,1.69
714749,博盛永豐64購03,0,,,,
714750,蜜望實永豐64購01,125550,2.33,2.55,2.33,2.55
714751,營邦永豐65購01,36240,0.82,0.83,0.81,0.83
714752,環球晶永豐64購02,2020,2.02,2.02,2.02,2.02
714753,穩懋永豐63購08,0,,,,
714754,台燿中信63購01,3066220,1.24,1.48,1.17,1.18
714755,欣銓中信63購01,244670,0.66,0.74,0.66,0.73
714757,雷科中信63購01,710560,1.6,1.65,1.58,1.62
714758,台燿國票67購01,357830,1.57,1.7,1.52,1.52
714759,東捷國票66購01,17900,1.79,1.79,1.79,1.79
714765,宣德國票66購01,0,,,,
714766,風青國票67購01,334490,1.25,1.33,1.25,1.32
714767,營邦國票65購01,0,,,,
714768,環球晶國票64購04,1487410,4.01,4.26,4.01,4.22
714769,台燿統一65購02,742480,0.94,1.05,0.89,0.9
714770,台燿統一69購01,2582470,0.99,1.11,0.97,0.98
714771,台燿統一69購02,735750,1.1,1.22,1.08,1.1
714772,台燿統一6C購01,13240,0.86,0.86,0.8,0.8
714773,台燿統一71購02,1355780,0.96,1.04,0.96,0.96
714774,台燿統一79購01,214900,1.12,1.2,1.12,1.12
714775,印能統一69購01,15540,0.74,0.74,0.74,0.74
714776,金山電統一79購01,20450,0.76,0.76,0.75,0.75
714777,青雲統一79購01,29500,0.59,0.59,0.59,0.59
714779,台燿國泰64購01,289900,2.61,2.74,2.61,2.74
714780,台燿國泰64購02,2939900,2.27,2.53,2.14,2.19
714782,元太富邦64購03,1302090,0.8,0.8,0.76,0.77
714783,台半富邦65購01,1012700,0.93,1.04,0.93,1.04
714784,台燿富邦63購04,659470,1.53,1.71,1.53,1.53
714785,台燿富邦63購05,1273970,1.36,1.5,1.36,1.36
714786,金山電富邦65購01,1507810,0.87,0.99,0.86,0.98
714787,晶呈富邦65購03,259940,1.4,1.4,1.37,1.37
714788,新應材富邦66購01,90240,0.94,0.94,0.94,0.94
714789,穩懋富邦67購01,1396580,1.46,1.59,1.46,1.47
714790,譜瑞富邦64購03,0,,,,
714791,印能台新63購04,0,,,,
714792,茂綸台新63購03,0,,,,
714793,創新服台新65購02,87470,1.72,1.79,1.65,1.65
714794,富強鑫台新63購01,147760,1.33,1.35,1.32,1.34
714795,穩懋台新63購06,603150,6.8,7.1,6.55,6.55
714796,穩懋台新63購07,156400,5.2,5.4,5.1,5.1
714797,天品凱基63購01,68250,1.93,2.0,1.93,2.0
714798,台半凱基63購04,182040,2.46,2.46,2.46,2.46
714799,印能凱基63購04,38760,2.28,2.28,2.28,2.28
714800,沛亨凱基63購05,346530,1.93,1.93,1.86,1.86
714801,良維凱基63購06,35590,3.19,3.29,3.19,3.29
714802,亞通凱基63購03,114350,2.66,2.73,2.6,2.73
714803,亞通凱基64購01,98410,2.98,3.05,2.98,3.05
714804,宜鼎凱基63購14,0,,,,
714805,昇達科凱基63購05,61310,2.93,2.93,2.91,2.91
714806,欣銓凱基63購03,25330,2.54,2.54,2.53,2.53
714807,威剛凱基63購15,2160,2.16,2.16,2.16,2.16
714808,家登凱基63購05,192230,2.9,2.9,2.85,2.85
714809,頎邦凱基63購08,289340,2.17,2.56,2.17,2.56
714810,營邦凱基66購02,749850,2.79,2.86,2.72,2.8
714811,環球晶凱基68購01,581450,2.53,2.74,2.53,2.61
714812,穩懋凱基65購03,25130,4.37,4.37,4.14,4.14
714813,千附精統一79購01,34720,0.62,0.62,0.62,0.62
714814,印能統一79購01,185810,1.7,1.74,1.7,1.71
714815,安碁統一69購01,0,,,,
714816,均華統一79購01,0,,,,
714817,崴寶統一6C購01,0,,,,
714818,群聯統一69購03,79000,0.79,0.79,0.79,0.79
714819,茂綸國泰64購01,2314950,1.61,1.61,1.53,1.55
714820,順達國泰64購01,0,,,,
714821,環球晶國泰64購03,126340,2.94,3.07,2.94,3.07
714822,台燿富邦69購01,1668820,1.0,1.11,0.98,0.99
714823,台燿富邦79購01,659390,1.63,1.75,1.59,1.62
714824,沛亨富邦66購01,0,,,,
714825,家登富邦65購01,393820,1.04,1.07,1.04,1.05
714826,家登富邦65購02,448950,0.87,0.88,0.87,0.88
714827,順達富邦64購03,320420,0.88,0.88,0.82,0.82
714828,天品永豐63購01,665670,1.93,2.09,1.93,2.09
714829,世界永豐63購02,263710,3.03,3.19,3.01,3.04
714830,立端永豐63購01,0,,,,
714831,宏碁資永豐64購01,0,,,,
714832,青雲永豐64購02,1280,0.64,0.64,0.64,0.64
714833,宣德永豐64購01,1140,1.14,1.14,1.14,1.14
714834,晶宏永豐63購02,0,,,,
714835,群聯永豐63購11,47900,0.8,0.8,0.79,0.79
714836,穩懋永豐66購02,225120,1.66,1.71,1.6,1.6
714837,中美晶元大64購07,420090,1.82,2.07,1.81,2.02
714838,元太元大63購10,51830,0.82,0.82,0.79,0.79
714839,印能元大63購04,14080,0.88,0.88,0.88,0.88
714840,沛亨元大63購08,4080,1.36,1.36,1.36,1.36
714841,良維元大63購06,44290,2.09,2.2,2.09,2.11
714842,良維元大63購07,52400,2.27,2.38,2.21,2.21
714843,宜鼎元大66購02,129470,1.07,1.07,1.07,1.07
714844,東捷元大65購01,782420,0.96,0.96,0.94,0.96
714845,威剛元大63購17,219970,1.62,1.68,1.62,1.63
714846,家登元大63購03,0,,,,
714847,家登元大64購03,1078030,1.94,2.01,1.94,1.96
714848,晶宏元大63購04,47970,0.5,0.51,0.5,0.51
714849,群聯元大63購34,548910,1.61,1.62,1.6,1.62
714850,群聯元大67購01,35600,1.77,1.79,1.77,1.79
714851,群聯元大68購05,6330,2.11,2.11,2.11,2.11
714852,擎亞元大65購01,66490,1.19,1.19,1.16,1.19
714853,營邦元大63購08,324130,1.7,1.71,1.66,1.71
714854,環球晶元大63購12,334170,2.52,2.76,2.5,2.62
714855,環球晶元大64購05,604490,2.59,2.81,2.57,2.66
714856,環球晶元大65購08,129290,1.88,2.06,1.86,1.98
714857,千附精國票65購02,26260,1.01,1.01,1.01,1.01
714858,巨漢國票64購01,1772280,1.93,1.93,1.88,1.9
714859,印能國票64購02,203000,2.03,2.03,2.03,2.03
714860,印能國票65購02,0,,,,
714861,宜鼎國票65購03,0,,,,
714862,晶呈國票68購01,45010,1.71,1.71,1.62,1.63
714863,M31群益63購03,0,,,,
714864,天品群益63購01,91960,2.42,2.45,2.39,2.45
714865,世界群益63購05,0,,,,
714866,竹陞群益63購03,8100,1.35,1.35,1.35,1.35
714867,威剛群益63購13,206350,1.0,1.02,0.99,0.99
714868,威剛群益63購14,0,,,,
714869,博盛群益63購02,51400,1.51,1.53,1.51,1.53
714870,順達群益63購08,666580,3.43,3.58,3.3,3.34
714871,鈊象群益64購02,0,,,,
714872,新應材群益63購08,8800,1.76,1.76,1.76,1.76
714873,新應材群益63購09,276350,4.45,4.45,4.19,4.19
714874,群聯群益63購16,380790,3.89,3.95,3.85,3.85
714875,頎邦群益64購01,258390,1.74,1.92,1.74,1.92
714876,臺慶科群益64購01,196630,1.62,1.79,1.62,1.72
714877,環球晶群益63購07,111610,3.82,3.82,3.56,3.6
714878,環球晶群益63購08,742150,2.63,2.98,2.63,2.95
714879,天品統一71購01,1316770,0.81,0.82,0.81,0.82
714880,宏碁資統一69購01,0,,,,
714881,茂綸統一79購01,9520,0.68,0.68,0.68,0.68
714882,穩懋統一69購02,101040,1.02,1.02,0.96,0.96
714883,台半群益64購01,1305280,1.91,2.23,1.9,2.16
714884,台燿群益64購01,2810600,2.34,2.71,2.34,2.35
714885,宏捷科群益63購04,746970,1.77,1.94,1.77,1.94
714886,沛亨群益64購02,0,,,,
714887,欣銓群益63購04,656700,3.27,3.46,3.25,3.44
714888,家登群益63購09,176370,2.29,2.4,2.29,2.39
714889,營邦群益64購02,94400,0.84,0.84,0.8,0.8
714890,環球晶群益63購09,1152110,3.23,3.52,3.23,3.52
714891,穩懋群益63購09,35700,5.95,5.95,5.95,5.95
714892,宜鼎中信66購01,19720,0.58,0.58,0.58,0.58
714893,均華永豐64購02,0,,,,
714894,宏捷科永豐63購02,185240,1.55,1.61,1.55,1.61
714895,宏捷科永豐64購02,204150,1.55,1.9,1.55,1.9
714896,良維永豐64購02,92460,2.47,2.47,2.35,2.35
714897,宜鼎永豐63購09,0,,,,
714898,宜鼎永豐64購04,0,,,,
714899,家登永豐63購05,0,,,,
714900,群聯永豐63購12,0,,,,
714901,大綜元大63購01,750260,2.49,2.73,2.49,2.71
714902,台燿元大63購02,422650,1.95,2.04,1.86,1.86
714903,台燿元大63購03,325710,1.72,1.91,1.67,1.67
714904,台燿元大64購06,865000,1.78,2.0,1.73,1.75
714905,台燿元大65購02,530060,1.85,2.09,1.81,1.81
714906,印能元大63購05,4740,1.58,1.58,1.58,1.58
714907,沛亨元大63購09,260800,0.94,0.94,0.88,0.88
714908,宜鼎元大68購01,183660,0.96,0.98,0.95,0.98
714909,威剛元大63購18,1322030,2.16,2.22,2.14,2.17
714910,家登元大63購04,200380,2.28,2.31,2.27,2.27
714911,家登元大64購04,396570,2.08,2.15,2.06,2.13
714912,晶宏元大63購05,71120,0.64,0.65,0.64,0.65
714913,順達元大63購12,273580,1.55,1.59,1.49,1.49
714914,順達元大66購01,372320,1.44,1.52,1.44,1.44
714915,群聯元大63購35,0,,,,
714916,群聯元大67購02,69300,1.54,1.54,1.54,1.54
714917,群聯元大68購06,0,,,,
714918,德微元大63購02,695110,2.5,2.69,2.5,2.69
714919,營邦元大63購09,848260,1.72,1.74,1.69,1.73
714920,環球晶元大68購12,971170,2.15,2.29,2.15,2.26
714921,台半國票66購02,0,,,,
714922,立端國票65購02,0,,,,
714923,茂綸國票66購01,0,,,,
714924,能率亞國票66購01,17200,0.86,0.86,0.86,0.86
714925,翔名國票69購01,589270,0.94,0.98,0.94,0.98
714926,勤凱國票64購01,0,,,,
714927,勤凱國票65購01,101940,3.04,3.16,2.78,2.78
714928,德微國票65購03,10360,1.26,1.33,1.26,1.33
714929,穩懋國票6A購01,6240,2.08,2.08,2.08,2.08
714930,弘塑富邦63購04,23300,1.15,1.18,1.15,1.18
714931,良維富邦64購03,243250,0.87,0.89,0.79,0.79
714932,宜鼎富邦63購05,306140,0.73,0.73,0.7,0.7
714933,環球晶富邦63購02,805580,1.27,1.4,1.27,1.37
714934,順達國泰64購02,14470,1.82,1.82,1.78,1.81
714935,宏碁資台新63購01,152840,1.8,1.94,1.8,1.92
714936,宏碁資台新63購02,0,,,,
714937,東捷台新65購01,0,,,,
714938,高技台新63購02,71380,2.46,2.48,2.4,2.43
714939,創新服台新64購01,4640,1.16,1.16,1.16,1.16
714940,德微台新63購02,98510,2.29,2.32,2.28,2.28
714941,德微台新63購03,159160,1.59,1.79,1.59,1.77
714942,環球晶台新69購01,618750,1.3,1.4,1.3,1.4
714943,穩懋台新69購01,58800,1.47,1.47,1.47,1.47
714944,大綜凱基63購02,137120,3.27,3.32,3.23,3.23
714945,中美晶凱基63購09,388550,3.66,3.99,3.66,3.99
714946,宏捷科凱基63購04,394400,1.85,2.7,1.85,2.5
714947,宏碁資凱基63購01,36360,0.87,0.93,0.87,0.93
714948,沛亨凱基64購02,0,,,,
714949,東捷凱基63購04,0,,,,
714950,茂綸凱基63購02,14420,1.49,1.49,1.39,1.39
714951,晶呈凱基63購02,320640,1.97,1.98,1.83,1.84
714952,群聯凱基65購02,81120,2.91,2.94,2.88,2.88
714953,擎亞凱基64購01,1093120,1.83,1.85,1.78,1.85
714954,環球晶凱基64購05,74180,3.82,3.98,3.82,3.98
714955,台嘉碩台新66購01,107680,3.02,3.23,3.02,3.23
714956,立敦台新63購01,35050,3.46,3.55,3.46,3.55
714957,欣銓台新63購01,1304900,4.92,5.45,4.92,5.25
714958,鈺創台新63購01,417790,1.75,1.77,1.75,1.77
714959,鈺創台新63購02,33900,3.39,3.39,3.39,3.39
714960,鈺創台新63購03,0,,,,
714961,鈺創台新63購04,0,,,,
714962,鈺創台新69購01,296660,0.98,1.02,0.98,1.02
714963,頎邦台新63購04,590550,3.73,4.34,3.73,4.05
714964,霖宏台新63購01,0,,,,
714965,台燿凱基63購06,249170,4.08,4.08,3.44,3.47
714966,印能凱基63購05,1091600,1.97,1.97,1.86,1.91
714967,東捷凱基67購01,0,,,,
714968,威剛凱基63購16,80510,1.64,1.64,1.51,1.51
714969,富喬凱基63購04,99810,2.62,2.97,2.62,2.68
714970,富喬凱基63購05,656040,1.93,2.48,1.93,2.17
714971,富喬凱基63購06,189210,2.06,2.53,2.03,2.25
714972,富喬凱基63購07,809490,1.94,2.42,1.94,2.42
714973,富喬凱基63購09,146060,2.34,2.49,2.2,2.39
714974,富喬凱基63購10,7170,2.39,2.39,2.39,2.39
714975,鈺創凱基63購01,20280,1.45,1.45,1.44,1.44
714976,鈺創凱基63購02,210700,1.5,1.6,1.5,1.54
714977,鈺創凱基63購03,243520,1.8,1.8,1.68,1.7
714978,穩懋凱基63購12,253500,6.5,6.5,6.1,6.1
714979,天品國票64購01,0,,,,
714980,台燿國票65購01,467110,1.53,1.66,1.42,1.44
714981,沛亨國票68購03,0,,,,
714982,原相國票64購01,30200,1.51,1.51,1.51,1.51
714983,創新服國票64購01,20850,1.39,1.39,1.39,1.39
714984,富喬國票64購02,126850,1.57,1.78,1.57,1.61
714985,富喬國票65購02,24900,1.66,1.66,1.66,1.66
714986,華電網國票64購01,0,,,,
714987,鈺創國票65購01,344030,1.23,1.24,1.19,1.23
714988,霖宏國票65購01,0,,,,
714989,台燿元大65購03,552100,2.21,2.41,2.16,2.16
714990,台燿元大68購01,197670,2.06,2.1,1.88,1.88
714991,竹陞元大66購01,0,,,,
714992,均華元大66購02,0,,,,
714993,宜鼎元大68購02,225000,0.9,0.9,0.9,0.9
714994,威剛元大63購19,198690,1.77,1.83,1.77,1.79
714995,風青元大63購01,439430,2.13,2.39,2.13,2.29
714996,富喬元大63購07,265880,0.86,0.97,0.86,0.97
714997,富喬元大63購08,417490,0.82,0.97,0.81,0.9
714998,晶宏元大63購06,6620,0.55,0.57,0.55,0.57
714999,群聯元大63購36,932740,1.3,1.3,1.27,1.27
715000,群聯元大63購37,4760,1.19,1.19,1.19,1.19
715001,群聯元大64購16,409080,1.13,1.14,1.11,1.12
715002,鈺創元大63購01,55350,0.94,0.94,0.93,0.93
715003,鈺創元大63購02,960,0.96,0.96,0.96,0.96
715004,霖宏元大63購01,54000,1.35,1.35,1.35,1.35
715005,擎亞元大66購01,439300,1.27,1.31,1.25,1.31
715006,營邦元大63購10,0,,,,
715007,環球晶元大68購13,246300,2.69,2.85,2.65,2.73
715008,世界永豐63購03,630230,1.4,1.4,1.31,1.31
715009,台嘉碩永豐63購01,152320,1.2,1.23,1.18,1.22
715010,台燿永豐63購06,0,,,,
715011,台燿永豐64購05,122500,3.01,3.18,3.01,3.05
715012,伯特光永豐66購01,0,,,,
715013,東洋永豐64購01,399320,0.67,0.67,0.67,0.67
715014,杰力永豐64購02,22940,0.82,0.82,0.8,0.8
715015,長佳智永豐63購01,0,,,,
715016,昱展永豐64購02,0,,,,
715017,茂綸永豐63購01,0,,,,
715018,博士旺永豐64購01,0,,,,
715019,富喬永豐63購03,189420,1.26,1.47,1.26,1.47
715020,富喬永豐63購04,593380,1.04,1.3,1.03,1.19
715021,富喬永豐63購05,624500,0.98,1.09,0.98,1.09
715022,富喬永豐64購03,581540,1.45,1.74,1.42,1.74
715023,智擎永豐64購01,0,,,,
715024,鈺創永豐63購01,491870,0.99,1.02,0.98,0.99
715025,鈺創永豐63購02,11100,1.01,1.01,1.0,1.0
715026,鈺創永豐63購03,147500,1.02,1.02,0.98,0.98
715027,鈺創永豐63購04,232890,0.97,1.0,0.97,1.0
715028,鈺創永豐64購01,358840,1.56,1.56,1.52,1.56
715029,廣穎永豐63購01,136700,0.82,0.82,0.81,0.82
715030,霖宏永豐63購01,68720,1.02,1.09,1.02,1.08
715031,環球晶永豐63購11,4040,2.02,2.02,2.02,2.02
715032,環球晶永豐63購12,1200750,2.86,3.21,2.86,3.06
715033,台燿中信63購02,517870,1.67,1.73,1.5,1.5
715034,富喬中信64購04,770410,0.74,0.87,0.74,0.87
715035,富喬國泰64購01,1758790,2.23,2.23,2.19,2.19
715036,富喬國泰64購02,86920,2.01,2.31,2.01,2.31
715037,宜鼎富邦63購06,67760,0.44,0.44,0.44,0.44
715038,富喬富邦63購02,432340,0.86,1.07,0.84,1.07
715039,德微富邦63購02,619420,0.79,0.92,0.79,0.92
715040,穩懋富邦66購01,292590,1.2,1.29,1.17,1.18
715041,M31群益63購04,49840,1.78,1.78,1.78,1.78
715042,中美晶群益63購07,356740,4.1,4.45,4.1,4.45
715043,弘塑群益64購02,181170,1.83,1.83,1.83,1.83
715044,印能群益64購01,349750,1.29,1.29,1.22,1.22
715045,欣銓群益63購05,322590,1.55,1.66,1.53,1.66
715046,環球晶群益63購10,3435480,3.06,3.45,3.02,3.22
715047,穩懋群益63購11,1211700,3.25,3.54,3.11,3.11
715048,譜瑞群益63購02,0,,,,
715049,台半統一66購01,321950,0.72,0.77,0.72,0.77
715050,台燿統一79購02,655190,1.01,1.07,0.99,1.0
715051,金山電統一6C購03,151250,0.72,0.72,0.71,0.71
715052,富喬統一68購01,33930,0.66,0.72,0.66,0.72
715053,富喬統一69購01,1289610,0.75,0.84,0.75,0.81
715054,富喬統一6A購02,55620,0.79,0.79,0.78,0.78
715055,富喬統一79購01,922420,0.78,0.85,0.78,0.81
715056,群聯統一6B購02,32250,0.59,0.59,0.58,0.58
715057,鈺創統一68購01,195580,0.71,0.71,0.68,0.68
715058,鈺創統一69購01,692090,0.75,0.75,0.71,0.73
715059,鈺創統一71購01,378480,0.67,0.69,0.67,0.67
715060,鈺創統一79購01,347690,0.61,0.61,0.6,0.6
715061,旺矽台新63購01,217830,2.17,2.17,1.99,1.99
715062,旺矽台新63購02,99350,7.1,7.1,6.4,6.4
715063,旺矽台新63購03,32550,1.55,1.55,1.55,1.55
715064,旺矽台新63購04,251150,4.84,4.84,4.32,4.32
715065,旺矽台新63購05,750,0.75,0.75,0.75,0.75
715066,旺矽台新69購01,37560,1.72,1.72,1.62,1.62
715067,旺矽台新69購02,47570,1.49,1.49,1.41,1.41
715068,群聯台新69購01,0,,,,
715069,群聯台新69購02,4320,1.08,1.08,1.08,1.08
715070,群聯台新69購03,0,,,,
715071,點序台新63購01,86890,2.08,2.55,2.08,2.55
715072,弘塑凱基63購09,379050,2.55,2.57,2.28,2.28
715073,印能凱基63購06,0,,,,
715074,竹陞凱基69購01,10920,0.91,0.91,0.91,0.91
715075,均華凱基63購04,50560,1.04,1.04,1.0,1.04
715076,宜鼎凱基66購02,25760,1.84,1.84,1.84,1.84
715077,旺矽凱基63購03,999150,1.77,1.93,1.7,1.71
715078,旺矽凱基63購04,657860,2.1,2.1,1.95,1.95
715079,旺矽凱基63購05,308760,1.9,1.92,1.76,1.76
715080,旺矽凱基63購06,134040,2.37,2.44,2.33,2.44
715081,旺矽凱基63購07,8850,1.77,1.77,1.77,1.77
715082,旺矽凱基63購08,760910,2.07,2.24,2.02,2.02
715083,旺矽凱基65購01,0,,,,
715084,旺矽凱基65購02,44720,1.72,1.72,1.72,1.72
715085,旺矽凱基65購03,24860,2.26,2.26,2.26,2.26
715086,旺矽凱基67購01,1298370,2.01,2.06,1.87,1.89
715087,旺矽凱基67購02,1348960,2.46,2.54,2.33,2.36
715088,富喬凱基65購02,284940,1.55,1.76,1.55,1.76
715089,群聯凱基68購03,0,,,,
715090,頎邦凱基64購05,1223480,1.22,1.49,1.22,1.39
715091,環球晶凱基63購05,46900,4.69,4.69,4.69,4.69
715092,穩懋凱基63購14,147640,4.25,4.25,3.87,3.87
715093,譜瑞凱基65購03,0,,,,
715094,大綜元大63購02,265340,2.27,2.47,2.27,2.47
715095,天品元大63購01,330480,1.47,1.54,1.45,1.54
715096,竹陞元大64購01,168720,0.74,0.74,0.74,0.74
715097,竹陞元大66購02,0,,,,
715098,沛亨元大64購01,0,,,,
715099,沛亨元大66購01,0,,,,
715100,旺矽元大63購01,290030,1.3,1.32,1.19,1.19
715101,旺矽元大63購02,759370,1.2,1.22,1.12,1.13
715102,旺矽元大63購03,544130,0.97,1.01,0.92,0.92
715103,旺矽元大65購01,290050,1.43,1.43,1.34,1.35
715104,旺矽元大67購01,346570,1.41,1.41,1.36,1.39
715105,旺矽元大68購01,442570,1.57,1.57,1.47,1.47
715106,晶宏元大63購07,47160,0.65,0.66,0.65,0.66
715107,雅特力元大63購06,473040,1.08,1.08,1.08,1.08
715108,群聯元大63購38,0,,,,
715109,群聯元大63購39,61600,1.22,1.24,1.22,1.24
715110,群聯元大66購08,2500,1.25,1.25,1.25,1.25
715111,營邦元大63購11,28750,1.15,1.15,1.15,1.15
715112,環球晶元大63購13,97150,2.78,3.08,2.78,2.88
715113,M31國票66購02,0,,,,
715114,大綜國票65購01,617070,2.31,2.5,2.26,2.47
715115,中美晶國票68購01,27940,1.54,1.6,1.53,1.6
715116,世界國票66購01,0,,,,
715117,安葆國票65購02,0,,,,
715118,宏碁資國票68購01,0,,,,
715119,良維國票69購02,0,,,,
715120,旺矽國票64購01,20940,1.52,1.52,1.43,1.43
715121,旺矽國票65購01,0,,,,
715122,旺矽國票66購01,0,,,,
715123,旺矽國票67購02,73400,1.44,1.51,1.44,1.51
715124,欣銓國票67購01,0,,,,
715125,青雲國票64購02,0,,,,
715126,青雲國票65購02,0,,,,
715127,華景電國票65購03,38450,1.11,1.11,1.09,1.09
715128,聖暉*國票65購04,350940,1.24,1.32,1.18,1.31
715129,頎邦國票6A購01,0,,,,
715130,穩懋國票6C購01,6400,1.28,1.28,1.28,1.28
715131,大綜群益64購01,2041840,2.04,2.23,2.04,2.17
715132,中美晶群益63購08,620820,1.75,2.12,1.75,2.09
715133,台星科群益63購01,289890,2.44,3.49,2.44,3.49
715134,巨漢群益63購01,172290,1.99,2.01,1.99,2.0
715135,安碁群益63購01,0,,,,
715136,竹陞群益63購04,0,,,,
715137,均華群益63購04,70840,0.92,0.92,0.92,0.92
715138,良維群益63購04,145400,1.89,1.89,1.75,1.75
715139,宜鼎群益63購09,0,,,,
715140,旺矽群益63購02,66620,2.04,2.1,1.96,1.96
715141,旺矽群益63購03,4483330,2.19,2.3,2.02,2.06
715142,旺矽群益63購04,1038490,3.23,3.38,3.09,3.13
715143,東捷群益63購04,416580,1.86,1.89,1.77,1.83
715144,南俊群益64購01,235020,1.22,1.25,1.2,1.24
715145,順達群益63購09,20250,1.34,1.37,1.34,1.37
715146,群聯群益63購17,94260,1.51,1.54,1.51,1.54
715147,聖暉*群益63購02,341900,1.85,1.96,1.85,1.96
715148,鈺創群益63購01,627800,1.42,1.47,1.38,1.47
715149,鈺創群益64購01,318700,1.82,1.82,1.74,1.78
715150,頎邦群益63購07,224530,1.05,1.23,1.05,1.21
715151,頎邦群益63購08,110240,1.33,1.34,1.29,1.34
715152,環球晶群益63購11,741650,2.6,2.95,2.6,2.71
715153,順達國泰64購03,58630,1.43,1.43,1.43,1.43
715154,世界富邦66購01,492720,0.85,0.89,0.85,0.87
715155,均華富邦65購02,214530,0.59,0.6,0.52,0.52
715156,旺矽富邦65購01,654470,0.94,0.96,0.89,0.89
715157,旺矽富邦69購01,57250,1.31,1.31,1.22,1.22
715158,昇達科富邦67購01,332410,1.05,1.05,1.01,1.01
715159,原相富邦63購01,0,,,,
715160,富喬富邦6C購01,262290,0.77,0.89,0.76,0.89
715161,新應材富邦69購01,0,,,,
715162,德微富邦63購03,561670,0.86,0.97,0.84,0.96
715163,中美晶統一69購01,519730,0.83,0.92,0.83,0.89
715164,世界統一69購01,80080,0.88,0.88,0.88,0.88
715165,台嘉碩統一69購01,17690,0.77,0.77,0.76,0.76
715166,竹陞統一79購01,14740,0.67,0.67,0.67,0.67
715167,旺矽統一67購01,353070,1.14,1.17,1.09,1.09
715168,旺矽統一67購02,180220,1.47,1.51,1.42,1.42
715169,東捷統一6C購01,0,,,,
715170,欣銓統一6C購02,0,,,,
715171,群聯統一69購04,0,,,,
715172,鈺創統一69購02,142120,0.76,0.76,0.76,0.76
715173,霖宏統一71購01,0,,,,
715174,環球晶統一69購01,117250,0.95,1.03,0.95,1.03
715175,世界中信66購01,654480,1.13,1.16,1.12,1.13
715176,旺矽中信63購01,96800,0.6,0.6,0.54,0.54
715177,順達中信63購01,510140,0.79,0.83,0.73,0.76
715178,群聯中信63購03,16200,0.54,0.54,0.54,0.54
715179,天品永豐66購01,629920,1.28,1.35,1.26,1.35
715180,均華永豐65購01,0,,,,
715181,宏碁資永豐63購02,0,,,,
715182,良維永豐64購03,0,,,,
715183,旺矽永豐63購01,0,,,,
715184,旺矽永豐63購02,9140,0.85,0.85,0.8,0.8
715185,旺矽永豐63購03,18500,0.77,0.77,0.72,0.72
715186,旺矽永豐66購01,77780,1.35,1.35,1.31,1.31
715187,旺矽永豐66購02,0,,,,
715188,旺矽永豐69購01,56000,1.6,1.6,1.6,1.6
715189,昇達科永豐64購01,315610,1.25,1.25,1.19,1.22
715190,欣銓永豐63購02,155760,1.02,1.05,1.02,1.05
715191,倚強永豐63購01,25500,5.1,5.1,5.1,5.1
715192,創新服永豐63購02,0,,,,
715193,富喬永豐65購03,288430,1.07,1.1,1.05,1.1
715194,聖暉*永豐63購03,551310,1.58,1.77,1.57,1.77
715195,頎邦永豐65購03,552670,1.39,1.62,1.39,1.57
715196,穩懋永豐63購09,139570,1.4,1.44,1.29,1.29
715197,台星科台新63購01,283780,2.35,2.88,2.35,2.79
715198,安碁台新63購01,0,,,,
715199,沛亨台新64購01,0,,,,
715200,旺矽台新63購06,66500,2.82,2.82,2.62,2.62
715201,欣銓台新63購03,605460,1.3,1.45,1.29,1.4
715202,欣銓台新63購04,3413960,1.23,1.32,1.18,1.28
715203,威剛台新63購05,33000,0.83,0.83,0.82,0.82
715204,威剛台新63購06,6900,1.38,1.38,1.38,1.38
715205,威剛台新66購03,32890,1.43,1.43,1.43,1.43
715206,宸曜台新66購01,2570,0.86,0.86,0.85,0.85
715207,宸曜台新69購01,0,,,,
715208,富喬台新63購01,754290,1.71,2.13,1.66,2.11
715209,富喬台新63購02,807800,1.68,2.16,1.63,2.01
715210,順達台新65購01,0,,,,
715211,新盛力台新63購01,41600,1.3,1.3,1.3,1.3
715212,新盛力台新66購01,184180,1.1,1.1,1.03,1.03
715213,新盛力台新69購01,18850,1.45,1.45,1.45,1.45
715214,點序台新66購01,50600,1.32,1.47,1.32,1.47
715215,M31凱基65購01,0,,,,
715216,大綜凱基64購01,557100,2.53,2.77,2.49,2.77
715217,中美晶凱基63購10,89360,2.48,2.61,2.48,2.61
715218,世界凱基63購08,306860,2.38,2.48,2.38,2.44
715219,台星科凱基64購01,6820,1.69,1.72,1.69,1.72
715220,均華凱基67購01,70680,1.73,1.73,1.67,1.67
715221,沛亨凱基66購01,0,,,,
715222,良維凱基69購02,32550,2.17,2.17,2.17,2.17
715223,宜鼎凱基66購03,0,,,,
715224,欣銓凱基65購02,42600,0.91,0.92,0.9,0.92
715225,青雲凱基64購02,0,,,,
715226,倚強凱基63購02,99320,3.66,3.69,2.85,2.85
715227,順達凱基63購11,99930,2.11,2.14,1.91,1.91
715228,新盛力凱基63購01,1504700,2.06,2.06,1.89,1.89
715229,新盛力凱基63購02,0,,,,
715230,新盛力凱基63購03,0,,,,
715231,群聯凱基67購02,13490,2.68,2.71,2.68,2.71
715232,聖暉*凱基63購04,1092250,2.63,2.87,2.45,2.87
715233,頎邦凱基63購09,3340,1.67,1.67,1.67,1.67
715234,頎邦凱基63購10,30800,1.38,1.6,1.38,1.6
715235,營邦凱基65購01,851600,1.99,2.04,1.93,2.04
715236,環球晶凱基66購01,594540,3.53,3.55,3.28,3.48
715237,立端國票66購01,0,,,,
715238,東捷國票65購01,12500,1.25,1.25,1.25,1.25
715239,家登國票64購03,178740,1.68,1.72,1.65,1.69
715240,高僑國票65購02,0,,,,
715241,博盛國票68購01,0,,,,
715242,順達國票69購01,11100,1.11,1.11,1.11,1.11
715243,新盛力國票64購01,369140,2.12,2.12,2.08,2.09
715244,新盛力國票65購01,0,,,,
715245,群聯國票68購02,0,,,,
715246,磐亞國票64購01,30250,1.21,1.21,1.21,1.21
715247,聰泰國票65購01,21500,0.62,0.62,0.61,0.61
715248,中美晶永豐63購02,61400,3.07,3.07,3.07,3.07
715249,世界永豐63購04,354060,2.48,2.56,2.46,2.46
715250,富喬永豐64購04,441540,0.89,1.1,0.88,1.1
715251,華景電永豐64購01,135830,1.84,1.92,1.84,1.84
715252,新盛力永豐63購02,22240,1.39,1.39,1.39,1.39
715253,新盛力永豐64購01,43280,1.64,1.64,1.54,1.54
715254,新盛力永豐65購01,40250,1.61,1.61,1.61,1.61
715255,新應材永豐66購03,72720,1.51,1.52,1.51,1.52
715256,頎邦永豐66購02,207180,1.38,1.53,1.36,1.53
715257,旺矽中信63購02,235950,0.8,0.83,0.7,0.72
715258,環球晶中信63購02,231240,1.25,1.29,1.25,1.29
715259,千附精元大65購01,218400,1.27,1.36,1.27,1.36
715260,天品元大63購02,145850,1.46,1.51,1.43,1.5
715261,竹陞元大63購04,20350,0.98,0.98,0.95,0.97
715262,竹陞元大64購02,2820,0.94,0.94,0.94,0.94
715263,竹陞元大67購01,0,,,,
715264,宏碁資元大63購01,0,,,,
715265,宜鼎元大63購17,288360,0.81,0.81,0.81,0.81
715266,宜鼎元大63購18,301700,0.64,0.66,0.63,0.63
715267,旺矽元大65購02,390960,1.77,1.81,1.68,1.68
715268,旺矽元大67購02,299290,1.51,1.55,1.45,1.55
715269,旺矽元大68購02,114840,1.41,1.41,1.37,1.38
715270,東捷元大63購05,0,,,,
715271,東捷元大63購06,579880,0.98,1.0,0.98,1.0
715272,東捷元大63購07,152880,0.91,0.91,0.91,0.91
715273,東捷元大66購01,123120,0.57,0.57,0.57,0.57
715274,威剛元大67購03,389620,1.23,1.26,1.23,1.23
715275,倚強元大63購01,0,,,,
715276,富喬元大63購10,175680,1.02,1.04,1.02,1.04
715277,富喬元大63購11,2851960,0.88,1.11,0.87,0.98
715278,富喬元大63購12,296510,0.67,0.85,0.67,0.74
715279,富喬元大64購07,481620,0.73,0.77,0.73,0.77
715280,新盛力元大69購01,1128010,1.66,1.67,1.6,1.6
715281,群聯元大63購40,0,,,,
715282,群聯元大66購09,37820,0.62,0.62,0.62,0.62
715283,雷科元大66購01,1780,1.78,1.78,1.78,1.78
715284,雷科元大69購01,0,,,,
715285,鈺創元大63購03,77660,1.07,1.08,1.05,1.08
715286,鈺創元大63購04,95160,0.67,0.68,0.67,0.67
715287,磐亞元大63購01,2610390,2.75,2.83,2.59,2.64
715288,環球晶元大63購14,520980,2.57,2.84,2.57,2.84
715289,宜鼎群益63購10,19550,1.24,1.24,1.19,1.19
715290,宜鼎群益63購11,0,,,,
715291,旺矽群益65購01,117460,0.99,1.03,0.93,0.93
715292,宣德群益63購01,0,,,,
715293,倚強群益63購02,699080,5.05,5.05,3.61,4.09
715294,高僑群益63購01,0,,,,
715295,新盛力群益63購02,957190,1.49,1.51,1.49,1.5
715296,新盛力群益63購03,544340,1.65,1.65,1.59,1.61
715297,群聯群益63購18,0,,,,
715298,頎邦群益63購10,1085800,3.42,3.93,3.42,3.83
715299,環球晶群益64購02,23200,2.32,2.32,2.32,2.32
715300,中美晶國泰64購02,73800,1.8,1.89,1.8,1.89
715301,宜鼎國泰64購01,0,,,,
715302,旺矽國泰64購01,349460,1.15,1.22,1.12,1.12
715303,新盛力國泰64購01,1301590,2.1,2.1,1.95,1.96
715304,新盛力國泰64購02,187700,1.68,1.68,1.57,1.57
715305,德微國泰64購02,87920,1.87,1.9,1.87,1.9
715306,旺矽富邦66購01,475620,1.05,1.05,1.0,1.01
715307,創新服富邦64購01,14970,0.63,0.63,0.6,0.6
715308,鈊象富邦66購02,0,,,,
715309,新盛力富邦65購01,490660,0.94,0.94,0.9,0.9
715310,新盛力富邦66購01,139140,0.74,0.75,0.72,0.72
715311,頎邦富邦63購04,39380,0.56,0.56,0.51,0.51
715312,旺矽統一63購07,202730,1.13,1.16,1.12,1.15
715313,東捷統一79購01,0,,,,
715314,欣銓統一65購05,0,,,,
715315,欣銓統一69購02,26500,0.53,0.53,0.53,0.53
715316,富喬統一6C購03,456140,0.61,0.68,0.61,0.65
715317,富喬統一6C購04,29750,0.85,0.85,0.85,0.85
715318,新盛力統一67購02,33560,0.81,0.81,0.79,0.79
715319,新盛力統一69購02,274080,0.78,0.78,0.77,0.77
715320,新盛力統一71購01,0,,,,
715321,新盛力統一79購01,153120,0.88,0.88,0.88,0.88
715322,鈺創統一6C購01,126400,0.58,0.58,0.57,0.57
715323,頎邦統一6C購02,335000,0.55,0.59,0.55,0.58
715324,M31台新63購02,44160,1.84,1.84,1.84,1.84
715325,中美晶台新63購04,23240,1.66,1.66,1.66,1.66
715326,天品台新63購01,104040,2.24,2.26,2.19,2.26
715327,天品台新65購01,302920,2.28,2.35,2.26,2.35
715328,世界台新63購03,177360,2.87,3.02,2.82,2.82
715329,世界台新63購04,398680,2.43,2.64,2.38,2.38
715330,光焱台新64購01,340870,1.09,1.09,1.05,1.06
715331,安葆台新65購01,0,,,,
715332,安葆台新65購02,10600,2.12,2.12,2.12,2.12
715333,旺矽台新63購07,86450,4.55,4.55,4.55,4.55
715334,旺矽台新63購08,177700,2.92,3.17,2.92,3.17
715335,南俊台新63購03,129740,1.28,1.31,1.24,1.25
715336,倚強台新65購01,0,,,,
715337,富喬台新63購05,2250960,1.45,1.85,1.43,1.65
715338,富喬台新63購06,456810,1.51,1.95,1.47,1.81
715339,順達台新66購01,0,,,,
715340,新盛力台新63購02,333760,3.37,3.41,3.13,3.13
715341,萬泰科台新63購01,69490,2.43,2.43,2.37,2.37
715342,雷科台新63購01,31200,2.08,2.08,2.08,2.08
715343,頎邦台新63購06,390900,2.45,2.98,2.45,2.77
715344,環球晶台新64購03,678300,16.8,18.5,16.7,18.5
715345,環球晶台新64購04,618100,11.5,12.5,11.5,12.1
715346,M31凱基63購05,74660,1.66,1.66,1.55,1.55
715347,光頡凱基63購04,173040,4.0,4.0,3.62,3.75
715348,光頡凱基66購01,344020,2.79,2.83,2.78,2.78
715349,安葆凱基63購02,0,,,,
715350,宜鼎凱基64購04,0,,,,
715351,旺矽凱基65購04,235000,2.71,2.75,2.53,2.53
715352,金山電凱基63購03,666300,1.67,1.93,1.67,1.87
715353,金山電凱基63購04,648520,1.89,2.22,1.89,2.09
715354,威剛凱基66購01,13760,1.72,1.72,1.72,1.72
715355,倚強凱基63購03,47780,2.26,2.26,1.92,1.92
715356,博智凱基63購07,49470,1.31,1.31,1.3,1.3
715357,富喬凱基65購03,884430,1.82,2.04,1.82,1.85
715358,富喬凱基67購01,89030,1.83,2.07,1.73,2.07
715359,群聯凱基63購23,12400,0.62,0.62,0.62,0.62
715360,群聯凱基69購02,19250,1.75,1.75,1.75,1.75
715361,頎邦凱基63購11,488390,3.71,4.32,3.71,4.07
715362,德微凱基63購03,189500,2.03,2.32,2.03,2.32
715363,環球晶凱基64購06,558400,2.05,2.25,2.05,2.17
715364,M31國票69購01,0,,,,
715365,台星科國票66購01,19410,1.4,1.45,1.29,1.45
715366,安葆國票6A購01,0,,,,
715367,茂綸國票6A購01,0,,,,
715368,富喬康和63購01,0,,,,
715369,天品元大63購03,225440,1.23,1.3,1.23,1.3
715370,光頡元大65購01,26240,2.0,2.08,2.0,2.08
715371,光頡元大66購01,109280,1.92,1.96,1.86,1.86
715372,光頡元大69購01,112080,1.01,1.03,1.01,1.03
715373,旺矽元大63購05,156510,1.44,1.47,1.35,1.37
715374,旺矽元大63購06,478520,2.29,2.29,2.09,2.16
715375,旺矽元大63購07,266000,1.76,1.84,1.72,1.84
715376,東捷元大63購08,228020,1.28,1.29,1.25,1.29
715377,東捷元大63購09,171410,1.07,1.07,1.05,1.05
715378,東捷元大63購10,410270,0.95,0.95,0.91,0.94
715379,東捷元大66購02,421610,0.59,0.59,0.58,0.58
715380,欣銓元大63購06,685870,1.3,1.37,1.3,1.34
715381,欣銓元大65購02,957530,0.91,0.98,0.91,0.97
715382,欣銓元大66購01,487300,0.5,0.54,0.5,0.54
715383,倚強元大63購02,0,,,,
715384,富喬元大63購13,1141920,1.08,1.22,1.08,1.21
715385,富喬元大63購14,733760,1.01,1.01,0.93,1.01
715386,晶呈元大63購02,244060,1.13,1.13,1.02,1.02
715387,群聯元大63購41,0,,,,
715388,群聯元大63購42,0,,,,
715389,群聯元大63購43,0,,,,
715390,環球晶元大63購15,1620360,1.06,1.17,1.05,1.1
715391,光頡中信63購02,1390500,1.07,1.18,1.06,1.1
715392,欣銓中信66購01,0,,,,
715393,高技中信63購01,485000,0.77,0.8,0.76,0.8
715394,環球晶中信64購01,1980560,1.15,1.28,1.14,1.22
715395,M31永豐64購02,0,,,,
715396,世界永豐66購02,479860,2.38,2.54,2.38,2.43
715397,旺矽永豐67購01,45980,1.21,1.21,1.21,1.21
715398,旺矽永豐67購02,69010,1.07,1.07,0.98,0.98
715399,欣銓永豐63購03,277460,1.04,1.12,1.04,1.1
715400,倚強永豐63購02,1390,1.39,1.39,1.39,1.39
715401,新盛力永豐66購01,488690,1.12,1.14,1.11,1.11
715402,碩禾永豐64購01,117260,0.64,0.66,0.63,0.66
715403,光頡國泰64購03,62230,2.96,3.03,2.96,3.03
715404,易發國泰64購01,36580,1.31,1.31,1.29,1.29
715405,威剛國泰64購01,0,,,,
715406,胡連國泰64購01,19490,1.08,1.09,1.08,1.08
715407,東捷富邦64購01,261140,0.64,0.66,0.64,0.65
715408,欣銓富邦63購02,78920,0.32,0.34,0.32,0.34
715409,群聯富邦65購09,250060,0.64,0.64,0.63,0.63
715410,群聯富邦66購03,6700,0.67,0.67,0.67,0.67
715411,頎邦富邦65購03,374570,0.7,0.78,0.7,0.76
715412,頎邦富邦66購02,564710,0.61,0.75,0.61,0.7
715413,環球晶富邦63購03,269450,0.98,1.1,0.98,1.09
715414,M31統一79購01,0,,,,
715415,光頡統一69購02,517820,1.04,1.07,1.03,1.07
715416,光頡統一79購02,0,,,,
715417,光頡統一79購03,0,,,,
715418,安葆統一74購02,334330,0.67,0.67,0.67,0.67
715419,均華統一6C購02,95000,0.63,0.64,0.63,0.64
715420,亞信統一6C購01,0,,,,
715421,昇達科統一69購01,524660,1.05,1.05,0.98,1.01
715422,欣銓統一69購03,27500,0.55,0.55,0.55,0.55
715423,金山電統一79購02,1309090,0.77,0.82,0.77,0.82
715424,茂迪統一67購03,0,,,,
715425,高僑統一6C購01,0,,,,
715426,新盛力統一6B購01,157100,0.7,0.71,0.7,0.7
715427,頎邦統一79購01,354430,0.59,0.64,0.58,0.62
715428,M31群益63購05,1012320,1.14,1.14,1.14,1.14
715429,中美晶群益63購09,1029220,2.35,2.89,2.35,2.79
715430,世界群益63購07,470190,1.35,1.45,1.32,1.36
715431,台特化群益6A購01,125590,0.94,0.94,0.9,0.91
715432,弘塑群益63購07,8050,1.06,1.06,0.98,0.98
715433,光頡群益66購02,111770,2.49,2.58,2.47,2.58
715434,光頡群益69購01,1008680,3.65,3.69,3.6,3.69
715435,均豪群益63購02,34400,1.38,1.38,1.36,1.36
715436,旺矽群益68購01,69530,1.13,1.18,1.1,1.18
715437,朋程群益65購01,4320,2.16,2.16,2.16,2.16
715438,欣銓群益66購01,0,,,,
715439,欣銓群益67購01,0,,,,
715440,倚強群益65購02,0,,,,
715441,順達群益64購01,114660,1.35,1.35,1.29,1.29
715442,新盛力群益66購01,893540,1.85,1.9,1.85,1.9
715443,新盛力群益69購01,253940,3.45,3.51,3.45,3.51
715444,新應材群益67購01,0,,,,
715445,群聯群益63購19,0,,,,
715446,頎邦群益63購11,225950,1.87,2.18,1.87,2.09
715447,德微群益63購02,2124620,2.78,3.1,2.78,3.08
715448,營邦群益65購02,25160,0.74,0.74,0.74,0.74
715449,M31凱基66購01,0,,,,
715450,台星科凱基65購01,39000,1.95,1.95,1.95,1.95
715451,光頡凱基63購05,911830,2.23,2.4,2.23,2.33
715452,安葆凱基63購03,0,,,,
715453,宜鼎凱基65購03,0,,,,
715454,宜鼎凱基69購01,0,,,,
715455,高技凱基64購01,268630,1.94,1.94,1.87,1.94
715456,富喬凱基65購04,484110,1.63,1.86,1.63,1.86
715457,順達凱基63購12,36800,1.84,1.84,1.84,1.84
715458,順達凱基66購02,47460,1.86,1.86,1.68,1.68
715459,新盛力凱基63購04,0,,,,
715460,聖暉*凱基68購01,167030,2.04,2.31,2.04,2.31
715461,德微凱基63購04,67740,1.74,2.08,1.74,2.07
715462,環球晶凱基65購01,0,,,,
715463,環球晶凱基69購03,40140,1.77,1.83,1.77,1.83
715464,光頡中信67購01,0,,,,
715465,旺矽中信63購03,253640,0.69,0.69,0.63,0.64
715466,環球晶中信63購03,464240,1.98,2.19,1.93,2.19
715467,九暘永豐64購02,0,,,,
715468,川寶永豐64購01,0,,,,
715469,安葆永豐64購03,15960,1.33,1.33,1.33,1.33
715470,威剛永豐63購04,187820,1.34,1.36,1.34,1.35
715471,威剛永豐64購04,41710,0.97,0.97,0.97,0.97
715472,龍巖永豐63購01,15800,1.14,1.14,1.12,1.12
715473,川寶台新63購01,4320,0.54,0.54,0.54,0.54
715474,川寶台新63購02,118260,0.46,0.47,0.46,0.47
715475,安葆台新63購02,0,,,,
715476,博智台新63購01,0,,,,
715477,博智台新64購01,73090,1.09,1.17,1.09,1.17
715478,富喬台新66購01,517580,2.3,2.64,2.15,2.5
715479,廣閎科台新63購02,0,,,,
715480,德微台新64購02,0,,,,
715481,M31元大63購04,0,,,,
715482,M31元大63購05,1590,1.59,1.59,1.59,1.59
715483,M31元大65購02,0,,,,
715484,M31元大69購01,0,,,,
715485,世界元大63購10,160520,1.27,1.31,1.25,1.25
715486,印能元大63購06,96960,1.72,1.72,1.7,1.7
715487,均華元大63購08,269040,0.76,0.76,0.76,0.76
715488,旺矽元大63購08,331870,1.82,1.91,1.78,1.9
715489,旺矽元大63購09,374910,0.89,0.89,0.81,0.88
715490,欣銓元大65購03,1129090,1.27,1.37,1.27,1.36
715491,建榮元大63購02,379440,0.73,0.82,0.73,0.82
715492,茂綸元大66購01,37020,0.74,0.76,0.74,0.76
715493,高技元大63購11,116160,1.76,1.76,1.76,1.76
715494,富喬元大63購15,135270,0.64,0.75,0.63,0.75
715495,富喬元大63購16,0,,,,
715496,新盛力元大63購01,59720,2.12,2.16,2.12,2.12
715497,新盛力元大67購01,78310,1.66,1.67,1.58,1.58
715498,新盛力元大69購02,55990,1.55,1.55,1.51,1.51
715499,群聯元大69購03,0,,,,
715500,環球晶元大63購16,1002550,1.24,1.37,1.23,1.29
715501,環球晶元大63購17,710430,1.43,1.47,1.37,1.43
715502,環球晶元大66購06,612090,1.45,1.56,1.43,1.52
715503,環球晶元大67購05,643140,1.14,1.24,1.14,1.23
715504,川寶國票65購03,0,,,,
715505,光頡國票64購02,130220,1.85,1.89,1.85,1.89
715506,安葆國票67購01,0,,,,
715507,宜鼎國票6A購01,0,,,,
715508,昇達科國票66購01,331000,2.24,2.24,2.06,2.06
715509,創泓國票63購02,0,,,,
715510,富喬國票64購03,2900,1.45,1.45,1.45,1.45
715511,雷科國票65購02,0,,,,
715512,廣閎科國票66購01,0,,,,
715513,德微國票66購01,4700,0.94,0.94,0.94,0.94
715514,環球晶國票64購05,119800,3.01,3.01,2.95,2.95
715515,環球晶國票65購02,1748290,3.26,3.62,3.26,3.41
715516,光頡群益66購03,179880,2.32,2.34,2.32,2.34
715517,宜鼎群益64購02,17380,1.58,1.58,1.58,1.58
715518,旺矽群益64購01,147500,0.78,0.83,0.75,0.75
715519,南俊群益65購01,98140,2.84,2.84,2.78,2.78
715520,威剛群益68購01,3300,0.55,0.55,0.55,0.55
715521,新盛力群益66購02,451180,1.83,1.84,1.81,1.81
715522,群聯群益63購20,7020,1.74,1.76,1.74,1.76
715523,德微群益64購01,5280,0.88,0.88,0.88,0.88
715524,環球晶群益64購03,1247080,3.47,3.85,3.47,3.63
715525,光頡國泰64購04,113640,1.83,1.83,1.76,1.83
715526,宏捷科國泰64購02,60900,2.75,2.78,2.75,2.78
715527,旺矽國泰64購02,189680,1.0,1.07,0.97,0.97
715528,博智國泰64購01,0,,,,
715529,富喬國泰64購03,50100,1.67,1.67,1.67,1.67
715530,富喬國泰64購04,4120460,1.33,1.68,1.33,1.5
715531,M31統一79購02,0,,,,
715532,台星科統一69購01,174000,0.87,0.87,0.87,0.87
715533,光頡統一69購03,0,,,,
715534,光頡統一69購04,55600,1.09,1.1,1.09,1.1
715535,宜鼎統一68購01,0,,,,
715536,金山電統一6C購04,364700,0.7,0.7,0.7,0.7
715537,環球晶統一6C購02,553330,1.02,1.09,1.01,1.05
715538,M31富邦65購03,0,,,,
715539,M31富邦66購01,0,,,,
715540,印能富邦65購03,74020,0.67,0.68,0.67,0.68
715541,印能富邦66購01,147520,0.55,0.57,0.55,0.55
715542,宜鼎富邦69購01,23940,0.63,0.63,0.63,0.63
715543,順達富邦66購01,176390,0.79,0.82,0.78,0.78
715544,鈊象富邦65購02,30360,0.92,0.92,0.92,0.92
715545,M31台新63購03,0,,,,
715546,天品台新63購02,39680,1.24,1.24,1.24,1.24
715547,安葆台新63購03,0,,,,
715548,倚強台新63購02,322500,2.15,2.15,2.15,2.15
715549,鈊象台新63購02,0,,,,
715550,雷科台新65購01,29510,2.27,2.27,2.27,2.27
715551,M31凱基63購06,21400,1.48,1.48,1.38,1.38
715552,川寶凱基65購01,0,,,,
715553,天品凱基63購02,373900,1.47,1.55,1.47,1.55
715554,尼克森凱基63購01,0,,,,
715555,光頡凱基63購06,511820,1.83,1.98,1.83,1.98
715556,光頡凱基65購02,533170,2.3,2.3,2.18,2.27
715557,光頡凱基65購03,89880,2.3,2.39,2.3,2.39
715558,宏捷科凱基63購05,174850,2.15,2.73,2.15,2.73
715559,宏捷科凱基66購01,161730,1.98,2.52,1.98,2.52
715560,宜鼎凱基63購15,40960,1.48,1.48,1.45,1.45
715561,昇達科凱基65購01,235100,2.12,2.12,2.05,2.05
715562,昇達科凱基66購01,124780,2.78,2.78,2.58,2.64
715563,威剛凱基63購17,780630,2.27,2.36,2.17,2.29
715564,威剛凱基63購18,0,,,,
715565,威剛凱基66購02,0,,,,
715566,新盛力凱基66購01,0,,,,
715567,新盛力凱基66購02,0,,,,
715568,群聯凱基63購24,13490,1.49,1.53,1.49,1.53
715569,群聯凱基63購25,2900,1.45,1.45,1.45,1.45
715570,群聯凱基63購26,8620,1.71,1.73,1.71,1.73
715571,群聯凱基65購03,9500,1.88,1.91,1.88,1.91
715572,群聯凱基65購04,7820,1.94,1.96,1.94,1.96
715573,雷科凱基69購01,0,,,,
715574,鈺太凱基63購02,0,,,,
715575,M31元大63購06,0,,,,
715576,M31元大63購07,0,,,,
715577,M31元大63購09,0,,,,
715578,M31元大65購03,0,,,,
715579,M31元大65購04,0,,,,
715580,大綜元大63購03,230550,2.41,2.59,2.41,2.59
715581,光頡元大63購08,76880,0.8,0.81,0.8,0.81
715582,安葆元大63購01,137950,0.85,0.85,0.79,0.83
715583,安葆元大63購02,161560,1.02,1.02,0.8,0.86
715584,安葆元大63購03,0,,,,
715585,安葆元大65購01,12200,0.61,0.61,0.61,0.61
715586,旺矽元大63購10,284940,2.73,2.8,2.66,2.8
715587,旺矽元大63購11,215600,2.37,2.37,2.32,2.36
715588,旺矽元大63購12,149080,0.89,0.89,0.86,0.86
715589,茂綸元大66購02,16600,0.88,0.88,0.78,0.78
715590,倚強元大63購03,0,,,,
715591,富喬元大69購01,306110,0.76,0.83,0.76,0.79
715592,新盛力元大63購02,161340,1.62,1.62,1.58,1.58
715593,群聯元大69購04,0,,,,
715594,雷科元大63購04,175100,1.69,1.71,1.66,1.71
715595,雷科元大63購05,5100,1.7,1.7,1.7,1.7
715596,雷科元大63購06,21280,1.78,1.78,1.74,1.74
715597,雷科元大65購01,10440,1.74,1.74,1.74,1.74
715598,雷科元大68購01,71400,1.02,1.02,1.02,1.02
715599,雷科元大68購02,188130,0.97,0.97,0.96,0.97
715600,廣閎科元大66購01,0,,,,
715601,德微元大63購03,146230,1.89,2.11,1.89,2.1
715602,德微元大65購01,202450,1.8,1.93,1.8,1.93
715603,德微元大66購01,591710,1.55,1.69,1.55,1.66
715604,宏捷科中信63購02,426120,1.26,1.61,1.25,1.61
715605,旺矽中信68購01,441620,1.31,1.35,1.26,1.35
715606,鈊象中信68購01,0,,,,
715607,川寶國泰65購01,0,,,,
715608,友威科國泰65購01,32220,1.17,1.17,1.11,1.11
715609,東捷國泰65購01,0,,,,
715610,M31永豐65購02,34500,1.5,1.5,1.5,1.5
715611,大江永豐65購01,40000,0.8,0.8,0.8,0.8
715612,中美晶永豐65購03,277930,1.79,1.92,1.79,1.91
715613,尼克森永豐65購01,0,,,,
715614,安葆永豐65購02,278920,0.94,0.96,0.91,0.93
715615,沛亨永豐63購05,0,,,,
715616,奇鈦科永豐63購01,0,,,,
715617,旺矽永豐63購05,129300,0.99,1.01,0.99,0.99
715618,東聯互永豐69購01,0,,,,
715619,勤凱永豐63購01,0,,,,
715620,勤凱永豐65購02,115500,2.31,2.31,2.31,2.31
715621,新復興永豐65購01,0,,,,
715622,M31統一7A購01,0,,,,
715623,九暘統一71購01,0,,,,
715624,大綜統一69購01,552450,0.8,0.85,0.8,0.85
715625,大綜統一71購01,0,,,,
715626,川寶統一7A購01,0,,,,
715627,光頡統一6B購01,319200,0.76,0.76,0.76,0.76
715628,光頡統一7A購01,271870,0.77,0.79,0.77,0.79
715629,安葆統一71購01,0,,,,
715630,安葆統一7A購01,0,,,,
715631,宜鼎統一7A購01,0,,,,
715632,金山電統一75購01,2876670,0.73,0.74,0.72,0.72
715633,金山電統一7A購01,13490,0.71,0.71,0.71,0.71
715634,碩禾統一71購01,9000,0.45,0.45,0.45,0.45
715635,碩禾統一7A購01,0,,,,
715636,德微統一68購01,66000,0.66,0.66,0.66,0.66
715637,M31國票71購01,17600,0.88,0.88,0.88,0.88
715638,雷科國票68購01,0,,,,
715639,雷科國票69購01,12050,2.41,2.41,2.41,2.41
715640,M31群益65購01,0,,,,
715641,光頡群益65購03,52930,1.99,1.99,1.91,1.91
715642,印能群益65購02,0,,,,
715643,印能群益66購01,555920,2.02,2.02,1.97,1.98
715644,宜鼎群益63購12,0,,,,
715645,旺矽群益65購02,65920,1.19,1.19,1.12,1.12
715646,旺矽群益65購03,338490,1.55,1.58,1.44,1.44
715647,昇達科群益63購01,8050,1.61,1.61,1.61,1.61
715648,昇達科群益63購02,308810,1.87,1.91,1.74,1.74
715649,昇達科群益65購01,386200,2.15,2.19,2.02,2.1
715650,昇達科群益65購02,299300,2.29,2.33,2.17,2.17
715651,倚強群益68購01,0,,,,
715652,順達群益63購10,79110,1.91,2.01,1.91,1.97
715653,鈊象群益63購05,0,,,,
715654,雷科群益63購03,25000,3.05,3.17,3.05,3.17
715655,雷科群益65購01,85220,2.04,2.04,1.98,1.98
715656,德微群益65購01,102840,1.84,1.89,1.77,1.77
715657,擎亞群益65購02,49950,1.92,1.93,1.92,1.93
715658,台星科富邦65購01,109440,1.24,1.43,1.24,1.43
715659,宏捷科富邦65購02,0,,,,
715660,沛亨富邦66購02,6200,0.42,0.42,0.4,0.4
715661,昇達科富邦63購01,436700,1.11,1.11,1.04,1.04
715662,東捷富邦65購02,14600,0.72,0.74,0.72,0.74
715663,威剛富邦69購01,24940,0.58,0.58,0.58,0.58
715664,威剛富邦75購01,152610,0.87,0.88,0.87,0.87
715665,富喬富邦66購02,280850,0.8,0.95,0.8,0.91
715666,新盛力富邦65購02,460900,0.84,0.84,0.8,0.8
715667,營邦富邦66購03,43660,0.79,0.79,0.77,0.77
715668,譜瑞富邦65購02,10050,0.67,0.67,0.67,0.67
715669,光頡台新64購01,284730,2.59,2.67,2.46,2.61
715670,光頡台新64購02,239540,2.63,2.8,2.51,2.75
715671,系統電台新64購01,0,,,,
715672,東捷台新64購01,0,,,,
715673,欣銓台新6A購01,460970,2.41,2.6,2.41,2.53
715674,是方台新6A購01,0,,,,
715675,富喬台新64購01,0,,,,
715676,晶呈台新64購01,276740,1.66,1.67,1.54,1.54
715677,陽程台新64購01,0,,,,
715678,陽程台新64購02,120450,2.38,2.38,2.2,2.21
715679,陽程台新64購03,1504820,2.2,2.2,1.94,1.97
715680,新應材台新65購01,0,,,,
715681,瑞耘台新64購01,161780,1.12,1.19,1.12,1.19
715682,廣積台新64購01,0,,,,
715683,廣積台新64購02,0,,,,
715684,九暘國票64購01,0,,,,
715685,中美晶國票64購04,0,,,,
715686,世禾國票64購01,13720,1.05,1.07,1.04,1.07
715687,世界國票64購02,19500,1.5,1.5,1.5,1.5
715688,台特化國票6A購01,0,,,,
715689,竹陞國票64購02,1100,0.55,0.55,0.55,0.55
715690,竹陞國票6A購01,0,,,,
715691,系統電國票64購02,0,,,,
715692,旺矽國票64購03,14800,1.48,1.48,1.48,1.48
715693,竑騰國票64購02,0,,,,
715694,竑騰國票65購01,159100,1.78,1.9,1.78,1.9
715695,倚強國票65購01,18100,1.81,1.81,1.81,1.81
715696,倚強國票66購01,3920,1.96,1.96,1.96,1.96
715697,鈺太國票64購02,0,,,,
715698,碩禾國票64購02,18910,0.49,0.49,0.48,0.48
715699,碩禾國票66購01,0,,,,
715700,穩懋國票64購02,26180,1.87,1.87,1.87,1.87
715701,友威科元大64購01,0,,,,
715702,台特化元大64購02,0,,,,
715703,台特化元大64購03,0,,,,
715704,台特化元大64購04,0,,,,
715705,光頡元大64購01,138030,1.75,1.75,1.73,1.73
715706,光頡元大64購02,0,,,,
715707,光頡元大67購01,15900,1.59,1.59,1.59,1.59
715708,光頡元大68購01,143480,0.84,0.86,0.84,0.86
715709,光頡元大69購02,76560,0.87,0.87,0.87,0.87
715710,系微元大64購01,0,,,,
715711,旺矽元大64購01,288750,1.25,1.25,1.23,1.23
715712,旺矽元大64購02,1073560,1.54,1.54,1.4,1.43
715713,旺矽元大64購03,505630,1.69,1.75,1.61,1.61
715714,旺矽元大65購03,657710,1.18,1.24,1.13,1.13
715715,昇達科元大64購01,9780,1.63,1.63,1.63,1.63
715716,昇達科元大66購01,150920,1.67,1.7,1.67,1.69
715717,昇達科元大67購01,491590,0.92,0.94,0.85,0.85
715718,東捷元大64購01,0,,,,
715719,東捷元大64購02,0,,,,
715720,東捷元大66購03,0,,,,
715721,欣銓元大64購02,635100,1.76,1.85,1.73,1.85
715722,欣銓元大64購03,48910,0.67,0.67,0.67,0.67
715723,欣銓元大64購04,78450,0.69,0.72,0.69,0.72
715724,竑騰元大64購01,20420,1.48,1.48,1.45,1.45
715725,竑騰元大64購02,0,,,,
715726,倚強元大64購01,0,,,,
715727,倚強元大64購02,0,,,,
715728,倚強元大66購01,0,,,,
715729,倚強元大67購01,0,,,,
715730,富喬元大6A購01,181890,1.44,1.62,1.43,1.55
715731,陽程元大64購04,0,,,,
715732,陽程元大64購05,65470,0.97,1.01,0.93,0.93
715733,陽程元大64購06,5200,0.65,0.65,0.65,0.65
715734,陽程元大67購01,660,0.66,0.66,0.66,0.66
715735,新盛力元大64購02,165670,1.79,1.79,1.75,1.75
715736,新盛力元大64購03,39150,0.87,0.87,0.87,0.87
715737,新盛力元大67購02,76210,0.78,0.8,0.76,0.76
715738,群翊元大64購01,6000,2.0,2.0,2.0,2.0
715739,群聯元大64購17,0,,,,
715740,鈺太元大64購01,0,,,,
715741,鈺創元大64購01,144500,1.15,1.19,1.15,1.16
715742,博智中信66購01,108480,0.93,0.96,0.93,0.96
715743,穩懋中信65購02,496400,1.0,1.1,0.97,0.99
715744,台特化永豐64購01,74980,1.21,1.21,1.19,1.19
715745,弘塑永豐65購01,80220,1.46,1.46,1.26,1.26
715746,正基永豐64購01,0,,,,
715747,正淩永豐64購01,9520,0.68,0.68,0.68,0.68
715748,光頡永豐64購02,193650,1.76,1.76,1.63,1.71
715749,光頡永豐65購01,0,,,,
715750,光頡永豐66購01,0,,,,
715751,利機永豐66購01,0,,,,
715752,系統電永豐64購03,10900,2.18,2.18,2.18,2.18
715753,東捷永豐64購04,0,,,,
715754,東捷永豐64購05,0,,,,
715755,東捷永豐65購03,0,,,,
715756,東捷永豐67購02,0,,,,
715757,東捷永豐6A購01,0,,,,
715758,竑騰永豐65購01,138250,1.23,1.25,1.23,1.25
715759,竑騰永豐66購01,221780,1.14,1.22,1.14,1.22
715760,竑騰永豐67購01,110600,1.65,1.7,1.65,1.7
715761,倚強永豐67購01,0,,,,
715762,高僑永豐65購01,0,,,,
715763,博磊永豐65購01,0,,,,
715764,陽程永豐64購01,0,,,,
715765,陽程永豐64購02,3990,1.03,1.03,0.93,0.93
715766,順達永豐64購04,60950,0.7,0.7,0.66,0.66
715767,新盛力永豐65購02,0,,,,
715768,德微永豐64購02,65920,1.03,1.03,1.03,1.03
715769,穩懋永豐64購03,14650,2.93,2.93,2.93,2.93
715770,穩懋永豐67購01,26920,2.81,2.81,2.62,2.62
715771,九暘群益64購01,0,,,,
715772,九暘群益65購01,0,,,,
715773,中美晶群益64購03,663460,2.71,3.13,2.71,3.13
715774,元債20群益64購01,0,,,,
715775,世界群益64購01,298760,1.5,1.58,1.45,1.47
715776,台特化群益64購01,155630,2.43,2.43,2.32,2.36
715777,均華群益64購03,0,,,,
715778,宜鼎群益64購03,0,,,,
715779,威剛群益64購02,44500,0.99,0.99,0.98,0.98
715780,竑騰群益66購01,38910,0.72,0.75,0.72,0.75
715781,倚強群益64購02,0,,,,
715782,陽程群益65購01,45950,1.39,1.39,1.28,1.28
715783,陽程群益66購01,0,,,,
715784,鈊象群益64購03,0,,,,
715785,新盛力群益65購01,54740,1.61,1.61,1.61,1.61
715786,新應材群益67購02,8110,0.69,0.69,0.65,0.65
715787,群聯群益67購04,0,,,,
715788,穩懋群益64購05,1710,1.71,1.71,1.71,1.71
715789,九暘國泰65購01,0,,,,
715790,尼克森國泰65購01,6240,2.08,2.08,2.08,2.08
715791,倚強國泰65購01,907250,1.55,1.6,1.25,1.26
715792,陽程國泰65購01,0,,,,
715793,陽程國泰65購02,0,,,,
715794,新應材富邦67購01,760,0.76,0.76,0.76,0.76
715795,群聯富邦66購04,0,,,,
715796,川寶統一7A購02,0,,,,
715797,尼克森統一71購01,13800,0.69,0.69,0.69,0.69
715798,光頡統一75購01,15690,0.67,0.69,0.67,0.68
715799,印能統一6A購01,13760,0.86,0.86,0.86,0.86
715800,宜鼎統一7A購02,0,,,,
715801,昱展統一7A購01,0,,,,
715802,陽程統一6A購01,0,,,,
715803,陽程統一6A購02,0,,,,
715804,陽程統一71購01,0,,,,
715805,陽程統一72購01,158810,0.61,0.61,0.59,0.59
715806,陽程統一7A購01,372520,0.67,0.67,0.67,0.67
715807,新盛力統一6A購01,19000,0.76,0.76,0.76,0.76
715808,新應材統一7A購01,0,,,,
715809,德微統一75購02,67000,0.67,0.67,0.67,0.67
715810,九暘凱基64購01,0,,,,
715811,奇鈦科凱基64購01,28770,1.16,1.16,1.11,1.12
715812,旺矽凱基64購01,179730,2.45,2.6,2.39,2.39
715813,竑騰凱基64購01,96120,1.78,1.78,1.78,1.78
715814,竑騰凱基64購02,171890,1.77,1.96,1.77,1.96
715815,竑騰凱基64購03,340700,1.77,2.01,1.77,1.88
715816,竑騰凱基64購04,209460,2.23,2.36,2.23,2.36
715817,倚強凱基64購01,10400,2.08,2.08,2.08,2.08
715818,高僑凱基66購01,0,,,,
715819,晶呈凱基64購01,95360,1.86,1.86,1.82,1.82
715820,陽程凱基64購01,0,,,,
715821,陽程凱基64購02,115370,1.48,1.48,1.34,1.34
715822,陽程凱基64購03,43500,1.45,1.45,1.45,1.45
715823,陽程凱基66購01,16020,1.78,1.78,1.78,1.78
715824,陽程凱基66購02,48720,1.68,1.68,1.68,1.68
715825,鈊象凱基64購05,0,,,,
715826,新復興凱基64購01,5240,1.32,1.32,1.3,1.3
715827,新應材凱基64購03,0,,,,
715828,群聯凱基64購11,4790,1.59,1.6,1.59,1.6
715829,群聯凱基65購05,7060,1.75,1.77,1.75,1.77
715830,群聯凱基65購06,7220,1.79,1.81,1.79,1.81
715831,群聯凱基65購07,8850,1.76,1.78,1.76,1.78
715832,穩懋凱基64購01,356200,3.55,3.55,3.42,3.42
715833,穩懋凱基6A購01,42400,5.3,5.3,5.3,5.3
715834,正淩國票6A購01,0,,,,
715835,邑錡國票64購02,0,,,,
715836,松上國票6C購01,0,,,,
715837,長佳智國票6C購01,36210,0.71,0.71,0.71,0.71
715838,威潤國票6C購01,0,,,,
715839,美琪瑪國票66購01,0,,,,
715840,富喬國票64購04,8746230,1.4,1.82,1.38,1.56
715841,富喬國票64購05,408040,1.28,1.63,1.27,1.45
715842,晶呈國票6A購01,0,,,,
715843,新盛力國票64購02,351110,1.99,1.99,1.83,1.83
715844,新盛力國票64購03,230990,1.79,1.8,1.75,1.8
715845,萬潤國票67購01,0,,,,
715846,萬潤國票69購01,0,,,,
715847,鈺創國票64購01,0,,,,
715848,穩懋國票69購02,2320,1.16,1.16,1.16,1.16
715849,天品元大64購01,54670,1.04,1.08,1.04,1.07
715850,世界元大64購10,41920,1.28,1.29,1.26,1.29
715851,竹陞元大64購03,0,,,,
715852,竹陞元大69購03,15300,1.02,1.02,1.02,1.02
715853,宏捷科元大64購01,219550,1.01,1.3,1.01,1.3
715854,宏捷科元大64購02,16020,1.11,1.38,1.11,1.38
715855,沛亨元大68購01,0,,,,
715856,旺矽元大64購04,239100,3.39,3.39,3.2,3.32
715857,旺矽元大64購05,359970,2.71,2.76,2.62,2.76
715858,旺矽元大64購06,94350,1.17,1.23,1.17,1.23
715859,旺矽元大64購07,202710,1.17,1.19,1.13,1.19
715860,易發元大64購01,0,,,,
715861,欣銓元大64購05,192500,1.54,1.54,1.54,1.54
715862,欣銓元大64購06,1300,0.65,0.65,0.65,0.65
715863,青雲元大67購01,0,,,,
715864,風青元大64購01,298350,1.71,1.76,1.7,1.76
715865,竑騰元大67購01,7820,1.11,1.14,1.11,1.14
715866,創泓元大64購01,0,,,,
715867,創新服元大64購01,54630,1.0,1.0,0.95,0.95
715868,富強鑫元大64購01,0,,,,
715869,富喬元大64購08,2674620,1.17,1.41,1.17,1.3
715870,鈊象元大64購06,0,,,,
715871,勤凱元大64購01,0,,,,
715872,新盛力元大64購04,52100,1.73,1.77,1.72,1.72
715873,新盛力元大64購05,0,,,,
715874,新盛力元大64購06,3800,0.76,0.76,0.76,0.76
715875,新盛力元大67購03,192280,0.68,0.68,0.66,0.66
715876,新應材元大64購03,0,,,,
715877,新應材元大64購04,0,,,,
715878,萬潤元大64購01,404490,1.4,1.44,1.37,1.37
715879,萬潤元大67購01,456240,1.57,1.6,1.51,1.54
715880,萬潤元大68購01,510020,1.54,1.56,1.52,1.54
715881,萬潤元大69購01,67680,1.07,1.08,1.04,1.08
715882,萬潤元大6A購01,727220,1.11,1.12,1.09,1.1
715883,群聯元大64購18,0,,,,
715884,鈺創元大64購02,1090,1.09,1.09,1.09,1.09
715885,正淩台新64購01,10640,1.33,1.33,1.33,1.33
715886,正淩台新67購01,0,,,,
715887,同致台新67購01,66690,1.71,1.71,1.71,1.71
715888,沛亨台新64購02,0,,,,
715889,沛亨台新64購03,0,,,,
715890,東浦台新64購01,0,,,,
715891,東浦台新64購02,0,,,,
715892,博磊台新64購01,0,,,,
715893,晶呈台新64購02,0,,,,
715894,瑞耘台新64購02,26560,0.83,0.83,0.83,0.83
715895,點序台新64購01,44820,1.35,1.44,1.35,1.44
715896,穩懋台新64購01,0,,,,
715897,穩懋台新64購02,162270,2.03,2.2,1.93,1.98
715898,穩懋台新64購03,0,,,,
715899,穩懋台新64購04,125570,5.45,5.45,4.86,4.86
715900,中美晶凱基64購06,157290,2.85,3.05,2.84,3.04
715901,中美晶凱基64購07,40270,2.35,2.39,2.35,2.39
715902,中美晶凱基64購08,100060,2.58,2.84,2.58,2.84
715903,中美晶凱基64購09,741960,1.17,1.35,1.17,1.35
715904,台特化凱基6A購01,53870,2.48,2.48,2.38,2.38
715905,利機凱基64購01,0,,,,
715906,均華凱基67購02,30880,1.93,1.93,1.93,1.93
715907,宏捷科凱基68購01,162420,2.13,2.69,2.13,2.69
715908,系統電凱基64購04,0,,,,
715909,宜鼎凱基64購05,31220,1.38,1.38,1.34,1.34
715910,昇達科凱基65購02,63540,2.5,2.5,2.34,2.42
715911,東捷凱基64購02,0,,,,
715912,富喬凱基66購01,0,,,,
715913,順達凱基66購03,76660,2.19,2.28,2.15,2.28
715914,新盛力凱基66購03,0,,,,
715915,萬潤凱基64購01,650190,2.92,3.03,2.72,2.81
715916,萬潤凱基64購02,815590,2.69,2.8,2.53,2.66
715917,萬潤凱基64購03,294160,2.53,2.61,2.39,2.39
715918,萬潤凱基64購04,5280,2.64,2.64,2.64,2.64
715919,萬潤凱基66購01,201450,2.78,2.78,2.62,2.62
715920,萬潤凱基66購02,348120,3.07,3.17,3.02,3.15
715921,萬潤凱基66購03,9930,3.31,3.31,3.31,3.31
715922,群翊凱基64購01,0,,,,
715923,鈺太凱基64購01,0,,,,
715924,碩禾凱基64購01,13750,1.06,1.06,1.05,1.05
715925,碩禾凱基65購01,0,,,,
715926,穩懋凱基64購02,81300,2.88,3.0,2.78,2.78
715927,宜鼎中信6A購01,0,,,,
715928,順達中信64購01,19840,0.62,0.62,0.62,0.62
715929,萬潤中信6A購01,558330,0.82,0.83,0.77,0.79
715930,群聯中信66購02,0,,,,
715931,穩懋中信6A購01,0,,,,
715932,中美晶永豐64購06,0,,,,
715933,邑錡永豐65購01,0,,,,
715934,奇鈦科永豐67購01,0,,,,
715935,昇達科永豐64購02,6000,2.0,2.0,2.0,2.0
715936,東浦永豐65購01,0,,,,
715937,家碩永豐64購01,0,,,,
715938,泰藝永豐67購01,28400,2.03,2.06,1.99,1.99
715939,晶呈永豐67購01,36340,1.41,1.41,1.39,1.39
715940,順達永豐65購01,0,,,,
715941,萬潤永豐64購02,1788320,2.42,2.43,2.31,2.39
715942,萬潤永豐65購02,26100,1.74,1.74,1.74,1.74
715943,萬潤永豐66購02,11900,2.38,2.38,2.38,2.38
715944,萬潤永豐67購01,0,,,,
715945,萬潤永豐68購02,0,,,,
715946,群聯永豐64購13,0,,,,
715947,群聯永豐66購02,0,,,,
715948,群聯永豐67購05,0,,,,
715949,綠界*永豐67購01,0,,,,
715950,擎亞永豐64購03,77300,1.93,2.01,1.92,2.01
715951,穩懋永豐65購02,0,,,,
715952,華景電國泰65購01,35710,1.55,1.56,1.55,1.55
715953,順達國泰65購01,920890,1.95,2.13,1.95,1.96
715954,萬潤國泰65購01,186980,2.87,2.98,2.87,2.87
715955,萬潤國泰65購02,2184770,2.88,2.92,2.81,2.92
715956,群翊國泰65購01,0,,,,
715957,元太群益64購01,90470,1.15,1.15,1.1,1.1
715958,同致群益6A購01,0,,,,
715959,系統電群益66購01,77020,1.81,1.81,1.76,1.81
715960,東浦群益64購01,4900,0.98,0.98,0.98,0.98
715961,陽程群益64購01,49360,1.45,1.48,1.45,1.45
715962,順達群益64購02,19200,1.27,1.3,1.27,1.3
715963,新盛力群益65購02,49220,1.42,1.42,1.39,1.39
715964,萬潤群益64購01,172410,1.13,1.21,1.12,1.16
715965,群聯群益67購05,0,,,,
715966,漢科群益64購01,0,,,,
715967,台半富邦65購02,59630,0.89,0.89,0.89,0.89
715968,旺矽富邦64購03,370180,0.94,0.99,0.94,0.98
715969,萬潤富邦66購01,183620,1.15,1.15,1.09,1.11
715970,萬潤富邦66購02,90070,1.01,1.03,0.95,0.95
715971,萬潤富邦67購01,256140,0.94,0.98,0.9,0.9
715972,碩禾富邦64購01,0,,,,
715973,穩懋富邦67購02,74390,1.16,1.16,1.06,1.07
715974,川寶統一7A購03,0,,,,
715975,世界統一7A購01,40920,0.66,0.66,0.66,0.66
715976,台特化統一6A購01,1420,0.71,0.71,0.71,0.71
715977,台特化統一7A購01,32500,0.65,0.65,0.65,0.65
715978,宸曜統一7A購01,0,,,,
715979,博智統一7A購01,0,,,,
715980,晶呈統一7A購01,125430,0.65,0.65,0.62,0.62
715981,陽程統一68購02,0,,,,
715982,陽程統一7A購02,660,0.66,0.66,0.66,0.66
715983,萬潤統一68購01,783340,1.05,1.08,1.02,1.02
715984,萬潤統一69購01,91140,0.98,0.98,0.98,0.98
715985,萬潤統一71購01,38190,0.73,0.73,0.72,0.72
715986,萬潤統一74購01,301430,0.74,0.75,0.74,0.74
715987,萬潤統一7A購01,1542320,0.99,1.02,0.98,0.99
715988,穩懋統一7A購01,92500,0.76,0.76,0.74,0.75
715989,均華台新65購01,0,,,,
715990,旺矽台新64購01,0,,,,
715991,旺矽台新64購02,143600,10.8,11.3,10.7,10.7
715992,旺矽台新64購03,25950,2.38,2.38,2.15,2.15
715993,旺矽台新64購04,0,,,,
715994,旺矽台新65購01,0,,,,
715995,美琪瑪台新64購01,0,,,,
715996,美琪瑪台新64購02,3800,1.9,1.9,1.9,1.9
715997,創威台新64購01,64890,1.03,1.03,1.03,1.03
715998,博大台新64購01,0,,,,
715999,勤凱台新64購01,0,,,,
716000,漢測台新64購01,326500,1.05,1.07,1.04,1.07
716001,漢測台新64購02,0,,,,
716002,點序台新64購02,57680,1.12,1.2,1.12,1.2
716003,大綜凱基64購02,329000,2.15,2.24,2.15,2.24
716004,川寶凱基65購02,0,,,,
716005,友威科凱基65購01,0,,,,
716006,台特化凱基64購01,0,,,,
716007,台嘉碩凱基64購01,60200,1.72,1.72,1.72,1.72
716008,正淩凱基66購01,0,,,,
716009,光焱凱基65購01,0,,,,
716010,印能凱基65購03,606000,2.02,2.02,2.02,2.02
716011,旺矽凱基64購02,13490,2.84,2.84,2.66,2.66
716012,易發凱基64購01,0,,,,
716013,茂迪凱基64購01,0,,,,
716014,博智凱基64購01,7470,2.49,2.49,2.49,2.49
716015,富強鑫凱基64購01,0,,,,
716016,陽程凱基64購04,0,,,,
716017,順達凱基68購01,0,,,,
716018,勤凱凱基64購01,0,,,,
716019,瑞耘凱基64購01,18240,0.76,0.76,0.76,0.76
716020,群聯凱基6A購01,15250,3.05,3.05,3.05,3.05
716021,聖暉*凱基64購01,208640,1.33,1.43,1.33,1.43
716022,頎邦凱基65購03,63320,2.3,2.41,2.3,2.41
716023,頎邦凱基6A購01,183720,3.09,3.3,3.09,3.3
716024,漢科凱基64購01,59780,1.22,1.22,1.22,1.22
716025,漢測凱基64購01,418660,1.95,2.3,1.95,2.29
716026,漢測凱基64購02,941230,1.92,2.21,1.92,2.15
716027,漢測凱基64購03,590750,1.6,1.87,1.6,1.86
716028,德微凱基64購01,59070,1.79,1.79,1.79,1.79
716029,擎亞凱基65購01,5250,1.75,1.75,1.75,1.75
716030,穩懋凱基64購03,62300,3.18,3.21,2.94,2.94
716031,均華中信66購01,0,,,,
716032,頎邦中信64購01,215780,0.63,0.73,0.63,0.69
716033,大綜永豐64購01,0,,,,
716034,友威科永豐64購01,712530,1.17,1.17,1.17,1.17
716035,友威科永豐65購01,0,,,,
716036,友威科永豐66購01,0,,,,
716037,弘塑永豐64購03,241340,1.61,1.61,1.43,1.43
716038,同致永豐64購01,30060,0.6,0.62,0.6,0.62
716039,合一永豐64購01,44710,1.29,1.29,1.25,1.25
716040,合一永豐64購02,0,,,,
716041,合一永豐64購03,42900,1.43,1.43,1.43,1.43
716042,宏捷科永豐65購01,73390,1.79,1.79,1.79,1.79
716043,易發永豐65購01,0,,,,
716044,易發永豐66購01,0,,,,
716045,金山電永豐64購01,542020,0.76,0.87,0.76,0.86
716046,茂迪永豐64購02,0,,,,
716047,晟田永豐64購01,0,,,,
716048,晟田永豐65購01,1030,1.03,1.03,1.03,1.03
716049,富強鑫永豐64購01,0,,,,
716050,順達永豐64購05,0,,,,
716051,順達永豐65購02,36390,0.88,0.88,0.84,0.84
716052,鈊象永豐64購02,0,,,,
716053,瑞耘永豐64購01,218210,0.89,0.99,0.89,0.99
716054,群聯永豐64購14,0,,,,
716055,群聯永豐67購06,0,,,,
716056,漢測永豐64購01,70150,1.02,1.05,1.02,1.04
716057,漢測永豐64購02,78850,0.88,0.88,0.85,0.88
716058,漢測永豐64購03,205630,1.43,1.47,1.43,1.47
716059,漢測永豐64購04,56000,1.12,1.12,1.12,1.12
716060,擎邦永豐64購01,74050,0.98,1.04,0.98,1.04
716061,東典光國泰65購01,70470,1.85,1.87,1.79,1.79
716062,東捷國泰65購02,0,,,,
716063,創威國泰65購01,0,,,,
716064,中美晶富邦64購01,79000,0.79,0.87,0.79,0.87
716065,印能富邦66購02,0,,,,
716066,宜鼎富邦64購02,122310,0.74,0.75,0.71,0.71
716067,欣銓富邦67購01,59850,0.63,0.63,0.63,0.63
716068,陽程富邦64購01,0,,,,
716069,鈊象富邦66購03,0,,,,
716070,頎邦富邦66購03,146250,0.77,0.82,0.77,0.82
716071,漢測富邦66購01,793140,0.72,0.86,0.72,0.85
716072,漢測富邦67購01,859770,0.79,0.88,0.79,0.84
716073,中美晶統一6A購01,37530,0.69,0.71,0.69,0.71
716074,中美晶統一7A購01,11470,0.71,0.72,0.71,0.72
716075,友威科統一6C購01,0,,,,
716076,友威科統一71購01,0,,,,
716077,光焱統一71購01,0,,,,
716078,合一統一75購01,201100,0.68,0.68,0.67,0.67
716079,系統電統一68購01,0,,,,
716080,東捷統一6A購02,0,,,,
716081,欣銓統一7A購01,34300,0.61,0.62,0.6,0.62
716082,華宏統一7A購01,259480,0.52,0.52,0.52,0.52
716083,瑞耘統一7A購01,1228340,0.53,0.55,0.53,0.54
716084,瑞耘統一7A購02,149910,0.57,0.57,0.57,0.57
716085,擎邦統一6A購01,16470,0.61,0.61,0.61,0.61
716086,擎邦統一6C購01,0,,,,
716087,擎邦統一7A購01,27000,0.54,0.54,0.54,0.54
716088,穩懋統一6A購01,109700,0.81,0.81,0.75,0.75
716089,穩懋統一7A購02,0,,,,
716090,中美晶群益64購04,0,,,,
716091,友威科群益64購01,0,,,,
716092,天品群益66購01,0,,,,
716093,世界群益64購02,26420,2.26,2.26,2.12,2.12
716094,加高群益64購01,0,,,,
716095,正淩群益64購01,0,,,,
716096,立敦群益65購01,0,,,,
716097,印能群益64購02,0,,,,
716098,印能群益64購03,489600,1.45,1.45,1.43,1.44
716099,均華群益64購04,0,,,,
716100,沛亨群益64購03,0,,,,
716101,良維群益64購02,0,,,,
716102,宜鼎群益64購04,16560,1.38,1.38,1.38,1.38
716103,宜鼎群益64購05,18200,1.4,1.4,1.4,1.4
716104,旺矽群益64購02,0,,,,
716105,易發群益64購01,0,,,,
716106,昇達科群益64購01,741800,2.97,2.97,2.69,2.72
716107,竑騰群益68購01,95880,2.78,2.86,2.78,2.86
716108,華宏群益64購01,0,,,,
716109,華宏群益64購02,0,,,,
716110,陽程群益64購02,0,,,,
716111,陽程群益64購03,49200,1.64,1.64,1.64,1.64
716112,順達群益67購01,2190,0.73,0.73,0.73,0.73
716113,瑞耘群益64購01,0,,,,
716114,群聯群益65購04,0,,,,
716115,群聯群益65購05,0,,,,
716116,群聯群益66購01,0,,,,
716117,臺慶科群益64購02,29100,1.94,1.94,1.94,1.94
716118,德微群益64購02,0,,,,
716119,營邦群益64購03,0,,,,
716120,穩懋群益64購07,142750,1.68,1.68,1.57,1.57
716121,迅德國票6C購01,0,,,,
716122,佳邦國票66購01,4850,0.97,0.97,0.97,0.97
716123,協易機國票68購01,0,,,,
716124,昇達科國票65購02,205120,2.32,2.32,2.17,2.2
716125,東研國票65購01,23000,1.15,1.15,1.15,1.15
716126,捷流國票6C購01,0,,,,
716127,創威國票65購01,272500,0.88,0.88,0.78,0.78
716128,富致國票6C購01,0,,,,
716129,華宏國票66購01,0,,,,
716130,瑞耘國票6A購01,0,,,,
716131,聖暉*國票69購01,0,,,,
716132,漢測國票64購01,735920,0.97,1.04,0.97,1.04
716133,漢測國票66購01,41800,2.09,2.09,2.09,2.09
716134,漢測國票67購01,18600,0.93,0.93,0.93,0.93
716135,漢測國票6A購01,11400,2.28,2.28,2.28,2.28
716136,德微國票6A購01,0,,,,
716137,撼訊國票69購01,0,,,,
716138,應廣國票65購01,2062940,3.31,3.31,2.46,2.92
716139,九暘元大64購01,0,,,,
716140,川寶元大64購01,0,,,,
716141,川寶元大64購02,0,,,,
716142,川寶元大64購03,0,,,,
716143,中美晶元大64購08,0,,,,
716144,中美晶元大67購03,9700,1.94,1.94,1.94,1.94
716145,印能元大64購03,6160,1.54,1.54,1.54,1.54
716146,印能元大64購04,0,,,,
716147,印能元大64購05,0,,,,
716148,印能元大64購06,0,,,,
716149,均華元大64購06,0,,,,
716150,宜鼎元大64購08,0,,,,
716151,宜鼎元大64購09,25600,0.86,0.86,0.84,0.84
716152,宜鼎元大65購05,0,,,,
716153,東捷元大64購03,0,,,,
716154,欣銓元大64購07,30200,1.51,1.51,1.51,1.51
716155,欣銓元大64購08,55690,2.23,2.23,2.2,2.23
716156,茂迪元大64購01,0,,,,
716157,茂迪元大64購02,0,,,,
716158,竑騰元大67購02,4080,1.36,1.36,1.36,1.36
716159,富喬元大64購09,11790,1.31,1.31,1.31,1.31
716160,華宏元大64購01,0,,,,
716161,華宏元大64購02,0,,,,
716162,順達元大64購12,20020,1.43,1.43,1.43,1.43
716163,順達元大64購13,19920,1.66,1.66,1.66,1.66
716164,順達元大64購14,0,,,,
716165,鈊象元大64購07,0,,,,
716166,勤凱元大64購02,0,,,,
716167,群聯元大64購19,0,,,,
716168,群聯元大64購20,0,,,,
716169,漢測元大64購01,713070,1.04,1.12,1.04,1.1
716170,漢測元大64購02,813370,0.87,0.96,0.87,0.95
716171,漢測元大66購01,979380,1.01,1.1,1.01,1.1
716172,大綜台新64購01,1828500,1.55,1.67,1.55,1.66
716173,中美晶台新64購01,0,,,,
716174,台半台新64購02,0,,,,
716175,台嘉碩台新64購01,95500,1.91,1.91,1.91,1.91
716176,系統電台新64購02,0,,,,
716177,金山電台新64購01,0,,,,
716178,金山電台新64購02,0,,,,
716179,博智台新64購02,0,,,,
716180,華容台新64購01,0,,,,
716181,閎康台新64購01,0,,,,
716182,閎康台新64購02,0,,,,
716183,勤凱台新64購02,20670,2.07,2.07,1.86,1.86
716184,聖暉*台新64購01,0,,,,
716185,聖暉*台新64購02,0,,,,
716186,臺慶科台新64購01,0,,,,
716187,臺慶科台新64購02,0,,,,
716188,穩懋台新64購05,176200,1.72,1.72,1.59,1.59
716189,穩懋台新64購06,0,,,,
716190,大綜元大64購01,0,,,,
716191,中美晶元大64購09,0,,,,
716192,中美晶元大67購04,0,,,,
716193,天品元大64購02,0,,,,
716194,世界元大64購11,0,,,,
716195,均華元大64購07,0,,,,
716196,系統電元大64購02,0,,,,
716197,系統電元大64購03,0,,,,
716198,系統電元大64購04,0,,,,
716199,宜鼎元大6A購01,0,,,,
716200,昇達科元大64購02,0,,,,
716201,昇達科元大64購03,21500,1.42,1.46,1.42,1.46
716202,欣銓元大64購09,16410,1.77,1.87,1.77,1.84
716203,威剛元大64購07,36020,1.71,1.72,1.71,1.72
716204,威剛元大64購08,0,,,,
716205,茂綸元大64購02,2260,1.16,1.16,1.1,1.1
716206,茂綸元大66購03,0,,,,
716207,華容元大64購01,0,,,,
716208,華容元大64購02,0,,,,
716209,華容元大64購03,0,,,,
716210,鈊象元大64購08,14280,1.79,1.79,1.78,1.78
716211,群聯元大64購21,0,,,,
716212,群聯元大64購22,0,,,,
716213,鈺創元大64購03,0,,,,
716214,大中群益64購01,3360,1.12,1.12,1.12,1.12
716215,大中群益64購02,0,,,,
716216,大綜群益64購02,38400,1.54,1.54,1.53,1.53
716217,大綜群益65購01,330000,1.65,1.65,1.65,1.65
716218,天品群益64購01,0,,,,
716219,宏捷科群益64購02,0,,,,
716220,系統電群益64購02,20100,1.34,1.34,1.34,1.34
716221,宜鼎群益64購06,0,,,,
716222,欣銓群益64購01,4650,1.55,1.55,1.55,1.55
716223,捷創群益64購01,0,,,,
716224,凱崴群益64購01,0,,,,
716225,翔名群益64購01,0,,,,
716226,華容群益64購01,48000,1.5,1.5,1.5,1.5
716227,華容群益64購02,3660,1.22,1.22,1.22,1.22
716228,順達群益64購03,0,,,,
716229,頎邦群益66購01,292680,0.89,1.04,0.89,1.02
716230,營邦群益64購04,27600,2.76,2.76,2.76,2.76
716231,穩懋群益64購08,0,,,,
716232,九暘凱基64購02,6900,0.69,0.69,0.69,0.69
716233,中美晶凱基64購10,0,,,,
716234,中美晶凱基65購01,0,,,,
716235,天品凱基64購01,0,,,,
716236,世界凱基66購03,0,,,,
716237,台特化凱基64購02,0,,,,
716238,正淩凱基64購01,0,,,,
716239,印能凱基64購04,0,,,,
716240,印能凱基64購05,0,,,,
716241,均華凱基67購03,0,,,,
716242,良維凱基67購02,0,,,,
716243,佳邦凱基64購01,22600,1.16,1.16,1.1,1.1
716244,宜鼎凱基65購04,0,,,,
716245,昇達科凱基64購01,0,,,,
716246,東捷凱基64購03,0,,,,
716247,欣銓凱基66購01,59100,2.24,2.41,2.24,2.38
716248,茂綸凱基67購01,0,,,,
716249,富喬凱基6A購01,527640,2.52,2.78,2.5,2.54
716250,華宏凱基64購01,5000,1.0,1.0,1.0,1.0
716251,華宏凱基65購01,5800,1.16,1.16,1.16,1.16
716252,華容凱基64購01,0,,,,
716253,勤凱凱基64購02,0,,,,
716254,臺慶科凱基64購02,0,,,,
716255,營邦凱基6A購01,0,,,,
716256,穩懋凱基64購04,0,,,,
716257,穩懋凱基65購04,0,,,,
716258,穩懋凱基66購02,0,,,,
716259,穩懋凱基66購03,0,,,,
716260,穩懋凱基71購01,17400,1.75,1.75,1.73,1.73
716261,千如國票6A購01,21310,0.91,0.91,0.87,0.88
716262,大綜國票64購02,2414800,2.14,2.31,2.14,2.31
716263,合一國票68購01,0,,,,
716264,風青國票67購02,0,,,,
716265,原相國票66購01,0,,,,
716266,翔名國票67購01,0,,,,
716267,華容國票66購01,0,,,,
716268,華容國票68購01,0,,,,
716269,新鼎國票6A購01,3960,0.66,0.66,0.66,0.66
716270,擎邦國票68購01,6030,0.67,0.67,0.67,0.67
716271,穩懋國票6C購02,0,,,,
716272,中美晶中信68購01,7280,0.6,0.64,0.6,0.64
716273,穩懋中信68購04,25400,0.63,0.68,0.61,0.61
716274,千如永豐64購01,2500,1.25,1.25,1.25,1.25
716275,天品永豐67購01,0,,,,
716276,世界永豐64購03,0,,,,
716277,世界永豐64購04,0,,,,
716278,竹陞永豐67購01,1320,0.66,0.66,0.66,0.66
716279,宜鼎永豐65購04,0,,,,
716280,威剛永豐65購02,0,,,,
716281,翔名永豐65購02,0,,,,
716282,華容永豐64購02,0,,,,
716283,華容永豐65購01,0,,,,
716284,華容永豐66購01,1550,1.55,1.55,1.55,1.55
716285,陽程永豐64購03,0,,,,
716286,鉅橡永豐65購01,0,,,,
716287,頎邦永豐65購04,0,,,,
716288,穩懋永豐64購05,0,,,,
716289,鑫科永豐65購01,0,,,,
716290,大綜統一7A購01,0,,,,
716291,天品統一6A購01,0,,,,
716292,台特化統一6A購02,0,,,,
716293,合一統一7A購01,0,,,,
716294,合一統一7A購02,0,,,,
716295,均豪統一69購01,0,,,,
716296,南俊統一7A購01,0,,,,
716297,富強鑫統一6A購01,0,,,,
716298,華宏統一7A購02,0,,,,
716299,瑞耘統一6A購01,6300,0.63,0.63,0.63,0.63
716300,頎邦統一6A購02,0,,,,
716301,德微統一7A購01,0,,,,
716302,擎邦統一7A購02,30000,0.6,0.6,0.6,0.6
716303,穩懋統一74購01,9560,0.61,0.61,0.57,0.57
716304,世界國泰65購01,0,,,,
716305,台嘉碩國泰65購01,17380,1.74,1.74,1.73,1.73
716306,均豪國泰66購01,0,,,,
716307,欣銓國泰65購01,24150,1.61,1.61,1.61,1.61
716308,華容國泰65購01,0,,,,
716309,漢測國泰65購01,9750,1.95,1.95,1.95,1.95
716310,漢測國泰65購02,181040,1.64,1.71,1.64,1.69
716311,大綜富邦64購01,0,,,,
716312,元太富邦65購03,0,,,,
716313,台半富邦66購02,1900,0.95,0.95,0.95,0.95
716314,台半富邦67購01,0,,,,
716315,系統電富邦65購01,0,,,,
716316,昇達科富邦64購01,3300,0.81,0.84,0.81,0.84
716317,威剛富邦64購03,0,,,,
716318,威剛富邦66購02,0,,,,
716319,竑騰富邦66購01,0,,,,
716320,家登富邦67購01,0,,,,
716321,富喬富邦6A購01,860,0.86,0.86,0.86,0.86
716322,德微富邦64購01,0,,,,
716323,穩懋富邦65購03,44500,0.89,0.89,0.89,0.89
72414U,振曜群益5A售01,0,,,,
72479U,擎亞群益5B售01,0,,,,
72485U,信驊群益5B售01,0,,,,
72501U,雙鴻中信5B售02,0,,,,
72523U,新應材群益5B售01,0,,,,
72572U,精測群益62售01,0,,,,
725744,新復興統一5A購01,80,0.04,0.04,0.04,0.04
725881,鈊象元富5A購01,0,,,,
726037,元債20元富5A購01,0,,,,
726070,元債20元富5A購02,0,,,,
72610U,富喬國票5C售02,0,,,,
726119,華星光統一5B購01,3740,3.74,3.74,3.74,3.74
72614U,富喬中信5C售02,0,,,,
726194,元債20元富5B購01,0,,,,
72622U,精測群益62售02,0,,,,
72629U,櫃200群益5B售02,0,,,,
72638U,譜瑞群益5C售01,0,,,,
72691U,信驊群益5B售03,0,,,,
726924,金麗科統一5B購01,0,,,,
726925,金麗科統一5B購02,2400,0.04,0.04,0.04,0.04
726926,金麗科統一5B購03,0,,,,
726927,金麗科統一5B購04,2550,0.06,0.08,0.05,0.08
72692U,信驊群益61售02,3770,0.02,0.03,0.02,0.03
72704U,點序群益61售01,71200,0.91,0.91,0.87,0.87
72713U,世界群益5B售01,0,,,,
72724U,信驊國票5B售01,2000,0.01,0.01,0.01,0.01
72733U,中探針群益62售01,0,,,,
72747U,閎康群益5A售02,0,,,,
72748U,精測群益5A售02,0,,,,
72749U,精測群益62售04,0,,,,
72754U,博智群益62售02,0,,,,
72766U,富喬群益5A售02,0,,,,
72772U,穩懋群益63售01,8900,0.07,0.07,0.06,0.07
72782U,環球晶群益62售01,0,,,,
72790U,閎康群益63售01,0,,,,
72791U,榮剛群益63售01,0,,,,
72795U,神盾群益61售01,0,,,,
728003,金麗科統一5C購01,0,,,,
72800U,信驊永豐5B售01,0,,,,
72807U,新應材國泰5A售01,0,,,,
72808U,新應材國票5A售03,0,,,,
72809U,萬泰科國票5A售02,0,,,,
72810U,鑫聯國票5A售02,0,,,,
72812U,茂迪國票5A售03,0,,,,
72813U,宜鼎群益5B售03,0,,,,
72814U,精測群益5B售02,29000,0.29,0.29,0.29,0.29
72818U,信驊永豐5C售01,720,0.09,0.09,0.09,0.09
72820U,鑫聯國票5A售03,0,,,,
728264,元債20永豐61購01,0,,,,
72827U,元太群益5B售02,630,0.09,0.09,0.09,0.09
72828U,台燿群益5B售01,0,,,,
72829U,宏捷科群益5C售01,800,0.2,0.2,0.2,0.2
72830U,元太凱基5B售03,0,,,,
72836U,東捷群益5B售01,0,,,,
72838U,鈊象群益5B售02,0,,,,
72840U,世界群益5B售04,0,,,,
72841U,神盾群益5C售01,0,,,,
72842U,鈊象群益63售01,0,,,,
72843U,精材群益63售01,0,,,,
728516,系微統一5C購01,200,0.02,0.02,0.02,0.02
72851U,矽科國票5B售02,7500,0.15,0.15,0.15,0.15
728520,金麗科統一5C購02,0,,,,
72852U,旺矽元大5A售03,0,,,,
72853U,信驊元大5A售01,0,,,,
72854U,信驊永豐61售01,0,,,,
72855U,信驊富邦5C售02,143290,0.17,0.21,0.17,0.21
72856U,頎邦凱基5A售03,0,,,,
72857U,雙鴻元大5A售06,0,,,,
72858U,巨漢國票5A售02,0,,,,
72859U,弘塑國票5B售02,2350,0.14,0.19,0.14,0.19
72860U,弘塑元大5A售03,0,,,,
72861U,華電網凱基5A售01,0,,,,
72862U,群聯國票5B售02,0,,,,
72863U,蜜望實國票5A售03,0,,,,
72864U,群聯凱基5A售03,0,,,,
72865U,信驊永豐5B售03,0,,,,
72866U,旺矽凱基5A售06,0,,,,
72867U,旺矽富邦61售01,483630,0.45,0.47,0.42,0.46
72868U,富喬群益5C售01,13810,0.23,0.23,0.17,0.21
72869U,立碁國票5B售03,2040,0.04,0.04,0.04,0.04
72871U,群聯群益61售02,0,,,,
72872U,聖暉*台新5B售01,0,,,,
72873U,威剛國票5C售02,420,0.42,0.42,0.42,0.42
72874U,威剛群益5C售02,0,,,,
72875U,威剛凱基5B售05,0,,,,
72876U,合晶台新5B售05,30,0.01,0.01,0.01,0.01
72877U,群聯台新5B售07,940,0.47,0.47,0.47,0.47
72878U,群聯台新5B售08,0,,,,
72879U,世界凱基5B售02,0,,,,
72880U,良維國票5C售02,170,0.17,0.17,0.17,0.17
72881U,鈊象台新5B售03,0,,,,
72882U,環球晶台新5B售03,0,,,,
72883U,環球晶國票5B售02,1750,0.07,0.07,0.07,0.07
72884U,鈊象群益61售01,0,,,,
72885U,中美晶群益5B售02,0,,,,
72886U,群聯群益5B售06,0,,,,
72887U,精材群益5B售05,0,,,,
72888U,德微群益5B售02,0,,,,
72889U,新盛力群益5B售04,0,,,,
72890U,廣穎群益5B售03,0,,,,
72891U,世界台新5B售03,0,,,,
728920,元債20元富61購01,0,,,,
72892U,台特化台新5B售04,0,,,,
72893U,威剛中信64售01,0,,,,
72894U,世界群益62售01,15240,0.32,0.34,0.32,0.34
72895U,台特化群益5B售01,0,,,,
728967,驊訊統一61購01,0,,,,
72896U,精材凱基5B售08,0,,,,
72897U,精材群益5B售08,0,,,,
72898U,雷科國票5B售03,0,,,,
72899U,立敦台新5B售04,0,,,,
72900U,德微國票5C售04,0,,,,
72901U,德微國票5C售05,0,,,,
72902U,擎亞國票5B售03,0,,,,
72903U,群聯凱基5B售08,0,,,,
72904U,欣銓台新5B售05,18500,0.37,0.37,0.37,0.37
72905U,臺慶科台新5B售05,0,,,,
72906U,博智群益5B售04,0,,,,
72907U,群聯富邦61售05,120590,0.6,0.6,0.59,0.59
72908U,威剛群益65售01,253100,1.8,1.81,1.79,1.81
72909U,威剛凱基65售01,0,,,,
72910U,精材台新5B售06,0,,,,
72911U,威剛元大5B售16,0,,,,
72912U,良維群益61售02,0,,,,
72913U,威剛群益5B售04,0,,,,
72914U,威剛群益5B售05,0,,,,
72915U,威剛群益61售03,0,,,,
72916U,中美晶凱基5B售06,0,,,,
729171,M31統一61購01,0,,,,
729172,M31統一61購02,0,,,,
72917U,威剛凱基5B售09,0,,,,
729186,華星光統一61購01,3400,3.4,3.4,3.4,3.4
729187,華星光統一61購02,66710,2.77,2.97,2.77,2.97
72918U,威剛永豐61售03,0,,,,
72919U,順達台新5C售01,54000,0.54,0.54,0.54,0.54
72920U,佳邦群益5C售01,0,,,,
72921U,富喬台新5C售03,8500,0.2,0.2,0.17,0.2
72922U,威剛凱基5C售05,0,,,,
72923U,宜鼎台新5C售05,0,,,,
72924U,台半群益5C售03,36160,0.51,0.51,0.48,0.49
72925U,台半凱基5C售03,26980,0.45,0.45,0.39,0.41
72926U,臺慶科凱基5C售03,0,,,,
72927U,聖暉*台新5C售05,0,,,,
72928U,富喬凱基5C售04,19200,0.08,0.08,0.06,0.06
72929U,臺慶科台新5C售02,0,,,,
72930U,威剛群益5C售08,0,,,,
72931U,群聯群益5C售10,25700,1.71,1.72,1.71,1.72
72932U,威剛國泰61售02,7250,1.45,1.45,1.45,1.45
72933U,世界群益66售01,0,,,,
72934U,精材群益66售01,3750,0.75,0.75,0.75,0.75
72935U,世界台新5C售02,6850,1.37,1.37,1.37,1.37
72936U,宜鼎凱基5C售10,0,,,,
72937U,元太國票62售01,0,,,,
72938U,世界國票62售01,0,,,,
72939U,威剛國票62售01,0,,,,
72940U,臺慶科國票62售01,0,,,,
72941U,雙鴻永豐61售04,240,0.24,0.24,0.24,0.24
72942U,家登群益61售03,43250,0.59,0.59,0.57,0.57
72943U,頎邦國票61售01,5800,0.58,0.58,0.58,0.58
72944U,中光電台新61售03,0,,,,
72945U,頎邦台新61售03,8700,0.87,0.87,0.87,0.87
72946U,世界群益61售03,126350,0.35,0.35,0.35,0.35
72947U,台星科群益61售02,40800,0.1,0.1,0.1,0.1
72948U,精材群益63售02,22060,0.46,0.72,0.46,0.72
72949U,威剛元大61售06,8550,1.71,1.71,1.71,1.71
72950U,精材凱基63售02,0,,,,
72951U,中光電台新61售05,0,,,,
72952U,精材國票61售05,5610,0.51,0.51,0.51,0.51
72953U,精材國票65售02,0,,,,
72954U,群聯中信61售02,0,,,,
72955U,宜鼎國票61售03,0,,,,
72956U,群聯國票61售05,0,,,,
72957U,良維群益63售01,0,,,,
72958U,群聯群益63售02,0,,,,
72959U,雙鴻群益63售03,285000,0.24,0.24,0.23,0.23
72960U,良維凱基61售03,1560,0.52,0.52,0.52,0.52
72961U,群聯凱基61售10,0,,,,
72962U,宜鼎群益67售01,0,,,,
72963U,中美晶國票61售06,82490,1.16,1.16,1.14,1.14
72964U,中美晶國票64售02,0,,,,
72965U,青雲國票61售03,0,,,,
72966U,雙鴻凱基61售07,0,,,,
72967U,順達國票61售03,462010,0.96,1.01,0.94,1.0
72968U,群聯國票64售01,3120,1.04,1.04,1.04,1.04
72969U,聖暉*國票61售05,0,,,,
72970U,雙鴻國票61售02,0,,,,
72971U,良維群益67售01,0,,,,
72972U,雙鴻群益61售03,0,,,,
72973U,M31國票61售02,11570,0.55,0.58,0.55,0.58
72974U,威剛國票65售01,0,,,,
72975U,譜瑞國票61售01,0,,,,
72976U,順達凱基61售06,1126250,0.93,0.96,0.91,0.96
72977U,雙鴻國泰63售01,0,,,,
72978U,威剛凱基61售06,0,,,,
72979U,群聯台新61售07,0,,,,
729804,僑威統一5A購01,0,,,,
729808,騰雲統一5A購01,0,,,,
72980U,頎邦凱基61售05,0,,,,
72981U,欣銓國票61售04,0,,,,
72982U,華景電國票61售02,0,,,,
72983U,家登群益63售02,0,,,,
72984U,凡甲國票61售01,0,,,,
72985U,中美晶國票63售01,0,,,,
72986U,元太國票61售02,0,,,,
72987U,宜特國票61售02,0,,,,
72988U,頎邦國票64售02,0,,,,
72989U,廣穎國票61售01,0,,,,
72990U,中美晶元大61售09,0,,,,
72991U,群聯元大61售20,0,,,,
72992U,中美晶富邦67售02,0,,,,
72993U,中美晶凱基63售03,0,,,,
72994U,元太凱基61售07,21840,1.36,1.37,1.36,1.37
72995U,群聯凱基63售03,0,,,,
72996U,立碁國票64售02,213850,0.38,0.42,0.38,0.41
72997U,良維國票61售02,0,,,,
72998U,新普國票61售02,0,,,,
72999U,世界國票62售02,0,,,,
73000U,宜鼎國票63售01,0,,,,
73001U,欣銓國票63售01,670,0.67,0.67,0.67,0.67
73002U,順達國票63售01,0,,,,
73003U,鈊象國票62售01,14800,0.74,0.74,0.74,0.74
73004U,群翊國票62售01,0,,,,
73005U,群聯國票62售01,0,,,,
73006U,雙鴻國票63售01,0,,,,
73007U,世界凱基63售03,0,,,,
73008U,中美晶國票64售03,0,,,,
73009U,光焱國票65售01,0,,,,
73010U,頎邦國票64售03,0,,,,
73011U,中美晶國票66售01,0,,,,
73012U,威剛國票65售02,41600,1.04,1.04,1.04,1.04
73013U,威剛元大63售02,16600,0.83,0.83,0.83,0.83
73014U,家登凱基63售02,0,,,,
730157,綠界*統一5A購01,0,,,,
73015U,新應材凱基63售04,0,,,,
73016U,宜鼎國票66售02,0,,,,
73017U,順達國票66售01,147030,0.87,0.87,0.87,0.87
73018U,群聯國票66售02,0,,,,
73019U,雙鴻國票66售02,0,,,,
73020U,雙鴻元大63售07,0,,,,
73021U,威剛凱基63售03,0,,,,
73022U,威剛元大63售03,0,,,,
73023U,雙鴻凱基63售07,0,,,,
73024U,弘塑國票67售01,0,,,,
73025U,朋億*國票66售02,0,,,,
73026U,金山電國票68售01,0,,,,
73027U,萬潤國票66售02,78860,0.64,0.65,0.64,0.64
73028U,萬潤國票68售02,0,,,,
73029U,聖暉*國票66售01,1560,0.78,0.78,0.78,0.78
73030U,中美晶台新62售02,0,,,,
73031U,威剛凱基63售05,0,,,,
73032U,M31國票66售01,0,,,,
73033U,富喬台新62售01,128160,0.53,0.56,0.44,0.5
73034U,中美晶凱基64售03,0,,,,
73035U,群聯永豐64售12,0,,,,
73036U,富喬國票63售02,58520,0.68,0.69,0.58,0.64
73037U,富喬國票65售01,4770,0.8,0.8,0.77,0.77
73038U,中美晶群益63售03,0,,,,
73039U,東捷群益64售02,0,,,,
730401,M31統一62購01,0,,,,
730402,M31統一62購02,700,0.07,0.07,0.07,0.07
730403,M31統一62購03,0,,,,
73040U,穩懋群益64售02,0,,,,
73041U,穩懋國泰64售01,0,,,,
73042U,穩懋凱基63售06,0,,,,
73043U,穩懋凱基63售07,10500,0.21,0.21,0.21,0.21
73044U,宏捷科凱基63售01,45130,0.69,0.69,0.56,0.56
73045U,蜜望實國票63售02,128700,1.43,1.43,1.43,1.43
73046U,中美晶中信62售02,48000,0.31,0.31,0.29,0.29
73047U,宜特群益62售02,0,,,,
73048U,東捷群益62售02,28260,1.46,1.5,1.46,1.5
730493,昇達科統一5C購01,0,,,,
73049U,振曜群益66售01,0,,,,
73050U,群聯永豐63售04,0,,,,
73051U,陽程國票66售01,19380,0.46,0.47,0.46,0.47
73052U,世紀*國票6A售01,3700,0.74,0.74,0.74,0.74
73053U,頎邦台新62售02,1830,0.61,0.61,0.61,0.61
73054U,弘塑群益64售01,10080,0.76,0.78,0.76,0.78
73055U,世紀*國票68售01,18620,0.98,0.98,0.98,0.98
73056U,沛亨國票68售01,0,,,,
73057U,宜鼎元大62售02,115440,1.48,1.48,1.48,1.48
73058U,頎邦群益62售03,1700,0.2,0.2,0.18,0.18
73059U,安葆國票68售01,700,0.7,0.7,0.7,0.7
73060U,宏捷科國票63售01,31630,0.7,0.7,0.62,0.62
73061U,環球晶凱基62售06,48100,0.78,0.8,0.77,0.8
73062U,環球晶群益64售01,0,,,,
73063U,環球晶中信62售03,6090,0.29,0.29,0.29,0.29
73064U,環球晶元大62售04,144240,0.57,0.57,0.54,0.55
73065U,環球晶台新63售01,810,0.81,0.81,0.81,0.81
73066U,千附精國票63售01,1343960,0.81,0.83,0.81,0.81
73067U,晶宏國票63售01,0,,,,
73068U,均華群益63售01,0,,,,
73069U,精材群益63售09,131120,1.42,1.46,1.39,1.39
73070U,精材群益69售01,0,,,,
73071U,雙鴻群益63售09,8200,0.41,0.41,0.41,0.41
73072U,精材國票64售03,780,0.78,0.78,0.78,0.78
730733,原相統一5B購01,0,,,,
73073U,環球晶國票64售03,38400,0.96,0.96,0.96,0.96
73074U,精材台新63售05,880,0.88,0.88,0.88,0.88
73075U,環球晶台新63售04,14020,0.52,0.53,0.5,0.53
73076U,雙鴻凱基63售17,27750,1.11,1.11,1.11,1.11
73077U,漢達國票65售02,0,,,,
73078U,擎亞台新63售02,0,,,,
73079U,博智凱基63售06,0,,,,
73080U,順達元大63售11,237400,0.95,0.95,0.94,0.94
73081U,昇達科台新63售02,2340,1.17,1.17,1.17,1.17
73082U,信驊台新63售04,140700,2.1,2.1,2.1,2.1
73083U,信驊凱基63售06,2608870,1.96,2.27,1.96,2.26
73084U,信驊富邦66售02,155590,2.83,2.94,2.83,2.94
73085U,信驊永豐63售01,18230,0.83,0.93,0.83,0.93
73086U,信驊永豐64售01,10440,1.74,1.74,1.74,1.74
73087U,信驊元大63售03,304550,2.15,2.29,2.13,2.26
73088U,信驊群益63售03,3230960,2.24,2.47,2.24,2.45
73089U,信驊群益63售04,4688310,2.81,3.16,2.78,3.15
73090U,竹陞國票67售01,0,,,,
73091U,信驊國票64售02,21040,2.95,3.09,2.95,3.09
73092U,信驊國票65售01,162500,1.62,1.65,1.62,1.65
73093U,信驊國票65售02,83400,2.35,2.55,2.35,2.55
73094U,漢達國票65售03,26280,0.79,0.84,0.79,0.83
73095U,穩懋國票65售01,20200,0.67,0.68,0.67,0.68
73096U,穩懋國票69售01,19200,0.96,0.96,0.96,0.96
73097U,頎邦台新63售03,0,,,,
73098U,台半國票65售02,11090,0.86,0.86,0.84,0.86
73099U,弘塑國票65售02,0,,,,
73100U,威聯通國票65售01,0,,,,
73101U,崴寶國票65售01,0,,,,
73102U,萊德光國票65售01,0,,,,
73103U,雷科國票64售03,2260,1.13,1.13,1.13,1.13
73104U,光頡台新63售03,118990,0.54,0.55,0.51,0.51
73105U,頎邦群益63售06,2180,0.39,0.39,0.35,0.35
73106U,竹陞國票65售02,0,,,,
73107U,南俊國票65售01,9300,0.93,0.93,0.93,0.93
73108U,茂達國票65售03,0,,,,
73109U,茂綸國票65售02,0,,,,
73110U,高技國票65售03,0,,,,
73111U,博盛國票65售01,0,,,,
73112U,雅特力國票65售01,0,,,,
73113U,弘塑凱基65售02,0,,,,
73114U,巨有國票64售02,76380,0.62,0.62,0.61,0.61
73115U,旭然國票68售01,143050,0.53,0.56,0.48,0.55
73116U,昇達科國票64售03,3580,0.89,0.9,0.89,0.9
73117U,萊德光國票64售02,120600,0.67,0.67,0.67,0.67
73118U,東捷凱基63售03,20160,1.68,1.68,1.68,1.68
73119U,台燿台新63售02,0,,,,
73120U,良維台新63售02,0,,,,
73121U,穩懋群益63售08,0,,,,
73122U,台燿國票66售01,0,,,,
731240,金麗科元富61購01,6000,0.6,0.6,0.6,0.6
73125U,台燿凱基63售05,85360,0.82,0.92,0.82,0.92
731265,順達統一5B購01,0,,,,
73126U,穩懋凱基63售11,35000,0.7,0.7,0.7,0.7
73127U,穩懋國票64售01,193500,0.65,0.67,0.65,0.67
73128U,青雲群益66售01,0,,,,
73129U,東捷群益63售03,0,,,,
73130U,穩懋群益63售10,64300,0.44,0.47,0.44,0.47
73131U,久元國票65售02,0,,,,
73132U,千如國票65售01,0,,,,
73133U,立端國票65售01,0,,,,
73134U,全宇昕國票65售03,0,,,,
73135U,宏碁資國票65售02,0,,,,
73136U,長科*國票65售02,0,,,,
73137U,胡連國票65售01,0,,,,
73138U,晶呈國票65售02,0,,,,
73139U,翔名國票65售02,192780,0.63,0.63,0.63,0.63
73140U,廣閎科國票65售02,0,,,,
73141U,台燿台新63售03,8240,1.03,1.03,1.03,1.03
73142U,世界台新63售02,0,,,,
73143U,欣銓台新63售02,0,,,,
73144U,頎邦台新63售05,46500,1.86,1.86,1.86,1.86
73145U,富喬凱基63售08,68930,1.09,1.11,1.04,1.04
73146U,穩懋凱基63售13,6250,0.45,0.52,0.45,0.51
73147U,台燿永豐63售05,80280,0.68,0.72,0.68,0.72
73148U,富喬永豐63售02,13000,0.62,0.67,0.62,0.67
731495,英濟統一5B購01,0,,,,
73149U,環球晶永豐63售10,16490,0.97,0.97,0.97,0.97
73150U,旺矽凱基63售09,129380,1.77,1.83,1.77,1.81
73151U,弘塑元大63售11,0,,,,
73152U,旺矽元大63售04,49920,0.64,0.64,0.64,0.64
73153U,富喬元大63售09,264960,1.28,1.28,1.28,1.28
73154U,旺矽國票64售02,28310,1.32,1.36,1.32,1.35
73155U,旺矽國票67售03,11300,1.13,1.13,1.13,1.13
73156U,旺矽國票69售01,0,,,,
73157U,世界群益63售06,377250,0.83,0.89,0.81,0.89
731584,群聯統一5B購01,223840,4.88,4.92,4.84,4.84
73158U,旺矽群益63售05,0,,,,
73159U,欣銓群益69售01,0,,,,
73160U,頎邦群益63售09,3090,1.04,1.04,1.02,1.02
73161U,富喬台新63售03,0,,,,
73162U,富喬台新63售04,3800,1.36,1.36,1.17,1.17
73163U,新盛力群益63售04,486340,1.28,1.28,1.26,1.26
73164U,光頡群益65售02,73000,1.2,1.22,1.2,1.22
73165U,旺矽永豐63售04,0,,,,
73166U,高技台新63售03,0,,,,
73167U,環球晶國票64售06,157790,1.37,1.37,1.28,1.32
73168U,雷科國票66售01,13600,1.36,1.36,1.36,1.36
73169U,昇達科群益63售03,3980,0.99,1.0,0.99,1.0
73170U,倚強群益63售03,0,,,,
73171U,陽程台新64售04,2150,2.15,2.15,2.15,2.15
73172U,穩懋群益64售06,0,,,,
73173U,萬潤國票65售01,0,,,,
73174U,萬潤永豐64售01,890,0.89,0.89,0.89,0.89
73175U,穩懋永豐64售04,0,,,,
73176U,穩懋國票64售03,0,,,,
73177U,穩懋國票69售03,0,,,,
732269,M31統一63購01,0,,,,
732272,千附統一5B購01,0,,,,
732332,M31統一63購02,0,,,,
733025,華星光統一5B購02,0,,,,
733248,宇峻統一5B購01,0,,,,
733332,大宇資統一5B購01,0,,,,
733411,美琪瑪統一61購01,6700,0.67,0.67,0.67,0.67
733460,先進光統一5B購01,46600,0.69,0.9,0.69,0.9
733461,先進光統一65購01,448030,0.5,0.54,0.48,0.51
733467,新應材統一5B購01,0,,,,
733471,營邦統一5B購01,0,,,,
733560,大學光統一5B購01,0,,,,
733563,弘塑統一5B購01,11400,1.14,1.14,1.14,1.14
733653,創惟統一5B購01,100,0.01,0.01,0.01,0.01
733654,創惟統一65購01,0,,,,
733655,創惟統一65購02,0,,,,
733656,創惟統一65購03,0,,,,
733695,高端統一5B購01,1500,0.5,0.5,0.5,0.5
733696,高端統一65購01,1363560,0.64,0.66,0.64,0.66
733702,創惟統一5C購01,0,,,,
733760,高端統一65購02,0,,,,
733800,華星光統一5B購03,0,,,,
733958,新應材統一5C購01,0,,,,
733959,新應材統一5C購02,0,,,,
733983,富喬統一5C購01,0,,,,
734209,華星光統一66購01,819730,3.4,3.52,3.35,3.35
734284,竹陞統一5C購01,0,,,,
734285,良維統一5A購01,0,,,,
734352,竹陞統一5C購02,0,,,,
734355,南俊統一5C購01,0,,,,
734508,台燿統一5C購01,0,,,,
734519,建榮統一5C購01,45390,1.07,1.16,1.07,1.14
734521,智通*統一5C購01,0,,,,
734707,智通*統一5C購02,0,,,,
734708,新漢統一5C購01,0,,,,
734710,雙鴻統一62購01,0,,,,
734782,宇峻統一5C購01,0,,,,
734783,均華統一5C購01,0,,,,
734785,萬潤統一5C購01,0,,,,
734873,前鼎統一5C購01,0,,,,
734874,威剛統一5C購01,0,,,,
734994,新應材統一62購01,66100,0.19,0.39,0.18,0.39
735028,新應材元富63購01,32200,0.92,0.92,0.92,0.92
735029,新應材元富64購01,319500,2.16,2.16,2.07,2.07
735271,波若威統一62購01,0,,,,
735304,華景電統一5A購01,0,,,,
735306,順達統一5C購01,0,,,,
735512,華星光統一61購03,0,,,,
735557,波若威統一63購01,20500,10.3,10.3,10.2,10.2
735647,久禾光統一61購01,300,0.03,0.03,0.03,0.03
735648,久禾光統一63購01,560,0.07,0.07,0.07,0.07
735658,彩富統一5B購01,0,,,,
735659,彩富統一61購01,0,,,,
735660,彩富統一63購01,10570,0.16,0.17,0.16,0.17
735665,意德士統一61購01,0,,,,
735724,久禾光統一61購02,0,,,,
735848,生合統一63購01,15000,0.1,0.1,0.1,0.1
735849,均華統一63購01,0,,,,
735852,宏觀統一61購01,0,,,,
735853,旺矽統一61購01,0,,,,
735855,南俊統一61購01,0,,,,
736081,均華統一63購02,6500,0.65,0.65,0.65,0.65
736082,均豪統一61購01,0,,,,
736153,台燿統一61購01,0,,,,
736154,立碁統一61購01,9540,1.61,1.61,1.56,1.57
736156,均華統一5C購02,0,,,,
736160,金居統一62購01,34600,11.2,11.7,11.2,11.7
736243,宜特統一61購01,0,,,,
736244,金居統一61購01,0,,,,
736249,家登統一61購01,720,0.72,0.72,0.72,0.72
736349,安國統一63購01,0,,,,
736350,安國統一65購01,0,,,,
736351,安國統一66購01,5600,0.09,0.1,0.09,0.1
736352,安國統一67購01,0,,,,
736353,安國統一67購02,0,,,,
736354,安國統一67購03,0,,,,
736360,閎康統一5B購01,0,,,,
736427,M31統一61購03,6870,0.11,0.16,0.11,0.14
736431,宏捷科統一61購01,24840,0.69,0.69,0.69,0.69
736443,雙鴻統一62購02,0,,,,
736444,穩懋統一61購01,0,,,,
736474,中美晶統一5A購01,68220,1.26,1.35,1.26,1.35
736476,系微統一5B購01,0,,,,
736477,神盾統一5A購01,0,,,,
736478,新盛力統一67購01,32900,3.29,3.29,3.29,3.29
736479,漢磊統一61購01,880050,1.68,1.84,1.59,1.82
736480,廣運統一61購01,0,,,,
736586,神盾統一5C購01,0,,,,
736604,元債20凱基67購01,46320,1.16,1.16,1.15,1.15
736736,力旺統一61購01,0,,,,
736741,安國統一61購01,0,,,,
736934,金居統一5B購01,125800,9.65,10.0,9.65,9.65
736935,前鼎統一5B購01,0,,,,
736938,晶呈統一5B購01,8540,4.27,4.27,4.27,4.27
737086,良維統一62購01,0,,,,
737198,智通*國票5B購01,0,,,,
737321,立碁統一5C購01,5370,1.35,1.37,1.31,1.34
737801,漢磊國票5B購01,170950,5.6,6.8,5.6,6.5
737929,台燿統一5A購01,0,,,,
737930,晶呈統一5C購01,22600,2.26,2.26,2.26,2.26
737933,譜瑞統一5B購01,0,,,,
738131,中光電統一5B購01,0,,,,
738135,台燿統一5C購02,0,,,,
738137,亞信統一5B購01,5800,0.19,0.2,0.19,0.19
738138,亞信統一64購01,0,,,,
738140,美琪瑪統一64購01,0,,,,
738144,順達統一5B購02,0,,,,
738145,順達統一5C購02,0,,,,
738150,漢科統一5B購01,0,,,,
738151,漢科統一5C購01,0,,,,
738152,精測統一5B購01,0,,,,
738153,精測統一64購01,0,,,,
738154,廣明統一64購01,0,,,,
738155,擎亞統一5B購01,0,,,,
738156,譜瑞統一5C購01,0,,,,
738157,譜瑞統一64購01,2900,0.15,0.15,0.05,0.06
738183,凡甲統一5C購01,0,,,,
738184,世禾統一5B購01,0,,,,
738187,昱展統一64購01,0,,,,
738190,順達統一5A購01,0,,,,
738191,聖暉*統一5A購02,0,,,,
738192,聖暉*統一64購01,4500,0.45,0.45,0.45,0.45
738281,M31統一5B購01,9500,0.19,0.19,0.19,0.19
738282,M31統一5C購01,1000,0.1,0.1,0.1,0.1
738285,旺矽統一63購01,0,,,,
738286,信紘科統一64購01,0,,,,
738288,新應材統一64購01,5160,0.43,0.43,0.43,0.43
738291,環球晶統一64購01,86600,4.33,4.33,4.33,4.33
738567,精測國票5B購01,0,,,,
738726,宏捷科國票5B購01,65100,0.1,0.28,0.1,0.28
738736,M31統一5C購02,0,,,,
738737,M31統一62購04,480,0.16,0.16,0.16,0.16
738741,生合統一63購02,0,,,,
738743,宏觀統一5C購01,0,,,,
738746,朋程統一5C購01,900,0.09,0.09,0.09,0.09
738747,長佳智統一5C購01,0,,,,
738748,信紘科統一5C購01,0,,,,
738754,晶焱統一5C購01,0,,,,
738757,順達統一5C購03,0,,,,
738758,萬泰科統一5C購01,0,,,,
738760,群翊統一5C購01,540,0.27,0.27,0.27,0.27
738762,寬宏統一65購01,0,,,,
738764,廣明統一5C購01,0,,,,
738767,耀勝統一5C購01,0,,,,
738802,精測群益5C購01,0,,,,
738931,M31統一5C購03,0,,,,
738933,世禾統一5C購01,1050,0.21,0.21,0.21,0.21
738934,台半統一5C購01,0,,,,
738938,永信建統一5C購01,0,,,,
738940,旺矽統一65購01,0,,,,
738943,湧德統一5C購01,520,0.26,0.26,0.26,0.26
738944,順達統一5C購04,0,,,,
738947,精測統一65購01,72000,1.44,1.44,1.44,1.44
739071,旺矽國票5A購01,0,,,,
739284,威剛國票5B購01,0,,,,
739372,力旺統一5C購01,38070,0.45,0.5,0.42,0.49
739373,生合統一5C購01,0,,,,
739375,合晶統一5C購01,65520,4.66,4.73,4.66,4.73
739376,均豪統一5B購01,0,,,,
739378,宜鼎統一5C購01,0,,,,
739379,宜鼎統一5C購02,0,,,,
739380,欣銓統一64購01,0,,,,
739381,信驊統一5C購01,0,,,,
739382,威剛統一5C購02,0,,,,
739383,威剛統一64購01,0,,,,
739384,鈊象統一5C購01,0,,,,
739385,萬泰科統一64購01,10500,1.05,1.05,1.05,1.05
739386,群翊統一5C購02,0,,,,
739387,精材統一5C購01,3660,3.66,3.66,3.66,3.66
739388,德微統一5C購01,0,,,,
739425,泰茂國票5A購01,40,0.02,0.02,0.02,0.02
739441,中光電統一5B購02,0,,,,
739442,中美晶統一5C購01,56710,0.79,0.82,0.79,0.82
739443,永信建統一5C購02,0,,,,
739446,宜鼎統一5C購03,0,,,,
739447,朋程統一5C購02,0,,,,
739453,振曜統一5C購01,0,,,,
739454,能率統一5B購01,0,,,,
739460,環球晶統一64購02,6380,2.9,3.48,2.9,3.48
739519,系微統一5C購02,400,0.04,0.04,0.04,0.04
739520,旺矽統一5B購01,0,,,,
739522,廣運統一5C購01,0,,,,
739523,擎亞統一5C購01,0,,,,
739549,聯合國票5A購01,100,0.01,0.01,0.01,0.01
739639,大宇資統一5C購01,0,,,,
739641,台燿統一64購01,0,,,,
739642,弘塑統一5C購01,1060,0.53,0.53,0.53,0.53
739643,合晶統一5B購01,7500,7.5,7.5,7.5,7.5
739644,合晶統一5C購02,67260,4.18,4.56,4.18,4.56
739645,均豪統一5C購01,2100,0.07,0.07,0.07,0.07
739646,昇佳電統一5C購01,40,0.02,0.02,0.02,0.02
739647,昇佳電統一5C購02,0,,,,
739648,創惟統一5C購02,0,,,,
739649,新漢統一64購01,0,,,,
739650,萬泰科統一5C購02,0,,,,
739651,德微統一5C購02,0,,,,
739652,耀勝統一5C購02,0,,,,
739841,世界國票5C購01,0,,,,
739842,威剛國票5A購01,0,,,,
739913,旺矽國票5B購01,0,,,,
739986,廣明國票5B購01,0,,,,
7402,邑錡,15745924,99.5,101.0,99.1,99.6
7547,碩網,2190241,61.3,62.4,61.3,61.5
7556,意德士,48556340,297.5,302.0,280.0,283.0
7584,樂意,63662,30.35,30.35,29.6,29.6
7642,昶瑞機電,1292889,65.8,67.5,65.8,67.5
7703,銳澤,10324984,205.0,208.0,205.0,206.0
7704,明遠精密,2414909,60.7,60.7,60.0,60.6
7708,全家餐飲,449083,91.9,91.9,91.5,91.5
7709,榮田,36718062,88.8,90.2,83.7,83.7
7712,博盛半導體,54346366,172.0,173.5,168.5,173.0
7713,威力德生醫,1248354,74.0,74.0,71.9,73.1
7714,創泓科技,16274437,169.0,170.5,168.0,168.5
7715,裕山,5429605,27.05,27.05,26.0,26.8
7716,昱臺國際,99350,24.95,24.95,24.8,24.8
7717,萊德光電-KY,825505396,605.0,626.0,600.0,602.0
7718,友鋮,826150,45.9,45.9,45.8,45.8
7723,築間,20200501,21.8,21.8,20.65,21.8
7728,光焱科技,16355943,653.0,653.0,626.0,637.0
7734,印能科技,323588450,2730.0,2770.0,2705.0,2710.0
7738,東聯互動,2644283,156.5,158.5,156.0,158.0
7743,金利食安,52489833,26.4,27.0,26.2,27.0
7744,崴寶,23665972,524.0,533.0,524.0,533.0
7747,昕奇雲端,231437,112.0,112.0,111.0,111.0
7751,竑騰,275534455,1590.0,1640.0,1545.0,1600.0
7753,星亞,408153,35.7,35.7,35.45,35.5
7757,金色三麥,275066,88.4,89.1,88.4,89.1
7767,仁大資訊,551102,45.2,45.5,45.0,45.45
7770,君曜,557600,39.8,40.0,39.35,40.0
7772,耀穎,88365978,147.0,152.0,143.5,144.5
7777,能率亞洲,32834289,37.5,38.05,37.05,37.3
7782,光速火箭,226150,25.15,25.25,25.05,25.25
7792,安葆,849724892,440.0,440.0,406.5,406.5
7794,宏碁智新,2875600,29.5,29.75,29.25,29.6
7805,威聯通,9069894,493.0,495.0,492.0,492.5
7810,捷創科技,36170473,250.0,253.0,247.0,248.5
7811,民盛,945366,72.2,73.0,72.2,73.0
7814,海昌生技,227098,29.0,29.0,28.0,28.0
7819,精誠金融,233144,33.1,33.1,33.05,33.05
7820,立盈,2223486,107.0,110.5,107.0,110.5
7825,和亞智慧,10125476,78.1,79.0,78.0,78.1
7828,創新服務,397125155,1840.0,1905.0,1795.0,1800.0
7839,達人網,265514,44.0,44.25,44.0,44.25
7842,天能綠電,132806,99.7,99.7,99.7,99.7
7856,漢測,2115974640,4150.0,4450.0,4150.0,4380.0
8024,佑華,4314421,12.3,12.6,11.8,12.2
8027,鈦昇,472347006,208.5,214.0,208.5,208.5
8032,光菱,1382296,36.2,36.4,36.0,36.15
8034,榮群,2152770,19.5,19.55,19.25,19.3
8038,長園科,5374557,34.65,34.75,33.9,34.1
8040,九暘,166087555,92.3,93.1,88.2,90.2
8042,金山電,2331698509,118.0,128.5,118.0,126.0
8043,蜜望實,1156572904,140.5,151.0,140.0,145.0
8044,網家,6301549,23.75,24.25,23.75,24.1
8047,星雲,3816316,45.2,47.35,43.5,46.95
8048,德勝,12805515,52.4,53.5,51.3,51.5
8049,晶采,1819999,24.4,24.65,24.35,24.65
8050,廣積,65312384,61.4,61.7,60.2,60.6
8054,安國,163869488,83.2,83.2,81.0,81.3
8059,凱碩,849999,17.55,17.9,17.4,17.55
8064,東捷,471681131,135.5,139.0,133.0,136.0
8066,來思達,94912,14.75,14.75,14.6,14.75
8067,志旭,55274,11.05,11.05,11.05,11.05
8068,全達,2118328,17.4,17.4,17.0,17.05
8069,元太,951350480,149.0,149.0,145.0,145.0
8071,能率網通,4410443,22.0,22.2,21.75,21.9
8074,鉅橡,113015916,56.2,59.5,55.6,58.0
8076,伍豐,9466294,21.4,21.5,21.3,21.35
8077,洛碁,6226,,,,
8080,泰霖,1125965,28.55,28.55,28.3,28.3
8083,瑞穎,13806292,159.5,160.0,159.0,160.0
8084,巨虹,5928628,15.95,15.95,15.95,15.95
8085,福華,2504344,14.75,15.1,14.75,15.1
8086,宏捷科,2694900692,129.0,140.0,127.5,140.0
8087,麗升能源,62427,22.7,23.5,22.7,23.5
8088,品安,15198343,44.35,44.75,43.65,44.45
8089,康全電訊,1361311,19.3,19.4,19.25,19.35
8091,翔名,104884350,230.0,234.0,227.0,233.5
8092,建暐,1267207,12.1,12.25,11.95,12.0
8093,保銳,1206930,26.2,26.6,25.75,26.35
8096,擎亞,132524216,88.7,90.5,88.1,90.1
8097,常珵,629183,48.45,48.5,48.2,48.3
8099,大世科,1875057,59.8,59.8,58.8,58.9
8102,傑霖科技,1280342,56.1,61.9,56.1,60.8
8107,大億金茂,205550,12.0,12.05,11.75,11.9
8109,博大,51519076,136.5,136.5,133.0,135.0
8111,立碁,2126526997,93.1,97.5,92.0,94.0
8121,越峰,92726539,32.1,35.0,31.8,34.65
8147,正淩,49402366,139.5,144.5,137.0,142.0
8155,博智,244160015,332.0,344.0,332.0,334.0
8171,天宇,3038471,20.95,21.1,20.85,21.05
8176,智捷,1250841,9.73,9.73,9.66,9.72
8182,加高,42185276,42.5,44.15,42.4,43.8
8227,巨有科技,142133973,373.0,374.0,365.0,372.0
8234,新漢,15729189,62.0,62.7,61.8,61.8
8240,華宏,29306791,55.2,56.6,55.2,55.7
8255,朋程,40531675,151.0,154.0,150.5,153.0
8272,全景軟體,340205,60.2,60.7,60.2,60.2
8277,商丞,905449,15.5,15.55,15.45,15.5
8279,生展,1855500,80.9,81.0,80.4,80.8
8284,三竹,433447,68.0,68.0,67.9,67.9
8289,泰藝,128315049,55.0,56.3,53.6,55.4
8291,尚茂,517656,27.15,28.0,27.15,27.7
8299,群聯,3677568875,2100.0,2110.0,2060.0,2060.0
8342,益張,495741,83.0,83.0,82.0,82.0
8349,恒耀,9780204,41.0,41.8,41.0,41.6
8349A,恒耀甲特,226000,45.2,45.2,45.2,45.2
8354,冠好,506540,16.55,16.55,16.5,16.5
8358,金居,11433943312,536.0,560.0,530.0,549.0
8383,千附,71182380,70.5,72.1,70.3,70.6
8390,金益鼎,34530997,92.5,92.5,91.0,91.8
8401,白紗科,508789,22.6,22.7,22.55,22.6
8403,盛弘,4152316,18.8,18.95,18.6,18.85
8409,商之器,162500,18.1,18.1,18.0,18.0
8410,森田,2495467,26.8,26.8,26.6,26.7
8415,大國鋼,6962039,35.05,35.3,35.05,35.3
8416,實威,347330,171.0,171.0,171.0,171.0
8421,旭源,1100838,13.15,13.6,13.1,13.25
8423,保綠-KY,471880,17.95,18.0,17.9,17.95
8424,惠普,208800,69.6,69.6,69.6,69.6
8426,紅木-KY,666350,20.7,21.45,20.7,20.85
8431,匯鑽科,78515431,60.9,65.5,60.9,64.0
8432,東生華,6175545,54.1,54.9,53.5,53.8
8433,弘帆,894323,52.4,52.4,52.3,52.3
8435,鉅邁,3339524,53.0,53.1,52.5,52.7
8436,大江,32169897,102.5,103.0,102.5,102.5
8437,大地-KY,1020440,11.75,11.75,11.0,11.0
8440,綠電,1432488,20.0,20.35,20.0,20.15
8444,綠河-KY,342214,3.81,3.81,3.73,3.73
8446,華研,2295797,86.4,87.1,85.9,86.2
8450,霹靂,419487,14.1,14.2,14.05,14.2
8455,大拓-KY,184493,22.55,23.2,22.4,23.2
8472,納維康,155322,68.1,68.1,68.1,68.1
8477,創業家,212269,14.05,14.1,13.9,14.1
8489,三貝德,1321741,21.8,21.9,21.65,21.9
8905,裕國,103401,34.3,34.4,34.3,34.4
8906,花王,463118,28.85,28.85,28.3,28.65
8908,欣雄,2216642,39.95,39.95,39.55,39.8
8916,光隆,1649770,40.55,40.9,40.55,40.8
8917,欣泰,138876,52.6,52.6,52.5,52.5
8921,沈氏,3323,,,,
8923,時報,690,,,,
8924,大田,8858318,49.0,49.2,48.8,49.05
8927,北基,1720882,18.6,18.7,18.45,18.45
8928,鉅明,207896,22.45,22.8,22.4,22.8
8929,富堡,156810,12.8,12.85,12.8,12.8
8930,青鋼,894336,28.3,28.35,28.1,28.2
8931,大汽電,1100360,42.05,42.55,41.95,42.55
8932,智通*,43542103,90.2,91.2,90.1,90.1
8933,愛地雅,392476,4.56,4.56,4.45,4.54
8935,邦泰,1448849,18.7,18.7,18.1,18.3
8936,國統,43013348,53.4,53.4,52.9,53.1
8937,合騏*,1765487,25.1,25.65,25.0,25.0
8938,明安,5012451,51.8,52.0,51.4,51.8
8941,關中,175593,43.9,43.9,43.85,43.9
8942,森鉅,4934659,40.4,40.4,39.9,40.2
9949,琉園,223827,24.1,24.1,24.0,24.1
9950,萬國通,461435,10.3,10.3,10.1,10.25
9951,皇田,1955223,46.25,46.55,46.2,46.25
9960,邁達康,1895056,36.7,40.15,36.7,40.1
9962,有益,686504,10.15,10.2,10.05,10.2
