code,name,trading_value,open_price,high_price,low_price,close_price
00411A,主動統一前沿科技,906491556,9.99,10.15,9.99,10.13
006201,元大富櫃50,17028259,44.75,46.05,44.75,46.05
00679B,元大美債20年,311157267,25.73,25.75,25.67,25.69
00687B,國泰20年美債,335377980,26.73,26.75,26.67,26.7
00687C,國泰20年美債+櫃U,226500,9.06,9.06,9.06,9.06
00694B,富邦美債1-3,57166878,41.11,41.71,41.11,41.66
00695B,富邦美債7-10,15117024,34.3,34.36,34.21,34.25
00696B,富邦美債20年,92089286,28.05,28.07,27.97,27.99
00697B,元大美債7-10,14198080,34.79,34.91,34.79,34.82
00719B,元大美債1-3,84534007,31.07,31.08,30.95,30.98
00720B,元大投資級公司債,146869623,32.01,32.06,31.94,31.99
00722B,群益投資級電信債,94511936,34.4,34.45,34.35,34.37
00723B,群益投資級科技債,3478760,29.53,29.59,29.47,29.47
00724B,群益投資級金融債,158347785,32.63,32.67,32.57,32.59
00725B,國泰投資級公司債,78416380,34.06,34.12,34.01,34.07
00726B,國泰新興投等債,12594052,31.94,31.94,31.87,31.9
00727B,國泰優選非投等債,5352424,39.28,39.28,39.17,39.17
00734B,台新JPM新興債,4989310,15.37,15.37,15.33,15.33
00740B,富邦全球投等債,98954019,37.25,37.31,37.19,37.2
00741B,富邦全球非投等債,3847227,36.83,36.97,36.83,36.93
00746B,富邦A級公司債,21156381,34.26,34.37,34.26,34.32
00749B,凱基新興債10+,3771720,30.73,30.73,30.6,30.67
00750B,凱基科技債10+,4226510,31.8,31.8,31.7,31.78
00751B,元大AAA至A公司債,219543744,30.45,30.52,30.42,30.47
00754B,群益AAA-AA公司債,3309150,31.53,31.53,31.51,31.52
00755B,群益投資級公用債,3230855,31.54,31.55,31.54,31.55
00756B,群益投等新興公債,6487506,30.08,30.09,30.0,30.09
00758B,復華能源債,5022004,50.2,50.2,50.2,50.2
00759B,復華製藥債,5270000,52.7,52.7,52.7,52.7
00760B,復華新興企業債,5233332,51.9,51.9,51.9,51.9
00761B,國泰A級公司債,22335396,32.84,33.06,32.84,33.02
00764B,群益25年美債,237856682,26.67,26.69,26.6,26.64
00768B,復華20年美債,33355303,47.89,47.97,47.8,47.85
00772B,中信高評級公司債,75393956,32.26,32.35,32.23,32.28
00773B,中信優先金融債,61398968,34.47,34.51,34.4,34.44
00777B,凱基AAA至A公司債,3579290,31.1,31.13,31.07,31.13
00778B,凱基金融債20+,3700100,33.0,33.04,33.0,33.04
00779B,凱基美債25+,8362680,26.89,26.89,26.88,26.88
00780B,國泰A級金融債,4914083,36.04,36.04,36.0,36.03
00781B,國泰A級科技債,3631999,26.74,26.74,26.65,26.66
00782B,國泰A級公用債,17614518,29.37,29.41,29.32,29.36
00785B,富邦金融投等債,1684500,33.69,33.69,33.69,33.69
00786B,元大10年IG銀行債,559296,31.61,31.61,31.6,31.61
00787B,元大10年IG醫療債,158638,31.65,31.79,31.65,31.74
00788B,元大10年IG電能債,466381,29.11,29.11,29.05,29.1
00789B,復華公司債A3,5268246,46.29,46.29,46.21,46.21
00791B,復華信用債1-5,5824593,56.55,56.55,56.5,56.55
00792B,群益A級公司債,9137566,30.36,30.4,30.24,30.24
00795B,中信美國公債20年,101919906,25.81,25.86,25.78,25.81
00799B,國泰A級醫療債,8077950,28.5,28.51,28.45,28.46
00834B,第一金金融債10+,3741088,33.03,33.04,33.03,33.03
00836B,永豐10年A公司債,673136,27.82,27.92,27.82,27.92
00840B,凱基IG精選15+,2864000,28.64,28.64,28.64,28.64
00841B,凱基AAA-AA公司債,2743000,27.43,27.43,27.43,27.43
00842B,台新美元銀行債,9070011,29.18,29.27,29.14,29.15
00844B,台新15年IG金融債,2441003,30.5,30.5,30.5,30.5
00845B,富邦新興投等債,3737700,32.22,32.26,32.22,32.22
00846B,富邦歐洲銀行債,3697010,34.78,34.9,34.78,34.88
00847B,中信美國市政債,5058450,24.35,24.35,24.25,24.33
00848B,中信新興亞洲債,8194673,33.21,33.21,33.17,33.17
00849B,中信EM主權債0-5,7496686,37.26,37.27,37.26,37.27
00853B,統一美債10年Aa-A,28815950,26.44,26.49,26.44,26.48
00856B,永豐1-3年美公債,37450,37.45,37.45,37.45,37.45
00857B,永豐20年美公債,32473558,22.46,22.5,22.43,22.45
00858,永豐美國500大,8091933,35.77,35.82,35.73,35.82
00859B,群益0-1年美債,92556064,40.73,40.73,40.53,40.58
00860B,群益1-5Y投資級債,4116555,37.82,37.82,37.73,37.73
00862B,中信投資級公司債,7392664,30.42,30.42,30.37,30.39
00863B,中信全球電信債,8598724,30.58,30.58,30.48,30.48
00864B,中信美國公債0-1,55885077,46.34,46.34,46.03,46.1
00867B,台新A-BBB電信債,91500,29.5,29.5,29.5,29.5
00870B,元大15年EM主權債,601420,27.34,27.34,27.31,27.31
00877,復華中國5G,113956628,38.4,39.02,38.07,38.87
00884B,中信低碳新興債,5878629,28.46,28.46,28.46,28.46
00886,永豐美國科技,1180335,48.06,48.28,47.97,48.28
00887,永豐中國科技50大,61080846,15.86,16.07,15.82,16.01
00888,永豐台灣ESG,406078553,35.38,35.61,35.17,35.39
00890B,凱基ESG BBB債15+,3269671,31.1,31.15,31.1,31.13
00928,中信上櫃ESG 30,18461241,32.62,33.08,32.52,33.08
00931B,統一美債20年,46187212,13.01,13.03,12.98,12.99
00933B,國泰10Y+金融債,114220426,15.41,15.45,15.4,15.42
00937B,群益ESG投等債20+,675510361,14.32,14.35,14.29,14.31
00942B,台新美A公司債20+,6908589,13.72,13.75,13.71,13.72
00948B,中信優息投資級債,61511419,9.14,9.15,9.12,9.13
00950B,凱基A級公司債,38993292,13.57,13.61,13.55,13.57
00955,中信日本商社,99348278,16.49,16.49,16.31,16.33
00957B,兆豐US優選投等債,6991047,12.95,13.0,12.95,12.96
00958B,永豐ESG銀行債15+,7013312,8.98,9.01,8.98,8.99
00959B,大華投等美債15Y+,8608890,9.1,9.1,9.08,9.09
00966B,統一ESG投等債15+,29694824,13.46,13.52,13.46,13.49
00967B,元大優息美債,1121285,8.66,8.86,8.66,8.84
00968B,元大優息投等債,13497028,8.99,9.01,8.98,8.98
00969B,元大零息超長美債,3941595,7.98,8.03,7.98,8.0
00970B,台新BBB投等債20+,2689943,9.02,9.06,9.02,9.04
009806,台新標普500,310193,13.61,13.62,13.6,13.62
009807,台新標普科技精選,1062798,16.99,17.09,16.99,17.09
00980B,台新特選IG債10+,1209669,9.18,9.18,9.16,9.16
00980D,主動聯博投等入息,9599358,19.9,19.9,19.85,19.87
00980T,平衡凱基美國TOP,1643075,12.0,12.0,11.79,11.9
009814,富邦標普500,4372999,11.41,11.41,11.31,11.35
009815,大華美國MAG7+,25521336,11.63,11.67,11.61,11.66
00981B,第一金優選非投債,111832442,9.14,9.15,9.13,9.14
00981D,主動中信非投等債,22727024,10.22,10.24,10.19,10.2
009822,華南永昌未來金融,492411,9.52,9.55,9.49,9.55
009823,群益S&P500,34113934,10.4,10.4,10.36,10.39
009825,聯邦美國金融創新,4585425,9.97,9.97,9.92,9.95
00982B,FT投資級債20+,1132498,9.42,9.42,9.42,9.42
00983B,大華優利美公債20,5582300,15.03,15.08,15.03,15.04
00984B,大華優利美A債15,11691041,15.79,15.82,15.77,15.78
00985D,主動貝萊德優投等,13135076,9.75,9.75,9.73,9.73
00986B,FT金融債10+,1615,,,,
00986D,主動復華金融債息,2199695,14.27,14.27,14.19,14.2
00987B,野村10+澳洲公債,16104618,15.66,15.68,15.64,15.65
00987D,主動統一美債量化,26475740,9.96,9.96,9.9,9.9
00988B,玉山嚴選非投債,14060221,19.37,19.4,19.35,19.36
00989B,台新美國非投等債,30998856,9.98,9.98,9.94,9.95
00990B,國泰收益非投等債,33182532,9.98,9.98,9.96,9.98
00998A,主動復華金融股息,121571256,17.3,17.3,17.22,17.22
020001,富邦存股雙十N,0,,,,
020025,統一亞洲半導體N,773000,38.52,38.96,38.47,38.96
020033,統一恒生科期N,119110,3.46,3.51,3.46,3.51
020035,元大上櫃ESG高息N,0,,,,
020040,元大上櫃ESG龍頭N,11280,11.28,11.28,11.28,11.28
020041,兆豐半導體氣候N,206510,20.66,20.8,20.61,20.8
1240,茂生農經,171803,,,,
1259,安心,6006473,64.5,68.0,63.6,68.0
1264,德麥,6163917,244.0,246.0,244.0,244.0
1268,漢來美食,5464225,172.5,174.0,172.5,174.0
1294,漢田生技,801675,51.5,51.5,51.4,51.5
1295,生合,1751252,44.65,45.7,44.05,44.45
1336,台翰,7980440,17.15,17.35,16.7,17.35
1565,精華,24421935,97.5,98.0,95.5,98.0
1569,濱川,295459856,52.0,57.0,52.0,55.5
1570,力肯,4285398,32.2,32.5,32.0,32.3
1580,新麥,14999477,96.5,98.4,96.0,98.4
1584,精剛,10208424,18.3,18.5,18.2,18.2
1586,和勤,12560815,18.0,18.05,17.85,18.0
1591,駿吉-KY,23442690,39.1,42.9,39.1,41.7
1593,祺驊,920709,31.7,32.1,31.7,31.9
1595,川寶,37473339,66.0,67.5,64.8,65.7
1599,宏佳騰,274261,23.15,23.15,23.1,23.1
1742,台蠟,807366,17.85,17.85,17.45,17.55
1777,生泰,2988045,73.5,74.3,73.3,74.3
1780,立弘,1323900,25.15,25.35,24.8,25.15
1781,合世,223654,9.95,10.15,9.92,10.15
1784,訊聯,8632202,58.7,59.0,58.0,58.0
1785,光洋科,472449194,97.1,97.7,95.5,96.8
1788,杏昌,2948608,128.0,128.0,128.0,128.0
1796,金穎生技,413507,29.8,29.8,29.5,29.6
1799,易威,3982621,28.45,29.4,28.4,28.85
1813,寶利徠,86779,11.25,11.35,11.25,11.35
1815,富喬,11763570517,118.0,123.0,117.5,119.5
2035,唐榮,34587,27.0,27.0,27.0,27.0
2061,風青,103951491,52.9,54.0,51.9,52.4
2063,世鎧,743923,24.0,24.0,23.9,23.9
2064,晉椿,23700,11.75,11.75,11.75,11.75
2065,世豐,2394608,35.25,35.45,35.05,35.15
2066,世德,4887815,53.8,53.8,52.3,52.7
2067,嘉鋼,36796,5.21,5.21,5.1,5.1
2070,精湛,6986443,62.1,62.4,61.5,61.6
2073,雄順,0,,,,
2221,大甲,1670909458,124.0,127.5,119.0,127.5
2230,泰茂,4817013,21.95,22.0,21.4,21.4
2235,謚源,0,,,,
2596,綠意,2600510,35.05,35.15,34.7,35.1
2640,大車隊,16174622,172.5,176.0,169.0,170.5
2641,正德,23408912,17.65,17.65,17.5,17.55
2643,捷迅,779832,62.5,62.6,62.5,62.5
2718,全心投控,617774,40.7,40.7,40.15,40.7
2719,燦星旅,278619,19.5,19.8,19.5,19.5
2724,藝舍-KY,459450,10.75,11.65,10.75,11.65
2726,雅茗-KY,314880,8.13,8.13,8.0,8.05
2729,瓦城,10066081,156.0,157.0,155.5,156.5
2732,六角,1432476,63.6,63.6,62.1,62.3
2734,易飛網,460326,14.55,14.75,14.5,14.5
2736,富野,295552,11.5,11.55,11.35,11.4
2740,華軒,34950,31.5,31.5,31.5,31.5
2743,山富,5381345,54.0,54.7,53.5,54.2
2745,五福,3600870,84.6,84.6,84.1,84.6
2751,王座,107000,,,,
2752,豆府,3475817,180.0,180.0,178.0,178.0
2754,亞洲藏壽司,1671857,69.1,69.9,68.9,68.9
2755,揚秦,3185308,98.3,98.4,98.2,98.4
2756,聯發國際,1638915,62.2,62.5,62.2,62.3
2916,滿心,2327189,40.65,40.65,40.55,40.55
2924,宏太-KY,52850,17.95,17.95,17.95,17.95
2926,誠品生活,629326,30.0,30.0,29.55,30.0
2937,集雅社,93489,44.45,44.5,44.45,44.5
2938,床的世界,2342052,18.05,18.15,18.05,18.1
2941,米斯特,185500,31.0,31.0,30.9,30.9
2947,振宇五金,122971,60.1,60.2,60.1,60.2
2948,寶陞,122011,36.95,36.95,36.85,36.85
2949,欣新網,34177,,,,
3064,泰偉,15,,,,
3066,李洲,248121981,28.55,30.75,27.5,29.9
3067,全域,55640,17.0,17.0,16.45,16.9
3071,協禧,4692623,23.4,23.4,23.25,23.4
3073,天方能源,1248693,20.9,20.9,20.0,20.55
3078,僑威,35989940,44.55,45.0,44.5,44.5
3081,聯亞,9453058320,2780.0,2915.0,2730.0,2880.0
3083,網龍,1228844,22.0,22.5,21.9,22.4
3085,新零售,29735,11.65,11.65,11.65,11.65
3086,華義*,10282866,29.4,29.4,28.9,28.9
3088,艾訊,48708258,127.5,128.0,125.5,126.5
3093,港建*,10204726,44.25,45.05,44.2,44.75
3095,及成,1062966,36.4,36.4,34.5,34.6
3105,穩懋,21630346372,487.5,502.0,467.0,500.0
3114,好德,6157069,30.6,31.25,30.6,31.15
3115,富榮綱,439432,8.43,8.43,7.78,7.99
3118,進階,71487,31.65,31.65,31.65,31.65
3122,笙泉,368419,24.5,24.5,24.2,24.3
3128,昇銳,4338456,20.4,21.15,20.2,20.45
3131,弘塑,542046300,2475.0,2475.0,2415.0,2445.0
3141,晶宏,362816471,95.4,95.9,92.9,93.7
3147,大綜,242215192,234.5,244.0,234.0,242.5
3152,璟德,25868261,222.5,224.0,220.0,224.0
3158,嘉實,1825099,86.0,88.5,85.2,86.2
3162,精確,233676394,73.2,77.8,73.2,76.9
3163,波若威,1268251279,656.0,673.0,652.0,665.0
3169,亞信,8323207,102.5,104.0,102.0,103.5
3171,炎洲流通,1272476,59.4,59.8,59.4,59.6
3176,基亞,45732727,40.0,40.0,38.2,38.2
3178,公準,74121473,64.0,69.0,63.6,69.0
3188,鑫龍騰,9463644,24.65,24.95,23.95,24.0
3191,雲嘉南,249991,16.55,16.65,16.55,16.65
3205,佰研,156785,47.0,47.0,47.0,47.0
3206,志豐,1527314,34.75,35.3,34.75,35.0
3207,耀勝,14637179,37.5,40.65,37.5,39.15
3211,順達,591638842,368.0,369.0,361.5,368.0
3213,茂訊,9974358,125.0,125.0,123.5,124.5
3217,優群,31628087,128.5,130.5,128.0,130.5
3218,大學光,16933211,135.5,135.5,134.0,134.0
3219,倚強科,51999764,83.3,89.8,82.7,89.8
3221,台嘉碩,46085557,47.75,48.0,47.05,47.5
3224,三顧,4843061,33.3,33.6,31.9,32.0
3226,龍鋒,1874710,56.6,56.9,56.3,56.9
3227,原相,119097566,184.0,186.0,182.5,186.0
3228,金麗科,32736399,165.5,168.5,164.5,167.0
3230,錦明,11068340,42.3,42.4,41.65,41.8
3232,昱捷,661832,21.1,21.4,21.05,21.15
3234,光環,485019720,178.5,185.0,175.0,180.0
3236,千如,35740557,43.5,43.9,42.9,43.35
3252,海灣,1095329,15.3,15.35,15.25,15.3
3259,鑫創,365776,10.75,10.8,10.7,10.75
3260,威剛,2786113034,399.5,401.5,395.0,396.5
3264,欣銓,7656895003,251.0,268.5,250.5,268.5
3265,台星科,473868430,173.0,182.0,171.5,180.0
3268,海德威,1392943,18.1,18.7,18.1,18.5
3272,東碩,244437,13.95,14.1,13.9,14.1
3276,宇環,2084724,13.8,13.95,13.8,13.95
3284,太普高,3950070,21.1,21.1,20.15,20.35
3285,微端,809503,40.0,41.0,40.0,40.75
3287,廣寰科,45349721,42.3,42.35,41.7,42.35
3288,點晶,550620,20.05,20.45,19.65,20.2
3289,宜特,81431806,134.5,137.0,134.0,136.5
3290,東浦,58658454,46.8,47.1,46.2,46.3
3293,鈊象,3114004400,725.0,729.0,714.0,729.0
3294,英濟,13865467,30.05,30.45,29.75,30.3
3297,杭特,35799622,30.75,33.1,30.25,33.1
3303,岱稜,26954552,48.6,49.1,48.25,49.1
3306,鼎天,3438003,45.05,45.15,44.8,45.0
3310,佳穎,413599,69.0,69.0,68.8,68.8
3313,斐成,1961372,10.7,10.8,10.5,10.65
3317,尼克森,37476927,55.9,56.2,55.2,56.2
3322,建舜電,5411491,10.9,11.0,10.75,10.95
3323,加百裕,5626337,27.75,27.75,27.15,27.2
3324,雙鴻,12379213055,1480.0,1515.0,1420.0,1480.0
3325,旭品,912733,11.15,11.2,11.1,11.2
3332,幸康,1215953,60.7,60.7,60.7,60.7
3339,泰谷,173288110,44.9,46.9,44.5,45.35
3349,寶德,657778,19.55,20.0,19.55,20.0
3354,律勝,25817463,29.35,30.0,29.1,29.2
3357,臺慶科,639574588,203.0,207.5,201.5,207.5
3360,尚立,4137908,14.65,14.8,14.55,14.8
3362,先進光,487630079,177.0,181.5,176.5,178.5
3363,上詮,1816443216,671.0,683.0,658.0,683.0
3372,典範,38034181,16.6,16.75,16.05,16.4
3373,熱映,522686,16.0,16.0,15.8,15.9
3374,精材,6012626809,440.0,444.5,418.5,444.5
3379,彬台,1191262,27.2,27.6,27.2,27.3
3388,崇越電,17430417,81.1,81.8,81.0,81.6
3390,旭軟,2745042,22.0,22.25,21.75,22.2
3402,漢科,60843664,127.0,129.0,126.5,129.0
3430,奇鈦科,24767445,105.0,105.0,102.0,103.5
3434,哲固,21693362,31.2,33.2,31.0,32.6
3438,類比科,4743181,62.5,63.9,62.1,63.2
3441,聯一光,536459787,185.0,187.0,177.0,185.5
3444,利機,30510241,85.1,85.1,81.8,82.2
3455,由田,702258265,255.0,256.0,243.0,255.5
3465,進泰電子,262658,29.0,29.25,29.0,29.25
3466,德晉,7322220,23.8,24.6,23.4,24.45
3467,台灣精材,83488831,76.0,77.4,73.4,77.4
3479,安勤,55517108,131.5,132.5,129.5,131.5
3483,力致,22641277,74.8,75.2,74.1,75.2
3484,崧騰,7701000,46.15,46.75,45.6,46.75
3485,敘豐,10308927,202.0,202.0,197.5,198.5
3489,森寶,1880081,22.3,23.25,22.15,22.25
3490,單井,205835584,45.35,45.75,43.85,44.35
3491,昇達科,2525253900,1515.0,1565.0,1475.0,1565.0
3492,長盛,58795,18.95,19.0,18.95,19.0
3498,陽程,489249571,185.5,200.0,183.0,195.0
3499,環天科,668655,13.75,13.75,13.3,13.3
3508,位速,15650866,21.7,23.75,21.65,23.75
3511,矽瑪,4476711,18.6,19.0,18.6,19.0
3512,皇龍,2269536,19.1,19.45,19.0,19.15
3516,亞帝歐,3446025,25.0,25.05,25.0,25.0
3520,華盈,6109071,17.3,17.6,17.3,17.5
3521,台鋼建設,293210,12.05,12.1,11.95,12.0
3522,御嵿,2115655,13.3,13.35,13.1,13.3
3523,迎輝,424625,14.95,15.4,14.7,15.0
3526,凡甲,68950784,266.0,271.0,266.0,271.0
3527,聚積,2828280,50.2,51.0,50.0,50.0
3529,力旺,4328009190,2770.0,2890.0,2760.0,2845.0
3531,先益,34725,21.25,21.25,21.25,21.25
3537,堡達,8066366,53.3,53.5,52.8,53.3
3540,曜越,6272413,23.15,23.4,22.8,23.35
3541,西柏,376316,22.0,22.2,21.85,22.15
3546,宇峻,8526219,71.9,74.0,71.9,74.0
3548,兆利,12537076,79.6,80.6,78.5,80.6
3551,世禾,285391925,180.0,188.5,178.0,187.5
3552,同致,147020317,41.1,41.5,39.3,39.3
3555,博士旺,12909028,174.0,178.0,174.0,175.0
3556,禾瑞亞,8932220,57.4,57.7,56.9,57.6
3558,神準,25153084,123.5,124.0,121.0,121.0
3564,其陽,22007921,49.05,51.0,48.05,49.85
3567,逸昌,895988,25.2,25.3,25.2,25.3
3570,大塚,10045769,170.0,172.0,169.5,170.5
3577,泓格,42752963,119.0,120.0,117.0,119.0
3580,友威科,112277254,95.3,97.6,94.0,96.8
3581,博磊,34420606,98.2,103.0,96.3,102.0
3587,閎康,110276803,240.0,243.5,237.5,241.5
3594,磐儀,21490690,46.7,47.3,46.2,46.75
3597,映興,267088,26.25,26.25,26.2,26.25
3609,三一東林,3367796,21.85,22.3,21.6,21.9
3611,鼎翰,7798821,182.5,183.5,182.5,182.5
3615,安可,39369655,36.3,37.5,36.25,36.9
3623,富晶通,7220378,28.65,28.65,27.75,27.75
3624,光頡,2217341070,122.0,126.5,117.0,126.0
3625,西勝,1081283,11.6,11.8,11.4,11.5
3628,盈正,20687280,76.0,76.0,73.0,73.5
3629,地心引力,0,,,,
3630,新鉅科,12020429,26.0,26.1,25.85,25.85
3631,晟楠,6954333,40.6,40.85,39.55,40.15
3632,研勤,88572,7.2,7.2,7.08,7.08
3646,艾恩特,871959,24.9,24.9,24.55,24.8
3663,鑫科,22599630,62.1,62.1,60.3,61.2
3664,安瑞-KY,324100,8.15,8.4,8.15,8.4
3666,光耀,1449713,24.85,25.0,24.85,25.0
3672,康聯訊,36603,11.65,12.05,11.65,12.05
3675,德微,444720153,291.0,300.0,287.0,294.0
3680,家登,862470332,530.0,536.0,523.0,533.0
3684,榮昌,1117635,54.1,54.2,54.0,54.2
3685,元創精密,22627512,35.7,36.15,35.35,35.9
3687,歐買尬,3329868,61.0,61.7,60.8,61.0
3689,湧德,45548261,109.5,110.0,108.5,109.5
3691,碩禾,22625131,96.7,98.1,95.2,97.5
3693,營邦,1348417404,717.0,721.0,693.0,704.0
3707,漢磊,172221060,62.6,63.3,62.0,62.9
3709,鑫聯大投控,34062768,63.5,63.6,62.8,63.4
3713,新晶投控,509525,14.25,14.25,13.9,14.1
3718,中光電投控,235341526,64.6,67.1,64.6,67.1
4102,永日,558633,18.9,19.0,18.55,18.8
4105,東洋,46187251,78.8,78.8,78.1,78.4
4107,邦特,7115050,112.0,112.0,111.5,112.0
4109,加捷生醫,663270,11.2,11.25,11.15,11.25
4111,濟生,587399,28.8,28.9,28.8,28.8
4113,聯上,14434652,17.35,17.35,15.45,15.45
4114,健喬,29767718,29.7,29.8,29.5,29.8
4116,明基醫,1552842,39.4,39.55,39.4,39.4
4120,友華,1055844,45.85,45.9,45.8,45.8
4121,優盛,537110,12.7,12.85,12.7,12.75
4123,晟德,45841735,30.8,30.9,30.45,30.9
4126,太醫,6254727,77.8,78.1,77.7,77.7
4127,天良,11329186,60.4,61.4,59.6,61.4
4128,中天,75102497,14.7,14.7,14.15,14.6
4129,聯合,17070840,82.4,83.0,82.0,83.0
4131,浩泰,437546,31.5,31.5,30.0,31.4
4138,曜亞,489599,53.9,54.0,53.7,53.9
4139,馬光-KY,1507492,41.95,42.35,41.1,42.0
4147,中裕,112950607,62.4,62.9,61.2,62.9
4153,鈺緯,397321,31.95,31.95,31.95,31.95
4154,樂威科-KY,657424,11.25,11.65,11.25,11.65
4157,太景*-KY,7557032,9.09,9.1,8.99,9.06
4160,訊聯基因,240227,39.05,39.15,38.95,39.15
4161,聿新科,508162,22.25,22.25,22.2,22.25
4162,智擎,25125331,55.9,55.9,55.1,55.6
4163,鐿鈦,2685748,133.5,133.5,132.0,132.5
4166,友霖,2615800,24.7,24.7,24.3,24.5
4167,松瑞藥,37566597,19.45,19.65,19.2,19.65
4168,醣聯,2374504,21.8,22.0,21.5,21.95
4171,瑞基,787546,16.3,16.5,16.3,16.45
4173,久裕,622663,17.15,17.35,17.15,17.35
4174,浩鼎,104040978,27.55,29.3,27.2,27.2
4175,杏一,191916,51.5,51.5,51.2,51.2
4183,福永生技,104050,13.0,13.05,13.0,13.05
4188,安克,1374566,13.5,14.5,13.5,14.0
4192,杏國,127713,17.95,18.3,17.95,18.3
4198,欣大健康,86590,49.45,49.45,49.45,49.45
4205,中華食,2157809,68.9,68.9,68.8,68.8
4207,環泰,3557115,19.5,19.5,19.3,19.4
4303,信立,27731706,35.1,36.05,35.05,35.7
4304,勝昱,2120121,17.25,17.25,17.25,17.25
4305,世坤,469,,,,
4401,東隆興,1818444,14.1,14.1,13.65,14.1
4402,郡都開發,878755,14.45,14.7,14.05,14.05
4406,新昕纖,254453,10.15,10.25,10.15,10.2
4413,飛寶企業,0,,,,
4416,三圓,57304914,11.25,12.15,11.15,12.15
4417,金洲,8020831,50.1,50.5,49.75,50.2
4419,皇家美食,1525658,45.65,46.8,44.7,45.95
4420,光明,1394063,36.0,36.25,35.65,36.1
4430,耀億,254404,17.25,17.5,17.2,17.25
4432,銘旺實,111878,15.5,15.6,15.45,15.6
4433,興采,1715169,18.15,18.15,17.95,18.1
4442,竣邦-KY,2238419,55.0,55.4,54.5,54.5
4502,健信,676020,15.65,15.75,15.6,15.75
4503,金雨,4391478,23.3,23.8,22.8,23.15
4506,崇友,6198552,120.0,120.0,119.0,119.5
4510,高鋒,26967393,44.55,44.55,43.75,44.45
4513,福裕,9239445,16.45,16.9,16.1,16.2
4523,永彰,3087146,23.75,24.85,23.75,24.75
4527,方土霖,622807,40.7,40.75,40.7,40.7
4528,江興鍛,1011067,14.85,15.0,14.75,14.85
4529,淳紳,69068,3.46,3.46,3.44,3.44
4530,天意能創,2438891,23.85,23.85,22.0,22.7
4533,協易機,13231564,24.55,25.3,24.55,25.3
4534,慶騰,20342270,28.5,30.15,28.5,29.35
4535,至興,27100,27.1,27.1,27.1,27.1
4538,大詠城,418236,17.1,17.55,17.1,17.25
4541,晟田,136327222,57.9,62.5,57.9,62.0
4542,科嶠,300018561,291.0,298.0,275.0,275.0
4543,萬在,2204076,28.5,28.6,28.1,28.6
4549,桓達,2338123,95.6,97.0,95.5,97.0
4550,長佳,241754,24.1,24.2,24.1,24.2
4554,橙的,178687,28.65,28.8,28.45,28.45
4556,旭然,50266863,84.4,88.3,82.6,83.2
4558,寶緯,70700,17.65,17.75,17.65,17.75
4561,健椿,3546718,41.05,41.3,40.3,41.1
4563,百德,10134851,46.2,47.5,46.2,47.0
4568,科際精密,39600,39.6,39.6,39.6,39.6
4577,達航科技,22514333,84.3,87.4,84.3,86.9
4580,捷流閥業,3604502,81.3,81.5,81.0,81.3
4584,君帆,5572,,,,
4609,唐鋒,29880,4.24,4.24,4.24,4.24
4702,中美實,588804,9.34,9.38,9.32,9.38
4706,大恭,180574,34.0,34.0,33.5,33.5
4707,磐亞,41501156,27.0,28.25,27.0,28.0
4711,永純,2214908,16.5,16.55,16.45,16.45
4714,永捷,49076454,11.75,12.45,11.5,12.1
4716,大立,7942624,17.1,17.15,16.7,17.0
4721,美琪瑪,45301913,74.0,74.0,72.7,74.0
4726,永昕,10691874,22.6,23.1,22.5,23.0
4728,雙美,10270034,390.5,406.0,390.0,406.0
4729,熒茂,1392430,18.65,18.85,18.55,18.85
4735,豪展,1357905,35.85,36.1,35.85,35.95
4741,泓瀚,3601753,39.4,39.4,37.9,38.35
4743,合一,97346942,44.65,44.95,43.9,44.0
4744,皇將,5807867,30.4,30.4,29.55,29.6
4745,合富-KY,982803,11.65,11.75,11.55,11.75
4747,強生*,709519,24.05,24.3,24.05,24.05
4749,新應材,623922677,750.0,760.0,730.0,741.0
4754,國碳科,974242,37.4,37.45,37.2,37.45
4760,勤凱,68912460,261.0,266.0,260.0,265.5
4767,誠泰科技,169693,28.3,28.3,28.0,28.0
4768,晶呈科技,130898960,317.0,323.5,314.0,315.0
4772,台特化,140645300,244.5,250.0,239.5,250.0
4806,桂田文創,43246,9.43,9.43,9.34,9.34
4903,聯光通,85314266,34.6,37.6,34.3,37.6
4905,台聯電,1353389,77.0,79.2,77.0,78.4
4907,富宇,9486285,47.0,47.0,44.55,45.5
4908,前鼎,1852645759,240.0,248.5,232.5,243.5
4909,新復興,18557452,34.5,35.3,34.15,35.3
4911,德英,711806,28.55,29.0,28.5,29.0
4923,力士,132736255,55.8,60.8,55.8,60.8
4924,欣厚-KY,8900845,13.8,15.65,13.8,15.5
4931,新盛力,540951204,236.0,239.5,234.5,237.5
4933,友輝,4601404,52.3,52.4,51.5,52.0
4939,亞電,419779060,78.5,79.3,77.2,78.3
4946,辣椒,857144,89.8,91.9,89.8,90.1
4950,金耘國際,254385,15.6,16.0,15.6,16.0
4951,精拓科,95407051,83.0,90.7,82.9,90.7
4953,緯致,49039138,120.0,123.0,119.5,123.0
4966,譜瑞-KY,475564624,560.0,568.0,553.0,568.0
4971,IET-KY,1293494686,566.0,592.0,558.0,592.0
4972,湯石照明,521223,16.25,16.3,16.15,16.3
4973,廣穎,80103020,140.0,141.5,138.5,139.5
4974,亞泰,9322458,70.6,71.8,70.6,71.8
4979,華星光,5987109747,578.0,611.0,571.0,611.0
4991,環宇-KY,3547118785,450.5,474.0,450.5,474.0
4995,晶達,2698725,50.5,51.1,50.3,51.1
5009,榮剛,65084409,32.55,32.55,32.0,32.0
5011,久陽,10083625,18.45,18.45,17.85,18.05
5013,強新,620360,29.2,29.4,29.2,29.2
5014,建錩,1514815,9.81,9.97,9.77,9.88
5015,華祺,379440,21.35,21.7,21.3,21.7
5016,松和,283189,24.5,24.7,24.5,24.65
5201,凱衛,13433564,29.45,29.45,28.4,28.8
5202,力新,73719810,13.9,15.4,13.9,15.4
5205,中茂,17,,,,
5206,坤悅,14219580,22.8,23.2,22.25,22.3
5209,新鼎,19842641,177.0,177.0,173.5,174.5
5210,寶碩,24738980,29.05,30.4,29.05,29.3
5211,蒙恬,766454,20.5,20.6,20.45,20.55
5212,凌網,1867593,47.4,48.65,47.4,48.6
5213,亞昕,12416583,21.1,21.25,20.3,20.3
5220,萬達光電,393550,19.75,19.75,19.65,19.75
5223,安力-KY,117196,22.9,23.1,22.9,23.05
5227,立凱-KY,10332023,32.75,32.75,31.5,31.6
5228,鈺鎧,13527481,39.7,40.8,39.4,40.35
5230,雷笛克光學,54372744,19.3,20.55,18.85,20.55
5245,智晶,1459170,21.3,21.3,20.6,20.7
5251,天鉞電,45436023,30.25,32.6,29.7,31.7
5263,智崴,14854385,89.9,92.3,89.6,89.9
5272,笙科,637512,16.75,16.8,16.55,16.8
5274,信驊,5101780085,18890.0,19500.0,18870.0,19290.0
5276,達輝-KY,55261,18.85,18.85,17.8,18.5
5278,尚凡*,740838,23.8,23.95,23.55,23.85
5287,數字,28862782,136.5,139.0,136.5,139.0
5289,宜鼎,1674252015,1290.0,1315.0,1280.0,1315.0
5291,邑昇,14178162,58.9,59.3,58.3,58.3
5299,杰力,20325889,95.0,96.7,94.6,96.7
5301,寶得利,36669,5.08,5.25,5.08,5.17
5302,太欣,1348491,9.77,9.82,9.7,9.75
5309,系統電,50105384,51.1,51.5,50.6,51.5
5310,天剛,424422,25.0,25.0,24.8,24.8
5312,寶島科,1918718,90.0,91.2,90.0,91.0
5314,世紀*,3756683618,28.85,30.5,28.8,30.5
5315,光聯,4312389,18.85,18.85,18.55,18.75
5321,美而快,26131297,70.6,73.7,70.3,72.0
5324,士開,1404627,12.25,12.35,12.2,12.3
5328,華容,106879424,53.4,53.5,52.3,53.1
5340,建榮,307924380,82.7,86.2,82.6,83.1
5344,立衛,1707729,13.2,13.2,12.8,13.05
5345,馥鴻,69178,21.15,22.1,21.15,22.1
5347,世界,5549470017,169.0,174.0,167.0,172.0
5348,正能量智能,97831,16.45,16.5,15.95,16.4
5351,鈺創,1208612256,109.0,114.0,108.0,113.5
5353,台林,2546029,27.75,27.8,27.5,27.6
5355,佳總,858747,6.93,6.99,6.82,6.99
5356,協益,1688690,25.8,26.0,25.8,26.0
5364,力麗店,537416,8.32,8.45,8.32,8.35
5381,光譜,7585713,23.6,23.8,23.1,23.1
5386,青雲,314840854,287.0,294.0,286.0,294.0
5392,能率,36036491,40.5,40.5,39.65,40.2
5398,慕康生醫,1143867,14.15,14.35,13.9,13.9
5403,中菲,2026905,93.5,93.5,92.9,93.0
5410,國眾,12452922,33.4,33.4,33.05,33.25
5425,台半,686756495,93.2,94.1,92.5,92.6
5426,振發,18645269,29.5,29.5,29.1,29.35
5432,新門,38438650,146.5,160.0,146.5,160.0
5438,東友,2420545,16.4,16.45,16.25,16.3
5439,高技,351110420,244.0,247.0,242.0,247.0
5443,均豪,183493453,111.0,111.5,108.0,109.0
5450,南良,1441223,14.85,14.85,14.4,14.6
5452,佶優,15651051,27.35,27.35,26.55,27.3
5455,昇益,333300,30.5,30.5,30.5,30.5
5457,宣德,119473889,24.95,24.95,23.3,23.3
5460,同協,1813860,17.9,17.9,17.2,17.4
5464,霖宏,109507943,91.0,95.9,90.1,92.7
5465,富驊,13621659,26.6,26.7,26.6,26.7
5468,凱鈺,3581926,24.6,25.1,24.6,24.8
5474,聰泰,87612926,156.0,163.0,154.5,162.5
5475,德宏,1390690702,175.0,180.0,171.5,179.0
5478,智冠,5703575,97.6,97.6,97.5,97.5
5481,新華,6042899,21.85,22.2,21.85,22.15
5483,中美晶,3646147998,187.0,190.0,180.5,187.5
5487,通泰,1048556,29.55,30.2,29.4,29.65
5488,松普,2998770,12.0,12.0,11.75,11.85
5489,彩富,1558950,40.1,41.5,40.1,41.25
5490,同亨,5784848,25.7,25.7,25.3,25.4
5493,三聯,11211324,87.1,87.3,85.6,86.9
5498,凱崴,45949525,50.9,52.0,50.8,51.8
5508,永信建,162536800,58.5,60.0,56.0,56.0
5511,德昌,17065202,70.9,70.9,69.6,70.3
5512,力麒,15274762,7.8,7.83,7.49,7.49
5514,三豐,261430,15.4,15.4,15.0,15.0
5516,雙喜,261550,11.75,12.0,11.75,11.85
5520,力泰,82000,82.0,82.0,82.0,82.0
5523,豐謙,634760,30.3,30.35,30.3,30.35
5529,鉅陞,5186772,26.15,26.15,25.25,26.0
5530,龍巖,25581395,50.1,50.1,48.9,48.9
5536,聖暉*,852367636,831.0,888.0,831.0,888.0
5543,桓鼎-KY,571019,28.15,28.15,26.5,26.5
5547,久舜,777578,20.15,20.15,19.85,19.95
5548,安倉,708004,20.4,20.4,20.1,20.15
5601,台聯櫃,245200,,,,
5603,陸海,6349995,13.7,13.7,13.45,13.5
5604,中連,579782,31.1,31.1,30.9,31.05
5609,中菲行,26904569,78.6,79.2,78.5,79.2
5701,劍湖山,178816,4.26,4.27,4.17,4.26
5703,亞都,178391,13.75,13.75,13.7,13.7
5704,老爺知,677170,22.8,23.0,22.5,22.9
5864,致和證,140913394,34.95,35.45,34.8,35.15
5878,台名,154160,38.2,38.2,38.15,38.15
5902,德記,4033,,,,
5903,全家,2722386,184.0,184.5,184.0,184.5
5904,寶雅*,458332501,71.8,72.1,71.1,72.1
5905,南仁湖,1734530,7.45,7.45,7.31,7.38
6015,宏遠證,82638794,17.4,17.6,17.3,17.6
6016,康和證,128938982,23.0,23.1,22.5,23.0
6020,大展證,1130763,20.6,20.6,20.4,20.55
6021,美好證,22132918,45.3,45.8,45.0,45.45
6023,元大期,72176780,88.2,88.2,86.5,87.5
6026,福邦證,26667676,15.5,15.55,15.35,15.5
6028,公勝保經,119390,96.5,96.5,96.5,96.5
6101,寬魚國際,7829214,38.4,38.4,37.9,38.4
6103,合邦,5725930,37.95,38.95,36.8,38.95
6104,創惟,59311009,91.5,91.6,90.4,90.4
6109,亞元,1988549,10.35,10.6,10.2,10.4
6111,光聚晶電,14878090,34.7,36.85,34.25,35.8
6113,亞矽,2684885,22.2,22.5,22.15,22.3
6114,久威,515152,22.95,23.3,22.8,23.3
6118,建達,766797,15.2,15.2,15.1,15.15
6121,新普,701829411,376.0,376.0,371.5,371.5
6122,擎邦,21569663,51.5,51.7,50.6,51.2
6123,上奇,570287,43.2,43.2,42.9,43.15
6124,業強,155775,26.65,27.1,26.65,27.1
6125,廣運,26920527,48.65,50.2,48.4,50.2
6126,信音,38530208,32.1,32.1,31.1,31.3
6127,九豪,64615368,49.1,49.65,48.3,48.85
6129,普誠,5352071,14.6,14.75,14.35,14.7
6130,上亞科技,2489673,24.25,24.3,23.65,23.85
6134,萬旭,1331583,28.7,28.95,28.65,28.95
6138,茂達,151912964,272.5,277.5,271.5,276.0
6140,訊達,25908577,20.25,21.8,20.0,21.8
6143,振曜,17163768,82.5,82.8,81.6,82.8
6144,得利影,271416,12.65,13.1,12.6,12.85
6146,耕興,48015773,178.0,178.5,176.0,178.5
6147,頎邦,16604502021,217.0,229.0,213.0,229.0
6148,驊宏資,352514763,36.25,39.85,35.9,39.85
6150,撼訊,10279967,62.8,62.8,61.3,61.3
6151,晉倫,8426274,34.45,35.6,34.45,35.45
6154,順發,654786,14.1,14.1,14.0,14.1
6156,松上,8557487,20.7,20.85,20.5,20.65
6158,禾昌,902793,17.25,17.25,16.85,17.2
6160,欣技,822362,14.75,14.75,14.25,14.45
6161,捷波,4370913,48.9,48.9,48.4,48.8
6163,華電網,28730438,41.95,41.95,41.05,41.55
6167,久正,2154390,10.25,10.35,10.15,10.3
6169,昱泉,253110,11.95,12.1,11.85,12.05
6170,統振,8389862,48.3,48.3,47.85,47.9
6171,大城地產,4763089,27.0,27.0,25.4,25.45
6173,信昌電,5757811420,309.0,314.0,300.0,314.0
6174,安碁,16340611,44.45,44.95,44.35,44.95
6175,立敦,40601774,70.0,70.4,69.6,69.7
6179,亞通,1209984101,41.6,41.9,37.75,37.9
6180,橘子,11179216,41.0,41.0,40.7,40.7
6182,合晶,7498290631,114.5,116.5,111.0,116.0
6185,幃翔,745559,12.35,12.45,12.35,12.45
6186,新潤,98192790,30.7,31.3,29.95,29.95
6187,萬潤,1316826960,1240.0,1255.0,1230.0,1250.0
6188,廣明,45959857,62.5,62.6,61.7,62.6
6190,萬泰科,224701676,68.8,69.8,68.5,69.4
6194,育富,1243570,30.3,30.5,30.2,30.45
6195,詩肯,884963,27.7,27.7,27.7,27.7
6198,瑞築,0,,,,
6199,天品,502477277,105.0,113.0,103.5,113.0
6203,海韻電,7004954,60.0,60.0,59.6,59.6
6204,艾華,106286374,107.0,110.0,101.5,110.0
6207,雷科,620726206,114.0,115.5,111.5,115.5
6208,日揚,9288004,74.1,75.4,73.6,75.4
6210,慶生,502463,16.8,17.55,16.7,17.55
6212,理銘,455470,32.3,32.6,32.3,32.6
6217,中探針,934919872,165.0,178.5,165.0,178.5
6218,豪勉,929961220,57.2,61.6,56.1,61.6
6219,富旺,1717664,12.2,12.3,12.15,12.3
6220,岳豐,6618785,25.3,25.3,25.0,25.05
6221,晉泰,51616760,31.3,31.5,30.5,31.5
6222,立軒,783105,20.55,20.85,19.1,19.6
6223,旺矽,4774237940,5625.0,5840.0,5620.0,5800.0
6227,茂綸,306610311,138.0,139.5,130.0,132.0
6228,全譜,195424,17.15,17.5,17.15,17.3
6229,研通,706754,23.4,23.5,23.3,23.5
6231,系微,86852532,215.5,223.0,215.0,222.5
6233,旺玖,6517245,20.5,20.8,20.4,20.7
6234,高僑,51959415,35.0,38.5,35.0,38.5
6236,中湛,113220,16.0,16.0,16.0,16.0
6237,驊訊,7751463,34.0,34.5,33.6,34.0
6240,松崗,1804600,25.05,26.15,24.95,25.0
6241,鑫永洋,2889899,15.75,15.9,15.2,15.9
6242,立康,181660,34.0,34.0,33.95,33.95
6244,茂迪,78786504,22.6,23.7,22.35,22.9
6245,立端,86802722,85.6,86.1,84.5,85.6
6246,臺龍,38264,12.9,12.9,12.65,12.65
6248,沛波,1264171,16.8,16.9,16.8,16.85
6259,百徽,11027734,28.5,29.7,28.15,29.25
6261,久元,82062124,75.8,79.4,75.8,79.2
6263,普萊德,18601587,157.0,158.5,155.0,157.5
6264,富裔,556224,6.03,6.03,6.0,6.01
6265,方土昶,72634633,49.4,49.7,49.0,49.25
6266,泰詠,2257009,25.0,25.0,24.85,24.85
6270,倍微,8935606,28.6,29.6,28.6,29.3
6274,台燿,14625295630,1365.0,1395.0,1335.0,1370.0
6275,元山,5831655,45.15,45.5,44.85,45.1
6276,安鈦克,283939,20.7,20.7,19.85,19.85
6279,胡連,59190239,111.5,113.5,111.0,113.5
6284,佳邦,24551740,76.3,76.3,75.5,76.0
6290,良維,2608326712,274.0,288.0,270.5,282.5
6291,沛亨,1277580806,523.0,525.0,500.0,524.0
6292,迅德,23568084,66.9,67.4,66.4,67.3
6294,智基,152065,28.65,28.65,28.65,28.65
6411,晶焱,17225813,78.8,78.8,77.8,78.8
6417,韋僑,10556187,104.0,105.0,103.0,104.0
6418,詠昇,1731391,34.55,34.7,34.5,34.55
6419,京晨科,20605604,153.5,154.0,152.0,153.5
6423,億而得,1946514,81.4,82.0,79.6,81.8
6425,易發,116524806,63.7,68.5,63.7,68.2
6432,今展科,56464122,54.0,58.8,53.2,58.8
6435,大中,47586268,243.5,247.0,243.5,246.0
6441,廣錠,7764604,23.8,24.15,22.9,22.9
6461,益得,1573489,25.25,25.65,25.05,25.2
6462,神盾,50349048,97.8,99.2,97.1,97.1
6465,威潤,12039639,44.3,44.3,41.5,42.5
6469,大樹,29349858,64.3,65.4,64.0,65.4
6470,宇智,1863256,43.3,43.3,42.55,43.0
6474,華豫寧,726788,35.65,35.65,35.6,35.6
6482,弘煜科,640084,24.7,24.8,24.1,24.15
6485,點序,109475315,60.5,65.3,60.1,65.3
6486,互動,4228479,81.3,81.3,80.7,80.7
6488,環球晶,14830624732,925.0,960.0,901.0,944.0
6492,生華科,12803726,34.3,34.45,33.7,33.7
6494,九齊,5848880,50.3,51.5,49.8,51.5
6496,科懋,231571,24.4,24.65,24.15,24.65
6498,久禾光,7093875,66.0,67.0,65.9,66.9
6499,益安,31047262,76.4,76.4,74.1,74.5
6506,雙邦,632417,18.1,18.1,18.05,18.05
6508,惠光,7088078,25.6,27.0,25.6,26.5
6509,聚和,56929430,46.2,46.7,45.55,46.45
6510,精測,1675107195,3330.0,3520.0,3320.0,3520.0
6512,啟發電,3331,,,,
6516,勤崴國際,3273205,57.2,59.0,57.2,58.6
6517,保勝光學,24178856,64.4,65.9,63.8,65.0
6523,達爾膚,1123806,89.7,89.7,89.7,89.7
6527,明達醫,1752449,75.0,75.5,73.6,74.5
6530,創威,309435063,100.5,103.0,98.8,100.5
6532,瑞耘,138449183,94.5,101.5,94.5,99.3
6535,順藥,29252802,76.2,78.9,76.2,78.9
6538,倉和,913915418,352.5,388.0,348.5,388.0
6542,隆中,298998,42.05,42.3,41.6,41.85
6546,正基,27616761,60.2,60.8,59.9,60.0
6547,高端疫苗,296839022,60.5,61.0,58.5,59.7
6548,長科*,404696536,73.6,75.5,72.8,74.8
6556,勝品,196479,61.6,61.6,61.1,61.1
6560,欣普羅,2139879,34.25,35.8,34.25,34.85
6561,是方,21272207,315.5,317.0,314.5,317.0
6568,宏觀,20291861,140.5,145.0,140.5,142.5
6569,醫揚,5506397,90.2,91.1,90.2,91.1
6570,維田,4069668,47.35,47.5,46.85,47.45
6574,霈方,5875495,120.0,121.5,119.5,120.5
6576,逸達,31758773,83.1,83.2,80.4,80.4
6577,勁豐,3644217,78.8,79.6,78.6,79.0
6578,達邦蛋白,1284750,16.9,17.05,16.8,16.95
6584,南俊國際,513364724,560.0,576.0,554.0,576.0
6588,東典光電,467204437,119.5,122.5,116.0,117.5
6590,普鴻,3878477,65.5,69.8,65.5,68.3
6593,台灣銘板,536054,31.3,32.0,31.3,31.85
6596,寬宏藝術,7354600,95.9,97.0,95.6,97.0
6597,立誠,964585,68.0,70.1,67.0,70.1
6603,富強鑫,264113008,28.35,30.0,27.95,28.55
6609,瀧澤科,2840469,39.1,39.2,38.85,39.1
6612,奈米醫材,875933,71.3,71.8,71.0,71.0
6613,朋億*,90316080,262.5,271.0,262.5,270.0
6615,慧智,292529,33.6,33.9,33.6,33.85
6616,特昇-KY,143150,8.36,8.5,8.2,8.5
6617,共信-KY,129482532,143.0,144.5,139.5,143.0
6620,漢達,1537115368,147.0,155.0,140.5,149.0
6624,萬年清,549428,39.2,39.2,38.0,38.0
6629,泰金-KY,1244500,104.5,104.5,102.0,104.0
6637,醫影,547669,54.1,54.6,54.0,54.6
6640,均華,622348555,1140.0,1205.0,1140.0,1180.0
6642,富致,10755183,76.6,78.5,76.1,78.2
6643,M31,432937009,450.0,458.0,439.5,458.0
6649,台生材,2240441,35.75,35.75,35.75,35.75
6651,全宇昕,26813149,149.0,149.0,143.0,146.5
6654,天正國際,7708627,200.0,201.5,196.0,197.5
6661,威健生技,98200,16.75,16.75,16.15,16.65
6662,樂斯科,169050,28.0,28.5,27.8,28.5
6664,群翊,64285957,338.0,340.0,333.0,339.5
6667,信紘科,397369275,242.0,262.0,242.0,262.0
6679,鈺太,38062715,198.0,198.5,196.5,197.5
6680,鑫創電子,58265,,,,
6683,雍智科技,4846619810,1600.0,1670.0,1570.0,1670.0
6684,安格,5906210,47.8,49.45,47.6,49.05
6690,安碁資訊,102145888,179.0,190.0,178.5,186.5
6692,進能服,293355,23.8,24.0,23.05,23.55
6693,廣閎科,199175927,183.0,186.5,180.5,183.5
6697,東捷資訊,1818613,41.0,41.8,41.0,41.55
6703,軒郁,1573782,100.0,101.0,99.9,101.0
6708,天擎,2707196,39.85,39.95,38.5,39.7
6712,長聖,42545024,159.5,159.5,157.5,158.5
6716,應廣,83911133,120.0,121.0,117.5,119.5
6720,久昌,12683445,128.0,130.5,127.0,129.0
6721,信實,57134,51.0,51.0,51.0,51.0
6725,矽科宏晟,12662792,220.5,223.0,216.0,223.0
6727,亞泰金屬,409545230,483.0,487.0,474.0,487.0
6728,上洋,1087562,107.5,108.0,107.5,108.0
6730,常廣,191200,31.8,31.9,31.8,31.8
6732,昇佳電子,15226905,151.0,151.5,148.5,150.0
6733,博晟生醫,1332436,25.7,25.7,25.2,25.5
6735,美達科技,6346812,61.1,62.9,61.0,62.8
6739,竹陞科技,407332685,1125.0,1180.0,1080.0,1150.0
6741,91APP*-KY,16930749,59.2,59.5,57.9,58.8
6751,智聯服務,543019,42.6,42.85,42.0,42.8
6752,叡揚,1492060,98.7,98.7,97.0,97.2
6761,穩得,24437811,163.5,167.5,162.0,167.5
6762,達亞,274456,162.0,162.0,162.0,162.0
6763,綠界科技*,6246539,41.4,41.4,40.9,41.35
6767,台微醫,847200,23.6,24.4,23.6,24.1
6785,昱展新藥,23679570,104.5,108.0,99.0,99.0
6788,華景電,81276492,333.0,342.0,329.0,341.5
6791,虎門科技,1743302,101.5,101.5,100.0,101.0
6803,崑鼎,16343799,267.5,268.5,267.0,267.0
6804,明係,1839168,18.45,18.45,18.15,18.15
6811,宏碁資訊,309694209,250.0,272.5,250.0,266.5
6821,聯寶,3636133,42.3,42.3,40.2,40.6
6823,濾能,4347000,60.3,60.3,59.2,59.2
6829,千附精密,231149084,215.0,232.5,214.0,224.5
6840,東研信超,164374824,104.0,111.0,101.5,108.0
6841,長佳智能,6729927,52.6,54.4,52.6,54.4
6843,進典,478260,39.65,39.65,38.55,39.25
6844,諾貝兒,2128358,57.6,57.6,56.1,57.6
6846,綠茵,850023,58.9,59.4,58.2,59.0
6855,數泓科,1570950,114.5,114.5,114.5,114.5
6856,鑫傳,591135,42.7,43.95,41.0,42.0
6859,伯特光,3759049,121.0,121.5,119.5,121.0
6865,偉康科技,343173,27.1,27.4,26.6,27.0
6870,騰雲,21293810,327.5,327.5,312.0,312.0
6872,浩宇生醫,2764180,22.1,22.1,21.0,21.1
6874,倍力,2494202,69.0,69.9,69.0,69.1
6875,國邑*,8650188,33.0,33.55,32.65,33.0
6877,鏵友益,4643123,116.0,120.0,116.0,119.5
6881,潤德,1805928,214.0,216.0,214.0,215.0
6884,海柏特,185800,30.8,31.0,30.8,31.0
6894,衛司特,33943578,356.5,366.0,356.5,361.5
6895,宏碩系統,3994958,146.5,147.5,143.0,143.0
6899,創為精密,399192,49.05,50.0,49.05,50.0
6903,巨漢,83540712,300.5,309.0,298.0,309.0
6904,伯鑫,361500,122.5,122.5,119.0,119.0
6907,雅特力-KY,348603864,182.0,192.0,182.0,186.5
6910,德鴻,920399,25.1,25.75,25.1,25.75
6913,鴻呈,33188175,131.0,131.0,128.5,130.5
6922,宸曜,10232513,189.0,189.5,185.5,188.0
6925,意藍,39033131,56.8,62.3,56.8,59.9
6929,佑全,75242,21.9,22.05,21.9,22.05
6945,圓祥生技,149141347,119.5,132.0,114.0,132.0
6953,家碩,4653970,233.0,239.5,233.0,238.0
6961,旅天下,3414183,48.1,48.3,47.5,48.0
6967,汎瑋材料,4693785,65.9,66.4,65.4,66.2
6968,萬達寵物,3778670,41.5,41.6,41.2,41.5
6971,惠民實業,421044,24.7,24.7,24.4,24.4
6982,大井泵浦,907809,45.0,45.0,44.2,44.5
6983,華洋精機,11942719,354.0,355.0,344.5,355.0
6986,和迅,4164299,40.5,40.5,39.4,40.2
6996,力領科技,11640809,171.5,173.0,171.0,173.0
6997,博弘,136300,69.3,69.3,67.0,67.0
700019,宏捷科統一5C購01,0,,,,
700020,佳邦統一5C購01,0,,,,
700021,長佳智統一5C購02,0,,,,
700022,華星光統一5C購01,223350,3.4,3.78,3.4,3.78
700023,新應材統一5B購02,30,0.03,0.03,0.03,0.03
700024,新應材統一64購02,100960,0.21,0.21,0.19,0.19
700025,雙鴻統一5B購01,245220,1.03,1.17,1.03,1.17
700028,雙鴻中信59購01,30790,1.15,1.45,1.15,1.24
700043,新應材永豐59購01,0,,,,
700047,宏捷科凱基59購01,0,,,,
700065,系統電統一5A購01,0,,,,
700074,驊訊元富5A購01,0,,,,
700079,華義永豐5A購01,0,,,,
700086,博智群益5A購01,0,,,,
700103,中光電元大5A購01,0,,,,
700113,雙鴻元大5A購01,87880,2.4,2.83,2.4,2.62
700126,威剛國票61購01,0,,,,
700155,中光電元大5A購02,0,,,,
700173,雙鴻元大5A購02,73570,4.35,4.35,4.16,4.16
700176,中光電群益5A購01,100,0.1,0.1,0.1,0.1
700186,中光電統一6A購01,170,0.08,0.09,0.08,0.09
700188,中美晶統一5A購02,0,,,,
700189,協易機統一5A購01,0,,,,
700190,昇達科統一65購01,145100,4.1,4.1,3.62,4.0
700191,朋程統一5A購01,0,,,,
700192,朋程統一6A購01,1550,0.31,0.31,0.31,0.31
700193,東洋統一61購01,0,,,,
700194,長聖統一61購01,34000,0.17,0.17,0.17,0.17
700195,家登統一5A購01,94750,1.15,1.15,1.13,1.13
700196,振曜統一5A購01,0,,,,
700197,晶宏統一5A購01,0,,,,
700198,智冠統一5C購01,0,,,,
700199,華景電統一61購01,0,,,,
700201,萬潤統一6A購01,0,,,,
700202,鈺太統一5A購01,0,,,,
700203,聰泰統一5A購01,13350,0.01,0.05,0.01,0.05
700204,雙鴻統一5A購01,225650,1.33,1.54,1.23,1.23
700205,雙鴻統一61購01,698820,0.97,0.98,0.89,0.93
700206,雙鴻統一61購02,304420,0.77,0.84,0.75,0.78
700207,雙鴻統一6A購01,539860,1.08,1.08,1.05,1.07
700208,騰雲統一6A購01,2380,1.19,1.19,1.19,1.19
700231,旺矽元大5A購01,0,,,,
700257,大世科統一6A購01,0,,,,
700258,大綜統一6A購01,116050,0.62,0.64,0.62,0.64
700259,光焱統一5A購02,0,,,,
700260,同致統一5A購01,0,,,,
700261,宜鼎統一6A購01,195350,4.3,4.36,4.3,4.36
700262,尚凡*統一6A購01,0,,,,
700263,旺矽統一6A購01,52030,3.86,3.86,3.69,3.79
700264,長聖統一6A購01,0,,,,
700267,建榮統一6A購01,5300,1.06,1.06,1.06,1.06
700269,昱展統一6A購01,0,,,,
700270,創惟統一5A購01,200,0.2,0.2,0.2,0.2
700271,新鉅科統一6A購01,0,,,,
700273,優群統一6A購01,0,,,,
700274,鴻呈統一5A購01,0,,,,
700275,雙鴻統一6A購02,81830,1.23,1.3,1.23,1.3
700276,鏵友益統一6A購01,0,,,,
700277,鑫聯統一5A購01,0,,,,
700279,良維國票5C購01,0,,,,
700300,雙鴻中信5A購01,0,,,,
700330,旺矽凱基5A購01,0,,,,
700342,大世科統一6A購02,0,,,,
700343,中光電統一6A購02,160,0.16,0.16,0.16,0.16
700344,尼克森統一5A購01,0,,,,
700345,立碁統一6A購01,89410,0.65,0.72,0.65,0.69
700346,良維統一6A購01,0,,,,
700347,尚凡*統一5A購01,0,,,,
700348,昱展統一6A購02,0,,,,
700350,茂達統一61購01,0,,,,
700351,竑騰統一5A購01,0,,,,
700352,新鉅科統一5A購01,0,,,,
700353,新鉅科統一6A購02,0,,,,
700354,聖暉*統一6A購01,88720,0.38,0.43,0.38,0.43
700355,撼訊統一6A購01,0,,,,
700356,擎亞統一6A購01,0,,,,
700357,聰泰統一6A購01,18820,0.28,0.3,0.28,0.3
700358,寶島科統一64購01,0,,,,
700359,鏵友益統一5A購01,0,,,,
700360,鑫聯統一5A購02,0,,,,
700385,中光電元富5A購01,0,,,,
700410,中光電統一5C購01,0,,,,
700412,旺矽統一6A購02,0,,,,
700413,金山電統一5C購01,0,,,,
700414,長聖統一6A購02,0,,,,
700415,建榮統一6A購02,0,,,,
700416,高技統一5A購01,0,,,,
700417,聰泰統一6A購02,142660,0.35,0.38,0.35,0.38
700451,臺慶科國票5A購01,0,,,,
700580,宜鼎兆豐5A購01,0,,,,
700594,原相元大5A購01,7600,0.05,0.05,0.05,0.05
700638,原相元大5A購02,0,,,,
700670,中光電統一6A購03,8230,0.07,0.09,0.07,0.08
700671,正德統一5A購01,0,,,,
700672,旺矽統一5A購01,0,,,,
700673,信昌電統一6A購01,0,,,,
700674,信昌電統一6A購02,0,,,,
700675,高技統一5A購02,0,,,,
700676,高技統一6A購01,5360,0.12,0.14,0.12,0.14
700677,高技統一6A購02,0,,,,
700678,智通*統一6A購01,0,,,,
700679,智擎統一6A購01,0,,,,
700681,鈊象統一6A購01,950,0.31,0.32,0.31,0.32
700682,萬潤統一6A購02,0,,,,
700683,雍智統一6A購01,14130,4.9,4.92,4.31,4.31
700684,雍智統一6A購02,34800,5.8,5.8,5.8,5.8
700685,臺慶科統一5A購01,0,,,,
700686,臺慶科統一6A購01,910,0.91,0.91,0.91,0.91
700687,緯軟統一6A購01,30900,0.38,0.39,0.38,0.39
700688,營邦統一6A購01,733800,3.02,3.02,2.86,2.86
700689,聯合統一61購01,0,,,,
700706,中光電統一5A購01,0,,,,
700708,信立統一6A購01,6300,0.3,0.3,0.3,0.3
700709,神盾統一5C購02,34030,0.08,0.08,0.04,0.05
700710,智通*統一6A購02,0,,,,
700711,華星光統一6A購01,25450,3.75,3.75,3.55,3.55
700712,聖暉*統一6A購02,235480,0.34,0.37,0.34,0.37
700717,宜鼎元大5A購01,0,,,,
700742,聖暉*永豐5A購01,0,,,,
700746,雙鴻中信5A購02,1200,0.6,0.6,0.6,0.6
700754,台半統一5C購02,0,,,,
700755,宜鼎統一6A購02,0,,,,
700756,威剛統一5C購03,0,,,,
700757,竑騰統一5C購01,0,,,,
700758,穩得統一5C購01,0,,,,
700786,威剛永豐5A購01,0,,,,
700810,山富統一5C購01,80,0.08,0.08,0.08,0.08
700811,光頡統一5C購01,0,,,,
700812,信昌電統一5C購01,0,,,,
700827,信立永豐5A購01,0,,,,
700828,威剛永豐64購01,0,,,,
700830,中美晶元大5A購01,92080,0.96,1.19,0.96,1.19
700843,世界統一5C購01,21000,0.7,0.7,0.7,0.7
700844,立敦統一5C購01,0,,,,
700845,臺慶科統一5C購01,0,,,,
700850,臺慶科國票5C購01,0,,,,
700857,良維元大5A購01,0,,,,
700875,良維元大5A購02,0,,,,
700898,力旺統一5A購01,1680,0.12,0.16,0.12,0.16
700899,力旺統一6A購01,278190,0.76,0.81,0.7,0.77
700900,台半統一5C購03,0,,,,
700901,尼克森統一5C購01,0,,,,
700902,光頡統一5A購01,2900,2.9,2.9,2.9,2.9
700904,波若威統一6A購01,169680,3.36,3.87,3.36,3.42
700920,波若威永豐5A購01,0,,,,
700929,蜜望實國票5A購01,0,,,,
700938,中美晶兆豐5A購01,15750,3.15,3.15,3.15,3.15
700955,撼訊元大5A購01,0,,,,
700983,威剛兆豐5A購01,0,,,,
701010,雙鴻元富5A購01,0,,,,
701037,威剛永豐5C購01,0,,,,
701064,元債20群益61購01,0,,,,
701095,擎亞元大5A購01,0,,,,
701097,營邦元大5A購01,34760,2.17,2.18,2.17,2.18
701130,元債20元大5B購01,0,,,,
701131,元債20元大61購01,110,0.03,0.03,0.02,0.03
701153,雙鴻群益5A購01,0,,,,
701200,雙鴻元大5A購03,28700,0.34,0.5,0.34,0.5
701211,威剛凱基5B購01,0,,,,
701227,雙鴻元大5A購04,127950,0.29,0.41,0.29,0.41
701253,穩懋國票5B購01,0,,,,
701273,撼訊凱基5B購01,130,0.13,0.13,0.13,0.13
701279,雙鴻國票5B購01,420430,0.8,0.88,0.76,0.77
701287,威剛元大5B購01,0,,,,
701288,訊聯元大5B購01,0,,,,
701294,新應材元大5B購01,0,,,,
701311,雙鴻群益5B購01,11800,0.76,0.8,0.76,0.8
701374,台燿元大5B購01,1008400,7.15,7.2,7.15,7.2
701379,威剛元大5B購02,0,,,,
701381,新應材元大5B購02,0,,,,
701388,中光電凱基5A購01,0,,,,
701400,台燿元大5B購02,0,,,,
701403,神盾元大5B購01,0,,,,
701422,中光電兆豐5B購01,0,,,,
701430,台燿統一5B購01,0,,,,
701431,台燿統一5B購02,0,,,,
701432,正基統一5C購01,0,,,,
701434,良維統一6B購01,217500,0.84,0.88,0.82,0.88
701437,威剛統一5B購01,0,,,,
701438,威剛統一6B購01,4210,2.11,2.11,2.1,2.1
701440,華星光統一5B購04,5200,5.2,5.2,5.2,5.2
701441,華星光統一61購04,0,,,,
701442,雙鴻統一6B購01,733770,0.57,0.59,0.54,0.57
701460,神盾凱基5B購01,0,,,,
701471,台燿統一65購01,0,,,,
701472,雙鴻統一61購03,0,,,,
701473,穩懋統一5B購01,0,,,,
701474,穩懋統一6B購01,5200,5.2,5.2,5.2,5.2
701479,威剛元大5A購02,1231230,4.29,4.29,4.29,4.29
701484,擎亞元大5B購01,0,,,,
701500,雙鴻中信5B購01,0,,,,
701511,新應材凱基5B購01,0,,,,
701524,雙鴻群益5A購02,47000,0.47,0.47,0.47,0.47
701571,擎亞元大5B購02,159600,0.84,0.84,0.84,0.84
701592,竹陞統一6B購01,253370,1.0,1.1,1.0,1.1
701593,竹陞統一6B購02,339050,0.9,1.0,0.88,1.0
701594,海韻電統一61購01,0,,,,
701614,信立元大5B購01,0,,,,
701615,威剛元大5B購03,0,,,,
701623,元太統一5B購01,33720,0.01,0.03,0.01,0.03
701624,竹陞統一5C購03,0,,,,
701625,竹陞統一6B購03,17200,0.86,0.86,0.86,0.86
701626,東捷統一5C購01,6800,3.4,3.4,3.4,3.4
701650,台燿元大5B購03,0,,,,
701658,信昌電統一5C購02,27500,5.5,5.5,5.5,5.5
701667,雙鴻群益5B購02,55640,0.81,0.92,0.8,0.92
701680,宜鼎兆豐5B購01,0,,,,
701692,台燿統一6B購01,0,,,,
701693,系統電統一5C購01,0,,,,
701694,系統電統一6B購01,0,,,,
701695,系統電統一6B購02,0,,,,
701696,宜鼎統一5A購01,0,,,,
701697,宜鼎統一5C購04,2650,2.65,2.65,2.65,2.65
701698,宜鼎統一6B購01,0,,,,
701699,訊聯統一6B購01,0,,,,
701720,系統電永豐5A購01,0,,,,
701762,信昌電國票5B購01,0,,,,
701788,訊聯永豐5B購01,0,,,,
701804,巨有統一6B購01,97120,0.99,1.13,0.99,1.13
701805,濱川統一65購01,0,,,,
701806,濱川統一6B購01,47160,0.36,0.36,0.36,0.36
701807,濱川統一6B購02,310,0.31,0.31,0.31,0.31
701808,濱川統一6B購03,56900,0.37,0.39,0.37,0.39
701822,訊聯元大5B購02,0,,,,
701828,威剛兆豐5B購01,0,,,,
701853,巨有統一6B購02,30580,1.49,1.49,1.11,1.45
701854,弘塑中信5B購01,0,,,,
701855,威剛中信5B購01,0,,,,
701908,信立凱基5B購01,0,,,,
701919,信驊元富5B購01,0,,,,
701971,臺慶科凱基59購01,0,,,,
702018,台燿凱基5B購02,0,,,,
702028,昇達科中信5A購01,0,,,,
702047,信立元大59購01,0,,,,
702060,IET中信59購01,0,,,,
702125,旺矽元大5B購01,0,,,,
702133,良維凱基5B購01,0,,,,
702161,精測中信5A購01,0,,,,
702170,昇達科元富5C購01,0,,,,
702194,博智凱基5A購01,0,,,,
702216,穩懋中信5A購01,0,,,,
702222,立碁元大5A購01,1820,0.1,0.11,0.1,0.11
702223,訊聯元大5A購01,0,,,,
702228,穩懋元大5C購01,11600,5.8,5.8,5.8,5.8
702252,弘塑中信5C購01,0,,,,
702281,精測元大5C購01,4020,2.01,2.01,2.01,2.01
702283,穩懋元大5B購01,0,,,,
702284,穩懋元大5C購02,0,,,,
702287,威剛凱基5B購02,0,,,,
702300,順達元大5B購01,21600,0.9,0.9,0.9,0.9
702304,穩懋元大5B購02,0,,,,
702311,雙鴻中信5C購01,0,,,,
702312,穩懋中信5A購02,0,,,,
702331,昇達科群益5C購01,0,,,,
702352,華電網國票5C購01,0,,,,
702363,順達元大5A購01,0,,,,
702364,順達元大5B購02,0,,,,
702373,光焱永豐5C購01,0,,,,
702375,訊聯永豐5C購01,0,,,,
702386,訊聯凱基5C購01,100,0.1,0.1,0.1,0.1
702413,順達元大5A購02,0,,,,
702415,雍智元大5C購01,20600,10.3,10.3,10.3,10.3
702441,高技元富5C購01,0,,,,
702451,新應材富邦5C購01,0,,,,
702459,擎亞元大5A購02,0,,,,
702467,順達凱基5B購01,0,,,,
702490,台燿富邦5C購01,0,,,,
702526,昇達科國票5A購01,0,,,,
702553,穩懋元大5A購01,0,,,,
702560,昇達科中信5C購01,181280,4.61,4.88,4.34,4.85
702576,富喬凱基5A購01,0,,,,
702578,新應材凱基5B購02,0,,,,
702592,富喬國票5C購01,142370,3.88,3.88,3.31,3.35
702593,富喬國票62購01,444890,3.0,3.5,3.0,3.25
702605,系統電元大5C購01,0,,,,
702611,高技元大5C購01,320,0.05,0.12,0.05,0.12
702627,富喬富邦5C購01,11850,1.73,1.73,1.6,1.6
702639,IET中信5C購01,0,,,,
702641,富喬中信5C購01,4490,0.89,0.9,0.89,0.9
702642,穩懋中信5C購01,0,,,,
702667,系統電元大5B購01,0,,,,
702695,穩懋凱基5A購01,18200,18.2,18.2,18.2,18.2
702712,良維中信5B購01,0,,,,
702719,系統電元大5C購02,0,,,,
702752,台特化統一6C購01,880,0.26,0.26,0.18,0.26
702753,精測統一66購01,1240,1.24,1.24,1.24,1.24
702775,訊聯永豐5C購02,0,,,,
702776,新應材永豐5C購01,15250,0.5,0.52,0.5,0.51
702786,威剛中信5C購01,17150,3.43,3.43,3.43,3.43
702808,高技元大5A購01,0,,,,
702811,聖暉*元大5A購01,4800,0.24,0.24,0.24,0.24
702828,勤凱統一5C購01,0,,,,
702829,勤凱統一6C購01,69620,0.92,0.92,0.91,0.92
702830,擎亞統一6C購01,0,,,,
702831,宜鼎元富5C購01,0,,,,
702833,高技元富5C購02,1100,0.11,0.11,0.11,0.11
702878,櫃200群益5B購01,40000,9.7,10.1,9.7,10.1
702884,家登元大5C購01,0,,,,
702885,高技元大5A購02,0,,,,
702886,高技元大5B購01,8400,0.12,0.12,0.12,0.12
702919,高技元大5B購02,0,,,,
702951,新應材永豐5C購02,18000,0.6,0.6,0.6,0.6
702953,力旺中信5C購01,0,,,,
702966,元債20凱基5C購01,0,,,,
702968,系微凱基59購01,0,,,,
702969,宜鼎凱基5C購01,0,,,,
702980,訊聯統一6C購01,0,,,,
702987,穩懋元大5C購03,0,,,,
702990,華景電元富5C購01,0,,,,
702993,宜鼎中信5A購02,19800,6.6,6.6,6.6,6.6
703002,新應材永豐5C購03,33840,0.47,0.47,0.47,0.47
703004,鑫科永豐5C購01,0,,,,
703011,宜特國票5A購01,0,,,,
703030,金益鼎凱基5A購01,3400,0.34,0.34,0.34,0.34
703036,元太群益5B購01,0,,,,
703043,高技中信5C購01,0,,,,
703045,雙鴻中信5C購02,289660,1.96,2.04,1.85,2.04
703048,順達永豐5A購01,0,,,,
703049,順達永豐5C購01,32100,2.12,2.15,2.12,2.15
703051,穩得永豐5A購01,0,,,,
703062,元太凱基5B購01,0,,,,
703075,台特化元大5A購01,0,,,,
703093,順達中信5B購01,0,,,,
703102,穩懋永豐5C購01,0,,,,
703112,雙鴻凱基59購04,2960,2.96,2.96,2.96,2.96
703113,雙鴻凱基5A購01,0,,,,
703117,新復興國票59購01,0,,,,
703125,台特化元大5A購02,0,,,,
703132,聖暉*元大5C購01,571540,1.01,1.14,0.98,1.14
703135,金山電統一5C購02,0,,,,
703136,博智統一5C購01,3900,0.98,0.98,0.97,0.97
703137,璟德統一5C購01,0,,,,
703144,穩懋中信5C購02,0,,,,
703145,千附精永豐59購01,19000,3.8,3.8,3.8,3.8
703149,中光電群益5A購02,0,,,,
703153,弘塑群益59購01,0,,,,
703171,宜鼎元大5C購03,0,,,,
703178,台星科國票59購01,0,,,,
703181,元太凱基59購01,0,,,,
703210,威剛群益5A購01,0,,,,
703217,欣銓中信59購01,0,,,,
703224,新應材永豐59購02,0,,,,
703229,台特化凱基5A購01,0,,,,
703260,雙鴻中信5C購03,0,,,,
703266,雙鴻永豐59購01,0,,,,
703271,湧德統一5C購02,1300,0.13,0.13,0.13,0.13
703295,信驊群益5B購02,20200,10.1,10.1,10.1,10.1
703296,威剛群益5B購01,633600,2.25,2.25,2.1,2.1
703308,家登元大5B購01,0,,,,
703315,欣銓元富5A購01,0,,,,
703320,鈊象中信61購01,0,,,,
703324,金益鼎永豐5A購01,0,,,,
703330,廣明永豐5A購01,0,,,,
703339,台燿富邦61購01,0,,,,
703340,信驊富邦5A購01,0,,,,
703341,新應材富邦61購01,0,,,,
703353,富喬凱基5A購02,16600,0.75,0.75,0.65,0.65
703354,富喬凱基5B購01,2220,1.11,1.11,1.11,1.11
703355,富喬凱基61購01,0,,,,
703371,富喬國票5B購01,152870,1.07,1.14,1.0,1.0
703372,富喬國票61購01,312060,2.62,2.62,2.4,2.54
703380,富喬群益5B購01,590,0.59,0.59,0.59,0.59
703386,富喬富邦5A購01,4050,0.36,0.38,0.36,0.38
703389,富喬統一65購01,407890,0.52,0.57,0.52,0.55
703390,撼訊統一65購01,0,,,,
703395,信驊元富5A購01,44000,11.0,11.0,11.0,11.0
703396,信驊元富5A購02,9176700,9.05,9.05,9.05,9.05
703399,順達元富61購01,0,,,,
703400,信驊中信61購01,0,,,,
703401,富喬中信61購01,19600,0.55,0.55,0.5,0.5
703407,富喬永豐5A購01,920,0.17,0.17,0.15,0.15
703418,富喬元大5B購01,0,,,,
703419,富喬元大5C購01,0,,,,
703420,富喬元大61購02,7920,0.99,0.99,0.99,0.99
703443,安碁元富61購01,1091870,1.36,1.78,1.36,1.68
703459,鏵友益永豐5B購01,0,,,,
703463,台特化統一62購01,20600,0.1,0.1,0.1,0.1
703464,台特化統一63購01,0,,,,
703465,台特化統一71購01,5600,0.28,0.28,0.28,0.28
703466,台燿統一5C購03,0,,,,
703467,台燿統一61購02,0,,,,
703468,宏捷科統一71購01,0,,,,
703469,欣銓統一5A購01,285680,4.0,4.03,4.0,4.03
703470,欣銓統一5C購01,22420,2.9,3.01,2.63,3.01
703471,欣銓統一61購01,58400,2.92,2.92,2.92,2.92
703472,欣銓統一65購01,74020,1.5,1.72,1.5,1.72
703473,欣銓統一6C購01,31240,1.6,1.75,1.6,1.75
703474,金益鼎統一65購01,0,,,,
703475,茂迪統一65購01,0,,,,
703476,神盾統一61購01,0,,,,
703477,雙鴻統一61購04,21000,0.76,0.8,0.76,0.8
703478,穩得統一65購01,29700,0.45,0.45,0.45,0.45
703479,穩懋統一5B購02,0,,,,
703480,穩懋統一5C購01,0,,,,
703481,穩懋統一5C購02,70000,5.0,5.0,5.0,5.0
703482,穩懋統一5C購03,0,,,,
703483,穩懋統一6C購01,106180,2.79,2.98,2.79,2.98
703515,雍智兆豐61購01,0,,,,
703520,宜鼎富邦5A購01,0,,,,
703528,系統電元大5A購01,0,,,,
703535,欣銓元大5A購01,22800,4.5,4.65,4.5,4.65
703581,臺慶科凱基5C購01,209940,1.46,1.49,1.41,1.47
703589,佶優元富5A購01,0,,,,
703604,欣銓國票61購01,266900,4.6,4.74,4.17,4.74
703616,矽科統一6C購01,0,,,,
703617,金益鼎統一6C購01,0,,,,
703618,長科*統一64購01,12770,1.13,1.19,1.13,1.17
703619,家登統一6C購01,275860,0.82,0.83,0.8,0.82
703620,捷創統一61購01,0,,,,
703632,穩懋凱基5C購01,76600,12.6,12.8,12.6,12.8
703639,台特化國票5A購01,0,,,,
703643,新應材國票5A購01,0,,,,
703648,宜鼎元大5A購02,0,,,,
703651,家登元大5C購02,0,,,,
703652,湧德元大61購01,129500,0.37,0.37,0.37,0.37
703654,勤凱元大61購01,0,,,,
703660,聖暉*元大5C購02,311920,0.77,0.84,0.77,0.84
703661,雍智元大61購01,18000,9.0,9.0,9.0,9.0
703665,家登凱基5C購01,13400,1.34,1.34,1.34,1.34
703682,家登元大5C購03,0,,,,
703684,聖暉*元大5A購02,0,,,,
703713,訊聯凱基5B購01,0,,,,
703725,宜鼎元大5B購01,0,,,,
703728,順達元大5A購03,0,,,,
703729,聖暉*元大5A購03,0,,,,
703740,精材群益5A購01,27300,9.1,9.1,9.1,9.1
703745,加百裕永豐5A購01,0,,,,
703771,系統電凱基5C購01,0,,,,
703773,新復興凱基5A購01,0,,,,
703785,世界國票61購01,104660,2.93,3.02,2.77,2.87
703813,聖暉*元大5A購04,0,,,,
703823,弘塑永豐5A購01,0,,,,
703829,世界富邦5A購01,0,,,,
703837,系統電元大5B購02,0,,,,
703838,順達元大5A購04,0,,,,
703839,聖暉*元大5B購01,22480,1.58,1.62,1.58,1.62
703842,世界凱基61購01,164990,5.2,5.2,4.68,4.87
703860,世界統一61購01,110100,0.94,0.96,0.94,0.96
703861,世界統一71購01,136090,0.89,0.91,0.83,0.91
703862,巨漢統一61購01,14000,0.5,0.5,0.5,0.5
703863,弘塑統一61購01,0,,,,
703864,光頡統一61購01,0,,,,
703865,光頡統一71購01,169870,1.77,1.94,1.77,1.94
703866,均豪統一61購02,23230,0.43,0.44,0.43,0.44
703867,金山電統一64購01,0,,,,
703868,捷創統一61購02,0,,,,
703869,捷創統一71購01,19040,0.28,0.28,0.28,0.28
703870,富強鑫統一61購01,0,,,,
703871,富強鑫統一71購01,0,,,,
703872,富強鑫統一71購02,0,,,,
703873,崴寶統一71購01,657750,1.16,1.2,1.14,1.16
703874,鉅橡統一61購01,0,,,,
703875,鉅橡統一61購02,0,,,,
703876,鉅橡統一61購03,0,,,,
703877,鉅橡統一71購01,0,,,,
703878,精材統一71購01,76100,2.56,2.56,2.51,2.51
703879,臺慶科統一71購01,0,,,,
703880,穩懋統一61購02,14560,3.64,3.64,3.64,3.64
703881,穩懋統一61購03,12200,3.05,3.05,3.05,3.05
703882,穩懋統一71購01,66560,2.37,2.38,2.37,2.38
703886,精材群益5C購01,0,,,,
703887,耀勝群益5A購01,0,,,,
703895,穩懋國票5A購02,0,,,,
703902,中美晶永豐5A購01,0,,,,
703906,鉅橡永豐5A購01,0,,,,
703914,聖暉*凱基61購01,203500,1.07,1.35,1.07,1.35
703917,耀勝凱基5A購01,0,,,,
703923,創惟國票61購01,0,,,,
703942,聖暉*元大5B購02,324520,1.44,1.76,1.44,1.76
703950,雙鴻群益5A購03,0,,,,
703954,世界永豐5A購01,201910,1.43,1.59,1.29,1.29
703960,雙鴻永豐5A購01,4000,4.0,4.0,4.0,4.0
703961,久元統一61購01,0,,,,
703962,中美晶統一61購01,1310,1.31,1.31,1.31,1.31
703963,中探針統一71購01,8400,4.2,4.2,4.2,4.2
703964,世禾統一65購01,280,0.28,0.28,0.28,0.28
703965,世界統一5B購01,1260,1.26,1.26,1.26,1.26
703966,台半統一71購01,15600,1.3,1.3,1.3,1.3
703967,台半統一71購02,95000,0.95,0.95,0.95,0.95
703968,台星科統一71購01,63510,0.88,0.89,0.88,0.89
703969,弘塑統一61購02,314360,1.02,1.02,0.98,0.99
703970,弘塑統一61購03,252520,1.24,1.26,1.22,1.23
703971,光頡統一61購02,0,,,,
703972,合晶統一5C購03,7050,7.05,7.05,7.05,7.05
703973,均華統一5C購03,0,,,,
703974,長科*統一64購02,13190,1.01,1.03,1.01,1.03
703975,佶優統一71購01,4100,0.41,0.41,0.41,0.41
703976,信昌電統一61購01,0,,,,
703977,捷創統一71購02,0,,,,
703978,富強鑫統一61購02,0,,,,
703979,順達統一5C購05,10500,0.7,0.7,0.7,0.7
703980,順達統一61購01,3060,0.51,0.51,0.51,0.51
703981,萬潤統一61購01,0,,,,
703982,鉅橡統一64購01,0,,,,
703983,精材統一61購01,0,,,,
703984,廣明統一61購01,100,0.01,0.01,0.01,0.01
703985,穩懋統一63購01,0,,,,
703989,穩懋元富5A購01,0,,,,
703991,元債20凱基71購01,48540,0.69,0.69,0.68,0.69
704009,中探針統一61購01,0,,,,
704010,中探針統一61購02,0,,,,
704011,元太統一61購01,1000,0.1,0.1,0.1,0.1
704012,世禾統一71購01,72420,0.34,0.35,0.34,0.35
704013,台半統一61購01,0,,,,
704014,台星科統一61購01,0,,,,
704015,台燿統一71購01,9600,3.2,3.2,3.2,3.2
704016,巨漢統一61購02,0,,,,
704017,巨漢統一71購01,15200,0.76,0.76,0.76,0.76
704018,光頡統一61購03,2200,2.2,2.2,2.2,2.2
704019,均華統一61購01,35980,1.05,1.07,1.05,1.07
704020,宏捷科統一61購02,0,,,,
704021,矽科統一61購01,11700,0.13,0.13,0.13,0.13
704022,金山電統一61購01,7550,1.51,1.51,1.51,1.51
704023,金益鼎統一61購01,0,,,,
704024,佶優統一61購01,0,,,,
704025,創惟統一61購01,0,,,,
704026,精材統一61購02,3510,3.51,3.51,3.51,3.51
704027,穩懋統一61購04,9180,2.88,3.15,2.88,3.15
704028,穩懋統一65購01,71250,2.52,2.59,2.52,2.59
704029,穩懋統一71購02,26000,2.6,2.6,2.6,2.6
704030,耀勝統一71購01,0,,,,
704038,湧德元大5A購01,0,,,,
704041,聖暉*元大5C購03,416810,0.69,0.76,0.68,0.76
704046,台星科群益5A購01,37730,0.49,0.49,0.49,0.49
704051,信驊群益61購01,8800,8.8,8.8,8.8,8.8
704053,聖暉*群益5A購01,0,,,,
704058,信驊元富5A購03,0,,,,
704080,世禾富邦5C購01,0,,,,
704082,群翊富邦5A購01,0,,,,
704084,中探針統一67購01,4040,4.04,4.04,4.04,4.04
704085,世界統一61購02,0,,,,
704086,世界統一64購01,850,0.85,0.85,0.85,0.85
704087,世紀*統一71購01,715800,1.05,1.26,1.0,1.22
704088,世紀*統一71購02,38360,1.21,1.28,1.2,1.28
704089,台半統一61購02,26580,0.95,0.95,0.94,0.94
704090,台半統一71購03,10350,1.15,1.15,1.15,1.15
704091,巨漢統一71購02,156240,0.63,0.63,0.63,0.63
704092,光頡統一64購01,0,,,,
704093,系統電統一71購01,8300,0.25,0.26,0.25,0.26
704094,佳邦統一71購01,0,,,,
704095,矽科統一71購01,36050,0.35,0.35,0.35,0.35
704096,金山電統一71購01,14030,1.07,1.08,1.07,1.08
704097,金益鼎統一71購01,0,,,,
704099,信昌電統一64購01,84300,6.0,6.05,6.0,6.05
704100,信昌電統一71購01,17150,3.43,3.43,3.43,3.43
704101,家登統一61購02,860,0.43,0.43,0.43,0.43
704102,能率亞統一61購01,0,,,,
704103,博智統一61購01,0,,,,
704104,湧德統一61購01,0,,,,
704105,精材統一5B購01,0,,,,
704106,精材統一64購01,0,,,,
704107,璟德統一65購01,0,,,,
704108,璟德統一71購01,0,,,,
704109,穩懋統一61購05,2810,2.81,2.81,2.81,2.81
704110,鑫科統一71購01,0,,,,
704115,金益鼎國票61購01,14490,0.23,0.23,0.23,0.23
704127,佳邦群益5A購01,0,,,,
704134,鑫科群益5A購01,0,,,,
704135,世禾元大5A購01,0,,,,
704141,訊聯元大61購01,0,,,,
704146,穩懋元大5B購03,0,,,,
704151,系統電凱基5A購01,0,,,,
704170,世界元大5A購01,0,,,,
704176,勤凱元大5A購01,0,,,,
704180,鑫科元大5B購01,0,,,,
704189,旺矽元富5A購02,0,,,,
704191,家登元富5C購01,49500,1.65,1.65,1.65,1.65
704202,鑫科永豐61購01,0,,,,
704203,中美晶統一71購01,310070,1.04,1.09,1.01,1.07
704204,元太統一61購02,2520,0.21,0.21,0.21,0.21
704205,世紀*統一61購01,1882180,0.97,1.0,0.8,1.0
704206,世紀*統一71購03,1287520,0.76,0.77,0.69,0.77
704207,合晶統一71購01,107040,3.1,3.34,3.1,3.16
704208,沛亨統一61購01,0,,,,
704209,沛亨統一61購02,2750,2.75,2.75,2.75,2.75
704210,宜鼎統一61購02,0,,,,
704211,宜鼎統一63購01,0,,,,
704212,旺矽統一61購02,2890,2.89,2.89,2.89,2.89
704213,旺矽統一63購02,0,,,,
704214,旺矽統一71購01,0,,,,
704215,松瑞藥統一61購01,1440,0.36,0.36,0.36,0.36
704216,松瑞藥統一71購01,0,,,,
704217,信昌電統一61購03,24750,8.25,8.25,8.25,8.25
704218,信昌電統一71購02,31160,3.54,3.54,3.35,3.35
704219,家登統一61購03,9450,0.63,0.63,0.63,0.63
704220,家登統一71購01,396050,0.77,0.78,0.77,0.77
704221,高鋒統一61購01,27830,0.23,0.23,0.23,0.23
704222,高鋒統一71購01,34660,0.45,0.46,0.45,0.46
704223,湧德統一61購02,0,,,,
704224,新復興統一71購01,0,,,,
704225,廣運統一71購01,0,,,,
704237,世界元大5A購02,87500,0.79,0.8,0.79,0.8
704244,富喬元大5A購01,1030,1.03,1.03,1.03,1.03
704256,富喬永豐5B購01,148300,1.2,1.2,1.06,1.06
704257,富喬永豐5C購01,725340,1.22,1.25,1.17,1.17
704258,富喬永豐64購01,1370300,1.93,2.05,1.85,1.85
704259,華容永豐5A購01,0,,,,
704260,聖暉*永豐61購01,127260,1.13,1.38,1.13,1.38
704262,宜鼎兆豐61購01,0,,,,
704275,宜鼎富邦5C購01,0,,,,
704277,鈊象富邦5A購01,0,,,,
704280,世界統一71購02,46760,0.66,0.68,0.66,0.66
704281,台星科統一61購02,163470,0.42,0.48,0.41,0.48
704282,宜鼎統一71購01,2140,2.14,2.14,2.14,2.14
704283,東捷統一71購01,2380,2.38,2.38,2.38,2.38
704284,佶優統一71購02,0,,,,
704285,高鋒統一64購01,28000,0.28,0.28,0.28,0.28
704286,高鋒統一67購01,5510,0.29,0.29,0.29,0.29
704287,富喬統一61購01,122500,0.39,0.42,0.39,0.42
704288,富喬統一61購02,2300,0.78,0.78,0.74,0.74
704289,富喬統一61購03,0,,,,
704290,富喬統一61購04,34530,0.51,0.52,0.49,0.51
704291,富喬統一64購01,820,0.82,0.82,0.82,0.82
704292,富喬統一65購02,650,0.65,0.65,0.65,0.65
704293,富喬統一6C購01,670,0.67,0.67,0.67,0.67
704294,富喬統一71購01,16020,0.69,0.71,0.69,0.7
704295,富喬統一71購02,136000,0.6,0.6,0.59,0.59
704296,湧德統一71購01,0,,,,
704297,新復興統一71購02,0,,,,
704298,聖暉*統一67購01,522940,0.5,0.57,0.5,0.57
704315,系統電元大5B購03,0,,,,
704320,鈊象元大5A購01,1840,0.08,0.08,0.08,0.08
704321,勤凱元大61購02,59260,1.09,1.13,1.09,1.13
704322,聖暉*元大61購01,308590,2.34,2.69,2.34,2.69
704325,精測元大5B購01,6750,0.91,1.29,0.91,1.29
704343,世界富邦5C購01,0,,,,
704347,世界統一5C購02,0,,,,
704348,合晶統一61購01,0,,,,
704349,東捷統一71購02,0,,,,
704350,佶優統一71購03,0,,,,
704351,精測統一61購01,85970,0.54,0.81,0.54,0.7
704352,精測統一61購02,1500,0.75,0.75,0.75,0.75
704353,精測統一71購01,1029830,1.27,1.52,1.27,1.51
704358,竹陞永豐5A購01,63700,2.67,3.37,2.67,3.37
704361,華容永豐5C購01,0,,,,
704365,精測永豐5A購01,144490,0.76,0.85,0.76,0.85
704368,點序永豐61購01,0,,,,
704370,世界國票5B購01,194900,0.8,0.8,0.75,0.76
704373,精測國票5A購01,50750,0.39,0.79,0.39,0.52
704374,精測國票5A購02,89740,0.47,0.69,0.47,0.69
704377,精測兆豐59購01,16600,0.83,0.83,0.83,0.83
704379,中探針凱基59購01,0,,,,
704380,宜鼎凱基5B購01,0,,,,
704381,鈊象凱基5A購01,0,,,,
704382,精測凱基5B購01,31500,1.75,1.75,1.75,1.75
704388,中探針元大5B購01,0,,,,
704391,世界元大5B購01,0,,,,
704394,系統電元大61購01,200,0.1,0.1,0.1,0.1
704396,順達元大5A購05,0,,,,
704400,宜鼎富邦61購01,0,,,,
704401,信昌電富邦5C購01,61200,10.2,10.2,10.2,10.2
704403,高鋒統一61購02,0,,,,
704404,精測統一5C購01,61540,0.75,0.76,0.73,0.74
704405,尼克森永豐59購01,0,,,,
704406,亞電永豐59購01,3000,3.0,3.0,3.0,3.0
704409,精測永豐5A購02,21220,0.38,0.51,0.38,0.51
704416,創惟群益59購01,0,,,,
704418,精測群益59購03,1900,0.02,0.02,0.02,0.02
704419,力旺元大5A購01,0,,,,
704421,中美晶元大5C購01,0,,,,
704424,湧德元大61購02,0,,,,
704426,精材元大5B購01,0,,,,
704427,精材元大61購02,0,,,,
704430,大中凱基59購01,0,,,,
704448,新復興富邦59購01,0,,,,
704450,系統電元富59購01,0,,,,
704453,東捷永豐59購01,0,,,,
704481,中探針元大61購01,4550,4.55,4.55,4.55,4.55
704482,元太元大61購01,0,,,,
704491,湧德元大5B購01,0,,,,
704492,鈊象元大5B購01,201730,0.42,0.42,0.38,0.39
704494,精材元大5A購01,0,,,,
704495,精材元大5B購02,8350,8.35,8.35,8.35,8.35
704496,精材元大61購03,0,,,,
704502,大中永豐59購01,0,,,,
704506,系統電永豐5C購01,0,,,,
704507,亞電永豐5B購01,511110,2.26,2.26,2.16,2.21
704511,萬泰科永豐59購01,0,,,,
704526,能率群益59購01,0,,,,
704529,擎亞群益59購01,0,,,,
704532,大中統一5C購01,0,,,,
704533,大中統一71購01,8460,1.41,1.41,1.41,1.41
704534,台半統一5C購04,0,,,,
704535,台燿統一66購01,0,,,,
704536,尼克森統一5B購01,0,,,,
704537,巨漢統一5C購01,0,,,,
704538,合晶統一61購02,385300,4.27,4.57,4.27,4.57
704539,竹陞統一64購01,0,,,,
704540,宏捷科統一61購03,0,,,,
704541,系統電統一64購01,0,,,,
704542,宜鼎統一5B購01,49000,2.46,2.46,2.44,2.44
704543,宜鼎統一66購01,0,,,,
704544,宜鼎統一71購02,0,,,,
704545,東捷統一64購01,5520,2.76,2.76,2.76,2.76
704546,長科*統一71購01,115160,0.73,0.75,0.73,0.75
704547,佶優統一61購02,3900,0.13,0.13,0.13,0.13
704548,昱展統一61購01,100,0.01,0.01,0.01,0.01
704549,茂迪統一5B購01,187460,0.23,0.26,0.23,0.26
704550,能率亞統一61購02,17100,0.43,0.43,0.42,0.42
704551,能率亞統一71購01,0,,,,
704552,順達統一63購01,26100,0.87,0.87,0.87,0.87
704553,雍智統一71購01,10400,5.2,5.2,5.2,5.2
704556,力旺凱基5A購01,0,,,,
704560,系統電凱基5B購01,0,,,,
704566,天品永豐59購01,0,,,,
704567,萬泰科永豐5B購01,17560,2.58,2.58,2.48,2.48
704572,家登群益59購01,0,,,,
704578,元太元大61購02,0,,,,
704579,合晶元大5A購01,0,,,,
704584,精材元大5A購02,0,,,,
704590,能率亞統一63購01,38100,0.5,0.5,0.46,0.46
704591,能率亞統一71購02,1480,0.74,0.74,0.74,0.74
704592,能率統一71購01,0,,,,
704605,系統電凱基5B購02,0,,,,
704607,原相凱基5A購01,0,,,,
704609,力旺群益59購01,65500,6.55,6.55,6.55,6.55
704618,宜鼎群益59購01,613020,2.37,2.42,2.37,2.42
704619,旺矽群益59購01,0,,,,
704620,博智群益5B購01,0,,,,
704628,中光電統一61購01,0,,,,
704629,智通*統一61購01,0,,,,
704636,博智永豐59購01,0,,,,
704637,智通*永豐59購01,0,,,,
704638,廣運永豐61購01,0,,,,
704649,宜鼎凱基59購03,0,,,,
704650,聖暉*凱基5B購01,135850,2.37,2.69,2.37,2.69
704653,台燿兆豐59購02,0,,,,
704665,鈊象元大5C購01,11800,0.4,0.4,0.38,0.38
704668,穩得元大5B購01,0,,,,
704678,中光電永豐59購01,0,,,,
704679,中美晶永豐59購01,0,,,,
704683,擎亞永豐59購02,0,,,,
704685,穩懋永豐5A購02,6800,6.8,6.8,6.8,6.8
704686,世界兆豐5A購01,1400,0.14,0.14,0.14,0.14
704687,M31凱基5A購01,0,,,,
704702,竹陞元大5A購01,7800,0.26,0.26,0.26,0.26
704707,家登元大5A購01,0,,,,
704712,精材元大61購04,0,,,,
704715,M31永豐5A購01,0,,,,
704719,世界永豐5B購01,0,,,,
704721,台燿永豐5A購02,0,,,,
704725,家登永豐5B購01,40740,1.94,1.94,1.94,1.94
704728,精材永豐5A購01,0,,,,
704730,廣明永豐5A購02,0,,,,
704731,點序永豐5A購01,0,,,,
704733,鑫聯永豐5A購01,0,,,,
704736,印能凱基5A購01,0,,,,
704745,宜特國票5B購01,0,,,,
704750,系統電兆豐5A購01,0,,,,
704751,穩懋兆豐5A購01,0,,,,
704760,宜鼎元大5A購03,0,,,,
704766,精材元大61購05,0,,,,
704767,印能永豐5A購01,0,,,,
704771,東浦永豐5A購01,0,,,,
704773,大樹群益62購01,0,,,,
704775,博智群益62購01,0,,,,
704778,榮剛群益5A購01,0,,,,
704781,點序群益62購01,22050,0.09,0.09,0.09,0.09
704786,信驊凱基5A購02,0,,,,
704789,雍智凱基5A購01,0,,,,
704793,擎亞永豐5A購02,0,,,,
704794,擎亞永豐5B購01,6200,0.62,0.62,0.62,0.62
704807,宜鼎元大5A購04,0,,,,
704831,信驊國票5C購01,0,,,,
704839,擎亞國票5A購01,2290,0.11,0.11,0.09,0.09
704841,台半富邦5B購01,0,,,,
704842,台星科富邦5B購01,514110,0.36,0.45,0.35,0.45
704843,合晶富邦5B購01,0,,,,
704844,宜特富邦5A購01,0,,,,
704845,信驊富邦5B購01,0,,,,
704846,智通*富邦5A購01,0,,,,
704847,智通*富邦5B購01,0,,,,
704848,順達富邦5A購01,0,,,,
704849,廣明富邦5B購01,0,,,,
704850,廣運富邦5B購01,0,,,,
704852,雙鴻富邦5A購01,0,,,,
704858,東捷凱基5A購01,0,,,,
704880,榮剛富邦5A購01,0,,,,
704881,譜瑞兆豐62購01,26380,1.19,1.29,1.19,1.29
704893,青雲永豐5A購01,14100,14.1,14.1,14.1,14.1
704895,世界統一62購01,550500,0.63,0.64,0.57,0.61
704896,台星科統一62購01,493440,0.63,0.69,0.63,0.69
704897,台燿統一62購01,107220,4.1,4.17,4.1,4.14
704898,光頡統一5C購02,0,,,,
704899,長科*統一61購01,9200,0.92,0.92,0.92,0.92
704900,茂達統一62購01,22600,0.5,0.51,0.5,0.51
704901,茂達統一62購02,0,,,,
704902,訊聯統一72購01,0,,,,
704903,智通*統一68購01,0,,,,
704904,新復興統一72購01,0,,,,
704905,穩懋統一72購01,12610,2.54,2.54,2.5,2.53
704906,穩懋統一72購02,0,,,,
704907,鑫聯統一62購01,48000,0.48,0.48,0.48,0.48
704911,宜鼎凱基5A購02,0,,,,
704915,穩懋凱基5B購02,0,,,,
704925,系統電元大62購01,0,,,,
704929,勤凱元大5A購02,2390,2.39,2.39,2.39,2.39
704937,茂迪富邦61購01,28900,0.17,0.17,0.17,0.17
704941,印能國票5A購01,0,,,,
704944,印能統一65購01,0,,,,
704945,良維統一5C購01,0,,,,
704946,閎康統一72購01,0,,,,
704947,順達統一65購01,6850,0.71,0.71,0.66,0.66
704948,雙鴻統一5C購01,442950,1.41,1.5,1.4,1.5
704949,雙鴻統一65購01,0,,,,
704950,耀勝統一5C購03,200,0.01,0.01,0.01,0.01
704951,鑫科統一72購01,0,,,,
704952,鑫聯統一72購01,0,,,,
704953,鑫聯統一72購02,0,,,,
704954,系微兆豐62購01,637700,1.79,1.93,1.79,1.93
704957,雙鴻永豐5A購02,0,,,,
704958,中探針群益5C購01,8600,8.6,8.6,8.6,8.6
704963,協易機群益5A購01,0,,,,
704966,訊聯群益5A購01,0,,,,
704968,精材群益5A購02,0,,,,
704983,雙鴻元富5A購02,17100,1.71,1.71,1.71,1.71
704984,雙鴻元富5A購03,1313280,2.94,3.22,2.51,2.65
704997,雙鴻元大5B購01,722970,1.49,1.63,1.41,1.51
704998,雙鴻元大61購02,16780,0.97,1.18,0.95,1.17
705002,世界富邦5C購02,1115940,0.91,0.95,0.82,0.86
705003,世界統一72購01,632160,0.86,0.88,0.83,0.86
705004,宏觀統一62購01,0,,,,
705005,茂迪統一72購01,0,,,,
705006,茂達統一61購02,0,,,,
705007,智通*統一62購01,143000,0.43,0.46,0.43,0.46
705008,湧德統一61購03,2000,0.2,0.2,0.2,0.2
705009,穩懋統一72購03,5000,2.5,2.5,2.5,2.5
705010,穩懋統一72購04,24940,2.23,2.28,2.23,2.28
705011,鑫聯統一61購01,0,,,,
705012,台燿永豐5C購01,0,,,,
705013,台燿永豐61購01,0,,,,
705014,宏捷科永豐5A購01,530,0.01,0.01,0.01,0.01
705023,雙鴻凱基5C購01,28860,2.58,2.7,2.58,2.7
705027,系統電群益5A購01,0,,,,
705028,宜特群益5A購01,0,,,,
705029,金山電群益5A購01,0,,,,
705031,訊聯群益5A購02,0,,,,
705034,精材群益5A購03,0,,,,
705038,宏觀國票5C購01,0,,,,
705063,穩懋元大61購02,7780,2.48,2.65,2.48,2.65
705072,新應材凱基5A購01,0,,,,
705081,閎康群益5A購01,0,,,,
705083,精測群益5A購01,0,,,,
705084,精測群益62購03,118920,0.66,1.08,0.66,1.08
705087,世界富邦5C購03,0,,,,
705089,新應材富邦63購01,0,,,,
705090,精測富邦5A購01,1880,0.01,0.02,0.01,0.02
705091,正淩統一62購01,11020,0.38,0.38,0.38,0.38
705092,正淩統一65購01,10400,0.4,0.4,0.4,0.4
705093,宏觀統一72購01,0,,,,
705094,宜特統一62購01,37780,0.34,0.35,0.34,0.35
705095,新復興統一62購01,0,,,,
705096,精測統一62購01,106200,0.16,0.28,0.16,0.28
705097,精測統一64購02,0,,,,
705098,精測統一72購01,2490,1.17,1.32,1.17,1.32
705099,雙鴻統一62購03,3863070,0.83,0.91,0.78,0.86
705100,鑫科統一62購01,1500,0.3,0.3,0.3,0.3
705101,世界中信5B購01,0,,,,
705103,弘塑元富5A購02,0,,,,
705108,精測元富5B購01,0,,,,
705109,精測元富5B購02,0,,,,
705110,精測元富5B購03,0,,,,
705111,系統電永豐61購01,0,,,,
705112,茂迪永豐5A購01,0,,,,
705114,新應材永豐61購01,0,,,,
705117,系統電凱基5A購02,0,,,,
705126,大中統一62購01,0,,,,
705127,宏觀統一72購02,0,,,,
705128,良維統一72購01,578410,1.35,1.42,1.35,1.4
705129,宜特統一72購01,41540,0.62,0.62,0.62,0.62
705130,長科*統一72購01,84400,1.15,1.21,1.14,1.21
705131,茂迪統一61購01,0,,,,
705132,茂迪統一72購02,19110,0.39,0.39,0.39,0.39
705133,博智統一62購01,0,,,,
705134,博智統一62購02,0,,,,
705135,穩懋統一72購05,10850,2.17,2.17,2.17,2.17
705136,鏵友益統一72購01,44220,0.85,0.86,0.85,0.86
705137,台燿中信5A購01,0,,,,
705138,良維中信5C購01,138590,2.03,2.14,2.03,2.14
705142,新應材永豐5B購01,0,,,,
705143,正淩國票5B購01,0,,,,
705161,雙鴻元大61購03,0,,,,
705169,正淩凱基5B購01,0,,,,
705171,系統電凱基61購01,0,,,,
705173,宜鼎凱基59購04,65600,4.1,4.1,4.1,4.1
705175,崴寶凱基59購01,0,,,,
705179,雙鴻凱基5C購02,30320,1.8,1.92,1.7,1.92
705181,家登國泰59購01,0,,,,
705182,雙鴻國泰59購02,0,,,,
705183,雙鴻國泰59購03,0,,,,
705185,弘塑富邦59購03,66900,2.23,2.23,2.23,2.23
705186,閎康富邦5A購01,0,,,,
705188,元太統一62購01,2200,0.2,0.2,0.18,0.18
705190,弘塑統一72購01,28320,1.24,1.24,1.23,1.23
705191,正淩統一72購01,0,,,,
705192,沛亨統一72購01,0,,,,
705193,宜鼎統一72購01,210650,1.29,1.31,1.28,1.3
705194,崴寶統一64購01,0,,,,
705195,崴寶統一72購01,309590,1.02,1.02,0.98,1.0
705196,雙鴻統一72購01,219700,1.18,1.24,1.14,1.17
705197,鑫聯統一65購01,0,,,,
705199,凡甲國票59購01,0,,,,
705201,加百裕國票59購01,0,,,,
705203,匯鑽科國票59購02,0,,,,
705205,鑫聯國票59購03,0,,,,
705212,雙鴻元大5C購01,0,,,,
705213,雙鴻元大61購04,0,,,,
705214,神盾永豐5B購01,0,,,,
705215,崴寶永豐5B購01,156400,1.0,1.01,0.94,0.97
705216,雙鴻永豐61購01,13360,1.67,1.67,1.67,1.67
705221,雙鴻元富5A購04,0,,,,
705222,雙鴻元富5A購05,2620,2.62,2.62,2.62,2.62
705223,雙鴻元富5A購06,248240,1.34,1.36,1.34,1.36
705224,穩懋元富5A購02,0,,,,
705225,穩懋元富5A購03,0,,,,
705235,力旺凱基5B購01,642050,2.78,4.77,2.78,4.77
705236,凡甲凱基59購01,0,,,,
705238,穩懋凱基61購01,14400,2.88,2.88,2.88,2.88
705241,力旺永豐59購01,11400,1.16,1.16,1.12,1.12
705242,宸曜永豐59購01,100,0.01,0.01,0.01,0.01
705243,萬潤永豐62購01,0,,,,
705246,力旺元富5A購01,0,,,,
705249,力旺國泰59購01,0,,,,
705250,凡甲國泰59購02,0,,,,
705251,中美晶國泰59購01,0,,,,
705252,神盾國泰59購01,0,,,,
705253,穩懋國泰59購01,0,,,,
705254,雙鴻富邦5A購02,183730,1.08,1.15,1.05,1.15
705255,雙鴻富邦5A購03,323030,1.29,1.37,1.24,1.24
705257,力旺統一65購01,305500,1.2,1.2,1.11,1.14
705258,力旺統一72購01,526670,1.16,1.27,1.16,1.24
705259,凡甲統一72購01,0,,,,
705260,凡甲統一72購02,0,,,,
705261,元太統一62購02,13640,0.22,0.22,0.22,0.22
705262,元太統一72購01,0,,,,
705263,弘塑統一72購02,0,,,,
705264,正淩統一72購02,0,,,,
705265,沛亨統一72購02,52950,1.73,1.73,1.66,1.7
705266,博智統一72購01,0,,,,
705267,閎康統一72購02,30210,0.79,0.8,0.79,0.8
705268,雙鴻統一62購04,132840,0.28,0.84,0.28,0.84
705269,穩懋統一65購02,26940,1.91,1.95,1.91,1.95
705272,世紀*國票59購02,17630,1.1,1.29,1.1,1.26
705273,穩懋國票59購02,120000,5.0,5.0,5.0,5.0
705276,力旺群益5A購01,43200,2.03,2.29,2.03,2.29
705279,良維群益5C購01,51200,1.93,2.22,1.93,2.22
705284,力旺元大5A購03,194550,1.9,2.2,1.9,2.05
705289,鈊象元大5C購02,73640,1.11,1.11,1.06,1.06
705291,世紀*凱基59購01,118110,0.69,1.77,0.69,1.77
705292,宏觀凱基5B購01,0,,,,
705300,鈊象凱基61購01,67330,1.49,1.49,1.4,1.45
705302,雙鴻凱基59購07,0,,,,
705303,台星科富邦5A購01,80780,0.98,1.07,0.98,1.07
705304,台燿富邦5C購02,5100,5.1,5.1,5.1,5.1
705305,宏觀富邦5A購01,0,,,,
705306,良維富邦59購02,0,,,,
705307,富喬富邦5B購01,268200,0.65,0.68,0.6,0.6
705308,亞泰統一64購01,0,,,,
705309,亞泰統一72購01,0,,,,
705310,博智統一72購02,8600,0.86,0.86,0.86,0.86
705311,富喬統一62購01,19970,0.52,0.58,0.52,0.55
705312,富喬統一62購02,312810,0.55,0.61,0.54,0.56
705313,精材統一65購01,7440,3.72,3.72,3.72,3.72
705314,精材統一72購01,7870,1.95,1.99,1.94,1.99
705315,鑫科統一72購02,0,,,,
705316,沛亨國票59購02,45400,4.54,4.54,4.54,4.54
705318,宜鼎國票5A購01,0,,,,
705319,泰茂國票59購01,0,,,,
705320,泰茂國票59購02,0,,,,
705321,富強鑫國票59購01,600,0.02,0.02,0.02,0.02
705323,富喬國票59購02,0,,,,
705324,富喬國票5A購01,14000,1.4,1.4,1.4,1.4
705325,聚和國票59購01,0,,,,
705326,寶雅國票59購01,0,,,,
705330,富喬元大59購01,1700,0.17,0.17,0.17,0.17
705331,富喬元大5B購02,0,,,,
705333,鈊象元大5C購03,47090,0.98,0.98,0.91,0.91
705337,穩懋元大61購04,5100,2.55,2.55,2.55,2.55
705340,富喬群益59購01,0,,,,
705341,富喬群益5A購01,6600,0.66,0.66,0.66,0.66
705343,弘塑永豐5B購01,0,,,,
705346,富喬永豐5A購02,600,0.6,0.6,0.6,0.6
705347,富喬永豐61購01,372970,0.95,0.98,0.9,0.92
705348,富喬永豐65購01,445620,1.15,1.16,1.14,1.15
705349,雙鴻永豐5B購01,46090,1.46,1.55,1.46,1.55
705357,穩懋凱基61購02,43300,7.1,7.55,7.0,7.0
705358,良維兆豐5A購01,20200,2.02,2.02,2.02,2.02
705360,中美晶元大5B購01,0,,,,
705365,雙鴻元大5B購02,53860,1.86,1.94,1.8,1.94
705366,雙鴻元大5C購02,6950,1.39,1.39,1.39,1.39
705370,穩懋元大61購05,207480,1.41,1.66,1.36,1.66
705371,穩懋富邦59購04,0,,,,
705372,力致統一64購01,3240,0.27,0.27,0.27,0.27
705373,凡甲統一61購01,0,,,,
705374,元太統一72購02,0,,,,
705375,台燿統一62購02,39800,3.98,3.98,3.98,3.98
705376,正基統一64購01,0,,,,
705377,兆利統一64購01,0,,,,
705378,宏捷科統一61購04,10600,0.2,0.23,0.2,0.23
705379,沛亨統一68購01,199400,1.43,1.43,1.41,1.41
705380,系統電統一5C購02,0,,,,
705381,系微統一64購01,35240,0.52,0.53,0.52,0.53
705382,亞泰統一72購02,0,,,,
705383,宜特統一65購01,4100,0.41,0.41,0.41,0.41
705384,東捷統一72購01,0,,,,
705385,前鼎統一72購01,0,,,,
705386,茂達統一72購01,74100,0.76,0.77,0.76,0.77
705387,原相統一64購01,83740,0.32,0.35,0.32,0.35
705388,能率統一72購01,0,,,,
705389,富強鑫統一72購01,359830,0.75,0.75,0.69,0.69
705390,新漢統一64購02,0,,,,
705391,新漢統一72購01,0,,,,
705392,萬潤統一62購01,4520,4.52,4.52,4.52,4.52
705393,鈺太統一64購01,0,,,,
705394,精材統一5C購02,0,,,,
705395,聚和統一64購01,0,,,,
705396,廣明統一72購01,0,,,,
705397,穩得統一72購01,15400,0.77,0.77,0.77,0.77
705398,穩懋統一61購06,0,,,,
705399,穩懋統一62購01,101110,1.39,1.53,1.36,1.53
705400,穩懋統一62購02,39790,2.16,2.38,2.16,2.38
705401,穩懋統一62購03,70260,1.4,1.6,1.3,1.6
705402,耀勝統一64購01,0,,,,
705403,耀勝統一72購01,0,,,,
705404,鑫科統一72購03,0,,,,
705405,正基國票59購01,0,,,,
705406,昱展國票59購02,0,,,,
705409,台星科永豐59購01,0,,,,
705410,沛亨永豐5B購01,0,,,,
705411,良維永豐59購01,10600,1.06,1.06,1.06,1.06
705412,萬潤永豐59購01,0,,,,
705413,鉅橡永豐5A購02,0,,,,
705415,鑫科永豐59購01,0,,,,
705422,大中群益59購02,0,,,,
705425,翔名群益59購01,0,,,,
705426,勤凱群益5A購01,0,,,,
705428,萬潤群益59購01,0,,,,
705433,中美晶凱基5C購01,0,,,,
705437,弘塑凱基5C購01,0,,,,
705438,沛亨凱基5A購01,81800,4.09,4.09,4.09,4.09
705439,信驊凱基5A購03,0,,,,
705442,台特化兆豐5B購01,0,,,,
705443,新應材兆豐5B購01,0,,,,
705444,良維國票62購01,732450,2.67,3.5,2.66,2.87
705445,東浦國票5A購01,0,,,,
705446,信驊國票62購01,7550,7.55,7.55,7.55,7.55
705447,博智國票5A購01,3520,1.76,1.76,1.76,1.76
705448,萬潤國票5A購01,0,,,,
705449,鉅橡國票5B購01,0,,,,
705451,穩懋國票5A購03,62200,2.04,2.6,2.04,2.53
705452,世界國泰5A購01,40890,2.04,2.04,1.91,1.91
705453,宏捷科國泰5A購01,0,,,,
705455,世界群益5B購02,0,,,,
705457,宏捷科群益5A購01,0,,,,
705458,良維群益5B購01,115920,0.93,1.01,0.93,0.93
705460,信驊群益5B購04,0,,,,
705461,湧德群益61購01,0,,,,
705462,順達群益5B購01,0,,,,
705475,雙鴻元大5C購03,727900,2.2,2.31,2.05,2.29
705476,雙鴻元大61購05,0,,,,
705477,台特化統一63購02,0,,,,
705478,台特化統一73購01,0,,,,
705479,良維統一61購01,392490,1.14,1.3,1.14,1.25
705480,良維統一63購01,331760,0.91,0.98,0.91,0.95
705481,亞泰統一62購01,10800,5.4,5.4,5.4,5.4
705482,信昌電統一61購04,0,,,,
705483,新應材統一62購02,2800,0.14,0.14,0.14,0.14
705484,萬潤統一62購02,0,,,,
705485,萬潤統一73購01,0,,,,
705486,德微統一63購01,224900,1.62,1.68,1.6,1.6
705487,穩懋統一66購01,191960,1.3,1.35,1.2,1.35
705488,穩懋統一73購01,8700,1.74,1.74,1.74,1.74
705489,穩懋統一73購02,880450,1.63,1.75,1.56,1.73
705491,世界永豐5A購02,0,,,,
705492,世界永豐5B購02,71620,3.21,3.57,3.21,3.26
705494,台特化永豐5B購01,0,,,,
705496,光頡永豐5A購01,0,,,,
705497,宜鼎永豐5A購02,0,,,,
705500,原相永豐5B購01,0,,,,
705502,萬潤永豐5B購01,0,,,,
705503,德微永豐5A購01,0,,,,
705504,雙鴻永豐5C購01,108650,2.65,2.65,2.65,2.65
705505,穩懋永豐5A購03,65850,1.01,1.4,1.01,1.4
705508,宜特元富5A購01,0,,,,
705509,信驊元富5A購04,0,,,,
705519,均華兆豐63購01,3510,3.51,3.51,3.51,3.51
705520,宜鼎兆豐63購01,19380,3.23,3.23,3.23,3.23
705521,順達兆豐5B購01,0,,,,
705522,雙鴻兆豐5B購01,2450,0.8,0.85,0.8,0.85
705525,良維凱基5B購02,35700,1.19,1.19,1.19,1.19
705527,萬潤凱基5B購01,0,,,,
705534,雙鴻凱基5B購01,455460,0.96,1.2,0.94,1.2
705539,中探針元大5A購02,0,,,,
705544,萬潤元大5B購01,0,,,,
705548,雙鴻元大61購06,52500,0.75,0.75,0.75,0.75
705551,穩懋元大5A購03,149980,0.89,1.2,0.89,1.2
705552,穩懋元大5B購04,45200,1.13,1.13,1.13,1.13
705553,穩懋元大5C購04,464200,1.0,1.18,0.99,1.18
705554,宜鼎富邦5C購02,1500,1.5,1.5,1.5,1.5
705555,中探針永豐5C購01,146040,3.29,3.65,3.29,3.65
705556,正基永豐5A購01,0,,,,
705557,茂迪永豐5C購01,400,0.04,0.04,0.04,0.04
705558,神盾永豐5C購01,0,,,,
705559,博智永豐5B購01,0,,,,
705560,萬潤永豐5C購01,31700,3.17,3.17,3.17,3.17
705562,環球晶永豐5B購01,0,,,,
705564,雙鴻永豐5A購03,0,,,,
705565,穩懋永豐5C購02,3032150,1.45,1.6,1.23,1.5
705566,耀勝永豐5C購01,0,,,,
705567,宏觀國泰5A購01,0,,,,
705568,沛亨國泰5A購01,0,,,,
705569,宜鼎國泰5A購01,0,,,,
705570,世界凱基5C購01,321200,1.14,1.2,1.04,1.12
705572,旺矽凱基5A購02,0,,,,
705575,原相凱基5B購01,0,,,,
705577,鉅橡凱基5B購01,0,,,,
705580,宏觀永豐5A購01,0,,,,
705581,良維永豐5B購01,300060,1.06,1.34,1.06,1.33
705583,旺矽永豐5A購01,0,,,,
705584,旺矽永豐5B購01,0,,,,
705585,博磊永豐5A購01,0,,,,
705587,精材永豐5B購01,0,,,,
705589,鏵友益永豐5C購01,0,,,,
705590,鑫聯永豐5C購01,0,,,,
705599,雙鴻元大61購07,8700,0.87,0.87,0.87,0.87
705600,凡甲國泰5A購01,0,,,,
705601,旺矽國泰5A購01,0,,,,
705602,鑫聯國泰5A購01,0,,,,
705603,元太國票5A購01,0,,,,
705604,良維國票67購01,134270,2.36,2.65,2.31,2.57
705605,亞信國票5A購01,0,,,,
705606,旺矽國票61購01,0,,,,
705608,是方國票5A購01,0,,,,
705610,精材國票5C購01,0,,,,
705611,雙鴻國票5C購01,83800,0.84,0.84,0.83,0.83
705614,弘塑群益5A購02,0,,,,
705615,正基群益5A購01,0,,,,
705616,宏捷科群益5A購02,0,,,,
705617,良維群益5B購02,98660,0.93,0.97,0.93,0.97
705619,亞信群益5A購01,0,,,,
705620,宜鼎群益5A購01,0,,,,
705621,旺矽群益5B購01,95200,4.7,4.82,4.7,4.82
705622,順達群益5A購01,0,,,,
705627,環球晶群益5A購01,0,,,,
705630,旺矽兆豐5B購01,0,,,,
705631,大綜永豐5A購01,0,,,,
705633,順達永豐5B購01,0,,,,
705634,新復興永豐5B購01,0,,,,
705637,系統電群益5A購02,0,,,,
705638,宜鼎群益5B購01,3080,3.08,3.08,3.08,3.08
705643,茂迪群益5A購01,0,,,,
705644,原相群益5C購01,0,,,,
705648,正基凱基5A購01,0,,,,
705652,宜鼎凱基5A購03,16960,2.06,2.18,2.06,2.18
705653,前鼎凱基5A購01,0,,,,
705656,鉅橡凱基5A購01,0,,,,
705659,印能元大5C購01,0,,,,
705665,環球晶元大61購01,0,,,,
705666,鑫聯元大61購01,0,,,,
705667,萬泰科國泰5A購01,5550,1.85,1.85,1.85,1.85
705668,鉅橡國泰5A購01,0,,,,
705671,鈊象富邦5B購01,560,0.28,0.28,0.28,0.28
705672,聖暉*富邦5B購01,41650,0.43,0.54,0.43,0.54
705674,環球晶富邦5C購01,0,,,,
705675,雙鴻富邦5C購01,448080,1.09,1.22,1.05,1.12
705676,雙鴻富邦5C購02,3622080,0.75,0.85,0.68,0.72
705677,譜瑞富邦5C購01,2490,2.49,2.49,2.49,2.49
705679,九豪國票5A購01,0,,,,
705680,正基國票5A購01,0,,,,
705681,沛亨國票5A購01,0,,,,
705682,宜鼎國票5A購02,0,,,,
705683,岳豐國票5A購01,0,,,,
705684,茂迪國票5A購01,0,,,,
705685,茂迪國票5A購02,0,,,,
705686,晟德國票5A購01,0,,,,
705690,僑威國票5A購01,0,,,,
705691,聚和國票5A購01,0,,,,
705692,臺慶科國票5A購02,0,,,,
705694,正基凱基5A購02,0,,,,
705697,新復興凱基5B購01,0,,,,
705698,鉅橡凱基5A購02,0,,,,
705699,聚和凱基5A購01,0,,,,
705700,寶雅凱基5A購01,0,,,,
705702,宏捷科國票62購01,0,,,,
705704,昱展國票5A購01,0,,,,
705705,新復興國票5B購01,0,,,,
705706,萬泰科國票5A購01,0,,,,
705707,德勝國票5A購01,0,,,,
705708,正基國泰5A購01,0,,,,
705709,勤凱國泰5A購01,0,,,,
705711,台特化元大5C購01,0,,,,
705712,台燿元大61購03,0,,,,
705718,宜鼎元大5C購04,2770,2.77,2.77,2.77,2.77
705719,宜鼎元大61購02,0,,,,
705726,雙鴻元大61購08,81260,2.1,2.24,2.06,2.12
705727,九豪群益5A購01,0,,,,
705728,台特化群益62購01,0,,,,
705729,正基群益5A購02,0,,,,
705733,宜特群益5B購01,0,,,,
705736,正基永豐5B購01,0,,,,
705737,印能永豐5C購01,3740,1.87,1.87,1.87,1.87
705739,系統電永豐64購01,0,,,,
705740,陽程永豐5A購01,123000,12.3,12.3,12.3,12.3
705753,晟德凱基5A購01,0,,,,
705754,精材凱基61購01,0,,,,
705755,雙鴻凱基5C購03,68030,2.65,3.12,2.65,3.12
705758,世界元大5C購01,69320,2.24,2.27,2.19,2.19
705759,台特化元大5C購02,0,,,,
705769,新應材元大5A購01,0,,,,
705770,新應材元大61購01,7950,0.15,0.16,0.15,0.15
705774,雙鴻元大61購09,100100,1.86,2.0,1.83,1.95
705775,宜特國票5A購02,0,,,,
705776,前鼎國票5B購01,0,,,,
705777,閎康國票5A購01,0,,,,
705778,鈊象國票5A購01,0,,,,
705779,榮剛國票5A購01,0,,,,
705781,鏵友益國票5B購01,0,,,,
705782,鑫聯國票5A購01,0,,,,
705783,良維中信61購01,525450,1.08,1.24,1.08,1.23
705785,新應材永豐63購01,700,0.7,0.7,0.7,0.7
705791,宏捷科元富5C購01,0,,,,
705800,大綜統一73購01,54170,0.7,0.74,0.7,0.74
705801,印能統一62購01,556950,1.58,1.59,1.57,1.59
705802,旺矽統一63購03,0,,,,
705803,前鼎統一62購01,0,,,,
705804,環球晶統一63購01,2770,2.77,2.77,2.77,2.77
705805,環球晶統一63購02,0,,,,
705806,環球晶統一73購01,2400,2.4,2.4,2.4,2.4
705807,環球晶統一73購02,173890,1.96,2.11,1.96,2.09
705808,前鼎國泰5A購01,0,,,,
705809,元太國票5A購02,0,,,,
705810,岳豐國票5A購02,0,,,,
705811,長佳智國票5A購01,90,0.01,0.01,0.01,0.01
705812,前鼎國票61購01,0,,,,
705813,晟德國票5A購02,0,,,,
705814,精星國票5A購01,0,,,,
705816,寶雅國票5A購01,0,,,,
705818,凡甲永豐5B購01,0,,,,
705819,台星科永豐5C購01,834900,1.05,1.2,1.01,1.2
705820,宜特永豐5C購01,0,,,,
705823,前鼎永豐5C購01,0,,,,
705824,能率永豐5C購01,0,,,,
705826,順達永豐61購01,115780,2.59,2.66,2.59,2.66
705827,良維兆豐5B購01,9400,0.94,0.94,0.94,0.94
705828,雙鴻兆豐5B購02,0,,,,
705841,元太元大5B購01,35310,0.33,0.33,0.33,0.33
705845,信驊元大5C購01,0,,,,
705846,新應材元大5A購02,0,,,,
705847,新應材元大61購02,0,,,,
705853,雙鴻元大61購10,1276230,1.78,1.94,1.66,1.79
705854,台特化統一63購03,0,,,,
705855,弘塑統一73購01,106000,1.06,1.06,1.06,1.06
705856,印能統一73購01,72650,1.5,1.54,1.49,1.51
705857,沛亨統一73購01,59950,1.33,1.35,1.33,1.35
705858,良維統一73購01,540,0.54,0.54,0.54,0.54
705859,旺矽統一73購01,61970,3.23,3.35,3.23,3.35
705860,順達統一73購01,33000,0.55,0.55,0.55,0.55
705861,新應材統一73購01,11710,0.28,0.28,0.27,0.27
705862,萬泰科統一62購01,0,,,,
705863,德微統一73購01,1580,1.58,1.58,1.58,1.58
705864,環球晶統一62購01,0,,,,
705865,穩得統一73購01,0,,,,
705870,信驊凱基5B購01,0,,,,
705871,信驊凱基61購02,0,,,,
705872,信驊凱基61購03,18800,9.4,9.4,9.4,9.4
705874,鈊象凱基61購02,140970,1.36,1.36,1.28,1.32
705875,新應材凱基61購01,21000,0.14,0.14,0.14,0.14
705876,榮剛凱基5A購01,0,,,,
705877,環球晶凱基61購01,0,,,,
705878,弘塑富邦5B購01,53600,1.35,1.35,1.33,1.34
705879,良維富邦5B購01,790,0.79,0.79,0.79,0.79
705880,新應材富邦63購02,0,,,,
705881,雙鴻國泰5A購01,0,,,,
705887,新應材群益5A購01,0,,,,
705894,元太凱基5B購02,37600,0.45,0.45,0.4,0.4
705896,台特化凱基5C購01,0,,,,
705899,旺矽凱基5B購01,0,,,,
705901,新應材凱基5A購02,0,,,,
705903,精材凱基61購02,19300,9.65,9.65,9.65,9.65
705908,旺矽兆豐5B購02,0,,,,
705909,新應材兆豐5B購02,0,,,,
705913,宜鼎群益5B購02,0,,,,
705917,雙鴻群益63購01,4590,1.08,1.21,1.08,1.21
705923,弘塑永豐5B購02,12350,0.65,0.65,0.65,0.65
705924,匯鑽科永豐5A購01,0,,,,
705925,新應材永豐5A購01,0,,,,
705926,新應材永豐5C購04,0,,,,
705927,新應材永豐63購02,10390,0.14,0.14,0.13,0.14
705928,雙鴻永豐63購01,866750,1.63,1.81,1.63,1.71
705929,新應材國泰5A購02,0,,,,
705931,台半國票5A購01,0,,,,
705932,弘塑國票5A購01,20900,0.75,0.75,0.74,0.74
705933,宜鼎國票5C購01,59850,3.99,3.99,3.99,3.99
705934,松瑞藥國票5A購01,0,,,,
705935,胡連國票5A購01,2240,0.07,0.07,0.07,0.07
705936,順達國票5A購01,2120,0.53,0.53,0.53,0.53
705938,新應材國票5A購02,0,,,,
705939,新應材國票5B購01,3300,0.03,0.03,0.03,0.03
705940,新應材國票5C購01,0,,,,
705941,群翊國票5A購01,930,0.93,0.93,0.93,0.93
705942,聖暉*國票5A購02,35180,1.76,2.03,1.76,1.98
705943,德微國票5A購01,0,,,,
705944,新應材富邦5C購02,0,,,,
705945,均豪統一73購01,0,,,,
705946,宏捷科統一63購01,2100,0.21,0.21,0.21,0.21
705947,系微統一73購01,66120,0.57,0.57,0.57,0.57
705948,良維統一63購02,156960,0.85,0.95,0.85,0.95
705949,良維統一73購02,12000,0.84,0.87,0.84,0.87
705950,宜特統一73購01,0,,,,
705951,信紘科統一63購01,47100,0.32,0.35,0.32,0.35
705952,前鼎統一73購01,0,,,,
705953,鉅橡統一73購01,0,,,,
705954,鈺太統一66購01,7330,0.2,0.2,0.19,0.19
705968,新應材元大5A購03,0,,,,
705969,新應材元大61購03,0,,,,
705984,博智元大5C購02,0,,,,
705986,世紀*國票5A購01,237200,6.3,8.4,4.3,8.4
705987,台特化國票5A購03,0,,,,
705988,閎康國票5A購02,0,,,,
705989,雙鴻國票5A購02,1306650,6.45,7.15,6.25,6.4
705991,弘塑國泰5A購01,2200,2.2,2.2,2.2,2.2
705992,均華國泰5A購01,0,,,,
705993,宜鼎富邦63購01,0,,,,
705994,蜜望實統一63購01,15200,1.52,1.52,1.52,1.52
705995,蜜望實統一73購01,0,,,,
705996,世界群益5B購03,0,,,,
705997,旺矽群益5B購02,0,,,,
705998,神盾群益5B購01,0,,,,
706001,雙鴻群益5B購03,0,,,,
706004,精材中信61購01,0,,,,
706005,蜜望實永豐5B購01,0,,,,
706006,穩得永豐5B購01,1300,0.43,0.44,0.43,0.44
706010,旺矽凱基5C購01,0,,,,
706011,博智凱基5C購01,170700,3.5,3.5,3.36,3.45
706015,緯軟國票5B購01,5600,0.16,0.16,0.16,0.16
706016,雙鴻國票5A購03,75050,1.96,2.32,1.67,2.08
706017,宜鼎中信61購01,0,,,,
706018,弘塑永豐63購01,46360,1.96,1.96,1.92,1.92
706019,均華永豐5B購01,6300,6.3,6.3,6.3,6.3
706020,旺矽永豐61購01,0,,,,
706021,鈊象永豐5A購01,0,,,,
706027,大中統一73購01,10600,1.06,1.06,1.06,1.06
706028,台特化統一66購01,0,,,,
706029,台特化統一68購01,0,,,,
706030,均華統一62購01,0,,,,
706031,均華統一63購03,17000,0.85,0.85,0.85,0.85
706032,均華統一73購01,0,,,,
706033,均豪統一63購01,0,,,,
706034,宜鼎統一62購01,12490,1.08,1.11,1.03,1.03
706035,旺矽統一63購04,0,,,,
706036,新普統一63購01,5300,0.53,0.53,0.53,0.53
706037,新普統一73購01,0,,,,
706038,聖暉*統一61購01,8710,0.71,0.8,0.71,0.8
706039,蜜望實統一62購01,0,,,,
706040,鑫聯統一62購02,360,0.18,0.18,0.18,0.18
706044,鈺太群益5A購01,0,,,,
706047,台燿富邦63購01,0,,,,
706049,博智富邦5B購01,0,,,,
706050,蜜望實富邦5B購01,0,,,,
706051,印能國泰5A購01,0,,,,
706052,均華國泰5A購02,0,,,,
706053,鈊象國泰5A購01,370,0.37,0.37,0.37,0.37
706054,台特化元大5B購01,0,,,,
706055,台特化元大63購01,55650,0.35,0.35,0.35,0.35
706060,弘塑元大63購02,432430,3.06,3.08,3.01,3.05
706071,雙鴻元大63購01,111060,1.61,1.61,1.58,1.58
706072,弘塑凱基5A購01,54470,0.56,0.56,0.53,0.55
706073,宜鼎凱基5A購04,0,,,,
706074,鈊象凱基5C購01,0,,,,
706081,雙鴻中信63購01,515440,0.73,0.75,0.71,0.72
706086,旺矽永豐5A購02,0,,,,
706087,旺矽永豐61購02,2930,2.93,2.93,2.93,2.93
706088,旺矽永豐64購01,47720,3.91,3.99,3.91,3.99
706089,茂迪永豐61購01,0,,,,
706090,萬泰科永豐5C購01,0,,,,
706092,力致國泰5A購01,16250,0.13,0.13,0.13,0.13
706093,弘塑國泰5A購02,0,,,,
706094,均豪國泰5A購01,0,,,,
706095,系統電國泰5A購01,0,,,,
706096,東捷國泰5A購01,0,,,,
706097,弘塑富邦5C購01,3520,0.9,0.9,0.86,0.86
706098,宜鼎富邦5C購03,273700,0.79,0.81,0.76,0.8
706099,旺矽富邦5B購02,0,,,,
706100,旺矽富邦63購01,0,,,,
706101,茂迪富邦63購01,0,,,,
706103,台特化元大63購02,87680,0.32,0.33,0.32,0.33
706105,宏捷科元大5C購01,0,,,,
706115,雙鴻元大63購02,0,,,,
706116,力致國票5A購01,0,,,,
706117,台半國票5A購02,0,,,,
706118,台星科國票61購01,179170,1.37,1.57,1.36,1.57
706119,宏捷科國票5A購01,0,,,,
706120,良維國票5A購01,240000,0.85,1.03,0.85,1.03
706121,宜鼎國票5A購03,570,0.57,0.57,0.57,0.57
706122,旺矽國票5B購02,0,,,,
706124,臺慶科國票61購01,0,,,,
706125,鑫聯國票5C購01,0,,,,
706126,大綜統一63購01,5520,0.92,0.92,0.92,0.92
706127,大綜統一66購01,40840,0.8,0.84,0.8,0.84
706128,台特化統一62購02,780,0.13,0.13,0.13,0.13
706129,巨漢統一63購01,6200,0.31,0.31,0.31,0.31
706130,正基統一62購01,0,,,,
706131,正基統一63購01,0,,,,
706132,正基統一63購02,0,,,,
706133,均豪統一66購01,620,0.62,0.62,0.62,0.62
706134,宜鼎統一63購02,478020,0.85,0.88,0.82,0.88
706135,宜鼎統一63購03,65300,0.5,0.51,0.5,0.51
706136,宜鼎統一66購02,303890,0.7,0.71,0.68,0.71
706137,宜鼎統一73購01,344370,0.6,0.62,0.6,0.62
706138,茂迪統一67購01,0,,,,
706139,聚和統一73購01,19200,0.64,0.64,0.64,0.64
706140,蜜望實統一66購01,28500,1.9,1.9,1.9,1.9
706141,蜜望實統一68購01,1520,1.52,1.52,1.52,1.52
706142,雙鴻統一63購01,13100,1.1,1.1,1.05,1.05
706146,台特化群益5A購01,0,,,,
706150,旺矽群益63購01,1076110,3.68,3.93,3.68,3.88
706153,德微群益63購01,27600,2.76,2.76,2.76,2.76
706154,雙鴻群益63購02,27800,0.78,0.81,0.78,0.81
706155,台特化凱基5C購02,0,,,,
706160,宜鼎凱基5C購02,1540,1.54,1.54,1.54,1.54
706161,旺矽凱基63購01,148450,2.73,2.73,2.66,2.68
706162,旺矽凱基63購02,184390,3.17,3.39,3.17,3.31
706163,東捷凱基63購01,0,,,,
706166,德微凱基5A購01,0,,,,
706168,雙鴻凱基63購01,200250,1.41,1.47,1.41,1.47
706170,良維群益5C購02,297250,1.87,2.16,1.86,2.16
706173,精測群益5B購01,0,,,,
706175,宜鼎國泰5A購02,0,,,,
706176,宜鼎國泰61購01,0,,,,
706177,旺矽國泰5A購02,0,,,,
706178,弘塑富邦63購01,180770,0.77,0.78,0.75,0.76
706179,均華富邦5B購01,134630,0.9,0.94,0.9,0.93
706180,均華統一63購04,0,,,,
706181,良維統一63購03,16420,0.66,0.75,0.66,0.74
706182,旺矽統一63購05,18340,1.57,1.57,1.52,1.52
706183,茂迪統一63購01,0,,,,
706184,台特化元大63購03,0,,,,
706185,均華元大5C購01,16500,0.52,0.61,0.52,0.61
706186,宏捷科元大5C購02,0,,,,
706198,精測元大5C購02,20900,0.28,0.3,0.28,0.3
706203,鑫聯元大63購01,41000,0.41,0.41,0.41,0.41
706204,中美晶國票61購01,0,,,,
706206,均華國票5B購01,126810,0.92,1.08,0.92,1.0
706207,宜鼎國票65購01,130190,1.55,1.59,1.55,1.59
706208,旺矽國票5C購01,1282490,4.2,4.34,4.05,4.05
706209,旺矽國票67購01,1643700,3.62,3.89,3.62,3.76
706210,德微國票65購01,0,,,,
706213,精測中信5B購01,3840,0.08,0.16,0.08,0.14
706214,宜鼎永豐5B購01,123750,0.58,0.61,0.58,0.61
706215,旺矽永豐5C購01,197470,2.5,2.59,2.5,2.59
706216,東捷永豐61購01,0,,,,
706218,精測永豐5B購01,0,,,,
706219,精測永豐61購01,10180,0.18,0.25,0.18,0.25
706220,鑫科永豐5C購02,0,,,,
706223,弘塑元富5C購01,103660,1.42,1.42,1.42,1.42
706225,宏捷科元富5C購02,0,,,,
706239,中美晶兆豐63購01,0,,,,
706240,元太兆豐63購01,39730,1.21,1.21,1.2,1.2
706241,環球晶兆豐5B購01,0,,,,
706245,M31凱基5B購01,75610,0.15,0.2,0.15,0.18
706246,台燿凱基61購01,0,,,,
706248,弘塑凱基5A購02,8700,0.87,0.87,0.87,0.87
706249,宏捷科凱基5C購01,330,0.19,0.19,0.14,0.14
706252,信驊凱基5B購02,239800,10.3,10.9,10.3,10.4
706253,信驊凱基5C購01,14600,7.3,7.3,7.3,7.3
706259,M31永豐5B購01,181750,0.28,0.34,0.28,0.33
706260,M31永豐5C購01,40190,0.32,0.37,0.32,0.37
706261,大中永豐5B購01,0,,,,
706264,台燿永豐5B購01,0,,,,
706265,良維永豐5B購02,0,,,,
706269,M31元富5A購01,0,,,,
706274,良維群益5C購03,10500,2.1,2.1,2.1,2.1
706275,信驊群益5B購05,105200,5.7,5.9,5.7,5.7
706276,聖暉*群益61購01,277610,1.59,1.71,1.59,1.71
706279,台燿國泰5A購01,0,,,,
706280,台燿國泰5A購02,33900,11.3,11.3,11.3,11.3
706281,德微國泰5A購01,47200,2.3,2.38,2.3,2.38
706282,M31統一63購03,4620,0.37,0.4,0.37,0.4
706283,M31富邦5B購01,320,0.15,0.17,0.15,0.17
706284,台特化富邦5C購01,0,,,,
706285,信驊富邦5C購01,0,,,,
706286,茂迪富邦5C購01,0,,,,
706287,雙鴻富邦5C購03,1390770,1.06,1.16,1.01,1.03
706288,M31國票5A購01,6400,0.04,0.04,0.04,0.04
706292,宏觀國票5C購02,0,,,,
706293,沛亨國票5A購02,1257800,1.29,1.36,1.16,1.33
706294,信驊國票5B購03,0,,,,
706297,環球晶國票5A購01,0,,,,
706298,鑫科國票5A購01,0,,,,
706313,雙鴻元大5C購04,0,,,,
706316,台燿兆豐5B購01,0,,,,
706317,弘塑兆豐5B購01,0,,,,
706318,聖暉*兆豐5B購01,0,,,,
706319,印能凱基5B購01,22900,2.29,2.29,2.29,2.29
706322,亞泰凱基5A購01,0,,,,
706324,聖暉*凱基5B購02,222060,1.81,1.94,1.81,1.94
706325,環球晶凱基5C購01,0,,,,
706327,穩得凱基5C購01,31780,0.6,0.6,0.59,0.6
706328,弘塑國票65購01,43880,1.6,1.65,1.6,1.62
706331,亞泰國票5A購01,114100,2.1,2.2,2.1,2.1
706332,華宏國票5A購01,0,,,,
706336,茂迪元大5C購01,0,,,,
706339,雙鴻元大5C購05,778140,1.22,1.32,1.15,1.2
706340,穩得元大63購01,0,,,,
706341,鑫聯元大63購02,0,,,,
706342,雙鴻國泰61購01,236440,2.44,2.44,2.34,2.34
706343,台燿富邦63購02,0,,,,
706344,德微富邦5C購01,436580,0.8,0.83,0.77,0.78
706345,世界統一63購01,164140,1.38,1.4,1.34,1.34
706346,台特化統一63購04,0,,,,
706347,印能統一63購01,100770,0.76,0.78,0.74,0.78
706348,亞泰統一62購02,655220,1.75,1.76,1.73,1.76
706349,博智統一63購01,0,,,,
706350,鈺太統一63購01,0,,,,
706351,弘塑永豐5C購03,620360,0.74,0.74,0.71,0.72
706354,雙鴻永豐61購02,261310,2.07,2.24,1.87,2.04
706355,雙鴻永豐64購01,1441160,1.93,2.21,1.91,2.1
706371,良維凱基61購01,513600,1.38,1.58,1.38,1.53
706378,正淩永豐5B購01,0,,,,
706379,東捷永豐5A購01,0,,,,
706389,美琪瑪群益5A購01,1400,0.07,0.07,0.07,0.07
706390,湧德群益5B購01,0,,,,
706392,雙鴻群益5B購04,0,,,,
706393,雙鴻群益5B購05,18600,1.24,1.24,1.24,1.24
706394,宏觀國泰5A購02,0,,,,
706399,華義國票5A購02,0,,,,
706401,頎邦國票5A購01,0,,,,
706402,聚和國票5A購02,0,,,,
706411,中美晶凱基5A購01,2090,2.09,2.09,2.09,2.09
706412,弘塑凱基5B購01,49000,0.31,0.31,0.29,0.29
706413,印能凱基5B購02,0,,,,
706414,湧德凱基5A購01,0,,,,
706415,閎康凱基5B購01,0,,,,
706416,鈺太凱基59購02,0,,,,
706417,雙鴻凱基59購16,0,,,,
706418,精材國泰5A購01,0,,,,
706419,弘塑富邦61購01,532710,0.62,0.63,0.59,0.6
706420,宏捷科富邦5B購01,0,,,,
706421,宏捷科富邦5C購01,0,,,,
706422,家登富邦5B購01,0,,,,
706423,智通*富邦5B購02,191780,0.6,0.64,0.59,0.63
706424,環球晶富邦5A購01,0,,,,
706425,雙鴻富邦5C購04,213700,1.37,1.4,1.3,1.4
706426,弘塑元大59購06,0,,,,
706427,弘塑元大59購07,0,,,,
706428,印能元大59購07,7800,0.11,0.11,0.1,0.1
706429,良維元大59購17,0,,,,
706431,茂迪元大59購08,0,,,,
706432,茂迪元大63購05,0,,,,
706433,華宏元大59購01,0,,,,
706434,萬泰科元大59購01,0,,,,
706436,臺慶科元大59購03,0,,,,
706437,雙鴻元大59購23,0,,,,
706438,雙鴻元大59購24,203490,1.33,1.33,1.33,1.33
706439,穩得元大5A購01,0,,,,
706441,弘塑群益5A購03,0,,,,
706442,印能群益5B購01,13800,1.38,1.38,1.38,1.38
706443,系微群益59購01,0,,,,
706444,系微群益59購02,0,,,,
706445,良維群益59購02,0,,,,
706446,湧德群益5C購01,0,,,,
706447,華宏群益59購01,0,,,,
706448,環球晶群益5A購02,0,,,,
706449,穩得群益5A購01,0,,,,
706450,環球晶中信59購02,2550,2.55,2.55,2.55,2.55
706451,中美晶永豐5A購02,880,0.88,0.88,0.88,0.88
706452,中美晶永豐5C購01,17300,0.78,0.85,0.78,0.85
706453,弘塑永豐63購02,85680,0.68,0.68,0.68,0.68
706454,合晶永豐59購01,0,,,,
706455,系微永豐5C購01,0,,,,
706456,博智永豐5C購01,0,,,,
706457,華宏永豐5A購01,0,,,,
706458,華義永豐59購01,0,,,,
706459,鴻呈永豐59購01,0,,,,
706460,雙鴻永豐5B購02,0,,,,
706461,鑫聯永豐61購01,0,,,,
706462,中美晶元富59購03,16200,1.62,1.62,1.62,1.62
706463,台特化元富59購02,0,,,,
706464,台燿元富63購01,0,,,,
706465,弘塑元富59購04,0,,,,
706466,宏觀元富59購01,0,,,,
706467,信昌電元富59購01,136000,27.2,27.2,27.2,27.2
706468,華宏元富5B購01,24000,0.12,0.12,0.12,0.12
706470,頎邦元富59購05,0,,,,
706471,力致凱基59購01,0,,,,
706472,中美晶凱基61購01,1051560,4.79,5.0,4.7,5.0
706474,沛亨凱基5B購01,443390,1.65,1.73,1.58,1.73
706475,系微凱基59購02,0,,,,
706476,良維凱基5C購01,335770,1.78,1.96,1.7,1.89
706477,宜特凱基59購03,0,,,,
706479,博智凱基61購01,0,,,,
706480,湧德凱基5B購01,0,,,,
706481,閎康凱基5A購01,0,,,,
706482,萬泰科凱基59購02,0,,,,
706484,臺慶科凱基5A購01,0,,,,
706485,雙鴻凱基5C購04,862440,1.82,1.97,1.63,1.9
706486,九豪國票59購02,100,0.01,0.01,0.01,0.01
706488,合晶國票5A購01,0,,,,
706489,均豪國票5A購01,38520,0.13,0.13,0.12,0.13
706490,頎邦國票5A購02,0,,,,
706491,鑫聯國票5A購04,0,,,,
706492,廣明兆豐63購01,460,0.23,0.23,0.23,0.23
706493,九豪群益59購01,0,,,,
706496,宜特群益63購01,22400,0.56,0.56,0.56,0.56
706497,博智群益69購01,7580,0.64,0.64,0.63,0.64
706498,閎康群益63購02,5360,1.34,1.34,1.34,1.34
706499,頎邦群益59購01,1519000,21.7,21.7,21.7,21.7
706500,中美晶國泰5A購01,10470,3.49,3.49,3.49,3.49
706501,合晶國泰5A購01,0,,,,
706502,良維國泰5A購01,0,,,,
706503,世界富邦61購01,674660,1.07,1.09,1.01,1.03
706504,台特化富邦5A購01,0,,,,
706505,台燿富邦63購03,0,,,,
706506,中美晶元大59購01,0,,,,
706507,中美晶元大5C購02,136300,2.18,2.37,2.18,2.32
706508,中美晶元大63購01,0,,,,
706509,台特化元大5A購03,0,,,,
706510,宜特元大59購01,0,,,,
706511,宜特元大59購02,0,,,,
706512,博智元大59購03,2500,0.05,0.05,0.05,0.05
706513,博智元大63購01,0,,,,
706514,湧德元大59購03,0,,,,
706515,湧德元大59購04,0,,,,
706516,湧德元大59購05,0,,,,
706517,萬泰科元大5C購01,69850,1.97,2.01,1.97,2.01
706519,環球晶元大59購05,124000,7.4,8.4,7.4,8.15
706520,環球晶元大59購06,13590,4.53,4.53,4.53,4.53
706521,雙鴻元大59購25,0,,,,
706522,台燿中信59購05,0,,,,
706523,博智中信59購01,40,0.04,0.04,0.04,0.04
706524,雙鴻中信63購02,973780,0.6,0.64,0.59,0.59
706526,均豪永豐59購02,0,,,,
706528,勤凱永豐5C購02,0,,,,
706530,合晶國票59購01,24400,24.4,24.4,24.4,24.4
706531,均豪國票59購02,4340,0.02,0.02,0.02,0.02
706532,系微國票5A購01,0,,,,
706533,佶優國票59購01,0,,,,
706534,前鼎國票61購02,0,,,,
706535,閎康國票5A購03,15400,0.14,0.14,0.14,0.14
706536,順達國票5A購02,700,0.35,0.35,0.35,0.35
706537,鈺太國票59購02,0,,,,
706538,鈺太國票5A購01,0,,,,
706539,點序國票59購02,0,,,,
706540,台特化凱基59購05,0,,,,
706541,台燿凱基59購04,0,,,,
706543,均豪凱基59購02,0,,,,
706544,博智凱基59購07,0,,,,
706545,閎康凱基61購01,70400,0.9,0.92,0.9,0.92
706547,精測凱基59購03,0,,,,
706548,雙鴻凱基5A購03,3840,1.82,2.02,1.82,2.02
706549,穩得凱基63購01,0,,,,
706550,鑫聯凱基61購01,15600,0.52,0.52,0.52,0.52
706551,聚和中信59購01,0,,,,
706553,台燿永豐64購01,6700,6.7,6.7,6.7,6.7
706554,宏觀永豐59購01,0,,,,
706555,系微永豐5A購01,0,,,,
706557,聖暉*永豐5B購01,50860,0.46,0.49,0.46,0.49
706558,聚和永豐5B購01,0,,,,
706559,博智元富59購01,1800,0.03,0.03,0.03,0.03
706560,台燿國泰5A購03,0,,,,
706561,宜特國泰5A購01,0,,,,
706562,鑫聯國泰5A購02,0,,,,
706563,台燿富邦73購01,0,,,,
706564,良維富邦5C購01,812440,0.57,0.66,0.55,0.65
706565,博智富邦61購01,87860,0.73,0.73,0.7,0.7
706566,順達富邦5C購01,86640,0.74,0.75,0.74,0.74
706567,精測富邦5B購01,336870,0.15,0.3,0.15,0.27
706568,力致群益59購01,0,,,,
706569,中美晶群益5B購01,4880,2.44,2.44,2.44,2.44
706570,永信建群益59購01,0,,,,
706571,宏觀群益59購04,0,,,,
706572,良維群益61購01,411120,1.48,1.7,1.48,1.68
706573,博智群益63購01,0,,,,
706574,閎康群益5B購02,390,0.39,0.39,0.39,0.39
706575,閎康群益5B購03,0,,,,
706576,順達群益5C購01,36630,1.25,1.3,1.25,1.3
706578,精測群益59購05,0,,,,
706579,精測群益63購01,616890,0.63,0.89,0.63,0.89
706580,雙鴻群益59購11,0,,,,
706581,九豪元大59購01,0,,,,
706585,宏捷科元大59購02,0,,,,
706588,博智元大63購02,0,,,,
706589,閎康元大59購04,0,,,,
706590,萬泰科元大5C購02,14840,1.06,1.06,1.06,1.06
706591,鈺太元大59購02,0,,,,
706592,鈺太元大59購03,0,,,,
706593,精測元大59購03,1360,0.01,0.01,0.01,0.01
706594,精測元大5C購03,680,0.4,0.4,0.28,0.28
706595,雙鴻台新59購04,0,,,,
706596,中美晶凱基5B購01,47180,2.62,3.04,2.62,3.04
706597,元太凱基59購02,0,,,,
706599,弘塑凱基59購07,0,,,,
706600,永信建凱基59購01,0,,,,
706601,系微凱基5A購01,0,,,,
706603,宜特凱基59購04,0,,,,
706604,華電網凱基59購01,0,,,,
706605,華電網凱基5B購01,0,,,,
706606,華電網凱基61購01,0,,,,
706607,閎康凱基5A購02,0,,,,
706608,順達凱基5A購01,0,,,,
706609,鈺太凱基59購03,0,,,,
706610,精材凱基59購02,0,,,,
706611,元太國票5A購03,0,,,,
706612,弘塑國票5C購01,120500,0.34,0.35,0.34,0.35
706613,弘塑國票63購01,860,0.86,0.86,0.86,0.86
706615,宏觀國票5A購02,0,,,,
706616,系微國票5A購02,0,,,,
706617,美琪瑪國票5A購01,0,,,,
706618,神盾國票5A購01,0,,,,
706619,常珵國票59購01,0,,,,
706620,創泓國票59購01,8150,1.25,1.66,1.25,1.66
706621,華電網國票59購02,0,,,,
706622,鈊象國票5A購02,0,,,,
706623,萬泰科國票5A購03,8200,0.82,0.82,0.82,0.82
706624,穩得國票5A購01,0,,,,
706625,譜瑞國票5A購01,30230,0.31,0.37,0.31,0.36
706626,元太元大59購02,0,,,,
706627,台特化元大59購07,0,,,,
706630,台燿元大59購11,0,,,,
706631,弘塑元大59購08,0,,,,
706632,弘塑元大59購09,0,,,,
706633,弘塑元大59購10,400,0.02,0.02,0.02,0.02
706634,弘塑元大59購11,0,,,,
706635,弘塑元大59購12,0,,,,
706636,弘塑元大59購13,0,,,,
706638,弘塑元大59購15,0,,,,
706639,系微元大59購03,0,,,,
706640,系微元大59購04,0,,,,
706641,系微元大59購05,0,,,,
706642,系微元大59購06,0,,,,
706643,佶優元大59購01,0,,,,
706645,華電網元大59購01,0,,,,
706646,台特化群益59購03,0,,,,
706647,弘塑群益5B購02,1620,0.27,0.27,0.27,0.27
706648,沛亨群益59購01,0,,,,
706649,華電網群益59購01,0,,,,
706650,雙鴻群益59購12,0,,,,
706652,華電網中信59購01,0,,,,
706653,弘塑國泰5A購03,0,,,,
706654,弘塑國泰5A購04,4950,0.33,0.33,0.33,0.33
706655,系微國泰5A購01,0,,,,
706656,佶優國泰5A購01,0,,,,
706657,順達國泰5A購01,0,,,,
706658,中美晶富邦63購01,0,,,,
706659,弘塑富邦61購02,62160,0.46,0.46,0.45,0.45
706660,均豪富邦61購01,77540,0.43,0.44,0.4,0.41
706661,宏觀富邦5B購01,0,,,,
706662,沛亨富邦61購01,601300,0.97,0.99,0.88,0.99
706663,華電網富邦5C購01,0,,,,
706664,系微永豐5C購02,0,,,,
706665,長佳智永豐59購01,0,,,,
706666,華電網永豐5A購01,0,,,,
706667,閎康永豐5B購01,0,,,,
706669,聚和永豐59購01,0,,,,
706670,友輝元富59購01,0,,,,
706671,友輝元富59購02,0,,,,
706672,友輝元富59購03,0,,,,
706673,弘塑元富5C購02,24790,0.67,0.67,0.67,0.67
706674,華義元富5A購01,0,,,,
706675,鑫聯元富59購02,0,,,,
706676,台特化兆豐5B購02,0,,,,
706677,順達兆豐5B購02,0,,,,
706678,雙鴻兆豐5B購03,9000,1.8,1.8,1.8,1.8
706679,立碁群益59購01,0,,,,
706680,茂迪群益59購03,0,,,,
706681,華電網群益59購02,0,,,,
706683,家登國泰5A購01,0,,,,
706684,閎康國泰5A購01,0,,,,
706685,元太富邦5B購01,0,,,,
706686,頎邦富邦5B購01,0,,,,
706687,台特化凱基63購01,0,,,,
706689,邑錡凱基59購01,0,,,,
706690,朋億*凱基59購01,950,0.95,0.95,0.95,0.95
706691,美琪瑪凱基5A購01,0,,,,
706692,茂迪凱基59購04,0,,,,
706693,家登凱基5C購02,0,,,,
706694,雙鴻凱基59購17,0,,,,
706695,立碁永豐5A購01,30400,0.95,1.2,0.95,1.02
706696,立碁永豐5B購01,28320,1.42,1.42,1.32,1.32
706697,捷創永豐59購01,0,,,,
706698,穩得永豐61購01,0,,,,
706699,立碁元富59購01,31710,1.32,1.94,1.32,1.94
706700,立碁元富59購02,187080,0.47,0.81,0.46,0.81
706701,立碁元富59購03,139400,0.08,0.22,0.08,0.19
706702,系統電元富59購03,0,,,,
706703,鈊象中信5C購01,0,,,,
706704,聖暉*中信59購01,0,,,,
706705,立碁國票5A購01,99290,0.73,1.08,0.73,1.0
706707,邑錡國票59購01,0,,,,
706708,閎康國票61購01,0,,,,
706710,良維統一62購02,1781960,0.84,0.97,0.84,0.94
706711,宜特統一62購02,74520,0.36,0.36,0.36,0.36
706712,信紘科統一63購02,135300,0.46,0.61,0.46,0.53
706713,前鼎統一63購01,0,,,,
706714,閎康統一63購01,2560,0.32,0.32,0.32,0.32
706715,萬泰科統一62購02,0,,,,
706716,中美晶元大59購02,0,,,,
706717,世紀*元大59購01,490200,5.65,6.35,5.35,6.35
706721,立碁元大59購01,0,,,,
706723,均豪元大59購03,0,,,,
706724,良維元大59購18,0,,,,
706726,宜特元大59購03,0,,,,
706727,宜特元大5C購01,0,,,,
706729,閎康元大59購05,0,,,,
706730,閎康元大59購07,0,,,,
706731,閎康元大59購08,0,,,,
706732,閎康元大5A購01,309200,0.39,0.4,0.39,0.4
706733,閎康元大63購03,228260,0.47,0.47,0.46,0.46
706734,雷科元大59購01,0,,,,
706735,雙鴻元大59購26,0,,,,
706736,譜瑞元大59購03,0,,,,
706737,中美晶凱基59購02,0,,,,
706738,世紀*凱基59購03,17960,4.49,4.49,4.49,4.49
706740,立碁凱基59購01,0,,,,
706741,均豪凱基59購03,0,,,,
706742,宜特凱基59購05,0,,,,
706743,前鼎凱基61購01,0,,,,
706744,順達凱基59購03,0,,,,
706745,聖暉*凱基5A購01,7500,0.25,0.25,0.25,0.25
706746,頎邦凱基59購03,0,,,,
706747,精材凱基59購03,0,,,,
706748,聚和凱基5A購02,0,,,,
706749,雙鴻凱基61購01,18920,2.1,2.12,2.1,2.12
706750,鑫聯凱基59購03,0,,,,
706751,聖暉*兆豐5B購02,91680,0.52,0.56,0.52,0.56
706752,久元國票5A購01,0,,,,
706753,元債20國票59購01,0,,,,
706754,世紀*國票5A購02,851770,2.8,3.84,2.8,3.84
706755,矽科國票5A購01,0,,,,
706756,矽科國票5A購02,0,,,,
706757,常珵國票59購02,1010,0.01,0.01,0.01,0.01
706758,捷創國票59購01,0,,,,
706759,捷創國票5A購01,0,,,,
706760,順達國票5B購01,269880,0.52,0.52,0.52,0.52
706761,聖暉*國票5A購04,18800,0.3,0.35,0.3,0.35
706762,久元元大59購01,0,,,,
706765,巨漢元大59購04,0,,,,
706766,立碁元大59購02,3000,0.02,0.02,0.02,0.02
706767,宏捷科元大59購03,0,,,,
706768,良維元大59購20,0,,,,
706769,協易機元大59購02,0,,,,
706770,矽科元大59購01,0,,,,
706771,矽科元大59購02,0,,,,
706772,捷創元大59購01,0,,,,
706773,捷創元大59購02,0,,,,
706774,順達元大59購03,0,,,,
706775,順達元大59購04,0,,,,
706776,順達元大59購05,0,,,,
706779,精材元大59購02,246250,9.8,10.0,9.8,10.0
706780,臺慶科元大59購04,0,,,,
706781,雙鴻元大59購27,1350,1.35,1.35,1.35,1.35
706782,印能國泰5A購02,0,,,,
706783,前鼎國泰5A購02,0,,,,
706784,聖暉*國泰5A購01,0,,,,
706785,聖暉*國泰5A購02,20550,0.41,0.5,0.41,0.5
706786,世界群益59購03,55400,2.77,2.77,2.77,2.77
706787,台特化群益5A購02,0,,,,
706788,宜特群益59購02,0,,,,
706789,前鼎群益5B購01,0,,,,
706790,順達群益5B購02,0,,,,
706791,萬泰科群益5A購01,0,,,,
706792,雙鴻群益59購13,0,,,,
706793,元太富邦5B購02,18480,0.33,0.33,0.33,0.33
706794,宜特富邦5B購01,0,,,,
706795,前鼎富邦5B購01,0,,,,
706796,鈊象富邦5B購02,633300,0.73,0.74,0.72,0.74
706797,頎邦富邦5C購01,0,,,,
706798,雙鴻富邦5B購01,0,,,,
706799,立碁統一63購01,12700,0.76,0.81,0.76,0.79
706800,立碁統一66購01,220130,0.68,0.73,0.68,0.73
706801,順達統一63購02,5900,0.59,0.59,0.59,0.59
706802,順達統一66購01,1710,0.57,0.57,0.57,0.57
706803,聖暉*統一65購01,49930,0.62,0.67,0.62,0.67
706804,雙鴻統一66購01,83000,0.83,0.83,0.83,0.83
706805,順達中信59購01,0,,,,
706806,世界永豐59購04,0,,,,
706807,矽科永豐5B購01,0,,,,
706808,聖暉*永豐5B購02,6840,0.38,0.38,0.38,0.38
706809,頎邦永豐5A購01,75000,12.5,12.5,12.5,12.5
706810,久元元富59購01,0,,,,
706812,前鼎元富59購02,0,,,,
706813,勤凱元富59購02,0,,,,
706814,聖暉*元富59購03,16380,0.63,0.63,0.63,0.63
706815,鑫聯元富59購03,0,,,,
706816,聖暉*台新59購01,14820,0.57,0.57,0.57,0.57
706819,台特化凱基59購06,0,,,,
706820,台燿凱基59購07,0,,,,
706821,巨漢凱基59購03,1250,0.25,0.25,0.25,0.25
706823,東捷凱基59購02,87700,4.38,4.39,4.38,4.39
706825,前鼎凱基5B購01,0,,,,
706826,順達凱基5B購02,0,,,,
706827,聚和康和59購01,0,,,,
706828,凡甲元大59購02,0,,,,
706829,元債20元大5B購02,0,,,,
706830,元債20元大62購01,0,,,,
706831,元債20元大65購01,0,,,,
706833,台燿元大59購18,0,,,,
706835,台燿元大59購20,0,,,,
706836,宏捷科元大59購04,0,,,,
706838,良維元大59購22,0,,,,
706839,宜特元大59購04,0,,,,
706840,東捷元大59購02,26400,2.64,2.64,2.64,2.64
706841,華電網元大5C購01,33220,0.11,0.11,0.11,0.11
706842,鈊象元大59購02,0,,,,
706843,鈊象元大5C購04,0,,,,
706844,鈊象元大63購04,34000,0.26,0.27,0.26,0.27
706845,萬泰科元大63購01,93950,0.89,0.92,0.89,0.91
706846,雙鴻元大59購28,4500,1.5,1.5,1.5,1.5
706847,雙鴻元大59購29,0,,,,
706848,台燿中信59購07,0,,,,
706849,台燿永豐5B購02,0,,,,
706850,東捷永豐5C購01,78120,3.33,3.33,3.24,3.24
706851,前鼎永豐5B購02,0,,,,
706852,鈊象永豐5B購01,50000,0.25,0.25,0.25,0.25
706853,東捷國泰5A購02,181950,4.71,4.71,4.65,4.65
706855,宜特元富59購01,0,,,,
706856,宜特元富5C購01,0,,,,
706857,匯鑽科元富5A購01,62730,0.21,0.21,0.18,0.18
706858,聖暉*元富59購04,0,,,,
706859,漢科元富5A購01,990,0.33,0.33,0.33,0.33
706860,廣運元富5C購01,0,,,,
706861,德微元富59購04,0,,,,
706862,穩得元富59購02,0,,,,
706863,中美晶群益62購01,29080,2.41,2.59,2.37,2.59
706865,東捷群益62購01,0,,,,
706866,東捷群益63購02,0,,,,
706868,順達群益5A購02,0,,,,
706869,鈊象群益59購02,0,,,,
706870,鈊象群益59購03,0,,,,
706871,鈊象群益5B購01,8100,0.09,0.09,0.09,0.09
706872,聖暉*群益5C購01,15300,1.0,1.06,1.0,1.06
706873,精材群益59購05,0,,,,
706874,雙鴻群益59購14,0,,,,
706875,鑫科群益5B購01,38500,0.16,0.16,0.15,0.15
706876,久元國票5A購02,470,0.13,0.17,0.13,0.17
706877,美琪瑪國票5A購02,0,,,,
706878,神盾國票62購01,0,,,,
706879,鈊象國票5A購03,0,,,,
706880,頎邦國票5A購03,0,,,,
706881,世紀*元大59購02,0,,,,
706886,良維元大59購23,0,,,,
706887,東捷元大5C購01,0,,,,
706889,順達元大59購07,0,,,,
706890,順達元大59購08,0,,,,
706891,順達元大59購09,0,,,,
706892,鈊象元大63購05,520890,1.1,1.1,1.06,1.06
706893,頎邦元大59購03,0,,,,
706894,頎邦元大63購05,7050,7.05,7.05,7.05,7.05
706895,均豪國泰5B購01,0,,,,
706896,宏觀富邦5B購02,0,,,,
706897,凡甲凱基59購02,0,,,,
706898,元債20凱基5B購01,0,,,,
706899,宜特凱基59購06,0,,,,
706900,鈊象凱基5B購01,21200,0.37,0.37,0.35,0.35
706901,聖暉*凱基5B購03,16500,0.66,0.66,0.66,0.66
706902,雙鴻凱基59購18,0,,,,
706903,台燿國票5B購02,0,,,,
706904,信音國票59購01,2560,0.01,0.01,0.01,0.01
706905,宣德國票5B購01,20,0.02,0.02,0.02,0.02
706906,蜜望實國票59購01,0,,,,
706907,雙鴻國票5B購02,0,,,,
706908,台燿群益59購07,0,,,,
706909,順達群益59購01,0,,,,
706910,元太元富63購01,0,,,,
706911,台燿元富59購07,0,,,,
706912,神盾元富59購01,0,,,,
706913,神盾元富59購02,0,,,,
706914,鈊象中信63購01,0,,,,
706915,中光電永豐5B購01,0,,,,
706916,元太永豐5B購01,5500,0.55,0.55,0.55,0.55
706917,宜特永豐59購03,0,,,,
706918,環球晶永豐5B購02,0,,,,
706919,雙鴻永豐5C購02,9150,1.83,1.83,1.83,1.83
706920,久元永豐5A購01,0,,,,
706921,協易機永豐5C購01,0,,,,
706922,宜特永豐5C購02,24000,0.4,0.4,0.4,0.4
706923,信音永豐5C購01,2450,0.35,0.35,0.35,0.35
706924,勤凱永豐61購01,9900,0.66,0.66,0.66,0.66
706925,匯鑽科永豐61購01,124100,0.57,0.57,0.52,0.52
706926,精星永豐5B購01,0,,,,
706927,廣閎科永豐5C購01,0,,,,
706928,台燿凱基5B購03,0,,,,
706929,宏觀凱基5A購01,0,,,,
706930,良維凱基5A購03,0,,,,
706932,順達凱基5A購02,0,,,,
706934,千附國票5B購01,2640,1.3,1.34,1.3,1.34
706935,千附精國票5B購01,0,,,,
706936,盈正國票5B購01,0,,,,
706937,寬宏國票5A購01,0,,,,
706938,廣閎科國票5B購01,0,,,,
706939,久元國泰5B購01,72600,0.66,0.66,0.66,0.66
706940,華電網國泰5B購01,6480,0.03,0.03,0.03,0.03
706941,精材國泰5B購01,0,,,,
706942,久元富邦5C購01,26600,0.38,0.38,0.38,0.38
706946,台燿元大64購01,0,,,,
706947,印能元大5A購01,0,,,,
706948,印能元大64購01,14820,1.78,1.89,1.78,1.87
706949,良維元大61購01,598700,3.1,3.4,3.1,3.27
706951,順達元大5A購06,0,,,,
706952,順達元大64購01,0,,,,
706953,鈊象元大64購02,0,,,,
706954,匯鑽科元大5A購01,0,,,,
706955,匯鑽科元大5A購02,0,,,,
706956,點序元大5A購01,0,,,,
706957,雙鴻元大5A購05,0,,,,
706958,世紀*群益5A購01,0,,,,
706959,台燿群益5A購01,0,,,,
706960,印能群益5A購01,0,,,,
706962,亞電群益5C購01,0,,,,
706963,匯鑽科群益5C購01,100300,0.53,0.53,0.49,0.49
706964,鈺太群益5A購02,0,,,,
706965,千附凱基5B購01,8720,1.69,1.78,1.69,1.78
706966,千附精凱基5B購01,85100,4.35,4.35,4.16,4.16
706967,世紀*凱基5A購01,60750,4.15,4.15,3.33,4.1
706968,印能凱基64購01,402480,1.22,1.34,1.22,1.28
706969,神盾凱基63購01,0,,,,
706970,鈊象凱基64購01,17350,0.88,0.88,0.86,0.87
706971,雙鴻凱基5A購05,328330,3.69,3.71,3.24,3.71
706972,印能國票5A購03,2400,0.24,0.24,0.24,0.24
706973,宏碩國票5C購01,0,,,,
706975,高僑國票61購01,25050,0.89,0.96,0.89,0.96
706976,新門國票61購01,1740,0.34,0.74,0.34,0.74
706977,耀勝國票61購01,30,0.03,0.03,0.03,0.03
706978,印能國泰5B購01,18100,1.81,1.81,1.81,1.81
706979,穩得國泰5B購01,0,,,,
706980,神盾統一64購01,1850,0.37,0.37,0.37,0.37
706981,神盾統一64購02,0,,,,
706982,印能永豐64購01,70960,1.82,1.82,1.8,1.8
706983,宏觀永豐5C購01,0,,,,
706984,亞電永豐61購01,10400,10.4,10.4,10.4,10.4
706985,原相永豐5B購02,42200,0.49,0.52,0.49,0.52
706986,神盾永豐5C購02,0,,,,
706987,創泓永豐5C購01,120820,1.29,1.42,1.29,1.42
706988,撼訊永豐5C購01,0,,,,
706989,元太元大5A購01,0,,,,
706990,天品元大5A購01,0,,,,
706991,世紀*元大5A購01,46440,1.29,1.83,1.2,1.83
706994,宏捷科元大5A購01,0,,,,
706995,匯鑽科元大5A購03,8700,0.15,0.15,0.14,0.14
706996,精材元大5A購03,0,,,,
706997,加百裕群益5A購01,0,,,,
706998,印能群益5A購02,17800,0.21,0.23,0.21,0.23
706999,均豪群益62購01,15000,0.5,0.5,0.5,0.5
707000,高僑群益5B購01,39700,0.8,0.8,0.77,0.77
707001,常珵群益5A購01,0,,,,
707002,鈊象群益5A購01,0,,,,
707003,群翊群益5B購01,11860,0.98,1.03,0.98,1.03
707004,雙鴻群益5A購05,0,,,,
707006,台嘉碩元大5A購01,38740,0.38,0.38,0.37,0.37
707007,印能元大5A購02,0,,,,
707008,印能元大5A購03,0,,,,
707009,印能元大5A購05,0,,,,
707010,印能元大5A購06,0,,,,
707011,印能元大5B購01,92940,0.88,0.98,0.88,0.98
707012,印能元大5C購02,15180,0.65,0.72,0.65,0.71
707013,印能元大61購01,0,,,,
707014,印能元大64購02,4650,0.93,0.93,0.93,0.93
707015,均豪元大5A購01,0,,,,
707016,宏捷科元大5A購02,0,,,,
707017,宏捷科元大5C購03,0,,,,
707018,系微元大5A購01,0,,,,
707019,宜特元大5A購01,0,,,,
707020,信立元大5A購01,0,,,,
707022,美琪瑪元大5A購01,0,,,,
707024,廣閎科元大5A購01,0,,,,
707025,雙鴻元大61購11,616680,3.47,3.73,3.34,3.56
707026,久昌凱基5A購01,0,,,,
707027,台燿凱基5B購04,0,,,,
707028,印能凱基5A購03,0,,,,
707029,宏觀凱基5B購02,0,,,,
707030,系微凱基5A購02,500,0.05,0.05,0.05,0.05
707031,協易機凱基5A購01,0,,,,
707033,前鼎凱基5A購03,0,,,,
707035,陽程凱基5A購01,0,,,,
707036,陽程凱基5A購02,0,,,,
707037,廣閎科凱基5B購01,0,,,,
707038,衛司特凱基5A購01,0,,,,
707039,久昌國票5B購01,0,,,,
707040,千如國票5B購01,0,,,,
707041,台嘉碩國票5A購01,0,,,,
707042,印能國票5B購01,11070,0.35,0.36,0.33,0.33
707043,沛亨國票5B購01,401100,0.9,1.06,0.9,1.05
707044,威聯通國票5B購01,0,,,,
707045,茂綸國票5B購01,184370,1.15,1.17,0.96,0.97
707046,博盛國票5B購01,8470,0.94,0.95,0.94,0.95
707047,衛司特國票5B購01,9700,0.24,0.25,0.24,0.25
707048,雙鴻中信64購01,48080,1.2,1.3,1.2,1.3
707049,久昌永豐5A購01,0,,,,
707050,印能永豐5A購02,0,,,,
707051,印能永豐61購01,15060,0.93,0.93,0.88,0.88
707052,同致永豐5C購01,0,,,,
707053,同致永豐61購01,0,,,,
707054,安葆永豐5B購01,1290,0.64,0.65,0.64,0.65
707055,宏碩永豐61購01,0,,,,
707056,宜特永豐5B購01,30000,0.5,0.5,0.5,0.5
707057,威聯通永豐5A購01,0,,,,
707058,晟德永豐5B購01,0,,,,
707060,智通*永豐5C購01,82600,1.18,1.18,1.18,1.18
707061,鈺太永豐5C購01,13000,0.13,0.13,0.13,0.13
707062,磐亞永豐5B購01,0,,,,
707063,台嘉碩國泰5B購01,2090,2.09,2.09,2.09,2.09
707064,金山電國泰5B購01,0,,,,
707065,群翊國泰5B購01,0,,,,
707066,元太富邦5C購01,24780,0.59,0.59,0.59,0.59
707067,雙鴻富邦5C購05,0,,,,
707068,雙鴻富邦5C購06,0,,,,
707069,台燿統一67購01,44240,2.63,2.63,2.56,2.56
707070,台燿統一74購01,0,,,,
707071,立碁統一67購01,200570,0.84,0.9,0.83,0.9
707072,立碁統一74購01,81720,0.84,0.87,0.83,0.87
707073,印能統一63購02,741540,0.53,0.7,0.52,0.52
707074,印能統一74購01,7920,1.32,1.32,1.32,1.32
707075,沛亨統一74購01,76720,0.9,0.92,0.85,0.92
707076,系統電統一67購01,154220,0.37,0.38,0.37,0.38
707077,東捷統一63購01,14450,2.37,2.6,2.37,2.6
707078,能率統一67購01,0,,,,
707079,華電網統一64購01,0,,,,
707080,華電網統一74購01,0,,,,
707082,順達統一63購03,19100,0.5,0.55,0.49,0.51
707083,頎邦統一63購01,52700,5.25,5.45,5.25,5.45
707084,頎邦統一64購01,0,,,,
707085,頎邦統一66購01,0,,,,
707086,廣閎科統一64購01,0,,,,
707087,廣閎科統一74購01,108000,1.08,1.08,1.08,1.08
707088,德微統一67購01,0,,,,
707089,雙鴻統一62購05,15300,1.53,1.53,1.53,1.53
707090,雙鴻統一66購02,49250,1.13,1.22,1.13,1.15
707091,久元群益5A購01,2100,0.07,0.07,0.07,0.07
707092,千附群益5A購01,0,,,,
707093,友輝群益5A購01,0,,,,
707094,正淩群益5A購01,0,,,,
707095,同致群益5A購01,0,,,,
707096,岳豐群益5A購01,0,,,,
707097,茂綸群益5A購01,0,,,,
707098,倚強群益5A購01,0,,,,
707100,聚和群益5A購01,0,,,,
707102,寶雅群益5A購01,0,,,,
707103,中光電兆豐64購01,103160,1.03,1.08,1.03,1.08
707106,矽科群益5A購01,0,,,,
707107,矽科群益5A購02,0,,,,
707108,群翊群益5C購01,7180,0.41,0.41,0.39,0.4
707110,頎邦群益5B購01,16050,8.0,8.05,8.0,8.05
707112,九豪凱基5A購02,0,,,,
707113,元太凱基5A購01,0,,,,
707115,矽科凱基5A購01,0,,,,
707116,茂綸凱基5A購01,0,,,,
707117,頎邦凱基64購01,0,,,,
707118,廣閎科凱基5A購01,0,,,,
707119,雙鴻凱基5C購05,373160,3.58,3.66,3.58,3.66
707120,友輝國票5A購01,0,,,,
707121,正淩國票5B購02,700,0.1,0.1,0.1,0.1
707122,矽科國票5B購01,0,,,,
707123,耕興國票5B購01,72000,0.09,0.09,0.09,0.09
707124,翔名國票5B購01,2160,0.72,0.72,0.72,0.72
707125,群翊國票5B購01,1110,0.1,0.11,0.1,0.11
707126,頎邦國票5B購01,0,,,,
707127,磐亞國票5B購01,0,,,,
707128,元太國泰5B購01,28400,0.71,0.71,0.71,0.71
707129,宜特富邦5C購01,124680,0.42,0.44,0.42,0.44
707130,頎邦富邦61購01,0,,,,
707131,精材富邦5A購01,0,,,,
707132,聚和富邦5A購01,800,0.04,0.04,0.04,0.04
707133,正淩統一63購01,0,,,,
707134,同致統一64購01,0,,,,
707135,同致統一74購01,0,,,,
707136,協易機統一66購01,0,,,,
707137,翔名統一74購01,0,,,,
707138,陽程統一64購02,0,,,,
707139,陽程統一74購01,11760,1.68,1.68,1.68,1.68
707140,萬泰科統一74購01,18350,0.79,0.8,0.78,0.8
707141,群翊統一63購01,0,,,,
707142,群翊統一74購01,4100,0.41,0.41,0.41,0.41
707143,頎邦統一64購02,0,,,,
707144,頎邦統一67購01,58150,2.2,2.27,2.16,2.25
707146,均豪永豐5A購01,0,,,,
707147,宏捷科永豐5C購01,3600,0.3,0.35,0.3,0.35
707149,美琪瑪永豐5B購01,0,,,,
707150,茂訊永豐5B購01,0,,,,
707151,茂綸永豐5A購01,0,,,,
707152,湧德永豐5B購01,0,,,,
707153,陽程永豐5C購01,0,,,,
707154,群翊永豐5A購01,0,,,,
707155,衛司特永豐5A購01,0,,,,
707156,璟德永豐5A購01,0,,,,
707157,環球晶永豐5A購01,0,,,,
707158,雙鴻永豐5C購03,0,,,,
707159,九豪元大5A購01,0,,,,
707161,台燿元大61購04,0,,,,
707163,前鼎元大5A購02,0,,,,
707164,翔名元大5A購01,0,,,,
707166,頎邦元大5A購02,0,,,,
707167,雙鴻元大61購12,69500,3.45,3.5,3.45,3.5
707168,鑫聯元大5A購01,0,,,,
707169,台燿凱基61購02,222420,4.37,4.57,4.37,4.37
707170,同致凱基5A購01,0,,,,
707171,捷創凱基5A購01,0,,,,
707172,翔名凱基5A購01,0,,,,
707173,華景電凱基5A購01,0,,,,
707174,華景電凱基5A購02,0,,,,
707175,鈊象凱基64購02,0,,,,
707176,群翊凱基5C購01,26000,0.26,0.26,0.26,0.26
707177,頎邦凱基5A購02,0,,,,
707178,世界群益5C購01,0,,,,
707179,台半群益5A購01,0,,,,
707180,台燿群益5A購03,36000,6.0,6.0,6.0,6.0
707181,台燿群益5B購02,0,,,,
707182,捷創群益5B購01,0,,,,
707183,華景電群益5A購01,0,,,,
707184,陽程群益5A購01,364950,8.6,9.5,8.6,9.5
707185,勤凱群益5B購01,583140,1.17,1.19,1.17,1.18
707186,元債20國票5B購01,0,,,,
707187,台燿國票5B購03,0,,,,
707188,安葆國票5B購01,70400,0.2,0.3,0.2,0.27
707189,華景電國票5B購01,0,,,,
707191,廣閎科國票5B購02,0,,,,
707192,鈺太國泰5B購01,0,,,,
707193,雙鴻國泰67購01,70000,5.0,5.0,5.0,5.0
707194,久元統一64購01,0,,,,
707195,湧德統一74購01,0,,,,
707196,華景電統一64購01,20590,0.38,0.39,0.38,0.39
707197,華景電統一64購02,0,,,,
707198,華景電統一65購01,105000,0.5,0.5,0.5,0.5
707199,華景電統一68購01,340,0.34,0.34,0.34,0.34
707200,華景電統一74購01,54240,0.48,0.48,0.48,0.48
707201,陽程統一65購01,0,,,,
707202,陽程統一68購01,0,,,,
707203,群翊統一64購01,2460,0.41,0.41,0.41,0.41
707204,群翊統一74購02,0,,,,
707205,頎邦統一64購03,236520,3.13,3.4,3.13,3.4
707206,大中元大5A購01,0,,,,
707208,台燿元大61購05,0,,,,
707209,台燿元大64購04,20430,2.79,3.28,2.79,3.2
707210,宏觀元大64購01,0,,,,
707211,系微元大5A購02,0,,,,
707213,良維元大5B購01,131600,1.98,2.2,1.97,2.2
707214,東捷元大5A購01,0,,,,
707215,信紘科元大5A購01,123300,0.39,0.6,0.39,0.5
707216,華景電元大5A購01,0,,,,
707217,華景電元大5A購02,60,0.03,0.03,0.03,0.03
707218,順達元大5A購07,0,,,,
707219,順達元大5A購08,0,,,,
707220,群翊元大5A購01,0,,,,
707221,雙鴻元大64購02,2141120,3.55,3.73,3.3,3.6
707222,世界永豐61購01,173110,1.98,2.09,1.98,2.04
707223,台半永豐5B購01,0,,,,
707224,台燿永豐5A購03,0,,,,
707225,台燿永豐61購02,2135700,6.3,6.3,6.3,6.3
707226,矽科永豐5B購02,0,,,,
707227,華景電永豐5C購01,0,,,,
707228,華景電永豐61購01,0,,,,
707229,順達永豐5B購02,1500,0.3,0.3,0.3,0.3
707230,頎邦永豐5C購01,0,,,,
707231,順達兆豐5C購01,0,,,,
707232,安葆凱基5A購01,0,,,,
707233,陽程凱基5A購03,0,,,,
707234,順達凱基5A購03,0,,,,
707235,新盛力凱基5A購01,0,,,,
707236,新盛力凱基5A購02,0,,,,
707237,頎邦凱基5B購01,6850,6.85,6.85,6.85,6.85
707238,廣閎科凱基5A購02,0,,,,
707239,雙鴻凱基5A購06,21750,0.87,0.87,0.87,0.87
707240,久元元大61購01,0,,,,
707242,家登元大5A購02,0,,,,
707243,湧德元大5A購02,0,,,,
707244,湧德元大5A購03,0,,,,
707245,順達元大64購02,0,,,,
707246,鈊象元大61購01,620000,1.0,1.0,0.98,0.98
707247,新盛力元大5A購01,0,,,,
707248,萬泰科元大5A購01,0,,,,
707249,台星科國票5B購01,0,,,,
707250,台燿國票5B購04,319000,5.8,5.8,5.8,5.8
707251,順達國票5B購02,27940,0.23,0.23,0.21,0.23
707252,新盛力國票5A購01,0,,,,
707253,新盛力國票5B購01,0,,,,
707255,宏捷科國泰5B購01,0,,,,
707256,宏捷科國泰5B購02,1000,0.1,0.1,0.1,0.1
707257,台特化永豐5C購01,0,,,,
707258,東捷永豐64購01,33600,3.79,3.97,3.64,3.97
707259,凌陽創永豐5A購01,0,,,,
707260,勤凱永豐5C購03,0,,,,
707261,新盛力永豐5B購01,0,,,,
707262,新盛力永豐5C購01,0,,,,
707263,萬泰科永豐64購01,202080,0.74,0.75,0.74,0.75
707264,台燿統一64購02,0,,,,
707265,宏捷科統一74購01,0,,,,
707266,東捷統一64購02,1247510,1.71,1.88,1.68,1.87
707267,東捷統一66購01,37400,1.87,1.87,1.87,1.87
707268,華景電統一63購01,3850,0.25,0.26,0.25,0.26
707269,勤凱統一74購01,15120,0.72,0.72,0.72,0.72
707270,新盛力統一64購01,0,,,,
707271,新盛力統一68購01,0,,,,
707272,新盛力統一74購01,8120,1.16,1.16,1.16,1.16
707273,新盛力統一74購02,187680,1.05,1.07,1.05,1.07
707274,群翊統一64購02,12400,0.31,0.31,0.31,0.31
707275,鉅橡統一66購01,0,,,,
707276,頎邦統一74購01,350820,1.58,1.66,1.58,1.62
707277,廣閎科統一74購02,0,,,,
707278,德微統一64購01,66840,0.97,0.98,0.96,0.98
707279,久元凱基61購01,2430,0.27,0.27,0.27,0.27
707280,中美晶凱基5A購02,0,,,,
707281,台星科凱基5A購01,280,0.07,0.07,0.07,0.07
707282,台燿凱基5A購02,0,,,,
707283,均豪凱基5B購01,0,,,,
707284,宏觀凱基64購01,5600,0.2,0.2,0.2,0.2
707285,旺矽凱基5A購04,3700,0.37,0.37,0.37,0.37
707286,順達凱基64購01,8400,0.84,0.84,0.84,0.84
707287,廣閎科凱基5A購03,0,,,,
707288,鑫聯凱基5B購01,0,,,,
707289,台燿兆豐5C購01,2620,2.62,2.62,2.62,2.62
707290,均豪兆豐5C購01,0,,,,
707291,雙鴻兆豐5C購01,0,,,,
707292,台星科元大5A購01,0,,,,
707293,台星科元大5A購02,1220,0.59,0.63,0.59,0.63
707294,台燿元大5A購05,0,,,,
707295,台燿元大5A購06,0,,,,
707296,台燿元大5A購07,0,,,,
707297,台燿元大5A購08,0,,,,
707298,台燿元大5A購09,0,,,,
707299,台燿元大61購06,226820,1.95,2.2,1.9,2.05
707300,旺矽元大5A購02,0,,,,
707301,旺矽元大61購01,0,,,,
707302,信驊元大5B購01,427130,4.35,4.7,4.35,4.57
707303,華景電元大5A購03,0,,,,
707304,陽程元大63購01,0,,,,
707305,頎邦元大63購06,3780,3.78,3.78,3.78,3.78
707306,台燿永豐5C購03,3147050,3.37,3.45,3.27,3.37
707307,台燿永豐64購02,290810,3.09,3.21,3.07,3.17
707308,台燿永豐67購01,4159950,2.53,3.73,2.53,3.62
707309,巨漢永豐5C購01,0,,,,
707310,安葆永豐5C購01,27800,0.26,0.3,0.26,0.3
707311,均豪永豐5C購01,9920,0.32,0.32,0.32,0.32
707312,良維永豐5C購01,807860,2.1,2.36,2.08,2.31
707313,旺矽永豐5A購03,51480,0.52,0.52,0.52,0.52
707314,旺矽永豐61購03,1555910,1.57,1.74,1.57,1.67
707315,旺矽永豐64購02,622120,2.6,2.76,2.6,2.7
707316,長科*永豐5A購01,0,,,,
707317,信驊永豐5A購03,34080,2.9,2.9,2.72,2.72
707318,前鼎永豐61購01,202350,2.85,2.85,2.85,2.85
707319,翔名永豐5B購01,0,,,,
707320,翔名永豐5B購02,793230,0.29,0.29,0.28,0.28
707321,鉅橡永豐5B購01,0,,,,
707322,廣閎科永豐5A購01,0,,,,
707323,均豪國泰61購01,247620,0.88,0.89,0.86,0.89
707324,精材國泰5B購02,91600,18.2,18.4,18.2,18.4
707325,台燿富邦5A購02,18800,1.88,1.88,1.88,1.88
707326,台燿富邦64購01,33980,1.49,1.49,1.47,1.47
707327,旺矽富邦5C購01,174630,1.0,1.02,0.95,0.97
707328,旺矽富邦64購01,3785210,1.15,1.27,1.15,1.23
707329,群翊富邦62購01,7200,0.36,0.36,0.36,0.36
707330,台燿國票5B購05,3500,3.5,3.5,3.5,3.5
707331,台燿統一63購01,18800,1.88,1.88,1.88,1.88
707332,台燿統一64購03,0,,,,
707333,台燿統一64購04,172810,1.76,1.87,1.76,1.83
707334,台燿統一66購02,54180,1.37,1.46,1.37,1.45
707335,台燿統一74購02,2509750,1.3,1.35,1.29,1.33
707336,台燿統一74購03,214370,0.91,0.93,0.9,0.92
707337,巨漢統一63購02,4600,0.23,0.23,0.23,0.23
707338,巨漢統一74購01,0,,,,
707339,均豪統一64購01,0,,,,
707340,旺矽統一63購06,1270,1.27,1.27,1.27,1.27
707341,旺矽統一64購01,84700,1.21,1.21,1.21,1.21
707342,東捷統一74購01,231490,0.9,0.9,0.82,0.89
707343,前鼎統一64購01,86480,2.25,2.27,2.18,2.27
707344,翔名統一74購02,0,,,,
707345,華景電統一74購02,0,,,,
707346,順達統一64購01,33370,0.47,0.47,0.47,0.47
707347,勤凱統一74購02,14630,0.77,0.77,0.77,0.77
707348,新盛力統一63購01,0,,,,
707349,新盛力統一64購02,35600,1.78,1.78,1.78,1.78
707350,新盛力統一74購03,3280,1.64,1.64,1.64,1.64
707351,鉅橡統一64購02,0,,,,
707352,頎邦統一74購02,155270,1.62,1.72,1.62,1.66
707353,頎邦統一74購03,75280,1.7,1.83,1.7,1.77
707354,廣閎科統一64購02,15000,1.0,1.0,1.0,1.0
707355,廣閎科統一67購01,0,,,,
707356,廣閎科統一74購03,77880,1.18,1.18,1.18,1.18
707357,勤凱台新5A購01,0,,,,
707358,頎邦台新5A購01,0,,,,
707359,元太凱基5A購02,0,,,,
707360,宏捷科凱基5A購01,0,,,,
707361,宜特凱基61購01,0,,,,
707362,信紘科凱基5A購01,0,,,,
707363,威聯通凱基5A購01,0,,,,
707364,頎邦凱基63購01,62800,5.2,5.5,5.2,5.5
707365,精材凱基5A購02,0,,,,
707366,衛司特凱基5B購01,3100,0.15,0.16,0.15,0.16
707367,璟德凱基5A購01,0,,,,
707368,鴻呈凱基5A購01,0,,,,
707369,鈊象中信5C購02,0,,,,
707370,立碁永豐5C購01,1040730,0.88,1.2,0.88,1.2
707371,前鼎永豐61購02,203110,1.56,1.74,1.56,1.74
707372,群翊永豐5B購01,0,,,,
707373,聖暉*永豐5C購01,115970,0.99,1.09,0.99,1.09
707374,頎邦永豐61購01,600150,2.65,2.95,2.65,2.95
707375,環球晶永豐5C購01,0,,,,
707376,譜瑞永豐5C購01,134000,0.67,0.67,0.67,0.67
707377,天品國票5A購01,0,,,,
707378,泓格國票5A購01,0,,,,
707379,前鼎國票5B購02,0,,,,
707380,群翊國票5B購02,0,,,,
707381,頎邦國票5B購04,29260,4.18,4.18,4.18,4.18
707382,廣閎科國票5B購03,657290,0.93,0.93,0.86,0.89
707383,衛司特國票5B購02,0,,,,
707384,中美晶群益5A購01,0,,,,
707385,立敦群益5A購01,0,,,,
707387,前鼎群益5A購01,0,,,,
707388,湧德群益5B購02,0,,,,
707389,順達群益5A購03,0,,,,
707390,群翊群益61購01,8500,0.34,0.34,0.34,0.34
707392,頎邦群益5A購02,6350,6.35,6.35,6.35,6.35
707393,頎邦群益5B購02,0,,,,
707394,廣閎科群益5B購01,17890,1.63,1.63,1.59,1.59
707395,譜瑞群益5B購01,0,,,,
707396,千附精元大5A購01,0,,,,
707397,天品元大61購01,778510,0.23,0.35,0.23,0.3
707398,東捷元大5A購02,0,,,,
707399,勤凱元大5A購03,0,,,,
707400,群翊元大5A購02,0,,,,
707401,頎邦元大5B購01,0,,,,
707402,頎邦元大5C購02,0,,,,
707403,廣閎科元大5A購02,0,,,,
707404,衛司特元大5A購01,0,,,,
707405,群翊國泰5B購02,17400,0.6,0.6,0.6,0.6
707406,久元統一64購02,0,,,,
707407,巨漢統一74購02,0,,,,
707408,安葆統一74購01,76250,0.68,0.73,0.68,0.73
707409,均豪統一63購02,70520,0.43,0.43,0.43,0.43
707410,均豪統一74購01,0,,,,
707411,宜特統一74購01,12000,0.4,0.4,0.4,0.4
707412,東捷統一63購02,0,,,,
707413,東捷統一74購02,251660,1.09,1.17,1.09,1.17
707414,前鼎統一74購01,306450,1.16,1.19,1.14,1.19
707415,宣德統一74購01,0,,,,
707416,順達統一64購02,0,,,,
707417,萬泰科統一74購02,14800,0.74,0.74,0.74,0.74
707418,群翊統一74購03,0,,,,
707419,鈺太統一74購01,0,,,,
707420,宏觀富邦5C購01,0,,,,
707421,頎邦富邦5C購02,0,,,,
707422,頎邦富邦61購02,243800,2.6,2.8,2.6,2.7
707423,廣閎科富邦5B購01,60470,0.82,0.83,0.82,0.83
707424,環球晶兆豐5C購01,0,,,,
707425,譜瑞兆豐64購01,3950,0.79,0.79,0.79,0.79
707426,千附精永豐5B購01,9350,1.87,1.87,1.87,1.87
707427,大車隊永豐5B購01,0,,,,
707428,兆利永豐5A購01,0,,,,
707429,沛亨永豐61購01,16950,0.81,0.81,0.75,0.75
707430,宜特永豐61購01,0,,,,
707431,朋億*永豐5B購01,0,,,,
707433,華景電永豐5B購01,0,,,,
707434,陽程永豐5B購01,0,,,,
707435,萬泰科永豐5C購02,600,0.6,0.6,0.6,0.6
707436,群翊永豐5C購01,0,,,,
707437,穩得永豐5C購01,0,,,,
707438,元太群益5A購01,0,,,,
707439,台星科群益61購01,1437660,0.77,0.89,0.71,0.86
707440,立碁群益5A購01,0,,,,
707441,宜特群益5C購01,0,,,,
707442,湧德群益61購02,0,,,,
707443,勤凱群益5B購02,0,,,,
707444,新應材群益5A購02,0,,,,
707445,群翊群益64購01,0,,,,
707447,巨漢國泰5B購01,0,,,,
707448,正淩國泰5B購01,0,,,,
707449,立碁國泰5B購01,56770,2.17,2.22,2.17,2.22
707450,陽程國泰5B購01,0,,,,
707451,順達國泰5B購01,0,,,,
707452,穩得國泰5B購02,0,,,,
707453,千附統一64購01,0,,,,
707454,千附精統一74購01,1049830,0.89,0.98,0.89,0.94
707455,台星科統一74購01,110060,0.79,0.82,0.79,0.82
707456,巨漢統一64購01,0,,,,
707457,巨漢統一67購01,0,,,,
707458,正淩統一74購01,87000,0.44,0.44,0.43,0.43
707459,立敦統一74購01,0,,,,
707460,兆利統一64購02,0,,,,
707461,金山電統一74購01,0,,,,
707462,信昌電統一64購02,0,,,,
707463,美琪瑪統一63購01,0,,,,
707464,美琪瑪統一64購02,3150,0.35,0.35,0.35,0.35
707465,湧德統一64購01,0,,,,
707466,湧德統一64購02,0,,,,
707467,陽程統一66購01,0,,,,
707468,陽程統一74購02,0,,,,
707469,陽程統一74購03,0,,,,
707470,順達統一74購01,2600,0.52,0.52,0.52,0.52
707471,新應材統一67購01,0,,,,
707472,聖暉*統一63購01,1049270,0.56,0.67,0.56,0.67
707473,鉅橡統一64購03,0,,,,
707474,蜜望實統一74購01,22300,0.9,0.9,0.86,0.86
707475,天品凱基61購01,828990,0.41,0.5,0.41,0.49
707476,台星科凱基5A購02,410,0.41,0.41,0.41,0.41
707477,立敦凱基5A購02,0,,,,
707478,立碁凱基5A購01,1200,1.2,1.2,1.2,1.2
707479,宜特凱基5A購01,0,,,,
707480,美琪瑪凱基5A購02,0,,,,
707481,湧德凱基5B購02,0,,,,
707482,順達凱基5C購01,0,,,,
707483,勤凱凱基5A購01,0,,,,
707484,萬泰科凱基5A購01,0,,,,
707485,群翊凱基61購01,0,,,,
707487,巨漢元大5A購01,0,,,,
707488,巨漢元大5A購02,0,,,,
707489,巨漢元大5A購03,0,,,,
707490,巨漢元大5A購04,0,,,,
707491,均豪元大5A購02,0,,,,
707492,均豪元大5C購01,7590,0.14,0.14,0.13,0.13
707493,宏觀元大61購01,0,,,,
707494,沛亨元大5A購01,0,,,,
707495,沛亨元大5A購02,0,,,,
707496,沛亨元大5A購03,0,,,,
707497,沛亨元大5A購04,0,,,,
707498,矽科元大5A購01,0,,,,
707499,矽科元大61購01,760,0.04,0.04,0.04,0.04
707500,美琪瑪元大5A購02,0,,,,
707503,華景電元大5A購04,0,,,,
707504,新應材元大5A購04,139720,0.14,0.14,0.14,0.14
707505,新應材元大5A購05,0,,,,
707506,新應材元大5C購01,147000,0.3,0.3,0.28,0.28
707507,新應材元大61購04,0,,,,
707508,群翊元大5A購06,0,,,,
707509,巨漢國票5A購01,0,,,,
707510,巨漢國票5B購01,1000,0.05,0.05,0.05,0.05
707511,沛亨國票5B購02,1417040,0.46,0.57,0.46,0.57
707512,東捷國票5A購02,387290,1.77,2.07,1.59,2.07
707513,矽科國票5B購03,0,,,,
707514,萬泰科國票5B購01,0,,,,
707515,榮田國票5A購01,151650,0.18,0.19,0.18,0.19
707516,久元富邦61購01,0,,,,
707517,宏捷科富邦5C購02,0,,,,
707518,宏捷科富邦61購01,0,,,,
707519,家登富邦5C購01,0,,,,
707520,湧德富邦5C購01,0,,,,
707521,新應材富邦61購02,9000,0.09,0.09,0.09,0.09
707522,萬泰科富邦5B購01,0,,,,
707523,雙鴻富邦5C購07,6510,2.17,2.17,2.17,2.17
707524,雙鴻富邦5C購08,17100,1.71,1.71,1.71,1.71
707525,譜瑞富邦5C購02,135730,0.56,0.61,0.54,0.61
707526,千附精凱基5A購01,0,,,,
707527,元太凱基61購01,194610,0.39,0.39,0.39,0.39
707528,均豪凱基5A購01,0,,,,
707529,宏觀凱基61購01,0,,,,
707530,宜特凱基5A購02,0,,,,
707531,前鼎凱基5B購02,444710,3.42,3.75,3.33,3.67
707533,華景電凱基5A購03,0,,,,
707534,陽程凱基63購01,0,,,,
707535,新應材凱基61購02,6460,0.19,0.19,0.19,0.19
707536,萬泰科凱基5B購01,11400,1.14,1.14,1.14,1.14
707537,新應材兆豐5C購01,0,,,,
707538,弘塑國票5B購01,0,,,,
707539,宜特國票5B購02,0,,,,
707541,前鼎國票5B購03,24760,1.93,2.16,1.93,2.13
707542,陽程國票5A購01,61200,6.8,6.8,6.8,6.8
707543,新應材國票5A購04,0,,,,
707544,弘塑永豐5B購03,0,,,,
707545,弘塑永豐5C購04,0,,,,
707546,弘塑永豐61購02,0,,,,
707547,弘塑永豐64購01,0,,,,
707548,新應材永豐5B購02,0,,,,
707549,新應材永豐5B購03,0,,,,
707550,新應材永豐64購01,0,,,,
707551,精材永豐5C購01,0,,,,
707552,台星科台新5A購01,0,,,,
707553,弘塑台新5A購01,0,,,,
707554,弘塑台新5A購02,0,,,,
707555,安葆台新5A購01,0,,,,
707556,前鼎台新5A購01,0,,,,
707557,威聯通台新5A購01,0,,,,
707558,新應材台新5A購01,0,,,,
707559,新應材台新5A購02,490,0.03,0.04,0.03,0.04
707560,群翊台新5A購01,0,,,,
707561,群翊台新5A購02,0,,,,
707562,力致群益5B購01,0,,,,
707563,千附精群益5A購01,0,,,,
707564,弘塑群益5A購04,0,,,,
707565,弘塑群益5C購01,77000,0.11,0.11,0.11,0.11
707566,萬泰科群益5A購02,0,,,,
707567,鑫聯群益5C購01,0,,,,
707568,弘塑國泰61購01,0,,,,
707569,弘塑國泰61購02,1300,0.26,0.26,0.26,0.26
707570,環球晶國泰5B購01,0,,,,
707571,環球晶國泰5B購02,0,,,,
707572,弘塑富邦5C購02,16120,0.13,0.13,0.13,0.13
707573,弘塑富邦64購01,18000,0.18,0.18,0.18,0.18
707574,前鼎富邦5C購01,1840,1.84,1.84,1.84,1.84
707575,力致統一74購01,0,,,,
707576,中美晶統一64購01,1420,1.42,1.42,1.42,1.42
707577,元太統一64購01,158660,0.48,0.48,0.45,0.46
707578,元太統一74購01,22560,0.84,0.84,0.83,0.83
707579,弘塑統一62購02,8200,0.15,0.15,0.14,0.15
707580,弘塑統一64購01,24420,0.19,0.2,0.19,0.2
707581,弘塑統一64購02,98200,0.15,0.16,0.15,0.16
707582,弘塑統一64購03,0,,,,
707583,立敦統一64購01,78490,0.72,0.73,0.72,0.73
707584,兆利統一74購01,0,,,,
707585,宜特統一63購01,0,,,,
707586,宜特統一64購01,0,,,,
707587,金山電統一63購01,10400,2.08,2.08,2.08,2.08
707588,金山電統一64購02,0,,,,
707589,前鼎統一63購02,1700,1.7,1.7,1.7,1.7
707590,美琪瑪統一74購01,163300,0.46,0.46,0.46,0.46
707592,陽程統一64購03,0,,,,
707593,意德士統一62購01,14850,0.42,0.43,0.42,0.43
707594,意德士統一64購01,0,,,,
707595,意德士統一74購01,0,,,,
707596,臺慶科統一64購01,73920,0.88,0.88,0.88,0.88
707597,蜜望實統一63購02,0,,,,
707598,蜜望實統一64購01,0,,,,
707599,蜜望實統一74購02,0,,,,
707600,環球晶統一63購03,0,,,,
707601,弘塑元大5A購02,0,,,,
707602,弘塑元大61購01,0,,,,
707603,立碁元大5C購01,12000,0.6,0.6,0.6,0.6
707604,宜特元大5A購02,0,,,,
707605,宜特元大5C購02,0,,,,
707606,前鼎元大5A購03,0,,,,
707608,前鼎元大5C購02,0,,,,
707609,前鼎元大61購01,1587720,2.05,2.05,1.88,2.01
707610,勤凱元大5A購04,0,,,,
707611,勤凱元大5A購05,0,,,,
707612,勤凱元大5A購06,0,,,,
707613,雙鴻元大5A購07,0,,,,
707614,雙鴻元大61購13,1456850,1.57,1.68,1.5,1.58
707615,穩得元大5A購02,0,,,,
707616,鑫聯元大5A購02,0,,,,
707617,九豪永豐5C購01,5490,0.42,0.43,0.42,0.43
707618,天品永豐5B購01,404550,0.27,0.31,0.27,0.3
707619,立敦永豐5A購01,0,,,,
707620,宜特永豐5B購02,0,,,,
707621,美琪瑪永豐5C購01,0,,,,
707622,鈊象永豐5C購01,25520,0.44,0.44,0.44,0.44
707623,精材永豐61購01,0,,,,
707624,蜜望實永豐5C購01,0,,,,
707625,環球晶永豐5C購02,15070,3.71,3.92,3.71,3.92
707626,九豪凱基5A購03,0,,,,
707627,力致凱基5B購01,0,,,,
707628,宏捷科凱基5B購01,0,,,,
707629,長科*凱基5A購01,0,,,,
707631,群翊凱基5A購01,0,,,,
707632,精材凱基5A購03,0,,,,
707633,蜜望實凱基5A購01,0,,,,
707634,環球晶凱基5B購01,0,,,,
707635,穩得凱基5A購01,0,,,,
707636,九豪台新5A購01,0,,,,
707637,九豪台新5A購02,0,,,,
707638,九豪台新5A購03,750,0.05,0.05,0.05,0.05
707639,中美晶台新5A購01,0,,,,
707640,中美晶台新5B購01,0,,,,
707641,宜特台新5B購01,0,,,,
707642,宜特台新61購01,0,,,,
707643,茂迪台新5A購01,0,,,,
707644,博磊台新5A購01,0,,,,
707645,博磊台新5A購02,0,,,,
707646,博磊台新5A購03,280,0.14,0.14,0.14,0.14
707647,環球晶台新5A購01,0,,,,
707648,環球晶台新5A購02,0,,,,
707649,譜瑞台新5A購01,0,,,,
707650,聖暉*兆豐5C購01,0,,,,
707651,九豪元大5A購02,0,,,,
707652,九豪元大5A購03,0,,,,
707653,力致元大5A購01,0,,,,
707654,安葆元大5A購01,0,,,,
707655,系統電元大5A購02,0,,,,
707656,宜特元大5A購03,0,,,,
707657,宜特元大5B購01,29640,0.26,0.26,0.26,0.26
707658,宜特元大5C購03,0,,,,
707659,宜特元大61購01,0,,,,
707660,宜特元大63購02,6000,0.24,0.24,0.24,0.24
707661,朋億*元大5A購01,0,,,,
707664,博磊元大5A購02,0,,,,
707665,意德士元大5A購01,36000,0.12,0.12,0.12,0.12
707666,新盛力元大5A購02,6260,3.13,3.13,3.13,3.13
707667,鉅橡元大5A購01,0,,,,
707668,蜜望實元大5A購01,0,,,,
707669,蜜望實元大5A購02,0,,,,
707670,九豪群益5A購03,0,,,,
707671,元太群益5A購02,0,,,,
707672,美琪瑪群益5A購02,0,,,,
707673,蜜望實群益5A購01,0,,,,
707674,優群群益5A購01,0,,,,
707676,加高國票5B購01,9750,0.39,0.39,0.39,0.39
707677,艾訊國票5B購01,39980,0.82,0.82,0.81,0.81
707678,均豪國票5A購02,0,,,,
707679,宜特國票5B購03,0,,,,
707680,博磊國票5B購01,2000,0.2,0.2,0.2,0.2
707681,漢達國票5B購01,5605180,3.3,3.6,2.9,3.37
707682,蜜望實國票5A購02,0,,,,
707683,九豪富邦5C購01,0,,,,
707684,宜特富邦61購01,0,,,,
707685,九豪統一64購01,0,,,,
707686,九豪統一64購02,380,0.38,0.38,0.38,0.38
707687,九豪統一74購01,5800,0.58,0.58,0.58,0.58
707688,千附統一74購01,154080,1.07,1.09,1.07,1.09
707689,千附精統一74購02,195410,1.24,1.39,1.22,1.38
707690,台星科統一74購02,29000,0.46,0.49,0.46,0.49
707691,兆利統一74購02,0,,,,
707692,兆利統一74購03,0,,,,
707693,宏觀統一74購01,7830,0.29,0.29,0.29,0.29
707694,系統電統一64購02,0,,,,
707695,宜特統一64購02,0,,,,
707696,宜特統一65購02,0,,,,
707697,宜特統一74購02,0,,,,
707698,茂迪統一67購02,18900,0.3,0.3,0.3,0.3
707699,意德士統一65購01,0,,,,
707700,意德士統一74購02,0,,,,
707701,萬泰科統一74購03,15200,0.76,0.76,0.76,0.76
707702,臺慶科統一66購01,14820,0.78,0.78,0.78,0.78
707703,優群統一66購01,290,0.29,0.29,0.29,0.29
707704,環球晶統一64購03,0,,,,
707705,環球晶統一74購01,172210,1.76,1.85,1.74,1.85
707706,力致台新5A購01,0,,,,
707707,力致台新5A購02,0,,,,
707708,久元台新5A購01,3000,0.06,0.06,0.06,0.06
707709,美琪瑪台新5A購01,0,,,,
707710,千附精國票5B購02,2190,0.73,0.73,0.73,0.73
707711,千附精國票5B購03,12700,0.7,1.0,0.7,1.0
707712,方土昶國票5B購01,114680,0.61,0.61,0.61,0.61
707713,立碁國票5B購01,42400,0.86,0.86,0.83,0.83
707714,邑昇國票5B購01,600,0.06,0.06,0.06,0.06
707715,欣銓國票5B購02,13680,1.71,1.71,1.71,1.71
707716,信紘科國票5A購01,51170,0.11,0.15,0.11,0.15
707717,信紘科國票5B購01,153410,0.17,0.2,0.17,0.2
707718,家登國票5A購01,21060,1.29,1.29,1.2,1.2
707719,能率亞國票5B購01,24430,0.95,0.95,0.9,0.94
707720,華容國票5B購01,0,,,,
707721,群聯國票5B購01,683790,1.15,1.37,1.1,1.37
707722,蜜望實國票5B購01,5500,1.1,1.1,1.1,1.1
707724,千附精元大5A購02,0,,,,
707725,千附精元大5A購03,4500,1.5,1.5,1.5,1.5
707726,千附精元大5A購04,3100,0.31,0.31,0.31,0.31
707727,千附精元大5A購05,0,,,,
707728,千附精元大5A購06,0,,,,
707729,欣銓元大5A購02,0,,,,
707730,欣銓元大63購03,123940,2.82,2.92,2.61,2.92
707731,美琪瑪元大5A購03,0,,,,
707732,華容元大5A購01,0,,,,
707733,群翊元大5A購07,0,,,,
707734,群聯元大5A購01,99340,0.72,0.88,0.69,0.88
707735,群聯元大5A購02,309910,0.49,0.58,0.48,0.58
707736,鈺太元大61購01,0,,,,
707738,蜜望實元大5A購04,0,,,,
707739,蜜望實元大5A購05,0,,,,
707740,千附精凱基5A購02,22050,0.88,0.89,0.88,0.89
707741,方土昶凱基5A購01,0,,,,
707742,欣銓凱基5A購01,65600,2.5,2.8,2.5,2.8
707743,欣銓凱基5A購02,59790,3.41,3.78,3.41,3.78
707744,信紘科凱基5A購02,0,,,,
707746,萬泰科凱基5A購02,2070,2.07,2.07,2.07,2.07
707747,群聯凱基5A購01,133150,0.76,0.95,0.76,0.95
707748,群聯凱基5A購02,639640,1.2,1.6,1.18,1.6
707749,蜜望實凱基5A購02,72000,0.72,0.72,0.72,0.72
707750,千附精永豐5C購01,6210,0.69,0.69,0.69,0.69
707751,方土昶永豐5A購01,0,,,,
707752,世禾永豐5B購01,44000,0.11,0.11,0.11,0.11
707753,立碁永豐61購01,37200,0.4,0.51,0.39,0.5
707754,欣銓永豐5A購01,95530,1.96,2.3,1.8,2.3
707755,欣銓永豐5C購01,946100,2.05,2.23,1.84,2.23
707756,新盛力永豐5A購01,0,,,,
707757,群聯永豐61購01,969310,0.7,0.82,0.7,0.82
707758,群聯永豐64購01,1359220,0.85,1.01,0.85,1.01
707759,蜜望實永豐61購01,162140,0.84,0.86,0.84,0.86
707760,信昌電國泰5B購01,0,,,,
707761,信紘科國泰5B購01,0,,,,
707762,群翊國泰5C購01,0,,,,
707763,群聯群益5B購01,2132050,1.52,1.8,1.48,1.79
707764,群聯群益61購01,373840,1.47,1.79,1.44,1.79
707765,群聯群益64購01,434660,1.84,2.06,1.82,2.05
707766,蜜望實國泰5B購01,0,,,,
707767,精材兆豐5C購01,953300,7.6,7.6,7.5,7.5
707768,力旺永豐5A購01,0,,,,
707769,力旺永豐5B購01,0,,,,
707770,力旺永豐5C購01,99500,0.15,0.15,0.1,0.1
707771,台半永豐5C購01,32840,1.76,1.76,1.71,1.71
707772,巨有永豐5C購01,427360,3.2,3.52,2.96,3.52
707773,立端永豐5A購01,0,,,,
707774,宏捷科永豐5C購02,0,,,,
707775,亞通永豐5A購01,93790,2.38,2.38,1.76,1.76
707776,旺矽永豐5B購02,71170,0.71,0.75,0.68,0.69
707777,信昌電永豐5C購01,25200,12.6,12.6,12.6,12.6
707778,信驊永豐5B購04,278620,3.0,3.23,2.98,2.99
707779,華景電永豐5C購02,0,,,,
707780,精測永豐61購02,54360,0.29,0.5,0.29,0.49
707781,臺慶科永豐5B購01,0,,,,
707782,聰泰永豐5A購01,22400,0.14,0.14,0.14,0.14
707783,力旺凱基5A購03,0,,,,
707784,力旺凱基5A購04,0,,,,
707785,力旺凱基5B購02,560,0.14,0.14,0.14,0.14
707786,力旺凱基5C購01,3600,0.36,0.36,0.36,0.36
707787,力旺凱基61購01,0,,,,
707788,立碁凱基5B購01,43480,0.35,0.35,0.3,0.31
707789,宏捷科凱基5A購02,0,,,,
707790,旺矽凱基5A購05,11980,0.62,0.64,0.62,0.64
707791,旺矽凱基5B購02,0,,,,
707792,旺矽凱基5C購02,516820,0.72,0.75,0.67,0.7
707793,信昌電凱基5A購02,0,,,,
707794,信昌電凱基5A購03,0,,,,
707795,信驊凱基5A購04,302600,4.46,4.46,4.3,4.3
707796,信驊凱基5B購03,842150,3.73,4.18,3.72,3.93
707797,信驊凱基5C購02,642700,3.54,3.84,3.46,3.54
707798,信驊凱基61購04,2561430,3.36,3.67,3.33,3.42
707799,家登凱基5A購01,163700,1.13,1.19,1.05,1.19
707800,華景電凱基5A購04,0,,,,
707801,群翊凱基5A購02,0,,,,
707802,精測凱基5A購01,0,,,,
707803,精測凱基5A購02,150,0.15,0.15,0.15,0.15
707804,精測凱基5A購03,32860,0.21,0.23,0.21,0.23
707805,力領台新5A購01,0,,,,
707806,世界台新5A購01,138000,2.4,2.4,2.3,2.3
707807,宏捷科台新5A購01,0,,,,
707808,宏捷科台新5A購02,0,,,,
707809,宏捷科台新61購01,1040,0.26,0.26,0.26,0.26
707810,旺矽台新5A購01,6700,0.67,0.67,0.67,0.67
707811,旺矽台新5A購02,0,,,,
707812,信驊台新5A購01,88380,4.91,4.91,4.91,4.91
707813,信驊台新5A購02,135340,3.1,3.49,3.03,3.03
707814,群翊台新5A購03,0,,,,
707815,璟德台新5A購01,0,,,,
707816,力旺元大5A購04,900,0.18,0.18,0.18,0.18
707817,力旺元大5A購05,0,,,,
707818,力旺元大5B購01,5070,0.03,0.03,0.03,0.03
707819,均豪元大5A購03,0,,,,
707820,旺矽元大5A購04,65240,0.52,0.52,0.47,0.52
707821,旺矽元大5B購02,426060,0.66,0.86,0.66,0.86
707822,旺矽元大61購02,31580,1.06,1.22,1.06,1.13
707823,長科*元大5A購01,0,,,,
707824,信昌電元大5A購03,0,,,,
707825,信昌電元大5A購04,0,,,,
707827,信昌電元大5A購06,0,,,,
707828,信驊元大5A購02,217790,2.43,2.54,2.37,2.37
707829,信驊元大63購01,2145360,4.68,5.1,4.68,4.75
707830,美琪瑪元大5A購04,0,,,,
707831,華景電元大5A購05,0,,,,
707832,新盛力元大61購01,0,,,,
707833,群翊元大61購01,2310,0.21,0.21,0.21,0.21
707834,精測元大5B購02,156800,0.6,0.8,0.6,0.8
707835,精測元大63購04,45290,0.44,0.67,0.44,0.66
707836,穩得元大5A購03,0,,,,
707837,中光電國泰5B購01,0,,,,
707838,立碁國泰5B購02,40060,0.93,1.19,0.93,1.15
707839,旺矽國泰5B購01,136040,0.95,0.98,0.93,0.94
707840,旺矽國泰5B購02,140850,0.69,0.75,0.65,0.75
707841,信昌電國泰5B購02,0,,,,
707842,新盛力國泰5B購01,0,,,,
707843,旺矽統一64購02,114400,1.05,1.05,1.03,1.04
707844,群聯統一64購01,913540,0.91,1.0,0.88,0.99
707845,精測統一64購03,44000,0.44,0.44,0.44,0.44
707846,力旺富邦5C購01,115830,0.21,0.22,0.19,0.22
707847,良維富邦62購01,780990,0.82,0.94,0.81,0.93
707848,旺矽富邦64購02,3393490,0.85,0.94,0.85,0.93
707849,欣銓富邦5A購01,332620,1.17,1.25,1.11,1.24
707850,欣銓富邦64購01,1735360,1.16,1.22,1.07,1.22
707851,信紘科富邦62購01,639820,0.34,0.44,0.34,0.44
707852,信驊富邦61購01,1637390,3.59,3.88,3.56,3.71
707853,華電網富邦62購01,0,,,,
707854,順達富邦62購01,1590,0.53,0.53,0.53,0.53
707855,新盛力富邦5C購01,0,,,,
707856,新盛力富邦61購01,0,,,,
707857,群翊富邦5B購01,200,0.04,0.04,0.04,0.04
707858,群聯富邦5C購01,1059900,0.85,0.92,0.78,0.92
707859,群聯富邦61購01,2939250,1.01,1.15,0.96,1.15
707860,精測富邦61購01,19020,0.25,0.35,0.25,0.35
707861,M31凱基5A購02,0,,,,
707862,M31凱基5A購03,0,,,,
707863,宏觀凱基61購02,0,,,,
707864,良維凱基5B購03,256000,0.3,0.37,0.3,0.36
707865,家登凱基5A購02,22700,0.39,0.39,0.37,0.38
707866,華景電凱基5C購01,600,0.12,0.12,0.12,0.12
707867,新盛力凱基5A購03,0,,,,
707868,聖暉*凱基5A購02,0,,,,
707869,鏵友益凱基5A購01,0,,,,
707870,環球晶兆豐5C購02,0,,,,
707871,M31元大5A購01,0,,,,
707872,M31元大5A購02,0,,,,
707873,M31元大61購01,2550,0.21,0.23,0.21,0.23
707874,M31元大63購01,9500,0.25,0.26,0.25,0.25
707875,久元元大5A購02,0,,,,
707876,千附元大5A購01,630,0.21,0.21,0.21,0.21
707877,加高元大5A購01,0,,,,
707878,台嘉碩元大5A購02,790,0.12,0.12,0.11,0.11
707879,立敦元大5A購01,0,,,,
707881,立碁元大63購01,1220580,1.08,1.25,1.05,1.21
707882,宏觀元大5C購01,0,,,,
707883,欣銓元大5A購03,10040,1.84,2.12,1.84,2.12
707884,家登元大61購01,1950,1.95,1.95,1.95,1.95
707885,華電網元大5A購02,0,,,,
707886,鈺太元大5A購01,0,,,,
707887,鏵友益元大5A購01,0,,,,
707888,元債20群益5A購01,0,,,,
707889,世界群益5A購02,702640,0.9,0.9,0.88,0.88
707890,宏觀群益5A購01,0,,,,
707891,欣銓群益5A購01,42060,2.21,2.88,2.21,2.88
707892,翔名群益5A購01,106000,0.32,0.33,0.32,0.32
707893,環球晶群益5A購04,0,,,,
707894,M31富邦5C購01,0,,,,
707895,元太富邦61購01,18500,0.54,0.54,0.52,0.52
707896,台星科富邦61購01,224500,0.38,0.46,0.37,0.46
707897,均豪富邦62購01,0,,,,
707898,宏捷科富邦5C購03,13000,0.13,0.13,0.13,0.13
707899,宏捷科富邦61購02,0,,,,
707900,華景電富邦61購01,2700,0.09,0.09,0.09,0.09
707901,鈊象富邦61購01,1500,0.3,0.3,0.3,0.3
707902,萬泰科富邦62購01,65040,0.58,0.59,0.57,0.57
707903,欣銓群益5A購02,10630,0.8,0.93,0.8,0.93
707904,新盛力群益5A購01,0,,,,
707906,久元元大5A購03,0,,,,
707907,方土昶元大5A購01,0,,,,
707908,世界元大5A購03,0,,,,
707909,尼克森元大5A購01,0,,,,
707910,立碁元大5A購03,0,,,,
707911,兆利元大5A購01,0,,,,
707912,均華元大5A購01,3500,0.07,0.07,0.07,0.07
707913,均華元大5A購02,60,0.01,0.01,0.01,0.01
707914,均豪元大5A購04,0,,,,
707915,沛亨元大5A購05,64030,0.18,0.19,0.17,0.19
707916,邑昇元大5A購01,0,,,,
707917,信紘科元大5A購02,530150,0.2,0.29,0.2,0.28
707918,家登元大5A購03,0,,,,
707919,家登元大5A購04,0,,,,
707920,華景電元大5A購06,0,,,,
707921,華景電元大63購01,0,,,,
707922,新盛力元大5A購03,0,,,,
707923,德微元大5A購01,80520,1.83,1.83,1.83,1.83
707924,久元凱基5A購01,0,,,,
707925,合晶凱基5A購01,0,,,,
707926,均華凱基5A購01,0,,,,
707927,系微凱基5A購03,0,,,,
707928,欣銓凱基63購01,330140,1.48,1.63,1.36,1.63
707929,家登凱基5A購03,0,,,,
707930,鈺太凱基61購01,12000,0.1,0.1,0.1,0.1
707931,環球晶凱基5A購01,834650,3.35,4.01,3.35,4.01
707932,世禾富邦5C購02,0,,,,
707933,均華富邦61購01,209920,0.22,0.25,0.22,0.24
707934,沛亨富邦5B購01,94590,0.33,0.35,0.32,0.35
707935,欣銓富邦5B購01,996130,0.52,0.72,0.5,0.72
707936,中美晶兆豐64購01,562560,2.58,2.86,2.54,2.86
707937,順達兆豐5C購02,0,,,,
707938,世界群益5A購03,18900,0.9,0.9,0.9,0.9
707939,合晶群益5B購01,0,,,,
707940,良維群益5A購01,0,,,,
707941,原相群益5A購01,0,,,,
707942,創惟群益5B購01,0,,,,
707943,富喬群益5A購03,0,,,,
707944,富喬群益5A購04,0,,,,
707945,聖暉*群益5B購01,0,,,,
707946,德微群益5A購01,20970,2.33,2.33,2.33,2.33
707947,雙鴻群益5B購06,77220,0.99,0.99,0.99,0.99
707948,久元凱基5A購02,2500,0.25,0.25,0.25,0.25
707949,千附凱基5A購01,0,,,,
707950,世界凱基5A購02,12980,0.79,0.79,0.76,0.76
707951,兆利凱基5A購01,0,,,,
707952,艾訊凱基5B購01,0,,,,
707953,均豪凱基5A購02,0,,,,
707954,沛亨凱基5A購02,3700,0.09,0.1,0.09,0.1
707955,家登凱基5A購04,0,,,,
707956,勤凱凱基5A購02,0,,,,
707957,新盛力凱基5B購01,0,,,,
707958,鉅橡凱基5A購03,0,,,,
707959,雙鴻凱基5A購07,0,,,,
707960,雙鴻凱基61購02,3510,1.13,1.2,1.13,1.2
707961,中美晶富邦5A購01,79800,1.28,1.38,1.28,1.38
707962,長科*富邦62購01,547440,0.95,1.04,0.94,1.04
707963,家登富邦61購01,669520,0.55,0.57,0.52,0.56
707964,富喬富邦61購01,249680,0.41,0.46,0.4,0.4
707965,聖暉*富邦5C購01,104220,0.42,0.46,0.42,0.46
707966,鉅橡富邦5B購01,0,,,,
707967,鈺太富邦5A購01,0,,,,
707968,優群富邦61購01,0,,,,
707969,環球晶富邦5B購01,0,,,,
707970,雙鴻富邦5C購09,80380,0.96,0.98,0.96,0.97
707971,巨有元大5A購01,59000,2.95,2.95,2.95,2.95
707972,富喬元大5C購02,6980,0.41,0.45,0.41,0.45
707973,華義元大5A購01,0,,,,
707974,環球晶元大5A購01,7860,1.31,1.31,1.31,1.31
707975,雙鴻兆豐5C購02,37900,1.13,1.13,1.04,1.11
707976,世界兆豐5C購01,0,,,,
707977,富喬國票5A購02,16780,0.28,0.29,0.27,0.27
707978,富喬國票5B購02,440,0.44,0.44,0.44,0.44
707979,華義國票5B購01,0,,,,
707980,華義國票5B購02,0,,,,
707981,新盛力國票5A購02,0,,,,
707982,雙鴻凱基5A購08,0,,,,
707983,良維凱基5A購04,0,,,,
707984,聖暉*凱基5C購01,0,,,,
707985,德微凱基5A購02,175920,0.64,0.68,0.64,0.65
707986,環球晶凱基5A購02,0,,,,
707987,雙鴻凱基5C購06,32860,2.08,2.08,2.02,2.02
707988,譜瑞群益5A購01,0,,,,
707989,系統電國泰5B購01,0,,,,
707990,新盛力國泰5B購02,0,,,,
707991,群聯國泰5B購01,35330,1.48,1.66,1.48,1.66
707992,群聯國泰5B購02,57820,1.0,1.18,1.0,1.18
707993,立碁元大5A購04,5300,0.53,0.53,0.53,0.53
707994,系微元大5C購01,0,,,,
707995,德微元大5A購02,0,,,,
707996,立碁永豐5B購02,155160,0.49,0.61,0.49,0.59
707997,新盛力永豐61購01,163500,1.46,1.46,1.45,1.46
707998,群聯永豐5C購01,681970,0.82,0.92,0.8,0.92
707999,聖暉*永豐5C購02,3040,0.19,0.19,0.19,0.19
708000,德微永豐5B購01,0,,,,
708001,雙鴻永豐5C購04,108150,1.54,1.63,1.54,1.54
708002,雙鴻永豐61購03,0,,,,
708003,立碁國票5B購02,0,,,,
708004,兆利國票5B購01,4050,0.04,0.05,0.04,0.05
708005,系微國票5B購01,0,,,,
708006,良維國票5B購01,902390,0.21,0.26,0.2,0.24
708007,凌陽創國票5B購01,0,,,,
708008,群聯國票5B購03,889010,0.77,0.9,0.74,0.9
708009,聖暉*國票5B購01,0,,,,
708010,鉅橡國票5B購02,0,,,,
708011,矽科台新5A購01,0,,,,
708012,捷創台新5A購01,1750,0.35,0.35,0.35,0.35
708013,富強鑫台新5A購01,60670,0.61,0.61,0.47,0.47
708014,崴寶台新5A購01,0,,,,
708015,群聯台新5A購01,26260,4.4,4.4,3.5,4.36
708016,群聯台新5A購02,81870,1.83,2.22,1.83,2.22
708017,群聯台新5A購03,120360,0.89,1.14,0.85,1.14
708018,穩得台新5A購01,0,,,,
708019,良維凱基5B購04,140400,0.13,0.13,0.13,0.13
708020,東捷凱基5A購03,5530,1.69,1.92,1.69,1.92
708021,群聯凱基5B購01,83330,0.88,1.11,0.88,1.11
708022,精材凱基5C購01,0,,,,
708023,譜瑞凱基5A購01,0,,,,
708024,三聯國票5A購01,11300,0.1,0.11,0.1,0.11
708025,大綜國票5A購01,64850,0.66,0.77,0.66,0.75
708026,太景*國票5B購01,0,,,,
708027,良維國票5B購02,673240,0.25,0.28,0.24,0.28
708028,朋程國票5A購01,3000,0.2,0.2,0.2,0.2
708029,崴寶國票5B購01,0,,,,
708030,群翊國票5B購03,0,,,,
708031,群聯國票5B購04,158300,1.0,1.16,1.0,1.16
708032,環球晶國票5A購02,129400,2.55,2.74,2.55,2.74
708033,譜瑞國票5B購01,115010,0.11,0.12,0.11,0.12
708034,久元永豐5C購01,0,,,,
708035,良維永豐5C購02,40200,0.67,0.67,0.67,0.67
708036,精材永豐5C購02,0,,,,
708037,雙鴻永豐5B購03,432390,0.74,0.83,0.68,0.73
708038,雙鴻永豐63購02,163310,1.18,1.28,1.18,1.2
708039,力致國泰5C購01,0,,,,
708040,良維元大5A購04,140,0.14,0.14,0.14,0.14
708041,良維元大63購01,0,,,,
708042,新盛力元大5A購04,0,,,,
708043,良維富邦61購01,143470,0.24,0.3,0.24,0.27
708044,新盛力富邦61購02,328300,1.04,1.05,1.01,1.04
708045,兆利群益5A購01,0,,,,
708046,系統電群益5B購01,10000,0.2,0.2,0.2,0.2
708047,良維群益5B購03,0,,,,
708048,臺慶科群益5A購01,0,,,,
708049,雙鴻群益5A購07,0,,,,
708050,中美晶台新5B購02,50330,1.53,1.54,1.51,1.51
708051,兆利台新5A購01,0,,,,
708052,兆利台新5A購02,0,,,,
708053,環球晶台新5A購03,0,,,,
708054,環球晶台新5A購04,157210,2.64,3.02,2.42,3.02
708055,群聯元大5A購03,508570,0.42,0.53,0.4,0.53
708056,環球晶元大5A購02,0,,,,
708057,環球晶元大5A購03,0,,,,
708058,環球晶元大5A購04,3260,1.63,1.63,1.63,1.63
708059,世界凱基5A購03,0,,,,
708060,系統電凱基5A購03,0,,,,
708061,欣銓凱基5A購03,239900,0.93,1.3,0.93,1.25
708062,順達凱基5A購04,0,,,,
708063,群聯凱基5B購02,133880,0.34,0.4,0.32,0.4
708064,群聯兆豐64購01,243350,1.67,1.99,1.67,1.99
708065,中美晶群益5C購01,475580,1.22,1.42,1.22,1.38
708066,群聯群益5B購02,349320,0.49,0.6,0.49,0.6
708067,群聯群益5C購01,417020,0.94,0.98,0.89,0.98
708068,精材群益5A購05,0,,,,
708069,精材群益5A購06,0,,,,
708070,雙鴻群益5B購07,48760,0.74,0.82,0.74,0.78
708071,凡甲國票5B購01,970,0.16,0.17,0.16,0.17
708072,久元國票5B購01,0,,,,
708073,中美晶國票5B購01,936180,1.12,1.24,1.12,1.16
708074,欣銓國票5C購01,83970,1.47,1.71,1.47,1.71
708075,萬泰科國票5B購02,0,,,,
708076,群聯國票5B購05,455850,0.91,1.09,0.89,1.09
708077,精材國票5B購01,0,,,,
708078,鑫聯國票5B購01,0,,,,
708079,鴻呈國泰5C購01,0,,,,
708080,譜瑞國泰5B購01,0,,,,
708081,久元富邦61購02,0,,,,
708082,系統電富邦61購01,0,,,,
708083,家登富邦5C購02,1535360,0.86,0.87,0.82,0.87
708084,群聯富邦5C購02,1290960,0.87,0.96,0.84,0.96
708085,群聯富邦61購02,1365160,0.74,0.83,0.71,0.82
708086,譜瑞富邦5C購03,3360,0.21,0.21,0.21,0.21
708087,譜瑞富邦61購01,40220,0.16,0.17,0.15,0.16
708088,群聯永豐5C購02,16070,0.48,0.56,0.48,0.56
708089,群聯永豐64購02,213090,0.87,0.97,0.87,0.97
708090,精材永豐5B購02,4010,4.01,4.01,4.01,4.01
708091,中美晶凱基61購02,114310,1.76,1.81,1.71,1.81
708092,矽科凱基5B購01,0,,,,
708093,群聯凱基61購01,220230,0.4,0.5,0.4,0.5
708094,精材凱基5B購02,0,,,,
708095,環球晶凱基5B購02,0,,,,
708096,譜瑞凱基5B購01,0,,,,
708097,久元國票5C購01,0,,,,
708098,台星科國票5C購01,0,,,,
708099,正淩國票5C購01,0,,,,
708100,亞信國票5C購01,0,,,,
708101,佳邦國票5C購01,16040,0.19,0.2,0.19,0.2
708102,金山電國票5C購01,0,,,,
708103,原相國票5B購01,0,,,,
708104,原相國票5C購01,0,,,,
708105,家登國票5B購01,13200,0.33,0.33,0.33,0.33
708106,新潤國票5C購01,0,,,,
708107,群聯國票61購01,3300,0.66,0.66,0.66,0.66
708108,精華國票5C購01,0,,,,
708109,磐儀國票5C購01,27000,0.13,0.14,0.13,0.14
708110,世界台新5B購01,1426000,0.81,0.9,0.69,0.69
708111,矽科台新5B購01,0,,,,
708112,家登台新5B購01,59280,1.5,1.5,1.48,1.48
708113,家登台新5B購02,0,,,,
708114,家登台新62購01,1170,1.17,1.17,1.17,1.17
708115,勤凱台新5B購01,1498530,0.91,0.98,0.91,0.98
708116,群聯台新5B購01,680,0.68,0.68,0.68,0.68
708117,群聯台新5B購02,209750,0.22,0.28,0.2,0.28
708118,世界群益5B購05,9100,1.82,1.82,1.82,1.82
708119,欣銓群益5B購01,547100,2.81,3.64,2.81,3.64
708120,家登群益5B購01,1400,0.7,0.7,0.7,0.7
708121,家登群益61購01,0,,,,
708122,世界永豐65購01,32490,0.84,0.84,0.83,0.83
708123,台特化永豐62購01,0,,,,
708124,高鋒永豐5C購01,3580,0.17,0.18,0.17,0.18
708125,群聯永豐65購01,48430,0.83,0.87,0.83,0.87
708126,群聯中信62購01,550,0.55,0.55,0.55,0.55
708127,凡甲國泰61購01,0,,,,
708128,東捷國泰61購01,225970,3.37,3.4,3.37,3.4
708129,欣銓國泰5C購01,830680,2.13,2.31,1.91,2.31
708130,群聯國泰61購01,131400,1.48,1.49,1.38,1.49
708131,中美晶富邦61購01,205940,1.46,1.51,1.46,1.51
708132,環球晶富邦5C購02,6150,1.23,1.23,1.23,1.23
708133,中美晶元大5B購02,0,,,,
708134,中美晶元大5B購03,0,,,,
708135,世界元大5B購02,47620,1.02,1.02,0.92,0.98
708136,世界元大5B購03,94020,1.21,1.21,1.13,1.13
708137,均豪元大5B購01,0,,,,
708138,群聯元大5B購01,1221480,0.82,0.91,0.81,0.91
708139,群聯元大5B購02,807160,0.79,0.86,0.79,0.85
708140,群聯元大64購01,569370,0.87,0.98,0.86,0.97
708141,精材元大5B購03,0,,,,
708142,精材元大5B購04,0,,,,
708143,精材元大5B購05,0,,,,
708144,雙鴻元大61購14,0,,,,
708145,大學光凱基5B購01,0,,,,
708146,世界凱基5B購01,15000,0.5,0.5,0.5,0.5
708147,正淩凱基5C購01,0,,,,
708148,欣銓凱基61購01,95640,1.3,1.48,1.25,1.48
708149,原相凱基5B購02,27940,0.22,0.22,0.22,0.22
708150,家登凱基5B購01,0,,,,
708151,群翊凱基61購02,0,,,,
708152,群聯凱基63購01,776400,0.57,0.66,0.57,0.66
708153,鈺太凱基5B購01,0,,,,
708154,安葆台新5B購01,0,,,,
708155,家碩台新5B購01,0,,,,
708156,家碩台新5B購02,0,,,,
708157,鉅橡台新5B購01,0,,,,
708158,華景電國泰5C購01,0,,,,
708159,世界富邦5B購01,275020,0.46,0.48,0.42,0.46
708160,系微富邦63購01,89930,0.16,0.17,0.16,0.16
708161,茂迪富邦63購02,0,,,,
708162,原相富邦5B購01,3500,0.09,0.09,0.08,0.09
708163,萬泰科富邦5B購02,0,,,,
708164,群聯富邦62購01,571680,0.57,0.64,0.56,0.64
708165,群聯富邦62購02,799150,0.42,0.48,0.4,0.48
708166,凡甲永豐5C購01,1170,0.09,0.09,0.09,0.09
708167,東捷永豐64購02,192810,1.43,1.57,1.4,1.55
708168,東捷永豐67購01,511180,1.57,1.67,1.53,1.65
708169,華景電永豐61購02,0,,,,
708170,璟德永豐61購01,0,,,,
708171,家登中信5B購01,0,,,,
708172,譜瑞中信5B購01,4660,0.12,0.14,0.12,0.14
708173,欣銓兆豐61購01,245790,1.34,1.72,1.3,1.72
708174,凡甲國票5C購01,0,,,,
708175,安葆國票5C購01,0,,,,
708176,東捷國票5C購01,495090,1.44,1.61,1.35,1.59
708177,華景電國票5C購01,0,,,,
708178,群翊國票5C購01,0,,,,
708179,群聯國票66購01,777540,0.74,0.82,0.73,0.82
708180,東捷群益5B購02,890,0.89,0.89,0.89,0.89
708181,東捷群益5B購03,387690,1.01,1.17,0.94,1.17
708182,華景電群益5B購01,0,,,,
708183,群聯群益61購03,296700,0.38,0.42,0.38,0.42
708184,久元元大64購01,0,,,,
708185,正淩元大5B購01,0,,,,
708186,東捷元大5B購01,46860,1.65,1.97,1.65,1.87
708187,東捷元大5B購02,187110,2.97,2.97,2.97,2.97
708188,東捷元大5B購03,95390,1.97,1.97,1.91,1.91
708189,東捷元大5B購04,88280,0.88,0.88,0.76,0.76
708190,家登元大5B購02,2440,0.61,0.61,0.61,0.61
708191,順達元大64購03,0,,,,
708192,萬泰科元大5B購01,0,,,,
708193,群翊元大5B購01,790,0.11,0.12,0.11,0.12
708194,群聯元大5B購03,45690,0.26,0.32,0.24,0.32
708195,群聯元大64購02,257110,0.65,1.01,0.65,1.01
708197,精材元大5B購07,0,,,,
708198,精材元大61購06,0,,,,
708199,環球晶元大5B購01,0,,,,
708201,凡甲凱基5B購01,0,,,,
708202,久元凱基5B購01,0,,,,
708203,台特化凱基5B購01,0,,,,
708204,安葆凱基5C購01,0,,,,
708205,家登凱基5B購02,0,,,,
708206,華景電凱基5B購01,0,,,,
708207,順達凱基63購01,154560,0.74,0.76,0.74,0.76
708208,萬泰科凱基5C購01,0,,,,
708209,群聯凱基64購01,144550,0.59,0.59,0.59,0.59
708210,環球晶凱基5B購03,297390,2.6,3.05,2.48,2.92
708211,穩得凱基5B購01,0,,,,
708212,鑫聯凱基5C購01,0,,,,
708213,台特化台新5B購01,0,,,,
708214,台特化台新5B購02,0,,,,
708215,系微台新5B購01,0,,,,
708216,欣銓台新5B購01,375820,2.39,2.39,2.27,2.27
708217,欣銓台新5B購02,249430,2.36,2.8,2.07,2.8
708218,湧德台新5B購01,0,,,,
708219,華景電台新5B購01,0,,,,
708220,鈊象台新5B購01,0,,,,
708221,萬泰科台新5B購01,0,,,,
708222,萬泰科台新5B購02,59840,0.44,0.44,0.44,0.44
708223,精材台新5B購01,0,,,,
708225,璟德中信5B購01,0,,,,
708226,安葆國泰5C購01,53000,0.53,0.53,0.53,0.53
708227,群翊國泰5C購02,0,,,,
708228,凡甲富邦61購01,870,0.17,0.18,0.17,0.18
708229,中光電富邦62購01,622700,0.71,0.76,0.67,0.75
708230,均豪富邦5B購01,0,,,,
708231,捷創富邦62購01,0,,,,
708232,世界永豐5C購01,59900,0.95,0.95,0.87,0.87
708233,家登永豐61購01,5250,0.35,0.35,0.35,0.35
708234,家碩永豐5B購01,0,,,,
708235,群聯永豐65購02,987890,0.58,0.64,0.56,0.64
708236,鉅橡永豐5C購01,0,,,,
708237,環球晶兆豐61購01,3300,3.3,3.3,3.3,3.3
708238,艾訊國票63購01,0,,,,
708239,美琪瑪國票5C購01,0,,,,
708240,晶宏國票5C購01,0,,,,
708241,翔名國票5C購01,0,,,,
708242,聰泰國票5C購01,73390,0.27,0.34,0.27,0.34
708243,寶雅國票5C購01,0,,,,
708244,久元群益61購01,0,,,,
708245,方土昶群益5B購01,0,,,,
708246,世界群益5B購06,115740,1.69,1.69,1.5,1.5
708247,艾訊群益5B購01,0,,,,
708248,家登群益5B購02,0,,,,
708249,陽程群益5B購01,102000,6.8,6.8,6.8,6.8
708250,群聯群益5B購03,238170,0.19,0.24,0.17,0.24
708252,凡甲元大5B購01,0,,,,
708253,均豪元大5B購02,0,,,,
708254,均豪元大65購01,0,,,,
708255,家登元大5B購03,13200,0.88,0.88,0.88,0.88
708256,群聯元大5B購04,300550,0.52,0.67,0.5,0.67
708257,群聯元大5B購05,18710,0.28,0.31,0.28,0.31
708258,群聯元大64購03,74270,0.73,0.81,0.73,0.81
708259,精材元大5B購08,0,,,,
708260,精材元大5B購09,0,,,,
708261,精材元大5B購10,0,,,,
708262,璟德元大5B購01,0,,,,
708263,環球晶元大5B購03,0,,,,
708264,環球晶元大5B購04,0,,,,
708265,大中元大5B購01,0,,,,
708266,威剛元大5B購04,195500,0.17,0.17,0.17,0.17
708267,威剛元大5B購05,84000,0.21,0.21,0.21,0.21
708268,威剛元大64購01,46240,0.51,0.51,0.49,0.51
708269,陽程元大61購03,0,,,,
708270,群聯元大5B購06,16500,0.16,0.2,0.16,0.2
708271,鉅橡元大5B購01,0,,,,
708272,鉅橡元大5B購02,0,,,,
708273,安葆國泰5C購02,55860,0.55,0.68,0.55,0.66
708274,勤凱國泰5C購01,0,,,,
708275,雷科國泰5C購01,0,,,,
708276,久元凱基64購01,0,,,,
708277,均豪凱基65購01,0,,,,
708278,金山電凱基5B購01,0,,,,
708279,威剛凱基5B購03,37580,0.08,0.09,0.08,0.09
708280,群聯凱基64購02,65380,0.51,0.55,0.51,0.55
708281,精材凱基5B購03,0,,,,
708282,寶雅凱基5B購01,0,,,,
708283,鉅橡台新5B購02,0,,,,
708284,鉅橡台新5B購03,0,,,,
708285,系微兆豐65購01,26000,0.5,0.5,0.5,0.5
708286,群聯兆豐65購01,32900,1.25,1.29,1.25,1.29
708287,凡甲國票5C購02,21350,0.06,0.07,0.06,0.07
708288,久元國票5C購02,900,0.09,0.09,0.09,0.09
708289,方土昶國票5C購01,0,,,,
708290,世界國票5C購02,17100,0.57,0.57,0.57,0.57
708291,宏捷科國票5C購01,0,,,,
708292,威剛國票5C購01,143400,0.34,0.35,0.34,0.35
708293,耕興國票5C購01,0,,,,
708294,港建*國票5B購01,20000,0.09,0.1,0.09,0.1
708295,華宏國票5C購01,0,,,,
708296,鉅橡國票5C購01,0,,,,
708297,廣穎國票5C購01,0,,,,
708298,久元永豐5C購02,0,,,,
708299,台星科永豐61購01,11200,0.4,0.4,0.4,0.4
708300,合晶永豐5B購01,0,,,,
708301,均豪永豐5C購02,0,,,,
708302,欣銓永豐61購01,404660,1.11,1.19,1.0,1.19
708303,威剛永豐5B購01,0,,,,
708304,威剛永豐5C購02,0,,,,
708305,威剛永豐61購01,0,,,,
708306,威剛永豐65購01,11100,1.11,1.11,1.11,1.11
708307,威剛永豐68購01,60000,1.2,1.2,1.2,1.2
708308,鉅橡永豐61購01,0,,,,
708309,廣穎永豐65購01,0,,,,
708310,凡甲群益5B購01,0,,,,
708311,台特化群益5C購01,0,,,,
708312,正淩群益63購01,0,,,,
708313,均豪群益5B購01,0,,,,
708314,宏捷科群益5B購01,0,,,,
708315,岳豐群益65購01,0,,,,
708316,威剛群益5B購02,80500,0.23,0.23,0.23,0.23
708317,威剛群益5C購01,0,,,,
708318,威剛群益61購01,0,,,,
708319,茂綸群益5B購01,0,,,,
708320,廣穎群益5B購01,0,,,,
708322,寶雅群益61購01,14550,0.96,0.98,0.96,0.98
708323,凡甲凱基5B購02,0,,,,
708324,久元凱基5C購01,0,,,,
708325,大中凱基5B購01,0,,,,
708326,方土昶凱基5C購01,65000,0.71,0.71,0.7,0.7
708327,台特化凱基5B購02,0,,,,
708328,合晶凱基5B購01,0,,,,
708329,艾訊凱基5B購02,27000,0.27,0.27,0.27,0.27
708330,良維凱基5B購05,431800,0.3,0.33,0.29,0.33
708331,威剛凱基5B購04,300,0.06,0.08,0.06,0.08
708332,家登凱基5B購03,2100,0.07,0.07,0.07,0.07
708333,耕興凱基5B購01,0,,,,
708334,港建*凱基5B購01,0,,,,
708335,群聯凱基61購02,103950,0.32,0.4,0.32,0.39
708336,廣穎凱基5B購01,0,,,,
708337,環球晶凱基5C購02,563200,1.33,1.57,1.27,1.48
708339,合晶台新5B購02,0,,,,
708340,合晶台新5B購03,0,,,,
708341,安葆台新5B購02,572720,1.0,1.09,1.0,1.06
708342,艾訊台新5B購01,17400,1.16,1.16,1.16,1.16
708343,艾訊台新5B購02,0,,,,
708344,良維台新5B購01,626180,0.95,1.09,0.86,1.03
708345,良維台新5B購02,31900,0.58,0.58,0.58,0.58
708346,良維台新5B購03,49160,0.35,0.43,0.35,0.43
708347,湧德台新5B購02,0,,,,
708348,湧德台新5B購03,0,,,,
708349,順達台新5B購01,35970,1.09,1.09,1.09,1.09
708350,順達台新5B購02,102190,1.12,1.17,1.12,1.17
708351,鈊象台新5B購02,0,,,,
708352,萬泰科台新5B購03,3900,0.39,0.39,0.39,0.39
708353,群聯台新5B購03,32570,0.31,0.39,0.31,0.39
708354,群聯台新5B購04,0,,,,
708355,精材台新5B購03,0,,,,
708356,臺慶科台新5B購01,0,,,,
708357,璟德台新5B購01,0,,,,
708358,台星科兆豐61購01,2400,0.46,0.51,0.46,0.51
708359,均豪兆豐61購01,0,,,,
708360,欣銓群益5B購02,4900,0.49,0.49,0.49,0.49
708361,精材群益5B購01,0,,,,
708362,環球晶群益5B購02,219290,1.86,2.0,1.85,1.9
708363,環球晶群益5B購03,265350,1.57,1.6,1.54,1.54
708364,凡甲元大5B購02,0,,,,
708365,凡甲元大5B購03,0,,,,
708366,凡甲元大65購01,107950,0.47,0.48,0.47,0.48
708367,久元元大5B購01,0,,,,
708368,久元元大61購02,0,,,,
708369,久元元大65購01,7350,0.21,0.21,0.21,0.21
708370,台星科元大5B購02,78150,0.59,0.59,0.53,0.53
708371,台星科元大65購01,684770,0.85,0.94,0.79,0.94
708372,沛亨元大5B購01,212630,0.9,0.9,0.85,0.89
708373,欣銓元大5B購01,2630,1.29,1.34,1.29,1.34
708374,欣銓元大64購01,271140,1.0,1.04,1.0,1.03
708376,威剛元大5B購06,0,,,,
708377,威剛元大5B購07,3080,0.28,0.28,0.28,0.28
708378,原相元大5B購01,0,,,,
708379,家登元大5B購04,0,,,,
708380,家登元大64購01,9600,0.48,0.48,0.48,0.48
708381,陽程元大61購04,0,,,,
708382,群聯元大5B購07,430,0.43,0.43,0.43,0.43
708383,群聯元大61購05,193480,0.67,0.72,0.66,0.72
708384,凡甲國泰5C購01,1200,0.24,0.24,0.24,0.24
708385,合晶國泰61購01,0,,,,
708386,合晶國泰62購01,12400,12.4,12.4,12.4,12.4
708387,均豪國泰62購01,34810,0.82,0.82,0.8,0.81
708388,良維國泰5C購01,0,,,,
708389,家登國泰5C購01,8640,0.48,0.48,0.48,0.48
708390,家登國泰5C購02,0,,,,
708391,力領台新5B購01,0,,,,
708392,正淩台新5B購01,0,,,,
708393,合晶台新5B購04,0,,,,
708395,新盛力台新62購01,0,,,,
708396,群聯台新5B購05,11400,0.57,0.57,0.57,0.57
708397,群聯台新5B購06,360,0.18,0.18,0.18,0.18
708398,聖暉*台新5B購02,0,,,,
708399,優群台新5B購01,0,,,,
708400,久元凱基5B購02,0,,,,
708401,中美晶凱基61購03,589860,1.27,1.5,1.27,1.42
708402,世禾凱基5B購01,0,,,,
708403,世界凱基5C購03,88000,0.44,0.44,0.44,0.44
708404,尼克森凱基5B購01,2080,0.26,0.26,0.26,0.26
708405,亞信凱基5B購01,0,,,,
708406,欣銓凱基5B購01,135910,0.33,0.47,0.33,0.47
708407,信立凱基5B購02,13300,0.44,0.45,0.44,0.44
708408,威剛凱基5C購01,50900,0.1,0.1,0.1,0.1
708409,智通*凱基5B購01,0,,,,
708410,群聯凱基64購03,13050,0.37,0.43,0.37,0.43
708411,優群凱基5B購01,0,,,,
708412,環球晶兆豐61購02,1730,1.73,1.73,1.73,1.73
708413,FH中5G元大5B購01,42220,1.37,2.7,1.37,2.7
708414,FH中5G元大5C購01,47030,2.03,2.15,2.03,2.15
708415,世界元大64購03,426940,0.7,0.7,0.66,0.67
708416,世界元大65購01,289770,0.61,0.61,0.58,0.58
708417,合晶元大5B購01,0,,,,
708418,順達元大64購04,15480,1.93,1.95,1.93,1.95
708419,新盛力元大64購01,7560,2.52,2.52,2.52,2.52
708420,萬泰科元大5B購02,10010,0.46,0.46,0.45,0.45
708421,鈺太元大5B購02,0,,,,
708422,鈺太元大65購01,2300,0.19,0.2,0.19,0.2
708423,精材元大5B購11,0,,,,
708424,環球晶元大5B購05,0,,,,
708425,世界國票5C購03,37560,0.36,0.37,0.32,0.32
708426,台半國票5C購01,0,,,,
708427,朋億*國票5C購01,0,,,,
708428,群聯國票61購02,44750,0.35,0.37,0.35,0.37
708429,雷科國票5B購01,78120,2.79,2.79,2.79,2.79
708430,久元富邦61購03,0,,,,
708431,久元富邦62購01,0,,,,
708432,合晶富邦62購01,0,,,,
708433,家登富邦61購02,295120,0.43,0.45,0.43,0.44
708434,家登富邦62購01,58380,0.41,0.42,0.41,0.42
708435,鈊象富邦61購02,943960,0.63,0.63,0.6,0.61
708436,新盛力富邦61購03,0,,,,
708437,群聯富邦62購03,439650,0.34,0.39,0.34,0.39
708438,環球晶富邦5C購03,647310,0.78,0.89,0.78,0.88
708439,世界群益5B購07,0,,,,
708440,立碁群益5C購01,35460,2.09,2.09,2.08,2.08
708441,合晶群益5B購02,0,,,,
708442,艾訊群益5B購02,43500,0.29,0.29,0.29,0.29
708443,家登群益61購02,23300,0.39,0.39,0.38,0.38
708444,新盛力群益5B購01,0,,,,
708445,群聯群益5B購04,39660,0.11,0.15,0.11,0.15
708446,環球晶群益5C購02,654740,1.93,2.01,1.9,1.9
708447,久元凱基63購01,0,,,,
708448,世界凱基65購01,460,0.46,0.46,0.46,0.46
708449,台半凱基5C購01,0,,,,
708450,合晶凱基5B購02,201200,4.85,4.97,4.8,4.97
708451,合晶凱基61購01,156770,4.2,4.47,4.11,4.47
708452,欣銓凱基64購01,9960,0.55,0.66,0.55,0.66
708453,金山電凱基5B購02,95370,0.89,0.93,0.85,0.93
708454,威剛凱基5B購06,120,0.12,0.12,0.12,0.12
708455,胡連凱基5B購01,0,,,,
708456,家登凱基5B購04,0,,,,
708457,新盛力凱基5B購02,1460,1.46,1.46,1.46,1.46
708458,群聯凱基5B購03,11000,0.1,0.1,0.1,0.1
708459,鈺太凱基5B購02,0,,,,
708460,營邦凱基5B購01,146650,0.32,0.32,0.28,0.3
708461,營邦凱基5B購02,23420,0.54,0.54,0.46,0.46
708462,營邦凱基5B購03,603020,0.58,0.58,0.51,0.56
708463,環球晶凱基5B購04,612760,0.45,0.55,0.39,0.51
708464,環球晶凱基5B購05,627840,0.67,0.78,0.62,0.75
708465,久元台新5B購01,0,,,,
708466,久元台新5B購02,0,,,,
708467,世界台新5B購02,0,,,,
708468,華景電台新5B購02,0,,,,
708469,華景電台新5B購03,0,,,,
708470,環球晶台新5B購01,586320,2.36,2.9,2.29,2.76
708471,環球晶台新5B購02,2647430,0.93,1.26,0.93,1.18
708472,環球晶台新62購01,116990,0.94,1.07,0.93,1.04
708473,環球晶台新62購02,749710,0.71,0.79,0.66,0.76
708474,久元元大5B購02,0,,,,
708475,久元元大5B購03,0,,,,
708477,久元元大5B購05,0,,,,
708478,久元元大5B購06,0,,,,
708479,世禾元大5B購01,0,,,,
708480,世界元大64購04,41200,1.1,1.1,1.05,1.05
708482,合晶元大5B購03,0,,,,
708484,合晶元大5B購05,0,,,,
708485,合晶元大64購01,0,,,,
708486,合晶元大65購01,28300,3.11,3.19,3.11,3.19
708487,金山電元大5B購02,0,,,,
708489,金山電元大5B購04,0,,,,
708490,群聯元大5B購08,280,0.14,0.14,0.14,0.14
708491,群聯元大5B購09,68700,0.15,0.17,0.11,0.17
708492,營邦元大5B購01,657340,0.74,0.76,0.67,0.67
708493,營邦元大5B購02,405620,0.52,0.52,0.47,0.47
708494,環球晶元大5B購06,0,,,,
708495,環球晶元大5B購07,671510,1.58,1.75,1.49,1.75
708496,環球晶元大5B購08,0,,,,
708497,環球晶元大5B購09,1290,0.43,0.43,0.43,0.43
708498,環球晶元大61購02,14900,1.75,2.2,1.75,2.19
708499,環球晶元大64購01,0,,,,
708500,譜瑞元大61購02,0,,,,
708501,威剛兆豐65購01,250500,1.27,1.27,1.25,1.25
708502,金山電國泰61購01,28710,2.61,2.61,2.61,2.61
708503,群聯國泰62購01,89400,0.66,0.69,0.66,0.69
708504,群聯國泰63購01,961660,0.93,1.03,0.92,1.03
708505,群聯國泰63購02,68200,0.67,0.7,0.67,0.7
708506,雷科國泰5C購02,0,,,,
708507,環球晶國泰61購01,985340,2.63,2.88,2.55,2.8
708508,環球晶國泰61購02,1276540,2.9,3.28,2.83,3.15
708509,久元國票5B購02,0,,,,
708510,久元國票5C購03,0,,,,
708511,久元國票5C購04,0,,,,
708512,合晶國票5B購01,0,,,,
708513,合晶國票5C購01,223520,3.85,4.03,3.64,3.9
708514,金山電國票5C購02,921000,0.98,1.03,0.96,1.0
708515,環球晶國票5B購01,52820,1.16,1.31,1.16,1.31
708516,環球晶國票5C購01,390450,1.17,1.35,1.14,1.3
708517,世界富邦5B購02,35610,0.1,0.11,0.1,0.11
708518,精材富邦5B購01,0,,,,
708519,營邦富邦61購01,420430,0.55,0.55,0.51,0.54
708520,環球晶富邦5B購02,359280,0.56,0.61,0.5,0.6
708521,環球晶富邦61購01,543290,0.61,0.7,0.59,0.68
708522,中美晶群益5C購02,135270,1.14,1.29,1.09,1.26
708523,世界群益5B購08,82850,0.13,0.15,0.12,0.14
708524,朋程群益5B購01,3220,0.23,0.23,0.23,0.23
708525,金山電群益5B購01,5280,1.76,1.76,1.76,1.76
708526,新盛力群益5B購02,0,,,,
708527,精材群益5B購02,0,,,,
708528,臺慶科群益5B購01,0,,,,
708529,德微群益5B購01,50400,1.29,1.29,1.23,1.23
708530,營邦群益5B購01,175110,0.69,0.7,0.62,0.64
708531,營邦群益5B購02,4500,0.45,0.45,0.45,0.45
708532,環球晶群益5B購04,225250,0.84,0.95,0.84,0.91
708533,譜瑞群益5C購02,5220,0.29,0.29,0.29,0.29
708534,中美晶凱基5B購02,9100,1.82,1.82,1.82,1.82
708535,世禾凱基5B購02,450,0.03,0.03,0.03,0.03
708536,立碁凱基5C購01,83300,1.2,1.28,1.2,1.21
708537,朋程凱基5B購01,0,,,,
708538,倚強凱基5B購01,26270,1.18,1.75,1.18,1.75
708539,原相凱基5B購03,0,,,,
708540,精材凱基5B購04,0,,,,
708541,臺慶科凱基5B購01,0,,,,
708542,譜瑞凱基61購01,8630,0.21,0.22,0.21,0.22
708543,群聯永豐65購03,280920,0.39,0.43,0.39,0.43
708544,精材永豐63購01,133100,4.43,4.44,4.43,4.44
708545,世界兆豐61購01,4900,0.49,0.49,0.49,0.49
708546,譜瑞兆豐65購01,0,,,,
708547,群聯群益67購01,226150,0.5,0.54,0.49,0.53
708548,精材群益5B購03,0,,,,
708549,廣穎群益61購01,0,,,,
708550,世界元大63購03,32200,1.28,1.3,1.28,1.3
708551,新盛力元大61購02,15850,3.17,3.17,3.17,3.17
708552,群聯元大5C購01,7080,0.47,0.52,0.47,0.52
708553,譜瑞元大5B購01,0,,,,
708554,譜瑞元大5B購02,0,,,,
708555,中美晶國泰61購01,430540,2.49,2.71,2.37,2.71
708556,台半國泰5C購01,0,,,,
708557,欣銓國泰5C購02,842720,1.61,1.78,1.42,1.78
708558,立碁富邦5B購01,686020,0.4,0.52,0.36,0.48
708559,欣銓富邦5B購02,217370,0.38,0.44,0.32,0.44
708560,威剛富邦5B購01,4500,0.15,0.15,0.15,0.15
708561,順達富邦5C購02,0,,,,
708562,群聯富邦62購04,118070,0.29,0.3,0.29,0.3
708563,中美晶國票5C購01,2900,0.73,0.73,0.72,0.72
708564,台特化國票5C購01,0,,,,
708565,尼克森國票5B購01,0,,,,
708566,立敦國票5B購01,0,,,,
708567,美琪瑪國票5C購02,0,,,,
708568,宸曜國票5B購01,0,,,,
708569,新盛力國票5C購01,0,,,,
708570,新漢國票5B購01,5500,0.11,0.11,0.11,0.11
708571,群聯國票5C購01,240,0.24,0.24,0.24,0.24
708572,世界凱基5B購03,0,,,,
708573,家登凱基5B購05,0,,,,
708574,創惟凱基5B購01,0,,,,
708575,華宏凱基5B購01,0,,,,
708576,閎康凱基5B購02,0,,,,
708577,閎康凱基5B購03,0,,,,
708578,閎康凱基5B購04,0,,,,
708579,群聯凱基5B購04,13760,0.12,0.15,0.12,0.15
708580,群聯凱基5C購01,9100,0.13,0.13,0.13,0.13
708581,群聯凱基61購03,0,,,,
708582,榮剛凱基5B購01,0,,,,
708583,精材凱基5B購05,202800,3.38,3.38,3.38,3.38
708584,廣穎凱基5B購02,1580,0.79,0.79,0.79,0.79
708585,譜瑞凱基5B購02,0,,,,
708586,美琪瑪富邦5B購01,0,,,,
708587,閎康富邦62購01,0,,,,
708588,群聯富邦62購05,174500,0.13,0.16,0.13,0.16
708589,宏捷科兆豐65購01,220490,0.33,0.36,0.32,0.35
708590,群聯兆豐65購02,1232590,0.57,0.64,0.56,0.64
708591,精材兆豐61購01,39400,2.98,3.08,2.98,3.08
708592,元太元大5B購02,3910,0.23,0.23,0.23,0.23
708593,世禾元大5B購02,78420,0.13,0.17,0.13,0.17
708594,欣銓元大5B購02,355200,1.38,1.51,1.27,1.51
708595,順達元大5B購03,0,,,,
708596,新盛力元大61購03,17600,1.76,1.76,1.76,1.76
708597,群聯元大5B購10,0,,,,
708598,群聯元大5B購11,137650,0.12,0.16,0.11,0.12
708599,群聯元大5B購12,4250,0.17,0.17,0.17,0.17
708600,群聯元大5B購13,360,0.17,0.19,0.17,0.19
708601,群聯元大5B購14,10350,0.19,0.24,0.19,0.24
708602,群聯元大5C購02,4400,0.22,0.22,0.22,0.22
708603,群聯元大61購06,195040,0.39,0.43,0.39,0.43
708604,群聯元大63購03,48150,0.24,0.27,0.24,0.26
708605,精材元大61購07,5350,5.35,5.35,5.35,5.35
708606,譜瑞元大5B購03,0,,,,
708607,中美晶永豐65購01,147020,0.83,0.88,0.8,0.87
708608,台半永豐63購01,0,,,,
708609,茂達永豐61購01,0,,,,
708610,新盛力永豐63購01,158710,1.08,1.08,1.07,1.07
708611,群聯永豐5C購03,274850,0.12,0.15,0.12,0.15
708612,群聯永豐5C購04,11650,0.17,0.18,0.17,0.18
708613,精材永豐64購01,0,,,,
708614,德微永豐63購01,0,,,,
708615,元太群益5B購03,0,,,,
708616,方土昶群益5B購02,40800,0.34,0.34,0.34,0.34
708617,台半群益5B購01,21140,0.63,0.63,0.61,0.61
708618,家登群益5B購03,32040,0.06,0.07,0.06,0.07
708619,閎康群益61購01,0,,,,
708620,陽程群益5B購02,50190,3.67,4.3,3.67,4.3
708621,順達群益5B購03,0,,,,
708622,新盛力群益5B購03,650,0.65,0.65,0.65,0.65
708623,群聯群益5B購05,0,,,,
708624,群聯群益61購04,61260,0.2,0.26,0.2,0.26
708625,榮剛群益5B購01,0,,,,
708626,精材群益5B購04,0,,,,
708627,廣穎群益5B購02,0,,,,
708628,譜瑞群益5B購02,0,,,,
708629,元太凱基5B購04,0,,,,
708630,元太凱基5B購05,1600,0.08,0.08,0.08,0.08
708631,閎康凱基61購02,0,,,,
708632,順達凱基5B購03,0,,,,
708633,新盛力凱基61購01,116450,0.81,0.81,0.79,0.81
708634,譜瑞凱基5B購03,0,,,,
708635,譜瑞凱基5B購04,0,,,,
708636,中美晶元大63購02,3700,1.85,1.85,1.85,1.85
708637,沛亨元大5B購02,0,,,,
708638,威剛元大5B購08,0,,,,
708639,閎康元大5B購01,0,,,,
708640,順達元大5B購04,0,,,,
708642,優群元大5B購01,0,,,,
708643,譜瑞元大5B購04,0,,,,
708644,譜瑞元大5B購05,0,,,,
708645,譜瑞元大5B購06,1900,0.19,0.19,0.19,0.19
708646,譜瑞元大5B購07,0,,,,
708647,台特化永豐61購01,0,,,,
708648,沛亨永豐5C購01,225210,0.31,0.34,0.29,0.34
708649,金益鼎永豐5C購01,0,,,,
708650,廣穎永豐61購01,0,,,,
708651,中美晶富邦5B購01,210580,0.63,0.66,0.56,0.66
708652,元太富邦62購01,0,,,,
708653,元太富邦62購02,0,,,,
708654,系統電富邦5B購01,0,,,,
708655,新盛力富邦62購01,303670,0.85,0.85,0.81,0.84
708656,元太群益5B購04,0,,,,
708657,閎康群益5B購04,0,,,,
708658,廣穎群益61購02,116500,0.78,0.78,0.77,0.77
708659,元太群益5B購05,0,,,,
708660,臺慶科群益5B購02,1800,0.18,0.18,0.18,0.18
708661,元太元大5B購03,200,0.02,0.02,0.02,0.02
708662,元太元大5B購04,0,,,,
708664,元太元大5B購06,0,,,,
708665,元太元大5B購07,0,,,,
708666,元太元大5B購08,0,,,,
708667,元太元大5B購09,0,,,,
708668,元太元大5B購10,0,,,,
708669,博盛元大5B購01,25800,0.6,0.6,0.6,0.6
708670,陽程元大63購02,31250,1.98,2.17,1.98,2.17
708671,新盛力元大5B購03,12500,1.25,1.25,1.25,1.25
708672,元太永豐5C購01,0,,,,
708673,元太永豐61購01,0,,,,
708674,威剛永豐67購01,16960,0.78,0.78,0.77,0.77
708675,智通*永豐61購01,0,,,,
708676,閎康永豐61購01,0,,,,
708677,新漢永豐5C購01,0,,,,
708678,臺慶科永豐5C購01,5600,0.28,0.28,0.28,0.28
708679,凡甲凱基5C購01,0,,,,
708680,中美晶凱基5B購03,0,,,,
708681,元太凱基5B購06,0,,,,
708682,威剛凱基5B購07,165000,0.25,0.25,0.25,0.25
708683,美琪瑪凱基5C購01,0,,,,
708684,陽程凱基5B購01,1226120,1.53,2.03,1.48,1.86
708685,新盛力凱基5B購03,144260,0.57,0.58,0.56,0.58
708686,新盛力凱基61購02,211300,0.94,0.94,0.91,0.94
708688,凡甲台新5B購01,0,,,,
708689,凡甲台新5B購02,0,,,,
708690,凡甲台新5B購03,0,,,,
708691,中美晶台新5B購03,0,,,,
708692,元太台新5B購01,0,,,,
708693,方土昶台新5B購01,0,,,,
708694,台特化台新5B購03,0,,,,
708695,閎康台新5B購01,0,,,,
708696,閎康台新5B購02,0,,,,
708697,閎康台新5B購03,0,,,,
708698,順達台新5B購03,24570,0.63,0.63,0.63,0.63
708699,臺慶科台新5B購02,41800,1.1,1.1,1.1,1.1
708700,凡甲國泰61購02,0,,,,
708701,元太國泰5C購01,0,,,,
708702,元太國泰5C購02,0,,,,
708703,元太國泰5C購03,0,,,,
708704,台半富邦62購01,53910,0.61,0.61,0.6,0.61
708705,華景電富邦5B購01,90,0.09,0.09,0.09,0.09
708706,新盛力富邦61購04,242290,0.74,0.75,0.71,0.74
708707,德微富邦63購01,524040,0.85,0.93,0.85,0.86
708708,雙鴻富邦61購01,0,,,,
708709,元太國票5C購01,0,,,,
708710,元太國票5C購02,0,,,,
708711,光頡國票5B購01,25000,5.0,5.0,5.0,5.0
708712,光頡國票5B購02,29000,5.8,5.8,5.8,5.8
708713,朋程國票5B購01,0,,,,
708714,閎康國票5C購01,0,,,,
708715,新盛力國票5B購02,153990,0.67,0.68,0.64,0.67
708716,中美晶台新5B購04,45160,4.08,4.92,4.08,4.92
708717,台半台新5B購01,0,,,,
708718,台半台新5B購02,0,,,,
708719,台半台新5B購03,0,,,,
708720,光頡凱基5B購01,0,,,,
708721,陽程凱基61購01,3550,1.77,1.78,1.77,1.78
708722,陽程凱基63購02,170200,1.5,1.5,1.46,1.46
708723,勤凱凱基5B購01,0,,,,
708724,臺慶科凱基5B購02,48000,0.06,0.06,0.06,0.06
708725,擎亞凱基5B購02,900,0.15,0.15,0.15,0.15
708726,擎亞凱基5B購03,11350,1.9,1.9,1.85,1.85
708727,台半元大63購02,0,,,,
708728,威剛元大5B購09,0,,,,
708729,博盛元大5B購02,118470,0.33,0.33,0.33,0.33
708730,閎康元大5B購02,0,,,,
708731,陽程元大5B購01,396640,1.42,1.66,1.34,1.62
708732,陽程元大5B購02,668000,1.14,1.33,1.08,1.31
708733,陽程元大65購02,1146180,0.94,1.07,0.91,1.02
708734,勤凱元大5B購01,0,,,,
708735,勤凱元大5B購02,0,,,,
708736,勤凱元大5B購03,0,,,,
708737,群翊元大5B購02,0,,,,
708738,德微元大5B購01,0,,,,
708739,德微元大5B購02,0,,,,
708740,擎亞元大5B購03,950,0.19,0.19,0.19,0.19
708741,擎亞元大5B購04,0,,,,
708742,尼克森永豐5C購01,0,,,,
708743,光頡永豐61購01,767970,2.56,2.8,2.29,2.8
708744,翔名永豐5C購01,0,,,,
708745,陽程永豐5B購02,146100,0.78,0.81,0.78,0.81
708746,精材永豐61購02,0,,,,
708747,臺慶科永豐65購01,0,,,,
708748,擎亞永豐5C購01,0,,,,
708749,擎亞永豐61購01,18400,0.46,0.46,0.46,0.46
708750,雙鴻永豐65購01,596060,2.06,2.19,2.04,2.08
708751,精材富邦5B購02,6330,3.16,3.17,3.16,3.17
708752,博盛國泰5C購01,0,,,,
708753,擎亞國泰61購01,0,,,,
708754,凡甲群益5B購02,0,,,,
708755,中美晶群益5B購03,361570,1.62,1.88,1.62,1.88
708756,正淩群益5B購01,0,,,,
708757,威剛群益61購02,810,0.81,0.81,0.81,0.81
708758,陽程群益5B購03,101030,1.05,1.18,1.05,1.18
708759,聖暉*群益5B購02,0,,,,
708760,精材群益5B購06,9140,4.57,4.57,4.57,4.57
708761,擎亞群益5B購02,25240,0.13,0.13,0.12,0.12
708762,大中國票5B購01,0,,,,
708763,世界國票5C購04,19740,0.36,0.36,0.33,0.33
708764,立端國票5C購01,208740,0.39,0.4,0.38,0.4
708766,沛亨國票5C購01,87550,0.51,0.55,0.51,0.55
708767,威剛國票5C購03,0,,,,
708768,原相國票5B購02,0,,,,
708769,家碩國票5C購01,0,,,,
708770,博盛國票5B購02,0,,,,
708771,博盛國票5C購01,0,,,,
708772,博盛國票5C購02,0,,,,
708773,陽程國票5B購01,49790,1.31,1.32,1.31,1.32
708774,新鉅科國票5C購01,0,,,,
708775,聖暉*國票5C購01,0,,,,
708776,榮剛國票5C購01,0,,,,
708777,精材國票5C購02,81000,2.7,2.7,2.7,2.7
708778,臺慶科國票5C購02,0,,,,
708779,廣閎科國票5C購01,66550,0.86,0.88,0.81,0.81
708780,擎亞國票5B購01,0,,,,
708781,FH中5G凱基5B購01,284700,0.36,0.41,0.36,0.4
708782,世界凱基64購01,0,,,,
708783,正淩凱基5B購02,0,,,,
708784,光頡凱基5B購02,120500,2.56,2.97,2.56,2.97
708785,均豪凱基5B購02,0,,,,
708786,沛亨凱基5B購02,198630,0.45,0.48,0.4,0.48
708787,群翊凱基5B購01,0,,,,
708788,聖暉*凱基5B購04,140,0.14,0.14,0.14,0.14
708789,精材凱基5B購06,553050,1.84,2.02,1.82,2.01
708790,精材凱基5B購07,0,,,,
708791,精材凱基5C購02,0,,,,
708792,精材凱基61購04,0,,,,
708793,德微凱基5B購01,85850,1.33,1.33,1.27,1.31
708794,世界中信5B購02,15000,0.15,0.15,0.15,0.15
708795,正淩永豐61購01,0,,,,
708796,茂綸永豐61購01,497000,0.72,0.72,0.7,0.7
708797,神準永豐5C購01,37400,0.34,0.34,0.34,0.34
708798,精材永豐65購01,94700,1.78,1.92,1.78,1.91
708799,台半元大5B購01,2080,2.08,2.08,2.08,2.08
708800,光頡元大5B購01,53280,2.71,2.81,2.59,2.81
708801,光頡元大5B購03,39300,3.37,3.37,3.07,3.25
708802,聖暉*元大5B購03,19200,0.32,0.32,0.32,0.32
708803,聖暉*元大5B購04,1860,0.16,0.18,0.16,0.18
708804,雷科元大5B購01,71520,2.08,2.16,2.08,2.16
708805,精材元大5B購13,0,,,,
708806,精材元大5B購14,0,,,,
708807,精材元大5B購15,392860,3.25,3.63,3.23,3.63
708808,精材元大5B購16,383940,3.73,3.95,3.58,3.95
708809,精材元大5B購17,339840,3.47,3.86,3.44,3.86
708810,精材元大63購03,0,,,,
708811,臺慶科元大63購01,15980,0.34,0.34,0.34,0.34
708812,世界台新5B購04,730540,0.91,0.96,0.79,0.88
708813,光頡台新5B購01,0,,,,
708814,欣銓台新5B購03,692950,1.33,1.46,1.16,1.46
708815,欣銓台新5B購04,139050,0.99,1.25,0.95,1.25
708816,倚強台新5B購01,139240,0.6,1.15,0.6,1.15
708817,聖暉*台新5B購03,0,,,,
708818,榮剛台新5B購01,0,,,,
708819,精材台新5B購04,0,,,,
708820,精材台新5B購05,0,,,,
708821,精材台新5C購01,0,,,,
708822,臺慶科台新5B購03,12480,0.48,0.48,0.48,0.48
708823,臺慶科台新5B購04,0,,,,
708824,伍豐國票5C購01,0,,,,
708825,光頡國票5B購03,399470,2.48,3.16,2.48,3.16
708826,翔名國票5C購02,0,,,,
708827,聖暉*兆豐61購01,14290,0.24,0.28,0.24,0.28
708828,立敦群益5B購01,170,0.17,0.17,0.17,0.17
708829,光頡群益5B購01,0,,,,
708830,金益鼎群益5B購01,0,,,,
708831,茂綸群益5C購01,226610,0.56,0.58,0.46,0.48
708832,翔名群益5B購01,0,,,,
708833,精材群益5B購07,74280,4.0,4.18,4.0,4.18
708834,千如國泰5C購01,0,,,,
708835,聖暉*國泰5C購01,0,,,,
708836,精材國泰5C購01,70310,4.23,4.23,4.07,4.07
708837,精材國泰5C購02,13230,4.41,4.41,4.41,4.41
708838,臺慶科國泰5C購01,0,,,,
708839,萬泰科富邦63購01,0,,,,
708840,中美晶元大5B購04,60230,1.84,1.99,1.84,1.97
708841,台半元大5B購02,0,,,,
708842,光頡元大5B購04,5160,2.58,2.58,2.58,2.58
708843,威剛元大5B購10,151040,1.18,1.18,1.18,1.18
708844,威剛元大5B購11,0,,,,
708845,翔名元大5B購01,2400,0.12,0.12,0.12,0.12
708846,順達元大5B購05,2490,0.83,0.83,0.83,0.83
708847,新盛力元大5B購04,21840,1.56,1.56,1.56,1.56
708848,群翊元大5B購03,0,,,,
708849,擎亞元大5B購05,0,,,,
708850,擎亞元大5B購06,114280,0.23,0.23,0.22,0.22
708851,久元凱基5B購03,0,,,,
708852,台半凱基5B購01,39390,0.79,0.79,0.76,0.79
708853,立碁凱基5C購02,156510,1.43,1.61,1.41,1.6
708854,光頡凱基5B購03,287610,1.39,1.65,1.32,1.65
708855,光頡凱基5B購04,45250,1.81,1.81,1.81,1.81
708856,茂綸凱基5C購01,147310,0.94,0.94,0.77,0.77
708857,翔名凱基5B購01,4500,0.09,0.09,0.09,0.09
708858,德微凱基5B購02,3640,0.51,0.53,0.51,0.53
708859,立敦台新5B購01,7500,0.93,0.94,0.93,0.94
708860,立敦台新5B購02,0,,,,
708861,沛亨台新5B購01,1884640,1.15,1.2,1.14,1.19
708862,沛亨台新5B購02,58380,1.04,1.04,1.01,1.01
708863,沛亨台新5B購03,79820,0.52,0.53,0.51,0.53
708864,捷創台新5B購01,0,,,,
708865,新盛力台新5B購02,0,,,,
708866,新盛力台新5B購03,41400,1.8,1.8,1.8,1.8
708867,新盛力台新5C購01,0,,,,
708868,新盛力台新62購02,0,,,,
708869,中美晶中信5B購01,42410,0.87,0.94,0.83,0.94
708870,光頡中信5B購01,959210,0.99,1.13,0.9,1.11
708871,威剛中信65購01,420,0.42,0.42,0.42,0.42
708872,台半永豐61購01,0,,,,
708873,光頡永豐64購01,26700,2.39,2.54,2.39,2.54
708874,雅特力永豐5B購01,96600,1.72,1.77,1.72,1.77
708875,千如國票5C購01,102810,0.39,0.42,0.39,0.42
708876,台半國票5C購02,0,,,,
708877,台星科國票5C購02,410,0.41,0.41,0.41,0.41
708878,光頡國票5C購01,3316030,2.26,2.51,2.06,2.51
708880,亞通國票5B購01,41620,2.44,2.44,2.22,2.22
708881,金益鼎國票5C購01,0,,,,
708882,能率國票5C購01,0,,,,
708883,晶焱國票5B購01,23100,0.21,0.21,0.21,0.21
708884,智通*國票5B購02,0,,,,
708885,翔名國票5C購03,0,,,,
708886,雅特力國票5C購01,39420,1.69,1.81,1.69,1.71
708887,萬泰科國票5C購01,27000,0.27,0.27,0.27,0.27
708888,雷科國票5B購02,441090,1.03,1.08,1.02,1.07
708889,德微國票5C購01,766180,0.93,0.95,0.92,0.93
708890,擎亞國票5B購02,0,,,,
708891,久元群益61購02,0,,,,
708892,世界群益62購02,32830,0.62,0.62,0.59,0.59
708893,立碁群益5B購01,975760,1.88,2.29,1.81,2.29
708894,光頡群益5B購02,2193930,2.13,2.44,2.03,2.44
708895,均豪群益5B購02,35000,0.35,0.35,0.35,0.35
708896,擎亞群益5C購01,38500,0.11,0.11,0.11,0.11
708897,雷科國泰61購01,307410,3.04,3.11,2.94,3.05
708898,寶雅富邦61購01,0,,,,
708899,凡甲統一65購01,41050,0.2,0.21,0.2,0.21
708900,久元統一65購01,0,,,,
708901,久元統一65購02,0,,,,
708902,大中統一63購01,0,,,,
708903,大中統一65購01,228520,0.58,0.59,0.57,0.57
708904,世界統一64購02,1073880,0.62,0.63,0.58,0.6
708905,世界統一65購01,32950,0.55,0.55,0.53,0.55
708906,世界統一65購02,132390,0.49,0.49,0.47,0.47
708907,尼克森統一63購01,0,,,,
708908,立敦統一63購01,0,,,,
708909,立敦統一65購01,0,,,,
708910,立敦統一65購02,0,,,,
708911,立敦統一66購01,0,,,,
708912,光頡統一63購01,1800,1.8,1.8,1.8,1.8
708913,光頡統一65購01,1239220,1.31,1.34,1.14,1.32
708914,光頡統一65購02,171560,0.7,0.74,0.7,0.74
708915,安葆統一75購01,927360,0.64,0.69,0.64,0.68
708916,艾訊統一65購01,75040,0.28,0.28,0.28,0.28
708917,邑錡統一65購01,86000,0.43,0.43,0.43,0.43
708918,亞通統一65購01,362850,1.17,1.17,1.01,1.01
708919,欣銓統一63購01,525320,0.79,0.96,0.77,0.96
708920,欣銓統一65購02,281120,0.65,0.76,0.64,0.72
708921,欣銓統一67購01,4306200,1.5,1.5,1.23,1.39
708922,欣銓統一69購01,80450,0.94,1.02,0.94,1.0
708923,威剛統一64購02,0,,,,
708924,威剛統一65購01,0,,,,
708925,威剛統一65購02,0,,,,
708926,威剛統一65購03,0,,,,
708927,威剛統一69購01,410,0.41,0.41,0.41,0.41
708928,茂達統一64購01,0,,,,
708929,茂綸統一63購01,490190,0.73,0.82,0.72,0.74
708930,翔名統一63購01,0,,,,
708931,翔名統一65購01,55500,0.37,0.37,0.37,0.37
708932,閎康統一65購01,0,,,,
708933,閎康統一65購02,0,,,,
708934,順達統一65購02,0,,,,
708935,新盛力統一69購01,135430,0.68,0.69,0.68,0.69
708936,聖暉*統一63購02,1000,0.25,0.25,0.25,0.25
708937,臺慶科統一63購01,0,,,,
708938,臺慶科統一65購01,3960,0.36,0.36,0.36,0.36
708939,擎亞統一67購01,1980,0.33,0.33,0.33,0.33
708940,中美晶凱基5B購04,5250,1.75,1.75,1.75,1.75
708941,世界凱基63購01,246590,0.77,0.77,0.7,0.7
708942,台半凱基61購01,0,,,,
708943,台星科凱基5C購01,19500,0.46,0.56,0.46,0.56
708944,均豪凱基5B購03,0,,,,
708945,威剛凱基5B購08,21120,0.42,0.42,0.41,0.41
708946,德微凱基5C購01,0,,,,
708947,擎亞凱基5B購04,4200,0.07,0.07,0.07,0.07
708948,順達台新61購01,3280,1.64,1.64,1.64,1.64
708949,鈊象台新5B購04,10500,1.05,1.05,1.05,1.05
708950,優群台新5B購02,0,,,,
708951,中美晶元大5B購05,0,,,,
708952,台半元大5B購03,0,,,,
708953,均豪元大5B購03,0,,,,
708954,威剛元大5B購12,0,,,,
708955,威剛元大5B購13,0,,,,
708956,順達元大5B購06,2620,1.31,1.31,1.31,1.31
708957,新盛力元大5B購05,0,,,,
708958,雷科元大5B購02,2860,1.43,1.43,1.43,1.43
708959,雷科元大5B購03,273780,1.69,1.69,1.69,1.69
708960,雷科元大5B購04,35720,2.55,2.56,2.55,2.56
708961,擎亞元大5B購07,19600,0.28,0.28,0.28,0.28
708962,點序元大5B購01,0,,,,
708963,台半永豐5C購02,0,,,,
708964,凌陽創永豐61購01,0,,,,
708965,萬泰科永豐61購01,0,,,,
708966,久元群益5B購01,0,,,,
708967,均豪群益5B購03,0,,,,
708968,佳邦群益5B購01,0,,,,
708969,朋程群益5B購02,0,,,,
708970,欣銓群益5B購03,25770,1.14,1.24,1.14,1.23
708971,鈊象群益5B購03,0,,,,
708972,鈺太群益5B購01,0,,,,
708973,德微群益5B購03,0,,,,
708974,雙鴻群益5B購08,0,,,,
708975,久元統一65購03,0,,,,
708976,久元統一65購04,0,,,,
708977,台半統一63購01,0,,,,
708978,台半統一65購01,0,,,,
708979,台半統一69購01,0,,,,
708980,台星科統一65購01,0,,,,
708981,立敦統一65購03,0,,,,
708982,沛亨統一69購01,0,,,,
708983,良維統一5B購01,0,,,,
708984,欣銓統一65購03,31880,0.74,0.78,0.74,0.78
708985,金益鼎統一65購02,0,,,,
708986,威剛統一5B購02,0,,,,
708987,威剛統一65購04,4800,0.6,0.6,0.6,0.6
708988,茂達統一65購01,0,,,,
708989,茂綸統一65購01,85160,0.66,0.66,0.59,0.59
708990,閎康統一63購02,8500,0.17,0.17,0.17,0.17
708991,聖暉*統一65購02,12600,0.42,0.42,0.42,0.42
708992,德微統一63購02,94220,0.48,0.48,0.46,0.46
708993,德微統一75購01,0,,,,
708994,擎亞統一63購01,300,0.3,0.3,0.3,0.3
708995,擎亞統一65購01,12000,0.24,0.24,0.24,0.24
708996,擎亞統一66購01,0,,,,
708997,鑫科統一69購01,31610,0.29,0.29,0.29,0.29
708998,台半國票5C購03,0,,,,
708999,安葆國票5C購02,140980,0.81,0.92,0.81,0.92
709000,欣銓國票5C購02,454610,1.21,1.44,1.19,1.44
709001,泓格國票5B購01,0,,,,
709002,泓格國票5C購01,0,,,,
709003,雷科國票5B購04,77500,1.55,1.55,1.55,1.55
709004,漢達國票5C購01,8266970,2.33,2.75,2.31,2.64
709005,德微國票5C購02,0,,,,
709006,大中台新5B購01,0,,,,
709007,元債20台新5B購01,0,,,,
709008,立敦台新5B購03,0,,,,
709009,佳邦台新5B購01,350,0.35,0.35,0.35,0.35
709010,博大台新5B購01,0,,,,
709011,立敦凱基5B購01,0,,,,
709012,安葆凱基5C購02,99280,1.03,1.19,1.02,1.15
709013,佳邦凱基5C購01,0,,,,
709014,朋程凱基5B購02,0,,,,
709015,威剛凱基5C購02,0,,,,
709016,茂達凱基5B購01,0,,,,
709017,鈊象凱基5B購02,0,,,,
709018,鈺太凱基5B購03,0,,,,
709019,臺慶科凱基63購01,1260,0.36,0.45,0.36,0.45
709020,德微凱基5B購03,20000,0.2,0.2,0.2,0.2
709021,擎亞凱基5B購05,0,,,,
709022,雙鴻凱基61購03,35750,2.4,2.4,2.35,2.35
709023,中美晶群益5B購04,28200,2.82,2.82,2.82,2.82
709024,世界群益61購01,80960,0.63,0.63,0.56,0.56
709025,台半群益5B購02,0,,,,
709026,台半群益5B購03,0,,,,
709027,均豪群益5B購04,38500,0.35,0.35,0.35,0.35
709028,威剛群益5B購03,0,,,,
709029,茂達群益5B購01,0,,,,
709030,智通*群益5B購01,0,,,,
709031,華宏群益5B購01,0,,,,
709032,新盛力群益61購01,477600,2.11,2.15,2.1,2.15
709033,擎亞群益65購01,0,,,,
709034,台半元大5B購04,2060,2.06,2.06,2.06,2.06
709035,正淩元大5B購02,0,,,,
709036,金益鼎元大5B購01,0,,,,
709037,威剛元大5B購14,24240,3.42,3.47,3.42,3.47
709038,原相元大5B購02,0,,,,
709039,順達元大5B購07,62950,7.0,7.0,6.95,6.95
709040,雷科元大5B購05,21600,2.16,2.16,2.16,2.16
709041,德微元大5B購03,30210,0.57,0.57,0.57,0.57
709042,擎亞元大5B購08,0,,,,
709043,寶雅元大5B購01,0,,,,
709044,威剛國泰5C購01,0,,,,
709045,威剛國泰5C購02,0,,,,
709046,威剛國泰5C購03,950,0.95,0.95,0.95,0.95
709047,擎亞國泰62購01,31600,0.8,0.8,0.78,0.78
709048,久元富邦61購04,0,,,,
709049,台半富邦62購02,0,,,,
709050,閎康富邦61購01,0,,,,
709051,新盛力富邦61購05,31800,1.05,1.07,1.05,1.06
709052,擎亞富邦5C購01,3800,0.19,0.19,0.19,0.19
709053,久元統一65購05,0,,,,
709054,正淩統一65購02,0,,,,
709055,正淩統一69購01,0,,,,
709056,立敦統一65購04,0,,,,
709057,沛亨統一65購01,8400,0.56,0.56,0.56,0.56
709058,朋程統一63購01,0,,,,
709059,欣銓統一5B購01,17980,0.62,0.62,0.62,0.62
709060,欣銓統一65購04,237230,0.72,0.78,0.72,0.78
709061,茂達統一65購02,0,,,,
709062,凌陽創統一63購01,0,,,,
709063,閎康統一65購03,0,,,,
709064,新漢統一61購01,0,,,,
709065,德微統一5B購01,22460,0.22,0.23,0.22,0.22
709066,德微統一65購01,19690,0.36,0.39,0.36,0.38
709067,德微統一65購02,8800,0.44,0.44,0.44,0.44
709068,擎亞統一63購02,4800,0.24,0.24,0.24,0.24
709069,擎亞統一65購02,0,,,,
709070,鑫科統一64購01,2850,0.19,0.19,0.19,0.19
709071,立敦永豐61購01,0,,,,
709072,佳邦永豐63購01,140400,0.54,0.54,0.54,0.54
709073,威剛永豐5B購02,0,,,,
709074,威剛永豐61購02,0,,,,
709075,原相永豐5C購01,8250,0.33,0.33,0.33,0.33
709076,德微永豐5C購01,0,,,,
709077,擎亞永豐64購01,4620,0.42,0.42,0.42,0.42
709078,元債20國票5B購02,0,,,,
709079,台半國票61購01,1250,0.62,0.63,0.62,0.63
709080,佳邦國票5C購02,0,,,,
709081,茂達國票5C購01,2100,0.3,0.3,0.3,0.3
709082,博大國票5C購01,1110,0.37,0.37,0.37,0.37
709083,晶宏國票5C購02,218310,1.51,1.51,1.45,1.46
709086,德微國票5C購03,27650,0.46,0.47,0.46,0.47
709087,點序國票5B購01,0,,,,
709088,點序國票5C購01,0,,,,
709089,世紀*元大5B購01,115900,5.15,6.8,5.15,6.8
709090,台特化元大5B購02,0,,,,
709091,博智元大5B購02,0,,,,
709092,智通*元大5B購01,0,,,,
709093,鈊象元大5B購02,118440,0.9,0.9,0.85,0.85
709094,群聯元大5B購15,171650,2.01,2.39,2.01,2.39
709095,群聯元大5B購16,0,,,,
709096,廣穎元大5B購01,0,,,,
709097,雙鴻元大5B購03,49400,16.2,16.6,16.2,16.6
709098,尼克森國票5B購02,0,,,,
709099,朋程國票5B購02,0,,,,
709100,晶宏國票5C購03,850750,1.09,1.09,1.03,1.04
709101,華容國票5C購02,0,,,,
709102,群聯國票61購03,860,0.43,0.43,0.43,0.43
709103,雷科國票5C購01,456600,1.04,1.1,1.03,1.1
709104,臺慶科國票5C購03,8000,0.16,0.16,0.16,0.16
709105,廣穎國票5C購02,0,,,,
709106,優群國票5B購01,0,,,,
709107,擎亞國票5C購01,103900,0.21,0.21,0.19,0.2
709108,鑫聯國票5C購02,0,,,,
709109,中美晶凱基63購01,131240,1.36,1.41,1.36,1.41
709110,均豪凱基5C購01,0,,,,
709111,凌陽創凱基5B購01,0,,,,
709112,博智凱基5B購01,0,,,,
709113,博智凱基5B購02,0,,,,
709114,博智凱基5B購03,0,,,,
709115,群聯凱基5B購05,24160,0.25,0.29,0.25,0.29
709116,群聯凱基5B購06,0,,,,
709117,群聯凱基5B購07,0,,,,
709118,雙鴻凱基5B購02,615630,2.16,2.34,1.95,2.04
709119,中光電台新5B購01,0,,,,
709120,中美晶台新61購01,36120,2.58,2.58,2.58,2.58
709121,原相台新5B購01,0,,,,
709122,博盛台新5B購01,2730,0.39,0.39,0.39,0.39
709123,博智台新5B購01,0,,,,
709124,博智台新5B購02,0,,,,
709125,博智台新5B購03,0,,,,
709126,順達台新5B購04,37150,1.33,1.33,1.3,1.3
709127,群聯台新5B購09,1640,0.51,0.58,0.51,0.58
709128,群聯台新5B購10,13500,0.45,0.45,0.45,0.45
709129,群聯台新5B購11,0,,,,
709130,雷科台新5B購01,1980,1.98,1.98,1.98,1.98
709131,雷科台新5B購02,440520,1.26,1.36,1.26,1.36
709132,廣穎台新5B購01,0,,,,
709133,聯合台新5B購01,0,,,,
709134,鑫科台新5B購01,0,,,,
709135,台特化富邦5C購02,0,,,,
709136,博智富邦61購02,26250,0.21,0.21,0.21,0.21
709137,群聯富邦61購03,164250,0.4,0.44,0.39,0.44
709138,群聯富邦61購04,0,,,,
709139,安勤永豐5C購01,5900,0.59,0.59,0.59,0.59
709140,朋程永豐5C購01,0,,,,
709141,博智永豐5C購02,0,,,,
709142,群聯永豐5C購05,0,,,,
709143,群聯永豐63購01,0,,,,
709144,群聯永豐64購03,0,,,,
709145,群聯永豐65購04,0,,,,
709146,漢科永豐5C購01,1400,0.28,0.28,0.28,0.28
709147,中美晶統一66購01,111350,0.75,0.76,0.72,0.76
709148,正淩統一65購03,0,,,,
709149,沛亨統一63購01,510,0.51,0.51,0.51,0.51
709150,沛亨統一64購01,36700,0.53,0.53,0.51,0.51
709151,沛亨統一65購02,182080,0.53,0.54,0.48,0.54
709152,佳邦統一63購01,0,,,,
709153,佳邦統一65購01,27800,0.24,0.24,0.23,0.23
709154,朋程統一65購01,1930,0.32,0.33,0.32,0.33
709155,欣銓統一63購02,660,0.66,0.66,0.66,0.66
709156,茂達統一65購03,0,,,,
709157,茂達統一69購01,0,,,,
709158,茂綸統一65購02,130360,0.71,0.71,0.65,0.65
709159,茂綸統一65購03,45600,0.64,0.64,0.58,0.58
709160,神準統一66購01,0,,,,
709161,博智統一63購02,32340,0.21,0.21,0.21,0.21
709162,博智統一65購01,0,,,,
709163,閎康統一65購04,0,,,,
709164,萬泰科統一75購01,1960,0.49,0.49,0.49,0.49
709165,群聯統一5B購02,0,,,,
709166,群聯統一63購01,65730,0.33,0.35,0.33,0.35
709167,群聯統一63購02,0,,,,
709168,群聯統一65購01,52250,0.28,0.32,0.28,0.32
709169,群聯統一65購02,0,,,,
709170,群聯統一69購01,577420,0.93,0.96,0.91,0.96
709171,群聯統一69購02,36660,0.56,0.59,0.56,0.59
709172,群聯統一6B購01,79110,1.01,1.07,1.01,1.07
709173,群聯統一75購01,322840,1.08,1.12,1.07,1.12
709174,聖暉*統一65購03,0,,,,
709175,鈺太統一69購01,0,,,,
709176,臺慶科統一65購02,0,,,,
709177,臺慶科統一65購03,0,,,,
709178,臺慶科統一69購01,0,,,,
709179,廣穎統一65購01,32000,0.64,0.64,0.64,0.64
709180,廣穎統一69購01,720,0.72,0.72,0.72,0.72
709181,擎亞統一65購03,0,,,,
709182,擎亞統一65購04,5300,0.26,0.27,0.26,0.27
709183,鑫科統一69購02,0,,,,
709184,鑫聯統一69購01,0,,,,
709185,群聯中信63購01,0,,,,
709186,倚強群益5B購01,0,,,,
709187,原相群益5B購01,0,,,,
709188,博智群益5B購02,0,,,,
709189,博智群益5B購03,5430,0.11,0.12,0.11,0.12
709190,華容群益5B購01,0,,,,
709191,新盛力群益61購02,357400,1.7,1.74,1.7,1.74
709192,群聯群益5B購07,7630,0.68,0.83,0.68,0.83
709193,臺慶科群益5B購03,0,,,,
709194,優群群益5B購01,0,,,,
709195,擎亞群益62購01,0,,,,
709196,寶雅群益5B購01,77590,1.93,1.94,1.93,1.94
709197,鑫科群益5B購02,0,,,,
709198,久元永豐5B購01,0,,,,
709199,威聯通永豐61購01,0,,,,
709200,富喬永豐61購02,165100,1.0,1.01,0.95,0.96
709201,富喬永豐66購01,51910,1.24,1.24,1.18,1.18
709202,富喬永豐68購01,137460,1.16,1.18,1.14,1.18
709203,順達永豐64購01,0,,,,
709204,順達永豐67購01,0,,,,
709205,鈊象永豐63購01,17620,0.89,0.89,0.86,0.86
709206,新盛力永豐5C購02,3840,0.64,0.64,0.64,0.64
709207,擎亞永豐63購01,12500,0.25,0.25,0.25,0.25
709208,沛亨凱基5B購03,230960,0.27,0.27,0.24,0.26
709209,佳邦凱基5B購01,0,,,,
709210,富喬凱基5B購02,4920,0.82,0.82,0.82,0.82
709211,富喬凱基61購02,0,,,,
709212,富喬凱基61購03,14000,1.02,1.02,0.98,0.98
709213,勤凱凱基5B購02,0,,,,
709214,勤凱凱基5B購03,0,,,,
709215,勤凱凱基5B購04,0,,,,
709216,群聯凱基61購04,0,,,,
709217,臺慶科凱基5B購03,0,,,,
709218,擎亞凱基61購01,1900,0.19,0.19,0.19,0.19
709219,中光電台新5B購02,0,,,,
709220,台星科台新5B購01,0,,,,
709221,台星科台新5B購02,32600,0.42,0.42,0.4,0.4
709222,立碁台新62購01,844760,1.32,1.53,1.32,1.47
709223,沛亨台新5B購04,0,,,,
709224,佳邦台新5B購02,0,,,,
709225,佳邦台新5B購03,0,,,,
709226,順達台新5B購05,0,,,,
709227,勤凱台新5B購02,0,,,,
709228,勤凱台新5B購03,0,,,,
709229,擎亞台新5B購01,20400,0.34,0.34,0.34,0.34
709230,擎亞台新5B購02,0,,,,
709231,雙鴻台新5B購01,0,,,,
709232,雙鴻台新5B購02,0,,,,
709233,雙鴻台新5B購03,15390,1.71,1.71,1.71,1.71
709234,台半國泰5C購02,0,,,,
709235,良維國泰5C購02,195910,1.1,1.29,1.08,1.29
709236,富喬國泰5C購01,0,,,,
709237,順達國泰5C購01,600,0.6,0.6,0.6,0.6
709238,群聯國泰5C購01,550,0.55,0.55,0.55,0.55
709239,群聯國泰5C購02,0,,,,
709240,威剛富邦5B購02,0,,,,
709241,富喬富邦5B購02,343970,0.58,0.66,0.55,0.59
709242,群聯富邦62購06,0,,,,
709243,均豪元大5B購04,0,,,,
709244,欣銓元大5B購03,193450,1.23,1.3,1.09,1.29
709245,威剛元大5B購15,138190,1.16,1.17,1.15,1.15
709246,原相元大5B購03,5300,0.27,0.27,0.26,0.26
709248,富喬元大5B購03,39690,1.89,1.89,1.89,1.89
709249,富喬元大5B購04,39000,0.75,0.75,0.69,0.69
709250,富喬元大5B購05,221080,0.85,0.85,0.84,0.84
709251,勤凱元大5B購04,1750,0.25,0.25,0.25,0.25
709252,新盛力元大5B購06,11200,1.12,1.12,1.12,1.12
709253,新盛力元大5B購07,0,,,,
709254,群聯元大5B購17,111100,2.14,2.51,2.14,2.51
709255,群聯元大5B購18,0,,,,
709256,臺慶科元大5B購01,0,,,,
709257,擎亞元大5B購09,450,0.15,0.15,0.15,0.15
709258,中美晶群益5B購05,30750,6.15,6.15,6.15,6.15
709259,均豪群益5B購05,17920,0.64,0.64,0.64,0.64
709260,富喬群益5B購02,0,,,,
709261,勤凱群益5B購03,0,,,,
709262,新盛力群益63購01,202600,1.12,1.14,1.12,1.12
709263,萬泰科群益5C購01,0,,,,
709264,群聯群益5B購08,0,,,,
709265,擎亞群益5B購03,0,,,,
709266,雙鴻群益5B購09,0,,,,
709267,方土昶永豐5C購01,0,,,,
709268,茂達永豐63購01,0,,,,
709269,精確永豐5B購01,6050,0.13,0.16,0.13,0.16
709270,優群永豐5C購01,0,,,,
709271,中美晶凱基5B購05,95920,0.63,0.63,0.6,0.63
709272,台半凱基5B購02,0,,,,
709273,立碁凱基5B購02,327830,0.42,0.56,0.39,0.51
709274,均豪凱基5B購04,0,,,,
709275,沛亨凱基5C購01,361050,0.37,0.48,0.37,0.48
709276,原相凱基5B購04,0,,,,
709277,華容凱基5B購01,513370,1.43,1.43,1.43,1.43
709278,華容凱基5C購01,2740,1.35,1.39,1.35,1.39
709279,萬泰科凱基5B購02,0,,,,
709280,精材凱基5B購09,32550,1.95,1.95,1.78,1.78
709281,大中台新5B購02,65550,0.57,0.57,0.57,0.57
709282,立碁台新5B購01,191410,1.1,1.34,1.1,1.34
709283,立碁台新5B購02,339840,1.16,1.19,1.16,1.19
709284,艾訊台新5B購03,0,,,,
709285,艾訊台新5B購04,56160,0.36,0.36,0.36,0.36
709286,佳邦台新5B購04,0,,,,
709287,南俊台新5B購01,11590,0.3,0.35,0.28,0.35
709288,南俊台新5B購02,0,,,,
709289,順達台新5B購06,0,,,,
709290,勤凱台新5B購04,0,,,,
709291,臺慶科台新5B購06,27010,0.31,0.32,0.31,0.32
709292,臺慶科台新5B購07,16500,0.3,0.3,0.3,0.3
709293,群聯兆豐65購03,14680,0.49,0.56,0.49,0.56
709294,中美晶元大5B購06,0,,,,
709295,方土昶元大5B購01,2350,0.47,0.47,0.47,0.47
709296,世界元大5B購04,22400,1.08,1.08,1.01,1.01
709297,台半元大5B購05,72000,0.8,0.8,0.8,0.8
709298,倚強元大5B購01,61950,0.43,0.59,0.43,0.59
709299,華容元大5B購01,0,,,,
709300,群聯元大61購07,1510,0.48,0.53,0.48,0.53
709301,聖暉*元大5B購05,170100,0.35,0.35,0.35,0.35
709302,臺慶科元大5B購02,10340,0.14,0.14,0.13,0.13
709303,優群元大5B購02,0,,,,
709305,鑫科元大5B購03,0,,,,
709306,久元群益65購01,0,,,,
709307,中美晶群益5B購06,130980,1.43,1.67,1.43,1.67
709308,世界群益5C購02,580,0.58,0.58,0.58,0.58
709309,南俊群益5B購01,7000,0.14,0.14,0.14,0.14
709310,茂達群益5B購02,0,,,,
709311,富喬群益5B購03,609620,1.21,1.3,1.13,1.18
709312,群聯群益5B購09,22400,0.17,0.19,0.17,0.19
709313,精材群益5B購09,0,,,,
709314,雙鴻群益5B購10,49060,1.77,1.98,1.72,1.78
709315,沛亨永豐65購01,38660,0.5,0.51,0.5,0.51
709316,長科*永豐61購01,118320,1.4,1.52,1.39,1.52
709317,順達永豐64購02,0,,,,
709318,群聯永豐5C購06,13500,0.27,0.27,0.27,0.27
709319,群聯永豐5C購07,0,,,,
709320,群聯永豐65購05,0,,,,
709321,沛亨元大5B購03,37900,0.37,0.37,0.36,0.36
709322,沛亨元大5B購04,82000,0.66,0.66,0.65,0.65
709323,沛亨元大5B購05,91620,0.46,0.46,0.44,0.46
709324,良維元大5B購02,12400,0.31,0.31,0.31,0.31
709325,佳邦元大5B購01,0,,,,
709326,朋程元大5B購01,140,0.14,0.14,0.14,0.14
709327,茂達元大5B購01,0,,,,
709328,富喬元大61購03,165630,1.35,1.35,1.28,1.28
709329,群聯元大61購08,0,,,,
709330,良維富邦5C購02,0,,,,
709331,朋程富邦61購01,2200,0.11,0.11,0.11,0.11
709332,順達富邦61購01,6300,0.21,0.21,0.21,0.21
709333,大中群益5B購01,990,0.99,0.99,0.99,0.99
709334,大中群益5B購02,0,,,,
709335,均豪群益5B購06,2070,0.23,0.23,0.23,0.23
709336,宏捷科群益5B購02,0,,,,
709337,良維群益5B購04,4550,0.3,0.31,0.3,0.31
709338,佳邦群益5B購02,0,,,,
709339,佳邦群益5B購03,0,,,,
709340,朋程群益5B購03,0,,,,
709341,長科*群益5B購01,562840,1.22,1.34,1.22,1.34
709342,順達群益5B購04,0,,,,
709343,群翊群益5B購02,0,,,,
709344,漢科群益5B購01,0,,,,
709345,精材群益5B購10,0,,,,
709346,台半凱基5B購03,0,,,,
709347,沛亨凱基5B購04,5880,0.28,0.28,0.28,0.28
709348,朋程凱基5B購03,0,,,,
709349,順達凱基5B購04,0,,,,
709350,群聯凱基5B購09,0,,,,
709351,聖暉*凱基5B購05,0,,,,
709352,優群凱基5B購02,0,,,,
709353,大中台新5B購03,0,,,,
709354,台半台新5B購04,0,,,,
709355,台半台新5B購05,52000,0.34,0.36,0.34,0.36
709356,金益鼎台新5B購01,0,,,,
709357,博盛台新5B購02,32760,0.36,0.36,0.36,0.36
709358,順達台新5B購07,0,,,,
709359,勤凱台新5B購05,0,,,,
709360,群翊台新5B購01,0,,,,
709361,穩得台新5B購01,0,,,,
709362,台半凱基5B購04,0,,,,
709363,台特化凱基5B購03,0,,,,
709364,宏捷科凱基5B購02,0,,,,
709365,長科*凱基5B購01,19800,0.66,0.66,0.66,0.66
709366,富喬凱基62購01,0,,,,
709367,萊德光凱基5B購01,133870,0.24,0.25,0.19,0.25
709368,萊德光凱基5B購02,674240,0.43,0.46,0.36,0.46
709369,順達凱基5B購05,0,,,,
709370,勤凱凱基5B購05,0,,,,
709371,群翊凱基62購01,200,0.2,0.2,0.2,0.2
709372,聖暉*凱基5B購06,0,,,,
709373,漢科凱基5B購01,0,,,,
709374,廣穎凱基5B購03,0,,,,
709375,雙鴻凱基5B購03,0,,,,
709376,系統電台新5B購01,0,,,,
709377,華容台新5B購01,0,,,,
709378,鈺太台新5B購01,0,,,,
709379,鈺太台新5B購02,0,,,,
709380,鈺太台新5B購03,0,,,,
709381,精材台新5B購07,0,,,,
709382,廣穎台新5B購02,9600,0.64,0.64,0.64,0.64
709383,點序台新5B購01,0,,,,
709384,點序台新62購01,9600,0.24,0.24,0.24,0.24
709385,佳邦元大5B購02,0,,,,
709386,長科*元大5B購01,102690,1.13,1.13,1.1,1.1
709387,順達元大5B購08,0,,,,
709388,順達元大62購01,3230,0.64,0.65,0.64,0.65
709389,群聯元大5B購19,0,,,,
709390,群聯元大63購04,1680,0.42,0.42,0.42,0.42
709391,聖暉*元大5B購06,0,,,,
709392,佳邦富邦5B購01,0,,,,
709393,精材富邦5B購03,0,,,,
709394,台半群益62購01,0,,,,
709395,聖暉*群益5B購03,500,0.1,0.1,0.1,0.1
709396,優群群益62購01,0,,,,
709397,佳邦國泰5C購01,0,,,,
709398,威聯通國泰5C購01,12800,0.43,0.43,0.42,0.42
709399,勤凱國泰5C購02,28900,0.27,0.28,0.27,0.28
709400,台半永豐63購02,0,,,,
709401,台特化永豐63購01,0,,,,
709402,佳邦永豐5C購01,0,,,,
709403,萊德光永豐5C購01,933690,0.43,0.43,0.38,0.42
709404,勤凱永豐5C購04,120,0.12,0.12,0.12,0.12
709405,群聯永豐5B購01,4800,0.19,0.2,0.19,0.2
709406,鏵友益永豐5C購02,0,,,,
709407,久元元大5C購01,0,,,,
709408,中美晶元大5C購03,52220,1.3,1.41,1.24,1.39
709409,世界元大5C購02,4280260,1.32,1.32,1.17,1.17
709410,台半元大5C購02,0,,,,
709411,良維元大5C購02,0,,,,
709412,佳邦元大5C購02,0,,,,
709413,富喬元大5C購03,219340,1.0,1.05,0.94,0.94
709414,順達元大5C購02,0,,,,
709415,勤凱元大5C購01,0,,,,
709416,群聯元大5C購03,889440,1.37,1.63,1.35,1.63
709417,精材元大5C購01,0,,,,
709418,中美晶永豐64購01,50730,0.79,0.87,0.79,0.85
709419,長科*永豐61購02,132900,0.9,1.0,0.9,1.0
709420,晶焱永豐61購01,0,,,,
709421,華容永豐64購01,0,,,,
709422,臺慶科永豐66購01,3000,0.3,0.3,0.3,0.3
709423,廣穎永豐61購02,0,,,,
709424,台半凱基5C購02,0,,,,
709425,巨漢凱基5C購01,0,,,,
709426,良維凱基5C購03,0,,,,
709427,佳邦凱基5C購02,0,,,,
709428,佳邦凱基5C購03,0,,,,
709429,威剛凱基64購01,51520,0.56,0.56,0.56,0.56
709430,順達凱基5C購02,0,,,,
709431,勤凱凱基5C購01,0,,,,
709432,勤凱凱基5C購02,15000,0.05,0.05,0.05,0.05
709433,勤凱凱基62購01,0,,,,
709434,群聯凱基66購01,59900,0.39,0.43,0.39,0.43
709435,廣穎凱基5C購01,0,,,,
709436,巨漢台新5C購01,0,,,,
709437,巨漢台新5C購02,0,,,,
709438,湧德台新61購01,0,,,,
709439,華容台新5C購01,0,,,,
709440,華容台新5C購02,24700,2.47,2.47,2.47,2.47
709441,鈊象台新5C購01,15600,0.6,0.6,0.6,0.6
709442,鑫聯台新5C購01,0,,,,
709443,台半群益5C購01,125270,0.23,0.23,0.21,0.21
709444,台特化群益5C購02,0,,,,
709445,立敦群益5C購01,400,0.04,0.04,0.04,0.04
709446,勤凱群益5C購01,0,,,,
709447,廣穎群益5C購01,0,,,,
709448,雙鴻群益5C購01,390820,3.63,4.05,3.63,3.84
709449,聖暉*國泰61購01,0,,,,
709450,雙鴻國泰61購02,20740,2.98,2.98,2.92,2.92
709451,久元富邦66購01,1900,0.19,0.19,0.19,0.19
709452,台半富邦64購01,186090,0.3,0.3,0.29,0.29
709453,台半富邦66購01,0,,,,
709454,宏捷科富邦66購01,0,,,,
709455,宏捷科富邦66購02,0,,,,
709456,長科*富邦63購01,1316640,0.84,0.91,0.83,0.9
709457,威剛富邦62購01,0,,,,
709458,富喬富邦66購01,18530,0.98,0.98,0.97,0.97
709459,智通*富邦64購01,218990,1.1,1.12,1.07,1.12
709460,智通*富邦66購01,6000,0.6,0.6,0.6,0.6
709461,閎康富邦66購01,0,,,,
709462,鈊象富邦66購01,44150,0.81,0.81,0.79,0.79
709463,群聯富邦64購01,140160,0.43,0.47,0.43,0.47
709464,雙鴻富邦64購01,0,,,,
709465,台半國票61購02,2290,0.19,0.2,0.19,0.2
709466,台半國票61購03,19000,0.19,0.19,0.19,0.19
709467,佳邦國票61購01,0,,,,
709468,佳邦國票61購02,0,,,,
709469,萊德光國票61購01,2741480,0.55,0.55,0.31,0.32
709470,順達國票61購01,0,,,,
709471,中美晶群益62購02,15590,0.61,0.67,0.59,0.67
709472,台星科群益62購01,0,,,,
709473,威剛群益62購01,0,,,,
709474,茂綸群益62購01,483540,1.5,1.54,1.29,1.31
709475,振曜群益5C購01,0,,,,
709476,創惟群益5C購01,0,,,,
709477,群聯群益5C購02,0,,,,
709478,鈊象國泰61購01,19550,0.85,0.85,0.85,0.85
709479,臺慶科國泰61購01,0,,,,
709480,朋程永豐5C購02,0,,,,
709481,欣銓永豐64購01,51840,1.08,1.14,1.08,1.14
709482,達航永豐61購01,1200,0.24,0.24,0.24,0.24
709483,達航永豐64購01,0,,,,
709484,立敦富邦66購01,0,,,,
709485,宏觀富邦66購01,0,,,,
709486,順達富邦61購02,0,,,,
709487,漢科富邦66購01,485690,0.5,0.51,0.5,0.51
709488,廣明富邦66購01,0,,,,
709489,璟德富邦66購01,0,,,,
709490,久元凱基5C購02,0,,,,
709491,中美晶凱基5C購02,547850,0.33,0.42,0.33,0.39
709492,立敦凱基5C購01,0,,,,
709493,良維凱基64購01,362820,0.25,0.27,0.25,0.27
709494,朋程凱基61購01,0,,,,
709495,能率亞凱基5C購01,0,,,,
709496,富喬凱基5C購01,780,0.78,0.78,0.78,0.78
709497,華容凱基5C購02,0,,,,
709498,群聯凱基5C購02,6500,0.08,0.1,0.08,0.1
709499,廣穎凱基61購01,3940,0.34,0.34,0.18,0.18
709500,中美晶台新63購01,0,,,,
709501,立敦台新5C購01,0,,,,
709502,宏觀台新5C購01,1080,0.18,0.18,0.18,0.18
709503,南俊台新5C購01,10530,0.16,0.49,0.16,0.49
709504,聖暉*台新5C購01,0,,,,
709505,精材台新5C購02,0,,,,
709506,精材台新5C購03,14700,4.9,4.9,4.9,4.9
709507,璟德台新5C購01,0,,,,
709508,久元元大5C購02,0,,,,
709510,朋程元大5C購01,0,,,,
709511,長科*元大5C購01,176400,0.9,0.9,0.9,0.9
709512,富喬元大61購04,392050,0.93,0.93,0.87,0.9
709513,晶焱元大5C購01,0,,,,
709514,順達元大5C購03,0,,,,
709515,順達元大64購05,37370,1.01,1.01,1.01,1.01
709516,群聯元大61購09,0,,,,
709517,臺慶科元大5C購01,0,,,,
709518,中美晶富邦62購01,117130,0.57,0.65,0.57,0.65
709519,世界凱基5C購04,0,,,,
709520,世紀*凱基5C購01,6100,6.1,6.1,6.1,6.1
709521,台半凱基61購02,0,,,,
709522,立端凱基61購01,146300,0.4,0.41,0.4,0.41
709523,宏觀凱基61購03,0,,,,
709524,系統電凱基5C購02,0,,,,
709525,宜特凱基61購02,7600,0.19,0.19,0.19,0.19
709526,長科*凱基5C購01,2460,0.17,0.19,0.17,0.19
709527,宸曜凱基5C購01,0,,,,
709528,順達凱基64購02,4600,0.46,0.46,0.46,0.46
709529,群聯凱基5C購03,27200,0.09,0.1,0.09,0.1
709530,大綜台新5C購01,256990,1.4,1.59,1.4,1.56
709531,系統電台新5C購01,0,,,,
709532,萊德光台新5C購01,1794140,0.46,0.52,0.45,0.45
709533,廣運台新5C購01,0,,,,
709534,台半永豐61購02,0,,,,
709535,安葆永豐63購01,1360,1.36,1.36,1.36,1.36
709536,良維永豐5C購03,0,,,,
709537,雙鴻永豐64購02,112430,1.36,1.43,1.34,1.43
709538,久元元大5C購03,0,,,,
709539,中美晶元大5C購04,40050,0.65,0.71,0.63,0.71
709540,世界元大5C購03,75910,0.82,0.84,0.82,0.84
709541,世界元大64購05,64530,0.79,0.79,0.75,0.75
709542,台半元大5C購03,0,,,,
709543,台半元大5C購04,0,,,,
709544,台半元大66購02,0,,,,
709545,良維元大5C購03,0,,,,
709546,欣銓元大5C購01,472660,0.71,0.73,0.63,0.73
709547,長科*元大5C購02,380100,0.88,0.9,0.87,0.9
709548,長科*元大5C購03,50340,1.13,1.15,1.13,1.15
709549,長科*元大66購01,48580,0.98,1.0,0.98,0.99
709550,富喬元大61購05,15900,0.78,0.81,0.78,0.81
709551,順達元大5C購04,0,,,,
709552,順達元大64購06,0,,,,
709553,群聯元大61購10,0,,,,
709554,聖暉*元大5C購04,0,,,,
709555,方土昶群益5C購01,0,,,,
709556,世界群益5C購03,0,,,,
709557,台半群益5C購02,0,,,,
709558,台半群益61購01,0,,,,
709559,系微群益5C購01,0,,,,
709560,長科*群益61購01,0,,,,
709561,南俊群益5C購01,75950,0.23,0.23,0.21,0.21
709562,富喬群益5C購02,105790,1.82,1.94,1.69,1.69
709563,群聯群益5C購03,54190,0.19,0.2,0.19,0.2
709564,臺慶科群益5C購01,0,,,,
709565,廣運群益5C購01,0,,,,
709566,雙鴻群益5C購02,57710,1.75,1.94,1.7,1.94
709567,方土昶凱基5C購02,0,,,,
709568,威剛凱基61購01,12220,0.16,0.17,0.16,0.17
709569,雅特力凱基5C購01,23460,1.68,1.68,1.65,1.65
709570,聰泰凱基5C購01,64880,0.26,0.3,0.26,0.3
709571,雙鴻凱基5C購07,131120,1.16,1.27,1.16,1.27
709572,雙鴻凱基5C購08,0,,,,
709573,能率台新5C購01,0,,,,
709574,良維富邦61購02,0,,,,
709575,群聯富邦63購01,0,,,,
709576,雙鴻富邦62購01,108640,0.92,0.96,0.9,0.9
709577,達航國票61購01,2730,0.21,0.21,0.21,0.21
709579,中美晶元大5C購05,544440,1.69,1.77,1.69,1.77
709580,世界元大5C購04,92150,1.09,1.09,1.02,1.07
709581,世界元大64購06,154140,0.74,0.76,0.72,0.73
709582,台半元大5C購05,0,,,,
709583,台半元大66購03,0,,,,
709584,宏觀元大5C購03,0,,,,
709585,威剛元大5C購01,0,,,,
709586,富喬元大64購01,268220,0.99,1.01,0.96,0.96
709587,順達元大5C購05,0,,,,
709588,群聯元大61購11,2300,0.23,0.23,0.23,0.23
709589,群聯元大64購04,19500,0.32,0.35,0.32,0.35
709591,威剛群益5C購03,0,,,,
709592,群聯群益5C購04,24180,0.78,0.78,0.78,0.78
709593,桓達永豐61購01,0,,,,
709594,宏觀國票61購01,0,,,,
709595,富喬國票5C購03,15350,1.28,1.28,1.27,1.27
709596,群聯國票61購04,117800,0.31,0.31,0.31,0.31
709597,精確國票61購01,81720,0.34,0.37,0.34,0.37
709598,磐亞國票61購01,0,,,,
709599,雙鴻國票61購01,98800,0.96,0.96,0.93,0.93
709600,中美晶元大5C購06,37300,1.3,1.39,1.3,1.39
709601,世界元大5C購05,116410,1.02,1.05,0.98,1.01
709602,世界元大64購07,91180,1.22,1.22,1.17,1.17
709603,世界元大66購02,36000,0.75,0.75,0.75,0.75
709604,系統電元大5C購03,0,,,,
709605,威剛元大5C購02,8300,0.83,0.83,0.83,0.83
709606,威剛元大61購02,0,,,,
709607,群聯元大5C購04,3150,0.43,0.47,0.43,0.47
709608,群聯元大5C購05,0,,,,
709609,群聯元大61購12,35300,0.28,0.31,0.28,0.31
709610,群聯元大64購05,19000,0.38,0.38,0.38,0.38
709611,磐亞元大5C購01,232300,1.87,2.09,1.86,2.09
709612,系統電富邦61購02,0,,,,
709613,大綜永豐61購01,110160,0.84,0.88,0.83,0.86
709614,磐亞永豐61購01,14500,1.45,1.45,1.45,1.45
709615,方土昶凱基5C購03,0,,,,
709616,華電網凱基5C購01,0,,,,
709617,磐亞凱基5C購01,13500,1.35,1.35,1.35,1.35
709618,雙鴻凱基61購04,143520,1.05,1.11,0.99,1.05
709619,大綜台新5C購02,531340,0.92,0.93,0.92,0.93
709620,系統電台新61購01,0,,,,
709621,良維台新5C購01,0,,,,
709622,順達台新5C購02,6800,0.34,0.34,0.34,0.34
709623,精材台新62購01,8360,4.18,4.18,4.18,4.18
709624,雙鴻台新5C購01,50760,1.41,1.41,1.41,1.41
709625,力致群益5C購01,0,,,,
709626,威剛群益5C購04,0,,,,
709627,群聯群益5C購05,0,,,,
709628,雙鴻群益62購01,89540,0.83,0.89,0.8,0.89
709629,方土昶永豐63購01,0,,,,
709630,系微永豐61購01,16920,0.2,0.22,0.2,0.22
709631,宜特永豐5C購03,0,,,,
709632,家登永豐5C購01,189640,0.61,0.62,0.61,0.62
709633,鈊象永豐64購01,0,,,,
709634,群聯永豐5C購08,0,,,,
709635,雙鴻群益5C購03,0,,,,
709636,大綜國票5C購01,43600,0.4,0.4,0.4,0.4
709637,台特化國票61購01,0,,,,
709638,光聚晶國票61購01,920,0.23,0.23,0.23,0.23
709639,系統電國票61購01,0,,,,
709640,家登國票5C購01,0,,,,
709641,海韻電國票61購01,0,,,,
709642,鈊象國票61購01,0,,,,
709643,聖暉*國票61購01,0,,,,
709644,大綜凱基5C購01,3450,0.17,0.18,0.17,0.18
709645,伍豐凱基5C購01,0,,,,
709646,系統電凱基5C購03,0,,,,
709647,朋億*凱基5C購01,0,,,,
709648,威剛凱基5C購03,18690,0.24,0.24,0.23,0.24
709649,茂訊凱基5C購01,0,,,,
709650,富喬凱基5C購02,0,,,,
709651,晶焱凱基5C購01,0,,,,
709652,雅特力凱基5C購02,821000,0.54,0.64,0.54,0.58
709653,群聯凱基5C購04,0,,,,
709654,精確凱基5C購01,39020,0.27,0.29,0.27,0.29
709655,大綜台新5C購03,93270,0.4,0.47,0.4,0.47
709656,大綜台新5C購04,0,,,,
709657,方土昶台新5C購01,0,,,,
709658,富喬台新5C購01,33800,1.3,1.3,1.3,1.3
709659,富喬台新5C購02,289120,1.9,1.94,1.74,1.76
709660,晶焱台新5C購01,0,,,,
709661,晶焱台新5C購02,0,,,,
709662,晶焱台新5C購03,0,,,,
709663,群聯台新5C購01,0,,,,
709664,大綜元大5C購01,5040,0.24,0.24,0.24,0.24
709665,中美晶元大5C購07,0,,,,
709666,台半元大5C購06,0,,,,
709668,威剛元大61購03,0,,,,
709669,家登元大5C購04,196640,0.39,0.4,0.39,0.4
709670,群聯元大5C購06,145500,0.3,0.3,0.3,0.3
709671,群聯元大5C購07,0,,,,
709672,群聯元大5C購08,290,0.29,0.29,0.29,0.29
709673,群聯元大66購05,405230,0.53,0.57,0.53,0.57
709674,聖暉*元大5C購05,0,,,,
709675,聖暉*元大5C購06,0,,,,
709676,家登富邦63購01,226000,0.5,0.5,0.5,0.5
709677,正德群益5C購01,0,,,,
709678,威剛群益5C購05,0,,,,
709679,家登群益5C購01,0,,,,
709680,富喬群益5C購03,1993050,1.6,2.02,1.6,1.86
709681,華容群益5C購01,0,,,,
709682,群聯群益5C購06,0,,,,
709683,聖暉*群益5C購02,0,,,,
709684,立端永豐64購01,0,,,,
709685,威剛永豐6C購01,30260,0.89,0.89,0.89,0.89
709686,建榮永豐61購01,6300,0.4,0.4,0.37,0.37
709687,茂訊永豐5C購01,0,,,,
709688,雅特力永豐61購01,528620,1.0,1.1,1.0,1.03
709689,群聯永豐5C購09,0,,,,
709690,綠界*永豐61購01,0,,,,
709691,聰泰永豐61購01,33550,0.5,0.52,0.5,0.52
709692,立敦國票5C購01,0,,,,
709693,立敦國票5C購02,0,,,,
709694,伍豐國票61購01,0,,,,
709695,光焱國票61購01,2200,0.24,0.24,0.2,0.2
709696,安勤國票61購01,0,,,,
709697,系統電國票61購02,0,,,,
709698,邑昇國票61購01,0,,,,
709699,信音國票5C購01,0,,,,
709700,建榮國票5C購01,0,,,,
709701,博士旺國票5C購01,0,,,,
709702,博智國票5C購01,0,,,,
709703,博智國票5C購02,0,,,,
709704,晶焱國票5C購01,0,,,,
709705,雅特力國票61購01,51070,0.69,0.71,0.69,0.71
709706,雅特力國票61購02,62110,0.62,0.69,0.62,0.66
709707,意德士國票61購01,0,,,,
709708,聚和國票61購01,0,,,,
709709,臺慶科國票61購02,330,0.33,0.33,0.33,0.33
709710,廣閎科國票61購01,0,,,,
709711,騰雲國票61購01,3520,0.88,0.88,0.88,0.88
709712,威剛國泰61購01,0,,,,
709713,湧德國泰61購01,0,,,,
709714,光焱台新5C購01,59900,0.29,0.29,0.28,0.29
709715,兆利台新5C購01,0,,,,
709716,兆利台新5C購02,0,,,,
709717,雅特力台新5C購01,420310,0.89,0.97,0.89,0.96
709718,雅特力台新5C購02,35500,0.71,0.71,0.71,0.71
709719,鈊象台新5C購02,0,,,,
709720,雙鴻台新5C購02,28080,3.51,3.51,3.51,3.51
709721,雙鴻台新5C購03,24480,2.04,2.04,2.04,2.04
709722,穩得台新5C購01,0,,,,
709723,中美晶元大5C購08,64970,1.77,1.8,1.67,1.76
709724,中美晶元大5C購09,60440,1.14,1.21,1.11,1.19
709725,方土昶元大5C購01,0,,,,
709728,信音元大5C購01,2200,0.22,0.22,0.22,0.22
709729,威剛元大61購04,0,,,,
709730,富喬元大64購02,952740,1.6,1.6,1.5,1.5
709731,順達元大5C購06,90140,1.07,1.09,1.05,1.09
709732,鈊象元大5C購05,246860,1.07,1.07,1.01,1.01
709733,群聯元大5C購09,0,,,,
709734,群聯元大5C購10,0,,,,
709735,群聯元大5C購11,350,0.35,0.35,0.35,0.35
709736,群聯元大66購06,342830,0.61,0.66,0.61,0.66
709737,精材元大5C購03,0,,,,
709738,精材元大64購01,0,,,,
709739,精材元大66購04,203370,4.46,4.53,4.36,4.53
709740,順達凱基5C購03,74850,0.15,0.15,0.15,0.15
709741,群聯凱基5C購05,0,,,,
709742,聖暉*凱基5C購02,0,,,,
709743,精材凱基61購05,0,,,,
709744,臺慶科凱基5C購02,0,,,,
709745,宜鼎元大5C購05,0,,,,
709746,宜鼎元大61購04,109800,0.28,0.29,0.28,0.29
709747,廣閎科元大5C購01,0,,,,
709748,宜鼎群益5C購01,96000,0.17,0.18,0.17,0.18
709749,宜鼎群益5C購02,610,0.13,0.13,0.12,0.12
709750,宜鼎群益5C購03,56400,0.12,0.12,0.12,0.12
709751,方土昶國票61購01,0,,,,
709752,加高國票61購01,0,,,,
709753,宜鼎國票61購01,0,,,,
709754,威聯通國票61購01,0,,,,
709755,凱崴國票61購01,33500,0.34,0.34,0.33,0.33
709756,港建*國票61購01,0,,,,
709757,華容國票61購01,0,,,,
709758,萊德光國票61購02,126990,0.75,0.76,0.71,0.73
709759,萊德光國票61購03,1212930,0.69,0.69,0.57,0.59
709760,宜特國泰61購01,0,,,,
709761,宜鼎國泰61購02,1520,0.76,0.76,0.76,0.76
709762,宜鼎國泰61購03,8300,0.41,0.42,0.41,0.42
709763,宜鼎國泰61購04,0,,,,
709764,台半富邦62購03,0,,,,
709765,台半富邦63購01,0,,,,
709766,宜特富邦62購01,0,,,,
709767,宜鼎富邦5C購04,0,,,,
709768,朋程富邦62購01,0,,,,
709769,朋程富邦63購01,0,,,,
709770,家登富邦62購02,326550,0.59,0.59,0.57,0.59
709771,家登富邦62購03,4640,0.58,0.58,0.58,0.58
709772,鈊象富邦62購01,39100,0.53,0.53,0.52,0.52
709773,鈊象富邦63購01,0,,,,
709774,雙鴻富邦63購01,428420,1.03,1.1,1.01,1.05
709775,系統電凱基5C購04,0,,,,
709776,威剛凱基5C購04,0,,,,
709777,家登凱基5C購03,15760,0.59,0.59,0.58,0.58
709778,博智凱基5C購03,0,,,,
709779,富喬凱基5C購03,9600,1.2,1.2,1.2,1.2
709780,勤凱凱基5C購03,0,,,,
709781,群聯凱基61購05,120850,0.34,0.39,0.34,0.39
709782,廣閎科凱基61購01,147540,0.52,0.53,0.49,0.49
709783,宜鼎台新5C購01,185000,0.3,0.32,0.3,0.32
709784,宜鼎台新5C購02,186300,0.31,0.33,0.31,0.33
709785,宜鼎台新5C購03,0,,,,
709786,宜鼎中信5C購02,960,0.07,0.08,0.07,0.08
709787,宜鼎永豐64購01,0,,,,
709788,宜鼎永豐65購01,75500,0.3,0.31,0.3,0.31
709789,宇峻國泰61購01,0,,,,
709790,華景電國泰61購01,0,,,,
709791,群聯國泰61購02,40940,0.89,0.89,0.89,0.89
709792,漢達國泰61購01,1164000,7.8,8.9,7.45,8.6
709793,世界凱基5C購05,0,,,,
709794,宜鼎凱基5C購03,1800,0.09,0.09,0.09,0.09
709795,宜鼎凱基5C購04,0,,,,
709796,宜鼎凱基5C購05,0,,,,
709797,威聯通凱基61購01,7200,0.18,0.18,0.18,0.18
709798,凱崴凱基61購01,0,,,,
709799,華景電凱基5C購02,0,,,,
709800,順達凱基61購01,0,,,,
709801,璟德凱基5C購01,110,0.11,0.11,0.11,0.11
709802,立敦台新5C購02,0,,,,
709803,宏捷科台新5C購01,0,,,,
709804,宜鼎台新5C購04,0,,,,
709805,宜鼎台新61購01,20500,0.5,0.52,0.5,0.52
709806,東浦台新5C購01,16000,0.4,0.4,0.4,0.4
709807,家登台新5C購01,570550,0.98,1.03,0.96,1.02
709808,順達台新61購02,0,,,,
709809,新漢台新5C購01,1360,0.68,0.68,0.68,0.68
709810,廣閎科台新5C購01,6320,1.58,1.58,1.58,1.58
709811,富喬中信5C購03,201180,1.08,1.13,1.03,1.04
709812,創惟永豐5C購01,0,,,,
709813,華容永豐61購01,0,,,,
709814,群聯永豐64購04,0,,,,
709815,群聯永豐64購05,0,,,,
709816,宜鼎元大5C購06,17600,0.16,0.16,0.16,0.16
709817,宜鼎元大5C購07,0,,,,
709818,宜鼎元大5C購08,0,,,,
709819,威剛元大5C購03,106000,1.06,1.06,1.06,1.06
709820,群聯元大5C購12,0,,,,
709821,群聯元大5C購13,0,,,,
709822,群聯元大5C購14,20300,0.69,0.69,0.67,0.67
709823,群聯元大61購13,0,,,,
709824,廣閎科元大5C購02,0,,,,
709825,雙鴻元大61購15,382320,1.22,1.22,1.14,1.14
709826,力領國票61購01,0,,,,
709827,加高國票61購02,0,,,,
709828,立端國票61購01,0,,,,
709829,邑錡國票5C購01,139200,0.45,0.45,0.44,0.44
709830,佳邦國票61購03,0,,,,
709831,宜鼎國票61購02,0,,,,
709832,東浦國票61購01,0,,,,
709833,杰力國票61購01,0,,,,
709834,金益鼎國票61購02,0,,,,
709835,長聖國票61購01,0,,,,
709836,胡連國票61購01,0,,,,
709837,韋僑國票61購01,0,,,,
709838,宸曜國票5C購01,0,,,,
709839,能率亞國票61購01,0,,,,
709840,凱崴國票61購02,920,0.23,0.23,0.23,0.23
709841,湧德國票5C購01,0,,,,
709842,湧德國票5C購02,0,,,,
709843,華容國票61購02,11450,1.05,1.05,1.04,1.04
709844,華景電國票61購01,0,,,,
709845,華電網國票5C購02,0,,,,
709846,華電網國票5C購03,0,,,,
709847,廣閎科國票61購02,0,,,,
709848,騰雲國票61購02,0,,,,
709849,系統電群益5C購01,0,,,,
709850,宜鼎群益5C購04,0,,,,
709851,威剛群益5C購06,0,,,,
709852,群聯群益5C購07,68660,2.1,2.39,2.1,2.39
709853,兆利富邦62購01,0,,,,
709854,智通*富邦62購01,30550,0.65,0.65,0.65,0.65
709855,湧德富邦62購01,30940,0.34,0.34,0.34,0.34
709856,閎康富邦62購02,49500,0.33,0.33,0.33,0.33
709857,聖暉*富邦5C購02,0,,,,
709858,廣閎科富邦5C購01,193010,0.44,0.45,0.41,0.44
709859,方土昶國票61購02,0,,,,
709860,台嘉碩國票5C購01,0,,,,
709861,台嘉碩國票5C購02,60750,0.27,0.27,0.27,0.27
709862,永信建國票61購01,88070,0.59,0.62,0.57,0.6
709863,兆利國票61購01,0,,,,
709864,系統電國票61購03,0,,,,
709865,朋程國票5C購01,0,,,,
709866,東浦國票61購02,0,,,,
709867,順達國票61購02,0,,,,
709868,緯軟國票61購01,0,,,,
709869,華容群益5C購02,21200,1.06,1.06,1.06,1.06
709870,廣閎科群益5C購01,0,,,,
709871,順達中信5C購01,0,,,,
709872,聖暉*中信5C購01,100,0.1,0.1,0.1,0.1
709873,世紀*永豐5C購01,616850,5.8,6.45,5.8,6.45
709874,博智永豐5C購03,0,,,,
709875,中美晶元大5C購10,689960,1.22,1.26,1.21,1.23
709876,宏觀元大5C購04,0,,,,
709877,良維元大5C購04,413590,0.39,0.45,0.38,0.44
709878,博智元大5C購03,0,,,,
709879,華容元大5C購01,11830,1.69,1.69,1.69,1.69
709880,順達元大5C購07,0,,,,
709881,精材元大5C購04,0,,,,
709882,臺慶科元大5C購02,0,,,,
709883,系統電凱基5C購05,0,,,,
709884,佳邦凱基5C購04,0,,,,
709885,泓格凱基5C購01,45200,0.32,0.32,0.3,0.31
709886,金益鼎凱基5C購01,0,,,,
709887,茂迪凱基61購01,0,,,,
709888,創惟凱基61購01,0,,,,
709889,湧德凱基61購01,9900,0.3,0.3,0.3,0.3
709890,華容凱基61購01,14060,0.59,0.59,0.58,0.59
709891,群聯凱基5C購06,0,,,,
709892,臺慶科凱基61購01,0,,,,
709893,廣閎科凱基5C購01,400290,0.55,0.56,0.51,0.52
709894,雙鴻凱基5C購09,13700,1.37,1.37,1.37,1.37
709895,騰雲凱基61購01,148520,0.54,0.54,0.53,0.53
709896,中美晶統一66購02,1139350,0.85,0.89,0.81,0.88
709897,立敦統一63購02,0,,,,
709898,立敦統一64購02,0,,,,
709899,立敦統一64購03,0,,,,
709900,佳邦統一64購01,0,,,,
709901,佳邦統一66購01,0,,,,
709902,宜鼎統一64購01,11250,0.25,0.25,0.25,0.25
709903,宜鼎統一64購02,19200,0.24,0.24,0.24,0.24
709904,宜鼎統一64購03,260,0.26,0.26,0.26,0.26
709905,宜鼎統一64購04,73800,0.17,0.18,0.17,0.18
709906,宜鼎統一66購03,57450,0.28,0.29,0.28,0.29
709907,宜鼎統一66購04,38400,0.4,0.4,0.4,0.4
709908,威剛統一6A購01,0,,,,
709909,建榮統一66購01,3800,0.38,0.38,0.38,0.38
709910,建榮統一6A購03,0,,,,
709911,家登統一66購01,0,,,,
709912,凱崴統一66購01,0,,,,
709913,博智統一6C購01,0,,,,
709914,富喬統一64購02,46640,0.88,0.88,0.88,0.88
709915,富喬統一64購03,62820,0.89,0.89,0.86,0.86
709916,富喬統一66購01,285910,1.25,1.25,1.19,1.2
709917,群聯統一64購02,0,,,,
709918,精材統一66購01,3940,1.96,1.98,1.96,1.98
709919,精材統一6C購01,46320,1.43,1.47,1.43,1.45
709920,臺慶科統一64購02,0,,,,
709921,臺慶科統一66購02,0,,,,
709922,臺慶科統一66購03,0,,,,
709923,臺慶科統一6A購02,0,,,,
709924,廣閎科統一66購01,0,,,,
709925,廣運統一66購01,0,,,,
709926,廣運統一6C購01,0,,,,
709927,優群統一66購02,0,,,,
709928,雙鴻統一64購01,172960,0.81,0.86,0.81,0.86
709929,雙鴻統一65購02,150630,1.34,1.41,1.34,1.34
709930,宏觀國泰61購01,8000,0.4,0.4,0.4,0.4
709931,金益鼎國泰61購01,10400,0.52,0.52,0.52,0.52
709932,立敦台新5C購03,0,,,,
709933,威剛台新5C購01,27900,0.93,0.93,0.93,0.93
709934,威剛台新5C購02,1487660,1.47,1.48,1.47,1.47
709935,威剛台新5C購03,0,,,,
709936,威剛台新61購01,0,,,,
709937,威剛台新62購01,245630,1.81,1.81,1.79,1.79
709938,威剛台新63購01,0,,,,
709939,威剛台新66購01,10700,1.07,1.07,1.07,1.07
709940,茂迪台新5C購01,0,,,,
709941,凱崴台新5C購01,0,,,,
709942,華容台新5C購03,3780,1.26,1.26,1.26,1.26
709943,威剛富邦5C購01,0,,,,
709944,宜鼎永豐61購01,63810,0.49,0.5,0.49,0.5
709945,胡連永豐61購01,204760,0.36,0.37,0.36,0.36
709946,艾訊國票61購01,5700,0.35,0.36,0.35,0.36
709947,良維國票61購01,0,,,,
709948,朋億*國票61購01,0,,,,
709949,東浦國票61購03,0,,,,
709950,茂迪國票61購01,0,,,,
709951,凱崴國票61購03,0,,,,
709952,寶雅國票61購01,257320,1.28,1.32,1.28,1.32
709953,台半群益62購02,0,,,,
709954,中美晶凱基5C購03,5800,1.13,1.18,1.13,1.18
709955,宏觀凱基5C購01,0,,,,
709956,良維凱基5C購04,0,,,,
709957,朋程凱基5C購01,0,,,,
709958,博智凱基5C購04,17500,0.35,0.35,0.35,0.35
709959,群ESG凱基61購01,53000,0.53,0.53,0.53,0.53
709961,緯軟凱基5C購01,0,,,,
709962,世界統一6A購01,109060,0.53,0.54,0.53,0.54
709963,正基統一66購01,0,,,,
709964,立敦統一68購01,0,,,,
709965,宏觀統一6A購01,0,,,,
709966,家登統一6A購01,0,,,,
709967,富喬統一66購02,52500,1.05,1.05,1.05,1.05
709968,晶焱統一6A購01,0,,,,
709969,順達統一6A購01,0,,,,
709970,群聯統一63購03,114390,0.41,0.41,0.41,0.41
709971,群聯國泰61購03,7380,1.23,1.23,1.23,1.23
709972,富喬台新5C購04,0,,,,
709973,世界富邦61購02,510,0.51,0.51,0.51,0.51
709974,立碁富邦5C購01,1583130,1.3,1.57,1.26,1.51
709975,良維富邦61購03,0,,,,
709976,世界元大5C購06,56960,1.05,1.05,1.02,1.02
709977,宜鼎元大5C購09,0,,,,
709978,順達元大5C購08,2010,0.67,0.67,0.67,0.67
709979,臺慶科元大5C購03,0,,,,
709980,雙鴻元大5C購06,686600,1.38,1.47,1.29,1.43
709981,家登永豐5C購02,108080,0.89,0.91,0.89,0.91
709982,漢達永豐61購01,0,,,,
709983,宜鼎元大5C購10,168640,0.34,0.34,0.34,0.34
709984,千附國票61購01,10000,1.0,1.0,1.0,1.0
709985,世禾國票61購01,0,,,,
709986,台特化國票61購02,0,,,,
709987,伯特光國票61購01,190310,0.34,0.35,0.34,0.35
709988,岱稜國票61購01,0,,,,
709989,昇佳電國票61購01,0,,,,
709990,朋億*國票61購02,0,,,,
709991,欣銓國票61購02,14420,1.03,1.03,1.03,1.03
709992,信音國票61購01,24660,0.37,0.37,0.36,0.36
709993,茂綸國票61購01,20630,0.89,0.89,0.8,0.8
709994,新普國票61購01,0,,,,
709995,聖暉*國票61購02,0,,,,
709996,精材國票61購01,0,,,,
709997,綠界*國票61購01,0,,,,
709998,中美晶群益5C購03,9200,0.91,0.93,0.91,0.93
709999,順達群益5C購02,0,,,,
710000,精材群益5C購02,127100,6.25,6.65,6.2,6.65
710001,加高國泰61購01,0,,,,
710002,宜鼎國泰61購05,0,,,,
710003,宜鼎國泰61購06,0,,,,
710004,信音國泰61購01,0,,,,
710005,臺慶科國泰61購02,0,,,,
710006,中美晶凱基5C購04,12960,0.72,0.72,0.72,0.72
710007,台半凱基61購03,0,,,,
710008,宜鼎凱基5C購06,0,,,,
710009,順達凱基5C購04,0,,,,
710010,群聯凱基5C購07,4800,0.24,0.24,0.24,0.24
710011,臺慶科凱基5C購04,0,,,,
710012,雙鴻凱基5C購10,0,,,,
710013,大中統一6A購01,0,,,,
710014,中美晶統一64購02,51490,0.8,0.89,0.8,0.89
710015,朋億*統一63購01,0,,,,
710016,朋億*統一68購01,0,,,,
710017,宣德統一66購01,0,,,,
710018,建榮統一63購01,1440,0.36,0.36,0.36,0.36
710019,凱崴統一63購01,50000,0.2,0.2,0.2,0.2
710020,凱崴統一65購01,0,,,,
710021,博智統一62購03,0,,,,
710022,富喬統一63購01,76100,1.27,1.27,1.26,1.26
710023,富喬統一65購03,34600,1.22,1.23,1.17,1.21
710024,富喬統一6C購02,5693230,0.84,0.87,0.83,0.83
710025,聖暉*統一6A購03,0,,,,
710026,精材統一63購01,0,,,,
710027,雙鴻統一63購02,760370,1.33,1.37,1.29,1.37
710028,穩得統一68購01,0,,,,
710029,佳邦富邦5C購01,0,,,,
710030,宜鼎富邦63購02,0,,,,
710031,富喬富邦63購01,184700,0.91,0.94,0.87,0.88
710032,群聯富邦62購07,0,,,,
710033,群聯富邦62購08,0,,,,
710034,中美晶台新5C購01,446780,1.45,1.46,1.45,1.46
710035,台半台新5C購01,0,,,,
710036,台半台新5C購02,0,,,,
710037,廣閎科台新5C購02,0,,,,
710038,良維永豐5C購04,49700,0.71,0.71,0.71,0.71
710039,朋億*永豐61購01,0,,,,
710040,華景電永豐63購01,5000,0.33,0.34,0.33,0.34
710041,群聯永豐5C購10,0,,,,
710042,群聯永豐5C購11,0,,,,
710043,群聯永豐5C購12,0,,,,
710044,臺慶科永豐5C購02,0,,,,
710045,力致國票61購01,0,,,,
710046,千附國票61購02,0,,,,
710047,中美晶國票61購02,30870,0.93,0.96,0.93,0.96
710048,加高國票61購03,0,,,,
710049,宏碁資國票61購01,363290,0.54,0.66,0.53,0.63
710050,朋億*國票61購03,0,,,,
710051,美琪瑪國票61購01,0,,,,
710052,高鋒國票61購01,0,,,,
710053,博士旺國票5C購02,0,,,,
710054,閎康國票61購02,0,,,,
710055,聖暉*國票61購03,0,,,,
710056,臺慶科國票61購03,0,,,,
710057,廣閎科國票61購03,0,,,,
710058,廣運國票61購01,16500,0.33,0.33,0.33,0.33
710059,營邦國票5C購01,101130,1.77,1.78,1.77,1.78
710060,營邦國票5C購02,28300,1.88,1.98,1.88,1.98
710061,鴻呈國票61購01,0,,,,
710062,中美晶凱基61購04,0,,,,
710063,威剛凱基5C購06,0,,,,
710064,宣德凱基5C購01,0,,,,
710065,精材凱基5C購04,5240,2.62,2.62,2.62,2.62
710066,臺慶科凱基5C購05,0,,,,
710067,廣閎科凱基5C購02,0,,,,
710068,營邦凱基5C購01,30180,1.38,1.38,1.29,1.29
710069,營邦凱基5C購02,17860,1.29,1.29,1.22,1.27
710070,營邦凱基5C購03,57040,1.15,1.15,1.05,1.05
710071,中美晶群益5C購04,38520,0.71,0.77,0.67,0.77
710072,兆利群益5C購01,0,,,,
710073,營邦群益5C購01,1970,1.97,1.97,1.97,1.97
710074,營邦群益5C購02,7160,1.76,1.82,1.76,1.82
710075,世界元大5C購07,28700,0.94,0.94,0.91,0.92
710076,世界元大63購04,720,0.72,0.72,0.72,0.72
710077,宜鼎元大5C購11,0,,,,
710078,威剛元大61購05,0,,,,
710079,廣閎科元大5C購03,237880,0.43,0.43,0.41,0.41
710080,營邦元大5C購01,264280,2.13,2.21,2.02,2.13
710081,凱崴國泰61購01,0,,,,
710082,廣閎科國泰61購01,0,,,,
710083,營邦國泰61購01,819350,3.12,3.12,2.95,2.95
710084,營邦富邦62購01,0,,,,
710085,營邦富邦63購01,672570,0.71,0.72,0.68,0.71
710086,中美晶統一66購03,57130,0.54,0.59,0.54,0.59
710087,台特化統一6C購02,0,,,,
710088,朋程統一65購02,0,,,,
710089,朋億*統一66購01,0,,,,
710090,威剛統一63購01,0,,,,
710091,威剛統一65購05,0,,,,
710092,美琪瑪統一6A購01,0,,,,
710093,華景電統一64購03,0,,,,
710094,群聯統一66購01,920,0.46,0.46,0.46,0.46
710095,聖暉*統一66購01,0,,,,
710096,博智國泰61購01,0,,,,
710097,營邦統一66購01,450640,1.15,1.19,1.11,1.11
710098,營邦統一66購02,0,,,,
710099,營邦統一66購03,0,,,,
710100,營邦統一6C購01,150310,0.91,0.91,0.9,0.9
710101,中美晶台新5C購02,740,0.74,0.74,0.74,0.74
710102,中美晶台新5C購03,6720,3.36,3.36,3.36,3.36
710103,東浦台新5C購02,0,,,,
710104,東浦台新5C購03,0,,,,
710105,勤凱台新5C購01,0,,,,
710106,聖暉*台新5C購02,0,,,,
710107,聖暉*台新5C購03,0,,,,
710108,聖暉*台新5C購04,0,,,,
710109,廣閎科台新5C購03,19200,0.8,0.8,0.8,0.8
710110,銳澤台新5C購01,20740,0.61,0.61,0.61,0.61
710111,騰雲台新5C購01,67210,2.15,2.15,1.98,1.98
710112,中美晶凱基61購05,0,,,,
710113,世界凱基5C購06,0,,,,
710114,宜鼎凱基5C購07,130,0.13,0.13,0.13,0.13
710115,朋億*凱基61購01,0,,,,
710116,威剛凱基5C購07,0,,,,
710117,威剛凱基5C購08,0,,,,
710118,宜鼎元大5C購12,0,,,,
710119,朋億*元大5C購01,0,,,,
710120,東浦元大5C購01,0,,,,
710121,威剛元大5C購04,0,,,,
710122,安碁台新5C購01,571440,0.89,1.05,0.89,0.99
710123,臺慶科台新5C購01,0,,,,
710124,中美晶國票61購03,15100,0.72,0.8,0.72,0.78
710125,宏捷科國票61購01,0,,,,
710126,朋億*國票61購04,0,,,,
710127,東浦國票61購04,0,,,,
710128,宣德國票61購01,0,,,,
710129,能率亞國票61購02,0,,,,
710130,宏捷科中信5C購01,0,,,,
710131,博智中信5C購01,0,,,,
710132,中美晶永豐5C購02,131640,1.03,1.11,0.98,1.11
710133,中美晶永豐5C購03,0,,,,
710134,世界永豐66購01,15200,0.8,0.8,0.8,0.8
710135,亞通永豐64購01,97960,1.97,1.97,1.82,1.82
710136,宣德永豐61購01,0,,,,
710137,博智永豐61購01,0,,,,
710138,中美晶富邦5C購01,226960,0.62,0.69,0.59,0.69
710139,順達富邦62購02,0,,,,
710140,聖暉*富邦5C購03,0,,,,
710141,中美晶中信5C購01,1040,0.33,0.36,0.33,0.36
710142,宏捷科凱基5C購02,0,,,,
710143,富喬凱基5C購05,126640,1.17,1.22,1.06,1.09
710144,群聯凱基5C購08,5500,0.55,0.55,0.55,0.55
710145,廣閎科凱基5C購03,1350,0.27,0.27,0.27,0.27
710146,中美晶台新5C購04,0,,,,
710147,台半台新5C購03,0,,,,
710148,均豪台新5C購01,22610,1.35,1.35,1.29,1.29
710149,均豪台新5C購02,58650,0.95,0.95,0.92,0.95
710150,均豪台新5C購03,0,,,,
710151,宜鼎台新5C購06,0,,,,
710152,凱崴台新5C購02,0,,,,
710153,廣閎科台新5C購04,8580,0.72,0.72,0.69,0.69
710154,台半元大5C購07,0,,,,
710155,宜鼎元大5C購13,0,,,,
710156,威剛元大5C購05,22600,1.13,1.13,1.13,1.13
710158,台半國泰61購01,0,,,,
710159,博智國泰61購02,0,,,,
710160,順達國泰61購01,0,,,,
710161,台半富邦62購04,0,,,,
710162,台半富邦63購02,0,,,,
710163,朋程富邦62購02,0,,,,
710164,朋程富邦63購02,0,,,,
710165,鈊象富邦62購02,860680,0.64,0.64,0.63,0.63
710166,營邦富邦62購02,0,,,,
710167,兆利永豐64購01,2150,0.43,0.43,0.43,0.43
710168,宜鼎永豐63購01,4400,0.4,0.4,0.4,0.4
710169,精確永豐61購01,13700,0.4,0.44,0.4,0.44
710170,雙鴻永豐66購01,206200,1.62,1.7,1.56,1.59
710171,廣閎科國票61購04,0,,,,
710172,台半群益5C購04,10500,0.42,0.42,0.42,0.42
710173,宏捷科群益5C購02,0,,,,
710174,臺慶科群益5C購02,0,,,,
710175,台半凱基5C購04,0,,,,
710176,尼克森凱基5C購01,0,,,,
710177,宏捷科凱基5C購03,0,,,,
710178,朋程凱基5C購02,0,,,,
710179,茂達凱基5C購01,0,,,,
710180,臺慶科凱基5C購06,0,,,,
710181,廣閎科凱基5C購04,0,,,,
710182,大中台新5C購01,0,,,,
710183,台半台新5C購04,0,,,,
710184,宜鼎台新61購02,0,,,,
710185,晶焱台新5C購04,0,,,,
710186,晶焱台新5C購05,0,,,,
710187,廣閎科台新61購01,5700,0.59,0.59,0.55,0.55
710188,中美晶元大5C購11,48640,0.7,0.73,0.7,0.7
710189,台半元大5C購08,0,,,,
710190,宜鼎元大5C購14,0,,,,
710191,威剛元大5C購06,0,,,,
710192,群聯中信64購01,41830,0.23,0.26,0.23,0.26
710193,雙鴻中信66購01,800,0.8,0.8,0.8,0.8
710194,雙鴻中信66購02,536580,1.03,1.08,0.99,1.01
710195,大中永豐64購01,0,,,,
710196,台半永豐64購01,0,,,,
710197,尼克森永豐64購01,0,,,,
710198,信紘科永豐64購01,987750,0.34,0.41,0.34,0.41
710199,家登永豐64購01,70760,1.08,1.09,1.08,1.09
710200,富喬永豐5C購02,87110,1.5,1.53,1.48,1.48
710201,鈊象永豐61購01,0,,,,
710202,鴻呈永豐61購01,28320,0.48,0.48,0.48,0.48
710203,世禾國票61購02,0,,,,
710204,世紀*國票61購01,39300,4.8,5.1,4.8,5.1
710205,亞泰國票61購01,0,,,,
710206,矽科國票61購01,0,,,,
710207,茂迪國票61購02,0,,,,
710208,茂達國票61購01,0,,,,
710209,崧騰國票61購01,0,,,,
710210,統振國票61購01,0,,,,
710211,博盛國票61購01,0,,,,
710212,閎康國票61購03,0,,,,
710213,萬泰科國票61購01,0,,,,
710214,漢達國票61購01,0,,,,
710215,臺慶科國票61購04,0,,,,
710216,廣閎科國票61購05,0,,,,
710217,聰泰國票61購01,740,0.37,0.37,0.37,0.37
710218,能率亞國泰61購01,18000,0.9,0.9,0.9,0.9
710219,能率國泰61購01,0,,,,
710220,廣閎科國泰61購02,0,,,,
710221,凡甲富邦63購01,0,,,,
710222,立碁富邦5C購02,141120,1.96,1.96,1.96,1.96
710223,智通*富邦62購02,9800,0.7,0.7,0.7,0.7
710224,宜鼎群益5C購05,0,,,,
710225,威剛群益5C購07,0,,,,
710226,威剛群益62購02,0,,,,
710227,宣德群益5C購01,0,,,,
710228,家登群益63購01,890980,1.02,1.04,1.0,1.03
710229,凱崴群益5C購01,0,,,,
710230,博智群益5C購01,0,,,,
710231,富喬群益5C購04,0,,,,
710232,群聯群益5C購08,7600,0.76,0.76,0.76,0.76
710233,群聯群益5C購09,14500,0.35,0.37,0.35,0.37
710234,群聯群益61購05,42080,0.74,0.78,0.74,0.78
710235,雙鴻群益62購02,169200,5.8,6.2,5.6,5.6
710236,威剛中信66購01,0,,,,
710237,富喬中信66購01,21300,0.71,0.71,0.71,0.71
710238,大中永豐5C購01,0,,,,
710239,中光電永豐61購01,0,,,,
710240,世界永豐5C購02,30700,0.38,0.41,0.38,0.41
710241,台半永豐61購03,0,,,,
710242,宜鼎永豐61購02,0,,,,
710243,原相永豐61購01,0,,,,
710244,達航永豐63購01,0,,,,
710245,漢達永豐64購01,0,,,,
710246,台半元大5C購09,0,,,,
710247,台半元大63購03,0,,,,
710249,佳邦元大5C購01,0,,,,
710250,朋程元大5C購02,0,,,,
710251,欣銓元大5C購02,139880,1.33,1.39,1.28,1.39
710252,欣銓元大5C購03,196320,1.04,1.04,1.03,1.04
710253,家登元大5C購05,21770,1.01,1.01,0.98,0.98
710254,家登元大66購01,0,,,,
710255,臺慶科元大5C購05,0,,,,
710256,台半國票61購04,0,,,,
710257,台半國票61購05,1600,0.16,0.16,0.16,0.16
710258,青雲國票5C購01,66000,0.44,0.44,0.44,0.44
710259,大中台新61購01,224550,0.45,0.45,0.45,0.45
710260,台半台新5C購05,0,,,,
710261,晶焱台新5C購06,0,,,,
710262,漢達台新5C購01,0,,,,
710263,臺慶科台新5C購03,0,,,,
710264,世界凱基5C購07,2100,0.21,0.21,0.21,0.21
710265,台半凱基5C購05,280,0.14,0.14,0.14,0.14
710266,朋程凱基5C購03,0,,,,
710267,富喬凱基63購01,55370,0.75,0.75,0.67,0.68
710268,群聯凱基5C購09,10000,0.24,0.26,0.24,0.26
710269,漢達凱基5C購01,71190,1.92,1.93,1.78,1.93
710270,精材凱基63購01,1388710,1.14,1.23,1.08,1.23
710271,世界國泰61購01,66300,0.85,0.85,0.85,0.85
710272,穩得國泰61購01,0,,,,
710273,中光電富邦62購02,15280,0.37,0.38,0.37,0.38
710274,台半富邦63購03,0,,,,
710275,朋程富邦63購03,0,,,,
710276,FH中5G群益5C購01,0,,,,
710277,大中群益5C購01,0,,,,
710278,中光電群益5C購01,12950,0.51,0.54,0.51,0.54
710279,中光電群益5C購02,0,,,,
710280,世界群益5C購04,84000,0.56,0.56,0.56,0.56
710281,台半群益62購03,0,,,,
710282,尼克森群益61購01,0,,,,
710283,宏捷科群益5C購03,0,,,,
710284,朋程群益5C購01,0,,,,
710285,茂達群益5C購01,0,,,,
710286,榮剛群益61購01,3980,0.36,0.38,0.36,0.38
710287,精材群益61購01,73980,2.36,2.36,2.29,2.29
710288,世界元大5C購08,340880,0.33,0.34,0.31,0.31
710289,朋程元大5C購03,770,0.11,0.11,0.11,0.11
710290,博盛元大5C購01,0,,,,
710291,世界台新5C購01,0,,,,
710292,萬泰科台新5C購01,0,,,,
710293,大中國票5C購01,0,,,,
710294,天品國票5C購01,61690,0.53,0.65,0.53,0.65
710295,世界國票61購02,0,,,,
710296,立碁國票61購01,1070850,1.9,2.22,1.9,2.13
710297,亞通國票5C購01,2355580,2.47,2.47,2.02,2.06
710298,朋程國票5C購02,0,,,,
710299,杰力國票61購02,0,,,,
710300,博盛國票61購02,0,,,,
710301,晶宏國票61購01,5000,1.0,1.0,1.0,1.0
710302,漢達國票63購01,14980,1.55,1.67,1.47,1.67
710303,寶雅國票61購02,32170,0.93,0.95,0.93,0.94
710304,大中凱基5C購01,0,,,,
710305,中光電凱基5C購01,0,,,,
710306,中光電凱基5C購02,23500,0.16,0.16,0.15,0.15
710307,世界凱基63購02,0,,,,
710308,宏捷科凱基5C購04,0,,,,
710309,欣銓凱基5C購01,14610,0.63,0.75,0.63,0.75
710310,青雲凱基5C購01,30000,0.34,0.36,0.34,0.36
710311,威剛凱基61購02,0,,,,
710312,茂達凱基5C購02,0,,,,
710313,家登凱基5C購04,0,,,,
710314,家登凱基5C購05,14400,0.24,0.24,0.24,0.24
710315,臺慶科凱基5C購07,0,,,,
710316,聖暉*群益5C購03,0,,,,
710317,台嘉碩國泰61購01,3510,1.17,1.17,1.17,1.17
710318,宜鼎國泰62購01,0,,,,
710319,朋程國泰61購01,0,,,,
710320,原相國泰61購01,0,,,,
710321,博盛國泰61購01,17800,0.58,0.6,0.58,0.6
710322,世界富邦5C購04,0,,,,
710323,宜鼎富邦5C購05,1600,0.08,0.08,0.08,0.08
710324,信紘科永豐5C購01,0,,,,
710325,順達永豐5C購02,0,,,,
710326,順達永豐5C購03,0,,,,
710327,順達永豐5C購04,0,,,,
710328,群聯永豐64購06,0,,,,
710329,群聯永豐66購01,0,,,,
710330,鴻呈永豐5C購01,82000,0.41,0.41,0.41,0.41
710331,中光電台新5C購01,0,,,,
710332,中光電台新5C購02,57070,0.17,0.19,0.17,0.18
710333,亞信台新5C購01,0,,,,
710334,精材台新61購01,33910,3.49,3.49,3.3,3.35
710335,精材台新61購02,34490,3.09,3.19,3.09,3.19
710336,亞通凱基5C購01,81800,2.4,2.4,1.84,1.84
710337,朋程凱基5C購04,0,,,,
710338,聖暉*凱基5C購03,0,,,,
710339,宜鼎元大5C購15,306180,0.47,0.48,0.47,0.48
710340,富喬元大65購01,1509500,1.57,1.6,1.57,1.57
710341,漢達元大5C購01,918030,1.51,1.82,1.51,1.69
710342,精材元大5C購05,182900,2.96,3.02,2.78,3.02
710343,臺慶科元大5C購06,0,,,,
710344,宜特永豐64購01,0,,,,
710345,朋程永豐5C購03,0,,,,
710346,朋程永豐5C購04,0,,,,
710347,威剛永豐64購02,0,,,,
710348,威剛永豐66購01,0,,,,
710349,富喬永豐5C購03,138120,1.14,1.14,1.13,1.13
710350,漢達永豐5C購01,538320,1.54,1.7,1.52,1.64
710351,雙鴻永豐63購03,242180,1.62,1.68,1.6,1.68
710352,寶雅永豐5C購01,79750,0.99,1.0,0.99,1.0
710353,鏵友益永豐64購01,3330,0.37,0.37,0.37,0.37
710354,精材中信64購01,46440,1.04,1.04,0.98,1.0
710355,大世科國票61購01,0,,,,
710356,元山國票61購01,0,,,,
710357,世界國票61購03,0,,,,
710358,安葆國票61購01,16800,1.12,1.12,1.12,1.12
710359,亞信國票61購01,6000,0.4,0.4,0.4,0.4
710360,明安國票61購01,0,,,,
710361,桓達國票61購01,0,,,,
710362,神準國票61購01,6660,0.37,0.37,0.37,0.37
710363,晶焱國票5C購02,0,,,,
710364,智擎國票61購01,0,,,,
710365,聖暉*國票61購04,0,,,,
710366,漢達國票65購01,260910,1.83,1.83,1.41,1.5
710367,精材國票61購02,932940,2.03,2.07,1.92,2.07
710368,鈊象群益5C購01,44290,1.03,1.03,1.03,1.03
710369,富喬國泰61購01,48690,1.49,1.49,1.41,1.41
710370,漢達國泰61購02,0,,,,
710371,世界凱基5C購08,0,,,,
710372,宜鼎凱基5C購08,0,,,,
710373,群聯凱基5C購10,65810,0.4,0.47,0.4,0.47
710374,群聯凱基61購06,11600,0.56,0.6,0.56,0.6
710375,精材凱基5C購05,113250,1.97,2.01,1.83,2.01
710376,世界台新5C購03,0,,,,
710377,巨有台新5C購01,39650,3.5,3.95,3.5,3.95
710378,巨有台新5C購02,6300,3.1,3.2,3.1,3.2
710379,東浦台新5C購04,0,,,,
710380,東浦台新5C購05,0,,,,
710381,杰力台新5C購01,0,,,,
710382,青雲台新5C購01,142160,0.41,0.44,0.41,0.44
710383,能率亞台新5C購01,0,,,,
710384,中光電元大5C購01,0,,,,
710385,宜鼎元大5C購16,197540,0.39,0.4,0.39,0.4
710386,富喬元大65購02,365410,1.51,1.56,1.44,1.47
710387,精材元大5C購06,126360,3.19,3.28,3.06,3.28
710388,精材元大5C購07,245310,2.26,2.46,2.06,2.31
710389,精材元大61購08,134630,2.74,2.79,2.59,2.79
710390,精材元大61購09,170010,2.67,2.76,2.58,2.75
710391,精材元大63購04,54750,2.45,2.45,2.36,2.36
710392,世界中信63購01,0,,,,
710393,久元永豐5C購03,0,,,,
710394,久元永豐5C購04,0,,,,
710395,世禾永豐5C購01,21460,0.58,0.58,0.58,0.58
710396,世界永豐5C購03,3400,0.17,0.17,0.17,0.17
710397,巨有永豐5C購02,430600,1.42,1.64,1.42,1.64
710398,安勤永豐63購01,9920,0.62,0.62,0.62,0.62
710399,均豪永豐5C購03,77040,1.26,1.28,1.26,1.28
710400,均豪永豐5C購04,53750,1.33,1.33,1.31,1.31
710401,宏觀永豐5C購02,30800,0.44,0.44,0.44,0.44
710402,宏觀永豐5C購03,0,,,,
710403,晶焱永豐5C購01,0,,,,
710404,晶焱永豐5C購02,0,,,,
710405,智通*永豐63購01,0,,,,
710406,湧德永豐5C購01,56390,0.62,0.62,0.61,0.61
710407,湧德永豐5C購02,15950,0.55,0.55,0.55,0.55
710408,聖暉*永豐5C購03,0,,,,
710409,聖暉*永豐5C購04,0,,,,
710410,精材永豐5C購03,0,,,,
710411,精材永豐5C購04,0,,,,
710412,精材永豐63購02,19950,3.99,3.99,3.99,3.99
710413,優群永豐5C購02,0,,,,
710414,雙鴻永豐5C購05,63350,2.03,2.05,2.03,2.05
710415,世界國票61購04,0,,,,
710416,巨有國票5C購01,40600,1.93,2.13,1.93,2.13
710417,巨有國票5C購02,236220,1.72,1.77,1.72,1.77
710418,宇峻國票61購01,0,,,,
710419,安勤國票61購02,0,,,,
710420,青雲國票5C購02,34810,0.3,0.32,0.3,0.32
710421,能率國票61購01,0,,,,
710422,精材國票61購03,214740,1.94,2.01,1.8,1.99
710423,鑫科國票5C購01,0,,,,
710424,巨有群益5C購01,91500,2.86,3.28,2.86,3.28
710425,智通*群益5C購01,0,,,,
710426,智通*群益63購01,4650,1.55,1.55,1.55,1.55
710427,東浦國泰61購01,54000,0.45,0.45,0.45,0.45
710428,杰力國泰61購01,0,,,,
710429,精材國泰61購01,27790,3.97,3.97,3.97,3.97
710430,威剛富邦5C購02,0,,,,
710431,精材富邦5C購01,650240,1.34,1.43,1.25,1.43
710432,安勤凱基62購01,19000,0.38,0.38,0.38,0.38
710433,系微凱基5C購01,490,0.24,0.25,0.24,0.25
710434,宜鼎凱基5C購09,4000,0.4,0.4,0.4,0.4
710435,能率凱基62購01,5800,0.29,0.29,0.29,0.29
710436,富喬凱基63購02,17170,1.46,1.47,1.38,1.38
710437,智通*凱基5C購01,0,,,,
710438,群聯凱基5C購11,668970,0.37,0.44,0.35,0.44
710439,群聯凱基5C購12,74510,0.46,0.53,0.46,0.53
710440,鑫科凱基5C購01,0,,,,
710441,中美晶元大5C購12,8030,1.59,1.62,1.59,1.62
710442,世界元大66購03,13120,0.82,0.82,0.82,0.82
710443,宜鼎元大5C購17,80080,0.77,0.77,0.77,0.77
710444,能率亞元大5C購01,6300,0.63,0.63,0.63,0.63
710445,富喬元大5C購04,289050,1.18,1.22,1.1,1.12
710446,智通*元大5C購01,197630,0.81,0.84,0.81,0.84
710447,智通*元大5C購02,0,,,,
710448,智通*元大63購01,0,,,,
710449,五福國票64購01,60000,0.3,0.3,0.3,0.3
710450,璟德國票64購01,0,,,,
710451,磐儀國票64購01,0,,,,
710452,中光電國票61購01,0,,,,
710453,宜鼎國票62購01,0,,,,
710454,竹陞國票64購01,7100,0.71,0.71,0.71,0.71
710455,崴寶國票64購01,14550,0.97,0.97,0.97,0.97
710456,富強鑫國票62購01,562500,1.16,1.23,1.08,1.1
710457,千附國票64購01,34600,0.69,0.7,0.69,0.7
710458,智通*國票61購01,0,,,,
710459,智通*國票61購02,0,,,,
710460,久元永豐5C購05,0,,,,
710461,久元永豐63購01,0,,,,
710462,久元永豐66購01,0,,,,
710463,中光電永豐5C購01,0,,,,
710464,系統電永豐5C購02,0,,,,
710465,營邦永豐5C購01,34170,2.01,2.01,2.01,2.01
710466,營邦永豐5C購02,34400,1.7,1.74,1.7,1.74
710467,宏觀台新5C購02,138000,0.46,0.46,0.46,0.46
710468,聖暉*台新5C購06,0,,,,
710469,聖暉*台新5C購07,0,,,,
710470,能率國泰63購01,0,,,,
710471,久元富邦63購01,0,,,,
710472,原相富邦5C購01,0,,,,
710473,達航富邦62購01,0,,,,
710474,營邦富邦63購02,0,,,,
710475,營邦富邦63購03,5950,1.19,1.19,1.19,1.19
710476,巨有群益5C購02,72310,2.23,2.32,2.23,2.32
710477,世界元大61購01,205670,0.68,0.68,0.62,0.65
710478,世界元大66購04,117700,0.81,0.82,0.79,0.81
710479,世界元大67購01,43980,0.76,0.76,0.75,0.76
710480,巨有元大61購01,125110,1.19,1.34,1.07,1.34
710481,宜鼎元大61購05,16520,0.68,0.69,0.68,0.69
710482,富喬元大61購06,678270,1.35,1.41,1.28,1.38
710483,富喬元大62購01,333340,1.25,1.3,1.22,1.22
710484,富喬元大62購02,1741140,1.38,1.42,1.3,1.32
710485,臺慶科元大61購01,0,,,,
710486,千附精台新61購01,214000,1.07,1.07,1.07,1.07
710487,元太台新61購01,0,,,,
710488,竹陞台新61購01,2050,0.99,1.06,0.99,1.06
710489,譜瑞台新61購01,242820,0.97,1.04,0.97,1.04
710490,譜瑞台新61購02,8900,0.89,0.89,0.89,0.89
710491,千附精凱基61購01,64760,0.72,0.87,0.72,0.87
710492,千附精凱基61購02,4120,0.68,0.72,0.68,0.72
710493,中光電凱基61購01,0,,,,
710494,元太凱基61購02,72700,0.1,0.1,0.09,0.1
710495,元太凱基61購03,0,,,,
710496,元太凱基61購04,0,,,,
710497,元太凱基61購05,0,,,,
710498,元太凱基61購06,0,,,,
710499,世紀*凱基61購01,146400,6.1,6.1,6.1,6.1
710500,竹陞凱基61購01,1443880,0.75,0.94,0.72,0.9
710501,原相凱基61購01,24800,0.17,0.18,0.17,0.18
710502,譜瑞凱基61購02,76470,0.65,0.69,0.65,0.69
710503,譜瑞凱基61購03,134960,0.58,0.62,0.58,0.62
710504,譜瑞凱基61購04,80600,0.52,0.52,0.52,0.52
710505,譜瑞凱基61購05,0,,,,
710506,千附精群益61購01,15160,0.68,0.93,0.68,0.93
710507,譜瑞群益61購01,99410,0.47,0.49,0.47,0.49
710508,91APP*國票62購01,0,,,,
710509,千附精國票62購01,0,,,,
710510,世紀*國票62購01,72250,4.0,4.1,3.7,4.1
710511,竹陞國票62購01,127300,0.57,0.68,0.57,0.67
710512,宜鼎國票62購02,0,,,,
710513,長佳智國票62購01,0,,,,
710514,長聖國票62購01,0,,,,
710515,威剛國票62購02,0,,,,
710516,建榮國票61購01,18500,0.37,0.37,0.37,0.37
710517,昱展國票62購01,6660,0.37,0.37,0.37,0.37
710518,茂迪國票62購01,0,,,,
710519,訊聯國票62購01,0,,,,
710520,博士旺國票61購01,0,,,,
710521,精星國票62購01,0,,,,
710522,雙鴻國票62購01,0,,,,
710523,譜瑞國票62購01,0,,,,
710524,元太中信61購01,0,,,,
710525,久元永豐64購01,0,,,,
710526,大江永豐61購01,67530,0.51,0.51,0.5,0.51
710527,元太永豐61購02,0,,,,
710528,元太永豐61購03,0,,,,
710529,邑錡永豐64購01,0,,,,
710530,威剛永豐61購04,0,,,,
710531,威剛永豐61購05,0,,,,
710532,鈊象永豐65購01,4000,0.8,0.8,0.8,0.8
710533,勤凱永豐65購01,0,,,,
710534,新普永豐61購01,19120,0.92,0.92,0.9,0.9
710535,譜瑞永豐61購01,44010,0.39,0.42,0.39,0.42
710536,譜瑞永豐61購02,0,,,,
710537,譜瑞永豐61購03,0,,,,
710538,譜瑞永豐61購04,0,,,,
710539,譜瑞永豐64購01,305820,0.86,0.9,0.86,0.9
710540,譜瑞永豐64購02,142040,0.72,0.76,0.72,0.76
710541,譜瑞永豐67購01,61940,1.19,1.22,1.19,1.22
710542,久元國泰62購01,19000,0.76,0.76,0.76,0.76
710543,久元國泰62購02,0,,,,
710544,中光電國泰62購01,0,,,,
710545,巨有國泰62購01,337770,2.75,3.02,2.5,3.02
710546,竹陞國泰62購01,579140,1.66,1.99,1.6,1.91
710547,青雲國泰62購01,90790,0.69,0.7,0.66,0.68
710548,青雲國泰62購02,37800,0.54,0.54,0.54,0.54
710549,智通*國泰62購01,100800,1.05,1.05,1.05,1.05
710550,元太富邦64購01,0,,,,
710551,安勤富邦62購01,58480,0.43,0.43,0.43,0.43
710552,譜瑞富邦63購01,0,,,,
710553,譜瑞富邦64購01,214820,0.46,0.46,0.46,0.46
710554,宜鼎中信61購02,0,,,,
710555,中光電永豐61購02,0,,,,
710556,竹陞永豐61購01,18310,1.37,1.42,1.37,1.42
710557,竹陞永豐64購01,0,,,,
710558,竹陞永豐65購01,430340,0.87,1.04,0.86,1.04
710559,均豪永豐64購01,37720,0.82,0.82,0.82,0.82
710560,宏捷科永豐61購01,0,,,,
710561,宜鼎永豐61購03,0,,,,
710562,宜鼎永豐64購02,0,,,,
710563,威剛永豐61購06,0,,,,
710564,威剛永豐61購07,0,,,,
710565,茂達永豐61購02,0,,,,
710566,家登永豐61購02,116120,1.16,1.22,1.16,1.22
710567,富喬永豐61購03,70410,0.72,0.72,0.69,0.69
710568,富喬永豐66購02,99840,1.12,1.12,1.09,1.09
710569,群翊永豐61購01,3780,0.63,0.63,0.63,0.63
710570,群聯永豐61購02,0,,,,
710571,群聯永豐61購03,21600,0.36,0.36,0.36,0.36
710572,群聯永豐65購06,0,,,,
710573,雙鴻永豐61購05,334600,2.15,2.33,2.07,2.33
710574,雙鴻永豐66購02,95370,2.11,2.19,2.11,2.13
710575,雙鴻永豐67購01,513520,2.87,3.03,2.86,2.89
710576,中光電元大61購01,0,,,,
710577,中光電元大61購02,0,,,,
710578,中光電元大61購03,19600,0.64,0.67,0.64,0.67
710579,世界元大64購08,248810,0.42,0.42,0.38,0.38
710580,世界元大66購05,118420,0.38,0.38,0.37,0.37
710581,均豪元大61購01,76870,0.36,0.37,0.36,0.36
710582,宏捷科元大67購01,191260,0.62,0.64,0.62,0.64
710583,佳邦元大61購01,0,,,,
710584,欣銓元大61購01,456730,1.37,1.44,1.26,1.44
710585,原相元大61購01,1320,0.44,0.44,0.44,0.44
710586,富喬元大64購03,213040,0.83,0.83,0.8,0.81
710587,富喬元大65購03,1672870,0.96,0.98,0.92,0.93
710588,群聯元大64購06,0,,,,
710589,臺慶科元大61購02,0,,,,
710590,中美晶群益64購01,25220,0.63,0.71,0.63,0.69
710591,竹陞群益61購01,350560,0.47,0.6,0.46,0.6
710592,均豪群益61購01,128850,1.12,1.12,1.09,1.09
710593,佳邦群益61購01,0,,,,
710594,宜特群益61購01,0,,,,
710595,青雲群益62購01,20300,2.01,2.06,2.01,2.06
710596,臺慶科群益61購01,0,,,,
710597,中美晶國泰63購01,147600,1.29,1.39,1.29,1.39
710598,家登國泰62購01,226360,1.02,1.05,1.01,1.05
710599,凡甲富邦63購02,195760,0.4,0.41,0.4,0.41
710600,中光電富邦63購01,0,,,,
710601,宏觀富邦63購01,453410,0.32,0.33,0.32,0.33
710602,茂達富邦63購01,0,,,,
710603,耕興富邦63購01,34500,0.46,0.46,0.46,0.46
710604,湧德富邦63購01,167850,0.56,0.56,0.55,0.55
710605,中光電凱基61購02,7800,0.13,0.13,0.13,0.13
710606,巨有凱基61購01,210940,1.15,1.18,0.93,1.15
710607,宜鼎凱基61購01,53870,0.16,0.17,0.16,0.17
710608,富喬凱基61購04,78760,0.92,0.94,0.86,0.9
710609,臺慶科凱基61購02,0,,,,
710610,雙鴻凱基64購01,0,,,,
710611,中美晶台新61購02,1480,1.48,1.48,1.48,1.48
710612,宜特台新61購02,0,,,,
710613,宜鼎台新61購03,0,,,,
710614,原相台新61購01,10050,0.67,0.67,0.67,0.67
710615,原相台新61購02,0,,,,
710616,原相台新61購03,1650,0.33,0.33,0.33,0.33
710617,鈊象台新61購01,15600,0.6,0.6,0.6,0.6
710618,群聯台新61購01,39160,0.89,0.89,0.89,0.89
710619,九暘元大61購01,14450,0.41,0.42,0.41,0.42
710620,中光電元大61購04,0,,,,
710621,台嘉碩元大61購01,0,,,,
710622,安可元大61購01,0,,,,
710623,竹陞元大61購01,150050,0.63,0.74,0.63,0.74
710624,宜鼎元大61購06,368480,0.56,0.56,0.56,0.56
710625,松上元大61購01,0,,,,
710626,品安元大61購01,0,,,,
710628,晟田元大61購01,11840,1.48,1.48,1.48,1.48
710629,堡達元大61購01,0,,,,
710630,富喬元大61購08,1931070,1.0,1.0,0.93,0.94
710631,富喬元大64購04,1082590,0.81,0.85,0.78,0.79
710632,碩禾元大61購03,2400,0.12,0.12,0.12,0.12
710633,臺慶科元大64購01,70180,0.58,0.58,0.58,0.58
710634,臺慶科元大67購01,0,,,,
710635,寶雅元大61購01,4560,1.52,1.52,1.52,1.52
710636,川寶國票65購01,0,,,,
710637,中美晶國票61購04,0,,,,
710638,中裕國票65購01,1110,0.54,0.57,0.54,0.57
710639,日揚國票65購01,0,,,,
710640,安可國票61購01,38000,0.22,0.23,0.21,0.22
710641,金雨國票65購01,0,,,,
710642,品安國票65購01,0,,,,
710643,威潤國票65購01,29000,0.29,0.29,0.29,0.29
710644,茂達國票65購01,0,,,,
710645,泰藝國票61購01,0,,,,
710646,晟田國票61購01,337140,0.97,1.18,0.97,1.18
710647,崇越電國票65購01,0,,,,
710648,富強鑫國票65購01,61810,1.0,1.0,0.87,0.87
710649,瑞耘國票65購01,70490,0.81,0.82,0.81,0.82
710650,精拓科國票65購01,100900,0.57,0.61,0.57,0.6
710651,廣積國票65購01,0,,,,
710652,璟德國票65購01,0,,,,
710653,中光電群益61購01,0,,,,
710654,中美晶群益63購01,61280,0.68,0.76,0.68,0.76
710655,世紀*群益62購01,0,,,,
710656,台嘉碩群益61購01,0,,,,
710657,台嘉碩群益61購02,0,,,,
710658,巨漢群益61購01,1800,0.3,0.3,0.3,0.3
710659,宜鼎群益61購01,540,0.54,0.54,0.54,0.54
710660,東浦群益61購01,0,,,,
710661,東浦群益61購02,0,,,,
710662,國眾群益64購01,0,,,,
710663,堡達群益61購01,0,,,,
710664,晶宏群益61購01,83800,1.21,1.22,1.18,1.18
710665,陽程群益61購01,0,,,,
710666,九暘凱基61購01,11220,0.22,0.22,0.22,0.22
710667,川寶凱基61購01,49000,0.38,0.38,0.36,0.36
710668,中美晶凱基61購06,0,,,,
710669,日揚凱基61購01,0,,,,
710670,世界凱基66購01,0,,,,
710671,加高凱基61購01,0,,,,
710672,加高凱基61購02,0,,,,
710673,台嘉碩凱基61購01,0,,,,
710674,台嘉碩凱基61購02,0,,,,
710675,全宇昕凱基61購01,34720,0.56,0.56,0.56,0.56
710676,邑錡凱基61購01,0,,,,
710677,奇鈦科凱基61購01,1050,0.21,0.21,0.21,0.21
710678,東浦凱基61購01,0,,,,
710679,杰力凱基61購01,0,,,,
710680,茂達凱基61購01,0,,,,
710681,泰藝凱基61購01,0,,,,
710682,高僑凱基61購01,0,,,,
710683,崇越電凱基61購01,14410,0.53,0.54,0.53,0.54
710684,堡達凱基61購01,0,,,,
710685,晶宏凱基61購01,264310,1.24,1.24,1.18,1.19
710686,越峰凱基61購01,0,,,,
710687,陽程凱基61購02,228600,2.5,2.98,2.5,2.86
710688,碩禾凱基61購01,7300,0.12,0.13,0.12,0.13
710689,中光電台新61購01,1380,0.23,0.23,0.23,0.23
710690,中光電台新61購02,0,,,,
710691,中美晶台新61購03,0,,,,
710692,中美晶台新63購02,0,,,,
710693,世界台新61購01,3700,0.37,0.37,0.37,0.37
710694,台嘉碩台新61購01,0,,,,
710695,台嘉碩台新61購02,0,,,,
710696,巨漢台新61購01,0,,,,
710697,巨漢台新61購02,0,,,,
710698,全宇昕台新61購01,29500,0.59,0.59,0.59,0.59
710699,欣銓台新61購01,34960,0.76,0.76,0.76,0.76
710700,欣銓台新61購02,151690,0.77,0.77,0.77,0.77
710701,威剛台新61購02,0,,,,
710702,家登台新61購01,60520,0.68,0.68,0.68,0.68
710703,家登台新64購01,14960,0.88,0.88,0.88,0.88
710704,威剛中信61購01,0,,,,
710705,九暘永豐61購01,2750,0.28,0.28,0.27,0.27
710706,久禾光永豐61購01,0,,,,
710707,川寶永豐61購01,0,,,,
710708,加高永豐61購01,0,,,,
710709,台嘉碩永豐61購01,0,,,,
710710,巨漢永豐61購01,0,,,,
710711,立盈永豐61購01,0,,,,
710712,全宇昕永豐61購01,0,,,,
710713,利機永豐61購01,28310,0.74,0.77,0.74,0.77
710714,良維永豐61購01,112020,0.71,0.75,0.71,0.75
710715,奇鈦科永豐61購01,18700,0.17,0.17,0.17,0.17
710716,奇鈦科永豐61購02,1050,0.21,0.21,0.21,0.21
710717,東浦永豐61購01,0,,,,
710718,杰力永豐61購01,0,,,,
710719,欣銓永豐64購02,88400,0.75,0.8,0.75,0.8
710720,信音永豐61購01,0,,,,
710721,泰藝永豐61購01,0,,,,
710722,泰藝永豐61購02,0,,,,
710723,崇越電永豐61購01,8150,0.54,0.55,0.54,0.55
710724,崇越電永豐61購02,0,,,,
710725,堡達永豐61購01,0,,,,
710726,堡達永豐64購01,0,,,,
710727,晶宏永豐61購01,61190,1.46,1.46,1.42,1.42
710728,華洋永豐61購01,41800,0.38,0.38,0.38,0.38
710729,越峰永豐61購01,5040,0.09,0.09,0.09,0.09
710730,陽程永豐61購01,0,,,,
710731,碩禾永豐61購01,0,,,,
710732,精星永豐61購01,980,0.49,0.49,0.49,0.49
710733,寬魚永豐61購01,0,,,,
710734,寬魚永豐61購02,0,,,,
710735,威剛國泰62購01,0,,,,
710736,立碁富邦61購01,47630,1.78,1.95,1.78,1.94
710737,均豪富邦61購02,0,,,,
710738,中光電國票61購02,0,,,,
710739,中美晶國票65購01,18900,0.91,0.98,0.91,0.98
710740,竹陞國票65購01,34720,0.8,0.86,0.8,0.86
710741,松上國票61購01,1300,0.13,0.13,0.13,0.13
710742,欣銓國票61購03,25800,0.86,0.86,0.86,0.86
710743,青雲國票61購01,75080,1.19,1.24,1.19,1.24
710744,盈正國票65購01,18000,0.45,0.45,0.45,0.45
710745,茂達國票65購02,0,,,,
710746,家登國票61購01,0,,,,
710747,堡達國票61購01,0,,,,
710748,翔名國票65購01,0,,,,
710749,華洋國票65購01,0,,,,
710750,勤凱國票61購01,0,,,,
710751,頎邦國票65購01,881500,0.99,1.05,0.98,1.01
710752,璟德國票61購01,0,,,,
710753,擎邦國票61購01,0,,,,
710754,耀穎國票65購01,775440,0.69,0.81,0.69,0.78
710756,大中元大67購01,0,,,,
710758,佳邦元大61購02,0,,,,
710761,華景電元大64購01,105000,0.42,0.42,0.42,0.42
710762,聖暉*元大61購02,0,,,,
710763,頎邦元大61購01,25840,1.13,1.23,1.13,1.23
710764,璟德元大61購02,0,,,,
710765,大中凱基61購01,0,,,,
710766,竹陞凱基61購02,2636400,0.29,0.4,0.28,0.39
710767,宜特凱基61購03,9000,0.09,0.09,0.09,0.09
710768,欣銓凱基61購02,7640,1.12,1.36,1.12,1.36
710769,茂達凱基61購02,0,,,,
710770,富喬凱基61購05,479100,1.06,1.23,1.06,1.1
710771,聖暉*凱基61購02,0,,,,
710772,璟德凱基64購01,0,,,,
710773,中美晶永豐61購01,29300,0.73,0.74,0.73,0.74
710774,中美晶永豐61購02,0,,,,
710775,元太永豐61購04,0,,,,
710776,台嘉碩永豐61購02,0,,,,
710777,竹陞永豐63購01,70400,0.88,0.88,0.88,0.88
710778,宜鼎永豐66購01,8200,0.82,0.82,0.82,0.82
710779,昇佳電永豐61購01,0,,,,
710780,茂達永豐64購01,0,,,,
710781,能率亞永豐61購01,0,,,,
710782,高僑永豐61購01,0,,,,
710783,閎康永豐61購02,470,0.47,0.47,0.47,0.47
710784,新漢永豐61購01,0,,,,
710785,頎邦永豐61購02,1625690,0.74,0.99,0.74,0.99
710786,頎邦永豐64購01,44510,1.24,1.55,1.24,1.3
710787,璟德永豐61購02,0,,,,
710788,寶雅永豐61購01,121240,0.6,0.62,0.6,0.62
710789,大中台新61購02,0,,,,
710790,巨有台新61購01,546200,1.02,1.25,1.02,1.25
710791,立碁台新61購01,374980,2.09,2.12,2.09,2.12
710792,竹陞台新61購02,341690,0.65,0.8,0.63,0.8
710793,宜鼎台新61購04,990,0.33,0.33,0.33,0.33
710794,晟田台新61購01,49100,0.82,0.92,0.8,0.92
710795,新漢台新61購01,0,,,,
710796,新漢台新64購01,0,,,,
710797,群聯台新61購02,0,,,,
710798,中美晶富邦61購02,440,0.44,0.44,0.44,0.44
710799,欣銓富邦61購01,1620,0.54,0.54,0.54,0.54
710800,陽程富邦61購01,138100,1.86,2.08,1.86,2.05
710801,頎邦富邦63購01,67520,0.65,0.67,0.65,0.66
710802,頎邦富邦64購01,88250,0.68,0.7,0.67,0.68
710803,久元群益63購01,0,,,,
710804,大中群益61購01,0,,,,
710805,中美晶群益61購01,1104140,1.76,2.05,1.76,2.02
710806,世界群益61購02,838210,1.02,1.09,1.01,1.01
710807,台特化群益61購01,36000,0.72,0.72,0.72,0.72
710808,均豪群益61購02,280850,1.36,1.4,1.34,1.39
710809,良維群益61購03,305330,1.41,1.69,1.39,1.63
710810,杰力群益61購01,0,,,,
710811,威剛群益61購04,0,,,,
710812,茂達群益61購01,0,,,,
710813,能率群益61購01,0,,,,
710814,翔名群益61購01,0,,,,
710815,鈊象群益64購01,7980,0.21,0.21,0.21,0.21
710816,群聯群益67購02,412470,1.61,1.76,1.6,1.76
710817,頎邦群益61購01,879800,0.82,0.93,0.82,0.91
710818,頎邦群益61購02,2570840,0.71,0.76,0.71,0.75
710819,雙鴻群益61購01,148100,5.2,5.4,5.2,5.4
710820,中光電凱基61購03,0,,,,
710821,世紀*凱基61購02,0,,,,
710822,良維凱基61購02,108690,1.35,1.47,1.35,1.47
710823,昇佳電凱基61購01,6800,0.34,0.34,0.34,0.34
710824,家登凱基61購01,0,,,,
710825,翔名凱基61購01,0,,,,
710826,頎邦凱基61購01,1346850,0.45,0.55,0.44,0.53
710827,精材凱基61購06,160600,2.67,2.74,2.52,2.74
710828,竹陞台新61購03,1197700,0.52,0.63,0.52,0.63
710829,朋程台新61購01,0,,,,
710830,朋程台新62購01,60860,0.34,0.34,0.34,0.34
710831,朋程台新63購01,0,,,,
710832,朋程台新64購01,0,,,,
710833,博大台新61購01,73450,0.58,0.59,0.58,0.59
710834,群聯台新61購03,0,,,,
710835,群聯台新67購01,0,,,,
710836,群聯台新67購02,0,,,,
710837,頎邦台新61購01,761530,1.12,1.28,1.12,1.25
710838,頎邦台新61購02,3161570,1.0,1.15,0.96,1.15
710839,驊訊台新61購01,0,,,,
710840,驊訊台新61購02,0,,,,
710841,力致永豐61購01,0,,,,
710842,中美晶永豐65購02,11310,0.95,1.04,0.95,1.04
710843,世紀*永豐61購01,3450,3.45,3.45,3.45,3.45
710844,神準永豐65購01,126060,0.66,0.66,0.66,0.66
710845,翔名永豐61購01,0,,,,
710846,翔名永豐65購01,0,,,,
710847,榮剛永豐61購01,3060,0.61,0.62,0.61,0.62
710848,榮剛永豐61購02,0,,,,
710849,九暘國票65購01,0,,,,
710850,大中國票61購01,22000,0.22,0.22,0.22,0.22
710851,中菲行國票65購01,510,0.51,0.51,0.51,0.51
710852,友威科國票65購01,146470,0.52,0.54,0.51,0.53
710853,全宇昕國票65購01,14750,0.41,0.41,0.39,0.39
710854,竹陞國票66購01,26460,0.63,0.63,0.63,0.63
710855,邑錡國票61購01,0,,,,
710856,邑錡國票63購01,0,,,,
710857,尚凡*國票65購01,0,,,,
710858,易發國票65購01,507480,0.47,0.49,0.47,0.48
710859,昇佳電國票65購01,0,,,,
710860,佶優國票61購01,0,,,,
710861,佶優國票63購01,0,,,,
710862,茂訊國票65購01,510,0.51,0.51,0.51,0.51
710863,原相國票61購01,0,,,,
710864,振曜國票65購01,0,,,,
710865,泰詠國票65購01,0,,,,
710866,健喬國票65購01,5600,0.56,0.56,0.56,0.56
710867,國眾國票65購01,0,,,,
710868,博大國票65購01,0,,,,
710869,普萊德國票65購01,0,,,,
710870,晶宏國票65購01,267040,1.11,1.11,1.1,1.1
710871,越峰國票65購01,0,,,,
710872,萬泰科國票61購02,0,,,,
710873,碩禾國票65購01,900,0.18,0.18,0.18,0.18
710874,聚和國票61購02,0,,,,
710875,鐿鈦國票65購01,0,,,,
710876,竹陞國泰63購01,66800,0.83,0.88,0.83,0.88
710877,青雲國泰62購03,50320,1.48,1.48,1.48,1.48
710878,茂達國泰62購01,0,,,,
710879,精材國泰62購01,0,,,,
710880,大中富邦61購01,0,,,,
710881,宜鼎富邦61購02,230,0.23,0.23,0.23,0.23
710882,中光電群益61購02,0,,,,
710883,宜鼎群益61購02,50000,0.5,0.5,0.5,0.5
710884,宜鼎群益61購03,0,,,,
710885,威剛群益61購05,1950,0.65,0.65,0.65,0.65
710886,建榮群益62購01,0,,,,
710887,群聯群益67購03,95720,2.33,2.52,2.33,2.52
710888,精材群益64購01,43800,1.46,1.46,1.46,1.46
710889,精剛群益61購01,0,,,,
710890,精剛群益61購02,0,,,,
710891,聚和群益61購01,0,,,,
710892,雙鴻群益61購02,166500,6.9,7.25,6.75,7.25
710893,中美晶元大64購01,38820,1.27,1.31,1.27,1.31
710894,中美晶元大66購04,268410,1.14,1.18,1.14,1.18
710895,台嘉碩元大61購02,0,,,,
710896,均豪元大61購02,211680,0.47,0.47,0.45,0.47
710897,宜特元大65購01,45570,0.72,0.73,0.72,0.73
710898,宜特元大67購02,171550,0.43,0.44,0.43,0.44
710899,欣銓元大61購02,147380,1.12,1.19,1.05,1.19
710900,家登元大61購02,215820,0.91,0.93,0.91,0.93
710901,能率元大61購02,9360,0.52,0.52,0.52,0.52
710902,臺慶科元大64購02,0,,,,
710903,鑫科元大61購01,10350,0.23,0.23,0.23,0.23
710904,太普高國票65購01,0,,,,
710905,安碁國票61購01,335270,0.73,0.84,0.71,0.78
710906,利機國票61購01,0,,,,
710907,杰力國票65購01,0,,,,
710908,倉和國票65購01,760870,4.37,5.0,4.31,5.0
710909,晟田國票61購02,0,,,,
710910,創泓國票61購01,39900,1.39,1.56,1.39,1.51
710911,博大國票61購01,0,,,,
710912,新普國票65購01,0,,,,
710913,聖暉*國票65購01,51700,0.21,0.22,0.21,0.22
710914,類比科國票61購01,42850,0.37,0.39,0.37,0.39
710915,寶雅國票61購03,20010,0.69,0.69,0.69,0.69
710916,驊訊國票61購01,0,,,,
710917,大中凱基61購02,0,,,,
710918,中美晶凱基66購01,2700,0.9,0.9,0.9,0.9
710919,台嘉碩凱基61購03,0,,,,
710920,宏觀凱基61購04,0,,,,
710921,宜鼎凱基61購02,436600,0.37,0.37,0.37,0.37
710922,欣銓凱基61購03,1420,0.71,0.71,0.71,0.71
710923,威剛凱基61購03,0,,,,
710924,茂達凱基61購03,0,,,,
710925,博大凱基61購01,0,,,,
710926,群聯凱基61購07,671800,0.95,1.14,0.95,1.14
710927,雙鴻凱基61購05,5700,5.7,5.7,5.7,5.7
710928,大中群益61購02,0,,,,
710929,中光電群益61購03,0,,,,
710930,欣銓群益61購01,0,,,,
710931,茂達群益61購02,0,,,,
710932,家登群益61購04,608640,1.37,1.46,1.37,1.44
710933,新普群益61購01,0,,,,
710934,新普群益61購02,0,,,,
710935,精材群益64購02,3160,1.58,1.58,1.58,1.58
710936,中美晶國泰64購01,39990,1.17,1.24,1.17,1.24
710937,中光電富邦64購01,0,,,,
710938,威剛富邦64購01,0,,,,
710939,茂達富邦63購02,0,,,,
710940,華電網富邦63購01,0,,,,
710941,萬泰科富邦63購02,5200,0.26,0.26,0.26,0.26
710942,群聯中信67購01,2730,0.45,0.48,0.45,0.48
710943,中光電永豐61購03,0,,,,
710944,艾訊永豐61購01,0,,,,
710945,杰力永豐64購01,0,,,,
710946,長聖永豐61購01,224210,0.51,0.51,0.5,0.51
710947,威剛永豐61購08,0,,,,
710948,威剛永豐64購03,0,,,,
710949,茂達永豐65購01,0,,,,
710950,倉和永豐61購01,19250,9.5,9.75,9.5,9.75
710951,倉和永豐64購01,0,,,,
710952,宸曜永豐61購01,29640,0.52,0.52,0.52,0.52
710953,宸曜永豐67購01,0,,,,
710954,耕興永豐61購01,0,,,,
710955,博大永豐61購01,0,,,,
710956,智通*永豐64購01,0,,,,
710957,新普永豐61購02,0,,,,
710958,精剛永豐61購01,0,,,,
710959,磐儀永豐61購01,0,,,,
710960,中光電元大61購05,0,,,,
710961,中美晶元大64購02,0,,,,
710962,中美晶元大66購05,240400,1.06,1.1,1.03,1.1
710963,世紀*元大61購01,325000,13.0,14.3,13.0,14.3
710964,宜鼎元大61購07,0,,,,
710965,晟田元大61購02,101120,0.77,0.88,0.77,0.88
710966,創惟元大61購01,0,,,,
710967,晶焱元大61購01,0,,,,
710968,翔名元大61購01,0,,,,
710969,群聯元大64購07,60730,1.07,1.15,1.07,1.15
710970,頎邦元大61購02,11000,1.1,1.1,1.1,1.1
710971,譜瑞元大61購03,0,,,,
710972,譜瑞元大65購03,14720,0.64,0.64,0.64,0.64
710973,久元台新61購01,0,,,,
710974,久元台新61購02,0,,,,
710975,大中台新61購03,0,,,,
710976,大中台新61購04,0,,,,
710977,中光電台新61購04,0,,,,
710978,杰力台新61購01,0,,,,
710979,宸曜台新61購01,337180,1.07,1.07,1.06,1.06
710980,博大台新61購02,0,,,,
710981,博大台新61購03,0,,,,
710982,精材台新61購03,12320,1.76,1.76,1.76,1.76
710983,立敦凱基61購01,0,,,,
710984,均豪凱基61購01,99720,0.89,0.94,0.89,0.92
710985,家登凱基61購02,1173410,1.29,1.37,1.26,1.33
710986,振曜凱基61購01,0,,,,
710987,華景電凱基64購01,0,,,,
710988,新普凱基61購01,31200,0.39,0.39,0.39,0.39
710989,頎邦凱基61購02,410640,0.56,0.68,0.56,0.66
710990,精材凱基61購07,0,,,,
710991,營邦凱基61購01,559390,1.68,1.69,1.56,1.58
710992,譜瑞凱基61購06,47000,0.6,0.62,0.6,0.62
710993,寶雅凱基61購01,0,,,,
710994,欣銓台新61購03,327430,1.07,1.19,0.95,1.19
710995,群聯台新61購04,0,,,,
710996,大江國票65購01,2650,0.53,0.53,0.53,0.53
710997,大學光國票61購01,4800,0.48,0.48,0.48,0.48
710998,佰研國票65購01,0,,,,
710999,宜特國票61購01,0,,,,
711000,長聖國票65購01,19200,0.6,0.6,0.6,0.6
711001,能率國票61購02,0,,,,
711002,廣積國票66購01,115890,0.83,0.83,0.81,0.81
711003,陽程群益61購02,47680,1.86,2.11,1.86,1.99
711004,系統電國泰62購01,0,,,,
711005,宜鼎國泰62購02,0,,,,
711007,大中元大66購01,0,,,,
711009,巨有元大61購02,134910,2.14,2.39,1.9,2.39
711010,立敦元大61購01,0,,,,
711011,立敦元大67購01,0,,,,
711012,宜鼎元大61購08,346150,0.45,0.46,0.45,0.46
711013,宜鼎元大61購09,51860,0.72,0.74,0.71,0.73
711014,昇佳電元大61購01,0,,,,
711015,朋程元大61購01,0,,,,
711016,青雲元大61購01,188160,1.47,1.47,1.47,1.47
711017,美琪瑪元大61購01,0,,,,
711018,茂達元大61購03,0,,,,
711020,家登元大61購03,2680,1.34,1.34,1.34,1.34
711021,智通*元大61購01,0,,,,
711022,群聯元大64購08,113200,0.65,0.66,0.65,0.65
711023,譜瑞元大61購04,278940,0.92,0.98,0.9,0.98
711024,中美晶統一65購01,0,,,,
711025,均豪統一65購01,49480,0.49,0.49,0.48,0.48
711026,朋程統一65購03,0,,,,
711027,茂訊統一67購01,0,,,,
711028,群聯統一67購01,0,,,,
711029,精材統一67購01,365830,1.15,1.18,1.11,1.18
711030,營邦統一67購01,35600,1.18,1.19,1.18,1.19
711031,中光電永豐61購04,0,,,,
711032,中光電永豐61購05,0,,,,
711033,立敦永豐61購02,0,,,,
711034,立敦永豐64購01,0,,,,
711035,立敦永豐64購02,0,,,,
711036,宜鼎永豐63購02,89810,0.5,0.52,0.49,0.52
711037,長聖永豐61購02,0,,,,
711038,原相永豐61購02,0,,,,
711039,群聯永豐64購07,70420,0.94,1.0,0.94,1.0
711040,群聯永豐64購08,0,,,,
711041,群聯永豐67購01,93960,0.58,0.58,0.58,0.58
711042,廣積永豐61購01,0,,,,
711043,宜鼎中信61購03,0,,,,
711044,群聯中信61購01,0,,,,
711045,大中凱基61購03,21400,0.18,0.18,0.17,0.17
711046,台特化凱基61購01,890,0.89,0.89,0.89,0.89
711047,巨有凱基61購02,54340,2.3,2.71,2.3,2.71
711048,宜特凱基61購04,0,,,,
711049,宜鼎凱基61購03,30000,0.6,0.6,0.6,0.6
711050,茂達凱基61購04,0,,,,
711051,原相凱基61購02,0,,,,
711052,智通*凱基61購01,0,,,,
711053,順達凱基61購02,0,,,,
711054,鈊象凱基61購03,0,,,,
711055,群聯凱基64購04,144120,1.84,1.99,1.84,1.99
711056,精材凱基61購08,42300,2.82,2.82,2.82,2.82
711057,廣積凱基65購01,0,,,,
711058,昱展台新61購01,0,,,,
711059,富喬台新61購01,0,,,,
711060,艾訊群益61購01,0,,,,
711061,家登群益61購05,113560,0.81,0.82,0.81,0.82
711062,順達群益61購01,0,,,,
711063,群聯群益61購06,299890,3.23,3.54,3.23,3.54
711064,精材群益61購02,291320,5.05,5.3,4.66,5.3
711065,大樹國票65購01,3190,0.53,0.54,0.53,0.54
711066,公準國票65購01,1533720,0.59,0.61,0.58,0.6
711067,加百裕國票61購01,0,,,,
711068,尼克森國票61購01,0,,,,
711069,正基國票65購01,0,,,,
711070,艾訊國票61購02,0,,,,
711071,宜鼎國票65購02,103950,0.83,0.84,0.83,0.84
711072,高僑國票65購01,0,,,,
711073,智崴國票65購01,70400,0.44,0.44,0.44,0.44
711074,僑威國票65購01,0,,,,
711075,廣明國票65購01,0,,,,
711076,撼訊國票65購01,0,,,,
711077,中美晶元大61購03,0,,,,
711078,台嘉碩元大61購03,0,,,,
711079,宜鼎元大61購10,0,,,,
711080,智通*元大61購02,0,,,,
711081,群聯元大61購14,117140,0.88,0.97,0.88,0.96
711082,臺慶科元大61購03,0,,,,
711083,世界國泰62購01,78980,0.92,0.93,0.83,0.83
711084,博大國泰62購01,0,,,,
711085,陽程國泰62購01,49800,4.98,4.98,4.98,4.98
711086,群聯國泰62購03,19600,0.98,0.98,0.98,0.98
711087,精材國泰62購02,163180,3.42,3.64,3.42,3.64
711088,中美晶富邦61購03,0,,,,
711089,立碁富邦64購01,279340,1.33,1.5,1.3,1.49
711090,翔名富邦61購01,0,,,,
711091,陽程富邦61購02,92780,1.33,1.52,1.27,1.52
711092,精材富邦61購01,83200,1.3,1.3,1.3,1.3
711093,精材中信61購02,18720,0.86,0.86,0.85,0.86
711094,千附永豐61購01,37300,1.56,1.56,1.55,1.55
711095,千附永豐61購02,11570,0.7,0.74,0.7,0.74
711096,立端永豐61購01,12050,0.8,0.81,0.8,0.81
711097,松瑞藥永豐61購01,19500,0.75,0.75,0.75,0.75
711098,磐儀永豐61購02,0,,,,
711099,千附精統一67購01,0,,,,
711100,大中統一65購02,0,,,,
711101,大中統一6C購01,0,,,,
711102,中裕統一69購01,47400,0.53,0.53,0.52,0.53
711103,世界統一67購01,0,,,,
711104,台嘉碩統一67購01,0,,,,
711105,台嘉碩統一6C購01,0,,,,
711106,尼克森統一65購01,0,,,,
711107,巨有統一6C購01,10560,0.96,0.96,0.96,0.96
711108,朋程統一65購04,0,,,,
711109,杰力統一6C購01,0,,,,
711110,青雲統一69購01,149600,0.88,0.88,0.88,0.88
711111,青雲統一6C購01,300570,0.68,0.69,0.68,0.69
711112,泰藝統一6C購01,0,,,,
711113,健喬統一69購01,3540,0.59,0.59,0.59,0.59
711114,堡達統一6C購01,0,,,,
711115,智通*統一67購01,0,,,,
711116,陽程統一6C購01,620720,1.07,1.14,1.07,1.14
711117,順達統一65購03,0,,,,
711118,頎邦統一65購01,315630,0.65,0.74,0.65,0.73
711119,頎邦統一67購02,1118810,0.66,0.7,0.66,0.7
711120,頎邦統一67購03,0,,,,
711121,頎邦統一6C購01,296730,0.73,0.74,0.73,0.74
711122,精材統一65購02,1375710,1.12,1.13,1.0,1.12
711123,精材統一67購02,4830,0.81,0.82,0.79,0.82
711124,中美晶凱基64購01,0,,,,
711125,家登凱基67購01,63600,1.06,1.06,1.06,1.06
711126,陽程凱基61購03,408650,1.78,2.09,1.78,2.07
711127,順達凱基61購03,0,,,,
711128,群聯凱基61購08,1585980,1.22,1.23,1.2,1.22
711129,群聯凱基61購09,0,,,,
711130,頎邦凱基61購03,475870,0.49,0.56,0.47,0.54
711131,精材凱基61購09,150060,1.32,1.38,1.26,1.38
711132,臺慶科凱基61購03,0,,,,
711133,宜鼎台新62購01,0,,,,
711134,茂達台新61購01,0,,,,
711135,茂達台新61購02,3570,0.44,0.45,0.44,0.45
711136,群聯台新67購03,112950,1.59,1.65,1.58,1.65
711137,群聯台新67購04,22720,1.31,1.36,1.31,1.36
711138,頎邦台新61購04,2461780,1.55,1.79,1.54,1.78
711139,頎邦台新61購05,1744700,1.52,1.71,1.51,1.7
711140,精材台新61購04,57710,1.6,1.7,1.57,1.7
711141,精材台新61購05,18590,1.69,1.69,1.69,1.69
711142,精材台新62購02,0,,,,
711143,力麒國票65購01,0,,,,
711144,天良國票61購01,0,,,,
711145,巨漢國票61購01,0,,,,
711146,協禧國票65購01,0,,,,
711147,奇鈦科國票65購01,0,,,,
711149,陽程國票61購02,2950,2.95,2.95,2.95,2.95
711150,順達國票65購01,7400,0.74,0.74,0.74,0.74
711151,精材國票61購04,182880,1.84,1.84,1.74,1.74
711152,精材國票65購01,0,,,,
711153,營邦國票61購01,349620,2.66,2.69,2.52,2.52
711154,千附群益61購01,80610,1.06,1.09,1.06,1.09
711155,千附群益61購02,0,,,,
711156,台特化群益61購02,0,,,,
711157,青雲群益61購01,18310,0.87,0.91,0.87,0.91
711158,青雲群益61購02,11550,1.25,1.3,1.25,1.3
711159,威剛群益61購06,699660,1.38,1.38,1.38,1.38
711160,鈊象群益61購02,491550,1.02,1.02,0.98,0.98
711161,新漢群益61購01,0,,,,
711162,群聯群益61購07,1069340,1.72,1.98,1.72,1.98
711163,精材群益63購03,97120,2.69,2.78,2.69,2.78
711164,中光電元大61購06,0,,,,
711165,中光電元大61購07,0,,,,
711166,中美晶元大61購04,225090,0.41,0.41,0.41,0.41
711167,宜鼎元大63購02,373410,0.81,0.81,0.81,0.81
711168,茂達元大61購04,0,,,,
711169,智通*元大61購03,0,,,,
711171,順達元大61購01,0,,,,
711172,群聯元大61購15,230020,0.77,0.88,0.77,0.88
711173,頎邦元大61購03,0,,,,
711174,精材元大61購10,23050,0.96,1.06,0.96,1.06
711175,精材元大61購11,65020,2.14,2.23,2.12,2.23
711176,精材元大63購05,414460,1.53,1.53,1.38,1.49
711177,營邦元大61購01,514690,1.72,1.75,1.61,1.71
711178,九暘統一63購01,0,,,,
711179,九暘統一6C購01,0,,,,
711180,千附精統一67購02,0,,,,
711181,千附精統一67購03,82660,0.53,0.59,0.53,0.57
711182,大中統一65購03,0,,,,
711183,中光電統一65購01,0,,,,
711184,中光電統一6C購01,0,,,,
711185,中美晶統一65購02,54500,0.46,0.47,0.46,0.47
711186,中美晶統一67購01,42840,0.42,0.42,0.42,0.42
711187,中美晶統一6C購01,0,,,,
711188,台嘉碩統一65購01,0,,,,
711189,立敦統一67購01,0,,,,
711190,安勤統一67購01,0,,,,
711191,系統電統一6C購01,0,,,,
711192,亞通統一67購01,224080,1.03,1.03,0.94,0.94
711193,宜鼎統一67購01,74800,0.55,0.55,0.55,0.55
711194,昇佳電統一67購01,23500,0.37,0.37,0.36,0.36
711195,杰力統一65購01,0,,,,
711196,青雲統一69購02,0,,,,
711197,茂達統一69購02,0,,,,
711198,神準統一67購01,27720,0.42,0.42,0.42,0.42
711199,堡達統一65購01,0,,,,
711200,翔名統一6C購01,0,,,,
711201,順達統一67購01,0,,,,
711202,順達統一67購02,0,,,,
711203,順達統一67購03,0,,,,
711204,順達統一6C購01,0,,,,
711205,群聯統一65購03,0,,,,
711206,頎邦統一65購02,71890,0.67,0.72,0.67,0.71
711207,頎邦統一67購04,110080,0.72,0.74,0.72,0.74
711208,頎邦統一68購01,122130,0.59,0.59,0.59,0.59
711209,碩禾統一67購01,260,0.26,0.26,0.26,0.26
711210,精材統一65購03,41500,0.83,0.83,0.83,0.83
711211,精材統一6C購02,29180,0.94,0.98,0.94,0.98
711212,大樹永豐61購01,53860,0.58,0.59,0.58,0.59
711213,中美晶永豐61購03,0,,,,
711214,宜鼎永豐67購01,0,,,,
711215,智通*永豐65購01,0,,,,
711216,順達永豐61購02,0,,,,
711217,頎邦永豐65購01,1851730,0.97,0.97,0.97,0.97
711218,精材永豐61購03,78950,0.95,1.0,0.92,1.0
711219,精材永豐61購04,2900,1.45,1.45,1.45,1.45
711220,精材永豐64購02,0,,,,
711221,營邦永豐64購01,38410,1.67,1.67,1.67,1.67
711222,廣積國泰62購01,49920,2.08,2.08,2.08,2.08
711223,營邦國泰62購01,171940,3.84,3.88,3.77,3.79
711224,久元富邦63購02,0,,,,
711225,元太富邦63購01,0,,,,
711226,元太富邦63購02,0,,,,
711227,立敦富邦63購01,0,,,,
711228,宜特富邦63購01,44880,0.34,0.34,0.34,0.34
711229,智通*富邦64購02,0,,,,
711230,順達富邦63購01,1400,0.28,0.28,0.28,0.28
711231,鈊象富邦63購02,967280,0.51,0.52,0.51,0.51
711232,中美晶台新61購04,0,,,,
711233,宜鼎台新63購01,0,,,,
711234,宜鼎台新64購01,34560,1.11,1.14,1.11,1.14
711235,千附群益61購03,0,,,,
711236,陽程群益63購01,37350,2.01,2.25,2.01,2.25
711237,順達群益61購02,0,,,,
711238,璟德群益61購01,0,,,,
711239,千附凱基61購01,0,,,,
711240,中美晶凱基61購07,0,,,,
711241,宜鼎凱基64購01,0,,,,
711242,青雲凱基61購01,120860,1.4,1.46,1.4,1.46
711243,威剛凱基61購04,0,,,,
711244,智通*凱基61購02,0,,,,
711245,順達凱基61購04,0,,,,
711246,新漢凱基61購01,0,,,,
711247,營邦凱基61購02,0,,,,
711248,雙鴻凱基61購06,48150,5.35,5.35,5.35,5.35
711249,M31國票61購01,187140,1.08,1.12,1.08,1.12
711250,千附國票61購03,15000,0.5,0.5,0.5,0.5
711251,中美晶國票65購02,70790,0.64,0.65,0.64,0.65
711252,巨有國票61購01,22380,2.94,3.3,2.94,3.3
711253,倉和國票66購01,0,,,,
711254,博智國票61購01,0,,,,
711255,晶呈國票65購01,0,,,,
711256,千附元大61購01,0,,,,
711257,中光電元大61購08,0,,,,
711259,中光電元大63購01,9030,0.2,0.21,0.2,0.21
711261,宜鼎元大63購03,6570,0.73,0.73,0.73,0.73
711262,朋程元大61購02,116850,0.35,0.35,0.34,0.34
711263,家登元大61購04,49000,0.7,0.7,0.7,0.7
711264,家登元大61購05,381210,1.0,1.01,1.0,1.01
711265,凱崴元大61購01,0,,,,
711266,群聯元大61購16,60180,1.02,1.02,1.02,1.02
711267,臺慶科元大61購04,35750,0.65,0.65,0.65,0.65
711268,營邦元大61購02,215370,2.43,2.43,2.4,2.4
711269,中美晶國泰62購01,0,,,,
711270,世界富邦61購03,56220,0.43,0.44,0.42,0.42
711271,博智富邦63購01,12700,0.41,0.43,0.41,0.43
711272,富喬富邦61購02,6650,1.1,1.11,1.1,1.11
711273,千附精永豐64購01,80230,1.13,1.13,1.13,1.13
711274,大中永豐61購01,0,,,,
711275,世界永豐61購02,0,,,,
711276,家登永豐61購03,640620,0.85,0.9,0.84,0.89
711277,璟德永豐67購01,0,,,,
711278,九暘統一67購01,0,,,,
711279,千附統一6C購01,0,,,,
711280,中光電統一65購02,0,,,,
711281,安勤統一67購02,0,,,,
711282,青雲統一67購01,225400,1.2,1.2,1.18,1.2
711283,倉和統一6C購01,0,,,,
711284,神準統一67購02,0,,,,
711285,翔名統一67購01,0,,,,
711286,順達統一65購04,0,,,,
711287,M31台新61購01,682820,1.32,1.47,1.31,1.44
711288,M31台新62購01,207120,1.03,1.13,1.03,1.1
711289,M31台新64購01,174720,0.96,1.0,0.96,1.0
711290,千附精台新61購02,0,,,,
711291,富喬台新61購02,0,,,,
711292,頎邦台新61購06,3269570,1.63,1.85,1.62,1.82
711293,M31凱基61購01,57970,0.92,1.03,0.92,1.03
711294,M31凱基61購02,267910,1.11,1.13,1.09,1.09
711295,M31凱基61購03,63220,1.1,1.18,1.1,1.18
711296,千附精凱基61購03,5150,0.47,0.56,0.47,0.56
711297,中光電凱基61購04,0,,,,
711298,中美晶凱基61購08,10800,0.54,0.54,0.54,0.54
711299,朋程凱基61購02,0,,,,
711300,博智凱基63購01,76530,1.66,1.66,1.59,1.59
711301,晶呈凱基61購01,0,,,,
711302,翔名凱基61購02,0,,,,
711303,群聯凱基65購01,105770,1.81,1.88,1.81,1.87
711304,臺慶科凱基64購01,15600,0.6,0.6,0.6,0.6
711305,營邦凱基61購03,270690,3.66,3.66,3.45,3.59
711306,千附精元大61購01,6900,0.56,0.59,0.56,0.59
711307,中光電元大61購10,0,,,,
711308,宏捷科元大66購01,239370,0.91,0.98,0.9,0.98
711309,宜鼎元大63購04,0,,,,
711310,原相元大61購03,179760,1.07,1.07,1.07,1.07
711311,順達元大63購01,37200,1.24,1.24,1.24,1.24
711312,群聯元大61購17,303500,1.41,1.56,1.4,1.56
711313,臺慶科元大61購05,153340,0.82,0.82,0.82,0.82
711314,世界國泰62購02,190840,1.2,1.2,1.16,1.18
711315,陽程國泰62購02,0,,,,
711316,鑫聯國泰62購01,0,,,,
711317,久禾光國票61購01,0,,,,
711318,千附精國票65購01,25380,0.94,0.94,0.94,0.94
711319,中美晶國票61購05,0,,,,
711320,茂達國票61購02,0,,,,
711321,倉和國票67購01,0,,,,
711322,晶呈國票64購01,74700,0.68,0.68,0.67,0.67
711323,頎邦國票64購01,349530,1.65,1.83,1.65,1.77
711324,寬魚國票61購01,0,,,,
711325,M31群益61購01,63000,1.05,1.05,1.05,1.05
711326,千附精群益61購02,0,,,,
711327,杰力群益61購02,0,,,,
711328,博智群益61購02,0,,,,
711329,陽程群益61購03,0,,,,
711330,群聯群益63購01,38650,1.29,1.4,1.27,1.4
711331,M31富邦63購01,1074010,0.79,0.85,0.77,0.85
711332,九暘統一65購01,63100,0.5,0.5,0.49,0.5
711333,中美晶統一67購02,0,,,,
711334,M31永豐63購01,19740,0.94,0.94,0.94,0.94
711335,世紀*永豐63購01,0,,,,
711336,原相永豐61購03,59940,1.11,1.11,1.11,1.11
711337,家登永豐61購04,49910,2.17,2.17,2.17,2.17
711338,晶呈永豐61購01,13300,0.66,0.67,0.66,0.67
711339,晶呈永豐64購01,18000,0.9,0.9,0.9,0.9
711340,千附精台新61購03,0,,,,
711341,良維台新61購01,357310,1.06,1.2,1.04,1.2
711342,創泓台新61購01,45360,0.56,0.56,0.56,0.56
711343,中美晶凱基61購09,0,,,,
711344,宜鼎凱基61購04,123000,0.82,0.83,0.81,0.83
711345,原相凱基61購03,80080,1.04,1.04,1.04,1.04
711346,智通*凱基61購03,0,,,,
711347,群聯凱基63購02,161610,1.41,1.52,1.37,1.52
711348,頎邦凱基64購02,158610,1.55,1.67,1.55,1.67
711349,雙鴻凱基63購02,96850,5.15,5.15,5.05,5.05
711350,中光電元大61購11,0,,,,
711351,中美晶元大61購05,0,,,,
711352,創泓元大61購01,5240,0.87,0.89,0.87,0.89
711353,智通*元大61購04,11500,0.23,0.23,0.23,0.23
711354,智通*元大61購05,0,,,,
711355,中美晶群益61購02,0,,,,
711356,世界群益61購04,42000,1.4,1.4,1.4,1.4
711357,加高群益61購01,10900,1.09,1.09,1.09,1.09
711358,巨有群益61購01,218900,3.9,4.52,3.9,4.52
711359,均豪群益66購01,228660,0.97,0.97,0.95,0.95
711360,智通*群益61購01,0,,,,
711361,群聯群益61購08,578730,3.44,3.84,3.37,3.84
711362,元太永豐61購05,0,,,,
711363,加高永豐61購02,0,,,,
711364,良維永豐61購02,69920,1.48,1.68,1.48,1.68
711365,威剛永豐67購02,0,,,,
711366,敘豐永豐64購01,0,,,,
711367,凱崴永豐61購01,50520,0.5,0.52,0.5,0.52
711368,博智永豐61購02,0,,,,
711369,華電網永豐61購01,0,,,,
711370,閎康永豐61購03,317010,1.12,1.18,1.12,1.18
711371,順達永豐64購03,0,,,,
711372,群聯永豐64購09,58320,1.62,1.62,1.62,1.62
711373,群聯永豐67購02,120360,1.19,1.21,1.19,1.21
711374,聖暉*永豐64購01,0,,,,
711375,千附國票65購01,25200,1.05,1.05,1.05,1.05
711376,中美晶國票64購01,0,,,,
711377,原相國票61購02,860,0.86,0.86,0.86,0.86
711378,敘豐國票61購01,470,0.47,0.47,0.47,0.47
711379,創泓國票61購02,359130,0.57,0.6,0.57,0.57
711380,創泓國票63購01,5010,0.99,1.01,0.99,1.01
711381,智擎國票65購01,0,,,,
711382,廣穎國票65購01,0,,,,
711383,營邦國票61購02,0,,,,
711384,千附精國泰62購01,225060,0.93,0.93,0.93,0.93
711385,世界國泰62購03,547660,1.48,1.48,1.35,1.41
711386,宜鼎國泰62購03,119620,1.38,1.38,1.36,1.36
711387,青雲國泰62購04,396480,2.11,2.19,2.11,2.19
711388,倉和國泰62購01,0,,,,
711389,群聯國泰62購04,83200,1.28,1.28,1.28,1.28
711390,群聯國泰62購05,21600,1.08,1.08,1.08,1.08
711391,系統電富邦61購03,0,,,,
711392,宜鼎富邦61購03,32570,0.39,0.41,0.39,0.41
711393,群聯富邦63購02,130190,0.44,0.5,0.44,0.5
711394,M31統一67購01,151400,0.73,0.75,0.73,0.74
711395,M31統一67購02,104360,0.77,0.81,0.77,0.81
711396,M31統一6C購01,107580,0.69,0.72,0.69,0.71
711397,千附統一67購01,0,,,,
711398,千附精統一67購04,54000,0.5,0.5,0.5,0.5
711399,大中統一67購01,0,,,,
711400,中光電統一67購01,0,,,,
711401,中光電統一6C購02,0,,,,
711402,中美晶統一66購04,12000,0.24,0.24,0.24,0.24
711403,世紀*統一67購01,3790,1.9,1.9,1.89,1.89
711404,杰力統一67購01,0,,,,
711405,智通*統一6C購01,0,,,,
711406,閎康統一67購01,58300,0.53,0.53,0.53,0.53
711407,廣穎統一63購01,0,,,,
711408,廣穎統一69購02,0,,,,
711409,千附國票66購01,45100,0.76,0.78,0.76,0.78
711410,元太國票61購01,6580,0.47,0.47,0.47,0.47
711411,天品國票61購01,1202300,0.58,0.78,0.58,0.77
711412,系統電國票64購01,0,,,,
711413,昇佳電國票66購01,0,,,,
711414,青雲國票61購02,1026830,1.95,2.02,1.94,2.01
711415,耕興國票65購01,0,,,,
711416,晟田國票62購01,12540,0.97,0.97,0.96,0.96
711417,博士旺國票61購02,0,,,,
711418,華景電國票65購01,0,,,,
711419,碩禾國票64購01,2900,0.29,0.29,0.29,0.29
711420,中美晶台新61購05,0,,,,
711421,中美晶台新63購03,0,,,,
711422,晟田台新61購02,0,,,,
711423,陽程台新61購01,0,,,,
711424,陽程台新61購02,0,,,,
711425,千附凱基61購02,0,,,,
711426,中光電凱基61購05,0,,,,
711427,中美晶凱基61購10,10500,0.21,0.21,0.21,0.21
711428,世界凱基64購02,27160,1.24,1.24,1.23,1.23
711429,立敦凱基61購02,0,,,,
711430,均豪凱基66購01,52570,1.22,1.23,1.22,1.22
711431,千附元大61購02,0,,,,
711432,千附元大61購03,0,,,,
711433,中美晶元大61購06,0,,,,
711434,中美晶元大61購07,10620,0.46,0.5,0.46,0.5
711435,中美晶元大61購08,0,,,,
711436,中美晶元大63購03,27380,0.51,0.54,0.51,0.54
711437,中美晶元大65購04,0,,,,
711438,世界元大63購05,402160,0.62,0.62,0.57,0.57
711439,家登元大63購01,289310,1.63,1.65,1.6,1.65
711440,智通*元大61購06,0,,,,
711441,智通*元大63購02,0,,,,
711442,翔名元大61購03,0,,,,
711443,頎邦元大61購04,4510,0.74,0.81,0.74,0.81
711444,漢科元大61購01,196000,0.56,0.56,0.56,0.56
711445,千附永豐61購03,0,,,,
711446,千附永豐61購04,0,,,,
711447,千附永豐61購05,0,,,,
711448,千附永豐64購01,1380,0.45,0.47,0.45,0.47
711449,中美晶永豐61購04,325430,0.58,0.65,0.57,0.65
711450,中美晶永豐64購02,0,,,,
711451,世禾永豐61購01,0,,,,
711452,巨漢永豐61購02,0,,,,
711453,均豪永豐64購02,0,,,,
711454,宏捷科永豐64購01,14880,0.62,0.62,0.62,0.62
711455,創惟永豐61購01,0,,,,
711456,智通*永豐61購02,0,,,,
711457,湧德永豐61購01,3570,0.51,0.51,0.51,0.51
711458,陽程永豐61購02,0,,,,
711459,中光電國泰62購02,0,,,,
711460,中光電國泰62購03,0,,,,
711461,中美晶國泰63購02,0,,,,
711462,世禾國泰62購01,10200,0.51,0.51,0.51,0.51
711463,翔名國泰62購01,0,,,,
711464,廣穎國泰62購01,0,,,,
711465,千附統一67購02,350,0.35,0.35,0.35,0.35
711466,千附統一6C購02,0,,,,
711467,千附精統一67購05,0,,,,
711468,中美晶統一65購03,0,,,,
711469,中美晶統一67購03,13600,0.34,0.34,0.34,0.34
711470,中美晶統一6C購02,0,,,,
711471,世界統一6C購01,0,,,,
711472,加高統一67購01,0,,,,
711473,系微統一6C購01,117740,0.58,0.58,0.58,0.58
711474,家登統一6C購02,260280,0.74,0.74,0.73,0.73
711475,博智統一6C購02,0,,,,
711476,廣穎統一6C購01,0,,,,
711477,雙鴻統一6C購01,3490060,1.04,1.04,0.99,1.0
711478,中光電富邦62購03,0,,,,
711479,中美晶富邦61購04,3060,0.12,0.13,0.12,0.13
711480,台特化富邦61購01,0,,,,
711481,宜鼎富邦61購04,100990,0.38,0.39,0.38,0.39
711482,宜鼎群益61購04,74350,1.25,1.28,1.25,1.28
711483,茂達群益61購03,0,,,,
711484,世界台新61購02,32720,0.67,0.67,0.65,0.65
711485,台嘉碩台新61購03,0,,,,
711486,巨漢台新61購03,68230,1.19,1.22,1.19,1.22
711487,良維台新61購02,166150,1.35,1.5,1.29,1.47
711488,亞電台新61購01,98520,1.35,1.39,1.35,1.39
711489,長科*台新61購01,215260,1.01,1.09,1.01,1.09
711490,千附精群益61購03,0,,,,
711491,亞電群益61購01,10770,1.78,1.81,1.78,1.81
711492,亞電群益61購02,70180,1.55,1.55,1.46,1.46
711493,亞電群益61購03,22800,2.28,2.28,2.28,2.28
711494,陽程群益63購02,0,,,,
711495,世界凱基61購02,104150,1.15,1.15,1.13,1.13
711496,巨漢凱基61購01,74000,0.37,0.37,0.37,0.37
711497,系統電凱基61購02,770,0.77,0.77,0.77,0.77
711498,宜鼎凱基61購05,3160,1.58,1.58,1.58,1.58
711499,昇佳電凱基61購02,0,,,,
711500,長科*凱基61購01,448500,1.49,1.5,1.47,1.47
711501,威剛凱基61購05,939210,1.48,1.51,1.48,1.51
711502,家登凱基63購01,76000,1.9,1.95,1.9,1.95
711503,富喬凱基61購06,4530,4.53,4.53,4.53,4.53
711504,智通*凱基61購04,0,,,,
711505,順達凱基61購05,0,,,,
711506,群聯凱基61購11,120440,2.49,2.72,2.48,2.72
711507,頎邦凱基61購04,52540,2.37,2.39,2.37,2.39
711508,雙鴻凱基63購03,80000,8.0,8.0,8.0,8.0
711509,千附精元大61購02,276700,0.66,0.74,0.66,0.74
711510,立敦元大61購03,0,,,,
711511,亞電元大61購01,22660,2.06,2.06,2.06,2.06
711512,群聯元大61購18,275660,1.18,1.3,1.18,1.3
711513,千附精統一65購01,1000,0.5,0.5,0.5,0.5
711514,世界統一66購01,21930,0.43,0.43,0.43,0.43
711515,亞電統一69購01,12800,0.85,0.86,0.85,0.86
711516,宜鼎統一64購05,127460,0.56,0.58,0.56,0.58
711517,倉和統一65購01,43090,3.72,3.96,3.72,3.96
711518,方土昶永豐61購01,13860,0.99,0.99,0.99,0.99
711519,亞電永豐64購01,38750,2.07,2.07,2.02,2.04
711520,昇佳電永豐63購01,0,,,,
711521,長科*永豐64購01,116830,0.82,0.87,0.82,0.87
711522,陽程永豐61購03,0,,,,
711523,雙鴻永豐64購03,290850,6.15,6.25,6.15,6.25
711524,世界國泰62購04,187820,0.86,0.86,0.77,0.77
711525,良維國泰62購01,974440,2.32,2.61,2.32,2.55
711526,亞電國泰62購01,2680,2.68,2.68,2.68,2.68
711527,朋程國泰63購01,10010,0.91,0.91,0.91,0.91
711528,漢科國泰62購01,53750,0.97,0.99,0.97,0.99
711529,千附精富邦61購01,540,0.54,0.54,0.54,0.54
711530,立碁富邦61購02,31170,2.01,2.02,1.91,1.91
711531,宜特富邦63購02,50260,0.41,0.43,0.41,0.43
711532,宜鼎富邦61購05,22230,0.57,0.57,0.57,0.57
711533,朋程富邦63購04,0,,,,
711534,欣銓富邦61購02,1580,0.78,0.8,0.78,0.8
711535,長科*富邦62購02,106880,0.59,0.62,0.58,0.62
711536,富喬富邦61購03,20020,1.43,1.43,1.43,1.43
711537,智通*富邦63購01,0,,,,
711538,陽程富邦61購03,109870,1.42,1.59,1.42,1.55
711539,群聯富邦63購03,671140,1.01,1.14,1.0,1.14
711540,營邦富邦62購03,0,,,,
711541,雙鴻富邦63購02,0,,,,
711542,譜瑞富邦63購02,83600,0.49,0.51,0.49,0.51
711543,M31國票65購01,0,,,,
711544,台特化國票65購01,0,,,,
711545,禾瑞亞國票61購01,0,,,,
711546,亞電國票61購01,827380,3.86,3.87,3.78,3.79
711547,長科*國票65購01,0,,,,
711548,榮田國票61購01,4730,0.94,0.96,0.93,0.96
711549,巨漢群益61購02,0,,,,
711550,群聯群益61購09,2519870,3.76,4.25,3.67,4.25
711551,千附精國票64購01,82920,1.83,1.83,1.22,1.39
711552,立碁國票65購01,246500,4.84,5.2,4.76,5.2
711553,亞電國票63購01,49340,2.25,2.25,2.22,2.22
711554,亞電國票64購01,0,,,,
711555,宜鼎國票66購01,0,,,,
711556,朋程國票61購01,0,,,,
711557,長科*國票64購01,10170,1.13,1.13,1.13,1.13
711558,頎邦國票66購01,2589750,1.81,2.0,1.81,1.97
711559,漢科國票61購01,0,,,,
711560,臺慶科國票66購01,29930,1.17,1.21,1.17,1.21
711561,磐儀國票65購01,0,,,,
711562,亞電台新61購02,7290,1.45,1.46,1.45,1.46
711563,亞電台新61購03,7980,1.58,1.62,1.58,1.6
711564,青雲台新61購01,72000,0.96,0.96,0.96,0.96
711565,博士旺台新61購01,0,,,,
711566,千附精凱基61購04,78700,1.28,1.47,1.28,1.47
711567,世界凱基61購03,27130,1.39,1.39,1.3,1.3
711568,亞電凱基61購01,33200,2.42,2.43,2.35,2.35
711569,泓格凱基61購01,11700,0.39,0.39,0.39,0.39
711570,陽程凱基63購03,0,,,,
711571,群聯凱基66購02,163060,2.53,2.69,2.53,2.68
711572,泓格永豐61購01,0,,,,
711573,群聯永豐67購03,50760,1.41,1.41,1.41,1.41
711574,中光電元大61購12,0,,,,
711575,元太元大66購04,8800,0.88,0.88,0.88,0.88
711576,均豪元大61購03,0,,,,
711577,青雲元大61購02,163080,2.21,2.28,2.2,2.28
711578,晟田元大61購03,54000,0.9,0.9,0.9,0.9
711579,博智元大61購01,0,,,,
711580,群聯元大61購19,665970,1.65,1.81,1.64,1.81
711581,群聯元大63購05,882440,1.14,1.26,1.1,1.26
711582,聖暉*元大61購03,0,,,,
711583,營邦元大61購03,0,,,,
711584,雙鴻元大61購16,0,,,,
711585,雙鴻元大63購03,6420,3.21,3.21,3.21,3.21
711586,千附精國泰62購02,55850,1.9,1.9,1.79,1.79
711587,元太國泰62購01,5600,0.51,0.51,0.5,0.5
711588,泓格國泰62購01,0,,,,
711589,能率亞國泰62購01,2740,1.37,1.37,1.37,1.37
711590,晟田國泰62購01,0,,,,
711591,群聯國泰62購06,487880,2.18,2.4,2.11,2.4
711592,雙鴻國泰62購01,0,,,,
711593,禾瑞亞統一67購01,3120,0.52,0.52,0.52,0.52
711594,長科*統一6C購01,31360,0.64,0.64,0.64,0.64
711595,群聯統一66購02,439650,0.54,0.57,0.53,0.57
711596,M31富邦63購02,1207980,0.98,1.05,0.95,1.03
711597,久元富邦62購02,6070,0.55,0.57,0.55,0.57
711598,立敦富邦63購02,0,,,,
711599,宏捷科富邦63購01,88130,0.51,0.56,0.51,0.56
711600,威剛富邦61購01,9920,0.62,0.62,0.62,0.62
711601,茂達富邦63購03,226900,0.5,0.51,0.5,0.51
711602,頎邦富邦62購01,1306450,1.14,1.17,1.14,1.15
711603,頎邦富邦63購02,844140,0.99,1.16,0.99,1.12
711604,中光電凱基61購06,0,,,,
711605,世禾凱基61購01,0,,,,
711606,由田凱基61購01,406070,2.65,2.7,2.51,2.7
711607,宜鼎凱基65購01,215940,1.54,1.57,1.54,1.57
711608,長科*凱基64購01,44990,1.54,1.57,1.53,1.57
711609,青雲凱基61購02,45980,1.3,1.35,1.28,1.35
711610,家登凱基61購03,144670,1.81,1.91,1.81,1.91
711611,博智凱基63購02,898790,2.17,2.17,2.11,2.16
711612,雙鴻凱基61購08,0,,,,
711613,世界台新61購03,694950,1.48,1.54,1.37,1.44
711614,台嘉碩台新61購04,0,,,,
711615,巨漢台新61購04,166100,0.78,0.79,0.78,0.79
711616,家登台新61購02,25700,1.85,1.85,1.83,1.83
711617,M31元大61購02,544080,1.77,1.95,1.77,1.9
711618,千附精元大61購03,62610,0.58,0.65,0.58,0.65
711619,元太元大66購05,0,,,,
711620,世禾元大61購01,361170,0.45,0.5,0.44,0.5
711621,世界元大61購02,75370,1.55,1.6,1.52,1.52
711622,世界元大63購06,140410,1.01,1.02,0.97,0.97
711623,艾訊元大61購01,271890,0.57,0.57,0.57,0.57
711624,欣銓元大67購02,757140,2.01,2.2,2.01,2.2
711625,原相元大61購04,15330,0.73,0.73,0.73,0.73
711626,家登元大61購06,25700,1.45,1.46,1.42,1.46
711627,家登元大65購01,854940,1.45,1.48,1.41,1.47
711628,陽程元大61購05,0,,,,
711629,臺慶科元大61購06,0,,,,
711630,世界群益61購05,771830,4.81,4.81,4.47,4.59
711631,由田群益61購01,2575490,2.81,2.99,2.68,2.99
711632,泓格群益61購01,0,,,,
711633,群聯群益65購01,190040,4.33,4.75,4.33,4.75
711634,頎邦群益61購03,743070,3.0,3.41,3.0,3.41
711635,世界國票61購05,333340,1.09,1.1,1.03,1.05
711636,由田國票61購01,381500,2.49,2.72,2.49,2.72
711637,安勤國票65購01,0,,,,
711638,泓格國票61購01,6600,0.33,0.33,0.33,0.33
711639,威剛國票64購01,0,,,,
711640,茂訊國票65購02,0,,,,
711641,茂綸國票65購01,29380,1.14,1.14,1.12,1.12
711642,神準國票65購01,0,,,,
711643,創惟國票65購01,0,,,,
711644,鈊象國票63購01,418000,1.06,1.06,1.03,1.04
711645,精確國票65購01,76320,0.7,0.74,0.7,0.74
711646,銳澤國票65購01,0,,,,
711647,家登富邦63購02,229190,0.96,0.99,0.95,0.99
711648,創惟富邦61購01,29680,0.56,0.56,0.56,0.56
711649,巨漢國泰62購01,0,,,,
711650,威剛國泰62購02,1879180,2.09,2.09,2.07,2.07
711651,家登國泰62購02,41700,1.52,1.55,1.52,1.55
711652,順達國泰62購01,0,,,,
711653,勤凱國泰62購01,11010,1.24,1.27,1.18,1.27
711654,由田統一67購01,22980,0.89,0.9,0.85,0.9
711655,由田統一6C購01,0,,,,
711656,立碁統一67購02,1370660,1.07,1.18,1.07,1.16
711657,立碁統一69購01,161050,1.13,1.18,1.13,1.18
711658,聖暉*統一69購01,0,,,,
711659,群聯中信61購03,61300,0.57,0.58,0.57,0.58
711660,力領永豐61購01,0,,,,
711661,天品永豐64購01,339340,0.81,0.98,0.81,0.98
711662,世紀*永豐61購02,103650,5.8,7.6,5.75,7.6
711663,巨有永豐64購01,53660,2.38,2.78,2.38,2.78
711664,禾瑞亞永豐61購01,0,,,,
711665,禾瑞亞永豐64購01,0,,,,
711666,艾訊永豐61購02,58580,0.52,0.52,0.51,0.51
711667,亞信永豐61購01,41080,0.57,0.61,0.57,0.61
711668,朋程永豐61購01,0,,,,
711669,昱展永豐64購01,0,,,,
711670,原相永豐61購04,60630,1.29,1.29,1.29,1.29
711671,家登永豐61購05,93100,3.13,3.13,3.05,3.05
711672,振曜永豐64購01,0,,,,
711673,博士旺永豐67購01,0,,,,
711674,博智永豐61購03,0,,,,
711675,順達永豐61購03,0,,,,
711676,順達永豐67購02,0,,,,
711677,聖暉*永豐61購02,0,,,,
711678,中光電台新61購06,0,,,,
711679,系微台新61購01,31940,0.82,0.85,0.82,0.85
711680,高技台新61購01,3330,1.11,1.11,1.11,1.11
711681,高技台新61購02,0,,,,
711682,博智台新61購01,0,,,,
711683,群聯台新61購05,38500,0.9,0.94,0.9,0.94
711684,群聯台新61購06,0,,,,
711685,雙鴻台新61購01,0,,,,
711686,雙鴻台新61購02,0,,,,
711687,世界凱基61購04,7120,0.72,0.72,0.64,0.64
711688,安勤凱基63購01,0,,,,
711689,宜鼎凱基65購02,141420,1.1,1.13,1.1,1.13
711690,翔名凱基61購03,0,,,,
711691,鈊象凱基61購04,46800,1.04,1.04,1.04,1.04
711692,中光電元大64購01,4260,0.69,0.72,0.69,0.72
711693,世界元大61購03,74500,1.31,1.33,1.26,1.3
711694,世界元大61購04,154610,0.69,0.69,0.65,0.69
711695,世界元大63購07,159180,0.39,0.39,0.38,0.38
711696,欣銓元大67購03,1001320,1.45,1.51,1.34,1.51
711697,泓格元大61購01,0,,,,
711698,家登元大61購07,287770,1.01,1.01,0.97,0.97
711699,家登元大61購08,14290,1.19,1.2,1.19,1.19
711700,家登元大65購02,104840,0.87,0.88,0.85,0.88
711701,高技元大61購01,88150,1.05,1.05,1.04,1.04
711702,博智元大61購02,0,,,,
711703,群聯元大64購09,655770,1.89,2.01,1.88,2.01
711704,頎邦元大61購05,0,,,,
711705,巨漢國票61購02,0,,,,
711706,巨漢國票61購03,0,,,,
711707,宏捷科國票64購01,0,,,,
711708,宜特國票63購01,0,,,,
711709,高技國票65購01,0,,,,
711710,世界群益61購06,331560,5.05,5.05,4.99,4.99
711711,欣銓群益61購02,187850,1.42,1.66,1.42,1.65
711712,威剛群益63購01,37800,2.9,2.91,2.89,2.91
711713,高技群益61購01,740,0.74,0.74,0.74,0.74
711714,鈊象群益61購03,917530,0.95,0.95,0.91,0.91
711715,群聯群益65購02,273970,2.01,2.17,1.98,2.17
711716,頎邦群益61購04,87260,1.58,1.64,1.58,1.64
711717,磐儀群益61購01,0,,,,
711718,營邦群益61購01,1609530,2.57,2.62,2.47,2.47
711719,雙鴻群益61購04,70930,4.06,4.35,4.06,4.35
711720,宜鼎中信61購04,110870,0.56,0.58,0.56,0.58
711721,威剛中信61購02,63060,0.51,0.51,0.5,0.5
711722,中光電永豐61購06,0,,,,
711723,元太永豐61購06,0,,,,
711724,永信建永豐65購01,34340,0.5,0.51,0.48,0.48
711725,由田永豐61購01,705460,1.55,1.63,1.5,1.63
711726,岳豐永豐64購01,0,,,,
711727,原相永豐61購05,59760,0.72,0.72,0.72,0.72
711728,順達永豐61購04,0,,,,
711729,順達永豐61購05,0,,,,
711730,群翊永豐61購02,139490,0.97,0.97,0.96,0.96
711731,群聯永豐67購04,0,,,,
711732,精華永豐61購01,0,,,,
711733,臺慶科永豐61購01,0,,,,
711734,倉和國泰63購01,0,,,,
711735,原相國泰62購01,0,,,,
711736,雙鴻國泰62購02,0,,,,
711737,由田統一65購01,351930,1.06,1.08,0.98,1.08
711738,宏捷科統一65購01,0,,,,
711739,長科*統一65購01,191940,0.64,0.68,0.63,0.68
711740,茂訊統一65購01,0,,,,
711741,高技統一67購01,0,,,,
711742,高技統一69購01,0,,,,
711743,高技統一6C購01,0,,,,
711744,博智統一65購02,0,,,,
711745,聖暉*統一65購04,0,,,,
711746,家登台新61購03,57500,1.25,1.25,1.25,1.25
711747,敘豐台新61購01,0,,,,
711748,博士旺台新61購02,0,,,,
711749,群聯台新61購08,20550,6.85,6.85,6.85,6.85
711750,群聯台新63購01,104750,5.35,5.85,5.35,5.85
711751,群聯台新64購01,223550,5.55,6.1,5.4,6.1
711752,雙鴻台新61購03,0,,,,
711753,雙鴻台新63購01,173800,15.8,15.8,15.8,15.8
711754,中光電凱基61購07,0,,,,
711755,艾訊凱基61購01,0,,,,
711756,威剛凱基61購07,307500,2.05,2.05,2.05,2.05
711757,家登凱基61購04,11200,1.12,1.12,1.12,1.12
711758,高技凱基61購01,0,,,,
711759,博智凱基61購02,64800,1.08,1.08,1.08,1.08
711760,群聯凱基61購12,204870,1.6,1.86,1.6,1.86
711761,磐儀凱基61購01,0,,,,
711762,雙鴻凱基61購09,0,,,,
711763,中光電國票61購03,450,0.45,0.45,0.45,0.45
711764,天正國票68購01,13600,0.68,0.68,0.68,0.68
711765,好德國票61購01,20400,0.43,0.46,0.43,0.46
711766,系微國票65購01,0,,,,
711767,振發國票65購01,0,,,,
711768,富喬國票61購02,0,,,,
711769,富喬國票63購01,0,,,,
711770,達航國票65購01,0,,,,
711771,蜜望實國票61購01,4160,0.52,0.52,0.52,0.52
711772,世禾群益61購01,352350,0.76,0.82,0.76,0.82
711773,世禾群益61購02,0,,,,
711774,東浦群益61購03,0,,,,
711775,家登群益63購03,698800,1.17,1.19,1.11,1.17
711776,神準群益61購01,0,,,,
711777,博士旺群益61購01,177600,1.48,1.48,1.48,1.48
711778,臺慶科群益61購02,40000,0.8,0.8,0.8,0.8
711779,蜜望實群益61購01,0,,,,
711780,磐儀群益61購02,0,,,,
711781,磐儀群益61購03,0,,,,
711782,元太元大65購04,0,,,,
711783,立碁元大61購01,248150,2.03,2.36,2.03,2.36
711784,艾訊元大61購02,0,,,,
711785,泓格元大61購02,85260,0.39,0.39,0.38,0.38
711786,博智元大61購03,0,,,,
711787,群聯元大64購10,1051760,2.01,2.16,1.97,2.16
711788,頎邦元大64購01,930,0.93,0.93,0.93,0.93
711789,蜜望實元大61購01,54570,1.07,1.07,1.07,1.07
711790,磐儀元大61購01,0,,,,
711791,營邦元大61購04,320840,1.38,1.42,1.33,1.39
711792,大學光永豐61購01,0,,,,
711793,立碁永豐61購02,2660,2.66,2.66,2.66,2.66
711794,全宇昕永豐61購02,20390,0.99,0.99,0.97,0.97
711795,伯特光永豐61購01,13300,0.89,0.89,0.88,0.88
711796,宏碁資永豐61購01,453760,0.75,0.88,0.75,0.87
711797,宜鼎永豐61購04,13440,0.84,0.84,0.84,0.84
711798,泓格永豐64購01,11000,0.44,0.44,0.44,0.44
711799,能率永豐61購01,0,,,,
711800,高技永豐61購01,119220,0.78,0.78,0.77,0.77
711801,高技永豐61購02,0,,,,
711802,高技永豐63購01,104580,0.83,0.83,0.83,0.83
711803,高技永豐67購01,55270,0.66,0.66,0.65,0.65
711804,高鋒永豐61購01,24900,0.83,0.83,0.83,0.83
711805,凱崴永豐61購02,0,,,,
711806,富喬永豐61購04,95800,3.83,3.86,3.83,3.86
711807,崴寶永豐64購01,0,,,,
711808,華電網永豐61購02,3700,0.74,0.74,0.74,0.74
711809,聖暉*永豐64購02,0,,,,
711810,僑威永豐61購01,2200,0.44,0.44,0.44,0.44
711811,蜜望實永豐61購02,10120,0.46,0.46,0.46,0.46
711812,蜜望實永豐61購03,0,,,,
711813,艾訊國泰63購01,0,,,,
711814,泓格國泰63購01,90650,0.49,0.49,0.49,0.49
711815,頎邦國泰63購01,45240,1.71,1.79,1.71,1.79
711816,頎邦國泰63購02,5177700,2.1,2.32,2.1,2.32
711817,巨漢富邦63購01,0,,,,
711818,安勤富邦63購01,0,,,,
711819,宜鼎富邦67購01,35190,0.69,0.69,0.69,0.69
711820,富喬富邦67購01,1750,1.75,1.75,1.75,1.75
711821,蜜望實富邦63購01,66120,0.42,0.43,0.42,0.43
711822,艾訊統一6C購01,0,,,,
711823,泓格統一6B購01,45700,0.44,0.44,0.43,0.43
711824,茂達統一65購04,0,,,,
711825,振發統一6C購01,0,,,,
711826,蜜望實統一65購01,0,,,,
711827,蜜望實統一6B購01,0,,,,
711828,蜜望實統一6C購01,0,,,,
711829,泓格群益61購02,10320,0.86,0.86,0.86,0.86
711830,泓格群益61購03,0,,,,
711831,元債20國票61購01,0,,,,
711832,天品國票61購02,1177200,0.96,1.21,0.96,1.18
711833,天品國票63購01,485540,0.81,1.03,0.81,1.03
711834,方土昶國票65購01,8760,0.73,0.73,0.73,0.73
711835,宏碁資國票65購01,68870,0.79,0.88,0.79,0.87
711836,倚強國票61購01,11720,2.32,2.35,2.32,2.35
711837,智通*國票61購03,0,,,,
711838,雙鴻國票66購01,22600,2.26,2.26,2.26,2.26
711839,穩得國票61購01,0,,,,
711840,中光電中信61購01,0,,,,
711841,大世科永豐61購01,0,,,,
711842,中美晶永豐64購03,0,,,,
711843,友輝永豐61購01,0,,,,
711844,安勤永豐61購01,0,,,,
711845,岱稜永豐61購01,0,,,,
711846,東洋永豐61購01,0,,,,
711847,統振永豐61購01,0,,,,
711848,智擎永豐61購01,0,,,,
711849,頎邦永豐63購01,188670,2.03,2.2,2.03,2.2
711850,銳澤永豐61購01,0,,,,
711851,雙鴻永豐61購06,0,,,,
711852,中美晶元大63購04,462310,0.61,0.61,0.6,0.6
711853,中美晶元大67購01,248000,0.5,0.5,0.5,0.5
711854,安勤元大61購01,95380,0.38,0.38,0.38,0.38
711855,艾訊元大61購03,120000,0.6,0.6,0.6,0.6
711856,欣銓元大65購01,654170,1.7,1.9,1.7,1.9
711857,泓格元大67購01,140700,0.81,0.81,0.78,0.78
711858,晟田元大61購04,0,,,,
711859,順達元大63購02,0,,,,
711860,群聯元大64購11,458500,1.4,1.53,1.4,1.53
711861,廣積元大61購01,61000,0.61,0.61,0.61,0.61
711862,雙鴻元大61購17,0,,,,
711863,雙鴻元大61購18,241270,2.4,2.58,2.26,2.43
711864,雙鴻元大63購04,4693270,1.41,1.5,1.39,1.41
711865,中美晶台新65購01,0,,,,
711866,智通*台新61購01,120060,0.87,0.87,0.87,0.87
711867,群聯台新61購09,18630,2.07,2.07,2.07,2.07
711868,頎邦台新61購07,315530,3.42,3.68,3.42,3.58
711869,蜜望實台新61購01,308310,1.17,1.2,1.17,1.19
711870,廣積台新61購01,0,,,,
711871,中美晶凱基61購11,12750,0.75,0.75,0.75,0.75
711872,中美晶凱基63購02,0,,,,
711873,元太凱基66購01,31130,0.85,0.85,0.84,0.84
711874,立碁凱基61購01,1772650,1.51,1.86,1.47,1.77
711875,宜鼎凱基61購06,476000,0.9,0.91,0.9,0.91
711876,宜鼎凱基63購01,0,,,,
711877,富喬凱基61購07,0,,,,
711878,頎邦凱基61購06,33800,3.38,3.38,3.38,3.38
711879,蜜望實凱基61購01,37760,0.75,0.77,0.75,0.77
711880,營邦凱基61購04,53360,3.18,3.18,3.04,3.04
711881,雙鴻凱基63購04,0,,,,
711882,中光電國泰63購01,0,,,,
711883,立碁國泰63購01,1050690,3.25,3.67,3.25,3.59
711884,博智國泰63購01,0,,,,
711885,富喬國泰63購01,0,,,,
711886,富喬國泰63購02,0,,,,
711887,智通*國泰63購01,128290,1.01,1.01,0.98,1.0
711888,廣積國泰63購01,0,,,,
711889,中美晶富邦63購02,78180,0.73,0.76,0.71,0.76
711890,中美晶富邦67購01,1860,0.62,0.62,0.62,0.62
711891,中美晶富邦77購01,12600,0.82,0.88,0.82,0.88
711892,世界富邦61購04,164410,0.57,0.57,0.53,0.53
711893,世界富邦67購01,138210,0.69,0.69,0.66,0.66
711894,高技富邦63購01,6100,0.61,0.61,0.61,0.61
711895,昱展統一67購01,0,,,,
711896,高技統一67購02,0,,,,
711897,蜜望實統一67購01,26520,0.51,0.51,0.51,0.51
711898,磐儀統一67購01,0,,,,
711899,中美晶群益61購03,15210,1.17,1.17,1.17,1.17
711900,元太群益61購01,147540,0.93,0.94,0.88,0.9
711901,高技群益61購02,0,,,,
711902,廣積群益61購01,87690,0.79,0.79,0.79,0.79
711903,廣積群益63購01,88560,0.82,0.82,0.82,0.82
711904,雙鴻群益61購05,0,,,,
711905,中光電凱基61購08,0,,,,
711906,中美晶凱基61購12,38900,1.29,1.3,1.29,1.3
711907,立碁凱基61購02,837390,1.71,1.95,1.71,1.88
711908,艾訊凱基61購02,49780,0.49,0.49,0.48,0.49
711909,欣銓凱基65購01,307950,1.8,1.8,1.73,1.78
711910,泓格凱基61購02,8100,0.81,0.81,0.81,0.81
711911,威剛凱基63購01,0,,,,
711912,振發凱基61購01,50560,1.88,1.89,1.85,1.89
711913,智通*凱基61購05,0,,,,
711914,順達凱基63購02,13100,1.31,1.31,1.31,1.31
711915,群聯凱基61購13,104560,1.44,1.52,1.44,1.52
711916,M31台新67購01,83240,1.95,2.11,1.95,2.09
711917,世界台新61購04,94480,1.67,1.71,1.65,1.7
711918,群聯台新67購05,21330,3.53,3.58,3.53,3.58
711919,群聯台新67購06,3220,3.22,3.22,3.22,3.22
711920,M31元大61購03,333660,1.35,1.51,1.35,1.49
711921,中美晶元大61購10,0,,,,
711922,中美晶元大67購02,168300,0.55,0.55,0.55,0.55
711923,立碁元大61購02,2768260,1.64,1.94,1.59,1.83
711924,宜鼎元大61購11,0,,,,
711925,泓格元大61購03,366960,0.66,0.66,0.66,0.66
711926,威剛元大61購07,51900,1.73,1.73,1.73,1.73
711927,鈊象元大61購02,216950,1.09,1.1,1.06,1.06
711928,群聯元大61購21,293520,1.38,1.51,1.37,1.51
711929,群聯元大63購06,98780,1.28,1.33,1.28,1.33
711930,中美晶永豐64購04,23540,1.32,1.4,1.32,1.4
711931,世界永豐64購01,39300,1.65,1.66,1.62,1.64
711932,宜鼎永豐61購05,0,,,,
711933,宜鼎永豐63購03,280380,1.02,1.04,1.02,1.04
711934,鈊象永豐61購02,54000,1.06,1.06,1.02,1.04
711935,廣積永豐61購02,434410,0.83,0.84,0.82,0.84
711936,加高國票65購01,0,,,,
711937,立碁國票64購01,57140,1.58,1.75,1.58,1.75
711938,泓格國票61購02,0,,,,
711939,茂迪國票64購01,0,,,,
711940,陽程國票61購03,8540,4.27,4.27,4.27,4.27
711941,頎邦國票63購01,4508100,2.13,2.38,2.13,2.38
711942,廣積國票67購01,24800,0.7,0.71,0.7,0.71
711943,磐儀國票66購01,0,,,,
711944,晟田國泰63購01,118760,0.81,0.9,0.81,0.89
711945,立碁富邦61購03,920180,0.91,1.09,0.89,1.03
711946,威剛富邦64購02,139460,0.56,0.56,0.55,0.55
711947,頎邦統一6A購01,915800,1.18,1.23,1.18,1.23
711948,中光電群益62購01,0,,,,
711949,正德國票62購01,52000,1.04,1.04,1.04,1.04
711950,威剛國票62購03,26800,1.34,1.34,1.34,1.34
711951,美達國票62購01,0,,,,
711952,森鉅國票67購01,0,,,,
711953,群聯國票62購02,0,,,,
711954,世界中信62購01,74200,0.47,0.47,0.45,0.45
711955,宜鼎永豐63購04,425330,1.54,1.59,1.54,1.57
711956,富喬永豐62購01,0,,,,
711957,富喬永豐63購01,175740,4.17,4.17,4.0,4.0
711958,台嘉碩國泰63購01,0,,,,
711959,宜鼎國泰63購01,0,,,,
711960,群聯國泰65購01,144240,2.48,2.67,2.4,2.67
711961,群聯富邦63購04,0,,,,
711962,群聯富邦63購05,162100,1.29,1.42,1.29,1.42
711963,群聯富邦63購06,254860,1.34,1.44,1.34,1.44
711964,頎邦富邦63購03,16400,1.64,1.64,1.64,1.64
711965,雙鴻富邦63購03,0,,,,
711966,雙鴻富邦63購04,12600,2.52,2.52,2.52,2.52
711967,M31台新62購02,0,,,,
711968,頎邦台新62購01,0,,,,
711969,元太凱基65購01,48600,0.9,0.9,0.9,0.9
711970,宜鼎凱基62購01,156560,1.52,1.52,1.52,1.52
711971,威剛凱基63購02,12780,2.12,2.14,2.12,2.12
711972,高技凱基62購01,75660,1.94,1.94,1.94,1.94
711973,富喬凱基62購02,15750,7.75,8.0,7.75,8.0
711974,群聯凱基62購01,19320,3.22,3.22,3.22,3.22
711975,頎邦凱基63購02,22620,4.4,4.71,4.4,4.71
711976,廣積凱基62購01,0,,,,
711977,磐儀凱基62購01,1720,0.86,0.86,0.86,0.86
711978,雙鴻凱基62購01,0,,,,
711979,M31元大62購01,169670,1.32,1.38,1.32,1.38
711980,M31元大65購01,764800,0.99,1.07,0.99,1.04
711981,巨漢元大62購01,155840,1.12,1.14,1.12,1.14
711982,良維元大62購01,20020,1.91,2.14,1.91,2.14
711983,威剛元大62購03,50740,1.96,1.96,1.94,1.94
711984,博智元大62購01,0,,,,
711985,富喬元大67購01,5150,5.15,5.15,5.15,5.15
711986,鈊象元大62購05,334240,0.86,0.86,0.84,0.84
711987,鈊象元大62購06,206680,1.53,1.53,1.51,1.51
711988,群聯元大62購04,1395090,1.95,2.13,1.95,2.13
711989,中光電永豐63購01,59850,1.33,1.33,1.33,1.33
711990,家登永豐63購01,0,,,,
711991,富喬永豐65購02,4600,4.6,4.6,4.6,4.6
711992,富喬永豐68購02,0,,,,
711993,群聯永豐64購10,18040,1.64,1.64,1.64,1.64
711994,新應材群益62購01,828730,1.3,1.3,1.18,1.19
711995,中美晶台新62購01,183060,1.13,1.13,1.13,1.13
711996,宜鼎台新62購02,20860,1.49,1.49,1.49,1.49
711997,欣銓台新62購01,53300,4.1,4.1,4.1,4.1
711998,威剛台新62購02,45140,1.22,1.22,1.22,1.22
711999,倉和台新68購01,9700,9.7,9.7,9.7,9.7
712000,臺慶科台新62購01,21320,1.64,1.64,1.64,1.64
712001,中光電凱基63購01,0,,,,
712002,中美晶凱基63購04,0,,,,
712003,巨漢凱基63購01,0,,,,
712004,良維凱基63購01,232390,2.86,3.15,2.78,2.98
712005,博智凱基63購03,4660,2.33,2.33,2.33,2.33
712006,順達凱基63購03,32880,2.06,2.06,2.05,2.05
712007,鈊象凱基64購03,484450,2.07,2.07,2.0,2.03
712008,群聯凱基63購04,0,,,,
712009,群聯凱基64購05,101200,3.89,3.93,3.87,3.93
712010,元太國票64購01,0,,,,
712011,世紀*國票66購01,251250,5.1,5.35,5.05,5.35
712012,光焱國票66購01,124690,0.64,0.65,0.6,0.63
712013,光焱國票68購01,717000,1.09,1.09,0.99,1.03
712014,沛亨國票66購01,109420,2.6,2.61,2.6,2.61
712015,宜鼎國票68購01,38100,1.27,1.27,1.27,1.27
712016,順達國票65購02,0,,,,
712017,臺慶科國票64購01,66630,1.15,1.15,1.14,1.14
712018,譜瑞國票66購01,0,,,,
712019,中美晶元大64購03,0,,,,
712020,均華元大64購01,220470,2.77,2.96,2.77,2.96
712021,均豪元大64購03,36400,1.3,1.3,1.3,1.3
712022,系統電元大64購01,0,,,,
712023,良維元大63購02,0,,,,
712024,良維元大64購01,4650,1.55,1.55,1.55,1.55
712025,宜鼎元大64購01,317070,1.17,1.17,1.17,1.17
712026,陽程元大64購01,0,,,,
712027,鈊象元大63購06,194280,1.31,1.31,1.27,1.27
712028,鈊象元大63購07,607800,0.98,0.98,0.95,0.95
712029,鈊象元大64購03,9000,0.64,0.65,0.64,0.65
712030,新應材元大63購01,99730,1.92,1.92,1.81,1.81
712031,新應材元大63購02,135620,1.67,1.75,1.67,1.75
712032,新應材元大63購03,7040,1.77,1.77,1.75,1.75
712033,新應材元大64購01,48160,1.78,1.83,1.78,1.83
712034,群聯元大63購07,905830,2.0,2.18,1.98,2.18
712035,群聯元大63購08,248330,2.43,2.54,2.37,2.54
712036,群聯元大64購12,296260,1.45,1.52,1.44,1.52
712037,威剛國泰63購01,0,,,,
712038,聖暉*國泰63購01,638340,0.82,0.91,0.82,0.9
712039,M31富邦65購01,1242690,0.79,0.86,0.79,0.85
712040,群聯富邦64購02,0,,,,
712041,台特化國票67購01,0,,,,
712042,艾訊國票67購01,68760,0.91,0.91,0.89,0.89
712043,宏捷科國票69購01,0,,,,
712044,高技國票65購02,0,,,,
712045,博磊國票66購01,16200,0.81,0.81,0.81,0.81
712046,竑騰群益62購01,45900,2.29,2.3,2.29,2.3
712047,順達群益62購01,0,,,,
712048,新應材群益62購02,0,,,,
712049,聖暉*群益62購01,0,,,,
712050,營邦群益62購01,0,,,,
712051,營邦群益62購02,0,,,,
712052,中光電元大64購02,4700,0.47,0.47,0.47,0.47
712053,宜鼎元大63購05,201320,1.31,1.36,1.31,1.36
712054,宜鼎元大64購02,205860,1.13,1.14,1.13,1.14
712055,威剛元大63購01,24550,1.64,1.64,1.63,1.63
712056,威剛元大64購02,0,,,,
712057,倉和元大63購01,82000,8.2,8.2,8.2,8.2
712058,高技元大63購01,113190,2.28,2.28,2.26,2.27
712059,富喬元大63購02,0,,,,
712060,智通*元大63購03,127000,2.54,2.54,2.54,2.54
712061,智通*元大64購01,132240,1.74,1.74,1.74,1.74
712062,群聯元大63購09,69900,1.9,2.06,1.87,2.06
712063,蜜望實元大63購01,138180,0.73,0.74,0.73,0.74
712064,廣穎元大63購01,0,,,,
712065,雙鴻元大63購05,0,,,,
712066,雙鴻元大63購06,0,,,,
712067,雙鴻元大64購03,1179780,2.08,2.12,2.0,2.08
712068,均華國泰63購01,33770,4.86,4.86,4.81,4.81
712069,家登國泰63購01,0,,,,
712070,順達國泰63購01,0,,,,
712071,順達國泰63購02,48200,1.76,1.8,1.76,1.8
712072,鈊象國泰63購01,0,,,,
712073,新應材國泰63購01,11080,2.29,2.29,2.14,2.14
712074,營邦國泰63購01,0,,,,
712075,新應材中信62購01,73980,0.84,0.85,0.82,0.82
712076,竑騰永豐63購01,102100,1.6,1.6,1.55,1.55
712077,博磊永豐63購01,117700,1.0,1.15,1.0,1.15
712078,順達永豐63購01,0,,,,
712079,新應材永豐68購01,0,,,,
712080,新應材永豐68購02,157100,0.8,0.83,0.79,0.83
712081,新應材永豐68購03,0,,,,
712082,群聯永豐64購11,81640,2.15,2.26,2.15,2.26
712083,均華凱基64購01,240900,3.3,3.5,3.3,3.5
712084,沛亨凱基63購01,30900,3.86,3.97,3.83,3.97
712085,宜鼎凱基68購01,420730,2.1,2.13,2.06,2.13
712086,新應材凱基63購01,0,,,,
712087,新應材凱基63購02,0,,,,
712088,新應材凱基63購03,0,,,,
712089,新應材凱基64購01,199670,1.83,1.89,1.83,1.87
712090,群聯凱基63購05,113950,3.83,4.11,3.83,4.11
712091,臺慶科凱基63購02,0,,,,
712092,雙鴻凱基63購05,48150,5.35,5.35,5.35,5.35
712093,譜瑞凱基63購01,384530,1.46,1.56,1.46,1.56
712094,世界台新65購01,148190,2.55,2.62,2.47,2.47
712095,巨漢台新62購01,3835790,1.69,1.82,1.66,1.82
712096,均華台新62購01,2920,2.92,2.92,2.92,2.92
712097,均華台新62購02,0,,,,
712098,宜鼎台新62購03,31200,1.56,1.56,1.56,1.56
712099,竑騰台新62購01,0,,,,
712100,家登台新62購02,0,,,,
712101,國眾台新65購01,0,,,,
712102,博磊台新62購01,271680,1.1,1.26,1.1,1.26
712103,群聯台新68購01,56370,3.36,3.66,3.36,3.66
712104,聚和台新62購01,0,,,,
712105,營邦台新62購01,0,,,,
712106,營邦台新62購02,6480,3.24,3.24,3.24,3.24
712107,營邦台新65購01,7040,3.52,3.52,3.52,3.52
712108,均華富邦63購01,0,,,,
712109,宜鼎富邦62購01,350350,0.91,0.91,0.91,0.91
712110,家登富邦64購01,0,,,,
712111,家登富邦64購02,0,,,,
712112,順達富邦63購02,29320,1.05,1.05,1.04,1.05
712113,新應材富邦63購03,103880,0.84,0.85,0.82,0.85
712114,新應材富邦64購01,138140,0.77,0.77,0.73,0.73
712115,營邦富邦64購01,0,,,,
712116,新應材統一71購01,0,,,,
712117,新應材統一71購02,0,,,,
712118,群聯統一6A購01,33540,1.05,1.11,1.05,1.11
712119,世禾國票66購01,63620,0.87,0.88,0.86,0.88
712120,系統電國票67購01,18500,0.8,0.81,0.8,0.81
712121,系微國票65購02,43460,0.82,0.82,0.82,0.82
712122,松上國票65購01,690,0.69,0.69,0.69,0.69
712123,前鼎國票65購01,0,,,,
712124,能率國票65購01,0,,,,
712125,華景電國票65購02,4040,1.01,1.01,1.01,1.01
712126,順達國票67購01,0,,,,
712127,廣穎國票65購02,0,,,,
712128,中美晶台新65購02,0,,,,
712129,宜鼎台新62購04,26260,1.65,1.65,1.63,1.63
712130,新應材台新62購01,93570,1.42,1.42,1.29,1.29
712131,新應材台新62購02,8640,2.16,2.16,2.16,2.16
712132,中光電元大64購03,0,,,,
712133,中美晶元大64購04,789330,1.52,1.62,1.52,1.6
712134,台特化元大64購01,63710,1.13,1.14,1.13,1.14
712135,富喬元大64購05,0,,,,
712136,廣積元大63購04,7530,2.51,2.51,2.51,2.51
712137,營邦元大64購01,0,,,,
712138,中美晶中信62購01,121010,0.72,0.77,0.72,0.77
712139,富喬中信64購01,36680,2.45,2.45,2.44,2.44
712140,中光電永豐63購02,0,,,,
712141,系統電永豐64購02,12960,1.08,1.08,1.08,1.08
712142,宜鼎永豐63購05,11790,1.31,1.31,1.31,1.31
712143,宜鼎永豐64購03,87890,1.47,1.5,1.47,1.5
712144,宜鼎永豐65購02,103990,1.1,1.11,1.1,1.11
712145,倉和永豐63購01,0,,,,
712146,耕興永豐63購01,0,,,,
712147,晟德永豐63購01,0,,,,
712148,頎邦永豐63購02,84170,3.11,3.24,3.11,3.24
712149,雙鴻永豐63購04,0,,,,
712150,雙鴻永豐64購04,173350,3.75,3.8,3.75,3.8
712151,M31群益62購01,273570,0.77,0.82,0.77,0.82
712152,世界群益62購03,850510,2.41,2.43,2.22,2.22
712153,均華群益68購01,2703740,3.76,4.02,3.76,4.02
712154,宜特群益62購01,55500,1.35,1.4,1.35,1.4
712155,家登群益62購01,151350,3.35,3.39,3.35,3.39
712156,博智群益63購02,0,,,,
712157,群聯群益64購02,1107520,3.59,4.05,3.59,4.05
712158,頎邦群益62購01,0,,,,
712159,雙鴻群益64購01,148850,6.8,6.8,6.65,6.7
712160,中美晶凱基63購05,120060,2.35,2.39,2.34,2.34
712161,宏捷科凱基67購01,104930,1.07,1.13,1.07,1.13
712162,系統電凱基64購01,37300,1.24,1.25,1.24,1.24
712163,宜鼎凱基63購02,19920,1.66,1.66,1.66,1.66
712164,威剛凱基64購02,0,,,,
712165,倉和凱基63購01,0,,,,
712166,智通*凱基63購01,0,,,,
712167,群聯凱基63購06,0,,,,
712168,蜜望實凱基63購01,0,,,,
712169,營邦凱基63購01,4520,4.52,4.52,4.52,4.52
712170,雙鴻凱基63購06,49050,5.45,5.45,5.45,5.45
712171,巨漢富邦63購02,85860,0.53,0.53,0.53,0.53
712172,博智富邦63購02,51040,0.88,0.88,0.88,0.88
712173,頎邦富邦64購02,0,,,,
712174,中美晶國泰63購03,96310,1.92,2.04,1.91,2.04
712175,巨漢國泰63購01,0,,,,
712176,頎邦國泰63購03,0,,,,
712177,雙鴻國泰63購02,0,,,,
712178,元太統一6A購01,0,,,,
712179,富喬統一6A購01,0,,,,
712180,中光電元大64購04,0,,,,
712181,弘塑元大63購03,4650,0.93,0.93,0.93,0.93
712182,弘塑元大64購02,148220,1.06,1.07,1.04,1.04
712183,艾訊元大63購01,55900,1.12,1.12,1.11,1.12
712184,威剛元大63購04,0,,,,
712185,威剛元大64購03,4568280,0.98,0.98,0.97,0.97
712186,博智元大64購01,1460,0.73,0.73,0.73,0.73
712187,萬潤元大63購01,1570190,1.12,1.12,1.08,1.12
712188,中光電台新65購01,12690,1.15,1.19,1.15,1.19
712189,中美晶台新65購03,13560,1.13,1.13,1.13,1.13
712190,均華台新62購03,39200,2.8,2.8,2.8,2.8
712191,欣銓台新62購02,0,,,,
712192,威剛台新65購01,13500,0.9,0.9,0.9,0.9
712193,威剛台新68購01,0,,,,
712194,家登台新62購03,7880,1.97,1.97,1.97,1.97
712195,家登台新65購01,20260,1.52,1.57,1.52,1.57
712196,萬潤台新62購01,26400,1.3,1.34,1.3,1.34
712197,萬潤台新62購02,71800,1.86,1.86,1.84,1.84
712198,萬潤台新62購03,149070,2.25,2.27,2.2,2.23
712199,萬潤台新65購01,474100,1.82,1.82,1.77,1.8
712200,萬潤台新68購01,2287360,2.13,2.14,2.08,2.13
712201,世禾凱基66購01,5180,0.74,0.74,0.74,0.74
712202,世界凱基63購04,354050,1.06,1.06,0.98,1.02
712203,台特化凱基63購02,15120,1.68,1.68,1.68,1.68
712204,宜特凱基63購01,6270,0.57,0.57,0.57,0.57
712205,高技凱基63購01,74620,0.91,0.91,0.91,0.91
712206,博智凱基63購04,0,,,,
712207,智通*凱基63購02,0,,,,
712208,新應材凱基63購05,0,,,,
712209,廣積凱基63購01,126640,1.32,1.32,1.31,1.32
712210,廣穎凱基63購01,0,,,,
712211,富喬中信64購02,40400,1.99,2.05,1.99,2.05
712212,中美晶永豐64購05,87260,0.96,0.96,0.95,0.95
712213,天正永豐65購01,0,,,,
712214,朋億*永豐63購01,108710,0.94,0.97,0.94,0.97
712215,金山電永豐65購01,18600,0.74,0.76,0.74,0.76
712216,家登永豐63購02,0,,,,
712217,港建*永豐64購01,0,,,,
712218,萬潤永豐65購01,557720,1.1,1.11,1.08,1.1
712219,萬潤永豐66購01,0,,,,
712220,萬潤永豐68購01,311040,1.62,1.62,1.62,1.62
712221,德昌永豐65購01,0,,,,
712222,營邦永豐63購01,0,,,,
712223,久元國票66購01,0,,,,
712224,互動國票66購01,0,,,,
712225,朋億*國票66購01,0,,,,
712226,金山電國票65購01,8280,0.69,0.69,0.69,0.69
712227,金山電國票67購01,0,,,,
712228,家登國票63購01,0,,,,
712229,高技國票66購01,0,,,,
712230,凱崴國票65購01,0,,,,
712231,博磊國票68購01,15390,0.57,0.57,0.57,0.57
712232,港建*國票63購01,15360,0.96,0.96,0.96,0.96
712233,瑞穎國票63購01,0,,,,
712234,萬潤國票66購01,38260,0.9,0.9,0.87,0.9
712235,萬潤國票68購01,37010,0.97,0.98,0.95,0.95
712236,中美晶富邦62購02,310870,0.86,0.9,0.86,0.9
712237,弘塑富邦63購02,58480,0.68,0.68,0.68,0.68
712238,威剛富邦62購02,500,0.5,0.5,0.5,0.5
712239,中美晶群益62購03,34780,1.79,1.9,1.79,1.9
712240,台嘉碩群益62購01,13320,1.11,1.11,1.11,1.11
712241,弘塑群益62購01,0,,,,
712242,弘塑群益62購02,2790,0.93,0.93,0.93,0.93
712243,宏捷科群益64購01,247050,0.99,0.99,0.9,0.9
712244,系統電群益62購01,0,,,,
712245,宜鼎群益62購01,11130,0.85,0.86,0.85,0.86
712246,金山電群益62購01,79430,1.4,1.4,1.39,1.39
712247,前鼎群益68購01,228350,4.95,5.35,4.95,5.35
712248,威剛群益62購03,0,,,,
712249,原相群益62購01,47600,1.19,1.19,1.19,1.19
712250,智通*群益62購01,0,,,,
712251,新應材群益66購01,0,,,,
712252,萬潤群益68購01,1566680,1.75,1.75,1.71,1.75
712253,群聯群益68購01,190140,3.37,3.63,3.37,3.63
712254,頎邦群益62購02,470700,3.79,4.02,3.79,4.02
712255,雙鴻群益62購03,84500,3.0,3.2,3.0,3.1
712256,元太統一66購01,0,,,,
712257,世禾統一68購01,376200,0.7,0.76,0.69,0.76
712258,沛亨統一68購02,204680,1.39,1.39,1.29,1.34
712259,金山電統一67購01,27040,0.52,0.52,0.52,0.52
712260,金山電統一6B購01,738010,0.67,0.68,0.67,0.68
712261,金山電統一6C購01,0,,,,
712262,能率亞統一68購01,0,,,,
712263,港建*統一6B購01,3100,0.62,0.62,0.62,0.62
712264,新應材統一68購01,0,,,,
712265,萬潤統一65購01,69130,0.98,0.98,0.96,0.98
712266,萬潤統一6A購03,607580,0.93,0.93,0.92,0.92
712267,萬潤統一6B購01,7100,0.71,0.71,0.71,0.71
712268,萬潤統一6C購01,97400,0.67,0.68,0.67,0.68
712269,弘塑國泰63購01,0,,,,
712270,弘塑國泰63購02,0,,,,
712271,泓格國泰63購02,202580,1.02,1.02,1.01,1.01
712272,金山電國泰63購01,1990,1.99,1.99,1.99,1.99
712273,金山電國泰64購01,120900,1.95,1.95,1.95,1.95
712274,萬潤國泰63購01,834600,1.52,1.52,1.47,1.5
712275,弘塑台新62購01,0,,,,
712276,弘塑台新62購02,27230,0.93,0.94,0.93,0.94
712277,弘塑台新62購03,65420,0.9,0.9,0.89,0.89
712278,弘塑台新68購01,0,,,,
712279,弘塑台新68購02,29870,1.03,1.03,1.03,1.03
712280,沛亨台新62購01,0,,,,
712281,沛亨台新62購02,119460,2.05,2.07,2.01,2.07
712282,韋僑台新62購01,0,,,,
712283,韋僑台新62購02,0,,,,
712284,竑騰台新62購02,38700,1.29,1.29,1.29,1.29
712285,博智台新62購01,0,,,,
712286,新應材台新62購03,77090,1.01,1.02,0.94,0.94
712287,群聯台新62購01,0,,,,
712288,群聯台新62購02,0,,,,
712289,雙鴻台新62購01,0,,,,
712290,雙鴻台新68購01,0,,,,
712291,雙鴻台新68購02,300250,2.64,2.75,2.59,2.59
712292,中光電元大63購02,0,,,,
712293,中光電元大64購05,7200,0.72,0.72,0.72,0.72
712294,世界元大63購08,247420,1.57,1.61,1.51,1.55
712295,世界元大63購09,136130,1.04,1.05,1.01,1.02
712296,世界元大64購09,351560,0.6,0.61,0.57,0.57
712297,弘塑元大64購03,8940,0.65,0.65,0.63,0.63
712298,良維元大64購02,219180,1.2,1.33,1.19,1.33
712299,宜鼎元大64購03,26510,0.98,1.01,0.98,1.01
712300,陽程元大64購02,142760,2.57,2.71,2.52,2.71
712301,鈊象元大63購08,80800,0.8,0.8,0.8,0.8
712302,中光電凱基65購01,0,,,,
712303,中美晶凱基63購06,0,,,,
712304,弘塑凱基63購01,32490,0.57,0.57,0.57,0.57
712305,弘塑凱基64購01,8600,0.86,0.86,0.86,0.86
712306,金山電凱基63購01,231660,1.1,1.14,1.1,1.14
712307,金山電凱基63購02,102850,1.21,1.21,1.21,1.21
712308,威剛凱基63購04,0,,,,
712309,群聯凱基66購03,74900,1.29,1.3,1.29,1.3
712310,頎邦凱基64購03,231270,2.0,2.19,2.0,2.11
712311,雙鴻凱基63購08,210680,3.06,3.15,2.91,3.12
712312,均華國泰64購01,0,,,,
712313,新應材國泰64購01,25020,1.39,1.39,1.39,1.39
712314,弘塑統一67購01,17690,0.54,0.54,0.53,0.54
712315,由田統一68購01,24910,0.96,0.96,0.95,0.95
712316,金山電統一66購01,51300,0.45,0.45,0.45,0.45
712317,金山電統一68購01,67500,0.67,0.68,0.67,0.68
712318,前鼎統一6C購01,122230,1.01,1.03,1.01,1.03
712319,倉和統一68購01,0,,,,
712320,富喬中信64購03,829050,1.25,1.3,1.22,1.22
712321,元太永豐63購01,0,,,,
712322,巨漢永豐63購01,59860,0.73,0.73,0.73,0.73
712323,宏碁資永豐63購01,531660,0.88,1.03,0.88,1.03
712324,建榮永豐64購01,94190,1.33,1.33,1.22,1.23
712325,胡連永豐63購01,398620,0.76,0.78,0.76,0.78
712326,茂綸永豐64購01,212990,1.06,1.06,0.95,0.96
712327,茂綸永豐65購01,255550,1.26,1.27,1.16,1.19
712328,竑騰永豐64購01,138640,1.14,1.15,1.14,1.15
712329,富喬永豐64購02,40630,2.39,2.39,2.39,2.39
712330,富喬永豐67購01,0,,,,
712331,聖暉*永豐63購01,119180,1.36,1.39,1.36,1.37
712332,元太國票66購01,9800,0.49,0.49,0.49,0.49
712333,世界國票67購01,372650,1.23,1.24,1.16,1.16
712334,弘塑國票66購01,0,,,,
712335,全宇昕國票65購02,0,,,,
712336,均華國票63購01,154690,1.56,1.63,1.56,1.63
712337,長佳智國票65購01,0,,,,
712338,前鼎國票67購01,56600,1.83,1.94,1.83,1.94
712339,博智國票63購01,0,,,,
712340,智通*國票63購01,90090,1.17,1.17,1.17,1.17
712341,新應材國票63購01,0,,,,
712342,新應材國票64購01,0,,,,
712343,廣穎國票67購01,0,,,,
712344,德勝國票66購01,560,0.56,0.56,0.56,0.56
712345,世界群益67購01,26200,1.01,1.03,0.99,0.99
712346,台特化群益67購01,0,,,,
712347,由田群益62購01,53240,2.51,2.58,2.41,2.58
712348,宏捷科群益62購01,20460,0.66,0.66,0.66,0.66
712349,沛亨群益62購01,168220,2.71,2.75,2.67,2.7
712350,茂達群益62購01,1920,0.96,0.96,0.96,0.96
712351,矽科台新62購01,0,,,,
712352,新應材台新62購04,16200,1.62,1.62,1.62,1.62
712353,世界凱基63購05,0,,,,
712354,台特化凱基67購01,137350,1.6,1.65,1.6,1.65
712355,宜鼎凱基63購03,0,,,,
712356,前鼎凱基67購01,159600,2.1,2.18,2.05,2.18
712357,新應材凱基64購02,0,,,,
712358,青雲元大63購01,96750,0.8,0.8,0.79,0.79
712359,鈊象中信62購01,0,,,,
712360,前鼎永豐68購01,128720,2.22,2.22,2.2,2.22
712361,博智永豐63購01,0,,,,
712362,達航永豐63購02,37800,1.26,1.26,1.26,1.26
712363,廣積永豐63購01,0,,,,
712364,東洋國票63購01,0,,,,
712365,前鼎國票68購01,189800,1.79,1.79,1.67,1.79
712366,竑騰國票63購01,226560,1.19,1.2,1.17,1.17
712367,聚和國票65購01,0,,,,
712368,廣積國票65購02,0,,,,
712369,中美晶群益64購02,0,,,,
712370,欣銓群益63購01,979470,2.64,2.7,2.57,2.68
712371,金山電群益63購01,30510,1.13,1.13,1.13,1.13
712372,青雲群益63購01,0,,,,
712373,威剛群益64購01,0,,,,
712374,家登群益63購04,2120,2.12,2.12,2.12,2.12
712375,群聯群益64購03,255020,1.06,1.09,1.06,1.09
712376,雙鴻群益64購02,297380,2.09,2.09,2.02,2.07
712377,群聯國泰67購01,0,,,,
712378,世界富邦65購01,277540,0.68,0.68,0.63,0.63
712379,富喬富邦62購01,0,,,,
712380,新應材富邦64購02,0,,,,
712381,沛亨統一65購03,586860,1.39,1.39,1.27,1.37
712382,長科*統一68購01,0,,,,
712383,前鼎統一66購01,8460,1.41,1.41,1.41,1.41
712384,前鼎統一68購01,54720,1.05,1.05,0.98,1.04
712385,富喬統一65購04,1820,1.82,1.82,1.82,1.82
712386,頎邦統一66購02,3947810,1.32,1.46,1.28,1.43
712387,M31國票67購01,3000,0.75,0.75,0.75,0.75
712388,博磊國票65購01,0,,,,
712389,宜鼎台新65購01,52780,1.12,1.13,1.12,1.13
712390,青雲台新63購01,85660,1.86,1.87,1.86,1.86
712391,宸曜台新62購01,0,,,,
712392,宸曜台新62購02,0,,,,
712393,新應材台新64購01,0,,,,
712394,群聯台新65購01,47520,1.1,1.19,1.1,1.19
712395,雙鴻台新65購01,0,,,,
712396,雙鴻台新65購02,0,,,,
712397,M31凱基63購01,92000,0.92,0.92,0.92,0.92
712398,中美晶凱基64購02,0,,,,
712399,方土昶凱基63購01,0,,,,
712400,宜鼎凱基63購04,178880,0.34,0.36,0.34,0.36
712401,青雲凱基63購01,77660,1.38,1.38,1.36,1.38
712402,威剛凱基64購03,0,,,,
712403,富喬凱基65購01,0,,,,
712404,富喬凱基68購01,17710,2.53,2.53,2.53,2.53
712405,群聯凱基63購07,118780,1.27,1.41,1.27,1.41
712406,群聯凱基63購08,58830,1.11,1.11,1.11,1.11
712407,群聯凱基63購09,103160,1.24,1.36,1.24,1.36
712408,群聯凱基63購10,0,,,,
712409,雙鴻凱基63購09,432720,2.41,2.56,2.21,2.46
712410,方土昶群益63購01,0,,,,
712411,世界群益66購02,25500,0.85,0.85,0.85,0.85
712412,世紀*群益63購01,0,,,,
712413,世紀*群益63購02,0,,,,
712414,台特化群益66購01,0,,,,
712415,弘塑群益63購01,0,,,,
712416,艾訊群益63購01,109000,0.6,0.6,0.58,0.58
712417,艾訊群益63購02,13630,0.47,0.47,0.47,0.47
712418,倚強群益69購01,0,,,,
712419,群聯群益64購04,5500,0.66,0.72,0.66,0.72
712420,廣穎群益62購01,0,,,,
712421,雙鴻群益65購01,247030,1.53,1.66,1.5,1.55
712422,閎康元大63購04,233120,0.47,0.47,0.47,0.47
712423,新應材元大63購04,139720,0.28,0.28,0.28,0.28
712424,新應材元大64購02,72040,0.85,0.85,0.77,0.77
712425,營邦元大64購02,356290,2.08,2.11,2.05,2.08
712426,宜鼎中信62購01,30080,0.47,0.47,0.47,0.47
712427,威剛中信63購01,0,,,,
712428,群聯中信66購01,62990,0.48,0.54,0.48,0.54
712429,雙鴻中信63購03,223480,1.08,1.18,1.07,1.11
712430,均華永豐63購01,29580,1.74,1.74,1.74,1.74
712431,沛亨永豐64購01,489120,2.49,2.49,2.43,2.47
712432,威剛永豐68購02,0,,,,
712433,茂訊永豐63購01,0,,,,
712434,新潤永豐63購01,59000,0.59,0.59,0.59,0.59
712435,新應材永豐68購04,0,,,,
712436,群聯永豐68購01,7120,0.68,0.72,0.68,0.72
712437,雙鴻永豐64購05,100460,2.02,2.02,1.99,1.99
712438,群聯國泰63購03,3280,1.58,1.7,1.58,1.7
712439,群聯國泰65購02,0,,,,
712440,聖暉*國泰63購02,100420,0.55,0.57,0.55,0.57
712441,譜瑞國泰63購01,128360,1.28,1.31,1.28,1.31
712442,鑫聯國泰63購01,0,,,,
712443,宏捷科富邦64購01,106790,0.51,0.51,0.48,0.51
712444,宏捷科富邦65購01,191070,0.51,0.51,0.47,0.51
712445,宜鼎富邦68購01,97580,0.41,0.41,0.41,0.41
712446,頎邦富邦64購03,0,,,,
712447,頎邦富邦65購01,1397090,0.87,0.98,0.87,0.98
712448,譜瑞富邦64購02,273960,0.51,0.53,0.51,0.52
712449,M31統一68購01,42210,0.63,0.63,0.63,0.63
712450,陽程統一66購02,0,,,,
712451,雙鴻統一64購02,66930,0.99,1.02,0.99,1.02
712452,台特化台新65購01,38790,1.75,1.77,1.75,1.77
712453,宜鼎台新64購02,196600,1.06,1.07,1.06,1.07
712454,富喬台新65購01,107700,4.09,4.14,3.89,3.89
712455,順達台新64購01,6520,1.63,1.63,1.63,1.63
712456,新應材台新64購02,71000,0.71,0.71,0.71,0.71
712457,頎邦台新68購01,148170,3.93,4.29,3.91,4.18
712458,營邦台新65購02,0,,,,
712459,鴻呈台新62購01,89640,0.54,0.54,0.54,0.54
712460,雙鴻台新62購02,0,,,,
712461,世界凱基66購02,32980,1.33,1.33,1.3,1.3
712462,世紀*凱基63購01,0,,,,
712463,弘塑凱基63購02,0,,,,
712464,弘塑凱基63購03,0,,,,
712465,艾訊凱基63購01,51850,0.51,0.51,0.5,0.51
712466,倚強凱基63購01,99000,1.59,2.38,1.59,2.38
712467,富喬凱基63購03,1290730,1.92,1.99,1.83,1.89
712468,閎康凱基63購01,0,,,,
712469,順達凱基63購04,1170,1.17,1.17,1.17,1.17
712470,新應材凱基63購06,0,,,,
712471,廣積凱基64購01,5310,0.59,0.59,0.59,0.59
712472,順達中信62購01,0,,,,
712473,群聯中信62購02,45930,0.49,0.5,0.49,0.5
712474,均華永豐63購02,217650,1.45,1.47,1.45,1.47
712475,良維永豐63購01,0,,,,
712476,宜鼎永豐66購02,0,,,,
712477,順達永豐63購02,19580,1.62,1.64,1.62,1.63
712478,順達永豐63購03,16020,0.89,0.89,0.89,0.89
712479,群聯永豐65購07,88440,1.22,1.25,1.22,1.25
712480,群聯永豐65購08,50140,1.09,1.09,1.09,1.09
712481,群聯永豐68購02,319520,1.53,1.69,1.53,1.69
712482,廣閎科永豐63購01,0,,,,
712483,廣閎科永豐63購02,0,,,,
712484,廣閎科永豐65購01,0,,,,
712485,廣閎科永豐68購01,0,,,,
712486,廣穎永豐65購02,0,,,,
712487,巨漢元大64購01,14700,0.98,0.98,0.98,0.98
712488,宜鼎元大63購06,236520,0.73,0.73,0.73,0.73
712489,宜鼎元大64購04,278640,0.34,0.35,0.34,0.35
712490,富喬元大63購03,2651970,2.05,2.05,1.93,1.93
712491,富喬元大63購04,345880,1.68,1.85,1.68,1.74
712492,富喬元大63購05,5820,2.91,2.91,2.91,2.91
712493,富喬元大63購06,29300,2.93,2.93,2.93,2.93
712494,富喬元大64購06,1190640,1.55,1.57,1.48,1.49
712495,群聯元大63購10,345830,1.74,1.87,1.72,1.86
712496,群聯元大63購13,0,,,,
712497,廣積元大63購05,15280,0.7,0.7,0.69,0.69
712498,廣穎元大63購02,0,,,,
712499,廣穎元大63購03,0,,,,
712500,營邦元大63購01,319750,1.54,1.55,1.49,1.55
712501,營邦元大63購03,146650,1.12,1.12,1.05,1.08
712502,營邦元大64購04,60400,1.09,1.09,1.06,1.08
712503,雙鴻元大64購04,684970,1.73,1.85,1.64,1.73
712504,千如國票66購01,0,,,,
712505,富喬國票64購01,0,,,,
712506,富喬國票66購01,57900,4.8,4.8,4.24,4.24
712507,鴻呈國票66購01,0,,,,
712508,雙鴻國票69購01,268520,1.81,1.87,1.74,1.74
712509,千如國泰63購01,0,,,,
712510,宜鼎國泰63購02,28140,1.34,1.34,1.34,1.34
712511,富喬國泰63購03,0,,,,
712512,新應材國泰63購02,0,,,,
712513,千附精富邦62購01,220630,0.63,0.67,0.63,0.67
712514,中美晶富邦65購01,0,,,,
712515,順達富邦63購03,95080,0.81,0.81,0.78,0.78
712516,廣閎科富邦62購01,85980,0.43,0.43,0.42,0.42
712517,營邦富邦65購01,64040,1.48,1.48,1.44,1.46
712518,中美晶群益63購02,137230,2.49,2.53,2.45,2.53
712519,宜鼎群益63購01,0,,,,
712520,威剛群益63購02,0,,,,
712521,順達群益63購01,0,,,,
712522,群聯群益63購03,361800,3.22,3.58,3.22,3.58
712523,廣閎科群益63購01,0,,,,
712524,磐儀群益63購01,0,,,,
712525,雙鴻群益63購04,363300,2.78,2.88,2.62,2.82
712526,譜瑞群益62購01,123330,0.93,0.96,0.93,0.96
712527,弘塑統一66購01,14000,0.56,0.56,0.56,0.56
712528,均華統一69購01,1445780,0.8,0.86,0.8,0.85
712529,高技統一66購01,74970,0.63,0.63,0.63,0.63
712530,陽程統一66購03,8050,1.61,1.61,1.61,1.61
712531,順達統一6B購01,0,,,,
712532,世界群益62購04,359410,1.84,1.91,1.78,1.84
712533,台半群益63購01,54420,1.13,1.14,1.13,1.14
712534,台特化群益62購02,88760,2.77,2.84,2.76,2.84
712535,東捷群益64購01,137540,1.39,1.54,1.36,1.49
712536,鉅橡群益63購01,0,,,,
712537,臺慶科群益63購01,0,,,,
712538,廣閎科群益64購01,0,,,,
712539,穩懋群益63購02,3979490,2.33,2.56,2.17,2.53
712540,穩懋群益64購01,626550,3.35,3.5,3.35,3.5
712541,中美晶元大64購05,143500,0.71,0.72,0.71,0.72
712542,方土昶元大63購02,0,,,,
712543,均華元大64購02,13740,2.27,2.31,2.27,2.31
712544,朋億*元大63購01,44710,0.87,0.88,0.87,0.88
712545,東捷元大63購01,262610,1.4,1.55,1.37,1.54
712546,青雲元大63購02,60850,0.52,0.53,0.52,0.53
712547,高技元大63購02,0,,,,
712548,順達元大63購03,99440,0.82,0.84,0.82,0.84
712549,順達元大63購04,0,,,,
712550,順達元大64購07,533300,1.09,1.1,1.07,1.09
712551,漢達元大64購01,0,,,,
712552,廣閎科元大64購01,0,,,,
712553,廣積元大63購06,58740,0.66,0.66,0.66,0.66
712554,廣穎元大63購04,0,,,,
712555,雙鴻元大63購08,2420480,1.63,1.76,1.59,1.7
712556,雙鴻元大63購09,265730,1.43,1.51,1.43,1.51
712557,雙鴻元大63購10,74710,1.39,1.45,1.39,1.41
712558,雙鴻元大64購05,1040290,1.66,1.76,1.58,1.76
712559,寶雅元大63購01,77380,0.73,0.73,0.73,0.73
712560,東捷統一66購02,395290,0.94,1.03,0.92,1.03
712561,東捷統一6B購01,182110,0.76,0.8,0.75,0.79
712562,穩懋統一66購02,213200,0.93,0.97,0.87,0.97
712563,穩懋統一67購01,731550,0.81,0.85,0.76,0.84
712564,穩懋統一68購01,23760,0.88,0.88,0.88,0.88
712565,穩懋統一6C購02,839560,0.86,0.88,0.85,0.88
712566,穩懋統一6C購03,22430,1.07,1.07,1.05,1.07
712567,東捷富邦63購01,647990,1.02,1.15,1.0,1.13
712568,東捷國泰63購01,261450,2.35,2.57,2.32,2.56
712569,博盛國泰63購01,9420,1.57,1.57,1.57,1.57
712570,營邦國泰63購02,128500,3.25,3.25,3.2,3.2
712571,鴻呈國泰63購01,264910,0.76,0.78,0.76,0.78
712572,穩懋國泰63購01,2720990,2.52,2.79,2.4,2.77
712573,穩懋國泰63購03,1126620,2.78,3.07,2.67,3.07
712574,穩懋國泰63購04,4951690,2.87,3.18,2.75,3.18
712575,穩懋國泰63購05,397480,3.35,3.59,3.32,3.58
712576,台半凱基63購01,22800,1.52,1.52,1.52,1.52
712577,宜鼎凱基64購02,114600,0.79,0.83,0.78,0.83
712578,威剛凱基63購06,0,,,,
712579,宸曜凱基63購01,7300,0.73,0.73,0.73,0.73
712580,順達凱基63購05,0,,,,
712581,群聯凱基64購06,118640,1.27,1.37,1.27,1.37
712582,漢達凱基63購01,259430,3.31,3.52,3.05,3.52
712583,營邦凱基63購02,0,,,,
712584,鴻呈凱基66購01,0,,,,
712585,雙鴻凱基64購02,18060,2.58,2.58,2.58,2.58
712586,穩懋凱基63購01,313310,1.87,2.15,1.81,2.13
712587,穩懋凱基63購02,886300,1.74,1.94,1.74,1.94
712588,穩懋凱基63購03,131390,2.86,2.95,2.86,2.95
712589,穩懋凱基63購04,1038560,1.95,2.1,1.82,2.1
712590,穩懋凱基63購05,0,,,,
712591,均華台新63購01,48500,2.32,2.32,2.3,2.3
712592,宜鼎台新64購03,12430,1.13,1.13,1.13,1.13
712593,東捷台新62購01,50620,1.79,1.9,1.79,1.9
712594,順達台新64購02,18150,1.21,1.21,1.21,1.21
712595,鈊象台新64購01,13000,0.65,0.65,0.65,0.65
712596,穩懋台新62購01,34180,1.91,2.16,1.91,2.14
712597,穩懋台新63購01,2011890,2.45,2.7,2.32,2.67
712598,穩懋台新65購01,391410,1.3,1.43,1.29,1.43
712599,穩懋台新65購02,154810,1.64,1.77,1.64,1.77
712600,穩懋台新68購01,103320,2.04,2.09,2.04,2.07
712601,弘塑中信64購01,155830,0.89,0.89,0.86,0.87
712602,穩懋中信68購01,115210,0.8,0.85,0.8,0.85
712603,台半永豐64購02,0,,,,
712604,台半永豐65購01,0,,,,
712605,台星科永豐64購01,408720,1.18,1.24,1.13,1.24
712606,由田永豐64購01,79050,1.32,1.43,1.32,1.43
712607,系統電永豐63購01,0,,,,
712608,東捷永豐63購01,310300,1.63,1.83,1.58,1.82
712609,東捷永豐63購02,180980,1.61,1.61,1.57,1.6
712610,東捷永豐63購03,189370,1.38,1.52,1.38,1.52
712611,東捷永豐65購01,28640,1.68,1.82,1.65,1.82
712612,東捷永豐65購02,76140,2.25,2.25,2.14,2.14
712613,東捷永豐68購01,76000,2.5,2.54,2.5,2.54
712614,欣銓永豐66購01,146060,1.94,1.95,1.86,1.95
712615,欣銓永豐68購01,382190,1.51,1.57,1.43,1.57
712616,彩富永豐63購01,0,,,,
712617,博盛永豐63購01,99070,1.17,1.21,1.17,1.21
712618,博盛永豐63購02,283000,1.01,1.03,1.01,1.03
712619,博盛永豐65購01,101500,1.45,1.45,1.45,1.45
712620,越峰永豐63購01,0,,,,
712621,穩得永豐63購01,0,,,,
712622,穩懋永豐64購01,153970,2.45,2.66,2.37,2.66
712623,穩懋永豐64購02,323170,3.12,3.36,3.12,3.36
712624,穩懋永豐66購01,140840,3.63,3.73,3.63,3.73
712625,穩懋永豐68購01,564930,3.73,4.05,3.73,4.05
712626,均華國票63購02,279620,2.31,2.37,2.24,2.27
712627,東捷國票63購01,0,,,,
712628,東捷國票64購01,1930,1.93,1.93,1.93,1.93
712629,元太群益63購01,0,,,,
712630,方土昶群益63購02,0,,,,
712631,世界群益63購01,269150,2.41,2.41,2.32,2.32
712632,巨有群益63購01,117600,3.26,3.4,3.26,3.4
712633,威剛群益62購04,1032310,1.95,1.95,1.94,1.94
712634,胡連群益63購01,19320,0.69,0.69,0.69,0.69
712635,陽程群益63購03,41710,2.43,2.47,2.43,2.47
712636,順達群益63購02,0,,,,
712637,群聯群益62購01,2102150,3.7,3.89,3.7,3.86
712638,漢達群益63購01,772940,3.1,3.25,3.02,3.04
712639,鴻呈群益63購01,191600,0.79,0.79,0.78,0.78
712640,雙鴻群益62購04,90950,2.33,2.41,2.33,2.41
712641,穩懋群益64購03,42250,3.07,3.32,3.07,3.32
712642,雙鴻中信64購02,570520,1.51,1.75,1.51,1.74
712643,新應材永豐64購02,59940,1.11,1.11,1.11,1.11
712644,新應材永豐65購01,0,,,,
712645,群聯永豐63購02,50350,0.95,0.95,0.95,0.95
712646,寶雅永豐63購01,0,,,,
712647,台半國泰63購01,0,,,,
712648,胡連國泰63購01,0,,,,
712649,千附精元大63購01,332860,0.61,0.63,0.61,0.63
712650,元太元大63購06,152280,0.47,0.47,0.47,0.47
712651,元太元大64購02,0,,,,
712652,威剛元大64購04,0,,,,
712653,陽程元大63購03,282800,2.14,2.38,2.14,2.38
712654,陽程元大64購03,938990,1.21,1.3,1.19,1.3
712655,順達元大64購08,0,,,,
712656,鈊象元大64購04,35600,0.62,0.62,0.6,0.6
712657,群聯元大64購13,11450,0.57,0.58,0.56,0.58
712658,良維富邦63購01,164460,1.09,1.19,1.08,1.19
712659,穩懋富邦63購01,36920,1.24,1.39,1.24,1.39
712660,穩懋富邦64購01,333450,1.08,1.22,1.08,1.22
712661,台半統一68購01,15600,0.78,0.78,0.78,0.78
712662,東捷統一68購01,373260,0.73,0.81,0.73,0.79
712663,新普統一68購01,1410,0.47,0.47,0.47,0.47
712664,穩懋統一68購02,365900,1.06,1.14,1.05,1.14
712665,千如凱基66購01,0,,,,
712666,中美晶凱基68購01,33800,1.69,1.69,1.69,1.69
712667,世界凱基63購06,84450,1.25,1.25,1.14,1.14
712668,弘塑凱基63購04,17130,1.01,1.01,0.99,0.99
712669,均華凱基64購02,394900,1.88,2.04,1.88,2.04
712670,宜鼎凱基66購01,0,,,,
712671,東捷凱基63購02,183320,1.12,1.32,1.12,1.28
712672,金益鼎凱基63購01,0,,,,
712673,順達凱基63購06,0,,,,
712674,頎邦凱基63購03,123960,2.84,2.94,2.84,2.92
712675,雙鴻凱基63購10,0,,,,
712676,寶雅凱基63購01,82900,0.54,0.55,0.54,0.55
712677,系統電台新62購01,0,,,,
712678,長科*台新65購01,305330,1.84,2.01,1.84,1.99
712679,威剛台新62購03,0,,,,
712680,威剛台新63購02,0,,,,
712681,順達台新62購01,0,,,,
712682,中美晶元大64購06,0,,,,
712683,元太元大63購07,1820,0.92,0.92,0.9,0.9
712684,元太元大63購08,238540,0.58,0.58,0.55,0.55
712685,元太元大64購03,163100,0.7,0.7,0.7,0.7
712686,均華元大64購03,783800,1.21,1.31,1.21,1.28
712687,宜鼎元大64購05,0,,,,
712688,威剛元大64購05,7500,0.5,0.5,0.5,0.5
712689,順達元大64購09,0,,,,
712690,鈊象元大63購09,129480,0.83,0.83,0.83,0.83
712691,鈊象元大64購05,138030,0.88,0.88,0.85,0.85
712692,群聯元大64購14,100380,0.77,0.84,0.77,0.84
712693,蜜望實元大63購02,0,,,,
712694,寶雅元大63購02,100260,0.7,0.71,0.7,0.71
712695,元太台新65購01,37120,1.16,1.16,1.16,1.16
712696,沛亨台新65購01,26230,1.88,1.88,1.85,1.85
712697,威聯通台新62購01,123880,0.76,0.76,0.76,0.76
712698,胡連台新62購01,58090,0.71,0.75,0.71,0.75
712699,倉和台新62購01,9800,9.8,9.8,9.8,9.8
712700,蜜望實台新62購01,5400,0.9,0.9,0.9,0.9
712701,蜜望實台新65購01,34080,1.28,1.28,1.24,1.28
712702,中美晶凱基64購04,0,,,,
712703,朋億*凱基63購01,6120,0.68,0.68,0.68,0.68
712704,泓格凱基63購01,150850,0.93,0.93,0.91,0.91
712705,威剛凱基63購07,1160,1.16,1.16,1.16,1.16
712706,建榮凱基63購01,0,,,,
712707,順達凱基66購01,68930,1.18,1.2,1.18,1.2
712708,鈊象凱基64購04,0,,,,
712709,群聯凱基66購04,56500,1.13,1.13,1.13,1.13
712710,鉅橡凱基63購01,0,,,,
712711,廣閎科凱基63購01,65740,0.82,0.84,0.81,0.81
712712,穩懋凱基63購08,558980,1.5,1.72,1.44,1.7
712713,中美晶群益62購04,237500,2.23,2.47,2.23,2.47
712714,弘塑群益63購02,5200,0.65,0.65,0.65,0.65
712715,系統電群益63購01,0,,,,
712716,宜鼎群益63購02,45120,0.96,0.96,0.96,0.96
712717,威剛群益62購05,5760,0.48,0.48,0.48,0.48
712718,原相群益62購02,0,,,,
712719,群聯群益62購02,102350,2.05,2.19,2.05,2.19
712720,千如永豐63購01,0,,,,
712721,元太永豐63購02,640,0.64,0.64,0.64,0.64
712722,世紀*永豐63購02,0,,,,
712723,沛亨永豐64購02,0,,,,
712724,茂迪永豐64購01,0,,,,
712725,頎邦永豐65購02,83670,1.8,1.86,1.8,1.82
712726,榮剛永豐63購01,0,,,,
712727,雙鴻永豐65購02,32450,1.81,1.82,1.79,1.82
712728,雙鴻永豐6B購01,223870,1.93,1.97,1.89,1.97
712729,雙鴻永豐6C購01,971240,1.81,1.93,1.81,1.87
712730,穩懋永豐65購01,18300,1.83,1.83,1.83,1.83
712731,三聯國票63購01,43660,0.74,0.74,0.74,0.74
712732,蜜望實國票63購01,5080,1.27,1.27,1.27,1.27
712733,寬宏國票63購01,1720,0.86,0.86,0.86,0.86
712734,均華國泰63購02,316010,1.27,1.29,1.27,1.27
712735,順達國泰63購03,0,,,,
712736,順達富邦64購01,0,,,,
712737,巨有統一6B購03,0,,,,
712738,倉和統一6B購01,21460,1.96,1.96,1.95,1.95
712739,堡達統一6A購01,0,,,,
712740,新普統一66購01,0,,,,
712741,新普統一6B購01,0,,,,
712742,晶焱國票63購01,0,,,,
712743,鈺太國票63購01,31050,1.04,1.04,1.03,1.03
712744,鈺太國票64購01,0,,,,
712745,中美晶群益62購05,36440,2.24,2.3,2.24,2.24
712746,台特化群益62購03,20100,2.01,2.01,2.01,2.01
712747,弘塑群益63購03,0,,,,
712748,均華群益64購01,849290,2.01,2.13,2.01,2.13
712749,茂迪群益63購01,0,,,,
712750,鈊象群益62購01,55950,1.89,1.89,1.86,1.86
712751,群聯群益62購03,0,,,,
712752,營邦群益63購01,856590,2.45,2.46,2.31,2.39
712753,穩懋群益68購01,87610,3.35,3.63,3.35,3.63
712754,元太凱基63購01,26000,1.04,1.04,1.04,1.04
712755,弘塑凱基63購05,0,,,,
712756,均華凱基68購01,1046220,3.53,3.75,3.53,3.61
712757,系統電凱基64購02,6500,0.65,0.65,0.65,0.65
712758,宜鼎凱基63購05,46600,0.74,0.76,0.74,0.76
712759,倉和凱基63購02,3018250,3.34,3.99,3.33,3.9
712760,頎邦凱基66購01,483040,2.26,2.39,2.26,2.39
712761,臺慶科凱基63購03,14400,0.49,0.5,0.49,0.5
712762,弘塑台新63購01,23700,0.79,0.79,0.79,0.79
712763,東捷台新62購02,20400,2.04,2.04,2.04,2.04
712764,倉和台新62購02,72850,6.6,6.85,6.6,6.85
712765,家碩台新62購01,0,,,,
712766,家碩台新62購02,0,,,,
712767,順達台新64購03,62850,1.17,1.17,1.14,1.14
712768,勤凱台新62購01,26570,0.83,0.84,0.83,0.84
712769,營邦台新63購01,78940,1.75,1.76,1.68,1.68
712770,營邦台新65購03,453500,1.75,1.75,1.69,1.75
712771,營邦台新66購01,3920,1.96,1.96,1.96,1.96
712772,元太元大64購04,12900,0.43,0.43,0.43,0.43
712773,弘塑元大63購04,287080,0.49,0.49,0.48,0.48
712774,弘塑元大63購05,404990,0.71,0.71,0.69,0.7
712775,弘塑元大64購04,213280,0.43,0.43,0.43,0.43
712776,均華元大64購04,247780,1.07,1.19,1.07,1.19
712777,威剛元大64購06,87500,0.88,0.88,0.87,0.87
712778,順達元大63購05,0,,,,
712779,順達元大63購06,22600,0.75,0.76,0.75,0.76
712780,順達元大63購07,0,,,,
712781,順達元大64購10,0,,,,
712782,順達元大64購11,0,,,,
712783,群聯元大63購14,463670,1.12,1.19,1.1,1.19
712784,群聯元大63購15,198880,1.13,1.13,1.13,1.13
712785,群聯元大63購16,0,,,,
712786,群聯元大64購15,48880,0.47,0.47,0.47,0.47
712787,寶雅元大63購03,154340,0.9,0.92,0.9,0.92
712788,台星科統一6B購01,0,,,,
712789,沛亨統一6B購01,556210,0.85,0.85,0.82,0.85
712790,宜鼎統一6B購02,0,,,,
712791,倉和統一68購02,0,,,,
712792,陽程統一6C購02,949080,0.77,0.81,0.77,0.81
712793,新普統一66購02,0,,,,
712794,穩懋統一68購03,512690,1.33,1.34,1.31,1.33
712795,家登中信63購01,958930,0.91,0.92,0.88,0.92
712796,世禾永豐63購01,67020,0.61,0.68,0.6,0.68
712797,安葆永豐63購02,0,,,,
712798,宏捷科永豐63購01,186870,0.85,0.9,0.85,0.9
712799,倚強永豐64購01,0,,,,
712800,倚強永豐64購02,11250,0.9,1.15,0.9,1.15
712801,倉和永豐63購02,4260,4.26,4.26,4.26,4.26
712802,家登永豐63購03,60120,1.26,1.26,1.25,1.25
712803,湧德永豐63購01,27360,1.25,1.25,1.23,1.25
712804,順達永豐63購04,41090,0.85,0.86,0.85,0.86
712805,群聯永豐63購03,0,,,,
712806,磐儀永豐63購01,0,,,,
712807,鴻呈永豐63購01,21000,0.5,0.5,0.5,0.5
712808,鴻呈永豐64購01,25530,0.4,0.41,0.4,0.4
712809,弘塑富邦64購02,321240,0.66,0.69,0.65,0.66
712810,頎邦富邦65購02,348950,0.97,1.1,0.97,1.1
712811,雙鴻富邦65購01,571150,1.76,1.85,1.7,1.74
712812,元太台新65購02,0,,,,
712813,均華台新62購04,8120,1.16,1.16,1.16,1.16
712814,竑騰台新62購03,13300,1.33,1.33,1.33,1.33
712815,崇越電台新62購01,0,,,,
712816,博盛台新62購01,1260,1.26,1.26,1.26,1.26
712817,普萊德台新62購01,0,,,,
712818,晶呈台新62購01,18400,1.86,1.86,1.82,1.82
712819,晶呈台新62購02,147260,1.16,1.16,1.11,1.11
712820,晶呈台新65購01,0,,,,
712821,元太群益62購01,0,,,,
712822,均華群益64購02,507970,2.21,2.4,2.21,2.4
712823,群聯群益62購04,0,,,,
712824,世紀*元大62購01,0,,,,
712825,世紀*元大62購02,0,,,,
712826,倉和元大62購01,51500,5.15,5.15,5.15,5.15
712827,倉和元大62購02,429460,1.86,2.27,1.86,2.27
712828,陽程元大62購01,389580,0.78,0.89,0.76,0.86
712829,陽程元大62購02,606150,0.76,0.81,0.74,0.81
712830,陽程元大62購03,214450,0.76,0.85,0.73,0.83
712831,陽程元大63購04,19800,0.79,0.85,0.79,0.85
712832,陽程元大65購03,11850,0.79,0.79,0.79,0.79
712833,群聯元大65購01,16840,1.12,1.16,1.12,1.16
712834,廣閎科元大62購01,331680,0.56,0.56,0.53,0.53
712835,營邦元大62購02,294470,1.48,1.53,1.41,1.48
712836,中美晶凱基66購02,0,,,,
712837,方土昶凱基63購02,0,,,,
712838,台特化凱基65購01,10620,1.18,1.18,1.18,1.18
712839,系統電凱基66購01,17400,0.87,0.87,0.87,0.87
712840,威剛凱基64購04,0,,,,
712841,茂迪凱基63購01,0,,,,
712842,博智凱基63購05,105000,2.1,2.1,2.1,2.1
712843,順達凱基63購07,0,,,,
712844,鈊象凱基63購01,0,,,,
712845,群聯凱基68購01,100940,2.61,3.03,2.61,3.03
712846,寶雅*凱基63購02,301240,1.13,1.14,1.13,1.14
712847,千附精永豐63購01,174470,1.09,1.25,1.09,1.15
712848,晶呈永豐64購02,77300,0.89,0.89,0.84,0.84
712849,群聯永豐63購05,97150,1.15,1.28,1.15,1.28
712850,群聯永豐63購06,184010,0.94,0.99,0.94,0.99
712851,群聯永豐65購09,108040,1.13,1.27,1.13,1.27
712852,頎邦國泰63購04,0,,,,
712853,聖暉*富邦62購01,64000,0.4,0.4,0.4,0.4
712854,大中國票63購01,92880,1.08,1.08,1.08,1.08
712855,華義*國票68購01,0,,,,
712856,越峰國票68購01,0,,,,
712857,陽程國票64購01,0,,,,
712858,陽程國票65購01,37020,1.56,1.74,1.56,1.74
712859,陽程國票68購01,3960,1.98,1.98,1.98,1.98
712860,鏵友益國票66購01,0,,,,
712861,鏵友益國票68購01,20330,1.07,1.07,1.07,1.07
712862,方土昶台新62購01,0,,,,
712863,巨漢台新65購01,173130,1.89,1.93,1.89,1.93
712864,欣銓台新65購01,843760,2.81,2.96,2.63,2.96
712865,萬泰科台新65購01,120030,2.58,2.67,2.58,2.67
712866,臺慶科台新65購01,43560,1.32,1.32,1.32,1.32
712867,元太凱基63購02,18580,0.62,0.62,0.61,0.61
712868,世紀*凱基63購02,0,,,,
712869,均華凱基63購01,819960,1.65,1.8,1.65,1.75
712870,群聯凱基64購07,99690,1.89,2.0,1.85,2.0
712871,頎邦凱基63購04,565390,2.46,2.76,2.46,2.68
712872,廣閎科凱基63購02,70140,1.25,1.29,1.24,1.29
712873,雙鴻凱基67購01,162520,3.57,3.57,3.48,3.48
712874,中美晶群益62購06,276020,1.47,1.56,1.47,1.53
712875,方土昶群益63購03,0,,,,
712876,世紀*群益63購03,0,,,,
712877,由田群益63購01,75040,0.89,0.94,0.89,0.93
712878,威剛群益62購06,0,,,,
712879,晶呈群益64購01,13200,0.88,0.88,0.88,0.88
712880,華電網群益62購01,5350,1.07,1.07,1.07,1.07
712881,鈊象群益62購02,8920,1.49,1.49,1.47,1.47
712882,新應材群益62購03,0,,,,
712883,群聯群益62購05,21100,1.01,1.08,1.01,1.08
712884,雙鴻群益62購05,2099600,2.12,2.24,1.99,2.1
712885,寶雅*群益62購01,0,,,,
712886,中美晶永豐63購01,9900,1.65,1.65,1.65,1.65
712887,方土昶永豐64購01,0,,,,
712888,由田永豐63購01,0,,,,
712889,群聯永豐63購07,61060,1.0,1.08,1.0,1.08
712890,廣運永豐63購01,28870,1.37,1.38,1.37,1.38
712891,穩懋永豐63購01,309300,3.13,3.51,3.13,3.51
712892,方土昶國票67購01,0,,,,
712893,世紀*國票67購01,680250,1.88,1.95,1.85,1.94
712894,台半國票66購01,0,,,,
712895,由田國票65購01,15900,1.06,1.06,1.06,1.06
712896,利機國票63購01,82810,0.81,0.83,0.81,0.81
712897,邑錡國票64購01,276840,0.8,0.82,0.8,0.82
712898,崇越電國票68購01,37600,0.47,0.47,0.47,0.47
712899,博盛國票66購01,0,,,,
712900,富強鑫國票67購01,0,,,,
712901,漢達國票66購01,0,,,,
712902,寶雅國票66購01,32000,0.64,0.64,0.64,0.64
712903,中美晶元大62購01,56450,0.99,1.03,0.99,1.03
712904,方土昶元大62購01,0,,,,
712905,均華元大68購01,423860,1.16,1.19,1.15,1.19
712906,宜鼎元大65購02,626680,0.83,0.85,0.83,0.85
712907,建榮元大62購01,22200,1.19,1.19,1.16,1.17
712908,群聯元大65購02,0,,,,
712909,寶雅元大62購01,77420,0.98,0.98,0.98,0.98
712910,由田統一68購02,25500,0.51,0.51,0.51,0.51
712911,均華統一6A購01,152260,0.77,0.82,0.77,0.82
712912,邑錡統一6C購01,33750,0.45,0.45,0.45,0.45
712913,晶呈統一68購01,0,,,,
712914,晶呈統一6C購01,14940,0.83,0.83,0.83,0.83
712915,晶呈統一6C購02,14760,0.82,0.82,0.82,0.82
712916,穩懋富邦65購01,902270,1.13,1.23,1.05,1.22
712917,寶雅富邦64購01,50220,0.54,0.54,0.54,0.54
712918,寶雅富邦65購01,29680,0.53,0.53,0.53,0.53
712919,方土昶元大62購02,0,,,,
712920,均華元大68購02,265470,1.4,1.41,1.38,1.41
712921,宜鼎元大65購03,744880,0.9,0.93,0.9,0.93
712922,倉和元大62購03,13060,4.22,4.62,4.22,4.62
712923,群聯元大68購03,50280,0.79,0.81,0.79,0.81
712924,臺慶科元大62購01,137520,0.72,0.72,0.72,0.72
712925,川寶國票65購02,288540,0.63,0.63,0.63,0.63
712926,世紀*國票69購01,0,,,,
712927,宜特國票67購01,0,,,,
712928,倉和國票69購01,170520,1.8,1.94,1.77,1.94
712929,倉和國票6A購01,0,,,,
712930,倉和國票6C購01,33080,2.34,2.54,2.34,2.54
712931,晟德國票65購01,0,,,,
712932,崇越電國票67購01,0,,,,
712933,華景電國票68購01,940,0.94,0.94,0.94,0.94
712934,群聯中信62購03,119790,0.86,0.95,0.84,0.95
712935,雙鴻中信62購01,192310,1.59,1.64,1.52,1.6
712936,桓達永豐63購01,0,,,,
712937,崇越電永豐64購01,0,,,,
712938,雙鴻永豐63購05,418130,2.31,2.46,2.31,2.46
712939,穩懋永豐63購02,80940,1.58,1.75,1.58,1.75
712940,天良台新62購01,20500,0.41,0.41,0.41,0.41
712941,崇越電台新62購02,0,,,,
712942,崴寶台新62購01,5110,1.3,1.3,1.27,1.27
712943,新門台新62購01,0,,,,
712944,瑞耘台新62購01,63160,0.89,0.91,0.86,0.86
712945,中美晶凱基64購05,3320,1.66,1.66,1.66,1.66
712946,方土昶凱基63購03,0,,,,
712947,台半凱基64購01,0,,,,
712948,弘塑凱基68購01,152890,1.59,1.61,1.55,1.58
712949,均華凱基68購02,182600,1.72,1.74,1.72,1.72
712950,宜鼎凱基63購06,113280,0.93,0.95,0.92,0.95
712951,威剛凱基68購01,0,,,,
712952,崇越電凱基63購01,0,,,,
712953,博盛凱基66購01,10000,1.0,1.0,1.0,1.0
712954,鈊象凱基63購02,0,,,,
712955,新應材凱基63購07,162800,1.63,1.65,1.6,1.65
712956,群聯凱基66購05,30210,1.59,1.59,1.59,1.59
712957,寶雅*凱基63購03,74550,1.05,1.05,1.05,1.05
712958,均華群益62購01,1181690,1.23,1.38,1.23,1.32
712959,群聯群益62購06,46500,1.1,1.15,1.04,1.15
712960,雙鴻群益62購06,2380,2.38,2.38,2.38,2.38
712961,元太國泰63購01,0,,,,
712962,倉和國泰63購02,7750,7.75,7.75,7.75,7.75
712963,台特化富邦62購01,0,,,,
712964,新應材富邦64購03,517030,0.52,0.52,0.51,0.51
712965,安葆台新62購01,38980,1.32,1.39,1.32,1.39
712966,彩富台新62購01,0,,,,
712967,台半凱基63購02,0,,,,
712968,安葆凱基63購01,0,,,,
712969,矽科凱基63購01,174600,0.81,0.81,0.8,0.8
712970,耕興凱基65購01,5280,0.66,0.66,0.66,0.66
712971,崇越電凱基68購01,0,,,,
712972,群聯凱基63購11,0,,,,
712973,群聯凱基63購12,0,,,,
712974,群聯凱基64購08,57680,2.06,2.06,2.06,2.06
712975,臺慶科凱基63購04,9000,0.9,0.9,0.9,0.9
712976,營邦凱基63購03,31500,5.25,5.25,5.25,5.25
712977,雙鴻凱基63購11,447450,5.75,6.05,5.75,6.05
712978,穩懋凱基65購01,112340,3.2,3.63,3.2,3.62
712979,寶雅*凱基63購04,74970,0.63,0.63,0.63,0.63
712980,鑫聯凱基63購01,45000,0.75,0.75,0.75,0.75
712981,千如國票67購01,0,,,,
712982,世紀*國票65購01,1375170,1.1,1.19,1.05,1.19
712983,世紀*國票6B購01,168290,1.23,1.33,1.23,1.33
712984,安葆國票65購01,0,,,,
712985,松瑞藥國票66購01,0,,,,
712986,宸曜國票63購01,0,,,,
712987,博智國票64購01,17400,1.74,1.74,1.74,1.74
712988,新應材國票63購02,0,,,,
712989,群翊國票65購01,0,,,,
712990,世紀*元大62購03,0,,,,
712991,世紀*元大62購04,0,,,,
712992,世紀*元大68購01,4020,4.02,4.02,4.02,4.02
712993,威剛元大65購12,59320,1.87,1.87,1.84,1.84
712994,崇越電元大62購02,70000,0.35,0.35,0.35,0.35
712995,順達元大68購01,11900,1.19,1.19,1.19,1.19
712996,群聯元大68購04,1400380,1.56,1.64,1.56,1.64
712997,中美晶群益62購07,32700,2.16,2.19,2.16,2.19
712998,弘塑群益62購03,79860,2.49,2.53,2.48,2.48
712999,弘塑群益68購01,169920,1.9,1.9,1.86,1.88
713000,良維群益64購01,623980,2.74,3.11,2.74,3.02
713001,宜特群益62購03,88480,0.83,0.84,0.83,0.84
713002,宜鼎群益62購02,47600,1.4,1.4,1.4,1.4
713003,威剛群益62購07,29070,3.23,3.23,3.23,3.23
713004,茂綸群益63購01,188260,1.02,1.02,0.92,0.92
713005,倚強群益64購01,16800,5.2,5.9,5.2,5.9
713006,原相群益62購03,36000,1.78,1.82,1.78,1.82
713007,能率群益62購01,0,,,,
713008,高技群益62購01,74760,1.78,1.78,1.78,1.78
713009,崇越電群益64購01,0,,,,
713010,博智群益62購03,10410,3.47,3.47,3.47,3.47
713011,閎康群益62購01,5240,1.31,1.31,1.31,1.31
713012,順達群益62購02,0,,,,
713013,鈊象群益62購03,48090,1.44,1.44,1.41,1.41
713014,新應材群益62購04,1755940,2.02,2.02,1.84,1.91
713015,群聯群益62購07,57670,1.35,1.43,1.35,1.43
713016,榮剛群益68購01,0,,,,
713017,漢達群益62購01,276000,6.9,7.6,6.75,7.6
713018,臺慶科群益65購01,0,,,,
713019,雙鴻群益62購07,28240,3.53,3.53,3.53,3.53
713020,穩懋群益63購03,821370,1.01,1.19,1.01,1.19
713021,穩懋群益64購04,5310,1.77,1.77,1.77,1.77
713022,台星科統一68購01,69720,0.54,0.57,0.54,0.57
713023,良維中信62購01,1170030,1.1,1.25,1.06,1.21
713024,宏觀永豐63購01,0,,,,
713025,宜鼎永豐62購01,33540,0.43,0.43,0.43,0.43
713026,宜鼎永豐63購06,134300,0.85,0.9,0.85,0.9
713027,朋程永豐63購01,10100,1.01,1.01,1.01,1.01
713028,晶焱永豐63購01,0,,,,
713029,新應材永豐64購03,0,,,,
713030,立敦台新65購01,41620,1.73,1.75,1.73,1.73
713031,宜鼎台新62購05,30880,1.93,1.93,1.93,1.93
713032,元太群益62購02,76910,0.69,0.69,0.67,0.67
713033,群聯群益62購08,27650,1.33,1.41,1.33,1.41
713034,廣運群益62購01,0,,,,
713035,雙鴻群益62購08,0,,,,
713036,台星科元大62購02,119430,1.22,1.37,1.22,1.37
713037,台星科元大62購03,262760,0.61,0.67,0.58,0.65
713038,安葆元大62購01,237190,1.15,1.33,1.15,1.33
713039,安葆元大62購02,23500,0.69,0.7,0.69,0.7
713040,竑騰元大62購01,4250,0.85,0.85,0.85,0.85
713041,雙鴻元大62購02,1060890,2.01,2.01,1.97,1.97
713042,雙鴻元大62購03,50720,2.4,2.42,2.4,2.42
713043,雙鴻元大62購04,9000,1.8,1.8,1.8,1.8
713044,中美晶凱基63購07,130380,2.6,2.72,2.49,2.72
713045,弘塑凱基63購06,0,,,,
713046,宜特凱基63購02,3120,1.04,1.04,1.04,1.04
713047,宜鼎凱基63購07,509900,1.18,1.2,1.18,1.2
713048,威剛凱基65購02,0,,,,
713049,原相凱基63購01,141110,1.37,1.37,1.37,1.37
713050,能率凱基63購01,0,,,,
713051,順達凱基63購08,0,,,,
713052,鈊象凱基63購03,0,,,,
713053,新應材凱基63購08,44720,1.72,1.72,1.72,1.72
713054,群聯凱基63購13,0,,,,
713055,群聯凱基63購14,39780,1.71,1.76,1.71,1.76
713056,榮剛凱基68購01,0,,,,
713057,大江國票68購01,0,,,,
713058,元太國票65購01,0,,,,
713059,安葆國票63購01,157760,0.74,0.81,0.72,0.78
713060,信立國票63購01,103410,1.77,1.87,1.77,1.87
713061,群聯國票63購01,14700,0.98,0.98,0.98,0.98
713062,聖暉*國票65購02,0,,,,
713063,廣運國票65購01,0,,,,
713064,世界永豐63購01,127190,2.24,2.24,2.17,2.17
713065,世界永豐64購02,30000,2.34,2.34,2.28,2.28
713066,安葆永豐64購01,0,,,,
713067,威剛永豐63購01,0,,,,
713068,威剛永豐63購02,0,,,,
713069,穩懋永豐63購03,663430,3.26,3.47,3.26,3.46
713070,元太富邦64購02,29100,0.5,0.5,0.48,0.48
713071,宜特富邦64購01,241400,0.74,0.76,0.74,0.76
713072,威剛富邦68購01,0,,,,
713073,高技富邦64購01,58020,0.8,0.82,0.8,0.82
713074,博智富邦63購03,59290,0.77,0.77,0.77,0.77
713075,智通*富邦64購03,86360,0.65,0.66,0.65,0.66
713076,雙鴻富邦64購02,0,,,,
713077,寶雅*富邦64購02,50740,0.59,0.59,0.59,0.59
713078,建榮統一6B購01,288850,0.58,0.58,0.55,0.55
713079,巨有台新62購01,0,,,,
713080,巨有台新62購02,75340,4.53,5.5,4.53,5.5
713081,竑騰台新62購04,0,,,,
713082,高技台新62購01,290150,1.62,1.67,1.62,1.65
713083,群翊台新62購01,0,,,,
713084,群翊台新62購02,0,,,,
713085,榮剛台新65購01,0,,,,
713086,穩懋台新62購02,287100,5.95,6.5,5.6,6.5
713087,穩懋台新62購03,1329810,4.22,4.7,4.0,4.7
713088,大江凱基65購01,0,,,,
713089,元太凱基63購03,54720,1.03,1.03,0.98,0.98
713090,台星科凱基63購01,280710,1.28,1.46,1.27,1.46
713091,正德凱基63購01,0,,,,
713092,威剛凱基63購08,0,,,,
713093,威剛凱基63購09,0,,,,
713094,威剛凱基63購10,1482000,1.48,1.5,1.48,1.5
713095,威剛凱基63購11,0,,,,
713096,竑騰凱基63購01,8710,0.67,0.67,0.67,0.67
713097,群聯凱基63購15,15200,1.9,1.9,1.9,1.9
713098,群聯凱基63購16,47250,2.23,2.43,2.23,2.43
713099,聖暉*凱基63購01,59760,0.72,0.72,0.72,0.72
713100,廣運凱基65購01,0,,,,
713101,雙鴻凱基68購01,0,,,,
713102,高技國泰63購01,0,,,,
713103,群翊國泰63購01,88070,1.51,1.55,1.51,1.55
713104,大綜國票63購01,545480,2.0,2.08,1.98,2.08
713105,大綜國票64購01,326310,1.39,1.51,1.39,1.51
713106,宏捷科國票66購01,23830,0.74,0.76,0.74,0.75
713107,竑騰國票64購01,1870,0.94,0.94,0.93,0.93
713108,群翊國票66購01,0,,,,
713109,聖暉*富邦62購02,603930,0.58,0.65,0.58,0.65
713110,台半中信62購01,0,,,,
713111,宜鼎中信62購02,44610,0.41,0.44,0.41,0.44
713112,威剛中信62購01,0,,,,
713113,大綜永豐63購01,71470,1.17,1.18,1.17,1.18
713114,宏碩永豐65購01,0,,,,
713115,威剛永豐63購03,0,,,,
713116,竑騰永豐63購02,2360,0.47,0.48,0.47,0.48
713117,頎邦永豐64購02,201850,2.58,2.75,2.58,2.72
713118,榮剛永豐63購02,2420,0.81,0.81,0.8,0.8
713119,廣運永豐64購01,0,,,,
713120,中美晶群益62購08,394930,1.48,1.6,1.45,1.6
713121,元太群益62購03,0,,,,
713122,台半群益62購04,13290,2.67,2.67,2.64,2.66
713123,系統電群益64購01,25620,1.22,1.22,1.22,1.22
713124,宜鼎群益64購01,720,0.72,0.72,0.72,0.72
713125,欣銓群益62購01,242420,4.2,5.0,4.19,5.0
713126,青雲群益64購01,200250,1.79,1.89,1.79,1.83
713127,威剛群益62購08,0,,,,
713128,博士旺群益62購01,0,,,,
713129,順達群益62購03,0,,,,
713130,鈊象群益62購04,6100,1.22,1.22,1.22,1.22
713131,新應材群益62購05,0,,,,
713132,群翊群益62購01,0,,,,
713133,群聯群益62購09,24600,1.18,1.25,1.18,1.25
713134,鉅橡群益62購01,0,,,,
713135,頎邦群益63購01,309570,4.66,4.92,4.66,4.89
713136,臺慶科群益62購01,125440,2.56,2.56,2.56,2.56
713137,廣閎科群益62購01,29700,2.97,2.97,2.97,2.97
713138,大綜元大62購01,437750,1.38,1.53,1.38,1.5
713139,中美晶元大62購02,80540,1.13,1.2,1.12,1.2
713140,弘塑元大62購02,58800,1.1,1.12,1.08,1.09
713141,均華元大62購01,59290,1.03,1.03,1.02,1.02
713142,沛亨元大62購01,692820,1.6,1.64,1.55,1.63
713143,宜鼎元大62購03,316730,0.44,0.44,0.43,0.44
713144,威剛元大65購13,34590,1.45,1.45,1.44,1.44
713145,高技元大62購01,126420,0.59,0.6,0.58,0.6
713146,群聯元大62購05,313340,1.14,1.18,1.14,1.18
713147,群聯元大62購06,61000,1.0,1.02,1.0,1.02
713148,中美晶凱基62購01,26670,2.13,2.31,2.13,2.31
713149,台半凱基66購01,0,,,,
713150,弘塑凱基65購01,577630,3.0,3.03,2.95,2.95
713151,均華凱基62購01,561020,2.1,2.32,2.1,2.21
713152,系統電凱基64購03,0,,,,
713153,宜鼎凱基64購03,61070,0.78,0.78,0.76,0.77
713154,威剛凱基62購01,0,,,,
713155,高技凱基65購01,74250,1.65,1.65,1.65,1.65
713156,鈊象凱基62購01,0,,,,
713157,新應材凱基62購01,39900,1.14,1.14,1.14,1.14
713158,群聯凱基62購02,0,,,,
713159,頎邦凱基68購01,75750,5.05,5.05,5.05,5.05
713160,廣閎科凱基62購01,57560,2.62,2.62,2.58,2.58
713161,磐亞凱基62購01,230150,0.79,0.86,0.77,0.86
713162,磐亞凱基62購02,0,,,,
713163,磐亞凱基62購03,0,,,,
713164,磐亞凱基62購04,0,,,,
713165,磐亞凱基62購05,0,,,,
713166,環球晶凱基62購01,112140,0.88,0.94,0.88,0.91
713167,環球晶凱基62購02,90350,1.04,1.07,1.04,1.06
713168,環球晶凱基62購03,248000,0.8,0.8,0.8,0.8
713169,環球晶凱基62購04,68640,1.01,1.04,1.01,1.04
713170,環球晶凱基62購05,124650,1.01,1.08,1.01,1.08
713171,環球晶凱基64購01,22120,0.74,0.82,0.74,0.81
713172,環球晶凱基64購02,203100,0.62,0.7,0.6,0.68
713173,環球晶凱基64購03,0,,,,
713174,環球晶凱基64購04,1700,0.85,0.85,0.85,0.85
713175,雙鴻凱基68購02,31600,3.16,3.16,3.16,3.16
713176,宏碩台新62購01,0,,,,
713177,順達台新62購02,6360,1.59,1.59,1.59,1.59
713178,環球晶台新62購03,64250,1.1,1.15,1.1,1.15
713179,環球晶台新62購04,111190,0.82,0.91,0.82,0.91
713180,環球晶台新62購05,0,,,,
713181,環球晶台新62購06,0,,,,
713182,環球晶台新68購01,236220,2.14,2.22,2.14,2.21
713183,環球晶台新68購02,220400,1.64,1.82,1.64,1.77
713184,元太群益62購04,0,,,,
713185,宜鼎群益62購03,24220,1.26,1.28,1.26,1.28
713186,環球晶群益62購02,4650,0.93,0.93,0.93,0.93
713187,環球晶群益62購03,36600,0.78,0.79,0.77,0.78
713188,環球晶群益62購04,3150,0.63,0.63,0.63,0.63
713189,環球晶群益63購01,55820,1.06,1.19,1.06,1.19
713190,環球晶統一66購01,184690,0.66,0.74,0.66,0.74
713191,環球晶統一6A購01,0,,,,
713192,環球晶統一6A購02,5800,0.58,0.58,0.58,0.58
713193,環球晶統一6C購01,2450,0.49,0.49,0.49,0.49
713194,環球晶統一78購01,317270,0.53,0.56,0.52,0.56
713195,雙鴻統一6A購03,122550,1.19,1.19,1.18,1.18
713196,威剛國泰63購02,0,,,,
713197,環球晶國泰63購01,296190,1.1,1.21,1.1,1.21
713198,環球晶國泰64購01,203790,1.1,1.16,1.1,1.16
713199,環球晶國泰67購01,166920,1.4,1.53,1.4,1.53
713200,良維富邦64購01,161570,1.11,1.18,1.11,1.18
713201,群翊富邦65購01,71100,0.45,0.45,0.45,0.45
713202,環球晶富邦62購01,72520,0.56,0.58,0.56,0.56
713203,環球晶富邦62購02,7980,0.42,0.42,0.42,0.42
713204,環球晶富邦65購01,0,,,,
713205,環球晶中信62購01,34520,0.31,0.36,0.31,0.35
713206,環球晶中信62購02,17760,0.52,0.59,0.51,0.59
713207,磐亞永豐63購01,0,,,,
713208,環球晶永豐63購01,211420,0.97,1.03,0.93,1.02
713209,環球晶永豐63購02,456250,0.79,0.79,0.74,0.76
713210,環球晶永豐63購03,20160,0.84,0.84,0.84,0.84
713211,環球晶永豐63購04,145680,0.72,0.78,0.72,0.78
713212,環球晶永豐63購05,1723210,0.77,0.85,0.73,0.83
713213,環球晶永豐63購06,50470,1.03,1.03,1.03,1.03
713214,環球晶永豐65購01,80040,1.16,1.16,1.16,1.16
713215,環球晶永豐65購02,246420,1.03,1.14,1.03,1.14
713216,環球晶永豐65購03,186590,1.31,1.43,1.29,1.42
713217,環球晶永豐68購01,0,,,,
713218,環球晶永豐68購02,108640,1.94,1.94,1.94,1.94
713219,環球晶永豐72購01,456340,3.13,3.2,3.12,3.18
713220,雙鴻永豐63購06,232600,2.08,2.17,2.0,2.17
713221,雙鴻永豐64購06,257190,2.51,2.68,2.48,2.66
713222,中美晶國票63購02,35050,1.0,1.07,1.0,1.07
713223,均華國票65購01,480270,2.93,3.0,2.85,2.9
713224,沛亨國票68購02,0,,,,
713225,威剛國票64購02,3779930,0.76,0.76,0.75,0.75
713226,威聯通國票66購01,0,,,,
713227,博盛國票64購01,0,,,,
713228,磐亞國票66購01,28900,0.64,0.65,0.64,0.65
713229,環球晶國票64購01,81040,0.83,0.94,0.83,0.94
713230,雙鴻國票63購02,0,,,,
713231,中美晶元大62購03,47500,0.52,0.56,0.52,0.56
713232,均華元大62購02,59300,1.3,1.31,1.28,1.28
713233,均華元大66購01,229440,1.42,1.42,1.39,1.39
713234,均華元大67購01,533560,1.15,1.19,1.15,1.19
713235,威剛元大65購14,0,,,,
713236,群聯元大62購07,262170,1.3,1.31,1.26,1.3
713237,群聯元大62購08,320510,0.99,1.13,0.99,1.13
713238,磐亞元大62購01,4400,0.44,0.44,0.44,0.44
713239,營邦元大65購01,23400,1.8,1.8,1.8,1.8
713240,環球晶元大62購01,14620,0.86,0.86,0.86,0.86
713241,環球晶元大62購02,158350,0.8,0.8,0.79,0.8
713242,環球晶元大62購03,77500,0.46,0.48,0.46,0.47
713243,環球晶元大65購03,4800,0.96,0.96,0.96,0.96
713244,環球晶元大68購09,266080,1.16,1.23,1.14,1.21
713245,元太凱基63購04,176940,1.67,1.69,1.59,1.65
713246,威剛凱基65購03,0,,,,
713247,群聯凱基63購17,51460,1.66,1.66,1.66,1.66
713248,營邦凱基63購04,292070,2.63,2.65,2.52,2.59
713249,雙鴻凱基64購03,383520,3.89,4.06,3.79,3.95
713250,聖暉*台新63購01,323770,1.88,2.1,1.83,2.1
713251,璟德台新65購01,59080,1.08,1.08,1.07,1.07
713252,優群台新65購01,29260,1.38,1.4,1.38,1.4
713253,雙鴻台新63購02,0,,,,
713254,雙鴻台新63購03,26500,5.3,5.3,5.3,5.3
713255,中美晶群益63購04,56550,3.7,3.91,3.7,3.91
713256,弘塑群益63購04,122090,3.99,3.99,3.88,3.88
713257,宜鼎群益63購03,0,,,,
713258,威剛群益63購03,30940,2.21,2.21,2.21,2.21
713259,順達群益63購03,17040,2.84,2.84,2.84,2.84
713260,鈊象群益63購02,143930,1.87,1.87,1.77,1.79
713261,新應材群益64購01,0,,,,
713262,群聯群益63購04,92430,1.25,1.33,1.25,1.33
713263,雙鴻群益63購05,161040,2.64,2.67,2.61,2.67
713264,宜鼎中信68購01,65340,0.52,0.54,0.52,0.54
713265,群聯中信63購02,36140,0.69,0.69,0.68,0.68
713266,穩懋中信63購01,491080,1.17,1.23,1.11,1.23
713267,穩懋中信68購02,647130,1.02,1.11,1.02,1.11
713268,智通*永豐63購02,108000,0.8,0.8,0.8,0.8
713269,雙鴻永豐65購03,601300,6.15,6.35,6.05,6.05
713270,雙鴻永豐65購04,0,,,,
713271,譜瑞永豐63購01,221430,1.61,1.7,1.61,1.69
713272,中美晶元大63購05,68320,1.29,1.37,1.29,1.37
713273,中美晶元大63購06,40420,0.61,0.61,0.59,0.59
713274,中美晶元大63購07,8700,0.58,0.58,0.58,0.58
713275,宜鼎元大65購04,273980,1.23,1.27,1.22,1.27
713276,宜鼎元大66購01,300240,0.72,0.72,0.72,0.72
713277,威剛元大63購05,24940,1.39,1.39,1.38,1.38
713278,威剛元大65購15,0,,,,
713279,高技元大63購03,223130,1.23,1.24,1.23,1.24
713280,高技元大63購04,124760,1.43,1.44,1.43,1.44
713281,順達元大65購01,3440,1.72,1.72,1.72,1.72
713282,鈊象元大63購10,0,,,,
713283,群聯元大63購17,939940,1.02,1.13,1.02,1.13
713284,群聯元大63購18,15750,1.05,1.05,1.05,1.05
713285,營邦元大65購02,262100,2.66,2.7,2.59,2.66
713286,營邦元大66購01,863770,2.29,2.31,2.21,2.24
713287,弘塑國票63購02,24300,1.22,1.22,1.21,1.21
713288,正德國票63購01,0,,,,
713289,正德國票64購01,0,,,,
713290,鈊象國票66購01,406010,1.01,1.02,1.0,1.01
713291,群翊國票68購01,3500,0.7,0.7,0.7,0.7
713292,群聯國票68購01,0,,,,
713293,聖暉*國票68購01,0,,,,
713294,頎邦國票64購04,1066670,1.54,1.67,1.54,1.67
713295,營邦國票63購01,34180,3.06,3.19,3.06,3.19
713296,營邦國票64購01,135190,3.29,3.32,3.29,3.32
713297,環球晶國票63購01,400530,1.57,1.7,1.5,1.7
713298,晶呈富邦64購01,0,,,,
713299,廣閎科富邦63購01,16900,0.67,0.68,0.67,0.68
713300,穩懋富邦63購02,109930,1.6,1.78,1.55,1.78
713301,天良國泰63購01,0,,,,
713302,晶呈國泰63購01,17240,1.64,1.64,1.56,1.56
713303,晶呈國泰63購02,59450,1.45,1.45,1.45,1.45
713304,磐亞國泰63購01,640,0.64,0.64,0.64,0.64
713305,穩懋國泰64購02,504460,2.71,2.97,2.58,2.97
713306,穩懋國泰65購01,4269920,1.6,1.73,1.53,1.73
713307,環球晶統一67購01,0,,,,
713308,千附精凱基65購01,50600,1.12,1.14,1.12,1.14
713309,中美晶凱基63購08,62960,2.21,2.33,2.21,2.33
713310,台半凱基65購01,0,,,,
713311,弘塑凱基63購07,0,,,,
713312,良維凱基63購02,869290,3.9,4.22,3.9,4.13
713313,高技凱基63購02,0,,,,
713314,順達凱基63購09,66130,3.65,3.71,3.65,3.65
713315,鈊象凱基63購04,0,,,,
713316,新應材凱基65購01,34490,2.31,2.31,2.27,2.27
713317,群翊凱基63購01,104400,1.45,1.45,1.45,1.45
713318,頎邦凱基63購05,241530,1.9,2.25,1.9,2.24
713319,頎邦凱基63購06,399080,1.82,1.95,1.78,1.9
713320,精材凱基63購03,105640,3.93,4.11,3.75,4.11
713321,精材凱基63購04,110700,4.33,4.43,4.11,4.4
713322,精材凱基63購05,46500,4.65,4.65,4.65,4.65
713323,精材凱基63購06,51120,4.65,4.65,4.64,4.64
713324,環球晶凱基63購01,4269690,1.61,1.76,1.51,1.72
713325,高技台新63購01,219670,1.3,1.34,1.3,1.34
713326,華宏台新63購01,54970,0.91,0.91,0.88,0.89
713327,華景電台新63購01,140390,1.16,1.19,1.16,1.19
713328,華景電台新63購02,283850,0.97,1.09,0.97,1.09
713329,順達台新63購01,6950,1.39,1.39,1.39,1.39
713330,頎邦台新65購01,995540,2.89,3.2,2.87,3.05
713331,精材台新63購01,46350,2.01,2.13,2.01,2.13
713332,精材台新63購02,76890,2.33,2.33,2.33,2.33
713333,雙鴻台新65購03,1288600,13.7,14.5,13.4,13.4
713334,譜瑞台新65購01,237720,1.86,1.95,1.84,1.95
713335,千附精元大63購02,357840,0.78,0.97,0.78,0.97
713336,元太元大63購09,20460,0.66,0.66,0.66,0.66
713337,元太元大65購05,0,,,,
713338,威剛元大63購06,0,,,,
713339,高技元大63購05,113120,1.27,1.28,1.27,1.28
713340,鈊象元大63購11,172560,1.28,1.28,1.24,1.26
713341,群聯元大63購19,517210,1.09,1.15,1.08,1.15
713342,精材元大65購01,351070,1.45,1.48,1.38,1.48
713343,環球晶元大63購01,191240,1.31,1.43,1.31,1.41
713344,環球晶元大63購02,429370,1.19,1.3,1.19,1.29
713345,環球晶元大63購03,139600,0.91,0.93,0.91,0.93
713346,環球晶元大65購04,0,,,,
713347,環球晶元大68購10,48740,0.67,0.71,0.67,0.71
713348,雙鴻元大63購11,0,,,,
713349,雙鴻元大63購12,0,,,,
713350,雙鴻元大63購13,0,,,,
713351,雙鴻元大65購01,128860,1.55,1.71,1.55,1.71
713352,譜瑞元大63購05,345200,1.24,1.32,1.22,1.3
713353,弘塑中信65購01,141610,0.63,0.63,0.6,0.61
713354,博智中信65購01,0,,,,
713355,精材中信68購01,39600,1.1,1.1,1.1,1.1
713356,千附精永豐63購02,15390,0.57,0.57,0.57,0.57
713357,台半永豐63購03,0,,,,
713358,弘塑永豐63購03,110000,1.25,1.25,1.25,1.25
713359,弘塑永豐68購01,0,,,,
713360,利機永豐63購01,0,,,,
713361,均華永豐63購03,78260,0.97,1.08,0.97,1.08
713362,原相永豐63購01,46830,1.11,1.12,1.11,1.12
713363,家登永豐63購04,0,,,,
713364,高技永豐65購01,41410,0.87,0.89,0.87,0.89
713365,崇越電永豐65購01,0,,,,
713366,博智永豐63購02,0,,,,
713367,華宏永豐63購01,38580,1.03,1.03,1.01,1.01
713368,閎康永豐63購01,10300,1.03,1.03,1.03,1.03
713369,新應材永豐66購01,0,,,,
713370,頎邦永豐63購03,148640,1.73,1.93,1.73,1.93
713371,頎邦永豐63購04,0,,,,
713372,精材永豐63購03,0,,,,
713373,精材永豐63購04,0,,,,
713374,精材永豐68購01,0,,,,
713375,精材永豐68購02,106260,3.52,3.64,3.52,3.64
713376,穩懋永豐63購04,455240,3.41,3.48,3.41,3.48
713377,中美晶群益63購05,168610,3.07,3.25,3.06,3.25
713378,世界群益63購02,106860,1.19,1.19,1.09,1.09
713379,台半群益63購02,0,,,,
713380,弘塑群益63購05,35670,0.93,0.94,0.93,0.94
713381,均華群益66購01,219680,4.47,4.61,4.47,4.61
713382,威剛群益63購04,0,,,,
713383,威剛群益63購05,0,,,,
713384,博盛群益63購01,0,,,,
713385,鈊象群益63購03,147830,1.98,1.98,1.87,1.92
713386,新應材群益63購01,0,,,,
713387,群聯群益63購05,214390,2.02,2.2,1.94,2.2
713388,群聯群益63購06,13000,0.86,0.87,0.86,0.87
713389,精材群益63購04,352590,3.33,3.43,3.11,3.43
713390,雙鴻群益63購06,61300,4.14,4.14,4.06,4.06
713391,雙鴻群益66購01,1230,1.23,1.23,1.23,1.23
713392,穩懋群益65購01,377750,1.48,1.65,1.41,1.65
713393,元太國票63購01,0,,,,
713394,世界國票65購01,6000,1.0,1.0,1.0,1.0
713395,台半國票68購01,0,,,,
713396,沛亨國票63購01,8950,1.46,1.51,1.46,1.51
713397,良維國票69購01,0,,,,
713398,宜特國票65購01,0,,,,
713399,杰力國票65購02,0,,,,
713400,長科*國票63購01,24930,0.8,0.88,0.8,0.88
713401,茂達國票63購01,24500,0.79,0.83,0.79,0.83
713402,晶呈國票63購01,0,,,,
713403,順達國票65購03,0,,,,
713404,萬泰科國票63購01,1680,0.84,0.84,0.84,0.84
713405,鉅橡國票65購01,0,,,,
713406,精材國票65購03,0,,,,
713407,環球晶國票63購02,58890,1.43,1.59,1.43,1.57
713408,譜瑞國票63購01,0,,,,
713409,頎邦國泰63購05,2207400,1.94,2.27,1.94,2.26
713410,雙鴻國泰63購03,61200,3.06,3.06,3.06,3.06
713411,雙鴻國泰63購04,16450,3.29,3.29,3.29,3.29
713412,均華統一67購01,107790,0.73,0.76,0.73,0.76
713413,東捷統一68購02,493820,1.04,1.15,1.04,1.15
713414,精材統一66購02,0,,,,
713415,精材統一67購03,21600,1.08,1.08,1.08,1.08
713416,精材統一6C購03,7320,1.05,1.06,1.02,1.06
713417,雙鴻統一65購03,293620,1.35,1.39,1.33,1.39
713418,穩懋統一65購03,1282860,0.97,1.03,0.91,1.02
713419,弘塑富邦63購03,255600,0.79,0.81,0.78,0.78
713420,群聯富邦65購01,1361580,0.9,0.99,0.88,0.98
713421,群聯富邦65購02,1232980,0.84,0.92,0.82,0.91
713422,精材富邦65購01,85800,1.45,1.47,1.41,1.47
713423,精材富邦68購01,44040,1.37,1.5,1.37,1.5
713424,廣閎科富邦63購02,35250,0.75,0.75,0.75,0.75
713425,茂綸國票68購01,25350,0.87,0.87,0.82,0.82
713426,鴻呈國票68購01,0,,,,
713427,元太凱基65購02,0,,,,
713428,均華凱基65購01,621120,1.93,2.12,1.93,2.0
713429,杰力凱基65購01,0,,,,
713430,威剛凱基63購12,0,,,,
713431,晶呈凱基63購01,294160,1.98,1.98,1.91,1.92
713432,群聯凱基68購02,805400,2.56,2.87,2.56,2.87
713433,雙鴻凱基63購12,39850,3.47,3.68,3.47,3.68
713434,穩懋凱基63購09,414110,2.12,2.43,2.12,2.43
713435,譜瑞凱基63購02,827570,1.32,1.42,1.32,1.42
713436,譜瑞凱基63購03,661050,1.55,1.68,1.54,1.67
713437,譜瑞凱基63購04,836550,1.26,1.37,1.26,1.36
713438,譜瑞凱基65購01,175490,2.07,2.2,2.07,2.2
713439,譜瑞凱基65購02,255320,1.99,2.11,1.99,2.11
713440,久元台新63購01,59970,1.11,1.15,1.11,1.15
713441,均華台新63購02,0,,,,
713442,宜鼎台新63購02,268970,1.66,1.71,1.66,1.71
713443,威剛台新63購03,0,,,,
713444,威剛台新63購04,0,,,,
713445,茂綸台新63購01,72780,1.67,1.69,1.58,1.58
713446,倚強台新63購01,0,,,,
713447,群聯台新63購02,80300,1.46,1.46,1.46,1.46
713448,群聯台新63購03,4710,1.57,1.57,1.57,1.57
713449,群聯台新63購04,16550,0.97,1.0,0.97,1.0
713450,群聯台新68購02,215990,1.82,1.99,1.82,1.99
713451,頎邦台新63購01,1198950,2.29,2.58,2.27,2.57
713452,鴻呈台新63購01,0,,,,
713453,穩懋台新63購02,672100,2.12,2.4,2.12,2.4
713454,穩懋台新65購03,246820,2.25,2.44,2.25,2.44
713455,高技中信65購01,68030,0.68,0.69,0.68,0.68
713456,崇越電中信63購01,0,,,,
713457,群聯中信68購01,0,,,,
713458,雙鴻中信68購01,18480,1.54,1.54,1.54,1.54
713459,穩懋中信68購03,0,,,,
713460,互動永豐63購01,0,,,,
713461,均華永豐63購04,118990,1.21,1.22,1.21,1.22
713462,沛亨永豐63購01,404150,3.38,3.38,3.11,3.27
713463,良維永豐63購02,495710,1.31,1.45,1.31,1.43
713464,宜鼎永豐63購07,0,,,,
713465,順達永豐63購05,0,,,,
713466,新復興永豐63購01,0,,,,
713467,新應材永豐66購02,69300,0.9,0.9,0.9,0.9
713468,環球晶永豐63購07,83880,1.19,1.3,1.19,1.3
713469,環球晶永豐63購08,63630,1.08,1.18,1.08,1.17
713470,鴻呈永豐65購01,67010,0.58,0.59,0.58,0.59
713471,台特化群益63購01,0,,,,
713472,弘塑群益63購06,21600,2.16,2.16,2.16,2.16
713473,信立群益63購01,37500,0.54,0.54,0.53,0.53
713474,倚強群益65購01,0,,,,
713475,高技群益63購01,0,,,,
713476,博智群益63購03,0,,,,
713477,順達群益63購04,0,,,,
713478,頎邦群益63購02,191150,4.43,4.89,4.43,4.78
713479,精材群益63購05,52050,2.64,2.64,2.49,2.49
713480,精材群益65購01,120310,1.95,1.95,1.86,1.95
713481,環球晶群益63購02,120960,1.36,1.42,1.36,1.42
713482,穩懋群益63購04,4017110,1.75,2.03,1.63,2.0
713483,譜瑞群益63購01,396090,1.31,1.38,1.31,1.38
713484,長科*國泰63購01,81040,1.34,1.45,1.34,1.45
713485,高技國泰63購02,49880,0.86,0.86,0.86,0.86
713486,世界富邦63購01,87360,0.72,0.74,0.69,0.71
713487,均華富邦63購02,384360,0.93,1.04,0.93,1.0
713488,沛亨富邦63購01,74560,1.08,1.08,0.97,1.06
713489,博智富邦63購04,0,,,,
713490,穩懋富邦63購03,335820,0.88,0.96,0.84,0.96
713491,台半統一68購02,0,,,,
713492,能率亞統一6B購01,0,,,,
713493,崇越電統一6B購01,0,,,,
713494,穩懋統一68購04,15840,0.76,0.76,0.75,0.75
713495,台半元大63購04,0,,,,
713496,台半元大63購05,0,,,,
713497,台半元大63購06,30710,0.64,0.64,0.63,0.64
713498,台半元大68購02,72000,0.72,0.72,0.72,0.72
713499,弘塑元大66購01,380850,1.15,1.17,1.15,1.17
713500,弘塑元大68購02,775830,1.03,1.05,1.03,1.05
713501,弘塑元大68購03,21390,1.43,1.43,1.41,1.43
713502,均華元大63購01,70110,1.11,1.14,1.11,1.14
713503,宜鼎元大63購07,245210,0.37,0.38,0.37,0.38
713504,威剛元大63購07,714000,1.46,1.46,1.42,1.42
713505,威剛元大63購08,0,,,,
713506,能率元大63購03,0,,,,
713507,晶呈元大63購01,0,,,,
713508,新應材元大65購01,90090,1.63,1.63,1.57,1.57
713509,新應材元大68購01,451780,1.01,1.01,0.95,0.97
713510,群聯元大63購20,310560,0.97,1.07,0.96,1.07
713511,精材元大65購02,195680,2.03,2.09,1.94,2.09
713512,蜜望實元大63購03,71280,0.44,0.44,0.44,0.44
713513,環球晶元大63購04,0,,,,
713514,環球晶元大63購05,32000,0.8,0.8,0.8,0.8
713515,環球晶元大65購05,198000,0.99,0.99,0.99,0.99
713516,環球晶元大68購11,136830,0.71,0.77,0.7,0.77
713517,雙鴻元大63購14,1273320,1.94,1.94,1.89,1.89
713518,雙鴻元大63購15,6730,2.13,2.33,2.13,2.33
713519,雙鴻元大63購16,128380,1.93,2.04,1.88,1.88
713520,雙鴻元大63購17,0,,,,
713521,譜瑞元大63購06,38460,0.96,0.98,0.96,0.98
713522,譜瑞元大63購07,220650,0.81,0.87,0.81,0.87
713523,力致台新63購01,0,,,,
713524,兆利台新64購01,7080,1.18,1.18,1.18,1.18
713525,兆利台新65購01,0,,,,
713526,精材台新63購03,80930,2.14,2.14,2.03,2.08
713527,廣閎科台新63購01,0,,,,
713528,環球晶台新63購02,1379100,2.68,3.09,2.6,2.93
713529,環球晶台新63購03,186900,1.96,2.3,1.96,2.28
713530,雙鴻台新64購01,0,,,,
713531,雙鴻台新64購02,214000,3.3,3.52,3.3,3.52
713532,台半凱基63購03,0,,,,
713533,台特化凱基67購02,17520,1.46,1.46,1.46,1.46
713534,弘塑凱基69購01,43820,2.59,2.59,2.56,2.56
713535,宜鼎凱基63購08,0,,,,
713536,茂綸凱基64購01,1169920,1.67,1.67,1.46,1.51
713537,高技凱基63購03,0,,,,
713538,博智凱基65購01,0,,,,
713539,順達凱基64購03,0,,,,
713540,新應材凱基66購01,18980,1.46,1.46,1.46,1.46
713541,頎邦凱基65購01,1032320,3.2,3.36,3.2,3.29
713542,精材凱基63購07,203800,2.1,2.15,2.0,2.13
713543,精材凱基66購01,44250,2.95,2.95,2.95,2.95
713544,蜜望實凱基63購02,0,,,,
713545,環球晶凱基69購01,438510,1.88,2.03,1.82,2.02
713546,雙鴻凱基63購13,341850,3.04,3.23,2.84,2.93
713547,台半群益66購01,0,,,,
713548,宏捷科群益63購01,21900,0.73,0.73,0.73,0.73
713549,沛亨群益63購01,1286620,2.19,2.22,2.05,2.22
713550,朋程群益63購01,5050,1.01,1.01,1.01,1.01
713551,欣銓群益63購02,148770,1.75,1.99,1.71,1.99
713552,威剛群益63購06,0,,,,
713553,高技群益63購02,0,,,,
713554,華景電群益63購01,264560,0.84,0.93,0.84,0.93
713555,萬泰科群益63購01,0,,,,
713556,群聯群益63購07,22400,0.86,0.93,0.86,0.93
713557,聖暉*群益63購01,255270,1.25,1.44,1.25,1.43
713558,精材群益63購06,96600,2.97,3.14,2.97,3.14
713559,鴻呈群益66購01,40700,0.74,0.74,0.74,0.74
713560,雙鴻群益63購07,137480,4.73,4.77,4.72,4.72
713561,青雲國票64購01,33080,2.06,2.08,2.06,2.08
713562,青雲國票65購01,0,,,,
713563,倚強國票64購01,0,,,,
713564,家登國票64購01,9250,1.85,1.85,1.85,1.85
713565,達航國票64購01,0,,,,
713566,精材國票64購01,0,,,,
713567,雙鴻國票64購01,88190,1.52,1.62,1.51,1.57
713568,頎邦中信69購01,102810,0.85,0.92,0.85,0.92
713569,精材中信69購01,37200,0.74,0.76,0.74,0.76
713570,雙鴻中信69購01,163730,0.98,1.01,0.94,1.0
713571,安葆永豐64購02,219350,1.02,1.12,1.02,1.12
713572,宜鼎永豐65購03,51240,0.61,0.61,0.61,0.61
713573,宜鼎永豐68購01,87460,0.99,1.03,0.99,1.03
713574,博盛永豐64購01,0,,,,
713575,華洋永豐65購01,0,,,,
713576,廣閎科永豐64購01,0,,,,
713577,雙鴻永豐64購07,249550,1.97,2.04,1.92,2.02
713578,雙鴻永豐65購05,51510,3.18,3.25,3.18,3.25
713579,雙鴻永豐68購01,320460,1.53,1.61,1.47,1.61
713580,千附精元大63購03,124990,0.44,0.49,0.44,0.49
713581,中美晶元大63購08,75150,0.45,0.45,0.45,0.45
713582,弘塑元大67購02,45300,1.37,1.38,1.35,1.37
713583,弘塑元大68購04,84300,1.21,1.21,1.2,1.2
713584,宜鼎元大63購08,415930,0.5,0.54,0.5,0.54
713585,宜鼎元大63購09,0,,,,
713586,威剛元大63購09,0,,,,
713587,威剛元大63購10,0,,,,
713588,高技元大63購06,148500,0.3,0.3,0.3,0.3
713589,新應材元大66購01,89720,1.2,1.2,1.16,1.16
713590,精材元大63購06,50770,1.99,1.99,1.92,1.99
713591,精材元大63購07,217940,1.58,1.64,1.51,1.64
713592,精材元大63購08,565710,1.39,1.5,1.39,1.5
713593,精材元大63購09,89320,0.88,0.92,0.84,0.92
713594,蜜望實元大63購04,17920,0.32,0.32,0.32,0.32
713595,營邦元大68購01,382210,1.11,1.13,1.08,1.12
713596,環球晶元大63購06,93080,0.66,0.71,0.65,0.7
713597,環球晶元大64購02,106290,0.69,0.76,0.69,0.76
713598,環球晶元大66購05,77900,0.55,0.61,0.55,0.59
713599,鴻呈元大63購01,0,,,,
713600,鴻呈元大63購02,31270,0.32,0.33,0.32,0.33
713601,雙鴻元大63購18,265020,1.52,1.62,1.42,1.62
713602,雙鴻元大64購06,315850,1.63,1.76,1.54,1.71
713603,雙鴻元大65購02,813800,1.77,1.87,1.67,1.87
713604,鴻呈國泰64購01,37050,0.65,0.65,0.65,0.65
713605,中美晶富邦63購03,322280,0.58,0.6,0.58,0.6
713606,元太富邦65購01,28520,0.59,0.59,0.58,0.58
713607,威剛富邦66購01,68100,0.51,0.51,0.5,0.5
713608,高技富邦66購01,7410,0.57,0.57,0.57,0.57
713609,晶呈富邦65購01,168850,0.68,0.68,0.65,0.67
713610,閎康富邦65購01,232440,0.63,0.66,0.62,0.65
713611,順達富邦64購02,19320,0.46,0.46,0.46,0.46
713612,頎邦富邦66購01,137740,0.77,0.86,0.77,0.86
713613,精材富邦65購02,28850,0.89,0.96,0.87,0.96
713614,精材富邦79購01,227550,1.09,1.1,1.03,1.1
713615,營邦富邦66購01,582690,1.07,1.07,0.99,0.99
713616,雙鴻富邦65購02,225910,1.8,1.86,1.73,1.76
713617,雙鴻富邦66購01,890210,1.87,1.96,1.83,1.96
713618,雙鴻富邦66購02,696790,1.56,1.6,1.45,1.6
713619,雙鴻統一69購01,270400,1.17,1.19,1.15,1.19
713620,雙鴻統一6C購02,211880,0.71,0.73,0.69,0.69
713621,千附群益63購01,0,,,,
713622,均華群益65購01,1020940,1.09,1.17,1.09,1.14
713623,亞通群益63購01,4286640,3.15,3.15,2.66,2.67
713624,宜鼎群益65購01,16200,0.54,0.54,0.54,0.54
713625,威剛群益63購07,0,,,,
713626,順達群益63購05,10800,1.08,1.08,1.08,1.08
713627,新應材群益64購02,0,,,,
713628,群聯群益63購08,21500,0.83,0.89,0.83,0.89
713629,頎邦群益63購03,283080,4.5,4.92,4.39,4.92
713630,精材群益63購07,0,,,,
713631,精材群益63購08,512850,2.02,2.1,1.8,2.1
713632,擎亞群益63購01,0,,,,
713633,環球晶群益63購03,178200,1.18,1.36,1.18,1.35
713634,雙鴻群益63購08,96700,2.85,2.87,2.81,2.85
713635,元太國票64購02,0,,,,
713636,世界國票64購01,155000,1.04,1.04,0.97,0.97
713637,弘塑國票64購01,0,,,,
713638,均華國票67購01,138120,1.27,1.37,1.27,1.32
713639,良維國票64購01,33670,1.01,1.07,1.01,1.05
713640,宜鼎國票64購01,0,,,,
713641,欣銓國票64購01,0,,,,
713642,威剛國票64購03,0,,,,
713643,高技國票64購01,0,,,,
713644,創泓國票64購01,7680,1.92,1.92,1.92,1.92
713645,智通*國票65購01,0,,,,
713646,萊德光國票64購01,863030,1.57,1.59,1.48,1.5
713647,雅特力國票64購01,0,,,,
713648,順達國票64購01,0,,,,
713649,群聯國票64購02,14620,0.86,0.86,0.86,0.86
713650,頎邦國票64購05,0,,,,
713651,精材國票64購02,0,,,,
713652,蜜望實國票64購01,12740,1.4,1.44,1.39,1.44
713653,擎亞國票64購01,630,0.63,0.63,0.63,0.63
713654,擎亞國票65購01,0,,,,
713655,擎亞國票66購01,0,,,,
713656,環球晶國票64購02,121400,2.17,2.27,2.17,2.27
713657,環球晶國票65購01,153550,2.12,2.3,2.02,2.3
713658,環球晶國票66購01,259370,2.09,2.32,2.09,2.32
713659,鴻呈國票64購01,0,,,,
713660,雙鴻國票64購02,0,,,,
713661,安葆台新63購01,0,,,,
713662,能率台新66購01,0,,,,
713663,萊德光台新63購01,735290,1.99,1.99,1.73,1.84
713664,雅特力台新63購01,146400,0.94,0.99,0.94,0.99
713665,精材台新63購04,258280,1.77,1.83,1.67,1.83
713666,擎亞台新63購01,0,,,,
713667,擎亞台新66購01,0,,,,
713668,雙鴻台新66購01,0,,,,
713669,千附精元大66購01,96580,0.48,0.5,0.48,0.5
713670,元太元大66購06,41540,1.25,1.25,1.22,1.22
713671,元太元大67購04,0,,,,
713672,均華元大63購02,3340,0.82,0.85,0.82,0.85
713673,均華元大63購03,214200,0.85,0.95,0.85,0.95
713674,均華元大64購05,0,,,,
713675,宜鼎元大63購10,233000,0.65,0.66,0.65,0.66
713676,宜鼎元大63購11,445180,0.59,0.59,0.57,0.57
713677,青雲元大63購03,100450,0.69,0.72,0.69,0.71
713678,威剛元大63購11,0,,,,
713679,高技元大63購07,0,,,,
713680,智通*元大67購01,214780,0.91,0.93,0.91,0.93
713681,雅特力元大63購01,165440,1.08,1.15,1.08,1.11
713682,群聯元大63購21,187030,0.86,0.92,0.86,0.92
713683,精材元大63購10,138000,1.7,1.72,1.63,1.72
713684,精材元大63購11,7350,1.47,1.47,1.47,1.47
713685,精材元大63購12,604190,1.12,1.12,1.01,1.12
713686,精材元大64購02,22080,1.31,1.33,1.26,1.33
713687,精材元大65購03,36240,0.8,0.83,0.77,0.83
713688,蜜望實元大63購05,93740,0.49,0.5,0.49,0.5
713689,擎亞元大63購01,76900,0.5,0.5,0.45,0.45
713690,環球晶元大63購07,308610,1.93,2.12,1.93,2.06
713691,環球晶元大63購08,466440,1.11,1.2,1.08,1.2
713692,環球晶元大67購04,43110,1.02,1.11,1.02,1.11
713693,雙鴻元大63購19,0,,,,
713694,雙鴻元大63購20,0,,,,
713695,千附精凱基63購01,48000,0.96,0.96,0.96,0.96
713696,中美晶凱基68購02,7950,2.65,2.65,2.65,2.65
713697,欣銓凱基68購01,37400,3.11,3.19,3.11,3.19
713698,青雲凱基64購01,499640,1.68,1.73,1.67,1.73
713699,家登凱基64購01,0,,,,
713700,雅特力凱基63購01,108400,1.06,1.13,1.06,1.06
713701,雅特力凱基63購02,0,,,,
713702,雅特力凱基63購03,183070,1.1,1.19,1.1,1.15
713703,萬泰科凱基63購01,31600,1.78,1.78,1.74,1.74
713704,群聯凱基64購09,20580,1.47,1.47,1.47,1.47
713705,群聯凱基69購01,1683950,2.32,2.45,2.25,2.45
713706,聖暉*凱基63購02,1042830,1.47,1.69,1.42,1.69
713707,達航凱基66購01,0,,,,
713708,精材凱基63購08,211800,1.58,1.66,1.58,1.66
713709,擎亞凱基63購01,0,,,,
713710,擎亞凱基63購02,0,,,,
713711,擎亞凱基66購01,0,,,,
713712,營邦凱基68購01,325300,3.68,3.69,3.52,3.52
713713,鴻呈凱基63購01,379240,0.38,0.38,0.38,0.38
713714,雙鴻凱基63購14,0,,,,
713715,環球晶中信69購01,941960,1.29,1.4,1.27,1.4
713716,千附永豐63購01,19950,1.05,1.05,1.05,1.05
713717,宜鼎永豐67購02,142320,1.09,1.12,1.09,1.12
713718,宜鼎永豐69購01,336500,0.96,0.97,0.96,0.97
713719,青雲永豐64購01,0,,,,
713720,博士旺永豐63購01,0,,,,
713721,雅特力永豐64購01,291180,1.07,1.15,1.07,1.15
713722,雅特力永豐66購01,224840,1.37,1.5,1.37,1.5
713723,精材永豐64購03,250550,1.26,1.32,1.2,1.32
713724,精材永豐64購04,0,,,,
713725,精材永豐64購05,28560,1.36,1.36,1.36,1.36
713726,精材永豐66購01,45440,2.07,2.07,2.05,2.05
713727,蜜望實永豐65購01,19000,0.95,0.95,0.95,0.95
713728,擎亞永豐64購02,0,,,,
713729,擎亞永豐65購01,0,,,,
713730,擎亞永豐66購01,0,,,,
713731,環球晶永豐63購09,0,,,,
713732,環球晶永豐69購01,4360,2.18,2.18,2.18,2.18
713733,雙鴻永豐66購03,216700,1.62,1.67,1.55,1.67
713734,精材國泰64購01,47620,1.85,1.85,1.82,1.85
713735,蜜望實國泰64購01,5400,1.08,1.08,1.08,1.08
713736,良維富邦64購02,914470,0.86,0.97,0.86,0.95
713737,宜鼎富邦63購03,124500,0.3,0.31,0.3,0.3
713738,精材富邦63購01,1024050,0.87,0.89,0.8,0.89
713739,擎亞富邦64購01,0,,,,
713740,環球晶富邦63購01,202610,0.65,0.72,0.65,0.71
713741,千附統一67購03,0,,,,
713742,精材統一67購04,19030,0.6,0.64,0.6,0.64
713743,精材統一69購01,0,,,,
713744,擎亞統一69購01,0,,,,
713745,環球晶統一6A購03,0,,,,
713746,雙鴻統一71購01,933420,0.94,0.94,0.94,0.94
713747,千附精台新63購01,7980,0.57,0.57,0.57,0.57
713748,台半台新63購01,77400,2.04,2.04,2.03,2.03
713749,台半台新63購02,1350,1.35,1.35,1.35,1.35
713750,弘塑台新63購02,0,,,,
713751,弘塑台新64購01,0,,,,
713752,弘塑台新65購01,0,,,,
713753,正淩台新66購01,27120,2.26,2.26,2.26,2.26
713754,亞信台新63購01,0,,,,
713755,東捷台新63購01,92780,2.02,2.15,2.02,2.15
713756,新應材台新63購01,69580,1.27,1.27,1.21,1.21
713757,新應材台新63購02,405630,1.04,1.04,0.96,0.96
713758,漢達台新63購01,101010,2.12,2.46,2.12,2.3
713759,漢達台新63購02,42700,2.63,2.68,2.63,2.68
713760,雙鴻台新63購04,280090,1.85,2.02,1.81,1.87
713761,元太凱基67購01,116020,1.5,1.5,1.46,1.46
713762,弘塑凱基68購02,304920,1.98,1.98,1.98,1.98
713763,良維凱基69購01,693280,2.34,2.55,2.34,2.51
713764,宜鼎凱基63購09,244830,1.2,1.23,1.2,1.23
713765,威剛凱基63購13,1906540,1.8,1.83,1.79,1.83
713766,家登凱基63購03,27000,1.35,1.35,1.35,1.35
713767,高技凱基63購04,0,,,,
713768,智通*凱基63購03,0,,,,
713769,順達凱基63購10,0,,,,
713770,新應材凱基66購02,0,,,,
713771,頎邦凱基63購07,177900,3.02,3.2,3.02,3.16
713772,雙鴻凱基63購15,0,,,,
713773,雙鴻凱基63購16,22000,2.2,2.2,2.2,2.2
713774,雙鴻凱基63購18,420020,2.06,2.2,2.03,2.09
713775,雙鴻凱基63購19,0,,,,
713776,雙鴻凱基64購04,553590,2.03,2.1,1.93,1.99
713777,雙鴻凱基65購01,0,,,,
713778,雙鴻凱基65購02,0,,,,
713779,雙鴻凱基65購03,37960,2.59,2.76,2.59,2.76
713780,雙鴻凱基65購04,0,,,,
713781,中美晶群益68購01,6750,0.67,0.68,0.67,0.68
713782,宏捷科群益63購02,0,,,,
713783,亞信群益63購01,151410,0.57,0.6,0.57,0.6
713784,倚強群益63購01,0,,,,
713785,家登群益63購05,357900,1.14,1.16,1.12,1.16
713786,晶宏群益64購01,2590,1.3,1.3,1.29,1.29
713787,群聯群益63購09,68790,1.56,1.59,1.55,1.59
713788,廣閎科群益63購02,330600,1.11,1.13,1.05,1.1
713789,雙鴻群益63購10,25500,1.7,1.7,1.7,1.7
713790,雙鴻群益69購01,378770,1.31,1.38,1.26,1.32
713791,中美晶元大63購09,100440,0.62,0.62,0.62,0.62
713792,宜鼎元大63購12,552390,0.59,0.61,0.59,0.61
713793,青雲元大63購04,136940,0.62,0.63,0.62,0.63
713794,威剛元大63購12,57150,1.64,1.64,1.63,1.63
713795,威剛元大67購01,0,,,,
713796,高技元大63購08,0,,,,
713797,群聯元大63購23,309720,0.9,1.02,0.9,1.02
713798,營邦元大63購04,445590,2.03,2.1,1.98,2.03
713799,雙鴻元大63購21,798310,1.23,1.31,1.12,1.31
713800,雙鴻元大63購26,646780,1.01,1.07,0.95,1.07
713801,雙鴻元大63購28,599240,0.88,0.91,0.81,0.86
713802,雙鴻元大63購29,12360,1.03,1.03,1.03,1.03
713803,雙鴻元大64購07,639150,1.12,1.15,1.04,1.09
713804,雙鴻元大64購08,310940,1.09,1.15,1.03,1.15
713805,雙鴻元大64購09,561120,0.82,0.87,0.76,0.84
713806,雙鴻元大65購03,509530,0.87,0.94,0.84,0.85
713807,雙鴻元大65購04,793120,0.85,0.85,0.79,0.83
713808,久元國票65購01,0,,,,
713809,大綜國票66購01,48940,1.93,2.0,1.93,1.97
713810,天良國票64購01,0,,,,
713811,晶宏國票68購01,830,0.83,0.83,0.83,0.83
713812,瑞耘國票68購01,0,,,,
713813,萬泰科國票65購01,1760,0.88,0.88,0.88,0.88
713814,聖暉*國票65購03,1680,0.84,0.84,0.84,0.84
713815,廣閎科國票65購01,7680,0.96,0.96,0.96,0.96
713816,磐亞國票65購01,301280,0.56,0.56,0.56,0.56
713817,雙鴻國票69購02,0,,,,
713818,晶宏統一71購01,6270,0.57,0.57,0.57,0.57
713819,新應材統一69購01,0,,,,
713820,新應材統一6C購01,0,,,,
713821,擎亞統一69購02,0,,,,
713822,雙鴻統一6B購02,5520,0.62,0.62,0.6,0.62
713823,雙鴻統一71購02,3681460,0.95,0.95,0.91,0.94
713824,千附精永豐64購02,180480,0.84,0.88,0.84,0.88
713825,廣閎科永豐63購03,16200,1.08,1.08,1.08,1.08
713826,廣閎科永豐64購02,0,,,,
713827,能率富邦65購01,0,,,,
713828,雙鴻富邦65購03,309870,0.97,1.0,0.94,0.94
713829,雙鴻富邦66購03,0,,,,
713830,雙鴻富邦66購04,0,,,,
713831,朋億*國泰64購01,41900,1.16,1.17,1.16,1.17
713832,穩得國泰64購01,0,,,,
713833,良維中信69購01,33980,0.65,0.66,0.64,0.64
713834,力致台新63購02,0,,,,
713835,力致台新63購03,0,,,,
713836,千附台新63購01,25920,0.81,0.81,0.81,0.81
713837,天正台新63購01,0,,,,
713838,宜鼎台新65購02,16920,1.41,1.41,1.41,1.41
713839,華洋台新63購01,0,,,,
713840,閎康台新63購01,21890,1.15,1.19,1.15,1.19
713841,閎康台新63購02,9900,0.9,0.9,0.9,0.9
713842,閎康台新63購03,10220,0.73,0.73,0.73,0.73
713843,騰雲台新63購01,1880,0.93,0.95,0.93,0.95
713844,驊訊台新64購01,0,,,,
713845,驊訊台新64購02,0,,,,
713846,九暘國票65購02,0,,,,
713847,力致國票66購01,0,,,,
713848,利機國票64購01,146280,1.01,1.05,1.01,1.05
713849,均豪國票64購01,46440,0.88,0.88,0.87,0.87
713850,均豪國票65購01,0,,,,
713851,亞通國票64購01,163490,2.26,2.26,1.94,1.94
713852,亞通國票65購01,358710,2.13,2.14,1.9,1.91
713853,崴寶國票67購01,39300,0.8,0.82,0.8,0.82
713854,晶宏國票6B購01,15800,0.79,0.79,0.79,0.79
713855,智通*國票64購01,0,,,,
713856,華宏國票67購01,5760,0.72,0.72,0.72,0.72
713857,閎康國票65購01,10240,0.64,0.64,0.64,0.64
713858,新應材國票65購01,23230,1.01,1.01,1.01,1.01
713859,榮剛國票67購01,0,,,,
713860,營邦國票64購02,33000,2.2,2.2,2.2,2.2
713861,營邦國票64購03,57420,1.98,1.98,1.98,1.98
713862,營邦國票66購01,0,,,,
713863,大綜凱基63購01,565450,1.42,1.51,1.42,1.5
713864,宏捷科凱基63購02,0,,,,
713865,宏捷科凱基64購01,29520,0.82,0.82,0.82,0.82
713866,沛亨凱基63購02,293330,1.84,1.84,1.7,1.84
713867,亞信凱基63購01,0,,,,
713868,青雲凱基63購02,1365820,1.95,2.01,1.9,2.0
713869,晶宏凱基64購01,206700,0.88,0.88,0.87,0.87
713870,鈊象凱基67購01,0,,,,
713871,群聯凱基63購18,196520,1.21,1.33,1.21,1.33
713872,群聯凱基63購19,99280,1.17,1.22,1.17,1.22
713873,聖暉*凱基65購01,0,,,,
713874,漢達凱基65購01,19040,4.76,4.76,4.76,4.76
713875,廣閎科凱基63購03,31000,1.24,1.24,1.24,1.24
713876,營邦凱基63購05,33300,1.68,1.68,1.65,1.65
713877,威剛群益63購08,0,,,,
713878,晶宏群益64購02,0,,,,
713879,新應材群益63購02,6820,0.62,0.62,0.62,0.62
713880,元太永豐64購01,54360,1.62,1.62,1.59,1.59
713881,天正永豐66購01,0,,,,
713882,巨漢永豐64購01,9240,1.54,1.54,1.54,1.54
713883,博盛永豐63購03,10560,1.32,1.32,1.32,1.32
713884,晶宏永豐63購01,114850,0.65,0.65,0.64,0.64
713885,千附精富邦63購01,38590,0.31,0.33,0.31,0.33
713886,弘塑國泰64購01,0,,,,
713887,威剛統一69購02,0,,,,
713888,晶宏統一69購01,0,,,,
713889,擎亞統一71購01,0,,,,
713890,千附精元大69購01,292760,0.54,0.56,0.54,0.56
713891,宏捷科元大63購01,171720,0.5,0.56,0.5,0.56
713892,宏捷科元大67購02,430550,0.8,0.81,0.8,0.8
713893,良維元大63購03,67270,1.65,1.82,1.65,1.76
713894,良維元大67購01,134020,0.91,0.97,0.91,0.96
713895,宜鼎元大63購13,183900,0.55,0.57,0.55,0.57
713896,威剛元大67購02,0,,,,
713897,建榮元大63購01,79960,1.14,1.18,1.08,1.11
713898,晶宏元大63購01,47610,0.69,0.69,0.68,0.68
713899,雅特力元大63購02,140290,1.08,1.12,1.05,1.11
713900,順達元大63購08,41400,0.92,0.92,0.92,0.92
713901,群翊元大63購01,29260,1.32,1.34,1.32,1.34
713902,群聯元大63購24,465640,1.0,1.12,1.0,1.12
713903,擎亞元大63購02,0,,,,
713904,擎亞元大63購03,152550,0.56,0.56,0.51,0.52
713905,天正台新63購02,0,,,,
713906,印能台新63購01,0,,,,
713907,印能台新63購02,0,,,,
713908,沛亨台新63購01,161620,1.93,1.98,1.89,1.98
713909,晶宏台新63購01,14200,0.71,0.71,0.71,0.71
713910,晶宏台新63購02,14070,0.75,0.75,0.74,0.74
713911,鈊象台新63購01,0,,,,
713912,群聯台新63購05,232800,1.48,1.69,1.48,1.69
713913,群聯台新63購06,97250,1.06,1.24,1.02,1.24
713914,力致凱基63購01,0,,,,
713915,印能凱基63購01,262760,1.35,1.5,1.35,1.39
713916,印能凱基63購02,444230,1.39,1.53,1.39,1.49
713917,印能凱基64購02,167400,1.48,1.48,1.44,1.44
713918,印能凱基65購01,365720,1.68,1.86,1.68,1.74
713919,印能凱基65購02,565430,1.7,1.79,1.64,1.69
713920,均豪凱基65購02,22050,1.05,1.05,1.05,1.05
713921,良維凱基63購03,54650,2.62,2.92,2.62,2.89
713922,亞通凱基63購01,64320,3.18,3.18,2.76,2.76
713923,宜鼎凱基63購10,46230,1.16,1.25,1.16,1.25
713924,威剛凱基67購01,20300,2.03,2.03,2.03,2.03
713925,建榮凱基63購02,278830,1.17,1.17,1.08,1.09
713926,晶宏凱基64購02,98100,1.09,1.09,1.09,1.09
713927,智通*凱基64購01,0,,,,
713928,閎康凱基63購02,482000,1.29,1.38,1.29,1.36
713929,新應材凱基68購01,178320,1.41,1.47,1.41,1.45
713930,印能國票64購01,11200,1.12,1.12,1.12,1.12
713931,印能國票65購01,0,,,,
713932,沛亨國票66購02,0,,,,
713933,泓格國票64購01,15120,0.84,0.84,0.84,0.84
713934,晶宏國票66購01,698100,0.75,0.76,0.73,0.76
713935,群聯國票66購03,25920,1.2,1.32,1.2,1.32
713936,印能群益63購01,0,,,,
713937,印能群益65購01,0,,,,
713938,沛亨群益64購01,468940,1.95,1.96,1.78,1.91
713939,鈊象群益63購04,517680,1.86,1.89,1.77,1.79
713940,群聯群益63購10,214480,1.45,1.59,1.43,1.59
713941,營邦群益63購02,41580,1.54,1.54,1.54,1.54
713942,營邦群益65購01,0,,,,
713943,印能中信67購01,51650,0.76,0.76,0.72,0.72
713944,印能統一67購01,97180,0.67,0.69,0.66,0.66
713945,沛亨統一6A購01,0,,,,
713946,晶宏統一67購01,14000,0.56,0.56,0.56,0.56
713947,印能國泰64購01,27510,1.31,1.31,1.31,1.31
713948,印能國泰65購01,114170,1.12,1.17,1.12,1.17
713949,宜特國泰64購01,33220,1.51,1.51,1.51,1.51
713950,晶宏國泰64購01,205940,1.17,1.18,1.16,1.16
713951,營邦國泰64購01,0,,,,
713952,均豪富邦63購01,0,,,,
713953,營邦富邦66購02,212820,0.73,0.74,0.7,0.7
713954,九暘永豐64購01,342570,0.9,1.01,0.9,1.0
713955,川寶永豐63購01,0,,,,
713956,印能永豐63購01,39770,0.97,0.97,0.97,0.97
713957,印能永豐64購02,67240,0.78,0.78,0.73,0.73
713958,印能永豐65購01,72360,1.02,1.02,0.99,0.99
713959,晶宏永豐64購01,236970,1.17,1.17,1.14,1.15
713960,群翊永豐63購01,9440,1.18,1.18,1.18,1.18
713961,頎邦永豐64購03,34800,1.73,1.75,1.73,1.75
713962,頎邦永豐66購01,74740,2.03,2.13,2.03,2.09
713963,中美晶元大63購10,1045430,1.16,1.24,1.16,1.22
713964,印能元大67購01,848110,0.74,0.8,0.74,0.77
713965,印能元大68購01,483990,0.77,0.8,0.76,0.78
713966,沛亨元大63購01,27770,1.33,1.33,1.32,1.32
713967,沛亨元大63購02,98270,1.31,1.37,1.31,1.37
713968,沛亨元大69購01,112630,0.97,0.97,0.9,0.96
713969,良維元大63購04,168710,1.49,1.66,1.49,1.64
713970,良維元大67購02,2705670,1.24,1.36,1.24,1.33
713971,宜鼎元大63購14,938560,0.8,0.84,0.8,0.84
713972,威剛元大63購13,29700,1.1,1.1,1.1,1.1
713973,晶宏元大63購02,13640,0.62,0.62,0.62,0.62
713974,湧德元大63購01,113280,0.59,0.59,0.59,0.59
713975,順達元大63購09,0,,,,
713976,順達元大63購10,0,,,,
713977,新應材元大63購05,0,,,,
713978,新應材元大63購06,50480,1.03,1.03,0.98,0.98
713979,群聯元大63購25,495240,0.93,1.06,0.93,1.06
713980,聖暉*元大63購01,1288290,0.5,0.63,0.5,0.63
713981,漢達元大63購01,751680,4.07,4.53,3.94,4.43
713982,廣閎科元大63購01,82380,1.32,1.32,1.29,1.29
713983,廣閎科元大69購01,1160050,0.61,0.61,0.58,0.58
713984,擎亞元大63購04,0,,,,
713985,擎亞元大63購05,0,,,,
713986,擎亞元大68購01,0,,,,
713987,譜瑞元大63購08,221160,1.6,1.67,1.57,1.67
713988,東捷台新63購02,52780,2.03,2.03,2.03,2.03
713989,東捷台新63購03,238840,1.9,2.17,1.88,2.16
713990,新應材台新64購03,17280,1.44,1.44,1.44,1.44
713991,群聯台新63購07,234080,1.85,2.0,1.85,2.0
713992,群聯台新63購08,181460,1.41,1.59,1.4,1.59
713993,德微台新63購01,7161430,2.1,2.32,2.1,2.17
713994,德微台新64購01,2110290,2.17,2.17,2.01,2.02
713995,德微台新65購01,1981800,1.69,1.69,1.56,1.61
713996,立敦群益63購01,50800,1.27,1.27,1.27,1.27
713997,良維群益63購02,769340,1.29,1.47,1.29,1.43
713998,良維群益65購01,891160,1.45,1.64,1.45,1.59
713999,東捷群益65購01,411780,1.62,1.74,1.54,1.74
714000,新應材群益63購03,27370,1.19,1.19,1.19,1.19
714001,群聯群益63購11,292320,1.25,1.38,1.25,1.38
714002,漢達群益64購01,53670,3.01,3.24,2.89,3.24
714003,漢達群益65購01,231480,3.1,3.39,3.07,3.36
714004,沛亨凱基63購03,154200,2.57,2.57,2.57,2.57
714005,良維凱基63購04,92980,1.25,1.35,1.25,1.35
714006,信紘科凱基63購01,19300,0.94,0.99,0.94,0.99
714007,萊德光凱基63購01,108210,1.48,1.54,1.37,1.37
714008,順達凱基65購01,30420,1.69,1.69,1.69,1.69
714009,鈊象凱基63購05,0,,,,
714010,群聯凱基64購10,98480,2.28,2.51,2.28,2.51
714011,聖暉*凱基63購03,1099050,1.59,1.83,1.59,1.83
714012,鈺太凱基63購01,77280,0.84,0.84,0.84,0.84
714013,漢達凱基63購02,112110,2.71,2.8,2.4,2.7
714014,德微凱基63購01,61910,1.83,1.83,1.8,1.8
714015,德微凱基63購02,49450,2.15,2.15,2.15,2.15
714016,德微凱基65購01,86700,2.75,2.75,2.7,2.7
714017,營邦凱基63購06,283240,2.12,2.13,2.01,2.01
714018,台半元大63購07,35620,1.32,1.32,1.31,1.31
714019,台半元大63購08,0,,,,
714020,台半元大63購09,0,,,,
714021,沛亨元大63購03,283760,1.41,1.52,1.41,1.52
714022,宜鼎元大69購01,666680,0.92,0.94,0.9,0.93
714023,威剛元大63購14,190010,1.57,1.57,1.53,1.53
714024,晶宏元大63購03,34320,0.66,0.66,0.66,0.66
714025,群聯元大63購26,352890,1.24,1.38,1.21,1.38
714026,廣閎科元大63購02,736360,0.61,0.63,0.6,0.62
714027,廣閎科元大69購02,109980,0.6,0.6,0.58,0.58
714028,德微元大63購01,67380,1.42,1.46,1.38,1.38
714029,德微元大69購01,77300,1.42,1.45,1.41,1.41
714030,晶宏中信63購01,107520,0.33,0.33,0.31,0.32
714031,台半國票65購01,0,,,,
714032,正淩國票67購01,0,,,,
714033,宸曜國票64購01,0,,,,
714034,宸曜國票65購01,0,,,,
714035,高鋒國票65購01,0,,,,
714036,新門國票69購01,0,,,,
714037,群翊國票65購02,9880,0.76,0.76,0.76,0.76
714038,漢達國票69購01,48850,1.4,1.56,1.4,1.47
714039,德微國票65購02,0,,,,
714040,譜瑞國票66購02,0,,,,
714041,寶雅*國票66購02,0,,,,
714042,沛亨永豐63購02,50100,1.66,1.69,1.66,1.69
714043,良維永豐64購01,51160,1.38,1.48,1.38,1.48
714044,東捷永豐63購04,90570,2.02,2.18,1.91,2.18
714045,東捷永豐64購03,101840,1.6,1.78,1.6,1.77
714046,泓格永豐63購01,0,,,,
714047,泓格永豐64購02,95950,1.01,1.01,1.01,1.01
714048,德微永豐64購01,156170,1.13,1.22,1.12,1.15
714049,德微永豐65購01,0,,,,
714050,寶雅*永豐64購01,64780,1.23,1.23,1.22,1.22
714051,印能統一66購01,0,,,,
714052,東捷國泰64購01,85030,1.29,1.42,1.29,1.37
714053,元太富邦65購02,93820,0.66,0.67,0.66,0.66
714054,宜鼎富邦64購01,490880,0.66,0.69,0.66,0.69
714055,高技富邦65購01,23190,0.64,0.65,0.64,0.64
714056,晶呈富邦65購02,10000,1.0,1.0,1.0,1.0
714057,新應材富邦63購04,135060,0.56,0.56,0.52,0.52
714058,群聯富邦65購03,656250,0.81,0.91,0.78,0.91
714059,群聯富邦65購04,886800,0.94,1.05,0.92,1.05
714060,群聯富邦65購05,1497950,1.07,1.19,1.05,1.19
714061,聖暉*富邦63購01,483400,0.62,0.71,0.62,0.71
714062,譜瑞富邦65購01,860430,0.78,0.81,0.76,0.81
714063,M31台新63購01,1242370,2.88,3.15,2.85,3.07
714064,M31台新66購01,27590,2.45,2.6,2.45,2.54
714065,光頡台新63購01,275390,3.36,3.67,3.36,3.63
714066,光頡台新66購01,436400,2.96,3.23,2.87,3.23
714067,竹陞台新63購01,17880,1.25,1.44,1.25,1.44
714068,均華台新63購03,0,,,,
714069,均華台新64購01,20240,0.88,0.88,0.88,0.88
714070,昇達科台新63購01,457690,1.4,1.41,1.3,1.41
714071,昇達科台新66購01,194850,1.6,1.61,1.51,1.61
714072,信驊台新63購01,40560,3.39,3.42,3.21,3.21
714073,信驊台新63購02,0,,,,
714074,信驊台新63購03,113120,1.64,1.72,1.51,1.53
714075,信驊台新66購01,295250,4.39,4.7,4.39,4.39
714076,信驊台新66購02,31260,3.48,3.48,3.42,3.42
714077,漢達台新63購03,106190,1.44,1.59,1.44,1.55
714078,漢達台新63購04,260450,1.19,1.44,1.19,1.32
714079,耀穎台新63購01,0,,,,
714080,M31凱基63購02,95180,2.19,2.39,2.19,2.39
714081,M31凱基63購03,190200,2.11,2.32,2.11,2.32
714082,M31凱基63購04,525900,2.15,2.37,2.15,2.32
714083,光頡凱基63購01,16320,1.8,1.82,1.8,1.82
714084,光頡凱基63購02,0,,,,
714085,光頡凱基63購03,22600,2.26,2.26,2.26,2.26
714086,竹陞凱基63購01,386120,0.95,1.17,0.92,1.14
714087,竹陞凱基63購02,730960,0.98,1.24,0.98,1.24
714088,竹陞凱基63購03,583960,1.24,1.47,1.2,1.47
714089,均華凱基63購02,595940,0.82,0.92,0.82,0.87
714090,均華凱基64購03,625760,1.01,1.12,1.01,1.12
714091,宜鼎凱基63購11,48760,1.06,1.06,1.06,1.06
714092,昇達科凱基63購01,679230,1.32,1.36,1.24,1.35
714093,昇達科凱基63購02,328930,1.41,1.41,1.35,1.37
714094,昇達科凱基63購03,137830,1.59,1.6,1.49,1.6
714095,昇達科凱基63購04,907120,1.69,1.73,1.57,1.73
714096,信驊凱基63購01,790960,1.67,1.82,1.63,1.76
714097,信驊凱基63購02,345950,2.07,2.18,2.01,2.15
714098,信驊凱基63購03,624380,2.46,2.65,2.46,2.64
714099,信驊凱基63購04,845820,2.69,2.93,2.69,2.75
714100,信驊凱基63購05,791750,3.35,3.57,3.27,3.27
714101,威剛凱基63購14,30590,1.33,1.33,1.33,1.33
714102,新應材凱基63購09,0,,,,
714103,群聯凱基67購01,7140,2.38,2.38,2.38,2.38
714104,雷科凱基63購01,129100,1.21,1.21,1.17,1.17
714105,雷科凱基63購02,91100,1.29,1.33,1.29,1.33
714106,雷科凱基63購03,104780,1.39,1.4,1.36,1.4
714107,頎邦凱基64購04,696120,2.01,2.18,1.97,2.07
714108,穩懋凱基66購01,340980,2.2,2.57,2.2,2.57
714109,光頡統一65購03,406770,1.0,1.0,0.91,0.98
714110,光頡統一68購01,214380,1.0,1.02,0.99,1.02
714111,光頡統一6C購01,1447750,0.79,0.81,0.74,0.81
714112,光頡統一79購01,634750,0.85,0.85,0.83,0.85
714113,均華統一67購02,75970,0.52,0.53,0.52,0.53
714114,均華統一6C購01,102170,0.55,0.57,0.55,0.57
714115,良維統一65購01,134710,0.69,0.7,0.69,0.7
714116,良維統一6C購01,5520,0.69,0.69,0.69,0.69
714117,昇達科統一67購01,620470,0.78,0.83,0.74,0.83
714118,昇達科統一6C購01,94400,0.8,0.8,0.8,0.8
714119,昇達科統一6C購02,45360,0.81,0.81,0.81,0.81
714120,金山電統一6C購02,294410,0.59,0.59,0.59,0.59
714121,信紘科統一6C購01,0,,,,
714122,德微統一66購01,0,,,,
714123,營邦統一6C購02,0,,,,
714124,穩懋統一67購02,28660,0.58,0.63,0.58,0.63
714125,穩懋統一6C購04,18210,0.66,0.71,0.66,0.71
714126,光頡國泰64購01,0,,,,
714127,均華國泰64購02,262620,0.92,0.93,0.91,0.92
714128,良維國泰64購01,415540,1.84,2.11,1.84,2.11
714129,昇達科國泰64購01,65720,1.24,1.24,1.24,1.24
714130,昇達科國泰65購01,0,,,,
714131,信紘科國泰64購01,103260,1.64,1.76,1.64,1.73
714132,鈊象國泰64購01,278650,1.82,1.84,1.8,1.81
714133,雷科國泰64購01,32650,1.05,1.07,1.04,1.07
714134,雷科國泰65購01,54120,1.64,1.64,1.64,1.64
714135,漢達國泰64購01,240520,2.83,3.1,2.83,3.1
714136,穩懋國泰65購02,500740,3.0,3.18,3.0,3.15
714137,M31富邦65購02,1327710,0.9,0.97,0.9,0.96
714138,弘塑富邦65購01,325410,0.67,0.69,0.65,0.67
714139,均華富邦65購01,547970,0.59,0.66,0.59,0.65
714140,信驊富邦66購01,0,,,,
714141,穩懋富邦65購02,135280,0.92,1.0,0.92,1.0
714142,M31中信66購01,69640,0.48,0.52,0.48,0.52
714143,光頡中信63購01,1358500,0.86,0.94,0.76,0.93
714144,竹陞中信69購01,155160,0.61,0.65,0.59,0.65
714145,均華中信69購01,62930,0.49,0.51,0.49,0.51
714146,昇達科中信69購01,286470,0.8,0.8,0.78,0.78
714147,信驊中信63購01,566710,2.04,2.19,2.0,2.17
714148,群聯中信68購02,7550,0.74,0.77,0.74,0.77
714149,穩懋中信65購01,202060,0.67,0.75,0.65,0.75
714150,M31永豐64購01,212100,0.98,1.0,0.96,0.97
714151,M31永豐65購01,208230,1.63,1.65,1.59,1.65
714152,元太永豐63購03,35520,0.96,0.96,0.96,0.96
714153,光焱永豐63購01,27160,0.97,0.97,0.97,0.97
714154,光頡永豐63購01,31200,1.56,1.56,1.56,1.56
714155,光頡永豐63購02,0,,,,
714156,光頡永豐69購01,0,,,,
714157,竹陞永豐64購02,318570,0.87,1.02,0.86,1.01
714158,竹陞永豐66購01,243600,0.76,0.88,0.76,0.88
714159,昇達科永豐63購01,638640,0.98,0.98,0.93,0.96
714160,昇達科永豐63購02,115950,0.99,0.99,0.96,0.96
714161,昇達科永豐63購03,56680,0.79,0.79,0.78,0.78
714162,昇達科永豐66購01,191170,1.92,1.92,1.84,1.89
714163,昇達科永豐66購02,101630,1.42,1.42,1.35,1.35
714164,昇達科永豐69購01,53180,2.15,2.15,2.08,2.12
714165,昇達科永豐69購02,318080,1.68,1.7,1.63,1.7
714166,信紘科永豐63購01,35280,0.93,1.06,0.93,1.06
714167,信驊永豐63購02,309030,1.8,1.95,1.77,1.77
714168,信驊永豐64購02,122470,2.96,3.07,2.96,3.07
714169,凱崴永豐64購01,0,,,,
714170,萊德光永豐63購01,259160,1.79,1.86,1.71,1.71
714171,聖暉*永豐63購02,98660,1.36,1.41,1.36,1.41
714172,雷科永豐63購01,59010,0.87,0.87,0.85,0.85
714173,雷科永豐63購02,68250,0.91,0.91,0.91,0.91
714174,雷科永豐66購01,240620,1.26,1.26,1.23,1.23
714175,雷科永豐69購01,179980,2.17,2.21,2.16,2.21
714176,穩懋永豐63購05,196100,1.37,1.58,1.37,1.58
714177,光頡元大63購01,55560,1.41,1.43,1.25,1.43
714178,光頡元大63購02,301060,1.35,1.48,1.28,1.45
714179,印能元大63購01,339140,0.82,0.82,0.76,0.76
714180,印能元大63購02,515090,0.7,0.71,0.66,0.69
714181,竹陞元大63購01,0,,,,
714182,昇達科元大63購01,563390,1.1,1.14,1.07,1.13
714183,信驊元大63購02,361920,3.03,3.39,3.03,3.17
714184,信驊元大64購01,355190,3.23,3.36,3.22,3.22
714185,信驊元大67購01,557600,4.12,4.3,4.12,4.22
714186,信驊元大69購01,486850,4.97,4.97,4.69,4.69
714187,高技元大63購09,0,,,,
714188,高技元大63購10,12000,0.8,0.8,0.8,0.8
714189,雅特力元大63購03,3000,1.0,1.0,1.0,1.0
714190,新普元大63購01,55800,1.25,1.25,1.2,1.2
714191,新應材元大63購07,0,,,,
714192,新應材元大63購08,0,,,,
714193,新應材元大63購09,0,,,,
714194,群聯元大63購27,223520,1.02,1.16,1.02,1.16
714195,雷科元大63購01,433630,0.76,0.78,0.76,0.78
714196,漢達元大63購02,0,,,,
714197,漢達元大63購03,0,,,,
714198,漢達元大69購01,1010,1.01,1.01,1.01,1.01
714199,廣閎科元大63購03,0,,,,
714200,營邦元大63購05,368570,1.6,1.61,1.5,1.57
714201,鴻呈元大63購03,105780,0.66,0.67,0.66,0.67
714202,FH中5G群益63購01,379000,0.69,0.72,0.66,0.72
714203,M31群益63購01,7350,1.47,1.47,1.47,1.47
714204,千附精群益63購01,0,,,,
714205,中美晶群益63購06,43270,2.03,2.07,2.03,2.07
714206,世界群益65購01,113520,1.43,1.44,1.38,1.38
714207,均華群益63購02,144750,0.81,0.87,0.81,0.87
714208,均豪群益63購01,84960,0.75,0.75,0.74,0.74
714209,宜鼎群益63購04,148700,0.95,0.96,0.95,0.96
714210,宜鼎群益63購05,0,,,,
714211,泓格群益63購01,260910,1.5,1.5,1.43,1.45
714212,信驊群益63購01,1134060,2.77,2.97,2.76,2.76
714213,信驊群益63購02,1094650,1.88,2.06,1.86,1.92
714214,能率群益63購01,0,,,,
714215,崇越電群益63購01,0,,,,
714216,順達群益63購06,0,,,,
714217,鈊象群益66購01,10060,0.68,0.68,0.66,0.66
714218,勤凱群益63購01,630120,1.06,1.1,1.06,1.1
714219,新應材群益63購04,0,,,,
714220,群聯群益63購12,236460,1.43,1.52,1.41,1.52
714221,群聯群益63購13,171100,1.23,1.33,1.21,1.33
714222,雷科群益63購01,164240,1.13,1.14,1.12,1.14
714223,雷科群益63購02,266290,1.06,1.08,1.03,1.08
714224,穩懋群益63購05,974630,0.92,1.04,0.87,1.04
714225,天良國票64購02,0,,,,
714226,光頡國票65購01,146090,2.07,2.24,2.07,2.24
714227,均華國票65購02,150300,0.9,0.9,0.9,0.9
714228,昇達科國票65購01,62270,1.33,1.35,1.31,1.35
714229,金山電國票6A購01,0,,,,
714230,信紘科國票64購01,116020,1.31,1.49,1.31,1.49
714231,信紘科國票65購01,58730,1.24,1.25,1.24,1.25
714232,信驊國票64購01,153990,3.66,3.77,3.51,3.51
714233,華宏國票69購01,0,,,,
714234,雅特力國票67購01,0,,,,
714235,雷科國票65購01,29030,1.09,1.09,1.07,1.07
714236,漢達國票6B購01,363720,1.34,1.43,1.33,1.4
714237,磐亞國票66購02,0,,,,
714238,穩懋國票66購01,50700,0.96,1.06,0.96,1.06
714239,穩懋國票67購01,35800,1.12,1.23,1.12,1.23
714240,巨有元大63購01,0,,,,
714241,巨有元大63購02,13290,2.66,2.66,2.65,2.65
714242,弘塑元大63購06,191800,1.2,1.23,1.2,1.22
714243,弘塑元大63購07,31350,0.57,0.57,0.57,0.57
714244,弘塑元大63購08,0,,,,
714245,竹陞元大63購02,0,,,,
714246,竹陞元大69購01,0,,,,
714247,均華元大63購04,469250,0.7,0.73,0.7,0.73
714248,均豪元大63購01,0,,,,
714249,均豪元大63購02,0,,,,
714250,均豪元大67購01,0,,,,
714251,東捷元大63購02,134510,1.21,1.22,1.15,1.2
714252,東捷元大67購01,51030,1.2,1.29,1.2,1.27
714253,東捷元大69購01,37020,0.63,0.68,0.62,0.68
714254,南俊元大63購01,340200,1.06,1.07,1.06,1.06
714255,南俊元大69購01,0,,,,
714256,崇越電元大63購01,0,,,,
714257,群聯元大63購28,1691190,1.25,1.36,1.25,1.36
714258,聖暉*元大63購02,553070,0.95,1.09,0.95,1.07
714259,聖暉*元大63購03,203900,0.8,0.94,0.8,0.94
714260,營邦元大63購06,209420,0.86,0.87,0.8,0.86
714261,FH中5G凱基64購01,102370,1.49,1.54,1.48,1.48
714262,世界凱基65購02,0,,,,
714263,弘塑凱基66購01,0,,,,
714264,印能凱基63購03,206580,1.05,1.1,0.95,1.07
714265,均豪凱基64購01,10230,0.93,0.93,0.93,0.93
714266,泓格凱基64購01,0,,,,
714267,崇越電凱基63購02,0,,,,
714268,凱崴凱基65購01,8700,0.87,0.87,0.87,0.87
714269,博士旺凱基63購01,0,,,,
714270,華宏凱基63購01,0,,,,
714271,鈊象凱基63購06,0,,,,
714272,新普凱基63購01,6660,1.11,1.11,1.11,1.11
714273,新應材凱基63購10,361180,1.48,1.57,1.48,1.55
714274,群聯凱基63購20,239450,1.83,2.0,1.76,1.97
714275,營邦凱基66購01,9280,2.33,2.33,2.31,2.31
714276,世界台新63購01,719580,2.43,2.52,2.4,2.5
714277,宜鼎台新65購03,12150,2.43,2.43,2.43,2.43
714278,東捷台新63購04,25760,0.92,0.92,0.92,0.92
714279,南俊台新63購01,0,,,,
714280,南俊台新63購02,0,,,,
714281,頎邦台新63購02,5513370,3.43,3.88,3.38,3.78
714282,頎邦台新66購01,912370,2.53,2.79,2.5,2.73
714283,安葆國票68購02,0,,,,
714284,南俊國票66購01,0,,,,
714285,新應材國票64購02,0,,,,
714286,雷科國票64購01,96930,1.09,1.11,1.07,1.1
714287,雷科國票64購02,0,,,,
714288,M31群益63購02,275800,1.13,1.26,1.12,1.23
714289,巨有群益63購02,113850,3.42,3.9,3.42,3.9
714290,光頡群益63購01,16260,2.28,2.33,2.28,2.33
714291,光頡群益66購01,322400,2.28,2.59,2.26,2.54
714292,竹陞群益63購01,881480,1.03,1.22,1.03,1.22
714293,竹陞群益63購02,173920,1.01,1.03,1.01,1.03
714294,均華群益65購02,667720,1.2,1.28,1.2,1.25
714295,宏捷科群益63購03,187070,0.88,0.94,0.88,0.92
714296,系微群益63購01,6240,1.04,1.04,1.04,1.04
714297,良維群益63購03,327910,4.12,4.65,4.11,4.49
714298,宜鼎群益63購06,0,,,,
714299,東捷群益65購02,62250,1.35,1.49,1.35,1.46
714300,南俊群益63購01,0,,,,
714301,南俊群益63購02,0,,,,
714302,威剛群益63購09,0,,,,
714303,雅特力群益63購01,0,,,,
714304,雅特力群益63購02,53500,0.72,0.8,0.72,0.78
714305,新應材群益63購05,0,,,,
714306,群聯群益63購14,285930,3.25,3.59,3.25,3.59
714307,頎邦群益63購04,824950,1.8,1.97,1.77,1.96
714308,頎邦群益63購05,1510320,1.66,1.84,1.66,1.83
714309,營邦群益64購01,0,,,,
714310,光頡統一68購02,247410,0.96,0.97,0.9,0.97
714311,光頡統一69購01,173600,1.03,1.03,0.97,1.01
714312,佳邦統一6B購01,0,,,,
714313,昇達科統一68購01,474260,0.76,0.76,0.73,0.76
714314,昇達科統一6C購03,0,,,,
714315,昇達科統一6C購04,14800,0.74,0.74,0.74,0.74
714316,東捷統一6B購02,2725490,0.58,0.6,0.58,0.59
714317,金山電統一69購01,0,,,,
714318,南俊統一6C購01,0,,,,
714319,雷科統一69購01,0,,,,
714320,雷科統一6B購01,1322960,0.56,0.57,0.56,0.57
714321,雷科統一6C購01,565550,0.53,0.55,0.53,0.55
714322,德微統一69購01,0,,,,
714323,宏捷科中信63購01,28400,0.33,0.34,0.33,0.34
714324,宏捷科國泰64購01,0,,,,
714325,世界富邦63購02,269950,0.78,0.78,0.74,0.77
714326,印能富邦65購01,20470,0.53,0.54,0.53,0.54
714327,東捷富邦65購01,108510,0.56,0.63,0.56,0.63
714328,M31永豐63購02,4880,1.22,1.22,1.22,1.22
714329,久元永豐63購02,14840,1.22,1.32,1.22,1.32
714330,均華永豐64購01,65980,1.95,1.95,1.93,1.93
714331,均豪永豐63購01,71980,0.82,0.82,0.81,0.81
714332,沛亨永豐63購03,4630,1.55,1.55,1.54,1.54
714333,亞通永豐63購01,19600,1.96,1.96,1.96,1.96
714334,群聯永豐63購08,91300,0.83,0.83,0.83,0.83
714335,達航永豐65購01,0,,,,
714336,巨有凱基63購01,0,,,,
714337,弘塑凱基63購08,0,,,,
714338,光頡凱基65購01,10530,2.03,2.22,2.03,2.22
714339,竹陞凱基63購04,376160,0.86,1.02,0.86,1.01
714340,均華凱基65購02,516640,1.39,1.44,1.39,1.44
714341,宏捷科凱基63購03,10800,1.08,1.08,1.08,1.08
714342,沛亨凱基63購04,127050,1.95,1.98,1.95,1.98
714343,系微凱基63購01,68510,1.32,1.39,1.31,1.39
714344,良維凱基63購05,164330,2.58,2.9,2.58,2.81
714345,宜鼎凱基63購12,446860,1.35,1.4,1.29,1.4
714346,東捷凱基64購01,0,,,,
714347,東捷凱基65購01,0,,,,
714348,青雲凱基63購03,98930,1.7,1.75,1.7,1.73
714349,南俊凱基63購01,0,,,,
714350,南俊凱基63購02,0,,,,
714351,威剛凱基67購02,0,,,,
714352,家登凱基64購02,284930,1.28,1.35,1.28,1.33
714353,聖暉*凱基65購02,248990,2.1,2.43,2.1,2.42
714354,頎邦凱基65購02,353250,3.2,3.42,3.2,3.38
714355,環球晶凱基63購02,421500,1.48,1.62,1.48,1.59
714356,環球晶凱基63購03,435190,1.41,1.56,1.33,1.56
714357,環球晶凱基69購02,898670,2.92,3.2,2.92,3.19
714358,巨有台新65購01,0,,,,
714359,光頡台新63購02,358060,3.33,3.64,3.1,3.64
714360,印能台新63購03,0,,,,
714361,竹陞台新63購02,130460,1.23,1.28,1.23,1.28
714362,均豪台新64購01,41600,2.08,2.08,2.08,2.08
714363,均豪台新64購02,0,,,,
714364,宜鼎台新63購03,135890,1.07,1.07,1.07,1.07
714365,威剛台新66購02,14980,1.07,1.07,1.07,1.07
714366,家登台新64購02,38970,2.07,2.07,2.05,2.05
714367,家登台新66購01,5800,1.16,1.16,1.16,1.16
714368,家碩台新66購01,0,,,,
714369,創新服台新63購01,1039580,1.5,1.6,1.48,1.6
714370,創新服台新63購02,0,,,,
714371,創新服台新63購03,1420,1.42,1.42,1.42,1.42
714372,創新服台新63購04,1240,1.24,1.24,1.24,1.24
714373,環球晶台新64購01,378770,1.36,1.51,1.36,1.5
714374,環球晶台新64購02,99900,1.15,1.21,1.15,1.21
714375,耀穎台新63購02,115170,1.26,1.36,1.21,1.28
714376,M31元大63購02,321420,1.63,1.78,1.63,1.78
714377,M31元大63購03,247900,0.78,0.81,0.77,0.81
714378,弘塑元大63購09,28800,1.69,1.7,1.68,1.68
714379,弘塑元大63購10,0,,,,
714380,弘塑元大66購02,91860,0.91,0.91,0.9,0.9
714381,光頡元大63購03,31310,1.52,1.59,1.52,1.59
714382,光頡元大63購04,170990,1.04,1.04,0.97,0.97
714383,竹陞元大63購03,0,,,,
714384,竹陞元大69購02,0,,,,
714385,均豪元大63購03,22200,0.74,0.74,0.74,0.74
714386,亞通元大63購01,73410,1.93,1.93,1.62,1.62
714387,亞通元大63購02,272800,1.8,1.8,1.46,1.46
714388,宜鼎元大63購15,0,,,,
714389,昇達科元大63購02,164500,1.1,1.1,1.05,1.09
714390,昇達科元大63購03,328930,0.94,0.96,0.91,0.96
714391,東捷元大63購03,37000,1.85,1.85,1.85,1.85
714392,東捷元大67購02,0,,,,
714393,東捷元大69購02,0,,,,
714394,萊德光元大63購01,338520,1.14,1.17,1.07,1.09
714395,萊德光元大63購02,101530,1.35,1.41,1.35,1.39
714396,雅特力元大63購04,4310,1.1,1.1,1.07,1.07
714397,群聯元大63購29,256580,1.16,1.31,1.16,1.31
714398,群聯元大69購01,288490,1.46,1.58,1.44,1.58
714399,聖暉*元大63購04,889390,0.85,1.03,0.85,1.03
714400,雷科元大63購02,0,,,,
714401,營邦元大63購07,86350,1.12,1.15,1.06,1.11
714402,環球晶元大63購09,916230,0.66,0.75,0.66,0.73
714403,環球晶元大63購10,36680,0.86,0.89,0.86,0.89
714404,光頡國票64購01,16290,1.81,1.81,1.81,1.81
714405,光頡國票66購01,164120,1.84,1.96,1.84,1.96
714406,昇達科國票64購01,162600,1.35,1.38,1.35,1.38
714407,創新服國票65購01,74400,1.29,1.36,1.28,1.36
714408,萊德光國票66購01,20230,1.19,1.19,1.19,1.19
714409,頎邦國票69購01,23040,1.29,1.29,1.26,1.26
714410,環球晶國票66購02,95490,1.62,1.7,1.62,1.67
714411,群聯中信67購02,381820,0.81,0.87,0.79,0.87
714412,環球晶中信63購01,201650,0.48,0.53,0.47,0.53
714413,尼克森永豐63購01,5500,1.1,1.1,1.1,1.1
714414,正德永豐63購01,0,,,,
714415,安葆永豐65購01,114520,0.99,1.09,0.99,1.09
714416,亞信永豐64購01,0,,,,
714417,美琪瑪永豐63購01,0,,,,
714418,家登永豐65購01,60480,1.44,1.44,1.44,1.44
714419,泰藝永豐63購01,0,,,,
714420,高僑永豐63購01,0,,,,
714421,創新服永豐63購01,114700,1.55,1.55,1.55,1.55
714422,創新服永豐64購01,275840,1.02,1.11,1.02,1.08
714423,創新服永豐65購01,76170,1.2,1.29,1.2,1.27
714424,創新服永豐66購01,154900,1.21,1.21,1.19,1.19
714425,博大永豐63購01,313530,0.73,0.76,0.73,0.76
714426,博盛永豐64購02,167950,1.36,1.41,1.33,1.41
714427,晶呈永豐63購01,161500,1.07,1.07,1.02,1.02
714428,華電網永豐63購01,0,,,,
714429,廣明永豐63購01,0,,,,
714430,優群永豐63購01,70270,0.79,0.8,0.79,0.8
714431,環球晶永豐64購01,151390,1.28,1.39,1.28,1.39
714432,中美晶富邦69購01,2870,0.72,0.72,0.71,0.71
714433,台特化富邦63購01,0,,,,
714434,沛亨富邦63購02,17250,0.69,0.69,0.69,0.69
714435,良維富邦65購01,467800,0.75,0.78,0.75,0.78
714436,蜜望實富邦66購01,0,,,,
714437,竹陞國泰64購01,0,,,,
714438,東捷國泰64購02,0,,,,
714439,家登國泰64購01,65880,1.22,1.22,1.22,1.22
714440,雅特力國泰64購01,18040,1.64,1.64,1.64,1.64
714441,頎邦國泰64購01,172120,2.4,2.42,2.27,2.42
714442,環球晶國泰64購02,30240,1.44,1.44,1.44,1.44
714443,亞通統一6C購01,28350,0.7,0.7,0.67,0.68
714444,昇達科統一74購01,52130,0.83,0.85,0.83,0.84
714445,東捷統一66購03,82220,0.54,0.62,0.54,0.62
714446,東捷統一68購03,0,,,,
714447,東捷統一6A購01,38900,0.5,0.54,0.5,0.54
714448,南俊統一74購01,0,,,,
714449,雷科統一67購01,212400,0.6,0.6,0.6,0.6
714450,世界群益63購03,60260,2.09,2.09,2.04,2.04
714451,巨有群益63購03,151180,2.69,3.04,2.67,3.04
714452,均華群益63購03,68400,1.04,1.08,1.04,1.08
714453,亞通群益63購02,143910,1.43,1.43,1.3,1.33
714454,亞通群益63購03,2228270,1.53,1.53,1.27,1.27
714455,東捷群益65購03,0,,,,
714456,青雲群益63購02,0,,,,
714457,信立群益63購02,4970,1.01,1.01,0.99,0.99
714458,威剛群益63購10,61600,3.08,3.08,3.08,3.08
714459,家登群益63購06,0,,,,
714460,萊德光群益63購01,813330,3.1,3.31,2.96,2.99
714461,鈊象群益69購01,0,,,,
714462,新應材群益63購06,154440,2.97,2.97,2.97,2.97
714463,群聯群益63購15,251000,1.95,2.15,1.95,2.15
714464,群聯群益65購03,70450,0.96,1.02,0.96,1.02
714465,營邦群益69購01,15000,0.75,0.75,0.75,0.75
714466,環球晶群益63購04,217400,1.44,1.5,1.43,1.44
714467,光頡元大63購05,93790,1.44,1.58,1.43,1.58
714468,光頡元大63購06,149930,1.33,1.54,1.33,1.54
714469,光頡元大63購07,39150,1.06,1.07,1.05,1.05
714470,均華元大63購05,0,,,,
714471,宏捷科元大63購02,83610,0.78,0.79,0.78,0.79
714472,沛亨元大63購04,6750,1.35,1.35,1.35,1.35
714473,沛亨元大63購05,11160,1.15,1.15,1.09,1.12
714474,亞通元大63購03,401590,1.75,1.77,1.58,1.58
714475,亞通元大63購04,2500,1.33,1.33,1.17,1.17
714476,宜鼎元大63購16,60040,0.79,0.79,0.79,0.79
714477,東捷元大63購04,0,,,,
714478,東捷元大68購01,0,,,,
714479,欣銓元大63購04,41900,1.76,1.88,1.76,1.88
714480,欣銓元大63購05,29540,1.75,1.8,1.58,1.8
714481,信昌電元大63購01,18840,1.57,1.57,1.57,1.57
714482,信昌電元大63購02,103970,1.57,1.57,1.51,1.51
714483,信昌電元大63購03,57490,1.59,1.61,1.56,1.56
714484,南俊元大63購02,356200,1.22,1.24,1.22,1.23
714485,威剛元大66購01,182560,1.7,1.7,1.67,1.67
714486,群聯元大66購07,323040,1.19,1.26,1.19,1.26
714487,群聯元大69購02,308100,1.1,1.21,1.1,1.21
714488,雷科元大63購03,0,,,,
714489,營邦元大69購01,89600,1.12,1.12,1.12,1.12
714490,環球晶元大63購11,1245270,1.41,1.5,1.38,1.49
714491,光頡國票66購02,7150,1.43,1.43,1.43,1.43
714492,旭然國票67購01,6500,0.65,0.65,0.65,0.65
714493,亞通國票64購02,466490,1.59,1.59,1.49,1.49
714494,亞通國票66購01,0,,,,
714495,建榮國票64購01,7280,1.82,1.82,1.82,1.82
714496,建榮國票65購01,0,,,,
714497,家登國票64購02,0,,,,
714498,新漢國票64購01,0,,,,
714499,擎亞國票64購02,1085400,1.83,1.83,1.7,1.76
714500,穩懋國票65購02,124650,0.81,0.91,0.81,0.89
714501,世界凱基63購07,483720,2.31,2.31,2.1,2.1
714502,巨有凱基63購02,1118090,3.2,3.57,3.04,3.57
714503,竹陞凱基63購05,54590,0.84,1.03,0.84,1.03
714504,亞通凱基63購02,14580,1.44,1.44,1.11,1.11
714505,信立凱基63購01,0,,,,
714506,信昌電凱基63購01,211060,2.78,2.81,2.55,2.81
714507,信昌電凱基63購02,0,,,,
714508,信昌電凱基63購03,12290,2.47,2.51,2.37,2.51
714509,信昌電凱基63購04,91640,2.46,2.46,2.32,2.35
714510,創新服凱基63購01,555620,1.24,1.33,1.23,1.31
714511,新應材凱基63購11,36010,2.77,2.77,2.77,2.77
714512,群聯凱基63購21,21790,1.77,1.82,1.77,1.82
714513,營邦凱基63購07,19800,2.2,2.2,2.2,2.2
714514,穩懋凱基63購10,439880,2.18,2.69,2.18,2.69
714515,巨有群益63購04,57740,2.49,2.49,2.34,2.36
714516,光頡群益63購02,135840,2.19,2.55,2.19,2.48
714517,光頡群益65購01,23350,1.57,1.57,1.55,1.55
714518,印能群益63購02,0,,,,
714519,竹陞群益64購01,0,,,,
714520,宜鼎群益63購07,21400,2.14,2.14,2.14,2.14
714521,威剛群益63購11,0,,,,
714522,家登群益63購07,31800,1.28,1.28,1.27,1.27
714523,環球晶群益63購05,124960,2.18,2.32,2.18,2.32
714524,環球晶群益63購06,202370,1.37,1.41,1.37,1.4
714525,伍豐永豐63購01,23520,1.12,1.12,1.12,1.12
714526,竹陞永豐63購02,0,,,,
714527,沛亨永豐63購04,62800,2.7,2.75,2.7,2.75
714528,亞通永豐65購01,8640,1.44,1.44,1.44,1.44
714529,宜鼎永豐63購08,79120,1.72,1.72,1.72,1.72
714530,信昌電永豐63購01,273740,1.73,1.75,1.57,1.63
714531,信昌電永豐63購02,332550,0.96,0.96,0.88,0.91
714532,信昌電永豐64購01,10010,1.43,1.43,1.43,1.43
714533,信昌電永豐65購01,77490,1.33,1.33,1.27,1.27
714534,南俊永豐63購01,0,,,,
714535,健喬永豐63購01,13810,0.77,0.77,0.76,0.76
714536,群聯永豐63購09,74400,3.1,3.1,3.1,3.1
714537,群聯永豐63購10,0,,,,
714538,穩懋永豐63購06,120350,2.09,2.2,2.08,2.2
714539,穩懋永豐63購07,140360,3.01,3.2,3.01,3.2
714540,騰雲永豐63購01,0,,,,
714541,系微富邦64購01,216490,0.73,0.75,0.72,0.75
714542,宜鼎富邦63購04,0,,,,
714543,欣銓富邦63購01,20590,0.71,0.71,0.71,0.71
714544,環球晶富邦69購01,0,,,,
714545,環球晶富邦69購02,4560,0.57,0.57,0.57,0.57
714546,中美晶國泰65購01,44000,2.0,2.0,2.0,2.0
714547,巨有國泰64購01,20480,2.87,2.95,2.86,2.95
714548,光頡國泰64購02,37340,1.56,1.76,1.56,1.76
714549,均豪國泰64購01,28800,1.44,1.44,1.44,1.44
714550,沛亨國泰64購01,0,,,,
714551,亞通國泰64購01,12820,2.14,2.14,1.7,1.7
714552,信昌電國泰64購01,398220,1.89,1.92,1.8,1.83
714553,信昌電國泰64購02,128010,1.73,1.73,1.63,1.65
714554,萊德光國泰64購01,247010,1.9,1.97,1.83,1.84
714555,群聯國泰64購01,124900,1.79,1.87,1.78,1.87
714556,擎亞國泰64購01,342670,1.4,1.4,1.32,1.32
714557,穩懋國泰64購03,86720,2.51,2.57,2.51,2.57
714558,巨有統一79購01,20000,0.8,0.8,0.8,0.8
714559,弘塑統一68購01,0,,,,
714560,竹陞統一6C購01,24520,0.49,0.51,0.49,0.51
714561,信昌電統一68購01,0,,,,
714562,信昌電統一68購02,0,,,,
714563,信昌電統一69購01,1184780,0.8,0.81,0.75,0.76
714564,信昌電統一79購01,0,,,,
714565,穩懋統一69購01,23590,0.77,0.84,0.77,0.84
714566,台特化台新63購01,9150,1.83,1.83,1.83,1.83
714567,旭然台新63購01,26100,0.87,0.87,0.87,0.87
714568,竹陞台新63購03,0,,,,
714569,竹陞台新64購01,250210,1.31,1.31,1.31,1.31
714570,宏捷科台新63購01,0,,,,
714571,系微台新63購01,1430,1.43,1.43,1.43,1.43
714572,良維台新66購01,498240,1.98,2.2,1.98,2.16
714573,信昌電台新63購01,63760,1.58,1.58,1.49,1.53
714574,信昌電台新66購01,251000,1.69,1.69,1.64,1.64
714575,茂達台新63購01,418870,1.48,1.51,1.48,1.51
714576,家登台新63購01,0,,,,
714577,穩懋台新63購03,382550,1.71,1.83,1.71,1.82
714578,穩懋台新63購04,434970,1.3,1.48,1.25,1.48
714579,穩懋台新63購05,443890,1.26,1.49,1.21,1.49
714580,巨有永豐66購01,31360,1.01,1.06,1.01,1.06
714581,朋億*永豐64購01,44480,1.29,1.32,1.29,1.32
714582,南俊永豐63購02,0,,,,
714583,南俊永豐67購01,0,,,,
714584,智崴永豐64購01,0,,,,
714585,萊德光永豐63購02,173650,1.79,1.79,1.64,1.64
714586,頎邦永豐63購05,86320,1.82,1.92,1.82,1.92
714587,方土昶元大63購03,0,,,,
714588,台半元大65購01,17220,1.46,1.46,1.43,1.43
714589,巨有元大63購03,0,,,,
714590,巨有元大63購04,0,,,,
714591,均華元大63購06,0,,,,
714592,均華元大63購07,114360,0.73,0.81,0.73,0.8
714593,宏捷科元大63購03,0,,,,
714594,宏捷科元大63購04,82930,0.9,0.91,0.9,0.91
714595,沛亨元大63購06,404380,1.81,1.82,1.7,1.81
714596,沛亨元大65購01,4590,0.92,0.92,0.91,0.91
714597,宜鼎元大64購06,222500,0.89,0.89,0.89,0.89
714598,青雲元大63購05,104880,1.18,1.21,1.18,1.21
714599,威剛元大63購15,102160,1.86,1.86,1.81,1.81
714600,創新服元大63購01,26800,1.34,1.34,1.34,1.34
714601,萊德光元大63購03,63560,1.05,1.09,1.02,1.02
714602,萊德光元大64購01,47340,1.11,1.15,1.09,1.09
714603,萊德光元大64購02,81320,1.13,1.16,1.1,1.1
714604,雅特力元大63購05,89780,1.3,1.34,1.3,1.34
714605,群聯元大63購30,341280,1.55,1.74,1.54,1.74
714606,環球晶元大64購03,752800,1.47,1.68,1.47,1.64
714607,環球晶元大65購06,345470,1.21,1.32,1.21,1.31
714608,世界群益63購04,566650,2.81,2.87,2.76,2.76
714609,巨有群益64購01,0,,,,
714610,茂綸群益63購02,40750,0.99,0.99,0.86,0.86
714611,順達群益63購07,0,,,,
714612,順達群益65購01,0,,,,
714613,新應材群益63購07,0,,,,
714614,營邦群益63購03,774020,1.91,1.93,1.83,1.89
714615,穩懋群益63購06,1797030,3.27,3.66,2.98,3.66
714616,方土昶國票65購02,0,,,,
714617,台星科國票65購01,54120,1.07,1.18,1.07,1.17
714618,巨有國票64購01,0,,,,
714619,巨有國票65購01,22100,2.21,2.21,2.21,2.21
714620,旭然國票69購01,5960,0.58,0.6,0.58,0.6
714621,均華國票64購01,0,,,,
714622,宏捷科國票65購01,0,,,,
714623,系微國票65購03,980,0.98,0.98,0.98,0.98
714624,良維國票66購01,4520,1.13,1.13,1.13,1.13
714625,昇達科國票64購02,282610,1.94,1.95,1.83,1.95
714626,朋億*國票65購01,0,,,,
714627,南俊國票68購01,0,,,,
714628,萊德光國票65購02,437020,1.04,1.04,0.97,0.99
714629,群聯國票65購01,19720,1.16,1.16,1.16,1.16
714630,磐亞國票65購02,0,,,,
714631,巨有台新63購01,0,,,,
714632,巨有台新66購01,0,,,,
714633,巨有台新69購01,0,,,,
714634,巨有台新69購02,0,,,,
714635,印能台新65購01,0,,,,
714636,昇達科台新63購03,283450,2.36,2.36,2.21,2.27
714637,茂綸台新63購02,67930,1.37,1.37,1.18,1.18
714638,創新服台新65購01,277240,1.61,1.64,1.6,1.64
714639,群聯台新63購09,9120,4.49,4.63,4.49,4.63
714640,群聯台新63購10,0,,,,
714641,聖暉*台新66購01,102400,1.75,1.91,1.75,1.91
714642,印能凱基64購03,770080,1.87,2.14,1.87,2.04
714643,均華凱基63購03,73370,1.38,1.51,1.38,1.51
714644,沛亨凱基64購01,0,,,,
714645,良維凱基67購01,30600,3.4,3.4,3.4,3.4
714646,宜鼎凱基63購13,69080,1.97,1.99,1.94,1.99
714647,欣銓凱基63購02,214830,2.27,2.37,2.2,2.37
714648,威剛凱基65購04,0,,,,
714649,建榮凱基64購01,12700,2.54,2.54,2.54,2.54
714650,家登凱基63購04,0,,,,
714651,萊德光凱基63購02,0,,,,
714652,環球晶凱基63購04,589200,2.31,2.61,2.31,2.57
714653,穩懋凱基65購02,216360,3.07,3.22,3.07,3.22
714654,穩懋凱基68購01,791950,3.39,3.86,3.39,3.86
714655,世界國泰64購01,162070,1.72,1.75,1.72,1.75
714656,世界國泰64購02,180540,1.55,1.59,1.51,1.59
714657,朋億*國泰65購01,56020,1.99,2.01,1.99,2.01
714658,欣銓國泰64購01,0,,,,
714659,青雲國泰64購01,9480,1.58,1.58,1.58,1.58
714660,德微國泰64購01,85050,2.75,2.75,2.73,2.73
714661,巨有統一69購01,0,,,,
714662,巨有統一79購02,0,,,,
714663,信昌電統一6C購01,0,,,,
714664,信昌電統一6C購02,0,,,,
714665,信昌電統一79購02,207650,0.83,0.83,0.8,0.81
714666,寶雅*統一6C購01,0,,,,
714667,印能富邦64購01,135420,0.61,0.65,0.61,0.61
714668,印能富邦65購02,68170,0.58,0.59,0.58,0.59
714669,威剛富邦63購01,0,,,,
714670,建榮富邦63購01,0,,,,
714671,鈊象富邦65購01,0,,,,
714672,群聯富邦65購06,246380,0.98,1.09,0.97,1.09
714673,群聯富邦65購07,240830,0.92,1.03,0.92,1.03
714674,群聯富邦65購08,232310,0.89,0.96,0.88,0.95
714675,群聯富邦66購01,357080,0.91,0.99,0.9,0.99
714676,群聯富邦66購02,267330,0.86,0.93,0.85,0.93
714677,群聯富邦69購01,108550,1.06,1.15,1.05,1.15
714678,台燿凱基63購01,601710,1.51,1.63,1.51,1.53
714679,台燿凱基63購02,523850,1.62,1.62,1.53,1.55
714680,台燿凱基63購03,0,,,,
714681,台燿凱基63購04,450810,1.84,1.94,1.83,1.85
714682,台燿凱基65購01,333790,1.99,2.04,1.98,2.0
714683,台燿凱基65購02,0,,,,
714684,台燿凱基65購03,45350,1.87,1.87,1.8,1.8
714685,青雲凱基63購04,0,,,,
714686,茂綸凱基63購01,73410,1.61,1.61,1.38,1.38
714687,新應材凱基63購12,0,,,,
714688,群聯凱基63購22,190880,2.33,2.45,2.33,2.45
714689,台半台新64購01,0,,,,
714690,台燿台新63購01,119870,1.71,1.82,1.7,1.71
714691,台燿台新66購01,383610,2.03,2.13,2.03,2.04
714692,台燿台新69購01,594500,1.95,2.05,1.95,1.95
714693,印能台新65購02,0,,,,
714694,印能台新65購03,0,,,,
714695,良維台新63購01,108950,2.86,3.3,2.86,3.27
714696,宜鼎台新66購01,65960,2.75,2.84,2.71,2.84
714697,台燿群益63購01,226000,1.35,1.39,1.34,1.34
714698,台燿群益63購02,117300,1.4,1.48,1.4,1.42
714699,台燿群益63購03,13600,1.2,1.24,1.2,1.24
714700,印能群益63購03,0,,,,
714701,竹陞群益64購02,0,,,,
714702,亞通群益64購01,99100,2.1,2.1,1.92,1.92
714703,亞通群益66購01,0,,,,
714704,宜鼎群益63購08,0,,,,
714705,欣銓群益63購03,132870,3.32,4.1,3.12,4.1
714706,青雲群益63購03,3250,0.65,0.65,0.65,0.65
714707,青雲群益65購01,0,,,,
714708,威剛群益63購12,0,,,,
714709,家登群益63購08,0,,,,
714710,頎邦群益65購01,905040,2.56,2.78,2.56,2.7
714711,穩懋群益63購07,660170,3.53,4.3,3.53,4.3
714712,台燿元大63購01,545670,1.08,1.14,1.08,1.11
714713,台燿元大64購05,25670,1.12,1.13,1.11,1.13
714714,台燿元大65購01,360900,1.17,1.23,1.17,1.19
714715,印能元大63購03,55000,1.31,1.33,1.3,1.3
714716,沛亨元大63購07,0,,,,
714717,良維元大63購05,57890,0.96,1.08,0.92,1.08
714718,亞通元大63購05,6060,2.02,2.02,2.02,2.02
714719,宜鼎元大64購07,93240,0.84,0.84,0.84,0.84
714720,昇達科元大63購04,561910,1.3,1.33,1.29,1.33
714721,昇達科元大63購05,23000,1.0,1.0,1.0,1.0
714722,信昌電元大63購04,0,,,,
714723,信昌電元大63購05,0,,,,
714724,威剛元大63購16,35640,1.88,1.88,1.87,1.87
714725,茂綸元大63購01,0,,,,
714726,茂綸元大64購01,4860,0.81,0.81,0.81,0.81
714727,家登元大63購02,17920,1.8,1.82,1.77,1.82
714728,家登元大64購02,60720,1.71,1.76,1.7,1.74
714729,群聯元大63購31,398040,1.39,1.5,1.38,1.5
714730,群聯元大63購33,359840,1.69,1.87,1.64,1.87
714731,環球晶元大64購04,1436580,1.58,1.68,1.54,1.68
714732,環球晶元大65購07,308890,1.25,1.35,1.25,1.33
714733,台燿永豐63購01,274970,1.13,1.13,1.07,1.08
714734,台燿永豐63購02,0,,,,
714735,台燿永豐63購03,72740,0.69,0.69,0.66,0.66
714736,台燿永豐63購04,0,,,,
714737,台燿永豐64購03,0,,,,
714738,台燿永豐64購04,0,,,,
714739,台燿永豐65購01,0,,,,
714740,台燿永豐65購02,0,,,,
714741,台燿永豐66購01,0,,,,
714742,台燿永豐66購02,0,,,,
714743,台燿永豐69購01,0,,,,
714744,台燿永豐69購02,0,,,,
714745,台燿永豐73購01,0,,,,
714746,弘塑永豐64購02,0,,,,
714747,光焱永豐65購01,0,,,,
714748,欣銓永豐63購01,19100,1.91,1.91,1.91,1.91
714749,博盛永豐64購03,0,,,,
714750,蜜望實永豐64購01,0,,,,
714751,營邦永豐65購01,0,,,,
714752,環球晶永豐64購02,0,,,,
714753,穩懋永豐63購08,174020,3.78,3.97,3.7,3.97
714754,台燿中信63購01,338830,0.53,0.57,0.53,0.54
714755,欣銓中信63購01,3400,0.85,0.85,0.85,0.85
714756,信昌電中信63購01,64560,0.94,0.94,0.89,0.89
714757,雷科中信63購01,18200,0.79,0.8,0.79,0.8
714758,台燿國票67購01,0,,,,
714759,東捷國票66購01,0,,,,
714760,信昌電國票64購01,38200,1.94,1.94,1.88,1.88
714761,信昌電國票64購02,19400,1.94,1.94,1.94,1.94
714762,信昌電國票65購01,115790,2.21,2.21,2.14,2.14
714763,信昌電國票65購02,0,,,,
714764,信昌電國票66購01,94920,2.38,2.4,2.34,2.4
714765,宣德國票66購01,0,,,,
714766,風青國票67購01,0,,,,
714767,營邦國票65購01,0,,,,
714768,環球晶國票64購04,0,,,,
714769,台燿統一65購02,216920,0.52,0.57,0.52,0.54
714770,台燿統一69購01,0,,,,
714771,台燿統一69購02,700,0.7,0.7,0.7,0.7
714772,台燿統一6C購01,40750,0.59,0.59,0.58,0.58
714773,台燿統一71購02,0,,,,
714774,台燿統一79購01,557320,0.83,0.85,0.83,0.83
714775,印能統一69購01,21700,0.69,0.73,0.69,0.73
714776,金山電統一79購01,0,,,,
714777,青雲統一79購01,0,,,,
714778,信昌電統一68購03,0,,,,
714779,台燿國泰64購01,414060,1.31,1.37,1.3,1.33
714780,台燿國泰64購02,95270,1.19,1.19,1.17,1.17
714781,信昌電國泰64購03,22780,1.91,1.91,1.84,1.84
714782,元太富邦64購03,0,,,,
714783,台半富邦65購01,0,,,,
714784,台燿富邦63購04,54720,0.87,0.87,0.82,0.82
714785,台燿富邦63購05,521440,0.75,0.8,0.75,0.78
714786,金山電富邦65購01,0,,,,
714787,晶呈富邦65購03,0,,,,
714788,新應材富邦66購01,0,,,,
714789,穩懋富邦67購01,1100170,0.98,1.09,0.98,1.08
714790,譜瑞富邦64購03,10000,1.0,1.0,1.0,1.0
714791,印能台新63購04,0,,,,
714792,茂綸台新63購03,0,,,,
714793,創新服台新65購02,0,,,,
714794,富強鑫台新63購01,33420,1.33,1.38,1.32,1.32
714795,穩懋台新63購06,377000,3.77,3.77,3.77,3.77
714796,穩懋台新63購07,10200,3.4,3.4,3.4,3.4
714797,天品凱基63購01,90650,1.01,1.17,1.0,1.17
714798,台半凱基63購04,20700,2.1,2.1,2.04,2.04
714799,印能凱基63購04,0,,,,
714800,沛亨凱基63購05,0,,,,
714801,良維凱基63購06,0,,,,
714802,亞通凱基63購03,83550,2.42,2.42,2.19,2.19
714803,亞通凱基64購01,0,,,,
714804,宜鼎凱基63購14,12080,1.51,1.51,1.51,1.51
714805,昇達科凱基63購05,0,,,,
714806,欣銓凱基63購03,103940,2.83,3.17,2.83,3.17
714807,威剛凱基63購15,0,,,,
714808,家登凱基63購05,0,,,,
714809,頎邦凱基63購08,515440,2.49,2.63,2.44,2.44
714810,營邦凱基66購02,0,,,,
714811,環球晶凱基68購01,0,,,,
714812,穩懋凱基65購03,0,,,,
714813,千附精統一79購01,0,,,,
714814,印能統一79購01,0,,,,
714815,安碁統一69購01,50400,0.72,0.72,0.72,0.72
714816,均華統一79購01,0,,,,
714817,崴寶統一6C購01,0,,,,
714818,群聯統一69購03,49720,0.8,0.83,0.79,0.83
714819,茂綸國泰64購01,0,,,,
714820,順達國泰64購01,0,,,,
714821,環球晶國泰64購03,0,,,,
714822,台燿富邦69購01,0,,,,
714823,台燿富邦79購01,136600,1.16,1.16,1.12,1.12
714824,沛亨富邦66購01,0,,,,
714825,家登富邦65購01,4550,0.91,0.91,0.91,0.91
714826,家登富邦65購02,0,,,,
714827,順達富邦64購03,0,,,,
714828,天品永豐63購01,0,,,,
714829,世界永豐63購02,11840,2.38,2.38,2.35,2.35
714830,立端永豐63購01,1200,1.2,1.2,1.2,1.2
714831,宏碁資永豐64購01,12340,1.0,1.07,1.0,1.04
714832,青雲永豐64購02,0,,,,
714833,宣德永豐64購01,0,,,,
714834,晶宏永豐63購02,0,,,,
714835,群聯永豐63購11,0,,,,
714836,穩懋永豐66購02,274000,1.07,1.14,1.07,1.14
714837,中美晶元大64購07,0,,,,
714838,元太元大63購10,0,,,,
714839,印能元大63購04,0,,,,
714840,沛亨元大63購08,0,,,,
714841,良維元大63購06,20130,2.19,2.25,2.19,2.25
714842,良維元大63購07,22440,2.51,2.51,2.48,2.48
714843,宜鼎元大66購02,0,,,,
714844,東捷元大65購01,2260000,0.93,0.93,0.9,0.93
714845,威剛元大63購17,0,,,,
714846,家登元大63購03,0,,,,
714847,家登元大64購03,0,,,,
714848,晶宏元大63購04,0,,,,
714849,群聯元大63購34,0,,,,
714850,群聯元大67購01,0,,,,
714851,群聯元大68購05,0,,,,
714852,擎亞元大65購01,0,,,,
714853,營邦元大63購08,0,,,,
714854,環球晶元大63購12,0,,,,
714855,環球晶元大64購05,12390,1.77,1.77,1.77,1.77
714856,環球晶元大65購08,0,,,,
714857,千附精國票65購02,16200,1.08,1.08,1.08,1.08
714858,巨漢國票64購01,10080,1.68,1.68,1.68,1.68
714859,印能國票64購02,0,,,,
714860,印能國票65購02,0,,,,
714861,宜鼎國票65購03,0,,,,
714862,晶呈國票68購01,0,,,,
714863,M31群益63購03,1680,1.68,1.68,1.68,1.68
714864,天品群益63購01,18900,1.35,1.35,1.35,1.35
714865,世界群益63購05,0,,,,
714866,竹陞群益63購03,0,,,,
714867,威剛群益63購13,0,,,,
714868,威剛群益63購14,0,,,,
714869,博盛群益63購02,0,,,,
714870,順達群益63購08,0,,,,
714871,鈊象群益64購02,0,,,,
714872,新應材群益63購08,0,,,,
714873,新應材群益63購09,0,,,,
714874,群聯群益63購16,35000,4.26,4.49,4.26,4.49
714875,頎邦群益64購01,0,,,,
714876,臺慶科群益64購01,50400,1.26,1.26,1.26,1.26
714877,環球晶群益63購07,0,,,,
714878,環球晶群益63購08,0,,,,
72328U,環球晶群益59售01,0,,,,
72348U,良維群益59售01,0,,,,
72400U,博智群益5A售02,0,,,,
72414U,振曜群益5A售01,0,,,,
724668,昇達科統一59購01,5650,5.65,5.65,5.65,5.65
724669,昇達科統一59購02,3880,3.88,3.88,3.88,3.88
724670,神盾統一59購01,0,,,,
72479U,擎亞群益5B售01,0,,,,
72485U,信驊群益5B售01,0,,,,
724979,鈊象統一5A購01,0,,,,
72501U,雙鴻中信5B售02,4400,0.11,0.11,0.11,0.11
725048,原相統一5A購01,0,,,,
72523U,新應材群益5B售01,0,,,,
72572U,精測群益62售01,500,0.05,0.05,0.05,0.05
725744,新復興統一5A購01,50,0.05,0.05,0.05,0.05
72587U,華電網國票5A售01,0,,,,
725881,鈊象元富5A購01,0,,,,
726037,元債20元富5A購01,0,,,,
726070,元債20元富5A購02,0,,,,
72610U,富喬國票5C售02,16560,0.07,0.07,0.06,0.07
726119,華星光統一5B購01,4100,4.1,4.1,4.1,4.1
72614U,富喬中信5C售02,0,,,,
726194,元債20元富5B購01,0,,,,
72622U,精測群益62售02,61200,0.09,0.09,0.09,0.09
72629U,櫃200群益5B售02,0,,,,
72638U,譜瑞群益5C售01,0,,,,
72650U,雙鴻群益59售01,0,,,,
72691U,信驊群益5B售03,0,,,,
726924,金麗科統一5B購01,0,,,,
726925,金麗科統一5B購02,0,,,,
726926,金麗科統一5B購03,0,,,,
726927,金麗科統一5B購04,0,,,,
72692U,信驊群益61售02,160,0.04,0.04,0.04,0.04
72704U,點序群益61售01,0,,,,
727095,高鋒統一5A購01,0,,,,
72713U,世界群益5B售01,0,,,,
72724U,信驊國票5B售01,0,,,,
72733U,中探針群益62售01,800,0.08,0.08,0.08,0.08
72735U,世界群益5A售01,0,,,,
72736U,精材群益5A售04,0,,,,
72737U,雙鴻群益5A售04,0,,,,
72747U,閎康群益5A售02,0,,,,
72748U,精測群益5A售02,0,,,,
72749U,精測群益62售04,6790,0.58,0.58,0.51,0.53
72754U,博智群益62售02,0,,,,
72759U,茂迪凱基59售01,0,,,,
72763U,譜瑞國票59售02,0,,,,
72766U,富喬群益5A售02,0,,,,
72772U,穩懋群益63售01,142320,0.15,0.15,0.13,0.13
72774U,信驊永豐5A售01,0,,,,
72781U,系統電國票5A售01,0,,,,
72782U,環球晶群益62售01,0,,,,
72785U,旺矽富邦5A售02,510,0.01,0.01,0.01,0.01
72790U,閎康群益63售01,0,,,,
72791U,榮剛群益63售01,0,,,,
72794U,雙鴻凱基5A售02,0,,,,
72795U,神盾群益61售01,0,,,,
72797U,台特化國票5A售02,0,,,,
72798U,宏觀國票5A售01,0,,,,
72799U,雙鴻國票5A售01,0,,,,
728003,金麗科統一5C購01,0,,,,
72800U,信驊永豐5B售01,0,,,,
72807U,新應材國泰5A售01,0,,,,
72808U,新應材國票5A售03,0,,,,
72809U,萬泰科國票5A售02,0,,,,
72810U,鑫聯國票5A售02,0,,,,
72812U,茂迪國票5A售03,0,,,,
72813U,宜鼎群益5B售03,4070,0.11,0.11,0.11,0.11
72814U,精測群益5B售02,680,0.34,0.34,0.34,0.34
72818U,信驊永豐5C售01,170,0.03,0.11,0.03,0.11
72820U,鑫聯國票5A售03,0,,,,
728264,元債20永豐61購01,0,,,,
72826U,頎邦元富59售06,0,,,,
72827U,元太群益5B售02,0,,,,
72828U,台燿群益5B售01,0,,,,
72829U,宏捷科群益5C售01,1240,0.62,0.62,0.62,0.62
72830U,元太凱基5B售03,0,,,,
72831U,台燿凱基59售05,0,,,,
72833U,台燿元富59售04,0,,,,
72834U,台燿中信59售08,0,,,,
72835U,東捷群益59售03,0,,,,
72836U,東捷群益5B售01,1100,0.11,0.11,0.11,0.11
72837U,鈊象群益59售04,0,,,,
72838U,鈊象群益5B售02,0,,,,
72839U,台燿元大59售25,0,,,,
72840U,世界群益5B售04,0,,,,
72841U,神盾群益5C售01,0,,,,
72842U,鈊象群益63售01,9720,0.89,0.89,0.88,0.88
72843U,精材群益63售01,6000,0.06,0.06,0.06,0.06
72844U,雙鴻群益59售15,0,,,,
72845U,雙鴻凱基5A售04,0,,,,
72846U,鈊象凱基5A售02,0,,,,
72847U,印能國票5A售04,0,,,,
72848U,雙鴻群益5A售06,0,,,,
72849U,印能凱基5A售04,0,,,,
72850U,印能國票5A售05,0,,,,
728516,系微統一5C購01,0,,,,
72851U,矽科國票5B售02,0,,,,
728520,金麗科統一5C購02,0,,,,
72852U,旺矽元大5A售03,0,,,,
72853U,信驊元大5A售01,0,,,,
72854U,信驊永豐61售01,25280,0.08,0.09,0.07,0.09
72855U,信驊富邦5C售02,396630,0.27,0.28,0.25,0.26
72856U,頎邦凱基5A售03,0,,,,
72857U,雙鴻元大5A售06,0,,,,
72858U,巨漢國票5A售02,0,,,,
72859U,弘塑國票5B售02,50560,0.32,0.32,0.32,0.32
72860U,弘塑元大5A售03,0,,,,
72861U,華電網凱基5A售01,146250,0.45,0.45,0.45,0.45
72862U,群聯國票5B售02,0,,,,
72863U,蜜望實國票5A售03,0,,,,
72864U,群聯凱基5A售03,0,,,,
72865U,信驊永豐5B售03,0,,,,
72866U,旺矽凱基5A售06,48350,0.17,0.18,0.16,0.16
72867U,旺矽富邦61售01,205970,0.5,0.5,0.46,0.48
72868U,富喬群益5C售01,60800,0.38,0.38,0.38,0.38
72869U,立碁國票5B售03,4750,0.25,0.25,0.25,0.25
72870U,群聯國票5B售06,14000,0.15,0.15,0.13,0.13
72871U,群聯群益61售02,19760,0.52,0.52,0.52,0.52
72872U,聖暉*台新5B售01,0,,,,
72873U,威剛國票5C售02,0,,,,
72874U,威剛群益5C售02,0,,,,
72875U,威剛凱基5B售05,4200,0.14,0.14,0.14,0.14
72876U,合晶台新5B售05,350,0.05,0.1,0.05,0.1
72877U,群聯台新5B售07,2720,0.68,0.68,0.68,0.68
72878U,群聯台新5B售08,12200,1.22,1.22,1.22,1.22
72879U,世界凱基5B售02,22750,0.13,0.13,0.13,0.13
72880U,良維國票5C售02,270,0.27,0.27,0.27,0.27
72881U,鈊象台新5B售03,0,,,,
72882U,環球晶台新5B售03,51000,0.28,0.32,0.25,0.25
72883U,環球晶國票5B售02,259670,0.44,0.46,0.38,0.38
72884U,鈊象群益61售01,0,,,,
72885U,中美晶群益5B售02,13260,0.13,0.13,0.13,0.13
72886U,群聯群益5B售06,32960,0.9,0.9,0.84,0.84
72887U,精材群益5B售05,0,,,,
72888U,德微群益5B售02,0,,,,
72889U,新盛力群益5B售04,20050,0.24,0.25,0.23,0.23
72890U,廣穎群益5B售03,0,,,,
72891U,世界台新5B售03,676400,0.7,0.79,0.7,0.79
728920,元債20元富61購01,33660,0.89,0.89,0.87,0.87
72892U,台特化台新5B售04,0,,,,
72893U,威剛中信64售01,1360,0.68,0.68,0.68,0.68
72894U,世界群益62售01,5300,0.53,0.53,0.53,0.53
72895U,台特化群益5B售01,0,,,,
728967,驊訊統一61購01,0,,,,
72896U,精材凱基5B售08,0,,,,
72897U,精材群益5B售08,0,,,,
72898U,雷科國票5B售03,16240,0.27,0.27,0.26,0.26
72899U,立敦台新5B售04,0,,,,
72900U,德微國票5C售04,0,,,,
72901U,德微國票5C售05,31580,0.72,0.75,0.72,0.74
72902U,擎亞國票5B售03,980,0.98,0.98,0.98,0.98
72903U,群聯凱基5B售08,750,0.75,0.75,0.75,0.75
72904U,欣銓台新5B售05,75690,0.43,0.45,0.4,0.4
72905U,臺慶科台新5B售05,0,,,,
72906U,博智群益5B售04,0,,,,
72907U,群聯富邦61售05,16700,0.64,0.66,0.63,0.63
72908U,威剛群益65售01,317900,1.87,1.87,1.87,1.87
72909U,威剛凱基65售01,0,,,,
72910U,精材台新5B售06,18340,0.11,0.11,0.09,0.09
72911U,威剛元大5B售16,19500,0.65,0.65,0.65,0.65
72912U,良維群益61售02,0,,,,
72913U,威剛群益5B售04,7800,0.78,0.78,0.78,0.78
72914U,威剛群益5B售05,0,,,,
72915U,威剛群益61售03,0,,,,
72916U,中美晶凱基5B售06,0,,,,
729171,M31統一61購01,0,,,,
729172,M31統一61購02,0,,,,
72917U,威剛凱基5B售09,0,,,,
729186,華星光統一61購01,43840,3.1,3.2,2.84,3.12
729187,華星光統一61購02,329040,3.0,3.38,3.0,3.29
72918U,威剛永豐61售03,47000,0.47,0.47,0.47,0.47
72919U,順達台新5C售01,0,,,,
72920U,佳邦群益5C售01,0,,,,
72921U,富喬台新5C售03,127710,0.37,0.4,0.36,0.38
72922U,威剛凱基5C售05,0,,,,
72923U,宜鼎台新5C售05,5420,2.71,2.71,2.71,2.71
72924U,台半群益5C售03,0,,,,
72925U,台半凱基5C售03,25420,0.62,0.62,0.62,0.62
72926U,臺慶科凱基5C售03,0,,,,
72927U,聖暉*台新5C售05,0,,,,
72928U,富喬凱基5C售04,140920,0.16,0.17,0.16,0.16
72929U,臺慶科台新5C售02,0,,,,
72930U,威剛群益5C售08,0,,,,
72931U,群聯群益5C售10,19600,1.96,1.96,1.96,1.96
72932U,威剛國泰61售02,0,,,,
72933U,世界群益66售01,7650,2.55,2.55,2.55,2.55
72934U,精材群益66售01,0,,,,
72935U,世界台新5C售02,0,,,,
72936U,宜鼎凱基5C售10,380150,1.73,1.73,1.7,1.7
72937U,元太國票62售01,0,,,,
72938U,世界國票62售01,30960,1.03,1.04,1.03,1.04
72939U,威剛國票62售01,0,,,,
72940U,臺慶科國票62售01,0,,,,
72941U,雙鴻永豐61售04,18380,0.37,0.37,0.33,0.35
72942U,家登群益61售03,0,,,,
72943U,頎邦國票61售01,7300,0.73,0.73,0.73,0.73
72944U,中光電台新61售03,9700,1.94,1.94,1.94,1.94
72945U,頎邦台新61售03,286440,1.15,1.15,1.06,1.06
72946U,世界群益61售03,0,,,,
72947U,台星科群益61售02,54000,0.27,0.27,0.27,0.27
72948U,精材群益63售02,0,,,,
72949U,威剛元大61售06,0,,,,
72950U,精材凱基63售02,249600,0.96,1.01,0.96,0.98
72951U,中光電台新61售05,0,,,,
72952U,精材國票61售05,19470,0.81,0.85,0.77,0.77
72953U,精材國票65售02,0,,,,
72954U,群聯中信61售02,85130,0.92,0.93,0.85,0.85
72955U,宜鼎國票61售03,0,,,,
72956U,群聯國票61售05,76100,1.06,1.06,0.98,0.98
72957U,良維群益63售01,0,,,,
72958U,群聯群益63售02,0,,,,
72959U,雙鴻群益63售03,63760,0.32,0.35,0.3,0.34
72960U,良維凱基61售03,0,,,,
72961U,群聯凱基61售10,0,,,,
72962U,宜鼎群益67售01,0,,,,
72963U,中美晶國票61售06,0,,,,
72964U,中美晶國票64售02,0,,,,
72965U,青雲國票61售03,13500,1.35,1.35,1.35,1.35
72966U,雙鴻凱基61售07,219230,0.13,0.13,0.11,0.12
72967U,順達國票61售03,33060,1.22,1.23,1.22,1.23
72968U,群聯國票64售01,123030,1.16,1.16,1.08,1.08
72969U,聖暉*國票61售05,5200,1.3,1.3,1.3,1.3
72970U,雙鴻國票61售02,0,,,,
72971U,良維群益67售01,215000,1.85,1.85,1.75,1.75
72972U,雙鴻群益61售03,68810,0.18,0.18,0.16,0.18
72973U,M31國票61售02,0,,,,
72974U,威剛國票65售01,0,,,,
72975U,譜瑞國票61售01,0,,,,
72976U,順達凱基61售06,0,,,,
72977U,雙鴻國泰63售01,22000,0.46,0.46,0.42,0.42
72978U,威剛凱基61售06,0,,,,
72979U,群聯台新61售07,56000,0.7,0.7,0.7,0.7
729804,僑威統一5A購01,0,,,,
729808,騰雲統一5A購01,0,,,,
72980U,頎邦凱基61售05,1220,1.22,1.22,1.22,1.22
72981U,欣銓國票61售04,40600,0.63,0.64,0.61,0.61
72982U,華景電國票61售02,0,,,,
72983U,家登群益63售02,0,,,,
72984U,凡甲國票61售01,0,,,,
72985U,中美晶國票63售01,0,,,,
72986U,元太國票61售02,0,,,,
72987U,宜特國票61售02,0,,,,
72988U,頎邦國票64售02,70870,0.43,0.43,0.42,0.42
72989U,廣穎國票61售01,0,,,,
72990U,中美晶元大61售09,1530,0.77,0.77,0.76,0.76
72991U,群聯元大61售20,0,,,,
72992U,中美晶富邦67售02,6700,0.67,0.67,0.67,0.67
72993U,中美晶凱基63售03,58500,1.17,1.17,1.17,1.17
72994U,元太凱基61售07,0,,,,
72995U,群聯凱基63售03,3230,0.82,0.82,0.77,0.77
72996U,立碁國票64售02,74090,0.67,0.67,0.61,0.63
72997U,良維國票61售02,5300,0.53,0.53,0.53,0.53
72998U,新普國票61售02,0,,,,
72999U,世界國票62售02,0,,,,
73000U,宜鼎國票63售01,0,,,,
73001U,欣銓國票63售01,1260,0.63,0.63,0.63,0.63
73002U,順達國票63售01,0,,,,
73003U,鈊象國票62售01,0,,,,
73004U,群翊國票62售01,0,,,,
73005U,群聯國票62售01,16500,0.57,0.57,0.54,0.54
73006U,雙鴻國票63售01,0,,,,
73007U,世界凱基63售03,0,,,,
73008U,中美晶國票64售03,0,,,,
73009U,光焱國票65售01,960,0.48,0.48,0.48,0.48
73010U,頎邦國票64售03,0,,,,
73011U,中美晶國票66售01,0,,,,
73012U,威剛國票65售02,0,,,,
73013U,威剛元大63售02,7770,1.11,1.11,1.11,1.11
73014U,家登凱基63售02,0,,,,
730157,綠界*統一5A購01,0,,,,
73015U,新應材凱基63售04,0,,,,
73016U,宜鼎國票66售02,21000,1.05,1.05,1.05,1.05
73017U,順達國票66售01,10100,1.01,1.01,1.01,1.01
73018U,群聯國票66售02,0,,,,
73019U,雙鴻國票66售02,10200,0.51,0.51,0.51,0.51
73020U,雙鴻元大63售07,12600,0.42,0.42,0.42,0.42
73021U,威剛凱基63售03,0,,,,
73022U,威剛元大63售03,3390,1.13,1.13,1.13,1.13
73023U,雙鴻凱基63售07,0,,,,
73024U,弘塑國票67售01,96000,0.96,0.96,0.96,0.96
73025U,朋億*國票66售02,0,,,,
73026U,金山電國票68售01,0,,,,
73027U,萬潤國票66售02,860,0.86,0.86,0.86,0.86
73028U,萬潤國票68售02,1160,1.16,1.16,1.16,1.16
73029U,聖暉*國票66售01,0,,,,
73030U,中美晶台新62售02,0,,,,
73031U,威剛凱基63售05,10900,1.09,1.09,1.09,1.09
73032U,M31國票66售01,0,,,,
73033U,富喬台新62售01,206580,0.77,0.81,0.76,0.81
73034U,中美晶凱基64售03,0,,,,
73035U,群聯永豐64售12,1410,1.41,1.41,1.41,1.41
73036U,富喬國票63售02,246260,0.95,0.95,0.87,0.89
73037U,富喬國票65售01,34910,0.9,1.12,0.9,1.07
73038U,中美晶群益63售03,0,,,,
73039U,東捷群益64售02,255750,0.51,0.51,0.45,0.46
730401,M31統一62購01,0,,,,
730402,M31統一62購02,0,,,,
730403,M31統一62購03,0,,,,
73040U,穩懋群益64售02,316960,1.33,1.37,1.24,1.24
73041U,穩懋國泰64售01,10800,1.08,1.08,1.08,1.08
73042U,穩懋凱基63售06,14830,0.98,1.0,0.93,0.93
73043U,穩懋凱基63售07,12290,0.49,0.49,0.43,0.43
73044U,宏捷科凱基63售01,25440,1.06,1.06,1.06,1.06
73045U,蜜望實國票63售02,0,,,,
73046U,中美晶中信62售02,1800,0.6,0.6,0.6,0.6
73047U,宜特群益62售02,0,,,,
73048U,東捷群益62售02,277850,1.95,1.96,1.76,1.79
730493,昇達科統一5C購01,0,,,,
73049U,振曜群益66售01,19050,3.81,3.81,3.81,3.81
73050U,群聯永豐63售04,54300,1.14,1.14,1.05,1.05
73051U,陽程國票66售01,61610,0.62,0.62,0.58,0.59
73052U,世紀*國票6A售01,1461480,0.75,0.75,0.67,0.68
73053U,頎邦台新62售02,49300,0.8,0.8,0.74,0.74
73054U,弘塑群益64售01,184120,0.87,0.87,0.86,0.87
73055U,世紀*國票68售01,1658240,1.0,1.0,0.95,0.95
73056U,沛亨國票68售01,38500,0.76,0.78,0.76,0.78
73057U,宜鼎元大62售02,94900,1.59,1.59,1.58,1.58
73058U,頎邦群益62售03,840,0.28,0.28,0.28,0.28
73059U,安葆國票68售01,0,,,,
73060U,宏捷科國票63售01,0,,,,
73061U,環球晶凱基62售06,139890,1.54,1.54,1.44,1.46
73062U,環球晶群益64售01,0,,,,
73063U,環球晶中信62售03,6000,0.6,0.6,0.6,0.6
73064U,環球晶元大62售04,0,,,,
73065U,環球晶台新63售01,528000,1.32,1.32,1.32,1.32
73066U,千附精國票63售01,168800,0.85,0.85,0.79,0.79
73067U,晶宏國票63售01,40300,0.65,0.65,0.65,0.65
73068U,均華群益63售01,12720,1.06,1.06,1.06,1.06
73069U,精材群益63售09,45300,2.15,2.2,2.03,2.03
73070U,精材群益69售01,0,,,,
73071U,雙鴻群益63售09,52340,0.61,0.64,0.58,0.59
73072U,精材國票64售03,20090,0.99,0.99,0.95,0.95
730733,原相統一5B購01,0,,,,
73073U,環球晶國票64售03,1630,1.63,1.63,1.63,1.63
73074U,精材台新63售05,3720,1.24,1.24,1.24,1.24
73075U,環球晶台新63售04,0,,,,
73076U,雙鴻凱基63售17,9060,1.51,1.51,1.51,1.51
73077U,漢達國票65售02,30000,0.3,0.3,0.3,0.3
73078U,擎亞台新63售02,41600,2.08,2.08,2.08,2.08
73079U,博智凱基63售06,0,,,,
73080U,順達元大63售11,13000,1.3,1.3,1.3,1.3
73081U,昇達科台新63售02,0,,,,
73082U,信驊台新63售04,262240,1.97,2.0,1.93,2.0
73083U,信驊凱基63售06,58060,2.19,2.22,2.1,2.18
73084U,信驊富邦66售02,29550,2.93,2.98,2.93,2.98
73085U,信驊永豐63售01,10610,0.89,0.89,0.88,0.89
73086U,信驊永豐64售01,0,,,,
73087U,信驊元大63售03,0,,,,
73088U,信驊群益63售03,73720,2.24,2.24,2.23,2.23
73089U,信驊群益63售04,202020,2.89,2.92,2.76,2.88
73090U,竹陞國票67售01,25250,1.01,1.01,1.01,1.01
73091U,信驊國票64售02,61800,3.11,3.11,3.07,3.07
73092U,信驊國票65售01,0,,,,
73093U,信驊國票65售02,109500,2.51,2.53,2.45,2.5
73094U,漢達國票65售03,0,,,,
73095U,穩懋國票65售01,203470,0.93,0.93,0.91,0.91
73096U,穩懋國票69售01,0,,,,
73097U,頎邦台新63售03,105580,1.58,1.58,1.46,1.48
73098U,台半國票65售02,0,,,,
73099U,弘塑國票65售02,0,,,,
73100U,威聯通國票65售01,0,,,,
73101U,崴寶國票65售01,0,,,,
73102U,萊德光國票65售01,6700,0.67,0.67,0.67,0.67
73103U,雷科國票64售03,184000,1.84,1.84,1.84,1.84
73104U,光頡台新63售03,805000,1.12,1.19,1.06,1.06
73105U,頎邦群益63售06,226800,0.53,0.54,0.5,0.54
73106U,竹陞國票65售02,0,,,,
73107U,南俊國票65售01,0,,,,
73108U,茂達國票65售03,0,,,,
73109U,茂綸國票65售02,5200,0.73,0.76,0.73,0.76
73110U,高技國票65售03,0,,,,
73111U,博盛國票65售01,0,,,,
73112U,雅特力國票65售01,0,,,,
73113U,弘塑凱基65售02,18800,0.94,0.94,0.94,0.94
73114U,巨有國票64售02,274070,1.27,1.32,1.15,1.15
73115U,旭然國票68售01,0,,,,
73116U,昇達科國票64售03,0,,,,
73117U,萊德光國票64售02,74010,0.7,0.72,0.69,0.71
73118U,東捷凱基63售03,0,,,,
73119U,台燿台新63售02,167840,2.12,2.14,2.06,2.08
73120U,良維台新63售02,8140,2.11,2.11,1.96,1.96
73121U,穩懋群益63售08,0,,,,
73122U,台燿國票66售01,26970,1.35,1.37,1.34,1.37
73123U,信昌電國票64售03,0,,,,
731240,金麗科元富61購01,3900,0.78,0.78,0.78,0.78
73124U,信昌電國票65售03,46860,1.78,1.83,1.78,1.82
73125U,台燿凱基63售05,29280,1.97,1.97,1.93,1.96
731265,順達統一5B購01,97440,1.68,1.68,1.68,1.68
73126U,穩懋凱基63售11,0,,,,
73127U,穩懋國票64售01,1960,0.98,0.98,0.98,0.98
73128U,青雲群益66售01,0,,,,
731495,英濟統一5B購01,90,0.09,0.09,0.09,0.09
731584,群聯統一5B購01,102150,4.8,5.0,4.52,5.0
732069,金山電統一59購01,0,,,,
732167,精剛統一59購01,0,,,,
732269,M31統一63購01,170,0.17,0.17,0.17,0.17
732271,千附統一59購01,0,,,,
732272,千附統一5B購01,0,,,,
732275,萬泰科統一59購01,0,,,,
732277,精剛統一59購02,0,,,,
732332,M31統一63購02,0,,,,
732545,晟德統一5A購01,0,,,,
732586,印能統一5A購01,1800,1.8,1.8,1.8,1.8
732653,光焱統一5A購01,92000,0.92,0.92,0.92,0.92
733025,華星光統一5B購02,0,,,,
733248,宇峻統一5B購01,0,,,,
733332,大宇資統一5B購01,0,,,,
733411,美琪瑪統一61購01,0,,,,
733460,先進光統一5B購01,16300,0.95,0.95,0.89,0.95
733461,先進光統一65購01,367910,0.45,0.5,0.45,0.49
733467,新應材統一5B購01,0,,,,
733471,營邦統一5B購01,30030,2.73,2.73,2.73,2.73
733560,大學光統一5B購01,0,,,,
733563,弘塑統一5B購01,0,,,,
733653,創惟統一5B購01,100,0.01,0.01,0.01,0.01
733654,創惟統一65購01,0,,,,
733655,創惟統一65購02,0,,,,
733656,創惟統一65購03,0,,,,
733695,高端統一5B購01,71880,0.46,0.56,0.45,0.56
733696,高端統一65購01,803160,0.65,0.65,0.64,0.64
733702,創惟統一5C購01,0,,,,
733760,高端統一65購02,49480,0.84,0.9,0.83,0.83
733800,華星光統一5B購03,0,,,,
733958,新應材統一5C購01,2300,0.23,0.23,0.23,0.23
733959,新應材統一5C購02,0,,,,
733983,富喬統一5C購01,0,,,,
734209,華星光統一66購01,387140,3.49,3.54,3.37,3.54
734284,竹陞統一5C購01,0,,,,
734285,良維統一5A購01,0,,,,
734352,竹陞統一5C購02,0,,,,
734355,南俊統一5C購01,0,,,,
734508,台燿統一5C購01,0,,,,
734519,建榮統一5C購01,24480,1.08,1.08,0.99,0.99
734521,智通*統一5C購01,0,,,,
734707,智通*統一5C購02,0,,,,
734708,新漢統一5C購01,0,,,,
734710,雙鴻統一62購01,0,,,,
734782,宇峻統一5C購01,0,,,,
734783,均華統一5C購01,0,,,,
734785,萬潤統一5C購01,0,,,,
734873,前鼎統一5C購01,0,,,,
734874,威剛統一5C購01,0,,,,
734994,新應材統一62購01,8530,0.32,0.33,0.32,0.33
735028,新應材元富63購01,330500,0.83,0.83,0.79,0.8
735029,新應材元富64購01,16650,1.85,1.85,1.85,1.85
735271,波若威統一62購01,0,,,,
735304,華景電統一5A購01,0,,,,
735306,順達統一5C購01,548900,0.55,0.55,0.55,0.55
735512,華星光統一61購03,14800,3.7,3.7,3.7,3.7
735557,波若威統一63購01,78300,9.8,10.1,9.7,10.1
735647,久禾光統一61購01,60,0.06,0.06,0.06,0.06
735648,久禾光統一63購01,0,,,,
735654,信紘科統一5A購01,0,,,,
735658,彩富統一5B購01,0,,,,
735659,彩富統一61購01,0,,,,
735660,彩富統一63購01,0,,,,
735661,富喬統一5A購01,0,,,,
735665,意德士統一61購01,0,,,,
735724,久禾光統一61購02,0,,,,
735848,生合統一63購01,0,,,,
735849,均華統一63購01,0,,,,
735852,宏觀統一61購01,0,,,,
735853,旺矽統一61購01,0,,,,
735855,南俊統一61購01,13340,3.17,3.5,3.17,3.5
736081,均華統一63購02,0,,,,
736082,均豪統一61購01,0,,,,
736153,台燿統一61購01,0,,,,
736154,立碁統一61購01,12270,0.91,1.04,0.91,1.04
736156,均華統一5C購02,0,,,,
736160,金居統一62購01,304900,13.3,13.3,13.2,13.3
736243,宜特統一61購01,0,,,,
736244,金居統一61購01,0,,,,
736249,家登統一61購01,0,,,,
736349,安國統一63購01,2790,0.36,0.45,0.36,0.45
736350,安國統一65購01,0,,,,
736351,安國統一66購01,1300,0.13,0.13,0.13,0.13
736352,安國統一67購01,0,,,,
736353,安國統一67購02,0,,,,
736354,安國統一67購03,0,,,,
736360,閎康統一5B購01,0,,,,
736427,M31統一61購03,1040,0.13,0.13,0.13,0.13
736431,宏捷科統一61購01,0,,,,
736443,雙鴻統一62購02,128300,1.3,1.3,1.27,1.27
736444,穩懋統一61購01,0,,,,
736474,中美晶統一5A購01,30740,0.81,0.81,0.77,0.77
736476,系微統一5B購01,0,,,,
736477,神盾統一5A購01,0,,,,
736478,新盛力統一67購01,33100,3.31,3.31,3.31,3.31
736479,漢磊統一61購01,37540,0.72,0.82,0.72,0.82
736480,廣運統一61購01,0,,,,
736585,振曜統一59購02,0,,,,
736586,神盾統一5C購01,0,,,,
736604,元債20凱基67購01,5890,2.03,2.03,1.93,1.93
736736,力旺統一61購01,19420,2.44,2.45,2.32,2.43
736740,安國統一59購01,0,,,,
736741,安國統一61購01,0,,,,
736834,中光電統一59購01,0,,,,
736933,系統電統一59購02,0,,,,
736934,金居統一5B購01,106800,8.0,8.4,8.0,8.4
736935,前鼎統一5B購01,0,,,,
736938,晶呈統一5B購01,0,,,,
736997,華景電統一59購01,3960,0.44,0.44,0.44,0.44
737015,中美晶國票59購01,0,,,,
737086,良維統一62購01,0,,,,
737088,富喬統一5A購02,0,,,,
737153,正基統一5A購01,0,,,,
737161,富喬統一5A購03,0,,,,
737198,智通*國票5B購01,191760,1.41,1.52,1.41,1.52
737321,立碁統一5C購01,25800,0.68,0.82,0.68,0.82
737801,漢磊國票5B購01,0,,,,
737929,台燿統一5A購01,0,,,,
737930,晶呈統一5C購01,38120,1.58,1.59,1.58,1.59
737933,譜瑞統一5B購01,0,,,,
738131,中光電統一5B購01,100,0.01,0.01,0.01,0.01
738135,台燿統一5C購02,0,,,,
738137,亞信統一5B購01,0,,,,
738138,亞信統一64購01,0,,,,
738140,美琪瑪統一64購01,0,,,,
738144,順達統一5B購02,2640,0.06,0.06,0.06,0.06
738145,順達統一5C購02,0,,,,
738150,漢科統一5B購01,400,0.04,0.04,0.04,0.04
738151,漢科統一5C購01,0,,,,
738152,精測統一5B購01,3690,3.69,3.69,3.69,3.69
738153,精測統一64購01,0,,,,
738154,廣明統一64購01,0,,,,
738155,擎亞統一5B購01,0,,,,
738156,譜瑞統一5C購01,0,,,,
738157,譜瑞統一64購01,0,,,,
738183,凡甲統一5C購01,0,,,,
738184,世禾統一5B購01,0,,,,
738187,昱展統一64購01,0,,,,
738190,順達統一5A購01,0,,,,
738191,聖暉*統一5A購02,0,,,,
738192,聖暉*統一64購01,0,,,,
738281,M31統一5B購01,650,0.13,0.13,0.13,0.13
738282,M31統一5C購01,0,,,,
738284,千附精統一59購03,0,,,,
738285,旺矽統一63購01,0,,,,
738286,信紘科統一64購01,0,,,,
738288,新應材統一64購01,1390,0.37,0.37,0.34,0.34
738291,環球晶統一64購01,26800,2.68,2.68,2.68,2.68
738567,精測國票5B購01,0,,,,
738726,宏捷科國票5B購01,0,,,,
738736,M31統一5C購02,2000,0.1,0.1,0.1,0.1
738737,M31統一62購04,58500,0.13,0.13,0.13,0.13
738741,生合統一63購02,0,,,,
738743,宏觀統一5C購01,0,,,,
738746,朋程統一5C購01,0,,,,
738747,長佳智統一5C購01,0,,,,
738748,信紘科統一5C購01,9000,0.09,0.09,0.09,0.09
738754,晶焱統一5C購01,0,,,,
738757,順達統一5C購03,0,,,,
738758,萬泰科統一5C購01,0,,,,
738760,群翊統一5C購01,0,,,,
738762,寬宏統一65購01,0,,,,
738764,廣明統一5C購01,0,,,,
738767,耀勝統一5C購01,0,,,,
738802,精測群益5C購01,0,,,,
738931,M31統一5C購03,0,,,,
738933,世禾統一5C購01,0,,,,
738934,台半統一5C購01,0,,,,
738938,永信建統一5C購01,0,,,,
738940,旺矽統一65購01,0,,,,
738943,湧德統一5C購01,0,,,,
738944,順達統一5C購04,0,,,,
738947,精測統一65購01,72720,1.68,1.77,1.68,1.77
739071,旺矽國票5A購01,0,,,,
739284,威剛國票5B購01,0,,,,
739372,力旺統一5C購01,64620,0.41,0.43,0.41,0.43
739373,生合統一5C購01,0,,,,
739375,合晶統一5C購01,0,,,,
739376,均豪統一5B購01,0,,,,
739378,宜鼎統一5C購01,0,,,,
739379,宜鼎統一5C購02,0,,,,
739380,欣銓統一64購01,10640,2.6,2.77,2.54,2.77
739381,信驊統一5C購01,26800,13.4,13.4,13.4,13.4
739382,威剛統一5C購02,0,,,,
739383,威剛統一64購01,8160,4.08,4.08,4.08,4.08
739384,鈊象統一5C購01,0,,,,
739385,萬泰科統一64購01,34650,0.84,0.85,0.84,0.85
739386,群翊統一5C購02,0,,,,
739387,精材統一5C購01,0,,,,
739388,德微統一5C購01,0,,,,
739425,泰茂國票5A購01,30,0.03,0.03,0.03,0.03
739441,中光電統一5B購02,0,,,,
739442,中美晶統一5C購01,730,0.73,0.73,0.73,0.73
739443,永信建統一5C購02,0,,,,
739446,宜鼎統一5C購03,0,,,,
739447,朋程統一5C購02,0,,,,
739453,振曜統一5C購01,330,0.33,0.33,0.33,0.33
739454,能率統一5B購01,0,,,,
739460,環球晶統一64購02,1980,1.98,1.98,1.98,1.98
739519,系微統一5C購02,0,,,,
739520,旺矽統一5B購01,0,,,,
739522,廣運統一5C購01,0,,,,
739523,擎亞統一5C購01,0,,,,
739549,聯合國票5A購01,0,,,,
739581,均華兆豐59購01,0,,,,
739598,中美晶國票59購02,3440,0.86,0.86,0.86,0.86
739634,中光電富邦59購02,0,,,,
739639,大宇資統一5C購01,0,,,,
739640,中光電統一59購03,0,,,,
739641,台燿統一64購01,0,,,,
739642,弘塑統一5C購01,500,0.5,0.5,0.5,0.5
739643,合晶統一5B購01,0,,,,
739644,合晶統一5C購02,23680,3.65,4.48,3.65,4.48
739645,均豪統一5C購01,0,,,,
739646,昇佳電統一5C購01,360,0.03,0.03,0.03,0.03
739647,昇佳電統一5C購02,270,0.01,0.01,0.01,0.01
739648,創惟統一5C購02,0,,,,
739649,新漢統一64購01,0,,,,
739650,萬泰科統一5C購02,0,,,,
739651,德微統一5C購02,0,,,,
739652,耀勝統一5C購02,0,,,,
739696,鈊象元富59購01,0,,,,
739709,環球晶富邦59購01,0,,,,
739715,台半元富59購01,0,,,,
739716,台半元富59購02,432600,1.85,1.85,1.82,1.82
739718,精測元富59購03,0,,,,
739723,環球晶元富59購01,0,,,,
739724,環球晶元富59購02,0,,,,
739742,威剛凱基59購01,0,,,,
739750,環球晶凱基59購01,0,,,,
739751,環球晶凱基59購02,0,,,,
739825,雙鴻元富59購01,44400,1.85,1.85,1.85,1.85
739826,世界群益59購01,0,,,,
739841,世界國票5C購01,0,,,,
739842,威剛國票5A購01,0,,,,
739856,系微元大59購01,0,,,,
739858,昇達科元大59購01,0,,,,
739913,旺矽國票5B購01,0,,,,
739986,廣明國票5B購01,0,,,,
7402,邑錡,12126073,100.5,101.0,100.0,101.0
7547,碩網,199543,49.5,49.95,49.35,49.95
7556,意德士,26000921,250.0,262.0,250.0,262.0
7584,樂意,161824,28.75,28.8,28.45,28.8
7642,昶瑞機電,1731155,70.0,73.0,70.0,71.3
7703,銳澤,20233854,198.5,204.0,198.5,203.0
7704,明遠精密,2662179,61.7,62.5,60.7,62.1
7708,全家餐飲,602110,91.7,92.0,91.6,91.6
7709,榮田,7428176,80.7,82.6,80.1,81.8
7712,博盛半導體,39139627,155.0,159.0,154.5,158.0
7713,威力德生醫,527500,74.0,74.0,73.8,73.8
7714,創泓科技,86639072,177.0,186.0,174.5,179.5
7715,裕山,1291723,28.2,28.5,27.8,28.0
7716,昱臺國際,234950,23.45,23.5,23.45,23.5
7717,萊德光電-KY,1333415874,601.0,624.0,594.0,600.0
7718,友鋮,2029549,46.0,46.15,45.8,45.9
7723,築間,266645,18.75,18.8,18.7,18.8
7728,光焱科技,193248357,623.0,623.0,569.0,584.0
7734,印能科技,1721931320,2660.0,2675.0,2535.0,2670.0
7738,東聯互動,3753963,161.0,163.0,160.0,163.0
7743,金利食安,1700795,25.05,25.2,24.5,25.0
7744,崴寶,59238461,521.0,534.0,512.0,531.0
7747,昕奇雲端,262513,114.0,114.0,114.0,114.0
7751,竑騰,688731025,1445.0,1485.0,1445.0,1485.0
7753,星亞,467218,35.5,36.1,35.4,35.95
7757,金色三麥,1655037,90.5,93.8,88.3,90.0
7767,仁大資訊,2100508,46.25,46.85,46.2,46.4
7770,君曜,954559,38.3,40.5,38.0,40.5
7772,耀穎,271361122,148.0,160.5,147.0,155.5
7777,能率亞洲,99992525,36.4,36.4,35.45,35.95
7782,光速火箭,558930,25.55,25.8,24.5,25.8
7792,安葆,557420391,320.0,344.0,320.0,339.0
7794,宏碁智新,1245520,30.7,31.0,30.65,31.0
7805,威聯通,37620758,501.0,509.0,498.5,499.5
7810,捷創科技,4222221,219.5,220.0,216.5,218.5
7811,民盛,876948,72.5,73.0,72.5,73.0
7814,海昌生技,87037,28.65,28.65,28.55,28.55
7819,精誠金融,1175092,34.3,34.95,34.3,34.35
7820,立盈,4152572,106.5,106.5,101.5,104.0
7825,和亞智慧,50971807,82.0,84.8,78.7,79.7
7828,創新服務,1164484500,2010.0,2125.0,2010.0,2125.0
7839,達人網,561550,43.35,43.5,42.95,43.3
7842,天能綠電,287150,94.0,96.4,93.8,96.4
8024,佑華,639900,13.05,13.05,12.6,12.75
8027,鈦昇,724723404,177.0,180.0,173.5,180.0
8032,光菱,1188485,34.85,35.4,34.8,35.4
8034,榮群,5659747,20.3,20.3,19.85,20.0
8038,長園科,9944207,32.75,32.75,31.85,31.9
8040,九暘,193136515,79.5,83.5,78.5,82.7
8042,金山電,181851160,114.0,114.0,110.5,113.0
8043,蜜望實,109969566,133.5,134.0,130.5,133.0
8044,網家,97061736,24.2,24.8,23.5,23.5
8047,星雲,226646,46.5,46.5,45.0,45.1
8048,德勝,10086968,49.6,50.0,49.0,49.6
8049,晶采,1173811,24.45,24.55,24.45,24.55
8050,廣積,91539723,59.6,59.9,58.8,59.3
8054,安國,64153554,84.1,85.1,83.3,84.4
8064,東捷,3561898851,127.5,136.0,125.0,136.0
8066,來思達,460195,15.0,15.35,14.95,15.35
8067,志旭,300599,11.65,11.65,11.4,11.55
8068,全達,1111576,16.15,16.15,15.85,16.15
8069,元太,1487474624,147.0,147.0,143.5,146.5
8071,能率網通,7913554,21.65,22.05,21.45,22.0
8074,鉅橡,11745918,50.5,50.6,49.95,50.1
8076,伍豐,12093855,21.6,21.6,21.2,21.4
8077,洛碁,5698,,,,
8080,泰霖,123929,28.75,28.75,28.75,28.75
8083,瑞穎,9942868,157.5,158.0,156.0,158.0
8084,巨虹,28423132,41.7,41.8,40.7,41.75
8085,福華,2460619,14.8,14.95,14.25,14.4
8086,宏捷科,284958482,110.0,111.5,107.5,111.0
8087,麗升能源,1055771,24.0,24.0,23.35,23.5
8088,品安,17715946,42.6,42.9,42.25,42.7
8089,康全電訊,4571615,18.15,18.65,18.1,18.6
8091,翔名,60960477,216.0,216.5,214.0,215.0
8092,建暐,307951,12.65,12.75,12.6,12.75
8093,保銳,574433,25.4,25.4,24.4,25.15
8096,擎亞,217848937,89.7,90.3,87.1,88.2
8097,常珵,20462587,48.9,49.25,47.8,49.15
8099,大世科,3648445,59.7,60.0,59.4,60.0
8102,傑霖科技,247400,62.9,62.9,62.9,62.9
8107,大億金茂,422135,12.2,12.2,12.0,12.05
8109,博大,50676541,131.5,134.0,130.5,134.0
8111,立碁,1768161030,74.8,79.6,73.7,78.0
8121,越峰,12055610,27.3,27.9,27.25,27.9
8147,正淩,14621862,132.5,134.0,131.5,134.0
8155,博智,105637514,324.5,326.5,320.5,323.0
8171,天宇,1924307,20.15,20.2,20.0,20.05
8176,智捷,326067,9.66,9.85,9.6,9.83
8182,加高,13833696,39.8,39.8,39.1,39.5
8183,精星,9077267,28.2,28.35,27.9,28.05
8227,巨有科技,462893890,263.0,279.0,252.0,279.0
8234,新漢,26575190,63.0,63.0,61.6,62.5
8240,華宏,16416184,50.7,51.0,50.0,51.0
8255,朋程,31962087,137.0,137.0,135.5,136.0
8272,全景軟體,325716,64.9,65.0,64.9,64.9
8279,生展,1212065,79.0,79.0,78.7,78.9
8284,三竹,1394111,69.1,69.1,68.5,68.8
8289,泰藝,13129216,43.2,44.25,43.2,44.2
8291,尚茂,1089802,29.5,31.7,29.5,31.7
8299,群聯,13950965615,2030.0,2140.0,2010.0,2140.0
8342,益張,164264,,,,
8349,恒耀,6118880,38.35,38.4,37.45,37.9
8349A,恒耀甲特,317650,45.35,45.55,45.35,45.55
8354,冠好,361743,17.05,17.1,16.9,17.0
8358,金居,2237950531,487.5,499.5,484.0,499.5
8383,千附,191673463,67.0,69.1,66.6,68.5
8390,金益鼎,34374030,92.9,92.9,91.3,91.8
8401,白紗科,327149,22.9,22.9,22.7,22.75
8403,盛弘,1460580,19.05,19.05,18.95,19.0
8409,商之器,18207,18.1,18.1,18.1,18.1
8410,森田,361545,29.6,29.6,29.4,29.5
8415,大國鋼,181161447,34.85,35.1,34.35,34.35
8416,實威,405421,172.5,172.5,170.5,170.5
8421,旭源,3130709,12.95,13.2,12.9,13.0
8423,保綠-KY,340340,17.95,17.95,17.85,17.85
8424,惠普,354647,69.0,69.4,69.0,69.3
8426,紅木-KY,814140,20.4,20.65,20.1,20.6
8431,匯鑽科,143556104,64.5,65.6,62.2,62.5
8432,東生華,2021872,50.4,50.6,50.0,50.6
8433,弘帆,1548900,53.4,53.6,53.3,53.4
8435,鉅邁,580295,53.0,53.1,52.9,53.1
8436,大江,68606896,104.5,105.0,103.5,103.5
8437,大地-KY,212226,9.0,9.28,8.94,9.1
8440,綠電,1630491,19.95,20.2,19.85,20.05
8444,綠河-KY,227484,4.6,4.6,4.5,4.59
8446,華研,9366575,85.0,85.0,84.4,84.7
8450,霹靂,490448,14.15,14.3,14.0,14.15
8455,大拓-KY,115524,22.55,23.1,22.55,22.7
8472,納維康,457904,76.0,76.8,76.0,76.0
8477,創業家,89928,15.0,15.0,14.95,15.0
8489,三貝德,967717,21.5,21.75,21.4,21.6
8905,裕國,443948,34.9,34.95,34.85,34.85
8906,花王,2076685,29.9,30.5,29.4,29.5
8908,欣雄,1187009,40.25,40.25,40.15,40.15
8916,光隆,4412512,41.25,41.35,41.0,41.0
8917,欣泰,420000,52.2,52.2,52.2,52.2
8921,沈氏,16850,16.85,16.85,16.85,16.85
8923,時報,0,,,,
8924,大田,6648453,49.9,50.1,49.5,50.1
8927,北基,4515671,18.8,19.2,18.4,18.4
8928,鉅明,397300,23.05,23.05,23.0,23.0
8929,富堡,3366,,,,
8930,青鋼,684043,28.85,28.85,28.8,28.8
8931,大汽電,1648138,43.05,43.45,43.0,43.0
8932,智通*,343686986,90.1,92.9,89.1,92.9
8933,愛地雅,190306,4.5,4.6,4.41,4.57
8935,邦泰,1426226,17.35,17.7,17.3,17.7
8936,國統,45288206,52.4,52.5,52.0,52.1
8937,合騏*,1892133,27.8,29.35,27.8,28.6
8938,明安,9159850,52.6,52.6,50.4,50.4
8941,關中,329007,43.8,43.85,42.9,43.8
8942,森鉅,26267817,41.5,41.5,40.3,40.3
9949,琉園,1327444,24.15,24.15,23.95,24.0
9950,萬國通,51300,10.25,10.3,10.25,10.3
9951,皇田,2405118,48.4,48.7,48.15,48.45
9960,邁達康,587204,30.65,31.8,30.65,31.8
9962,有益,310904,10.0,10.0,9.94,10.0
