code,name,trading_value,open_price,high_price,low_price,close_price
00411A,主動統一前沿科技,87225652,10.45,10.5,10.44,10.47
006201,元大富櫃50,2805311,46.26,46.29,46.0,46.17
00679B,元大美債20年,609956838,25.31,25.35,25.27,25.28
00687B,國泰20年美債,667373234,26.25,26.33,26.25,26.28
00687C,國泰20年美債+櫃U,285690,8.9,8.9,8.9,8.9
00694B,富邦美債1-3,34791947,41.46,41.68,41.46,41.64
00695B,富邦美債7-10,13281933,33.85,33.98,33.85,33.94
00696B,富邦美債20年,193023810,27.58,27.61,27.52,27.54
00697B,元大美債7-10,17459039,34.17,34.21,34.14,34.16
00719B,元大美債1-3,103015443,30.91,30.98,30.9,30.95
00720B,元大投資級公司債,252462021,31.59,31.6,31.52,31.53
00722B,群益投資級電信債,142480714,33.85,33.89,33.81,33.84
00723B,群益投資級科技債,3916948,28.86,29.01,28.86,29.0
00724B,群益投資級金融債,137065170,32.22,32.26,32.18,32.22
00725B,國泰投資級公司債,122552603,33.64,33.64,33.57,33.59
00726B,國泰新興投等債,18013394,31.75,31.78,31.7,31.72
00727B,國泰優選非投等債,10843138,39.03,39.12,39.03,39.09
00734B,台新JPM新興債,3597795,15.29,15.3,15.1,15.23
00740B,富邦全球投等債,168938124,36.66,36.74,36.65,36.67
00741B,富邦全球非投等債,4035484,36.75,36.94,36.75,36.94
00746B,富邦A級公司債,36697514,33.93,33.93,33.84,33.88
00749B,凱基新興債10+,3320350,30.37,30.47,30.37,30.47
00750B,凱基科技債10+,3416770,31.31,31.35,31.29,31.29
00751B,元大AAA至A公司債,252375042,29.61,29.62,29.55,29.56
00754B,群益AAA-AA公司債,3410341,30.98,31.02,30.98,31.02
00755B,群益投資級公用債,3280401,31.05,31.12,31.05,31.12
00756B,群益投等新興公債,6656379,29.75,29.78,29.71,29.73
00758B,復華能源債,4956000,49.56,49.56,49.56,49.56
00759B,復華製藥債,5195000,51.95,51.95,51.95,51.95
00760B,復華新興企業債,5210677,51.5,51.5,51.5,51.5
00761B,國泰A級公司債,14474983,32.44,32.6,32.44,32.52
00764B,群益25年美債,240122361,26.26,26.26,26.19,26.24
00768B,復華20年美債,14930532,47.06,47.11,47.03,47.1
00772B,中信高評級公司債,91933584,31.86,31.87,31.8,31.84
00773B,中信優先金融債,29113577,33.93,34.02,33.93,33.99
00777B,凱基AAA至A公司債,3318724,30.7,30.73,30.7,30.73
00778B,凱基金融債20+,3908397,32.54,32.56,32.54,32.56
00779B,凱基美債25+,10300394,26.42,26.47,26.42,26.47
00780B,國泰A級金融債,3868645,35.71,35.74,35.71,35.74
00781B,國泰A級科技債,9344721,26.5,26.5,26.26,26.29
00782B,國泰A級公用債,17163315,29.01,29.01,28.93,28.98
00785B,富邦金融投等債,5075599,33.38,33.45,33.38,33.4
00786B,元大10年IG銀行債,2348754,31.39,31.39,31.15,31.26
00787B,元大10年IG醫療債,1362535,31.07,31.07,30.64,30.9
00788B,元大10年IG電能債,407575,28.75,28.75,28.68,28.7
00789B,復華公司債A3,4830846,45.58,45.58,45.53,45.53
00791B,復華信用債1-5,5870200,56.3,56.45,56.3,56.45
00792B,群益A級公司債,3258268,29.84,29.89,29.81,29.85
00795B,中信美國公債20年,238983865,25.39,25.46,25.37,25.41
00799B,國泰A級醫療債,4813534,28.09,28.13,28.08,28.11
00834B,第一金金融債10+,3269000,32.69,32.69,32.69,32.69
00836B,永豐10年A公司債,1578050,27.18,27.18,27.14,27.15
00840B,凱基IG精選15+,5878080,28.26,28.27,28.25,28.27
00841B,凱基AAA-AA公司債,2922080,27.01,27.06,27.01,27.06
00842B,台新美元銀行債,12858421,28.98,28.98,28.8,28.89
00844B,台新15年IG金融債,2396800,29.96,29.96,29.96,29.96
00845B,富邦新興投等債,3844300,32.05,32.08,32.03,32.03
00846B,富邦歐洲銀行債,3603327,34.18,34.56,34.18,34.53
00847B,中信美國市政債,5886970,23.91,23.95,23.87,23.9
00848B,中信新興亞洲債,10352496,32.91,32.98,32.91,32.98
00849B,中信EM主權債0-5,11641614,37.07,37.26,37.07,37.24
00853B,統一美債10年Aa-A,28847170,26.05,26.1,26.05,26.07
00856B,永豐1-3年美公債,536211,37.08,37.08,37.08,37.08
00857B,永豐20年美公債,25528831,21.84,21.88,21.83,21.86
00858,永豐美國500大,5510714,36.23,36.23,36.11,36.12
00859B,群益0-1年美債,130328005,40.59,40.68,40.57,40.63
00860B,群益1-5Y投資級債,4038212,37.73,37.74,37.73,37.74
00862B,中信投資級公司債,7573046,29.83,29.95,29.83,29.92
00863B,中信全球電信債,11317453,29.94,30.05,29.93,30.05
00864B,中信美國公債0-1,41004618,45.98,46.18,45.98,46.17
00867B,台新A-BBB電信債,17563250,29.05,29.06,29.03,29.06
00870B,元大15年EM主權債,2291180,26.99,27.0,26.93,26.94
00877,復華中國5G,57159374,38.7,38.7,37.91,37.93
00884B,中信低碳新興債,6542315,28.19,28.28,28.19,28.28
00886,永豐美國科技,999683,49.66,49.66,49.66,49.66
00887,永豐中國科技50大,45275385,16.01,16.09,15.85,15.89
00888,永豐台灣ESG,149325248,35.95,36.0,35.78,36.0
00890B,凱基ESG BBB債15+,3804783,30.65,30.69,30.65,30.68
00928,中信上櫃ESG 30,7886396,33.33,33.43,33.1,33.33
00931B,統一美債20年,30100864,12.79,12.81,12.77,12.78
00933B,國泰10Y+金融債,263286959,15.26,15.27,15.22,15.24
00937B,群益ESG投等債20+,1073102622,14.09,14.13,14.09,14.11
00942B,台新美A公司債20+,21187977,13.53,13.53,13.5,13.53
00948B,中信優息投資級債,31660669,8.99,9.02,8.99,9.01
00950B,凱基A級公司債,58063304,13.42,13.42,13.39,13.42
00955,中信日本商社,26150761,16.18,16.18,16.05,16.08
00957B,兆豐US優選投等債,5893410,12.78,12.78,12.76,12.78
00958B,永豐ESG銀行債15+,5839708,8.83,8.83,8.82,8.83
00959B,大華投等美債15Y+,19801381,8.98,8.98,8.96,8.98
00966B,統一ESG投等債15+,12324121,13.33,13.34,13.3,13.32
00967B,元大優息美債,1486674,8.73,8.73,8.66,8.68
00968B,元大優息投等債,49423626,8.81,8.84,8.81,8.83
00969B,元大零息超長美債,4208705,7.85,7.85,7.81,7.83
00970B,台新BBB投等債20+,36739568,8.93,8.93,8.9,8.92
009806,台新標普500,1036192,13.83,13.83,13.74,13.74
009807,台新標普科技精選,3939142,17.79,17.81,17.79,17.81
00980B,台新特選IG債10+,6577590,9.04,9.04,9.02,9.04
00980D,主動聯博投等入息,10772914,19.75,19.75,19.71,19.73
00980T,平衡凱基美國TOP,1914244,12.07,12.07,12.03,12.03
009814,富邦標普500,9022034,11.45,11.45,11.4,11.41
009815,大華美國MAG7+,11415218,11.96,11.96,11.92,11.93
00981B,第一金優選非投債,116376830,9.04,9.04,9.02,9.02
00981D,主動中信非投等債,27424402,10.15,10.17,10.15,10.16
009822,華南永昌未來金融,2272212,9.86,9.9,9.85,9.88
009823,群益S&P500,20770370,10.49,10.49,10.44,10.46
009825,聯邦美國金融創新,5947090,10.01,10.01,9.92,9.92
00982B,FT投資級債20+,124987,9.34,9.34,9.3,9.31
00983B,大華優利美公債20,20277131,14.83,14.83,14.79,14.82
00984B,大華優利美A債15,17847709,15.57,15.59,15.57,15.59
00985D,主動貝萊德優投等,20118795,9.61,9.67,9.61,9.65
00986B,FT金融債10+,468823,9.45,9.45,9.36,9.36
00986D,主動復華金融債息,4739194,14.1,14.1,14.07,14.08
00987B,野村10+澳洲公債,53497830,15.46,15.5,15.41,15.44
00987D,主動統一美債量化,38021256,9.74,9.74,9.71,9.71
00988B,玉山嚴選非投債,31114883,19.3,19.31,19.27,19.31
00989B,台新美國非投等債,18052545,9.93,9.93,9.91,9.93
00990B,國泰收益非投等債,20863089,9.86,9.88,9.86,9.88
00998A,主動復華金融股息,137679700,16.68,16.68,16.6,16.63
020001,富邦存股雙十N,0,,,,
020025,統一亞洲半導體N,685280,40.3,40.33,40.3,40.33
020033,統一恒生科期N,464980,3.47,3.47,3.47,3.47
020035,元大上櫃ESG高息N,0,,,,
020040,元大上櫃ESG龍頭N,0,,,,
020041,兆豐半導體氣候N,2562910,21.03,21.18,20.92,20.95
1240,茂生農經,1074308,54.6,55.2,54.2,55.2
1259,安心,2781327,67.8,68.0,67.7,68.0
1264,德麥,3984934,243.5,244.5,243.0,244.5
1268,漢來美食,2913061,173.0,174.5,173.0,174.5
1294,漢田生技,452527,50.5,50.5,50.3,50.3
1295,生合,5149625,45.0,49.25,44.6,47.1
1336,台翰,1393796,16.95,17.15,16.85,17.1
1565,精華,9537726,95.9,95.9,95.3,95.5
1569,濱川,496165245,63.8,68.0,62.6,64.7
1570,力肯,902533,32.15,32.85,32.0,32.85
1580,新麥,2337682,96.6,97.0,96.4,97.0
1584,精剛,4152039,18.1,18.1,17.85,18.0
1586,和勤,1543268,17.95,18.0,17.85,18.0
1591,駿吉-KY,7061913,41.8,41.8,40.4,40.4
1593,祺驊,810866,31.9,31.9,31.8,31.8
1595,川寶,126426895,76.7,80.0,75.0,77.4
1599,宏佳騰,126879,23.25,23.25,23.0,23.05
1742,台蠟,961434,17.65,17.65,17.4,17.5
1777,生泰,898533,74.3,74.4,73.8,74.3
1780,立弘,2487065,25.05,25.2,24.6,24.7
1781,合世,90217,10.0,10.05,10.0,10.05
1784,訊聯,3966294,62.5,62.5,61.1,61.3
1785,光洋科,253002815,96.5,96.5,95.0,95.8
1788,杏昌,1553701,127.5,128.0,127.5,128.0
1796,金穎生技,118449,29.8,29.8,29.5,29.5
1799,易威,1580295,28.8,28.9,28.7,28.9
1813,寶利徠,72621,11.3,11.45,11.3,11.3
1815,富喬,3367502359,119.5,119.5,115.0,116.0
2035,唐榮,26708,26.5,26.5,26.5,26.5
2061,風青,91242086,55.4,56.3,53.9,54.0
2063,世鎧,568364,23.65,23.7,23.6,23.6
2064,晉椿,0,,,,
2065,世豐,1809906,35.1,35.25,35.0,35.2
2066,世德,792100,52.8,53.1,52.5,52.9
2067,嘉鋼,182710,5.65,5.65,5.1,5.22
2070,精湛,1668214,60.7,61.4,60.6,61.0
2073,雄順,3366,,,,
2221,大甲,266671516,158.0,164.5,158.0,164.0
2230,泰茂,3183613,21.25,22.55,21.25,22.45
2235,謚源,28300,28.3,28.3,28.3,28.3
2596,綠意,3960583,34.95,35.7,34.95,35.45
2640,大車隊,4814484,157.0,157.5,156.0,157.0
2641,正德,10815113,17.55,17.55,17.4,17.55
2643,捷迅,826955,63.0,63.0,62.7,62.7
2718,全心投控,486200,40.55,40.8,40.35,40.8
2719,燦星旅,58200,19.35,19.55,19.3,19.55
2724,藝舍-KY,29990,13.2,13.2,13.1,13.1
2726,雅茗-KY,128430,8.12,8.12,8.0,8.08
2729,瓦城,2289499,156.5,158.5,156.5,157.5
2732,六角,1691487,63.4,64.2,63.2,63.2
2734,易飛網,382979,14.5,14.5,14.4,14.5
2736,富野,226477,11.25,11.3,11.25,11.25
2740,華軒,71032,30.25,30.7,30.25,30.7
2743,山富,730505,53.9,54.3,53.9,54.3
2745,五福,8326239,84.9,85.0,84.0,84.6
2751,王座,107854,53.5,54.3,53.5,54.3
2752,豆府,298804,178.0,178.0,178.0,178.0
2754,亞洲藏壽司,1932352,68.2,68.5,68.0,68.3
2755,揚秦,1468095,98.7,98.7,98.1,98.7
2756,聯發國際,1594200,62.8,64.0,61.8,63.0
2916,滿心,823475,40.4,40.65,40.4,40.6
2924,宏太-KY,19304,19.0,19.0,19.0,19.0
2926,誠品生活,6006,,,,
2937,集雅社,0,,,,
2938,床的世界,1770120,18.95,19.0,18.9,18.9
2941,米斯特,32300,32.3,32.3,32.3,32.3
2947,振宇五金,8884,,,,
2948,寶陞,109800,36.4,36.9,36.4,36.5
2949,欣新網,320000,64.0,64.0,64.0,64.0
3064,泰偉,4414,,,,
3066,李洲,59922724,27.25,29.1,27.25,27.4
3067,全域,11195,,,,
3071,協禧,3771867,23.05,23.05,22.8,23.0
3073,天方能源,148548,20.25,20.3,20.2,20.3
3078,僑威,11712501,45.1,45.5,44.95,45.45
3081,聯亞,5145574485,2640.0,2710.0,2595.0,2700.0
3083,網龍,1004184,22.8,22.85,22.7,22.85
3085,新零售,68154,11.45,11.45,11.1,11.45
3086,華義*,2849170,28.3,28.45,27.65,28.3
3088,艾訊,57986115,127.0,129.5,126.5,129.5
3093,港建*,4026916,44.55,44.8,44.2,44.8
3095,及成,2191866,34.25,34.45,32.0,34.0
3105,穩懋,10740136585,495.5,506.0,482.0,502.0
3114,好德,29729578,31.45,34.25,31.45,34.25
3115,富榮綱,547392,7.58,7.99,7.58,7.98
3118,進階,1056420,31.6,31.6,30.75,30.85
3122,笙泉,354091,24.0,24.3,23.75,24.0
3128,昇銳,740535,20.5,20.5,20.3,20.35
3131,弘塑,456225985,2340.0,2410.0,2340.0,2410.0
3141,晶宏,210627799,86.0,86.0,82.5,83.9
3147,大綜,309019740,235.0,249.5,234.0,243.0
3152,璟德,71117887,222.5,241.5,220.0,231.5
3158,嘉實,1241762,85.5,85.7,85.3,85.4
3162,精確,48636704,74.7,75.0,73.4,73.6
3163,波若威,542271395,660.0,663.0,645.0,653.0
3169,亞信,201438024,113.0,121.0,113.0,114.5
3171,炎洲流通,184349,58.9,59.0,58.8,59.0
3176,基亞,22718320,38.45,38.6,37.0,37.75
3178,公準,45366881,70.5,73.9,68.2,68.9
3188,鑫龍騰,1314229,23.5,23.5,23.35,23.5
3191,雲嘉南,218430,16.6,16.75,16.5,16.75
3205,佰研,425125,46.65,46.95,46.5,46.95
3206,志豐,686398,34.95,35.15,34.35,34.6
3207,耀勝,674261,37.75,38.15,37.75,37.95
3211,順達,464925468,383.5,383.5,374.5,378.5
3213,茂訊,12473879,124.0,125.0,124.0,124.5
3217,優群,8964592,129.0,129.5,129.0,129.5
3218,大學光,48418980,134.0,137.5,132.5,134.5
3219,倚強科,262973808,107.0,114.5,105.5,114.5
3221,台嘉碩,159448394,50.0,50.9,49.05,49.1
3224,三顧,733953,31.9,31.95,31.45,31.9
3226,龍鋒,1988504,58.2,58.5,57.8,58.5
3227,原相,67689019,185.0,185.5,183.5,183.5
3228,金麗科,34864671,167.0,174.0,164.0,174.0
3230,錦明,25938370,41.05,41.25,40.2,40.2
3232,昱捷,259268,21.25,21.3,21.0,21.1
3234,光環,765050320,163.0,180.0,162.0,178.0
3236,千如,89437249,43.2,44.95,43.15,43.85
3252,海灣,30642,15.3,15.3,15.3,15.3
3259,鑫創,347404,9.55,9.99,9.54,9.95
3260,威剛,1672905545,381.0,381.0,373.5,378.0
3264,欣銓,4538797835,250.0,255.0,244.0,246.0
3265,台星科,196775543,180.0,184.0,178.5,183.0
3268,海德威,985514,19.6,19.95,19.45,19.95
3272,東碩,152615,14.3,14.3,13.9,13.95
3276,宇環,571572,13.75,13.9,13.75,13.8
3284,太普高,2206679,19.7,20.05,19.6,19.75
3285,微端,1107967,42.4,42.4,41.45,41.45
3287,廣寰科,19380871,41.35,41.35,40.1,41.05
3288,點晶,2070762,21.5,22.3,20.2,21.0
3289,宜特,74638386,137.5,141.0,135.5,140.0
3290,東浦,11264440,45.75,46.6,45.65,46.25
3293,鈊象,4373877039,734.0,774.0,734.0,761.0
3294,英濟,274883522,34.0,36.15,33.0,33.65
3297,杭特,31530354,33.9,36.05,33.5,34.35
3303,岱稜,4493521,48.3,48.4,48.15,48.2
3306,鼎天,1115049,45.9,45.9,45.6,45.65
3310,佳穎,545469,68.5,68.5,67.3,68.3
3313,斐成,378374,10.45,10.5,10.4,10.5
3317,尼克森,1117173309,64.1,73.0,64.1,68.3
3322,建舜電,1363880,11.05,11.15,10.85,11.1
3323,加百裕,2840240,27.8,28.0,27.75,27.85
3324,雙鴻,10951644215,1595.0,1750.0,1590.0,1710.0
3325,旭品,507764,11.6,12.2,11.6,11.95
3332,幸康,663100,60.2,61.5,59.5,61.5
3339,泰谷,286086837,47.8,49.8,45.75,47.2
3349,寶德,944202,19.85,19.9,19.0,19.9
3354,律勝,60609698,28.05,30.15,28.0,30.0
3357,臺慶科,166761979,205.5,208.0,203.0,206.0
3360,尚立,1924113,15.0,15.15,14.95,15.05
3362,先進光,172481987,170.5,175.5,168.5,173.0
3363,上詮,1057057407,636.0,654.0,629.0,652.0
3372,典範,4001930,15.8,15.85,15.7,15.8
3373,熱映,324714,16.1,16.1,16.0,16.0
3374,精材,6636834952,462.5,464.5,442.0,449.0
3379,彬台,466943,27.1,27.55,27.0,27.25
3388,崇越電,20740889,80.8,82.3,80.6,82.0
3390,旭軟,1870319,21.95,22.0,21.75,21.85
3402,漢科,23703274,130.0,130.5,127.5,129.5
3430,奇鈦科,114641568,106.5,116.0,106.5,112.5
3434,哲固,3734694,31.7,32.45,31.6,31.6
3438,類比科,4217467,61.8,61.8,60.7,61.1
3441,聯一光,106904981,176.0,181.0,175.0,181.0
3444,利機,6031487,81.0,81.5,79.8,80.3
3455,由田,934128610,242.0,265.0,242.0,258.0
3465,進泰電子,1237500,29.6,29.65,29.25,29.65
3466,德晉,3063143,24.1,24.1,23.7,23.9
3467,台灣精材,52875532,86.1,86.1,81.5,81.5
3479,安勤,175496876,130.0,136.5,130.0,136.0
3483,力致,16030546,75.6,78.1,75.6,77.5
3484,崧騰,3274761,45.05,46.25,45.05,46.25
3485,敘豐,12166703,197.0,200.0,194.0,200.0
3489,森寶,1432152,22.9,22.9,22.6,22.65
3490,單井,113504297,44.1,46.0,43.75,45.05
3491,昇達科,1382685815,1545.0,1565.0,1520.0,1555.0
3492,長盛,193249,19.0,19.15,19.0,19.15
3498,陽程,669070052,198.0,215.0,197.0,214.0
3499,環天科,380256,13.3,13.7,13.3,13.7
3508,位速,16418764,24.95,27.1,24.65,26.2
3511,矽瑪,1878278,19.2,19.9,19.05,19.4
3512,皇龍,350259,19.25,19.25,19.15,19.25
3516,亞帝歐,331304,25.0,25.1,25.0,25.1
3520,華盈,824062,17.15,17.25,17.05,17.2
3521,台鋼建設,119702,11.8,11.9,11.8,11.8
3522,御嵿,1354031,13.0,13.0,12.65,12.65
3523,迎輝,241210,14.9,14.95,14.15,14.95
3526,凡甲,21941782,270.0,271.5,269.5,270.0
3527,聚積,1369097,51.7,51.7,50.8,51.0
3529,力旺,5194530035,3250.0,3315.0,3160.0,3230.0
3531,先益,282230,20.9,21.25,20.9,21.25
3537,堡達,7211037,52.9,53.6,52.8,53.2
3540,曜越,1616725,22.9,22.9,22.75,22.75
3541,西柏,2431029,24.35,25.0,24.1,24.5
3546,宇峻,6248351,73.3,73.6,73.1,73.1
3548,兆利,11542647,77.9,77.9,76.4,77.1
3551,世禾,71751466,182.0,183.5,180.0,182.5
3552,同致,147874723,43.5,46.55,42.75,45.4
3555,博士旺,11877318,168.5,169.0,164.0,166.0
3556,禾瑞亞,4210194,57.0,57.5,56.4,57.5
3558,神準,7286149,122.0,122.5,120.0,122.0
3564,其陽,16697775,48.35,50.9,48.25,49.45
3567,逸昌,6533198,26.05,26.05,25.45,25.6
3570,大塚,1584813,167.5,168.5,167.0,168.0
3577,泓格,13620945,114.5,116.5,114.0,114.0
3580,友威科,102548783,98.7,102.5,98.7,102.0
3581,博磊,23640580,102.5,105.5,102.0,104.0
3587,閎康,45364279,236.0,238.5,234.0,238.5
3594,磐儀,5531404,46.55,46.9,46.55,46.7
3597,映興,2220287,28.35,28.35,27.45,27.7
3609,三一東林,978333,23.8,23.8,23.05,23.05
3611,鼎翰,1879592,182.5,183.5,182.5,183.0
3615,安可,32759897,37.5,39.4,37.5,37.9
3623,富晶通,4228560,28.0,28.85,27.95,28.3
3624,光頡,6844362228,132.5,144.5,132.0,140.0
3625,西勝,636545,11.35,11.5,11.35,11.5
3628,盈正,3651445,75.0,75.0,73.4,74.3
3629,地心引力,5471,,,,
3630,新鉅科,20479126,27.05,27.5,26.65,27.0
3631,晟楠,3941391,40.0,40.8,40.0,40.15
3632,研勤,140004,7.2,7.2,7.2,7.2
3646,艾恩特,154079,24.8,24.85,24.65,24.75
3663,鑫科,20868960,60.2,62.6,60.2,61.5
3664,安瑞-KY,869090,8.88,8.88,8.85,8.86
3666,光耀,227907,25.3,25.3,25.2,25.2
3672,康聯訊,2154160,12.0,12.7,12.0,12.6
3675,德微,1180989459,332.0,335.0,320.5,335.0
3680,家登,766998516,531.0,546.0,528.0,542.0
3684,榮昌,124414,53.3,53.3,53.2,53.2
3685,元創精密,9107470,35.3,35.3,34.0,35.2
3687,歐買尬,2915348,60.6,60.9,60.1,60.3
3689,湧德,44675191,109.0,110.5,109.0,110.5
3691,碩禾,673937588,126.5,130.5,118.5,121.0
3693,營邦,1431179834,732.0,748.0,713.0,729.0
3707,漢磊,2436777788,69.3,74.4,68.9,72.8
3709,鑫聯大投控,6441395,63.3,63.5,62.9,63.1
3710,連展投控,1232562,7.73,7.83,7.6,7.82
3713,新晶投控,41892,13.85,14.0,13.85,14.0
3718,中光電投控,72177002,64.3,65.1,64.0,65.1
4102,永日,961223,18.4,18.65,18.4,18.5
4105,東洋,15917798,78.3,78.4,78.2,78.3
4107,邦特,3746840,110.5,110.5,110.0,110.0
4109,加捷生醫,1875086,10.95,11.25,10.9,11.05
4111,濟生,130634,28.8,28.8,28.7,28.7
4113,聯上,11586335,15.6,15.75,15.3,15.55
4114,健喬,12398908,29.75,29.75,29.4,29.4
4116,明基醫,402384,39.35,39.35,39.3,39.3
4120,友華,95680,46.0,46.0,46.0,46.0
4121,優盛,160251,12.85,12.85,12.75,12.8
4123,晟德,36481303,31.2,31.45,30.75,30.95
4126,太醫,1007640,77.8,78.0,77.7,77.8
4127,天良,25202868,49.6,50.0,48.0,48.7
4128,中天,10065431,14.95,14.95,14.65,14.85
4129,聯合,4566520,82.2,82.8,82.1,82.3
4131,浩泰,708374,32.0,32.0,30.3,32.0
4138,曜亞,3412319,55.8,56.9,55.8,56.3
4139,馬光-KY,1527001,41.95,41.95,40.8,41.55
4147,中裕,102953134,64.6,65.5,62.1,62.1
4153,鈺緯,623399,31.55,31.6,31.15,31.6
4154,樂威科-KY,165712,11.85,11.85,11.8,11.85
4157,太景*-KY,3476986,8.99,8.99,8.8,8.85
4160,訊聯基因,818440,39.65,39.75,39.25,39.45
4161,聿新科,244650,22.2,22.25,22.2,22.25
4162,智擎,7237687,55.7,55.8,55.4,55.5
4163,鐿鈦,1927447,136.0,136.0,133.0,134.0
4166,友霖,1590550,24.2,24.2,23.85,24.0
4167,松瑞藥,11756010,19.7,19.7,19.3,19.4
4168,醣聯,2249261,21.3,22.15,21.3,21.95
4171,瑞基,181150,16.5,16.5,16.2,16.25
4173,久裕,501783,17.1,17.2,17.0,17.1
4174,浩鼎,109795991,33.0,34.15,32.05,32.45
4175,杏一,226898,51.5,51.5,51.0,51.0
4183,福永生技,186200,13.3,13.3,13.3,13.3
4188,安克,6744071,14.75,14.8,14.15,14.2
4192,杏國,35,,,,
4198,欣大健康,415421,51.1,52.5,48.6,49.8
4205,中華食,1080098,68.9,68.9,68.5,68.5
4207,環泰,2122198,19.45,19.65,19.4,19.55
4303,信立,41046008,34.25,34.45,33.65,34.05
4304,勝昱,1442894,18.0,18.5,17.25,18.0
4305,世坤,588408,42.1,42.1,41.95,41.95
4401,東隆興,1280366,13.9,13.9,13.65,13.65
4402,郡都開發,220694,13.5,14.15,13.5,14.1
4406,新昕纖,112200,10.15,10.25,10.15,10.25
4413,飛寶企業,1037129,21.35,21.4,20.8,21.15
4416,三圓,18165498,14.0,14.1,13.4,13.7
4417,金洲,1246809,49.55,49.95,49.45,49.8
4419,皇家美食,544579,47.75,47.75,46.2,47.0
4420,光明,1008194,36.0,36.0,35.55,35.8
4430,耀億,321048,17.45,17.45,17.3,17.3
4432,銘旺實,308215,15.55,15.55,15.3,15.5
4433,興采,498625,18.3,18.35,18.0,18.3
4442,竣邦-KY,550167,53.9,54.2,53.6,54.0
4502,健信,140800,15.55,15.7,15.55,15.7
4503,金雨,3651412,24.1,24.8,24.0,24.1
4506,崇友,8537724,119.0,119.5,118.0,118.5
4510,高鋒,16704570,43.8,43.95,43.0,43.1
4513,福裕,1725743,16.45,16.7,16.3,16.45
4523,永彰,330900,23.55,23.6,23.4,23.6
4527,方土霖,286626,41.0,41.0,40.75,40.85
4528,江興鍛,218352,14.9,15.0,14.9,14.95
4529,淳紳,26410,3.28,3.3,3.28,3.3
4530,天意能創,27045,24.1,24.1,24.1,24.1
4533,協易機,14722116,25.0,25.15,24.55,25.15
4534,慶騰,15063944,31.6,32.4,30.45,31.6
4535,至興,333037,26.65,26.8,26.65,26.8
4538,大詠城,226300,17.35,17.5,17.3,17.5
4541,晟田,21383364,59.2,59.3,58.7,59.3
4542,科嶠,875474982,323.5,357.0,320.5,328.0
4543,萬在,896304,28.5,28.5,28.1,28.45
4549,桓達,4445152,96.8,98.4,96.0,97.1
4550,長佳,49355,24.15,24.15,24.0,24.0
4554,橙的,185139,28.25,28.35,28.05,28.25
4556,旭然,140914983,95.4,96.9,90.6,92.1
4558,寶緯,399850,17.3,17.5,17.1,17.1
4561,健椿,3058390,42.0,42.3,41.15,42.3
4563,百德,14761603,48.75,51.5,48.75,51.2
4568,科際精密,119900,40.45,40.45,39.2,39.2
4577,達航科技,11020649,84.2,84.7,83.7,83.8
4580,捷流閥業,10156720,80.8,81.6,80.8,80.8
4584,君帆,213773,36.35,37.05,36.35,37.0
4609,唐鋒,0,,,,
4702,中美實,527792,9.63,9.63,9.23,9.34
4706,大恭,141209,33.6,34.0,33.6,34.0
4707,磐亞,105162145,29.2,31.0,29.1,30.0
4711,永純,368050,16.3,16.35,16.3,16.35
4714,永捷,8945732,12.05,12.05,11.85,11.9
4716,大立,8955334,17.05,17.05,16.8,17.05
4721,美琪瑪,52376250,75.3,77.6,75.3,77.4
4726,永昕,2761770,22.4,22.45,22.15,22.35
4728,雙美,17096871,399.0,399.0,391.5,395.0
4729,熒茂,650313,18.75,18.85,18.7,18.8
4735,豪展,618342,36.0,36.0,35.8,35.8
4741,泓瀚,1436001,37.55,38.2,37.45,37.8
4743,合一,27959795,45.0,45.05,44.3,44.75
4744,皇將,1387497,27.95,28.05,27.5,28.05
4745,合富-KY,72748,11.8,11.95,11.8,11.95
4747,強生*,888829,23.75,23.8,23.5,23.8
4749,新應材,330894711,725.0,728.0,717.0,728.0
4754,國碳科,514999,37.45,37.8,37.35,37.8
4760,勤凱,78998131,265.0,271.0,265.0,268.5
4767,誠泰科技,196911,27.8,27.8,27.45,27.8
4768,晶呈科技,200942327,325.0,328.0,315.0,325.0
4772,台特化,93103567,246.5,249.0,245.5,248.5
4903,聯光通,231301426,41.95,43.9,41.85,43.0
4905,台聯電,1236091,77.2,78.2,75.6,77.6
4907,富宇,1298617,44.7,45.75,44.7,45.25
4908,前鼎,551164884,209.0,213.0,205.0,210.0
4909,新復興,3298156,34.5,34.5,34.3,34.35
4911,德英,76439,28.9,28.9,28.85,28.85
4923,力士,202157493,66.7,67.4,63.3,64.0
4924,欣厚-KY,8963647,16.45,17.4,16.1,16.1
4931,新盛力,314268503,239.5,241.5,235.5,241.5
4933,友輝,1691938,53.3,53.4,52.7,53.3
4939,亞電,311228545,74.7,75.9,71.3,73.7
4946,辣椒,2686818,98.5,99.5,97.2,98.0
4950,金耘國際,16860,15.75,15.75,15.75,15.75
4951,精拓科,63254652,92.8,93.0,88.2,88.2
4953,緯致,15578455,117.0,117.5,116.5,117.5
4966,譜瑞-KY,257041467,565.0,575.0,561.0,572.0
4971,IET-KY,388084582,551.0,554.0,536.0,552.0
4972,湯石照明,190914,16.2,16.35,16.2,16.35
4973,廣穎,66116883,134.0,135.0,132.5,134.0
4974,亞泰,3706352,70.3,70.7,70.3,70.5
4979,華星光,5044643440,581.0,590.0,559.0,563.0
4991,環宇-KY,1427417421,447.5,464.0,436.0,463.5
4995,晶達,369973,49.7,49.8,49.65,49.8
5009,榮剛,22827213,32.1,32.1,31.8,32.0
5011,久陽,2585872,18.25,18.3,18.15,18.3
5013,強新,1994977,32.3,32.5,31.8,32.05
5014,建錩,502614,9.88,9.98,9.88,9.91
5015,華祺,214676,21.5,21.5,21.35,21.5
5016,松和,75385,24.8,24.8,24.65,24.65
5201,凱衛,708156,29.9,29.9,28.8,29.3
5202,力新,20079320,14.4,15.4,14.4,14.6
5205,中茂,101906,16.6,17.3,16.5,17.3
5206,坤悅,1388288,22.8,22.9,22.75,22.85
5209,新鼎,13034419,167.0,168.0,166.5,166.5
5210,寶碩,4556729,29.8,30.35,29.8,29.95
5211,蒙恬,148271,20.5,20.5,20.1,20.1
5212,凌網,388756,48.0,48.0,48.0,48.0
5213,亞昕,2854171,20.9,20.95,20.65,20.8
5220,萬達光電,820122,20.15,20.15,19.9,20.0
5223,安力-KY,136094,22.8,22.8,22.65,22.65
5227,立凱-KY,5560254,30.2,30.55,30.0,30.1
5228,鈺鎧,3489374,39.9,40.0,39.25,39.75
5230,雷笛克光學,51873359,22.4,23.5,22.0,23.3
5245,智晶,3245486,20.85,21.35,20.55,21.0
5251,天鉞電,7631370,30.5,31.9,30.5,30.55
5263,智崴,12612335,90.1,91.0,89.2,90.1
5272,笙科,517304,17.15,17.2,17.05,17.2
5274,信驊,3896284495,20485.0,20505.0,19705.0,19835.0
5276,達輝-KY,36900,18.45,18.45,18.45,18.45
5278,尚凡*,1414087,24.35,24.4,23.5,23.5
5287,數字,4629878,136.5,137.5,136.5,137.0
5289,宜鼎,1258004485,1300.0,1310.0,1270.0,1305.0
5291,邑昇,20396594,57.3,57.8,56.7,57.3
5299,杰力,32905185,99.8,102.5,99.5,101.5
5301,寶得利,423128,4.86,4.99,4.7,4.96
5302,太欣,460841,9.73,9.85,9.73,9.8
5309,系統電,96745007,51.5,54.3,51.3,53.8
5310,天剛,8246083,25.6,27.95,25.6,27.95
5312,寶島科,656210,89.7,90.5,89.7,90.5
5314,世紀*,210860276,26.1,26.85,25.45,26.4
5315,光聯,1264141,18.9,19.0,18.85,18.85
5321,美而快,11658011,72.9,72.9,69.6,69.7
5324,士開,412094,12.5,12.5,12.4,12.45
5328,華容,131102668,52.2,53.3,51.8,52.5
5340,建榮,61957402,81.0,82.0,81.0,81.3
5344,立衛,1449274,13.75,14.0,13.3,13.6
5345,馥鴻,19,,,,
5347,世界,1943519384,172.5,173.5,168.0,170.5
5348,正能量智能,97133,15.8,16.45,15.65,16.25
5351,鈺創,749494874,107.5,109.0,105.0,108.0
5353,台林,486627,28.25,28.25,28.1,28.15
5355,佳總,328057,6.71,6.8,6.7,6.8
5356,協益,1067177,25.85,25.85,25.7,25.85
5364,力麗店,141294,8.26,8.33,8.26,8.33
5381,光譜,5696570,23.6,23.6,23.2,23.25
5386,青雲,136772843,282.0,286.0,277.0,285.0
5392,能率,19296928,39.7,39.75,39.25,39.35
5398,慕康生醫,113224,13.95,13.95,13.9,13.9
5403,中菲,1322808,93.2,93.2,93.0,93.0
5410,國眾,3394907,32.65,33.05,32.6,33.0
5425,台半,961257142,95.3,96.8,94.2,94.5
5426,振發,6276443,28.0,28.1,27.8,27.9
5432,新門,63037167,163.5,169.0,163.0,167.5
5438,東友,612348,17.0,17.1,16.9,17.1
5439,高技,194503351,253.5,256.0,250.5,253.0
5443,均豪,95798711,105.5,107.5,104.5,107.0
5450,南良,809015,14.55,14.9,14.55,14.85
5452,佶優,6109603,27.9,27.9,27.5,27.5
5455,昇益,30579,30.55,30.55,30.55,30.55
5457,宣德,10017436,24.3,24.35,23.75,23.85
5460,同協,808016,16.9,16.9,16.65,16.85
5464,霖宏,33772855,91.8,92.3,88.5,88.9
5465,富驊,68991923,31.55,34.2,31.05,34.2
5468,凱鈺,2332287,24.5,24.6,24.4,24.55
5474,聰泰,20389566,163.0,163.0,160.0,161.0
5475,德宏,509801407,175.5,183.0,175.0,181.0
5478,智冠,2507622,96.9,97.4,96.9,97.0
5481,新華,3066572,22.15,22.3,21.9,21.9
5483,中美晶,3472335519,184.0,188.5,181.5,188.5
5487,通泰,2324609,28.9,29.3,28.4,28.85
5488,松普,1145662,11.95,11.95,11.75,11.85
5489,彩富,4793678,42.5,44.8,42.2,44.0
5490,同亨,3657215,25.4,25.55,25.3,25.45
5493,三聯,33520740,92.6,93.9,91.5,92.8
5498,凱崴,32657208,50.2,50.5,49.6,50.1
5508,永信建,10436693,53.4,53.4,52.8,53.2
5511,德昌,8111708,69.5,70.1,69.3,70.1
5512,力麒,1306688,7.69,7.72,7.66,7.71
5514,三豐,44742,14.9,14.9,14.9,14.9
5516,雙喜,13087,12.35,12.35,12.35,12.35
5520,力泰,104592,83.2,83.2,83.2,83.2
5523,豐謙,91758,30.3,30.35,30.3,30.35
5529,鉅陞,1642990,26.05,26.3,26.0,26.25
5530,龍巖,3792241,49.15,49.15,48.75,48.85
5536,聖暉*,669466877,890.0,905.0,881.0,902.0
5543,桓鼎-KY,56667,28.0,28.0,27.0,27.0
5547,久舜,392712,20.05,20.05,19.9,19.9
5548,安倉,350962,20.35,20.35,20.2,20.2
5601,台聯櫃,149860,29.0,29.0,29.0,29.0
5603,陸海,507300,13.45,13.55,13.45,13.55
5604,中連,332880,31.25,31.25,31.0,31.2
5609,中菲行,2824004,78.6,78.7,78.5,78.6
5701,劍湖山,837596,4.01,4.15,4.0,4.15
5703,亞都,0,,,,
5704,老爺知,162632,22.9,22.9,22.6,22.6
5864,致和證,71450909,36.6,36.8,36.4,36.8
5878,台名,84741,38.1,38.1,38.1,38.1
5902,德記,2769278,34.65,34.65,33.8,34.25
5903,全家,8385553,185.0,187.0,185.0,187.0
5904,寶雅*,537864322,70.8,70.8,69.3,69.3
5905,南仁湖,1694577,7.26,7.26,7.23,7.26
6015,宏遠證,34830177,17.8,17.85,17.55,17.6
6016,康和證,73760162,23.65,23.85,23.55,23.6
6020,大展證,225437,20.6,20.6,20.35,20.5
6021,美好證,7657415,42.3,42.35,41.4,41.8
6023,元大期,102229273,87.6,87.9,86.0,86.4
6026,福邦證,10313122,15.95,16.0,15.8,15.85
6028,公勝保經,2958291,99.8,99.8,97.9,99.2
6101,寬魚國際,2334067,38.35,38.4,37.7,37.95
6103,合邦,2375713,40.9,40.9,40.9,40.9
6104,創惟,29325261,90.4,90.4,89.5,90.0
6109,亞元,376210,10.55,10.55,10.4,10.45
6111,光聚晶電,6574609,36.05,37.05,36.0,37.05
6113,亞矽,471915,22.4,22.4,22.2,22.2
6114,久威,279716,23.35,23.35,23.2,23.3
6118,建達,20246992,16.5,16.5,15.75,16.0
6121,新普,63325910,376.5,378.0,373.5,376.0
6122,擎邦,154660873,54.2,58.5,53.6,58.2
6123,上奇,1480976,42.8,43.55,42.8,42.85
6124,業強,477836,27.1,27.45,26.95,27.45
6125,廣運,14339680,48.6,48.6,48.15,48.6
6126,信音,8190398,30.6,31.0,30.55,30.7
6127,九豪,63788134,47.55,48.9,47.4,47.8
6129,普誠,4390690,14.8,15.0,14.65,14.75
6130,上亞科技,1441415,23.5,24.1,23.4,23.4
6134,萬旭,2522097,28.9,29.3,28.8,29.2
6138,茂達,68911128,274.5,279.0,273.5,279.0
6140,訊達,12291959,20.8,22.5,20.8,21.2
6143,振曜,11356969,81.3,82.2,80.8,81.5
6144,得利影,69850,12.35,12.6,12.35,12.55
6146,耕興,32065950,180.0,181.0,178.5,181.0
6147,頎邦,3260518044,214.5,215.0,210.5,213.5
6148,驊宏資,272927430,38.6,41.05,38.6,39.2
6150,撼訊,4274360,60.9,61.4,60.9,60.9
6151,晉倫,2714351,34.5,35.0,34.45,35.0
6154,順發,616180,14.0,14.3,14.0,14.2
6156,松上,4156262,20.8,21.0,20.65,21.0
6158,禾昌,465975,17.2,17.35,17.1,17.35
6160,欣技,881346,14.15,14.15,13.8,13.9
6161,捷波,2211131,49.05,49.65,49.0,49.15
6163,華電網,31359649,41.3,42.0,40.7,41.4
6167,久正,2382943,10.2,10.45,10.2,10.35
6169,昱泉,86779,12.1,12.3,12.1,12.1
6170,統振,5186510,47.75,48.4,47.75,48.4
6171,大城地產,924123,26.2,26.45,26.15,26.4
6173,信昌電,3573694743,303.0,314.0,300.5,306.5
6174,安碁,23752993,44.25,45.55,43.7,44.95
6175,立敦,22971745,69.5,70.3,69.2,69.7
6179,亞通,217176980,35.1,36.65,35.1,36.6
6180,橘子,5467917,40.6,41.05,40.55,40.6
6182,合晶,11183737442,116.0,123.0,114.5,120.5
6185,幃翔,1546948,12.6,12.65,12.35,12.45
6186,新潤,17006000,29.2,29.25,28.85,29.0
6187,萬潤,1310513155,1210.0,1210.0,1180.0,1195.0
6188,廣明,19709780,61.9,62.4,61.5,62.0
6190,萬泰科,70976394,68.5,69.4,68.5,68.6
6194,育富,1829930,30.5,30.55,30.45,30.55
6195,詩肯,400676,28.05,28.15,28.0,28.1
6198,瑞築,58218,19.4,19.4,19.4,19.4
6199,天品,718956153,122.0,125.0,118.5,124.0
6203,海韻電,1354761,59.9,59.9,59.6,59.6
6204,艾華,56881022,98.0,107.5,97.8,107.5
6207,雷科,1481565342,115.5,125.0,115.5,125.0
6208,日揚,4304973,74.4,74.9,74.2,74.3
6210,慶生,377819,18.0,18.0,17.7,17.8
6212,理銘,52608,32.1,32.1,32.1,32.1
6217,中探針,245149212,167.5,171.0,165.5,170.0
6218,豪勉,121143067,61.5,63.7,61.5,63.6
6219,富旺,265010,12.05,12.15,12.0,12.05
6220,岳豐,1225852,25.5,25.5,25.05,25.25
6221,晉泰,27078824,31.9,32.8,31.9,32.2
6222,立軒,111817,18.6,18.8,18.4,18.4
6223,旺矽,3191617405,5555.0,5625.0,5370.0,5415.0
6227,茂綸,121522281,132.5,139.0,132.5,135.5
6228,全譜,373849,18.7,18.7,18.7,18.7
6229,研通,1622944,23.75,23.75,23.4,23.7
6231,系微,146442322,229.0,237.5,223.0,235.0
6233,旺玖,1681401,21.95,21.95,21.3,21.35
6234,高僑,24566142,38.9,38.9,37.6,37.85
6236,中湛,17850,17.85,17.85,17.85,17.85
6237,驊訊,91895979,38.95,38.95,36.2,37.0
6240,松崗,1711912,24.55,26.7,24.55,26.2
6241,鑫永洋,1335528,15.0,15.55,15.0,15.45
6242,立康,188304,34.0,34.1,34.0,34.1
6244,茂迪,91635950,24.2,24.6,23.5,23.55
6245,立端,41834506,85.4,85.9,84.3,85.7
6246,臺龍,96194,12.55,12.95,12.55,12.8
6248,沛波,598442,16.7,16.85,16.7,16.8
6259,百徽,1451729,28.95,29.35,28.95,29.15
6261,久元,30469570,78.3,78.7,77.0,78.3
6263,普萊德,6978907,157.0,157.5,155.0,157.0
6264,富裔,245644,6.03,6.03,5.98,6.01
6265,方土昶,46495074,47.1,48.5,46.8,48.45
6266,泰詠,1777550,24.85,24.95,24.8,24.9
6270,倍微,4976952,29.2,29.9,29.2,29.7
6274,台燿,15763900560,1485.0,1530.0,1475.0,1495.0
6275,元山,3498866,45.8,46.0,45.65,45.9
6276,安鈦克,544851,19.55,19.7,18.8,19.65
6279,胡連,24133629,111.0,112.5,111.0,112.5
6284,佳邦,28982109,74.9,75.2,74.0,74.3
6290,良維,552236114,270.0,280.5,270.0,274.0
6291,沛亨,394283048,486.5,497.0,478.5,484.0
6292,迅德,11267073,65.7,67.2,65.0,67.0
6294,智基,308933,28.5,29.4,28.5,28.5
6411,晶焱,5188156,78.0,78.2,77.8,78.1
6417,韋僑,13069201,102.5,102.5,100.0,102.0
6418,詠昇,729108,34.5,34.85,34.5,34.55
6419,京晨科,4960533,149.5,149.5,148.5,149.0
6423,億而得,2615140,86.9,87.0,86.0,86.8
6425,易發,43044948,72.5,72.5,70.8,71.1
6432,今展科,19127833,60.6,60.6,59.5,60.4
6435,大中,80318049,249.0,253.5,246.5,253.5
6441,廣錠,7570975,24.05,25.75,24.05,24.9
6461,益得,893380,24.0,24.0,23.4,23.8
6462,神盾,21158859,99.8,99.8,98.5,99.7
6465,威潤,3158902,41.7,42.0,41.5,41.65
6469,大樹,17839827,64.8,64.9,64.1,64.2
6470,宇智,478296,42.4,43.0,42.35,43.0
6474,華豫寧,857473,35.45,35.55,35.3,35.55
6482,弘煜科,1203550,23.5,23.65,22.9,23.35
6485,點序,33852198,68.8,71.3,67.0,70.1
6486,互動,2869782,81.0,81.1,80.5,80.6
6488,環球晶,9118699870,944.0,960.0,930.0,948.0
6492,生華科,4231108,34.4,34.4,33.8,34.2
6494,九齊,3283779,51.4,51.9,50.2,51.3
6496,科懋,491012,24.0,24.05,23.1,23.5
6498,久禾光,4619055,66.6,67.2,66.4,66.8
6499,益安,10002716,73.8,73.8,72.6,73.1
6506,雙邦,2412683,18.2,18.9,18.2,18.6
6508,惠光,1089665,27.45,27.8,27.35,27.35
6509,聚和,23158410,47.05,47.65,46.8,47.55
6510,精測,3544515110,3460.0,3460.0,3280.0,3310.0
6512,啟發電,163182,20.2,20.25,20.15,20.25
6516,勤崴國際,2054684,57.4,57.5,56.4,57.0
6517,保勝光學,5118877,63.4,63.4,62.8,63.1
6523,達爾膚,2479678,89.6,89.6,89.5,89.6
6527,明達醫,1794901,73.5,75.0,73.5,75.0
6530,創威,173211120,99.4,100.5,98.8,100.0
6532,瑞耘,52114484,97.9,100.5,97.9,98.5
6535,順藥,18704146,81.1,81.5,78.6,80.5
6538,倉和,1001154180,403.0,409.5,389.0,398.0
6542,隆中,206066,41.0,41.0,41.0,41.0
6546,正基,12206685,57.5,59.0,57.5,58.8
6547,高端疫苗,151950842,60.9,61.2,59.5,59.8
6548,長科*,98104891,72.2,72.2,70.6,71.3
6556,勝品,249375,61.5,61.6,61.5,61.6
6560,欣普羅,556110,33.2,33.2,32.55,32.65
6561,是方,25193828,309.0,310.0,307.5,308.0
6568,宏觀,13211525,140.5,143.0,138.5,143.0
6569,醫揚,2166535,92.0,92.3,91.6,92.3
6570,維田,1405433,46.55,46.8,46.5,46.65
6574,霈方,2180372,120.0,120.5,118.5,118.5
6576,逸達,2934716,80.2,80.5,80.1,80.2
6577,勁豐,989063,79.5,80.0,79.5,79.8
6578,達邦蛋白,3005566,16.7,16.7,16.25,16.65
6584,南俊國際,129141712,543.0,549.0,536.0,544.0
6588,東典光電,67417839,112.5,113.5,111.0,112.0
6590,普鴻,1245378,67.0,67.1,66.2,66.9
6593,台灣銘板,559041,32.4,32.45,32.0,32.05
6596,寬宏藝術,3052391,96.8,96.9,96.7,96.8
6597,立誠,294785,65.6,68.7,65.6,68.7
6603,富強鑫,29824573,27.6,27.8,27.2,27.3
6609,瀧澤科,1319408,40.25,40.25,39.6,39.8
6612,奈米醫材,2720166,69.5,72.3,69.5,71.9
6613,朋億*,38640366,268.0,271.5,267.0,270.5
6615,慧智,8895,,,,
6616,特昇-KY,139493,8.09,8.17,7.91,8.17
6617,共信-KY,77827329,139.0,141.0,136.5,137.0
6620,漢達,336858458,129.0,129.0,120.0,124.0
6624,萬年清,39488,39.25,39.25,39.25,39.25
6629,泰金-KY,1536950,105.0,105.0,103.0,103.0
6637,醫影,949979,53.5,54.5,53.5,54.4
6640,均華,334770205,1025.0,1030.0,1000.0,1010.0
6642,富致,3847042,78.5,78.9,77.9,78.4
6643,M31,1636423522,471.0,524.0,471.0,515.0
6649,台生材,3291047,35.6,37.8,35.0,37.8
6651,全宇昕,47386402,154.0,155.5,146.0,149.5
6654,天正國際,4150789,202.0,202.0,192.0,192.0
6661,威健生技,80000,16.0,16.0,16.0,16.0
6662,樂斯科,0,,,,
6664,群翊,109965881,343.0,360.0,342.5,358.5
6667,信紘科,66400751,260.0,264.0,256.5,261.5
6679,鈺太,39069998,203.5,204.0,200.5,202.5
6680,鑫創電子,217500,52.3,52.9,52.3,52.8
6683,雍智科技,1207402270,1555.0,1585.0,1495.0,1520.0
6684,安格,3126686,48.95,49.3,48.05,48.85
6690,安碁資訊,19695937,180.0,181.0,177.5,179.0
6692,進能服,1159800,22.6,22.8,22.45,22.65
6693,廣閎科,1555314964,201.5,212.5,194.0,209.5
6697,東捷資訊,546353,41.5,41.5,41.0,41.2
6703,軒郁,1036746,100.0,100.5,100.0,100.5
6708,天擎,14656128,39.4,42.8,39.4,42.8
6712,長聖,32902039,162.0,162.5,159.0,159.5
6716,應廣,32457666,117.0,117.0,114.5,115.0
6720,久昌,735092,127.5,129.0,127.0,127.0
6721,信實,157349,50.0,50.1,50.0,50.1
6725,矽科宏晟,6523194,216.0,216.0,213.5,214.0
6727,亞泰金屬,773269945,468.0,509.0,464.5,505.0
6728,上洋,1415578,108.5,108.5,108.5,108.5
6730,常廣,391277,32.3,32.3,31.7,32.1
6732,昇佳電子,4276956,148.0,149.0,148.0,149.0
6733,博晟生醫,1152579,25.1,25.15,24.95,24.95
6735,美達科技,2283944,63.5,63.9,63.0,63.8
6739,竹陞科技,175673945,1060.0,1130.0,1050.0,1110.0
6741,91APP*-KY,9011800,56.2,56.3,55.1,55.2
6751,智聯服務,358251,44.0,44.0,43.85,43.9
6752,叡揚,730175,96.0,96.8,95.8,96.4
6761,穩得,15675448,161.5,163.5,161.5,162.0
6762,達亞,559637,160.0,160.0,158.0,159.0
6763,綠界科技*,3664609,41.65,41.7,41.3,41.4
6767,台微醫,24500,24.5,24.5,24.5,24.5
6785,昱展新藥,4425050,100.0,100.0,97.0,98.8
6788,華景電,23982994,334.5,340.5,334.5,339.0
6791,虎門科技,520516,99.0,99.2,99.0,99.1
6803,崑鼎,6684563,266.0,267.0,266.0,266.0
6804,明係,856150,18.25,18.25,18.1,18.25
6811,宏碁資訊,70207742,249.0,250.5,242.5,244.5
6821,聯寶,1280127,40.5,40.95,40.3,40.6
6823,濾能,2611582,60.3,60.9,60.0,60.1
6829,千附精密,83114676,210.5,211.0,205.0,209.5
6840,東研信超,27129343,104.0,104.5,103.0,103.0
6841,長佳智能,7357632,53.4,53.8,53.2,53.7
6843,進典,232500,38.5,39.3,38.5,38.6
6844,諾貝兒,538976,56.9,57.3,56.9,57.3
6846,綠茵,70048,59.1,59.1,59.1,59.1
6855,數泓科,1895,,,,
6856,鑫傳,499150,41.1,42.3,40.85,42.3
6859,伯特光,4328447,120.0,121.5,119.5,121.0
6865,偉康科技,1016684,28.2,28.2,27.3,28.05
6870,騰雲,92889044,336.5,340.0,318.0,336.5
6872,浩宇生醫,4595071,22.8,23.2,22.0,22.35
6874,倍力,1120700,69.3,70.7,69.3,69.9
6875,國邑*,3998054,31.9,32.2,31.8,31.85
6877,鏵友益,2789053,123.0,126.0,122.5,122.5
6881,潤德,315077,214.0,214.0,214.0,214.0
6884,海柏特,162433,32.5,32.5,32.1,32.2
6894,衛司特,17331425,371.5,371.5,365.0,367.0
6895,宏碩系統,4785466,147.0,147.0,140.0,145.0
6899,創為精密,252280,49.9,49.9,49.3,49.4
6903,巨漢,50978677,308.0,311.0,302.5,309.0
6904,伯鑫,11292,,,,
6907,雅特力-KY,73550568,183.0,185.0,181.5,182.0
6910,德鴻,522183,25.5,26.2,25.5,26.0
6913,鴻呈,12275607,128.0,128.5,127.0,127.5
6922,宸曜,56492955,204.5,213.5,204.5,212.0
6925,意藍,97384069,62.6,68.2,62.6,68.2
6929,佑全,0,,,,
6945,圓祥生技,30786335,135.5,138.0,134.5,138.0
6953,家碩,1066770,235.5,236.0,235.5,236.0
6961,旅天下,715185,47.3,47.3,47.1,47.1
6967,汎瑋材料,4639185,66.4,66.4,65.5,65.7
6968,萬達寵物,767334,41.8,41.9,41.35,41.55
6971,惠民實業,214450,23.8,23.95,23.7,23.95
6982,大井泵浦,614721,44.0,44.0,43.1,43.5
6983,華洋精機,7061489,350.0,350.0,341.5,348.5
6986,和迅,1954667,45.9,45.9,44.0,44.3
6996,力領科技,1909197,169.5,171.0,169.5,171.0
6997,博弘,1483944,66.7,69.0,66.7,66.8
700019,宏捷科統一5C購01,0,,,,
700020,佳邦統一5C購01,0,,,,
700021,長佳智統一5C購02,0,,,,
700022,華星光統一5C購01,82870,3.23,3.88,3.23,3.88
700023,新應材統一5B購02,600,0.03,0.03,0.03,0.03
700024,新應材統一64購02,0,,,,
700025,雙鴻統一5B購01,260120,1.6,1.74,1.6,1.74
700028,雙鴻中信59購01,41960,2.69,3.21,2.69,3.15
700043,新應材永豐59購01,0,,,,
700047,宏捷科凱基59購01,0,,,,
700065,系統電統一5A購01,0,,,,
700074,驊訊元富5A購01,0,,,,
700079,華義永豐5A購01,0,,,,
700086,博智群益5A購01,0,,,,
700103,中光電元大5A購01,0,,,,
700113,雙鴻元大5A購01,103920,3.49,4.2,3.49,4.2
700126,威剛國票61購01,0,,,,
700155,中光電元大5A購02,0,,,,
700173,雙鴻元大5A購02,391500,6.15,7.55,6.15,7.55
700176,中光電群益5A購01,0,,,,
700186,中光電統一6A購01,1400,0.07,0.07,0.07,0.07
700188,中美晶統一5A購02,101500,1.45,1.45,1.45,1.45
700189,協易機統一5A購01,0,,,,
700190,昇達科統一65購01,28700,4.1,4.1,4.1,4.1
700191,朋程統一5A購01,0,,,,
700192,朋程統一6A購01,159310,0.34,0.35,0.34,0.35
700193,東洋統一61購01,0,,,,
700194,長聖統一61購01,0,,,,
700195,家登統一5A購01,134610,1.17,1.24,1.15,1.23
700196,振曜統一5A購01,0,,,,
700197,晶宏統一5A購01,152000,0.76,0.76,0.76,0.76
700198,智冠統一5C購01,1100,0.11,0.11,0.11,0.11
700199,華景電統一61購01,0,,,,
700201,萬潤統一6A購01,30600,3.06,3.06,3.06,3.06
700202,鈺太統一5A購01,0,,,,
700203,聰泰統一5A購01,0,,,,
700204,雙鴻統一5A購01,190500,2.54,2.54,2.54,2.54
700205,雙鴻統一61購01,241310,1.24,1.38,1.22,1.38
700206,雙鴻統一61購02,654940,1.02,1.2,0.99,1.13
700207,雙鴻統一6A購01,360110,1.37,1.49,1.37,1.45
700208,騰雲統一6A購01,0,,,,
700231,旺矽元大5A購01,0,,,,
700257,大世科統一6A購01,0,,,,
700258,大綜統一6A購01,175320,0.65,0.67,0.63,0.64
700259,光焱統一5A購02,0,,,,
700260,同致統一5A購01,0,,,,
700261,宜鼎統一6A購01,0,,,,
700262,尚凡*統一6A購01,0,,,,
700263,旺矽統一6A購01,89710,3.43,3.46,3.36,3.46
700264,長聖統一6A購01,2700,0.27,0.27,0.27,0.27
700267,建榮統一6A購01,0,,,,
700269,昱展統一6A購01,0,,,,
700270,創惟統一5A購01,0,,,,
700271,新鉅科統一6A購01,0,,,,
700273,優群統一6A購01,0,,,,
700274,鴻呈統一5A購01,0,,,,
700275,雙鴻統一6A購02,127550,1.44,1.61,1.44,1.61
700276,鏵友益統一6A購01,0,,,,
700277,鑫聯統一5A購01,0,,,,
700279,良維國票5C購01,0,,,,
700300,雙鴻中信5A購01,0,,,,
700330,旺矽凱基5A購01,0,,,,
700342,大世科統一6A購02,0,,,,
700343,中光電統一6A購02,0,,,,
700344,尼克森統一5A購01,1590,0.53,0.53,0.53,0.53
700345,立碁統一6A購01,5260,0.66,0.66,0.65,0.66
700346,良維統一6A購01,0,,,,
700347,尚凡*統一5A購01,0,,,,
700348,昱展統一6A購02,0,,,,
700350,茂達統一61購01,0,,,,
700351,竑騰統一5A購01,0,,,,
700352,新鉅科統一5A購01,0,,,,
700353,新鉅科統一6A購02,1800,0.18,0.18,0.18,0.18
700354,聖暉*統一6A購01,0,,,,
700355,撼訊統一6A購01,0,,,,
700356,擎亞統一6A購01,0,,,,
700357,聰泰統一6A購01,14000,0.28,0.28,0.28,0.28
700358,寶島科統一64購01,0,,,,
700359,鏵友益統一5A購01,0,,,,
700360,鑫聯統一5A購02,0,,,,
700385,中光電元富5A購01,0,,,,
700410,中光電統一5C購01,0,,,,
700412,旺矽統一6A購02,0,,,,
700413,金山電統一5C購01,0,,,,
700414,長聖統一6A購02,44240,0.56,0.56,0.56,0.56
700415,建榮統一6A購02,0,,,,
700416,高技統一5A購01,5390,0.01,0.01,0.01,0.01
700417,聰泰統一6A購02,10950,0.36,0.39,0.36,0.39
700451,臺慶科國票5A購01,0,,,,
700580,宜鼎兆豐5A購01,0,,,,
700594,原相元大5A購01,0,,,,
700638,原相元大5A購02,0,,,,
700670,中光電統一6A購03,0,,,,
700671,正德統一5A購01,0,,,,
700672,旺矽統一5A購01,0,,,,
700673,信昌電統一6A購01,0,,,,
700674,信昌電統一6A購02,0,,,,
700675,高技統一5A購02,0,,,,
700676,高技統一6A購01,2300,0.19,0.21,0.19,0.19
700677,高技統一6A購02,0,,,,
700678,智通*統一6A購01,0,,,,
700679,智擎統一6A購01,0,,,,
700681,鈊象統一6A購01,204820,0.32,0.36,0.32,0.34
700682,萬潤統一6A購02,0,,,,
700683,雍智統一6A購01,0,,,,
700684,雍智統一6A購02,15750,5.45,5.45,5.15,5.15
700685,臺慶科統一5A購01,0,,,,
700686,臺慶科統一6A購01,0,,,,
700687,緯軟統一6A購01,0,,,,
700688,營邦統一6A購01,77750,3.05,3.15,3.05,3.15
700689,聯合統一61購01,0,,,,
700706,中光電統一5A購01,0,,,,
700708,信立統一6A購01,17920,0.28,0.28,0.28,0.28
700709,神盾統一5C購02,0,,,,
700710,智通*統一6A購02,0,,,,
700711,華星光統一6A購01,16500,3.3,3.3,3.3,3.3
700712,聖暉*統一6A購02,68820,0.37,0.38,0.37,0.38
700717,宜鼎元大5A購01,0,,,,
700742,聖暉*永豐5A購01,0,,,,
700746,雙鴻中信5A購02,27420,0.86,1.1,0.86,1.1
700754,台半統一5C購02,0,,,,
700755,宜鼎統一6A購02,0,,,,
700756,威剛統一5C購03,0,,,,
700757,竑騰統一5C購01,0,,,,
700758,穩得統一5C購01,0,,,,
700786,威剛永豐5A購01,0,,,,
700810,山富統一5C購01,0,,,,
700811,光頡統一5C購01,0,,,,
700812,信昌電統一5C購01,0,,,,
700827,信立永豐5A購01,0,,,,
700828,威剛永豐64購01,0,,,,
700830,中美晶元大5A購01,2190,1.08,1.11,1.08,1.11
700843,世界統一5C購01,27100,0.7,0.7,0.67,0.67
700844,立敦統一5C購01,0,,,,
700845,臺慶科統一5C購01,0,,,,
700850,臺慶科國票5C購01,188830,1.29,1.29,1.23,1.26
700857,良維元大5A購01,0,,,,
700875,良維元大5A購02,0,,,,
700898,力旺統一5A購01,1140,0.33,0.33,0.24,0.24
700899,力旺統一6A購01,799390,1.0,1.1,0.94,0.98
700900,台半統一5C購03,17940,0.46,0.46,0.46,0.46
700901,尼克森統一5C購01,1110,0.37,0.37,0.37,0.37
700902,光頡統一5A購01,0,,,,
700904,波若威統一6A購01,246600,3.3,3.4,3.3,3.4
700920,波若威永豐5A購01,0,,,,
700929,蜜望實國票5A購01,0,,,,
700938,中美晶兆豐5A購01,1811790,2.79,2.88,2.79,2.79
700955,撼訊元大5A購01,0,,,,
700983,威剛兆豐5A購01,0,,,,
701010,雙鴻元富5A購01,57000,2.85,2.85,2.85,2.85
701037,威剛永豐5C購01,0,,,,
701064,元債20群益61購01,0,,,,
701095,擎亞元大5A購01,0,,,,
701097,營邦元大5A購01,23800,2.38,2.38,2.38,2.38
701130,元債20元大5B購01,0,,,,
701131,元債20元大61購01,100,0.01,0.01,0.01,0.01
701153,雙鴻群益5A購01,0,,,,
701200,雙鴻元大5A購03,37980,0.65,1.21,0.65,1.18
701211,威剛凱基5B購01,0,,,,
701227,雙鴻元大5A購04,40730,1.0,1.24,1.0,1.24
701253,穩懋國票5B購01,0,,,,
701273,撼訊凱基5B購01,0,,,,
701279,雙鴻國票5B購01,281510,1.3,1.8,1.3,1.62
701287,威剛元大5B購01,0,,,,
701288,訊聯元大5B購01,0,,,,
701294,新應材元大5B購01,600,0.06,0.06,0.06,0.06
701311,雙鴻群益5B購01,47750,1.3,1.5,1.3,1.5
701374,台燿元大5B購01,0,,,,
701379,威剛元大5B購02,0,,,,
701381,新應材元大5B購02,0,,,,
701388,中光電凱基5A購01,0,,,,
701400,台燿元大5B購02,0,,,,
701403,神盾元大5B購01,0,,,,
701422,中光電兆豐5B購01,0,,,,
701430,台燿統一5B購01,0,,,,
701431,台燿統一5B購02,9600,9.6,9.6,9.6,9.6
701432,正基統一5C購01,0,,,,
701434,良維統一6B購01,8100,0.81,0.81,0.81,0.81
701437,威剛統一5B購01,0,,,,
701438,威剛統一6B購01,245190,2.1,2.12,2.08,2.1
701440,華星光統一5B購04,0,,,,
701441,華星光統一61購04,0,,,,
701442,雙鴻統一6B購01,342100,0.69,0.76,0.69,0.74
701460,神盾凱基5B購01,0,,,,
701471,台燿統一65購01,46200,4.62,4.62,4.62,4.62
701472,雙鴻統一61購03,66820,0.85,1.05,0.85,1.05
701473,穩懋統一5B購01,0,,,,
701474,穩懋統一6B購01,0,,,,
701479,威剛元大5A購02,0,,,,
701484,擎亞元大5B購01,0,,,,
701500,雙鴻中信5B購01,5600,0.7,0.7,0.7,0.7
701511,新應材凱基5B購01,0,,,,
701524,雙鴻群益5A購02,0,,,,
701571,擎亞元大5B購02,0,,,,
701592,竹陞統一6B購01,459180,0.92,1.01,0.92,1.01
701593,竹陞統一6B購02,186860,0.84,0.91,0.83,0.9
701594,海韻電統一61購01,0,,,,
701614,信立元大5B購01,0,,,,
701615,威剛元大5B購03,0,,,,
701623,元太統一5B購01,100,0.02,0.02,0.02,0.02
701624,竹陞統一5C購03,0,,,,
701625,竹陞統一6B購03,0,,,,
701626,東捷統一5C購01,7720,3.84,3.88,3.84,3.88
701650,台燿元大5B購03,0,,,,
701658,信昌電統一5C購02,0,,,,
701667,雙鴻群益5B購02,14000,1.4,1.4,1.4,1.4
701680,宜鼎兆豐5B購01,0,,,,
701692,台燿統一6B購01,7620,3.83,3.83,3.79,3.79
701693,系統電統一5C購01,0,,,,
701694,系統電統一6B購01,169660,0.34,0.34,0.34,0.34
701695,系統電統一6B購02,44080,0.38,0.38,0.38,0.38
701696,宜鼎統一5A購01,0,,,,
701697,宜鼎統一5C購04,0,,,,
701698,宜鼎統一6B購01,0,,,,
701699,訊聯統一6B購01,0,,,,
701720,系統電永豐5A購01,0,,,,
701762,信昌電國票5B購01,0,,,,
701788,訊聯永豐5B購01,0,,,,
701804,巨有統一6B購01,55200,1.2,1.2,1.17,1.17
701805,濱川統一65購01,0,,,,
701806,濱川統一6B購01,33220,0.52,0.52,0.48,0.51
701807,濱川統一6B購02,101000,0.4,0.44,0.4,0.42
701808,濱川統一6B購03,257480,0.51,0.55,0.51,0.52
701822,訊聯元大5B購02,0,,,,
701828,威剛兆豐5B購01,0,,,,
701853,巨有統一6B購02,32960,1.79,1.79,1.55,1.62
701854,弘塑中信5B購01,0,,,,
701855,威剛中信5B購01,0,,,,
701908,信立凱基5B購01,0,,,,
701919,信驊元富5B購01,0,,,,
702018,台燿凱基5B購02,0,,,,
702028,昇達科中信5A購01,0,,,,
702125,旺矽元大5B購01,0,,,,
702133,良維凱基5B購01,0,,,,
702161,精測中信5A購01,0,,,,
702170,昇達科元富5C購01,0,,,,
702194,博智凱基5A購01,0,,,,
702216,穩懋中信5A購01,0,,,,
702222,立碁元大5A購01,0,,,,
702223,訊聯元大5A購01,0,,,,
702228,穩懋元大5C購01,0,,,,
702252,弘塑中信5C購01,0,,,,
702281,精測元大5C購01,22170,1.9,1.91,1.81,1.82
702283,穩懋元大5B購01,0,,,,
702284,穩懋元大5C購02,0,,,,
702287,威剛凱基5B購02,0,,,,
702300,順達元大5B購01,0,,,,
702304,穩懋元大5B購02,0,,,,
702311,雙鴻中信5C購01,0,,,,
702312,穩懋中信5A購02,0,,,,
702331,昇達科群益5C購01,0,,,,
702352,華電網國票5C購01,0,,,,
702363,順達元大5A購01,0,,,,
702364,順達元大5B購02,85440,0.89,0.89,0.89,0.89
702373,光焱永豐5C購01,5200,0.65,0.65,0.65,0.65
702375,訊聯永豐5C購01,0,,,,
702386,訊聯凱基5C購01,0,,,,
702413,順達元大5A購02,0,,,,
702415,雍智元大5C購01,0,,,,
702441,高技元富5C購01,350,0.07,0.07,0.07,0.07
702451,新應材富邦5C購01,0,,,,
702459,擎亞元大5A購02,0,,,,
702467,順達凱基5B購01,52600,2.64,2.64,2.62,2.62
702490,台燿富邦5C購01,0,,,,
702526,昇達科國票5A購01,0,,,,
702553,穩懋元大5A購01,0,,,,
702560,昇達科中信5C購01,133630,4.77,4.9,4.74,4.77
702576,富喬凱基5A購01,0,,,,
702578,新應材凱基5B購02,0,,,,
702592,富喬國票5C購01,22720,2.84,2.84,2.84,2.84
702593,富喬國票62購01,138980,3.0,3.0,2.84,2.88
702605,系統電元大5C購01,0,,,,
702611,高技元大5C購01,0,,,,
702627,富喬富邦5C購01,0,,,,
702639,IET中信5C購01,20500,6.8,6.85,6.8,6.85
702641,富喬中信5C購01,0,,,,
702642,穩懋中信5C購01,0,,,,
702667,系統電元大5B購01,500,0.02,0.02,0.02,0.02
702695,穩懋凱基5A購01,0,,,,
702712,良維中信5B購01,0,,,,
702719,系統電元大5C購02,0,,,,
702752,台特化統一6C購01,4800,0.24,0.24,0.24,0.24
702753,精測統一66購01,0,,,,
702775,訊聯永豐5C購02,0,,,,
702776,新應材永豐5C購01,22000,0.44,0.44,0.44,0.44
702786,威剛中信5C購01,0,,,,
702808,高技元大5A購01,0,,,,
702811,聖暉*元大5A購01,0,,,,
702828,勤凱統一5C購01,0,,,,
702829,勤凱統一6C購01,940,0.94,0.94,0.94,0.94
702830,擎亞統一6C購01,0,,,,
702831,宜鼎元富5C購01,0,,,,
702833,高技元富5C購02,3400,0.11,0.12,0.11,0.11
702878,櫃200群益5B購01,0,,,,
702884,家登元大5C購01,1950,1.95,1.95,1.95,1.95
702885,高技元大5A購02,0,,,,
702886,高技元大5B購01,30000,0.15,0.15,0.15,0.15
702919,高技元大5B購02,0,,,,
702951,新應材永豐5C購02,1260,0.11,0.12,0.11,0.12
702953,力旺中信5C購01,594590,2.8,2.8,2.31,2.32
702966,元債20凱基5C購01,0,,,,
702969,宜鼎凱基5C購01,0,,,,
702980,訊聯統一6C購01,0,,,,
702987,穩懋元大5C購03,0,,,,
702990,華景電元富5C購01,0,,,,
702993,宜鼎中信5A購02,0,,,,
703002,新應材永豐5C購03,0,,,,
703004,鑫科永豐5C購01,0,,,,
703011,宜特國票5A購01,0,,,,
703030,金益鼎凱基5A購01,0,,,,
703036,元太群益5B購01,0,,,,
703043,高技中信5C購01,0,,,,
703045,雙鴻中信5C購02,1182150,2.5,3.14,2.5,3.05
703048,順達永豐5A購01,3600,0.18,0.18,0.18,0.18
703049,順達永豐5C購01,0,,,,
703051,穩得永豐5A購01,0,,,,
703062,元太凱基5B購01,0,,,,
703075,台特化元大5A購01,0,,,,
703093,順達中信5B購01,0,,,,
703102,穩懋永豐5C購01,0,,,,
703113,雙鴻凱基5A購01,58400,2.92,2.92,2.92,2.92
703125,台特化元大5A購02,0,,,,
703132,聖暉*元大5C購01,960970,1.1,1.17,1.09,1.17
703135,金山電統一5C購02,0,,,,
703136,博智統一5C購01,22800,1.12,1.16,1.12,1.16
703137,璟德統一5C購01,4480,0.07,0.07,0.07,0.07
703144,穩懋中信5C購02,0,,,,
703149,中光電群益5A購02,0,,,,
703171,宜鼎元大5C購03,0,,,,
703210,威剛群益5A購01,4760,4.76,4.76,4.76,4.76
703229,台特化凱基5A購01,0,,,,
703260,雙鴻中信5C購03,3200,1.6,1.6,1.6,1.6
703266,雙鴻永豐59購01,4870,4.87,4.87,4.87,4.87
703271,湧德統一5C購02,0,,,,
703295,信驊群益5B購02,0,,,,
703296,威剛群益5B購01,2080,2.08,2.08,2.08,2.08
703308,家登元大5B購01,0,,,,
703315,欣銓元富5A購01,0,,,,
703320,鈊象中信61購01,1740,0.09,0.12,0.09,0.12
703324,金益鼎永豐5A購01,0,,,,
703330,廣明永豐5A購01,0,,,,
703339,台燿富邦61購01,0,,,,
703340,信驊富邦5A購01,0,,,,
703341,新應材富邦61購01,700,0.07,0.07,0.07,0.07
703353,富喬凱基5A購02,2100,0.21,0.21,0.21,0.21
703354,富喬凱基5B購01,0,,,,
703355,富喬凱基61購01,0,,,,
703371,富喬國票5B購01,51240,0.84,0.84,0.74,0.74
703372,富喬國票61購01,194500,2.01,2.04,1.97,2.01
703380,富喬群益5B購01,0,,,,
703386,富喬富邦5A購01,0,,,,
703389,富喬統一65購01,478270,0.52,0.52,0.5,0.5
703390,撼訊統一65購01,0,,,,
703395,信驊元富5A購01,0,,,,
703396,信驊元富5A購02,0,,,,
703399,順達元富61購01,0,,,,
703400,信驊中信61購01,0,,,,
703401,富喬中信61購01,0,,,,
703407,富喬永豐5A購01,0,,,,
703418,富喬元大5B購01,0,,,,
703419,富喬元大5C購01,0,,,,
703420,富喬元大61購02,0,,,,
703443,安碁元富61購01,811080,1.38,1.38,1.28,1.32
703459,鏵友益永豐5B購01,9300,0.93,0.93,0.93,0.93
703463,台特化統一62購01,0,,,,
703464,台特化統一63購01,0,,,,
703465,台特化統一71購01,0,,,,
703466,台燿統一5C購03,0,,,,
703467,台燿統一61購02,0,,,,
703468,宏捷科統一71購01,62800,0.4,0.4,0.4,0.4
703469,欣銓統一5A購01,0,,,,
703470,欣銓統一5C購01,48460,2.54,2.58,2.54,2.58
703471,欣銓統一61購01,223880,2.5,2.52,2.5,2.52
703472,欣銓統一65購01,0,,,,
703473,欣銓統一6C購01,0,,,,
703474,金益鼎統一65購01,8100,0.27,0.27,0.27,0.27
703475,茂迪統一65購01,0,,,,
703476,神盾統一61購01,0,,,,
703477,雙鴻統一61購04,39340,1.1,1.18,1.03,1.18
703478,穩得統一65購01,0,,,,
703479,穩懋統一5B購02,0,,,,
703480,穩懋統一5C購01,0,,,,
703481,穩懋統一5C購02,0,,,,
703482,穩懋統一5C購03,0,,,,
703483,穩懋統一6C購01,34750,2.88,3.0,2.88,3.0
703515,雍智兆豐61購01,0,,,,
703520,宜鼎富邦5A購01,0,,,,
703528,系統電元大5A購01,0,,,,
703535,欣銓元大5A購01,0,,,,
703581,臺慶科凱基5C購01,43500,1.45,1.47,1.43,1.47
703589,佶優元富5A購01,0,,,,
703604,欣銓國票61購01,0,,,,
703616,矽科統一6C購01,0,,,,
703617,金益鼎統一6C購01,0,,,,
703618,長科*統一64購01,1110,1.11,1.11,1.11,1.11
703619,家登統一6C購01,268100,0.82,0.85,0.82,0.83
703620,捷創統一61購01,0,,,,
703632,穩懋凱基5C購01,0,,,,
703639,台特化國票5A購01,0,,,,
703643,新應材國票5A購01,0,,,,
703648,宜鼎元大5A購02,0,,,,
703651,家登元大5C購02,0,,,,
703652,湧德元大61購01,115920,0.36,0.36,0.36,0.36
703654,勤凱元大61購01,0,,,,
703660,聖暉*元大5C購02,376380,0.89,0.92,0.89,0.92
703661,雍智元大61購01,0,,,,
703665,家登凱基5C購01,0,,,,
703682,家登元大5C購03,0,,,,
703684,聖暉*元大5A購02,0,,,,
703713,訊聯凱基5B購01,0,,,,
703725,宜鼎元大5B購01,0,,,,
703728,順達元大5A購03,0,,,,
703729,聖暉*元大5A購03,0,,,,
703740,精材群益5A購01,0,,,,
703745,加百裕永豐5A購01,0,,,,
703771,系統電凱基5C購01,0,,,,
703773,新復興凱基5A購01,0,,,,
703785,世界國票61購01,118300,2.95,2.95,2.72,2.76
703813,聖暉*元大5A購04,0,,,,
703823,弘塑永豐5A購01,0,,,,
703829,世界富邦5A購01,2520,0.84,0.84,0.84,0.84
703837,系統電元大5B購02,0,,,,
703838,順達元大5A購04,0,,,,
703839,聖暉*元大5B購01,0,,,,
703842,世界凱基61購01,67090,4.98,4.98,4.75,4.75
703860,世界統一61購01,930,0.93,0.93,0.93,0.93
703861,世界統一71購01,0,,,,
703862,巨漢統一61購01,0,,,,
703863,弘塑統一61購01,0,,,,
703864,光頡統一61購01,31260,3.07,3.24,3.07,3.13
703865,光頡統一71購01,46600,2.2,2.22,2.2,2.22
703866,均豪統一61購02,0,,,,
703867,金山電統一64購01,0,,,,
703868,捷創統一61購02,258800,0.1,0.1,0.1,0.1
703869,捷創統一71購01,356150,0.31,0.31,0.29,0.29
703870,富強鑫統一61購01,0,,,,
703871,富強鑫統一71購01,0,,,,
703872,富強鑫統一71購02,0,,,,
703873,崴寶統一71購01,247040,1.19,1.24,1.19,1.24
703874,鉅橡統一61購01,48000,0.24,0.24,0.24,0.24
703875,鉅橡統一61購02,0,,,,
703876,鉅橡統一61購03,0,,,,
703877,鉅橡統一71購01,0,,,,
703878,精材統一71購01,30730,2.52,2.66,2.51,2.66
703879,臺慶科統一71購01,16900,0.84,0.85,0.84,0.85
703880,穩懋統一61購02,0,,,,
703881,穩懋統一61購03,0,,,,
703882,穩懋統一71購01,7020,2.34,2.34,2.34,2.34
703886,精材群益5C購01,0,,,,
703887,耀勝群益5A購01,0,,,,
703895,穩懋國票5A購02,0,,,,
703902,中美晶永豐5A購01,0,,,,
703906,鉅橡永豐5A購01,0,,,,
703914,聖暉*凱基61購01,239390,1.23,1.35,1.22,1.35
703917,耀勝凱基5A購01,0,,,,
703923,創惟國票61購01,4200,0.14,0.14,0.14,0.14
703942,聖暉*元大5B購02,54210,1.61,1.76,1.61,1.76
703950,雙鴻群益5A購03,0,,,,
703954,世界永豐5A購01,5150,1.03,1.03,1.03,1.03
703960,雙鴻永豐5A購01,0,,,,
703961,久元統一61購01,0,,,,
703962,中美晶統一61購01,2500,1.25,1.25,1.25,1.25
703963,中探針統一71購01,65200,3.26,3.26,3.26,3.26
703964,世禾統一65購01,0,,,,
703965,世界統一5B購01,12700,1.27,1.27,1.27,1.27
703966,台半統一71購01,304810,1.33,1.37,1.32,1.32
703967,台半統一71購02,63600,0.98,0.98,0.97,0.97
703968,台星科統一71購01,201450,0.9,0.93,0.9,0.93
703969,弘塑統一61購02,423320,0.88,0.94,0.88,0.91
703970,弘塑統一61購03,261760,1.11,1.16,1.11,1.16
703971,光頡統一61購02,343550,2.8,3.8,2.75,2.95
703972,合晶統一5C購03,0,,,,
703973,均華統一5C購03,0,,,,
703974,長科*統一64購02,0,,,,
703975,佶優統一71購01,0,,,,
703976,信昌電統一61購01,0,,,,
703977,捷創統一71購02,0,,,,
703978,富強鑫統一61購02,2600,0.13,0.13,0.13,0.13
703979,順達統一5C購05,0,,,,
703980,順達統一61購01,0,,,,
703981,萬潤統一61購01,0,,,,
703982,鉅橡統一64購01,0,,,,
703983,精材統一61購01,0,,,,
703984,廣明統一61購01,0,,,,
703985,穩懋統一63購01,0,,,,
703989,穩懋元富5A購01,0,,,,
703991,元債20凱基71購01,590,0.59,0.59,0.59,0.59
704009,中探針統一61購01,0,,,,
704010,中探針統一61購02,0,,,,
704011,元太統一61購01,900,0.09,0.09,0.09,0.09
704012,世禾統一71購01,0,,,,
704013,台半統一61購01,0,,,,
704014,台星科統一61購01,0,,,,
704015,台燿統一71購01,0,,,,
704016,巨漢統一61購02,0,,,,
704017,巨漢統一71購01,103360,0.76,0.76,0.76,0.76
704018,光頡統一61購03,2900,2.9,2.9,2.9,2.9
704019,均華統一61購01,3720,0.62,0.62,0.62,0.62
704020,宏捷科統一61購02,0,,,,
704021,矽科統一61購01,0,,,,
704022,金山電統一61購01,5010,1.67,1.67,1.67,1.67
704023,金益鼎統一61購01,0,,,,
704024,佶優統一61購01,0,,,,
704025,創惟統一61購01,3200,0.17,0.17,0.15,0.15
704026,精材統一61購02,0,,,,
704027,穩懋統一61購04,163000,3.26,3.26,3.26,3.26
704028,穩懋統一65購01,7950,2.65,2.65,2.65,2.65
704029,穩懋統一71購02,0,,,,
704030,耀勝統一71購01,0,,,,
704038,湧德元大5A購01,0,,,,
704041,聖暉*元大5C購03,197020,0.8,0.82,0.8,0.82
704046,台星科群益5A購01,0,,,,
704051,信驊群益61購01,0,,,,
704053,聖暉*群益5A購01,0,,,,
704058,信驊元富5A購03,0,,,,
704080,世禾富邦5C購01,0,,,,
704082,群翊富邦5A購01,4620,0.21,0.21,0.21,0.21
704084,中探針統一67購01,0,,,,
704085,世界統一61購02,0,,,,
704086,世界統一64購01,146830,0.73,0.83,0.73,0.83
704087,世紀*統一71購01,61370,0.98,1.12,0.98,0.98
704088,世紀*統一71購02,0,,,,
704089,台半統一61購02,382700,0.99,1.05,0.98,1.05
704090,台半統一71購03,0,,,,
704091,巨漢統一71購02,436570,0.62,0.63,0.61,0.63
704092,光頡統一64購01,9840,1.96,2.0,1.92,1.92
704093,系統電統一71購01,12990,0.27,0.28,0.27,0.28
704094,佳邦統一71購01,1350,0.27,0.27,0.27,0.27
704095,矽科統一71購01,0,,,,
704096,金山電統一71購01,305160,1.08,1.13,1.08,1.09
704097,金益鼎統一71購01,179640,0.36,0.36,0.36,0.36
704099,信昌電統一64購01,0,,,,
704100,信昌電統一71購01,73750,2.95,2.95,2.95,2.95
704101,家登統一61購02,49130,0.4,0.44,0.4,0.43
704102,能率亞統一61購01,0,,,,
704103,博智統一61購01,0,,,,
704104,湧德統一61購01,0,,,,
704105,精材統一5B購01,0,,,,
704106,精材統一64購01,0,,,,
704107,璟德統一65購01,0,,,,
704108,璟德統一71購01,101480,0.29,0.29,0.27,0.27
704109,穩懋統一61購05,243000,2.7,2.7,2.7,2.7
704110,鑫科統一71購01,0,,,,
704115,金益鼎國票61購01,23000,0.2,0.2,0.2,0.2
704127,佳邦群益5A購01,0,,,,
704134,鑫科群益5A購01,0,,,,
704135,世禾元大5A購01,0,,,,
704141,訊聯元大61購01,0,,,,
704146,穩懋元大5B購03,5980,2.99,2.99,2.99,2.99
704151,系統電凱基5A購01,0,,,,
704170,世界元大5A購01,0,,,,
704176,勤凱元大5A購01,0,,,,
704180,鑫科元大5B購01,0,,,,
704189,旺矽元富5A購02,0,,,,
704191,家登元富5C購01,0,,,,
704202,鑫科永豐61購01,0,,,,
704203,中美晶統一71購01,1437900,1.0,1.07,1.0,1.07
704204,元太統一61購02,0,,,,
704205,世紀*統一61購01,742400,0.66,0.98,0.6,0.72
704206,世紀*統一71購03,241750,0.65,0.78,0.62,0.78
704207,合晶統一71購01,168340,3.49,3.53,3.4,3.4
704208,沛亨統一61購01,0,,,,
704209,沛亨統一61購02,0,,,,
704210,宜鼎統一61購02,0,,,,
704211,宜鼎統一63購01,46750,1.79,1.89,1.79,1.89
704212,旺矽統一61購02,0,,,,
704213,旺矽統一63購02,0,,,,
704214,旺矽統一71購01,0,,,,
704215,松瑞藥統一61購01,0,,,,
704216,松瑞藥統一71購01,0,,,,
704217,信昌電統一61購03,32400,8.1,8.1,8.1,8.1
704218,信昌電統一71購02,20760,3.45,3.47,3.45,3.47
704219,家登統一61購03,14290,0.69,0.69,0.67,0.67
704220,家登統一71購01,16990,0.81,0.81,0.8,0.8
704221,高鋒統一61購01,0,,,,
704222,高鋒統一71購01,0,,,,
704223,湧德統一61購02,0,,,,
704224,新復興統一71購01,1400,0.14,0.14,0.14,0.14
704225,廣運統一71購01,0,,,,
704237,世界元大5A購02,0,,,,
704244,富喬元大5A購01,0,,,,
704256,富喬永豐5B購01,333380,0.96,0.96,0.84,0.84
704257,富喬永豐5C購01,589270,1.05,1.05,0.96,0.96
704258,富喬永豐64購01,508090,1.75,1.75,1.64,1.65
704259,華容永豐5A購01,0,,,,
704260,聖暉*永豐61購01,34430,1.37,1.38,1.37,1.38
704262,宜鼎兆豐61購01,0,,,,
704275,宜鼎富邦5C購01,0,,,,
704277,鈊象富邦5A購01,56250,0.05,0.05,0.05,0.05
704280,世界統一71購02,3250,0.65,0.65,0.65,0.65
704281,台星科統一61購02,83500,0.47,0.5,0.46,0.5
704282,宜鼎統一71購01,21400,2.14,2.14,2.14,2.14
704283,東捷統一71購01,0,,,,
704284,佶優統一71購02,0,,,,
704285,高鋒統一64購01,0,,,,
704286,高鋒統一67購01,0,,,,
704287,富喬統一61購01,1160,0.28,0.3,0.28,0.3
704288,富喬統一61購02,54400,0.58,0.58,0.55,0.55
704289,富喬統一61購03,0,,,,
704290,富喬統一61購04,89210,0.45,0.45,0.41,0.41
704291,富喬統一64購01,0,,,,
704292,富喬統一65購02,0,,,,
704293,富喬統一6C購01,5600,0.56,0.56,0.56,0.56
704294,富喬統一71購01,13000,0.65,0.65,0.65,0.65
704295,富喬統一71購02,0,,,,
704296,湧德統一71購01,0,,,,
704297,新復興統一71購02,600,0.2,0.2,0.2,0.2
704298,聖暉*統一67購01,587360,0.57,0.59,0.57,0.58
704315,系統電元大5B購03,0,,,,
704320,鈊象元大5A購01,0,,,,
704321,勤凱元大61購02,14830,1.11,1.15,1.11,1.15
704322,聖暉*元大61購01,258250,2.59,2.73,2.58,2.73
704325,精測元大5B購01,0,,,,
704343,世界富邦5C購01,69160,0.52,0.52,0.52,0.52
704347,世界統一5C購02,0,,,,
704348,合晶統一61購01,0,,,,
704349,東捷統一71購02,0,,,,
704350,佶優統一71購03,0,,,,
704351,精測統一61購01,190530,0.54,0.75,0.52,0.53
704352,精測統一61購02,61580,0.62,0.62,0.56,0.56
704353,精測統一71購01,1018360,1.34,1.34,1.24,1.24
704358,竹陞永豐5A購01,25200,2.52,2.52,2.52,2.52
704361,華容永豐5C購01,0,,,,
704365,精測永豐5A購01,48820,0.68,0.68,0.52,0.52
704368,點序永豐61購01,0,,,,
704370,世界國票5B購01,311860,0.76,0.76,0.66,0.66
704373,精測國票5A購01,10290,0.29,0.29,0.25,0.25
704374,精測國票5A購02,0,,,,
704380,宜鼎凱基5B購01,0,,,,
704381,鈊象凱基5A購01,14400,0.24,0.24,0.24,0.24
704382,精測凱基5B購01,0,,,,
704388,中探針元大5B購01,0,,,,
704391,世界元大5B購01,0,,,,
704394,系統電元大61購01,3250,0.1,0.13,0.1,0.13
704396,順達元大5A購05,0,,,,
704400,宜鼎富邦61購01,0,,,,
704401,信昌電富邦5C購01,11000,11.0,11.0,11.0,11.0
704403,高鋒統一61購02,0,,,,
704404,精測統一5C購01,123080,0.51,0.51,0.5,0.5
704409,精測永豐5A購02,2550,0.27,0.27,0.24,0.24
704419,力旺元大5A購01,0,,,,
704421,中美晶元大5C購01,5670,1.89,1.89,1.89,1.89
704424,湧德元大61購02,0,,,,
704426,精材元大5B購01,46750,9.35,9.35,9.35,9.35
704427,精材元大61購02,0,,,,
704481,中探針元大61購01,0,,,,
704482,元太元大61購01,0,,,,
704491,湧德元大5B購01,0,,,,
704492,鈊象元大5B購01,336580,0.53,0.62,0.53,0.58
704494,精材元大5A購01,0,,,,
704495,精材元大5B購02,17800,8.9,8.9,8.9,8.9
704496,精材元大61購03,0,,,,
704506,系統電永豐5C購01,4100,0.05,0.05,0.05,0.05
704507,亞電永豐5B購01,50700,1.73,1.73,1.61,1.61
704532,大中統一5C購01,1800,1.8,1.8,1.8,1.8
704533,大中統一71購01,283160,1.44,1.47,1.44,1.47
704534,台半統一5C購04,10700,1.07,1.07,1.07,1.07
704535,台燿統一66購01,0,,,,
704536,尼克森統一5B購01,343220,0.63,0.98,0.63,0.8
704537,巨漢統一5C購01,0,,,,
704538,合晶統一61購02,401910,4.4,4.92,4.4,4.92
704539,竹陞統一64購01,0,,,,
704540,宏捷科統一61購03,0,,,,
704541,系統電統一64購01,0,,,,
704542,宜鼎統一5B購01,0,,,,
704543,宜鼎統一66購01,0,,,,
704544,宜鼎統一71購02,25740,1.24,1.24,1.22,1.22
704545,東捷統一64購01,0,,,,
704546,長科*統一71購01,26800,0.67,0.67,0.67,0.67
704547,佶優統一61購02,0,,,,
704548,昱展統一61購01,0,,,,
704549,茂迪統一5B購01,13000,0.26,0.26,0.26,0.26
704550,能率亞統一61購02,0,,,,
704551,能率亞統一71購01,0,,,,
704552,順達統一63購01,0,,,,
704553,雍智統一71購01,5500,5.5,5.5,5.5,5.5
704556,力旺凱基5A購01,0,,,,
704560,系統電凱基5B購01,0,,,,
704567,萬泰科永豐5B購01,22800,2.3,2.3,2.26,2.26
704578,元太元大61購02,0,,,,
704579,合晶元大5A購01,0,,,,
704584,精材元大5A購02,372900,11.3,11.3,11.3,11.3
704590,能率亞統一63購01,0,,,,
704591,能率亞統一71購02,0,,,,
704592,能率統一71購01,0,,,,
704605,系統電凱基5B購02,26400,0.13,0.13,0.12,0.12
704607,原相凱基5A購01,0,,,,
704620,博智群益5B購01,17160,2.86,2.86,2.86,2.86
704628,中光電統一61購01,0,,,,
704629,智通*統一61購01,0,,,,
704638,廣運永豐61購01,0,,,,
704650,聖暉*凱基5B購01,210000,2.94,3.01,2.94,3.01
704665,鈊象元大5C購01,729900,0.46,0.6,0.46,0.6
704668,穩得元大5B購01,0,,,,
704685,穩懋永豐5A購02,0,,,,
704686,世界兆豐5A購01,7650,0.05,0.05,0.05,0.05
704687,M31凱基5A購01,500,0.1,0.1,0.1,0.1
704702,竹陞元大5A購01,340,0.02,0.02,0.02,0.02
704707,家登元大5A購01,0,,,,
704712,精材元大61購04,0,,,,
704715,M31永豐5A購01,0,,,,
704719,世界永豐5B購01,0,,,,
704721,台燿永豐5A購02,0,,,,
704725,家登永豐5B購01,43980,1.9,2.01,1.88,2.01
704728,精材永豐5A購01,29700,9.9,9.9,9.9,9.9
704730,廣明永豐5A購02,0,,,,
704731,點序永豐5A購01,0,,,,
704733,鑫聯永豐5A購01,0,,,,
704736,印能凱基5A購01,0,,,,
704745,宜特國票5B購01,0,,,,
704750,系統電兆豐5A購01,0,,,,
704751,穩懋兆豐5A購01,0,,,,
704760,宜鼎元大5A購03,0,,,,
704766,精材元大61購05,0,,,,
704767,印能永豐5A購01,0,,,,
704771,東浦永豐5A購01,0,,,,
704773,大樹群益62購01,0,,,,
704775,博智群益62購01,0,,,,
704778,榮剛群益5A購01,0,,,,
704781,點序群益62購01,28950,0.15,0.16,0.15,0.16
704786,信驊凱基5A購02,0,,,,
704789,雍智凱基5A購01,0,,,,
704793,擎亞永豐5A購02,0,,,,
704794,擎亞永豐5B購01,0,,,,
704807,宜鼎元大5A購04,0,,,,
704831,信驊國票5C購01,0,,,,
704839,擎亞國票5A購01,0,,,,
704841,台半富邦5B購01,0,,,,
704842,台星科富邦5B購01,1509680,0.39,0.46,0.39,0.45
704843,合晶富邦5B購01,0,,,,
704844,宜特富邦5A購01,0,,,,
704845,信驊富邦5B購01,0,,,,
704846,智通*富邦5A購01,0,,,,
704847,智通*富邦5B購01,0,,,,
704848,順達富邦5A購01,0,,,,
704849,廣明富邦5B購01,0,,,,
704850,廣運富邦5B購01,0,,,,
704852,雙鴻富邦5A購01,0,,,,
704858,東捷凱基5A購01,0,,,,
704880,榮剛富邦5A購01,0,,,,
704881,譜瑞兆豐62購01,0,,,,
704893,青雲永豐5A購01,0,,,,
704895,世界統一62購01,661820,0.61,0.61,0.57,0.58
704896,台星科統一62購01,100040,0.72,0.73,0.72,0.73
704897,台燿統一62購01,52320,4.72,4.8,4.72,4.8
704898,光頡統一5C購02,0,,,,
704899,長科*統一61購01,0,,,,
704900,茂達統一62購01,0,,,,
704901,茂達統一62購02,0,,,,
704902,訊聯統一72購01,0,,,,
704903,智通*統一68購01,0,,,,
704904,新復興統一72購01,0,,,,
704905,穩懋統一72購01,10260,2.55,2.61,2.55,2.61
704906,穩懋統一72購02,0,,,,
704907,鑫聯統一62購01,0,,,,
704911,宜鼎凱基5A購02,0,,,,
704915,穩懋凱基5B購02,0,,,,
704925,系統電元大62購01,0,,,,
704929,勤凱元大5A購02,0,,,,
704937,茂迪富邦61購01,60800,0.2,0.2,0.17,0.17
704941,印能國票5A購01,0,,,,
704944,印能統一65購01,19180,1.74,1.74,1.53,1.72
704945,良維統一5C購01,0,,,,
704946,閎康統一72購01,560,0.56,0.56,0.56,0.56
704947,順達統一65購01,0,,,,
704948,雙鴻統一5C購01,802810,2.2,2.5,2.2,2.34
704949,雙鴻統一65購01,121550,1.5,1.65,1.5,1.65
704950,耀勝統一5C購03,100,0.01,0.01,0.01,0.01
704951,鑫科統一72購01,0,,,,
704952,鑫聯統一72購01,0,,,,
704953,鑫聯統一72購02,0,,,,
704954,系微兆豐62購01,806810,2.05,2.25,2.05,2.22
704957,雙鴻永豐5A購02,0,,,,
704958,中探針群益5C購01,0,,,,
704963,協易機群益5A購01,0,,,,
704966,訊聯群益5A購01,0,,,,
704968,精材群益5A購02,0,,,,
704983,雙鴻元富5A購02,67600,3.5,3.5,3.26,3.26
704984,雙鴻元富5A購03,54500,5.45,5.45,5.45,5.45
704997,雙鴻元大5B購01,320240,2.11,2.48,2.11,2.48
704998,雙鴻元大61購02,0,,,,
705002,世界富邦5C購02,783060,0.87,0.89,0.81,0.83
705003,世界統一72購01,60680,0.84,0.84,0.82,0.83
705004,宏觀統一62購01,0,,,,
705005,茂迪統一72購01,7800,0.39,0.39,0.39,0.39
705006,茂達統一61購02,0,,,,
705007,智通*統一62購01,0,,,,
705008,湧德統一61購03,0,,,,
705009,穩懋統一72購03,13350,2.67,2.67,2.67,2.67
705010,穩懋統一72購04,29380,2.26,2.26,2.26,2.26
705011,鑫聯統一61購01,0,,,,
705012,台燿永豐5C購01,0,,,,
705013,台燿永豐61購01,0,,,,
705014,宏捷科永豐5A購01,0,,,,
705023,雙鴻凱基5C購01,12850,4.23,4.36,4.23,4.36
705027,系統電群益5A購01,0,,,,
705028,宜特群益5A購01,0,,,,
705029,金山電群益5A購01,0,,,,
705031,訊聯群益5A購02,0,,,,
705034,精材群益5A購03,0,,,,
705038,宏觀國票5C購01,0,,,,
705063,穩懋元大61購02,5200,2.6,2.6,2.6,2.6
705072,新應材凱基5A購01,0,,,,
705081,閎康群益5A購01,0,,,,
705083,精測群益5A購01,0,,,,
705084,精測群益62購03,1129280,0.72,0.72,0.6,0.63
705087,世界富邦5C購03,0,,,,
705089,新應材富邦63購01,0,,,,
705090,精測富邦5A購01,0,,,,
705091,正淩統一62購01,0,,,,
705092,正淩統一65購01,0,,,,
705093,宏觀統一72購01,8500,0.34,0.34,0.34,0.34
705094,宜特統一62購01,52540,0.37,0.37,0.37,0.37
705095,新復興統一62購01,0,,,,
705096,精測統一62購01,99630,0.19,0.26,0.15,0.25
705097,精測統一64購02,0,,,,
705098,精測統一72購01,0,,,,
705099,雙鴻統一62購03,892270,1.07,1.36,1.07,1.29
705100,鑫科統一62購01,0,,,,
705101,世界中信5B購01,0,,,,
705103,弘塑元富5A購02,0,,,,
705108,精測元富5B購01,0,,,,
705109,精測元富5B購02,0,,,,
705110,精測元富5B購03,0,,,,
705111,系統電永豐61購01,0,,,,
705112,茂迪永豐5A購01,0,,,,
705114,新應材永豐61購01,0,,,,
705117,系統電凱基5A購02,0,,,,
705126,大中統一62購01,0,,,,
705127,宏觀統一72購02,8820,0.49,0.49,0.49,0.49
705128,良維統一72購01,2660,1.33,1.33,1.33,1.33
705129,宜特統一72購01,44320,0.62,0.64,0.62,0.64
705130,長科*統一72購01,9690,1.08,1.08,1.07,1.07
705131,茂迪統一61購01,0,,,,
705132,茂迪統一72購02,410,0.41,0.41,0.41,0.41
705133,博智統一62購01,0,,,,
705134,博智統一62購02,0,,,,
705135,穩懋統一72購05,0,,,,
705136,鏵友益統一72購01,9200,0.92,0.92,0.92,0.92
705137,台燿中信5A購01,0,,,,
705138,良維中信5C購01,67740,1.84,1.99,1.84,1.99
705142,新應材永豐5B購01,0,,,,
705143,正淩國票5B購01,0,,,,
705161,雙鴻元大61購03,0,,,,
705169,正淩凱基5B購01,0,,,,
705171,系統電凱基61購01,14500,0.29,0.29,0.29,0.29
705179,雙鴻凱基5C購02,282880,2.57,3.16,2.57,3.16
705186,閎康富邦5A購01,0,,,,
705188,元太統一62購01,13200,0.19,0.19,0.18,0.18
705190,弘塑統一72購01,39200,1.17,1.2,1.17,1.2
705191,正淩統一72購01,0,,,,
705192,沛亨統一72購01,0,,,,
705193,宜鼎統一72購01,73370,1.28,1.31,1.26,1.31
705194,崴寶統一64購01,38000,0.76,0.76,0.76,0.76
705195,崴寶統一72購01,70350,1.05,1.05,1.05,1.05
705196,雙鴻統一72購01,932920,1.37,1.56,1.37,1.54
705197,鑫聯統一65購01,0,,,,
705212,雙鴻元大5C購01,32370,1.99,2.22,1.99,2.22
705213,雙鴻元大61購04,0,,,,
705214,神盾永豐5B購01,0,,,,
705215,崴寶永豐5B購01,75200,1.08,1.08,1.07,1.07
705216,雙鴻永豐61購01,730260,2.58,3.08,2.55,2.88
705221,雙鴻元富5A購04,636650,8.55,9.35,8.55,8.65
705222,雙鴻元富5A購05,0,,,,
705223,雙鴻元富5A購06,266200,3.16,3.16,3.0,3.0
705224,穩懋元富5A購02,0,,,,
705225,穩懋元富5A購03,0,,,,
705235,力旺凱基5B購01,37450,5.6,10.1,5.6,10.1
705238,穩懋凱基61購01,66600,3.33,3.33,3.33,3.33
705243,萬潤永豐62購01,0,,,,
705246,力旺元富5A購01,0,,,,
705254,雙鴻富邦5A購02,0,,,,
705255,雙鴻富邦5A購03,222410,2.01,2.2,2.01,2.16
705257,力旺統一65購01,345840,1.47,1.47,1.36,1.39
705258,力旺統一72購01,480180,1.49,1.61,1.46,1.6
705259,凡甲統一72購01,1080,0.54,0.54,0.54,0.54
705260,凡甲統一72購02,24700,0.65,0.65,0.65,0.65
705261,元太統一62購02,200,0.2,0.2,0.2,0.2
705262,元太統一72購01,0,,,,
705263,弘塑統一72購02,0,,,,
705264,正淩統一72購02,0,,,,
705265,沛亨統一72購02,15500,1.55,1.55,1.55,1.55
705266,博智統一72購01,615480,1.35,1.38,1.3,1.31
705267,閎康統一72購02,29800,0.74,0.75,0.74,0.75
705268,雙鴻統一62購04,76050,1.06,1.28,1.06,1.23
705269,穩懋統一65購02,5840,1.92,1.96,1.92,1.96
705276,力旺群益5A購01,0,,,,
705279,良維群益5C購01,0,,,,
705284,力旺元大5A購03,0,,,,
705289,鈊象元大5C購02,45010,1.51,1.51,1.42,1.42
705292,宏觀凱基5B購01,0,,,,
705300,鈊象凱基61購01,107640,1.84,2.04,1.84,1.84
705303,台星科富邦5A購01,0,,,,
705304,台燿富邦5C購02,6000,6.0,6.0,6.0,6.0
705305,宏觀富邦5A購01,0,,,,
705307,富喬富邦5B購01,449570,0.53,0.53,0.45,0.45
705308,亞泰統一64購01,0,,,,
705309,亞泰統一72購01,114130,2.04,2.29,2.04,2.29
705310,博智統一72購02,286830,0.96,0.96,0.92,0.92
705311,富喬統一62購01,5500,0.55,0.55,0.55,0.55
705312,富喬統一62購02,387420,0.52,0.52,0.48,0.48
705313,精材統一65購01,0,,,,
705314,精材統一72購01,59060,2.11,2.13,2.1,2.1
705315,鑫科統一72購02,0,,,,
705318,宜鼎國票5A購01,0,,,,
705324,富喬國票5A購01,5340,0.89,0.89,0.89,0.89
705331,富喬元大5B購02,940,0.47,0.47,0.47,0.47
705333,鈊象元大5C購03,124550,1.09,1.38,1.09,1.29
705337,穩懋元大61購04,22050,2.45,2.45,2.45,2.45
705341,富喬群益5A購01,39900,0.35,0.35,0.35,0.35
705343,弘塑永豐5B購01,0,,,,
705346,富喬永豐5A購02,0,,,,
705347,富喬永豐61購01,183560,0.85,0.85,0.78,0.78
705348,富喬永豐65購01,1746220,1.05,1.06,0.99,1.01
705349,雙鴻永豐5B購01,120360,2.3,2.88,2.3,2.88
705357,穩懋凱基61購02,15100,7.55,7.55,7.55,7.55
705358,良維兆豐5A購01,0,,,,
705360,中美晶元大5B購01,0,,,,
705365,雙鴻元大5B購02,13450,2.69,2.69,2.69,2.69
705366,雙鴻元大5C購02,7960,1.93,2.11,1.93,2.11
705370,穩懋元大61購05,0,,,,
705372,力致統一64購01,11900,0.3,0.3,0.29,0.29
705373,凡甲統一61購01,0,,,,
705374,元太統一72購02,0,,,,
705375,台燿統一62購02,4950,4.95,4.95,4.95,4.95
705376,正基統一64購01,0,,,,
705377,兆利統一64購01,0,,,,
705378,宏捷科統一61購04,0,,,,
705379,沛亨統一68購01,0,,,,
705380,系統電統一5C購02,700,0.14,0.14,0.14,0.14
705381,系微統一64購01,17800,0.55,0.6,0.55,0.6
705382,亞泰統一72購02,0,,,,
705383,宜特統一65購01,0,,,,
705384,東捷統一72購01,0,,,,
705385,前鼎統一72購01,0,,,,
705386,茂達統一72購01,29830,0.76,0.77,0.76,0.77
705387,原相統一64購01,0,,,,
705388,能率統一72購01,0,,,,
705389,富強鑫統一72購01,6600,0.66,0.66,0.66,0.66
705390,新漢統一64購02,104790,0.21,0.21,0.21,0.21
705391,新漢統一72購01,0,,,,
705392,萬潤統一62購01,0,,,,
705393,鈺太統一64購01,0,,,,
705394,精材統一5C購02,0,,,,
705395,聚和統一64購01,4600,0.46,0.46,0.46,0.46
705396,廣明統一72購01,0,,,,
705397,穩得統一72購01,0,,,,
705398,穩懋統一61購06,0,,,,
705399,穩懋統一62購01,80470,1.49,1.59,1.49,1.52
705400,穩懋統一62購02,4760,2.37,2.39,2.37,2.39
705401,穩懋統一62購03,0,,,,
705402,耀勝統一64購01,0,,,,
705403,耀勝統一72購01,0,,,,
705404,鑫科統一72購03,18900,0.42,0.42,0.42,0.42
705410,沛亨永豐5B購01,0,,,,
705413,鉅橡永豐5A購02,0,,,,
705426,勤凱群益5A購01,0,,,,
705433,中美晶凱基5C購01,0,,,,
705437,弘塑凱基5C購01,95950,4.15,4.22,4.15,4.18
705438,沛亨凱基5A購01,0,,,,
705439,信驊凱基5A購03,0,,,,
705442,台特化兆豐5B購01,0,,,,
705443,新應材兆豐5B購01,2380,0.05,0.05,0.02,0.02
705444,良維國票62購01,0,,,,
705445,東浦國票5A購01,0,,,,
705446,信驊國票62購01,0,,,,
705447,博智國票5A購01,0,,,,
705448,萬潤國票5A購01,0,,,,
705449,鉅橡國票5B購01,0,,,,
705451,穩懋國票5A購03,0,,,,
705452,世界國泰5A購01,0,,,,
705453,宏捷科國泰5A購01,0,,,,
705455,世界群益5B購02,0,,,,
705457,宏捷科群益5A購01,0,,,,
705458,良維群益5B購01,0,,,,
705460,信驊群益5B購04,0,,,,
705461,湧德群益61購01,0,,,,
705462,順達群益5B購01,0,,,,
705475,雙鴻元大5C購03,0,,,,
705476,雙鴻元大61購05,52900,2.56,2.73,2.56,2.73
705477,台特化統一63購02,0,,,,
705478,台特化統一73購01,2300,0.46,0.46,0.46,0.46
705479,良維統一61購01,65720,1.06,1.06,1.06,1.06
705480,良維統一63購01,138900,0.8,0.83,0.8,0.83
705481,亞泰統一62購01,5950,5.95,5.95,5.95,5.95
705482,信昌電統一61購04,0,,,,
705483,新應材統一62購02,0,,,,
705484,萬潤統一62購02,0,,,,
705485,萬潤統一73購01,0,,,,
705486,德微統一63購01,537190,2.01,2.01,1.94,1.97
705487,穩懋統一66購01,86920,1.36,1.43,1.35,1.43
705488,穩懋統一73購01,0,,,,
705489,穩懋統一73購02,86780,1.69,1.72,1.69,1.71
705491,世界永豐5A購02,0,,,,
705492,世界永豐5B購02,41650,2.8,2.8,2.74,2.74
705494,台特化永豐5B購01,0,,,,
705496,光頡永豐5A購01,23050,5.05,6.1,5.05,6.1
705497,宜鼎永豐5A購02,0,,,,
705500,原相永豐5B購01,0,,,,
705502,萬潤永豐5B購01,0,,,,
705503,德微永豐5A購01,0,,,,
705504,雙鴻永豐5C購01,0,,,,
705505,穩懋永豐5A購03,2470,1.24,1.24,1.23,1.23
705508,宜特元富5A購01,0,,,,
705509,信驊元富5A購04,0,,,,
705519,均華兆豐63購01,0,,,,
705520,宜鼎兆豐63購01,0,,,,
705521,順達兆豐5B購01,23200,1.16,1.16,1.16,1.16
705522,雙鴻兆豐5B購01,18590,1.82,1.95,1.82,1.95
705525,良維凱基5B購02,0,,,,
705527,萬潤凱基5B購01,0,,,,
705534,雙鴻凱基5B購01,372370,2.26,2.29,2.26,2.29
705539,中探針元大5A購02,0,,,,
705544,萬潤元大5B購01,0,,,,
705548,雙鴻元大61購06,356200,1.2,1.3,1.18,1.3
705551,穩懋元大5A購03,8120,0.99,1.03,0.99,1.03
705552,穩懋元大5B購04,0,,,,
705553,穩懋元大5C購04,11520,0.96,0.96,0.96,0.96
705554,宜鼎富邦5C購02,0,,,,
705555,中探針永豐5C購01,0,,,,
705556,正基永豐5A購01,0,,,,
705557,茂迪永豐5C購01,300,0.03,0.03,0.03,0.03
705558,神盾永豐5C購01,0,,,,
705559,博智永豐5B購01,0,,,,
705560,萬潤永豐5C購01,87610,2.97,3.35,2.95,2.95
705562,環球晶永豐5B購01,0,,,,
705564,雙鴻永豐5A購03,1200,0.6,0.6,0.6,0.6
705565,穩懋永豐5C購02,12621790,1.46,1.49,1.3,1.47
705566,耀勝永豐5C購01,0,,,,
705567,宏觀國泰5A購01,0,,,,
705568,沛亨國泰5A購01,0,,,,
705569,宜鼎國泰5A購01,26000,5.2,5.2,5.2,5.2
705570,世界凱基5C購01,3240,1.08,1.08,1.08,1.08
705572,旺矽凱基5A購02,0,,,,
705575,原相凱基5B購01,0,,,,
705577,鉅橡凱基5B購01,0,,,,
705580,宏觀永豐5A購01,0,,,,
705581,良維永豐5B購01,39590,1.07,1.07,1.07,1.07
705583,旺矽永豐5A購01,0,,,,
705584,旺矽永豐5B購01,0,,,,
705585,博磊永豐5A購01,0,,,,
705587,精材永豐5B購01,0,,,,
705589,鏵友益永豐5C購01,0,,,,
705590,鑫聯永豐5C購01,0,,,,
705599,雙鴻元大61購07,43900,1.6,1.6,1.5,1.52
705600,凡甲國泰5A購01,0,,,,
705601,旺矽國泰5A購01,0,,,,
705602,鑫聯國泰5A購01,0,,,,
705603,元太國票5A購01,0,,,,
705604,良維國票67購01,0,,,,
705605,亞信國票5A購01,0,,,,
705606,旺矽國票61購01,0,,,,
705608,是方國票5A購01,0,,,,
705610,精材國票5C購01,0,,,,
705611,雙鴻國票5C購01,13930,1.47,1.57,1.47,1.57
705614,弘塑群益5A購02,0,,,,
705615,正基群益5A購01,0,,,,
705616,宏捷科群益5A購02,10,0.01,0.01,0.01,0.01
705617,良維群益5B購02,0,,,,
705619,亞信群益5A購01,0,,,,
705620,宜鼎群益5A購01,0,,,,
705621,旺矽群益5B購01,0,,,,
705622,順達群益5A購01,0,,,,
705627,環球晶群益5A購01,0,,,,
705630,旺矽兆豐5B購01,83800,4.19,4.19,4.19,4.19
705631,大綜永豐5A購01,133000,0.34,0.35,0.32,0.32
705633,順達永豐5B購01,19390,1.94,1.95,1.91,1.95
705634,新復興永豐5B購01,0,,,,
705637,系統電群益5A購02,0,,,,
705638,宜鼎群益5B購01,0,,,,
705643,茂迪群益5A購01,0,,,,
705644,原相群益5C購01,0,,,,
705648,正基凱基5A購01,0,,,,
705652,宜鼎凱基5A購03,0,,,,
705653,前鼎凱基5A購01,0,,,,
705656,鉅橡凱基5A購01,0,,,,
705659,印能元大5C購01,0,,,,
705665,環球晶元大61購01,0,,,,
705666,鑫聯元大61購01,0,,,,
705667,萬泰科國泰5A購01,0,,,,
705668,鉅橡國泰5A購01,0,,,,
705671,鈊象富邦5B購01,451340,0.38,0.48,0.38,0.41
705672,聖暉*富邦5B購01,11450,0.55,0.6,0.55,0.6
705674,環球晶富邦5C購01,0,,,,
705675,雙鴻富邦5C購01,1890,1.89,1.89,1.89,1.89
705676,雙鴻富邦5C購02,4777740,1.04,1.47,1.04,1.38
705677,譜瑞富邦5C購01,2600,2.6,2.6,2.6,2.6
705679,九豪國票5A購01,0,,,,
705680,正基國票5A購01,0,,,,
705681,沛亨國票5A購01,0,,,,
705682,宜鼎國票5A購02,16620,1.5,1.62,1.5,1.62
705683,岳豐國票5A購01,0,,,,
705684,茂迪國票5A購01,0,,,,
705685,茂迪國票5A購02,0,,,,
705686,晟德國票5A購01,0,,,,
705690,僑威國票5A購01,0,,,,
705691,聚和國票5A購01,0,,,,
705692,臺慶科國票5A購02,0,,,,
705694,正基凱基5A購02,0,,,,
705697,新復興凱基5B購01,0,,,,
705698,鉅橡凱基5A購02,0,,,,
705699,聚和凱基5A購01,0,,,,
705700,寶雅凱基5A購01,0,,,,
705702,宏捷科國票62購01,0,,,,
705704,昱展國票5A購01,0,,,,
705705,新復興國票5B購01,0,,,,
705706,萬泰科國票5A購01,0,,,,
705707,德勝國票5A購01,0,,,,
705708,正基國泰5A購01,0,,,,
705709,勤凱國泰5A購01,0,,,,
705711,台特化元大5C購01,260,0.13,0.13,0.13,0.13
705712,台燿元大61購03,0,,,,
705718,宜鼎元大5C購04,0,,,,
705719,宜鼎元大61購02,0,,,,
705726,雙鴻元大61購08,0,,,,
705727,九豪群益5A購01,0,,,,
705728,台特化群益62購01,32850,0.16,0.17,0.16,0.17
705729,正基群益5A購02,0,,,,
705733,宜特群益5B購01,0,,,,
705736,正基永豐5B購01,0,,,,
705737,印能永豐5C購01,9750,1.95,1.95,1.95,1.95
705739,系統電永豐64購01,0,,,,
705740,陽程永豐5A購01,0,,,,
705753,晟德凱基5A購01,0,,,,
705754,精材凱基61購01,0,,,,
705755,雙鴻凱基5C購03,0,,,,
705758,世界元大5C購01,0,,,,
705759,台特化元大5C購02,0,,,,
705769,新應材元大5A購01,0,,,,
705770,新應材元大61購01,600,0.12,0.12,0.12,0.12
705774,雙鴻元大61購09,489050,2.55,2.8,2.55,2.77
705775,宜特國票5A購02,0,,,,
705776,前鼎國票5B購01,0,,,,
705777,閎康國票5A購01,0,,,,
705778,鈊象國票5A購01,2000,0.04,0.04,0.04,0.04
705779,榮剛國票5A購01,0,,,,
705781,鏵友益國票5B購01,0,,,,
705782,鑫聯國票5A購01,0,,,,
705783,良維中信61購01,274550,1.01,1.14,1.01,1.11
705785,新應材永豐63購01,6100,0.61,0.61,0.61,0.61
705791,宏捷科元富5C購01,0,,,,
705800,大綜統一73購01,22200,0.74,0.74,0.74,0.74
705801,印能統一62購01,0,,,,
705802,旺矽統一63購03,0,,,,
705803,前鼎統一62購01,0,,,,
705804,環球晶統一63購01,0,,,,
705805,環球晶統一63購02,8490,2.83,2.83,2.83,2.83
705806,環球晶統一73購01,112500,2.5,2.5,2.5,2.5
705807,環球晶統一73購02,94700,2.07,2.07,1.98,2.06
705808,前鼎國泰5A購01,0,,,,
705809,元太國票5A購02,0,,,,
705810,岳豐國票5A購02,0,,,,
705811,長佳智國票5A購01,0,,,,
705812,前鼎國票61購01,0,,,,
705813,晟德國票5A購02,0,,,,
705816,寶雅國票5A購01,0,,,,
705818,凡甲永豐5B購01,0,,,,
705819,台星科永豐5C購01,143840,1.15,1.18,1.1,1.17
705820,宜特永豐5C購01,4750,0.25,0.25,0.25,0.25
705823,前鼎永豐5C購01,0,,,,
705824,能率永豐5C購01,0,,,,
705826,順達永豐61購01,108200,2.9,2.9,2.8,2.86
705827,良維兆豐5B購01,0,,,,
705828,雙鴻兆豐5B購02,0,,,,
705841,元太元大5B購01,0,,,,
705845,信驊元大5C購01,0,,,,
705846,新應材元大5A購02,0,,,,
705847,新應材元大61購02,3200,0.16,0.16,0.16,0.16
705853,雙鴻元大61購10,402400,2.38,2.66,2.29,2.66
705854,台特化統一63購03,0,,,,
705855,弘塑統一73購01,0,,,,
705856,印能統一73購01,291890,1.46,1.59,1.46,1.57
705857,沛亨統一73購01,0,,,,
705858,良維統一73購01,84150,0.51,0.51,0.51,0.51
705859,旺矽統一73購01,65170,3.16,3.17,3.05,3.05
705860,順達統一73購01,117360,0.56,0.58,0.56,0.58
705861,新應材統一73購01,23100,0.26,0.26,0.25,0.25
705862,萬泰科統一62購01,0,,,,
705863,德微統一73購01,0,,,,
705864,環球晶統一62購01,0,,,,
705865,穩得統一73購01,0,,,,
705870,信驊凱基5B購01,0,,,,
705871,信驊凱基61購02,0,,,,
705872,信驊凱基61購03,0,,,,
705874,鈊象凱基61購02,658890,1.43,1.81,1.43,1.68
705875,新應材凱基61購01,0,,,,
705876,榮剛凱基5A購01,180,0.02,0.02,0.02,0.02
705877,環球晶凱基61購01,0,,,,
705878,弘塑富邦5B購01,21680,1.21,1.21,1.2,1.2
705879,良維富邦5B購01,0,,,,
705880,新應材富邦63購02,0,,,,
705881,雙鴻國泰5A購01,0,,,,
705887,新應材群益5A購01,0,,,,
705894,元太凱基5B購02,35700,0.35,0.37,0.35,0.36
705896,台特化凱基5C購01,0,,,,
705899,旺矽凱基5B購01,0,,,,
705901,新應材凱基5A購02,0,,,,
705903,精材凱基61購02,0,,,,
705908,旺矽兆豐5B購02,0,,,,
705909,新應材兆豐5B購02,0,,,,
705913,宜鼎群益5B購02,0,,,,
705917,雙鴻群益63購01,104100,1.39,1.58,1.39,1.58
705923,弘塑永豐5B購02,0,,,,
705924,匯鑽科永豐5A購01,0,,,,
705925,新應材永豐5A購01,0,,,,
705926,新應材永豐5C購04,70,0.03,0.04,0.03,0.04
705927,新應材永豐63購02,3930,0.11,0.13,0.11,0.13
705928,雙鴻永豐63購01,117210,2.38,2.66,2.38,2.61
705929,新應材國泰5A購02,0,,,,
705931,台半國票5A購01,0,,,,
705932,弘塑國票5A購01,0,,,,
705933,宜鼎國票5C購01,11040,3.68,3.68,3.68,3.68
705934,松瑞藥國票5A購01,0,,,,
705935,胡連國票5A購01,0,,,,
705936,順達國票5A購01,0,,,,
705938,新應材國票5A購02,0,,,,
705939,新應材國票5B購01,0,,,,
705940,新應材國票5C購01,19960,0.04,0.04,0.04,0.04
705941,群翊國票5A購01,0,,,,
705942,聖暉*國票5A購02,0,,,,
705943,德微國票5A購01,0,,,,
705944,新應材富邦5C購02,0,,,,
705945,均豪統一73購01,0,,,,
705946,宏捷科統一63購01,2000,0.2,0.2,0.2,0.2
705947,系微統一73購01,32000,0.64,0.64,0.64,0.64
705948,良維統一63購02,0,,,,
705949,良維統一73購02,33400,0.84,0.84,0.83,0.83
705950,宜特統一73購01,489020,0.49,0.49,0.49,0.49
705951,信紘科統一63購01,0,,,,
705952,前鼎統一73購01,0,,,,
705953,鉅橡統一73購01,0,,,,
705954,鈺太統一66購01,0,,,,
705968,新應材元大5A購03,0,,,,
705969,新應材元大61購03,8000,0.08,0.08,0.08,0.08
705984,博智元大5C購02,0,,,,
705986,世紀*國票5A購01,10600,3.5,3.6,3.5,3.6
705987,台特化國票5A購03,0,,,,
705988,閎康國票5A購02,0,,,,
705989,雙鴻國票5A購02,22900,11.0,11.9,11.0,11.9
705991,弘塑國泰5A購01,0,,,,
705992,均華國泰5A購01,0,,,,
705993,宜鼎富邦63購01,0,,,,
705994,蜜望實統一63購01,0,,,,
705995,蜜望實統一73購01,0,,,,
705996,世界群益5B購03,0,,,,
705997,旺矽群益5B購02,0,,,,
705998,神盾群益5B購01,0,,,,
706001,雙鴻群益5B購03,0,,,,
706004,精材中信61購01,0,,,,
706005,蜜望實永豐5B購01,0,,,,
706006,穩得永豐5B購01,0,,,,
706010,旺矽凱基5C購01,44800,4.48,4.48,4.48,4.48
706011,博智凱基5C購01,426890,3.85,4.27,3.81,3.87
706015,緯軟國票5B購01,1800,0.09,0.09,0.09,0.09
706016,雙鴻國票5A購03,242400,3.6,4.23,3.6,4.23
706017,宜鼎中信61購01,850,0.85,0.85,0.85,0.85
706018,弘塑永豐63購01,5100,1.7,1.7,1.7,1.7
706019,均華永豐5B購01,43890,2.09,2.09,2.09,2.09
706020,旺矽永豐61購01,32100,3.21,3.21,3.21,3.21
706021,鈊象永豐5A購01,0,,,,
706027,大中統一73購01,30940,1.1,1.11,1.1,1.11
706028,台特化統一66購01,0,,,,
706029,台特化統一68購01,0,,,,
706030,均華統一62購01,0,,,,
706031,均華統一63購03,1500,0.5,0.5,0.5,0.5
706032,均華統一73購01,0,,,,
706033,均豪統一63購01,0,,,,
706034,宜鼎統一62購01,6580,0.94,0.94,0.94,0.94
706035,旺矽統一63購04,4000,2.0,2.0,2.0,2.0
706036,新普統一63購01,4550,0.5,0.51,0.5,0.51
706037,新普統一73購01,0,,,,
706038,聖暉*統一61購01,10520,0.78,0.83,0.78,0.83
706039,蜜望實統一62購01,0,,,,
706040,鑫聯統一62購02,5590,0.17,0.17,0.16,0.17
706044,鈺太群益5A購01,0,,,,
706047,台燿富邦63購01,0,,,,
706049,博智富邦5B購01,0,,,,
706050,蜜望實富邦5B購01,0,,,,
706051,印能國泰5A購01,0,,,,
706052,均華國泰5A購02,0,,,,
706053,鈊象國泰5A購01,750,0.75,0.75,0.75,0.75
706054,台特化元大5B購01,0,,,,
706055,台特化元大63購01,14400,0.36,0.36,0.36,0.36
706060,弘塑元大63購02,22790,2.84,2.91,2.84,2.91
706071,雙鴻元大63購01,30280,2.25,2.43,2.25,2.32
706072,弘塑凱基5A購01,0,,,,
706073,宜鼎凱基5A購04,22400,0.32,0.32,0.32,0.32
706074,鈊象凱基5C購01,0,,,,
706081,雙鴻中信63購01,718090,0.93,1.09,0.93,1.09
706086,旺矽永豐5A購02,0,,,,
706087,旺矽永豐61購02,264100,2.41,2.41,2.31,2.31
706088,旺矽永豐64購01,401010,3.65,3.65,3.54,3.54
706089,茂迪永豐61購01,0,,,,
706090,萬泰科永豐5C購01,0,,,,
706092,力致國泰5A購01,0,,,,
706093,弘塑國泰5A購02,0,,,,
706094,均豪國泰5A購01,300,0.3,0.3,0.3,0.3
706095,系統電國泰5A購01,0,,,,
706096,東捷國泰5A購01,0,,,,
706097,弘塑富邦5C購01,213660,0.77,0.8,0.77,0.78
706098,宜鼎富邦5C購03,150600,0.7,0.73,0.7,0.72
706099,旺矽富邦5B購02,0,,,,
706100,旺矽富邦63購01,0,,,,
706101,茂迪富邦63購01,0,,,,
706103,台特化元大63購02,0,,,,
706105,宏捷科元大5C購01,0,,,,
706115,雙鴻元大63購02,0,,,,
706116,力致國票5A購01,0,,,,
706117,台半國票5A購02,0,,,,
706118,台星科國票61購01,92730,1.6,1.63,1.6,1.63
706119,宏捷科國票5A購01,0,,,,
706120,良維國票5A購01,0,,,,
706121,宜鼎國票5A購03,44860,0.42,0.44,0.42,0.44
706122,旺矽國票5B購02,0,,,,
706124,臺慶科國票61購01,0,,,,
706125,鑫聯國票5C購01,0,,,,
706126,大綜統一63購01,2060,1.03,1.03,1.03,1.03
706127,大綜統一66購01,590420,0.79,0.88,0.79,0.85
706128,台特化統一62購02,0,,,,
706129,巨漢統一63購01,0,,,,
706130,正基統一62購01,0,,,,
706131,正基統一63購01,0,,,,
706132,正基統一63購02,0,,,,
706133,均豪統一66購01,0,,,,
706134,宜鼎統一63購02,1142540,0.81,0.85,0.78,0.85
706135,宜鼎統一63購03,417570,0.49,0.5,0.47,0.5
706136,宜鼎統一66購02,1278120,0.67,0.7,0.66,0.7
706137,宜鼎統一73購01,136030,0.6,0.62,0.59,0.62
706138,茂迪統一67購01,0,,,,
706139,聚和統一73購01,34980,0.66,0.66,0.66,0.66
706140,蜜望實統一66購01,0,,,,
706141,蜜望實統一68購01,0,,,,
706142,雙鴻統一63購01,17400,1.74,1.74,1.74,1.74
706146,台特化群益5A購01,0,,,,
706150,旺矽群益63購01,1813650,3.54,3.57,3.22,3.25
706153,德微群益63購01,32200,3.22,3.22,3.22,3.22
706154,雙鴻群益63購02,49350,1.06,1.17,1.06,1.17
706155,台特化凱基5C購02,0,,,,
706160,宜鼎凱基5C購02,0,,,,
706161,旺矽凱基63購01,127840,2.38,2.38,2.19,2.19
706162,旺矽凱基63購02,211940,2.93,2.93,2.77,2.77
706163,東捷凱基63購01,91500,9.15,9.15,9.15,9.15
706166,德微凱基5A購01,0,,,,
706168,雙鴻凱基63購01,40000,2.0,2.0,2.0,2.0
706170,良維群益5C購02,26850,1.71,1.83,1.71,1.83
706173,精測群益5B購01,0,,,,
706175,宜鼎國泰5A購02,0,,,,
706176,宜鼎國泰61購01,0,,,,
706177,旺矽國泰5A購02,0,,,,
706178,弘塑富邦63購01,41490,0.71,0.71,0.7,0.7
706179,均華富邦5B購01,34970,0.4,0.43,0.4,0.43
706180,均華統一63購04,179420,0.33,0.33,0.32,0.33
706181,良維統一63購03,62650,0.62,0.65,0.62,0.65
706182,旺矽統一63購05,10290,1.29,1.29,1.28,1.29
706183,茂迪統一63購01,0,,,,
706184,台特化元大63購03,3450,0.23,0.23,0.23,0.23
706185,均華元大5C購01,2300,0.23,0.23,0.23,0.23
706186,宏捷科元大5C購02,0,,,,
706198,精測元大5C購02,6800,0.17,0.17,0.17,0.17
706203,鑫聯元大63購01,0,,,,
706204,中美晶國票61購01,0,,,,
706206,均華國票5B購01,345780,0.39,0.39,0.37,0.37
706207,宜鼎國票65購01,425430,1.46,1.53,1.43,1.53
706208,旺矽國票5C購01,0,,,,
706209,旺矽國票67購01,1489820,3.52,3.52,3.2,3.25
706210,德微國票65購01,0,,,,
706213,精測中信5B購01,0,,,,
706214,宜鼎永豐5B購01,270620,0.52,0.56,0.52,0.55
706215,旺矽永豐5C購01,185390,2.18,2.18,1.99,1.99
706216,東捷永豐61購01,0,,,,
706218,精測永豐5B購01,0,,,,
706219,精測永豐61購01,17420,0.16,0.16,0.15,0.15
706220,鑫科永豐5C購02,0,,,,
706223,弘塑元富5C購01,119700,1.26,1.26,1.26,1.26
706225,宏捷科元富5C購02,9500,0.19,0.19,0.19,0.19
706239,中美晶兆豐63購01,0,,,,
706240,元太兆豐63購01,72700,1.15,1.18,1.15,1.18
706241,環球晶兆豐5B購01,0,,,,
706245,M31凱基5B購01,159880,0.32,0.41,0.32,0.41
706246,台燿凱基61購01,158000,15.8,15.8,15.8,15.8
706248,弘塑凱基5A購02,0,,,,
706249,宏捷科凱基5C購01,16130,0.14,0.16,0.14,0.14
706252,信驊凱基5B購02,0,,,,
706253,信驊凱基5C購01,0,,,,
706259,M31永豐5B購01,509000,0.53,0.6,0.53,0.55
706260,M31永豐5C購01,1034750,0.44,0.63,0.44,0.58
706261,大中永豐5B購01,0,,,,
706264,台燿永豐5B購01,0,,,,
706265,良維永豐5B購02,0,,,,
706269,M31元富5A購01,19250,0.35,0.35,0.35,0.35
706274,良維群益5C購03,0,,,,
706275,信驊群益5B購05,0,,,,
706276,聖暉*群益61購01,44340,1.66,1.76,1.66,1.76
706279,台燿國泰5A購01,0,,,,
706280,台燿國泰5A購02,0,,,,
706281,德微國泰5A購01,0,,,,
706282,M31統一63購03,140740,0.49,0.6,0.49,0.5
706283,M31富邦5B購01,549100,0.32,0.35,0.31,0.32
706284,台特化富邦5C購01,0,,,,
706285,信驊富邦5C購01,0,,,,
706286,茂迪富邦5C購01,0,,,,
706287,雙鴻富邦5C購03,123800,1.55,1.8,1.55,1.8
706288,M31國票5A購01,0,,,,
706292,宏觀國票5C購02,0,,,,
706293,沛亨國票5A購02,3160,0.79,0.79,0.79,0.79
706294,信驊國票5B購03,0,,,,
706297,環球晶國票5A購01,0,,,,
706298,鑫科國票5A購01,0,,,,
706313,雙鴻元大5C購04,17300,1.69,1.77,1.69,1.77
706316,台燿兆豐5B購01,0,,,,
706317,弘塑兆豐5B購01,0,,,,
706318,聖暉*兆豐5B購01,0,,,,
706319,印能凱基5B購01,4780,2.4,2.4,2.38,2.38
706322,亞泰凱基5A購01,14040,3.51,3.51,3.51,3.51
706324,聖暉*凱基5B購02,124230,1.82,2.0,1.82,1.98
706325,環球晶凱基5C購01,0,,,,
706327,穩得凱基5C購01,29240,0.57,0.57,0.56,0.57
706328,弘塑國票65購01,65480,1.46,1.55,1.46,1.55
706331,亞泰國票5A購01,90600,2.29,2.31,2.23,2.23
706332,華宏國票5A購01,0,,,,
706336,茂迪元大5C購01,0,,,,
706339,雙鴻元大5C購05,1111690,1.54,1.93,1.54,1.88
706340,穩得元大63購01,0,,,,
706341,鑫聯元大63購02,2340,0.26,0.26,0.26,0.26
706342,雙鴻國泰61購01,85700,3.36,3.83,3.36,3.67
706343,台燿富邦63購02,0,,,,
706344,德微富邦5C購01,218760,1.03,1.13,1.02,1.12
706345,世界統一63購01,0,,,,
706346,台特化統一63購04,0,,,,
706347,印能統一63購01,271510,0.72,0.8,0.72,0.8
706348,亞泰統一62購02,1767820,1.71,2.01,1.71,1.88
706349,博智統一63購01,0,,,,
706350,鈺太統一63購01,0,,,,
706351,弘塑永豐5C購03,32330,0.63,0.64,0.61,0.64
706354,雙鴻永豐61購02,65580,2.72,3.1,2.72,3.1
706355,雙鴻永豐64購01,617790,2.78,3.13,2.76,2.96
706371,良維凱基61購01,369430,1.29,1.37,1.28,1.33
706378,正淩永豐5B購01,0,,,,
706379,東捷永豐5A購01,0,,,,
706389,美琪瑪群益5A購01,70,0.07,0.07,0.07,0.07
706390,湧德群益5B購01,0,,,,
706392,雙鴻群益5B購04,0,,,,
706393,雙鴻群益5B購05,57600,1.44,1.44,1.44,1.44
706394,宏觀國泰5A購02,0,,,,
706399,華義國票5A購02,0,,,,
706401,頎邦國票5A購01,0,,,,
706402,聚和國票5A購02,0,,,,
706411,中美晶凱基5A購01,0,,,,
706412,弘塑凱基5B購01,0,,,,
706413,印能凱基5B購02,0,,,,
706414,湧德凱基5A購01,0,,,,
706415,閎康凱基5B購01,0,,,,
706418,精材國泰5A購01,0,,,,
706419,弘塑富邦61購01,5400,0.54,0.54,0.54,0.54
706420,宏捷科富邦5B購01,4500,0.11,0.12,0.11,0.12
706421,宏捷科富邦5C購01,0,,,,
706422,家登富邦5B購01,0,,,,
706423,智通*富邦5B購02,0,,,,
706424,環球晶富邦5A購01,0,,,,
706425,雙鴻富邦5C購04,0,,,,
706432,茂迪元大63購05,1400,0.14,0.14,0.14,0.14
706439,穩得元大5A購01,0,,,,
706441,弘塑群益5A購03,0,,,,
706442,印能群益5B購01,17860,1.41,1.55,1.41,1.55
706446,湧德群益5C購01,0,,,,
706448,環球晶群益5A購02,0,,,,
706449,穩得群益5A購01,0,,,,
706451,中美晶永豐5A購02,0,,,,
706452,中美晶永豐5C購01,50000,0.74,0.8,0.74,0.8
706453,弘塑永豐63購02,3040,0.6,0.62,0.6,0.62
706455,系微永豐5C購01,0,,,,
706456,博智永豐5C購01,59900,2.05,2.05,1.97,1.97
706457,華宏永豐5A購01,60,0.03,0.03,0.03,0.03
706460,雙鴻永豐5B購02,0,,,,
706461,鑫聯永豐61購01,0,,,,
706464,台燿元富63購01,0,,,,
706468,華宏元富5B購01,150,0.15,0.15,0.15,0.15
706472,中美晶凱基61購01,483200,4.85,4.85,4.79,4.79
706474,沛亨凱基5B購01,156390,1.14,1.17,1.14,1.17
706476,良維凱基5C購01,202480,1.62,1.75,1.6,1.6
706479,博智凱基61購01,933920,1.38,1.51,1.34,1.34
706480,湧德凱基5B購01,0,,,,
706481,閎康凱基5A購01,0,,,,
706484,臺慶科凱基5A購01,8700,1.74,1.74,1.74,1.74
706485,雙鴻凱基5C購04,72380,2.66,3.01,2.58,3.01
706488,合晶國票5A購01,0,,,,
706489,均豪國票5A購01,7420,0.07,0.07,0.07,0.07
706490,頎邦國票5A購02,0,,,,
706491,鑫聯國票5A購04,0,,,,
706492,廣明兆豐63購01,0,,,,
706496,宜特群益63購01,5900,0.59,0.59,0.59,0.59
706497,博智群益69購01,0,,,,
706498,閎康群益63購02,0,,,,
706500,中美晶國泰5A購01,0,,,,
706501,合晶國泰5A購01,0,,,,
706502,良維國泰5A購01,0,,,,
706503,世界富邦61購01,16820,1.07,1.07,1.02,1.02
706504,台特化富邦5A購01,0,,,,
706505,台燿富邦63購03,0,,,,
706507,中美晶元大5C購02,133300,2.2,2.27,2.2,2.27
706508,中美晶元大63購01,3930,1.31,1.31,1.31,1.31
706509,台特化元大5A購03,0,,,,
706513,博智元大63購01,5550,1.11,1.11,1.11,1.11
706517,萬泰科元大5C購01,0,,,,
706524,雙鴻中信63購02,519870,0.81,0.95,0.81,0.95
706528,勤凱永豐5C購02,107240,0.98,1.0,0.98,0.99
706532,系微國票5A購01,8000,0.04,0.04,0.04,0.04
706534,前鼎國票61購02,0,,,,
706535,閎康國票5A購03,2940,0.07,0.07,0.07,0.07
706536,順達國票5A購02,0,,,,
706538,鈺太國票5A購01,0,,,,
706545,閎康凱基61購01,0,,,,
706548,雙鴻凱基5A購03,0,,,,
706549,穩得凱基63購01,0,,,,
706550,鑫聯凱基61購01,0,,,,
706553,台燿永豐64購01,0,,,,
706555,系微永豐5A購01,700,0.01,0.01,0.01,0.01
706557,聖暉*永豐5B購01,54000,0.54,0.54,0.54,0.54
706558,聚和永豐5B購01,0,,,,
706560,台燿國泰5A購03,0,,,,
706561,宜特國泰5A購01,0,,,,
706562,鑫聯國泰5A購02,0,,,,
706563,台燿富邦73購01,0,,,,
706564,良維富邦5C購01,1650,0.55,0.55,0.55,0.55
706565,博智富邦61購01,297490,0.79,0.82,0.76,0.76
706566,順達富邦5C購01,0,,,,
706567,精測富邦5B購01,414490,0.21,0.21,0.16,0.18
706569,中美晶群益5B購01,0,,,,
706572,良維群益61購01,6950,1.39,1.39,1.39,1.39
706573,博智群益63購01,678690,2.82,2.98,2.75,2.75
706574,閎康群益5B購02,550,0.27,0.28,0.27,0.28
706575,閎康群益5B購03,0,,,,
706576,順達群益5C購01,29920,1.36,1.37,1.32,1.37
706579,精測群益63購01,2251140,0.66,0.66,0.59,0.62
706588,博智元大63購02,0,,,,
706590,萬泰科元大5C購02,5150,1.03,1.03,1.03,1.03
706594,精測元大5C購03,11800,0.18,0.27,0.18,0.27
706596,中美晶凱基5B購01,72930,2.69,2.93,2.66,2.93
706601,系微凱基5A購01,0,,,,
706605,華電網凱基5B購01,0,,,,
706606,華電網凱基61購01,0,,,,
706607,閎康凱基5A購02,0,,,,
706608,順達凱基5A購01,0,,,,
706611,元太國票5A購03,0,,,,
706612,弘塑國票5C購01,6700,0.3,0.31,0.3,0.31
706613,弘塑國票63購01,53600,0.78,0.78,0.76,0.76
706615,宏觀國票5A購02,0,,,,
706616,系微國票5A購02,0,,,,
706617,美琪瑪國票5A購01,0,,,,
706618,神盾國票5A購01,0,,,,
706622,鈊象國票5A購02,1300,0.26,0.26,0.26,0.26
706623,萬泰科國票5A購03,0,,,,
706624,穩得國票5A購01,0,,,,
706625,譜瑞國票5A購01,5000,0.25,0.25,0.25,0.25
706647,弘塑群益5B購02,2110,0.22,0.22,0.21,0.21
706653,弘塑國泰5A購03,0,,,,
706654,弘塑國泰5A購04,0,,,,
706655,系微國泰5A購01,0,,,,
706656,佶優國泰5A購01,0,,,,
706657,順達國泰5A購01,0,,,,
706658,中美晶富邦63購01,0,,,,
706659,弘塑富邦61購02,8000,0.4,0.4,0.4,0.4
706660,均豪富邦61購01,64920,0.34,0.36,0.34,0.36
706661,宏觀富邦5B購01,0,,,,
706662,沛亨富邦61購01,132600,0.78,0.78,0.78,0.78
706663,華電網富邦5C購01,0,,,,
706664,系微永豐5C購02,4760,0.28,0.28,0.28,0.28
706666,華電網永豐5A購01,0,,,,
706667,閎康永豐5B購01,0,,,,
706673,弘塑元富5C購02,0,,,,
706674,華義元富5A購01,0,,,,
706676,台特化兆豐5B購02,0,,,,
706677,順達兆豐5B購02,0,,,,
706678,雙鴻兆豐5B購03,0,,,,
706683,家登國泰5A購01,0,,,,
706684,閎康國泰5A購01,0,,,,
706685,元太富邦5B購01,0,,,,
706686,頎邦富邦5B購01,0,,,,
706687,台特化凱基63購01,0,,,,
706691,美琪瑪凱基5A購01,3220,0.26,0.31,0.26,0.31
706693,家登凱基5C購02,0,,,,
706695,立碁永豐5A購01,9800,0.98,0.98,0.98,0.98
706696,立碁永豐5B購01,0,,,,
706698,穩得永豐61購01,0,,,,
706703,鈊象中信5C購01,0,,,,
706705,立碁國票5A購01,65390,0.72,0.75,0.66,0.75
706708,閎康國票61購01,0,,,,
706710,良維統一62購02,340880,0.8,0.88,0.8,0.83
706711,宜特統一62購02,0,,,,
706712,信紘科統一63購02,77150,0.48,0.53,0.48,0.5
706713,前鼎統一63購01,0,,,,
706714,閎康統一63購01,36650,0.25,0.25,0.21,0.21
706715,萬泰科統一62購02,0,,,,
706727,宜特元大5C購01,127870,0.81,0.83,0.81,0.82
706732,閎康元大5A購01,0,,,,
706733,閎康元大63購03,0,,,,
706743,前鼎凱基61購01,129080,4.29,4.29,3.97,3.97
706745,聖暉*凱基5A購01,0,,,,
706748,聚和凱基5A購02,0,,,,
706749,雙鴻凱基61購01,3220,3.22,3.22,3.22,3.22
706751,聖暉*兆豐5B購02,0,,,,
706752,久元國票5A購01,0,,,,
706754,世紀*國票5A購02,53340,1.63,2.8,1.63,2.22
706755,矽科國票5A購01,0,,,,
706756,矽科國票5A購02,0,,,,
706759,捷創國票5A購01,6000,0.06,0.06,0.06,0.06
706760,順達國票5B購01,0,,,,
706761,聖暉*國票5A購04,0,,,,
706782,印能國泰5A購02,0,,,,
706783,前鼎國泰5A購02,0,,,,
706784,聖暉*國泰5A購01,4820,0.76,0.83,0.76,0.83
706785,聖暉*國泰5A購02,0,,,,
706787,台特化群益5A購02,0,,,,
706789,前鼎群益5B購01,0,,,,
706790,順達群益5B購02,2640,0.88,0.88,0.88,0.88
706791,萬泰科群益5A購01,0,,,,
706793,元太富邦5B購02,27300,0.3,0.3,0.3,0.3
706794,宜特富邦5B購01,5390,0.07,0.07,0.07,0.07
706795,前鼎富邦5B購01,0,,,,
706796,鈊象富邦5B購02,519950,0.79,1.0,0.79,1.0
706797,頎邦富邦5C購01,0,,,,
706798,雙鴻富邦5B購01,0,,,,
706799,立碁統一63購01,43300,0.73,0.73,0.72,0.72
706800,立碁統一66購01,62590,0.68,0.68,0.67,0.68
706801,順達統一63購02,13210,0.63,0.63,0.61,0.61
706802,順達統一66購01,0,,,,
706803,聖暉*統一65購01,109300,0.68,0.69,0.68,0.69
706804,雙鴻統一66購01,31460,1.04,1.1,1.04,1.1
706807,矽科永豐5B購01,0,,,,
706808,聖暉*永豐5B購02,0,,,,
706809,頎邦永豐5A購01,0,,,,
706816,聖暉*台新59購01,0,,,,
706819,台特化凱基59購06,0,,,,
706820,台燿凱基59購07,0,,,,
706821,巨漢凱基59購03,0,,,,
706823,東捷凱基59購02,56000,5.6,5.6,5.6,5.6
706825,前鼎凱基5B購01,0,,,,
706826,順達凱基5B購02,3400,0.34,0.34,0.34,0.34
706827,聚和康和59購01,0,,,,
706828,凡甲元大59購02,0,,,,
706829,元債20元大5B購02,0,,,,
706830,元債20元大62購01,0,,,,
706831,元債20元大65購01,0,,,,
706833,台燿元大59購18,0,,,,
706835,台燿元大59購20,0,,,,
706836,宏捷科元大59購04,0,,,,
706838,良維元大59購22,0,,,,
706839,宜特元大59購04,0,,,,
706840,東捷元大59購02,7580,3.79,3.79,3.79,3.79
706841,華電網元大5C購01,0,,,,
706842,鈊象元大59購02,0,,,,
706843,鈊象元大5C購04,315760,0.5,0.55,0.49,0.5
706844,鈊象元大63購04,176350,0.33,0.35,0.33,0.34
706845,萬泰科元大63購01,119450,0.88,0.9,0.88,0.89
706846,雙鴻元大59購28,9560,2.39,2.39,2.39,2.39
706847,雙鴻元大59購29,48650,2.38,2.5,2.38,2.5
706848,台燿中信59購07,0,,,,
706849,台燿永豐5B購02,0,,,,
706850,東捷永豐5C購01,0,,,,
706851,前鼎永豐5B購02,0,,,,
706852,鈊象永豐5B購01,201500,0.32,0.36,0.32,0.33
706853,東捷國泰5A購02,0,,,,
706855,宜特元富59購01,3000,0.1,0.1,0.1,0.1
706856,宜特元富5C購01,23760,0.66,0.66,0.66,0.66
706857,匯鑽科元富5A購01,19080,0.15,0.16,0.15,0.16
706858,聖暉*元富59購04,0,,,,
706859,漢科元富5A購01,0,,,,
706860,廣運元富5C購01,0,,,,
706861,德微元富59購04,0,,,,
706862,穩得元富59購02,0,,,,
706863,中美晶群益62購01,189300,2.5,2.58,2.5,2.58
706865,東捷群益62購01,7900,7.9,7.9,7.9,7.9
706866,東捷群益63購02,0,,,,
706868,順達群益5A購02,0,,,,
706869,鈊象群益59購02,0,,,,
706870,鈊象群益59購03,0,,,,
706871,鈊象群益5B購01,0,,,,
706872,聖暉*群益5C購01,21600,1.08,1.08,1.08,1.08
706873,精材群益59購05,0,,,,
706874,雙鴻群益59購14,0,,,,
706875,鑫科群益5B購01,0,,,,
706876,久元國票5A購02,0,,,,
706877,美琪瑪國票5A購02,0,,,,
706878,神盾國票62購01,24030,0.27,0.27,0.27,0.27
706879,鈊象國票5A購03,0,,,,
706880,頎邦國票5A購03,0,,,,
706881,世紀*元大59購02,69670,1.65,2.06,1.65,2.06
706886,良維元大59購23,0,,,,
706887,東捷元大5C購01,0,,,,
706889,順達元大59購07,0,,,,
706890,順達元大59購08,0,,,,
706891,順達元大59購09,0,,,,
706892,鈊象元大63購05,564930,1.16,1.39,1.16,1.32
706893,頎邦元大59購03,0,,,,
706894,頎邦元大63購05,0,,,,
706895,均豪國泰5B購01,0,,,,
706896,宏觀富邦5B購02,0,,,,
706897,凡甲凱基59購02,0,,,,
706898,元債20凱基5B購01,0,,,,
706899,宜特凱基59購06,0,,,,
706900,鈊象凱基5B購01,55900,0.4,0.47,0.4,0.46
706901,聖暉*凱基5B購03,4860,0.54,0.54,0.54,0.54
706902,雙鴻凱基59購18,0,,,,
706903,台燿國票5B購02,0,,,,
706904,信音國票59購01,0,,,,
706905,宣德國票5B購01,0,,,,
706906,蜜望實國票59購01,3470,3.47,3.47,3.47,3.47
706907,雙鴻國票5B購02,0,,,,
706908,台燿群益59購07,0,,,,
706909,順達群益59購01,0,,,,
706910,元太元富63購01,224660,1.55,1.63,1.55,1.59
706911,台燿元富59購07,0,,,,
706912,神盾元富59購01,0,,,,
706913,神盾元富59購02,0,,,,
706914,鈊象中信63購01,1520,0.19,0.19,0.19,0.19
706915,中光電永豐5B購01,0,,,,
706916,元太永豐5B購01,0,,,,
706917,宜特永豐59購03,0,,,,
706918,環球晶永豐5B購02,0,,,,
706919,雙鴻永豐5C購02,0,,,,
706920,久元永豐5A購01,0,,,,
706921,協易機永豐5C購01,0,,,,
706922,宜特永豐5C購02,0,,,,
706923,信音永豐5C購01,13000,0.26,0.26,0.26,0.26
706924,勤凱永豐61購01,0,,,,
706925,匯鑽科永豐61購01,0,,,,
706927,廣閎科永豐5C購01,0,,,,
706928,台燿凱基5B購03,0,,,,
706929,宏觀凱基5A購01,0,,,,
706930,良維凱基5A購03,0,,,,
706932,順達凱基5A購02,0,,,,
706934,千附國票5B購01,1280,1.28,1.28,1.28,1.28
706935,千附精國票5B購01,0,,,,
706936,盈正國票5B購01,18000,0.18,0.18,0.18,0.18
706937,寬宏國票5A購01,0,,,,
706938,廣閎科國票5B購01,0,,,,
706939,久元國泰5B購01,5900,0.59,0.59,0.59,0.59
706940,華電網國泰5B購01,0,,,,
706941,精材國泰5B購01,0,,,,
706942,久元富邦5C購01,74370,0.37,0.37,0.37,0.37
706946,台燿元大64購01,0,,,,
706947,印能元大5A購01,0,,,,
706948,印能元大64購01,331100,1.73,1.94,1.73,1.92
706949,良維元大61購01,85060,2.98,3.07,2.98,3.07
706951,順達元大5A購06,0,,,,
706952,順達元大64購01,0,,,,
706953,鈊象元大64購02,191330,0.62,0.74,0.62,0.74
706954,匯鑽科元大5A購01,0,,,,
706955,匯鑽科元大5A購02,0,,,,
706956,點序元大5A購01,0,,,,
706957,雙鴻元大5A購05,24950,4.89,5.35,4.89,5.35
706958,世紀*群益5A購01,0,,,,
706959,台燿群益5A購01,0,,,,
706960,印能群益5A購01,0,,,,
706962,亞電群益5C購01,0,,,,
706963,匯鑽科群益5C購01,57040,0.46,0.46,0.46,0.46
706964,鈺太群益5A購02,0,,,,
706965,千附凱基5B購01,13280,1.66,1.66,1.66,1.66
706966,千附精凱基5B購01,0,,,,
706967,世紀*凱基5A購01,39000,1.18,1.6,1.18,1.6
706968,印能凱基64購01,970150,1.2,1.45,1.2,1.41
706969,神盾凱基63購01,0,,,,
706970,鈊象凱基64購01,64580,0.99,1.15,0.99,1.15
706971,雙鴻凱基5A購05,0,,,,
706972,印能國票5A購03,0,,,,
706973,宏碩國票5C購01,0,,,,
706975,高僑國票61購01,84040,0.98,1.01,0.95,0.95
706976,新門國票61購01,6610,0.53,0.58,0.53,0.56
706977,耀勝國票61購01,0,,,,
706978,印能國泰5B購01,9200,1.84,1.86,1.82,1.82
706979,穩得國泰5B購01,0,,,,
706980,神盾統一64購01,10640,0.38,0.38,0.38,0.38
706981,神盾統一64購02,52800,0.35,0.36,0.35,0.36
706982,印能永豐64購01,135520,1.8,1.98,1.8,1.98
706983,宏觀永豐5C購01,0,,,,
706984,亞電永豐61購01,0,,,,
706985,原相永豐5B購02,21500,0.43,0.43,0.43,0.43
706986,神盾永豐5C購02,0,,,,
706987,創泓永豐5C購01,0,,,,
706988,撼訊永豐5C購01,8310,1.38,1.41,1.38,1.41
706989,元太元大5A購01,0,,,,
706990,天品元大5A購01,0,,,,
706991,世紀*元大5A購01,930,0.93,0.93,0.93,0.93
706994,宏捷科元大5A購01,0,,,,
706995,匯鑽科元大5A購03,0,,,,
706996,精材元大5A購03,0,,,,
706997,加百裕群益5A購01,0,,,,
706998,印能群益5A購02,0,,,,
706999,均豪群益62購01,31160,0.41,0.41,0.41,0.41
707000,高僑群益5B購01,4350,0.75,1.45,0.7,1.45
707001,常珵群益5A購01,0,,,,
707002,鈊象群益5A購01,2120,0.44,0.44,0.4,0.4
707003,群翊群益5B購01,154050,1.23,1.29,1.23,1.29
707004,雙鴻群益5A購05,0,,,,
707006,台嘉碩元大5A購01,0,,,,
707007,印能元大5A購02,0,,,,
707008,印能元大5A購03,0,,,,
707009,印能元大5A購05,0,,,,
707010,印能元大5A購06,0,,,,
707011,印能元大5B購01,262600,0.77,0.8,0.77,0.8
707012,印能元大5C購02,232590,0.62,0.67,0.62,0.67
707013,印能元大61購01,0,,,,
707014,印能元大64購02,177000,0.5,0.54,0.49,0.54
707015,均豪元大5A購01,0,,,,
707016,宏捷科元大5A購02,0,,,,
707017,宏捷科元大5C購03,0,,,,
707018,系微元大5A購01,0,,,,
707019,宜特元大5A購01,0,,,,
707020,信立元大5A購01,0,,,,
707022,美琪瑪元大5A購01,2100,0.21,0.21,0.21,0.21
707024,廣閎科元大5A購01,47900,4.3,4.9,4.3,4.9
707025,雙鴻元大61購11,58100,4.78,5.2,4.78,5.2
707026,久昌凱基5A購01,0,,,,
707027,台燿凱基5B購04,0,,,,
707028,印能凱基5A購03,0,,,,
707029,宏觀凱基5B購02,0,,,,
707030,系微凱基5A購02,0,,,,
707031,協易機凱基5A購01,0,,,,
707033,前鼎凱基5A購03,0,,,,
707035,陽程凱基5A購01,0,,,,
707036,陽程凱基5A購02,0,,,,
707037,廣閎科凱基5B購01,32000,3.2,3.2,3.2,3.2
707038,衛司特凱基5A購01,0,,,,
707039,久昌國票5B購01,0,,,,
707040,千如國票5B購01,0,,,,
707041,台嘉碩國票5A購01,1040,0.28,0.28,0.24,0.24
707042,印能國票5B購01,670,0.32,0.35,0.32,0.35
707043,沛亨國票5B購01,34500,0.69,0.69,0.69,0.69
707044,威聯通國票5B購01,0,,,,
707045,茂綸國票5B購01,0,,,,
707046,博盛國票5B購01,120000,1.2,1.2,1.2,1.2
707047,衛司特國票5B購01,0,,,,
707048,雙鴻中信64購01,388790,1.5,1.66,1.5,1.66
707049,久昌永豐5A購01,0,,,,
707050,印能永豐5A購02,0,,,,
707051,印能永豐61購01,61170,0.8,0.97,0.79,0.97
707052,同致永豐5C購01,42560,0.12,0.15,0.12,0.14
707053,同致永豐61購01,0,,,,
707054,安葆永豐5B購01,61780,1.8,2.18,1.8,2.12
707055,宏碩永豐61購01,0,,,,
707056,宜特永豐5B購01,24500,0.49,0.49,0.49,0.49
707057,威聯通永豐5A購01,0,,,,
707058,晟德永豐5B購01,0,,,,
707060,智通*永豐5C購01,0,,,,
707061,鈺太永豐5C購01,0,,,,
707062,磐亞永豐5B購01,0,,,,
707063,台嘉碩國泰5B購01,123800,2.43,2.45,2.28,2.28
707064,金山電國泰5B購01,0,,,,
707065,群翊國泰5B購01,0,,,,
707066,元太富邦5C購01,257680,0.57,0.58,0.56,0.58
707067,雙鴻富邦5C購05,0,,,,
707068,雙鴻富邦5C購06,0,,,,
707069,台燿統一67購01,0,,,,
707070,台燿統一74購01,16800,2.8,2.8,2.8,2.8
707071,立碁統一67購01,0,,,,
707072,立碁統一74購01,46430,0.86,0.86,0.85,0.86
707073,印能統一63購02,166600,0.53,0.56,0.53,0.55
707074,印能統一74購01,20880,1.38,1.4,1.38,1.4
707075,沛亨統一74購01,56400,0.79,0.81,0.79,0.81
707076,系統電統一67購01,8970,0.39,0.39,0.39,0.39
707077,東捷統一63購01,0,,,,
707078,能率統一67購01,0,,,,
707079,華電網統一64購01,520,0.13,0.13,0.13,0.13
707080,華電網統一74購01,0,,,,
707082,順達統一63購03,0,,,,
707083,頎邦統一63購01,0,,,,
707084,頎邦統一64購01,0,,,,
707085,頎邦統一66購01,0,,,,
707086,廣閎科統一64購01,0,,,,
707087,廣閎科統一74購01,235360,1.18,1.18,1.17,1.17
707088,德微統一67購01,17500,1.75,1.75,1.75,1.75
707089,雙鴻統一62購05,4480,2.24,2.24,2.24,2.24
707090,雙鴻統一66購02,59100,1.55,1.6,1.55,1.6
707091,久元群益5A購01,0,,,,
707092,千附群益5A購01,0,,,,
707093,友輝群益5A購01,0,,,,
707094,正淩群益5A購01,0,,,,
707095,同致群益5A購01,0,,,,
707096,岳豐群益5A購01,0,,,,
707097,茂綸群益5A購01,32020,2.7,2.7,2.51,2.51
707098,倚強群益5A購01,0,,,,
707100,聚和群益5A購01,0,,,,
707102,寶雅群益5A購01,0,,,,
707103,中光電兆豐64購01,19000,0.95,0.95,0.95,0.95
707106,矽科群益5A購01,0,,,,
707107,矽科群益5A購02,0,,,,
707108,群翊群益5C購01,500,0.5,0.5,0.5,0.5
707110,頎邦群益5B購01,0,,,,
707112,九豪凱基5A購02,0,,,,
707113,元太凱基5A購01,0,,,,
707115,矽科凱基5A購01,0,,,,
707116,茂綸凱基5A購01,0,,,,
707117,頎邦凱基64購01,0,,,,
707118,廣閎科凱基5A購01,0,,,,
707119,雙鴻凱基5C購05,1925000,5.25,5.95,5.25,5.95
707120,友輝國票5A購01,0,,,,
707121,正淩國票5B購02,0,,,,
707122,矽科國票5B購01,0,,,,
707123,耕興國票5B購01,0,,,,
707124,翔名國票5B購01,0,,,,
707125,群翊國票5B購01,0,,,,
707126,頎邦國票5B購01,0,,,,
707127,磐亞國票5B購01,44700,7.45,7.45,7.45,7.45
707128,元太國泰5B購01,23120,0.55,0.56,0.55,0.56
707129,宜特富邦5C購01,36480,0.48,0.48,0.48,0.48
707130,頎邦富邦61購01,0,,,,
707131,精材富邦5A購01,0,,,,
707132,聚和富邦5A購01,0,,,,
707133,正淩統一63購01,77280,0.46,0.46,0.46,0.46
707134,同致統一64購01,34470,0.23,0.25,0.23,0.23
707135,同致統一74購01,0,,,,
707136,協易機統一66購01,0,,,,
707137,翔名統一74購01,8000,0.8,0.8,0.8,0.8
707138,陽程統一64購02,0,,,,
707139,陽程統一74購01,0,,,,
707140,萬泰科統一74購01,0,,,,
707141,群翊統一63購01,6850,0.45,0.46,0.45,0.46
707142,群翊統一74購01,4400,0.44,0.44,0.44,0.44
707143,頎邦統一64購02,0,,,,
707144,頎邦統一67購01,0,,,,
707146,均豪永豐5A購01,0,,,,
707147,宏捷科永豐5C購01,0,,,,
707149,美琪瑪永豐5B購01,0,,,,
707150,茂訊永豐5B購01,0,,,,
707151,茂綸永豐5A購01,419000,1.38,1.43,1.38,1.43
707152,湧德永豐5B購01,0,,,,
707153,陽程永豐5C購01,0,,,,
707154,群翊永豐5A購01,0,,,,
707155,衛司特永豐5A購01,0,,,,
707156,璟德永豐5A購01,0,,,,
707157,環球晶永豐5A購01,0,,,,
707158,雙鴻永豐5C購03,0,,,,
707159,九豪元大5A購01,0,,,,
707161,台燿元大61購04,0,,,,
707163,前鼎元大5A購02,0,,,,
707164,翔名元大5A購01,0,,,,
707166,頎邦元大5A購02,0,,,,
707167,雙鴻元大61購12,72760,4.38,4.8,4.38,4.8
707168,鑫聯元大5A購01,0,,,,
707169,台燿凱基61購02,84000,5.6,5.6,5.6,5.6
707170,同致凱基5A購01,0,,,,
707171,捷創凱基5A購01,0,,,,
707172,翔名凱基5A購01,0,,,,
707173,華景電凱基5A購01,0,,,,
707174,華景電凱基5A購02,0,,,,
707175,鈊象凱基64購02,803560,1.1,1.3,1.1,1.22
707176,群翊凱基5C購01,111920,0.27,0.35,0.27,0.34
707177,頎邦凱基5A購02,0,,,,
707178,世界群益5C購01,0,,,,
707179,台半群益5A購01,0,,,,
707180,台燿群益5A購03,0,,,,
707181,台燿群益5B購02,0,,,,
707182,捷創群益5B購01,0,,,,
707183,華景電群益5A購01,0,,,,
707184,陽程群益5A購01,0,,,,
707185,勤凱群益5B購01,42700,1.22,1.22,1.22,1.22
707186,元債20國票5B購01,0,,,,
707187,台燿國票5B購03,0,,,,
707188,安葆國票5B購01,41290,0.9,1.14,0.87,0.98
707189,華景電國票5B購01,0,,,,
707191,廣閎科國票5B購02,0,,,,
707192,鈺太國泰5B購01,0,,,,
707193,雙鴻國泰67購01,6900,6.9,6.9,6.9,6.9
707194,久元統一64購01,0,,,,
707195,湧德統一74購01,1950,0.39,0.39,0.39,0.39
707196,華景電統一64購01,2520,0.36,0.36,0.36,0.36
707197,華景電統一64購02,0,,,,
707198,華景電統一65購01,0,,,,
707199,華景電統一68購01,0,,,,
707200,華景電統一74購01,0,,,,
707201,陽程統一65購01,0,,,,
707202,陽程統一68購01,0,,,,
707203,群翊統一64購01,0,,,,
707204,群翊統一74購02,0,,,,
707205,頎邦統一64購03,0,,,,
707206,大中元大5A購01,0,,,,
707208,台燿元大61購05,0,,,,
707209,台燿元大64購04,25720,3.26,3.26,3.17,3.17
707210,宏觀元大64購01,0,,,,
707211,系微元大5A購02,0,,,,
707213,良維元大5B購01,57350,1.85,1.85,1.85,1.85
707214,東捷元大5A購01,0,,,,
707215,信紘科元大5A購01,3100,0.31,0.31,0.31,0.31
707216,華景電元大5A購01,0,,,,
707217,華景電元大5A購02,0,,,,
707218,順達元大5A購07,0,,,,
707219,順達元大5A購08,0,,,,
707220,群翊元大5A購01,0,,,,
707221,雙鴻元大64購02,18040,4.45,4.53,4.45,4.53
707222,世界永豐61購01,37650,1.89,1.89,1.86,1.86
707223,台半永豐5B購01,0,,,,
707224,台燿永豐5A購03,0,,,,
707225,台燿永豐61購02,1345850,8.2,8.3,7.95,8.05
707226,矽科永豐5B購02,0,,,,
707227,華景電永豐5C購01,40000,0.5,0.5,0.5,0.5
707228,華景電永豐61購01,0,,,,
707229,順達永豐5B購02,0,,,,
707230,頎邦永豐5C購01,0,,,,
707231,順達兆豐5C購01,0,,,,
707232,安葆凱基5A購01,28620,1.62,1.8,1.62,1.8
707233,陽程凱基5A購03,0,,,,
707234,順達凱基5A購03,0,,,,
707235,新盛力凱基5A購01,0,,,,
707236,新盛力凱基5A購02,0,,,,
707237,頎邦凱基5B購01,0,,,,
707238,廣閎科凱基5A購02,0,,,,
707239,雙鴻凱基5A購06,51200,2.65,2.65,2.47,2.47
707240,久元元大61購01,0,,,,
707242,家登元大5A購02,32400,3.24,3.24,3.24,3.24
707243,湧德元大5A購02,0,,,,
707244,湧德元大5A購03,0,,,,
707245,順達元大64購02,0,,,,
707246,鈊象元大61購01,161300,1.22,1.32,1.22,1.25
707247,新盛力元大5A購01,0,,,,
707248,萬泰科元大5A購01,0,,,,
707249,台星科國票5B購01,0,,,,
707250,台燿國票5B購04,298000,7.45,7.45,7.45,7.45
707251,順達國票5B購02,23720,0.21,0.23,0.21,0.22
707252,新盛力國票5A購01,0,,,,
707253,新盛力國票5B購01,0,,,,
707255,宏捷科國泰5B購01,0,,,,
707256,宏捷科國泰5B購02,0,,,,
707257,台特化永豐5C購01,0,,,,
707258,東捷永豐64購01,4360,4.36,4.36,4.36,4.36
707259,凌陽創永豐5A購01,0,,,,
707260,勤凱永豐5C購03,0,,,,
707261,新盛力永豐5B購01,0,,,,
707262,新盛力永豐5C購01,0,,,,
707263,萬泰科永豐64購01,0,,,,
707264,台燿統一64購02,0,,,,
707265,宏捷科統一74購01,0,,,,
707266,東捷統一64購02,10100,2.02,2.02,2.02,2.02
707267,東捷統一66購01,30450,2.03,2.03,2.03,2.03
707268,華景電統一63購01,4950,0.24,0.25,0.24,0.25
707269,勤凱統一74購01,7200,0.72,0.72,0.72,0.72
707270,新盛力統一64購01,0,,,,
707271,新盛力統一68購01,0,,,,
707272,新盛力統一74購01,0,,,,
707273,新盛力統一74購02,46580,1.05,1.07,1.04,1.07
707274,群翊統一64購02,0,,,,
707275,鉅橡統一66購01,0,,,,
707276,頎邦統一74購01,9170,1.52,1.53,1.52,1.53
707277,廣閎科統一74購02,548660,0.9,0.99,0.89,0.99
707278,德微統一64購01,733520,1.21,1.26,1.16,1.26
707279,久元凱基61購01,0,,,,
707280,中美晶凱基5A購02,0,,,,
707281,台星科凱基5A購01,0,,,,
707282,台燿凱基5A購02,104950,5.55,5.55,5.5,5.5
707283,均豪凱基5B購01,0,,,,
707284,宏觀凱基64購01,0,,,,
707285,旺矽凱基5A購04,0,,,,
707286,順達凱基64購01,0,,,,
707287,廣閎科凱基5A購03,45500,0.91,1.55,0.87,1.55
707288,鑫聯凱基5B購01,0,,,,
707289,台燿兆豐5C購01,3200,3.2,3.2,3.2,3.2
707290,均豪兆豐5C購01,0,,,,
707291,雙鴻兆豐5C購01,382560,3.58,3.58,3.39,3.39
707292,台星科元大5A購01,0,,,,
707293,台星科元大5A購02,0,,,,
707294,台燿元大5A購05,0,,,,
707295,台燿元大5A購06,0,,,,
707296,台燿元大5A購07,0,,,,
707297,台燿元大5A購08,0,,,,
707298,台燿元大5A購09,17480,2.11,2.95,2.03,2.95
707299,台燿元大61購06,144500,1.98,2.0,1.9,1.9
707300,旺矽元大5A購02,12110,0.61,0.61,0.52,0.55
707301,旺矽元大61購01,12810,1.49,1.49,1.37,1.37
707302,信驊元大5B購01,122400,5.3,5.3,4.79,4.8
707303,華景電元大5A購03,0,,,,
707304,陽程元大63購01,0,,,,
707305,頎邦元大63購06,0,,,,
707306,台燿永豐5C購03,366620,4.12,4.32,4.12,4.32
707307,台燿永豐64購02,418470,3.7,3.83,3.67,3.67
707308,台燿永豐67購01,397860,3.1,4.38,3.1,4.27
707309,巨漢永豐5C購01,26010,0.17,0.17,0.17,0.17
707310,安葆永豐5C購01,374100,0.76,1.0,0.76,0.85
707311,均豪永豐5C購01,0,,,,
707312,良維永豐5C購01,0,,,,
707313,旺矽永豐5A購03,0,,,,
707314,旺矽永豐61購03,784450,1.42,1.42,1.27,1.29
707315,旺矽永豐64購02,644570,2.39,2.39,2.21,2.22
707316,長科*永豐5A購01,0,,,,
707317,信驊永豐5A購03,20060,3.56,3.56,3.3,3.3
707318,前鼎永豐61購01,0,,,,
707319,翔名永豐5B購01,0,,,,
707320,翔名永豐5B購02,0,,,,
707321,鉅橡永豐5B購01,0,,,,
707322,廣閎科永豐5A購01,0,,,,
707323,均豪國泰61購01,5320,0.76,0.76,0.76,0.76
707324,精材國泰5B購02,0,,,,
707325,台燿富邦5A購02,0,,,,
707326,台燿富邦64購01,20400,1.72,1.72,1.68,1.7
707327,旺矽富邦5C購01,23550,0.8,0.8,0.74,0.74
707328,旺矽富邦64購01,3313930,1.08,1.08,0.98,1.01
707329,群翊富邦62購01,125140,0.38,0.44,0.38,0.44
707330,台燿國票5B購05,89870,4.73,4.73,4.73,4.73
707331,台燿統一63購01,40700,2.36,2.36,2.22,2.22
707332,台燿統一64購03,6900,1.38,1.38,1.38,1.38
707333,台燿統一64購04,66250,2.14,2.29,2.11,2.13
707334,台燿統一66購02,43840,1.64,1.7,1.64,1.7
707335,台燿統一74購02,604750,1.5,1.55,1.49,1.51
707336,台燿統一74購03,415520,1.01,1.04,1.0,1.01
707337,巨漢統一63購02,0,,,,
707338,巨漢統一74購01,0,,,,
707339,均豪統一64購01,38080,0.32,0.32,0.32,0.32
707340,旺矽統一63購06,31490,1.16,1.16,1.05,1.11
707341,旺矽統一64購01,41700,1.03,1.08,1.03,1.08
707342,東捷統一74購01,130240,0.96,0.96,0.92,0.93
707343,前鼎統一64購01,1770,1.77,1.77,1.77,1.77
707344,翔名統一74購02,0,,,,
707345,華景電統一74購02,0,,,,
707346,順達統一64購01,69350,0.5,0.5,0.49,0.49
707347,勤凱統一74購02,7800,0.78,0.78,0.78,0.78
707348,新盛力統一63購01,0,,,,
707349,新盛力統一64購02,0,,,,
707350,新盛力統一74購03,8150,1.63,1.63,1.63,1.63
707351,鉅橡統一64購02,0,,,,
707352,頎邦統一74購02,0,,,,
707353,頎邦統一74購03,157430,1.59,1.61,1.59,1.61
707354,廣閎科統一64購02,3675340,1.14,1.36,1.1,1.36
707355,廣閎科統一67購01,20250,0.81,0.81,0.81,0.81
707356,廣閎科統一74購03,833810,1.3,1.41,1.27,1.4
707357,勤凱台新5A購01,0,,,,
707358,頎邦台新5A購01,0,,,,
707359,元太凱基5A購02,0,,,,
707360,宏捷科凱基5A購01,0,,,,
707361,宜特凱基61購01,10400,0.52,0.52,0.52,0.52
707362,信紘科凱基5A購01,0,,,,
707363,威聯通凱基5A購01,0,,,,
707364,頎邦凱基63購01,0,,,,
707365,精材凱基5A購02,0,,,,
707366,衛司特凱基5B購01,1400,0.14,0.14,0.14,0.14
707367,璟德凱基5A購01,0,,,,
707368,鴻呈凱基5A購01,0,,,,
707369,鈊象中信5C購02,0,,,,
707370,立碁永豐5C購01,96430,0.82,0.85,0.8,0.85
707371,前鼎永豐61購02,90160,1.15,1.17,1.12,1.17
707372,群翊永豐5B購01,0,,,,
707373,聖暉*永豐5C購01,56500,1.13,1.13,1.13,1.13
707374,頎邦永豐61購01,622750,2.52,2.54,2.45,2.51
707375,環球晶永豐5C購01,0,,,,
707376,譜瑞永豐5C購01,0,,,,
707377,天品國票5A購01,0,,,,
707378,泓格國票5A購01,0,,,,
707379,前鼎國票5B購02,4150,2.05,2.1,2.05,2.1
707380,群翊國票5B購02,0,,,,
707381,頎邦國票5B購04,0,,,,
707382,廣閎科國票5B購03,1502210,1.25,1.54,1.13,1.51
707383,衛司特國票5B購02,0,,,,
707384,中美晶群益5A購01,0,,,,
707385,立敦群益5A購01,0,,,,
707387,前鼎群益5A購01,0,,,,
707388,湧德群益5B購02,0,,,,
707389,順達群益5A購03,0,,,,
707390,群翊群益61購01,0,,,,
707392,頎邦群益5A購02,0,,,,
707393,頎邦群益5B購02,0,,,,
707394,廣閎科群益5B購01,5141400,2.15,2.8,2.01,2.64
707395,譜瑞群益5B購01,0,,,,
707396,千附精元大5A購01,0,,,,
707397,天品元大61購01,1036060,0.46,0.5,0.41,0.48
707398,東捷元大5A購02,1580,1.58,1.58,1.58,1.58
707399,勤凱元大5A購03,0,,,,
707400,群翊元大5A購02,0,,,,
707401,頎邦元大5B購01,0,,,,
707402,頎邦元大5C購02,0,,,,
707403,廣閎科元大5A購02,4150,0.83,0.83,0.83,0.83
707404,衛司特元大5A購01,0,,,,
707405,群翊國泰5B購02,69960,0.66,0.66,0.66,0.66
707406,久元統一64購02,0,,,,
707407,巨漢統一74購02,0,,,,
707408,安葆統一74購01,606050,0.97,1.03,0.97,1.0
707409,均豪統一63購02,62430,0.37,0.37,0.36,0.37
707410,均豪統一74購01,0,,,,
707411,宜特統一74購01,0,,,,
707412,東捷統一63購02,0,,,,
707413,東捷統一74購02,229160,1.23,1.28,1.23,1.24
707414,前鼎統一74購01,1106520,0.96,0.98,0.95,0.97
707415,宣德統一74購01,0,,,,
707416,順達統一64購02,0,,,,
707417,萬泰科統一74購02,0,,,,
707418,群翊統一74購03,0,,,,
707419,鈺太統一74購01,0,,,,
707420,宏觀富邦5C購01,1000,0.1,0.1,0.1,0.1
707421,頎邦富邦5C購02,0,,,,
707422,頎邦富邦61購02,0,,,,
707423,廣閎科富邦5B購01,921140,1.03,1.26,0.93,1.26
707424,環球晶兆豐5C購01,0,,,,
707425,譜瑞兆豐64購01,8100,0.81,0.81,0.81,0.81
707426,千附精永豐5B購01,12200,1.35,1.36,1.35,1.35
707427,大車隊永豐5B購01,0,,,,
707428,兆利永豐5A購01,0,,,,
707429,沛亨永豐61購01,0,,,,
707430,宜特永豐61購01,0,,,,
707431,朋億*永豐5B購01,0,,,,
707433,華景電永豐5B購01,0,,,,
707434,陽程永豐5B購01,0,,,,
707435,萬泰科永豐5C購02,0,,,,
707436,群翊永豐5C購01,360,0.36,0.36,0.36,0.36
707437,穩得永豐5C購01,0,,,,
707438,元太群益5A購01,0,,,,
707439,台星科群益61購01,1865530,0.83,0.85,0.77,0.85
707440,立碁群益5A購01,0,,,,
707441,宜特群益5C購01,0,,,,
707442,湧德群益61購02,0,,,,
707443,勤凱群益5B購02,0,,,,
707444,新應材群益5A購02,0,,,,
707445,群翊群益64購01,0,,,,
707447,巨漢國泰5B購01,0,,,,
707448,正淩國泰5B購01,0,,,,
707449,立碁國泰5B購01,0,,,,
707450,陽程國泰5B購01,0,,,,
707451,順達國泰5B購01,0,,,,
707452,穩得國泰5B購02,0,,,,
707453,千附統一64購01,19110,0.66,0.72,0.66,0.72
707454,千附精統一74購01,607570,0.84,0.86,0.82,0.85
707455,台星科統一74購01,15120,0.84,0.84,0.84,0.84
707456,巨漢統一64購01,0,,,,
707457,巨漢統一67購01,0,,,,
707458,正淩統一74購01,0,,,,
707459,立敦統一74購01,7600,0.76,0.76,0.76,0.76
707460,兆利統一64購02,38400,0.16,0.16,0.16,0.16
707461,金山電統一74購01,0,,,,
707462,信昌電統一64購02,0,,,,
707463,美琪瑪統一63購01,51920,0.48,0.52,0.48,0.51
707464,美琪瑪統一64購02,20170,0.38,0.39,0.38,0.39
707465,湧德統一64購01,0,,,,
707466,湧德統一64購02,0,,,,
707467,陽程統一66購01,0,,,,
707468,陽程統一74購02,0,,,,
707469,陽程統一74購03,0,,,,
707470,順達統一74購01,16400,0.54,0.55,0.54,0.55
707471,新應材統一67購01,2600,0.26,0.26,0.26,0.26
707472,聖暉*統一63購01,291020,0.66,0.7,0.66,0.7
707473,鉅橡統一64購03,0,,,,
707474,蜜望實統一74購01,0,,,,
707475,天品凱基61購01,289560,0.66,0.7,0.62,0.7
707476,台星科凱基5A購02,0,,,,
707477,立敦凱基5A購02,0,,,,
707478,立碁凱基5A購01,0,,,,
707479,宜特凱基5A購01,0,,,,
707480,美琪瑪凱基5A購02,0,,,,
707481,湧德凱基5B購02,0,,,,
707482,順達凱基5C購01,0,,,,
707483,勤凱凱基5A購01,0,,,,
707484,萬泰科凱基5A購01,680,0.02,0.02,0.02,0.02
707485,群翊凱基61購01,0,,,,
707487,巨漢元大5A購01,0,,,,
707488,巨漢元大5A購02,0,,,,
707489,巨漢元大5A購03,0,,,,
707490,巨漢元大5A購04,0,,,,
707491,均豪元大5A購02,0,,,,
707492,均豪元大5C購01,0,,,,
707493,宏觀元大61購01,130,0.13,0.13,0.13,0.13
707494,沛亨元大5A購01,0,,,,
707495,沛亨元大5A購02,0,,,,
707496,沛亨元大5A購03,0,,,,
707497,沛亨元大5A購04,0,,,,
707498,矽科元大5A購01,0,,,,
707499,矽科元大61購01,3000,0.03,0.03,0.03,0.03
707500,美琪瑪元大5A購02,600,0.06,0.06,0.06,0.06
707503,華景電元大5A購04,0,,,,
707504,新應材元大5A購04,210,0.07,0.07,0.07,0.07
707505,新應材元大5A購05,0,,,,
707506,新應材元大5C購01,0,,,,
707507,新應材元大61購04,0,,,,
707508,群翊元大5A購06,0,,,,
707509,巨漢國票5A購01,0,,,,
707510,巨漢國票5B購01,0,,,,
707511,沛亨國票5B購02,0,,,,
707512,東捷國票5A購02,2500,2.5,2.5,2.5,2.5
707513,矽科國票5B購03,0,,,,
707514,萬泰科國票5B購01,0,,,,
707515,榮田國票5A購01,54620,0.16,0.27,0.16,0.27
707516,久元富邦61購01,0,,,,
707517,宏捷科富邦5C購02,0,,,,
707518,宏捷科富邦61購01,0,,,,
707519,家登富邦5C購01,0,,,,
707520,湧德富邦5C購01,0,,,,
707521,新應材富邦61購02,0,,,,
707522,萬泰科富邦5B購01,0,,,,
707523,雙鴻富邦5C購07,0,,,,
707524,雙鴻富邦5C購08,102730,2.25,2.59,2.25,2.53
707525,譜瑞富邦5C購02,143300,0.59,0.61,0.59,0.61
707526,千附精凱基5A購01,0,,,,
707527,元太凱基61購01,0,,,,
707528,均豪凱基5A購01,0,,,,
707529,宏觀凱基61購01,0,,,,
707530,宜特凱基5A購02,0,,,,
707531,前鼎凱基5B購02,412040,1.96,2.14,1.9,2.08
707533,華景電凱基5A購03,0,,,,
707534,陽程凱基63購01,0,,,,
707535,新應材凱基61購02,0,,,,
707536,萬泰科凱基5B購01,0,,,,
707537,新應材兆豐5C購01,0,,,,
707538,弘塑國票5B購01,0,,,,
707539,宜特國票5B購02,0,,,,
707541,前鼎國票5B購03,81470,1.12,1.24,1.07,1.24
707542,陽程國票5A購01,0,,,,
707543,新應材國票5A購04,7920,0.04,0.04,0.04,0.04
707544,弘塑永豐5B購03,0,,,,
707545,弘塑永豐5C購04,0,,,,
707546,弘塑永豐61購02,0,,,,
707547,弘塑永豐64購01,6000,0.2,0.2,0.2,0.2
707548,新應材永豐5B購02,0,,,,
707549,新應材永豐5B購03,0,,,,
707550,新應材永豐64購01,5880,0.21,0.21,0.21,0.21
707551,精材永豐5C購01,0,,,,
707552,台星科台新5A購01,0,,,,
707553,弘塑台新5A購01,0,,,,
707554,弘塑台新5A購02,0,,,,
707555,安葆台新5A購01,1628670,1.13,1.5,1.13,1.22
707556,前鼎台新5A購01,76350,1.9,1.91,1.9,1.91
707557,威聯通台新5A購01,0,,,,
707558,新應材台新5A購01,0,,,,
707559,新應材台新5A購02,0,,,,
707560,群翊台新5A購01,0,,,,
707561,群翊台新5A購02,0,,,,
707562,力致群益5B購01,0,,,,
707563,千附精群益5A購01,0,,,,
707564,弘塑群益5A購04,0,,,,
707565,弘塑群益5C購01,56000,0.08,0.08,0.08,0.08
707566,萬泰科群益5A購02,0,,,,
707567,鑫聯群益5C購01,0,,,,
707568,弘塑國泰61購01,0,,,,
707569,弘塑國泰61購02,2100,0.21,0.21,0.21,0.21
707570,環球晶國泰5B購01,0,,,,
707571,環球晶國泰5B購02,0,,,,
707572,弘塑富邦5C購02,760,0.1,0.11,0.1,0.11
707573,弘塑富邦64購01,1760,0.16,0.16,0.16,0.16
707574,前鼎富邦5C購01,907000,1.31,1.31,1.29,1.29
707575,力致統一74購01,400,0.4,0.4,0.4,0.4
707576,中美晶統一64購01,0,,,,
707577,元太統一64購01,108680,0.44,0.46,0.43,0.46
707578,元太統一74購01,14940,0.83,0.83,0.83,0.83
707579,弘塑統一62購02,1200,0.12,0.12,0.12,0.12
707580,弘塑統一64購01,99450,0.16,0.18,0.16,0.18
707581,弘塑統一64購02,9800,0.13,0.14,0.13,0.14
707582,弘塑統一64購03,0,,,,
707583,立敦統一64購01,0,,,,
707584,兆利統一74購01,300,0.3,0.3,0.3,0.3
707585,宜特統一63購01,0,,,,
707586,宜特統一64購01,0,,,,
707587,金山電統一63購01,0,,,,
707588,金山電統一64購02,0,,,,
707589,前鼎統一63購02,0,,,,
707590,美琪瑪統一74購01,0,,,,
707592,陽程統一64購03,0,,,,
707593,意德士統一62購01,0,,,,
707594,意德士統一64購01,0,,,,
707595,意德士統一74購01,0,,,,
707596,臺慶科統一64購01,0,,,,
707597,蜜望實統一63購02,0,,,,
707598,蜜望實統一64購01,39300,1.35,1.35,1.27,1.27
707599,蜜望實統一74購02,2040,1.02,1.02,1.02,1.02
707600,環球晶統一63購03,0,,,,
707601,弘塑元大5A購02,0,,,,
707602,弘塑元大61購01,3150,0.21,0.21,0.21,0.21
707603,立碁元大5C購01,0,,,,
707604,宜特元大5A購02,0,,,,
707605,宜特元大5C購02,0,,,,
707606,前鼎元大5A購03,0,,,,
707608,前鼎元大5C購02,0,,,,
707609,前鼎元大61購01,446360,1.44,1.45,1.37,1.38
707610,勤凱元大5A購04,0,,,,
707611,勤凱元大5A購05,0,,,,
707612,勤凱元大5A購06,0,,,,
707613,雙鴻元大5A購07,0,,,,
707614,雙鴻元大61購13,414970,2.14,2.35,2.14,2.29
707615,穩得元大5A購02,0,,,,
707616,鑫聯元大5A購02,0,,,,
707617,九豪永豐5C購01,0,,,,
707618,天品永豐5B購01,182260,0.36,0.43,0.36,0.43
707619,立敦永豐5A購01,0,,,,
707620,宜特永豐5B購02,0,,,,
707621,美琪瑪永豐5C購01,280,0.28,0.28,0.28,0.28
707622,鈊象永豐5C購01,40320,0.63,0.63,0.63,0.63
707623,精材永豐61購01,0,,,,
707624,蜜望實永豐5C購01,0,,,,
707625,環球晶永豐5C購02,0,,,,
707626,九豪凱基5A購03,0,,,,
707627,力致凱基5B購01,0,,,,
707628,宏捷科凱基5B購01,0,,,,
707629,長科*凱基5A購01,0,,,,
707631,群翊凱基5A購01,0,,,,
707632,精材凱基5A購03,1158000,19.2,19.4,19.2,19.4
707633,蜜望實凱基5A購01,0,,,,
707634,環球晶凱基5B購01,0,,,,
707635,穩得凱基5A購01,0,,,,
707636,九豪台新5A購01,0,,,,
707637,九豪台新5A購02,0,,,,
707638,九豪台新5A購03,0,,,,
707639,中美晶台新5A購01,0,,,,
707640,中美晶台新5B購01,0,,,,
707641,宜特台新5B購01,0,,,,
707642,宜特台新61購01,1500,0.15,0.15,0.15,0.15
707643,茂迪台新5A購01,0,,,,
707644,博磊台新5A購01,0,,,,
707645,博磊台新5A購02,0,,,,
707646,博磊台新5A購03,0,,,,
707647,環球晶台新5A購01,0,,,,
707648,環球晶台新5A購02,0,,,,
707649,譜瑞台新5A購01,0,,,,
707650,聖暉*兆豐5C購01,0,,,,
707651,九豪元大5A購02,0,,,,
707652,九豪元大5A購03,0,,,,
707653,力致元大5A購01,150,0.01,0.01,0.01,0.01
707654,安葆元大5A購01,40960,0.61,0.61,0.53,0.53
707655,系統電元大5A購02,0,,,,
707656,宜特元大5A購03,0,,,,
707657,宜特元大5B購01,0,,,,
707658,宜特元大5C購03,0,,,,
707659,宜特元大61購01,0,,,,
707660,宜特元大63購02,32800,0.22,0.25,0.22,0.25
707661,朋億*元大5A購01,900,0.15,0.15,0.15,0.15
707664,博磊元大5A購02,0,,,,
707665,意德士元大5A購01,0,,,,
707666,新盛力元大5A購02,0,,,,
707667,鉅橡元大5A購01,0,,,,
707668,蜜望實元大5A購01,0,,,,
707669,蜜望實元大5A購02,0,,,,
707670,九豪群益5A購03,0,,,,
707671,元太群益5A購02,0,,,,
707672,美琪瑪群益5A購02,0,,,,
707673,蜜望實群益5A購01,0,,,,
707674,優群群益5A購01,0,,,,
707676,加高國票5B購01,55800,0.38,0.44,0.38,0.4
707677,艾訊國票5B購01,32500,0.81,0.82,0.81,0.82
707678,均豪國票5A購02,0,,,,
707679,宜特國票5B購03,0,,,,
707680,博磊國票5B購01,131050,0.21,0.22,0.21,0.21
707681,漢達國票5B購01,0,,,,
707682,蜜望實國票5A購02,0,,,,
707683,九豪富邦5C購01,0,,,,
707684,宜特富邦61購01,0,,,,
707685,九豪統一64購01,0,,,,
707686,九豪統一64購02,0,,,,
707687,九豪統一74購01,0,,,,
707688,千附統一74購01,85550,1.03,1.05,1.03,1.05
707689,千附精統一74購02,911360,1.14,1.15,1.13,1.15
707690,台星科統一74購02,0,,,,
707691,兆利統一74購02,360,0.36,0.36,0.36,0.36
707692,兆利統一74購03,0,,,,
707693,宏觀統一74購01,0,,,,
707694,系統電統一64購02,0,,,,
707695,宜特統一64購02,0,,,,
707696,宜特統一65購02,0,,,,
707697,宜特統一74購02,8400,0.42,0.42,0.42,0.42
707698,茂迪統一67購02,0,,,,
707699,意德士統一65購01,0,,,,
707700,意德士統一74購02,0,,,,
707701,萬泰科統一74購03,0,,,,
707702,臺慶科統一66購01,39000,0.78,0.78,0.78,0.78
707703,優群統一66購01,0,,,,
707704,環球晶統一64購03,0,,,,
707705,環球晶統一74購01,9250,1.85,1.85,1.85,1.85
707706,力致台新5A購01,0,,,,
707707,力致台新5A購02,0,,,,
707708,久元台新5A購01,1200,0.03,0.03,0.03,0.03
707709,美琪瑪台新5A購01,0,,,,
707710,千附精國票5B購02,4270,0.53,0.54,0.53,0.54
707711,千附精國票5B購03,0,,,,
707712,方土昶國票5B購01,0,,,,
707713,立碁國票5B購01,16200,0.81,0.81,0.81,0.81
707714,邑昇國票5B購01,250,0.05,0.05,0.05,0.05
707715,欣銓國票5B購02,196600,1.28,1.28,1.17,1.21
707716,信紘科國票5A購01,2900,0.1,0.1,0.1,0.1
707717,信紘科國票5B購01,0,,,,
707718,家登國票5A購01,0,,,,
707719,能率亞國票5B購01,26100,0.87,0.87,0.87,0.87
707720,華容國票5B購01,0,,,,
707721,群聯國票5B購01,628150,1.37,1.37,1.21,1.26
707722,蜜望實國票5B購01,0,,,,
707724,千附精元大5A購02,0,,,,
707725,千附精元大5A購03,0,,,,
707726,千附精元大5A購04,0,,,,
707727,千附精元大5A購05,0,,,,
707728,千附精元大5A購06,0,,,,
707729,欣銓元大5A購02,0,,,,
707730,欣銓元大63購03,7600,2.6,2.6,2.4,2.4
707731,美琪瑪元大5A購03,0,,,,
707732,華容元大5A購01,0,,,,
707733,群翊元大5A購07,0,,,,
707734,群聯元大5A購01,191050,0.82,0.85,0.75,0.85
707735,群聯元大5A購02,65550,0.52,0.56,0.47,0.5
707736,鈺太元大61購01,0,,,,
707738,蜜望實元大5A購04,0,,,,
707739,蜜望實元大5A購05,0,,,,
707740,千附精凱基5A購02,0,,,,
707741,方土昶凱基5A購01,0,,,,
707742,欣銓凱基5A購01,43050,1.52,1.52,1.35,1.35
707743,欣銓凱基5A購02,26900,2.69,2.69,2.69,2.69
707744,信紘科凱基5A購02,0,,,,
707746,萬泰科凱基5A購02,16150,8.95,8.95,7.2,7.2
707747,群聯凱基5A購01,375670,0.83,1.3,0.69,0.75
707748,群聯凱基5A購02,2110,2.11,2.11,2.11,2.11
707749,蜜望實凱基5A購02,14000,0.7,0.7,0.7,0.7
707750,千附精永豐5C購01,0,,,,
707751,方土昶永豐5A購01,0,,,,
707752,世禾永豐5B購01,0,,,,
707753,立碁永豐61購01,32400,0.38,0.42,0.38,0.42
707754,欣銓永豐5A購01,0,,,,
707755,欣銓永豐5C購01,657240,1.7,1.7,1.6,1.61
707756,新盛力永豐5A購01,0,,,,
707757,群聯永豐61購01,2791680,0.81,0.83,0.76,0.79
707758,群聯永豐64購01,1653430,1.1,1.1,0.97,0.99
707759,蜜望實永豐61購01,369360,0.88,0.88,0.85,0.85
707760,信昌電國泰5B購01,0,,,,
707761,信紘科國泰5B購01,0,,,,
707762,群翊國泰5C購01,0,,,,
707763,群聯群益5B購01,1064930,1.81,1.83,1.64,1.73
707764,群聯群益61購01,977680,1.76,1.77,1.6,1.68
707765,群聯群益64購01,832770,2.14,2.14,1.98,2.05
707766,蜜望實國泰5B購01,0,,,,
707767,精材兆豐5C購01,0,,,,
707768,力旺永豐5A購01,4000,0.04,0.04,0.04,0.04
707769,力旺永豐5B購01,0,,,,
707770,力旺永豐5C購01,23000,0.2,0.2,0.16,0.16
707771,台半永豐5C購01,68840,1.76,1.78,1.76,1.78
707772,巨有永豐5C購01,3800,3.8,3.8,3.8,3.8
707773,立端永豐5A購01,0,,,,
707774,宏捷科永豐5C購02,0,,,,
707775,亞通永豐5A購01,12000,1.0,1.0,1.0,1.0
707776,旺矽永豐5B購02,203650,0.52,0.52,0.44,0.45
707777,信昌電永豐5C購01,0,,,,
707778,信驊永豐5B購04,0,,,,
707779,華景電永豐5C購02,0,,,,
707780,精測永豐61購02,184400,0.27,0.27,0.23,0.25
707781,臺慶科永豐5B購01,5040,0.72,0.72,0.72,0.72
707782,聰泰永豐5A購01,2420,0.08,0.18,0.08,0.18
707783,力旺凱基5A購03,0,,,,
707784,力旺凱基5A購04,0,,,,
707785,力旺凱基5B購02,73550,0.28,0.38,0.28,0.3
707786,力旺凱基5C購01,12600,0.21,0.21,0.21,0.21
707787,力旺凱基61購01,2200,0.22,0.6,0.22,0.6
707788,立碁凱基5B購01,15710,0.22,0.22,0.19,0.21
707789,宏捷科凱基5A購02,0,,,,
707790,旺矽凱基5A購05,17200,0.35,0.35,0.33,0.33
707791,旺矽凱基5B購02,382800,0.41,0.41,0.34,0.35
707792,旺矽凱基5C購02,6850,0.47,0.47,0.45,0.45
707793,信昌電凱基5A購02,0,,,,
707794,信昌電凱基5A購03,0,,,,
707795,信驊凱基5A購04,0,,,,
707796,信驊凱基5B購03,76260,4.74,4.81,4.6,4.6
707797,信驊凱基5C購02,35360,4.42,4.42,4.42,4.42
707798,信驊凱基61購04,353910,4.15,4.15,3.83,3.83
707799,家登凱基5A購01,124840,0.99,1.19,0.99,1.19
707800,華景電凱基5A購04,0,,,,
707801,群翊凱基5A購02,200,0.01,0.01,0.01,0.01
707802,精測凱基5A購01,0,,,,
707803,精測凱基5A購02,0,,,,
707804,精測凱基5A購03,2700,0.09,0.09,0.09,0.09
707805,力領台新5A購01,0,,,,
707806,世界台新5A購01,0,,,,
707807,宏捷科台新5A購01,0,,,,
707808,宏捷科台新5A購02,0,,,,
707809,宏捷科台新61購01,12000,0.24,0.24,0.24,0.24
707810,旺矽台新5A購01,8800,0.44,0.44,0.44,0.44
707811,旺矽台新5A購02,0,,,,
707812,信驊台新5A購01,0,,,,
707813,信驊台新5A購02,39700,3.97,3.97,3.97,3.97
707814,群翊台新5A購03,0,,,,
707815,璟德台新5A購01,0,,,,
707816,力旺元大5A購04,89820,0.18,0.18,0.18,0.18
707817,力旺元大5A購05,600,0.01,0.01,0.01,0.01
707818,力旺元大5B購01,0,,,,
707819,均豪元大5A購03,0,,,,
707820,旺矽元大5A購04,68800,0.3,0.4,0.3,0.37
707821,旺矽元大5B購02,2070,0.5,0.57,0.5,0.57
707822,旺矽元大61購02,21650,0.88,0.95,0.88,0.95
707823,長科*元大5A購01,0,,,,
707824,信昌電元大5A購03,0,,,,
707825,信昌電元大5A購04,0,,,,
707827,信昌電元大5A購06,0,,,,
707828,信驊元大5A購02,98790,3.06,3.06,2.64,2.64
707829,信驊元大63購01,1836000,5.4,5.65,5.1,5.2
707830,美琪瑪元大5A購04,0,,,,
707831,華景電元大5A購05,0,,,,
707832,新盛力元大61購01,0,,,,
707833,群翊元大61購01,730,0.23,0.26,0.23,0.26
707834,精測元大5B購02,292330,0.57,0.57,0.45,0.49
707835,精測元大63購04,9700,0.49,0.49,0.48,0.48
707836,穩得元大5A購03,0,,,,
707837,中光電國泰5B購01,0,,,,
707838,立碁國泰5B購02,0,,,,
707839,旺矽國泰5B購01,0,,,,
707840,旺矽國泰5B購02,1151740,0.53,0.53,0.47,0.47
707841,信昌電國泰5B購02,0,,,,
707842,新盛力國泰5B購01,0,,,,
707843,旺矽統一64購02,38170,0.91,0.92,0.9,0.92
707844,群聯統一64購01,648990,1.0,1.01,0.94,0.97
707845,精測統一64購03,210050,0.37,0.37,0.34,0.34
707846,力旺富邦5C購01,83580,0.3,0.3,0.23,0.29
707847,良維富邦62購01,48730,0.76,0.84,0.76,0.84
707848,旺矽富邦64購02,1104180,0.85,0.85,0.74,0.75
707849,欣銓富邦5A購01,4800,0.96,0.96,0.96,0.96
707850,欣銓富邦64購01,1674930,1.05,1.05,0.96,0.97
707851,信紘科富邦62購01,12410,0.4,0.41,0.4,0.41
707852,信驊富邦61購01,650460,4.34,4.45,3.91,4.05
707853,華電網富邦62購01,0,,,,
707854,順達富邦62購01,42750,0.57,0.57,0.57,0.57
707855,新盛力富邦5C購01,0,,,,
707856,新盛力富邦61購01,0,,,,
707857,群翊富邦5B購01,5000,0.05,0.05,0.05,0.05
707858,群聯富邦5C購01,157060,0.97,0.98,0.87,0.9
707859,群聯富邦61購01,413760,1.24,1.24,1.07,1.12
707860,精測富邦61購01,22420,0.23,0.23,0.2,0.2
707861,M31凱基5A購02,0,,,,
707862,M31凱基5A購03,0,,,,
707863,宏觀凱基61購02,0,,,,
707864,良維凱基5B購03,0,,,,
707865,家登凱基5A購02,26200,0.33,0.33,0.32,0.32
707866,華景電凱基5C購01,0,,,,
707867,新盛力凱基5A購03,0,,,,
707868,聖暉*凱基5A購02,0,,,,
707869,鏵友益凱基5A購01,0,,,,
707870,環球晶兆豐5C購02,0,,,,
707871,M31元大5A購01,0,,,,
707872,M31元大5A購02,0,,,,
707873,M31元大61購01,1392090,0.24,0.42,0.24,0.35
707874,M31元大63購01,1182900,0.3,0.63,0.3,0.61
707875,久元元大5A購02,0,,,,
707876,千附元大5A購01,800,0.16,0.16,0.16,0.16
707877,加高元大5A購01,0,,,,
707878,台嘉碩元大5A購02,0,,,,
707879,立敦元大5A購01,0,,,,
707881,立碁元大63購01,230560,1.05,1.12,1.04,1.1
707882,宏觀元大5C購01,0,,,,
707883,欣銓元大5A購03,41500,1.4,1.4,1.35,1.35
707884,家登元大61購01,0,,,,
707885,華電網元大5A購02,0,,,,
707886,鈺太元大5A購01,0,,,,
707887,鏵友益元大5A購01,0,,,,
707888,元債20群益5A購01,0,,,,
707889,世界群益5A購02,18900,0.63,0.63,0.63,0.63
707890,宏觀群益5A購01,0,,,,
707891,欣銓群益5A購01,0,,,,
707892,翔名群益5A購01,0,,,,
707893,環球晶群益5A購04,369950,4.55,4.62,4.51,4.53
707894,M31富邦5C購01,81320,0.23,0.33,0.23,0.31
707895,元太富邦61購01,117480,0.49,0.5,0.49,0.5
707896,台星科富邦61購01,608620,0.43,0.45,0.42,0.45
707897,均豪富邦62購01,0,,,,
707898,宏捷科富邦5C購03,0,,,,
707899,宏捷科富邦61購02,0,,,,
707900,華景電富邦61購01,0,,,,
707901,鈊象富邦61購01,17250,0.41,0.44,0.41,0.41
707902,萬泰科富邦62購01,0,,,,
707903,欣銓群益5A購02,597100,0.43,0.45,0.37,0.37
707904,新盛力群益5A購01,0,,,,
707906,久元元大5A購03,0,,,,
707907,方土昶元大5A購01,0,,,,
707908,世界元大5A購03,0,,,,
707909,尼克森元大5A購01,13260,0.58,0.58,0.55,0.55
707910,立碁元大5A購03,0,,,,
707911,兆利元大5A購01,380,0.01,0.01,0.01,0.01
707912,均華元大5A購01,0,,,,
707913,均華元大5A購02,0,,,,
707914,均豪元大5A購04,0,,,,
707915,沛亨元大5A購05,0,,,,
707916,邑昇元大5A購01,0,,,,
707917,信紘科元大5A購02,4940,0.26,0.26,0.26,0.26
707918,家登元大5A購03,0,,,,
707919,家登元大5A購04,0,,,,
707920,華景電元大5A購06,0,,,,
707921,華景電元大63購01,0,,,,
707922,新盛力元大5A購03,0,,,,
707923,德微元大5A購01,0,,,,
707924,久元凱基5A購01,0,,,,
707925,合晶凱基5A購01,260000,26.0,26.0,26.0,26.0
707926,均華凱基5A購01,0,,,,
707927,系微凱基5A購03,0,,,,
707928,欣銓凱基63購01,156400,1.21,1.24,1.16,1.16
707929,家登凱基5A購03,40500,0.27,0.27,0.27,0.27
707930,鈺太凱基61購01,0,,,,
707931,環球晶凱基5A購01,146200,3.58,3.73,3.58,3.73
707932,世禾富邦5C購02,0,,,,
707933,均華富邦61購01,41660,0.12,0.12,0.11,0.12
707934,沛亨富邦5B購01,0,,,,
707935,欣銓富邦5B購01,95040,0.46,0.46,0.41,0.42
707936,中美晶兆豐64購01,21970,2.74,2.75,2.74,2.75
707937,順達兆豐5C購02,0,,,,
707938,世界群益5A購03,0,,,,
707939,合晶群益5B購01,0,,,,
707940,良維群益5A購01,0,,,,
707941,原相群益5A購01,0,,,,
707942,創惟群益5B購01,0,,,,
707943,富喬群益5A購03,38000,0.19,0.19,0.19,0.19
707944,富喬群益5A購04,0,,,,
707945,聖暉*群益5B購01,0,,,,
707946,德微群益5A購01,72920,3.66,3.66,3.52,3.52
707947,雙鴻群益5B購06,71280,1.73,1.79,1.67,1.67
707948,久元凱基5A購02,0,,,,
707949,千附凱基5A購01,0,,,,
707950,世界凱基5A購02,3500,0.7,0.7,0.7,0.7
707951,兆利凱基5A購01,0,,,,
707952,艾訊凱基5B購01,9630,1.07,1.07,1.07,1.07
707953,均豪凱基5A購02,0,,,,
707954,沛亨凱基5A購02,0,,,,
707955,家登凱基5A購04,0,,,,
707956,勤凱凱基5A購02,38000,0.38,0.38,0.38,0.38
707957,新盛力凱基5B購01,72120,1.86,1.86,1.83,1.83
707958,鉅橡凱基5A購03,0,,,,
707959,雙鴻凱基5A購07,0,,,,
707960,雙鴻凱基61購02,10410,1.63,2.0,1.63,2.0
707961,中美晶富邦5A購01,0,,,,
707962,長科*富邦62購01,54540,0.88,0.88,0.85,0.85
707963,家登富邦61購01,79450,0.56,0.58,0.55,0.58
707964,富喬富邦61購01,216520,0.39,0.39,0.34,0.34
707965,聖暉*富邦5C購01,33540,0.45,0.45,0.44,0.44
707966,鉅橡富邦5B購01,0,,,,
707967,鈺太富邦5A購01,0,,,,
707968,優群富邦61購01,12000,0.12,0.12,0.12,0.12
707969,環球晶富邦5B購01,0,,,,
707970,雙鴻富邦5C購09,0,,,,
707971,巨有元大5A購01,161050,4.11,4.15,4.11,4.15
707972,富喬元大5C購02,78050,0.35,0.35,0.35,0.35
707973,華義元大5A購01,0,,,,
707974,環球晶元大5A購01,40310,1.45,1.45,1.3,1.3
707975,雙鴻兆豐5C購02,79000,1.72,1.84,1.7,1.84
707976,世界兆豐5C購01,0,,,,
707977,富喬國票5A購02,127500,0.17,0.17,0.17,0.17
707978,富喬國票5B購02,0,,,,
707979,華義國票5B購01,0,,,,
707980,華義國票5B購02,0,,,,
707981,新盛力國票5A購02,19380,1.14,1.14,1.14,1.14
707982,雙鴻凱基5A購08,224440,0.77,1.12,0.75,1.01
707983,良維凱基5A購04,0,,,,
707984,聖暉*凱基5C購01,102000,0.63,0.68,0.63,0.68
707985,德微凱基5A購02,174200,1.3,1.37,1.07,1.37
707986,環球晶凱基5A購02,0,,,,
707987,雙鴻凱基5C購06,0,,,,
707988,譜瑞群益5A購01,0,,,,
707989,系統電國泰5B購01,0,,,,
707990,新盛力國泰5B購02,0,,,,
707991,群聯國泰5B購01,427970,1.59,1.68,1.48,1.61
707992,群聯國泰5B購02,23860,1.1,1.1,1.08,1.08
707993,立碁元大5A購04,4200,0.42,0.42,0.42,0.42
707994,系微元大5C購01,0,,,,
707995,德微元大5A購02,13000,0.65,0.65,0.65,0.65
707996,立碁永豐5B購02,346190,0.47,0.5,0.46,0.47
707997,新盛力永豐61購01,7300,1.46,1.46,1.46,1.46
707998,群聯永豐5C購01,150260,0.93,0.93,0.88,0.88
707999,聖暉*永豐5C購02,960,0.16,0.16,0.16,0.16
708000,德微永豐5B購01,2600,1.3,1.3,1.3,1.3
708001,雙鴻永豐5C購04,0,,,,
708002,雙鴻永豐61購03,40000,2.0,2.0,2.0,2.0
708003,立碁國票5B購02,710,0.71,0.71,0.71,0.71
708004,兆利國票5B購01,300,0.03,0.03,0.03,0.03
708005,系微國票5B購01,0,,,,
708006,良維國票5B購01,640,0.16,0.16,0.16,0.16
708007,凌陽創國票5B購01,0,,,,
708008,群聯國票5B購03,478470,0.9,0.9,0.78,0.84
708009,聖暉*國票5B購01,0,,,,
708010,鉅橡國票5B購02,0,,,,
708011,矽科台新5A購01,0,,,,
708012,捷創台新5A購01,136480,0.48,0.48,0.4,0.4
708013,富強鑫台新5A購01,0,,,,
708014,崴寶台新5A購01,0,,,,
708015,群聯台新5A購01,92530,3.48,3.48,3.19,3.36
708016,群聯台新5A購02,487220,2.16,2.24,1.91,2.01
708017,群聯台新5A購03,624210,1.03,1.03,0.87,0.98
708018,穩得台新5A購01,0,,,,
708019,良維凱基5B購04,3280,0.08,0.08,0.08,0.08
708020,東捷凱基5A購03,1950,1.95,1.95,1.95,1.95
708021,群聯凱基5B購01,785560,1.11,1.11,1.0,1.06
708022,精材凱基5C購01,0,,,,
708023,譜瑞凱基5A購01,0,,,,
708024,三聯國票5A購01,4900,0.15,0.16,0.13,0.16
708025,大綜國票5A購01,76490,0.72,0.76,0.71,0.71
708026,太景*國票5B購01,0,,,,
708027,良維國票5B購02,334550,0.23,0.23,0.22,0.22
708028,朋程國票5A購01,0,,,,
708029,崴寶國票5B購01,7260,0.22,0.22,0.22,0.22
708030,群翊國票5B購03,0,,,,
708031,群聯國票5B購04,6720,1.12,1.12,1.12,1.12
708032,環球晶國票5A購02,0,,,,
708033,譜瑞國票5B購01,3300,0.11,0.11,0.11,0.11
708034,久元永豐5C購01,7080,0.12,0.12,0.12,0.12
708035,良維永豐5C購02,0,,,,
708036,精材永豐5C購02,0,,,,
708037,雙鴻永豐5B購03,543330,1.06,1.35,1.02,1.22
708038,雙鴻永豐63購02,474390,1.57,1.8,1.57,1.78
708039,力致國泰5C購01,0,,,,
708040,良維元大5A購04,23380,0.07,0.07,0.07,0.07
708041,良維元大63購01,163440,0.42,0.44,0.42,0.42
708042,新盛力元大5A購04,1090,1.09,1.09,1.09,1.09
708043,良維富邦61購01,139280,0.24,0.25,0.22,0.23
708044,新盛力富邦61購02,189410,1.01,1.05,1.0,1.05
708045,兆利群益5A購01,0,,,,
708046,系統電群益5B購01,0,,,,
708047,良維群益5B購03,0,,,,
708048,臺慶科群益5A購01,0,,,,
708049,雙鴻群益5A購07,23920,1.84,1.84,1.84,1.84
708050,中美晶台新5B購02,6950,1.39,1.39,1.39,1.39
708051,兆利台新5A購01,0,,,,
708052,兆利台新5A購02,0,,,,
708053,環球晶台新5A購03,0,,,,
708054,環球晶台新5A購04,83200,2.6,2.6,2.6,2.6
708055,群聯元大5A購03,41370,0.48,0.48,0.41,0.43
708056,環球晶元大5A購02,0,,,,
708057,環球晶元大5A購03,0,,,,
708058,環球晶元大5A購04,6120,1.53,1.53,1.53,1.53
708059,世界凱基5A購03,52200,0.87,0.87,0.87,0.87
708060,系統電凱基5A購03,0,,,,
708061,欣銓凱基5A購03,105780,0.91,0.91,0.73,0.75
708062,順達凱基5A購04,0,,,,
708063,群聯凱基5B購02,2180,0.36,0.38,0.36,0.38
708064,群聯兆豐64購01,143290,1.86,1.86,1.8,1.81
708065,中美晶群益5C購01,67030,1.23,1.32,1.23,1.32
708066,群聯群益5B購02,230340,0.62,0.62,0.54,0.57
708067,群聯群益5C購01,435990,1.03,1.03,0.94,0.98
708068,精材群益5A購05,0,,,,
708069,精材群益5A購06,0,,,,
708070,雙鴻群益5B購07,90480,1.12,1.49,1.12,1.49
708071,凡甲國票5B購01,1400,0.14,0.14,0.14,0.14
708072,久元國票5B購01,0,,,,
708073,中美晶國票5B購01,145790,1.0,1.12,1.0,1.12
708074,欣銓國票5C購01,10500,1.36,1.36,1.23,1.23
708075,萬泰科國票5B購02,0,,,,
708076,群聯國票5B購05,208010,1.08,1.08,0.93,1.0
708077,精材國票5B購01,0,,,,
708078,鑫聯國票5B購01,0,,,,
708079,鴻呈國泰5C購01,0,,,,
708080,譜瑞國泰5B購01,0,,,,
708081,久元富邦61購02,0,,,,
708082,系統電富邦61購01,0,,,,
708083,家登富邦5C購02,522120,0.87,0.9,0.86,0.9
708084,群聯富邦5C購02,0,,,,
708085,群聯富邦61購02,80340,0.83,0.83,0.77,0.77
708086,譜瑞富邦5C購03,0,,,,
708087,譜瑞富邦61購01,26200,0.15,0.15,0.14,0.15
708088,群聯永豐5C購02,299680,0.54,0.54,0.5,0.5
708089,群聯永豐64購02,0,,,,
708090,精材永豐5B購02,0,,,,
708091,中美晶凱基61購02,284930,1.64,1.65,1.62,1.65
708092,矽科凱基5B購01,0,,,,
708093,群聯凱基61購01,399960,0.46,0.46,0.42,0.42
708094,精材凱基5B購02,0,,,,
708095,環球晶凱基5B購02,0,,,,
708096,譜瑞凱基5B購01,0,,,,
708097,久元國票5C購01,0,,,,
708098,台星科國票5C購01,0,,,,
708099,正淩國票5C購01,0,,,,
708100,亞信國票5C購01,0,,,,
708101,佳邦國票5C購01,2100,0.14,0.14,0.14,0.14
708102,金山電國票5C購01,0,,,,
708103,原相國票5B購01,9000,0.09,0.09,0.09,0.09
708104,原相國票5C購01,0,,,,
708105,家登國票5B購01,0,,,,
708106,新潤國票5C購01,60,0.06,0.06,0.06,0.06
708107,群聯國票61購01,26400,0.69,0.69,0.63,0.63
708108,精華國票5C購01,0,,,,
708109,磐儀國票5C購01,1100,0.11,0.11,0.11,0.11
708110,世界台新5B購01,640,0.64,0.64,0.64,0.64
708111,矽科台新5B購01,0,,,,
708112,家登台新5B購01,0,,,,
708113,家登台新5B購02,9000,0.9,0.9,0.9,0.9
708114,家登台新62購01,72900,1.1,1.17,1.1,1.17
708115,勤凱台新5B購01,4432600,0.91,0.96,0.89,0.9
708116,群聯台新5B購01,0,,,,
708117,群聯台新5B購02,80220,0.23,0.23,0.2,0.22
708118,世界群益5B購05,0,,,,
708119,欣銓群益5B購01,11150,2.23,2.23,2.23,2.23
708120,家登群益5B購01,3480,0.58,0.58,0.58,0.58
708121,家登群益61購01,0,,,,
708122,世界永豐65購01,0,,,,
708123,台特化永豐62購01,0,,,,
708124,高鋒永豐5C購01,0,,,,
708125,群聯永豐65購01,0,,,,
708126,群聯中信62購01,25470,0.57,0.57,0.53,0.53
708127,凡甲國泰61購01,0,,,,
708128,東捷國泰61購01,190120,4.33,4.37,4.27,4.33
708129,欣銓國泰5C購01,1710,1.71,1.71,1.71,1.71
708130,群聯國泰61購01,116280,1.6,1.6,1.47,1.47
708131,中美晶富邦61購01,324160,1.37,1.43,1.37,1.43
708132,環球晶富邦5C購02,0,,,,
708133,中美晶元大5B購02,0,,,,
708134,中美晶元大5B購03,0,,,,
708135,世界元大5B購02,0,,,,
708136,世界元大5B購03,0,,,,
708137,均豪元大5B購01,0,,,,
708138,群聯元大5B購01,5580,0.93,0.93,0.93,0.93
708139,群聯元大5B購02,126000,0.9,0.9,0.9,0.9
708140,群聯元大64購01,92190,1.0,1.0,0.93,0.93
708141,精材元大5B購03,0,,,,
708142,精材元大5B購04,0,,,,
708143,精材元大5B購05,0,,,,
708144,雙鴻元大61購14,772820,1.6,1.92,1.6,1.92
708145,大學光凱基5B購01,0,,,,
708146,世界凱基5B購01,8880,0.37,0.37,0.37,0.37
708147,正淩凱基5C購01,0,,,,
708148,欣銓凱基61購01,179200,1.12,1.12,1.05,1.05
708149,原相凱基5B購02,4000,0.2,0.2,0.2,0.2
708150,家登凱基5B購01,33300,0.37,0.37,0.37,0.37
708151,群翊凱基61購02,0,,,,
708152,群聯凱基63購01,289640,0.64,0.64,0.6,0.64
708153,鈺太凱基5B購01,0,,,,
708154,安葆台新5B購01,16050,1.07,1.07,1.07,1.07
708155,家碩台新5B購01,0,,,,
708156,家碩台新5B購02,0,,,,
708157,鉅橡台新5B購01,0,,,,
708158,華景電國泰5C購01,0,,,,
708159,世界富邦5B購01,203660,0.4,0.43,0.37,0.37
708160,系微富邦63購01,18760,0.19,0.21,0.19,0.21
708161,茂迪富邦63購02,0,,,,
708162,原相富邦5B購01,1400,0.07,0.07,0.07,0.07
708163,萬泰科富邦5B購02,0,,,,
708164,群聯富邦62購01,83680,0.64,0.64,0.6,0.6
708165,群聯富邦62購02,200630,0.47,0.47,0.43,0.44
708166,凡甲永豐5C購01,0,,,,
708167,東捷永豐64購02,212330,1.73,1.73,1.66,1.69
708168,東捷永豐67購01,429060,1.67,1.81,1.66,1.77
708169,華景電永豐61購02,0,,,,
708170,璟德永豐61購01,0,,,,
708171,家登中信5B購01,0,,,,
708172,譜瑞中信5B購01,0,,,,
708173,欣銓兆豐61購01,17100,1.18,1.18,1.12,1.12
708174,凡甲國票5C購01,0,,,,
708175,安葆國票5C購01,21200,0.53,0.53,0.53,0.53
708176,東捷國票5C購01,696110,1.53,1.86,1.53,1.76
708177,華景電國票5C購01,0,,,,
708178,群翊國票5C購01,0,,,,
708179,群聯國票66購01,244520,0.81,0.81,0.76,0.78
708180,東捷群益5B購02,0,,,,
708181,東捷群益5B購03,17200,1.4,1.44,1.4,1.44
708182,華景電群益5B購01,0,,,,
708183,群聯群益61購03,24200,0.41,0.41,0.4,0.4
708184,久元元大64購01,6800,0.34,0.34,0.34,0.34
708185,正淩元大5B購01,0,,,,
708186,東捷元大5B購01,92240,1.83,2.33,1.83,2.12
708187,東捷元大5B購02,0,,,,
708188,東捷元大5B購03,0,,,,
708189,東捷元大5B購04,20020,0.91,0.91,0.91,0.91
708190,家登元大5B購02,56120,0.5,0.57,0.5,0.57
708191,順達元大64購03,0,,,,
708192,萬泰科元大5B購01,0,,,,
708193,群翊元大5B購01,0,,,,
708194,群聯元大5B購03,7020,0.27,0.27,0.25,0.26
708195,群聯元大64購02,98300,0.72,0.72,0.67,0.67
708197,精材元大5B購07,0,,,,
708198,精材元大61購06,0,,,,
708199,環球晶元大5B購01,0,,,,
708201,凡甲凱基5B購01,0,,,,
708202,久元凱基5B購01,0,,,,
708203,台特化凱基5B購01,0,,,,
708204,安葆凱基5C購01,315100,0.68,0.88,0.68,0.77
708205,家登凱基5B購02,0,,,,
708206,華景電凱基5B購01,0,,,,
708207,順達凱基63購01,247650,0.79,0.8,0.77,0.77
708208,萬泰科凱基5C購01,2340,0.26,0.26,0.26,0.26
708209,群聯凱基64購01,108280,0.62,0.62,0.58,0.59
708210,環球晶凱基5B購03,740070,2.76,2.79,2.66,2.79
708211,穩得凱基5B購01,0,,,,
708212,鑫聯凱基5C購01,0,,,,
708213,台特化台新5B購01,0,,,,
708214,台特化台新5B購02,0,,,,
708215,系微台新5B購01,0,,,,
708216,欣銓台新5B購01,116080,2.11,2.11,1.81,1.81
708217,欣銓台新5B購02,213620,1.96,1.96,1.63,1.63
708218,湧德台新5B購01,0,,,,
708219,華景電台新5B購01,0,,,,
708220,鈊象台新5B購01,116160,1.02,1.14,1.02,1.14
708221,萬泰科台新5B購01,0,,,,
708222,萬泰科台新5B購02,0,,,,
708223,精材台新5B購01,0,,,,
708225,璟德中信5B購01,0,,,,
708226,安葆國泰5C購01,0,,,,
708227,群翊國泰5C購02,0,,,,
708228,凡甲富邦61購01,0,,,,
708229,中光電富邦62購01,18400,0.61,0.62,0.61,0.61
708230,均豪富邦5B購01,0,,,,
708231,捷創富邦62購01,772670,0.74,0.74,0.61,0.61
708232,世界永豐5C購01,84500,0.84,0.85,0.84,0.85
708233,家登永豐61購01,0,,,,
708234,家碩永豐5B購01,0,,,,
708235,群聯永豐65購02,126720,0.64,0.64,0.61,0.63
708236,鉅橡永豐5C購01,0,,,,
708237,環球晶兆豐61購01,0,,,,
708238,艾訊國票63購01,133700,0.78,0.8,0.78,0.8
708239,美琪瑪國票5C購01,62500,0.25,0.25,0.25,0.25
708240,晶宏國票5C購01,544380,2.06,2.06,1.87,1.87
708241,翔名國票5C購01,27600,0.46,0.46,0.46,0.46
708242,聰泰國票5C購01,0,,,,
708243,寶雅國票5C購01,0,,,,
708244,久元群益61購01,0,,,,
708245,方土昶群益5B購01,0,,,,
708246,世界群益5B購06,249960,1.48,1.48,1.29,1.29
708247,艾訊群益5B購01,0,,,,
708248,家登群益5B購02,0,,,,
708249,陽程群益5B購01,262000,8.5,8.5,8.45,8.45
708250,群聯群益5B購03,107160,0.25,0.25,0.18,0.2
708252,凡甲元大5B購01,0,,,,
708253,均豪元大5B購02,0,,,,
708254,均豪元大65購01,34250,0.28,0.29,0.28,0.29
708255,家登元大5B購03,0,,,,
708256,群聯元大5B購04,0,,,,
708257,群聯元大5B購05,10080,0.28,0.28,0.28,0.28
708258,群聯元大64購03,68550,0.81,0.81,0.76,0.8
708259,精材元大5B購08,0,,,,
708260,精材元大5B購09,0,,,,
708261,精材元大5B購10,0,,,,
708262,璟德元大5B購01,0,,,,
708263,環球晶元大5B購03,52780,4.06,4.06,4.06,4.06
708264,環球晶元大5B購04,0,,,,
708265,大中元大5B購01,0,,,,
708266,威剛元大5B購04,1400,0.14,0.14,0.14,0.14
708267,威剛元大5B購05,13250,0.19,0.19,0.18,0.18
708268,威剛元大64購01,70000,0.46,0.47,0.45,0.47
708269,陽程元大61購03,0,,,,
708270,群聯元大5B購06,1600,0.16,0.16,0.16,0.16
708271,鉅橡元大5B購01,0,,,,
708272,鉅橡元大5B購02,0,,,,
708273,安葆國泰5C購02,124260,1.39,1.46,1.33,1.39
708274,勤凱國泰5C購01,2840,0.71,0.71,0.71,0.71
708275,雷科國泰5C購01,0,,,,
708276,久元凱基64購01,0,,,,
708277,均豪凱基65購01,0,,,,
708278,金山電凱基5B購01,0,,,,
708279,威剛凱基5B購03,76930,0.07,0.07,0.07,0.07
708280,群聯凱基64購02,60160,0.52,0.52,0.51,0.51
708281,精材凱基5B購03,0,,,,
708282,寶雅凱基5B購01,0,,,,
708283,鉅橡台新5B購02,0,,,,
708284,鉅橡台新5B購03,0,,,,
708285,系微兆豐65購01,136050,0.53,0.59,0.53,0.59
708286,群聯兆豐65購01,83240,1.26,1.33,1.26,1.27
708287,凡甲國票5C購02,0,,,,
708288,久元國票5C購02,0,,,,
708289,方土昶國票5C購01,0,,,,
708290,世界國票5C購02,0,,,,
708291,宏捷科國票5C購01,0,,,,
708292,威剛國票5C購01,1600,0.32,0.32,0.32,0.32
708293,耕興國票5C購01,0,,,,
708294,港建*國票5B購01,0,,,,
708295,華宏國票5C購01,8700,0.13,0.13,0.11,0.11
708296,鉅橡國票5C購01,0,,,,
708297,廣穎國票5C購01,0,,,,
708298,久元永豐5C購02,0,,,,
708299,台星科永豐61購01,118600,0.38,0.41,0.37,0.41
708300,合晶永豐5B購01,0,,,,
708301,均豪永豐5C購02,0,,,,
708302,欣銓永豐61購01,117500,0.95,0.95,0.87,0.87
708303,威剛永豐5B購01,0,,,,
708304,威剛永豐5C購02,3720,0.31,0.31,0.31,0.31
708305,威剛永豐61購01,0,,,,
708306,威剛永豐65購01,3330,1.11,1.11,1.11,1.11
708307,威剛永豐68購01,0,,,,
708308,鉅橡永豐61購01,4090,0.04,0.09,0.04,0.09
708309,廣穎永豐65購01,166000,1.1,1.11,1.1,1.11
708310,凡甲群益5B購01,0,,,,
708311,台特化群益5C購01,0,,,,
708312,正淩群益63購01,0,,,,
708313,均豪群益5B購01,0,,,,
708314,宏捷科群益5B購01,0,,,,
708315,岳豐群益65購01,0,,,,
708316,威剛群益5B購02,0,,,,
708317,威剛群益5C購01,0,,,,
708318,威剛群益61購01,0,,,,
708319,茂綸群益5B購01,0,,,,
708320,廣穎群益5B購01,5400,2.7,2.7,2.7,2.7
708322,寶雅群益61購01,50520,0.85,0.85,0.83,0.84
708323,凡甲凱基5B購02,0,,,,
708324,久元凱基5C購01,0,,,,
708325,大中凱基5B購01,21200,0.68,0.7,0.65,0.7
708326,方土昶凱基5C購01,0,,,,
708327,台特化凱基5B購02,0,,,,
708328,合晶凱基5B購01,0,,,,
708329,艾訊凱基5B購02,22600,0.23,0.26,0.23,0.26
708330,良維凱基5B購05,11920,0.23,0.23,0.22,0.22
708331,威剛凱基5B購04,0,,,,
708332,家登凱基5B購03,1200,0.06,0.06,0.06,0.06
708333,耕興凱基5B購01,0,,,,
708334,港建*凱基5B購01,0,,,,
708335,群聯凱基61購02,112340,0.39,0.4,0.34,0.37
708336,廣穎凱基5B購01,68100,2.27,2.27,2.27,2.27
708337,環球晶凱基5C購02,249740,1.4,1.51,1.38,1.39
708339,合晶台新5B購02,0,,,,
708340,合晶台新5B購03,0,,,,
708341,安葆台新5B購02,70460,2.94,2.94,2.56,2.56
708342,艾訊台新5B購01,170670,1.13,1.15,1.13,1.15
708343,艾訊台新5B購02,0,,,,
708344,良維台新5B購01,11550,0.8,0.8,0.75,0.78
708345,良維台新5B購02,0,,,,
708346,良維台新5B購03,520,0.26,0.26,0.26,0.26
708347,湧德台新5B購02,0,,,,
708348,湧德台新5B購03,0,,,,
708349,順達台新5B購01,0,,,,
708350,順達台新5B購02,2440,1.22,1.22,1.22,1.22
708351,鈊象台新5B購02,100600,0.82,0.93,0.82,0.93
708352,萬泰科台新5B購03,0,,,,
708353,群聯台新5B購03,96820,0.38,0.38,0.32,0.32
708354,群聯台新5B購04,0,,,,
708355,精材台新5B購03,0,,,,
708356,臺慶科台新5B購01,0,,,,
708357,璟德台新5B購01,0,,,,
708358,台星科兆豐61購01,0,,,,
708359,均豪兆豐61購01,0,,,,
708360,欣銓群益5B購02,1800,0.3,0.3,0.3,0.3
708361,精材群益5B購01,0,,,,
708362,環球晶群益5B購02,24550,1.9,1.97,1.79,1.79
708363,環球晶群益5B購03,97050,1.51,1.51,1.37,1.4
708364,凡甲元大5B購02,0,,,,
708365,凡甲元大5B購03,0,,,,
708366,凡甲元大65購01,7100,0.48,0.48,0.47,0.47
708367,久元元大5B購01,0,,,,
708368,久元元大61購02,0,,,,
708369,久元元大65購01,0,,,,
708370,台星科元大5B購02,18200,0.65,0.65,0.65,0.65
708371,台星科元大65購01,415920,0.92,0.93,0.89,0.93
708372,沛亨元大5B購01,243040,0.62,0.62,0.62,0.62
708373,欣銓元大5B購01,3640,0.95,0.95,0.86,0.86
708374,欣銓元大64購01,1107550,0.89,0.9,0.81,0.81
708376,威剛元大5B購06,0,,,,
708377,威剛元大5B購07,38480,0.26,0.26,0.26,0.26
708378,原相元大5B購01,0,,,,
708379,家登元大5B購04,0,,,,
708380,家登元大64購01,0,,,,
708381,陽程元大61購04,0,,,,
708382,群聯元大5B購07,0,,,,
708383,群聯元大61購05,245000,0.7,0.7,0.7,0.7
708384,凡甲國泰5C購01,0,,,,
708385,合晶國泰61購01,0,,,,
708386,合晶國泰62購01,0,,,,
708387,均豪國泰62購01,0,,,,
708388,良維國泰5C購01,0,,,,
708389,家登國泰5C購01,0,,,,
708390,家登國泰5C購02,0,,,,
708391,力領台新5B購01,0,,,,
708392,正淩台新5B購01,0,,,,
708393,合晶台新5B購04,13800,13.8,13.8,13.8,13.8
708395,新盛力台新62購01,0,,,,
708396,群聯台新5B購05,27000,0.54,0.54,0.54,0.54
708397,群聯台新5B購06,0,,,,
708398,聖暉*台新5B購02,0,,,,
708399,優群台新5B購01,0,,,,
708400,久元凱基5B購02,0,,,,
708401,中美晶凱基61購03,81940,1.24,1.33,1.24,1.31
708402,世禾凱基5B購01,0,,,,
708403,世界凱基5C購03,0,,,,
708404,尼克森凱基5B購01,231770,0.75,0.92,0.75,0.92
708405,亞信凱基5B購01,0,,,,
708406,欣銓凱基5B購01,5000,0.25,0.25,0.25,0.25
708407,信立凱基5B購02,2700,0.27,0.27,0.27,0.27
708408,威剛凱基5C購01,32800,0.1,0.1,0.09,0.09
708409,智通*凱基5B購01,54600,0.91,0.91,0.91,0.91
708410,群聯凱基64購03,17120,0.42,0.42,0.39,0.41
708411,優群凱基5B購01,0,,,,
708412,環球晶兆豐61購02,75000,1.66,1.68,1.63,1.63
708413,FH中5G元大5B購01,39150,1.09,1.19,1.09,1.19
708414,FH中5G元大5C購01,5400,1.8,1.8,1.8,1.8
708415,世界元大64購03,17060,0.66,0.66,0.65,0.66
708416,世界元大65購01,0,,,,
708417,合晶元大5B購01,0,,,,
708418,順達元大64購04,10050,2.01,2.01,2.01,2.01
708419,新盛力元大64購01,24800,2.48,2.48,2.48,2.48
708420,萬泰科元大5B購02,12350,0.36,0.36,0.35,0.35
708421,鈺太元大5B購02,0,,,,
708422,鈺太元大65購01,2310,0.21,0.21,0.21,0.21
708423,精材元大5B購11,0,,,,
708424,環球晶元大5B購05,0,,,,
708425,世界國票5C購03,0,,,,
708426,台半國票5C購01,19500,1.95,1.95,1.95,1.95
708427,朋億*國票5C購01,0,,,,
708428,群聯國票61購02,5250,0.35,0.35,0.35,0.35
708429,雷科國票5B購01,106610,3.64,3.91,3.64,3.91
708430,久元富邦61購03,0,,,,
708431,久元富邦62購01,0,,,,
708432,合晶富邦62購01,0,,,,
708433,家登富邦61購02,22000,0.44,0.44,0.44,0.44
708434,家登富邦62購01,0,,,,
708435,鈊象富邦61購02,1104950,0.69,0.83,0.69,0.77
708436,新盛力富邦61購03,0,,,,
708437,群聯富邦62購03,7400,0.37,0.37,0.37,0.37
708438,環球晶富邦5C購03,39640,0.85,0.87,0.82,0.82
708439,世界群益5B購07,0,,,,
708440,立碁群益5C購01,199470,1.83,1.83,1.83,1.83
708441,合晶群益5B購02,0,,,,
708442,艾訊群益5B購02,540,0.26,0.28,0.26,0.28
708443,家登群益61購02,0,,,,
708444,新盛力群益5B購01,0,,,,
708445,群聯群益5B購04,0,,,,
708446,環球晶群益5C購02,170820,1.93,1.93,1.77,1.8
708447,久元凱基63購01,0,,,,
708448,世界凱基65購01,0,,,,
708449,台半凱基5C購01,141020,1.56,1.69,1.56,1.63
708450,合晶凱基5B購02,56450,5.3,6.15,5.3,6.05
708451,合晶凱基61購01,1210540,4.73,5.0,4.73,4.82
708452,欣銓凱基64購01,6720,0.48,0.48,0.48,0.48
708453,金山電凱基5B購02,13600,0.92,0.92,0.9,0.9
708454,威剛凱基5B購06,210,0.1,0.11,0.1,0.11
708455,胡連凱基5B購01,0,,,,
708456,家登凱基5B購04,0,,,,
708457,新盛力凱基5B購02,5840,1.46,1.46,1.46,1.46
708458,群聯凱基5B購03,4160,0.08,0.08,0.08,0.08
708459,鈺太凱基5B購02,0,,,,
708460,營邦凱基5B購01,106640,0.3,0.32,0.27,0.3
708461,營邦凱基5B購02,13400,0.5,0.56,0.5,0.56
708462,營邦凱基5B購03,297860,0.6,0.6,0.54,0.57
708463,環球晶凱基5B購04,206110,0.54,0.54,0.42,0.43
708464,環球晶凱基5B購05,163760,0.64,0.69,0.64,0.69
708465,久元台新5B購01,0,,,,
708466,久元台新5B購02,0,,,,
708467,世界台新5B購02,0,,,,
708468,華景電台新5B購02,0,,,,
708469,華景電台新5B購03,0,,,,
708470,環球晶台新5B購01,619880,2.58,2.58,2.34,2.47
708471,環球晶台新5B購02,462990,1.01,1.01,0.89,0.99
708472,環球晶台新62購01,43580,1.04,1.04,1.0,1.03
708473,環球晶台新62購02,422100,0.8,0.8,0.7,0.73
708474,久元元大5B購02,0,,,,
708475,久元元大5B購03,0,,,,
708477,久元元大5B購05,0,,,,
708478,久元元大5B購06,0,,,,
708479,世禾元大5B購01,0,,,,
708480,世界元大64購04,48820,1.02,1.02,1.01,1.01
708482,合晶元大5B購03,0,,,,
708484,合晶元大5B購05,24000,4.8,4.8,4.8,4.8
708485,合晶元大64購01,0,,,,
708486,合晶元大65購01,38500,3.9,3.9,3.6,3.9
708487,金山電元大5B購02,0,,,,
708489,金山電元大5B購04,0,,,,
708490,群聯元大5B購08,0,,,,
708491,群聯元大5B購09,180,0.18,0.18,0.18,0.18
708492,營邦元大5B購01,572880,0.75,0.79,0.71,0.71
708493,營邦元大5B購02,107210,0.53,0.56,0.48,0.53
708494,環球晶元大5B購06,0,,,,
708495,環球晶元大5B購07,650740,1.52,1.62,1.52,1.56
708496,環球晶元大5B購08,251200,1.36,1.4,1.3,1.32
708497,環球晶元大5B購09,0,,,,
708498,環球晶元大61購02,0,,,,
708499,環球晶元大64購01,47150,2.0,2.0,1.95,1.95
708500,譜瑞元大61購02,30100,0.43,0.43,0.43,0.43
708501,威剛兆豐65購01,63960,1.23,1.23,1.23,1.23
708502,金山電國泰61購01,101920,2.6,2.73,2.6,2.73
708503,群聯國泰62購01,141600,0.66,0.66,0.65,0.66
708504,群聯國泰63購01,27300,1.05,1.05,1.05,1.05
708505,群聯國泰63購02,202000,0.78,0.78,0.71,0.71
708506,雷科國泰5C購02,0,,,,
708507,環球晶國泰61購01,172700,2.8,2.8,2.64,2.7
708508,環球晶國泰61購02,595760,3.13,3.13,2.99,3.04
708509,久元國票5B購02,3400,0.02,0.02,0.02,0.02
708510,久元國票5C購03,0,,,,
708511,久元國票5C購04,0,,,,
708512,合晶國票5B購01,0,,,,
708513,合晶國票5C購01,248750,3.96,4.45,3.96,4.26
708514,金山電國票5C購02,157990,1.01,1.08,1.0,1.0
708515,環球晶國票5B購01,0,,,,
708516,環球晶國票5C購01,691810,1.28,1.28,1.19,1.21
708517,世界富邦5B購02,5040,0.09,0.09,0.09,0.09
708518,精材富邦5B購01,0,,,,
708519,營邦富邦61購01,748870,0.56,0.59,0.53,0.56
708520,環球晶富邦5B購02,1172270,0.58,0.58,0.53,0.54
708521,環球晶富邦61購01,1327200,0.67,0.69,0.62,0.64
708522,中美晶群益5C購02,126150,1.09,1.18,1.09,1.18
708523,世界群益5B購08,4000,0.14,0.14,0.13,0.13
708524,朋程群益5B購01,0,,,,
708525,金山電群益5B購01,0,,,,
708526,新盛力群益5B購02,0,,,,
708527,精材群益5B購02,0,,,,
708528,臺慶科群益5B購01,0,,,,
708529,德微群益5B購01,966930,2.0,2.22,1.92,2.22
708530,營邦群益5B購01,289550,0.67,0.67,0.66,0.66
708531,營邦群益5B購02,5600,0.56,0.56,0.56,0.56
708532,環球晶群益5B購04,525740,0.83,0.83,0.75,0.8
708533,譜瑞群益5C購02,0,,,,
708534,中美晶凱基5B購02,0,,,,
708535,世禾凱基5B購02,0,,,,
708536,立碁凱基5C購01,4430,1.1,1.11,1.1,1.11
708537,朋程凱基5B購01,0,,,,
708538,倚強凱基5B購01,130930,3.4,3.72,3.26,3.71
708539,原相凱基5B購03,0,,,,
708540,精材凱基5B購04,0,,,,
708541,臺慶科凱基5B購01,0,,,,
708542,譜瑞凱基61購01,3160,0.21,0.22,0.21,0.22
708543,群聯永豐65購03,109900,0.43,0.43,0.41,0.41
708544,精材永豐63購01,0,,,,
708545,世界兆豐61購01,0,,,,
708546,譜瑞兆豐65購01,30160,0.52,0.52,0.52,0.52
708547,群聯群益67購01,154710,0.56,0.56,0.51,0.51
708548,精材群益5B購03,0,,,,
708549,廣穎群益61購01,128250,1.22,1.23,1.22,1.23
708550,世界元大63購03,204300,1.3,1.3,1.25,1.26
708551,新盛力元大61購02,76080,3.17,3.17,3.17,3.17
708552,群聯元大5C購01,0,,,,
708553,譜瑞元大5B購01,0,,,,
708554,譜瑞元大5B購02,0,,,,
708555,中美晶國泰61購01,388300,2.4,2.52,2.4,2.49
708556,台半國泰5C購01,248230,2.53,2.69,2.49,2.49
708557,欣銓國泰5C購02,393690,1.27,1.29,1.2,1.2
708558,立碁富邦5B購01,126000,0.34,0.38,0.33,0.38
708559,欣銓富邦5B購02,115680,0.28,0.28,0.24,0.24
708560,威剛富邦5B購01,0,,,,
708561,順達富邦5C購02,0,,,,
708562,群聯富邦62購04,5900,0.31,0.31,0.28,0.28
708563,中美晶國票5C購01,173290,0.73,0.76,0.73,0.76
708564,台特化國票5C購01,0,,,,
708565,尼克森國票5B購01,224050,0.37,0.52,0.37,0.46
708566,立敦國票5B購01,0,,,,
708567,美琪瑪國票5C購02,7440,0.31,0.31,0.31,0.31
708568,宸曜國票5B購01,51560,0.5,0.52,0.5,0.52
708569,新盛力國票5C購01,0,,,,
708570,新漢國票5B購01,0,,,,
708571,群聯國票5C購01,13400,0.22,0.23,0.22,0.23
708572,世界凱基5B購03,0,,,,
708573,家登凱基5B購05,0,,,,
708574,創惟凱基5B購01,0,,,,
708575,華宏凱基5B購01,0,,,,
708576,閎康凱基5B購02,0,,,,
708577,閎康凱基5B購03,0,,,,
708578,閎康凱基5B購04,500,0.05,0.05,0.05,0.05
708579,群聯凱基5B購04,15980,0.13,0.13,0.12,0.13
708580,群聯凱基5C購01,12000,0.12,0.12,0.12,0.12
708581,群聯凱基61購03,9600,0.24,0.24,0.24,0.24
708582,榮剛凱基5B購01,0,,,,
708583,精材凱基5B購05,702150,4.17,4.17,3.82,4.08
708584,廣穎凱基5B購02,0,,,,
708585,譜瑞凱基5B購02,310,0.01,0.01,0.01,0.01
708586,美琪瑪富邦5B購01,0,,,,
708587,閎康富邦62購01,0,,,,
708588,群聯富邦62購05,92400,0.15,0.16,0.14,0.14
708589,宏捷科兆豐65購01,0,,,,
708590,群聯兆豐65購02,31130,0.65,0.65,0.6,0.61
708591,精材兆豐61購01,15750,3.15,3.15,3.15,3.15
708592,元太元大5B購02,1400,0.2,0.2,0.2,0.2
708593,世禾元大5B購02,3250,0.13,0.13,0.13,0.13
708594,欣銓元大5B購02,0,,,,
708595,順達元大5B購03,0,,,,
708596,新盛力元大61購03,91160,1.72,1.72,1.72,1.72
708597,群聯元大5B購10,133520,0.29,0.29,0.26,0.26
708598,群聯元大5B購11,2110,0.1,0.13,0.08,0.13
708599,群聯元大5B購12,0,,,,
708600,群聯元大5B購13,0,,,,
708601,群聯元大5B購14,95640,0.21,0.21,0.19,0.19
708602,群聯元大5C購02,0,,,,
708603,群聯元大61購06,0,,,,
708604,群聯元大63購03,37890,0.27,0.27,0.24,0.25
708605,精材元大61購07,17100,5.7,5.7,5.7,5.7
708606,譜瑞元大5B購03,0,,,,
708607,中美晶永豐65購01,270270,0.83,0.86,0.81,0.86
708608,台半永豐63購01,0,,,,
708609,茂達永豐61購01,0,,,,
708610,新盛力永豐63購01,382890,1.05,1.08,1.05,1.08
708611,群聯永豐5C購03,2600,0.13,0.13,0.13,0.13
708612,群聯永豐5C購04,510,0.17,0.17,0.17,0.17
708613,精材永豐64購01,295000,2.95,2.95,2.95,2.95
708614,德微永豐63購01,51820,1.61,1.62,1.61,1.62
708615,元太群益5B購03,6000,0.05,0.05,0.05,0.05
708616,方土昶群益5B購02,0,,,,
708617,台半群益5B購01,0,,,,
708618,家登群益5B購03,0,,,,
708619,閎康群益61購01,18000,0.09,0.09,0.09,0.09
708620,陽程群益5B購02,49500,4.95,4.95,4.95,4.95
708621,順達群益5B購03,16000,0.16,0.16,0.16,0.16
708622,新盛力群益5B購03,0,,,,
708623,群聯群益5B購05,0,,,,
708624,群聯群益61購04,19100,0.22,0.22,0.21,0.21
708625,榮剛群益5B購01,0,,,,
708626,精材群益5B購04,0,,,,
708627,廣穎群益5B購02,0,,,,
708628,譜瑞群益5B購02,0,,,,
708629,元太凱基5B購04,0,,,,
708630,元太凱基5B購05,1360,0.04,0.08,0.04,0.08
708631,閎康凱基61購02,0,,,,
708632,順達凱基5B購03,0,,,,
708633,新盛力凱基61購01,43400,0.77,0.8,0.77,0.8
708634,譜瑞凱基5B購03,0,,,,
708635,譜瑞凱基5B購04,4800,0.03,0.03,0.03,0.03
708636,中美晶元大63購02,69600,1.86,1.87,1.81,1.87
708637,沛亨元大5B購02,1000,0.1,0.1,0.1,0.1
708638,威剛元大5B購08,0,,,,
708639,閎康元大5B購01,0,,,,
708640,順達元大5B購04,0,,,,
708642,優群元大5B購01,0,,,,
708643,譜瑞元大5B購04,0,,,,
708644,譜瑞元大5B購05,0,,,,
708645,譜瑞元大5B購06,0,,,,
708646,譜瑞元大5B購07,0,,,,
708647,台特化永豐61購01,0,,,,
708648,沛亨永豐5C購01,120650,0.24,0.25,0.22,0.22
708649,金益鼎永豐5C購01,0,,,,
708650,廣穎永豐61購01,59840,0.44,0.45,0.44,0.45
708651,中美晶富邦5B購01,359750,0.58,0.63,0.58,0.63
708652,元太富邦62購01,0,,,,
708653,元太富邦62購02,0,,,,
708654,系統電富邦5B購01,0,,,,
708655,新盛力富邦62購01,711460,0.79,0.84,0.79,0.84
708656,元太群益5B購04,0,,,,
708657,閎康群益5B購04,0,,,,
708658,廣穎群益61購02,26600,0.65,0.67,0.65,0.67
708659,元太群益5B購05,0,,,,
708660,臺慶科群益5B購02,0,,,,
708661,元太元大5B購03,0,,,,
708662,元太元大5B購04,0,,,,
708664,元太元大5B購06,0,,,,
708665,元太元大5B購07,0,,,,
708666,元太元大5B購08,0,,,,
708667,元太元大5B購09,0,,,,
708668,元太元大5B購10,0,,,,
708669,博盛元大5B購01,67200,0.7,0.7,0.7,0.7
708670,陽程元大63購02,771940,2.22,2.6,2.21,2.6
708671,新盛力元大5B購03,75520,1.18,1.18,1.18,1.18
708672,元太永豐5C購01,0,,,,
708673,元太永豐61購01,0,,,,
708674,威剛永豐67購01,0,,,,
708675,智通*永豐61購01,0,,,,
708676,閎康永豐61購01,0,,,,
708677,新漢永豐5C購01,0,,,,
708678,臺慶科永豐5C購01,0,,,,
708679,凡甲凱基5C購01,0,,,,
708680,中美晶凱基5B購03,0,,,,
708681,元太凱基5B購06,0,,,,
708682,威剛凱基5B購07,26450,0.23,0.23,0.23,0.23
708683,美琪瑪凱基5C購01,0,,,,
708684,陽程凱基5B購01,3119720,2.04,2.62,2.04,2.53
708685,新盛力凱基5B購03,121860,0.51,0.54,0.48,0.54
708686,新盛力凱基61購02,120740,0.94,0.94,0.93,0.94
708688,凡甲台新5B購01,0,,,,
708689,凡甲台新5B購02,0,,,,
708690,凡甲台新5B購03,0,,,,
708691,中美晶台新5B購03,0,,,,
708692,元太台新5B購01,0,,,,
708693,方土昶台新5B購01,7740,0.86,0.86,0.86,0.86
708694,台特化台新5B購03,0,,,,
708695,閎康台新5B購01,0,,,,
708696,閎康台新5B購02,0,,,,
708697,閎康台新5B購03,0,,,,
708698,順達台新5B購03,0,,,,
708699,臺慶科台新5B購02,0,,,,
708700,凡甲國泰61購02,3550,0.36,0.36,0.35,0.35
708701,元太國泰5C購01,0,,,,
708702,元太國泰5C購02,0,,,,
708703,元太國泰5C購03,0,,,,
708704,台半富邦62購01,267790,0.63,0.67,0.63,0.63
708705,華景電富邦5B購01,0,,,,
708706,新盛力富邦61購04,876210,0.72,0.75,0.7,0.75
708707,德微富邦63購01,449310,1.12,1.22,1.11,1.22
708708,雙鴻富邦61購01,0,,,,
708709,元太國票5C購01,0,,,,
708710,元太國票5C購02,0,,,,
708711,光頡國票5B購01,0,,,,
708712,光頡國票5B購02,0,,,,
708713,朋程國票5B購01,98320,0.18,0.18,0.17,0.17
708714,閎康國票5C購01,0,,,,
708715,新盛力國票5B購02,148970,0.6,0.66,0.6,0.66
708716,中美晶台新5B購04,46680,3.9,4.02,3.72,4.02
708717,台半台新5B購01,0,,,,
708718,台半台新5B購02,0,,,,
708719,台半台新5B購03,165450,1.34,1.36,1.33,1.33
708720,光頡凱基5B購01,214120,4.8,5.6,4.57,5.6
708721,陽程凱基61購01,136700,1.91,2.12,1.91,2.12
708722,陽程凱基63購02,1844360,1.65,1.8,1.63,1.8
708723,勤凱凱基5B購01,0,,,,
708724,臺慶科凱基5B購02,0,,,,
708725,擎亞凱基5B購02,0,,,,
708726,擎亞凱基5B購03,2100,0.14,0.16,0.14,0.16
708727,台半元大63購02,104640,2.25,2.29,2.22,2.23
708728,威剛元大5B購09,0,,,,
708729,博盛元大5B購02,7400,0.37,0.37,0.37,0.37
708730,閎康元大5B購02,0,,,,
708731,陽程元大5B購01,589600,1.83,1.97,1.83,1.97
708732,陽程元大5B購02,298240,1.49,1.52,1.49,1.52
708733,陽程元大65購02,2219730,1.09,1.21,1.07,1.21
708734,勤凱元大5B購01,0,,,,
708735,勤凱元大5B購02,105000,0.35,0.35,0.35,0.35
708736,勤凱元大5B購03,0,,,,
708737,群翊元大5B購02,4000,0.2,0.2,0.2,0.2
708738,德微元大5B購01,25570,2.82,2.88,2.81,2.88
708739,德微元大5B購02,11750,1.31,1.31,1.29,1.29
708740,擎亞元大5B購03,550,0.11,0.11,0.11,0.11
708741,擎亞元大5B購04,0,,,,
708742,尼克森永豐5C購01,5300,0.2,0.27,0.2,0.22
708743,光頡永豐61購01,301610,3.28,3.8,3.19,3.43
708744,翔名永豐5C購01,0,,,,
708745,陽程永豐5B購02,484340,0.83,1.09,0.83,1.09
708746,精材永豐61購02,0,,,,
708747,臺慶科永豐65購01,0,,,,
708748,擎亞永豐5C購01,406630,0.19,0.2,0.19,0.2
708749,擎亞永豐61購01,0,,,,
708750,雙鴻永豐65購01,180000,3.0,3.0,3.0,3.0
708751,精材富邦5B購02,0,,,,
708752,博盛國泰5C購01,347510,0.68,0.68,0.65,0.65
708753,擎亞國泰61購01,0,,,,
708754,凡甲群益5B購02,0,,,,
708755,中美晶群益5B購03,174650,1.56,1.7,1.56,1.7
708756,正淩群益5B購01,0,,,,
708757,威剛群益61購02,1010,1.01,1.01,1.01,1.01
708758,陽程群益5B購03,8220,1.32,1.42,1.32,1.42
708759,聖暉*群益5B購02,0,,,,
708760,精材群益5B購06,0,,,,
708761,擎亞群益5B購02,0,,,,
708762,大中國票5B購01,0,,,,
708763,世界國票5C購04,0,,,,
708764,立端國票5C購01,195430,0.37,0.37,0.36,0.36
708766,沛亨國票5C購01,0,,,,
708767,威剛國票5C購03,0,,,,
708768,原相國票5B購02,0,,,,
708769,家碩國票5C購01,0,,,,
708770,博盛國票5B購02,930,0.31,0.31,0.31,0.31
708771,博盛國票5C購01,34520,0.46,0.46,0.42,0.42
708772,博盛國票5C購02,0,,,,
708773,陽程國票5B購01,246580,1.29,1.69,1.29,1.66
708774,新鉅科國票5C購01,3280,0.41,0.41,0.41,0.41
708775,聖暉*國票5C購01,3000,0.2,0.2,0.2,0.2
708776,榮剛國票5C購01,0,,,,
708777,精材國票5C購02,0,,,,
708778,臺慶科國票5C購02,10500,0.21,0.21,0.21,0.21
708779,廣閎科國票5C購01,870680,0.98,1.32,0.98,1.28
708780,擎亞國票5B購01,0,,,,
708781,FH中5G凱基5B購01,9900,0.33,0.33,0.33,0.33
708782,世界凱基64購01,0,,,,
708783,正淩凱基5B購02,0,,,,
708784,光頡凱基5B購02,118160,4.12,4.36,4.12,4.36
708785,均豪凱基5B購02,0,,,,
708786,沛亨凱基5B購02,37000,0.31,0.31,0.3,0.3
708787,群翊凱基5B購01,960,0.24,0.24,0.24,0.24
708788,聖暉*凱基5B購04,0,,,,
708789,精材凱基5B購06,12960,2.13,2.19,2.13,2.19
708790,精材凱基5B購07,7360,2.45,2.46,2.45,2.46
708791,精材凱基5C購02,0,,,,
708792,精材凱基61購04,0,,,,
708793,德微凱基5B購01,14180,1.81,1.81,1.75,1.75
708794,世界中信5B購02,55680,0.12,0.12,0.12,0.12
708795,正淩永豐61購01,0,,,,
708796,茂綸永豐61購01,0,,,,
708797,神準永豐5C購01,31000,0.31,0.31,0.31,0.31
708798,精材永豐65購01,99740,1.97,1.97,1.93,1.93
708799,台半元大5B購01,60730,2.05,2.16,2.05,2.16
708800,光頡元大5B購01,100810,3.24,3.69,3.24,3.69
708801,光頡元大5B購03,72920,4.02,4.22,3.78,4.22
708802,聖暉*元大5B購03,0,,,,
708803,聖暉*元大5B購04,0,,,,
708804,雷科元大5B購01,62760,2.6,3.3,2.6,3.02
708805,精材元大5B購13,0,,,,
708806,精材元大5B購14,0,,,,
708807,精材元大5B購15,51310,3.66,3.67,3.66,3.67
708808,精材元大5B購16,0,,,,
708809,精材元大5B購17,31040,3.88,3.88,3.88,3.88
708810,精材元大63購03,14500,2.06,2.14,2.06,2.14
708811,臺慶科元大63購01,14820,0.34,0.34,0.33,0.33
708812,世界台新5B購04,46500,0.85,0.85,0.71,0.79
708813,光頡台新5B購01,0,,,,
708814,欣銓台新5B購03,141770,1.07,1.07,0.88,0.89
708815,欣銓台新5B購04,293950,0.86,0.86,0.74,0.74
708816,倚強台新5B購01,273940,1.52,2.05,1.52,2.05
708817,聖暉*台新5B購03,2000,0.2,0.2,0.2,0.2
708818,榮剛台新5B購01,0,,,,
708819,精材台新5B購04,0,,,,
708820,精材台新5B購05,0,,,,
708821,精材台新5C購01,0,,,,
708822,臺慶科台新5B購03,0,,,,
708823,臺慶科台新5B購04,0,,,,
708824,伍豐國票5C購01,0,,,,
708825,光頡國票5B購03,16080,3.81,4.65,3.81,4.65
708826,翔名國票5C購02,0,,,,
708827,聖暉*兆豐61購01,2530,0.28,0.29,0.28,0.29
708828,立敦群益5B購01,420,0.14,0.14,0.14,0.14
708829,光頡群益5B購01,19750,5.0,5.0,4.75,4.75
708830,金益鼎群益5B購01,0,,,,
708831,茂綸群益5C購01,9360,0.52,0.52,0.52,0.52
708832,翔名群益5B購01,0,,,,
708833,精材群益5B購07,25940,4.21,4.38,4.21,4.38
708834,千如國泰5C購01,4990,1.69,1.69,1.65,1.65
708835,聖暉*國泰5C購01,0,,,,
708836,精材國泰5C購01,0,,,,
708837,精材國泰5C購02,0,,,,
708838,臺慶科國泰5C購01,0,,,,
708839,萬泰科富邦63購01,0,,,,
708840,中美晶元大5B購04,27720,1.84,1.87,1.84,1.87
708841,台半元大5B購02,127820,0.87,0.96,0.86,0.86
708842,光頡元大5B購04,54780,3.15,3.69,3.15,3.62
708843,威剛元大5B購10,440180,1.1,1.15,1.1,1.15
708844,威剛元大5B購11,0,,,,
708845,翔名元大5B購01,0,,,,
708846,順達元大5B購05,1660,0.83,0.83,0.83,0.83
708847,新盛力元大5B購04,9120,1.52,1.52,1.52,1.52
708848,群翊元大5B購03,0,,,,
708849,擎亞元大5B購05,0,,,,
708850,擎亞元大5B購06,5600,0.14,0.14,0.14,0.14
708851,久元凱基5B購03,0,,,,
708852,台半凱基5B購01,7700,0.77,0.77,0.77,0.77
708853,立碁凱基5C購02,1530,1.53,1.53,1.53,1.53
708854,光頡凱基5B購03,2067840,2.08,2.61,0.88,2.36
708855,光頡凱基5B購04,2670,2.67,2.67,2.67,2.67
708856,茂綸凱基5C購01,31760,0.9,0.9,0.86,0.86
708857,翔名凱基5B購01,0,,,,
708858,德微凱基5B購02,70050,0.82,0.9,0.75,0.9
708859,立敦台新5B購01,2610,0.87,0.87,0.87,0.87
708860,立敦台新5B購02,0,,,,
708861,沛亨台新5B購01,0,,,,
708862,沛亨台新5B購02,0,,,,
708863,沛亨台新5B購03,0,,,,
708864,捷創台新5B購01,273450,0.47,0.47,0.36,0.36
708865,新盛力台新5B購02,0,,,,
708866,新盛力台新5B購03,0,,,,
708867,新盛力台新5C購01,904290,2.29,2.42,2.25,2.42
708868,新盛力台新62購02,25090,1.93,1.93,1.93,1.93
708869,中美晶中信5B購01,53400,0.79,0.88,0.79,0.88
708870,光頡中信5B購01,2131490,1.37,1.66,1.3,1.51
708871,威剛中信65購01,0,,,,
708872,台半永豐61購01,97500,1.3,1.35,1.3,1.35
708873,光頡永豐64購01,0,,,,
708874,雅特力永豐5B購01,0,,,,
708875,千如國票5C購01,119290,0.39,0.42,0.39,0.39
708876,台半國票5C購02,0,,,,
708877,台星科國票5C購02,0,,,,
708878,光頡國票5C購01,545620,3.05,3.73,2.91,3.2
708880,亞通國票5B購01,0,,,,
708881,金益鼎國票5C購01,0,,,,
708882,能率國票5C購01,0,,,,
708883,晶焱國票5B購01,0,,,,
708884,智通*國票5B購02,0,,,,
708885,翔名國票5C購03,0,,,,
708886,雅特力國票5C購01,102300,1.55,1.55,1.55,1.55
708887,萬泰科國票5C購01,0,,,,
708888,雷科國票5B購02,97780,1.12,1.52,1.12,1.52
708889,德微國票5C購01,2378290,1.26,1.4,1.26,1.4
708890,擎亞國票5B購02,0,,,,
708891,久元群益61購02,0,,,,
708892,世界群益62購02,5900,0.59,0.59,0.59,0.59
708893,立碁群益5B購01,948010,1.89,1.92,1.89,1.9
708894,光頡群益5B購02,254140,2.88,3.48,2.88,3.48
708895,均豪群益5B購02,0,,,,
708896,擎亞群益5C購01,29800,0.07,0.08,0.07,0.08
708897,雷科國泰61購01,101700,3.31,4.15,3.28,4.15
708898,寶雅富邦61購01,20040,1.67,1.67,1.67,1.67
708899,凡甲統一65購01,0,,,,
708900,久元統一65購01,0,,,,
708901,久元統一65購02,0,,,,
708902,大中統一63購01,28480,0.66,0.69,0.66,0.69
708903,大中統一65購01,390300,0.59,0.61,0.57,0.58
708904,世界統一64購02,678420,0.6,0.61,0.56,0.57
708905,世界統一65購01,0,,,,
708906,世界統一65購02,139200,0.48,0.48,0.48,0.48
708907,尼克森統一63購01,68950,0.32,0.45,0.32,0.34
708908,立敦統一63購01,0,,,,
708909,立敦統一65購01,0,,,,
708910,立敦統一65購02,0,,,,
708911,立敦統一66購01,0,,,,
708912,光頡統一63購01,0,,,,
708913,光頡統一65購01,4583200,1.52,1.72,1.46,1.62
708914,光頡統一65購02,512600,0.84,0.88,0.84,0.86
708915,安葆統一75購01,533020,0.91,0.95,0.89,0.89
708916,艾訊統一65購01,0,,,,
708917,邑錡統一65購01,0,,,,
708918,亞通統一65購01,20540,0.93,0.95,0.93,0.95
708919,欣銓統一63購01,469410,0.72,0.75,0.7,0.71
708920,欣銓統一65購02,87880,0.62,0.63,0.6,0.6
708921,欣銓統一67購01,729900,1.21,1.25,1.16,1.17
708922,欣銓統一69購01,244100,0.89,0.89,0.86,0.86
708923,威剛統一64購02,0,,,,
708924,威剛統一65購01,0,,,,
708925,威剛統一65購02,3940,0.56,0.57,0.56,0.57
708926,威剛統一65購03,0,,,,
708927,威剛統一69購01,27200,0.4,0.4,0.4,0.4
708928,茂達統一64購01,0,,,,
708929,茂綸統一63購01,7500,0.75,0.75,0.75,0.75
708930,翔名統一63購01,0,,,,
708931,翔名統一65購01,0,,,,
708932,閎康統一65購01,0,,,,
708933,閎康統一65購02,0,,,,
708934,順達統一65購02,0,,,,
708935,新盛力統一69購01,188440,0.67,0.69,0.67,0.69
708936,聖暉*統一63購02,0,,,,
708937,臺慶科統一63購01,10400,0.52,0.52,0.52,0.52
708938,臺慶科統一65購01,18300,0.36,0.37,0.36,0.37
708939,擎亞統一67購01,0,,,,
708940,中美晶凱基5B購04,0,,,,
708941,世界凱基63購01,245210,0.72,0.72,0.69,0.69
708942,台半凱基61購01,25800,0.86,0.86,0.86,0.86
708943,台星科凱基5C購01,0,,,,
708944,均豪凱基5B購03,0,,,,
708945,威剛凱基5B購08,454000,0.39,0.4,0.39,0.4
708946,德微凱基5C購01,62250,0.83,0.83,0.83,0.83
708947,擎亞凱基5B購04,0,,,,
708948,順達台新61購01,0,,,,
708949,鈊象台新5B購04,295800,1.25,1.51,1.25,1.41
708950,優群台新5B購02,0,,,,
708951,中美晶元大5B購05,28240,1.0,1.04,1.0,1.04
708952,台半元大5B購03,89100,0.49,0.5,0.48,0.5
708953,均豪元大5B購03,0,,,,
708954,威剛元大5B購12,0,,,,
708955,威剛元大5B購13,0,,,,
708956,順達元大5B購06,0,,,,
708957,新盛力元大5B購05,164880,0.93,0.93,0.92,0.92
708958,雷科元大5B購02,0,,,,
708959,雷科元大5B購03,307010,1.83,1.97,1.83,1.97
708960,雷科元大5B購04,128520,2.7,2.82,2.7,2.82
708961,擎亞元大5B購07,0,,,,
708962,點序元大5B購01,0,,,,
708963,台半永豐5C購02,66000,0.66,0.66,0.66,0.66
708964,凌陽創永豐61購01,0,,,,
708965,萬泰科永豐61購01,0,,,,
708966,久元群益5B購01,0,,,,
708967,均豪群益5B購03,0,,,,
708968,佳邦群益5B購01,0,,,,
708969,朋程群益5B購02,0,,,,
708970,欣銓群益5B購03,73730,0.92,0.92,0.83,0.83
708971,鈊象群益5B購03,274070,0.5,0.52,0.43,0.43
708972,鈺太群益5B購01,0,,,,
708973,德微群益5B購03,283160,0.81,0.91,0.81,0.91
708974,雙鴻群益5B購08,0,,,,
708975,久元統一65購03,0,,,,
708976,久元統一65購04,0,,,,
708977,台半統一63購01,15040,0.94,0.94,0.94,0.94
708978,台半統一65購01,0,,,,
708979,台半統一69購01,0,,,,
708980,台星科統一65購01,75000,0.6,0.6,0.6,0.6
708981,立敦統一65購03,0,,,,
708982,沛亨統一69購01,0,,,,
708983,良維統一5B購01,0,,,,
708984,欣銓統一65購03,12800,0.64,0.64,0.64,0.64
708985,金益鼎統一65購02,0,,,,
708986,威剛統一5B購02,0,,,,
708987,威剛統一65購04,0,,,,
708988,茂達統一65購01,0,,,,
708989,茂綸統一65購01,64260,0.63,0.63,0.63,0.63
708990,閎康統一63購02,0,,,,
708991,聖暉*統一65購02,0,,,,
708992,德微統一63購02,282930,0.68,0.69,0.61,0.69
708993,德微統一75購01,0,,,,
708994,擎亞統一63購01,0,,,,
708995,擎亞統一65購01,41000,0.2,0.2,0.2,0.2
708996,擎亞統一66購01,0,,,,
708997,鑫科統一69購01,2800,0.28,0.28,0.28,0.28
708998,台半國票5C購03,0,,,,
708999,安葆國票5C購02,28220,1.9,1.9,1.83,1.83
709000,欣銓國票5C購02,271600,0.97,0.97,0.97,0.97
709001,泓格國票5B購01,0,,,,
709002,泓格國票5C購01,9600,0.32,0.32,0.32,0.32
709003,雷科國票5B購04,106550,2.05,2.09,2.05,2.09
709004,漢達國票5C購01,33000,1.65,1.65,1.65,1.65
709005,德微國票5C購02,190560,0.93,1.0,0.9,1.0
709006,大中台新5B購01,85530,0.95,1.01,0.95,1.01
709007,元債20台新5B購01,0,,,,
709008,立敦台新5B購03,0,,,,
709009,佳邦台新5B購01,0,,,,
709010,博大台新5B購01,2550,0.51,0.51,0.51,0.51
709011,立敦凱基5B購01,0,,,,
709012,安葆凱基5C購02,1357110,2.32,2.83,2.32,2.44
709013,佳邦凱基5C購01,0,,,,
709014,朋程凱基5B購02,0,,,,
709015,威剛凱基5C購02,0,,,,
709016,茂達凱基5B購01,3400,0.34,0.34,0.34,0.34
709017,鈊象凱基5B購02,66800,0.65,0.7,0.64,0.64
709018,鈺太凱基5B購03,0,,,,
709019,臺慶科凱基63購01,370,0.37,0.37,0.37,0.37
709020,德微凱基5B購03,210410,0.34,0.37,0.31,0.37
709021,擎亞凱基5B購05,0,,,,
709022,雙鴻凱基61購03,44800,3.45,3.45,3.4,3.45
709023,中美晶群益5B購04,0,,,,
709024,世界群益61購01,21640,0.62,0.62,0.56,0.56
709025,台半群益5B購02,10000,1.0,1.0,1.0,1.0
709026,台半群益5B購03,122000,1.22,1.22,1.22,1.22
709027,均豪群益5B購04,0,,,,
709028,威剛群益5B購03,3180,0.53,0.53,0.53,0.53
709029,茂達群益5B購01,0,,,,
709030,智通*群益5B購01,0,,,,
709031,華宏群益5B購01,0,,,,
709032,新盛力群益61購01,21200,2.12,2.12,2.12,2.12
709033,擎亞群益65購01,3640,0.26,0.26,0.26,0.26
709034,台半元大5B購04,10150,2.03,2.03,2.03,2.03
709035,正淩元大5B購02,0,,,,
709036,金益鼎元大5B購01,0,,,,
709037,威剛元大5B購14,0,,,,
709038,原相元大5B購02,0,,,,
709039,順達元大5B購07,0,,,,
709040,雷科元大5B購05,44910,2.31,2.85,2.31,2.83
709041,德微元大5B購03,116180,0.74,0.74,0.74,0.74
709042,擎亞元大5B購08,0,,,,
709043,寶雅元大5B購01,13410,1.49,1.49,1.49,1.49
709044,威剛國泰5C購01,3390,1.13,1.13,1.13,1.13
709045,威剛國泰5C購02,0,,,,
709046,威剛國泰5C購03,1150,1.15,1.15,1.15,1.15
709047,擎亞國泰62購01,640,0.64,0.64,0.64,0.64
709048,久元富邦61購04,0,,,,
709049,台半富邦62購02,124450,0.72,0.74,0.71,0.72
709050,閎康富邦61購01,0,,,,
709051,新盛力富邦61購05,0,,,,
709052,擎亞富邦5C購01,6500,0.13,0.13,0.13,0.13
709053,久元統一65購05,0,,,,
709054,正淩統一65購02,0,,,,
709055,正淩統一69購01,0,,,,
709056,立敦統一65購04,0,,,,
709057,沛亨統一65購01,0,,,,
709058,朋程統一63購01,0,,,,
709059,欣銓統一5B購01,2080,0.52,0.52,0.52,0.52
709060,欣銓統一65購04,29340,0.69,0.69,0.66,0.66
709061,茂達統一65購02,43120,0.44,0.44,0.44,0.44
709062,凌陽創統一63購01,0,,,,
709063,閎康統一65購03,0,,,,
709064,新漢統一61購01,0,,,,
709065,德微統一5B購01,139060,0.32,0.34,0.32,0.33
709066,德微統一65購01,168690,0.49,0.52,0.46,0.52
709067,德微統一65購02,0,,,,
709068,擎亞統一63購02,0,,,,
709069,擎亞統一65購02,0,,,,
709070,鑫科統一64購01,9900,0.18,0.18,0.18,0.18
709071,立敦永豐61購01,3600,0.36,0.36,0.36,0.36
709072,佳邦永豐63購01,0,,,,
709073,威剛永豐5B購02,0,,,,
709074,威剛永豐61購02,0,,,,
709075,原相永豐5C購01,0,,,,
709076,德微永豐5C購01,0,,,,
709077,擎亞永豐64購01,0,,,,
709078,元債20國票5B購02,0,,,,
709079,台半國票61購01,0,,,,
709080,佳邦國票5C購02,0,,,,
709081,茂達國票5C購01,0,,,,
709082,博大國票5C購01,320,0.32,0.32,0.32,0.32
709083,晶宏國票5C購02,50940,0.98,0.98,0.97,0.97
709086,德微國票5C購03,772570,0.63,0.69,0.61,0.69
709087,點序國票5B購01,12000,0.08,0.08,0.08,0.08
709088,點序國票5C購01,0,,,,
709089,世紀*元大5B購01,51340,3.99,4.55,3.99,4.55
709090,台特化元大5B購02,0,,,,
709091,博智元大5B購02,1700,0.17,0.17,0.17,0.17
709092,智通*元大5B購01,3920,0.56,0.56,0.56,0.56
709093,鈊象元大5B購02,1220,1.22,1.22,1.22,1.22
709094,群聯元大5B購15,157840,2.25,2.27,2.06,2.16
709095,群聯元大5B購16,0,,,,
709096,廣穎元大5B購01,0,,,,
709097,雙鴻元大5B購03,0,,,,
709098,尼克森國票5B購02,15390,0.33,0.33,0.24,0.24
709099,朋程國票5B購02,0,,,,
709100,晶宏國票5C購03,520680,0.7,0.7,0.66,0.66
709101,華容國票5C購02,0,,,,
709102,群聯國票61購03,9000,0.45,0.45,0.45,0.45
709103,雷科國票5C購01,1226500,1.15,1.55,1.13,1.54
709104,臺慶科國票5C購03,47800,0.15,0.15,0.14,0.14
709105,廣穎國票5C購02,0,,,,
709106,優群國票5B購01,0,,,,
709107,擎亞國票5C購01,136030,0.13,0.14,0.13,0.14
709108,鑫聯國票5C購02,0,,,,
709109,中美晶凱基63購01,165940,1.31,1.38,1.31,1.38
709110,均豪凱基5C購01,0,,,,
709111,凌陽創凱基5B購01,0,,,,
709112,博智凱基5B購01,0,,,,
709113,博智凱基5B購02,0,,,,
709114,博智凱基5B購03,0,,,,
709115,群聯凱基5B購05,0,,,,
709116,群聯凱基5B購06,4600,0.23,0.23,0.23,0.23
709117,群聯凱基5B購07,79400,0.31,0.31,0.27,0.27
709118,雙鴻凱基5B購02,0,,,,
709119,中光電台新5B購01,0,,,,
709120,中美晶台新61購01,0,,,,
709121,原相台新5B購01,0,,,,
709122,博盛台新5B購01,19630,0.49,0.49,0.43,0.43
709123,博智台新5B購01,0,,,,
709124,博智台新5B購02,0,,,,
709125,博智台新5B購03,0,,,,
709126,順達台新5B購04,0,,,,
709127,群聯台新5B購09,2600,0.55,0.55,0.5,0.5
709128,群聯台新5B購10,4400,0.44,0.44,0.44,0.44
709129,群聯台新5B購11,0,,,,
709130,雷科台新5B購01,7100,2.35,2.4,2.35,2.4
709131,雷科台新5B購02,630060,1.37,1.92,1.35,1.92
709132,廣穎台新5B購01,0,,,,
709133,聯合台新5B購01,0,,,,
709134,鑫科台新5B購01,0,,,,
709135,台特化富邦5C購02,0,,,,
709136,博智富邦61購02,4700,0.24,0.24,0.22,0.22
709137,群聯富邦61購03,17300,0.44,0.44,0.43,0.43
709138,群聯富邦61購04,0,,,,
709139,安勤永豐5C購01,27160,0.59,0.61,0.59,0.61
709140,朋程永豐5C購01,0,,,,
709141,博智永豐5C購02,0,,,,
709142,群聯永豐5C購05,0,,,,
709143,群聯永豐63購01,0,,,,
709144,群聯永豐64購03,0,,,,
709145,群聯永豐65購04,0,,,,
709146,漢科永豐5C購01,0,,,,
709147,中美晶統一66購01,124150,0.74,0.74,0.73,0.73
709148,正淩統一65購03,0,,,,
709149,沛亨統一63購01,0,,,,
709150,沛亨統一64購01,12000,0.4,0.4,0.4,0.4
709151,沛亨統一65購02,13040,0.42,0.43,0.42,0.42
709152,佳邦統一63購01,0,,,,
709153,佳邦統一65購01,0,,,,
709154,朋程統一65購01,49680,0.36,0.36,0.36,0.36
709155,欣銓統一63購02,38190,0.57,0.57,0.57,0.57
709156,茂達統一65購03,0,,,,
709157,茂達統一69購01,0,,,,
709158,茂綸統一65購02,85270,0.67,0.69,0.67,0.68
709159,茂綸統一65購03,43920,0.61,0.61,0.61,0.61
709160,神準統一66購01,2040,0.51,0.51,0.51,0.51
709161,博智統一63購02,40800,0.24,0.24,0.24,0.24
709162,博智統一65購01,0,,,,
709163,閎康統一65購04,0,,,,
709164,萬泰科統一75購01,14400,0.48,0.48,0.48,0.48
709165,群聯統一5B購02,11000,0.11,0.11,0.11,0.11
709166,群聯統一63購01,243240,0.35,0.36,0.33,0.34
709167,群聯統一63購02,33700,0.29,0.29,0.28,0.28
709168,群聯統一65購01,0,,,,
709169,群聯統一65購02,0,,,,
709170,群聯統一69購01,369650,0.99,0.99,0.96,0.97
709171,群聯統一69購02,352100,0.58,0.59,0.56,0.57
709172,群聯統一6B購01,399180,1.04,1.06,1.03,1.06
709173,群聯統一75購01,179470,1.14,1.14,1.1,1.13
709174,聖暉*統一65購03,0,,,,
709175,鈺太統一69購01,0,,,,
709176,臺慶科統一65購02,0,,,,
709177,臺慶科統一65購03,0,,,,
709178,臺慶科統一69購01,0,,,,
709179,廣穎統一65購01,243020,0.58,0.58,0.58,0.58
709180,廣穎統一69購01,13400,0.67,0.67,0.67,0.67
709181,擎亞統一65購03,660,0.33,0.33,0.33,0.33
709182,擎亞統一65購04,42000,0.21,0.21,0.21,0.21
709183,鑫科統一69購02,0,,,,
709184,鑫聯統一69購01,0,,,,
709185,群聯中信63購01,0,,,,
709186,倚強群益5B購01,1480,1.48,1.48,1.48,1.48
709187,原相群益5B購01,0,,,,
709188,博智群益5B購02,0,,,,
709189,博智群益5B購03,0,,,,
709190,華容群益5B購01,0,,,,
709191,新盛力群益61購02,619760,1.62,1.72,1.61,1.72
709192,群聯群益5B購07,48030,0.8,0.8,0.69,0.74
709193,臺慶科群益5B購03,0,,,,
709194,優群群益5B購01,0,,,,
709195,擎亞群益62購01,0,,,,
709196,寶雅群益5B購01,101670,1.6,1.6,1.49,1.49
709197,鑫科群益5B購02,0,,,,
709198,久元永豐5B購01,0,,,,
709199,威聯通永豐61購01,0,,,,
709200,富喬永豐61購02,69520,0.92,0.92,0.88,0.88
709201,富喬永豐66購01,20440,1.14,1.14,1.13,1.13
709202,富喬永豐68購01,145960,1.1,1.1,1.05,1.05
709203,順達永豐64購01,48600,0.81,0.81,0.81,0.81
709204,順達永豐67購01,0,,,,
709205,鈊象永豐63購01,159540,0.98,1.12,0.98,1.08
709206,新盛力永豐5C購02,135580,0.58,0.63,0.58,0.63
709207,擎亞永豐63購01,0,,,,
709208,沛亨凱基5B購03,64950,0.19,0.19,0.18,0.18
709209,佳邦凱基5B購01,0,,,,
709210,富喬凱基5B購02,0,,,,
709211,富喬凱基61購02,0,,,,
709212,富喬凱基61購03,37440,0.88,0.88,0.83,0.83
709213,勤凱凱基5B購02,0,,,,
709214,勤凱凱基5B購03,0,,,,
709215,勤凱凱基5B購04,0,,,,
709216,群聯凱基61購04,0,,,,
709217,臺慶科凱基5B購03,0,,,,
709218,擎亞凱基61購01,36800,0.13,0.14,0.13,0.14
709219,中光電台新5B購02,0,,,,
709220,台星科台新5B購01,960,0.48,0.48,0.48,0.48
709221,台星科台新5B購02,0,,,,
709222,立碁台新62購01,0,,,,
709223,沛亨台新5B購04,0,,,,
709224,佳邦台新5B購02,0,,,,
709225,佳邦台新5B購03,0,,,,
709226,順達台新5B購05,0,,,,
709227,勤凱台新5B購02,0,,,,
709228,勤凱台新5B購03,0,,,,
709229,擎亞台新5B購01,2600,0.26,0.26,0.26,0.26
709230,擎亞台新5B購02,0,,,,
709231,雙鴻台新5B購01,0,,,,
709232,雙鴻台新5B購02,0,,,,
709233,雙鴻台新5B購03,10560,3.52,3.52,3.52,3.52
709234,台半國泰5C購02,0,,,,
709235,良維國泰5C購02,10200,1.02,1.02,1.02,1.02
709236,富喬國泰5C購01,0,,,,
709237,順達國泰5C購01,1290,0.65,0.65,0.64,0.64
709238,群聯國泰5C購01,54450,0.51,0.53,0.51,0.53
709239,群聯國泰5C購02,0,,,,
709240,威剛富邦5B購02,0,,,,
709241,富喬富邦5B購02,621980,0.53,0.53,0.46,0.47
709242,群聯富邦62購06,9560,0.38,0.38,0.36,0.36
709243,均豪元大5B購04,19100,1.91,1.91,1.91,1.91
709244,欣銓元大5B購03,12690,1.03,1.03,0.96,0.96
709245,威剛元大5B購15,309000,1.03,1.03,1.03,1.03
709246,原相元大5B購03,2400,0.24,0.24,0.24,0.24
709248,富喬元大5B購03,63750,1.57,1.57,1.55,1.55
709249,富喬元大5B購04,15410,0.63,0.63,0.56,0.56
709250,富喬元大5B購05,82120,0.7,0.7,0.64,0.64
709251,勤凱元大5B購04,0,,,,
709252,新盛力元大5B購06,21000,1.05,1.05,1.05,1.05
709253,新盛力元大5B購07,0,,,,
709254,群聯元大5B購17,263200,2.4,2.4,2.3,2.3
709255,群聯元大5B購18,0,,,,
709256,臺慶科元大5B購01,0,,,,
709257,擎亞元大5B購09,0,,,,
709258,中美晶群益5B購05,29250,5.85,5.85,5.85,5.85
709259,均豪群益5B購05,12880,0.46,0.46,0.46,0.46
709260,富喬群益5B購02,2880,0.96,0.96,0.96,0.96
709261,勤凱群益5B購03,0,,,,
709262,新盛力群益63購01,881170,1.08,1.13,1.08,1.13
709263,萬泰科群益5C購01,0,,,,
709264,群聯群益5B購08,0,,,,
709265,擎亞群益5B購03,0,,,,
709266,雙鴻群益5B購09,0,,,,
709267,方土昶永豐5C購01,0,,,,
709268,茂達永豐63購01,0,,,,
709269,精確永豐5B購01,0,,,,
709270,優群永豐5C購01,0,,,,
709271,中美晶凱基5B購05,75020,0.62,0.62,0.62,0.62
709272,台半凱基5B購02,0,,,,
709273,立碁凱基5B購02,61200,0.4,0.4,0.36,0.38
709274,均豪凱基5B購04,0,,,,
709275,沛亨凱基5C購01,4300,0.35,0.36,0.35,0.36
709276,原相凱基5B購04,0,,,,
709277,華容凱基5B購01,0,,,,
709278,華容凱基5C購01,2600,1.3,1.3,1.3,1.3
709279,萬泰科凱基5B購02,0,,,,
709280,精材凱基5B購09,28030,2.01,2.2,2.01,2.2
709281,大中台新5B購02,88220,0.57,0.59,0.54,0.59
709282,立碁台新5B購01,53380,0.97,1.11,0.96,1.11
709283,立碁台新5B購02,0,,,,
709284,艾訊台新5B購03,0,,,,
709285,艾訊台新5B購04,0,,,,
709286,佳邦台新5B購04,0,,,,
709287,南俊台新5B購01,7740,0.22,0.24,0.22,0.24
709288,南俊台新5B購02,2840,0.23,0.23,0.18,0.18
709289,順達台新5B購06,0,,,,
709290,勤凱台新5B購04,0,,,,
709291,臺慶科台新5B購06,3610,0.31,0.31,0.29,0.3
709292,臺慶科台新5B購07,0,,,,
709293,群聯兆豐65購03,24710,0.53,0.53,0.52,0.53
709294,中美晶元大5B購06,42960,0.49,0.63,0.48,0.62
709295,方土昶元大5B購01,0,,,,
709296,世界元大5B購04,0,,,,
709297,台半元大5B購05,298220,0.79,0.83,0.77,0.77
709298,倚強元大5B購01,143470,1.14,1.58,1.14,1.54
709299,華容元大5B購01,0,,,,
709300,群聯元大61購07,13000,0.52,0.52,0.52,0.52
709301,聖暉*元大5B購05,0,,,,
709302,臺慶科元大5B購02,0,,,,
709303,優群元大5B購02,0,,,,
709305,鑫科元大5B購03,0,,,,
709306,久元群益65購01,0,,,,
709307,中美晶群益5B購06,2138130,1.43,1.46,1.4,1.45
709308,世界群益5C購02,0,,,,
709309,南俊群益5B購01,22390,0.1,0.1,0.09,0.1
709310,茂達群益5B購02,0,,,,
709311,富喬群益5B購03,370120,0.96,0.98,0.89,0.89
709312,群聯群益5B購09,87890,0.17,0.17,0.17,0.17
709313,精材群益5B購09,0,,,,
709314,雙鴻群益5B購10,998920,2.67,3.27,2.67,3.2
709315,沛亨永豐65購01,0,,,,
709316,長科*永豐61購01,26040,1.24,1.24,1.24,1.24
709317,順達永豐64購02,0,,,,
709318,群聯永豐5C購06,147600,0.3,0.3,0.3,0.3
709319,群聯永豐5C購07,0,,,,
709320,群聯永豐65購05,0,,,,
709321,沛亨元大5B購03,250,0.25,0.25,0.25,0.25
709322,沛亨元大5B購04,252960,0.51,0.51,0.51,0.51
709323,沛亨元大5B購05,0,,,,
709324,良維元大5B購02,0,,,,
709325,佳邦元大5B購01,0,,,,
709326,朋程元大5B購01,0,,,,
709327,茂達元大5B購01,0,,,,
709328,富喬元大61購03,2974350,1.17,1.17,1.14,1.14
709329,群聯元大61購08,0,,,,
709330,良維富邦5C購02,0,,,,
709331,朋程富邦61購01,0,,,,
709332,順達富邦61購01,24200,0.22,0.22,0.22,0.22
709333,大中群益5B購01,990,0.99,0.99,0.99,0.99
709334,大中群益5B購02,19840,0.31,0.31,0.31,0.31
709335,均豪群益5B購06,0,,,,
709336,宏捷科群益5B購02,0,,,,
709337,良維群益5B購04,2200,0.22,0.22,0.22,0.22
709338,佳邦群益5B購02,0,,,,
709339,佳邦群益5B購03,0,,,,
709340,朋程群益5B購03,0,,,,
709341,長科*群益5B購01,1133940,0.95,0.95,0.92,0.92
709342,順達群益5B購04,0,,,,
709343,群翊群益5B購02,0,,,,
709344,漢科群益5B購01,0,,,,
709345,精材群益5B購10,0,,,,
709346,台半凱基5B購03,309860,0.15,0.16,0.15,0.15
709347,沛亨凱基5B購04,0,,,,
709348,朋程凱基5B購03,0,,,,
709349,順達凱基5B購04,0,,,,
709350,群聯凱基5B購09,0,,,,
709351,聖暉*凱基5B購05,0,,,,
709352,優群凱基5B購02,0,,,,
709353,大中台新5B購03,28120,0.28,0.28,0.27,0.27
709354,台半台新5B購04,0,,,,
709355,台半台新5B購05,3600,0.36,0.36,0.36,0.36
709356,金益鼎台新5B購01,0,,,,
709357,博盛台新5B購02,62450,0.45,0.45,0.41,0.41
709358,順達台新5B購07,0,,,,
709359,勤凱台新5B購05,0,,,,
709360,群翊台新5B購01,0,,,,
709361,穩得台新5B購01,0,,,,
709362,台半凱基5B購04,0,,,,
709363,台特化凱基5B購03,0,,,,
709364,宏捷科凱基5B購02,0,,,,
709365,長科*凱基5B購01,0,,,,
709366,富喬凱基62購01,106150,0.89,0.89,0.84,0.84
709367,萊德光凱基5B購01,38450,0.16,0.17,0.16,0.16
709368,萊德光凱基5B購02,491090,0.33,0.35,0.31,0.33
709369,順達凱基5B購05,4000,0.08,0.08,0.08,0.08
709370,勤凱凱基5B購05,0,,,,
709371,群翊凱基62購01,6600,0.22,0.22,0.22,0.22
709372,聖暉*凱基5B購06,0,,,,
709373,漢科凱基5B購01,0,,,,
709374,廣穎凱基5B購03,0,,,,
709375,雙鴻凱基5B購03,0,,,,
709376,系統電台新5B購01,0,,,,
709377,華容台新5B購01,48640,2.55,2.74,2.55,2.74
709378,鈺太台新5B購01,0,,,,
709379,鈺太台新5B購02,0,,,,
709380,鈺太台新5B購03,0,,,,
709381,精材台新5B購07,0,,,,
709382,廣穎台新5B購02,0,,,,
709383,點序台新5B購01,0,,,,
709384,點序台新62購01,0,,,,
709385,佳邦元大5B購02,0,,,,
709386,長科*元大5B購01,0,,,,
709387,順達元大5B購08,1250,0.25,0.25,0.25,0.25
709388,順達元大62購01,0,,,,
709389,群聯元大5B購19,426280,0.36,0.36,0.33,0.33
709390,群聯元大63購04,0,,,,
709391,聖暉*元大5B購06,0,,,,
709392,佳邦富邦5B購01,0,,,,
709393,精材富邦5B購03,0,,,,
709394,台半群益62購01,0,,,,
709395,聖暉*群益5B購03,0,,,,
709396,優群群益62購01,0,,,,
709397,佳邦國泰5C購01,0,,,,
709398,威聯通國泰5C購01,0,,,,
709399,勤凱國泰5C購02,0,,,,
709400,台半永豐63購02,0,,,,
709401,台特化永豐63購01,0,,,,
709402,佳邦永豐5C購01,0,,,,
709403,萊德光永豐5C購01,183550,0.35,0.35,0.34,0.34
709404,勤凱永豐5C購04,320,0.11,0.11,0.1,0.1
709405,群聯永豐5B購01,0,,,,
709406,鏵友益永豐5C購02,0,,,,
709407,久元元大5C購01,0,,,,
709408,中美晶元大5C購03,11160,1.24,1.24,1.24,1.24
709409,世界元大5C購02,43880,1.16,1.16,1.14,1.14
709410,台半元大5C購02,0,,,,
709411,良維元大5C購02,0,,,,
709412,佳邦元大5C購02,470,0.47,0.47,0.47,0.47
709413,富喬元大5C購03,428310,0.86,0.86,0.8,0.8
709414,順達元大5C購02,0,,,,
709415,勤凱元大5C購01,0,,,,
709416,群聯元大5C購03,10010,1.43,1.43,1.43,1.43
709417,精材元大5C購01,0,,,,
709418,中美晶永豐64購01,33570,0.79,0.83,0.79,0.82
709419,長科*永豐61購02,790,0.79,0.79,0.79,0.79
709420,晶焱永豐61購01,0,,,,
709421,華容永豐64購01,113380,2.9,2.94,2.9,2.94
709422,臺慶科永豐66購01,0,,,,
709423,廣穎永豐61購02,0,,,,
709424,台半凱基5C購02,0,,,,
709425,巨漢凱基5C購01,0,,,,
709426,良維凱基5C購03,0,,,,
709427,佳邦凱基5C購02,0,,,,
709428,佳邦凱基5C購03,0,,,,
709429,威剛凱基64購01,0,,,,
709430,順達凱基5C購02,0,,,,
709431,勤凱凱基5C購01,0,,,,
709432,勤凱凱基5C購02,0,,,,
709433,勤凱凱基62購01,0,,,,
709434,群聯凱基66購01,42000,0.43,0.43,0.41,0.41
709435,廣穎凱基5C購01,0,,,,
709436,巨漢台新5C購01,1300,0.13,0.13,0.13,0.13
709437,巨漢台新5C購02,0,,,,
709438,湧德台新61購01,19520,0.61,0.61,0.61,0.61
709439,華容台新5C購01,110550,2.38,2.53,2.38,2.53
709440,華容台新5C購02,0,,,,
709441,鈊象台新5C購01,33600,0.84,0.84,0.84,0.84
709442,鑫聯台新5C購01,0,,,,
709443,台半群益5C購01,22610,0.2,0.21,0.2,0.2
709444,台特化群益5C購02,0,,,,
709445,立敦群益5C購01,0,,,,
709446,勤凱群益5C購01,0,,,,
709447,廣穎群益5C購01,0,,,,
709448,雙鴻群益5C購01,106050,5.05,5.85,5.0,5.8
709449,聖暉*國泰61購01,18500,0.37,0.37,0.37,0.37
709450,雙鴻國泰61購02,0,,,,
709451,久元富邦66購01,0,,,,
709452,台半富邦64購01,19070,0.31,0.31,0.29,0.3
709453,台半富邦66購01,34000,0.34,0.34,0.34,0.34
709454,宏捷科富邦66購01,0,,,,
709455,宏捷科富邦66購02,0,,,,
709456,長科*富邦63購01,51320,0.78,0.78,0.76,0.76
709457,威剛富邦62購01,0,,,,
709458,富喬富邦66購01,75180,0.9,0.9,0.88,0.89
709459,智通*富邦64購01,0,,,,
709460,智通*富邦66購01,0,,,,
709461,閎康富邦66購01,0,,,,
709462,鈊象富邦66購01,280420,0.84,0.96,0.84,0.94
709463,群聯富邦64購01,0,,,,
709464,雙鴻富邦64購01,0,,,,
709465,台半國票61購02,0,,,,
709466,台半國票61購03,0,,,,
709467,佳邦國票61購01,0,,,,
709468,佳邦國票61購02,0,,,,
709469,萊德光國票61購01,36880,0.28,0.3,0.28,0.28
709470,順達國票61購01,3150,0.21,0.21,0.21,0.21
709471,中美晶群益62購02,6350,0.63,0.64,0.63,0.64
709472,台星科群益62購01,82000,0.41,0.41,0.41,0.41
709473,威剛群益62購01,0,,,,
709474,茂綸群益62購01,171510,1.37,1.42,1.37,1.37
709475,振曜群益5C購01,0,,,,
709476,創惟群益5C購01,0,,,,
709477,群聯群益5C購02,0,,,,
709478,鈊象國泰61購01,154330,1.06,1.12,1.06,1.09
709479,臺慶科國泰61購01,0,,,,
709480,朋程永豐5C購02,0,,,,
709481,欣銓永豐64購01,105700,0.96,0.96,0.89,0.89
709482,達航永豐61購01,0,,,,
709483,達航永豐64購01,0,,,,
709484,立敦富邦66購01,0,,,,
709485,宏觀富邦66購01,0,,,,
709486,順達富邦61購02,0,,,,
709487,漢科富邦66購01,2500,0.5,0.5,0.5,0.5
709488,廣明富邦66購01,0,,,,
709489,璟德富邦66購01,0,,,,
709490,久元凱基5C購02,0,,,,
709491,中美晶凱基5C購02,663140,0.29,0.34,0.29,0.34
709492,立敦凱基5C購01,0,,,,
709493,良維凱基64購01,0,,,,
709494,朋程凱基61購01,0,,,,
709495,能率亞凱基5C購01,0,,,,
709496,富喬凱基5C購01,550,0.55,0.55,0.55,0.55
709497,華容凱基5C購02,0,,,,
709498,群聯凱基5C購02,90210,0.09,0.09,0.07,0.07
709499,廣穎凱基61購01,290,0.29,0.29,0.29,0.29
709500,中美晶台新63購01,54070,1.1,1.16,1.08,1.16
709501,立敦台新5C購01,0,,,,
709502,宏觀台新5C購01,0,,,,
709503,南俊台新5C購01,440,0.44,0.44,0.44,0.44
709504,聖暉*台新5C購01,0,,,,
709505,精材台新5C購02,0,,,,
709506,精材台新5C購03,0,,,,
709507,璟德台新5C購01,0,,,,
709508,久元元大5C購02,0,,,,
709510,朋程元大5C購01,0,,,,
709511,長科*元大5C購01,102980,0.68,0.69,0.68,0.69
709512,富喬元大61購04,199500,0.81,0.81,0.76,0.76
709513,晶焱元大5C購01,0,,,,
709514,順達元大5C購03,17340,0.34,0.34,0.34,0.34
709515,順達元大64購05,0,,,,
709516,群聯元大61購09,0,,,,
709517,臺慶科元大5C購01,0,,,,
709518,中美晶富邦62購01,438320,0.55,0.63,0.55,0.63
709519,世界凱基5C購04,0,,,,
709520,世紀*凱基5C購01,0,,,,
709521,台半凱基61購02,0,,,,
709522,立端凱基61購01,0,,,,
709523,宏觀凱基61購03,0,,,,
709524,系統電凱基5C購02,0,,,,
709525,宜特凱基61購02,0,,,,
709526,長科*凱基5C購01,5330,0.12,0.13,0.12,0.13
709527,宸曜凱基5C購01,194220,0.39,0.42,0.39,0.42
709528,順達凱基64購02,0,,,,
709529,群聯凱基5C購03,21000,0.09,0.09,0.08,0.08
709530,大綜台新5C購01,280800,1.35,1.63,1.35,1.46
709531,系統電台新5C購01,0,,,,
709532,萊德光台新5C購01,1840150,0.39,0.41,0.37,0.39
709533,廣運台新5C購01,0,,,,
709534,台半永豐61購02,0,,,,
709535,安葆永豐63購01,162820,2.42,2.52,2.39,2.39
709536,良維永豐5C購03,0,,,,
709537,雙鴻永豐64購02,40280,1.85,1.96,1.85,1.96
709538,久元元大5C購03,0,,,,
709539,中美晶元大5C購04,397440,0.64,0.64,0.64,0.64
709540,世界元大5C購03,0,,,,
709541,世界元大64購05,410040,0.67,0.67,0.61,0.62
709542,台半元大5C購03,0,,,,
709543,台半元大5C購04,0,,,,
709544,台半元大66購02,0,,,,
709545,良維元大5C購03,69860,0.07,0.07,0.07,0.07
709546,欣銓元大5C購01,391530,0.56,0.59,0.53,0.53
709547,長科*元大5C購02,0,,,,
709548,長科*元大5C購03,73800,0.9,0.9,0.9,0.9
709549,長科*元大66購01,5200,0.87,0.87,0.86,0.86
709550,富喬元大61購05,48680,0.71,0.71,0.68,0.68
709551,順達元大5C購04,0,,,,
709552,順達元大64購06,32550,0.93,0.93,0.93,0.93
709553,群聯元大61購10,0,,,,
709554,聖暉*元大5C購04,0,,,,
709555,方土昶群益5C購01,0,,,,
709556,世界群益5C購03,118610,0.39,0.39,0.35,0.35
709557,台半群益5C購02,0,,,,
709558,台半群益61購01,0,,,,
709559,系微群益5C購01,0,,,,
709560,長科*群益61購01,0,,,,
709561,南俊群益5C購01,52280,0.25,0.27,0.23,0.24
709562,富喬群益5C購02,300150,1.48,1.48,1.31,1.32
709563,群聯群益5C購03,2380,0.17,0.17,0.17,0.17
709564,臺慶科群益5C購01,0,,,,
709565,廣運群益5C購01,0,,,,
709566,雙鴻群益5C購02,65280,2.76,3.16,2.76,3.04
709567,方土昶凱基5C購02,0,,,,
709568,威剛凱基61購01,7500,0.15,0.15,0.15,0.15
709569,雅特力凱基5C購01,0,,,,
709570,聰泰凱基5C購01,0,,,,
709571,雙鴻凱基5C購07,18500,1.85,1.85,1.85,1.85
709572,雙鴻凱基5C購08,164900,1.64,1.99,1.64,1.99
709573,能率台新5C購01,0,,,,
709574,良維富邦61購02,0,,,,
709575,群聯富邦63購01,0,,,,
709576,雙鴻富邦62購01,0,,,,
709577,達航國票61購01,0,,,,
709579,中美晶元大5C購05,0,,,,
709580,世界元大5C購04,0,,,,
709581,世界元大64購06,0,,,,
709582,台半元大5C購05,0,,,,
709583,台半元大66購03,49140,1.26,1.26,1.26,1.26
709584,宏觀元大5C購03,0,,,,
709585,威剛元大5C購01,0,,,,
709586,富喬元大64購01,2132760,0.91,0.92,0.58,0.86
709587,順達元大5C購05,0,,,,
709588,群聯元大61購11,26280,0.21,0.22,0.21,0.22
709589,群聯元大64購04,70650,0.36,0.36,0.33,0.33
709591,威剛群益5C購03,0,,,,
709592,群聯群益5C購04,387490,0.84,0.84,0.76,0.76
709593,桓達永豐61購01,0,,,,
709594,宏觀國票61購01,0,,,,
709595,富喬國票5C購03,0,,,,
709596,群聯國票61購04,248000,0.31,0.31,0.31,0.31
709597,精確國票61購01,0,,,,
709598,磐亞國票61購01,0,,,,
709599,雙鴻國票61購01,25560,1.42,1.42,1.42,1.42
709600,中美晶元大5C購06,97620,1.26,1.29,1.26,1.29
709601,世界元大5C購05,9700,0.97,0.97,0.97,0.97
709602,世界元大64購07,352160,1.17,1.17,1.13,1.13
709603,世界元大66購02,0,,,,
709604,系統電元大5C購03,0,,,,
709605,威剛元大5C購02,0,,,,
709606,威剛元大61購02,0,,,,
709607,群聯元大5C購04,0,,,,
709608,群聯元大5C購05,0,,,,
709609,群聯元大61購12,6300,0.3,0.3,0.3,0.3
709610,群聯元大64購05,0,,,,
709611,磐亞元大5C購01,162350,2.5,2.74,2.5,2.74
709612,系統電富邦61購02,0,,,,
709613,大綜永豐61購01,9100,0.84,0.86,0.81,0.83
709614,磐亞永豐61購01,24780,1.72,1.84,1.72,1.84
709615,方土昶凱基5C購03,6320,0.15,0.16,0.15,0.16
709616,華電網凱基5C購01,0,,,,
709617,磐亞凱基5C購01,35320,1.57,1.65,1.57,1.65
709618,雙鴻凱基61購04,502720,1.44,1.84,1.44,1.76
709619,大綜台新5C購02,66360,0.84,0.84,0.84,0.84
709620,系統電台新61購01,0,,,,
709621,良維台新5C購01,0,,,,
709622,順達台新5C購02,0,,,,
709623,精材台新62購01,4540,4.54,4.54,4.54,4.54
709624,雙鴻台新5C購01,918140,1.84,2.27,1.84,2.27
709625,力致群益5C購01,0,,,,
709626,威剛群益5C購04,0,,,,
709627,群聯群益5C購05,0,,,,
709628,雙鴻群益62購01,1121810,1.12,1.31,1.06,1.29
709629,方土昶永豐63購01,0,,,,
709630,系微永豐61購01,0,,,,
709631,宜特永豐5C購03,7000,0.35,0.35,0.35,0.35
709632,家登永豐5C購01,0,,,,
709633,鈊象永豐64購01,0,,,,
709634,群聯永豐5C購08,0,,,,
709635,雙鴻群益5C購03,25500,5.1,5.1,5.1,5.1
709636,大綜國票5C購01,27700,0.33,0.36,0.33,0.36
709637,台特化國票61購01,0,,,,
709638,光聚晶國票61購01,49940,0.22,0.22,0.22,0.22
709639,系統電國票61購01,0,,,,
709640,家登國票5C購01,11400,0.57,0.57,0.57,0.57
709641,海韻電國票61購01,0,,,,
709642,鈊象國票61購01,62700,0.43,0.46,0.43,0.46
709643,聖暉*國票61購01,0,,,,
709644,大綜凱基5C購01,5120,0.15,0.17,0.15,0.16
709645,伍豐凱基5C購01,0,,,,
709646,系統電凱基5C購03,0,,,,
709647,朋億*凱基5C購01,0,,,,
709648,威剛凱基5C購03,29420,0.22,0.22,0.21,0.22
709649,茂訊凱基5C購01,0,,,,
709650,富喬凱基5C購02,0,,,,
709651,晶焱凱基5C購01,0,,,,
709652,雅特力凱基5C購02,4370,0.48,0.49,0.48,0.49
709653,群聯凱基5C購04,8000,0.16,0.16,0.16,0.16
709654,精確凱基5C購01,0,,,,
709655,大綜台新5C購03,0,,,,
709656,大綜台新5C購04,18360,0.36,0.36,0.36,0.36
709657,方土昶台新5C購01,0,,,,
709658,富喬台新5C購01,49980,1.19,1.19,1.19,1.19
709659,富喬台新5C購02,74790,1.62,1.62,1.57,1.57
709660,晶焱台新5C購01,0,,,,
709661,晶焱台新5C購02,0,,,,
709662,晶焱台新5C購03,0,,,,
709663,群聯台新5C購01,0,,,,
709664,大綜元大5C購01,22200,0.22,0.22,0.21,0.22
709665,中美晶元大5C購07,213780,1.5,1.52,1.5,1.52
709666,台半元大5C購06,0,,,,
709668,威剛元大61購03,0,,,,
709669,家登元大5C購04,0,,,,
709670,群聯元大5C購06,14400,0.32,0.32,0.32,0.32
709671,群聯元大5C購07,0,,,,
709672,群聯元大5C購08,0,,,,
709673,群聯元大66購05,47040,0.56,0.56,0.56,0.56
709674,聖暉*元大5C購05,0,,,,
709675,聖暉*元大5C購06,2800,0.14,0.14,0.14,0.14
709676,家登富邦63購01,0,,,,
709677,正德群益5C購01,2480,0.31,0.31,0.31,0.31
709678,威剛群益5C購05,0,,,,
709679,家登群益5C購01,126500,0.83,0.87,0.83,0.87
709680,富喬群益5C購03,205750,1.69,1.69,1.48,1.52
709681,華容群益5C購01,43430,1.45,1.45,1.41,1.41
709682,群聯群益5C購06,0,,,,
709683,聖暉*群益5C購02,0,,,,
709684,立端永豐64購01,0,,,,
709685,威剛永豐6C購01,0,,,,
709686,建榮永豐61購01,0,,,,
709687,茂訊永豐5C購01,0,,,,
709688,雅特力永豐61購01,48000,0.95,0.95,0.93,0.93
709689,群聯永豐5C購09,0,,,,
709690,綠界*永豐61購01,0,,,,
709691,聰泰永豐61購01,19600,0.49,0.49,0.49,0.49
709692,立敦國票5C購01,0,,,,
709693,立敦國票5C購02,0,,,,
709694,伍豐國票61購01,0,,,,
709695,光焱國票61購01,0,,,,
709696,安勤國票61購01,18910,0.49,0.5,0.49,0.5
709697,系統電國票61購02,0,,,,
709698,邑昇國票61購01,0,,,,
709699,信音國票5C購01,0,,,,
709700,建榮國票5C購01,33800,0.13,0.13,0.12,0.12
709701,博士旺國票5C購01,0,,,,
709702,博智國票5C購01,0,,,,
709703,博智國票5C購02,0,,,,
709704,晶焱國票5C購01,0,,,,
709705,雅特力國票61購01,0,,,,
709706,雅特力國票61購02,82430,0.58,0.59,0.58,0.59
709707,意德士國票61購01,0,,,,
709708,聚和國票61購01,0,,,,
709709,臺慶科國票61購02,250,0.25,0.25,0.25,0.25
709710,廣閎科國票61購01,738270,0.98,1.19,0.98,1.19
709711,騰雲國票61購01,66480,0.91,0.94,0.87,0.94
709712,威剛國泰61購01,0,,,,
709713,湧德國泰61購01,0,,,,
709714,光焱台新5C購01,0,,,,
709715,兆利台新5C購01,0,,,,
709716,兆利台新5C購02,0,,,,
709717,雅特力台新5C購01,12100,0.8,0.81,0.8,0.81
709718,雅特力台新5C購02,68400,0.57,0.57,0.57,0.57
709719,鈊象台新5C購02,31860,0.54,0.54,0.54,0.54
709720,雙鴻台新5C購02,0,,,,
709721,雙鴻台新5C購03,0,,,,
709722,穩得台新5C購01,0,,,,
709723,中美晶元大5C購08,134870,1.7,1.74,1.7,1.73
709724,中美晶元大5C購09,62570,1.11,1.12,1.11,1.12
709725,方土昶元大5C購01,920,0.46,0.46,0.46,0.46
709728,信音元大5C購01,0,,,,
709729,威剛元大61購04,0,,,,
709730,富喬元大64購02,25040,1.41,1.41,1.39,1.39
709731,順達元大5C購06,0,,,,
709732,鈊象元大5C購05,39680,1.28,1.28,1.28,1.28
709733,群聯元大5C購09,0,,,,
709734,群聯元大5C購10,0,,,,
709735,群聯元大5C購11,0,,,,
709736,群聯元大66購06,177500,0.66,0.67,0.63,0.64
709737,精材元大5C購03,0,,,,
709738,精材元大64購01,0,,,,
709739,精材元大66購04,373600,4.68,4.68,4.6,4.6
709740,順達凱基5C購03,224550,0.15,0.15,0.15,0.15
709741,群聯凱基5C購05,0,,,,
709742,聖暉*凱基5C購02,0,,,,
709743,精材凱基61購05,0,,,,
709744,臺慶科凱基5C購02,0,,,,
709745,宜鼎元大5C購05,0,,,,
709746,宜鼎元大61購04,270,0.27,0.27,0.27,0.27
709747,廣閎科元大5C購01,1756160,0.91,1.16,0.91,1.13
709748,宜鼎群益5C購01,74100,0.15,0.16,0.15,0.16
709749,宜鼎群益5C購02,1590,0.1,0.1,0.09,0.1
709750,宜鼎群益5C購03,0,,,,
709751,方土昶國票61購01,4840,0.47,0.49,0.47,0.48
709752,加高國票61購01,0,,,,
709753,宜鼎國票61購01,2700,0.27,0.27,0.27,0.27
709754,威聯通國票61購01,0,,,,
709755,凱崴國票61購01,2800,0.28,0.28,0.28,0.28
709756,港建*國票61購01,0,,,,
709757,華容國票61購01,0,,,,
709758,萊德光國票61購02,3300,0.66,0.66,0.66,0.66
709759,萊德光國票61購03,183970,0.55,0.55,0.53,0.55
709760,宜特國泰61購01,19860,0.31,0.36,0.31,0.36
709761,宜鼎國泰61購02,1520,0.76,0.76,0.76,0.76
709762,宜鼎國泰61購03,0,,,,
709763,宜鼎國泰61購04,16400,0.41,0.41,0.41,0.41
709764,台半富邦62購03,0,,,,
709765,台半富邦63購01,0,,,,
709766,宜特富邦62購01,0,,,,
709767,宜鼎富邦5C購04,0,,,,
709768,朋程富邦62購01,0,,,,
709769,朋程富邦63購01,55000,0.3,0.31,0.3,0.3
709770,家登富邦62購02,0,,,,
709771,家登富邦62購03,49800,0.6,0.6,0.6,0.6
709772,鈊象富邦62購01,81990,0.53,0.6,0.53,0.6
709773,鈊象富邦63購01,0,,,,
709774,雙鴻富邦63購01,13800,1.38,1.38,1.38,1.38
709775,系統電凱基5C購04,0,,,,
709776,威剛凱基5C購04,0,,,,
709777,家登凱基5C購03,399370,0.58,0.62,0.58,0.61
709778,博智凱基5C購03,0,,,,
709779,富喬凱基5C購03,5900,1.18,1.18,1.18,1.18
709780,勤凱凱基5C購03,0,,,,
709781,群聯凱基61購05,12820,0.38,0.38,0.36,0.36
709782,廣閎科凱基61購01,838660,0.71,0.78,0.57,0.78
709783,宜鼎台新5C購01,217200,0.27,0.27,0.25,0.27
709784,宜鼎台新5C購02,115000,0.28,0.3,0.28,0.3
709785,宜鼎台新5C購03,0,,,,
709786,宜鼎中信5C購02,0,,,,
709787,宜鼎永豐64購01,0,,,,
709788,宜鼎永豐65購01,75520,0.28,0.3,0.28,0.3
709789,宇峻國泰61購01,3180,1.07,1.07,1.04,1.04
709790,華景電國泰61購01,1380,0.23,0.23,0.23,0.23
709791,群聯國泰61購02,0,,,,
709792,漢達國泰61購01,0,,,,
709793,世界凱基5C購05,0,,,,
709794,宜鼎凱基5C購03,89820,0.06,0.06,0.06,0.06
709795,宜鼎凱基5C購04,0,,,,
709796,宜鼎凱基5C購05,47000,0.11,0.12,0.11,0.12
709797,威聯通凱基61購01,0,,,,
709798,凱崴凱基61購01,0,,,,
709799,華景電凱基5C購02,2000,0.05,0.05,0.05,0.05
709800,順達凱基61購01,13000,0.26,0.26,0.26,0.26
709801,璟德凱基5C購01,540,0.09,0.09,0.09,0.09
709802,立敦台新5C購02,600,0.1,0.1,0.1,0.1
709803,宏捷科台新5C購01,12000,0.24,0.24,0.24,0.24
709804,宜鼎台新5C購04,113160,0.23,0.23,0.23,0.23
709805,宜鼎台新61購01,0,,,,
709806,東浦台新5C購01,0,,,,
709807,家登台新5C購01,20100,1.01,1.01,1.0,1.0
709808,順達台新61購02,88600,1.23,1.25,1.23,1.25
709809,新漢台新5C購01,0,,,,
709810,廣閎科台新5C購01,4260,2.08,2.18,2.08,2.18
709811,富喬中信5C購03,77490,0.96,0.96,0.9,0.9
709812,創惟永豐5C購01,2400,0.24,0.24,0.24,0.24
709813,華容永豐61購01,32700,1.09,1.09,1.09,1.09
709814,群聯永豐64購04,0,,,,
709815,群聯永豐64購05,0,,,,
709816,宜鼎元大5C購06,0,,,,
709817,宜鼎元大5C購07,128700,0.26,0.26,0.26,0.26
709818,宜鼎元大5C購08,24200,0.22,0.22,0.22,0.22
709819,威剛元大5C購03,0,,,,
709820,群聯元大5C購12,0,,,,
709821,群聯元大5C購13,0,,,,
709822,群聯元大5C購14,918840,0.73,0.75,0.72,0.75
709823,群聯元大61購13,0,,,,
709824,廣閎科元大5C購02,593370,1.64,2.02,1.58,2.02
709825,雙鴻元大61購15,732010,1.42,1.75,1.42,1.69
709826,力領國票61購01,0,,,,
709827,加高國票61購02,0,,,,
709828,立端國票61購01,0,,,,
709829,邑錡國票5C購01,0,,,,
709830,佳邦國票61購03,0,,,,
709831,宜鼎國票61購02,2000,0.2,0.2,0.2,0.2
709832,東浦國票61購01,0,,,,
709833,杰力國票61購01,376610,0.44,0.45,0.43,0.45
709834,金益鼎國票61購02,0,,,,
709835,長聖國票61購01,0,,,,
709836,胡連國票61購01,0,,,,
709837,韋僑國票61購01,0,,,,
709838,宸曜國票5C購01,2700,0.45,0.45,0.45,0.45
709839,能率亞國票61購01,0,,,,
709840,凱崴國票61購02,0,,,,
709841,湧德國票5C購01,570,0.19,0.19,0.19,0.19
709842,湧德國票5C購02,0,,,,
709843,華容國票61購02,0,,,,
709844,華景電國票61購01,0,,,,
709845,華電網國票5C購02,310,0.31,0.31,0.31,0.31
709846,華電網國票5C購03,0,,,,
709847,廣閎科國票61購02,7080,0.9,0.9,0.88,0.88
709848,騰雲國票61購02,810,0.81,0.81,0.81,0.81
709849,系統電群益5C購01,0,,,,
709850,宜鼎群益5C購04,22960,0.08,0.09,0.08,0.09
709851,威剛群益5C購06,0,,,,
709852,群聯群益5C購07,61360,2.36,2.36,2.36,2.36
709853,兆利富邦62購01,2950,0.14,0.15,0.14,0.15
709854,智通*富邦62購01,0,,,,
709855,湧德富邦62購01,127080,0.33,0.34,0.33,0.34
709856,閎康富邦62購02,0,,,,
709857,聖暉*富邦5C購02,0,,,,
709858,廣閎科富邦5C購01,844500,0.52,0.66,0.51,0.66
709859,方土昶國票61購02,0,,,,
709860,台嘉碩國票5C購01,0,,,,
709861,台嘉碩國票5C購02,5610,0.28,0.63,0.28,0.29
709862,永信建國票61購01,0,,,,
709863,兆利國票61購01,0,,,,
709864,系統電國票61購03,0,,,,
709865,朋程國票5C購01,0,,,,
709866,東浦國票61購02,0,,,,
709867,順達國票61購02,0,,,,
709868,緯軟國票61購01,0,,,,
709869,華容群益5C購02,7000,1.0,1.0,1.0,1.0
709870,廣閎科群益5C購01,1614650,1.1,1.4,1.05,1.4
709871,順達中信5C購01,5700,0.19,0.19,0.19,0.19
709872,聖暉*中信5C購01,0,,,,
709873,世紀*永豐5C購01,0,,,,
709874,博智永豐5C購03,0,,,,
709875,中美晶元大5C購10,40320,1.12,1.12,1.12,1.12
709876,宏觀元大5C購04,0,,,,
709877,良維元大5C購04,0,,,,
709878,博智元大5C購03,0,,,,
709879,華容元大5C購01,14940,1.66,1.66,1.66,1.66
709880,順達元大5C購07,0,,,,
709881,精材元大5C購04,0,,,,
709882,臺慶科元大5C購02,0,,,,
709883,系統電凱基5C購05,0,,,,
709884,佳邦凱基5C購04,0,,,,
709885,泓格凱基5C購01,0,,,,
709886,金益鼎凱基5C購01,0,,,,
709887,茂迪凱基61購01,0,,,,
709888,創惟凱基61購01,2500,0.25,0.25,0.25,0.25
709889,湧德凱基61購01,0,,,,
709890,華容凱基61購01,111550,0.55,0.56,0.55,0.56
709891,群聯凱基5C購06,0,,,,
709892,臺慶科凱基61購01,0,,,,
709893,廣閎科凱基5C購01,696080,0.7,0.85,0.63,0.85
709894,雙鴻凱基5C購09,236600,2.06,2.16,2.06,2.16
709895,騰雲凱基61購01,23760,0.64,0.64,0.56,0.56
709896,中美晶統一66購02,1490970,0.83,0.87,0.82,0.87
709897,立敦統一63購02,0,,,,
709898,立敦統一64購02,0,,,,
709899,立敦統一64購03,0,,,,
709900,佳邦統一64購01,0,,,,
709901,佳邦統一66購01,0,,,,
709902,宜鼎統一64購01,0,,,,
709903,宜鼎統一64購02,0,,,,
709904,宜鼎統一64購03,0,,,,
709905,宜鼎統一64購04,209780,0.16,0.17,0.16,0.17
709906,宜鼎統一66購03,364510,0.25,0.27,0.25,0.27
709907,宜鼎統一66購04,0,,,,
709908,威剛統一6A購01,0,,,,
709909,建榮統一66購01,0,,,,
709910,建榮統一6A購03,0,,,,
709911,家登統一66購01,0,,,,
709912,凱崴統一66購01,0,,,,
709913,博智統一6C購01,0,,,,
709914,富喬統一64購02,139780,0.85,0.85,0.84,0.84
709915,富喬統一64購03,375800,0.82,0.82,0.78,0.78
709916,富喬統一66購01,169410,1.15,1.16,1.09,1.09
709917,群聯統一64購02,0,,,,
709918,精材統一66購01,46750,2.03,2.16,2.03,2.12
709919,精材統一6C購01,0,,,,
709920,臺慶科統一64購02,1800,0.18,0.18,0.18,0.18
709921,臺慶科統一66購02,0,,,,
709922,臺慶科統一66購03,9500,0.19,0.19,0.19,0.19
709923,臺慶科統一6A購02,0,,,,
709924,廣閎科統一66購01,39600,0.66,0.66,0.66,0.66
709925,廣運統一66購01,0,,,,
709926,廣運統一6C購01,80000,0.4,0.4,0.4,0.4
709927,優群統一66購02,0,,,,
709928,雙鴻統一64購01,301710,0.99,1.16,0.99,1.15
709929,雙鴻統一65購02,766730,1.6,1.88,1.6,1.84
709930,宏觀國泰61購01,3800,0.38,0.38,0.38,0.38
709931,金益鼎國泰61購01,0,,,,
709932,立敦台新5C購03,0,,,,
709933,威剛台新5C購01,920,0.92,0.92,0.92,0.92
709934,威剛台新5C購02,26810,1.41,1.42,1.41,1.42
709935,威剛台新5C購03,0,,,,
709936,威剛台新61購01,0,,,,
709937,威剛台新62購01,138060,1.77,1.77,1.77,1.77
709938,威剛台新63購01,0,,,,
709939,威剛台新66購01,10800,1.08,1.08,1.08,1.08
709940,茂迪台新5C購01,0,,,,
709941,凱崴台新5C購01,2850,0.15,0.15,0.15,0.15
709942,華容台新5C購03,0,,,,
709943,威剛富邦5C購01,0,,,,
709944,宜鼎永豐61購01,0,,,,
709945,胡連永豐61購01,6600,0.33,0.33,0.33,0.33
709946,艾訊國票61購01,0,,,,
709947,良維國票61購01,0,,,,
709948,朋億*國票61購01,0,,,,
709949,東浦國票61購03,0,,,,
709950,茂迪國票61購01,0,,,,
709951,凱崴國票61購03,0,,,,
709952,寶雅國票61購01,8800,1.1,1.1,1.1,1.1
709953,台半群益62購02,46500,0.93,0.93,0.93,0.93
709954,中美晶凱基5C購03,2280,1.14,1.14,1.14,1.14
709955,宏觀凱基5C購01,0,,,,
709956,良維凱基5C購04,0,,,,
709957,朋程凱基5C購01,0,,,,
709958,博智凱基5C購04,132910,0.39,0.41,0.36,0.38
709959,群ESG凱基61購01,0,,,,
709961,緯軟凱基5C購01,0,,,,
709962,世界統一6A購01,46800,0.52,0.52,0.52,0.52
709963,正基統一66購01,0,,,,
709964,立敦統一68購01,0,,,,
709965,宏觀統一6A購01,0,,,,
709966,家登統一6A購01,0,,,,
709967,富喬統一66購02,749270,1.01,1.02,0.96,0.97
709968,晶焱統一6A購01,0,,,,
709969,順達統一6A購01,0,,,,
709970,群聯統一63購03,0,,,,
709971,群聯國泰61購03,0,,,,
709972,富喬台新5C購04,0,,,,
709973,世界富邦61購02,69560,0.47,0.47,0.47,0.47
709974,立碁富邦5C購01,1250,1.25,1.25,1.25,1.25
709975,良維富邦61購03,0,,,,
709976,世界元大5C購06,0,,,,
709977,宜鼎元大5C購09,17500,0.35,0.35,0.35,0.35
709978,順達元大5C購08,0,,,,
709979,臺慶科元大5C購03,0,,,,
709980,雙鴻元大5C購06,3866280,1.72,2.11,1.72,2.05
709981,家登永豐5C購02,0,,,,
709982,漢達永豐61購01,8670,2.89,2.89,2.89,2.89
709983,宜鼎元大5C購10,153760,0.31,0.31,0.31,0.31
709984,千附國票61購01,0,,,,
709985,世禾國票61購01,4600,0.46,0.46,0.46,0.46
709986,台特化國票61購02,0,,,,
709987,伯特光國票61購01,91960,0.35,0.35,0.33,0.33
709988,岱稜國票61購01,0,,,,
709989,昇佳電國票61購01,0,,,,
709990,朋億*國票61購02,0,,,,
709991,欣銓國票61購02,0,,,,
709992,信音國票61購01,0,,,,
709993,茂綸國票61購01,0,,,,
709994,新普國票61購01,0,,,,
709995,聖暉*國票61購02,7920,0.22,0.22,0.22,0.22
709996,精材國票61購01,0,,,,
709997,綠界*國票61購01,0,,,,
709998,中美晶群益5C購03,101640,0.84,0.84,0.84,0.84
709999,順達群益5C購02,7500,0.75,0.75,0.75,0.75
710000,精材群益5C購02,60450,7.9,7.9,6.7,7.0
710001,加高國泰61購01,229540,0.46,0.46,0.46,0.46
710002,宜鼎國泰61購05,0,,,,
710003,宜鼎國泰61購06,0,,,,
710004,信音國泰61購01,3150,0.45,0.45,0.45,0.45
710005,臺慶科國泰61購02,0,,,,
710006,中美晶凱基5C購04,72320,0.65,0.67,0.65,0.67
710007,台半凱基61購03,0,,,,
710008,宜鼎凱基5C購06,83500,0.2,0.22,0.19,0.21
710009,順達凱基5C購04,0,,,,
710010,群聯凱基5C購07,0,,,,
710011,臺慶科凱基5C購04,0,,,,
710012,雙鴻凱基5C購10,206800,1.88,1.88,1.88,1.88
710013,大中統一6A購01,0,,,,
710014,中美晶統一64購02,772230,0.81,0.86,0.81,0.85
710015,朋億*統一63購01,0,,,,
710016,朋億*統一68購01,0,,,,
710017,宣德統一66購01,0,,,,
710018,建榮統一63購01,18600,0.31,0.31,0.31,0.31
710019,凱崴統一63購01,0,,,,
710020,凱崴統一65購01,0,,,,
710021,博智統一62購03,0,,,,
710022,富喬統一63購01,64260,1.19,1.19,1.19,1.19
710023,富喬統一65購03,874910,1.08,1.09,1.02,1.02
710024,富喬統一6C購02,510480,0.82,0.82,0.78,0.79
710025,聖暉*統一6A購03,76590,0.37,0.37,0.37,0.37
710026,精材統一63購01,0,,,,
710027,雙鴻統一63購02,0,,,,
710028,穩得統一68購01,0,,,,
710029,佳邦富邦5C購01,0,,,,
710030,宜鼎富邦63購02,37700,0.24,0.25,0.24,0.25
710031,富喬富邦63購01,187390,0.83,0.83,0.78,0.79
710032,群聯富邦62購07,0,,,,
710033,群聯富邦62購08,6500,0.65,0.65,0.65,0.65
710034,中美晶台新5C購01,94330,1.44,1.46,1.44,1.46
710035,台半台新5C購01,0,,,,
710036,台半台新5C購02,0,,,,
710037,廣閎科台新5C購02,248290,1.63,1.92,1.49,1.92
710038,良維永豐5C購04,41390,0.54,0.59,0.54,0.59
710039,朋億*永豐61購01,0,,,,
710040,華景電永豐63購01,0,,,,
710041,群聯永豐5C購10,0,,,,
710042,群聯永豐5C購11,6960,0.58,0.58,0.58,0.58
710043,群聯永豐5C購12,18900,0.35,0.35,0.35,0.35
710044,臺慶科永豐5C購02,0,,,,
710045,力致國票61購01,0,,,,
710046,千附國票61購02,0,,,,
710047,中美晶國票61購02,86400,0.85,0.87,0.85,0.87
710048,加高國票61購03,0,,,,
710049,宏碁資國票61購01,2250,0.45,0.45,0.45,0.45
710050,朋億*國票61購03,0,,,,
710051,美琪瑪國票61購01,0,,,,
710052,高鋒國票61購01,0,,,,
710053,博士旺國票5C購02,340,0.34,0.34,0.34,0.34
710054,閎康國票61購02,0,,,,
710055,聖暉*國票61購03,0,,,,
710056,臺慶科國票61購03,0,,,,
710057,廣閎科國票61購03,148700,0.64,0.69,0.62,0.67
710058,廣運國票61購01,0,,,,
710059,營邦國票5C購01,0,,,,
710060,營邦國票5C購02,0,,,,
710061,鴻呈國票61購01,0,,,,
710062,中美晶凱基61購04,0,,,,
710063,威剛凱基5C購06,0,,,,
710064,宣德凱基5C購01,0,,,,
710065,精材凱基5C購04,0,,,,
710066,臺慶科凱基5C購05,0,,,,
710067,廣閎科凱基5C購02,75130,0.48,0.49,0.45,0.48
710068,營邦凱基5C購01,8630,1.45,1.45,1.38,1.38
710069,營邦凱基5C購02,29590,1.36,1.36,1.33,1.35
710070,營邦凱基5C購03,400650,1.22,1.25,1.11,1.13
710071,中美晶群益5C購04,259560,0.66,0.72,0.66,0.72
710072,兆利群益5C購01,0,,,,
710073,營邦群益5C購01,0,,,,
710074,營邦群益5C購02,88740,1.93,1.95,1.92,1.92
710075,世界元大5C購07,0,,,,
710076,世界元大63購04,0,,,,
710077,宜鼎元大5C購11,0,,,,
710078,威剛元大61購05,0,,,,
710079,廣閎科元大5C購03,72070,0.51,0.61,0.47,0.61
710080,營邦元大5C購01,535800,2.24,2.3,2.14,2.18
710081,凱崴國泰61購01,0,,,,
710082,廣閎科國泰61購01,77520,1.14,1.14,1.14,1.14
710083,營邦國泰61購01,540450,3.24,3.26,3.13,3.13
710084,營邦富邦62購01,0,,,,
710085,營邦富邦63購01,357230,0.76,0.79,0.73,0.75
710086,中美晶統一66購03,745270,0.55,0.57,0.55,0.56
710087,台特化統一6C購02,0,,,,
710088,朋程統一65購02,31960,0.34,0.34,0.34,0.34
710089,朋億*統一66購01,0,,,,
710090,威剛統一63購01,0,,,,
710091,威剛統一65購05,0,,,,
710092,美琪瑪統一6A購01,0,,,,
710093,華景電統一64購03,0,,,,
710094,群聯統一66購01,0,,,,
710095,聖暉*統一66購01,5200,0.26,0.26,0.26,0.26
710096,博智國泰61購01,0,,,,
710097,營邦統一66購01,168920,1.2,1.25,1.18,1.25
710098,營邦統一66購02,288460,1.14,1.15,1.14,1.14
710099,營邦統一66購03,0,,,,
710100,營邦統一6C購01,686960,0.94,0.95,0.92,0.93
710101,中美晶台新5C購02,0,,,,
710102,中美晶台新5C購03,41280,3.44,3.44,3.44,3.44
710103,東浦台新5C購02,0,,,,
710104,東浦台新5C購03,0,,,,
710105,勤凱台新5C購01,0,,,,
710106,聖暉*台新5C購02,0,,,,
710107,聖暉*台新5C購03,0,,,,
710108,聖暉*台新5C購04,0,,,,
710109,廣閎科台新5C購03,415150,1.06,1.35,1.06,1.31
710110,銳澤台新5C購01,0,,,,
710111,騰雲台新5C購01,287250,2.22,2.33,2.02,2.33
710112,中美晶凱基61購05,0,,,,
710113,世界凱基5C購06,0,,,,
710114,宜鼎凱基5C購07,0,,,,
710115,朋億*凱基61購01,0,,,,
710116,威剛凱基5C購07,0,,,,
710117,威剛凱基5C購08,0,,,,
710118,宜鼎元大5C購12,0,,,,
710119,朋億*元大5C購01,0,,,,
710120,東浦元大5C購01,0,,,,
710121,威剛元大5C購04,0,,,,
710122,安碁台新5C購01,0,,,,
710123,臺慶科台新5C購01,0,,,,
710124,中美晶國票61購03,4320,0.72,0.72,0.72,0.72
710125,宏捷科國票61購01,0,,,,
710126,朋億*國票61購04,0,,,,
710127,東浦國票61購04,0,,,,
710128,宣德國票61購01,0,,,,
710129,能率亞國票61購02,0,,,,
710130,宏捷科中信5C購01,0,,,,
710131,博智中信5C購01,0,,,,
710132,中美晶永豐5C購02,19800,0.99,0.99,0.99,0.99
710133,中美晶永豐5C購03,180200,0.85,0.85,0.85,0.85
710134,世界永豐66購01,0,,,,
710135,亞通永豐64購01,104770,1.55,1.6,1.55,1.6
710136,宣德永豐61購01,0,,,,
710137,博智永豐61購01,10440,0.36,0.36,0.36,0.36
710138,中美晶富邦5C購01,64700,0.6,0.62,0.6,0.62
710139,順達富邦62購02,0,,,,
710140,聖暉*富邦5C購03,0,,,,
710141,中美晶中信5C購01,990,0.33,0.33,0.33,0.33
710142,宏捷科凱基5C購02,0,,,,
710143,富喬凱基5C購05,33510,1.01,1.01,0.92,0.95
710144,群聯凱基5C購08,0,,,,
710145,廣閎科凱基5C購03,44450,0.34,0.36,0.34,0.35
710146,中美晶台新5C購04,48200,0.58,0.6,0.57,0.6
710147,台半台新5C購03,0,,,,
710148,均豪台新5C購01,13320,1.11,1.11,1.11,1.11
710149,均豪台新5C購02,0,,,,
710150,均豪台新5C購03,0,,,,
710151,宜鼎台新5C購06,0,,,,
710152,凱崴台新5C購02,47600,0.29,0.31,0.29,0.31
710153,廣閎科台新5C購04,2869540,0.89,1.12,0.89,1.1
710154,台半元大5C購07,0,,,,
710155,宜鼎元大5C購13,0,,,,
710156,威剛元大5C購05,0,,,,
710158,台半國泰61購01,89320,0.74,0.78,0.74,0.78
710159,博智國泰61購02,0,,,,
710160,順達國泰61購01,0,,,,
710161,台半富邦62購04,1640,0.41,0.41,0.41,0.41
710162,台半富邦63購02,0,,,,
710163,朋程富邦62購02,0,,,,
710164,朋程富邦63購02,0,,,,
710165,鈊象富邦62購02,1087590,0.69,0.7,0.69,0.7
710166,營邦富邦62購02,0,,,,
710167,兆利永豐64購01,0,,,,
710168,宜鼎永豐63購01,229890,0.38,0.4,0.37,0.4
710169,精確永豐61購01,55000,0.37,0.37,0.36,0.36
710170,雙鴻永豐66購01,0,,,,
710171,廣閎科國票61購04,0,,,,
710172,台半群益5C購04,0,,,,
710173,宏捷科群益5C購02,0,,,,
710174,臺慶科群益5C購02,0,,,,
710175,台半凱基5C購04,0,,,,
710176,尼克森凱基5C購01,46100,0.08,0.12,0.08,0.09
710177,宏捷科凱基5C購03,0,,,,
710178,朋程凱基5C購02,0,,,,
710179,茂達凱基5C購01,0,,,,
710180,臺慶科凱基5C購06,0,,,,
710181,廣閎科凱基5C購04,13150,0.27,0.32,0.27,0.32
710182,大中台新5C購01,0,,,,
710183,台半台新5C購04,0,,,,
710184,宜鼎台新61購02,0,,,,
710185,晶焱台新5C購04,0,,,,
710186,晶焱台新5C購05,0,,,,
710187,廣閎科台新61購01,8080,0.8,0.88,0.8,0.88
710188,中美晶元大5C購11,434450,0.62,0.67,0.62,0.67
710189,台半元大5C購08,0,,,,
710190,宜鼎元大5C購14,124000,0.25,0.25,0.25,0.25
710191,威剛元大5C購06,0,,,,
710192,群聯中信64購01,438140,0.26,0.26,0.23,0.24
710193,雙鴻中信66購01,14250,0.95,0.95,0.95,0.95
710194,雙鴻中信66購02,724990,1.26,1.39,1.26,1.36
710195,大中永豐64購01,23760,0.44,0.44,0.44,0.44
710196,台半永豐64購01,0,,,,
710197,尼克森永豐64購01,363630,0.29,0.39,0.29,0.35
710198,信紘科永豐64購01,0,,,,
710199,家登永豐64購01,0,,,,
710200,富喬永豐5C購02,87230,1.37,1.37,1.29,1.29
710201,鈊象永豐61購01,0,,,,
710202,鴻呈永豐61購01,0,,,,
710203,世禾國票61購02,0,,,,
710204,世紀*國票61購01,0,,,,
710205,亞泰國票61購01,0,,,,
710206,矽科國票61購01,0,,,,
710207,茂迪國票61購02,0,,,,
710208,茂達國票61購01,0,,,,
710209,崧騰國票61購01,0,,,,
710210,統振國票61購01,0,,,,
710211,博盛國票61購01,36400,0.36,0.37,0.36,0.37
710212,閎康國票61購03,0,,,,
710213,萬泰科國票61購01,0,,,,
710214,漢達國票61購01,0,,,,
710215,臺慶科國票61購04,0,,,,
710216,廣閎科國票61購05,23970,0.47,0.47,0.47,0.47
710217,聰泰國票61購01,0,,,,
710218,能率亞國泰61購01,0,,,,
710219,能率國泰61購01,0,,,,
710220,廣閎科國泰61購02,536050,0.72,0.84,0.71,0.84
710221,凡甲富邦63購01,0,,,,
710222,立碁富邦5C購02,8950,1.79,1.79,1.79,1.79
710223,智通*富邦62購02,0,,,,
710224,宜鼎群益5C購05,0,,,,
710225,威剛群益5C購07,0,,,,
710226,威剛群益62購02,0,,,,
710227,宣德群益5C購01,0,,,,
710228,家登群益63購01,5250,1.05,1.05,1.05,1.05
710229,凱崴群益5C購01,0,,,,
710230,博智群益5C購01,0,,,,
710231,富喬群益5C購04,0,,,,
710232,群聯群益5C購08,0,,,,
710233,群聯群益5C購09,0,,,,
710234,群聯群益61購05,0,,,,
710235,雙鴻群益62購02,22500,7.5,7.5,7.5,7.5
710236,威剛中信66購01,5250,0.35,0.35,0.35,0.35
710237,富喬中信66購01,48830,0.69,0.69,0.66,0.66
710238,大中永豐5C購01,0,,,,
710239,中光電永豐61購01,0,,,,
710240,世界永豐5C購02,0,,,,
710241,台半永豐61購03,0,,,,
710242,宜鼎永豐61購02,0,,,,
710243,原相永豐61購01,0,,,,
710244,達航永豐63購01,0,,,,
710245,漢達永豐64購01,196410,1.57,1.57,1.51,1.51
710246,台半元大5C購09,0,,,,
710247,台半元大63購03,0,,,,
710249,佳邦元大5C購01,0,,,,
710250,朋程元大5C購02,0,,,,
710251,欣銓元大5C購02,3480,1.16,1.16,1.16,1.16
710252,欣銓元大5C購03,3400,0.85,0.85,0.85,0.85
710253,家登元大5C購05,86640,0.68,0.68,0.67,0.67
710254,家登元大66購01,15750,1.05,1.05,1.05,1.05
710255,臺慶科元大5C購05,0,,,,
710256,台半國票61購04,12000,0.2,0.2,0.2,0.2
710257,台半國票61購05,0,,,,
710258,青雲國票5C購01,9590,0.37,0.39,0.36,0.39
710259,大中台新61購01,0,,,,
710260,台半台新5C購05,0,,,,
710261,晶焱台新5C購06,0,,,,
710262,漢達台新5C購01,40740,2.91,2.91,2.91,2.91
710263,臺慶科台新5C購03,0,,,,
710264,世界凱基5C購07,0,,,,
710265,台半凱基5C購05,0,,,,
710266,朋程凱基5C購03,0,,,,
710267,富喬凱基63購01,8340,0.6,0.6,0.57,0.57
710268,群聯凱基5C購09,2500,0.25,0.25,0.25,0.25
710269,漢達凱基5C購01,225080,1.2,1.21,1.08,1.17
710270,精材凱基63購01,29510,1.22,1.23,1.22,1.23
710271,世界國泰61購01,0,,,,
710272,穩得國泰61購01,0,,,,
710273,中光電富邦62購02,4290,0.33,0.33,0.33,0.33
710274,台半富邦63購03,0,,,,
710275,朋程富邦63購03,0,,,,
710276,FH中5G群益5C購01,0,,,,
710277,大中群益5C購01,0,,,,
710278,中光電群益5C購01,0,,,,
710279,中光電群益5C購02,0,,,,
710280,世界群益5C購04,0,,,,
710281,台半群益62購03,0,,,,
710282,尼克森群益61購01,3550,0.38,0.38,0.33,0.33
710283,宏捷科群益5C購03,0,,,,
710284,朋程群益5C購01,0,,,,
710285,茂達群益5C購01,0,,,,
710286,榮剛群益61購01,13300,0.33,0.34,0.33,0.34
710287,精材群益61購01,0,,,,
710288,世界元大5C購08,167260,0.32,0.32,0.29,0.29
710289,朋程元大5C購03,0,,,,
710290,博盛元大5C購01,147720,0.5,0.54,0.5,0.5
710291,世界台新5C購01,0,,,,
710292,萬泰科台新5C購01,0,,,,
710293,大中國票5C購01,0,,,,
710294,天品國票5C購01,690210,0.86,0.91,0.81,0.9
710295,世界國票61購02,0,,,,
710296,立碁國票61購01,11630,1.94,1.94,1.93,1.93
710297,亞通國票5C購01,1920240,1.53,1.74,1.53,1.74
710298,朋程國票5C購02,0,,,,
710299,杰力國票61購02,4000,0.25,0.25,0.25,0.25
710300,博盛國票61購02,0,,,,
710301,晶宏國票61購01,3400,0.68,0.68,0.68,0.68
710302,漢達國票63購01,90250,1.11,1.11,1.06,1.1
710303,寶雅國票61購02,16690,0.8,0.8,0.79,0.79
710304,大中凱基5C購01,130,0.13,0.13,0.13,0.13
710305,中光電凱基5C購01,0,,,,
710306,中光電凱基5C購02,7800,0.12,0.12,0.12,0.12
710307,世界凱基63購02,0,,,,
710308,宏捷科凱基5C購04,0,,,,
710309,欣銓凱基5C購01,0,,,,
710310,青雲凱基5C購01,5800,0.29,0.29,0.29,0.29
710311,威剛凱基61購02,0,,,,
710312,茂達凱基5C購02,0,,,,
710313,家登凱基5C購04,0,,,,
710314,家登凱基5C購05,0,,,,
710315,臺慶科凱基5C購07,0,,,,
710316,聖暉*群益5C購03,0,,,,
710317,台嘉碩國泰61購01,25010,1.31,1.35,1.27,1.27
710318,宜鼎國泰62購01,0,,,,
710319,朋程國泰61購01,11400,0.57,0.57,0.57,0.57
710320,原相國泰61購01,0,,,,
710321,博盛國泰61購01,27200,0.68,0.68,0.68,0.68
710322,世界富邦5C購04,0,,,,
710323,宜鼎富邦5C購05,2100,0.07,0.07,0.07,0.07
710324,信紘科永豐5C購01,0,,,,
710325,順達永豐5C購02,0,,,,
710326,順達永豐5C購03,0,,,,
710327,順達永豐5C購04,0,,,,
710328,群聯永豐64購06,0,,,,
710329,群聯永豐66購01,0,,,,
710330,鴻呈永豐5C購01,0,,,,
710331,中光電台新5C購01,0,,,,
710332,中光電台新5C購02,11200,0.14,0.14,0.14,0.14
710333,亞信台新5C購01,142280,0.74,0.79,0.73,0.79
710334,精材台新61購01,0,,,,
710335,精材台新61購02,32860,3.3,3.3,3.23,3.23
710336,亞通凱基5C購01,43800,1.46,1.46,1.46,1.46
710337,朋程凱基5C購04,0,,,,
710338,聖暉*凱基5C購03,0,,,,
710339,宜鼎元大5C購15,2150,0.43,0.43,0.43,0.43
710340,富喬元大65購01,4564100,1.49,1.49,1.44,1.44
710341,漢達元大5C購01,24120,1.05,1.06,0.94,0.94
710342,精材元大5C購05,33550,3.05,3.05,3.05,3.05
710343,臺慶科元大5C購06,950,0.19,0.19,0.19,0.19
710344,宜特永豐64購01,0,,,,
710345,朋程永豐5C購03,0,,,,
710346,朋程永豐5C購04,0,,,,
710347,威剛永豐64購02,0,,,,
710348,威剛永豐66購01,0,,,,
710349,富喬永豐5C購03,0,,,,
710350,漢達永豐5C購01,33960,1.05,1.05,1.02,1.02
710351,雙鴻永豐63購03,143990,2.03,2.21,2.03,2.21
710352,寶雅永豐5C購01,0,,,,
710353,鏵友益永豐64購01,0,,,,
710354,精材中信64購01,63020,1.04,1.08,1.03,1.08
710355,大世科國票61購01,2940,0.49,0.49,0.49,0.49
710356,元山國票61購01,0,,,,
710357,世界國票61購03,0,,,,
710358,安葆國票61購01,243820,1.94,2.14,1.94,2.14
710359,亞信國票61購01,0,,,,
710360,明安國票61購01,0,,,,
710361,桓達國票61購01,0,,,,
710362,神準國票61購01,0,,,,
710363,晶焱國票5C購02,0,,,,
710364,智擎國票61購01,0,,,,
710365,聖暉*國票61購04,0,,,,
710366,漢達國票65購01,732360,1.12,1.12,1.04,1.09
710367,精材國票61購02,0,,,,
710368,鈊象群益5C購01,95200,1.31,1.35,1.31,1.35
710369,富喬國泰61購01,140030,1.34,1.34,1.27,1.27
710370,漢達國泰61購02,5120,2.56,2.56,2.56,2.56
710371,世界凱基5C購08,0,,,,
710372,宜鼎凱基5C購08,12800,0.16,0.16,0.16,0.16
710373,群聯凱基5C購10,21500,0.43,0.43,0.43,0.43
710374,群聯凱基61購06,0,,,,
710375,精材凱基5C購05,293740,2.11,2.14,2.05,2.14
710376,世界台新5C購03,0,,,,
710377,巨有台新5C購01,0,,,,
710378,巨有台新5C購02,3290,3.29,3.29,3.29,3.29
710379,東浦台新5C購04,0,,,,
710380,東浦台新5C購05,0,,,,
710381,杰力台新5C購01,16500,0.33,0.33,0.33,0.33
710382,青雲台新5C購01,5500,0.34,0.38,0.34,0.38
710383,能率亞台新5C購01,0,,,,
710384,中光電元大5C購01,0,,,,
710385,宜鼎元大5C購16,0,,,,
710386,富喬元大65購02,95300,1.38,1.38,1.35,1.35
710387,精材元大5C購06,46600,3.32,3.35,3.32,3.35
710388,精材元大5C購07,124820,2.41,2.41,2.3,2.36
710389,精材元大61購08,308360,2.8,2.91,2.8,2.91
710390,精材元大61購09,194510,2.84,2.87,2.8,2.87
710391,精材元大63購04,1250610,2.47,2.54,2.46,2.51
710392,世界中信63購01,14000,0.2,0.2,0.2,0.2
710393,久元永豐5C購03,0,,,,
710394,久元永豐5C購04,0,,,,
710395,世禾永豐5C購01,6460,0.59,0.61,0.58,0.61
710396,世界永豐5C購03,0,,,,
710397,巨有永豐5C購02,31680,1.98,1.98,1.98,1.98
710398,安勤永豐63購01,144420,0.62,0.64,0.62,0.64
710399,均豪永豐5C購03,7490,1.07,1.07,1.07,1.07
710400,均豪永豐5C購04,0,,,,
710401,宏觀永豐5C購02,3180,0.35,0.36,0.35,0.36
710402,宏觀永豐5C購03,0,,,,
710403,晶焱永豐5C購01,0,,,,
710404,晶焱永豐5C購02,0,,,,
710405,智通*永豐63購01,0,,,,
710406,湧德永豐5C購01,22570,0.61,0.61,0.61,0.61
710407,湧德永豐5C購02,3570,0.51,0.51,0.51,0.51
710408,聖暉*永豐5C購03,0,,,,
710409,聖暉*永豐5C購04,0,,,,
710410,精材永豐5C購03,0,,,,
710411,精材永豐5C購04,0,,,,
710412,精材永豐63購02,0,,,,
710413,優群永豐5C購02,0,,,,
710414,雙鴻永豐5C購05,0,,,,
710415,世界國票61購04,0,,,,
710416,巨有國票5C購01,7590,2.53,2.53,2.53,2.53
710417,巨有國票5C購02,0,,,,
710418,宇峻國票61購01,0,,,,
710419,安勤國票61購02,34780,0.47,0.47,0.47,0.47
710420,青雲國票5C購02,256360,0.26,0.27,0.25,0.27
710421,能率國票61購01,0,,,,
710422,精材國票61購03,12540,2.16,2.16,2.02,2.02
710423,鑫科國票5C購01,6600,0.22,0.22,0.22,0.22
710424,巨有群益5C購01,17200,4.3,4.3,4.3,4.3
710425,智通*群益5C購01,0,,,,
710426,智通*群益63購01,0,,,,
710427,東浦國泰61購01,20500,0.41,0.41,0.41,0.41
710428,杰力國泰61購01,21000,0.42,0.42,0.42,0.42
710429,精材國泰61購01,0,,,,
710430,威剛富邦5C購02,0,,,,
710431,精材富邦5C購01,117510,1.51,1.56,1.43,1.49
710432,安勤凱基62購01,8000,0.4,0.4,0.4,0.4
710433,系微凱基5C購01,111050,0.25,0.3,0.25,0.3
710434,宜鼎凱基5C購09,2100,0.35,0.35,0.35,0.35
710435,能率凱基62購01,0,,,,
710436,富喬凱基63購02,0,,,,
710437,智通*凱基5C購01,0,,,,
710438,群聯凱基5C購11,537430,0.42,0.43,0.39,0.39
710439,群聯凱基5C購12,12000,0.51,0.51,0.46,0.46
710440,鑫科凱基5C購01,0,,,,
710441,中美晶元大5C購12,285500,1.54,1.57,1.54,1.57
710442,世界元大66購03,0,,,,
710443,宜鼎元大5C購17,531100,0.7,0.72,0.7,0.72
710444,能率亞元大5C購01,0,,,,
710445,富喬元大5C購04,162500,1.03,1.04,0.97,0.97
710446,智通*元大5C購01,0,,,,
710447,智通*元大5C購02,0,,,,
710448,智通*元大63購01,0,,,,
710449,五福國票64購01,0,,,,
710450,璟德國票64購01,177500,0.55,0.55,0.5,0.5
710451,磐儀國票64購01,60000,0.4,0.4,0.4,0.4
710452,中光電國票61購01,0,,,,
710453,宜鼎國票62購01,0,,,,
710454,竹陞國票64購01,22760,0.64,0.72,0.64,0.72
710455,崴寶國票64購01,0,,,,
710456,富強鑫國票62購01,102720,0.96,0.96,0.96,0.96
710457,千附國票64購01,34840,0.67,0.67,0.67,0.67
710458,智通*國票61購01,0,,,,
710459,智通*國票61購02,0,,,,
710460,久元永豐5C購05,0,,,,
710461,久元永豐63購01,0,,,,
710462,久元永豐66購01,0,,,,
710463,中光電永豐5C購01,0,,,,
710464,系統電永豐5C購02,0,,,,
710465,營邦永豐5C購01,285250,2.12,2.29,2.12,2.29
710466,營邦永豐5C購02,63000,1.75,1.75,1.75,1.75
710467,宏觀台新5C購02,0,,,,
710468,聖暉*台新5C購06,0,,,,
710469,聖暉*台新5C購07,3300,0.11,0.11,0.11,0.11
710470,能率國泰63購01,0,,,,
710471,久元富邦63購01,0,,,,
710472,原相富邦5C購01,0,,,,
710473,達航富邦62購01,0,,,,
710474,營邦富邦63購02,0,,,,
710475,營邦富邦63購03,0,,,,
710476,巨有群益5C購02,31970,2.9,2.97,2.9,2.97
710477,世界元大61購01,0,,,,
710478,世界元大66購04,21740,0.78,0.79,0.77,0.77
710479,世界元大67購01,0,,,,
710480,巨有元大61購01,31480,1.57,1.63,1.5,1.63
710481,宜鼎元大61購05,420600,0.63,0.64,0.62,0.64
710482,富喬元大61購06,178400,1.22,1.22,1.18,1.2
710483,富喬元大62購01,164470,1.1,1.11,1.06,1.06
710484,富喬元大62購02,3635480,1.24,1.24,1.18,1.18
710485,臺慶科元大61購01,0,,,,
710486,千附精台新61購01,0,,,,
710487,元太台新61購01,0,,,,
710488,竹陞台新61購01,1760,0.88,0.88,0.88,0.88
710489,譜瑞台新61購01,0,,,,
710490,譜瑞台新61購02,0,,,,
710491,千附精凱基61購01,11900,0.6,0.6,0.59,0.59
710492,千附精凱基61購02,0,,,,
710493,中光電凱基61購01,0,,,,
710494,元太凱基61購02,0,,,,
710495,元太凱基61購03,0,,,,
710496,元太凱基61購04,0,,,,
710497,元太凱基61購05,0,,,,
710498,元太凱基61購06,0,,,,
710499,世紀*凱基61購01,0,,,,
710500,竹陞凱基61購01,750980,0.67,0.8,0.63,0.77
710501,原相凱基61購01,0,,,,
710502,譜瑞凱基61購02,386310,0.62,0.67,0.62,0.66
710503,譜瑞凱基61購03,0,,,,
710504,譜瑞凱基61購04,0,,,,
710505,譜瑞凱基61購05,0,,,,
710506,千附精群益61購01,116280,0.57,0.57,0.57,0.57
710507,譜瑞群益61購01,0,,,,
710508,91APP*國票62購01,0,,,,
710509,千附精國票62購01,0,,,,
710510,世紀*國票62購01,4360,2.18,2.18,2.18,2.18
710511,竹陞國票62購01,16200,0.52,0.58,0.52,0.58
710512,宜鼎國票62購02,0,,,,
710513,長佳智國票62購01,470400,0.32,0.32,0.32,0.32
710514,長聖國票62購01,8250,0.55,0.55,0.55,0.55
710515,威剛國票62購02,0,,,,
710516,建榮國票61購01,31500,0.32,0.32,0.31,0.31
710517,昱展國票62購01,5940,0.33,0.33,0.33,0.33
710518,茂迪國票62購01,0,,,,
710519,訊聯國票62購01,0,,,,
710520,博士旺國票61購01,239520,0.48,0.48,0.48,0.48
710522,雙鴻國票62購01,0,,,,
710523,譜瑞國票62購01,0,,,,
710524,元太中信61購01,0,,,,
710525,久元永豐64購01,0,,,,
710526,大江永豐61購01,6370,0.51,0.51,0.47,0.49
710527,元太永豐61購02,0,,,,
710528,元太永豐61購03,0,,,,
710529,邑錡永豐64購01,19800,0.66,0.66,0.66,0.66
710530,威剛永豐61購04,0,,,,
710531,威剛永豐61購05,0,,,,
710532,鈊象永豐65購01,0,,,,
710533,勤凱永豐65購01,0,,,,
710534,新普永豐61購01,9240,0.84,0.84,0.84,0.84
710535,譜瑞永豐61購01,46020,0.39,0.42,0.39,0.42
710536,譜瑞永豐61購02,0,,,,
710537,譜瑞永豐61購03,0,,,,
710538,譜瑞永豐61購04,0,,,,
710539,譜瑞永豐64購01,9900,0.9,0.9,0.9,0.9
710540,譜瑞永豐64購02,0,,,,
710541,譜瑞永豐67購01,50020,1.22,1.22,1.22,1.22
710542,久元國泰62購01,0,,,,
710543,久元國泰62購02,0,,,,
710544,中光電國泰62購01,0,,,,
710545,巨有國泰62購01,182060,3.85,3.85,3.69,3.84
710546,竹陞國泰62購01,195710,1.48,1.69,1.48,1.69
710547,青雲國泰62購01,0,,,,
710548,青雲國泰62購02,0,,,,
710549,智通*國泰62購01,0,,,,
710550,元太富邦64購01,0,,,,
710551,安勤富邦62購01,245910,0.43,0.46,0.43,0.46
710552,譜瑞富邦63購01,0,,,,
710553,譜瑞富邦64購01,249780,0.46,0.46,0.46,0.46
710554,宜鼎中信61購02,0,,,,
710555,中光電永豐61購02,0,,,,
710556,竹陞永豐61購01,3600,1.2,1.2,1.2,1.2
710557,竹陞永豐64購01,0,,,,
710558,竹陞永豐65購01,22140,0.85,0.89,0.85,0.89
710559,均豪永豐64購01,129100,0.7,0.72,0.7,0.72
710560,宏捷科永豐61購01,0,,,,
710561,宜鼎永豐61購03,0,,,,
710562,宜鼎永豐64購02,0,,,,
710563,威剛永豐61購06,0,,,,
710564,威剛永豐61購07,0,,,,
710565,茂達永豐61購02,0,,,,
710566,家登永豐61購02,146210,1.24,1.26,1.24,1.26
710567,富喬永豐61購03,95090,0.59,0.59,0.55,0.55
710568,富喬永豐66購02,125180,1.05,1.05,0.99,0.99
710569,群翊永豐61購01,109720,0.66,0.74,0.66,0.74
710570,群聯永豐61購02,0,,,,
710571,群聯永豐61購03,0,,,,
710572,群聯永豐65購06,0,,,,
710573,雙鴻永豐61購05,85500,2.85,2.85,2.85,2.85
710574,雙鴻永豐66購02,31600,2.9,2.9,2.87,2.87
710575,雙鴻永豐67購01,209820,3.42,3.48,3.42,3.48
710576,中光電元大61購01,0,,,,
710577,中光電元大61購02,0,,,,
710578,中光電元大61購03,5700,0.57,0.57,0.57,0.57
710579,世界元大64購08,187920,0.38,0.38,0.37,0.37
710580,世界元大66購05,93250,0.36,0.37,0.36,0.37
710581,均豪元大61購01,0,,,,
710582,宏捷科元大67購01,154780,0.59,0.64,0.59,0.64
710583,佳邦元大61購01,0,,,,
710584,欣銓元大61購01,598470,1.22,1.22,1.12,1.14
710585,原相元大61購01,0,,,,
710586,富喬元大64購03,166240,0.75,0.75,0.73,0.73
710587,富喬元大65購03,1601610,0.88,0.88,0.85,0.85
710588,群聯元大64購06,0,,,,
710589,臺慶科元大61購02,0,,,,
710590,中美晶群益64購01,262690,0.65,0.68,0.65,0.68
710591,竹陞群益61購01,30430,0.39,0.46,0.39,0.46
710592,均豪群益61購01,120640,0.88,0.93,0.88,0.93
710593,佳邦群益61購01,0,,,,
710594,宜特群益61購01,40020,1.0,1.03,1.0,1.03
710595,青雲群益62購01,0,,,,
710596,臺慶科群益61購01,0,,,,
710597,中美晶國泰63購01,49400,1.3,1.3,1.3,1.3
710598,家登國泰62購01,163030,1.03,1.08,1.03,1.08
710599,凡甲富邦63購02,0,,,,
710600,中光電富邦63購01,0,,,,
710601,宏觀富邦63購01,36510,0.29,0.31,0.29,0.31
710602,茂達富邦63購01,0,,,,
710603,耕興富邦63購01,17860,0.47,0.47,0.47,0.47
710604,湧德富邦63購01,162750,0.55,0.56,0.55,0.56
710605,中光電凱基61購02,22000,0.11,0.11,0.11,0.11
710606,巨有凱基61購01,567300,1.72,1.72,1.43,1.62
710607,宜鼎凱基61購01,38300,0.14,0.15,0.14,0.15
710608,富喬凱基61購04,351390,0.76,0.76,0.69,0.7
710609,臺慶科凱基61購02,0,,,,
710610,雙鴻凱基64購01,0,,,,
710611,中美晶台新61購02,0,,,,
710612,宜特台新61購02,0,,,,
710613,宜鼎台新61購03,163400,0.43,0.43,0.43,0.43
710614,原相台新61購01,0,,,,
710615,原相台新61購02,0,,,,
710616,原相台新61購03,0,,,,
710617,鈊象台新61購01,20720,0.74,0.74,0.74,0.74
710618,群聯台新61購01,0,,,,
710619,九暘元大61購01,166420,0.58,0.6,0.54,0.54
710620,中光電元大61購04,0,,,,
710621,台嘉碩元大61購01,0,,,,
710622,安可元大61購01,0,,,,
710623,竹陞元大61購01,84200,0.53,0.6,0.53,0.6
710624,宜鼎元大61購06,16800,0.56,0.56,0.56,0.56
710625,松上元大61購01,0,,,,
710626,品安元大61購01,0,,,,
710628,晟田元大61購01,0,,,,
710629,堡達元大61購01,0,,,,
710630,富喬元大61購08,386100,0.85,0.88,0.8,0.8
710631,富喬元大64購04,267150,0.75,0.76,0.7,0.7
710632,碩禾元大61購03,693430,0.52,0.55,0.26,0.27
710633,臺慶科元大64購01,0,,,,
710634,臺慶科元大67購01,5610,0.51,0.51,0.51,0.51
710635,寶雅元大61購01,26680,1.28,1.28,1.26,1.26
710636,川寶國票65購01,0,,,,
710637,中美晶國票61購04,19000,0.38,0.38,0.38,0.38
710638,中裕國票65購01,301110,0.6,0.6,0.57,0.57
710639,日揚國票65購01,0,,,,
710640,安可國票61購01,240,0.24,0.24,0.24,0.24
710641,金雨國票65購01,3200,0.16,0.16,0.16,0.16
710642,品安國票65購01,0,,,,
710643,威潤國票65購01,0,,,,
710644,茂達國票65購01,0,,,,
710645,泰藝國票61購01,0,,,,
710646,晟田國票61購01,0,,,,
710647,崇越電國票65購01,0,,,,
710648,富強鑫國票65購01,32000,0.8,0.8,0.8,0.8
710649,瑞耘國票65購01,10140,0.78,0.78,0.78,0.78
710650,精拓科國票65購01,195780,0.6,0.6,0.57,0.57
710651,廣積國票65購01,0,,,,
710652,璟德國票65購01,0,,,,
710653,中光電群益61購01,0,,,,
710654,中美晶群益63購01,0,,,,
710655,世紀*群益62購01,0,,,,
710656,台嘉碩群益61購01,0,,,,
710657,台嘉碩群益61購02,0,,,,
710658,巨漢群益61購01,0,,,,
710659,宜鼎群益61購01,0,,,,
710660,東浦群益61購01,0,,,,
710661,東浦群益61購02,0,,,,
710662,國眾群益64購01,0,,,,
710663,堡達群益61購01,0,,,,
710664,晶宏群益61購01,26530,0.78,0.79,0.78,0.79
710665,陽程群益61購01,0,,,,
710666,九暘凱基61購01,438080,0.45,0.51,0.3,0.51
710667,川寶凱基61購01,168360,0.6,0.69,0.56,0.66
710668,中美晶凱基61購06,8600,0.71,0.75,0.71,0.75
710669,日揚凱基61購01,0,,,,
710670,世界凱基66購01,13250,0.53,0.53,0.53,0.53
710671,加高凱基61購01,0,,,,
710672,加高凱基61購02,0,,,,
710673,台嘉碩凱基61購01,0,,,,
710674,台嘉碩凱基61購02,0,,,,
710675,全宇昕凱基61購01,6300,0.63,0.63,0.63,0.63
710676,邑錡凱基61購01,0,,,,
710677,奇鈦科凱基61購01,0,,,,
710678,東浦凱基61購01,0,,,,
710679,杰力凱基61購01,37450,0.37,0.38,0.36,0.38
710680,茂達凱基61購01,0,,,,
710681,泰藝凱基61購01,0,,,,
710682,高僑凱基61購01,0,,,,
710683,崇越電凱基61購01,7200,0.48,0.48,0.48,0.48
710684,堡達凱基61購01,0,,,,
710685,晶宏凱基61購01,11550,0.83,0.83,0.73,0.73
710686,越峰凱基61購01,0,,,,
710687,陽程凱基61購02,636840,3.07,3.63,3.07,3.58
710688,碩禾凱基61購01,290940,0.77,0.77,0.28,0.31
710689,中光電台新61購01,18000,0.18,0.18,0.18,0.18
710690,中光電台新61購02,0,,,,
710691,中美晶台新61購03,123720,0.63,0.66,0.63,0.66
710692,中美晶台新63購02,26800,0.67,0.67,0.67,0.67
710693,世界台新61購01,0,,,,
710694,台嘉碩台新61購01,0,,,,
710695,台嘉碩台新61購02,0,,,,
710696,巨漢台新61購01,0,,,,
710697,巨漢台新61購02,0,,,,
710698,全宇昕台新61購01,18600,0.62,0.62,0.62,0.62
710699,欣銓台新61購01,48610,0.61,0.61,0.56,0.57
710700,欣銓台新61購02,1275200,0.63,0.63,0.55,0.55
710701,威剛台新61購02,0,,,,
710702,家登台新61購01,5360,0.67,0.67,0.67,0.67
710703,家登台新64購01,60720,0.92,0.92,0.92,0.92
710704,威剛中信61購01,0,,,,
710705,九暘永豐61購01,404970,0.43,0.45,0.39,0.4
710706,久禾光永豐61購01,0,,,,
710707,川寶永豐61購01,150690,0.48,0.55,0.48,0.55
710708,加高永豐61購01,0,,,,
710709,台嘉碩永豐61購01,0,,,,
710710,巨漢永豐61購01,0,,,,
710711,立盈永豐61購01,0,,,,
710712,全宇昕永豐61購01,0,,,,
710713,利機永豐61購01,0,,,,
710714,良維永豐61購01,0,,,,
710715,奇鈦科永豐61購01,0,,,,
710716,奇鈦科永豐61購02,62600,0.24,0.28,0.24,0.28
710717,東浦永豐61購01,0,,,,
710718,杰力永豐61購01,0,,,,
710719,欣銓永豐64購02,36440,0.68,0.68,0.63,0.64
710720,信音永豐61購01,0,,,,
710721,泰藝永豐61購01,0,,,,
710722,泰藝永豐61購02,0,,,,
710723,崇越電永豐61購01,0,,,,
710724,崇越電永豐61購02,0,,,,
710725,堡達永豐61購01,0,,,,
710726,堡達永豐64購01,0,,,,
710727,晶宏永豐61購01,19200,0.96,0.96,0.96,0.96
710728,華洋永豐61購01,0,,,,
710729,越峰永豐61購01,6330,0.08,0.33,0.08,0.33
710730,陽程永豐61購01,435860,2.62,2.95,2.62,2.95
710731,碩禾永豐61購01,28810,0.33,0.33,0.28,0.29
710733,寬魚永豐61購01,0,,,,
710734,寬魚永豐61購02,0,,,,
710735,威剛國泰62購01,0,,,,
710736,立碁富邦61購01,5580,1.86,1.86,1.86,1.86
710737,均豪富邦61購02,0,,,,
710738,中光電國票61購02,0,,,,
710739,中美晶國票65購01,4550,0.91,0.91,0.91,0.91
710740,竹陞國票65購01,0,,,,
710741,松上國票61購01,0,,,,
710742,欣銓國票61購03,0,,,,
710743,青雲國票61購01,21400,1.07,1.07,1.07,1.07
710744,盈正國票65購01,0,,,,
710745,茂達國票65購02,0,,,,
710746,家登國票61購01,23000,0.92,0.92,0.92,0.92
710747,堡達國票61購01,0,,,,
710748,翔名國票65購01,0,,,,
710749,華洋國票65購01,0,,,,
710750,勤凱國票61購01,24750,0.2,0.2,0.19,0.19
710751,頎邦國票65購01,38430,0.87,0.87,0.84,0.87
710752,璟德國票61購01,11360,0.43,0.43,0.38,0.38
710753,擎邦國票61購01,301590,0.56,0.69,0.55,0.69
710754,耀穎國票65購01,93430,1.0,1.0,0.93,0.97
710756,大中元大67購01,0,,,,
710758,佳邦元大61購02,0,,,,
710761,華景電元大64購01,0,,,,
710762,聖暉*元大61購02,3850,0.11,0.11,0.11,0.11
710763,頎邦元大61購01,5850,0.97,0.98,0.97,0.98
710764,璟德元大61購02,0,,,,
710765,大中凱基61購01,0,,,,
710766,竹陞凱基61購02,1061340,0.23,0.29,0.22,0.28
710767,宜特凱基61購03,0,,,,
710768,欣銓凱基61購02,0,,,,
710769,茂達凱基61購02,0,,,,
710770,富喬凱基61購05,543230,0.98,0.98,0.93,0.95
710771,聖暉*凱基61購02,0,,,,
710772,璟德凱基64購01,0,,,,
710773,中美晶永豐61購01,0,,,,
710774,中美晶永豐61購02,0,,,,
710775,元太永豐61購04,0,,,,
710776,台嘉碩永豐61購02,0,,,,
710777,竹陞永豐63購01,0,,,,
710778,宜鼎永豐66購01,0,,,,
710779,昇佳電永豐61購01,0,,,,
710780,茂達永豐64購01,0,,,,
710781,能率亞永豐61購01,0,,,,
710782,高僑永豐61購01,0,,,,
710783,閎康永豐61購02,0,,,,
710784,新漢永豐61購01,500,0.5,0.5,0.5,0.5
710785,頎邦永豐61購02,607030,0.6,0.61,0.59,0.61
710786,頎邦永豐64購01,230570,1.11,1.13,1.11,1.13
710787,璟德永豐61購02,0,,,,
710788,寶雅永豐61購01,41980,0.54,0.54,0.51,0.51
710789,大中台新61購02,0,,,,
710790,巨有台新61購01,0,,,,
710791,立碁台新61購01,0,,,,
710792,竹陞台新61購02,0,,,,
710793,宜鼎台新61購04,1800,0.3,0.3,0.3,0.3
710794,晟田台新61購01,750,0.75,0.75,0.75,0.75
710795,新漢台新61購01,0,,,,
710796,新漢台新64購01,0,,,,
710797,群聯台新61購02,0,,,,
710798,中美晶富邦61購02,442320,0.36,0.38,0.36,0.38
710799,欣銓富邦61購01,163420,0.41,0.41,0.38,0.38
710800,陽程富邦61購01,33360,2.34,2.4,2.34,2.4
710801,頎邦富邦63購01,247760,0.59,0.59,0.58,0.58
710802,頎邦富邦64購01,0,,,,
710803,久元群益63購01,0,,,,
710804,大中群益61購01,0,,,,
710805,中美晶群益61購01,572480,1.76,1.84,1.76,1.84
710806,世界群益61購02,5100,1.02,1.02,1.02,1.02
710807,台特化群益61購01,74670,0.75,0.78,0.75,0.78
710808,均豪群益61購02,100160,1.16,1.18,1.16,1.18
710809,良維群益61購03,472980,1.21,1.35,1.21,1.21
710810,杰力群益61購01,0,,,,
710811,威剛群益61購04,0,,,,
710812,茂達群益61購01,0,,,,
710813,能率群益61購01,0,,,,
710814,翔名群益61購01,0,,,,
710815,鈊象群益64購01,223980,0.23,0.3,0.23,0.29
710816,群聯群益67購02,261260,1.77,1.79,1.7,1.72
710817,頎邦群益61購01,64500,0.72,0.72,0.71,0.72
710818,頎邦群益61購02,8070,0.58,0.59,0.56,0.56
710819,雙鴻群益61購01,0,,,,
710820,中光電凱基61購03,0,,,,
710821,世紀*凱基61購02,0,,,,
710822,良維凱基61購02,113580,1.17,1.24,1.15,1.18
710823,昇佳電凱基61購01,0,,,,
710824,家登凱基61購01,0,,,,
710825,翔名凱基61購01,0,,,,
710826,頎邦凱基61購01,1040320,0.36,0.36,0.34,0.36
710827,精材凱基61購06,8670,2.89,2.89,2.89,2.89
710828,竹陞台新61購03,261700,0.41,0.48,0.41,0.48
710829,朋程台新61購01,0,,,,
710830,朋程台新62購01,101330,0.37,0.39,0.37,0.38
710831,朋程台新63購01,428330,1.09,1.14,1.09,1.13
710832,朋程台新64購01,31200,0.56,0.57,0.56,0.57
710833,博大台新61購01,0,,,,
710834,群聯台新61購03,0,,,,
710835,群聯台新67購01,0,,,,
710836,群聯台新67購02,0,,,,
710837,頎邦台新61購01,235240,0.99,1.01,0.95,0.98
710838,頎邦台新61購02,1154030,0.82,0.83,0.77,0.82
710839,驊訊台新61購01,0,,,,
710840,驊訊台新61購02,30500,0.21,0.21,0.19,0.19
710841,力致永豐61購01,13200,0.44,0.44,0.44,0.44
710842,中美晶永豐65購02,0,,,,
710843,世紀*永豐61購01,32020,2.5,2.5,2.46,2.46
710844,神準永豐65購01,0,,,,
710845,翔名永豐61購01,0,,,,
710846,翔名永豐65購01,0,,,,
710847,榮剛永豐61購01,0,,,,
710848,榮剛永豐61購02,0,,,,
710849,九暘國票65購01,129360,0.43,0.48,0.43,0.45
710850,大中國票61購01,2200,0.22,0.22,0.22,0.22
710851,中菲行國票65購01,0,,,,
710852,友威科國票65購01,110830,0.56,0.58,0.56,0.57
710853,全宇昕國票65購01,780,0.39,0.39,0.39,0.39
710854,竹陞國票66購01,0,,,,
710855,邑錡國票61購01,0,,,,
710856,邑錡國票63購01,0,,,,
710857,尚凡*國票65購01,0,,,,
710858,易發國票65購01,83120,0.36,0.53,0.36,0.52
710859,昇佳電國票65購01,0,,,,
710860,佶優國票61購01,0,,,,
710861,佶優國票63購01,0,,,,
710862,茂訊國票65購01,0,,,,
710863,原相國票61購01,0,,,,
710864,振曜國票65購01,0,,,,
710865,泰詠國票65購01,13200,0.44,0.44,0.44,0.44
710866,健喬國票65購01,0,,,,
710867,國眾國票65購01,0,,,,
710868,博大國票65購01,4900,0.49,0.49,0.49,0.49
710869,普萊德國票65購01,0,,,,
710870,晶宏國票65購01,60330,0.84,0.84,0.81,0.82
710871,越峰國票65購01,0,,,,
710872,萬泰科國票61購02,0,,,,
710873,碩禾國票65購01,13410,0.55,0.55,0.3,0.32
710874,聚和國票61購02,0,,,,
710875,鐿鈦國票65購01,0,,,,
710876,竹陞國泰63購01,73680,0.72,0.76,0.72,0.76
710877,青雲國泰62購03,102410,1.33,1.33,1.33,1.33
710878,茂達國泰62購01,0,,,,
710879,精材國泰62購01,109790,3.59,3.59,3.54,3.54
710880,大中富邦61購01,0,,,,
710881,宜鼎富邦61購02,0,,,,
710882,中光電群益61購02,18200,0.13,0.13,0.13,0.13
710883,宜鼎群益61購02,120660,0.44,0.45,0.43,0.44
710884,宜鼎群益61購03,0,,,,
710885,威剛群益61購05,397930,0.64,0.66,0.63,0.66
710886,建榮群益62購01,0,,,,
710887,群聯群益67購03,681600,2.56,2.56,2.46,2.51
710888,精材群益64購01,0,,,,
710889,精剛群益61購01,0,,,,
710890,精剛群益61購02,0,,,,
710891,聚和群益61購01,0,,,,
710892,雙鴻群益61購02,134400,9.1,10.8,9.1,10.8
710893,中美晶元大64購01,536350,1.24,1.27,1.24,1.27
710894,中美晶元大66購04,0,,,,
710895,台嘉碩元大61購02,0,,,,
710896,均豪元大61購02,70490,0.37,0.39,0.37,0.39
710897,宜特元大65購01,15330,0.73,0.73,0.73,0.73
710898,宜特元大67購02,429570,0.45,0.46,0.45,0.46
710899,欣銓元大61購02,129340,0.98,0.98,0.89,0.89
710900,家登元大61購02,73920,0.96,0.96,0.96,0.96
710901,能率元大61購02,0,,,,
710902,臺慶科元大64購02,1850,0.37,0.37,0.37,0.37
710903,鑫科元大61購01,23000,0.23,0.23,0.23,0.23
710904,太普高國票65購01,0,,,,
710905,安碁國票61購01,200050,0.65,0.65,0.61,0.61
710906,利機國票61購01,0,,,,
710907,杰力國票65購01,29360,0.37,0.38,0.37,0.38
710908,倉和國票65購01,74000,4.92,4.95,4.82,4.82
710909,晟田國票61購02,0,,,,
710910,創泓國票61購01,360500,1.03,1.03,1.03,1.03
710911,博大國票61購01,0,,,,
710912,新普國票65購01,0,,,,
710913,聖暉*國票65購01,6900,0.23,0.23,0.23,0.23
710914,類比科國票61購01,0,,,,
710915,寶雅國票61購03,617760,0.58,0.58,0.55,0.57
710916,驊訊國票61購01,274970,0.27,0.27,0.26,0.27
710917,大中凱基61購02,0,,,,
710918,中美晶凱基66購01,0,,,,
710919,台嘉碩凱基61購03,0,,,,
710920,宏觀凱基61購04,16600,0.33,0.34,0.33,0.33
710921,宜鼎凱基61購02,120500,0.31,0.34,0.3,0.34
710922,欣銓凱基61購03,7760,0.67,0.67,0.63,0.63
710923,威剛凱基61購03,860,0.86,0.86,0.86,0.86
710924,茂達凱基61購03,0,,,,
710925,博大凱基61購01,0,,,,
710926,群聯凱基61購07,0,,,,
710927,雙鴻凱基61購05,0,,,,
710928,大中群益61購02,0,,,,
710929,中光電群益61購03,0,,,,
710930,欣銓群益61購01,0,,,,
710931,茂達群益61購02,0,,,,
710932,家登群益61購04,144410,1.46,1.46,1.39,1.46
710933,新普群益61購01,0,,,,
710934,新普群益61購02,0,,,,
710935,精材群益64購02,5190,1.73,1.73,1.73,1.73
710936,中美晶國泰64購01,70650,1.13,1.17,1.13,1.17
710937,中光電富邦64購01,0,,,,
710938,威剛富邦64購01,8250,0.33,0.33,0.33,0.33
710939,茂達富邦63購02,0,,,,
710940,華電網富邦63購01,0,,,,
710941,萬泰科富邦63購02,0,,,,
710942,群聯中信67購01,2700,0.45,0.45,0.45,0.45
710943,中光電永豐61購03,0,,,,
710944,艾訊永豐61購01,0,,,,
710945,杰力永豐64購01,56870,0.47,0.47,0.47,0.47
710946,長聖永豐61購01,93040,0.53,0.53,0.52,0.52
710947,威剛永豐61購08,0,,,,
710948,威剛永豐64購03,0,,,,
710949,茂達永豐65購01,0,,,,
710950,倉和永豐61購01,0,,,,
710951,倉和永豐64購01,0,,,,
710952,宸曜永豐61購01,0,,,,
710953,宸曜永豐67購01,0,,,,
710954,耕興永豐61購01,0,,,,
710955,博大永豐61購01,0,,,,
710956,智通*永豐64購01,0,,,,
710957,新普永豐61購02,0,,,,
710958,精剛永豐61購01,4480,0.32,0.32,0.32,0.32
710959,磐儀永豐61購01,0,,,,
710960,中光電元大61購05,0,,,,
710961,中美晶元大64購02,1260200,1.16,1.19,1.16,1.19
710962,中美晶元大66購05,0,,,,
710963,世紀*元大61購01,0,,,,
710964,宜鼎元大61購07,0,,,,
710965,晟田元大61購02,0,,,,
710966,創惟元大61購01,0,,,,
710967,晶焱元大61購01,0,,,,
710968,翔名元大61購01,0,,,,
710969,群聯元大64購07,7840,1.12,1.12,1.12,1.12
710970,頎邦元大61購02,10090,0.92,0.92,0.89,0.89
710971,譜瑞元大61購03,221370,0.47,0.47,0.47,0.47
710972,譜瑞元大65購03,90060,0.64,0.66,0.64,0.66
710973,久元台新61購01,0,,,,
710974,久元台新61購02,0,,,,
710975,大中台新61購03,0,,,,
710976,大中台新61購04,0,,,,
710977,中光電台新61購04,0,,,,
710978,杰力台新61購01,18200,0.26,0.26,0.26,0.26
710979,宸曜台新61購01,25320,1.51,1.51,1.46,1.46
710980,博大台新61購02,0,,,,
710981,博大台新61購03,0,,,,
710982,精材台新61購03,0,,,,
710983,立敦凱基61購01,0,,,,
710984,均豪凱基61購01,6660,0.74,0.74,0.74,0.74
710985,家登凱基61購02,0,,,,
710986,振曜凱基61購01,0,,,,
710987,華景電凱基64購01,2340,0.39,0.39,0.39,0.39
710988,新普凱基61購01,0,,,,
710989,頎邦凱基61購02,40580,0.49,0.49,0.47,0.47
710990,精材凱基61購07,0,,,,
710991,營邦凱基61購01,62620,1.7,1.85,1.63,1.71
710992,譜瑞凱基61購06,0,,,,
710993,寶雅凱基61購01,0,,,,
710994,欣銓台新61購03,58990,0.85,0.85,0.78,0.78
710995,群聯台新61購04,0,,,,
710996,大江國票65購01,0,,,,
710997,大學光國票61購01,54550,0.5,0.5,0.45,0.45
710998,佰研國票65購01,18050,0.44,0.45,0.44,0.45
710999,宜特國票61購01,0,,,,
711000,長聖國票65購01,9760,0.61,0.61,0.61,0.61
711001,能率國票61購02,0,,,,
711002,廣積國票66購01,0,,,,
711003,陽程群益61購02,0,,,,
711004,系統電國泰62購01,0,,,,
711005,宜鼎國泰62購02,0,,,,
711007,大中元大66購01,0,,,,
711009,巨有元大61購02,16260,2.71,2.71,2.71,2.71
711010,立敦元大61購01,0,,,,
711011,立敦元大67購01,0,,,,
711012,宜鼎元大61購08,146080,0.44,0.44,0.44,0.44
711013,宜鼎元大61購09,254540,0.67,0.69,0.66,0.69
711014,昇佳電元大61購01,900,0.18,0.18,0.18,0.18
711015,朋程元大61購01,115810,0.37,0.37,0.37,0.37
711016,青雲元大61購01,182950,1.31,1.34,1.31,1.34
711017,美琪瑪元大61購01,0,,,,
711018,茂達元大61購03,0,,,,
711020,家登元大61購03,0,,,,
711021,智通*元大61購01,0,,,,
711022,群聯元大64購08,6900,0.69,0.69,0.69,0.69
711023,譜瑞元大61購04,520980,0.91,0.95,0.91,0.95
711024,中美晶統一65購01,13680,0.38,0.38,0.38,0.38
711025,均豪統一65購01,19740,0.42,0.42,0.42,0.42
711026,朋程統一65購03,0,,,,
711027,茂訊統一67購01,23850,0.45,0.45,0.45,0.45
711028,群聯統一67購01,156990,0.56,0.56,0.53,0.53
711029,精材統一67購01,888500,1.21,1.23,1.19,1.22
711030,營邦統一67購01,325470,1.26,1.32,1.25,1.25
711031,中光電永豐61購04,0,,,,
711032,中光電永豐61購05,1700,0.17,0.17,0.17,0.17
711033,立敦永豐61購02,0,,,,
711034,立敦永豐64購01,0,,,,
711035,立敦永豐64購02,0,,,,
711036,宜鼎永豐63購02,0,,,,
711037,長聖永豐61購02,18560,0.29,0.29,0.29,0.29
711038,原相永豐61購02,0,,,,
711039,群聯永豐64購07,140700,1.0,1.01,1.0,1.01
711040,群聯永豐64購08,0,,,,
711041,群聯永豐67購01,0,,,,
711042,廣積永豐61購01,10080,0.72,0.72,0.72,0.72
711043,宜鼎中信61購03,30140,0.27,0.28,0.27,0.28
711044,群聯中信61購01,0,,,,
711045,大中凱基61購03,0,,,,
711046,台特化凱基61購01,0,,,,
711047,巨有凱基61購02,49300,3.32,3.32,3.23,3.23
711048,宜特凱基61購04,0,,,,
711049,宜鼎凱基61購03,0,,,,
711050,茂達凱基61購04,0,,,,
711051,原相凱基61購02,0,,,,
711052,智通*凱基61購01,0,,,,
711053,順達凱基61購02,540,0.54,0.54,0.54,0.54
711054,鈊象凱基61購03,76740,1.17,1.38,1.17,1.38
711055,群聯凱基64購04,0,,,,
711056,精材凱基61購08,0,,,,
711057,廣積凱基65購01,0,,,,
711058,昱展台新61購01,0,,,,
711059,富喬台新61購01,0,,,,
711060,艾訊群益61購01,0,,,,
711061,家登群益61購05,0,,,,
711062,順達群益61購01,0,,,,
711063,群聯群益61購06,40390,3.41,3.41,3.35,3.35
711064,精材群益61購02,1130950,5.85,5.85,5.3,5.6
711065,大樹國票65購01,1000,0.5,0.5,0.5,0.5
711066,公準國票65購01,157670,0.64,0.64,0.57,0.57
711067,加百裕國票61購01,0,,,,
711068,尼克森國票61購01,850,0.17,0.17,0.17,0.17
711069,正基國票65購01,0,,,,
711070,艾訊國票61購02,0,,,,
711071,宜鼎國票65購02,230350,0.79,0.82,0.77,0.82
711072,高僑國票65購01,0,,,,
711073,智崴國票65購01,12800,0.43,0.43,0.42,0.42
711074,僑威國票65購01,0,,,,
711075,廣明國票65購01,0,,,,
711076,撼訊國票65購01,0,,,,
711077,中美晶元大61購03,0,,,,
711078,台嘉碩元大61購03,92300,0.71,0.71,0.69,0.69
711079,宜鼎元大61購10,298300,0.59,0.6,0.59,0.6
711080,智通*元大61購02,0,,,,
711081,群聯元大61購14,104600,0.96,0.96,0.95,0.95
711082,臺慶科元大61購03,0,,,,
711083,世界國泰62購01,72900,0.81,0.81,0.81,0.81
711084,博大國泰62購01,0,,,,
711085,陽程國泰62購01,0,,,,
711086,群聯國泰62購03,0,,,,
711087,精材國泰62購02,112010,3.75,3.83,3.65,3.83
711088,中美晶富邦61購03,460260,0.37,0.39,0.37,0.39
711089,立碁富邦64購01,209610,1.39,1.39,1.36,1.37
711090,翔名富邦61購01,0,,,,
711091,陽程富邦61購02,0,,,,
711092,精材富邦61購01,16540,1.5,1.54,1.5,1.54
711093,精材中信61購02,23500,0.88,0.94,0.88,0.94
711094,千附永豐61購01,0,,,,
711095,千附永豐61購02,0,,,,
711096,立端永豐61購01,11400,0.76,0.76,0.76,0.76
711097,松瑞藥永豐61購01,0,,,,
711098,磐儀永豐61購02,0,,,,
711099,千附精統一67購01,0,,,,
711100,大中統一65購02,3200,0.2,0.2,0.2,0.2
711101,大中統一6C購01,0,,,,
711102,中裕統一69購01,62260,0.54,0.54,0.53,0.53
711103,世界統一67購01,0,,,,
711104,台嘉碩統一67購01,0,,,,
711105,台嘉碩統一6C購01,0,,,,
711106,尼克森統一65購01,1520,0.22,0.22,0.21,0.21
711107,巨有統一6C購01,0,,,,
711108,朋程統一65購04,0,,,,
711109,杰力統一6C購01,0,,,,
711110,青雲統一69購01,12450,0.83,0.83,0.83,0.83
711111,青雲統一6C購01,451500,0.65,0.67,0.65,0.67
711112,泰藝統一6C購01,0,,,,
711113,健喬統一69購01,0,,,,
711114,堡達統一6C購01,0,,,,
711115,智通*統一67購01,0,,,,
711116,陽程統一6C購01,1461570,1.16,1.27,1.15,1.27
711117,順達統一65購03,0,,,,
711118,頎邦統一65購01,331050,0.62,0.63,0.62,0.63
711119,頎邦統一67購02,122000,0.61,0.61,0.61,0.61
711120,頎邦統一67購03,86730,0.59,0.59,0.59,0.59
711121,頎邦統一6C購01,34000,0.68,0.68,0.68,0.68
711122,精材統一65購02,2577620,1.2,1.2,1.13,1.15
711123,精材統一67購02,6070,0.87,0.87,0.86,0.86
711124,中美晶凱基64購01,114270,0.75,0.77,0.75,0.77
711125,家登凱基67購01,5400,1.08,1.08,1.08,1.08
711126,陽程凱基61購03,98840,2.12,2.59,2.12,2.59
711127,順達凱基61購03,0,,,,
711128,群聯凱基61購08,4640,1.16,1.16,1.16,1.16
711129,群聯凱基61購09,0,,,,
711130,頎邦凱基61購03,58900,0.39,0.4,0.39,0.4
711131,精材凱基61購09,454820,1.35,1.44,1.34,1.44
711132,臺慶科凱基61購03,0,,,,
711133,宜鼎台新62購01,0,,,,
711134,茂達台新61購01,7200,0.36,0.36,0.36,0.36
711135,茂達台新61購02,2050,0.41,0.41,0.41,0.41
711136,群聯台新67購03,0,,,,
711137,群聯台新67購04,0,,,,
711138,頎邦台新61購04,329260,1.39,1.39,1.32,1.37
711139,頎邦台新61購05,573050,1.34,1.35,1.26,1.3
711140,精材台新61購04,196650,1.69,1.75,1.69,1.75
711141,精材台新61購05,19150,1.74,1.75,1.74,1.75
711142,精材台新62購02,3470,1.7,1.77,1.7,1.77
711143,力麒國票65購01,0,,,,
711144,天良國票61購01,112230,0.21,0.22,0.21,0.22
711145,巨漢國票61購01,0,,,,
711146,協禧國票65購01,0,,,,
711147,奇鈦科國票65購01,123700,0.41,0.47,0.41,0.45
711149,陽程國票61購02,0,,,,
711150,順達國票65購01,0,,,,
711151,精材國票61購04,0,,,,
711152,精材國票65購01,178210,2.09,2.09,1.97,1.97
711153,營邦國票61購01,0,,,,
711154,千附群益61購01,0,,,,
711155,千附群益61購02,0,,,,
711156,台特化群益61購02,0,,,,
711157,青雲群益61購01,0,,,,
711158,青雲群益61購02,4590,1.12,1.17,1.12,1.16
711159,威剛群益61購06,0,,,,
711160,鈊象群益61購02,149920,1.22,1.36,1.22,1.33
711161,新漢群益61購01,0,,,,
711162,群聯群益61購07,134940,1.99,1.99,1.83,1.83
711163,精材群益63購03,954130,2.9,2.91,2.8,2.91
711164,中光電元大61購06,0,,,,
711165,中光電元大61購07,2000,0.2,0.2,0.2,0.2
711166,中美晶元大61購04,43600,0.4,0.41,0.39,0.41
711167,宜鼎元大63購02,0,,,,
711168,茂達元大61購04,0,,,,
711169,智通*元大61購03,0,,,,
711171,順達元大61購01,0,,,,
711172,群聯元大61購15,104500,0.9,0.9,0.85,0.86
711173,頎邦元大61購03,0,,,,
711174,精材元大61購10,286070,1.07,1.1,1.06,1.1
711175,精材元大61購11,443180,2.19,2.25,2.19,2.25
711176,精材元大63購05,114080,2.15,2.15,1.49,1.49
711177,營邦元大61購01,547700,1.77,1.87,1.71,1.75
711178,九暘統一63購01,470,0.47,0.47,0.47,0.47
711179,九暘統一6C購01,5800,0.58,0.58,0.58,0.58
711180,千附精統一67購02,0,,,,
711181,千附精統一67購03,0,,,,
711182,大中統一65購03,0,,,,
711183,中光電統一65購01,0,,,,
711184,中光電統一6C購01,0,,,,
711185,中美晶統一65購02,0,,,,
711186,中美晶統一67購01,43000,0.43,0.43,0.43,0.43
711187,中美晶統一6C購01,0,,,,
711188,台嘉碩統一65購01,0,,,,
711189,立敦統一67購01,0,,,,
711190,安勤統一67購01,63000,0.42,0.42,0.42,0.42
711191,系統電統一6C購01,0,,,,
711192,亞通統一67購01,26980,0.87,0.88,0.87,0.88
711193,宜鼎統一67購01,76460,0.52,0.54,0.52,0.54
711194,昇佳電統一67購01,0,,,,
711195,杰力統一65購01,196040,0.39,0.41,0.39,0.4
711196,青雲統一69購02,0,,,,
711197,茂達統一69購02,0,,,,
711198,神準統一67購01,41000,0.41,0.41,0.41,0.41
711199,堡達統一65購01,0,,,,
711200,翔名統一6C購01,0,,,,
711201,順達統一67購01,0,,,,
711202,順達統一67購02,0,,,,
711203,順達統一67購03,0,,,,
711204,順達統一6C購01,0,,,,
711205,群聯統一65購03,0,,,,
711206,頎邦統一65購02,0,,,,
711207,頎邦統一67購04,55250,0.65,0.65,0.65,0.65
711208,頎邦統一68購01,0,,,,
711209,碩禾統一67購01,89930,0.42,0.42,0.37,0.38
711210,精材統一65購03,2490,0.83,0.83,0.83,0.83
711211,精材統一6C購02,0,,,,
711212,大樹永豐61購01,0,,,,
711213,中美晶永豐61購03,0,,,,
711214,宜鼎永豐67購01,0,,,,
711215,智通*永豐65購01,0,,,,
711216,順達永豐61購02,0,,,,
711217,頎邦永豐65購01,466770,0.85,0.85,0.84,0.84
711218,精材永豐61購03,98220,1.06,1.06,0.99,0.99
711219,精材永豐61購04,0,,,,
711220,精材永豐64購02,13700,1.37,1.37,1.37,1.37
711221,營邦永豐64購01,42930,1.74,1.74,1.71,1.71
711222,廣積國泰62購01,31860,2.12,2.14,2.1,2.14
711223,營邦國泰62購01,115030,4.26,4.35,4.04,4.04
711224,久元富邦63購02,0,,,,
711225,元太富邦63購01,0,,,,
711226,元太富邦63購02,0,,,,
711227,立敦富邦63購01,0,,,,
711228,宜特富邦63購01,18850,0.29,0.29,0.29,0.29
711229,智通*富邦64購02,0,,,,
711230,順達富邦63購01,1960,0.28,0.28,0.28,0.28
711231,鈊象富邦63購02,1045800,0.55,0.65,0.55,0.62
711232,中美晶台新61購04,0,,,,
711233,宜鼎台新63購01,85600,0.71,0.71,0.69,0.69
711234,宜鼎台新64購01,0,,,,
711235,千附群益61購03,0,,,,
711236,陽程群益63購01,56880,2.41,2.64,2.41,2.64
711237,順達群益61購02,0,,,,
711238,璟德群益61購01,0,,,,
711239,千附凱基61購01,0,,,,
711240,中美晶凱基61購07,0,,,,
711241,宜鼎凱基64購01,2030,0.51,0.51,0.5,0.5
711242,青雲凱基61購01,0,,,,
711243,威剛凱基61購04,0,,,,
711244,智通*凱基61購02,0,,,,
711245,順達凱基61購04,0,,,,
711246,新漢凱基61購01,0,,,,
711247,營邦凱基61購02,0,,,,
711248,雙鴻凱基61購06,22500,7.5,7.5,7.5,7.5
711249,M31國票61購01,0,,,,
711250,千附國票61購03,0,,,,
711251,中美晶國票65購02,0,,,,
711252,巨有國票61購01,0,,,,
711253,倉和國票66購01,0,,,,
711254,博智國票61購01,0,,,,
711255,晶呈國票65購01,20540,0.63,0.63,0.6,0.6
711256,千附元大61購01,33580,0.46,0.46,0.46,0.46
711257,中光電元大61購08,0,,,,
711259,中光電元大63購01,0,,,,
711261,宜鼎元大63購03,68000,0.68,0.68,0.68,0.68
711262,朋程元大61購02,0,,,,
711263,家登元大61購04,0,,,,
711264,家登元大61購05,40950,1.05,1.05,1.05,1.05
711265,凱崴元大61購01,0,,,,
711266,群聯元大61購16,0,,,,
711267,臺慶科元大61購04,1920,0.64,0.64,0.64,0.64
711268,營邦元大61購02,0,,,,
711269,中美晶國泰62購01,0,,,,
711270,世界富邦61購03,116240,0.41,0.42,0.39,0.39
711271,博智富邦63購01,21690,0.47,0.49,0.45,0.46
711272,富喬富邦61購02,23760,0.99,0.99,0.99,0.99
711273,千附精永豐64購01,0,,,,
711274,大中永豐61購01,34900,0.59,0.59,0.58,0.58
711275,世界永豐61購02,0,,,,
711276,家登永豐61購03,0,,,,
711277,璟德永豐67購01,0,,,,
711278,九暘統一67購01,0,,,,
711279,千附統一6C購01,0,,,,
711280,中光電統一65購02,0,,,,
711281,安勤統一67購02,108740,0.44,0.46,0.44,0.46
711282,青雲統一67購01,1120,1.12,1.12,1.12,1.12
711283,倉和統一6C購01,0,,,,
711284,神準統一67購02,0,,,,
711285,翔名統一67購01,0,,,,
711286,順達統一65購04,0,,,,
711287,M31台新61購01,211520,1.71,2.16,1.71,2.1
711288,M31台新62購01,494260,1.3,1.63,1.3,1.57
711289,M31台新64購01,73740,1.16,1.42,1.16,1.38
711290,千附精台新61購02,0,,,,
711291,富喬台新61購02,0,,,,
711292,頎邦台新61購06,459320,1.46,1.51,1.43,1.46
711293,M31凱基61購01,531390,1.32,1.71,1.32,1.6
711294,M31凱基61購02,190100,1.61,1.72,1.6,1.6
711295,M31凱基61購03,684560,1.66,1.83,1.62,1.75
711296,千附精凱基61購03,0,,,,
711297,中光電凱基61購04,0,,,,
711298,中美晶凱基61購08,15900,0.51,0.54,0.51,0.54
711299,朋程凱基61購02,26400,0.44,0.44,0.44,0.44
711300,博智凱基63購01,119500,1.8,1.93,1.76,1.76
711301,晶呈凱基61購01,242980,0.82,0.85,0.76,0.85
711302,翔名凱基61購02,0,,,,
711303,群聯凱基65購01,48050,1.94,1.94,1.91,1.91
711304,臺慶科凱基64購01,0,,,,
711305,營邦凱基61購03,0,,,,
711306,千附精元大61購01,0,,,,
711307,中光電元大61購10,0,,,,
711308,宏捷科元大66購01,25800,0.91,0.93,0.91,0.93
711309,宜鼎元大63購04,0,,,,
711310,原相元大61購03,144340,1.04,1.04,1.03,1.03
711311,順達元大63購01,0,,,,
711312,群聯元大61購17,584000,1.46,1.46,1.46,1.46
711313,臺慶科元大61購05,44400,0.82,0.82,0.8,0.8
711314,世界國泰62購02,108940,1.07,1.07,1.06,1.06
711315,陽程國泰62購02,0,,,,
711316,鑫聯國泰62購01,0,,,,
711317,久禾光國票61購01,0,,,,
711318,千附精國票65購01,0,,,,
711319,中美晶國票61購05,0,,,,
711320,茂達國票61購02,0,,,,
711321,倉和國票67購01,0,,,,
711322,晶呈國票64購01,13200,0.66,0.66,0.66,0.66
711323,頎邦國票64購01,0,,,,
711324,寬魚國票61購01,0,,,,
711325,M31群益61購01,56390,1.44,1.7,1.44,1.7
711326,千附精群益61購02,0,,,,
711327,杰力群益61購02,105000,0.58,0.62,0.58,0.62
711328,博智群益61購02,292800,2.96,3.28,2.89,3.28
711329,陽程群益61購03,0,,,,
711330,群聯群益63購01,22220,1.42,1.42,1.36,1.39
711331,M31富邦63購01,360150,1.07,1.21,1.07,1.18
711332,九暘統一65購01,729150,0.69,0.73,0.64,0.66
711333,中美晶統一67購02,0,,,,
711334,M31永豐63購01,0,,,,
711335,世紀*永豐63購01,0,,,,
711336,原相永豐61購03,0,,,,
711337,家登永豐61購04,89400,2.2,2.27,2.2,2.27
711338,晶呈永豐61購01,93270,0.65,0.65,0.64,0.65
711339,晶呈永豐64購01,224050,0.87,0.89,0.87,0.88
711340,千附精台新61購03,0,,,,
711341,良維台新61購01,0,,,,
711342,創泓台新61購01,0,,,,
711343,中美晶凱基61購09,2300,0.23,0.23,0.23,0.23
711344,宜鼎凱基61購04,48000,0.75,0.75,0.75,0.75
711345,原相凱基61購03,0,,,,
711346,智通*凱基61購03,0,,,,
711347,群聯凱基63購02,200110,1.55,1.55,1.5,1.55
711348,頎邦凱基64購02,39730,1.42,1.42,1.41,1.41
711349,雙鴻凱基63購02,0,,,,
711350,中光電元大61購11,0,,,,
711351,中美晶元大61購05,0,,,,
711352,創泓元大61購01,0,,,,
711353,智通*元大61購04,0,,,,
711354,智通*元大61購05,0,,,,
711355,中美晶群益61購02,0,,,,
711356,世界群益61購04,0,,,,
711357,加高群益61購01,1050,1.05,1.05,1.05,1.05
711358,巨有群益61購01,0,,,,
711359,均豪群益66購01,80680,0.86,0.9,0.86,0.9
711360,智通*群益61購01,0,,,,
711361,群聯群益61購08,134490,3.88,3.88,3.66,3.72
711362,元太永豐61購05,0,,,,
711363,加高永豐61購02,0,,,,
711364,良維永豐61購02,0,,,,
711365,威剛永豐67購02,0,,,,
711366,敘豐永豐64購01,10000,0.5,0.5,0.5,0.5
711367,凱崴永豐61購01,0,,,,
711368,博智永豐61購02,0,,,,
711369,華電網永豐61購01,570,0.57,0.57,0.57,0.57
711370,閎康永豐61購03,0,,,,
711371,順達永豐64購03,0,,,,
711372,群聯永豐64購09,0,,,,
711373,群聯永豐67購02,0,,,,
711374,聖暉*永豐64購01,0,,,,
711375,千附國票65購01,0,,,,
711376,中美晶國票64購01,0,,,,
711377,原相國票61購02,0,,,,
711378,敘豐國票61購01,15470,0.42,0.43,0.42,0.43
711379,創泓國票61購02,458120,0.4,0.4,0.38,0.38
711380,創泓國票63購01,2220,0.74,0.74,0.74,0.74
711381,智擎國票65購01,0,,,,
711382,廣穎國票65購01,0,,,,
711383,營邦國票61購02,0,,,,
711384,千附精國泰62購01,0,,,,
711385,世界國泰62購03,59640,1.36,1.36,1.3,1.3
711386,宜鼎國泰62購03,0,,,,
711387,青雲國泰62購04,0,,,,
711388,倉和國泰62購01,0,,,,
711389,群聯國泰62購04,0,,,,
711390,群聯國泰62購05,39420,1.26,1.26,1.17,1.17
711391,系統電富邦61購03,0,,,,
711392,宜鼎富邦61購03,80480,0.37,0.37,0.35,0.37
711393,群聯富邦63購02,160580,0.5,0.5,0.47,0.48
711394,M31統一67購01,283420,0.85,0.97,0.85,0.94
711395,M31統一67購02,23700,0.98,0.99,0.97,0.97
711396,M31統一6C購01,67290,0.8,0.9,0.8,0.83
711397,千附統一67購01,0,,,,
711398,千附精統一67購04,0,,,,
711399,大中統一67購01,0,,,,
711400,中光電統一67購01,0,,,,
711401,中光電統一6C購02,0,,,,
711402,中美晶統一66購04,12000,0.24,0.24,0.24,0.24
711403,世紀*統一67購01,16700,1.67,1.67,1.67,1.67
711404,杰力統一67購01,78300,0.54,0.54,0.54,0.54
711405,智通*統一6C購01,0,,,,
711406,閎康統一67購01,0,,,,
711407,廣穎統一63購01,0,,,,
711408,廣穎統一69購02,0,,,,
711409,千附國票66購01,10360,0.74,0.74,0.74,0.74
711410,元太國票61購01,0,,,,
711411,天品國票61購01,836560,1.03,1.08,0.99,1.07
711412,系統電國票64購01,0,,,,
711413,昇佳電國票66購01,0,,,,
711414,青雲國票61購02,0,,,,
711415,耕興國票65購01,8700,0.58,0.58,0.58,0.58
711416,晟田國票62購01,0,,,,
711417,博士旺國票61購02,696450,0.75,0.75,0.74,0.74
711418,華景電國票65購01,0,,,,
711419,碩禾國票64購01,589270,0.55,0.94,0.46,0.49
711420,中美晶台新61購05,0,,,,
711421,中美晶台新63購03,0,,,,
711422,晟田台新61購02,0,,,,
711423,陽程台新61購01,0,,,,
711424,陽程台新61購02,0,,,,
711425,千附凱基61購02,0,,,,
711426,中光電凱基61購05,0,,,,
711427,中美晶凱基61購10,238060,0.17,0.19,0.17,0.18
711428,世界凱基64購02,28860,1.11,1.11,1.11,1.11
711429,立敦凱基61購02,0,,,,
711430,均豪凱基66購01,256080,1.08,1.11,1.08,1.11
711431,千附元大61購02,0,,,,
711432,千附元大61購03,0,,,,
711433,中美晶元大61購06,131670,0.99,0.99,0.99,0.99
711434,中美晶元大61購07,0,,,,
711435,中美晶元大61購08,25300,0.23,0.23,0.23,0.23
711436,中美晶元大63購03,0,,,,
711437,中美晶元大65購04,16430,0.53,0.53,0.53,0.53
711438,世界元大63購05,119300,0.59,0.59,0.56,0.56
711439,家登元大63購01,57420,1.67,1.69,1.67,1.69
711440,智通*元大61購06,0,,,,
711441,智通*元大63購02,0,,,,
711442,翔名元大61購03,0,,,,
711443,頎邦元大61購04,0,,,,
711444,漢科元大61購01,131760,0.54,0.54,0.54,0.54
711445,千附永豐61購03,0,,,,
711446,千附永豐61購04,0,,,,
711447,千附永豐61購05,0,,,,
711448,千附永豐64購01,430,0.43,0.43,0.43,0.43
711449,中美晶永豐61購04,197840,0.58,0.58,0.56,0.58
711450,中美晶永豐64購02,30160,0.52,0.52,0.52,0.52
711451,世禾永豐61購01,36100,0.38,0.38,0.38,0.38
711452,巨漢永豐61購02,9600,0.4,0.4,0.4,0.4
711453,均豪永豐64購02,0,,,,
711454,宏捷科永豐64購01,26210,0.55,0.57,0.55,0.57
711455,創惟永豐61購01,0,,,,
711456,智通*永豐61購02,0,,,,
711457,湧德永豐61購01,5100,0.51,0.51,0.51,0.51
711458,陽程永豐61購02,78000,3.25,3.25,3.25,3.25
711459,中光電國泰62購02,0,,,,
711460,中光電國泰62購03,0,,,,
711461,中美晶國泰63購02,0,,,,
711462,世禾國泰62購01,54570,0.51,0.51,0.51,0.51
711463,翔名國泰62購01,0,,,,
711464,廣穎國泰62購01,0,,,,
711465,千附統一67購02,50820,0.33,0.33,0.33,0.33
711466,千附統一6C購02,4400,0.44,0.44,0.44,0.44
711467,千附精統一67購05,0,,,,
711468,中美晶統一65購03,0,,,,
711469,中美晶統一67購03,0,,,,
711470,中美晶統一6C購02,167740,0.33,0.34,0.33,0.34
711471,世界統一6C購01,0,,,,
711472,加高統一67購01,0,,,,
711473,系微統一6C購01,0,,,,
711474,家登統一6C購02,64680,0.77,0.77,0.77,0.77
711475,博智統一6C購02,0,,,,
711476,廣穎統一6C購01,0,,,,
711477,雙鴻統一6C購01,28400,1.17,1.26,1.17,1.24
711478,中光電富邦62購03,0,,,,
711479,中美晶富邦61購04,17350,0.11,0.12,0.11,0.11
711480,台特化富邦61購01,0,,,,
711481,宜鼎富邦61購04,68030,0.35,0.35,0.34,0.35
711482,宜鼎群益61購04,0,,,,
711483,茂達群益61購03,0,,,,
711484,世界台新61購02,60390,0.67,0.67,0.61,0.62
711485,台嘉碩台新61購03,37480,1.08,1.11,1.08,1.1
711486,巨漢台新61購03,85360,1.15,1.15,1.1,1.12
711487,良維台新61購02,0,,,,
711488,亞電台新61購01,16650,1.11,1.11,1.11,1.11
711489,長科*台新61購01,7700,0.85,0.86,0.85,0.86
711490,千附精群益61購03,16380,0.91,0.91,0.91,0.91
711491,亞電群益61購01,19790,1.55,1.55,1.43,1.43
711492,亞電群益61購02,6430,1.29,1.29,1.28,1.28
711493,亞電群益61購03,245610,1.94,1.94,1.83,1.83
711494,陽程群益63購02,0,,,,
711495,世界凱基61購02,0,,,,
711496,巨漢凱基61購01,16960,0.32,0.32,0.32,0.32
711497,系統電凱基61購02,23770,0.75,0.88,0.75,0.88
711498,宜鼎凱基61購05,498300,1.51,1.54,1.48,1.54
711499,昇佳電凱基61購02,51000,0.51,0.51,0.51,0.51
711500,長科*凱基61購01,65340,1.21,1.21,1.21,1.21
711501,威剛凱基61購05,145970,1.52,1.57,1.43,1.45
711502,家登凱基63購01,5970,1.99,1.99,1.99,1.99
711503,富喬凱基61購06,42700,4.27,4.27,4.27,4.27
711504,智通*凱基61購04,0,,,,
711505,順達凱基61購05,0,,,,
711506,群聯凱基61購11,8460,2.9,2.9,2.76,2.76
711507,頎邦凱基61購04,0,,,,
711508,雙鴻凱基63購03,0,,,,
711509,千附精元大61購02,17990,0.58,0.59,0.58,0.59
711510,立敦元大61購03,0,,,,
711511,亞電元大61購01,17800,1.78,1.78,1.78,1.78
711512,群聯元大61購18,2560,1.27,1.29,1.27,1.29
711513,千附精統一65購01,46800,0.45,0.45,0.45,0.45
711514,世界統一66購01,0,,,,
711515,亞電統一69購01,58950,0.8,0.8,0.76,0.77
711516,宜鼎統一64購05,107660,0.54,0.55,0.54,0.55
711517,倉和統一65購01,202800,4.24,4.24,4.21,4.21
711518,方土昶永豐61購01,0,,,,
711519,亞電永豐64購01,0,,,,
711520,昇佳電永豐63購01,0,,,,
711521,長科*永豐64購01,0,,,,
711522,陽程永豐61購03,0,,,,
711523,雙鴻永豐64購03,8650,8.65,8.65,8.65,8.65
711524,世界國泰62購04,151930,0.83,0.83,0.75,0.78
711525,良維國泰62購01,132830,2.27,2.27,2.24,2.24
711526,亞電國泰62購01,26620,2.42,2.42,2.42,2.42
711527,朋程國泰63購01,37100,1.0,1.02,1.0,1.02
711528,漢科國泰62購01,4850,0.97,0.97,0.97,0.97
711529,千附精富邦61購01,0,,,,
711530,立碁富邦61購02,0,,,,
711531,宜特富邦63購02,136090,0.43,0.45,0.43,0.44
711532,宜鼎富邦61購05,194640,0.52,0.54,0.52,0.54
711533,朋程富邦63購04,137130,0.39,0.41,0.39,0.4
711534,欣銓富邦61購02,89000,0.62,0.62,0.59,0.59
711535,長科*富邦62購02,0,,,,
711536,富喬富邦61購03,0,,,,
711537,智通*富邦63購01,0,,,,
711538,陽程富邦61購03,0,,,,
711539,群聯富邦63購03,76240,1.1,1.13,1.1,1.13
711540,營邦富邦62購03,0,,,,
711541,雙鴻富邦63購02,0,,,,
711542,譜瑞富邦63購02,0,,,,
711543,M31國票65購01,31650,2.11,2.11,2.11,2.11
711544,台特化國票65購01,0,,,,
711545,禾瑞亞國票61購01,0,,,,
711546,亞電國票61購01,0,,,,
711547,長科*國票65購01,0,,,,
711548,榮田國票61購01,3330,1.11,1.11,1.11,1.11
711549,巨漢群益61購02,248000,0.66,0.7,0.66,0.7
711550,群聯群益61購09,157690,4.27,4.29,3.96,3.96
711551,千附精國票64購01,18080,1.13,1.13,1.13,1.13
711552,立碁國票65購01,64010,4.95,4.95,4.92,4.92
711553,亞電國票63購01,48900,1.95,1.95,1.86,1.86
711554,亞電國票64購01,0,,,,
711555,宜鼎國票66購01,0,,,,
711556,朋程國票61購01,40920,1.02,1.03,1.02,1.03
711557,長科*國票64購01,96000,0.96,0.96,0.96,0.96
711558,頎邦國票66購01,21000,1.75,1.75,1.75,1.75
711559,漢科國票61購01,0,,,,
711560,臺慶科國票66購01,0,,,,
711561,磐儀國票65購01,0,,,,
711562,亞電台新61購02,0,,,,
711563,亞電台新61購03,5250,1.3,1.32,1.3,1.32
711564,青雲台新61購01,51000,0.85,0.85,0.85,0.85
711565,博士旺台新61購01,0,,,,
711566,千附精凱基61購04,31050,1.02,1.05,1.02,1.05
711567,世界凱基61購03,3870,1.29,1.29,1.29,1.29
711568,亞電凱基61購01,116040,2.1,2.1,1.93,1.98
711569,泓格凱基61購01,0,,,,
711570,陽程凱基63購03,24770,4.27,4.27,4.1,4.1
711571,群聯凱基66購02,2790,2.79,2.79,2.79,2.79
711572,泓格永豐61購01,0,,,,
711573,群聯永豐67購03,1504870,1.49,1.49,1.48,1.49
711574,中光電元大61購12,0,,,,
711575,元太元大66購04,577870,0.87,0.88,0.85,0.88
711576,均豪元大61購03,0,,,,
711577,青雲元大61購02,56700,1.98,2.07,1.98,2.07
711578,晟田元大61購03,0,,,,
711579,博智元大61購01,0,,,,
711580,群聯元大61購19,57960,1.82,1.82,1.78,1.79
711581,群聯元大63購05,31400,1.28,1.28,1.25,1.25
711582,聖暉*元大61購03,0,,,,
711583,營邦元大61購03,0,,,,
711584,雙鴻元大61購16,0,,,,
711585,雙鴻元大63購03,0,,,,
711586,千附精國泰62購02,0,,,,
711587,元太國泰62購01,0,,,,
711588,泓格國泰62購01,0,,,,
711589,能率亞國泰62購01,0,,,,
711590,晟田國泰62購01,0,,,,
711591,群聯國泰62購06,820500,2.4,2.4,2.31,2.31
711592,雙鴻國泰62購01,0,,,,
711593,禾瑞亞統一67購01,0,,,,
711594,長科*統一6C購01,0,,,,
711595,群聯統一66購02,0,,,,
711596,M31富邦63購02,37520,1.3,1.6,1.3,1.6
711597,久元富邦62購02,0,,,,
711598,立敦富邦63購02,0,,,,
711599,宏捷科富邦63購01,0,,,,
711600,威剛富邦61購01,0,,,,
711601,茂達富邦63購03,275010,0.5,0.51,0.5,0.51
711602,頎邦富邦62購01,29400,1.02,1.02,1.0,1.02
711603,頎邦富邦63購02,168380,0.95,0.96,0.94,0.96
711604,中光電凱基61購06,0,,,,
711605,世禾凱基61購01,0,,,,
711606,由田凱基61購01,430190,2.69,2.99,2.69,2.83
711607,宜鼎凱基65購01,311630,1.47,1.57,1.47,1.57
711608,長科*凱基64購01,3930,1.31,1.31,1.31,1.31
711609,青雲凱基61購02,101990,1.12,1.19,1.12,1.19
711610,家登凱基61購03,61440,1.95,1.95,1.9,1.91
711611,博智凱基63購02,0,,,,
711612,雙鴻凱基61購08,0,,,,
711613,世界台新61購03,78050,1.49,1.49,1.37,1.37
711614,台嘉碩台新61購04,164770,1.38,1.43,1.36,1.36
711615,巨漢台新61購04,98710,0.75,0.75,0.72,0.73
711616,家登台新61購02,0,,,,
711617,M31元大61購02,276960,2.2,2.77,2.2,2.77
711618,千附精元大61購03,75380,0.53,0.54,0.53,0.54
711619,元太元大66購05,276120,0.78,0.78,0.78,0.78
711620,世禾元大61購01,114750,0.45,0.45,0.45,0.45
711621,世界元大61購02,34040,1.48,1.48,1.48,1.48
711622,世界元大63購06,60400,0.76,0.76,0.73,0.73
711623,艾訊元大61購01,186160,0.52,0.52,0.52,0.52
711624,欣銓元大67購02,299280,2.01,2.01,1.9,1.9
711625,原相元大61購04,62770,0.71,0.71,0.69,0.69
711626,家登元大61購06,0,,,,
711627,家登元大65購01,533000,1.44,1.51,1.44,1.51
711628,陽程元大61購05,0,,,,
711629,臺慶科元大61購06,0,,,,
711630,世界群益61購05,92700,4.65,4.65,4.62,4.62
711631,由田群益61購01,1592260,2.57,3.18,2.57,2.98
711632,泓格群益61購01,0,,,,
711633,群聯群益65購01,307400,4.81,4.81,4.53,4.53
711634,頎邦群益61購03,11000,2.75,2.75,2.75,2.75
711635,世界國票61購05,73000,1.0,1.0,1.0,1.0
711636,由田國票61購01,105690,2.35,2.87,2.35,2.87
711637,安勤國票65購01,34800,0.58,0.58,0.58,0.58
711638,泓格國票61購01,0,,,,
711639,威剛國票64購01,0,,,,
711640,茂訊國票65購02,0,,,,
711641,茂綸國票65購01,11700,1.17,1.17,1.17,1.17
711642,神準國票65購01,0,,,,
711643,創惟國票65購01,0,,,,
711644,鈊象國票63購01,749170,1.15,1.26,1.14,1.22
711645,精確國票65購01,16980,0.65,0.66,0.65,0.66
711646,銳澤國票65購01,0,,,,
711647,家登富邦63購02,288890,1.0,1.02,1.0,1.02
711648,創惟富邦61購01,0,,,,
711649,巨漢國泰62購01,56000,0.56,0.56,0.56,0.56
711650,威剛國泰62購02,0,,,,
711651,家登國泰62購02,69270,1.57,1.61,1.56,1.61
711652,順達國泰62購01,0,,,,
711653,勤凱國泰62購01,67220,1.31,1.31,1.23,1.24
711654,由田統一67購01,615690,0.87,0.93,0.87,0.91
711655,由田統一6C購01,112260,0.91,0.92,0.89,0.91
711656,立碁統一67購02,317190,1.09,1.09,1.09,1.09
711657,立碁統一69購01,18080,1.13,1.13,1.13,1.13
711658,聖暉*統一69購01,0,,,,
711659,群聯中信61購03,8660,0.64,0.64,0.6,0.61
711660,力領永豐61購01,0,,,,
711661,天品永豐64購01,250700,1.17,1.24,1.17,1.24
711662,世紀*永豐61購02,0,,,,
711663,巨有永豐64購01,0,,,,
711664,禾瑞亞永豐61購01,0,,,,
711665,禾瑞亞永豐64購01,0,,,,
711666,艾訊永豐61購02,22400,0.4,0.4,0.4,0.4
711667,亞信永豐61購01,102190,0.76,0.81,0.76,0.76
711668,朋程永豐61購01,43260,0.8,0.83,0.8,0.83
711669,昱展永豐64購01,0,,,,
711670,原相永豐61購04,48750,1.25,1.25,1.25,1.25
711671,家登永豐61購05,93000,3.01,3.26,3.01,3.26
711672,振曜永豐64購01,0,,,,
711673,博士旺永豐67購01,0,,,,
711674,博智永豐61購03,0,,,,
711675,順達永豐61購03,0,,,,
711676,順達永豐67購02,19000,1.9,1.9,1.9,1.9
711677,聖暉*永豐61購02,0,,,,
711678,中光電台新61購06,0,,,,
711679,系微台新61購01,556170,0.91,1.05,0.91,1.03
711680,高技台新61購01,97700,1.21,1.25,1.21,1.22
711681,高技台新61購02,0,,,,
711682,博智台新61購01,12900,1.29,1.29,1.29,1.29
711683,群聯台新61購05,27540,1.02,1.02,1.02,1.02
711684,群聯台新61購06,0,,,,
711685,雙鴻台新61購01,0,,,,
711686,雙鴻台新61購02,0,,,,
711687,世界凱基61購04,6100,0.61,0.61,0.61,0.61
711688,安勤凱基63購01,0,,,,
711689,宜鼎凱基65購02,0,,,,
711690,翔名凱基61購03,0,,,,
711691,鈊象凱基61購04,185000,1.18,1.28,1.18,1.28
711692,中光電元大64購01,0,,,,
711693,世界元大61購03,17500,1.25,1.25,1.25,1.25
711694,世界元大61購04,99190,0.57,0.57,0.53,0.53
711695,世界元大63購07,140400,0.36,0.36,0.36,0.36
711696,欣銓元大67購03,0,,,,
711697,泓格元大61購01,0,,,,
711698,家登元大61購07,102820,1.06,1.06,1.06,1.06
711699,家登元大61購08,0,,,,
711700,家登元大65購02,7360,0.92,0.92,0.92,0.92
711701,高技元大61購01,14690,1.13,1.13,1.13,1.13
711702,博智元大61購02,9030,1.29,1.29,1.29,1.29
711703,群聯元大64購09,11720,1.96,1.96,1.95,1.95
711704,頎邦元大61購05,0,,,,
711705,巨漢國票61購02,0,,,,
711706,巨漢國票61購03,4700,0.47,0.47,0.47,0.47
711707,宏捷科國票64購01,0,,,,
711708,宜特國票63購01,0,,,,
711709,高技國票65購01,0,,,,
711710,世界群益61購06,143260,4.87,4.87,4.55,4.55
711711,欣銓群益61購02,1630650,1.34,1.35,1.2,1.21
711712,威剛群益63購01,148370,2.9,2.93,2.87,2.9
711713,高技群益61購01,0,,,,
711714,鈊象群益61購03,534500,1.2,1.36,1.2,1.24
711715,群聯群益65購02,73260,2.36,2.36,2.14,2.14
711716,頎邦群益61購04,0,,,,
711717,磐儀群益61購01,0,,,,
711718,營邦群益61購01,519000,2.57,2.62,2.57,2.62
711719,雙鴻群益61購04,48000,5.95,6.15,5.95,6.15
711720,宜鼎中信61購04,63960,0.52,0.52,0.52,0.52
711721,威剛中信61購02,460,0.46,0.46,0.46,0.46
711722,中光電永豐61購06,0,,,,
711723,元太永豐61購06,83740,0.53,0.53,0.53,0.53
711724,永信建永豐65購01,0,,,,
711725,由田永豐61購01,553640,1.57,1.7,1.57,1.64
711726,岳豐永豐64購01,0,,,,
711727,原相永豐61購05,9520,0.68,0.68,0.68,0.68
711728,順達永豐61購04,0,,,,
711729,順達永豐61購05,0,,,,
711730,群翊永豐61購02,15920,0.96,1.13,0.96,1.13
711731,群聯永豐67購04,0,,,,
711732,精華永豐61購01,0,,,,
711733,臺慶科永豐61購01,0,,,,
711734,倉和國泰63購01,0,,,,
711735,原相國泰62購01,318500,0.91,0.91,0.91,0.91
711736,雙鴻國泰62購02,0,,,,
711737,由田統一65購01,1078430,0.95,1.12,0.95,1.09
711738,宏捷科統一65購01,81470,0.4,0.41,0.4,0.41
711739,長科*統一65購01,0,,,,
711740,茂訊統一65購01,70060,0.47,0.48,0.47,0.48
711741,高技統一67購01,0,,,,
711742,高技統一69購01,0,,,,
711743,高技統一6C購01,0,,,,
711744,博智統一65購02,133690,0.71,0.71,0.69,0.71
711745,聖暉*統一65購04,0,,,,
711746,家登台新61購03,0,,,,
711747,敘豐台新61購01,15900,0.53,0.53,0.53,0.53
711748,博士旺台新61購02,491600,0.94,0.94,0.9,0.9
711749,群聯台新61購08,0,,,,
711750,群聯台新63購01,529900,6.0,6.05,6.0,6.05
711751,群聯台新64購01,59500,5.95,5.95,5.95,5.95
711752,雙鴻台新61購03,0,,,,
711753,雙鴻台新63購01,0,,,,
711754,中光電凱基61購07,0,,,,
711755,艾訊凱基61購01,0,,,,
711756,威剛凱基61購07,0,,,,
711757,家登凱基61購04,11300,1.13,1.13,1.13,1.13
711758,高技凱基61購01,30240,1.08,1.08,1.08,1.08
711759,博智凱基61購02,0,,,,
711760,群聯凱基61購12,0,,,,
711761,磐儀凱基61購01,0,,,,
711762,雙鴻凱基61購09,0,,,,
711763,中光電國票61購03,0,,,,
711764,天正國票68購01,0,,,,
711765,好德國票61購01,28400,0.55,0.65,0.54,0.65
711766,系微國票65購01,7020,0.78,0.78,0.78,0.78
711767,振發國票65購01,0,,,,
711768,富喬國票61購02,0,,,,
711769,富喬國票63購01,0,,,,
711770,達航國票65購01,0,,,,
711771,蜜望實國票61購01,0,,,,
711772,世禾群益61購01,95620,0.72,0.75,0.71,0.74
711773,世禾群益61購02,0,,,,
711774,東浦群益61購03,0,,,,
711775,家登群益63購03,11700,1.17,1.17,1.17,1.17
711776,神準群益61購01,0,,,,
711777,博士旺群益61購01,1597080,1.28,1.28,1.22,1.23
711778,臺慶科群益61購02,0,,,,
711779,蜜望實群益61購01,0,,,,
711780,磐儀群益61購02,0,,,,
711781,磐儀群益61購03,0,,,,
711782,元太元大65購04,31290,0.57,0.57,0.56,0.56
711783,立碁元大61購01,167770,2.09,2.1,2.04,2.1
711784,艾訊元大61購02,4900,0.49,0.49,0.49,0.49
711785,泓格元大61購02,0,,,,
711786,博智元大61購03,0,,,,
711787,群聯元大64購10,65700,2.19,2.19,2.19,2.19
711788,頎邦元大64購01,17100,0.86,0.86,0.85,0.85
711789,蜜望實元大61購01,0,,,,
711790,磐儀元大61購01,0,,,,
711791,營邦元大61購04,22720,1.43,1.43,1.41,1.41
711792,大學光永豐61購01,72080,0.53,0.53,0.53,0.53
711793,立碁永豐61購02,0,,,,
711794,全宇昕永豐61購02,99480,1.0,1.0,0.95,0.95
711795,伯特光永豐61購01,102660,0.87,0.87,0.87,0.87
711796,宏碁資永豐61購01,135890,0.67,0.67,0.63,0.63
711797,宜鼎永豐61購04,0,,,,
711798,泓格永豐64購01,0,,,,
711799,能率永豐61購01,980,0.49,0.49,0.49,0.49
711800,高技永豐61購01,33200,0.83,0.83,0.83,0.83
711801,高技永豐61購02,0,,,,
711802,高技永豐63購01,0,,,,
711803,高技永豐67購01,0,,,,
711804,高鋒永豐61購01,49400,0.76,0.76,0.76,0.76
711805,凱崴永豐61購02,0,,,,
711806,富喬永豐61購04,0,,,,
711807,崴寶永豐64購01,0,,,,
711808,華電網永豐61購02,0,,,,
711809,聖暉*永豐64購02,0,,,,
711810,僑威永豐61購01,0,,,,
711811,蜜望實永豐61購02,0,,,,
711812,蜜望實永豐61購03,62940,0.62,0.64,0.62,0.64
711813,艾訊國泰63購01,20160,0.96,0.96,0.96,0.96
711814,泓格國泰63購01,0,,,,
711815,頎邦國泰63購01,96600,1.61,1.61,1.61,1.61
711816,頎邦國泰63購02,2106800,1.99,2.0,1.94,1.97
711817,巨漢富邦63購01,8640,0.24,0.24,0.24,0.24
711818,安勤富邦63購01,79530,0.3,0.33,0.3,0.33
711819,宜鼎富邦67購01,64580,0.65,0.66,0.65,0.66
711820,富喬富邦67購01,6480,1.62,1.62,1.62,1.62
711821,蜜望實富邦63購01,367350,0.41,0.45,0.4,0.43
711822,艾訊統一6C購01,0,,,,
711823,泓格統一6B購01,0,,,,
711824,茂達統一65購04,0,,,,
711825,振發統一6C購01,11800,0.59,0.59,0.59,0.59
711826,蜜望實統一65購01,0,,,,
711827,蜜望實統一6B購01,0,,,,
711828,蜜望實統一6C購01,0,,,,
711829,泓格群益61購02,0,,,,
711830,泓格群益61購03,0,,,,
711831,元債20國票61購01,1300,0.26,0.26,0.26,0.26
711832,天品國票61購02,15100,1.51,1.51,1.51,1.51
711833,天品國票63購01,1868230,1.33,1.41,1.24,1.38
711834,方土昶國票65購01,6500,0.64,0.69,0.64,0.69
711835,宏碁資國票65購01,0,,,,
711836,倚強國票61購01,3900,3.9,3.9,3.9,3.9
711837,智通*國票61購03,0,,,,
711838,雙鴻國票66購01,23200,2.9,2.9,2.9,2.9
711839,穩得國票61購01,0,,,,
711840,中光電中信61購01,0,,,,
711841,大世科永豐61購01,0,,,,
711842,中美晶永豐64購03,0,,,,
711843,友輝永豐61購01,0,,,,
711844,安勤永豐61購01,0,,,,
711845,岱稜永豐61購01,0,,,,
711846,東洋永豐61購01,0,,,,
711847,統振永豐61購01,0,,,,
711848,智擎永豐61購01,0,,,,
711849,頎邦永豐63購01,0,,,,
711850,銳澤永豐61購01,0,,,,
711851,雙鴻永豐61購06,0,,,,
711852,中美晶元大63購04,16290,0.55,0.6,0.54,0.6
711853,中美晶元大67購01,4900,0.49,0.49,0.49,0.49
711854,安勤元大61購01,305070,0.35,0.42,0.35,0.42
711855,艾訊元大61購03,302560,0.61,0.61,0.61,0.61
711856,欣銓元大65購01,248710,1.7,1.7,1.59,1.59
711857,泓格元大67購01,193500,0.75,0.75,0.75,0.75
711858,晟田元大61購04,0,,,,
711859,順達元大63購02,0,,,,
711860,群聯元大64購11,140200,1.5,1.51,1.48,1.51
711861,廣積元大61購01,48750,0.6,0.67,0.6,0.67
711862,雙鴻元大61購17,0,,,,
711863,雙鴻元大61購18,0,,,,
711864,雙鴻元大63購04,2594670,1.75,2.0,1.69,1.96
711865,中美晶台新65購01,20280,0.78,0.78,0.78,0.78
711866,智通*台新61購01,0,,,,
711867,群聯台新61購09,0,,,,
711868,頎邦台新61購07,60400,3.02,3.02,3.02,3.02
711869,蜜望實台新61購01,129290,1.24,1.24,1.17,1.17
711870,廣積台新61購01,330820,1.2,1.26,1.2,1.26
711871,中美晶凱基61購11,9600,0.64,0.64,0.64,0.64
711872,中美晶凱基63購02,75240,0.99,0.99,0.99,0.99
711873,元太凱基66購01,339110,0.81,0.84,0.8,0.83
711874,立碁凱基61購01,286430,1.54,1.56,1.49,1.55
711875,宜鼎凱基61購06,95280,0.84,0.9,0.84,0.9
711876,宜鼎凱基63購01,0,,,,
711877,富喬凱基61購07,0,,,,
711878,頎邦凱基61購06,0,,,,
711879,蜜望實凱基61購01,199920,0.76,0.76,0.73,0.73
711880,營邦凱基61購04,479530,3.25,3.5,3.21,3.21
711881,雙鴻凱基63購04,99200,4.96,4.96,4.96,4.96
711882,中光電國泰63購01,0,,,,
711883,立碁國泰63購01,465360,3.18,3.33,3.18,3.33
711884,博智國泰63購01,26880,1.68,1.68,1.68,1.68
711885,富喬國泰63購01,0,,,,
711886,富喬國泰63購02,0,,,,
711887,智通*國泰63購01,0,,,,
711888,廣積國泰63購01,28800,1.8,1.8,1.8,1.8
711889,中美晶富邦63購02,31620,0.72,0.73,0.71,0.73
711890,中美晶富邦67購01,6000,0.6,0.6,0.6,0.6
711891,中美晶富邦77購01,9570,0.87,0.87,0.87,0.87
711892,世界富邦61購04,32750,0.56,0.56,0.55,0.55
711893,世界富邦67購01,132200,0.67,0.67,0.65,0.65
711894,高技富邦63購01,0,,,,
711895,昱展統一67購01,0,,,,
711896,高技統一67購02,0,,,,
711897,蜜望實統一67購01,54610,0.51,0.53,0.51,0.53
711898,磐儀統一67購01,0,,,,
711899,中美晶群益61購03,94920,1.13,1.13,1.13,1.13
711900,元太群益61購01,41680,0.82,0.85,0.82,0.85
711901,高技群益61購02,0,,,,
711902,廣積群益61購01,4100,0.82,0.82,0.82,0.82
711903,廣積群益63購01,0,,,,
711904,雙鴻群益61購05,0,,,,
711905,中光電凱基61購08,0,,,,
711906,中美晶凱基61購12,98420,1.2,1.22,1.2,1.22
711907,立碁凱基61購02,372100,1.59,1.68,1.59,1.63
711908,艾訊凱基61購02,0,,,,
711909,欣銓凱基65購01,12700,1.58,1.59,1.58,1.59
711910,泓格凱基61購02,0,,,,
711911,威剛凱基63購01,0,,,,
711912,振發凱基61購01,0,,,,
711913,智通*凱基61購05,0,,,,
711914,順達凱基63購02,0,,,,
711915,群聯凱基61購13,0,,,,
711916,M31台新67購01,332010,2.57,3.27,2.57,2.79
711917,世界台新61購04,0,,,,
711918,群聯台新67購05,73200,3.66,3.66,3.66,3.66
711919,群聯台新67購06,33100,3.31,3.31,3.31,3.31
711920,M31元大61購03,115660,1.76,2.0,1.76,2.0
711921,中美晶元大61購10,136110,0.91,0.92,0.91,0.92
711922,中美晶元大67購02,0,,,,
711923,立碁元大61購02,174670,1.67,1.7,1.67,1.67
711924,宜鼎元大61購11,0,,,,
711925,泓格元大61購03,43650,0.45,0.45,0.45,0.45
711926,威剛元大61購07,0,,,,
711927,鈊象元大61購02,168440,1.19,1.4,1.18,1.4
711928,群聯元大61購21,0,,,,
711929,群聯元大63購06,0,,,,
711930,中美晶永豐64購04,45230,1.32,1.37,1.32,1.37
711931,世界永豐64購01,35320,1.62,1.62,1.58,1.58
711932,宜鼎永豐61購05,13290,0.84,0.84,0.82,0.83
711933,宜鼎永豐63購03,0,,,,
711934,鈊象永豐61購02,96930,1.23,1.32,1.23,1.32
711935,廣積永豐61購02,115020,0.86,0.88,0.86,0.88
711936,加高國票65購01,46080,0.68,0.7,0.68,0.7
711937,立碁國票64購01,110120,1.55,1.55,1.52,1.55
711938,泓格國票61購02,0,,,,
711939,茂迪國票64購01,0,,,,
711940,陽程國票61購03,72600,4.74,4.89,4.74,4.89
711941,頎邦國票63購01,99110,2.07,2.07,2.02,2.04
711942,廣積國票67購01,94170,0.73,0.75,0.73,0.75
711943,磐儀國票66購01,0,,,,
711944,晟田國泰63購01,760,0.76,0.76,0.76,0.76
711945,立碁富邦61購03,2760,0.92,0.92,0.92,0.92
711946,威剛富邦64購02,0,,,,
711947,頎邦統一6A購01,151850,1.11,1.13,1.11,1.13
711948,中光電群益62購01,0,,,,
711949,正德國票62購01,960,0.96,0.96,0.96,0.96
711950,威剛國票62購03,0,,,,
711951,美達國票62購01,0,,,,
711952,森鉅國票67購01,0,,,,
711953,群聯國票62購02,0,,,,
711954,世界中信62購01,55310,0.47,0.48,0.47,0.48
711955,宜鼎永豐63購04,0,,,,
711956,富喬永豐62購01,0,,,,
711957,富喬永豐63購01,0,,,,
711958,台嘉碩國泰63購01,0,,,,
711959,宜鼎國泰63購01,11400,1.9,1.9,1.9,1.9
711960,群聯國泰65購01,7890,2.61,2.65,2.61,2.65
711961,群聯富邦63購04,0,,,,
711962,群聯富邦63購05,0,,,,
711963,群聯富邦63購06,0,,,,
711964,頎邦富邦63購03,0,,,,
711965,雙鴻富邦63購03,0,,,,
711966,雙鴻富邦63購04,0,,,,
711967,M31台新62購02,784670,2.55,2.55,2.42,2.45
711968,頎邦台新62購01,0,,,,
711969,元太凱基65購01,56420,0.91,0.91,0.91,0.91
711970,宜鼎凱基62購01,0,,,,
711971,威剛凱基63購02,25340,2.12,2.12,2.11,2.11
711972,高技凱基62購01,0,,,,
711973,富喬凱基62購02,0,,,,
711974,群聯凱基62購01,0,,,,
711975,頎邦凱基63購02,0,,,,
711976,廣積凱基62購01,5220,0.87,0.87,0.87,0.87
711977,磐儀凱基62購01,0,,,,
711978,雙鴻凱基62購01,0,,,,
711979,M31元大62購01,86640,1.6,1.84,1.6,1.84
711980,M31元大65購01,257110,1.21,1.46,1.21,1.42
711981,巨漢元大62購01,129640,1.07,1.11,1.07,1.11
711982,良維元大62購01,180820,1.91,1.95,1.91,1.95
711983,威剛元大62購03,0,,,,
711984,博智元大62購01,2900,2.9,2.9,2.9,2.9
711985,富喬元大67購01,0,,,,
711986,鈊象元大62購05,708840,0.98,1.14,0.98,1.08
711987,鈊象元大62購06,108460,1.64,1.84,1.64,1.84
711988,群聯元大62購04,67850,2.17,2.17,2.06,2.07
711989,中光電永豐63購01,0,,,,
711990,家登永豐63購01,0,,,,
711991,富喬永豐65購02,0,,,,
711992,富喬永豐68購02,0,,,,
711993,群聯永豐64購10,0,,,,
711994,新應材群益62購01,42400,1.06,1.06,1.06,1.06
711995,中美晶台新62購01,334330,1.08,1.1,1.08,1.08
711996,宜鼎台新62購02,42600,1.42,1.42,1.42,1.42
711997,欣銓台新62購01,58820,3.46,3.46,3.46,3.46
711998,威剛台新62購02,0,,,,
711999,倉和台新68購01,0,,,,
712000,臺慶科台新62購01,27880,1.64,1.64,1.64,1.64
712001,中光電凱基63購01,0,,,,
712002,中美晶凱基63購04,0,,,,
712003,巨漢凱基63購01,62280,1.29,1.36,1.29,1.36
712004,良維凱基63購01,33240,2.77,2.77,2.77,2.77
712005,博智凱基63購03,0,,,,
712006,順達凱基63購03,0,,,,
712007,鈊象凱基64購03,197780,2.43,2.56,2.43,2.51
712008,群聯凱基63購04,6840,3.42,3.42,3.42,3.42
712009,群聯凱基64購05,0,,,,
712010,元太國票64購01,0,,,,
712011,世紀*國票66購01,29060,4.7,4.96,4.7,4.96
712012,光焱國票66購01,21140,0.64,0.65,0.64,0.65
712013,光焱國票68購01,35250,0.99,1.02,0.99,1.02
712014,沛亨國票66購01,23500,2.35,2.35,2.35,2.35
712015,宜鼎國票68購01,39680,1.24,1.24,1.24,1.24
712016,順達國票65購02,0,,,,
712017,臺慶科國票64購01,0,,,,
712018,譜瑞國票66購01,0,,,,
712019,中美晶元大64購03,0,,,,
712020,均華元大64購01,32600,2.03,2.1,2.03,2.1
712021,均豪元大64購03,0,,,,
712022,系統電元大64購01,17120,1.54,1.72,1.54,1.72
712023,良維元大63購02,0,,,,
712024,良維元大64購01,0,,,,
712025,宜鼎元大64購01,296780,1.15,1.16,1.15,1.16
712026,陽程元大64購01,0,,,,
712027,鈊象元大63購06,636650,1.4,1.56,1.4,1.49
712028,鈊象元大63購07,771080,1.03,1.16,1.03,1.15
712029,鈊象元大64購03,669400,0.7,0.8,0.7,0.77
712030,新應材元大63購01,0,,,,
712031,新應材元大63購02,50390,1.57,1.6,1.57,1.6
712032,新應材元大63購03,0,,,,
712033,新應材元大64購01,15300,1.7,1.7,1.7,1.7
712034,群聯元大63購07,17600,2.2,2.2,2.2,2.2
712035,群聯元大63購08,52600,2.65,2.65,2.61,2.61
712036,群聯元大64購12,42780,1.54,1.54,1.52,1.52
712037,威剛國泰63購01,0,,,,
712038,聖暉*國泰63購01,191230,0.89,0.96,0.89,0.96
712039,M31富邦65購01,402030,0.94,1.15,0.94,1.14
712040,群聯富邦64購02,0,,,,
712041,台特化國票67購01,100870,1.31,1.31,1.31,1.31
712042,艾訊國票67購01,0,,,,
712043,宏捷科國票69購01,0,,,,
712044,高技國票65購02,54360,1.51,1.51,1.51,1.51
712045,博磊國票66購01,1680,0.84,0.84,0.84,0.84
712046,竑騰群益62購01,303800,2.26,2.38,2.26,2.37
712047,順達群益62購01,0,,,,
712048,新應材群益62購02,0,,,,
712049,聖暉*群益62購01,37600,0.8,0.8,0.8,0.8
712050,營邦群益62購01,0,,,,
712051,營邦群益62購02,0,,,,
712052,中光電元大64購02,7050,0.47,0.47,0.47,0.47
712053,宜鼎元大63購05,21840,1.28,1.3,1.28,1.3
712054,宜鼎元大64購02,0,,,,
712055,威剛元大63購01,50080,1.6,1.62,1.6,1.62
712056,威剛元大64購02,0,,,,
712057,倉和元大63購01,114050,8.85,8.85,8.75,8.75
712058,高技元大63購01,28620,2.35,2.42,2.35,2.42
712059,富喬元大63購02,0,,,,
712060,智通*元大63購03,5120,2.56,2.56,2.56,2.56
712061,智通*元大64購01,0,,,,
712062,群聯元大63購09,360700,2.1,2.1,2.01,2.01
712063,蜜望實元大63購01,132850,0.73,0.76,0.73,0.76
712064,廣穎元大63購01,0,,,,
712065,雙鴻元大63購05,0,,,,
712066,雙鴻元大63購06,15150,5.05,5.05,5.05,5.05
712067,雙鴻元大64購03,0,,,,
712068,均華國泰63購01,293850,3.26,3.27,3.26,3.27
712069,家登國泰63購01,0,,,,
712070,順達國泰63購01,0,,,,
712071,順達國泰63購02,5730,1.91,1.91,1.91,1.91
712072,鈊象國泰63購01,135260,1.58,1.7,1.58,1.66
712073,新應材國泰63購01,107420,1.98,2.0,1.98,2.0
712074,營邦國泰63購01,0,,,,
712075,新應材中信62購01,0,,,,
712076,竑騰永豐63購01,283240,1.58,1.7,1.58,1.67
712077,博磊永豐63購01,644140,1.16,1.18,1.12,1.16
712078,順達永豐63購01,0,,,,
712079,新應材永豐68購01,0,,,,
712080,新應材永豐68購02,0,,,,
712081,新應材永豐68購03,0,,,,
712082,群聯永豐64購11,0,,,,
712083,均華凱基64購01,268440,2.35,2.4,2.32,2.33
712084,沛亨凱基63購01,36980,3.36,3.38,3.36,3.38
712085,宜鼎凱基68購01,617180,2.01,2.07,1.99,2.07
712086,新應材凱基63購01,2660,1.33,1.33,1.33,1.33
712087,新應材凱基63購02,0,,,,
712088,新應材凱基63購03,75240,1.98,1.98,1.98,1.98
712089,新應材凱基64購01,0,,,,
712090,群聯凱基63購05,0,,,,
712091,臺慶科凱基63購02,0,,,,
712092,雙鴻凱基63購05,0,,,,
712093,譜瑞凱基63購01,257390,1.47,1.54,1.47,1.54
712094,世界台新65購01,403090,2.44,2.49,2.43,2.44
712095,巨漢台新62購01,24640,1.76,1.76,1.76,1.76
712096,均華台新62購01,0,,,,
712097,均華台新62購02,0,,,,
712098,宜鼎台新62購03,3060,1.48,1.58,1.48,1.58
712099,竑騰台新62購01,0,,,,
712100,家登台新62購02,0,,,,
712101,國眾台新65購01,0,,,,
712102,博磊台新62購01,0,,,,
712103,群聯台新68購01,18450,3.69,3.69,3.69,3.69
712104,聚和台新62購01,0,,,,
712105,營邦台新62購01,0,,,,
712106,營邦台新62購02,0,,,,
712107,營邦台新65購01,0,,,,
712108,均華富邦63購01,97080,1.2,1.23,1.2,1.23
712109,宜鼎富邦62購01,60210,0.84,0.89,0.84,0.89
712110,家登富邦64購01,0,,,,
712111,家登富邦64購02,0,,,,
712112,順達富邦63購02,0,,,,
712113,新應材富邦63購03,9720,0.75,0.75,0.74,0.74
712114,新應材富邦64購01,216380,0.67,0.69,0.67,0.69
712115,營邦富邦64購01,0,,,,
712116,新應材統一71購01,0,,,,
712117,新應材統一71購02,0,,,,
712118,群聯統一6A購01,733110,1.13,1.13,1.09,1.11
712119,世禾國票66購01,9960,0.83,0.83,0.83,0.83
712120,系統電國票67購01,0,,,,
712121,系微國票65購02,0,,,,
712122,松上國票65購01,0,,,,
712123,前鼎國票65購01,0,,,,
712124,能率國票65購01,0,,,,
712125,華景電國票65購02,0,,,,
712126,順達國票67購01,0,,,,
712127,廣穎國票65購02,0,,,,
712128,中美晶台新65購02,0,,,,
712129,宜鼎台新62購04,0,,,,
712130,新應材台新62購01,0,,,,
712131,新應材台新62購02,0,,,,
712132,中光電元大64購03,0,,,,
712133,中美晶元大64購04,43860,1.57,1.57,1.55,1.55
712134,台特化元大64購01,296190,1.12,1.16,1.12,1.16
712135,富喬元大64購05,0,,,,
712136,廣積元大63購04,34310,2.6,2.68,2.6,2.68
712137,營邦元大64購01,0,,,,
712138,中美晶中信62購01,36240,0.76,0.76,0.75,0.75
712139,富喬中信64購01,23300,2.33,2.33,2.33,2.33
712140,中光電永豐63購02,0,,,,
712141,系統電永豐64購02,20100,1.07,1.2,1.07,1.2
712142,宜鼎永豐63購05,36830,1.27,1.27,1.27,1.27
712143,宜鼎永豐64購03,0,,,,
712144,宜鼎永豐65購02,0,,,,
712145,倉和永豐63購01,0,,,,
712146,耕興永豐63購01,0,,,,
712147,晟德永豐63購01,62400,0.78,0.78,0.78,0.78
712148,頎邦永豐63購02,49480,2.92,2.92,2.91,2.91
712149,雙鴻永豐63購04,0,,,,
712150,雙鴻永豐64購04,0,,,,
712151,M31群益62購01,489480,0.99,1.35,0.99,1.23
712152,世界群益62購03,186890,2.33,2.33,2.2,2.2
712153,均華群益68購01,1707480,2.77,2.81,2.75,2.75
712154,宜特群益62購01,38360,1.4,1.44,1.4,1.44
712155,家登群益62購01,34900,3.49,3.49,3.49,3.49
712156,博智群益63購02,204360,1.56,1.65,1.56,1.56
712157,群聯群益64購02,305820,4.07,4.14,3.96,3.96
712158,頎邦群益62購01,0,,,,
712159,雙鴻群益64購01,19600,9.85,9.85,9.75,9.75
712160,中美晶凱基63購05,567840,2.21,2.27,2.21,2.27
712161,宏捷科凱基67購01,101520,1.08,1.08,1.08,1.08
712162,系統電凱基64購01,0,,,,
712163,宜鼎凱基63購02,16200,1.62,1.62,1.62,1.62
712164,威剛凱基64購02,0,,,,
712165,倉和凱基63購01,182900,8.6,9.0,8.6,9.0
712166,智通*凱基63購01,0,,,,
712167,群聯凱基63購06,0,,,,
712168,蜜望實凱基63購01,46400,1.16,1.16,1.16,1.16
712169,營邦凱基63購01,0,,,,
712170,雙鴻凱基63購06,0,,,,
712171,巨漢富邦63購02,0,,,,
712172,博智富邦63購02,24720,1.03,1.03,1.03,1.03
712173,頎邦富邦64購02,0,,,,
712174,中美晶國泰63購03,498740,1.94,1.96,1.93,1.93
712175,巨漢國泰63購01,248320,1.94,1.94,1.94,1.94
712176,頎邦國泰63購03,0,,,,
712177,雙鴻國泰63購02,0,,,,
712178,元太統一6A購01,0,,,,
712179,富喬統一6A購01,5060,1.68,1.69,1.68,1.69
712180,中光電元大64購04,0,,,,
712181,弘塑元大63購03,439330,0.87,0.87,0.86,0.86
712182,弘塑元大64購02,2940,0.98,0.98,0.98,0.98
712183,艾訊元大63購01,16040,1.12,1.16,1.12,1.16
712184,威剛元大63購04,5720,1.43,1.43,1.43,1.43
712185,威剛元大64購03,0,,,,
712186,博智元大64購01,0,,,,
712187,萬潤元大63購01,285800,1.02,1.02,0.98,0.99
712188,中光電台新65購01,0,,,,
712189,中美晶台新65購03,129680,1.14,1.16,1.14,1.16
712190,均華台新62購03,49110,1.81,1.83,1.81,1.83
712191,欣銓台新62購02,0,,,,
712192,威剛台新65購01,37650,0.95,0.95,0.94,0.94
712193,威剛台新68購01,0,,,,
712194,家登台新62購03,0,,,,
712195,家登台新65購01,0,,,,
712196,萬潤台新62購01,11900,1.19,1.19,1.19,1.19
712197,萬潤台新62購02,305400,1.61,1.64,1.61,1.63
712198,萬潤台新62購03,15680,1.96,1.96,1.96,1.96
712199,萬潤台新65購01,108380,1.61,1.62,1.59,1.62
712200,萬潤台新68購01,783590,1.96,1.96,1.91,1.92
712201,世禾凱基66購01,51720,0.72,0.75,0.72,0.75
712202,世界凱基63購04,23700,0.94,0.96,0.94,0.96
712203,台特化凱基63購02,95760,1.71,1.71,1.71,1.71
712204,宜特凱基63購01,0,,,,
712205,高技凱基63購01,144360,0.94,0.96,0.94,0.96
712206,博智凱基63購04,89000,1.78,1.78,1.78,1.78
712207,智通*凱基63購02,0,,,,
712208,新應材凱基63購05,8640,0.54,0.54,0.54,0.54
712209,廣積凱基63購01,16240,1.35,1.37,1.35,1.37
712210,廣穎凱基63購01,120000,0.6,0.6,0.6,0.6
712211,富喬中信64購02,570690,1.9,1.91,1.84,1.84
712212,中美晶永豐64購05,9900,0.99,0.99,0.99,0.99
712213,天正永豐65購01,7600,0.76,0.76,0.76,0.76
712214,朋億*永豐63購01,108050,0.94,0.96,0.93,0.95
712215,金山電永豐65購01,0,,,,
712216,家登永豐63購02,0,,,,
712217,港建*永豐64購01,0,,,,
712218,萬潤永豐65購01,217560,1.01,1.01,0.98,0.98
712219,萬潤永豐66購01,0,,,,
712220,萬潤永豐68購01,294860,1.51,1.52,1.51,1.52
712221,德昌永豐65購01,0,,,,
712222,營邦永豐63購01,0,,,,
712223,久元國票66購01,0,,,,
712224,互動國票66購01,0,,,,
712225,朋億*國票66購01,0,,,,
712226,金山電國票65購01,0,,,,
712227,金山電國票67購01,0,,,,
712228,家登國票63購01,3220,3.22,3.22,3.22,3.22
712229,高技國票66購01,0,,,,
712230,凱崴國票65購01,17400,0.87,0.87,0.87,0.87
712231,博磊國票68購01,6370,0.58,0.58,0.57,0.57
712232,港建*國票63購01,2670,0.89,0.89,0.89,0.89
712233,瑞穎國票63購01,0,,,,
712234,萬潤國票66購01,165020,0.83,0.83,0.81,0.82
712235,萬潤國票68購01,0,,,,
712236,中美晶富邦62購02,26620,0.8,0.86,0.8,0.86
712237,弘塑富邦63購02,0,,,,
712238,威剛富邦62購02,0,,,,
712239,中美晶群益62購03,57080,1.74,1.79,1.74,1.79
712240,台嘉碩群益62購01,0,,,,
712241,弘塑群益62購01,102630,0.78,0.81,0.78,0.81
712242,弘塑群益62購02,0,,,,
712243,宏捷科群益64購01,402510,0.91,0.98,0.91,0.98
712244,系統電群益62購01,0,,,,
712245,宜鼎群益62購01,4830,0.81,0.81,0.8,0.8
712246,金山電群益62購01,68700,1.37,1.38,1.37,1.38
712247,前鼎群益68購01,239400,3.89,4.01,3.86,4.01
712248,威剛群益62購03,0,,,,
712249,原相群益62購01,0,,,,
712250,智通*群益62購01,0,,,,
712251,新應材群益66購01,43660,1.18,1.18,1.18,1.18
712252,萬潤群益68購01,1366330,1.59,1.6,1.56,1.58
712253,群聯群益68購01,7320,3.66,3.66,3.66,3.66
712254,頎邦群益62購02,0,,,,
712255,雙鴻群益62購03,140890,4.3,5.0,4.3,4.67
712256,元太統一66購01,0,,,,
712257,世禾統一68購01,94240,0.7,0.72,0.7,0.72
712258,沛亨統一68購02,9600,1.2,1.2,1.2,1.2
712259,金山電統一67購01,0,,,,
712260,金山電統一6B購01,3332490,0.67,0.69,0.67,0.68
712261,金山電統一6C購01,1701590,0.68,0.69,0.68,0.68
712262,能率亞統一68購01,0,,,,
712263,港建*統一6B購01,0,,,,
712264,新應材統一68購01,0,,,,
712265,萬潤統一65購01,473370,0.88,0.88,0.84,0.87
712266,萬潤統一6A購03,338980,0.87,0.87,0.84,0.85
712267,萬潤統一6B購01,162980,0.67,0.67,0.66,0.67
712268,萬潤統一6C購01,196610,0.63,0.64,0.63,0.64
712269,弘塑國泰63購01,0,,,,
712270,弘塑國泰63購02,25200,0.84,0.84,0.84,0.84
712271,泓格國泰63購02,0,,,,
712272,金山電國泰63購01,344920,2.06,2.16,2.05,2.05
712273,金山電國泰64購01,77310,2.01,2.01,1.94,1.95
712274,萬潤國泰63購01,244280,1.35,1.36,1.34,1.34
712275,弘塑台新62購01,0,,,,
712276,弘塑台新62購02,0,,,,
712277,弘塑台新62購03,38000,0.76,0.76,0.76,0.76
712278,弘塑台新68購01,0,,,,
712279,弘塑台新68購02,0,,,,
712280,沛亨台新62購01,10900,2.18,2.18,2.18,2.18
712281,沛亨台新62購02,40020,1.74,1.74,1.74,1.74
712282,韋僑台新62購01,0,,,,
712283,韋僑台新62購02,0,,,,
712284,竑騰台新62購02,610270,1.29,1.38,1.28,1.37
712285,博智台新62購01,0,,,,
712286,新應材台新62購03,0,,,,
712287,群聯台新62購01,0,,,,
712288,群聯台新62購02,0,,,,
712289,雙鴻台新62購01,0,,,,
712290,雙鴻台新68購01,0,,,,
712291,雙鴻台新68購02,45370,3.15,3.61,3.1,3.58
712292,中光電元大63購02,0,,,,
712293,中光電元大64購05,0,,,,
712294,世界元大63購08,0,,,,
712295,世界元大63購09,990,0.99,0.99,0.99,0.99
712296,世界元大64購09,58000,0.58,0.58,0.58,0.58
712297,弘塑元大64購03,82640,0.58,0.62,0.58,0.62
712298,良維元大64購02,272240,1.18,1.19,1.17,1.17
712299,宜鼎元大64購03,1900,0.95,0.95,0.95,0.95
712300,陽程元大64購02,26400,2.64,2.64,2.64,2.64
712301,鈊象元大63購08,329260,0.9,1.01,0.9,1.01
712302,中光電凱基65購01,0,,,,
712303,中美晶凱基63購06,129150,0.81,0.84,0.81,0.84
712304,弘塑凱基63購01,0,,,,
712305,弘塑凱基64購01,43690,0.79,0.81,0.79,0.8
712306,金山電凱基63購01,40050,1.11,1.17,1.11,1.17
712307,金山電凱基63購02,107630,1.18,1.25,1.18,1.24
712308,威剛凱基63購04,62500,1.25,1.25,1.25,1.25
712309,群聯凱基66購03,0,,,,
712310,頎邦凱基64購03,0,,,,
712311,雙鴻凱基63購08,0,,,,
712312,均華國泰64購01,249710,1.73,1.79,1.73,1.75
712313,新應材國泰64購01,58080,1.21,1.21,1.21,1.21
712314,弘塑統一67購01,24900,0.49,0.51,0.49,0.51
712315,由田統一68購01,56560,0.96,1.03,0.96,1.03
712316,金山電統一66購01,27510,0.47,0.49,0.47,0.47
712317,金山電統一68購01,10500,0.7,0.7,0.7,0.7
712318,前鼎統一6C購01,381340,0.86,0.88,0.86,0.86
712319,倉和統一68購01,0,,,,
712320,富喬中信64購03,298790,1.15,1.17,1.12,1.12
712321,元太永豐63購01,20500,0.82,0.82,0.82,0.82
712322,巨漢永豐63購01,65230,0.71,0.71,0.7,0.7
712323,宏碁資永豐63購01,0,,,,
712324,建榮永豐64購01,59000,1.18,1.18,1.18,1.18
712325,胡連永豐63購01,37000,0.74,0.74,0.74,0.74
712326,茂綸永豐64購01,28930,1.04,1.04,1.03,1.03
712327,茂綸永豐65購01,0,,,,
712328,竑騰永豐64購01,111100,1.13,1.2,1.13,1.2
712329,富喬永豐64購02,0,,,,
712330,富喬永豐67購01,0,,,,
712331,聖暉*永豐63購01,410620,1.36,1.46,1.36,1.45
712332,元太國票66購01,0,,,,
712333,世界國票67購01,0,,,,
712334,弘塑國票66購01,0,,,,
712335,全宇昕國票65購02,0,,,,
712336,均華國票63購01,180440,1.05,1.05,1.01,1.01
712337,長佳智國票65購01,0,,,,
712338,前鼎國票67購01,30200,1.51,1.51,1.51,1.51
712339,博智國票63購01,0,,,,
712340,智通*國票63購01,0,,,,
712341,新應材國票63購01,489420,1.14,1.15,1.13,1.15
712342,新應材國票64購01,0,,,,
712343,廣穎國票67購01,0,,,,
712344,德勝國票66購01,0,,,,
712345,世界群益67購01,66830,1.04,1.04,0.98,1.0
712346,台特化群益67購01,0,,,,
712347,由田群益62購01,182590,2.67,2.68,2.59,2.59
712348,宏捷科群益62購01,20110,0.61,0.65,0.61,0.65
712349,沛亨群益62購01,24050,2.34,2.43,2.34,2.43
712350,茂達群益62購01,0,,,,
712351,矽科台新62購01,0,,,,
712352,新應材台新62購04,65500,1.31,1.31,1.31,1.31
712353,世界凱基63購05,0,,,,
712354,台特化凱基67購01,6610,1.63,1.66,1.63,1.66
712355,宜鼎凱基63購03,0,,,,
712356,前鼎凱基67購01,94560,1.6,1.66,1.57,1.64
712357,新應材凱基64購02,0,,,,
712358,青雲元大63購01,15530,0.73,0.74,0.73,0.74
712359,鈊象中信62購01,54000,0.45,0.45,0.45,0.45
712360,前鼎永豐68購01,5450,1.8,1.85,1.8,1.85
712361,博智永豐63購01,80800,1.56,1.7,1.56,1.7
712362,達航永豐63購02,24000,1.2,1.2,1.2,1.2
712363,廣積永豐63購01,0,,,,
712364,東洋國票63購01,1020,1.02,1.02,1.02,1.02
712365,前鼎國票68購01,119900,1.36,1.4,1.34,1.35
712366,竑騰國票63購01,246580,1.18,1.28,1.17,1.26
712367,聚和國票65購01,0,,,,
712368,廣積國票65購02,0,,,,
712369,中美晶群益64購02,17920,0.64,0.64,0.64,0.64
712370,欣銓群益63購01,0,,,,
712371,金山電群益63購01,68970,1.1,1.13,1.1,1.13
712372,青雲群益63購01,0,,,,
712373,威剛群益64購01,0,,,,
712374,家登群益63購04,197770,2.06,2.2,2.06,2.2
712375,群聯群益64購03,1093370,1.09,1.11,1.09,1.11
712376,雙鴻群益64購02,609530,2.65,3.02,2.61,3.02
712377,群聯國泰67購01,45320,2.06,2.06,2.06,2.06
712378,世界富邦65購01,102040,0.54,0.54,0.52,0.52
712379,富喬富邦62購01,0,,,,
712380,新應材富邦64購02,49640,0.34,0.34,0.34,0.34
712381,沛亨統一65購03,221450,1.15,1.19,1.15,1.16
712382,長科*統一68購01,0,,,,
712383,前鼎統一66購01,4420,1.16,1.16,1.05,1.05
712384,前鼎統一68購01,76030,0.8,0.82,0.8,0.8
712385,富喬統一65購04,0,,,,
712386,頎邦統一66購02,892740,1.28,1.29,1.24,1.26
712387,M31國票67購01,43640,0.83,0.96,0.83,0.96
712388,博磊國票65購01,0,,,,
712389,宜鼎台新65購01,0,,,,
712390,青雲台新63購01,120700,1.7,1.7,1.7,1.7
712391,宸曜台新62購01,7900,1.58,1.58,1.58,1.58
712392,宸曜台新62購02,0,,,,
712393,新應材台新64購01,14000,1.0,1.0,1.0,1.0
712394,群聯台新65購01,72000,1.2,1.2,1.2,1.2
712395,雙鴻台新65購01,0,,,,
712396,雙鴻台新65購02,0,,,,
712397,M31凱基63購01,150510,1.1,1.52,1.1,1.46
712398,中美晶凱基64購02,98150,1.15,1.17,1.15,1.17
712399,方土昶凱基63購01,0,,,,
712400,宜鼎凱基63購04,93650,0.31,0.34,0.31,0.34
712401,青雲凱基63購01,0,,,,
712402,威剛凱基64購03,0,,,,
712403,富喬凱基65購01,0,,,,
712404,富喬凱基68購01,0,,,,
712405,群聯凱基63購07,34470,1.38,1.38,1.37,1.37
712406,群聯凱基63購08,14640,1.22,1.22,1.22,1.22
712407,群聯凱基63購09,0,,,,
712408,群聯凱基63購10,0,,,,
712409,雙鴻凱基63購09,21660,3.56,3.66,3.56,3.66
712410,方土昶群益63購01,0,,,,
712411,世界群益66購02,64000,0.86,0.86,0.82,0.82
712412,世紀*群益63購01,0,,,,
712413,世紀*群益63購02,0,,,,
712414,台特化群益66購01,16650,1.11,1.11,1.11,1.11
712415,弘塑群益63購01,0,,,,
712416,艾訊群益63購01,0,,,,
712417,艾訊群益63購02,0,,,,
712418,倚強群益69購01,2050,2.05,2.05,2.05,2.05
712419,群聯群益64購04,14150,0.71,0.71,0.7,0.7
712420,廣穎群益62購01,0,,,,
712421,雙鴻群益65購01,512260,2.03,2.39,2.03,2.32
712422,閎康元大63購04,21500,0.43,0.43,0.43,0.43
712423,新應材元大63購04,0,,,,
712424,新應材元大64購02,0,,,,
712425,營邦元大64購02,897320,2.16,2.24,2.1,2.13
712426,宜鼎中信62購01,4800,0.48,0.48,0.48,0.48
712427,威剛中信63購01,26500,0.53,0.53,0.53,0.53
712428,群聯中信66購01,26020,0.51,0.52,0.51,0.52
712429,雙鴻中信63購03,475170,1.33,1.61,1.33,1.61
712430,均華永豐63購01,31720,1.22,1.22,1.22,1.22
712431,沛亨永豐64購01,21600,2.16,2.16,2.16,2.16
712432,威剛永豐68購02,910,0.91,0.91,0.91,0.91
712433,茂訊永豐63購01,0,,,,
712434,新潤永豐63購01,0,,,,
712435,新應材永豐68購04,0,,,,
712436,群聯永豐68購01,111600,0.72,0.72,0.72,0.72
712437,雙鴻永豐64購05,709820,2.64,3.0,2.58,3.0
712438,群聯國泰63購03,32900,1.66,1.66,1.63,1.63
712439,群聯國泰65購02,0,,,,
712440,聖暉*國泰63購02,25010,0.61,0.61,0.61,0.61
712441,譜瑞國泰63購01,49780,1.31,1.31,1.31,1.31
712442,鑫聯國泰63購01,0,,,,
712443,宏捷科富邦64購01,69180,0.47,0.5,0.47,0.5
712444,宏捷科富邦65購01,37130,0.47,0.47,0.47,0.47
712445,宜鼎富邦68購01,122000,0.4,0.41,0.4,0.41
712446,頎邦富邦64購03,0,,,,
712447,頎邦富邦65購01,1325930,0.83,0.85,0.82,0.84
712448,譜瑞富邦64購02,104640,0.48,0.48,0.48,0.48
712449,M31統一68購01,0,,,,
712450,陽程統一66購02,0,,,,
712451,雙鴻統一64購02,639340,1.19,1.34,1.19,1.29
712452,台特化台新65購01,54860,1.76,1.77,1.76,1.77
712453,宜鼎台新64購02,0,,,,
712454,富喬台新65購01,126160,3.72,3.78,3.53,3.53
712455,順達台新64購01,0,,,,
712456,新應材台新64購02,0,,,,
712457,頎邦台新68購01,37400,3.74,3.74,3.74,3.74
712458,營邦台新65購02,10690,2.65,2.68,2.65,2.68
712459,鴻呈台新62購01,0,,,,
712460,雙鴻台新62購02,0,,,,
712461,世界凱基66購02,115330,1.23,1.26,1.23,1.24
712462,世紀*凱基63購01,0,,,,
712463,弘塑凱基63購02,100860,0.84,0.86,0.84,0.86
712464,弘塑凱基63購03,473380,1.11,1.14,1.11,1.12
712465,艾訊凱基63購01,0,,,,
712466,倚強凱基63購01,47210,3.57,3.65,3.57,3.65
712467,富喬凱基63購03,47080,1.76,1.76,1.62,1.69
712468,閎康凱基63購01,0,,,,
712469,順達凱基63購04,0,,,,
712470,新應材凱基63購06,0,,,,
712471,廣積凱基64購01,0,,,,
712472,順達中信62購01,0,,,,
712473,群聯中信62購02,28700,0.56,0.56,0.55,0.55
712474,均華永豐63購02,161580,0.93,0.96,0.93,0.94
712475,良維永豐63購01,0,,,,
712476,宜鼎永豐66購02,13400,0.67,0.67,0.67,0.67
712477,順達永豐63購02,5160,1.72,1.72,1.72,1.72
712478,順達永豐63購03,47040,0.98,0.98,0.98,0.98
712479,群聯永豐65購07,31550,1.27,1.27,1.26,1.26
712480,群聯永豐65購08,0,,,,
712481,群聯永豐68購02,54620,1.67,1.68,1.64,1.68
712482,廣閎科永豐63購01,221380,1.07,1.27,1.07,1.27
712483,廣閎科永豐63購02,2100,1.05,1.05,1.05,1.05
712484,廣閎科永豐65購01,72310,1.02,1.09,1.02,1.08
712485,廣閎科永豐68購01,583090,1.0,1.15,0.96,1.15
712486,廣穎永豐65購02,30600,1.02,1.02,1.02,1.02
712487,巨漢元大64購01,37650,0.95,1.01,0.95,1.01
712488,宜鼎元大63購06,64860,0.69,0.69,0.69,0.69
712489,宜鼎元大64購04,85140,0.33,0.33,0.33,0.33
712490,富喬元大63購03,527670,1.86,1.86,1.77,1.77
712491,富喬元大63購04,18140,1.66,1.66,1.62,1.62
712492,富喬元大63購05,71900,2.39,2.41,2.39,2.41
712493,富喬元大63購06,442100,2.77,2.77,2.66,2.66
712494,富喬元大64購06,735550,1.41,1.42,1.37,1.37
712495,群聯元大63購10,44040,1.82,1.84,1.82,1.84
712496,群聯元大63購13,0,,,,
712497,廣積元大63購05,278360,0.63,0.67,0.63,0.67
712498,廣穎元大63購02,0,,,,
712499,廣穎元大63購03,1550,0.31,0.31,0.31,0.31
712500,營邦元大63購01,62490,1.6,1.67,1.6,1.67
712501,營邦元大63購03,427950,1.12,1.17,1.1,1.1
712502,營邦元大64購04,60200,1.15,1.15,1.08,1.08
712503,雙鴻元大64購04,740670,2.07,2.47,2.07,2.41
712504,千如國票66購01,0,,,,
712505,富喬國票64購01,0,,,,
712506,富喬國票66購01,443600,4.16,4.16,3.89,3.89
712507,鴻呈國票66購01,0,,,,
712508,雙鴻國票69購01,45600,2.23,2.33,2.23,2.33
712509,千如國泰63購01,0,,,,
712510,宜鼎國泰63購02,0,,,,
712511,富喬國泰63購03,0,,,,
712512,新應材國泰63購02,0,,,,
712513,千附精富邦62購01,0,,,,
712514,中美晶富邦65購01,29760,0.62,0.62,0.62,0.62
712515,順達富邦63購03,0,,,,
712516,廣閎科富邦62購01,123380,0.49,0.6,0.49,0.6
712517,營邦富邦65購01,292870,1.51,1.57,1.47,1.47
712518,中美晶群益63購02,99030,2.34,2.43,2.34,2.43
712519,宜鼎群益63購01,0,,,,
712520,威剛群益63購02,0,,,,
712521,順達群益63購01,0,,,,
712522,群聯群益63購03,1370840,3.62,3.62,3.35,3.44
712523,廣閎科群益63購01,231350,1.11,1.37,1.11,1.37
712524,磐儀群益63購01,0,,,,
712525,雙鴻群益63購04,192600,3.62,4.15,3.6,4.13
712526,譜瑞群益62購01,42720,0.89,0.89,0.89,0.89
712527,弘塑統一66購01,552370,0.5,0.53,0.5,0.53
712528,均華統一69購01,748190,0.62,0.62,0.6,0.6
712529,高技統一66購01,15180,0.69,0.69,0.69,0.69
712530,陽程統一66購03,8750,1.75,1.75,1.75,1.75
712531,順達統一6B購01,0,,,,
712532,世界群益62購04,132110,1.82,1.82,1.67,1.67
712533,台半群益63購01,14070,1.16,1.19,1.16,1.19
712534,台特化群益62購02,143310,2.81,2.81,2.81,2.81
712535,東捷群益64購01,564370,1.5,1.79,1.5,1.67
712536,鉅橡群益63購01,0,,,,
712537,臺慶科群益63購01,0,,,,
712538,廣閎科群益64購01,790370,1.64,1.91,1.54,1.85
712539,穩懋群益63購02,5579740,2.48,2.53,2.28,2.5
712540,穩懋群益64購01,720860,3.43,3.43,3.23,3.43
712541,中美晶元大64購05,0,,,,
712542,方土昶元大63購02,15600,0.39,0.39,0.39,0.39
712543,均華元大64購02,82900,1.52,1.54,1.52,1.52
712544,朋億*元大63購01,28900,0.85,0.85,0.85,0.85
712545,東捷元大63購01,210920,1.65,1.69,1.62,1.67
712546,青雲元大63購02,77970,0.45,0.48,0.45,0.48
712547,高技元大63購02,68150,0.47,0.47,0.47,0.47
712548,順達元大63購03,42140,0.86,0.86,0.86,0.86
712549,順達元大63購04,0,,,,
712550,順達元大64購07,30530,1.14,1.14,1.13,1.13
712551,漢達元大64購01,0,,,,
712552,廣閎科元大64購01,489680,0.69,0.8,0.66,0.79
712553,廣積元大63購06,0,,,,
712554,廣穎元大63購04,0,,,,
712555,雙鴻元大63購08,2022140,2.01,2.35,2.01,2.35
712556,雙鴻元大63購09,0,,,,
712557,雙鴻元大63購10,204500,1.99,2.06,1.99,2.05
712558,雙鴻元大64購05,853520,2.01,2.32,2.01,2.32
712559,寶雅元大63購01,54400,0.65,0.65,0.64,0.64
712560,東捷統一66購02,611960,1.03,1.17,1.03,1.12
712561,東捷統一6B購01,0,,,,
712562,穩懋統一66購02,284480,0.96,1.0,0.96,1.0
712563,穩懋統一67購01,18480,0.83,0.85,0.83,0.85
712564,穩懋統一68購01,0,,,,
712565,穩懋統一6C購02,189730,0.85,0.88,0.83,0.88
712566,穩懋統一6C購03,29330,1.1,1.14,1.1,1.14
712567,東捷富邦63購01,302810,1.31,1.31,1.23,1.27
712568,東捷國泰63購01,92040,2.85,2.92,2.85,2.92
712569,博盛國泰63購01,45340,1.73,1.79,1.73,1.79
712570,營邦國泰63購02,258970,3.31,3.42,3.24,3.42
712571,鴻呈國泰63購01,0,,,,
712572,穩懋國泰63購01,3090370,2.72,2.76,2.57,2.71
712573,穩懋國泰63購03,364230,2.96,3.04,2.82,3.04
712574,穩懋國泰63購04,296400,2.95,3.18,2.9,3.18
712575,穩懋國泰63購05,137390,3.39,3.46,3.25,3.46
712576,台半凱基63購01,0,,,,
712577,宜鼎凱基64購02,31480,0.75,0.75,0.74,0.74
712578,威剛凱基63購06,0,,,,
712579,宸曜凱基63購01,5150,1.03,1.03,1.03,1.03
712580,順達凱基63購05,0,,,,
712581,群聯凱基64購06,16680,1.4,1.4,1.34,1.34
712582,漢達凱基63購01,0,,,,
712583,營邦凱基63購02,0,,,,
712584,鴻呈凱基66購01,0,,,,
712585,雙鴻凱基64購02,0,,,,
712586,穩懋凱基63購01,892930,1.91,2.08,1.87,2.07
712587,穩懋凱基63購02,57900,1.85,1.95,1.85,1.95
712588,穩懋凱基63購03,0,,,,
712589,穩懋凱基63購04,11940,1.99,1.99,1.99,1.99
712590,穩懋凱基63購05,0,,,,
712591,均華台新63購01,36600,1.52,1.53,1.52,1.53
712592,宜鼎台新64購03,0,,,,
712593,東捷台新62購01,0,,,,
712594,順達台新64購02,0,,,,
712595,鈊象台新64購01,124510,0.76,0.77,0.76,0.77
712596,穩懋台新62購01,0,,,,
712597,穩懋台新63購01,15120,2.52,2.52,2.52,2.52
712598,穩懋台新65購01,236100,1.37,1.42,1.37,1.42
712599,穩懋台新65購02,293920,1.76,1.76,1.76,1.76
712600,穩懋台新68購01,208500,2.06,2.1,2.06,2.1
712601,弘塑中信64購01,0,,,,
712602,穩懋中信68購01,0,,,,
712603,台半永豐64購02,38280,1.16,1.16,1.16,1.16
712604,台半永豐65購01,75400,1.3,1.3,1.3,1.3
712605,台星科永豐64購01,44520,1.22,1.25,1.22,1.25
712606,由田永豐64購01,237390,1.26,1.52,1.26,1.46
712607,系統電永豐63購01,0,,,,
712608,東捷永豐63購01,75620,2.0,2.1,1.99,1.99
712609,東捷永豐63購02,26550,1.77,1.77,1.77,1.77
712610,東捷永豐63購03,3440,1.72,1.72,1.72,1.72
712611,東捷永豐65購01,28720,2.06,2.06,2.03,2.03
712612,東捷永豐65購02,37550,2.41,2.51,2.41,2.51
712613,東捷永豐68購01,96900,2.8,2.8,2.72,2.74
712614,欣銓永豐66購01,106440,1.72,1.72,1.68,1.68
712615,欣銓永豐68購01,0,,,,
712616,彩富永豐63購01,0,,,,
712617,博盛永豐63購01,171600,1.36,1.38,1.36,1.38
712618,博盛永豐63購02,78390,1.17,1.17,1.17,1.17
712619,博盛永豐65購01,88020,1.63,1.63,1.63,1.63
712620,越峰永豐63購01,0,,,,
712621,穩得永豐63購01,13520,0.52,0.52,0.52,0.52
712622,穩懋永豐64購01,103800,2.56,2.64,2.55,2.63
712623,穩懋永豐64購02,0,,,,
712624,穩懋永豐66購01,0,,,,
712625,穩懋永豐68購01,0,,,,
712626,均華國票63購02,14800,1.48,1.48,1.48,1.48
712627,東捷國票63購01,0,,,,
712628,東捷國票64購01,67590,1.95,2.13,1.95,2.13
712629,元太群益63購01,31980,0.78,0.78,0.78,0.78
712630,方土昶群益63購02,0,,,,
712631,世界群益63購01,47000,2.41,2.41,2.29,2.29
712632,巨有群益63購01,8900,4.45,4.45,4.45,4.45
712633,威剛群益62購04,361140,1.94,1.94,1.92,1.93
712634,胡連群益63購01,19800,0.66,0.66,0.66,0.66
712635,陽程群益63購03,0,,,,
712636,順達群益63購02,0,,,,
712637,群聯群益62購01,0,,,,
712638,漢達群益63購01,0,,,,
712639,鴻呈群益63購01,0,,,,
712640,雙鴻群益62購04,0,,,,
712641,穩懋群益64購03,23310,3.33,3.33,3.33,3.33
712642,雙鴻中信64購02,963390,2.0,2.38,2.0,2.38
712643,新應材永豐64購02,0,,,,
712644,新應材永豐65購01,0,,,,
712645,群聯永豐63購02,0,,,,
712646,寶雅永豐63購01,0,,,,
712647,台半國泰63購01,123740,1.99,2.06,1.98,1.98
712648,胡連國泰63購01,0,,,,
712649,千附精元大63購01,109000,0.55,0.55,0.54,0.54
712650,元太元大63購06,116960,0.43,0.43,0.43,0.43
712651,元太元大64購02,0,,,,
712652,威剛元大64購04,0,,,,
712653,陽程元大63購03,297940,2.42,2.75,2.42,2.75
712654,陽程元大64購03,904130,1.37,1.52,1.37,1.52
712655,順達元大64購08,0,,,,
712656,鈊象元大64購04,847720,0.73,0.78,0.73,0.73
712657,群聯元大64購13,0,,,,
712658,良維富邦63購01,520240,1.06,1.08,1.02,1.02
712659,穩懋富邦63購01,538080,1.39,1.39,1.27,1.37
712660,穩懋富邦64購01,283960,1.16,1.23,1.16,1.22
712661,台半統一68購01,0,,,,
712662,東捷統一68購01,165300,0.8,0.87,0.8,0.86
712663,新普統一68購01,0,,,,
712664,穩懋統一68購02,2140,1.06,1.08,1.06,1.08
712665,千如凱基66購01,0,,,,
712666,中美晶凱基68購01,0,,,,
712667,世界凱基63購06,38290,1.17,1.17,1.16,1.16
712668,弘塑凱基63購04,697980,0.9,0.93,0.87,0.93
712669,均華凱基64購02,17730,1.26,1.27,1.26,1.27
712670,宜鼎凱基66購01,0,,,,
712671,東捷凱基63購02,338100,1.27,1.49,1.26,1.45
712672,金益鼎凱基63購01,0,,,,
712673,順達凱基63購06,0,,,,
712674,頎邦凱基63購03,0,,,,
712675,雙鴻凱基63購10,208130,3.43,3.73,3.29,3.73
712676,寶雅凱基63購01,12880,0.46,0.46,0.46,0.46
712677,系統電台新62購01,940,0.94,0.94,0.94,0.94
712678,長科*台新65購01,28280,1.7,1.7,1.65,1.66
712679,威剛台新62購03,0,,,,
712680,威剛台新63購02,0,,,,
712681,順達台新62購01,0,,,,
712682,中美晶元大64購06,17100,0.57,0.57,0.57,0.57
712683,元太元大63購07,20700,0.9,0.9,0.9,0.9
712684,元太元大63購08,318240,0.52,0.54,0.52,0.54
712685,元太元大64購03,283210,0.67,0.69,0.67,0.69
712686,均華元大64購03,0,,,,
712687,宜鼎元大64購05,272380,0.58,0.61,0.58,0.61
712688,威剛元大64購05,0,,,,
712689,順達元大64購09,0,,,,
712690,鈊象元大63購09,730620,0.95,1.09,0.95,1.04
712691,鈊象元大64購05,893050,0.97,1.11,0.97,1.1
712692,群聯元大64購14,0,,,,
712693,蜜望實元大63購02,20090,0.41,0.41,0.41,0.41
712694,寶雅元大63購02,148170,0.65,0.65,0.63,0.63
712695,元太台新65購01,135300,1.1,1.1,1.1,1.1
712696,沛亨台新65購01,124770,1.62,1.62,1.59,1.59
712697,威聯通台新62購01,0,,,,
712698,胡連台新62購01,0,,,,
712699,倉和台新62購01,0,,,,
712700,蜜望實台新62購01,197120,0.88,0.88,0.88,0.88
712701,蜜望實台新65購01,50040,1.28,1.29,1.28,1.29
712702,中美晶凱基64購04,134440,0.82,0.83,0.82,0.83
712703,朋億*凱基63購01,0,,,,
712704,泓格凱基63購01,0,,,,
712705,威剛凱基63購07,0,,,,
712706,建榮凱基63購01,0,,,,
712707,順達凱基66購01,0,,,,
712708,鈊象凱基64購04,762300,0.74,0.85,0.74,0.8
712709,群聯凱基66購04,11800,1.18,1.18,1.18,1.18
712710,鉅橡凱基63購01,0,,,,
712711,廣閎科凱基63購01,382650,1.1,1.25,0.97,1.23
712712,穩懋凱基63購08,503020,1.53,1.67,1.52,1.67
712713,中美晶群益62購04,212150,2.28,2.33,2.28,2.33
712714,弘塑群益63購02,0,,,,
712715,系統電群益63購01,0,,,,
712716,宜鼎群益63購02,0,,,,
712717,威剛群益62購05,0,,,,
712718,原相群益62購02,14300,0.36,0.36,0.35,0.35
712719,群聯群益62購02,124300,2.26,2.26,2.26,2.26
712720,千如永豐63購01,26400,0.88,0.88,0.88,0.88
712721,元太永豐63購02,135070,0.59,0.61,0.59,0.6
712722,世紀*永豐63購02,0,,,,
712723,沛亨永豐64購02,32550,1.05,1.05,1.05,1.05
712724,茂迪永豐64購01,7930,0.61,0.61,0.61,0.61
712725,頎邦永豐65購02,0,,,,
712726,榮剛永豐63購01,0,,,,
712727,雙鴻永豐65購02,0,,,,
712728,雙鴻永豐6B購01,0,,,,
712729,雙鴻永豐6C購01,558730,2.27,2.4,2.27,2.37
712730,穩懋永豐65購01,83190,1.77,1.77,1.77,1.77
712731,三聯國票63購01,36050,0.91,0.94,0.87,0.93
712732,蜜望實國票63購01,8890,1.27,1.27,1.27,1.27
712733,寬宏國票63購01,0,,,,
712734,均華國泰63購02,152640,0.84,0.87,0.84,0.84
712735,順達國泰63購03,0,,,,
712736,順達富邦64購01,24000,0.6,0.6,0.6,0.6
712737,巨有統一6B購03,0,,,,
712738,倉和統一6B購01,0,,,,
712739,堡達統一6A購01,0,,,,
712740,新普統一66購01,0,,,,
712741,新普統一6B購01,0,,,,
712742,晶焱國票63購01,0,,,,
712743,鈺太國票63購01,363010,1.04,1.09,1.04,1.09
712744,鈺太國票64購01,10440,1.16,1.16,1.16,1.16
712745,中美晶群益62購05,166040,2.09,2.15,2.09,2.13
712746,台特化群益62購03,455400,1.94,2.02,1.94,2.02
712747,弘塑群益63購03,0,,,,
712748,均華群益64購01,669560,1.31,1.35,1.29,1.29
712749,茂迪群益63購01,0,,,,
712750,鈊象群益62購01,36870,2.56,2.56,2.39,2.39
712751,群聯群益62購03,870,0.87,0.87,0.87,0.87
712752,營邦群益63購01,444570,2.51,2.53,2.41,2.43
712753,穩懋群益68購01,718130,3.54,3.68,3.53,3.68
712754,元太凱基63購01,71060,0.92,0.95,0.92,0.95
712755,弘塑凱基63購05,30080,0.47,0.47,0.47,0.47
712756,均華凱基68購01,2600,2.6,2.6,2.6,2.6
712757,系統電凱基64購02,0,,,,
712758,宜鼎凱基63購05,93920,0.63,0.67,0.63,0.67
712759,倉和凱基63購02,0,,,,
712760,頎邦凱基66購01,163240,2.11,2.11,2.03,2.03
712761,臺慶科凱基63購03,0,,,,
712762,弘塑台新63購01,0,,,,
712763,東捷台新62購02,231710,2.06,2.28,2.02,2.28
712764,倉和台新62購02,479500,6.85,6.85,6.85,6.85
712765,家碩台新62購01,0,,,,
712766,家碩台新62購02,0,,,,
712767,順達台新64購03,0,,,,
712768,勤凱台新62購01,0,,,,
712769,營邦台新63購01,7170,1.82,1.82,1.78,1.78
712770,營邦台新65購03,195000,1.78,1.86,1.75,1.86
712771,營邦台新66購01,6080,2.06,2.06,2.01,2.01
712772,元太元大64購04,225080,0.39,0.41,0.39,0.41
712773,弘塑元大63購04,225500,0.46,0.46,0.45,0.45
712774,弘塑元大63購05,493950,0.65,0.65,0.63,0.65
712775,弘塑元大64購04,0,,,,
712776,均華元大64購04,208190,0.81,0.83,0.81,0.83
712777,威剛元大64購06,221410,0.87,0.88,0.87,0.88
712778,順達元大63購05,0,,,,
712779,順達元大63購06,0,,,,
712780,順達元大63購07,0,,,,
712781,順達元大64購10,94080,0.56,0.56,0.56,0.56
712782,順達元大64購11,1280,0.32,0.32,0.32,0.32
712783,群聯元大63購14,46060,1.22,1.22,1.19,1.2
712784,群聯元大63購15,0,,,,
712785,群聯元大63購16,0,,,,
712786,群聯元大64購15,0,,,,
712787,寶雅元大63購03,10430,0.8,0.81,0.8,0.81
712788,台星科統一6B購01,15200,0.76,0.76,0.76,0.76
712789,沛亨統一6B購01,0,,,,
712790,宜鼎統一6B購02,0,,,,
712791,倉和統一68購02,157100,3.08,3.08,2.95,2.95
712792,陽程統一6C購02,1449400,0.86,0.93,0.84,0.92
712793,新普統一66購02,0,,,,
712794,穩懋統一68購03,153440,1.37,1.37,1.37,1.37
712795,家登中信63購01,339500,0.94,0.97,0.92,0.97
712796,世禾永豐63購01,129190,0.61,0.64,0.6,0.64
712797,安葆永豐63購02,0,,,,
712798,宏捷科永豐63購01,410000,0.84,0.89,0.84,0.89
712799,倚強永豐64購01,2140,2.14,2.14,2.14,2.14
712800,倚強永豐64購02,53160,1.9,1.9,1.89,1.9
712801,倉和永豐63購02,0,,,,
712802,家登永豐63購03,0,,,,
712803,湧德永豐63購01,69040,1.2,1.22,1.2,1.22
712804,順達永豐63購04,27900,0.9,0.9,0.9,0.9
712805,群聯永豐63購03,0,,,,
712806,磐儀永豐63購01,28910,0.59,0.59,0.59,0.59
712807,鴻呈永豐63購01,0,,,,
712808,鴻呈永豐64購01,0,,,,
712809,弘塑富邦64購02,216380,0.56,0.6,0.56,0.6
712810,頎邦富邦65購02,390910,0.93,0.95,0.93,0.93
712811,雙鴻富邦65購01,0,,,,
712812,元太台新65購02,71080,0.85,0.86,0.85,0.86
712813,均華台新62購04,103360,0.68,0.68,0.68,0.68
712814,竑騰台新62購03,32770,1.32,1.41,1.32,1.41
712815,崇越電台新62購01,0,,,,
712816,博盛台新62購01,0,,,,
712817,普萊德台新62購01,0,,,,
712818,晶呈台新62購01,264000,1.88,1.91,1.78,1.91
712819,晶呈台新62購02,917000,1.14,1.15,1.07,1.15
712820,晶呈台新65購01,26810,1.5,1.51,1.45,1.45
712821,元太群益62購01,43500,0.58,0.58,0.58,0.58
712822,均華群益64購02,193530,1.55,1.58,1.54,1.54
712823,群聯群益62購04,0,,,,
712824,世紀*元大62購01,0,,,,
712825,世紀*元大62購02,0,,,,
712826,倉和元大62購01,0,,,,
712827,倉和元大62購02,448690,2.21,2.23,2.21,2.23
712828,陽程元大62購01,2755910,0.87,1.04,0.87,1.04
712829,陽程元大62購02,754540,0.85,1.01,0.85,0.99
712830,陽程元大62購03,599010,0.85,0.95,0.85,0.94
712831,陽程元大63購04,57380,0.9,1.04,0.9,1.04
712832,陽程元大65購03,127930,0.83,0.96,0.83,0.96
712833,群聯元大65購01,74220,1.16,1.16,1.11,1.14
712834,廣閎科元大62購01,481390,0.61,0.73,0.61,0.71
712835,營邦元大62購02,332120,1.55,1.63,1.5,1.5
712836,中美晶凱基66購02,74750,1.15,1.15,1.15,1.15
712837,方土昶凱基63購02,0,,,,
712838,台特化凱基65購01,0,,,,
712839,系統電凱基66購01,0,,,,
712840,威剛凱基64購04,0,,,,
712841,茂迪凱基63購01,1560,0.78,0.78,0.78,0.78
712842,博智凱基63購05,782500,2.25,2.43,2.24,2.24
712843,順達凱基63購07,218500,1.57,1.57,1.56,1.56
712844,鈊象凱基63購01,88780,1.57,1.59,1.57,1.59
712845,群聯凱基68購01,0,,,,
712846,寶雅*凱基63購02,20400,1.02,1.02,1.02,1.02
712847,千附精永豐63購01,0,,,,
712848,晶呈永豐64購02,162410,0.88,0.88,0.86,0.86
712849,群聯永豐63購05,0,,,,
712850,群聯永豐63購06,471180,1.08,1.08,1.02,1.02
712851,群聯永豐65購09,24580,1.23,1.23,1.21,1.21
712852,頎邦國泰63購04,0,,,,
712853,聖暉*富邦62購01,0,,,,
712854,大中國票63購01,97120,1.08,1.13,1.08,1.12
712855,華義*國票68購01,0,,,,
712856,越峰國票68購01,11800,0.59,0.59,0.59,0.59
712857,陽程國票64購01,0,,,,
712858,陽程國票65購01,117280,1.79,2.04,1.76,2.04
712859,陽程國票68購01,131750,2.02,2.26,2.01,2.26
712860,鏵友益國票66購01,0,,,,
712861,鏵友益國票68購01,0,,,,
712862,方土昶台新62購01,0,,,,
712863,巨漢台新65購01,27450,1.83,1.83,1.83,1.83
712864,欣銓台新65購01,70870,2.53,2.53,2.34,2.36
712865,萬泰科台新65購01,68490,2.52,2.55,2.52,2.55
712866,臺慶科台新65購01,6600,1.32,1.32,1.32,1.32
712867,元太凱基63購02,9670,0.58,0.61,0.57,0.6
712868,世紀*凱基63購02,0,,,,
712869,均華凱基63購01,196930,1.18,1.18,1.1,1.12
712870,群聯凱基64購07,0,,,,
712871,頎邦凱基63購04,171400,2.22,2.26,2.2,2.26
712872,廣閎科凱基63購02,219130,1.54,1.81,1.46,1.81
712873,雙鴻凱基67購01,45600,4.56,4.56,4.56,4.56
712874,中美晶群益62購06,286510,1.4,1.5,1.4,1.5
712875,方土昶群益63購03,0,,,,
712876,世紀*群益63購03,0,,,,
712877,由田群益63購01,253840,0.85,1.04,0.85,0.98
712878,威剛群益62購06,0,,,,
712879,晶呈群益64購01,205390,0.89,0.89,0.83,0.87
712880,華電網群益62購01,0,,,,
712881,鈊象群益62購02,179490,1.99,2.23,1.98,2.03
712882,新應材群益62購03,85260,1.74,1.74,1.74,1.74
712883,群聯群益62購05,5550,1.11,1.11,1.11,1.11
712884,雙鴻群益62購05,32580,3.1,3.4,3.1,3.4
712885,寶雅*群益62購01,0,,,,
712886,中美晶永豐63購01,86560,1.54,1.55,1.54,1.55
712887,方土昶永豐64購01,0,,,,
712888,由田永豐63購01,224620,1.08,1.23,1.08,1.14
712889,群聯永豐63購07,0,,,,
712890,廣運永豐63購01,0,,,,
712891,穩懋永豐63購01,36520,3.32,3.32,3.32,3.32
712892,方土昶國票67購01,0,,,,
712893,世紀*國票67購01,130670,1.52,1.57,1.48,1.57
712894,台半國票66購01,0,,,,
712895,由田國票65購01,0,,,,
712896,利機國票63購01,0,,,,
712897,邑錡國票64購01,0,,,,
712898,崇越電國票68購01,88400,0.46,0.47,0.46,0.47
712899,博盛國票66購01,0,,,,
712900,富強鑫國票67購01,0,,,,
712901,漢達國票66購01,0,,,,
712902,寶雅國票66購01,590,0.59,0.59,0.59,0.59
712903,中美晶元大62購01,464520,0.98,0.98,0.98,0.98
712904,方土昶元大62購01,0,,,,
712905,均華元大68購01,217960,0.83,0.86,0.83,0.84
712906,宜鼎元大65購02,28000,0.8,0.8,0.8,0.8
712907,建榮元大62購01,10600,1.06,1.06,1.06,1.06
712908,群聯元大65購02,210580,0.43,0.43,0.42,0.42
712909,寶雅元大62購01,18270,0.87,0.87,0.87,0.87
712910,由田統一68購02,26860,0.54,0.55,0.54,0.55
712911,均華統一6A購01,156940,0.59,0.59,0.59,0.59
712912,邑錡統一6C購01,0,,,,
712913,晶呈統一68購01,0,,,,
712914,晶呈統一6C購01,295600,0.81,0.81,0.8,0.8
712915,晶呈統一6C購02,73280,0.83,0.83,0.81,0.81
712916,穩懋富邦65購01,293630,1.22,1.23,1.16,1.23
712917,寶雅富邦64購01,0,,,,
712918,寶雅富邦65購01,940,0.47,0.47,0.47,0.47
712919,方土昶元大62購02,0,,,,
712920,均華元大68購02,79200,1.04,1.05,1.04,1.04
712921,宜鼎元大65購03,243610,0.87,0.88,0.85,0.88
712922,倉和元大62購03,0,,,,
712923,群聯元大68購03,0,,,,
712924,臺慶科元大62購01,0,,,,
712925,川寶國票65購02,79350,0.81,0.86,0.81,0.85
712926,世紀*國票69購01,0,,,,
712927,宜特國票67購01,0,,,,
712928,倉和國票69購01,0,,,,
712929,倉和國票6A購01,0,,,,
712930,倉和國票6C購01,79300,2.67,2.68,2.6,2.6
712931,晟德國票65購01,0,,,,
712932,崇越電國票67購01,0,,,,
712933,華景電國票68購01,0,,,,
712934,群聯中信62購03,113400,0.9,0.9,0.9,0.9
712935,雙鴻中信62購01,38880,2.12,2.2,2.12,2.2
712936,桓達永豐63購01,0,,,,
712937,崇越電永豐64購01,0,,,,
712938,雙鴻永豐63購05,22800,2.85,2.85,2.85,2.85
712939,穩懋永豐63購02,154220,1.67,1.73,1.64,1.73
712940,天良台新62購01,94810,0.19,0.19,0.19,0.19
712941,崇越電台新62購02,0,,,,
712942,崴寶台新62購01,40200,1.34,1.34,1.34,1.34
712943,新門台新62購01,461350,0.86,0.9,0.84,0.9
712944,瑞耘台新62購01,5220,0.87,0.87,0.87,0.87
712945,中美晶凱基64購05,79730,1.51,1.51,1.48,1.48
712946,方土昶凱基63購03,0,,,,
712947,台半凱基64購01,0,,,,
712948,弘塑凱基68購01,469600,1.47,1.47,1.44,1.44
712949,均華凱基68購02,162980,1.18,1.2,1.18,1.18
712950,宜鼎凱基63購06,880,0.88,0.88,0.88,0.88
712951,威剛凱基68購01,0,,,,
712952,崇越電凱基63購01,0,,,,
712953,博盛凱基66購01,100380,1.06,1.08,1.01,1.01
712954,鈊象凱基63購02,37260,2.07,2.07,2.07,2.07
712955,新應材凱基63購07,46000,1.48,1.54,1.48,1.54
712956,群聯凱基66購05,207480,1.76,1.76,1.65,1.69
712957,寶雅*凱基63購03,0,,,,
712958,均華群益62購01,179430,0.71,0.76,0.71,0.71
712959,群聯群益62購06,117540,1.27,1.27,1.15,1.19
712960,雙鴻群益62購06,0,,,,
712961,元太國泰63購01,293530,1.09,1.14,1.09,1.14
712962,倉和國泰63購02,0,,,,
712963,台特化富邦62購01,500,0.5,0.5,0.5,0.5
712964,新應材富邦64購03,0,,,,
712965,安葆台新62購01,250310,2.91,2.95,2.74,2.74
712966,彩富台新62購01,0,,,,
712967,台半凱基63購02,177710,1.02,1.05,1.0,1.0
712968,安葆凱基63購01,624830,2.87,3.35,2.85,3.05
712969,矽科凱基63購01,0,,,,
712970,耕興凱基65購01,4550,0.65,0.65,0.65,0.65
712971,崇越電凱基68購01,0,,,,
712972,群聯凱基63購11,0,,,,
712973,群聯凱基63購12,39100,2.64,2.64,2.59,2.59
712974,群聯凱基64購08,0,,,,
712975,臺慶科凱基63購04,0,,,,
712976,營邦凱基63購03,0,,,,
712977,雙鴻凱基63購11,328600,7.8,8.6,7.8,8.6
712978,穩懋凱基65購01,29120,3.64,3.64,3.64,3.64
712979,寶雅*凱基63購04,0,,,,
712980,鑫聯凱基63購01,0,,,,
712981,千如國票67購01,0,,,,
712982,世紀*國票65購01,109210,0.89,0.92,0.86,0.92
712983,世紀*國票6B購01,56600,1.06,1.11,1.06,1.1
712984,安葆國票65購01,94390,1.56,1.66,1.56,1.66
712985,松瑞藥國票66購01,0,,,,
712986,宸曜國票63購01,126000,1.26,1.26,1.26,1.26
712987,博智國票64購01,0,,,,
712988,新應材國票63購02,14640,1.22,1.22,1.22,1.22
712989,群翊國票65購01,0,,,,
712990,世紀*元大62購03,0,,,,
712991,世紀*元大62購04,0,,,,
712992,世紀*元大68購01,0,,,,
712993,威剛元大65購12,1850,1.85,1.85,1.85,1.85
712994,崇越電元大62購02,0,,,,
712995,順達元大68購01,0,,,,
712996,群聯元大68購04,73240,1.69,1.69,1.63,1.67
712997,中美晶群益62購07,79970,2.04,2.12,2.04,2.12
712998,弘塑群益62購03,214050,2.25,2.28,2.25,2.25
712999,弘塑群益68購01,170110,1.78,1.8,1.77,1.8
713000,良維群益64購01,481770,2.64,2.86,2.64,2.73
713001,宜特群益62購03,149860,0.86,0.94,0.86,0.94
713002,宜鼎群益62購02,46800,1.3,1.3,1.3,1.3
713003,威剛群益62購07,0,,,,
713004,茂綸群益63購01,26200,1.02,1.02,1.0,1.0
713005,倚強群益64購01,38200,9.3,9.7,9.3,9.7
713006,原相群益62購03,80650,1.8,1.8,1.75,1.75
713007,能率群益62購01,0,,,,
713008,高技群益62購01,0,,,,
713009,崇越電群益64購01,0,,,,
713010,博智群益62購03,339260,3.95,4.21,3.8,4.21
713011,閎康群益62購01,0,,,,
713012,順達群益62購02,0,,,,
713013,鈊象群益62購03,132110,1.9,1.98,1.9,1.98
713014,新應材群益62購04,165660,1.6,1.71,1.6,1.71
713015,群聯群益62購07,7400,1.48,1.48,1.48,1.48
713016,榮剛群益68購01,0,,,,
713017,漢達群益62購01,0,,,,
713018,臺慶科群益65購01,0,,,,
713019,雙鴻群益62購07,0,,,,
713020,穩懋群益63購03,649970,1.14,1.19,1.05,1.19
713021,穩懋群益64購04,0,,,,
713022,台星科統一68購01,72240,0.56,0.56,0.56,0.56
713023,良維中信62購01,191360,0.99,1.1,0.99,1.02
713024,宏觀永豐63購01,156020,1.28,1.36,1.28,1.36
713025,宜鼎永豐62購01,0,,,,
713026,宜鼎永豐63購06,0,,,,
713027,朋程永豐63購01,54880,1.11,1.15,1.11,1.15
713028,晶焱永豐63購01,0,,,,
713029,新應材永豐64購03,0,,,,
713030,立敦台新65購01,6640,1.66,1.66,1.66,1.66
713031,宜鼎台新62購05,93600,1.85,1.92,1.82,1.92
713032,元太群益62購02,0,,,,
713033,群聯群益62購08,7300,1.46,1.46,1.46,1.46
713034,廣運群益62購01,0,,,,
713035,雙鴻群益62購08,0,,,,
713036,台星科元大62購02,420920,1.34,1.41,1.34,1.41
713037,台星科元大62購03,93500,0.62,0.67,0.62,0.67
713038,安葆元大62購01,508720,2.36,2.63,2.36,2.44
713039,安葆元大62購02,43280,1.38,1.59,1.38,1.59
713040,竑騰元大62購01,0,,,,
713041,雙鴻元大62購02,0,,,,
713042,雙鴻元大62購03,0,,,,
713043,雙鴻元大62購04,0,,,,
713044,中美晶凱基63購07,698430,2.49,2.65,2.49,2.65
713045,弘塑凱基63購06,0,,,,
713046,宜特凱基63購02,107590,1.09,1.12,1.09,1.12
713047,宜鼎凱基63購07,0,,,,
713048,威剛凱基65購02,0,,,,
713049,原相凱基63購01,0,,,,
713050,能率凱基63購01,0,,,,
713051,順達凱基63購08,15000,1.5,1.5,1.5,1.5
713052,鈊象凱基63購03,0,,,,
713053,新應材凱基63購08,4830,1.61,1.61,1.61,1.61
713054,群聯凱基63購13,32760,2.52,2.52,2.52,2.52
713055,群聯凱基63購14,63570,1.84,1.87,1.8,1.87
713056,榮剛凱基68購01,0,,,,
713057,大江國票68購01,0,,,,
713058,元太國票65購01,0,,,,
713059,安葆國票63購01,83270,1.27,1.32,1.25,1.29
713060,信立國票63購01,4860,1.62,1.62,1.62,1.62
713061,群聯國票63購01,335410,0.95,0.97,0.95,0.97
713062,聖暉*國票65購02,10000,1.0,1.0,1.0,1.0
713063,廣運國票65購01,0,,,,
713064,世界永豐63購01,71020,2.15,2.15,2.07,2.07
713065,世界永豐64購02,51110,2.25,2.25,2.17,2.17
713066,安葆永豐64購01,374550,2.32,2.53,2.32,2.47
713067,威剛永豐63購01,0,,,,
713068,威剛永豐63購02,0,,,,
713069,穩懋永豐63購03,0,,,,
713070,元太富邦64購02,157560,0.46,0.47,0.46,0.47
713071,宜特富邦64購01,189610,0.75,0.81,0.75,0.81
713072,威剛富邦68購01,610,0.61,0.61,0.61,0.61
713073,高技富邦64購01,18580,0.88,0.89,0.88,0.89
713074,博智富邦63購03,187900,0.83,0.84,0.81,0.81
713075,智通*富邦64購03,0,,,,
713076,雙鴻富邦64購02,0,,,,
713077,寶雅*富邦64購02,34600,0.55,0.55,0.54,0.54
713078,建榮統一6B購01,10600,0.53,0.53,0.53,0.53
713079,巨有台新62購01,16100,8.05,8.05,8.05,8.05
713080,巨有台新62購02,0,,,,
713081,竑騰台新62購04,0,,,,
713082,高技台新62購01,316110,1.75,1.82,1.75,1.82
713083,群翊台新62購01,1740,1.74,1.74,1.74,1.74
713084,群翊台新62購02,0,,,,
713085,榮剛台新65購01,0,,,,
713086,穩懋台新62購02,81950,6.05,6.5,6.05,6.5
713087,穩懋台新62購03,535670,4.55,4.66,4.15,4.6
713088,大江凱基65購01,23560,0.62,0.62,0.62,0.62
713089,元太凱基63購03,91800,0.93,0.95,0.93,0.95
713090,台星科凱基63購01,336860,1.43,1.43,1.35,1.4
713091,正德凱基63購01,0,,,,
713092,威剛凱基63購08,0,,,,
713093,威剛凱基63購09,0,,,,
713094,威剛凱基63購10,0,,,,
713095,威剛凱基63購11,10680,1.78,1.78,1.78,1.78
713096,竑騰凱基63購01,394660,0.62,0.73,0.62,0.72
713097,群聯凱基63購15,0,,,,
713098,群聯凱基63購16,317320,2.34,2.42,2.34,2.42
713099,聖暉*凱基63購01,120960,0.76,0.81,0.76,0.81
713100,廣運凱基65購01,0,,,,
713101,雙鴻凱基68購01,8050,8.05,8.05,8.05,8.05
713102,高技國泰63購01,1590,1.59,1.59,1.59,1.59
713103,群翊國泰63購01,0,,,,
713104,大綜國票63購01,162820,2.06,2.12,2.0,2.0
713105,大綜國票64購01,13600,1.54,1.6,1.46,1.46
713106,宏捷科國票66購01,0,,,,
713107,竑騰國票64購01,0,,,,
713108,群翊國票66購01,0,,,,
713109,聖暉*富邦62購02,140730,0.66,0.67,0.66,0.67
713110,台半中信62購01,16820,0.73,0.74,0.73,0.74
713111,宜鼎中信62購02,7890,0.41,0.42,0.41,0.42
713112,威剛中信62購01,0,,,,
713113,大綜永豐63購01,243790,1.22,1.27,1.2,1.2
713114,宏碩永豐65購01,570,0.57,0.57,0.57,0.57
713115,威剛永豐63購03,0,,,,
713116,竑騰永豐63購02,460,0.46,0.46,0.46,0.46
713117,頎邦永豐64購02,16590,2.37,2.37,2.37,2.37
713118,榮剛永豐63購02,5330,0.77,0.77,0.75,0.77
713119,廣運永豐64購01,0,,,,
713120,中美晶群益62購08,7600,1.52,1.52,1.52,1.52
713121,元太群益62購03,49700,0.7,0.7,0.7,0.7
713122,台半群益62購04,356850,2.78,2.91,2.76,2.91
713123,系統電群益64購01,2660,1.3,1.36,1.3,1.36
713124,宜鼎群益64購01,0,,,,
713125,欣銓群益62購01,45180,4.14,4.14,3.78,3.78
713126,青雲群益64購01,16400,1.64,1.64,1.64,1.64
713127,威剛群益62購08,17400,1.45,1.45,1.45,1.45
713128,博士旺群益62購01,0,,,,
713129,順達群益62購03,0,,,,
713130,鈊象群益62購04,357650,1.64,1.73,1.64,1.73
713131,新應材群益62購05,0,,,,
713132,群翊群益62購01,21190,1.39,1.42,1.39,1.42
713133,群聯群益62購09,14360,1.3,1.31,1.3,1.31
713134,鉅橡群益62購01,0,,,,
713135,頎邦群益63購01,289180,4.3,4.3,4.21,4.26
713136,臺慶科群益62購01,73920,2.64,2.64,2.64,2.64
713137,廣閎科群益62購01,807460,3.26,4.06,3.26,4.06
713138,大綜元大62購01,579610,1.43,1.56,1.43,1.56
713139,中美晶元大62購02,953380,1.12,1.18,1.12,1.18
713140,弘塑元大62購02,93840,1.02,1.02,1.02,1.02
713141,均華元大62購01,277520,0.71,0.71,0.7,0.7
713142,沛亨元大62購01,279440,1.37,1.37,1.36,1.36
713143,宜鼎元大62購03,204590,0.41,0.41,0.41,0.41
713144,威剛元大65購13,1410,1.41,1.41,1.41,1.41
713145,高技元大62購01,0,,,,
713146,群聯元大62購05,0,,,,
713147,群聯元大62購06,0,,,,
713148,中美晶凱基62購01,359840,2.03,2.18,2.03,2.18
713149,台半凱基66購01,19100,1.91,1.91,1.91,1.91
713150,弘塑凱基65購01,193520,2.83,2.83,2.78,2.78
713151,均華凱基62購01,41560,1.36,1.36,1.33,1.33
713152,系統電凱基64購03,80120,1.37,1.56,1.37,1.56
713153,宜鼎凱基64購03,14000,0.7,0.7,0.7,0.7
713154,威剛凱基62購01,0,,,,
713155,高技凱基65購01,0,,,,
713156,鈊象凱基62購01,435890,2.92,3.02,2.91,2.99
713157,新應材凱基62購01,0,,,,
713158,群聯凱基62購02,37500,1.5,1.5,1.5,1.5
713159,頎邦凱基68購01,0,,,,
713160,廣閎科凱基62購01,286970,3.27,3.85,3.18,3.73
713161,磐亞凱基62購01,13440,0.96,0.96,0.96,0.96
713162,磐亞凱基62購02,0,,,,
713163,磐亞凱基62購03,0,,,,
713164,磐亞凱基62購04,0,,,,
713165,磐亞凱基62購05,5520,1.38,1.38,1.38,1.38
713166,環球晶凱基62購01,15320,0.84,0.86,0.84,0.86
713167,環球晶凱基62購02,0,,,,
713168,環球晶凱基62購03,79160,0.76,0.77,0.71,0.73
713169,環球晶凱基62購04,504400,0.99,0.99,0.95,0.98
713170,環球晶凱基62購05,0,,,,
713171,環球晶凱基64購01,0,,,,
713172,環球晶凱基64購02,141750,0.64,0.66,0.64,0.66
713173,環球晶凱基64購03,0,,,,
713174,環球晶凱基64購04,0,,,,
713175,雙鴻凱基68購02,4590,4.59,4.59,4.59,4.59
713176,宏碩台新62購01,0,,,,
713177,順達台新62購02,0,,,,
713178,環球晶台新62購03,106890,1.11,1.11,1.05,1.09
713179,環球晶台新62購04,25450,0.87,0.87,0.82,0.82
713180,環球晶台新62購05,1364740,0.68,0.7,0.64,0.66
713181,環球晶台新62購06,0,,,,
713182,環球晶台新68購01,10850,2.17,2.17,2.17,2.17
713183,環球晶台新68購02,0,,,,
713184,元太群益62購04,0,,,,
713185,宜鼎群益62購03,156280,1.16,1.18,1.16,1.18
713186,環球晶群益62購02,44500,0.89,0.89,0.89,0.89
713187,環球晶群益62購03,760,0.76,0.76,0.76,0.76
713188,環球晶群益62購04,0,,,,
713189,環球晶群益63購01,49850,1.1,1.14,1.09,1.1
713190,環球晶統一66購01,526460,0.68,0.71,0.68,0.68
713191,環球晶統一6A購01,6500,0.65,0.65,0.65,0.65
713192,環球晶統一6A購02,0,,,,
713193,環球晶統一6C購01,53860,0.48,0.49,0.48,0.49
713194,環球晶統一78購01,104800,0.56,0.56,0.55,0.55
713195,雙鴻統一6A購03,0,,,,
713196,威剛國泰63購02,0,,,,
713197,環球晶國泰63購01,94860,1.18,1.18,1.16,1.16
713198,環球晶國泰64購01,201690,1.19,1.19,1.14,1.14
713199,環球晶國泰67購01,90720,1.26,1.26,1.26,1.26
713200,良維富邦64購01,3180,1.06,1.06,1.06,1.06
713201,群翊富邦65購01,0,,,,
713202,環球晶富邦62購01,1620,0.54,0.54,0.54,0.54
713203,環球晶富邦62購02,198110,0.43,0.44,0.4,0.41
713204,環球晶富邦65購01,111560,0.5,0.5,0.48,0.48
713205,環球晶中信62購01,91340,0.35,0.35,0.33,0.33
713206,環球晶中信62購02,6360,0.53,0.53,0.53,0.53
713207,磐亞永豐63購01,0,,,,
713208,環球晶永豐63購01,39630,0.98,1.01,0.98,0.98
713209,環球晶永豐63購02,691540,0.81,0.81,0.8,0.8
713210,環球晶永豐63購03,0,,,,
713211,環球晶永豐63購04,0,,,,
713212,環球晶永豐63購05,1362590,0.82,0.82,0.76,0.79
713213,環球晶永豐63購06,79310,1.03,1.03,1.03,1.03
713214,環球晶永豐65購01,218300,1.18,1.18,1.18,1.18
713215,環球晶永豐65購02,0,,,,
713216,環球晶永豐65購03,113510,1.39,1.39,1.36,1.36
713217,環球晶永豐68購01,37920,2.37,2.37,2.37,2.37
713218,環球晶永豐68購02,146040,1.89,1.92,1.86,1.86
713219,環球晶永豐72購01,387500,3.17,3.17,3.07,3.07
713220,雙鴻永豐63購06,0,,,,
713221,雙鴻永豐64購06,0,,,,
713222,中美晶國票63購02,0,,,,
713223,均華國票65購01,15440,1.93,1.93,1.93,1.93
713224,沛亨國票68購02,108000,1.5,1.5,1.5,1.5
713225,威剛國票64購02,0,,,,
713226,威聯通國票66購01,0,,,,
713227,博盛國票64購01,0,,,,
713228,磐亞國票66購01,74000,0.73,0.75,0.73,0.75
713229,環球晶國票64購01,2640,0.88,0.88,0.88,0.88
713230,雙鴻國票63購02,0,,,,
713231,中美晶元大62購03,0,,,,
713232,均華元大62購02,161840,0.88,0.89,0.88,0.88
713233,均華元大66購01,174590,1.05,1.06,1.05,1.05
713234,均華元大67購01,250000,0.83,0.84,0.83,0.83
713235,威剛元大65購14,1920,0.96,0.96,0.96,0.96
713236,群聯元大62購07,43200,1.44,1.44,1.44,1.44
713237,群聯元大62購08,114630,1.07,1.09,1.07,1.09
713238,磐亞元大62購01,55000,0.55,0.55,0.55,0.55
713239,營邦元大65購01,0,,,,
713240,環球晶元大62購01,239440,0.81,0.83,0.81,0.83
713241,環球晶元大62購02,31470,0.77,0.79,0.77,0.78
713242,環球晶元大62購03,160330,0.45,0.46,0.45,0.46
713243,環球晶元大65購03,226860,0.97,0.97,0.95,0.95
713244,環球晶元大68購09,128480,1.17,1.22,1.17,1.2
713245,元太凱基63購04,133720,1.54,1.6,1.54,1.6
713246,威剛凱基65購03,0,,,,
713247,群聯凱基63購17,0,,,,
713248,營邦凱基63購04,455240,2.82,2.87,2.76,2.82
713249,雙鴻凱基64購03,137470,4.96,5.7,4.96,5.7
713250,聖暉*台新63購01,31130,2.14,2.23,2.14,2.23
713251,璟德台新65購01,165860,1.15,1.28,1.15,1.15
713252,優群台新65購01,33000,1.37,1.38,1.37,1.38
713253,雙鴻台新63購02,0,,,,
713254,雙鴻台新63購03,0,,,,
713255,中美晶群益63購04,144550,3.7,3.75,3.7,3.7
713256,弘塑群益63購04,311890,3.41,3.67,3.41,3.67
713257,宜鼎群益63購03,0,,,,
713258,威剛群益63購03,0,,,,
713259,順達群益63購03,0,,,,
713260,鈊象群益63購02,383340,2.42,2.71,2.42,2.71
713261,新應材群益64購01,0,,,,
713262,群聯群益63購04,6850,1.37,1.37,1.37,1.37
713263,雙鴻群益63購05,69500,3.47,3.48,3.47,3.48
713264,宜鼎中信68購01,21620,0.51,0.53,0.51,0.53
713265,群聯中信63購02,670,0.67,0.67,0.67,0.67
713266,穩懋中信63購01,77110,1.21,1.21,1.2,1.2
713267,穩懋中信68購02,115610,1.11,1.12,1.04,1.11
713268,智通*永豐63購02,0,,,,
713269,雙鴻永豐65購03,3377000,7.55,8.9,7.55,8.6
713270,雙鴻永豐65購04,0,,,,
713271,譜瑞永豐63購01,0,,,,
713272,中美晶元大63購05,543260,1.29,1.33,1.27,1.32
713273,中美晶元大63購06,0,,,,
713274,中美晶元大63購07,0,,,,
713275,宜鼎元大65購04,54380,1.18,1.19,1.18,1.18
713276,宜鼎元大66購01,0,,,,
713277,威剛元大63購05,1350,1.35,1.35,1.35,1.35
713278,威剛元大65購15,0,,,,
713279,高技元大63購03,112510,1.31,1.37,1.31,1.37
713280,高技元大63購04,79350,1.49,1.56,1.49,1.56
713281,順達元大65購01,12530,1.79,1.79,1.79,1.79
713282,鈊象元大63購10,382130,1.5,1.68,1.5,1.68
713283,群聯元大63購17,7630,1.09,1.09,1.09,1.09
713284,群聯元大63購18,74490,1.11,1.11,1.04,1.06
713285,營邦元大65購02,459030,2.78,2.88,2.73,2.79
713286,營邦元大66購01,1131550,2.37,2.45,2.3,2.34
713287,弘塑國票63購02,0,,,,
713288,正德國票63購01,0,,,,
713289,正德國票64購01,0,,,,
713290,鈊象國票66購01,480710,1.1,1.21,1.1,1.16
713291,群翊國票68購01,0,,,,
713292,群聯國票68購01,0,,,,
713293,聖暉*國票68購01,10080,1.44,1.44,1.44,1.44
713294,頎邦國票64購04,2800330,1.46,1.48,1.45,1.45
713295,營邦國票63購01,0,,,,
713296,營邦國票64購01,208040,3.42,3.52,3.33,3.52
713297,環球晶國票63購01,82440,1.59,1.64,1.59,1.61
713298,晶呈富邦64購01,314490,0.8,0.8,0.74,0.75
713299,廣閎科富邦63購01,517050,0.76,0.93,0.75,0.92
713300,穩懋富邦63購02,0,,,,
713301,天良國泰63購01,5420,0.28,0.29,0.28,0.29
713302,晶呈國泰63購01,77520,1.62,1.62,1.6,1.62
713303,晶呈國泰63購02,114210,1.41,1.41,1.41,1.41
713304,磐亞國泰63購01,27640,0.72,0.74,0.72,0.74
713305,穩懋國泰64購02,438350,2.86,2.95,2.8,2.95
713306,穩懋國泰65購01,188300,1.72,1.75,1.6,1.75
713307,環球晶統一67購01,16900,0.57,0.57,0.56,0.56
713308,千附精凱基65購01,0,,,,
713309,中美晶凱基63購08,37400,2.2,2.2,2.2,2.2
713310,台半凱基65購01,89610,1.03,1.03,1.03,1.03
713311,弘塑凱基63購07,0,,,,
713312,良維凱基63購02,106580,3.62,3.82,3.56,3.82
713313,高技凱基63購02,0,,,,
713314,順達凱基63購09,38800,3.88,3.88,3.88,3.88
713315,鈊象凱基63購04,332030,2.87,3.45,2.87,3.31
713316,新應材凱基65購01,6630,2.21,2.21,2.21,2.21
713317,群翊凱基63購01,331890,1.66,1.74,1.66,1.73
713318,頎邦凱基63購05,0,,,,
713319,頎邦凱基63購06,185850,1.54,1.54,1.45,1.49
713320,精材凱基63購03,211500,4.08,4.25,4.07,4.25
713321,精材凱基63購04,64980,4.63,4.7,4.62,4.62
713322,精材凱基63購05,0,,,,
713323,精材凱基63購06,0,,,,
713324,環球晶凱基63購01,1075570,1.61,1.73,1.6,1.7
713325,高技台新63購01,0,,,,
713326,華宏台新63購01,209030,1.0,1.03,0.99,0.99
713327,華景電台新63購01,3450,1.15,1.15,1.15,1.15
713328,華景電台新63購02,0,,,,
713329,順達台新63購01,0,,,,
713330,頎邦台新65購01,2684760,2.72,2.72,2.61,2.64
713331,精材台新63購01,44650,2.29,2.29,2.15,2.15
713332,精材台新63購02,4880,2.44,2.44,2.44,2.44
713333,雙鴻台新65購03,1014700,17.5,19.9,16.9,19.6
713334,譜瑞台新65購01,120960,1.92,1.92,1.92,1.92
713335,千附精元大63購02,21300,0.71,0.71,0.71,0.71
713336,元太元大63購09,176180,0.47,0.48,0.47,0.48
713337,元太元大65購05,171810,0.69,0.69,0.69,0.69
713338,威剛元大63購06,6900,0.46,0.46,0.46,0.46
713339,高技元大63購05,29400,1.32,1.35,1.32,1.35
713340,鈊象元大63購11,150300,1.56,1.68,1.56,1.68
713341,群聯元大63購19,0,,,,
713342,精材元大65購01,863550,1.51,1.53,1.48,1.5
713343,環球晶元大63購01,36100,1.4,1.41,1.37,1.37
713344,環球晶元大63購02,37710,1.26,1.27,1.23,1.25
713345,環球晶元大63購03,51360,0.89,0.92,0.89,0.9
713346,環球晶元大65購04,103360,0.86,0.86,0.84,0.84
713347,環球晶元大68購10,47490,0.69,0.71,0.69,0.71
713348,雙鴻元大63購11,0,,,,
713349,雙鴻元大63購12,0,,,,
713350,雙鴻元大63購13,0,,,,
713351,雙鴻元大65購01,0,,,,
713352,譜瑞元大63購05,151000,1.26,1.3,1.26,1.3
713353,弘塑中信65購01,27440,0.56,0.56,0.56,0.56
713354,博智中信65購01,1595110,0.57,0.58,0.57,0.57
713355,精材中信68購01,36720,1.12,1.16,1.12,1.16
713356,千附精永豐63購02,0,,,,
713357,台半永豐63購03,0,,,,
713358,弘塑永豐63購03,20880,1.16,1.16,1.16,1.16
713359,弘塑永豐68購01,0,,,,
713360,利機永豐63購01,0,,,,
713361,均華永豐63購03,60970,0.67,0.67,0.67,0.67
713362,原相永豐63購01,0,,,,
713363,家登永豐63購04,97990,2.39,2.39,2.39,2.39
713364,高技永豐65購01,0,,,,
713365,崇越電永豐65購01,0,,,,
713366,博智永豐63購02,21660,1.14,1.14,1.14,1.14
713367,華宏永豐63購01,0,,,,
713368,閎康永豐63購01,0,,,,
713369,新應材永豐66購01,108040,0.73,0.73,0.73,0.73
713370,頎邦永豐63購03,56780,1.54,1.54,1.53,1.53
713371,頎邦永豐63購04,90240,1.14,1.15,1.14,1.14
713372,精材永豐63購03,62150,2.25,2.32,2.25,2.32
713373,精材永豐63購04,0,,,,
713374,精材永豐68購01,0,,,,
713375,精材永豐68購02,111400,3.75,3.75,3.69,3.69
713376,穩懋永豐63購04,0,,,,
713377,中美晶群益63購05,1067220,3.01,3.16,3.01,3.16
713378,世界群益63購02,5950,1.19,1.19,1.19,1.19
713379,台半群益63購02,0,,,,
713380,弘塑群益63購05,32780,0.78,0.82,0.78,0.82
713381,均華群益66購01,109900,3.4,3.45,3.4,3.45
713382,威剛群益63購04,0,,,,
713383,威剛群益63購05,0,,,,
713384,博盛群益63購01,171080,1.27,1.27,1.24,1.24
713385,鈊象群益63購03,88710,2.5,2.5,2.41,2.41
713386,新應材群益63購01,79500,0.53,0.53,0.53,0.53
713387,群聯群益63購05,47450,2.2,2.2,2.13,2.13
713388,群聯群益63購06,13400,0.9,0.9,0.89,0.89
713389,精材群益63購04,102890,3.79,3.79,3.45,3.45
713390,雙鴻群益63購06,0,,,,
713391,雙鴻群益66購01,0,,,,
713392,穩懋群益65購01,348020,1.6,1.63,1.47,1.63
713393,元太國票63購01,0,,,,
713394,世界國票65購01,0,,,,
713395,台半國票68購01,0,,,,
713396,沛亨國票63購01,0,,,,
713397,良維國票69購01,0,,,,
713398,宜特國票65購01,0,,,,
713399,杰力國票65購02,99270,0.83,0.85,0.83,0.85
713400,長科*國票63購01,0,,,,
713401,茂達國票63購01,16400,0.82,0.82,0.82,0.82
713402,晶呈國票63購01,0,,,,
713403,順達國票65購03,0,,,,
713404,萬泰科國票63購01,1600,0.8,0.8,0.8,0.8
713405,鉅橡國票65購01,0,,,,
713406,精材國票65購03,0,,,,
713407,環球晶國票63購02,155510,1.56,1.56,1.47,1.52
713408,譜瑞國票63購01,0,,,,
713409,頎邦國泰63購05,304260,1.91,1.92,1.86,1.86
713410,雙鴻國泰63購03,0,,,,
713411,雙鴻國泰63購04,84200,4.21,4.21,4.21,4.21
713412,均華統一67購01,145750,0.55,0.55,0.55,0.55
713413,東捷統一68購02,663040,1.2,1.3,1.2,1.24
713414,精材統一66購02,0,,,,
713415,精材統一67購03,29000,1.16,1.16,1.16,1.16
713416,精材統一6C購03,163330,1.1,1.1,1.07,1.07
713417,雙鴻統一65購03,72530,1.64,1.9,1.64,1.9
713418,穩懋統一65購03,439800,1.01,1.03,0.94,1.03
713419,弘塑富邦63購03,162800,0.74,0.74,0.74,0.74
713420,群聯富邦65購01,97180,1.02,1.02,0.96,0.96
713421,群聯富邦65購02,54770,0.94,0.94,0.9,0.9
713422,精材富邦65購01,38500,1.56,1.56,1.53,1.53
713423,精材富邦68購01,57920,1.59,1.6,1.51,1.52
713424,廣閎科富邦63購02,575560,0.87,1.01,0.81,1.0
713425,茂綸國票68購01,87870,0.87,0.87,0.87,0.87
713426,鴻呈國票68購01,0,,,,
713427,元太凱基65購02,97980,1.38,1.38,1.38,1.38
713428,均華凱基65購01,65500,1.31,1.31,1.31,1.31
713429,杰力凱基65購01,42900,0.93,0.96,0.93,0.96
713430,威剛凱基63購12,139200,1.74,1.74,1.74,1.74
713431,晶呈凱基63購01,561380,1.88,1.99,1.85,1.99
713432,群聯凱基68購02,0,,,,
713433,雙鴻凱基63購12,0,,,,
713434,穩懋凱基63購09,321010,2.08,2.3,2.04,2.3
713435,譜瑞凱基63購02,17240,1.37,1.45,1.37,1.45
713436,譜瑞凱基63購03,0,,,,
713437,譜瑞凱基63購04,0,,,,
713438,譜瑞凱基65購01,0,,,,
713439,譜瑞凱基65購02,0,,,,
713440,久元台新63購01,0,,,,
713441,均華台新63購02,94790,0.89,0.92,0.89,0.92
713442,宜鼎台新63購02,1650,1.65,1.65,1.65,1.65
713443,威剛台新63購03,0,,,,
713444,威剛台新63購04,0,,,,
713445,茂綸台新63購01,30140,1.69,1.69,1.67,1.67
713446,倚強台新63購01,51120,2.13,2.13,2.13,2.13
713447,群聯台新63購02,72350,1.66,1.68,1.61,1.61
713448,群聯台新63購03,4830,1.61,1.61,1.61,1.61
713449,群聯台新63購04,62520,1.03,1.03,0.94,0.94
713450,群聯台新68購02,4060,2.03,2.03,2.03,2.03
713451,頎邦台新63購01,54370,2.11,2.12,2.04,2.08
713452,鴻呈台新63購01,0,,,,
713453,穩懋台新63購02,1457000,2.3,2.3,2.06,2.28
713454,穩懋台新65購03,0,,,,
713455,高技中信65購01,59290,0.77,0.77,0.77,0.77
713456,崇越電中信63購01,0,,,,
713457,群聯中信68購01,28410,0.46,0.46,0.45,0.45
713458,雙鴻中信68購01,791180,1.82,2.11,1.82,2.11
713459,穩懋中信68購03,0,,,,
713460,互動永豐63購01,0,,,,
713461,均華永豐63購04,0,,,,
713462,沛亨永豐63購01,138500,2.86,2.86,2.68,2.77
713463,良維永豐63購02,32600,1.26,1.26,1.25,1.25
713464,宜鼎永豐63購07,0,,,,
713465,順達永豐63購05,0,,,,
713466,新復興永豐63購01,0,,,,
713467,新應材永豐66購02,50130,0.83,0.85,0.82,0.85
713468,環球晶永豐63購07,114170,1.3,1.3,1.29,1.29
713469,環球晶永豐63購08,74150,1.19,1.19,1.15,1.17
713470,鴻呈永豐65購01,0,,,,
713471,台特化群益63購01,0,,,,
713472,弘塑群益63購06,192610,1.87,1.87,1.87,1.87
713473,信立群益63購01,8200,0.41,0.41,0.41,0.41
713474,倚強群益65購01,144200,1.94,2.5,1.94,2.4
713475,高技群益63購01,57630,1.13,1.13,1.13,1.13
713476,博智群益63購03,40820,1.57,1.57,1.57,1.57
713477,順達群益63購04,0,,,,
713478,頎邦群益63購02,138120,4.12,4.12,3.91,3.96
713479,精材群益63購05,551790,2.74,2.78,2.65,2.78
713480,精材群益65購01,285620,2.0,2.08,1.97,2.08
713481,環球晶群益63購02,13010,1.35,1.35,1.26,1.3
713482,穩懋群益63購04,1356890,1.87,1.97,1.74,1.95
713483,譜瑞群益63購01,74800,1.36,1.36,1.36,1.36
713484,長科*國泰63購01,0,,,,
713485,高技國泰63購02,0,,,,
713486,世界富邦63購01,300640,0.7,0.7,0.66,0.66
713487,均華富邦63購02,453900,0.62,0.65,0.62,0.62
713488,沛亨富邦63購01,8900,0.89,0.89,0.89,0.89
713489,博智富邦63購04,0,,,,
713490,穩懋富邦63購03,64260,0.9,0.96,0.9,0.96
713491,台半統一68購02,0,,,,
713492,能率亞統一6B購01,0,,,,
713493,崇越電統一6B購01,0,,,,
713494,穩懋統一68購04,68060,0.83,0.83,0.83,0.83
713495,台半元大63購04,0,,,,
713496,台半元大63購05,86900,0.55,0.55,0.55,0.55
713497,台半元大63購06,8040,0.67,0.67,0.67,0.67
713498,台半元大68購02,0,,,,
713499,弘塑元大66購01,651160,1.11,1.11,1.07,1.07
713500,弘塑元大68購02,37620,0.99,0.99,0.99,0.99
713501,弘塑元大68購03,33810,1.37,1.37,1.34,1.36
713502,均華元大63購01,390660,0.7,0.7,0.68,0.68
713503,宜鼎元大63購07,303110,0.35,0.37,0.35,0.37
713504,威剛元大63購07,1350,1.35,1.35,1.35,1.35
713505,威剛元大63購08,0,,,,
713506,能率元大63購03,0,,,,
713507,晶呈元大63購01,239790,1.26,1.31,1.26,1.28
713508,新應材元大65購01,42340,1.46,1.46,1.46,1.46
713509,新應材元大68購01,143180,0.88,0.89,0.88,0.89
713510,群聯元大63購20,0,,,,
713511,精材元大65購02,12840,2.14,2.14,2.14,2.14
713512,蜜望實元大63購03,67510,0.43,0.43,0.43,0.43
713513,環球晶元大63購04,370110,0.87,0.87,0.83,0.86
713514,環球晶元大63購05,44800,0.78,0.78,0.75,0.76
713515,環球晶元大65購05,0,,,,
713516,環球晶元大68購11,68080,0.74,0.74,0.74,0.74
713517,雙鴻元大63購14,0,,,,
713518,雙鴻元大63購15,0,,,,
713519,雙鴻元大63購16,0,,,,
713520,雙鴻元大63購17,0,,,,
713521,譜瑞元大63購06,165330,0.99,0.99,0.99,0.99
713522,譜瑞元大63購07,209850,0.81,0.86,0.81,0.85
713523,力致台新63購01,0,,,,
713524,兆利台新64購01,0,,,,
713525,兆利台新65購01,0,,,,
713526,精材台新63購03,345330,2.31,2.43,2.28,2.43
713527,廣閎科台新63購01,29980,1.36,1.39,1.36,1.39
713528,環球晶台新63購02,1136780,2.91,2.91,2.72,2.76
713529,環球晶台新63購03,144780,2.16,2.16,2.02,2.1
713530,雙鴻台新64購01,208750,5.15,5.85,5.15,5.85
713531,雙鴻台新64購02,749720,4.41,5.15,4.41,5.0
713532,台半凱基63購03,82230,0.83,0.85,0.81,0.81
713533,台特化凱基67購02,4440,1.48,1.48,1.48,1.48
713534,弘塑凱基69購01,47760,2.37,2.43,2.37,2.43
713535,宜鼎凱基63購08,7400,0.74,0.74,0.74,0.74
713536,茂綸凱基64購01,465050,1.55,1.64,1.55,1.61
713537,高技凱基63購03,0,,,,
713538,博智凱基65購01,0,,,,
713539,順達凱基64購03,0,,,,
713540,新應材凱基66購01,37240,0.98,0.98,0.98,0.98
713541,頎邦凱基65購01,0,,,,
713542,精材凱基63購07,746480,2.33,2.37,2.22,2.27
713543,精材凱基66購01,189010,3.1,3.12,3.02,3.02
713544,蜜望實凱基63購02,0,,,,
713545,環球晶凱基69購01,164510,1.91,1.91,1.88,1.88
713546,雙鴻凱基63購13,122550,4.02,4.54,4.02,4.54
713547,台半群益66購01,7050,1.41,1.41,1.41,1.41
713548,宏捷科群益63購01,80980,0.66,0.73,0.66,0.73
713549,沛亨群益63購01,386310,1.83,1.84,1.83,1.84
713550,朋程群益63購01,120000,1.2,1.2,1.2,1.2
713551,欣銓群益63購02,68360,1.57,1.57,1.43,1.43
713552,威剛群益63購06,0,,,,
713553,高技群益63購02,0,,,,
713554,華景電群益63購01,0,,,,
713555,萬泰科群益63購01,0,,,,
713556,群聯群益63購07,4800,0.96,0.96,0.96,0.96
713557,聖暉*群益63購01,90130,1.43,1.52,1.43,1.52
713558,精材群益63購06,267800,3.21,3.37,3.21,3.37
713559,鴻呈群益66購01,0,,,,
713560,雙鴻群益63購07,200000,6.25,7.3,6.25,7.3
713561,青雲國票64購01,18300,1.83,1.83,1.83,1.83
713562,青雲國票65購01,36600,1.83,1.83,1.83,1.83
713563,倚強國票64購01,260930,2.19,2.41,2.19,2.41
713564,家登國票64購01,99920,1.84,1.89,1.84,1.89
713565,達航國票64購01,0,,,,
713566,精材國票64購01,219270,1.19,1.22,1.19,1.22
713567,雙鴻國票64購01,452250,1.91,2.13,1.91,2.1
713568,頎邦中信69購01,381540,0.78,0.79,0.78,0.79
713569,精材中信69購01,3950,0.79,0.79,0.79,0.79
713570,雙鴻中信69購01,245130,1.2,1.35,1.2,1.35
713571,安葆永豐64購02,215660,1.76,1.95,1.76,1.86
713572,宜鼎永豐65購03,0,,,,
713573,宜鼎永豐68購01,70840,0.95,0.96,0.95,0.96
713574,博盛永豐64購01,0,,,,
713575,華洋永豐65購01,0,,,,
713576,廣閎科永豐64購01,325350,1.25,1.46,1.25,1.46
713577,雙鴻永豐64購07,0,,,,
713578,雙鴻永豐65購05,0,,,,
713579,雙鴻永豐68購01,0,,,,
713580,千附精元大63購03,0,,,,
713581,中美晶元大63購08,0,,,,
713582,弘塑元大67購02,21820,1.28,1.29,1.28,1.29
713583,弘塑元大68購04,627020,1.03,1.08,1.03,1.07
713584,宜鼎元大63購08,237840,0.46,0.49,0.46,0.49
713585,宜鼎元大63購09,129000,0.5,0.5,0.5,0.5
713586,威剛元大63購09,1430,1.43,1.43,1.43,1.43
713587,威剛元大63購10,0,,,,
713588,高技元大63購06,1980,0.33,0.33,0.33,0.33
713589,新應材元大66購01,141940,0.94,0.94,0.94,0.94
713590,精材元大63購06,617620,2.03,2.09,2.0,2.07
713591,精材元大63購07,95450,1.71,1.71,1.65,1.65
713592,精材元大63購08,20150,1.55,1.55,1.55,1.55
713593,精材元大63購09,250280,0.95,0.96,0.91,0.96
713594,蜜望實元大63購04,33170,0.31,0.31,0.31,0.31
713595,營邦元大68購01,425970,1.18,1.2,1.13,1.13
713596,環球晶元大63購06,0,,,,
713597,環球晶元大64購02,52740,0.74,0.74,0.7,0.71
713598,環球晶元大66購05,5800,0.58,0.58,0.58,0.58
713599,鴻呈元大63購01,0,,,,
713600,鴻呈元大63購02,0,,,,
713601,雙鴻元大63購18,349440,1.87,2.2,1.87,2.2
713602,雙鴻元大64購06,690840,2.02,2.35,2.02,2.35
713603,雙鴻元大65購02,590910,2.14,2.49,2.14,2.49
713604,鴻呈國泰64購01,0,,,,
713605,中美晶富邦63購03,0,,,,
713606,元太富邦65購01,241830,0.55,0.56,0.55,0.56
713607,威剛富邦66購01,0,,,,
713608,高技富邦66購01,67450,0.58,0.59,0.57,0.57
713609,晶呈富邦65購01,995050,0.69,0.69,0.63,0.69
713610,閎康富邦65購01,0,,,,
713611,順達富邦64購02,0,,,,
713612,頎邦富邦66購01,147600,0.73,0.75,0.73,0.74
713613,精材富邦65購02,60240,0.99,0.99,0.97,0.97
713614,精材富邦79購01,16790,1.12,1.12,1.11,1.11
713615,營邦富邦66購01,2663330,1.08,1.13,1.03,1.05
713616,雙鴻富邦65購02,0,,,,
713617,雙鴻富邦66購01,54100,2.69,2.72,2.69,2.72
713618,雙鴻富邦66購02,49060,2.0,2.09,2.0,2.09
713619,雙鴻統一69購01,16000,1.42,1.55,1.42,1.55
713620,雙鴻統一6C購02,130470,0.83,0.91,0.83,0.88
713621,千附群益63購01,0,,,,
713622,均華群益65購01,979550,0.7,0.71,0.69,0.69
713623,亞通群益63購01,47180,2.06,2.23,2.06,2.23
713624,宜鼎群益65購01,5200,0.52,0.52,0.52,0.52
713625,威剛群益63購07,12980,0.62,0.63,0.61,0.63
713626,順達群益63購05,0,,,,
713627,新應材群益64購02,0,,,,
713628,群聯群益63購08,9000,0.92,0.92,0.88,0.88
713629,頎邦群益63購03,272720,4.08,4.09,3.96,3.96
713630,精材群益63購07,175810,3.4,3.4,3.1,3.22
713631,精材群益63購08,1049280,2.14,2.22,2.05,2.19
713632,擎亞群益63購01,0,,,,
713633,環球晶群益63購03,2292740,1.33,1.33,1.22,1.26
713634,雙鴻群益63購08,964710,3.87,4.65,3.84,4.52
713635,元太國票64購02,0,,,,
713636,世界國票64購01,0,,,,
713637,弘塑國票64購01,0,,,,
713638,均華國票67購01,7040,0.88,0.88,0.88,0.88
713639,良維國票64購01,1900,0.95,0.95,0.95,0.95
713640,宜鼎國票64購01,0,,,,
713641,欣銓國票64購01,0,,,,
713642,威剛國票64購03,0,,,,
713643,高技國票64購01,0,,,,
713644,創泓國票64購01,19360,1.49,1.5,1.48,1.5
713645,智通*國票65購01,0,,,,
713646,萊德光國票64購01,1056860,1.42,1.45,1.39,1.43
713647,雅特力國票64購01,0,,,,
713648,順達國票64購01,0,,,,
713649,群聯國票64購02,0,,,,
713650,頎邦國票64購05,0,,,,
713651,精材國票64購02,0,,,,
713652,蜜望實國票64購01,0,,,,
713653,擎亞國票64購01,0,,,,
713654,擎亞國票65購01,0,,,,
713655,擎亞國票66購01,0,,,,
713656,環球晶國票64購02,17150,2.15,2.15,2.14,2.14
713657,環球晶國票65購01,343010,2.26,2.26,2.1,2.1
713658,環球晶國票66購01,192030,2.26,2.26,2.19,2.19
713659,鴻呈國票64購01,0,,,,
713660,雙鴻國票64購02,0,,,,
713661,安葆台新63購01,38240,2.17,2.44,2.17,2.44
713662,能率台新66購01,0,,,,
713663,萊德光台新63購01,264490,1.67,1.75,1.65,1.7
713664,雅特力台新63購01,232760,0.92,0.92,0.92,0.92
713665,精材台新63購04,0,,,,
713666,擎亞台新63購01,0,,,,
713667,擎亞台新66購01,0,,,,
713668,雙鴻台新66購01,55930,2.3,2.43,2.3,2.43
713669,千附精元大66購01,13500,0.45,0.45,0.45,0.45
713670,元太元大66購06,245560,1.2,1.23,1.19,1.23
713671,元太元大67購04,115210,1.07,1.08,1.07,1.08
713672,均華元大63購02,326520,0.55,0.58,0.55,0.55
713673,均華元大63購03,150960,0.6,0.61,0.59,0.61
713674,均華元大64購05,77520,0.62,0.64,0.62,0.64
713675,宜鼎元大63購10,186400,0.61,0.64,0.61,0.64
713676,宜鼎元大63購11,540,0.54,0.54,0.54,0.54
713677,青雲元大63購03,150420,0.64,0.66,0.64,0.66
713678,威剛元大63購11,0,,,,
713679,高技元大63購07,32370,0.69,0.72,0.69,0.72
713680,智通*元大67購01,0,,,,
713681,雅特力元大63購01,0,,,,
713682,群聯元大63購21,235270,0.96,0.97,0.91,0.91
713683,精材元大63購10,12510,1.79,1.79,1.77,1.77
713684,精材元大63購11,5833030,1.58,1.58,1.46,1.51
713685,精材元大63購12,17320,1.14,1.17,1.11,1.17
713686,精材元大64購02,0,,,,
713687,精材元大65購03,281960,0.85,0.86,0.82,0.84
713688,蜜望實元大63購05,461080,0.43,0.45,0.43,0.45
713689,擎亞元大63購01,0,,,,
713690,環球晶元大63購07,213370,2.05,2.06,1.98,2.01
713691,環球晶元大63購08,205710,1.19,1.19,1.14,1.15
713692,環球晶元大67購04,345420,1.08,1.08,1.06,1.06
713693,雙鴻元大63購19,0,,,,
713694,雙鴻元大63購20,0,,,,
713695,千附精凱基63購01,0,,,,
713696,中美晶凱基68購02,767980,2.44,2.54,2.43,2.54
713697,欣銓凱基68購01,195520,2.71,2.71,2.58,2.58
713698,青雲凱基64購01,105940,1.47,1.55,1.47,1.54
713699,家登凱基64購01,47600,2.38,2.38,2.38,2.38
713700,雅特力凱基63購01,75800,0.96,0.96,0.94,0.94
713701,雅特力凱基63購02,10500,1.05,1.05,1.05,1.05
713702,雅特力凱基63購03,9320,1.04,1.04,1.02,1.02
713703,萬泰科凱基63購01,0,,,,
713704,群聯凱基64購09,0,,,,
713705,群聯凱基69購01,0,,,,
713706,聖暉*凱基63購02,106400,1.68,1.8,1.68,1.78
713707,達航凱基66購01,0,,,,
713708,精材凱基63購08,258700,1.69,1.69,1.63,1.69
713709,擎亞凱基63購01,0,,,,
713710,擎亞凱基63購02,34000,0.34,0.34,0.34,0.34
713711,擎亞凱基66購01,350,0.35,0.35,0.35,0.35
713712,營邦凱基68購01,430600,3.77,3.77,3.58,3.71
713713,鴻呈凱基63購01,3400,0.34,0.34,0.34,0.34
713714,雙鴻凱基63購14,1018240,3.0,3.56,3.0,3.47
713715,環球晶中信69購01,388030,1.39,1.39,1.32,1.35
713716,千附永豐63購01,331250,1.0,1.01,1.0,1.01
713717,宜鼎永豐67購02,88200,1.05,1.05,1.05,1.05
713718,宜鼎永豐69購01,38000,0.95,0.95,0.95,0.95
713719,青雲永豐64購01,108360,1.26,1.26,1.26,1.26
713720,博士旺永豐63購01,0,,,,
713721,雅特力永豐64購01,5000,1.0,1.0,1.0,1.0
713722,雅特力永豐66購01,0,,,,
713723,精材永豐64購03,56160,1.36,1.37,1.36,1.37
713724,精材永豐64購04,0,,,,
713725,精材永豐64購05,0,,,,
713726,精材永豐66購01,0,,,,
713727,蜜望實永豐65購01,0,,,,
713728,擎亞永豐64購02,0,,,,
713729,擎亞永豐65購01,0,,,,
713730,擎亞永豐66購01,0,,,,
713731,環球晶永豐63購09,0,,,,
713732,環球晶永豐69購01,0,,,,
713733,雙鴻永豐66購03,13200,2.18,2.29,2.18,2.29
713734,精材國泰64購01,24070,2.07,2.07,1.96,1.96
713735,蜜望實國泰64購01,160170,1.04,1.09,1.04,1.09
713736,良維富邦64購02,55910,0.8,0.85,0.8,0.83
713737,宜鼎富邦63購03,17280,0.27,0.27,0.27,0.27
713738,精材富邦63購01,509560,0.9,0.93,0.88,0.92
713739,擎亞富邦64購01,0,,,,
713740,環球晶富邦63購01,887360,0.7,0.71,0.68,0.68
713741,千附統一67購03,0,,,,
713742,精材統一67購04,249580,0.73,0.73,0.64,0.66
713743,精材統一69購01,0,,,,
713744,擎亞統一69購01,0,,,,
713745,環球晶統一6A購03,0,,,,
713746,雙鴻統一71購01,1206770,1.08,1.18,1.08,1.16
713747,千附精台新63購01,0,,,,
713748,台半台新63購01,21700,2.17,2.17,2.17,2.17
713749,台半台新63購02,244930,1.41,1.51,1.39,1.51
713750,弘塑台新63購02,0,,,,
713751,弘塑台新64購01,0,,,,
713752,弘塑台新65購01,0,,,,
713753,正淩台新66購01,41170,2.43,2.43,2.41,2.41
713754,亞信台新63購01,11730,1.47,1.47,1.45,1.46
713755,東捷台新63購01,118660,2.49,2.49,2.35,2.4
713756,新應材台新63購01,0,,,,
713757,新應材台新63購02,0,,,,
713758,漢達台新63購01,252970,1.55,1.55,1.43,1.49
713759,漢達台新63購02,499730,1.77,1.77,1.63,1.63
713760,雙鴻台新63購04,83710,2.79,2.97,2.79,2.97
713761,元太凱基67購01,150130,1.44,1.48,1.43,1.48
713762,弘塑凱基68購02,5700,1.9,1.9,1.9,1.9
713763,良維凱基69購01,331640,2.32,2.32,2.2,2.26
713764,宜鼎凱基63購09,0,,,,
713765,威剛凱基63購13,70300,1.75,1.77,1.75,1.77
713766,家登凱基63購03,24480,1.36,1.36,1.36,1.36
713767,高技凱基63購04,0,,,,
713768,智通*凱基63購03,0,,,,
713769,順達凱基63購10,0,,,,
713770,新應材凱基66購02,519810,1.49,1.49,1.48,1.48
713771,頎邦凱基63購07,99340,2.65,2.65,2.61,2.61
713772,雙鴻凱基63購15,336290,3.0,3.45,3.0,3.45
713773,雙鴻凱基63購16,114400,2.85,2.87,2.85,2.87
713774,雙鴻凱基63購18,111580,2.59,3.05,2.59,3.0
713775,雙鴻凱基63購19,144430,2.59,3.0,2.59,3.0
713776,雙鴻凱基64購04,26000,2.81,3.1,2.81,3.1
713777,雙鴻凱基65購01,184600,3.42,3.42,3.32,3.32
713778,雙鴻凱基65購02,728120,3.0,3.4,3.0,3.33
713779,雙鴻凱基65購03,411270,3.31,3.72,3.29,3.64
713780,雙鴻凱基65購04,596760,2.92,3.39,2.92,3.3
713781,中美晶群益68購01,3150,0.63,0.63,0.63,0.63
713782,宏捷科群益63購02,0,,,,
713783,亞信群益63購01,260650,0.83,0.83,0.79,0.79
713784,倚強群益63購01,4009110,1.74,1.77,1.69,1.77
713785,家登群益63購05,36800,1.15,1.15,1.15,1.15
713786,晶宏群益64購01,0,,,,
713787,群聯群益63購09,8200,1.64,1.64,1.64,1.64
713788,廣閎科群益63購02,1118740,1.33,1.61,1.24,1.55
713789,雙鴻群益63購10,0,,,,
713790,雙鴻群益69購01,232220,1.66,1.89,1.66,1.87
713791,中美晶元大63購09,101260,0.61,0.61,0.61,0.61
713792,宜鼎元大63購12,53000,0.53,0.53,0.53,0.53
713793,青雲元大63購04,48990,0.56,0.57,0.54,0.57
713794,威剛元大63購12,0,,,,
713795,威剛元大67購01,0,,,,
713796,高技元大63購08,50560,0.68,0.74,0.68,0.74
713797,群聯元大63購23,7760,0.97,0.97,0.97,0.97
713798,營邦元大63購04,454650,2.13,2.14,1.99,2.09
713799,雙鴻元大63購21,501900,1.62,1.89,1.62,1.89
713800,雙鴻元大63購26,314520,1.4,1.49,1.4,1.49
713801,雙鴻元大63購28,1254220,1.19,1.4,1.17,1.35
713802,雙鴻元大63購29,575770,1.5,1.61,1.5,1.56
713803,雙鴻元大64購07,1283720,1.44,1.65,1.44,1.6
713804,雙鴻元大64購08,1053360,1.49,1.64,1.49,1.63
713805,雙鴻元大64購09,1532540,0.98,1.23,0.98,1.2
713806,雙鴻元大65購03,783080,1.06,1.29,1.06,1.27
713807,雙鴻元大65購04,1735770,1.02,1.26,1.02,1.24
713808,久元國票65購01,0,,,,
713809,大綜國票66購01,18540,2.06,2.06,2.06,2.06
713810,天良國票64購01,30940,0.34,0.34,0.34,0.34
713811,晶宏國票68購01,0,,,,
713812,瑞耘國票68購01,10050,0.67,0.67,0.67,0.67
713813,萬泰科國票65購01,0,,,,
713814,聖暉*國票65購03,12180,0.87,0.87,0.87,0.87
713815,廣閎科國票65購01,107410,1.12,1.25,1.12,1.25
713816,磐亞國票65購01,0,,,,
713817,雙鴻國票69購02,0,,,,
713818,晶宏統一71購01,9500,0.48,0.48,0.47,0.47
713819,新應材統一69購01,0,,,,
713820,新應材統一6C購01,0,,,,
713821,擎亞統一69購02,0,,,,
713822,雙鴻統一6B購02,0,,,,
713823,雙鴻統一71購02,442830,1.05,1.17,1.05,1.14
713824,千附精永豐64購02,0,,,,
713825,廣閎科永豐63購03,1137360,1.27,1.52,1.27,1.51
713826,廣閎科永豐64購02,318110,1.41,1.66,1.41,1.66
713827,能率富邦65購01,0,,,,
713828,雙鴻富邦65購03,117810,1.37,1.48,1.37,1.48
713829,雙鴻富邦66購03,299640,1.18,1.35,1.12,1.32
713830,雙鴻富邦66購04,695910,0.96,1.2,0.96,1.15
713831,朋億*國泰64購01,9280,1.16,1.16,1.16,1.16
713832,穩得國泰64購01,0,,,,
713833,良維中信69購01,0,,,,
713834,力致台新63購02,0,,,,
713835,力致台新63購03,2000,1.0,1.0,1.0,1.0
713836,千附台新63購01,33970,0.75,0.78,0.75,0.78
713837,天正台新63購01,0,,,,
713838,宜鼎台新65購02,0,,,,
713839,華洋台新63購01,7230,0.63,0.66,0.63,0.66
713840,閎康台新63購01,0,,,,
713841,閎康台新63購02,0,,,,
713842,閎康台新63購03,0,,,,
713843,騰雲台新63購01,613140,1.0,1.01,0.95,0.97
713844,驊訊台新64購01,136800,0.88,0.88,0.84,0.85
713845,驊訊台新64購02,692210,0.62,0.64,0.58,0.58
713846,九暘國票65購02,16800,0.8,0.8,0.8,0.8
713847,力致國票66購01,0,,,,
713848,利機國票64購01,0,,,,
713849,均豪國票64購01,8580,0.78,0.78,0.78,0.78
713850,均豪國票65購01,8470,0.77,0.77,0.77,0.77
713851,亞通國票64購01,257100,1.64,1.7,1.64,1.69
713852,亞通國票65購01,48910,1.52,1.67,1.52,1.67
713853,崴寶國票67購01,0,,,,
713854,晶宏國票6B購01,0,,,,
713855,智通*國票64購01,0,,,,
713856,華宏國票67購01,5460,0.81,0.81,0.77,0.77
713857,閎康國票65購01,0,,,,
713858,新應材國票65購01,1640,0.82,0.82,0.82,0.82
713859,榮剛國票67購01,0,,,,
713860,營邦國票64購02,0,,,,
713861,營邦國票64購03,0,,,,
713862,營邦國票66購01,0,,,,
713863,大綜凱基63購01,202200,1.44,1.49,1.39,1.39
713864,宏捷科凱基63購02,0,,,,
713865,宏捷科凱基64購01,264590,0.73,0.76,0.73,0.75
713866,沛亨凱基63購02,94380,1.43,1.43,1.43,1.43
713867,亞信凱基63購01,69300,0.76,0.83,0.74,0.74
713868,青雲凱基63購02,56920,1.74,1.8,1.74,1.79
713869,晶宏凱基64購01,0,,,,
713870,鈊象凱基67購01,180140,2.11,2.23,2.1,2.1
713871,群聯凱基63購18,0,,,,
713872,群聯凱基63購19,39700,1.32,1.33,1.32,1.33
713873,聖暉*凱基65購01,38080,1.36,1.36,1.36,1.36
713874,漢達凱基65購01,0,,,,
713875,廣閎科凱基63購03,309170,1.55,1.87,1.52,1.86
713876,營邦凱基63購05,267650,1.81,1.95,1.75,1.75
713877,威剛群益63購08,0,,,,
713878,晶宏群益64購02,0,,,,
713879,新應材群益63購02,0,,,,
713880,元太永豐64購01,12360,1.53,1.59,1.53,1.59
713881,天正永豐66購01,0,,,,
713882,巨漢永豐64購01,0,,,,
713883,博盛永豐63購03,72480,1.51,1.51,1.51,1.51
713884,晶宏永豐63購01,0,,,,
713885,千附精富邦63購01,4600,0.23,0.23,0.23,0.23
713886,弘塑國泰64購01,94000,1.4,1.52,1.4,1.52
713887,威剛統一69購02,0,,,,
713888,晶宏統一69購01,0,,,,
713889,擎亞統一71購01,0,,,,
713890,千附精元大69購01,15300,0.51,0.51,0.51,0.51
713891,宏捷科元大63購01,212100,0.51,0.54,0.51,0.54
713892,宏捷科元大67購02,25560,0.74,0.76,0.74,0.76
713893,良維元大63購03,89100,1.62,1.62,1.62,1.62
713894,良維元大67購01,0,,,,
713895,宜鼎元大63購13,0,,,,
713896,威剛元大67購02,0,,,,
713897,建榮元大63購01,36910,0.98,0.98,0.97,0.97
713898,晶宏元大63購01,0,,,,
713899,雅特力元大63購02,0,,,,
713900,順達元大63購08,0,,,,
713901,群翊元大63購01,119500,1.47,1.5,1.47,1.5
713902,群聯元大63購24,54850,1.15,1.15,1.07,1.07
713903,擎亞元大63購02,0,,,,
713904,擎亞元大63購03,21100,0.43,0.43,0.42,0.42
713905,天正台新63購02,0,,,,
713906,印能台新63購01,0,,,,
713907,印能台新63購02,149890,1.28,1.33,1.28,1.33
713908,沛亨台新63購01,121070,1.58,1.6,1.57,1.6
713909,晶宏台新63購01,480,0.48,0.48,0.48,0.48
713910,晶宏台新63購02,0,,,,
713911,鈊象台新63購01,75420,1.98,1.99,1.98,1.99
713912,群聯台新63購05,0,,,,
713913,群聯台新63購06,0,,,,
713914,力致凱基63購01,0,,,,
713915,印能凱基63購01,792000,1.34,1.65,1.34,1.6
713916,印能凱基63購02,477150,1.31,1.56,1.31,1.56
713917,印能凱基64購02,349230,1.29,1.53,1.29,1.53
713918,印能凱基65購01,781930,1.43,1.65,1.43,1.65
713919,印能凱基65購02,965770,1.56,1.81,1.56,1.79
713920,均豪凱基65購02,223860,0.88,0.9,0.88,0.9
713921,良維凱基63購03,62130,2.43,2.62,2.43,2.62
713922,亞通凱基63購01,0,,,,
713923,宜鼎凱基63購10,11900,1.19,1.19,1.19,1.19
713924,威剛凱基67購01,9750,1.95,1.95,1.95,1.95
713925,建榮凱基63購02,163200,0.96,0.96,0.96,0.96
713926,晶宏凱基64購02,0,,,,
713927,智通*凱基64購01,0,,,,
713928,閎康凱基63購02,0,,,,
713929,新應材凱基68購01,5160,1.29,1.29,1.29,1.29
713930,印能國票64購01,62460,1.07,1.27,1.07,1.27
713931,印能國票65購01,0,,,,
713932,沛亨國票66購02,0,,,,
713933,泓格國票64購01,105140,0.75,0.76,0.75,0.76
713934,晶宏國票66購01,0,,,,
713935,群聯國票66購03,7620,1.27,1.27,1.27,1.27
713936,印能群益63購01,233610,0.97,1.17,0.97,1.17
713937,印能群益65購01,707400,0.96,1.08,0.96,1.08
713938,沛亨群益64購01,0,,,,
713939,鈊象群益63購04,41600,2.08,2.4,2.08,2.4
713940,群聯群益63購10,8150,1.63,1.63,1.63,1.63
713941,營邦群益63購02,60420,1.59,1.59,1.59,1.59
713942,營邦群益65購01,195880,1.72,1.75,1.72,1.75
713943,印能中信67購01,36660,0.78,0.78,0.78,0.78
713944,印能統一67購01,23800,0.68,0.68,0.68,0.68
713945,沛亨統一6A購01,0,,,,
713946,晶宏統一67購01,8400,0.42,0.42,0.42,0.42
713947,印能國泰64購01,0,,,,
713948,印能國泰65購01,0,,,,
713949,宜特國泰64購01,39120,1.63,1.63,1.63,1.63
713950,晶宏國泰64購01,136520,0.83,0.86,0.83,0.86
713951,營邦國泰64購01,59580,2.48,2.54,2.48,2.54
713952,均豪富邦63購01,155960,0.42,0.44,0.42,0.44
713953,營邦富邦66購02,456090,0.75,0.78,0.73,0.74
713954,九暘永豐64購01,597840,1.27,1.4,1.25,1.25
713955,川寶永豐63購01,111900,1.4,1.43,1.38,1.4
713956,印能永豐63購01,249940,0.85,1.05,0.85,1.01
713957,印能永豐64購02,419040,0.69,0.8,0.69,0.8
713958,印能永豐65購01,215670,1.05,1.12,1.05,1.12
713959,晶宏永豐64購01,0,,,,
713960,群翊永豐63購01,337150,1.28,1.28,1.25,1.28
713961,頎邦永豐64購03,29600,1.48,1.48,1.48,1.48
713962,頎邦永豐66購01,18800,1.88,1.88,1.88,1.88
713963,中美晶元大63購10,96040,1.13,1.19,1.13,1.18
713964,印能元大67購01,593200,0.75,0.83,0.75,0.83
713965,印能元大68購01,813960,0.75,0.83,0.75,0.83
713966,沛亨元大63購01,0,,,,
713967,沛亨元大63購02,298600,1.11,1.13,1.11,1.12
713968,沛亨元大69購01,0,,,,
713969,良維元大63購04,104000,1.35,1.46,1.35,1.46
713970,良維元大67購02,176430,1.16,1.22,1.16,1.2
713971,宜鼎元大63購14,178900,0.77,0.82,0.77,0.82
713972,威剛元大63購13,0,,,,
713973,晶宏元大63購02,0,,,,
713974,湧德元大63購01,96900,0.57,0.57,0.57,0.57
713975,順達元大63購09,0,,,,
713976,順達元大63購10,1560,0.52,0.52,0.52,0.52
713977,新應材元大63購05,306900,0.55,0.55,0.55,0.55
713978,新應材元大63購06,98280,0.78,0.78,0.78,0.78
713979,群聯元大63購25,7210,1.03,1.03,1.03,1.03
713980,聖暉*元大63購01,205750,0.6,0.65,0.59,0.65
713981,漢達元大63購01,0,,,,
713982,廣閎科元大63購01,790150,1.5,1.72,1.47,1.69
713983,廣閎科元大69購01,806520,0.65,0.73,0.65,0.73
713984,擎亞元大63購04,0,,,,
713985,擎亞元大63購05,0,,,,
713986,擎亞元大68購01,0,,,,
713987,譜瑞元大63購08,17000,1.7,1.7,1.7,1.7
713988,東捷台新63購02,59250,2.37,2.37,2.37,2.37
713989,東捷台新63購03,1674960,2.25,2.58,2.25,2.35
713990,新應材台新64購03,13920,1.16,1.16,1.16,1.16
713991,群聯台新63購07,0,,,,
713992,群聯台新63購08,97280,1.52,1.52,1.52,1.52
713993,德微台新63購01,39130,3.01,3.01,3.01,3.01
713994,德微台新64購01,3637310,2.87,3.03,2.87,3.03
713995,德微台新65購01,377500,2.14,2.35,2.14,2.35
713996,立敦群益63購01,0,,,,
713997,良維群益63購02,45480,1.16,1.28,1.16,1.28
713998,良維群益65購01,37460,1.34,1.43,1.34,1.43
713999,東捷群益65購01,20100,2.02,2.02,2.0,2.0
714000,新應材群益63購03,41410,1.01,1.01,1.01,1.01
714001,群聯群益63購11,7150,1.43,1.43,1.43,1.43
714002,漢達群益64購01,0,,,,
714003,漢達群益65購01,70400,2.1,2.1,2.05,2.05
714004,沛亨凱基63購03,114950,2.09,2.09,2.09,2.09
714005,良維凱基63購04,45600,1.14,1.14,1.14,1.14
714006,信紘科凱基63購01,50580,0.93,1.03,0.93,1.03
714007,萊德光凱基63購01,126730,1.28,1.32,1.28,1.28
714008,順達凱基65購01,0,,,,
714009,鈊象凱基63購05,71520,1.98,2.2,1.98,2.01
714010,群聯凱基64購10,276760,2.52,2.52,2.43,2.48
714011,聖暉*凱基63購03,1906810,1.78,1.92,1.78,1.89
714012,鈺太凱基63購01,4450,0.89,0.89,0.89,0.89
714013,漢達凱基63購02,635670,1.61,1.63,1.41,1.59
714014,德微凱基63購01,539420,2.37,2.69,2.37,2.69
714015,德微凱基63購02,156630,2.89,3.05,2.84,3.05
714016,德微凱基65購01,24290,3.64,3.64,3.41,3.49
714017,營邦凱基63購06,210870,2.32,2.38,2.22,2.22
714018,台半元大63購07,14960,1.36,1.36,1.36,1.36
714019,台半元大63購08,84450,0.98,1.03,0.98,0.99
714020,台半元大63購09,74700,0.83,0.83,0.83,0.83
714021,沛亨元大63購03,264400,1.24,1.26,1.24,1.26
714022,宜鼎元大69購01,371330,0.88,0.89,0.87,0.89
714023,威剛元大63購14,0,,,,
714024,晶宏元大63購03,0,,,,
714025,群聯元大63購26,66120,1.39,1.39,1.36,1.36
714026,廣閎科元大63購02,404360,0.74,0.87,0.7,0.86
714027,廣閎科元大69購02,228230,0.71,0.77,0.7,0.77
714028,德微元大63購01,268410,1.76,1.79,1.73,1.79
714029,德微元大69購01,71470,1.69,1.69,1.66,1.66
714030,晶宏中信63購01,2200,0.22,0.22,0.22,0.22
714031,台半國票65購01,0,,,,
714032,正淩國票67購01,0,,,,
714033,宸曜國票64購01,39890,1.24,1.29,1.24,1.29
714034,宸曜國票65購01,0,,,,
714035,高鋒國票65購01,5300,0.53,0.53,0.53,0.53
714036,新門國票69購01,0,,,,
714037,群翊國票65購02,0,,,,
714038,漢達國票69購01,23320,1.06,1.06,1.06,1.06
714039,德微國票65購02,0,,,,
714040,譜瑞國票66購02,0,,,,
714041,寶雅*國票66購02,28120,0.76,0.76,0.76,0.76
714042,沛亨永豐63購02,0,,,,
714043,良維永豐64購01,121030,1.33,1.33,1.33,1.33
714044,東捷永豐63購04,164620,2.17,2.58,2.17,2.44
714045,東捷永豐64購03,29750,1.75,1.75,1.75,1.75
714046,泓格永豐63購01,15200,1.52,1.52,1.52,1.52
714047,泓格永豐64購02,0,,,,
714048,德微永豐64購01,100980,1.55,1.55,1.48,1.48
714049,德微永豐65購01,0,,,,
714050,寶雅*永豐64購01,64980,1.11,1.11,1.1,1.1
714051,印能統一66購01,0,,,,
714052,東捷國泰64購01,131580,1.54,1.57,1.54,1.57
714053,元太富邦65購02,413910,0.62,0.64,0.62,0.64
714054,宜鼎富邦64購01,144520,0.65,0.65,0.64,0.64
714055,高技富邦65購01,9940,0.71,0.71,0.71,0.71
714056,晶呈富邦65購02,1240880,0.96,0.97,0.94,0.95
714057,新應材富邦63購04,62160,0.42,0.42,0.42,0.42
714058,群聯富邦65購03,0,,,,
714059,群聯富邦65購04,21100,1.08,1.08,1.03,1.03
714060,群聯富邦65購05,0,,,,
714061,聖暉*富邦63購01,82410,0.71,0.72,0.7,0.72
714062,譜瑞富邦65購01,59860,0.82,0.82,0.82,0.82
714063,M31台新63購01,21570,4.53,4.53,4.26,4.26
714064,M31台新66購01,3600,3.6,3.6,3.6,3.6
714065,光頡台新63購01,88980,4.33,5.15,4.29,4.57
714066,光頡台新66購01,1044770,3.72,4.36,3.56,4.05
714067,竹陞台新63購01,0,,,,
714068,均華台新63購03,102830,0.53,0.54,0.53,0.53
714069,均華台新64購01,0,,,,
714070,昇達科台新63購01,495440,1.43,1.47,1.38,1.46
714071,昇達科台新66購01,232800,1.64,1.69,1.58,1.69
714072,信驊台新63購01,7620,3.98,3.98,3.64,3.64
714073,信驊台新63購02,8820,2.94,2.94,2.94,2.94
714074,信驊台新63購03,135190,1.96,1.97,1.74,1.74
714075,信驊台新66購01,34030,5.05,5.05,4.78,4.78
714076,信驊台新66購02,0,,,,
714077,漢達台新63購03,209840,1.0,1.01,0.9,0.9
714078,漢達台新63購04,2066890,0.85,0.85,0.76,0.82
714079,耀穎台新63購01,0,,,,
714080,M31凱基63購02,249220,3.64,3.64,3.39,3.6
714081,M31凱基63購03,127280,2.75,3.48,2.75,3.39
714082,M31凱基63購04,643740,2.95,3.4,2.95,3.3
714083,光頡凱基63購01,2818420,2.33,2.74,2.18,2.46
714084,光頡凱基63購02,198110,2.53,2.84,2.39,2.81
714085,光頡凱基63購03,28080,3.12,3.12,3.12,3.12
714086,竹陞凱基63購01,99820,0.81,0.86,0.81,0.86
714087,竹陞凱基63購02,102610,0.92,1.07,0.92,1.07
714088,竹陞凱基63購03,87000,1.11,1.15,1.11,1.15
714089,均華凱基63購02,22740,0.46,0.46,0.45,0.45
714090,均華凱基64購03,144380,0.61,0.64,0.6,0.6
714091,宜鼎凱基63購11,399350,0.96,0.97,0.95,0.95
714092,昇達科凱基63購01,474720,1.31,1.42,1.29,1.42
714093,昇達科凱基63購02,578890,1.47,1.47,1.41,1.41
714094,昇達科凱基63購03,877080,1.61,1.65,1.52,1.6
714095,昇達科凱基63購04,773100,1.72,1.76,1.63,1.7
714096,信驊凱基63購01,457580,2.11,2.14,1.89,1.89
714097,信驊凱基63購02,141100,2.5,2.54,2.35,2.35
714098,信驊凱基63購03,36360,3.03,3.03,3.03,3.03
714099,信驊凱基63購04,105490,3.31,3.31,3.0,3.0
714100,信驊凱基63購05,47460,4.04,4.04,3.8,3.8
714101,威剛凱基63購14,12900,1.29,1.29,1.29,1.29
714102,新應材凱基63購09,73150,0.77,0.77,0.77,0.77
714103,群聯凱基67購01,70170,2.66,2.66,2.48,2.55
714104,雷科凱基63購01,819080,1.46,2.0,1.46,1.53
714105,雷科凱基63購02,36500,1.46,1.46,1.46,1.46
714106,雷科凱基63購03,75680,1.76,1.76,1.76,1.76
714107,頎邦凱基64購04,35400,1.77,1.77,1.77,1.77
714108,穩懋凱基66購01,222700,2.49,2.49,2.28,2.48
714109,光頡統一65購03,1363400,1.18,1.3,1.13,1.24
714110,光頡統一68購01,3570310,1.12,1.29,1.11,1.22
714111,光頡統一6C購01,1380080,0.87,0.95,0.86,0.9
714112,光頡統一79購01,1616060,0.95,1.05,0.95,1.0
714113,均華統一67購02,0,,,,
714114,均華統一6C購01,10800,0.45,0.45,0.45,0.45
714115,良維統一65購01,66340,0.62,0.62,0.62,0.62
714116,良維統一6C購01,33660,0.66,0.66,0.66,0.66
714117,昇達科統一67購01,648920,1.13,1.13,0.77,0.78
714118,昇達科統一6C購01,207600,0.83,0.84,0.83,0.84
714119,昇達科統一6C購02,0,,,,
714120,金山電統一6C購02,896700,0.61,0.61,0.61,0.61
714121,信紘科統一6C購01,78550,0.66,0.67,0.66,0.67
714122,德微統一66購01,36840,0.85,0.9,0.85,0.9
714123,營邦統一6C購02,0,,,,
714124,穩懋統一67購02,0,,,,
714125,穩懋統一6C購04,0,,,,
714126,光頡國泰64購01,0,,,,
714127,均華國泰64購02,51520,0.56,0.56,0.56,0.56
714128,良維國泰64購01,95190,1.8,1.8,1.79,1.79
714129,昇達科國泰64購01,215350,1.27,1.34,1.27,1.31
714130,昇達科國泰65購01,4140,1.38,1.38,1.38,1.38
714131,信紘科國泰64購01,39100,1.7,1.7,1.7,1.7
714132,鈊象國泰64購01,339040,2.05,2.34,2.05,2.34
714133,雷科國泰64購01,246710,1.13,1.28,1.13,1.28
714134,雷科國泰65購01,129260,1.75,2.03,1.75,2.03
714135,漢達國泰64購01,477960,1.86,1.89,1.74,1.82
714136,穩懋國泰65購02,197570,3.01,3.01,2.89,2.89
714137,M31富邦65購02,122100,1.2,1.35,1.2,1.28
714138,弘塑富邦65購01,9920,0.62,0.62,0.62,0.62
714139,均華富邦65購01,187440,0.41,0.41,0.4,0.4
714140,信驊富邦66購01,23350,4.67,4.67,4.67,4.67
714141,穩懋富邦65購02,111420,0.97,0.98,0.91,0.97
714142,M31中信66購01,0,,,,
714143,光頡中信63購01,2897110,1.09,1.34,1.04,1.2
714144,竹陞中信69購01,68600,0.55,0.56,0.54,0.56
714145,均華中信69購01,61640,0.36,0.36,0.35,0.35
714146,昇達科中信69購01,256700,0.82,0.82,0.79,0.8
714147,信驊中信63購01,101950,2.55,2.56,2.48,2.48
714148,群聯中信68購02,17400,0.83,0.83,0.8,0.8
714149,穩懋中信65購01,89080,0.73,0.74,0.69,0.74
714150,M31永豐64購01,15340,1.39,1.4,1.39,1.4
714151,M31永豐65購01,97350,2.12,2.25,2.12,2.25
714152,元太永豐63購03,265280,0.91,0.93,0.9,0.93
714153,光焱永豐63購01,188940,0.93,0.98,0.93,0.98
714154,光頡永豐63購01,259060,1.91,2.02,1.91,2.02
714155,光頡永豐63購02,234570,1.83,2.06,1.83,1.9
714156,光頡永豐69購01,650110,3.58,4.0,3.58,3.88
714157,竹陞永豐64購02,119310,0.78,0.89,0.78,0.89
714158,竹陞永豐66購01,74240,0.69,0.77,0.69,0.77
714159,昇達科永豐63購01,828630,1.04,1.06,0.98,1.02
714160,昇達科永豐63購02,299050,1.02,1.03,0.98,1.0
714161,昇達科永豐63購03,489700,0.82,0.83,0.77,0.82
714162,昇達科永豐66購01,251350,2.0,2.01,1.95,1.95
714163,昇達科永豐66購02,147510,1.49,1.49,1.49,1.49
714164,昇達科永豐69購01,93240,2.23,2.23,2.2,2.2
714165,昇達科永豐69購02,101980,1.76,1.76,1.72,1.72
714166,信紘科永豐63購01,136680,1.02,1.02,1.02,1.02
714167,信驊永豐63購02,26210,2.21,2.21,2.1,2.1
714168,信驊永豐64購02,0,,,,
714169,凱崴永豐64購01,0,,,,
714170,萊德光永豐63購01,181630,1.65,1.65,1.61,1.61
714171,聖暉*永豐63購02,63970,1.45,1.49,1.45,1.49
714172,雷科永豐63購01,195500,1.0,1.09,0.98,1.09
714173,雷科永豐63購02,99000,1.0,1.15,1.0,1.15
714174,雷科永豐66購01,687610,1.38,1.52,1.38,1.47
714175,雷科永豐69購01,30720,2.54,2.87,2.51,2.87
714176,穩懋永豐63購05,115080,1.47,1.56,1.45,1.55
714177,光頡元大63購01,335430,1.68,1.89,1.64,1.76
714178,光頡元大63購02,786340,1.64,1.86,1.57,1.75
714179,印能元大63購01,602960,0.72,0.83,0.72,0.83
714180,印能元大63購02,267900,0.67,0.75,0.67,0.75
714181,竹陞元大63購01,138950,0.75,0.76,0.75,0.76
714182,昇達科元大63購01,1161290,1.14,1.2,1.12,1.19
714183,信驊元大63購02,215840,3.76,3.8,3.49,3.5
714184,信驊元大64購01,105870,3.81,3.81,3.5,3.5
714185,信驊元大67購01,155930,4.69,4.76,4.57,4.57
714186,信驊元大69購01,156750,5.3,5.3,5.1,5.1
714187,高技元大63購09,14760,1.23,1.23,1.23,1.23
714188,高技元大63購10,15130,0.89,0.89,0.89,0.89
714189,雅特力元大63購03,0,,,,
714190,新普元大63購01,92430,1.17,1.17,1.17,1.17
714191,新應材元大63購07,55900,0.65,0.65,0.65,0.65
714192,新應材元大63購08,0,,,,
714193,新應材元大63購09,178560,0.36,0.36,0.36,0.36
714194,群聯元大63購27,195860,1.12,1.12,1.1,1.1
714195,雷科元大63購01,444920,0.76,0.88,0.76,0.88
714196,漢達元大63購02,321500,0.93,0.93,0.9,0.9
714197,漢達元大63購03,0,,,,
714198,漢達元大69購01,43000,0.86,0.86,0.86,0.86
714199,廣閎科元大63購03,343540,0.62,0.73,0.59,0.73
714200,營邦元大63購05,594620,1.61,1.68,1.56,1.62
714201,鴻呈元大63購03,217000,0.62,0.62,0.62,0.62
714202,FH中5G群益63購01,223590,0.64,0.64,0.61,0.61
714203,M31群益63購01,1074870,1.87,2.41,1.87,2.32
714204,千附精群益63購01,0,,,,
714205,中美晶群益63購06,300690,1.85,1.95,1.85,1.93
714206,世界群益65購01,111720,1.48,1.48,1.36,1.36
714207,均華群益63購02,28060,0.46,0.46,0.46,0.46
714208,均豪群益63購01,0,,,,
714209,宜鼎群益63購04,96920,0.89,0.95,0.89,0.94
714210,宜鼎群益63購05,0,,,,
714211,泓格群益63購01,0,,,,
714212,信驊群益63購01,271850,3.3,3.3,3.15,3.15
714213,信驊群益63購02,471990,2.27,2.27,2.03,2.04
714214,能率群益63購01,0,,,,
714215,崇越電群益63購01,0,,,,
714216,順達群益63購06,0,,,,
714217,鈊象群益66購01,52300,0.86,0.89,0.86,0.89
714218,勤凱群益63購01,13800,1.15,1.15,1.15,1.15
714219,新應材群益63購04,42880,0.64,0.64,0.64,0.64
714220,群聯群益63購12,31350,1.59,1.59,1.56,1.56
714221,群聯群益63購13,318910,1.42,1.42,1.33,1.4
714222,雷科群益63購01,273260,1.24,1.45,1.24,1.45
714223,雷科群益63購02,157430,1.13,1.24,1.13,1.24
714224,穩懋群益63購05,573760,0.99,1.03,0.94,1.03
714225,天良國票64購02,10250,0.46,0.49,0.45,0.45
714226,光頡國票65購01,591760,2.73,3.05,2.58,2.91
714227,均華國票65購02,0,,,,
714228,昇達科國票65購01,96290,1.33,1.36,1.33,1.34
714229,金山電國票6A購01,1640,0.82,0.82,0.82,0.82
714230,信紘科國票64購01,99490,1.37,1.45,1.37,1.45
714231,信紘科國票65購01,0,,,,
714232,信驊國票64購01,8360,4.18,4.18,4.18,4.18
714233,華宏國票69購01,8670,0.71,0.77,0.71,0.75
714234,雅特力國票67購01,0,,,,
714235,雷科國票65購01,0,,,,
714236,漢達國票6B購01,26340,1.08,1.08,1.05,1.05
714237,磐亞國票66購02,0,,,,
714238,穩懋國票66購01,30990,1.02,1.02,0.99,0.99
714239,穩懋國票67購01,12000,1.2,1.2,1.2,1.2
714240,巨有元大63購01,0,,,,
714241,巨有元大63購02,0,,,,
714242,弘塑元大63購06,84000,1.12,1.12,1.12,1.12
714243,弘塑元大63購07,0,,,,
714244,弘塑元大63購08,85760,0.46,0.48,0.46,0.48
714245,竹陞元大63購02,11030,0.79,0.79,0.78,0.78
714246,竹陞元大69購01,413070,0.63,0.64,0.63,0.64
714247,均華元大63購04,84000,0.42,0.42,0.42,0.42
714248,均豪元大63購01,52700,1.7,1.7,1.7,1.7
714249,均豪元大63購02,120320,0.64,0.64,0.64,0.64
714250,均豪元大67購01,166640,0.76,0.79,0.76,0.79
714251,東捷元大63購02,198470,1.2,1.35,1.2,1.3
714252,東捷元大67購01,121740,1.42,1.42,1.4,1.4
714253,東捷元大69購01,41480,0.68,0.76,0.68,0.74
714254,南俊元大63購01,930,0.93,0.93,0.93,0.93
714255,南俊元大69購01,0,,,,
714256,崇越電元大63購01,33780,1.09,1.09,1.08,1.08
714257,群聯元大63購28,111260,1.41,1.41,1.34,1.35
714258,聖暉*元大63購02,159310,1.0,1.05,0.99,1.05
714259,聖暉*元大63購03,304780,0.88,0.96,0.88,0.96
714260,營邦元大63購06,252060,0.91,0.94,0.89,0.89
714261,FH中5G凱基64購01,4410,1.5,1.5,1.41,1.41
714262,世界凱基65購02,7590,2.53,2.53,2.53,2.53
714263,弘塑凱基66購01,125090,1.55,1.59,1.55,1.59
714264,印能凱基63購03,267300,0.94,1.15,0.94,1.15
714265,均豪凱基64購01,244200,0.81,0.84,0.81,0.84
714266,泓格凱基64購01,14200,1.42,1.42,1.42,1.42
714267,崇越電凱基63購02,0,,,,
714268,凱崴凱基65購01,0,,,,
714269,博士旺凱基63購01,1140,0.38,0.38,0.38,0.38
714270,華宏凱基63購01,5000,1.0,1.0,1.0,1.0
714271,鈊象凱基63購06,268640,2.17,2.22,2.17,2.22
714272,新普凱基63購01,4320,1.08,1.08,1.08,1.08
714273,新應材凱基63購10,90630,1.27,1.3,1.26,1.3
714274,群聯凱基63購20,99320,2.09,2.09,1.96,2.04
714275,營邦凱基66購01,0,,,,
714276,世界台新63購01,39010,2.47,2.47,2.3,2.3
714277,宜鼎台新65購03,0,,,,
714278,東捷台新63購04,88230,1.04,1.24,1.04,1.17
714279,南俊台新63購01,0,,,,
714280,南俊台新63購02,36000,0.75,0.75,0.75,0.75
714281,頎邦台新63購02,167300,3.0,3.05,2.98,3.05
714282,頎邦台新66購01,125110,2.26,2.32,2.26,2.32
714283,安葆國票68購02,16100,1.61,1.61,1.61,1.61
714284,南俊國票66購01,0,,,,
714285,新應材國票64購02,2580,1.29,1.29,1.29,1.29
714286,雷科國票64購01,269900,1.2,1.66,1.17,1.63
714287,雷科國票64購02,67280,1.37,1.52,1.37,1.52
714288,M31群益63購02,2615020,1.51,2.0,1.5,1.9
714289,巨有群益63購02,229380,4.88,4.92,4.62,4.92
714290,光頡群益63購01,0,,,,
714291,光頡群益66購01,488050,2.92,3.45,2.8,3.1
714292,竹陞群益63購01,160290,0.9,1.03,0.9,1.03
714293,竹陞群益63購02,34800,0.76,0.85,0.76,0.85
714294,均華群益65購02,109500,0.75,0.75,0.75,0.75
714295,宏捷科群益63購03,405830,0.85,0.9,0.82,0.9
714296,系微群益63購01,470020,1.22,1.3,1.2,1.3
714297,良維群益63購03,162780,3.86,3.89,3.86,3.89
714298,宜鼎群益63購06,135250,1.77,1.87,1.77,1.87
714299,東捷群益65購02,583960,1.48,1.79,1.48,1.65
714300,南俊群益63購01,880,0.88,0.88,0.88,0.88
714301,南俊群益63購02,0,,,,
714302,威剛群益63購09,28560,2.38,2.38,2.38,2.38
714303,雅特力群益63購01,0,,,,
714304,雅特力群益63購02,26800,0.67,0.67,0.67,0.67
714305,新應材群益63購05,0,,,,
714306,群聯群益63購14,281320,3.79,3.79,3.48,3.65
714307,頎邦群益63購04,17700,1.6,1.63,1.59,1.63
714308,頎邦群益63購05,1212260,1.51,1.51,1.41,1.49
714309,營邦群益64購01,136210,1.41,1.51,1.41,1.51
714310,光頡統一68購02,2742580,1.13,1.27,1.09,1.25
714311,光頡統一69購01,701780,1.2,1.35,1.15,1.35
714312,佳邦統一6B購01,0,,,,
714313,昇達科統一68購01,1355030,0.77,0.78,0.75,0.77
714314,昇達科統一6C購03,45600,0.76,0.76,0.76,0.76
714315,昇達科統一6C購04,15000,0.75,0.75,0.75,0.75
714316,東捷統一6B購02,619940,0.6,0.62,0.6,0.62
714317,金山電統一69購01,127080,0.62,0.63,0.6,0.6
714318,南俊統一6C購01,0,,,,
714319,雷科統一69購01,161380,0.75,0.93,0.75,0.93
714320,雷科統一6B購01,152320,0.6,0.65,0.6,0.65
714321,雷科統一6C購01,53100,0.59,0.59,0.59,0.59
714322,德微統一69購01,0,,,,
714323,宏捷科中信63購01,38420,0.33,0.34,0.32,0.34
714324,宏捷科國泰64購01,49720,1.22,1.3,1.22,1.3
714325,世界富邦63購02,192290,0.76,0.77,0.72,0.73
714326,印能富邦65購01,105970,0.43,0.48,0.43,0.48
714327,東捷富邦65購01,1002810,0.61,0.73,0.61,0.69
714328,M31永豐63購02,33810,1.85,2.02,1.85,2.02
714329,久元永豐63購02,0,,,,
714330,均華永豐64購01,10400,1.3,1.3,1.3,1.3
714331,均豪永豐63購01,0,,,,
714332,沛亨永豐63購03,3860,1.28,1.3,1.28,1.3
714333,亞通永豐63購01,17520,1.28,1.39,1.28,1.39
714334,群聯永豐63購08,38710,0.89,0.93,0.89,0.93
714335,達航永豐65購01,0,,,,
714336,巨有凱基63購01,0,,,,
714337,弘塑凱基63購08,355110,1.35,1.4,1.35,1.38
714338,光頡凱基65購01,504990,2.52,2.97,2.52,2.73
714339,竹陞凱基63購04,181250,0.73,0.82,0.73,0.82
714340,均華凱基65購02,8900,0.89,0.89,0.89,0.89
714341,宏捷科凱基63購03,150930,0.99,1.02,0.99,1.02
714342,沛亨凱基63購04,141210,1.6,1.64,1.53,1.53
714343,系微凱基63購01,894730,1.4,1.57,1.38,1.57
714344,良維凱基63購05,0,,,,
714345,宜鼎凱基63購12,42860,1.33,1.36,1.33,1.36
714346,東捷凱基64購01,33630,1.77,1.77,1.77,1.77
714347,東捷凱基65購01,76410,1.96,2.23,1.96,2.14
714348,青雲凱基63購03,4500,1.5,1.5,1.5,1.5
714349,南俊凱基63購01,0,,,,
714350,南俊凱基63購02,0,,,,
714351,威剛凱基67購02,0,,,,
714352,家登凱基64購02,0,,,,
714353,聖暉*凱基65購02,794470,2.34,2.42,2.34,2.4
714354,頎邦凱基65購02,0,,,,
714355,環球晶凱基63購02,122720,1.48,1.52,1.48,1.5
714356,環球晶凱基63購03,32080,1.48,1.48,1.44,1.44
714357,環球晶凱基69購02,47880,3.03,3.03,2.97,2.97
714358,巨有台新65購01,224950,3.95,3.95,3.76,3.88
714359,光頡台新63購02,65720,4.14,4.14,4.1,4.1
714360,印能台新63購03,146520,0.99,0.99,0.99,0.99
714361,竹陞台新63購02,14100,0.94,0.94,0.94,0.94
714362,均豪台新64購01,21960,1.83,1.83,1.83,1.83
714363,均豪台新64購02,19350,1.29,1.29,1.29,1.29
714364,宜鼎台新63購03,0,,,,
714365,威剛台新66購02,0,,,,
714366,家登台新64購02,0,,,,
714367,家登台新66購01,0,,,,
714368,家碩台新66購01,0,,,,
714369,創新服台新63購01,811650,1.3,1.32,1.28,1.31
714370,創新服台新63購02,60950,1.04,1.04,1.03,1.03
714371,創新服台新63購03,28180,1.22,1.22,1.17,1.17
714372,創新服台新63購04,39600,0.99,0.99,0.99,0.99
714373,環球晶台新64購01,510240,1.44,1.44,1.36,1.39
714374,環球晶台新64購02,184550,1.1,1.15,1.1,1.11
714375,耀穎台新63購02,62650,1.72,1.72,1.59,1.59
714376,M31元大63購02,147290,2.03,2.29,2.03,2.29
714377,M31元大63購03,302260,0.95,1.2,0.95,1.17
714378,弘塑元大63購09,86790,1.55,1.58,1.55,1.57
714379,弘塑元大63購10,0,,,,
714380,弘塑元大66購02,357000,0.85,0.85,0.85,0.85
714381,光頡元大63購03,256160,1.76,2.0,1.71,2.0
714382,光頡元大63購04,424220,1.26,1.42,1.26,1.37
714383,竹陞元大63購03,172860,0.67,0.67,0.67,0.67
714384,竹陞元大69購02,168840,0.84,0.84,0.84,0.84
714385,均豪元大63購03,228000,0.65,0.67,0.65,0.67
714386,亞通元大63購01,2100,2.1,2.1,2.1,2.1
714387,亞通元大63購02,28400,2.4,2.4,2.0,2.0
714388,宜鼎元大63購15,419850,0.66,0.69,0.66,0.69
714389,昇達科元大63購02,184470,1.11,1.11,1.08,1.09
714390,昇達科元大63購03,1156980,0.97,0.99,0.93,0.96
714391,東捷元大63購03,0,,,,
714392,東捷元大67購02,7650,1.53,1.53,1.53,1.53
714393,東捷元大69購02,0,,,,
714394,萊德光元大63購01,375940,1.03,1.04,1.01,1.04
714395,萊德光元大63購02,136610,1.27,1.27,1.24,1.24
714396,雅特力元大63購04,364500,0.9,0.9,0.9,0.9
714397,群聯元大63購29,14220,1.18,1.19,1.18,1.19
714398,群聯元大69購01,45820,1.6,1.6,1.54,1.58
714399,聖暉*元大63購04,290850,0.98,1.07,0.98,1.07
714400,雷科元大63購02,120000,0.96,1.01,0.94,1.01
714401,營邦元大63購07,315660,1.18,1.18,1.13,1.13
714402,環球晶元大63購09,59920,0.69,0.71,0.69,0.7
714403,環球晶元大63購10,325090,0.85,0.87,0.82,0.84
714404,光頡國票64購01,0,,,,
714405,光頡國票66購01,504570,2.32,2.59,2.21,2.59
714406,昇達科國票64購01,305280,1.4,1.43,1.36,1.42
714407,創新服國票65購01,132550,1.15,1.15,1.1,1.1
714408,萊德光國票66購01,0,,,,
714409,頎邦國票69購01,0,,,,
714410,環球晶國票66購02,48300,1.61,1.61,1.61,1.61
714411,群聯中信67購02,205690,0.9,0.91,0.87,0.89
714412,環球晶中信63購01,85940,0.53,0.53,0.51,0.52
714413,尼克森永豐63購01,2868690,1.7,2.27,1.65,1.91
714414,正德永豐63購01,14400,0.72,0.72,0.72,0.72
714415,安葆永豐65購01,165880,1.66,1.91,1.66,1.74
714416,亞信永豐64購01,202630,0.98,0.98,0.93,0.93
714417,美琪瑪永豐63購01,0,,,,
714418,家登永豐65購01,50160,1.52,1.52,1.52,1.52
714419,泰藝永豐63購01,1260,1.26,1.26,1.26,1.26
714420,高僑永豐63購01,20500,1.05,1.05,1.0,1.0
714421,創新服永豐63購01,0,,,,
714422,創新服永豐64購01,410080,0.87,0.94,0.85,0.85
714423,創新服永豐65購01,63080,1.1,1.1,1.08,1.08
714424,創新服永豐66購01,92320,1.07,1.07,1.06,1.06
714425,博大永豐63購01,0,,,,
714426,博盛永豐64購02,112700,1.61,1.61,1.61,1.61
714427,晶呈永豐63購01,123440,1.08,1.08,1.07,1.07
714428,華電網永豐63購01,0,,,,
714429,廣明永豐63購01,0,,,,
714430,優群永豐63購01,18960,0.79,0.79,0.79,0.79
714431,環球晶永豐64購01,268840,1.42,1.42,1.36,1.37
714432,中美晶富邦69購01,226860,0.66,0.7,0.66,0.7
714433,台特化富邦63購01,195000,0.5,0.5,0.5,0.5
714434,沛亨富邦63購02,0,,,,
714435,良維富邦65購01,221040,0.69,0.72,0.68,0.68
714436,蜜望實富邦66購01,129850,0.57,0.59,0.56,0.56
714437,竹陞國泰64購01,62410,0.83,0.94,0.83,0.93
714438,東捷國泰64購02,27500,1.25,1.25,1.25,1.25
714439,家登國泰64購01,58880,1.28,1.28,1.28,1.28
714440,雅特力國泰64購01,0,,,,
714441,頎邦國泰64購01,50900,2.04,2.04,2.03,2.04
714442,環球晶國泰64購02,34320,1.43,1.43,1.43,1.43
714443,亞通統一6C購01,33840,0.6,0.64,0.6,0.62
714444,昇達科統一74購01,87000,0.87,0.87,0.87,0.87
714445,東捷統一66購03,158250,0.62,0.68,0.62,0.68
714446,東捷統一68購03,203750,0.75,0.76,0.75,0.76
714447,東捷統一6A購01,0,,,,
714448,南俊統一74購01,0,,,,
714449,雷科統一67購01,99310,0.64,0.81,0.64,0.81
714450,世界群益63購03,0,,,,
714451,巨有群益63購03,0,,,,
714452,均華群益63購03,290630,0.63,0.64,0.62,0.62
714453,亞通群益63購02,32020,1.02,1.13,1.02,1.12
714454,亞通群益63購03,40630,0.95,1.07,0.95,1.06
714455,東捷群益65購03,83000,1.67,1.67,1.6,1.6
714456,青雲群益63購02,10300,1.03,1.03,1.03,1.03
714457,信立群益63購02,0,,,,
714458,威剛群益63購10,36600,3.05,3.05,3.05,3.05
714459,家登群益63購06,5400,1.08,1.08,1.08,1.08
714460,萊德光群益63購01,23740,3.0,3.0,2.82,2.82
714461,鈊象群益69購01,4400,0.88,0.88,0.88,0.88
714462,新應材群益63購06,161370,2.39,2.43,2.39,2.43
714463,群聯群益63購15,10900,2.18,2.18,2.18,2.18
714464,群聯群益65購03,46510,1.1,1.1,1.04,1.05
714465,營邦群益69購01,0,,,,
714466,環球晶群益63購04,1748680,1.43,1.43,1.37,1.38
714467,光頡元大63購05,250560,1.78,1.98,1.7,1.98
714468,光頡元大63購06,161990,1.7,1.94,1.65,1.83
714469,光頡元大63購07,308830,1.33,1.48,1.33,1.41
714470,均華元大63購05,146560,0.46,0.47,0.46,0.47
714471,宏捷科元大63購02,0,,,,
714472,沛亨元大63購04,0,,,,
714473,沛亨元大63購05,3680,0.93,0.93,0.91,0.91
714474,亞通元大63購03,78000,1.27,1.32,1.27,1.32
714475,亞通元大63購04,1760,0.86,0.9,0.86,0.9
714476,宜鼎元大63購16,383450,0.73,0.76,0.73,0.76
714477,東捷元大63購04,0,,,,
714478,東捷元大68購01,0,,,,
714479,欣銓元大63購04,0,,,,
714480,欣銓元大63購05,0,,,,
714481,信昌電元大63購01,84550,1.54,1.55,1.51,1.51
714482,信昌電元大63購02,267440,1.51,1.56,1.47,1.53
714483,信昌電元大63購03,161990,1.51,1.59,1.5,1.56
714484,南俊元大63購02,75040,1.12,1.12,1.12,1.12
714485,威剛元大66購01,0,,,,
714486,群聯元大66購07,45630,1.28,1.28,1.26,1.26
714487,群聯元大69購02,80020,1.23,1.23,1.18,1.18
714488,雷科元大63購03,59950,1.09,1.09,1.09,1.09
714489,營邦元大69購01,240860,1.18,1.18,1.16,1.16
714490,環球晶元大63購11,26100,1.45,1.45,1.45,1.45
714491,光頡國票66購02,508010,1.78,2.06,1.7,2.03
714492,旭然國票67購01,0,,,,
714493,亞通國票64購02,7560,1.26,1.26,1.26,1.26
714494,亞通國票66購01,0,,,,
714495,建榮國票64購01,0,,,,
714496,建榮國票65購01,0,,,,
714497,家登國票64購02,81000,1.62,1.62,1.62,1.62
714498,新漢國票64購01,0,,,,
714499,擎亞國票64購02,10430,1.49,1.49,1.49,1.49
714500,穩懋國票65購02,124000,0.9,0.9,0.88,0.9
714501,世界凱基63購07,40300,2.1,2.14,2.1,2.14
714502,巨有凱基63購02,55730,4.4,4.4,4.13,4.38
714503,竹陞凱基63購05,0,,,,
714504,亞通凱基63購02,2189490,0.96,1.04,0.95,1.03
714505,信立凱基63購01,0,,,,
714506,信昌電凱基63購01,90950,3.3,3.3,2.56,2.57
714507,信昌電凱基63購02,0,,,,
714508,信昌電凱基63購03,781750,2.3,2.37,2.25,2.29
714509,信昌電凱基63購04,326350,2.36,2.41,2.31,2.37
714510,創新服凱基63購01,311120,1.03,1.1,1.0,1.02
714511,新應材凱基63購11,160880,2.28,2.32,2.28,2.32
714512,群聯凱基63購21,33340,2.09,2.09,1.99,1.99
714513,營邦凱基63購07,1213510,2.25,2.43,2.15,2.21
714514,穩懋凱基63購10,61830,2.59,2.6,2.51,2.6
714515,巨有群益63購04,32320,3.11,3.49,3.11,3.49
714516,光頡群益63購02,1919640,2.89,3.4,2.78,3.2
714517,光頡群益65購01,2426230,1.93,2.21,1.84,2.01
714518,印能群益63購02,69600,2.06,2.21,2.06,2.21
714519,竹陞群益64購01,537400,0.65,0.76,0.65,0.76
714520,宜鼎群益63購07,20300,2.03,2.03,2.03,2.03
714521,威剛群益63購11,29400,2.45,2.45,2.45,2.45
714522,家登群益63購07,0,,,,
714523,環球晶群益63購05,321450,2.21,2.28,2.21,2.28
714524,環球晶群益63購06,764170,1.34,1.34,1.28,1.34
714525,伍豐永豐63購01,0,,,,
714526,竹陞永豐63購02,0,,,,
714527,沛亨永豐63購04,23100,2.31,2.31,2.31,2.31
714528,亞通永豐65購01,8030,0.83,0.9,0.83,0.9
714529,宜鼎永豐63購08,186050,1.59,1.7,1.57,1.7
714530,信昌電永豐63購01,352260,1.59,1.71,1.59,1.63
714531,信昌電永豐63購02,451050,0.93,0.93,0.9,0.91
714532,信昌電永豐64購01,145020,1.48,1.48,1.44,1.46
714533,信昌電永豐65購01,275240,1.25,1.31,1.25,1.27
714534,南俊永豐63購01,49600,1.24,1.24,1.24,1.24
714535,健喬永豐63購01,0,,,,
714536,群聯永豐63購09,20270,3.37,3.39,3.34,3.34
714537,群聯永豐63購10,0,,,,
714538,穩懋永豐63購06,217260,2.13,2.13,2.13,2.13
714539,穩懋永豐63購07,216640,3.12,3.16,3.12,3.16
714540,騰雲永豐63購01,0,,,,
714541,系微富邦64購01,594440,0.81,0.88,0.79,0.88
714542,宜鼎富邦63購04,147420,0.59,0.62,0.59,0.62
714543,欣銓富邦63購01,7900,0.61,0.61,0.58,0.58
714544,環球晶富邦69購01,390240,0.49,0.49,0.47,0.47
714545,環球晶富邦69購02,875320,0.61,0.61,0.58,0.59
714546,中美晶國泰65購01,134500,1.93,1.93,1.91,1.91
714547,巨有國泰64購01,10440,3.48,3.48,3.48,3.48
714548,光頡國泰64購02,440240,2.03,2.11,1.94,2.11
714549,均豪國泰64購01,0,,,,
714550,沛亨國泰64購01,34390,1.81,1.81,1.81,1.81
714551,亞通國泰64購01,7450,1.49,1.49,1.49,1.49
714552,信昌電國泰64購01,256350,1.81,1.9,1.81,1.83
714553,信昌電國泰64購02,539680,1.62,1.74,1.62,1.66
714554,萊德光國泰64購01,66230,1.77,1.77,1.72,1.73
714555,群聯國泰64購01,0,,,,
714556,擎亞國泰64購01,101700,1.13,1.13,1.13,1.13
714557,穩懋國泰64購03,21240,2.36,2.36,2.36,2.36
714558,巨有統一79購01,93780,1.01,1.02,0.98,1.02
714559,弘塑統一68購01,0,,,,
714560,竹陞統一6C購01,23000,0.46,0.46,0.46,0.46
714561,信昌電統一68購01,0,,,,
714562,信昌電統一68購02,23390,0.87,0.87,0.86,0.86
714563,信昌電統一69購01,167700,0.78,0.78,0.78,0.78
714564,信昌電統一79購01,0,,,,
714565,穩懋統一69購01,389060,0.84,0.84,0.82,0.82
714566,台特化台新63購01,149300,1.82,1.87,1.82,1.87
714567,旭然台新63購01,148600,1.12,1.12,1.1,1.1
714568,竹陞台新63購03,0,,,,
714569,竹陞台新64購01,11160,0.93,0.93,0.93,0.93
714570,宏捷科台新63購01,18450,1.23,1.23,1.23,1.23
714571,系微台新63購01,284330,1.52,1.72,1.52,1.72
714572,良維台新66購01,47600,1.88,1.92,1.88,1.92
714573,信昌電台新63購01,0,,,,
714574,信昌電台新66購01,66800,1.67,1.67,1.67,1.67
714575,茂達台新63購01,8790,1.46,1.49,1.46,1.49
714576,家登台新63購01,0,,,,
714577,穩懋台新63購03,0,,,,
714578,穩懋台新63購04,0,,,,
714579,穩懋台新63購05,98600,1.45,1.45,1.45,1.45
714580,巨有永豐66購01,207420,1.33,1.34,1.24,1.32
714581,朋億*永豐64購01,1300,1.3,1.3,1.3,1.3
714582,南俊永豐63購02,0,,,,
714583,南俊永豐67購01,0,,,,
714584,智崴永豐64購01,0,,,,
714585,萊德光永豐63購02,609940,1.57,1.61,1.51,1.53
714586,頎邦永豐63購05,0,,,,
714587,方土昶元大63購03,0,,,,
714588,台半元大65購01,17980,1.5,1.5,1.49,1.49
714589,巨有元大63購03,29450,2.75,2.75,2.56,2.56
714590,巨有元大63購04,2680,2.68,2.68,2.68,2.68
714591,均華元大63購06,150000,0.5,0.5,0.5,0.5
714592,均華元大63購07,483080,0.51,0.52,0.5,0.5
714593,宏捷科元大63購03,308850,0.69,0.75,0.69,0.75
714594,宏捷科元大63購04,98790,0.83,0.88,0.83,0.88
714595,沛亨元大63購06,0,,,,
714596,沛亨元大65購01,0,,,,
714597,宜鼎元大64購06,0,,,,
714598,青雲元大63購05,339100,1.03,1.05,1.03,1.05
714599,威剛元大63購15,27000,1.78,1.81,1.78,1.81
714600,創新服元大63購01,0,,,,
714601,萊德光元大63購03,199970,0.95,0.98,0.95,0.95
714602,萊德光元大64購01,478800,1.01,1.05,1.01,1.02
714603,萊德光元大64購02,413380,1.07,1.07,1.04,1.04
714604,雅特力元大63購05,66080,1.18,1.18,1.18,1.18
714605,群聯元大63購30,0,,,,
714606,環球晶元大64購03,352120,1.62,1.64,1.56,1.58
714607,環球晶元大65購06,99130,1.31,1.31,1.25,1.27
714608,世界群益63購04,342700,2.81,2.81,2.59,2.59
714609,巨有群益64購01,26170,2.39,2.39,2.27,2.27
714610,茂綸群益63購02,264460,0.99,0.99,0.94,0.94
714611,順達群益63購07,35050,1.65,1.67,1.65,1.67
714612,順達群益65購01,0,,,,
714613,新應材群益63購07,0,,,,
714614,營邦群益63購03,342870,2.0,2.14,1.97,2.01
714615,穩懋群益63購06,1172540,3.48,3.59,3.25,3.59
714616,方土昶國票65購02,0,,,,
714617,台星科國票65購01,25380,1.19,1.22,1.19,1.22
714618,巨有國票64購01,9280,2.32,2.32,2.32,2.32
714619,巨有國票65購01,18540,2.63,2.72,2.63,2.72
714620,旭然國票69購01,0,,,,
714621,均華國票64購01,7590,0.69,0.69,0.69,0.69
714622,宏捷科國票65購01,0,,,,
714623,系微國票65購03,0,,,,
714624,良維國票66購01,0,,,,
714625,昇達科國票64購02,280190,2.0,2.02,1.96,2.02
714626,朋億*國票65購01,0,,,,
714627,南俊國票68購01,0,,,,
714628,萊德光國票65購02,423440,0.94,0.94,0.92,0.94
714629,群聯國票65購01,0,,,,
714630,磐亞國票65購02,12400,1.24,1.24,1.24,1.24
714631,巨有台新63購01,0,,,,
714632,巨有台新66購01,0,,,,
714633,巨有台新69購01,0,,,,
714634,巨有台新69購02,0,,,,
714635,印能台新65購01,144900,1.38,1.38,1.38,1.38
714636,昇達科台新63購03,457440,2.43,2.46,2.34,2.44
714637,茂綸台新63購02,20100,1.34,1.34,1.34,1.34
714638,創新服台新65購01,256450,1.33,1.38,1.33,1.33
714639,群聯台新63購09,0,,,,
714640,群聯台新63購10,0,,,,
714641,聖暉*台新66購01,164370,1.9,2.02,1.9,2.02
714642,印能凱基64購03,2421430,1.86,2.18,1.86,2.18
714643,均華凱基63購03,205260,0.81,0.84,0.8,0.8
714644,沛亨凱基64購01,0,,,,
714645,良維凱基67購01,0,,,,
714646,宜鼎凱基63購13,150290,1.77,1.89,1.75,1.89
714647,欣銓凱基63購02,53700,1.79,1.79,1.79,1.79
714648,威剛凱基65購04,169870,2.96,2.99,2.96,2.98
714649,建榮凱基64購01,9200,2.3,2.3,2.3,2.3
714650,家登凱基63購04,0,,,,
714651,萊德光凱基63購02,434560,1.91,2.02,1.91,1.94
714652,環球晶凱基63購04,334730,2.57,2.57,2.41,2.44
714653,穩懋凱基65購02,119980,3.11,3.17,3.11,3.17
714654,穩懋凱基68購01,1388560,3.73,3.84,3.59,3.82
714655,世界國泰64購01,0,,,,
714656,世界國泰64購02,41680,1.59,1.59,1.46,1.46
714657,朋億*國泰65購01,38150,1.93,1.93,1.9,1.9
714658,欣銓國泰64購01,6270,2.12,2.12,2.03,2.03
714659,青雲國泰64購01,0,,,,
714660,德微國泰64購01,361060,3.34,3.46,3.34,3.42
714661,巨有統一69購01,35360,1.21,1.28,1.21,1.28
714662,巨有統一79購02,0,,,,
714663,信昌電統一6C購01,0,,,,
714664,信昌電統一6C購02,0,,,,
714665,信昌電統一79購02,147420,0.81,0.81,0.81,0.81
714666,寶雅*統一6C購01,29900,0.65,0.65,0.65,0.65
714667,印能富邦64購01,164290,0.59,0.68,0.59,0.68
714668,印能富邦65購02,220330,0.53,0.61,0.53,0.61
714669,威剛富邦63購01,0,,,,
714670,建榮富邦63購01,0,,,,
714671,鈊象富邦65購01,74010,0.89,1.03,0.89,1.03
714672,群聯富邦65購06,0,,,,
714673,群聯富邦65購07,8070,1.02,1.02,0.99,0.99
714674,群聯富邦65購08,0,,,,
714675,群聯富邦66購01,0,,,,
714676,群聯富邦66購02,9700,0.97,0.97,0.97,0.97
714677,群聯富邦69購01,0,,,,
714678,台燿凱基63購01,1520380,1.9,2.05,1.85,1.95
714679,台燿凱基63購02,503630,2.04,2.04,1.89,1.91
714680,台燿凱基63購03,191260,1.79,1.91,1.73,1.73
714681,台燿凱基63購04,420320,2.3,2.42,2.26,2.27
714682,台燿凱基65購01,140520,2.47,2.52,2.39,2.41
714683,台燿凱基65購02,442610,2.48,2.48,2.35,2.35
714684,台燿凱基65購03,534000,2.22,2.28,2.18,2.2
714685,青雲凱基63購04,205200,1.35,1.35,1.31,1.31
714686,茂綸凱基63購01,7600,1.52,1.52,1.52,1.52
714687,新應材凱基63購12,89550,2.24,2.24,2.21,2.21
714688,群聯凱基63購22,0,,,,
714689,台半台新64購01,0,,,,
714690,台燿台新63購01,1326350,2.21,2.32,2.16,2.16
714691,台燿台新66購01,1448600,2.53,2.67,2.47,2.49
714692,台燿台新69購01,450200,2.42,2.51,2.38,2.44
714693,印能台新65購02,10500,1.75,1.75,1.75,1.75
714694,印能台新65購03,155840,1.12,1.2,1.12,1.2
714695,良維台新63購01,0,,,,
714696,宜鼎台新66購01,108810,2.64,2.79,2.64,2.79
714697,台燿群益63購01,1703830,1.7,1.89,1.68,1.72
714698,台燿群益63購02,1248510,1.87,1.95,1.81,1.81
714699,台燿群益63購03,611280,1.56,1.66,1.52,1.53
714700,印能群益63購03,361240,1.32,1.45,1.32,1.45
714701,竹陞群益64購02,76960,1.02,1.03,1.02,1.03
714702,亞通群益64購01,126350,1.52,1.59,1.52,1.55
714703,亞通群益66購01,33950,1.75,1.8,1.75,1.79
714704,宜鼎群益63購08,0,,,,
714705,欣銓群益63購03,256030,3.02,3.02,2.73,2.73
714706,青雲群益63購03,0,,,,
714707,青雲群益65購01,0,,,,
714708,威剛群益63購12,33840,2.82,2.82,2.82,2.82
714709,家登群益63購08,364900,3.37,3.5,3.37,3.47
714710,頎邦群益65購01,0,,,,
714711,穩懋群益63購07,82610,4.23,4.23,3.97,4.11
714712,台燿元大63購01,667480,1.39,1.4,1.31,1.31
714713,台燿元大64購05,4842060,1.39,1.4,1.33,1.34
714714,台燿元大65購01,1582180,1.46,1.5,1.4,1.4
714715,印能元大63購03,39220,1.26,1.34,1.26,1.34
714716,沛亨元大63購07,0,,,,
714717,良維元大63購05,493950,0.82,0.84,0.8,0.84
714718,亞通元大63購05,19000,1.9,1.9,1.9,1.9
714719,宜鼎元大64購07,447210,0.79,0.84,0.79,0.84
714720,昇達科元大63購04,287010,1.36,1.37,1.3,1.34
714721,昇達科元大63購05,280510,1.04,1.06,0.99,1.06
714722,信昌電元大63購04,5730,1.91,1.91,1.91,1.91
714723,信昌電元大63購05,196870,0.7,0.74,0.7,0.71
714724,威剛元大63購16,0,,,,
714725,茂綸元大63購01,0,,,,
714726,茂綸元大64購01,43860,0.86,0.86,0.86,0.86
714727,家登元大63購02,0,,,,
714728,家登元大64購02,0,,,,
714729,群聯元大63購31,43130,1.49,1.49,1.45,1.49
714730,群聯元大63購33,35180,1.9,1.9,1.81,1.85
714731,環球晶元大64購04,38190,1.57,1.65,1.57,1.58
714732,環球晶元大65購07,89770,1.31,1.33,1.28,1.28
714733,台燿永豐63購01,569390,1.33,1.39,1.32,1.36
714734,台燿永豐63購02,67530,1.28,1.28,1.22,1.22
714735,台燿永豐63購03,80890,0.82,0.85,0.81,0.81
714736,台燿永豐63購04,70960,1.01,1.02,0.96,0.96
714737,台燿永豐64購03,235830,1.02,1.08,1.01,1.01
714738,台燿永豐64購04,169840,1.33,1.41,1.33,1.34
714739,台燿永豐65購01,235580,1.23,1.23,1.16,1.16
714740,台燿永豐65購02,37400,1.7,1.7,1.7,1.7
714741,台燿永豐66購01,20400,2.04,2.04,2.04,2.04
714742,台燿永豐66購02,38860,3.83,3.99,3.83,3.99
714743,台燿永豐69購01,68090,2.54,2.54,2.47,2.47
714744,台燿永豐69購02,0,,,,
714745,台燿永豐73購01,34700,3.47,3.47,3.47,3.47
714746,弘塑永豐64購02,0,,,,
714747,光焱永豐65購01,0,,,,
714748,欣銓永豐63購01,235470,1.83,1.83,1.67,1.67
714749,博盛永豐64購03,9650,1.93,1.93,1.93,1.93
714750,蜜望實永豐64購01,0,,,,
714751,營邦永豐65購01,58950,0.91,0.91,0.89,0.89
714752,環球晶永豐64購02,100940,1.12,1.12,1.08,1.08
714753,穩懋永豐63購08,189670,3.65,3.95,3.56,3.95
714754,台燿中信63購01,1227870,0.74,0.8,0.71,0.73
714755,欣銓中信63購01,266000,0.79,0.79,0.72,0.72
714756,信昌電中信63購01,924650,0.86,0.92,0.83,0.88
714757,雷科中信63購01,435030,0.9,1.1,0.9,1.1
714758,台燿國票67購01,248850,1.17,1.21,1.14,1.17
714759,東捷國票66購01,31650,2.11,2.11,2.11,2.11
714760,信昌電國票64購01,14840,1.84,1.87,1.84,1.87
714761,信昌電國票64購02,41960,1.81,1.94,1.81,1.9
714762,信昌電國票65購01,71680,2.2,2.2,2.16,2.16
714763,信昌電國票65購02,92910,2.24,2.29,2.2,2.29
714764,信昌電國票66購01,112230,2.39,2.46,2.39,2.44
714765,宣德國票66購01,6400,0.64,0.64,0.64,0.64
714766,風青國票67購01,0,,,,
714767,營邦國票65購01,29250,2.25,2.25,2.25,2.25
714768,環球晶國票64購04,294470,2.38,2.38,2.24,2.24
714769,台燿統一65購02,1636720,0.64,0.69,0.64,0.65
714770,台燿統一69購01,148340,0.73,0.75,0.71,0.71
714771,台燿統一69購02,131240,0.8,0.84,0.79,0.79
714772,台燿統一6C購01,99620,0.67,0.67,0.66,0.66
714773,台燿統一71購02,201750,0.81,0.81,0.8,0.8
714774,台燿統一79購01,244100,0.93,0.95,0.93,0.94
714775,印能統一69購01,86480,0.72,0.76,0.72,0.76
714776,金山電統一79購01,0,,,,
714777,青雲統一79購01,0,,,,
714778,信昌電統一68購03,16300,0.66,0.66,0.65,0.65
714779,台燿國泰64購01,1550400,1.7,1.76,1.62,1.65
714780,台燿國泰64購02,784990,1.57,1.57,1.46,1.46
714781,信昌電國泰64購03,216040,1.81,1.91,1.78,1.83
714782,元太富邦64購03,181050,0.76,0.79,0.76,0.79
714783,台半富邦65購01,619660,0.85,0.88,0.84,0.84
714784,台燿富邦63購04,1027060,1.02,1.09,1.0,1.05
714785,台燿富邦63購05,545590,0.93,0.99,0.92,0.92
714786,金山電富邦65購01,127900,0.81,0.83,0.81,0.82
714787,晶呈富邦65購03,741820,0.96,1.02,0.95,1.02
714788,新應材富邦66購01,82250,0.74,0.76,0.73,0.76
714789,穩懋富邦67購01,107370,1.09,1.09,1.07,1.09
714790,譜瑞富邦64購03,20600,1.03,1.03,1.03,1.03
714791,印能台新63購04,129040,1.69,1.81,1.69,1.81
714792,茂綸台新63購03,0,,,,
714793,創新服台新65購02,229010,2.04,2.11,1.97,1.97
714794,富強鑫台新63購01,8350,1.2,1.2,1.19,1.19
714795,穩懋台新63購06,0,,,,
714796,穩懋台新63購07,1455140,3.14,3.35,3.14,3.34
714797,天品凱基63購01,544370,1.43,1.53,1.38,1.53
714798,台半凱基63購04,2130,2.13,2.13,2.13,2.13
714799,印能凱基63購04,570330,1.99,2.34,1.99,2.34
714800,沛亨凱基63購05,0,,,,
714801,良維凱基63購06,131730,2.83,3.02,2.83,3.02
714802,亞通凱基63購03,28420,2.58,2.6,2.58,2.58
714803,亞通凱基64購01,37340,2.82,2.91,2.82,2.91
714804,宜鼎凱基63購14,41390,1.35,1.35,1.33,1.33
714805,昇達科凱基63購05,58060,2.21,2.33,2.21,2.33
714806,欣銓凱基63購03,69120,2.66,2.66,2.48,2.48
714807,威剛凱基63購15,0,,,,
714808,家登凱基63購05,2740,2.74,2.74,2.74,2.74
714809,頎邦凱基63購08,0,,,,
714810,營邦凱基66購02,0,,,,
714811,環球晶凱基68購01,0,,,,
714812,穩懋凱基65購03,45240,2.85,2.93,2.75,2.93
714813,千附精統一79購01,0,,,,
714814,印能統一79購01,508760,1.6,1.75,1.6,1.75
714815,安碁統一69購01,0,,,,
714816,均華統一79購01,0,,,,
714817,崴寶統一6C購01,53960,0.76,0.76,0.76,0.76
714818,群聯統一69購03,0,,,,
714819,茂綸國泰64購01,23400,1.56,1.56,1.56,1.56
714820,順達國泰64購01,0,,,,
714821,環球晶國泰64購03,138300,1.8,1.8,1.72,1.72
714822,台燿富邦69購01,137030,0.74,0.77,0.73,0.73
714823,台燿富邦79購01,407420,1.29,1.33,1.26,1.28
714824,沛亨富邦66購01,0,,,,
714825,家登富邦65購01,0,,,,
714826,家登富邦65購02,0,,,,
714827,順達富邦64購03,0,,,,
714828,天品永豐63購01,209850,1.43,1.51,1.38,1.51
714829,世界永豐63購02,25520,2.32,2.32,2.32,2.32
714830,立端永豐63購01,60040,1.18,1.18,1.14,1.18
714831,宏碁資永豐64購01,1620,0.81,0.81,0.81,0.81
714832,青雲永豐64購02,1320,0.66,0.66,0.66,0.66
714833,宣德永豐64購01,65000,1.25,1.25,1.25,1.25
714834,晶宏永豐63購02,0,,,,
714835,群聯永豐63購11,0,,,,
714836,穩懋永豐66購02,134200,1.09,1.15,1.09,1.15
714837,中美晶元大64購07,356160,1.24,1.31,1.24,1.3
714838,元太元大63購10,0,,,,
714839,印能元大63購04,157130,0.78,0.88,0.78,0.88
714840,沛亨元大63購08,0,,,,
714841,良維元大63購06,0,,,,
714842,良維元大63購07,376780,2.1,2.18,2.1,2.14
714843,宜鼎元大66購02,48980,1.1,1.1,1.08,1.1
714844,東捷元大65購01,2217650,1.02,1.04,0.99,1.0
714845,威剛元大63購17,0,,,,
714846,家登元大63購03,0,,,,
714847,家登元大64購03,0,,,,
714848,晶宏元大63購04,11600,0.58,0.58,0.58,0.58
714849,群聯元大63購34,73700,1.77,1.77,1.72,1.72
714850,群聯元大67購01,206760,1.95,1.95,1.88,1.91
714851,群聯元大68購05,71700,2.25,2.25,2.24,2.24
714852,擎亞元大65購01,14840,1.06,1.06,1.06,1.06
714853,營邦元大63購08,31040,1.94,1.94,1.94,1.94
714854,環球晶元大63購12,0,,,,
714855,環球晶元大64購05,34960,1.67,1.67,1.66,1.66
714856,環球晶元大65購08,126820,1.24,1.24,1.22,1.22
714857,千附精國票65購02,18180,1.01,1.01,1.01,1.01
714858,巨漢國票64購01,63430,1.63,1.63,1.59,1.63
714859,印能國票64購02,10250,2.05,2.05,2.05,2.05
714860,印能國票65購02,0,,,,
714861,宜鼎國票65購03,0,,,,
714862,晶呈國票68購01,0,,,,
714863,M31群益63購03,61650,2.45,2.49,2.45,2.47
714864,天品群益63購01,1659270,1.82,1.92,1.73,1.9
714865,世界群益63購05,40800,1.36,1.36,1.36,1.36
714866,竹陞群益63購03,0,,,,
714867,威剛群益63購13,125200,1.14,1.15,1.13,1.15
714868,威剛群益63購14,0,,,,
714869,博盛群益63購02,140920,1.37,1.37,1.31,1.31
714870,順達群益63購08,25840,3.23,3.23,3.23,3.23
714871,鈊象群益64購02,99580,0.96,1.13,0.96,1.08
714872,新應材群益63購08,0,,,,
714873,新應材群益63購09,193630,3.0,3.07,2.98,3.07
714874,群聯群益63購16,270340,4.64,4.64,4.26,4.4
714875,頎邦群益64購01,0,,,,
714876,臺慶科群益64購01,0,,,,
714877,環球晶群益63購07,0,,,,
714878,環球晶群益63購08,0,,,,
714879,天品統一71購01,513520,0.7,0.7,0.69,0.69
714880,宏碁資統一69購01,0,,,,
714881,茂綸統一79購01,0,,,,
714882,穩懋統一69購02,0,,,,
714883,台半群益64購01,17300,1.69,1.77,1.69,1.77
714884,台燿群益64購01,303510,1.49,1.63,1.49,1.51
714885,宏捷科群益63購04,427200,1.09,1.15,1.08,1.15
714886,沛亨群益64購02,0,,,,
714887,欣銓群益63購04,90550,3.66,3.67,3.56,3.67
714888,家登群益63購09,0,,,,
714889,營邦群益64購02,91890,0.94,0.97,0.9,0.9
714890,環球晶群益63購09,117870,1.73,1.77,1.72,1.72
714891,穩懋群益63購09,16850,3.37,3.37,3.37,3.37
714892,宜鼎中信66購01,0,,,,
714893,均華永豐64購02,0,,,,
714894,宏捷科永豐63購02,10000,1.0,1.0,1.0,1.0
714895,宏捷科永豐64購02,180690,1.05,1.06,1.05,1.06
714896,良維永豐64購02,0,,,,
714897,宜鼎永豐63購09,0,,,,
714898,宜鼎永豐64購04,31300,3.13,3.13,3.13,3.13
714899,家登永豐63購05,53210,2.15,2.22,2.15,2.22
714900,群聯永豐63購12,0,,,,
714901,大綜元大63購01,181700,1.61,1.65,1.61,1.65
714902,台燿元大63購02,162140,1.38,1.44,1.38,1.44
714903,台燿元大63購03,64040,1.24,1.26,1.24,1.26
714904,台燿元大64購06,427650,1.25,1.28,1.25,1.27
714905,台燿元大65購02,21900,1.36,1.42,1.35,1.42
714906,印能元大63購05,210800,1.46,1.65,1.46,1.65
714907,沛亨元大63購09,0,,,,
714908,宜鼎元大68購01,297900,0.98,0.98,0.97,0.97
714909,威剛元大63購18,39350,2.45,2.46,2.45,2.46
714910,家登元大63購04,12500,2.09,2.09,2.07,2.07
714911,家登元大64購04,15760,1.97,1.97,1.97,1.97
714912,晶宏元大63購05,0,,,,
714913,順達元大63購12,0,,,,
714914,順達元大66購01,1500,1.5,1.5,1.5,1.5
714915,群聯元大63購35,0,,,,
714916,群聯元大67購02,0,,,,
714917,群聯元大68購06,0,,,,
714918,德微元大63購02,0,,,,
714919,營邦元大63購09,128080,1.9,1.96,1.9,1.96
714920,環球晶元大68購12,8880,1.48,1.48,1.48,1.48
714921,台半國票66購02,0,,,,
714922,立端國票65購02,11220,0.87,0.87,0.84,0.84
714923,茂綸國票66購01,0,,,,
714924,能率亞國票66購01,821180,0.82,0.83,0.82,0.82
714925,翔名國票69購01,0,,,,
714926,勤凱國票64購01,0,,,,
714927,勤凱國票65購01,0,,,,
714928,德微國票65購03,0,,,,
714929,穩懋國票6A購01,15000,1.5,1.5,1.5,1.5
714930,弘塑富邦63購04,240570,0.95,1.02,0.95,1.01
714931,良維富邦64購03,47960,0.83,0.83,0.82,0.82
714932,宜鼎富邦63購05,160860,0.79,0.84,0.78,0.84
714933,環球晶富邦63購02,114900,0.8,0.81,0.76,0.78
714934,順達國泰64購02,70110,1.71,1.71,1.71,1.71
714935,宏碁資台新63購01,27360,1.52,1.52,1.52,1.52
714936,宏碁資台新63購02,27600,0.92,0.92,0.92,0.92
714937,東捷台新65購01,39780,2.21,2.21,2.21,2.21
714938,高技台新63購02,0,,,,
714939,創新服台新64購01,189710,1.41,1.41,1.35,1.35
714940,德微台新63購02,0,,,,
714941,德微台新63購03,0,,,,
714942,環球晶台新69購01,31970,0.85,0.85,0.84,0.84
714943,穩懋台新69購01,105000,1.05,1.05,1.05,1.05
714944,大綜凱基63購02,160740,2.16,2.21,2.16,2.21
714945,中美晶凱基63購09,74410,2.31,2.45,2.31,2.45
714946,宏捷科凱基63購04,0,,,,
714947,宏碁資凱基63購01,0,,,,
714948,沛亨凱基64購02,0,,,,
714949,東捷凱基63購04,32300,1.9,1.9,1.9,1.9
714950,茂綸凱基63購02,0,,,,
714951,晶呈凱基63購02,44180,1.28,1.3,1.28,1.3
714952,群聯凱基65購02,235790,3.33,3.33,3.1,3.2
714953,擎亞凱基64購01,63900,1.6,1.6,1.59,1.59
714954,環球晶凱基64購05,145610,2.11,2.22,2.11,2.22
714955,台嘉碩台新66購01,127860,2.55,2.71,2.53,2.53
714956,立敦台新63購01,0,,,,
714957,欣銓台新63購01,263000,5.35,5.35,5.1,5.15
714958,鈺創台新63購01,0,,,,
714959,鈺創台新63購02,0,,,,
714960,鈺創台新63購03,0,,,,
714961,鈺創台新63購04,0,,,,
714962,鈺創台新69購01,0,,,,
714963,頎邦台新63購04,6600,3.3,3.3,3.3,3.3
714964,霖宏台新63購01,0,,,,
714965,台燿凱基63購06,1683830,2.29,2.54,2.27,2.35
714966,印能凱基63購05,268790,1.69,2.02,1.69,2.02
714967,東捷凱基67購01,0,,,,
714968,威剛凱基63購16,0,,,,
714969,富喬凱基63購04,29190,1.92,1.92,1.8,1.8
714970,富喬凱基63購05,0,,,,
714971,富喬凱基63購06,0,,,,
714972,富喬凱基63購07,0,,,,
714973,富喬凱基63購09,0,,,,
714974,富喬凱基63購10,0,,,,
714975,鈺創凱基63購01,0,,,,
714976,鈺創凱基63購02,0,,,,
714977,鈺創凱基63購03,0,,,,
714978,穩懋凱基63購12,120090,3.63,3.94,3.49,3.94
714979,天品國票64購01,465990,1.45,1.51,1.39,1.51
714980,台燿國票65購01,124540,1.08,1.13,1.08,1.09
714981,沛亨國票68購03,0,,,,
714982,原相國票64購01,0,,,,
714983,創新服國票64購01,0,,,,
714984,富喬國票64購02,23500,1.19,1.19,1.16,1.16
714985,富喬國票65購02,0,,,,
714986,華電網國票64購01,0,,,,
714987,鈺創國票65購01,90200,1.1,1.1,1.1,1.1
714988,霖宏國票65購01,0,,,,
714989,台燿元大65購03,49940,1.59,1.67,1.58,1.59
714990,台燿元大68購01,350100,1.45,1.5,1.43,1.44
714991,竹陞元大66購01,291210,0.92,0.93,0.91,0.93
714992,均華元大66購02,79380,0.81,0.81,0.81,0.81
714993,宜鼎元大68購02,278760,0.92,0.92,0.92,0.92
714994,威剛元大63購19,2260,2.26,2.26,2.26,2.26
714995,風青元大63購01,141540,1.42,1.42,1.34,1.38
714996,富喬元大63購07,9050,0.71,0.71,0.65,0.65
714997,富喬元大63購08,259120,0.73,0.73,0.66,0.66
714998,晶宏元大63購06,0,,,,
714999,群聯元大63購36,104270,1.55,1.55,1.51,1.51
715000,群聯元大63購37,3060,1.53,1.53,1.53,1.53
715001,群聯元大64購16,8670,1.26,1.26,1.23,1.23
715002,鈺創元大63購01,0,,,,
715003,鈺創元大63購02,0,,,,
715004,霖宏元大63購01,110500,1.22,1.22,1.2,1.2
715005,擎亞元大66購01,14950,1.15,1.15,1.15,1.15
715006,營邦元大63購10,252660,0.98,1.02,0.98,1.02
715007,環球晶元大68購13,141020,1.76,1.81,1.76,1.79
715008,世界永豐63購03,0,,,,
715009,台嘉碩永豐63購01,0,,,,
715010,台燿永豐63購06,970880,1.95,2.02,1.92,1.92
715011,台燿永豐64購05,198430,2.17,2.17,2.05,2.05
715012,伯特光永豐66購01,0,,,,
715013,東洋永豐64購01,0,,,,
715014,杰力永豐64購02,70550,0.83,0.83,0.83,0.83
715015,長佳智永豐63購01,0,,,,
715016,昱展永豐64購02,0,,,,
715017,茂綸永豐63購01,14400,0.8,0.8,0.8,0.8
715018,博士旺永豐64購01,0,,,,
715019,富喬永豐63購03,65610,1.02,1.02,0.95,0.95
715020,富喬永豐63購04,12040,0.86,0.86,0.86,0.86
715021,富喬永豐63購05,48000,0.8,0.8,0.8,0.8
715022,富喬永豐64購03,0,,,,
715023,智擎永豐64購01,0,,,,
715024,鈺創永豐63購01,71030,0.83,0.84,0.83,0.84
715025,鈺創永豐63購02,25500,0.85,0.85,0.85,0.85
715026,鈺創永豐63購03,25200,0.84,0.84,0.84,0.84
715027,鈺創永豐63購04,133800,0.81,0.87,0.81,0.87
715028,鈺創永豐64購01,0,,,,
715029,廣穎永豐63購01,0,,,,
715030,霖宏永豐63購01,191950,1.05,1.05,0.99,1.0
715031,環球晶永豐63購11,34580,1.1,1.1,1.08,1.08
715032,環球晶永豐63購12,0,,,,
715033,台燿中信63購02,585720,1.07,1.11,1.03,1.07
715034,富喬中信64購04,76260,0.62,0.62,0.62,0.62
715035,富喬國泰64購01,0,,,,
715036,富喬國泰64購02,0,,,,
715037,宜鼎富邦63購06,0,,,,
715038,富喬富邦63購02,185980,0.74,0.74,0.68,0.68
715039,德微富邦63購02,85150,0.71,0.78,0.71,0.78
715040,穩懋富邦66購01,72400,0.78,0.84,0.78,0.84
715041,M31群益63購04,180840,1.81,2.05,1.81,1.98
715042,中美晶群益63購07,164080,2.64,2.76,2.64,2.76
715043,弘塑群益64購02,144690,1.59,1.59,1.59,1.59
715044,印能群益64購01,9840,1.23,1.23,1.23,1.23
715045,欣銓群益63購05,8900,1.78,1.78,1.78,1.78
715046,環球晶群益63購10,0,,,,
715047,穩懋群益63購11,571770,1.86,1.99,1.86,1.99
715048,譜瑞群益63購02,145850,1.43,1.43,1.42,1.42
715049,台半統一66購01,0,,,,
715050,台燿統一79購02,17640,0.84,0.84,0.84,0.84
715051,金山電統一6C購03,1904500,0.64,0.66,0.64,0.64
715052,富喬統一68購01,0,,,,
715053,富喬統一69購01,0,,,,
715054,富喬統一6A購02,0,,,,
715055,富喬統一79購01,30580,0.7,0.7,0.69,0.69
715056,群聯統一6B購02,46250,0.61,0.62,0.61,0.62
715057,鈺創統一68購01,0,,,,
715058,鈺創統一69購01,135750,0.61,0.63,0.61,0.63
715059,鈺創統一71購01,18450,0.61,0.62,0.61,0.62
715060,鈺創統一79購01,593660,0.56,0.58,0.56,0.58
715061,旺矽台新63購01,0,,,,
715062,旺矽台新63購02,0,,,,
715063,旺矽台新63購03,0,,,,
715064,旺矽台新63購04,26230,4.62,4.62,4.28,4.29
715065,旺矽台新63購05,0,,,,
715066,旺矽台新69購01,28950,1.65,1.65,1.55,1.55
715067,旺矽台新69購02,0,,,,
715068,群聯台新69購01,97420,1.36,1.36,1.35,1.35
715069,群聯台新69購02,0,,,,
715070,群聯台新69購03,0,,,,
715071,點序台新63購01,165470,1.43,1.54,1.43,1.54
715072,弘塑凱基63購09,121240,2.18,2.18,2.15,2.15
715073,印能凱基63購06,89870,1.84,1.89,1.84,1.88
715074,竹陞凱基69購01,57890,0.85,0.94,0.85,0.94
715075,均華凱基63購04,0,,,,
715076,宜鼎凱基66購02,0,,,,
715077,旺矽凱基63購03,392000,1.99,1.99,1.93,1.93
715078,旺矽凱基63購04,18560,2.34,2.34,2.26,2.26
715079,旺矽凱基63購05,0,,,,
715080,旺矽凱基63購06,0,,,,
715081,旺矽凱基63購07,0,,,,
715082,旺矽凱基63購08,100000,2.0,2.0,2.0,2.0
715083,旺矽凱基65購01,294000,1.49,1.49,1.45,1.45
715084,旺矽凱基65購02,0,,,,
715085,旺矽凱基65購03,0,,,,
715086,旺矽凱基67購01,407000,2.05,2.05,2.02,2.02
715087,旺矽凱基67購02,500000,2.52,2.52,2.48,2.48
715088,富喬凱基65購02,0,,,,
715089,群聯凱基68購03,0,,,,
715090,頎邦凱基64購05,5790,1.15,1.17,1.15,1.17
715091,環球晶凱基63購05,0,,,,
715092,穩懋凱基63購14,0,,,,
715093,譜瑞凱基65購03,10680,2.7,2.7,2.64,2.64
715094,大綜元大63購02,113520,1.49,1.58,1.49,1.58
715095,天品元大63購01,0,,,,
715096,竹陞元大64購01,0,,,,
715097,竹陞元大66購02,0,,,,
715098,沛亨元大64購01,0,,,,
715099,沛亨元大66購01,0,,,,
715100,旺矽元大63購01,741600,1.27,1.27,1.18,1.19
715101,旺矽元大63購02,19160,1.16,1.16,1.11,1.11
715102,旺矽元大63購03,17380,0.97,0.97,0.96,0.96
715103,旺矽元大65購01,145870,1.35,1.35,1.29,1.29
715104,旺矽元大67購01,8280,1.38,1.38,1.38,1.38
715105,旺矽元大68購01,47370,1.49,1.49,1.43,1.43
715106,晶宏元大63購07,0,,,,
715107,雅特力元大63購06,132300,1.05,1.05,1.05,1.05
715108,群聯元大63購38,0,,,,
715109,群聯元大63購39,73320,1.41,1.41,1.41,1.41
715110,群聯元大66購08,2760,1.38,1.38,1.38,1.38
715111,營邦元大63購11,6650,1.33,1.33,1.33,1.33
715112,環球晶元大63購13,0,,,,
715113,M31國票66購02,11610,1.29,1.29,1.29,1.29
715114,大綜國票65購01,0,,,,
715115,中美晶國票68購01,0,,,,
715116,世界國票66購01,0,,,,
715117,安葆國票65購02,0,,,,
715118,宏碁資國票68購01,0,,,,
715119,良維國票69購02,0,,,,
715120,旺矽國票64購01,9990,1.44,1.44,1.38,1.38
715121,旺矽國票65購01,0,,,,
715122,旺矽國票66購01,0,,,,
715123,旺矽國票67購02,0,,,,
715124,欣銓國票67購01,0,,,,
715125,青雲國票64購02,0,,,,
715126,青雲國票65購02,0,,,,
715127,華景電國票65購03,0,,,,
715128,聖暉*國票65購04,0,,,,
715129,頎邦國票6A購01,0,,,,
715130,穩懋國票6C購01,4950,0.99,0.99,0.99,0.99
715131,大綜群益64購01,6690,1.38,1.38,1.31,1.31
715132,中美晶群益63購08,40170,1.02,1.09,1.02,1.09
715133,台星科群益63購01,72100,1.67,1.74,1.67,1.74
715134,巨漢群益63購01,0,,,,
715135,安碁群益63購01,0,,,,
715136,竹陞群益63購04,0,,,,
715137,均華群益63購04,0,,,,
715138,良維群益63購04,0,,,,
715139,宜鼎群益63購09,24050,1.15,1.15,1.14,1.14
715140,旺矽群益63購02,80870,1.95,1.96,1.86,1.86
715141,旺矽群益63購03,66300,2.21,2.21,2.21,2.21
715142,旺矽群益63購04,208710,3.32,3.32,3.11,3.11
715143,東捷群益63購04,151280,2.07,2.19,1.99,2.05
715144,南俊群益64購01,0,,,,
715145,順達群益63購09,0,,,,
715146,群聯群益63購17,74840,1.82,1.83,1.75,1.83
715147,聖暉*群益63購02,13900,1.39,1.39,1.39,1.39
715148,鈺創群益63購01,50800,1.27,1.27,1.27,1.27
715149,鈺創群益64購01,497150,1.45,1.56,1.42,1.56
715150,頎邦群益63購07,0,,,,
715151,頎邦群益63購08,0,,,,
715152,環球晶群益63購11,1317360,1.44,1.44,1.34,1.36
715153,順達國泰64購03,0,,,,
715154,世界富邦66購01,0,,,,
715155,均華富邦65購02,0,,,,
715156,旺矽富邦65購01,0,,,,
715157,旺矽富邦69購01,24600,1.23,1.23,1.23,1.23
715158,昇達科富邦67購01,5040,0.84,0.84,0.84,0.84
715159,原相富邦63購01,0,,,,
715160,富喬富邦6C購01,0,,,,
715161,新應材富邦69購01,0,,,,
715162,德微富邦63購03,0,,,,
715163,中美晶統一69購01,19480,0.65,0.65,0.64,0.64
715164,世界統一69購01,0,,,,
715165,台嘉碩統一69購01,29670,0.69,0.69,0.69,0.69
715166,竹陞統一79購01,14950,0.65,0.65,0.65,0.65
715167,旺矽統一67購01,0,,,,
715168,旺矽統一67購02,0,,,,
715169,東捷統一6C購01,0,,,,
715170,欣銓統一6C購02,0,,,,
715171,群聯統一69購04,0,,,,
715172,鈺創統一69購02,0,,,,
715173,霖宏統一71購01,0,,,,
715174,環球晶統一69購01,0,,,,
715175,世界中信66購01,42500,0.85,0.85,0.85,0.85
715176,旺矽中信63購01,0,,,,
715177,順達中信63購01,3650,0.73,0.73,0.73,0.73
715178,群聯中信63購03,0,,,,
715179,天品永豐66購01,0,,,,
715180,均華永豐65購01,0,,,,
715181,宏碁資永豐63購02,0,,,,
715182,良維永豐64購03,0,,,,
715183,旺矽永豐63購01,0,,,,
715184,旺矽永豐63購02,16650,0.85,0.85,0.78,0.78
715185,旺矽永豐63購03,0,,,,
715186,旺矽永豐66購01,0,,,,
715187,旺矽永豐66購02,0,,,,
715188,旺矽永豐69購01,0,,,,
715189,昇達科永豐64購01,58700,0.97,0.98,0.97,0.98
715190,欣銓永豐63購02,22200,1.11,1.11,1.11,1.11
715191,倚強永豐63購01,0,,,,
715192,創新服永豐63購02,711770,0.81,0.81,0.77,0.77
715193,富喬永豐65購03,0,,,,
715194,聖暉*永豐63購03,0,,,,
715195,頎邦永豐65購03,12600,1.26,1.26,1.26,1.26
715196,穩懋永豐63購09,4740,0.79,0.79,0.79,0.79
715197,台星科台新63購01,0,,,,
715198,安碁台新63購01,0,,,,
715199,沛亨台新64購01,0,,,,
715200,旺矽台新63購06,0,,,,
715201,欣銓台新63購03,41200,1.37,1.38,1.37,1.38
715202,欣銓台新63購04,0,,,,
715203,威剛台新63購05,0,,,,
715204,威剛台新63購06,0,,,,
715205,威剛台新66購03,0,,,,
715206,宸曜台新66購01,79030,0.89,0.91,0.87,0.91
715207,宸曜台新69購01,0,,,,
715208,富喬台新63購01,0,,,,
715209,富喬台新63購02,0,,,,
715210,順達台新65購01,0,,,,
715211,新盛力台新63購01,0,,,,
715212,新盛力台新66購01,0,,,,
715214,點序台新66購01,0,,,,
715215,M31凱基65購01,7710,2.57,2.57,2.57,2.57
715216,大綜凱基64購01,0,,,,
715217,中美晶凱基63購10,0,,,,
715218,世界凱基63購08,0,,,,
715219,台星科凱基64購01,0,,,,
715220,均華凱基67購01,0,,,,
715221,沛亨凱基66購01,0,,,,
715222,良維凱基69購02,0,,,,
715223,宜鼎凱基66購03,0,,,,
715224,欣銓凱基65購02,0,,,,
715225,青雲凱基64購02,0,,,,
715226,倚強凱基63購02,0,,,,
715227,順達凱基63購11,0,,,,
715228,新盛力凱基63購01,0,,,,
715229,新盛力凱基63購02,0,,,,
715231,群聯凱基67購02,0,,,,
715232,聖暉*凱基63購04,0,,,,
715233,頎邦凱基63購09,0,,,,
715234,頎邦凱基63購10,0,,,,
715235,營邦凱基65購01,0,,,,
715236,環球晶凱基66購01,0,,,,
715237,立端國票66購01,0,,,,
715238,東捷國票65購01,0,,,,
715239,家登國票64購03,7700,1.54,1.54,1.54,1.54
715240,高僑國票65購02,0,,,,
715241,博盛國票68購01,0,,,,
715242,順達國票69購01,0,,,,
715244,新盛力國票65購01,0,,,,
715245,群聯國票68購02,0,,,,
715246,磐亞國票64購01,2160,1.08,1.08,1.08,1.08
715247,聰泰國票65購01,0,,,,
715248,中美晶永豐63購02,0,,,,
715249,世界永豐63購04,0,,,,
715250,富喬永豐64購04,0,,,,
715251,華景電永豐64購01,0,,,,
715252,新盛力永豐63購02,0,,,,
715254,新盛力永豐65購01,0,,,,
715255,新應材永豐66購03,0,,,,
715256,頎邦永豐66購02,0,,,,
715257,旺矽中信63購02,8500,0.78,0.78,0.74,0.74
715258,環球晶中信63購02,0,,,,
715259,千附精元大65購01,0,,,,
715260,天品元大63購02,149100,1.1,1.18,1.1,1.18
715261,竹陞元大63購04,30000,1.0,1.0,1.0,1.0
715262,竹陞元大64購02,0,,,,
715263,竹陞元大67購01,0,,,,
715264,宏碁資元大63購01,0,,,,
715265,宜鼎元大63購17,0,,,,
715266,宜鼎元大63購18,0,,,,
715267,旺矽元大65購02,0,,,,
715268,旺矽元大67購02,0,,,,
715269,旺矽元大68購02,0,,,,
715270,東捷元大63購05,0,,,,
715271,東捷元大63購06,0,,,,
715272,東捷元大63購07,0,,,,
715273,東捷元大66購01,0,,,,
715274,威剛元大67購03,0,,,,
715275,倚強元大63購01,0,,,,
715276,富喬元大63購10,0,,,,
715277,富喬元大63購11,0,,,,
715278,富喬元大63購12,0,,,,
715279,富喬元大64購07,0,,,,
715281,群聯元大63購40,0,,,,
715282,群聯元大66購09,0,,,,
715283,雷科元大66購01,15810,1.12,1.25,1.12,1.25
715284,雷科元大69購01,0,,,,
715285,鈺創元大63購03,0,,,,
715286,鈺創元大63購04,0,,,,
715287,磐亞元大63購01,0,,,,
715288,環球晶元大63購14,0,,,,
715289,宜鼎群益63購10,36250,1.25,1.35,1.25,1.35
715290,宜鼎群益63購11,0,,,,
715291,旺矽群益65購01,9050,0.91,0.91,0.9,0.9
715292,宣德群益63購01,0,,,,
715293,倚強群益63購02,2060,2.06,2.06,2.06,2.06
715294,高僑群益63購01,0,,,,
715296,新盛力群益63購03,0,,,,
715297,群聯群益63購18,0,,,,
715298,頎邦群益63購10,0,,,,
715299,環球晶群益64購02,0,,,,
715300,中美晶國泰64購02,57500,1.15,1.15,1.15,1.15
715301,宜鼎國泰64購01,0,,,,
715302,旺矽國泰64購01,0,,,,
715303,新盛力國泰64購01,0,,,,
715305,德微國泰64購02,32300,1.6,1.63,1.6,1.63
715306,旺矽富邦66購01,0,,,,
715307,創新服富邦64購01,0,,,,
715308,鈊象富邦66購02,0,,,,
715310,新盛力富邦66購01,0,,,,
715311,頎邦富邦63購04,0,,,,
715312,旺矽統一63購07,0,,,,
715313,東捷統一79購01,0,,,,
715314,欣銓統一65購05,0,,,,
715315,欣銓統一69購02,0,,,,
715316,富喬統一6C購03,0,,,,
715317,富喬統一6C購04,0,,,,
715318,新盛力統一67購02,0,,,,
715319,新盛力統一69購02,0,,,,
715322,鈺創統一6C購01,0,,,,
715323,頎邦統一6C購02,0,,,,
72400U,博智群益5A售02,0,,,,
72414U,振曜群益5A售01,0,,,,
72479U,擎亞群益5B售01,0,,,,
72485U,信驊群益5B售01,0,,,,
724979,鈊象統一5A購01,0,,,,
72501U,雙鴻中信5B售02,14400,0.04,0.05,0.03,0.05
725048,原相統一5A購01,0,,,,
72523U,新應材群益5B售01,2000,0.2,0.2,0.2,0.2
72572U,精測群益62售01,0,,,,
725744,新復興統一5A購01,0,,,,
72587U,華電網國票5A售01,0,,,,
725881,鈊象元富5A購01,0,,,,
726037,元債20元富5A購01,0,,,,
726070,元債20元富5A購02,0,,,,
72610U,富喬國票5C售02,14650,0.07,0.08,0.07,0.08
726119,華星光統一5B購01,40250,3.66,3.66,3.65,3.65
72614U,富喬中信5C售02,0,,,,
726194,元債20元富5B購01,0,,,,
72622U,精測群益62售02,109000,0.09,0.1,0.09,0.1
72629U,櫃200群益5B售02,0,,,,
72638U,譜瑞群益5C售01,0,,,,
72691U,信驊群益5B售03,0,,,,
726924,金麗科統一5B購01,0,,,,
726925,金麗科統一5B購02,2000,0.1,0.1,0.1,0.1
726926,金麗科統一5B購03,0,,,,
726927,金麗科統一5B購04,4370,0.09,0.14,0.08,0.14
72692U,信驊群益61售02,8780,0.03,0.04,0.02,0.04
72704U,點序群益61售01,0,,,,
727095,高鋒統一5A購01,0,,,,
72713U,世界群益5B售01,0,,,,
72724U,信驊國票5B售01,1900,0.01,0.01,0.01,0.01
72733U,中探針群益62售01,2400,0.15,0.15,0.15,0.15
72735U,世界群益5A售01,0,,,,
72736U,精材群益5A售04,0,,,,
72737U,雙鴻群益5A售04,0,,,,
72747U,閎康群益5A售02,0,,,,
72748U,精測群益5A售02,3000,0.3,0.3,0.3,0.3
72749U,精測群益62售04,31380,0.55,0.58,0.55,0.58
72754U,博智群益62售02,0,,,,
72766U,富喬群益5A售02,0,,,,
72772U,穩懋群益63售01,120360,0.12,0.12,0.12,0.12
72774U,信驊永豐5A售01,0,,,,
72781U,系統電國票5A售01,0,,,,
72782U,環球晶群益62售01,0,,,,
72785U,旺矽富邦5A售02,100,0.01,0.01,0.01,0.01
72790U,閎康群益63售01,0,,,,
72791U,榮剛群益63售01,0,,,,
72794U,雙鴻凱基5A售02,0,,,,
72795U,神盾群益61售01,0,,,,
72797U,台特化國票5A售02,0,,,,
72798U,宏觀國票5A售01,0,,,,
72799U,雙鴻國票5A售01,0,,,,
728003,金麗科統一5C購01,0,,,,
72800U,信驊永豐5B售01,0,,,,
72807U,新應材國泰5A售01,0,,,,
72808U,新應材國票5A售03,0,,,,
72809U,萬泰科國票5A售02,0,,,,
72810U,鑫聯國票5A售02,0,,,,
72812U,茂迪國票5A售03,0,,,,
72813U,宜鼎群益5B售03,0,,,,
72814U,精測群益5B售02,0,,,,
72818U,信驊永豐5C售01,2360,0.01,0.08,0.01,0.08
72820U,鑫聯國票5A售03,0,,,,
728264,元債20永豐61購01,0,,,,
72827U,元太群益5B售02,0,,,,
72828U,台燿群益5B售01,0,,,,
72829U,宏捷科群益5C售01,38860,0.58,0.58,0.58,0.58
72830U,元太凱基5B售03,0,,,,
72834U,台燿中信59售08,0,,,,
72835U,東捷群益59售03,0,,,,
72836U,東捷群益5B售01,900,0.06,0.06,0.06,0.06
72837U,鈊象群益59售04,0,,,,
72838U,鈊象群益5B售02,0,,,,
72839U,台燿元大59售25,0,,,,
72840U,世界群益5B售04,0,,,,
72841U,神盾群益5C售01,0,,,,
72842U,鈊象群益63售01,2160,0.72,0.72,0.72,0.72
72843U,精材群益63售01,0,,,,
72844U,雙鴻群益59售15,0,,,,
72845U,雙鴻凱基5A售04,0,,,,
72846U,鈊象凱基5A售02,0,,,,
72847U,印能國票5A售04,0,,,,
72848U,雙鴻群益5A售06,0,,,,
72849U,印能凱基5A售04,0,,,,
72850U,印能國票5A售05,5500,0.11,0.11,0.11,0.11
728516,系微統一5C購01,400,0.01,0.01,0.01,0.01
72851U,矽科國票5B售02,0,,,,
728520,金麗科統一5C購02,0,,,,
72852U,旺矽元大5A售03,0,,,,
72853U,信驊元大5A售01,10,0.01,0.01,0.01,0.01
72854U,信驊永豐61售01,16240,0.07,0.07,0.07,0.07
72855U,信驊富邦5C售02,445970,0.29,0.29,0.17,0.2
72856U,頎邦凱基5A售03,0,,,,
72857U,雙鴻元大5A售06,0,,,,
72858U,巨漢國票5A售02,0,,,,
72859U,弘塑國票5B售02,4200,0.3,0.3,0.3,0.3
72860U,弘塑元大5A售03,0,,,,
72861U,華電網凱基5A售01,0,,,,
72862U,群聯國票5B售02,0,,,,
72863U,蜜望實國票5A售03,30,0.01,0.01,0.01,0.01
72864U,群聯凱基5A售03,0,,,,
72865U,信驊永豐5B售03,0,,,,
72866U,旺矽凱基5A售06,16930,0.14,0.21,0.14,0.21
72867U,旺矽富邦61售01,226080,0.51,0.55,0.51,0.55
72868U,富喬群益5C售01,133800,0.37,0.4,0.37,0.4
72869U,立碁國票5B售03,0,,,,
72870U,群聯國票5B售06,0,,,,
72871U,群聯群益61售02,0,,,,
72872U,聖暉*台新5B售01,0,,,,
72873U,威剛國票5C售02,0,,,,
72874U,威剛群益5C售02,0,,,,
72875U,威剛凱基5B售05,109780,0.11,0.11,0.11,0.11
72876U,合晶台新5B售05,1110,0.05,0.1,0.05,0.1
72877U,群聯台新5B售07,31800,0.53,0.53,0.53,0.53
72878U,群聯台新5B售08,0,,,,
72879U,世界凱基5B售02,0,,,,
72880U,良維國票5C售02,540,0.27,0.27,0.27,0.27
72881U,鈊象台新5B售03,0,,,,
72882U,環球晶台新5B售03,104790,0.21,0.21,0.21,0.21
72883U,環球晶國票5B售02,0,,,,
72884U,鈊象群益61售01,0,,,,
72885U,中美晶群益5B售02,0,,,,
72886U,群聯群益5B售06,0,,,,
72887U,精材群益5B售05,0,,,,
72888U,德微群益5B售02,5600,0.14,0.14,0.14,0.14
72889U,新盛力群益5B售04,71660,0.2,0.2,0.18,0.18
72890U,廣穎群益5B售03,0,,,,
72891U,世界台新5B售03,0,,,,
728920,元債20元富61購01,28690,0.67,0.68,0.66,0.68
72892U,台特化台新5B售04,0,,,,
72893U,威剛中信64售01,0,,,,
72894U,世界群益62售01,0,,,,
72895U,台特化群益5B售01,0,,,,
728967,驊訊統一61購01,0,,,,
72896U,精材凱基5B售08,80000,0.2,0.2,0.2,0.2
72897U,精材群益5B售08,0,,,,
72898U,雷科國票5B售03,39300,0.2,0.2,0.15,0.15
72899U,立敦台新5B售04,0,,,,
72900U,德微國票5C售04,0,,,,
72901U,德微國票5C售05,154360,0.56,0.58,0.54,0.54
72902U,擎亞國票5B售03,0,,,,
72903U,群聯凱基5B售08,71440,0.72,0.72,0.7,0.7
72904U,欣銓台新5B售05,38950,0.45,0.46,0.45,0.46
72905U,臺慶科台新5B售05,0,,,,
72906U,博智群益5B售04,0,,,,
72907U,群聯富邦61售05,76250,0.59,0.61,0.59,0.61
72908U,威剛群益65售01,217400,1.82,1.82,1.81,1.81
72909U,威剛凱基65售01,0,,,,
72910U,精材台新5B售06,0,,,,
72911U,威剛元大5B售16,0,,,,
72912U,良維群益61售02,0,,,,
72913U,威剛群益5B售04,0,,,,
72914U,威剛群益5B售05,0,,,,
72915U,威剛群益61售03,0,,,,
72916U,中美晶凱基5B售06,0,,,,
729171,M31統一61購01,0,,,,
729172,M31統一61購02,0,,,,
72917U,威剛凱基5B售09,0,,,,
729186,華星光統一61購01,175430,2.48,2.48,2.47,2.47
729187,華星光統一61購02,21880,2.72,2.76,2.72,2.76
72918U,威剛永豐61售03,0,,,,
72919U,順達台新5C售01,1400,0.7,0.7,0.7,0.7
72920U,佳邦群益5C售01,0,,,,
72921U,富喬台新5C售03,38710,0.37,0.4,0.37,0.4
72922U,威剛凱基5C售05,350,0.35,0.35,0.35,0.35
72923U,宜鼎台新5C售05,0,,,,
72924U,台半群益5C售03,0,,,,
72925U,台半凱基5C售03,11930,0.56,0.57,0.56,0.57
72926U,臺慶科凱基5C售03,0,,,,
72927U,聖暉*台新5C售05,0,,,,
72928U,富喬凱基5C售04,16300,0.16,0.18,0.15,0.18
72929U,臺慶科台新5C售02,0,,,,
72930U,威剛群益5C售08,0,,,,
72931U,群聯群益5C售10,0,,,,
72932U,威剛國泰61售02,18850,1.45,1.45,1.45,1.45
72933U,世界群益66售01,10080,2.52,2.52,2.52,2.52
72934U,精材群益66售01,9300,0.93,0.93,0.93,0.93
72935U,世界台新5C售02,77160,1.91,1.95,1.91,1.94
72936U,宜鼎凱基5C售10,652000,1.63,1.63,1.63,1.63
72937U,元太國票62售01,0,,,,
72938U,世界國票62售01,8160,1.02,1.02,1.02,1.02
72939U,威剛國票62售01,0,,,,
72940U,臺慶科國票62售01,19180,1.37,1.37,1.37,1.37
72941U,雙鴻永豐61售04,0,,,,
72942U,家登群益61售03,0,,,,
72943U,頎邦國票61售01,7900,0.79,0.79,0.79,0.79
72944U,中光電台新61售03,0,,,,
72945U,頎邦台新61售03,24370,1.15,1.17,1.15,1.17
72946U,世界群益61售03,13500,0.67,0.68,0.67,0.68
72947U,台星科群益61售02,0,,,,
72948U,精材群益63售02,14350,0.97,0.97,0.95,0.95
72949U,威剛元大61售06,0,,,,
72950U,精材凱基63售02,39910,0.82,0.89,0.82,0.87
72951U,中光電台新61售05,0,,,,
72952U,精材國票61售05,24170,0.7,0.72,0.69,0.7
72953U,精材國票65售02,89500,0.9,0.9,0.89,0.89
72954U,群聯中信61售02,166070,0.83,0.84,0.83,0.83
72955U,宜鼎國票61售03,0,,,,
72956U,群聯國票61售05,0,,,,
72957U,良維群益63售01,0,,,,
72958U,群聯群益63售02,0,,,,
72959U,雙鴻群益63售03,172880,0.21,0.22,0.19,0.22
72960U,良維凱基61售03,0,,,,
72961U,群聯凱基61售10,0,,,,
72962U,宜鼎群益67售01,0,,,,
72963U,中美晶國票61售06,3200,1.6,1.6,1.6,1.6
72964U,中美晶國票64售02,0,,,,
72965U,青雲國票61售03,0,,,,
72966U,雙鴻凱基61售07,0,,,,
72967U,順達國票61售03,0,,,,
72968U,群聯國票64售01,27560,1.06,1.06,1.06,1.06
72969U,聖暉*國票61售05,0,,,,
72970U,雙鴻國票61售02,0,,,,
72971U,良維群益67售01,0,,,,
72972U,雙鴻群益61售03,9600,0.08,0.08,0.08,0.08
72973U,M31國票61售02,61000,0.61,0.61,0.61,0.61
72974U,威剛國票65售01,0,,,,
72975U,譜瑞國票61售01,0,,,,
72976U,順達凱基61售06,0,,,,
72977U,雙鴻國泰63售01,220570,0.3,0.3,0.24,0.26
72978U,威剛凱基61售06,0,,,,
72979U,群聯台新61售07,0,,,,
729804,僑威統一5A購01,0,,,,
729808,騰雲統一5A購01,4830,0.69,0.69,0.69,0.69
72980U,頎邦凱基61售05,0,,,,
72981U,欣銓國票61售04,26800,0.67,0.67,0.67,0.67
72982U,華景電國票61售02,0,,,,
72983U,家登群益63售02,0,,,,
72984U,凡甲國票61售01,0,,,,
72985U,中美晶國票63售01,0,,,,
72986U,元太國票61售02,0,,,,
72987U,宜特國票61售02,0,,,,
72988U,頎邦國票64售02,194920,0.44,0.44,0.44,0.44
72989U,廣穎國票61售01,0,,,,
72990U,中美晶元大61售09,2160,0.72,0.72,0.72,0.72
72991U,群聯元大61售20,0,,,,
72992U,中美晶富邦67售02,0,,,,
72993U,中美晶凱基63售03,25810,0.89,0.89,0.89,0.89
72994U,元太凱基61售07,0,,,,
72995U,群聯凱基63售03,7810,0.71,0.71,0.71,0.71
72996U,立碁國票64售02,17920,0.64,0.64,0.64,0.64
72997U,良維國票61售02,0,,,,
72998U,新普國票61售02,0,,,,
72999U,世界國票62售02,0,,,,
73000U,宜鼎國票63售01,0,,,,
73001U,欣銓國票63售01,11420,0.68,0.72,0.68,0.72
73002U,順達國票63售01,0,,,,
73003U,鈊象國票62售01,12600,0.84,0.84,0.84,0.84
73004U,群翊國票62售01,0,,,,
73005U,群聯國票62售01,40800,0.51,0.51,0.51,0.51
73006U,雙鴻國票63售01,15000,0.3,0.3,0.3,0.3
73007U,世界凱基63售03,0,,,,
73008U,中美晶國票64售03,0,,,,
73009U,光焱國票65售01,0,,,,
73010U,頎邦國票64售03,0,,,,
73011U,中美晶國票66售01,0,,,,
73012U,威剛國票65售02,0,,,,
73013U,威剛元大63售02,0,,,,
73014U,家登凱基63售02,0,,,,
730157,綠界*統一5A購01,0,,,,
73015U,新應材凱基63售04,0,,,,
73016U,宜鼎國票66售02,0,,,,
73017U,順達國票66售01,48000,0.96,0.96,0.96,0.96
73018U,群聯國票66售02,0,,,,
73019U,雙鴻國票66售02,43960,0.39,0.39,0.38,0.38
73020U,雙鴻元大63售07,9520,0.25,0.25,0.24,0.24
73021U,威剛凱基63售03,0,,,,
73022U,威剛元大63售03,11450,1.15,1.15,1.14,1.14
73023U,雙鴻凱基63售07,7800,0.27,0.27,0.24,0.24
73024U,弘塑國票67售01,0,,,,
73025U,朋億*國票66售02,0,,,,
73026U,金山電國票68售01,0,,,,
73027U,萬潤國票66售02,0,,,,
73028U,萬潤國票68售02,0,,,,
73029U,聖暉*國票66售01,0,,,,
73030U,中美晶台新62售02,0,,,,
73031U,威剛凱基63售05,21300,1.07,1.07,1.06,1.06
73032U,M31國票66售01,15560,0.74,0.76,0.74,0.76
73033U,富喬台新62售01,680640,0.78,0.84,0.78,0.84
73034U,中美晶凱基64售03,12480,0.5,0.5,0.48,0.48
73035U,群聯永豐64售12,0,,,,
73036U,富喬國票63售02,114690,0.91,0.94,0.9,0.94
73037U,富喬國票65售01,2230,1.09,1.14,1.09,1.14
73038U,中美晶群益63售03,0,,,,
73039U,東捷群益64售02,181320,0.39,0.39,0.37,0.38
730401,M31統一62購01,0,,,,
730402,M31統一62購02,0,,,,
730403,M31統一62購03,1600,0.16,0.16,0.16,0.16
73040U,穩懋群益64售02,250400,1.22,1.23,1.16,1.16
73041U,穩懋國泰64售01,0,,,,
73042U,穩懋凱基63售06,1820,0.93,0.93,0.89,0.89
73043U,穩懋凱基63售07,192700,0.4,0.43,0.39,0.39
73044U,宏捷科凱基63售01,0,,,,
73045U,蜜望實國票63售02,0,,,,
73046U,中美晶中信62售02,0,,,,
73047U,宜特群益62售02,0,,,,
73048U,東捷群益62售02,59550,1.53,1.55,1.51,1.53
730493,昇達科統一5C購01,0,,,,
73049U,振曜群益66售01,0,,,,
73050U,群聯永豐63售04,155200,1.03,1.05,1.03,1.05
73051U,陽程國票66售01,79830,0.55,0.55,0.52,0.54
73052U,世紀*國票6A售01,47920,0.76,0.77,0.76,0.77
73053U,頎邦台新62售02,57400,0.82,0.82,0.82,0.82
73054U,弘塑群益64售01,0,,,,
73055U,世紀*國票68售01,52320,1.01,1.01,1.0,1.0
73056U,沛亨國票68售01,0,,,,
73057U,宜鼎元大62售02,200500,1.54,1.55,1.54,1.55
73058U,頎邦群益62售03,0,,,,
73059U,安葆國票68售01,12180,0.68,0.68,0.67,0.67
73060U,宏捷科國票63售01,5820,0.97,0.97,0.97,0.97
73061U,環球晶凱基62售06,126110,1.44,1.45,1.42,1.42
73062U,環球晶群益64售01,3400,0.68,0.68,0.68,0.68
73063U,環球晶中信62售03,0,,,,
73064U,環球晶元大62售04,0,,,,
73065U,環球晶台新63售01,25600,1.28,1.28,1.28,1.28
73066U,千附精國票63售01,1780,0.89,0.89,0.89,0.89
73067U,晶宏國票63售01,1520,0.76,0.76,0.76,0.76
73068U,均華群益63售01,0,,,,
73069U,精材群益63售09,201040,1.78,1.9,1.78,1.85
73070U,精材群益69售01,0,,,,
73071U,雙鴻群益63售09,516730,0.41,0.41,0.3,0.33
73072U,精材國票64售03,9950,0.91,0.91,0.9,0.9
730733,原相統一5B購01,0,,,,
73073U,環球晶國票64售03,0,,,,
73074U,精材台新63售05,0,,,,
73075U,環球晶台新63售04,990,0.99,0.99,0.99,0.99
73076U,雙鴻凱基63售17,226690,0.98,1.0,0.87,0.91
73077U,漢達國票65售02,2130,0.53,0.54,0.53,0.54
73078U,擎亞台新63售02,0,,,,
73079U,博智凱基63售06,0,,,,
73080U,順達元大63售11,0,,,,
73081U,昇達科台新63售02,0,,,,
73082U,信驊台新63售04,1700,1.7,1.7,1.7,1.7
73083U,信驊凱基63售06,59280,1.79,1.9,1.78,1.9
73084U,信驊富邦66售02,11080,2.74,2.8,2.74,2.8
73085U,信驊永豐63售01,70950,0.73,0.77,0.73,0.77
73086U,信驊永豐64售01,0,,,,
73087U,信驊元大63售03,9300,1.86,1.86,1.86,1.86
73088U,信驊群益63售03,92220,1.87,2.03,1.87,2.02
73089U,信驊群益63售04,842950,2.53,2.63,2.44,2.59
73090U,竹陞國票67售01,0,,,,
73091U,信驊國票64售02,43650,2.68,2.75,2.68,2.75
73092U,信驊國票65售01,256540,1.4,1.48,1.4,1.48
73093U,信驊國票65售02,22100,2.21,2.21,2.21,2.21
73094U,漢達國票65售03,44000,0.88,0.88,0.88,0.88
73095U,穩懋國票65售01,9200,0.92,0.92,0.92,0.92
73096U,穩懋國票69售01,0,,,,
73097U,頎邦台新63售03,73600,1.64,1.64,1.63,1.63
73098U,台半國票65售02,14000,1.0,1.0,1.0,1.0
73099U,弘塑國票65售02,0,,,,
73100U,威聯通國票65售01,0,,,,
73101U,崴寶國票65售01,0,,,,
73102U,萊德光國票65售01,0,,,,
73103U,雷科國票64售03,0,,,,
73104U,光頡台新63售03,517630,0.85,0.9,0.75,0.81
73105U,頎邦群益63售06,11800,0.59,0.59,0.59,0.59
73106U,竹陞國票65售02,0,,,,
73107U,南俊國票65售01,0,,,,
73108U,茂達國票65售03,0,,,,
73109U,茂綸國票65售02,0,,,,
73110U,高技國票65售03,0,,,,
73111U,博盛國票65售01,64000,0.8,0.8,0.8,0.8
73112U,雅特力國票65售01,0,,,,
73113U,弘塑凱基65售02,0,,,,
73114U,巨有國票64售02,77760,0.94,1.0,0.94,0.94
73115U,旭然國票68售01,0,,,,
73116U,昇達科國票64售03,0,,,,
73117U,萊德光國票64售02,11160,0.7,0.72,0.69,0.72
73118U,東捷凱基63售03,5040,1.68,1.68,1.68,1.68
73119U,台燿台新63售02,0,,,,
73120U,良維台新63售02,0,,,,
73121U,穩懋群益63售08,0,,,,
73122U,台燿國票66售01,0,,,,
73123U,信昌電國票64售03,1439020,1.88,1.88,1.84,1.86
731240,金麗科元富61購01,65650,0.65,0.65,0.65,0.65
73124U,信昌電國票65售03,0,,,,
73125U,台燿凱基63售05,25100,1.56,1.6,1.51,1.57
731265,順達統一5B購01,0,,,,
73126U,穩懋凱基63售11,0,,,,
73127U,穩懋國票64售01,1800,0.91,0.91,0.89,0.89
73128U,青雲群益66售01,0,,,,
73129U,東捷群益63售03,0,,,,
73130U,穩懋群益63售10,0,,,,
73131U,久元國票65售02,0,,,,
73132U,千如國票65售01,0,,,,
73133U,立端國票65售01,0,,,,
73134U,全宇昕國票65售03,0,,,,
73135U,宏碁資國票65售02,0,,,,
73136U,長科*國票65售02,0,,,,
73137U,胡連國票65售01,0,,,,
73138U,晶呈國票65售02,11900,1.07,1.1,1.07,1.1
73139U,翔名國票65售02,0,,,,
73140U,廣閎科國票65售02,0,,,,
73141U,台燿台新63售03,0,,,,
73142U,世界台新63售02,1560,1.56,1.56,1.56,1.56
73143U,欣銓台新63售02,0,,,,
73144U,頎邦台新63售05,94000,2.35,2.35,2.35,2.35
73145U,富喬凱基63售08,25310,1.94,1.97,1.94,1.97
73146U,穩懋凱基63售13,0,,,,
73147U,台燿永豐63售05,2010,1.0,1.01,1.0,1.01
73148U,富喬永豐63售02,15450,1.03,1.03,1.03,1.03
731495,英濟統一5B購01,20490,0.26,0.27,0.14,0.14
73149U,環球晶永豐63售10,0,,,,
73150U,旺矽凱基63售09,0,,,,
73151U,弘塑元大63售11,0,,,,
73152U,旺矽元大63售04,0,,,,
73153U,富喬元大63售09,0,,,,
73154U,旺矽國票64售02,51860,1.4,1.43,1.4,1.43
73155U,旺矽國票67售03,0,,,,
73156U,旺矽國票69售01,0,,,,
73157U,世界群益63售06,0,,,,
731584,群聯統一5B購01,10500,5.25,5.25,5.25,5.25
73158U,旺矽群益63售05,0,,,,
73159U,欣銓群益69售01,0,,,,
73160U,頎邦群益63售09,4380,1.46,1.46,1.46,1.46
73161U,富喬台新63售03,0,,,,
73162U,富喬台新63售04,0,,,,
73163U,新盛力群益63售04,0,,,,
732269,M31統一63購01,11000,0.22,0.22,0.22,0.22
732271,千附統一59購01,0,,,,
732272,千附統一5B購01,0,,,,
732332,M31統一63購02,7540,0.26,0.26,0.26,0.26
732545,晟德統一5A購01,1500,0.05,0.05,0.05,0.05
732586,印能統一5A購01,0,,,,
732653,光焱統一5A購01,0,,,,
733025,華星光統一5B購02,0,,,,
733248,宇峻統一5B購01,0,,,,
733332,大宇資統一5B購01,0,,,,
733411,美琪瑪統一61購01,0,,,,
733460,先進光統一5B購01,63470,0.8,0.83,0.78,0.83
733461,先進光統一65購01,205410,0.41,0.44,0.41,0.42
733467,新應材統一5B購01,0,,,,
733471,營邦統一5B購01,0,,,,
733560,大學光統一5B購01,0,,,,
733563,弘塑統一5B購01,0,,,,
733653,創惟統一5B購01,100,0.01,0.01,0.01,0.01
733654,創惟統一65購01,0,,,,
733655,創惟統一65購02,0,,,,
733656,創惟統一65購03,10000,0.05,0.05,0.05,0.05
733695,高端統一5B購01,0,,,,
733696,高端統一65購01,77490,0.65,0.66,0.64,0.66
733702,創惟統一5C購01,0,,,,
733760,高端統一65購02,0,,,,
733800,華星光統一5B購03,0,,,,
733958,新應材統一5C購01,0,,,,
733959,新應材統一5C購02,0,,,,
733983,富喬統一5C購01,0,,,,
734209,華星光統一66購01,538300,3.28,3.35,3.21,3.21
734284,竹陞統一5C購01,0,,,,
734285,良維統一5A購01,0,,,,
734352,竹陞統一5C購02,0,,,,
734355,南俊統一5C購01,0,,,,
734508,台燿統一5C購01,0,,,,
734519,建榮統一5C購01,0,,,,
734521,智通*統一5C購01,0,,,,
734707,智通*統一5C購02,0,,,,
734708,新漢統一5C購01,0,,,,
734710,雙鴻統一62購01,82250,1.49,1.55,1.49,1.55
734782,宇峻統一5C購01,0,,,,
734783,均華統一5C購01,0,,,,
734785,萬潤統一5C購01,0,,,,
734873,前鼎統一5C購01,0,,,,
734874,威剛統一5C購01,0,,,,
734994,新應材統一62購01,66000,0.18,0.3,0.18,0.3
735028,新應材元富63購01,265400,0.74,0.76,0.73,0.76
735029,新應材元富64購01,0,,,,
735271,波若威統一62購01,0,,,,
735304,華景電統一5A購01,0,,,,
735306,順達統一5C購01,0,,,,
735512,華星光統一61購03,9300,3.1,3.1,3.1,3.1
735557,波若威統一63購01,55350,9.0,10.2,9.0,10.2
735647,久禾光統一61購01,0,,,,
735648,久禾光統一63購01,0,,,,
735654,信紘科統一5A購01,0,,,,
735658,彩富統一5B購01,0,,,,
735659,彩富統一61購01,0,,,,
735660,彩富統一63購01,210,0.21,0.21,0.21,0.21
735661,富喬統一5A購01,0,,,,
735665,意德士統一61購01,0,,,,
735724,久禾光統一61購02,0,,,,
735848,生合統一63購01,0,,,,
735849,均華統一63購01,0,,,,
735852,宏觀統一61購01,0,,,,
735853,旺矽統一61購01,0,,,,
735855,南俊統一61購01,0,,,,
736081,均華統一63購02,0,,,,
736082,均豪統一61購01,0,,,,
736153,台燿統一61購01,0,,,,
736154,立碁統一61購01,19960,0.95,0.96,0.95,0.96
736156,均華統一5C購02,0,,,,
736160,金居統一62購01,0,,,,
736243,宜特統一61購01,0,,,,
736244,金居統一61購01,19650,9.85,9.85,9.8,9.8
736249,家登統一61購01,4080,0.68,0.68,0.68,0.68
736349,安國統一63購01,4350,0.39,0.4,0.39,0.4
736350,安國統一65購01,0,,,,
736351,安國統一66購01,1300,0.13,0.13,0.13,0.13
736352,安國統一67購01,0,,,,
736353,安國統一67購02,0,,,,
736354,安國統一67購03,0,,,,
736360,閎康統一5B購01,0,,,,
736427,M31統一61購03,15820,0.15,0.2,0.15,0.15
736431,宏捷科統一61購01,0,,,,
736443,雙鴻統一62購02,17250,1.7,1.75,1.7,1.75
736444,穩懋統一61購01,0,,,,
736474,中美晶統一5A購01,0,,,,
736476,系微統一5B購01,0,,,,
736477,神盾統一5A購01,0,,,,
736478,新盛力統一67購01,0,,,,
736479,漢磊統一61購01,456880,1.23,1.29,1.03,1.24
736480,廣運統一61購01,3600,0.12,0.12,0.12,0.12
736586,神盾統一5C購01,0,,,,
736604,元債20凱基67購01,49130,1.69,1.71,1.69,1.7
736736,力旺統一61購01,0,,,,
736741,安國統一61購01,0,,,,
736933,系統電統一59購02,0,,,,
736934,金居統一5B購01,8400,8.4,8.4,8.4,8.4
736935,前鼎統一5B購01,0,,,,
736938,晶呈統一5B購01,3390,3.39,3.39,3.39,3.39
736997,華景電統一59購01,0,,,,
737015,中美晶國票59購01,0,,,,
737086,良維統一62購01,56100,1.87,1.87,1.87,1.87
737088,富喬統一5A購02,0,,,,
737153,正基統一5A購01,0,,,,
737161,富喬統一5A購03,0,,,,
737198,智通*國票5B購01,0,,,,
737321,立碁統一5C購01,1530,0.76,0.77,0.76,0.77
737801,漢磊國票5B購01,10050,3.35,3.35,3.35,3.35
737929,台燿統一5A購01,0,,,,
737930,晶呈統一5C購01,121590,1.59,1.6,1.59,1.6
737933,譜瑞統一5B購01,0,,,,
738131,中光電統一5B購01,0,,,,
738135,台燿統一5C購02,0,,,,
738137,亞信統一5B購01,25900,0.25,0.26,0.25,0.26
738138,亞信統一64購01,340,0.34,0.34,0.34,0.34
738140,美琪瑪統一64購01,0,,,,
738144,順達統一5B購02,0,,,,
738145,順達統一5C購02,0,,,,
738150,漢科統一5B購01,0,,,,
738151,漢科統一5C購01,0,,,,
738152,精測統一5B購01,0,,,,
738153,精測統一64購01,0,,,,
738154,廣明統一64購01,0,,,,
738155,擎亞統一5B購01,0,,,,
738156,譜瑞統一5C購01,0,,,,
738157,譜瑞統一64購01,0,,,,
738183,凡甲統一5C購01,0,,,,
738184,世禾統一5B購01,0,,,,
738187,昱展統一64購01,0,,,,
738190,順達統一5A購01,0,,,,
738191,聖暉*統一5A購02,0,,,,
738192,聖暉*統一64購01,0,,,,
738281,M31統一5B購01,1130,0.18,0.23,0.18,0.23
738282,M31統一5C購01,2800,0.14,0.14,0.14,0.14
738285,旺矽統一63購01,0,,,,
738286,信紘科統一64購01,0,,,,
738288,新應材統一64購01,8240,0.37,0.37,0.23,0.24
738291,環球晶統一64購01,28600,2.86,2.86,2.86,2.86
738567,精測國票5B購01,0,,,,
738726,宏捷科國票5B購01,0,,,,
738736,M31統一5C購02,700,0.14,0.14,0.14,0.14
738737,M31統一62購04,220,0.22,0.22,0.22,0.22
738741,生合統一63購02,0,,,,
738743,宏觀統一5C購01,0,,,,
738746,朋程統一5C購01,0,,,,
738747,長佳智統一5C購01,0,,,,
738748,信紘科統一5C購01,0,,,,
738754,晶焱統一5C購01,0,,,,
738757,順達統一5C購03,0,,,,
738758,萬泰科統一5C購01,0,,,,
738760,群翊統一5C購01,0,,,,
738762,寬宏統一65購01,0,,,,
738764,廣明統一5C購01,0,,,,
738767,耀勝統一5C購01,0,,,,
738802,精測群益5C購01,0,,,,
738931,M31統一5C購03,0,,,,
738933,世禾統一5C購01,0,,,,
738934,台半統一5C購01,0,,,,
738938,永信建統一5C購01,0,,,,
738940,旺矽統一65購01,0,,,,
738943,湧德統一5C購01,0,,,,
738944,順達統一5C購04,0,,,,
738947,精測統一65購01,24000,1.6,1.6,1.6,1.6
739071,旺矽國票5A購01,0,,,,
739284,威剛國票5B購01,0,,,,
739372,力旺統一5C購01,89340,0.71,0.71,0.53,0.58
739373,生合統一5C購01,0,,,,
739375,合晶統一5C購01,0,,,,
739376,均豪統一5B購01,0,,,,
739378,宜鼎統一5C購01,0,,,,
739379,宜鼎統一5C購02,0,,,,
739380,欣銓統一64購01,0,,,,
739381,信驊統一5C購01,0,,,,
739382,威剛統一5C購02,0,,,,
739383,威剛統一64購01,8000,4.0,4.0,4.0,4.0
739384,鈊象統一5C購01,0,,,,
739385,萬泰科統一64購01,0,,,,
739386,群翊統一5C購02,0,,,,
739387,精材統一5C購01,0,,,,
739388,德微統一5C購01,0,,,,
739425,泰茂國票5A購01,0,,,,
739441,中光電統一5B購02,0,,,,
739442,中美晶統一5C購01,0,,,,
739443,永信建統一5C購02,0,,,,
739446,宜鼎統一5C購03,0,,,,
739447,朋程統一5C購02,0,,,,
739453,振曜統一5C購01,0,,,,
739454,能率統一5B購01,0,,,,
739460,環球晶統一64購02,41580,1.98,1.98,1.98,1.98
739519,系微統一5C購02,0,,,,
739520,旺矽統一5B購01,0,,,,
739522,廣運統一5C購01,0,,,,
739523,擎亞統一5C購01,207600,1.2,1.24,1.2,1.24
739549,聯合國票5A購01,0,,,,
739639,大宇資統一5C購01,0,,,,
739641,台燿統一64購01,0,,,,
739642,弘塑統一5C購01,650,0.65,0.65,0.65,0.65
739643,合晶統一5B購01,0,,,,
739644,合晶統一5C購02,0,,,,
739645,均豪統一5C購01,0,,,,
739646,昇佳電統一5C購01,660,0.11,0.11,0.11,0.11
739647,昇佳電統一5C購02,0,,,,
739648,創惟統一5C購02,0,,,,
739649,新漢統一64購01,0,,,,
739650,萬泰科統一5C購02,0,,,,
739651,德微統一5C購02,0,,,,
739652,耀勝統一5C購02,0,,,,
739841,世界國票5C購01,0,,,,
739842,威剛國票5A購01,0,,,,
739913,旺矽國票5B購01,0,,,,
739986,廣明國票5B購01,0,,,,
7402,邑錡,8913959,99.8,100.0,99.0,99.8
7547,碩網,16097060,57.6,59.4,56.4,59.4
7556,意德士,7104414,258.0,264.5,258.0,264.5
7584,樂意,137420,26.85,27.2,26.85,27.2
7642,昶瑞機電,1138348,68.9,71.1,68.8,70.8
7703,銳澤,22314622,202.5,204.5,201.0,203.0
7704,明遠精密,691044,62.4,62.7,62.0,62.0
7708,全家餐飲,631125,92.0,92.0,91.8,91.8
7709,榮田,11605438,88.0,90.2,85.1,87.7
7712,博盛半導體,51268020,164.5,168.5,162.5,163.0
7713,威力德生醫,374502,74.0,74.5,73.8,73.8
7714,創泓科技,24000031,162.0,166.5,162.0,166.0
7715,裕山,1738545,27.2,27.5,27.0,27.5
7716,昱臺國際,47900,23.9,24.0,23.9,24.0
7717,萊德光電-KY,348075680,602.0,608.0,588.0,594.0
7718,友鋮,319400,45.6,45.8,45.6,45.8
7723,築間,443879,18.35,18.35,18.2,18.3
7728,光焱科技,20867582,582.0,603.0,580.0,595.0
7734,印能科技,639658815,2580.0,2775.0,2580.0,2750.0
7738,東聯互動,1036501,159.0,159.0,157.0,157.0
7743,金利食安,1885831,25.2,25.7,24.8,25.4
7744,崴寶,56463586,534.0,546.0,533.0,543.0
7747,昕奇雲端,114270,112.0,112.0,112.0,112.0
7751,竑騰,264475760,1435.0,1520.0,1425.0,1515.0
7753,星亞,141722,35.4,35.4,35.3,35.3
7757,金色三麥,6272697,91.9,94.3,91.0,91.0
7767,仁大資訊,751866,46.65,46.7,46.65,46.65
7770,君曜,39935,39.5,39.5,39.5,39.5
7772,耀穎,38768854,173.0,182.0,170.5,180.0
7777,能率亞洲,20458759,36.0,36.05,35.5,35.55
7782,光速火箭,6902,,,,
7792,安葆,1232390149,415.0,453.0,415.0,435.5
7794,宏碁智新,546578,30.2,30.2,30.0,30.0
7805,威聯通,11241811,497.5,500.0,497.5,498.0
7810,捷創科技,47369115,231.0,235.5,220.5,222.5
7811,民盛,809529,73.5,73.5,73.5,73.5
7814,海昌生技,768947,28.2,28.7,28.2,28.5
7819,精誠金融,68806,34.35,34.35,34.35,34.35
7820,立盈,2032072,106.5,108.0,103.0,108.0
7825,和亞智慧,46541083,75.5,82.2,75.5,82.2
7828,創新服務,296064150,1970.0,2030.0,1945.0,1970.0
7839,達人網,661184,43.0,43.6,42.95,43.15
7842,天能綠電,211833,99.5,99.5,98.0,98.0
7856,漢測,1270600570,4675.0,4695.0,4530.0,4605.0
8024,佑華,543960,12.65,12.7,12.45,12.6
8027,鈦昇,629313441,175.5,188.0,175.5,184.0
8032,光菱,552022,36.0,36.0,35.7,36.0
8034,榮群,2410557,20.7,20.7,19.8,20.45
8038,長園科,3169996,32.5,32.6,32.4,32.6
8040,九暘,1000187655,92.3,97.6,92.3,94.5
8042,金山電,412838918,110.0,117.0,110.0,114.0
8043,蜜望實,157096337,131.5,135.5,130.5,133.0
8044,網家,3070724,24.0,24.05,23.7,23.85
8047,星雲,4537523,45.6,49.2,45.0,49.2
8048,德勝,2739071,49.4,50.2,49.4,50.1
8049,晶采,760220,24.45,24.5,24.45,24.5
8050,廣積,140766977,59.5,61.5,59.4,61.2
8054,安國,30779816,84.4,85.0,83.9,84.6
8059,凱碩,3281612,17.5,18.75,17.45,17.7
8064,東捷,1966794770,131.0,142.0,130.5,139.0
8066,來思達,285552,15.2,15.35,14.8,14.8
8067,志旭,117842,11.6,12.0,11.6,11.8
8068,全達,8138850,18.5,18.5,17.5,17.85
8069,元太,786518946,143.5,146.0,142.5,146.0
8071,能率網通,3977421,21.8,22.05,21.7,21.9
8074,鉅橡,10095769,50.6,51.0,50.3,51.0
8076,伍豐,10927835,21.55,21.75,21.4,21.7
8077,洛碁,87126,42.0,43.4,42.0,43.4
8080,泰霖,227636,28.15,28.15,28.05,28.05
8083,瑞穎,3899758,155.0,155.5,155.0,155.5
8084,巨虹,32862221,33.1,33.1,33.1,33.1
8085,福華,1739228,14.2,14.25,14.05,14.2
8086,宏捷科,162593152,108.5,111.5,107.5,110.5
8087,麗升能源,1477382,24.05,24.05,23.1,23.25
8088,品安,9457986,42.05,42.2,41.55,41.85
8089,康全電訊,1837707,19.5,19.55,19.25,19.25
8091,翔名,31629536,216.5,216.5,214.5,216.5
8092,建暐,445487,13.4,13.4,12.85,12.9
8093,保銳,1317922,23.5,23.9,23.1,23.25
8096,擎亞,222665516,83.9,84.6,81.4,84.6
8097,常珵,2470219,48.3,48.6,47.9,48.15
8099,大世科,1365100,60.3,60.7,60.0,60.5
8102,傑霖科技,602878,60.1,60.5,59.5,59.5
8107,大億金茂,465795,12.15,12.15,12.0,12.15
8109,博大,38845582,130.5,132.5,130.0,132.0
8111,立碁,490715866,74.1,76.7,73.8,76.4
8121,越峰,38222943,27.65,30.65,27.6,30.65
8147,正淩,11084205,137.5,137.5,136.0,136.5
8155,博智,335958100,340.0,349.0,333.0,336.0
8171,天宇,1930112,20.6,20.6,20.35,20.45
8176,智捷,77000,9.7,9.8,9.7,9.78
8182,加高,35846609,40.0,41.3,39.8,40.45
8227,巨有科技,297080826,305.0,309.0,295.0,306.5
8234,新漢,11478176,61.1,61.4,60.6,61.2
8240,華宏,61461341,51.2,54.0,51.1,52.0
8255,朋程,49679942,140.0,144.5,139.5,142.5
8272,全景軟體,651692,64.6,64.6,62.8,63.5
8277,商丞,822602,15.75,15.95,15.75,15.75
8279,生展,1113940,78.1,78.9,78.1,78.2
8284,三竹,509860,69.0,69.0,68.0,68.0
8289,泰藝,23105136,44.5,45.5,43.85,44.75
8291,尚茂,29779,29.75,29.75,29.75,29.75
8299,群聯,9161239860,2195.0,2195.0,2095.0,2125.0
8342,益張,120607,83.8,83.8,83.8,83.8
8349,恒耀,9061735,38.6,39.6,38.6,39.6
8349A,恒耀甲特,0,,,,
8354,冠好,354498,17.0,17.1,16.9,17.1
8358,金居,1630844067,498.0,511.0,495.0,511.0
8383,千附,72497735,66.3,68.6,66.1,67.9
8390,金益鼎,26495369,91.4,91.4,89.8,90.0
8401,白紗科,478609,22.7,22.8,22.5,22.75
8403,盛弘,757738,18.9,19.0,18.85,18.95
8409,商之器,73788,18.25,18.3,18.1,18.1
8410,森田,4632512,28.2,28.2,27.8,27.8
8415,大國鋼,6968358,35.15,35.65,35.0,35.45
8416,實威,1672754,168.0,169.0,168.0,169.0
8421,旭源,493622,12.8,12.8,12.75,12.8
8423,保綠-KY,179951,17.8,18.05,17.8,18.05
8424,惠普,7029822,69.0,70.8,69.0,70.8
8426,紅木-KY,386684,20.55,20.6,20.1,20.6
8431,匯鑽科,41555111,62.1,64.4,62.1,63.3
8432,東生華,1809303,50.1,50.7,50.0,50.2
8433,弘帆,1484793,52.8,53.0,52.7,52.7
8435,鉅邁,1263213,52.8,52.9,52.8,52.9
8436,大江,40027373,105.5,105.5,104.0,105.0
8437,大地-KY,3126294,10.0,10.85,10.0,10.65
8440,綠電,719156,20.3,20.3,20.2,20.25
8444,綠河-KY,65298,4.21,4.4,4.21,4.4
8446,華研,264852,84.7,84.7,84.7,84.7
8450,霹靂,437940,14.3,14.35,14.15,14.35
8455,大拓-KY,157347,22.15,22.15,22.1,22.1
8472,納維康,155779,78.0,78.0,77.0,77.0
8477,創業家,86318,14.4,14.4,14.35,14.35
8489,三貝德,775582,22.55,22.7,22.3,22.55
8905,裕國,85143,35.05,35.05,34.8,34.8
8906,花王,452423,29.0,29.05,28.85,29.0
8908,欣雄,1531940,40.1,40.5,40.0,40.05
8916,光隆,2529349,40.85,41.6,40.55,40.85
8917,欣泰,773540,55.0,55.0,55.0,55.0
8921,沈氏,65,,,,
8923,時報,0,,,,
8924,大田,3003342,49.2,49.5,49.15,49.3
8927,北基,1632637,19.1,19.25,19.0,19.0
8928,鉅明,322597,22.95,23.3,22.85,23.3
8929,富堡,95935,12.85,12.95,12.8,12.95
8930,青鋼,1787515,28.9,28.9,28.4,28.8
8931,大汽電,12016949,43.0,43.05,42.8,43.05
8932,智通*,59914853,93.3,93.4,92.0,92.6
8933,愛地雅,410700,4.32,4.58,4.32,4.57
8935,邦泰,6585916,17.25,17.95,17.2,17.55
8936,國統,29198929,52.0,52.4,51.9,52.1
8937,合騏*,9081962,27.05,27.1,26.0,26.6
8938,明安,1318153,52.7,52.8,52.0,52.1
8941,關中,177804,43.0,44.0,43.0,44.0
8942,森鉅,4466115,40.5,40.7,40.4,40.5
9949,琉園,725794,24.0,24.05,23.95,24.0
9950,萬國通,178550,10.15,10.3,10.15,10.3
9951,皇田,3346323,48.1,48.15,47.6,47.65
9960,邁達康,7210125,37.05,39.35,36.3,39.35
9962,有益,760233,9.91,10.1,9.81,10.1
