code,name,trading_value,open_price,high_price,low_price,close_price
00411A,主動統一前沿科技,148511032,10.6,10.6,10.48,10.5
006201,元大富櫃50,8281709,46.76,46.91,46.19,46.28
00679B,元大美債20年,276265214,25.58,25.71,25.58,25.68
00687B,國泰20年美債,277604158,26.59,26.7,26.57,26.66
00687C,國泰20年美債+櫃U,226750,9.07,9.07,9.07,9.07
00694B,富邦美債1-3,7520730,41.4,41.56,41.4,41.55
00695B,富邦美債7-10,11367847,34.07,34.21,34.07,34.18
00696B,富邦美債20年,59691507,27.89,28.01,27.88,27.97
00697B,元大美債7-10,10445042,34.36,34.45,34.35,34.44
00719B,元大美債1-3,60304263,30.85,30.91,30.85,30.89
00720B,元大投資級公司債,128276161,31.87,32.0,31.87,31.97
00722B,群益投資級電信債,224409433,34.23,34.34,34.22,34.31
00723B,群益投資級科技債,10550870,29.34,29.43,29.32,29.42
00724B,群益投資級金融債,151216867,32.53,32.63,32.53,32.6
00725B,國泰投資級公司債,84761063,33.92,34.04,33.91,34.0
00726B,國泰新興投等債,3582977,31.85,31.91,31.84,31.9
00727B,國泰優選非投等債,4235427,39.08,39.14,39.08,39.13
00734B,台新JPM新興債,3300199,15.35,15.35,15.33,15.33
00740B,富邦全球投等債,64108893,37.0,37.22,37.0,37.17
00741B,富邦全球非投等債,7196565,36.79,36.99,36.79,36.97
00746B,富邦A級公司債,30268768,34.18,34.32,34.18,34.31
00749B,凱基新興債10+,3129400,30.78,30.78,30.62,30.68
00750B,凱基科技債10+,3173000,31.73,31.73,31.73,31.73
00751B,元大AAA至A公司債,60943281,29.9,30.02,29.9,29.99
00754B,群益AAA-AA公司債,3582330,31.4,31.43,31.4,31.43
00755B,群益投資級公用債,3440228,31.39,31.49,31.39,31.49
00756B,群益投等新興公債,5165574,29.96,30.06,29.96,30.06
00758B,復華能源債,5055000,50.05,50.05,50.0,50.0
00759B,復華製藥債,5275000,52.75,52.75,52.75,52.75
00760B,復華新興企業債,5368165,51.55,51.85,51.55,51.75
00761B,國泰A級公司債,7350673,32.73,33.04,32.73,33.0
00764B,群益25年美債,356126708,26.52,26.63,26.52,26.61
00768B,復華20年美債,15936077,47.66,47.82,47.66,47.77
00772B,中信高評級公司債,69575577,32.15,32.3,32.15,32.27
00773B,中信優先金融債,18447346,34.34,34.5,34.34,34.48
00777B,凱基AAA至A公司債,3113621,31.13,31.13,31.13,31.13
00778B,凱基金融債20+,3365980,33.0,33.0,32.98,33.0
00779B,凱基美債25+,2821350,26.87,26.87,26.87,26.87
00780B,國泰A級金融債,3713340,35.92,35.99,35.9,35.99
00781B,國泰A級科技債,3319671,26.59,26.69,26.59,26.67
00782B,國泰A級公用債,4668790,29.29,29.4,29.29,29.35
00785B,富邦金融投等債,5938070,33.62,33.79,33.62,33.79
00786B,元大10年IG銀行債,504013,31.47,31.5,31.47,31.47
00787B,元大10年IG醫療債,503321,31.22,31.22,31.18,31.18
00788B,元大10年IG電能債,146724,29.08,29.12,29.08,29.12
00789B,復華公司債A3,5730666,46.08,46.27,46.08,46.27
00791B,復華信用債1-5,5804050,56.35,56.35,56.35,56.35
00792B,群益A級公司債,1653916,30.3,30.32,30.24,30.24
00795B,中信美國公債20年,177759239,25.7,25.81,25.69,25.78
00799B,國泰A級醫療債,4476384,28.41,28.51,28.39,28.51
00834B,第一金金融債10+,3312000,33.12,33.12,33.12,33.12
00836B,永豐10年A公司債,557138,27.53,27.53,27.53,27.53
00840B,凱基IG精選15+,2862002,28.61,28.61,28.61,28.61
00841B,凱基AAA-AA公司債,2734000,27.34,27.34,27.34,27.34
00842B,台新美元銀行債,5200526,29.08,29.17,29.02,29.17
00844B,台新15年IG金融債,4799170,30.37,30.39,30.27,30.39
00845B,富邦新興投等債,3544201,32.19,32.2,32.19,32.2
00846B,富邦歐洲銀行債,3548694,34.57,34.78,34.57,34.78
00847B,中信美國市政債,9756369,24.2,24.28,24.2,24.22
00848B,中信新興亞洲債,10141152,33.07,33.15,33.07,33.15
00849B,中信EM主權債0-5,11230651,37.08,37.14,37.08,37.14
00853B,統一美債10年Aa-A,29046539,26.36,26.46,26.36,26.44
00856B,永豐1-3年美公債,65917,36.99,36.99,36.99,36.99
00857B,永豐20年美公債,19574172,22.14,22.18,22.09,22.18
00858,永豐美國500大,11100382,36.24,36.38,36.24,36.33
00859B,群益0-1年美債,85729738,40.46,40.5,40.42,40.46
00860B,群益1-5Y投資級債,2678004,37.65,37.65,37.61,37.61
00862B,中信投資級公司債,12610235,30.24,30.39,30.24,30.33
00863B,中信全球電信債,9504700,30.35,30.39,30.34,30.39
00864B,中信美國公債0-1,29554389,45.94,46.0,45.9,45.98
00867B,台新A-BBB電信債,26525887,29.44,29.44,29.44,29.44
00870B,元大15年EM主權債,27360,27.36,27.36,27.36,27.36
00877,復華中國5G,60031917,39.35,39.35,38.5,38.69
00884B,中信低碳新興債,8725716,28.52,28.57,28.52,28.57
00886,永豐美國科技,1028220,49.46,49.46,49.46,49.46
00887,永豐中國科技50大,55806978,16.39,16.39,16.09,16.12
00888,永豐台灣ESG,160526720,36.36,36.45,36.13,36.15
00890B,凱基ESG BBB債15+,3576415,31.13,31.13,31.09,31.09
00928,中信上櫃ESG 30,9441211,33.6,34.0,33.16,33.43
00931B,統一美債20年,49248564,12.93,13.0,12.93,12.97
00933B,國泰10Y+金融債,78981505,15.38,15.43,15.37,15.4
00937B,群益ESG投等債20+,473202101,14.26,14.3,14.24,14.29
00942B,台新美A公司債20+,7475606,13.68,13.72,13.68,13.72
00948B,中信優息投資級債,35744207,9.1,9.13,9.09,9.12
00950B,凱基A級公司債,39460587,13.57,13.58,13.51,13.57
00955,中信日本商社,20499263,16.3,16.46,16.3,16.37
00957B,兆豐US優選投等債,2416431,12.91,12.95,12.91,12.94
00958B,永豐ESG銀行債15+,4986765,8.95,8.95,8.91,8.94
00959B,大華投等美債15Y+,3717465,9.05,9.08,9.04,9.08
00966B,統一ESG投等債15+,22087424,13.45,13.49,13.43,13.49
00967B,元大優息美債,1442075,8.8,8.81,8.78,8.8
00968B,元大優息投等債,19477916,8.9,8.95,8.9,8.95
00969B,元大零息超長美債,2220805,8.01,8.02,7.97,8.01
00970B,台新BBB投等債20+,27501280,9.0,9.04,9.0,9.03
009806,台新標普500,9873415,13.85,13.85,13.77,13.85
009807,台新標普科技精選,3166809,17.71,17.81,17.71,17.81
00980B,台新特選IG債10+,924537,9.13,9.15,9.13,9.14
00980D,主動聯博投等入息,17116194,19.83,19.84,19.79,19.83
00980T,平衡凱基美國TOP,2927636,12.14,12.16,12.13,12.15
009814,富邦標普500,4696644,11.47,11.48,11.45,11.48
009815,大華美國MAG7+,20425778,12.01,12.04,12.0,12.03
00981B,第一金優選非投債,87566108,9.04,9.05,9.04,9.04
00981D,主動中信非投等債,34527648,10.17,10.18,10.15,10.17
009822,華南永昌未來金融,23970923,10.0,10.04,10.0,10.01
009823,群益S&P500,43049123,10.5,10.53,10.5,10.51
009825,聯邦美國金融創新,18254040,10.03,10.03,10.01,10.03
00982B,FT投資級債20+,143847,9.4,9.42,9.4,9.42
00983B,大華優利美公債20,5211567,14.99,15.04,14.99,15.04
00984B,大華優利美A債15,7533850,15.76,15.82,15.75,15.78
00985D,主動貝萊德優投等,22175462,9.74,9.75,9.73,9.74
00986B,FT金融債10+,817837,9.47,9.53,9.47,9.53
00986D,主動復華金融債息,4186386,14.17,14.18,14.14,14.17
00987B,野村10+澳洲公債,11194949,15.62,15.65,15.6,15.65
00987D,主動統一美債量化,4594898,9.88,9.91,9.86,9.91
00988B,玉山嚴選非投債,13203729,19.32,19.33,19.31,19.33
00989B,台新美國非投等債,6910862,9.95,9.95,9.93,9.95
00990B,國泰收益非投等債,30094097,9.89,9.89,9.86,9.88
00998A,主動復華金融股息,293754713,16.99,17.0,16.82,16.84
020001,富邦存股雙十N,0,,,,
020025,統一亞洲半導體N,806860,40.41,40.48,40.26,40.3
020033,統一恒生科期N,173380,3.54,3.54,3.5,3.5
020035,元大上櫃ESG高息N,0,,,,
020040,元大上櫃ESG龍頭N,0,,,,
020041,兆豐半導體氣候N,2436740,21.7,21.8,21.06,21.09
1240,茂生農經,634704,55.0,55.0,54.6,54.7
1259,安心,11555,,,,
1264,德麥,6532325,244.0,244.5,242.0,244.5
1268,漢來美食,5498836,175.0,176.0,172.0,174.5
1294,漢田生技,1001127,50.8,50.8,50.2,50.7
1295,生合,1321623,45.9,45.9,45.0,45.3
1336,台翰,1949391,17.0,17.2,16.95,16.95
1565,精華,6603163,96.3,97.1,95.9,96.0
1569,濱川,284683871,64.2,65.2,63.0,63.3
1570,力肯,1610830,32.3,32.5,32.1,32.5
1580,新麥,1206863,96.5,96.6,96.4,96.5
1584,精剛,6145573,18.2,18.3,17.95,18.1
1586,和勤,2724328,17.95,17.95,17.8,17.95
1591,駿吉-KY,15926417,41.2,42.0,39.45,41.6
1593,祺驊,291429,32.0,32.0,31.95,31.95
1595,川寶,509761072,77.0,81.5,76.7,78.5
1599,宏佳騰,174750,23.25,23.25,23.1,23.1
1742,台蠟,1116917,17.6,17.6,17.35,17.5
1777,生泰,4967144,74.5,74.5,73.6,74.1
1780,立弘,2383305,25.05,25.2,24.8,24.85
1781,合世,30268,10.1,10.1,10.05,10.05
1784,訊聯,12324761,61.0,62.7,61.0,62.5
1785,光洋科,434864684,96.4,98.6,96.2,96.5
1788,杏昌,2439567,127.5,128.0,127.5,127.5
1796,金穎生技,210304,30.3,30.3,29.5,30.0
1799,易威,975306,28.7,29.0,28.55,28.8
1813,寶利徠,82608,11.3,11.35,11.3,11.35
1815,富喬,3962677774,122.5,124.5,119.5,120.0
2035,唐榮,455138,26.05,27.0,26.05,27.0
2061,風青,91240466,55.5,56.7,54.9,55.8
2063,世鎧,285275,23.75,23.75,23.6,23.6
2064,晉椿,118472,11.85,12.0,11.8,11.8
2065,世豐,1764263,35.05,35.25,35.0,35.1
2066,世德,3048806,53.3,53.3,52.2,52.8
2067,嘉鋼,53143,5.57,5.57,5.01,5.51
2070,精湛,4376830,61.6,62.2,60.6,60.8
2073,雄順,80510,25.9,25.95,25.9,25.9
2221,大甲,3235548022,166.0,168.5,149.5,158.5
2230,泰茂,5981069,21.35,21.5,21.25,21.25
2235,謚源,741,,,,
2596,綠意,2238415,35.1,35.4,34.9,35.0
2640,大車隊,6423542,159.5,160.0,156.5,157.5
2641,正德,17385392,17.55,17.65,17.5,17.5
2643,捷迅,76355,62.9,62.9,62.9,62.9
2718,全心投控,842446,41.05,41.1,40.65,40.65
2719,燦星旅,121531,19.6,19.65,19.55,19.55
2724,藝舍-KY,53643,12.95,12.95,11.65,12.3
2726,雅茗-KY,412370,8.2,8.2,8.0,8.05
2729,瓦城,2568640,159.5,159.5,157.0,157.5
2732,六角,6310727,62.2,66.5,62.0,65.0
2734,易飛網,521109,14.5,14.5,14.4,14.5
2736,富野,788976,11.35,11.35,11.25,11.25
2740,華軒,41590,30.85,30.85,30.85,30.85
2743,山富,1698493,55.0,55.0,54.0,54.0
2745,五福,7519070,84.3,85.1,84.3,84.9
2751,王座,216100,54.4,54.4,53.0,54.4
2752,豆府,2413245,179.0,179.0,173.0,178.5
2754,亞洲藏壽司,1461376,69.3,69.3,68.2,68.6
2755,揚秦,1187099,99.5,99.5,99.5,99.5
2756,聯發國際,1647214,62.5,63.2,61.1,62.9
2916,滿心,1577401,40.5,40.65,40.25,40.35
2924,宏太-KY,19067,19.05,19.05,19.05,19.05
2926,誠品生活,78881,30.0,30.1,30.0,30.1
2937,集雅社,2304,,,,
2938,床的世界,4199174,18.4,19.0,18.4,18.8
2941,米斯特,31514,31.45,31.45,31.45,31.45
2947,振宇五金,206431,60.5,60.5,60.4,60.4
2948,寶陞,476600,37.4,37.4,36.1,37.15
2949,欣新網,0,,,,
3064,泰偉,16,,,,
3066,李洲,41364980,28.1,29.05,27.25,27.25
3067,全域,16550,16.55,16.55,16.55,16.55
3071,協禧,2238802,23.15,23.35,23.05,23.05
3073,天方能源,617306,20.3,20.65,20.3,20.3
3078,僑威,22007894,45.5,45.5,45.0,45.2
3081,聯亞,12421621675,2825.0,2845.0,2585.0,2680.0
3083,網龍,421282,22.85,22.85,22.6,22.85
3085,新零售,101042,11.05,11.45,11.05,11.45
3086,華義*,1422685,28.7,28.9,28.5,28.55
3088,艾訊,44040339,128.5,129.0,125.5,127.0
3093,港建*,6233476,45.3,46.0,44.4,44.55
3095,及成,442517,33.25,33.8,33.25,33.25
3105,穩懋,13649793651,507.0,518.0,486.5,497.0
3114,好德,5432793,32.0,32.6,31.0,31.15
3115,富榮綱,260308,8.43,8.43,7.7,8.02
3118,進階,2158,,,,
3122,笙泉,2465794,23.7,24.9,23.4,24.25
3128,昇銳,807848,20.65,20.75,20.25,20.25
3131,弘塑,619950375,2425.0,2445.0,2360.0,2365.0
3141,晶宏,221222664,89.8,90.4,86.0,86.4
3147,大綜,57114131,232.5,236.0,231.5,234.5
3152,璟德,11360863,221.5,223.0,220.0,220.5
3158,嘉實,431415,85.7,85.7,85.5,85.5
3162,精確,36732737,75.2,75.5,74.0,74.7
3163,波若威,880999337,671.0,671.0,648.0,663.0
3169,亞信,77051527,107.5,114.0,107.0,111.0
3171,炎洲流通,505194,59.4,59.4,58.6,58.9
3176,基亞,9376524,38.1,38.75,38.05,38.55
3178,公準,44035438,73.0,73.9,70.0,70.0
3188,鑫龍騰,3445807,23.55,23.65,23.4,23.5
3191,雲嘉南,433475,16.4,16.8,16.4,16.6
3205,佰研,747426,46.55,46.65,46.3,46.65
3206,志豐,342340,35.5,35.5,34.95,34.95
3207,耀勝,3506176,38.1,38.6,37.85,38.1
3211,順達,700239286,390.5,390.5,380.0,380.0
3213,茂訊,8410110,125.5,126.0,123.5,124.0
3217,優群,17822181,131.0,131.0,129.0,130.0
3218,大學光,15288088,133.5,134.0,133.5,133.5
3219,倚強科,637610334,108.5,110.0,100.0,104.5
3221,台嘉碩,155436106,48.3,50.3,47.55,50.1
3224,三顧,1025248,32.55,32.55,31.25,31.95
3226,龍鋒,1976562,57.9,58.3,57.7,58.2
3227,原相,107492088,185.0,186.5,184.0,185.5
3228,金麗科,40166578,172.0,172.0,166.5,167.0
3230,錦明,15607317,41.4,42.95,40.7,41.15
3232,昱捷,667909,21.05,21.85,21.05,21.2
3234,光環,250341865,174.5,174.5,169.0,170.0
3236,千如,48548883,43.8,44.6,43.2,43.7
3252,海灣,838921,15.25,15.3,15.25,15.3
3259,鑫創,217444,10.2,10.35,10.15,10.35
3260,威剛,1310818154,388.5,389.5,382.5,383.0
3264,欣銓,7566746933,273.0,273.5,250.5,252.0
3265,台星科,456357873,189.0,189.5,179.0,180.0
3268,海德威,950372,19.95,19.95,19.5,19.6
3272,東碩,142103,14.0,14.1,13.9,14.0
3276,宇環,526237,13.9,13.9,13.8,13.85
3284,太普高,2428500,19.7,19.8,19.55,19.75
3285,微端,1136067,42.15,42.45,41.55,42.35
3287,廣寰科,41455447,42.6,43.6,41.35,41.35
3288,點晶,1838365,21.45,22.45,20.65,21.5
3289,宜特,82609944,138.5,139.5,136.0,136.5
3290,東浦,33433679,46.2,46.7,45.65,45.75
3293,鈊象,592318414,728.0,730.0,724.0,729.0
3294,英濟,43023276,32.0,33.7,32.0,33.7
3297,杭特,20883109,34.25,35.45,33.15,33.7
3303,岱稜,5093267,48.35,48.55,48.25,48.25
3306,鼎天,7399420,45.1,45.95,45.05,45.9
3310,佳穎,623252,68.9,68.9,67.5,68.5
3313,斐成,383428,10.45,10.55,10.45,10.45
3317,尼克森,622833810,63.4,66.5,63.1,66.5
3322,建舜電,2761558,11.05,11.25,10.95,11.25
3323,加百裕,3913588,27.95,28.1,27.8,27.95
3324,雙鴻,6548708715,1605.0,1630.0,1555.0,1595.0
3325,旭品,1906066,12.1,12.1,11.8,11.85
3332,幸康,60200,60.2,60.2,60.2,60.2
3339,泰谷,94773932,45.55,46.95,44.55,46.95
3349,寶德,1812611,19.4,19.75,19.2,19.2
3354,律勝,25529495,28.9,28.95,27.6,28.15
3357,臺慶科,153191053,209.5,214.5,206.0,206.0
3360,尚立,3150498,15.05,15.15,14.9,15.05
3362,先進光,147890459,172.5,174.5,170.0,170.0
3363,上詮,1944276681,660.0,665.0,631.0,643.0
3372,典範,7470608,16.2,16.55,15.9,15.9
3373,熱映,373026,16.0,16.0,15.85,16.0
3374,精材,8455691611,486.0,486.0,463.0,472.0
3379,彬台,1334824,28.2,28.25,27.15,27.5
3388,崇越電,23682573,82.1,82.2,81.1,81.1
3390,旭軟,2100946,21.8,21.9,21.7,21.9
3402,漢科,47067377,128.0,130.5,126.5,129.0
3430,奇鈦科,12708555,108.5,108.5,106.0,106.5
3434,哲固,2128040,32.35,32.4,31.7,31.7
3438,類比科,3514110,62.1,63.3,61.5,61.6
3441,聯一光,129417968,180.5,180.5,175.5,177.5
3444,利機,9033289,80.5,81.4,79.7,80.2
3455,由田,164403912,248.0,252.0,244.0,244.0
3465,進泰電子,2304970,28.8,29.6,28.25,29.6
3466,德晉,2175688,24.2,24.3,24.1,24.25
3467,台灣精材,76092988,88.8,88.8,85.0,86.5
3479,安勤,50082529,130.5,131.5,128.0,130.5
3483,力致,19588360,77.9,79.5,76.6,76.6
3484,崧騰,2804616,45.95,45.95,45.6,45.9
3485,敘豐,9948007,202.0,202.0,198.0,198.0
3489,森寶,4175244,22.7,23.3,22.7,22.75
3490,單井,107460028,45.65,45.95,44.1,44.15
3491,昇達科,3092919845,1490.0,1575.0,1490.0,1565.0
3492,長盛,742826,19.2,19.2,18.95,19.2
3498,陽程,428995205,205.0,209.5,197.5,199.0
3499,環天科,349880,13.4,13.4,13.25,13.3
3508,位速,17666488,26.5,26.5,24.85,24.95
3511,矽瑪,1791626,19.55,19.65,19.05,19.3
3512,皇龍,507075,19.3,19.3,19.1,19.25
3516,亞帝歐,118762,25.45,25.45,25.15,25.45
3520,華盈,1930317,17.35,17.35,17.05,17.2
3521,台鋼建設,596273,11.95,12.0,11.8,11.8
3522,御嵿,1288642,13.0,13.0,12.8,12.8
3523,迎輝,570346,15.0,15.0,15.0,15.0
3526,凡甲,40816353,271.5,272.5,269.0,269.0
3527,聚積,2092202,51.6,51.7,51.2,51.2
3529,力旺,10861830745,3190.0,3350.0,3020.0,3305.0
3531,先益,146150,20.85,21.15,20.75,20.9
3537,堡達,4640458,52.9,53.6,52.7,52.9
3540,曜越,2500966,23.0,23.1,22.8,23.05
3541,西柏,16210159,25.5,25.8,24.6,24.6
3546,宇峻,8015353,72.5,72.9,72.2,72.3
3548,兆利,12418885,78.3,78.9,77.7,77.7
3551,世禾,242146397,183.5,186.0,182.0,183.5
3552,同致,54970988,39.55,43.05,39.55,43.05
3555,博士旺,5777810,174.5,177.5,171.5,171.5
3556,禾瑞亞,7499934,57.1,57.1,56.5,56.6
3558,神準,4114111,123.0,123.0,122.0,122.5
3564,其陽,10822233,49.4,49.4,47.55,48.1
3567,逸昌,1466547,25.6,25.95,25.45,25.65
3570,大塚,2458080,167.5,167.5,167.0,167.5
3577,泓格,13556056,116.0,116.5,114.0,114.0
3580,友威科,107247088,102.5,105.5,99.0,99.7
3581,博磊,22515218,103.0,106.0,102.5,105.0
3587,閎康,59914619,239.5,241.0,236.0,236.0
3594,磐儀,17572082,46.8,47.45,46.1,46.6
3597,映興,7927153,27.5,28.7,27.1,28.35
3609,三一東林,2575697,22.95,24.4,22.9,23.55
3611,鼎翰,2097066,182.5,183.0,182.5,183.0
3615,安可,86739890,37.45,41.1,37.45,38.3
3623,富晶通,4567026,28.35,28.45,27.7,27.7
3624,光頡,3017936464,122.0,134.0,122.0,134.0
3625,西勝,883102,11.4,11.85,11.3,11.75
3628,盈正,5787964,72.6,74.5,72.2,74.3
3629,地心引力,0,,,,
3630,新鉅科,44396763,26.3,27.95,26.05,27.05
3631,晟楠,5968184,40.0,40.8,40.0,40.3
3632,研勤,235925,7.19,7.2,7.19,7.2
3646,艾恩特,393873,24.8,24.85,24.35,24.7
3663,鑫科,13053358,61.4,61.4,60.6,60.7
3664,安瑞-KY,913894,8.25,9.0,8.25,8.9
3666,光耀,580790,25.15,25.3,25.0,25.2
3672,康聯訊,154024,11.9,11.95,11.8,11.95
3675,德微,1072738170,309.0,332.0,307.5,332.0
3680,家登,453195040,542.0,545.0,528.0,528.0
3684,榮昌,33137,,,,
3685,元創精密,6545712,35.6,35.6,34.5,35.1
3687,歐買尬,2731161,61.8,61.8,60.6,60.6
3689,湧德,43422575,108.5,110.0,108.5,109.5
3691,碩禾,212626309,118.5,121.5,117.0,121.5
3693,營邦,1760141398,706.0,738.0,705.0,732.0
3707,漢磊,4110620665,70.9,76.4,69.8,70.2
3709,鑫聯大投控,8995977,64.4,64.4,63.3,63.3
3710,連展投控,2032459,7.58,7.75,7.5,7.75
3713,新晶投控,479341,14.2,14.2,13.9,14.1
3718,中光電投控,91551464,66.2,66.7,64.7,64.7
4102,永日,370742,18.55,18.75,18.5,18.7
4105,東洋,17913393,79.1,79.1,78.5,78.7
4107,邦特,5685040,112.0,112.0,110.0,110.5
4109,加捷生醫,1611249,10.95,11.05,10.9,11.05
4111,濟生,2482038,28.8,28.9,28.5,28.8
4113,聯上,1196190,15.7,15.7,15.6,15.65
4114,健喬,9981508,29.8,29.8,29.55,29.6
4116,明基醫,512541,39.45,39.45,39.4,39.4
4120,友華,2007213,46.15,46.15,45.5,46.1
4121,優盛,304846,12.65,12.65,12.6,12.6
4123,晟德,43807906,31.0,31.5,30.85,31.5
4126,太醫,726786,77.8,78.0,77.8,77.9
4127,天良,210598695,51.4,52.9,49.0,49.6
4128,中天,11264402,14.6,14.85,14.6,14.85
4129,聯合,3543011,82.5,82.9,82.2,82.9
4131,浩泰,384838,31.0,32.3,31.0,32.3
4138,曜亞,2318311,54.9,55.9,54.9,55.9
4139,馬光-KY,1305549,40.5,41.55,40.5,41.5
4147,中裕,112615638,65.0,66.5,64.9,64.9
4153,鈺緯,388091,31.85,32.1,31.35,32.1
4154,樂威科-KY,313550,11.5,12.25,11.5,11.85
4157,太景*-KY,10074773,8.99,9.02,8.87,8.87
4160,訊聯基因,2755545,39.7,40.35,39.7,39.75
4161,聿新科,684121,22.25,22.45,22.0,22.2
4162,智擎,16767651,56.2,56.6,56.0,56.2
4163,鐿鈦,1343963,134.0,134.0,133.0,133.0
4166,友霖,1304550,24.25,24.45,24.0,24.2
4167,松瑞藥,12625779,19.8,19.9,19.7,19.7
4168,醣聯,1630120,21.6,21.6,21.35,21.45
4171,瑞基,468638,16.5,16.5,16.3,16.35
4173,久裕,316242,17.4,17.4,17.15,17.2
4174,浩鼎,92817572,29.25,32.6,29.0,32.6
4175,杏一,534931,51.3,51.5,51.3,51.5
4183,福永生技,225529,13.85,14.25,13.85,14.25
4188,安克,9085022,13.5,14.85,13.15,14.85
4192,杏國,21471,18.15,18.15,18.15,18.15
4198,欣大健康,989918,49.1,49.4,47.5,49.4
4205,中華食,2036172,68.8,68.9,68.6,68.9
4207,環泰,1208106,19.45,19.7,19.4,19.7
4303,信立,14263878,34.65,35.1,34.45,34.65
4304,勝昱,8035642,22.1,22.15,18.75,18.75
4305,世坤,0,,,,
4401,東隆興,605174,13.95,13.95,13.65,13.85
4402,郡都開發,305579,13.6,13.9,13.4,13.9
4406,新昕纖,153500,10.25,10.25,10.2,10.2
4413,飛寶企業,2094786,19.85,21.0,19.8,20.8
4416,三圓,29281208,13.5,14.5,13.05,14.1
4417,金洲,2652430,49.8,49.8,49.4,49.55
4419,皇家美食,1757382,46.0,46.7,45.2,46.7
4420,光明,701466,35.5,36.0,35.5,35.7
4430,耀億,670098,17.45,17.45,17.15,17.2
4432,銘旺實,833331,15.4,15.6,15.3,15.55
4433,興采,1310307,18.4,18.4,18.2,18.3
4442,竣邦-KY,733909,53.8,54.6,53.8,54.1
4502,健信,141000,15.65,15.7,15.65,15.7
4503,金雨,6649262,23.3,24.4,23.2,24.05
4506,崇友,4416759,118.0,118.5,118.0,118.0
4510,高鋒,12095709,44.1,44.1,43.5,43.5
4513,福裕,2910915,16.75,16.8,16.45,16.45
4523,永彰,1025157,23.75,23.95,23.7,23.7
4527,方土霖,503802,40.8,40.9,40.8,40.9
4528,江興鍛,69750,14.9,15.0,14.9,15.0
4529,淳紳,158068,3.38,3.38,3.23,3.28
4530,天意能創,34359,25.0,25.0,25.0,25.0
4533,協易機,27195612,24.8,25.15,24.55,25.15
4534,慶騰,26268051,30.5,32.25,30.15,31.5
4535,至興,2899600,27.0,27.1,27.0,27.1
4538,大詠城,175450,17.55,17.6,17.5,17.5
4541,晟田,57585303,60.2,60.2,58.6,59.3
4542,科嶠,978742464,325.5,335.0,317.0,331.5
4543,萬在,865849,28.7,28.7,28.2,28.35
4549,桓達,3589131,96.3,97.9,96.2,97.0
4550,長佳,268410,24.1,24.15,24.05,24.15
4554,橙的,906794,28.7,28.7,28.05,28.1
4556,旭然,128672219,85.2,93.6,85.2,93.6
4558,寶緯,51400,17.2,17.2,17.1,17.1
4561,健椿,4659016,41.95,42.15,41.7,42.0
4563,百德,15301345,50.1,51.0,48.35,49.1
4568,科際精密,44270,40.25,40.25,40.25,40.25
4577,達航科技,11881127,86.5,86.9,84.5,84.6
4580,捷流閥業,3253219,81.4,81.4,80.8,81.4
4584,君帆,0,,,,
4609,唐鋒,45991,4.1,4.43,4.1,4.25
4702,中美實,607913,9.3,9.41,9.3,9.33
4706,大恭,101066,33.6,33.8,33.6,33.6
4707,磐亞,57773440,30.0,30.55,29.0,29.2
4711,永純,394912,16.55,16.55,16.3,16.3
4714,永捷,24191046,12.2,12.4,12.0,12.05
4716,大立,13070696,17.05,17.3,16.9,16.9
4721,美琪瑪,19902995,74.1,75.3,74.1,75.3
4726,永昕,2447530,22.7,22.7,22.25,22.35
4728,雙美,406343,400.0,400.0,400.0,400.0
4729,熒茂,1192102,18.8,19.0,18.65,18.8
4735,豪展,762782,36.2,36.2,35.85,35.85
4741,泓瀚,1619183,38.85,38.85,37.5,37.55
4743,合一,47418777,44.55,45.4,44.55,45.15
4744,皇將,1041347,28.0,28.75,27.9,27.9
4745,合富-KY,351213,11.85,11.9,11.7,11.9
4747,強生*,966278,23.1,23.9,23.1,23.8
4749,新應材,474665312,729.0,731.0,717.0,726.0
4754,國碳科,2049218,37.35,37.75,37.2,37.75
4760,勤凱,48096327,266.0,269.0,263.0,265.0
4767,誠泰科技,523423,27.85,27.85,27.3,27.8
4768,晶呈科技,339907959,319.0,337.0,311.0,329.0
4772,台特化,61078535,245.5,246.5,243.0,245.0
4903,聯光通,498729101,43.0,43.7,41.3,42.15
4905,台聯電,249938,78.3,78.3,78.1,78.1
4907,富宇,1696429,45.2,45.2,44.6,44.75
4908,前鼎,846481961,222.5,225.0,207.5,210.0
4909,新復興,7553276,35.2,35.2,34.55,34.55
4911,德英,82745,29.0,29.0,28.9,28.9
4923,力士,230056843,61.4,67.4,60.9,66.7
4924,欣厚-KY,30400906,18.4,18.4,16.9,16.9
4931,新盛力,363956613,242.5,242.5,237.0,238.5
4933,友輝,2196272,52.7,53.7,52.5,53.1
4939,亞電,273361545,77.2,77.5,74.5,74.7
4946,辣椒,6926057,97.9,100.5,95.8,98.0
4950,金耘國際,392872,15.5,15.75,15.35,15.75
4951,精拓科,148036603,93.8,99.7,93.1,93.8
4953,緯致,34192003,119.0,119.0,116.5,117.0
4966,譜瑞-KY,447223078,582.0,583.0,564.0,564.0
4971,IET-KY,675524321,563.0,572.0,541.0,545.0
4972,湯石照明,662696,16.3,16.3,16.15,16.2
4973,廣穎,92397970,140.0,140.0,134.5,135.0
4974,亞泰,4780001,70.7,71.1,70.7,70.8
4979,華星光,4378154947,612.0,613.0,583.0,590.0
4991,環宇-KY,2522459871,476.5,477.5,439.5,447.5
4995,晶達,1602170,50.5,50.5,49.25,49.65
5009,榮剛,17807490,32.3,32.3,32.1,32.1
5011,久陽,7175458,18.0,18.9,18.0,18.2
5013,強新,3931507,32.0,32.95,32.0,32.5
5014,建錩,1919990,9.99,10.0,9.89,9.98
5015,華祺,624371,21.05,21.7,21.05,21.45
5016,松和,222400,24.6,24.75,24.55,24.75
5201,凱衛,5288181,28.65,29.3,28.2,29.2
5202,力新,7555820,14.15,14.6,14.0,14.15
5205,中茂,17,,,,
5206,坤悅,2727611,22.95,23.1,22.9,22.95
5209,新鼎,9112338,169.0,169.5,167.5,167.5
5210,寶碩,6151890,30.3,30.3,29.75,29.8
5211,蒙恬,201389,20.3,20.35,20.2,20.3
5212,凌網,336190,48.0,48.0,47.9,47.9
5213,亞昕,1968895,20.85,20.9,20.7,20.85
5220,萬達光電,1072981,19.85,19.95,19.8,19.8
5223,安力-KY,187383,22.5,22.95,22.5,22.8
5227,立凱-KY,3975927,31.0,31.0,30.2,30.25
5228,鈺鎧,3554704,40.0,40.3,39.45,39.65
5230,雷笛克光學,49762214,21.75,22.9,21.35,21.9
5245,智晶,3124035,20.4,20.7,20.3,20.5
5251,天鉞電,6496488,30.65,31.4,30.6,30.65
5263,智崴,11860583,90.1,91.3,89.8,90.8
5272,笙科,649160,17.2,17.25,17.05,17.25
5274,信驊,5194066050,20385.0,20620.0,19780.0,20280.0
5276,達輝-KY,0,,,,
5278,尚凡*,1223897,24.35,24.55,23.85,24.0
5287,數字,3911597,137.5,137.5,136.5,137.0
5289,宜鼎,2718919515,1325.0,1375.0,1295.0,1305.0
5291,邑昇,11448573,58.2,58.6,57.5,57.5
5299,杰力,60293677,97.5,102.5,96.6,100.5
5301,寶得利,34818,5.0,5.0,4.86,4.86
5302,太欣,2424822,9.72,10.15,9.72,9.77
5309,系統電,28092902,52.4,52.4,51.3,51.5
5310,天剛,1320048,25.65,25.65,25.35,25.45
5312,寶島科,2423076,91.2,91.2,90.0,90.1
5314,世紀*,316274879,26.3,27.0,25.0,26.0
5315,光聯,2755716,19.35,19.4,18.95,18.95
5321,美而快,15987705,68.7,71.4,68.5,70.5
5324,士開,861724,12.4,12.5,12.35,12.5
5328,華容,118382066,52.8,53.5,51.3,52.2
5340,建榮,109559375,84.1,84.1,81.8,82.0
5344,立衛,2875359,13.3,14.25,13.3,13.95
5345,馥鴻,156174,21.7,21.7,21.5,21.65
5347,世界,2248343080,175.5,176.5,170.5,173.0
5348,正能量智能,184651,16.55,16.55,15.5,16.1
5351,鈺創,728666874,108.0,110.0,106.0,109.5
5353,台林,1202922,28.65,28.65,28.0,28.1
5355,佳總,614401,6.8,6.85,6.73,6.8
5356,協益,1528769,26.0,26.15,25.8,25.85
5364,力麗店,906140,8.31,8.45,8.3,8.32
5381,光譜,3318816,23.55,23.55,23.35,23.55
5386,青雲,181021634,284.0,289.5,281.0,282.0
5392,能率,21328592,39.9,40.25,39.5,39.5
5398,慕康生醫,43691,13.95,13.95,13.95,13.95
5403,中菲,787839,93.0,93.0,92.9,93.0
5410,國眾,3793084,32.9,33.05,32.75,32.9
5425,台半,2036600358,95.4,97.0,93.9,95.7
5426,振發,7009665,28.65,28.8,28.1,28.1
5432,新門,41270043,154.5,166.5,151.5,163.5
5438,東友,3203410,16.6,17.8,16.6,16.75
5439,高技,326054089,257.5,258.0,250.0,253.0
5443,均豪,144129869,110.0,110.5,105.5,106.0
5450,南良,3611140,14.75,15.2,14.6,14.65
5452,佶優,10826177,27.8,28.2,27.8,27.9
5455,昇益,30429,30.4,30.4,30.4,30.4
5457,宣德,11877147,23.9,24.45,23.9,24.4
5460,同協,645617,17.0,17.05,16.75,16.95
5464,霖宏,48594614,90.2,92.5,89.5,91.4
5465,富驊,68666501,31.45,33.15,30.85,32.05
5468,凱鈺,1796639,24.45,24.9,24.4,24.6
5474,聰泰,23249025,166.0,167.0,163.0,163.5
5475,德宏,419649725,183.0,183.5,175.0,177.0
5478,智冠,3817538,97.2,97.3,97.0,97.0
5481,新華,3295556,22.1,22.2,21.95,22.1
5483,中美晶,7858925376,195.0,195.0,183.0,184.5
5487,通泰,2849274,29.4,29.7,28.4,28.9
5488,松普,2861365,12.05,12.05,11.8,12.0
5489,彩富,2764442,43.35,43.85,42.4,42.75
5490,同亨,3414148,25.5,25.7,25.4,25.5
5493,三聯,30732010,93.2,93.2,91.8,92.6
5498,凱崴,50081902,51.7,52.0,50.2,50.2
5508,永信建,16224821,54.0,54.3,53.4,53.4
5511,德昌,4750567,69.3,70.5,69.1,69.9
5512,力麒,3716608,7.67,7.71,7.67,7.69
5514,三豐,315044,15.05,15.05,14.7,14.7
5516,雙喜,27730,12.0,12.0,11.95,11.95
5520,力泰,86217,83.0,83.0,83.0,83.0
5523,豐謙,1835346,30.2,30.35,30.15,30.35
5529,鉅陞,3628524,25.85,26.25,25.7,26.0
5530,龍巖,17207181,49.25,49.4,47.7,49.0
5536,聖暉*,1203704827,900.0,902.0,883.0,893.0
5543,桓鼎-KY,254675,28.7,28.7,27.0,27.9
5547,久舜,592129,20.2,20.2,19.95,20.0
5548,安倉,582056,20.35,20.45,20.35,20.4
5601,台聯櫃,0,,,,
5603,陸海,735647,13.45,13.55,13.45,13.5
5604,中連,493978,31.0,31.3,30.95,31.0
5609,中菲行,3643212,78.7,79.0,78.5,78.7
5701,劍湖山,754104,4.16,4.16,4.0,4.08
5703,亞都,0,,,,
5704,老爺知,211723,23.05,23.05,22.5,22.7
5864,致和證,85721440,37.05,37.7,36.9,37.1
5878,台名,156114,38.05,38.1,38.05,38.1
5902,德記,3982838,34.4,34.4,33.9,34.15
5903,全家,6666882,185.0,186.0,185.0,186.0
5904,寶雅*,339820169,71.3,71.7,70.6,70.8
5905,南仁湖,2473650,7.25,7.29,7.24,7.26
6015,宏遠證,42484499,18.0,18.1,17.8,17.85
6016,康和證,120561911,23.8,24.25,23.75,23.8
6020,大展證,744356,20.7,20.75,20.4,20.7
6021,美好證,19379012,45.0,45.5,42.0,42.25
6023,元大期,43071684,88.0,88.1,87.4,87.6
6026,福邦證,28666884,16.0,16.2,15.95,15.95
6028,公勝保經,4016495,97.0,99.5,96.5,99.2
6101,寬魚國際,3661585,38.3,38.6,38.0,38.4
6103,合邦,2116265,33.1,37.2,33.05,37.2
6104,創惟,18432045,90.6,91.0,90.1,90.3
6109,亞元,1010025,10.4,10.5,10.3,10.5
6111,光聚晶電,3857385,36.5,36.5,35.7,36.3
6113,亞矽,992785,22.35,22.75,22.25,22.3
6114,久威,634050,23.4,23.4,23.3,23.3
6118,建達,15804798,15.9,16.8,15.9,16.8
6121,新普,128963281,378.5,379.0,374.5,376.5
6122,擎邦,119426135,53.1,55.4,53.0,55.2
6123,上奇,1391041,43.2,43.3,43.0,43.0
6124,業強,444246,27.25,27.3,26.9,26.9
6125,廣運,16792606,49.6,49.8,48.6,48.6
6126,信音,9024508,30.85,31.2,30.7,30.7
6127,九豪,59464193,48.6,49.3,47.95,47.95
6129,普誠,6046272,15.15,15.15,14.6,14.8
6130,上亞科技,1232542,23.9,24.25,23.5,23.7
6134,萬旭,3200368,29.65,29.65,28.8,28.85
6138,茂達,95929496,279.5,281.0,274.5,274.5
6140,訊達,14706807,22.3,22.4,20.3,21.25
6143,振曜,22732222,82.0,82.0,81.2,81.2
6144,得利影,76912,12.2,12.6,12.2,12.6
6146,耕興,44329024,180.0,182.0,179.5,181.0
6147,頎邦,8626815497,221.0,227.0,213.5,214.5
6148,驊宏資,76665696,39.65,39.95,36.85,37.35
6150,撼訊,18019823,62.4,62.7,60.6,60.8
6151,晉倫,2148496,35.1,35.2,34.9,35.0
6154,順發,774397,14.1,14.2,14.05,14.2
6156,松上,7179093,20.7,20.9,20.65,20.8
6158,禾昌,994049,17.25,17.25,17.0,17.25
6160,欣技,532927,14.25,14.25,14.1,14.1
6161,捷波,6518893,48.9,50.5,48.3,49.9
6163,華電網,25510285,41.8,41.9,40.95,41.1
6167,久正,1679379,10.4,10.45,10.3,10.35
6169,昱泉,65581,11.85,12.1,11.85,12.05
6170,統振,5698725,48.0,48.25,47.8,47.85
6171,大城地產,1424767,26.4,26.85,26.2,26.45
6173,信昌電,3118973922,306.0,313.0,301.0,302.5
6174,安碁,37117271,44.15,45.95,43.35,44.55
6175,立敦,34069610,70.5,71.5,69.5,69.5
6179,亞通,221430484,36.1,36.1,34.7,35.1
6180,橘子,8038763,40.65,40.8,40.5,40.65
6182,合晶,13975372793,120.0,125.0,114.5,115.5
6185,幃翔,3922137,12.75,12.75,12.5,12.6
6186,新潤,31337027,29.75,29.8,29.2,29.2
6187,萬潤,1795690560,1225.0,1230.0,1180.0,1205.0
6188,廣明,28254728,62.3,62.6,61.7,61.7
6190,萬泰科,81039612,69.0,69.1,68.1,68.1
6194,育富,1319814,30.35,30.55,30.35,30.55
6195,詩肯,345246,28.0,28.0,28.0,28.0
6198,瑞築,58550,19.55,19.6,19.4,19.4
6199,天品,599793978,116.5,122.0,116.0,122.0
6203,海韻電,1865709,59.9,60.0,59.5,59.9
6204,艾華,36899194,104.0,104.5,98.0,98.0
6207,雷科,309426952,116.0,117.0,113.5,114.0
6208,日揚,9334396,75.6,76.3,75.0,75.0
6210,慶生,138858,17.0,17.4,17.0,17.4
6212,理銘,104661,31.75,32.5,31.5,32.5
6217,中探針,324967847,173.5,175.0,167.0,167.5
6218,豪勉,185993917,63.4,63.5,59.9,61.3
6219,富旺,1311902,12.25,12.25,12.05,12.05
6220,岳豐,1348722,25.2,25.3,25.0,25.1
6221,晉泰,37691835,31.5,32.7,30.45,31.6
6222,立軒,1020918,18.95,18.95,18.35,18.35
6223,旺矽,5906457685,5445.0,5625.0,5335.0,5620.0
6227,茂綸,107107619,138.0,138.0,132.5,134.5
6228,全譜,140976,17.0,17.0,17.0,17.0
6229,研通,713634,23.9,23.9,23.6,23.7
6231,系微,33197234,224.5,226.0,221.5,225.0
6233,旺玖,1760904,21.15,21.5,21.15,21.4
6234,高僑,52041465,38.65,40.0,38.0,38.2
6236,中湛,34600,17.3,17.3,17.3,17.3
6237,驊訊,36248873,34.5,37.4,34.5,37.4
6240,松崗,2339494,24.0,24.8,24.0,24.55
6241,鑫永洋,3701880,15.25,15.75,15.25,15.45
6242,立康,34019,33.95,33.95,33.95,33.95
6244,茂迪,60927319,23.7,24.3,23.5,23.6
6245,立端,43772371,85.4,85.7,84.6,84.6
6246,臺龍,30903,13.0,13.0,13.0,13.0
6248,沛波,1129539,16.65,16.75,16.65,16.75
6259,百徽,2914358,29.8,29.8,29.05,29.05
6261,久元,36123086,80.0,80.4,77.8,78.5
6263,普萊德,7723083,157.5,157.5,156.5,157.0
6264,富裔,370130,6.0,6.01,5.96,6.01
6265,方土昶,52431081,47.85,48.55,47.15,47.2
6266,泰詠,2186171,25.0,25.0,24.85,24.9
6270,倍微,2667409,28.85,29.3,28.8,29.2
6274,台燿,9996972755,1440.0,1485.0,1420.0,1460.0
6275,元山,5602309,45.65,46.15,45.65,45.7
6276,安鈦克,339919,19.5,20.1,19.4,19.85
6279,胡連,16946629,112.5,112.5,111.0,111.0
6284,佳邦,30420311,75.6,76.6,74.4,74.5
6290,良維,630571971,277.5,281.5,272.5,274.0
6291,沛亨,463617125,501.0,504.0,485.0,493.0
6292,迅德,12693370,66.0,67.2,65.7,65.7
6294,智基,206331,28.45,28.5,28.45,28.5
6411,晶焱,13130414,79.0,79.5,78.1,78.4
6417,韋僑,3068032,102.0,102.0,101.0,102.0
6418,詠昇,937710,34.5,35.3,34.5,34.85
6419,京晨科,6246599,152.5,153.0,150.0,151.0
6423,億而得,5226444,85.3,87.2,85.0,86.3
6425,易發,224064458,72.7,78.3,71.9,72.8
6432,今展科,61260439,62.8,63.5,60.6,60.6
6435,大中,121888334,249.0,254.0,247.0,249.0
6441,廣錠,6111135,24.55,25.65,24.25,24.5
6461,益得,2698618,24.5,24.5,23.3,24.0
6462,神盾,38310311,98.8,100.5,98.4,99.2
6465,威潤,4790021,42.9,43.0,41.5,41.7
6469,大樹,14411422,64.4,65.0,64.4,64.7
6470,宇智,219359,42.6,43.0,42.6,43.0
6474,華豫寧,1751230,35.35,35.45,35.35,35.45
6482,弘煜科,779839,24.05,24.05,23.7,23.7
6485,點序,37461154,69.3,70.4,66.6,67.8
6486,互動,1886786,80.9,81.3,80.9,81.0
6488,環球晶,27580042174,929.0,1005.0,922.0,950.0
6492,生華科,6382622,34.1,34.4,34.0,34.4
6494,九齊,4254336,53.0,53.0,51.3,51.4
6496,科懋,609735,24.3,24.3,23.6,23.85
6498,久禾光,3867272,67.3,68.0,66.3,66.6
6499,益安,17995057,73.5,73.9,71.9,73.3
6506,雙邦,364553,18.15,18.15,18.05,18.15
6508,惠光,3346119,29.0,29.0,27.05,27.45
6509,聚和,22863202,47.3,47.5,46.75,47.3
6510,精測,5718865385,3735.0,3740.0,3420.0,3475.0
6512,啟發電,132251,20.15,20.15,20.15,20.15
6516,勤崴國際,2791750,58.0,58.0,56.4,57.5
6517,保勝光學,9489187,64.8,64.8,63.1,63.5
6523,達爾膚,1877874,89.6,89.6,89.5,89.6
6527,明達醫,1347106,75.0,75.0,73.3,74.1
6530,創威,163744692,100.5,101.5,97.5,98.7
6532,瑞耘,35102592,99.7,99.7,97.6,97.9
6535,順藥,31370832,79.1,82.8,77.9,82.3
6538,倉和,1210875464,440.0,457.5,405.0,410.5
6542,隆中,451405,41.0,41.0,40.65,41.0
6546,正基,83670933,60.1,60.6,57.5,57.5
6547,高端疫苗,179280126,59.4,61.5,59.4,60.8
6548,長科*,182398691,73.7,75.5,72.0,72.0
6556,勝品,123815,61.7,61.7,61.5,61.5
6560,欣普羅,576618,33.1,33.7,33.0,33.2
6561,是方,22450657,313.0,314.5,310.0,310.0
6568,宏觀,20300384,141.5,145.5,140.0,140.0
6569,醫揚,1309070,91.5,92.0,91.3,92.0
6570,維田,4743815,47.0,47.45,46.55,46.55
6574,霈方,3249823,119.0,120.0,119.0,120.0
6576,逸達,3009312,80.6,81.2,80.5,80.9
6577,勁豐,3028350,80.1,80.4,79.3,79.8
6578,達邦蛋白,1255925,16.9,16.95,16.6,16.8
6584,南俊國際,141102613,552.0,555.0,542.0,542.0
6588,東典光電,260969000,112.0,119.0,112.0,112.5
6590,普鴻,2246353,69.9,69.9,65.6,67.8
6593,台灣銘板,1541155,31.95,32.35,31.95,32.3
6596,寬宏藝術,12142089,97.7,97.7,96.6,97.0
6597,立誠,337600,66.5,68.0,66.5,68.0
6603,富強鑫,40829841,27.9,27.95,27.05,27.2
6609,瀧澤科,2770258,39.9,40.05,39.75,39.85
6612,奈米醫材,823525,71.5,72.1,71.5,71.7
6613,朋億*,47837587,269.0,272.0,267.5,269.0
6615,慧智,380888,33.7,34.0,33.6,34.0
6616,特昇-KY,463675,8.23,8.23,8.0,8.05
6617,共信-KY,154086513,142.0,143.5,136.5,142.0
6620,漢達,369983107,126.5,132.5,125.0,130.0
6624,萬年清,84986,38.9,38.9,38.1,38.1
6629,泰金-KY,837656,104.0,105.5,103.5,104.0
6637,醫影,1813076,54.4,54.4,53.9,54.0
6640,均華,296166255,1040.0,1070.0,1015.0,1050.0
6642,富致,7191678,79.4,79.9,78.0,78.6
6643,M31,465443501,497.0,501.0,475.0,476.5
6649,台生材,212513,35.65,35.65,35.3,35.45
6651,全宇昕,22004890,153.0,155.0,152.0,152.0
6654,天正國際,7648771,202.5,202.5,194.5,194.5
6661,威健生技,0,,,,
6662,樂斯科,115194,27.8,28.5,27.8,28.5
6664,群翊,55379661,350.5,352.0,346.0,346.0
6667,信紘科,123677186,263.5,268.5,257.5,261.5
6679,鈺太,31158755,199.0,203.5,199.0,201.5
6680,鑫創電子,0,,,,
6683,雍智科技,1221644675,1595.0,1605.0,1540.0,1555.0
6684,安格,5192139,50.0,51.4,48.95,49.2
6690,安碁資訊,28663982,178.5,179.0,177.0,178.5
6692,進能服,378698,23.3,23.3,22.45,22.6
6693,廣閎科,572024213,180.0,197.0,180.0,197.0
6697,東捷資訊,1040527,41.7,41.7,41.05,41.15
6703,軒郁,2286094,100.0,100.5,100.0,100.0
6708,天擎,232850,38.7,38.95,38.7,38.95
6712,長聖,48735935,160.0,163.0,160.0,162.0
6716,應廣,30550553,119.0,119.0,117.0,117.5
6720,久昌,10775806,129.0,129.5,129.0,129.5
6721,信實,267391,50.3,50.4,50.3,50.3
6725,矽科宏晟,7096093,218.0,223.0,217.5,218.0
6727,亞泰金屬,380710281,476.0,486.5,465.0,465.0
6728,上洋,3460468,108.0,108.5,107.0,108.5
6730,常廣,193908,32.05,32.3,31.8,32.3
6732,昇佳電子,6479195,149.5,150.0,148.5,149.0
6733,博晟生醫,1141988,25.35,25.35,25.0,25.35
6735,美達科技,7715570,65.0,68.4,63.8,63.8
6739,竹陞科技,292456005,1095.0,1105.0,1045.0,1060.0
6741,91APP*-KY,16541575,57.0,57.0,55.6,55.7
6751,智聯服務,6285,,,,
6752,叡揚,1526598,96.6,96.6,96.1,96.1
6761,穩得,12994571,164.5,167.5,162.5,164.0
6762,達亞,161662,161.5,161.5,161.5,161.5
6763,綠界科技*,5474139,42.7,42.7,41.4,41.85
6767,台微醫,49200,24.8,24.8,24.4,24.4
6785,昱展新藥,2083997,96.6,99.2,96.2,98.9
6788,華景電,31952086,342.0,342.0,336.0,336.0
6791,虎門科技,901290,99.1,100.0,98.6,99.1
6803,崑鼎,14543232,266.5,267.5,266.0,266.0
6804,明係,653922,18.2,18.25,18.1,18.25
6811,宏碁資訊,48805125,253.0,253.0,247.0,248.5
6821,聯寶,2578529,42.1,42.1,40.5,40.5
6823,濾能,2897414,60.9,60.9,59.8,60.2
6829,千附精密,144586304,210.0,212.5,207.0,207.0
6840,東研信超,28603109,106.0,106.5,103.0,104.5
6841,長佳智能,3535250,53.2,53.6,53.0,53.5
6843,進典,315222,38.8,38.85,38.3,38.7
6844,諾貝兒,701332,56.2,56.9,56.2,56.9
6846,綠茵,239076,59.0,59.0,57.5,58.3
6855,數泓科,563110,112.0,116.0,111.0,116.0
6856,鑫傳,249604,41.1,41.85,41.1,41.85
6859,伯特光,12387522,119.0,126.0,118.5,120.5
6865,偉康科技,688194,27.5,28.2,27.45,28.2
6870,騰雲,372952085,306.5,328.5,298.5,328.5
6872,浩宇生醫,5162874,24.05,24.45,23.0,23.2
6874,倍力,654262,68.8,69.9,68.6,69.4
6875,國邑*,8099454,32.75,33.3,31.8,31.85
6877,鏵友益,13430628,125.0,127.5,123.5,126.5
6881,潤德,4735,,,,
6884,海柏特,15300,,,,
6894,衛司特,13720067,371.5,372.5,367.0,372.5
6895,宏碩系統,1915917,147.0,147.0,141.0,143.0
6899,創為精密,745500,50.1,50.1,49.3,49.3
6903,巨漢,73929773,305.0,313.0,303.5,308.5
6904,伯鑫,121940,120.5,120.5,120.5,120.5
6907,雅特力-KY,117756441,187.5,187.5,183.5,184.5
6910,德鴻,204850,25.7,25.8,25.45,25.5
6913,鴻呈,26753782,130.5,130.5,128.0,128.0
6922,宸曜,19541285,204.5,208.0,199.5,204.5
6925,意藍,27624355,56.8,62.0,56.7,62.0
6929,佑全,307094,22.05,22.05,20.85,22.05
6945,圓祥生技,63737742,135.0,137.5,128.0,137.0
6953,家碩,3201311,242.0,242.0,234.0,235.5
6961,旅天下,1034177,47.4,47.5,47.1,47.3
6967,汎瑋材料,3094747,66.1,66.5,65.9,66.4
6968,萬達寵物,2309582,41.55,41.6,41.4,41.55
6971,惠民實業,549658,23.55,23.7,23.55,23.7
6982,大井泵浦,1045821,44.2,44.2,43.0,43.6
6983,華洋精機,10120900,348.0,352.0,347.5,348.0
6986,和迅,5769138,45.25,45.9,44.8,45.5
6996,力領科技,7118235,171.0,173.0,169.5,170.0
6997,博弘,337784,66.8,66.8,66.7,66.7
700019,宏捷科統一5C購01,0,,,,
700020,佳邦統一5C購01,0,,,,
700021,長佳智統一5C購02,0,,,,
700022,華星光統一5C購01,35670,3.55,3.7,3.55,3.7
700023,新應材統一5B購02,20,0.02,0.02,0.02,0.02
700024,新應材統一64購02,9600,0.2,0.2,0.2,0.2
700025,雙鴻統一5B購01,104680,1.38,1.38,1.34,1.34
700028,雙鴻中信59購01,18050,2.23,2.36,2.2,2.2
700043,新應材永豐59購01,0,,,,
700047,宏捷科凱基59購01,0,,,,
700065,系統電統一5A購01,0,,,,
700074,驊訊元富5A購01,0,,,,
700079,華義永豐5A購01,0,,,,
700086,博智群益5A購01,0,,,,
700103,中光電元大5A購01,0,,,,
700113,雙鴻元大5A購01,107520,3.34,3.52,3.22,3.34
700126,威剛國票61購01,0,,,,
700155,中光電元大5A購02,0,,,,
700173,雙鴻元大5A購02,0,,,,
700176,中光電群益5A購01,0,,,,
700186,中光電統一6A購01,25190,0.09,0.09,0.07,0.07
700188,中美晶統一5A購02,0,,,,
700189,協易機統一5A購01,0,,,,
700190,昇達科統一65購01,16400,4.1,4.1,4.1,4.1
700191,朋程統一5A購01,0,,,,
700192,朋程統一6A購01,145930,0.35,0.36,0.35,0.35
700193,東洋統一61購01,0,,,,
700194,長聖統一61購01,0,,,,
700195,家登統一5A購01,146160,1.21,1.21,1.1,1.1
700196,振曜統一5A購01,0,,,,
700197,晶宏統一5A購01,31200,1.04,1.04,1.04,1.04
700198,智冠統一5C購01,0,,,,
700199,華景電統一61購01,0,,,,
700201,萬潤統一6A購01,96890,3.17,3.17,3.09,3.09
700202,鈺太統一5A購01,0,,,,
700203,聰泰統一5A購01,2800,0.01,0.01,0.01,0.01
700204,雙鴻統一5A購01,61200,1.9,1.98,1.9,1.98
700205,雙鴻統一61購01,141280,1.11,1.14,1.11,1.14
700206,雙鴻統一61購02,364820,0.94,1.01,0.91,0.95
700207,雙鴻統一6A購01,1240,1.24,1.24,1.24,1.24
700208,騰雲統一6A購01,0,,,,
700231,旺矽元大5A購01,0,,,,
700257,大世科統一6A購01,0,,,,
700258,大綜統一6A購01,91560,0.58,0.59,0.58,0.58
700259,光焱統一5A購02,0,,,,
700260,同致統一5A購01,0,,,,
700261,宜鼎統一6A購01,376900,4.49,4.61,4.31,4.31
700262,尚凡*統一6A購01,0,,,,
700263,旺矽統一6A購01,74440,3.55,3.64,3.53,3.64
700264,長聖統一6A購01,0,,,,
700267,建榮統一6A購01,0,,,,
700269,昱展統一6A購01,0,,,,
700270,創惟統一5A購01,0,,,,
700271,新鉅科統一6A購01,0,,,,
700273,優群統一6A購01,0,,,,
700274,鴻呈統一5A購01,0,,,,
700275,雙鴻統一6A購02,222210,1.4,1.41,1.36,1.41
700276,鏵友益統一6A購01,0,,,,
700277,鑫聯統一5A購01,0,,,,
700279,良維國票5C購01,0,,,,
700300,雙鴻中信5A購01,281520,4.14,4.14,4.14,4.14
700330,旺矽凱基5A購01,0,,,,
700342,大世科統一6A購02,0,,,,
700343,中光電統一6A購02,0,,,,
700344,尼克森統一5A購01,0,,,,
700345,立碁統一6A購01,25800,0.65,0.65,0.64,0.64
700346,良維統一6A購01,0,,,,
700347,尚凡*統一5A購01,0,,,,
700348,昱展統一6A購02,0,,,,
700350,茂達統一61購01,0,,,,
700351,竑騰統一5A購01,0,,,,
700352,新鉅科統一5A購01,0,,,,
700353,新鉅科統一6A購02,7900,0.2,0.2,0.19,0.19
700354,聖暉*統一6A購01,19400,0.43,0.44,0.43,0.44
700355,撼訊統一6A購01,0,,,,
700356,擎亞統一6A購01,164500,1.53,1.53,1.48,1.49
700357,聰泰統一6A購01,109160,0.31,0.31,0.3,0.3
700358,寶島科統一64購01,0,,,,
700359,鏵友益統一5A購01,0,,,,
700360,鑫聯統一5A購02,0,,,,
700385,中光電元富5A購01,0,,,,
700410,中光電統一5C購01,0,,,,
700412,旺矽統一6A購02,78000,3.9,3.9,3.9,3.9
700413,金山電統一5C購01,0,,,,
700414,長聖統一6A購02,45030,0.57,0.57,0.57,0.57
700415,建榮統一6A購02,0,,,,
700416,高技統一5A購01,0,,,,
700417,聰泰統一6A購02,276260,0.39,0.39,0.37,0.37
700451,臺慶科國票5A購01,0,,,,
700580,宜鼎兆豐5A購01,0,,,,
700594,原相元大5A購01,0,,,,
700638,原相元大5A購02,0,,,,
700670,中光電統一6A購03,7700,0.07,0.07,0.07,0.07
700671,正德統一5A購01,0,,,,
700672,旺矽統一5A購01,0,,,,
700673,信昌電統一6A購01,0,,,,
700674,信昌電統一6A購02,0,,,,
700675,高技統一5A購02,1210,0.01,0.01,0.01,0.01
700676,高技統一6A購01,1700,0.17,0.17,0.17,0.17
700677,高技統一6A購02,13260,0.26,0.26,0.26,0.26
700678,智通*統一6A購01,0,,,,
700679,智擎統一6A購01,8750,0.35,0.35,0.35,0.35
700681,鈊象統一6A購01,0,,,,
700682,萬潤統一6A購02,0,,,,
700683,雍智統一6A購01,0,,,,
700684,雍智統一6A購02,239000,6.1,6.1,5.6,5.6
700685,臺慶科統一5A購01,0,,,,
700686,臺慶科統一6A購01,0,,,,
700687,緯軟統一6A購01,0,,,,
700688,營邦統一6A購01,827780,3.08,3.1,3.06,3.06
700689,聯合統一61購01,0,,,,
700706,中光電統一5A購01,0,,,,
700708,信立統一6A購01,0,,,,
700709,神盾統一5C購02,0,,,,
700710,智通*統一6A購02,0,,,,
700711,華星光統一6A購01,0,,,,
700712,聖暉*統一6A購02,70300,0.37,0.37,0.37,0.37
700717,宜鼎元大5A購01,0,,,,
700742,聖暉*永豐5A購01,0,,,,
700746,雙鴻中信5A購02,0,,,,
700754,台半統一5C購02,1110,1.11,1.11,1.11,1.11
700755,宜鼎統一6A購02,0,,,,
700756,威剛統一5C購03,0,,,,
700757,竑騰統一5C購01,0,,,,
700758,穩得統一5C購01,0,,,,
700786,威剛永豐5A購01,0,,,,
700810,山富統一5C購01,800,0.04,0.04,0.04,0.04
700811,光頡統一5C購01,0,,,,
700812,信昌電統一5C購01,0,,,,
700827,信立永豐5A購01,0,,,,
700828,威剛永豐64購01,0,,,,
700830,中美晶元大5A購01,30500,1.34,1.34,1.06,1.08
700843,世界統一5C購01,10900,0.7,0.74,0.7,0.74
700844,立敦統一5C購01,0,,,,
700845,臺慶科統一5C購01,0,,,,
700850,臺慶科國票5C購01,282400,1.44,1.44,1.31,1.32
700857,良維元大5A購01,0,,,,
700875,良維元大5A購02,0,,,,
700898,力旺統一5A購01,44690,0.25,0.48,0.25,0.3
700899,力旺統一6A購01,1394460,0.82,1.17,0.77,1.12
700900,台半統一5C購03,0,,,,
700901,尼克森統一5C購01,9380,0.31,0.31,0.29,0.31
700902,光頡統一5A購01,0,,,,
700904,波若威統一6A購01,57700,3.4,3.4,3.39,3.39
700920,波若威永豐5A購01,150300,21.4,21.9,21.4,21.9
700929,蜜望實國票5A購01,0,,,,
700938,中美晶兆豐5A購01,0,,,,
700955,撼訊元大5A購01,900,0.09,0.09,0.09,0.09
700983,威剛兆豐5A購01,0,,,,
701010,雙鴻元富5A購01,0,,,,
701037,威剛永豐5C購01,0,,,,
701064,元債20群益61購01,0,,,,
701095,擎亞元大5A購01,0,,,,
701097,營邦元大5A購01,5170,2.68,2.68,2.49,2.49
701130,元債20元大5B購01,0,,,,
701131,元債20元大61購01,40,0.02,0.02,0.02,0.02
701153,雙鴻群益5A購01,0,,,,
701200,雙鴻元大5A購03,32750,0.65,0.75,0.65,0.75
701211,威剛凱基5B購01,0,,,,
701227,雙鴻元大5A購04,0,,,,
701253,穩懋國票5B購01,0,,,,
701273,撼訊凱基5B購01,100,0.1,0.1,0.1,0.1
701279,雙鴻國票5B購01,595220,1.14,1.3,1.06,1.18
701287,威剛元大5B購01,0,,,,
701288,訊聯元大5B購01,0,,,,
701294,新應材元大5B購01,0,,,,
701311,雙鴻群益5B購01,47850,1.1,1.1,1.04,1.07
701374,台燿元大5B購01,0,,,,
701379,威剛元大5B購02,0,,,,
701381,新應材元大5B購02,0,,,,
701388,中光電凱基5A購01,0,,,,
701400,台燿元大5B購02,130450,8.15,8.2,8.15,8.2
701403,神盾元大5B購01,0,,,,
701422,中光電兆豐5B購01,0,,,,
701430,台燿統一5B購01,0,,,,
701431,台燿統一5B購02,0,,,,
701432,正基統一5C購01,0,,,,
701434,良維統一6B購01,81240,0.83,0.83,0.82,0.82
701437,威剛統一5B購01,0,,,,
701438,威剛統一6B購01,90900,2.18,2.25,2.16,2.17
701440,華星光統一5B購04,0,,,,
701441,華星光統一61購04,0,,,,
701442,雙鴻統一6B購01,143810,0.63,0.66,0.62,0.66
701460,神盾凱基5B購01,0,,,,
701471,台燿統一65購01,0,,,,
701472,雙鴻統一61購03,0,,,,
701473,穩懋統一5B購01,0,,,,
701474,穩懋統一6B購01,0,,,,
701479,威剛元大5A購02,0,,,,
701484,擎亞元大5B購01,0,,,,
701500,雙鴻中信5B購01,45000,0.45,0.45,0.45,0.45
701511,新應材凱基5B購01,0,,,,
701524,雙鴻群益5A購02,0,,,,
701571,擎亞元大5B購02,0,,,,
701592,竹陞統一6B購01,126590,0.93,0.94,0.93,0.94
701593,竹陞統一6B購02,154150,0.89,0.89,0.84,0.85
701594,海韻電統一61購01,4050,0.09,0.09,0.09,0.09
701614,信立元大5B購01,0,,,,
701615,威剛元大5B購03,0,,,,
701623,元太統一5B購01,200,0.02,0.02,0.02,0.02
701624,竹陞統一5C購03,0,,,,
701625,竹陞統一6B購03,790,0.79,0.79,0.79,0.79
701626,東捷統一5C購01,0,,,,
701650,台燿元大5B購03,15200,7.6,7.6,7.6,7.6
701658,信昌電統一5C購02,5450,5.45,5.45,5.45,5.45
701667,雙鴻群益5B購02,25600,1.28,1.28,1.28,1.28
701680,宜鼎兆豐5B購01,0,,,,
701692,台燿統一6B購01,175780,3.74,3.74,3.74,3.74
701693,系統電統一5C購01,0,,,,
701694,系統電統一6B購01,0,,,,
701695,系統電統一6B購02,0,,,,
701696,宜鼎統一5A購01,17500,3.5,3.5,3.5,3.5
701697,宜鼎統一5C購04,0,,,,
701698,宜鼎統一6B購01,0,,,,
701699,訊聯統一6B購01,170,0.17,0.17,0.17,0.17
701720,系統電永豐5A購01,0,,,,
701762,信昌電國票5B購01,0,,,,
701788,訊聯永豐5B購01,0,,,,
701804,巨有統一6B購01,80900,1.12,1.2,1.12,1.2
701805,濱川統一65購01,7000,0.7,0.7,0.7,0.7
701806,濱川統一6B購01,375530,0.47,0.49,0.46,0.46
701807,濱川統一6B購02,41640,0.4,0.4,0.38,0.38
701808,濱川統一6B購03,177800,0.5,0.51,0.5,0.5
701822,訊聯元大5B購02,0,,,,
701828,威剛兆豐5B購01,0,,,,
701853,巨有統一6B購02,56420,1.57,1.6,1.5,1.6
701854,弘塑中信5B購01,0,,,,
701855,威剛中信5B購01,0,,,,
701908,信立凱基5B購01,0,,,,
701919,信驊元富5B購01,0,,,,
701971,臺慶科凱基59購01,0,,,,
702018,台燿凱基5B購02,0,,,,
702028,昇達科中信5A購01,0,,,,
702047,信立元大59購01,0,,,,
702060,IET中信59購01,0,,,,
702125,旺矽元大5B購01,0,,,,
702133,良維凱基5B購01,0,,,,
702161,精測中信5A購01,0,,,,
702170,昇達科元富5C購01,0,,,,
702194,博智凱基5A購01,0,,,,
702216,穩懋中信5A購01,0,,,,
702222,立碁元大5A購01,0,,,,
702223,訊聯元大5A購01,0,,,,
702228,穩懋元大5C購01,0,,,,
702252,弘塑中信5C購01,0,,,,
702281,精測元大5C購01,0,,,,
702283,穩懋元大5B購01,0,,,,
702284,穩懋元大5C購02,0,,,,
702287,威剛凱基5B購02,0,,,,
702300,順達元大5B購01,0,,,,
702304,穩懋元大5B購02,0,,,,
702311,雙鴻中信5C購01,0,,,,
702312,穩懋中信5A購02,0,,,,
702331,昇達科群益5C購01,18100,18.1,18.1,18.1,18.1
702352,華電網國票5C購01,20400,0.17,0.17,0.17,0.17
702363,順達元大5A購01,0,,,,
702364,順達元大5B購02,0,,,,
702373,光焱永豐5C購01,87600,0.63,0.65,0.62,0.65
702375,訊聯永豐5C購01,0,,,,
702386,訊聯凱基5C購01,0,,,,
702413,順達元大5A購02,0,,,,
702415,雍智元大5C購01,0,,,,
702441,高技元富5C購01,80,0.08,0.08,0.08,0.08
702451,新應材富邦5C購01,0,,,,
702459,擎亞元大5A購02,0,,,,
702467,順達凱基5B購01,204470,3.01,3.01,2.81,2.81
702490,台燿富邦5C購01,0,,,,
702526,昇達科國票5A購01,0,,,,
702553,穩懋元大5A購01,0,,,,
702560,昇達科中信5C購01,307580,4.48,4.88,4.48,4.88
702576,富喬凱基5A購01,0,,,,
702578,新應材凱基5B購02,0,,,,
702592,富喬國票5C購01,61520,3.28,3.28,3.2,3.2
702593,富喬國票62購01,25700,3.22,3.22,3.2,3.2
702605,系統電元大5C購01,0,,,,
702611,高技元大5C購01,0,,,,
702627,富喬富邦5C購01,30260,1.53,1.53,1.48,1.5
702639,IET中信5C購01,65700,6.6,6.75,6.5,6.5
702641,富喬中信5C購01,0,,,,
702642,穩懋中信5C購01,0,,,,
702667,系統電元大5B購01,0,,,,
702695,穩懋凱基5A購01,0,,,,
702712,良維中信5B購01,0,,,,
702719,系統電元大5C購02,0,,,,
702752,台特化統一6C購01,360,0.18,0.18,0.18,0.18
702753,精測統一66購01,0,,,,
702775,訊聯永豐5C購02,3000,0.1,0.1,0.1,0.1
702776,新應材永豐5C購01,5280,0.44,0.44,0.44,0.44
702786,威剛中信5C購01,0,,,,
702808,高技元大5A購01,300,0.03,0.03,0.03,0.03
702811,聖暉*元大5A購01,0,,,,
702828,勤凱統一5C購01,0,,,,
702829,勤凱統一6C購01,19530,0.93,0.93,0.93,0.93
702830,擎亞統一6C購01,382760,1.03,1.03,0.99,0.99
702831,宜鼎元富5C購01,0,,,,
702833,高技元富5C購02,1200,0.12,0.12,0.12,0.12
702878,櫃200群益5B購01,0,,,,
702884,家登元大5C購01,5160,1.72,1.72,1.72,1.72
702885,高技元大5A購02,0,,,,
702886,高技元大5B購01,0,,,,
702919,高技元大5B購02,0,,,,
702951,新應材永豐5C購02,24000,0.12,0.12,0.12,0.12
702953,力旺中信5C購01,28470,2.47,2.6,2.47,2.6
702966,元債20凱基5C購01,0,,,,
702969,宜鼎凱基5C購01,0,,,,
702980,訊聯統一6C購01,0,,,,
702987,穩懋元大5C購03,0,,,,
702990,華景電元富5C購01,0,,,,
702993,宜鼎中信5A購02,0,,,,
703002,新應材永豐5C購03,0,,,,
703004,鑫科永豐5C購01,0,,,,
703011,宜特國票5A購01,0,,,,
703030,金益鼎凱基5A購01,0,,,,
703036,元太群益5B購01,0,,,,
703043,高技中信5C購01,0,,,,
703045,雙鴻中信5C購02,768350,2.46,2.54,2.42,2.42
703048,順達永豐5A購01,50930,0.2,0.21,0.2,0.21
703049,順達永豐5C購01,77550,2.64,2.64,2.49,2.5
703051,穩得永豐5A購01,0,,,,
703062,元太凱基5B購01,0,,,,
703075,台特化元大5A購01,0,,,,
703093,順達中信5B購01,258310,0.74,0.74,0.69,0.69
703102,穩懋永豐5C購01,0,,,,
703112,雙鴻凱基59購04,4330,4.33,4.33,4.33,4.33
703113,雙鴻凱基5A購01,0,,,,
703117,新復興國票59購01,0,,,,
703125,台特化元大5A購02,0,,,,
703132,聖暉*元大5C購01,765460,1.13,1.16,1.11,1.14
703135,金山電統一5C購02,0,,,,
703136,博智統一5C購01,83750,1.13,1.15,1.13,1.15
703137,璟德統一5C購01,0,,,,
703144,穩懋中信5C購02,0,,,,
703145,千附精永豐59購01,33510,2.59,2.59,2.54,2.59
703149,中光電群益5A購02,0,,,,
703153,弘塑群益59購01,0,,,,
703171,宜鼎元大5C購03,0,,,,
703178,台星科國票59購01,0,,,,
703181,元太凱基59購01,0,,,,
703210,威剛群益5A購01,0,,,,
703217,欣銓中信59購01,0,,,,
703224,新應材永豐59購02,0,,,,
703229,台特化凱基5A購01,0,,,,
703260,雙鴻中信5C購03,0,,,,
703266,雙鴻永豐59購01,0,,,,
703271,湧德統一5C購02,0,,,,
703295,信驊群益5B購02,0,,,,
703296,威剛群益5B購01,0,,,,
703308,家登元大5B購01,0,,,,
703315,欣銓元富5A購01,0,,,,
703320,鈊象中信61購01,0,,,,
703324,金益鼎永豐5A購01,0,,,,
703330,廣明永豐5A購01,0,,,,
703339,台燿富邦61購01,0,,,,
703340,信驊富邦5A購01,0,,,,
703341,新應材富邦61購01,0,,,,
703353,富喬凱基5A購02,40500,0.45,0.45,0.45,0.45
703354,富喬凱基5B購01,4850,0.97,0.97,0.97,0.97
703355,富喬凱基61購01,0,,,,
703371,富喬國票5B購01,156410,0.96,1.06,0.92,0.92
703372,富喬國票61購01,148920,2.6,2.6,2.35,2.35
703380,富喬群益5B購01,0,,,,
703386,富喬富邦5A購01,0,,,,
703389,富喬統一65購01,615480,0.55,0.57,0.53,0.55
703390,撼訊統一65購01,1450,0.29,0.29,0.29,0.29
703395,信驊元富5A購01,0,,,,
703396,信驊元富5A購02,0,,,,
703399,順達元富61購01,0,,,,
703400,信驊中信61購01,0,,,,
703401,富喬中信61購01,29880,0.52,0.52,0.48,0.48
703407,富喬永豐5A購01,0,,,,
703418,富喬元大5B購01,1530,0.51,0.51,0.51,0.51
703419,富喬元大5C購01,0,,,,
703420,富喬元大61購02,50400,0.84,0.84,0.84,0.84
703443,安碁元富61購01,701040,1.34,1.34,1.28,1.28
703459,鏵友益永豐5B購01,37910,0.92,0.99,0.92,0.99
703463,台特化統一62購01,0,,,,
703464,台特化統一63購01,0,,,,
703465,台特化統一71購01,0,,,,
703466,台燿統一5C購03,0,,,,
703467,台燿統一61購02,0,,,,
703468,宏捷科統一71購01,61040,0.41,0.41,0.4,0.4
703469,欣銓統一5A購01,0,,,,
703470,欣銓統一5C購01,224890,2.75,2.75,2.68,2.7
703471,欣銓統一61購01,0,,,,
703472,欣銓統一65購01,188700,1.59,1.59,1.55,1.55
703473,欣銓統一6C購01,59470,1.64,1.67,1.63,1.63
703474,金益鼎統一65購01,0,,,,
703475,茂迪統一65購01,0,,,,
703476,神盾統一61購01,0,,,,
703477,雙鴻統一61購04,61650,0.94,0.99,0.94,0.99
703478,穩得統一65購01,4500,0.45,0.45,0.45,0.45
703479,穩懋統一5B購02,0,,,,
703480,穩懋統一5C購01,0,,,,
703481,穩懋統一5C購02,0,,,,
703482,穩懋統一5C購03,0,,,,
703483,穩懋統一6C購01,3020,3.02,3.02,3.02,3.02
703515,雍智兆豐61購01,0,,,,
703520,宜鼎富邦5A購01,0,,,,
703528,系統電元大5A購01,0,,,,
703535,欣銓元大5A購01,0,,,,
703581,臺慶科凱基5C購01,15800,1.58,1.58,1.58,1.58
703589,佶優元富5A購01,0,,,,
703604,欣銓國票61購01,83600,4.2,4.2,4.16,4.16
703616,矽科統一6C購01,0,,,,
703617,金益鼎統一6C購01,0,,,,
703618,長科*統一64購01,133000,1.2,1.21,1.2,1.21
703619,家登統一6C購01,302740,0.83,0.84,0.79,0.79
703620,捷創統一61購01,0,,,,
703632,穩懋凱基5C購01,0,,,,
703639,台特化國票5A購01,0,,,,
703643,新應材國票5A購01,0,,,,
703648,宜鼎元大5A購02,0,,,,
703651,家登元大5C購02,0,,,,
703652,湧德元大61購01,0,,,,
703654,勤凱元大61購01,0,,,,
703660,聖暉*元大5C購02,64780,0.89,0.89,0.87,0.87
703661,雍智元大61購01,0,,,,
703665,家登凱基5C購01,0,,,,
703682,家登元大5C購03,0,,,,
703684,聖暉*元大5A購02,0,,,,
703713,訊聯凱基5B購01,0,,,,
703725,宜鼎元大5B購01,0,,,,
703728,順達元大5A購03,0,,,,
703729,聖暉*元大5A購03,0,,,,
703740,精材群益5A購01,0,,,,
703745,加百裕永豐5A購01,0,,,,
703771,系統電凱基5C購01,0,,,,
703773,新復興凱基5A購01,0,,,,
703785,世界國票61購01,209870,2.97,3.16,2.84,3.13
703813,聖暉*元大5A購04,0,,,,
703823,弘塑永豐5A購01,0,,,,
703829,世界富邦5A購01,0,,,,
703837,系統電元大5B購02,0,,,,
703838,順達元大5A購04,0,,,,
703839,聖暉*元大5B購01,18600,1.86,1.86,1.86,1.86
703842,世界凱基61購01,42200,5.3,5.4,5.25,5.25
703860,世界統一61購01,5000,1.0,1.0,1.0,1.0
703861,世界統一71購01,25760,0.86,0.87,0.85,0.86
703862,巨漢統一61購01,0,,,,
703863,弘塑統一61購01,11250,0.75,0.75,0.75,0.75
703864,光頡統一61購01,0,,,,
703865,光頡統一71購01,0,,,,
703866,均豪統一61購02,0,,,,
703867,金山電統一64購01,6120,1.53,1.53,1.53,1.53
703868,捷創統一61購02,305180,0.11,0.12,0.11,0.12
703869,捷創統一71購01,169740,0.31,0.33,0.31,0.33
703870,富強鑫統一61購01,0,,,,
703871,富強鑫統一71購01,0,,,,
703872,富強鑫統一71購02,0,,,,
703873,崴寶統一71購01,293290,1.24,1.24,1.19,1.2
703874,鉅橡統一61購01,0,,,,
703875,鉅橡統一61購02,0,,,,
703876,鉅橡統一61購03,0,,,,
703877,鉅橡統一71購01,0,,,,
703878,精材統一71購01,81850,2.85,2.98,2.72,2.72
703879,臺慶科統一71購01,74460,0.89,0.89,0.86,0.86
703880,穩懋統一61購02,0,,,,
703881,穩懋統一61購03,0,,,,
703882,穩懋統一71購01,32130,2.49,2.49,2.35,2.35
703886,精材群益5C購01,550000,12.2,12.3,12.2,12.2
703887,耀勝群益5A購01,0,,,,
703895,穩懋國票5A購02,0,,,,
703902,中美晶永豐5A購01,0,,,,
703906,鉅橡永豐5A購01,0,,,,
703914,聖暉*凱基61購01,268670,1.26,1.32,1.23,1.29
703917,耀勝凱基5A購01,0,,,,
703923,創惟國票61購01,8000,0.16,0.16,0.16,0.16
703942,聖暉*元大5B購02,32040,1.68,1.74,1.68,1.74
703950,雙鴻群益5A購03,0,,,,
703954,世界永豐5A購01,0,,,,
703960,雙鴻永豐5A購01,124750,4.99,4.99,4.99,4.99
703961,久元統一61購01,0,,,,
703962,中美晶統一61購01,22530,1.38,1.41,1.38,1.41
703963,中探針統一71購01,125280,3.5,3.52,3.4,3.4
703964,世禾統一65購01,0,,,,
703965,世界統一5B購01,13600,1.36,1.36,1.36,1.36
703966,台半統一71購01,280770,1.38,1.39,1.33,1.37
703967,台半統一71購02,137220,1.01,1.01,0.98,1.01
703968,台星科統一71購01,584280,0.97,0.97,0.9,0.91
703969,弘塑統一61購02,98000,0.98,0.98,0.98,0.98
703970,弘塑統一61購03,24200,1.21,1.21,1.21,1.21
703971,光頡統一61購02,297980,2.2,3.4,2.2,3.4
703972,合晶統一5C購03,0,,,,
703973,均華統一5C購03,0,,,,
703974,長科*統一64購02,0,,,,
703975,佶優統一71購01,0,,,,
703976,信昌電統一61購01,0,,,,
703977,捷創統一71購02,0,,,,
703978,富強鑫統一61購02,3600,0.12,0.12,0.12,0.12
703979,順達統一5C購05,82550,0.85,0.85,0.8,0.8
703980,順達統一61購01,157920,0.62,0.63,0.59,0.59
703981,萬潤統一61購01,0,,,,
703982,鉅橡統一64購01,0,,,,
703983,精材統一61購01,0,,,,
703984,廣明統一61購01,100,0.01,0.01,0.01,0.01
703985,穩懋統一63購01,0,,,,
703989,穩懋元富5A購01,0,,,,
703991,元債20凱基71購01,7260,0.66,0.66,0.66,0.66
704009,中探針統一61購01,0,,,,
704010,中探針統一61購02,0,,,,
704011,元太統一61購01,900,0.09,0.09,0.09,0.09
704012,世禾統一71購01,0,,,,
704013,台半統一61購01,0,,,,
704014,台星科統一61購01,17100,0.57,0.57,0.57,0.57
704015,台燿統一71購01,0,,,,
704016,巨漢統一61購02,0,,,,
704017,巨漢統一71購01,120330,0.76,0.78,0.76,0.78
704018,光頡統一61購03,9880,2.45,2.53,2.45,2.53
704019,均華統一61購01,25360,0.76,0.76,0.72,0.72
704020,宏捷科統一61購02,2200,0.22,0.22,0.22,0.22
704021,矽科統一61購01,9100,0.13,0.13,0.13,0.13
704022,金山電統一61購01,0,,,,
704023,金益鼎統一61購01,0,,,,
704024,佶優統一61購01,0,,,,
704025,創惟統一61購01,4600,0.15,0.16,0.15,0.16
704026,精材統一61購02,244600,3.95,3.95,3.92,3.95
704027,穩懋統一61購04,309000,3.09,3.09,3.09,3.09
704028,穩懋統一65購01,0,,,,
704029,穩懋統一71購02,0,,,,
704030,耀勝統一71購01,0,,,,
704038,湧德元大5A購01,0,,,,
704041,聖暉*元大5C購03,44010,0.79,0.81,0.78,0.81
704046,台星科群益5A購01,0,,,,
704051,信驊群益61購01,0,,,,
704053,聖暉*群益5A購01,0,,,,
704058,信驊元富5A購03,0,,,,
704080,世禾富邦5C購01,0,,,,
704082,群翊富邦5A購01,0,,,,
704084,中探針統一67購01,0,,,,
704085,世界統一61購02,0,,,,
704086,世界統一64購01,4280,0.87,0.9,0.77,0.9
704087,世紀*統一71購01,61200,1.06,1.14,0.96,1.06
704088,世紀*統一71購02,0,,,,
704089,台半統一61購02,408920,1.05,1.06,0.97,1.06
704090,台半統一71購03,39470,1.19,1.2,1.19,1.2
704091,巨漢統一71購02,193920,0.64,0.64,0.64,0.64
704092,光頡統一64購01,0,,,,
704093,系統電統一71購01,7280,0.26,0.26,0.26,0.26
704094,佳邦統一71購01,14300,0.26,0.26,0.26,0.26
704095,矽科統一71購01,3500,0.35,0.35,0.35,0.35
704096,金山電統一71購01,3240,1.08,1.08,1.08,1.08
704097,金益鼎統一71購01,0,,,,
704099,信昌電統一64購01,0,,,,
704100,信昌電統一71購01,2950,2.95,2.95,2.95,2.95
704101,家登統一61購02,5160,0.43,0.43,0.43,0.43
704102,能率亞統一61購01,0,,,,
704103,博智統一61購01,0,,,,
704104,湧德統一61購01,8400,0.15,0.15,0.15,0.15
704105,精材統一5B購01,0,,,,
704106,精材統一64購01,29290,4.27,4.27,4.17,4.17
704107,璟德統一65購01,0,,,,
704108,璟德統一71購01,0,,,,
704109,穩懋統一61購05,0,,,,
704110,鑫科統一71購01,0,,,,
704115,金益鼎國票61購01,0,,,,
704127,佳邦群益5A購01,0,,,,
704134,鑫科群益5A購01,0,,,,
704135,世禾元大5A購01,0,,,,
704141,訊聯元大61購01,0,,,,
704146,穩懋元大5B購03,0,,,,
704151,系統電凱基5A購01,0,,,,
704170,世界元大5A購01,0,,,,
704176,勤凱元大5A購01,0,,,,
704180,鑫科元大5B購01,0,,,,
704189,旺矽元富5A購02,0,,,,
704191,家登元富5C購01,0,,,,
704202,鑫科永豐61購01,0,,,,
704203,中美晶統一71購01,1041560,1.09,1.14,1.01,1.01
704204,元太統一61購02,0,,,,
704205,世紀*統一61購01,952830,0.7,0.75,0.62,0.72
704206,世紀*統一71購03,280400,0.6,0.74,0.6,0.7
704207,合晶統一71購01,140500,3.49,3.49,3.21,3.21
704208,沛亨統一61購01,0,,,,
704209,沛亨統一61購02,0,,,,
704210,宜鼎統一61購02,0,,,,
704211,宜鼎統一63購01,103540,2.12,2.12,1.84,1.84
704212,旺矽統一61購02,132140,2.59,2.64,2.59,2.64
704213,旺矽統一63購02,5740,2.87,2.87,2.87,2.87
704214,旺矽統一71購01,31680,3.52,3.52,3.52,3.52
704215,松瑞藥統一61購01,19000,0.38,0.38,0.38,0.38
704216,松瑞藥統一71購01,0,,,,
704217,信昌電統一61購03,0,,,,
704218,信昌電統一71購02,64520,3.4,3.4,3.36,3.36
704219,家登統一61購03,0,,,,
704220,家登統一71購01,14040,0.78,0.78,0.78,0.78
704221,高鋒統一61購01,10000,0.2,0.2,0.2,0.2
704222,高鋒統一71購01,0,,,,
704223,湧德統一61購02,0,,,,
704224,新復興統一71購01,0,,,,
704225,廣運統一71購01,330,0.33,0.33,0.33,0.33
704237,世界元大5A購02,0,,,,
704244,富喬元大5A購01,0,,,,
704256,富喬永豐5B購01,222740,1.1,1.12,1.04,1.04
704257,富喬永豐5C購01,687350,1.25,1.28,1.14,1.14
704258,富喬永豐64購01,727690,1.96,2.0,1.83,1.84
704259,華容永豐5A購01,0,,,,
704260,聖暉*永豐61購01,67930,1.34,1.39,1.34,1.38
704262,宜鼎兆豐61購01,0,,,,
704275,宜鼎富邦5C購01,0,,,,
704277,鈊象富邦5A購01,0,,,,
704280,世界統一71購02,79900,0.71,0.73,0.71,0.72
704281,台星科統一61購02,490640,0.54,0.54,0.46,0.46
704282,宜鼎統一71購01,39510,2.25,2.25,2.14,2.14
704283,東捷統一71購01,2440,2.44,2.44,2.44,2.44
704284,佶優統一71購02,0,,,,
704285,高鋒統一64購01,0,,,,
704286,高鋒統一67購01,0,,,,
704287,富喬統一61購01,0,,,,
704288,富喬統一61購02,620,0.62,0.62,0.62,0.62
704289,富喬統一61購03,0,,,,
704290,富喬統一61購04,34740,0.51,0.51,0.48,0.48
704291,富喬統一64購01,0,,,,
704292,富喬統一65購02,0,,,,
704293,富喬統一6C購01,0,,,,
704294,富喬統一71購01,17700,0.7,0.74,0.7,0.7
704295,富喬統一71購02,12200,0.61,0.61,0.61,0.61
704296,湧德統一71購01,0,,,,
704297,新復興統一71購02,6300,0.21,0.21,0.21,0.21
704298,聖暉*統一67購01,429780,0.58,0.58,0.58,0.58
704315,系統電元大5B購03,0,,,,
704320,鈊象元大5A購01,0,,,,
704321,勤凱元大61購02,2200,1.1,1.1,1.1,1.1
704322,聖暉*元大61購01,255900,2.67,2.74,2.62,2.68
704325,精測元大5B購01,28090,1.11,1.11,0.99,0.99
704343,世界富邦5C購01,173760,0.48,0.48,0.48,0.48
704347,世界統一5C購02,0,,,,
704348,合晶統一61購01,0,,,,
704349,東捷統一71購02,0,,,,
704350,佶優統一71購03,0,,,,
704351,精測統一61購01,58220,0.66,0.66,0.6,0.64
704352,精測統一61購02,3800,0.76,0.76,0.76,0.76
704353,精測統一71購01,2114250,1.5,1.51,1.33,1.37
704358,竹陞永豐5A購01,0,,,,
704361,華容永豐5C購01,0,,,,
704365,精測永豐5A購01,282800,1.14,1.16,0.81,0.81
704368,點序永豐61購01,0,,,,
704370,世界國票5B購01,212150,0.75,0.84,0.74,0.8
704373,精測國票5A購01,447200,0.62,0.62,0.36,0.4
704374,精測國票5A購02,52680,0.72,0.72,0.52,0.52
704380,宜鼎凱基5B購01,0,,,,
704381,鈊象凱基5A購01,0,,,,
704382,精測凱基5B購01,0,,,,
704388,中探針元大5B購01,0,,,,
704391,世界元大5B購01,0,,,,
704394,系統電元大61購01,14400,0.11,0.11,0.1,0.1
704396,順達元大5A購05,0,,,,
704400,宜鼎富邦61購01,0,,,,
704401,信昌電富邦5C購01,0,,,,
704403,高鋒統一61購02,0,,,,
704404,精測統一5C購01,22200,0.79,0.79,0.7,0.7
704409,精測永豐5A購02,45960,0.54,0.55,0.54,0.55
704419,力旺元大5A購01,0,,,,
704421,中美晶元大5C購01,30250,2.04,2.04,1.75,1.82
704424,湧德元大61購02,0,,,,
704426,精材元大5B購01,0,,,,
704427,精材元大61購02,423550,9.85,9.85,9.85,9.85
704430,大中凱基59購01,0,,,,
704448,新復興富邦59購01,0,,,,
704450,系統電元富59購01,0,,,,
704453,東捷永豐59購01,0,,,,
704481,中探針元大61購01,0,,,,
704482,元太元大61購01,0,,,,
704491,湧德元大5B購01,0,,,,
704492,鈊象元大5B購01,0,,,,
704494,精材元大5A購01,0,,,,
704495,精材元大5B購02,0,,,,
704496,精材元大61購03,313650,7.65,7.65,7.65,7.65
704502,大中永豐59購01,29200,2.92,2.92,2.92,2.92
704506,系統電永豐5C購01,0,,,,
704507,亞電永豐5B購01,32730,2.01,2.01,1.78,1.78
704511,萬泰科永豐59購01,280,0.07,0.07,0.07,0.07
704526,能率群益59購01,0,,,,
704529,擎亞群益59購01,74400,4.96,4.96,4.96,4.96
704532,大中統一5C購01,1720,1.72,1.72,1.72,1.72
704533,大中統一71購01,71830,1.46,1.47,1.46,1.47
704534,台半統一5C購04,0,,,,
704535,台燿統一66購01,0,,,,
704536,尼克森統一5B購01,384270,0.7,0.78,0.64,0.78
704537,巨漢統一5C購01,0,,,,
704538,合晶統一61購02,244960,4.82,5.1,4.67,4.67
704539,竹陞統一64購01,11100,1.11,1.11,1.11,1.11
704540,宏捷科統一61購03,0,,,,
704541,系統電統一64購01,0,,,,
704542,宜鼎統一5B購01,0,,,,
704543,宜鼎統一66購01,9440,1.4,1.4,1.31,1.31
704544,宜鼎統一71購02,26380,1.34,1.34,1.27,1.27
704545,東捷統一64購01,0,,,,
704546,長科*統一71購01,41260,0.72,0.72,0.71,0.71
704547,佶優統一61購02,8400,0.14,0.14,0.14,0.14
704548,昱展統一61購01,100,0.01,0.01,0.01,0.01
704549,茂迪統一5B購01,30440,0.28,0.29,0.28,0.29
704550,能率亞統一61購02,410,0.41,0.41,0.41,0.41
704551,能率亞統一71購01,0,,,,
704552,順達統一63購01,0,,,,
704553,雍智統一71購01,20000,5.0,5.0,5.0,5.0
704556,力旺凱基5A購01,0,,,,
704560,系統電凱基5B購01,0,,,,
704566,天品永豐59購01,0,,,,
704567,萬泰科永豐5B購01,0,,,,
704572,家登群益59購01,0,,,,
704578,元太元大61購02,0,,,,
704579,合晶元大5A購01,0,,,,
704584,精材元大5A購02,0,,,,
704590,能率亞統一63購01,0,,,,
704591,能率亞統一71購02,0,,,,
704592,能率統一71購01,0,,,,
704605,系統電凱基5B購02,0,,,,
704607,原相凱基5A購01,0,,,,
704609,力旺群益59購01,0,,,,
704618,宜鼎群益59購01,0,,,,
704619,旺矽群益59購01,9190,4.44,4.75,4.44,4.75
704620,博智群益5B購01,0,,,,
704628,中光電統一61購01,12400,0.09,0.43,0.09,0.43
704629,智通*統一61購01,0,,,,
704636,博智永豐59購01,0,,,,
704637,智通*永豐59購01,0,,,,
704638,廣運永豐61購01,0,,,,
704649,宜鼎凱基59購03,0,,,,
704650,聖暉*凱基5B購01,0,,,,
704653,台燿兆豐59購02,0,,,,
704665,鈊象元大5C購01,134850,0.4,0.41,0.4,0.4
704668,穩得元大5B購01,0,,,,
704678,中光電永豐59購01,0,,,,
704679,中美晶永豐59購01,0,,,,
704683,擎亞永豐59購02,0,,,,
704685,穩懋永豐5A購02,141000,7.05,7.05,7.05,7.05
704686,世界兆豐5A購01,20080,0.09,0.1,0.09,0.1
704687,M31凱基5A購01,0,,,,
704702,竹陞元大5A購01,0,,,,
704707,家登元大5A購01,0,,,,
704712,精材元大61購04,15150,5.05,5.05,5.05,5.05
704715,M31永豐5A購01,0,,,,
704719,世界永豐5B購01,0,,,,
704721,台燿永豐5A購02,0,,,,
704725,家登永豐5B購01,18000,1.8,1.8,1.8,1.8
704728,精材永豐5A購01,125000,11.4,11.4,11.0,11.0
704730,廣明永豐5A購02,0,,,,
704731,點序永豐5A購01,0,,,,
704733,鑫聯永豐5A購01,0,,,,
704736,印能凱基5A購01,0,,,,
704745,宜特國票5B購01,360,0.04,0.04,0.04,0.04
704750,系統電兆豐5A購01,0,,,,
704751,穩懋兆豐5A購01,0,,,,
704760,宜鼎元大5A購03,0,,,,
704766,精材元大61購05,0,,,,
704767,印能永豐5A購01,0,,,,
704771,東浦永豐5A購01,0,,,,
704773,大樹群益62購01,0,,,,
704775,博智群益62購01,2400,2.4,2.4,2.4,2.4
704778,榮剛群益5A購01,0,,,,
704781,點序群益62購01,18200,0.15,0.16,0.15,0.16
704786,信驊凱基5A購02,0,,,,
704789,雍智凱基5A購01,0,,,,
704793,擎亞永豐5A購02,0,,,,
704794,擎亞永豐5B購01,0,,,,
704807,宜鼎元大5A購04,0,,,,
704831,信驊國票5C購01,0,,,,
704839,擎亞國票5A購01,0,,,,
704841,台半富邦5B購01,0,,,,
704842,台星科富邦5B購01,739340,0.54,0.54,0.42,0.42
704843,合晶富邦5B購01,0,,,,
704844,宜特富邦5A購01,0,,,,
704845,信驊富邦5B購01,0,,,,
704846,智通*富邦5A購01,0,,,,
704847,智通*富邦5B購01,0,,,,
704848,順達富邦5A購01,0,,,,
704849,廣明富邦5B購01,0,,,,
704850,廣運富邦5B購01,0,,,,
704852,雙鴻富邦5A購01,0,,,,
704858,東捷凱基5A購01,0,,,,
704880,榮剛富邦5A購01,0,,,,
704881,譜瑞兆豐62購01,1260,1.26,1.26,1.26,1.26
704893,青雲永豐5A購01,0,,,,
704895,世界統一62購01,963300,0.63,0.65,0.6,0.63
704896,台星科統一62購01,1691450,0.76,0.76,0.7,0.74
704897,台燿統一62購01,210780,4.35,4.68,4.35,4.5
704898,光頡統一5C購02,0,,,,
704899,長科*統一61購01,0,,,,
704900,茂達統一62購01,158620,0.52,0.52,0.49,0.49
704901,茂達統一62購02,0,,,,
704902,訊聯統一72購01,0,,,,
704903,智通*統一68購01,42400,0.47,0.48,0.47,0.48
704904,新復興統一72購01,190,0.19,0.19,0.19,0.19
704905,穩懋統一72購01,0,,,,
704906,穩懋統一72購02,0,,,,
704907,鑫聯統一62購01,0,,,,
704911,宜鼎凱基5A購02,0,,,,
704915,穩懋凱基5B購02,0,,,,
704925,系統電元大62購01,0,,,,
704929,勤凱元大5A購02,0,,,,
704937,茂迪富邦61購01,62700,0.21,0.21,0.18,0.18
704941,印能國票5A購01,0,,,,
704944,印能統一65購01,3550,1.77,1.78,1.77,1.78
704945,良維統一5C購01,0,,,,
704946,閎康統一72購01,23000,0.58,0.58,0.57,0.57
704947,順達統一65購01,7100,0.71,0.71,0.71,0.71
704948,雙鴻統一5C購01,95460,1.9,1.99,1.83,1.92
704949,雙鴻統一65購01,0,,,,
704950,耀勝統一5C購03,100,0.01,0.01,0.01,0.01
704951,鑫科統一72購01,0,,,,
704952,鑫聯統一72購01,0,,,,
704953,鑫聯統一72購02,0,,,,
704954,系微兆豐62購01,0,,,,
704957,雙鴻永豐5A購02,0,,,,
704958,中探針群益5C購01,0,,,,
704963,協易機群益5A購01,0,,,,
704966,訊聯群益5A購01,0,,,,
704968,精材群益5A購02,0,,,,
704983,雙鴻元富5A購02,0,,,,
704984,雙鴻元富5A購03,80800,4.04,4.04,4.04,4.04
704997,雙鴻元大5B購01,346360,1.94,2.08,1.85,1.99
704998,雙鴻元大61購02,0,,,,
705002,世界富邦5C購02,1409720,0.91,0.96,0.87,0.91
705003,世界統一72購01,257230,0.86,0.88,0.85,0.86
705004,宏觀統一62購01,0,,,,
705005,茂迪統一72購01,3900,0.39,0.39,0.39,0.39
705006,茂達統一61購02,0,,,,
705007,智通*統一62購01,0,,,,
705008,湧德統一61購03,0,,,,
705009,穩懋統一72購03,0,,,,
705010,穩懋統一72購04,11850,2.37,2.37,2.37,2.37
705011,鑫聯統一61購01,0,,,,
705012,台燿永豐5C購01,0,,,,
705013,台燿永豐61購01,0,,,,
705014,宏捷科永豐5A購01,0,,,,
705023,雙鴻凱基5C購01,0,,,,
705027,系統電群益5A購01,0,,,,
705028,宜特群益5A購01,0,,,,
705029,金山電群益5A購01,0,,,,
705031,訊聯群益5A購02,0,,,,
705034,精材群益5A購03,0,,,,
705038,宏觀國票5C購01,0,,,,
705063,穩懋元大61購02,16320,2.7,2.76,2.7,2.76
705072,新應材凱基5A購01,140,0.01,0.01,0.01,0.01
705081,閎康群益5A購01,0,,,,
705083,精測群益5A購01,0,,,,
705084,精測群益62購03,1813320,0.92,0.94,0.72,0.75
705087,世界富邦5C購03,0,,,,
705089,新應材富邦63購01,0,,,,
705090,精測富邦5A購01,4500,0.01,0.01,0.01,0.01
705091,正淩統一62購01,430,0.43,0.43,0.43,0.43
705092,正淩統一65購01,0,,,,
705093,宏觀統一72購01,9000,0.36,0.36,0.36,0.36
705094,宜特統一62購01,18550,0.35,0.35,0.35,0.35
705095,新復興統一62購01,0,,,,
705096,精測統一62購01,94360,0.32,0.32,0.19,0.2
705097,精測統一64購02,0,,,,
705098,精測統一72購01,12500,1.25,1.25,1.25,1.25
705099,雙鴻統一62購03,1890590,1.06,1.12,0.99,1.07
705100,鑫科統一62購01,0,,,,
705101,世界中信5B購01,0,,,,
705103,弘塑元富5A購02,0,,,,
705108,精測元富5B購01,0,,,,
705109,精測元富5B購02,0,,,,
705110,精測元富5B購03,0,,,,
705111,系統電永豐61購01,0,,,,
705112,茂迪永豐5A購01,0,,,,
705114,新應材永豐61購01,0,,,,
705117,系統電凱基5A購02,0,,,,
705126,大中統一62購01,0,,,,
705127,宏觀統一72購02,9180,0.51,0.51,0.51,0.51
705128,良維統一72購01,0,,,,
705129,宜特統一72購01,14490,0.63,0.63,0.63,0.63
705130,長科*統一72購01,7050,1.17,1.18,1.17,1.18
705131,茂迪統一61購01,0,,,,
705132,茂迪統一72購02,820,0.41,0.41,0.41,0.41
705133,博智統一62購01,0,,,,
705134,博智統一62購02,0,,,,
705135,穩懋統一72購05,4380,2.19,2.19,2.19,2.19
705136,鏵友益統一72購01,292480,0.89,0.94,0.89,0.93
705137,台燿中信5A購01,0,,,,
705138,良維中信5C購01,91830,2.0,2.07,2.0,2.05
705142,新應材永豐5B購01,0,,,,
705143,正淩國票5B購01,0,,,,
705161,雙鴻元大61購03,49000,2.45,2.45,2.45,2.45
705169,正淩凱基5B購01,0,,,,
705171,系統電凱基61購01,0,,,,
705179,雙鴻凱基5C購02,9260,2.3,2.36,2.3,2.36
705186,閎康富邦5A購01,0,,,,
705188,元太統一62購01,3500,0.19,0.19,0.16,0.16
705190,弘塑統一72購01,94890,1.2,1.2,1.17,1.17
705191,正淩統一72購01,0,,,,
705192,沛亨統一72購01,0,,,,
705193,宜鼎統一72購01,147710,1.35,1.35,1.29,1.29
705194,崴寶統一64購01,0,,,,
705195,崴寶統一72購01,165710,1.05,1.06,1.03,1.06
705196,雙鴻統一72購01,1351400,1.34,1.37,1.32,1.36
705197,鑫聯統一65購01,0,,,,
705212,雙鴻元大5C購01,17300,1.73,1.73,1.73,1.73
705213,雙鴻元大61購04,3990,1.35,1.35,1.32,1.32
705214,神盾永豐5B購01,0,,,,
705215,崴寶永豐5B購01,94880,1.14,1.14,0.97,1.01
705216,雙鴻永豐61購01,70080,2.19,2.19,2.19,2.19
705221,雙鴻元富5A購04,0,,,,
705222,雙鴻元富5A購05,4050,4.05,4.05,4.05,4.05
705223,雙鴻元富5A購06,163880,1.99,2.22,1.99,2.22
705224,穩懋元富5A購02,0,,,,
705225,穩懋元富5A購03,0,,,,
705235,力旺凱基5B購01,234250,6.25,7.8,6.05,7.8
705238,穩懋凱基61購01,60200,3.01,3.01,3.01,3.01
705243,萬潤永豐62購01,0,,,,
705246,力旺元富5A購01,56000,5.6,5.6,5.6,5.6
705254,雙鴻富邦5A購02,0,,,,
705255,雙鴻富邦5A購03,3540,1.77,1.77,1.77,1.77
705257,力旺統一65購01,786730,1.3,1.52,1.23,1.52
705258,力旺統一72購01,1847550,1.57,1.67,1.36,1.66
705259,凡甲統一72購01,3750,0.54,0.54,0.53,0.53
705260,凡甲統一72購02,0,,,,
705261,元太統一62購02,0,,,,
705262,元太統一72購01,0,,,,
705263,弘塑統一72購02,0,,,,
705264,正淩統一72購02,0,,,,
705265,沛亨統一72購02,20380,1.56,1.57,1.56,1.57
705266,博智統一72購01,101380,1.37,1.37,1.37,1.37
705267,閎康統一72購02,0,,,,
705268,雙鴻統一62購04,8220,1.08,1.08,1.01,1.01
705269,穩懋統一65購02,19780,2.0,2.0,1.89,1.89
705276,力旺群益5A購01,104820,2.84,3.65,2.84,3.47
705279,良維群益5C購01,0,,,,
705284,力旺元大5A購03,204820,2.72,3.39,2.61,3.3
705289,鈊象元大5C購02,0,,,,
705292,宏觀凱基5B購01,0,,,,
705300,鈊象凱基61購01,338720,1.4,1.44,1.39,1.41
705303,台星科富邦5A購01,0,,,,
705304,台燿富邦5C購02,11350,5.55,5.8,5.55,5.8
705305,宏觀富邦5A購01,0,,,,
705307,富喬富邦5B購01,754410,0.59,0.65,0.57,0.57
705308,亞泰統一64購01,0,,,,
705309,亞泰統一72購01,0,,,,
705310,博智統一72購02,59170,0.97,0.97,0.97,0.97
705311,富喬統一62購01,5800,0.58,0.58,0.58,0.58
705312,富喬統一62購02,585840,0.55,0.59,0.54,0.55
705313,精材統一65購01,8520,4.26,4.26,4.26,4.26
705314,精材統一72購01,53560,2.31,2.31,2.22,2.22
705315,鑫科統一72購02,0,,,,
705318,宜鼎國票5A購01,0,,,,
705324,富喬國票5A購01,15960,1.14,1.14,1.14,1.14
705331,富喬元大5B購02,16450,0.47,0.47,0.47,0.47
705333,鈊象元大5C購03,0,,,,
705337,穩懋元大61購04,572700,2.49,2.49,2.49,2.49
705341,富喬群益5A購01,0,,,,
705343,弘塑永豐5B購01,0,,,,
705346,富喬永豐5A購02,105120,0.56,0.56,0.52,0.52
705347,富喬永豐61購01,395440,0.92,0.93,0.88,0.89
705348,富喬永豐65購01,1838960,1.16,1.18,1.1,1.1
705349,雙鴻永豐5B購01,175540,2.05,2.1,1.97,2.1
705357,穩懋凱基61購02,66000,6.6,6.6,6.6,6.6
705358,良維兆豐5A購01,0,,,,
705360,中美晶元大5B購01,0,,,,
705365,雙鴻元大5B購02,218000,2.18,2.18,2.18,2.18
705366,雙鴻元大5C購02,35980,1.71,1.78,1.71,1.78
705370,穩懋元大61購05,4950,1.65,1.65,1.65,1.65
705371,穩懋富邦59購04,0,,,,
705372,力致統一64購01,27140,0.3,0.3,0.27,0.29
705373,凡甲統一61購01,3600,0.24,0.24,0.24,0.24
705374,元太統一72購02,0,,,,
705375,台燿統一62購02,49300,4.8,4.8,4.45,4.45
705376,正基統一64購01,0,,,,
705377,兆利統一64購01,0,,,,
705378,宏捷科統一61購04,0,,,,
705379,沛亨統一68購01,0,,,,
705380,系統電統一5C購02,0,,,,
705381,系微統一64購01,0,,,,
705382,亞泰統一72購02,0,,,,
705383,宜特統一65購01,0,,,,
705384,東捷統一72購01,0,,,,
705385,前鼎統一72購01,0,,,,
705386,茂達統一72購01,93620,0.78,0.78,0.77,0.77
705387,原相統一64購01,8190,0.35,0.35,0.32,0.32
705388,能率統一72購01,0,,,,
705389,富強鑫統一72購01,58500,0.66,0.66,0.64,0.66
705390,新漢統一64購02,0,,,,
705391,新漢統一72購01,0,,,,
705392,萬潤統一62購01,0,,,,
705393,鈺太統一64購01,0,,,,
705394,精材統一5C購02,0,,,,
705395,聚和統一64購01,0,,,,
705396,廣明統一72購01,0,,,,
705397,穩得統一72購01,0,,,,
705398,穩懋統一61購06,0,,,,
705399,穩懋統一62購01,107660,1.57,1.65,1.43,1.65
705400,穩懋統一62購02,559650,2.46,2.54,2.24,2.31
705401,穩懋統一62購03,16640,1.5,1.64,1.5,1.64
705402,耀勝統一64購01,0,,,,
705403,耀勝統一72購01,0,,,,
705404,鑫科統一72購03,0,,,,
705405,正基國票59購01,0,,,,
705406,昱展國票59購02,0,,,,
705409,台星科永豐59購01,0,,,,
705410,沛亨永豐5B購01,1319000,1.89,1.89,1.88,1.88
705411,良維永豐59購01,1490,0.71,0.78,0.71,0.78
705412,萬潤永豐59購01,0,,,,
705413,鉅橡永豐5A購02,0,,,,
705415,鑫科永豐59購01,0,,,,
705422,大中群益59購02,0,,,,
705425,翔名群益59購01,0,,,,
705426,勤凱群益5A購01,0,,,,
705428,萬潤群益59購01,0,,,,
705433,中美晶凱基5C購01,22750,4.55,4.55,4.55,4.55
705437,弘塑凱基5C購01,4290,4.29,4.29,4.29,4.29
705438,沛亨凱基5A購01,0,,,,
705439,信驊凱基5A購03,0,,,,
705442,台特化兆豐5B購01,0,,,,
705443,新應材兆豐5B購01,0,,,,
705444,良維國票62購01,0,,,,
705445,東浦國票5A購01,0,,,,
705446,信驊國票62購01,0,,,,
705447,博智國票5A購01,5240,2.62,2.62,2.62,2.62
705448,萬潤國票5A購01,0,,,,
705449,鉅橡國票5B購01,0,,,,
705451,穩懋國票5A購03,279720,2.32,2.32,2.14,2.19
705452,世界國泰5A購01,2070,2.07,2.07,2.07,2.07
705453,宏捷科國泰5A購01,0,,,,
705455,世界群益5B購02,0,,,,
705457,宏捷科群益5A購01,0,,,,
705458,良維群益5B購01,0,,,,
705460,信驊群益5B購04,0,,,,
705461,湧德群益61購01,0,,,,
705462,順達群益5B購01,0,,,,
705475,雙鴻元大5C購03,0,,,,
705476,雙鴻元大61購05,0,,,,
705477,台特化統一63購02,0,,,,
705478,台特化統一73購01,0,,,,
705479,良維統一61購01,105660,1.16,1.21,1.16,1.19
705480,良維統一63購01,95230,0.89,0.89,0.89,0.89
705481,亞泰統一62購01,0,,,,
705482,信昌電統一61購04,0,,,,
705483,新應材統一62購02,0,,,,
705484,萬潤統一62購02,0,,,,
705485,萬潤統一73購01,0,,,,
705486,德微統一63購01,560140,1.81,2.02,1.81,2.02
705487,穩懋統一66購01,183150,1.41,1.42,1.28,1.32
705488,穩懋統一73購01,0,,,,
705489,穩懋統一73購02,80250,1.74,1.75,1.69,1.69
705491,世界永豐5A購02,0,,,,
705492,世界永豐5B購02,51350,3.35,3.57,3.35,3.57
705494,台特化永豐5B購01,0,,,,
705496,光頡永豐5A購01,29550,5.0,5.0,4.91,4.91
705497,宜鼎永豐5A購02,18400,1.84,1.84,1.84,1.84
705500,原相永豐5B購01,0,,,,
705502,萬潤永豐5B購01,0,,,,
705503,德微永豐5A購01,0,,,,
705504,雙鴻永豐5C購01,0,,,,
705505,穩懋永豐5A購03,136800,1.53,1.53,1.51,1.51
705508,宜特元富5A購01,0,,,,
705509,信驊元富5A購04,0,,,,
705519,均華兆豐63購01,12600,2.52,2.52,2.52,2.52
705520,宜鼎兆豐63購01,65510,3.59,3.59,3.32,3.32
705521,順達兆豐5B購01,0,,,,
705522,雙鴻兆豐5B購01,0,,,,
705525,良維凱基5B購02,0,,,,
705527,萬潤凱基5B購01,0,,,,
705534,雙鴻凱基5B購01,7900,1.54,1.64,1.54,1.64
705539,中探針元大5A購02,0,,,,
705544,萬潤元大5B購01,0,,,,
705548,雙鴻元大61購06,5760,0.97,0.97,0.95,0.97
705551,穩懋元大5A購03,76680,1.3,1.3,0.92,1.03
705552,穩懋元大5B購04,23200,1.17,1.17,1.15,1.15
705553,穩懋元大5C購04,12900,1.0,1.0,0.99,0.99
705554,宜鼎富邦5C購02,1800,1.8,1.8,1.8,1.8
705555,中探針永豐5C購01,48000,4.0,4.0,4.0,4.0
705556,正基永豐5A購01,0,,,,
705557,茂迪永豐5C購01,600,0.03,0.03,0.03,0.03
705558,神盾永豐5C購01,0,,,,
705559,博智永豐5B購01,0,,,,
705560,萬潤永豐5C購01,21140,3.02,3.02,3.02,3.02
705562,環球晶永豐5B購01,0,,,,
705564,雙鴻永豐5A購03,0,,,,
705565,穩懋永豐5C購02,4077390,1.6,1.63,1.35,1.43
705566,耀勝永豐5C購01,0,,,,
705567,宏觀國泰5A購01,0,,,,
705568,沛亨國泰5A購01,0,,,,
705569,宜鼎國泰5A購01,0,,,,
705570,世界凱基5C購01,155250,1.1,1.16,1.07,1.16
705572,旺矽凱基5A購02,0,,,,
705575,原相凱基5B購01,0,,,,
705577,鉅橡凱基5B購01,0,,,,
705580,宏觀永豐5A購01,0,,,,
705581,良維永豐5B購01,0,,,,
705583,旺矽永豐5A購01,0,,,,
705584,旺矽永豐5B購01,0,,,,
705585,博磊永豐5A購01,0,,,,
705587,精材永豐5B購01,0,,,,
705589,鏵友益永豐5C購01,0,,,,
705590,鑫聯永豐5C購01,0,,,,
705599,雙鴻元大61購07,0,,,,
705600,凡甲國泰5A購01,0,,,,
705601,旺矽國泰5A購01,0,,,,
705602,鑫聯國泰5A購01,0,,,,
705603,元太國票5A購01,0,,,,
705604,良維國票67購01,30880,2.35,2.46,2.35,2.46
705605,亞信國票5A購01,0,,,,
705606,旺矽國票61購01,0,,,,
705608,是方國票5A購01,0,,,,
705610,精材國票5C購01,0,,,,
705611,雙鴻國票5C購01,0,,,,
705614,弘塑群益5A購02,0,,,,
705615,正基群益5A購01,0,,,,
705616,宏捷科群益5A購02,0,,,,
705617,良維群益5B購02,0,,,,
705619,亞信群益5A購01,0,,,,
705620,宜鼎群益5A購01,0,,,,
705621,旺矽群益5B購01,0,,,,
705622,順達群益5A購01,0,,,,
705627,環球晶群益5A購01,0,,,,
705630,旺矽兆豐5B購01,0,,,,
705631,大綜永豐5A購01,22000,0.22,0.22,0.22,0.22
705633,順達永豐5B購01,56150,2.28,2.28,2.11,2.11
705634,新復興永豐5B購01,0,,,,
705637,系統電群益5A購02,0,,,,
705638,宜鼎群益5B購01,2130,2.13,2.13,2.13,2.13
705643,茂迪群益5A購01,0,,,,
705644,原相群益5C購01,0,,,,
705648,正基凱基5A購01,0,,,,
705652,宜鼎凱基5A購03,2490,2.49,2.49,2.49,2.49
705653,前鼎凱基5A購01,0,,,,
705656,鉅橡凱基5A購01,0,,,,
705659,印能元大5C購01,0,,,,
705665,環球晶元大61購01,0,,,,
705666,鑫聯元大61購01,1800,0.18,0.18,0.18,0.18
705667,萬泰科國泰5A購01,0,,,,
705668,鉅橡國泰5A購01,0,,,,
705671,鈊象富邦5B購01,106000,0.26,0.27,0.26,0.27
705672,聖暉*富邦5B購01,111840,0.54,0.56,0.53,0.56
705674,環球晶富邦5C購01,0,,,,
705675,雙鴻富邦5C購01,14500,1.45,1.45,1.45,1.45
705676,雙鴻富邦5C購02,1246930,1.03,1.12,0.94,1.06
705677,譜瑞富邦5C購01,2600,2.6,2.6,2.6,2.6
705679,九豪國票5A購01,0,,,,
705680,正基國票5A購01,0,,,,
705681,沛亨國票5A購01,0,,,,
705682,宜鼎國票5A購02,0,,,,
705683,岳豐國票5A購01,0,,,,
705684,茂迪國票5A購01,0,,,,
705685,茂迪國票5A購02,0,,,,
705686,晟德國票5A購01,0,,,,
705690,僑威國票5A購01,0,,,,
705691,聚和國票5A購01,0,,,,
705692,臺慶科國票5A購02,200,0.01,0.01,0.01,0.01
705694,正基凱基5A購02,0,,,,
705697,新復興凱基5B購01,0,,,,
705698,鉅橡凱基5A購02,0,,,,
705699,聚和凱基5A購01,0,,,,
705700,寶雅凱基5A購01,0,,,,
705702,宏捷科國票62購01,26000,0.13,0.13,0.13,0.13
705704,昱展國票5A購01,0,,,,
705705,新復興國票5B購01,0,,,,
705706,萬泰科國票5A購01,0,,,,
705707,德勝國票5A購01,0,,,,
705708,正基國泰5A購01,0,,,,
705709,勤凱國泰5A購01,0,,,,
705711,台特化元大5C購01,0,,,,
705712,台燿元大61購03,0,,,,
705718,宜鼎元大5C購04,3050,3.05,3.05,3.05,3.05
705719,宜鼎元大61購02,0,,,,
705726,雙鴻元大61購08,12600,2.52,2.52,2.52,2.52
705727,九豪群益5A購01,0,,,,
705728,台特化群益62購01,30750,0.15,0.15,0.15,0.15
705729,正基群益5A購02,0,,,,
705733,宜特群益5B購01,0,,,,
705736,正基永豐5B購01,0,,,,
705737,印能永豐5C購01,0,,,,
705739,系統電永豐64購01,0,,,,
705740,陽程永豐5A購01,0,,,,
705753,晟德凱基5A購01,0,,,,
705754,精材凱基61購01,0,,,,
705755,雙鴻凱基5C購03,0,,,,
705758,世界元大5C購01,0,,,,
705759,台特化元大5C購02,0,,,,
705769,新應材元大5A購01,0,,,,
705770,新應材元大61購01,1200,0.12,0.12,0.12,0.12
705774,雙鴻元大61購09,91610,2.29,2.3,2.23,2.23
705775,宜特國票5A購02,0,,,,
705776,前鼎國票5B購01,0,,,,
705777,閎康國票5A購01,0,,,,
705778,鈊象國票5A購01,0,,,,
705779,榮剛國票5A購01,0,,,,
705781,鏵友益國票5B購01,0,,,,
705782,鑫聯國票5A購01,0,,,,
705783,良維中信61購01,152340,1.14,1.17,1.11,1.17
705785,新應材永豐63購01,0,,,,
705791,宏捷科元富5C購01,0,,,,
705800,大綜統一73購01,0,,,,
705801,印能統一62購01,0,,,,
705802,旺矽統一63購03,0,,,,
705803,前鼎統一62購01,0,,,,
705804,環球晶統一63購01,14050,2.81,2.81,2.81,2.81
705805,環球晶統一63購02,75390,2.77,3.09,2.67,2.86
705806,環球晶統一73購01,10490,2.68,2.68,2.55,2.55
705807,環球晶統一73購02,157580,1.94,2.25,1.94,2.08
705808,前鼎國泰5A購01,0,,,,
705809,元太國票5A購02,0,,,,
705810,岳豐國票5A購02,0,,,,
705811,長佳智國票5A購01,0,,,,
705812,前鼎國票61購01,0,,,,
705813,晟德國票5A購02,0,,,,
705816,寶雅國票5A購01,0,,,,
705818,凡甲永豐5B購01,0,,,,
705819,台星科永豐5C購01,377030,1.21,1.26,1.16,1.16
705820,宜特永豐5C購01,0,,,,
705823,前鼎永豐5C購01,0,,,,
705824,能率永豐5C購01,16000,0.2,0.2,0.2,0.2
705826,順達永豐61購01,64080,3.19,3.21,2.98,2.98
705827,良維兆豐5B購01,0,,,,
705828,雙鴻兆豐5B購02,0,,,,
705841,元太元大5B購01,21780,0.33,0.33,0.33,0.33
705845,信驊元大5C購01,0,,,,
705846,新應材元大5A購02,0,,,,
705847,新應材元大61購02,1800,0.18,0.18,0.18,0.18
705853,雙鴻元大61購10,993510,2.17,2.32,2.1,2.21
705854,台特化統一63購03,0,,,,
705855,弘塑統一73購01,0,,,,
705856,印能統一73購01,460460,1.48,1.48,1.45,1.46
705857,沛亨統一73購01,10160,1.27,1.27,1.27,1.27
705858,良維統一73購01,105000,0.53,0.53,0.52,0.52
705859,旺矽統一73購01,87880,3.1,3.3,3.1,3.16
705860,順達統一73購01,12960,0.58,0.59,0.58,0.59
705861,新應材統一73購01,21120,0.26,0.26,0.25,0.26
705862,萬泰科統一62購01,0,,,,
705863,德微統一73購01,1860,1.86,1.86,1.86,1.86
705864,環球晶統一62購01,0,,,,
705865,穩得統一73購01,0,,,,
705870,信驊凱基5B購01,0,,,,
705871,信驊凱基61購02,0,,,,
705872,信驊凱基61購03,0,,,,
705874,鈊象凱基61購02,410190,1.32,1.35,1.31,1.31
705875,新應材凱基61購01,0,,,,
705876,榮剛凱基5A購01,0,,,,
705877,環球晶凱基61購01,134650,9.6,10.0,9.55,10.0
705878,弘塑富邦5B購01,0,,,,
705879,良維富邦5B購01,0,,,,
705880,新應材富邦63購02,0,,,,
705881,雙鴻國泰5A購01,2506300,5.35,5.4,5.2,5.3
705887,新應材群益5A購01,0,,,,
705894,元太凱基5B購02,0,,,,
705896,台特化凱基5C購01,13620,0.06,0.06,0.06,0.06
705899,旺矽凱基5B購01,12900,6.45,6.45,6.45,6.45
705901,新應材凱基5A購02,0,,,,
705903,精材凱基61購02,0,,,,
705908,旺矽兆豐5B購02,0,,,,
705909,新應材兆豐5B購02,0,,,,
705913,宜鼎群益5B購02,0,,,,
705917,雙鴻群益63購01,47500,1.39,1.39,1.34,1.34
705923,弘塑永豐5B購02,0,,,,
705924,匯鑽科永豐5A購01,0,,,,
705925,新應材永豐5A購01,0,,,,
705926,新應材永豐5C購04,0,,,,
705927,新應材永豐63購02,26400,0.12,0.12,0.12,0.12
705928,雙鴻永豐63購01,79610,2.09,2.12,2.09,2.1
705929,新應材國泰5A購02,0,,,,
705931,台半國票5A購01,0,,,,
705932,弘塑國票5A購01,0,,,,
705933,宜鼎國票5C購01,0,,,,
705934,松瑞藥國票5A購01,0,,,,
705935,胡連國票5A購01,0,,,,
705936,順達國票5A購01,6800,0.68,0.68,0.68,0.68
705938,新應材國票5A購02,0,,,,
705939,新應材國票5B購01,0,,,,
705940,新應材國票5C購01,1200,0.04,0.04,0.04,0.04
705941,群翊國票5A購01,2060,1.03,1.03,1.03,1.03
705942,聖暉*國票5A購02,6240,2.08,2.08,2.08,2.08
705943,德微國票5A購01,0,,,,
705944,新應材富邦5C購02,0,,,,
705945,均豪統一73購01,0,,,,
705946,宏捷科統一63購01,1900,0.19,0.19,0.19,0.19
705947,系微統一73購01,580,0.58,0.58,0.58,0.58
705948,良維統一63購02,0,,,,
705949,良維統一73購02,25400,0.84,0.86,0.84,0.84
705950,宜特統一73購01,0,,,,
705951,信紘科統一63購01,0,,,,
705952,前鼎統一73購01,15950,1.64,1.64,1.55,1.55
705953,鉅橡統一73購01,0,,,,
705954,鈺太統一66購01,10400,0.2,0.2,0.2,0.2
705968,新應材元大5A購03,0,,,,
705969,新應材元大61購03,8800,0.04,0.08,0.04,0.08
705984,博智元大5C購02,0,,,,
705986,世紀*國票5A購01,32510,3.02,3.12,2.78,2.78
705987,台特化國票5A購03,0,,,,
705988,閎康國票5A購02,0,,,,
705989,雙鴻國票5A購02,0,,,,
705991,弘塑國泰5A購01,0,,,,
705992,均華國泰5A購01,0,,,,
705993,宜鼎富邦63購01,0,,,,
705994,蜜望實統一63購01,0,,,,
705995,蜜望實統一73購01,0,,,,
705996,世界群益5B購03,0,,,,
705997,旺矽群益5B購02,0,,,,
705998,神盾群益5B購01,0,,,,
706001,雙鴻群益5B購03,0,,,,
706004,精材中信61購01,0,,,,
706005,蜜望實永豐5B購01,0,,,,
706006,穩得永豐5B購01,0,,,,
706010,旺矽凱基5C購01,0,,,,
706011,博智凱基5C購01,195480,4.23,4.25,3.93,3.93
706015,緯軟國票5B購01,1000,0.1,0.1,0.1,0.1
706016,雙鴻國票5A購03,26600,2.66,2.66,2.66,2.66
706017,宜鼎中信61購01,0,,,,
706018,弘塑永豐63購01,0,,,,
706019,均華永豐5B購01,13610,2.19,2.66,2.19,2.66
706020,旺矽永豐61購01,117300,3.22,3.44,3.22,3.44
706021,鈊象永豐5A購01,0,,,,
706027,大中統一73購01,30800,1.1,1.1,1.1,1.1
706028,台特化統一66購01,0,,,,
706029,台特化統一68購01,0,,,,
706030,均華統一62購01,0,,,,
706031,均華統一63購03,8770,0.52,0.55,0.52,0.55
706032,均華統一73購01,0,,,,
706033,均豪統一63購01,0,,,,
706034,宜鼎統一62購01,5740,0.82,0.82,0.82,0.82
706035,旺矽統一63購04,0,,,,
706036,新普統一63購01,10000,0.5,0.5,0.5,0.5
706037,新普統一73購01,0,,,,
706038,聖暉*統一61購01,84030,0.79,0.81,0.79,0.8
706039,蜜望實統一62購01,0,,,,
706040,鑫聯統一62購02,0,,,,
706044,鈺太群益5A購01,0,,,,
706047,台燿富邦63購01,0,,,,
706049,博智富邦5B購01,0,,,,
706050,蜜望實富邦5B購01,0,,,,
706051,印能國泰5A購01,0,,,,
706052,均華國泰5A購02,0,,,,
706053,鈊象國泰5A購01,0,,,,
706054,台特化元大5B購01,0,,,,
706055,台特化元大63購01,0,,,,
706060,弘塑元大63購02,21030,3.01,3.01,2.99,2.99
706071,雙鴻元大63購01,12210,2.06,2.06,2.03,2.03
706072,弘塑凱基5A購01,0,,,,
706073,宜鼎凱基5A購04,580,0.58,0.58,0.58,0.58
706074,鈊象凱基5C購01,0,,,,
706081,雙鴻中信63購01,281350,0.9,0.93,0.9,0.91
706086,旺矽永豐5A購02,0,,,,
706087,旺矽永豐61購02,164100,3.6,3.6,3.21,3.21
706088,旺矽永豐64購01,1349220,3.48,3.73,3.48,3.73
706089,茂迪永豐61購01,0,,,,
706090,萬泰科永豐5C購01,0,,,,
706092,力致國泰5A購01,0,,,,
706093,弘塑國泰5A購02,0,,,,
706094,均豪國泰5A購01,0,,,,
706095,系統電國泰5A購01,0,,,,
706096,東捷國泰5A購01,0,,,,
706097,弘塑富邦5C購01,23040,0.82,0.84,0.77,0.77
706098,宜鼎富邦5C購03,207210,0.91,0.91,0.75,0.77
706099,旺矽富邦5B購02,0,,,,
706100,旺矽富邦63購01,0,,,,
706101,茂迪富邦63購01,0,,,,
706103,台特化元大63購02,0,,,,
706105,宏捷科元大5C購01,0,,,,
706115,雙鴻元大63購02,0,,,,
706116,力致國票5A購01,0,,,,
706117,台半國票5A購02,165580,4.04,4.04,3.98,3.98
706118,台星科國票61購01,181230,1.64,1.71,1.56,1.65
706119,宏捷科國票5A購01,0,,,,
706120,良維國票5A購01,62000,0.62,0.62,0.62,0.62
706121,宜鼎國票5A購03,0,,,,
706122,旺矽國票5B購02,0,,,,
706124,臺慶科國票61購01,46200,1.32,1.32,1.32,1.32
706125,鑫聯國票5C購01,0,,,,
706126,大綜統一63購01,0,,,,
706127,大綜統一66購01,780,0.78,0.78,0.78,0.78
706128,台特化統一62購02,0,,,,
706129,巨漢統一63購01,0,,,,
706130,正基統一62購01,0,,,,
706131,正基統一63購01,0,,,,
706132,正基統一63購02,0,,,,
706133,均豪統一66購01,0,,,,
706134,宜鼎統一63購02,1524740,0.9,0.96,0.82,0.84
706135,宜鼎統一63購03,164620,0.52,0.53,0.49,0.49
706136,宜鼎統一66購02,1151250,0.74,0.76,0.69,0.7
706137,宜鼎統一73購01,256050,0.64,0.66,0.61,0.61
706138,茂迪統一67購01,26000,0.26,0.26,0.26,0.26
706139,聚和統一73購01,3850,0.64,0.65,0.64,0.65
706140,蜜望實統一66購01,0,,,,
706141,蜜望實統一68購01,0,,,,
706142,雙鴻統一63購01,0,,,,
706146,台特化群益5A購01,0,,,,
706150,旺矽群益63購01,3549340,3.28,3.58,3.28,3.53
706153,德微群益63購01,62900,3.13,3.16,3.13,3.16
706154,雙鴻群益63購02,14800,0.98,0.99,0.98,0.99
706155,台特化凱基5C購02,0,,,,
706160,宜鼎凱基5C購02,0,,,,
706161,旺矽凱基63購01,112690,2.36,2.45,2.36,2.45
706162,旺矽凱基63購02,947480,2.82,3.01,2.82,3.01
706163,東捷凱基63購01,0,,,,
706166,德微凱基5A購01,0,,,,
706168,雙鴻凱基63購01,130900,1.87,1.87,1.87,1.87
706170,良維群益5C購02,28850,1.94,1.94,1.89,1.89
706173,精測群益5B購01,0,,,,
706175,宜鼎國泰5A購02,0,,,,
706176,宜鼎國泰61購01,0,,,,
706177,旺矽國泰5A購02,0,,,,
706178,弘塑富邦63購01,20800,0.7,0.7,0.69,0.69
706179,均華富邦5B購01,92230,0.53,0.55,0.46,0.55
706180,均華統一63購04,222570,0.37,0.4,0.34,0.38
706181,良維統一63購03,69000,0.69,0.69,0.69,0.69
706182,旺矽統一63購05,0,,,,
706183,茂迪統一63購01,0,,,,
706184,台特化元大63購03,3450,0.23,0.23,0.23,0.23
706185,均華元大5C購01,280,0.28,0.28,0.28,0.28
706186,宏捷科元大5C購02,0,,,,
706198,精測元大5C購02,0,,,,
706203,鑫聯元大63購01,0,,,,
706204,中美晶國票61購01,0,,,,
706206,均華國票5B購01,642680,0.49,0.54,0.42,0.51
706207,宜鼎國票65購01,1500620,1.63,1.75,1.52,1.53
706208,旺矽國票5C購01,357660,3.52,3.9,3.52,3.68
706209,旺矽國票67購01,1494710,3.16,3.56,3.16,3.48
706210,德微國票65購01,52130,4.23,4.64,4.23,4.54
706213,精測中信5B購01,0,,,,
706214,宜鼎永豐5B購01,514820,0.64,0.69,0.57,0.57
706215,旺矽永豐5C購01,488920,2.04,2.25,2.04,2.25
706216,東捷永豐61購01,0,,,,
706218,精測永豐5B購01,0,,,,
706219,精測永豐61購01,77060,0.22,0.22,0.19,0.2
706220,鑫科永豐5C購02,0,,,,
706223,弘塑元富5C購01,0,,,,
706225,宏捷科元富5C購02,0,,,,
706239,中美晶兆豐63購01,5300,5.3,5.3,5.3,5.3
706240,元太兆豐63購01,324380,1.2,1.23,1.15,1.15
706241,環球晶兆豐5B購01,300000,6.0,6.0,6.0,6.0
706245,M31凱基5B購01,79000,0.27,0.29,0.25,0.25
706246,台燿凱基61購01,148000,14.8,14.8,14.8,14.8
706248,弘塑凱基5A購02,0,,,,
706249,宏捷科凱基5C購01,1130,1.13,1.13,1.13,1.13
706252,信驊凱基5B購02,0,,,,
706253,信驊凱基5C購01,238500,7.95,7.95,7.95,7.95
706259,M31永豐5B購01,122660,0.46,0.46,0.39,0.39
706260,M31永豐5C購01,143890,0.49,0.49,0.43,0.44
706261,大中永豐5B購01,0,,,,
706264,台燿永豐5B購01,19700,19.7,19.7,19.7,19.7
706265,良維永豐5B購02,0,,,,
706269,M31元富5A購01,23300,0.23,0.24,0.22,0.24
706274,良維群益5C購03,0,,,,
706275,信驊群益5B購05,0,,,,
706276,聖暉*群益61購01,83650,1.7,1.77,1.7,1.77
706279,台燿國泰5A購01,0,,,,
706280,台燿國泰5A購02,0,,,,
706281,德微國泰5A購01,0,,,,
706282,M31統一63購03,48200,0.48,0.48,0.38,0.38
706283,M31富邦5B購01,337690,0.37,0.37,0.21,0.21
706284,台特化富邦5C購01,0,,,,
706285,信驊富邦5C購01,0,,,,
706286,茂迪富邦5C購01,0,,,,
706287,雙鴻富邦5C購03,1370,1.37,1.37,1.37,1.37
706288,M31國票5A購01,0,,,,
706292,宏觀國票5C購02,0,,,,
706293,沛亨國票5A購02,207560,0.88,0.88,0.84,0.84
706294,信驊國票5B購03,0,,,,
706297,環球晶國票5A購01,0,,,,
706298,鑫科國票5A購01,0,,,,
706313,雙鴻元大5C購04,29000,1.45,1.45,1.45,1.45
706316,台燿兆豐5B購01,0,,,,
706317,弘塑兆豐5B購01,13000,0.65,0.65,0.65,0.65
706318,聖暉*兆豐5B購01,48030,1.07,1.07,1.05,1.05
706319,印能凱基5B購01,0,,,,
706322,亞泰凱基5A購01,0,,,,
706324,聖暉*凱基5B購02,59040,1.89,1.96,1.89,1.91
706325,環球晶凱基5C購01,0,,,,
706327,穩得凱基5C購01,0,,,,
706328,弘塑國票65購01,0,,,,
706331,亞泰國票5A購01,0,,,,
706332,華宏國票5A購01,0,,,,
706336,茂迪元大5C購01,0,,,,
706339,雙鴻元大5C購05,2535650,1.59,1.6,1.45,1.49
706340,穩得元大63購01,570,0.57,0.57,0.57,0.57
706341,鑫聯元大63購02,0,,,,
706342,雙鴻國泰61購01,8550,2.85,2.85,2.85,2.85
706343,台燿富邦63購02,0,,,,
706344,德微富邦5C購01,318250,0.94,1.2,0.9,1.2
706345,世界統一63購01,0,,,,
706346,台特化統一63購04,0,,,,
706347,印能統一63購01,99100,0.73,0.73,0.72,0.72
706348,亞泰統一62購02,941600,1.69,1.71,1.6,1.6
706349,博智統一63購01,0,,,,
706350,鈺太統一63購01,0,,,,
706351,弘塑永豐5C購03,2039950,0.67,0.68,0.61,0.61
706354,雙鴻永豐61購02,454890,2.47,2.61,2.43,2.43
706355,雙鴻永豐64購01,599220,2.5,2.64,2.47,2.54
706371,良維凱基61購01,83780,1.42,1.42,1.42,1.42
706378,正淩永豐5B購01,2100,0.14,0.14,0.14,0.14
706379,東捷永豐5A購01,44100,4.41,4.41,4.41,4.41
706389,美琪瑪群益5A購01,60,0.06,0.06,0.06,0.06
706390,湧德群益5B購01,0,,,,
706392,雙鴻群益5B購04,0,,,,
706393,雙鴻群益5B購05,0,,,,
706394,宏觀國泰5A購02,0,,,,
706399,華義國票5A購02,0,,,,
706401,頎邦國票5A購01,0,,,,
706402,聚和國票5A購02,0,,,,
706411,中美晶凱基5A購01,23400,1.95,1.95,1.95,1.95
706412,弘塑凱基5B購01,16720,0.22,0.22,0.22,0.22
706413,印能凱基5B購02,0,,,,
706414,湧德凱基5A購01,90,0.06,0.06,0.03,0.03
706415,閎康凱基5B購01,0,,,,
706418,精材國泰5A購01,0,,,,
706419,弘塑富邦61購01,3940,0.59,0.59,0.54,0.54
706420,宏捷科富邦5B購01,0,,,,
706421,宏捷科富邦5C購01,0,,,,
706422,家登富邦5B購01,0,,,,
706423,智通*富邦5B購02,0,,,,
706424,環球晶富邦5A購01,0,,,,
706425,雙鴻富邦5C購04,0,,,,
706432,茂迪元大63購05,2800,0.14,0.14,0.14,0.14
706439,穩得元大5A購01,0,,,,
706441,弘塑群益5A購03,0,,,,
706442,印能群益5B購01,0,,,,
706446,湧德群益5C購01,0,,,,
706448,環球晶群益5A購02,0,,,,
706449,穩得群益5A購01,0,,,,
706451,中美晶永豐5A購02,0,,,,
706452,中美晶永豐5C購01,222250,0.84,0.91,0.77,0.77
706453,弘塑永豐63購02,6420,0.66,0.66,0.61,0.61
706455,系微永豐5C購01,0,,,,
706456,博智永豐5C購01,262040,2.21,2.26,2.19,2.26
706457,華宏永豐5A購01,0,,,,
706460,雙鴻永豐5B購02,0,,,,
706461,鑫聯永豐61購01,0,,,,
706464,台燿元富63購01,0,,,,
706468,華宏元富5B購01,0,,,,
706472,中美晶凱基61購01,499000,4.99,4.99,4.99,4.99
706474,沛亨凱基5B購01,58490,1.27,1.28,1.24,1.24
706476,良維凱基5C購01,145140,1.76,1.76,1.65,1.65
706479,博智凱基61購01,414650,1.59,1.65,1.42,1.62
706480,湧德凱基5B購01,0,,,,
706481,閎康凱基5A購01,0,,,,
706484,臺慶科凱基5A購01,0,,,,
706485,雙鴻凱基5C購04,208750,2.4,2.4,2.18,2.33
706488,合晶國票5A購01,0,,,,
706489,均豪國票5A購01,0,,,,
706490,頎邦國票5A購02,0,,,,
706491,鑫聯國票5A購04,0,,,,
706492,廣明兆豐63購01,920,0.23,0.23,0.23,0.23
706496,宜特群益63購01,0,,,,
706497,博智群益69購01,1450,0.72,0.73,0.72,0.73
706498,閎康群益63購02,126000,1.26,1.26,1.26,1.26
706500,中美晶國泰5A購01,0,,,,
706501,合晶國泰5A購01,0,,,,
706502,良維國泰5A購01,0,,,,
706503,世界富邦61購01,117030,1.08,1.12,1.04,1.07
706504,台特化富邦5A購01,0,,,,
706505,台燿富邦63購03,0,,,,
706507,中美晶元大5C購02,280960,2.42,2.42,2.21,2.21
706508,中美晶元大63購01,3900,1.3,1.3,1.3,1.3
706509,台特化元大5A購03,0,,,,
706513,博智元大63購01,486330,1.2,1.25,1.14,1.25
706517,萬泰科元大5C購01,0,,,,
706524,雙鴻中信63購02,34920,0.77,0.78,0.74,0.74
706528,勤凱永豐5C購02,50000,1.0,1.0,1.0,1.0
706532,系微國票5A購01,0,,,,
706534,前鼎國票61購02,0,,,,
706535,閎康國票5A購03,0,,,,
706536,順達國票5A購02,7020,0.39,0.39,0.39,0.39
706538,鈺太國票5A購01,0,,,,
706545,閎康凱基61購01,0,,,,
706548,雙鴻凱基5A購03,0,,,,
706549,穩得凱基63購01,65000,0.65,0.65,0.65,0.65
706550,鑫聯凱基61購01,0,,,,
706553,台燿永豐64購01,0,,,,
706555,系微永豐5A購01,1200,0.01,0.01,0.01,0.01
706557,聖暉*永豐5B購01,34200,0.57,0.57,0.57,0.57
706558,聚和永豐5B購01,0,,,,
706560,台燿國泰5A購03,0,,,,
706561,宜特國泰5A購01,0,,,,
706562,鑫聯國泰5A購02,0,,,,
706563,台燿富邦73購01,0,,,,
706564,良維富邦5C購01,27040,0.54,0.54,0.53,0.53
706565,博智富邦61購01,779540,0.86,0.88,0.8,0.85
706566,順達富邦5C購01,343950,0.87,0.87,0.81,0.81
706567,精測富邦5B購01,691520,0.29,0.29,0.21,0.23
706569,中美晶群益5B購01,0,,,,
706572,良維群益61購01,7600,1.52,1.52,1.52,1.52
706573,博智群益63購01,709420,3.02,3.11,2.83,3.11
706574,閎康群益5B購02,0,,,,
706575,閎康群益5B購03,0,,,,
706576,順達群益5C購01,70190,1.55,1.55,1.43,1.43
706579,精測群益63購01,1974120,0.87,0.87,0.69,0.72
706588,博智元大63購02,122820,0.89,0.91,0.85,0.85
706590,萬泰科元大5C購02,0,,,,
706594,精測元大5C購03,1250,0.25,0.25,0.25,0.25
706595,雙鴻台新59購04,0,,,,
706596,中美晶凱基5B購01,175870,3.06,3.16,2.72,2.72
706597,元太凱基59購02,0,,,,
706599,弘塑凱基59購07,0,,,,
706600,永信建凱基59購01,0,,,,
706601,系微凱基5A購01,0,,,,
706603,宜特凱基59購04,0,,,,
706604,華電網凱基59購01,0,,,,
706605,華電網凱基5B購01,0,,,,
706606,華電網凱基61購01,0,,,,
706607,閎康凱基5A購02,0,,,,
706608,順達凱基5A購01,61700,0.98,0.98,0.91,0.91
706609,鈺太凱基59購03,0,,,,
706610,精材凱基59購02,177000,17.7,17.7,17.7,17.7
706611,元太國票5A購03,3200,0.16,0.16,0.16,0.16
706612,弘塑國票5C購01,920,0.31,0.31,0.3,0.3
706613,弘塑國票63購01,22800,0.76,0.76,0.76,0.76
706615,宏觀國票5A購02,0,,,,
706616,系微國票5A購02,0,,,,
706617,美琪瑪國票5A購01,0,,,,
706618,神盾國票5A購01,350,0.07,0.07,0.07,0.07
706619,常珵國票59購01,0,,,,
706620,創泓國票59購01,0,,,,
706621,華電網國票59購02,0,,,,
706622,鈊象國票5A購02,0,,,,
706623,萬泰科國票5A購03,6300,0.63,0.63,0.63,0.63
706624,穩得國票5A購01,1300,0.13,0.13,0.13,0.13
706625,譜瑞國票5A購01,7910,0.42,0.42,0.31,0.31
706626,元太元大59購02,0,,,,
706627,台特化元大59購07,0,,,,
706630,台燿元大59購11,0,,,,
706631,弘塑元大59購08,0,,,,
706632,弘塑元大59購09,0,,,,
706633,弘塑元大59購10,0,,,,
706634,弘塑元大59購11,0,,,,
706635,弘塑元大59購12,0,,,,
706636,弘塑元大59購13,0,,,,
706638,弘塑元大59購15,0,,,,
706639,系微元大59購03,0,,,,
706640,系微元大59購04,0,,,,
706641,系微元大59購05,0,,,,
706642,系微元大59購06,0,,,,
706643,佶優元大59購01,0,,,,
706645,華電網元大59購01,0,,,,
706646,台特化群益59購03,0,,,,
706647,弘塑群益5B購02,2220,0.22,0.22,0.2,0.2
706648,沛亨群益59購01,0,,,,
706649,華電網群益59購01,0,,,,
706650,雙鴻群益59購12,0,,,,
706652,華電網中信59購01,0,,,,
706653,弘塑國泰5A購03,0,,,,
706654,弘塑國泰5A購04,0,,,,
706655,系微國泰5A購01,0,,,,
706656,佶優國泰5A購01,200,0.02,0.02,0.02,0.02
706657,順達國泰5A購01,0,,,,
706658,中美晶富邦63購01,0,,,,
706659,弘塑富邦61購02,159550,0.4,0.4,0.39,0.39
706660,均豪富邦61購01,49250,0.4,0.4,0.36,0.36
706661,宏觀富邦5B購01,0,,,,
706662,沛亨富邦61購01,704040,0.87,0.88,0.79,0.81
706663,華電網富邦5C購01,0,,,,
706664,系微永豐5C購02,0,,,,
706665,長佳智永豐59購01,0,,,,
706666,華電網永豐5A購01,0,,,,
706667,閎康永豐5B購01,0,,,,
706669,聚和永豐59購01,1600,0.08,0.08,0.08,0.08
706670,友輝元富59購01,0,,,,
706671,友輝元富59購02,0,,,,
706672,友輝元富59購03,0,,,,
706673,弘塑元富5C購02,0,,,,
706674,華義元富5A購01,0,,,,
706675,鑫聯元富59購02,0,,,,
706676,台特化兆豐5B購02,0,,,,
706677,順達兆豐5B購02,29520,0.82,0.82,0.82,0.82
706678,雙鴻兆豐5B購03,11800,2.36,2.36,2.36,2.36
706679,立碁群益59購01,0,,,,
706680,茂迪群益59購03,0,,,,
706681,華電網群益59購02,0,,,,
706683,家登國泰5A購01,0,,,,
706684,閎康國泰5A購01,8100,0.27,0.27,0.27,0.27
706685,元太富邦5B購01,0,,,,
706686,頎邦富邦5B購01,0,,,,
706687,台特化凱基63購01,0,,,,
706689,邑錡凱基59購01,0,,,,
706690,朋億*凱基59購01,0,,,,
706691,美琪瑪凱基5A購01,0,,,,
706692,茂迪凱基59購04,0,,,,
706693,家登凱基5C購02,0,,,,
706694,雙鴻凱基59購17,0,,,,
706695,立碁永豐5A購01,0,,,,
706696,立碁永豐5B購01,2300,1.15,1.15,1.15,1.15
706697,捷創永豐59購01,0,,,,
706698,穩得永豐61購01,20000,0.4,0.4,0.4,0.4
706699,立碁元富59購01,276560,1.6,1.6,1.16,1.16
706700,立碁元富59購02,0,,,,
706701,立碁元富59購03,0,,,,
706702,系統電元富59購03,0,,,,
706703,鈊象中信5C購01,0,,,,
706704,聖暉*中信59購01,0,,,,
706705,立碁國票5A購01,75370,1.21,1.21,0.62,0.7
706707,邑錡國票59購01,0,,,,
706708,閎康國票61購01,12800,0.64,0.64,0.64,0.64
706710,良維統一62購02,320560,0.87,0.9,0.83,0.83
706711,宜特統一62購02,0,,,,
706712,信紘科統一63購02,6550,0.5,0.51,0.5,0.5
706713,前鼎統一63購01,0,,,,
706714,閎康統一63購01,2500,0.25,0.25,0.25,0.25
706715,萬泰科統一62購02,0,,,,
706716,中美晶元大59購02,0,,,,
706717,世紀*元大59購01,76860,4.27,4.27,4.27,4.27
706721,立碁元大59購01,0,,,,
706723,均豪元大59購03,0,,,,
706724,良維元大59購18,0,,,,
706726,宜特元大59購03,0,,,,
706727,宜特元大5C購01,28990,0.82,0.82,0.77,0.77
706729,閎康元大59購05,0,,,,
706730,閎康元大59購07,0,,,,
706731,閎康元大59購08,0,,,,
706732,閎康元大5A購01,0,,,,
706733,閎康元大63購03,0,,,,
706734,雷科元大59購01,0,,,,
706735,雙鴻元大59購26,0,,,,
706736,譜瑞元大59購03,1020,0.51,0.51,0.51,0.51
706737,中美晶凱基59購02,0,,,,
706738,世紀*凱基59購03,0,,,,
706740,立碁凱基59購01,0,,,,
706741,均豪凱基59購03,0,,,,
706742,宜特凱基59購05,0,,,,
706743,前鼎凱基61購01,0,,,,
706744,順達凱基59購03,0,,,,
706745,聖暉*凱基5A購01,0,,,,
706746,頎邦凱基59購03,0,,,,
706747,精材凱基59購03,0,,,,
706748,聚和凱基5A購02,0,,,,
706749,雙鴻凱基61購01,0,,,,
706750,鑫聯凱基59購03,0,,,,
706751,聖暉*兆豐5B購02,40300,0.65,0.65,0.65,0.65
706752,久元國票5A購01,0,,,,
706753,元債20國票59購01,0,,,,
706754,世紀*國票5A購02,65850,1.72,2.41,1.72,1.89
706755,矽科國票5A購01,0,,,,
706756,矽科國票5A購02,0,,,,
706757,常珵國票59購02,0,,,,
706758,捷創國票59購01,0,,,,
706759,捷創國票5A購01,2100,0.1,0.11,0.1,0.11
706760,順達國票5B購01,0,,,,
706761,聖暉*國票5A購04,0,,,,
706762,久元元大59購01,0,,,,
706765,巨漢元大59購04,0,,,,
706766,立碁元大59購02,0,,,,
706767,宏捷科元大59購03,0,,,,
706768,良維元大59購20,0,,,,
706769,協易機元大59購02,0,,,,
706770,矽科元大59購01,0,,,,
706771,矽科元大59購02,0,,,,
706772,捷創元大59購01,0,,,,
706773,捷創元大59購02,0,,,,
706774,順達元大59購03,0,,,,
706775,順達元大59購04,0,,,,
706776,順達元大59購05,0,,,,
706779,精材元大59購02,110000,11.0,11.0,11.0,11.0
706780,臺慶科元大59購04,5020,0.13,0.13,0.11,0.11
706781,雙鴻元大59購27,0,,,,
706782,印能國泰5A購02,0,,,,
706783,前鼎國泰5A購02,0,,,,
706784,聖暉*國泰5A購01,19190,0.79,0.83,0.79,0.83
706785,聖暉*國泰5A購02,0,,,,
706786,世界群益59購03,80930,2.93,2.93,2.6,2.6
706787,台特化群益5A購02,0,,,,
706788,宜特群益59購02,0,,,,
706789,前鼎群益5B購01,0,,,,
706790,順達群益5B購02,13170,0.93,0.96,0.93,0.96
706791,萬泰科群益5A購01,0,,,,
706792,雙鴻群益59購13,0,,,,
706793,元太富邦5B購02,0,,,,
706794,宜特富邦5B購01,0,,,,
706795,前鼎富邦5B購01,0,,,,
706796,鈊象富邦5B購02,78440,0.75,0.76,0.74,0.76
706797,頎邦富邦5C購01,0,,,,
706798,雙鴻富邦5B購01,0,,,,
706799,立碁統一63購01,237390,0.79,0.79,0.69,0.69
706800,立碁統一66購01,640,0.64,0.64,0.64,0.64
706801,順達統一63購02,99520,0.68,0.68,0.64,0.64
706802,順達統一66購01,13520,0.52,0.52,0.52,0.52
706803,聖暉*統一65購01,337400,0.68,0.69,0.67,0.69
706804,雙鴻統一66購01,0,,,,
706805,順達中信59購01,0,,,,
706806,世界永豐59購04,0,,,,
706807,矽科永豐5B購01,0,,,,
706808,聖暉*永豐5B購02,0,,,,
706809,頎邦永豐5A購01,0,,,,
706810,久元元富59購01,0,,,,
706812,前鼎元富59購02,0,,,,
706813,勤凱元富59購02,0,,,,
706814,聖暉*元富59購03,0,,,,
706815,鑫聯元富59購03,0,,,,
706816,聖暉*台新59購01,0,,,,
706819,台特化凱基59購06,0,,,,
706820,台燿凱基59購07,0,,,,
706821,巨漢凱基59購03,0,,,,
706823,東捷凱基59購02,4720,4.72,4.72,4.72,4.72
706825,前鼎凱基5B購01,0,,,,
706826,順達凱基5B購02,11780,0.38,0.38,0.38,0.38
706827,聚和康和59購01,0,,,,
706828,凡甲元大59購02,0,,,,
706829,元債20元大5B購02,0,,,,
706830,元債20元大62購01,0,,,,
706831,元債20元大65購01,0,,,,
706833,台燿元大59購18,0,,,,
706835,台燿元大59購20,0,,,,
706836,宏捷科元大59購04,0,,,,
706838,良維元大59購22,0,,,,
706839,宜特元大59購04,0,,,,
706840,東捷元大59購02,215890,3.22,3.22,3.05,3.05
706841,華電網元大5C購01,1350,0.09,0.09,0.09,0.09
706842,鈊象元大59購02,0,,,,
706843,鈊象元大5C購04,4400,0.4,0.4,0.4,0.4
706844,鈊象元大63購04,68000,0.27,0.28,0.27,0.27
706845,萬泰科元大63購01,13210,0.91,0.91,0.87,0.87
706846,雙鴻元大59購28,0,,,,
706847,雙鴻元大59購29,0,,,,
706848,台燿中信59購07,0,,,,
706849,台燿永豐5B購02,0,,,,
706850,東捷永豐5C購01,0,,,,
706851,前鼎永豐5B購02,0,,,,
706852,鈊象永豐5B購01,1250,0.25,0.25,0.25,0.25
706853,東捷國泰5A購02,0,,,,
706855,宜特元富59購01,2000,0.1,0.1,0.1,0.1
706856,宜特元富5C購01,14490,0.63,0.63,0.63,0.63
706857,匯鑽科元富5A購01,13830,0.17,0.17,0.15,0.17
706858,聖暉*元富59購04,200,0.02,0.02,0.02,0.02
706859,漢科元富5A購01,0,,,,
706860,廣運元富5C購01,3600,0.36,0.36,0.36,0.36
706861,德微元富59購04,0,,,,
706862,穩得元富59購02,0,,,,
706863,中美晶群益62購01,205750,2.62,2.81,2.5,2.5
706865,東捷群益62購01,0,,,,
706866,東捷群益63購02,0,,,,
706868,順達群益5A購02,0,,,,
706869,鈊象群益59購02,0,,,,
706870,鈊象群益59購03,0,,,,
706871,鈊象群益5B購01,0,,,,
706872,聖暉*群益5C購01,10600,1.06,1.06,1.06,1.06
706873,精材群益59購05,0,,,,
706874,雙鴻群益59購14,0,,,,
706875,鑫科群益5B購01,0,,,,
706876,久元國票5A購02,0,,,,
706877,美琪瑪國票5A購02,0,,,,
706878,神盾國票62購01,270,0.27,0.27,0.27,0.27
706879,鈊象國票5A購03,0,,,,
706880,頎邦國票5A購03,0,,,,
706881,世紀*元大59購02,0,,,,
706886,良維元大59購23,0,,,,
706887,東捷元大5C購01,0,,,,
706889,順達元大59購07,0,,,,
706890,順達元大59購08,0,,,,
706891,順達元大59購09,0,,,,
706892,鈊象元大63購05,98590,1.11,1.13,1.11,1.12
706893,頎邦元大59購03,0,,,,
706894,頎邦元大63購05,0,,,,
706895,均豪國泰5B購01,0,,,,
706896,宏觀富邦5B購02,0,,,,
706897,凡甲凱基59購02,0,,,,
706898,元債20凱基5B購01,0,,,,
706899,宜特凱基59購06,0,,,,
706900,鈊象凱基5B購01,0,,,,
706901,聖暉*凱基5B購03,12780,0.6,0.62,0.6,0.62
706902,雙鴻凱基59購18,0,,,,
706903,台燿國票5B購02,0,,,,
706904,信音國票59購01,0,,,,
706905,宣德國票5B購01,0,,,,
706906,蜜望實國票59購01,0,,,,
706907,雙鴻國票5B購02,0,,,,
706908,台燿群益59購07,0,,,,
706909,順達群益59購01,0,,,,
706910,元太元富63購01,40200,1.67,1.71,1.67,1.67
706911,台燿元富59購07,0,,,,
706912,神盾元富59購01,0,,,,
706913,神盾元富59購02,0,,,,
706914,鈊象中信63購01,0,,,,
706915,中光電永豐5B購01,0,,,,
706916,元太永豐5B購01,92760,0.5,0.51,0.49,0.49
706917,宜特永豐59購03,0,,,,
706918,環球晶永豐5B購02,0,,,,
706919,雙鴻永豐5C購02,6660,2.22,2.22,2.22,2.22
706920,久元永豐5A購01,0,,,,
706921,協易機永豐5C購01,0,,,,
706922,宜特永豐5C購02,0,,,,
706923,信音永豐5C購01,0,,,,
706924,勤凱永豐61購01,0,,,,
706925,匯鑽科永豐61購01,70220,0.56,0.56,0.51,0.52
706927,廣閎科永豐5C購01,0,,,,
706928,台燿凱基5B購03,0,,,,
706929,宏觀凱基5A購01,0,,,,
706930,良維凱基5A購03,0,,,,
706932,順達凱基5A購02,0,,,,
706934,千附國票5B購01,0,,,,
706935,千附精國票5B購01,0,,,,
706936,盈正國票5B購01,0,,,,
706937,寬宏國票5A購01,0,,,,
706938,廣閎科國票5B購01,0,,,,
706939,久元國泰5B購01,0,,,,
706940,華電網國泰5B購01,0,,,,
706941,精材國泰5B購01,0,,,,
706942,久元富邦5C購01,4000,0.4,0.4,0.4,0.4
706946,台燿元大64購01,0,,,,
706947,印能元大5A購01,0,,,,
706948,印能元大64購01,129150,1.73,1.75,1.7,1.75
706949,良維元大61購01,88480,3.16,3.16,3.16,3.16
706951,順達元大5A購06,0,,,,
706952,順達元大64購01,0,,,,
706953,鈊象元大64購02,0,,,,
706954,匯鑽科元大5A購01,0,,,,
706955,匯鑽科元大5A購02,0,,,,
706956,點序元大5A購01,0,,,,
706957,雙鴻元大5A購05,46850,4.79,4.79,4.58,4.58
706958,世紀*群益5A購01,0,,,,
706959,台燿群益5A購01,0,,,,
706960,印能群益5A購01,0,,,,
706962,亞電群益5C購01,0,,,,
706963,匯鑽科群益5C購01,0,,,,
706964,鈺太群益5A購02,0,,,,
706965,千附凱基5B購01,6520,1.63,1.63,1.63,1.63
706966,千附精凱基5B購01,0,,,,
706967,世紀*凱基5A購01,31360,1.3,1.34,1.3,1.34
706968,印能凱基64購01,540360,1.22,1.23,1.16,1.21
706969,神盾凱基63購01,0,,,,
706970,鈊象凱基64購01,37800,0.9,0.9,0.9,0.9
706971,雙鴻凱基5A購05,0,,,,
706972,印能國票5A購03,0,,,,
706973,宏碩國票5C購01,0,,,,
706975,高僑國票61購01,14620,1.14,1.14,1.12,1.12
706976,新門國票61購01,12130,0.52,0.55,0.5,0.55
706977,耀勝國票61購01,600,0.02,0.02,0.02,0.02
706978,印能國泰5B購01,0,,,,
706979,穩得國泰5B購01,0,,,,
706980,神盾統一64購01,0,,,,
706981,神盾統一64購02,54330,0.37,0.37,0.36,0.36
706982,印能永豐64購01,68640,1.76,1.76,1.76,1.76
706983,宏觀永豐5C購01,0,,,,
706984,亞電永豐61購01,318200,9.65,9.65,9.6,9.6
706985,原相永豐5B購02,0,,,,
706986,神盾永豐5C購02,0,,,,
706987,創泓永豐5C購01,0,,,,
706988,撼訊永豐5C購01,1540,1.54,1.54,1.54,1.54
706989,元太元大5A購01,0,,,,
706990,天品元大5A購01,0,,,,
706991,世紀*元大5A購01,2880,0.32,0.32,0.32,0.32
706994,宏捷科元大5A購01,0,,,,
706995,匯鑽科元大5A購03,0,,,,
706996,精材元大5A購03,0,,,,
706997,加百裕群益5A購01,0,,,,
706998,印能群益5A購02,0,,,,
706999,均豪群益62購01,0,,,,
707000,高僑群益5B購01,3080,1.56,1.56,0.76,0.76
707001,常珵群益5A購01,0,,,,
707002,鈊象群益5A購01,0,,,,
707003,群翊群益5B購01,0,,,,
707004,雙鴻群益5A購05,0,,,,
707006,台嘉碩元大5A購01,480,0.48,0.48,0.48,0.48
707007,印能元大5A購02,0,,,,
707008,印能元大5A購03,0,,,,
707009,印能元大5A購05,0,,,,
707010,印能元大5A購06,0,,,,
707011,印能元大5B購01,268200,0.79,0.8,0.79,0.8
707012,印能元大5C購02,12810,0.61,0.61,0.61,0.61
707013,印能元大61購01,0,,,,
707014,印能元大64購02,2130,0.7,0.73,0.7,0.73
707015,均豪元大5A購01,0,,,,
707016,宏捷科元大5A購02,0,,,,
707017,宏捷科元大5C購03,0,,,,
707018,系微元大5A購01,0,,,,
707019,宜特元大5A購01,0,,,,
707020,信立元大5A購01,0,,,,
707022,美琪瑪元大5A購01,0,,,,
707024,廣閎科元大5A購01,38200,3.82,3.82,3.82,3.82
707025,雙鴻元大61購11,102050,4.37,4.37,4.07,4.07
707026,久昌凱基5A購01,0,,,,
707027,台燿凱基5B購04,0,,,,
707028,印能凱基5A購03,280,0.02,0.02,0.02,0.02
707029,宏觀凱基5B購02,0,,,,
707030,系微凱基5A購02,0,,,,
707031,協易機凱基5A購01,0,,,,
707033,前鼎凱基5A購03,0,,,,
707035,陽程凱基5A購01,0,,,,
707036,陽程凱基5A購02,0,,,,
707037,廣閎科凱基5B購01,26200,2.62,2.62,2.62,2.62
707038,衛司特凱基5A購01,0,,,,
707039,久昌國票5B購01,0,,,,
707040,千如國票5B購01,2560,0.86,0.86,0.85,0.85
707041,台嘉碩國票5A購01,24960,0.23,0.33,0.23,0.31
707042,印能國票5B購01,15100,0.27,0.28,0.27,0.28
707043,沛亨國票5B購01,39000,0.78,0.78,0.78,0.78
707044,威聯通國票5B購01,0,,,,
707045,茂綸國票5B購01,29150,0.96,1.03,0.96,1.03
707046,博盛國票5B購01,111170,1.1,1.17,1.1,1.17
707047,衛司特國票5B購01,0,,,,
707048,雙鴻中信64購01,4410,1.47,1.47,1.47,1.47
707049,久昌永豐5A購01,0,,,,
707050,印能永豐5A購02,270,0.03,0.03,0.03,0.03
707051,印能永豐61購01,40470,0.83,0.83,0.79,0.79
707052,同致永豐5C購01,15980,0.08,0.11,0.08,0.11
707053,同致永豐61購01,780,0.78,0.78,0.78,0.78
707054,安葆永豐5B購01,34550,1.44,1.8,1.44,1.59
707055,宏碩永豐61購01,0,,,,
707056,宜特永豐5B購01,25000,0.5,0.5,0.5,0.5
707057,威聯通永豐5A購01,0,,,,
707058,晟德永豐5B購01,8400,0.12,0.12,0.12,0.12
707060,智通*永豐5C購01,0,,,,
707061,鈺太永豐5C購01,0,,,,
707062,磐亞永豐5B購01,0,,,,
707063,台嘉碩國泰5B購01,415290,2.14,2.45,2.05,2.45
707064,金山電國泰5B購01,0,,,,
707065,群翊國泰5B購01,0,,,,
707066,元太富邦5C購01,64480,0.62,0.62,0.62,0.62
707067,雙鴻富邦5C購05,19170,3.16,3.23,3.16,3.23
707068,雙鴻富邦5C購06,0,,,,
707069,台燿統一67購01,0,,,,
707070,台燿統一74購01,75600,2.71,2.71,2.67,2.7
707071,立碁統一67購01,0,,,,
707072,立碁統一74購01,139940,0.86,0.86,0.83,0.85
707073,印能統一63購02,2350,0.47,0.47,0.47,0.47
707074,印能統一74購01,0,,,,
707075,沛亨統一74購01,24600,0.82,0.82,0.82,0.82
707076,系統電統一67購01,0,,,,
707077,東捷統一63購01,0,,,,
707078,能率統一67購01,34900,0.58,0.59,0.58,0.59
707079,華電網統一64購01,1020,0.12,0.13,0.12,0.13
707080,華電網統一74購01,0,,,,
707082,順達統一63購03,0,,,,
707083,頎邦統一63購01,0,,,,
707084,頎邦統一64購01,0,,,,
707085,頎邦統一66購01,0,,,,
707086,廣閎科統一64購01,0,,,,
707087,廣閎科統一74購01,220000,1.1,1.1,1.1,1.1
707088,德微統一67購01,0,,,,
707089,雙鴻統一62購05,0,,,,
707090,雙鴻統一66購02,4110,1.37,1.37,1.37,1.37
707091,久元群益5A購01,0,,,,
707092,千附群益5A購01,0,,,,
707093,友輝群益5A購01,0,,,,
707094,正淩群益5A購01,0,,,,
707095,同致群益5A購01,0,,,,
707096,岳豐群益5A購01,0,,,,
707097,茂綸群益5A購01,0,,,,
707098,倚強群益5A購01,583000,2.68,2.68,2.33,2.63
707100,聚和群益5A購01,0,,,,
707102,寶雅群益5A購01,0,,,,
707103,中光電兆豐64購01,0,,,,
707106,矽科群益5A購01,0,,,,
707107,矽科群益5A購02,0,,,,
707108,群翊群益5C購01,0,,,,
707110,頎邦群益5B購01,0,,,,
707112,九豪凱基5A購02,0,,,,
707113,元太凱基5A購01,0,,,,
707115,矽科凱基5A購01,0,,,,
707116,茂綸凱基5A購01,0,,,,
707117,頎邦凱基64購01,0,,,,
707118,廣閎科凱基5A購01,0,,,,
707119,雙鴻凱基5C購05,467000,4.53,4.81,4.53,4.81
707120,友輝國票5A購01,0,,,,
707121,正淩國票5B購02,0,,,,
707122,矽科國票5B購01,0,,,,
707123,耕興國票5B購01,0,,,,
707124,翔名國票5B購01,0,,,,
707125,群翊國票5B購01,0,,,,
707126,頎邦國票5B購01,0,,,,
707127,磐亞國票5B購01,56800,7.1,7.1,7.1,7.1
707128,元太國泰5B購01,60400,0.66,0.68,0.66,0.68
707129,宜特富邦5C購01,36380,0.47,0.47,0.46,0.46
707130,頎邦富邦61購01,0,,,,
707131,精材富邦5A購01,0,,,,
707132,聚和富邦5A購01,0,,,,
707133,正淩統一63購01,85680,0.45,0.47,0.45,0.47
707134,同致統一64購01,23250,0.22,0.25,0.22,0.25
707135,同致統一74購01,0,,,,
707136,協易機統一66購01,0,,,,
707137,翔名統一74購01,0,,,,
707138,陽程統一64購02,0,,,,
707139,陽程統一74購01,0,,,,
707140,萬泰科統一74購01,2280,0.76,0.76,0.76,0.76
707141,群翊統一63購01,0,,,,
707142,群翊統一74購01,0,,,,
707143,頎邦統一64購02,0,,,,
707144,頎邦統一67購01,0,,,,
707146,均豪永豐5A購01,0,,,,
707147,宏捷科永豐5C購01,29680,0.32,0.32,0.3,0.3
707149,美琪瑪永豐5B購01,0,,,,
707150,茂訊永豐5B購01,9800,1.96,1.96,1.96,1.96
707151,茂綸永豐5A購01,131000,1.31,1.31,1.31,1.31
707152,湧德永豐5B購01,0,,,,
707153,陽程永豐5C購01,0,,,,
707154,群翊永豐5A購01,0,,,,
707155,衛司特永豐5A購01,0,,,,
707156,璟德永豐5A購01,0,,,,
707157,環球晶永豐5A購01,0,,,,
707158,雙鴻永豐5C購03,0,,,,
707159,九豪元大5A購01,0,,,,
707161,台燿元大61購04,94200,4.71,4.71,4.71,4.71
707163,前鼎元大5A購02,0,,,,
707164,翔名元大5A購01,0,,,,
707166,頎邦元大5A購02,0,,,,
707167,雙鴻元大61購12,0,,,,
707168,鑫聯元大5A購01,0,,,,
707169,台燿凱基61購02,200090,4.96,5.15,4.96,5.15
707170,同致凱基5A購01,0,,,,
707171,捷創凱基5A購01,0,,,,
707172,翔名凱基5A購01,0,,,,
707173,華景電凱基5A購01,0,,,,
707174,華景電凱基5A購02,0,,,,
707175,鈊象凱基64購02,111500,1.01,1.04,1.01,1.03
707176,群翊凱基5C購01,72400,0.31,0.31,0.3,0.3
707177,頎邦凱基5A購02,0,,,,
707178,世界群益5C購01,0,,,,
707179,台半群益5A購01,0,,,,
707180,台燿群益5A購03,0,,,,
707181,台燿群益5B購02,0,,,,
707182,捷創群益5B購01,0,,,,
707183,華景電群益5A購01,0,,,,
707184,陽程群益5A購01,0,,,,
707185,勤凱群益5B購01,468900,1.2,1.2,1.17,1.17
707186,元債20國票5B購01,0,,,,
707187,台燿國票5B購03,0,,,,
707188,安葆國票5B購01,55460,0.75,0.8,0.73,0.8
707189,華景電國票5B購01,0,,,,
707191,廣閎科國票5B購02,0,,,,
707192,鈺太國泰5B購01,0,,,,
707193,雙鴻國泰67購01,0,,,,
707194,久元統一64購01,0,,,,
707195,湧德統一74購01,0,,,,
707196,華景電統一64購01,0,,,,
707197,華景電統一64購02,0,,,,
707198,華景電統一65購01,0,,,,
707199,華景電統一68購01,0,,,,
707200,華景電統一74購01,0,,,,
707201,陽程統一65購01,0,,,,
707202,陽程統一68購01,0,,,,
707203,群翊統一64購01,0,,,,
707204,群翊統一74購02,580,0.58,0.58,0.58,0.58
707205,頎邦統一64購03,36720,3.06,3.06,3.06,3.06
707206,大中元大5A購01,0,,,,
707208,台燿元大61購05,0,,,,
707209,台燿元大64購04,9280,3.11,3.11,3.06,3.11
707210,宏觀元大64購01,0,,,,
707211,系微元大5A購02,0,,,,
707213,良維元大5B購01,60450,1.95,1.95,1.95,1.95
707214,東捷元大5A購01,0,,,,
707215,信紘科元大5A購01,3900,0.39,0.39,0.39,0.39
707216,華景電元大5A購01,0,,,,
707217,華景電元大5A購02,0,,,,
707218,順達元大5A購07,0,,,,
707219,順達元大5A購08,0,,,,
707220,群翊元大5A購01,0,,,,
707221,雙鴻元大64購02,3980,3.98,3.98,3.98,3.98
707222,世界永豐61購01,129300,2.01,2.08,2.01,2.03
707223,台半永豐5B購01,0,,,,
707224,台燿永豐5A購03,0,,,,
707225,台燿永豐61購02,0,,,,
707226,矽科永豐5B購02,0,,,,
707227,華景電永豐5C購01,0,,,,
707228,華景電永豐61購01,0,,,,
707229,順達永豐5B購02,3500,0.35,0.35,0.35,0.35
707230,頎邦永豐5C購01,0,,,,
707231,順達兆豐5C購01,0,,,,
707232,安葆凱基5A購01,1220,1.22,1.22,1.22,1.22
707233,陽程凱基5A購03,0,,,,
707234,順達凱基5A購03,0,,,,
707235,新盛力凱基5A購01,0,,,,
707236,新盛力凱基5A購02,0,,,,
707237,頎邦凱基5B購01,0,,,,
707238,廣閎科凱基5A購02,13880,1.09,1.25,1.09,1.25
707239,雙鴻凱基5A購06,0,,,,
707240,久元元大61購01,0,,,,
707242,家登元大5A購02,0,,,,
707243,湧德元大5A購02,0,,,,
707244,湧德元大5A購03,0,,,,
707245,順達元大64購02,0,,,,
707246,鈊象元大61購01,350000,1.0,1.0,1.0,1.0
707247,新盛力元大5A購01,0,,,,
707248,萬泰科元大5A購01,0,,,,
707249,台星科國票5B購01,0,,,,
707250,台燿國票5B購04,0,,,,
707251,順達國票5B購02,77500,0.25,0.25,0.25,0.25
707252,新盛力國票5A購01,0,,,,
707253,新盛力國票5B購01,0,,,,
707255,宏捷科國泰5B購01,0,,,,
707256,宏捷科國泰5B購02,0,,,,
707257,台特化永豐5C購01,0,,,,
707258,東捷永豐64購01,0,,,,
707259,凌陽創永豐5A購01,0,,,,
707260,勤凱永豐5C購03,30740,0.53,0.53,0.53,0.53
707261,新盛力永豐5B購01,0,,,,
707262,新盛力永豐5C購01,0,,,,
707263,萬泰科永豐64購01,1400,0.71,0.71,0.69,0.69
707264,台燿統一64購02,0,,,,
707265,宏捷科統一74購01,0,,,,
707266,東捷統一64購02,165210,2.0,2.0,1.95,1.99
707267,東捷統一66購01,199000,1.99,1.99,1.99,1.99
707268,華景電統一63購01,2400,0.24,0.24,0.24,0.24
707269,勤凱統一74購01,0,,,,
707270,新盛力統一64購01,0,,,,
707271,新盛力統一68購01,0,,,,
707272,新盛力統一74購01,0,,,,
707273,新盛力統一74購02,180150,1.08,1.08,1.07,1.07
707274,群翊統一64購02,0,,,,
707275,鉅橡統一66購01,0,,,,
707276,頎邦統一74購01,67940,1.56,1.56,1.52,1.54
707277,廣閎科統一74購02,171800,0.81,0.89,0.81,0.89
707278,德微統一64購01,769430,1.08,1.3,1.08,1.3
707279,久元凱基61購01,0,,,,
707280,中美晶凱基5A購02,0,,,,
707281,台星科凱基5A購01,0,,,,
707282,台燿凱基5A購02,52750,5.3,5.3,5.05,5.05
707283,均豪凱基5B購01,0,,,,
707284,宏觀凱基64購01,0,,,,
707285,旺矽凱基5A購04,180,0.18,0.18,0.18,0.18
707286,順達凱基64購01,0,,,,
707287,廣閎科凱基5A購03,42200,0.92,0.92,0.89,0.89
707288,鑫聯凱基5B購01,0,,,,
707289,台燿兆豐5C購01,0,,,,
707290,均豪兆豐5C購01,0,,,,
707291,雙鴻兆豐5C購01,0,,,,
707292,台星科元大5A購01,0,,,,
707293,台星科元大5A購02,0,,,,
707294,台燿元大5A購05,0,,,,
707295,台燿元大5A購06,0,,,,
707296,台燿元大5A購07,0,,,,
707297,台燿元大5A購08,0,,,,
707298,台燿元大5A購09,14300,2.0,2.3,2.0,2.3
707299,台燿元大61購06,147880,1.98,1.99,1.8,1.86
707300,旺矽元大5A購02,3860,0.76,0.84,0.74,0.84
707301,旺矽元大61購01,2890,1.44,1.45,1.44,1.45
707302,信驊元大5B購01,138160,4.96,4.96,4.92,4.92
707303,華景電元大5A購03,0,,,,
707304,陽程元大63購01,0,,,,
707305,頎邦元大63購06,0,,,,
707306,台燿永豐5C購03,469530,3.86,4.09,3.76,4.0
707307,台燿永豐64購02,46260,3.47,3.6,3.47,3.6
707308,台燿永豐67購01,1012910,3.94,4.1,3.94,4.1
707309,巨漢永豐5C購01,27540,0.18,0.18,0.18,0.18
707310,安葆永豐5C購01,63100,0.53,0.72,0.53,0.72
707311,均豪永豐5C購01,0,,,,
707312,良維永豐5C購01,0,,,,
707313,旺矽永豐5A購03,0,,,,
707314,旺矽永豐61購03,1254530,1.27,1.48,1.27,1.47
707315,旺矽永豐64購02,1035470,2.2,2.47,2.2,2.44
707316,長科*永豐5A購01,0,,,,
707317,信驊永豐5A購03,13980,3.56,3.56,3.3,3.3
707318,前鼎永豐61購01,0,,,,
707319,翔名永豐5B購01,0,,,,
707320,翔名永豐5B購02,0,,,,
707321,鉅橡永豐5B購01,0,,,,
707322,廣閎科永豐5A購01,0,,,,
707323,均豪國泰61購01,106100,0.82,0.82,0.72,0.72
707324,精材國泰5B購02,0,,,,
707325,台燿富邦5A購02,6960,2.32,2.32,2.32,2.32
707326,台燿富邦64購01,95440,1.71,1.71,1.64,1.69
707327,旺矽富邦5C購01,240170,0.77,0.87,0.77,0.87
707328,旺矽富邦64購01,2908550,1.0,1.15,1.0,1.14
707329,群翊富邦62購01,78000,0.39,0.39,0.39,0.39
707330,台燿國票5B購05,4230,4.23,4.23,4.23,4.23
707331,台燿統一63購01,4540,2.27,2.27,2.27,2.27
707332,台燿統一64購03,0,,,,
707333,台燿統一64購04,68350,2.08,2.12,2.05,2.05
707334,台燿統一66購02,32240,1.68,1.69,1.56,1.6
707335,台燿統一74購02,556360,1.41,1.49,1.41,1.46
707336,台燿統一74購03,1446010,0.97,1.0,0.96,0.99
707337,巨漢統一63購02,0,,,,
707338,巨漢統一74購01,0,,,,
707339,均豪統一64購01,40800,0.36,0.36,0.33,0.33
707340,旺矽統一63購06,43360,1.01,1.16,1.01,1.16
707341,旺矽統一64購01,3360,1.12,1.12,1.12,1.12
707342,東捷統一74購01,6340,0.91,0.91,0.88,0.88
707343,前鼎統一64購01,510050,1.9,1.9,1.64,1.67
707344,翔名統一74購02,0,,,,
707345,華景電統一74購02,0,,,,
707346,順達統一64購01,85330,0.53,0.53,0.53,0.53
707347,勤凱統一74購02,0,,,,
707348,新盛力統一63購01,0,,,,
707349,新盛力統一64購02,0,,,,
707350,新盛力統一74購03,15120,1.68,1.68,1.68,1.68
707351,鉅橡統一64購02,0,,,,
707352,頎邦統一74購02,98520,1.57,1.58,1.56,1.56
707353,頎邦統一74購03,8100,1.62,1.62,1.62,1.62
707354,廣閎科統一64購02,1350250,0.94,1.14,0.93,1.14
707355,廣閎科統一67購01,18250,0.73,0.73,0.73,0.73
707356,廣閎科統一74購03,224100,1.16,1.24,1.15,1.24
707357,勤凱台新5A購01,0,,,,
707358,頎邦台新5A購01,0,,,,
707359,元太凱基5A購02,0,,,,
707360,宏捷科凱基5A購01,0,,,,
707361,宜特凱基61購01,65660,0.49,0.49,0.49,0.49
707362,信紘科凱基5A購01,0,,,,
707363,威聯通凱基5A購01,0,,,,
707364,頎邦凱基63購01,0,,,,
707365,精材凱基5A購02,0,,,,
707366,衛司特凱基5B購01,0,,,,
707367,璟德凱基5A購01,0,,,,
707368,鴻呈凱基5A購01,0,,,,
707369,鈊象中信5C購02,0,,,,
707370,立碁永豐5C購01,804280,0.95,0.95,0.83,0.83
707371,前鼎永豐61購02,24600,1.23,1.23,1.23,1.23
707372,群翊永豐5B購01,0,,,,
707373,聖暉*永豐5C購01,60000,1.2,1.2,1.2,1.2
707374,頎邦永豐61購01,620930,2.65,2.87,2.48,2.48
707375,環球晶永豐5C購01,0,,,,
707376,譜瑞永豐5C購01,212200,0.67,0.67,0.65,0.65
707377,天品國票5A購01,490,0.03,0.04,0.03,0.04
707378,泓格國票5A購01,0,,,,
707379,前鼎國票5B購02,2240,2.24,2.24,2.24,2.24
707380,群翊國票5B購02,0,,,,
707381,頎邦國票5B購04,0,,,,
707382,廣閎科國票5B購03,1347440,0.88,1.25,0.82,1.25
707383,衛司特國票5B購02,0,,,,
707384,中美晶群益5A購01,0,,,,
707385,立敦群益5A購01,0,,,,
707387,前鼎群益5A購01,0,,,,
707388,湧德群益5B購02,0,,,,
707389,順達群益5A購03,0,,,,
707390,群翊群益61購01,0,,,,
707392,頎邦群益5A購02,0,,,,
707393,頎邦群益5B購02,0,,,,
707394,廣閎科群益5B購01,978370,1.6,2.15,1.54,2.15
707395,譜瑞群益5B購01,0,,,,
707396,千附精元大5A購01,0,,,,
707397,天品元大61購01,824210,0.37,0.45,0.37,0.45
707398,東捷元大5A購02,0,,,,
707399,勤凱元大5A購03,0,,,,
707400,群翊元大5A購02,0,,,,
707401,頎邦元大5B購01,0,,,,
707402,頎邦元大5C購02,0,,,,
707403,廣閎科元大5A購02,0,,,,
707404,衛司特元大5A購01,0,,,,
707405,群翊國泰5B購02,9900,0.66,0.66,0.66,0.66
707406,久元統一64購02,0,,,,
707407,巨漢統一74購02,0,,,,
707408,安葆統一74購01,185850,0.86,0.89,0.86,0.87
707409,均豪統一63購02,800,0.4,0.4,0.4,0.4
707410,均豪統一74購01,13800,0.46,0.46,0.46,0.46
707411,宜特統一74購01,0,,,,
707412,東捷統一63購02,0,,,,
707413,東捷統一74購02,38040,1.19,1.19,1.18,1.19
707414,前鼎統一74購01,0,,,,
707415,宣德統一74購01,0,,,,
707416,順達統一64購02,43500,0.5,0.5,0.5,0.5
707417,萬泰科統一74購02,0,,,,
707418,群翊統一74購03,0,,,,
707419,鈺太統一74購01,0,,,,
707420,宏觀富邦5C購01,0,,,,
707421,頎邦富邦5C購02,0,,,,
707422,頎邦富邦61購02,23730,2.36,2.49,2.36,2.49
707423,廣閎科富邦5B購01,680620,0.74,1.0,0.72,1.0
707424,環球晶兆豐5C購01,0,,,,
707425,譜瑞兆豐64購01,8600,0.86,0.86,0.86,0.86
707426,千附精永豐5B購01,48620,1.43,1.43,1.43,1.43
707427,大車隊永豐5B購01,0,,,,
707428,兆利永豐5A購01,0,,,,
707429,沛亨永豐61購01,0,,,,
707430,宜特永豐61購01,0,,,,
707431,朋億*永豐5B購01,0,,,,
707433,華景電永豐5B購01,0,,,,
707434,陽程永豐5B購01,0,,,,
707435,萬泰科永豐5C購02,0,,,,
707436,群翊永豐5C購01,0,,,,
707437,穩得永豐5C購01,0,,,,
707438,元太群益5A購01,0,,,,
707439,台星科群益61購01,1442410,0.87,0.92,0.81,0.81
707440,立碁群益5A購01,600,0.12,0.12,0.12,0.12
707441,宜特群益5C購01,0,,,,
707442,湧德群益61購02,0,,,,
707443,勤凱群益5B購02,0,,,,
707444,新應材群益5A購02,0,,,,
707445,群翊群益64購01,0,,,,
707447,巨漢國泰5B購01,0,,,,
707448,正淩國泰5B購01,0,,,,
707449,立碁國泰5B購01,3420,1.71,1.71,1.71,1.71
707450,陽程國泰5B購01,0,,,,
707451,順達國泰5B購01,0,,,,
707452,穩得國泰5B購02,0,,,,
707453,千附統一64購01,68880,0.69,0.69,0.66,0.66
707454,千附精統一74購01,825220,0.85,0.86,0.84,0.84
707455,台星科統一74購01,326440,0.86,0.86,0.84,0.84
707456,巨漢統一64購01,2330,0.17,0.18,0.17,0.18
707457,巨漢統一67購01,0,,,,
707458,正淩統一74購01,0,,,,
707459,立敦統一74購01,11550,0.77,0.77,0.77,0.77
707460,兆利統一64購02,0,,,,
707461,金山電統一74購01,0,,,,
707462,信昌電統一64購02,0,,,,
707463,美琪瑪統一63購01,5190,0.47,0.49,0.47,0.49
707464,美琪瑪統一64購02,0,,,,
707465,湧德統一64購01,0,,,,
707466,湧德統一64購02,0,,,,
707467,陽程統一66購01,0,,,,
707468,陽程統一74購02,0,,,,
707469,陽程統一74購03,0,,,,
707470,順達統一74購01,185550,0.56,0.56,0.55,0.56
707471,新應材統一67購01,0,,,,
707472,聖暉*統一63購01,432270,0.69,0.7,0.66,0.68
707473,鉅橡統一64購03,0,,,,
707474,蜜望實統一74購01,0,,,,
707475,天品凱基61購01,1000970,0.55,0.65,0.55,0.64
707476,台星科凱基5A購02,0,,,,
707477,立敦凱基5A購02,0,,,,
707478,立碁凱基5A購01,0,,,,
707479,宜特凱基5A購01,0,,,,
707480,美琪瑪凱基5A購02,0,,,,
707481,湧德凱基5B購02,0,,,,
707482,順達凱基5C購01,0,,,,
707483,勤凱凱基5A購01,0,,,,
707484,萬泰科凱基5A購01,8000,0.02,0.02,0.02,0.02
707485,群翊凱基61購01,220,0.22,0.22,0.22,0.22
707487,巨漢元大5A購01,0,,,,
707488,巨漢元大5A購02,0,,,,
707489,巨漢元大5A購03,0,,,,
707490,巨漢元大5A購04,0,,,,
707491,均豪元大5A購02,0,,,,
707492,均豪元大5C購01,0,,,,
707493,宏觀元大61購01,0,,,,
707494,沛亨元大5A購01,0,,,,
707495,沛亨元大5A購02,0,,,,
707496,沛亨元大5A購03,0,,,,
707497,沛亨元大5A購04,0,,,,
707498,矽科元大5A購01,0,,,,
707499,矽科元大61購01,0,,,,
707500,美琪瑪元大5A購02,0,,,,
707503,華景電元大5A購04,0,,,,
707504,新應材元大5A購04,0,,,,
707505,新應材元大5A購05,0,,,,
707506,新應材元大5C購01,0,,,,
707507,新應材元大61購04,0,,,,
707508,群翊元大5A購06,0,,,,
707509,巨漢國票5A購01,0,,,,
707510,巨漢國票5B購01,0,,,,
707511,沛亨國票5B購02,20350,0.37,0.37,0.37,0.37
707512,東捷國票5A購02,23590,2.18,2.18,2.05,2.05
707513,矽科國票5B購03,0,,,,
707514,萬泰科國票5B購01,0,,,,
707515,榮田國票5A購01,0,,,,
707516,久元富邦61購01,0,,,,
707517,宏捷科富邦5C購02,0,,,,
707518,宏捷科富邦61購01,0,,,,
707519,家登富邦5C購01,0,,,,
707520,湧德富邦5C購01,0,,,,
707521,新應材富邦61購02,0,,,,
707522,萬泰科富邦5B購01,0,,,,
707523,雙鴻富邦5C購07,0,,,,
707524,雙鴻富邦5C購08,0,,,,
707525,譜瑞富邦5C購02,50620,0.67,0.67,0.65,0.65
707526,千附精凱基5A購01,0,,,,
707527,元太凱基61購01,370,0.37,0.37,0.37,0.37
707528,均豪凱基5A購01,500,0.01,0.01,0.01,0.01
707529,宏觀凱基61購01,0,,,,
707530,宜特凱基5A購02,0,,,,
707531,前鼎凱基5B購02,786100,2.75,2.75,2.07,2.19
707533,華景電凱基5A購03,0,,,,
707534,陽程凱基63購01,0,,,,
707535,新應材凱基61購02,0,,,,
707536,萬泰科凱基5B購01,0,,,,
707537,新應材兆豐5C購01,2100,0.1,0.1,0.1,0.1
707538,弘塑國票5B購01,1200,0.04,0.04,0.03,0.03
707539,宜特國票5B購02,0,,,,
707541,前鼎國票5B購03,426910,1.26,1.26,1.14,1.18
707542,陽程國票5A購01,0,,,,
707543,新應材國票5A購04,0,,,,
707544,弘塑永豐5B購03,0,,,,
707545,弘塑永豐5C購04,0,,,,
707546,弘塑永豐61購02,0,,,,
707547,弘塑永豐64購01,11550,0.21,0.21,0.21,0.21
707548,新應材永豐5B購02,0,,,,
707549,新應材永豐5B購03,0,,,,
707550,新應材永豐64購01,0,,,,
707551,精材永豐5C購01,0,,,,
707552,台星科台新5A購01,0,,,,
707553,弘塑台新5A購01,0,,,,
707554,弘塑台新5A購02,0,,,,
707555,安葆台新5A購01,9480,0.86,1.01,0.86,0.99
707556,前鼎台新5A購01,308900,2.24,2.24,1.97,2.03
707557,威聯通台新5A購01,0,,,,
707558,新應材台新5A購01,0,,,,
707559,新應材台新5A購02,0,,,,
707560,群翊台新5A購01,0,,,,
707561,群翊台新5A購02,0,,,,
707562,力致群益5B購01,0,,,,
707563,千附精群益5A購01,0,,,,
707564,弘塑群益5A購04,0,,,,
707565,弘塑群益5C購01,1040,0.08,0.08,0.08,0.08
707566,萬泰科群益5A購02,0,,,,
707567,鑫聯群益5C購01,0,,,,
707568,弘塑國泰61購01,0,,,,
707569,弘塑國泰61購02,0,,,,
707570,環球晶國泰5B購01,0,,,,
707571,環球晶國泰5B購02,0,,,,
707572,弘塑富邦5C購02,5440,0.12,0.12,0.1,0.1
707573,弘塑富邦64購01,51700,0.17,0.17,0.16,0.16
707574,前鼎富邦5C購01,1011180,1.54,1.54,1.3,1.3
707575,力致統一74購01,1950,0.39,0.39,0.39,0.39
707576,中美晶統一64購01,0,,,,
707577,元太統一64購01,274120,0.45,0.47,0.44,0.44
707578,元太統一74購01,25200,0.84,0.84,0.84,0.84
707579,弘塑統一62購02,29030,0.13,0.13,0.12,0.12
707580,弘塑統一64購01,34800,0.18,0.18,0.17,0.17
707581,弘塑統一64購02,24900,0.15,0.15,0.14,0.14
707582,弘塑統一64購03,1000,0.25,0.25,0.25,0.25
707583,立敦統一64購01,2840,0.71,0.71,0.71,0.71
707584,兆利統一74購01,310,0.31,0.31,0.31,0.31
707585,宜特統一63購01,0,,,,
707586,宜特統一64購01,0,,,,
707587,金山電統一63購01,0,,,,
707588,金山電統一64購02,0,,,,
707589,前鼎統一63購02,0,,,,
707590,美琪瑪統一74購01,0,,,,
707592,陽程統一64購03,0,,,,
707593,意德士統一62購01,7640,0.42,0.43,0.42,0.43
707594,意德士統一64購01,0,,,,
707595,意德士統一74購01,0,,,,
707596,臺慶科統一64購01,0,,,,
707597,蜜望實統一63購02,0,,,,
707598,蜜望實統一64購01,39450,1.36,1.36,1.27,1.27
707599,蜜望實統一74購02,0,,,,
707600,環球晶統一63購03,0,,,,
707601,弘塑元大5A購02,0,,,,
707602,弘塑元大61購01,2100,0.21,0.21,0.21,0.21
707603,立碁元大5C購01,0,,,,
707604,宜特元大5A購02,0,,,,
707605,宜特元大5C購02,0,,,,
707606,前鼎元大5A購03,0,,,,
707608,前鼎元大5C購02,500000,2.5,2.5,2.5,2.5
707609,前鼎元大61購01,591220,1.68,1.7,1.44,1.46
707610,勤凱元大5A購04,0,,,,
707611,勤凱元大5A購05,1400,0.2,0.2,0.2,0.2
707612,勤凱元大5A購06,0,,,,
707613,雙鴻元大5A購07,0,,,,
707614,雙鴻元大61購13,1088220,1.99,2.01,1.82,1.87
707615,穩得元大5A購02,0,,,,
707616,鑫聯元大5A購02,0,,,,
707617,九豪永豐5C購01,11400,0.38,0.38,0.38,0.38
707618,天品永豐5B購01,4120,0.4,0.42,0.4,0.42
707619,立敦永豐5A購01,0,,,,
707620,宜特永豐5B購02,0,,,,
707621,美琪瑪永豐5C購01,0,,,,
707622,鈊象永豐5C購01,0,,,,
707623,精材永豐61購01,0,,,,
707624,蜜望實永豐5C購01,7900,1.58,1.58,1.58,1.58
707625,環球晶永豐5C購02,0,,,,
707626,九豪凱基5A購03,0,,,,
707627,力致凱基5B購01,0,,,,
707628,宏捷科凱基5B購01,0,,,,
707629,長科*凱基5A購01,0,,,,
707631,群翊凱基5A購01,0,,,,
707632,精材凱基5A購03,133200,22.2,22.2,22.2,22.2
707633,蜜望實凱基5A購01,0,,,,
707634,環球晶凱基5B購01,0,,,,
707635,穩得凱基5A購01,0,,,,
707636,九豪台新5A購01,0,,,,
707637,九豪台新5A購02,0,,,,
707638,九豪台新5A購03,150,0.03,0.03,0.03,0.03
707639,中美晶台新5A購01,0,,,,
707640,中美晶台新5B購01,0,,,,
707641,宜特台新5B購01,0,,,,
707642,宜特台新61購01,25600,0.16,0.16,0.16,0.16
707643,茂迪台新5A購01,0,,,,
707644,博磊台新5A購01,0,,,,
707645,博磊台新5A購02,0,,,,
707646,博磊台新5A購03,0,,,,
707647,環球晶台新5A購01,0,,,,
707648,環球晶台新5A購02,0,,,,
707649,譜瑞台新5A購01,0,,,,
707650,聖暉*兆豐5C購01,70560,0.63,0.63,0.63,0.63
707651,九豪元大5A購02,0,,,,
707652,九豪元大5A購03,0,,,,
707653,力致元大5A購01,0,,,,
707654,安葆元大5A購01,38130,0.21,0.32,0.21,0.32
707655,系統電元大5A購02,0,,,,
707656,宜特元大5A購03,3080,0.11,0.11,0.11,0.11
707657,宜特元大5B購01,0,,,,
707658,宜特元大5C購03,0,,,,
707659,宜特元大61購01,40500,0.27,0.27,0.27,0.27
707660,宜特元大63購02,0,,,,
707661,朋億*元大5A購01,1620,0.18,0.18,0.18,0.18
707664,博磊元大5A購02,0,,,,
707665,意德士元大5A購01,0,,,,
707666,新盛力元大5A購02,0,,,,
707667,鉅橡元大5A購01,0,,,,
707668,蜜望實元大5A購01,0,,,,
707669,蜜望實元大5A購02,0,,,,
707670,九豪群益5A購03,300,0.06,0.06,0.06,0.06
707671,元太群益5A購02,0,,,,
707672,美琪瑪群益5A購02,0,,,,
707673,蜜望實群益5A購01,0,,,,
707674,優群群益5A購01,0,,,,
707676,加高國票5B購01,220310,0.39,0.5,0.39,0.45
707677,艾訊國票5B購01,86300,0.8,0.8,0.79,0.8
707678,均豪國票5A購02,0,,,,
707679,宜特國票5B購03,0,,,,
707680,博磊國票5B購01,2410,0.22,0.22,0.21,0.21
707681,漢達國票5B購01,136400,2.14,2.35,2.14,2.24
707682,蜜望實國票5A購02,0,,,,
707683,九豪富邦5C購01,3200,0.32,0.32,0.32,0.32
707684,宜特富邦61購01,0,,,,
707685,九豪統一64購01,0,,,,
707686,九豪統一64購02,0,,,,
707687,九豪統一74購01,5700,0.57,0.57,0.57,0.57
707688,千附統一74購01,0,,,,
707689,千附精統一74購02,754860,1.17,1.17,1.16,1.17
707690,台星科統一74購02,0,,,,
707691,兆利統一74購02,0,,,,
707692,兆利統一74購03,0,,,,
707693,宏觀統一74購01,0,,,,
707694,系統電統一64購02,0,,,,
707695,宜特統一64購02,0,,,,
707696,宜特統一65購02,0,,,,
707697,宜特統一74購02,6300,0.42,0.42,0.42,0.42
707698,茂迪統一67購02,0,,,,
707699,意德士統一65購01,0,,,,
707700,意德士統一74購02,109000,1.09,1.09,1.09,1.09
707701,萬泰科統一74購03,0,,,,
707702,臺慶科統一66購01,0,,,,
707703,優群統一66購01,0,,,,
707704,環球晶統一64購03,0,,,,
707705,環球晶統一74購01,45360,1.79,1.97,1.79,1.85
707706,力致台新5A購01,0,,,,
707707,力致台新5A購02,0,,,,
707708,久元台新5A購01,0,,,,
707709,美琪瑪台新5A購01,0,,,,
707710,千附精國票5B購02,0,,,,
707711,千附精國票5B購03,0,,,,
707712,方土昶國票5B購01,0,,,,
707713,立碁國票5B購01,32600,0.83,0.83,0.8,0.8
707714,邑昇國票5B購01,100,0.05,0.05,0.05,0.05
707715,欣銓國票5B購02,134150,1.85,1.85,1.33,1.33
707716,信紘科國票5A購01,4350,0.15,0.15,0.15,0.15
707717,信紘科國票5B購01,800,0.16,0.16,0.16,0.16
707718,家登國票5A購01,0,,,,
707719,能率亞國票5B購01,3550,0.89,0.89,0.88,0.89
707720,華容國票5B購01,0,,,,
707721,群聯國票5B購01,582450,1.85,1.89,1.54,1.59
707722,蜜望實國票5B購01,0,,,,
707724,千附精元大5A購02,0,,,,
707725,千附精元大5A購03,0,,,,
707726,千附精元大5A購04,0,,,,
707727,千附精元大5A購05,0,,,,
707728,千附精元大5A購06,0,,,,
707729,欣銓元大5A購02,10650,2.13,2.13,2.13,2.13
707730,欣銓元大63購03,67110,2.76,2.76,2.62,2.65
707731,美琪瑪元大5A購03,0,,,,
707732,華容元大5A購01,0,,,,
707733,群翊元大5A購07,0,,,,
707734,群聯元大5A購01,276250,1.35,1.35,1.22,1.24
707735,群聯元大5A購02,109500,0.68,0.88,0.68,0.73
707736,鈺太元大61購01,0,,,,
707738,蜜望實元大5A購04,0,,,,
707739,蜜望實元大5A購05,0,,,,
707740,千附精凱基5A購02,9300,0.31,0.31,0.31,0.31
707741,方土昶凱基5A購01,0,,,,
707742,欣銓凱基5A購01,1760,1.76,1.76,1.76,1.76
707743,欣銓凱基5A購02,33540,2.94,3.06,2.94,3.06
707744,信紘科凱基5A購02,0,,,,
707746,萬泰科凱基5A購02,7250,7.25,7.25,7.25,7.25
707747,群聯凱基5A購01,345980,1.5,1.61,1.14,1.14
707748,群聯凱基5A購02,336010,2.25,2.25,1.82,1.82
707749,蜜望實凱基5A購02,0,,,,
707750,千附精永豐5C購01,0,,,,
707751,方土昶永豐5A購01,0,,,,
707752,世禾永豐5B購01,0,,,,
707753,立碁永豐61購01,23300,0.41,0.41,0.39,0.39
707754,欣銓永豐5A購01,17000,1.7,1.7,1.7,1.7
707755,欣銓永豐5C購01,96100,2.04,2.07,1.8,1.8
707756,新盛力永豐5A購01,0,,,,
707757,群聯永豐61購01,6671080,1.05,1.05,0.88,0.91
707758,群聯永豐64購01,2582750,1.24,1.25,1.1,1.13
707759,蜜望實永豐61購01,63790,0.86,0.89,0.83,0.83
707760,信昌電國泰5B購01,0,,,,
707761,信紘科國泰5B購01,0,,,,
707762,群翊國泰5C購01,0,,,,
707763,群聯群益5B購01,290780,2.38,2.44,2.18,2.18
707764,群聯群益61購01,859670,2.28,2.28,1.89,1.96
707765,群聯群益64購01,775280,2.5,2.56,2.26,2.31
707766,蜜望實國泰5B購01,0,,,,
707767,精材兆豐5C購01,0,,,,
707768,力旺永豐5A購01,80,0.02,0.04,0.02,0.04
707769,力旺永豐5B購01,12810,0.12,0.24,0.12,0.24
707770,力旺永豐5C購01,118540,0.12,0.26,0.12,0.26
707771,台半永豐5C購01,90340,1.79,1.86,1.77,1.86
707772,巨有永豐5C購01,161640,4.47,4.47,4.1,4.1
707773,立端永豐5A購01,0,,,,
707774,宏捷科永豐5C購02,0,,,,
707775,亞通永豐5A購01,0,,,,
707776,旺矽永豐5B購02,82060,0.49,0.55,0.49,0.55
707777,信昌電永豐5C購01,0,,,,
707778,信驊永豐5B購04,37300,3.73,3.73,3.73,3.73
707779,華景電永豐5C購02,0,,,,
707780,精測永豐61購02,338220,0.36,0.37,0.3,0.3
707781,臺慶科永豐5B購01,0,,,,
707782,聰泰永豐5A購01,18800,0.12,0.2,0.11,0.2
707783,力旺凱基5A購03,0,,,,
707784,力旺凱基5A購04,0,,,,
707785,力旺凱基5B購02,100340,0.18,0.24,0.18,0.2
707786,力旺凱基5C購01,31860,0.23,0.38,0.23,0.38
707787,力旺凱基61購01,56600,0.4,0.87,0.4,0.86
707788,立碁凱基5B購01,0,,,,
707789,宏捷科凱基5A購02,0,,,,
707790,旺矽凱基5A購05,234610,0.37,0.44,0.37,0.44
707791,旺矽凱基5B購02,517350,0.37,1.1,0.37,0.45
707792,旺矽凱基5C購02,0,,,,
707793,信昌電凱基5A購02,14900,14.9,14.9,14.9,14.9
707794,信昌電凱基5A購03,0,,,,
707795,信驊凱基5A購04,0,,,,
707796,信驊凱基5B購03,86860,4.78,4.9,4.78,4.78
707797,信驊凱基5C購02,4520,4.52,4.52,4.52,4.52
707798,信驊凱基61購04,256950,4.24,4.36,3.88,3.91
707799,家登凱基5A購01,67390,1.17,1.19,1.05,1.05
707800,華景電凱基5A購04,0,,,,
707801,群翊凱基5A購02,0,,,,
707802,精測凱基5A購01,0,,,,
707803,精測凱基5A購02,0,,,,
707804,精測凱基5A購03,19000,0.25,0.25,0.15,0.15
707805,力領台新5A購01,0,,,,
707806,世界台新5A購01,0,,,,
707807,宏捷科台新5A購01,0,,,,
707808,宏捷科台新5A購02,0,,,,
707809,宏捷科台新61購01,0,,,,
707810,旺矽台新5A購01,50250,0.57,0.57,0.54,0.54
707811,旺矽台新5A購02,13320,0.18,0.18,0.18,0.18
707812,信驊台新5A購01,83250,5.55,5.55,5.55,5.55
707813,信驊台新5A購02,16170,4.14,4.14,4.01,4.01
707814,群翊台新5A購03,0,,,,
707815,璟德台新5A購01,0,,,,
707816,力旺元大5A購04,1800,0.18,0.18,0.18,0.18
707817,力旺元大5A購05,1000,0.01,0.01,0.01,0.01
707818,力旺元大5B購01,8460,0.06,0.1,0.06,0.1
707819,均豪元大5A購03,0,,,,
707820,旺矽元大5A購04,17210,0.36,0.39,0.35,0.39
707821,旺矽元大5B購02,39480,0.51,0.54,0.51,0.54
707822,旺矽元大61購02,195790,1.05,1.08,0.9,0.9
707823,長科*元大5A購01,0,,,,
707824,信昌電元大5A購03,0,,,,
707825,信昌電元大5A購04,0,,,,
707827,信昌電元大5A購06,0,,,,
707828,信驊元大5A購02,91790,3.2,3.2,2.76,2.76
707829,信驊元大63購01,691510,5.7,5.7,4.16,5.35
707830,美琪瑪元大5A購04,0,,,,
707831,華景電元大5A購05,680,0.02,0.02,0.02,0.02
707832,新盛力元大61購01,0,,,,
707833,群翊元大61購01,8800,0.22,0.22,0.22,0.22
707834,精測元大5B購02,1225060,0.73,0.74,0.56,0.6
707835,精測元大63購04,8840,0.55,0.55,0.46,0.47
707836,穩得元大5A購03,0,,,,
707837,中光電國泰5B購01,0,,,,
707838,立碁國泰5B購02,0,,,,
707839,旺矽國泰5B購01,124140,0.75,0.8,0.73,0.8
707840,旺矽國泰5B購02,67420,0.51,0.59,0.51,0.57
707841,信昌電國泰5B購02,0,,,,
707842,新盛力國泰5B購01,0,,,,
707843,旺矽統一64購02,28500,0.95,0.95,0.95,0.95
707844,群聯統一64購01,860080,1.19,1.22,1.06,1.12
707845,精測統一64購03,202040,0.45,0.45,0.4,0.41
707846,力旺富邦5C購01,198560,0.29,0.32,0.2,0.31
707847,良維富邦62購01,50150,0.85,0.85,0.85,0.85
707848,旺矽富邦64購02,1411390,0.75,0.87,0.72,0.82
707849,欣銓富邦5A購01,5530,1.13,1.13,1.07,1.07
707850,欣銓富邦64購01,802580,1.12,1.16,1.03,1.04
707851,信紘科富邦62購01,0,,,,
707852,信驊富邦61購01,462970,4.46,4.46,4.04,4.26
707853,華電網富邦62購01,5000,0.05,0.05,0.05,0.05
707854,順達富邦62購01,393190,0.63,0.63,0.59,0.59
707855,新盛力富邦5C購01,0,,,,
707856,新盛力富邦61購01,0,,,,
707857,群翊富邦5B購01,0,,,,
707858,群聯富邦5C購01,324930,1.15,1.22,1.02,1.08
707859,群聯富邦61購01,1006710,1.46,1.49,1.26,1.29
707860,精測富邦61購01,210050,0.32,0.32,0.25,0.26
707861,M31凱基5A購02,0,,,,
707862,M31凱基5A購03,0,,,,
707863,宏觀凱基61購02,0,,,,
707864,良維凱基5B購03,103450,0.27,0.27,0.23,0.23
707865,家登凱基5A購02,40400,0.34,0.34,0.3,0.3
707866,華景電凱基5C購01,0,,,,
707867,新盛力凱基5A購03,38400,3.84,3.84,3.84,3.84
707868,聖暉*凱基5A購02,0,,,,
707869,鏵友益凱基5A購01,0,,,,
707870,環球晶兆豐5C購02,0,,,,
707871,M31元大5A購01,0,,,,
707872,M31元大5A購02,0,,,,
707873,M31元大61購01,153840,0.31,0.31,0.25,0.25
707874,M31元大63購01,549050,0.32,0.33,0.3,0.31
707875,久元元大5A購02,0,,,,
707876,千附元大5A購01,5460,0.14,0.14,0.14,0.14
707877,加高元大5A購01,0,,,,
707878,台嘉碩元大5A購02,180,0.18,0.18,0.18,0.18
707879,立敦元大5A購01,0,,,,
707881,立碁元大63購01,325980,1.15,1.15,1.05,1.05
707882,宏觀元大5C購01,0,,,,
707883,欣銓元大5A購03,109650,1.49,1.49,1.46,1.46
707884,家登元大61購01,0,,,,
707885,華電網元大5A購02,0,,,,
707886,鈺太元大5A購01,0,,,,
707887,鏵友益元大5A購01,0,,,,
707888,元債20群益5A購01,0,,,,
707889,世界群益5A購02,27800,0.96,0.96,0.92,0.92
707890,宏觀群益5A購01,200,0.01,0.01,0.01,0.01
707891,欣銓群益5A購01,0,,,,
707892,翔名群益5A購01,0,,,,
707893,環球晶群益5A購04,12700,6.35,6.35,6.35,6.35
707894,M31富邦5C購01,18450,0.27,0.27,0.23,0.23
707895,元太富邦61購01,4680,0.52,0.52,0.52,0.52
707896,台星科富邦61購01,696800,0.51,0.51,0.42,0.42
707897,均豪富邦62購01,0,,,,
707898,宏捷科富邦5C購03,0,,,,
707899,宏捷科富邦61購02,2230,0.03,0.07,0.03,0.07
707900,華景電富邦61購01,4400,0.08,0.08,0.08,0.08
707901,鈊象富邦61購01,84400,0.29,0.3,0.29,0.29
707902,萬泰科富邦62購01,0,,,,
707903,欣銓群益5A購02,99920,0.68,0.68,0.48,0.48
707904,新盛力群益5A購01,0,,,,
707906,久元元大5A購03,0,,,,
707907,方土昶元大5A購01,0,,,,
707908,世界元大5A購03,0,,,,
707909,尼克森元大5A購01,16400,0.53,0.58,0.53,0.58
707910,立碁元大5A購03,0,,,,
707911,兆利元大5A購01,0,,,,
707912,均華元大5A購01,1080,0.01,0.05,0.01,0.04
707913,均華元大5A購02,0,,,,
707914,均豪元大5A購04,0,,,,
707915,沛亨元大5A購05,0,,,,
707916,邑昇元大5A購01,0,,,,
707917,信紘科元大5A購02,0,,,,
707918,家登元大5A購03,0,,,,
707919,家登元大5A購04,0,,,,
707920,華景電元大5A購06,0,,,,
707921,華景電元大63購01,1100,0.11,0.11,0.11,0.11
707922,新盛力元大5A購03,0,,,,
707923,德微元大5A購01,0,,,,
707924,久元凱基5A購01,0,,,,
707925,合晶凱基5A購01,0,,,,
707926,均華凱基5A購01,0,,,,
707927,系微凱基5A購03,0,,,,
707928,欣銓凱基63購01,90790,1.47,1.47,1.26,1.27
707929,家登凱基5A購03,0,,,,
707930,鈺太凱基61購01,10000,0.1,0.1,0.1,0.1
707931,環球晶凱基5A購01,218800,4.6,4.6,3.82,3.97
707932,世禾富邦5C購02,0,,,,
707933,均華富邦61購01,10300,0.13,0.15,0.12,0.15
707934,沛亨富邦5B購01,0,,,,
707935,欣銓富邦5B購01,68170,0.72,0.72,0.47,0.47
707936,中美晶兆豐64購01,19570,2.89,2.89,2.68,2.68
707937,順達兆豐5C購02,27000,0.27,0.27,0.27,0.27
707938,世界群益5A購03,0,,,,
707939,合晶群益5B購01,0,,,,
707940,良維群益5A購01,0,,,,
707941,原相群益5A購01,0,,,,
707942,創惟群益5B購01,0,,,,
707943,富喬群益5A購03,0,,,,
707944,富喬群益5A購04,1600,0.2,0.2,0.2,0.2
707945,聖暉*群益5B購01,0,,,,
707946,德微群益5A購01,68400,3.11,3.73,3.11,3.73
707947,雙鴻群益5B購06,6750,1.35,1.35,1.35,1.35
707948,久元凱基5A購02,30300,0.21,0.21,0.19,0.19
707949,千附凱基5A購01,0,,,,
707950,世界凱基5A購02,10830,0.81,0.87,0.81,0.81
707951,兆利凱基5A購01,0,,,,
707952,艾訊凱基5B購01,0,,,,
707953,均豪凱基5A購02,0,,,,
707954,沛亨凱基5A購02,0,,,,
707955,家登凱基5A購04,0,,,,
707956,勤凱凱基5A購02,0,,,,
707957,新盛力凱基5B購01,66350,1.91,1.91,1.89,1.89
707958,鉅橡凱基5A購03,0,,,,
707959,雙鴻凱基5A購07,0,,,,
707960,雙鴻凱基61購02,4630,1.51,1.61,1.51,1.61
707961,中美晶富邦5A購01,52800,1.32,1.32,1.32,1.32
707962,長科*富邦62購01,64260,1.02,1.02,1.02,1.02
707963,家登富邦61購01,55170,0.53,0.54,0.52,0.52
707964,富喬富邦61購01,277750,0.4,0.42,0.38,0.39
707965,聖暉*富邦5C購01,36960,0.48,0.48,0.48,0.48
707966,鉅橡富邦5B購01,0,,,,
707967,鈺太富邦5A購01,0,,,,
707968,優群富邦61購01,3600,0.12,0.12,0.12,0.12
707969,環球晶富邦5B購01,0,,,,
707970,雙鴻富邦5C購09,0,,,,
707971,巨有元大5A購01,0,,,,
707972,富喬元大5C購02,132740,0.38,0.41,0.38,0.38
707973,華義元大5A購01,0,,,,
707974,環球晶元大5A購01,7090,1.87,1.87,1.48,1.48
707975,雙鴻兆豐5C購02,0,,,,
707976,世界兆豐5C購01,0,,,,
707977,富喬國票5A購02,0,,,,
707978,富喬國票5B購02,380,0.38,0.38,0.38,0.38
707979,華義國票5B購01,0,,,,
707980,華義國票5B購02,0,,,,
707981,新盛力國票5A購02,0,,,,
707982,雙鴻凱基5A購08,12800,0.64,0.64,0.64,0.64
707983,良維凱基5A購04,0,,,,
707984,聖暉*凱基5C購01,74800,0.65,0.66,0.65,0.66
707985,德微凱基5A購02,43230,0.87,1.19,0.87,1.19
707986,環球晶凱基5A購02,0,,,,
707987,雙鴻凱基5C購06,0,,,,
707988,譜瑞群益5A購01,0,,,,
707989,系統電國泰5B購01,0,,,,
707990,新盛力國泰5B購02,0,,,,
707991,群聯國泰5B購01,58280,1.91,1.91,1.85,1.85
707992,群聯國泰5B購02,1560,1.56,1.56,1.56,1.56
707993,立碁元大5A購04,0,,,,
707994,系微元大5C購01,0,,,,
707995,德微元大5A購02,15000,0.75,0.75,0.75,0.75
707996,立碁永豐5B購02,314970,0.53,0.54,0.47,0.48
707997,新盛力永豐61購01,200780,1.47,1.47,1.46,1.46
707998,群聯永豐5C購01,184370,1.15,1.2,1.03,1.08
707999,聖暉*永豐5C購02,11160,0.17,0.19,0.17,0.18
708000,德微永豐5B購01,63630,1.01,1.01,1.01,1.01
708001,雙鴻永豐5C購04,0,,,,
708002,雙鴻永豐61購03,0,,,,
708003,立碁國票5B購02,20680,0.7,0.7,0.66,0.66
708004,兆利國票5B購01,0,,,,
708005,系微國票5B購01,0,,,,
708006,良維國票5B購01,269640,0.18,0.18,0.18,0.18
708007,凌陽創國票5B購01,0,,,,
708008,群聯國票5B購03,777150,1.28,1.31,1.02,1.08
708009,聖暉*國票5B購01,0,,,,
708010,鉅橡國票5B購02,0,,,,
708011,矽科台新5A購01,0,,,,
708012,捷創台新5A購01,160080,0.45,0.57,0.45,0.57
708013,富強鑫台新5A購01,13300,0.33,0.34,0.33,0.34
708014,崴寶台新5A購01,0,,,,
708015,群聯台新5A購01,1020080,4.75,5.0,4.19,4.97
708016,群聯台新5A購02,919800,3.2,3.2,2.57,2.59
708017,群聯台新5A購03,444540,1.29,1.43,1.29,1.43
708018,穩得台新5A購01,180,0.03,0.03,0.03,0.03
708019,良維凱基5B購04,11520,0.09,0.09,0.09,0.09
708020,東捷凱基5A購03,43470,1.89,1.89,1.89,1.89
708021,群聯凱基5B購01,505400,1.35,1.53,1.25,1.29
708022,精材凱基5C購01,8500,8.5,8.5,8.5,8.5
708023,譜瑞凱基5A購01,0,,,,
708024,三聯國票5A購01,3600,0.18,0.18,0.15,0.15
708025,大綜國票5A購01,1600,0.54,0.54,0.53,0.53
708026,太景*國票5B購01,0,,,,
708027,良維國票5B購02,364270,0.25,0.25,0.24,0.24
708028,朋程國票5A購01,1300,0.26,0.26,0.26,0.26
708029,崴寶國票5B購01,0,,,,
708030,群翊國票5B購03,0,,,,
708031,群聯國票5B購04,31380,1.43,1.43,1.34,1.34
708032,環球晶國票5A購02,0,,,,
708033,譜瑞國票5B購01,0,,,,
708034,久元永豐5C購01,0,,,,
708035,良維永豐5C購02,0,,,,
708036,精材永豐5C購02,0,,,,
708037,雙鴻永豐5B購03,385950,1.02,1.02,0.95,0.99
708038,雙鴻永豐63購02,94000,1.46,1.46,1.44,1.44
708039,力致國泰5C購01,0,,,,
708040,良維元大5A購04,0,,,,
708041,良維元大63購01,276330,0.45,0.46,0.42,0.42
708042,新盛力元大5A購04,0,,,,
708043,良維富邦61購01,15860,0.24,0.25,0.22,0.23
708044,新盛力富邦61購02,92700,1.04,1.04,1.02,1.03
708045,兆利群益5A購01,0,,,,
708046,系統電群益5B購01,0,,,,
708047,良維群益5B購03,0,,,,
708048,臺慶科群益5A購01,0,,,,
708049,雙鴻群益5A購07,11800,1.18,1.18,1.18,1.18
708050,中美晶台新5B購02,23210,1.38,1.43,1.32,1.32
708051,兆利台新5A購01,0,,,,
708052,兆利台新5A購02,0,,,,
708053,環球晶台新5A購03,0,,,,
708054,環球晶台新5A購04,77460,2.93,3.32,2.76,2.81
708055,群聯元大5A購03,51630,0.75,0.76,0.6,0.6
708056,環球晶元大5A購02,0,,,,
708057,環球晶元大5A購03,0,,,,
708058,環球晶元大5A購04,9440,1.98,1.98,1.75,1.75
708059,世界凱基5A購03,15990,1.01,1.08,1.01,1.08
708060,系統電凱基5A購03,0,,,,
708061,欣銓凱基5A購03,167480,0.99,0.99,0.91,0.91
708062,順達凱基5A購04,0,,,,
708063,群聯凱基5B購02,53190,0.61,0.61,0.48,0.48
708064,群聯兆豐64購01,172200,2.2,2.2,2.05,2.1
708065,中美晶群益5C購01,960350,1.45,1.51,1.24,1.25
708066,群聯群益5B購02,21660,0.83,0.84,0.71,0.71
708067,群聯群益5C購01,509180,1.32,1.35,1.15,1.22
708068,精材群益5A購05,23400,7.8,7.8,7.8,7.8
708069,精材群益5A購06,0,,,,
708070,雙鴻群益5B購07,0,,,,
708071,凡甲國票5B購01,0,,,,
708072,久元國票5B購01,0,,,,
708073,中美晶國票5B購01,358690,1.17,1.17,1.03,1.03
708074,欣銓國票5C購01,10420,1.54,1.54,1.42,1.42
708075,萬泰科國票5B購02,0,,,,
708076,群聯國票5B購05,139980,1.44,1.53,1.22,1.32
708077,精材國票5B購01,25750,5.15,5.15,5.15,5.15
708078,鑫聯國票5B購01,0,,,,
708079,鴻呈國泰5C購01,0,,,,
708080,譜瑞國泰5B購01,0,,,,
708081,久元富邦61購02,0,,,,
708082,系統電富邦61購01,0,,,,
708083,家登富邦5C購02,115170,0.84,0.85,0.84,0.84
708084,群聯富邦5C購02,9590,1.24,1.24,1.13,1.13
708085,群聯富邦61購02,345020,1.02,1.04,0.89,0.93
708086,譜瑞富邦5C購03,2200,0.22,0.22,0.22,0.22
708087,譜瑞富邦61購01,40210,0.16,0.16,0.15,0.15
708088,群聯永豐5C購02,668550,0.68,0.71,0.63,0.63
708089,群聯永豐64購02,456910,1.17,1.17,1.1,1.1
708090,精材永豐5B購02,0,,,,
708091,中美晶凱基61購02,364950,1.89,1.89,1.59,1.59
708092,矽科凱基5B購01,0,,,,
708093,群聯凱基61購01,443930,0.66,0.66,0.53,0.56
708094,精材凱基5B購02,0,,,,
708095,環球晶凱基5B購02,0,,,,
708096,譜瑞凱基5B購01,0,,,,
708097,久元國票5C購01,0,,,,
708098,台星科國票5C購01,4410,0.49,0.49,0.49,0.49
708099,正淩國票5C購01,0,,,,
708100,亞信國票5C購01,0,,,,
708101,佳邦國票5C購01,14700,0.16,0.17,0.16,0.16
708102,金山電國票5C購01,0,,,,
708103,原相國票5B購01,25000,0.1,0.1,0.1,0.1
708104,原相國票5C購01,0,,,,
708105,家登國票5B購01,0,,,,
708106,新潤國票5C購01,0,,,,
708107,群聯國票61購01,74200,0.93,0.93,0.78,0.81
708108,精華國票5C購01,0,,,,
708109,磐儀國票5C購01,35620,0.12,0.12,0.11,0.11
708110,世界台新5B購01,613960,0.81,0.88,0.72,0.82
708111,矽科台新5B購01,0,,,,
708112,家登台新5B購01,0,,,,
708113,家登台新5B購02,0,,,,
708114,家登台新62購01,0,,,,
708115,勤凱台新5B購01,1222560,0.9,0.92,0.87,0.92
708116,群聯台新5B購01,0,,,,
708117,群聯台新5B購02,198220,0.35,0.44,0.32,0.33
708118,世界群益5B購05,0,,,,
708119,欣銓群益5B購01,0,,,,
708120,家登群益5B購01,3300,0.55,0.55,0.55,0.55
708121,家登群益61購01,0,,,,
708122,世界永豐65購01,131140,0.83,0.83,0.83,0.83
708123,台特化永豐62購01,0,,,,
708124,高鋒永豐5C購01,0,,,,
708125,群聯永豐65購01,341180,1.03,1.04,1.03,1.04
708126,群聯中信62購01,78970,0.71,0.72,0.7,0.72
708127,凡甲國泰61購01,0,,,,
708128,東捷國泰61購01,0,,,,
708129,欣銓國泰5C購01,881850,1.96,1.96,1.83,1.83
708130,群聯國泰61購01,83200,2.08,2.08,2.08,2.08
708131,中美晶富邦61購01,488970,1.43,1.57,1.37,1.37
708132,環球晶富邦5C購02,0,,,,
708133,中美晶元大5B購02,0,,,,
708134,中美晶元大5B購03,33750,1.26,1.26,0.99,0.99
708135,世界元大5B購02,144740,0.86,0.89,0.86,0.89
708136,世界元大5B購03,104290,1.12,1.12,1.07,1.07
708137,均豪元大5B購01,0,,,,
708138,群聯元大5B購01,102320,1.29,1.35,1.18,1.18
708139,群聯元大5B購02,297660,1.21,1.23,1.14,1.15
708140,群聯元大64購01,13190,1.11,1.11,1.08,1.1
708141,精材元大5B購03,0,,,,
708142,精材元大5B購04,0,,,,
708143,精材元大5B購05,0,,,,
708144,雙鴻元大61購14,263780,1.47,1.55,1.41,1.45
708145,大學光凱基5B購01,0,,,,
708146,世界凱基5B購01,0,,,,
708147,正淩凱基5C購01,0,,,,
708148,欣銓凱基61購01,177090,1.38,1.41,1.18,1.18
708149,原相凱基5B購02,15000,0.2,0.2,0.2,0.2
708150,家登凱基5B購01,0,,,,
708151,群翊凱基61購02,0,,,,
708152,群聯凱基63購01,699480,0.84,0.84,0.73,0.74
708153,鈺太凱基5B購01,0,,,,
708154,安葆台新5B購01,173600,0.64,0.76,0.64,0.76
708155,家碩台新5B購01,0,,,,
708156,家碩台新5B購02,0,,,,
708157,鉅橡台新5B購01,0,,,,
708158,華景電國泰5C購01,0,,,,
708159,世界富邦5B購01,414820,0.44,0.46,0.41,0.44
708160,系微富邦63購01,680,0.17,0.17,0.17,0.17
708161,茂迪富邦63購02,0,,,,
708162,原相富邦5B購01,1600,0.08,0.08,0.08,0.08
708163,萬泰科富邦5B購02,0,,,,
708164,群聯富邦62購01,733930,0.82,0.82,0.73,0.73
708165,群聯富邦62購02,133210,0.61,0.61,0.52,0.56
708166,凡甲永豐5C購01,0,,,,
708167,東捷永豐64購02,11360,1.64,1.64,1.58,1.58
708168,東捷永豐67購01,499100,1.73,1.74,1.71,1.73
708169,華景電永豐61購02,0,,,,
708170,璟德永豐61購01,0,,,,
708171,家登中信5B購01,111100,0.23,0.24,0.23,0.23
708172,譜瑞中信5B購01,0,,,,
708173,欣銓兆豐61購01,85050,1.37,1.38,1.22,1.27
708174,凡甲國票5C購01,0,,,,
708175,安葆國票5C購01,0,,,,
708176,東捷國票5C購01,108230,1.66,1.66,1.57,1.59
708177,華景電國票5C購01,0,,,,
708178,群翊國票5C購01,0,,,,
708179,群聯國票66購01,1094060,0.99,0.99,0.86,0.87
708180,東捷群益5B購02,1800,1.8,1.8,1.8,1.8
708181,東捷群益5B購03,0,,,,
708182,華景電群益5B購01,0,,,,
708183,群聯群益61購03,10650,0.57,0.57,0.51,0.51
708184,久元元大64購01,25100,0.37,0.37,0.35,0.35
708185,正淩元大5B購01,0,,,,
708186,東捷元大5B購01,0,,,,
708187,東捷元大5B購02,0,,,,
708188,東捷元大5B購03,0,,,,
708189,東捷元大5B購04,1700,0.85,0.85,0.85,0.85
708190,家登元大5B購02,0,,,,
708191,順達元大64購03,0,,,,
708192,萬泰科元大5B購01,0,,,,
708193,群翊元大5B購01,84000,0.12,0.12,0.12,0.12
708194,群聯元大5B購03,146410,0.44,0.45,0.35,0.35
708195,群聯元大64購02,396030,0.87,0.88,0.77,0.78
708197,精材元大5B購07,0,,,,
708198,精材元大61購06,131050,7.65,7.75,7.65,7.75
708199,環球晶元大5B購01,0,,,,
708201,凡甲凱基5B購01,600,0.02,0.02,0.02,0.02
708202,久元凱基5B購01,0,,,,
708203,台特化凱基5B購01,0,,,,
708204,安葆凱基5C購01,37620,0.41,0.48,0.41,0.47
708205,家登凱基5B購02,0,,,,
708206,華景電凱基5B購01,0,,,,
708207,順達凱基63購01,110550,0.86,0.86,0.85,0.85
708208,萬泰科凱基5C購01,0,,,,
708209,群聯凱基64購01,35270,0.77,0.77,0.69,0.69
708210,環球晶凱基5B購03,558850,2.76,2.89,2.76,2.82
708211,穩得凱基5B購01,0,,,,
708212,鑫聯凱基5C購01,0,,,,
708213,台特化台新5B購01,20000,0.25,0.25,0.25,0.25
708214,台特化台新5B購02,0,,,,
708215,系微台新5B購01,0,,,,
708216,欣銓台新5B購01,155910,2.25,2.25,2.1,2.1
708217,欣銓台新5B購02,42180,1.97,2.13,1.9,1.92
708218,湧德台新5B購01,0,,,,
708219,華景電台新5B購01,0,,,,
708220,鈊象台新5B購01,0,,,,
708221,萬泰科台新5B購01,0,,,,
708222,萬泰科台新5B購02,0,,,,
708223,精材台新5B購01,0,,,,
708225,璟德中信5B購01,0,,,,
708226,安葆國泰5C購01,0,,,,
708227,群翊國泰5C購02,0,,,,
708228,凡甲富邦61購01,1700,0.17,0.17,0.17,0.17
708229,中光電富邦62購01,53420,0.71,0.71,0.65,0.65
708230,均豪富邦5B購01,0,,,,
708231,捷創富邦62購01,1631490,0.7,0.81,0.7,0.75
708232,世界永豐5C購01,137150,0.92,0.93,0.91,0.91
708233,家登永豐61購01,0,,,,
708234,家碩永豐5B購01,0,,,,
708235,群聯永豐65購02,439860,0.75,0.76,0.68,0.7
708236,鉅橡永豐5C購01,0,,,,
708237,環球晶兆豐61購01,0,,,,
708238,艾訊國票63購01,112340,0.8,0.8,0.77,0.77
708239,美琪瑪國票5C購01,0,,,,
708240,晶宏國票5C購01,67500,2.48,2.48,2.16,2.16
708241,翔名國票5C購01,0,,,,
708242,聰泰國票5C購01,65050,0.35,0.36,0.32,0.32
708243,寶雅國票5C購01,0,,,,
708244,久元群益61購01,0,,,,
708245,方土昶群益5B購01,0,,,,
708246,世界群益5B購06,375650,1.57,1.67,1.54,1.65
708247,艾訊群益5B購01,0,,,,
708248,家登群益5B購02,0,,,,
708249,陽程群益5B購01,15200,7.6,7.6,7.6,7.6
708250,群聯群益5B購03,301640,0.31,0.36,0.26,0.31
708252,凡甲元大5B購01,0,,,,
708253,均豪元大5B購02,0,,,,
708254,均豪元大65購01,39930,0.33,0.33,0.33,0.33
708255,家登元大5B購03,0,,,,
708256,群聯元大5B購04,73750,0.75,0.75,0.73,0.73
708257,群聯元大5B購05,287860,0.45,0.45,0.38,0.38
708258,群聯元大64購03,151240,1.0,1.0,0.88,0.92
708259,精材元大5B購08,21900,7.3,7.3,7.3,7.3
708260,精材元大5B購09,0,,,,
708261,精材元大5B購10,0,,,,
708262,璟德元大5B購01,0,,,,
708263,環球晶元大5B購03,0,,,,
708264,環球晶元大5B購04,0,,,,
708265,大中元大5B購01,0,,,,
708266,威剛元大5B購04,27200,0.17,0.17,0.17,0.17
708267,威剛元大5B購05,46300,0.22,0.23,0.22,0.23
708268,威剛元大64購01,2980,0.51,0.51,0.49,0.49
708269,陽程元大61購03,0,,,,
708270,群聯元大5B購06,13090,0.26,0.26,0.22,0.24
708271,鉅橡元大5B購01,0,,,,
708272,鉅橡元大5B購02,0,,,,
708273,安葆國泰5C購02,403890,1.05,1.27,1.02,1.27
708274,勤凱國泰5C購01,10640,0.71,0.71,0.7,0.7
708275,雷科國泰5C購01,0,,,,
708276,久元凱基64購01,0,,,,
708277,均豪凱基65購01,27000,0.27,0.27,0.27,0.27
708278,金山電凱基5B購01,0,,,,
708279,威剛凱基5B購03,71590,0.09,0.09,0.08,0.09
708280,群聯凱基64購02,264350,0.68,0.68,0.59,0.6
708281,精材凱基5B購03,0,,,,
708282,寶雅凱基5B購01,0,,,,
708283,鉅橡台新5B購02,0,,,,
708284,鉅橡台新5B購03,0,,,,
708285,系微兆豐65購01,0,,,,
708286,群聯兆豐65購01,26850,1.62,1.62,1.41,1.5
708287,凡甲國票5C購02,30000,0.05,0.05,0.05,0.05
708288,久元國票5C購02,0,,,,
708289,方土昶國票5C購01,0,,,,
708290,世界國票5C購02,1220,0.61,0.61,0.61,0.61
708291,宏捷科國票5C購01,0,,,,
708292,威剛國票5C購01,514000,0.35,0.35,0.34,0.34
708293,耕興國票5C購01,0,,,,
708294,港建*國票5B購01,0,,,,
708295,華宏國票5C購01,1650,0.11,0.11,0.11,0.11
708296,鉅橡國票5C購01,0,,,,
708297,廣穎國票5C購01,0,,,,
708298,久元永豐5C購02,0,,,,
708299,台星科永豐61購01,315960,0.45,0.45,0.37,0.37
708300,合晶永豐5B購01,0,,,,
708301,均豪永豐5C購02,0,,,,
708302,欣銓永豐61購01,107560,1.05,1.05,0.99,0.99
708303,威剛永豐5B購01,990,0.11,0.11,0.11,0.11
708304,威剛永豐5C購02,4470,0.34,0.35,0.34,0.35
708305,威剛永豐61購01,0,,,,
708306,威剛永豐65購01,0,,,,
708307,威剛永豐68購01,0,,,,
708308,鉅橡永豐61購01,0,,,,
708309,廣穎永豐65購01,0,,,,
708310,凡甲群益5B購01,0,,,,
708311,台特化群益5C購01,0,,,,
708312,正淩群益63購01,0,,,,
708313,均豪群益5B購01,0,,,,
708314,宏捷科群益5B購01,0,,,,
708315,岳豐群益65購01,0,,,,
708316,威剛群益5B購02,0,,,,
708317,威剛群益5C購01,0,,,,
708318,威剛群益61購01,0,,,,
708319,茂綸群益5B購01,0,,,,
708320,廣穎群益5B購01,0,,,,
708322,寶雅群益61購01,58780,0.92,0.92,0.91,0.91
708323,凡甲凱基5B購02,0,,,,
708324,久元凱基5C購01,0,,,,
708325,大中凱基5B購01,0,,,,
708326,方土昶凱基5C購01,0,,,,
708327,台特化凱基5B購02,0,,,,
708328,合晶凱基5B購01,0,,,,
708329,艾訊凱基5B購02,55600,0.28,0.28,0.24,0.24
708330,良維凱基5B購05,0,,,,
708331,威剛凱基5B購04,3300,0.05,0.05,0.05,0.05
708332,家登凱基5B購03,0,,,,
708333,耕興凱基5B購01,0,,,,
708334,港建*凱基5B購01,0,,,,
708335,群聯凱基61購02,6700,0.53,0.53,0.46,0.48
708336,廣穎凱基5B購01,0,,,,
708337,環球晶凱基5C購02,846310,1.34,1.78,1.34,1.47
708339,合晶台新5B購02,0,,,,
708340,合晶台新5B購03,0,,,,
708341,安葆台新5B購02,347490,1.75,2.36,1.75,2.3
708342,艾訊台新5B購01,0,,,,
708343,艾訊台新5B購02,0,,,,
708344,良維台新5B購01,33040,0.84,0.88,0.8,0.8
708345,良維台新5B購02,0,,,,
708346,良維台新5B購03,0,,,,
708347,湧德台新5B購02,0,,,,
708348,湧德台新5B購03,0,,,,
708349,順達台新5B購01,0,,,,
708350,順達台新5B購02,55890,1.4,1.4,1.31,1.31
708351,鈊象台新5B購02,0,,,,
708352,萬泰科台新5B購03,0,,,,
708353,群聯台新5B購03,141000,0.51,0.51,0.45,0.45
708354,群聯台新5B購04,0,,,,
708355,精材台新5B購03,0,,,,
708356,臺慶科台新5B購01,0,,,,
708357,璟德台新5B購01,0,,,,
708358,台星科兆豐61購01,0,,,,
708359,均豪兆豐61購01,0,,,,
708360,欣銓群益5B購02,16200,0.38,0.38,0.32,0.32
708361,精材群益5B購01,0,,,,
708362,環球晶群益5B購02,22920,1.9,1.98,1.9,1.98
708363,環球晶群益5B購03,236280,1.32,1.97,1.32,1.48
708364,凡甲元大5B購02,0,,,,
708365,凡甲元大5B購03,0,,,,
708366,凡甲元大65購01,100800,0.48,0.48,0.48,0.48
708367,久元元大5B購01,0,,,,
708368,久元元大61購02,0,,,,
708369,久元元大65購01,0,,,,
708370,台星科元大5B購02,0,,,,
708371,台星科元大65購01,1756370,0.98,0.98,0.9,0.91
708372,沛亨元大5B購01,0,,,,
708373,欣銓元大5B購01,20260,1.15,1.15,0.99,0.99
708374,欣銓元大64購01,779030,0.97,0.99,0.88,0.88
708376,威剛元大5B購06,0,,,,
708377,威剛元大5B購07,42650,0.31,0.31,0.29,0.3
708378,原相元大5B購01,0,,,,
708379,家登元大5B購04,0,,,,
708380,家登元大64購01,26050,0.52,0.52,0.47,0.47
708381,陽程元大61購04,0,,,,
708382,群聯元大5B購07,215840,0.62,0.64,0.55,0.56
708383,群聯元大61購05,0,,,,
708384,凡甲國泰5C購01,0,,,,
708385,合晶國泰61購01,0,,,,
708386,合晶國泰62購01,0,,,,
708387,均豪國泰62購01,0,,,,
708388,良維國泰5C購01,0,,,,
708389,家登國泰5C購01,0,,,,
708390,家登國泰5C購02,5100,0.34,0.34,0.34,0.34
708391,力領台新5B購01,960,0.24,0.24,0.24,0.24
708392,正淩台新5B購01,0,,,,
708393,合晶台新5B購04,0,,,,
708395,新盛力台新62購01,0,,,,
708396,群聯台新5B購05,67000,0.67,0.67,0.67,0.67
708397,群聯台新5B購06,0,,,,
708398,聖暉*台新5B購02,0,,,,
708399,優群台新5B購01,0,,,,
708400,久元凱基5B購02,0,,,,
708401,中美晶凱基61購03,1895870,1.39,1.47,1.27,1.27
708402,世禾凱基5B購01,0,,,,
708403,世界凱基5C購03,0,,,,
708404,尼克森凱基5B購01,296590,0.62,0.62,0.55,0.58
708405,亞信凱基5B購01,0,,,,
708406,欣銓凱基5B購01,65920,0.36,0.37,0.29,0.29
708407,信立凱基5B購02,46000,0.33,0.33,0.32,0.32
708408,威剛凱基5C購01,84590,0.11,0.11,0.11,0.11
708409,智通*凱基5B購01,0,,,,
708410,群聯凱基64購03,878310,0.54,0.54,0.47,0.48
708411,優群凱基5B購01,0,,,,
708412,環球晶兆豐61購02,7040,1.8,1.8,1.72,1.72
708413,FH中5G元大5B購01,14830,1.38,1.38,1.28,1.28
708414,FH中5G元大5C購01,225710,2.18,2.21,2.09,2.13
708415,世界元大64購03,362710,0.69,0.71,0.67,0.71
708416,世界元大65購01,169740,0.6,0.6,0.58,0.6
708417,合晶元大5B購01,0,,,,
708418,順達元大64購04,176390,2.14,2.14,2.08,2.08
708419,新盛力元大64購01,43520,2.4,2.44,2.4,2.44
708420,萬泰科元大5B購02,7770,0.37,0.37,0.37,0.37
708421,鈺太元大5B購02,0,,,,
708422,鈺太元大65購01,8310,0.2,0.21,0.2,0.21
708423,精材元大5B購11,0,,,,
708424,環球晶元大5B購05,32760,0.84,0.84,0.84,0.84
708425,世界國票5C購03,13950,0.34,0.35,0.34,0.35
708426,台半國票5C購01,96500,1.93,1.93,1.93,1.93
708427,朋億*國票5C購01,0,,,,
708428,群聯國票61購02,185540,0.49,0.49,0.44,0.44
708429,雷科國票5B購01,0,,,,
708430,久元富邦61購03,0,,,,
708431,久元富邦62購01,0,,,,
708432,合晶富邦62購01,0,,,,
708433,家登富邦61購02,22200,0.44,0.44,0.41,0.42
708434,家登富邦62購01,0,,,,
708435,鈊象富邦61購02,195460,0.63,0.64,0.63,0.63
708436,新盛力富邦61購03,0,,,,
708437,群聯富邦62購03,20700,0.52,0.52,0.51,0.51
708438,環球晶富邦5C購03,384110,0.81,1.01,0.79,0.9
708439,世界群益5B購07,310,0.31,0.31,0.31,0.31
708440,立碁群益5C購01,190020,1.83,1.83,1.79,1.79
708441,合晶群益5B購02,0,,,,
708442,艾訊群益5B購02,260,0.26,0.26,0.26,0.26
708443,家登群益61購02,9050,0.37,0.37,0.36,0.36
708444,新盛力群益5B購01,0,,,,
708445,群聯群益5B購04,11000,0.14,0.15,0.14,0.15
708446,環球晶群益5C購02,1842010,1.69,2.24,1.69,1.88
708447,久元凱基63購01,0,,,,
708448,世界凱基65購01,13500,0.45,0.45,0.45,0.45
708449,台半凱基5C購01,92410,1.59,1.62,1.59,1.62
708450,合晶凱基5B購02,94160,5.85,5.85,4.83,4.83
708451,合晶凱基61購01,378110,4.87,4.99,4.38,4.43
708452,欣銓凱基64購01,463660,0.59,0.6,0.52,0.52
708453,金山電凱基5B購02,161680,0.86,0.86,0.86,0.86
708454,威剛凱基5B購06,311900,0.13,0.13,0.12,0.12
708455,胡連凱基5B購01,0,,,,
708456,家登凱基5B購04,0,,,,
708457,新盛力凱基5B購02,0,,,,
708458,群聯凱基5B購03,7150,0.15,0.15,0.14,0.14
708459,鈺太凱基5B購02,0,,,,
708460,營邦凱基5B購01,220530,0.28,0.34,0.26,0.33
708461,營邦凱基5B購02,24320,0.46,0.53,0.46,0.53
708462,營邦凱基5B購03,963130,0.56,0.64,0.51,0.61
708463,環球晶凱基5B購04,482400,0.55,0.63,0.42,0.46
708464,環球晶凱基5B購05,602810,0.66,0.91,0.66,0.73
708465,久元台新5B購01,0,,,,
708466,久元台新5B購02,0,,,,
708467,世界台新5B購02,0,,,,
708468,華景電台新5B購02,0,,,,
708469,華景電台新5B購03,0,,,,
708470,環球晶台新5B購01,1223950,2.34,3.25,2.34,2.61
708471,環球晶台新5B購02,1896040,0.89,1.44,0.89,1.07
708472,環球晶台新62購01,234350,0.99,1.2,0.99,1.03
708473,環球晶台新62購02,1268480,0.67,0.9,0.67,0.75
708474,久元元大5B購02,0,,,,
708475,久元元大5B購03,0,,,,
708477,久元元大5B購05,0,,,,
708478,久元元大5B購06,0,,,,
708479,世禾元大5B購01,0,,,,
708480,世界元大64購04,269690,1.05,1.11,1.04,1.11
708482,合晶元大5B購03,0,,,,
708484,合晶元大5B購05,4340,4.34,4.34,4.34,4.34
708485,合晶元大64購01,0,,,,
708486,合晶元大65購01,63720,3.65,3.75,3.17,3.18
708487,金山電元大5B購02,0,,,,
708489,金山電元大5B購04,0,,,,
708490,群聯元大5B購08,64300,0.21,0.21,0.18,0.18
708491,群聯元大5B購09,4220,0.16,0.16,0.13,0.13
708492,營邦元大5B購01,456870,0.69,0.78,0.68,0.78
708493,營邦元大5B購02,242210,0.51,0.54,0.47,0.54
708494,環球晶元大5B購06,0,,,,
708495,環球晶元大5B購07,557050,1.55,1.93,1.55,1.64
708496,環球晶元大5B購08,381940,1.68,1.68,1.38,1.41
708497,環球晶元大5B購09,4200,0.42,0.42,0.42,0.42
708498,環球晶元大61購02,2200,2.2,2.2,2.2,2.2
708499,環球晶元大64購01,105320,1.9,2.04,1.84,2.04
708500,譜瑞元大61購02,536620,0.46,0.46,0.43,0.43
708501,威剛兆豐65購01,65580,1.32,1.32,1.31,1.31
708502,金山電國泰61購01,46480,2.66,2.75,2.66,2.75
708503,群聯國泰62購01,385290,0.82,0.82,0.77,0.77
708504,群聯國泰63購01,157250,1.27,1.29,1.27,1.29
708505,群聯國泰63購02,354930,0.97,0.98,0.85,0.85
708506,雷科國泰5C購02,0,,,,
708507,環球晶國泰61購01,8231890,2.71,3.12,2.6,2.78
708508,環球晶國泰61購02,6868200,3.0,3.56,2.95,3.13
708509,久元國票5B購02,0,,,,
708510,久元國票5C購03,0,,,,
708511,久元國票5C購04,0,,,,
708512,合晶國票5B購01,5500,5.5,5.5,5.5,5.5
708513,合晶國票5C購01,244390,4.32,5.0,3.8,3.87
708514,金山電國票5C購02,246000,1.02,1.02,0.97,0.98
708515,環球晶國票5B購01,84790,1.19,1.49,1.19,1.26
708516,環球晶國票5C購01,1708980,1.19,1.51,1.16,1.25
708517,世界富邦5B購02,2400,0.12,0.12,0.12,0.12
708518,精材富邦5B購01,0,,,,
708519,營邦富邦61購01,698360,0.55,0.59,0.52,0.57
708520,環球晶富邦5B購02,1314150,0.53,0.7,0.52,0.58
708521,環球晶富邦61購01,1703210,0.63,0.79,0.61,0.67
708522,中美晶群益5C購02,55150,1.23,1.29,1.12,1.12
708523,世界群益5B購08,3200,0.16,0.16,0.16,0.16
708524,朋程群益5B購01,134730,0.27,0.27,0.27,0.27
708525,金山電群益5B購01,0,,,,
708526,新盛力群益5B購02,0,,,,
708527,精材群益5B購02,0,,,,
708528,臺慶科群益5B購01,0,,,,
708529,德微群益5B購01,877480,1.84,2.28,1.8,2.28
708530,營邦群益5B購01,216220,0.63,0.72,0.63,0.72
708531,營邦群益5B購02,0,,,,
708532,環球晶群益5B購04,314610,0.79,1.06,0.78,0.85
708533,譜瑞群益5C購02,0,,,,
708534,中美晶凱基5B購02,81270,1.89,1.89,1.89,1.89
708535,世禾凱基5B購02,0,,,,
708536,立碁凱基5C購01,11990,1.1,1.11,1.08,1.11
708537,朋程凱基5B購01,78540,0.36,0.36,0.33,0.33
708538,倚強凱基5B購01,54370,2.89,2.89,2.7,2.7
708539,原相凱基5B購03,0,,,,
708540,精材凱基5B購04,0,,,,
708541,臺慶科凱基5B購01,0,,,,
708542,譜瑞凱基61購01,24090,0.22,0.22,0.2,0.21
708543,群聯永豐65購03,440870,0.5,0.51,0.47,0.47
708544,精材永豐63購01,0,,,,
708545,世界兆豐61購01,0,,,,
708546,譜瑞兆豐65購01,0,,,,
708547,群聯群益67購01,63150,0.62,0.63,0.58,0.59
708548,精材群益5B購03,0,,,,
708549,廣穎群益61購01,53600,1.34,1.34,1.34,1.34
708550,世界元大63購03,806800,1.34,1.37,1.29,1.37
708551,新盛力元大61購02,164730,3.18,3.18,3.14,3.15
708552,群聯元大5C購01,144150,0.62,0.62,0.59,0.61
708553,譜瑞元大5B購01,0,,,,
708554,譜瑞元大5B購02,0,,,,
708555,中美晶國泰61購01,915110,2.58,2.72,2.41,2.41
708556,台半國泰5C購01,724440,2.76,2.79,2.51,2.76
708557,欣銓國泰5C購02,768380,1.48,1.48,1.35,1.35
708558,立碁富邦5B購01,267830,0.43,0.43,0.35,0.36
708559,欣銓富邦5B購02,212720,0.35,0.36,0.28,0.28
708560,威剛富邦5B購01,0,,,,
708561,順達富邦5C購02,38700,0.57,0.57,0.53,0.53
708562,群聯富邦62購04,18150,0.38,0.38,0.34,0.34
708563,中美晶國票5C購01,99590,0.78,0.79,0.71,0.71
708564,台特化國票5C購01,0,,,,
708565,尼克森國票5B購01,55930,0.29,0.29,0.26,0.29
708566,立敦國票5B購01,0,,,,
708567,美琪瑪國票5C購02,0,,,,
708568,宸曜國票5B購01,1230,0.41,0.41,0.41,0.41
708569,新盛力國票5C購01,0,,,,
708570,新漢國票5B購01,0,,,,
708571,群聯國票5C購01,28000,0.28,0.28,0.28,0.28
708572,世界凱基5B購03,10560,0.48,0.48,0.48,0.48
708573,家登凱基5B購05,0,,,,
708574,創惟凱基5B購01,0,,,,
708575,華宏凱基5B購01,0,,,,
708576,閎康凱基5B購02,0,,,,
708577,閎康凱基5B購03,0,,,,
708578,閎康凱基5B購04,1000,0.05,0.05,0.05,0.05
708579,群聯凱基5B購04,57020,0.21,0.23,0.18,0.18
708580,群聯凱基5C購01,36750,0.19,0.19,0.15,0.15
708581,群聯凱基61購03,23200,0.29,0.29,0.29,0.29
708582,榮剛凱基5B購01,0,,,,
708583,精材凱基5B購05,323080,4.88,4.94,4.48,4.94
708584,廣穎凱基5B購02,16640,0.64,0.64,0.64,0.64
708585,譜瑞凱基5B購02,0,,,,
708586,美琪瑪富邦5B購01,0,,,,
708587,閎康富邦62購01,0,,,,
708588,群聯富邦62購05,133010,0.19,0.2,0.17,0.17
708589,宏捷科兆豐65購01,125550,0.34,0.35,0.33,0.33
708590,群聯兆豐65購02,156820,0.75,0.8,0.69,0.71
708591,精材兆豐61購01,322540,3.57,3.59,3.48,3.58
708592,元太元大5B購02,0,,,,
708593,世禾元大5B購02,0,,,,
708594,欣銓元大5B購02,588740,1.33,1.39,1.14,1.15
708595,順達元大5B購03,0,,,,
708596,新盛力元大61購03,15750,1.78,1.78,1.69,1.69
708597,群聯元大5B購10,250060,0.43,0.43,0.38,0.38
708598,群聯元大5B購11,87400,0.14,0.14,0.12,0.13
708599,群聯元大5B購12,0,,,,
708600,群聯元大5B購13,0,,,,
708601,群聯元大5B購14,153760,0.31,0.31,0.31,0.31
708602,群聯元大5C購02,0,,,,
708603,群聯元大61購06,5110,0.51,0.52,0.51,0.51
708604,群聯元大63購03,147600,0.32,0.32,0.28,0.29
708605,精材元大61購07,0,,,,
708606,譜瑞元大5B購03,3600,0.04,0.04,0.04,0.04
708607,中美晶永豐65購01,226340,0.83,0.92,0.81,0.82
708608,台半永豐63購01,0,,,,
708609,茂達永豐61購01,0,,,,
708610,新盛力永豐63購01,545260,1.1,1.11,1.06,1.06
708611,群聯永豐5C購03,170,0.17,0.17,0.17,0.17
708612,群聯永豐5C購04,1640,0.24,0.24,0.22,0.22
708613,精材永豐64購01,32550,3.29,3.29,3.22,3.22
708614,德微永豐63購01,143040,1.49,1.49,1.49,1.49
708615,元太群益5B購03,4000,0.04,0.04,0.04,0.04
708616,方土昶群益5B購02,0,,,,
708617,台半群益5B購01,0,,,,
708618,家登群益5B購03,0,,,,
708619,閎康群益61購01,10000,0.1,0.1,0.1,0.1
708620,陽程群益5B購02,0,,,,
708621,順達群益5B購03,5040,0.18,0.18,0.18,0.18
708622,新盛力群益5B購03,1400,0.7,0.7,0.7,0.7
708623,群聯群益5B購05,0,,,,
708624,群聯群益61購04,95800,0.28,0.28,0.24,0.26
708625,榮剛群益5B購01,0,,,,
708626,精材群益5B購04,154600,12.8,13.3,12.8,13.3
708627,廣穎群益5B購02,41340,0.78,0.78,0.78,0.78
708628,譜瑞群益5B購02,0,,,,
708629,元太凱基5B購04,0,,,,
708630,元太凱基5B購05,0,,,,
708631,閎康凱基61購02,0,,,,
708632,順達凱基5B購03,0,,,,
708633,新盛力凱基61購01,54300,0.78,0.79,0.77,0.77
708634,譜瑞凱基5B購03,0,,,,
708635,譜瑞凱基5B購04,0,,,,
708636,中美晶元大63購02,187180,1.94,2.07,1.94,1.97
708637,沛亨元大5B購02,0,,,,
708638,威剛元大5B購08,0,,,,
708639,閎康元大5B購01,0,,,,
708640,順達元大5B購04,179200,0.6,0.61,0.55,0.55
708642,優群元大5B購01,0,,,,
708643,譜瑞元大5B購04,0,,,,
708644,譜瑞元大5B購05,50,0.05,0.05,0.05,0.05
708645,譜瑞元大5B購06,3420,0.18,0.18,0.18,0.18
708646,譜瑞元大5B購07,0,,,,
708647,台特化永豐61購01,0,,,,
708648,沛亨永豐5C購01,135900,0.25,0.25,0.24,0.24
708649,金益鼎永豐5C購01,0,,,,
708650,廣穎永豐61購01,0,,,,
708651,中美晶富邦5B購01,747690,0.72,0.73,0.56,0.58
708652,元太富邦62購01,0,,,,
708653,元太富邦62購02,0,,,,
708654,系統電富邦5B購01,0,,,,
708655,新盛力富邦62購01,676470,0.86,0.86,0.8,0.81
708656,元太群益5B購04,0,,,,
708657,閎康群益5B購04,0,,,,
708658,廣穎群益61購02,0,,,,
708659,元太群益5B購05,0,,,,
708660,臺慶科群益5B購02,0,,,,
708661,元太元大5B購03,400,0.01,0.01,0.01,0.01
708662,元太元大5B購04,0,,,,
708664,元太元大5B購06,0,,,,
708665,元太元大5B購07,0,,,,
708666,元太元大5B購08,0,,,,
708667,元太元大5B購09,0,,,,
708668,元太元大5B購10,0,,,,
708669,博盛元大5B購01,61440,0.64,0.64,0.64,0.64
708670,陽程元大63購02,1271010,2.34,2.47,2.2,2.24
708671,新盛力元大5B購03,9920,1.24,1.24,1.24,1.24
708672,元太永豐5C購01,0,,,,
708673,元太永豐61購01,0,,,,
708674,威剛永豐67購01,0,,,,
708675,智通*永豐61購01,0,,,,
708676,閎康永豐61購01,0,,,,
708677,新漢永豐5C購01,0,,,,
708678,臺慶科永豐5C購01,0,,,,
708679,凡甲凱基5C購01,0,,,,
708680,中美晶凱基5B購03,0,,,,
708681,元太凱基5B購06,0,,,,
708682,威剛凱基5B購07,34300,0.28,0.28,0.26,0.27
708683,美琪瑪凱基5C購01,0,,,,
708684,陽程凱基5B購01,240160,2.19,2.21,1.97,1.97
708685,新盛力凱基5B購03,51810,0.53,0.53,0.51,0.52
708686,新盛力凱基61購02,76980,0.92,0.92,0.9,0.9
708688,凡甲台新5B購01,0,,,,
708689,凡甲台新5B購02,0,,,,
708690,凡甲台新5B購03,0,,,,
708691,中美晶台新5B購03,0,,,,
708692,元太台新5B購01,0,,,,
708693,方土昶台新5B購01,0,,,,
708694,台特化台新5B購03,0,,,,
708695,閎康台新5B購01,0,,,,
708696,閎康台新5B購02,0,,,,
708697,閎康台新5B購03,0,,,,
708698,順達台新5B購03,46020,0.78,0.78,0.78,0.78
708699,臺慶科台新5B購02,0,,,,
708700,凡甲國泰61購02,3600,0.36,0.36,0.36,0.36
708701,元太國泰5C購01,0,,,,
708702,元太國泰5C購02,0,,,,
708703,元太國泰5C購03,0,,,,
708704,台半富邦62購01,669970,0.68,0.68,0.63,0.66
708705,華景電富邦5B購01,4080,0.06,0.06,0.06,0.06
708706,新盛力富邦61購04,962980,0.76,0.76,0.71,0.72
708707,德微富邦63購01,650570,1.01,1.2,0.98,1.2
708708,雙鴻富邦61購01,0,,,,
708709,元太國票5C購01,0,,,,
708710,元太國票5C購02,0,,,,
708711,光頡國票5B購01,0,,,,
708712,光頡國票5B購02,0,,,,
708713,朋程國票5B購01,0,,,,
708714,閎康國票5C購01,0,,,,
708715,新盛力國票5B購02,323860,0.66,0.66,0.61,0.64
708716,中美晶台新5B購04,266600,4.19,4.77,3.95,3.95
708717,台半台新5B購01,0,,,,
708718,台半台新5B購02,36450,2.6,2.68,2.59,2.59
708719,台半台新5B購03,343350,1.42,1.5,1.41,1.47
708720,光頡凱基5B購01,267490,3.81,4.61,3.81,4.61
708721,陽程凱基61購01,116460,1.96,2.09,1.9,1.9
708722,陽程凱基63購02,210500,1.63,1.63,1.5,1.5
708723,勤凱凱基5B購01,0,,,,
708724,臺慶科凱基5B購02,0,,,,
708725,擎亞凱基5B購02,0,,,,
708726,擎亞凱基5B購03,2500,0.5,0.5,0.5,0.5
708727,台半元大63購02,203080,2.33,2.34,2.21,2.32
708728,威剛元大5B購09,0,,,,
708729,博盛元大5B購02,0,,,,
708730,閎康元大5B購02,0,,,,
708731,陽程元大5B購01,154810,1.78,1.79,1.77,1.77
708732,陽程元大5B購02,590260,1.5,1.51,1.4,1.43
708733,陽程元大65購02,905440,1.11,1.15,1.05,1.05
708734,勤凱元大5B購01,0,,,,
708735,勤凱元大5B購02,0,,,,
708736,勤凱元大5B購03,0,,,,
708737,群翊元大5B購02,0,,,,
708738,德微元大5B購01,274340,2.43,2.66,2.43,2.66
708739,德微元大5B購02,309140,1.11,1.24,1.11,1.21
708740,擎亞元大5B購03,0,,,,
708741,擎亞元大5B購04,0,,,,
708742,尼克森永豐5C購01,16560,0.23,0.23,0.17,0.17
708743,光頡永豐61購01,218950,2.56,3.25,2.56,3.25
708744,翔名永豐5C購01,0,,,,
708745,陽程永豐5B購02,197710,0.94,0.99,0.87,0.87
708746,精材永豐61購02,0,,,,
708747,臺慶科永豐65購01,0,,,,
708748,擎亞永豐5C購01,0,,,,
708749,擎亞永豐61購01,0,,,,
708750,雙鴻永豐65購01,88360,2.46,2.46,2.41,2.41
708751,精材富邦5B購02,0,,,,
708752,博盛國泰5C購01,343250,0.65,0.72,0.65,0.72
708753,擎亞國泰61購01,0,,,,
708754,凡甲群益5B購02,0,,,,
708755,中美晶群益5B購03,426480,1.91,2.0,1.57,1.57
708756,正淩群益5B購01,0,,,,
708757,威剛群益61購02,8010,1.01,1.01,0.7,0.7
708758,陽程群益5B購03,20760,1.44,1.44,1.37,1.37
708759,聖暉*群益5B購02,0,,,,
708760,精材群益5B購06,0,,,,
708761,擎亞群益5B購02,960,0.08,0.08,0.08,0.08
708762,大中國票5B購01,11520,0.36,0.36,0.36,0.36
708763,世界國票5C購04,0,,,,
708764,立端國票5C購01,10500,0.35,0.35,0.35,0.35
708766,沛亨國票5C購01,0,,,,
708767,威剛國票5C購03,0,,,,
708768,原相國票5B購02,0,,,,
708769,家碩國票5C購01,0,,,,
708770,博盛國票5B購02,0,,,,
708771,博盛國票5C購01,39700,0.44,0.45,0.44,0.45
708772,博盛國票5C購02,0,,,,
708773,陽程國票5B購01,317780,1.46,1.59,1.31,1.33
708774,新鉅科國票5C購01,28350,0.42,0.42,0.4,0.42
708775,聖暉*國票5C購01,0,,,,
708776,榮剛國票5C購01,0,,,,
708777,精材國票5C購02,0,,,,
708778,臺慶科國票5C購02,11500,0.23,0.23,0.23,0.23
708779,廣閎科國票5C購01,627020,0.79,1.28,0.79,1.1
708780,擎亞國票5B購01,0,,,,
708781,FH中5G凱基5B購01,24000,0.42,0.42,0.38,0.38
708782,世界凱基64購01,0,,,,
708783,正淩凱基5B購02,0,,,,
708784,光頡凱基5B購02,106700,3.57,3.57,3.53,3.53
708785,均豪凱基5B購02,0,,,,
708786,沛亨凱基5B購02,0,,,,
708787,群翊凱基5B購01,0,,,,
708788,聖暉*凱基5B購04,0,,,,
708789,精材凱基5B購06,75160,2.66,2.66,2.57,2.59
708790,精材凱基5B購07,0,,,,
708791,精材凱基5C購02,2990,2.99,2.99,2.99,2.99
708792,精材凱基61購04,0,,,,
708793,德微凱基5B購01,134520,1.66,1.68,1.58,1.68
708794,世界中信5B購02,44600,0.14,0.16,0.14,0.16
708795,正淩永豐61購01,0,,,,
708796,茂綸永豐61購01,12800,0.64,0.64,0.64,0.64
708797,神準永豐5C購01,17100,0.32,0.32,0.31,0.31
708798,精材永豐65購01,236260,2.36,2.36,2.11,2.19
708799,台半元大5B購01,77150,2.15,2.17,2.12,2.17
708800,光頡元大5B購01,31700,3.17,3.17,3.17,3.17
708801,光頡元大5B購03,57260,3.21,4.0,3.18,4.0
708802,聖暉*元大5B購03,0,,,,
708803,聖暉*元大5B購04,0,,,,
708804,雷科元大5B購01,0,,,,
708805,精材元大5B購13,0,,,,
708806,精材元大5B購14,0,,,,
708807,精材元大5B購15,0,,,,
708808,精材元大5B購16,63710,4.61,4.63,4.44,4.44
708809,精材元大5B購17,87090,4.59,4.62,4.47,4.47
708810,精材元大63購03,2340,2.34,2.34,2.34,2.34
708811,臺慶科元大63購01,12440,0.38,0.38,0.36,0.36
708812,世界台新5B購04,162000,0.88,0.95,0.83,0.95
708813,光頡台新5B購01,0,,,,
708814,欣銓台新5B購03,193690,1.17,1.17,1.01,1.03
708815,欣銓台新5B購04,636520,1.11,1.13,0.86,0.88
708816,倚強台新5B購01,236410,1.23,1.23,1.06,1.18
708817,聖暉*台新5B購03,0,,,,
708818,榮剛台新5B購01,0,,,,
708819,精材台新5B購04,0,,,,
708820,精材台新5B購05,0,,,,
708821,精材台新5C購01,0,,,,
708822,臺慶科台新5B購03,0,,,,
708823,臺慶科台新5B購04,0,,,,
708824,伍豐國票5C購01,0,,,,
708825,光頡國票5B購03,15120,3.78,3.78,3.78,3.78
708826,翔名國票5C購02,0,,,,
708827,聖暉*兆豐61購01,290,0.29,0.29,0.29,0.29
708828,立敦群益5B購01,600,0.15,0.15,0.15,0.15
708829,光頡群益5B購01,11660,3.8,4.06,3.8,4.06
708830,金益鼎群益5B購01,0,,,,
708831,茂綸群益5C購01,14330,0.5,0.53,0.5,0.53
708832,翔名群益5B購01,0,,,,
708833,精材群益5B購07,139500,5.35,5.35,5.05,5.3
708834,千如國泰5C購01,0,,,,
708835,聖暉*國泰5C購01,0,,,,
708836,精材國泰5C購01,0,,,,
708837,精材國泰5C購02,53000,5.3,5.3,5.3,5.3
708838,臺慶科國泰5C購01,0,,,,
708839,萬泰科富邦63購01,0,,,,
708840,中美晶元大5B購04,60580,2.05,2.05,1.98,1.98
708841,台半元大5B購02,134120,0.96,0.96,0.91,0.95
708842,光頡元大5B購04,3160,3.16,3.16,3.16,3.16
708843,威剛元大5B購10,28190,1.23,1.23,1.22,1.22
708844,威剛元大5B購11,0,,,,
708845,翔名元大5B購01,0,,,,
708846,順達元大5B購05,68630,0.92,0.93,0.92,0.93
708847,新盛力元大5B購04,0,,,,
708848,群翊元大5B購03,0,,,,
708849,擎亞元大5B購05,0,,,,
708850,擎亞元大5B購06,6080,0.16,0.16,0.16,0.16
708851,久元凱基5B購03,0,,,,
708852,台半凱基5B購01,0,,,,
708853,立碁凱基5C購02,1490,1.49,1.49,1.49,1.49
708854,光頡凱基5B購03,2515880,1.52,2.05,1.52,2.05
708855,光頡凱基5B購04,0,,,,
708856,茂綸凱基5C購01,0,,,,
708857,翔名凱基5B購01,0,,,,
708858,德微凱基5B購02,58210,0.66,0.93,0.63,0.93
708859,立敦台新5B購01,138160,0.92,0.92,0.87,0.87
708860,立敦台新5B購02,0,,,,
708861,沛亨台新5B購01,212100,0.98,0.99,0.94,0.94
708862,沛亨台新5B購02,0,,,,
708863,沛亨台新5B購03,10800,0.4,0.4,0.4,0.4
708864,捷創台新5B購01,395130,0.47,0.57,0.47,0.53
708865,新盛力台新5B購02,0,,,,
708866,新盛力台新5B購03,0,,,,
708867,新盛力台新5C購01,507820,2.47,2.47,2.32,2.32
708868,新盛力台新62購02,343540,2.06,2.06,1.97,1.97
708869,中美晶中信5B購01,249970,0.99,0.99,0.8,0.8
708870,光頡中信5B購01,1185440,1.03,1.45,0.99,1.45
708871,威剛中信65購01,420,0.42,0.42,0.42,0.42
708872,台半永豐61購01,145120,1.34,1.36,1.33,1.36
708873,光頡永豐64購01,0,,,,
708874,雅特力永豐5B購01,21320,1.64,1.64,1.64,1.64
708875,千如國票5C購01,161310,0.43,0.43,0.38,0.4
708876,台半國票5C購02,0,,,,
708877,台星科國票5C購02,409180,0.41,0.41,0.41,0.41
708878,光頡國票5C購01,471840,2.25,3.0,2.25,3.0
708880,亞通國票5B購01,0,,,,
708881,金益鼎國票5C購01,0,,,,
708882,能率國票5C購01,0,,,,
708883,晶焱國票5B購01,0,,,,
708884,智通*國票5B購02,0,,,,
708885,翔名國票5C購03,0,,,,
708886,雅特力國票5C購01,53020,1.75,1.75,1.61,1.61
708887,萬泰科國票5C購01,0,,,,
708888,雷科國票5B購02,959740,1.09,1.09,1.0,1.0
708889,德微國票5C購01,2881020,1.14,1.51,1.12,1.51
708890,擎亞國票5B購02,0,,,,
708891,久元群益61購02,0,,,,
708892,世界群益62購02,18250,0.62,0.63,0.6,0.6
708893,立碁群益5B購01,0,,,,
708894,光頡群益5B購02,291190,2.38,3.75,2.38,3.6
708895,均豪群益5B購02,0,,,,
708896,擎亞群益5C購01,0,,,,
708897,雷科國泰61購01,30500,3.05,3.05,3.05,3.05
708898,寶雅富邦61購01,0,,,,
708899,凡甲統一65購01,42000,0.2,0.2,0.2,0.2
708900,久元統一65購01,0,,,,
708901,久元統一65購02,0,,,,
708902,大中統一63購01,14000,0.7,0.7,0.7,0.7
708903,大中統一65購01,131500,0.61,0.61,0.59,0.6
708904,世界統一64購02,715640,0.62,0.64,0.6,0.64
708905,世界統一65購01,8250,0.55,0.55,0.55,0.55
708906,世界統一65購02,175220,0.48,0.49,0.48,0.49
708907,尼克森統一63購01,140550,0.32,0.33,0.31,0.33
708908,立敦統一63購01,0,,,,
708909,立敦統一65購01,0,,,,
708910,立敦統一65購02,0,,,,
708911,立敦統一66購01,0,,,,
708912,光頡統一63購01,0,,,,
708913,光頡統一65購01,2457920,1.31,1.67,1.24,1.63
708914,光頡統一65購02,692440,0.76,0.92,0.74,0.92
708915,安葆統一75購01,399040,0.79,0.88,0.79,0.88
708916,艾訊統一65購01,29700,0.27,0.27,0.27,0.27
708917,邑錡統一65購01,3440,0.43,0.43,0.43,0.43
708918,亞通統一65購01,6190,0.89,0.89,0.88,0.88
708919,欣銓統一63購01,427890,0.89,0.9,0.76,0.76
708920,欣銓統一65購02,159310,0.71,0.71,0.65,0.66
708921,欣銓統一67購01,1247210,1.38,1.38,1.21,1.23
708922,欣銓統一69購01,706050,0.95,0.95,0.9,0.9
708923,威剛統一64購02,0,,,,
708924,威剛統一65購01,0,,,,
708925,威剛統一65購02,0,,,,
708926,威剛統一65購03,0,,,,
708927,威剛統一69購01,0,,,,
708928,茂達統一64購01,0,,,,
708929,茂綸統一63購01,0,,,,
708930,翔名統一63購01,0,,,,
708931,翔名統一65購01,0,,,,
708932,閎康統一65購01,0,,,,
708933,閎康統一65購02,0,,,,
708934,順達統一65購02,83700,0.54,0.54,0.54,0.54
708935,新盛力統一69購01,24690,0.68,0.69,0.68,0.69
708936,聖暉*統一63購02,26300,0.3,0.3,0.29,0.29
708937,臺慶科統一63購01,0,,,,
708938,臺慶科統一65購01,59200,0.37,0.37,0.37,0.37
708939,擎亞統一67購01,4760,0.31,0.31,0.29,0.29
708940,中美晶凱基5B購04,80410,1.87,1.87,1.87,1.87
708941,世界凱基63購01,280250,0.76,0.77,0.75,0.75
708942,台半凱基61購01,17800,0.89,0.89,0.89,0.89
708943,台星科凱基5C購01,56000,0.58,0.58,0.57,0.58
708944,均豪凱基5B購03,0,,,,
708945,威剛凱基5B購08,516490,0.46,0.48,0.45,0.45
708946,德微凱基5C購01,0,,,,
708947,擎亞凱基5B購04,0,,,,
708948,順達台新61購01,0,,,,
708949,鈊象台新5B購04,5400,1.08,1.08,1.08,1.08
708950,優群台新5B購02,0,,,,
708951,中美晶元大5B購05,350620,1.19,1.19,0.99,0.99
708952,台半元大5B購03,115640,0.54,0.54,0.5,0.52
708953,均豪元大5B購03,0,,,,
708954,威剛元大5B購12,13800,0.69,0.69,0.69,0.69
708955,威剛元大5B購13,0,,,,
708956,順達元大5B購06,95830,1.53,1.53,1.44,1.44
708957,新盛力元大5B購05,170050,0.95,0.95,0.95,0.95
708958,雷科元大5B購02,0,,,,
708959,雷科元大5B購03,0,,,,
708960,雷科元大5B購04,197700,2.59,2.59,2.53,2.53
708961,擎亞元大5B購07,0,,,,
708962,點序元大5B購01,0,,,,
708963,台半永豐5C購02,65000,0.65,0.65,0.65,0.65
708964,凌陽創永豐61購01,0,,,,
708965,萬泰科永豐61購01,0,,,,
708966,久元群益5B購01,0,,,,
708967,均豪群益5B購03,0,,,,
708968,佳邦群益5B購01,0,,,,
708969,朋程群益5B購02,1330,0.15,0.15,0.13,0.13
708970,欣銓群益5B購03,38370,1.12,1.12,0.97,0.97
708971,鈊象群益5B購03,0,,,,
708972,鈺太群益5B購01,0,,,,
708973,德微群益5B購03,69800,0.69,0.73,0.69,0.73
708974,雙鴻群益5B購08,0,,,,
708975,久元統一65購03,0,,,,
708976,久元統一65購04,0,,,,
708977,台半統一63購01,30720,0.98,0.98,0.94,0.94
708978,台半統一65購01,0,,,,
708979,台半統一69購01,33340,0.54,0.55,0.54,0.55
708980,台星科統一65購01,199740,0.6,0.6,0.59,0.59
708981,立敦統一65購03,0,,,,
708982,沛亨統一69購01,0,,,,
708983,良維統一5B購01,0,,,,
708984,欣銓統一65購03,7370,0.67,0.67,0.67,0.67
708985,金益鼎統一65購02,0,,,,
708986,威剛統一5B購02,0,,,,
708987,威剛統一65購04,0,,,,
708988,茂達統一65購01,0,,,,
708989,茂綸統一65購01,100430,0.62,0.62,0.6,0.61
708990,閎康統一63購02,0,,,,
708991,聖暉*統一65購02,0,,,,
708992,德微統一63購02,225550,0.6,0.69,0.59,0.68
708993,德微統一75購01,1560,0.78,0.78,0.78,0.78
708994,擎亞統一63購01,0,,,,
708995,擎亞統一65購01,0,,,,
708996,擎亞統一66購01,0,,,,
708997,鑫科統一69購01,8500,0.29,0.29,0.28,0.28
708998,台半國票5C購03,6950,0.71,0.71,0.68,0.68
708999,安葆國票5C購02,42930,1.31,2.13,1.31,2.13
709000,欣銓國票5C購02,65760,1.24,1.26,1.24,1.26
709001,泓格國票5B購01,1300,0.26,0.26,0.26,0.26
709002,泓格國票5C購01,3300,0.33,0.33,0.33,0.33
709003,雷科國票5B購04,7900,1.58,1.58,1.58,1.58
709004,漢達國票5C購01,0,,,,
709005,德微國票5C購02,35940,0.83,0.9,0.83,0.9
709006,大中台新5B購01,75510,1.04,1.04,0.99,1.0
709007,元債20台新5B購01,0,,,,
709008,立敦台新5B購03,0,,,,
709009,佳邦台新5B購01,0,,,,
709010,博大台新5B購01,0,,,,
709011,立敦凱基5B購01,320,0.08,0.08,0.08,0.08
709012,安葆凱基5C購02,492900,1.82,2.19,1.8,2.15
709013,佳邦凱基5C購01,0,,,,
709014,朋程凱基5B購02,0,,,,
709015,威剛凱基5C購02,0,,,,
709016,茂達凱基5B購01,3300,0.33,0.33,0.33,0.33
709017,鈊象凱基5B購02,0,,,,
709018,鈺太凱基5B購03,0,,,,
709019,臺慶科凱基63購01,0,,,,
709020,德微凱基5B購03,116980,0.26,0.4,0.26,0.4
709021,擎亞凱基5B購05,0,,,,
709022,雙鴻凱基61購03,0,,,,
709023,中美晶群益5B購04,0,,,,
709024,世界群益61購01,7110,0.64,0.66,0.64,0.66
709025,台半群益5B購02,102000,1.02,1.02,1.02,1.02
709026,台半群益5B購03,130000,1.3,1.3,1.3,1.3
709027,均豪群益5B購04,182000,0.26,0.26,0.26,0.26
709028,威剛群益5B購03,1400,0.35,0.35,0.35,0.35
709029,茂達群益5B購01,0,,,,
709030,智通*群益5B購01,0,,,,
709031,華宏群益5B購01,0,,,,
709032,新盛力群益61購01,427050,2.19,2.19,2.19,2.19
709033,擎亞群益65購01,0,,,,
709034,台半元大5B購04,284380,2.12,2.21,2.07,2.21
709035,正淩元大5B購02,0,,,,
709036,金益鼎元大5B購01,0,,,,
709037,威剛元大5B購14,0,,,,
709038,原相元大5B購02,0,,,,
709039,順達元大5B購07,211250,7.95,7.95,7.55,7.55
709040,雷科元大5B購05,332250,2.25,2.25,2.09,2.09
709041,德微元大5B購03,242090,0.73,0.82,0.7,0.82
709042,擎亞元大5B購08,24000,0.24,0.24,0.24,0.24
709043,寶雅元大5B購01,14670,1.63,1.63,1.63,1.63
709044,威剛國泰5C購01,248250,0.75,1.23,0.75,1.23
709045,威剛國泰5C購02,0,,,,
709046,威剛國泰5C購03,1150,1.15,1.15,1.15,1.15
709047,擎亞國泰62購01,0,,,,
709048,久元富邦61購04,0,,,,
709049,台半富邦62購02,100600,0.72,0.76,0.72,0.76
709050,閎康富邦61購01,0,,,,
709051,新盛力富邦61購05,0,,,,
709052,擎亞富邦5C購01,14000,0.14,0.14,0.14,0.14
709053,久元統一65購05,0,,,,
709054,正淩統一65購02,0,,,,
709055,正淩統一69購01,0,,,,
709056,立敦統一65購04,0,,,,
709057,沛亨統一65購01,14700,0.49,0.49,0.49,0.49
709058,朋程統一63購01,0,,,,
709059,欣銓統一5B購01,51080,0.66,0.66,0.6,0.6
709060,欣銓統一65購04,120150,0.88,0.88,0.7,0.7
709061,茂達統一65購02,0,,,,
709062,凌陽創統一63購01,0,,,,
709063,閎康統一65購03,0,,,,
709064,新漢統一61購01,0,,,,
709065,德微統一5B購01,69050,0.33,0.45,0.32,0.45
709066,德微統一65購01,78060,0.45,0.65,0.45,0.65
709067,德微統一65購02,11200,0.56,0.56,0.56,0.56
709068,擎亞統一63購02,0,,,,
709069,擎亞統一65購02,0,,,,
709070,鑫科統一64購01,0,,,,
709071,立敦永豐61購01,0,,,,
709072,佳邦永豐63購01,0,,,,
709073,威剛永豐5B購02,0,,,,
709074,威剛永豐61購02,0,,,,
709075,原相永豐5C購01,0,,,,
709076,德微永豐5C購01,10800,0.6,0.6,0.6,0.6
709077,擎亞永豐64購01,0,,,,
709078,元債20國票5B購02,0,,,,
709079,台半國票61購01,51040,0.64,0.67,0.62,0.66
709080,佳邦國票5C購02,0,,,,
709081,茂達國票5C購01,0,,,,
709082,博大國票5C購01,640,0.32,0.32,0.32,0.32
709083,晶宏國票5C購02,363360,1.23,1.23,1.09,1.09
709086,德微國票5C購03,315270,0.6,0.69,0.59,0.69
709087,點序國票5B購01,0,,,,
709088,點序國票5C購01,0,,,,
709089,世紀*元大5B購01,65220,5.05,5.05,3.41,3.56
709090,台特化元大5B購02,0,,,,
709091,博智元大5B購02,0,,,,
709092,智通*元大5B購01,3000,0.6,0.6,0.6,0.6
709093,鈊象元大5B購02,0,,,,
709094,群聯元大5B購15,275040,3.07,3.18,2.63,2.8
709095,群聯元大5B購16,107800,0.55,0.55,0.55,0.55
709096,廣穎元大5B購01,0,,,,
709097,雙鴻元大5B購03,0,,,,
709098,尼克森國票5B購02,1470,0.21,0.21,0.21,0.21
709099,朋程國票5B購02,298620,0.45,0.45,0.38,0.38
709100,晶宏國票5C購03,3850,0.77,0.77,0.77,0.77
709101,華容國票5C購02,0,,,,
709102,群聯國票61購03,12400,0.62,0.62,0.62,0.62
709103,雷科國票5C購01,183190,1.11,1.11,1.04,1.04
709104,臺慶科國票5C購03,0,,,,
709105,廣穎國票5C購02,0,,,,
709106,優群國票5B購01,0,,,,
709107,擎亞國票5C購01,158270,0.17,0.17,0.14,0.16
709108,鑫聯國票5C購02,0,,,,
709109,中美晶凱基63購01,42400,1.33,1.51,1.3,1.3
709110,均豪凱基5C購01,0,,,,
709111,凌陽創凱基5B購01,0,,,,
709112,博智凱基5B購01,300,0.06,0.06,0.06,0.06
709113,博智凱基5B購02,0,,,,
709114,博智凱基5B購03,26100,0.09,0.09,0.09,0.09
709115,群聯凱基5B購05,9750,0.39,0.39,0.39,0.39
709116,群聯凱基5B購06,0,,,,
709117,群聯凱基5B購07,198410,0.42,0.42,0.35,0.37
709118,雙鴻凱基5B購02,154500,2.99,3.02,2.95,2.95
709119,中光電台新5B購01,0,,,,
709120,中美晶台新61購01,17570,2.51,2.51,2.51,2.51
709121,原相台新5B購01,0,,,,
709122,博盛台新5B購01,165300,0.47,0.55,0.46,0.55
709123,博智台新5B購01,0,,,,
709124,博智台新5B購02,0,,,,
709125,博智台新5B購03,0,,,,
709126,順達台新5B購04,0,,,,
709127,群聯台新5B購09,0,,,,
709128,群聯台新5B購10,35300,0.6,0.6,0.52,0.52
709129,群聯台新5B購11,0,,,,
709130,雷科台新5B購01,0,,,,
709131,雷科台新5B購02,510010,1.35,1.35,1.22,1.33
709132,廣穎台新5B購01,0,,,,
709133,聯合台新5B購01,0,,,,
709134,鑫科台新5B購01,0,,,,
709135,台特化富邦5C購02,0,,,,
709136,博智富邦61購02,12480,0.26,0.27,0.24,0.27
709137,群聯富邦61購03,176200,0.55,0.55,0.48,0.5
709138,群聯富邦61購04,0,,,,
709139,安勤永豐5C購01,0,,,,
709140,朋程永豐5C購01,0,,,,
709141,博智永豐5C購02,1110,0.37,0.37,0.37,0.37
709142,群聯永豐5C購05,4250,0.42,0.43,0.42,0.43
709143,群聯永豐63購01,33250,0.95,0.95,0.95,0.95
709144,群聯永豐64購03,0,,,,
709145,群聯永豐65購04,0,,,,
709146,漢科永豐5C購01,0,,,,
709147,中美晶統一66購01,376530,0.78,0.78,0.72,0.72
709148,正淩統一65購03,0,,,,
709149,沛亨統一63購01,13630,0.47,0.47,0.47,0.47
709150,沛亨統一64購01,4400,0.44,0.44,0.44,0.44
709151,沛亨統一65購02,148560,0.44,0.44,0.43,0.44
709152,佳邦統一63購01,0,,,,
709153,佳邦統一65購01,3220,0.23,0.23,0.23,0.23
709154,朋程統一65購01,0,,,,
709155,欣銓統一63購02,0,,,,
709156,茂達統一65購03,0,,,,
709157,茂達統一69購01,95700,0.55,0.55,0.55,0.55
709158,茂綸統一65購02,136480,0.67,0.67,0.66,0.67
709159,茂綸統一65購03,62400,0.6,0.6,0.6,0.6
709160,神準統一66購01,15300,0.51,0.51,0.51,0.51
709161,博智統一63購02,71760,0.26,0.26,0.26,0.26
709162,博智統一65購01,0,,,,
709163,閎康統一65購04,0,,,,
709164,萬泰科統一75購01,0,,,,
709165,群聯統一5B購02,0,,,,
709166,群聯統一63購01,428780,0.43,0.43,0.39,0.39
709167,群聯統一63購02,16500,0.33,0.33,0.33,0.33
709168,群聯統一65購01,106050,0.35,0.35,0.35,0.35
709169,群聯統一65購02,0,,,,
709170,群聯統一69購01,554460,1.12,1.12,1.03,1.03
709171,群聯統一69購02,468700,0.68,0.68,0.61,0.63
709172,群聯統一6B購01,427420,1.2,1.21,1.12,1.12
709173,群聯統一75購01,221010,1.25,1.27,1.19,1.2
709174,聖暉*統一65購03,22000,0.44,0.44,0.44,0.44
709175,鈺太統一69購01,0,,,,
709176,臺慶科統一65購02,0,,,,
709177,臺慶科統一65購03,0,,,,
709178,臺慶科統一69購01,0,,,,
709179,廣穎統一65購01,159750,0.62,0.62,0.6,0.61
709180,廣穎統一69購01,0,,,,
709181,擎亞統一65購03,0,,,,
709182,擎亞統一65購04,13950,0.22,0.22,0.21,0.21
709183,鑫科統一69購02,0,,,,
709184,鑫聯統一69購01,0,,,,
709185,群聯中信63購01,0,,,,
709186,倚強群益5B購01,0,,,,
709187,原相群益5B購01,0,,,,
709188,博智群益5B購02,0,,,,
709189,博智群益5B購03,0,,,,
709190,華容群益5B購01,0,,,,
709191,新盛力群益61購02,620210,1.77,1.77,1.66,1.66
709192,群聯群益5B購07,97060,1.11,1.17,0.91,0.96
709193,臺慶科群益5B購03,0,,,,
709194,優群群益5B購01,0,,,,
709195,擎亞群益62購01,7100,0.17,0.18,0.17,0.18
709196,寶雅群益5B購01,117420,1.77,1.83,1.74,1.74
709197,鑫科群益5B購02,0,,,,
709198,久元永豐5B購01,0,,,,
709199,威聯通永豐61購01,0,,,,
709200,富喬永豐61購02,117260,1.0,1.04,0.97,0.97
709201,富喬永豐66購01,53420,1.21,1.23,1.18,1.23
709202,富喬永豐68購01,332640,1.17,1.2,1.14,1.14
709203,順達永豐64購01,150210,0.87,0.87,0.84,0.84
709204,順達永豐67購01,0,,,,
709205,鈊象永豐63購01,17100,0.9,0.9,0.9,0.9
709206,新盛力永豐5C購02,0,,,,
709207,擎亞永豐63購01,30030,0.21,0.21,0.21,0.21
709208,沛亨凱基5B購03,57100,0.23,0.23,0.19,0.2
709209,佳邦凱基5B購01,0,,,,
709210,富喬凱基5B購02,0,,,,
709211,富喬凱基61購02,0,,,,
709212,富喬凱基61購03,33440,0.99,0.99,0.97,0.97
709213,勤凱凱基5B購02,0,,,,
709214,勤凱凱基5B購03,0,,,,
709215,勤凱凱基5B購04,11000,0.29,0.29,0.27,0.27
709216,群聯凱基61購04,163480,0.42,0.42,0.4,0.4
709217,臺慶科凱基5B購03,0,,,,
709218,擎亞凱基61購01,1500,0.15,0.15,0.15,0.15
709219,中光電台新5B購02,108000,0.18,0.18,0.18,0.18
709220,台星科台新5B購01,644390,0.54,0.55,0.49,0.49
709221,台星科台新5B購02,21000,0.5,0.5,0.5,0.5
709222,立碁台新62購01,104160,1.28,1.28,1.24,1.24
709223,沛亨台新5B購04,0,,,,
709224,佳邦台新5B購02,0,,,,
709225,佳邦台新5B購03,0,,,,
709226,順達台新5B購05,11220,1.87,1.87,1.87,1.87
709227,勤凱台新5B購02,0,,,,
709228,勤凱台新5B購03,0,,,,
709229,擎亞台新5B購01,0,,,,
709230,擎亞台新5B購02,0,,,,
709231,雙鴻台新5B購01,0,,,,
709232,雙鴻台新5B購02,0,,,,
709233,雙鴻台新5B購03,11650,2.33,2.33,2.33,2.33
709234,台半國泰5C購02,0,,,,
709235,良維國泰5C購02,1060,1.06,1.06,1.06,1.06
709236,富喬國泰5C購01,0,,,,
709237,順達國泰5C購01,44060,0.73,0.73,0.69,0.69
709238,群聯國泰5C購01,72020,0.72,0.72,0.62,0.62
709239,群聯國泰5C購02,66600,0.9,0.9,0.9,0.9
709240,威剛富邦5B購02,0,,,,
709241,富喬富邦5B購02,873620,0.57,0.63,0.56,0.56
709242,群聯富邦62購06,4600,0.46,0.46,0.46,0.46
709243,均豪元大5B購04,0,,,,
709244,欣銓元大5B購03,53460,1.17,1.19,1.08,1.08
709245,威剛元大5B購15,0,,,,
709246,原相元大5B購03,5000,0.25,0.25,0.25,0.25
709248,富喬元大5B購03,100200,1.74,1.89,1.74,1.89
709249,富喬元大5B購04,14060,0.69,0.69,0.66,0.66
709250,富喬元大5B購05,99240,0.8,0.84,0.8,0.82
709251,勤凱元大5B購04,0,,,,
709252,新盛力元大5B購06,145450,1.08,1.08,1.03,1.03
709253,新盛力元大5B購07,471890,1.37,1.37,1.28,1.31
709254,群聯元大5B購17,860400,3.05,3.27,2.84,2.84
709255,群聯元大5B購18,0,,,,
709256,臺慶科元大5B購01,0,,,,
709257,擎亞元大5B購09,0,,,,
709258,中美晶群益5B購05,17450,5.85,5.85,5.75,5.75
709259,均豪群益5B購05,4800,0.48,0.48,0.48,0.48
709260,富喬群益5B購02,0,,,,
709261,勤凱群益5B購03,900,0.09,0.09,0.09,0.09
709262,新盛力群益63購01,463490,1.15,1.15,1.09,1.11
709263,萬泰科群益5C購01,0,,,,
709264,群聯群益5B購08,0,,,,
709265,擎亞群益5B購03,0,,,,
709266,雙鴻群益5B購09,0,,,,
709267,方土昶永豐5C購01,12000,0.24,0.24,0.24,0.24
709268,茂達永豐63購01,0,,,,
709269,精確永豐5B購01,0,,,,
709270,優群永豐5C購01,0,,,,
709271,中美晶凱基5B購05,151210,0.58,0.62,0.58,0.6
709272,台半凱基5B購02,0,,,,
709273,立碁凱基5B購02,152590,0.46,0.46,0.36,0.36
709274,均豪凱基5B購04,0,,,,
709275,沛亨凱基5C購01,106250,0.4,0.4,0.37,0.37
709276,原相凱基5B購04,0,,,,
709277,華容凱基5B購01,0,,,,
709278,華容凱基5C購01,0,,,,
709279,萬泰科凱基5B購02,0,,,,
709280,精材凱基5B購09,0,,,,
709281,大中台新5B購02,121740,0.6,0.62,0.58,0.58
709282,立碁台新5B購01,197980,1.04,1.05,1.04,1.05
709283,立碁台新5B購02,41920,1.03,1.03,0.93,0.93
709284,艾訊台新5B購03,6450,0.43,0.43,0.43,0.43
709285,艾訊台新5B購04,0,,,,
709286,佳邦台新5B購04,0,,,,
709287,南俊台新5B購01,18410,0.26,0.26,0.25,0.25
709288,南俊台新5B購02,240,0.24,0.24,0.24,0.24
709289,順達台新5B購06,20260,0.61,0.61,0.55,0.55
709290,勤凱台新5B購04,0,,,,
709291,臺慶科台新5B購06,4410,0.36,0.36,0.31,0.31
709292,臺慶科台新5B購07,0,,,,
709293,群聯兆豐65購03,198350,0.65,0.65,0.59,0.61
709294,中美晶元大5B購06,17780,0.58,0.61,0.5,0.5
709295,方土昶元大5B購01,0,,,,
709296,世界元大5B購04,10400,1.04,1.04,1.04,1.04
709297,台半元大5B購05,248560,0.84,0.84,0.79,0.84
709298,倚強元大5B購01,1445620,1.16,1.16,0.89,1.03
709299,華容元大5B購01,0,,,,
709300,群聯元大61購07,11370,0.58,0.6,0.58,0.6
709301,聖暉*元大5B購05,17700,0.38,0.41,0.38,0.41
709302,臺慶科元大5B購02,0,,,,
709303,優群元大5B購02,0,,,,
709305,鑫科元大5B購03,0,,,,
709306,久元群益65購01,0,,,,
709307,中美晶群益5B購06,1550180,1.56,1.76,1.36,1.36
709308,世界群益5C購02,0,,,,
709309,南俊群益5B購01,46540,0.11,0.11,0.1,0.1
709310,茂達群益5B購02,0,,,,
709311,富喬群益5B購03,223300,1.13,1.27,1.11,1.11
709312,群聯群益5B購09,187960,0.33,0.33,0.25,0.25
709313,精材群益5B購09,0,,,,
709314,雙鴻群益5B購10,56220,2.43,2.43,2.25,2.25
709315,沛亨永豐65購01,0,,,,
709316,長科*永豐61購01,0,,,,
709317,順達永豐64購02,0,,,,
709318,群聯永豐5C購06,400080,0.41,0.41,0.38,0.38
709319,群聯永豐5C購07,360,0.36,0.36,0.36,0.36
709320,群聯永豐65購05,31920,0.57,0.57,0.57,0.57
709321,沛亨元大5B購03,0,,,,
709322,沛亨元大5B購04,29160,0.54,0.54,0.54,0.54
709323,沛亨元大5B購05,0,,,,
709324,良維元大5B購02,0,,,,
709325,佳邦元大5B購01,0,,,,
709326,朋程元大5B購01,370,0.05,0.12,0.05,0.12
709327,茂達元大5B購01,0,,,,
709328,富喬元大61購03,782110,1.3,1.3,1.26,1.27
709329,群聯元大61購08,0,,,,
709330,良維富邦5C購02,0,,,,
709331,朋程富邦61購01,0,,,,
709332,順達富邦61購01,3220,0.24,0.25,0.24,0.25
709333,大中群益5B購01,990,0.99,0.99,0.99,0.99
709334,大中群益5B購02,71780,0.33,0.33,0.32,0.32
709335,均豪群益5B購06,0,,,,
709336,宏捷科群益5B購02,0,,,,
709337,良維群益5B購04,0,,,,
709338,佳邦群益5B購02,0,,,,
709339,佳邦群益5B購03,0,,,,
709340,朋程群益5B購03,0,,,,
709341,長科*群益5B購01,2024450,1.24,1.24,1.05,1.05
709342,順達群益5B購04,1000,0.17,0.17,0.15,0.15
709343,群翊群益5B購02,0,,,,
709344,漢科群益5B購01,0,,,,
709345,精材群益5B購10,0,,,,
709346,台半凱基5B購03,441830,0.18,0.19,0.17,0.18
709347,沛亨凱基5B購04,73370,0.22,0.22,0.21,0.21
709348,朋程凱基5B購03,280,0.04,0.04,0.04,0.04
709349,順達凱基5B購04,0,,,,
709350,群聯凱基5B購09,19800,0.22,0.22,0.22,0.22
709351,聖暉*凱基5B購05,0,,,,
709352,優群凱基5B購02,0,,,,
709353,大中台新5B購03,720,0.18,0.18,0.18,0.18
709354,台半台新5B購04,0,,,,
709355,台半台新5B購05,19000,0.38,0.38,0.38,0.38
709356,金益鼎台新5B購01,0,,,,
709357,博盛台新5B購02,544300,0.37,0.46,0.37,0.46
709358,順達台新5B購07,0,,,,
709359,勤凱台新5B購05,0,,,,
709360,群翊台新5B購01,0,,,,
709361,穩得台新5B購01,0,,,,
709362,台半凱基5B購04,3100,0.31,0.31,0.31,0.31
709363,台特化凱基5B購03,0,,,,
709364,宏捷科凱基5B購02,0,,,,
709365,長科*凱基5B購01,0,,,,
709366,富喬凱基62購01,45350,0.95,0.95,0.94,0.94
709367,萊德光凱基5B購01,85600,0.19,0.23,0.19,0.2
709368,萊德光凱基5B購02,448960,0.38,0.44,0.38,0.39
709369,順達凱基5B購05,86490,0.09,0.09,0.08,0.08
709370,勤凱凱基5B購05,0,,,,
709371,群翊凱基62購01,12800,0.2,0.2,0.2,0.2
709372,聖暉*凱基5B購06,0,,,,
709373,漢科凱基5B購01,0,,,,
709374,廣穎凱基5B購03,0,,,,
709375,雙鴻凱基5B購03,0,,,,
709376,系統電台新5B購01,0,,,,
709377,華容台新5B購01,45720,2.54,2.54,2.54,2.54
709378,鈺太台新5B購01,0,,,,
709379,鈺太台新5B購02,0,,,,
709380,鈺太台新5B購03,0,,,,
709381,精材台新5B購07,0,,,,
709382,廣穎台新5B購02,0,,,,
709383,點序台新5B購01,0,,,,
709384,點序台新62購01,0,,,,
709385,佳邦元大5B購02,0,,,,
709386,長科*元大5B購01,17080,1.04,1.04,0.98,0.98
709387,順達元大5B購08,0,,,,
709388,順達元大62購01,0,,,,
709389,群聯元大5B購19,246210,0.48,0.49,0.44,0.44
709390,群聯元大63購04,13600,0.45,0.46,0.45,0.46
709391,聖暉*元大5B購06,700,0.14,0.14,0.14,0.14
709392,佳邦富邦5B購01,0,,,,
709393,精材富邦5B購03,0,,,,
709394,台半群益62購01,0,,,,
709395,聖暉*群益5B購03,0,,,,
709396,優群群益62購01,0,,,,
709397,佳邦國泰5C購01,0,,,,
709398,威聯通國泰5C購01,4000,0.4,0.4,0.4,0.4
709399,勤凱國泰5C購02,0,,,,
709400,台半永豐63購02,58100,0.7,0.7,0.7,0.7
709401,台特化永豐63購01,0,,,,
709402,佳邦永豐5C購01,0,,,,
709403,萊德光永豐5C購01,80500,0.37,0.44,0.37,0.41
709404,勤凱永豐5C購04,120,0.12,0.12,0.12,0.12
709405,群聯永豐5B購01,12100,0.25,0.25,0.23,0.23
709406,鏵友益永豐5C購02,0,,,,
709407,久元元大5C購01,0,,,,
709408,中美晶元大5C購03,13730,1.39,1.39,1.22,1.22
709409,世界元大5C購02,140800,1.22,1.32,1.2,1.32
709410,台半元大5C購02,0,,,,
709411,良維元大5C購02,0,,,,
709412,佳邦元大5C購02,0,,,,
709413,富喬元大5C購03,384720,0.94,1.02,0.94,1.02
709414,順達元大5C購02,0,,,,
709415,勤凱元大5C購01,0,,,,
709416,群聯元大5C購03,63490,2.08,2.13,1.78,1.78
709417,精材元大5C購01,0,,,,
709418,中美晶永豐64購01,125720,0.88,0.88,0.8,0.8
709419,長科*永豐61購02,840,0.84,0.84,0.84,0.84
709420,晶焱永豐61購01,0,,,,
709421,華容永豐64購01,0,,,,
709422,臺慶科永豐66購01,0,,,,
709423,廣穎永豐61購02,0,,,,
709424,台半凱基5C購02,0,,,,
709425,巨漢凱基5C購01,0,,,,
709426,良維凱基5C購03,0,,,,
709427,佳邦凱基5C購02,0,,,,
709428,佳邦凱基5C購03,0,,,,
709429,威剛凱基64購01,0,,,,
709430,順達凱基5C購02,8000,0.16,0.16,0.16,0.16
709431,勤凱凱基5C購01,0,,,,
709432,勤凱凱基5C購02,0,,,,
709433,勤凱凱基62購01,150,0.15,0.15,0.15,0.15
709434,群聯凱基66購01,32200,0.46,0.46,0.46,0.46
709435,廣穎凱基5C購01,0,,,,
709436,巨漢台新5C購01,0,,,,
709437,巨漢台新5C購02,0,,,,
709438,湧德台新61購01,0,,,,
709439,華容台新5C購01,51700,2.35,2.35,2.35,2.35
709440,華容台新5C購02,20060,2.13,2.26,2.13,2.26
709441,鈊象台新5C購01,0,,,,
709442,鑫聯台新5C購01,0,,,,
709443,台半群益5C購01,122690,0.23,0.23,0.21,0.21
709444,台特化群益5C購02,0,,,,
709445,立敦群益5C購01,0,,,,
709446,勤凱群益5C購01,0,,,,
709447,廣穎群益5C購01,0,,,,
709448,雙鴻群益5C購01,43440,4.8,4.88,4.8,4.88
709449,聖暉*國泰61購01,19500,0.39,0.39,0.39,0.39
709450,雙鴻國泰61購02,3490,3.49,3.49,3.49,3.49
709451,久元富邦66購01,0,,,,
709452,台半富邦64購01,234700,0.31,0.31,0.3,0.31
709453,台半富邦66購01,1720,0.34,0.36,0.34,0.36
709454,宏捷科富邦66購01,0,,,,
709455,宏捷科富邦66購02,0,,,,
709456,長科*富邦63購01,117130,0.89,0.89,0.82,0.82
709457,威剛富邦62購01,0,,,,
709458,富喬富邦66購01,175550,0.95,1.01,0.94,0.94
709459,智通*富邦64購01,0,,,,
709460,智通*富邦66購01,0,,,,
709461,閎康富邦66購01,0,,,,
709462,鈊象富邦66購01,87990,0.81,0.82,0.81,0.81
709463,群聯富邦64購01,29050,0.53,0.53,0.52,0.52
709464,雙鴻富邦64購01,0,,,,
709465,台半國票61購02,0,,,,
709466,台半國票61購03,0,,,,
709467,佳邦國票61購01,0,,,,
709468,佳邦國票61購02,0,,,,
709469,萊德光國票61購01,173990,0.31,0.37,0.31,0.32
709470,順達國票61購01,0,,,,
709471,中美晶群益62購02,158680,0.63,0.71,0.6,0.6
709472,台星科群益62購01,526400,0.4,0.4,0.37,0.39
709473,威剛群益62購01,15040,0.47,0.47,0.47,0.47
709474,茂綸群益62購01,980650,1.29,1.38,1.28,1.33
709475,振曜群益5C購01,0,,,,
709476,創惟群益5C購01,0,,,,
709477,群聯群益5C購02,0,,,,
709478,鈊象國泰61購01,90450,0.86,0.86,0.85,0.85
709479,臺慶科國泰61購01,0,,,,
709480,朋程永豐5C購02,0,,,,
709481,欣銓永豐64購01,70300,1.01,1.01,0.97,0.97
709482,達航永豐61購01,0,,,,
709483,達航永豐64購01,0,,,,
709484,立敦富邦66購01,0,,,,
709485,宏觀富邦66購01,0,,,,
709486,順達富邦61購02,0,,,,
709487,漢科富邦66購01,2550,0.51,0.51,0.51,0.51
709488,廣明富邦66購01,0,,,,
709489,璟德富邦66購01,0,,,,
709490,久元凱基5C購02,0,,,,
709491,中美晶凱基5C購02,899290,0.35,0.4,0.29,0.3
709492,立敦凱基5C購01,0,,,,
709493,良維凱基64購01,0,,,,
709494,朋程凱基61購01,10000,0.1,0.1,0.1,0.1
709495,能率亞凱基5C購01,0,,,,
709496,富喬凱基5C購01,690,0.69,0.69,0.69,0.69
709497,華容凱基5C購02,0,,,,
709498,群聯凱基5C購02,130,0.13,0.13,0.13,0.13
709499,廣穎凱基61購01,18470,0.32,0.32,0.15,0.15
709500,中美晶台新63購01,0,,,,
709501,立敦台新5C購01,800,0.08,0.08,0.08,0.08
709502,宏觀台新5C購01,160,0.16,0.16,0.16,0.16
709503,南俊台新5C購01,15550,0.12,0.29,0.12,0.29
709504,聖暉*台新5C購01,0,,,,
709505,精材台新5C購02,0,,,,
709506,精材台新5C購03,0,,,,
709507,璟德台新5C購01,0,,,,
709508,久元元大5C購02,0,,,,
709510,朋程元大5C購01,0,,,,
709511,長科*元大5C購01,0,,,,
709512,富喬元大61購04,350240,0.87,0.91,0.85,0.85
709513,晶焱元大5C購01,0,,,,
709514,順達元大5C購03,0,,,,
709515,順達元大64購05,158620,1.12,1.12,1.11,1.11
709516,群聯元大61購09,0,,,,
709517,臺慶科元大5C購01,0,,,,
709518,中美晶富邦62購01,685080,0.65,0.68,0.57,0.58
709519,世界凱基5C購04,31050,0.27,0.27,0.27,0.27
709520,世紀*凱基5C購01,0,,,,
709521,台半凱基61購02,0,,,,
709522,立端凱基61購01,0,,,,
709523,宏觀凱基61購03,0,,,,
709524,系統電凱基5C購02,0,,,,
709525,宜特凱基61購02,0,,,,
709526,長科*凱基5C購01,71830,0.18,0.18,0.15,0.15
709527,宸曜凱基5C購01,3300,0.33,0.33,0.33,0.33
709528,順達凱基64購02,0,,,,
709529,群聯凱基5C購03,27000,0.13,0.14,0.13,0.14
709530,大綜台新5C購01,144700,1.31,1.33,1.31,1.31
709531,系統電台新5C購01,0,,,,
709532,萊德光台新5C購01,2176130,0.42,0.55,0.42,0.45
709533,廣運台新5C購01,0,,,,
709534,台半永豐61購02,0,,,,
709535,安葆永豐63購01,134970,1.9,2.14,1.9,2.14
709536,良維永豐5C購03,0,,,,
709537,雙鴻永豐64購02,25050,1.67,1.67,1.67,1.67
709538,久元元大5C購03,0,,,,
709539,中美晶元大5C購04,54560,0.67,0.73,0.62,0.62
709540,世界元大5C購03,20990,0.79,0.79,0.77,0.77
709541,世界元大64購05,1143560,0.65,0.71,0.65,0.71
709542,台半元大5C購03,0,,,,
709543,台半元大5C購04,820,0.41,0.41,0.41,0.41
709544,台半元大66購02,0,,,,
709545,良維元大5C購03,14000,0.07,0.07,0.07,0.07
709546,欣銓元大5C購01,42660,0.68,0.69,0.58,0.58
709547,長科*元大5C購02,0,,,,
709548,長科*元大5C購03,90200,1.1,1.1,1.1,1.1
709549,長科*元大66購01,3920,0.98,0.98,0.98,0.98
709550,富喬元大61購05,65550,0.75,0.78,0.75,0.75
709551,順達元大5C購04,168880,0.3,0.3,0.28,0.28
709552,順達元大64購06,43650,0.97,0.97,0.97,0.97
709553,群聯元大61購10,0,,,,
709554,聖暉*元大5C購04,0,,,,
709555,方土昶群益5C購01,0,,,,
709556,世界群益5C購03,208300,0.39,0.46,0.38,0.46
709557,台半群益5C購02,0,,,,
709558,台半群益61購01,0,,,,
709559,系微群益5C購01,0,,,,
709560,長科*群益61購01,0,,,,
709561,南俊群益5C購01,21570,0.19,0.27,0.17,0.27
709562,富喬群益5C購02,220360,1.79,1.89,1.66,1.66
709563,群聯群益5C購03,4060,0.29,0.29,0.29,0.29
709564,臺慶科群益5C購01,0,,,,
709565,廣運群益5C購01,0,,,,
709566,雙鴻群益5C購02,176700,2.36,2.45,2.28,2.28
709567,方土昶凱基5C購02,1000,0.1,0.1,0.1,0.1
709568,威剛凱基61購01,216800,0.17,0.18,0.16,0.17
709569,雅特力凱基5C購01,0,,,,
709570,聰泰凱基5C購01,21300,0.3,0.3,0.3,0.3
709571,雙鴻凱基5C購07,0,,,,
709572,雙鴻凱基5C購08,15000,1.5,1.5,1.5,1.5
709573,能率台新5C購01,0,,,,
709574,良維富邦61購02,0,,,,
709575,群聯富邦63購01,8900,0.31,0.31,0.29,0.29
709576,雙鴻富邦62購01,0,,,,
709577,達航國票61購01,0,,,,
709579,中美晶元大5C購05,118240,1.77,1.83,1.77,1.79
709580,世界元大5C購04,101040,1.04,1.06,1.01,1.06
709581,世界元大64購06,0,,,,
709582,台半元大5C購05,4700,0.3,0.32,0.3,0.32
709583,台半元大66購03,48990,1.29,1.29,1.28,1.28
709584,宏觀元大5C購03,0,,,,
709585,威剛元大5C購01,18000,0.18,0.18,0.18,0.18
709586,富喬元大64購01,4215160,0.96,1.01,0.95,0.95
709587,順達元大5C購05,0,,,,
709588,群聯元大61購11,0,,,,
709589,群聯元大64購04,1230,0.41,0.41,0.41,0.41
709591,威剛群益5C購03,3100,0.31,0.31,0.31,0.31
709592,群聯群益5C購04,689230,1.18,1.18,0.97,1.02
709593,桓達永豐61購01,0,,,,
709594,宏觀國票61購01,0,,,,
709595,富喬國票5C購03,30250,1.21,1.21,1.21,1.21
709596,群聯國票61購04,410,0.41,0.41,0.41,0.41
709597,精確國票61購01,0,,,,
709598,磐亞國票61購01,1350,1.35,1.35,1.35,1.35
709599,雙鴻國票61購01,0,,,,
709600,中美晶元大5C購06,19840,1.43,1.43,1.41,1.41
709601,世界元大5C購05,16200,1.02,1.02,1.0,1.0
709602,世界元大64購07,431010,1.21,1.23,1.16,1.23
709603,世界元大66購02,32930,0.75,0.75,0.74,0.74
709604,系統電元大5C購03,0,,,,
709605,威剛元大5C購02,0,,,,
709606,威剛元大61購02,0,,,,
709607,群聯元大5C購04,0,,,,
709608,群聯元大5C購05,0,,,,
709609,群聯元大61購12,7000,0.35,0.35,0.35,0.35
709610,群聯元大64購05,0,,,,
709611,磐亞元大5C購01,96250,2.45,2.45,2.28,2.28
709612,系統電富邦61購02,0,,,,
709613,大綜永豐61購01,0,,,,
709614,磐亞永豐61購01,5120,1.74,1.74,1.69,1.69
709615,方土昶凱基5C購03,1760,0.16,0.16,0.16,0.16
709616,華電網凱基5C購01,0,,,,
709617,磐亞凱基5C購01,15000,1.5,1.5,1.5,1.5
709618,雙鴻凱基61購04,136320,1.44,1.45,1.29,1.29
709619,大綜台新5C購02,445500,0.75,0.75,0.75,0.75
709620,系統電台新61購01,0,,,,
709621,良維台新5C購01,0,,,,
709622,順達台新5C購02,387700,0.43,0.43,0.38,0.38
709623,精材台新62購01,14850,4.95,4.95,4.95,4.95
709624,雙鴻台新5C購01,186900,1.89,1.89,1.82,1.82
709625,力致群益5C購01,0,,,,
709626,威剛群益5C購04,0,,,,
709627,群聯群益5C購05,0,,,,
709628,雙鴻群益62購01,120620,1.03,1.09,0.99,1.01
709629,方土昶永豐63購01,0,,,,
709630,系微永豐61購01,0,,,,
709631,宜特永豐5C購03,0,,,,
709632,家登永豐5C購01,0,,,,
709633,鈊象永豐64購01,0,,,,
709634,群聯永豐5C購08,0,,,,
709635,雙鴻群益5C購03,0,,,,
709636,大綜國票5C購01,6400,0.32,0.32,0.32,0.32
709637,台特化國票61購01,0,,,,
709638,光聚晶國票61購01,60440,0.22,0.22,0.21,0.21
709639,系統電國票61購01,0,,,,
709640,家登國票5C購01,0,,,,
709641,海韻電國票61購01,0,,,,
709642,鈊象國票61購01,0,,,,
709643,聖暉*國票61購01,0,,,,
709644,大綜凱基5C購01,2000,0.13,0.14,0.13,0.14
709645,伍豐凱基5C購01,0,,,,
709646,系統電凱基5C購03,0,,,,
709647,朋億*凱基5C購01,9690,0.33,0.35,0.33,0.34
709648,威剛凱基5C購03,46000,0.23,0.23,0.23,0.23
709649,茂訊凱基5C購01,0,,,,
709650,富喬凱基5C購02,0,,,,
709651,晶焱凱基5C購01,0,,,,
709652,雅特力凱基5C購02,9340,0.53,0.53,0.51,0.51
709653,群聯凱基5C購04,0,,,,
709654,精確凱基5C購01,2400,0.24,0.24,0.24,0.24
709655,大綜台新5C購03,0,,,,
709656,大綜台新5C購04,0,,,,
709657,方土昶台新5C購01,0,,,,
709658,富喬台新5C購01,58860,1.39,1.41,1.39,1.41
709659,富喬台新5C購02,89770,1.91,1.91,1.91,1.91
709660,晶焱台新5C購01,0,,,,
709661,晶焱台新5C購02,0,,,,
709662,晶焱台新5C購03,1000,0.1,0.1,0.1,0.1
709663,群聯台新5C購01,0,,,,
709664,大綜元大5C購01,0,,,,
709665,中美晶元大5C購07,126600,1.56,1.67,1.48,1.48
709666,台半元大5C購06,0,,,,
709668,威剛元大61購03,6660,0.37,0.37,0.37,0.37
709669,家登元大5C購04,84800,0.36,0.38,0.36,0.38
709670,群聯元大5C購06,18420,0.43,0.43,0.4,0.4
709671,群聯元大5C購07,0,,,,
709672,群聯元大5C購08,5300,0.33,0.35,0.33,0.35
709673,群聯元大66購05,96000,0.65,0.65,0.63,0.63
709674,聖暉*元大5C購05,0,,,,
709675,聖暉*元大5C購06,0,,,,
709676,家登富邦63購01,0,,,,
709677,正德群益5C購01,0,,,,
709678,威剛群益5C購05,0,,,,
709679,家登群益5C購01,0,,,,
709680,富喬群益5C購03,746160,1.92,2.01,1.8,1.8
709681,華容群益5C購01,1330,1.33,1.33,1.33,1.33
709682,群聯群益5C購06,0,,,,
709683,聖暉*群益5C購02,550,0.11,0.11,0.11,0.11
709684,立端永豐64購01,2280,0.57,0.57,0.57,0.57
709685,威剛永豐6C購01,13820,0.86,0.87,0.86,0.87
709686,建榮永豐61購01,0,,,,
709687,茂訊永豐5C購01,0,,,,
709688,雅特力永豐61購01,418140,0.99,1.0,0.96,0.96
709689,群聯永豐5C購09,0,,,,
709690,綠界*永豐61購01,0,,,,
709691,聰泰永豐61購01,80600,0.55,0.56,0.53,0.53
709692,立敦國票5C購01,0,,,,
709693,立敦國票5C購02,0,,,,
709694,伍豐國票61購01,0,,,,
709695,光焱國票61購01,0,,,,
709696,安勤國票61購01,4500,0.45,0.45,0.45,0.45
709697,系統電國票61購02,0,,,,
709698,邑昇國票61購01,10400,0.26,0.26,0.26,0.26
709699,信音國票5C購01,0,,,,
709700,建榮國票5C購01,21000,0.14,0.14,0.14,0.14
709701,博士旺國票5C購01,0,,,,
709702,博智國票5C購01,4400,0.44,0.44,0.44,0.44
709703,博智國票5C購02,0,,,,
709704,晶焱國票5C購01,0,,,,
709705,雅特力國票61購01,0,,,,
709706,雅特力國票61購02,18400,0.62,0.62,0.61,0.61
709707,意德士國票61購01,0,,,,
709708,聚和國票61購01,0,,,,
709709,臺慶科國票61購02,0,,,,
709710,廣閎科國票61購01,0,,,,
709711,騰雲國票61購01,89910,0.79,0.98,0.79,0.95
709712,威剛國泰61購01,0,,,,
709713,湧德國泰61購01,0,,,,
709714,光焱台新5C購01,24300,0.27,0.27,0.27,0.27
709715,兆利台新5C購01,0,,,,
709716,兆利台新5C購02,0,,,,
709717,雅特力台新5C購01,329780,0.89,0.89,0.87,0.87
709718,雅特力台新5C購02,54400,0.64,0.64,0.64,0.64
709719,鈊象台新5C購02,0,,,,
709720,雙鴻台新5C購02,0,,,,
709721,雙鴻台新5C購03,34320,2.64,2.64,2.64,2.64
709722,穩得台新5C購01,0,,,,
709723,中美晶元大5C購08,39540,1.9,1.9,1.86,1.86
709724,中美晶元大5C購09,171700,1.24,1.24,1.18,1.19
709725,方土昶元大5C購01,0,,,,
709728,信音元大5C購01,0,,,,
709729,威剛元大61購04,0,,,,
709730,富喬元大64購02,1343930,1.53,1.54,1.48,1.48
709731,順達元大5C購06,113210,1.23,1.24,1.18,1.18
709732,鈊象元大5C購05,0,,,,
709733,群聯元大5C購09,0,,,,
709734,群聯元大5C購10,364270,0.36,0.37,0.36,0.37
709735,群聯元大5C購11,410,0.41,0.41,0.41,0.41
709736,群聯元大66購06,172600,0.76,0.77,0.7,0.7
709737,精材元大5C購03,0,,,,
709738,精材元大64購01,0,,,,
709739,精材元大66購04,0,,,,
709740,順達凱基5C購03,0,,,,
709741,群聯凱基5C購05,0,,,,
709742,聖暉*凱基5C購02,0,,,,
709743,精材凱基61購05,0,,,,
709744,臺慶科凱基5C購02,0,,,,
709745,宜鼎元大5C購05,0,,,,
709746,宜鼎元大61購04,69000,0.3,0.3,0.27,0.27
709747,廣閎科元大5C購01,180420,0.8,0.98,0.8,0.98
709748,宜鼎群益5C購01,185560,0.2,0.2,0.16,0.16
709749,宜鼎群益5C購02,120,0.12,0.12,0.12,0.12
709750,宜鼎群益5C購03,2640,0.12,0.12,0.12,0.12
709751,方土昶國票61購01,0,,,,
709752,加高國票61購01,600,0.28,0.32,0.28,0.32
709753,宜鼎國票61購01,116000,0.29,0.29,0.29,0.29
709754,威聯通國票61購01,0,,,,
709755,凱崴國票61購01,22600,0.33,0.33,0.32,0.32
709756,港建*國票61購01,0,,,,
709757,華容國票61購01,0,,,,
709758,萊德光國票61購02,24360,0.69,0.78,0.69,0.78
709759,萊德光國票61購03,189760,0.62,0.64,0.58,0.59
709760,宜特國泰61購01,18480,0.33,0.33,0.33,0.33
709761,宜鼎國泰61購02,15600,0.78,0.78,0.78,0.78
709762,宜鼎國泰61購03,0,,,,
709763,宜鼎國泰61購04,17630,0.43,0.43,0.43,0.43
709764,台半富邦62購03,0,,,,
709765,台半富邦63購01,0,,,,
709766,宜特富邦62購01,0,,,,
709767,宜鼎富邦5C購04,0,,,,
709768,朋程富邦62購01,18820,0.35,0.35,0.33,0.33
709769,朋程富邦63購01,98580,0.31,0.31,0.31,0.31
709770,家登富邦62購02,0,,,,
709771,家登富邦62購03,0,,,,
709772,鈊象富邦62購01,92710,0.52,0.53,0.52,0.53
709773,鈊象富邦63購01,0,,,,
709774,雙鴻富邦63購01,0,,,,
709775,系統電凱基5C購04,0,,,,
709776,威剛凱基5C購04,39300,0.48,0.48,0.45,0.45
709777,家登凱基5C購03,3050,0.61,0.61,0.61,0.61
709778,博智凱基5C購03,0,,,,
709779,富喬凱基5C購03,12300,1.23,1.23,1.23,1.23
709780,勤凱凱基5C購03,0,,,,
709781,群聯凱基61購05,108190,0.47,0.48,0.46,0.46
709782,廣閎科凱基61購01,878620,0.48,0.75,0.48,0.68
709783,宜鼎台新5C購01,140300,0.36,0.36,0.29,0.29
709784,宜鼎台新5C購02,65000,0.35,0.35,0.3,0.3
709785,宜鼎台新5C購03,0,,,,
709786,宜鼎中信5C購02,700,0.07,0.07,0.07,0.07
709787,宜鼎永豐64購01,9740,0.34,0.34,0.32,0.32
709788,宜鼎永豐65購01,183600,0.33,0.33,0.3,0.3
709789,宇峻國泰61購01,0,,,,
709790,華景電國泰61購01,0,,,,
709791,群聯國泰61購02,28750,1.15,1.15,1.15,1.15
709792,漢達國泰61購01,30000,6.0,6.0,6.0,6.0
709793,世界凱基5C購05,0,,,,
709794,宜鼎凱基5C購03,0,,,,
709795,宜鼎凱基5C購04,20000,0.1,0.1,0.1,0.1
709796,宜鼎凱基5C購05,7500,0.15,0.15,0.15,0.15
709797,威聯通凱基61購01,0,,,,
709798,凱崴凱基61購01,0,,,,
709799,華景電凱基5C購02,0,,,,
709800,順達凱基61購01,0,,,,
709801,璟德凱基5C購01,1400,0.07,0.07,0.07,0.07
709802,立敦台新5C購02,2200,0.11,0.11,0.11,0.11
709803,宏捷科台新5C購01,12720,0.24,0.24,0.24,0.24
709804,宜鼎台新5C購04,278560,0.32,0.33,0.26,0.26
709805,宜鼎台新61購01,0,,,,
709806,東浦台新5C購01,0,,,,
709807,家登台新5C購01,4700,0.94,0.94,0.94,0.94
709808,順達台新61購02,0,,,,
709809,新漢台新5C購01,0,,,,
709810,廣閎科台新5C購01,34330,1.52,1.84,1.51,1.84
709811,富喬中信5C購03,258100,1.05,1.05,1.03,1.04
709812,創惟永豐5C購01,0,,,,
709813,華容永豐61購01,0,,,,
709814,群聯永豐64購04,0,,,,
709815,群聯永豐64購05,0,,,,
709816,宜鼎元大5C購06,0,,,,
709817,宜鼎元大5C購07,148500,0.3,0.3,0.3,0.3
709818,宜鼎元大5C購08,0,,,,
709819,威剛元大5C購03,0,,,,
709820,群聯元大5C購12,0,,,,
709821,群聯元大5C購13,0,,,,
709822,群聯元大5C購14,89860,0.91,0.91,0.86,0.86
709823,群聯元大61購13,0,,,,
709824,廣閎科元大5C購02,355180,1.28,1.37,1.28,1.37
709825,雙鴻元大61購15,806500,1.47,1.48,1.35,1.42
709826,力領國票61購01,0,,,,
709827,加高國票61購02,7790,0.19,0.19,0.19,0.19
709828,立端國票61購01,0,,,,
709829,邑錡國票5C購01,22240,0.43,0.43,0.41,0.41
709830,佳邦國票61購03,0,,,,
709831,宜鼎國票61購02,0,,,,
709832,東浦國票61購01,0,,,,
709833,杰力國票61購01,40360,0.45,0.48,0.45,0.47
709834,金益鼎國票61購02,0,,,,
709835,長聖國票61購01,0,,,,
709836,胡連國票61購01,0,,,,
709837,韋僑國票61購01,0,,,,
709838,宸曜國票5C購01,0,,,,
709839,能率亞國票61購01,0,,,,
709840,凱崴國票61購02,0,,,,
709841,湧德國票5C購01,0,,,,
709842,湧德國票5C購02,0,,,,
709843,華容國票61購02,53680,0.98,0.98,0.94,0.94
709844,華景電國票61購01,0,,,,
709845,華電網國票5C購02,0,,,,
709846,華電網國票5C購03,0,,,,
709847,廣閎科國票61購02,1480,0.74,0.74,0.74,0.74
709848,騰雲國票61購02,810,0.81,0.81,0.81,0.81
709849,系統電群益5C購01,0,,,,
709850,宜鼎群益5C購04,0,,,,
709851,威剛群益5C購06,0,,,,
709852,群聯群益5C購07,129530,2.97,3.04,2.97,3.04
709853,兆利富邦62購01,0,,,,
709854,智通*富邦62購01,0,,,,
709855,湧德富邦62購01,27720,0.33,0.33,0.33,0.33
709856,閎康富邦62購02,0,,,,
709857,聖暉*富邦5C購02,0,,,,
709858,廣閎科富邦5C購01,581860,0.42,0.59,0.41,0.59
709859,方土昶國票61購02,0,,,,
709860,台嘉碩國票5C購01,9140,0.29,0.34,0.29,0.33
709861,台嘉碩國票5C購02,29170,0.6,0.6,0.26,0.3
709862,永信建國票61購01,0,,,,
709863,兆利國票61購01,0,,,,
709864,系統電國票61購03,0,,,,
709865,朋程國票5C購01,0,,,,
709866,東浦國票61購02,0,,,,
709867,順達國票61購02,0,,,,
709868,緯軟國票61購01,108350,0.36,0.36,0.35,0.35
709869,華容群益5C購02,0,,,,
709870,廣閎科群益5C購01,903160,0.96,1.1,0.96,1.1
709871,順達中信5C購01,0,,,,
709872,聖暉*中信5C購01,0,,,,
709873,世紀*永豐5C購01,27000,4.5,4.5,4.5,4.5
709874,博智永豐5C購03,49500,0.55,0.55,0.55,0.55
709875,中美晶元大5C購10,11100,1.11,1.11,1.11,1.11
709876,宏觀元大5C購04,0,,,,
709877,良維元大5C購04,0,,,,
709878,博智元大5C購03,4900,0.49,0.49,0.49,0.49
709879,華容元大5C購01,0,,,,
709880,順達元大5C購07,0,,,,
709881,精材元大5C購04,0,,,,
709882,臺慶科元大5C購02,0,,,,
709883,系統電凱基5C購05,0,,,,
709884,佳邦凱基5C購04,0,,,,
709885,泓格凱基5C購01,0,,,,
709886,金益鼎凱基5C購01,0,,,,
709887,茂迪凱基61購01,0,,,,
709888,創惟凱基61購01,0,,,,
709889,湧德凱基61購01,0,,,,
709890,華容凱基61購01,5380,0.54,0.54,0.53,0.54
709891,群聯凱基5C購06,0,,,,
709892,臺慶科凱基61購01,0,,,,
709893,廣閎科凱基5C購01,99390,0.6,0.69,0.6,0.67
709894,雙鴻凱基5C購09,0,,,,
709895,騰雲凱基61購01,10350,0.53,0.78,0.53,0.78
709896,中美晶統一66購02,1140850,0.91,0.92,0.82,0.83
709897,立敦統一63購02,9600,0.16,0.16,0.16,0.16
709898,立敦統一64購02,0,,,,
709899,立敦統一64購03,0,,,,
709900,佳邦統一64購01,0,,,,
709901,佳邦統一66購01,0,,,,
709902,宜鼎統一64購01,0,,,,
709903,宜鼎統一64購02,0,,,,
709904,宜鼎統一64購03,0,,,,
709905,宜鼎統一64購04,422300,0.19,0.19,0.17,0.17
709906,宜鼎統一66購03,448540,0.3,0.31,0.26,0.27
709907,宜鼎統一66購04,1290,0.43,0.43,0.43,0.43
709908,威剛統一6A購01,14200,0.71,0.71,0.71,0.71
709909,建榮統一66購01,0,,,,
709910,建榮統一6A購03,0,,,,
709911,家登統一66購01,0,,,,
709912,凱崴統一66購01,0,,,,
709913,博智統一6C購01,0,,,,
709914,富喬統一64購02,353420,0.88,0.92,0.88,0.91
709915,富喬統一64購03,381190,0.86,0.9,0.86,0.88
709916,富喬統一66購01,268230,1.2,1.26,1.18,1.18
709917,群聯統一64購02,0,,,,
709918,精材統一66購01,41080,2.32,2.32,2.28,2.28
709919,精材統一6C購01,27190,1.6,1.6,1.59,1.59
709920,臺慶科統一64購02,0,,,,
709921,臺慶科統一66購02,1800,0.18,0.18,0.18,0.18
709922,臺慶科統一66購03,0,,,,
709923,臺慶科統一6A購02,0,,,,
709924,廣閎科統一66購01,560,0.56,0.56,0.56,0.56
709925,廣運統一66購01,8100,0.27,0.27,0.27,0.27
709926,廣運統一6C購01,0,,,,
709927,優群統一66購02,0,,,,
709928,雙鴻統一64購01,193720,0.98,1.0,0.98,1.0
709929,雙鴻統一65購02,403760,1.58,1.63,1.52,1.53
709930,宏觀國泰61購01,7900,0.39,0.4,0.39,0.4
709931,金益鼎國泰61購01,0,,,,
709932,立敦台新5C購03,0,,,,
709933,威剛台新5C購01,9900,0.99,0.99,0.99,0.99
709934,威剛台新5C購02,0,,,,
709935,威剛台新5C購03,13650,2.73,2.73,2.73,2.73
709936,威剛台新61購01,0,,,,
709937,威剛台新62購01,294630,1.99,1.99,1.91,1.91
709938,威剛台新63購01,0,,,,
709939,威剛台新66購01,0,,,,
709940,茂迪台新5C購01,0,,,,
709941,凱崴台新5C購01,1800,0.18,0.18,0.18,0.18
709942,華容台新5C購03,0,,,,
709943,威剛富邦5C購01,0,,,,
709944,宜鼎永豐61購01,0,,,,
709945,胡連永豐61購01,0,,,,
709946,艾訊國票61購01,0,,,,
709947,良維國票61購01,0,,,,
709948,朋億*國票61購01,0,,,,
709949,東浦國票61購03,0,,,,
709950,茂迪國票61購01,0,,,,
709951,凱崴國票61購03,0,,,,
709952,寶雅國票61購01,9920,1.24,1.24,1.24,1.24
709953,台半群益62購02,45120,0.94,0.94,0.94,0.94
709954,中美晶凱基5C購03,35840,1.12,1.12,1.12,1.12
709955,宏觀凱基5C購01,0,,,,
709956,良維凱基5C購04,0,,,,
709957,朋程凱基5C購01,27900,0.3,0.34,0.3,0.3
709958,博智凱基5C購04,132150,0.44,0.45,0.38,0.42
709959,群ESG凱基61購01,0,,,,
709961,緯軟凱基5C購01,0,,,,
709962,世界統一6A購01,72360,0.54,0.54,0.54,0.54
709963,正基統一66購01,0,,,,
709964,立敦統一68購01,0,,,,
709965,宏觀統一6A購01,0,,,,
709966,家登統一6A購01,0,,,,
709967,富喬統一66購02,796240,1.08,1.09,1.04,1.04
709968,晶焱統一6A購01,0,,,,
709969,順達統一6A購01,0,,,,
709970,群聯統一63購03,0,,,,
709971,群聯國泰61購03,23940,1.71,1.71,1.71,1.71
709972,富喬台新5C購04,0,,,,
709973,世界富邦61購02,139100,0.51,0.52,0.49,0.52
709974,立碁富邦5C購01,529270,1.39,1.39,1.28,1.29
709975,良維富邦61購03,0,,,,
709976,世界元大5C購06,152720,0.97,1.0,0.96,1.0
709977,宜鼎元大5C購09,3330,0.37,0.37,0.37,0.37
709978,順達元大5C購08,116690,0.81,0.81,0.77,0.77
709979,臺慶科元大5C購03,0,,,,
709980,雙鴻元大5C購06,1782950,1.68,1.78,1.63,1.65
709981,家登永豐5C購02,0,,,,
709982,漢達永豐61購01,0,,,,
709983,宜鼎元大5C購10,178560,0.36,0.36,0.36,0.36
709984,千附國票61購01,8600,0.86,0.86,0.86,0.86
709985,世禾國票61購01,0,,,,
709986,台特化國票61購02,0,,,,
709987,伯特光國票61購01,9680,0.38,0.38,0.36,0.36
709988,岱稜國票61購01,0,,,,
709989,昇佳電國票61購01,19500,0.39,0.39,0.39,0.39
709990,朋億*國票61購02,0,,,,
709991,欣銓國票61購02,0,,,,
709992,信音國票61購01,0,,,,
709993,茂綸國票61購01,7470,0.83,0.83,0.83,0.83
709994,新普國票61購01,0,,,,
709995,聖暉*國票61購02,0,,,,
709996,精材國票61購01,71000,3.55,3.55,3.55,3.55
709997,綠界*國票61購01,0,,,,
709998,中美晶群益5C購03,90630,0.85,0.93,0.79,0.8
709999,順達群益5C購02,101500,0.84,0.84,0.79,0.79
710000,精材群益5C購02,15450,7.55,7.9,7.55,7.9
710001,加高國泰61購01,224960,0.41,0.45,0.41,0.45
710002,宜鼎國泰61購05,0,,,,
710003,宜鼎國泰61購06,0,,,,
710004,信音國泰61購01,0,,,,
710005,臺慶科國泰61購02,0,,,,
710006,中美晶凱基5C購04,95670,0.7,0.73,0.65,0.65
710007,台半凱基61購03,0,,,,
710008,宜鼎凱基5C購06,0,,,,
710009,順達凱基5C購04,3800,0.38,0.38,0.38,0.38
710010,群聯凱基5C購07,4200,0.29,0.29,0.26,0.26
710011,臺慶科凱基5C購04,0,,,,
710012,雙鴻凱基5C購10,0,,,,
710013,大中統一6A購01,0,,,,
710014,中美晶統一64購02,488620,0.93,0.93,0.8,0.82
710015,朋億*統一63購01,0,,,,
710016,朋億*統一68購01,0,,,,
710017,宣德統一66購01,0,,,,
710018,建榮統一63購01,57300,0.34,0.34,0.33,0.33
710019,凱崴統一63購01,0,,,,
710020,凱崴統一65購01,2000,0.25,0.25,0.25,0.25
710021,博智統一62購03,0,,,,
710022,富喬統一63購01,199080,1.27,1.34,1.27,1.34
710023,富喬統一65購03,969830,1.15,1.22,1.14,1.14
710024,富喬統一6C購02,4362400,0.84,0.86,0.83,0.83
710025,聖暉*統一6A購03,0,,,,
710026,精材統一63購01,0,,,,
710027,雙鴻統一63購02,0,,,,
710028,穩得統一68購01,0,,,,
710029,佳邦富邦5C購01,0,,,,
710030,宜鼎富邦63購02,14000,0.28,0.28,0.28,0.28
710031,富喬富邦63購01,96280,0.87,0.92,0.87,0.91
710032,群聯富邦62購07,4150,0.83,0.83,0.83,0.83
710033,群聯富邦62購08,11250,0.75,0.75,0.75,0.75
710034,中美晶台新5C購01,43610,1.42,1.42,1.4,1.4
710035,台半台新5C購01,0,,,,
710036,台半台新5C購02,0,,,,
710037,廣閎科台新5C購02,412430,1.15,1.6,1.15,1.6
710038,良維永豐5C購04,0,,,,
710039,朋億*永豐61購01,0,,,,
710040,華景電永豐63購01,0,,,,
710041,群聯永豐5C購10,0,,,,
710042,群聯永豐5C購11,0,,,,
710043,群聯永豐5C購12,24300,0.45,0.45,0.45,0.45
710044,臺慶科永豐5C購02,0,,,,
710045,力致國票61購01,0,,,,
710046,千附國票61購02,0,,,,
710047,中美晶國票61購02,379130,0.97,0.99,0.84,0.84
710048,加高國票61購03,450,0.15,0.15,0.15,0.15
710049,宏碁資國票61購01,50000,0.5,0.5,0.5,0.5
710050,朋億*國票61購03,0,,,,
710051,美琪瑪國票61購01,0,,,,
710052,高鋒國票61購01,0,,,,
710053,博士旺國票5C購02,0,,,,
710054,閎康國票61購02,0,,,,
710055,聖暉*國票61購03,0,,,,
710056,臺慶科國票61購03,0,,,,
710057,廣閎科國票61購03,0,,,,
710058,廣運國票61購01,0,,,,
710059,營邦國票5C購01,0,,,,
710060,營邦國票5C購02,4180,2.08,2.1,2.08,2.1
710061,鴻呈國票61購01,0,,,,
710062,中美晶凱基61購04,21450,0.47,0.48,0.47,0.48
710063,威剛凱基5C購06,0,,,,
710064,宣德凱基5C購01,0,,,,
710065,精材凱基5C購04,0,,,,
710066,臺慶科凱基5C購05,0,,,,
710067,廣閎科凱基5C購02,1620,0.34,0.44,0.34,0.44
710068,營邦凱基5C購01,14610,1.48,1.48,1.38,1.39
710069,營邦凱基5C購02,30690,1.33,1.38,1.33,1.38
710070,營邦凱基5C購03,129810,1.12,1.23,1.08,1.19
710071,中美晶群益5C購04,197250,0.71,0.76,0.66,0.66
710072,兆利群益5C購01,0,,,,
710073,營邦群益5C購01,625940,1.95,2.1,1.93,2.1
710074,營邦群益5C購02,126530,1.93,1.97,1.87,1.97
710075,世界元大5C購07,116280,0.93,0.93,0.89,0.89
710076,世界元大63購04,84900,0.72,0.72,0.71,0.72
710077,宜鼎元大5C購11,0,,,,
710078,威剛元大61購05,0,,,,
710079,廣閎科元大5C購03,249920,0.39,0.48,0.39,0.47
710080,營邦元大5C購01,208600,2.07,2.34,2.07,2.24
710081,凱崴國泰61購01,0,,,,
710082,廣閎科國泰61購01,0,,,,
710083,營邦國泰61購01,682240,3.14,3.36,3.04,3.24
710084,營邦富邦62購01,0,,,,
710085,營邦富邦63購01,364640,0.7,0.78,0.7,0.75
710086,中美晶統一66購03,207180,0.59,0.6,0.55,0.55
710087,台特化統一6C購02,0,,,,
710088,朋程統一65購02,0,,,,
710089,朋億*統一66購01,0,,,,
710090,威剛統一63購01,0,,,,
710091,威剛統一65購05,0,,,,
710092,美琪瑪統一6A購01,0,,,,
710093,華景電統一64購03,0,,,,
710094,群聯統一66購01,5400,0.54,0.54,0.54,0.54
710095,聖暉*統一66購01,0,,,,
710096,博智國泰61購01,97380,0.81,0.82,0.79,0.82
710097,營邦統一66購01,214680,1.21,1.23,1.21,1.21
710098,營邦統一66購02,136500,1.11,1.17,1.11,1.17
710099,營邦統一66購03,0,,,,
710100,營邦統一6C購01,877110,0.93,0.95,0.9,0.93
710101,中美晶台新5C購02,0,,,,
710102,中美晶台新5C購03,17150,3.43,3.43,3.43,3.43
710103,東浦台新5C購02,0,,,,
710104,東浦台新5C購03,0,,,,
710105,勤凱台新5C購01,0,,,,
710106,聖暉*台新5C購02,0,,,,
710107,聖暉*台新5C購03,0,,,,
710108,聖暉*台新5C購04,0,,,,
710109,廣閎科台新5C購03,86810,0.82,1.1,0.82,1.1
710110,銳澤台新5C購01,0,,,,
710111,騰雲台新5C購01,199090,1.8,2.15,1.8,2.15
710112,中美晶凱基61購05,13570,0.49,0.51,0.49,0.51
710113,世界凱基5C購06,0,,,,
710114,宜鼎凱基5C購07,13440,0.12,0.12,0.12,0.12
710115,朋億*凱基61購01,0,,,,
710116,威剛凱基5C購07,0,,,,
710117,威剛凱基5C購08,0,,,,
710118,宜鼎元大5C購12,0,,,,
710119,朋億*元大5C購01,31600,0.3,0.31,0.3,0.31
710120,東浦元大5C購01,0,,,,
710121,威剛元大5C購04,0,,,,
710122,安碁台新5C購01,3950,0.79,0.79,0.79,0.79
710123,臺慶科台新5C購01,0,,,,
710124,中美晶國票61購03,18760,0.84,0.84,0.73,0.73
710125,宏捷科國票61購01,0,,,,
710126,朋億*國票61購04,0,,,,
710127,東浦國票61購04,0,,,,
710128,宣德國票61購01,0,,,,
710129,能率亞國票61購02,38000,0.38,0.38,0.38,0.38
710130,宏捷科中信5C購01,0,,,,
710131,博智中信5C購01,0,,,,
710132,中美晶永豐5C購02,229420,1.06,1.08,1.0,1.0
710133,中美晶永豐5C購03,42750,0.95,0.95,0.95,0.95
710134,世界永豐66購01,35260,0.82,0.82,0.82,0.82
710135,亞通永豐64購01,30200,1.51,1.51,1.51,1.51
710136,宣德永豐61購01,600,0.12,0.12,0.12,0.12
710137,博智永豐61購01,0,,,,
710138,中美晶富邦5C購01,353620,0.7,0.7,0.59,0.59
710139,順達富邦62購02,0,,,,
710140,聖暉*富邦5C購03,0,,,,
710141,中美晶中信5C購01,65030,0.35,0.35,0.31,0.31
710142,宏捷科凱基5C購02,0,,,,
710143,富喬凱基5C購05,9120,1.17,1.17,1.09,1.09
710144,群聯凱基5C購08,0,,,,
710145,廣閎科凱基5C購03,300,0.3,0.3,0.3,0.3
710146,中美晶台新5C購04,6000,0.6,0.6,0.6,0.6
710147,台半台新5C購03,0,,,,
710148,均豪台新5C購01,0,,,,
710149,均豪台新5C購02,0,,,,
710150,均豪台新5C購03,0,,,,
710151,宜鼎台新5C購06,0,,,,
710152,凱崴台新5C購02,11870,0.33,0.33,0.32,0.32
710153,廣閎科台新5C購04,900,0.9,0.9,0.9,0.9
710154,台半元大5C購07,0,,,,
710155,宜鼎元大5C購13,0,,,,
710156,威剛元大5C購05,3480,1.16,1.16,1.16,1.16
710158,台半國泰61購01,51640,0.76,0.76,0.72,0.72
710159,博智國泰61購02,0,,,,
710160,順達國泰61購01,22620,0.78,0.78,0.78,0.78
710161,台半富邦62購04,73800,0.41,0.41,0.41,0.41
710162,台半富邦63購02,121100,0.36,0.37,0.36,0.37
710163,朋程富邦62購02,6500,0.15,0.16,0.15,0.16
710164,朋程富邦63購02,0,,,,
710165,鈊象富邦62購02,22940,0.62,0.62,0.62,0.62
710166,營邦富邦62購02,0,,,,
710167,兆利永豐64購01,0,,,,
710168,宜鼎永豐63購01,257070,0.44,0.44,0.39,0.41
710169,精確永豐61購01,0,,,,
710170,雙鴻永豐66購01,1860,1.86,1.86,1.86,1.86
710171,廣閎科國票61購04,0,,,,
710172,台半群益5C購04,0,,,,
710173,宏捷科群益5C購02,0,,,,
710174,臺慶科群益5C購02,0,,,,
710175,台半凱基5C購04,0,,,,
710176,尼克森凱基5C購01,1020,0.17,0.17,0.17,0.17
710177,宏捷科凱基5C購03,0,,,,
710178,朋程凱基5C購02,0,,,,
710179,茂達凱基5C購01,0,,,,
710180,臺慶科凱基5C購06,0,,,,
710181,廣閎科凱基5C購04,240,0.24,0.24,0.24,0.24
710182,大中台新5C購01,8540,0.39,0.39,0.37,0.37
710183,台半台新5C購04,2250,0.15,0.15,0.15,0.15
710184,宜鼎台新61購02,7800,0.26,0.26,0.26,0.26
710185,晶焱台新5C購04,0,,,,
710186,晶焱台新5C購05,0,,,,
710187,廣閎科台新61購01,0,,,,
710188,中美晶元大5C購11,81310,0.76,0.76,0.62,0.62
710189,台半元大5C購08,0,,,,
710190,宜鼎元大5C購14,169960,0.31,0.31,0.27,0.27
710191,威剛元大5C購06,15600,0.78,0.78,0.78,0.78
710192,群聯中信64購01,660630,0.3,0.32,0.28,0.29
710193,雙鴻中信66購01,0,,,,
710194,雙鴻中信66購02,142340,1.2,1.25,1.19,1.25
710195,大中永豐64購01,23760,0.44,0.44,0.44,0.44
710196,台半永豐64購01,0,,,,
710197,尼克森永豐64購01,183410,0.31,0.33,0.31,0.31
710198,信紘科永豐64購01,0,,,,
710199,家登永豐64購01,0,,,,
710200,富喬永豐5C購02,146770,1.54,1.54,1.47,1.47
710201,鈊象永豐61購01,0,,,,
710202,鴻呈永豐61購01,0,,,,
710203,世禾國票61購02,0,,,,
710204,世紀*國票61購01,38730,2.84,2.85,2.71,2.71
710205,亞泰國票61購01,3800,0.38,0.38,0.38,0.38
710206,矽科國票61購01,0,,,,
710207,茂迪國票61購02,0,,,,
710208,茂達國票61購01,0,,,,
710209,崧騰國票61購01,0,,,,
710210,統振國票61購01,0,,,,
710211,博盛國票61購01,64740,0.36,0.39,0.36,0.38
710212,閎康國票61購03,0,,,,
710213,萬泰科國票61購01,0,,,,
710214,漢達國票61購01,0,,,,
710215,臺慶科國票61購04,0,,,,
710216,廣閎科國票61購05,810,0.4,0.41,0.4,0.41
710217,聰泰國票61購01,0,,,,
710218,能率亞國泰61購01,26200,0.88,0.88,0.87,0.87
710219,能率國泰61購01,62500,1.25,1.25,1.25,1.25
710220,廣閎科國泰61購02,98400,0.61,0.8,0.61,0.8
710221,凡甲富邦63購01,0,,,,
710222,立碁富邦5C購02,0,,,,
710223,智通*富邦62購02,0,,,,
710224,宜鼎群益5C購05,0,,,,
710225,威剛群益5C購07,0,,,,
710226,威剛群益62購02,0,,,,
710227,宣德群益5C購01,0,,,,
710228,家登群益63購01,0,,,,
710229,凱崴群益5C購01,0,,,,
710230,博智群益5C購01,0,,,,
710231,富喬群益5C購04,0,,,,
710232,群聯群益5C購08,0,,,,
710233,群聯群益5C購09,0,,,,
710234,群聯群益61購05,0,,,,
710235,雙鴻群益62購02,189950,6.9,7.15,6.9,7.15
710236,威剛中信66購01,0,,,,
710237,富喬中信66購01,86770,0.73,0.74,0.72,0.73
710238,大中永豐5C購01,0,,,,
710239,中光電永豐61購01,65130,0.39,0.39,0.39,0.39
710240,世界永豐5C購02,0,,,,
710241,台半永豐61購03,0,,,,
710242,宜鼎永豐61購02,0,,,,
710243,原相永豐61購01,0,,,,
710244,達航永豐63購01,0,,,,
710245,漢達永豐64購01,158020,1.59,1.64,1.59,1.64
710246,台半元大5C購09,0,,,,
710247,台半元大63購03,0,,,,
710249,佳邦元大5C購01,0,,,,
710250,朋程元大5C購02,0,,,,
710251,欣銓元大5C購02,858010,1.28,1.28,1.12,1.14
710252,欣銓元大5C購03,29400,0.94,0.94,0.88,0.88
710253,家登元大5C購05,0,,,,
710254,家登元大66購01,3000,1.0,1.0,1.0,1.0
710255,臺慶科元大5C購05,0,,,,
710256,台半國票61購04,2300,0.2,0.21,0.2,0.21
710257,台半國票61購05,800,0.16,0.16,0.16,0.16
710258,青雲國票5C購01,22050,0.41,0.41,0.4,0.4
710259,大中台新61購01,0,,,,
710260,台半台新5C購05,440,0.11,0.11,0.11,0.11
710261,晶焱台新5C購06,0,,,,
710262,漢達台新5C購01,41300,2.95,2.95,2.95,2.95
710263,臺慶科台新5C購03,1440,0.08,0.08,0.08,0.08
710264,世界凱基5C購07,0,,,,
710265,台半凱基5C購05,420,0.14,0.14,0.14,0.14
710266,朋程凱基5C購03,0,,,,
710267,富喬凱基63購01,118400,0.64,0.64,0.64,0.64
710268,群聯凱基5C購09,24800,0.31,0.31,0.31,0.31
710269,漢達凱基5C購01,245790,1.23,1.32,1.23,1.28
710270,精材凱基63購01,284590,1.49,1.49,1.42,1.43
710271,世界國泰61購01,163880,0.81,0.81,0.8,0.8
710272,穩得國泰61購01,0,,,,
710273,中光電富邦62購02,0,,,,
710274,台半富邦63購03,0,,,,
710275,朋程富邦63購03,0,,,,
710276,FH中5G群益5C購01,0,,,,
710277,大中群益5C購01,1600,0.16,0.16,0.16,0.16
710278,中光電群益5C購01,0,,,,
710279,中光電群益5C購02,0,,,,
710280,世界群益5C購04,0,,,,
710281,台半群益62購03,0,,,,
710282,尼克森群益61購01,0,,,,
710283,宏捷科群益5C購03,0,,,,
710284,朋程群益5C購01,0,,,,
710285,茂達群益5C購01,0,,,,
710286,榮剛群益61購01,0,,,,
710287,精材群益61購01,88320,2.76,2.76,2.76,2.76
710288,世界元大5C購08,342440,0.33,0.33,0.32,0.32
710289,朋程元大5C購03,0,,,,
710290,博盛元大5C購01,65190,0.53,0.53,0.53,0.53
710291,世界台新5C購01,0,,,,
710292,萬泰科台新5C購01,0,,,,
710293,大中國票5C購01,0,,,,
710294,天品國票5C購01,249640,0.74,0.85,0.74,0.84
710295,世界國票61購02,0,,,,
710296,立碁國票61購01,23420,1.99,1.99,1.88,1.88
710297,亞通國票5C購01,1044850,1.6,1.63,1.48,1.5
710298,朋程國票5C購02,0,,,,
710299,杰力國票61購02,3840,0.24,0.24,0.24,0.24
710300,博盛國票61購02,0,,,,
710301,晶宏國票61購01,329200,0.8,0.8,0.75,0.75
710302,漢達國票63購01,103790,1.18,1.24,1.18,1.21
710303,寶雅國票61購02,9900,0.9,0.9,0.9,0.9
710304,大中凱基5C購01,260,0.13,0.13,0.13,0.13
710305,中光電凱基5C購01,0,,,,
710306,中光電凱基5C購02,15400,0.14,0.14,0.14,0.14
710307,世界凱基63購02,0,,,,
710308,宏捷科凱基5C購04,0,,,,
710309,欣銓凱基5C購01,660,0.66,0.66,0.66,0.66
710310,青雲凱基5C購01,0,,,,
710311,威剛凱基61購02,0,,,,
710312,茂達凱基5C購02,0,,,,
710313,家登凱基5C購04,0,,,,
710314,家登凱基5C購05,0,,,,
710315,臺慶科凱基5C購07,0,,,,
710316,聖暉*群益5C購03,0,,,,
710317,台嘉碩國泰61購01,13530,1.21,1.31,1.21,1.31
710318,宜鼎國泰62購01,0,,,,
710319,朋程國泰61購01,0,,,,
710320,原相國泰61購01,0,,,,
710321,博盛國泰61購01,28100,0.64,0.71,0.64,0.71
710322,世界富邦5C購04,0,,,,
710323,宜鼎富邦5C購05,2070,0.09,0.09,0.09,0.09
710324,信紘科永豐5C購01,0,,,,
710325,順達永豐5C購02,0,,,,
710326,順達永豐5C購03,0,,,,
710327,順達永豐5C購04,0,,,,
710328,群聯永豐64購06,0,,,,
710329,群聯永豐66購01,0,,,,
710330,鴻呈永豐5C購01,0,,,,
710331,中光電台新5C購01,0,,,,
710332,中光電台新5C購02,320590,0.16,0.16,0.14,0.14
710333,亞信台新5C購01,131830,0.68,0.7,0.67,0.67
710334,精材台新61購01,0,,,,
710335,精材台新61購02,104620,3.77,3.77,3.61,3.7
710336,亞通凱基5C購01,0,,,,
710337,朋程凱基5C購04,0,,,,
710338,聖暉*凱基5C購03,0,,,,
710339,宜鼎元大5C購15,14750,0.51,0.51,0.45,0.46
710340,富喬元大65購01,2612640,1.59,1.64,1.56,1.56
710341,漢達元大5C購01,221600,1.04,1.18,1.01,1.15
710342,精材元大5C購05,243420,3.5,3.61,3.33,3.61
710343,臺慶科元大5C購06,0,,,,
710344,宜特永豐64購01,0,,,,
710345,朋程永豐5C購03,0,,,,
710346,朋程永豐5C購04,0,,,,
710347,威剛永豐64購02,0,,,,
710348,威剛永豐66購01,0,,,,
710349,富喬永豐5C購03,0,,,,
710350,漢達永豐5C購01,108240,1.05,1.18,1.05,1.18
710351,雙鴻永豐63購03,118350,2.0,2.0,1.97,1.97
710352,寶雅永豐5C購01,0,,,,
710353,鏵友益永豐64購01,58520,0.42,0.44,0.42,0.42
710354,精材中信64購01,28970,1.19,1.19,1.13,1.19
710355,大世科國票61購01,0,,,,
710356,元山國票61購01,0,,,,
710357,世界國票61購03,0,,,,
710358,安葆國票61購01,211590,1.53,1.79,1.53,1.78
710359,亞信國票61購01,0,,,,
710360,明安國票61購01,3280,0.41,0.41,0.41,0.41
710361,桓達國票61購01,0,,,,
710362,神準國票61購01,0,,,,
710363,晶焱國票5C購02,200,0.2,0.2,0.2,0.2
710364,智擎國票61購01,4940,0.41,0.42,0.41,0.42
710365,聖暉*國票61購04,0,,,,
710366,漢達國票65購01,807320,1.11,1.19,1.09,1.17
710367,精材國票61購02,0,,,,
710368,鈊象群益5C購01,0,,,,
710369,富喬國泰61購01,60680,1.48,1.48,1.48,1.48
710370,漢達國泰61購02,0,,,,
710371,世界凱基5C購08,0,,,,
710372,宜鼎凱基5C購08,0,,,,
710373,群聯凱基5C購10,323300,0.61,0.61,0.61,0.61
710374,群聯凱基61購06,24050,0.75,0.75,0.65,0.68
710375,精材凱基5C購05,334730,2.54,2.65,2.38,2.48
710376,世界台新5C購03,1800,0.3,0.3,0.3,0.3
710377,巨有台新5C購01,21260,4.22,4.3,4.22,4.3
710378,巨有台新5C購02,0,,,,
710379,東浦台新5C購04,0,,,,
710380,東浦台新5C購05,0,,,,
710381,杰力台新5C購01,0,,,,
710382,青雲台新5C購01,46040,0.4,0.41,0.37,0.37
710383,能率亞台新5C購01,0,,,,
710384,中光電元大5C購01,0,,,,
710385,宜鼎元大5C購16,0,,,,
710386,富喬元大65購02,155140,1.46,1.51,1.43,1.43
710387,精材元大5C購06,83390,3.76,3.85,3.61,3.85
710388,精材元大5C購07,242250,2.73,2.76,2.6,2.64
710389,精材元大61購08,641780,3.22,3.32,3.08,3.22
710390,精材元大61購09,1057960,3.05,3.13,3.01,3.09
710391,精材元大63購04,429170,2.81,2.81,2.69,2.78
710392,世界中信63購01,0,,,,
710393,久元永豐5C購03,0,,,,
710394,久元永豐5C購04,0,,,,
710395,世禾永豐5C購01,75800,0.66,0.66,0.65,0.65
710396,世界永豐5C購03,9860,0.17,0.17,0.17,0.17
710397,巨有永豐5C購02,131530,1.99,1.99,1.87,1.87
710398,安勤永豐63購01,13500,0.58,0.6,0.58,0.6
710399,均豪永豐5C購03,13320,1.11,1.11,1.11,1.11
710400,均豪永豐5C購04,0,,,,
710401,宏觀永豐5C購02,2340,0.39,0.39,0.39,0.39
710402,宏觀永豐5C購03,0,,,,
710403,晶焱永豐5C購01,0,,,,
710404,晶焱永豐5C購02,0,,,,
710405,智通*永豐63購01,0,,,,
710406,湧德永豐5C購01,0,,,,
710407,湧德永豐5C購02,3570,0.51,0.51,0.51,0.51
710408,聖暉*永豐5C購03,0,,,,
710409,聖暉*永豐5C購04,3960,0.12,0.12,0.12,0.12
710410,精材永豐5C購03,0,,,,
710411,精材永豐5C購04,34200,3.43,3.43,3.4,3.4
710412,精材永豐63購02,0,,,,
710413,優群永豐5C購02,0,,,,
710414,雙鴻永豐5C購05,26840,2.44,2.44,2.44,2.44
710415,世界國票61購04,0,,,,
710416,巨有國票5C購01,0,,,,
710417,巨有國票5C購02,0,,,,
710418,宇峻國票61購01,0,,,,
710419,安勤國票61購02,13810,0.4,0.4,0.39,0.39
710420,青雲國票5C購02,1400,0.28,0.28,0.28,0.28
710421,能率國票61購01,0,,,,
710422,精材國票61購03,20960,2.34,2.34,2.32,2.32
710423,鑫科國票5C購01,0,,,,
710424,巨有群益5C購01,195720,4.01,4.01,3.98,3.98
710425,智通*群益5C購01,0,,,,
710426,智通*群益63購01,0,,,,
710427,東浦國泰61購01,0,,,,
710428,杰力國泰61購01,21000,0.42,0.42,0.42,0.42
710429,精材國泰61購01,19840,4.96,4.96,4.96,4.96
710430,威剛富邦5C購02,260,0.26,0.26,0.26,0.26
710431,精材富邦5C購01,39110,1.63,1.79,1.63,1.79
710432,安勤凱基62購01,0,,,,
710433,系微凱基5C購01,0,,,,
710434,宜鼎凱基5C購09,6330,0.41,0.41,0.38,0.38
710435,能率凱基62購01,7800,0.26,0.26,0.26,0.26
710436,富喬凱基63購02,0,,,,
710437,智通*凱基5C購01,0,,,,
710438,群聯凱基5C購11,278900,0.57,0.57,0.51,0.51
710439,群聯凱基5C購12,398840,0.72,0.72,0.58,0.62
710440,鑫科凱基5C購01,0,,,,
710441,中美晶元大5C購12,85430,1.69,1.69,1.53,1.53
710442,世界元大66購03,0,,,,
710443,宜鼎元大5C購17,686560,0.8,0.84,0.75,0.75
710444,能率亞元大5C購01,0,,,,
710445,富喬元大5C購04,471590,1.19,1.19,1.13,1.13
710446,智通*元大5C購01,0,,,,
710447,智通*元大5C購02,0,,,,
710448,智通*元大63購01,0,,,,
710449,五福國票64購01,0,,,,
710450,璟德國票64購01,0,,,,
710451,磐儀國票64購01,0,,,,
710452,中光電國票61購01,0,,,,
710453,宜鼎國票62購01,0,,,,
710454,竹陞國票64購01,6500,0.65,0.65,0.65,0.65
710455,崴寶國票64購01,0,,,,
710456,富強鑫國票62購01,8820,0.98,0.98,0.98,0.98
710457,千附國票64購01,0,,,,
710458,智通*國票61購01,0,,,,
710459,智通*國票61購02,0,,,,
710460,久元永豐5C購05,0,,,,
710461,久元永豐63購01,0,,,,
710462,久元永豐66購01,0,,,,
710463,中光電永豐5C購01,0,,,,
710464,系統電永豐5C購02,0,,,,
710465,營邦永豐5C購01,371980,2.04,2.24,2.02,2.21
710466,營邦永豐5C購02,64460,1.78,1.8,1.78,1.8
710467,宏觀台新5C購02,0,,,,
710468,聖暉*台新5C購06,0,,,,
710469,聖暉*台新5C購07,0,,,,
710470,能率國泰63購01,0,,,,
710471,久元富邦63購01,590,0.2,0.2,0.19,0.19
710472,原相富邦5C購01,0,,,,
710473,達航富邦62購01,0,,,,
710474,營邦富邦63購02,0,,,,
710475,營邦富邦63購03,0,,,,
710476,巨有群益5C購02,348340,2.83,2.83,2.67,2.78
710477,世界元大61購01,30250,0.66,0.69,0.66,0.68
710478,世界元大66購04,19580,0.82,0.82,0.81,0.82
710479,世界元大67購01,102430,0.76,0.76,0.75,0.75
710480,巨有元大61購01,46580,1.44,1.63,1.44,1.63
710481,宜鼎元大61購05,472890,0.72,0.75,0.67,0.67
710482,富喬元大61購06,822110,1.34,1.4,1.33,1.33
710483,富喬元大62購01,178920,1.23,1.27,1.18,1.18
710484,富喬元大62購02,4346470,1.39,1.39,1.3,1.3
710485,臺慶科元大61購01,0,,,,
710486,千附精台新61購01,0,,,,
710487,元太台新61購01,0,,,,
710488,竹陞台新61購01,2600,0.9,0.9,0.85,0.85
710489,譜瑞台新61購01,164840,1.08,1.09,1.07,1.07
710490,譜瑞台新61購02,131610,0.98,0.99,0.9,0.9
710491,千附精凱基61購01,0,,,,
710492,千附精凱基61購02,0,,,,
710493,中光電凱基61購01,0,,,,
710494,元太凱基61購02,54080,0.08,0.09,0.08,0.09
710495,元太凱基61購03,0,,,,
710496,元太凱基61購04,0,,,,
710497,元太凱基61購05,0,,,,
710498,元太凱基61購06,0,,,,
710499,世紀*凱基61購01,0,,,,
710500,竹陞凱基61購01,1561300,0.75,0.75,0.64,0.68
710501,原相凱基61購01,0,,,,
710502,譜瑞凱基61購02,616710,0.7,0.7,0.63,0.65
710503,譜瑞凱基61購03,207210,0.65,0.66,0.59,0.6
710504,譜瑞凱基61購04,122610,0.57,0.57,0.51,0.51
710505,譜瑞凱基61購05,420540,0.54,0.55,0.48,0.5
710506,千附精群益61購01,38880,0.6,0.6,0.57,0.57
710507,譜瑞群益61購01,77910,0.53,0.53,0.53,0.53
710508,91APP*國票62購01,0,,,,
710509,千附精國票62購01,0,,,,
710510,世紀*國票62購01,13000,2.6,2.6,2.6,2.6
710511,竹陞國票62購01,297060,0.55,0.55,0.51,0.51
710512,宜鼎國票62購02,0,,,,
710513,長佳智國票62購01,0,,,,
710514,長聖國票62購01,8550,0.57,0.57,0.57,0.57
710515,威剛國票62購02,0,,,,
710516,建榮國票61購01,34000,0.35,0.35,0.33,0.33
710517,昱展國票62購01,0,,,,
710518,茂迪國票62購01,0,,,,
710519,訊聯國票62購01,0,,,,
710520,博士旺國票61購01,0,,,,
710522,雙鴻國票62購01,0,,,,
710523,譜瑞國票62購01,0,,,,
710524,元太中信61購01,0,,,,
710525,久元永豐64購01,0,,,,
710526,大江永豐61購01,85530,0.53,0.53,0.5,0.5
710527,元太永豐61購02,0,,,,
710528,元太永豐61購03,0,,,,
710529,邑錡永豐64購01,51400,0.7,0.71,0.7,0.71
710530,威剛永豐61購04,0,,,,
710531,威剛永豐61購05,0,,,,
710532,鈊象永豐65購01,58460,0.79,0.79,0.79,0.79
710533,勤凱永豐65購01,0,,,,
710534,新普永豐61購01,98860,0.88,0.91,0.87,0.91
710535,譜瑞永豐61購01,0,,,,
710536,譜瑞永豐61購02,0,,,,
710537,譜瑞永豐61購03,0,,,,
710538,譜瑞永豐61購04,0,,,,
710539,譜瑞永豐64購01,81680,0.94,0.94,0.89,0.89
710540,譜瑞永豐64購02,74400,0.8,0.8,0.8,0.8
710541,譜瑞永豐67購01,466110,1.27,1.27,1.24,1.24
710542,久元國泰62購01,0,,,,
710543,久元國泰62購02,0,,,,
710544,中光電國泰62購01,234530,0.47,0.47,0.47,0.47
710545,巨有國泰62購01,254340,3.87,3.91,3.34,3.91
710546,竹陞國泰62購01,58690,1.65,1.65,1.48,1.52
710547,青雲國泰62購01,82300,0.65,0.65,0.61,0.61
710548,青雲國泰62購02,7350,0.49,0.49,0.49,0.49
710549,智通*國泰62購01,0,,,,
710550,元太富邦64購01,0,,,,
710551,安勤富邦62購01,22230,0.39,0.39,0.39,0.39
710552,譜瑞富邦63購01,0,,,,
710553,譜瑞富邦64購01,253380,0.46,0.46,0.45,0.45
710554,宜鼎中信61購02,0,,,,
710555,中光電永豐61購02,0,,,,
710556,竹陞永豐61購01,0,,,,
710557,竹陞永豐64購01,0,,,,
710558,竹陞永豐65購01,100810,0.89,0.89,0.86,0.86
710559,均豪永豐64購01,0,,,,
710560,宏捷科永豐61購01,0,,,,
710561,宜鼎永豐61購03,0,,,,
710562,宜鼎永豐64購02,0,,,,
710563,威剛永豐61購06,0,,,,
710564,威剛永豐61購07,0,,,,
710565,茂達永豐61購02,0,,,,
710566,家登永豐61購02,0,,,,
710567,富喬永豐61購03,139600,0.66,0.69,0.64,0.64
710568,富喬永豐66購02,166100,1.12,1.12,1.09,1.09
710569,群翊永豐61購01,0,,,,
710570,群聯永豐61購02,0,,,,
710571,群聯永豐61購03,0,,,,
710572,群聯永豐65購06,0,,,,
710573,雙鴻永豐61購05,62890,2.63,2.79,2.63,2.79
710574,雙鴻永豐66購02,0,,,,
710575,雙鴻永豐67購01,303610,3.35,3.45,3.34,3.34
710576,中光電元大61購01,0,,,,
710577,中光電元大61購02,0,,,,
710578,中光電元大61購03,28750,0.64,0.64,0.63,0.63
710579,世界元大64購08,267600,0.4,0.42,0.4,0.4
710580,世界元大66購05,19500,0.39,0.39,0.39,0.39
710581,均豪元大61購01,0,,,,
710582,宏捷科元大67購01,270420,0.63,0.63,0.62,0.62
710583,佳邦元大61購01,0,,,,
710584,欣銓元大61購01,512810,1.36,1.36,1.23,1.23
710585,原相元大61購01,0,,,,
710586,富喬元大64購03,724490,0.82,0.85,0.79,0.8
710587,富喬元大65購03,1431680,0.97,0.97,0.92,0.92
710588,群聯元大64購06,120000,1.2,1.2,1.2,1.2
710589,臺慶科元大61購02,0,,,,
710590,中美晶群益64購01,446930,0.67,0.71,0.64,0.64
710591,竹陞群益61購01,47720,0.46,0.46,0.4,0.4
710592,均豪群益61購01,41410,0.95,0.95,0.94,0.94
710593,佳邦群益61購01,0,,,,
710594,宜特群益61購01,0,,,,
710595,青雲群益62購01,0,,,,
710596,臺慶科群益61購01,0,,,,
710597,中美晶國泰63購01,440500,1.34,1.47,1.3,1.3
710598,家登國泰62購01,0,,,,
710599,凡甲富邦63購02,0,,,,
710600,中光電富邦63購01,0,,,,
710601,宏觀富邦63購01,27220,0.31,0.32,0.31,0.32
710602,茂達富邦63購01,0,,,,
710603,耕興富邦63購01,0,,,,
710604,湧德富邦63購01,0,,,,
710605,中光電凱基61購02,63780,0.14,0.14,0.12,0.12
710606,巨有凱基61購01,380490,1.66,1.66,1.4,1.64
710607,宜鼎凱基61購01,152800,0.19,0.19,0.15,0.15
710608,富喬凱基61購04,456800,0.85,0.93,0.83,0.83
710609,臺慶科凱基61購02,2800,0.08,0.08,0.08,0.08
710610,雙鴻凱基64購01,0,,,,
710611,中美晶台新61購02,0,,,,
710612,宜特台新61購02,0,,,,
710613,宜鼎台新61購03,0,,,,
710614,原相台新61購01,0,,,,
710615,原相台新61購02,0,,,,
710616,原相台新61購03,0,,,,
710617,鈊象台新61購01,14500,0.58,0.58,0.58,0.58
710618,群聯台新61購01,0,,,,
710619,九暘元大61購01,81400,0.44,0.53,0.44,0.51
710620,中光電元大61購04,0,,,,
710621,台嘉碩元大61購01,7350,0.21,0.21,0.21,0.21
710622,安可元大61購01,0,,,,
710623,竹陞元大61購01,291270,0.61,0.61,0.54,0.54
710624,宜鼎元大61購06,5600,0.56,0.56,0.56,0.56
710625,松上元大61購01,0,,,,
710626,品安元大61購01,0,,,,
710628,晟田元大61購01,0,,,,
710629,堡達元大61購01,0,,,,
710630,富喬元大61購08,193880,0.99,1.0,0.98,0.98
710631,富喬元大64購04,480170,0.8,0.83,0.78,0.78
710632,碩禾元大61購03,14000,0.32,0.4,0.32,0.4
710633,臺慶科元大64購01,0,,,,
710634,臺慶科元大67購01,0,,,,
710635,寶雅元大61購01,15510,1.41,1.41,1.41,1.41
710636,川寶國票65購01,114600,0.6,0.67,0.6,0.65
710637,中美晶國票61購04,0,,,,
710638,中裕國票65購01,130830,0.61,0.63,0.61,0.61
710639,日揚國票65購01,0,,,,
710640,安可國票61購01,24540,0.24,0.3,0.24,0.24
710641,金雨國票65購01,1500,0.15,0.15,0.15,0.15
710642,品安國票65購01,0,,,,
710643,威潤國票65購01,0,,,,
710644,茂達國票65購01,29120,0.56,0.56,0.56,0.56
710645,泰藝國票61購01,0,,,,
710646,晟田國票61購01,0,,,,
710647,崇越電國票65購01,5610,0.51,0.51,0.51,0.51
710648,富強鑫國票65購01,7900,0.79,0.79,0.79,0.79
710649,瑞耘國票65購01,1500,0.75,0.75,0.75,0.75
710650,精拓科國票65購01,315360,0.69,0.69,0.63,0.65
710651,廣積國票65購01,1820,0.91,0.91,0.91,0.91
710652,璟德國票65購01,0,,,,
710653,中光電群益61購01,0,,,,
710654,中美晶群益63購01,0,,,,
710655,世紀*群益62購01,0,,,,
710656,台嘉碩群益61購01,0,,,,
710657,台嘉碩群益61購02,0,,,,
710658,巨漢群益61購01,2320,0.29,0.29,0.29,0.29
710659,宜鼎群益61購01,0,,,,
710660,東浦群益61購01,0,,,,
710661,東浦群益61購02,0,,,,
710662,國眾群益64購01,0,,,,
710663,堡達群益61購01,0,,,,
710664,晶宏群益61購01,311060,0.94,0.94,0.9,0.9
710665,陽程群益61購01,0,,,,
710666,九暘凱基61購01,527800,0.24,0.42,0.24,0.3
710667,川寶凱基61購01,697600,0.73,0.82,0.7,0.7
710668,中美晶凱基61購06,20950,0.8,0.86,0.73,0.73
710669,日揚凱基61購01,0,,,,
710670,世界凱基66購01,0,,,,
710671,加高凱基61購01,0,,,,
710672,加高凱基61購02,0,,,,
710673,台嘉碩凱基61購01,0,,,,
710674,台嘉碩凱基61購02,840,0.21,0.21,0.21,0.21
710675,全宇昕凱基61購01,24400,0.61,0.61,0.61,0.61
710676,邑錡凱基61購01,1100,0.22,0.22,0.22,0.22
710677,奇鈦科凱基61購01,11660,0.22,0.22,0.21,0.21
710678,東浦凱基61購01,0,,,,
710679,杰力凱基61購01,25180,0.4,0.4,0.38,0.38
710680,茂達凱基61購01,4740,0.24,0.24,0.23,0.23
710681,泰藝凱基61購01,0,,,,
710682,高僑凱基61購01,0,,,,
710683,崇越電凱基61購01,15000,0.5,0.5,0.5,0.5
710684,堡達凱基61購01,0,,,,
710685,晶宏凱基61購01,38960,0.84,0.9,0.84,0.88
710686,越峰凱基61購01,0,,,,
710687,陽程凱基61購02,1278220,3.34,3.39,3.02,3.02
710688,碩禾凱基61購01,188410,0.4,0.77,0.37,0.77
710689,中光電台新61購01,155660,0.21,0.21,0.2,0.2
710690,中光電台新61購02,0,,,,
710691,中美晶台新61購03,160830,0.65,0.67,0.65,0.67
710692,中美晶台新63購02,26280,0.73,0.73,0.73,0.73
710693,世界台新61購01,15200,0.38,0.38,0.38,0.38
710694,台嘉碩台新61購01,0,,,,
710695,台嘉碩台新61購02,0,,,,
710696,巨漢台新61購01,0,,,,
710697,巨漢台新61購02,0,,,,
710698,全宇昕台新61購01,0,,,,
710699,欣銓台新61購01,40790,0.7,0.7,0.63,0.63
710700,欣銓台新61購02,85100,0.75,0.75,0.68,0.68
710701,威剛台新61購02,0,,,,
710702,家登台新61購01,0,,,,
710703,家登台新64購01,0,,,,
710704,威剛中信61購01,0,,,,
710705,九暘永豐61購01,815610,0.35,0.39,0.35,0.36
710706,久禾光永豐61購01,0,,,,
710707,川寶永豐61購01,253550,0.55,0.66,0.54,0.58
710708,加高永豐61購01,0,,,,
710709,台嘉碩永豐61購01,0,,,,
710710,巨漢永豐61購01,0,,,,
710711,立盈永豐61購01,0,,,,
710712,全宇昕永豐61購01,0,,,,
710713,利機永豐61購01,0,,,,
710714,良維永豐61購01,0,,,,
710715,奇鈦科永豐61購01,0,,,,
710716,奇鈦科永豐61購02,11550,0.21,0.21,0.21,0.21
710717,東浦永豐61購01,0,,,,
710718,杰力永豐61購01,0,,,,
710719,欣銓永豐64購02,65060,0.72,0.73,0.68,0.68
710720,信音永豐61購01,30130,0.23,0.23,0.23,0.23
710721,泰藝永豐61購01,0,,,,
710722,泰藝永豐61購02,0,,,,
710723,崇越電永豐61購01,11130,0.53,0.53,0.53,0.53
710724,崇越電永豐61購02,86000,0.5,0.5,0.5,0.5
710725,堡達永豐61購01,0,,,,
710726,堡達永豐64購01,0,,,,
710727,晶宏永豐61購01,0,,,,
710728,華洋永豐61購01,7000,0.35,0.35,0.35,0.35
710729,越峰永豐61購01,5040,0.09,0.09,0.09,0.09
710730,陽程永豐61購01,0,,,,
710731,碩禾永豐61購01,0,,,,
710733,寬魚永豐61購01,10150,0.29,0.29,0.29,0.29
710734,寬魚永豐61購02,0,,,,
710735,威剛國泰62購01,0,,,,
710736,立碁富邦61購01,0,,,,
710737,均豪富邦61購02,0,,,,
710738,中光電國票61購02,0,,,,
710739,中美晶國票65購01,21100,0.99,0.99,0.92,0.92
710740,竹陞國票65購01,13800,0.69,0.69,0.69,0.69
710741,松上國票61購01,0,,,,
710742,欣銓國票61購03,0,,,,
710743,青雲國票61購01,36560,1.12,1.12,1.1,1.1
710744,盈正國票65購01,920,0.46,0.46,0.46,0.46
710745,茂達國票65購02,0,,,,
710746,家登國票61購01,0,,,,
710747,堡達國票61購01,0,,,,
710748,翔名國票65購01,0,,,,
710749,華洋國票65購01,0,,,,
710750,勤凱國票61購01,25000,0.2,0.2,0.2,0.2
710751,頎邦國票65購01,1533140,0.9,0.9,0.87,0.9
710752,璟德國票61購01,0,,,,
710753,擎邦國票61購01,273890,0.52,0.6,0.52,0.6
710754,耀穎國票65購01,755870,1.25,1.25,0.97,0.97
710756,大中元大67購01,0,,,,
710758,佳邦元大61購02,0,,,,
710761,華景電元大64購01,0,,,,
710762,聖暉*元大61購02,0,,,,
710763,頎邦元大61購01,4480,1.12,1.12,1.12,1.12
710764,璟德元大61購02,0,,,,
710765,大中凱基61購01,0,,,,
710766,竹陞凱基61購02,393730,0.28,0.31,0.22,0.31
710767,宜特凱基61購03,0,,,,
710768,欣銓凱基61購02,58750,1.23,1.23,1.06,1.06
710769,茂達凱基61購02,4800,0.24,0.24,0.24,0.24
710770,富喬凱基61購05,277170,1.13,1.14,1.11,1.13
710771,聖暉*凱基61購02,0,,,,
710772,璟德凱基64購01,4500,0.3,0.3,0.3,0.3
710773,中美晶永豐61購01,55940,0.69,0.74,0.69,0.74
710774,中美晶永豐61購02,0,,,,
710775,元太永豐61購04,1140,0.19,0.19,0.19,0.19
710776,台嘉碩永豐61購02,0,,,,
710777,竹陞永豐63購01,0,,,,
710778,宜鼎永豐66購01,0,,,,
710779,昇佳電永豐61購01,0,,,,
710780,茂達永豐64購01,0,,,,
710781,能率亞永豐61購01,0,,,,
710782,高僑永豐61購01,0,,,,
710783,閎康永豐61購02,0,,,,
710784,新漢永豐61購01,2600,0.52,0.52,0.52,0.52
710785,頎邦永豐61購02,2544800,0.66,0.67,0.63,0.63
710786,頎邦永豐64購01,328430,1.27,1.27,1.14,1.14
710787,璟德永豐61購02,0,,,,
710788,寶雅永豐61購01,0,,,,
710789,大中台新61購02,0,,,,
710790,巨有台新61購01,0,,,,
710791,立碁台新61購01,0,,,,
710792,竹陞台新61購02,0,,,,
710793,宜鼎台新61購04,2120,0.36,0.36,0.35,0.35
710794,晟田台新61購01,16000,0.8,0.8,0.8,0.8
710795,新漢台新61購01,0,,,,
710796,新漢台新64購01,0,,,,
710797,群聯台新61購02,0,,,,
710798,中美晶富邦61購02,198870,0.38,0.42,0.37,0.37
710799,欣銓富邦61購01,103860,0.49,0.49,0.42,0.42
710800,陽程富邦61購01,21700,2.17,2.17,2.17,2.17
710801,頎邦富邦63購01,170540,0.62,0.66,0.6,0.6
710802,頎邦富邦64購01,156140,0.65,0.66,0.63,0.63
710803,久元群益63購01,0,,,,
710804,大中群益61購01,0,,,,
710805,中美晶群益61購01,1011420,1.86,2.02,1.73,1.81
710806,世界群益61購02,38530,1.04,1.05,1.04,1.05
710807,台特化群益61購01,0,,,,
710808,均豪群益61購02,0,,,,
710809,良維群益61購03,159600,1.4,1.4,1.4,1.4
710810,杰力群益61購01,0,,,,
710811,威剛群益61購04,0,,,,
710812,茂達群益61購01,0,,,,
710813,能率群益61購01,0,,,,
710814,翔名群益61購01,0,,,,
710815,鈊象群益64購01,2100,0.21,0.21,0.21,0.21
710816,群聯群益67購02,1665090,2.07,2.11,1.9,1.9
710817,頎邦群益61購01,123380,0.86,0.86,0.74,0.74
710818,頎邦群益61購02,1305500,0.62,0.63,0.61,0.61
710819,雙鴻群益61購01,0,,,,
710820,中光電凱基61購03,0,,,,
710821,世紀*凱基61購02,0,,,,
710822,良維凱基61購02,47730,1.29,1.29,1.29,1.29
710823,昇佳電凱基61購01,0,,,,
710824,家登凱基61購01,0,,,,
710825,翔名凱基61購01,0,,,,
710826,頎邦凱基61購01,2993790,0.42,0.46,0.36,0.37
710827,精材凱基61購06,13600,3.4,3.4,3.4,3.4
710828,竹陞台新61購03,45740,0.41,0.42,0.4,0.42
710829,朋程台新61購01,0,,,,
710830,朋程台新62購01,62010,0.39,0.39,0.39,0.39
710831,朋程台新63購01,98210,1.19,1.2,1.13,1.13
710832,朋程台新64購01,23940,0.57,0.57,0.57,0.57
710833,博大台新61購01,0,,,,
710834,群聯台新61購03,0,,,,
710835,群聯台新67購01,0,,,,
710836,群聯台新67購02,0,,,,
710837,頎邦台新61購01,719810,1.1,1.18,1.01,1.01
710838,頎邦台新61購02,1779120,0.92,1.02,0.83,0.84
710839,驊訊台新61購01,0,,,,
710840,驊訊台新61購02,9000,0.18,0.18,0.18,0.18
710841,力致永豐61購01,18400,0.46,0.46,0.46,0.46
710842,中美晶永豐65購02,80280,0.99,1.06,0.99,1.06
710843,世紀*永豐61購01,43330,2.49,2.49,2.21,2.32
710844,神準永豐65購01,0,,,,
710845,翔名永豐61購01,0,,,,
710846,翔名永豐65購01,0,,,,
710847,榮剛永豐61購01,5940,0.6,0.6,0.59,0.59
710848,榮剛永豐61購02,0,,,,
710849,九暘國票65購01,84740,0.39,0.44,0.39,0.44
710850,大中國票61購01,0,,,,
710851,中菲行國票65購01,0,,,,
710852,友威科國票65購01,220130,0.59,0.6,0.55,0.55
710853,全宇昕國票65購01,21120,0.44,0.44,0.44,0.44
710854,竹陞國票66購01,10000,0.5,0.5,0.5,0.5
710855,邑錡國票61購01,0,,,,
710856,邑錡國票63購01,2880,0.36,0.36,0.36,0.36
710857,尚凡*國票65購01,0,,,,
710858,易發國票65購01,278310,0.58,0.63,0.54,0.54
710859,昇佳電國票65購01,1500,0.3,0.3,0.3,0.3
710860,佶優國票61購01,0,,,,
710861,佶優國票63購01,0,,,,
710862,茂訊國票65購01,0,,,,
710863,原相國票61購01,0,,,,
710864,振曜國票65購01,0,,,,
710865,泰詠國票65購01,0,,,,
710866,健喬國票65購01,279440,0.56,0.56,0.56,0.56
710867,國眾國票65購01,0,,,,
710868,博大國票65購01,0,,,,
710869,普萊德國票65購01,0,,,,
710870,晶宏國票65購01,71120,0.98,0.98,0.91,0.91
710871,越峰國票65購01,0,,,,
710872,萬泰科國票61購02,0,,,,
710873,碩禾國票65購01,3550,0.31,0.4,0.31,0.4
710874,聚和國票61購02,0,,,,
710875,鐿鈦國票65購01,0,,,,
710876,竹陞國泰63購01,7500,0.75,0.75,0.75,0.75
710877,青雲國泰62購03,6600,1.32,1.32,1.32,1.32
710878,茂達國泰62購01,0,,,,
710879,精材國泰62購01,630120,4.19,4.3,4.13,4.17
710880,大中富邦61購01,450,0.09,0.09,0.09,0.09
710881,宜鼎富邦61購02,260,0.26,0.26,0.26,0.26
710882,中光電群益61購02,0,,,,
710883,宜鼎群益61購02,211550,0.54,0.55,0.46,0.46
710884,宜鼎群益61購03,0,,,,
710885,威剛群益61購05,0,,,,
710886,建榮群益62購01,0,,,,
710887,群聯群益67購03,1365590,3.0,3.07,2.75,2.84
710888,精材群益64購01,30900,1.83,1.83,1.8,1.8
710889,精剛群益61購01,0,,,,
710890,精剛群益61購02,0,,,,
710891,聚和群益61購01,0,,,,
710892,雙鴻群益61購02,2098600,8.55,8.6,8.25,8.6
710893,中美晶元大64購01,153180,1.27,1.35,1.24,1.24
710894,中美晶元大66購04,76590,1.15,1.22,1.13,1.13
710895,台嘉碩元大61購02,0,,,,
710896,均豪元大61購02,80550,0.45,0.45,0.45,0.45
710897,宜特元大65購01,224720,0.76,0.76,0.72,0.72
710898,宜特元大67購02,32660,0.46,0.46,0.46,0.46
710899,欣銓元大61購02,547570,1.09,1.11,0.97,0.97
710900,家登元大61購02,0,,,,
710901,能率元大61購02,0,,,,
710902,臺慶科元大64購02,0,,,,
710903,鑫科元大61購01,0,,,,
710904,太普高國票65購01,0,,,,
710905,安碁國票61購01,620,0.62,0.62,0.62,0.62
710906,利機國票61購01,0,,,,
710907,杰力國票65購01,0,,,,
710908,倉和國票65購01,0,,,,
710909,晟田國票61購02,0,,,,
710910,創泓國票61購01,142350,0.97,0.99,0.97,0.99
710911,博大國票61購01,0,,,,
710912,新普國票65購01,0,,,,
710913,聖暉*國票65購01,34960,0.23,0.23,0.23,0.23
710914,類比科國票61購01,0,,,,
710915,寶雅國票61購03,37460,0.63,0.64,0.62,0.64
710916,驊訊國票61購01,20100,0.22,0.27,0.22,0.27
710917,大中凱基61購02,0,,,,
710918,中美晶凱基66購01,0,,,,
710919,台嘉碩凱基61購03,0,,,,
710920,宏觀凱基61購04,6800,0.34,0.34,0.34,0.34
710921,宜鼎凱基61購02,109700,0.41,0.41,0.34,0.34
710922,欣銓凱基61購03,2800,0.7,0.7,0.7,0.7
710923,威剛凱基61購03,0,,,,
710924,茂達凱基61購03,0,,,,
710925,博大凱基61購01,0,,,,
710926,群聯凱基61購07,0,,,,
710927,雙鴻凱基61購05,0,,,,
710928,大中群益61購02,2800,0.14,0.14,0.14,0.14
710929,中光電群益61購03,1500,0.06,0.06,0.06,0.06
710930,欣銓群益61購01,0,,,,
710931,茂達群益61購02,0,,,,
710932,家登群益61購04,13800,1.43,1.43,1.33,1.33
710933,新普群益61購01,680,0.34,0.34,0.34,0.34
710934,新普群益61購02,740,0.37,0.37,0.37,0.37
710935,精材群益64購02,100210,1.96,1.96,1.88,1.93
710936,中美晶國泰64購01,112000,1.21,1.22,1.15,1.15
710937,中光電富邦64購01,0,,,,
710938,威剛富邦64購01,0,,,,
710939,茂達富邦63購02,0,,,,
710940,華電網富邦63購01,0,,,,
710941,萬泰科富邦63購02,0,,,,
710942,群聯中信67購01,266660,0.56,0.56,0.5,0.51
710943,中光電永豐61購03,0,,,,
710944,艾訊永豐61購01,0,,,,
710945,杰力永豐64購01,11520,0.48,0.48,0.48,0.48
710946,長聖永豐61購01,76680,0.54,0.54,0.54,0.54
710947,威剛永豐61購08,0,,,,
710948,威剛永豐64購03,0,,,,
710949,茂達永豐65購01,0,,,,
710950,倉和永豐61購01,0,,,,
710951,倉和永豐64購01,0,,,,
710952,宸曜永豐61購01,0,,,,
710953,宸曜永豐67購01,0,,,,
710954,耕興永豐61購01,0,,,,
710955,博大永豐61購01,0,,,,
710956,智通*永豐64購01,0,,,,
710957,新普永豐61購02,0,,,,
710958,精剛永豐61購01,0,,,,
710959,磐儀永豐61購01,0,,,,
710960,中光電元大61購05,0,,,,
710961,中美晶元大64購02,192480,1.21,1.27,1.15,1.15
710962,中美晶元大66購05,83990,1.14,1.14,1.05,1.05
710963,世紀*元大61購01,0,,,,
710964,宜鼎元大61購07,0,,,,
710965,晟田元大61購02,0,,,,
710966,創惟元大61購01,0,,,,
710967,晶焱元大61購01,0,,,,
710968,翔名元大61購01,0,,,,
710969,群聯元大64購07,0,,,,
710970,頎邦元大61購02,28140,1.06,1.06,0.92,0.92
710971,譜瑞元大61購03,40600,0.5,0.51,0.5,0.5
710972,譜瑞元大65購03,285870,0.69,0.69,0.65,0.65
710973,久元台新61購01,640,0.64,0.64,0.64,0.64
710974,久元台新61購02,0,,,,
710975,大中台新61購03,0,,,,
710976,大中台新61購04,0,,,,
710977,中光電台新61購04,0,,,,
710978,杰力台新61購01,18900,0.27,0.27,0.27,0.27
710979,宸曜台新61購01,13800,1.38,1.38,1.38,1.38
710980,博大台新61購02,0,,,,
710981,博大台新61購03,0,,,,
710982,精材台新61購03,615670,2.16,2.17,2.1,2.17
710983,立敦凱基61購01,0,,,,
710984,均豪凱基61購01,0,,,,
710985,家登凱基61購02,36920,1.42,1.42,1.42,1.42
710986,振曜凱基61購01,0,,,,
710987,華景電凱基64購01,820,0.41,0.41,0.41,0.41
710988,新普凱基61購01,0,,,,
710989,頎邦凱基61購02,142970,0.56,0.57,0.5,0.52
710990,精材凱基61購07,0,,,,
710991,營邦凱基61購01,184030,1.62,1.81,1.62,1.77
710992,譜瑞凱基61購06,88040,0.63,0.63,0.61,0.61
710993,寶雅凱基61購01,9800,0.98,0.98,0.98,0.98
710994,欣銓台新61購03,135850,1.04,1.05,0.88,0.88
710995,群聯台新61購04,0,,,,
710996,大江國票65購01,5300,0.53,0.53,0.53,0.53
710997,大學光國票61購01,0,,,,
710998,佰研國票65購01,0,,,,
710999,宜特國票61購01,0,,,,
711000,長聖國票65購01,10080,0.63,0.63,0.63,0.63
711001,能率國票61購02,0,,,,
711002,廣積國票66購01,1700,0.85,0.85,0.85,0.85
711003,陽程群益61購02,21800,2.18,2.18,2.18,2.18
711004,系統電國泰62購01,0,,,,
711005,宜鼎國泰62購02,0,,,,
711007,大中元大66購01,0,,,,
711009,巨有元大61購02,10980,1.83,1.83,1.83,1.83
711010,立敦元大61購01,0,,,,
711011,立敦元大67購01,0,,,,
711012,宜鼎元大61購08,25500,0.51,0.51,0.51,0.51
711013,宜鼎元大61購09,78490,0.81,0.81,0.7,0.7
711014,昇佳電元大61購01,2850,0.19,0.19,0.19,0.19
711015,朋程元大61購01,0,,,,
711016,青雲元大61購01,0,,,,
711017,美琪瑪元大61購01,0,,,,
711018,茂達元大61購03,0,,,,
711020,家登元大61購03,0,,,,
711021,智通*元大61購01,0,,,,
711022,群聯元大64購08,0,,,,
711023,譜瑞元大61購04,796830,1.02,1.02,0.93,0.93
711024,中美晶統一65購01,87620,0.39,0.39,0.37,0.37
711025,均豪統一65購01,20680,0.44,0.44,0.44,0.44
711026,朋程統一65購03,650,0.13,0.13,0.13,0.13
711027,茂訊統一67購01,0,,,,
711028,群聯統一67購01,189160,0.65,0.66,0.6,0.62
711029,精材統一67購01,28110,1.31,1.34,1.31,1.34
711030,營邦統一67購01,304490,1.19,1.29,1.19,1.28
711031,中光電永豐61購04,0,,,,
711032,中光電永豐61購05,0,,,,
711033,立敦永豐61購02,0,,,,
711034,立敦永豐64購01,0,,,,
711035,立敦永豐64購02,0,,,,
711036,宜鼎永豐63購02,14240,0.55,0.55,0.54,0.54
711037,長聖永豐61購02,19200,0.3,0.3,0.3,0.3
711038,原相永豐61購02,0,,,,
711039,群聯永豐64購07,205130,1.19,1.19,1.13,1.13
711040,群聯永豐64購08,0,,,,
711041,群聯永豐67購01,314700,0.67,0.67,0.65,0.65
711042,廣積永豐61購01,0,,,,
711043,宜鼎中信61購03,18460,0.31,0.32,0.31,0.32
711044,群聯中信61購01,0,,,,
711045,大中凱基61購03,0,,,,
711046,台特化凱基61購01,0,,,,
711047,巨有凱基61購02,70180,3.19,3.19,3.19,3.19
711048,宜特凱基61購04,0,,,,
711049,宜鼎凱基61購03,12200,0.61,0.61,0.61,0.61
711050,茂達凱基61購04,0,,,,
711051,原相凱基61購02,0,,,,
711052,智通*凱基61購01,0,,,,
711053,順達凱基61購02,0,,,,
711054,鈊象凱基61購03,55640,1.07,1.07,1.07,1.07
711055,群聯凱基64購04,95140,2.5,2.5,2.36,2.36
711056,精材凱基61購08,131720,3.49,3.59,3.39,3.59
711057,廣積凱基65購01,0,,,,
711058,昱展台新61購01,0,,,,
711059,富喬台新61購01,0,,,,
711060,艾訊群益61購01,0,,,,
711061,家登群益61購05,0,,,,
711062,順達群益61購01,0,,,,
711063,群聯群益61購06,577760,4.29,4.29,3.9,3.9
711064,精材群益61購02,95600,6.45,6.6,6.15,6.15
711065,大樹國票65購01,11220,0.51,0.51,0.51,0.51
711066,公準國票65購01,30180,0.65,0.66,0.61,0.61
711067,加百裕國票61購01,0,,,,
711068,尼克森國票61購01,0,,,,
711069,正基國票65購01,0,,,,
711070,艾訊國票61購02,0,,,,
711071,宜鼎國票65購02,500650,0.91,0.91,0.81,0.83
711072,高僑國票65購01,20050,0.45,0.45,0.44,0.44
711073,智崴國票65購01,30100,0.43,0.43,0.43,0.43
711074,僑威國票65購01,0,,,,
711075,廣明國票65購01,0,,,,
711076,撼訊國票65購01,0,,,,
711077,中美晶元大61購03,37880,0.78,0.84,0.78,0.84
711078,台嘉碩元大61購03,91110,0.67,0.74,0.67,0.74
711079,宜鼎元大61購10,354290,0.71,0.71,0.71,0.71
711080,智通*元大61購02,0,,,,
711081,群聯元大61購14,109110,1.08,1.11,1.08,1.11
711082,臺慶科元大61購03,0,,,,
711083,世界國泰62購01,395240,0.86,0.94,0.85,0.9
711084,博大國泰62購01,0,,,,
711085,陽程國泰62購01,0,,,,
711086,群聯國泰62購03,142560,1.44,1.44,1.44,1.44
711087,精材國泰62購02,657410,4.33,4.49,4.1,4.49
711088,中美晶富邦61購03,177170,0.42,0.44,0.37,0.38
711089,立碁富邦64購01,6940,1.38,1.4,1.38,1.4
711090,翔名富邦61購01,0,,,,
711091,陽程富邦61購02,47300,1.58,1.59,1.56,1.56
711092,精材富邦61購01,1780,1.78,1.78,1.78,1.78
711093,精材中信61購02,113940,1.09,1.09,0.94,1.02
711094,千附永豐61購01,0,,,,
711095,千附永豐61購02,0,,,,
711096,立端永豐61購01,55990,0.8,0.8,0.77,0.77
711097,松瑞藥永豐61購01,65620,0.78,0.79,0.77,0.77
711098,磐儀永豐61購02,0,,,,
711099,千附精統一67購01,0,,,,
711100,大中統一65購02,3200,0.2,0.2,0.2,0.2
711101,大中統一6C購01,0,,,,
711102,中裕統一69購01,50950,0.55,0.56,0.55,0.56
711103,世界統一67購01,0,,,,
711104,台嘉碩統一67購01,0,,,,
711105,台嘉碩統一6C購01,0,,,,
711106,尼克森統一65購01,22140,0.18,0.18,0.17,0.18
711107,巨有統一6C購01,0,,,,
711108,朋程統一65購04,0,,,,
711109,杰力統一6C購01,0,,,,
711110,青雲統一69購01,0,,,,
711111,青雲統一6C購01,187950,0.67,0.67,0.66,0.66
711112,泰藝統一6C購01,0,,,,
711113,健喬統一69購01,0,,,,
711114,堡達統一6C購01,0,,,,
711115,智通*統一67購01,0,,,,
711116,陽程統一6C購01,1631520,1.2,1.24,1.18,1.18
711117,順達統一65購03,0,,,,
711118,頎邦統一65購01,584840,0.66,0.71,0.64,0.64
711119,頎邦統一67購02,51340,0.65,0.67,0.64,0.64
711120,頎邦統一67購03,238320,0.63,0.65,0.62,0.62
711121,頎邦統一6C購01,360920,0.74,0.74,0.71,0.71
711122,精材統一65購02,3738960,1.45,1.45,1.25,1.3
711123,精材統一67購02,9400,0.94,0.94,0.94,0.94
711124,中美晶凱基64購01,18220,0.8,0.8,0.74,0.74
711125,家登凱基67購01,198450,1.09,1.09,1.04,1.05
711126,陽程凱基61購03,849210,2.28,2.36,2.09,2.12
711127,順達凱基61購03,0,,,,
711128,群聯凱基61購08,1564260,1.6,1.65,1.42,1.42
711129,群聯凱基61購09,53900,1.38,1.41,1.3,1.3
711130,頎邦凱基61購03,142070,0.46,0.51,0.42,0.42
711131,精材凱基61購09,251430,1.72,1.81,1.6,1.71
711132,臺慶科凱基61購03,19000,0.32,0.32,0.3,0.3
711133,宜鼎台新62購01,17820,0.66,0.66,0.66,0.66
711134,茂達台新61購01,9300,0.38,0.38,0.36,0.36
711135,茂達台新61購02,0,,,,
711136,群聯台新67購03,0,,,,
711137,群聯台新67購04,0,,,,
711138,頎邦台新61購04,2117620,1.51,1.68,1.39,1.39
711139,頎邦台新61購05,1440150,1.47,1.63,1.35,1.36
711140,精材台新61購04,450740,2.06,2.06,1.98,2.0
711141,精材台新61購05,42100,2.12,2.12,2.09,2.09
711142,精材台新62購02,0,,,,
711143,力麒國票65購01,0,,,,
711144,天良國票61購01,45900,0.28,0.28,0.24,0.24
711145,巨漢國票61購01,0,,,,
711146,協禧國票65購01,0,,,,
711147,奇鈦科國票65購01,68700,0.4,0.41,0.4,0.41
711149,陽程國票61購02,0,,,,
711150,順達國票65購01,24020,0.8,0.81,0.8,0.81
711151,精材國票61購04,169400,2.2,2.2,2.2,2.2
711152,精材國票65購01,488190,2.26,2.27,2.17,2.24
711153,營邦國票61購01,367360,2.71,2.76,2.6,2.76
711154,千附群益61購01,0,,,,
711155,千附群益61購02,0,,,,
711156,台特化群益61購02,0,,,,
711157,青雲群益61購01,0,,,,
711158,青雲群益61購02,0,,,,
711159,威剛群益61購06,0,,,,
711160,鈊象群益61購02,0,,,,
711161,新漢群益61購01,0,,,,
711162,群聯群益61購07,204000,2.56,2.56,2.24,2.24
711163,精材群益63購03,843740,3.4,3.47,3.19,3.37
711164,中光電元大61購06,0,,,,
711165,中光電元大61購07,0,,,,
711166,中美晶元大61購04,0,,,,
711167,宜鼎元大63購02,0,,,,
711168,茂達元大61購04,0,,,,
711169,智通*元大61購03,0,,,,
711171,順達元大61購01,1500,0.75,0.75,0.75,0.75
711172,群聯元大61購15,195900,1.07,1.08,0.96,0.99
711173,頎邦元大61購03,0,,,,
711174,精材元大61購10,350830,1.24,1.24,1.18,1.22
711175,精材元大61購11,508770,2.49,2.59,2.49,2.52
711176,精材元大63購05,129680,2.41,2.41,1.63,1.68
711177,營邦元大61購01,873290,1.65,1.85,1.65,1.82
711178,九暘統一63購01,410,0.41,0.41,0.41,0.41
711179,九暘統一6C購01,0,,,,
711180,千附精統一67購02,0,,,,
711181,千附精統一67購03,0,,,,
711182,大中統一65購03,0,,,,
711183,中光電統一65購01,20000,0.2,0.2,0.2,0.2
711184,中光電統一6C購01,0,,,,
711185,中美晶統一65購02,0,,,,
711186,中美晶統一67購01,45900,0.45,0.45,0.45,0.45
711187,中美晶統一6C購01,0,,,,
711188,台嘉碩統一65購01,0,,,,
711189,立敦統一67購01,0,,,,
711190,安勤統一67購01,23370,0.41,0.41,0.41,0.41
711191,系統電統一6C購01,0,,,,
711192,亞通統一67購01,0,,,,
711193,宜鼎統一67購01,82860,0.58,0.59,0.58,0.59
711194,昇佳電統一67購01,0,,,,
711195,杰力統一65購01,131350,0.38,0.41,0.38,0.41
711196,青雲統一69購02,0,,,,
711197,茂達統一69購02,0,,,,
711198,神準統一67購01,0,,,,
711199,堡達統一65購01,3040,0.38,0.38,0.38,0.38
711200,翔名統一6C購01,0,,,,
711201,順達統一67購01,0,,,,
711202,順達統一67購02,0,,,,
711203,順達統一67購03,1600,0.32,0.32,0.32,0.32
711204,順達統一6C購01,0,,,,
711205,群聯統一65購03,0,,,,
711206,頎邦統一65購02,0,,,,
711207,頎邦統一67購04,88120,0.69,0.72,0.67,0.67
711208,頎邦統一68購01,0,,,,
711209,碩禾統一67購01,1560,0.38,0.4,0.38,0.4
711210,精材統一65購03,140800,0.96,0.96,0.93,0.93
711211,精材統一6C購02,0,,,,
711212,大樹永豐61購01,0,,,,
711213,中美晶永豐61購03,0,,,,
711214,宜鼎永豐67購01,0,,,,
711215,智通*永豐65購01,0,,,,
711216,順達永豐61購02,0,,,,
711217,頎邦永豐65購01,3969390,0.91,0.91,0.86,0.89
711218,精材永豐61購03,269530,1.18,1.19,1.11,1.17
711219,精材永豐61購04,6920,1.73,1.73,1.73,1.73
711220,精材永豐64購02,39380,1.53,1.53,1.51,1.51
711221,營邦永豐64購01,51500,1.78,1.78,1.75,1.75
711222,廣積國泰62購01,181210,2.06,2.12,2.06,2.1
711223,營邦國泰62購01,170080,4.07,4.14,3.88,4.14
711224,久元富邦63購02,62400,0.39,0.39,0.39,0.39
711225,元太富邦63購01,0,,,,
711226,元太富邦63購02,0,,,,
711227,立敦富邦63購01,0,,,,
711228,宜特富邦63購01,26250,0.35,0.35,0.35,0.35
711229,智通*富邦64購02,0,,,,
711230,順達富邦63購01,2030,0.29,0.29,0.29,0.29
711231,鈊象富邦63購02,188680,0.53,0.53,0.53,0.53
711232,中美晶台新61購04,0,,,,
711233,宜鼎台新63購01,118770,0.84,0.85,0.84,0.85
711234,宜鼎台新64購01,32700,1.09,1.09,1.09,1.09
711235,千附群益61購03,0,,,,
711236,陽程群益63購01,100930,2.44,2.44,2.37,2.37
711237,順達群益61購02,39900,0.57,0.57,0.57,0.57
711238,璟德群益61購01,62500,0.53,0.53,0.52,0.52
711239,千附凱基61購01,0,,,,
711240,中美晶凱基61購07,13200,0.3,0.3,0.27,0.27
711241,宜鼎凱基64購01,0,,,,
711242,青雲凱基61購01,0,,,,
711243,威剛凱基61購04,0,,,,
711244,智通*凱基61購02,0,,,,
711245,順達凱基61購04,0,,,,
711246,新漢凱基61購01,0,,,,
711247,營邦凱基61購02,0,,,,
711248,雙鴻凱基61購06,0,,,,
711249,M31國票61購01,0,,,,
711250,千附國票61購03,0,,,,
711251,中美晶國票65購02,0,,,,
711252,巨有國票61購01,0,,,,
711253,倉和國票66購01,0,,,,
711254,博智國票61購01,43330,1.01,1.01,0.99,0.99
711255,晶呈國票65購01,13800,0.69,0.69,0.69,0.69
711256,千附元大61購01,0,,,,
711257,中光電元大61購08,0,,,,
711259,中光電元大63購01,0,,,,
711261,宜鼎元大63購03,112150,0.81,0.81,0.75,0.75
711262,朋程元大61購02,0,,,,
711263,家登元大61購04,0,,,,
711264,家登元大61購05,0,,,,
711265,凱崴元大61購01,0,,,,
711266,群聯元大61購16,0,,,,
711267,臺慶科元大61購04,1300,0.65,0.65,0.65,0.65
711268,營邦元大61購02,0,,,,
711269,中美晶國泰62購01,0,,,,
711270,世界富邦61購03,215080,0.42,0.44,0.42,0.42
711271,博智富邦63購01,157070,0.49,0.5,0.46,0.5
711272,富喬富邦61購02,26360,1.15,1.15,1.06,1.06
711273,千附精永豐64購01,0,,,,
711274,大中永豐61購01,69630,0.62,0.62,0.6,0.6
711275,世界永豐61購02,85810,0.66,0.67,0.66,0.67
711276,家登永豐61購03,0,,,,
711277,璟德永豐67購01,0,,,,
711278,九暘統一67購01,0,,,,
711279,千附統一6C購01,0,,,,
711280,中光電統一65購02,6500,0.13,0.13,0.13,0.13
711281,安勤統一67購02,18700,0.41,0.42,0.41,0.42
711282,青雲統一67購01,82660,1.16,1.17,1.14,1.14
711283,倉和統一6C購01,0,,,,
711284,神準統一67購02,0,,,,
711285,翔名統一67購01,0,,,,
711286,順達統一65購04,0,,,,
711287,M31台新61購01,0,,,,
711288,M31台新62購01,340590,1.4,1.41,1.26,1.28
711289,M31台新64購01,111940,1.22,1.25,1.2,1.2
711290,千附精台新61購02,0,,,,
711291,富喬台新61購02,30900,3.09,3.09,3.09,3.09
711292,頎邦台新61購06,2609410,1.63,1.76,1.51,1.52
711293,M31凱基61購01,207160,1.31,1.34,1.21,1.21
711294,M31凱基61購02,668310,1.39,1.46,1.26,1.3
711295,M31凱基61購03,258410,1.53,1.53,1.36,1.36
711296,千附精凱基61購03,0,,,,
711297,中光電凱基61購04,0,,,,
711298,中美晶凱基61購08,0,,,,
711299,朋程凱基61購02,0,,,,
711300,博智凱基63購01,47850,2.0,2.06,1.83,2.06
711301,晶呈凱基61購01,236210,0.86,0.98,0.85,0.94
711302,翔名凱基61購02,0,,,,
711303,群聯凱基65購01,167480,2.16,2.16,2.12,2.12
711304,臺慶科凱基64購01,620,0.62,0.62,0.62,0.62
711305,營邦凱基61購03,7650,3.81,3.84,3.81,3.84
711306,千附精元大61購01,9800,0.49,0.49,0.49,0.49
711307,中光電元大61購10,0,,,,
711308,宏捷科元大66購01,11640,0.97,0.97,0.97,0.97
711309,宜鼎元大63購04,0,,,,
711310,原相元大61購03,14980,1.07,1.07,1.07,1.07
711311,順達元大63購01,1360,1.36,1.36,1.36,1.36
711312,群聯元大61購17,0,,,,
711313,臺慶科元大61購05,0,,,,
711314,世界國泰62購02,196370,1.14,1.22,1.14,1.22
711315,陽程國泰62購02,5150,5.15,5.15,5.15,5.15
711316,鑫聯國泰62購01,0,,,,
711317,久禾光國票61購01,0,,,,
711318,千附精國票65購01,0,,,,
711319,中美晶國票61購05,0,,,,
711320,茂達國票61購02,0,,,,
711321,倉和國票67購01,0,,,,
711322,晶呈國票64購01,14800,0.74,0.74,0.74,0.74
711323,頎邦國票64購01,145660,1.64,1.64,1.63,1.63
711324,寬魚國票61購01,0,,,,
711325,M31群益61購01,29500,1.41,1.41,1.4,1.4
711326,千附精群益61購02,0,,,,
711327,杰力群益61購02,25800,0.6,0.6,0.6,0.6
711328,博智群益61購02,85660,3.21,3.37,3.21,3.37
711329,陽程群益61購03,0,,,,
711330,群聯群益63購01,43630,1.65,1.65,1.51,1.54
711331,M31富邦63購01,133050,1.0,1.04,0.99,0.99
711332,九暘統一65購01,782010,0.6,0.66,0.58,0.61
711333,中美晶統一67購02,0,,,,
711334,M31永豐63購01,156360,1.13,1.14,1.13,1.14
711335,世紀*永豐63購01,0,,,,
711336,原相永豐61購03,31500,1.05,1.05,1.05,1.05
711337,家登永豐61購04,0,,,,
711338,晶呈永豐61購01,171240,0.62,0.74,0.61,0.74
711339,晶呈永豐64購01,237370,0.91,0.97,0.91,0.97
711340,千附精台新61購03,0,,,,
711341,良維台新61購01,0,,,,
711342,創泓台新61購01,1750,0.35,0.35,0.35,0.35
711343,中美晶凱基61購09,0,,,,
711344,宜鼎凱基61購04,159080,0.88,0.88,0.76,0.78
711345,原相凱基61購03,0,,,,
711346,智通*凱基61購03,0,,,,
711347,群聯凱基63購02,110630,1.94,1.94,1.8,1.8
711348,頎邦凱基64購02,40500,1.62,1.62,1.62,1.62
711349,雙鴻凱基63購02,0,,,,
711350,中光電元大61購11,0,,,,
711351,中美晶元大61購05,14260,0.46,0.46,0.46,0.46
711352,創泓元大61購01,11200,0.56,0.56,0.56,0.56
711353,智通*元大61購04,0,,,,
711354,智通*元大61購05,0,,,,
711355,中美晶群益61購02,0,,,,
711356,世界群益61購04,19880,1.42,1.42,1.42,1.42
711357,加高群益61購01,3590,1.22,1.22,1.15,1.15
711358,巨有群益61購01,25250,5.05,5.05,5.05,5.05
711359,均豪群益66購01,80800,0.94,0.94,0.89,0.89
711360,智通*群益61購01,0,,,,
711361,群聯群益61購08,205190,4.59,4.59,4.2,4.2
711362,元太永豐61購05,26400,0.44,0.44,0.44,0.44
711363,加高永豐61購02,0,,,,
711364,良維永豐61購02,0,,,,
711365,威剛永豐67購02,0,,,,
711366,敘豐永豐64購01,0,,,,
711367,凱崴永豐61購01,0,,,,
711368,博智永豐61購02,53340,1.27,1.27,1.27,1.27
711369,華電網永豐61購01,0,,,,
711370,閎康永豐61購03,156000,1.04,1.04,1.04,1.04
711371,順達永豐64購03,28520,1.24,1.24,1.24,1.24
711372,群聯永豐64購09,0,,,,
711373,群聯永豐67購02,0,,,,
711374,聖暉*永豐64購01,20100,0.67,0.67,0.67,0.67
711375,千附國票65購01,0,,,,
711376,中美晶國票64購01,0,,,,
711377,原相國票61購02,0,,,,
711378,敘豐國票61購01,0,,,,
711379,創泓國票61購02,27250,0.36,0.37,0.36,0.37
711380,創泓國票63購01,2160,0.72,0.72,0.72,0.72
711381,智擎國票65購01,0,,,,
711382,廣穎國票65購01,0,,,,
711383,營邦國票61購02,0,,,,
711384,千附精國泰62購01,0,,,,
711385,世界國泰62購03,970710,1.4,1.51,1.38,1.46
711386,宜鼎國泰62購03,0,,,,
711387,青雲國泰62購04,32960,2.06,2.06,2.06,2.06
711388,倉和國泰62購01,0,,,,
711389,群聯國泰62購04,125980,1.86,1.87,1.74,1.74
711390,群聯國泰62購05,262500,1.61,1.61,1.54,1.54
711391,系統電富邦61購03,0,,,,
711392,宜鼎富邦61購03,152600,0.43,0.44,0.41,0.41
711393,群聯富邦63購02,130440,0.6,0.61,0.56,0.56
711394,M31統一67購01,329630,0.87,0.87,0.81,0.81
711395,M31統一67購02,137630,0.93,0.93,0.91,0.91
711396,M31統一6C購01,186090,0.8,0.8,0.76,0.76
711397,千附統一67購01,0,,,,
711398,千附精統一67購04,0,,,,
711399,大中統一67購01,0,,,,
711400,中光電統一67購01,0,,,,
711401,中光電統一6C購02,0,,,,
711402,中美晶統一66購04,12000,0.24,0.24,0.24,0.24
711403,世紀*統一67購01,16900,1.69,1.69,1.69,1.69
711404,杰力統一67購01,78300,0.54,0.54,0.54,0.54
711405,智通*統一6C購01,0,,,,
711406,閎康統一67購01,0,,,,
711407,廣穎統一63購01,0,,,,
711408,廣穎統一69購02,0,,,,
711409,千附國票66購01,0,,,,
711410,元太國票61購01,0,,,,
711411,天品國票61購01,1167890,0.88,1.02,0.87,1.0
711412,系統電國票64購01,0,,,,
711413,昇佳電國票66購01,0,,,,
711414,青雲國票61購02,7520,1.88,1.88,1.88,1.88
711415,耕興國票65購01,0,,,,
711416,晟田國票62購01,0,,,,
711417,博士旺國票61購02,0,,,,
711418,華景電國票65購01,0,,,,
711419,碩禾國票64購01,27150,0.6,0.7,0.6,0.7
711420,中美晶台新61購05,0,,,,
711421,中美晶台新63購03,0,,,,
711422,晟田台新61購02,0,,,,
711423,陽程台新61購01,0,,,,
711424,陽程台新61購02,0,,,,
711425,千附凱基61購02,0,,,,
711426,中光電凱基61購05,0,,,,
711427,中美晶凱基61購10,59300,0.21,0.21,0.18,0.18
711428,世界凱基64購02,186230,1.2,1.28,1.2,1.28
711429,立敦凱基61購02,0,,,,
711430,均豪凱基66購01,44800,1.12,1.12,1.12,1.12
711431,千附元大61購02,0,,,,
711432,千附元大61購03,0,,,,
711433,中美晶元大61購06,311150,1.02,1.09,1.02,1.02
711434,中美晶元大61購07,50090,0.48,0.52,0.48,0.51
711435,中美晶元大61購08,54300,0.25,0.27,0.25,0.27
711436,中美晶元大63購03,65100,0.53,0.56,0.5,0.5
711437,中美晶元大65購04,123140,0.53,0.56,0.53,0.54
711438,世界元大63購05,105400,0.62,0.62,0.62,0.62
711439,家登元大63購01,8050,1.61,1.61,1.61,1.61
711440,智通*元大61購06,0,,,,
711441,智通*元大63購02,34800,0.29,0.29,0.29,0.29
711442,翔名元大61購03,0,,,,
711443,頎邦元大61購04,0,,,,
711444,漢科元大61購01,139080,0.57,0.57,0.57,0.57
711445,千附永豐61購03,0,,,,
711446,千附永豐61購04,0,,,,
711447,千附永豐61購05,0,,,,
711448,千附永豐64購01,420,0.42,0.42,0.42,0.42
711449,中美晶永豐61購04,152050,0.68,0.68,0.59,0.62
711450,中美晶永豐64購02,0,,,,
711451,世禾永豐61購01,0,,,,
711452,巨漢永豐61購02,31810,0.41,0.42,0.41,0.42
711453,均豪永豐64購02,0,,,,
711454,宏捷科永豐64購01,0,,,,
711455,創惟永豐61購01,860,0.86,0.86,0.86,0.86
711456,智通*永豐61購02,0,,,,
711457,湧德永豐61購01,0,,,,
711458,陽程永豐61購02,331960,2.98,3.16,2.77,2.77
711459,中光電國泰62購02,560,0.28,0.28,0.28,0.28
711460,中光電國泰62購03,0,,,,
711461,中美晶國泰63購02,6000,0.6,0.6,0.6,0.6
711462,世禾國泰62購01,71120,0.56,0.56,0.56,0.56
711463,翔名國泰62購01,0,,,,
711464,廣穎國泰62購01,0,,,,
711465,千附統一67購02,0,,,,
711466,千附統一6C購02,0,,,,
711467,千附精統一67購05,0,,,,
711468,中美晶統一65購03,1000,0.2,0.2,0.2,0.2
711469,中美晶統一67購03,0,,,,
711470,中美晶統一6C購02,34680,0.34,0.34,0.34,0.34
711471,世界統一6C購01,3720,0.62,0.62,0.62,0.62
711472,加高統一67購01,11000,0.55,0.55,0.55,0.55
711473,系微統一6C購01,0,,,,
711474,家登統一6C購02,0,,,,
711475,博智統一6C購02,770,0.77,0.77,0.77,0.77
711476,廣穎統一6C購01,0,,,,
711477,雙鴻統一6C購01,1120,1.12,1.12,1.12,1.12
711478,中光電富邦62購03,0,,,,
711479,中美晶富邦61購04,27460,0.12,0.12,0.11,0.11
711480,台特化富邦61購01,0,,,,
711481,宜鼎富邦61購04,173500,0.42,0.42,0.4,0.4
711482,宜鼎群益61購04,36680,1.31,1.31,1.31,1.31
711483,茂達群益61購03,0,,,,
711484,世界台新61購02,378970,0.68,0.72,0.64,0.71
711485,台嘉碩台新61購03,26890,1.12,1.13,1.12,1.13
711486,巨漢台新61購03,91820,1.22,1.26,1.22,1.26
711487,良維台新61購02,23220,1.29,1.29,1.29,1.29
711488,亞電台新61購01,205800,1.25,1.25,1.22,1.22
711489,長科*台新61購01,15250,1.07,1.07,0.96,0.96
711490,千附精群益61購03,0,,,,
711491,亞電群益61購01,0,,,,
711492,亞電群益61購02,32410,1.3,1.31,1.28,1.28
711493,亞電群益61購03,46160,2.13,2.13,1.98,1.98
711494,陽程群益63購02,0,,,,
711495,世界凱基61購02,0,,,,
711496,巨漢凱基61購01,19080,0.36,0.36,0.36,0.36
711497,系統電凱基61購02,3800,0.76,0.76,0.76,0.76
711498,宜鼎凱基61購05,288150,1.81,1.81,1.57,1.58
711499,昇佳電凱基61購02,54000,0.54,0.54,0.54,0.54
711500,長科*凱基61購01,0,,,,
711501,威剛凱基61購05,171200,1.57,1.57,1.54,1.57
711502,家登凱基63購01,0,,,,
711503,富喬凱基61購06,47700,4.77,4.77,4.77,4.77
711504,智通*凱基61購04,0,,,,
711505,順達凱基61購05,2660,1.36,1.36,1.3,1.3
711506,群聯凱基61購11,97140,3.23,3.23,3.13,3.13
711507,頎邦凱基61購04,0,,,,
711508,雙鴻凱基63購03,0,,,,
711509,千附精元大61購02,0,,,,
711510,立敦元大61購03,0,,,,
711511,亞電元大61購01,54720,1.81,1.83,1.81,1.83
711512,群聯元大61購18,37900,1.54,1.54,1.51,1.51
711513,千附精統一65購01,0,,,,
711514,世界統一66購01,0,,,,
711515,亞電統一69購01,35260,0.81,0.81,0.79,0.79
711516,宜鼎統一64購05,121210,0.62,0.63,0.56,0.56
711517,倉和統一65購01,157800,5.1,5.1,4.61,4.61
711518,方土昶永豐61購01,0,,,,
711519,亞電永豐64購01,18700,1.87,1.87,1.87,1.87
711520,昇佳電永豐63購01,0,,,,
711521,長科*永豐64購01,0,,,,
711522,陽程永豐61購03,0,,,,
711523,雙鴻永豐64購03,7400,7.4,7.4,7.4,7.4
711524,世界國泰62購04,710820,0.83,0.87,0.8,0.87
711525,良維國泰62購01,139840,2.36,2.39,2.36,2.39
711526,亞電國泰62購01,0,,,,
711527,朋程國泰63購01,38280,1.04,1.04,1.0,1.0
711528,漢科國泰62購01,9750,0.96,0.99,0.96,0.99
711529,千附精富邦61購01,0,,,,
711530,立碁富邦61購02,0,,,,
711531,宜特富邦63購02,58500,0.44,0.44,0.42,0.42
711532,宜鼎富邦61購05,228700,0.61,0.64,0.61,0.62
711533,朋程富邦63購04,170440,0.4,0.44,0.4,0.4
711534,欣銓富邦61購02,341200,0.68,0.68,0.6,0.6
711535,長科*富邦62購02,34770,0.61,0.61,0.61,0.61
711536,富喬富邦61購03,0,,,,
711537,智通*富邦63購01,0,,,,
711538,陽程富邦61購03,0,,,,
711539,群聯富邦63購03,13700,1.37,1.37,1.37,1.37
711540,營邦富邦62購03,0,,,,
711541,雙鴻富邦63購02,0,,,,
711542,譜瑞富邦63購02,30200,0.54,0.54,0.5,0.5
711543,M31國票65購01,432530,2.15,2.15,1.99,2.02
711544,台特化國票65購01,0,,,,
711545,禾瑞亞國票61購01,0,,,,
711546,亞電國票61購01,0,,,,
711547,長科*國票65購01,0,,,,
711548,榮田國票61購01,17890,1.04,1.1,1.01,1.1
711549,巨漢群益61購02,224000,0.67,0.72,0.67,0.72
711550,群聯群益61購09,2458590,5.2,5.3,4.66,4.76
711551,千附精國票64購01,11200,1.13,1.13,1.11,1.11
711552,立碁國票65購01,19350,4.89,4.89,4.8,4.8
711553,亞電國票63購01,8190,2.04,2.05,2.04,2.05
711554,亞電國票64購01,13110,1.87,1.88,1.87,1.88
711555,宜鼎國票66購01,0,,,,
711556,朋程國票61購01,74520,1.0,1.12,1.0,1.02
711557,長科*國票64購01,0,,,,
711558,頎邦國票66購01,2810240,1.87,1.92,1.78,1.81
711559,漢科國票61購01,0,,,,
711560,臺慶科國票66購01,0,,,,
711561,磐儀國票65購01,0,,,,
711562,亞電台新61購02,68000,1.36,1.36,1.36,1.36
711563,亞電台新61購03,0,,,,
711564,青雲台新61購01,0,,,,
711565,博士旺台新61購01,0,,,,
711566,千附精凱基61購04,0,,,,
711567,世界凱基61購03,73960,1.37,1.37,1.36,1.36
711568,亞電凱基61購01,61880,2.25,2.25,2.07,2.07
711569,泓格凱基61購01,0,,,,
711570,陽程凱基63購03,42000,4.2,4.2,4.2,4.2
711571,群聯凱基66購02,238100,3.29,3.29,3.05,3.05
711572,泓格永豐61購01,0,,,,
711573,群聯永豐67購03,1744940,1.78,1.78,1.64,1.67
711574,中光電元大61購12,0,,,,
711575,元太元大66購04,345840,0.91,0.91,0.89,0.89
711576,均豪元大61購03,0,,,,
711577,青雲元大61購02,38050,2.16,2.16,2.07,2.07
711578,晟田元大61購03,0,,,,
711579,博智元大61購01,83650,2.39,2.39,2.39,2.39
711580,群聯元大61購19,119260,2.03,2.04,1.99,2.0
711581,群聯元大63購05,127500,1.57,1.6,1.46,1.46
711582,聖暉*元大61購03,0,,,,
711583,營邦元大61購03,0,,,,
711584,雙鴻元大61購16,0,,,,
711585,雙鴻元大63購03,0,,,,
711586,千附精國泰62購02,0,,,,
711587,元太國泰62購01,80580,0.51,0.51,0.51,0.51
711588,泓格國泰62購01,10200,0.51,0.51,0.51,0.51
711589,能率亞國泰62購01,0,,,,
711590,晟田國泰62購01,0,,,,
711591,群聯國泰62購06,631190,2.91,2.91,2.61,2.61
711592,雙鴻國泰62購01,0,,,,
711593,禾瑞亞統一67購01,0,,,,
711594,長科*統一6C購01,0,,,,
711595,群聯統一66購02,0,,,,
711596,M31富邦63購02,0,,,,
711597,久元富邦62購02,2900,0.58,0.58,0.58,0.58
711598,立敦富邦63購02,0,,,,
711599,宏捷科富邦63購01,180400,0.55,0.55,0.52,0.52
711600,威剛富邦61購01,0,,,,
711601,茂達富邦63購03,0,,,,
711602,頎邦富邦62購01,74840,1.16,1.16,1.01,1.06
711603,頎邦富邦63購02,61110,1.03,1.03,0.97,0.98
711604,中光電凱基61購06,0,,,,
711605,世禾凱基61購01,0,,,,
711606,由田凱基61購01,269450,2.57,2.57,2.45,2.45
711607,宜鼎凱基65購01,414500,1.74,1.74,1.54,1.54
711608,長科*凱基64購01,4560,1.52,1.52,1.52,1.52
711609,青雲凱基61購02,12200,1.27,1.27,1.17,1.17
711610,家登凱基61購03,0,,,,
711611,博智凱基63購02,63500,2.54,2.54,2.54,2.54
711612,雙鴻凱基61購08,0,,,,
711613,世界台新61購03,57410,1.51,1.52,1.48,1.52
711614,台嘉碩台新61購04,143970,1.32,1.43,1.31,1.43
711615,巨漢台新61購04,106650,0.79,0.79,0.79,0.79
711616,家登台新61購02,0,,,,
711617,M31元大61購02,55800,2.31,2.38,2.31,2.32
711618,千附精元大61購03,0,,,,
711619,元太元大66購05,61500,0.82,0.82,0.82,0.82
711620,世禾元大61購01,122500,0.49,0.49,0.49,0.49
711621,世界元大61購02,37260,1.62,1.62,1.62,1.62
711622,世界元大63購06,602720,0.75,0.79,0.74,0.76
711623,艾訊元大61購01,73740,0.56,0.56,0.53,0.53
711624,欣銓元大67購02,527040,2.12,2.15,2.0,2.0
711625,原相元大61購04,64970,0.73,0.73,0.73,0.73
711626,家登元大61購06,0,,,,
711627,家登元大65購01,0,,,,
711628,陽程元大61購05,0,,,,
711629,臺慶科元大61購06,0,,,,
711630,世界群益61購05,93900,4.69,4.7,4.69,4.7
711631,由田群益61購01,135800,2.63,2.63,2.6,2.6
711632,泓格群益61購01,0,,,,
711633,群聯群益65購01,149500,5.5,5.5,5.05,5.05
711634,頎邦群益61購03,5800,2.95,2.95,2.85,2.85
711635,世界國票61購05,5500,1.1,1.1,1.1,1.1
711636,由田國票61購01,0,,,,
711637,安勤國票65購01,0,,,,
711638,泓格國票61購01,0,,,,
711639,威剛國票64購01,0,,,,
711640,茂訊國票65購02,0,,,,
711641,茂綸國票65購01,0,,,,
711642,神準國票65購01,0,,,,
711643,創惟國票65購01,0,,,,
711644,鈊象國票63購01,320000,1.07,1.07,1.06,1.07
711645,精確國票65購01,6820,0.69,0.69,0.68,0.68
711646,銳澤國票65購01,0,,,,
711647,家登富邦63購02,9800,0.98,0.98,0.98,0.98
711648,創惟富邦61購01,0,,,,
711649,巨漢國泰62購01,60000,0.6,0.6,0.6,0.6
711650,威剛國泰62購02,0,,,,
711651,家登國泰62購02,0,,,,
711652,順達國泰62購01,12830,1.29,1.29,1.27,1.27
711653,勤凱國泰62購01,70620,1.3,1.3,1.22,1.22
711654,由田統一67購01,0,,,,
711655,由田統一6C購01,0,,,,
711656,立碁統一67購02,10700,1.07,1.07,1.07,1.07
711657,立碁統一69購01,149590,1.16,1.16,1.11,1.11
711658,聖暉*統一69購01,0,,,,
711659,群聯中信61購03,45580,0.75,0.75,0.69,0.69
711660,力領永豐61購01,0,,,,
711661,天品永豐64購01,862380,1.11,1.18,1.11,1.18
711662,世紀*永豐61購02,0,,,,
711663,巨有永豐64購01,5600,2.8,2.8,2.8,2.8
711664,禾瑞亞永豐61購01,0,,,,
711665,禾瑞亞永豐64購01,0,,,,
711666,艾訊永豐61購02,0,,,,
711667,亞信永豐61購01,145250,0.64,0.7,0.64,0.69
711668,朋程永豐61購01,97650,0.81,0.87,0.81,0.81
711669,昱展永豐64購01,0,,,,
711670,原相永豐61購04,83520,1.23,1.29,1.23,1.29
711671,家登永豐61購05,43180,3.14,3.14,3.01,3.01
711672,振曜永豐64購01,0,,,,
711673,博士旺永豐67購01,0,,,,
711674,博智永豐61購03,115640,2.36,2.36,2.36,2.36
711675,順達永豐61購03,0,,,,
711676,順達永豐67購02,262360,2.03,2.03,1.97,1.97
711677,聖暉*永豐61購02,0,,,,
711678,中光電台新61購06,0,,,,
711679,系微台新61購01,80400,0.91,0.91,0.88,0.88
711680,高技台新61購01,64500,1.29,1.29,1.29,1.29
711681,高技台新61購02,9920,1.24,1.24,1.24,1.24
711682,博智台新61購01,137440,1.41,1.42,1.41,1.42
711683,群聯台新61購05,30510,1.13,1.13,1.13,1.13
711684,群聯台新61購06,0,,,,
711685,雙鴻台新61購01,0,,,,
711686,雙鴻台新61購02,0,,,,
711687,世界凱基61購04,11900,0.7,0.7,0.7,0.7
711688,安勤凱基63購01,0,,,,
711689,宜鼎凱基65購02,11900,1.19,1.19,1.19,1.19
711690,翔名凱基61購03,0,,,,
711691,鈊象凱基61購04,20600,1.03,1.03,1.03,1.03
711692,中光電元大64購01,0,,,,
711693,世界元大61購03,504460,1.26,1.33,1.26,1.31
711694,世界元大61購04,95930,0.58,0.61,0.57,0.6
711695,世界元大63購07,327440,0.39,0.4,0.39,0.4
711696,欣銓元大67購03,141000,1.41,1.41,1.41,1.41
711697,泓格元大61購01,0,,,,
711698,家登元大61購07,45450,1.01,1.01,1.01,1.01
711699,家登元大61購08,0,,,,
711700,家登元大65購02,0,,,,
711701,高技元大61購01,178570,1.17,1.17,1.15,1.15
711702,博智元大61購02,257470,1.47,1.49,1.34,1.49
711703,群聯元大64購09,359300,2.33,2.33,2.24,2.24
711704,頎邦元大61購05,0,,,,
711705,巨漢國票61購02,0,,,,
711706,巨漢國票61購03,0,,,,
711707,宏捷科國票64購01,0,,,,
711708,宜特國票63購01,14200,0.71,0.71,0.71,0.71
711709,高技國票65購01,35360,1.04,1.04,1.04,1.04
711710,世界群益61購06,692350,4.94,4.99,4.8,4.99
711711,欣銓群益61購02,1397060,1.52,1.54,0.87,1.33
711712,威剛群益63購01,134000,3.17,3.17,3.1,3.1
711713,高技群益61購01,50100,0.85,0.85,0.82,0.82
711714,鈊象群益61購03,261120,0.96,0.96,0.96,0.96
711715,群聯群益65購02,216870,2.53,2.6,2.37,2.38
711716,頎邦群益61購04,7100,1.42,1.42,1.42,1.42
711717,磐儀群益61購01,0,,,,
711718,營邦群益61購01,51400,2.46,2.68,2.46,2.68
711719,雙鴻群益61購04,10200,5.1,5.1,5.1,5.1
711720,宜鼎中信61購04,132720,0.59,0.62,0.59,0.61
711721,威剛中信61購02,0,,,,
711722,中光電永豐61購06,0,,,,
711723,元太永豐61購06,0,,,,
711724,永信建永豐65購01,0,,,,
711725,由田永豐61購01,15200,1.52,1.52,1.52,1.52
711726,岳豐永豐64購01,0,,,,
711727,原相永豐61購05,10080,0.72,0.72,0.72,0.72
711728,順達永豐61購04,0,,,,
711729,順達永豐61購05,0,,,,
711730,群翊永豐61購02,23590,1.04,1.04,1.01,1.03
711731,群聯永豐67購04,3080,1.54,1.54,1.54,1.54
711732,精華永豐61購01,940,0.47,0.47,0.47,0.47
711733,臺慶科永豐61購01,0,,,,
711734,倉和國泰63購01,0,,,,
711735,原相國泰62購01,95500,0.95,0.96,0.95,0.96
711736,雙鴻國泰62購02,0,,,,
711737,由田統一65購01,405320,1.01,1.01,0.97,0.97
711738,宏捷科統一65購01,0,,,,
711739,長科*統一65購01,0,,,,
711740,茂訊統一65購01,960,0.48,0.48,0.48,0.48
711741,高技統一67購01,0,,,,
711742,高技統一69購01,0,,,,
711743,高技統一6C購01,28400,0.65,0.65,0.64,0.64
711744,博智統一65購02,230470,0.75,0.77,0.74,0.77
711745,聖暉*統一65購04,0,,,,
711746,家登台新61購03,0,,,,
711747,敘豐台新61購01,44080,0.55,0.55,0.54,0.54
711748,博士旺台新61購02,0,,,,
711749,群聯台新61購08,304350,8.7,8.7,7.7,7.8
711750,群聯台新63購01,1880800,7.25,7.5,6.75,6.75
711751,群聯台新64購01,718000,7.35,7.5,6.7,6.7
711752,雙鴻台新61購03,0,,,,
711753,雙鴻台新63購01,0,,,,
711754,中光電凱基61購07,0,,,,
711755,艾訊凱基61購01,0,,,,
711756,威剛凱基61購07,0,,,,
711757,家登凱基61購04,0,,,,
711758,高技凱基61購01,0,,,,
711759,博智凱基61購02,63000,1.4,1.4,1.4,1.4
711760,群聯凱基61購12,48150,2.05,2.1,2.05,2.1
711761,磐儀凱基61購01,0,,,,
711762,雙鴻凱基61購09,0,,,,
711763,中光電國票61購03,0,,,,
711764,天正國票68購01,0,,,,
711765,好德國票61購01,2400,0.48,0.48,0.48,0.48
711766,系微國票65購01,0,,,,
711767,振發國票65購01,0,,,,
711768,富喬國票61購02,0,,,,
711769,富喬國票63購01,0,,,,
711770,達航國票65購01,0,,,,
711771,蜜望實國票61購01,0,,,,
711772,世禾群益61購01,201830,0.77,0.79,0.77,0.78
711773,世禾群益61購02,0,,,,
711774,東浦群益61購03,0,,,,
711775,家登群益63購03,0,,,,
711776,神準群益61購01,0,,,,
711777,博士旺群益61購01,0,,,,
711778,臺慶科群益61購02,0,,,,
711779,蜜望實群益61購01,0,,,,
711780,磐儀群益61購02,0,,,,
711781,磐儀群益61購03,0,,,,
711782,元太元大65購04,78150,0.61,0.61,0.6,0.6
711783,立碁元大61購01,0,,,,
711784,艾訊元大61購02,0,,,,
711785,泓格元大61購02,0,,,,
711786,博智元大61購03,28650,1.6,1.6,1.59,1.59
711787,群聯元大64購10,156680,2.53,2.56,2.36,2.36
711788,頎邦元大64購01,26550,0.88,0.89,0.87,0.87
711789,蜜望實元大61購01,4080,1.02,1.02,1.02,1.02
711790,磐儀元大61購01,0,,,,
711791,營邦元大61購04,206400,1.36,1.48,1.35,1.48
711792,大學光永豐61購01,0,,,,
711793,立碁永豐61購02,4620,2.31,2.31,2.31,2.31
711794,全宇昕永豐61購02,132870,1.08,1.09,1.03,1.04
711795,伯特光永豐61購01,827710,0.85,0.93,0.83,0.93
711796,宏碁資永豐61購01,106420,0.71,0.71,0.7,0.7
711797,宜鼎永豐61購04,35220,0.94,0.94,0.91,0.92
711798,泓格永豐64購01,0,,,,
711799,能率永豐61購01,0,,,,
711800,高技永豐61購01,73880,0.86,0.86,0.83,0.86
711801,高技永豐61購02,10400,0.8,0.8,0.8,0.8
711802,高技永豐63購01,0,,,,
711803,高技永豐67購01,0,,,,
711804,高鋒永豐61購01,0,,,,
711805,凱崴永豐61購02,9900,0.99,0.99,0.99,0.99
711806,富喬永豐61購04,0,,,,
711807,崴寶永豐64購01,54060,1.15,1.15,1.12,1.12
711808,華電網永豐61購02,0,,,,
711809,聖暉*永豐64購02,0,,,,
711810,僑威永豐61購01,0,,,,
711811,蜜望實永豐61購02,0,,,,
711812,蜜望實永豐61購03,0,,,,
711813,艾訊國泰63購01,20960,0.99,0.99,0.91,0.91
711814,泓格國泰63購01,0,,,,
711815,頎邦國泰63購01,17100,1.71,1.71,1.71,1.71
711816,頎邦國泰63購02,3557250,2.15,2.25,2.0,2.0
711817,巨漢富邦63購01,9360,0.26,0.26,0.26,0.26
711818,安勤富邦63購01,26320,0.28,0.28,0.28,0.28
711819,宜鼎富邦67購01,203060,0.72,0.73,0.69,0.69
711820,富喬富邦67購01,0,,,,
711821,蜜望實富邦63購01,123990,0.45,0.45,0.43,0.43
711822,艾訊統一6C購01,0,,,,
711823,泓格統一6B購01,0,,,,
711824,茂達統一65購04,0,,,,
711825,振發統一6C購01,0,,,,
711826,蜜望實統一65購01,0,,,,
711827,蜜望實統一6B購01,0,,,,
711828,蜜望實統一6C購01,0,,,,
711829,泓格群益61購02,0,,,,
711830,泓格群益61購03,0,,,,
711831,元債20國票61購01,0,,,,
711832,天品國票61購02,257310,1.35,1.51,1.34,1.5
711833,天品國票63購01,1102040,1.16,1.31,1.14,1.3
711834,方土昶國票65購01,25060,0.68,0.68,0.66,0.66
711835,宏碁資國票65購01,770,0.77,0.77,0.77,0.77
711836,倚強國票61購01,37860,3.5,3.5,3.05,3.05
711837,智通*國票61購03,0,,,,
711838,雙鴻國票66購01,0,,,,
711839,穩得國票61購01,0,,,,
711840,中光電中信61購01,0,,,,
711841,大世科永豐61購01,0,,,,
711842,中美晶永豐64購03,189000,1.4,1.4,1.4,1.4
711843,友輝永豐61購01,0,,,,
711844,安勤永豐61購01,0,,,,
711845,岱稜永豐61購01,0,,,,
711846,東洋永豐61購01,0,,,,
711847,統振永豐61購01,0,,,,
711848,智擎永豐61購01,0,,,,
711849,頎邦永豐63購01,0,,,,
711850,銳澤永豐61購01,0,,,,
711851,雙鴻永豐61購06,0,,,,
711852,中美晶元大63購04,325970,0.66,0.66,0.57,0.57
711853,中美晶元大67購01,199910,0.5,0.53,0.48,0.48
711854,安勤元大61購01,145710,0.31,0.34,0.31,0.34
711855,艾訊元大61購03,42900,0.63,0.63,0.6,0.6
711856,欣銓元大65購01,120980,1.8,1.81,1.7,1.7
711857,泓格元大67購01,0,,,,
711858,晟田元大61購04,0,,,,
711859,順達元大63購02,1390,1.39,1.39,1.39,1.39
711860,群聯元大64購11,153450,1.78,1.78,1.63,1.64
711861,廣積元大61購01,63000,0.6,0.6,0.6,0.6
711862,雙鴻元大61購17,0,,,,
711863,雙鴻元大61購18,0,,,,
711864,雙鴻元大63購04,4032610,1.67,1.74,1.59,1.69
711865,中美晶台新65購01,23580,0.79,0.79,0.77,0.77
711866,智通*台新61購01,0,,,,
711867,群聯台新61購09,0,,,,
711868,頎邦台新61購07,0,,,,
711869,蜜望實台新61購01,6100,1.22,1.22,1.22,1.22
711870,廣積台新61購01,118000,1.18,1.18,1.18,1.18
711871,中美晶凱基61購11,13650,0.65,0.65,0.65,0.65
711872,中美晶凱基63購02,0,,,,
711873,元太凱基66購01,114200,0.86,0.86,0.83,0.84
711874,立碁凱基61購01,493860,1.9,1.9,1.47,1.47
711875,宜鼎凱基61購06,149420,1.03,1.05,0.88,0.88
711876,宜鼎凱基63購01,0,,,,
711877,富喬凱基61購07,0,,,,
711878,頎邦凱基61購06,0,,,,
711879,蜜望實凱基61購01,93800,0.78,0.79,0.78,0.79
711880,營邦凱基61購04,146460,3.19,3.38,3.19,3.37
711881,雙鴻凱基63購04,0,,,,
711882,中光電國泰63購01,0,,,,
711883,立碁國泰63購01,209490,3.47,3.47,3.21,3.21
711884,博智國泰63購01,456810,1.78,1.89,1.75,1.89
711885,富喬國泰63購01,0,,,,
711886,富喬國泰63購02,0,,,,
711887,智通*國泰63購01,0,,,,
711888,廣積國泰63購01,162750,1.71,1.71,1.67,1.67
711889,中美晶富邦63購02,98660,0.77,0.78,0.72,0.76
711890,中美晶富邦67購01,114100,0.61,0.61,0.6,0.6
711891,中美晶富邦77購01,0,,,,
711892,世界富邦61購04,106320,0.57,0.57,0.56,0.57
711893,世界富邦67購01,302440,0.68,0.71,0.67,0.7
711894,高技富邦63購01,136320,0.69,0.69,0.66,0.66
711895,昱展統一67購01,18400,0.46,0.46,0.46,0.46
711896,高技統一67購02,15870,0.69,0.69,0.69,0.69
711897,蜜望實統一67購01,26520,0.51,0.51,0.51,0.51
711898,磐儀統一67購01,0,,,,
711899,中美晶群益61購03,0,,,,
711900,元太群益61購01,59600,0.92,0.92,0.84,0.84
711901,高技群益61購02,409000,1.58,1.58,1.57,1.57
711902,廣積群益61購01,0,,,,
711903,廣積群益63購01,0,,,,
711904,雙鴻群益61購05,0,,,,
711905,中光電凱基61購08,0,,,,
711906,中美晶凱基61購12,50480,1.29,1.29,1.19,1.19
711907,立碁凱基61購02,0,,,,
711908,艾訊凱基61購02,2500,0.5,0.5,0.5,0.5
711909,欣銓凱基65購01,106010,1.85,1.85,1.67,1.68
711910,泓格凱基61購02,0,,,,
711911,威剛凱基63購01,0,,,,
711912,振發凱基61購01,17300,1.73,1.73,1.73,1.73
711913,智通*凱基61購05,0,,,,
711914,順達凱基63購02,0,,,,
711915,群聯凱基61購13,21340,1.94,1.94,1.94,1.94
711916,M31台新67購01,75830,2.52,2.55,2.32,2.32
711917,世界台新61購04,4980,1.66,1.66,1.66,1.66
711918,群聯台新67購05,210900,4.39,4.39,4.17,4.17
711919,群聯台新67購06,58860,3.81,3.81,3.6,3.6
711920,M31元大61購03,242720,1.86,1.86,1.75,1.8
711921,中美晶元大61購10,79760,0.94,1.0,0.94,0.98
711922,中美晶元大67購02,5600,0.56,0.56,0.56,0.56
711923,立碁元大61購02,349340,1.65,1.65,1.61,1.61
711924,宜鼎元大61購11,15450,1.03,1.03,1.03,1.03
711925,泓格元大61購03,0,,,,
711926,威剛元大61購07,59080,1.85,1.85,1.84,1.84
711927,鈊象元大61購02,132700,1.11,1.11,1.1,1.11
711928,群聯元大61購21,0,,,,
711929,群聯元大63購06,113030,1.63,1.65,1.58,1.59
711930,中美晶永豐64購04,138170,1.46,1.46,1.33,1.33
711931,世界永豐64購01,54180,1.67,1.72,1.63,1.72
711932,宜鼎永豐61購05,0,,,,
711933,宜鼎永豐63購03,17280,1.08,1.08,1.08,1.08
711934,鈊象永豐61購02,101860,1.05,1.07,1.05,1.07
711935,廣積永豐61購02,52700,0.85,0.85,0.85,0.85
711936,加高國票65購01,65920,0.74,0.77,0.73,0.73
711937,立碁國票64購01,155060,1.6,1.6,1.48,1.48
711938,泓格國票61購02,0,,,,
711939,茂迪國票64購01,0,,,,
711940,陽程國票61購03,23800,4.76,4.76,4.76,4.76
711941,頎邦國票63購01,131410,2.16,2.2,2.09,2.09
711942,廣積國票67購01,0,,,,
711943,磐儀國票66購01,0,,,,
711944,晟田國泰63購01,38000,0.76,0.76,0.76,0.76
711945,立碁富邦61購03,439700,0.94,0.94,0.89,0.91
711946,威剛富邦64購02,0,,,,
711947,頎邦統一6A購01,956900,1.19,1.22,1.18,1.22
711948,中光電群益62購01,0,,,,
711949,正德國票62購01,6930,0.99,0.99,0.99,0.99
711950,威剛國票62購03,0,,,,
711951,美達國票62購01,30000,1.0,1.0,1.0,1.0
711952,森鉅國票67購01,0,,,,
711953,群聯國票62購02,0,,,,
711954,世界中信62購01,163780,0.47,0.51,0.47,0.51
711955,宜鼎永豐63購04,0,,,,
711956,富喬永豐62購01,0,,,,
711957,富喬永豐63購01,0,,,,
711958,台嘉碩國泰63購01,15440,1.93,1.93,1.93,1.93
711959,宜鼎國泰63購01,0,,,,
711960,群聯國泰65購01,108670,3.18,3.18,2.9,2.9
711961,群聯富邦63購04,0,,,,
711962,群聯富邦63購05,0,,,,
711963,群聯富邦63購06,0,,,,
711964,頎邦富邦63購03,0,,,,
711965,雙鴻富邦63購03,0,,,,
711966,雙鴻富邦63購04,0,,,,
711967,M31台新62購02,0,,,,
711968,頎邦台新62購01,0,,,,
711969,元太凱基65購01,2790,0.93,0.93,0.93,0.93
711970,宜鼎凱基62購01,0,,,,
711971,威剛凱基63購02,0,,,,
711972,高技凱基62購01,257800,2.16,2.16,2.1,2.1
711973,富喬凱基62購02,0,,,,
711974,群聯凱基62購01,0,,,,
711975,頎邦凱基63購02,0,,,,
711976,廣積凱基62購01,0,,,,
711977,磐儀凱基62購01,0,,,,
711978,雙鴻凱基62購01,0,,,,
711979,M31元大62購01,210300,1.66,1.73,1.62,1.62
711980,M31元大65購01,233130,1.26,1.28,1.18,1.2
711981,巨漢元大62購01,75590,1.12,1.18,1.12,1.14
711982,良維元大62購01,0,,,,
711983,威剛元大62購03,61300,2.05,2.05,2.04,2.04
711984,博智元大62購01,62160,2.96,2.96,2.96,2.96
711985,富喬元大67購01,0,,,,
711986,鈊象元大62購05,0,,,,
711987,鈊象元大62購06,58460,1.58,1.58,1.58,1.58
711988,群聯元大62購04,417900,2.5,2.56,2.34,2.34
711989,中光電永豐63購01,33280,1.28,1.28,1.28,1.28
711990,家登永豐63購01,0,,,,
711991,富喬永豐65購02,0,,,,
711992,富喬永豐68購02,0,,,,
711993,群聯永豐64購10,0,,,,
711994,新應材群益62購01,45200,1.13,1.13,1.13,1.13
711995,中美晶台新62購01,595280,1.08,1.2,1.05,1.05
711996,宜鼎台新62購02,9300,1.55,1.55,1.55,1.55
711997,欣銓台新62購01,0,,,,
711998,威剛台新62購02,13500,1.35,1.35,1.35,1.35
711999,倉和台新68購01,0,,,,
712000,臺慶科台新62購01,28390,1.67,1.67,1.67,1.67
712001,中光電凱基63購01,6800,0.68,0.68,0.68,0.68
712002,中美晶凱基63購04,0,,,,
712003,巨漢凱基63購01,5600,1.4,1.4,1.4,1.4
712004,良維凱基63購01,35280,2.94,2.94,2.94,2.94
712005,博智凱基63購03,19040,2.72,2.72,2.72,2.72
712006,順達凱基63購03,0,,,,
712007,鈊象凱基64購03,854880,2.08,2.08,2.08,2.08
712008,群聯凱基63購04,0,,,,
712009,群聯凱基64購05,0,,,,
712010,元太國票64購01,0,,,,
712011,世紀*國票66購01,17840,4.46,4.46,4.46,4.46
712012,光焱國票66購01,51640,0.62,0.64,0.6,0.64
712013,光焱國票68購01,1483190,1.0,1.01,0.97,1.01
712014,沛亨國票66購01,49200,2.46,2.46,2.46,2.46
712015,宜鼎國票68購01,0,,,,
712016,順達國票65購02,32400,1.62,1.62,1.62,1.62
712017,臺慶科國票64購01,0,,,,
712018,譜瑞國票66購01,31680,0.96,0.96,0.96,0.96
712019,中美晶元大64購03,4140,0.69,0.69,0.69,0.69
712020,均華元大64購01,31080,2.22,2.22,2.22,2.22
712021,均豪元大64購03,9620,1.21,1.21,1.19,1.19
712022,系統電元大64購01,0,,,,
712023,良維元大63購02,0,,,,
712024,良維元大64購01,3080,1.54,1.54,1.54,1.54
712025,宜鼎元大64購01,0,,,,
712026,陽程元大64購01,0,,,,
712027,鈊象元大63購06,215000,1.3,1.33,1.3,1.32
712028,鈊象元大63購07,217170,0.97,0.99,0.97,0.99
712029,鈊象元大64購03,37050,0.65,0.65,0.65,0.65
712030,新應材元大63購01,8650,1.73,1.73,1.73,1.73
712031,新應材元大63購02,49170,1.63,1.64,1.63,1.64
712032,新應材元大63購03,0,,,,
712033,新應材元大64購01,8550,1.71,1.71,1.71,1.71
712034,群聯元大63購07,160440,2.54,2.55,2.49,2.49
712035,群聯元大63購08,0,,,,
712036,群聯元大64購12,34280,1.74,1.74,1.7,1.7
712037,威剛國泰63購01,0,,,,
712038,聖暉*國泰63購01,306550,0.92,0.95,0.92,0.94
712039,M31富邦65購01,475400,1.08,1.08,0.98,0.98
712040,群聯富邦64購02,0,,,,
712041,台特化國票67購01,0,,,,
712042,艾訊國票67購01,8800,0.88,0.88,0.88,0.88
712043,宏捷科國票69購01,0,,,,
712044,高技國票65購02,64730,1.57,1.58,1.57,1.58
712045,博磊國票66購01,820,0.82,0.82,0.82,0.82
712046,竑騰群益62購01,21500,2.15,2.15,2.15,2.15
712047,順達群益62購01,25400,2.54,2.54,2.54,2.54
712048,新應材群益62購02,0,,,,
712049,聖暉*群益62購01,0,,,,
712050,營邦群益62購01,0,,,,
712051,營邦群益62購02,0,,,,
712052,中光電元大64購02,14400,0.48,0.48,0.48,0.48
712053,宜鼎元大63購05,96090,1.46,1.46,1.32,1.32
712054,宜鼎元大64購02,160460,1.13,1.13,1.13,1.13
712055,威剛元大63購01,0,,,,
712056,威剛元大64購02,0,,,,
712057,倉和元大63購01,499150,9.85,9.85,9.2,9.2
712058,高技元大63購01,98930,2.49,2.49,2.45,2.48
712059,富喬元大63購02,0,,,,
712060,智通*元大63購03,5400,2.7,2.7,2.7,2.7
712061,智通*元大64購01,0,,,,
712062,群聯元大63購09,892380,2.43,2.46,2.26,2.26
712063,蜜望實元大63購01,0,,,,
712064,廣穎元大63購01,101230,0.67,0.67,0.66,0.66
712065,雙鴻元大63購05,0,,,,
712066,雙鴻元大63購06,0,,,,
712067,雙鴻元大64購03,4900,2.45,2.45,2.45,2.45
712068,均華國泰63購01,154800,3.44,3.44,3.44,3.44
712069,家登國泰63購01,0,,,,
712070,順達國泰63購01,0,,,,
712071,順達國泰63購02,19500,1.95,1.95,1.95,1.95
712072,鈊象國泰63購01,59690,1.27,1.27,1.27,1.27
712073,新應材國泰63購01,59740,2.06,2.06,2.06,2.06
712074,營邦國泰63購01,52000,5.2,5.2,5.2,5.2
712075,新應材中信62購01,0,,,,
712076,竑騰永豐63購01,52680,1.47,1.47,1.45,1.46
712077,博磊永豐63購01,116600,1.16,1.16,1.14,1.14
712078,順達永豐63購01,23300,2.33,2.33,2.33,2.33
712079,新應材永豐68購01,0,,,,
712080,新應材永豐68購02,38500,0.77,0.77,0.77,0.77
712081,新應材永豐68購03,0,,,,
712082,群聯永豐64購11,0,,,,
712083,均華凱基64購01,120910,2.4,2.69,2.4,2.69
712084,沛亨凱基63購01,357450,3.49,3.51,3.33,3.51
712085,宜鼎凱基68購01,206120,2.31,2.32,2.05,2.09
712086,新應材凱基63購01,0,,,,
712087,新應材凱基63購02,0,,,,
712088,新應材凱基63購03,0,,,,
712089,新應材凱基64購01,0,,,,
712090,群聯凱基63購05,4900,4.9,4.9,4.9,4.9
712091,臺慶科凱基63購02,0,,,,
712092,雙鴻凱基63購05,0,,,,
712093,譜瑞凱基63購01,907050,1.6,1.63,1.48,1.51
712094,世界台新65購01,137030,2.53,2.69,2.53,2.69
712095,巨漢台新62購01,49020,1.83,1.83,1.8,1.8
712096,均華台新62購01,0,,,,
712097,均華台新62購02,0,,,,
712098,宜鼎台新62購03,1560,1.56,1.56,1.56,1.56
712099,竑騰台新62購01,0,,,,
712100,家登台新62購02,0,,,,
712101,國眾台新65購01,16960,1.06,1.06,1.06,1.06
712102,博磊台新62購01,0,,,,
712103,群聯台新68購01,4210,4.21,4.21,4.21,4.21
712104,聚和台新62購01,1460,1.46,1.46,1.46,1.46
712105,營邦台新62購01,0,,,,
712106,營邦台新62購02,0,,,,
712107,營邦台新65購01,0,,,,
712108,均華富邦63購01,0,,,,
712109,宜鼎富邦62購01,172960,0.94,0.99,0.91,0.91
712110,家登富邦64購01,42100,1.41,1.41,1.39,1.39
712111,家登富邦64購02,0,,,,
712112,順達富邦63購02,2260,1.13,1.13,1.13,1.13
712113,新應材富邦63購03,17640,0.75,0.78,0.75,0.78
712114,新應材富邦64購01,114600,0.68,0.7,0.68,0.7
712115,營邦富邦64購01,0,,,,
712116,新應材統一71購01,38000,0.76,0.76,0.76,0.76
712117,新應材統一71購02,0,,,,
712118,群聯統一6A購01,919020,1.26,1.26,1.18,1.18
712119,世禾國票66購01,10800,0.9,0.9,0.9,0.9
712120,系統電國票67購01,0,,,,
712121,系微國票65購02,0,,,,
712122,松上國票65購01,0,,,,
712123,前鼎國票65購01,0,,,,
712124,能率國票65購01,0,,,,
712125,華景電國票65購02,0,,,,
712126,順達國票67購01,3740,1.87,1.87,1.87,1.87
712127,廣穎國票65購02,0,,,,
712128,中美晶台新65購02,0,,,,
712129,宜鼎台新62購04,8350,1.67,1.67,1.67,1.67
712130,新應材台新62購01,0,,,,
712131,新應材台新62購02,108870,1.91,1.91,1.91,1.91
712132,中光電元大64購03,0,,,,
712133,中美晶元大64購04,808970,1.62,1.66,1.51,1.51
712134,台特化元大64購01,114590,1.13,1.13,1.11,1.11
712135,富喬元大64購05,0,,,,
712136,廣積元大63購04,2530,2.53,2.53,2.53,2.53
712137,營邦元大64購01,0,,,,
712138,中美晶中信62購01,97600,0.8,0.8,0.8,0.8
712139,富喬中信64購01,49400,2.5,2.5,2.44,2.44
712140,中光電永豐63購02,0,,,,
712141,系統電永豐64購02,3180,1.06,1.06,1.06,1.06
712142,宜鼎永豐63購05,0,,,,
712143,宜鼎永豐64購03,0,,,,
712144,宜鼎永豐65購02,2300,1.15,1.15,1.15,1.15
712145,倉和永豐63購01,0,,,,
712146,耕興永豐63購01,0,,,,
712147,晟德永豐63購01,13260,0.78,0.78,0.78,0.78
712148,頎邦永豐63購02,2980,2.98,2.98,2.98,2.98
712149,雙鴻永豐63購04,0,,,,
712150,雙鴻永豐64購04,0,,,,
712151,M31群益62購01,247110,1.03,1.2,0.95,0.95
712152,世界群益62購03,823840,2.31,2.39,2.26,2.35
712153,均華群益68購01,1113980,3.04,3.04,2.96,3.02
712154,宜特群益62購01,42050,1.45,1.45,1.45,1.45
712155,家登群益62購01,0,,,,
712156,博智群益63購02,131920,1.71,1.75,1.71,1.75
712157,群聯群益64購02,874220,4.89,4.97,4.45,4.53
712158,頎邦群益62購01,0,,,,
712159,雙鴻群益64購01,64750,8.35,8.35,8.0,8.0
712160,中美晶凱基63購05,245200,2.45,2.45,2.29,2.29
712161,宏捷科凱基67購01,25760,1.12,1.12,1.12,1.12
712162,系統電凱基64購01,6200,1.24,1.24,1.24,1.24
712163,宜鼎凱基63購02,0,,,,
712164,威剛凱基64購02,0,,,,
712165,倉和凱基63購01,0,,,,
712166,智通*凱基63購01,0,,,,
712167,群聯凱基63購06,16800,1.68,1.68,1.68,1.68
712168,蜜望實凱基63購01,0,,,,
712169,營邦凱基63購01,10000,5.0,5.0,5.0,5.0
712170,雙鴻凱基63購06,0,,,,
712171,巨漢富邦63購02,0,,,,
712172,博智富邦63購02,459620,1.06,1.06,0.97,1.05
712173,頎邦富邦64購02,0,,,,
712174,中美晶國泰63購03,281170,2.02,2.06,1.89,1.89
712175,巨漢國泰63購01,340820,1.96,2.06,1.96,2.03
712176,頎邦國泰63購03,0,,,,
712177,雙鴻國泰63購02,0,,,,
712178,元太統一6A購01,0,,,,
712179,富喬統一6A購01,0,,,,
712180,中光電元大64購04,0,,,,
712181,弘塑元大63購03,0,,,,
712182,弘塑元大64購02,0,,,,
712183,艾訊元大63購01,0,,,,
712184,威剛元大63購04,15500,1.55,1.55,1.55,1.55
712185,威剛元大64購03,1070,1.07,1.07,1.07,1.07
712186,博智元大64購01,79770,0.85,0.85,0.84,0.84
712187,萬潤元大63購01,370910,1.05,1.06,0.98,1.03
712188,中光電台新65購01,0,,,,
712189,中美晶台新65購03,187860,1.19,1.24,1.13,1.13
712190,均華台新62購03,32390,2.02,2.09,2.02,2.09
712191,欣銓台新62購02,0,,,,
712192,威剛台新65購01,0,,,,
712193,威剛台新68購01,0,,,,
712194,家登台新62購03,0,,,,
712195,家登台新65購01,0,,,,
712196,萬潤台新62購01,62000,1.24,1.24,1.24,1.24
712197,萬潤台新62購02,3420,1.72,1.72,1.7,1.7
712198,萬潤台新62購03,102900,2.09,2.09,2.04,2.04
712199,萬潤台新65購01,144440,1.68,1.68,1.65,1.65
712200,萬潤台新68購01,467290,1.99,1.99,1.97,1.97
712201,世禾凱基66購01,38500,0.77,0.77,0.77,0.77
712202,世界凱基63購04,47760,1.02,1.09,1.02,1.09
712203,台特化凱基63購02,0,,,,
712204,宜特凱基63購01,0,,,,
712205,高技凱基63購01,0,,,,
712206,博智凱基63購04,0,,,,
712207,智通*凱基63購02,0,,,,
712208,新應材凱基63購05,4530,0.56,0.57,0.56,0.57
712209,廣積凱基63購01,0,,,,
712210,廣穎凱基63購01,4340,0.62,0.62,0.62,0.62
712211,富喬中信64購02,613740,2.0,2.12,2.0,2.0
712212,中美晶永豐64購05,70100,1.1,1.1,0.96,0.96
712213,天正永豐65購01,0,,,,
712214,朋億*永豐63購01,109610,0.97,0.97,0.97,0.97
712215,金山電永豐65購01,0,,,,
712216,家登永豐63購02,0,,,,
712217,港建*永豐64購01,0,,,,
712218,萬潤永豐65購01,458310,1.03,1.03,1.0,1.01
712219,萬潤永豐66購01,0,,,,
712220,萬潤永豐68購01,597060,1.56,1.56,1.52,1.52
712221,德昌永豐65購01,0,,,,
712222,營邦永豐63購01,0,,,,
712223,久元國票66購01,0,,,,
712224,互動國票66購01,0,,,,
712225,朋億*國票66購01,0,,,,
712226,金山電國票65購01,8040,0.67,0.67,0.67,0.67
712227,金山電國票67購01,6640,0.83,0.83,0.83,0.83
712228,家登國票63購01,0,,,,
712229,高技國票66購01,0,,,,
712230,凱崴國票65購01,0,,,,
712231,博磊國票68購01,0,,,,
712232,港建*國票63購01,0,,,,
712233,瑞穎國票63購01,0,,,,
712234,萬潤國票66購01,245110,0.85,0.85,0.83,0.84
712235,萬潤國票68購01,0,,,,
712236,中美晶富邦62購02,313540,0.93,0.93,0.84,0.84
712237,弘塑富邦63購02,244000,0.61,0.61,0.61,0.61
712238,威剛富邦62購02,0,,,,
712239,中美晶群益62購03,27730,1.87,1.87,1.83,1.83
712240,台嘉碩群益62購01,0,,,,
712241,弘塑群益62購01,0,,,,
712242,弘塑群益62購02,0,,,,
712243,宏捷科群益64購01,7000,1.0,1.0,1.0,1.0
712244,系統電群益62購01,0,,,,
712245,宜鼎群益62購01,0,,,,
712246,金山電群益62購01,27000,1.35,1.35,1.35,1.35
712247,前鼎群益68購01,471520,4.55,4.55,4.02,4.02
712248,威剛群益62購03,0,,,,
712249,原相群益62購01,0,,,,
712250,智通*群益62購01,64880,1.37,1.37,1.32,1.34
712251,新應材群益66購01,45510,1.23,1.23,1.23,1.23
712252,萬潤群益68購01,1209640,1.65,1.66,1.56,1.62
712253,群聯群益68購01,252110,4.15,4.15,4.13,4.13
712254,頎邦群益62購02,230950,4.79,4.79,3.51,3.51
712255,雙鴻群益62購03,75430,3.97,3.97,3.97,3.97
712256,元太統一66購01,0,,,,
712257,世禾統一68購01,29600,0.74,0.74,0.74,0.74
712258,沛亨統一68購02,50330,1.23,1.23,1.21,1.21
712259,金山電統一67購01,0,,,,
712260,金山電統一6B購01,6600,0.66,0.66,0.66,0.66
712261,金山電統一6C購01,0,,,,
712262,能率亞統一68購01,0,,,,
712263,港建*統一6B購01,0,,,,
712264,新應材統一68購01,0,,,,
712265,萬潤統一65購01,493640,0.9,0.91,0.85,0.89
712266,萬潤統一6A購03,294960,0.89,0.89,0.86,0.87
712267,萬潤統一6B購01,297510,0.68,0.68,0.66,0.67
712268,萬潤統一6C購01,49180,0.64,0.64,0.63,0.64
712269,弘塑國泰63購01,0,,,,
712270,弘塑國泰63購02,4150,0.83,0.83,0.83,0.83
712271,泓格國泰63購02,0,,,,
712272,金山電國泰63購01,10350,2.07,2.07,2.07,2.07
712273,金山電國泰64購01,7840,1.96,1.96,1.96,1.96
712274,萬潤國泰63購01,104030,1.4,1.4,1.37,1.37
712275,弘塑台新62購01,0,,,,
712276,弘塑台新62購02,0,,,,
712277,弘塑台新62購03,0,,,,
712278,弘塑台新68購01,0,,,,
712279,弘塑台新68購02,0,,,,
712280,沛亨台新62購01,36080,2.26,2.28,2.25,2.25
712281,沛亨台新62購02,0,,,,
712282,韋僑台新62購01,0,,,,
712283,韋僑台新62購02,0,,,,
712284,竑騰台新62購02,15360,1.18,1.19,1.18,1.18
712285,博智台新62購01,230480,1.72,1.72,1.72,1.72
712286,新應材台新62購03,0,,,,
712287,群聯台新62購01,0,,,,
712288,群聯台新62購02,0,,,,
712289,雙鴻台新62購01,0,,,,
712290,雙鴻台新68購01,0,,,,
712291,雙鴻台新68購02,1963810,3.1,3.1,2.91,2.98
712292,中光電元大63購02,0,,,,
712293,中光電元大64購05,0,,,,
712294,世界元大63購08,0,,,,
712295,世界元大63購09,73560,1.02,1.06,1.01,1.06
712296,世界元大64購09,174980,0.6,0.6,0.58,0.6
712297,弘塑元大64購03,6000,0.6,0.6,0.6,0.6
712298,良維元大64購02,183210,1.21,1.23,1.21,1.23
712299,宜鼎元大64購03,9960,1.05,1.05,0.99,0.99
712300,陽程元大64購02,0,,,,
712301,鈊象元大63購08,20600,0.82,0.84,0.82,0.83
712302,中光電凱基65購01,0,,,,
712303,中美晶凱基63購06,15930,0.94,0.94,0.83,0.83
712304,弘塑凱基63購01,0,,,,
712305,弘塑凱基64購01,8100,0.81,0.81,0.81,0.81
712306,金山電凱基63購01,27280,1.17,1.17,1.13,1.13
712307,金山電凱基63購02,4920,1.23,1.23,1.23,1.23
712308,威剛凱基63購04,0,,,,
712309,群聯凱基66購03,16900,1.69,1.69,1.69,1.69
712310,頎邦凱基64購03,71170,1.99,1.99,1.9,1.9
712311,雙鴻凱基63購08,14880,3.72,3.72,3.72,3.72
712312,均華國泰64購01,303210,1.9,2.0,1.84,1.95
712313,新應材國泰64購01,60480,1.26,1.26,1.26,1.26
712314,弘塑統一67購01,265000,0.53,0.53,0.53,0.53
712315,由田統一68購01,15200,0.95,0.95,0.95,0.95
712316,金山電統一66購01,61760,0.46,0.46,0.44,0.45
712317,金山電統一68購01,0,,,,
712318,前鼎統一6C購01,152980,0.94,0.94,0.88,0.88
712319,倉和統一68購01,25500,2.55,2.55,2.55,2.55
712320,富喬中信64購03,242840,1.25,1.26,1.23,1.26
712321,元太永豐63購01,22930,0.93,0.93,0.88,0.88
712322,巨漢永豐63購01,69750,0.75,0.75,0.75,0.75
712323,宏碁資永豐63購01,0,,,,
712324,建榮永豐64購01,280140,1.22,1.22,1.2,1.2
712325,胡連永豐63購01,7500,0.75,0.75,0.75,0.75
712326,茂綸永豐64購01,29700,0.99,0.99,0.99,0.99
712327,茂綸永豐65購01,49970,1.24,1.24,1.2,1.2
712328,竑騰永豐64購01,14590,1.04,1.07,1.04,1.07
712329,富喬永豐64購02,0,,,,
712330,富喬永豐67購01,0,,,,
712331,聖暉*永豐63購01,526200,1.41,1.45,1.39,1.45
712332,元太國票66購01,0,,,,
712333,世界國票67購01,0,,,,
712334,弘塑國票66購01,0,,,,
712335,全宇昕國票65購02,0,,,,
712336,均華國票63購01,170740,1.11,1.15,1.08,1.13
712337,長佳智國票65購01,0,,,,
712338,前鼎國票67購01,24150,1.55,1.55,1.5,1.5
712339,博智國票63購01,0,,,,
712340,智通*國票63購01,0,,,,
712341,新應材國票63購01,0,,,,
712342,新應材國票64購01,0,,,,
712343,廣穎國票67購01,0,,,,
712344,德勝國票66購01,0,,,,
712345,世界群益67購01,30490,1.05,1.06,1.01,1.06
712346,台特化群益67購01,1130,1.13,1.13,1.13,1.13
712347,由田群益62購01,0,,,,
712348,宏捷科群益62購01,21120,0.66,0.66,0.66,0.66
712349,沛亨群益62購01,79140,2.48,2.48,2.36,2.36
712350,茂達群益62購01,89300,0.97,0.98,0.97,0.97
712351,矽科台新62購01,0,,,,
712352,新應材台新62購04,0,,,,
712353,世界凱基63購05,113470,0.91,0.91,0.87,0.91
712354,台特化凱基67購01,28800,1.61,1.61,1.58,1.59
712355,宜鼎凱基63購03,0,,,,
712356,前鼎凱基67購01,73760,1.88,1.88,1.62,1.63
712357,新應材凱基64購02,0,,,,
712358,青雲元大63購01,0,,,,
712359,鈊象中信62購01,0,,,,
712360,前鼎永豐68購01,0,,,,
712361,博智永豐63購01,51000,1.7,1.7,1.7,1.7
712362,達航永豐63購02,99540,1.26,1.26,1.26,1.26
712363,廣積永豐63購01,0,,,,
712364,東洋國票63購01,0,,,,
712365,前鼎國票68購01,86620,1.55,1.55,1.37,1.42
712366,竑騰國票63購01,27510,1.1,1.11,1.1,1.11
712367,聚和國票65購01,0,,,,
712368,廣積國票65購02,0,,,,
712369,中美晶群益64購02,0,,,,
712370,欣銓群益63購01,14640,2.44,2.44,2.44,2.44
712371,金山電群益63購01,0,,,,
712372,青雲群益63購01,0,,,,
712373,威剛群益64購01,0,,,,
712374,家登群益63購04,0,,,,
712375,群聯群益64購03,811620,1.34,1.36,1.28,1.28
712376,雙鴻群益64購02,369800,2.56,2.56,2.42,2.51
712377,群聯國泰67購01,0,,,,
712378,世界富邦65購01,436800,0.56,0.57,0.55,0.57
712379,富喬富邦62購01,0,,,,
712380,新應材富邦64購02,70670,0.37,0.37,0.36,0.37
712381,沛亨統一65購03,692690,1.25,1.25,1.18,1.18
712382,長科*統一68購01,0,,,,
712383,前鼎統一66購01,64480,1.2,1.21,1.17,1.17
712384,前鼎統一68購01,130310,0.92,0.92,0.8,0.8
712385,富喬統一65購04,0,,,,
712386,頎邦統一66購02,2183370,1.36,1.41,1.27,1.28
712387,M31國票67購01,36840,0.88,0.88,0.87,0.87
712388,博磊國票65購01,7650,0.45,0.45,0.45,0.45
712389,宜鼎台新65購01,35280,1.22,1.22,1.17,1.17
712390,青雲台新63購01,0,,,,
712391,宸曜台新62購01,0,,,,
712392,宸曜台新62購02,0,,,,
712393,新應材台新64購01,14700,1.05,1.05,1.05,1.05
712394,群聯台新65購01,29400,1.47,1.47,1.47,1.47
712395,雙鴻台新65購01,0,,,,
712396,雙鴻台新65購02,0,,,,
712397,M31凱基63購01,281390,1.23,1.23,1.08,1.1
712398,中美晶凱基64購02,193130,1.27,1.27,1.11,1.11
712399,方土昶凱基63購01,0,,,,
712400,宜鼎凱基63購04,136350,0.4,0.4,0.33,0.33
712401,青雲凱基63購01,26610,1.2,1.21,1.2,1.21
712402,威剛凱基64購03,0,,,,
712403,富喬凱基65購01,0,,,,
712404,富喬凱基68購01,0,,,,
712405,群聯凱基63購07,0,,,,
712406,群聯凱基63購08,11520,1.44,1.44,1.44,1.44
712407,群聯凱基63購09,0,,,,
712408,群聯凱基63購10,0,,,,
712409,雙鴻凱基63購09,180300,3.1,3.1,2.85,2.85
712410,方土昶群益63購01,0,,,,
712411,世界群益66購02,199410,0.86,0.89,0.85,0.89
712412,世紀*群益63購01,0,,,,
712413,世紀*群益63購02,0,,,,
712414,台特化群益66購01,0,,,,
712415,弘塑群益63購01,0,,,,
712416,艾訊群益63購01,0,,,,
712417,艾訊群益63購02,0,,,,
712418,倚強群益69購01,0,,,,
712419,群聯群益64購04,9020,0.82,0.82,0.82,0.82
712420,廣穎群益62購01,0,,,,
712421,雙鴻群益65購01,145300,1.88,1.9,1.88,1.9
712422,閎康元大63購04,0,,,,
712423,新應材元大63購04,0,,,,
712424,新應材元大64購02,1440,0.72,0.72,0.72,0.72
712425,營邦元大64購02,915410,2.1,2.22,2.06,2.17
712426,宜鼎中信62購01,33860,0.52,0.54,0.52,0.54
712427,威剛中信63購01,0,,,,
712428,群聯中信66購01,46500,0.62,0.62,0.62,0.62
712429,雙鴻中信63購03,472950,1.31,1.36,1.28,1.31
712430,均華永豐63購01,0,,,,
712431,沛亨永豐64購01,34350,2.29,2.29,2.29,2.29
712432,威剛永豐68購02,0,,,,
712433,茂訊永豐63購01,14000,0.7,0.7,0.7,0.7
712434,新潤永豐63購01,0,,,,
712435,新應材永豐68購04,0,,,,
712436,群聯永豐68購01,132700,0.86,0.86,0.82,0.82
712437,雙鴻永豐64購05,83120,2.42,2.46,2.42,2.46
712438,群聯國泰63購03,137030,2.04,2.05,2.04,2.04
712439,群聯國泰65購02,0,,,,
712440,聖暉*國泰63購02,0,,,,
712441,譜瑞國泰63購01,469200,1.36,1.36,1.36,1.36
712442,鑫聯國泰63購01,0,,,,
712443,宏捷科富邦64購01,0,,,,
712444,宏捷科富邦65購01,0,,,,
712445,宜鼎富邦68購01,115140,0.43,0.44,0.41,0.41
712446,頎邦富邦64購03,0,,,,
712447,頎邦富邦65購01,2037790,0.92,0.96,0.84,0.84
712448,譜瑞富邦64購02,19860,0.56,0.56,0.55,0.55
712449,M31統一68購01,0,,,,
712450,陽程統一66購02,0,,,,
712451,雙鴻統一64購02,331000,1.17,1.17,1.12,1.13
712452,台特化台新65購01,5190,1.73,1.73,1.73,1.73
712453,宜鼎台新64購02,0,,,,
712454,富喬台新65購01,126420,4.06,4.06,3.92,3.92
712455,順達台新64購01,39580,1.81,1.81,1.79,1.79
712456,新應材台新64購02,0,,,,
712457,頎邦台新68購01,73940,3.96,3.96,3.83,3.83
712458,營邦台新65購02,13380,2.54,2.74,2.54,2.74
712459,鴻呈台新62購01,0,,,,
712460,雙鴻台新62購02,0,,,,
712461,世界凱基66購02,176150,1.33,1.41,1.33,1.36
712462,世紀*凱基63購01,0,,,,
712463,弘塑凱基63購02,0,,,,
712464,弘塑凱基63購03,0,,,,
712465,艾訊凱基63購01,2600,0.52,0.52,0.52,0.52
712466,倚強凱基63購01,200870,2.89,2.89,2.66,2.66
712467,富喬凱基63購03,77400,1.88,1.92,1.85,1.85
712468,閎康凱基63購01,0,,,,
712469,順達凱基63購04,43440,1.39,1.39,1.35,1.35
712470,新應材凱基63購06,0,,,,
712471,廣積凱基64購01,0,,,,
712472,順達中信62購01,0,,,,
712473,群聯中信62購02,75600,0.7,0.7,0.7,0.7
712474,均華永豐63購02,180600,1.05,1.05,1.05,1.05
712475,良維永豐63購01,0,,,,
712476,宜鼎永豐66購02,67100,0.77,0.77,0.69,0.69
712477,順達永豐63購02,54010,1.87,1.87,1.79,1.79
712478,順達永豐63購03,163270,1.06,1.07,1.0,1.0
712479,群聯永豐65購07,17730,1.55,1.55,1.47,1.47
712480,群聯永豐65購08,56160,1.44,1.44,1.44,1.44
712481,群聯永豐68購02,22720,1.94,1.94,1.84,1.84
712482,廣閎科永豐63購01,210960,0.82,0.98,0.82,0.98
712483,廣閎科永豐63購02,0,,,,
712484,廣閎科永豐65購01,890,0.89,0.89,0.89,0.89
712485,廣閎科永豐68購01,49670,0.84,0.99,0.84,0.99
712486,廣穎永豐65購02,0,,,,
712487,巨漢元大64購01,40060,1.01,1.05,1.01,1.02
712488,宜鼎元大63購06,87880,0.77,0.78,0.77,0.78
712489,宜鼎元大64購04,0,,,,
712490,富喬元大63購03,486030,1.96,2.07,1.96,1.96
712491,富喬元大63購04,537590,1.77,1.77,1.74,1.74
712492,富喬元大63購05,433580,2.66,2.66,2.66,2.66
712493,富喬元大63購06,0,,,,
712494,富喬元大64購06,212310,1.5,1.59,1.49,1.49
712495,群聯元大63購10,27910,2.17,2.17,2.06,2.09
712496,群聯元大63購13,14400,0.96,0.96,0.96,0.96
712497,廣積元大63購05,60160,0.64,0.64,0.64,0.64
712498,廣穎元大63購02,0,,,,
712499,廣穎元大63購03,0,,,,
712500,營邦元大63購01,82260,1.51,1.61,1.51,1.6
712501,營邦元大63購03,58400,1.09,1.18,1.09,1.18
712502,營邦元大64購04,22500,1.11,1.14,1.11,1.12
712503,雙鴻元大64購04,497550,2.04,2.13,2.02,2.02
712504,千如國票66購01,0,,,,
712505,富喬國票64購01,0,,,,
712506,富喬國票66購01,369180,4.26,4.51,4.26,4.3
712507,鴻呈國票66購01,0,,,,
712508,雙鴻國票69購01,41600,2.08,2.08,2.08,2.08
712509,千如國泰63購01,0,,,,
712510,宜鼎國泰63購02,0,,,,
712511,富喬國泰63購03,0,,,,
712512,新應材國泰63購02,0,,,,
712513,千附精富邦62購01,0,,,,
712514,中美晶富邦65購01,0,,,,
712515,順達富邦63購03,189930,0.89,0.89,0.87,0.87
712516,廣閎科富邦62購01,8320,0.46,0.48,0.46,0.48
712517,營邦富邦65購01,251540,1.47,1.53,1.43,1.53
712518,中美晶群益63購02,36300,2.47,2.47,2.32,2.32
712519,宜鼎群益63購01,0,,,,
712520,威剛群益63購02,0,,,,
712521,順達群益63購01,35530,1.87,1.87,1.87,1.87
712522,群聯群益63購03,2274820,4.41,4.43,3.88,4.03
712523,廣閎科群益63購01,118000,1.06,1.12,1.06,1.1
712524,磐儀群益63購01,0,,,,
712525,雙鴻群益63購04,104050,3.47,3.61,3.4,3.46
712526,譜瑞群益62購01,117690,1.01,1.01,0.92,0.92
712527,弘塑統一66購01,322450,0.55,0.55,0.52,0.52
712528,均華統一69購01,461290,0.64,0.69,0.63,0.66
712529,高技統一66購01,16100,0.7,0.7,0.7,0.7
712530,陽程統一66購03,75160,1.73,1.73,1.69,1.69
712531,順達統一6B購01,0,,,,
712532,世界群益62購04,652490,1.85,1.93,1.8,1.84
712533,台半群益63購01,0,,,,
712534,台特化群益62購02,0,,,,
712535,東捷群益64購01,646890,1.61,1.64,1.54,1.54
712536,鉅橡群益63購01,0,,,,
712537,臺慶科群益63購01,0,,,,
712538,廣閎科群益64購01,374340,1.38,1.59,1.38,1.59
712539,穩懋群益63購02,6871200,2.57,2.72,2.35,2.46
712540,穩懋群益64購01,747360,3.49,3.65,3.43,3.43
712541,中美晶元大64購05,131660,0.7,0.75,0.68,0.68
712542,方土昶元大63購02,20500,0.41,0.41,0.41,0.41
712543,均華元大64購02,341530,1.64,1.72,1.58,1.69
712544,朋億*元大63購01,56440,0.86,0.89,0.85,0.89
712545,東捷元大63購01,54300,1.62,1.62,1.56,1.56
712546,青雲元大63購02,5000,0.5,0.5,0.5,0.5
712547,高技元大63購02,241700,0.5,0.5,0.48,0.49
712548,順達元大63購03,299880,0.95,0.95,0.9,0.9
712549,順達元大63購04,2920,1.48,1.48,1.44,1.44
712550,順達元大64購07,29750,1.19,1.19,1.19,1.19
712551,漢達元大64購01,37790,3.77,3.78,3.77,3.78
712552,廣閎科元大64購01,82140,0.6,0.7,0.6,0.7
712553,廣積元大63購06,0,,,,
712554,廣穎元大63購04,0,,,,
712555,雙鴻元大63購08,821170,1.98,2.09,1.92,1.99
712556,雙鴻元大63購09,0,,,,
712557,雙鴻元大63購10,8540,1.7,1.72,1.68,1.72
712558,雙鴻元大64購05,0,,,,
712559,寶雅元大63購01,44800,0.7,0.7,0.7,0.7
712560,東捷統一66購02,438080,1.09,1.09,1.03,1.03
712561,東捷統一6B購01,303090,0.84,0.84,0.81,0.81
712562,穩懋統一66購02,362930,1.01,1.05,0.94,0.96
712563,穩懋統一67購01,164800,0.87,0.9,0.81,0.83
712564,穩懋統一68購01,8600,0.86,0.86,0.86,0.86
712565,穩懋統一6C購02,878500,0.9,0.9,0.85,0.87
712566,穩懋統一6C購03,67090,1.16,1.16,1.1,1.1
712567,東捷富邦63購01,306440,1.21,1.22,1.15,1.15
712568,東捷國泰63購01,27900,2.79,2.79,2.79,2.79
712569,博盛國泰63購01,173570,1.65,1.82,1.65,1.8
712570,營邦國泰63購02,212200,3.28,3.42,3.28,3.38
712571,鴻呈國泰63購01,0,,,,
712572,穩懋國泰63購01,4240540,2.93,2.94,2.6,2.7
712573,穩懋國泰63購03,553680,3.24,3.24,3.03,3.05
712574,穩懋國泰63購04,302610,2.99,3.01,2.99,3.01
712575,穩懋國泰63購05,575610,3.83,3.83,3.33,3.33
712576,台半凱基63購01,0,,,,
712577,宜鼎凱基64購02,173770,0.89,0.89,0.78,0.78
712578,威剛凱基63購06,0,,,,
712579,宸曜凱基63購01,0,,,,
712580,順達凱基63購05,0,,,,
712581,群聯凱基64購06,50560,1.67,1.67,1.56,1.56
712582,漢達凱基63購01,0,,,,
712583,營邦凱基63購02,0,,,,
712584,鴻呈凱基66購01,0,,,,
712585,雙鴻凱基64購02,0,,,,
712586,穩懋凱基63購01,638650,2.27,2.27,1.93,2.02
712587,穩懋凱基63購02,80410,2.08,2.08,1.82,1.82
712588,穩懋凱基63購03,0,,,,
712589,穩懋凱基63購04,0,,,,
712590,穩懋凱基63購05,0,,,,
712591,均華台新63購01,43860,1.6,1.68,1.54,1.68
712592,宜鼎台新64購03,0,,,,
712593,東捷台新62購01,0,,,,
712594,順達台新64購02,0,,,,
712595,鈊象台新64購01,26880,0.64,0.64,0.64,0.64
712596,穩懋台新62購01,0,,,,
712597,穩懋台新63購01,19090,2.77,2.79,2.59,2.59
712598,穩懋台新65購01,328120,1.48,1.48,1.39,1.39
712599,穩懋台新65購02,21940,1.82,1.83,1.82,1.83
712600,穩懋台新68購01,356960,2.16,2.16,2.01,2.05
712601,弘塑中信64購01,0,,,,
712602,穩懋中信68購01,7530,0.83,0.85,0.83,0.85
712603,台半永豐64購02,49290,1.17,1.21,1.17,1.21
712604,台半永豐65購01,86350,1.3,1.35,1.3,1.35
712605,台星科永豐64購01,658490,1.27,1.3,1.21,1.21
712606,由田永豐64購01,0,,,,
712607,系統電永豐63購01,0,,,,
712608,東捷永豐63購01,22860,1.92,1.92,1.83,1.83
712609,東捷永豐63購02,1670,1.67,1.67,1.67,1.67
712610,東捷永豐63購03,0,,,,
712611,東捷永豐65購01,104540,1.95,1.95,1.92,1.92
712612,東捷永豐65購02,54050,2.35,2.35,2.35,2.35
712613,東捷永豐68購01,13150,2.63,2.63,2.63,2.63
712614,欣銓永豐66購01,146030,1.79,1.79,1.72,1.72
712615,欣銓永豐68購01,80850,1.43,1.44,1.37,1.37
712616,彩富永豐63購01,0,,,,
712617,博盛永豐63購01,168650,1.29,1.37,1.29,1.37
712618,博盛永豐63購02,76380,1.14,1.14,1.14,1.14
712619,博盛永豐65購01,87480,1.62,1.62,1.62,1.62
712620,越峰永豐63購01,0,,,,
712621,穩得永豐63購01,0,,,,
712622,穩懋永豐64購01,150720,2.81,2.81,2.78,2.78
712623,穩懋永豐64購02,33260,3.31,3.35,3.31,3.35
712624,穩懋永豐66購01,417490,3.89,3.89,3.7,3.7
712625,穩懋永豐68購01,38800,3.88,3.88,3.88,3.88
712626,均華國票63購02,17200,1.72,1.72,1.72,1.72
712627,東捷國票63購01,0,,,,
712628,東捷國票64購01,0,,,,
712629,元太群益63購01,20400,0.8,0.82,0.8,0.82
712630,方土昶群益63購02,0,,,,
712631,世界群益63購01,51160,2.44,2.46,2.43,2.46
712632,巨有群益63購01,128700,4.35,4.35,4.23,4.23
712633,威剛群益62購04,0,,,,
712634,胡連群益63購01,0,,,,
712635,陽程群益63購03,0,,,,
712636,順達群益63購02,35380,1.22,1.22,1.22,1.22
712637,群聯群益62購01,759220,4.88,4.98,4.74,4.74
712638,漢達群益63購01,0,,,,
712639,鴻呈群益63購01,7400,0.74,0.74,0.74,0.74
712640,雙鴻群益62購04,0,,,,
712641,穩懋群益64購03,6520,3.26,3.26,3.26,3.26
712642,雙鴻中信64購02,813930,1.97,2.05,1.9,1.94
712643,新應材永豐64購02,0,,,,
712644,新應材永豐65購01,0,,,,
712645,群聯永豐63購02,37200,1.24,1.24,1.24,1.24
712646,寶雅永豐63購01,0,,,,
712647,台半國泰63購01,286030,2.03,2.05,2.01,2.05
712648,胡連國泰63購01,0,,,,
712649,千附精元大63購01,110000,0.56,0.56,0.54,0.54
712650,元太元大63購06,135000,0.45,0.45,0.45,0.45
712651,元太元大64購02,46620,0.74,0.74,0.74,0.74
712652,威剛元大64購04,0,,,,
712653,陽程元大63購03,367370,2.6,2.6,2.52,2.6
712654,陽程元大64購03,2491950,1.39,1.47,1.34,1.34
712655,順達元大64購08,0,,,,
712656,鈊象元大64購04,107880,0.62,0.62,0.62,0.62
712657,群聯元大64購13,7440,0.68,0.68,0.64,0.64
712658,良維富邦63購01,347980,1.09,1.13,1.04,1.04
712659,穩懋富邦63購01,776410,1.41,1.47,1.31,1.35
712660,穩懋富邦64購01,632080,1.27,1.29,1.14,1.18
712661,台半統一68購01,11200,0.8,0.8,0.8,0.8
712662,東捷統一68購01,170400,0.85,0.85,0.81,0.81
712663,新普統一68購01,0,,,,
712664,穩懋統一68購02,397740,1.15,1.19,1.08,1.08
712665,千如凱基66購01,0,,,,
712666,中美晶凱基68購01,101690,1.7,1.77,1.7,1.77
712667,世界凱基63購06,80200,1.2,1.31,1.2,1.24
712668,弘塑凱基63購04,5640,0.96,0.96,0.92,0.92
712669,均華凱基64購02,7450,1.49,1.49,1.49,1.49
712670,宜鼎凱基66購01,0,,,,
712671,東捷凱基63購02,104100,1.39,1.39,1.3,1.3
712672,金益鼎凱基63購01,0,,,,
712673,順達凱基63購06,0,,,,
712674,頎邦凱基63購03,0,,,,
712675,雙鴻凱基63購10,130000,3.23,3.27,3.23,3.27
712676,寶雅凱基63購01,5000,0.5,0.5,0.5,0.5
712677,系統電台新62購01,0,,,,
712678,長科*台新65購01,24890,1.96,1.96,1.89,1.89
712679,威剛台新62購03,0,,,,
712680,威剛台新63購02,0,,,,
712681,順達台新62購01,0,,,,
712682,中美晶元大64購06,0,,,,
712683,元太元大63購07,0,,,,
712684,元太元大63購08,108000,0.54,0.54,0.54,0.54
712685,元太元大64購03,184280,0.68,0.68,0.68,0.68
712686,均華元大64購03,143500,0.93,0.93,0.9,0.9
712687,宜鼎元大64購05,184720,0.68,0.68,0.61,0.61
712688,威剛元大64購05,0,,,,
712689,順達元大64購09,0,,,,
712690,鈊象元大63購09,66030,0.84,0.87,0.84,0.87
712691,鈊象元大64購05,36960,0.88,0.88,0.88,0.88
712692,群聯元大64購14,0,,,,
712693,蜜望實元大63購02,2000,0.4,0.4,0.4,0.4
712694,寶雅元大63購02,77050,0.67,0.67,0.67,0.67
712695,元太台新65購01,14820,1.14,1.14,1.14,1.14
712696,沛亨台新65購01,3320,1.66,1.66,1.66,1.66
712697,威聯通台新62購01,0,,,,
712698,胡連台新62購01,0,,,,
712699,倉和台新62購01,11600,11.6,11.6,11.6,11.6
712700,蜜望實台新62購01,0,,,,
712701,蜜望實台新65購01,0,,,,
712702,中美晶凱基64購04,2650,0.91,0.91,0.83,0.83
712703,朋億*凱基63購01,0,,,,
712704,泓格凱基63購01,0,,,,
712705,威剛凱基63購07,0,,,,
712706,建榮凱基63購01,850,0.85,0.85,0.85,0.85
712707,順達凱基66購01,202230,1.34,1.34,1.3,1.3
712708,鈊象凱基64購04,267330,0.64,0.67,0.64,0.65
712709,群聯凱基66購04,123700,1.55,1.57,1.42,1.42
712710,鉅橡凱基63購01,0,,,,
712711,廣閎科凱基63購01,1238160,0.8,1.02,0.8,1.02
712712,穩懋凱基63購08,739630,1.86,1.86,1.54,1.55
712713,中美晶群益62購04,35600,2.34,2.39,2.34,2.39
712714,弘塑群益63購02,0,,,,
712715,系統電群益63購01,0,,,,
712716,宜鼎群益63購02,0,,,,
712717,威剛群益62購05,27000,0.54,0.54,0.54,0.54
712718,原相群益62購02,11100,0.37,0.37,0.37,0.37
712719,群聯群益62購02,14900,2.98,2.98,2.98,2.98
712720,千如永豐63購01,0,,,,
712721,元太永豐63購02,122200,0.64,0.64,0.6,0.6
712722,世紀*永豐63購02,0,,,,
712723,沛亨永豐64購02,32970,1.07,1.1,1.07,1.1
712724,茂迪永豐64購01,0,,,,
712725,頎邦永豐65購02,182100,1.68,1.68,1.65,1.65
712726,榮剛永豐63購01,0,,,,
712727,雙鴻永豐65購02,0,,,,
712728,雙鴻永豐6B購01,11050,2.21,2.21,2.21,2.21
712729,雙鴻永豐6C購01,641720,2.16,2.16,2.15,2.16
712730,穩懋永豐65購01,84130,1.79,1.79,1.79,1.79
712731,三聯國票63購01,41660,0.88,0.92,0.88,0.92
712732,蜜望實國票63購01,6300,1.26,1.26,1.26,1.26
712733,寬宏國票63購01,1780,0.89,0.89,0.89,0.89
712734,均華國泰63購02,203070,0.91,0.98,0.89,0.98
712735,順達國泰63購03,0,,,,
712736,順達富邦64購01,23400,0.65,0.65,0.65,0.65
712737,巨有統一6B購03,0,,,,
712738,倉和統一6B購01,80320,2.47,2.54,2.47,2.52
712739,堡達統一6A購01,0,,,,
712740,新普統一66購01,0,,,,
712741,新普統一6B購01,0,,,,
712742,晶焱國票63購01,0,,,,
712743,鈺太國票63購01,1080,1.08,1.08,1.08,1.08
712744,鈺太國票64購01,0,,,,
712745,中美晶群益62購05,93010,2.17,2.3,2.07,2.08
712746,台特化群益62購03,382000,1.91,1.91,1.91,1.91
712747,弘塑群益63購03,0,,,,
712748,均華群益64購01,645280,1.48,1.48,1.48,1.48
712749,茂迪群益63購01,0,,,,
712750,鈊象群益62購01,5550,1.85,1.85,1.85,1.85
712751,群聯群益62購03,0,,,,
712752,營邦群益63購01,193280,2.49,2.58,2.45,2.54
712753,穩懋群益68購01,371080,3.72,3.72,3.53,3.53
712754,元太凱基63購01,72200,0.95,0.95,0.95,0.95
712755,弘塑凱基63購05,0,,,,
712756,均華凱基68購01,2810,2.81,2.81,2.81,2.81
712757,系統電凱基64購02,0,,,,
712758,宜鼎凱基63購05,75460,0.77,0.77,0.77,0.77
712759,倉和凱基63購02,474980,5.15,5.15,4.33,4.38
712760,頎邦凱基66購01,72910,2.32,2.32,2.13,2.14
712761,臺慶科凱基63購03,0,,,,
712762,弘塑台新63購01,0,,,,
712763,東捷台新62購02,135900,2.2,2.2,2.15,2.15
712764,倉和台新62購02,37250,7.45,7.45,7.45,7.45
712765,家碩台新62購01,0,,,,
712766,家碩台新62購02,0,,,,
712767,順達台新64購03,0,,,,
712768,勤凱台新62購01,846720,0.84,0.84,0.84,0.84
712769,營邦台新63購01,29520,1.81,1.86,1.81,1.84
712770,營邦台新65購03,229930,1.75,1.82,1.73,1.81
712771,營邦台新66購01,6090,2.03,2.03,2.03,2.03
712772,元太元大64購04,128800,0.4,0.4,0.4,0.4
712773,弘塑元大63購04,0,,,,
712774,弘塑元大63購05,13970,0.66,0.67,0.66,0.67
712775,弘塑元大64購04,0,,,,
712776,均華元大64購04,87780,0.88,0.91,0.88,0.91
712777,威剛元大64購06,2820,0.94,0.94,0.94,0.94
712778,順達元大63購05,166600,0.68,0.68,0.68,0.68
712779,順達元大63購06,35260,0.86,0.86,0.86,0.86
712780,順達元大63購07,115370,0.83,0.83,0.83,0.83
712781,順達元大64購10,35100,0.65,0.65,0.65,0.65
712782,順達元大64購11,0,,,,
712783,群聯元大63購14,160770,1.43,1.44,1.33,1.33
712784,群聯元大63購15,14000,1.4,1.4,1.4,1.4
712785,群聯元大63購16,20600,1.02,1.04,1.02,1.04
712786,群聯元大64購15,61080,0.58,0.59,0.56,0.56
712787,寶雅元大63購03,0,,,,
712788,台星科統一6B購01,75460,0.77,0.77,0.77,0.77
712789,沛亨統一6B購01,0,,,,
712790,宜鼎統一6B購02,610,0.61,0.61,0.61,0.61
712791,倉和統一68購02,332430,3.61,3.61,3.18,3.27
712792,陽程統一6C購02,1361390,0.87,0.88,0.85,0.85
712793,新普統一66購02,0,,,,
712794,穩懋統一68購03,668190,1.39,1.43,1.33,1.33
712795,家登中信63購01,3520,0.88,0.88,0.88,0.88
712796,世禾永豐63購01,49500,0.66,0.66,0.66,0.66
712797,安葆永豐63購02,0,,,,
712798,宏捷科永豐63購01,0,,,,
712799,倚強永豐64購01,119620,2.0,2.0,1.6,1.73
712800,倚強永豐64購02,10120,1.56,1.56,1.4,1.4
712801,倉和永豐63購02,0,,,,
712802,家登永豐63購03,0,,,,
712803,湧德永豐63購01,39360,1.23,1.23,1.23,1.23
712804,順達永豐63購04,102400,1.0,1.0,0.97,0.97
712805,群聯永豐63購03,77400,1.29,1.29,1.29,1.29
712806,磐儀永豐63購01,29890,0.61,0.61,0.61,0.61
712807,鴻呈永豐63購01,0,,,,
712808,鴻呈永豐64購01,0,,,,
712809,弘塑富邦64購02,0,,,,
712810,頎邦富邦65購02,133120,1.02,1.03,0.97,0.97
712811,雙鴻富邦65購01,0,,,,
712812,元太台新65購02,14340,0.88,0.9,0.88,0.9
712813,均華台新62購04,117040,0.77,0.77,0.77,0.77
712814,竑騰台新62購03,0,,,,
712815,崇越電台新62購01,0,,,,
712816,博盛台新62購01,0,,,,
712817,普萊德台新62購01,0,,,,
712818,晶呈台新62購01,559080,1.86,2.06,1.86,1.99
712819,晶呈台新62購02,474070,1.19,1.27,1.19,1.26
712820,晶呈台新65購01,28380,1.54,1.63,1.54,1.63
712821,元太群益62購01,0,,,,
712822,均華群益64購02,107430,1.68,1.71,1.68,1.71
712823,群聯群益62購04,0,,,,
712824,世紀*元大62購01,0,,,,
712825,世紀*元大62購02,0,,,,
712826,倉和元大62購01,373750,5.75,5.75,5.75,5.75
712827,倉和元大62購02,75730,2.92,2.92,2.65,2.65
712828,陽程元大62購01,700670,0.94,0.99,0.88,0.89
712829,陽程元大62購02,1353690,0.91,0.96,0.85,0.85
712830,陽程元大62購03,860270,0.9,0.94,0.85,0.85
712831,陽程元大63購04,124250,0.96,1.01,0.9,0.91
712832,陽程元大65購03,435810,0.88,0.92,0.83,0.83
712833,群聯元大65購01,59130,1.35,1.35,1.26,1.26
712834,廣閎科元大62購01,121850,0.53,0.73,0.53,0.73
712835,營邦元大62購02,517830,1.49,1.61,1.46,1.58
712836,中美晶凱基66購02,2480,1.24,1.24,1.24,1.24
712837,方土昶凱基63購02,0,,,,
712838,台特化凱基65購01,1190,1.19,1.19,1.19,1.19
712839,系統電凱基66購01,0,,,,
712840,威剛凱基64購04,0,,,,
712841,茂迪凱基63購01,8200,0.82,0.82,0.82,0.82
712842,博智凱基63購05,365100,2.32,2.56,2.32,2.46
712843,順達凱基63購07,26240,1.64,1.64,1.64,1.64
712844,鈊象凱基63購01,83100,1.25,1.27,1.25,1.27
712845,群聯凱基68購01,447350,3.4,3.4,3.07,3.13
712846,寶雅*凱基63購02,0,,,,
712847,千附精永豐63購01,0,,,,
712848,晶呈永豐64購02,176190,0.93,0.94,0.93,0.94
712849,群聯永豐63購05,0,,,,
712850,群聯永豐63購06,289650,1.31,1.31,1.17,1.22
712851,群聯永豐65購09,82960,1.58,1.59,1.44,1.44
712852,頎邦國泰63購04,0,,,,
712853,聖暉*富邦62購01,0,,,,
712854,大中國票63購01,10170,1.13,1.13,1.13,1.13
712855,華義*國票68購01,8600,0.86,0.86,0.86,0.86
712856,越峰國票68購01,17400,0.58,0.58,0.58,0.58
712857,陽程國票64購01,0,,,,
712858,陽程國票65購01,73870,1.88,1.93,1.87,1.93
712859,陽程國票68購01,162150,2.12,2.18,2.08,2.13
712860,鏵友益國票66購01,0,,,,
712861,鏵友益國票68購01,22610,1.19,1.19,1.19,1.19
712862,方土昶台新62購01,0,,,,
712863,巨漢台新65購01,29250,1.95,1.95,1.95,1.95
712864,欣銓台新65購01,628720,2.62,2.62,2.52,2.52
712865,萬泰科台新65購01,24800,2.48,2.48,2.48,2.48
712866,臺慶科台新65購01,6750,1.35,1.35,1.35,1.35
712867,元太凱基63購02,3070,0.62,0.62,0.6,0.6
712868,世紀*凱基63購02,0,,,,
712869,均華凱基63購01,124320,1.17,1.34,1.17,1.34
712870,群聯凱基64購07,105660,2.54,2.58,2.54,2.58
712871,頎邦凱基63購04,526110,2.45,2.55,2.28,2.29
712872,廣閎科凱基63購02,102390,1.27,1.46,1.26,1.46
712873,雙鴻凱基67購01,61560,4.16,4.16,4.04,4.04
712874,中美晶群益62購06,1445220,1.47,1.64,1.41,1.41
712875,方土昶群益63購03,0,,,,
712876,世紀*群益63購03,0,,,,
712877,由田群益63購01,139890,0.9,0.91,0.86,0.87
712878,威剛群益62購06,0,,,,
712879,晶呈群益64購01,141970,0.93,1.01,0.93,1.01
712880,華電網群益62購01,0,,,,
712881,鈊象群益62購02,379680,1.51,1.52,1.51,1.51
712882,新應材群益62購03,90160,1.84,1.84,1.84,1.84
712883,群聯群益62購05,45260,1.46,1.46,1.46,1.46
712884,雙鴻群益62購05,39000,2.6,2.6,2.6,2.6
712885,寶雅*群益62購01,0,,,,
712886,中美晶永豐63購01,72200,1.58,1.58,1.5,1.5
712887,方土昶永豐64購01,0,,,,
712888,由田永豐63購01,990,0.99,0.99,0.99,0.99
712889,群聯永豐63購07,80210,1.37,1.37,1.35,1.35
712890,廣運永豐63購01,4170,1.39,1.39,1.39,1.39
712891,穩懋永豐63購01,422750,3.68,3.73,3.33,3.45
712892,方土昶國票67購01,0,,,,
712893,世紀*國票67購01,143300,1.6,1.62,1.47,1.56
712894,台半國票66購01,0,,,,
712895,由田國票65購01,0,,,,
712896,利機國票63購01,0,,,,
712897,邑錡國票64購01,85700,0.78,0.78,0.77,0.77
712898,崇越電國票68購01,51600,0.47,0.47,0.46,0.46
712899,博盛國票66購01,11500,1.15,1.15,1.15,1.15
712900,富強鑫國票67購01,0,,,,
712901,漢達國票66購01,0,,,,
712902,寶雅國票66購01,0,,,,
712903,中美晶元大62購01,213150,1.05,1.09,0.95,0.95
712904,方土昶元大62購01,0,,,,
712905,均華元大68購01,303470,0.91,0.91,0.88,0.91
712906,宜鼎元大65購02,34350,0.9,0.91,0.88,0.88
712907,建榮元大62購01,31850,1.15,1.15,1.13,1.13
712908,群聯元大65購02,246510,0.49,0.5,0.49,0.5
712909,寶雅元大62購01,20160,0.96,0.96,0.96,0.96
712910,由田統一68購02,0,,,,
712911,均華統一6A購01,185520,0.62,0.65,0.62,0.65
712912,邑錡統一6C購01,0,,,,
712913,晶呈統一68購01,12000,0.6,0.6,0.6,0.6
712914,晶呈統一6C購01,327810,0.8,0.88,0.8,0.88
712915,晶呈統一6C購02,73150,0.8,0.85,0.8,0.85
712916,穩懋富邦65購01,549540,1.23,1.27,1.14,1.19
712917,寶雅富邦64購01,0,,,,
712918,寶雅富邦65購01,3520,0.5,0.51,0.5,0.51
712919,方土昶元大62購02,0,,,,
712920,均華元大68購02,199930,1.1,1.14,1.07,1.14
712921,宜鼎元大65購03,282950,0.97,1.01,0.96,0.96
712922,倉和元大62購03,0,,,,
712923,群聯元大68購03,55310,0.93,0.93,0.87,0.87
712924,臺慶科元大62購01,0,,,,
712925,川寶國票65購02,1331480,0.86,1.0,0.86,0.9
712926,世紀*國票69購01,0,,,,
712927,宜特國票67購01,14400,0.9,0.9,0.9,0.9
712928,倉和國票69購01,4120,2.06,2.06,2.06,2.06
712929,倉和國票6A購01,0,,,,
712930,倉和國票6C購01,42360,2.99,2.99,2.7,2.7
712931,晟德國票65購01,10200,0.68,0.68,0.68,0.68
712932,崇越電國票67購01,0,,,,
712933,華景電國票68購01,0,,,,
712934,群聯中信62購03,1405440,1.16,1.17,1.06,1.06
712935,雙鴻中信62購01,18600,1.86,1.86,1.86,1.86
712936,桓達永豐63購01,0,,,,
712937,崇越電永豐64購01,0,,,,
712938,雙鴻永豐63購05,23040,2.88,2.88,2.88,2.88
712939,穩懋永豐63購02,232950,1.8,1.85,1.67,1.67
712940,天良台新62購01,27150,0.25,0.25,0.24,0.24
712941,崇越電台新62購02,0,,,,
712942,崴寶台新62購01,1340,1.34,1.34,1.34,1.34
712943,新門台新62購01,724120,0.82,0.87,0.81,0.86
712944,瑞耘台新62購01,0,,,,
712945,中美晶凱基64購05,42110,1.61,1.62,1.61,1.62
712946,方土昶凱基63購03,0,,,,
712947,台半凱基64購01,2980,0.75,0.75,0.74,0.74
712948,弘塑凱基68購01,201620,1.44,1.44,1.42,1.42
712949,均華凱基68購02,126200,1.28,1.34,1.25,1.34
712950,宜鼎凱基63購06,10010,0.91,0.91,0.91,0.91
712951,威剛凱基68購01,1640,1.64,1.64,1.64,1.64
712952,崇越電凱基63購01,0,,,,
712953,博盛凱基66購01,29340,1.02,1.12,1.02,1.12
712954,鈊象凱基63購02,0,,,,
712955,新應材凱基63購07,105240,1.5,1.56,1.5,1.56
712956,群聯凱基66購05,243230,2.11,2.11,1.9,1.9
712957,寶雅*凱基63購03,0,,,,
712958,均華群益62購01,202290,0.82,0.84,0.8,0.84
712959,群聯群益62購06,80400,1.57,1.61,1.43,1.43
712960,雙鴻群益62購06,5720,2.86,2.86,2.86,2.86
712961,元太國泰63購01,110400,1.2,1.2,1.2,1.2
712962,倉和國泰63購02,0,,,,
712963,台特化富邦62購01,980,0.49,0.49,0.49,0.49
712964,新應材富邦64購03,0,,,,
712965,安葆台新62購01,469420,2.09,2.43,2.04,2.43
712966,彩富台新62購01,0,,,,
712967,台半凱基63購02,188450,1.07,1.12,1.07,1.11
712968,安葆凱基63購01,354430,2.24,2.69,2.24,2.69
712969,矽科凱基63購01,0,,,,
712970,耕興凱基65購01,4760,0.68,0.68,0.68,0.68
712971,崇越電凱基68購01,16600,0.83,0.83,0.83,0.83
712972,群聯凱基63購11,0,,,,
712973,群聯凱基63購12,171930,3.31,3.31,2.96,2.96
712974,群聯凱基64購08,5100,2.55,2.55,2.55,2.55
712975,臺慶科凱基63購04,0,,,,
712976,營邦凱基63購03,0,,,,
712977,雙鴻凱基63購11,44200,7.35,7.4,7.35,7.4
712978,穩懋凱基65購01,17150,3.43,3.43,3.43,3.43
712979,寶雅*凱基63購04,0,,,,
712980,鑫聯凱基63購01,0,,,,
712981,千如國票67購01,0,,,,
712982,世紀*國票65購01,292780,0.91,0.93,0.86,0.89
712983,世紀*國票6B購01,47710,1.08,1.11,1.05,1.08
712984,安葆國票65購01,30100,1.34,1.42,1.34,1.42
712985,松瑞藥國票66購01,0,,,,
712986,宸曜國票63購01,56500,1.13,1.13,1.13,1.13
712987,博智國票64購01,486650,2.04,2.1,2.04,2.05
712988,新應材國票63購02,15480,1.29,1.29,1.29,1.29
712989,群翊國票65購01,0,,,,
712990,世紀*元大62購03,0,,,,
712991,世紀*元大62購04,0,,,,
712992,世紀*元大68購01,0,,,,
712993,威剛元大65購12,90610,1.97,1.97,1.96,1.96
712994,崇越電元大62購02,308000,0.35,0.35,0.35,0.35
712995,順達元大68購01,310680,1.28,1.28,1.26,1.26
712996,群聯元大68購04,939110,1.99,2.02,1.8,1.88
712997,中美晶群益62購07,43200,2.23,2.23,2.09,2.09
712998,弘塑群益62購03,0,,,,
712999,弘塑群益68購01,14550,1.84,1.84,1.8,1.8
713000,良維群益64購01,102030,2.84,2.84,2.82,2.83
713001,宜特群益62購03,0,,,,
713002,宜鼎群益62購02,83080,1.56,1.6,1.38,1.38
713003,威剛群益62購07,0,,,,
713004,茂綸群益63購01,16630,0.98,0.98,0.97,0.97
713005,倚強群益64購01,29600,7.4,7.4,7.4,7.4
713006,原相群益62購03,156640,1.8,1.85,1.79,1.85
713007,能率群益62購01,0,,,,
713008,高技群益62購01,79950,2.05,2.05,2.05,2.05
713009,崇越電群益64購01,0,,,,
713010,博智群益62購03,77100,4.31,4.45,3.95,4.45
713011,閎康群益62購01,0,,,,
713012,順達群益62購02,0,,,,
713013,鈊象群益62購03,0,,,,
713014,新應材群益62購04,85450,1.71,1.72,1.7,1.72
713015,群聯群益62購07,9550,1.91,1.91,1.91,1.91
713016,榮剛群益68購01,80700,2.69,2.69,2.69,2.69
713017,漢達群益62購01,0,,,,
713018,臺慶科群益65購01,0,,,,
713019,雙鴻群益62購07,0,,,,
713020,穩懋群益63購03,1222710,1.22,1.23,1.1,1.14
713021,穩懋群益64購04,86100,1.75,1.75,1.69,1.69
713022,台星科統一68購01,135240,0.58,0.58,0.57,0.57
713023,良維中信62購01,208550,1.11,1.13,1.07,1.07
713024,宏觀永豐63購01,190650,1.37,1.4,1.37,1.4
713025,宜鼎永豐62購01,35260,0.41,0.41,0.41,0.41
713026,宜鼎永豐63購06,0,,,,
713027,朋程永豐63購01,54080,1.13,1.2,1.13,1.13
713028,晶焱永豐63購01,0,,,,
713029,新應材永豐64購03,0,,,,
713030,立敦台新65購01,83500,1.67,1.67,1.67,1.67
713031,宜鼎台新62購05,447450,2.16,2.33,1.94,1.94
713032,元太群益62購02,19140,0.66,0.66,0.66,0.66
713033,群聯群益62購08,0,,,,
713034,廣運群益62購01,0,,,,
713035,雙鴻群益62購08,0,,,,
713036,台星科元大62購02,230460,1.44,1.44,1.35,1.35
713037,台星科元大62購03,650310,0.7,0.7,0.64,0.68
713038,安葆元大62購01,215970,1.89,2.11,1.89,2.08
713039,安葆元大62購02,655990,1.12,1.29,1.12,1.29
713040,竑騰元大62購01,23700,0.79,0.79,0.79,0.79
713041,雙鴻元大62購02,0,,,,
713042,雙鴻元大62購03,0,,,,
713043,雙鴻元大62購04,0,,,,
713044,中美晶凱基63購07,615150,2.85,2.85,2.51,2.51
713045,弘塑凱基63購06,207400,1.75,1.75,1.65,1.65
713046,宜特凱基63購02,55550,1.01,1.01,1.01,1.01
713047,宜鼎凱基63購07,0,,,,
713048,威剛凱基65購02,0,,,,
713049,原相凱基63購01,0,,,,
713050,能率凱基63購01,11500,1.15,1.15,1.15,1.15
713051,順達凱基63購08,70560,1.65,1.65,1.62,1.62
713052,鈊象凱基63購03,35840,1.28,1.28,1.28,1.28
713053,新應材凱基63購08,0,,,,
713054,群聯凱基63購13,35880,2.76,2.76,2.76,2.76
713055,群聯凱基63購14,0,,,,
713056,榮剛凱基68購01,0,,,,
713057,大江國票68購01,0,,,,
713058,元太國票65購01,0,,,,
713059,安葆國票63購01,151210,1.1,1.22,1.09,1.18
713060,信立國票63購01,1710,1.71,1.71,1.71,1.71
713061,群聯國票63購01,396400,1.16,1.16,1.09,1.12
713062,聖暉*國票65購02,0,,,,
713063,廣運國票65購01,0,,,,
713064,世界永豐63購01,177320,2.2,2.33,2.16,2.33
713065,世界永豐64購02,131890,2.32,2.33,2.31,2.33
713066,安葆永豐64購01,366490,1.92,2.17,1.88,2.17
713067,威剛永豐63購01,0,,,,
713068,威剛永豐63購02,0,,,,
713069,穩懋永豐63購03,0,,,,
713070,元太富邦64購02,201050,0.49,0.5,0.47,0.47
713071,宜特富邦64購01,232480,0.79,0.8,0.78,0.78
713072,威剛富邦68購01,0,,,,
713073,高技富邦64購01,524470,0.91,0.91,0.87,0.89
713074,博智富邦63購03,816080,0.89,0.92,0.82,0.89
713075,智通*富邦64購03,0,,,,
713076,雙鴻富邦64購02,0,,,,
713077,寶雅*富邦64購02,35350,0.58,0.58,0.57,0.57
713078,建榮統一6B購01,3240,0.54,0.54,0.54,0.54
713079,巨有台新62購01,9100,9.1,9.1,9.1,9.1
713080,巨有台新62購02,18500,6.0,6.5,6.0,6.5
713081,竑騰台新62購04,0,,,,
713082,高技台新62購01,2541050,1.89,1.89,1.74,1.84
713083,群翊台新62購01,1700,1.7,1.7,1.7,1.7
713084,群翊台新62購02,0,,,,
713085,榮剛台新65購01,0,,,,
713086,穩懋台新62購02,0,,,,
713087,穩懋台新62購03,1317620,4.81,5.0,4.33,4.49
713088,大江凱基65購01,89700,0.63,0.64,0.62,0.62
713089,元太凱基63購03,0,,,,
713090,台星科凱基63購01,473040,1.52,1.54,1.38,1.38
713091,正德凱基63購01,104030,1.03,1.03,1.03,1.03
713092,威剛凱基63購08,0,,,,
713093,威剛凱基63購09,0,,,,
713094,威剛凱基63購10,0,,,,
713095,威剛凱基63購11,0,,,,
713096,竑騰凱基63購01,17600,0.62,0.62,0.6,0.6
713097,群聯凱基63購15,70740,2.62,2.62,2.62,2.62
713098,群聯凱基63購16,669090,3.17,3.17,2.99,2.99
713099,聖暉*凱基63購01,169700,0.8,0.82,0.79,0.82
713100,廣運凱基65購01,0,,,,
713101,雙鴻凱基68購01,0,,,,
713102,高技國泰63購01,968420,1.66,1.68,1.59,1.64
713103,群翊國泰63購01,63440,1.68,1.68,1.64,1.64
713104,大綜國票63購01,138740,1.84,1.85,1.84,1.85
713105,大綜國票64購01,0,,,,
713106,宏捷科國票66購01,0,,,,
713107,竑騰國票64購01,0,,,,
713108,群翊國票66購01,0,,,,
713109,聖暉*富邦62購02,146790,0.65,0.66,0.65,0.66
713110,台半中信62購01,96290,0.78,0.79,0.75,0.79
713111,宜鼎中信62購02,8930,0.47,0.47,0.47,0.47
713112,威剛中信62購01,0,,,,
713113,大綜永豐63購01,5400,1.08,1.08,1.08,1.08
713114,宏碩永豐65購01,0,,,,
713115,威剛永豐63購03,0,,,,
713116,竑騰永豐63購02,420,0.42,0.42,0.42,0.42
713117,頎邦永豐64購02,42310,2.63,2.63,2.39,2.39
713118,榮剛永豐63購02,41070,0.79,0.79,0.78,0.79
713119,廣運永豐64購01,0,,,,
713120,中美晶群益62購08,146810,1.57,1.63,1.47,1.47
713121,元太群益62購03,0,,,,
713122,台半群益62購04,561070,2.87,2.9,2.73,2.84
713123,系統電群益64購01,50600,1.29,1.29,1.24,1.24
713124,宜鼎群益64購01,2280,0.76,0.76,0.76,0.76
713125,欣銓群益62購01,0,,,,
713126,青雲群益64購01,51590,1.74,1.74,1.71,1.71
713127,威剛群益62購08,0,,,,
713128,博士旺群益62購01,0,,,,
713129,順達群益62購03,205820,3.19,3.2,3.15,3.16
713130,鈊象群益62購04,0,,,,
713131,新應材群益62購05,0,,,,
713132,群翊群益62購01,2740,1.37,1.37,1.37,1.37
713133,群聯群益62購09,8450,1.69,1.69,1.69,1.69
713134,鉅橡群益62購01,5820,1.94,1.94,1.94,1.94
713135,頎邦群益63購01,44730,4.5,4.5,4.41,4.41
713136,臺慶科群益62購01,78120,2.79,2.79,2.79,2.79
713137,廣閎科群益62購01,513200,2.75,3.5,2.75,3.5
713138,大綜元大62購01,41850,1.35,1.35,1.35,1.35
713139,中美晶元大62購02,200960,1.16,1.26,1.12,1.12
713140,弘塑元大62購02,0,,,,
713141,均華元大62購01,269170,0.77,0.79,0.77,0.79
713142,沛亨元大62購01,334180,1.44,1.44,1.39,1.39
713143,宜鼎元大62購03,459760,0.48,0.49,0.44,0.44
713144,威剛元大65購13,16810,1.53,1.53,1.51,1.51
713145,高技元大62購01,1860,0.62,0.62,0.62,0.62
713146,群聯元大62購05,145600,1.55,1.55,1.4,1.4
713147,群聯元大62購06,1390,1.39,1.39,1.39,1.39
713148,中美晶凱基62購01,458960,2.31,2.34,2.04,2.04
713149,台半凱基66購01,0,,,,
713150,弘塑凱基65購01,0,,,,
713151,均華凱基62購01,22160,1.42,1.61,1.42,1.61
713152,系統電凱基64購03,0,,,,
713153,宜鼎凱基64購03,39600,0.84,0.84,0.76,0.76
713154,威剛凱基62購01,0,,,,
713155,高技凱基65購01,112210,1.88,1.89,1.84,1.84
713156,鈊象凱基62購01,44280,2.46,2.46,2.46,2.46
713157,新應材凱基62購01,0,,,,
713158,群聯凱基62購02,246540,1.87,1.87,1.68,1.69
713159,頎邦凱基68購01,0,,,,
713160,廣閎科凱基62購01,239600,2.65,3.3,2.65,3.3
713161,磐亞凱基62購01,0,,,,
713162,磐亞凱基62購02,0,,,,
713163,磐亞凱基62購03,0,,,,
713164,磐亞凱基62購04,0,,,,
713165,磐亞凱基62購05,0,,,,
713166,環球晶凱基62購01,7520,0.94,0.94,0.94,0.94
713167,環球晶凱基62購02,58660,1.01,1.06,0.96,1.03
713168,環球晶凱基62購03,691930,0.71,0.9,0.71,0.75
713169,環球晶凱基62購04,801510,1.04,1.18,0.99,1.01
713170,環球晶凱基62購05,33910,1.0,1.21,1.0,1.21
713171,環球晶凱基64購01,61810,0.85,0.91,0.79,0.82
713172,環球晶凱基64購02,285620,0.64,0.76,0.64,0.67
713173,環球晶凱基64購03,0,,,,
713174,環球晶凱基64購04,0,,,,
713175,雙鴻凱基68購02,0,,,,
713176,宏碩台新62購01,0,,,,
713177,順達台新62購02,59490,1.82,1.82,1.72,1.72
713178,環球晶台新62購03,194480,1.06,1.18,1.06,1.14
713179,環球晶台新62購04,92370,0.82,1.02,0.82,0.89
713180,環球晶台新62購05,2115160,0.65,0.82,0.65,0.7
713181,環球晶台新62購06,76000,0.76,0.76,0.76,0.76
713182,環球晶台新68購01,104790,2.06,2.43,2.06,2.19
713183,環球晶台新68購02,131520,1.68,1.7,1.68,1.7
713184,元太群益62購04,0,,,,
713185,宜鼎群益62購03,240470,1.44,1.44,1.25,1.25
713186,環球晶群益62購02,78170,1.06,1.06,0.91,0.91
713187,環球晶群益62購03,124150,0.81,0.9,0.76,0.77
713188,環球晶群益62購04,0,,,,
713189,環球晶群益63購01,52100,1.1,1.32,1.1,1.13
713190,環球晶統一66購01,722310,0.68,0.79,0.68,0.71
713191,環球晶統一6A購01,79380,0.64,0.72,0.64,0.68
713192,環球晶統一6A購02,0,,,,
713193,環球晶統一6C購01,71500,0.47,0.49,0.47,0.49
713194,環球晶統一78購01,348900,0.55,0.6,0.54,0.56
713195,雙鴻統一6A購03,36660,1.41,1.41,1.41,1.41
713196,威剛國泰63購02,0,,,,
713197,環球晶國泰63購01,234940,1.1,1.32,1.1,1.32
713198,環球晶國泰64購01,233490,1.13,1.32,1.13,1.32
713199,環球晶國泰67購01,94320,1.31,1.31,1.31,1.31
713200,良維富邦64購01,3360,1.12,1.12,1.12,1.12
713201,群翊富邦65購01,32250,0.43,0.43,0.43,0.43
713202,環球晶富邦62購01,86010,0.58,0.63,0.57,0.57
713203,環球晶富邦62購02,398470,0.41,0.51,0.41,0.45
713204,環球晶富邦65購01,191780,0.48,0.55,0.48,0.54
713205,環球晶中信62購01,339010,0.33,0.41,0.33,0.35
713206,環球晶中信62購02,7080,0.59,0.59,0.59,0.59
713207,磐亞永豐63購01,0,,,,
713208,環球晶永豐63購01,248510,0.97,1.13,0.96,1.02
713209,環球晶永豐63購02,272940,0.78,0.94,0.78,0.83
713210,環球晶永豐63購03,15300,0.85,0.85,0.85,0.85
713211,環球晶永豐63購04,0,,,,
713212,環球晶永豐63購05,1529390,0.81,0.94,0.81,0.82
713213,環球晶永豐63購06,234740,0.99,1.03,0.99,1.03
713214,環球晶永豐65購01,336230,1.13,1.17,1.13,1.17
713215,環球晶永豐65購02,22000,1.08,1.13,1.08,1.13
713216,環球晶永豐65購03,191640,1.34,1.45,1.34,1.4
713217,環球晶永豐68購01,41440,2.59,2.59,2.59,2.59
713218,環球晶永豐68購02,156140,2.11,2.11,2.11,2.11
713219,環球晶永豐72購01,584470,3.04,3.12,3.03,3.12
713220,雙鴻永豐63購06,0,,,,
713221,雙鴻永豐64購06,152500,3.05,3.05,3.05,3.05
713222,中美晶國票63購02,0,,,,
713223,均華國票65購01,17760,2.22,2.22,2.22,2.22
713224,沛亨國票68購02,51150,1.55,1.55,1.55,1.55
713225,威剛國票64購02,0,,,,
713226,威聯通國票66購01,0,,,,
713227,博盛國票64購01,17600,0.88,0.88,0.88,0.88
713228,磐亞國票66購01,0,,,,
713229,環球晶國票64購01,8340,0.96,0.96,0.9,0.9
713230,雙鴻國票63購02,0,,,,
713231,中美晶元大62購03,1590,0.53,0.53,0.53,0.53
713232,均華元大62購02,116450,0.92,1.0,0.91,0.99
713233,均華元大66購01,186360,1.11,1.13,1.11,1.13
713234,均華元大67購01,257750,0.85,0.9,0.85,0.9
713235,威剛元大65購14,2080,1.04,1.04,1.04,1.04
713236,群聯元大62購07,134530,1.78,1.78,1.61,1.61
713237,群聯元大62購08,2860,1.43,1.43,1.43,1.43
713238,磐亞元大62購01,0,,,,
713239,營邦元大65購01,0,,,,
713240,環球晶元大62購01,180910,0.8,0.93,0.8,0.86
713241,環球晶元大62購02,51950,0.77,0.89,0.77,0.89
713242,環球晶元大62購03,27850,0.51,0.51,0.47,0.47
713243,環球晶元大65購03,182200,0.95,1.05,0.95,1.05
713244,環球晶元大68購09,106590,1.16,1.29,1.15,1.21
713245,元太凱基63購04,88420,1.64,1.68,1.64,1.67
713246,威剛凱基65購03,10600,2.12,2.12,2.12,2.12
713247,群聯凱基63購17,340930,2.35,2.35,1.94,1.94
713248,營邦凱基63購04,467410,2.63,2.93,2.63,2.83
713249,雙鴻凱基64購03,330840,4.8,4.8,4.39,4.63
713250,聖暉*台新63購01,362630,2.12,2.17,2.11,2.15
713251,璟德台新65購01,0,,,,
713252,優群台新65購01,16920,1.41,1.41,1.41,1.41
713253,雙鴻台新63購02,0,,,,
713254,雙鴻台新63購03,0,,,,
713255,中美晶群益63購04,58050,3.87,3.87,3.87,3.87
713256,弘塑群益63購04,7230,3.64,3.64,3.59,3.59
713257,宜鼎群益63購03,0,,,,
713258,威剛群益63購03,0,,,,
713259,順達群益63購03,112000,3.28,3.29,3.14,3.15
713260,鈊象群益63購02,18700,1.87,1.87,1.87,1.87
713261,新應材群益64購01,0,,,,
713262,群聯群益63購04,8800,1.76,1.76,1.76,1.76
713263,雙鴻群益63購05,66100,3.26,3.35,3.26,3.35
713264,宜鼎中信68購01,24060,0.56,0.58,0.56,0.58
713265,群聯中信63購02,78010,0.82,0.82,0.76,0.76
713266,穩懋中信63購01,345930,1.24,1.29,1.15,1.16
713267,穩懋中信68購02,788530,1.12,1.15,1.05,1.05
713268,智通*永豐63購02,15300,0.85,0.85,0.85,0.85
713269,雙鴻永豐65購03,595900,7.35,7.6,7.3,7.3
713270,雙鴻永豐65購04,0,,,,
713271,譜瑞永豐63購01,496760,1.79,1.79,1.65,1.65
713272,中美晶元大63購05,291100,1.39,1.44,1.3,1.3
713273,中美晶元大63購06,0,,,,
713274,中美晶元大63購07,42160,0.62,0.62,0.62,0.62
713275,宜鼎元大65購04,160240,1.31,1.34,1.22,1.22
713276,宜鼎元大66購01,445750,0.77,0.8,0.71,0.71
713277,威剛元大63購05,1460,1.46,1.46,1.46,1.46
713278,威剛元大65購15,0,,,,
713279,高技元大63購03,132520,1.41,1.41,1.36,1.36
713280,高技元大63購04,135330,1.59,1.59,1.57,1.58
713281,順達元大65購01,369040,1.9,1.9,1.82,1.83
713282,鈊象元大63購10,0,,,,
713283,群聯元大63購17,243230,1.41,1.43,1.34,1.35
713284,群聯元大63購18,14800,1.35,1.35,1.34,1.34
713285,營邦元大65購02,648460,2.69,2.84,2.61,2.78
713286,營邦元大66購01,1187610,2.29,2.43,2.23,2.37
713287,弘塑國票63購02,5900,1.18,1.18,1.18,1.18
713288,正德國票63購01,0,,,,
713289,正德國票64購01,0,,,,
713290,鈊象國票66購01,74410,1.05,1.05,1.04,1.04
713291,群翊國票68購01,36280,0.74,0.75,0.74,0.75
713292,群聯國票68購01,0,,,,
713293,聖暉*國票68購01,2880,1.44,1.44,1.44,1.44
713294,頎邦國票64購04,5329900,1.58,1.64,1.49,1.49
713295,營邦國票63購01,6740,3.37,3.37,3.37,3.37
713296,營邦國票64購01,563220,3.27,3.48,3.18,3.45
713297,環球晶國票63購01,2719830,1.77,1.91,1.57,1.65
713298,晶呈富邦64購01,336210,0.74,0.86,0.74,0.84
713299,廣閎科富邦63購01,260760,0.64,0.75,0.63,0.74
713300,穩懋富邦63購02,36960,1.88,1.88,1.65,1.66
713301,天良國泰63購01,19960,0.33,0.33,0.3,0.3
713302,晶呈國泰63購01,68710,1.65,1.79,1.65,1.73
713303,晶呈國泰63購02,207600,1.48,1.63,1.48,1.63
713304,磐亞國泰63購01,20000,0.74,0.74,0.68,0.68
713305,穩懋國泰64購02,988350,3.11,3.13,2.81,2.81
713306,穩懋國泰65購01,2155090,1.76,1.83,1.65,1.65
713307,環球晶統一67購01,5600,0.56,0.56,0.56,0.56
713308,千附精凱基65購01,0,,,,
713309,中美晶凱基63購08,24360,2.4,2.49,2.4,2.49
713310,台半凱基65購01,139100,1.07,1.07,1.07,1.07
713311,弘塑凱基63購07,122040,1.2,1.2,1.18,1.18
713312,良維凱基63購02,62800,3.93,3.93,3.92,3.92
713313,高技凱基63購02,1027910,1.84,1.84,1.73,1.82
713314,順達凱基63購09,0,,,,
713315,鈊象凱基63購04,37950,2.53,2.53,2.53,2.53
713316,新應材凱基65購01,0,,,,
713317,群翊凱基63購01,15400,1.54,1.54,1.54,1.54
713318,頎邦凱基63購05,109790,2.04,2.04,1.91,1.91
713319,頎邦凱基63購06,291050,1.8,1.86,1.55,1.56
713320,精材凱基63購03,350650,4.94,5.0,4.69,4.91
713321,精材凱基63購04,0,,,,
713322,精材凱基63購05,0,,,,
713323,精材凱基63購06,0,,,,
713324,環球晶凱基63購01,2593520,1.7,1.91,1.61,1.71
713325,高技台新63購01,70200,1.56,1.56,1.56,1.56
713326,華宏台新63購01,52820,0.95,0.95,0.89,0.89
713327,華景電台新63購01,0,,,,
713328,華景電台新63購02,0,,,,
713329,順達台新63購01,10990,1.57,1.57,1.57,1.57
713330,頎邦台新65購01,2611910,2.87,3.1,2.72,2.72
713331,精材台新63購01,0,,,,
713332,精材台新63購02,0,,,,
713333,雙鴻台新65購03,1721700,16.2,17.0,15.5,16.6
713334,譜瑞台新65購01,470930,2.04,2.07,1.94,1.94
713335,千附精元大63購02,0,,,,
713336,元太元大63購09,82560,0.48,0.48,0.48,0.48
713337,元太元大65購05,229330,0.71,0.71,0.71,0.71
713338,威剛元大63購06,7800,0.52,0.52,0.52,0.52
713339,高技元大63購05,225840,1.42,1.43,1.38,1.41
713340,鈊象元大63購11,0,,,,
713341,群聯元大63購19,2980,1.49,1.49,1.49,1.49
713342,精材元大65購01,588850,1.67,1.67,1.6,1.67
713343,環球晶元大63購01,575660,1.33,1.56,1.33,1.41
713344,環球晶元大63購02,330210,1.2,1.41,1.2,1.31
713345,環球晶元大63購03,2900,0.88,1.01,0.88,1.01
713346,環球晶元大65購04,92270,0.89,0.94,0.89,0.94
713347,環球晶元大68購10,12260,0.69,0.77,0.69,0.71
713348,雙鴻元大63購11,0,,,,
713349,雙鴻元大63購12,0,,,,
713350,雙鴻元大63購13,0,,,,
713351,雙鴻元大65購01,0,,,,
713352,譜瑞元大63購05,174440,1.38,1.39,1.36,1.36
713353,弘塑中信65購01,66540,0.59,0.59,0.54,0.54
713354,博智中信65購01,425590,0.6,0.64,0.6,0.64
713355,精材中信68購01,80410,1.31,1.31,1.26,1.27
713356,千附精永豐63購02,0,,,,
713357,台半永豐63購03,0,,,,
713358,弘塑永豐63購03,0,,,,
713359,弘塑永豐68購01,0,,,,
713360,利機永豐63購01,0,,,,
713361,均華永豐63購03,68250,0.75,0.75,0.75,0.75
713362,原相永豐63購01,0,,,,
713363,家登永豐63購04,0,,,,
713364,高技永豐65購01,147220,1.0,1.01,1.0,1.01
713365,崇越電永豐65購01,0,,,,
713366,博智永豐63購02,24890,1.31,1.31,1.31,1.31
713367,華宏永豐63購01,22260,1.06,1.06,1.06,1.06
713368,閎康永豐63購01,0,,,,
713369,新應材永豐66購01,0,,,,
713370,頎邦永豐63購03,27370,1.61,1.61,1.61,1.61
713371,頎邦永豐63購04,71400,1.19,1.19,1.19,1.19
713372,精材永豐63購03,0,,,,
713373,精材永豐63購04,68200,2.2,2.2,2.2,2.2
713374,精材永豐68購01,0,,,,
713375,精材永豐68購02,119700,4.14,4.14,3.95,3.95
713376,穩懋永豐63購04,93780,3.63,3.65,3.5,3.5
713377,中美晶群益63購05,606220,3.22,3.33,3.03,3.03
713378,世界群益63購02,72650,1.21,1.22,1.21,1.22
713379,台半群益63購02,0,,,,
713380,弘塑群益63購05,0,,,,
713381,均華群益66購01,35700,3.57,3.57,3.57,3.57
713382,威剛群益63購04,0,,,,
713383,威剛群益63購05,0,,,,
713384,博盛群益63購01,250280,1.22,1.31,1.22,1.31
713385,鈊象群益63購03,34190,2.01,2.02,2.01,2.02
713386,新應材群益63購01,0,,,,
713387,群聯群益63購05,112580,2.92,2.92,2.58,2.58
713388,群聯群益63購06,30900,1.2,1.2,1.03,1.03
713389,精材群益63購04,713830,3.96,4.24,3.91,4.02
713390,雙鴻群益63購06,0,,,,
713391,雙鴻群益66購01,0,,,,
713392,穩懋群益65購01,330440,1.7,1.7,1.51,1.58
713393,元太國票63購01,0,,,,
713394,世界國票65購01,0,,,,
713395,台半國票68購01,0,,,,
713396,沛亨國票63購01,0,,,,
713397,良維國票69購01,0,,,,
713398,宜特國票65購01,14400,0.72,0.72,0.72,0.72
713399,杰力國票65購02,110400,0.82,0.84,0.82,0.84
713400,長科*國票63購01,0,,,,
713401,茂達國票63購01,16490,0.83,0.83,0.82,0.82
713402,晶呈國票63購01,0,,,,
713403,順達國票65購03,0,,,,
713404,萬泰科國票63購01,0,,,,
713405,鉅橡國票65購01,0,,,,
713406,精材國票65購03,11670,1.92,1.95,1.92,1.95
713407,環球晶國票63購02,334140,1.45,1.73,1.45,1.59
713408,譜瑞國票63購01,44410,0.87,0.88,0.87,0.88
713409,頎邦國泰63購05,790800,2.07,2.18,1.94,1.95
713410,雙鴻國泰63購03,0,,,,
713411,雙鴻國泰63購04,102250,4.15,4.15,3.85,3.85
713412,均華統一67購01,152650,0.57,0.59,0.56,0.59
713413,東捷統一68購02,459420,1.21,1.21,1.15,1.15
713414,精材統一66購02,0,,,,
713415,精材統一67購03,318000,1.34,1.34,1.28,1.28
713416,精材統一6C購03,177560,1.19,1.19,1.15,1.16
713417,雙鴻統一65購03,105460,1.6,1.6,1.59,1.59
713418,穩懋統一65購03,278740,1.05,1.08,0.98,0.98
713419,弘塑富邦63購03,0,,,,
713420,群聯富邦65購01,14610,1.21,1.22,1.21,1.22
713421,群聯富邦65購02,85090,1.14,1.14,1.05,1.05
713422,精材富邦65購01,26000,1.74,1.74,1.72,1.72
713423,精材富邦68購01,135040,1.8,1.8,1.63,1.69
713424,廣閎科富邦63購02,299750,0.71,0.83,0.7,0.83
713425,茂綸國票68購01,8500,0.85,0.85,0.85,0.85
713426,鴻呈國票68購01,0,,,,
713427,元太凱基65購02,0,,,,
713428,均華凱基65購01,87700,1.34,1.51,1.34,1.48
713429,杰力凱基65購01,9500,0.95,0.95,0.95,0.95
713430,威剛凱基63購12,651400,1.87,1.9,1.87,1.88
713431,晶呈凱基63購01,456150,2.0,2.28,2.0,2.15
713432,群聯凱基68購02,6620,3.31,3.31,3.31,3.31
713433,雙鴻凱基63購12,0,,,,
713434,穩懋凱基63購09,781040,2.5,2.5,2.15,2.23
713435,譜瑞凱基63購02,651750,1.49,1.51,1.35,1.4
713436,譜瑞凱基63購03,188220,1.78,1.78,1.73,1.73
713437,譜瑞凱基63購04,121060,1.47,1.47,1.41,1.41
713438,譜瑞凱基65購01,568760,2.22,2.28,2.06,2.07
713439,譜瑞凱基65購02,1510740,2.15,2.17,1.96,1.99
713440,久元台新63購01,27700,1.26,1.26,1.25,1.25
713441,均華台新63購02,92820,1.02,1.02,1.02,1.02
713442,宜鼎台新63購02,1800,1.8,1.8,1.8,1.8
713443,威剛台新63購03,0,,,,
713444,威剛台新63購04,0,,,,
713445,茂綸台新63購01,97740,1.61,1.62,1.56,1.59
713446,倚強台新63購01,30960,1.72,1.72,1.72,1.72
713447,群聯台新63購02,232930,2.07,2.13,1.85,1.92
713448,群聯台新63購03,6180,2.06,2.06,2.06,2.06
713449,群聯台新63購04,130680,1.31,1.37,1.31,1.37
713450,群聯台新68購02,4880,2.44,2.44,2.44,2.44
713451,頎邦台新63購01,176600,2.34,2.45,2.15,2.15
713452,鴻呈台新63購01,0,,,,
713453,穩懋台新63購02,1086340,2.46,2.55,2.17,2.17
713454,穩懋台新65購03,134340,2.52,2.58,2.52,2.58
713455,高技中信65購01,0,,,,
713456,崇越電中信63購01,0,,,,
713457,群聯中信68購01,144490,0.48,0.49,0.48,0.49
713458,雙鴻中信68購01,643940,1.79,1.86,1.77,1.86
713459,穩懋中信68購03,0,,,,
713460,互動永豐63購01,0,,,,
713461,均華永豐63購04,0,,,,
713462,沛亨永豐63購01,300750,2.95,2.95,2.83,2.86
713463,良維永豐63購02,30400,1.28,1.28,1.24,1.24
713464,宜鼎永豐63購07,0,,,,
713465,順達永豐63購05,178400,0.85,0.85,0.81,0.81
713466,新復興永豐63購01,0,,,,
713467,新應材永豐66購02,15140,0.85,0.86,0.82,0.86
713468,環球晶永豐63購07,276060,1.22,1.52,1.22,1.29
713469,環球晶永豐63購08,152830,1.11,1.36,1.11,1.17
713470,鴻呈永豐65購01,12880,0.46,0.46,0.46,0.46
713471,台特化群益63購01,0,,,,
713472,弘塑群益63購06,0,,,,
713473,信立群益63購01,9600,0.48,0.48,0.48,0.48
713474,倚強群益65購01,256600,1.62,1.79,1.62,1.79
713475,高技群益63購01,34220,1.18,1.18,1.18,1.18
713476,博智群益63購03,46540,1.79,1.79,1.79,1.79
713477,順達群益63購04,1240,0.62,0.62,0.62,0.62
713478,頎邦群益63購02,113290,4.39,4.67,4.14,4.14
713479,精材群益63購05,535960,3.25,3.32,3.1,3.28
713480,精材群益65購01,1231060,2.35,2.39,2.24,2.28
713481,環球晶群益63購02,47700,1.4,1.46,1.08,1.37
713482,穩懋群益63購04,2042070,2.02,2.15,1.79,1.89
713483,譜瑞群益63購01,96520,1.46,1.47,1.46,1.47
713484,長科*國泰63購01,0,,,,
713485,高技國泰63購02,71710,1.01,1.01,1.01,1.01
713486,世界富邦63購01,619670,0.71,0.75,0.69,0.74
713487,均華富邦63購02,474710,0.7,0.7,0.66,0.7
713488,沛亨富邦63購01,73620,0.96,0.96,0.93,0.93
713489,博智富邦63購04,122560,0.54,0.55,0.54,0.55
713490,穩懋富邦63購03,236900,1.01,1.01,0.89,0.94
713491,台半統一68購02,0,,,,
713492,能率亞統一6B購01,0,,,,
713493,崇越電統一6B購01,0,,,,
713494,穩懋統一68購04,90490,0.87,0.87,0.78,0.78
713495,台半元大63購04,640,0.64,0.64,0.64,0.64
713496,台半元大63購05,602240,0.55,0.58,0.54,0.58
713497,台半元大63購06,0,,,,
713498,台半元大68購02,7600,0.76,0.76,0.76,0.76
713499,弘塑元大66購01,223420,1.14,1.17,1.09,1.09
713500,弘塑元大68購02,0,,,,
713501,弘塑元大68購03,29410,1.39,1.41,1.39,1.41
713502,均華元大63購01,477930,0.77,0.8,0.77,0.78
713503,宜鼎元大63購07,208320,0.42,0.42,0.42,0.42
713504,威剛元大63購07,164290,1.49,1.49,1.48,1.48
713505,威剛元大63購08,0,,,,
713506,能率元大63購03,0,,,,
713507,晶呈元大63購01,286870,1.38,1.5,1.38,1.47
713508,新應材元大65購01,44370,1.53,1.53,1.53,1.53
713509,新應材元大68購01,149520,0.92,0.93,0.92,0.93
713510,群聯元大63購20,503360,1.28,1.29,1.2,1.2
713511,精材元大65購02,35460,2.42,2.42,2.33,2.33
713512,蜜望實元大63購03,0,,,,
713513,環球晶元大63購04,386650,0.83,0.96,0.83,0.89
713514,環球晶元大63購05,77240,0.81,0.86,0.78,0.78
713515,環球晶元大65購05,0,,,,
713516,環球晶元大68購11,387200,0.72,0.81,0.72,0.76
713517,雙鴻元大63購14,0,,,,
713518,雙鴻元大63購15,0,,,,
713519,雙鴻元大63購16,0,,,,
713520,雙鴻元大63購17,0,,,,
713521,譜瑞元大63購06,29440,1.06,1.06,1.04,1.04
713522,譜瑞元大63購07,688650,0.9,0.91,0.83,0.83
713523,力致台新63購01,0,,,,
713524,兆利台新64購01,0,,,,
713525,兆利台新65購01,0,,,,
713526,精材台新63購03,324520,2.78,2.82,2.65,2.72
713527,廣閎科台新63購01,18130,1.22,1.22,1.18,1.18
713528,環球晶台新63購02,2590180,2.71,3.37,2.71,2.9
713529,環球晶台新63購03,139080,1.98,2.58,1.98,2.24
713530,雙鴻台新64購01,84380,4.75,4.79,4.61,4.79
713531,雙鴻台新64購02,44090,4.04,4.18,3.97,3.97
713532,台半凱基63購03,103630,0.85,0.89,0.85,0.89
713533,台特化凱基67購02,0,,,,
713534,弘塑凱基69購01,177700,2.56,2.56,2.51,2.51
713535,宜鼎凱基63購08,0,,,,
713536,茂綸凱基64購01,632790,1.59,1.59,1.49,1.55
713537,高技凱基63購03,103150,1.12,1.12,1.09,1.09
713538,博智凱基65購01,63440,2.44,2.44,2.44,2.44
713539,順達凱基64購03,35000,1.25,1.25,1.25,1.25
713540,新應材凱基66購01,38380,1.01,1.01,1.01,1.01
713541,頎邦凱基65購01,29100,2.91,2.91,2.91,2.91
713542,精材凱基63購07,1128270,2.63,2.7,2.47,2.53
713543,精材凱基66購01,244000,3.75,3.75,3.4,3.44
713544,蜜望實凱基63購02,0,,,,
713545,環球晶凱基69購01,638100,2.0,2.15,1.93,1.97
713546,雙鴻凱基63購13,462780,3.81,3.81,3.58,3.69
713547,台半群益66購01,0,,,,
713548,宏捷科群益63購01,8880,0.74,0.74,0.74,0.74
713549,沛亨群益63購01,53290,1.93,1.93,1.9,1.9
713550,朋程群益63購01,6720,1.12,1.12,1.12,1.12
713551,欣銓群益63購02,802280,1.84,1.84,1.59,1.59
713552,威剛群益63購06,0,,,,
713553,高技群益63購02,81780,1.41,1.41,1.41,1.41
713554,華景電群益63購01,0,,,,
713555,萬泰科群益63購01,0,,,,
713556,群聯群益63購07,6450,1.29,1.29,1.29,1.29
713557,聖暉*群益63購01,114780,1.47,1.53,1.45,1.53
713558,精材群益63購06,373370,3.9,3.93,3.63,3.79
713559,鴻呈群益66購01,0,,,,
713560,雙鴻群益63購07,118000,5.85,6.1,5.8,6.1
713561,青雲國票64購01,0,,,,
713562,青雲國票65購01,0,,,,
713563,倚強國票64購01,55210,1.94,1.94,1.89,1.89
713564,家登國票64購01,0,,,,
713565,達航國票64購01,0,,,,
713566,精材國票64購01,54500,1.36,1.37,1.36,1.36
713567,雙鴻國票64購01,45650,1.89,1.89,1.78,1.78
713568,頎邦中信69購01,750530,0.84,0.88,0.81,0.81
713569,精材中信69購01,1730,0.87,0.87,0.86,0.86
713570,雙鴻中信69購01,98220,1.14,1.19,1.1,1.1
713571,安葆永豐64購02,326420,1.47,1.7,1.47,1.7
713572,宜鼎永豐65購03,10880,0.64,0.64,0.64,0.64
713573,宜鼎永豐68購01,102520,1.08,1.12,1.08,1.12
713574,博盛永豐64購01,0,,,,
713575,華洋永豐65購01,14100,0.47,0.47,0.47,0.47
713576,廣閎科永豐64購01,262420,1.06,1.2,1.06,1.2
713577,雙鴻永豐64購07,0,,,,
713578,雙鴻永豐65購05,0,,,,
713579,雙鴻永豐68購01,0,,,,
713580,千附精元大63購03,2880,0.36,0.36,0.36,0.36
713581,中美晶元大63購08,0,,,,
713582,弘塑元大67購02,14850,1.35,1.35,1.35,1.35
713583,弘塑元大68購04,66780,1.12,1.12,1.05,1.05
713584,宜鼎元大63購08,216000,0.54,0.54,0.54,0.54
713585,宜鼎元大63購09,5700,0.57,0.57,0.57,0.57
713586,威剛元大63購09,31180,1.56,1.56,1.54,1.54
713587,威剛元大63購10,30100,0.51,0.51,0.5,0.5
713588,高技元大63購06,4680,0.37,0.37,0.35,0.35
713589,新應材元大66購01,150090,0.99,1.0,0.99,1.0
713590,精材元大63購06,849770,2.3,2.34,2.2,2.34
713591,精材元大63購07,326160,1.91,1.94,1.82,1.92
713592,精材元大63購08,65510,1.68,1.68,1.67,1.67
713593,精材元大63購09,185650,1.04,1.07,1.02,1.06
713594,蜜望實元大63購04,22320,0.31,0.31,0.31,0.31
713595,營邦元大68購01,438960,1.1,1.19,1.1,1.17
713596,環球晶元大63購06,231710,0.65,0.77,0.65,0.69
713597,環球晶元大64購02,70390,0.7,0.81,0.69,0.81
713598,環球晶元大66購05,119120,0.65,0.65,0.59,0.59
713599,鴻呈元大63購01,0,,,,
713600,鴻呈元大63購02,0,,,,
713601,雙鴻元大63購18,0,,,,
713602,雙鴻元大64購06,0,,,,
713603,雙鴻元大65購02,0,,,,
713604,鴻呈國泰64購01,0,,,,
713605,中美晶富邦63購03,21280,0.56,0.56,0.56,0.56
713606,元太富邦65購01,312510,0.58,0.59,0.56,0.56
713607,威剛富邦66購01,0,,,,
713608,高技富邦66購01,0,,,,
713609,晶呈富邦65購01,1004990,0.64,0.77,0.64,0.72
713610,閎康富邦65購01,165250,0.61,0.61,0.6,0.6
713611,順達富邦64購02,196790,0.52,0.52,0.49,0.49
713612,頎邦富邦66購01,394630,0.8,0.83,0.76,0.76
713613,精材富邦65購02,103410,1.11,1.12,1.06,1.09
713614,精材富邦79購01,262780,1.18,1.23,1.18,1.23
713615,營邦富邦66購01,1798900,1.06,1.12,1.01,1.09
713616,雙鴻富邦65購02,0,,,,
713617,雙鴻富邦66購01,15750,2.25,2.25,2.25,2.25
713618,雙鴻富邦66購02,263430,1.84,1.93,1.83,1.93
713619,雙鴻統一69購01,3900,1.3,1.3,1.3,1.3
713620,雙鴻統一6C購02,483580,0.82,0.82,0.78,0.79
713621,千附群益63購01,0,,,,
713622,均華群益65購01,608790,0.81,0.84,0.74,0.84
713623,亞通群益63購01,0,,,,
713624,宜鼎群益65購01,6000,0.6,0.6,0.6,0.6
713625,威剛群益63購07,10450,0.71,0.71,0.68,0.68
713626,順達群益63購05,12200,1.22,1.22,1.22,1.22
713627,新應材群益64購02,0,,,,
713628,群聯群益63購08,60930,1.25,1.25,1.08,1.08
713629,頎邦群益63購03,455600,4.43,4.43,4.08,4.08
713630,精材群益63購07,1199720,3.76,3.88,3.49,3.88
713631,精材群益63購08,2605100,2.58,2.65,2.39,2.47
713632,擎亞群益63購01,0,,,,
713633,環球晶群益63購03,1717780,1.19,1.52,1.19,1.31
713634,雙鴻群益63購08,653410,3.65,3.65,3.39,3.55
713635,元太國票64購02,0,,,,
713636,世界國票64購01,3150,1.05,1.05,1.05,1.05
713637,弘塑國票64購01,0,,,,
713638,均華國票67購01,0,,,,
713639,良維國票64購01,0,,,,
713640,宜鼎國票64購01,0,,,,
713641,欣銓國票64購01,10600,1.06,1.06,1.06,1.06
713642,威剛國票64購03,0,,,,
713643,高技國票64購01,0,,,,
713644,創泓國票64購01,14400,1.44,1.44,1.44,1.44
713645,智通*國票65購01,0,,,,
713646,萊德光國票64購01,6624190,1.43,1.63,1.43,1.53
713647,雅特力國票64購01,870,0.87,0.87,0.87,0.87
713648,順達國票64購01,11480,0.82,0.82,0.82,0.82
713649,群聯國票64購02,31800,1.06,1.06,1.06,1.06
713650,頎邦國票64購05,0,,,,
713651,精材國票64購02,1030,1.03,1.03,1.03,1.03
713652,蜜望實國票64購01,5720,1.43,1.43,1.43,1.43
713653,擎亞國票64購01,1060,0.53,0.53,0.53,0.53
713654,擎亞國票65購01,0,,,,
713655,擎亞國票66購01,0,,,,
713656,環球晶國票64購02,576600,2.07,2.46,2.07,2.4
713657,環球晶國票65購01,585750,2.1,2.51,2.1,2.25
713658,環球晶國票66購01,281860,2.15,2.47,2.15,2.27
713659,鴻呈國票64購01,0,,,,
713660,雙鴻國票64購02,0,,,,
713661,安葆台新63購01,131740,1.71,1.92,1.71,1.92
713662,能率台新66購01,0,,,,
713663,萊德光台新63購01,347580,1.8,1.98,1.8,1.81
713664,雅特力台新63購01,115110,0.96,0.98,0.95,0.98
713665,精材台新63購04,460300,2.2,2.23,2.14,2.14
713666,擎亞台新63購01,0,,,,
713667,擎亞台新66購01,0,,,,
713668,雙鴻台新66購01,31050,2.07,2.07,2.07,2.07
713669,千附精元大66購01,0,,,,
713670,元太元大66購06,133890,1.25,1.25,1.23,1.23
713671,元太元大67購04,92660,1.13,1.13,1.13,1.13
713672,均華元大63購02,384080,0.65,0.66,0.65,0.66
713673,均華元大63購03,99660,0.63,0.69,0.63,0.69
713674,均華元大64購05,87330,0.71,0.71,0.71,0.71
713675,宜鼎元大63購10,481380,0.71,0.74,0.65,0.65
713676,宜鼎元大63購11,52050,0.6,0.65,0.6,0.65
713677,青雲元大63購03,13300,0.67,0.67,0.66,0.66
713678,威剛元大63購11,0,,,,
713679,高技元大63購07,299930,0.75,0.77,0.73,0.73
713680,智通*元大67購01,80780,0.99,0.99,0.98,0.98
713681,雅特力元大63購01,67310,1.05,1.06,1.02,1.02
713682,群聯元大63購21,380990,1.16,1.19,1.06,1.06
713683,精材元大63購10,234980,2.16,2.16,1.93,2.05
713684,精材元大63購11,545650,1.73,1.74,1.64,1.71
713685,精材元大63購12,335620,1.28,1.32,1.25,1.32
713686,精材元大64購02,58020,1.54,1.55,1.48,1.48
713687,精材元大65購03,706540,1.09,1.09,0.9,0.92
713688,蜜望實元大63購05,30960,0.43,0.43,0.43,0.43
713689,擎亞元大63購01,12800,0.4,0.4,0.4,0.4
713690,環球晶元大63購07,445140,1.97,2.26,1.95,2.11
713691,環球晶元大63購08,347030,1.13,1.32,1.13,1.21
713692,環球晶元大67購04,388550,1.04,1.18,1.03,1.09
713693,雙鴻元大63購19,0,,,,
713694,雙鴻元大63購20,0,,,,
713695,千附精凱基63購01,0,,,,
713696,中美晶凱基68購02,388450,2.72,2.72,2.45,2.45
713697,欣銓凱基68購01,62910,3.0,3.0,2.76,2.76
713698,青雲凱基64購01,88250,1.6,1.6,1.51,1.51
713699,家登凱基64購01,0,,,,
713700,雅特力凱基63購01,113020,1.01,1.01,1.0,1.0
713701,雅特力凱基63購02,4600,1.15,1.15,1.15,1.15
713702,雅特力凱基63購03,214850,1.1,1.1,1.06,1.06
713703,萬泰科凱基63購01,0,,,,
713704,群聯凱基64購09,281450,1.93,1.93,1.8,1.81
713705,群聯凱基69購01,309480,3.04,3.07,2.97,2.97
713706,聖暉*凱基63購02,23960,1.72,1.72,1.69,1.69
713707,達航凱基66購01,0,,,,
713708,精材凱基63購08,376180,2.02,2.11,1.93,1.99
713709,擎亞凱基63購01,0,,,,
713710,擎亞凱基63購02,14800,0.37,0.37,0.37,0.37
713711,擎亞凱基66購01,0,,,,
713712,營邦凱基68購01,857900,3.56,3.8,3.51,3.78
713713,鴻呈凱基63購01,0,,,,
713714,雙鴻凱基63購14,483560,2.77,2.88,2.72,2.72
713715,環球晶中信69購01,1851980,1.32,1.55,1.29,1.38
713716,千附永豐63購01,0,,,,
713717,宜鼎永豐67購02,118980,1.17,1.17,1.15,1.15
713718,宜鼎永豐69購01,110840,1.05,1.07,1.04,1.04
713719,青雲永豐64購01,0,,,,
713720,博士旺永豐63購01,0,,,,
713721,雅特力永豐64購01,222080,1.06,1.06,1.04,1.04
713722,雅特力永豐66購01,202300,1.4,1.41,1.4,1.41
713723,精材永豐64購03,15400,1.62,1.62,1.5,1.58
713724,精材永豐64購04,102720,2.15,2.15,2.12,2.12
713725,精材永豐64購05,0,,,,
713726,精材永豐66購01,4930,2.47,2.47,2.46,2.46
713727,蜜望實永豐65購01,0,,,,
713728,擎亞永豐64購02,0,,,,
713729,擎亞永豐65購01,0,,,,
713730,擎亞永豐66購01,0,,,,
713731,環球晶永豐63購09,2825880,2.22,2.22,1.92,1.92
713732,環球晶永豐69購01,63500,2.09,2.17,2.09,2.17
713733,雙鴻永豐66購03,146680,1.93,1.93,1.93,1.93
713734,精材國泰64購01,582350,2.25,2.35,2.16,2.28
713735,蜜望實國泰64購01,171820,1.06,1.11,1.06,1.08
713736,良維富邦64購02,76430,0.89,0.89,0.84,0.84
713737,宜鼎富邦63購03,67320,0.32,0.33,0.3,0.3
713738,精材富邦63購01,650160,1.09,1.17,1.0,1.02
713739,擎亞富邦64購01,0,,,,
713740,環球晶富邦63購01,263650,0.67,0.79,0.66,0.71
713741,千附統一67購03,0,,,,
713742,精材統一67購04,64720,0.73,0.75,0.7,0.73
713743,精材統一69購01,0,,,,
713744,擎亞統一69購01,0,,,,
713745,環球晶統一6A購03,0,,,,
713746,雙鴻統一71購01,192240,1.08,1.08,1.08,1.08
713747,千附精台新63購01,0,,,,
713748,台半台新63購01,34930,2.18,2.19,2.18,2.18
713749,台半台新63購02,338190,1.45,1.5,1.45,1.47
713750,弘塑台新63購02,0,,,,
713751,弘塑台新64購01,0,,,,
713752,弘塑台新65購01,0,,,,
713753,正淩台新66購01,782480,2.44,2.57,2.42,2.57
713754,亞信台新63購01,24180,1.06,1.22,1.06,1.22
713755,東捷台新63購01,143020,2.24,2.32,2.18,2.18
713756,新應材台新63購01,0,,,,
713757,新應材台新63購02,0,,,,
713758,漢達台新63購01,98860,1.56,1.7,1.54,1.7
713759,漢達台新63購02,129240,1.78,1.83,1.76,1.83
713760,雙鴻台新63購04,297900,2.46,2.46,2.24,2.24
713761,元太凱基67購01,36820,1.54,1.54,1.48,1.48
713762,弘塑凱基68購02,362000,1.81,1.81,1.81,1.81
713763,良維凱基69購01,98700,2.36,2.36,2.23,2.28
713764,宜鼎凱基63購09,856840,1.38,1.38,1.18,1.18
713765,威剛凱基63購13,135200,1.97,1.97,1.91,1.94
713766,家登凱基63購03,6350,1.27,1.27,1.27,1.27
713767,高技凱基63購04,79200,0.99,0.99,0.99,0.99
713768,智通*凱基63購03,0,,,,
713769,順達凱基63購10,0,,,,
713770,新應材凱基66購02,76130,1.53,1.57,1.53,1.57
713771,頎邦凱基63購07,190900,2.96,2.96,2.7,2.72
713772,雙鴻凱基63購15,428560,2.9,2.92,2.62,2.67
713773,雙鴻凱基63購16,0,,,,
713774,雙鴻凱基63購18,397360,2.46,2.56,2.41,2.41
713775,雙鴻凱基63購19,236560,2.32,2.39,2.28,2.28
713776,雙鴻凱基64購04,108840,2.58,2.58,2.52,2.52
713777,雙鴻凱基65購01,168510,2.9,2.93,2.65,2.65
713778,雙鴻凱基65購02,265900,2.9,2.92,2.82,2.82
713779,雙鴻凱基65購03,225960,3.21,3.23,3.14,3.15
713780,雙鴻凱基65購04,59580,2.84,2.84,2.78,2.78
713781,中美晶群益68購01,34280,0.65,0.67,0.62,0.62
713782,宏捷科群益63購02,0,,,,
713783,亞信群益63購01,282200,0.69,0.76,0.69,0.76
713784,倚強群益63購01,2822130,1.4,1.4,1.25,1.37
713785,家登群益63購05,0,,,,
713786,晶宏群益64購01,0,,,,
713787,群聯群益63購09,125690,2.23,2.27,2.2,2.27
713788,廣閎科群益63購02,736150,1.09,1.35,1.07,1.35
713789,雙鴻群益63購10,0,,,,
713790,雙鴻群益69購01,82650,1.58,1.58,1.51,1.53
713791,中美晶元大63購09,41020,0.67,0.67,0.66,0.66
713792,宜鼎元大63購12,423680,0.66,0.66,0.56,0.56
713793,青雲元大63購04,0,,,,
713794,威剛元大63購12,79780,1.74,1.74,1.73,1.73
713795,威剛元大67購01,0,,,,
713796,高技元大63購08,31080,0.74,0.74,0.74,0.74
713797,群聯元大63購23,213980,1.28,1.29,1.22,1.22
713798,營邦元大63購04,568230,1.95,2.19,1.95,2.15
713799,雙鴻元大63購21,0,,,,
713800,雙鴻元大63購26,0,,,,
713801,雙鴻元大63購28,169810,1.14,1.16,1.07,1.07
713802,雙鴻元大63購29,0,,,,
713803,雙鴻元大64購07,0,,,,
713804,雙鴻元大64購08,0,,,,
713805,雙鴻元大64購09,96070,1.04,1.04,0.95,0.97
713806,雙鴻元大65購03,11100,1.11,1.11,1.11,1.11
713807,雙鴻元大65購04,44070,1.07,1.07,0.99,0.99
713808,久元國票65購01,0,,,,
713809,大綜國票66購01,0,,,,
713810,天良國票64購01,262330,0.42,0.42,0.38,0.38
713811,晶宏國票68購01,0,,,,
713812,瑞耘國票68購01,0,,,,
713813,萬泰科國票65購01,0,,,,
713814,聖暉*國票65購03,0,,,,
713815,廣閎科國票65購01,5240,0.92,1.15,0.92,1.15
713816,磐亞國票65購01,0,,,,
713817,雙鴻國票69購02,0,,,,
713818,晶宏統一71購01,12460,0.52,0.52,0.51,0.51
713819,新應材統一69購01,0,,,,
713820,新應材統一6C購01,0,,,,
713821,擎亞統一69購02,0,,,,
713822,雙鴻統一6B購02,0,,,,
713823,雙鴻統一71購02,954940,1.03,1.06,1.01,1.04
713824,千附精永豐64購02,0,,,,
713825,廣閎科永豐63購03,41730,1.07,1.07,1.07,1.07
713826,廣閎科永豐64購02,171540,1.15,1.16,1.12,1.12
713827,能率富邦65購01,0,,,,
713828,雙鴻富邦65購03,358700,1.22,1.26,1.14,1.21
713829,雙鴻富邦66購03,470820,1.09,1.14,1.05,1.09
713830,雙鴻富邦66購04,540730,0.95,1.01,0.92,0.93
713831,朋億*國泰64購01,18960,1.17,1.2,1.17,1.2
713832,穩得國泰64購01,0,,,,
713833,良維中信69購01,0,,,,
713834,力致台新63購02,0,,,,
713835,力致台新63購03,4860,0.97,0.98,0.97,0.98
713836,千附台新63購01,0,,,,
713837,天正台新63購01,0,,,,
713838,宜鼎台新65購02,0,,,,
713839,華洋台新63購01,670,0.67,0.67,0.67,0.67
713840,閎康台新63購01,0,,,,
713841,閎康台新63購02,0,,,,
713842,閎康台新63購03,0,,,,
713843,騰雲台新63購01,186690,0.87,1.24,0.87,1.24
713844,驊訊台新64購01,7900,0.79,0.79,0.79,0.79
713845,驊訊台新64購02,11590,0.61,0.61,0.61,0.61
713846,九暘國票65購02,13870,0.78,0.78,0.74,0.74
713847,力致國票66購01,7000,0.7,0.7,0.7,0.7
713848,利機國票64購01,9400,0.94,0.94,0.94,0.94
713849,均豪國票64購01,3950,0.79,0.79,0.79,0.79
713850,均豪國票65購01,0,,,,
713851,亞通國票64購01,45000,1.5,1.5,1.5,1.5
713852,亞通國票65購01,39590,1.52,1.54,1.52,1.53
713853,崴寶國票67購01,0,,,,
713854,晶宏國票6B購01,0,,,,
713855,智通*國票64購01,0,,,,
713856,華宏國票67購01,3040,0.76,0.76,0.76,0.76
713857,閎康國票65購01,0,,,,
713858,新應材國票65購01,0,,,,
713859,榮剛國票67購01,0,,,,
713860,營邦國票64購02,0,,,,
713861,營邦國票64購03,0,,,,
713862,營邦國票66購01,0,,,,
713863,大綜凱基63購01,1113570,1.26,1.26,1.25,1.25
713864,宏捷科凱基63購02,0,,,,
713865,宏捷科凱基64購01,413920,0.82,0.82,0.79,0.79
713866,沛亨凱基63購02,75800,1.61,1.61,1.51,1.51
713867,亞信凱基63購01,68500,0.68,0.74,0.64,0.7
713868,青雲凱基63購02,105170,1.9,1.9,1.77,1.77
713869,晶宏凱基64購01,0,,,,
713870,鈊象凱基67購01,89750,1.75,1.77,1.75,1.77
713871,群聯凱基63購18,97050,1.81,1.81,1.65,1.65
713872,群聯凱基63購19,48900,1.75,1.75,1.5,1.5
713873,聖暉*凱基65購01,121830,1.34,1.36,1.33,1.36
713874,漢達凱基65購01,0,,,,
713875,廣閎科凱基63購03,81890,1.27,1.46,1.27,1.46
713876,營邦凱基63購05,159760,1.79,1.86,1.79,1.86
713877,威剛群益63購08,0,,,,
713878,晶宏群益64購02,0,,,,
713879,新應材群益63購02,0,,,,
713880,元太永豐64購01,77430,1.66,1.66,1.56,1.56
713881,天正永豐66購01,0,,,,
713882,巨漢永豐64購01,47680,1.49,1.49,1.49,1.49
713883,博盛永豐63購03,69250,1.4,1.45,1.4,1.45
713884,晶宏永豐63購01,0,,,,
713885,千附精富邦63購01,7200,0.25,0.25,0.23,0.24
713886,弘塑國泰64購01,0,,,,
713887,威剛統一69購02,0,,,,
713888,晶宏統一69購01,0,,,,
713889,擎亞統一71購01,10500,0.42,0.42,0.42,0.42
713890,千附精元大69購01,0,,,,
713891,宏捷科元大63購01,0,,,,
713892,宏捷科元大67購02,11200,0.8,0.8,0.8,0.8
713893,良維元大63購03,90750,1.65,1.65,1.65,1.65
713894,良維元大67購01,0,,,,
713895,宜鼎元大63購13,410340,0.62,0.62,0.58,0.58
713896,威剛元大67購02,0,,,,
713897,建榮元大63購01,843790,1.06,1.06,1.02,1.02
713898,晶宏元大63購01,0,,,,
713899,雅特力元大63購02,41290,1.06,1.06,1.05,1.06
713900,順達元大63購08,26100,1.07,1.09,1.07,1.08
713901,群翊元大63購01,73340,1.46,1.46,1.43,1.43
713902,群聯元大63購24,199420,1.4,1.4,1.24,1.29
713903,擎亞元大63購02,0,,,,
713904,擎亞元大63購03,4500,0.45,0.45,0.45,0.45
713905,天正台新63購02,0,,,,
713906,印能台新63購01,0,,,,
713907,印能台新63購02,0,,,,
713908,沛亨台新63購01,241500,1.61,1.61,1.61,1.61
713909,晶宏台新63購01,6000,0.6,0.6,0.6,0.6
713910,晶宏台新63購02,0,,,,
713911,鈊象台新63購01,23120,1.63,1.66,1.63,1.66
713912,群聯台新63購05,70740,2.09,2.09,1.93,1.93
713913,群聯台新63購06,122090,1.58,1.59,1.58,1.59
713914,力致凱基63購01,0,,,,
713915,印能凱基63購01,147600,1.37,1.37,1.34,1.36
713916,印能凱基63購02,872270,1.33,1.33,1.27,1.32
713917,印能凱基64購02,378510,1.33,1.33,1.26,1.31
713918,印能凱基65購01,539000,1.46,1.47,1.4,1.47
713919,印能凱基65購02,504290,1.62,1.62,1.55,1.6
713920,均豪凱基65購02,0,,,,
713921,良維凱基63購03,7950,2.65,2.65,2.65,2.65
713922,亞通凱基63購01,40800,2.04,2.04,2.04,2.04
713923,宜鼎凱基63購10,13600,1.36,1.36,1.36,1.36
713924,威剛凱基67購01,24960,2.08,2.08,2.08,2.08
713925,建榮凱基63購02,48400,1.05,1.05,1.0,1.0
713926,晶宏凱基64購02,0,,,,
713927,智通*凱基64購01,0,,,,
713928,閎康凱基63購02,0,,,,
713929,新應材凱基68購01,5410,1.36,1.36,1.33,1.33
713930,印能國票64購01,0,,,,
713931,印能國票65購01,0,,,,
713932,沛亨國票66購02,0,,,,
713933,泓格國票64購01,0,,,,
713934,晶宏國票66購01,0,,,,
713935,群聯國票66購03,81370,1.55,1.55,1.46,1.46
713936,印能群益63購01,32350,0.92,0.95,0.92,0.95
713937,印能群益65購01,975190,0.98,0.98,0.95,0.97
713938,沛亨群益64購01,6440,1.61,1.61,1.61,1.61
713939,鈊象群益63購04,9450,1.89,1.89,1.89,1.89
713940,群聯群益63購10,10450,2.09,2.09,2.09,2.09
713941,營邦群益63購02,68460,1.58,1.61,1.58,1.61
713942,營邦群益65購01,951160,1.71,1.8,1.71,1.77
713943,印能中信67購01,7100,0.71,0.71,0.71,0.71
713944,印能統一67購01,9600,0.64,0.64,0.64,0.64
713945,沛亨統一6A購01,0,,,,
713946,晶宏統一67購01,9000,0.45,0.45,0.45,0.45
713947,印能國泰64購01,93780,1.02,1.02,0.99,0.99
713948,印能國泰65購01,0,,,,
713949,宜特國泰64購01,32340,1.54,1.54,1.54,1.54
713950,晶宏國泰64購01,17380,0.96,0.98,0.96,0.98
713951,營邦國泰64購01,58420,2.54,2.54,2.54,2.54
713952,均豪富邦63購01,38220,0.49,0.49,0.49,0.49
713953,營邦富邦66購02,205190,0.75,0.8,0.74,0.78
713954,九暘永豐64購01,171500,1.06,1.26,1.06,1.19
713955,川寶永豐63購01,2057190,1.51,1.73,1.51,1.57
713956,印能永豐63購01,191230,0.85,0.86,0.85,0.86
713957,印能永豐64購02,152400,0.71,0.71,0.7,0.7
713958,印能永豐65購01,0,,,,
713959,晶宏永豐64購01,0,,,,
713960,群翊永豐63購01,10320,1.29,1.29,1.29,1.29
713961,頎邦永豐64購03,147480,1.66,1.66,1.49,1.49
713962,頎邦永豐66購01,20700,2.07,2.07,2.07,2.07
713963,中美晶元大63購10,199750,1.25,1.29,1.23,1.23
713964,印能元大67購01,352180,0.76,0.76,0.74,0.74
713965,印能元大68購01,14800,0.74,0.74,0.74,0.74
713966,沛亨元大63購01,0,,,,
713967,沛亨元大63購02,9520,1.19,1.19,1.19,1.19
713968,沛亨元大69購01,6040,0.88,0.88,0.84,0.84
713969,良維元大63購04,92380,1.49,1.49,1.49,1.49
713970,良維元大67購02,182500,1.25,1.25,1.25,1.25
713971,宜鼎元大63購14,230970,0.88,0.92,0.8,0.81
713972,威剛元大63購13,0,,,,
713973,晶宏元大63購02,2940,0.49,0.49,0.49,0.49
713974,湧德元大63購01,96900,0.57,0.57,0.57,0.57
713975,順達元大63購09,129960,1.18,1.18,1.16,1.16
713976,順達元大63購10,14250,0.57,0.57,0.57,0.57
713977,新應材元大63購05,0,,,,
713978,新應材元大63購06,104760,0.83,0.84,0.83,0.84
713979,群聯元大63購25,220140,1.33,1.33,1.25,1.27
713980,聖暉*元大63購01,518090,0.58,0.62,0.58,0.62
713981,漢達元大63購01,260260,2.87,3.2,2.87,3.2
713982,廣閎科元大63購01,215960,1.28,1.44,1.25,1.44
713983,廣閎科元大69購01,337020,0.57,0.58,0.57,0.58
713984,擎亞元大63購04,0,,,,
713985,擎亞元大63購05,0,,,,
713986,擎亞元大68購01,0,,,,
713987,譜瑞元大63購08,411850,1.77,1.77,1.65,1.65
713988,東捷台新63購02,0,,,,
713989,東捷台新63購03,1023110,2.27,2.32,2.15,2.15
713990,新應材台新64購03,14760,1.23,1.23,1.23,1.23
713991,群聯台新63購07,4560,2.28,2.28,2.28,2.28
713992,群聯台新63購08,267140,2.03,2.1,1.83,1.83
713993,德微台新63購01,119910,2.51,2.87,2.51,2.85
713994,德微台新64購01,2729540,2.41,2.53,2.39,2.48
713995,德微台新65購01,143650,1.82,2.22,1.82,2.22
713996,立敦群益63購01,0,,,,
713997,良維群益63購02,6450,1.29,1.29,1.29,1.29
713998,良維群益65購01,7300,1.46,1.46,1.46,1.46
713999,東捷群益65購01,1780,1.78,1.78,1.78,1.78
714000,新應材群益63購03,44690,1.09,1.09,1.09,1.09
714001,群聯群益63購11,76800,1.92,1.92,1.92,1.92
714002,漢達群益64購01,0,,,,
714003,漢達群益65購01,387100,2.16,2.22,2.13,2.22
714004,沛亨凱基63購03,22300,2.23,2.23,2.23,2.23
714005,良維凱基63購04,48800,1.22,1.22,1.22,1.22
714006,信紘科凱基63購01,64660,1.06,1.09,0.98,1.01
714007,萊德光凱基63購01,136910,1.4,1.5,1.38,1.42
714008,順達凱基65購01,0,,,,
714009,鈊象凱基63購05,0,,,,
714010,群聯凱基64購10,98200,3.1,3.1,2.83,2.83
714011,聖暉*凱基63購03,1875340,1.82,1.9,1.79,1.85
714012,鈺太凱基63購01,1849060,0.86,0.89,0.86,0.89
714013,漢達凱基63購02,565360,1.63,1.85,1.61,1.81
714014,德微凱基63購01,427490,2.31,2.64,2.26,2.64
714015,德微凱基63購02,122970,2.55,2.98,2.55,2.98
714016,德微凱基65購01,178500,3.16,3.64,3.16,3.64
714017,營邦凱基63購06,255970,2.23,2.33,2.1,2.32
714018,台半元大63購07,81710,1.37,1.39,1.34,1.39
714019,台半元大63購08,89700,0.98,1.02,0.98,1.01
714020,台半元大63購09,28070,0.81,0.84,0.81,0.84
714021,沛亨元大63購03,448010,1.33,1.34,1.29,1.32
714022,宜鼎元大69購01,314190,0.98,1.01,0.91,0.93
714023,威剛元大63購14,56340,1.66,1.66,1.65,1.66
714024,晶宏元大63購03,6760,0.52,0.52,0.52,0.52
714025,群聯元大63購26,157580,1.74,1.74,1.55,1.57
714026,廣閎科元大63購02,18530,0.58,0.73,0.58,0.73
714027,廣閎科元大69購02,130000,0.65,0.65,0.65,0.65
714028,德微元大63購01,508000,1.57,1.84,1.57,1.84
714029,德微元大69購01,626230,1.53,1.8,1.53,1.8
714030,晶宏中信63購01,0,,,,
714031,台半國票65購01,0,,,,
714032,正淩國票67購01,0,,,,
714033,宸曜國票64購01,0,,,,
714034,宸曜國票65購01,0,,,,
714035,高鋒國票65購01,0,,,,
714036,新門國票69購01,0,,,,
714037,群翊國票65購02,0,,,,
714038,漢達國票69購01,25740,1.17,1.17,1.17,1.17
714039,德微國票65購02,0,,,,
714040,譜瑞國票66購02,0,,,,
714041,寶雅*國票66購02,30340,0.82,0.82,0.82,0.82
714042,沛亨永豐63購02,0,,,,
714043,良維永豐64購01,0,,,,
714044,東捷永豐63購04,51360,2.38,2.38,2.28,2.28
714045,東捷永豐64購03,28350,1.89,1.89,1.89,1.89
714046,泓格永豐63購01,0,,,,
714047,泓格永豐64購02,0,,,,
714048,德微永豐64購01,344060,1.36,1.47,1.36,1.47
714049,德微永豐65購01,444960,1.6,1.79,1.6,1.76
714050,寶雅*永豐64購01,69620,1.18,1.18,1.18,1.18
714051,印能統一66購01,0,,,,
714052,東捷國泰64購01,166590,1.45,1.45,1.4,1.4
714053,元太富邦65購02,385890,0.65,0.67,0.63,0.63
714054,宜鼎富邦64購01,290640,0.73,0.77,0.73,0.73
714055,高技富邦65購01,134280,0.73,0.73,0.7,0.7
714056,晶呈富邦65購02,1377300,0.92,1.07,0.92,1.03
714057,新應材富邦63購04,33600,0.42,0.42,0.42,0.42
714058,群聯富邦65購03,30380,1.12,1.14,1.12,1.14
714059,群聯富邦65購04,83900,1.3,1.3,1.15,1.17
714060,群聯富邦65購05,7000,1.4,1.4,1.4,1.4
714061,聖暉*富邦63購01,232910,0.72,0.74,0.71,0.73
714062,譜瑞富邦65購01,276440,0.86,0.86,0.82,0.82
714063,M31台新63購01,579380,3.62,3.64,3.53,3.53
714064,M31台新66購01,0,,,,
714065,光頡台新63購01,773100,3.54,4.29,3.39,4.29
714066,光頡台新66購01,573940,3.02,3.67,3.02,3.67
714067,竹陞台新63購01,0,,,,
714068,均華台新63購03,119660,0.62,0.62,0.62,0.62
714069,均華台新64購01,0,,,,
714070,昇達科台新63購01,1189830,1.39,1.51,1.39,1.51
714071,昇達科台新66購01,366400,1.51,1.74,1.51,1.72
714072,信驊台新63購01,24010,4.06,4.06,3.71,3.71
714073,信驊台新63購02,22100,2.76,2.77,2.76,2.77
714074,信驊台新63購03,202130,1.99,2.01,1.78,1.78
714075,信驊台新66購01,66250,5.25,5.25,4.9,4.91
714076,信驊台新66購02,3910,3.91,3.91,3.91,3.91
714077,漢達台新63購03,258990,1.01,1.13,1.0,1.07
714078,漢達台新63購04,688600,0.85,0.96,0.83,0.92
714079,耀穎台新63購01,29100,1.5,1.5,1.34,1.34
714080,M31凱基63購02,12090,3.09,3.12,2.94,2.94
714081,M31凱基63購03,118060,2.9,3.01,2.67,2.67
714082,M31凱基63購04,372360,2.8,2.8,2.6,2.6
714083,光頡凱基63購01,586420,1.77,2.43,1.75,2.3
714084,光頡凱基63購02,94100,2.11,2.49,2.08,2.49
714085,光頡凱基63購03,0,,,,
714086,竹陞凱基63購01,0,,,,
714087,竹陞凱基63購02,99360,0.87,0.88,0.87,0.88
714088,竹陞凱基63購03,0,,,,
714089,均華凱基63購02,28500,0.57,0.57,0.57,0.57
714090,均華凱基64購03,130200,0.7,0.7,0.7,0.7
714091,宜鼎凱基63購11,360000,1.2,1.2,1.2,1.2
714092,昇達科凱基63購01,877220,1.41,1.47,1.37,1.45
714093,昇達科凱基63購02,369140,1.41,1.55,1.41,1.53
714094,昇達科凱基63購03,999600,1.63,1.7,1.62,1.69
714095,昇達科凱基63購04,1470290,1.7,1.81,1.7,1.81
714096,信驊凱基63購01,95210,2.18,2.19,1.95,1.95
714097,信驊凱基63購02,7460,2.54,2.54,2.38,2.38
714098,信驊凱基63購03,144590,2.98,2.98,2.89,2.89
714099,信驊凱基63購04,6480,3.3,3.3,3.18,3.18
714100,信驊凱基63購05,96310,4.01,4.01,3.76,3.76
714101,威剛凱基63購14,11120,1.39,1.39,1.39,1.39
714102,新應材凱基63購09,80270,0.84,0.85,0.84,0.85
714103,群聯凱基67購01,260650,3.2,3.2,2.98,2.98
714104,雷科凱基63購01,125400,1.14,1.14,1.14,1.14
714105,雷科凱基63購02,43230,1.31,1.31,1.31,1.31
714106,雷科凱基63購03,31740,1.38,1.38,1.38,1.38
714107,頎邦凱基64購04,14210,2.03,2.03,2.03,2.03
714108,穩懋凱基66購01,501520,2.68,2.68,2.32,2.32
714109,光頡統一65購03,387950,1.03,1.16,1.03,1.16
714110,光頡統一68購01,2701300,0.98,1.16,0.95,1.16
714111,光頡統一6C購01,1539740,0.77,0.9,0.77,0.88
714112,光頡統一79購01,1280470,0.87,0.96,0.87,0.96
714113,均華統一67購02,19240,0.37,0.37,0.37,0.37
714114,均華統一6C購01,37600,0.47,0.47,0.47,0.47
714115,良維統一65購01,76910,0.67,0.7,0.67,0.7
714116,良維統一6C購01,35700,0.7,0.7,0.7,0.7
714117,昇達科統一67購01,934520,0.74,0.83,0.74,0.83
714118,昇達科統一6C購01,277850,0.8,0.83,0.8,0.83
714119,昇達科統一6C購02,87150,0.83,0.83,0.83,0.83
714120,金山電統一6C購02,0,,,,
714121,信紘科統一6C購01,104800,0.68,0.68,0.66,0.67
714122,德微統一66購01,54030,0.82,0.87,0.82,0.87
714123,營邦統一6C購02,0,,,,
714124,穩懋統一67購02,620,0.62,0.62,0.62,0.62
714125,穩懋統一6C購04,28000,0.7,0.7,0.7,0.7
714126,光頡國泰64購01,0,,,,
714127,均華國泰64購02,80200,0.65,0.65,0.61,0.65
714128,良維國泰64購01,146590,1.81,1.89,1.81,1.89
714129,昇達科國泰64購01,343660,1.31,1.37,1.31,1.35
714130,昇達科國泰65購01,59640,1.42,1.42,1.42,1.42
714131,信紘科國泰64購01,480190,1.8,1.82,1.72,1.82
714132,鈊象國泰64購01,447820,1.9,1.9,1.88,1.88
714133,雷科國泰64購01,187300,1.07,1.07,1.03,1.03
714134,雷科國泰65購01,205400,1.7,1.71,1.61,1.61
714135,漢達國泰64購01,909630,1.87,2.07,1.87,2.07
714136,穩懋國泰65購02,807400,3.37,3.37,2.92,2.93
714137,M31富邦65購02,610700,1.2,1.2,1.09,1.09
714138,弘塑富邦65購01,0,,,,
714139,均華富邦65購01,116610,0.42,0.47,0.42,0.47
714140,信驊富邦66購01,0,,,,
714141,穩懋富邦65購02,316440,1.02,1.02,0.92,0.94
714142,M31中信66購01,17300,0.63,0.63,0.57,0.57
714143,光頡中信63購01,1528600,0.91,1.2,0.82,1.2
714144,竹陞中信69購01,59760,0.57,0.57,0.54,0.55
714145,均華中信69購01,27720,0.38,0.38,0.36,0.36
714146,昇達科中信69購01,237130,0.79,0.84,0.79,0.84
714147,信驊中信63購01,153440,2.6,2.6,2.36,2.56
714148,群聯中信68購02,83690,1.0,1.01,0.91,0.91
714149,穩懋中信65購01,94550,0.76,0.79,0.75,0.76
714150,M31永豐64購01,311070,1.17,1.21,1.12,1.12
714151,M31永豐65購01,214430,1.97,2.0,1.94,1.99
714152,元太永豐63購03,194120,0.92,0.92,0.92,0.92
714153,光焱永豐63購01,1216460,0.92,0.96,0.91,0.96
714154,光頡永豐63購01,17300,1.73,1.73,1.73,1.73
714155,光頡永豐63購02,105000,1.53,1.56,1.53,1.56
714156,光頡永豐69購01,116340,3.21,3.27,3.21,3.27
714157,竹陞永豐64購02,0,,,,
714158,竹陞永豐66購01,30450,0.75,0.75,0.69,0.69
714159,昇達科永豐63購01,1462500,1.06,1.08,1.01,1.08
714160,昇達科永豐63購02,263010,0.97,1.04,0.97,1.03
714161,昇達科永豐63購03,3700380,0.79,0.87,0.79,0.86
714162,昇達科永豐66購01,200530,1.93,2.0,1.93,2.0
714163,昇達科永豐66購02,113560,1.43,1.51,1.43,1.51
714164,昇達科永豐69購01,100360,2.15,2.22,2.15,2.22
714165,昇達科永豐69購02,614400,1.69,1.8,1.69,1.79
714166,信紘科永豐63購01,153770,1.08,1.08,1.07,1.07
714167,信驊永豐63購02,0,,,,
714168,信驊永豐64購02,0,,,,
714169,凱崴永豐64購01,0,,,,
714170,萊德光永豐63購01,363080,1.79,1.89,1.79,1.79
714171,聖暉*永豐63購02,439140,1.49,1.54,1.49,1.5
714172,雷科永豐63購01,162180,0.87,0.87,0.83,0.83
714173,雷科永豐63購02,124880,0.94,0.95,0.94,0.95
714174,雷科永豐66購01,134390,1.27,1.27,1.24,1.24
714175,雷科永豐69購01,92820,2.21,2.21,2.21,2.21
714176,穩懋永豐63購05,176060,1.52,1.52,1.44,1.5
714177,光頡元大63購01,2366450,1.48,1.62,1.48,1.62
714178,光頡元大63購02,660630,1.41,1.6,1.33,1.6
714179,印能元大63購01,40700,0.74,0.74,0.74,0.74
714180,印能元大63購02,0,,,,
714181,竹陞元大63購01,0,,,,
714182,昇達科元大63購01,798530,1.15,1.23,1.15,1.21
714183,信驊元大63購02,101480,3.93,3.93,3.59,3.59
714184,信驊元大64購01,11340,3.78,3.78,3.78,3.78
714185,信驊元大67購01,28660,4.86,4.86,4.76,4.76
714186,信驊元大69購01,149700,5.45,5.45,5.2,5.35
714187,高技元大63購09,216840,1.27,1.28,1.19,1.2
714188,高技元大63購10,23710,0.92,0.92,0.91,0.91
714189,雅特力元大63購03,15200,0.95,0.95,0.95,0.95
714190,新普元大63購01,94150,1.21,1.24,1.21,1.24
714191,新應材元大63購07,233500,0.7,0.71,0.69,0.69
714192,新應材元大63購08,820,0.41,0.41,0.41,0.41
714193,新應材元大63購09,0,,,,
714194,群聯元大63購27,199200,1.47,1.5,1.39,1.4
714195,雷科元大63購01,32280,0.79,0.79,0.76,0.76
714196,漢達元大63購02,73600,0.92,0.92,0.92,0.92
714197,漢達元大63購03,0,,,,
714198,漢達元大69購01,0,,,,
714199,廣閎科元大63購03,209720,0.58,0.6,0.57,0.6
714200,營邦元大63購05,883700,1.58,1.72,1.51,1.67
714201,鴻呈元大63購03,271250,0.66,0.66,0.65,0.65
714202,FH中5G群益63購01,66750,0.68,0.68,0.66,0.67
714203,M31群益63購01,326860,1.96,2.07,1.86,1.86
714204,千附精群益63購01,0,,,,
714205,中美晶群益63購06,929490,1.93,2.21,1.84,1.85
714206,世界群益65購01,254890,1.45,1.53,1.42,1.52
714207,均華群益63購02,31720,0.52,0.52,0.52,0.52
714208,均豪群益63購01,0,,,,
714209,宜鼎群益63購04,184780,1.07,1.08,1.0,1.0
714210,宜鼎群益63購05,0,,,,
714211,泓格群益63購01,0,,,,
714212,信驊群益63購01,253060,3.29,3.42,3.1,3.1
714213,信驊群益63購02,477250,2.3,2.36,2.1,2.16
714214,能率群益63購01,0,,,,
714215,崇越電群益63購01,0,,,,
714216,順達群益63購06,188300,2.69,2.69,2.69,2.69
714217,鈊象群益66購01,0,,,,
714218,勤凱群益63購01,0,,,,
714219,新應材群益63購04,51590,0.67,0.67,0.67,0.67
714220,群聯群益63購12,37080,2.06,2.06,2.06,2.06
714221,群聯群益63購13,348930,1.92,1.95,1.65,1.71
714222,雷科群益63購01,993820,1.2,1.2,1.15,1.15
714223,雷科群益63購02,0,,,,
714224,穩懋群益63購05,1086150,1.1,1.1,0.94,0.99
714225,天良國票64購02,8040,0.51,0.51,0.49,0.49
714226,光頡國票65購01,259860,2.33,2.64,2.33,2.63
714227,均華國票65購02,0,,,,
714228,昇達科國票65購01,77680,1.24,1.4,1.24,1.4
714229,金山電國票6A購01,6400,0.8,0.8,0.8,0.8
714230,信紘科國票64購01,129200,1.54,1.54,1.43,1.51
714231,信紘科國票65購01,10560,1.32,1.32,1.32,1.32
714232,信驊國票64購01,0,,,,
714233,華宏國票69購01,9230,0.71,0.71,0.71,0.71
714234,雅特力國票67購01,1520,0.76,0.76,0.76,0.76
714235,雷科國票65購01,0,,,,
714236,漢達國票6B購01,14590,1.13,1.13,1.12,1.12
714237,磐亞國票66購02,0,,,,
714238,穩懋國票66購01,35530,1.14,1.14,1.02,1.03
714239,穩懋國票67購01,84140,1.23,1.25,1.23,1.24
714240,巨有元大63購01,0,,,,
714241,巨有元大63購02,0,,,,
714242,弘塑元大63購06,93480,1.16,1.2,1.16,1.2
714243,弘塑元大63購07,200000,0.5,0.5,0.5,0.5
714244,弘塑元大63購08,218260,0.51,0.51,0.5,0.5
714245,竹陞元大63購02,0,,,,
714246,竹陞元大69購01,0,,,,
714247,均華元大63購04,367400,0.47,0.5,0.44,0.5
714248,均豪元大63購01,0,,,,
714249,均豪元大63購02,0,,,,
714250,均豪元大67購01,0,,,,
714251,東捷元大63購02,50300,1.31,1.31,1.24,1.24
714252,東捷元大67購01,65230,1.34,1.34,1.32,1.32
714253,東捷元大69購01,81900,0.7,0.7,0.7,0.7
714254,南俊元大63購01,0,,,,
714255,南俊元大69購01,0,,,,
714256,崇越電元大63購01,0,,,,
714257,群聯元大63購28,422320,1.62,1.62,1.5,1.58
714258,聖暉*元大63購02,802050,1.01,1.06,1.0,1.04
714259,聖暉*元大63購03,258060,0.92,0.95,0.91,0.94
714260,營邦元大63購06,30260,0.89,0.89,0.89,0.89
714261,FH中5G凱基64購01,63350,1.54,1.55,1.54,1.55
714262,世界凱基65購02,310430,2.59,2.61,2.5,2.59
714263,弘塑凱基66購01,0,,,,
714264,印能凱基63購03,9700,0.97,0.97,0.97,0.97
714265,均豪凱基64購01,0,,,,
714266,泓格凱基64購01,50500,1.45,1.45,1.44,1.44
714267,崇越電凱基63購02,0,,,,
714268,凱崴凱基65購01,8800,0.88,0.88,0.88,0.88
714269,博士旺凱基63購01,0,,,,
714270,華宏凱基63購01,32490,1.03,1.06,0.96,1.0
714271,鈊象凱基63購06,0,,,,
714272,新普凱基63購01,10350,1.15,1.16,1.11,1.16
714273,新應材凱基63購10,122490,1.34,1.39,1.34,1.39
714274,群聯凱基63購20,203680,2.46,2.46,2.31,2.37
714275,營邦凱基66購01,0,,,,
714276,世界台新63購01,293740,2.48,2.53,2.41,2.53
714277,宜鼎台新65購03,5160,2.58,2.58,2.58,2.58
714278,東捷台新63購04,36160,1.13,1.13,1.13,1.13
714279,南俊台新63購01,0,,,,
714280,南俊台新63購02,39360,0.82,0.82,0.82,0.82
714281,頎邦台新63購02,267650,3.35,3.53,3.11,3.11
714282,頎邦台新66購01,261850,2.5,2.69,2.38,2.4
714283,安葆國票68購02,0,,,,
714284,南俊國票66購01,0,,,,
714285,新應材國票64購02,0,,,,
714286,雷科國票64購01,20040,1.08,1.14,1.08,1.14
714287,雷科國票64購02,9600,1.2,1.2,1.2,1.2
714288,M31群益63購02,3216280,1.58,1.66,1.45,1.45
714289,巨有群益63購02,27580,4.58,4.68,4.58,4.68
714290,光頡群益63購01,34930,2.99,2.99,2.8,2.8
714291,光頡群益66購01,531200,2.41,2.73,2.36,2.73
714292,竹陞群益63購01,0,,,,
714293,竹陞群益63購02,0,,,,
714294,均華群益65購02,121180,0.83,0.83,0.83,0.83
714295,宏捷科群益63購03,9100,0.91,0.91,0.91,0.91
714296,系微群益63購01,4600,1.15,1.15,1.15,1.15
714297,良維群益63購03,91520,4.16,4.16,4.16,4.16
714298,宜鼎群益63購06,54300,2.13,2.2,2.13,2.2
714299,東捷群益65購02,100030,1.5,1.5,1.49,1.49
714300,南俊群益63購01,0,,,,
714301,南俊群益63購02,0,,,,
714302,威剛群益63購09,0,,,,
714303,雅特力群益63購01,30720,0.96,0.96,0.96,0.96
714304,雅特力群益63購02,13680,0.72,0.72,0.72,0.72
714305,新應材群益63購05,0,,,,
714306,群聯群益63購14,361620,4.71,4.71,4.15,4.2
714307,頎邦群益63購04,259420,1.75,1.89,1.64,1.64
714308,頎邦群益63購05,3538930,1.63,1.76,1.52,1.52
714309,營邦群益64購01,143790,1.47,1.54,1.47,1.54
714310,光頡統一68購02,1117450,0.98,1.19,0.96,1.19
714311,光頡統一69購01,665290,1.04,1.17,1.04,1.17
714312,佳邦統一6B購01,0,,,,
714313,昇達科統一68購01,805540,0.72,0.8,0.72,0.8
714314,昇達科統一6C購03,18500,0.74,0.74,0.74,0.74
714315,昇達科統一6C購04,0,,,,
714316,東捷統一6B購02,430400,0.6,0.61,0.6,0.6
714317,金山電統一69購01,2950,0.59,0.59,0.59,0.59
714318,南俊統一6C購01,0,,,,
714319,雷科統一69購01,87380,0.74,0.74,0.7,0.7
714320,雷科統一6B購01,1682930,0.58,0.58,0.57,0.57
714321,雷科統一6C購01,1616760,0.54,0.54,0.54,0.54
714322,德微統一69購01,15300,0.9,0.9,0.9,0.9
714323,宏捷科中信63購01,6700,0.34,0.34,0.33,0.33
714324,宏捷科國泰64購01,1380520,1.32,1.32,1.26,1.26
714325,世界富邦63購02,496620,0.78,0.82,0.76,0.79
714326,印能富邦65購01,33900,0.49,0.49,0.48,0.48
714327,東捷富邦65購01,919330,0.66,0.67,0.62,0.62
714328,M31永豐63購02,470670,1.63,1.71,1.58,1.58
714329,久元永豐63購02,0,,,,
714330,均華永豐64購01,11360,1.42,1.42,1.42,1.42
714331,均豪永豐63購01,0,,,,
714332,沛亨永豐63購03,26730,1.41,1.41,1.35,1.35
714333,亞通永豐63購01,9840,1.23,1.23,1.23,1.23
714334,群聯永豐63購08,41810,1.13,1.13,1.13,1.13
714335,達航永豐65購01,0,,,,
714336,巨有凱基63購01,269560,4.18,4.18,3.98,4.02
714337,弘塑凱基63購08,0,,,,
714338,光頡凱基65購01,205180,2.15,2.57,2.15,2.57
714339,竹陞凱基63購04,11680,0.73,0.73,0.73,0.73
714340,均華凱基65購02,10300,1.03,1.03,1.03,1.03
714341,宏捷科凱基63購03,0,,,,
714342,沛亨凱基63購04,40750,1.63,1.63,1.63,1.63
714343,系微凱基63購01,102700,1.36,1.38,1.36,1.38
714344,良維凱基63購05,29880,2.49,2.49,2.49,2.49
714345,宜鼎凱基63購12,74960,1.55,1.56,1.34,1.34
714346,東捷凱基64購01,0,,,,
714347,東捷凱基65購01,20700,2.07,2.07,2.07,2.07
714348,青雲凱基63購03,0,,,,
714349,南俊凱基63購01,0,,,,
714350,南俊凱基63購02,0,,,,
714351,威剛凱基67購02,0,,,,
714352,家登凱基64購02,0,,,,
714353,聖暉*凱基65購02,309520,2.34,2.42,2.31,2.35
714354,頎邦凱基65購02,94460,3.08,3.08,2.9,2.94
714355,環球晶凱基63購02,226890,1.48,1.77,1.48,1.6
714356,環球晶凱基63購03,193320,1.45,1.74,1.45,1.51
714357,環球晶凱基69購02,441970,3.05,3.49,3.05,3.15
714358,巨有台新65購01,45420,3.89,3.89,3.67,3.69
714359,光頡台新63購02,58350,3.6,3.76,3.57,3.76
714360,印能台新63購03,0,,,,
714361,竹陞台新63購02,0,,,,
714362,均豪台新64購01,0,,,,
714363,均豪台新64購02,0,,,,
714364,宜鼎台新63購03,578840,1.16,1.16,1.16,1.16
714365,威剛台新66購02,0,,,,
714366,家登台新64購02,0,,,,
714367,家登台新66購01,0,,,,
714368,家碩台新66購01,0,,,,
714369,創新服台新63購01,107630,1.24,1.4,1.24,1.4
714370,創新服台新63購02,22000,1.1,1.1,1.1,1.1
714371,創新服台新63購03,28580,1.24,1.25,1.17,1.17
714372,創新服台新63購04,0,,,,
714373,環球晶台新64購01,1812280,1.36,1.69,1.36,1.47
714374,環球晶台新64購02,588760,1.07,1.35,1.07,1.17
714375,耀穎台新63購02,494610,1.83,1.9,1.61,1.61
714376,M31元大63購02,185260,2.13,2.13,2.04,2.09
714377,M31元大63購03,206450,1.03,1.03,0.94,0.95
714378,弘塑元大63購09,3280,1.64,1.64,1.64,1.64
714379,弘塑元大63購10,0,,,,
714380,弘塑元大66購02,0,,,,
714381,光頡元大63購03,147310,1.55,1.58,1.55,1.58
714382,光頡元大63購04,26120,1.04,1.22,1.04,1.22
714383,竹陞元大63購03,0,,,,
714384,竹陞元大69購02,0,,,,
714385,均豪元大63購03,0,,,,
714386,亞通元大63購01,0,,,,
714387,亞通元大63購02,0,,,,
714388,宜鼎元大63購15,312450,0.76,0.8,0.76,0.77
714389,昇達科元大63購02,414140,1.04,1.15,1.04,1.15
714390,昇達科元大63購03,2287970,0.94,1.03,0.94,1.01
714391,東捷元大63購03,0,,,,
714392,東捷元大67購02,0,,,,
714393,東捷元大69購02,0,,,,
714394,萊德光元大63購01,491940,1.09,1.18,1.09,1.14
714395,萊德光元大63購02,303000,1.33,1.43,1.33,1.39
714396,雅特力元大63購04,29440,1.02,1.02,1.01,1.02
714397,群聯元大63購29,0,,,,
714398,群聯元大69購01,246800,1.88,1.88,1.74,1.78
714399,聖暉*元大63購04,173480,1.02,1.07,1.02,1.06
714400,雷科元大63購02,182120,0.85,0.85,0.8,0.81
714401,營邦元大63購07,190530,1.14,1.21,1.07,1.21
714402,環球晶元大63購09,62720,0.75,0.82,0.71,0.73
714403,環球晶元大63購10,588040,0.82,0.96,0.81,0.86
714404,光頡國票64購01,0,,,,
714405,光頡國票66購01,222700,1.94,2.28,1.94,2.28
714406,昇達科國票64購01,542410,1.46,1.5,1.43,1.5
714407,創新服國票65購01,134880,1.08,1.18,1.08,1.14
714408,萊德光國票66購01,0,,,,
714409,頎邦國票69購01,267950,1.15,1.18,1.15,1.15
714410,環球晶國票66購02,20860,1.58,1.77,1.58,1.77
714411,群聯中信67購02,233830,1.08,1.1,0.97,1.01
714412,環球晶中信63購01,66890,0.5,0.62,0.5,0.53
714413,尼克森永豐63購01,558920,1.76,1.79,1.66,1.77
714414,正德永豐63購01,20720,0.74,0.74,0.74,0.74
714415,安葆永豐65購01,277770,1.4,1.61,1.4,1.6
714416,亞信永豐64購01,297190,0.87,0.88,0.85,0.86
714417,美琪瑪永豐63購01,0,,,,
714418,家登永豐65購01,0,,,,
714419,泰藝永豐63購01,10320,1.29,1.29,1.29,1.29
714420,高僑永豐63購01,115210,1.07,1.12,1.07,1.12
714421,創新服永豐63購01,0,,,,
714422,創新服永豐64購01,440790,0.82,0.94,0.82,0.94
714423,創新服永豐65購01,74880,1.05,1.16,1.05,1.11
714424,創新服永豐66購01,90680,1.04,1.08,1.04,1.08
714425,博大永豐63購01,0,,,,
714426,博盛永豐64購02,151680,1.54,1.66,1.54,1.66
714427,晶呈永豐63購01,161190,1.0,1.15,1.0,1.15
714428,華電網永豐63購01,0,,,,
714429,廣明永豐63購01,0,,,,
714430,優群永豐63購01,0,,,,
714431,環球晶永豐64購01,143220,1.33,1.56,1.33,1.39
714432,中美晶富邦69購01,700,0.7,0.7,0.7,0.7
714433,台特化富邦63購01,100620,0.49,0.5,0.49,0.5
714434,沛亨富邦63購02,109240,0.64,0.64,0.61,0.61
714435,良維富邦65購01,21000,0.7,0.7,0.7,0.7
714436,蜜望實富邦66購01,5900,0.59,0.59,0.59,0.59
714437,竹陞國泰64購01,16600,0.83,0.83,0.83,0.83
714438,東捷國泰64購02,53820,1.17,1.17,1.17,1.17
714439,家登國泰64購01,0,,,,
714440,雅特力國泰64購01,369290,1.57,1.58,1.53,1.53
714441,頎邦國泰64購01,122920,2.07,2.09,2.07,2.08
714442,環球晶國泰64購02,266660,1.47,1.58,1.47,1.54
714443,亞通統一6C購01,0,,,,
714444,昇達科統一74購01,64120,0.83,0.88,0.83,0.88
714445,東捷統一66購03,127430,0.66,0.66,0.63,0.64
714446,東捷統一68購03,36000,0.72,0.72,0.72,0.72
714447,東捷統一6A購01,0,,,,
714448,南俊統一74購01,0,,,,
714449,雷科統一67購01,96140,0.63,0.63,0.6,0.6
714450,世界群益63購03,22800,2.28,2.28,2.28,2.28
714451,巨有群益63購03,80500,3.67,3.75,3.44,3.44
714452,均華群益63購03,244680,0.72,0.74,0.72,0.74
714453,亞通群益63購02,0,,,,
714454,亞通群益63購03,504800,1.0,1.0,0.96,0.96
714455,東捷群益65購03,61290,1.51,1.51,1.49,1.49
714456,青雲群益63購02,0,,,,
714457,信立群益63購02,375060,0.94,0.94,0.94,0.94
714458,威剛群益63購10,0,,,,
714459,家登群益63購06,0,,,,
714460,萊德光群益63購01,339270,3.16,3.25,3.16,3.25
714461,鈊象群益69購01,0,,,,
714462,新應材群益63購06,103420,2.54,2.54,2.52,2.52
714463,群聯群益63購15,81200,2.9,2.9,2.9,2.9
714464,群聯群益65購03,87150,1.3,1.3,1.19,1.21
714465,營邦群益69購01,0,,,,
714466,環球晶群益63購04,2683490,1.33,1.68,1.33,1.45
714467,光頡元大63購05,124040,1.55,1.57,1.55,1.57
714468,光頡元大63購06,141810,1.47,1.63,1.42,1.63
714469,光頡元大63購07,177340,1.07,1.13,1.07,1.13
714470,均華元大63購05,160550,0.5,0.51,0.47,0.51
714471,宏捷科元大63購02,0,,,,
714472,沛亨元大63購04,0,,,,
714473,沛亨元大63購05,5820,0.99,0.99,0.95,0.95
714474,亞通元大63購03,30700,1.24,1.24,1.18,1.18
714475,亞通元大63購04,2400,0.8,0.8,0.8,0.8
714476,宜鼎元大63購16,565260,0.84,0.88,0.83,0.84
714477,東捷元大63購04,0,,,,
714478,東捷元大68購01,0,,,,
714479,欣銓元大63購04,5220,1.74,1.74,1.74,1.74
714480,欣銓元大63購05,0,,,,
714481,信昌電元大63購01,109500,1.52,1.54,1.5,1.52
714482,信昌電元大63購02,168460,1.51,1.52,1.5,1.5
714483,信昌電元大63購03,151840,1.54,1.55,1.53,1.53
714484,南俊元大63購02,0,,,,
714485,威剛元大66購01,60520,1.78,1.78,1.78,1.78
714486,群聯元大66購07,61520,1.51,1.52,1.43,1.43
714487,群聯元大69購02,53760,1.43,1.43,1.33,1.36
714488,雷科元大63購03,202830,0.98,0.98,0.93,0.94
714489,營邦元大69購01,2200,1.1,1.1,1.1,1.1
714490,環球晶元大63購11,614980,1.65,1.65,1.45,1.45
714491,光頡國票66購02,168140,1.5,1.78,1.5,1.78
714492,旭然國票67購01,770,0.77,0.77,0.77,0.77
714493,亞通國票64購02,0,,,,
714494,亞通國票66購01,0,,,,
714495,建榮國票64購01,266830,1.66,1.66,1.59,1.59
714496,建榮國票65購01,49840,1.44,1.44,1.42,1.42
714497,家登國票64購02,7550,1.51,1.51,1.51,1.51
714498,新漢國票64購01,0,,,,
714499,擎亞國票64購02,9300,1.55,1.55,1.55,1.55
714500,穩懋國票65購02,245000,0.95,0.95,0.85,0.85
714501,世界凱基63購07,115500,2.28,2.4,2.27,2.32
714502,巨有凱基63購02,221050,4.3,4.3,3.98,4.3
714503,竹陞凱基63購05,59200,0.8,0.8,0.8,0.8
714504,亞通凱基63購02,32200,0.92,0.92,0.92,0.92
714505,信立凱基63購01,0,,,,
714506,信昌電凱基63購01,277800,2.57,2.59,2.52,2.59
714507,信昌電凱基63購02,0,,,,
714508,信昌電凱基63購03,412310,2.35,2.35,2.22,2.25
714509,信昌電凱基63購04,82720,2.36,2.42,2.24,2.24
714510,創新服凱基63購01,362190,1.05,1.13,1.03,1.03
714511,新應材凱基63購11,91200,2.4,2.4,2.4,2.4
714512,群聯凱基63購21,37730,2.63,2.63,2.34,2.34
714513,營邦凱基63購07,1627180,2.11,2.37,2.11,2.34
714514,穩懋凱基63購10,499350,2.62,2.62,2.07,2.34
714515,巨有群益63購04,398200,3.41,3.41,3.18,3.18
714516,光頡群益63購02,727420,2.34,3.05,2.31,3.05
714517,光頡群益65購01,1574460,1.61,2.08,1.54,2.08
714518,印能群益63購02,0,,,,
714519,竹陞群益64購01,0,,,,
714520,宜鼎群益63購07,19440,2.43,2.43,2.43,2.43
714521,威剛群益63購11,90780,2.67,2.67,2.67,2.67
714522,家登群益63購07,54900,1.22,1.22,1.22,1.22
714523,環球晶群益63購05,151600,2.24,2.34,2.24,2.34
714524,環球晶群益63購06,6659180,1.25,1.6,1.25,1.36
714525,伍豐永豐63購01,1120,1.12,1.12,1.12,1.12
714526,竹陞永豐63購02,0,,,,
714527,沛亨永豐63購04,0,,,,
714528,亞通永豐65購01,78330,0.86,0.87,0.85,0.87
714529,宜鼎永豐63購08,2024620,1.92,2.0,1.84,1.84
714530,信昌電永豐63購01,660080,1.64,1.68,1.56,1.63
714531,信昌電永豐63購02,1697260,0.91,0.95,0.88,0.88
714532,信昌電永豐64購01,9730,1.44,1.44,1.37,1.44
714533,信昌電永豐65購01,199040,1.26,1.28,1.23,1.23
714534,南俊永豐63購01,0,,,,
714535,健喬永豐63購01,0,,,,
714536,群聯永豐63購09,0,,,,
714537,群聯永豐63購10,0,,,,
714538,穩懋永豐63購06,401670,2.3,2.3,2.13,2.17
714539,穩懋永豐63購07,115430,3.36,3.38,3.21,3.21
714540,騰雲永豐63購01,0,,,,
714541,系微富邦64購01,82340,0.76,0.78,0.76,0.78
714542,宜鼎富邦63購04,355970,0.67,0.71,0.67,0.69
714543,欣銓富邦63購01,66640,0.71,0.71,0.63,0.63
714544,環球晶富邦69購01,326100,0.47,0.54,0.47,0.49
714545,環球晶富邦69購02,622540,0.63,0.66,0.61,0.61
714546,中美晶國泰65購01,360140,1.95,2.1,1.89,1.89
714547,巨有國泰64購01,148840,2.47,3.45,2.47,3.31
714548,光頡國泰64購02,361610,1.68,2.02,1.68,2.02
714549,均豪國泰64購01,0,,,,
714550,沛亨國泰64購01,0,,,,
714551,亞通國泰64購01,0,,,,
714552,信昌電國泰64購01,1179490,1.85,1.91,1.78,1.83
714553,信昌電國泰64購02,308620,1.66,1.7,1.64,1.64
714554,萊德光國泰64購01,152810,2.02,2.03,1.9,1.9
714555,群聯國泰64購01,58240,2.08,2.08,2.08,2.08
714556,擎亞國泰64購01,118000,1.18,1.18,1.18,1.18
714557,穩懋國泰64購03,529230,2.7,2.71,2.37,2.37
714558,巨有統一79購01,19700,0.97,1.0,0.97,1.0
714559,弘塑統一68購01,0,,,,
714560,竹陞統一6C購01,0,,,,
714561,信昌電統一68購01,3120,0.78,0.78,0.78,0.78
714562,信昌電統一68購02,0,,,,
714563,信昌電統一69購01,26180,0.77,0.77,0.77,0.77
714564,信昌電統一79購01,3600,0.72,0.72,0.72,0.72
714565,穩懋統一69購01,42400,0.8,0.8,0.8,0.8
714566,台特化台新63購01,9100,1.82,1.82,1.82,1.82
714567,旭然台新63購01,181450,0.92,1.09,0.92,1.09
714568,竹陞台新63購03,118500,0.7,0.7,0.62,0.62
714569,竹陞台新64購01,12720,1.06,1.06,1.06,1.06
714570,宏捷科台新63購01,0,,,,
714571,系微台新63購01,1460,1.46,1.46,1.46,1.46
714572,良維台新66購01,50550,2.01,2.03,2.01,2.03
714573,信昌電台新63購01,3060,1.53,1.53,1.53,1.53
714574,信昌電台新66購01,3320,1.66,1.66,1.66,1.66
714575,茂達台新63購01,87660,1.56,1.59,1.54,1.54
714576,家登台新63購01,0,,,,
714577,穩懋台新63購03,47950,1.88,1.88,1.73,1.75
714578,穩懋台新63購04,49170,1.58,1.58,1.34,1.34
714579,穩懋台新63購05,0,,,,
714580,巨有永豐66購01,138890,1.41,1.41,1.22,1.3
714581,朋億*永豐64購01,10320,1.29,1.29,1.29,1.29
714582,南俊永豐63購02,1190,1.19,1.19,1.19,1.19
714583,南俊永豐67購01,0,,,,
714584,智崴永豐64購01,38550,0.71,0.71,0.7,0.7
714585,萊德光永豐63購02,885160,1.58,1.85,1.58,1.72
714586,頎邦永豐63購05,114600,1.91,1.91,1.91,1.91
714587,方土昶元大63購03,0,,,,
714588,台半元大65購01,213920,1.55,1.55,1.49,1.53
714589,巨有元大63購03,2610,2.61,2.61,2.61,2.61
714590,巨有元大63購04,2810,2.81,2.81,2.81,2.81
714591,均華元大63購06,317420,0.57,0.57,0.53,0.53
714592,均華元大63購07,768520,0.57,0.59,0.53,0.57
714593,宏捷科元大63購03,733530,0.75,0.75,0.72,0.72
714594,宏捷科元大63購04,1043700,0.9,0.9,0.86,0.86
714595,沛亨元大63購06,3160,1.58,1.58,1.58,1.58
714596,沛亨元大65購01,0,,,,
714597,宜鼎元大64購06,27030,0.92,0.94,0.92,0.93
714598,青雲元大63購05,186160,1.04,1.04,1.04,1.04
714599,威剛元大63購15,0,,,,
714600,創新服元大63購01,0,,,,
714601,萊德光元大63購03,305380,1.01,1.1,1.01,1.06
714602,萊德光元大64購01,545760,1.1,1.16,1.1,1.11
714603,萊德光元大64購02,618910,1.09,1.18,1.09,1.12
714604,雅特力元大63購05,350820,1.23,1.24,1.22,1.22
714605,群聯元大63購30,51340,2.16,2.16,2.11,2.11
714606,環球晶元大64購03,760730,1.53,1.8,1.53,1.62
714607,環球晶元大65購06,30680,1.24,1.4,1.23,1.4
714608,世界群益63購04,717530,2.87,3.03,2.73,2.86
714609,巨有群益64購01,123960,2.28,2.29,2.15,2.15
714610,茂綸群益63購02,5340,0.89,0.89,0.89,0.89
714611,順達群益63購07,22920,1.84,1.84,1.74,1.74
714612,順達群益65購01,0,,,,
714613,新應材群益63購07,0,,,,
714614,營邦群益63購03,753470,1.96,2.06,1.9,2.06
714615,穩懋群益63購06,262130,3.71,3.94,3.3,3.48
714616,方土昶國票65購02,0,,,,
714617,台星科國票65購01,21590,1.21,1.22,1.18,1.22
714618,巨有國票64購01,22800,2.28,2.28,2.28,2.28
714619,巨有國票65購01,72700,2.41,2.45,2.41,2.45
714620,旭然國票69購01,0,,,,
714621,均華國票64購01,0,,,,
714622,宏捷科國票65購01,0,,,,
714623,系微國票65購03,0,,,,
714624,良維國票66購01,0,,,,
714625,昇達科國票64購02,230610,2.04,2.08,2.03,2.06
714626,朋億*國票65購01,0,,,,
714627,南俊國票68購01,0,,,,
714628,萊德光國票65購02,468210,1.01,1.06,1.0,1.0
714629,群聯國票65購01,0,,,,
714630,磐亞國票65購02,0,,,,
714631,巨有台新63購01,0,,,,
714632,巨有台新66購01,0,,,,
714633,巨有台新69購01,0,,,,
714634,巨有台新69購02,0,,,,
714635,印能台新65購01,9240,1.32,1.32,1.32,1.32
714636,昇達科台新63購03,328190,2.35,2.56,2.35,2.56
714637,茂綸台新63購02,0,,,,
714638,創新服台新65購01,273130,1.45,1.46,1.37,1.37
714639,群聯台新63購09,0,,,,
714640,群聯台新63購10,0,,,,
714641,聖暉*台新66購01,210030,1.94,1.97,1.93,1.97
714642,印能凱基64購03,296550,1.98,1.98,1.85,1.91
714643,均華凱基63購03,146050,0.94,1.02,0.93,1.02
714644,沛亨凱基64購01,0,,,,
714645,良維凱基67購01,0,,,,
714646,宜鼎凱基63購13,77920,2.16,2.22,2.02,2.02
714647,欣銓凱基63購02,80060,2.22,2.22,2.0,2.0
714648,威剛凱基65購04,0,,,,
714649,建榮凱基64購01,202100,2.47,2.47,2.42,2.45
714650,家登凱基63購04,0,,,,
714651,萊德光凱基63購02,235560,2.08,2.34,2.08,2.28
714652,環球晶凱基63購04,265820,2.53,2.8,2.53,2.76
714653,穩懋凱基65購02,53250,3.21,3.21,3.1,3.1
714654,穩懋凱基68購01,129220,4.09,4.09,3.86,3.86
714655,世界國泰64購01,131120,1.74,1.76,1.74,1.76
714656,世界國泰64購02,238820,1.56,1.69,1.55,1.69
714657,朋億*國泰65購01,9900,1.98,1.98,1.98,1.98
714658,欣銓國泰64購01,0,,,,
714659,青雲國泰64購01,0,,,,
714660,德微國泰64購01,941470,3.09,3.51,3.08,3.51
714661,巨有統一69購01,0,,,,
714662,巨有統一79購02,0,,,,
714663,信昌電統一6C購01,3900,0.78,0.78,0.78,0.78
714664,信昌電統一6C購02,0,,,,
714665,信昌電統一79購02,149240,0.82,0.82,0.82,0.82
714666,寶雅*統一6C購01,30360,0.66,0.66,0.66,0.66
714667,印能富邦64購01,65340,0.59,0.59,0.56,0.56
714668,印能富邦65購02,55640,0.52,0.52,0.52,0.52
714669,威剛富邦63購01,0,,,,
714670,建榮富邦63購01,203770,0.41,0.41,0.41,0.41
714671,鈊象富邦65購01,80370,0.85,0.86,0.85,0.86
714672,群聯富邦65購06,0,,,,
714673,群聯富邦65購07,0,,,,
714674,群聯富邦65購08,0,,,,
714675,群聯富邦66購01,0,,,,
714676,群聯富邦66購02,157150,1.17,1.17,1.11,1.11
714677,群聯富邦69購01,0,,,,
714678,台燿凱基63購01,1311090,1.91,1.98,1.76,1.84
714679,台燿凱基63購02,816510,1.89,1.9,1.83,1.87
714680,台燿凱基63購03,175030,1.7,1.78,1.61,1.72
714681,台燿凱基63購04,44580,2.12,2.17,2.12,2.17
714682,台燿凱基65購01,128340,2.24,2.35,2.22,2.31
714683,台燿凱基65購02,46560,2.19,2.31,2.19,2.19
714684,台燿凱基65購03,0,,,,
714685,青雲凱基63購04,27600,1.38,1.38,1.38,1.38
714686,茂綸凱基63購01,73180,1.49,1.49,1.38,1.38
714687,新應材凱基63購12,88920,2.34,2.34,2.34,2.34
714688,群聯凱基63購22,36840,3.07,3.07,3.07,3.07
714689,台半台新64購01,10030,3.39,3.39,3.3,3.3
714690,台燿台新63購01,1194900,2.01,2.17,1.99,2.09
714691,台燿台新66購01,2397510,2.39,2.5,2.3,2.39
714692,台燿台新69購01,150510,2.29,2.38,2.14,2.27
714693,印能台新65購02,0,,,,
714694,印能台新65購03,0,,,,
714695,良維台新63購01,0,,,,
714696,宜鼎台新66購01,153620,3.13,3.19,2.8,2.8
714697,台燿群益63購01,1870870,1.62,1.72,1.55,1.64
714698,台燿群益63購02,190940,1.69,1.78,1.69,1.72
714699,台燿群益63購03,371800,1.41,1.55,1.41,1.47
714700,印能群益63購03,215360,1.3,1.33,1.3,1.33
714701,竹陞群益64購02,0,,,,
714702,亞通群益64購01,174260,1.49,1.52,1.38,1.4
714703,亞通群益66購01,17300,1.73,1.73,1.73,1.73
714704,宜鼎群益63購08,7300,1.46,1.46,1.46,1.46
714705,欣銓群益63購03,146900,3.4,3.4,2.94,2.94
714706,青雲群益63購03,0,,,,
714707,青雲群益65購01,0,,,,
714708,威剛群益63購12,0,,,,
714709,家登群益63購08,0,,,,
714710,頎邦群益65購01,78010,2.47,2.56,2.4,2.4
714711,穩懋群益63購07,90560,4.32,4.32,3.92,4.08
714712,台燿元大63購01,197050,1.23,1.34,1.23,1.29
714713,台燿元大64購05,35920,1.29,1.29,1.25,1.25
714714,台燿元大65購01,17360,1.32,1.36,1.32,1.36
714715,印能元大63購03,469950,1.16,1.16,1.13,1.13
714716,沛亨元大63購07,12160,1.52,1.52,1.52,1.52
714717,良維元大63購05,389010,0.89,0.9,0.89,0.9
714718,亞通元大63購05,0,,,,
714719,宜鼎元大64購07,1282390,0.9,0.92,0.82,0.82
714720,昇達科元大63購04,3010980,1.38,1.41,1.37,1.41
714721,昇達科元大63購05,2391860,1.04,1.12,1.04,1.07
714722,信昌電元大63購04,35320,1.93,1.93,1.84,1.84
714723,信昌電元大63購05,117480,0.72,0.73,0.69,0.69
714724,威剛元大63購16,62100,2.07,2.07,2.07,2.07
714725,茂綸元大63購01,4000,1.0,1.0,1.0,1.0
714726,茂綸元大64購01,0,,,,
714727,家登元大63購02,0,,,,
714728,家登元大64購02,0,,,,
714729,群聯元大63購31,3700,1.85,1.85,1.85,1.85
714730,群聯元大63購33,326740,2.31,2.35,2.12,2.13
714731,環球晶元大64購04,461570,1.54,1.8,1.54,1.64
714732,環球晶元大65購07,643000,1.36,1.45,1.25,1.31
714733,台燿永豐63購01,135140,1.27,1.33,1.27,1.28
714734,台燿永豐63購02,47370,1.14,1.17,1.11,1.17
714735,台燿永豐63購03,128250,0.75,0.81,0.75,0.81
714736,台燿永豐63購04,0,,,,
714737,台燿永豐64購03,96400,1.01,1.01,0.94,0.97
714738,台燿永豐64購04,49980,1.27,1.3,1.27,1.3
714739,台燿永豐65購01,208450,1.17,1.17,1.07,1.15
714740,台燿永豐65購02,0,,,,
714741,台燿永豐66購01,0,,,,
714742,台燿永豐66購02,147860,3.68,3.76,3.55,3.76
714743,台燿永豐69購01,67890,2.43,2.43,2.38,2.38
714744,台燿永豐69購02,2310,2.31,2.31,2.31,2.31
714745,台燿永豐73購01,300960,3.42,3.42,3.42,3.42
714746,弘塑永豐64購02,0,,,,
714747,光焱永豐65購01,0,,,,
714748,欣銓永豐63購01,109240,1.86,1.86,1.85,1.85
714749,博盛永豐64購03,0,,,,
714750,蜜望實永豐64購01,0,,,,
714751,營邦永豐65購01,9000,0.9,0.9,0.9,0.9
714752,環球晶永豐64購02,179520,1.05,1.27,1.05,1.12
714753,穩懋永豐63購08,406230,4.19,4.19,3.68,3.68
714754,台燿中信63購01,1056580,0.64,0.72,0.63,0.69
714755,欣銓中信63購01,234520,0.94,0.94,0.77,0.77
714756,信昌電中信63購01,411400,0.89,0.92,0.84,0.86
714757,雷科中信63購01,112620,0.84,0.84,0.76,0.83
714758,台燿國票67購01,110890,1.13,1.15,1.1,1.1
714759,東捷國票66購01,0,,,,
714760,信昌電國票64購01,18830,1.94,1.94,1.81,1.85
714761,信昌電國票64購02,78570,1.93,1.93,1.82,1.84
714762,信昌電國票65購01,64500,2.15,2.15,2.15,2.15
714763,信昌電國票65購02,33580,2.24,2.24,2.22,2.22
714764,信昌電國票66購01,7380,2.46,2.46,2.46,2.46
714765,宣德國票66購01,3300,0.66,0.66,0.66,0.66
714766,風青國票67購01,45300,0.9,0.91,0.9,0.91
714767,營邦國票65購01,452000,2.26,2.26,2.26,2.26
714768,環球晶國票64購04,1860590,2.22,2.7,2.19,2.33
714769,台燿統一65購02,343570,0.61,0.65,0.59,0.63
714770,台燿統一69購01,40320,0.72,0.72,0.72,0.72
714771,台燿統一69購02,135200,0.75,0.79,0.75,0.79
714772,台燿統一6C購01,0,,,,
714773,台燿統一71購02,111860,0.76,0.8,0.76,0.78
714774,台燿統一79購01,165760,0.89,0.91,0.89,0.91
714775,印能統一69購01,6800,0.68,0.68,0.68,0.68
714776,金山電統一79購01,0,,,,
714777,青雲統一79購01,0,,,,
714778,信昌電統一68購03,5190,0.65,0.65,0.64,0.65
714779,台燿國泰64購01,807660,1.52,1.66,1.51,1.58
714780,台燿國泰64購02,758310,1.85,1.85,1.33,1.42
714781,信昌電國泰64購03,125850,1.89,1.91,1.81,1.81
714782,元太富邦64購03,29160,0.81,0.81,0.81,0.81
714783,台半富邦65購01,109400,0.88,0.88,0.83,0.88
714784,台燿富邦63購04,365870,0.96,1.04,0.96,0.99
714785,台燿富邦63購05,119530,0.86,0.92,0.84,0.92
714786,金山電富邦65購01,6320,0.79,0.79,0.79,0.79
714787,晶呈富邦65購03,218410,0.97,1.06,0.95,1.06
714788,新應材富邦66購01,75240,0.76,0.76,0.76,0.76
714789,穩懋富邦67購01,160800,1.1,1.1,1.03,1.05
714790,譜瑞富邦64購03,0,,,,
714791,印能台新63購04,0,,,,
714792,茂綸台新63購03,19630,1.51,1.51,1.51,1.51
714793,創新服台新65購02,236960,2.05,2.12,2.05,2.08
714794,富強鑫台新63購01,0,,,,
714795,穩懋台新63購06,0,,,,
714796,穩懋台新63購07,826910,3.54,3.67,3.07,3.07
714797,天品凱基63購01,754540,1.29,1.45,1.29,1.45
714798,台半凱基63購04,24360,2.21,2.26,2.21,2.26
714799,印能凱基63購04,255920,2.02,2.02,1.95,1.99
714800,沛亨凱基63購05,0,,,,
714801,良維凱基63購06,99000,3.0,3.0,3.0,3.0
714802,亞通凱基63購03,143840,1.57,1.57,1.51,1.51
714803,亞通凱基64購01,0,,,,
714804,宜鼎凱基63購14,2538430,1.63,1.74,1.47,1.47
714805,昇達科凱基63購05,52020,2.31,2.37,2.31,2.37
714806,欣銓凱基63購03,124980,3.01,3.03,2.66,2.66
714807,威剛凱基63購15,0,,,,
714808,家登凱基63購05,44790,2.63,2.67,2.63,2.67
714809,頎邦凱基63購08,2180,2.18,2.18,2.18,2.18
714810,營邦凱基66購02,12570,3.18,3.18,3.13,3.13
714811,環球晶凱基68購01,33480,1.86,1.86,1.86,1.86
714812,穩懋凱基65購03,42660,2.86,2.86,2.78,2.78
714813,千附精統一79購01,0,,,,
714814,印能統一79購01,166820,1.61,1.61,1.59,1.6
714815,安碁統一69購01,0,,,,
714816,均華統一79購01,0,,,,
714817,崴寶統一6C購01,68400,0.76,0.76,0.76,0.76
714818,群聯統一69購03,98000,0.98,0.98,0.98,0.98
714819,茂綸國泰64購01,270490,1.43,1.43,1.38,1.38
714820,順達國泰64購01,369150,1.76,1.78,1.69,1.69
714821,環球晶國泰64購03,370230,1.71,2.02,1.71,1.78
714822,台燿富邦69購01,101850,0.73,0.74,0.71,0.71
714823,台燿富邦79購01,376300,1.21,1.26,1.2,1.25
714824,沛亨富邦66購01,8700,0.58,0.58,0.58,0.58
714825,家登富邦65購01,0,,,,
714826,家登富邦65購02,0,,,,
714827,順達富邦64購03,296850,0.83,0.83,0.81,0.81
714828,天品永豐63購01,326100,1.25,1.41,1.25,1.39
714829,世界永豐63購02,75320,2.36,2.54,2.36,2.54
714830,立端永豐63購01,16380,1.17,1.17,1.17,1.17
714831,宏碁資永豐64購01,2570,0.85,0.86,0.85,0.86
714832,青雲永豐64購02,0,,,,
714833,宣德永豐64購01,112400,1.32,1.33,1.32,1.33
714834,晶宏永豐63購02,46200,1.05,1.05,1.05,1.05
714835,群聯永豐63購11,56700,1.26,1.26,1.26,1.26
714836,穩懋永豐66購02,123160,1.08,1.12,1.08,1.12
714837,中美晶元大64購07,108030,1.34,1.38,1.25,1.25
714838,元太元大63購10,14790,0.87,0.87,0.87,0.87
714839,印能元大63購04,48000,0.8,0.8,0.8,0.8
714840,沛亨元大63購08,3380,1.69,1.69,1.69,1.69
714841,良維元大63購06,0,,,,
714842,良維元大63購07,0,,,,
714843,宜鼎元大66購02,359220,1.26,1.26,1.14,1.14
714844,東捷元大65購01,1034160,0.96,0.96,0.94,0.94
714845,威剛元大63購17,61880,2.21,2.21,2.21,2.21
714846,家登元大63購03,0,,,,
714847,家登元大64購03,0,,,,
714848,晶宏元大63購04,3300,0.66,0.66,0.66,0.66
714849,群聯元大63購34,858780,2.15,2.15,2.01,2.01
714850,群聯元大67購01,492020,2.27,2.29,2.1,2.1
714851,群聯元大68購05,644690,2.7,2.7,2.52,2.52
714852,擎亞元大65購01,0,,,,
714853,營邦元大63購08,75830,1.75,1.89,1.75,1.89
714854,環球晶元大63購12,536120,1.65,1.77,1.61,1.61
714855,環球晶元大64購05,311880,1.66,1.91,1.66,1.73
714856,環球晶元大65購08,331180,1.21,1.39,1.21,1.26
714857,千附精國票65購02,0,,,,
714858,巨漢國票64購01,61490,1.64,1.69,1.62,1.69
714859,印能國票64購02,0,,,,
714860,印能國票65購02,0,,,,
714861,宜鼎國票65購03,0,,,,
714862,晶呈國票68購01,0,,,,
714863,M31群益63購03,10300,2.06,2.06,2.06,2.06
714864,天品群益63購01,1143460,1.61,1.81,1.6,1.8
714865,世界群益63購05,18850,1.45,1.45,1.45,1.45
714866,竹陞群益63購03,13700,1.37,1.37,1.37,1.37
714867,威剛群益63購13,0,,,,
714868,威剛群益63購14,0,,,,
714869,博盛群益63購02,147340,1.4,1.48,1.4,1.48
714870,順達群益63購08,138000,3.51,3.52,3.37,3.37
714871,鈊象群益64購02,37410,0.87,0.87,0.87,0.87
714872,新應材群益63購08,0,,,,
714873,新應材群益63購09,91190,3.04,3.19,3.04,3.19
714874,群聯群益63購16,235900,5.7,5.75,5.0,5.0
714875,頎邦群益64購01,668230,1.67,1.67,1.58,1.59
714876,臺慶科群益64購01,67000,1.34,1.34,1.34,1.34
714877,環球晶群益63購07,254450,1.87,2.1,1.87,2.01
714878,環球晶群益63購08,0,,,,
714879,天品統一71購01,2800,0.69,0.71,0.69,0.71
714880,宏碁資統一69購01,0,,,,
714881,茂綸統一79購01,86170,0.64,0.64,0.63,0.63
714882,穩懋統一69購02,6750,0.75,0.75,0.75,0.75
714883,台半群益64購01,8500,1.7,1.7,1.7,1.7
714884,台燿群益64購01,176700,1.38,1.52,1.38,1.38
714885,宏捷科群益63購04,1191620,1.2,1.2,1.13,1.13
714886,沛亨群益64購02,0,,,,
714887,欣銓群益63購04,193250,4.19,4.19,3.69,3.69
714888,家登群益63購09,0,,,,
714889,營邦群益64購02,60730,0.9,0.97,0.9,0.97
714890,環球晶群益63購09,109590,1.65,2.07,1.65,1.86
714891,穩懋群益63購09,50350,3.33,3.37,3.33,3.37
714892,宜鼎中信66購01,0,,,,
714893,均華永豐64購02,0,,,,
714894,宏捷科永豐63購02,0,,,,
714895,宏捷科永豐64購02,0,,,,
714896,良維永豐64購02,0,,,,
714897,宜鼎永豐63購09,0,,,,
714898,宜鼎永豐64購04,0,,,,
714899,家登永豐63購05,0,,,,
714900,群聯永豐63購12,0,,,,
714901,大綜元大63購01,0,,,,
714902,台燿元大63購02,10630,1.31,1.36,1.31,1.36
714903,台燿元大63購03,240000,1.2,1.2,1.2,1.2
714904,台燿元大64購06,306830,1.22,1.27,1.18,1.25
714905,台燿元大65購02,48290,1.35,1.35,1.26,1.33
714906,印能元大63購05,32320,1.46,1.48,1.46,1.46
714907,沛亨元大63購09,8960,1.28,1.28,1.28,1.28
714908,宜鼎元大68購01,211960,1.02,1.02,1.0,1.02
714909,威剛元大63購18,85720,2.68,2.68,2.64,2.64
714910,家登元大63購04,0,,,,
714911,家登元大64購04,0,,,,
714912,晶宏元大63購05,0,,,,
714913,順達元大63購12,1590,1.59,1.59,1.59,1.59
714914,順達元大66購01,1590,1.59,1.59,1.59,1.59
714915,群聯元大63購35,12360,2.06,2.06,2.06,2.06
714916,群聯元大67購02,44800,2.08,2.08,2.0,2.0
714917,群聯元大68購06,0,,,,
714918,德微元大63購02,145990,2.36,2.4,2.3,2.4
714919,營邦元大63購09,53840,1.76,1.86,1.76,1.86
714920,環球晶元大68購12,172390,1.44,1.64,1.44,1.61
714921,台半國票66購02,0,,,,
714922,立端國票65購02,8650,0.87,0.87,0.86,0.86
714923,茂綸國票66購01,0,,,,
714924,能率亞國票66購01,0,,,,
714925,翔名國票69購01,0,,,,
714926,勤凱國票64購01,0,,,,
714927,勤凱國票65購01,0,,,,
714928,德微國票65購03,0,,,,
714929,穩懋國票6A購01,42340,1.64,1.64,1.5,1.5
714930,弘塑富邦63購04,0,,,,
714931,良維富邦64購03,50460,0.87,0.87,0.87,0.87
714932,宜鼎富邦63購05,249420,0.89,0.95,0.86,0.86
714933,環球晶富邦63購02,147120,0.75,0.91,0.75,0.8
714934,順達國泰64購02,14800,1.85,1.85,1.85,1.85
714935,宏碁資台新63購01,12280,1.55,1.55,1.51,1.51
714936,宏碁資台新63購02,99000,0.99,0.99,0.99,0.99
714937,東捷台新65購01,0,,,,
714938,高技台新63購02,249190,2.27,2.29,2.24,2.29
714939,創新服台新64購01,162630,1.32,1.5,1.32,1.43
714940,德微台新63購02,66060,1.65,1.68,1.65,1.68
714941,德微台新63購03,24920,1.16,1.34,1.16,1.26
714942,環球晶台新69購01,231340,0.81,0.9,0.81,0.88
714943,穩懋台新69購01,158750,1.11,1.14,1.02,1.02
714944,大綜凱基63購02,0,,,,
714945,中美晶凱基63購09,9220,2.31,2.31,2.3,2.3
714946,宏捷科凱基63購04,1210570,1.2,1.2,1.13,1.14
714947,宏碁資凱基63購01,0,,,,
714948,沛亨凱基64購02,0,,,,
714949,東捷凱基63購04,0,,,,
714950,茂綸凱基63購02,0,,,,
714951,晶呈凱基63購02,46390,1.36,1.51,1.36,1.51
714952,群聯凱基65購02,58240,3.75,3.75,3.56,3.63
714953,擎亞凱基64購01,0,,,,
714954,環球晶凱基64購05,120090,2.12,2.55,2.12,2.26
714955,台嘉碩台新66購01,58600,2.48,2.67,2.48,2.67
714956,立敦台新63購01,0,,,,
714957,欣銓台新63購01,251100,5.8,5.8,5.55,5.55
714958,鈺創台新63購01,0,,,,
714959,鈺創台新63購02,31900,3.19,3.19,3.19,3.19
714960,鈺創台新63購03,0,,,,
714961,鈺創台新63購04,0,,,,
714962,鈺創台新69購01,0,,,,
714963,頎邦台新63購04,7780,3.89,3.89,3.89,3.89
714964,霖宏台新63購01,0,,,,
714965,台燿凱基63購06,113460,2.25,2.25,2.17,2.2
714966,印能凱基63購05,40800,1.7,1.7,1.7,1.7
714967,東捷凱基67購01,0,,,,
714968,威剛凱基63購16,0,,,,
714969,富喬凱基63購04,33640,2.08,2.14,2.08,2.14
714970,富喬凱基63購05,0,,,,
714971,富喬凱基63購06,0,,,,
714972,富喬凱基63購07,0,,,,
714973,富喬凱基63購09,0,,,,
714974,富喬凱基63購10,0,,,,
714975,鈺創凱基63購01,0,,,,
714976,鈺創凱基63購02,0,,,,
714977,鈺創凱基63購03,0,,,,
714978,穩懋凱基63購12,23320,4.35,4.35,3.67,3.67
714979,天品國票64購01,423360,1.33,1.43,1.33,1.43
714980,台燿國票65購01,57740,1.06,1.07,1.06,1.07
714981,沛亨國票68購03,0,,,,
714982,原相國票64購01,0,,,,
714983,創新服國票64購01,16540,1.85,1.85,1.74,1.74
714984,富喬國票64購02,6750,1.35,1.35,1.35,1.35
714985,富喬國票65購02,0,,,,
714986,華電網國票64購01,0,,,,
714987,鈺創國票65購01,0,,,,
714988,霖宏國票65購01,0,,,,
714989,台燿元大65購03,30860,1.54,1.57,1.54,1.54
714990,台燿元大68購01,298810,1.45,1.45,1.4,1.43
714991,竹陞元大66購01,0,,,,
714992,均華元大66購02,88200,0.9,0.9,0.9,0.9
714993,宜鼎元大68購02,95000,0.95,0.95,0.95,0.95
714994,威剛元大63購19,2460,2.46,2.46,2.46,2.46
714995,風青元大63購01,94510,1.47,1.47,1.43,1.46
714996,富喬元大63購07,22940,0.79,0.79,0.74,0.74
714997,富喬元大63購08,3315350,0.74,0.74,0.73,0.73
714998,晶宏元大63購06,0,,,,
714999,群聯元大63購36,120600,1.8,1.8,1.8,1.8
715000,群聯元大63購37,0,,,,
715001,群聯元大64購16,0,,,,
715002,鈺創元大63購01,0,,,,
715003,鈺創元大63購02,0,,,,
715004,霖宏元大63購01,66000,1.32,1.32,1.32,1.32
715005,擎亞元大66購01,138000,1.15,1.15,1.15,1.15
715006,營邦元大63購10,55000,1.0,1.0,1.0,1.0
715007,環球晶元大68購13,17180,1.97,1.97,1.87,1.87
715008,世界永豐63購03,0,,,,
715009,台嘉碩永豐63購01,0,,,,
715010,台燿永豐63購06,0,,,,
715011,台燿永豐64購05,983030,1.97,1.97,1.97,1.97
715012,伯特光永豐66購01,0,,,,
715013,東洋永豐64購01,0,,,,
715014,杰力永豐64購02,71400,0.84,0.84,0.84,0.84
715015,長佳智永豐63購01,0,,,,
715016,昱展永豐64購02,0,,,,
715017,茂綸永豐63購01,0,,,,
715018,博士旺永豐64購01,0,,,,
715019,富喬永豐63購03,0,,,,
715020,富喬永豐63購04,0,,,,
715021,富喬永豐63購05,0,,,,
715022,富喬永豐64購03,0,,,,
715023,智擎永豐64購01,0,,,,
715024,鈺創永豐63購01,0,,,,
715025,鈺創永豐63購02,27600,0.92,0.92,0.92,0.92
715026,鈺創永豐63購03,27600,0.92,0.92,0.92,0.92
715027,鈺創永豐63購04,28480,0.89,0.89,0.89,0.89
715028,鈺創永豐64購01,0,,,,
715029,廣穎永豐63購01,0,,,,
715030,霖宏永豐63購01,31950,1.05,1.08,1.05,1.08
715031,環球晶永豐63購11,0,,,,
715032,環球晶永豐63購12,736410,1.64,1.64,1.57,1.57
715033,台燿中信63購02,163110,0.99,1.04,0.99,1.0
715034,富喬中信64購04,0,,,,
715035,富喬國泰64購01,0,,,,
715036,富喬國泰64購02,0,,,,
715037,宜鼎富邦63購06,0,,,,
715038,富喬富邦63購02,220710,0.84,0.86,0.84,0.86
715039,德微富邦63購02,126900,0.66,0.75,0.66,0.75
715040,穩懋富邦66購01,33160,0.89,0.89,0.79,0.83
715041,M31群益63購04,0,,,,
715042,中美晶群益63購07,0,,,,
715043,弘塑群益64購02,0,,,,
715044,印能群益64購01,0,,,,
715045,欣銓群益63購05,0,,,,
715046,環球晶群益63購10,27230,1.82,1.82,1.8,1.8
715047,穩懋群益63購11,79950,1.83,1.88,1.83,1.87
715048,譜瑞群益63購02,1410,1.41,1.41,1.41,1.41
715049,台半統一66購01,0,,,,
715050,台燿統一79購02,41580,0.8,0.8,0.79,0.79
715051,金山電統一6C購03,0,,,,
715052,富喬統一68購01,0,,,,
715053,富喬統一69購01,0,,,,
715054,富喬統一6A購02,0,,,,
715055,富喬統一79購01,15120,0.72,0.72,0.72,0.72
715056,群聯統一6B購02,59550,0.75,0.75,0.68,0.68
715057,鈺創統一68購01,0,,,,
715058,鈺創統一69購01,30240,0.63,0.63,0.63,0.63
715059,鈺創統一71購01,6400,0.64,0.64,0.64,0.64
715060,鈺創統一79購01,0,,,,
715061,旺矽台新63購01,0,,,,
715062,旺矽台新63購02,6700,6.7,6.7,6.7,6.7
715063,旺矽台新63購03,0,,,,
715064,旺矽台新63購04,0,,,,
715065,旺矽台新63購05,197600,0.82,0.84,0.82,0.84
715066,旺矽台新69購01,8350,1.67,1.67,1.67,1.67
715067,旺矽台新69購02,0,,,,
715068,群聯台新69購01,0,,,,
715069,群聯台新69購02,0,,,,
715070,群聯台新69購03,0,,,,
715071,點序台新63購01,0,,,,
715072,弘塑凱基63購09,0,,,,
715073,印能凱基63購06,0,,,,
715074,竹陞凱基69購01,0,,,,
715075,均華凱基63購04,0,,,,
715076,宜鼎凱基66購02,0,,,,
715077,旺矽凱基63購03,213000,2.13,2.13,2.13,2.13
715078,旺矽凱基63購04,0,,,,
715079,旺矽凱基63購05,0,,,,
715080,旺矽凱基63購06,12090,2.34,2.56,2.34,2.56
715081,旺矽凱基63購07,0,,,,
715082,旺矽凱基63購08,0,,,,
715083,旺矽凱基65購01,156000,1.56,1.56,1.56,1.56
715084,旺矽凱基65購02,0,,,,
715085,旺矽凱基65購03,0,,,,
715086,旺矽凱基67購01,215000,2.15,2.15,2.15,2.15
715087,旺矽凱基67購02,262000,2.62,2.62,2.62,2.62
715088,富喬凱基65購02,1600,1.6,1.6,1.6,1.6
715089,群聯凱基68購03,0,,,,
715090,頎邦凱基64購05,0,,,,
715091,環球晶凱基63購05,0,,,,
715092,穩懋凱基63購14,0,,,,
715093,譜瑞凱基65購03,0,,,,
715094,大綜元大63購02,0,,,,
715095,天品元大63購01,0,,,,
715096,竹陞元大64購01,0,,,,
715097,竹陞元大66購02,0,,,,
715098,沛亨元大64購01,0,,,,
715099,沛亨元大66購01,0,,,,
715100,旺矽元大63購01,50000,1.25,1.25,1.25,1.25
715101,旺矽元大63購02,6100,1.22,1.22,1.22,1.22
715102,旺矽元大63購03,81200,0.97,1.03,0.97,1.0
715103,旺矽元大65購01,0,,,,
715104,旺矽元大67購01,0,,,,
715105,旺矽元大68購01,0,,,,
715106,晶宏元大63購07,0,,,,
715107,雅特力元大63購06,0,,,,
715108,群聯元大63購38,0,,,,
715109,群聯元大63購39,91500,1.83,1.83,1.83,1.83
715110,群聯元大66購08,0,,,,
715111,營邦元大63購11,0,,,,
715112,環球晶元大63購13,0,,,,
715113,M31國票66購02,0,,,,
715114,大綜國票65購01,0,,,,
715115,中美晶國票68購01,0,,,,
715116,世界國票66購01,0,,,,
715117,安葆國票65購02,0,,,,
715118,宏碁資國票68購01,0,,,,
715119,良維國票69購02,0,,,,
715120,旺矽國票64購01,0,,,,
715121,旺矽國票65購01,0,,,,
715122,旺矽國票66購01,0,,,,
715123,旺矽國票67購02,0,,,,
715124,欣銓國票67購01,0,,,,
715125,青雲國票64購02,0,,,,
715126,青雲國票65購02,0,,,,
715127,華景電國票65購03,0,,,,
715128,聖暉*國票65購04,0,,,,
715129,頎邦國票6A購01,0,,,,
715130,穩懋國票6C購01,0,,,,
715131,大綜群益64購01,0,,,,
715132,中美晶群益63購08,10600,1.06,1.06,1.06,1.06
715133,台星科群益63購01,8480,1.7,1.7,1.69,1.69
715134,巨漢群益63購01,6960,1.74,1.74,1.74,1.74
715135,安碁群益63購01,0,,,,
715136,竹陞群益63購04,0,,,,
715137,均華群益63購04,0,,,,
715138,良維群益63購04,0,,,,
715139,宜鼎群益63購09,0,,,,
715140,旺矽群益63購02,48260,2.1,2.12,2.09,2.12
715141,旺矽群益63購03,66700,2.2,2.27,2.2,2.27
715142,旺矽群益63購04,213000,3.55,3.55,3.55,3.55
715143,東捷群益63購04,0,,,,
715144,南俊群益64購01,0,,,,
715145,順達群益63購09,0,,,,
715146,群聯群益63購17,0,,,,
715147,聖暉*群益63購02,0,,,,
715148,鈺創群益63購01,0,,,,
715149,鈺創群益64購01,625610,1.48,1.61,1.48,1.61
715150,頎邦群益63購07,0,,,,
715151,頎邦群益63購08,0,,,,
715152,環球晶群益63購11,0,,,,
715153,順達國泰64購03,0,,,,
715154,世界富邦66購01,144000,0.72,0.72,0.72,0.72
715155,均華富邦65購02,0,,,,
715156,旺矽富邦65購01,0,,,,
715157,旺矽富邦69購01,0,,,,
715158,昇達科富邦67購01,0,,,,
715159,原相富邦63購01,0,,,,
715160,富喬富邦6C購01,0,,,,
715161,新應材富邦69購01,0,,,,
715162,德微富邦63購03,0,,,,
715163,中美晶統一69購01,3300,0.66,0.66,0.66,0.66
715164,世界統一69購01,0,,,,
715165,台嘉碩統一69購01,0,,,,
715166,竹陞統一79購01,20860,0.66,0.66,0.63,0.63
715167,旺矽統一67購01,5450,1.09,1.09,1.09,1.09
715168,旺矽統一67購02,0,,,,
715169,東捷統一6C購01,0,,,,
715170,欣銓統一6C購02,10650,0.73,0.73,0.7,0.7
715171,群聯統一69購04,0,,,,
715172,鈺創統一69購02,0,,,,
715173,霖宏統一71購01,0,,,,
715174,環球晶統一69購01,27450,0.66,0.71,0.66,0.67
715175,世界中信66購01,45500,0.91,0.91,0.91,0.91
715176,旺矽中信63購01,41760,0.56,0.63,0.56,0.62
715177,順達中信63購01,0,,,,
715178,群聯中信63購03,0,,,,
715179,天品永豐66購01,0,,,,
715180,均華永豐65購01,0,,,,
715181,宏碁資永豐63購02,0,,,,
715182,良維永豐64購03,0,,,,
715183,旺矽永豐63購01,11990,1.09,1.09,1.09,1.09
715184,旺矽永豐63購02,15800,0.79,0.79,0.79,0.79
715185,旺矽永豐63購03,15600,0.78,0.78,0.78,0.78
715186,旺矽永豐66購01,0,,,,
715187,旺矽永豐66購02,0,,,,
715188,旺矽永豐69購01,0,,,,
715189,昇達科永豐64購01,0,,,,
715190,欣銓永豐63購02,159800,1.29,1.29,1.2,1.2
715191,倚強永豐63購01,0,,,,
715192,創新服永豐63購02,2216440,0.88,0.88,0.82,0.83
715193,富喬永豐65購03,0,,,,
715194,聖暉*永豐63購03,0,,,,
715195,頎邦永豐65購03,0,,,,
715196,穩懋永豐63購09,0,,,,
72400U,博智群益5A售02,0,,,,
72414U,振曜群益5A售01,0,,,,
724668,昇達科統一59購01,69600,5.8,5.8,5.8,5.8
724669,昇達科統一59購02,0,,,,
724670,神盾統一59購01,0,,,,
72479U,擎亞群益5B售01,0,,,,
72485U,信驊群益5B售01,0,,,,
724979,鈊象統一5A購01,0,,,,
72501U,雙鴻中信5B售02,11800,0.05,0.06,0.05,0.05
725048,原相統一5A購01,0,,,,
72523U,新應材群益5B售01,0,,,,
72572U,精測群益62售01,0,,,,
725744,新復興統一5A購01,120,0.04,0.04,0.04,0.04
72587U,華電網國票5A售01,0,,,,
725881,鈊象元富5A購01,0,,,,
726037,元債20元富5A購01,0,,,,
726070,元債20元富5A購02,0,,,,
72610U,富喬國票5C售02,12000,0.06,0.06,0.06,0.06
726119,華星光統一5B購01,0,,,,
72614U,富喬中信5C售02,0,,,,
726194,元債20元富5B購01,0,,,,
72622U,精測群益62售02,150800,0.08,0.09,0.08,0.09
72629U,櫃200群益5B售02,0,,,,
72638U,譜瑞群益5C售01,0,,,,
72650U,雙鴻群益59售01,0,,,,
72691U,信驊群益5B售03,0,,,,
726924,金麗科統一5B購01,0,,,,
726925,金麗科統一5B購02,0,,,,
726926,金麗科統一5B購03,91000,0.07,0.07,0.07,0.07
726927,金麗科統一5B購04,27200,0.07,0.07,0.06,0.06
72692U,信驊群益61售02,0,,,,
72704U,點序群益61售01,0,,,,
727095,高鋒統一5A購01,0,,,,
72713U,世界群益5B售01,0,,,,
72724U,信驊國票5B售01,2900,0.01,0.01,0.01,0.01
72733U,中探針群益62售01,0,,,,
72735U,世界群益5A售01,0,,,,
72736U,精材群益5A售04,0,,,,
72737U,雙鴻群益5A售04,0,,,,
72747U,閎康群益5A售02,0,,,,
72748U,精測群益5A售02,0,,,,
72749U,精測群益62售04,63600,0.48,0.55,0.47,0.54
72754U,博智群益62售02,0,,,,
72766U,富喬群益5A售02,0,,,,
72772U,穩懋群益63售01,116800,0.11,0.12,0.11,0.12
72774U,信驊永豐5A售01,0,,,,
72781U,系統電國票5A售01,0,,,,
72782U,環球晶群益62售01,0,,,,
72785U,旺矽富邦5A售02,0,,,,
72790U,閎康群益63售01,0,,,,
72791U,榮剛群益63售01,0,,,,
72794U,雙鴻凱基5A售02,0,,,,
72795U,神盾群益61售01,0,,,,
72797U,台特化國票5A售02,0,,,,
72798U,宏觀國票5A售01,0,,,,
72799U,雙鴻國票5A售01,0,,,,
728003,金麗科統一5C購01,0,,,,
72800U,信驊永豐5B售01,0,,,,
72807U,新應材國泰5A售01,0,,,,
72808U,新應材國票5A售03,0,,,,
72809U,萬泰科國票5A售02,0,,,,
72810U,鑫聯國票5A售02,0,,,,
72812U,茂迪國票5A售03,0,,,,
72813U,宜鼎群益5B售03,0,,,,
72814U,精測群益5B售02,10250,0.17,0.22,0.17,0.2
72818U,信驊永豐5C售01,200,0.06,0.08,0.06,0.08
72820U,鑫聯國票5A售03,0,,,,
728264,元債20永豐61購01,0,,,,
72827U,元太群益5B售02,0,,,,
72828U,台燿群益5B售01,0,,,,
72829U,宏捷科群益5C售01,38190,0.57,0.57,0.57,0.57
72830U,元太凱基5B售03,0,,,,
72831U,台燿凱基59售05,0,,,,
72833U,台燿元富59售04,0,,,,
72834U,台燿中信59售08,0,,,,
72835U,東捷群益59售03,0,,,,
72836U,東捷群益5B售01,0,,,,
72837U,鈊象群益59售04,0,,,,
72838U,鈊象群益5B售02,0,,,,
72839U,台燿元大59售25,0,,,,
72840U,世界群益5B售04,0,,,,
72841U,神盾群益5C售01,0,,,,
72842U,鈊象群益63售01,0,,,,
72843U,精材群益63售01,1670,0.05,0.07,0.05,0.05
72844U,雙鴻群益59售15,0,,,,
72845U,雙鴻凱基5A售04,0,,,,
72846U,鈊象凱基5A售02,0,,,,
72847U,印能國票5A售04,0,,,,
72848U,雙鴻群益5A售06,0,,,,
72849U,印能凱基5A售04,0,,,,
72850U,印能國票5A售05,0,,,,
728516,系微統一5C購01,0,,,,
72851U,矽科國票5B售02,0,,,,
728520,金麗科統一5C購02,0,,,,
72852U,旺矽元大5A售03,0,,,,
72853U,信驊元大5A售01,0,,,,
72854U,信驊永豐61售01,0,,,,
72855U,信驊富邦5C售02,579310,0.2,0.2,0.18,0.2
72856U,頎邦凱基5A售03,0,,,,
72857U,雙鴻元大5A售06,0,,,,
72858U,巨漢國票5A售02,0,,,,
72859U,弘塑國票5B售02,1980,0.32,0.34,0.32,0.34
72860U,弘塑元大5A售03,0,,,,
72861U,華電網凱基5A售01,0,,,,
72862U,群聯國票5B售02,0,,,,
72863U,蜜望實國票5A售03,0,,,,
72864U,群聯凱基5A售03,0,,,,
72865U,信驊永豐5B售03,0,,,,
72866U,旺矽凱基5A售06,21150,0.23,0.23,0.17,0.17
72867U,旺矽富邦61售01,419370,0.55,0.56,0.5,0.5
72868U,富喬群益5C售01,36360,0.36,0.36,0.36,0.36
72869U,立碁國票5B售03,0,,,,
72870U,群聯國票5B售06,0,,,,
72871U,群聯群益61售02,0,,,,
72872U,聖暉*台新5B售01,0,,,,
72873U,威剛國票5C售02,0,,,,
72874U,威剛群益5C售02,0,,,,
72875U,威剛凱基5B售05,0,,,,
72876U,合晶台新5B售05,1360,0.03,0.1,0.03,0.1
72877U,群聯台新5B售07,10000,0.5,0.5,0.5,0.5
72878U,群聯台新5B售08,0,,,,
72879U,世界凱基5B售02,0,,,,
72880U,良維國票5C售02,260,0.26,0.26,0.26,0.26
72881U,鈊象台新5B售03,0,,,,
72882U,環球晶台新5B售03,641590,0.24,0.24,0.17,0.22
72883U,環球晶國票5B售02,688640,0.35,0.35,0.33,0.33
72884U,鈊象群益61售01,0,,,,
72885U,中美晶群益5B售02,0,,,,
72886U,群聯群益5B售06,0,,,,
72887U,精材群益5B售05,0,,,,
72888U,德微群益5B售02,15500,0.17,0.17,0.14,0.14
72889U,新盛力群益5B售04,24600,0.19,0.2,0.19,0.2
72890U,廣穎群益5B售03,0,,,,
72891U,世界台新5B售03,0,,,,
728920,元債20元富61購01,0,,,,
72892U,台特化台新5B售04,0,,,,
72893U,威剛中信64售01,0,,,,
72894U,世界群益62售01,0,,,,
72895U,台特化群益5B售01,0,,,,
728967,驊訊統一61購01,3300,0.04,0.05,0.04,0.05
72896U,精材凱基5B售08,0,,,,
72897U,精材群益5B售08,0,,,,
72898U,雷科國票5B售03,9000,0.22,0.23,0.22,0.23
72899U,立敦台新5B售04,0,,,,
72900U,德微國票5C售04,0,,,,
72901U,德微國票5C售05,61790,0.64,0.64,0.55,0.55
72902U,擎亞國票5B售03,1040,1.04,1.04,1.04,1.04
72903U,群聯凱基5B售08,5800,0.58,0.58,0.58,0.58
72904U,欣銓台新5B售05,121420,0.39,0.45,0.39,0.45
72905U,臺慶科台新5B售05,0,,,,
72906U,博智群益5B售04,0,,,,
72907U,群聯富邦61售05,5700,0.57,0.57,0.57,0.57
72908U,威剛群益65售01,35600,1.78,1.78,1.78,1.78
72909U,威剛凱基65售01,530,0.53,0.53,0.53,0.53
72910U,精材台新5B售06,1750,0.05,0.05,0.05,0.05
72911U,威剛元大5B售16,1140,0.57,0.57,0.57,0.57
72912U,良維群益61售02,0,,,,
72913U,威剛群益5B售04,0,,,,
72914U,威剛群益5B售05,0,,,,
72915U,威剛群益61售03,0,,,,
72916U,中美晶凱基5B售06,0,,,,
729171,M31統一61購01,0,,,,
729172,M31統一61購02,0,,,,
72917U,威剛凱基5B售09,9280,0.58,0.58,0.58,0.58
729186,華星光統一61購01,16650,2.8,2.8,2.65,2.65
729187,華星光統一61購02,5570,2.8,2.8,2.77,2.77
72918U,威剛永豐61售03,126000,0.42,0.42,0.42,0.42
72919U,順達台新5C售01,4140,0.69,0.69,0.69,0.69
72920U,佳邦群益5C售01,0,,,,
72921U,富喬台新5C售03,35150,0.34,0.36,0.33,0.35
72922U,威剛凱基5C售05,0,,,,
72923U,宜鼎台新5C售05,0,,,,
72924U,台半群益5C售03,0,,,,
72925U,台半凱基5C售03,22680,0.57,0.58,0.55,0.57
72926U,臺慶科凱基5C售03,0,,,,
72927U,聖暉*台新5C售05,0,,,,
72928U,富喬凱基5C售04,1500,0.15,0.15,0.15,0.15
72929U,臺慶科台新5C售02,0,,,,
72930U,威剛群益5C售08,0,,,,
72931U,群聯群益5C售10,0,,,,
72932U,威剛國泰61售02,19810,1.42,1.42,1.41,1.41
72933U,世界群益66售01,9840,2.46,2.46,2.46,2.46
72934U,精材群益66售01,17600,0.88,0.88,0.88,0.88
72935U,世界台新5C售02,0,,,,
72936U,宜鼎凱基5C售10,248000,1.66,1.66,1.64,1.64
72937U,元太國票62售01,0,,,,
72938U,世界國票62售01,7840,0.98,0.98,0.98,0.98
72939U,威剛國票62售01,0,,,,
72940U,臺慶科國票62售01,5400,1.35,1.35,1.35,1.35
72941U,雙鴻永豐61售04,520,0.26,0.26,0.26,0.26
72942U,家登群益61售03,7500,0.75,0.75,0.75,0.75
72943U,頎邦國票61售01,0,,,,
72944U,中光電台新61售03,0,,,,
72945U,頎邦台新61售03,120350,1.13,1.15,1.13,1.15
72946U,世界群益61售03,66400,0.64,0.64,0.6,0.6
72947U,台星科群益61售02,76800,0.24,0.24,0.24,0.24
72948U,精材群益63售02,4400,0.88,0.88,0.88,0.88
72949U,威剛元大61售06,0,,,,
72950U,精材凱基63售02,90940,0.8,0.81,0.76,0.81
72951U,中光電台新61售05,0,,,,
72952U,精材國票61售05,2570,0.65,0.65,0.64,0.64
72953U,精材國票65售02,0,,,,
72954U,群聯中信61售02,133880,0.72,0.79,0.72,0.77
72955U,宜鼎國票61售03,2200,1.1,1.1,1.1,1.1
72956U,群聯國票61售05,0,,,,
72957U,良維群益63售01,0,,,,
72958U,群聯群益63售02,0,,,,
72959U,雙鴻群益63售03,189560,0.23,0.26,0.22,0.26
72960U,良維凱基61售03,0,,,,
72961U,群聯凱基61售10,0,,,,
72962U,宜鼎群益67售01,0,,,,
72963U,中美晶國票61售06,23000,1.52,1.62,1.52,1.62
72964U,中美晶國票64售02,0,,,,
72965U,青雲國票61售03,0,,,,
72966U,雙鴻凱基61售07,1800,0.09,0.09,0.09,0.09
72967U,順達國票61售03,0,,,,
72968U,群聯國票64售01,0,,,,
72969U,聖暉*國票61售05,0,,,,
72970U,雙鴻國票61售02,0,,,,
72971U,良維群益67售01,0,,,,
72972U,雙鴻群益61售03,1100,0.11,0.11,0.11,0.11
72973U,M31國票61售02,0,,,,
72974U,威剛國票65售01,0,,,,
72975U,譜瑞國票61售01,7440,0.93,0.93,0.93,0.93
72976U,順達凱基61售06,0,,,,
72977U,雙鴻國泰63售01,82170,0.33,0.33,0.33,0.33
72978U,威剛凱基61售06,0,,,,
72979U,群聯台新61售07,0,,,,
729804,僑威統一5A購01,0,,,,
729808,騰雲統一5A購01,0,,,,
72980U,頎邦凱基61售05,0,,,,
72981U,欣銓國票61售04,105250,0.59,0.63,0.59,0.63
72982U,華景電國票61售02,0,,,,
72983U,家登群益63售02,0,,,,
72984U,凡甲國票61售01,0,,,,
72985U,中美晶國票63售01,0,,,,
72986U,元太國票61售02,0,,,,
72987U,宜特國票61售02,0,,,,
72988U,頎邦國票64售02,0,,,,
72989U,廣穎國票61售01,0,,,,
72990U,中美晶元大61售09,36920,0.71,0.71,0.71,0.71
72991U,群聯元大61售20,0,,,,
72992U,中美晶富邦67售02,3200,0.64,0.64,0.64,0.64
72993U,中美晶凱基63售03,56000,1.12,1.12,1.12,1.12
72994U,元太凱基61售07,0,,,,
72995U,群聯凱基63售03,0,,,,
72996U,立碁國票64售02,0,,,,
72997U,良維國票61售02,0,,,,
72998U,新普國票61售02,0,,,,
72999U,世界國票62售02,0,,,,
73000U,宜鼎國票63售01,0,,,,
73001U,欣銓國票63售01,5290,0.66,0.67,0.66,0.67
73002U,順達國票63售01,0,,,,
73003U,鈊象國票62售01,0,,,,
73004U,群翊國票62售01,0,,,,
73005U,群聯國票62售01,17200,0.43,0.43,0.43,0.43
73006U,雙鴻國票63售01,0,,,,
73007U,世界凱基63售03,0,,,,
73008U,中美晶國票64售03,0,,,,
73009U,光焱國票65售01,0,,,,
73010U,頎邦國票64售03,0,,,,
73011U,中美晶國票66售01,1340,0.67,0.67,0.67,0.67
73012U,威剛國票65售02,0,,,,
73013U,威剛元大63售02,64640,0.77,0.78,0.77,0.78
73014U,家登凱基63售02,0,,,,
730157,綠界*統一5A購01,0,,,,
73015U,新應材凱基63售04,0,,,,
73016U,宜鼎國票66售02,0,,,,
73017U,順達國票66售01,0,,,,
73018U,群聯國票66售02,0,,,,
73019U,雙鴻國票66售02,13860,0.44,0.44,0.43,0.43
73020U,雙鴻元大63售07,0,,,,
73021U,威剛凱基63售03,0,,,,
73022U,威剛元大63售03,4440,1.11,1.11,1.11,1.11
73023U,雙鴻凱基63售07,6200,0.31,0.31,0.31,0.31
73024U,弘塑國票67售01,0,,,,
73025U,朋億*國票66售02,0,,,,
73026U,金山電國票68售01,0,,,,
73027U,萬潤國票66售02,0,,,,
73028U,萬潤國票68售02,0,,,,
73029U,聖暉*國票66售01,0,,,,
73030U,中美晶台新62售02,0,,,,
73031U,威剛凱基63售05,0,,,,
73032U,M31國票66售01,0,,,,
73033U,富喬台新62售01,574610,0.72,0.77,0.71,0.77
73034U,中美晶凱基64售03,870,0.87,0.87,0.87,0.87
73035U,群聯永豐64售12,0,,,,
73036U,富喬國票63售02,73950,0.87,0.87,0.87,0.87
73037U,富喬國票65售01,0,,,,
73038U,中美晶群益63售03,0,,,,
73039U,東捷群益64售02,38560,0.4,0.42,0.4,0.42
730401,M31統一62購01,0,,,,
730402,M31統一62購02,600,0.06,0.06,0.06,0.06
730403,M31統一62購03,0,,,,
73040U,穩懋群益64售02,327830,1.16,1.23,1.12,1.2
73041U,穩懋國泰64售01,0,,,,
73042U,穩懋凱基63售06,0,,,,
73043U,穩懋凱基63售07,86050,0.37,0.42,0.37,0.42
73044U,宏捷科凱基63售01,4040,1.01,1.01,1.01,1.01
73045U,蜜望實國票63售02,0,,,,
73046U,中美晶中信62售02,66000,0.55,0.55,0.55,0.55
73047U,宜特群益62售02,0,,,,
73048U,東捷群益62售02,68400,1.62,1.66,1.62,1.63
730493,昇達科統一5C購01,0,,,,
73049U,振曜群益66售01,0,,,,
73050U,群聯永豐63售04,0,,,,
73051U,陽程國票66售01,17590,0.56,0.57,0.56,0.57
73052U,世紀*國票6A售01,62110,0.76,0.77,0.76,0.76
73053U,頎邦台新62售02,30490,0.72,0.82,0.72,0.8
73054U,弘塑群益64售01,0,,,,
73055U,世紀*國票68售01,1357280,1.0,1.01,1.0,1.01
73056U,沛亨國票68售01,0,,,,
73057U,宜鼎元大62售02,145200,1.42,1.5,1.38,1.5
73058U,頎邦群益62售03,0,,,,
73059U,安葆國票68售01,0,,,,
73060U,宏捷科國票63售01,7520,0.94,0.94,0.94,0.94
73061U,環球晶凱基62售06,189140,1.45,1.45,1.31,1.41
73062U,環球晶群益64售01,6750,0.68,0.68,0.67,0.67
73063U,環球晶中信62售03,5800,0.58,0.58,0.58,0.58
73064U,環球晶元大62售04,1700,0.85,0.85,0.85,0.85
73065U,環球晶台新63售01,28330,1.31,1.31,1.22,1.22
73066U,千附精國票63售01,0,,,,
73067U,晶宏國票63售01,0,,,,
73068U,均華群益63售01,23360,1.46,1.46,1.46,1.46
73069U,精材群益63售09,99000,1.65,1.75,1.63,1.7
73070U,精材群益69售01,14590,1.62,1.63,1.62,1.63
73071U,雙鴻群益63售09,167030,0.4,0.46,0.4,0.43
73072U,精材國票64售03,1720,0.86,0.86,0.86,0.86
730733,原相統一5B購01,0,,,,
73073U,環球晶國票64售03,0,,,,
73074U,精材台新63售05,1980,0.99,0.99,0.99,0.99
73075U,環球晶台新63售04,15780,1.02,1.02,0.97,0.97
73076U,雙鴻凱基63售17,229250,1.08,1.16,1.08,1.13
73077U,漢達國票65售02,0,,,,
73078U,擎亞台新63售02,4520,2.26,2.26,2.26,2.26
73079U,博智凱基63售06,0,,,,
73080U,順達元大63售11,173280,1.14,1.14,1.14,1.14
73081U,昇達科台新63售02,0,,,,
73082U,信驊台新63售04,118230,1.63,1.74,1.63,1.74
73083U,信驊凱基63售06,3973030,1.82,1.93,1.82,1.9
73084U,信驊富邦66售02,27590,2.74,2.79,2.73,2.79
73085U,信驊永豐63售01,229910,0.72,0.78,0.72,0.77
73086U,信驊永豐64售01,0,,,,
73087U,信驊元大63售03,51100,1.86,1.91,1.86,1.91
73088U,信驊群益63售03,3760640,1.88,2.1,1.84,2.05
73089U,信驊群益63售04,5160620,2.4,3.0,2.4,2.63
73090U,竹陞國票67售01,0,,,,
73091U,信驊國票64售02,150540,2.67,2.84,2.67,2.84
73092U,信驊國票65售01,316260,1.41,1.49,1.41,1.49
73093U,信驊國票65售02,42950,2.21,2.3,2.21,2.3
73094U,漢達國票65售03,0,,,,
73095U,穩懋國票65售01,0,,,,
73096U,穩懋國票69售01,0,,,,
73097U,頎邦台新63售03,156560,1.57,1.6,1.57,1.59
73098U,台半國票65售02,8980,0.99,1.01,0.99,1.0
73099U,弘塑國票65售02,10200,1.02,1.02,1.02,1.02
73100U,威聯通國票65售01,0,,,,
73101U,崴寶國票65售01,0,,,,
73102U,萊德光國票65售01,0,,,,
73103U,雷科國票64售03,1087580,1.78,1.78,1.78,1.78
73104U,光頡台新63售03,169280,1.01,1.01,0.89,0.89
73105U,頎邦群益63售06,14800,0.53,0.56,0.53,0.55
73106U,竹陞國票65售02,0,,,,
73107U,南俊國票65售01,28200,0.94,0.94,0.94,0.94
73108U,茂達國票65售03,0,,,,
73109U,茂綸國票65售02,34960,0.76,0.76,0.76,0.76
73110U,高技國票65售03,0,,,,
73111U,博盛國票65售01,62400,0.78,0.78,0.78,0.78
73112U,雅特力國票65售01,0,,,,
73113U,弘塑凱基65售02,0,,,,
73114U,巨有國票64售02,201170,0.95,1.04,0.95,0.97
73115U,旭然國票68售01,0,,,,
73116U,昇達科國票64售03,0,,,,
73117U,萊德光國票64售02,8950,0.69,0.69,0.68,0.68
73118U,東捷凱基63售03,0,,,,
73119U,台燿台新63售02,8600,1.72,1.72,1.72,1.72
73120U,良維台新63售02,0,,,,
73121U,穩懋群益63售08,0,,,,
73122U,台燿國票66售01,0,,,,
73123U,信昌電國票64售03,98400,1.87,1.91,1.87,1.9
731240,金麗科元富61購01,6500,0.65,0.65,0.65,0.65
73124U,信昌電國票65售03,27000,1.8,1.8,1.8,1.8
73125U,台燿凱基63售05,15100,1.73,1.73,1.64,1.64
731265,順達統一5B購01,0,,,,
73126U,穩懋凱基63售11,1320,1.32,1.32,1.32,1.32
73127U,穩懋國票64售01,6330,0.87,0.91,0.87,0.91
73128U,青雲群益66售01,0,,,,
73129U,東捷群益63售03,0,,,,
73130U,穩懋群益63售10,31150,0.89,0.89,0.89,0.89
73131U,久元國票65售02,0,,,,
73132U,千如國票65售01,0,,,,
73133U,立端國票65售01,6700,0.67,0.67,0.67,0.67
73134U,全宇昕國票65售03,0,,,,
73135U,宏碁資國票65售02,0,,,,
73136U,長科*國票65售02,0,,,,
73137U,胡連國票65售01,0,,,,
73138U,晶呈國票65售02,10700,1.07,1.07,1.07,1.07
73139U,翔名國票65售02,0,,,,
73140U,廣閎科國票65售02,0,,,,
73141U,台燿台新63售03,3560,1.78,1.78,1.78,1.78
73142U,世界台新63售02,1440,1.44,1.44,1.44,1.44
73143U,欣銓台新63售02,0,,,,
73144U,頎邦台新63售05,91400,2.3,2.3,2.27,2.27
73145U,富喬凱基63售08,8900,1.78,1.78,1.78,1.78
73146U,穩懋凱基63售13,0,,,,
73147U,台燿永豐63售05,2080,1.04,1.04,1.04,1.04
73148U,富喬永豐63售02,14850,0.99,0.99,0.99,0.99
731495,英濟統一5B購01,43660,0.21,0.21,0.12,0.17
73149U,環球晶永豐63售10,3120,1.56,1.56,1.56,1.56
73150U,旺矽凱基63售09,0,,,,
73151U,弘塑元大63售11,0,,,,
73152U,旺矽元大63售04,0,,,,
73153U,富喬元大63售09,0,,,,
73154U,旺矽國票64售02,0,,,,
73155U,旺矽國票67售03,0,,,,
73156U,旺矽國票69售01,0,,,,
73157U,世界群益63售06,0,,,,
731584,群聯統一5B購01,11800,5.9,5.9,5.9,5.9
73158U,旺矽群益63售05,0,,,,
73159U,欣銓群益69售01,0,,,,
73160U,頎邦群益63售09,4140,1.38,1.38,1.38,1.38
732269,M31統一63購01,0,,,,
732271,千附統一59購01,800,0.04,0.04,0.04,0.04
732272,千附統一5B購01,0,,,,
732275,萬泰科統一59購01,0,,,,
732277,精剛統一59購02,0,,,,
732332,M31統一63購02,0,,,,
732545,晟德統一5A購01,5900,0.05,0.05,0.05,0.05
732586,印能統一5A購01,0,,,,
732653,光焱統一5A購01,0,,,,
733025,華星光統一5B購02,0,,,,
733248,宇峻統一5B購01,0,,,,
733332,大宇資統一5B購01,0,,,,
733411,美琪瑪統一61購01,0,,,,
733460,先進光統一5B購01,0,,,,
733461,先進光統一65購01,42540,0.44,0.45,0.42,0.42
733467,新應材統一5B購01,0,,,,
733471,營邦統一5B購01,78590,2.71,2.71,2.71,2.71
733560,大學光統一5B購01,0,,,,
733563,弘塑統一5B購01,0,,,,
733653,創惟統一5B購01,100,0.01,0.01,0.01,0.01
733654,創惟統一65購01,0,,,,
733655,創惟統一65購02,0,,,,
733656,創惟統一65購03,1500,0.05,0.05,0.05,0.05
733695,高端統一5B購01,0,,,,
733696,高端統一65購01,416980,0.65,0.66,0.64,0.66
733702,創惟統一5C購01,0,,,,
733760,高端統一65購02,0,,,,
733800,華星光統一5B購03,0,,,,
733958,新應材統一5C購01,1300,0.13,0.13,0.13,0.13
733959,新應材統一5C購02,0,,,,
733983,富喬統一5C購01,0,,,,
734209,華星光統一66購01,99010,3.59,3.68,3.5,3.5
734284,竹陞統一5C購01,0,,,,
734285,良維統一5A購01,0,,,,
734352,竹陞統一5C購02,0,,,,
734355,南俊統一5C購01,0,,,,
734508,台燿統一5C購01,0,,,,
734519,建榮統一5C購01,0,,,,
734521,智通*統一5C購01,0,,,,
734707,智通*統一5C購02,0,,,,
734708,新漢統一5C購01,0,,,,
734710,雙鴻統一62購01,0,,,,
734782,宇峻統一5C購01,0,,,,
734783,均華統一5C購01,0,,,,
734785,萬潤統一5C購01,0,,,,
734873,前鼎統一5C購01,0,,,,
734874,威剛統一5C購01,0,,,,
734994,新應材統一62購01,0,,,,
735028,新應材元富63購01,7600,0.76,0.76,0.76,0.76
735029,新應材元富64購01,0,,,,
735271,波若威統一62購01,0,,,,
735304,華景電統一5A購01,0,,,,
735306,順達統一5C購01,0,,,,
735512,華星光統一61購03,0,,,,
735557,波若威統一63購01,9850,9.85,9.85,9.85,9.85
735647,久禾光統一61購01,0,,,,
735648,久禾光統一63購01,0,,,,
735654,信紘科統一5A購01,7740,0.09,0.09,0.09,0.09
735658,彩富統一5B購01,0,,,,
735659,彩富統一61購01,1980,0.18,0.18,0.18,0.18
735660,彩富統一63購01,180,0.18,0.18,0.18,0.18
735661,富喬統一5A購01,0,,,,
735665,意德士統一61購01,0,,,,
735724,久禾光統一61購02,0,,,,
735848,生合統一63購01,0,,,,
735849,均華統一63購01,0,,,,
735852,宏觀統一61購01,1560,0.13,0.13,0.13,0.13
735853,旺矽統一61購01,0,,,,
735855,南俊統一61購01,0,,,,
736081,均華統一63購02,5300,0.53,0.53,0.53,0.53
736082,均豪統一61購01,0,,,,
736153,台燿統一61購01,0,,,,
736154,立碁統一61購01,48060,0.93,0.94,0.92,0.92
736156,均華統一5C購02,0,,,,
736160,金居統一62購01,163500,13.8,13.8,13.5,13.6
736243,宜特統一61購01,1400,0.2,0.2,0.2,0.2
736244,金居統一61購01,0,,,,
736249,家登統一61購01,0,,,,
736349,安國統一63購01,13600,0.4,0.4,0.4,0.4
736350,安國統一65購01,0,,,,
736351,安國統一66購01,32850,0.12,0.14,0.12,0.14
736352,安國統一67購01,0,,,,
736353,安國統一67購02,0,,,,
736354,安國統一67購03,580,0.29,0.29,0.29,0.29
736360,閎康統一5B購01,0,,,,
736427,M31統一61購03,0,,,,
736431,宏捷科統一61購01,0,,,,
736443,雙鴻統一62購02,13520,1.48,1.53,1.48,1.53
736444,穩懋統一61購01,0,,,,
736474,中美晶統一5A購01,87000,0.87,0.87,0.87,0.87
736476,系微統一5B購01,0,,,,
736477,神盾統一5A購01,0,,,,
736478,新盛力統一67購01,0,,,,
736479,漢磊統一61購01,537120,1.21,1.33,1.1,1.23
736480,廣運統一61購01,0,,,,
736586,神盾統一5C購01,0,,,,
736604,元債20凱基67購01,0,,,,
736736,力旺統一61購01,2480,2.48,2.48,2.48,2.48
736740,安國統一59購01,0,,,,
736741,安國統一61購01,2520,0.06,0.06,0.06,0.06
736834,中光電統一59購01,0,,,,
736933,系統電統一59購02,0,,,,
736934,金居統一5B購01,58650,8.3,8.75,8.3,8.4
736935,前鼎統一5B購01,0,,,,
736938,晶呈統一5B購01,0,,,,
736997,華景電統一59購01,0,,,,
737015,中美晶國票59購01,0,,,,
737086,良維統一62購01,0,,,,
737088,富喬統一5A購02,0,,,,
737153,正基統一5A購01,0,,,,
737161,富喬統一5A購03,0,,,,
737198,智通*國票5B購01,152520,1.64,1.64,1.64,1.64
737321,立碁統一5C購01,6870,0.79,0.79,0.74,0.74
737801,漢磊國票5B購01,72200,3.4,4.2,3.4,3.8
737929,台燿統一5A購01,0,,,,
737930,晶呈統一5C購01,1710,1.71,1.71,1.71,1.71
737933,譜瑞統一5B購01,100,0.01,0.01,0.01,0.01
738131,中光電統一5B購01,0,,,,
738135,台燿統一5C購02,0,,,,
738137,亞信統一5B購01,3680,0.23,0.23,0.23,0.23
738138,亞信統一64購01,290,0.29,0.29,0.29,0.29
738140,美琪瑪統一64購01,0,,,,
738144,順達統一5B購02,0,,,,
738145,順達統一5C購02,0,,,,
738150,漢科統一5B購01,0,,,,
738151,漢科統一5C購01,550,0.11,0.11,0.11,0.11
738152,精測統一5B購01,0,,,,
738153,精測統一64購01,0,,,,
738154,廣明統一64購01,0,,,,
738155,擎亞統一5B購01,0,,,,
738156,譜瑞統一5C購01,0,,,,
738157,譜瑞統一64購01,800,0.16,0.16,0.16,0.16
738183,凡甲統一5C購01,1520,0.38,0.38,0.38,0.38
738184,世禾統一5B購01,0,,,,
738187,昱展統一64購01,0,,,,
738190,順達統一5A購01,0,,,,
738191,聖暉*統一5A購02,0,,,,
738192,聖暉*統一64購01,0,,,,
738281,M31統一5B購01,8940,0.19,0.19,0.17,0.17
738282,M31統一5C購01,2700,0.09,0.09,0.09,0.09
738284,千附精統一59購03,133080,1.11,1.11,1.07,1.1
738285,旺矽統一63購01,0,,,,
738286,信紘科統一64購01,0,,,,
738288,新應材統一64購01,370,0.37,0.37,0.37,0.37
738291,環球晶統一64購01,0,,,,
738567,精測國票5B購01,0,,,,
738726,宏捷科國票5B購01,0,,,,
738736,M31統一5C購02,300,0.1,0.1,0.1,0.1
738737,M31統一62購04,0,,,,
738741,生合統一63購02,0,,,,
738743,宏觀統一5C購01,0,,,,
738746,朋程統一5C購01,0,,,,
738747,長佳智統一5C購01,0,,,,
738748,信紘科統一5C購01,0,,,,
738754,晶焱統一5C購01,0,,,,
738757,順達統一5C購03,0,,,,
738758,萬泰科統一5C購01,0,,,,
738760,群翊統一5C購01,200,0.2,0.2,0.2,0.2
738762,寬宏統一65購01,0,,,,
738764,廣明統一5C購01,0,,,,
738767,耀勝統一5C購01,0,,,,
738802,精測群益5C購01,0,,,,
738931,M31統一5C購03,0,,,,
738933,世禾統一5C購01,0,,,,
738934,台半統一5C購01,0,,,,
738938,永信建統一5C購01,0,,,,
738940,旺矽統一65購01,0,,,,
738943,湧德統一5C購01,1100,0.22,0.22,0.22,0.22
738944,順達統一5C購04,120,0.12,0.12,0.12,0.12
738947,精測統一65購01,8850,1.77,1.77,1.77,1.77
739071,旺矽國票5A購01,0,,,,
739284,威剛國票5B購01,0,,,,
739372,力旺統一5C購01,480330,0.51,0.7,0.51,0.7
739373,生合統一5C購01,0,,,,
739375,合晶統一5C購01,0,,,,
739376,均豪統一5B購01,700,0.07,0.07,0.07,0.07
739378,宜鼎統一5C購01,0,,,,
739379,宜鼎統一5C購02,0,,,,
739380,欣銓統一64購01,0,,,,
739381,信驊統一5C購01,0,,,,
739382,威剛統一5C購02,0,,,,
739383,威剛統一64購01,32800,4.1,4.1,4.1,4.1
739384,鈊象統一5C購01,0,,,,
739385,萬泰科統一64購01,0,,,,
739386,群翊統一5C購02,0,,,,
739387,精材統一5C購01,6820,3.5,3.5,3.32,3.32
739388,德微統一5C購01,0,,,,
739425,泰茂國票5A購01,30,0.03,0.03,0.03,0.03
739441,中光電統一5B購02,0,,,,
739442,中美晶統一5C購01,7650,0.5,0.73,0.48,0.73
739443,永信建統一5C購02,0,,,,
739446,宜鼎統一5C購03,0,,,,
739447,朋程統一5C購02,0,,,,
739453,振曜統一5C購01,0,,,,
739454,能率統一5B購01,0,,,,
739460,環球晶統一64購02,37650,1.76,2.45,1.76,2.45
739519,系微統一5C購02,0,,,,
739520,旺矽統一5B購01,0,,,,
739522,廣運統一5C購01,0,,,,
739523,擎亞統一5C購01,0,,,,
739549,聯合國票5A購01,0,,,,
739639,大宇資統一5C購01,0,,,,
739641,台燿統一64購01,0,,,,
739642,弘塑統一5C購01,0,,,,
739643,合晶統一5B購01,0,,,,
739644,合晶統一5C購02,0,,,,
739645,均豪統一5C購01,0,,,,
739646,昇佳電統一5C購01,0,,,,
739647,昇佳電統一5C購02,0,,,,
739648,創惟統一5C購02,0,,,,
739649,新漢統一64購01,0,,,,
739650,萬泰科統一5C購02,0,,,,
739651,德微統一5C購02,0,,,,
739652,耀勝統一5C購02,0,,,,
739841,世界國票5C購01,0,,,,
739842,威剛國票5A購01,0,,,,
739856,系微元大59購01,0,,,,
739858,昇達科元大59購01,0,,,,
739913,旺矽國票5B購01,0,,,,
739986,廣明國票5B購01,0,,,,
7402,邑錡,18317762,100.0,102.0,99.9,100.0
7547,碩網,5340597,52.1,54.3,52.1,54.0
7556,意德士,4521670,258.5,262.0,256.5,262.0
7584,樂意,195680,27.35,27.8,27.1,27.1
7642,昶瑞機電,617110,68.5,69.0,68.3,68.6
7703,銳澤,19393971,200.0,203.5,200.0,201.0
7704,明遠精密,1051315,62.1,62.1,61.6,61.9
7708,全家餐飲,760199,91.9,92.0,91.9,92.0
7709,榮田,10357320,89.5,89.5,84.0,85.5
7712,博盛半導體,120808338,160.0,171.0,159.0,166.0
7713,威力德生醫,889090,73.9,74.5,73.9,74.0
7714,創泓科技,33437562,163.5,165.0,161.5,162.0
7715,裕山,1600655,27.85,27.85,27.1,27.2
7716,昱臺國際,23900,23.9,23.9,23.9,23.9
7717,萊德光電-KY,978223626,601.0,631.0,596.0,608.0
7718,友鋮,1108957,46.75,46.75,45.7,46.0
7723,築間,1129306,18.35,18.45,18.25,18.35
7728,光焱科技,24368610,580.0,591.0,576.0,589.0
7734,印能科技,300498325,2560.0,2610.0,2550.0,2580.0
7738,東聯互動,5522261,157.0,157.0,154.0,156.0
7743,金利食安,1326188,25.0,25.15,24.75,25.0
7744,崴寶,41217535,545.0,546.0,530.0,534.0
7747,昕奇雲端,929647,113.5,113.5,112.0,113.5
7751,竑騰,75466470,1420.0,1440.0,1410.0,1435.0
7753,星亞,391274,35.75,35.8,35.35,35.5
7757,金色三麥,2395713,88.1,90.3,86.9,89.2
7767,仁大資訊,186350,46.65,46.65,46.4,46.65
7770,君曜,867900,39.9,40.2,39.2,39.5
7772,耀穎,493582592,199.0,199.0,171.0,173.5
7777,能率亞洲,20218187,36.0,36.0,35.5,35.5
7782,光速火箭,50600,25.3,25.3,25.3,25.3
7792,安葆,1060501553,378.5,415.5,378.0,415.5
7794,宏碁智新,518946,30.8,30.8,30.2,30.2
7805,威聯通,20099483,504.0,508.0,499.0,500.0
7810,捷創科技,99484428,231.0,240.0,226.5,234.5
7811,民盛,146356,73.0,73.0,73.0,73.0
7814,海昌生技,763350,28.3,28.3,28.15,28.2
7819,精誠金融,173156,34.4,34.5,34.35,34.4
7820,立盈,1548930,104.0,107.0,103.5,106.5
7825,和亞智慧,14581149,75.3,76.8,74.8,74.8
7828,創新服務,619840190,1940.0,2025.0,1910.0,1970.0
7839,達人網,623340,43.0,43.3,42.95,43.0
7842,天能綠電,985146,98.5,98.5,95.2,96.2
7856,漢測,2957653110,4800.0,4800.0,4520.0,4730.0
8024,佑華,526033,12.7,12.7,12.4,12.55
8027,鈦昇,265936407,183.0,185.0,176.0,176.5
8032,光菱,682770,35.75,36.25,35.7,36.0
8034,榮群,1398588,21.1,21.1,20.55,20.55
8038,長園科,3549044,32.3,33.0,32.05,32.55
8040,九暘,638075713,86.8,93.0,85.4,91.1
8042,金山電,200741722,112.5,115.5,111.5,111.5
8043,蜜望實,148446717,132.5,136.0,131.5,131.5
8044,網家,4627990,23.85,24.0,23.75,24.0
8047,星雲,1855531,42.0,45.8,42.0,45.75
8048,德勝,9251167,48.85,50.3,48.6,50.0
8049,晶采,2028258,24.5,24.6,24.35,24.45
8050,廣積,57755473,59.9,60.5,59.2,59.3
8054,安國,86569643,87.0,87.9,84.4,84.5
8059,凱碩,6584184,17.6,18.0,16.85,17.6
8064,東捷,613239361,135.0,137.5,133.0,133.0
8066,來思達,127929,15.15,15.15,14.9,15.15
8067,志旭,242719,11.5,11.55,11.25,11.25
8068,全達,31242220,18.35,18.95,18.0,18.5
8069,元太,841677554,146.5,148.0,144.0,144.0
8071,能率網通,2849673,21.85,22.05,21.8,21.8
8074,鉅橡,9715278,52.0,52.0,50.5,50.6
8076,伍豐,8057705,21.4,21.6,21.4,21.5
8077,洛碁,52987,,,,
8080,泰霖,828664,28.2,29.1,28.1,28.15
8083,瑞穎,9238031,156.0,156.0,154.5,155.0
8084,巨虹,122148081,40.7,40.7,36.75,36.75
8085,福華,2003998,14.5,14.5,14.1,14.2
8086,宏捷科,155873230,111.0,112.0,108.5,109.0
8087,麗升能源,120815,24.75,24.75,24.45,24.45
8088,品安,8763348,42.8,43.0,42.2,42.2
8089,康全電訊,2340020,19.15,19.7,19.15,19.5
8091,翔名,36434769,218.0,218.0,215.5,216.0
8092,建暐,2000271,12.9,13.05,12.65,12.95
8093,保銳,48400,24.55,24.55,23.85,23.85
8096,擎亞,265888329,85.6,86.4,83.4,83.9
8097,常珵,1858596,49.4,49.4,48.7,48.7
8099,大世科,1464972,60.6,60.6,60.1,60.5
8102,傑霖科技,363304,61.0,61.0,60.0,60.1
8107,大億金茂,459643,12.1,12.2,12.0,12.2
8109,博大,16731823,131.0,132.0,130.5,132.0
8111,立碁,597640830,76.5,77.4,74.1,74.1
8121,越峰,13181923,28.0,28.55,27.9,27.9
8147,正淩,22057786,136.5,139.5,135.0,137.5
8155,博智,236507275,350.5,351.0,335.5,347.0
8171,天宇,5355738,20.75,21.2,20.6,20.65
8176,智捷,1066349,9.72,9.86,9.68,9.78
8182,加高,105411982,40.05,41.95,39.3,40.45
8227,巨有科技,282727999,308.5,310.0,290.0,310.0
8234,新漢,13587173,61.8,61.8,60.7,60.7
8240,華宏,28612775,51.9,52.7,50.6,52.0
8255,朋程,147781616,141.5,148.0,141.0,141.0
8272,全景軟體,585100,64.5,64.8,63.6,64.8
8277,商丞,1451241,15.65,16.0,15.55,15.75
8279,生展,941360,78.1,78.9,78.0,78.1
8284,三竹,98701,68.3,68.3,68.3,68.3
8289,泰藝,30169312,44.65,45.8,43.95,44.45
8291,尚茂,361638,29.5,29.8,29.1,29.8
8299,群聯,16782256590,2280.0,2350.0,2200.0,2215.0
8342,益張,426370,85.2,85.3,85.2,85.2
8349,恒耀,4433869,37.95,38.45,37.7,38.45
8349A,恒耀甲特,0,,,,
8354,冠好,157006,17.0,17.2,16.95,17.2
8358,金居,1017659974,498.0,502.0,490.0,497.0
8383,千附,28982585,66.6,67.0,66.0,66.1
8390,金益鼎,17756152,90.4,91.0,90.2,90.4
8401,白紗科,811776,22.6,22.6,22.5,22.55
8403,盛弘,1611972,19.0,19.2,18.95,19.0
8409,商之器,109621,18.1,18.35,18.1,18.3
8410,森田,7000474,28.7,28.7,27.8,28.2
8415,大國鋼,3954214,35.1,35.3,35.05,35.15
8416,實威,479874,168.5,168.5,168.5,168.5
8421,旭源,755427,12.8,12.9,12.7,12.8
8423,保綠-KY,396431,18.1,18.1,17.95,17.95
8424,惠普,152827,68.8,68.8,68.8,68.8
8426,紅木-KY,306550,20.45,20.6,20.3,20.5
8431,匯鑽科,69731634,64.0,64.6,62.3,63.2
8432,東生華,1109153,50.4,50.7,50.1,50.7
8433,弘帆,810622,53.0,53.0,52.8,52.8
8435,鉅邁,1726467,52.8,53.0,52.8,52.8
8436,大江,36912779,105.0,106.5,105.0,105.0
8437,大地-KY,615192,9.1,9.89,9.08,9.87
8440,綠電,960915,20.05,20.35,20.05,20.35
8444,綠河-KY,22824,4.35,4.44,4.3,4.44
8446,華研,2100553,84.7,85.0,84.1,84.1
8450,霹靂,342232,14.65,14.65,14.2,14.3
8455,大拓-KY,225898,22.35,22.35,22.35,22.35
8472,納維康,312900,78.0,78.3,78.0,78.3
8477,創業家,461578,14.25,14.5,14.25,14.5
8489,三貝德,3588247,23.4,23.4,22.5,22.65
8905,裕國,183137,35.0,35.0,34.8,34.8
8906,花王,275290,29.0,29.45,29.0,29.45
8908,欣雄,2884043,40.5,40.5,40.0,40.0
8916,光隆,899028,40.95,40.95,40.75,40.9
8917,欣泰,441831,54.0,55.0,54.0,55.0
8921,沈氏,76,,,,
8923,時報,0,,,,
8924,大田,2296956,49.9,49.9,49.5,49.5
8927,北基,3336205,19.1,19.25,18.85,19.1
8928,鉅明,622650,23.4,23.4,23.0,23.0
8929,富堡,213168,12.85,12.9,12.75,12.8
8930,青鋼,935575,29.0,29.0,28.5,28.9
8931,大汽電,4294895,43.2,43.2,42.6,43.0
8932,智通*,100378259,95.1,95.1,92.2,93.2
8933,愛地雅,402122,4.36,4.5,4.36,4.5
8935,邦泰,1279170,17.3,17.5,17.25,17.3
8936,國統,31322379,52.4,52.4,51.9,52.0
8937,合騏*,2451101,27.4,27.65,27.15,27.2
8938,明安,2876507,52.9,53.0,52.3,52.3
8941,關中,136770,43.95,44.0,43.95,43.95
8942,森鉅,4953789,40.7,40.7,40.55,40.6
9949,琉園,2868457,23.95,24.65,23.95,24.0
9950,萬國通,163634,10.15,10.15,10.15,10.15
9951,皇田,2844119,48.1,48.2,47.95,48.0
9960,邁達康,6566623,35.25,38.7,32.75,37.6
9962,有益,624661,9.97,10.0,9.92,10.0
